questionUid,sourceJsPath,examId,id,displayNo,sourceOrdinal,curriculumVersion,standardCourse,standardUnitKey,standardUnit,standardUnitOrder,subUnitKey,subUnit,subUnitConfidence,subUnitClassificationDepth,questionType,layoutTag,wide,tags,contentHash,choicesHash,answerHash,solutionHash,problemImageRef,problemImageHash,solutionImageRef,solutionImageHash,inlineSvgCount,sourceValidityStatus,independentAnswer,answerParity,solutionQualityStatus,curriculumStatus,visualRequirement,visualRequirementCandidate,visualReasonCode,visualMarkers,visualType,problemVisualSufficiency,scalePolicy,existingSvgStatus,svgRepairStatus,factObligationSet,expectedFactHash,observedFactHash,numericParity,semanticParity,styleLintStatus,renderStatus,metadataStatus,metadataReason,finalVerdict,evidenceRef,assetRefs,questionIndexParity,qKey,sourceFileSha256,solutionPresent,answerValue,scopeStatus,sharedAssetUid,dependencyQuestionUids,dependencyClosureStatus
archive/exams/original/high/h1/1final/24_금당고_1학기_기말_고1_기출.js|24_금당고_1학기_기말_고1_기출|12,archive/exams/original/high/h1/1final/24_금당고_1학기_기말_고1_기출.js,24_금당고_1학기_기말_고1_기출,12,12,12,2015,수학(하),H15-SB-03,함수,3,H15-SB-03-FUNCTION_RELATION,함수의 뜻과 대응,rule_inferred,complete_rule,객관식,grid,false,그래프,27561a0e606e6c3ac6cc03947b7d0927f6e5be2dca5d18919c4891a3b807c0f7,919750a1723f84977200598bf00d240cfc5f227f25cd5ea458e6b25a0fbcd06e,973d2fd2f97e26a666f403b12da6d87e527985b36bcf4ff0a47c7e7e8c36321a,89a295b173d98d927a98109ccebecaf2cd43960e52a23e45fc967f4ad42e6065,assets/images/24_금당고_1학기_기말_고1_기출/q12.png,511a441e4edeec88875a494ec793b42813afc4829809e285f56a8678e9ee956e,,,0,LOADED_VM,,NOT_STARTED,NOT_STARTED,NOT_STARTED,SVG_REQUIRED_MISSING,SVG_REQUIRED_MISSING,GRAPH_OR_FUNCTION_STRUCTURE,,GRAPH_CANDIDATE,PROBLEM_VISUAL_PRESENT,REVIEW_REQUIRED,NONE,NOT_STARTED,,,,NOT_STARTED,NOT_STARTED,NOT_STARTED,NOT_TESTED,PASS,canonical_and_compiled_master_match,INVENTORY_PENDING,01_scope_inventory.csv#archive/exams/original/high/h1/1final/24_금당고_1학기_기말_고1_기출.js|24_금당고_1학기_기말_고1_기출|12,[object Object],INDEX_RECORD_PRESENT,original/high/h1/1final/24_금당고_1학기_기말_고1_기출.js_12,7240952c798ac9650218ce775dee041b4040d9b5db0e3e072906b84d4c281580,true,①,IN_SCOPE_FORWARD,,,CLOSED_NO_SHARED_ASSET
archive/exams/original/high/h1/2final/21_강남여고_2학기_기말_고1_기출.js|21_강남여고_2학기_기말_고1_기출|11,archive/exams/original/high/h1/2final/21_강남여고_2학기_기말_고1_기출.js,21_강남여고_2학기_기말_고1_기출,11,11,11,2015,수학(하),H15-SB-03,함수,3,H15-SB-03-COMPOSITE_FUNCTION,합성함수,category_or_cue_inferred,complete_category,객관식,grid,false,도형,4238de2d9f7e1173a4f6c701bd1622b8fbb7405af57e7d102515b2c1c33ea709,916be8aac9364e08d9d3c0ca14dab6e96ca354095a56a461718423271d600c2a,b15be6cb71072b84f7e1e198ce023fc5bb8b1e625335904ddcf3cffcd8b7312b,18d87c759139e7ee7664c0d11ab0e458f33996aebfd6464470fcdba111da9d28,assets/images/21_강남여고_2학기_기말_고1_기출/q11.png,f1a1de270e99ba7f81316c1034b450b3842a3ee2dc88cd0e052379b43466de6b,,,0,LOADED_VM,,NOT_STARTED,NOT_STARTED,NOT_STARTED,SVG_REQUIRED_MISSING,SVG_REQUIRED_MISSING,COORDINATE_OR_GEOMETRY_STRUCTURE,,VISUAL_CANDIDATE,PROBLEM_VISUAL_PRESENT,REVIEW_REQUIRED,NONE,NOT_STARTED,,,,NOT_STARTED,NOT_STARTED,NOT_STARTED,NOT_TESTED,PASS,canonical_and_compiled_master_match,INVENTORY_PENDING,01_scope_inventory.csv#archive/exams/original/high/h1/2final/21_강남여고_2학기_기말_고1_기출.js|21_강남여고_2학기_기말_고1_기출|11,[object Object],INDEX_RECORD_PRESENT,original/high/h1/2final/21_강남여고_2학기_기말_고1_기출.js_11,a22ca9d3d525091a36da478ba3849228f3ecd3140ca4139d73f1c7b47a53b4fa,true,③,IN_SCOPE_FORWARD,,,CLOSED_NO_SHARED_ASSET
archive/exams/original/high/h1/2final/21_강남여고_2학기_기말_고1_기출.js|21_강남여고_2학기_기말_고1_기출|14,archive/exams/original/high/h1/2final/21_강남여고_2학기_기말_고1_기출.js,21_강남여고_2학기_기말_고1_기출,14,14,14,2015,수학(하),H15-SB-03,함수,3,H15-SB-03-FUNCTION_RELATION,함수의 뜻과 대응,category_or_cue_inferred,complete_category,객관식,grid,false,그래프,28442a048aac152f3ff5f3e170ae2d529f5256245df7f1556ee0cfee0a63d334,78627b726c4ffcef4163aa61e6a039d5e8614df7bed731e3679b517f7a3b6aa7,973d2fd2f97e26a666f403b12da6d87e527985b36bcf4ff0a47c7e7e8c36321a,f8738cac3748178d8102a7c07f46600cc005a3dc15f98eb807b9a517bd0e6d96,,,assets/images/21_강남여고_2학기_기말_고1_기출/q14-solution.svg,bd017230b31cce748bf193156877754a47cc34a33f0648933204b62e043446fb,0,LOADED_VM,,NOT_STARTED,NOT_STARTED,NOT_STARTED,SOURCE_REVIEW,SOURCE_REVIEW,GRAPH_OR_FUNCTION_STRUCTURE|COORDINATE_OR_GEOMETRY_STRUCTURE,,SVG,NO_PROBLEM_VISUAL,REVIEW_REQUIRED,SOLUTION_SVG,NOT_STARTED,,,cedd15cd4e7a350fd367a348122633742484db6b2d4ceea6f8e3f50bfec54ce0,NOT_STARTED,NOT_STARTED,NOT_STARTED,NOT_TESTED,PASS,canonical_and_compiled_master_match,INVENTORY_PENDING,01_scope_inventory.csv#archive/exams/original/high/h1/2final/21_강남여고_2학기_기말_고1_기출.js|21_강남여고_2학기_기말_고1_기출|14,[object Object],INDEX_RECORD_PRESENT,original/high/h1/2final/21_강남여고_2학기_기말_고1_기출.js_14,a22ca9d3d525091a36da478ba3849228f3ecd3140ca4139d73f1c7b47a53b4fa,true,①,IN_SCOPE_FORWARD,,,CLOSED_NO_SHARED_ASSET
archive/exams/original/high/h1/2final/21_강남여고_2학기_기말_고1_기출.js|21_강남여고_2학기_기말_고1_기출|23,archive/exams/original/high/h1/2final/21_강남여고_2학기_기말_고1_기출.js,21_강남여고_2학기_기말_고1_기출,23,23,23,2015,수학(하),H15-SB-03,함수,3,H15-SB-03-INVERSE_FUNCTION,역함수,category_or_cue_inferred,complete_category,객관식,grid,false,그래프,9a92dadcbebafe8c27c2aed66ff8e03792214b106aa8e4223e415ae8c72e17ec,33df25322b696566a74a473e6940f30d5f9cef7ece09c5631ef8d9de89413abe,b15be6cb71072b84f7e1e198ce023fc5bb8b1e625335904ddcf3cffcd8b7312b,4fa775df47ee2df6e8ceb72dc2e4b4a12b41e163b05924bb5ff73a0baa2534f4,assets/images/21_강남여고_2학기_기말_고1_기출/q23.png,ad20d0f5e73b133f91f7c22bbbafa9e40fcb3bf84ac1b8440c9f0177a87f07c3,assets/images/21_강남여고_2학기_기말_고1_기출/q23-solution.svg,769de7b0f9d21e37a4c23a095fa206941b47275a7730b636be638516c2719036,0,LOADED_VM,,NOT_STARTED,NOT_STARTED,NOT_STARTED,SOURCE_REVIEW,SOURCE_REVIEW,GRAPH_OR_FUNCTION_STRUCTURE|COORDINATE_OR_GEOMETRY_STRUCTURE|TABLE_OR_MATRIX_STRUCTURE,,SVG,PROBLEM_VISUAL_PRESENT,REVIEW_REQUIRED,SOLUTION_SVG,NOT_STARTED,,,e15df23600d8f51fef1211c63438826e8e99faa4891a20a9a9517abd4ecc6285,NOT_STARTED,NOT_STARTED,NOT_STARTED,NOT_TESTED,PASS,canonical_and_compiled_master_match,INVENTORY_PENDING,01_scope_inventory.csv#archive/exams/original/high/h1/2final/21_강남여고_2학기_기말_고1_기출.js|21_강남여고_2학기_기말_고1_기출|23,[object Object]|[object Object],INDEX_RECORD_PRESENT,original/high/h1/2final/21_강남여고_2학기_기말_고1_기출.js_23,a22ca9d3d525091a36da478ba3849228f3ecd3140ca4139d73f1c7b47a53b4fa,true,③,IN_SCOPE_FORWARD,,,CLOSED_NO_SHARED_ASSET
archive/exams/original/high/h1/2final/21_강남여고_2학기_기말_고1_기출.js|21_강남여고_2학기_기말_고1_기출|25,archive/exams/original/high/h1/2final/21_강남여고_2학기_기말_고1_기출.js,21_강남여고_2학기_기말_고1_기출,25,25,25,2015,수학(하),H15-SB-03,함수,3,H15-SB-03-FUNCTION_RELATION,함수의 뜻과 대응,category_or_cue_inferred,complete_category,객관식,grid,false,,0eea419dd8220d86c853d79221fa922b48e3d63af1e51dd6a2fde72f4097aeb9,f6957318ff2a17316085de8379a810e3c1ecb3f2e62f2de4467e379b5f6e5ab1,973d2fd2f97e26a666f403b12da6d87e527985b36bcf4ff0a47c7e7e8c36321a,520f7ca0f881ce3e2e33a654e8cc534eb3bed0b23e72ef1e37423a3a729d5ab1,,,,,0,LOADED_VM,,NOT_STARTED,NOT_STARTED,NOT_STARTED,SVG_REQUIRED_MISSING,SVG_REQUIRED_MISSING,SET_OR_LOGIC_STRUCTURE,,VISUAL_CANDIDATE,NO_PROBLEM_VISUAL,SCHEMATIC_OR_REVIEW,NONE,NOT_STARTED,,,,NOT_STARTED,NOT_STARTED,NOT_STARTED,NOT_TESTED,PASS,canonical_and_compiled_master_match,INVENTORY_PENDING,01_scope_inventory.csv#archive/exams/original/high/h1/2final/21_강남여고_2학기_기말_고1_기출.js|21_강남여고_2학기_기말_고1_기출|25,,INDEX_RECORD_PRESENT,original/high/h1/2final/21_강남여고_2학기_기말_고1_기출.js_25,a22ca9d3d525091a36da478ba3849228f3ecd3140ca4139d73f1c7b47a53b4fa,true,①,IN_SCOPE_FORWARD,,,CLOSED_NO_SHARED_ASSET
archive/exams/original/high/h1/2final/21_금당고_2학기_기말_고1_기출.js|21_금당고_2학기_기말_고1_기출|3,archive/exams/original/high/h1/2final/21_금당고_2학기_기말_고1_기출.js,21_금당고_2학기_기말_고1_기출,3,3,3,2015,수학(하),H15-SB-03,함수,3,H15-SB-03-FUNCTION_RELATION,함수의 뜻과 대응,rule_inferred,complete_rule,객관식,grid,false,,378047b0718dde4b009560308491f0add33ef1658475352fe24c185f899b61f7,e0a2d515b9432b7ce272fe4d09d2234810d327b803650316fda86b74a012a5e6,d41ea6521f53fb3dfa10cf72e2932f4405d9c999fa422cdc840d25d57e90dd34,9bca810b3ca8c157eeba6595d5e0d93ef46403993cc50c74a2dac43b71eff741,,,,,0,LOADED_VM,,NOT_STARTED,NOT_STARTED,NOT_STARTED,SVG_OPTIONAL,SVG_OPTIONAL,,,NONE,NO_PROBLEM_VISUAL,N/A,NONE,NOT_STARTED,,,,NOT_STARTED,NOT_STARTED,NOT_STARTED,NOT_TESTED,PASS,canonical_and_compiled_master_match,INVENTORY_PENDING,01_scope_inventory.csv#archive/exams/original/high/h1/2final/21_금당고_2학기_기말_고1_기출.js|21_금당고_2학기_기말_고1_기출|3,,INDEX_RECORD_PRESENT,original/high/h1/2final/21_금당고_2학기_기말_고1_기출.js_3,f57a459d83644ea31d0d9f4c030f95af6a8a43d526e99190686d9d69778df173,true,④,IN_SCOPE_FORWARD,,,CLOSED_NO_SHARED_ASSET
archive/exams/original/high/h1/2final/21_금당고_2학기_기말_고1_기출.js|21_금당고_2학기_기말_고1_기출|8,archive/exams/original/high/h1/2final/21_금당고_2학기_기말_고1_기출.js,21_금당고_2학기_기말_고1_기출,8,8,8,2015,수학(하),H15-SB-03,함수,3,H15-SB-03-INVERSE_FUNCTION,역함수,rule_inferred,complete_rule,객관식,grid,false,그래프,1b1ee15ae4b36f45a6f55408d189d0126ec03c8e970b6080781d0fbb48f669e7,b5c147f1347f2c0f0b4339919f68f8b1abd21e6a1fb0ad59cbfd6fc5d0700d2a,b15be6cb71072b84f7e1e198ce023fc5bb8b1e625335904ddcf3cffcd8b7312b,204668b30fba478ad08d01fbadff466813e90b8ae2f7740c64ebca5b1bd00224,,,assets/images/21_금당고_2학기_기말_고1_기출/q08-solution.svg,aa098268d92d5b64174b1f03fc60e1cb89dfe81ef6e07fd40c61085ad5615f07,0,LOADED_VM,,NOT_STARTED,NOT_STARTED,NOT_STARTED,SOURCE_REVIEW,SOURCE_REVIEW,GRAPH_OR_FUNCTION_STRUCTURE|COORDINATE_OR_GEOMETRY_STRUCTURE,,SVG,NO_PROBLEM_VISUAL,REVIEW_REQUIRED,SOLUTION_SVG,NOT_STARTED,,,f943179e9fb758d4920a2ce187aaf5182ecedfb8d154979b73c2e150a58d015d,NOT_STARTED,NOT_STARTED,NOT_STARTED,NOT_TESTED,PASS,canonical_and_compiled_master_match,INVENTORY_PENDING,01_scope_inventory.csv#archive/exams/original/high/h1/2final/21_금당고_2학기_기말_고1_기출.js|21_금당고_2학기_기말_고1_기출|8,[object Object],INDEX_RECORD_PRESENT,original/high/h1/2final/21_금당고_2학기_기말_고1_기출.js_8,f57a459d83644ea31d0d9f4c030f95af6a8a43d526e99190686d9d69778df173,true,③,IN_SCOPE_FORWARD,,,CLOSED_NO_SHARED_ASSET
archive/exams/original/high/h1/2final/21_금당고_2학기_기말_고1_기출.js|21_금당고_2학기_기말_고1_기출|11,archive/exams/original/high/h1/2final/21_금당고_2학기_기말_고1_기출.js,21_금당고_2학기_기말_고1_기출,11,11,11,2015,수학(하),H15-SB-03,함수,3,H15-SB-03-COMPOSITE_FUNCTION,합성함수,rule_inferred,complete_rule,객관식,grid,false,,bc4ec7e440ce4ae3103bbf5785fdae4e6fcfcec89aa16421ae97b5cecc1255d0,3d754ce0ae8235bfb6d423c61658f6b4de2ccce08948bcdd8737bf1d91726288,d41ea6521f53fb3dfa10cf72e2932f4405d9c999fa422cdc840d25d57e90dd34,c8924fccba4a4b919a97180dbf1007096f67f9c611a3b792786c18868c897a75,,,,,0,LOADED_VM,,NOT_STARTED,NOT_STARTED,NOT_STARTED,SVG_REQUIRED_MISSING,SVG_REQUIRED_MISSING,GRAPH_OR_FUNCTION_STRUCTURE,,GRAPH_CANDIDATE,NO_PROBLEM_VISUAL,REVIEW_REQUIRED,NONE,NOT_STARTED,,,,NOT_STARTED,NOT_STARTED,NOT_STARTED,NOT_TESTED,PASS,canonical_and_compiled_master_match,INVENTORY_PENDING,01_scope_inventory.csv#archive/exams/original/high/h1/2final/21_금당고_2학기_기말_고1_기출.js|21_금당고_2학기_기말_고1_기출|11,,INDEX_RECORD_PRESENT,original/high/h1/2final/21_금당고_2학기_기말_고1_기출.js_11,f57a459d83644ea31d0d9f4c030f95af6a8a43d526e99190686d9d69778df173,true,④,IN_SCOPE_FORWARD,,,CLOSED_NO_SHARED_ASSET
archive/exams/original/high/h1/2final/21_금당고_2학기_기말_고1_기출.js|21_금당고_2학기_기말_고1_기출|19,archive/exams/original/high/h1/2final/21_금당고_2학기_기말_고1_기출.js,21_금당고_2학기_기말_고1_기출,19,19,19,2015,수학(하),H15-SB-03,함수,3,H15-SB-03-INVERSE_FUNCTION,역함수,rule_inferred,complete_rule,객관식,grid,false,,f9f28f215fc866d5a7925ea281f0f591e02a70c7191c4cfd7f330e507c7a637c,8bcce73af7f71e39f6193ab45ec324deebc866b8734183f3866483ae434b26df,dfde05a3668030e99ca64d8d4ae5f6b64c7a87cee61c0ba43904b92ef210191d,96de2eafa9465e43775c6c4897d06e23524732a7f1a0abd6025cf0395eca98c3,,,,,0,LOADED_VM,,NOT_STARTED,NOT_STARTED,NOT_STARTED,SVG_REQUIRED_MISSING,SVG_REQUIRED_MISSING,SET_OR_LOGIC_STRUCTURE,,VISUAL_CANDIDATE,NO_PROBLEM_VISUAL,SCHEMATIC_OR_REVIEW,NONE,NOT_STARTED,,,,NOT_STARTED,NOT_STARTED,NOT_STARTED,NOT_TESTED,PASS,canonical_and_compiled_master_match,INVENTORY_PENDING,01_scope_inventory.csv#archive/exams/original/high/h1/2final/21_금당고_2학기_기말_고1_기출.js|21_금당고_2학기_기말_고1_기출|19,,INDEX_RECORD_PRESENT,original/high/h1/2final/21_금당고_2학기_기말_고1_기출.js_19,f57a459d83644ea31d0d9f4c030f95af6a8a43d526e99190686d9d69778df173,true,②,IN_SCOPE_FORWARD,,,CLOSED_NO_SHARED_ASSET
archive/exams/original/high/h1/2final/21_복성고_2학기_기말_고1_기출.js|21_복성고_2학기_기말_고1_기출|1,archive/exams/original/high/h1/2final/21_복성고_2학기_기말_고1_기출.js,21_복성고_2학기_기말_고1_기출,1,1,1,2015,수학(하),H15-SB-03,함수,3,H15-SB-03-INVERSE_FUNCTION,역함수,rule_inferred,complete_rule,객관식,grid,false,,5caa90a7d57cc3649135838f01343d8ce67cc8589748a94afe786b007dfdeab6,33df25322b696566a74a473e6940f30d5f9cef7ece09c5631ef8d9de89413abe,dfde05a3668030e99ca64d8d4ae5f6b64c7a87cee61c0ba43904b92ef210191d,39cee4bcb7d6667290dc7121c62cbfa08ab5240b3c9266af4697af63c2ed7566,assets/images/21_복성고_2학기_기말_고1_기출/q1.png,628639fb9b7d479e4c1c0e269eed5467e2a8da341ba706f58370359c488be37c,,,0,LOADED_VM,,NOT_STARTED,NOT_STARTED,NOT_STARTED,SVG_OPTIONAL,SVG_OPTIONAL,,,NONE,PROBLEM_VISUAL_PRESENT,N/A,NONE,NOT_STARTED,,,,NOT_STARTED,NOT_STARTED,NOT_STARTED,NOT_TESTED,PASS,canonical_and_compiled_master_match,INVENTORY_PENDING,01_scope_inventory.csv#archive/exams/original/high/h1/2final/21_복성고_2학기_기말_고1_기출.js|21_복성고_2학기_기말_고1_기출|1,[object Object],INDEX_RECORD_PRESENT,original/high/h1/2final/21_복성고_2학기_기말_고1_기출.js_1,2720c9ebef664969c3b3d690e0c15fb0c62689a2ff48836401f724791f003dff,true,②,IN_SCOPE_FORWARD,,,CLOSED_NO_SHARED_ASSET
archive/exams/original/high/h1/2final/21_복성고_2학기_기말_고1_기출.js|21_복성고_2학기_기말_고1_기출|2,archive/exams/original/high/h1/2final/21_복성고_2학기_기말_고1_기출.js,21_복성고_2학기_기말_고1_기출,2,2,2,2015,수학(하),H15-SB-03,함수,3,H15-SB-03-COMPOSITE_FUNCTION,합성함수,rule_inferred,complete_rule,객관식,grid,false,,762475db5cc4a5b4d511734551e6043bf28c5ea51e7b9a2f4d8aca9d93a7248d,ff782081a4cc25de5ebd8fdb3b10e93e0a2a8b181fb4cabb15c6d4c8f83c7224,d41ea6521f53fb3dfa10cf72e2932f4405d9c999fa422cdc840d25d57e90dd34,a94ca5547df64cc63c42a3251e2ec96bf799c159cb5a22910140eea5ae603e9e,,,,,0,LOADED_VM,,NOT_STARTED,NOT_STARTED,NOT_STARTED,SVG_OPTIONAL,SVG_OPTIONAL,,,NONE,NO_PROBLEM_VISUAL,N/A,NONE,NOT_STARTED,,,,NOT_STARTED,NOT_STARTED,NOT_STARTED,NOT_TESTED,PASS,canonical_and_compiled_master_match,INVENTORY_PENDING,01_scope_inventory.csv#archive/exams/original/high/h1/2final/21_복성고_2학기_기말_고1_기출.js|21_복성고_2학기_기말_고1_기출|2,,INDEX_RECORD_PRESENT,original/high/h1/2final/21_복성고_2학기_기말_고1_기출.js_2,2720c9ebef664969c3b3d690e0c15fb0c62689a2ff48836401f724791f003dff,true,④,IN_SCOPE_FORWARD,,,CLOSED_NO_SHARED_ASSET
archive/exams/original/high/h1/2final/21_복성고_2학기_기말_고1_기출.js|21_복성고_2학기_기말_고1_기출|7,archive/exams/original/high/h1/2final/21_복성고_2학기_기말_고1_기출.js,21_복성고_2학기_기말_고1_기출,7,7,7,2015,수학(하),H15-SB-03,함수,3,H15-SB-03-COMPOSITE_FUNCTION,합성함수,rule_inferred,complete_rule,객관식,grid,false,그래프,a2fa676b5659bed324ce4f34e6158f81bd8b2ec1dacd8b02f4a4db3eac4e7748,e93f514ab1c33b9641ce7905ba7d5fb0b9763505d7287f7c964649ea4d74edd3,973d2fd2f97e26a666f403b12da6d87e527985b36bcf4ff0a47c7e7e8c36321a,a28f7af722ccee5f16518cf5bdf0c00c1f6e2ff15da26558734277af0ae33e95,assets/images/21_복성고_2학기_기말_고1_기출/q7.png,1339a6b9d607dbfadea342c0d6dd4d253fc51d8f24d8863f2135446e0b43e409,,,0,LOADED_VM,,NOT_STARTED,NOT_STARTED,NOT_STARTED,SVG_REQUIRED_MISSING,SVG_REQUIRED_MISSING,GRAPH_OR_FUNCTION_STRUCTURE|COORDINATE_OR_GEOMETRY_STRUCTURE,,GRAPH_CANDIDATE,PROBLEM_VISUAL_PRESENT,REVIEW_REQUIRED,NONE,NOT_STARTED,,,,NOT_STARTED,NOT_STARTED,NOT_STARTED,NOT_TESTED,PASS,canonical_and_compiled_master_match,INVENTORY_PENDING,01_scope_inventory.csv#archive/exams/original/high/h1/2final/21_복성고_2학기_기말_고1_기출.js|21_복성고_2학기_기말_고1_기출|7,[object Object],INDEX_RECORD_PRESENT,original/high/h1/2final/21_복성고_2학기_기말_고1_기출.js_7,2720c9ebef664969c3b3d690e0c15fb0c62689a2ff48836401f724791f003dff,true,①,IN_SCOPE_FORWARD,,,CLOSED_NO_SHARED_ASSET
archive/exams/original/high/h1/2final/21_복성고_2학기_기말_고1_기출.js|21_복성고_2학기_기말_고1_기출|8,archive/exams/original/high/h1/2final/21_복성고_2학기_기말_고1_기출.js,21_복성고_2학기_기말_고1_기출,8,8,8,2015,수학(하),H15-SB-03,함수,3,H15-SB-03-FUNCTION_RELATION,함수의 뜻과 대응,rule_inferred,complete_rule,객관식,grid,false,,9e6e58baa5c80f252df37f1773b24589746556a21a0cadd6e9137ea87d1bce42,ff782081a4cc25de5ebd8fdb3b10e93e0a2a8b181fb4cabb15c6d4c8f83c7224,dfde05a3668030e99ca64d8d4ae5f6b64c7a87cee61c0ba43904b92ef210191d,15d94a4bdfa4b8785d5fb4ce1834dacc944eb2c824efb458677fd10d6e4205ff,,,,,0,LOADED_VM,,NOT_STARTED,NOT_STARTED,NOT_STARTED,SVG_OPTIONAL,SVG_OPTIONAL,,,NONE,NO_PROBLEM_VISUAL,N/A,NONE,NOT_STARTED,,,,NOT_STARTED,NOT_STARTED,NOT_STARTED,NOT_TESTED,PASS,canonical_and_compiled_master_match,INVENTORY_PENDING,01_scope_inventory.csv#archive/exams/original/high/h1/2final/21_복성고_2학기_기말_고1_기출.js|21_복성고_2학기_기말_고1_기출|8,,INDEX_RECORD_PRESENT,original/high/h1/2final/21_복성고_2학기_기말_고1_기출.js_8,2720c9ebef664969c3b3d690e0c15fb0c62689a2ff48836401f724791f003dff,true,②,IN_SCOPE_FORWARD,,,CLOSED_NO_SHARED_ASSET
archive/exams/original/high/h1/2final/21_복성고_2학기_기말_고1_기출.js|21_복성고_2학기_기말_고1_기출|9,archive/exams/original/high/h1/2final/21_복성고_2학기_기말_고1_기출.js,21_복성고_2학기_기말_고1_기출,9,9,9,2015,수학(하),H15-SB-03,함수,3,H15-SB-03-FUNCTION_RELATION,함수의 뜻과 대응,rule_inferred,complete_rule,객관식,grid,false,,218e33a467555d7ee0c7c4680c2e1c1eccbf2a58ca6af4deb1d8f3943fcd845e,fc3dba98889cccd1a96f32fb71f7812a2d3b9dde603c59a1f87b932df48e085f,b15be6cb71072b84f7e1e198ce023fc5bb8b1e625335904ddcf3cffcd8b7312b,d46acbe421f8222c26add1bd5bdbf48ab912089c1aaa1cef8143f57cc4172cde,,,,,0,LOADED_VM,,NOT_STARTED,NOT_STARTED,NOT_STARTED,SVG_REQUIRED_MISSING,SVG_REQUIRED_MISSING,SET_OR_LOGIC_STRUCTURE,,VISUAL_CANDIDATE,NO_PROBLEM_VISUAL,SCHEMATIC_OR_REVIEW,NONE,NOT_STARTED,,,,NOT_STARTED,NOT_STARTED,NOT_STARTED,NOT_TESTED,PASS,canonical_and_compiled_master_match,INVENTORY_PENDING,01_scope_inventory.csv#archive/exams/original/high/h1/2final/21_복성고_2학기_기말_고1_기출.js|21_복성고_2학기_기말_고1_기출|9,,INDEX_RECORD_PRESENT,original/high/h1/2final/21_복성고_2학기_기말_고1_기출.js_9,2720c9ebef664969c3b3d690e0c15fb0c62689a2ff48836401f724791f003dff,true,③,IN_SCOPE_FORWARD,,,CLOSED_NO_SHARED_ASSET
archive/exams/original/high/h1/2final/21_복성고_2학기_기말_고1_기출.js|21_복성고_2학기_기말_고1_기출|16,archive/exams/original/high/h1/2final/21_복성고_2학기_기말_고1_기출.js,21_복성고_2학기_기말_고1_기출,16,16,16,2015,수학(하),H15-SB-03,함수,3,H15-SB-03-FUNCTION_RELATION,함수의 뜻과 대응,rule_inferred,complete_rule,객관식,grid,false,,e9e4d4f9434009ac41591a155a94df3685e7cbd30938531e9ac7d4963865fb03,4ca0416ff017184be9474b77f3a3987deae9c11444934b5a5db59048d5fa25b4,0bdef091c479702584f065d3a3714f8a76f851b3f0cf10912f345a5dd930b0a8,0004af650ed600e5eead2d620dadf4601c9b33caecf46cec5b44e148433f6f01,,,,,0,LOADED_VM,,NOT_STARTED,NOT_STARTED,NOT_STARTED,SVG_OPTIONAL,SVG_OPTIONAL,,,NONE,NO_PROBLEM_VISUAL,N/A,NONE,NOT_STARTED,,,,NOT_STARTED,NOT_STARTED,NOT_STARTED,NOT_TESTED,PASS,canonical_and_compiled_master_match,INVENTORY_PENDING,01_scope_inventory.csv#archive/exams/original/high/h1/2final/21_복성고_2학기_기말_고1_기출.js|21_복성고_2학기_기말_고1_기출|16,,INDEX_RECORD_PRESENT,original/high/h1/2final/21_복성고_2학기_기말_고1_기출.js_16,2720c9ebef664969c3b3d690e0c15fb0c62689a2ff48836401f724791f003dff,true,⑤,IN_SCOPE_FORWARD,,,CLOSED_NO_SHARED_ASSET
archive/exams/original/high/h1/2final/21_복성고_2학기_기말_고1_기출.js|21_복성고_2학기_기말_고1_기출|17,archive/exams/original/high/h1/2final/21_복성고_2학기_기말_고1_기출.js,21_복성고_2학기_기말_고1_기출,17,17,17,2015,수학(하),H15-SB-03,함수,3,H15-SB-03-FUNCTION_RELATION,함수의 뜻과 대응,rule_inferred,complete_rule,객관식,grid,false,,c81085e67067c4f36cb59a989f542854e1c85da09456c9d37197f7bcfdb837ea,2d36022367dc57b618794bca59abf8b7e1de17e6b5aa2ffee6592fb5911055d6,b15be6cb71072b84f7e1e198ce023fc5bb8b1e625335904ddcf3cffcd8b7312b,428509b370d275384af67025ce273017209dfaf9845ca0690b471f6760797aca,,,,,0,LOADED_VM,,NOT_STARTED,NOT_STARTED,NOT_STARTED,SVG_REQUIRED_MISSING,SVG_REQUIRED_MISSING,GRAPH_OR_FUNCTION_STRUCTURE|SET_OR_LOGIC_STRUCTURE,,GRAPH_CANDIDATE,NO_PROBLEM_VISUAL,REVIEW_REQUIRED,NONE,NOT_STARTED,,,,NOT_STARTED,NOT_STARTED,NOT_STARTED,NOT_TESTED,PASS,canonical_and_compiled_master_match,INVENTORY_PENDING,01_scope_inventory.csv#archive/exams/original/high/h1/2final/21_복성고_2학기_기말_고1_기출.js|21_복성고_2학기_기말_고1_기출|17,,INDEX_RECORD_PRESENT,original/high/h1/2final/21_복성고_2학기_기말_고1_기출.js_17,2720c9ebef664969c3b3d690e0c15fb0c62689a2ff48836401f724791f003dff,true,③,IN_SCOPE_FORWARD,,,CLOSED_NO_SHARED_ASSET
archive/exams/original/high/h1/2final/21_복성고_2학기_기말_고1_기출.js|21_복성고_2학기_기말_고1_기출|18,archive/exams/original/high/h1/2final/21_복성고_2학기_기말_고1_기출.js,21_복성고_2학기_기말_고1_기출,18,18,18,2015,수학(하),H15-SB-03,함수,3,H15-SB-03-FUNCTION_RELATION,함수의 뜻과 대응,rule_inferred,complete_rule,객관식,grid,false,,e58888390566b56d601918e722a5fe922424ed3008cf828501faf73054686b53,a2a0681b5a751d8068a52b80210bbe73364e979a6d75a529ff7e74020df42007,0bdef091c479702584f065d3a3714f8a76f851b3f0cf10912f345a5dd930b0a8,0bfe92a9973729e409f71d6579ea9762d919f83a0adb01178d28d60bb52797bd,,,,,0,LOADED_VM,,NOT_STARTED,NOT_STARTED,NOT_STARTED,SVG_REQUIRED_MISSING,SVG_REQUIRED_MISSING,SET_OR_LOGIC_STRUCTURE,,VISUAL_CANDIDATE,NO_PROBLEM_VISUAL,SCHEMATIC_OR_REVIEW,NONE,NOT_STARTED,,,,NOT_STARTED,NOT_STARTED,NOT_STARTED,NOT_TESTED,PASS,canonical_and_compiled_master_match,INVENTORY_PENDING,01_scope_inventory.csv#archive/exams/original/high/h1/2final/21_복성고_2학기_기말_고1_기출.js|21_복성고_2학기_기말_고1_기출|18,,INDEX_RECORD_PRESENT,original/high/h1/2final/21_복성고_2학기_기말_고1_기출.js_18,2720c9ebef664969c3b3d690e0c15fb0c62689a2ff48836401f724791f003dff,true,⑤,IN_SCOPE_FORWARD,,,CLOSED_NO_SHARED_ASSET
archive/exams/original/high/h1/2final/21_복성고_2학기_기말_고1_기출.js|21_복성고_2학기_기말_고1_기출|23,archive/exams/original/high/h1/2final/21_복성고_2학기_기말_고1_기출.js,21_복성고_2학기_기말_고1_기출,23,23,23,2015,수학(하),H15-SB-03,함수,3,H15-SB-03-FUNCTION_RELATION,함수의 뜻과 대응,rule_inferred,complete_rule,서술형,grid,false,서술형,18d7a5badf2157864e6763b343643d1d9157429425581090891c30c3ccfe3990,4f53cda18c2baa0c0354bb5f9a3ecbe5ed12ab4d8e11ba873c2f11161202b945,1f6d2738b9e90edacdb57bb8c3b74c7ddc4cd59469318c0ea04cbb98005973de,fac7033b438f72a152858b3ebde22a166655724d24b00dc999c1a51ff5116797,,,,,0,LOADED_VM,,NOT_STARTED,NOT_STARTED,NOT_STARTED,SVG_REQUIRED_MISSING,SVG_REQUIRED_MISSING,SET_OR_LOGIC_STRUCTURE,,VISUAL_CANDIDATE,NO_PROBLEM_VISUAL,SCHEMATIC_OR_REVIEW,NONE,NOT_STARTED,,,,NOT_STARTED,NOT_STARTED,NOT_STARTED,NOT_TESTED,PASS,canonical_and_compiled_master_match,INVENTORY_PENDING,01_scope_inventory.csv#archive/exams/original/high/h1/2final/21_복성고_2학기_기말_고1_기출.js|21_복성고_2학기_기말_고1_기출|23,,INDEX_RECORD_PRESENT,original/high/h1/2final/21_복성고_2학기_기말_고1_기출.js_23,2720c9ebef664969c3b3d690e0c15fb0c62689a2ff48836401f724791f003dff,true,(1) $840$ / (2) $35$ / (3) $256$ / (4) $1200$,IN_SCOPE_FORWARD,,,CLOSED_NO_SHARED_ASSET
archive/exams/original/high/h1/2final/21_순천고_2학기_기말_고1_기출.js|21_순천고_2학기_기말_고1_기출|15,archive/exams/original/high/h1/2final/21_순천고_2학기_기말_고1_기출.js,21_순천고_2학기_기말_고1_기출,15,15,15,2015,수학(하),H15-SB-03,함수,3,H15-SB-03-FUNCTION_RELATION,함수의 뜻과 대응,rule_inferred,complete_rule,객관식,grid,false,,3bab5da62dadedfad3a4595836a2ca23f181c3a03ae50092b7616e292aaf2435,bea2f45aa433263770cbf2c4ee2eca7806acd40305c415357581cfdcb6aa3efa,973d2fd2f97e26a666f403b12da6d87e527985b36bcf4ff0a47c7e7e8c36321a,14e173c6ef0c96e9c619396cd14cfedbfb07993690148b69df89ad8149814148,,,,,0,LOADED_VM,,NOT_STARTED,NOT_STARTED,NOT_STARTED,SVG_REQUIRED_MISSING,SVG_REQUIRED_MISSING,GRAPH_OR_FUNCTION_STRUCTURE|SET_OR_LOGIC_STRUCTURE|COUNTING_STRUCTURE,,GRAPH_CANDIDATE,NO_PROBLEM_VISUAL,REVIEW_REQUIRED,NONE,NOT_STARTED,,,,NOT_STARTED,NOT_STARTED,NOT_STARTED,NOT_TESTED,PASS,canonical_and_compiled_master_match,INVENTORY_PENDING,01_scope_inventory.csv#archive/exams/original/high/h1/2final/21_순천고_2학기_기말_고1_기출.js|21_순천고_2학기_기말_고1_기출|15,,INDEX_RECORD_PRESENT,original/high/h1/2final/21_순천고_2학기_기말_고1_기출.js_15,74f3286e450553cf6a44efbc9c2aafaf4aeacc60ffa4f8664e7f72b2795913a4,true,①,IN_SCOPE_FORWARD,,,CLOSED_NO_SHARED_ASSET
archive/exams/original/high/h1/2final/21_순천고_2학기_기말_고1_기출.js|21_순천고_2학기_기말_고1_기출|22,archive/exams/original/high/h1/2final/21_순천고_2학기_기말_고1_기출.js,21_순천고_2학기_기말_고1_기출,22,22,22,2015,수학(하),H15-SB-03,함수,3,H15-SB-03-COMPOSITE_FUNCTION,합성함수,rule_inferred,complete_rule,서술형,grid,false,서술형,ead5f5098423f93de0858a93317d2d8d4534088237c34f2cc9dd28bfc3605f4d,4f53cda18c2baa0c0354bb5f9a3ecbe5ed12ab4d8e11ba873c2f11161202b945,7f53cfb9f79a20d9de9a5ad8a94ddaec4316796b79d7663d79f31de4289fd600,816a1432b97e48558c06f5f0615b31936f455afb650364c474264582e9ccb45b,,,,,0,LOADED_VM,,NOT_STARTED,NOT_STARTED,NOT_STARTED,SVG_OPTIONAL,SVG_OPTIONAL,,,NONE,NO_PROBLEM_VISUAL,N/A,NONE,NOT_STARTED,,,,NOT_STARTED,NOT_STARTED,NOT_STARTED,NOT_TESTED,PASS,canonical_and_compiled_master_match,INVENTORY_PENDING,01_scope_inventory.csv#archive/exams/original/high/h1/2final/21_순천고_2학기_기말_고1_기출.js|21_순천고_2학기_기말_고1_기출|22,,INDEX_RECORD_PRESENT,original/high/h1/2final/21_순천고_2학기_기말_고1_기출.js_22,74f3286e450553cf6a44efbc9c2aafaf4aeacc60ffa4f8664e7f72b2795913a4,true,$2$,IN_SCOPE_FORWARD,,,CLOSED_NO_SHARED_ASSET
archive/exams/original/high/h1/2final/21_제일고_2학기_기말_고1_기출.js|21_제일고_2학기_기말_고1_기출|1,archive/exams/original/high/h1/2final/21_제일고_2학기_기말_고1_기출.js,21_제일고_2학기_기말_고1_기출,1,1,1,2015,수학(하),H15-SB-03,함수,3,H15-SB-03-COMPOSITE_FUNCTION,합성함수,rule_inferred,complete_rule,객관식,grid,false,함수|역함수|합성함수,a8410836fa10a2adf81925e16610238d76e4dbb7067666d9fe44d6f67e9683e9,a54ca83070fe5f3adff8677fbdf3f13af94d1c331b589ad66c15310987a536f4,0bdef091c479702584f065d3a3714f8a76f851b3f0cf10912f345a5dd930b0a8,41869e2ff878e8d397f4defa837007bb83f097f67459d49ea70ae7cbac5a18e0,,,,,0,LOADED_VM,,NOT_STARTED,NOT_STARTED,NOT_STARTED,SVG_OPTIONAL,SVG_OPTIONAL,,,NONE,NO_PROBLEM_VISUAL,N/A,NONE,NOT_STARTED,,,,NOT_STARTED,NOT_STARTED,NOT_STARTED,NOT_TESTED,PASS,canonical_and_compiled_master_match,INVENTORY_PENDING,01_scope_inventory.csv#archive/exams/original/high/h1/2final/21_제일고_2학기_기말_고1_기출.js|21_제일고_2학기_기말_고1_기출|1,,INDEX_RECORD_PRESENT,original/high/h1/2final/21_제일고_2학기_기말_고1_기출.js_1,426b55ce2065cb61891d63d4f7300f3b640734b606b882d696e014c0ce9343ac,true,⑤,IN_SCOPE_FORWARD,,,CLOSED_NO_SHARED_ASSET
archive/exams/original/high/h1/2final/21_제일고_2학기_기말_고1_기출.js|21_제일고_2학기_기말_고1_기출|2,archive/exams/original/high/h1/2final/21_제일고_2학기_기말_고1_기출.js,21_제일고_2학기_기말_고1_기출,2,2,2,2015,수학(하),H15-SB-03,함수,3,H15-SB-03-INVERSE_FUNCTION,역함수,rule_inferred,complete_rule,객관식,grid,false,함수|역함수|일대일함수|절댓값함수,f4a2ad6ea037f40c3babdbf58b348609d854ca46040828e76c9f2dfbed3891bb,d601fd23445f2769d635c0f649aaf6d04b385a7d56c029a78b68ab105d958e27,dfde05a3668030e99ca64d8d4ae5f6b64c7a87cee61c0ba43904b92ef210191d,7b2cee28e9a94426e6b4923e4c744642e57be09bff0de04bbc5a0dbbe83a0c1f,,,,,0,LOADED_VM,,NOT_STARTED,NOT_STARTED,NOT_STARTED,SVG_REQUIRED_MISSING,SVG_REQUIRED_MISSING,SET_OR_LOGIC_STRUCTURE,,VISUAL_CANDIDATE,NO_PROBLEM_VISUAL,SCHEMATIC_OR_REVIEW,NONE,NOT_STARTED,,,,NOT_STARTED,NOT_STARTED,NOT_STARTED,NOT_TESTED,PASS,canonical_and_compiled_master_match,INVENTORY_PENDING,01_scope_inventory.csv#archive/exams/original/high/h1/2final/21_제일고_2학기_기말_고1_기출.js|21_제일고_2학기_기말_고1_기출|2,,INDEX_RECORD_PRESENT,original/high/h1/2final/21_제일고_2학기_기말_고1_기출.js_2,426b55ce2065cb61891d63d4f7300f3b640734b606b882d696e014c0ce9343ac,true,②,IN_SCOPE_FORWARD,,,CLOSED_NO_SHARED_ASSET
archive/exams/original/high/h1/2final/21_제일고_2학기_기말_고1_기출.js|21_제일고_2학기_기말_고1_기출|8,archive/exams/original/high/h1/2final/21_제일고_2학기_기말_고1_기출.js,21_제일고_2학기_기말_고1_기출,8,8,8,2015,수학(하),H15-SB-03,함수,3,H15-SB-03-INVERSE_FUNCTION,역함수,rule_inferred,complete_rule,객관식,grid,false,함수|일대일함수|치역|구간함수,c9435ab8ed46fb0618d919a7a33595e8753527f0d1b9413a7d9ad35ff5883265,fc3dba98889cccd1a96f32fb71f7812a2d3b9dde603c59a1f87b932df48e085f,973d2fd2f97e26a666f403b12da6d87e527985b36bcf4ff0a47c7e7e8c36321a,86f24a27805eea445f48690c1e5f005701c3b9489e63dc15d0cde77d253b58fa,,,,,0,LOADED_VM,,NOT_STARTED,NOT_STARTED,NOT_STARTED,SVG_REQUIRED_MISSING,SVG_REQUIRED_MISSING,GRAPH_OR_FUNCTION_STRUCTURE|SET_OR_LOGIC_STRUCTURE,,GRAPH_CANDIDATE,NO_PROBLEM_VISUAL,REVIEW_REQUIRED,NONE,NOT_STARTED,,,,NOT_STARTED,NOT_STARTED,NOT_STARTED,NOT_TESTED,PASS,canonical_and_compiled_master_match,INVENTORY_PENDING,01_scope_inventory.csv#archive/exams/original/high/h1/2final/21_제일고_2학기_기말_고1_기출.js|21_제일고_2학기_기말_고1_기출|8,,INDEX_RECORD_PRESENT,original/high/h1/2final/21_제일고_2학기_기말_고1_기출.js_8,426b55ce2065cb61891d63d4f7300f3b640734b606b882d696e014c0ce9343ac,true,①,IN_SCOPE_FORWARD,,,CLOSED_NO_SHARED_ASSET
archive/exams/original/high/h1/2final/21_제일고_2학기_기말_고1_기출.js|21_제일고_2학기_기말_고1_기출|18,archive/exams/original/high/h1/2final/21_제일고_2학기_기말_고1_기출.js,21_제일고_2학기_기말_고1_기출,18,18,18,2015,수학(하),H15-SB-03,함수,3,H15-SB-03-FUNCTION_RELATION,함수의 뜻과 대응,rule_inferred,complete_rule,객관식,grid,false,함수|이차함수|최댓값최솟값,1ee06b9716bd12f4bdcaa720c3526348a53cf02d5c8bc5916527afdbf68fdb3d,fe6aef157bcf7b2d6059e1b9d969dc9e7b999667cc7e015fad6fa20c136c3b0a,973d2fd2f97e26a666f403b12da6d87e527985b36bcf4ff0a47c7e7e8c36321a,46de17e693057f4e54c549d51052f91546ad53db3ff089ba03ab069eaca5abbe,,,,,0,LOADED_VM,,NOT_STARTED,NOT_STARTED,NOT_STARTED,SVG_REQUIRED_MISSING,SVG_REQUIRED_MISSING,COORDINATE_OR_GEOMETRY_STRUCTURE,,VISUAL_CANDIDATE,NO_PROBLEM_VISUAL,REVIEW_REQUIRED,NONE,NOT_STARTED,,,,NOT_STARTED,NOT_STARTED,NOT_STARTED,NOT_TESTED,PASS,canonical_and_compiled_master_match,INVENTORY_PENDING,01_scope_inventory.csv#archive/exams/original/high/h1/2final/21_제일고_2학기_기말_고1_기출.js|21_제일고_2학기_기말_고1_기출|18,,INDEX_RECORD_PRESENT,original/high/h1/2final/21_제일고_2학기_기말_고1_기출.js_18,426b55ce2065cb61891d63d4f7300f3b640734b606b882d696e014c0ce9343ac,true,①,IN_SCOPE_FORWARD,,,CLOSED_NO_SHARED_ASSET
archive/exams/original/high/h1/2final/21_제일고_2학기_기말_고1_기출.js|21_제일고_2학기_기말_고1_기출|20,archive/exams/original/high/h1/2final/21_제일고_2학기_기말_고1_기출.js,21_제일고_2학기_기말_고1_기출,20,20,20,2015,수학(하),H15-SB-03,함수,3,H15-SB-03-COMPOSITE_FUNCTION,합성함수,rule_inferred,complete_rule,서술형,grid,false,서술형|함수|합성함수|역함수,a05754f17dd1d93d742ff39dfbdfacf37ce03622790e1333473e5be87c05676a,4f53cda18c2baa0c0354bb5f9a3ecbe5ed12ab4d8e11ba873c2f11161202b945,927f5e52d420a94e06fef49b072bd6c56761291d7c5e8943d34e75d6bbc9812f,4fa9b46984317b0d63f0cc960e3467c52a5d4cc4c37646518171f2b14712d813,,,,,0,LOADED_VM,,NOT_STARTED,NOT_STARTED,NOT_STARTED,SVG_REQUIRED_MISSING,SVG_REQUIRED_MISSING,GRAPH_OR_FUNCTION_STRUCTURE,,GRAPH_CANDIDATE,NO_PROBLEM_VISUAL,REVIEW_REQUIRED,NONE,NOT_STARTED,,,,NOT_STARTED,NOT_STARTED,NOT_STARTED,NOT_TESTED,PASS,canonical_and_compiled_master_match,INVENTORY_PENDING,01_scope_inventory.csv#archive/exams/original/high/h1/2final/21_제일고_2학기_기말_고1_기출.js|21_제일고_2학기_기말_고1_기출|20,,INDEX_RECORD_PRESENT,original/high/h1/2final/21_제일고_2학기_기말_고1_기출.js_20,426b55ce2065cb61891d63d4f7300f3b640734b606b882d696e014c0ce9343ac,true,$9$,IN_SCOPE_FORWARD,,,CLOSED_NO_SHARED_ASSET
archive/exams/original/high/h1/2final/21_제일고_2학기_기말_고1_기출.js|21_제일고_2학기_기말_고1_기출|22,archive/exams/original/high/h1/2final/21_제일고_2학기_기말_고1_기출.js,21_제일고_2학기_기말_고1_기출,22,22,22,2015,수학(하),H15-SB-03,함수,3,H15-SB-03-COMPOSITE_FUNCTION,합성함수,rule_inferred,complete_rule,서술형,grid,false,서술형|함수|합성함수|구간함수,2ac112b4cf7c6f7921f1bad03c7eebf449e87f520b8d52db304aa12d4d5e5983,4f53cda18c2baa0c0354bb5f9a3ecbe5ed12ab4d8e11ba873c2f11161202b945,fdbe0d49b5e63bce45b1608959274c56a347bcd05fcdeea593ebf617df49ea8c,43fe92fdeed1e64e8102ca9d8dd30e77c10d0032df6ad4eaf391d484264578c0,,,,,0,LOADED_VM,,NOT_STARTED,NOT_STARTED,NOT_STARTED,SVG_REQUIRED_MISSING,SVG_REQUIRED_MISSING,SET_OR_LOGIC_STRUCTURE,,VISUAL_CANDIDATE,NO_PROBLEM_VISUAL,SCHEMATIC_OR_REVIEW,NONE,NOT_STARTED,,,,NOT_STARTED,NOT_STARTED,NOT_STARTED,NOT_TESTED,PASS,canonical_and_compiled_master_match,INVENTORY_PENDING,01_scope_inventory.csv#archive/exams/original/high/h1/2final/21_제일고_2학기_기말_고1_기출.js|21_제일고_2학기_기말_고1_기출|22,,INDEX_RECORD_PRESENT,original/high/h1/2final/21_제일고_2학기_기말_고1_기출.js_22,426b55ce2065cb61891d63d4f7300f3b640734b606b882d696e014c0ce9343ac,true,$5$,IN_SCOPE_FORWARD,,,CLOSED_NO_SHARED_ASSET
archive/exams/original/high/h1/2final/21_팔마고_2학기_기말_고1_기출.js|21_팔마고_2학기_기말_고1_기출|13,archive/exams/original/high/h1/2final/21_팔마고_2학기_기말_고1_기출.js,21_팔마고_2학기_기말_고1_기출,13,13,13,2015,수학(하),H15-SB-03,함수,3,H15-SB-03-FUNCTION_RELATION,함수의 뜻과 대응,rule_inferred,complete_rule,객관식,grid,false,함수|일대일함수|경우의수,e50a5a0807d94894bedf19ea05b04f35810a04719d6b71998b675d12b1684831,78a50c6c81665c5454075aeebee4c332b0d3b45d5a6d5896defa972b478fde0e,b15be6cb71072b84f7e1e198ce023fc5bb8b1e625335904ddcf3cffcd8b7312b,2661cb4fe1ccd09be62aa003e41056f2a579d989f20eb36da099dadad3fa1c9e,,,,,0,LOADED_VM,,NOT_STARTED,NOT_STARTED,NOT_STARTED,SVG_REQUIRED_MISSING,SVG_REQUIRED_MISSING,SET_OR_LOGIC_STRUCTURE,,VISUAL_CANDIDATE,NO_PROBLEM_VISUAL,SCHEMATIC_OR_REVIEW,NONE,NOT_STARTED,,,,NOT_STARTED,NOT_STARTED,NOT_STARTED,NOT_TESTED,PASS,canonical_and_compiled_master_match,INVENTORY_PENDING,01_scope_inventory.csv#archive/exams/original/high/h1/2final/21_팔마고_2학기_기말_고1_기출.js|21_팔마고_2학기_기말_고1_기출|13,,INDEX_RECORD_PRESENT,original/high/h1/2final/21_팔마고_2학기_기말_고1_기출.js_13,377afc847a550bc96c855ad28ddb72fcb4773e7498989dfe2a306df021c83d98,true,③,IN_SCOPE_FORWARD,,,CLOSED_NO_SHARED_ASSET
archive/exams/original/high/h1/2final/21_효천고_2학기_기말_고1_기출.js|21_효천고_2학기_기말_고1_기출|5,archive/exams/original/high/h1/2final/21_효천고_2학기_기말_고1_기출.js,21_효천고_2학기_기말_고1_기출,5,5,5,2015,수학(하),H15-SB-03,함수,3,H15-SB-03-FUNCTION_RELATION,함수의 뜻과 대응,rule_inferred,complete_rule,객관식,grid,false,객관식|일대일대응,16a1f5c4d3979b45bc5dde5fea7f516a72ea4514a6879bae472a6aa547652d76,438976c18d9859cd497deeeef1bd9bd54d8cee69612259b319cc977fa412a642,b15be6cb71072b84f7e1e198ce023fc5bb8b1e625335904ddcf3cffcd8b7312b,f0c3275e379db0081f5c4a158964eadb4dee914658193601bbcf501c16569c01,,,,,0,LOADED_VM,,NOT_STARTED,NOT_STARTED,NOT_STARTED,SVG_REQUIRED_MISSING,SVG_REQUIRED_MISSING,GRAPH_OR_FUNCTION_STRUCTURE,,GRAPH_CANDIDATE,NO_PROBLEM_VISUAL,REVIEW_REQUIRED,NONE,NOT_STARTED,,,,NOT_STARTED,NOT_STARTED,NOT_STARTED,NOT_TESTED,PASS,canonical_and_compiled_master_match,INVENTORY_PENDING,01_scope_inventory.csv#archive/exams/original/high/h1/2final/21_효천고_2학기_기말_고1_기출.js|21_효천고_2학기_기말_고1_기출|5,,INDEX_RECORD_PRESENT,original/high/h1/2final/21_효천고_2학기_기말_고1_기출.js_5,ae2987e48398d97879a0b4dc855bc8c1d88fbe1a6e2e2c4ffb2ecd39ffa7fd08,true,③,IN_SCOPE_FORWARD,,,CLOSED_NO_SHARED_ASSET
archive/exams/original/high/h1/2final/21_효천고_2학기_기말_고1_기출.js|21_효천고_2학기_기말_고1_기출|13,archive/exams/original/high/h1/2final/21_효천고_2학기_기말_고1_기출.js,21_효천고_2학기_기말_고1_기출,13,13,13,2015,수학(하),H15-SB-03,함수,3,H15-SB-03-FUNCTION_RELATION,함수의 뜻과 대응,rule_inferred,complete_rule,객관식,grid,false,객관식|함수의 그래프|대칭이동|넓이|그래프,2d72c9c38ea832e3b64a7b06fddf2352950003adaba3cc42f47b4bedd8a3f637,1f5b3d7705eb677d11d2de332c87afc87cd71b339ebbc59193a8116f3d422553,973d2fd2f97e26a666f403b12da6d87e527985b36bcf4ff0a47c7e7e8c36321a,afdacc917c7ab5009c37bde41ec162d1b8a3c076e6595141371eb49291cc9b42,,,assets/images/21_효천고_2학기_기말_고1_기출/q13-solution.svg,222076332a5b9c4ea357d2c8fcd814bf129ec5c514196139e9794e18109afada,0,LOADED_VM,,NOT_STARTED,NOT_STARTED,NOT_STARTED,SOURCE_REVIEW,SOURCE_REVIEW,GRAPH_OR_FUNCTION_STRUCTURE|COORDINATE_OR_GEOMETRY_STRUCTURE,,SVG,NO_PROBLEM_VISUAL,REVIEW_REQUIRED,SOLUTION_SVG,NOT_STARTED,,,7c7fe4e85deb0fe6db66b4b24a91e259b977b3f92c7f0ab3af077134c350af71,NOT_STARTED,NOT_STARTED,NOT_STARTED,NOT_TESTED,PASS,canonical_and_compiled_master_match,INVENTORY_PENDING,01_scope_inventory.csv#archive/exams/original/high/h1/2final/21_효천고_2학기_기말_고1_기출.js|21_효천고_2학기_기말_고1_기출|13,[object Object],INDEX_RECORD_PRESENT,original/high/h1/2final/21_효천고_2학기_기말_고1_기출.js_13,ae2987e48398d97879a0b4dc855bc8c1d88fbe1a6e2e2c4ffb2ecd39ffa7fd08,true,①,IN_SCOPE_FORWARD,,,CLOSED_NO_SHARED_ASSET
archive/exams/original/high/h1/2final/21_효천고_2학기_기말_고1_기출.js|21_효천고_2학기_기말_고1_기출|21,archive/exams/original/high/h1/2final/21_효천고_2학기_기말_고1_기출.js,21_효천고_2학기_기말_고1_기출,21,21,21,2015,수학(하),H15-SB-03,함수,3,H15-SB-03-COMPOSITE_FUNCTION,합성함수,rule_inferred,complete_rule,서술형,grid,false,서술형|역함수|합성함수,2ca174df320cab2c8ef016c0767730097270db7e580b43d61c753b029c9b58bb,4f53cda18c2baa0c0354bb5f9a3ecbe5ed12ab4d8e11ba873c2f11161202b945,d0a9ec4504e538b6b74bd0124eb5455053f2f7be3f661beb0c97cfd28fd4591f,e20c5e2f9cf390ebf1748fb1acb260c6ef07f59f433338fbd157a054d80b3013,,,,,0,LOADED_VM,,NOT_STARTED,NOT_STARTED,NOT_STARTED,SVG_REQUIRED_MISSING,SVG_REQUIRED_MISSING,GRAPH_OR_FUNCTION_STRUCTURE,,GRAPH_CANDIDATE,NO_PROBLEM_VISUAL,REVIEW_REQUIRED,NONE,NOT_STARTED,,,,NOT_STARTED,NOT_STARTED,NOT_STARTED,NOT_TESTED,PASS,canonical_and_compiled_master_match,INVENTORY_PENDING,01_scope_inventory.csv#archive/exams/original/high/h1/2final/21_효천고_2학기_기말_고1_기출.js|21_효천고_2학기_기말_고1_기출|21,,INDEX_RECORD_PRESENT,original/high/h1/2final/21_효천고_2학기_기말_고1_기출.js_21,ae2987e48398d97879a0b4dc855bc8c1d88fbe1a6e2e2c4ffb2ecd39ffa7fd08,true,$\dfrac{\sqrt2}{2}$,IN_SCOPE_FORWARD,,,CLOSED_NO_SHARED_ASSET
archive/exams/original/high/h1/2final/22_강남여고_2학기_기말_고1_기출.js|22_강남여고_2학기_기말_고1_기출|10,archive/exams/original/high/h1/2final/22_강남여고_2학기_기말_고1_기출.js,22_강남여고_2학기_기말_고1_기출,10,10,10,2015,수학(하),H15-SB-03,함수,3,H15-SB-03-FUNCTION_RELATION,함수의 뜻과 대응,rule_inferred,complete_rule,객관식,grid,false,함수|일대일대응,8c353f73da7f84b8089d368b7e96ee963a9f59c861b71d17f61893d661951079,04b4b7fb596bd071a4449e88794cb88a313fcd2c95a754f17137537a91618b5f,b15be6cb71072b84f7e1e198ce023fc5bb8b1e625335904ddcf3cffcd8b7312b,b77159a37923796fc6fa4be2f57f4d2212d496fc86ba4cd40541bded1f336ad9,,,,,0,LOADED_VM,,NOT_STARTED,NOT_STARTED,NOT_STARTED,SVG_REQUIRED_MISSING,SVG_REQUIRED_MISSING,SET_OR_LOGIC_STRUCTURE,,VISUAL_CANDIDATE,NO_PROBLEM_VISUAL,SCHEMATIC_OR_REVIEW,NONE,NOT_STARTED,,,,NOT_STARTED,NOT_STARTED,NOT_STARTED,NOT_TESTED,PASS,canonical_and_compiled_master_match,INVENTORY_PENDING,01_scope_inventory.csv#archive/exams/original/high/h1/2final/22_강남여고_2학기_기말_고1_기출.js|22_강남여고_2학기_기말_고1_기출|10,,INDEX_RECORD_PRESENT,original/high/h1/2final/22_강남여고_2학기_기말_고1_기출.js_10,f06968664ae66707e79a91194b6230b3b924041c9ed3c68ca0241f75b9886c8b,true,③,IN_SCOPE_FORWARD,,,CLOSED_NO_SHARED_ASSET
archive/exams/original/high/h1/2final/22_강남여고_2학기_기말_고1_기출.js|22_강남여고_2학기_기말_고1_기출|14,archive/exams/original/high/h1/2final/22_강남여고_2학기_기말_고1_기출.js,22_강남여고_2학기_기말_고1_기출,14,14,14,2015,수학(하),H15-SB-03,함수,3,H15-SB-03-COMPOSITE_FUNCTION,합성함수,rule_inferred,complete_rule,객관식,grid,false,함수|합성함수|치역,3b285b328287f183d7c9c80a87698b3b63a413199ad43d8fd802edf5ade10d4c,b9541ec4f042ca4348b495f6e29a6d73889d62a0f62731bff235e63eb1afa206,973d2fd2f97e26a666f403b12da6d87e527985b36bcf4ff0a47c7e7e8c36321a,d8191a6b228b78e6ba3956220bf1f48c969cdb52ed34f92c6640f1363b435136,,,,,0,LOADED_VM,,NOT_STARTED,NOT_STARTED,NOT_STARTED,SVG_REQUIRED_MISSING,SVG_REQUIRED_MISSING,GRAPH_OR_FUNCTION_STRUCTURE|SET_OR_LOGIC_STRUCTURE,,GRAPH_CANDIDATE,NO_PROBLEM_VISUAL,REVIEW_REQUIRED,NONE,NOT_STARTED,,,,NOT_STARTED,NOT_STARTED,NOT_STARTED,NOT_TESTED,PASS,canonical_and_compiled_master_match,INVENTORY_PENDING,01_scope_inventory.csv#archive/exams/original/high/h1/2final/22_강남여고_2학기_기말_고1_기출.js|22_강남여고_2학기_기말_고1_기출|14,,INDEX_RECORD_PRESENT,original/high/h1/2final/22_강남여고_2학기_기말_고1_기출.js_14,f06968664ae66707e79a91194b6230b3b924041c9ed3c68ca0241f75b9886c8b,true,①,IN_SCOPE_FORWARD,,,CLOSED_NO_SHARED_ASSET
archive/exams/original/high/h1/2final/22_강남여고_2학기_기말_고1_기출.js|22_강남여고_2학기_기말_고1_기출|20,archive/exams/original/high/h1/2final/22_강남여고_2학기_기말_고1_기출.js,22_강남여고_2학기_기말_고1_기출,20,20,20,2015,수학(하),H15-SB-03,함수,3,H15-SB-03-COMPOSITE_FUNCTION,합성함수,rule_inferred,complete_rule,객관식,grid,false,합성함수|유리함수|이차방정식|실근의개수,ea109a24f32fcc0ba758b737af15b332d5b40a4420666679abbbdae520247f54,ff782081a4cc25de5ebd8fdb3b10e93e0a2a8b181fb4cabb15c6d4c8f83c7224,0bdef091c479702584f065d3a3714f8a76f851b3f0cf10912f345a5dd930b0a8,a3e734e1a22619142bc48f5122c4d51db3f3c25a7416279310db37802d8d7289,,,,,0,LOADED_VM,,NOT_STARTED,NOT_STARTED,NOT_STARTED,SVG_OPTIONAL,SVG_OPTIONAL,,,NONE,NO_PROBLEM_VISUAL,N/A,NONE,NOT_STARTED,,,,NOT_STARTED,NOT_STARTED,NOT_STARTED,NOT_TESTED,PASS,canonical_and_compiled_master_match,INVENTORY_PENDING,01_scope_inventory.csv#archive/exams/original/high/h1/2final/22_강남여고_2학기_기말_고1_기출.js|22_강남여고_2학기_기말_고1_기출|20,,INDEX_RECORD_PRESENT,original/high/h1/2final/22_강남여고_2학기_기말_고1_기출.js_20,f06968664ae66707e79a91194b6230b3b924041c9ed3c68ca0241f75b9886c8b,true,⑤,IN_SCOPE_FORWARD,,,CLOSED_NO_SHARED_ASSET
archive/exams/original/high/h1/2final/22_매산고_2학기_기말_고1_기출.js|22_매산고_2학기_기말_고1_기출|4,archive/exams/original/high/h1/2final/22_매산고_2학기_기말_고1_기출.js,22_매산고_2학기_기말_고1_기출,4,4,4,2015,수학(하),H15-SB-03,함수,3,H15-SB-03-COMPOSITE_FUNCTION,합성함수,rule_inferred,complete_rule,객관식,grid,false,함수|합성함수|역함수|대응도,d79261d9dd05defc4291eea132127d715e3ce0486355a4e39a703a4902385549,ff782081a4cc25de5ebd8fdb3b10e93e0a2a8b181fb4cabb15c6d4c8f83c7224,dfde05a3668030e99ca64d8d4ae5f6b64c7a87cee61c0ba43904b92ef210191d,460f826ed2fc17a703a545edf76326fcc2d2063ca52e6d43150e6899695edad5,assets/images/22_매산고_2학기_기말_고1_기출/q4.png,c902347868b37a9b1eb59aaf713bda96bd179d982f9291f28d9b1677d1a73d75,,,0,LOADED_VM,,NOT_STARTED,NOT_STARTED,NOT_STARTED,SVG_REQUIRED_MISSING,SVG_REQUIRED_MISSING,SET_OR_LOGIC_STRUCTURE,,VISUAL_CANDIDATE,PROBLEM_VISUAL_PRESENT,SCHEMATIC_OR_REVIEW,NONE,NOT_STARTED,,,,NOT_STARTED,NOT_STARTED,NOT_STARTED,NOT_TESTED,PASS,canonical_and_compiled_master_match,INVENTORY_PENDING,01_scope_inventory.csv#archive/exams/original/high/h1/2final/22_매산고_2학기_기말_고1_기출.js|22_매산고_2학기_기말_고1_기출|4,[object Object],INDEX_RECORD_PRESENT,original/high/h1/2final/22_매산고_2학기_기말_고1_기출.js_4,a5c6bde80d9acdc5e48f4043fcea62703786f9ccc05ea52f21189c34b3a01169,true,②,IN_SCOPE_FORWARD,,,CLOSED_NO_SHARED_ASSET
archive/exams/original/high/h1/2final/22_매산고_2학기_기말_고1_기출.js|22_매산고_2학기_기말_고1_기출|11,archive/exams/original/high/h1/2final/22_매산고_2학기_기말_고1_기출.js,22_매산고_2학기_기말_고1_기출,11,11,11,2015,수학(하),H15-SB-03,함수,3,H15-SB-03-COMPOSITE_FUNCTION,합성함수,rule_inferred,complete_rule,객관식,grid,false,함수|일대일대응|합성함수,df7099398d4891895c2b904bed2c4731d11e99cfdc81d11c147b9326e748249c,fb1d30cb5e50d5c79c0dc42871e43e30dd452e700fb2733894c4a35a1948c3f8,b15be6cb71072b84f7e1e198ce023fc5bb8b1e625335904ddcf3cffcd8b7312b,2e555b21bb5703e5d997435da61ff91f5e2c3f9f49301f55d4804b17682fa042,,,,,0,LOADED_VM,,NOT_STARTED,NOT_STARTED,NOT_STARTED,SVG_REQUIRED_MISSING,SVG_REQUIRED_MISSING,SET_OR_LOGIC_STRUCTURE|COUNTING_STRUCTURE,,VISUAL_CANDIDATE,NO_PROBLEM_VISUAL,SCHEMATIC_OR_REVIEW,NONE,NOT_STARTED,,,,NOT_STARTED,NOT_STARTED,NOT_STARTED,NOT_TESTED,PASS,canonical_and_compiled_master_match,INVENTORY_PENDING,01_scope_inventory.csv#archive/exams/original/high/h1/2final/22_매산고_2학기_기말_고1_기출.js|22_매산고_2학기_기말_고1_기출|11,,INDEX_RECORD_PRESENT,original/high/h1/2final/22_매산고_2학기_기말_고1_기출.js_11,a5c6bde80d9acdc5e48f4043fcea62703786f9ccc05ea52f21189c34b3a01169,true,③,IN_SCOPE_FORWARD,,,CLOSED_NO_SHARED_ASSET
archive/exams/original/high/h1/2final/22_매산고_2학기_기말_고1_기출.js|22_매산고_2학기_기말_고1_기출|12,archive/exams/original/high/h1/2final/22_매산고_2학기_기말_고1_기출.js,22_매산고_2학기_기말_고1_기출,12,12,12,2015,수학(하),H15-SB-03,함수,3,H15-SB-03-INVERSE_FUNCTION,역함수,rule_inferred,complete_rule,객관식,grid,false,함수|역함수|삼각형의넓이|그래프,2c29f9cd55631dda3ab7128725eae93a87f08ed326e977e9e7aba2e526c83f83,521227c1b69163405dc2c3adc870e0ca8b20e6d5d5bc479e05306c295bf884b3,d41ea6521f53fb3dfa10cf72e2932f4405d9c999fa422cdc840d25d57e90dd34,dc25266df391bd9f1e74ac1f244e4217375dc226f6ff6c212bf6cdc5b5b3c2ed,assets/images/22_매산고_2학기_기말_고1_기출/q12.png,f230593370b7fe11b5b9aab7267fd1102a5931e45c40c87a1630d8b9f8f4ff28,assets/images/22_매산고_2학기_기말_고1_기출/q12-solution.svg,245952bf1c12feb19f2ef123f45579b2fb9102082f7fb538de1db4044dbcdf40,0,LOADED_VM,,NOT_STARTED,NOT_STARTED,NOT_STARTED,SOURCE_REVIEW,SOURCE_REVIEW,GRAPH_OR_FUNCTION_STRUCTURE|COORDINATE_OR_GEOMETRY_STRUCTURE,,SVG,PROBLEM_VISUAL_PRESENT,REVIEW_REQUIRED,SOLUTION_SVG,NOT_STARTED,,,f7cd86f2c888256fecfc9fca4a8f9c70225db3470a388b143b730b958500b95a,NOT_STARTED,NOT_STARTED,NOT_STARTED,NOT_TESTED,PASS,canonical_and_compiled_master_match,INVENTORY_PENDING,01_scope_inventory.csv#archive/exams/original/high/h1/2final/22_매산고_2학기_기말_고1_기출.js|22_매산고_2학기_기말_고1_기출|12,[object Object]|[object Object],INDEX_RECORD_PRESENT,original/high/h1/2final/22_매산고_2학기_기말_고1_기출.js_12,a5c6bde80d9acdc5e48f4043fcea62703786f9ccc05ea52f21189c34b3a01169,true,④,IN_SCOPE_FORWARD,,,CLOSED_NO_SHARED_ASSET
archive/exams/original/high/h1/2final/22_매산고_2학기_기말_고1_기출.js|22_매산고_2학기_기말_고1_기출|13,archive/exams/original/high/h1/2final/22_매산고_2학기_기말_고1_기출.js,22_매산고_2학기_기말_고1_기출,13,13,13,2015,수학(하),H15-SB-03,함수,3,H15-SB-03-INVERSE_FUNCTION,역함수,rule_inferred,complete_rule,객관식,grid,false,함수|역함수|조각함수|치역,7eb9c192923ace4e3612d6639394b6f595cdbce75dce749d0488fbf0b6efd826,7b770f9906b69302737e9342083fb34f89da46022545394b71e8b13fe889faad,dfde05a3668030e99ca64d8d4ae5f6b64c7a87cee61c0ba43904b92ef210191d,84fae8dbbcbbcf099a04eab0182b624716a8e14af51fcb4350168c5a3e66e983,,,,,0,LOADED_VM,,NOT_STARTED,NOT_STARTED,NOT_STARTED,SVG_REQUIRED_MISSING,SVG_REQUIRED_MISSING,GRAPH_OR_FUNCTION_STRUCTURE|SET_OR_LOGIC_STRUCTURE,,GRAPH_CANDIDATE,NO_PROBLEM_VISUAL,REVIEW_REQUIRED,NONE,NOT_STARTED,,,,NOT_STARTED,NOT_STARTED,NOT_STARTED,NOT_TESTED,PASS,canonical_and_compiled_master_match,INVENTORY_PENDING,01_scope_inventory.csv#archive/exams/original/high/h1/2final/22_매산고_2학기_기말_고1_기출.js|22_매산고_2학기_기말_고1_기출|13,,INDEX_RECORD_PRESENT,original/high/h1/2final/22_매산고_2학기_기말_고1_기출.js_13,a5c6bde80d9acdc5e48f4043fcea62703786f9ccc05ea52f21189c34b3a01169,true,②,IN_SCOPE_FORWARD,,,CLOSED_NO_SHARED_ASSET
archive/exams/original/high/h1/2final/22_매산고_2학기_기말_고1_기출.js|22_매산고_2학기_기말_고1_기출|17,archive/exams/original/high/h1/2final/22_매산고_2학기_기말_고1_기출.js,22_매산고_2학기_기말_고1_기출,17,17,17,2015,수학(하),H15-SB-03,함수,3,H15-SB-03-FUNCTION_RELATION,함수의 뜻과 대응,rule_inferred,complete_rule,단답형,grid,false,함수|주기함수|짝함수|교점의개수,243c275a2bbb17eaca189a4e775fa7aee1b0481b8e50d033d738ac39e098cc9a,4f53cda18c2baa0c0354bb5f9a3ecbe5ed12ab4d8e11ba873c2f11161202b945,139c7cda7e1d3cddb787df61d1e9294a3fcc0ca0d131fc1ec6ec7a5e12f8de3a,ca3ef54311176c3d9eb12e8a4958e88ff7b3fe5723b265ed9c4665658112e7b1,,,,,0,LOADED_VM,,NOT_STARTED,NOT_STARTED,NOT_STARTED,SVG_REQUIRED_MISSING,SVG_REQUIRED_MISSING,GRAPH_OR_FUNCTION_STRUCTURE|COORDINATE_OR_GEOMETRY_STRUCTURE,,GRAPH_CANDIDATE,NO_PROBLEM_VISUAL,REVIEW_REQUIRED,NONE,NOT_STARTED,,,,NOT_STARTED,NOT_STARTED,NOT_STARTED,NOT_TESTED,PASS,canonical_and_compiled_master_match,INVENTORY_PENDING,01_scope_inventory.csv#archive/exams/original/high/h1/2final/22_매산고_2학기_기말_고1_기출.js|22_매산고_2학기_기말_고1_기출|17,,INDEX_RECORD_PRESENT,original/high/h1/2final/22_매산고_2학기_기말_고1_기출.js_17,a5c6bde80d9acdc5e48f4043fcea62703786f9ccc05ea52f21189c34b3a01169,true,$4044$,IN_SCOPE_FORWARD,,,CLOSED_NO_SHARED_ASSET
archive/exams/original/high/h1/2final/22_매산고_2학기_기말_고1_기출.js|22_매산고_2학기_기말_고1_기출|20,archive/exams/original/high/h1/2final/22_매산고_2학기_기말_고1_기출.js,22_매산고_2학기_기말_고1_기출,20,20,20,2015,수학(하),H15-SB-03,함수,3,H15-SB-03-COMPOSITE_FUNCTION,합성함수,rule_inferred,complete_rule,서술형,grid,false,서술형|함수|일차함수|합성함수,d80afc26aa9c8b1c27e512181827dfc66b3d0db5f9d871579fe345d2b097421b,4f53cda18c2baa0c0354bb5f9a3ecbe5ed12ab4d8e11ba873c2f11161202b945,44798b83c032eb549ebbb22d237dd9e72f8d817f8f94164f938c1d14e6a4e0aa,cc6b212627fa5e543df071029dfac18f98a8865e3a17f4a8263b965044a44767,,,,,0,LOADED_VM,,NOT_STARTED,NOT_STARTED,NOT_STARTED,SVG_OPTIONAL,SVG_OPTIONAL,,,NONE,NO_PROBLEM_VISUAL,N/A,NONE,NOT_STARTED,,,,NOT_STARTED,NOT_STARTED,NOT_STARTED,NOT_TESTED,PASS,canonical_and_compiled_master_match,INVENTORY_PENDING,01_scope_inventory.csv#archive/exams/original/high/h1/2final/22_매산고_2학기_기말_고1_기출.js|22_매산고_2학기_기말_고1_기출|20,,INDEX_RECORD_PRESENT,original/high/h1/2final/22_매산고_2학기_기말_고1_기출.js_20,a5c6bde80d9acdc5e48f4043fcea62703786f9ccc05ea52f21189c34b3a01169,true,$-45$,IN_SCOPE_FORWARD,,,CLOSED_NO_SHARED_ASSET
archive/exams/original/high/h1/2final/22_복성고_2학기_기말_고1_기출.js|22_복성고_2학기_기말_고1_기출|14,archive/exams/original/high/h1/2final/22_복성고_2학기_기말_고1_기출.js,22_복성고_2학기_기말_고1_기출,14,14,14,2015,수학(하),H15-SB-03,함수,3,H15-SB-03-FUNCTION_RELATION,함수의 뜻과 대응,rule_inferred,complete_rule,객관식,grid,false,함수|내분점|그래프,5bc0d213b13c824bdb49abab0618eda564d6d308b71b1eeaf83742fa91f9daf5,4f53cda18c2baa0c0354bb5f9a3ecbe5ed12ab4d8e11ba873c2f11161202b945,b15be6cb71072b84f7e1e198ce023fc5bb8b1e625335904ddcf3cffcd8b7312b,2521dcba5396f074ecb5f024780e9175c549964a1e8759062fad7e3f627e2a69,assets/images/22_복성고_2학기_기말_고1_기출/q14.png,f7b06bd3803d89bad8058d8a00f75cf5af2fcae886f0c98a2db3e5c37ba43285,,,0,LOADED_VM,,NOT_STARTED,NOT_STARTED,NOT_STARTED,SVG_REQUIRED_MISSING,SVG_REQUIRED_MISSING,GRAPH_OR_FUNCTION_STRUCTURE|COORDINATE_OR_GEOMETRY_STRUCTURE|SET_OR_LOGIC_STRUCTURE|TABLE_OR_MATRIX_STRUCTURE,,GRAPH_CANDIDATE,PROBLEM_VISUAL_PRESENT,REVIEW_REQUIRED,NONE,NOT_STARTED,,,,NOT_STARTED,NOT_STARTED,NOT_STARTED,NOT_TESTED,PASS,canonical_and_compiled_master_match,INVENTORY_PENDING,01_scope_inventory.csv#archive/exams/original/high/h1/2final/22_복성고_2학기_기말_고1_기출.js|22_복성고_2학기_기말_고1_기출|14,[object Object],INDEX_RECORD_PRESENT,original/high/h1/2final/22_복성고_2학기_기말_고1_기출.js_14,66a9882201238eb7bb2b97090dd7d5b342ce2a7224ee4885f05287fcb343125d,true,③,IN_SCOPE_FORWARD,,,CLOSED_NO_SHARED_ASSET
archive/exams/original/high/h1/2final/22_복성고_2학기_기말_고1_기출.js|22_복성고_2학기_기말_고1_기출|18,archive/exams/original/high/h1/2final/22_복성고_2학기_기말_고1_기출.js,22_복성고_2학기_기말_고1_기출,18,18,18,2015,수학(하),H15-SB-03,함수,3,H15-SB-03-FUNCTION_RELATION,함수의 뜻과 대응,rule_inferred,complete_rule,객관식,grid,false,함수,28658405f3fdf726f88c5342fba8c4ab6ce4e6c0f70c985960668e3d4762f8a5,27139acf44fd615e0e2c461762684d9615acfa3b58ee282ebb6a5949a786d6f0,973d2fd2f97e26a666f403b12da6d87e527985b36bcf4ff0a47c7e7e8c36321a,f206c1d10469105e4ebbef4f37a7d2845c0637141e8a006b0f92bc9fd2473c35,,,,,0,LOADED_VM,,NOT_STARTED,NOT_STARTED,NOT_STARTED,SVG_REQUIRED_MISSING,SVG_REQUIRED_MISSING,GRAPH_OR_FUNCTION_STRUCTURE|SET_OR_LOGIC_STRUCTURE,,GRAPH_CANDIDATE,NO_PROBLEM_VISUAL,REVIEW_REQUIRED,NONE,NOT_STARTED,,,,NOT_STARTED,NOT_STARTED,NOT_STARTED,NOT_TESTED,PASS,canonical_and_compiled_master_match,INVENTORY_PENDING,01_scope_inventory.csv#archive/exams/original/high/h1/2final/22_복성고_2학기_기말_고1_기출.js|22_복성고_2학기_기말_고1_기출|18,,INDEX_RECORD_PRESENT,original/high/h1/2final/22_복성고_2학기_기말_고1_기출.js_18,66a9882201238eb7bb2b97090dd7d5b342ce2a7224ee4885f05287fcb343125d,true,①,IN_SCOPE_FORWARD,,,CLOSED_NO_SHARED_ASSET
archive/exams/original/high/h1/2final/22_복성고_2학기_기말_고1_기출.js|22_복성고_2학기_기말_고1_기출|19,archive/exams/original/high/h1/2final/22_복성고_2학기_기말_고1_기출.js,22_복성고_2학기_기말_고1_기출,19,19,19,2015,수학(하),H15-SB-03,함수,3,H15-SB-03-FUNCTION_RELATION,함수의 뜻과 대응,rule_inferred,complete_rule,객관식,grid,false,함수|직각삼각형|최댓값|도형,54a440147d7c7fd066421df9865450c603a7b70084434c47674e72a2bf2155cd,7c8966641187f4e373b3bc9e4a4d8a17bc5a91e228533c8b6077308b26e66608,973d2fd2f97e26a666f403b12da6d87e527985b36bcf4ff0a47c7e7e8c36321a,06eb11f715fbf741049d369c1c502d3ff48300caa398550a137abcf512d0919e,assets/images/22_복성고_2학기_기말_고1_기출/q19.png,eb0b1b86815f16f209805128e0051ae21acc35366e7133785a094e3f0c5cc7d8,,,0,LOADED_VM,,NOT_STARTED,NOT_STARTED,NOT_STARTED,SVG_REQUIRED_MISSING,SVG_REQUIRED_MISSING,COORDINATE_OR_GEOMETRY_STRUCTURE,,VISUAL_CANDIDATE,PROBLEM_VISUAL_PRESENT,REVIEW_REQUIRED,NONE,NOT_STARTED,,,,NOT_STARTED,NOT_STARTED,NOT_STARTED,NOT_TESTED,PASS,canonical_and_compiled_master_match,INVENTORY_PENDING,01_scope_inventory.csv#archive/exams/original/high/h1/2final/22_복성고_2학기_기말_고1_기출.js|22_복성고_2학기_기말_고1_기출|19,[object Object],INDEX_RECORD_PRESENT,original/high/h1/2final/22_복성고_2학기_기말_고1_기출.js_19,66a9882201238eb7bb2b97090dd7d5b342ce2a7224ee4885f05287fcb343125d,true,①,IN_SCOPE_FORWARD,,,CLOSED_NO_SHARED_ASSET
archive/exams/original/high/h1/2final/22_복성고_2학기_기말_고1_기출.js|22_복성고_2학기_기말_고1_기출|22,archive/exams/original/high/h1/2final/22_복성고_2학기_기말_고1_기출.js,22_복성고_2학기_기말_고1_기출,22,22,22,2015,수학(하),H15-SB-03,함수,3,H15-SB-03-FUNCTION_RELATION,함수의 뜻과 대응,rule_inferred,complete_rule,서술형,grid,false,서술형|함수|중선|최댓값|도형,77e33beaa51a804518163d05f903987b1b2b60bba7998bcd25e80401821f214c,4f53cda18c2baa0c0354bb5f9a3ecbe5ed12ab4d8e11ba873c2f11161202b945,e002f6e937d791effcd76fc123e34079bfc778516240d83736022adf637e7d5d,5f235e9f2983d5fe066dfae0b5069f7ed9d525502364b53f9f2fb18a5ba67add,assets/images/22_복성고_2학기_기말_고1_기출/q22.png,a0a87a70624d05e5ad082bab12f12b6615893dad780265afddbda1aa4a57572a,,,0,LOADED_VM,,NOT_STARTED,NOT_STARTED,NOT_STARTED,SVG_REQUIRED_MISSING,SVG_REQUIRED_MISSING,COORDINATE_OR_GEOMETRY_STRUCTURE|TABLE_OR_MATRIX_STRUCTURE,,VISUAL_CANDIDATE,PROBLEM_VISUAL_PRESENT,REVIEW_REQUIRED,NONE,NOT_STARTED,,,,NOT_STARTED,NOT_STARTED,NOT_STARTED,NOT_TESTED,PASS,canonical_and_compiled_master_match,INVENTORY_PENDING,01_scope_inventory.csv#archive/exams/original/high/h1/2final/22_복성고_2학기_기말_고1_기출.js|22_복성고_2학기_기말_고1_기출|22,[object Object],INDEX_RECORD_PRESENT,original/high/h1/2final/22_복성고_2학기_기말_고1_기출.js_22,66a9882201238eb7bb2b97090dd7d5b342ce2a7224ee4885f05287fcb343125d,true,$\dfrac52$,IN_SCOPE_FORWARD,,,CLOSED_NO_SHARED_ASSET
archive/exams/original/high/h1/2final/22_순천여고_2학기_기말_고1_기출.js|22_순천여고_2학기_기말_고1_기출|13,archive/exams/original/high/h1/2final/22_순천여고_2학기_기말_고1_기출.js,22_순천여고_2학기_기말_고1_기출,13,13,13,2015,수학(하),H15-SB-03,함수,3,H15-SB-03-FUNCTION_RELATION,함수의 뜻과 대응,rule_inferred,complete_rule,객관식,grid,false,함수,60954849c7ea3bdb75a8e1aecd6db3e2d9168a12253b687884c6d18578768a18,d15ab02b3a1eca9abb8f10b4cf2c2765ffca682b71b493b1252e6faf873d950f,dfde05a3668030e99ca64d8d4ae5f6b64c7a87cee61c0ba43904b92ef210191d,126394f2f9293aa20e6bd93d56565a511086cf8953bfc0d6e5856282829b1b8e,,,,,0,LOADED_VM,,NOT_STARTED,NOT_STARTED,NOT_STARTED,SVG_OPTIONAL,SVG_OPTIONAL,,,NONE,NO_PROBLEM_VISUAL,N/A,NONE,NOT_STARTED,,,,NOT_STARTED,NOT_STARTED,NOT_STARTED,NOT_TESTED,PASS,canonical_and_compiled_master_match,INVENTORY_PENDING,01_scope_inventory.csv#archive/exams/original/high/h1/2final/22_순천여고_2학기_기말_고1_기출.js|22_순천여고_2학기_기말_고1_기출|13,,INDEX_RECORD_PRESENT,original/high/h1/2final/22_순천여고_2학기_기말_고1_기출.js_13,e1d1d29564f767c8e869a129c2c624928e41a2650c104c56b70decc6e370f55b,true,②,IN_SCOPE_FORWARD,,,CLOSED_NO_SHARED_ASSET
archive/exams/original/high/h1/2final/22_순천여고_2학기_기말_고1_기출.js|22_순천여고_2학기_기말_고1_기출|18,archive/exams/original/high/h1/2final/22_순천여고_2학기_기말_고1_기출.js,22_순천여고_2학기_기말_고1_기출,18,18,18,2015,수학(하),H15-SB-03,함수,3,H15-SB-03-FUNCTION_RELATION,함수의 뜻과 대응,rule_inferred,complete_rule,객관식,grid,false,함수,db05bf4a90302bccf1c6722051fe714a27309f8d153dd52758198212739c2188,78b268aec1e7eee2a14835f0c7369a7dbcb84d46dd45aaf10104aa90abf9ae5f,973d2fd2f97e26a666f403b12da6d87e527985b36bcf4ff0a47c7e7e8c36321a,72517409d62323d7859c995b939d753c719dcf404839f229e4c610c990a6859b,,,,,0,LOADED_VM,,NOT_STARTED,NOT_STARTED,NOT_STARTED,SVG_REQUIRED_MISSING,SVG_REQUIRED_MISSING,SET_OR_LOGIC_STRUCTURE,,VISUAL_CANDIDATE,NO_PROBLEM_VISUAL,SCHEMATIC_OR_REVIEW,NONE,NOT_STARTED,,,,NOT_STARTED,NOT_STARTED,NOT_STARTED,NOT_TESTED,PASS,canonical_and_compiled_master_match,INVENTORY_PENDING,01_scope_inventory.csv#archive/exams/original/high/h1/2final/22_순천여고_2학기_기말_고1_기출.js|22_순천여고_2학기_기말_고1_기출|18,,INDEX_RECORD_PRESENT,original/high/h1/2final/22_순천여고_2학기_기말_고1_기출.js_18,e1d1d29564f767c8e869a129c2c624928e41a2650c104c56b70decc6e370f55b,true,①,IN_SCOPE_FORWARD,,,CLOSED_NO_SHARED_ASSET
archive/exams/original/high/h1/2final/22_순천여고_2학기_기말_고1_기출.js|22_순천여고_2학기_기말_고1_기출|19,archive/exams/original/high/h1/2final/22_순천여고_2학기_기말_고1_기출.js,22_순천여고_2학기_기말_고1_기출,19,19,19,2015,수학(하),H15-SB-03,함수,3,H15-SB-03-COMPOSITE_FUNCTION,합성함수,rule_inferred,complete_rule,객관식,grid,false,함수,0da6a49d1141ac0b7879dc87cf2a513d475d270c7bdcedc9d42e9c3648393ec6,ce141cbcc9681c76ea04b79f430c19f90bb0f062e0a8c19aa7e60622d0572ded,d41ea6521f53fb3dfa10cf72e2932f4405d9c999fa422cdc840d25d57e90dd34,d5bf7c79353038d4dce0fb00b172f2399ba8f67bb5d7955f499d6efc58beca81,,,,,0,LOADED_VM,,NOT_STARTED,NOT_STARTED,NOT_STARTED,SVG_OPTIONAL,SVG_OPTIONAL,,,NONE,NO_PROBLEM_VISUAL,N/A,NONE,NOT_STARTED,,,,NOT_STARTED,NOT_STARTED,NOT_STARTED,NOT_TESTED,PASS,canonical_and_compiled_master_match,INVENTORY_PENDING,01_scope_inventory.csv#archive/exams/original/high/h1/2final/22_순천여고_2학기_기말_고1_기출.js|22_순천여고_2학기_기말_고1_기출|19,,INDEX_RECORD_PRESENT,original/high/h1/2final/22_순천여고_2학기_기말_고1_기출.js_19,e1d1d29564f767c8e869a129c2c624928e41a2650c104c56b70decc6e370f55b,true,④,IN_SCOPE_FORWARD,,,CLOSED_NO_SHARED_ASSET
archive/exams/original/high/h1/2final/22_순천여고_2학기_기말_고1_기출.js|22_순천여고_2학기_기말_고1_기출|23,archive/exams/original/high/h1/2final/22_순천여고_2학기_기말_고1_기출.js,22_순천여고_2학기_기말_고1_기출,23,23,23,2015,수학(하),H15-SB-03,함수,3,H15-SB-03-INVERSE_FUNCTION,역함수,rule_inferred,complete_rule,서술형,grid,false,서술형|함수,3d77e8b38fd2e4f878cea4674536a84653477b8231fc50cb6bf7056ffcec2ee0,4f53cda18c2baa0c0354bb5f9a3ecbe5ed12ab4d8e11ba873c2f11161202b945,16615c4e86aeb00a5f0c3fd40e97abea1b41145f292ef41346278a755a8f3b86,77171a397b28f92854236fd68c0744b20630a71214668c52d4611968ce0afebf,,,,,0,LOADED_VM,,NOT_STARTED,NOT_STARTED,NOT_STARTED,SVG_REQUIRED_MISSING,SVG_REQUIRED_MISSING,GRAPH_OR_FUNCTION_STRUCTURE|SET_OR_LOGIC_STRUCTURE|COUNTING_STRUCTURE,,GRAPH_CANDIDATE,NO_PROBLEM_VISUAL,REVIEW_REQUIRED,NONE,NOT_STARTED,,,,NOT_STARTED,NOT_STARTED,NOT_STARTED,NOT_TESTED,PASS,canonical_and_compiled_master_match,INVENTORY_PENDING,01_scope_inventory.csv#archive/exams/original/high/h1/2final/22_순천여고_2학기_기말_고1_기출.js|22_순천여고_2학기_기말_고1_기출|23,,INDEX_RECORD_PRESENT,original/high/h1/2final/22_순천여고_2학기_기말_고1_기출.js_23,e1d1d29564f767c8e869a129c2c624928e41a2650c104c56b70decc6e370f55b,true,"$(a,b)=(12,-20),\ (-12,40)$",IN_SCOPE_FORWARD,,,CLOSED_NO_SHARED_ASSET
archive/exams/original/high/h1/2final/22_제일고_2학기_기말_고1_기출.js|22_제일고_2학기_기말_고1_기출|1,archive/exams/original/high/h1/2final/22_제일고_2학기_기말_고1_기출.js,22_제일고_2학기_기말_고1_기출,1,1,1,2015,수학(하),H15-SB-03,함수,3,H15-SB-03-COMPOSITE_FUNCTION,합성함수,rule_inferred,complete_rule,객관식,grid,false,객관식|함수|도형,5517f6bb50d7b8cad4f6677d4e248fe6ca74fd65da66efe456b1eda8db04c071,ff782081a4cc25de5ebd8fdb3b10e93e0a2a8b181fb4cabb15c6d4c8f83c7224,dfde05a3668030e99ca64d8d4ae5f6b64c7a87cee61c0ba43904b92ef210191d,f781602d85bd9d5e3779c46b6208a892dda5e49f32f7a2096bd1e0666b21faf6,assets/images/22_제일고_2학기_기말_고1_기출/q1.png,7f1065135e8b8d6474e0dce995a3d9cb9ccaafc54f106b0b4de1aa7749f366ef,,,0,LOADED_VM,,NOT_STARTED,NOT_STARTED,NOT_STARTED,SVG_REQUIRED_MISSING,SVG_REQUIRED_MISSING,COORDINATE_OR_GEOMETRY_STRUCTURE,,VISUAL_CANDIDATE,PROBLEM_VISUAL_PRESENT,REVIEW_REQUIRED,NONE,NOT_STARTED,,,,NOT_STARTED,NOT_STARTED,NOT_STARTED,NOT_TESTED,PASS,canonical_and_compiled_master_match,INVENTORY_PENDING,01_scope_inventory.csv#archive/exams/original/high/h1/2final/22_제일고_2학기_기말_고1_기출.js|22_제일고_2학기_기말_고1_기출|1,[object Object],INDEX_RECORD_PRESENT,original/high/h1/2final/22_제일고_2학기_기말_고1_기출.js_1,ee97fdbb4abd7aec21b68d492ff44de0a5f90764ef3e97193b3e18ca5ba9011e,true,②,IN_SCOPE_FORWARD,,,CLOSED_NO_SHARED_ASSET
archive/exams/original/high/h1/2final/22_제일고_2학기_기말_고1_기출.js|22_제일고_2학기_기말_고1_기출|3,archive/exams/original/high/h1/2final/22_제일고_2학기_기말_고1_기출.js,22_제일고_2학기_기말_고1_기출,3,3,3,2015,수학(하),H15-SB-03,함수,3,H15-SB-03-INVERSE_FUNCTION,역함수,rule_inferred,complete_rule,객관식,grid,false,객관식|함수|그래프,ec01d959443e39f19e164fa82ce959c6c4c70d2c9a0f18bed73ab8a2a950b724,e93f514ab1c33b9641ce7905ba7d5fb0b9763505d7287f7c964649ea4d74edd3,b15be6cb71072b84f7e1e198ce023fc5bb8b1e625335904ddcf3cffcd8b7312b,c9be50d95a43847b3cf1dca0b8929b601fc05bba1707744722d1cda0b14a6f64,assets/images/22_제일고_2학기_기말_고1_기출/q3.png,6adc6445cdc11f2078408667596959850d41918620cf5b4260b5759c659428a7,,,0,LOADED_VM,,NOT_STARTED,NOT_STARTED,NOT_STARTED,SVG_REQUIRED_MISSING,SVG_REQUIRED_MISSING,GRAPH_OR_FUNCTION_STRUCTURE|COORDINATE_OR_GEOMETRY_STRUCTURE,,GRAPH_CANDIDATE,PROBLEM_VISUAL_PRESENT,REVIEW_REQUIRED,NONE,NOT_STARTED,,,,NOT_STARTED,NOT_STARTED,NOT_STARTED,NOT_TESTED,PASS,canonical_and_compiled_master_match,INVENTORY_PENDING,01_scope_inventory.csv#archive/exams/original/high/h1/2final/22_제일고_2학기_기말_고1_기출.js|22_제일고_2학기_기말_고1_기출|3,[object Object],INDEX_RECORD_PRESENT,original/high/h1/2final/22_제일고_2학기_기말_고1_기출.js_3,ee97fdbb4abd7aec21b68d492ff44de0a5f90764ef3e97193b3e18ca5ba9011e,true,③,IN_SCOPE_FORWARD,,,CLOSED_NO_SHARED_ASSET
archive/exams/original/high/h1/2final/22_제일고_2학기_기말_고1_기출.js|22_제일고_2학기_기말_고1_기출|7,archive/exams/original/high/h1/2final/22_제일고_2학기_기말_고1_기출.js,22_제일고_2학기_기말_고1_기출,7,7,7,2015,수학(하),H15-SB-03,함수,3,H15-SB-03-FUNCTION_RELATION,함수의 뜻과 대응,rule_inferred,complete_rule,객관식,grid,false,객관식|함수,0732b2b26e6ab3a08691f3079f29b619c8c94523d7e23de6d5a6d0928dd3f356,ff782081a4cc25de5ebd8fdb3b10e93e0a2a8b181fb4cabb15c6d4c8f83c7224,0bdef091c479702584f065d3a3714f8a76f851b3f0cf10912f345a5dd930b0a8,84cb3adab1541e360879360385129af25461499c0086ab402eb84777427bbf63,,,,,0,LOADED_VM,,NOT_STARTED,NOT_STARTED,NOT_STARTED,SVG_REQUIRED_MISSING,SVG_REQUIRED_MISSING,GRAPH_OR_FUNCTION_STRUCTURE|SET_OR_LOGIC_STRUCTURE,,GRAPH_CANDIDATE,NO_PROBLEM_VISUAL,REVIEW_REQUIRED,NONE,NOT_STARTED,,,,NOT_STARTED,NOT_STARTED,NOT_STARTED,NOT_TESTED,PASS,canonical_and_compiled_master_match,INVENTORY_PENDING,01_scope_inventory.csv#archive/exams/original/high/h1/2final/22_제일고_2학기_기말_고1_기출.js|22_제일고_2학기_기말_고1_기출|7,,INDEX_RECORD_PRESENT,original/high/h1/2final/22_제일고_2학기_기말_고1_기출.js_7,ee97fdbb4abd7aec21b68d492ff44de0a5f90764ef3e97193b3e18ca5ba9011e,true,⑤,IN_SCOPE_FORWARD,,,CLOSED_NO_SHARED_ASSET
archive/exams/original/high/h1/2final/22_제일고_2학기_기말_고1_기출.js|22_제일고_2학기_기말_고1_기출|10,archive/exams/original/high/h1/2final/22_제일고_2학기_기말_고1_기출.js,22_제일고_2학기_기말_고1_기출,10,10,10,2015,수학(하),H15-SB-03,함수,3,H15-SB-03-COMPOSITE_FUNCTION,합성함수,rule_inferred,complete_rule,객관식,grid,false,객관식|함수,56ec647f849d0b27dc1176600be46449c730438bcd06787ef06c94cd9768f8bb,1bd90f9325a3d96ae20e271398d222e2e49f929ce0e8fd183dcd463ccfc8ba99,dfde05a3668030e99ca64d8d4ae5f6b64c7a87cee61c0ba43904b92ef210191d,b42d82bbcf22333bf1ae00a9281760504dc4a7c0c4a61d331818de5af9da479c,,,,,0,LOADED_VM,,NOT_STARTED,NOT_STARTED,NOT_STARTED,SVG_REQUIRED_MISSING,SVG_REQUIRED_MISSING,GRAPH_OR_FUNCTION_STRUCTURE,,GRAPH_CANDIDATE,NO_PROBLEM_VISUAL,REVIEW_REQUIRED,NONE,NOT_STARTED,,,,NOT_STARTED,NOT_STARTED,NOT_STARTED,NOT_TESTED,PASS,canonical_and_compiled_master_match,INVENTORY_PENDING,01_scope_inventory.csv#archive/exams/original/high/h1/2final/22_제일고_2학기_기말_고1_기출.js|22_제일고_2학기_기말_고1_기출|10,,INDEX_RECORD_PRESENT,original/high/h1/2final/22_제일고_2학기_기말_고1_기출.js_10,ee97fdbb4abd7aec21b68d492ff44de0a5f90764ef3e97193b3e18ca5ba9011e,true,②,IN_SCOPE_FORWARD,,,CLOSED_NO_SHARED_ASSET
archive/exams/original/high/h1/2final/22_제일고_2학기_기말_고1_기출.js|22_제일고_2학기_기말_고1_기출|16,archive/exams/original/high/h1/2final/22_제일고_2학기_기말_고1_기출.js,22_제일고_2학기_기말_고1_기출,16,16,16,2015,수학(하),H15-SB-03,함수,3,H15-SB-03-INVERSE_FUNCTION,역함수,rule_inferred,complete_rule,객관식,grid,false,객관식|함수,3f209b8219964775232d523f05714a3093a78d47bbf3e1a9f387191d1eec5837,1bd90f9325a3d96ae20e271398d222e2e49f929ce0e8fd183dcd463ccfc8ba99,d41ea6521f53fb3dfa10cf72e2932f4405d9c999fa422cdc840d25d57e90dd34,fadb7ad7fc9d25ae97d41fd4ac84441e7476b1d2ee75e67c9ae4840310f8e5a1,,,,,0,LOADED_VM,,NOT_STARTED,NOT_STARTED,NOT_STARTED,SVG_REQUIRED_MISSING,SVG_REQUIRED_MISSING,GRAPH_OR_FUNCTION_STRUCTURE|SET_OR_LOGIC_STRUCTURE,,GRAPH_CANDIDATE,NO_PROBLEM_VISUAL,REVIEW_REQUIRED,NONE,NOT_STARTED,,,,NOT_STARTED,NOT_STARTED,NOT_STARTED,NOT_TESTED,PASS,canonical_and_compiled_master_match,INVENTORY_PENDING,01_scope_inventory.csv#archive/exams/original/high/h1/2final/22_제일고_2학기_기말_고1_기출.js|22_제일고_2학기_기말_고1_기출|16,,INDEX_RECORD_PRESENT,original/high/h1/2final/22_제일고_2학기_기말_고1_기출.js_16,ee97fdbb4abd7aec21b68d492ff44de0a5f90764ef3e97193b3e18ca5ba9011e,true,④,IN_SCOPE_FORWARD,,,CLOSED_NO_SHARED_ASSET
archive/exams/original/high/h1/2final/22_제일고_2학기_기말_고1_기출.js|22_제일고_2학기_기말_고1_기출|17,archive/exams/original/high/h1/2final/22_제일고_2학기_기말_고1_기출.js,22_제일고_2학기_기말_고1_기출,17,17,17,2015,수학(하),H15-SB-03,함수,3,H15-SB-03-FUNCTION_RELATION,함수의 뜻과 대응,rule_inferred,complete_rule,객관식,grid,false,객관식|함수,956fb35956ed6c9cc74e2bbcde94e4d03aa145d154e0475143b0894792517bb3,cf90dbf17442dc54120b9e8965af749f0dc16e866f46a121f86c3704d62c4b0b,0bdef091c479702584f065d3a3714f8a76f851b3f0cf10912f345a5dd930b0a8,4277f4e4156ecb6c42a8b0b644f352e4b1c7b360d8bd31732eda83b5e2284b75,,,,,0,LOADED_VM,,NOT_STARTED,NOT_STARTED,NOT_STARTED,SVG_REQUIRED_MISSING,SVG_REQUIRED_MISSING,GRAPH_OR_FUNCTION_STRUCTURE,,GRAPH_CANDIDATE,NO_PROBLEM_VISUAL,REVIEW_REQUIRED,NONE,NOT_STARTED,,,,NOT_STARTED,NOT_STARTED,NOT_STARTED,NOT_TESTED,PASS,canonical_and_compiled_master_match,INVENTORY_PENDING,01_scope_inventory.csv#archive/exams/original/high/h1/2final/22_제일고_2학기_기말_고1_기출.js|22_제일고_2학기_기말_고1_기출|17,,INDEX_RECORD_PRESENT,original/high/h1/2final/22_제일고_2학기_기말_고1_기출.js_17,ee97fdbb4abd7aec21b68d492ff44de0a5f90764ef3e97193b3e18ca5ba9011e,true,⑤,IN_SCOPE_FORWARD,,,CLOSED_NO_SHARED_ASSET
archive/exams/original/high/h1/2final/22_제일고_2학기_기말_고1_기출.js|22_제일고_2학기_기말_고1_기출|19,archive/exams/original/high/h1/2final/22_제일고_2학기_기말_고1_기출.js,22_제일고_2학기_기말_고1_기출,19,19,19,2015,수학(하),H15-SB-03,함수,3,H15-SB-03-FUNCTION_RELATION,함수의 뜻과 대응,rule_inferred,complete_rule,서술형,grid,false,서술형|함수,73b50c8b4cf05d9abc2dc188b934a954d4159e1fea4c57d29aaeb9466547e3f1,4f53cda18c2baa0c0354bb5f9a3ecbe5ed12ab4d8e11ba873c2f11161202b945,33701ace349fb1f119756296ca78001fa882c3c1d76ab496580966043a13ee22,1c8d0367d5aefc773fdd12e71f1cd28cf0684013fdbe711500233c0b67145324,,,,,0,LOADED_VM,,NOT_STARTED,NOT_STARTED,NOT_STARTED,SVG_REQUIRED_MISSING,SVG_REQUIRED_MISSING,SET_OR_LOGIC_STRUCTURE,,VISUAL_CANDIDATE,NO_PROBLEM_VISUAL,SCHEMATIC_OR_REVIEW,NONE,NOT_STARTED,,,,NOT_STARTED,NOT_STARTED,NOT_STARTED,NOT_TESTED,PASS,canonical_and_compiled_master_match,INVENTORY_PENDING,01_scope_inventory.csv#archive/exams/original/high/h1/2final/22_제일고_2학기_기말_고1_기출.js|22_제일고_2학기_기말_고1_기출|19,,INDEX_RECORD_PRESENT,original/high/h1/2final/22_제일고_2학기_기말_고1_기출.js_19,ee97fdbb4abd7aec21b68d492ff44de0a5f90764ef3e97193b3e18ca5ba9011e,true,(1) $35$　(2) $840$,IN_SCOPE_FORWARD,,,CLOSED_NO_SHARED_ASSET
archive/exams/original/high/h1/2final/22_제일고_2학기_기말_고1_기출.js|22_제일고_2학기_기말_고1_기출|20,archive/exams/original/high/h1/2final/22_제일고_2학기_기말_고1_기출.js,22_제일고_2학기_기말_고1_기출,20,20,20,2015,수학(하),H15-SB-03,함수,3,H15-SB-03-COMPOSITE_FUNCTION,합성함수,rule_inferred,complete_rule,서술형,grid,false,서술형|함수,17688d97b48b724a14eb6bbd0417e1ccac6a22c50c3956776822490efb92d5fd,4f53cda18c2baa0c0354bb5f9a3ecbe5ed12ab4d8e11ba873c2f11161202b945,ffa048e602dcb60dfe23af261f011e6cd0e836473cc96df335f868238243b6f8,7697aedc5be00718c3d6155ef95f0845a2bdad9f5a1a864a0cc64c2f57bdefed,,,,,0,LOADED_VM,,NOT_STARTED,NOT_STARTED,NOT_STARTED,SVG_REQUIRED_MISSING,SVG_REQUIRED_MISSING,GRAPH_OR_FUNCTION_STRUCTURE|SET_OR_LOGIC_STRUCTURE,,GRAPH_CANDIDATE,NO_PROBLEM_VISUAL,REVIEW_REQUIRED,NONE,NOT_STARTED,,,,NOT_STARTED,NOT_STARTED,NOT_STARTED,NOT_TESTED,PASS,canonical_and_compiled_master_match,INVENTORY_PENDING,01_scope_inventory.csv#archive/exams/original/high/h1/2final/22_제일고_2학기_기말_고1_기출.js|22_제일고_2학기_기말_고1_기출|20,,INDEX_RECORD_PRESENT,original/high/h1/2final/22_제일고_2학기_기말_고1_기출.js_20,ee97fdbb4abd7aec21b68d492ff44de0a5f90764ef3e97193b3e18ca5ba9011e,true,$57$,IN_SCOPE_FORWARD,,,CLOSED_NO_SHARED_ASSET
archive/exams/original/high/h1/2final/22_팔마고_2학기_기말_고1_기출.js|22_팔마고_2학기_기말_고1_기출|9,archive/exams/original/high/h1/2final/22_팔마고_2학기_기말_고1_기출.js,22_팔마고_2학기_기말_고1_기출,9,9,9,2015,수학(하),H15-SB-03,함수,3,H15-SB-03-COMPOSITE_FUNCTION,합성함수,rule_inferred,complete_rule,객관식,grid,false,함수,41d99a7e86e75ca29c54a6e74dea966fda9a62318d3a599076dc8662ce3abda4,2129c4ff85bc67ce23fc6f7dabe4897835224b49864dfbc52c9a752477c5fc79,973d2fd2f97e26a666f403b12da6d87e527985b36bcf4ff0a47c7e7e8c36321a,e88f7f54dbffb0852a2809325b5b87a509139efea7f8e871a20690ba22828511,,,,,0,LOADED_VM,,NOT_STARTED,NOT_STARTED,NOT_STARTED,SVG_OPTIONAL,SVG_OPTIONAL,,,NONE,NO_PROBLEM_VISUAL,N/A,NONE,NOT_STARTED,,,,NOT_STARTED,NOT_STARTED,NOT_STARTED,NOT_TESTED,PASS,canonical_and_compiled_master_match,INVENTORY_PENDING,01_scope_inventory.csv#archive/exams/original/high/h1/2final/22_팔마고_2학기_기말_고1_기출.js|22_팔마고_2학기_기말_고1_기출|9,,INDEX_RECORD_PRESENT,original/high/h1/2final/22_팔마고_2학기_기말_고1_기출.js_9,4127c8cde5b54446f1ab25b2d78ad7320ec2102508c07004a493e2cdef2f524b,true,①,IN_SCOPE_FORWARD,,,CLOSED_NO_SHARED_ASSET
archive/exams/original/high/h1/2final/22_팔마고_2학기_기말_고1_기출.js|22_팔마고_2학기_기말_고1_기출|11,archive/exams/original/high/h1/2final/22_팔마고_2학기_기말_고1_기출.js,22_팔마고_2학기_기말_고1_기출,11,11,11,2015,수학(하),H15-SB-03,함수,3,H15-SB-03-FUNCTION_RELATION,함수의 뜻과 대응,rule_inferred,complete_rule,객관식,grid,false,함수,bff77237259b68c3013e4ae1b717f7aa8c89cda9fcc539e74c45e6cb366906d6,d1ada59ff30771d01e1d38c5ab38956b71fdab12553f26bf341d5b8a63f1ccb4,d41ea6521f53fb3dfa10cf72e2932f4405d9c999fa422cdc840d25d57e90dd34,68de1c845a5100b87d0dc5c4834a753ed646ea1f3a0b55c40e264293e39a36e3,,,,,0,LOADED_VM,,NOT_STARTED,NOT_STARTED,NOT_STARTED,SVG_REQUIRED_MISSING,SVG_REQUIRED_MISSING,SET_OR_LOGIC_STRUCTURE,,VISUAL_CANDIDATE,NO_PROBLEM_VISUAL,SCHEMATIC_OR_REVIEW,NONE,NOT_STARTED,,,,NOT_STARTED,NOT_STARTED,NOT_STARTED,NOT_TESTED,PASS,canonical_and_compiled_master_match,INVENTORY_PENDING,01_scope_inventory.csv#archive/exams/original/high/h1/2final/22_팔마고_2학기_기말_고1_기출.js|22_팔마고_2학기_기말_고1_기출|11,,INDEX_RECORD_PRESENT,original/high/h1/2final/22_팔마고_2학기_기말_고1_기출.js_11,4127c8cde5b54446f1ab25b2d78ad7320ec2102508c07004a493e2cdef2f524b,true,④,IN_SCOPE_FORWARD,,,CLOSED_NO_SHARED_ASSET
archive/exams/original/high/h1/2final/22_효천고_2학기_기말_고1_기출.js|22_효천고_2학기_기말_고1_기출|1,archive/exams/original/high/h1/2final/22_효천고_2학기_기말_고1_기출.js,22_효천고_2학기_기말_고1_기출,1,1,1,2015,수학(하),H15-SB-03,함수,3,H15-SB-03-INVERSE_FUNCTION,역함수,rule_inferred,complete_rule,객관식,grid,false,객관식,a10fc4a78cce17bba319ad5f806484007dda9e6b78818448af78d92aa0bef049,b0e002c7ff75725796d45221567a1912d04fc56988ff4290736826d207f5b5f1,0bdef091c479702584f065d3a3714f8a76f851b3f0cf10912f345a5dd930b0a8,8d31262e9c30d949856b54a8e664cb645aa49b9b6cce75d5e9d2e3267c058584,,,,,0,LOADED_VM,,NOT_STARTED,NOT_STARTED,NOT_STARTED,SVG_REQUIRED_MISSING,SVG_REQUIRED_MISSING,GRAPH_OR_FUNCTION_STRUCTURE,,GRAPH_CANDIDATE,NO_PROBLEM_VISUAL,REVIEW_REQUIRED,NONE,NOT_STARTED,,,,NOT_STARTED,NOT_STARTED,NOT_STARTED,NOT_TESTED,PASS,canonical_and_compiled_master_match,INVENTORY_PENDING,01_scope_inventory.csv#archive/exams/original/high/h1/2final/22_효천고_2학기_기말_고1_기출.js|22_효천고_2학기_기말_고1_기출|1,,INDEX_RECORD_PRESENT,original/high/h1/2final/22_효천고_2학기_기말_고1_기출.js_1,67141a2de94277956b9ae850593a935474142028efd86741f8ae9929a7905ec5,true,⑤,IN_SCOPE_FORWARD,,,CLOSED_NO_SHARED_ASSET
archive/exams/original/high/h1/2final/22_효천고_2학기_기말_고1_기출.js|22_효천고_2학기_기말_고1_기출|11,archive/exams/original/high/h1/2final/22_효천고_2학기_기말_고1_기출.js,22_효천고_2학기_기말_고1_기출,11,11,11,2015,수학(하),H15-SB-03,함수,3,H15-SB-03-INVERSE_FUNCTION,역함수,rule_inferred,complete_rule,객관식,grid,false,객관식,6380eed3e0fffaa67644df2634a1901e0ae3089b3d5fad66478953c2b472d9b0,0adc4d5a381fe1f91e788eeb5b6d3b82d7d9dafdeb911f52289db69863e856f5,973d2fd2f97e26a666f403b12da6d87e527985b36bcf4ff0a47c7e7e8c36321a,7c8fc51805a8ab79d5faa682f79a0fc05b456f11446802f1999b7261f20ec30b,,,,,0,LOADED_VM,,NOT_STARTED,NOT_STARTED,NOT_STARTED,SVG_REQUIRED_MISSING,SVG_REQUIRED_MISSING,GRAPH_OR_FUNCTION_STRUCTURE|SET_OR_LOGIC_STRUCTURE|COUNTING_STRUCTURE,,GRAPH_CANDIDATE,NO_PROBLEM_VISUAL,REVIEW_REQUIRED,NONE,NOT_STARTED,,,,NOT_STARTED,NOT_STARTED,NOT_STARTED,NOT_TESTED,PASS,canonical_and_compiled_master_match,INVENTORY_PENDING,01_scope_inventory.csv#archive/exams/original/high/h1/2final/22_효천고_2학기_기말_고1_기출.js|22_효천고_2학기_기말_고1_기출|11,,INDEX_RECORD_PRESENT,original/high/h1/2final/22_효천고_2학기_기말_고1_기출.js_11,67141a2de94277956b9ae850593a935474142028efd86741f8ae9929a7905ec5,true,①,IN_SCOPE_FORWARD,,,CLOSED_NO_SHARED_ASSET
archive/exams/original/high/h1/2final/22_효천고_2학기_기말_고1_기출.js|22_효천고_2학기_기말_고1_기출|13,archive/exams/original/high/h1/2final/22_효천고_2학기_기말_고1_기출.js,22_효천고_2학기_기말_고1_기출,13,13,13,2015,수학(하),H15-SB-03,함수,3,H15-SB-03-INVERSE_FUNCTION,역함수,rule_inferred,complete_rule,객관식,grid,false,객관식,3c1e533dbfb7358307c1339e060222aae73c8f94d3c8970eace66482a9ad72f8,33df25322b696566a74a473e6940f30d5f9cef7ece09c5631ef8d9de89413abe,dfde05a3668030e99ca64d8d4ae5f6b64c7a87cee61c0ba43904b92ef210191d,142105b1c57aec3383082d5b89423b7cf0a2e5f2da29ebcae8755f33ebd14eab,,,,,0,LOADED_VM,,NOT_STARTED,NOT_STARTED,NOT_STARTED,SVG_REQUIRED_MISSING,SVG_REQUIRED_MISSING,GRAPH_OR_FUNCTION_STRUCTURE,,GRAPH_CANDIDATE,NO_PROBLEM_VISUAL,REVIEW_REQUIRED,NONE,NOT_STARTED,,,,NOT_STARTED,NOT_STARTED,NOT_STARTED,NOT_TESTED,PASS,canonical_and_compiled_master_match,INVENTORY_PENDING,01_scope_inventory.csv#archive/exams/original/high/h1/2final/22_효천고_2학기_기말_고1_기출.js|22_효천고_2학기_기말_고1_기출|13,,INDEX_RECORD_PRESENT,original/high/h1/2final/22_효천고_2학기_기말_고1_기출.js_13,67141a2de94277956b9ae850593a935474142028efd86741f8ae9929a7905ec5,true,②,IN_SCOPE_FORWARD,,,CLOSED_NO_SHARED_ASSET
archive/exams/original/high/h1/2final/22_효천고_2학기_기말_고1_기출.js|22_효천고_2학기_기말_고1_기출|19,archive/exams/original/high/h1/2final/22_효천고_2학기_기말_고1_기출.js,22_효천고_2학기_기말_고1_기출,19,19,19,2015,수학(하),H15-SB-03,함수,3,H15-SB-03-FUNCTION_RELATION,함수의 뜻과 대응,rule_inferred,complete_rule,서술형,grid,false,서술형,636b586573b741ae618bd5a54fb572efdf55fd871368dc44e2d7e2f828884340,4f53cda18c2baa0c0354bb5f9a3ecbe5ed12ab4d8e11ba873c2f11161202b945,24fe5b5a1a21eac72244bcce81a5b63bd321b918b0d2f4c14e55572d832b3a20,3537e7237156b7c95a8f900cd85cb756126ab5f8de579cc14a6fc9df7819a833,,,,,0,LOADED_VM,,NOT_STARTED,NOT_STARTED,NOT_STARTED,SVG_REQUIRED_MISSING,SVG_REQUIRED_MISSING,SET_OR_LOGIC_STRUCTURE|COUNTING_STRUCTURE|TABLE_OR_MATRIX_STRUCTURE,,VISUAL_CANDIDATE,NO_PROBLEM_VISUAL,SCHEMATIC_OR_REVIEW,NONE,NOT_STARTED,,,,NOT_STARTED,NOT_STARTED,NOT_STARTED,NOT_TESTED,PASS,canonical_and_compiled_master_match,INVENTORY_PENDING,01_scope_inventory.csv#archive/exams/original/high/h1/2final/22_효천고_2학기_기말_고1_기출.js|22_효천고_2학기_기말_고1_기출|19,,INDEX_RECORD_PRESENT,original/high/h1/2final/22_효천고_2학기_기말_고1_기출.js_19,67141a2de94277956b9ae850593a935474142028efd86741f8ae9929a7905ec5,true,$7^4$,IN_SCOPE_FORWARD,,,CLOSED_NO_SHARED_ASSET
archive/exams/original/high/h1/2final/23_강남여고_2학기_기말_고1_기출.js|23_강남여고_2학기_기말_고1_기출|2,archive/exams/original/high/h1/2final/23_강남여고_2학기_기말_고1_기출.js,23_강남여고_2학기_기말_고1_기출,2,2,2,2015,수학(하),H15-SB-03,함수,3,H15-SB-03-COMPOSITE_FUNCTION,합성함수,rule_inferred,complete_rule,객관식,grid,false,객관식|합성함수,b9354454ae74a41718d39af974d83855bbca28cd3d312991c3731a7e44757ade,33df25322b696566a74a473e6940f30d5f9cef7ece09c5631ef8d9de89413abe,973d2fd2f97e26a666f403b12da6d87e527985b36bcf4ff0a47c7e7e8c36321a,86de1a5b7a77cd67b3ed173ae5a186a204dfd0ec9e25aabf385ea6da9b7405b9,,,,,0,LOADED_VM,,NOT_STARTED,NOT_STARTED,NOT_STARTED,SVG_OPTIONAL,SVG_OPTIONAL,,,NONE,NO_PROBLEM_VISUAL,N/A,NONE,NOT_STARTED,,,,NOT_STARTED,NOT_STARTED,NOT_STARTED,NOT_TESTED,PASS,canonical_and_compiled_master_match,INVENTORY_PENDING,01_scope_inventory.csv#archive/exams/original/high/h1/2final/23_강남여고_2학기_기말_고1_기출.js|23_강남여고_2학기_기말_고1_기출|2,,INDEX_RECORD_PRESENT,original/high/h1/2final/23_강남여고_2학기_기말_고1_기출.js_2,dbba44e2fc75d98ca4f7ee455c111ec9de67aa465e6ee14518868b0fd2986c99,true,①,IN_SCOPE_FORWARD,,,CLOSED_NO_SHARED_ASSET
archive/exams/original/high/h1/2final/23_강남여고_2학기_기말_고1_기출.js|23_강남여고_2학기_기말_고1_기출|3,archive/exams/original/high/h1/2final/23_강남여고_2학기_기말_고1_기출.js,23_강남여고_2학기_기말_고1_기출,3,3,3,2015,수학(하),H15-SB-03,함수,3,H15-SB-03-INVERSE_FUNCTION,역함수,rule_inferred,complete_rule,객관식,grid,false,객관식|역함수,1223f55becbb3e44f505f9635a2d733b2538a7717af8ad37fd46a16326c1f696,089e9ad75d1e53f0176287410930641bc497a7ce15eaf881f7096b9eb287d699,dfde05a3668030e99ca64d8d4ae5f6b64c7a87cee61c0ba43904b92ef210191d,2657124dbea06daf7d7b3550bc840d489c14ba6b5e5ba8d0d67ddad9e9d798b6,,,,,0,LOADED_VM,,NOT_STARTED,NOT_STARTED,NOT_STARTED,SVG_OPTIONAL,SVG_OPTIONAL,,,NONE,NO_PROBLEM_VISUAL,N/A,NONE,NOT_STARTED,,,,NOT_STARTED,NOT_STARTED,NOT_STARTED,NOT_TESTED,PASS,canonical_and_compiled_master_match,INVENTORY_PENDING,01_scope_inventory.csv#archive/exams/original/high/h1/2final/23_강남여고_2학기_기말_고1_기출.js|23_강남여고_2학기_기말_고1_기출|3,,INDEX_RECORD_PRESENT,original/high/h1/2final/23_강남여고_2학기_기말_고1_기출.js_3,dbba44e2fc75d98ca4f7ee455c111ec9de67aa465e6ee14518868b0fd2986c99,true,②,IN_SCOPE_FORWARD,,,CLOSED_NO_SHARED_ASSET
archive/exams/original/high/h1/2final/23_강남여고_2학기_기말_고1_기출.js|23_강남여고_2학기_기말_고1_기출|9,archive/exams/original/high/h1/2final/23_강남여고_2학기_기말_고1_기출.js,23_강남여고_2학기_기말_고1_기출,9,9,9,2015,수학(하),H15-SB-03,함수,3,H15-SB-03-COMPOSITE_FUNCTION,합성함수,rule_inferred,complete_rule,객관식,grid,false,객관식|합성함수와 역함수,0897e77ee1570963940c5abfa7cd562d4987ec725ed555c6dfcd88743e1cfe23,bb261d5f01a50a754f98d4eecc42aa818c29a2541bead810704872de0f8723b3,973d2fd2f97e26a666f403b12da6d87e527985b36bcf4ff0a47c7e7e8c36321a,f1ae0cfcc280dff7c7441e025b803309aeaaf1b45777c5fba205a2e7e3955329,,,,,0,LOADED_VM,,NOT_STARTED,NOT_STARTED,NOT_STARTED,SVG_REQUIRED_MISSING,SVG_REQUIRED_MISSING,GRAPH_OR_FUNCTION_STRUCTURE,,GRAPH_CANDIDATE,NO_PROBLEM_VISUAL,REVIEW_REQUIRED,NONE,NOT_STARTED,,,,NOT_STARTED,NOT_STARTED,NOT_STARTED,NOT_TESTED,PASS,canonical_and_compiled_master_match,INVENTORY_PENDING,01_scope_inventory.csv#archive/exams/original/high/h1/2final/23_강남여고_2학기_기말_고1_기출.js|23_강남여고_2학기_기말_고1_기출|9,,INDEX_RECORD_PRESENT,original/high/h1/2final/23_강남여고_2학기_기말_고1_기출.js_9,dbba44e2fc75d98ca4f7ee455c111ec9de67aa465e6ee14518868b0fd2986c99,true,①,IN_SCOPE_FORWARD,,,CLOSED_NO_SHARED_ASSET
archive/exams/original/high/h1/2final/23_강남여고_2학기_기말_고1_기출.js|23_강남여고_2학기_기말_고1_기출|11,archive/exams/original/high/h1/2final/23_강남여고_2학기_기말_고1_기출.js,23_강남여고_2학기_기말_고1_기출,11,11,11,2015,수학(하),H15-SB-03,함수,3,H15-SB-03-FUNCTION_RELATION,함수의 뜻과 대응,rule_inferred,complete_rule,객관식,grid,false,객관식|함수의 개수,c5a71dfad00cdc34ae10530569f7e733590179d15d17ab703c59a8efbebebc97,f0495f552c2d25b5ab10d6f05021c72d35f58bae1bbf578f964ee1affe686d8d,0bdef091c479702584f065d3a3714f8a76f851b3f0cf10912f345a5dd930b0a8,b4cd0c66fbe7ad6e33ff60134dd20592ba1fff214d65036dd0bd8769feb89a2d,,,,,0,LOADED_VM,,NOT_STARTED,NOT_STARTED,NOT_STARTED,SVG_REQUIRED_MISSING,SVG_REQUIRED_MISSING,GRAPH_OR_FUNCTION_STRUCTURE|SET_OR_LOGIC_STRUCTURE,,GRAPH_CANDIDATE,NO_PROBLEM_VISUAL,REVIEW_REQUIRED,NONE,NOT_STARTED,,,,NOT_STARTED,NOT_STARTED,NOT_STARTED,NOT_TESTED,PASS,canonical_and_compiled_master_match,INVENTORY_PENDING,01_scope_inventory.csv#archive/exams/original/high/h1/2final/23_강남여고_2학기_기말_고1_기출.js|23_강남여고_2학기_기말_고1_기출|11,,INDEX_RECORD_PRESENT,original/high/h1/2final/23_강남여고_2학기_기말_고1_기출.js_11,dbba44e2fc75d98ca4f7ee455c111ec9de67aa465e6ee14518868b0fd2986c99,true,⑤,IN_SCOPE_FORWARD,,,CLOSED_NO_SHARED_ASSET
archive/exams/original/high/h1/2final/23_강남여고_2학기_기말_고1_기출.js|23_강남여고_2학기_기말_고1_기출|12,archive/exams/original/high/h1/2final/23_강남여고_2학기_기말_고1_기출.js,23_강남여고_2학기_기말_고1_기출,12,12,12,2015,수학(하),H15-SB-03,함수,3,H15-SB-03-COMPOSITE_FUNCTION,합성함수,rule_inferred,complete_rule,객관식,grid,false,객관식|합성함수의 그래프|그래프,975ae101d262a3eef41c766dd01ef5bd9b7b99f9e73a06924120945431c0af1b,ff782081a4cc25de5ebd8fdb3b10e93e0a2a8b181fb4cabb15c6d4c8f83c7224,b15be6cb71072b84f7e1e198ce023fc5bb8b1e625335904ddcf3cffcd8b7312b,5f536702c65ffc98db13d8562de6b620ed5b2f55fe25cb3c45ad1e3a1d216c10,assets/images/23_강남여고_2학기_기말_고1_기출/q12.png,ed72d00ccc58c7e6abab0efaf90bf422b174d488f5d222d409245e48b8e9d884,,,0,LOADED_VM,,NOT_STARTED,NOT_STARTED,NOT_STARTED,SVG_REQUIRED_MISSING,SVG_REQUIRED_MISSING,GRAPH_OR_FUNCTION_STRUCTURE|SET_OR_LOGIC_STRUCTURE,,GRAPH_CANDIDATE,PROBLEM_VISUAL_PRESENT,REVIEW_REQUIRED,NONE,NOT_STARTED,,,,NOT_STARTED,NOT_STARTED,NOT_STARTED,NOT_TESTED,PASS,canonical_and_compiled_master_match,INVENTORY_PENDING,01_scope_inventory.csv#archive/exams/original/high/h1/2final/23_강남여고_2학기_기말_고1_기출.js|23_강남여고_2학기_기말_고1_기출|12,[object Object],INDEX_RECORD_PRESENT,original/high/h1/2final/23_강남여고_2학기_기말_고1_기출.js_12,dbba44e2fc75d98ca4f7ee455c111ec9de67aa465e6ee14518868b0fd2986c99,true,③,IN_SCOPE_FORWARD,,,CLOSED_NO_SHARED_ASSET
archive/exams/original/high/h1/2final/23_강남여고_2학기_기말_고1_기출.js|23_강남여고_2학기_기말_고1_기출|15,archive/exams/original/high/h1/2final/23_강남여고_2학기_기말_고1_기출.js,23_강남여고_2학기_기말_고1_기출,15,15,15,2015,수학(하),H15-SB-03,함수,3,H15-SB-03-INVERSE_FUNCTION,역함수,rule_inferred,complete_rule,객관식,grid,false,객관식|역함수,dc0510a3ff1967cf712937100a269fa6fb118bb169a1e9807a22153e198decb6,0497669fb6b6c83ac4ad75ea241c3f8170357533eac8a92bc6bf171e72f610b0,0bdef091c479702584f065d3a3714f8a76f851b3f0cf10912f345a5dd930b0a8,a1646ec77d25b1069e73a1b3f66d631b020a9d2ace8e3f022298e77df01a2512,,,,,0,LOADED_VM,,NOT_STARTED,NOT_STARTED,NOT_STARTED,SVG_OPTIONAL,SVG_OPTIONAL,,,NONE,NO_PROBLEM_VISUAL,N/A,NONE,NOT_STARTED,,,,NOT_STARTED,NOT_STARTED,NOT_STARTED,NOT_TESTED,PASS,canonical_and_compiled_master_match,INVENTORY_PENDING,01_scope_inventory.csv#archive/exams/original/high/h1/2final/23_강남여고_2학기_기말_고1_기출.js|23_강남여고_2학기_기말_고1_기출|15,,INDEX_RECORD_PRESENT,original/high/h1/2final/23_강남여고_2학기_기말_고1_기출.js_15,dbba44e2fc75d98ca4f7ee455c111ec9de67aa465e6ee14518868b0fd2986c99,true,⑤,IN_SCOPE_FORWARD,,,CLOSED_NO_SHARED_ASSET
archive/exams/original/high/h1/2final/23_강남여고_2학기_기말_고1_기출.js|23_강남여고_2학기_기말_고1_기출|16,archive/exams/original/high/h1/2final/23_강남여고_2학기_기말_고1_기출.js,23_강남여고_2학기_기말_고1_기출,16,16,16,2015,수학(하),H15-SB-03,함수,3,H15-SB-03-FUNCTION_RELATION,함수의 뜻과 대응,rule_inferred,complete_rule,객관식,grid,false,객관식|일대일대응,4379d29c00c4189123b6de24013470876ba301a8ad6d7da7cd4bc17ce4aae832,8f9498718479ef73c60ad7ad92e9abaddc55da19930bff2223457f43a05a3c5d,dfde05a3668030e99ca64d8d4ae5f6b64c7a87cee61c0ba43904b92ef210191d,e60614cfff63cbd7853f1ae202fc2faee73e84ae4afa02fbf159e5d350c6a09b,,,,,0,LOADED_VM,,NOT_STARTED,NOT_STARTED,NOT_STARTED,SVG_REQUIRED_MISSING,SVG_REQUIRED_MISSING,GRAPH_OR_FUNCTION_STRUCTURE|COORDINATE_OR_GEOMETRY_STRUCTURE|SET_OR_LOGIC_STRUCTURE,,GRAPH_CANDIDATE,NO_PROBLEM_VISUAL,REVIEW_REQUIRED,NONE,NOT_STARTED,,,,NOT_STARTED,NOT_STARTED,NOT_STARTED,NOT_TESTED,PASS,canonical_and_compiled_master_match,INVENTORY_PENDING,01_scope_inventory.csv#archive/exams/original/high/h1/2final/23_강남여고_2학기_기말_고1_기출.js|23_강남여고_2학기_기말_고1_기출|16,,INDEX_RECORD_PRESENT,original/high/h1/2final/23_강남여고_2학기_기말_고1_기출.js_16,dbba44e2fc75d98ca4f7ee455c111ec9de67aa465e6ee14518868b0fd2986c99,true,②,IN_SCOPE_FORWARD,,,CLOSED_NO_SHARED_ASSET
archive/exams/original/high/h1/2final/23_강남여고_2학기_기말_고1_기출.js|23_강남여고_2학기_기말_고1_기출|17,archive/exams/original/high/h1/2final/23_강남여고_2학기_기말_고1_기출.js,23_강남여고_2학기_기말_고1_기출,17,17,17,2015,수학(하),H15-SB-03,함수,3,H15-SB-03-INVERSE_FUNCTION,역함수,rule_inferred,complete_rule,객관식,grid,false,객관식|일대일대응과 역함수,a4056898dcab6675e6da4479206bf68362843f1b75d9b42658adac7593baef65,cdad6cc74af4bff6b0160fc9df343f6d2ace465180e4e574249b0ff72b05b732,d41ea6521f53fb3dfa10cf72e2932f4405d9c999fa422cdc840d25d57e90dd34,05401e3149a5cab038fff63ef81c164650038ad6f3bf897e24076c385fab6957,,,,,0,LOADED_VM,,NOT_STARTED,NOT_STARTED,NOT_STARTED,SVG_REQUIRED_MISSING,SVG_REQUIRED_MISSING,SET_OR_LOGIC_STRUCTURE,,VISUAL_CANDIDATE,NO_PROBLEM_VISUAL,SCHEMATIC_OR_REVIEW,NONE,NOT_STARTED,,,,NOT_STARTED,NOT_STARTED,NOT_STARTED,NOT_TESTED,PASS,canonical_and_compiled_master_match,INVENTORY_PENDING,01_scope_inventory.csv#archive/exams/original/high/h1/2final/23_강남여고_2학기_기말_고1_기출.js|23_강남여고_2학기_기말_고1_기출|17,,INDEX_RECORD_PRESENT,original/high/h1/2final/23_강남여고_2학기_기말_고1_기출.js_17,dbba44e2fc75d98ca4f7ee455c111ec9de67aa465e6ee14518868b0fd2986c99,true,④,IN_SCOPE_FORWARD,,,CLOSED_NO_SHARED_ASSET
archive/exams/original/high/h1/2final/23_강남여고_2학기_기말_고1_기출.js|23_강남여고_2학기_기말_고1_기출|18,archive/exams/original/high/h1/2final/23_강남여고_2학기_기말_고1_기출.js,23_강남여고_2학기_기말_고1_기출,18,18,18,2015,수학(하),H15-SB-03,함수,3,H15-SB-03-COMPOSITE_FUNCTION,합성함수,rule_inferred,complete_rule,객관식,grid,false,객관식|함수의 반복 합성|그래프,7aabe8ab4b45b744392b1362fae6fa7f31ce8c492583654e2c187cc420a3ee20,b8be081d9849e246811856521504469efb6cf03fbeb79a5fb606fbf9dda1f158,dfde05a3668030e99ca64d8d4ae5f6b64c7a87cee61c0ba43904b92ef210191d,b5f8077df4f6743fb2d9f50d2691984eeba74ffd851ed8a2729b92d4173eb914,assets/images/23_강남여고_2학기_기말_고1_기출/q18.png,180758d06e8a4c5e0fa97c8ae537956a73b8155512b11ee496e43dad8413f970,,,0,LOADED_VM,,NOT_STARTED,NOT_STARTED,NOT_STARTED,SVG_REQUIRED_MISSING,SVG_REQUIRED_MISSING,GRAPH_OR_FUNCTION_STRUCTURE|COORDINATE_OR_GEOMETRY_STRUCTURE|TABLE_OR_MATRIX_STRUCTURE,,GRAPH_CANDIDATE,PROBLEM_VISUAL_PRESENT,REVIEW_REQUIRED,NONE,NOT_STARTED,,,,NOT_STARTED,NOT_STARTED,NOT_STARTED,NOT_TESTED,PASS,canonical_and_compiled_master_match,INVENTORY_PENDING,01_scope_inventory.csv#archive/exams/original/high/h1/2final/23_강남여고_2학기_기말_고1_기출.js|23_강남여고_2학기_기말_고1_기출|18,[object Object],INDEX_RECORD_PRESENT,original/high/h1/2final/23_강남여고_2학기_기말_고1_기출.js_18,dbba44e2fc75d98ca4f7ee455c111ec9de67aa465e6ee14518868b0fd2986c99,true,②,IN_SCOPE_FORWARD,,,CLOSED_NO_SHARED_ASSET
archive/exams/original/high/h1/2final/23_강남여고_2학기_기말_고1_기출.js|23_강남여고_2학기_기말_고1_기출|21,archive/exams/original/high/h1/2final/23_강남여고_2학기_기말_고1_기출.js,23_강남여고_2학기_기말_고1_기출,21,21,21,2015,수학(하),H15-SB-03,함수,3,H15-SB-03-INVERSE_FUNCTION,역함수,rule_inferred,complete_rule,서술형,grid,false,서술형|역함수,f48795e267a723d8e6856e7d1e030d6e0504392a227f029028df9018a4126115,4f53cda18c2baa0c0354bb5f9a3ecbe5ed12ab4d8e11ba873c2f11161202b945,b4bd23ec289f18518792701dab1a39fd25fc353655f02b5a6551479c7ccab77c,bc9b2af2e4521043befb3a8aa93a00096a7d9c42bcaede9288c2e41464803523,,,,,0,LOADED_VM,,NOT_STARTED,NOT_STARTED,NOT_STARTED,SVG_OPTIONAL,SVG_OPTIONAL,,,NONE,NO_PROBLEM_VISUAL,N/A,NONE,NOT_STARTED,,,,NOT_STARTED,NOT_STARTED,NOT_STARTED,NOT_TESTED,PASS,canonical_and_compiled_master_match,INVENTORY_PENDING,01_scope_inventory.csv#archive/exams/original/high/h1/2final/23_강남여고_2학기_기말_고1_기출.js|23_강남여고_2학기_기말_고1_기출|21,,INDEX_RECORD_PRESENT,original/high/h1/2final/23_강남여고_2학기_기말_고1_기출.js_21,dbba44e2fc75d98ca4f7ee455c111ec9de67aa465e6ee14518868b0fd2986c99,true,"$a=-4,\ b=2$",IN_SCOPE_FORWARD,,,CLOSED_NO_SHARED_ASSET
archive/exams/original/high/h1/2final/23_금당고_2학기_기말_고1_기출.js|23_금당고_2학기_기말_고1_기출|3,archive/exams/original/high/h1/2final/23_금당고_2학기_기말_고1_기출.js,23_금당고_2학기_기말_고1_기출,3,3,3,2015,수학(하),H15-SB-03,함수,3,H15-SB-03-COMPOSITE_FUNCTION,합성함수,rule_inferred,complete_rule,객관식,grid,false,객관식|함수|합성함수,55d6df7c7ffc76e9e9fa2973d258f81aaf60111744424486389f73ec1bfffe45,ff782081a4cc25de5ebd8fdb3b10e93e0a2a8b181fb4cabb15c6d4c8f83c7224,973d2fd2f97e26a666f403b12da6d87e527985b36bcf4ff0a47c7e7e8c36321a,2606362b72d37230d37ed275d2500129b8432b96cf0df0b4af361a0d3385acca,,,,,0,LOADED_VM,,NOT_STARTED,NOT_STARTED,NOT_STARTED,SVG_OPTIONAL,SVG_OPTIONAL,,,NONE,NO_PROBLEM_VISUAL,N/A,NONE,NOT_STARTED,,,,NOT_STARTED,NOT_STARTED,NOT_STARTED,NOT_TESTED,PASS,canonical_and_compiled_master_match,INVENTORY_PENDING,01_scope_inventory.csv#archive/exams/original/high/h1/2final/23_금당고_2학기_기말_고1_기출.js|23_금당고_2학기_기말_고1_기출|3,,INDEX_RECORD_PRESENT,original/high/h1/2final/23_금당고_2학기_기말_고1_기출.js_3,b9c298d810e5af6bb15bf929b00f5592b5715d2eb6e4e2da40f4624175ef7bdc,true,①,IN_SCOPE_FORWARD,,,CLOSED_NO_SHARED_ASSET
archive/exams/original/high/h1/2final/23_금당고_2학기_기말_고1_기출.js|23_금당고_2학기_기말_고1_기출|4,archive/exams/original/high/h1/2final/23_금당고_2학기_기말_고1_기출.js,23_금당고_2학기_기말_고1_기출,4,4,4,2015,수학(하),H15-SB-03,함수,3,H15-SB-03-FUNCTION_RELATION,함수의 뜻과 대응,rule_inferred,complete_rule,객관식,grid,false,객관식|함수|그래프,ff05910c5200fae04baa4d62da3cab7c721a2ae5627ee406993b0e5fb0ede478,4f53cda18c2baa0c0354bb5f9a3ecbe5ed12ab4d8e11ba873c2f11161202b945,dfde05a3668030e99ca64d8d4ae5f6b64c7a87cee61c0ba43904b92ef210191d,3418d841e438c095f2ece94fe76a19fd0121eb7966ebb2feff887a8183d1fd56,assets/images/23_금당고_2학기_기말_고1_기출/q4.png,4b2cb43e7c6fd4fb545266e1b18a932b60b839496460c76f2b4e30f071634707,,,0,LOADED_VM,,NOT_STARTED,NOT_STARTED,NOT_STARTED,SVG_REQUIRED_MISSING,SVG_REQUIRED_MISSING,GRAPH_OR_FUNCTION_STRUCTURE|COORDINATE_OR_GEOMETRY_STRUCTURE|SET_OR_LOGIC_STRUCTURE,,GRAPH_CANDIDATE,PROBLEM_VISUAL_PRESENT,REVIEW_REQUIRED,NONE,NOT_STARTED,,,,NOT_STARTED,NOT_STARTED,NOT_STARTED,NOT_TESTED,PASS,canonical_and_compiled_master_match,INVENTORY_PENDING,01_scope_inventory.csv#archive/exams/original/high/h1/2final/23_금당고_2학기_기말_고1_기출.js|23_금당고_2학기_기말_고1_기출|4,[object Object],INDEX_RECORD_PRESENT,original/high/h1/2final/23_금당고_2학기_기말_고1_기출.js_4,b9c298d810e5af6bb15bf929b00f5592b5715d2eb6e4e2da40f4624175ef7bdc,true,②,IN_SCOPE_FORWARD,,,CLOSED_NO_SHARED_ASSET
archive/exams/original/high/h1/2final/23_금당고_2학기_기말_고1_기출.js|23_금당고_2학기_기말_고1_기출|8,archive/exams/original/high/h1/2final/23_금당고_2학기_기말_고1_기출.js,23_금당고_2학기_기말_고1_기출,8,8,8,2015,수학(하),H15-SB-03,함수,3,H15-SB-03-INVERSE_FUNCTION,역함수,rule_inferred,complete_rule,객관식,grid,false,객관식|함수|역함수|그래프,2e8e1069f509e20b09524d6bde315b4182c9247fdac28cf7b6004c4a428466c0,4278fabffe34cdc457a01eab1fc166d817a2f85518ea291ee698655fa3f97f67,dfde05a3668030e99ca64d8d4ae5f6b64c7a87cee61c0ba43904b92ef210191d,30d3ac7a1536350f263a69586df08300763d8960d63eb27af246291cbbcc85c4,,,assets/images/23_금당고_2학기_기말_고1_기출/q08-solution.svg,b54514acafa5138610a7ec029777d39fb462963e455248b212d38508447792e4,0,LOADED_VM,,NOT_STARTED,NOT_STARTED,NOT_STARTED,SOURCE_REVIEW,SOURCE_REVIEW,GRAPH_OR_FUNCTION_STRUCTURE|COORDINATE_OR_GEOMETRY_STRUCTURE,,SVG,NO_PROBLEM_VISUAL,REVIEW_REQUIRED,SOLUTION_SVG,NOT_STARTED,,,790e4a908ab39905bac01163b4df9c9c9968bc3da346dd23a10fd261e999daa9,NOT_STARTED,NOT_STARTED,NOT_STARTED,NOT_TESTED,PASS,canonical_and_compiled_master_match,INVENTORY_PENDING,01_scope_inventory.csv#archive/exams/original/high/h1/2final/23_금당고_2학기_기말_고1_기출.js|23_금당고_2학기_기말_고1_기출|8,[object Object],INDEX_RECORD_PRESENT,original/high/h1/2final/23_금당고_2학기_기말_고1_기출.js_8,b9c298d810e5af6bb15bf929b00f5592b5715d2eb6e4e2da40f4624175ef7bdc,true,②,IN_SCOPE_FORWARD,,,CLOSED_NO_SHARED_ASSET
archive/exams/original/high/h1/2final/23_금당고_2학기_기말_고1_기출.js|23_금당고_2학기_기말_고1_기출|10,archive/exams/original/high/h1/2final/23_금당고_2학기_기말_고1_기출.js,23_금당고_2학기_기말_고1_기출,10,10,10,2015,수학(하),H15-SB-03,함수,3,H15-SB-03-INVERSE_FUNCTION,역함수,rule_inferred,complete_rule,객관식,grid,false,객관식|함수|일대일대응|역함수,4bbea0a2643e54747b9bd9048ce09bf346edab40e3f39afa72bae2513fe44634,f573bc45c1f7072220d3efb3f6ac067ca0bd254d11578ec64b9ab053f4338b96,973d2fd2f97e26a666f403b12da6d87e527985b36bcf4ff0a47c7e7e8c36321a,aa542ddbe4c4f758d4f1a703f5e95ea201dd7957b618a390bae0b7d95c3227e1,,,,,0,LOADED_VM,,NOT_STARTED,NOT_STARTED,NOT_STARTED,SVG_REQUIRED_MISSING,SVG_REQUIRED_MISSING,SET_OR_LOGIC_STRUCTURE,,VISUAL_CANDIDATE,NO_PROBLEM_VISUAL,SCHEMATIC_OR_REVIEW,NONE,NOT_STARTED,,,,NOT_STARTED,NOT_STARTED,NOT_STARTED,NOT_TESTED,PASS,canonical_and_compiled_master_match,INVENTORY_PENDING,01_scope_inventory.csv#archive/exams/original/high/h1/2final/23_금당고_2학기_기말_고1_기출.js|23_금당고_2학기_기말_고1_기출|10,,INDEX_RECORD_PRESENT,original/high/h1/2final/23_금당고_2학기_기말_고1_기출.js_10,b9c298d810e5af6bb15bf929b00f5592b5715d2eb6e4e2da40f4624175ef7bdc,true,①,IN_SCOPE_FORWARD,,,CLOSED_NO_SHARED_ASSET
archive/exams/original/high/h1/2final/23_금당고_2학기_기말_고1_기출.js|23_금당고_2학기_기말_고1_기출|13,archive/exams/original/high/h1/2final/23_금당고_2학기_기말_고1_기출.js,23_금당고_2학기_기말_고1_기출,13,13,13,2015,수학(하),H15-SB-03,함수,3,H15-SB-03-INVERSE_FUNCTION,역함수,rule_inferred,complete_rule,객관식,grid,false,객관식|함수|역함수|그래프,977c780acc409c6f5308368e04d8a34c82e4b356f33b6cbdcba42a0175c5d3e6,544c8fe8eff1bbe0a463de3da0413df8887d14eed7e5bf122d591ddc1a82171c,dfde05a3668030e99ca64d8d4ae5f6b64c7a87cee61c0ba43904b92ef210191d,812e9b5d8d1dc8ac818d822e1e15ff9a90b36011428a59b215963e3d29867bd3,,,assets/images/23_금당고_2학기_기말_고1_기출/q13-solution.svg,cda993be06a07144ccff413a2df8bfa520e6a40235d97266f8c0a0e11a04a17a,0,LOADED_VM,,NOT_STARTED,NOT_STARTED,NOT_STARTED,SOURCE_REVIEW,SOURCE_REVIEW,GRAPH_OR_FUNCTION_STRUCTURE|COORDINATE_OR_GEOMETRY_STRUCTURE|TABLE_OR_MATRIX_STRUCTURE,,SVG,NO_PROBLEM_VISUAL,REVIEW_REQUIRED,SOLUTION_SVG,NOT_STARTED,,,55a92e4dcc42f453e3a46f96972418a1affbc76f06da76104b716e19004ea4f2,NOT_STARTED,NOT_STARTED,NOT_STARTED,NOT_TESTED,PASS,canonical_and_compiled_master_match,INVENTORY_PENDING,01_scope_inventory.csv#archive/exams/original/high/h1/2final/23_금당고_2학기_기말_고1_기출.js|23_금당고_2학기_기말_고1_기출|13,[object Object],INDEX_RECORD_PRESENT,original/high/h1/2final/23_금당고_2학기_기말_고1_기출.js_13,b9c298d810e5af6bb15bf929b00f5592b5715d2eb6e4e2da40f4624175ef7bdc,true,②,IN_SCOPE_FORWARD,,,CLOSED_NO_SHARED_ASSET
archive/exams/original/high/h1/2final/23_금당고_2학기_기말_고1_기출.js|23_금당고_2학기_기말_고1_기출|16,archive/exams/original/high/h1/2final/23_금당고_2학기_기말_고1_기출.js,23_금당고_2학기_기말_고1_기출,16,16,16,2015,수학(하),H15-SB-03,함수,3,H15-SB-03-FUNCTION_RELATION,함수의 뜻과 대응,rule_inferred,complete_rule,객관식,grid,false,객관식|함수|유리함수|무리함수|그래프|교점개수,09f26f36bb743c192a18f37299e02c0689a90a4272578e304e8ca115ad810175,ce148f6ecfbf91ccf292df611c7fe710dd5c018c185d4e8bc2ffe85802627e3a,b15be6cb71072b84f7e1e198ce023fc5bb8b1e625335904ddcf3cffcd8b7312b,501e7f18f09b78e5a6c0b300fc93a13c2a741723b543765479dfafe7297ec596,,,,,0,LOADED_VM,,NOT_STARTED,NOT_STARTED,NOT_STARTED,SVG_REQUIRED_MISSING,SVG_REQUIRED_MISSING,GRAPH_OR_FUNCTION_STRUCTURE|COORDINATE_OR_GEOMETRY_STRUCTURE|SET_OR_LOGIC_STRUCTURE,,GRAPH_CANDIDATE,NO_PROBLEM_VISUAL,REVIEW_REQUIRED,NONE,NOT_STARTED,,,,NOT_STARTED,NOT_STARTED,NOT_STARTED,NOT_TESTED,PASS,canonical_and_compiled_master_match,INVENTORY_PENDING,01_scope_inventory.csv#archive/exams/original/high/h1/2final/23_금당고_2학기_기말_고1_기출.js|23_금당고_2학기_기말_고1_기출|16,,INDEX_RECORD_PRESENT,original/high/h1/2final/23_금당고_2학기_기말_고1_기출.js_16,b9c298d810e5af6bb15bf929b00f5592b5715d2eb6e4e2da40f4624175ef7bdc,true,③,IN_SCOPE_FORWARD,,,CLOSED_NO_SHARED_ASSET
archive/exams/original/high/h1/2final/23_금당고_2학기_기말_고1_기출.js|23_금당고_2학기_기말_고1_기출|18,archive/exams/original/high/h1/2final/23_금당고_2학기_기말_고1_기출.js,23_금당고_2학기_기말_고1_기출,18,18,18,2015,수학(하),H15-SB-03,함수,3,H15-SB-03-COMPOSITE_FUNCTION,합성함수,rule_inferred,complete_rule,단답형,grid,false,단답형|함수|합성함수|그래프,26aa2a255267ec6c15a7284136fad9da5ed4f8348ca30e36de73e00d10275303,4f53cda18c2baa0c0354bb5f9a3ecbe5ed12ab4d8e11ba873c2f11161202b945,7f53cfb9f79a20d9de9a5ad8a94ddaec4316796b79d7663d79f31de4289fd600,5feb8f0297cd200ccb0562b6548ceadbc3e9778d2866702a947a26a42bcccd06,assets/images/23_금당고_2학기_기말_고1_기출/q18.png,89e9d9436fb7f883fb3f1ea7104e377e8c8affb5799e80f32f79bc4a152d77b7,,,0,LOADED_VM,,NOT_STARTED,NOT_STARTED,NOT_STARTED,SVG_REQUIRED_MISSING,SVG_REQUIRED_MISSING,GRAPH_OR_FUNCTION_STRUCTURE,,GRAPH_CANDIDATE,PROBLEM_VISUAL_PRESENT,REVIEW_REQUIRED,NONE,NOT_STARTED,,,,NOT_STARTED,NOT_STARTED,NOT_STARTED,NOT_TESTED,PASS,canonical_and_compiled_master_match,INVENTORY_PENDING,01_scope_inventory.csv#archive/exams/original/high/h1/2final/23_금당고_2학기_기말_고1_기출.js|23_금당고_2학기_기말_고1_기출|18,[object Object],INDEX_RECORD_PRESENT,original/high/h1/2final/23_금당고_2학기_기말_고1_기출.js_18,b9c298d810e5af6bb15bf929b00f5592b5715d2eb6e4e2da40f4624175ef7bdc,true,$2$,IN_SCOPE_FORWARD,,,CLOSED_NO_SHARED_ASSET
archive/exams/original/high/h1/2final/23_금당고_2학기_기말_고1_기출.js|23_금당고_2학기_기말_고1_기출|21,archive/exams/original/high/h1/2final/23_금당고_2학기_기말_고1_기출.js,23_금당고_2학기_기말_고1_기출,21,21,21,2015,수학(하),H15-SB-03,함수,3,H15-SB-03-FUNCTION_RELATION,함수의 뜻과 대응,rule_inferred,complete_rule,서술형,grid,false,서술형|함수|일대일대응,ee91e987a87b91663eeb9074dec4d7e68174538cf21ac6a8136eed873dfa0434,4f53cda18c2baa0c0354bb5f9a3ecbe5ed12ab4d8e11ba873c2f11161202b945,cf16af8bf721fd8149daba4dee56bff960d1d7966ed3164352862280c4a27a8a,9155926cb8cc98191e2dbdcd0e068834a8bb82dd28b4788f9fa9887d6d66e450,,,,,0,LOADED_VM,,NOT_STARTED,NOT_STARTED,NOT_STARTED,SVG_REQUIRED_MISSING,SVG_REQUIRED_MISSING,SET_OR_LOGIC_STRUCTURE,,VISUAL_CANDIDATE,NO_PROBLEM_VISUAL,SCHEMATIC_OR_REVIEW,NONE,NOT_STARTED,,,,NOT_STARTED,NOT_STARTED,NOT_STARTED,NOT_TESTED,PASS,canonical_and_compiled_master_match,INVENTORY_PENDING,01_scope_inventory.csv#archive/exams/original/high/h1/2final/23_금당고_2학기_기말_고1_기출.js|23_금당고_2학기_기말_고1_기출|21,,INDEX_RECORD_PRESENT,original/high/h1/2final/23_금당고_2학기_기말_고1_기출.js_21,b9c298d810e5af6bb15bf929b00f5592b5715d2eb6e4e2da40f4624175ef7bdc,true,$8$,IN_SCOPE_FORWARD,,,CLOSED_NO_SHARED_ASSET
archive/exams/original/high/h1/2final/23_매산여고_2학기_기말_고1_기출.js|23_매산여고_2학기_기말_고1_기출|1,archive/exams/original/high/h1/2final/23_매산여고_2학기_기말_고1_기출.js,23_매산여고_2학기_기말_고1_기출,1,1,1,2015,수학(하),H15-SB-03,함수,3,H15-SB-03-COMPOSITE_FUNCTION,합성함수,rule_inferred,complete_rule,객관식,grid,false,객관식|합성함수,e7218e020510908b310b2c4057561c97f1d844dd2f19498a3097ddd4e5b46188,9c99bcac99192f6b022e993c260d465af0c3ad7313c0c994f440e72d570ffbb9,d41ea6521f53fb3dfa10cf72e2932f4405d9c999fa422cdc840d25d57e90dd34,0392234febefd1e74b9b830970de1a24ae2354cd0da38c474e31f74a4fd03697,,,,,0,LOADED_VM,,NOT_STARTED,NOT_STARTED,NOT_STARTED,SVG_OPTIONAL,SVG_OPTIONAL,,,NONE,NO_PROBLEM_VISUAL,N/A,NONE,NOT_STARTED,,,,NOT_STARTED,NOT_STARTED,NOT_STARTED,NOT_TESTED,PASS,canonical_and_compiled_master_match,INVENTORY_PENDING,01_scope_inventory.csv#archive/exams/original/high/h1/2final/23_매산여고_2학기_기말_고1_기출.js|23_매산여고_2학기_기말_고1_기출|1,,INDEX_RECORD_PRESENT,original/high/h1/2final/23_매산여고_2학기_기말_고1_기출.js_1,a0073926dc98a8d196f6fa423a9facf95a3bb788d2d59f9f80067fda619ad346,true,④,IN_SCOPE_FORWARD,,,CLOSED_NO_SHARED_ASSET
archive/exams/original/high/h1/2final/23_매산여고_2학기_기말_고1_기출.js|23_매산여고_2학기_기말_고1_기출|2,archive/exams/original/high/h1/2final/23_매산여고_2학기_기말_고1_기출.js,23_매산여고_2학기_기말_고1_기출,2,2,2,2015,수학(하),H15-SB-03,함수,3,H15-SB-03-COMPOSITE_FUNCTION,합성함수,rule_inferred,complete_rule,객관식,grid,false,객관식|함수의 반복 합성,76f38332147be48f706f4db58e2cf14530b5bc7c73f952643a5142642d168fee,6dbd09d7a4869ccbef2f2f9f611b75990dd5cdd8f81f3fbb86bf5ab071da33d6,0bdef091c479702584f065d3a3714f8a76f851b3f0cf10912f345a5dd930b0a8,df1ff849a29f4e9ffed1f974b69045cdeb079cb48a4c9e00cea1a966344cab01,,,,,0,LOADED_VM,,NOT_STARTED,NOT_STARTED,NOT_STARTED,SVG_OPTIONAL,SVG_OPTIONAL,,,NONE,NO_PROBLEM_VISUAL,N/A,NONE,NOT_STARTED,,,,NOT_STARTED,NOT_STARTED,NOT_STARTED,NOT_TESTED,PASS,canonical_and_compiled_master_match,INVENTORY_PENDING,01_scope_inventory.csv#archive/exams/original/high/h1/2final/23_매산여고_2학기_기말_고1_기출.js|23_매산여고_2학기_기말_고1_기출|2,,INDEX_RECORD_PRESENT,original/high/h1/2final/23_매산여고_2학기_기말_고1_기출.js_2,a0073926dc98a8d196f6fa423a9facf95a3bb788d2d59f9f80067fda619ad346,true,⑤,IN_SCOPE_FORWARD,,,CLOSED_NO_SHARED_ASSET
archive/exams/original/high/h1/2final/23_매산여고_2학기_기말_고1_기출.js|23_매산여고_2학기_기말_고1_기출|3,archive/exams/original/high/h1/2final/23_매산여고_2학기_기말_고1_기출.js,23_매산여고_2학기_기말_고1_기출,3,3,3,2015,수학(하),H15-SB-03,함수,3,H15-SB-03-COMPOSITE_FUNCTION,합성함수,rule_inferred,complete_rule,객관식,grid,false,객관식|역함수와 합성함수|그래프,9fd0f74765c9dffe267b101bd7006a4a4b8bcee8aba59baf573b731cda6b0784,1f8f7158bf5094fffa850998316178bc85b92ff4dcd427f1e7e743c8996893a3,973d2fd2f97e26a666f403b12da6d87e527985b36bcf4ff0a47c7e7e8c36321a,ba20fef971c0053494b98c4e264f48e0f476000516ff7b4ce5fef2e150857961,assets/images/23_매산여고_2학기_기말_고1_기출/q3.png,5792e9bcd78919c9e360c78f2011e5268c10917bfe12f7dc1246680bfa9e4324,,,0,LOADED_VM,,NOT_STARTED,NOT_STARTED,NOT_STARTED,SVG_REQUIRED_MISSING,SVG_REQUIRED_MISSING,GRAPH_OR_FUNCTION_STRUCTURE|COORDINATE_OR_GEOMETRY_STRUCTURE,,GRAPH_CANDIDATE,PROBLEM_VISUAL_PRESENT,REVIEW_REQUIRED,NONE,NOT_STARTED,,,,NOT_STARTED,NOT_STARTED,NOT_STARTED,NOT_TESTED,PASS,canonical_and_compiled_master_match,INVENTORY_PENDING,01_scope_inventory.csv#archive/exams/original/high/h1/2final/23_매산여고_2학기_기말_고1_기출.js|23_매산여고_2학기_기말_고1_기출|3,[object Object],INDEX_RECORD_PRESENT,original/high/h1/2final/23_매산여고_2학기_기말_고1_기출.js_3,a0073926dc98a8d196f6fa423a9facf95a3bb788d2d59f9f80067fda619ad346,true,①,IN_SCOPE_FORWARD,,,CLOSED_NO_SHARED_ASSET
archive/exams/original/high/h1/2final/23_매산여고_2학기_기말_고1_기출.js|23_매산여고_2학기_기말_고1_기출|4,archive/exams/original/high/h1/2final/23_매산여고_2학기_기말_고1_기출.js,23_매산여고_2학기_기말_고1_기출,4,4,4,2015,수학(하),H15-SB-03,함수,3,H15-SB-03-FUNCTION_RELATION,함수의 뜻과 대응,rule_inferred,complete_rule,객관식,grid,false,객관식|함수의 정의,f0e791e54bbb2f989aa3f12a8e0b852107ba9726697c6d0c7715364d77bd4be3,6ff6196bb71129347a8f2ed9652a74a034cc4980487e0af9235949c6ee8d349b,b15be6cb71072b84f7e1e198ce023fc5bb8b1e625335904ddcf3cffcd8b7312b,8367f55c73612ad46a127014e160666097d910da9c34b5975b7e4f29b16180ea,,,,,0,LOADED_VM,,NOT_STARTED,NOT_STARTED,NOT_STARTED,SVG_REQUIRED_MISSING,SVG_REQUIRED_MISSING,SET_OR_LOGIC_STRUCTURE,,VISUAL_CANDIDATE,NO_PROBLEM_VISUAL,SCHEMATIC_OR_REVIEW,NONE,NOT_STARTED,,,,NOT_STARTED,NOT_STARTED,NOT_STARTED,NOT_TESTED,PASS,canonical_and_compiled_master_match,INVENTORY_PENDING,01_scope_inventory.csv#archive/exams/original/high/h1/2final/23_매산여고_2학기_기말_고1_기출.js|23_매산여고_2학기_기말_고1_기출|4,,INDEX_RECORD_PRESENT,original/high/h1/2final/23_매산여고_2학기_기말_고1_기출.js_4,a0073926dc98a8d196f6fa423a9facf95a3bb788d2d59f9f80067fda619ad346,true,③,IN_SCOPE_FORWARD,,,CLOSED_NO_SHARED_ASSET
archive/exams/original/high/h1/2final/23_매산여고_2학기_기말_고1_기출.js|23_매산여고_2학기_기말_고1_기출|18,archive/exams/original/high/h1/2final/23_매산여고_2학기_기말_고1_기출.js,23_매산여고_2학기_기말_고1_기출,18,18,18,2015,수학(하),H15-SB-03,함수,3,H15-SB-03-FUNCTION_RELATION,함수의 뜻과 대응,rule_inferred,complete_rule,객관식,grid,false,객관식|함수의 치역과 실근의 개수,7bac1c2f809502c52972df81a6323570ebc58e636c5fd35dda75dbb339e62978,9cdf6632e9549efbaccb6af975ca838a322b0fca938cbb6bc1b5a40338ca2551,d41ea6521f53fb3dfa10cf72e2932f4405d9c999fa422cdc840d25d57e90dd34,94ff45695f14a2e8ef12be26620517237a1eb4314ebf8bffef2a2110f1260775,,,,,0,LOADED_VM,,NOT_STARTED,NOT_STARTED,NOT_STARTED,SVG_REQUIRED_MISSING,SVG_REQUIRED_MISSING,GRAPH_OR_FUNCTION_STRUCTURE|SET_OR_LOGIC_STRUCTURE,,GRAPH_CANDIDATE,NO_PROBLEM_VISUAL,REVIEW_REQUIRED,NONE,NOT_STARTED,,,,NOT_STARTED,NOT_STARTED,NOT_STARTED,NOT_TESTED,PASS,canonical_and_compiled_master_match,INVENTORY_PENDING,01_scope_inventory.csv#archive/exams/original/high/h1/2final/23_매산여고_2학기_기말_고1_기출.js|23_매산여고_2학기_기말_고1_기출|18,,INDEX_RECORD_PRESENT,original/high/h1/2final/23_매산여고_2학기_기말_고1_기출.js_18,a0073926dc98a8d196f6fa423a9facf95a3bb788d2d59f9f80067fda619ad346,true,④,IN_SCOPE_FORWARD,,,CLOSED_NO_SHARED_ASSET
archive/exams/original/high/h1/2final/23_매산여고_2학기_기말_고1_기출.js|23_매산여고_2학기_기말_고1_기출|19,archive/exams/original/high/h1/2final/23_매산여고_2학기_기말_고1_기출.js,23_매산여고_2학기_기말_고1_기출,19,19,19,2015,수학(하),H15-SB-03,함수,3,H15-SB-03-FUNCTION_RELATION,함수의 뜻과 대응,rule_inferred,complete_rule,단답형,grid,false,단답형|일대일대응,aa96e13a07e5dbcfa63fb0ce10fc5a2b6a4c30023601cdc96490d43baea83fc2,4f53cda18c2baa0c0354bb5f9a3ecbe5ed12ab4d8e11ba873c2f11161202b945,84ee7e6d033295605cd45780b6417783a05c107d6fb0155e09495355cb8377dd,4b5ac733001f34c427c151d2f490256816f6d3685c704df8264eb0b9eecfde76,,,,,0,LOADED_VM,,NOT_STARTED,NOT_STARTED,NOT_STARTED,SVG_REQUIRED_MISSING,SVG_REQUIRED_MISSING,GRAPH_OR_FUNCTION_STRUCTURE|COORDINATE_OR_GEOMETRY_STRUCTURE|SET_OR_LOGIC_STRUCTURE,,GRAPH_CANDIDATE,NO_PROBLEM_VISUAL,REVIEW_REQUIRED,NONE,NOT_STARTED,,,,NOT_STARTED,NOT_STARTED,NOT_STARTED,NOT_TESTED,PASS,canonical_and_compiled_master_match,INVENTORY_PENDING,01_scope_inventory.csv#archive/exams/original/high/h1/2final/23_매산여고_2학기_기말_고1_기출.js|23_매산여고_2학기_기말_고1_기출|19,,INDEX_RECORD_PRESENT,original/high/h1/2final/23_매산여고_2학기_기말_고1_기출.js_19,a0073926dc98a8d196f6fa423a9facf95a3bb788d2d59f9f80067fda619ad346,true,$6$,IN_SCOPE_FORWARD,,,CLOSED_NO_SHARED_ASSET
archive/exams/original/high/h1/2final/23_매산여고_2학기_기말_고1_기출.js|23_매산여고_2학기_기말_고1_기출|20,archive/exams/original/high/h1/2final/23_매산여고_2학기_기말_고1_기출.js,23_매산여고_2학기_기말_고1_기출,20,20,20,2015,수학(하),H15-SB-03,함수,3,H15-SB-03-FUNCTION_RELATION,함수의 뜻과 대응,rule_inferred,complete_rule,단답형,grid,false,단답형|함수의 개수,1ddc1c314e4aa440cf37b22e5db98c68ce7e5306d7d9225dce43bc5629a4c73b,4f53cda18c2baa0c0354bb5f9a3ecbe5ed12ab4d8e11ba873c2f11161202b945,411a00096912abd3b9806864241772bedf32b6f2c9f5b170e65bce248ea1dbc5,1619f39f20534d599fc09ed14a3ac1d88537cd9dbe47dca785f1ae101ef88328,,,,,0,LOADED_VM,,NOT_STARTED,NOT_STARTED,NOT_STARTED,SVG_REQUIRED_MISSING,SVG_REQUIRED_MISSING,GRAPH_OR_FUNCTION_STRUCTURE|SET_OR_LOGIC_STRUCTURE,,GRAPH_CANDIDATE,NO_PROBLEM_VISUAL,REVIEW_REQUIRED,NONE,NOT_STARTED,,,,NOT_STARTED,NOT_STARTED,NOT_STARTED,NOT_TESTED,PASS,canonical_and_compiled_master_match,INVENTORY_PENDING,01_scope_inventory.csv#archive/exams/original/high/h1/2final/23_매산여고_2학기_기말_고1_기출.js|23_매산여고_2학기_기말_고1_기출|20,,INDEX_RECORD_PRESENT,original/high/h1/2final/23_매산여고_2학기_기말_고1_기출.js_20,a0073926dc98a8d196f6fa423a9facf95a3bb788d2d59f9f80067fda619ad346,true,$39$,IN_SCOPE_FORWARD,,,CLOSED_NO_SHARED_ASSET
archive/exams/original/high/h1/2final/23_매산여고_2학기_기말_고1_기출.js|23_매산여고_2학기_기말_고1_기출|21,archive/exams/original/high/h1/2final/23_매산여고_2학기_기말_고1_기출.js,23_매산여고_2학기_기말_고1_기출,21,21,21,2015,수학(하),H15-SB-03,함수,3,H15-SB-03-INVERSE_FUNCTION,역함수,rule_inferred,complete_rule,서술형,grid,false,서술형|역함수,6c6744e1f11defe8303d0a9564cc78172dfcdeed994204156d37ea917a671578,4f53cda18c2baa0c0354bb5f9a3ecbe5ed12ab4d8e11ba873c2f11161202b945,d483f5b53012fe3f922d9bd59e49aac6ad3fde3f50801a0220a71324fdd0efda,441ecaf0cddb1f90e56e627a1cc32b3cfaffeb4189261531ed8171e6218ea85b,,,,,0,LOADED_VM,,NOT_STARTED,NOT_STARTED,NOT_STARTED,SVG_OPTIONAL,SVG_OPTIONAL,,,NONE,NO_PROBLEM_VISUAL,N/A,NONE,NOT_STARTED,,,,NOT_STARTED,NOT_STARTED,NOT_STARTED,NOT_TESTED,PASS,canonical_and_compiled_master_match,INVENTORY_PENDING,01_scope_inventory.csv#archive/exams/original/high/h1/2final/23_매산여고_2학기_기말_고1_기출.js|23_매산여고_2학기_기말_고1_기출|21,,INDEX_RECORD_PRESENT,original/high/h1/2final/23_매산여고_2학기_기말_고1_기출.js_21,a0073926dc98a8d196f6fa423a9facf95a3bb788d2d59f9f80067fda619ad346,true,$-4$,IN_SCOPE_FORWARD,,,CLOSED_NO_SHARED_ASSET
archive/exams/original/high/h1/2final/24_강남여고_2학기_기말_고1_기출.js|24_강남여고_2학기_기말_고1_기출|13,archive/exams/original/high/h1/2final/24_강남여고_2학기_기말_고1_기출.js,24_강남여고_2학기_기말_고1_기출,13,13,13,2015,수학(하),H15-SB-03,함수,3,H15-SB-03-COMPOSITE_FUNCTION,합성함수,rule_inferred,complete_rule,객관식,grid,false,객관식,c48025e6efbc4a908ab4b13c4753fce558b733ac267dee51a77b6a6314505bfb,e1e704319c379c7a7aa02502a15a1ec88f86a35d73370ee9479d8ae2cf785f40,973d2fd2f97e26a666f403b12da6d87e527985b36bcf4ff0a47c7e7e8c36321a,0e5923541a569e46675b64b197f777e80b8f080253a1944e2b24ad02940bf245,,,,,0,LOADED_VM,,NOT_STARTED,NOT_STARTED,NOT_STARTED,SVG_OPTIONAL,SVG_OPTIONAL,,,NONE,NO_PROBLEM_VISUAL,N/A,NONE,NOT_STARTED,,,,NOT_STARTED,NOT_STARTED,NOT_STARTED,NOT_TESTED,PASS,canonical_and_compiled_master_match,INVENTORY_PENDING,01_scope_inventory.csv#archive/exams/original/high/h1/2final/24_강남여고_2학기_기말_고1_기출.js|24_강남여고_2학기_기말_고1_기출|13,,INDEX_RECORD_PRESENT,original/high/h1/2final/24_강남여고_2학기_기말_고1_기출.js_13,d1072f18066fd739eb2a37b8d28ecedd2a223baf59736c1d96d47894a279b09c,true,①,IN_SCOPE_FORWARD,,,CLOSED_NO_SHARED_ASSET
archive/exams/original/high/h1/2final/24_강남여고_2학기_기말_고1_기출.js|24_강남여고_2학기_기말_고1_기출|17,archive/exams/original/high/h1/2final/24_강남여고_2학기_기말_고1_기출.js,24_강남여고_2학기_기말_고1_기출,17,17,17,2015,수학(하),H15-SB-03,함수,3,H15-SB-03-COMPOSITE_FUNCTION,합성함수,rule_inferred,complete_rule,객관식,grid,false,객관식,2bccc9ffd0a3da0bdd64c7a24219cbc2e0e754ad376faf53b4fcca6c4dcd289f,6d8acd6678db0a1906080a1bbe0107b1e998f8724fb2ad0e3a51a9d17b564468,973d2fd2f97e26a666f403b12da6d87e527985b36bcf4ff0a47c7e7e8c36321a,0dd23b59ba040fff306c705c69cb4e673b14b782c35152b46d1583ab613f42bc,,,,,0,LOADED_VM,,NOT_STARTED,NOT_STARTED,NOT_STARTED,SVG_OPTIONAL,SVG_OPTIONAL,,,NONE,NO_PROBLEM_VISUAL,N/A,NONE,NOT_STARTED,,,,NOT_STARTED,NOT_STARTED,NOT_STARTED,NOT_TESTED,PASS,canonical_and_compiled_master_match,INVENTORY_PENDING,01_scope_inventory.csv#archive/exams/original/high/h1/2final/24_강남여고_2학기_기말_고1_기출.js|24_강남여고_2학기_기말_고1_기출|17,,INDEX_RECORD_PRESENT,original/high/h1/2final/24_강남여고_2학기_기말_고1_기출.js_17,d1072f18066fd739eb2a37b8d28ecedd2a223baf59736c1d96d47894a279b09c,true,①,IN_SCOPE_FORWARD,,,CLOSED_NO_SHARED_ASSET
archive/exams/original/high/h1/2final/24_금당고_2학기_기말_고1_기출.js|24_금당고_2학기_기말_고1_기출|6,archive/exams/original/high/h1/2final/24_금당고_2학기_기말_고1_기출.js,24_금당고_2학기_기말_고1_기출,6,6,6,2015,수학(하),H15-SB-03,함수,3,H15-SB-03-INVERSE_FUNCTION,역함수,rule_inferred,complete_rule,객관식,grid,false,,3b4846f2c963bb91c6af4906fe1a8d57244c0b30b1b270116dd23c16576df502,ff782081a4cc25de5ebd8fdb3b10e93e0a2a8b181fb4cabb15c6d4c8f83c7224,0bdef091c479702584f065d3a3714f8a76f851b3f0cf10912f345a5dd930b0a8,fbcbe2a757908b8d44c4af08858e8b5ba2325a908ff892612987748af33491d0,,,,,0,LOADED_VM,,NOT_STARTED,NOT_STARTED,NOT_STARTED,SVG_OPTIONAL,SVG_OPTIONAL,,,NONE,NO_PROBLEM_VISUAL,N/A,NONE,NOT_STARTED,,,,NOT_STARTED,NOT_STARTED,NOT_STARTED,NOT_TESTED,PASS,canonical_and_compiled_master_match,INVENTORY_PENDING,01_scope_inventory.csv#archive/exams/original/high/h1/2final/24_금당고_2학기_기말_고1_기출.js|24_금당고_2학기_기말_고1_기출|6,,INDEX_RECORD_PRESENT,original/high/h1/2final/24_금당고_2학기_기말_고1_기출.js_6,6d50d6e15d0b36d3e9757c9312726b414fae2c39954eb0c189095975819951c0,true,⑤,IN_SCOPE_FORWARD,,,CLOSED_NO_SHARED_ASSET
archive/exams/original/high/h1/2final/24_금당고_2학기_기말_고1_기출.js|24_금당고_2학기_기말_고1_기출|9,archive/exams/original/high/h1/2final/24_금당고_2학기_기말_고1_기출.js,24_금당고_2학기_기말_고1_기출,9,9,9,2015,수학(하),H15-SB-03,함수,3,H15-SB-03-INVERSE_FUNCTION,역함수,rule_inferred,complete_rule,객관식,grid,false,,a45ac3fd249cfe6c4481c43b4e80cd3f2023f37dbe06dff3d34f8c73be124150,ca250d38747ca0b20f3ed13a0c8ba6caf877e874d7e4bf787e9060795ada74cb,d41ea6521f53fb3dfa10cf72e2932f4405d9c999fa422cdc840d25d57e90dd34,77646e991da3ea9b6e8e036dcc7ef55ad55b0e2f56fff965b57e48149cfaeb7d,,,,,0,LOADED_VM,,NOT_STARTED,NOT_STARTED,NOT_STARTED,SVG_REQUIRED_MISSING,SVG_REQUIRED_MISSING,SET_OR_LOGIC_STRUCTURE,,VISUAL_CANDIDATE,NO_PROBLEM_VISUAL,SCHEMATIC_OR_REVIEW,NONE,NOT_STARTED,,,,NOT_STARTED,NOT_STARTED,NOT_STARTED,NOT_TESTED,PASS,canonical_and_compiled_master_match,INVENTORY_PENDING,01_scope_inventory.csv#archive/exams/original/high/h1/2final/24_금당고_2학기_기말_고1_기출.js|24_금당고_2학기_기말_고1_기출|9,,INDEX_RECORD_PRESENT,original/high/h1/2final/24_금당고_2학기_기말_고1_기출.js_9,6d50d6e15d0b36d3e9757c9312726b414fae2c39954eb0c189095975819951c0,true,④,IN_SCOPE_FORWARD,,,CLOSED_NO_SHARED_ASSET
archive/exams/original/high/h1/2final/24_금당고_2학기_기말_고1_기출.js|24_금당고_2학기_기말_고1_기출|13,archive/exams/original/high/h1/2final/24_금당고_2학기_기말_고1_기출.js,24_금당고_2학기_기말_고1_기출,13,13,13,2015,수학(하),H15-SB-03,함수,3,H15-SB-03-COMPOSITE_FUNCTION,합성함수,rule_inferred,complete_rule,객관식,grid,false,,ac0614351f18cbf8c568d74e61509decca49c3f4ada876584d0f5ed40a6b6c87,fa924807bd538347be57357503489fb0e768e70e791e3b2921d8ce5054e288cd,dfde05a3668030e99ca64d8d4ae5f6b64c7a87cee61c0ba43904b92ef210191d,5d3a7662158d86a8541cb4bd7ca5476f1c51d506f7a945ee8455469104444357,,,,,0,LOADED_VM,,NOT_STARTED,NOT_STARTED,NOT_STARTED,SVG_REQUIRED_MISSING,SVG_REQUIRED_MISSING,SET_OR_LOGIC_STRUCTURE,,VISUAL_CANDIDATE,NO_PROBLEM_VISUAL,SCHEMATIC_OR_REVIEW,NONE,NOT_STARTED,,,,NOT_STARTED,NOT_STARTED,NOT_STARTED,NOT_TESTED,PASS,canonical_and_compiled_master_match,INVENTORY_PENDING,01_scope_inventory.csv#archive/exams/original/high/h1/2final/24_금당고_2학기_기말_고1_기출.js|24_금당고_2학기_기말_고1_기출|13,,INDEX_RECORD_PRESENT,original/high/h1/2final/24_금당고_2학기_기말_고1_기출.js_13,6d50d6e15d0b36d3e9757c9312726b414fae2c39954eb0c189095975819951c0,true,②,IN_SCOPE_FORWARD,,,CLOSED_NO_SHARED_ASSET
archive/exams/original/high/h1/2final/24_금당고_2학기_기말_고1_기출.js|24_금당고_2학기_기말_고1_기출|14,archive/exams/original/high/h1/2final/24_금당고_2학기_기말_고1_기출.js,24_금당고_2학기_기말_고1_기출,14,14,14,2015,수학(하),H15-SB-03,함수,3,H15-SB-03-FUNCTION_RELATION,함수의 뜻과 대응,rule_inferred,complete_rule,객관식,grid,false,그래프,a3acb167ae8a748f3d1a225656cb0ca42e347566a206c0fcead4d1281ca16316,4dc150340508448eb63607ff9960cc61bf6f5e33ddc2bda92b98b8bdee7112e1,d41ea6521f53fb3dfa10cf72e2932f4405d9c999fa422cdc840d25d57e90dd34,82b603f4a9e1fdd0563f780edab05c368c4d80daa62d9cd291723f35ea919688,,,assets/images/24_금당고_2학기_기말_고1_기출/q14-solution.svg,5ee33fdc11fe5300ee96ecd3d3d9cdf146598ad1242ce64aa4b7915da56ddb35,0,LOADED_VM,,NOT_STARTED,NOT_STARTED,NOT_STARTED,SOURCE_REVIEW,SOURCE_REVIEW,GRAPH_OR_FUNCTION_STRUCTURE|COORDINATE_OR_GEOMETRY_STRUCTURE|TABLE_OR_MATRIX_STRUCTURE,,SVG,NO_PROBLEM_VISUAL,REVIEW_REQUIRED,SOLUTION_SVG,NOT_STARTED,,,a2a58cfe4542c827f5be1785160356a166a7abd2c659e4ade74131c479fff20d,NOT_STARTED,NOT_STARTED,NOT_STARTED,NOT_TESTED,PASS,canonical_and_compiled_master_match,INVENTORY_PENDING,01_scope_inventory.csv#archive/exams/original/high/h1/2final/24_금당고_2학기_기말_고1_기출.js|24_금당고_2학기_기말_고1_기출|14,[object Object],INDEX_RECORD_PRESENT,original/high/h1/2final/24_금당고_2학기_기말_고1_기출.js_14,6d50d6e15d0b36d3e9757c9312726b414fae2c39954eb0c189095975819951c0,true,④,IN_SCOPE_FORWARD,,,CLOSED_NO_SHARED_ASSET
archive/exams/original/high/h1/2final/24_금당고_2학기_기말_고1_기출.js|24_금당고_2학기_기말_고1_기출|17,archive/exams/original/high/h1/2final/24_금당고_2학기_기말_고1_기출.js,24_금당고_2학기_기말_고1_기출,17,17,17,2015,수학(하),H15-SB-03,함수,3,H15-SB-03-INVERSE_FUNCTION,역함수,rule_inferred,complete_rule,객관식,grid,false,도형|그래프,d0141d4edfef70588f704f7e2179103efd2c020a24948c892b88caba295f0c8e,d8d63a9bba9738164fdef1b8603e5b58f97da01d71c4a605408687da7bb64e0d,d41ea6521f53fb3dfa10cf72e2932f4405d9c999fa422cdc840d25d57e90dd34,c76de86d4be8f63615534ee07cd242139693059bfc99011d3ba846a86453e490,assets/images/24_금당고_2학기_기말_고1_기출/q17.png,2ab1abf6bb129a2bf2d3162652922c7c68bf5918232d777ccfc72440080fddf5,,,0,LOADED_VM,,NOT_STARTED,NOT_STARTED,NOT_STARTED,SVG_REQUIRED_MISSING,SVG_REQUIRED_MISSING,GRAPH_OR_FUNCTION_STRUCTURE|COORDINATE_OR_GEOMETRY_STRUCTURE|TABLE_OR_MATRIX_STRUCTURE,,GRAPH_CANDIDATE,PROBLEM_VISUAL_PRESENT,REVIEW_REQUIRED,NONE,NOT_STARTED,,,,NOT_STARTED,NOT_STARTED,NOT_STARTED,NOT_TESTED,PASS,canonical_and_compiled_master_match,INVENTORY_PENDING,01_scope_inventory.csv#archive/exams/original/high/h1/2final/24_금당고_2학기_기말_고1_기출.js|24_금당고_2학기_기말_고1_기출|17,[object Object],INDEX_RECORD_PRESENT,original/high/h1/2final/24_금당고_2학기_기말_고1_기출.js_17,6d50d6e15d0b36d3e9757c9312726b414fae2c39954eb0c189095975819951c0,true,④,IN_SCOPE_FORWARD,,,CLOSED_NO_SHARED_ASSET
archive/exams/original/high/h1/2final/24_매산여고_2학기_기말_고1_기출.js|24_매산여고_2학기_기말_고1_기출|1,archive/exams/original/high/h1/2final/24_매산여고_2학기_기말_고1_기출.js,24_매산여고_2학기_기말_고1_기출,1,1,1,2015,수학(하),H15-SB-03,함수,3,H15-SB-03-FUNCTION_RELATION,함수의 뜻과 대응,rule_inferred,complete_rule,객관식,grid,false,객관식,443a519b1c89f21145dca70e5a11cdeba4dc490b263dc6259d04d6116575f4c2,231560224bd0b5ee10f98bbdbd621d7a8866bfcb3e365352f7c82952bbd5d619,b15be6cb71072b84f7e1e198ce023fc5bb8b1e625335904ddcf3cffcd8b7312b,574b468ceb3b26411335685b2bbf27510a2ac7db710609eee66b47d8932bf997,,,,,0,LOADED_VM,,NOT_STARTED,NOT_STARTED,NOT_STARTED,SVG_REQUIRED_MISSING,SVG_REQUIRED_MISSING,GRAPH_OR_FUNCTION_STRUCTURE|SET_OR_LOGIC_STRUCTURE,,GRAPH_CANDIDATE,NO_PROBLEM_VISUAL,REVIEW_REQUIRED,NONE,NOT_STARTED,,,,NOT_STARTED,NOT_STARTED,NOT_STARTED,NOT_TESTED,PASS,canonical_and_compiled_master_match,INVENTORY_PENDING,01_scope_inventory.csv#archive/exams/original/high/h1/2final/24_매산여고_2학기_기말_고1_기출.js|24_매산여고_2학기_기말_고1_기출|1,,INDEX_RECORD_PRESENT,original/high/h1/2final/24_매산여고_2학기_기말_고1_기출.js_1,af4ac49b8d91e415bf65a572a816bbab8e608a867950e57be821ee5c273d48eb,true,③,IN_SCOPE_FORWARD,,,CLOSED_NO_SHARED_ASSET
archive/exams/original/high/h1/2final/24_매산여고_2학기_기말_고1_기출.js|24_매산여고_2학기_기말_고1_기출|2,archive/exams/original/high/h1/2final/24_매산여고_2학기_기말_고1_기출.js,24_매산여고_2학기_기말_고1_기출,2,2,2,2015,수학(하),H15-SB-03,함수,3,H15-SB-03-COMPOSITE_FUNCTION,합성함수,rule_inferred,complete_rule,객관식,grid,false,객관식,141c558ff08f08e28d6dacd0ad9748e2fe30d561a17279012e91c9b954c93da4,d54721b947ba4d6fd39b1c2435432fac312cd805b4406d948f5c2a0a9887f733,dfde05a3668030e99ca64d8d4ae5f6b64c7a87cee61c0ba43904b92ef210191d,796299bf57b96752341729d224daf1f94c9f3632b5be048393e5fd042e7c5530,,,,,0,LOADED_VM,,NOT_STARTED,NOT_STARTED,NOT_STARTED,SVG_OPTIONAL,SVG_OPTIONAL,,,NONE,NO_PROBLEM_VISUAL,N/A,NONE,NOT_STARTED,,,,NOT_STARTED,NOT_STARTED,NOT_STARTED,NOT_TESTED,PASS,canonical_and_compiled_master_match,INVENTORY_PENDING,01_scope_inventory.csv#archive/exams/original/high/h1/2final/24_매산여고_2학기_기말_고1_기출.js|24_매산여고_2학기_기말_고1_기출|2,,INDEX_RECORD_PRESENT,original/high/h1/2final/24_매산여고_2학기_기말_고1_기출.js_2,af4ac49b8d91e415bf65a572a816bbab8e608a867950e57be821ee5c273d48eb,true,②,IN_SCOPE_FORWARD,,,CLOSED_NO_SHARED_ASSET
archive/exams/original/high/h1/2final/24_매산여고_2학기_기말_고1_기출.js|24_매산여고_2학기_기말_고1_기출|21,archive/exams/original/high/h1/2final/24_매산여고_2학기_기말_고1_기출.js,24_매산여고_2학기_기말_고1_기출,21,21,21,2015,수학(하),H15-SB-03,함수,3,H15-SB-03-FUNCTION_RELATION,함수의 뜻과 대응,rule_inferred,complete_rule,서술형,grid,false,서술형,e5ab02a6220396d44c7fa9ff90954f1f9c297ef89a5733a15fef2c6a2cf37548,4f53cda18c2baa0c0354bb5f9a3ecbe5ed12ab4d8e11ba873c2f11161202b945,4ece8a1bf1be3e748eeabd45b1f7b277d07b9f330f0eb32f6146edfd0129292f,d4069d97c96c03aa05020325385b97b2a2c47d29513bf658f9396010d241149e,,,,,0,LOADED_VM,,NOT_STARTED,NOT_STARTED,NOT_STARTED,SVG_REQUIRED_MISSING,SVG_REQUIRED_MISSING,SET_OR_LOGIC_STRUCTURE|COUNTING_STRUCTURE,,VISUAL_CANDIDATE,NO_PROBLEM_VISUAL,SCHEMATIC_OR_REVIEW,NONE,NOT_STARTED,,,,NOT_STARTED,NOT_STARTED,NOT_STARTED,NOT_TESTED,PASS,canonical_and_compiled_master_match,INVENTORY_PENDING,01_scope_inventory.csv#archive/exams/original/high/h1/2final/24_매산여고_2학기_기말_고1_기출.js|24_매산여고_2학기_기말_고1_기출|21,,INDEX_RECORD_PRESENT,original/high/h1/2final/24_매산여고_2학기_기말_고1_기출.js_21,af4ac49b8d91e415bf65a572a816bbab8e608a867950e57be821ee5c273d48eb,true,$18$,IN_SCOPE_FORWARD,,,CLOSED_NO_SHARED_ASSET
archive/exams/original/high/h1/2mid/21_강남여고_2학기_중간_고1_기출.js|21_강남여고_2학기_중간_고1_기출|3,archive/exams/original/high/h1/2mid/21_강남여고_2학기_중간_고1_기출.js,21_강남여고_2학기_중간_고1_기출,3,3,3,2015,수학(하),H15-SB-03,함수,3,H15-SB-03-FUNCTION_RELATION,함수의 뜻과 대응,rule_inferred,complete_rule,객관식,grid,false,객관식|함수|정의역|공역|함숫값,44eeb817c76023ffc39c6acd92af9cbb9bacf0e1e75b51900f3e62bc86b2bf93,40da70e94b5314310839b83f50beaced7dc9d4e125627e8b5aa3cddeb1f3afee,dfde05a3668030e99ca64d8d4ae5f6b64c7a87cee61c0ba43904b92ef210191d,dfd05b63b1498cd67fc460d9aa9d87c4da0bd5b04e491f939cc0501ac59d2348,,,,,0,LOADED_VM,,NOT_STARTED,NOT_STARTED,NOT_STARTED,SVG_REQUIRED_MISSING,SVG_REQUIRED_MISSING,GRAPH_OR_FUNCTION_STRUCTURE|SET_OR_LOGIC_STRUCTURE,,GRAPH_CANDIDATE,NO_PROBLEM_VISUAL,REVIEW_REQUIRED,NONE,NOT_STARTED,,,,NOT_STARTED,NOT_STARTED,NOT_STARTED,NOT_TESTED,PASS,canonical_and_compiled_master_match,INVENTORY_PENDING,01_scope_inventory.csv#archive/exams/original/high/h1/2mid/21_강남여고_2학기_중간_고1_기출.js|21_강남여고_2학기_중간_고1_기출|3,,INDEX_RECORD_PRESENT,original/high/h1/2mid/21_강남여고_2학기_중간_고1_기출.js_3,1ed1dca7b68e8e9d2a5de189139b5d85be062e040399574fa651183d5ff7981f,true,②,IN_SCOPE_FORWARD,,,CLOSED_NO_SHARED_ASSET
archive/exams/original/high/h1/2mid/21_강남여고_2학기_중간_고1_기출.js|21_강남여고_2학기_중간_고1_기출|4,archive/exams/original/high/h1/2mid/21_강남여고_2학기_중간_고1_기출.js,21_강남여고_2학기_중간_고1_기출,4,4,4,2015,수학(하),H15-SB-03,함수,3,H15-SB-03-INVERSE_FUNCTION,역함수,rule_inferred,complete_rule,객관식,grid,false,객관식|함수|역함수|일차함수,935a9d24450a0773a7a7a4863feee38ba5f5a4edab70ea01a42686daf70bdb4c,dbc2b3c7b8141e633720d3b9aadc5f1f0669c84b7563c71ca06c5f3e20ed666d,0bdef091c479702584f065d3a3714f8a76f851b3f0cf10912f345a5dd930b0a8,0fbabe3016023238d826b0c1ca4e544a38528229709d352e9c86358fb85ccb7d,,,,,0,LOADED_VM,,NOT_STARTED,NOT_STARTED,NOT_STARTED,SVG_OPTIONAL,SVG_OPTIONAL,,,NONE,NO_PROBLEM_VISUAL,N/A,NONE,NOT_STARTED,,,,NOT_STARTED,NOT_STARTED,NOT_STARTED,NOT_TESTED,PASS,canonical_and_compiled_master_match,INVENTORY_PENDING,01_scope_inventory.csv#archive/exams/original/high/h1/2mid/21_강남여고_2학기_중간_고1_기출.js|21_강남여고_2학기_중간_고1_기출|4,,INDEX_RECORD_PRESENT,original/high/h1/2mid/21_강남여고_2학기_중간_고1_기출.js_4,1ed1dca7b68e8e9d2a5de189139b5d85be062e040399574fa651183d5ff7981f,true,⑤,IN_SCOPE_FORWARD,,,CLOSED_NO_SHARED_ASSET
archive/exams/original/high/h1/2mid/21_강남여고_2학기_중간_고1_기출.js|21_강남여고_2학기_중간_고1_기출|8,archive/exams/original/high/h1/2mid/21_강남여고_2학기_중간_고1_기출.js,21_강남여고_2학기_중간_고1_기출,8,8,8,2015,수학(하),H15-SB-03,함수,3,H15-SB-03-COMPOSITE_FUNCTION,합성함수,rule_inferred,complete_rule,객관식,grid,false,객관식|함수|합성함수|부등식,73273e868c00cb9528beda25943cde04245a912c19309ef5c19cab97d29105f7,272cb6027647ea56c6fab21aaabab8ba376c5a2954097eb6235d1ef874d81df7,dfde05a3668030e99ca64d8d4ae5f6b64c7a87cee61c0ba43904b92ef210191d,b191533a8eb124f979cd760532810c931fb88fb4658b844f4c0210627e8d8e03,,,,,0,LOADED_VM,,NOT_STARTED,NOT_STARTED,NOT_STARTED,SVG_OPTIONAL,SVG_OPTIONAL,,,NONE,NO_PROBLEM_VISUAL,N/A,NONE,NOT_STARTED,,,,NOT_STARTED,NOT_STARTED,NOT_STARTED,NOT_TESTED,PASS,canonical_and_compiled_master_match,INVENTORY_PENDING,01_scope_inventory.csv#archive/exams/original/high/h1/2mid/21_강남여고_2학기_중간_고1_기출.js|21_강남여고_2학기_중간_고1_기출|8,,INDEX_RECORD_PRESENT,original/high/h1/2mid/21_강남여고_2학기_중간_고1_기출.js_8,1ed1dca7b68e8e9d2a5de189139b5d85be062e040399574fa651183d5ff7981f,true,②,IN_SCOPE_FORWARD,,,CLOSED_NO_SHARED_ASSET
archive/exams/original/high/h1/2mid/21_강남여고_2학기_중간_고1_기출.js|21_강남여고_2학기_중간_고1_기출|12,archive/exams/original/high/h1/2mid/21_강남여고_2학기_중간_고1_기출.js,21_강남여고_2학기_중간_고1_기출,12,12,12,2015,수학(하),H15-SB-03,함수,3,H15-SB-03-FUNCTION_RELATION,함수의 뜻과 대응,rule_inferred,complete_rule,객관식,grid,false,객관식|함수|일대일대응|정의역|치역,308111b5103254bc2f360fdf738b3820b42f56fdadcab1351c760bda88471d7d,311c708a41cbb68e4100a8c811d924229f5742eecab92e223cb81c779cd3c458,dfde05a3668030e99ca64d8d4ae5f6b64c7a87cee61c0ba43904b92ef210191d,dbb1f82382b919ee90582e7023529249ebbe0053e94ca0ac79d19c78a2d98a5d,,,,,0,LOADED_VM,,NOT_STARTED,NOT_STARTED,NOT_STARTED,SVG_REQUIRED_MISSING,SVG_REQUIRED_MISSING,GRAPH_OR_FUNCTION_STRUCTURE|SET_OR_LOGIC_STRUCTURE,,GRAPH_CANDIDATE,NO_PROBLEM_VISUAL,REVIEW_REQUIRED,NONE,NOT_STARTED,,,,NOT_STARTED,NOT_STARTED,NOT_STARTED,NOT_TESTED,PASS,canonical_and_compiled_master_match,INVENTORY_PENDING,01_scope_inventory.csv#archive/exams/original/high/h1/2mid/21_강남여고_2학기_중간_고1_기출.js|21_강남여고_2학기_중간_고1_기출|12,,INDEX_RECORD_PRESENT,original/high/h1/2mid/21_강남여고_2학기_중간_고1_기출.js_12,1ed1dca7b68e8e9d2a5de189139b5d85be062e040399574fa651183d5ff7981f,true,②,IN_SCOPE_FORWARD,,,CLOSED_NO_SHARED_ASSET
archive/exams/original/high/h1/2mid/21_강남여고_2학기_중간_고1_기출.js|21_강남여고_2학기_중간_고1_기출|16,archive/exams/original/high/h1/2mid/21_강남여고_2학기_중간_고1_기출.js,21_강남여고_2학기_중간_고1_기출,16,16,16,2015,수학(하),H15-SB-03,함수,3,H15-SB-03-COMPOSITE_FUNCTION,합성함수,rule_inferred,complete_rule,객관식,grid,false,객관식|함수|합성함수|반복합성|주기,3eed132efb13cc7ab9c4d85a9bdbe9b7db388b404d347a08888a3304bfa2a40a,14227fcc24273d9b2e9e260403c3ea588d1dff793e3a99e6893e7115da06ea28,973d2fd2f97e26a666f403b12da6d87e527985b36bcf4ff0a47c7e7e8c36321a,0b5e079ea76c594bd4c00e88be72a59a021942ef43a2e8547d2091ac7a6aef48,,,,,0,LOADED_VM,,NOT_STARTED,NOT_STARTED,NOT_STARTED,SVG_OPTIONAL,SVG_OPTIONAL,,,NONE,NO_PROBLEM_VISUAL,N/A,NONE,NOT_STARTED,,,,NOT_STARTED,NOT_STARTED,NOT_STARTED,NOT_TESTED,PASS,canonical_and_compiled_master_match,INVENTORY_PENDING,01_scope_inventory.csv#archive/exams/original/high/h1/2mid/21_강남여고_2학기_중간_고1_기출.js|21_강남여고_2학기_중간_고1_기출|16,,INDEX_RECORD_PRESENT,original/high/h1/2mid/21_강남여고_2학기_중간_고1_기출.js_16,1ed1dca7b68e8e9d2a5de189139b5d85be062e040399574fa651183d5ff7981f,true,①,IN_SCOPE_FORWARD,,,CLOSED_NO_SHARED_ASSET
archive/exams/original/high/h1/2mid/21_강남여고_2학기_중간_고1_기출.js|21_강남여고_2학기_중간_고1_기출|19,archive/exams/original/high/h1/2mid/21_강남여고_2학기_중간_고1_기출.js,21_강남여고_2학기_중간_고1_기출,19,19,19,2015,수학(하),H15-SB-03,함수,3,H15-SB-03-COMPOSITE_FUNCTION,합성함수,rule_inferred,complete_rule,객관식,grid,false,객관식|함수|합성함수|역함수|유한집합|도형,93729636e3179606799afc6f471be151d2817cb3e7a6cc3cdd3c47b2bb3e08e4,65585e0c6376d88c42105148418426bda8763c41d6d384e99228b194c2ea9dd6,d41ea6521f53fb3dfa10cf72e2932f4405d9c999fa422cdc840d25d57e90dd34,23a268896d35b268ff9a6b0793c682de749e74d4b3d27d835f15d37a4c7aa86d,assets/images/21_강남여고_2학기_중간_고1_기출/q19.png,ef1086a55d17e955ea150f8941a7f318b9b5acba2ca332a40bb4207dc1304859,,,0,LOADED_VM,,NOT_STARTED,NOT_STARTED,NOT_STARTED,SVG_REQUIRED_MISSING,SVG_REQUIRED_MISSING,COORDINATE_OR_GEOMETRY_STRUCTURE|SET_OR_LOGIC_STRUCTURE,,VISUAL_CANDIDATE,PROBLEM_VISUAL_PRESENT,REVIEW_REQUIRED,NONE,NOT_STARTED,,,,NOT_STARTED,NOT_STARTED,NOT_STARTED,NOT_TESTED,PASS,canonical_and_compiled_master_match,INVENTORY_PENDING,01_scope_inventory.csv#archive/exams/original/high/h1/2mid/21_강남여고_2학기_중간_고1_기출.js|21_강남여고_2학기_중간_고1_기출|19,[object Object],INDEX_RECORD_PRESENT,original/high/h1/2mid/21_강남여고_2학기_중간_고1_기출.js_19,1ed1dca7b68e8e9d2a5de189139b5d85be062e040399574fa651183d5ff7981f,true,④,IN_SCOPE_FORWARD,,,CLOSED_NO_SHARED_ASSET
archive/exams/original/high/h1/2mid/21_강남여고_2학기_중간_고1_기출.js|21_강남여고_2학기_중간_고1_기출|20,archive/exams/original/high/h1/2mid/21_강남여고_2학기_중간_고1_기출.js,21_강남여고_2학기_중간_고1_기출,20,20,20,2015,수학(하),H15-SB-03,함수,3,H15-SB-03-INVERSE_FUNCTION,역함수,rule_inferred,complete_rule,객관식,grid,false,객관식|함수|역함수|구간별함수,80be9732a08d3feb37f17251d563bf5e2122b02c463866339037b497d565c1dc,8b24e6e51cfc7e44161c82a759a678c94762a17991286ecb90b72f5e5222f378,dfde05a3668030e99ca64d8d4ae5f6b64c7a87cee61c0ba43904b92ef210191d,068661db0a6bd29ca4e9127332adcfcddde6e789c7a65a0ca7ee0c6bbdddf8ef,,,,,0,LOADED_VM,,NOT_STARTED,NOT_STARTED,NOT_STARTED,SVG_OPTIONAL,SVG_OPTIONAL,,,NONE,NO_PROBLEM_VISUAL,N/A,NONE,NOT_STARTED,,,,NOT_STARTED,NOT_STARTED,NOT_STARTED,NOT_TESTED,PASS,canonical_and_compiled_master_match,INVENTORY_PENDING,01_scope_inventory.csv#archive/exams/original/high/h1/2mid/21_강남여고_2학기_중간_고1_기출.js|21_강남여고_2학기_중간_고1_기출|20,,INDEX_RECORD_PRESENT,original/high/h1/2mid/21_강남여고_2학기_중간_고1_기출.js_20,1ed1dca7b68e8e9d2a5de189139b5d85be062e040399574fa651183d5ff7981f,true,②,IN_SCOPE_FORWARD,,,CLOSED_NO_SHARED_ASSET
archive/exams/original/high/h1/2mid/21_강남여고_2학기_중간_고1_기출.js|21_강남여고_2학기_중간_고1_기출|21,archive/exams/original/high/h1/2mid/21_강남여고_2학기_중간_고1_기출.js,21_강남여고_2학기_중간_고1_기출,21,21,21,2015,수학(하),H15-SB-03,함수,3,H15-SB-03-FUNCTION_RELATION,함수의 뜻과 대응,rule_inferred,complete_rule,객관식,grid,false,객관식|함수|이차함수|좌표|산술기하평균|그래프,151d45faadc2754e407b18f0ddefb5e9ac165e410dce293a7c31e50f148a597d,b3481e03ef8cf9effd73dac01e4a55201fd06850525550c4b91ce5f90c49b41c,d41ea6521f53fb3dfa10cf72e2932f4405d9c999fa422cdc840d25d57e90dd34,bb66fb1ebcaaf691eb7b9e56e47e42dd092ffe8fb642aa0360e6833deaa7354d,assets/images/21_강남여고_2학기_중간_고1_기출/q21.png,933de07cae5bf7c0c1568267c4b7760fa0b88532791e8888119b9271ee6d480c,,,0,LOADED_VM,,NOT_STARTED,NOT_STARTED,NOT_STARTED,SVG_REQUIRED_MISSING,SVG_REQUIRED_MISSING,GRAPH_OR_FUNCTION_STRUCTURE|COORDINATE_OR_GEOMETRY_STRUCTURE|TABLE_OR_MATRIX_STRUCTURE,,GRAPH_CANDIDATE,PROBLEM_VISUAL_PRESENT,REVIEW_REQUIRED,NONE,NOT_STARTED,,,,NOT_STARTED,NOT_STARTED,NOT_STARTED,NOT_TESTED,PASS,canonical_and_compiled_master_match,INVENTORY_PENDING,01_scope_inventory.csv#archive/exams/original/high/h1/2mid/21_강남여고_2학기_중간_고1_기출.js|21_강남여고_2학기_중간_고1_기출|21,[object Object],INDEX_RECORD_PRESENT,original/high/h1/2mid/21_강남여고_2학기_중간_고1_기출.js_21,1ed1dca7b68e8e9d2a5de189139b5d85be062e040399574fa651183d5ff7981f,true,④,IN_SCOPE_FORWARD,,,CLOSED_NO_SHARED_ASSET
archive/exams/original/high/h1/2mid/21_강남여고_2학기_중간_고1_기출.js|21_강남여고_2학기_중간_고1_기출|22,archive/exams/original/high/h1/2mid/21_강남여고_2학기_중간_고1_기출.js,21_강남여고_2학기_중간_고1_기출,22,22,22,2015,수학(하),H15-SB-03,함수,3,H15-SB-03-COMPOSITE_FUNCTION,합성함수,rule_inferred,complete_rule,객관식,grid,false,객관식|함수|합성함수|그래프|고정점,0dc70d031a3564d271c8ad6463a9ca4eacc34e64a517518a7ef4955c63091ffe,917bf0e24152b04f04e02a0b8c418a42dd7e79a94e1804aa7e1fb997de5e9c96,973d2fd2f97e26a666f403b12da6d87e527985b36bcf4ff0a47c7e7e8c36321a,e342dec7decf8ce247e6fb1027004878e51e8dda704e3cdebbd8d900c22d63d1,assets/images/21_강남여고_2학기_중간_고1_기출/q22.png,066cf49fb987e9eb8a3659632f250c7bf8f5282f1ec2556dbdd420ad4126c047,,,0,LOADED_VM,,NOT_STARTED,NOT_STARTED,NOT_STARTED,SVG_REQUIRED_MISSING,SVG_REQUIRED_MISSING,GRAPH_OR_FUNCTION_STRUCTURE|COORDINATE_OR_GEOMETRY_STRUCTURE|SET_OR_LOGIC_STRUCTURE,,GRAPH_CANDIDATE,PROBLEM_VISUAL_PRESENT,REVIEW_REQUIRED,NONE,NOT_STARTED,,,,NOT_STARTED,NOT_STARTED,NOT_STARTED,NOT_TESTED,PASS,canonical_and_compiled_master_match,INVENTORY_PENDING,01_scope_inventory.csv#archive/exams/original/high/h1/2mid/21_강남여고_2학기_중간_고1_기출.js|21_강남여고_2학기_중간_고1_기출|22,[object Object],INDEX_RECORD_PRESENT,original/high/h1/2mid/21_강남여고_2학기_중간_고1_기출.js_22,1ed1dca7b68e8e9d2a5de189139b5d85be062e040399574fa651183d5ff7981f,true,①,IN_SCOPE_FORWARD,,,CLOSED_NO_SHARED_ASSET
archive/exams/original/high/h1/2mid/21_강남여고_2학기_중간_고1_기출.js|21_강남여고_2학기_중간_고1_기출|25,archive/exams/original/high/h1/2mid/21_강남여고_2학기_중간_고1_기출.js,21_강남여고_2학기_중간_고1_기출,25,25,25,2015,수학(하),H15-SB-03,함수,3,H15-SB-03-COMPOSITE_FUNCTION,합성함수,rule_inferred,complete_rule,서술형,grid,false,서술형|함수|합성함수|교환법칙|유한집합,800ab087bad28b7aa891de9eddcf965d9883cd55d1559a5fbcb955f7acd4136c,4f53cda18c2baa0c0354bb5f9a3ecbe5ed12ab4d8e11ba873c2f11161202b945,4b3a9394c3e060dbdd118a398a6024a2bb32b24e5a321bedcc64f06ae15d2bdb,b432d740b42cff5ac0ad16b731c78f06df3a153ae029b644eaddb1b077f0f30a,,,,,0,LOADED_VM,,NOT_STARTED,NOT_STARTED,NOT_STARTED,SVG_REQUIRED_MISSING,SVG_REQUIRED_MISSING,SET_OR_LOGIC_STRUCTURE,,VISUAL_CANDIDATE,NO_PROBLEM_VISUAL,SCHEMATIC_OR_REVIEW,NONE,NOT_STARTED,,,,NOT_STARTED,NOT_STARTED,NOT_STARTED,NOT_TESTED,PASS,canonical_and_compiled_master_match,INVENTORY_PENDING,01_scope_inventory.csv#archive/exams/original/high/h1/2mid/21_강남여고_2학기_중간_고1_기출.js|21_강남여고_2학기_중간_고1_기출|25,,INDEX_RECORD_PRESENT,original/high/h1/2mid/21_강남여고_2학기_중간_고1_기출.js_25,1ed1dca7b68e8e9d2a5de189139b5d85be062e040399574fa651183d5ff7981f,true,$10$,IN_SCOPE_FORWARD,,,CLOSED_NO_SHARED_ASSET
archive/exams/original/high/h1/2mid/21_강남여고_2학기_중간_고1_기출.js|21_강남여고_2학기_중간_고1_기출|26,archive/exams/original/high/h1/2mid/21_강남여고_2학기_중간_고1_기출.js,21_강남여고_2학기_중간_고1_기출,26,26,26,2015,수학(하),H15-SB-03,함수,3,H15-SB-03-COMPOSITE_FUNCTION,합성함수,rule_inferred,complete_rule,서술형,grid,false,서술형|함수|역함수|합성함수|구간별함수,7537d723b347f38efe24f3811ab3a2d4a14cc74458f771513b1b41047eb80a11,4f53cda18c2baa0c0354bb5f9a3ecbe5ed12ab4d8e11ba873c2f11161202b945,9e8a28708309c8e3e08e5432c793bc8be701e3fa5c6570533407e44aff13c94d,6559cb9a908a4cb6ebc1a62734f8f8c9a10a72d3d5b402000f5d334e6acedc28,,,,,0,LOADED_VM,,NOT_STARTED,NOT_STARTED,NOT_STARTED,SVG_OPTIONAL,SVG_OPTIONAL,,,NONE,NO_PROBLEM_VISUAL,N/A,NONE,NOT_STARTED,,,,NOT_STARTED,NOT_STARTED,NOT_STARTED,NOT_TESTED,PASS,canonical_and_compiled_master_match,INVENTORY_PENDING,01_scope_inventory.csv#archive/exams/original/high/h1/2mid/21_강남여고_2학기_중간_고1_기출.js|21_강남여고_2학기_중간_고1_기출|26,,INDEX_RECORD_PRESENT,original/high/h1/2mid/21_강남여고_2학기_중간_고1_기출.js_26,1ed1dca7b68e8e9d2a5de189139b5d85be062e040399574fa651183d5ff7981f,true,$1$,IN_SCOPE_FORWARD,,,CLOSED_NO_SHARED_ASSET
archive/exams/original/high/h1/2mid/21_금당고_2학기_중간_고1_기출.js|21_금당고_2학기_중간_고1_기출|6,archive/exams/original/high/h1/2mid/21_금당고_2학기_중간_고1_기출.js,21_금당고_2학기_중간_고1_기출,6,6,6,2015,수학(하),H15-SB-03,함수,3,H15-SB-03-FUNCTION_RELATION,함수의 뜻과 대응,rule_inferred,complete_rule,객관식,grid,false,객관식|함수|절댓값함수|함숫값,c9144ce276ead0d3cef21a24d319615dc8d693f0ad92016fc88683ef3c13845a,e57737497ace7bd7c2571a55aac737604c16e111b63488c0759053f98d9b63e9,dfde05a3668030e99ca64d8d4ae5f6b64c7a87cee61c0ba43904b92ef210191d,70b39f2f2243a17624b4ef5a1889db11f1d5e21aed3f75e778716db0d898b42b,,,,,0,LOADED_VM,,NOT_STARTED,NOT_STARTED,NOT_STARTED,SVG_OPTIONAL,SVG_OPTIONAL,,,NONE,NO_PROBLEM_VISUAL,N/A,NONE,NOT_STARTED,,,,NOT_STARTED,NOT_STARTED,NOT_STARTED,NOT_TESTED,PASS,canonical_and_compiled_master_match,INVENTORY_PENDING,01_scope_inventory.csv#archive/exams/original/high/h1/2mid/21_금당고_2학기_중간_고1_기출.js|21_금당고_2학기_중간_고1_기출|6,,INDEX_RECORD_PRESENT,original/high/h1/2mid/21_금당고_2학기_중간_고1_기출.js_6,3c409306910a0ca68d13bdc89d551d5003d8f67a3408ce50cacb0480ac28608e,true,②,IN_SCOPE_FORWARD,,,CLOSED_NO_SHARED_ASSET
archive/exams/original/high/h1/2mid/21_금당고_2학기_중간_고1_기출.js|21_금당고_2학기_중간_고1_기출|7,archive/exams/original/high/h1/2mid/21_금당고_2학기_중간_고1_기출.js,21_금당고_2학기_중간_고1_기출,7,7,7,2015,수학(하),H15-SB-03,함수,3,H15-SB-03-COMPOSITE_FUNCTION,합성함수,rule_inferred,complete_rule,객관식,grid,false,객관식|함수|합성함수|일차함수,8b842e93b79526ff16dd6f745403b509126252ba47bd12639260686d5d525915,c8cb7a3252bcd8b6450899f3da09f1f91649e04584a833aa1d645ecfebd2f9ad,dfde05a3668030e99ca64d8d4ae5f6b64c7a87cee61c0ba43904b92ef210191d,b4e6a402812848e9ba6e02cb8439ca5811ab0e1899851897548a3c168c70797b,,,,,0,LOADED_VM,,NOT_STARTED,NOT_STARTED,NOT_STARTED,SVG_OPTIONAL,SVG_OPTIONAL,,,NONE,NO_PROBLEM_VISUAL,N/A,NONE,NOT_STARTED,,,,NOT_STARTED,NOT_STARTED,NOT_STARTED,NOT_TESTED,PASS,canonical_and_compiled_master_match,INVENTORY_PENDING,01_scope_inventory.csv#archive/exams/original/high/h1/2mid/21_금당고_2학기_중간_고1_기출.js|21_금당고_2학기_중간_고1_기출|7,,INDEX_RECORD_PRESENT,original/high/h1/2mid/21_금당고_2학기_중간_고1_기출.js_7,3c409306910a0ca68d13bdc89d551d5003d8f67a3408ce50cacb0480ac28608e,true,②,IN_SCOPE_FORWARD,,,CLOSED_NO_SHARED_ASSET
archive/exams/original/high/h1/2mid/21_금당고_2학기_중간_고1_기출.js|21_금당고_2학기_중간_고1_기출|13,archive/exams/original/high/h1/2mid/21_금당고_2학기_중간_고1_기출.js,21_금당고_2학기_중간_고1_기출,13,13,13,2015,수학(하),H15-SB-03,함수,3,H15-SB-03-FUNCTION_RELATION,함수의 뜻과 대응,rule_inferred,complete_rule,객관식,grid,false,객관식|함수|항등함수|상수함수|일대일대응,7724d036338004390266221a086b5db2d73dff8392e519f254a056e0219a70f9,4c174b11d79d95ea167dd8930db041a499adc479d1bc421379def00ae59ff4ad,d41ea6521f53fb3dfa10cf72e2932f4405d9c999fa422cdc840d25d57e90dd34,16b977283d1eb11685411cd1706d03c9fe4792626bd7dd1a470d24fb6bc47276,,,,,0,LOADED_VM,,NOT_STARTED,NOT_STARTED,NOT_STARTED,SVG_OPTIONAL,SVG_OPTIONAL,,,NONE,NO_PROBLEM_VISUAL,N/A,NONE,NOT_STARTED,,,,NOT_STARTED,NOT_STARTED,NOT_STARTED,NOT_TESTED,PASS,canonical_and_compiled_master_match,INVENTORY_PENDING,01_scope_inventory.csv#archive/exams/original/high/h1/2mid/21_금당고_2학기_중간_고1_기출.js|21_금당고_2학기_중간_고1_기출|13,,INDEX_RECORD_PRESENT,original/high/h1/2mid/21_금당고_2학기_중간_고1_기출.js_13,3c409306910a0ca68d13bdc89d551d5003d8f67a3408ce50cacb0480ac28608e,true,④,IN_SCOPE_FORWARD,,,CLOSED_NO_SHARED_ASSET
archive/exams/original/high/h1/2mid/21_금당고_2학기_중간_고1_기출.js|21_금당고_2학기_중간_고1_기출|14,archive/exams/original/high/h1/2mid/21_금당고_2학기_중간_고1_기출.js,21_금당고_2학기_중간_고1_기출,14,14,14,2015,수학(하),H15-SB-03,함수,3,H15-SB-03-COMPOSITE_FUNCTION,합성함수,rule_inferred,complete_rule,객관식,grid,false,객관식|함수|합성함수|그래프|교점,f0e201390066f38970f20117fb7cd6951f0907fcb0f1a6bc07330404ce99e215,3cc19e370a6671b60f17396fd032ed6593aa1547f8af80d6ab8d949018911b5e,b15be6cb71072b84f7e1e198ce023fc5bb8b1e625335904ddcf3cffcd8b7312b,d9996089d6de874f5972600116f33fe84cbcaa67c3a6fdc727537bd8560a7cb8,assets/images/21_금당고_2학기_중간_고1_기출/q14.png,3e2e8fd6bab7d72148c090c2707f93733a3d343c19492ebaee2e904d18bb3faf,,,0,LOADED_VM,,NOT_STARTED,NOT_STARTED,NOT_STARTED,SVG_REQUIRED_MISSING,SVG_REQUIRED_MISSING,GRAPH_OR_FUNCTION_STRUCTURE,,GRAPH_CANDIDATE,PROBLEM_VISUAL_PRESENT,REVIEW_REQUIRED,NONE,NOT_STARTED,,,,NOT_STARTED,NOT_STARTED,NOT_STARTED,NOT_TESTED,PASS,canonical_and_compiled_master_match,INVENTORY_PENDING,01_scope_inventory.csv#archive/exams/original/high/h1/2mid/21_금당고_2학기_중간_고1_기출.js|21_금당고_2학기_중간_고1_기출|14,[object Object],INDEX_RECORD_PRESENT,original/high/h1/2mid/21_금당고_2학기_중간_고1_기출.js_14,3c409306910a0ca68d13bdc89d551d5003d8f67a3408ce50cacb0480ac28608e,true,③,IN_SCOPE_FORWARD,,,CLOSED_NO_SHARED_ASSET
archive/exams/original/high/h1/2mid/21_금당고_2학기_중간_고1_기출.js|21_금당고_2학기_중간_고1_기출|16,archive/exams/original/high/h1/2mid/21_금당고_2학기_중간_고1_기출.js,21_금당고_2학기_중간_고1_기출,16,16,16,2015,수학(하),H15-SB-03,함수,3,H15-SB-03-FUNCTION_RELATION,함수의 뜻과 대응,rule_inferred,complete_rule,객관식,grid,false,객관식|함수|다항식|소수|교집합,eb02f1b54ebb2650e34d86e7c94be3d2912fa98041a5b8fdc2deb3659d9d18c3,3cc19e370a6671b60f17396fd032ed6593aa1547f8af80d6ab8d949018911b5e,973d2fd2f97e26a666f403b12da6d87e527985b36bcf4ff0a47c7e7e8c36321a,66aa05af2ef4e31aac76547b955d2a3d4ddd77214c80f182853c94b4f4a2a393,,,,,0,LOADED_VM,,NOT_STARTED,NOT_STARTED,NOT_STARTED,SVG_REQUIRED_MISSING,SVG_REQUIRED_MISSING,SET_OR_LOGIC_STRUCTURE,,VISUAL_CANDIDATE,NO_PROBLEM_VISUAL,SCHEMATIC_OR_REVIEW,NONE,NOT_STARTED,,,,NOT_STARTED,NOT_STARTED,NOT_STARTED,NOT_TESTED,PASS,canonical_and_compiled_master_match,INVENTORY_PENDING,01_scope_inventory.csv#archive/exams/original/high/h1/2mid/21_금당고_2학기_중간_고1_기출.js|21_금당고_2학기_중간_고1_기출|16,,INDEX_RECORD_PRESENT,original/high/h1/2mid/21_금당고_2학기_중간_고1_기출.js_16,3c409306910a0ca68d13bdc89d551d5003d8f67a3408ce50cacb0480ac28608e,true,①,IN_SCOPE_FORWARD,,,CLOSED_NO_SHARED_ASSET
archive/exams/original/high/h1/2mid/21_금당고_2학기_중간_고1_기출.js|21_금당고_2학기_중간_고1_기출|17,archive/exams/original/high/h1/2mid/21_금당고_2학기_중간_고1_기출.js,21_금당고_2학기_중간_고1_기출,17,17,17,2015,수학(하),H15-SB-03,함수,3,H15-SB-03-COMPOSITE_FUNCTION,합성함수,rule_inferred,complete_rule,객관식,fullwidth,false,객관식|함수|합성함수|유한집합|표,ccc166ba6104fd62461d98305322e3843cd6f98b340fccb07e0e4e900ca5ef33,0790604a86d34f395ce454e4054fc1a2c6396a263c65588d69a6ac1342df6252,b15be6cb71072b84f7e1e198ce023fc5bb8b1e625335904ddcf3cffcd8b7312b,b47e57986e886d0b87e1555f3332ad4ba9e856190c78f5306cf4c9e494c43cd2,assets/images/21_금당고_2학기_중간_고1_기출/q17.png,3f2ef6e56a7a1ab715a5d51a5fbe5fcd5540337c63d2bbd566f698f52a217f88,,,0,LOADED_VM,,NOT_STARTED,NOT_STARTED,NOT_STARTED,SVG_REQUIRED_MISSING,SVG_REQUIRED_MISSING,SET_OR_LOGIC_STRUCTURE|TABLE_OR_MATRIX_STRUCTURE,,VISUAL_CANDIDATE,PROBLEM_VISUAL_PRESENT,SCHEMATIC_OR_REVIEW,NONE,NOT_STARTED,,,,NOT_STARTED,NOT_STARTED,NOT_STARTED,NOT_TESTED,PASS,canonical_and_compiled_master_match,INVENTORY_PENDING,01_scope_inventory.csv#archive/exams/original/high/h1/2mid/21_금당고_2학기_중간_고1_기출.js|21_금당고_2학기_중간_고1_기출|17,[object Object],INDEX_RECORD_PRESENT,original/high/h1/2mid/21_금당고_2학기_중간_고1_기출.js_17,3c409306910a0ca68d13bdc89d551d5003d8f67a3408ce50cacb0480ac28608e,true,③,IN_SCOPE_FORWARD,,,CLOSED_NO_SHARED_ASSET
archive/exams/original/high/h1/2mid/21_금당고_2학기_중간_고1_기출.js|21_금당고_2학기_중간_고1_기출|20,archive/exams/original/high/h1/2mid/21_금당고_2학기_중간_고1_기출.js,21_금당고_2학기_중간_고1_기출,20,20,20,2015,수학(하),H15-SB-03,함수,3,H15-SB-03-FUNCTION_RELATION,함수의 뜻과 대응,rule_inferred,complete_rule,객관식,grid,false,객관식|함수|가우스기호|절댓값|방정식,b3c7ded8b5183fd064bdf78da701305ac02379f2a05c2c2f645164e9b7d74010,2953a550bc852dabb23cd7182de8ab6fa2fb4d03b693d547b26e98bc0ba0233f,d41ea6521f53fb3dfa10cf72e2932f4405d9c999fa422cdc840d25d57e90dd34,b5e801232654dfbe79b0cf9c25a1c86aea5f64a2377a42a4bfac3cabfaf162ca,,,,,0,LOADED_VM,,NOT_STARTED,NOT_STARTED,NOT_STARTED,SVG_OPTIONAL,SVG_OPTIONAL,,,NONE,NO_PROBLEM_VISUAL,N/A,NONE,NOT_STARTED,,,,NOT_STARTED,NOT_STARTED,NOT_STARTED,NOT_TESTED,PASS,canonical_and_compiled_master_match,INVENTORY_PENDING,01_scope_inventory.csv#archive/exams/original/high/h1/2mid/21_금당고_2학기_중간_고1_기출.js|21_금당고_2학기_중간_고1_기출|20,,INDEX_RECORD_PRESENT,original/high/h1/2mid/21_금당고_2학기_중간_고1_기출.js_20,3c409306910a0ca68d13bdc89d551d5003d8f67a3408ce50cacb0480ac28608e,true,④,IN_SCOPE_FORWARD,,,CLOSED_NO_SHARED_ASSET
archive/exams/original/high/h1/2mid/21_금당고_2학기_중간_고1_기출.js|21_금당고_2학기_중간_고1_기출|22,archive/exams/original/high/h1/2mid/21_금당고_2학기_중간_고1_기출.js,21_금당고_2학기_중간_고1_기출,22,22,22,2015,수학(하),H15-SB-03,함수,3,H15-SB-03-COMPOSITE_FUNCTION,합성함수,rule_inferred,complete_rule,서술형,grid,false,서술형|함수|절댓값함수|반복합성|그래프|그래프길이,9f041100e748e38d54c7a72677d31215409a53484d30e1c6ec9a137110c9f242,4f53cda18c2baa0c0354bb5f9a3ecbe5ed12ab4d8e11ba873c2f11161202b945,a5009944cc0deb7463d9f0040b6ca1f1685dee27016ab51c86adfd07492c3494,6c2f71fd837ceef1761219377f352da9ba69a8a9f376a6d12c3e9de872b87e58,,,,,0,LOADED_VM,,NOT_STARTED,NOT_STARTED,NOT_STARTED,SVG_REQUIRED_MISSING,SVG_REQUIRED_MISSING,GRAPH_OR_FUNCTION_STRUCTURE|COORDINATE_OR_GEOMETRY_STRUCTURE|SET_OR_LOGIC_STRUCTURE,,GRAPH_CANDIDATE,NO_PROBLEM_VISUAL,REVIEW_REQUIRED,NONE,NOT_STARTED,,,,NOT_STARTED,NOT_STARTED,NOT_STARTED,NOT_TESTED,PASS,canonical_and_compiled_master_match,INVENTORY_PENDING,01_scope_inventory.csv#archive/exams/original/high/h1/2mid/21_금당고_2학기_중간_고1_기출.js|21_금당고_2학기_중간_고1_기출|22,,INDEX_RECORD_PRESENT,original/high/h1/2mid/21_금당고_2학기_중간_고1_기출.js_22,3c409306910a0ca68d13bdc89d551d5003d8f67a3408ce50cacb0480ac28608e,true,72,IN_SCOPE_FORWARD,,,CLOSED_NO_SHARED_ASSET
archive/exams/original/high/h1/2mid/21_매산고_2학기_중간_고1_기출.js|21_매산고_2학기_중간_고1_기출|5,archive/exams/original/high/h1/2mid/21_매산고_2학기_중간_고1_기출.js,21_매산고_2학기_중간_고1_기출,5,5,5,2015,수학(하),H15-SB-03,함수,3,H15-SB-03-INVERSE_FUNCTION,역함수,rule_inferred,complete_rule,객관식,grid,false,객관식|함수|역함수|일차함수,dab60468911f98d7d4ca8556403b9b3582d52bef4bdea46c04342e3401b20795,7769d22fa5d46f711e22d712e077b34b4ef60738188b7153453e96b93e8d4715,973d2fd2f97e26a666f403b12da6d87e527985b36bcf4ff0a47c7e7e8c36321a,ed1f151099fd99a0f0ba11f0b103b1719b10db5d91c5d553db18374dc41237d1,,,,,0,LOADED_VM,,NOT_STARTED,NOT_STARTED,NOT_STARTED,SVG_REQUIRED_MISSING,SVG_REQUIRED_MISSING,GRAPH_OR_FUNCTION_STRUCTURE,,GRAPH_CANDIDATE,NO_PROBLEM_VISUAL,REVIEW_REQUIRED,NONE,NOT_STARTED,,,,NOT_STARTED,NOT_STARTED,NOT_STARTED,NOT_TESTED,PASS,canonical_and_compiled_master_match,INVENTORY_PENDING,01_scope_inventory.csv#archive/exams/original/high/h1/2mid/21_매산고_2학기_중간_고1_기출.js|21_매산고_2학기_중간_고1_기출|5,,INDEX_RECORD_PRESENT,original/high/h1/2mid/21_매산고_2학기_중간_고1_기출.js_5,98109ac1274a340f9e4cd58c70da4d0ee01271dd008209d5178e00e1de850de6,true,①,IN_SCOPE_FORWARD,,,CLOSED_NO_SHARED_ASSET
archive/exams/original/high/h1/2mid/21_매산고_2학기_중간_고1_기출.js|21_매산고_2학기_중간_고1_기출|10,archive/exams/original/high/h1/2mid/21_매산고_2학기_중간_고1_기출.js,21_매산고_2학기_중간_고1_기출,10,10,10,2015,수학(하),H15-SB-03,함수,3,H15-SB-03-FUNCTION_RELATION,함수의 뜻과 대응,rule_inferred,complete_rule,객관식,grid,false,객관식|함수|일대일함수|구간별함수|매개변수,7eae6d5fda5b84148dccb6e4bd0acf338e26538e72097707ad94a19c855850e2,bace5b0614232d7028285388e929f9838a2db8ea9ba331e30645b9f537939083,d41ea6521f53fb3dfa10cf72e2932f4405d9c999fa422cdc840d25d57e90dd34,42eb360065af653ca4e9c834a4a11417866aac49b560a7d66d2b28b6806c2d83,,,,,0,LOADED_VM,,NOT_STARTED,NOT_STARTED,NOT_STARTED,SVG_REQUIRED_MISSING,SVG_REQUIRED_MISSING,GRAPH_OR_FUNCTION_STRUCTURE,,GRAPH_CANDIDATE,NO_PROBLEM_VISUAL,REVIEW_REQUIRED,NONE,NOT_STARTED,,,,NOT_STARTED,NOT_STARTED,NOT_STARTED,NOT_TESTED,PASS,canonical_and_compiled_master_match,INVENTORY_PENDING,01_scope_inventory.csv#archive/exams/original/high/h1/2mid/21_매산고_2학기_중간_고1_기출.js|21_매산고_2학기_중간_고1_기출|10,,INDEX_RECORD_PRESENT,original/high/h1/2mid/21_매산고_2학기_중간_고1_기출.js_10,98109ac1274a340f9e4cd58c70da4d0ee01271dd008209d5178e00e1de850de6,true,④,IN_SCOPE_FORWARD,,,CLOSED_NO_SHARED_ASSET
archive/exams/original/high/h1/2mid/21_매산고_2학기_중간_고1_기출.js|21_매산고_2학기_중간_고1_기출|11,archive/exams/original/high/h1/2mid/21_매산고_2학기_중간_고1_기출.js,21_매산고_2학기_중간_고1_기출,11,11,11,2015,수학(하),H15-SB-03,함수,3,H15-SB-03-COMPOSITE_FUNCTION,합성함수,rule_inferred,complete_rule,객관식,grid,false,객관식|함수|역함수|합성함수|순열,6dfe00fa7b26f181c8279fb111f60c4821a0f48971df3e0839953f17373538ed,d0d50e36555ccd7a485338a14666d6b550a0fad7c354de464c562602a269ab05,b15be6cb71072b84f7e1e198ce023fc5bb8b1e625335904ddcf3cffcd8b7312b,2a67dffeb6e802864a4360232e83d0249170c076936140305fcb85725a366fb4,,,,,0,LOADED_VM,,NOT_STARTED,NOT_STARTED,NOT_STARTED,SVG_REQUIRED_MISSING,SVG_REQUIRED_MISSING,SET_OR_LOGIC_STRUCTURE|COUNTING_STRUCTURE,,VISUAL_CANDIDATE,NO_PROBLEM_VISUAL,SCHEMATIC_OR_REVIEW,NONE,NOT_STARTED,,,,NOT_STARTED,NOT_STARTED,NOT_STARTED,NOT_TESTED,PASS,canonical_and_compiled_master_match,INVENTORY_PENDING,01_scope_inventory.csv#archive/exams/original/high/h1/2mid/21_매산고_2학기_중간_고1_기출.js|21_매산고_2학기_중간_고1_기출|11,,INDEX_RECORD_PRESENT,original/high/h1/2mid/21_매산고_2학기_중간_고1_기출.js_11,98109ac1274a340f9e4cd58c70da4d0ee01271dd008209d5178e00e1de850de6,true,③,IN_SCOPE_FORWARD,,,CLOSED_NO_SHARED_ASSET
archive/exams/original/high/h1/2mid/21_매산고_2학기_중간_고1_기출.js|21_매산고_2학기_중간_고1_기출|12,archive/exams/original/high/h1/2mid/21_매산고_2학기_중간_고1_기출.js,21_매산고_2학기_중간_고1_기출,12,12,12,2015,수학(하),H15-SB-03,함수,3,H15-SB-03-COMPOSITE_FUNCTION,합성함수,rule_inferred,complete_rule,객관식,grid,false,객관식|함수|역함수|합성함수|그래프,f296724d1466eb1fa04b65154e826307811166f6033bc6b73a7661360e86c439,0f5a82be3d363bfc12f1b82f411c36f7ef87b76f3f595aedce9b4332eb496f2d,0bdef091c479702584f065d3a3714f8a76f851b3f0cf10912f345a5dd930b0a8,338f0e241f2af393ccd27b3f38797eec12c583b60e06a2c57a0c782f26085b6b,assets/images/21_매산고_2학기_중간_고1_기출/q12.png,1a6b6e30d0c99d5c7f551a11b011ac4cb2a4021d3f678b357d3bb0d92fbf3366,,,0,LOADED_VM,,NOT_STARTED,NOT_STARTED,NOT_STARTED,SVG_REQUIRED_MISSING,SVG_REQUIRED_MISSING,GRAPH_OR_FUNCTION_STRUCTURE,,GRAPH_CANDIDATE,PROBLEM_VISUAL_PRESENT,REVIEW_REQUIRED,NONE,NOT_STARTED,,,,NOT_STARTED,NOT_STARTED,NOT_STARTED,NOT_TESTED,PASS,canonical_and_compiled_master_match,INVENTORY_PENDING,01_scope_inventory.csv#archive/exams/original/high/h1/2mid/21_매산고_2학기_중간_고1_기출.js|21_매산고_2학기_중간_고1_기출|12,[object Object],INDEX_RECORD_PRESENT,original/high/h1/2mid/21_매산고_2학기_중간_고1_기출.js_12,98109ac1274a340f9e4cd58c70da4d0ee01271dd008209d5178e00e1de850de6,true,⑤,IN_SCOPE_FORWARD,,,CLOSED_NO_SHARED_ASSET
archive/exams/original/high/h1/2mid/21_매산고_2학기_중간_고1_기출.js|21_매산고_2학기_중간_고1_기출|13,archive/exams/original/high/h1/2mid/21_매산고_2학기_중간_고1_기출.js,21_매산고_2학기_중간_고1_기출,13,13,13,2015,수학(하),H15-SB-03,함수,3,H15-SB-03-COMPOSITE_FUNCTION,합성함수,rule_inferred,complete_rule,객관식,grid,false,객관식|함수|합성함수|치역|자연수개수,c34273a0917f494ce0ee3c520d2c3285cabff04e6b14b68612ab015dface57f7,c8cb7a3252bcd8b6450899f3da09f1f91649e04584a833aa1d645ecfebd2f9ad,973d2fd2f97e26a666f403b12da6d87e527985b36bcf4ff0a47c7e7e8c36321a,2f00d1b4ed2270a06db933302cc51be50f974af5ff19783acd67552890dae7ca,,,,,0,LOADED_VM,,NOT_STARTED,NOT_STARTED,NOT_STARTED,SVG_REQUIRED_MISSING,SVG_REQUIRED_MISSING,GRAPH_OR_FUNCTION_STRUCTURE,,GRAPH_CANDIDATE,NO_PROBLEM_VISUAL,REVIEW_REQUIRED,NONE,NOT_STARTED,,,,NOT_STARTED,NOT_STARTED,NOT_STARTED,NOT_TESTED,PASS,canonical_and_compiled_master_match,INVENTORY_PENDING,01_scope_inventory.csv#archive/exams/original/high/h1/2mid/21_매산고_2학기_중간_고1_기출.js|21_매산고_2학기_중간_고1_기출|13,,INDEX_RECORD_PRESENT,original/high/h1/2mid/21_매산고_2학기_중간_고1_기출.js_13,98109ac1274a340f9e4cd58c70da4d0ee01271dd008209d5178e00e1de850de6,true,①,IN_SCOPE_FORWARD,,,CLOSED_NO_SHARED_ASSET
archive/exams/original/high/h1/2mid/21_매산고_2학기_중간_고1_기출.js|21_매산고_2학기_중간_고1_기출|15,archive/exams/original/high/h1/2mid/21_매산고_2학기_중간_고1_기출.js,21_매산고_2학기_중간_고1_기출,15,15,15,2015,수학(하),H15-SB-03,함수,3,H15-SB-03-COMPOSITE_FUNCTION,합성함수,rule_inferred,complete_rule,객관식,grid,false,객관식|함수|합성함수|일대일대응|유한집합,72ed6bcdf3cb9e84974b249c1a501e23507f7d675a7e0efe23455f0bbc5c971c,d3b513eba093def1f570b24c40510eec0b00ca49748eda4d023fa531cfa202a7,d41ea6521f53fb3dfa10cf72e2932f4405d9c999fa422cdc840d25d57e90dd34,8e7572c1d151ab4c4bf066cdc795f8dceb4865626b986bc1a530e41676e2019a,,,,,0,LOADED_VM,,NOT_STARTED,NOT_STARTED,NOT_STARTED,SVG_REQUIRED_MISSING,SVG_REQUIRED_MISSING,SET_OR_LOGIC_STRUCTURE,,VISUAL_CANDIDATE,NO_PROBLEM_VISUAL,SCHEMATIC_OR_REVIEW,NONE,NOT_STARTED,,,,NOT_STARTED,NOT_STARTED,NOT_STARTED,NOT_TESTED,PASS,canonical_and_compiled_master_match,INVENTORY_PENDING,01_scope_inventory.csv#archive/exams/original/high/h1/2mid/21_매산고_2학기_중간_고1_기출.js|21_매산고_2학기_중간_고1_기출|15,,INDEX_RECORD_PRESENT,original/high/h1/2mid/21_매산고_2학기_중간_고1_기출.js_15,98109ac1274a340f9e4cd58c70da4d0ee01271dd008209d5178e00e1de850de6,true,④,IN_SCOPE_FORWARD,,,CLOSED_NO_SHARED_ASSET
archive/exams/original/high/h1/2mid/21_매산고_2학기_중간_고1_기출.js|21_매산고_2학기_중간_고1_기출|17,archive/exams/original/high/h1/2mid/21_매산고_2학기_중간_고1_기출.js,21_매산고_2학기_중간_고1_기출,17,17,17,2015,수학(하),H15-SB-03,함수,3,H15-SB-03-COMPOSITE_FUNCTION,합성함수,rule_inferred,complete_rule,단답형,grid,false,단답형|함수|합성함수|그래프|넓이|교점,e7c427e032c59edd54439e277bf70d686dbc0aa1dd2f311ce38359ccaae702fc,4f53cda18c2baa0c0354bb5f9a3ecbe5ed12ab4d8e11ba873c2f11161202b945,ade1a1c2a61af0f279a4978dfddcdb6acd33f5a8b61e62c5fd881e8a88a387bc,1992055ef34d9cb42545f96f9f35920ba391c950b69e0fb52262459632b204bb,,,,,0,LOADED_VM,,NOT_STARTED,NOT_STARTED,NOT_STARTED,SVG_REQUIRED_MISSING,SVG_REQUIRED_MISSING,GRAPH_OR_FUNCTION_STRUCTURE|COORDINATE_OR_GEOMETRY_STRUCTURE,,GRAPH_CANDIDATE,NO_PROBLEM_VISUAL,REVIEW_REQUIRED,NONE,NOT_STARTED,,,,NOT_STARTED,NOT_STARTED,NOT_STARTED,NOT_TESTED,PASS,canonical_and_compiled_master_match,INVENTORY_PENDING,01_scope_inventory.csv#archive/exams/original/high/h1/2mid/21_매산고_2학기_중간_고1_기출.js|21_매산고_2학기_중간_고1_기출|17,,INDEX_RECORD_PRESENT,original/high/h1/2mid/21_매산고_2학기_중간_고1_기출.js_17,98109ac1274a340f9e4cd58c70da4d0ee01271dd008209d5178e00e1de850de6,true,8,IN_SCOPE_FORWARD,,,CLOSED_NO_SHARED_ASSET
archive/exams/original/high/h1/2mid/21_매산고_2학기_중간_고1_기출.js|21_매산고_2학기_중간_고1_기출|18,archive/exams/original/high/h1/2mid/21_매산고_2학기_중간_고1_기출.js,21_매산고_2학기_중간_고1_기출,18,18,18,2015,수학(하),H15-SB-03,함수,3,H15-SB-03-COMPOSITE_FUNCTION,합성함수,rule_inferred,complete_rule,단답형,grid,false,단답형|함수|합성함수|가우스기호|실근개수,fee40f9f833c0a2c23b5ba5f9aa0dcecb5b1376a33f054e76a544385c024c964,4f53cda18c2baa0c0354bb5f9a3ecbe5ed12ab4d8e11ba873c2f11161202b945,046419ca5ecebeb34fdfe9dde8106ccee5ce39f8e4dd115e8ef20b869f8bed82,5156aab3013ed3b524dd56f1a369bb533f29601d935d64f93d453ba697b62e90,,,,,0,LOADED_VM,,NOT_STARTED,NOT_STARTED,NOT_STARTED,SVG_OPTIONAL,SVG_OPTIONAL,,,NONE,NO_PROBLEM_VISUAL,N/A,NONE,NOT_STARTED,,,,NOT_STARTED,NOT_STARTED,NOT_STARTED,NOT_TESTED,PASS,canonical_and_compiled_master_match,INVENTORY_PENDING,01_scope_inventory.csv#archive/exams/original/high/h1/2mid/21_매산고_2학기_중간_고1_기출.js|21_매산고_2학기_중간_고1_기출|18,,INDEX_RECORD_PRESENT,original/high/h1/2mid/21_매산고_2학기_중간_고1_기출.js_18,98109ac1274a340f9e4cd58c70da4d0ee01271dd008209d5178e00e1de850de6,true,20,IN_SCOPE_FORWARD,,,CLOSED_NO_SHARED_ASSET
archive/exams/original/high/h1/2mid/21_매산고_2학기_중간_고1_기출.js|21_매산고_2학기_중간_고1_기출|20,archive/exams/original/high/h1/2mid/21_매산고_2학기_중간_고1_기출.js,21_매산고_2학기_중간_고1_기출,20,20,20,2015,수학(하),H15-SB-03,함수,3,H15-SB-03-FUNCTION_RELATION,함수의 뜻과 대응,rule_inferred,complete_rule,서술형,grid,false,서술형|함수|주기함수|실근개수|방정식,577d7ec93b5e90d65a28e3f195b3c1632d1e244b5c8ae61ac4afa510c78a43a0,4f53cda18c2baa0c0354bb5f9a3ecbe5ed12ab4d8e11ba873c2f11161202b945,8e614dc5542ee34ed894f8a31fbd861395c1665f90525459bfe8d7783d4de39b,3a213d71575ec6edb4b363e3699666102e7dacc3d0d2e3f7dd6f4cdf7e810db1,,,,,0,LOADED_VM,,NOT_STARTED,NOT_STARTED,NOT_STARTED,SVG_OPTIONAL,SVG_OPTIONAL,,,NONE,NO_PROBLEM_VISUAL,N/A,NONE,NOT_STARTED,,,,NOT_STARTED,NOT_STARTED,NOT_STARTED,NOT_TESTED,PASS,canonical_and_compiled_master_match,INVENTORY_PENDING,01_scope_inventory.csv#archive/exams/original/high/h1/2mid/21_매산고_2학기_중간_고1_기출.js|21_매산고_2학기_중간_고1_기출|20,,INDEX_RECORD_PRESENT,original/high/h1/2mid/21_매산고_2학기_중간_고1_기출.js_20,98109ac1274a340f9e4cd58c70da4d0ee01271dd008209d5178e00e1de850de6,true,"$g\left(\dfrac12\right)=3$, 자연수 $n$의 합은 $39$",IN_SCOPE_FORWARD,,,CLOSED_NO_SHARED_ASSET
archive/exams/original/high/h1/2mid/21_순천고_2학기_중간_고1_기출.js|21_순천고_2학기_중간_고1_기출|6,archive/exams/original/high/h1/2mid/21_순천고_2학기_중간_고1_기출.js,21_순천고_2학기_중간_고1_기출,6,6,6,2015,수학(하),H15-SB-03,함수,3,H15-SB-03-FUNCTION_RELATION,함수의 뜻과 대응,rule_inferred,complete_rule,객관식,grid,false,객관식|함수|정의역|공역|함숫값,e4ac602ace7bb0513c1cf6123536154f1c85412e6abb743025e6496d521c7657,58ecadd1523933c2b7c5a40ee39699ecc4c16a85e40ac78dcff5cbc78fa1eedd,973d2fd2f97e26a666f403b12da6d87e527985b36bcf4ff0a47c7e7e8c36321a,278f87d7e22493ed5eb7650c81b3116a0779f3df4d4eb7c29a30e6e5a3f69282,,,,,0,LOADED_VM,,NOT_STARTED,NOT_STARTED,NOT_STARTED,SVG_REQUIRED_MISSING,SVG_REQUIRED_MISSING,GRAPH_OR_FUNCTION_STRUCTURE|SET_OR_LOGIC_STRUCTURE,,GRAPH_CANDIDATE,NO_PROBLEM_VISUAL,REVIEW_REQUIRED,NONE,NOT_STARTED,,,,NOT_STARTED,NOT_STARTED,NOT_STARTED,NOT_TESTED,PASS,canonical_and_compiled_master_match,INVENTORY_PENDING,01_scope_inventory.csv#archive/exams/original/high/h1/2mid/21_순천고_2학기_중간_고1_기출.js|21_순천고_2학기_중간_고1_기출|6,,INDEX_RECORD_PRESENT,original/high/h1/2mid/21_순천고_2학기_중간_고1_기출.js_6,a26d4fd47fc1aaab402aee17b942ec9bc9a4cdc4add04303618d906b47a00ea7,true,①,IN_SCOPE_FORWARD,,,CLOSED_NO_SHARED_ASSET
archive/exams/original/high/h1/2mid/21_순천고_2학기_중간_고1_기출.js|21_순천고_2학기_중간_고1_기출|7,archive/exams/original/high/h1/2mid/21_순천고_2학기_중간_고1_기출.js,21_순천고_2학기_중간_고1_기출,7,7,7,2015,수학(하),H15-SB-03,함수,3,H15-SB-03-COMPOSITE_FUNCTION,합성함수,rule_inferred,complete_rule,객관식,grid,false,객관식|함수|합성함수|이차함수,b5595bda1f636d9607955e4063eacf4f8430c2950fa286ef3add704686bec13e,90c02960743fcf57c8e95e8e0fe22f4ef2f818dc4ce550345e676b39b9bd5443,0bdef091c479702584f065d3a3714f8a76f851b3f0cf10912f345a5dd930b0a8,c96fa74f2031ac8e3bc41c3d6dbeed22a0063048d7fb3b7ee7ca867fc305b142,,,,,0,LOADED_VM,,NOT_STARTED,NOT_STARTED,NOT_STARTED,SVG_OPTIONAL,SVG_OPTIONAL,,,NONE,NO_PROBLEM_VISUAL,N/A,NONE,NOT_STARTED,,,,NOT_STARTED,NOT_STARTED,NOT_STARTED,NOT_TESTED,PASS,canonical_and_compiled_master_match,INVENTORY_PENDING,01_scope_inventory.csv#archive/exams/original/high/h1/2mid/21_순천고_2학기_중간_고1_기출.js|21_순천고_2학기_중간_고1_기출|7,,INDEX_RECORD_PRESENT,original/high/h1/2mid/21_순천고_2학기_중간_고1_기출.js_7,a26d4fd47fc1aaab402aee17b942ec9bc9a4cdc4add04303618d906b47a00ea7,true,⑤,IN_SCOPE_FORWARD,,,CLOSED_NO_SHARED_ASSET
archive/exams/original/high/h1/2mid/21_순천고_2학기_중간_고1_기출.js|21_순천고_2학기_중간_고1_기출|15,archive/exams/original/high/h1/2mid/21_순천고_2학기_중간_고1_기출.js,21_순천고_2학기_중간_고1_기출,15,15,15,2015,수학(하),H15-SB-03,함수,3,H15-SB-03-FUNCTION_RELATION,함수의 뜻과 대응,rule_inferred,complete_rule,객관식,grid,false,객관식|함수|일대일대응|항등함수|상수함수,e7dbf67c967768e62697b051ca2915cf81bd1c3b6f2444ccc33926649a5a3d1c,558f7deca84fe0c9b08272a53062983375c65506e21de2ce8b3835cb3d56b64f,dfde05a3668030e99ca64d8d4ae5f6b64c7a87cee61c0ba43904b92ef210191d,286abc6bf419e4632978ca6edf2d10f77951fd383a8233ef600fb38ec1c42c61,,,,,0,LOADED_VM,,NOT_STARTED,NOT_STARTED,NOT_STARTED,SVG_REQUIRED_MISSING,SVG_REQUIRED_MISSING,SET_OR_LOGIC_STRUCTURE,,VISUAL_CANDIDATE,NO_PROBLEM_VISUAL,SCHEMATIC_OR_REVIEW,NONE,NOT_STARTED,,,,NOT_STARTED,NOT_STARTED,NOT_STARTED,NOT_TESTED,PASS,canonical_and_compiled_master_match,INVENTORY_PENDING,01_scope_inventory.csv#archive/exams/original/high/h1/2mid/21_순천고_2학기_중간_고1_기출.js|21_순천고_2학기_중간_고1_기출|15,,INDEX_RECORD_PRESENT,original/high/h1/2mid/21_순천고_2학기_중간_고1_기출.js_15,a26d4fd47fc1aaab402aee17b942ec9bc9a4cdc4add04303618d906b47a00ea7,true,②,IN_SCOPE_FORWARD,,,CLOSED_NO_SHARED_ASSET
archive/exams/original/high/h1/2mid/21_순천고_2학기_중간_고1_기출.js|21_순천고_2학기_중간_고1_기출|16,archive/exams/original/high/h1/2mid/21_순천고_2학기_중간_고1_기출.js,21_순천고_2학기_중간_고1_기출,16,16,16,2015,수학(하),H15-SB-03,함수,3,H15-SB-03-INVERSE_FUNCTION,역함수,rule_inferred,complete_rule,객관식,grid,false,객관식|함수|역함수|교점|그래프,35186cd89551b81f29f766027f2dac0c84c656349105937609ccd5c93a3189ba,9a4d3eaf682ac0669ee1076a89a80c52cd993542e45dce68ab547c4cf9b1f380,0bdef091c479702584f065d3a3714f8a76f851b3f0cf10912f345a5dd930b0a8,00a2ba892b0a322646e2b6be6144571c9b745f57347a8577dadf293074f4a3fd,,,,,0,LOADED_VM,,NOT_STARTED,NOT_STARTED,NOT_STARTED,SVG_REQUIRED_MISSING,SVG_REQUIRED_MISSING,GRAPH_OR_FUNCTION_STRUCTURE|COORDINATE_OR_GEOMETRY_STRUCTURE|TABLE_OR_MATRIX_STRUCTURE,,GRAPH_CANDIDATE,NO_PROBLEM_VISUAL,REVIEW_REQUIRED,NONE,NOT_STARTED,,,,NOT_STARTED,NOT_STARTED,NOT_STARTED,NOT_TESTED,PASS,canonical_and_compiled_master_match,INVENTORY_PENDING,01_scope_inventory.csv#archive/exams/original/high/h1/2mid/21_순천고_2학기_중간_고1_기출.js|21_순천고_2학기_중간_고1_기출|16,,INDEX_RECORD_PRESENT,original/high/h1/2mid/21_순천고_2학기_중간_고1_기출.js_16,a26d4fd47fc1aaab402aee17b942ec9bc9a4cdc4add04303618d906b47a00ea7,true,⑤,IN_SCOPE_FORWARD,,,CLOSED_NO_SHARED_ASSET
archive/exams/original/high/h1/2mid/21_순천고_2학기_중간_고1_기출.js|21_순천고_2학기_중간_고1_기출|17,archive/exams/original/high/h1/2mid/21_순천고_2학기_중간_고1_기출.js,21_순천고_2학기_중간_고1_기출,17,17,17,2015,수학(하),H15-SB-03,함수,3,H15-SB-03-COMPOSITE_FUNCTION,합성함수,rule_inferred,complete_rule,객관식,grid,false,객관식|함수|역함수|합성함수,bbd90e63e842f5468822d0ce56303b0396514cff8938659102e99f1eb6061cda,8044cc153485e9f77d8fde545eb18559f2694579a549f17e2f138fd5369de5ac,d41ea6521f53fb3dfa10cf72e2932f4405d9c999fa422cdc840d25d57e90dd34,ba65011668c77338c7c8664561b109b814eb111d07d984311d02c98b29bd48f9,,,,,0,LOADED_VM,,NOT_STARTED,NOT_STARTED,NOT_STARTED,SVG_REQUIRED_MISSING,SVG_REQUIRED_MISSING,SET_OR_LOGIC_STRUCTURE,,VISUAL_CANDIDATE,NO_PROBLEM_VISUAL,SCHEMATIC_OR_REVIEW,NONE,NOT_STARTED,,,,NOT_STARTED,NOT_STARTED,NOT_STARTED,NOT_TESTED,PASS,canonical_and_compiled_master_match,INVENTORY_PENDING,01_scope_inventory.csv#archive/exams/original/high/h1/2mid/21_순천고_2학기_중간_고1_기출.js|21_순천고_2학기_중간_고1_기출|17,,INDEX_RECORD_PRESENT,original/high/h1/2mid/21_순천고_2학기_중간_고1_기출.js_17,a26d4fd47fc1aaab402aee17b942ec9bc9a4cdc4add04303618d906b47a00ea7,true,④,IN_SCOPE_FORWARD,,,CLOSED_NO_SHARED_ASSET
archive/exams/original/high/h1/2mid/21_순천고_2학기_중간_고1_기출.js|21_순천고_2학기_중간_고1_기출|18,archive/exams/original/high/h1/2mid/21_순천고_2학기_중간_고1_기출.js,21_순천고_2학기_중간_고1_기출,18,18,18,2015,수학(하),H15-SB-03,함수,3,H15-SB-03-COMPOSITE_FUNCTION,합성함수,rule_inferred,complete_rule,객관식,grid,false,객관식|함수|합성함수|이차방정식|실근,07e49a74a2e1c6505faa44d80e851d3552c11f57612cb90199966831f9192ec4,6f710ec730f7065a8a4637d9fed329214f05f5acf45aa04dd2c0bee3dc6b4d1e,b15be6cb71072b84f7e1e198ce023fc5bb8b1e625335904ddcf3cffcd8b7312b,c139bc9f4cf68bed27168b6f73e771a4e2bffdfff3d7b6d59ce6afe8e22f278a,,,,,0,LOADED_VM,,NOT_STARTED,NOT_STARTED,NOT_STARTED,SVG_OPTIONAL,SVG_OPTIONAL,,,NONE,NO_PROBLEM_VISUAL,N/A,NONE,NOT_STARTED,,,,NOT_STARTED,NOT_STARTED,NOT_STARTED,NOT_TESTED,PASS,canonical_and_compiled_master_match,INVENTORY_PENDING,01_scope_inventory.csv#archive/exams/original/high/h1/2mid/21_순천고_2학기_중간_고1_기출.js|21_순천고_2학기_중간_고1_기출|18,,INDEX_RECORD_PRESENT,original/high/h1/2mid/21_순천고_2학기_중간_고1_기출.js_18,a26d4fd47fc1aaab402aee17b942ec9bc9a4cdc4add04303618d906b47a00ea7,true,③,IN_SCOPE_FORWARD,,,CLOSED_NO_SHARED_ASSET
archive/exams/original/high/h1/2mid/21_순천고_2학기_중간_고1_기출.js|21_순천고_2학기_중간_고1_기출|22,archive/exams/original/high/h1/2mid/21_순천고_2학기_중간_고1_기출.js,21_순천고_2학기_중간_고1_기출,22,22,22,2015,수학(하),H15-SB-03,함수,3,H15-SB-03-FUNCTION_RELATION,함수의 뜻과 대응,rule_inferred,complete_rule,서술형,grid,false,서술형|함수|재귀함수|자연수|함숫값의합,a88c97fea3528e97fd2e75de260b9d613287fdbfaf951aa5920f2c73acd2ae43,4f53cda18c2baa0c0354bb5f9a3ecbe5ed12ab4d8e11ba873c2f11161202b945,d8205b3436eaff4599f8c4e0f8caf535c8ff3a1079d080f072f4602daa2438bb,2a9e7db21cb4388d6e73f91664258346b8629c0a180e038a4fb076c8d91f20cf,,,,,0,LOADED_VM,,NOT_STARTED,NOT_STARTED,NOT_STARTED,SVG_REQUIRED_MISSING,SVG_REQUIRED_MISSING,SET_OR_LOGIC_STRUCTURE,,VISUAL_CANDIDATE,NO_PROBLEM_VISUAL,SCHEMATIC_OR_REVIEW,NONE,NOT_STARTED,,,,NOT_STARTED,NOT_STARTED,NOT_STARTED,NOT_TESTED,PASS,canonical_and_compiled_master_match,INVENTORY_PENDING,01_scope_inventory.csv#archive/exams/original/high/h1/2mid/21_순천고_2학기_중간_고1_기출.js|21_순천고_2학기_중간_고1_기출|22,,INDEX_RECORD_PRESENT,original/high/h1/2mid/21_순천고_2학기_중간_고1_기출.js_22,a26d4fd47fc1aaab402aee17b942ec9bc9a4cdc4add04303618d906b47a00ea7,true,$2068$,IN_SCOPE_FORWARD,,,CLOSED_NO_SHARED_ASSET
archive/exams/original/high/h1/2mid/21_제일고_2학기_중간_고1_기출.js|21_제일고_2학기_중간_고1_기출|3,archive/exams/original/high/h1/2mid/21_제일고_2학기_중간_고1_기출.js,21_제일고_2학기_중간_고1_기출,3,3,3,2015,수학(하),H15-SB-03,함수,3,H15-SB-03-FUNCTION_RELATION,함수의 뜻과 대응,rule_inferred,complete_rule,객관식,grid,false,객관식|함수|함수의상등|유한집합|매개변수,894cd435cab3d038152639f4cc56a7d384ac08af5e63d002f430689806f45a98,51247bbaa5b4e54f213e8c8d62896eb320bf4bafb4c503e7c09d7302db3ceb61,0bdef091c479702584f065d3a3714f8a76f851b3f0cf10912f345a5dd930b0a8,ae5c41651a3702ac49a63bc5a1532ce983c1d5eb6c5c029a3ee63990e9618ec7,,,,,0,LOADED_VM,,NOT_STARTED,NOT_STARTED,NOT_STARTED,SVG_REQUIRED_MISSING,SVG_REQUIRED_MISSING,GRAPH_OR_FUNCTION_STRUCTURE|SET_OR_LOGIC_STRUCTURE,,GRAPH_CANDIDATE,NO_PROBLEM_VISUAL,REVIEW_REQUIRED,NONE,NOT_STARTED,,,,NOT_STARTED,NOT_STARTED,NOT_STARTED,NOT_TESTED,PASS,canonical_and_compiled_master_match,INVENTORY_PENDING,01_scope_inventory.csv#archive/exams/original/high/h1/2mid/21_제일고_2학기_중간_고1_기출.js|21_제일고_2학기_중간_고1_기출|3,,INDEX_RECORD_PRESENT,original/high/h1/2mid/21_제일고_2학기_중간_고1_기출.js_3,3e774ed496a25d32ef3b1687d033db93c1c6dbda7da7b3b4c55428cdf7e74653,true,⑤,IN_SCOPE_FORWARD,,,CLOSED_NO_SHARED_ASSET
archive/exams/original/high/h1/2mid/21_제일고_2학기_중간_고1_기출.js|21_제일고_2학기_중간_고1_기출|13,archive/exams/original/high/h1/2mid/21_제일고_2학기_중간_고1_기출.js,21_제일고_2학기_중간_고1_기출,13,13,13,2015,수학(하),H15-SB-03,함수,3,H15-SB-03-INVERSE_FUNCTION,역함수,rule_inferred,complete_rule,객관식,grid,false,객관식|함수|치역|절댓값함수|원소의합,0bdaed3ccdd2c479e68b31447ee81f259d57ccd7992974a9671fd57dd6747da0,19eb5b2317791d57e5d9e509820355307f30955d96c86aa7beafe68d64457ce6,d41ea6521f53fb3dfa10cf72e2932f4405d9c999fa422cdc840d25d57e90dd34,bfbe50693546dbd75c7441e947b0a0595c3c3e79ec8a038cd3b52529f4fa6589,,,,,0,LOADED_VM,,NOT_STARTED,NOT_STARTED,NOT_STARTED,SVG_REQUIRED_MISSING,SVG_REQUIRED_MISSING,GRAPH_OR_FUNCTION_STRUCTURE|SET_OR_LOGIC_STRUCTURE,,GRAPH_CANDIDATE,NO_PROBLEM_VISUAL,REVIEW_REQUIRED,NONE,NOT_STARTED,,,,NOT_STARTED,NOT_STARTED,NOT_STARTED,NOT_TESTED,PASS,canonical_and_compiled_master_match,INVENTORY_PENDING,01_scope_inventory.csv#archive/exams/original/high/h1/2mid/21_제일고_2학기_중간_고1_기출.js|21_제일고_2학기_중간_고1_기출|13,,INDEX_RECORD_PRESENT,original/high/h1/2mid/21_제일고_2학기_중간_고1_기출.js_13,3e774ed496a25d32ef3b1687d033db93c1c6dbda7da7b3b4c55428cdf7e74653,true,④,IN_SCOPE_FORWARD,,,CLOSED_NO_SHARED_ASSET
archive/exams/original/high/h1/2mid/21_제일고_2학기_중간_고1_기출.js|21_제일고_2학기_중간_고1_기출|15,archive/exams/original/high/h1/2mid/21_제일고_2학기_중간_고1_기출.js,21_제일고_2학기_중간_고1_기출,15,15,15,2015,수학(하),H15-SB-03,함수,3,H15-SB-03-FUNCTION_RELATION,함수의 뜻과 대응,rule_inferred,complete_rule,객관식,grid,false,객관식|함수|일대일대응|이차함수|치역,4385ff81ae1a678526cac6cdfaa8feebdb6fd5c186b5f18447eb07e2f2a7dacd,0fabd0bc3ee3b464acbc6008333d5a1c8aa81d4d1c4a99cf775f0ef547605e80,d41ea6521f53fb3dfa10cf72e2932f4405d9c999fa422cdc840d25d57e90dd34,f6ebe987c4a72e0be44dbe017d6d678b43f8a605f5a61996ab5bbb0256492358,,,,,0,LOADED_VM,,NOT_STARTED,NOT_STARTED,NOT_STARTED,SVG_REQUIRED_MISSING,SVG_REQUIRED_MISSING,GRAPH_OR_FUNCTION_STRUCTURE|SET_OR_LOGIC_STRUCTURE,,GRAPH_CANDIDATE,NO_PROBLEM_VISUAL,REVIEW_REQUIRED,NONE,NOT_STARTED,,,,NOT_STARTED,NOT_STARTED,NOT_STARTED,NOT_TESTED,PASS,canonical_and_compiled_master_match,INVENTORY_PENDING,01_scope_inventory.csv#archive/exams/original/high/h1/2mid/21_제일고_2학기_중간_고1_기출.js|21_제일고_2학기_중간_고1_기출|15,,INDEX_RECORD_PRESENT,original/high/h1/2mid/21_제일고_2학기_중간_고1_기출.js_15,3e774ed496a25d32ef3b1687d033db93c1c6dbda7da7b3b4c55428cdf7e74653,true,④,IN_SCOPE_FORWARD,,,CLOSED_NO_SHARED_ASSET
archive/exams/original/high/h1/2mid/21_제일고_2학기_중간_고1_기출.js|21_제일고_2학기_중간_고1_기출|16,archive/exams/original/high/h1/2mid/21_제일고_2학기_중간_고1_기출.js,21_제일고_2학기_중간_고1_기출,16,16,16,2015,수학(하),H15-SB-03,함수,3,H15-SB-03-FUNCTION_RELATION,함수의 뜻과 대응,rule_inferred,complete_rule,객관식,grid,false,객관식|함수|일대일대응|상수함수|항등함수,bcf71356742cd91b3fd2ee9eeb70570e7feb6a5ca1d8f106d70e979448c773c4,b142fed6d755074188ebb5438d0c053a79e8b5b430ddaf0958fab119b073144d,0bdef091c479702584f065d3a3714f8a76f851b3f0cf10912f345a5dd930b0a8,f96e2b6fe15cb4ce6395b6afd712789e003ade22d01d56dc1dc6f26a15843acf,,,,,0,LOADED_VM,,NOT_STARTED,NOT_STARTED,NOT_STARTED,SVG_REQUIRED_MISSING,SVG_REQUIRED_MISSING,SET_OR_LOGIC_STRUCTURE,,VISUAL_CANDIDATE,NO_PROBLEM_VISUAL,SCHEMATIC_OR_REVIEW,NONE,NOT_STARTED,,,,NOT_STARTED,NOT_STARTED,NOT_STARTED,NOT_TESTED,PASS,canonical_and_compiled_master_match,INVENTORY_PENDING,01_scope_inventory.csv#archive/exams/original/high/h1/2mid/21_제일고_2학기_중간_고1_기출.js|21_제일고_2학기_중간_고1_기출|16,,INDEX_RECORD_PRESENT,original/high/h1/2mid/21_제일고_2학기_중간_고1_기출.js_16,3e774ed496a25d32ef3b1687d033db93c1c6dbda7da7b3b4c55428cdf7e74653,true,⑤,IN_SCOPE_FORWARD,,,CLOSED_NO_SHARED_ASSET
archive/exams/original/high/h1/2mid/21_제일고_2학기_중간_고1_기출.js|21_제일고_2학기_중간_고1_기출|17,archive/exams/original/high/h1/2mid/21_제일고_2학기_중간_고1_기출.js,21_제일고_2학기_중간_고1_기출,17,17,17,2015,수학(하),H15-SB-03,함수,3,H15-SB-03-COMPOSITE_FUNCTION,합성함수,rule_inferred,complete_rule,객관식,grid,false,객관식|함수|절댓값함수|합성함수|방정식|그래프,f0ab88bdc5a5bc499d3c0764c9e18038a874a8b4fffc944105d8b5d74a413313,f64e2a96f456bf481917b1b4c0b9b6b961c3bc9d0faf906d8bc5c485a8da9734,0bdef091c479702584f065d3a3714f8a76f851b3f0cf10912f345a5dd930b0a8,5b752fdd3c08d786455845e1f350486e9c2d08f190c02d115bf49d5539bfb803,assets/images/21_제일고_2학기_중간_고1_기출/q17.png,0438bb215ad192078b491646cd4ba8b77b26c3e181204ba63e3e9da5d98c8971,,,0,LOADED_VM,,NOT_STARTED,NOT_STARTED,NOT_STARTED,SVG_REQUIRED_MISSING,SVG_REQUIRED_MISSING,GRAPH_OR_FUNCTION_STRUCTURE,,GRAPH_CANDIDATE,PROBLEM_VISUAL_PRESENT,REVIEW_REQUIRED,NONE,NOT_STARTED,,,,NOT_STARTED,NOT_STARTED,NOT_STARTED,NOT_TESTED,PASS,canonical_and_compiled_master_match,INVENTORY_PENDING,01_scope_inventory.csv#archive/exams/original/high/h1/2mid/21_제일고_2학기_중간_고1_기출.js|21_제일고_2학기_중간_고1_기출|17,[object Object],INDEX_RECORD_PRESENT,original/high/h1/2mid/21_제일고_2학기_중간_고1_기출.js_17,3e774ed496a25d32ef3b1687d033db93c1c6dbda7da7b3b4c55428cdf7e74653,true,⑤,IN_SCOPE_FORWARD,,,CLOSED_NO_SHARED_ASSET
archive/exams/original/high/h1/2mid/21_제일고_2학기_중간_고1_기출.js|21_제일고_2학기_중간_고1_기출|22,archive/exams/original/high/h1/2mid/21_제일고_2학기_중간_고1_기출.js,21_제일고_2학기_중간_고1_기출,22,22,22,2015,수학(하),H15-SB-03,함수,3,H15-SB-03-COMPOSITE_FUNCTION,합성함수,rule_inferred,complete_rule,서술형,grid,false,서술형|함수|합성함수|일차함수|함수방정식,085477b4d2adb86336e3973ada71d8f305fe6d4410deed338c384ffec4b11a10,4f53cda18c2baa0c0354bb5f9a3ecbe5ed12ab4d8e11ba873c2f11161202b945,f4487fd870ea51819e82ef684ad77203e0a618e008a204cef1eb22caa901d66d,ab6710306732bf2954123a6e8656ad115b35ff5e6d42089817bd62ea3ff0965d,,,,,0,LOADED_VM,,NOT_STARTED,NOT_STARTED,NOT_STARTED,SVG_OPTIONAL,SVG_OPTIONAL,,,NONE,NO_PROBLEM_VISUAL,N/A,NONE,NOT_STARTED,,,,NOT_STARTED,NOT_STARTED,NOT_STARTED,NOT_TESTED,PASS,canonical_and_compiled_master_match,INVENTORY_PENDING,01_scope_inventory.csv#archive/exams/original/high/h1/2mid/21_제일고_2학기_중간_고1_기출.js|21_제일고_2학기_중간_고1_기출|22,,INDEX_RECORD_PRESENT,original/high/h1/2mid/21_제일고_2학기_중간_고1_기출.js_22,3e774ed496a25d32ef3b1687d033db93c1c6dbda7da7b3b4c55428cdf7e74653,true,"$a=\dfrac54$, $h(x)=-2x$",IN_SCOPE_FORWARD,,,CLOSED_NO_SHARED_ASSET
archive/exams/original/high/h1/2mid/21_팔마고_2학기_중간_고1_기출.js|21_팔마고_2학기_중간_고1_기출|7,archive/exams/original/high/h1/2mid/21_팔마고_2학기_중간_고1_기출.js,21_팔마고_2학기_중간_고1_기출,7,7,7,2015,수학(하),H15-SB-03,함수,3,H15-SB-03-FUNCTION_RELATION,함수의 뜻과 대응,rule_inferred,complete_rule,객관식,grid,false,객관식|함수|그래프|수직선판정,b73223d8881c01edb35f8a240449d00a2481179b9941214a1abd2c578a7747b4,f0fe7a77a17aad0c53993ce7ddb1c9c397a846f6b723f4519ff892a2757bdbaa,b15be6cb71072b84f7e1e198ce023fc5bb8b1e625335904ddcf3cffcd8b7312b,971a61b47bf7d1c176aed1022ac9714427846f9ec56bb9150325328afe6a0ba5,assets/images/21_팔마고_2학기_중간_고1_기출/q07.png,8c6a18d9911d7d824b8468a3d41e045e208e76a7ba3f50bce95d6783e13af550,,,0,LOADED_VM,,NOT_STARTED,NOT_STARTED,NOT_STARTED,SVG_REQUIRED_MISSING,SVG_REQUIRED_MISSING,GRAPH_OR_FUNCTION_STRUCTURE|COORDINATE_OR_GEOMETRY_STRUCTURE|SET_OR_LOGIC_STRUCTURE,,GRAPH_CANDIDATE,PROBLEM_VISUAL_PRESENT,REVIEW_REQUIRED,NONE,NOT_STARTED,,,,NOT_STARTED,NOT_STARTED,NOT_STARTED,NOT_TESTED,PASS,canonical_and_compiled_master_match,INVENTORY_PENDING,01_scope_inventory.csv#archive/exams/original/high/h1/2mid/21_팔마고_2학기_중간_고1_기출.js|21_팔마고_2학기_중간_고1_기출|7,[object Object],INDEX_RECORD_PRESENT,original/high/h1/2mid/21_팔마고_2학기_중간_고1_기출.js_7,6e1265c74e4cd021873468f27cd4db442f7f4f10c656b7bb6ab49b2959469362,true,③,IN_SCOPE_FORWARD,,,CLOSED_NO_SHARED_ASSET
archive/exams/original/high/h1/2mid/21_팔마고_2학기_중간_고1_기출.js|21_팔마고_2학기_중간_고1_기출|8,archive/exams/original/high/h1/2mid/21_팔마고_2학기_중간_고1_기출.js,21_팔마고_2학기_중간_고1_기출,8,8,8,2015,수학(하),H15-SB-03,함수,3,H15-SB-03-COMPOSITE_FUNCTION,합성함수,rule_inferred,complete_rule,객관식,grid,false,객관식|함수|역함수|합성함수|일차함수,e927ab9659c06ce39af896a3091c523a0839a05f58efec7b5532aabfe449626e,7ca5a15a918d1d9bc84630a49504a794e0de7b633f7b3f75bfcc76715d37635e,0bdef091c479702584f065d3a3714f8a76f851b3f0cf10912f345a5dd930b0a8,96f0ec50e64893ae10c43ac0c895c5345c49b71b282d905ad23fad5420d6ec47,,,,,0,LOADED_VM,,NOT_STARTED,NOT_STARTED,NOT_STARTED,SVG_OPTIONAL,SVG_OPTIONAL,,,NONE,NO_PROBLEM_VISUAL,N/A,NONE,NOT_STARTED,,,,NOT_STARTED,NOT_STARTED,NOT_STARTED,NOT_TESTED,PASS,canonical_and_compiled_master_match,INVENTORY_PENDING,01_scope_inventory.csv#archive/exams/original/high/h1/2mid/21_팔마고_2학기_중간_고1_기출.js|21_팔마고_2학기_중간_고1_기출|8,,INDEX_RECORD_PRESENT,original/high/h1/2mid/21_팔마고_2학기_중간_고1_기출.js_8,6e1265c74e4cd021873468f27cd4db442f7f4f10c656b7bb6ab49b2959469362,true,⑤,IN_SCOPE_FORWARD,,,CLOSED_NO_SHARED_ASSET
archive/exams/original/high/h1/2mid/21_팔마고_2학기_중간_고1_기출.js|21_팔마고_2학기_중간_고1_기출|9,archive/exams/original/high/h1/2mid/21_팔마고_2학기_중간_고1_기출.js,21_팔마고_2학기_중간_고1_기출,9,9,9,2015,수학(하),H15-SB-03,함수,3,H15-SB-03-FUNCTION_RELATION,함수의 뜻과 대응,rule_inferred,complete_rule,객관식,grid,false,객관식|함수|일대일대응|항등함수|상수함수,a9361a6945ce0fd0387a9b4c9d1c7b18300274a16951022ecac16e3f9d6b599e,7331741d2422b63ad653d6bf2f883380deebef2f1a87d56b39e06fb3cc91a57a,d41ea6521f53fb3dfa10cf72e2932f4405d9c999fa422cdc840d25d57e90dd34,50a1762c63e84fd9a01f6cc3227be4cd9a75260a4e1b1473113909d136ca1cf5,,,,,0,LOADED_VM,,NOT_STARTED,NOT_STARTED,NOT_STARTED,SVG_REQUIRED_MISSING,SVG_REQUIRED_MISSING,SET_OR_LOGIC_STRUCTURE,,VISUAL_CANDIDATE,NO_PROBLEM_VISUAL,SCHEMATIC_OR_REVIEW,NONE,NOT_STARTED,,,,NOT_STARTED,NOT_STARTED,NOT_STARTED,NOT_TESTED,PASS,canonical_and_compiled_master_match,INVENTORY_PENDING,01_scope_inventory.csv#archive/exams/original/high/h1/2mid/21_팔마고_2학기_중간_고1_기출.js|21_팔마고_2학기_중간_고1_기출|9,,INDEX_RECORD_PRESENT,original/high/h1/2mid/21_팔마고_2학기_중간_고1_기출.js_9,6e1265c74e4cd021873468f27cd4db442f7f4f10c656b7bb6ab49b2959469362,true,④,IN_SCOPE_FORWARD,,,CLOSED_NO_SHARED_ASSET
archive/exams/original/high/h1/2mid/21_팔마고_2학기_중간_고1_기출.js|21_팔마고_2학기_중간_고1_기출|13,archive/exams/original/high/h1/2mid/21_팔마고_2학기_중간_고1_기출.js,21_팔마고_2학기_중간_고1_기출,13,13,13,2015,수학(하),H15-SB-03,함수,3,H15-SB-03-COMPOSITE_FUNCTION,합성함수,rule_inferred,complete_rule,객관식,grid,false,객관식|함수|역함수|합성함수|그래프,b911920cb4a23c7183ac363eb7dd923b03ad260ed08c32e54e9bf0321b8a8057,e29749e524a37cbcc008903065110137c1278d4c87570be4cfafd8cb7aabae9d,d41ea6521f53fb3dfa10cf72e2932f4405d9c999fa422cdc840d25d57e90dd34,4b90c3547da1632009bb16b3c9e469db7fb50f94f1ebd5e780c2a8f2b1dea8dd,assets/images/21_팔마고_2학기_중간_고1_기출/q13.png,0ec7303dcf81a0a281af3b9017d92348055865c4bf495d4d01222f7d671c8821,,,0,LOADED_VM,,NOT_STARTED,NOT_STARTED,NOT_STARTED,SVG_REQUIRED_MISSING,SVG_REQUIRED_MISSING,GRAPH_OR_FUNCTION_STRUCTURE|COORDINATE_OR_GEOMETRY_STRUCTURE,,GRAPH_CANDIDATE,PROBLEM_VISUAL_PRESENT,REVIEW_REQUIRED,NONE,NOT_STARTED,,,,NOT_STARTED,NOT_STARTED,NOT_STARTED,NOT_TESTED,PASS,canonical_and_compiled_master_match,INVENTORY_PENDING,01_scope_inventory.csv#archive/exams/original/high/h1/2mid/21_팔마고_2학기_중간_고1_기출.js|21_팔마고_2학기_중간_고1_기출|13,[object Object],INDEX_RECORD_PRESENT,original/high/h1/2mid/21_팔마고_2학기_중간_고1_기출.js_13,6e1265c74e4cd021873468f27cd4db442f7f4f10c656b7bb6ab49b2959469362,true,④,IN_SCOPE_FORWARD,,,CLOSED_NO_SHARED_ASSET
archive/exams/original/high/h1/2mid/21_팔마고_2학기_중간_고1_기출.js|21_팔마고_2학기_중간_고1_기출|17,archive/exams/original/high/h1/2mid/21_팔마고_2학기_중간_고1_기출.js,21_팔마고_2학기_중간_고1_기출,17,17,17,2015,수학(하),H15-SB-03,함수,3,H15-SB-03-FUNCTION_RELATION,함수의 뜻과 대응,rule_inferred,complete_rule,단답형,grid,false,단답형|함수|함수의상등|방정식|부분집합,213099ccdec9c04cbb72f0cfbe87e532543fbb4220cfbe5ff6e4c36ad74eb607,4f53cda18c2baa0c0354bb5f9a3ecbe5ed12ab4d8e11ba873c2f11161202b945,e58753219f1b1405b014b43401e7751337f7bb54f7d65957a9b8435814189510,845dc0d5db9a56b575e92b88690611482a89449f9b43ce7d0c9206316624b028,,,,,0,LOADED_VM,,NOT_STARTED,NOT_STARTED,NOT_STARTED,SVG_REQUIRED_MISSING,SVG_REQUIRED_MISSING,GRAPH_OR_FUNCTION_STRUCTURE|SET_OR_LOGIC_STRUCTURE,,GRAPH_CANDIDATE,NO_PROBLEM_VISUAL,REVIEW_REQUIRED,NONE,NOT_STARTED,,,,NOT_STARTED,NOT_STARTED,NOT_STARTED,NOT_TESTED,PASS,canonical_and_compiled_master_match,INVENTORY_PENDING,01_scope_inventory.csv#archive/exams/original/high/h1/2mid/21_팔마고_2학기_중간_고1_기출.js|21_팔마고_2학기_중간_고1_기출|17,,INDEX_RECORD_PRESENT,original/high/h1/2mid/21_팔마고_2학기_중간_고1_기출.js_17,6e1265c74e4cd021873468f27cd4db442f7f4f10c656b7bb6ab49b2959469362,true,"$\{-1,1\},\{-1,2\},\{1,2\}$",IN_SCOPE_FORWARD,,,CLOSED_NO_SHARED_ASSET
archive/exams/original/high/h1/2mid/21_팔마고_2학기_중간_고1_기출.js|21_팔마고_2학기_중간_고1_기출|18,archive/exams/original/high/h1/2mid/21_팔마고_2학기_중간_고1_기출.js,21_팔마고_2학기_중간_고1_기출,18,18,18,2015,수학(하),H15-SB-03,함수,3,H15-SB-03-INVERSE_FUNCTION,역함수,rule_inferred,complete_rule,단답형,grid,false,단답형|함수|역함수|교점|이차함수,0f83f8e255e559241aaec83da6fc5a2557c0aaf50cda25ba84f3cda73b78529f,4f53cda18c2baa0c0354bb5f9a3ecbe5ed12ab4d8e11ba873c2f11161202b945,536549599ec6c3b859cd3970025779a13d061783c73e663fea7f963e98379aa8,f4b6bc69f11091b48e10a92f59ccee6d215044d76b460521ac2b96b33d570bea,,,,,0,LOADED_VM,,NOT_STARTED,NOT_STARTED,NOT_STARTED,SVG_REQUIRED_MISSING,SVG_REQUIRED_MISSING,GRAPH_OR_FUNCTION_STRUCTURE|COORDINATE_OR_GEOMETRY_STRUCTURE|TABLE_OR_MATRIX_STRUCTURE,,GRAPH_CANDIDATE,NO_PROBLEM_VISUAL,REVIEW_REQUIRED,NONE,NOT_STARTED,,,,NOT_STARTED,NOT_STARTED,NOT_STARTED,NOT_TESTED,PASS,canonical_and_compiled_master_match,INVENTORY_PENDING,01_scope_inventory.csv#archive/exams/original/high/h1/2mid/21_팔마고_2학기_중간_고1_기출.js|21_팔마고_2학기_중간_고1_기출|18,,INDEX_RECORD_PRESENT,original/high/h1/2mid/21_팔마고_2학기_중간_고1_기출.js_18,6e1265c74e4cd021873468f27cd4db442f7f4f10c656b7bb6ab49b2959469362,true,10,IN_SCOPE_FORWARD,,,CLOSED_NO_SHARED_ASSET
archive/exams/original/high/h1/2mid/21_팔마고_2학기_중간_고1_기출.js|21_팔마고_2학기_중간_고1_기출|21,archive/exams/original/high/h1/2mid/21_팔마고_2학기_중간_고1_기출.js,21_팔마고_2학기_중간_고1_기출,21,21,21,2015,수학(하),H15-SB-03,함수,3,H15-SB-03-COMPOSITE_FUNCTION,합성함수,rule_inferred,complete_rule,서술형,grid,false,서술형|함수|합성함수|그래프|넓이,38969a1c586d9079938668fa432c79851aab72d26ebe502f9ee0c1c54b535793,4f53cda18c2baa0c0354bb5f9a3ecbe5ed12ab4d8e11ba873c2f11161202b945,6ba3fbbddf2497e874992e24df7ff061d13165fead45f43f056b1af5dface737,e531e37eee2dde655b410f3b8a96f10e19b1af53debf146efdebf741f1a740fb,assets/images/21_팔마고_2학기_중간_고1_기출/q21.png,ce85a8bcb23c74be3a3533cb343d9fd290883a4ecaf4340bd0a68eff52420a25,,,0,LOADED_VM,,NOT_STARTED,NOT_STARTED,NOT_STARTED,SVG_REQUIRED_MISSING,SVG_REQUIRED_MISSING,GRAPH_OR_FUNCTION_STRUCTURE|COORDINATE_OR_GEOMETRY_STRUCTURE|TABLE_OR_MATRIX_STRUCTURE,,GRAPH_CANDIDATE,PROBLEM_VISUAL_PRESENT,REVIEW_REQUIRED,NONE,NOT_STARTED,,,,NOT_STARTED,NOT_STARTED,NOT_STARTED,NOT_TESTED,PASS,canonical_and_compiled_master_match,INVENTORY_PENDING,01_scope_inventory.csv#archive/exams/original/high/h1/2mid/21_팔마고_2학기_중간_고1_기출.js|21_팔마고_2학기_중간_고1_기출|21,[object Object],INDEX_RECORD_PRESENT,original/high/h1/2mid/21_팔마고_2학기_중간_고1_기출.js_21,6e1265c74e4cd021873468f27cd4db442f7f4f10c656b7bb6ab49b2959469362,true,$\dfrac32$,IN_SCOPE_FORWARD,,,CLOSED_NO_SHARED_ASSET
archive/exams/original/high/h1/2mid/21_효천고_2학기_중간_고1_기출.js|21_효천고_2학기_중간_고1_기출|1,archive/exams/original/high/h1/2mid/21_효천고_2학기_중간_고1_기출.js,21_효천고_2학기_중간_고1_기출,1,1,1,2015,수학(하),H15-SB-03,함수,3,H15-SB-03-FUNCTION_RELATION,함수의 뜻과 대응,rule_inferred,complete_rule,객관식,grid,false,객관식|함수|대응|함숫값|유한집합|그래프,b900e044d01e79cbca4685447bad3553d8ca1871106f7a772dfae7f6519bffa0,3cc19e370a6671b60f17396fd032ed6593aa1547f8af80d6ab8d949018911b5e,973d2fd2f97e26a666f403b12da6d87e527985b36bcf4ff0a47c7e7e8c36321a,0537dbee4e9aef559ba6b0cb347a62133de0462cc94a74bea014635b4784396f,assets/images/21_효천고_2학기_중간_고1_기출/q01.png,0b1da6ff0fc7724a92bb890ae3aed2f24305b9e0be58ccbdb78ed4fbeb9187b9,,,0,LOADED_VM,,NOT_STARTED,NOT_STARTED,NOT_STARTED,SVG_REQUIRED_MISSING,SVG_REQUIRED_MISSING,GRAPH_OR_FUNCTION_STRUCTURE|SET_OR_LOGIC_STRUCTURE|TABLE_OR_MATRIX_STRUCTURE,,GRAPH_CANDIDATE,PROBLEM_VISUAL_PRESENT,REVIEW_REQUIRED,NONE,NOT_STARTED,,,,NOT_STARTED,NOT_STARTED,NOT_STARTED,NOT_TESTED,PASS,canonical_and_compiled_master_match,INVENTORY_PENDING,01_scope_inventory.csv#archive/exams/original/high/h1/2mid/21_효천고_2학기_중간_고1_기출.js|21_효천고_2학기_중간_고1_기출|1,[object Object],INDEX_RECORD_PRESENT,original/high/h1/2mid/21_효천고_2학기_중간_고1_기출.js_1,84f8a40a0b516e625e0c7046c7a6cd00a2b6c9a1521ae9a19a89d1f958384564,true,①,IN_SCOPE_FORWARD,,,CLOSED_NO_SHARED_ASSET
archive/exams/original/high/h1/2mid/21_효천고_2학기_중간_고1_기출.js|21_효천고_2학기_중간_고1_기출|7,archive/exams/original/high/h1/2mid/21_효천고_2학기_중간_고1_기출.js,21_효천고_2학기_중간_고1_기출,7,7,7,2015,수학(하),H15-SB-03,함수,3,H15-SB-03-COMPOSITE_FUNCTION,합성함수,rule_inferred,complete_rule,객관식,grid,false,객관식|함수|역함수|합성함수|일차함수,676859bde2c009e7baf05bb40fee23a3f908876465bfc71091b9cb9f8b10c03b,3cc19e370a6671b60f17396fd032ed6593aa1547f8af80d6ab8d949018911b5e,d41ea6521f53fb3dfa10cf72e2932f4405d9c999fa422cdc840d25d57e90dd34,75dc3def47a28115aa1702b8e860e8f7476c5679d0437a456f45fc2205f0a749,,,,,0,LOADED_VM,,NOT_STARTED,NOT_STARTED,NOT_STARTED,SVG_OPTIONAL,SVG_OPTIONAL,,,NONE,NO_PROBLEM_VISUAL,N/A,NONE,NOT_STARTED,,,,NOT_STARTED,NOT_STARTED,NOT_STARTED,NOT_TESTED,PASS,canonical_and_compiled_master_match,INVENTORY_PENDING,01_scope_inventory.csv#archive/exams/original/high/h1/2mid/21_효천고_2학기_중간_고1_기출.js|21_효천고_2학기_중간_고1_기출|7,,INDEX_RECORD_PRESENT,original/high/h1/2mid/21_효천고_2학기_중간_고1_기출.js_7,84f8a40a0b516e625e0c7046c7a6cd00a2b6c9a1521ae9a19a89d1f958384564,true,④,IN_SCOPE_FORWARD,,,CLOSED_NO_SHARED_ASSET
archive/exams/original/high/h1/2mid/21_효천고_2학기_중간_고1_기출.js|21_효천고_2학기_중간_고1_기출|9,archive/exams/original/high/h1/2mid/21_효천고_2학기_중간_고1_기출.js,21_효천고_2학기_중간_고1_기출,9,9,9,2015,수학(하),H15-SB-03,함수,3,H15-SB-03-FUNCTION_RELATION,함수의 뜻과 대응,rule_inferred,complete_rule,객관식,grid,false,객관식|함수|일대일대응|이차함수|매개변수,e90ba2ef4a5752b7dfeb3e8afce45cae740a8696cf5577acb9e31c174ea9d867,782c4e648a8f5ab77347d7a5a0e4588ad1be8872f7b4bce76bc515574b51bffb,973d2fd2f97e26a666f403b12da6d87e527985b36bcf4ff0a47c7e7e8c36321a,ae2a6339cd14398fa18d82c15f957e1659546ba6d3b411ae0c1aee6b4529fedd,,,,,0,LOADED_VM,,NOT_STARTED,NOT_STARTED,NOT_STARTED,SVG_REQUIRED_MISSING,SVG_REQUIRED_MISSING,GRAPH_OR_FUNCTION_STRUCTURE,,GRAPH_CANDIDATE,NO_PROBLEM_VISUAL,REVIEW_REQUIRED,NONE,NOT_STARTED,,,,NOT_STARTED,NOT_STARTED,NOT_STARTED,NOT_TESTED,PASS,canonical_and_compiled_master_match,INVENTORY_PENDING,01_scope_inventory.csv#archive/exams/original/high/h1/2mid/21_효천고_2학기_중간_고1_기출.js|21_효천고_2학기_중간_고1_기출|9,,INDEX_RECORD_PRESENT,original/high/h1/2mid/21_효천고_2학기_중간_고1_기출.js_9,84f8a40a0b516e625e0c7046c7a6cd00a2b6c9a1521ae9a19a89d1f958384564,true,①,IN_SCOPE_FORWARD,,,CLOSED_NO_SHARED_ASSET
archive/exams/original/high/h1/2mid/21_효천고_2학기_중간_고1_기출.js|21_효천고_2학기_중간_고1_기출|10,archive/exams/original/high/h1/2mid/21_효천고_2학기_중간_고1_기출.js,21_효천고_2학기_중간_고1_기출,10,10,10,2015,수학(하),H15-SB-03,함수,3,H15-SB-03-FUNCTION_RELATION,함수의 뜻과 대응,rule_inferred,complete_rule,객관식,grid,false,객관식|함수|약수|함숫값|합,21d9a93d97cbec5072e513bec02588415d134488e31523318bdc2901bc6de804,1ffe49eaed72fa532f96ec6b5fe12ae07a9654a838060bf5934de1b26375a703,b15be6cb71072b84f7e1e198ce023fc5bb8b1e625335904ddcf3cffcd8b7312b,ab392ad933313a495adb33e2ef223360cc89d221d76de6799db648ed200564bd,,,,,0,LOADED_VM,,NOT_STARTED,NOT_STARTED,NOT_STARTED,SVG_OPTIONAL,SVG_OPTIONAL,,,NONE,NO_PROBLEM_VISUAL,N/A,NONE,NOT_STARTED,,,,NOT_STARTED,NOT_STARTED,NOT_STARTED,NOT_TESTED,PASS,canonical_and_compiled_master_match,INVENTORY_PENDING,01_scope_inventory.csv#archive/exams/original/high/h1/2mid/21_효천고_2학기_중간_고1_기출.js|21_효천고_2학기_중간_고1_기출|10,,INDEX_RECORD_PRESENT,original/high/h1/2mid/21_효천고_2학기_중간_고1_기출.js_10,84f8a40a0b516e625e0c7046c7a6cd00a2b6c9a1521ae9a19a89d1f958384564,true,③,IN_SCOPE_FORWARD,,,CLOSED_NO_SHARED_ASSET
archive/exams/original/high/h1/2mid/21_효천고_2학기_중간_고1_기출.js|21_효천고_2학기_중간_고1_기출|15,archive/exams/original/high/h1/2mid/21_효천고_2학기_중간_고1_기출.js,21_효천고_2학기_중간_고1_기출,15,15,15,2015,수학(하),H15-SB-03,함수,3,H15-SB-03-INVERSE_FUNCTION,역함수,rule_inferred,complete_rule,객관식,grid,false,객관식|함수|역함수|순열|최솟값,721e1e1e7cd3fb85c89842bfbce9e4b02656030bd71ab60a7c8b0cf93eb2093b,b142fed6d755074188ebb5438d0c053a79e8b5b430ddaf0958fab119b073144d,dfde05a3668030e99ca64d8d4ae5f6b64c7a87cee61c0ba43904b92ef210191d,502fbe8ab65375f8e934cbb48608f274db4ddfca2b43eaae485b5f934759349f,,,,,0,LOADED_VM,,NOT_STARTED,NOT_STARTED,NOT_STARTED,SVG_REQUIRED_MISSING,SVG_REQUIRED_MISSING,SET_OR_LOGIC_STRUCTURE,,VISUAL_CANDIDATE,NO_PROBLEM_VISUAL,SCHEMATIC_OR_REVIEW,NONE,NOT_STARTED,,,,NOT_STARTED,NOT_STARTED,NOT_STARTED,NOT_TESTED,PASS,canonical_and_compiled_master_match,INVENTORY_PENDING,01_scope_inventory.csv#archive/exams/original/high/h1/2mid/21_효천고_2학기_중간_고1_기출.js|21_효천고_2학기_중간_고1_기출|15,,INDEX_RECORD_PRESENT,original/high/h1/2mid/21_효천고_2학기_중간_고1_기출.js_15,84f8a40a0b516e625e0c7046c7a6cd00a2b6c9a1521ae9a19a89d1f958384564,true,②,IN_SCOPE_FORWARD,,,CLOSED_NO_SHARED_ASSET
archive/exams/original/high/h1/2mid/21_효천고_2학기_중간_고1_기출.js|21_효천고_2학기_중간_고1_기출|18,archive/exams/original/high/h1/2mid/21_효천고_2학기_중간_고1_기출.js,21_효천고_2학기_중간_고1_기출,18,18,18,2015,수학(하),H15-SB-03,함수,3,H15-SB-03-COMPOSITE_FUNCTION,합성함수,rule_inferred,complete_rule,객관식,grid,false,객관식|함수|합성함수|구간별함수|실근,cbb37b0f7747355b33fa9ad8d6db7d49c4743236c3eb8f836c2ec1458b740dea,4f2ccc950379ca72f163eaa1d0f046bbcbfe0870c34fd61affca717fbb7c2778,0bdef091c479702584f065d3a3714f8a76f851b3f0cf10912f345a5dd930b0a8,37a750fa3e4a140c9f1672d777925360158c78e5294e560099088be6e7dc7802,,,,,0,LOADED_VM,,NOT_STARTED,NOT_STARTED,NOT_STARTED,SVG_REQUIRED_MISSING,SVG_REQUIRED_MISSING,SET_OR_LOGIC_STRUCTURE,,VISUAL_CANDIDATE,NO_PROBLEM_VISUAL,SCHEMATIC_OR_REVIEW,NONE,NOT_STARTED,,,,NOT_STARTED,NOT_STARTED,NOT_STARTED,NOT_TESTED,PASS,canonical_and_compiled_master_match,INVENTORY_PENDING,01_scope_inventory.csv#archive/exams/original/high/h1/2mid/21_효천고_2학기_중간_고1_기출.js|21_효천고_2학기_중간_고1_기출|18,,INDEX_RECORD_PRESENT,original/high/h1/2mid/21_효천고_2학기_중간_고1_기출.js_18,84f8a40a0b516e625e0c7046c7a6cd00a2b6c9a1521ae9a19a89d1f958384564,true,⑤,IN_SCOPE_FORWARD,,,CLOSED_NO_SHARED_ASSET
archive/exams/original/high/h1/2mid/21_효천고_2학기_중간_고1_기출.js|21_효천고_2학기_중간_고1_기출|21,archive/exams/original/high/h1/2mid/21_효천고_2학기_중간_고1_기출.js,21_효천고_2학기_중간_고1_기출,21,21,21,2015,수학(하),H15-SB-03,함수,3,H15-SB-03-INVERSE_FUNCTION,역함수,rule_inferred,complete_rule,서술형,grid,false,서술형|함수|역함수|유한집합|매개변수,ba1d6d97db7737ba66bd25422bc46acb860c3f9ca09b5627eac93f7076589f58,4f53cda18c2baa0c0354bb5f9a3ecbe5ed12ab4d8e11ba873c2f11161202b945,dff7583cd7c775015faa52e58de44e82f3c29f052fa55207805c31a0f5d653aa,ca475e60e1e2a640b7091aaa2c3272a652fd5af5dad77ce8f487b35e07f2df5e,,,,,0,LOADED_VM,,NOT_STARTED,NOT_STARTED,NOT_STARTED,SVG_REQUIRED_MISSING,SVG_REQUIRED_MISSING,SET_OR_LOGIC_STRUCTURE,,VISUAL_CANDIDATE,NO_PROBLEM_VISUAL,SCHEMATIC_OR_REVIEW,NONE,NOT_STARTED,,,,NOT_STARTED,NOT_STARTED,NOT_STARTED,NOT_TESTED,PASS,canonical_and_compiled_master_match,INVENTORY_PENDING,01_scope_inventory.csv#archive/exams/original/high/h1/2mid/21_효천고_2학기_중간_고1_기출.js|21_효천고_2학기_중간_고1_기출|21,,INDEX_RECORD_PRESENT,original/high/h1/2mid/21_효천고_2학기_중간_고1_기출.js_21,84f8a40a0b516e625e0c7046c7a6cd00a2b6c9a1521ae9a19a89d1f958384564,true,$-1$,IN_SCOPE_FORWARD,,,CLOSED_NO_SHARED_ASSET
archive/exams/original/high/h1/2mid/22_강남여고_2학기_중간_고1_기출.js|22_강남여고_2학기_중간_고1_기출|3,archive/exams/original/high/h1/2mid/22_강남여고_2학기_중간_고1_기출.js,22_강남여고_2학기_중간_고1_기출,3,3,3,2015,수학(하),H15-SB-03,함수,3,H15-SB-03-FUNCTION_RELATION,함수의 뜻과 대응,rule_inferred,complete_rule,객관식,grid,false,객관식|함수|함수의상등|정의역,875ed0245b2e98acbee207a1d8cdefc0b0edcf9292a8bd7d3b2588d8197fbc38,5975b3baf6883fe3b1f88d2984ea4743e20654959823830138629ac090d88759,b15be6cb71072b84f7e1e198ce023fc5bb8b1e625335904ddcf3cffcd8b7312b,7a84fb9a3cefbfc77578cec690d7210ca99e307e1c999610d21158fc6d568eec,,,,,0,LOADED_VM,,NOT_STARTED,NOT_STARTED,NOT_STARTED,SVG_REQUIRED_MISSING,SVG_REQUIRED_MISSING,GRAPH_OR_FUNCTION_STRUCTURE|SET_OR_LOGIC_STRUCTURE,,GRAPH_CANDIDATE,NO_PROBLEM_VISUAL,REVIEW_REQUIRED,NONE,NOT_STARTED,,,,NOT_STARTED,NOT_STARTED,NOT_STARTED,NOT_TESTED,PASS,canonical_and_compiled_master_match,INVENTORY_PENDING,01_scope_inventory.csv#archive/exams/original/high/h1/2mid/22_강남여고_2학기_중간_고1_기출.js|22_강남여고_2학기_중간_고1_기출|3,,INDEX_RECORD_PRESENT,original/high/h1/2mid/22_강남여고_2학기_중간_고1_기출.js_3,c33a906b5582c5caa49f7a6b75c5cca91b1d7e8ea53b1ebc598e2223d13e86b5,true,③,IN_SCOPE_FORWARD,,,CLOSED_NO_SHARED_ASSET
archive/exams/original/high/h1/2mid/22_강남여고_2학기_중간_고1_기출.js|22_강남여고_2학기_중간_고1_기출|4,archive/exams/original/high/h1/2mid/22_강남여고_2학기_중간_고1_기출.js,22_강남여고_2학기_중간_고1_기출,4,4,4,2015,수학(하),H15-SB-03,함수,3,H15-SB-03-INVERSE_FUNCTION,역함수,rule_inferred,complete_rule,객관식,grid,false,객관식|함수|역함수|일차함수,7237f65b4ca2720e44c3768b2f2d5fa10a0adbdcba27bf0f7b1377fdf60d1066,089e9ad75d1e53f0176287410930641bc497a7ce15eaf881f7096b9eb287d699,d41ea6521f53fb3dfa10cf72e2932f4405d9c999fa422cdc840d25d57e90dd34,bff47e6613bd9b7c64f42c1c0cfdb37c7141205d0ec8d4ff786d21055f4c38f5,,,,,0,LOADED_VM,,NOT_STARTED,NOT_STARTED,NOT_STARTED,SVG_OPTIONAL,SVG_OPTIONAL,,,NONE,NO_PROBLEM_VISUAL,N/A,NONE,NOT_STARTED,,,,NOT_STARTED,NOT_STARTED,NOT_STARTED,NOT_TESTED,PASS,canonical_and_compiled_master_match,INVENTORY_PENDING,01_scope_inventory.csv#archive/exams/original/high/h1/2mid/22_강남여고_2학기_중간_고1_기출.js|22_강남여고_2학기_중간_고1_기출|4,,INDEX_RECORD_PRESENT,original/high/h1/2mid/22_강남여고_2학기_중간_고1_기출.js_4,c33a906b5582c5caa49f7a6b75c5cca91b1d7e8ea53b1ebc598e2223d13e86b5,true,④,IN_SCOPE_FORWARD,,,CLOSED_NO_SHARED_ASSET
archive/exams/original/high/h1/2mid/22_강남여고_2학기_중간_고1_기출.js|22_강남여고_2학기_중간_고1_기출|12,archive/exams/original/high/h1/2mid/22_강남여고_2학기_중간_고1_기출.js,22_강남여고_2학기_중간_고1_기출,12,12,12,2015,수학(하),H15-SB-03,함수,3,H15-SB-03-COMPOSITE_FUNCTION,합성함수,rule_inferred,complete_rule,객관식,grid,false,객관식|함수|일대일대응|합성함수,835300ed74ef1654392aea9798caf5f96e6f4d442e17916457e5f16214581eb5,33df25322b696566a74a473e6940f30d5f9cef7ece09c5631ef8d9de89413abe,d41ea6521f53fb3dfa10cf72e2932f4405d9c999fa422cdc840d25d57e90dd34,9a77e5081ddba3e5264af97fa9a3d3e666639701e5f0e837eff96b7b3c847dcb,,,,,0,LOADED_VM,,NOT_STARTED,NOT_STARTED,NOT_STARTED,SVG_REQUIRED_MISSING,SVG_REQUIRED_MISSING,GRAPH_OR_FUNCTION_STRUCTURE,,GRAPH_CANDIDATE,NO_PROBLEM_VISUAL,REVIEW_REQUIRED,NONE,NOT_STARTED,,,,NOT_STARTED,NOT_STARTED,NOT_STARTED,NOT_TESTED,PASS,canonical_and_compiled_master_match,INVENTORY_PENDING,01_scope_inventory.csv#archive/exams/original/high/h1/2mid/22_강남여고_2학기_중간_고1_기출.js|22_강남여고_2학기_중간_고1_기출|12,,INDEX_RECORD_PRESENT,original/high/h1/2mid/22_강남여고_2학기_중간_고1_기출.js_12,c33a906b5582c5caa49f7a6b75c5cca91b1d7e8ea53b1ebc598e2223d13e86b5,true,④,IN_SCOPE_FORWARD,,,CLOSED_NO_SHARED_ASSET
archive/exams/original/high/h1/2mid/22_강남여고_2학기_중간_고1_기출.js|22_강남여고_2학기_중간_고1_기출|17,archive/exams/original/high/h1/2mid/22_강남여고_2학기_중간_고1_기출.js,22_강남여고_2학기_중간_고1_기출,17,17,17,2015,수학(하),H15-SB-03,함수,3,H15-SB-03-INVERSE_FUNCTION,역함수,rule_inferred,complete_rule,객관식,grid,false,객관식|함수|일대일대응|역함수|순열|경우의 수|원문오류|검토필요,a30317acb832a756f8fbcd2296ad77df72384854c6af97d029fd4222747d66a6,17e38a204760f239d2944d3c00a26508042b435ed624608757906cc5d7d82752,0bdef091c479702584f065d3a3714f8a76f851b3f0cf10912f345a5dd930b0a8,cbd077e8e88f854bfe3eca71b0a29068b8019767be46da2a983f4c4f35713d50,,,,,0,LOADED_VM,,NOT_STARTED,NOT_STARTED,NOT_STARTED,SVG_REQUIRED_MISSING,SVG_REQUIRED_MISSING,SET_OR_LOGIC_STRUCTURE|COUNTING_STRUCTURE,,VISUAL_CANDIDATE,NO_PROBLEM_VISUAL,SCHEMATIC_OR_REVIEW,NONE,NOT_STARTED,,,,NOT_STARTED,NOT_STARTED,NOT_STARTED,NOT_TESTED,PASS,canonical_and_compiled_master_match,INVENTORY_PENDING,01_scope_inventory.csv#archive/exams/original/high/h1/2mid/22_강남여고_2학기_중간_고1_기출.js|22_강남여고_2학기_중간_고1_기출|17,,INDEX_RECORD_PRESENT,original/high/h1/2mid/22_강남여고_2학기_중간_고1_기출.js_17,c33a906b5582c5caa49f7a6b75c5cca91b1d7e8ea53b1ebc598e2223d13e86b5,true,⑤,IN_SCOPE_FORWARD,,,CLOSED_NO_SHARED_ASSET
archive/exams/original/high/h1/2mid/22_강남여고_2학기_중간_고1_기출.js|22_강남여고_2학기_중간_고1_기출|19,archive/exams/original/high/h1/2mid/22_강남여고_2학기_중간_고1_기출.js,22_강남여고_2학기_중간_고1_기출,19,19,19,2015,수학(하),H15-SB-03,함수,3,H15-SB-03-COMPOSITE_FUNCTION,합성함수,rule_inferred,complete_rule,객관식,grid,false,객관식|함수|합성함수|그래프|정수해,6d2bbe47c926c6d6e8122a85135c8b4be8c376db71a90602c79e74bb617a5cb1,48a6a42247cc221568b17352f8cec2c68c50aa0d46a3d19717a8f46e44cdcf17,d41ea6521f53fb3dfa10cf72e2932f4405d9c999fa422cdc840d25d57e90dd34,a5a87c5717d9ceb5bfa16fefd5c2bb0ff55a4a5d4cc41cae128a064c5afb361b,assets/images/22_강남여고_2학기_중간_고1_기출/q19.png,6469c8e01899d7c8a8cb02a3464bf592f9a588f096a9ca4a6bfdba6f3f850b79,,,0,LOADED_VM,,NOT_STARTED,NOT_STARTED,NOT_STARTED,SVG_REQUIRED_MISSING,SVG_REQUIRED_MISSING,GRAPH_OR_FUNCTION_STRUCTURE,,GRAPH_CANDIDATE,PROBLEM_VISUAL_PRESENT,REVIEW_REQUIRED,NONE,NOT_STARTED,,,,NOT_STARTED,NOT_STARTED,NOT_STARTED,NOT_TESTED,PASS,canonical_and_compiled_master_match,INVENTORY_PENDING,01_scope_inventory.csv#archive/exams/original/high/h1/2mid/22_강남여고_2학기_중간_고1_기출.js|22_강남여고_2학기_중간_고1_기출|19,[object Object],INDEX_RECORD_PRESENT,original/high/h1/2mid/22_강남여고_2학기_중간_고1_기출.js_19,c33a906b5582c5caa49f7a6b75c5cca91b1d7e8ea53b1ebc598e2223d13e86b5,true,④,IN_SCOPE_FORWARD,,,CLOSED_NO_SHARED_ASSET
archive/exams/original/high/h1/2mid/22_강남여고_2학기_중간_고1_기출.js|22_강남여고_2학기_중간_고1_기출|20,archive/exams/original/high/h1/2mid/22_강남여고_2학기_중간_고1_기출.js,22_강남여고_2학기_중간_고1_기출,20,20,20,2015,수학(하),H15-SB-03,함수,3,H15-SB-03-FUNCTION_RELATION,함수의 뜻과 대응,rule_inferred,complete_rule,객관식,grid,false,객관식|함수|이차함수|중점|최솟값|그래프,23751d8ccb083c7057de4913187e42951b10c5562efd9aecc7d38a6e779076d2,5bf90223c6ec48ea814e794adf212775478f0f6337926f2fb718cf420551313f,0bdef091c479702584f065d3a3714f8a76f851b3f0cf10912f345a5dd930b0a8,c244c0bfa7e4b4f099634fd95d24f70fb0ca9dff998a3d3b0cdef45bc73aaf2d,assets/images/22_강남여고_2학기_중간_고1_기출/q20.png,8c410f58e17c7d14160eaceba17c015b20a04562c23078df0dc4fcf47ccbb42c,,,0,LOADED_VM,,NOT_STARTED,NOT_STARTED,NOT_STARTED,SVG_REQUIRED_MISSING,SVG_REQUIRED_MISSING,GRAPH_OR_FUNCTION_STRUCTURE|COORDINATE_OR_GEOMETRY_STRUCTURE|TABLE_OR_MATRIX_STRUCTURE,,GRAPH_CANDIDATE,PROBLEM_VISUAL_PRESENT,REVIEW_REQUIRED,NONE,NOT_STARTED,,,,NOT_STARTED,NOT_STARTED,NOT_STARTED,NOT_TESTED,PASS,canonical_and_compiled_master_match,INVENTORY_PENDING,01_scope_inventory.csv#archive/exams/original/high/h1/2mid/22_강남여고_2학기_중간_고1_기출.js|22_강남여고_2학기_중간_고1_기출|20,[object Object],INDEX_RECORD_PRESENT,original/high/h1/2mid/22_강남여고_2학기_중간_고1_기출.js_20,c33a906b5582c5caa49f7a6b75c5cca91b1d7e8ea53b1ebc598e2223d13e86b5,true,⑤,IN_SCOPE_FORWARD,,,CLOSED_NO_SHARED_ASSET
archive/exams/original/high/h1/2mid/22_강남여고_2학기_중간_고1_기출.js|22_강남여고_2학기_중간_고1_기출|21,archive/exams/original/high/h1/2mid/22_강남여고_2학기_중간_고1_기출.js,22_강남여고_2학기_중간_고1_기출,21,21,21,2015,수학(하),H15-SB-03,함수,3,H15-SB-03-COMPOSITE_FUNCTION,합성함수,rule_inferred,complete_rule,서술형,grid,false,서술형|함수|합성함수|역함수|일차함수,38ec34690489b3d7496a9edd9cebdbebb865c862d9d6d19b88e90b17f5a73009,4f53cda18c2baa0c0354bb5f9a3ecbe5ed12ab4d8e11ba873c2f11161202b945,7f53cfb9f79a20d9de9a5ad8a94ddaec4316796b79d7663d79f31de4289fd600,ac318f0353269dd2e3e04486d1bbb5f66e2a381b7a4a5040d1dfe06766ab9d3b,,,,,0,LOADED_VM,,NOT_STARTED,NOT_STARTED,NOT_STARTED,SVG_OPTIONAL,SVG_OPTIONAL,,,NONE,NO_PROBLEM_VISUAL,N/A,NONE,NOT_STARTED,,,,NOT_STARTED,NOT_STARTED,NOT_STARTED,NOT_TESTED,PASS,canonical_and_compiled_master_match,INVENTORY_PENDING,01_scope_inventory.csv#archive/exams/original/high/h1/2mid/22_강남여고_2학기_중간_고1_기출.js|22_강남여고_2학기_중간_고1_기출|21,,INDEX_RECORD_PRESENT,original/high/h1/2mid/22_강남여고_2학기_중간_고1_기출.js_21,c33a906b5582c5caa49f7a6b75c5cca91b1d7e8ea53b1ebc598e2223d13e86b5,true,$2$,IN_SCOPE_FORWARD,,,CLOSED_NO_SHARED_ASSET
archive/exams/original/high/h1/2mid/22_강남여고_2학기_중간_고1_기출.js|22_강남여고_2학기_중간_고1_기출|24,archive/exams/original/high/h1/2mid/22_강남여고_2학기_중간_고1_기출.js,22_강남여고_2학기_중간_고1_기출,24,24,24,2015,수학(하),H15-SB-03,함수,3,H15-SB-03-COMPOSITE_FUNCTION,합성함수,rule_inferred,complete_rule,서술형,grid,false,서술형|함수|합성함수|역함수|조각함수,104c52a3f5e19d1271c4a922a409889d3720aab54ab4809712220cef5258391d,4f53cda18c2baa0c0354bb5f9a3ecbe5ed12ab4d8e11ba873c2f11161202b945,f89dad4fe27eb2f046b90d87f010ac7d8a5c7588187bd96f33f68552fdcdbc19,67015a3e21b002fa95fafdb5b1f0c54b8d172cf9217515fd8f989f502c3a2c20,,,,,0,LOADED_VM,,NOT_STARTED,NOT_STARTED,NOT_STARTED,SVG_OPTIONAL,SVG_OPTIONAL,,,NONE,NO_PROBLEM_VISUAL,N/A,NONE,NOT_STARTED,,,,NOT_STARTED,NOT_STARTED,NOT_STARTED,NOT_TESTED,PASS,canonical_and_compiled_master_match,INVENTORY_PENDING,01_scope_inventory.csv#archive/exams/original/high/h1/2mid/22_강남여고_2학기_중간_고1_기출.js|22_강남여고_2학기_중간_고1_기출|24,,INDEX_RECORD_PRESENT,original/high/h1/2mid/22_강남여고_2학기_중간_고1_기출.js_24,c33a906b5582c5caa49f7a6b75c5cca91b1d7e8ea53b1ebc598e2223d13e86b5,true,$\sqrt2-1$,IN_SCOPE_FORWARD,,,CLOSED_NO_SHARED_ASSET
archive/exams/original/high/h1/2mid/22_금당고_2학기_중간_고1_기출.js|22_금당고_2학기_중간_고1_기출|1,archive/exams/original/high/h1/2mid/22_금당고_2학기_중간_고1_기출.js,22_금당고_2학기_중간_고1_기출,1,1,1,2015,수학(하),H15-SB-03,함수,3,H15-SB-03-FUNCTION_RELATION,함수의 뜻과 대응,rule_inferred,complete_rule,객관식,grid,false,객관식|함수|대응|함수의뜻|도형,72214cda578e02b8b0e84fad7c2404206723b267b504f74d2013fc31b164a7ca,5a14a315ee26a75ae2cc89fba47764f5657e8b2a1e891f98a624f5cb34c9f1fa,b15be6cb71072b84f7e1e198ce023fc5bb8b1e625335904ddcf3cffcd8b7312b,17e833fb34d56e1b6b0126ecaba639019399fe96797037742296df42f24cb914,assets/images/22_금당고_2학기_중간_고1_기출/q01.png,b4bdb1ce4f4ec9f2afdf5176095fc60ce7e66d8769cbee5fe7b5ff57126431be,,,0,LOADED_VM,,NOT_STARTED,NOT_STARTED,NOT_STARTED,SVG_REQUIRED_MISSING,SVG_REQUIRED_MISSING,GRAPH_OR_FUNCTION_STRUCTURE|COORDINATE_OR_GEOMETRY_STRUCTURE|SET_OR_LOGIC_STRUCTURE|TABLE_OR_MATRIX_STRUCTURE,,GRAPH_CANDIDATE,PROBLEM_VISUAL_PRESENT,REVIEW_REQUIRED,NONE,NOT_STARTED,,,,NOT_STARTED,NOT_STARTED,NOT_STARTED,NOT_TESTED,PASS,canonical_and_compiled_master_match,INVENTORY_PENDING,01_scope_inventory.csv#archive/exams/original/high/h1/2mid/22_금당고_2학기_중간_고1_기출.js|22_금당고_2학기_중간_고1_기출|1,[object Object],INDEX_RECORD_PRESENT,original/high/h1/2mid/22_금당고_2학기_중간_고1_기출.js_1,32f295b613886529d7780b5b72dbedf2bb10654137ee12dcc918a9fd3e3b59df,true,③,IN_SCOPE_FORWARD,,,CLOSED_NO_SHARED_ASSET
archive/exams/original/high/h1/2mid/22_금당고_2학기_중간_고1_기출.js|22_금당고_2학기_중간_고1_기출|6,archive/exams/original/high/h1/2mid/22_금당고_2학기_중간_고1_기출.js,22_금당고_2학기_중간_고1_기출,6,6,6,2015,수학(하),H15-SB-03,함수,3,H15-SB-03-INVERSE_FUNCTION,역함수,rule_inferred,complete_rule,객관식,grid,false,객관식|함수|역함수|일차함수,50f2c6677068e57b55ee2652e924ef88d1aaaeca5bc2c6daa82ade48a00bd769,e0a2d515b9432b7ce272fe4d09d2234810d327b803650316fda86b74a012a5e6,973d2fd2f97e26a666f403b12da6d87e527985b36bcf4ff0a47c7e7e8c36321a,95c2264cbcb0754b900a3148e506f0688b6af0a04dd7fb74fb246a3deea9bf29,,,,,0,LOADED_VM,,NOT_STARTED,NOT_STARTED,NOT_STARTED,SVG_OPTIONAL,SVG_OPTIONAL,,,NONE,NO_PROBLEM_VISUAL,N/A,NONE,NOT_STARTED,,,,NOT_STARTED,NOT_STARTED,NOT_STARTED,NOT_TESTED,PASS,canonical_and_compiled_master_match,INVENTORY_PENDING,01_scope_inventory.csv#archive/exams/original/high/h1/2mid/22_금당고_2학기_중간_고1_기출.js|22_금당고_2학기_중간_고1_기출|6,,INDEX_RECORD_PRESENT,original/high/h1/2mid/22_금당고_2학기_중간_고1_기출.js_6,32f295b613886529d7780b5b72dbedf2bb10654137ee12dcc918a9fd3e3b59df,true,①,IN_SCOPE_FORWARD,,,CLOSED_NO_SHARED_ASSET
archive/exams/original/high/h1/2mid/22_금당고_2학기_중간_고1_기출.js|22_금당고_2학기_중간_고1_기출|9,archive/exams/original/high/h1/2mid/22_금당고_2학기_중간_고1_기출.js,22_금당고_2학기_중간_고1_기출,9,9,9,2015,수학(하),H15-SB-03,함수,3,H15-SB-03-COMPOSITE_FUNCTION,합성함수,rule_inferred,complete_rule,객관식,grid,false,객관식|함수|합성함수|일차함수,9fa34d41e94f773954878d72e79c9654ea07599f1de8048ab3fb8f4e43e4e6de,e0d97c9019866472897be616b4b44634dd3f90c486dd75fb0aa9593501c65aef,0bdef091c479702584f065d3a3714f8a76f851b3f0cf10912f345a5dd930b0a8,e6a7408fa943802d30f2896dad45201003b9f23ebbeba4193e8df26690c0ef58,,,,,0,LOADED_VM,,NOT_STARTED,NOT_STARTED,NOT_STARTED,SVG_OPTIONAL,SVG_OPTIONAL,,,NONE,NO_PROBLEM_VISUAL,N/A,NONE,NOT_STARTED,,,,NOT_STARTED,NOT_STARTED,NOT_STARTED,NOT_TESTED,PASS,canonical_and_compiled_master_match,INVENTORY_PENDING,01_scope_inventory.csv#archive/exams/original/high/h1/2mid/22_금당고_2학기_중간_고1_기출.js|22_금당고_2학기_중간_고1_기출|9,,INDEX_RECORD_PRESENT,original/high/h1/2mid/22_금당고_2학기_중간_고1_기출.js_9,32f295b613886529d7780b5b72dbedf2bb10654137ee12dcc918a9fd3e3b59df,true,⑤,IN_SCOPE_FORWARD,,,CLOSED_NO_SHARED_ASSET
archive/exams/original/high/h1/2mid/22_금당고_2학기_중간_고1_기출.js|22_금당고_2학기_중간_고1_기출|11,archive/exams/original/high/h1/2mid/22_금당고_2학기_중간_고1_기출.js,22_금당고_2학기_중간_고1_기출,11,11,11,2015,수학(하),H15-SB-03,함수,3,H15-SB-03-COMPOSITE_FUNCTION,합성함수,rule_inferred,complete_rule,객관식,grid,false,객관식|함수|합성함수|절댓값|방정식|그래프,6a0abe02f7ec68c4850a35237148c7f1cae1fb2e56d812be18cd26eb81a791b9,5cab114addd6cb24c668a3a9a77f0c60f50c5f362f9c436dcc66dd8f657c7b55,dfde05a3668030e99ca64d8d4ae5f6b64c7a87cee61c0ba43904b92ef210191d,c14d253a79772fa19f105b1d0667d756a31a87989243b9afd429f83d0ecdb61d,,,assets/images/22_금당고_2학기_중간_고1_기출/q11-solution.svg,86ccf0d99e5b9bd96c984a7a3d6b6086260d80cb4aaa5af9096551d70613fdfa,0,LOADED_VM,,NOT_STARTED,NOT_STARTED,NOT_STARTED,SOURCE_REVIEW,SOURCE_REVIEW,GRAPH_OR_FUNCTION_STRUCTURE,,SVG,NO_PROBLEM_VISUAL,REVIEW_REQUIRED,SOLUTION_SVG,NOT_STARTED,,,9cca64667ec9e22ce6239e31e0127527d9691bf76ab6e4438f4a07e62dc170d8,NOT_STARTED,NOT_STARTED,NOT_STARTED,NOT_TESTED,PASS,canonical_and_compiled_master_match,INVENTORY_PENDING,01_scope_inventory.csv#archive/exams/original/high/h1/2mid/22_금당고_2학기_중간_고1_기출.js|22_금당고_2학기_중간_고1_기출|11,[object Object],INDEX_RECORD_PRESENT,original/high/h1/2mid/22_금당고_2학기_중간_고1_기출.js_11,32f295b613886529d7780b5b72dbedf2bb10654137ee12dcc918a9fd3e3b59df,true,②,IN_SCOPE_FORWARD,,,CLOSED_NO_SHARED_ASSET
archive/exams/original/high/h1/2mid/22_금당고_2학기_중간_고1_기출.js|22_금당고_2학기_중간_고1_기출|12,archive/exams/original/high/h1/2mid/22_금당고_2학기_중간_고1_기출.js,22_금당고_2학기_중간_고1_기출,12,12,12,2015,수학(하),H15-SB-03,함수,3,H15-SB-03-FUNCTION_RELATION,함수의 뜻과 대응,rule_inferred,complete_rule,객관식,grid,false,객관식|함수|소인수분해|함수방정식,48ce8ff8c1c72194aac24bd3fd223eafba83fa306a28f9dee76c9707fce07ba7,01070813f907b32837d44ea89f79319bea46f1f1b18c4135011691ecff9767d7,b15be6cb71072b84f7e1e198ce023fc5bb8b1e625335904ddcf3cffcd8b7312b,003d25eca332ef835024be25b7417189aa1d79958986e316addbe853e52ea83e,,,,,0,LOADED_VM,,NOT_STARTED,NOT_STARTED,NOT_STARTED,SVG_REQUIRED_MISSING,SVG_REQUIRED_MISSING,GRAPH_OR_FUNCTION_STRUCTURE|SET_OR_LOGIC_STRUCTURE,,GRAPH_CANDIDATE,NO_PROBLEM_VISUAL,REVIEW_REQUIRED,NONE,NOT_STARTED,,,,NOT_STARTED,NOT_STARTED,NOT_STARTED,NOT_TESTED,PASS,canonical_and_compiled_master_match,INVENTORY_PENDING,01_scope_inventory.csv#archive/exams/original/high/h1/2mid/22_금당고_2학기_중간_고1_기출.js|22_금당고_2학기_중간_고1_기출|12,,INDEX_RECORD_PRESENT,original/high/h1/2mid/22_금당고_2학기_중간_고1_기출.js_12,32f295b613886529d7780b5b72dbedf2bb10654137ee12dcc918a9fd3e3b59df,true,③,IN_SCOPE_FORWARD,,,CLOSED_NO_SHARED_ASSET
archive/exams/original/high/h1/2mid/22_금당고_2학기_중간_고1_기출.js|22_금당고_2학기_중간_고1_기출|17,archive/exams/original/high/h1/2mid/22_금당고_2학기_중간_고1_기출.js,22_금당고_2학기_중간_고1_기출,17,17,17,2015,수학(하),H15-SB-03,함수,3,H15-SB-03-FUNCTION_RELATION,함수의 뜻과 대응,rule_inferred,complete_rule,객관식,grid,false,객관식|함수|일대일대응|이차함수|조각함수,dbb5e80ff801c44425e6b0ae5ca0256d4657b7d9c2b9e2def35b7ddb27492b47,47033b69ef3e934a32371dd68d992e91d31084183390a83867b7c2877c798cbd,dfde05a3668030e99ca64d8d4ae5f6b64c7a87cee61c0ba43904b92ef210191d,3f535c006587cca15cfc326e6d338abe4076210b45dc44a1f4c030da6a906ff2,,,,,0,LOADED_VM,,NOT_STARTED,NOT_STARTED,NOT_STARTED,SVG_REQUIRED_MISSING,SVG_REQUIRED_MISSING,GRAPH_OR_FUNCTION_STRUCTURE|SET_OR_LOGIC_STRUCTURE,,GRAPH_CANDIDATE,NO_PROBLEM_VISUAL,REVIEW_REQUIRED,NONE,NOT_STARTED,,,,NOT_STARTED,NOT_STARTED,NOT_STARTED,NOT_TESTED,PASS,canonical_and_compiled_master_match,INVENTORY_PENDING,01_scope_inventory.csv#archive/exams/original/high/h1/2mid/22_금당고_2학기_중간_고1_기출.js|22_금당고_2학기_중간_고1_기출|17,,INDEX_RECORD_PRESENT,original/high/h1/2mid/22_금당고_2학기_중간_고1_기출.js_17,32f295b613886529d7780b5b72dbedf2bb10654137ee12dcc918a9fd3e3b59df,true,②,IN_SCOPE_FORWARD,,,CLOSED_NO_SHARED_ASSET
archive/exams/original/high/h1/2mid/22_금당고_2학기_중간_고1_기출.js|22_금당고_2학기_중간_고1_기출|20,archive/exams/original/high/h1/2mid/22_금당고_2학기_중간_고1_기출.js,22_금당고_2학기_중간_고1_기출,20,20,20,2015,수학(하),H15-SB-03,함수,3,H15-SB-03-INVERSE_FUNCTION,역함수,rule_inferred,complete_rule,서술형,grid,false,서술형|함수|역함수|그래프|최솟값,c9ac13fc62a47e39b718dce448badb33ad458fe6f371891235d537f99b3fc96d,4f53cda18c2baa0c0354bb5f9a3ecbe5ed12ab4d8e11ba873c2f11161202b945,60c04d07e7bdb49484aa72b0df6b7515a0eb25f20f2fc765576136e77b6697a0,fbfe8add62716b6868f21a3b2159509f4c875fe9a3c0d9a9fe0687887897c803,,,,,0,LOADED_VM,,NOT_STARTED,NOT_STARTED,NOT_STARTED,SVG_REQUIRED_MISSING,SVG_REQUIRED_MISSING,GRAPH_OR_FUNCTION_STRUCTURE|COORDINATE_OR_GEOMETRY_STRUCTURE|TABLE_OR_MATRIX_STRUCTURE,,GRAPH_CANDIDATE,NO_PROBLEM_VISUAL,REVIEW_REQUIRED,NONE,NOT_STARTED,,,,NOT_STARTED,NOT_STARTED,NOT_STARTED,NOT_TESTED,PASS,canonical_and_compiled_master_match,INVENTORY_PENDING,01_scope_inventory.csv#archive/exams/original/high/h1/2mid/22_금당고_2학기_중간_고1_기출.js|22_금당고_2학기_중간_고1_기출|20,,INDEX_RECORD_PRESENT,original/high/h1/2mid/22_금당고_2학기_중간_고1_기출.js_20,32f295b613886529d7780b5b72dbedf2bb10654137ee12dcc918a9fd3e3b59df,true,$\dfrac{15}{8}$,IN_SCOPE_FORWARD,,,CLOSED_NO_SHARED_ASSET
archive/exams/original/high/h1/2mid/22_금당고_2학기_중간_고1_기출.js|22_금당고_2학기_중간_고1_기출|21,archive/exams/original/high/h1/2mid/22_금당고_2학기_중간_고1_기출.js,22_금당고_2학기_중간_고1_기출,21,21,21,2015,수학(하),H15-SB-03,함수,3,H15-SB-03-FUNCTION_RELATION,함수의 뜻과 대응,rule_inferred,complete_rule,서술형,grid,false,서술형|함수|교점|절댓값|집합,1945c31b9b16cbf9a777b017608971a81d8bf4bd92de8d159d29e163dbd6636b,4f53cda18c2baa0c0354bb5f9a3ecbe5ed12ab4d8e11ba873c2f11161202b945,3d542c865a7203b78b78f394c1edc699440f3afb9d1c2dfb8c1fc2f8e7817ff6,1b3571050fed4f004af4a2816d910ec12a4757526fa76e21b12bfdd748b270e2,,,,,0,LOADED_VM,,NOT_STARTED,NOT_STARTED,NOT_STARTED,SVG_REQUIRED_MISSING,SVG_REQUIRED_MISSING,GRAPH_OR_FUNCTION_STRUCTURE|COORDINATE_OR_GEOMETRY_STRUCTURE|SET_OR_LOGIC_STRUCTURE|TABLE_OR_MATRIX_STRUCTURE,,GRAPH_CANDIDATE,NO_PROBLEM_VISUAL,REVIEW_REQUIRED,NONE,NOT_STARTED,,,,NOT_STARTED,NOT_STARTED,NOT_STARTED,NOT_TESTED,PASS,canonical_and_compiled_master_match,INVENTORY_PENDING,01_scope_inventory.csv#archive/exams/original/high/h1/2mid/22_금당고_2학기_중간_고1_기출.js|22_금당고_2학기_중간_고1_기출|21,,INDEX_RECORD_PRESENT,original/high/h1/2mid/22_금당고_2학기_중간_고1_기출.js_21,32f295b613886529d7780b5b72dbedf2bb10654137ee12dcc918a9fd3e3b59df,true,$\dfrac92$,IN_SCOPE_FORWARD,,,CLOSED_NO_SHARED_ASSET
archive/exams/original/high/h1/2mid/22_매산고_2학기_중간_고1_기출.js|22_매산고_2학기_중간_고1_기출|2,archive/exams/original/high/h1/2mid/22_매산고_2학기_중간_고1_기출.js,22_매산고_2학기_중간_고1_기출,2,2,2,2015,수학(하),H15-SB-03,함수,3,H15-SB-03-FUNCTION_RELATION,함수의 뜻과 대응,rule_inferred,complete_rule,객관식,grid,false,객관식|함수|함수의상등|정의역,ca5f5ea5dbc4769fa506647d1ccaefe1a64628eba6aac46d68c622b95d78b463,ff782081a4cc25de5ebd8fdb3b10e93e0a2a8b181fb4cabb15c6d4c8f83c7224,973d2fd2f97e26a666f403b12da6d87e527985b36bcf4ff0a47c7e7e8c36321a,eed654daeaa65848f819f677b593ad2905ef2d6480807a2cb17690ccf9cc1e2b,,,,,0,LOADED_VM,,NOT_STARTED,NOT_STARTED,NOT_STARTED,SVG_REQUIRED_MISSING,SVG_REQUIRED_MISSING,GRAPH_OR_FUNCTION_STRUCTURE|SET_OR_LOGIC_STRUCTURE,,GRAPH_CANDIDATE,NO_PROBLEM_VISUAL,REVIEW_REQUIRED,NONE,NOT_STARTED,,,,NOT_STARTED,NOT_STARTED,NOT_STARTED,NOT_TESTED,PASS,canonical_and_compiled_master_match,INVENTORY_PENDING,01_scope_inventory.csv#archive/exams/original/high/h1/2mid/22_매산고_2학기_중간_고1_기출.js|22_매산고_2학기_중간_고1_기출|2,,INDEX_RECORD_PRESENT,original/high/h1/2mid/22_매산고_2학기_중간_고1_기출.js_2,2b284679b16a2bf0c90bd20ef625b62e756f007f80b14fd3513d24ed6c3286d1,true,①,IN_SCOPE_FORWARD,,,CLOSED_NO_SHARED_ASSET
archive/exams/original/high/h1/2mid/22_매산고_2학기_중간_고1_기출.js|22_매산고_2학기_중간_고1_기출|5,archive/exams/original/high/h1/2mid/22_매산고_2학기_중간_고1_기출.js,22_매산고_2학기_중간_고1_기출,5,5,5,2015,수학(하),H15-SB-03,함수,3,H15-SB-03-COMPOSITE_FUNCTION,합성함수,rule_inferred,complete_rule,객관식,grid,false,객관식|함수|합성함수|일차함수,d48f8bd72d393048ee4c48d67c48eb4855fe80886883a724a533827bd42146d6,1e8db560773f6ba78bf278fbf79cccdf1fc415d2122cc0701e0e64babfc55bd0,0bdef091c479702584f065d3a3714f8a76f851b3f0cf10912f345a5dd930b0a8,4df1d30419c497db9fd04e6bfa221b3450d049ff1829d6b6e652152c8c0fa544,,,,,0,LOADED_VM,,NOT_STARTED,NOT_STARTED,NOT_STARTED,SVG_OPTIONAL,SVG_OPTIONAL,,,NONE,NO_PROBLEM_VISUAL,N/A,NONE,NOT_STARTED,,,,NOT_STARTED,NOT_STARTED,NOT_STARTED,NOT_TESTED,PASS,canonical_and_compiled_master_match,INVENTORY_PENDING,01_scope_inventory.csv#archive/exams/original/high/h1/2mid/22_매산고_2학기_중간_고1_기출.js|22_매산고_2학기_중간_고1_기출|5,,INDEX_RECORD_PRESENT,original/high/h1/2mid/22_매산고_2학기_중간_고1_기출.js_5,2b284679b16a2bf0c90bd20ef625b62e756f007f80b14fd3513d24ed6c3286d1,true,⑤,IN_SCOPE_FORWARD,,,CLOSED_NO_SHARED_ASSET
archive/exams/original/high/h1/2mid/22_매산고_2학기_중간_고1_기출.js|22_매산고_2학기_중간_고1_기출|8,archive/exams/original/high/h1/2mid/22_매산고_2학기_중간_고1_기출.js,22_매산고_2학기_중간_고1_기출,8,8,8,2015,수학(하),H15-SB-03,함수,3,H15-SB-03-FUNCTION_RELATION,함수의 뜻과 대응,rule_inferred,complete_rule,객관식,grid,false,객관식|함수|일대일대응|조각함수|범위,32ffbba4a353d3a87fac3cbc4b99f726bb3c8f946483d071a968cdba37668f21,686c2acc2c190886eaa2eebc6758533968c6f031683130970dbfb3ae8482e021,d41ea6521f53fb3dfa10cf72e2932f4405d9c999fa422cdc840d25d57e90dd34,7a6bfcde0b4cf2d5e3892f4c08c33a4a8132ccef048ba483eae4c6e42665c96e,,,,,0,LOADED_VM,,NOT_STARTED,NOT_STARTED,NOT_STARTED,SVG_REQUIRED_MISSING,SVG_REQUIRED_MISSING,GRAPH_OR_FUNCTION_STRUCTURE|SET_OR_LOGIC_STRUCTURE,,GRAPH_CANDIDATE,NO_PROBLEM_VISUAL,REVIEW_REQUIRED,NONE,NOT_STARTED,,,,NOT_STARTED,NOT_STARTED,NOT_STARTED,NOT_TESTED,PASS,canonical_and_compiled_master_match,INVENTORY_PENDING,01_scope_inventory.csv#archive/exams/original/high/h1/2mid/22_매산고_2학기_중간_고1_기출.js|22_매산고_2학기_중간_고1_기출|8,,INDEX_RECORD_PRESENT,original/high/h1/2mid/22_매산고_2학기_중간_고1_기출.js_8,2b284679b16a2bf0c90bd20ef625b62e756f007f80b14fd3513d24ed6c3286d1,true,④,IN_SCOPE_FORWARD,,,CLOSED_NO_SHARED_ASSET
archive/exams/original/high/h1/2mid/22_매산고_2학기_중간_고1_기출.js|22_매산고_2학기_중간_고1_기출|9,archive/exams/original/high/h1/2mid/22_매산고_2학기_중간_고1_기출.js,22_매산고_2학기_중간_고1_기출,9,9,9,2015,수학(하),H15-SB-03,함수,3,H15-SB-03-FUNCTION_RELATION,함수의 뜻과 대응,rule_inferred,complete_rule,객관식,grid,false,객관식|함수|반복함수|그래프|주기,4ece9036e1d01383ae33224264d66958b4d8062659094fcdd8242517a67d9851,a542e66ad81f031f8f5d3e15cfe9e984acaa339ba072265d7d3ec072665042a9,0bdef091c479702584f065d3a3714f8a76f851b3f0cf10912f345a5dd930b0a8,b33d647567fabfebac858ac90052d3e6bac783b89ac0c31a4c17f6fb5d673a96,assets/images/22_매산고_2학기_중간_고1_기출/q09.png,20ca8e1a02bb5b726c035be2ef7513f3061e5f44f81ec2cac36448bfa1d1c1b5,,,0,LOADED_VM,,NOT_STARTED,NOT_STARTED,NOT_STARTED,SVG_REQUIRED_MISSING,SVG_REQUIRED_MISSING,GRAPH_OR_FUNCTION_STRUCTURE,,GRAPH_CANDIDATE,PROBLEM_VISUAL_PRESENT,REVIEW_REQUIRED,NONE,NOT_STARTED,,,,NOT_STARTED,NOT_STARTED,NOT_STARTED,NOT_TESTED,PASS,canonical_and_compiled_master_match,INVENTORY_PENDING,01_scope_inventory.csv#archive/exams/original/high/h1/2mid/22_매산고_2학기_중간_고1_기출.js|22_매산고_2학기_중간_고1_기출|9,[object Object],INDEX_RECORD_PRESENT,original/high/h1/2mid/22_매산고_2학기_중간_고1_기출.js_9,2b284679b16a2bf0c90bd20ef625b62e756f007f80b14fd3513d24ed6c3286d1,true,⑤,IN_SCOPE_FORWARD,,,CLOSED_NO_SHARED_ASSET
archive/exams/original/high/h1/2mid/22_매산고_2학기_중간_고1_기출.js|22_매산고_2학기_중간_고1_기출|10,archive/exams/original/high/h1/2mid/22_매산고_2학기_중간_고1_기출.js,22_매산고_2학기_중간_고1_기출,10,10,10,2015,수학(하),H15-SB-03,함수,3,H15-SB-03-INVERSE_FUNCTION,역함수,rule_inferred,complete_rule,객관식,grid,false,객관식|함수|역함수|절댓값|기울기,129fbba3a7addad3b78ca9583b2cdac2dab27c315baef9e1d07348fe50a46fdd,4ee07be1b4e8b302254ea49ad84449b08f466b9f4e0cd826f3c5c9d695b8520d,0bdef091c479702584f065d3a3714f8a76f851b3f0cf10912f345a5dd930b0a8,3a7fb69b6bdb9e2423c8bc02f2fdb584fd67613a63b676827090aea64b3e07d4,,,,,0,LOADED_VM,,NOT_STARTED,NOT_STARTED,NOT_STARTED,SVG_REQUIRED_MISSING,SVG_REQUIRED_MISSING,SET_OR_LOGIC_STRUCTURE,,VISUAL_CANDIDATE,NO_PROBLEM_VISUAL,SCHEMATIC_OR_REVIEW,NONE,NOT_STARTED,,,,NOT_STARTED,NOT_STARTED,NOT_STARTED,NOT_TESTED,PASS,canonical_and_compiled_master_match,INVENTORY_PENDING,01_scope_inventory.csv#archive/exams/original/high/h1/2mid/22_매산고_2학기_중간_고1_기출.js|22_매산고_2학기_중간_고1_기출|10,,INDEX_RECORD_PRESENT,original/high/h1/2mid/22_매산고_2학기_중간_고1_기출.js_10,2b284679b16a2bf0c90bd20ef625b62e756f007f80b14fd3513d24ed6c3286d1,true,⑤,IN_SCOPE_FORWARD,,,CLOSED_NO_SHARED_ASSET
archive/exams/original/high/h1/2mid/22_매산고_2학기_중간_고1_기출.js|22_매산고_2학기_중간_고1_기출|11,archive/exams/original/high/h1/2mid/22_매산고_2학기_중간_고1_기출.js,22_매산고_2학기_중간_고1_기출,11,11,11,2015,수학(하),H15-SB-03,함수,3,H15-SB-03-FUNCTION_RELATION,함수의 뜻과 대응,rule_inferred,complete_rule,객관식,grid,false,객관식|함수|일의자리|집합|원소합,004823b3a0ef8f85f25d73e67b308eb5bd35cb623516fe29c27c86968cc9ed06,d28ecba9e66d4e4466efd84d1114b2ab48fc3859261bbb802b64cec7a4a880ea,d41ea6521f53fb3dfa10cf72e2932f4405d9c999fa422cdc840d25d57e90dd34,199aa24e779038f70a8028c8cf46d6ee8637bef3298dd8e328cdc460eb0a6b0c,,,,,0,LOADED_VM,,NOT_STARTED,NOT_STARTED,NOT_STARTED,SVG_REQUIRED_MISSING,SVG_REQUIRED_MISSING,SET_OR_LOGIC_STRUCTURE|COUNTING_STRUCTURE,,VISUAL_CANDIDATE,NO_PROBLEM_VISUAL,SCHEMATIC_OR_REVIEW,NONE,NOT_STARTED,,,,NOT_STARTED,NOT_STARTED,NOT_STARTED,NOT_TESTED,PASS,canonical_and_compiled_master_match,INVENTORY_PENDING,01_scope_inventory.csv#archive/exams/original/high/h1/2mid/22_매산고_2학기_중간_고1_기출.js|22_매산고_2학기_중간_고1_기출|11,,INDEX_RECORD_PRESENT,original/high/h1/2mid/22_매산고_2학기_중간_고1_기출.js_11,2b284679b16a2bf0c90bd20ef625b62e756f007f80b14fd3513d24ed6c3286d1,true,④,IN_SCOPE_FORWARD,,,CLOSED_NO_SHARED_ASSET
archive/exams/original/high/h1/2mid/22_매산고_2학기_중간_고1_기출.js|22_매산고_2학기_중간_고1_기출|14,archive/exams/original/high/h1/2mid/22_매산고_2학기_중간_고1_기출.js,22_매산고_2학기_중간_고1_기출,14,14,14,2015,수학(하),H15-SB-03,함수,3,H15-SB-03-FUNCTION_RELATION,함수의 뜻과 대응,rule_inferred,complete_rule,객관식,grid,false,객관식|함수|함수방정식|대칭|거듭제곱,c96ba9be34d80bc8a3745dd2aa22cdd2451e6e77205c79280fdcde706b20e9f6,6bb9cccbd2212f29fd2e382143812566034afad82f417681be12aff1468816c2,dfde05a3668030e99ca64d8d4ae5f6b64c7a87cee61c0ba43904b92ef210191d,54dfc753cdaac677806dc4016cb799d5d5629aa754cd20ae1a5e1ef40badc73a,,,,,0,LOADED_VM,,NOT_STARTED,NOT_STARTED,NOT_STARTED,SVG_REQUIRED_MISSING,SVG_REQUIRED_MISSING,GRAPH_OR_FUNCTION_STRUCTURE|SET_OR_LOGIC_STRUCTURE,,GRAPH_CANDIDATE,NO_PROBLEM_VISUAL,REVIEW_REQUIRED,NONE,NOT_STARTED,,,,NOT_STARTED,NOT_STARTED,NOT_STARTED,NOT_TESTED,PASS,canonical_and_compiled_master_match,INVENTORY_PENDING,01_scope_inventory.csv#archive/exams/original/high/h1/2mid/22_매산고_2학기_중간_고1_기출.js|22_매산고_2학기_중간_고1_기출|14,,INDEX_RECORD_PRESENT,original/high/h1/2mid/22_매산고_2학기_중간_고1_기출.js_14,2b284679b16a2bf0c90bd20ef625b62e756f007f80b14fd3513d24ed6c3286d1,true,②,IN_SCOPE_FORWARD,,,CLOSED_NO_SHARED_ASSET
archive/exams/original/high/h1/2mid/22_매산고_2학기_중간_고1_기출.js|22_매산고_2학기_중간_고1_기출|15,archive/exams/original/high/h1/2mid/22_매산고_2학기_중간_고1_기출.js,22_매산고_2학기_중간_고1_기출,15,15,15,2015,수학(하),H15-SB-03,함수,3,H15-SB-03-COMPOSITE_FUNCTION,합성함수,rule_inferred,complete_rule,객관식,grid,false,객관식|함수|합성함수|조각함수|접점|그래프,bee69d883079c3898f6a860a285141a76c9700f03702068a3c3c5aee0667d663,0c854b2ad5cd10460c0ee8fbbf270c7558d2568ccd1408275f951fa15c986dae,dfde05a3668030e99ca64d8d4ae5f6b64c7a87cee61c0ba43904b92ef210191d,d1b58dd8c1595ddc975606d32c7750bfbe0af4c873a652dad35d9f2ca08c66fb,,,,,0,LOADED_VM,,NOT_STARTED,NOT_STARTED,NOT_STARTED,SVG_REQUIRED_MISSING,SVG_REQUIRED_MISSING,GRAPH_OR_FUNCTION_STRUCTURE|COORDINATE_OR_GEOMETRY_STRUCTURE|TABLE_OR_MATRIX_STRUCTURE,,GRAPH_CANDIDATE,NO_PROBLEM_VISUAL,REVIEW_REQUIRED,NONE,NOT_STARTED,,,,NOT_STARTED,NOT_STARTED,NOT_STARTED,NOT_TESTED,PASS,canonical_and_compiled_master_match,INVENTORY_PENDING,01_scope_inventory.csv#archive/exams/original/high/h1/2mid/22_매산고_2학기_중간_고1_기출.js|22_매산고_2학기_중간_고1_기출|15,,INDEX_RECORD_PRESENT,original/high/h1/2mid/22_매산고_2학기_중간_고1_기출.js_15,2b284679b16a2bf0c90bd20ef625b62e756f007f80b14fd3513d24ed6c3286d1,true,②,IN_SCOPE_FORWARD,,,CLOSED_NO_SHARED_ASSET
archive/exams/original/high/h1/2mid/22_매산고_2학기_중간_고1_기출.js|22_매산고_2학기_중간_고1_기출|16,archive/exams/original/high/h1/2mid/22_매산고_2학기_중간_고1_기출.js,22_매산고_2학기_중간_고1_기출,16,16,16,2015,수학(하),H15-SB-03,함수,3,H15-SB-03-INVERSE_FUNCTION,역함수,rule_inferred,complete_rule,단답형,grid,false,단답형|함수|역함수|그래프변환,846d79ded9406eb80c99cf0e581b789720dce268d257fa0d0b54b1f19b014e85,4f53cda18c2baa0c0354bb5f9a3ecbe5ed12ab4d8e11ba873c2f11161202b945,ce3cb04893b853b8c53b9ef8bd3a1e39ae4f8ecb1ea3964983a66e15d1dea8fd,4471ba9dd93e8a3471d9b250e94189a2a46b236dce9ebdfe3d8389f41fb20159,,,,,0,LOADED_VM,,NOT_STARTED,NOT_STARTED,NOT_STARTED,SVG_REQUIRED_MISSING,SVG_REQUIRED_MISSING,GRAPH_OR_FUNCTION_STRUCTURE,,GRAPH_CANDIDATE,NO_PROBLEM_VISUAL,REVIEW_REQUIRED,NONE,NOT_STARTED,,,,NOT_STARTED,NOT_STARTED,NOT_STARTED,NOT_TESTED,PASS,canonical_and_compiled_master_match,INVENTORY_PENDING,01_scope_inventory.csv#archive/exams/original/high/h1/2mid/22_매산고_2학기_중간_고1_기출.js|22_매산고_2학기_중간_고1_기출|16,,INDEX_RECORD_PRESENT,original/high/h1/2mid/22_매산고_2학기_중간_고1_기출.js_16,2b284679b16a2bf0c90bd20ef625b62e756f007f80b14fd3513d24ed6c3286d1,true,$\frac49$,IN_SCOPE_FORWARD,,,CLOSED_NO_SHARED_ASSET
archive/exams/original/high/h1/2mid/22_매산고_2학기_중간_고1_기출.js|22_매산고_2학기_중간_고1_기출|18,archive/exams/original/high/h1/2mid/22_매산고_2학기_중간_고1_기출.js,22_매산고_2학기_중간_고1_기출,18,18,18,2015,수학(하),H15-SB-03,함수,3,H15-SB-03-INVERSE_FUNCTION,역함수,rule_inferred,complete_rule,단답형,grid,false,단답형|함수|역함수|함수방정식,4099f03d70bfbc05ad1209cd153bf29772872bb114303b4ac4e15acea273f5f0,4f53cda18c2baa0c0354bb5f9a3ecbe5ed12ab4d8e11ba873c2f11161202b945,601e6541aa4c5a69ab4478e036848d9ea204a80d30dec491f71b7a2133b47232,829fbd508d4f5c3381d6dd3c49f345f959c6e97608d67c75ee6e6ea7d75f595a,,,,,0,LOADED_VM,,NOT_STARTED,NOT_STARTED,NOT_STARTED,SVG_OPTIONAL,SVG_OPTIONAL,,,NONE,NO_PROBLEM_VISUAL,N/A,NONE,NOT_STARTED,,,,NOT_STARTED,NOT_STARTED,NOT_STARTED,NOT_TESTED,PASS,canonical_and_compiled_master_match,INVENTORY_PENDING,01_scope_inventory.csv#archive/exams/original/high/h1/2mid/22_매산고_2학기_중간_고1_기출.js|22_매산고_2학기_중간_고1_기출|18,,INDEX_RECORD_PRESENT,original/high/h1/2mid/22_매산고_2학기_중간_고1_기출.js_18,2b284679b16a2bf0c90bd20ef625b62e756f007f80b14fd3513d24ed6c3286d1,true,"ㄱ, ㄴ, ㄷ",IN_SCOPE_FORWARD,,,CLOSED_NO_SHARED_ASSET
archive/exams/original/high/h1/2mid/22_매산고_2학기_중간_고1_기출.js|22_매산고_2학기_중간_고1_기출|20,archive/exams/original/high/h1/2mid/22_매산고_2학기_중간_고1_기출.js,22_매산고_2학기_중간_고1_기출,20,20,20,2015,수학(하),H15-SB-03,함수,3,H15-SB-03-COMPOSITE_FUNCTION,합성함수,rule_inferred,complete_rule,서술형,grid,false,서술형|함수|합성함수|도형|정육각형|넓이,32e06cca57c3f7fd0a4091cd1c03d3b878a12f1d526bde07ebf6add9ef654dbc,4f53cda18c2baa0c0354bb5f9a3ecbe5ed12ab4d8e11ba873c2f11161202b945,fdbe0d49b5e63bce45b1608959274c56a347bcd05fcdeea593ebf617df49ea8c,4400c7618a9722ccff4eac0c72a726d3d6dd90af98b89ad6ca48741562396c70,assets/images/22_매산고_2학기_중간_고1_기출/q20.png,c9bd366ed48e1ca10c1e774f06f32ebbdbe50e5713a343ec4622bf04454f0bf7,,,0,LOADED_VM,,NOT_STARTED,NOT_STARTED,NOT_STARTED,SVG_REQUIRED_MISSING,SVG_REQUIRED_MISSING,COORDINATE_OR_GEOMETRY_STRUCTURE|TABLE_OR_MATRIX_STRUCTURE,,VISUAL_CANDIDATE,PROBLEM_VISUAL_PRESENT,REVIEW_REQUIRED,NONE,NOT_STARTED,,,,NOT_STARTED,NOT_STARTED,NOT_STARTED,NOT_TESTED,PASS,canonical_and_compiled_master_match,INVENTORY_PENDING,01_scope_inventory.csv#archive/exams/original/high/h1/2mid/22_매산고_2학기_중간_고1_기출.js|22_매산고_2학기_중간_고1_기출|20,[object Object],INDEX_RECORD_PRESENT,original/high/h1/2mid/22_매산고_2학기_중간_고1_기출.js_20,2b284679b16a2bf0c90bd20ef625b62e756f007f80b14fd3513d24ed6c3286d1,true,$5$,IN_SCOPE_FORWARD,,,CLOSED_NO_SHARED_ASSET
archive/exams/original/high/h1/2mid/22_복성고_2학기_중간_고1_기출.js|22_복성고_2학기_중간_고1_기출|3,archive/exams/original/high/h1/2mid/22_복성고_2학기_중간_고1_기출.js,22_복성고_2학기_중간_고1_기출,3,3,3,2015,수학(하),H15-SB-03,함수,3,H15-SB-03-INVERSE_FUNCTION,역함수,rule_inferred,complete_rule,객관식,grid,false,객관식|함수|역함수|일차함수,9602928aa93a84f319dd97b08d7fa264c027de069595aaa4c68e6e2fbce73033,3cc19e370a6671b60f17396fd032ed6593aa1547f8af80d6ab8d949018911b5e,0bdef091c479702584f065d3a3714f8a76f851b3f0cf10912f345a5dd930b0a8,c0b1a153942bc8d217140cc93e3e84ad68f3b43cb7b87e46ed3765df6ad6fbf2,,,,,0,LOADED_VM,,NOT_STARTED,NOT_STARTED,NOT_STARTED,SVG_OPTIONAL,SVG_OPTIONAL,,,NONE,NO_PROBLEM_VISUAL,N/A,NONE,NOT_STARTED,,,,NOT_STARTED,NOT_STARTED,NOT_STARTED,NOT_TESTED,PASS,canonical_and_compiled_master_match,INVENTORY_PENDING,01_scope_inventory.csv#archive/exams/original/high/h1/2mid/22_복성고_2학기_중간_고1_기출.js|22_복성고_2학기_중간_고1_기출|3,,INDEX_RECORD_PRESENT,original/high/h1/2mid/22_복성고_2학기_중간_고1_기출.js_3,f88fa72202d14568ab884340ac9b47f2b6c9eff5e1db06507ee66092cf66c4e8,true,⑤,IN_SCOPE_FORWARD,,,CLOSED_NO_SHARED_ASSET
archive/exams/original/high/h1/2mid/22_복성고_2학기_중간_고1_기출.js|22_복성고_2학기_중간_고1_기출|4,archive/exams/original/high/h1/2mid/22_복성고_2학기_중간_고1_기출.js,22_복성고_2학기_중간_고1_기출,4,4,4,2015,수학(하),H15-SB-03,함수,3,H15-SB-03-FUNCTION_RELATION,함수의 뜻과 대응,rule_inferred,complete_rule,객관식,grid,false,객관식|함수|함수의 그래프|수직선 판정|그래프,6a79b0de1fb2c9718f98d752d0200f534bd44f5c99ffcc791ac84d39762adbed,b496f46005451c247d5e9a9858dc3f2778cd3e54caf0e727acb971afb0514a42,973d2fd2f97e26a666f403b12da6d87e527985b36bcf4ff0a47c7e7e8c36321a,c5be0556f20effda7ee83cfb4c142569c58165cf2a808fb84341ff0aed677d35,assets/images/22_복성고_2학기_중간_고1_기출/q04.png,3a5054eff1ba91fc44e0ee9fdcf523891abf76e72892f2418561131097a98666,,,0,LOADED_VM,,NOT_STARTED,NOT_STARTED,NOT_STARTED,SVG_REQUIRED_MISSING,SVG_REQUIRED_MISSING,GRAPH_OR_FUNCTION_STRUCTURE|COORDINATE_OR_GEOMETRY_STRUCTURE|SET_OR_LOGIC_STRUCTURE,,GRAPH_CANDIDATE,PROBLEM_VISUAL_PRESENT,REVIEW_REQUIRED,NONE,NOT_STARTED,,,,NOT_STARTED,NOT_STARTED,NOT_STARTED,NOT_TESTED,PASS,canonical_and_compiled_master_match,INVENTORY_PENDING,01_scope_inventory.csv#archive/exams/original/high/h1/2mid/22_복성고_2학기_중간_고1_기출.js|22_복성고_2학기_중간_고1_기출|4,[object Object],INDEX_RECORD_PRESENT,original/high/h1/2mid/22_복성고_2학기_중간_고1_기출.js_4,f88fa72202d14568ab884340ac9b47f2b6c9eff5e1db06507ee66092cf66c4e8,true,①,IN_SCOPE_FORWARD,,,CLOSED_NO_SHARED_ASSET
archive/exams/original/high/h1/2mid/22_복성고_2학기_중간_고1_기출.js|22_복성고_2학기_중간_고1_기출|10,archive/exams/original/high/h1/2mid/22_복성고_2학기_중간_고1_기출.js,22_복성고_2학기_중간_고1_기출,10,10,10,2015,수학(하),H15-SB-03,함수,3,H15-SB-03-COMPOSITE_FUNCTION,합성함수,rule_inferred,complete_rule,객관식,grid,false,객관식|함수|합성함수|함숫값,778e8c27e0c21fe2f8f92d8647542be426d2b89e76a8587118533a286aa55b5d,3cc19e370a6671b60f17396fd032ed6593aa1547f8af80d6ab8d949018911b5e,dfde05a3668030e99ca64d8d4ae5f6b64c7a87cee61c0ba43904b92ef210191d,9a8ae332dd0cd0f0861bdc347fb6e497055b4a1df98e09a1d2204992a768b627,,,,,0,LOADED_VM,,NOT_STARTED,NOT_STARTED,NOT_STARTED,SVG_OPTIONAL,SVG_OPTIONAL,,,NONE,NO_PROBLEM_VISUAL,N/A,NONE,NOT_STARTED,,,,NOT_STARTED,NOT_STARTED,NOT_STARTED,NOT_TESTED,PASS,canonical_and_compiled_master_match,INVENTORY_PENDING,01_scope_inventory.csv#archive/exams/original/high/h1/2mid/22_복성고_2학기_중간_고1_기출.js|22_복성고_2학기_중간_고1_기출|10,,INDEX_RECORD_PRESENT,original/high/h1/2mid/22_복성고_2학기_중간_고1_기출.js_10,f88fa72202d14568ab884340ac9b47f2b6c9eff5e1db06507ee66092cf66c4e8,true,②,IN_SCOPE_FORWARD,,,CLOSED_NO_SHARED_ASSET
archive/exams/original/high/h1/2mid/22_복성고_2학기_중간_고1_기출.js|22_복성고_2학기_중간_고1_기출|12,archive/exams/original/high/h1/2mid/22_복성고_2학기_중간_고1_기출.js,22_복성고_2학기_중간_고1_기출,12,12,12,2015,수학(하),H15-SB-03,함수,3,H15-SB-03-COMPOSITE_FUNCTION,합성함수,rule_inferred,complete_rule,객관식,grid,false,객관식|함수|역함수|합성함수|그래프,490de5ef5cb0e15c96942b43b72255faa933d1424c78843ae2aed3ae5c7b2e1c,e93f514ab1c33b9641ce7905ba7d5fb0b9763505d7287f7c964649ea4d74edd3,0bdef091c479702584f065d3a3714f8a76f851b3f0cf10912f345a5dd930b0a8,398cae19bdef158267481c67fcfa0b8d59cbddd13f76df9ca47145d8e0478c42,assets/images/22_복성고_2학기_중간_고1_기출/q12.png,83d1081b6f5b0e4a8c17783caaa73910dba05a93ed801e2a50da02acc42d1740,,,0,LOADED_VM,,NOT_STARTED,NOT_STARTED,NOT_STARTED,SVG_REQUIRED_MISSING,SVG_REQUIRED_MISSING,GRAPH_OR_FUNCTION_STRUCTURE|COORDINATE_OR_GEOMETRY_STRUCTURE,,GRAPH_CANDIDATE,PROBLEM_VISUAL_PRESENT,REVIEW_REQUIRED,NONE,NOT_STARTED,,,,NOT_STARTED,NOT_STARTED,NOT_STARTED,NOT_TESTED,PASS,canonical_and_compiled_master_match,INVENTORY_PENDING,01_scope_inventory.csv#archive/exams/original/high/h1/2mid/22_복성고_2학기_중간_고1_기출.js|22_복성고_2학기_중간_고1_기출|12,[object Object],INDEX_RECORD_PRESENT,original/high/h1/2mid/22_복성고_2학기_중간_고1_기출.js_12,f88fa72202d14568ab884340ac9b47f2b6c9eff5e1db06507ee66092cf66c4e8,true,⑤,IN_SCOPE_FORWARD,,,CLOSED_NO_SHARED_ASSET
archive/exams/original/high/h1/2mid/22_복성고_2학기_중간_고1_기출.js|22_복성고_2학기_중간_고1_기출|13,archive/exams/original/high/h1/2mid/22_복성고_2학기_중간_고1_기출.js,22_복성고_2학기_중간_고1_기출,13,13,13,2015,수학(하),H15-SB-03,함수,3,H15-SB-03-INVERSE_FUNCTION,역함수,rule_inferred,complete_rule,객관식,grid,false,객관식|함수|역함수|교점|거리|그래프,64b5f94f5a9cacffdaa939f09b175a34839a6b54f2484b36d204ab458318c734,a8f5d57fae239895d517b31da2725dd52f3fbb5b732818d2e1751f601fc9fe15,b15be6cb71072b84f7e1e198ce023fc5bb8b1e625335904ddcf3cffcd8b7312b,9fd48e4b17ce498b71e0cc98114dbd2d0dc54c8dace5831890c002815a6833e8,,,,,0,LOADED_VM,,NOT_STARTED,NOT_STARTED,NOT_STARTED,SVG_REQUIRED_MISSING,SVG_REQUIRED_MISSING,GRAPH_OR_FUNCTION_STRUCTURE|COORDINATE_OR_GEOMETRY_STRUCTURE|TABLE_OR_MATRIX_STRUCTURE,,GRAPH_CANDIDATE,NO_PROBLEM_VISUAL,REVIEW_REQUIRED,NONE,NOT_STARTED,,,,NOT_STARTED,NOT_STARTED,NOT_STARTED,NOT_TESTED,PASS,canonical_and_compiled_master_match,INVENTORY_PENDING,01_scope_inventory.csv#archive/exams/original/high/h1/2mid/22_복성고_2학기_중간_고1_기출.js|22_복성고_2학기_중간_고1_기출|13,,INDEX_RECORD_PRESENT,original/high/h1/2mid/22_복성고_2학기_중간_고1_기출.js_13,f88fa72202d14568ab884340ac9b47f2b6c9eff5e1db06507ee66092cf66c4e8,true,③,IN_SCOPE_FORWARD,,,CLOSED_NO_SHARED_ASSET
archive/exams/original/high/h1/2mid/22_복성고_2학기_중간_고1_기출.js|22_복성고_2학기_중간_고1_기출|16,archive/exams/original/high/h1/2mid/22_복성고_2학기_중간_고1_기출.js,22_복성고_2학기_중간_고1_기출,16,16,16,2015,수학(하),H15-SB-03,함수,3,H15-SB-03-INVERSE_FUNCTION,역함수,rule_inferred,complete_rule,객관식,grid,false,객관식|함수|역함수|그래프의 변환|일대일대응,df1fa4d7ba6687cf76e1e1f811b8b8434121ea742e7f2bcbb555f3b23658737b,bcc438435950db693dc5762a11808a95457da4c5d4d1ad1208c79c7172b4d245,d41ea6521f53fb3dfa10cf72e2932f4405d9c999fa422cdc840d25d57e90dd34,89b6090e0b44fc68fade027a9f3e4068d565681fb8bdedb5090c14404465246e,,,,,0,LOADED_VM,,NOT_STARTED,NOT_STARTED,NOT_STARTED,SVG_REQUIRED_MISSING,SVG_REQUIRED_MISSING,GRAPH_OR_FUNCTION_STRUCTURE,,GRAPH_CANDIDATE,NO_PROBLEM_VISUAL,REVIEW_REQUIRED,NONE,NOT_STARTED,,,,NOT_STARTED,NOT_STARTED,NOT_STARTED,NOT_TESTED,PASS,canonical_and_compiled_master_match,INVENTORY_PENDING,01_scope_inventory.csv#archive/exams/original/high/h1/2mid/22_복성고_2학기_중간_고1_기출.js|22_복성고_2학기_중간_고1_기출|16,,INDEX_RECORD_PRESENT,original/high/h1/2mid/22_복성고_2학기_중간_고1_기출.js_16,f88fa72202d14568ab884340ac9b47f2b6c9eff5e1db06507ee66092cf66c4e8,true,④,IN_SCOPE_FORWARD,,,CLOSED_NO_SHARED_ASSET
archive/exams/original/high/h1/2mid/22_복성고_2학기_중간_고1_기출.js|22_복성고_2학기_중간_고1_기출|19,archive/exams/original/high/h1/2mid/22_복성고_2학기_중간_고1_기출.js,22_복성고_2학기_중간_고1_기출,19,19,19,2015,수학(하),H15-SB-03,함수,3,H15-SB-03-FUNCTION_RELATION,함수의 뜻과 대응,rule_inferred,complete_rule,객관식,grid,false,객관식|함수|반복함수|그래프|주기,7c5b96b5fe0a553a6af9d570d19d2987d1833ee34ed5c7c87ee8a16fd753eea3,119a6d81cf8b830697ba7ba1e4042113a222c8a082c3619f03f917d8c647f06f,dfde05a3668030e99ca64d8d4ae5f6b64c7a87cee61c0ba43904b92ef210191d,8ebd67969b6694324c2f8b081774382ab4f1b95f8bdc98e12590fae168e94fc5,assets/images/22_복성고_2학기_중간_고1_기출/q19.png,5662c0b0e6d0d92bd0c4a99c8b0b7b02cc6a2049c4698131de62dea009da6764,,,0,LOADED_VM,,NOT_STARTED,NOT_STARTED,NOT_STARTED,SVG_REQUIRED_MISSING,SVG_REQUIRED_MISSING,GRAPH_OR_FUNCTION_STRUCTURE,,GRAPH_CANDIDATE,PROBLEM_VISUAL_PRESENT,REVIEW_REQUIRED,NONE,NOT_STARTED,,,,NOT_STARTED,NOT_STARTED,NOT_STARTED,NOT_TESTED,PASS,canonical_and_compiled_master_match,INVENTORY_PENDING,01_scope_inventory.csv#archive/exams/original/high/h1/2mid/22_복성고_2학기_중간_고1_기출.js|22_복성고_2학기_중간_고1_기출|19,[object Object],INDEX_RECORD_PRESENT,original/high/h1/2mid/22_복성고_2학기_중간_고1_기출.js_19,f88fa72202d14568ab884340ac9b47f2b6c9eff5e1db06507ee66092cf66c4e8,true,②,IN_SCOPE_FORWARD,,,CLOSED_NO_SHARED_ASSET
archive/exams/original/high/h1/2mid/22_복성고_2학기_중간_고1_기출.js|22_복성고_2학기_중간_고1_기출|20,archive/exams/original/high/h1/2mid/22_복성고_2학기_중간_고1_기출.js,22_복성고_2학기_중간_고1_기출,20,20,20,2015,수학(하),H15-SB-03,함수,3,H15-SB-03-FUNCTION_RELATION,함수의 뜻과 대응,rule_inferred,complete_rule,서술형,grid,false,서술형|함수|함수방정식|집합|부분집합,d00d51293a24631a7bedebf45cf98632d767d24315e8773d5c13f5e26065ac24,4f53cda18c2baa0c0354bb5f9a3ecbe5ed12ab4d8e11ba873c2f11161202b945,958d9935a9b7f0f7dcfc44a81bc36107b4e48701d99e50bbae8bf493c21871f7,9333022744920ee5cf6c119f771823775c9d48e6fbcc3b2428055f603b1deede,,,,,0,LOADED_VM,,NOT_STARTED,NOT_STARTED,NOT_STARTED,SVG_REQUIRED_MISSING,SVG_REQUIRED_MISSING,GRAPH_OR_FUNCTION_STRUCTURE|SET_OR_LOGIC_STRUCTURE,,GRAPH_CANDIDATE,NO_PROBLEM_VISUAL,REVIEW_REQUIRED,NONE,NOT_STARTED,,,,NOT_STARTED,NOT_STARTED,NOT_STARTED,NOT_TESTED,PASS,canonical_and_compiled_master_match,INVENTORY_PENDING,01_scope_inventory.csv#archive/exams/original/high/h1/2mid/22_복성고_2학기_중간_고1_기출.js|22_복성고_2학기_중간_고1_기출|20,,INDEX_RECORD_PRESENT,original/high/h1/2mid/22_복성고_2학기_중간_고1_기출.js_20,f88fa72202d14568ab884340ac9b47f2b6c9eff5e1db06507ee66092cf66c4e8,true,$3$,IN_SCOPE_FORWARD,,,CLOSED_NO_SHARED_ASSET
archive/exams/original/high/h1/2mid/22_순천여고_2학기_중간_고1_기출.js|22_순천여고_2학기_중간_고1_기출|2,archive/exams/original/high/h1/2mid/22_순천여고_2학기_중간_고1_기출.js,22_순천여고_2학기_중간_고1_기출,2,2,2,2015,수학(하),H15-SB-03,함수,3,H15-SB-03-FUNCTION_RELATION,함수의 뜻과 대응,rule_inferred,complete_rule,객관식,grid,false,객관식|함수|정의역|치역|그래프,b4d7d470cae6a00d1807e18bc26856b429ec5c0096bbbf115e67f287f507ecae,acb4a2d4dae9390b3c2005d7e0758a7b265d904e16da10ecc197c171a2e5331d,d41ea6521f53fb3dfa10cf72e2932f4405d9c999fa422cdc840d25d57e90dd34,9bd36dd6c4aff5f3250274690f9b209043c27cbeb86d1621fe31638384b32c06,assets/images/22_순천여고_2학기_중간_고1_기출/q02.png,09f339b225891e639cb74e38e11ca32ef0fbd800756ee0ca3b38e9d062b124d5,,,0,LOADED_VM,,NOT_STARTED,NOT_STARTED,NOT_STARTED,SVG_REQUIRED_MISSING,SVG_REQUIRED_MISSING,GRAPH_OR_FUNCTION_STRUCTURE|COORDINATE_OR_GEOMETRY_STRUCTURE|SET_OR_LOGIC_STRUCTURE,,GRAPH_CANDIDATE,PROBLEM_VISUAL_PRESENT,REVIEW_REQUIRED,NONE,NOT_STARTED,,,,NOT_STARTED,NOT_STARTED,NOT_STARTED,NOT_TESTED,PASS,canonical_and_compiled_master_match,INVENTORY_PENDING,01_scope_inventory.csv#archive/exams/original/high/h1/2mid/22_순천여고_2학기_중간_고1_기출.js|22_순천여고_2학기_중간_고1_기출|2,[object Object],INDEX_RECORD_PRESENT,original/high/h1/2mid/22_순천여고_2학기_중간_고1_기출.js_2,878973a19a449057124bc446d424ad9e8ce18c2f3293ecd5b8f44674ff6a5d91,true,④,IN_SCOPE_FORWARD,,,CLOSED_NO_SHARED_ASSET
archive/exams/original/high/h1/2mid/22_순천여고_2학기_중간_고1_기출.js|22_순천여고_2학기_중간_고1_기출|5,archive/exams/original/high/h1/2mid/22_순천여고_2학기_중간_고1_기출.js,22_순천여고_2학기_중간_고1_기출,5,5,5,2015,수학(하),H15-SB-03,함수,3,H15-SB-03-INVERSE_FUNCTION,역함수,rule_inferred,complete_rule,객관식,grid,false,객관식|함수|역함수|일차함수,beeba43be77ec97ea878c770382181846f9e0a0f7594d5173c2a149de1295f92,782c4e648a8f5ab77347d7a5a0e4588ad1be8872f7b4bce76bc515574b51bffb,d41ea6521f53fb3dfa10cf72e2932f4405d9c999fa422cdc840d25d57e90dd34,932bcc69c585a057218fed96946a4ffc4c2af3dbd9bc902380b6e70d421de47c,,,,,0,LOADED_VM,,NOT_STARTED,NOT_STARTED,NOT_STARTED,SVG_OPTIONAL,SVG_OPTIONAL,,,NONE,NO_PROBLEM_VISUAL,N/A,NONE,NOT_STARTED,,,,NOT_STARTED,NOT_STARTED,NOT_STARTED,NOT_TESTED,PASS,canonical_and_compiled_master_match,INVENTORY_PENDING,01_scope_inventory.csv#archive/exams/original/high/h1/2mid/22_순천여고_2학기_중간_고1_기출.js|22_순천여고_2학기_중간_고1_기출|5,,INDEX_RECORD_PRESENT,original/high/h1/2mid/22_순천여고_2학기_중간_고1_기출.js_5,878973a19a449057124bc446d424ad9e8ce18c2f3293ecd5b8f44674ff6a5d91,true,④,IN_SCOPE_FORWARD,,,CLOSED_NO_SHARED_ASSET
archive/exams/original/high/h1/2mid/22_순천여고_2학기_중간_고1_기출.js|22_순천여고_2학기_중간_고1_기출|7,archive/exams/original/high/h1/2mid/22_순천여고_2학기_중간_고1_기출.js,22_순천여고_2학기_중간_고1_기출,7,7,7,2015,수학(하),H15-SB-03,함수,3,H15-SB-03-COMPOSITE_FUNCTION,합성함수,rule_inferred,complete_rule,객관식,grid,false,객관식|함수|역함수|합성함수|그래프,4b3693f3c1af81e7bd2534288100b2a22a4e26ea98b09f412a8a943cbba2d0da,e93f514ab1c33b9641ce7905ba7d5fb0b9763505d7287f7c964649ea4d74edd3,dfde05a3668030e99ca64d8d4ae5f6b64c7a87cee61c0ba43904b92ef210191d,d03ff14f386a53e35ae36fbf4246465686c086606cb45958baecdb559f6d0086,assets/images/22_순천여고_2학기_중간_고1_기출/q07.png,8da6221030380da08ad1b24bd20e3f4d2261e48fed0a51bb5e690eae74daaff9,,,0,LOADED_VM,,NOT_STARTED,NOT_STARTED,NOT_STARTED,SVG_REQUIRED_MISSING,SVG_REQUIRED_MISSING,GRAPH_OR_FUNCTION_STRUCTURE,,GRAPH_CANDIDATE,PROBLEM_VISUAL_PRESENT,REVIEW_REQUIRED,NONE,NOT_STARTED,,,,NOT_STARTED,NOT_STARTED,NOT_STARTED,NOT_TESTED,PASS,canonical_and_compiled_master_match,INVENTORY_PENDING,01_scope_inventory.csv#archive/exams/original/high/h1/2mid/22_순천여고_2학기_중간_고1_기출.js|22_순천여고_2학기_중간_고1_기출|7,[object Object],INDEX_RECORD_PRESENT,original/high/h1/2mid/22_순천여고_2학기_중간_고1_기출.js_7,878973a19a449057124bc446d424ad9e8ce18c2f3293ecd5b8f44674ff6a5d91,true,②,IN_SCOPE_FORWARD,,,CLOSED_NO_SHARED_ASSET
archive/exams/original/high/h1/2mid/22_순천여고_2학기_중간_고1_기출.js|22_순천여고_2학기_중간_고1_기출|9,archive/exams/original/high/h1/2mid/22_순천여고_2학기_중간_고1_기출.js,22_순천여고_2학기_중간_고1_기출,9,9,9,2015,수학(하),H15-SB-03,함수,3,H15-SB-03-INVERSE_FUNCTION,역함수,rule_inferred,complete_rule,객관식,grid,false,객관식|함수|역함수|반복함수|순열|그래프,93f930f2788327844f348576d77837ebe4328655435a530f0f010d3111f362f6,3cc19e370a6671b60f17396fd032ed6593aa1547f8af80d6ab8d949018911b5e,973d2fd2f97e26a666f403b12da6d87e527985b36bcf4ff0a47c7e7e8c36321a,c374bf2c2368c06fbb6f58b9e7de131291ae5dec89a23616d810b05dfdc04373,assets/images/22_순천여고_2학기_중간_고1_기출/q09.png,1126538476e3623eaab73118fde8396aea8177751995c0acb101220b67327eec,,,0,LOADED_VM,,NOT_STARTED,NOT_STARTED,NOT_STARTED,SVG_REQUIRED_MISSING,SVG_REQUIRED_MISSING,GRAPH_OR_FUNCTION_STRUCTURE|SET_OR_LOGIC_STRUCTURE,,GRAPH_CANDIDATE,PROBLEM_VISUAL_PRESENT,REVIEW_REQUIRED,NONE,NOT_STARTED,,,,NOT_STARTED,NOT_STARTED,NOT_STARTED,NOT_TESTED,PASS,canonical_and_compiled_master_match,INVENTORY_PENDING,01_scope_inventory.csv#archive/exams/original/high/h1/2mid/22_순천여고_2학기_중간_고1_기출.js|22_순천여고_2학기_중간_고1_기출|9,[object Object],INDEX_RECORD_PRESENT,original/high/h1/2mid/22_순천여고_2학기_중간_고1_기출.js_9,878973a19a449057124bc446d424ad9e8ce18c2f3293ecd5b8f44674ff6a5d91,true,①,IN_SCOPE_FORWARD,,,CLOSED_NO_SHARED_ASSET
archive/exams/original/high/h1/2mid/22_순천여고_2학기_중간_고1_기출.js|22_순천여고_2학기_중간_고1_기출|11,archive/exams/original/high/h1/2mid/22_순천여고_2학기_중간_고1_기출.js,22_순천여고_2학기_중간_고1_기출,11,11,11,2015,수학(하),H15-SB-03,함수,3,H15-SB-03-FUNCTION_RELATION,함수의 뜻과 대응,rule_inferred,complete_rule,객관식,grid,false,객관식|함수|일대일대응|항등함수|상수함수,6396175cae2eeced7763b6c6575d8accb8acba1f49d8201b1d64c319b7ae9345,ad4c18fdd04295ed712ae98355a4cec0f20e73c7a48153b586977cb2c1bba44e,b15be6cb71072b84f7e1e198ce023fc5bb8b1e625335904ddcf3cffcd8b7312b,10ed63b1dbdb7a0e8efbb94622bbe6c42a9279ad3c715e83ba211d77f49e5c57,,,,,0,LOADED_VM,,NOT_STARTED,NOT_STARTED,NOT_STARTED,SVG_REQUIRED_MISSING,SVG_REQUIRED_MISSING,GRAPH_OR_FUNCTION_STRUCTURE|SET_OR_LOGIC_STRUCTURE,,GRAPH_CANDIDATE,NO_PROBLEM_VISUAL,REVIEW_REQUIRED,NONE,NOT_STARTED,,,,NOT_STARTED,NOT_STARTED,NOT_STARTED,NOT_TESTED,PASS,canonical_and_compiled_master_match,INVENTORY_PENDING,01_scope_inventory.csv#archive/exams/original/high/h1/2mid/22_순천여고_2학기_중간_고1_기출.js|22_순천여고_2학기_중간_고1_기출|11,,INDEX_RECORD_PRESENT,original/high/h1/2mid/22_순천여고_2학기_중간_고1_기출.js_11,878973a19a449057124bc446d424ad9e8ce18c2f3293ecd5b8f44674ff6a5d91,true,③,IN_SCOPE_FORWARD,,,CLOSED_NO_SHARED_ASSET
archive/exams/original/high/h1/2mid/22_순천여고_2학기_중간_고1_기출.js|22_순천여고_2학기_중간_고1_기출|14,archive/exams/original/high/h1/2mid/22_순천여고_2학기_중간_고1_기출.js,22_순천여고_2학기_중간_고1_기출,14,14,14,2015,수학(하),H15-SB-03,함수,3,H15-SB-03-FUNCTION_RELATION,함수의 뜻과 대응,rule_inferred,complete_rule,객관식,grid,false,객관식|함수|항등함수|함수방정식|부분집합,b4681b4e8b8a2e4c6f64311c4b2fd85f41e832cdb42b9cb1a1a8ce1ab885997c,1bf933444ecf2ff0a42f2a78a26622d99e804c0e45dee5a1bf7cee906de0fdbc,b15be6cb71072b84f7e1e198ce023fc5bb8b1e625335904ddcf3cffcd8b7312b,aa69daea0d49ee6092a4a0758407779ff96cde2bfe51ef8e4452aeed17064d7a,,,,,0,LOADED_VM,,NOT_STARTED,NOT_STARTED,NOT_STARTED,SVG_REQUIRED_MISSING,SVG_REQUIRED_MISSING,GRAPH_OR_FUNCTION_STRUCTURE|SET_OR_LOGIC_STRUCTURE,,GRAPH_CANDIDATE,NO_PROBLEM_VISUAL,REVIEW_REQUIRED,NONE,NOT_STARTED,,,,NOT_STARTED,NOT_STARTED,NOT_STARTED,NOT_TESTED,PASS,canonical_and_compiled_master_match,INVENTORY_PENDING,01_scope_inventory.csv#archive/exams/original/high/h1/2mid/22_순천여고_2학기_중간_고1_기출.js|22_순천여고_2학기_중간_고1_기출|14,,INDEX_RECORD_PRESENT,original/high/h1/2mid/22_순천여고_2학기_중간_고1_기출.js_14,878973a19a449057124bc446d424ad9e8ce18c2f3293ecd5b8f44674ff6a5d91,true,③,IN_SCOPE_FORWARD,,,CLOSED_NO_SHARED_ASSET
archive/exams/original/high/h1/2mid/22_순천여고_2학기_중간_고1_기출.js|22_순천여고_2학기_중간_고1_기출|16,archive/exams/original/high/h1/2mid/22_순천여고_2학기_중간_고1_기출.js,22_순천여고_2학기_중간_고1_기출,16,16,16,2015,수학(하),H15-SB-03,함수,3,H15-SB-03-COMPOSITE_FUNCTION,합성함수,rule_inferred,complete_rule,객관식,grid,false,객관식|함수|역함수|조각함수|합성함수|그래프,3d9a7396a82df24bbce21b4cc10562a438c0856d6fc3c38fd2ca607f0b1e9213,dc09e1a87c93454740de7ac21b0163e1e82c3f98f3cb1cb9343e523f57cc4c4b,d41ea6521f53fb3dfa10cf72e2932f4405d9c999fa422cdc840d25d57e90dd34,d4caf4ec72bdbacd7806f28dacc30fd4a13793339e7aae811f3b756b63640536,,,assets/images/22_순천여고_2학기_중간_고1_기출/q16-solution.svg,c0c554d7f68fc5c124f613e203e2e9baca20ea02bdfe0771a1ee8845e3421825,0,LOADED_VM,,NOT_STARTED,NOT_STARTED,NOT_STARTED,SOURCE_REVIEW,SOURCE_REVIEW,GRAPH_OR_FUNCTION_STRUCTURE,,SVG,NO_PROBLEM_VISUAL,REVIEW_REQUIRED,SOLUTION_SVG,NOT_STARTED,,,c7a476784e0dd9e72c8d4a3af4769e67f20adefb2e735bb3e94ffa88f673bd9b,NOT_STARTED,NOT_STARTED,NOT_STARTED,NOT_TESTED,PASS,canonical_and_compiled_master_match,INVENTORY_PENDING,01_scope_inventory.csv#archive/exams/original/high/h1/2mid/22_순천여고_2학기_중간_고1_기출.js|22_순천여고_2학기_중간_고1_기출|16,[object Object],INDEX_RECORD_PRESENT,original/high/h1/2mid/22_순천여고_2학기_중간_고1_기출.js_16,878973a19a449057124bc446d424ad9e8ce18c2f3293ecd5b8f44674ff6a5d91,true,④,IN_SCOPE_FORWARD,,,CLOSED_NO_SHARED_ASSET
archive/exams/original/high/h1/2mid/22_순천여고_2학기_중간_고1_기출.js|22_순천여고_2학기_중간_고1_기출|17,archive/exams/original/high/h1/2mid/22_순천여고_2학기_중간_고1_기출.js,22_순천여고_2학기_중간_고1_기출,17,17,17,2015,수학(하),H15-SB-03,함수,3,H15-SB-03-COMPOSITE_FUNCTION,합성함수,rule_inferred,complete_rule,객관식,grid,false,객관식|함수|합성함수|최솟값|이차함수|그래프,e97110db5d87ba88e4e840b009e4e28042f1f41347f035204f10cdca4daea5d1,4c6cf4c26d68f37cfb4d633f8c23c1890426a5d35f9e40246356996652bfbccf,b15be6cb71072b84f7e1e198ce023fc5bb8b1e625335904ddcf3cffcd8b7312b,0c55d9a9f7bcb68eb9c456d935aaf6222c8dafe381b35025da06d6382dcd3464,,,assets/images/22_순천여고_2학기_중간_고1_기출/q17-solution.svg,58bcf60748ff0ff47873789f35b953b05e2fe38329dc6235c95034efed8ec4ee,0,LOADED_VM,,NOT_STARTED,NOT_STARTED,NOT_STARTED,SOURCE_REVIEW,SOURCE_REVIEW,GRAPH_OR_FUNCTION_STRUCTURE|COORDINATE_OR_GEOMETRY_STRUCTURE|TABLE_OR_MATRIX_STRUCTURE,,SVG,NO_PROBLEM_VISUAL,REVIEW_REQUIRED,SOLUTION_SVG,NOT_STARTED,,,70afdb00525fc291237f30b8068f1eae6eead3afb1eb8d8ccff544cef79ab6a5,NOT_STARTED,NOT_STARTED,NOT_STARTED,NOT_TESTED,PASS,canonical_and_compiled_master_match,INVENTORY_PENDING,01_scope_inventory.csv#archive/exams/original/high/h1/2mid/22_순천여고_2학기_중간_고1_기출.js|22_순천여고_2학기_중간_고1_기출|17,[object Object],INDEX_RECORD_PRESENT,original/high/h1/2mid/22_순천여고_2학기_중간_고1_기출.js_17,878973a19a449057124bc446d424ad9e8ce18c2f3293ecd5b8f44674ff6a5d91,true,③,IN_SCOPE_FORWARD,,,CLOSED_NO_SHARED_ASSET
archive/exams/original/high/h1/2mid/22_순천여고_2학기_중간_고1_기출.js|22_순천여고_2학기_중간_고1_기출|18,archive/exams/original/high/h1/2mid/22_순천여고_2학기_중간_고1_기출.js,22_순천여고_2학기_중간_고1_기출,18,18,18,2015,수학(하),H15-SB-03,함수,3,H15-SB-03-COMPOSITE_FUNCTION,합성함수,rule_inferred,complete_rule,객관식,grid,false,객관식|함수|합성함수|조각함수|방정식,d4eaf50a3dac58393c68f6102d3ef1410038cd33ef912f5039da45566791dc21,3cc19e370a6671b60f17396fd032ed6593aa1547f8af80d6ab8d949018911b5e,0bdef091c479702584f065d3a3714f8a76f851b3f0cf10912f345a5dd930b0a8,a62cacea0c11e5eebb23a9736e4af8c8476b0c0c9f25f27461646c9ae2d6e032,,,,,0,LOADED_VM,,NOT_STARTED,NOT_STARTED,NOT_STARTED,SVG_REQUIRED_MISSING,SVG_REQUIRED_MISSING,GRAPH_OR_FUNCTION_STRUCTURE,,GRAPH_CANDIDATE,NO_PROBLEM_VISUAL,REVIEW_REQUIRED,NONE,NOT_STARTED,,,,NOT_STARTED,NOT_STARTED,NOT_STARTED,NOT_TESTED,PASS,canonical_and_compiled_master_match,INVENTORY_PENDING,01_scope_inventory.csv#archive/exams/original/high/h1/2mid/22_순천여고_2학기_중간_고1_기출.js|22_순천여고_2학기_중간_고1_기출|18,,INDEX_RECORD_PRESENT,original/high/h1/2mid/22_순천여고_2학기_중간_고1_기출.js_18,878973a19a449057124bc446d424ad9e8ce18c2f3293ecd5b8f44674ff6a5d91,true,⑤,IN_SCOPE_FORWARD,,,CLOSED_NO_SHARED_ASSET
archive/exams/original/high/h1/2mid/22_순천여고_2학기_중간_고1_기출.js|22_순천여고_2학기_중간_고1_기출|19,archive/exams/original/high/h1/2mid/22_순천여고_2학기_중간_고1_기출.js,22_순천여고_2학기_중간_고1_기출,19,19,19,2015,수학(하),H15-SB-03,함수,3,H15-SB-03-FUNCTION_RELATION,함수의 뜻과 대응,rule_inferred,complete_rule,객관식,grid,false,객관식|함수|도형|직각삼각형|직사각형|최댓값,1f4b633f34e93bb2c6ef36902f4313e33b2a5a19799767d33da104dfabd60284,d6c49a62126e48811eb125df4024ea36795ae6803ef5e91e8bcfbf8d70284489,d41ea6521f53fb3dfa10cf72e2932f4405d9c999fa422cdc840d25d57e90dd34,4732617d8225e211643d29baca115059577b3db1843c7bc947f067fd0af687db,assets/images/22_순천여고_2학기_중간_고1_기출/q19.png,60b6dd956397ad2145658c3508fdfc947c5ef29754d98755866520f730d2fd2e,,,0,LOADED_VM,,NOT_STARTED,NOT_STARTED,NOT_STARTED,SVG_REQUIRED_MISSING,SVG_REQUIRED_MISSING,COORDINATE_OR_GEOMETRY_STRUCTURE,,VISUAL_CANDIDATE,PROBLEM_VISUAL_PRESENT,REVIEW_REQUIRED,NONE,NOT_STARTED,,,,NOT_STARTED,NOT_STARTED,NOT_STARTED,NOT_TESTED,PASS,canonical_and_compiled_master_match,INVENTORY_PENDING,01_scope_inventory.csv#archive/exams/original/high/h1/2mid/22_순천여고_2학기_중간_고1_기출.js|22_순천여고_2학기_중간_고1_기출|19,[object Object],INDEX_RECORD_PRESENT,original/high/h1/2mid/22_순천여고_2학기_중간_고1_기출.js_19,878973a19a449057124bc446d424ad9e8ce18c2f3293ecd5b8f44674ff6a5d91,true,④,IN_SCOPE_FORWARD,,,CLOSED_NO_SHARED_ASSET
archive/exams/original/high/h1/2mid/22_순천여고_2학기_중간_고1_기출.js|22_순천여고_2학기_중간_고1_기출|20,archive/exams/original/high/h1/2mid/22_순천여고_2학기_중간_고1_기출.js,22_순천여고_2학기_중간_고1_기출,20,20,20,2015,수학(하),H15-SB-03,함수,3,H15-SB-03-FUNCTION_RELATION,함수의 뜻과 대응,rule_inferred,complete_rule,객관식,grid,false,객관식|함수|절댓값|이차함수|격자점,c6c881e2988fab9a8368353b18a3928ddc56408c5176f3da87fc221464f5a1ca,c55bf19cf42593c5db204c0412d8e37d780532aa24f132c963400d66e5b71690,973d2fd2f97e26a666f403b12da6d87e527985b36bcf4ff0a47c7e7e8c36321a,834bee87d4b01f2d02fb7368b15e818484d60f39da79f34cbff7049120604cba,,,,,0,LOADED_VM,,NOT_STARTED,NOT_STARTED,NOT_STARTED,SVG_REQUIRED_MISSING,SVG_REQUIRED_MISSING,GRAPH_OR_FUNCTION_STRUCTURE|COORDINATE_OR_GEOMETRY_STRUCTURE|COUNTING_STRUCTURE|TABLE_OR_MATRIX_STRUCTURE,,GRAPH_CANDIDATE,NO_PROBLEM_VISUAL,REVIEW_REQUIRED,NONE,NOT_STARTED,,,,NOT_STARTED,NOT_STARTED,NOT_STARTED,NOT_TESTED,PASS,canonical_and_compiled_master_match,INVENTORY_PENDING,01_scope_inventory.csv#archive/exams/original/high/h1/2mid/22_순천여고_2학기_중간_고1_기출.js|22_순천여고_2학기_중간_고1_기출|20,,INDEX_RECORD_PRESENT,original/high/h1/2mid/22_순천여고_2학기_중간_고1_기출.js_20,878973a19a449057124bc446d424ad9e8ce18c2f3293ecd5b8f44674ff6a5d91,true,①,IN_SCOPE_FORWARD,,,CLOSED_NO_SHARED_ASSET
archive/exams/original/high/h1/2mid/22_순천여고_2학기_중간_고1_기출.js|22_순천여고_2학기_중간_고1_기출|23,archive/exams/original/high/h1/2mid/22_순천여고_2학기_중간_고1_기출.js,22_순천여고_2학기_중간_고1_기출,23,23,23,2015,수학(하),H15-SB-03,함수,3,H15-SB-03-INVERSE_FUNCTION,역함수,rule_inferred,complete_rule,서술형,grid,false,서술형|함수|이차함수|역함수|정의역|치역,d20d44a29cf7527b86b9768ea569a168e329f67980b0c32e240103e2e7a3c142,4f53cda18c2baa0c0354bb5f9a3ecbe5ed12ab4d8e11ba873c2f11161202b945,157e86ee9ba384f8464af838082f4186d1153f8371a6c4711d544d1e02c5755d,508191080dd05f211a7af43041e19e4d8363ad4e11cf7134b82912bf6ede6f02,,,,,0,LOADED_VM,,NOT_STARTED,NOT_STARTED,NOT_STARTED,SVG_REQUIRED_MISSING,SVG_REQUIRED_MISSING,GRAPH_OR_FUNCTION_STRUCTURE|COORDINATE_OR_GEOMETRY_STRUCTURE|TABLE_OR_MATRIX_STRUCTURE,,GRAPH_CANDIDATE,NO_PROBLEM_VISUAL,REVIEW_REQUIRED,NONE,NOT_STARTED,,,,NOT_STARTED,NOT_STARTED,NOT_STARTED,NOT_TESTED,PASS,canonical_and_compiled_master_match,INVENTORY_PENDING,01_scope_inventory.csv#archive/exams/original/high/h1/2mid/22_순천여고_2학기_중간_고1_기출.js|22_순천여고_2학기_중간_고1_기출|23,,INDEX_RECORD_PRESENT,original/high/h1/2mid/22_순천여고_2학기_중간_고1_기출.js_23,878973a19a449057124bc446d424ad9e8ce18c2f3293ecd5b8f44674ff6a5d91,true,"$a=-4,\ b=1$",IN_SCOPE_FORWARD,,,CLOSED_NO_SHARED_ASSET
archive/exams/original/high/h1/2mid/22_제일고_2학기_중간_고1_기출.js|22_제일고_2학기_중간_고1_기출|6,archive/exams/original/high/h1/2mid/22_제일고_2학기_중간_고1_기출.js,22_제일고_2학기_중간_고1_기출,6,6,6,2015,수학(하),H15-SB-03,함수,3,H15-SB-03-INVERSE_FUNCTION,역함수,rule_inferred,complete_rule,객관식,grid,false,객관식|함수|조각함수|일대일대응|치역,acf1b2a7b384997204ba8effce94847176b926a314c426316e29c6c75ff792a4,3cc19e370a6671b60f17396fd032ed6593aa1547f8af80d6ab8d949018911b5e,d41ea6521f53fb3dfa10cf72e2932f4405d9c999fa422cdc840d25d57e90dd34,2901759fa2d30b4ceccb8232e4b03064f63c9a35ffcfb627a78d5737d6776001,,,,,0,LOADED_VM,,NOT_STARTED,NOT_STARTED,NOT_STARTED,SVG_REQUIRED_MISSING,SVG_REQUIRED_MISSING,GRAPH_OR_FUNCTION_STRUCTURE,,GRAPH_CANDIDATE,NO_PROBLEM_VISUAL,REVIEW_REQUIRED,NONE,NOT_STARTED,,,,NOT_STARTED,NOT_STARTED,NOT_STARTED,NOT_TESTED,PASS,canonical_and_compiled_master_match,INVENTORY_PENDING,01_scope_inventory.csv#archive/exams/original/high/h1/2mid/22_제일고_2학기_중간_고1_기출.js|22_제일고_2학기_중간_고1_기출|6,,INDEX_RECORD_PRESENT,original/high/h1/2mid/22_제일고_2학기_중간_고1_기출.js_6,73251f3ec3c85c41857484356652d62706f6d5334fea9a206921457bbb51b774,true,④,IN_SCOPE_FORWARD,,,CLOSED_NO_SHARED_ASSET
archive/exams/original/high/h1/2mid/22_제일고_2학기_중간_고1_기출.js|22_제일고_2학기_중간_고1_기출|8,archive/exams/original/high/h1/2mid/22_제일고_2학기_중간_고1_기출.js,22_제일고_2학기_중간_고1_기출,8,8,8,2015,수학(하),H15-SB-03,함수,3,H15-SB-03-FUNCTION_RELATION,함수의 뜻과 대응,rule_inferred,complete_rule,객관식,grid,false,객관식|함수|함수의 개수|일대일대응|항등함수|상수함수,441eb4058f53ee537dcfbb83337b3e8f2b8807f3c5770ae7580e8a567d9cfd0d,0a7baf8a6644196193721bc30d5c4fcb3834b8ab8b09a39ed4ee6ed67ef45488,dfde05a3668030e99ca64d8d4ae5f6b64c7a87cee61c0ba43904b92ef210191d,e832f91f06594e4f98022b34ffa383a2740041ecf6bf47d0bab7f35cf5b8a315,,,,,0,LOADED_VM,,NOT_STARTED,NOT_STARTED,NOT_STARTED,SVG_REQUIRED_MISSING,SVG_REQUIRED_MISSING,GRAPH_OR_FUNCTION_STRUCTURE,,GRAPH_CANDIDATE,NO_PROBLEM_VISUAL,REVIEW_REQUIRED,NONE,NOT_STARTED,,,,NOT_STARTED,NOT_STARTED,NOT_STARTED,NOT_TESTED,PASS,canonical_and_compiled_master_match,INVENTORY_PENDING,01_scope_inventory.csv#archive/exams/original/high/h1/2mid/22_제일고_2학기_중간_고1_기출.js|22_제일고_2학기_중간_고1_기출|8,,INDEX_RECORD_PRESENT,original/high/h1/2mid/22_제일고_2학기_중간_고1_기출.js_8,73251f3ec3c85c41857484356652d62706f6d5334fea9a206921457bbb51b774,true,②,IN_SCOPE_FORWARD,,,CLOSED_NO_SHARED_ASSET
archive/exams/original/high/h1/2mid/22_제일고_2학기_중간_고1_기출.js|22_제일고_2학기_중간_고1_기출|12,archive/exams/original/high/h1/2mid/22_제일고_2학기_중간_고1_기출.js,22_제일고_2학기_중간_고1_기출,12,12,12,2015,수학(하),H15-SB-03,함수,3,H15-SB-03-FUNCTION_RELATION,함수의 뜻과 대응,rule_inferred,complete_rule,객관식,grid,false,객관식|함수|반복함수|주기|조각함수,daedf8ee58c336ea55639a8348b9d6a3a741cc99b6a940c4511faf03bbf4ddc9,51247bbaa5b4e54f213e8c8d62896eb320bf4bafb4c503e7c09d7302db3ceb61,0bdef091c479702584f065d3a3714f8a76f851b3f0cf10912f345a5dd930b0a8,e1e3e9bcf6e62ad2cf7d2c60ad983ad5a75927ff51468c00fa7422877c7cb87a,,,,,0,LOADED_VM,,NOT_STARTED,NOT_STARTED,NOT_STARTED,SVG_OPTIONAL,SVG_OPTIONAL,,,NONE,NO_PROBLEM_VISUAL,N/A,NONE,NOT_STARTED,,,,NOT_STARTED,NOT_STARTED,NOT_STARTED,NOT_TESTED,PASS,canonical_and_compiled_master_match,INVENTORY_PENDING,01_scope_inventory.csv#archive/exams/original/high/h1/2mid/22_제일고_2학기_중간_고1_기출.js|22_제일고_2학기_중간_고1_기출|12,,INDEX_RECORD_PRESENT,original/high/h1/2mid/22_제일고_2학기_중간_고1_기출.js_12,73251f3ec3c85c41857484356652d62706f6d5334fea9a206921457bbb51b774,true,⑤,IN_SCOPE_FORWARD,,,CLOSED_NO_SHARED_ASSET
archive/exams/original/high/h1/2mid/22_제일고_2학기_중간_고1_기출.js|22_제일고_2학기_중간_고1_기출|16,archive/exams/original/high/h1/2mid/22_제일고_2학기_중간_고1_기출.js,22_제일고_2학기_중간_고1_기출,16,16,16,2015,수학(하),H15-SB-03,함수,3,H15-SB-03-FUNCTION_RELATION,함수의 뜻과 대응,rule_inferred,complete_rule,객관식,grid,false,객관식|함수|일대일대응|나머지|부분집합,8733490ef86c474af19949e76a7779e060435aba1a0d072e582d83d4767adfe2,b50e460bd01368b777c16825a7ca1a0c7049dacbcfa6d6091b0be4d126376964,973d2fd2f97e26a666f403b12da6d87e527985b36bcf4ff0a47c7e7e8c36321a,8f9b9d36211ca25fa8490c7374c78e6794ff2b2b0a30a7cd4ae6cc1289f9c59d,,,,,0,LOADED_VM,,NOT_STARTED,NOT_STARTED,NOT_STARTED,SVG_REQUIRED_MISSING,SVG_REQUIRED_MISSING,SET_OR_LOGIC_STRUCTURE,,VISUAL_CANDIDATE,NO_PROBLEM_VISUAL,SCHEMATIC_OR_REVIEW,NONE,NOT_STARTED,,,,NOT_STARTED,NOT_STARTED,NOT_STARTED,NOT_TESTED,PASS,canonical_and_compiled_master_match,INVENTORY_PENDING,01_scope_inventory.csv#archive/exams/original/high/h1/2mid/22_제일고_2학기_중간_고1_기출.js|22_제일고_2학기_중간_고1_기출|16,,INDEX_RECORD_PRESENT,original/high/h1/2mid/22_제일고_2학기_중간_고1_기출.js_16,73251f3ec3c85c41857484356652d62706f6d5334fea9a206921457bbb51b774,true,①,IN_SCOPE_FORWARD,,,CLOSED_NO_SHARED_ASSET
archive/exams/original/high/h1/2mid/22_제일고_2학기_중간_고1_기출.js|22_제일고_2학기_중간_고1_기출|18,archive/exams/original/high/h1/2mid/22_제일고_2학기_중간_고1_기출.js,22_제일고_2학기_중간_고1_기출,18,18,18,2015,수학(하),H15-SB-03,함수,3,H15-SB-03-COMPOSITE_FUNCTION,합성함수,rule_inferred,complete_rule,객관식,grid,false,객관식|함수|조각함수|합성함수|매개변수,2ce567a59a2e27ba7167f10ea4871d3b760246b474dcf9ec702418c65c56377c,54672cfd391ee0dadf5d98f69c67716f9bf6b055ca072b18992d748e505e2fdc,0bdef091c479702584f065d3a3714f8a76f851b3f0cf10912f345a5dd930b0a8,b931a2568f7245e56fb090a1d70c2770c819b3008612b06aade4593c6164795f,,,,,0,LOADED_VM,,NOT_STARTED,NOT_STARTED,NOT_STARTED,SVG_OPTIONAL,SVG_OPTIONAL,,,NONE,NO_PROBLEM_VISUAL,N/A,NONE,NOT_STARTED,,,,NOT_STARTED,NOT_STARTED,NOT_STARTED,NOT_TESTED,PASS,canonical_and_compiled_master_match,INVENTORY_PENDING,01_scope_inventory.csv#archive/exams/original/high/h1/2mid/22_제일고_2학기_중간_고1_기출.js|22_제일고_2학기_중간_고1_기출|18,,INDEX_RECORD_PRESENT,original/high/h1/2mid/22_제일고_2학기_중간_고1_기출.js_18,73251f3ec3c85c41857484356652d62706f6d5334fea9a206921457bbb51b774,true,⑤,IN_SCOPE_FORWARD,,,CLOSED_NO_SHARED_ASSET
archive/exams/original/high/h1/2mid/22_팔마고_2학기_중간_고1_기출.js|22_팔마고_2학기_중간_고1_기출|4,archive/exams/original/high/h1/2mid/22_팔마고_2학기_중간_고1_기출.js,22_팔마고_2학기_중간_고1_기출,4,4,4,2015,수학(하),H15-SB-03,함수,3,H15-SB-03-FUNCTION_RELATION,함수의 뜻과 대응,rule_inferred,complete_rule,객관식,grid,false,객관식|함수|함수방정식|근과 계수|원소의 곱,a241f170964ef342a1dab6eaef9270e8a5bc83e3d6fbf4eb9cb7bf9cf4dd68e7,5a374bd47a4fb5bc7d41ca08440ae6c547d4277f7919a4e13b8f76e5a0c9e057,dfde05a3668030e99ca64d8d4ae5f6b64c7a87cee61c0ba43904b92ef210191d,646aaffb6b0aef57984fab1c26284d2f58ba9860f836c397efec0d3220ff6194,,,,,0,LOADED_VM,,NOT_STARTED,NOT_STARTED,NOT_STARTED,SVG_REQUIRED_MISSING,SVG_REQUIRED_MISSING,GRAPH_OR_FUNCTION_STRUCTURE|SET_OR_LOGIC_STRUCTURE,,GRAPH_CANDIDATE,NO_PROBLEM_VISUAL,REVIEW_REQUIRED,NONE,NOT_STARTED,,,,NOT_STARTED,NOT_STARTED,NOT_STARTED,NOT_TESTED,PASS,canonical_and_compiled_master_match,INVENTORY_PENDING,01_scope_inventory.csv#archive/exams/original/high/h1/2mid/22_팔마고_2학기_중간_고1_기출.js|22_팔마고_2학기_중간_고1_기출|4,,INDEX_RECORD_PRESENT,original/high/h1/2mid/22_팔마고_2학기_중간_고1_기출.js_4,7fa2dd51ae27f0952c5143d94ca1fa6d86f8a60074a1a7c02a3d5e34379331ce,true,②,IN_SCOPE_FORWARD,,,CLOSED_NO_SHARED_ASSET
archive/exams/original/high/h1/2mid/22_팔마고_2학기_중간_고1_기출.js|22_팔마고_2학기_중간_고1_기출|5,archive/exams/original/high/h1/2mid/22_팔마고_2학기_중간_고1_기출.js,22_팔마고_2학기_중간_고1_기출,5,5,5,2015,수학(하),H15-SB-03,함수,3,H15-SB-03-FUNCTION_RELATION,함수의 뜻과 대응,rule_inferred,complete_rule,객관식,grid,false,객관식|함수|항등함수|상수함수|함숫값,0f2e5a5d473292d6b40163283682728baafe91d83611fc20006b95476dc90338,2d2324e12c399c230b2eae48396afe4a99c558f05e949822f4aec986c0546443,d41ea6521f53fb3dfa10cf72e2932f4405d9c999fa422cdc840d25d57e90dd34,9941d6c5c401f1cc3977aaa242080b56423a1b4c0179a7e91324044e816473e5,,,,,0,LOADED_VM,,NOT_STARTED,NOT_STARTED,NOT_STARTED,SVG_OPTIONAL,SVG_OPTIONAL,,,NONE,NO_PROBLEM_VISUAL,N/A,NONE,NOT_STARTED,,,,NOT_STARTED,NOT_STARTED,NOT_STARTED,NOT_TESTED,PASS,canonical_and_compiled_master_match,INVENTORY_PENDING,01_scope_inventory.csv#archive/exams/original/high/h1/2mid/22_팔마고_2학기_중간_고1_기출.js|22_팔마고_2학기_중간_고1_기출|5,,INDEX_RECORD_PRESENT,original/high/h1/2mid/22_팔마고_2학기_중간_고1_기출.js_5,7fa2dd51ae27f0952c5143d94ca1fa6d86f8a60074a1a7c02a3d5e34379331ce,true,④,IN_SCOPE_FORWARD,,,CLOSED_NO_SHARED_ASSET
archive/exams/original/high/h1/2mid/22_팔마고_2학기_중간_고1_기출.js|22_팔마고_2학기_중간_고1_기출|6,archive/exams/original/high/h1/2mid/22_팔마고_2학기_중간_고1_기출.js,22_팔마고_2학기_중간_고1_기출,6,6,6,2015,수학(하),H15-SB-03,함수,3,H15-SB-03-INVERSE_FUNCTION,역함수,rule_inferred,complete_rule,객관식,grid,false,객관식|함수|나머지|치역|유한집합,15b5f6d02db59d8d368d93e88ec61dfadaf890fa5e0a55cdae4ae804fd2b574d,edf3dd66a57f0b00cbf7970f2a6510c3785c675f42af95d568578a45f558902b,dfde05a3668030e99ca64d8d4ae5f6b64c7a87cee61c0ba43904b92ef210191d,68c50c6e9e40a666d75a70f2c4789508da41b56329d946e69e91a6ead4c71e11,,,,,0,LOADED_VM,,NOT_STARTED,NOT_STARTED,NOT_STARTED,SVG_REQUIRED_MISSING,SVG_REQUIRED_MISSING,GRAPH_OR_FUNCTION_STRUCTURE|SET_OR_LOGIC_STRUCTURE,,GRAPH_CANDIDATE,NO_PROBLEM_VISUAL,REVIEW_REQUIRED,NONE,NOT_STARTED,,,,NOT_STARTED,NOT_STARTED,NOT_STARTED,NOT_TESTED,PASS,canonical_and_compiled_master_match,INVENTORY_PENDING,01_scope_inventory.csv#archive/exams/original/high/h1/2mid/22_팔마고_2학기_중간_고1_기출.js|22_팔마고_2학기_중간_고1_기출|6,,INDEX_RECORD_PRESENT,original/high/h1/2mid/22_팔마고_2학기_중간_고1_기출.js_6,7fa2dd51ae27f0952c5143d94ca1fa6d86f8a60074a1a7c02a3d5e34379331ce,true,②,IN_SCOPE_FORWARD,,,CLOSED_NO_SHARED_ASSET
archive/exams/original/high/h1/2mid/22_팔마고_2학기_중간_고1_기출.js|22_팔마고_2학기_중간_고1_기출|10,archive/exams/original/high/h1/2mid/22_팔마고_2학기_중간_고1_기출.js,22_팔마고_2학기_중간_고1_기출,10,10,10,2015,수학(하),H15-SB-03,함수,3,H15-SB-03-FUNCTION_RELATION,함수의 뜻과 대응,rule_inferred,complete_rule,객관식,grid,false,객관식|함수|일대일함수|함수의 개수|순열,03913ad8de18e3477ac6566cdbeb98c1d1a07167ac7499092be20d86cb063ca3,751e218b19721afe03e96ffe3838ee7d3a1dc7936418b1bd47ae434076cca52c,b15be6cb71072b84f7e1e198ce023fc5bb8b1e625335904ddcf3cffcd8b7312b,0b914a04912fa39d26af148cff9d5ce7747289b30a41577a483ec7db08a68459,,,,,0,LOADED_VM,,NOT_STARTED,NOT_STARTED,NOT_STARTED,SVG_REQUIRED_MISSING,SVG_REQUIRED_MISSING,GRAPH_OR_FUNCTION_STRUCTURE|SET_OR_LOGIC_STRUCTURE,,GRAPH_CANDIDATE,NO_PROBLEM_VISUAL,REVIEW_REQUIRED,NONE,NOT_STARTED,,,,NOT_STARTED,NOT_STARTED,NOT_STARTED,NOT_TESTED,PASS,canonical_and_compiled_master_match,INVENTORY_PENDING,01_scope_inventory.csv#archive/exams/original/high/h1/2mid/22_팔마고_2학기_중간_고1_기출.js|22_팔마고_2학기_중간_고1_기출|10,,INDEX_RECORD_PRESENT,original/high/h1/2mid/22_팔마고_2학기_중간_고1_기출.js_10,7fa2dd51ae27f0952c5143d94ca1fa6d86f8a60074a1a7c02a3d5e34379331ce,true,③,IN_SCOPE_FORWARD,,,CLOSED_NO_SHARED_ASSET
archive/exams/original/high/h1/2mid/22_팔마고_2학기_중간_고1_기출.js|22_팔마고_2학기_중간_고1_기출|11,archive/exams/original/high/h1/2mid/22_팔마고_2학기_중간_고1_기출.js,22_팔마고_2학기_중간_고1_기출,11,11,11,2015,수학(하),H15-SB-03,함수,3,H15-SB-03-COMPOSITE_FUNCTION,합성함수,rule_inferred,complete_rule,객관식,grid,false,객관식|함수|역함수|합성함수|그래프,52755484b945caebd97f5bc78dbc0814e1707d9b1158489c97029dd75b68aa14,e93f514ab1c33b9641ce7905ba7d5fb0b9763505d7287f7c964649ea4d74edd3,0bdef091c479702584f065d3a3714f8a76f851b3f0cf10912f345a5dd930b0a8,f2a2e268450d9047694ee16c00e257a363eec0e33bea5ad741bd68e3e9eb4beb,assets/images/22_팔마고_2학기_중간_고1_기출/q11.png,9b4729ebd2c43745c0dcc2e5cca67503e272972b9d72a5809dc31157ead754fb,,,0,LOADED_VM,,NOT_STARTED,NOT_STARTED,NOT_STARTED,SVG_REQUIRED_MISSING,SVG_REQUIRED_MISSING,GRAPH_OR_FUNCTION_STRUCTURE|COORDINATE_OR_GEOMETRY_STRUCTURE,,GRAPH_CANDIDATE,PROBLEM_VISUAL_PRESENT,REVIEW_REQUIRED,NONE,NOT_STARTED,,,,NOT_STARTED,NOT_STARTED,NOT_STARTED,NOT_TESTED,PASS,canonical_and_compiled_master_match,INVENTORY_PENDING,01_scope_inventory.csv#archive/exams/original/high/h1/2mid/22_팔마고_2학기_중간_고1_기출.js|22_팔마고_2학기_중간_고1_기출|11,[object Object],INDEX_RECORD_PRESENT,original/high/h1/2mid/22_팔마고_2학기_중간_고1_기출.js_11,7fa2dd51ae27f0952c5143d94ca1fa6d86f8a60074a1a7c02a3d5e34379331ce,true,⑤,IN_SCOPE_FORWARD,,,CLOSED_NO_SHARED_ASSET
archive/exams/original/high/h1/2mid/22_팔마고_2학기_중간_고1_기출.js|22_팔마고_2학기_중간_고1_기출|12,archive/exams/original/high/h1/2mid/22_팔마고_2학기_중간_고1_기출.js,22_팔마고_2학기_중간_고1_기출,12,12,12,2015,수학(하),H15-SB-03,함수,3,H15-SB-03-INVERSE_FUNCTION,역함수,rule_inferred,complete_rule,객관식,grid,false,객관식|함수|역함수|그래프|넓이,c4d1b176af8642b436daf5550c8e7290254c050f5aab533281e252203716bf90,e5364c98123f9d9d99a52f84e175d8bc6a71a176912da2fb53c26e6d5952342c,0bdef091c479702584f065d3a3714f8a76f851b3f0cf10912f345a5dd930b0a8,6d9eda957bbf1d9d03723a2cff476f1c4d7bc359adb6f09aa571c904ac48ce4e,,,assets/images/22_팔마고_2학기_중간_고1_기출/q12-solution.svg,8dfa267798c2f47f9b1ca07c87e70a607dd2e4e2b8470479eb5f0cd68fc8da7d,0,LOADED_VM,,NOT_STARTED,NOT_STARTED,NOT_STARTED,SOURCE_REVIEW,SOURCE_REVIEW,GRAPH_OR_FUNCTION_STRUCTURE|COORDINATE_OR_GEOMETRY_STRUCTURE,,SVG,NO_PROBLEM_VISUAL,REVIEW_REQUIRED,SOLUTION_SVG,NOT_STARTED,,,a05d971127e7b252f76aa7c2b188e324d13894c032ae1e6abe438c6262f293e2,NOT_STARTED,NOT_STARTED,NOT_STARTED,NOT_TESTED,PASS,canonical_and_compiled_master_match,INVENTORY_PENDING,01_scope_inventory.csv#archive/exams/original/high/h1/2mid/22_팔마고_2학기_중간_고1_기출.js|22_팔마고_2학기_중간_고1_기출|12,[object Object],INDEX_RECORD_PRESENT,original/high/h1/2mid/22_팔마고_2학기_중간_고1_기출.js_12,7fa2dd51ae27f0952c5143d94ca1fa6d86f8a60074a1a7c02a3d5e34379331ce,true,⑤,IN_SCOPE_FORWARD,,,CLOSED_NO_SHARED_ASSET
archive/exams/original/high/h1/2mid/22_팔마고_2학기_중간_고1_기출.js|22_팔마고_2학기_중간_고1_기출|13,archive/exams/original/high/h1/2mid/22_팔마고_2학기_중간_고1_기출.js,22_팔마고_2학기_중간_고1_기출,13,13,13,2015,수학(하),H15-SB-03,함수,3,H15-SB-03-COMPOSITE_FUNCTION,합성함수,rule_inferred,complete_rule,객관식,grid,false,객관식|함수|역함수|합성함수|일차함수,c65a8fa2ec6157431f494186a1299bdc9bcec5d9344b80f2537ab2d1a3924591,11255ac9cc0201eb0d21154b075ef4f11a9d7ad8b0a393a499e1065709a3a9bd,973d2fd2f97e26a666f403b12da6d87e527985b36bcf4ff0a47c7e7e8c36321a,a39d6210c4fa70409f210eec29d1bc51f9f0536d866993dcdc1406a22a9cfe1d,,,,,0,LOADED_VM,,NOT_STARTED,NOT_STARTED,NOT_STARTED,SVG_OPTIONAL,SVG_OPTIONAL,,,NONE,NO_PROBLEM_VISUAL,N/A,NONE,NOT_STARTED,,,,NOT_STARTED,NOT_STARTED,NOT_STARTED,NOT_TESTED,PASS,canonical_and_compiled_master_match,INVENTORY_PENDING,01_scope_inventory.csv#archive/exams/original/high/h1/2mid/22_팔마고_2학기_중간_고1_기출.js|22_팔마고_2학기_중간_고1_기출|13,,INDEX_RECORD_PRESENT,original/high/h1/2mid/22_팔마고_2학기_중간_고1_기출.js_13,7fa2dd51ae27f0952c5143d94ca1fa6d86f8a60074a1a7c02a3d5e34379331ce,true,①,IN_SCOPE_FORWARD,,,CLOSED_NO_SHARED_ASSET
archive/exams/original/high/h1/2mid/22_팔마고_2학기_중간_고1_기출.js|22_팔마고_2학기_중간_고1_기출|16,archive/exams/original/high/h1/2mid/22_팔마고_2학기_중간_고1_기출.js,22_팔마고_2학기_중간_고1_기출,16,16,16,2015,수학(하),H15-SB-03,함수,3,H15-SB-03-FUNCTION_RELATION,함수의 뜻과 대응,rule_inferred,complete_rule,객관식,grid,false,객관식|함수|반복함수|그래프|주기,061715998c61f28e6bd8d2f8b72f081035efd521b1108549dd0ccf44a2de4d89,0790604a86d34f395ce454e4054fc1a2c6396a263c65588d69a6ac1342df6252,dfde05a3668030e99ca64d8d4ae5f6b64c7a87cee61c0ba43904b92ef210191d,2bee8254214d2075d800ac347bf834da532e798685b503a5e48ece9e02ba5cc3,assets/images/22_팔마고_2학기_중간_고1_기출/q16.png,28c8b9804d54297f0559dc1516ff65e2456255f58c53b4b20de15c0ba9085aa4,,,0,LOADED_VM,,NOT_STARTED,NOT_STARTED,NOT_STARTED,SVG_REQUIRED_MISSING,SVG_REQUIRED_MISSING,GRAPH_OR_FUNCTION_STRUCTURE,,GRAPH_CANDIDATE,PROBLEM_VISUAL_PRESENT,REVIEW_REQUIRED,NONE,NOT_STARTED,,,,NOT_STARTED,NOT_STARTED,NOT_STARTED,NOT_TESTED,PASS,canonical_and_compiled_master_match,INVENTORY_PENDING,01_scope_inventory.csv#archive/exams/original/high/h1/2mid/22_팔마고_2학기_중간_고1_기출.js|22_팔마고_2학기_중간_고1_기출|16,[object Object],INDEX_RECORD_PRESENT,original/high/h1/2mid/22_팔마고_2학기_중간_고1_기출.js_16,7fa2dd51ae27f0952c5143d94ca1fa6d86f8a60074a1a7c02a3d5e34379331ce,true,②,IN_SCOPE_FORWARD,,,CLOSED_NO_SHARED_ASSET
archive/exams/original/high/h1/2mid/22_팔마고_2학기_중간_고1_기출.js|22_팔마고_2학기_중간_고1_기출|17,archive/exams/original/high/h1/2mid/22_팔마고_2학기_중간_고1_기출.js,22_팔마고_2학기_중간_고1_기출,17,17,17,2015,수학(하),H15-SB-03,함수,3,H15-SB-03-INVERSE_FUNCTION,역함수,rule_inferred,complete_rule,객관식,grid,false,객관식|함수|역함수|조각함수|방정식,32cd4a26889f286984cf6c94bc3e00bcb730ed83e06b2523199c1a0d0468c4fb,256b5f65e898281c28e5422eac6e1a34f220527f835b5751617a6ead397dc389,973d2fd2f97e26a666f403b12da6d87e527985b36bcf4ff0a47c7e7e8c36321a,a8e47ded9338ff35b2c7a72473fbc9dc1a8d9a836f1e7e5da8e364f1635cdb41,,,,,0,LOADED_VM,,NOT_STARTED,NOT_STARTED,NOT_STARTED,SVG_OPTIONAL,SVG_OPTIONAL,,,NONE,NO_PROBLEM_VISUAL,N/A,NONE,NOT_STARTED,,,,NOT_STARTED,NOT_STARTED,NOT_STARTED,NOT_TESTED,PASS,canonical_and_compiled_master_match,INVENTORY_PENDING,01_scope_inventory.csv#archive/exams/original/high/h1/2mid/22_팔마고_2학기_중간_고1_기출.js|22_팔마고_2학기_중간_고1_기출|17,,INDEX_RECORD_PRESENT,original/high/h1/2mid/22_팔마고_2학기_중간_고1_기출.js_17,7fa2dd51ae27f0952c5143d94ca1fa6d86f8a60074a1a7c02a3d5e34379331ce,true,①,IN_SCOPE_FORWARD,,,CLOSED_NO_SHARED_ASSET
archive/exams/original/high/h1/2mid/22_팔마고_2학기_중간_고1_기출.js|22_팔마고_2학기_중간_고1_기출|19,archive/exams/original/high/h1/2mid/22_팔마고_2학기_중간_고1_기출.js,22_팔마고_2학기_중간_고1_기출,19,19,19,2015,수학(하),H15-SB-03,함수,3,H15-SB-03-INVERSE_FUNCTION,역함수,rule_inferred,complete_rule,단답형,grid,false,단답형|함수|역함수|일대일대응|매개변수,4965126e2430d8e67f2d3c589e5fb1f741b798425902efc3324f7f0b35f2c32c,4f53cda18c2baa0c0354bb5f9a3ecbe5ed12ab4d8e11ba873c2f11161202b945,67d957eb3821cd1d61b71fbb9b46b733395dd5ed3357f1755cd19a50480f1207,48c39a986a3b5a01b70a0e123d517c64e737d88f14faa9232668b610c0924fb9,,,,,0,LOADED_VM,,NOT_STARTED,NOT_STARTED,NOT_STARTED,SVG_REQUIRED_MISSING,SVG_REQUIRED_MISSING,GRAPH_OR_FUNCTION_STRUCTURE|COORDINATE_OR_GEOMETRY_STRUCTURE,,GRAPH_CANDIDATE,NO_PROBLEM_VISUAL,REVIEW_REQUIRED,NONE,NOT_STARTED,,,,NOT_STARTED,NOT_STARTED,NOT_STARTED,NOT_TESTED,PASS,canonical_and_compiled_master_match,INVENTORY_PENDING,01_scope_inventory.csv#archive/exams/original/high/h1/2mid/22_팔마고_2학기_중간_고1_기출.js|22_팔마고_2학기_중간_고1_기출|19,,INDEX_RECORD_PRESENT,original/high/h1/2mid/22_팔마고_2학기_중간_고1_기출.js_19,7fa2dd51ae27f0952c5143d94ca1fa6d86f8a60074a1a7c02a3d5e34379331ce,true,$19$,IN_SCOPE_FORWARD,,,CLOSED_NO_SHARED_ASSET
archive/exams/original/high/h1/2mid/22_팔마고_2학기_중간_고1_기출.js|22_팔마고_2학기_중간_고1_기출|22,archive/exams/original/high/h1/2mid/22_팔마고_2학기_중간_고1_기출.js,22_팔마고_2학기_중간_고1_기출,22,22,22,2015,수학(하),H15-SB-03,함수,3,H15-SB-03-INVERSE_FUNCTION,역함수,rule_inferred,complete_rule,서술형,grid,false,서술형|함수|역함수|이차함수|교점|매개변수|그래프,c2b2d65f76ff5a91c5b8103417daa0fc800f5c0c69ac4d45291a0fb71f592592,4f53cda18c2baa0c0354bb5f9a3ecbe5ed12ab4d8e11ba873c2f11161202b945,ebcade15cc83d11841082fad1fb2e21f208009c3c15ccddf6c01f804be7d95b8,72b2dbaf5c8deec75480f148a446ceb7d9715daaebc8640f5673dbafd7182763,,,assets/images/22_팔마고_2학기_중간_고1_기출/q22-solution.svg,aab32952e415d9c666f00e8996917885fee718534c271b4f4f1b64c9ab2f2f66,0,LOADED_VM,,NOT_STARTED,NOT_STARTED,NOT_STARTED,SOURCE_REVIEW,SOURCE_REVIEW,GRAPH_OR_FUNCTION_STRUCTURE|SET_OR_LOGIC_STRUCTURE,,SVG,NO_PROBLEM_VISUAL,REVIEW_REQUIRED,SOLUTION_SVG,NOT_STARTED,,,0bf32734ef910fbdd8586e2e38fcb63299a20db0db54da98055e218f7b20c704,NOT_STARTED,NOT_STARTED,NOT_STARTED,NOT_TESTED,PASS,canonical_and_compiled_master_match,INVENTORY_PENDING,01_scope_inventory.csv#archive/exams/original/high/h1/2mid/22_팔마고_2학기_중간_고1_기출.js|22_팔마고_2학기_중간_고1_기출|22,[object Object],INDEX_RECORD_PRESENT,original/high/h1/2mid/22_팔마고_2학기_중간_고1_기출.js_22,7fa2dd51ae27f0952c5143d94ca1fa6d86f8a60074a1a7c02a3d5e34379331ce,true,$2\le k\lt\dfrac{9}{4}$,IN_SCOPE_FORWARD,,,CLOSED_NO_SHARED_ASSET
archive/exams/original/high/h1/2mid/22_효천고_2학기_중간_고1_기출.js|22_효천고_2학기_중간_고1_기출|3,archive/exams/original/high/h1/2mid/22_효천고_2학기_중간_고1_기출.js,22_효천고_2학기_중간_고1_기출,3,3,3,2015,수학(하),H15-SB-03,함수,3,H15-SB-03-FUNCTION_RELATION,함수의 뜻과 대응,rule_inferred,complete_rule,객관식,grid,false,객관식|함수|그래프|수직선판정,da63a3d9a99fd40889dc323bedd602a7872f5fcf9a2f48936fc835a6dc1d1ba9,f0fe7a77a17aad0c53993ce7ddb1c9c397a846f6b723f4519ff892a2757bdbaa,d41ea6521f53fb3dfa10cf72e2932f4405d9c999fa422cdc840d25d57e90dd34,df1d1f1afba7278eef7c65320724129e0b3f20577ed4ff5af5b7f0d7b2c9ddd1,assets/images/22_효천고_2학기_중간_고1_기출/q03.png,8cd0815f68e4c3aca313eff36d14a1fd88f8d8c37195a7fcc3d6ae7fd4a93e31,,,0,LOADED_VM,,NOT_STARTED,NOT_STARTED,NOT_STARTED,SVG_REQUIRED_MISSING,SVG_REQUIRED_MISSING,GRAPH_OR_FUNCTION_STRUCTURE|COORDINATE_OR_GEOMETRY_STRUCTURE|SET_OR_LOGIC_STRUCTURE,,GRAPH_CANDIDATE,PROBLEM_VISUAL_PRESENT,REVIEW_REQUIRED,NONE,NOT_STARTED,,,,NOT_STARTED,NOT_STARTED,NOT_STARTED,NOT_TESTED,PASS,canonical_and_compiled_master_match,INVENTORY_PENDING,01_scope_inventory.csv#archive/exams/original/high/h1/2mid/22_효천고_2학기_중간_고1_기출.js|22_효천고_2학기_중간_고1_기출|3,[object Object],INDEX_RECORD_PRESENT,original/high/h1/2mid/22_효천고_2학기_중간_고1_기출.js_3,622d32dae678317c21b52adc0f48b514d063b900e6a588faa2be5d41a5d2f078,true,④,IN_SCOPE_FORWARD,,,CLOSED_NO_SHARED_ASSET
archive/exams/original/high/h1/2mid/22_효천고_2학기_중간_고1_기출.js|22_효천고_2학기_중간_고1_기출|4,archive/exams/original/high/h1/2mid/22_효천고_2학기_중간_고1_기출.js,22_효천고_2학기_중간_고1_기출,4,4,4,2015,수학(하),H15-SB-03,함수,3,H15-SB-03-FUNCTION_RELATION,함수의 뜻과 대응,rule_inferred,complete_rule,객관식,grid,false,객관식|함수|상수함수|함숫값,3e8588d4955c3f42dd2860acbf4c5d921a56436d23f50b5fb2eacd41742fd909,c813eac1628ca68938c9e9736d71ec51783128e8c53c94d6834d8d1ee49ca31d,b15be6cb71072b84f7e1e198ce023fc5bb8b1e625335904ddcf3cffcd8b7312b,aaaee7776474a1e44c32de96d308a33fcb167fda78a4d05a3457a76d42f481b2,,,,,0,LOADED_VM,,NOT_STARTED,NOT_STARTED,NOT_STARTED,SVG_REQUIRED_MISSING,SVG_REQUIRED_MISSING,GRAPH_OR_FUNCTION_STRUCTURE|SET_OR_LOGIC_STRUCTURE,,GRAPH_CANDIDATE,NO_PROBLEM_VISUAL,REVIEW_REQUIRED,NONE,NOT_STARTED,,,,NOT_STARTED,NOT_STARTED,NOT_STARTED,NOT_TESTED,PASS,canonical_and_compiled_master_match,INVENTORY_PENDING,01_scope_inventory.csv#archive/exams/original/high/h1/2mid/22_효천고_2학기_중간_고1_기출.js|22_효천고_2학기_중간_고1_기출|4,,INDEX_RECORD_PRESENT,original/high/h1/2mid/22_효천고_2학기_중간_고1_기출.js_4,622d32dae678317c21b52adc0f48b514d063b900e6a588faa2be5d41a5d2f078,true,③,IN_SCOPE_FORWARD,,,CLOSED_NO_SHARED_ASSET
archive/exams/original/high/h1/2mid/22_효천고_2학기_중간_고1_기출.js|22_효천고_2학기_중간_고1_기출|6,archive/exams/original/high/h1/2mid/22_효천고_2학기_중간_고1_기출.js,22_효천고_2학기_중간_고1_기출,6,6,6,2015,수학(하),H15-SB-03,함수,3,H15-SB-03-COMPOSITE_FUNCTION,합성함수,rule_inferred,complete_rule,객관식,grid,false,객관식|함수|합성함수|반복합성,54bc00a60c3659afa7717627dc1f9d5e93a4adff325342368aafb9e9b67d2213,92b004d0a093289d32a8170527bff172d150991da870c949d8f7c4a1a695461a,dfde05a3668030e99ca64d8d4ae5f6b64c7a87cee61c0ba43904b92ef210191d,880bc55cb1e5bfbae16a4a73bbbe5739f848807ba868424674db277cb868cb3f,,,,,0,LOADED_VM,,NOT_STARTED,NOT_STARTED,NOT_STARTED,SVG_OPTIONAL,SVG_OPTIONAL,,,NONE,NO_PROBLEM_VISUAL,N/A,NONE,NOT_STARTED,,,,NOT_STARTED,NOT_STARTED,NOT_STARTED,NOT_TESTED,PASS,canonical_and_compiled_master_match,INVENTORY_PENDING,01_scope_inventory.csv#archive/exams/original/high/h1/2mid/22_효천고_2학기_중간_고1_기출.js|22_효천고_2학기_중간_고1_기출|6,,INDEX_RECORD_PRESENT,original/high/h1/2mid/22_효천고_2학기_중간_고1_기출.js_6,622d32dae678317c21b52adc0f48b514d063b900e6a588faa2be5d41a5d2f078,true,②,IN_SCOPE_FORWARD,,,CLOSED_NO_SHARED_ASSET
archive/exams/original/high/h1/2mid/22_효천고_2학기_중간_고1_기출.js|22_효천고_2학기_중간_고1_기출|7,archive/exams/original/high/h1/2mid/22_효천고_2학기_중간_고1_기출.js,22_효천고_2학기_중간_고1_기출,7,7,7,2015,수학(하),H15-SB-03,함수,3,H15-SB-03-FUNCTION_RELATION,함수의 뜻과 대응,rule_inferred,complete_rule,객관식,grid,false,객관식|함수|일대일대응|구간별함수|매개변수,02bd1e66605678999f18774a4fd896c6501d757d4bfa081dd8851580b47602aa,04b23c512e674254b36a6bf892e68dbe758ef760b53c2ced11124478ed4c2b27,973d2fd2f97e26a666f403b12da6d87e527985b36bcf4ff0a47c7e7e8c36321a,aa6ed01293c233db2491acf860dc03fcfca4ab7234e8eb0ff5b45af6b6eb2d95,,,,,0,LOADED_VM,,NOT_STARTED,NOT_STARTED,NOT_STARTED,SVG_REQUIRED_MISSING,SVG_REQUIRED_MISSING,GRAPH_OR_FUNCTION_STRUCTURE|SET_OR_LOGIC_STRUCTURE,,GRAPH_CANDIDATE,NO_PROBLEM_VISUAL,REVIEW_REQUIRED,NONE,NOT_STARTED,,,,NOT_STARTED,NOT_STARTED,NOT_STARTED,NOT_TESTED,PASS,canonical_and_compiled_master_match,INVENTORY_PENDING,01_scope_inventory.csv#archive/exams/original/high/h1/2mid/22_효천고_2학기_중간_고1_기출.js|22_효천고_2학기_중간_고1_기출|7,,INDEX_RECORD_PRESENT,original/high/h1/2mid/22_효천고_2학기_중간_고1_기출.js_7,622d32dae678317c21b52adc0f48b514d063b900e6a588faa2be5d41a5d2f078,true,①,IN_SCOPE_FORWARD,,,CLOSED_NO_SHARED_ASSET
archive/exams/original/high/h1/2mid/22_효천고_2학기_중간_고1_기출.js|22_효천고_2학기_중간_고1_기출|8,archive/exams/original/high/h1/2mid/22_효천고_2학기_중간_고1_기출.js,22_효천고_2학기_중간_고1_기출,8,8,8,2015,수학(하),H15-SB-03,함수,3,H15-SB-03-COMPOSITE_FUNCTION,합성함수,rule_inferred,complete_rule,객관식,grid,false,객관식|함수|합성함수|교환법칙|일차함수,5fd9ae16c93f9aabc7bbfc60a1c3191de770b163c63064ddd9344bda360f1d29,ff782081a4cc25de5ebd8fdb3b10e93e0a2a8b181fb4cabb15c6d4c8f83c7224,b15be6cb71072b84f7e1e198ce023fc5bb8b1e625335904ddcf3cffcd8b7312b,49bf491a9073b42cbbd5883795f35856e78b7f22b64f41d9961caaa785d93f4b,,,,,0,LOADED_VM,,NOT_STARTED,NOT_STARTED,NOT_STARTED,SVG_OPTIONAL,SVG_OPTIONAL,,,NONE,NO_PROBLEM_VISUAL,N/A,NONE,NOT_STARTED,,,,NOT_STARTED,NOT_STARTED,NOT_STARTED,NOT_TESTED,PASS,canonical_and_compiled_master_match,INVENTORY_PENDING,01_scope_inventory.csv#archive/exams/original/high/h1/2mid/22_효천고_2학기_중간_고1_기출.js|22_효천고_2학기_중간_고1_기출|8,,INDEX_RECORD_PRESENT,original/high/h1/2mid/22_효천고_2학기_중간_고1_기출.js_8,622d32dae678317c21b52adc0f48b514d063b900e6a588faa2be5d41a5d2f078,true,③,IN_SCOPE_FORWARD,,,CLOSED_NO_SHARED_ASSET
archive/exams/original/high/h1/2mid/22_효천고_2학기_중간_고1_기출.js|22_효천고_2학기_중간_고1_기출|16,archive/exams/original/high/h1/2mid/22_효천고_2학기_중간_고1_기출.js,22_효천고_2학기_중간_고1_기출,16,16,16,2015,수학(하),H15-SB-03,함수,3,H15-SB-03-COMPOSITE_FUNCTION,합성함수,rule_inferred,complete_rule,객관식,grid,false,객관식|함수|함수방정식|연립방정식|합성함수,355e514adcd452ed53e16008ebde7e7473d43f190bddeec288b0cdd3786e458b,0562eec43616d95c194eaa91eaf5978ee754f7cc65e2ca2c9706143414bf9cf3,973d2fd2f97e26a666f403b12da6d87e527985b36bcf4ff0a47c7e7e8c36321a,32cc231fc1dd5e7b2f3a5d5a2350a0c57451e0942d27e1090f66a14e2daf9554,,,,,0,LOADED_VM,,NOT_STARTED,NOT_STARTED,NOT_STARTED,SVG_OPTIONAL,SVG_OPTIONAL,,,NONE,NO_PROBLEM_VISUAL,N/A,NONE,NOT_STARTED,,,,NOT_STARTED,NOT_STARTED,NOT_STARTED,NOT_TESTED,PASS,canonical_and_compiled_master_match,INVENTORY_PENDING,01_scope_inventory.csv#archive/exams/original/high/h1/2mid/22_효천고_2학기_중간_고1_기출.js|22_효천고_2학기_중간_고1_기출|16,,INDEX_RECORD_PRESENT,original/high/h1/2mid/22_효천고_2학기_중간_고1_기출.js_16,622d32dae678317c21b52adc0f48b514d063b900e6a588faa2be5d41a5d2f078,true,①,IN_SCOPE_FORWARD,,,CLOSED_NO_SHARED_ASSET
archive/exams/original/high/h1/2mid/22_효천고_2학기_중간_고1_기출.js|22_효천고_2학기_중간_고1_기출|19,archive/exams/original/high/h1/2mid/22_효천고_2학기_중간_고1_기출.js,22_효천고_2학기_중간_고1_기출,19,19,19,2015,수학(하),H15-SB-03,함수,3,H15-SB-03-FUNCTION_RELATION,함수의 뜻과 대응,rule_inferred,complete_rule,서술형,grid,false,서술형|함수|상수함수|항등함수|일대일대응,71304b197fb1fd0870248f6b1f29dbe8ee0a99c34195c40951cc4e884d18404a,4f53cda18c2baa0c0354bb5f9a3ecbe5ed12ab4d8e11ba873c2f11161202b945,84ee7e6d033295605cd45780b6417783a05c107d6fb0155e09495355cb8377dd,4babe8ed6a2cff9bde1296b1001440549a73bd03e1a4c1ed3447f9e513219cc4,,,,,0,LOADED_VM,,NOT_STARTED,NOT_STARTED,NOT_STARTED,SVG_REQUIRED_MISSING,SVG_REQUIRED_MISSING,SET_OR_LOGIC_STRUCTURE,,VISUAL_CANDIDATE,NO_PROBLEM_VISUAL,SCHEMATIC_OR_REVIEW,NONE,NOT_STARTED,,,,NOT_STARTED,NOT_STARTED,NOT_STARTED,NOT_TESTED,PASS,canonical_and_compiled_master_match,INVENTORY_PENDING,01_scope_inventory.csv#archive/exams/original/high/h1/2mid/22_효천고_2학기_중간_고1_기출.js|22_효천고_2학기_중간_고1_기출|19,,INDEX_RECORD_PRESENT,original/high/h1/2mid/22_효천고_2학기_중간_고1_기출.js_19,622d32dae678317c21b52adc0f48b514d063b900e6a588faa2be5d41a5d2f078,true,$6$,IN_SCOPE_FORWARD,,,CLOSED_NO_SHARED_ASSET
archive/exams/original/high/h1/2mid/22_효천고_2학기_중간_고1_기출.js|22_효천고_2학기_중간_고1_기출|22,archive/exams/original/high/h1/2mid/22_효천고_2학기_중간_고1_기출.js,22_효천고_2학기_중간_고1_기출,22,22,22,2015,수학(하),H15-SB-03,함수,3,H15-SB-03-FUNCTION_RELATION,함수의 뜻과 대응,rule_inferred,complete_rule,서술형,grid,false,서술형|함수|절댓값함수|교점의개수|그래프,ec63d41de07e0727580d49e78304157bbd137b97710bc5caa29a2838b521a204,4f53cda18c2baa0c0354bb5f9a3ecbe5ed12ab4d8e11ba873c2f11161202b945,296bdab94ebe4076c92d64bed882328b0c3c15726d9db45d581bdab7125aa501,805802da3368d050fc4df7fd4a5a10be21b9118b9895c5393a32882fe71c6cfd,,,assets/images/22_효천고_2학기_중간_고1_기출/q22-solution.svg,058437c2485f72068789497248afab30c68b01f7bc2d38af939016548d3b4489,0,LOADED_VM,,NOT_STARTED,NOT_STARTED,NOT_STARTED,SOURCE_REVIEW,SOURCE_REVIEW,GRAPH_OR_FUNCTION_STRUCTURE|COORDINATE_OR_GEOMETRY_STRUCTURE|SET_OR_LOGIC_STRUCTURE,,SVG,NO_PROBLEM_VISUAL,REVIEW_REQUIRED,SOLUTION_SVG,NOT_STARTED,,,aabe9dd65fcb9d309531150751bb0546aa5e28465d0f8d53b4b196f75f555e1d,NOT_STARTED,NOT_STARTED,NOT_STARTED,NOT_TESTED,PASS,canonical_and_compiled_master_match,INVENTORY_PENDING,01_scope_inventory.csv#archive/exams/original/high/h1/2mid/22_효천고_2학기_중간_고1_기출.js|22_효천고_2학기_중간_고1_기출|22,[object Object],INDEX_RECORD_PRESENT,original/high/h1/2mid/22_효천고_2학기_중간_고1_기출.js_22,622d32dae678317c21b52adc0f48b514d063b900e6a588faa2be5d41a5d2f078,true,$a=5$,IN_SCOPE_FORWARD,,,CLOSED_NO_SHARED_ASSET
archive/exams/original/high/h1/2mid/23_강남여고_2학기_중간_고1_기출.js|23_강남여고_2학기_중간_고1_기출|7,archive/exams/original/high/h1/2mid/23_강남여고_2학기_중간_고1_기출.js,23_강남여고_2학기_중간_고1_기출,7,7,7,2015,수학(하),H15-SB-03,함수,3,H15-SB-03-FUNCTION_RELATION,함수의 뜻과 대응,rule_inferred,complete_rule,객관식,grid,false,객관식|함수|정의역|공역|치역|대응|도형,f8a560c2de8c212952c2f9b40dc04c52770f306f37b4a7444b4a8bb854de867f,1351c0874edfad826e61d24f03ab44279579c6b2aa5295604031c5cba8ab3dda,0bdef091c479702584f065d3a3714f8a76f851b3f0cf10912f345a5dd930b0a8,ade19741dbbaa14910449a271dff425f6982e18fa486f57a6f6ffb4a999401f1,assets/images/23_강남여고_2학기_중간_고1_기출/q07.png,d6336b96fb0aa7b6ee680851449ca0b13fdc3e2c5569c1b12ee8aa2dfedf92eb,,,0,LOADED_VM,,NOT_STARTED,NOT_STARTED,NOT_STARTED,SVG_REQUIRED_MISSING,SVG_REQUIRED_MISSING,GRAPH_OR_FUNCTION_STRUCTURE|COORDINATE_OR_GEOMETRY_STRUCTURE|SET_OR_LOGIC_STRUCTURE,,GRAPH_CANDIDATE,PROBLEM_VISUAL_PRESENT,REVIEW_REQUIRED,NONE,NOT_STARTED,,,,NOT_STARTED,NOT_STARTED,NOT_STARTED,NOT_TESTED,PASS,canonical_and_compiled_master_match,INVENTORY_PENDING,01_scope_inventory.csv#archive/exams/original/high/h1/2mid/23_강남여고_2학기_중간_고1_기출.js|23_강남여고_2학기_중간_고1_기출|7,[object Object],INDEX_RECORD_PRESENT,original/high/h1/2mid/23_강남여고_2학기_중간_고1_기출.js_7,79c4f8b7ed999ce46a808b65e0c481a5bb6bce5443b49e62642ff065c1735e6d,true,⑤,IN_SCOPE_FORWARD,,,CLOSED_NO_SHARED_ASSET
archive/exams/original/high/h1/2mid/23_강남여고_2학기_중간_고1_기출.js|23_강남여고_2학기_중간_고1_기출|8,archive/exams/original/high/h1/2mid/23_강남여고_2학기_중간_고1_기출.js,23_강남여고_2학기_중간_고1_기출,8,8,8,2015,수학(하),H15-SB-03,함수,3,H15-SB-03-FUNCTION_RELATION,함수의 뜻과 대응,rule_inferred,complete_rule,객관식,grid,false,객관식|함수|항등함수|함숫값,f77d3b8a5d6f62c1f6d24779139492e145d8c07af5574737cd7a5b6b4b49dbd7,6617f47efb81e545c11672f917123da8ac8b6453d5e65cb0e784d68a74c6a148,b15be6cb71072b84f7e1e198ce023fc5bb8b1e625335904ddcf3cffcd8b7312b,f96daf705863b21e0835255bfa679c95b358caff284c2930d4a74d7da129fb81,,,,,0,LOADED_VM,,NOT_STARTED,NOT_STARTED,NOT_STARTED,SVG_REQUIRED_MISSING,SVG_REQUIRED_MISSING,SET_OR_LOGIC_STRUCTURE,,VISUAL_CANDIDATE,NO_PROBLEM_VISUAL,SCHEMATIC_OR_REVIEW,NONE,NOT_STARTED,,,,NOT_STARTED,NOT_STARTED,NOT_STARTED,NOT_TESTED,PASS,canonical_and_compiled_master_match,INVENTORY_PENDING,01_scope_inventory.csv#archive/exams/original/high/h1/2mid/23_강남여고_2학기_중간_고1_기출.js|23_강남여고_2학기_중간_고1_기출|8,,INDEX_RECORD_PRESENT,original/high/h1/2mid/23_강남여고_2학기_중간_고1_기출.js_8,79c4f8b7ed999ce46a808b65e0c481a5bb6bce5443b49e62642ff065c1735e6d,true,③,IN_SCOPE_FORWARD,,,CLOSED_NO_SHARED_ASSET
archive/exams/original/high/h1/2mid/23_강남여고_2학기_중간_고1_기출.js|23_강남여고_2학기_중간_고1_기출|9,archive/exams/original/high/h1/2mid/23_강남여고_2학기_중간_고1_기출.js,23_강남여고_2학기_중간_고1_기출,9,9,9,2015,수학(하),H15-SB-03,함수,3,H15-SB-03-COMPOSITE_FUNCTION,합성함수,rule_inferred,complete_rule,객관식,grid,false,객관식|함수|합성함수|대응|도형,059989d8e35a57c6c09d4cfd945753cd4320ac41d962df7ee28f96c71eecb37b,c63a99e99b4d1966102d59e15edb2ee6218ea5f54e943e480438e7cf6dbc3922,d41ea6521f53fb3dfa10cf72e2932f4405d9c999fa422cdc840d25d57e90dd34,2be1a62aa5c348e927cdc39143f8099a007142f260c81e868cf284929ac762b5,assets/images/23_강남여고_2학기_중간_고1_기출/q09.png,ddc326034ac8562c4b645c0091f1982d4fa76a89bc930b7a15517afa0fe110cf,,,0,LOADED_VM,,NOT_STARTED,NOT_STARTED,NOT_STARTED,SVG_REQUIRED_MISSING,SVG_REQUIRED_MISSING,COORDINATE_OR_GEOMETRY_STRUCTURE|SET_OR_LOGIC_STRUCTURE|TABLE_OR_MATRIX_STRUCTURE,,VISUAL_CANDIDATE,PROBLEM_VISUAL_PRESENT,REVIEW_REQUIRED,NONE,NOT_STARTED,,,,NOT_STARTED,NOT_STARTED,NOT_STARTED,NOT_TESTED,PASS,canonical_and_compiled_master_match,INVENTORY_PENDING,01_scope_inventory.csv#archive/exams/original/high/h1/2mid/23_강남여고_2학기_중간_고1_기출.js|23_강남여고_2학기_중간_고1_기출|9,[object Object],INDEX_RECORD_PRESENT,original/high/h1/2mid/23_강남여고_2학기_중간_고1_기출.js_9,79c4f8b7ed999ce46a808b65e0c481a5bb6bce5443b49e62642ff065c1735e6d,true,④,IN_SCOPE_FORWARD,,,CLOSED_NO_SHARED_ASSET
archive/exams/original/high/h1/2mid/23_강남여고_2학기_중간_고1_기출.js|23_강남여고_2학기_중간_고1_기출|10,archive/exams/original/high/h1/2mid/23_강남여고_2학기_중간_고1_기출.js,23_강남여고_2학기_중간_고1_기출,10,10,10,2015,수학(하),H15-SB-03,함수,3,H15-SB-03-INVERSE_FUNCTION,역함수,rule_inferred,complete_rule,객관식,grid,false,객관식|함수|역함수|일차함수,7c4c6556e06a5a598b222399418fb12071c06d51afdd5aa04b6496af86db5c1f,089e9ad75d1e53f0176287410930641bc497a7ce15eaf881f7096b9eb287d699,973d2fd2f97e26a666f403b12da6d87e527985b36bcf4ff0a47c7e7e8c36321a,f27d7e986f2cd0684d98be4d207d91aedbba0babcb14bca13fdefb193802b133,,,,,0,LOADED_VM,,NOT_STARTED,NOT_STARTED,NOT_STARTED,SVG_REQUIRED_MISSING,SVG_REQUIRED_MISSING,GRAPH_OR_FUNCTION_STRUCTURE,,GRAPH_CANDIDATE,NO_PROBLEM_VISUAL,REVIEW_REQUIRED,NONE,NOT_STARTED,,,,NOT_STARTED,NOT_STARTED,NOT_STARTED,NOT_TESTED,PASS,canonical_and_compiled_master_match,INVENTORY_PENDING,01_scope_inventory.csv#archive/exams/original/high/h1/2mid/23_강남여고_2학기_중간_고1_기출.js|23_강남여고_2학기_중간_고1_기출|10,,INDEX_RECORD_PRESENT,original/high/h1/2mid/23_강남여고_2학기_중간_고1_기출.js_10,79c4f8b7ed999ce46a808b65e0c481a5bb6bce5443b49e62642ff065c1735e6d,true,①,IN_SCOPE_FORWARD,,,CLOSED_NO_SHARED_ASSET
archive/exams/original/high/h1/2mid/23_강남여고_2학기_중간_고1_기출.js|23_강남여고_2학기_중간_고1_기출|14,archive/exams/original/high/h1/2mid/23_강남여고_2학기_중간_고1_기출.js,23_강남여고_2학기_중간_고1_기출,14,14,14,2015,수학(하),H15-SB-03,함수,3,H15-SB-03-COMPOSITE_FUNCTION,합성함수,rule_inferred,complete_rule,객관식,grid,false,객관식|함수|합성함수|반복합성|대응|도형,4382b6971031ee1a5ba95984f8c0112ac04aae35a42e0a0302c29fd86009a649,e0a2d515b9432b7ce272fe4d09d2234810d327b803650316fda86b74a012a5e6,0bdef091c479702584f065d3a3714f8a76f851b3f0cf10912f345a5dd930b0a8,85ea4f3b1ceee55a940980e95a52c26b79d9799a17bdc811e9b5cb2a0aafe009,assets/images/23_강남여고_2학기_중간_고1_기출/q14.png,80cbd5bd5fc05b224235875c99cb0ead555cfc9a4441b37494f41a144c9e2bcd,,,0,LOADED_VM,,NOT_STARTED,NOT_STARTED,NOT_STARTED,SVG_REQUIRED_MISSING,SVG_REQUIRED_MISSING,COORDINATE_OR_GEOMETRY_STRUCTURE|SET_OR_LOGIC_STRUCTURE,,VISUAL_CANDIDATE,PROBLEM_VISUAL_PRESENT,REVIEW_REQUIRED,NONE,NOT_STARTED,,,,NOT_STARTED,NOT_STARTED,NOT_STARTED,NOT_TESTED,PASS,canonical_and_compiled_master_match,INVENTORY_PENDING,01_scope_inventory.csv#archive/exams/original/high/h1/2mid/23_강남여고_2학기_중간_고1_기출.js|23_강남여고_2학기_중간_고1_기출|14,[object Object],INDEX_RECORD_PRESENT,original/high/h1/2mid/23_강남여고_2학기_중간_고1_기출.js_14,79c4f8b7ed999ce46a808b65e0c481a5bb6bce5443b49e62642ff065c1735e6d,true,⑤,IN_SCOPE_FORWARD,,,CLOSED_NO_SHARED_ASSET
archive/exams/original/high/h1/2mid/23_강남여고_2학기_중간_고1_기출.js|23_강남여고_2학기_중간_고1_기출|18,archive/exams/original/high/h1/2mid/23_강남여고_2학기_중간_고1_기출.js,23_강남여고_2학기_중간_고1_기출,18,18,18,2015,수학(하),H15-SB-03,함수,3,H15-SB-03-COMPOSITE_FUNCTION,합성함수,rule_inferred,complete_rule,객관식,grid,false,객관식|함수|일대일대응|합성함수|역함수,3f5aefd477e9b44ac6a576e43fe646f03913f167c5ed73bf97932f9d486b1617,a542e66ad81f031f8f5d3e15cfe9e984acaa339ba072265d7d3ec072665042a9,d41ea6521f53fb3dfa10cf72e2932f4405d9c999fa422cdc840d25d57e90dd34,36d84f8b9f34e2335d086481e4f9f2e9842d2b144ee41ca9b29c278644a1ca4c,,,,,0,LOADED_VM,,NOT_STARTED,NOT_STARTED,NOT_STARTED,SVG_REQUIRED_MISSING,SVG_REQUIRED_MISSING,SET_OR_LOGIC_STRUCTURE,,VISUAL_CANDIDATE,NO_PROBLEM_VISUAL,SCHEMATIC_OR_REVIEW,NONE,NOT_STARTED,,,,NOT_STARTED,NOT_STARTED,NOT_STARTED,NOT_TESTED,PASS,canonical_and_compiled_master_match,INVENTORY_PENDING,01_scope_inventory.csv#archive/exams/original/high/h1/2mid/23_강남여고_2학기_중간_고1_기출.js|23_강남여고_2학기_중간_고1_기출|18,,INDEX_RECORD_PRESENT,original/high/h1/2mid/23_강남여고_2학기_중간_고1_기출.js_18,79c4f8b7ed999ce46a808b65e0c481a5bb6bce5443b49e62642ff065c1735e6d,true,④,IN_SCOPE_FORWARD,,,CLOSED_NO_SHARED_ASSET
archive/exams/original/high/h1/2mid/23_강남여고_2학기_중간_고1_기출.js|23_강남여고_2학기_중간_고1_기출|19,archive/exams/original/high/h1/2mid/23_강남여고_2학기_중간_고1_기출.js,23_강남여고_2학기_중간_고1_기출,19,19,19,2015,수학(하),H15-SB-03,함수,3,H15-SB-03-COMPOSITE_FUNCTION,합성함수,rule_inferred,complete_rule,객관식,grid,false,객관식|함수|합성함수|구간별함수,450132fe0e7fa5c320b0a4059794de5ff90e2f5c40406fa1f10823fcdf00d928,9ad4491a02e9a7f576a1ba6cb50252988d97b731331715189393ffa24dee55e0,973d2fd2f97e26a666f403b12da6d87e527985b36bcf4ff0a47c7e7e8c36321a,cc3cb0cab6e9d0c3921d39aa90249f7d9b498b1edb151af777cdc71ecac35674,,,,,0,LOADED_VM,,NOT_STARTED,NOT_STARTED,NOT_STARTED,SVG_OPTIONAL,SVG_OPTIONAL,,,NONE,NO_PROBLEM_VISUAL,N/A,NONE,NOT_STARTED,,,,NOT_STARTED,NOT_STARTED,NOT_STARTED,NOT_TESTED,PASS,canonical_and_compiled_master_match,INVENTORY_PENDING,01_scope_inventory.csv#archive/exams/original/high/h1/2mid/23_강남여고_2학기_중간_고1_기출.js|23_강남여고_2학기_중간_고1_기출|19,,INDEX_RECORD_PRESENT,original/high/h1/2mid/23_강남여고_2학기_중간_고1_기출.js_19,79c4f8b7ed999ce46a808b65e0c481a5bb6bce5443b49e62642ff065c1735e6d,true,①,IN_SCOPE_FORWARD,,,CLOSED_NO_SHARED_ASSET
archive/exams/original/high/h1/2mid/23_강남여고_2학기_중간_고1_기출.js|23_강남여고_2학기_중간_고1_기출|20,archive/exams/original/high/h1/2mid/23_강남여고_2학기_중간_고1_기출.js,23_강남여고_2학기_중간_고1_기출,20,20,20,2015,수학(하),H15-SB-03,함수,3,H15-SB-03-INVERSE_FUNCTION,역함수,rule_inferred,complete_rule,객관식,grid,false,객관식|함수|역함수|구간별함수|그래프|넓이,86e5ddd1f4340f220a6027de79aa545dfe285b7b5260642ed35a0e110f028e66,271b4735bff1af8fdf829ea63649874bd1f90d166b916f7598eed17749d55b0e,b15be6cb71072b84f7e1e198ce023fc5bb8b1e625335904ddcf3cffcd8b7312b,66a8d8a32c31e14d4b7e90a592e4a068332614fe2918a3d1ee99795623500b41,assets/images/23_강남여고_2학기_중간_고1_기출/q20.png,a1ea539dbb87a9781f1fb26aa1459e817a21153558ca6e505d86fcedc5bc00c0,,,0,LOADED_VM,,NOT_STARTED,NOT_STARTED,NOT_STARTED,SVG_REQUIRED_MISSING,SVG_REQUIRED_MISSING,GRAPH_OR_FUNCTION_STRUCTURE|COORDINATE_OR_GEOMETRY_STRUCTURE|TABLE_OR_MATRIX_STRUCTURE,,GRAPH_CANDIDATE,PROBLEM_VISUAL_PRESENT,REVIEW_REQUIRED,NONE,NOT_STARTED,,,,NOT_STARTED,NOT_STARTED,NOT_STARTED,NOT_TESTED,PASS,canonical_and_compiled_master_match,INVENTORY_PENDING,01_scope_inventory.csv#archive/exams/original/high/h1/2mid/23_강남여고_2학기_중간_고1_기출.js|23_강남여고_2학기_중간_고1_기출|20,[object Object],INDEX_RECORD_PRESENT,original/high/h1/2mid/23_강남여고_2학기_중간_고1_기출.js_20,79c4f8b7ed999ce46a808b65e0c481a5bb6bce5443b49e62642ff065c1735e6d,true,③,IN_SCOPE_FORWARD,,,CLOSED_NO_SHARED_ASSET
archive/exams/original/high/h1/2mid/23_강남여고_2학기_중간_고1_기출.js|23_강남여고_2학기_중간_고1_기출|23,archive/exams/original/high/h1/2mid/23_강남여고_2학기_중간_고1_기출.js,23_강남여고_2학기_중간_고1_기출,23,23,23,2015,수학(하),H15-SB-03,함수,3,H15-SB-03-COMPOSITE_FUNCTION,합성함수,rule_inferred,complete_rule,서술형,grid,false,서술형|함수|함수방정식|합성법칙|함숫값,809145d8ddb9a41df2e1334baff332bec9b4c9de439025d98929c66c9980958f,4f53cda18c2baa0c0354bb5f9a3ecbe5ed12ab4d8e11ba873c2f11161202b945,129502071edb7786617c527000b36935af8226d6254ca1bfa75514345e4225c4,66bfdfbefc72f53037afa546c71c91406e52fca1f8865eab38cabc647830bd67,,,,,0,LOADED_VM,,NOT_STARTED,NOT_STARTED,NOT_STARTED,SVG_OPTIONAL,SVG_OPTIONAL,,,NONE,NO_PROBLEM_VISUAL,N/A,NONE,NOT_STARTED,,,,NOT_STARTED,NOT_STARTED,NOT_STARTED,NOT_TESTED,PASS,canonical_and_compiled_master_match,INVENTORY_PENDING,01_scope_inventory.csv#archive/exams/original/high/h1/2mid/23_강남여고_2학기_중간_고1_기출.js|23_강남여고_2학기_중간_고1_기출|23,,INDEX_RECORD_PRESENT,original/high/h1/2mid/23_강남여고_2학기_중간_고1_기출.js_23,79c4f8b7ed999ce46a808b65e0c481a5bb6bce5443b49e62642ff065c1735e6d,true,$15$,IN_SCOPE_FORWARD,,,CLOSED_NO_SHARED_ASSET
archive/exams/original/high/h1/2mid/23_매산여고_2학기_중간_고1_기출.js|23_매산여고_2학기_중간_고1_기출|13,archive/exams/original/high/h1/2mid/23_매산여고_2학기_중간_고1_기출.js,23_매산여고_2학기_중간_고1_기출,13,13,13,2015,수학(하),H15-SB-03,함수,3,,,,,객관식,grid,false,객관식|함수|일대일대응|치역|구간,5dba737d6808d1ca096095fec282f86c86c196eaa334b60af6319e781fd65c3e,269e6f235b5beddd5ce32e6d9db0ad4118a43a75a57cacbc6f968948d657c290,d41ea6521f53fb3dfa10cf72e2932f4405d9c999fa422cdc840d25d57e90dd34,94f6fbaba4c664e8ea33bed9c902e3f88b8b7aeb9518123fde08296f815e3d3f,,,,,0,LOADED_VM,,NOT_STARTED,NOT_STARTED,NOT_STARTED,SVG_REQUIRED_MISSING,SVG_REQUIRED_MISSING,GRAPH_OR_FUNCTION_STRUCTURE|SET_OR_LOGIC_STRUCTURE,,GRAPH_CANDIDATE,NO_PROBLEM_VISUAL,REVIEW_REQUIRED,NONE,NOT_STARTED,,,,NOT_STARTED,NOT_STARTED,NOT_STARTED,NOT_TESTED,LEGACY_EXCEPTION_SUBUNIT_MISSING,subUnitKey_empty,INVENTORY_PENDING,01_scope_inventory.csv#archive/exams/original/high/h1/2mid/23_매산여고_2학기_중간_고1_기출.js|23_매산여고_2학기_중간_고1_기출|13,,INDEX_RECORD_PRESENT,original/high/h1/2mid/23_매산여고_2학기_중간_고1_기출.js_13,2857ecf285a783503692be948e0465ee4846ee352d96cf800011a199b1f5aa50,true,④,IN_SCOPE_FORWARD,,,CLOSED_NO_SHARED_ASSET
archive/exams/original/high/h1/2mid/23_매산여고_2학기_중간_고1_기출.js|23_매산여고_2학기_중간_고1_기출|14,archive/exams/original/high/h1/2mid/23_매산여고_2학기_중간_고1_기출.js,23_매산여고_2학기_중간_고1_기출,14,14,14,2015,수학(하),H15-SB-03,함수,3,,,,,객관식,grid,false,객관식|함수|일대일대응|구간별함수,3c2655fe57061a7deea02a3963f4509d172927e21251657cf732f16aa8a430e1,47cd696fd611ae3e3c8c2785ce8e73289e1ee9d541810dcd47b8d7493d709847,d41ea6521f53fb3dfa10cf72e2932f4405d9c999fa422cdc840d25d57e90dd34,c7362f9f9a853aa94a96ff57aa329766aee21ceb641064731ff46214bb87b0d9,,,,,0,LOADED_VM,,NOT_STARTED,NOT_STARTED,NOT_STARTED,SVG_REQUIRED_MISSING,SVG_REQUIRED_MISSING,GRAPH_OR_FUNCTION_STRUCTURE|SET_OR_LOGIC_STRUCTURE,,GRAPH_CANDIDATE,NO_PROBLEM_VISUAL,REVIEW_REQUIRED,NONE,NOT_STARTED,,,,NOT_STARTED,NOT_STARTED,NOT_STARTED,NOT_TESTED,LEGACY_EXCEPTION_SUBUNIT_MISSING,subUnitKey_empty,INVENTORY_PENDING,01_scope_inventory.csv#archive/exams/original/high/h1/2mid/23_매산여고_2학기_중간_고1_기출.js|23_매산여고_2학기_중간_고1_기출|14,,INDEX_RECORD_PRESENT,original/high/h1/2mid/23_매산여고_2학기_중간_고1_기출.js_14,2857ecf285a783503692be948e0465ee4846ee352d96cf800011a199b1f5aa50,true,④,IN_SCOPE_FORWARD,,,CLOSED_NO_SHARED_ASSET
archive/exams/original/high/h1/2mid/23_매산여고_2학기_중간_고1_기출.js|23_매산여고_2학기_중간_고1_기출|18,archive/exams/original/high/h1/2mid/23_매산여고_2학기_중간_고1_기출.js,23_매산여고_2학기_중간_고1_기출,18,18,18,2015,수학(하),H15-SB-03,함수,3,,,,,객관식,grid,false,객관식|함수|일대일대응|대응|최댓값함수,4993b9dfdd5baa96fe8d70a07831bc31c927e3c41adef69966349935f28afee1,d601fd23445f2769d635c0f649aaf6d04b385a7d56c029a78b68ab105d958e27,973d2fd2f97e26a666f403b12da6d87e527985b36bcf4ff0a47c7e7e8c36321a,be8b7caececf2de08ae8f0c2b342bbe73ec06bab6cc19fabeeafbf9bcaa854eb,,,,,0,LOADED_VM,,NOT_STARTED,NOT_STARTED,NOT_STARTED,SVG_REQUIRED_MISSING,SVG_REQUIRED_MISSING,SET_OR_LOGIC_STRUCTURE,,VISUAL_CANDIDATE,NO_PROBLEM_VISUAL,SCHEMATIC_OR_REVIEW,NONE,NOT_STARTED,,,,NOT_STARTED,NOT_STARTED,NOT_STARTED,NOT_TESTED,LEGACY_EXCEPTION_SUBUNIT_MISSING,subUnitKey_empty,INVENTORY_PENDING,01_scope_inventory.csv#archive/exams/original/high/h1/2mid/23_매산여고_2학기_중간_고1_기출.js|23_매산여고_2학기_중간_고1_기출|18,,INDEX_RECORD_PRESENT,original/high/h1/2mid/23_매산여고_2학기_중간_고1_기출.js_18,2857ecf285a783503692be948e0465ee4846ee352d96cf800011a199b1f5aa50,true,①,IN_SCOPE_FORWARD,,,CLOSED_NO_SHARED_ASSET
archive/exams/original/high/h1/2mid/23_순천여고_2학기_중간_고1_기출.js|23_순천여고_2학기_중간_고1_기출|3,archive/exams/original/high/h1/2mid/23_순천여고_2학기_중간_고1_기출.js,23_순천여고_2학기_중간_고1_기출,3,3,3,2015,수학(하),H15-SB-03,함수,3,H15-SB-03-FUNCTION_RELATION,함수의 뜻과 대응,rule_inferred,complete_rule,객관식,grid,false,객관식|함수|항등함수|상수함수|함숫값,8621cc3721057adb52e96d1c5167f4e5cc2a063ee3c9aab9ca813c7248a26434,f2ddf1182e08a0ec4259bc49cb5000613816366b9692ebbc43387f9707fe1329,dfde05a3668030e99ca64d8d4ae5f6b64c7a87cee61c0ba43904b92ef210191d,dc6d7ade140ca84743970571dc05e8a01c8bda25c1df5815a194f2301af5494a,,,,,0,LOADED_VM,,NOT_STARTED,NOT_STARTED,NOT_STARTED,SVG_REQUIRED_MISSING,SVG_REQUIRED_MISSING,SET_OR_LOGIC_STRUCTURE,,VISUAL_CANDIDATE,NO_PROBLEM_VISUAL,SCHEMATIC_OR_REVIEW,NONE,NOT_STARTED,,,,NOT_STARTED,NOT_STARTED,NOT_STARTED,NOT_TESTED,PASS,canonical_and_compiled_master_match,INVENTORY_PENDING,01_scope_inventory.csv#archive/exams/original/high/h1/2mid/23_순천여고_2학기_중간_고1_기출.js|23_순천여고_2학기_중간_고1_기출|3,,INDEX_RECORD_PRESENT,original/high/h1/2mid/23_순천여고_2학기_중간_고1_기출.js_3,9bcfa3983ea6a07d3b7527152076e5d33ba525545554681074dd8f02d5101db5,true,②,IN_SCOPE_FORWARD,,,CLOSED_NO_SHARED_ASSET
archive/exams/original/high/h1/2mid/23_순천여고_2학기_중간_고1_기출.js|23_순천여고_2학기_중간_고1_기출|4,archive/exams/original/high/h1/2mid/23_순천여고_2학기_중간_고1_기출.js,23_순천여고_2학기_중간_고1_기출,4,4,4,2015,수학(하),H15-SB-03,함수,3,H15-SB-03-COMPOSITE_FUNCTION,합성함수,rule_inferred,complete_rule,객관식,grid,false,객관식|함수|합성함수|역함수|대응|도형,5e7762dd9cd792e9c434d1679706710457b266105d66e0f051f2278115f9c55f,823424d35be47dc3eb97b0365bdd7bbfd241ebecee4666136f18674641ad04ea,b15be6cb71072b84f7e1e198ce023fc5bb8b1e625335904ddcf3cffcd8b7312b,340f0be4cce80d9dd9631de6a6cd62433e31e10511c606db093876ddafeb311a,assets/images/23_순천여고_2학기_중간_고1_기출/q04.png,d7a865d988c06205740bdb9adc83f5d122a5e2f5aeae34b8aeb36d74e70297cc,,,0,LOADED_VM,,NOT_STARTED,NOT_STARTED,NOT_STARTED,SVG_REQUIRED_MISSING,SVG_REQUIRED_MISSING,GRAPH_OR_FUNCTION_STRUCTURE|COORDINATE_OR_GEOMETRY_STRUCTURE,,GRAPH_CANDIDATE,PROBLEM_VISUAL_PRESENT,REVIEW_REQUIRED,NONE,NOT_STARTED,,,,NOT_STARTED,NOT_STARTED,NOT_STARTED,NOT_TESTED,PASS,canonical_and_compiled_master_match,INVENTORY_PENDING,01_scope_inventory.csv#archive/exams/original/high/h1/2mid/23_순천여고_2학기_중간_고1_기출.js|23_순천여고_2학기_중간_고1_기출|4,[object Object],INDEX_RECORD_PRESENT,original/high/h1/2mid/23_순천여고_2학기_중간_고1_기출.js_4,9bcfa3983ea6a07d3b7527152076e5d33ba525545554681074dd8f02d5101db5,true,③,IN_SCOPE_FORWARD,,,CLOSED_NO_SHARED_ASSET
archive/exams/original/high/h1/2mid/23_순천여고_2학기_중간_고1_기출.js|23_순천여고_2학기_중간_고1_기출|6,archive/exams/original/high/h1/2mid/23_순천여고_2학기_중간_고1_기출.js,23_순천여고_2학기_중간_고1_기출,6,6,6,2015,수학(하),H15-SB-03,함수,3,H15-SB-03-INVERSE_FUNCTION,역함수,rule_inferred,complete_rule,객관식,grid,false,객관식|함수|역함수|일대일대응|일차함수,b24398ba5465380011d1225ca94c19fae62d8fab5d1b4eae1e6c39715091dc36,f9bc5c49c348fba6b773b3aeef7c0a39cd41da477759e5e1abcb2fc59b4c342d,973d2fd2f97e26a666f403b12da6d87e527985b36bcf4ff0a47c7e7e8c36321a,8cb086e73234838e86331810625ebb04d1f8ad4dfc2ed0fa4d6afb7fd9677879,,,,,0,LOADED_VM,,NOT_STARTED,NOT_STARTED,NOT_STARTED,SVG_REQUIRED_MISSING,SVG_REQUIRED_MISSING,SET_OR_LOGIC_STRUCTURE,,VISUAL_CANDIDATE,NO_PROBLEM_VISUAL,SCHEMATIC_OR_REVIEW,NONE,NOT_STARTED,,,,NOT_STARTED,NOT_STARTED,NOT_STARTED,NOT_TESTED,PASS,canonical_and_compiled_master_match,INVENTORY_PENDING,01_scope_inventory.csv#archive/exams/original/high/h1/2mid/23_순천여고_2학기_중간_고1_기출.js|23_순천여고_2학기_중간_고1_기출|6,,INDEX_RECORD_PRESENT,original/high/h1/2mid/23_순천여고_2학기_중간_고1_기출.js_6,9bcfa3983ea6a07d3b7527152076e5d33ba525545554681074dd8f02d5101db5,true,①,IN_SCOPE_FORWARD,,,CLOSED_NO_SHARED_ASSET
archive/exams/original/high/h1/2mid/23_순천여고_2학기_중간_고1_기출.js|23_순천여고_2학기_중간_고1_기출|12,archive/exams/original/high/h1/2mid/23_순천여고_2학기_중간_고1_기출.js,23_순천여고_2학기_중간_고1_기출,12,12,12,2015,수학(하),H15-SB-03,함수,3,H15-SB-03-INVERSE_FUNCTION,역함수,rule_inferred,complete_rule,객관식,grid,false,객관식|함수|역함수|함수식|함숫값,f4674ff8af468c094c8f5755b5227981f0c9841e9f8241b741f8f6d2c7e17f46,e62c3962d6874ca6cc27d2ad352af59135eb525518ffec4f3176df26f3d8a745,973d2fd2f97e26a666f403b12da6d87e527985b36bcf4ff0a47c7e7e8c36321a,0f0fb788749fb8555f637408bd988f7ecc32d884f6440b391ac636185eb8d1db,,,,,0,LOADED_VM,,NOT_STARTED,NOT_STARTED,NOT_STARTED,SVG_OPTIONAL,SVG_OPTIONAL,,,NONE,NO_PROBLEM_VISUAL,N/A,NONE,NOT_STARTED,,,,NOT_STARTED,NOT_STARTED,NOT_STARTED,NOT_TESTED,PASS,canonical_and_compiled_master_match,INVENTORY_PENDING,01_scope_inventory.csv#archive/exams/original/high/h1/2mid/23_순천여고_2학기_중간_고1_기출.js|23_순천여고_2학기_중간_고1_기출|12,,INDEX_RECORD_PRESENT,original/high/h1/2mid/23_순천여고_2학기_중간_고1_기출.js_12,9bcfa3983ea6a07d3b7527152076e5d33ba525545554681074dd8f02d5101db5,true,①,IN_SCOPE_FORWARD,,,CLOSED_NO_SHARED_ASSET
archive/exams/original/high/h1/2mid/23_순천여고_2학기_중간_고1_기출.js|23_순천여고_2학기_중간_고1_기출|18,archive/exams/original/high/h1/2mid/23_순천여고_2학기_중간_고1_기출.js,23_순천여고_2학기_중간_고1_기출,18,18,18,2015,수학(하),H15-SB-03,함수,3,H15-SB-03-COMPOSITE_FUNCTION,합성함수,rule_inferred,complete_rule,객관식,grid,false,객관식|함수|일대일대응|순열|반복합성|소수,03914dd244cad7037438c344a4c013ff0815a2f3e31372b604c948dfc31fe470,fc3dba98889cccd1a96f32fb71f7812a2d3b9dde603c59a1f87b932df48e085f,973d2fd2f97e26a666f403b12da6d87e527985b36bcf4ff0a47c7e7e8c36321a,e191ccadcef6f82d5c55b67cbb9e91c8977766bccaeb31cccddd65cbba39e82f,,,,,0,LOADED_VM,,NOT_STARTED,NOT_STARTED,NOT_STARTED,SVG_REQUIRED_MISSING,SVG_REQUIRED_MISSING,SET_OR_LOGIC_STRUCTURE,,VISUAL_CANDIDATE,NO_PROBLEM_VISUAL,SCHEMATIC_OR_REVIEW,NONE,NOT_STARTED,,,,NOT_STARTED,NOT_STARTED,NOT_STARTED,NOT_TESTED,PASS,canonical_and_compiled_master_match,INVENTORY_PENDING,01_scope_inventory.csv#archive/exams/original/high/h1/2mid/23_순천여고_2학기_중간_고1_기출.js|23_순천여고_2학기_중간_고1_기출|18,,INDEX_RECORD_PRESENT,original/high/h1/2mid/23_순천여고_2학기_중간_고1_기출.js_18,9bcfa3983ea6a07d3b7527152076e5d33ba525545554681074dd8f02d5101db5,true,①,IN_SCOPE_FORWARD,,,CLOSED_NO_SHARED_ASSET
archive/exams/original/high/h1/2mid/23_순천여고_2학기_중간_고1_기출.js|23_순천여고_2학기_중간_고1_기출|19,archive/exams/original/high/h1/2mid/23_순천여고_2학기_중간_고1_기출.js,23_순천여고_2학기_중간_고1_기출,19,19,19,2015,수학(하),H15-SB-03,함수,3,H15-SB-03-COMPOSITE_FUNCTION,합성함수,rule_inferred,complete_rule,객관식,grid,false,객관식|함수|이차함수|합성함수|실근의개수,f370b089a89c86b970b2fe476342837f3e8095f0aa3d143cf2756060c3b3cc8c,c95b3e492345d645f5b03824d22e3c1e556c178c3d323af73d8461741b285a66,0bdef091c479702584f065d3a3714f8a76f851b3f0cf10912f345a5dd930b0a8,d055f14e554cf25a64f9fbaa646a1110fb96d0032d3392599d86d765d3e99c1c,,,,,0,LOADED_VM,,NOT_STARTED,NOT_STARTED,NOT_STARTED,SVG_OPTIONAL,SVG_OPTIONAL,,,NONE,NO_PROBLEM_VISUAL,N/A,NONE,NOT_STARTED,,,,NOT_STARTED,NOT_STARTED,NOT_STARTED,NOT_TESTED,PASS,canonical_and_compiled_master_match,INVENTORY_PENDING,01_scope_inventory.csv#archive/exams/original/high/h1/2mid/23_순천여고_2학기_중간_고1_기출.js|23_순천여고_2학기_중간_고1_기출|19,,INDEX_RECORD_PRESENT,original/high/h1/2mid/23_순천여고_2학기_중간_고1_기출.js_19,9bcfa3983ea6a07d3b7527152076e5d33ba525545554681074dd8f02d5101db5,true,⑤,IN_SCOPE_FORWARD,,,CLOSED_NO_SHARED_ASSET
archive/exams/original/high/h1/2mid/23_순천여고_2학기_중간_고1_기출.js|23_순천여고_2학기_중간_고1_기출|23,archive/exams/original/high/h1/2mid/23_순천여고_2학기_중간_고1_기출.js,23_순천여고_2학기_중간_고1_기출,23,23,23,2015,수학(하),H15-SB-03,함수,3,H15-SB-03-INVERSE_FUNCTION,역함수,rule_inferred,complete_rule,서술형,grid,false,서술형|함수|역함수|그래프|교점|이차방정식,27f82d146f68a564dc6d432751010004adaddb755a9a58dc00a636160fbc7e25,4f53cda18c2baa0c0354bb5f9a3ecbe5ed12ab4d8e11ba873c2f11161202b945,a245b72f8d7fe58cad3917055895095c1c3d9ee9e11082bd4e17dc3cb89686b5,95f398e5e32092b578624dceeaf7b5ad7b1d99e8243c5ae849841cf5e6d80f22,,,,,0,LOADED_VM,,NOT_STARTED,NOT_STARTED,NOT_STARTED,SVG_REQUIRED_MISSING,SVG_REQUIRED_MISSING,GRAPH_OR_FUNCTION_STRUCTURE,,GRAPH_CANDIDATE,NO_PROBLEM_VISUAL,REVIEW_REQUIRED,NONE,NOT_STARTED,,,,NOT_STARTED,NOT_STARTED,NOT_STARTED,NOT_TESTED,PASS,canonical_and_compiled_master_match,INVENTORY_PENDING,01_scope_inventory.csv#archive/exams/original/high/h1/2mid/23_순천여고_2학기_중간_고1_기출.js|23_순천여고_2학기_중간_고1_기출|23,,INDEX_RECORD_PRESENT,original/high/h1/2mid/23_순천여고_2학기_중간_고1_기출.js_23,9bcfa3983ea6a07d3b7527152076e5d33ba525545554681074dd8f02d5101db5,true,$2\le k<\dfrac94$,IN_SCOPE_FORWARD,,,CLOSED_NO_SHARED_ASSET
archive/exams/original/high/h1/2mid/23_팔마고_2학기_중간_고1_기출.js|23_팔마고_2학기_중간_고1_기출|2,archive/exams/original/high/h1/2mid/23_팔마고_2학기_중간_고1_기출.js,23_팔마고_2학기_중간_고1_기출,2,2,2,2015,수학(하),H15-SB-03,함수,3,H15-SB-03-FUNCTION_RELATION,함수의 뜻과 대응,rule_inferred,complete_rule,객관식,grid,false,객관식|함수|함수의상등|함숫값,3da1d80c914694fad067c6aa151c09c31a5dcb660b19c092e7887b63b78ce6bf,ff782081a4cc25de5ebd8fdb3b10e93e0a2a8b181fb4cabb15c6d4c8f83c7224,973d2fd2f97e26a666f403b12da6d87e527985b36bcf4ff0a47c7e7e8c36321a,400a182dd1158b7f0fd925d7fa961a1855e3701f9483b7b5201c58863fe27962,,,,,0,LOADED_VM,,NOT_STARTED,NOT_STARTED,NOT_STARTED,SVG_REQUIRED_MISSING,SVG_REQUIRED_MISSING,GRAPH_OR_FUNCTION_STRUCTURE|SET_OR_LOGIC_STRUCTURE,,GRAPH_CANDIDATE,NO_PROBLEM_VISUAL,REVIEW_REQUIRED,NONE,NOT_STARTED,,,,NOT_STARTED,NOT_STARTED,NOT_STARTED,NOT_TESTED,PASS,canonical_and_compiled_master_match,INVENTORY_PENDING,01_scope_inventory.csv#archive/exams/original/high/h1/2mid/23_팔마고_2학기_중간_고1_기출.js|23_팔마고_2학기_중간_고1_기출|2,,INDEX_RECORD_PRESENT,original/high/h1/2mid/23_팔마고_2학기_중간_고1_기출.js_2,15201e42463e14283fe39b7a7c5fb87ef02d18fadfb0ece72da83254e4adf392,true,①,IN_SCOPE_FORWARD,,,CLOSED_NO_SHARED_ASSET
archive/exams/original/high/h1/2mid/23_팔마고_2학기_중간_고1_기출.js|23_팔마고_2학기_중간_고1_기출|4,archive/exams/original/high/h1/2mid/23_팔마고_2학기_중간_고1_기출.js,23_팔마고_2학기_중간_고1_기출,4,4,4,2015,수학(하),H15-SB-03,함수,3,H15-SB-03-FUNCTION_RELATION,함수의 뜻과 대응,rule_inferred,complete_rule,객관식,grid,false,객관식|함수|함수의개수|일대일대응|상수함수,a6a074a783dfa1d12eca551533e8cdd7d28eaf90d0659c71fc651a49ae48c512,c130fe227af15f54befbed07cf57faeabc36d43410ff58093d52d22f8c06c8f6,d41ea6521f53fb3dfa10cf72e2932f4405d9c999fa422cdc840d25d57e90dd34,f9a68997ba896d2934d5c72c7f8cb0835d7f9b53ff6ed8baf7d1765279c5f2d0,,,,,0,LOADED_VM,,NOT_STARTED,NOT_STARTED,NOT_STARTED,SVG_REQUIRED_MISSING,SVG_REQUIRED_MISSING,SET_OR_LOGIC_STRUCTURE,,VISUAL_CANDIDATE,NO_PROBLEM_VISUAL,SCHEMATIC_OR_REVIEW,NONE,NOT_STARTED,,,,NOT_STARTED,NOT_STARTED,NOT_STARTED,NOT_TESTED,PASS,canonical_and_compiled_master_match,INVENTORY_PENDING,01_scope_inventory.csv#archive/exams/original/high/h1/2mid/23_팔마고_2학기_중간_고1_기출.js|23_팔마고_2학기_중간_고1_기출|4,,INDEX_RECORD_PRESENT,original/high/h1/2mid/23_팔마고_2학기_중간_고1_기출.js_4,15201e42463e14283fe39b7a7c5fb87ef02d18fadfb0ece72da83254e4adf392,true,④,IN_SCOPE_FORWARD,,,CLOSED_NO_SHARED_ASSET
archive/exams/original/high/h1/2mid/23_팔마고_2학기_중간_고1_기출.js|23_팔마고_2학기_중간_고1_기출|10,archive/exams/original/high/h1/2mid/23_팔마고_2학기_중간_고1_기출.js,23_팔마고_2학기_중간_고1_기출,10,10,10,2015,수학(하),H15-SB-03,함수,3,H15-SB-03-COMPOSITE_FUNCTION,합성함수,rule_inferred,complete_rule,객관식,grid,false,객관식|함수|나머지|반복합성|주기,543207400b98cdd55512c81eaec8ac725eb167fda1f188067d02bbbbbdd66e09,a1711e8bd11351d993686b816fd1d6607658eaa4abfc433eec62549c047fbb47,dfde05a3668030e99ca64d8d4ae5f6b64c7a87cee61c0ba43904b92ef210191d,ee9d7a325b0a5bb0042d6450213418b1f997f9ab641323372531f16f4a2f7065,,,,,0,LOADED_VM,,NOT_STARTED,NOT_STARTED,NOT_STARTED,SVG_REQUIRED_MISSING,SVG_REQUIRED_MISSING,GRAPH_OR_FUNCTION_STRUCTURE,,GRAPH_CANDIDATE,NO_PROBLEM_VISUAL,REVIEW_REQUIRED,NONE,NOT_STARTED,,,,NOT_STARTED,NOT_STARTED,NOT_STARTED,NOT_TESTED,PASS,canonical_and_compiled_master_match,INVENTORY_PENDING,01_scope_inventory.csv#archive/exams/original/high/h1/2mid/23_팔마고_2학기_중간_고1_기출.js|23_팔마고_2학기_중간_고1_기출|10,,INDEX_RECORD_PRESENT,original/high/h1/2mid/23_팔마고_2학기_중간_고1_기출.js_10,15201e42463e14283fe39b7a7c5fb87ef02d18fadfb0ece72da83254e4adf392,true,②,IN_SCOPE_FORWARD,,,CLOSED_NO_SHARED_ASSET
archive/exams/original/high/h1/2mid/24_금당고_2학기_중간_고1_기출.js|24_금당고_2학기_중간_고1_기출|4,archive/exams/original/high/h1/2mid/24_금당고_2학기_중간_고1_기출.js,24_금당고_2학기_중간_고1_기출,4,4,4,2015,수학(하),H15-SB-03,함수,3,H15-SB-03-FUNCTION_RELATION,함수의 뜻과 대응,rule_inferred,complete_rule,객관식,grid,false,객관식|함숫값,64e0c65de142d077fc67ebf3ed2096cec0b1593d822653a7021b47fcdcb35362,d601fd23445f2769d635c0f649aaf6d04b385a7d56c029a78b68ab105d958e27,dfde05a3668030e99ca64d8d4ae5f6b64c7a87cee61c0ba43904b92ef210191d,aaf75f0e0575be60e2395cab4adeb4202e43c6de8578b09ae742e5dc1108cd87,,,,,0,LOADED_VM,,NOT_STARTED,NOT_STARTED,NOT_STARTED,SVG_OPTIONAL,SVG_OPTIONAL,,,NONE,NO_PROBLEM_VISUAL,N/A,NONE,NOT_STARTED,,,,NOT_STARTED,NOT_STARTED,NOT_STARTED,NOT_TESTED,PASS,canonical_and_compiled_master_match,INVENTORY_PENDING,01_scope_inventory.csv#archive/exams/original/high/h1/2mid/24_금당고_2학기_중간_고1_기출.js|24_금당고_2학기_중간_고1_기출|4,,INDEX_RECORD_PRESENT,original/high/h1/2mid/24_금당고_2학기_중간_고1_기출.js_4,d180b2755ba1dcaef165b5c350b9a0c4b027669f6d56f0a2c7746b03b185d1e1,true,②,IN_SCOPE_FORWARD,,,CLOSED_NO_SHARED_ASSET
archive/exams/original/high/h1/2mid/24_금당고_2학기_중간_고1_기출.js|24_금당고_2학기_중간_고1_기출|6,archive/exams/original/high/h1/2mid/24_금당고_2학기_중간_고1_기출.js,24_금당고_2학기_중간_고1_기출,6,6,6,2015,수학(하),H15-SB-03,함수,3,H15-SB-03-FUNCTION_RELATION,함수의 뜻과 대응,rule_inferred,complete_rule,객관식,grid,false,객관식|일대일함수,e991ed44cd466602dcea8ce5d5a4a1a27f9911f3b0742cec39b51c221c57dcb3,417ce12e51da191896f9c0344c73838e82a7f5fecd2c1c6ee83e876466f5b9fa,973d2fd2f97e26a666f403b12da6d87e527985b36bcf4ff0a47c7e7e8c36321a,d7c266fde53963fb4bfc7db4038b543829c9898042f2429b23eb7bc96fed96ae,,,,,0,LOADED_VM,,NOT_STARTED,NOT_STARTED,NOT_STARTED,SVG_REQUIRED_MISSING,SVG_REQUIRED_MISSING,GRAPH_OR_FUNCTION_STRUCTURE,,GRAPH_CANDIDATE,NO_PROBLEM_VISUAL,REVIEW_REQUIRED,NONE,NOT_STARTED,,,,NOT_STARTED,NOT_STARTED,NOT_STARTED,NOT_TESTED,PASS,canonical_and_compiled_master_match,INVENTORY_PENDING,01_scope_inventory.csv#archive/exams/original/high/h1/2mid/24_금당고_2학기_중간_고1_기출.js|24_금당고_2학기_중간_고1_기출|6,,INDEX_RECORD_PRESENT,original/high/h1/2mid/24_금당고_2학기_중간_고1_기출.js_6,d180b2755ba1dcaef165b5c350b9a0c4b027669f6d56f0a2c7746b03b185d1e1,true,①,IN_SCOPE_FORWARD,,,CLOSED_NO_SHARED_ASSET
archive/exams/original/high/h1/2mid/24_금당고_2학기_중간_고1_기출.js|24_금당고_2학기_중간_고1_기출|12,archive/exams/original/high/h1/2mid/24_금당고_2학기_중간_고1_기출.js,24_금당고_2학기_중간_고1_기출,12,12,12,2015,수학(하),H15-SB-03,함수,3,H15-SB-03-COMPOSITE_FUNCTION,합성함수,rule_inferred,complete_rule,객관식,grid,false,객관식|합성함수|함숫값,2119cdf80fdcf226b2587f7c8c8ac18bce810eeb24633ebf084cce75ab319ce0,a4b6bc236aeee388d69e225838766fc99cdd70f2f3b795ad851bc264a937ea9d,973d2fd2f97e26a666f403b12da6d87e527985b36bcf4ff0a47c7e7e8c36321a,369bb45047815433b5f7d21feab2d957c92356167413b6dfc5244948f0f86be4,,,,,0,LOADED_VM,,NOT_STARTED,NOT_STARTED,NOT_STARTED,SVG_OPTIONAL,SVG_OPTIONAL,,,NONE,NO_PROBLEM_VISUAL,N/A,NONE,NOT_STARTED,,,,NOT_STARTED,NOT_STARTED,NOT_STARTED,NOT_TESTED,PASS,canonical_and_compiled_master_match,INVENTORY_PENDING,01_scope_inventory.csv#archive/exams/original/high/h1/2mid/24_금당고_2학기_중간_고1_기출.js|24_금당고_2학기_중간_고1_기출|12,,INDEX_RECORD_PRESENT,original/high/h1/2mid/24_금당고_2학기_중간_고1_기출.js_12,d180b2755ba1dcaef165b5c350b9a0c4b027669f6d56f0a2c7746b03b185d1e1,true,①,IN_SCOPE_FORWARD,,,CLOSED_NO_SHARED_ASSET
archive/exams/original/high/h1/2mid/24_금당고_2학기_중간_고1_기출.js|24_금당고_2학기_중간_고1_기출|21,archive/exams/original/high/h1/2mid/24_금당고_2학기_중간_고1_기출.js,24_금당고_2학기_중간_고1_기출,21,21,21,2015,수학(하),H15-SB-03,함수,3,H15-SB-03-FUNCTION_RELATION,함수의 뜻과 대응,rule_inferred,complete_rule,서술형,grid,false,서술형|함수의 정의|재귀함수|수열의 합,d35f480ddcb616b0ed8f234ca64c9609218533debdd53862ba17f41f2ec633fe,4f53cda18c2baa0c0354bb5f9a3ecbe5ed12ab4d8e11ba873c2f11161202b945,2cde275c291b5e5b488f17fb6dc6bd03ac427f86808150f961b161584562e25e,d5bbda04b15f1c736a5a36b42a26a9e82ac71366b70f0750a0d0646440022ede,,,,,0,LOADED_VM,,NOT_STARTED,NOT_STARTED,NOT_STARTED,SVG_REQUIRED_MISSING,SVG_REQUIRED_MISSING,SET_OR_LOGIC_STRUCTURE,,VISUAL_CANDIDATE,NO_PROBLEM_VISUAL,SCHEMATIC_OR_REVIEW,NONE,NOT_STARTED,,,,NOT_STARTED,NOT_STARTED,NOT_STARTED,NOT_TESTED,PASS,canonical_and_compiled_master_match,INVENTORY_PENDING,01_scope_inventory.csv#archive/exams/original/high/h1/2mid/24_금당고_2학기_중간_고1_기출.js|24_금당고_2학기_중간_고1_기출|21,,INDEX_RECORD_PRESENT,original/high/h1/2mid/24_금당고_2학기_중간_고1_기출.js_21,d180b2755ba1dcaef165b5c350b9a0c4b027669f6d56f0a2c7746b03b185d1e1,true,$2970$,IN_SCOPE_FORWARD,,,CLOSED_NO_SHARED_ASSET
archive/exams/original/high/h1/2mid/24_제일고_2학기_중간_고1_기출.js|24_제일고_2학기_중간_고1_기출|10,archive/exams/original/high/h1/2mid/24_제일고_2학기_중간_고1_기출.js,24_제일고_2학기_중간_고1_기출,10,10,10,2015,수학(하),H15-SB-03,함수,3,H15-SB-03-FUNCTION_RELATION,함수의 뜻과 대응,rule_inferred,complete_rule,객관식,grid,false,객관식|함수의 정의|대응,cb692d656d6a6f5ff28dbbd17b4ff61854d0503bb494e58d262e748e280476cc,dae85c5dcc7bd13f9856c8363bd4cd52f6dc27f98b5b846306509b290ea503e5,d41ea6521f53fb3dfa10cf72e2932f4405d9c999fa422cdc840d25d57e90dd34,a4dec6ce09208e9739e58257f358caa4db5acb8726fcddfffbe2b7bd24dd6ace,,,,,0,LOADED_VM,,NOT_STARTED,NOT_STARTED,NOT_STARTED,SVG_REQUIRED_MISSING,SVG_REQUIRED_MISSING,GRAPH_OR_FUNCTION_STRUCTURE|SET_OR_LOGIC_STRUCTURE,,GRAPH_CANDIDATE,NO_PROBLEM_VISUAL,REVIEW_REQUIRED,NONE,NOT_STARTED,,,,NOT_STARTED,NOT_STARTED,NOT_STARTED,NOT_TESTED,PASS,canonical_and_compiled_master_match,INVENTORY_PENDING,01_scope_inventory.csv#archive/exams/original/high/h1/2mid/24_제일고_2학기_중간_고1_기출.js|24_제일고_2학기_중간_고1_기출|10,,INDEX_RECORD_PRESENT,original/high/h1/2mid/24_제일고_2학기_중간_고1_기출.js_10,3d46c115477da4949e97facf2ca658779d3fd5a4dcdbd0fa9faa0d4a1e64344e,true,④,IN_SCOPE_FORWARD,,,CLOSED_NO_SHARED_ASSET
archive/exams/original/high/h1/2mid/24_제일고_2학기_중간_고1_기출.js|24_제일고_2학기_중간_고1_기출|11,archive/exams/original/high/h1/2mid/24_제일고_2학기_중간_고1_기출.js,24_제일고_2학기_중간_고1_기출,11,11,11,2015,수학(하),H15-SB-03,함수,3,H15-SB-03-FUNCTION_RELATION,함수의 뜻과 대응,rule_inferred,complete_rule,객관식,grid,false,객관식|일대일함수|함수의 개수,b7d940c4b2b011252d0c2fa3fa2e54c1230b77dece7d155679dfb0f1d506ca5f,6e9d60c88cac6463bfe5028c675ef38fc37004de6e2396d63b878d3a1253b5d7,b15be6cb71072b84f7e1e198ce023fc5bb8b1e625335904ddcf3cffcd8b7312b,842040211231434f2f4cc74d075afe627e16df9bcff6fbb049a59ab4457d080c,,,,,0,LOADED_VM,,NOT_STARTED,NOT_STARTED,NOT_STARTED,SVG_REQUIRED_MISSING,SVG_REQUIRED_MISSING,SET_OR_LOGIC_STRUCTURE,,VISUAL_CANDIDATE,NO_PROBLEM_VISUAL,SCHEMATIC_OR_REVIEW,NONE,NOT_STARTED,,,,NOT_STARTED,NOT_STARTED,NOT_STARTED,NOT_TESTED,PASS,canonical_and_compiled_master_match,INVENTORY_PENDING,01_scope_inventory.csv#archive/exams/original/high/h1/2mid/24_제일고_2학기_중간_고1_기출.js|24_제일고_2학기_중간_고1_기출|11,,INDEX_RECORD_PRESENT,original/high/h1/2mid/24_제일고_2학기_중간_고1_기출.js_11,3d46c115477da4949e97facf2ca658779d3fd5a4dcdbd0fa9faa0d4a1e64344e,true,③,IN_SCOPE_FORWARD,,,CLOSED_NO_SHARED_ASSET
archive/exams/original/high/h1/2mid/24_제일고_2학기_중간_고1_기출.js|24_제일고_2학기_중간_고1_기출|12,archive/exams/original/high/h1/2mid/24_제일고_2학기_중간_고1_기출.js,24_제일고_2학기_중간_고1_기출,12,12,12,2015,수학(하),H15-SB-03,함수,3,H15-SB-03-COMPOSITE_FUNCTION,합성함수,rule_inferred,complete_rule,객관식,grid,false,객관식|합성함수|함수의 반복,73d63fbb5a59917a2a5b2a342f7add579e7024577970b66a2546e5fc819fa253,e04ee10333d6bbbdbb51f863501c18e83977f32c64388b468519ecd80ea09089,d41ea6521f53fb3dfa10cf72e2932f4405d9c999fa422cdc840d25d57e90dd34,f176e80e691053ab894f9acc1fb2342ee4740f0c3184282c82d8f176bdc549c4,,,,,0,LOADED_VM,,NOT_STARTED,NOT_STARTED,NOT_STARTED,SVG_OPTIONAL,SVG_OPTIONAL,,,NONE,NO_PROBLEM_VISUAL,N/A,NONE,NOT_STARTED,,,,NOT_STARTED,NOT_STARTED,NOT_STARTED,NOT_TESTED,PASS,canonical_and_compiled_master_match,INVENTORY_PENDING,01_scope_inventory.csv#archive/exams/original/high/h1/2mid/24_제일고_2학기_중간_고1_기출.js|24_제일고_2학기_중간_고1_기출|12,,INDEX_RECORD_PRESENT,original/high/h1/2mid/24_제일고_2학기_중간_고1_기출.js_12,3d46c115477da4949e97facf2ca658779d3fd5a4dcdbd0fa9faa0d4a1e64344e,true,④,IN_SCOPE_FORWARD,,,CLOSED_NO_SHARED_ASSET
archive/exams/original/high/h1/2mid/24_제일고_2학기_중간_고1_기출.js|24_제일고_2학기_중간_고1_기출|13,archive/exams/original/high/h1/2mid/24_제일고_2학기_중간_고1_기출.js,24_제일고_2학기_중간_고1_기출,13,13,13,2015,수학(하),H15-SB-03,함수,3,H15-SB-03-COMPOSITE_FUNCTION,합성함수,rule_inferred,complete_rule,객관식,grid,false,객관식|합성함수|역함수|그래프,5d64eec785a40077daf7952a5afb7c581e0eb97da716007c27573910830b3a2e,6d4876e54a6511fef48c4663f47c811ed94eb50da46ad13b7a4091d599ebca6a,b15be6cb71072b84f7e1e198ce023fc5bb8b1e625335904ddcf3cffcd8b7312b,07303a7a5de7d5381066c418a1945c5857fefafcfab6c2bd91b0991edcb4e171,assets/images/24_제일고_2학기_중간_고1_기출/q13.png,fb33515de5d4f23f9254e7f0619b1d0378a26b5737d7f2eccf1dc6fc95ea9338,,,0,LOADED_VM,,NOT_STARTED,NOT_STARTED,NOT_STARTED,SVG_REQUIRED_MISSING,SVG_REQUIRED_MISSING,GRAPH_OR_FUNCTION_STRUCTURE|COORDINATE_OR_GEOMETRY_STRUCTURE,,GRAPH_CANDIDATE,PROBLEM_VISUAL_PRESENT,REVIEW_REQUIRED,NONE,NOT_STARTED,,,,NOT_STARTED,NOT_STARTED,NOT_STARTED,NOT_TESTED,PASS,canonical_and_compiled_master_match,INVENTORY_PENDING,01_scope_inventory.csv#archive/exams/original/high/h1/2mid/24_제일고_2학기_중간_고1_기출.js|24_제일고_2학기_중간_고1_기출|13,[object Object],INDEX_RECORD_PRESENT,original/high/h1/2mid/24_제일고_2학기_중간_고1_기출.js_13,3d46c115477da4949e97facf2ca658779d3fd5a4dcdbd0fa9faa0d4a1e64344e,true,③,IN_SCOPE_FORWARD,,,CLOSED_NO_SHARED_ASSET
archive/exams/original/high/h1/2mid/24_제일고_2학기_중간_고1_기출.js|24_제일고_2학기_중간_고1_기출|14,archive/exams/original/high/h1/2mid/24_제일고_2학기_중간_고1_기출.js,24_제일고_2학기_중간_고1_기출,14,14,14,2015,수학(하),H15-SB-03,함수,3,H15-SB-03-FUNCTION_RELATION,함수의 뜻과 대응,rule_inferred,complete_rule,객관식,grid,false,객관식|항등함수|방정식|부분집합의 개수,f5f65eda50867abdeaa3b101fa764be7e4c74e8adc08c2e70b9e5d7472637650,5e716bedfcaa03492779847a1b84ec3fc670d7673f5d04faa546808ece9be42c,dfde05a3668030e99ca64d8d4ae5f6b64c7a87cee61c0ba43904b92ef210191d,c715b3c0de0b1a2d11d0a8942a19bd32127a2ddd58df6a51f8abb4d90fc21411,,,,,0,LOADED_VM,,NOT_STARTED,NOT_STARTED,NOT_STARTED,SVG_REQUIRED_MISSING,SVG_REQUIRED_MISSING,GRAPH_OR_FUNCTION_STRUCTURE|SET_OR_LOGIC_STRUCTURE,,GRAPH_CANDIDATE,NO_PROBLEM_VISUAL,REVIEW_REQUIRED,NONE,NOT_STARTED,,,,NOT_STARTED,NOT_STARTED,NOT_STARTED,NOT_TESTED,PASS,canonical_and_compiled_master_match,INVENTORY_PENDING,01_scope_inventory.csv#archive/exams/original/high/h1/2mid/24_제일고_2학기_중간_고1_기출.js|24_제일고_2학기_중간_고1_기출|14,,INDEX_RECORD_PRESENT,original/high/h1/2mid/24_제일고_2학기_중간_고1_기출.js_14,3d46c115477da4949e97facf2ca658779d3fd5a4dcdbd0fa9faa0d4a1e64344e,true,②,IN_SCOPE_FORWARD,,,CLOSED_NO_SHARED_ASSET
archive/exams/original/high/h1/2mid/24_제일고_2학기_중간_고1_기출.js|24_제일고_2학기_중간_고1_기출|15,archive/exams/original/high/h1/2mid/24_제일고_2학기_중간_고1_기출.js,24_제일고_2학기_중간_고1_기출,15,15,15,2015,수학(하),H15-SB-03,함수,3,H15-SB-03-COMPOSITE_FUNCTION,합성함수,rule_inferred,complete_rule,객관식,grid,false,객관식|합성함수|역함수|그래프,68048b06a36a9af5f2fddfb1eaa08c29551d7df6d4d686547a32f46873aec5cb,000d4161c175666321bd5649b69558692bdedbd4cbb34375c1d429d2a4a8fb6b,0bdef091c479702584f065d3a3714f8a76f851b3f0cf10912f345a5dd930b0a8,bcf8851207ca840b5bc754fa636a9bdaac1f5eb1b015062243453c4575abdbe0,,,assets/images/24_제일고_2학기_중간_고1_기출/q15-solution.svg,0bbf0cec648ee8a2da4a58cc7980f2d6874ec64d77d556fff9fcd36f45eac6d2,0,LOADED_VM,,NOT_STARTED,NOT_STARTED,NOT_STARTED,SOURCE_REVIEW,SOURCE_REVIEW,GRAPH_OR_FUNCTION_STRUCTURE,,SVG,NO_PROBLEM_VISUAL,REVIEW_REQUIRED,SOLUTION_SVG,NOT_STARTED,,,a621686e9eaacc07bc01cb1e41a7059a69a9474c5171f79de82edc62af030145,NOT_STARTED,NOT_STARTED,NOT_STARTED,NOT_TESTED,PASS,canonical_and_compiled_master_match,INVENTORY_PENDING,01_scope_inventory.csv#archive/exams/original/high/h1/2mid/24_제일고_2학기_중간_고1_기출.js|24_제일고_2학기_중간_고1_기출|15,[object Object],INDEX_RECORD_PRESENT,original/high/h1/2mid/24_제일고_2학기_중간_고1_기출.js_15,3d46c115477da4949e97facf2ca658779d3fd5a4dcdbd0fa9faa0d4a1e64344e,true,⑤,IN_SCOPE_FORWARD,,,CLOSED_NO_SHARED_ASSET
archive/exams/original/high/h1/2mid/24_제일고_2학기_중간_고1_기출.js|24_제일고_2학기_중간_고1_기출|16,archive/exams/original/high/h1/2mid/24_제일고_2학기_중간_고1_기출.js,24_제일고_2학기_중간_고1_기출,16,16,16,2015,수학(하),H15-SB-03,함수,3,H15-SB-03-COMPOSITE_FUNCTION,합성함수,rule_inferred,complete_rule,객관식,grid,false,객관식|합성함수|절댓값함수|실근의 곱|그래프,e5dd543092c2590b2b19d8694cbf632997f5f0eae6ac894f6b626a8916c4ee69,34065cb61b1fb368cc4d9a86671e6bb943bfbb30ea508ddae9eb933acfd2a8c9,973d2fd2f97e26a666f403b12da6d87e527985b36bcf4ff0a47c7e7e8c36321a,c84903557e75f4ff857c2b518b35cb136b423ae1b04bd699ad2ce22ca4e33b8c,,,assets/images/24_제일고_2학기_중간_고1_기출/q16-solution.svg,557b91efd47a9f241e846dca89879ef5e074172acce601ad5f9b5f7b3b93cf38,0,LOADED_VM,,NOT_STARTED,NOT_STARTED,NOT_STARTED,SOURCE_REVIEW,SOURCE_REVIEW,GRAPH_OR_FUNCTION_STRUCTURE|SET_OR_LOGIC_STRUCTURE,,SVG,NO_PROBLEM_VISUAL,REVIEW_REQUIRED,SOLUTION_SVG,NOT_STARTED,,,abfd846e7b438a9fa3beff48abfdf708f3dec8ecb3490ace88e3cf9cdd2d1e00,NOT_STARTED,NOT_STARTED,NOT_STARTED,NOT_TESTED,PASS,canonical_and_compiled_master_match,INVENTORY_PENDING,01_scope_inventory.csv#archive/exams/original/high/h1/2mid/24_제일고_2학기_중간_고1_기출.js|24_제일고_2학기_중간_고1_기출|16,[object Object],INDEX_RECORD_PRESENT,original/high/h1/2mid/24_제일고_2학기_중간_고1_기출.js_16,3d46c115477da4949e97facf2ca658779d3fd5a4dcdbd0fa9faa0d4a1e64344e,true,①,IN_SCOPE_FORWARD,,,CLOSED_NO_SHARED_ASSET
archive/exams/original/high/h1/2mid/24_제일고_2학기_중간_고1_기출.js|24_제일고_2학기_중간_고1_기출|17,archive/exams/original/high/h1/2mid/24_제일고_2학기_중간_고1_기출.js,24_제일고_2학기_중간_고1_기출,17,17,17,2015,수학(하),H15-SB-03,함수,3,H15-SB-03-COMPOSITE_FUNCTION,합성함수,rule_inferred,complete_rule,객관식,grid,false,객관식|역함수|합성함수|그래프의 교점|그래프,10a8862c5e0af7448b3963dbceb7a233a79719d23d14da79eadfb8a1b900e257,7a52912add8471c57a8a3b158fa9ba6f15ada8022456e14eaf1d3887af08aa01,0bdef091c479702584f065d3a3714f8a76f851b3f0cf10912f345a5dd930b0a8,4da14195ef9bde8c26b101e07406a148adcb8ef2f3b7a6303cc47c7763297b19,,,assets/images/24_제일고_2학기_중간_고1_기출/q17-solution.svg,2c59d2420ee5ffeea315a8511d5308e396712b75c66124a5117025e7fb77b21c,0,LOADED_VM,,NOT_STARTED,NOT_STARTED,NOT_STARTED,SOURCE_REVIEW,SOURCE_REVIEW,GRAPH_OR_FUNCTION_STRUCTURE,,SVG,NO_PROBLEM_VISUAL,REVIEW_REQUIRED,SOLUTION_SVG,NOT_STARTED,,,82ff3956e34431237120b3f3cc9cd3a8bc570e074b04b0114f35c16b5cd7fa73,NOT_STARTED,NOT_STARTED,NOT_STARTED,NOT_TESTED,PASS,canonical_and_compiled_master_match,INVENTORY_PENDING,01_scope_inventory.csv#archive/exams/original/high/h1/2mid/24_제일고_2학기_중간_고1_기출.js|24_제일고_2학기_중간_고1_기출|17,[object Object],INDEX_RECORD_PRESENT,original/high/h1/2mid/24_제일고_2학기_중간_고1_기출.js_17,3d46c115477da4949e97facf2ca658779d3fd5a4dcdbd0fa9faa0d4a1e64344e,true,⑤,IN_SCOPE_FORWARD,,,CLOSED_NO_SHARED_ASSET
archive/exams/original/high/h1/2mid/24_제일고_2학기_중간_고1_기출.js|24_제일고_2학기_중간_고1_기출|18,archive/exams/original/high/h1/2mid/24_제일고_2학기_중간_고1_기출.js,24_제일고_2학기_중간_고1_기출,18,18,18,2015,수학(하),H15-SB-03,함수,3,H15-SB-03-FUNCTION_RELATION,함수의 뜻과 대응,rule_inferred,complete_rule,객관식,grid,false,객관식|일대일대응|부분집합|경우의 수,07174c16a22ab7dfffc0cd1663fab5f0392e200b6c5a716969b67decfcf895be,fd62d37b5ad9e8e3a8446c3adff8ecc04d299e1b36bb0ac0ee2af3d4396be461,973d2fd2f97e26a666f403b12da6d87e527985b36bcf4ff0a47c7e7e8c36321a,44cdaea20fcf6e75411c3adec310a79318c61e2c61cff6fcce5a5c5c195de226,,,,,0,LOADED_VM,,NOT_STARTED,NOT_STARTED,NOT_STARTED,SVG_REQUIRED_MISSING,SVG_REQUIRED_MISSING,GRAPH_OR_FUNCTION_STRUCTURE|SET_OR_LOGIC_STRUCTURE|COUNTING_STRUCTURE,,GRAPH_CANDIDATE,NO_PROBLEM_VISUAL,REVIEW_REQUIRED,NONE,NOT_STARTED,,,,NOT_STARTED,NOT_STARTED,NOT_STARTED,NOT_TESTED,PASS,canonical_and_compiled_master_match,INVENTORY_PENDING,01_scope_inventory.csv#archive/exams/original/high/h1/2mid/24_제일고_2학기_중간_고1_기출.js|24_제일고_2학기_중간_고1_기출|18,,INDEX_RECORD_PRESENT,original/high/h1/2mid/24_제일고_2학기_중간_고1_기출.js_18,3d46c115477da4949e97facf2ca658779d3fd5a4dcdbd0fa9faa0d4a1e64344e,true,①,IN_SCOPE_FORWARD,,,CLOSED_NO_SHARED_ASSET
archive/exams/original/high/h1/2mid/24_제일고_2학기_중간_고1_기출.js|24_제일고_2학기_중간_고1_기출|21,archive/exams/original/high/h1/2mid/24_제일고_2학기_중간_고1_기출.js,24_제일고_2학기_중간_고1_기출,21,21,21,2015,수학(하),H15-SB-03,함수,3,H15-SB-03-COMPOSITE_FUNCTION,합성함수,rule_inferred,complete_rule,서술형,grid,false,서술형|합성함수|역함수,f4727e1c36841f2b9d7765b4f96d28a5e2461bab4a0874f99206bb5581b3b72c,4f53cda18c2baa0c0354bb5f9a3ecbe5ed12ab4d8e11ba873c2f11161202b945,490e8b844436ad11de4ab3b40364d16e78a0a5d753e02190e9ccfa8c3684d22b,0c0fcc0820c37438aefdbc48d01d61a8face8ec71bd8fcbad99d73f4ae768769,,,,,0,LOADED_VM,,NOT_STARTED,NOT_STARTED,NOT_STARTED,SVG_OPTIONAL,SVG_OPTIONAL,,,NONE,NO_PROBLEM_VISUAL,N/A,NONE,NOT_STARTED,,,,NOT_STARTED,NOT_STARTED,NOT_STARTED,NOT_TESTED,PASS,canonical_and_compiled_master_match,INVENTORY_PENDING,01_scope_inventory.csv#archive/exams/original/high/h1/2mid/24_제일고_2학기_중간_고1_기출.js|24_제일고_2학기_중간_고1_기출|21,,INDEX_RECORD_PRESENT,original/high/h1/2mid/24_제일고_2학기_중간_고1_기출.js_21,3d46c115477da4949e97facf2ca658779d3fd5a4dcdbd0fa9faa0d4a1e64344e,true,$-\dfrac16x+\dfrac{11}{6}$,IN_SCOPE_FORWARD,,,CLOSED_NO_SHARED_ASSET
archive/exams/original/high/h1/2mid/24_제일고_2학기_중간_고1_기출.js|24_제일고_2학기_중간_고1_기출|22,archive/exams/original/high/h1/2mid/24_제일고_2학기_중간_고1_기출.js,24_제일고_2학기_중간_고1_기출,22,22,22,2015,수학(하),H15-SB-03,함수,3,H15-SB-03-FUNCTION_RELATION,함수의 뜻과 대응,rule_inferred,complete_rule,서술형,grid,false,서술형|일대일대응|이차함수|최댓값,14766171758f0a93a6ada2b9dac9f3022faf25c74812efbe18fd4241c3033b98,4f53cda18c2baa0c0354bb5f9a3ecbe5ed12ab4d8e11ba873c2f11161202b945,1ffd4ced51c92430e840c9fa54ec63ab2ca6232e2593086a4c67486aaf58a442,49524a1ac3aa7fb7fc90b93f0d4b6ab1c612c66713f3485c94bd13a35ef30718,,,,,0,LOADED_VM,,NOT_STARTED,NOT_STARTED,NOT_STARTED,SVG_REQUIRED_MISSING,SVG_REQUIRED_MISSING,GRAPH_OR_FUNCTION_STRUCTURE|SET_OR_LOGIC_STRUCTURE,,GRAPH_CANDIDATE,NO_PROBLEM_VISUAL,REVIEW_REQUIRED,NONE,NOT_STARTED,,,,NOT_STARTED,NOT_STARTED,NOT_STARTED,NOT_TESTED,PASS,canonical_and_compiled_master_match,INVENTORY_PENDING,01_scope_inventory.csv#archive/exams/original/high/h1/2mid/24_제일고_2학기_중간_고1_기출.js|24_제일고_2학기_중간_고1_기출|22,,INDEX_RECORD_PRESENT,original/high/h1/2mid/24_제일고_2학기_중간_고1_기출.js_22,3d46c115477da4949e97facf2ca658779d3fd5a4dcdbd0fa9faa0d4a1e64344e,true,$-2$,IN_SCOPE_FORWARD,,,CLOSED_NO_SHARED_ASSET
