questionUid,sourceJsPath,examId,id,displayNo,sourceOrdinal,curriculumVersion,standardCourse,standardUnitKey,standardUnit,standardUnitOrder,subUnitKey,subUnit,subUnitConfidence,subUnitClassificationDepth,questionType,layoutTag,wide,tags,contentHash,choicesHash,answerHash,solutionHash,problemImageRef,problemImageHash,solutionImageRef,solutionImageHash,inlineSvgCount,sourceValidityStatus,independentAnswer,answerParity,solutionQualityStatus,curriculumStatus,visualRequirement,visualRequirementCandidate,visualReasonCode,visualMarkers,visualType,problemVisualSufficiency,scalePolicy,existingSvgStatus,svgRepairStatus,factObligationSet,expectedFactHash,observedFactHash,numericParity,semanticParity,styleLintStatus,renderStatus,metadataStatus,metadataReason,finalVerdict,evidenceRef,assetRefs,questionIndexParity,qKey,sourceFileSha256,solutionPresent,answerValue,scopeStatus,sharedAssetUid,dependencyQuestionUids,dependencyClosureStatus
archive/exams/original/high/h1/2final/21_강남여고_2학기_기말_고1_기출.js|21_강남여고_2학기_기말_고1_기출|4,archive/exams/original/high/h1/2final/21_강남여고_2학기_기말_고1_기출.js,21_강남여고_2학기_기말_고1_기출,4,4,4,2015,수학(하),H15-SB-05,무리함수,5,H15-SB-05-IRRATIONAL_GRAPH,무리함수의 그래프,category_or_cue_inferred,complete_category,객관식,grid,false,,8d4cb1fb34f51cc3935ebac57e8e25e72f05a46174e078d559ee922b6522d8d4,4d09aae67317bdbfa52c4e9890d1287666d73886b4a97ebc201f1ea2f270ea94,d41ea6521f53fb3dfa10cf72e2932f4405d9c999fa422cdc840d25d57e90dd34,6f74df437f2346affb9cbb8a3fc629a46084a67b6b8e5cd68ae18c4b3349a2b9,,,,,0,LOADED_VM,,NOT_STARTED,NOT_STARTED,NOT_STARTED,SVG_REQUIRED_MISSING,SVG_REQUIRED_MISSING,GRAPH_OR_FUNCTION_STRUCTURE|COORDINATE_OR_GEOMETRY_STRUCTURE,,GRAPH_CANDIDATE,NO_PROBLEM_VISUAL,REVIEW_REQUIRED,NONE,NOT_STARTED,,,,NOT_STARTED,NOT_STARTED,NOT_STARTED,NOT_TESTED,PASS,canonical_and_compiled_master_match,INVENTORY_PENDING,01_scope_inventory.csv#archive/exams/original/high/h1/2final/21_강남여고_2학기_기말_고1_기출.js|21_강남여고_2학기_기말_고1_기출|4,,INDEX_RECORD_PRESENT,original/high/h1/2final/21_강남여고_2학기_기말_고1_기출.js_4,f47712986bc3d52d0bb953cbfe9456e7c381d2184f9cc0cff851c467eb1eb6aa,true,④,IN_SCOPE_FORWARD,,,CLOSED_NO_SHARED_ASSET
archive/exams/original/high/h1/2final/21_강남여고_2학기_기말_고1_기출.js|21_강남여고_2학기_기말_고1_기출|13,archive/exams/original/high/h1/2final/21_강남여고_2학기_기말_고1_기출.js,21_강남여고_2학기_기말_고1_기출,13,13,13,2015,수학(하),H15-SB-05,무리함수,5,H15-SB-05-IRRATIONAL_GRAPH,무리함수의 그래프,category_or_cue_inferred,complete_category,객관식,grid,false,그래프,ccf866274b88f217a4137188060ec17e516930efae58cebb2151929eca1ce77f,d02f9dca9a49f2d178f8fa8f5a891bb53879998fca0fc7888e584b39ebc40f52,dfde05a3668030e99ca64d8d4ae5f6b64c7a87cee61c0ba43904b92ef210191d,474064990823a5b785389db21a9d216fe8c0709ea26d15985f2068727180565e,assets/images/21_강남여고_2학기_기말_고1_기출/q13.png,cf68f7a964f39b9481034d6c2a76680797d1d9458b8b0047de9e2e990b812a1c,assets/images/21_강남여고_2학기_기말_고1_기출/q13-solution.svg,cf7d4a353a10eb1fb5556d1aa6d3b30c4783bb4f90263c1c340692644afae2e4,0,LOADED_VM,,NOT_STARTED,NOT_STARTED,NOT_STARTED,SOURCE_REVIEW,SOURCE_REVIEW,GRAPH_OR_FUNCTION_STRUCTURE,,SVG,PROBLEM_VISUAL_PRESENT,REVIEW_REQUIRED,SOLUTION_SVG,NOT_STARTED,,,0aa7f67679357e3403339888e6b0e226cbeaced2e81762b24ff2c821f7d14be8,NOT_STARTED,NOT_STARTED,NOT_STARTED,NOT_TESTED,PASS,canonical_and_compiled_master_match,INVENTORY_PENDING,01_scope_inventory.csv#archive/exams/original/high/h1/2final/21_강남여고_2학기_기말_고1_기출.js|21_강남여고_2학기_기말_고1_기출|13,[object Object]|[object Object],INDEX_RECORD_PRESENT,original/high/h1/2final/21_강남여고_2학기_기말_고1_기출.js_13,f47712986bc3d52d0bb953cbfe9456e7c381d2184f9cc0cff851c467eb1eb6aa,true,②,IN_SCOPE_FORWARD,,,CLOSED_NO_SHARED_ASSET
archive/exams/original/high/h1/2final/21_강남여고_2학기_기말_고1_기출.js|21_강남여고_2학기_기말_고1_기출|27,archive/exams/original/high/h1/2final/21_강남여고_2학기_기말_고1_기출.js,21_강남여고_2학기_기말_고1_기출,27,27,27,2015,수학(하),H15-SB-05,무리함수,5,H15-SB-05-IRRATIONAL_GRAPH,무리함수의 그래프,category_or_cue_inferred,complete_category,서술형,grid,false,서술형|그래프,b5bba1178099ecf93e3f551f834deee78ca6e7f612b20691a7fc736371adaca5,4f53cda18c2baa0c0354bb5f9a3ecbe5ed12ab4d8e11ba873c2f11161202b945,51c5105a9a2f8d3ec1805fe2075875259331b58f0014e1e3c95000da8a31e71d,f962a51e0e79abda23696002c6b7c9b5ea105e3335ceb81e90168521be0ee648,assets/images/21_강남여고_2학기_기말_고1_기출/q27.png,e26635fdcc549920de3eef8e0c4d542627da6d5343748c40c842b8f3a5aa2781,assets/images/21_강남여고_2학기_기말_고1_기출/q27-solution.svg,2feea57661c5dd0bfe28729e8159a99a418059b09d75e6471755ffeb85cb160e,0,LOADED_VM,,NOT_STARTED,NOT_STARTED,NOT_STARTED,SOURCE_REVIEW,SOURCE_REVIEW,GRAPH_OR_FUNCTION_STRUCTURE|COORDINATE_OR_GEOMETRY_STRUCTURE,,SVG,PROBLEM_VISUAL_PRESENT,REVIEW_REQUIRED,SOLUTION_SVG,NOT_STARTED,,,adad3df81507e4a3ac7e72c2ae97deedb4e17148c5f295f50520bbde391950d2,NOT_STARTED,NOT_STARTED,NOT_STARTED,NOT_TESTED,PASS,canonical_and_compiled_master_match,INVENTORY_PENDING,01_scope_inventory.csv#archive/exams/original/high/h1/2final/21_강남여고_2학기_기말_고1_기출.js|21_강남여고_2학기_기말_고1_기출|27,[object Object]|[object Object],INDEX_RECORD_PRESENT,original/high/h1/2final/21_강남여고_2학기_기말_고1_기출.js_27,f47712986bc3d52d0bb953cbfe9456e7c381d2184f9cc0cff851c467eb1eb6aa,true,제2사분면과 제3사분면,IN_SCOPE_FORWARD,,,CLOSED_NO_SHARED_ASSET
archive/exams/original/high/h1/2final/21_강남여고_2학기_기말_고1_기출.js|21_강남여고_2학기_기말_고1_기출|29,archive/exams/original/high/h1/2final/21_강남여고_2학기_기말_고1_기출.js,21_강남여고_2학기_기말_고1_기출,29,29,29,2015,수학(하),H15-SB-05,무리함수,5,H15-SB-05-IRRATIONAL_GRAPH,무리함수의 그래프,category_or_cue_inferred,complete_category,서술형,grid,false,서술형|그래프,fd73fc05cbed4d0fa3b53406afdcb4bea1142d90ddd03a95b5ef6f3d879b85c3,4f53cda18c2baa0c0354bb5f9a3ecbe5ed12ab4d8e11ba873c2f11161202b945,c014f94d53fdd4e2938fc4133a185dd70ae4e12ee972c0490257d8268b0b6908,99c42708e621333be4d1759ae62371b4a3cf76b8595a5508cf1302beb507552b,,,assets/images/21_강남여고_2학기_기말_고1_기출/q29-solution.svg,3ca33169a9c6f6ad1de223397b1d9fa96b40d272fd618812cde76e1236bae114,0,LOADED_VM,,NOT_STARTED,NOT_STARTED,NOT_STARTED,SOURCE_REVIEW,SOURCE_REVIEW,GRAPH_OR_FUNCTION_STRUCTURE|COORDINATE_OR_GEOMETRY_STRUCTURE,,SVG,NO_PROBLEM_VISUAL,REVIEW_REQUIRED,SOLUTION_SVG,NOT_STARTED,,,26a20b0cacced91fd1ee220e8ff0518bdf6a9f9f3329332a1c12418177392409,NOT_STARTED,NOT_STARTED,NOT_STARTED,NOT_TESTED,PASS,canonical_and_compiled_master_match,INVENTORY_PENDING,01_scope_inventory.csv#archive/exams/original/high/h1/2final/21_강남여고_2학기_기말_고1_기출.js|21_강남여고_2학기_기말_고1_기출|29,[object Object],INDEX_RECORD_PRESENT,original/high/h1/2final/21_강남여고_2학기_기말_고1_기출.js_29,f47712986bc3d52d0bb953cbfe9456e7c381d2184f9cc0cff851c467eb1eb6aa,true,$0\lt k\lt\dfrac12$,IN_SCOPE_FORWARD,,,CLOSED_NO_SHARED_ASSET
archive/exams/original/high/h1/2final/21_금당고_2학기_기말_고1_기출.js|21_금당고_2학기_기말_고1_기출|4,archive/exams/original/high/h1/2final/21_금당고_2학기_기말_고1_기출.js,21_금당고_2학기_기말_고1_기출,4,4,4,2015,수학(하),H15-SB-05,무리함수,5,H15-SB-05-IRRATIONAL_BASIC,무리함수의 뜻과 계산,category_or_cue_inferred,complete_category,객관식,grid,false,그래프,fe827cf519e443ed0197498c3012820cb4ce3188539c358990049a8cd5da0ad3,089e9ad75d1e53f0176287410930641bc497a7ce15eaf881f7096b9eb287d699,0bdef091c479702584f065d3a3714f8a76f851b3f0cf10912f345a5dd930b0a8,7f3161fba22517b9960e2800eef701b40afb50674d0106bdf20409904a2c0f50,,,assets/images/21_금당고_2학기_기말_고1_기출/q04-solution.svg,5d09248f5aa79b921efebe904714110918eafa08366d1e7996bbd580830dafc9,0,LOADED_VM,,NOT_STARTED,NOT_STARTED,NOT_STARTED,SOURCE_REVIEW,SOURCE_REVIEW,GRAPH_OR_FUNCTION_STRUCTURE|COORDINATE_OR_GEOMETRY_STRUCTURE,,SVG,NO_PROBLEM_VISUAL,REVIEW_REQUIRED,SOLUTION_SVG,NOT_STARTED,,,21ff9d5604244786187d82526603d2c9aa69f72d7d35c37a9c4761513c94b2bb,NOT_STARTED,NOT_STARTED,NOT_STARTED,NOT_TESTED,PASS,canonical_and_compiled_master_match,INVENTORY_PENDING,01_scope_inventory.csv#archive/exams/original/high/h1/2final/21_금당고_2학기_기말_고1_기출.js|21_금당고_2학기_기말_고1_기출|4,[object Object],INDEX_RECORD_PRESENT,original/high/h1/2final/21_금당고_2학기_기말_고1_기출.js_4,f57a459d83644ea31d0d9f4c030f95af6a8a43d526e99190686d9d69778df173,true,⑤,IN_SCOPE_FORWARD,,,CLOSED_NO_SHARED_ASSET
archive/exams/original/high/h1/2final/21_금당고_2학기_기말_고1_기출.js|21_금당고_2학기_기말_고1_기출|12,archive/exams/original/high/h1/2final/21_금당고_2학기_기말_고1_기출.js,21_금당고_2학기_기말_고1_기출,12,12,12,2015,수학(하),H15-SB-05,무리함수,5,H15-SB-05-IRRATIONAL_BASIC,무리함수의 뜻과 계산,category_or_cue_inferred,complete_category,객관식,grid,false,,46e7d9e885703f48413ed45aee678274b0869c2532fedebb1b75bc456e71900c,d54721b947ba4d6fd39b1c2435432fac312cd805b4406d948f5c2a0a9887f733,973d2fd2f97e26a666f403b12da6d87e527985b36bcf4ff0a47c7e7e8c36321a,b7f90ce3504dc770a06bb9ed99eacce6c3ee54291ff71cb33576b030c4c14bdf,,,,,0,LOADED_VM,,NOT_STARTED,NOT_STARTED,NOT_STARTED,SVG_OPTIONAL,SVG_OPTIONAL,,,NONE,NO_PROBLEM_VISUAL,N/A,NONE,NOT_STARTED,,,,NOT_STARTED,NOT_STARTED,NOT_STARTED,NOT_TESTED,PASS,canonical_and_compiled_master_match,INVENTORY_PENDING,01_scope_inventory.csv#archive/exams/original/high/h1/2final/21_금당고_2학기_기말_고1_기출.js|21_금당고_2학기_기말_고1_기출|12,,INDEX_RECORD_PRESENT,original/high/h1/2final/21_금당고_2학기_기말_고1_기출.js_12,f57a459d83644ea31d0d9f4c030f95af6a8a43d526e99190686d9d69778df173,true,①,IN_SCOPE_FORWARD,,,CLOSED_NO_SHARED_ASSET
archive/exams/original/high/h1/2final/21_금당고_2학기_기말_고1_기출.js|21_금당고_2학기_기말_고1_기출|18,archive/exams/original/high/h1/2final/21_금당고_2학기_기말_고1_기출.js,21_금당고_2학기_기말_고1_기출,18,18,18,2015,수학(하),H15-SB-05,무리함수,5,H15-SB-05-IRRATIONAL_GRAPH,무리함수의 그래프,category_or_cue_inferred,complete_category,객관식,grid,false,그래프,4171f6f8797b5ba42cf0cddc9054a08a7d9760dfeb790af7ddcc6dd14b58654f,f6e741ab993f53a938d02e9fe76e1cb3c39c636747a64d47eb93e87bf95761be,d41ea6521f53fb3dfa10cf72e2932f4405d9c999fa422cdc840d25d57e90dd34,13013e4ddede415f942339699c9f9b1e15ae429c35d12a74da685f58b1e4d86f,assets/images/21_금당고_2학기_기말_고1_기출/q18.png,b47156d5956550e57bc6050bcea3a7d5182babcf128e1ae83c48a58b8b6b8c62,,,0,LOADED_VM,,NOT_STARTED,NOT_STARTED,NOT_STARTED,SVG_REQUIRED_MISSING,SVG_REQUIRED_MISSING,GRAPH_OR_FUNCTION_STRUCTURE|COORDINATE_OR_GEOMETRY_STRUCTURE|TABLE_OR_MATRIX_STRUCTURE,,GRAPH_CANDIDATE,PROBLEM_VISUAL_PRESENT,REVIEW_REQUIRED,NONE,NOT_STARTED,,,,NOT_STARTED,NOT_STARTED,NOT_STARTED,NOT_TESTED,PASS,canonical_and_compiled_master_match,INVENTORY_PENDING,01_scope_inventory.csv#archive/exams/original/high/h1/2final/21_금당고_2학기_기말_고1_기출.js|21_금당고_2학기_기말_고1_기출|18,[object Object],INDEX_RECORD_PRESENT,original/high/h1/2final/21_금당고_2학기_기말_고1_기출.js_18,f57a459d83644ea31d0d9f4c030f95af6a8a43d526e99190686d9d69778df173,true,④,IN_SCOPE_FORWARD,,,CLOSED_NO_SHARED_ASSET
archive/exams/original/high/h1/2final/21_복성고_2학기_기말_고1_기출.js|21_복성고_2학기_기말_고1_기출|4,archive/exams/original/high/h1/2final/21_복성고_2학기_기말_고1_기출.js,21_복성고_2학기_기말_고1_기출,4,4,4,2015,수학(하),H15-SB-05,무리함수,5,H15-SB-05-IRRATIONAL_BASIC,무리함수의 뜻과 계산,category_or_cue_inferred,complete_category,객관식,grid,false,그래프,4b726ecc02bf6e1bb4afc7226bbe0ac0f6f612cd674838aff93caf7458fba548,6f70a1fc6e97d979c3ff06d95c35c566515a896c317c33dad3adddbeeebd5b60,973d2fd2f97e26a666f403b12da6d87e527985b36bcf4ff0a47c7e7e8c36321a,1890a188430eb6156f5c2ccb9400e8dc542d215bf345ea30f1e21fd356bfefd0,,,assets/images/21_복성고_2학기_기말_고1_기출/q04-solution.svg,771e9bdc13f3215b7b8f984762a12f0270d36dd7b994870cee24201ddf41214d,0,LOADED_VM,,NOT_STARTED,NOT_STARTED,NOT_STARTED,SOURCE_REVIEW,SOURCE_REVIEW,GRAPH_OR_FUNCTION_STRUCTURE,,SVG,NO_PROBLEM_VISUAL,REVIEW_REQUIRED,SOLUTION_SVG,NOT_STARTED,,,bed6bf7b40c0f55f1d03d36d895a0591e53164f3e7429876e3970b22fd7ccb32,NOT_STARTED,NOT_STARTED,NOT_STARTED,NOT_TESTED,PASS,canonical_and_compiled_master_match,INVENTORY_PENDING,01_scope_inventory.csv#archive/exams/original/high/h1/2final/21_복성고_2학기_기말_고1_기출.js|21_복성고_2학기_기말_고1_기출|4,[object Object],INDEX_RECORD_PRESENT,original/high/h1/2final/21_복성고_2학기_기말_고1_기출.js_4,460e78d33f4c0274f5c317b925257e84504942f41ce73129d715ac3ee36a57ce,true,①,IN_SCOPE_FORWARD,,,CLOSED_NO_SHARED_ASSET
archive/exams/original/high/h1/2final/21_복성고_2학기_기말_고1_기출.js|21_복성고_2학기_기말_고1_기출|11,archive/exams/original/high/h1/2final/21_복성고_2학기_기말_고1_기출.js,21_복성고_2학기_기말_고1_기출,11,11,11,2015,수학(하),H15-SB-05,무리함수,5,H15-SB-05-IRRATIONAL_BASIC,무리함수의 뜻과 계산,category_or_cue_inferred,complete_category,객관식,grid,false,그래프,10f33d1d343932efdc5e8c2efa215e3b20ff9da63ac78d44d26721c25921b51e,ff782081a4cc25de5ebd8fdb3b10e93e0a2a8b181fb4cabb15c6d4c8f83c7224,0bdef091c479702584f065d3a3714f8a76f851b3f0cf10912f345a5dd930b0a8,bbac0e58a1a61ab2eace2d5f2bd49fd3c37fd293c7690a6c664f5507964e3c08,,,assets/images/21_복성고_2학기_기말_고1_기출/q11-solution.svg,2f6b4fdb75547775cd8e04326c85bf49a042c65f2a9869d2a88674a112bd2b44,0,LOADED_VM,,NOT_STARTED,NOT_STARTED,NOT_STARTED,SOURCE_REVIEW,SOURCE_REVIEW,GRAPH_OR_FUNCTION_STRUCTURE|COORDINATE_OR_GEOMETRY_STRUCTURE,,SVG,NO_PROBLEM_VISUAL,REVIEW_REQUIRED,SOLUTION_SVG,NOT_STARTED,,,37a193e7a994d2bb63a3469883516e3f27922ca9afae7bcf578284b78a5b5cb3,NOT_STARTED,NOT_STARTED,NOT_STARTED,NOT_TESTED,PASS,canonical_and_compiled_master_match,INVENTORY_PENDING,01_scope_inventory.csv#archive/exams/original/high/h1/2final/21_복성고_2학기_기말_고1_기출.js|21_복성고_2학기_기말_고1_기출|11,[object Object],INDEX_RECORD_PRESENT,original/high/h1/2final/21_복성고_2학기_기말_고1_기출.js_11,460e78d33f4c0274f5c317b925257e84504942f41ce73129d715ac3ee36a57ce,true,⑤,IN_SCOPE_FORWARD,,,CLOSED_NO_SHARED_ASSET
archive/exams/original/high/h1/2final/21_복성고_2학기_기말_고1_기출.js|21_복성고_2학기_기말_고1_기출|12,archive/exams/original/high/h1/2final/21_복성고_2학기_기말_고1_기출.js,21_복성고_2학기_기말_고1_기출,12,12,12,2015,수학(하),H15-SB-05,무리함수,5,H15-SB-05-IRRATIONAL_INVERSE,무리함수와 역함수,category_or_cue_inferred,complete_category,객관식,grid,false,그래프,22f0e8b10cf0b3a1d88af8df23604fdc404d7f128798722d5fd57028905e83c9,91debfa41a01b920730139d193e82e515073d3ada2a88ba025c2314e6f8ceed8,973d2fd2f97e26a666f403b12da6d87e527985b36bcf4ff0a47c7e7e8c36321a,c5bccd695f11dd099c1e8b799716e3e1fdb34a841a411f12aa2645bc9dc076cf,,,assets/images/21_복성고_2학기_기말_고1_기출/q12-solution.svg,721fd185b7d8507748197a2c364bfe7713458ed4e10946bbdd31e0116f095cd3,0,LOADED_VM,,NOT_STARTED,NOT_STARTED,NOT_STARTED,SOURCE_REVIEW,SOURCE_REVIEW,GRAPH_OR_FUNCTION_STRUCTURE|COORDINATE_OR_GEOMETRY_STRUCTURE,,SVG,NO_PROBLEM_VISUAL,REVIEW_REQUIRED,SOLUTION_SVG,NOT_STARTED,,,e599801b9c4a7ac6a6405a7b8f0f844f3703a51bb7392ee9d61c246df388ba3a,NOT_STARTED,NOT_STARTED,NOT_STARTED,NOT_TESTED,PASS,canonical_and_compiled_master_match,INVENTORY_PENDING,01_scope_inventory.csv#archive/exams/original/high/h1/2final/21_복성고_2학기_기말_고1_기출.js|21_복성고_2학기_기말_고1_기출|12,[object Object],INDEX_RECORD_PRESENT,original/high/h1/2final/21_복성고_2학기_기말_고1_기출.js_12,460e78d33f4c0274f5c317b925257e84504942f41ce73129d715ac3ee36a57ce,true,①,IN_SCOPE_FORWARD,,,CLOSED_NO_SHARED_ASSET
archive/exams/original/high/h1/2final/21_복성고_2학기_기말_고1_기출.js|21_복성고_2학기_기말_고1_기출|22,archive/exams/original/high/h1/2final/21_복성고_2학기_기말_고1_기출.js,21_복성고_2학기_기말_고1_기출,22,22,22,2015,수학(하),H15-SB-05,무리함수,5,H15-SB-05-IRRATIONAL_BASIC,무리함수의 뜻과 계산,category_or_cue_inferred,complete_category,서술형,grid,false,서술형|그래프,0b4ce89f0d19a8c7dcc913100a4b7cfd6245089e48471fea1c14561bcde2a1ae,4f53cda18c2baa0c0354bb5f9a3ecbe5ed12ab4d8e11ba873c2f11161202b945,4607b523fb9a877efaefba3b1b8385dc72e191e1b0850f8291899944f88a0b54,a0b04de15a7f8ec3bcee8d97c825ed953ed0f2f86aaca55d27b73c21507dee6a,,,assets/images/21_복성고_2학기_기말_고1_기출/q22-solution.svg,4ffd9948a460cec54beb4468afb28a7e6f299914a5bf2d56f401d59beea1dddb,0,LOADED_VM,,NOT_STARTED,NOT_STARTED,NOT_STARTED,SOURCE_REVIEW,SOURCE_REVIEW,GRAPH_OR_FUNCTION_STRUCTURE|COORDINATE_OR_GEOMETRY_STRUCTURE|SET_OR_LOGIC_STRUCTURE|TABLE_OR_MATRIX_STRUCTURE,,SVG,NO_PROBLEM_VISUAL,REVIEW_REQUIRED,SOLUTION_SVG,NOT_STARTED,,,2147b287f598e39e4e5f4e99d395254f598eea26898f1321f7ede27664f0b582,NOT_STARTED,NOT_STARTED,NOT_STARTED,NOT_TESTED,PASS,canonical_and_compiled_master_match,INVENTORY_PENDING,01_scope_inventory.csv#archive/exams/original/high/h1/2final/21_복성고_2학기_기말_고1_기출.js|21_복성고_2학기_기말_고1_기출|22,[object Object],INDEX_RECORD_PRESENT,original/high/h1/2final/21_복성고_2학기_기말_고1_기출.js_22,460e78d33f4c0274f5c317b925257e84504942f41ce73129d715ac3ee36a57ce,true,"(1) $B=(t,\sqrt{t})$, $C=(9t,3\sqrt{t})$ / (2) $8$",IN_SCOPE_FORWARD,,,CLOSED_NO_SHARED_ASSET
archive/exams/original/high/h1/2final/21_순천고_2학기_기말_고1_기출.js|21_순천고_2학기_기말_고1_기출|8,archive/exams/original/high/h1/2final/21_순천고_2학기_기말_고1_기출.js,21_순천고_2학기_기말_고1_기출,8,8,8,2015,수학(하),H15-SB-05,무리함수,5,H15-SB-05-IRRATIONAL_BASIC,무리함수의 뜻과 계산,category_or_cue_inferred,complete_category,객관식,grid,false,그래프,53eb632c26be7397a90e9a9a27f40fb7013897663eba9fd6f2efcdd96abaa3b0,33df25322b696566a74a473e6940f30d5f9cef7ece09c5631ef8d9de89413abe,0bdef091c479702584f065d3a3714f8a76f851b3f0cf10912f345a5dd930b0a8,5a4592ca97ab1e4dd79fd02d5faaef2c3fde09afe32f4a5977882ebac71581d3,,,assets/images/21_순천고_2학기_기말_고1_기출/q08-solution.svg,3603e35f8f2ddfcf6fbd6683eaa85d0a3a985bd703bfde1aba1044b4f5f16ee6,0,LOADED_VM,,NOT_STARTED,NOT_STARTED,NOT_STARTED,SOURCE_REVIEW,SOURCE_REVIEW,GRAPH_OR_FUNCTION_STRUCTURE|COORDINATE_OR_GEOMETRY_STRUCTURE|TABLE_OR_MATRIX_STRUCTURE,,SVG,NO_PROBLEM_VISUAL,REVIEW_REQUIRED,SOLUTION_SVG,NOT_STARTED,,,169fda5e40e05b2a29143c2cb55fa19d1c302f4e0fafce1662ec6628de3af573,NOT_STARTED,NOT_STARTED,NOT_STARTED,NOT_TESTED,PASS,canonical_and_compiled_master_match,INVENTORY_PENDING,01_scope_inventory.csv#archive/exams/original/high/h1/2final/21_순천고_2학기_기말_고1_기출.js|21_순천고_2학기_기말_고1_기출|8,[object Object],INDEX_RECORD_PRESENT,original/high/h1/2final/21_순천고_2학기_기말_고1_기출.js_8,74f3286e450553cf6a44efbc9c2aafaf4aeacc60ffa4f8664e7f72b2795913a4,true,⑤,IN_SCOPE_FORWARD,,,CLOSED_NO_SHARED_ASSET
archive/exams/original/high/h1/2final/21_순천고_2학기_기말_고1_기출.js|21_순천고_2학기_기말_고1_기출|9,archive/exams/original/high/h1/2final/21_순천고_2학기_기말_고1_기출.js,21_순천고_2학기_기말_고1_기출,9,9,9,2015,수학(하),H15-SB-05,무리함수,5,H15-SB-05-IRRATIONAL_BASIC,무리함수의 뜻과 계산,category_or_cue_inferred,complete_category,객관식,grid,false,그래프,45d614ba5762ce3e93917968dcfc143949c97482aceac9642ee21fac51017352,aeab8c115971509d3054a1b4c7fb848d32b99efe90ee9618bb1d23e41e1f780c,d41ea6521f53fb3dfa10cf72e2932f4405d9c999fa422cdc840d25d57e90dd34,47efe5ba2b9dd89dacfb28e42c8cf0f82fd3fc3f5e4b2e53c5e3c58bd4d8c39a,,,assets/images/21_순천고_2학기_기말_고1_기출/q09-solution.svg,ad89d733acb07530bb0912100e1781254b9e19d93d78c4ca0d87a4b755d18ac4,0,LOADED_VM,,NOT_STARTED,NOT_STARTED,NOT_STARTED,SOURCE_REVIEW,SOURCE_REVIEW,GRAPH_OR_FUNCTION_STRUCTURE,,SVG,NO_PROBLEM_VISUAL,REVIEW_REQUIRED,SOLUTION_SVG,NOT_STARTED,,,d44a73f480a3cc561aa7752a5b0067441f2fcd2e523ce064155939e45fe3aee5,NOT_STARTED,NOT_STARTED,NOT_STARTED,NOT_TESTED,PASS,canonical_and_compiled_master_match,INVENTORY_PENDING,01_scope_inventory.csv#archive/exams/original/high/h1/2final/21_순천고_2학기_기말_고1_기출.js|21_순천고_2학기_기말_고1_기출|9,[object Object],INDEX_RECORD_PRESENT,original/high/h1/2final/21_순천고_2학기_기말_고1_기출.js_9,74f3286e450553cf6a44efbc9c2aafaf4aeacc60ffa4f8664e7f72b2795913a4,true,④,IN_SCOPE_FORWARD,,,CLOSED_NO_SHARED_ASSET
archive/exams/original/high/h1/2final/21_순천고_2학기_기말_고1_기출.js|21_순천고_2학기_기말_고1_기출|10,archive/exams/original/high/h1/2final/21_순천고_2학기_기말_고1_기출.js,21_순천고_2학기_기말_고1_기출,10,10,10,2015,수학(하),H15-SB-05,무리함수,5,H15-SB-05-IRRATIONAL_GRAPH,무리함수의 그래프,category_or_cue_inferred,complete_category,객관식,grid,false,그래프,1cff7ff5b697f8a419f51320c12d1e1da54d12c8f8e389e4c8aabb188197b910,f8d31cd8f4e3c3cf68e9e3f78d684cef3412db50c409851e68967951e44486aa,b15be6cb71072b84f7e1e198ce023fc5bb8b1e625335904ddcf3cffcd8b7312b,a26ace7a10fb09f0844c2fac03df082fdca72985c2510846bfd1118b4cf951ab,assets/images/21_순천고_2학기_기말_고1_기출/q10.png,1f771c251657a3beb9d213413a45cdb71318f4a9981e22ffc15aeea392a90134,assets/images/21_순천고_2학기_기말_고1_기출/q10-solution.svg,4cd31d990b6b7bf5f3a7a4bbe7e280e5c30ea712d2410dda94a9ea9b476a41cb,0,LOADED_VM,,NOT_STARTED,NOT_STARTED,NOT_STARTED,SOURCE_REVIEW,SOURCE_REVIEW,GRAPH_OR_FUNCTION_STRUCTURE|COORDINATE_OR_GEOMETRY_STRUCTURE|TABLE_OR_MATRIX_STRUCTURE,,SVG,PROBLEM_VISUAL_PRESENT,REVIEW_REQUIRED,SOLUTION_SVG,NOT_STARTED,,,6d8748d74a35165d18a2c29996ecddc6ca61849f1fdc1f8b659c7d6beb8689f7,NOT_STARTED,NOT_STARTED,NOT_STARTED,NOT_TESTED,PASS,canonical_and_compiled_master_match,INVENTORY_PENDING,01_scope_inventory.csv#archive/exams/original/high/h1/2final/21_순천고_2학기_기말_고1_기출.js|21_순천고_2학기_기말_고1_기출|10,[object Object]|[object Object],INDEX_RECORD_PRESENT,original/high/h1/2final/21_순천고_2학기_기말_고1_기출.js_10,74f3286e450553cf6a44efbc9c2aafaf4aeacc60ffa4f8664e7f72b2795913a4,true,③,IN_SCOPE_FORWARD,,,CLOSED_NO_SHARED_ASSET
archive/exams/original/high/h1/2final/21_순천고_2학기_기말_고1_기출.js|21_순천고_2학기_기말_고1_기출|11,archive/exams/original/high/h1/2final/21_순천고_2학기_기말_고1_기출.js,21_순천고_2학기_기말_고1_기출,11,11,11,2015,수학(하),H15-SB-05,무리함수,5,H15-SB-05-IRRATIONAL_BASIC,무리함수의 뜻과 계산,category_or_cue_inferred,complete_category,객관식,grid,false,그래프,ceae5ae47bcba3740c34d886798ee7f7c4ed40aa018f7ac3d165820d0cd91815,37fdb19ece9aea296d5379f4222db088e4fcbc9519127d9d3737224541307c03,973d2fd2f97e26a666f403b12da6d87e527985b36bcf4ff0a47c7e7e8c36321a,379bfa93a25e978b73729d4401bbaaaf63677216dfec247eb8d8bc6b5f9171a8,,,assets/images/21_순천고_2학기_기말_고1_기출/q11-solution.svg,0fa3da7fc42d2725ad00ec432f46633784de7b1550a49be4cfed8ff1954b854b,0,LOADED_VM,,NOT_STARTED,NOT_STARTED,NOT_STARTED,SOURCE_REVIEW,SOURCE_REVIEW,GRAPH_OR_FUNCTION_STRUCTURE|COORDINATE_OR_GEOMETRY_STRUCTURE,,SVG,NO_PROBLEM_VISUAL,REVIEW_REQUIRED,SOLUTION_SVG,NOT_STARTED,,,5cd543c55019987ce39814a24af3084fda48e10fdfcf99bcbc30fb2a05940585,NOT_STARTED,NOT_STARTED,NOT_STARTED,NOT_TESTED,PASS,canonical_and_compiled_master_match,INVENTORY_PENDING,01_scope_inventory.csv#archive/exams/original/high/h1/2final/21_순천고_2학기_기말_고1_기출.js|21_순천고_2학기_기말_고1_기출|11,[object Object],INDEX_RECORD_PRESENT,original/high/h1/2final/21_순천고_2학기_기말_고1_기출.js_11,74f3286e450553cf6a44efbc9c2aafaf4aeacc60ffa4f8664e7f72b2795913a4,true,①,IN_SCOPE_FORWARD,,,CLOSED_NO_SHARED_ASSET
archive/exams/original/high/h1/2final/21_제일고_2학기_기말_고1_기출.js|21_제일고_2학기_기말_고1_기출|5,archive/exams/original/high/h1/2final/21_제일고_2학기_기말_고1_기출.js,21_제일고_2학기_기말_고1_기출,5,5,5,2015,수학(하),H15-SB-05,무리함수,5,H15-SB-05-IRRATIONAL_BASIC,무리함수의 뜻과 계산,category_or_cue_inferred,complete_category,객관식,grid,false,무리함수|그래프|역함수|복수정답,4f1aa6056afc2b0acee8091d72c5c6935fe540e5af1ec2acfa77b6a7d161a0a8,05d1024c526421c40b7dae96930cdd0eb83a229daf7f604efeede4c2a3670f53,e12a9884f6e9d6ee7b1949822c3688249645e2971f00ecb3572cf16819db7d00,dda086af422cfb5fa20114dfe1615390a0cd7ddfea9c8f212ea84f8bbcae8cee,,,assets/images/21_제일고_2학기_기말_고1_기출/q05-solution.svg,c2f8ab491d8d5cd39539568755bb74797ea4aeefa8590b937a9daba88771eb63,0,LOADED_VM,,NOT_STARTED,NOT_STARTED,NOT_STARTED,SOURCE_REVIEW,SOURCE_REVIEW,GRAPH_OR_FUNCTION_STRUCTURE,,SVG,NO_PROBLEM_VISUAL,REVIEW_REQUIRED,SOLUTION_SVG,NOT_STARTED,,,24334be91116391ce29f34e7667c092076de8650f2e107c129b38e820912ab34,NOT_STARTED,NOT_STARTED,NOT_STARTED,NOT_TESTED,PASS,canonical_and_compiled_master_match,INVENTORY_PENDING,01_scope_inventory.csv#archive/exams/original/high/h1/2final/21_제일고_2학기_기말_고1_기출.js|21_제일고_2학기_기말_고1_기출|5,[object Object],INDEX_RECORD_PRESENT,original/high/h1/2final/21_제일고_2학기_기말_고1_기출.js_5,0042198523229562f40da4ee993f5b327cdca9f118001d5f84028d5fff3977e6,true,"②, ④, ⑤",IN_SCOPE_FORWARD,,,CLOSED_NO_SHARED_ASSET
archive/exams/original/high/h1/2final/21_제일고_2학기_기말_고1_기출.js|21_제일고_2학기_기말_고1_기출|7,archive/exams/original/high/h1/2final/21_제일고_2학기_기말_고1_기출.js,21_제일고_2학기_기말_고1_기출,7,7,7,2015,수학(하),H15-SB-05,무리함수,5,H15-SB-05-IRRATIONAL_BASIC,무리함수의 뜻과 계산,category_or_cue_inferred,complete_category,객관식,grid,false,무리함수|유리함수|그래프,3610b7a4f319d15ba1f620271b8a425a3b4f5c719b7a9f7f859fd2175ffb5f7f,f84215d20b5f7136d85eb3caeb52a054b58bf63f7c56a54e1c1b8c0ca57ac7e3,0bdef091c479702584f065d3a3714f8a76f851b3f0cf10912f345a5dd930b0a8,f46e79e882a988240238e8b8ca470717eeb24acac1f266c01b7b9be5a4b3f88c,assets/images/21_제일고_2학기_기말_고1_기출/q7.png,475f8c1c512623edd065a37f53260f4e15f363442d72b933d93685944304bd58,,,0,LOADED_VM,,NOT_STARTED,NOT_STARTED,NOT_STARTED,SVG_REQUIRED_MISSING,SVG_REQUIRED_MISSING,GRAPH_OR_FUNCTION_STRUCTURE|COORDINATE_OR_GEOMETRY_STRUCTURE,,GRAPH_CANDIDATE,PROBLEM_VISUAL_PRESENT,REVIEW_REQUIRED,NONE,NOT_STARTED,,,,NOT_STARTED,NOT_STARTED,NOT_STARTED,NOT_TESTED,PASS,canonical_and_compiled_master_match,INVENTORY_PENDING,01_scope_inventory.csv#archive/exams/original/high/h1/2final/21_제일고_2학기_기말_고1_기출.js|21_제일고_2학기_기말_고1_기출|7,[object Object],INDEX_RECORD_PRESENT,original/high/h1/2final/21_제일고_2학기_기말_고1_기출.js_7,0042198523229562f40da4ee993f5b327cdca9f118001d5f84028d5fff3977e6,true,⑤,IN_SCOPE_FORWARD,,,CLOSED_NO_SHARED_ASSET
archive/exams/original/high/h1/2final/21_팔마고_2학기_기말_고1_기출.js|21_팔마고_2학기_기말_고1_기출|2,archive/exams/original/high/h1/2final/21_팔마고_2학기_기말_고1_기출.js,21_팔마고_2학기_기말_고1_기출,2,2,2,2015,수학(하),H15-SB-05,무리함수,5,H15-SB-05-IRRATIONAL_BASIC,무리함수의 뜻과 계산,category_or_cue_inferred,complete_category,객관식,grid,false,무리함수|무리식|정의조건,150a9bd527c9cdf380d1ace06b80ba52d0ddf0e57d9036a4c68ffdc5edea021c,ff782081a4cc25de5ebd8fdb3b10e93e0a2a8b181fb4cabb15c6d4c8f83c7224,973d2fd2f97e26a666f403b12da6d87e527985b36bcf4ff0a47c7e7e8c36321a,773357a10abcee913e782357b2247b57596579a142b917105a035c33eb5131a7,,,,,0,LOADED_VM,,NOT_STARTED,NOT_STARTED,NOT_STARTED,SVG_OPTIONAL,SVG_OPTIONAL,,,NONE,NO_PROBLEM_VISUAL,N/A,NONE,NOT_STARTED,,,,NOT_STARTED,NOT_STARTED,NOT_STARTED,NOT_TESTED,PASS,canonical_and_compiled_master_match,INVENTORY_PENDING,01_scope_inventory.csv#archive/exams/original/high/h1/2final/21_팔마고_2학기_기말_고1_기출.js|21_팔마고_2학기_기말_고1_기출|2,,INDEX_RECORD_PRESENT,original/high/h1/2final/21_팔마고_2학기_기말_고1_기출.js_2,377afc847a550bc96c855ad28ddb72fcb4773e7498989dfe2a306df021c83d98,true,①,IN_SCOPE_FORWARD,,,CLOSED_NO_SHARED_ASSET
archive/exams/original/high/h1/2final/21_팔마고_2학기_기말_고1_기출.js|21_팔마고_2학기_기말_고1_기출|4,archive/exams/original/high/h1/2final/21_팔마고_2학기_기말_고1_기출.js,21_팔마고_2학기_기말_고1_기출,4,4,4,2015,수학(하),H15-SB-05,무리함수,5,H15-SB-05-IRRATIONAL_BASIC,무리함수의 뜻과 계산,category_or_cue_inferred,complete_category,객관식,grid,false,무리함수|역함수|그래프|보기,25bd5127585c3fb6a4ca219248a72a6730a08d974a6da3779c45d947cf0c6596,e85482bcbe421e27192a8bc656658c7d0350f2741ccb1f496179fc0f7dda9376,b15be6cb71072b84f7e1e198ce023fc5bb8b1e625335904ddcf3cffcd8b7312b,530ab25e7517194c55683c4ea55a3f1118a44915a06972e02d9a0cc60ed29ce0,,,assets/images/21_팔마고_2학기_기말_고1_기출/q04-solution.svg,75bf46c920e55fc46926abc892b1f4b293190e7157e90554511668eeb3fc34af,0,LOADED_VM,,NOT_STARTED,NOT_STARTED,NOT_STARTED,SOURCE_REVIEW,SOURCE_REVIEW,GRAPH_OR_FUNCTION_STRUCTURE|COORDINATE_OR_GEOMETRY_STRUCTURE,,SVG,NO_PROBLEM_VISUAL,REVIEW_REQUIRED,SOLUTION_SVG,NOT_STARTED,,,f3ec0065e9ba59deb9115a31ec66f493e186f1e4c51884e1e5e384519598cf8e,NOT_STARTED,NOT_STARTED,NOT_STARTED,NOT_TESTED,PASS,canonical_and_compiled_master_match,INVENTORY_PENDING,01_scope_inventory.csv#archive/exams/original/high/h1/2final/21_팔마고_2학기_기말_고1_기출.js|21_팔마고_2학기_기말_고1_기출|4,[object Object],INDEX_RECORD_PRESENT,original/high/h1/2final/21_팔마고_2학기_기말_고1_기출.js_4,377afc847a550bc96c855ad28ddb72fcb4773e7498989dfe2a306df021c83d98,true,③,IN_SCOPE_FORWARD,,,CLOSED_NO_SHARED_ASSET
archive/exams/original/high/h1/2final/21_팔마고_2학기_기말_고1_기출.js|21_팔마고_2학기_기말_고1_기출|6,archive/exams/original/high/h1/2final/21_팔마고_2학기_기말_고1_기출.js,21_팔마고_2학기_기말_고1_기출,6,6,6,2015,수학(하),H15-SB-05,무리함수,5,H15-SB-05-IRRATIONAL_INVERSE,무리함수와 역함수,category_or_cue_inferred,complete_category,객관식,grid,false,무리함수|역함수|대칭|원,1d94053a7ab7fb1b325e228a1f2bec42b2db9ad46064b6bae27d571c1e7cdd16,1ed5a6f03b2fc708ad7fcf0c2b021ba60347371a7ef18581649cb035d2e73c91,973d2fd2f97e26a666f403b12da6d87e527985b36bcf4ff0a47c7e7e8c36321a,fcd1f7a8033a73f62469e5e0d9945181089fb99c798267749a0718ab75a76625,,,,,0,LOADED_VM,,NOT_STARTED,NOT_STARTED,NOT_STARTED,SVG_REQUIRED_MISSING,SVG_REQUIRED_MISSING,GRAPH_OR_FUNCTION_STRUCTURE|COORDINATE_OR_GEOMETRY_STRUCTURE|TABLE_OR_MATRIX_STRUCTURE,,GRAPH_CANDIDATE,NO_PROBLEM_VISUAL,REVIEW_REQUIRED,NONE,NOT_STARTED,,,,NOT_STARTED,NOT_STARTED,NOT_STARTED,NOT_TESTED,PASS,canonical_and_compiled_master_match,INVENTORY_PENDING,01_scope_inventory.csv#archive/exams/original/high/h1/2final/21_팔마고_2학기_기말_고1_기출.js|21_팔마고_2학기_기말_고1_기출|6,,INDEX_RECORD_PRESENT,original/high/h1/2final/21_팔마고_2학기_기말_고1_기출.js_6,377afc847a550bc96c855ad28ddb72fcb4773e7498989dfe2a306df021c83d98,true,①,IN_SCOPE_FORWARD,,,CLOSED_NO_SHARED_ASSET
archive/exams/original/high/h1/2final/21_팔마고_2학기_기말_고1_기출.js|21_팔마고_2학기_기말_고1_기출|14,archive/exams/original/high/h1/2final/21_팔마고_2학기_기말_고1_기출.js,21_팔마고_2학기_기말_고1_기출,14,14,14,2015,수학(하),H15-SB-05,무리함수,5,H15-SB-05-IRRATIONAL_GRAPH,무리함수의 그래프,category_or_cue_inferred,complete_category,단답형,grid,false,무리함수|유리함수|그래프|사분면,56f995eba1e1322ac7591c2cf2b2a9dab1aac6f8399efa6880bcc59d74d87c16,4f53cda18c2baa0c0354bb5f9a3ecbe5ed12ab4d8e11ba873c2f11161202b945,480e3e83c30ab9177259b84d60be6d4cac32b960d60c7d97d0b72d17256da774,a6ceedf2c9f7e2f3bb416006f819f986e87c81318e326bc5cdfe92dc64543734,assets/images/21_팔마고_2학기_기말_고1_기출/q14.png,927e6e64386801d6f20f6b905b1fe0511cdb9c9f31a94ea2be1b4895edd00ed6,,,0,LOADED_VM,,NOT_STARTED,NOT_STARTED,NOT_STARTED,SVG_REQUIRED_MISSING,SVG_REQUIRED_MISSING,GRAPH_OR_FUNCTION_STRUCTURE|COORDINATE_OR_GEOMETRY_STRUCTURE,,GRAPH_CANDIDATE,PROBLEM_VISUAL_PRESENT,REVIEW_REQUIRED,NONE,NOT_STARTED,,,,NOT_STARTED,NOT_STARTED,NOT_STARTED,NOT_TESTED,PASS,canonical_and_compiled_master_match,INVENTORY_PENDING,01_scope_inventory.csv#archive/exams/original/high/h1/2final/21_팔마고_2학기_기말_고1_기출.js|21_팔마고_2학기_기말_고1_기출|14,[object Object],INDEX_RECORD_PRESENT,original/high/h1/2final/21_팔마고_2학기_기말_고1_기출.js_14,377afc847a550bc96c855ad28ddb72fcb4773e7498989dfe2a306df021c83d98,true,제4사분면,IN_SCOPE_FORWARD,,,CLOSED_NO_SHARED_ASSET
archive/exams/original/high/h1/2final/21_팔마고_2학기_기말_고1_기출.js|21_팔마고_2학기_기말_고1_기출|15,archive/exams/original/high/h1/2final/21_팔마고_2학기_기말_고1_기출.js,21_팔마고_2학기_기말_고1_기출,15,15,15,2015,수학(하),H15-SB-05,무리함수,5,H15-SB-05-IRRATIONAL_BASIC,무리함수의 뜻과 계산,category_or_cue_inferred,complete_category,단답형,grid,false,무리함수|최댓값|최솟값,caab5a6e8e3666cea3e4d28bfa755a5887a86e81887e4474335769eb95d73b14,4f53cda18c2baa0c0354bb5f9a3ecbe5ed12ab4d8e11ba873c2f11161202b945,dff7583cd7c775015faa52e58de44e82f3c29f052fa55207805c31a0f5d653aa,66a66dbd0649468d900f21e195862f22ab5eef767baaa5a485d0e75ea150fd1f,,,,,0,LOADED_VM,,NOT_STARTED,NOT_STARTED,NOT_STARTED,SVG_OPTIONAL,SVG_OPTIONAL,,,NONE,NO_PROBLEM_VISUAL,N/A,NONE,NOT_STARTED,,,,NOT_STARTED,NOT_STARTED,NOT_STARTED,NOT_TESTED,PASS,canonical_and_compiled_master_match,INVENTORY_PENDING,01_scope_inventory.csv#archive/exams/original/high/h1/2final/21_팔마고_2학기_기말_고1_기출.js|21_팔마고_2학기_기말_고1_기출|15,,INDEX_RECORD_PRESENT,original/high/h1/2final/21_팔마고_2학기_기말_고1_기출.js_15,377afc847a550bc96c855ad28ddb72fcb4773e7498989dfe2a306df021c83d98,true,$-1$,IN_SCOPE_FORWARD,,,CLOSED_NO_SHARED_ASSET
archive/exams/original/high/h1/2final/21_팔마고_2학기_기말_고1_기출.js|21_팔마고_2학기_기말_고1_기출|20,archive/exams/original/high/h1/2final/21_팔마고_2학기_기말_고1_기출.js,21_팔마고_2학기_기말_고1_기출,20,20,20,2015,수학(하),H15-SB-05,무리함수,5,H15-SB-05-IRRATIONAL_INVERSE,무리함수와 역함수,category_or_cue_inferred,complete_category,서술형,grid,false,서술형|무리함수|직선|교점의개수|표|그래프,5768fac5b58c44c012f95eab164f0f87715a202f86cf91cf40d6347ff210baec,4f53cda18c2baa0c0354bb5f9a3ecbe5ed12ab4d8e11ba873c2f11161202b945,e15f6cdca3ce1464881d05dd9d74bb1e4c4977ca8ba648d2afb51ee112e3f0d4,7f42f8487e5a2e0676c143b235f78c4b19c1487398565049cda28b4d29641bcf,,,assets/images/21_팔마고_2학기_기말_고1_기출/q20-solution.svg,17e1c80292e7040d4e603a54215bfeda720f0e26ce2da0b374b8cc59cf976066,0,LOADED_VM,,NOT_STARTED,NOT_STARTED,NOT_STARTED,SOURCE_REVIEW,SOURCE_REVIEW,GRAPH_OR_FUNCTION_STRUCTURE|COORDINATE_OR_GEOMETRY_STRUCTURE|TABLE_OR_MATRIX_STRUCTURE,,SVG,NO_PROBLEM_VISUAL,REVIEW_REQUIRED,SOLUTION_SVG,NOT_STARTED,,,89b6a5f5625eb63a0026a4c2d0cc3b3b1e242cf1f9fe60ca9f7c07a6ad73239f,NOT_STARTED,NOT_STARTED,NOT_STARTED,NOT_TESTED,PASS,canonical_and_compiled_master_match,INVENTORY_PENDING,01_scope_inventory.csv#archive/exams/original/high/h1/2final/21_팔마고_2학기_기말_고1_기출.js|21_팔마고_2학기_기말_고1_기출|20,[object Object],INDEX_RECORD_PRESENT,original/high/h1/2final/21_팔마고_2학기_기말_고1_기출.js_20,377afc847a550bc96c855ad28ddb72fcb4773e7498989dfe2a306df021c83d98,true,$k\lt-2$ 또는 $k=-1$,IN_SCOPE_FORWARD,,,CLOSED_NO_SHARED_ASSET
archive/exams/original/high/h1/2final/21_효천고_2학기_기말_고1_기출.js|21_효천고_2학기_기말_고1_기출|7,archive/exams/original/high/h1/2final/21_효천고_2학기_기말_고1_기출.js,21_효천고_2학기_기말_고1_기출,7,7,7,2015,수학(하),H15-SB-05,무리함수,5,H15-SB-05-IRRATIONAL_BASIC,무리함수의 뜻과 계산,category_or_cue_inferred,complete_category,객관식,grid,false,객관식|무리함수|치역,2cc7a643b039bc7cb79f878800053c1e68b00cdc3131d9f50a75af5cfb7f8707,768235831915497d85913ce9520e700f0f9437fe8c5704cc7139f3d997aca0cd,d41ea6521f53fb3dfa10cf72e2932f4405d9c999fa422cdc840d25d57e90dd34,5170f0e2b77bc0ab792f06e0421b8dea7245f5e0075fdfb5c886f793144bd92d,,,,,0,LOADED_VM,,NOT_STARTED,NOT_STARTED,NOT_STARTED,SVG_REQUIRED_MISSING,SVG_REQUIRED_MISSING,GRAPH_OR_FUNCTION_STRUCTURE,,GRAPH_CANDIDATE,NO_PROBLEM_VISUAL,REVIEW_REQUIRED,NONE,NOT_STARTED,,,,NOT_STARTED,NOT_STARTED,NOT_STARTED,NOT_TESTED,PASS,canonical_and_compiled_master_match,INVENTORY_PENDING,01_scope_inventory.csv#archive/exams/original/high/h1/2final/21_효천고_2학기_기말_고1_기출.js|21_효천고_2학기_기말_고1_기출|7,,INDEX_RECORD_PRESENT,original/high/h1/2final/21_효천고_2학기_기말_고1_기출.js_7,ae2987e48398d97879a0b4dc855bc8c1d88fbe1a6e2e2c4ffb2ecd39ffa7fd08,true,④,IN_SCOPE_FORWARD,,,CLOSED_NO_SHARED_ASSET
archive/exams/original/high/h1/2final/21_효천고_2학기_기말_고1_기출.js|21_효천고_2학기_기말_고1_기출|12,archive/exams/original/high/h1/2final/21_효천고_2학기_기말_고1_기출.js,21_효천고_2학기_기말_고1_기출,12,12,12,2015,수학(하),H15-SB-05,무리함수,5,H15-SB-05-IRRATIONAL_INVERSE,무리함수와 역함수,category_or_cue_inferred,complete_category,객관식,grid,false,객관식|무리함수|절댓값|교점|그래프,50229bc9f792979cc33e464bf14f628345f7e6aece0492add62cc4e980ffc1c8,ff782081a4cc25de5ebd8fdb3b10e93e0a2a8b181fb4cabb15c6d4c8f83c7224,dfde05a3668030e99ca64d8d4ae5f6b64c7a87cee61c0ba43904b92ef210191d,e928999d222dda33fb8ef0e76acfbf5848464ccb4f0bd2c10488a57d09761789,,,assets/images/21_효천고_2학기_기말_고1_기출/q12-solution.svg,258575a9523ba10455d3d72edb4e7c74241c40a2aea17bec7c644c1c30b509d5,0,LOADED_VM,,NOT_STARTED,NOT_STARTED,NOT_STARTED,SOURCE_REVIEW,SOURCE_REVIEW,GRAPH_OR_FUNCTION_STRUCTURE|COORDINATE_OR_GEOMETRY_STRUCTURE,,SVG,NO_PROBLEM_VISUAL,REVIEW_REQUIRED,SOLUTION_SVG,NOT_STARTED,,,f2dc2fdb2dfe3eacabf759d466b9314f43e85eee9fbdf1cabb17d48232ab90bd,NOT_STARTED,NOT_STARTED,NOT_STARTED,NOT_TESTED,PASS,canonical_and_compiled_master_match,INVENTORY_PENDING,01_scope_inventory.csv#archive/exams/original/high/h1/2final/21_효천고_2학기_기말_고1_기출.js|21_효천고_2학기_기말_고1_기출|12,[object Object],INDEX_RECORD_PRESENT,original/high/h1/2final/21_효천고_2학기_기말_고1_기출.js_12,ae2987e48398d97879a0b4dc855bc8c1d88fbe1a6e2e2c4ffb2ecd39ffa7fd08,true,②,IN_SCOPE_FORWARD,,,CLOSED_NO_SHARED_ASSET
archive/exams/original/high/h1/2final/21_효천고_2학기_기말_고1_기출.js|21_효천고_2학기_기말_고1_기출|20,archive/exams/original/high/h1/2final/21_효천고_2학기_기말_고1_기출.js,21_효천고_2학기_기말_고1_기출,20,20,20,2015,수학(하),H15-SB-05,무리함수,5,H15-SB-05-IRRATIONAL_BASIC,무리함수의 뜻과 계산,category_or_cue_inferred,complete_category,서술형,grid,false,서술형|무리함수|격자점,9010408cca438f67d210c6a7b78c1b930905162a0b0eadc7136684f96ab6f1b8,4f53cda18c2baa0c0354bb5f9a3ecbe5ed12ab4d8e11ba873c2f11161202b945,ec12d937c4b3bc5cae4c8dd7a70251a296184920102c3b1a7d2c45f6f7c4ad61,3b9bba52742752a8a6407bb59a58d6e89d4707dcd5f8b7d112f9018408f7a0cf,,,,,0,LOADED_VM,,NOT_STARTED,NOT_STARTED,NOT_STARTED,SVG_REQUIRED_MISSING,SVG_REQUIRED_MISSING,COORDINATE_OR_GEOMETRY_STRUCTURE|COUNTING_STRUCTURE|TABLE_OR_MATRIX_STRUCTURE,,VISUAL_CANDIDATE,NO_PROBLEM_VISUAL,REVIEW_REQUIRED,NONE,NOT_STARTED,,,,NOT_STARTED,NOT_STARTED,NOT_STARTED,NOT_TESTED,PASS,canonical_and_compiled_master_match,INVENTORY_PENDING,01_scope_inventory.csv#archive/exams/original/high/h1/2final/21_효천고_2학기_기말_고1_기출.js|21_효천고_2학기_기말_고1_기출|20,,INDEX_RECORD_PRESENT,original/high/h1/2final/21_효천고_2학기_기말_고1_기출.js_20,ae2987e48398d97879a0b4dc855bc8c1d88fbe1a6e2e2c4ffb2ecd39ffa7fd08,true,$68$,IN_SCOPE_FORWARD,,,CLOSED_NO_SHARED_ASSET
archive/exams/original/high/h1/2final/22_강남여고_2학기_기말_고1_기출.js|22_강남여고_2학기_기말_고1_기출|11,archive/exams/original/high/h1/2final/22_강남여고_2학기_기말_고1_기출.js,22_강남여고_2학기_기말_고1_기출,11,11,11,2015,수학(하),H15-SB-05,무리함수,5,H15-SB-05-IRRATIONAL_INVERSE,무리함수와 역함수,category_or_cue_inferred,complete_category,객관식,grid,false,무리함수|역함수|교점|그래프,deb64a4aba49e26768467d72e0e76876c20a4653ca97cc9ff436968a1367b381,4278fabffe34cdc457a01eab1fc166d817a2f85518ea291ee698655fa3f97f67,dfde05a3668030e99ca64d8d4ae5f6b64c7a87cee61c0ba43904b92ef210191d,8db70d3f4f0f805d32b1ac8057b0a76700a106ad2b37a1f81b9475f3ca2be371,,,assets/images/22_강남여고_2학기_기말_고1_기출/q11-solution.svg,1845aa689ddbe86dfda1b462936faa0555c5541696d09f2c05d779847d7a6bed,0,LOADED_VM,,NOT_STARTED,NOT_STARTED,NOT_STARTED,SOURCE_REVIEW,SOURCE_REVIEW,GRAPH_OR_FUNCTION_STRUCTURE|COORDINATE_OR_GEOMETRY_STRUCTURE,,SVG,NO_PROBLEM_VISUAL,REVIEW_REQUIRED,SOLUTION_SVG,NOT_STARTED,,,9488d0dc014c48e7183c3a0e8a13d15c5e21293991b709ec9446ab6c97587067,NOT_STARTED,NOT_STARTED,NOT_STARTED,NOT_TESTED,PASS,canonical_and_compiled_master_match,INVENTORY_PENDING,01_scope_inventory.csv#archive/exams/original/high/h1/2final/22_강남여고_2학기_기말_고1_기출.js|22_강남여고_2학기_기말_고1_기출|11,[object Object],INDEX_RECORD_PRESENT,original/high/h1/2final/22_강남여고_2학기_기말_고1_기출.js_11,2788ed5a4ba22bd3953cea078fe1a76de8e34c41cdfb8e723e4ad2afc68525ea,true,②,IN_SCOPE_FORWARD,,,CLOSED_NO_SHARED_ASSET
archive/exams/original/high/h1/2final/22_강남여고_2학기_기말_고1_기출.js|22_강남여고_2학기_기말_고1_기출|18,archive/exams/original/high/h1/2final/22_강남여고_2학기_기말_고1_기출.js,22_강남여고_2학기_기말_고1_기출,18,18,18,2015,수학(하),H15-SB-05,무리함수,5,H15-SB-05-IRRATIONAL_BASIC,무리함수의 뜻과 계산,category_or_cue_inferred,complete_category,객관식,grid,false,무리함수|선분의길이|합의계산|도형|그래프,aea1a30b29b8d25e418290b3545a1420ca488bc1e7703a563898eca5f58125ad,7100b0128f9285f62b07c859398d1038df0c97a65d5d67fb007a51bed191e779,dfde05a3668030e99ca64d8d4ae5f6b64c7a87cee61c0ba43904b92ef210191d,093d54330dbd2dd9d422b0bdc51cd062e6692d8fc76d952834b47826b15e17aa,assets/images/22_강남여고_2학기_기말_고1_기출/q18.png,0f9e253a6c8cb32862e0e0f9a171eda138c0f15977bf54b69512e7d3a70441f2,assets/images/22_강남여고_2학기_기말_고1_기출/q18-solution.svg,377c1e54da9de337d185081925ef37f8f472d11fee838598f2b14d986ba07860,0,LOADED_VM,,NOT_STARTED,NOT_STARTED,NOT_STARTED,SOURCE_REVIEW,SOURCE_REVIEW,GRAPH_OR_FUNCTION_STRUCTURE|COORDINATE_OR_GEOMETRY_STRUCTURE,,SVG,PROBLEM_VISUAL_PRESENT,REVIEW_REQUIRED,SOLUTION_SVG,NOT_STARTED,,,339157e5b31e499e852b3e639deadb0bfbacaa95b920abba05281c064a44c934,NOT_STARTED,NOT_STARTED,NOT_STARTED,NOT_TESTED,PASS,canonical_and_compiled_master_match,INVENTORY_PENDING,01_scope_inventory.csv#archive/exams/original/high/h1/2final/22_강남여고_2학기_기말_고1_기출.js|22_강남여고_2학기_기말_고1_기출|18,[object Object]|[object Object],INDEX_RECORD_PRESENT,original/high/h1/2final/22_강남여고_2학기_기말_고1_기출.js_18,2788ed5a4ba22bd3953cea078fe1a76de8e34c41cdfb8e723e4ad2afc68525ea,true,②,IN_SCOPE_FORWARD,,,CLOSED_NO_SHARED_ASSET
archive/exams/original/high/h1/2final/22_강남여고_2학기_기말_고1_기출.js|22_강남여고_2학기_기말_고1_기출|22,archive/exams/original/high/h1/2final/22_강남여고_2학기_기말_고1_기출.js,22_강남여고_2학기_기말_고1_기출,22,22,22,2015,수학(하),H15-SB-05,무리함수,5,H15-SB-05-IRRATIONAL_BASIC,무리함수의 뜻과 계산,category_or_cue_inferred,complete_category,서술형,grid,false,서술형|무리함수|역함수|정의역|그래프,757541697fff258056e3941f2cf2bbe112eda8bca3ccc498bcab98557892b8bf,4f53cda18c2baa0c0354bb5f9a3ecbe5ed12ab4d8e11ba873c2f11161202b945,b3e9b0fe909c0eddf138fe7fed41af58ecf1bc1d8d6e57ea756df35f42c867eb,3e41a5d0a4c3d3732bd039e5f6a82f4b5f0869e80a17b7f66b1e9e10cef31c9f,,,assets/images/22_강남여고_2학기_기말_고1_기출/q22-solution.svg,5dc385414d2435b60959c47ca4ee32d0e68a50011ede479a031f070b5d7f00b4,0,LOADED_VM,,NOT_STARTED,NOT_STARTED,NOT_STARTED,SOURCE_REVIEW,SOURCE_REVIEW,GRAPH_OR_FUNCTION_STRUCTURE,,SVG,NO_PROBLEM_VISUAL,REVIEW_REQUIRED,SOLUTION_SVG,NOT_STARTED,,,5181004d8b7137270ba3de1db4dda0a94e4c4f52724f644b242a997765a240ca,NOT_STARTED,NOT_STARTED,NOT_STARTED,NOT_TESTED,PASS,canonical_and_compiled_master_match,INVENTORY_PENDING,01_scope_inventory.csv#archive/exams/original/high/h1/2final/22_강남여고_2학기_기말_고1_기출.js|22_강남여고_2학기_기말_고1_기출|22,[object Object],INDEX_RECORD_PRESENT,original/high/h1/2final/22_강남여고_2학기_기말_고1_기출.js_22,2788ed5a4ba22bd3953cea078fe1a76de8e34c41cdfb8e723e4ad2afc68525ea,true,"$a=16$, $f^{-1}(x)=\dfrac{x^2}{2}+4x$, 정의역 $\{x\mid x\ge-4\}$",IN_SCOPE_FORWARD,,,CLOSED_NO_SHARED_ASSET
archive/exams/original/high/h1/2final/22_금당고_2학기_기말_고1_기출.js|22_금당고_2학기_기말_고1_기출|2,archive/exams/original/high/h1/2final/22_금당고_2학기_기말_고1_기출.js,22_금당고_2학기_기말_고1_기출,2,2,2,2015,수학(하),H15-SB-05,무리함수,5,H15-SB-05-IRRATIONAL_BASIC,무리함수의 뜻과 계산,category_or_cue_inferred,complete_category,객관식,grid,false,무리함수|함숫값,151dbb3da87fe1f1828fc8a80d888cb49f82b8c5c3f79b10069123e504d74c76,5975b3baf6883fe3b1f88d2984ea4743e20654959823830138629ac090d88759,b15be6cb71072b84f7e1e198ce023fc5bb8b1e625335904ddcf3cffcd8b7312b,adaad6204c1740e9310323e93324245f0c2bc91d4dc903f279b320ee6b3ade5a,,,,,0,LOADED_VM,,NOT_STARTED,NOT_STARTED,NOT_STARTED,SVG_OPTIONAL,SVG_OPTIONAL,,,NONE,NO_PROBLEM_VISUAL,N/A,NONE,NOT_STARTED,,,,NOT_STARTED,NOT_STARTED,NOT_STARTED,NOT_TESTED,PASS,canonical_and_compiled_master_match,INVENTORY_PENDING,01_scope_inventory.csv#archive/exams/original/high/h1/2final/22_금당고_2학기_기말_고1_기출.js|22_금당고_2학기_기말_고1_기출|2,,INDEX_RECORD_PRESENT,original/high/h1/2final/22_금당고_2학기_기말_고1_기출.js_2,2fb6ae7dfd077d6d23961c3698b6b5226e402681f7ba86ae7e03bcb3ce670c38,true,③,IN_SCOPE_FORWARD,,,CLOSED_NO_SHARED_ASSET
archive/exams/original/high/h1/2final/22_금당고_2학기_기말_고1_기출.js|22_금당고_2학기_기말_고1_기출|8,archive/exams/original/high/h1/2final/22_금당고_2학기_기말_고1_기출.js,22_금당고_2학기_기말_고1_기출,8,8,8,2015,수학(하),H15-SB-05,무리함수,5,H15-SB-05-IRRATIONAL_INVERSE,무리함수와 역함수,category_or_cue_inferred,complete_category,객관식,grid,false,무리함수|역함수|교점|그래프,8736eb0e451e11d73037549ee8048c643156cf1028c323caf68a6ad4a3fc84a4,d3ebe1a3e3e43242a32a423e25d174e3c50c90b650212d60161b8af9b01509c4,973d2fd2f97e26a666f403b12da6d87e527985b36bcf4ff0a47c7e7e8c36321a,82fe5a0e7ebe0dd634764824203021da2eda39cf905799171a9889870ce35d45,,,assets/images/22_금당고_2학기_기말_고1_기출/q08-solution.svg,be3dbdc88088c09ef2b88173ed5988b3551e75ba7f1263c416c54aac47b87c5e,0,LOADED_VM,,NOT_STARTED,NOT_STARTED,NOT_STARTED,SOURCE_REVIEW,SOURCE_REVIEW,GRAPH_OR_FUNCTION_STRUCTURE|COORDINATE_OR_GEOMETRY_STRUCTURE,,SVG,NO_PROBLEM_VISUAL,REVIEW_REQUIRED,SOLUTION_SVG,NOT_STARTED,,,70e1dbcfa010f550d4b81428f4d6b384c9a587ac27c6ab5bb75d5710eaea49ce,NOT_STARTED,NOT_STARTED,NOT_STARTED,NOT_TESTED,PASS,canonical_and_compiled_master_match,INVENTORY_PENDING,01_scope_inventory.csv#archive/exams/original/high/h1/2final/22_금당고_2학기_기말_고1_기출.js|22_금당고_2학기_기말_고1_기출|8,[object Object],INDEX_RECORD_PRESENT,original/high/h1/2final/22_금당고_2학기_기말_고1_기출.js_8,2fb6ae7dfd077d6d23961c3698b6b5226e402681f7ba86ae7e03bcb3ce670c38,true,①,IN_SCOPE_FORWARD,,,CLOSED_NO_SHARED_ASSET
archive/exams/original/high/h1/2final/22_금당고_2학기_기말_고1_기출.js|22_금당고_2학기_기말_고1_기출|17,archive/exams/original/high/h1/2final/22_금당고_2학기_기말_고1_기출.js,22_금당고_2학기_기말_고1_기출,17,17,17,2015,수학(하),H15-SB-05,무리함수,5,H15-SB-05-IRRATIONAL_BASIC,무리함수의 뜻과 계산,category_or_cue_inferred,complete_category,객관식,grid,false,유리함수|무리함수|교점의개수|매개변수|그래프,693e1b9a581bb66e489ca3b44d3b59a3a61e33d0738676c6e9c5b362b58e77e7,089e9ad75d1e53f0176287410930641bc497a7ce15eaf881f7096b9eb287d699,0bdef091c479702584f065d3a3714f8a76f851b3f0cf10912f345a5dd930b0a8,0d15483a424864ade17c875efcdba3efa63093b26b289ba3eed9396eac583ff1,,,assets/images/22_금당고_2학기_기말_고1_기출/q17-solution.svg,ccd321967a8471a320a4d850cdf1a059522c15f48b90944355c0c5cedb5bab24,0,LOADED_VM,,NOT_STARTED,NOT_STARTED,NOT_STARTED,SOURCE_REVIEW,SOURCE_REVIEW,GRAPH_OR_FUNCTION_STRUCTURE|COORDINATE_OR_GEOMETRY_STRUCTURE|TABLE_OR_MATRIX_STRUCTURE,,SVG,NO_PROBLEM_VISUAL,REVIEW_REQUIRED,SOLUTION_SVG,NOT_STARTED,,,1fe7eda52f2f9ea5d65361131677a3e54aea80dfdf2897cb83fbe9da4826ee2c,NOT_STARTED,NOT_STARTED,NOT_STARTED,NOT_TESTED,PASS,canonical_and_compiled_master_match,INVENTORY_PENDING,01_scope_inventory.csv#archive/exams/original/high/h1/2final/22_금당고_2학기_기말_고1_기출.js|22_금당고_2학기_기말_고1_기출|17,[object Object],INDEX_RECORD_PRESENT,original/high/h1/2final/22_금당고_2학기_기말_고1_기출.js_17,2fb6ae7dfd077d6d23961c3698b6b5226e402681f7ba86ae7e03bcb3ce670c38,true,⑤,IN_SCOPE_FORWARD,,,CLOSED_NO_SHARED_ASSET
archive/exams/original/high/h1/2final/22_매산고_2학기_기말_고1_기출.js|22_매산고_2학기_기말_고1_기출|3,archive/exams/original/high/h1/2final/22_매산고_2학기_기말_고1_기출.js,22_매산고_2학기_기말_고1_기출,3,3,3,2015,수학(하),H15-SB-05,무리함수,5,H15-SB-05-IRRATIONAL_BASIC,무리함수의 뜻과 계산,category_or_cue_inferred,complete_category,객관식,grid,false,무리함수|정의역|치역|그래프,1fa087942354b9356eae9194bb1ea7ef716c64b8a0c322a887cf70086a1bcafd,647b8276684f1ee863036215113b88f9ff700bb36a906d438366992b347f3c66,b15be6cb71072b84f7e1e198ce023fc5bb8b1e625335904ddcf3cffcd8b7312b,012a1b63c85a2cfd69d17e953d97532df5f2e093c1185d8fb8c35e18ff8daaf4,,,assets/images/22_매산고_2학기_기말_고1_기출/q03-solution.svg,c0be533ad14e4524e815122506b765e51b870af93412543dc8d6ab20c84f26b8,0,LOADED_VM,,NOT_STARTED,NOT_STARTED,NOT_STARTED,SOURCE_REVIEW,SOURCE_REVIEW,GRAPH_OR_FUNCTION_STRUCTURE,,SVG,NO_PROBLEM_VISUAL,REVIEW_REQUIRED,SOLUTION_SVG,NOT_STARTED,,,6a31b2880bd5525a2efaaaee4e5d2b226b5d81eef15dfbeb338dc3b7e19fa2dc,NOT_STARTED,NOT_STARTED,NOT_STARTED,NOT_TESTED,PASS,canonical_and_compiled_master_match,INVENTORY_PENDING,01_scope_inventory.csv#archive/exams/original/high/h1/2final/22_매산고_2학기_기말_고1_기출.js|22_매산고_2학기_기말_고1_기출|3,[object Object],INDEX_RECORD_PRESENT,original/high/h1/2final/22_매산고_2학기_기말_고1_기출.js_3,080624e0ddd8c7eb93ad56fe79324fed737f013c76158bc993d10358ad99b9da,true,③,IN_SCOPE_FORWARD,,,CLOSED_NO_SHARED_ASSET
archive/exams/original/high/h1/2final/22_매산고_2학기_기말_고1_기출.js|22_매산고_2학기_기말_고1_기출|7,archive/exams/original/high/h1/2final/22_매산고_2학기_기말_고1_기출.js,22_매산고_2학기_기말_고1_기출,7,7,7,2015,수학(하),H15-SB-05,무리함수,5,H15-SB-05-IRRATIONAL_INVERSE,무리함수와 역함수,category_or_cue_inferred,complete_category,객관식,grid,false,무리함수|직선|제1사분면|그래프,811f5c969514b19f076052352365e3a720c337e771c02d3876196afcc3163e42,ff782081a4cc25de5ebd8fdb3b10e93e0a2a8b181fb4cabb15c6d4c8f83c7224,973d2fd2f97e26a666f403b12da6d87e527985b36bcf4ff0a47c7e7e8c36321a,c338494172f38ec5505b08e46af54cc920fd55d7a869b646a02d4c2b85236326,,,assets/images/22_매산고_2학기_기말_고1_기출/q07-solution.svg,94dcf54f5b012d1eb6555bc3b16a46aa03f80dec1946f9614f980a3b7b7155c5,0,LOADED_VM,,NOT_STARTED,NOT_STARTED,NOT_STARTED,SOURCE_REVIEW,SOURCE_REVIEW,GRAPH_OR_FUNCTION_STRUCTURE|COORDINATE_OR_GEOMETRY_STRUCTURE|TABLE_OR_MATRIX_STRUCTURE,,SVG,NO_PROBLEM_VISUAL,REVIEW_REQUIRED,SOLUTION_SVG,NOT_STARTED,,,547e72ea4b2c89e0ff0825a856253ba5000d9808c41c864b923b8dd560ffac23,NOT_STARTED,NOT_STARTED,NOT_STARTED,NOT_TESTED,PASS,canonical_and_compiled_master_match,INVENTORY_PENDING,01_scope_inventory.csv#archive/exams/original/high/h1/2final/22_매산고_2학기_기말_고1_기출.js|22_매산고_2학기_기말_고1_기출|7,[object Object],INDEX_RECORD_PRESENT,original/high/h1/2final/22_매산고_2학기_기말_고1_기출.js_7,080624e0ddd8c7eb93ad56fe79324fed737f013c76158bc993d10358ad99b9da,true,①,IN_SCOPE_FORWARD,,,CLOSED_NO_SHARED_ASSET
archive/exams/original/high/h1/2final/22_매산고_2학기_기말_고1_기출.js|22_매산고_2학기_기말_고1_기출|14,archive/exams/original/high/h1/2final/22_매산고_2학기_기말_고1_기출.js,22_매산고_2학기_기말_고1_기출,14,14,14,2015,수학(하),H15-SB-05,무리함수,5,H15-SB-05-IRRATIONAL_BASIC,무리함수의 뜻과 계산,category_or_cue_inferred,complete_category,객관식,grid,false,무리함수|교점의개수|최댓값,57f5e0a17a31db0f066394d93461956343551608de870acddfc0579014a39e74,ae458324e10a2e844b7b77a5e6fc84d12edd4abac443ad793a758ea3d662e5db,973d2fd2f97e26a666f403b12da6d87e527985b36bcf4ff0a47c7e7e8c36321a,b1ec4abb079afe1787042935ab6d6622bc61b8a1c50054cab582417367bb8f13,,,,,0,LOADED_VM,,NOT_STARTED,NOT_STARTED,NOT_STARTED,SVG_REQUIRED_MISSING,SVG_REQUIRED_MISSING,COORDINATE_OR_GEOMETRY_STRUCTURE|TABLE_OR_MATRIX_STRUCTURE,,VISUAL_CANDIDATE,NO_PROBLEM_VISUAL,REVIEW_REQUIRED,NONE,NOT_STARTED,,,,NOT_STARTED,NOT_STARTED,NOT_STARTED,NOT_TESTED,PASS,canonical_and_compiled_master_match,INVENTORY_PENDING,01_scope_inventory.csv#archive/exams/original/high/h1/2final/22_매산고_2학기_기말_고1_기출.js|22_매산고_2학기_기말_고1_기출|14,,INDEX_RECORD_PRESENT,original/high/h1/2final/22_매산고_2학기_기말_고1_기출.js_14,080624e0ddd8c7eb93ad56fe79324fed737f013c76158bc993d10358ad99b9da,true,①,IN_SCOPE_FORWARD,,,CLOSED_NO_SHARED_ASSET
archive/exams/original/high/h1/2final/22_매산고_2학기_기말_고1_기출.js|22_매산고_2학기_기말_고1_기출|16,archive/exams/original/high/h1/2final/22_매산고_2학기_기말_고1_기출.js,22_매산고_2학기_기말_고1_기출,16,16,16,2015,수학(하),H15-SB-05,무리함수,5,H15-SB-05-IRRATIONAL_BASIC,무리함수의 뜻과 계산,category_or_cue_inferred,complete_category,단답형,grid,false,무리함수|최댓값|최솟값,762f7963ab0312acc7990c3eb491cf4f8d730053d2d3c03e419e766c6e383cd2,4f53cda18c2baa0c0354bb5f9a3ecbe5ed12ab4d8e11ba873c2f11161202b945,a5260607555ce3c2aa5f715630e2860efbb9dd4249ce192057f9972354587880,647d3e4849ccb615408edc0c06709828a8cdd076285233e56c0990b476df3000,,,,,0,LOADED_VM,,NOT_STARTED,NOT_STARTED,NOT_STARTED,SVG_OPTIONAL,SVG_OPTIONAL,,,NONE,NO_PROBLEM_VISUAL,N/A,NONE,NOT_STARTED,,,,NOT_STARTED,NOT_STARTED,NOT_STARTED,NOT_TESTED,PASS,canonical_and_compiled_master_match,INVENTORY_PENDING,01_scope_inventory.csv#archive/exams/original/high/h1/2final/22_매산고_2학기_기말_고1_기출.js|22_매산고_2학기_기말_고1_기출|16,,INDEX_RECORD_PRESENT,original/high/h1/2final/22_매산고_2학기_기말_고1_기출.js_16,080624e0ddd8c7eb93ad56fe79324fed737f013c76158bc993d10358ad99b9da,true,$-7$,IN_SCOPE_FORWARD,,,CLOSED_NO_SHARED_ASSET
archive/exams/original/high/h1/2final/22_복성고_2학기_기말_고1_기출.js|22_복성고_2학기_기말_고1_기출|3,archive/exams/original/high/h1/2final/22_복성고_2학기_기말_고1_기출.js,22_복성고_2학기_기말_고1_기출,3,3,3,2015,수학(하),H15-SB-05,무리함수,5,H15-SB-05-IRRATIONAL_BASIC,무리함수의 뜻과 계산,category_or_cue_inferred,complete_category,객관식,grid,false,무리함수,d1f1c0283d7b6769be912078040fa4c16a7195b07160877e6c02329ccbc35adf,0ba0b6a70a880ea22925c79e3d20db7677cbe6d05a07d18ff1f607e9466348b3,dfde05a3668030e99ca64d8d4ae5f6b64c7a87cee61c0ba43904b92ef210191d,c324e485d4ebfafe911daf28af45c6106b8352e2644ffeb11016251a2fd194e3,,,,,0,LOADED_VM,,NOT_STARTED,NOT_STARTED,NOT_STARTED,SVG_OPTIONAL,SVG_OPTIONAL,,,NONE,NO_PROBLEM_VISUAL,N/A,NONE,NOT_STARTED,,,,NOT_STARTED,NOT_STARTED,NOT_STARTED,NOT_TESTED,PASS,canonical_and_compiled_master_match,INVENTORY_PENDING,01_scope_inventory.csv#archive/exams/original/high/h1/2final/22_복성고_2학기_기말_고1_기출.js|22_복성고_2학기_기말_고1_기출|3,,INDEX_RECORD_PRESENT,original/high/h1/2final/22_복성고_2학기_기말_고1_기출.js_3,0df0b09b954a9ce40ec74ad64374b7af88ff6743c9c9f9d45fd0cd24f83f0e85,true,②,IN_SCOPE_FORWARD,,,CLOSED_NO_SHARED_ASSET
archive/exams/original/high/h1/2final/22_복성고_2학기_기말_고1_기출.js|22_복성고_2학기_기말_고1_기출|5,archive/exams/original/high/h1/2final/22_복성고_2학기_기말_고1_기출.js,22_복성고_2학기_기말_고1_기출,5,5,5,2015,수학(하),H15-SB-05,무리함수,5,H15-SB-05-IRRATIONAL_BASIC,무리함수의 뜻과 계산,category_or_cue_inferred,complete_category,객관식,grid,false,무리함수,a530f9a8112f973fe128001734686f6ebd697e91a1f7b03919745e005cfab188,e0a2d515b9432b7ce272fe4d09d2234810d327b803650316fda86b74a012a5e6,973d2fd2f97e26a666f403b12da6d87e527985b36bcf4ff0a47c7e7e8c36321a,9551cf790240c944e43909d759d9e587e32732beea731a45f657667ea86252ab,,,,,0,LOADED_VM,,NOT_STARTED,NOT_STARTED,NOT_STARTED,SVG_REQUIRED_MISSING,SVG_REQUIRED_MISSING,GRAPH_OR_FUNCTION_STRUCTURE,,GRAPH_CANDIDATE,NO_PROBLEM_VISUAL,REVIEW_REQUIRED,NONE,NOT_STARTED,,,,NOT_STARTED,NOT_STARTED,NOT_STARTED,NOT_TESTED,PASS,canonical_and_compiled_master_match,INVENTORY_PENDING,01_scope_inventory.csv#archive/exams/original/high/h1/2final/22_복성고_2학기_기말_고1_기출.js|22_복성고_2학기_기말_고1_기출|5,,INDEX_RECORD_PRESENT,original/high/h1/2final/22_복성고_2학기_기말_고1_기출.js_5,0df0b09b954a9ce40ec74ad64374b7af88ff6743c9c9f9d45fd0cd24f83f0e85,true,①,IN_SCOPE_FORWARD,,,CLOSED_NO_SHARED_ASSET
archive/exams/original/high/h1/2final/22_복성고_2학기_기말_고1_기출.js|22_복성고_2학기_기말_고1_기출|7,archive/exams/original/high/h1/2final/22_복성고_2학기_기말_고1_기출.js,22_복성고_2학기_기말_고1_기출,7,7,7,2015,수학(하),H15-SB-05,무리함수,5,H15-SB-05-IRRATIONAL_BASIC,무리함수의 뜻과 계산,category_or_cue_inferred,complete_category,객관식,grid,false,무리함수|그래프,ea3c8dd84398bff4698f04b2310a631726324915fa4ca05e400206038a2f5b3d,c2bca08f0006367f34cf4ee26b3d4db990c325de1addbe32c60e4679c9488c8a,b15be6cb71072b84f7e1e198ce023fc5bb8b1e625335904ddcf3cffcd8b7312b,2e6a9524467796cd7a9ec67f27ad5d27718d60d851bb9d55cf48dea503ea8032,,,assets/images/22_복성고_2학기_기말_고1_기출/q07-solution.svg,b9f8b75c5215e287db026e4627ee5e1d28ea70b919681f30f633457bfdebfda9,0,LOADED_VM,,NOT_STARTED,NOT_STARTED,NOT_STARTED,SOURCE_REVIEW,SOURCE_REVIEW,GRAPH_OR_FUNCTION_STRUCTURE|COORDINATE_OR_GEOMETRY_STRUCTURE,,SVG,NO_PROBLEM_VISUAL,REVIEW_REQUIRED,SOLUTION_SVG,NOT_STARTED,,,f239e560b4d436f630aac114d7d8899bc4d7432591ec348915e29aef227e566f,NOT_STARTED,NOT_STARTED,NOT_STARTED,NOT_TESTED,PASS,canonical_and_compiled_master_match,INVENTORY_PENDING,01_scope_inventory.csv#archive/exams/original/high/h1/2final/22_복성고_2학기_기말_고1_기출.js|22_복성고_2학기_기말_고1_기출|7,[object Object],INDEX_RECORD_PRESENT,original/high/h1/2final/22_복성고_2학기_기말_고1_기출.js_7,0df0b09b954a9ce40ec74ad64374b7af88ff6743c9c9f9d45fd0cd24f83f0e85,true,③,IN_SCOPE_FORWARD,,,CLOSED_NO_SHARED_ASSET
archive/exams/original/high/h1/2final/22_복성고_2학기_기말_고1_기출.js|22_복성고_2학기_기말_고1_기출|13,archive/exams/original/high/h1/2final/22_복성고_2학기_기말_고1_기출.js,22_복성고_2학기_기말_고1_기출,13,13,13,2015,수학(하),H15-SB-05,무리함수,5,H15-SB-05-IRRATIONAL_BASIC,무리함수의 뜻과 계산,category_or_cue_inferred,complete_category,객관식,grid,false,무리함수|유리함수|그래프,cf09338622bc00db69c277ba16d44586e75ce50b9a1537653fd5b165a4caf9a0,19be6997360ca42e5816459bee2e2028dc3649060bb61a00456eb9238fe086f9,b15be6cb71072b84f7e1e198ce023fc5bb8b1e625335904ddcf3cffcd8b7312b,11d8bf87191a6ec5b133d415352c1b91f0a1a9472fe7c7b3f259da7c2739f572,assets/images/22_복성고_2학기_기말_고1_기출/q13.png,c2191be35f2dbfc29ca8a31a9fa9d8ea8622210df75586f1e2176bef6cf27219,,,0,LOADED_VM,,NOT_STARTED,NOT_STARTED,NOT_STARTED,SVG_REQUIRED_MISSING,SVG_REQUIRED_MISSING,GRAPH_OR_FUNCTION_STRUCTURE|COORDINATE_OR_GEOMETRY_STRUCTURE|TABLE_OR_MATRIX_STRUCTURE,,GRAPH_CANDIDATE,PROBLEM_VISUAL_PRESENT,REVIEW_REQUIRED,NONE,NOT_STARTED,,,,NOT_STARTED,NOT_STARTED,NOT_STARTED,NOT_TESTED,PASS,canonical_and_compiled_master_match,INVENTORY_PENDING,01_scope_inventory.csv#archive/exams/original/high/h1/2final/22_복성고_2학기_기말_고1_기출.js|22_복성고_2학기_기말_고1_기출|13,[object Object],INDEX_RECORD_PRESENT,original/high/h1/2final/22_복성고_2학기_기말_고1_기출.js_13,0df0b09b954a9ce40ec74ad64374b7af88ff6743c9c9f9d45fd0cd24f83f0e85,true,③,IN_SCOPE_FORWARD,,,CLOSED_NO_SHARED_ASSET
archive/exams/original/high/h1/2final/22_복성고_2학기_기말_고1_기출.js|22_복성고_2학기_기말_고1_기출|20,archive/exams/original/high/h1/2final/22_복성고_2학기_기말_고1_기출.js,22_복성고_2학기_기말_고1_기출,20,20,20,2015,수학(하),H15-SB-05,무리함수,5,H15-SB-05-IRRATIONAL_BASIC,무리함수의 뜻과 계산,category_or_cue_inferred,complete_category,서술형,grid,false,서술형|무리함수,a0d1f043ebd151e9ac781e113dafc7cb1d38beb4f2a90685d69b7f0fde34764a,4f53cda18c2baa0c0354bb5f9a3ecbe5ed12ab4d8e11ba873c2f11161202b945,746169390c26eba07325601df486f097e8b0eedbaefcaeebfd81d916da608d45,0e0540d9106c5a42fa6eda66ce97d9f0dc62426702774471a40710dec6bc1c2d,,,,,0,LOADED_VM,,NOT_STARTED,NOT_STARTED,NOT_STARTED,SVG_REQUIRED_MISSING,SVG_REQUIRED_MISSING,GRAPH_OR_FUNCTION_STRUCTURE|COORDINATE_OR_GEOMETRY_STRUCTURE|SET_OR_LOGIC_STRUCTURE,,GRAPH_CANDIDATE,NO_PROBLEM_VISUAL,REVIEW_REQUIRED,NONE,NOT_STARTED,,,,NOT_STARTED,NOT_STARTED,NOT_STARTED,NOT_TESTED,PASS,canonical_and_compiled_master_match,INVENTORY_PENDING,01_scope_inventory.csv#archive/exams/original/high/h1/2final/22_복성고_2학기_기말_고1_기출.js|22_복성고_2학기_기말_고1_기출|20,,INDEX_RECORD_PRESENT,original/high/h1/2final/22_복성고_2학기_기말_고1_기출.js_20,0df0b09b954a9ce40ec74ad64374b7af88ff6743c9c9f9d45fd0cd24f83f0e85,true,(1) $2\le k\lt\dfrac52$ &nbsp; (2) $k\lt2$ 또는 $k=\dfrac52$ &nbsp; (3) $k\gt\dfrac52$,IN_SCOPE_FORWARD,,,CLOSED_NO_SHARED_ASSET
archive/exams/original/high/h1/2final/22_순천여고_2학기_기말_고1_기출.js|22_순천여고_2학기_기말_고1_기출|4,archive/exams/original/high/h1/2final/22_순천여고_2학기_기말_고1_기출.js,22_순천여고_2학기_기말_고1_기출,4,4,4,2015,수학(하),H15-SB-05,무리함수,5,H15-SB-05-IRRATIONAL_BASIC,무리함수의 뜻과 계산,category_or_cue_inferred,complete_category,객관식,grid,false,무리함수,104bc582fed7fe4f0161a90a0f6bc934a5451464114cbb548d61e2b29ead986f,d1636858944580decea263b358b0a89c43d1f9a232f8527d97997ccbb2c9f50e,0bdef091c479702584f065d3a3714f8a76f851b3f0cf10912f345a5dd930b0a8,127d16744988d9b4b8af7d383ee05958d477f13a862330f120b488ef1ae06a52,,,,,0,LOADED_VM,,NOT_STARTED,NOT_STARTED,NOT_STARTED,SVG_REQUIRED_MISSING,SVG_REQUIRED_MISSING,GRAPH_OR_FUNCTION_STRUCTURE,,GRAPH_CANDIDATE,NO_PROBLEM_VISUAL,REVIEW_REQUIRED,NONE,NOT_STARTED,,,,NOT_STARTED,NOT_STARTED,NOT_STARTED,NOT_TESTED,PASS,canonical_and_compiled_master_match,INVENTORY_PENDING,01_scope_inventory.csv#archive/exams/original/high/h1/2final/22_순천여고_2학기_기말_고1_기출.js|22_순천여고_2학기_기말_고1_기출|4,,INDEX_RECORD_PRESENT,original/high/h1/2final/22_순천여고_2학기_기말_고1_기출.js_4,d4c893fad089634de5533e5471a4967bb459f075760431e82d7b61865d33f452,true,⑤,IN_SCOPE_FORWARD,,,CLOSED_NO_SHARED_ASSET
archive/exams/original/high/h1/2final/22_순천여고_2학기_기말_고1_기출.js|22_순천여고_2학기_기말_고1_기출|10,archive/exams/original/high/h1/2final/22_순천여고_2학기_기말_고1_기출.js,22_순천여고_2학기_기말_고1_기출,10,10,10,2015,수학(하),H15-SB-05,무리함수,5,H15-SB-05-IRRATIONAL_BASIC,무리함수의 뜻과 계산,category_or_cue_inferred,complete_category,객관식,grid,false,무리함수,a16a9e9a7cb326bff7184d5e7d450a7adca0b0b8851e5b820c675fffe9c9e401,aee0acb92f3dc9672b277d5c180dc5e06120461c7bdcfe79d77ec6e1f04e49b6,0bdef091c479702584f065d3a3714f8a76f851b3f0cf10912f345a5dd930b0a8,fd89368b966c26aab30725b95d61dde728b323e7da6f0f931423dc45aa111f27,,,,,0,LOADED_VM,,NOT_STARTED,NOT_STARTED,NOT_STARTED,SVG_OPTIONAL,SVG_OPTIONAL,,,NONE,NO_PROBLEM_VISUAL,N/A,NONE,NOT_STARTED,,,,NOT_STARTED,NOT_STARTED,NOT_STARTED,NOT_TESTED,PASS,canonical_and_compiled_master_match,INVENTORY_PENDING,01_scope_inventory.csv#archive/exams/original/high/h1/2final/22_순천여고_2학기_기말_고1_기출.js|22_순천여고_2학기_기말_고1_기출|10,,INDEX_RECORD_PRESENT,original/high/h1/2final/22_순천여고_2학기_기말_고1_기출.js_10,d4c893fad089634de5533e5471a4967bb459f075760431e82d7b61865d33f452,true,⑤,IN_SCOPE_FORWARD,,,CLOSED_NO_SHARED_ASSET
archive/exams/original/high/h1/2final/22_순천여고_2학기_기말_고1_기출.js|22_순천여고_2학기_기말_고1_기출|12,archive/exams/original/high/h1/2final/22_순천여고_2학기_기말_고1_기출.js,22_순천여고_2학기_기말_고1_기출,12,12,12,2015,수학(하),H15-SB-05,무리함수,5,H15-SB-05-IRRATIONAL_BASIC,무리함수의 뜻과 계산,category_or_cue_inferred,complete_category,객관식,grid,false,무리함수|그래프,8fd3e49ecb64cbd4d54e0b5adc064112d5b03d3a2a74a539e20a26523c03c256,7e62c1941dcae510f66e790e3317dc47db08756f62b66476d8e6a24d02020c72,973d2fd2f97e26a666f403b12da6d87e527985b36bcf4ff0a47c7e7e8c36321a,49ae90ee0e383694c00ef81c7da900127c1cd92e0961d1820c09c5c0d648657c,assets/images/22_순천여고_2학기_기말_고1_기출/q12.png,71a275276d1c7169485d60e6124867713e5b78508689c14748723fa3e44c0f19,,,0,LOADED_VM,,NOT_STARTED,NOT_STARTED,NOT_STARTED,SVG_REQUIRED_MISSING,SVG_REQUIRED_MISSING,GRAPH_OR_FUNCTION_STRUCTURE,,GRAPH_CANDIDATE,PROBLEM_VISUAL_PRESENT,REVIEW_REQUIRED,NONE,NOT_STARTED,,,,NOT_STARTED,NOT_STARTED,NOT_STARTED,NOT_TESTED,PASS,canonical_and_compiled_master_match,INVENTORY_PENDING,01_scope_inventory.csv#archive/exams/original/high/h1/2final/22_순천여고_2학기_기말_고1_기출.js|22_순천여고_2학기_기말_고1_기출|12,[object Object],INDEX_RECORD_PRESENT,original/high/h1/2final/22_순천여고_2학기_기말_고1_기출.js_12,d4c893fad089634de5533e5471a4967bb459f075760431e82d7b61865d33f452,true,①,IN_SCOPE_FORWARD,,,CLOSED_NO_SHARED_ASSET
archive/exams/original/high/h1/2final/22_순천여고_2학기_기말_고1_기출.js|22_순천여고_2학기_기말_고1_기출|14,archive/exams/original/high/h1/2final/22_순천여고_2학기_기말_고1_기출.js,22_순천여고_2학기_기말_고1_기출,14,14,14,2015,수학(하),H15-SB-05,무리함수,5,H15-SB-05-IRRATIONAL_BASIC,무리함수의 뜻과 계산,category_or_cue_inferred,complete_category,객관식,grid,false,무리함수|그래프,461cd6d09b49d1a0e771dda236762ff7f09e90c8d190bbd5411a9cb94da9f565,fc3dba98889cccd1a96f32fb71f7812a2d3b9dde603c59a1f87b932df48e085f,973d2fd2f97e26a666f403b12da6d87e527985b36bcf4ff0a47c7e7e8c36321a,96f9d150d2d34acd0833e44361c47759d494533ceda79fa0d62fe29e3b734dc6,,,assets/images/22_순천여고_2학기_기말_고1_기출/q14-solution.svg,2beaada64a69b07df9dd7a4c1bbddc645afc72f734b40f5f7b4841dbf3ae912f,0,LOADED_VM,,NOT_STARTED,NOT_STARTED,NOT_STARTED,SOURCE_REVIEW,SOURCE_REVIEW,GRAPH_OR_FUNCTION_STRUCTURE|COORDINATE_OR_GEOMETRY_STRUCTURE|TABLE_OR_MATRIX_STRUCTURE,,SVG,NO_PROBLEM_VISUAL,REVIEW_REQUIRED,SOLUTION_SVG,NOT_STARTED,,,8425f9d330b967e2f03ac4d8cfbe0ef28683576f8f7d48828affc2cce695eff8,NOT_STARTED,NOT_STARTED,NOT_STARTED,NOT_TESTED,PASS,canonical_and_compiled_master_match,INVENTORY_PENDING,01_scope_inventory.csv#archive/exams/original/high/h1/2final/22_순천여고_2학기_기말_고1_기출.js|22_순천여고_2학기_기말_고1_기출|14,[object Object],INDEX_RECORD_PRESENT,original/high/h1/2final/22_순천여고_2학기_기말_고1_기출.js_14,d4c893fad089634de5533e5471a4967bb459f075760431e82d7b61865d33f452,true,①,IN_SCOPE_FORWARD,,,CLOSED_NO_SHARED_ASSET
archive/exams/original/high/h1/2final/22_순천여고_2학기_기말_고1_기출.js|22_순천여고_2학기_기말_고1_기출|16,archive/exams/original/high/h1/2final/22_순천여고_2학기_기말_고1_기출.js,22_순천여고_2학기_기말_고1_기출,16,16,16,2015,수학(하),H15-SB-05,무리함수,5,H15-SB-05-IRRATIONAL_BASIC,무리함수의 뜻과 계산,category_or_cue_inferred,complete_category,객관식,grid,false,무리함수,9a4855f00f1a37fba503bb3d3b5821e355a5ec56fe2bb60139dfde25b3d60005,7e62c1941dcae510f66e790e3317dc47db08756f62b66476d8e6a24d02020c72,dfde05a3668030e99ca64d8d4ae5f6b64c7a87cee61c0ba43904b92ef210191d,84db20fe221ccf9fa7622bec494960f1c2cc9f87e6e1cb328e380d9250d62e67,,,,,0,LOADED_VM,,NOT_STARTED,NOT_STARTED,NOT_STARTED,SVG_REQUIRED_MISSING,SVG_REQUIRED_MISSING,COORDINATE_OR_GEOMETRY_STRUCTURE|SET_OR_LOGIC_STRUCTURE,,VISUAL_CANDIDATE,NO_PROBLEM_VISUAL,REVIEW_REQUIRED,NONE,NOT_STARTED,,,,NOT_STARTED,NOT_STARTED,NOT_STARTED,NOT_TESTED,PASS,canonical_and_compiled_master_match,INVENTORY_PENDING,01_scope_inventory.csv#archive/exams/original/high/h1/2final/22_순천여고_2학기_기말_고1_기출.js|22_순천여고_2학기_기말_고1_기출|16,,INDEX_RECORD_PRESENT,original/high/h1/2final/22_순천여고_2학기_기말_고1_기출.js_16,d4c893fad089634de5533e5471a4967bb459f075760431e82d7b61865d33f452,true,②,IN_SCOPE_FORWARD,,,CLOSED_NO_SHARED_ASSET
archive/exams/original/high/h1/2final/22_순천여고_2학기_기말_고1_기출.js|22_순천여고_2학기_기말_고1_기출|17,archive/exams/original/high/h1/2final/22_순천여고_2학기_기말_고1_기출.js,22_순천여고_2학기_기말_고1_기출,17,17,17,2015,수학(하),H15-SB-05,무리함수,5,H15-SB-05-IRRATIONAL_BASIC,무리함수의 뜻과 계산,category_or_cue_inferred,complete_category,객관식,grid,false,무리함수|도형|그래프,cd7c75c0363e1451be4da0b1a8dc5888911fb01994d1a1f7c02a4e2fd6c9776e,4f53cda18c2baa0c0354bb5f9a3ecbe5ed12ab4d8e11ba873c2f11161202b945,0bdef091c479702584f065d3a3714f8a76f851b3f0cf10912f345a5dd930b0a8,b999b324c8fbaba5afd46e35ea6f295c58b3827a87d3541b733969e8858e67d2,assets/images/22_순천여고_2학기_기말_고1_기출/q17.png,ac06bf5194d610a97b58a5f3d8805037ccc14fa910526ee3b7f2436bbcb39cab,assets/images/22_순천여고_2학기_기말_고1_기출/q17-solution.svg,ab25646c11110c527c74ea692c19b7a95b5d0ac09fd39f2da6e83b2c1987e543,0,LOADED_VM,,NOT_STARTED,NOT_STARTED,NOT_STARTED,SOURCE_REVIEW,SOURCE_REVIEW,GRAPH_OR_FUNCTION_STRUCTURE|COORDINATE_OR_GEOMETRY_STRUCTURE,,SVG,PROBLEM_VISUAL_PRESENT,REVIEW_REQUIRED,SOLUTION_SVG,NOT_STARTED,,,6fd8b29e57730db6e24c304158be3ce36e562094656e5b2f96806334e7da9adf,NOT_STARTED,NOT_STARTED,NOT_STARTED,NOT_TESTED,PASS,canonical_and_compiled_master_match,INVENTORY_PENDING,01_scope_inventory.csv#archive/exams/original/high/h1/2final/22_순천여고_2학기_기말_고1_기출.js|22_순천여고_2학기_기말_고1_기출|17,[object Object]|[object Object],INDEX_RECORD_PRESENT,original/high/h1/2final/22_순천여고_2학기_기말_고1_기출.js_17,d4c893fad089634de5533e5471a4967bb459f075760431e82d7b61865d33f452,true,⑤,IN_SCOPE_FORWARD,,,CLOSED_NO_SHARED_ASSET
archive/exams/original/high/h1/2final/22_순천여고_2학기_기말_고1_기출.js|22_순천여고_2학기_기말_고1_기출|21,archive/exams/original/high/h1/2final/22_순천여고_2학기_기말_고1_기출.js,22_순천여고_2학기_기말_고1_기출,21,21,21,2015,수학(하),H15-SB-05,무리함수,5,H15-SB-05-IRRATIONAL_BASIC,무리함수의 뜻과 계산,category_or_cue_inferred,complete_category,서술형,grid,false,서술형|무리함수|그래프,08b2d8d912c9da9cbddaedde373fbd308e82ecf1f7e7e2d1c71a4e50e1f95fac,4f53cda18c2baa0c0354bb5f9a3ecbe5ed12ab4d8e11ba873c2f11161202b945,c286be7d754dd3b74cade49a3542a49e2d68442b0c81ee09b84a4a169d8db6c9,59365773078ac1a4f33c3c2fc3af0a3c59b94d286c19a46db433841e43fbc3ae,,,assets/images/22_순천여고_2학기_기말_고1_기출/q21-solution.svg,cd04e88068f13023536e4b883193e63e429065758544e799f268d8dbc619383d,0,LOADED_VM,,NOT_STARTED,NOT_STARTED,NOT_STARTED,SOURCE_REVIEW,SOURCE_REVIEW,GRAPH_OR_FUNCTION_STRUCTURE|COORDINATE_OR_GEOMETRY_STRUCTURE|TABLE_OR_MATRIX_STRUCTURE,,SVG,NO_PROBLEM_VISUAL,REVIEW_REQUIRED,SOLUTION_SVG,NOT_STARTED,,,e069e6e4abfd3333f5375e5ba0e705f4b1e97794d44463c6d480b3259e8f6eaf,NOT_STARTED,NOT_STARTED,NOT_STARTED,NOT_TESTED,PASS,canonical_and_compiled_master_match,INVENTORY_PENDING,01_scope_inventory.csv#archive/exams/original/high/h1/2final/22_순천여고_2학기_기말_고1_기출.js|22_순천여고_2학기_기말_고1_기출|21,[object Object],INDEX_RECORD_PRESENT,original/high/h1/2final/22_순천여고_2학기_기말_고1_기출.js_21,d4c893fad089634de5533e5471a4967bb459f075760431e82d7b61865d33f452,true,"$a=2,\ b=-1,\ c=-2$",IN_SCOPE_FORWARD,,,CLOSED_NO_SHARED_ASSET
archive/exams/original/high/h1/2final/22_제일고_2학기_기말_고1_기출.js|22_제일고_2학기_기말_고1_기출|9,archive/exams/original/high/h1/2final/22_제일고_2학기_기말_고1_기출.js,22_제일고_2학기_기말_고1_기출,9,9,9,2015,수학(하),H15-SB-05,무리함수,5,H15-SB-05-IRRATIONAL_BASIC,무리함수의 뜻과 계산,category_or_cue_inferred,complete_category,객관식,grid,false,객관식|무리함수|복수정답|그래프,4fbfe1738908797dca9df79d0d73425526eef4a51594f367405ca798a918b089,baeeb686fe1f5f693486829a9ac55a78843318b37d882b9119e67ec3f3be4202,4fcc14dd33588849a751380031f0dd77bdfd09a1bb240a3db58f5a66498f44e7,0232f671a092133319439e5fb5dae6a486f5dcd04286886c996b40f7cf087bbb,,,assets/images/22_제일고_2학기_기말_고1_기출/q09-solution.svg,236b18f417d79fa88ba3f95f5b64f79ec9e8fe0c312194e020fd9700e6275bf2,0,LOADED_VM,,NOT_STARTED,NOT_STARTED,NOT_STARTED,SOURCE_REVIEW,SOURCE_REVIEW,GRAPH_OR_FUNCTION_STRUCTURE|COORDINATE_OR_GEOMETRY_STRUCTURE|TABLE_OR_MATRIX_STRUCTURE,,SVG,NO_PROBLEM_VISUAL,REVIEW_REQUIRED,SOLUTION_SVG,NOT_STARTED,,,100682d3b7b2e8e4c69fef06caae2580c9f8fe76aa94928eeab31f499eb6be41,NOT_STARTED,NOT_STARTED,NOT_STARTED,NOT_TESTED,PASS,canonical_and_compiled_master_match,INVENTORY_PENDING,01_scope_inventory.csv#archive/exams/original/high/h1/2final/22_제일고_2학기_기말_고1_기출.js|22_제일고_2학기_기말_고1_기출|9,[object Object],INDEX_RECORD_PRESENT,original/high/h1/2final/22_제일고_2학기_기말_고1_기출.js_9,3154d1f09c71303d3a44e0a6f1a9898fd6cd6e0082c751b7a8dce669f0c5d994,true,"②, ③",IN_SCOPE_FORWARD,,,CLOSED_NO_SHARED_ASSET
archive/exams/original/high/h1/2final/22_제일고_2학기_기말_고1_기출.js|22_제일고_2학기_기말_고1_기출|22,archive/exams/original/high/h1/2final/22_제일고_2학기_기말_고1_기출.js,22_제일고_2학기_기말_고1_기출,22,22,22,2015,수학(하),H15-SB-05,무리함수,5,H15-SB-05-IRRATIONAL_BASIC,무리함수의 뜻과 계산,category_or_cue_inferred,complete_category,서술형,grid,false,서술형|무리함수|그래프,96b4d47319f5c2fc599cccc8d0cdf4a9e7ad34bc3fc99cb3c792b2116fc0979d,4f53cda18c2baa0c0354bb5f9a3ecbe5ed12ab4d8e11ba873c2f11161202b945,927f5e52d420a94e06fef49b072bd6c56761291d7c5e8943d34e75d6bbc9812f,fc45e2b6f3129c03f89ddd622db433bd38c24f1a86402d55aba6355ef20111ac,,,assets/images/22_제일고_2학기_기말_고1_기출/q22-solution.svg,1568f5f712dfb7b2198382b0bd2b0f697b829fda59d71e46ef55444ebc275186,0,LOADED_VM,,NOT_STARTED,NOT_STARTED,NOT_STARTED,SOURCE_REVIEW,SOURCE_REVIEW,GRAPH_OR_FUNCTION_STRUCTURE|COORDINATE_OR_GEOMETRY_STRUCTURE|TABLE_OR_MATRIX_STRUCTURE,,SVG,NO_PROBLEM_VISUAL,REVIEW_REQUIRED,SOLUTION_SVG,NOT_STARTED,,,1f499cc3dc2d95df3a87ae058b30fdb625407d4c095ce087d2fce7e55bdb165e,NOT_STARTED,NOT_STARTED,NOT_STARTED,NOT_TESTED,PASS,canonical_and_compiled_master_match,INVENTORY_PENDING,01_scope_inventory.csv#archive/exams/original/high/h1/2final/22_제일고_2학기_기말_고1_기출.js|22_제일고_2학기_기말_고1_기출|22,[object Object],INDEX_RECORD_PRESENT,original/high/h1/2final/22_제일고_2학기_기말_고1_기출.js_22,3154d1f09c71303d3a44e0a6f1a9898fd6cd6e0082c751b7a8dce669f0c5d994,true,$9$,IN_SCOPE_FORWARD,,,CLOSED_NO_SHARED_ASSET
archive/exams/original/high/h1/2final/22_팔마고_2학기_기말_고1_기출.js|22_팔마고_2학기_기말_고1_기출|2,archive/exams/original/high/h1/2final/22_팔마고_2학기_기말_고1_기출.js,22_팔마고_2학기_기말_고1_기출,2,2,2,2015,수학(하),H15-SB-05,무리함수,5,H15-SB-05-IRRATIONAL_BASIC,무리함수의 뜻과 계산,category_or_cue_inferred,complete_category,객관식,grid,false,무리함수,d1ecc3a70b76a0a9e20641fec9bb04f5f4f86e939e6dc6bd367e26dbb190c26a,9d7cbac968ce5d794831997bd7aae75c747d872144f720dc7ecd85ad7e23e554,b15be6cb71072b84f7e1e198ce023fc5bb8b1e625335904ddcf3cffcd8b7312b,f3baf342b1d0ec993767bd5114c7ad5ccda4e60a12095c5bee82a69da7a4f73d,,,,,0,LOADED_VM,,NOT_STARTED,NOT_STARTED,NOT_STARTED,SVG_OPTIONAL,SVG_OPTIONAL,,,NONE,NO_PROBLEM_VISUAL,N/A,NONE,NOT_STARTED,,,,NOT_STARTED,NOT_STARTED,NOT_STARTED,NOT_TESTED,PASS,canonical_and_compiled_master_match,INVENTORY_PENDING,01_scope_inventory.csv#archive/exams/original/high/h1/2final/22_팔마고_2학기_기말_고1_기출.js|22_팔마고_2학기_기말_고1_기출|2,,INDEX_RECORD_PRESENT,original/high/h1/2final/22_팔마고_2학기_기말_고1_기출.js_2,870c7827a626a4a218ff73bf4ad764b7afe85913ab98c1fbfe2b0f64ce6fafc1,true,③,IN_SCOPE_FORWARD,,,CLOSED_NO_SHARED_ASSET
archive/exams/original/high/h1/2final/22_팔마고_2학기_기말_고1_기출.js|22_팔마고_2학기_기말_고1_기출|12,archive/exams/original/high/h1/2final/22_팔마고_2학기_기말_고1_기출.js,22_팔마고_2학기_기말_고1_기출,12,12,12,2015,수학(하),H15-SB-05,무리함수,5,H15-SB-05-IRRATIONAL_BASIC,무리함수의 뜻과 계산,category_or_cue_inferred,complete_category,객관식,grid,false,무리함수|그래프,cb7b991451ea859e50a4f3c0014402b5666506a01aa947cf4cd678a647b928e1,5a16be894ddf92c1ddcb0337b756a64281c91923354fdac21617ada98f7bb951,d41ea6521f53fb3dfa10cf72e2932f4405d9c999fa422cdc840d25d57e90dd34,87cdd1d935ac2d417f5c821ab86fd7990ddaebff814ee67e58f3aa257e28f1e4,,,assets/images/22_팔마고_2학기_기말_고1_기출/q12-solution.svg,a937f4e26255b57a50e3a9c36bb598bd088f97e00accdfe8ca994ccf33aa3c19,0,LOADED_VM,,NOT_STARTED,NOT_STARTED,NOT_STARTED,SOURCE_REVIEW,SOURCE_REVIEW,GRAPH_OR_FUNCTION_STRUCTURE,,SVG,NO_PROBLEM_VISUAL,REVIEW_REQUIRED,SOLUTION_SVG,NOT_STARTED,,,8ff25196704ff5b40b8014e03cfd121a93e6843f01c0f3e29194f307f09f5571,NOT_STARTED,NOT_STARTED,NOT_STARTED,NOT_TESTED,PASS,canonical_and_compiled_master_match,INVENTORY_PENDING,01_scope_inventory.csv#archive/exams/original/high/h1/2final/22_팔마고_2학기_기말_고1_기출.js|22_팔마고_2학기_기말_고1_기출|12,[object Object],INDEX_RECORD_PRESENT,original/high/h1/2final/22_팔마고_2학기_기말_고1_기출.js_12,870c7827a626a4a218ff73bf4ad764b7afe85913ab98c1fbfe2b0f64ce6fafc1,true,④,IN_SCOPE_FORWARD,,,CLOSED_NO_SHARED_ASSET
archive/exams/original/high/h1/2final/22_팔마고_2학기_기말_고1_기출.js|22_팔마고_2학기_기말_고1_기출|16,archive/exams/original/high/h1/2final/22_팔마고_2학기_기말_고1_기출.js,22_팔마고_2학기_기말_고1_기출,16,16,16,2015,수학(하),H15-SB-05,무리함수,5,H15-SB-05-IRRATIONAL_BASIC,무리함수의 뜻과 계산,category_or_cue_inferred,complete_category,객관식,grid,false,무리함수|그래프,880ebc4da883d92fdbb9eca616a57aea5388d4089deae71c0a7fd77ac9661f43,e2d7d9b06b6891376326d18cdd9c4f09b772f5ff99ad2ab309ef9f455f714e3f,0bdef091c479702584f065d3a3714f8a76f851b3f0cf10912f345a5dd930b0a8,8ec86c531e3b9e702496cdba58e5d2bfc5cb5bc006744eca07f7233204376ded,,,assets/images/22_팔마고_2학기_기말_고1_기출/q16-solution.svg,d925944c4462cefa1c19dc672358a9d64aacee9083ba014456b12d035af2e52a,0,LOADED_VM,,NOT_STARTED,NOT_STARTED,NOT_STARTED,SOURCE_REVIEW,SOURCE_REVIEW,GRAPH_OR_FUNCTION_STRUCTURE|COORDINATE_OR_GEOMETRY_STRUCTURE,,SVG,NO_PROBLEM_VISUAL,REVIEW_REQUIRED,SOLUTION_SVG,NOT_STARTED,,,c8dc5f07c4a91cc8ab58786fd89f9d9164c2dfe1e90d12286e3e01f214fb28f6,NOT_STARTED,NOT_STARTED,NOT_STARTED,NOT_TESTED,PASS,canonical_and_compiled_master_match,INVENTORY_PENDING,01_scope_inventory.csv#archive/exams/original/high/h1/2final/22_팔마고_2학기_기말_고1_기출.js|22_팔마고_2학기_기말_고1_기출|16,[object Object],INDEX_RECORD_PRESENT,original/high/h1/2final/22_팔마고_2학기_기말_고1_기출.js_16,870c7827a626a4a218ff73bf4ad764b7afe85913ab98c1fbfe2b0f64ce6fafc1,true,⑤,IN_SCOPE_FORWARD,,,CLOSED_NO_SHARED_ASSET
archive/exams/original/high/h1/2final/22_팔마고_2학기_기말_고1_기출.js|22_팔마고_2학기_기말_고1_기출|20,archive/exams/original/high/h1/2final/22_팔마고_2학기_기말_고1_기출.js,22_팔마고_2학기_기말_고1_기출,20,20,20,2015,수학(하),H15-SB-05,무리함수,5,H15-SB-05-IRRATIONAL_BASIC,무리함수의 뜻과 계산,category_or_cue_inferred,complete_category,서술형,grid,false,서술형|무리함수,b4e585ed0973bd669a40bc4fe96831cc0189c04e3e11bbba7629342457fde810,4f53cda18c2baa0c0354bb5f9a3ecbe5ed12ab4d8e11ba873c2f11161202b945,db829f716ef2a33bbc4ad39dd3da6d42e6e40cb0530c59df06dd90d25408e9aa,e89852a4ec524577ccd9f958f7337683c3be4c69c52ba56ffd6f6ce4b8d80305,,,,,0,LOADED_VM,,NOT_STARTED,NOT_STARTED,NOT_STARTED,SVG_OPTIONAL,SVG_OPTIONAL,,,NONE,NO_PROBLEM_VISUAL,N/A,NONE,NOT_STARTED,,,,NOT_STARTED,NOT_STARTED,NOT_STARTED,NOT_TESTED,PASS,canonical_and_compiled_master_match,INVENTORY_PENDING,01_scope_inventory.csv#archive/exams/original/high/h1/2final/22_팔마고_2학기_기말_고1_기출.js|22_팔마고_2학기_기말_고1_기출|20,,INDEX_RECORD_PRESENT,original/high/h1/2final/22_팔마고_2학기_기말_고1_기출.js_20,870c7827a626a4a218ff73bf4ad764b7afe85913ab98c1fbfe2b0f64ce6fafc1,true,$-3$,IN_SCOPE_FORWARD,,,CLOSED_NO_SHARED_ASSET
archive/exams/original/high/h1/2final/22_효천고_2학기_기말_고1_기출.js|22_효천고_2학기_기말_고1_기출|5,archive/exams/original/high/h1/2final/22_효천고_2학기_기말_고1_기출.js,22_효천고_2학기_기말_고1_기출,5,5,5,2015,수학(하),H15-SB-05,무리함수,5,H15-SB-05-IRRATIONAL_BASIC,무리함수의 뜻과 계산,category_or_cue_inferred,complete_category,객관식,grid,false,객관식|그래프,ab3b4bf04b9b819b5b39f87a0ed3cd662a1ff843271ffc61dcb3dd7f74adf66f,2b8b3bedb468a7c41557064785efe641ca84cba785d874e6f482e38e9d2df1ed,0bdef091c479702584f065d3a3714f8a76f851b3f0cf10912f345a5dd930b0a8,3a5fa128179b85a99e64fac6643a37e70a1c61e38e1e76fa8035296654d65689,,,assets/images/22_효천고_2학기_기말_고1_기출/q05-solution.svg,d68487dca4bc532a49c0b13e3d424ee24247b367da2fa7db5922fe103225610f,0,LOADED_VM,,NOT_STARTED,NOT_STARTED,NOT_STARTED,SOURCE_REVIEW,SOURCE_REVIEW,GRAPH_OR_FUNCTION_STRUCTURE,,SVG,NO_PROBLEM_VISUAL,REVIEW_REQUIRED,SOLUTION_SVG,NOT_STARTED,,,d43018c3818435773a1f2f377c51e61a0027c0838648013a911c59b946230200,NOT_STARTED,NOT_STARTED,NOT_STARTED,NOT_TESTED,PASS,canonical_and_compiled_master_match,INVENTORY_PENDING,01_scope_inventory.csv#archive/exams/original/high/h1/2final/22_효천고_2학기_기말_고1_기출.js|22_효천고_2학기_기말_고1_기출|5,[object Object],INDEX_RECORD_PRESENT,original/high/h1/2final/22_효천고_2학기_기말_고1_기출.js_5,09cdf66ea5fa1e64322b7d0b944e15ac65b7889a81b55d3a32f81856d3153ef0,true,⑤,IN_SCOPE_FORWARD,,,CLOSED_NO_SHARED_ASSET
archive/exams/original/high/h1/2final/22_효천고_2학기_기말_고1_기출.js|22_효천고_2학기_기말_고1_기출|16,archive/exams/original/high/h1/2final/22_효천고_2학기_기말_고1_기출.js,22_효천고_2학기_기말_고1_기출,16,16,16,2015,수학(하),H15-SB-05,무리함수,5,H15-SB-05-IRRATIONAL_BASIC,무리함수의 뜻과 계산,category_or_cue_inferred,complete_category,객관식,grid,false,객관식|그래프,7ff4ffbea7791cfb0b4cf7616de0af6c24c67ea1605b95ccf2f718bc49c13c6a,e09843a6ff6cadcf90188a970142f7489f05f0eeb7bc30816e6b12765ac6336e,dfde05a3668030e99ca64d8d4ae5f6b64c7a87cee61c0ba43904b92ef210191d,d143fa19011e18bc12fbdc45c51773f3c3b7483ac447b75c401d59b8af05eb60,,,assets/images/22_효천고_2학기_기말_고1_기출/q16-solution.svg,af45d561f2d651e69a9e73af64ccc7c08a5bd415d4c9145dc482a1748f5b24b6,0,LOADED_VM,,NOT_STARTED,NOT_STARTED,NOT_STARTED,SOURCE_REVIEW,SOURCE_REVIEW,GRAPH_OR_FUNCTION_STRUCTURE|COORDINATE_OR_GEOMETRY_STRUCTURE|TABLE_OR_MATRIX_STRUCTURE,,SVG,NO_PROBLEM_VISUAL,REVIEW_REQUIRED,SOLUTION_SVG,NOT_STARTED,,,981c450a63e201f899d06d3bdc93757b6f1281713eef623ad258cd72e80c48ad,NOT_STARTED,NOT_STARTED,NOT_STARTED,NOT_TESTED,PASS,canonical_and_compiled_master_match,INVENTORY_PENDING,01_scope_inventory.csv#archive/exams/original/high/h1/2final/22_효천고_2학기_기말_고1_기출.js|22_효천고_2학기_기말_고1_기출|16,[object Object],INDEX_RECORD_PRESENT,original/high/h1/2final/22_효천고_2학기_기말_고1_기출.js_16,09cdf66ea5fa1e64322b7d0b944e15ac65b7889a81b55d3a32f81856d3153ef0,true,②,IN_SCOPE_FORWARD,,,CLOSED_NO_SHARED_ASSET
archive/exams/original/high/h1/2final/22_효천고_2학기_기말_고1_기출.js|22_효천고_2학기_기말_고1_기출|18,archive/exams/original/high/h1/2final/22_효천고_2학기_기말_고1_기출.js,22_효천고_2학기_기말_고1_기출,18,18,18,2015,수학(하),H15-SB-05,무리함수,5,H15-SB-05-IRRATIONAL_BASIC,무리함수의 뜻과 계산,category_or_cue_inferred,complete_category,서술형,grid,false,서술형|그래프,d2bccc3a6c40e4c88a37d0e2b40c92eae67301f84ccc4a894f31f48b3ef7411b,4f53cda18c2baa0c0354bb5f9a3ecbe5ed12ab4d8e11ba873c2f11161202b945,da88c63de70ddae0eaf87d6dd186cd5dc2286b440ce31ef9e5a284602198211e,1de39ae11d7e1ce623ad05c865dbac2b114eed79dec0d00dee311621db2ad0e1,,,assets/images/22_효천고_2학기_기말_고1_기출/q18-solution.svg,56e2cba1b63d9c62391cd85ab28960fac2f796080791d08c507ca554944c67d9,0,LOADED_VM,,NOT_STARTED,NOT_STARTED,NOT_STARTED,SOURCE_REVIEW,SOURCE_REVIEW,GRAPH_OR_FUNCTION_STRUCTURE,,SVG,NO_PROBLEM_VISUAL,REVIEW_REQUIRED,SOLUTION_SVG,NOT_STARTED,,,7f385052467e83e4fb6be4616da4f3576d0b7b5e06e28866ee660fcff04fbeda,NOT_STARTED,NOT_STARTED,NOT_STARTED,NOT_TESTED,PASS,canonical_and_compiled_master_match,INVENTORY_PENDING,01_scope_inventory.csv#archive/exams/original/high/h1/2final/22_효천고_2학기_기말_고1_기출.js|22_효천고_2학기_기말_고1_기출|18,[object Object],INDEX_RECORD_PRESENT,original/high/h1/2final/22_효천고_2학기_기말_고1_기출.js_18,09cdf66ea5fa1e64322b7d0b944e15ac65b7889a81b55d3a32f81856d3153ef0,true,"정의역 $\{x\mid x\le3\}$, 치역 $\{y\mid y\ge-1\}$",IN_SCOPE_FORWARD,,,CLOSED_NO_SHARED_ASSET
archive/exams/original/high/h1/2final/23_강남여고_2학기_기말_고1_기출.js|23_강남여고_2학기_기말_고1_기출|6,archive/exams/original/high/h1/2final/23_강남여고_2학기_기말_고1_기출.js,23_강남여고_2학기_기말_고1_기출,6,6,6,2015,수학(하),H15-SB-05,무리함수,5,H15-SB-05-IRRATIONAL_BASIC,무리함수의 뜻과 계산,category_or_cue_inferred,complete_category,객관식,grid,false,객관식|무리함수의 그래프|그래프,da43a5c712ae25cdde87ba42aecc1f0eb9c73da740d0e5b319023e74891fac1b,cbb51efd34b277f98bee5b51e4e93e2ccd28d033c32715f81f8ef790586831ca,0bdef091c479702584f065d3a3714f8a76f851b3f0cf10912f345a5dd930b0a8,37254ac763736f9b343096b37a27978ce7c80c83417c1375bb940703b946e8f7,,,assets/images/23_강남여고_2학기_기말_고1_기출/q06-solution.svg,c0b97337071a066f3f36f32404bd7f2becc6055b144bee1d9e1eee2cf76c314c,0,LOADED_VM,,NOT_STARTED,NOT_STARTED,NOT_STARTED,SOURCE_REVIEW,SOURCE_REVIEW,GRAPH_OR_FUNCTION_STRUCTURE|COORDINATE_OR_GEOMETRY_STRUCTURE,,SVG,NO_PROBLEM_VISUAL,REVIEW_REQUIRED,SOLUTION_SVG,NOT_STARTED,,,72baabe93ae5e782681c8c8dada340448cd694aadd8bdf2f37d03f744f2818f8,NOT_STARTED,NOT_STARTED,NOT_STARTED,NOT_TESTED,PASS,canonical_and_compiled_master_match,INVENTORY_PENDING,01_scope_inventory.csv#archive/exams/original/high/h1/2final/23_강남여고_2학기_기말_고1_기출.js|23_강남여고_2학기_기말_고1_기출|6,[object Object],INDEX_RECORD_PRESENT,original/high/h1/2final/23_강남여고_2학기_기말_고1_기출.js_6,c017b2952b1779ec00c7d045f1d1e0654b3c1db322fa50bcee894460df0036b7,true,⑤,IN_SCOPE_FORWARD,,,CLOSED_NO_SHARED_ASSET
archive/exams/original/high/h1/2final/23_강남여고_2학기_기말_고1_기출.js|23_강남여고_2학기_기말_고1_기출|19,archive/exams/original/high/h1/2final/23_강남여고_2학기_기말_고1_기출.js,23_강남여고_2학기_기말_고1_기출,19,19,19,2015,수학(하),H15-SB-05,무리함수,5,H15-SB-05-IRRATIONAL_BASIC,무리함수의 뜻과 계산,category_or_cue_inferred,complete_category,객관식,grid,false,객관식|무리함수와 접선|그래프,d3eb94b0d515be166573d5e575a73fdcb63482e89419ad1eb83183687b02bdf6,cd0dac2c16077862ed4b6400334494e20df3e392faa34887288cc75ae640261f,0bdef091c479702584f065d3a3714f8a76f851b3f0cf10912f345a5dd930b0a8,6056485a17811cae3c33cf42aac9ccf070f6d649b156427914c44545745685ac,,,assets/images/23_강남여고_2학기_기말_고1_기출/q19-solution.svg,0710f69b5e0ae940b7ad2ef4c98ac24ddec4d3171987d082c400f92e0c969b82,0,LOADED_VM,,NOT_STARTED,NOT_STARTED,NOT_STARTED,SOURCE_REVIEW,SOURCE_REVIEW,GRAPH_OR_FUNCTION_STRUCTURE|COORDINATE_OR_GEOMETRY_STRUCTURE|TABLE_OR_MATRIX_STRUCTURE,,SVG,NO_PROBLEM_VISUAL,REVIEW_REQUIRED,SOLUTION_SVG,NOT_STARTED,,,70f6db7a80ee9d9442b87f70f3bc695f6cbc50b4a9d6322eb4184acd1bc86d55,NOT_STARTED,NOT_STARTED,NOT_STARTED,NOT_TESTED,PASS,canonical_and_compiled_master_match,INVENTORY_PENDING,01_scope_inventory.csv#archive/exams/original/high/h1/2final/23_강남여고_2학기_기말_고1_기출.js|23_강남여고_2학기_기말_고1_기출|19,[object Object],INDEX_RECORD_PRESENT,original/high/h1/2final/23_강남여고_2학기_기말_고1_기출.js_19,c017b2952b1779ec00c7d045f1d1e0654b3c1db322fa50bcee894460df0036b7,true,⑤,IN_SCOPE_FORWARD,,,CLOSED_NO_SHARED_ASSET
archive/exams/original/high/h1/2final/23_강남여고_2학기_기말_고1_기출.js|23_강남여고_2학기_기말_고1_기출|22,archive/exams/original/high/h1/2final/23_강남여고_2학기_기말_고1_기출.js,23_강남여고_2학기_기말_고1_기출,22,22,22,2015,수학(하),H15-SB-05,무리함수,5,H15-SB-05-IRRATIONAL_GRAPH,무리함수의 그래프,category_or_cue_inferred,complete_category,서술형,grid,false,서술형|유리함수와 무리함수|그래프,85155988c921f80b43d0693cf50bc4d8bdeb9e9ab1abf31ff65abc7fe16d6fd4,4f53cda18c2baa0c0354bb5f9a3ecbe5ed12ab4d8e11ba873c2f11161202b945,d3245b783cb8de104acbcc9d21142250026a174b1ba2e875ceba11f341817124,7787e24766e5ba13415b3fb5fafa901ec952c5c88610db763d35c8c60a82c534,assets/images/23_강남여고_2학기_기말_고1_기출/q22.png,56e90d19e4f0f1ad69cd259027a91dc56aeaa057fba412872b3bcec252bf4ae5,assets/images/23_강남여고_2학기_기말_고1_기출/q22-solution.svg,df151c1eb8ab1b12cc02e254286d683876aa7fcac419d079175384fd131db3ec,0,LOADED_VM,,NOT_STARTED,NOT_STARTED,NOT_STARTED,SOURCE_REVIEW,SOURCE_REVIEW,GRAPH_OR_FUNCTION_STRUCTURE|COORDINATE_OR_GEOMETRY_STRUCTURE,,SVG,PROBLEM_VISUAL_PRESENT,REVIEW_REQUIRED,SOLUTION_SVG,NOT_STARTED,,,aac49a9ead0b197cc7f8605fe06ca43788cde2d8e4979060f0d2fcc868fc56a1,NOT_STARTED,NOT_STARTED,NOT_STARTED,NOT_TESTED,PASS,canonical_and_compiled_master_match,INVENTORY_PENDING,01_scope_inventory.csv#archive/exams/original/high/h1/2final/23_강남여고_2학기_기말_고1_기출.js|23_강남여고_2학기_기말_고1_기출|22,[object Object]|[object Object],INDEX_RECORD_PRESENT,original/high/h1/2final/23_강남여고_2학기_기말_고1_기출.js_22,c017b2952b1779ec00c7d045f1d1e0654b3c1db322fa50bcee894460df0036b7,true,"최솟값 $1$, 최댓값 $7$",IN_SCOPE_FORWARD,,,CLOSED_NO_SHARED_ASSET
archive/exams/original/high/h1/2final/23_강남여고_2학기_기말_고1_기출.js|23_강남여고_2학기_기말_고1_기출|24,archive/exams/original/high/h1/2final/23_강남여고_2학기_기말_고1_기출.js,23_강남여고_2학기_기말_고1_기출,24,24,24,2015,수학(하),H15-SB-05,무리함수,5,H15-SB-05-IRRATIONAL_INVERSE,무리함수와 역함수,category_or_cue_inferred,complete_category,서술형,grid,false,서술형|무리함수와 직선의 교점|그래프,8684d3a226b55114bcde0d295b496cfa51ee238d6d10ab0be49ce7e9c3b9753b,4f53cda18c2baa0c0354bb5f9a3ecbe5ed12ab4d8e11ba873c2f11161202b945,b80c6966a6b10e228b026fa8a08d0176511429066aeba87dead4805f9fb6732c,d03f7098a13afb1758019c421e71c62a3d27b719e4b0ce80cc95144592a968ba,,,assets/images/23_강남여고_2학기_기말_고1_기출/q24-solution.svg,6e1d585a20fea29d9979915bb803a4fd60b02b6decc49e999a1fa617fde37166,0,LOADED_VM,,NOT_STARTED,NOT_STARTED,NOT_STARTED,SOURCE_REVIEW,SOURCE_REVIEW,GRAPH_OR_FUNCTION_STRUCTURE|COORDINATE_OR_GEOMETRY_STRUCTURE,,SVG,NO_PROBLEM_VISUAL,REVIEW_REQUIRED,SOLUTION_SVG,NOT_STARTED,,,adbab19d7f31ab8d0edb02c6d0772f6cde158f2abcb1560493bde23e25c1be4f,NOT_STARTED,NOT_STARTED,NOT_STARTED,NOT_TESTED,PASS,canonical_and_compiled_master_match,INVENTORY_PENDING,01_scope_inventory.csv#archive/exams/original/high/h1/2final/23_강남여고_2학기_기말_고1_기출.js|23_강남여고_2학기_기말_고1_기출|24,[object Object],INDEX_RECORD_PRESENT,original/high/h1/2final/23_강남여고_2학기_기말_고1_기출.js_24,c017b2952b1779ec00c7d045f1d1e0654b3c1db322fa50bcee894460df0036b7,true,$-1\le a\le\dfrac12$,IN_SCOPE_FORWARD,,,CLOSED_NO_SHARED_ASSET
archive/exams/original/high/h1/2final/23_금당고_2학기_기말_고1_기출.js|23_금당고_2학기_기말_고1_기출|5,archive/exams/original/high/h1/2final/23_금당고_2학기_기말_고1_기출.js,23_금당고_2학기_기말_고1_기출,5,5,5,2015,수학(하),H15-SB-05,무리함수,5,H15-SB-05-IRRATIONAL_BASIC,무리함수의 뜻과 계산,category_or_cue_inferred,complete_category,객관식,grid,false,객관식|무리함수|정의역,c9431ffd8800ba2f39f18b133d78ea3892ffd8aaeaa05249ac597a34f57fb22c,1ccf2820ed9c3f5fe9d8f7777dc7c9b8c2ba744f56d4e51c06c4a00166698629,d41ea6521f53fb3dfa10cf72e2932f4405d9c999fa422cdc840d25d57e90dd34,abd92e67bf508ef18302d2c823611d179ed92187787a54e737af0ba28eec3880,,,,,0,LOADED_VM,,NOT_STARTED,NOT_STARTED,NOT_STARTED,SVG_REQUIRED_MISSING,SVG_REQUIRED_MISSING,GRAPH_OR_FUNCTION_STRUCTURE,,GRAPH_CANDIDATE,NO_PROBLEM_VISUAL,REVIEW_REQUIRED,NONE,NOT_STARTED,,,,NOT_STARTED,NOT_STARTED,NOT_STARTED,NOT_TESTED,PASS,canonical_and_compiled_master_match,INVENTORY_PENDING,01_scope_inventory.csv#archive/exams/original/high/h1/2final/23_금당고_2학기_기말_고1_기출.js|23_금당고_2학기_기말_고1_기출|5,,INDEX_RECORD_PRESENT,original/high/h1/2final/23_금당고_2학기_기말_고1_기출.js_5,991d08f11ac214c148bdd823ffcea8531cf921fd38959220008b0befdd2ec5d0,true,④,IN_SCOPE_FORWARD,,,CLOSED_NO_SHARED_ASSET
archive/exams/original/high/h1/2final/23_금당고_2학기_기말_고1_기출.js|23_금당고_2학기_기말_고1_기출|20,archive/exams/original/high/h1/2final/23_금당고_2학기_기말_고1_기출.js,23_금당고_2학기_기말_고1_기출,20,20,20,2015,수학(하),H15-SB-05,무리함수,5,H15-SB-05-IRRATIONAL_INVERSE,무리함수와 역함수,category_or_cue_inferred,complete_category,서술형,grid,false,서술형|무리함수|그래프|교점,21b05cb1bf30e584e303a6018fcebd866d644ae46f42e52beffa8b3e0733706e,4f53cda18c2baa0c0354bb5f9a3ecbe5ed12ab4d8e11ba873c2f11161202b945,958d9935a9b7f0f7dcfc44a81bc36107b4e48701d99e50bbae8bf493c21871f7,4fa21bb0425bf16a6804e6fd6a5e83fee430ffed8804b1a168e0445bfa16f360,,,assets/images/23_금당고_2학기_기말_고1_기출/q20-solution.svg,a7652209433096d65015774cc47f47d47547a8f1262e371169e2b53c31ea4ee8,0,LOADED_VM,,NOT_STARTED,NOT_STARTED,NOT_STARTED,SOURCE_REVIEW,SOURCE_REVIEW,GRAPH_OR_FUNCTION_STRUCTURE,,SVG,NO_PROBLEM_VISUAL,REVIEW_REQUIRED,SOLUTION_SVG,NOT_STARTED,,,5e89d313ead9214e9dcb0c08dae2fcbf7078e8e14227f9378c0aa9592fbb17e1,NOT_STARTED,NOT_STARTED,NOT_STARTED,NOT_TESTED,PASS,canonical_and_compiled_master_match,INVENTORY_PENDING,01_scope_inventory.csv#archive/exams/original/high/h1/2final/23_금당고_2학기_기말_고1_기출.js|23_금당고_2학기_기말_고1_기출|20,[object Object],INDEX_RECORD_PRESENT,original/high/h1/2final/23_금당고_2학기_기말_고1_기출.js_20,991d08f11ac214c148bdd823ffcea8531cf921fd38959220008b0befdd2ec5d0,true,$3$,IN_SCOPE_FORWARD,,,CLOSED_NO_SHARED_ASSET
archive/exams/original/high/h1/2final/23_매산여고_2학기_기말_고1_기출.js|23_매산여고_2학기_기말_고1_기출|8,archive/exams/original/high/h1/2final/23_매산여고_2학기_기말_고1_기출.js,23_매산여고_2학기_기말_고1_기출,8,8,8,2015,수학(하),H15-SB-05,무리함수,5,H15-SB-05-IRRATIONAL_BASIC,무리함수의 뜻과 계산,category_or_cue_inferred,complete_category,객관식,grid,false,객관식|무리함수의 그래프,d36dad2f0ea31e5ceec4070ddb863aa16418b591c676f2f214089b3a0841f7e2,02a6c3235d7f718dc4712e2fa8b61fd0b3a23ff4ebd9a076ef4b6187ea25880a,dfde05a3668030e99ca64d8d4ae5f6b64c7a87cee61c0ba43904b92ef210191d,d15acb5b1524bdc5cd7ce0c7338a2a34c1f2a3604b36a66f1b856e9190873fb2,,,,,0,LOADED_VM,,NOT_STARTED,NOT_STARTED,NOT_STARTED,SVG_REQUIRED_MISSING,SVG_REQUIRED_MISSING,GRAPH_OR_FUNCTION_STRUCTURE|COORDINATE_OR_GEOMETRY_STRUCTURE,,GRAPH_CANDIDATE,NO_PROBLEM_VISUAL,REVIEW_REQUIRED,NONE,NOT_STARTED,,,,NOT_STARTED,NOT_STARTED,NOT_STARTED,NOT_TESTED,PASS,canonical_and_compiled_master_match,INVENTORY_PENDING,01_scope_inventory.csv#archive/exams/original/high/h1/2final/23_매산여고_2학기_기말_고1_기출.js|23_매산여고_2학기_기말_고1_기출|8,,INDEX_RECORD_PRESENT,original/high/h1/2final/23_매산여고_2학기_기말_고1_기출.js_8,ca962e8d0d319b8cf4aaf5297761c09e308274fd3439e132e5e104e60e477d6f,true,②,IN_SCOPE_FORWARD,,,CLOSED_NO_SHARED_ASSET
archive/exams/original/high/h1/2final/23_매산여고_2학기_기말_고1_기출.js|23_매산여고_2학기_기말_고1_기출|9,archive/exams/original/high/h1/2final/23_매산여고_2학기_기말_고1_기출.js,23_매산여고_2학기_기말_고1_기출,9,9,9,2015,수학(하),H15-SB-05,무리함수,5,H15-SB-05-IRRATIONAL_BASIC,무리함수의 뜻과 계산,category_or_cue_inferred,complete_category,객관식,grid,false,객관식|유리함수와 무리함수의 그래프|그래프,2884c09e212bd41999a98a085737b2274d250f528ec268c759926903ef50276f,da5ff54691f596430d867ce16098614b79cc2b015c944fa00576b36f0a345c0d,d41ea6521f53fb3dfa10cf72e2932f4405d9c999fa422cdc840d25d57e90dd34,833f2936b95a0ebcdc5b4f7bbbaa90b19e2aa773cb1a034d5838d6908ac6288f,,,assets/images/23_매산여고_2학기_기말_고1_기출/q09-solution.svg,6accd39a43031a442228bc62b375e70a0633d62493b2443f7cda248a78372550,0,LOADED_VM,,NOT_STARTED,NOT_STARTED,NOT_STARTED,SOURCE_REVIEW,SOURCE_REVIEW,GRAPH_OR_FUNCTION_STRUCTURE|COORDINATE_OR_GEOMETRY_STRUCTURE|TABLE_OR_MATRIX_STRUCTURE,,SVG,NO_PROBLEM_VISUAL,REVIEW_REQUIRED,SOLUTION_SVG,NOT_STARTED,,,11f705fd43776e7bb3c4e3641870fa6207294686b221709dedae26a5568d8e12,NOT_STARTED,NOT_STARTED,NOT_STARTED,NOT_TESTED,PASS,canonical_and_compiled_master_match,INVENTORY_PENDING,01_scope_inventory.csv#archive/exams/original/high/h1/2final/23_매산여고_2학기_기말_고1_기출.js|23_매산여고_2학기_기말_고1_기출|9,[object Object],INDEX_RECORD_PRESENT,original/high/h1/2final/23_매산여고_2학기_기말_고1_기출.js_9,ca962e8d0d319b8cf4aaf5297761c09e308274fd3439e132e5e104e60e477d6f,true,④,IN_SCOPE_FORWARD,,,CLOSED_NO_SHARED_ASSET
archive/exams/original/high/h1/2final/23_매산여고_2학기_기말_고1_기출.js|23_매산여고_2학기_기말_고1_기출|16,archive/exams/original/high/h1/2final/23_매산여고_2학기_기말_고1_기출.js,23_매산여고_2학기_기말_고1_기출,16,16,16,2015,수학(하),H15-SB-05,무리함수,5,H15-SB-05-IRRATIONAL_BASIC,무리함수의 뜻과 계산,category_or_cue_inferred,complete_category,객관식,grid,false,객관식|무리함수의 교점,5574276deac24e2a55e00ad3f861b13f8eda810e1ddaf812d26e0bfdf351c187,55d2491db2e5625fecde21f24e13dc0831f3085adf332c1ca3c2eca5aa082f66,b15be6cb71072b84f7e1e198ce023fc5bb8b1e625335904ddcf3cffcd8b7312b,cae5974d646d62d49422076b3495c10420336ddbba85b4f86adc28d5c1373bbc,,,,,0,LOADED_VM,,NOT_STARTED,NOT_STARTED,NOT_STARTED,SVG_REQUIRED_MISSING,SVG_REQUIRED_MISSING,COORDINATE_OR_GEOMETRY_STRUCTURE|TABLE_OR_MATRIX_STRUCTURE,,VISUAL_CANDIDATE,NO_PROBLEM_VISUAL,REVIEW_REQUIRED,NONE,NOT_STARTED,,,,NOT_STARTED,NOT_STARTED,NOT_STARTED,NOT_TESTED,PASS,canonical_and_compiled_master_match,INVENTORY_PENDING,01_scope_inventory.csv#archive/exams/original/high/h1/2final/23_매산여고_2학기_기말_고1_기출.js|23_매산여고_2학기_기말_고1_기출|16,,INDEX_RECORD_PRESENT,original/high/h1/2final/23_매산여고_2학기_기말_고1_기출.js_16,ca962e8d0d319b8cf4aaf5297761c09e308274fd3439e132e5e104e60e477d6f,true,③,IN_SCOPE_FORWARD,,,CLOSED_NO_SHARED_ASSET
archive/exams/original/high/h1/2final/23_매산여고_2학기_기말_고1_기출.js|23_매산여고_2학기_기말_고1_기출|22,archive/exams/original/high/h1/2final/23_매산여고_2학기_기말_고1_기출.js,23_매산여고_2학기_기말_고1_기출,22,22,22,2015,수학(하),H15-SB-05,무리함수,5,H15-SB-05-IRRATIONAL_BASIC,무리함수의 뜻과 계산,category_or_cue_inferred,complete_category,서술형,grid,false,서술형|무리함수와 역함수|그래프,0f1fac46a387d188cff42520de361cd614dffa55eb3d72636b58ad1ccfacc8ed,4f53cda18c2baa0c0354bb5f9a3ecbe5ed12ab4d8e11ba873c2f11161202b945,1fd6f03bb18bd38b4349dd8ee881889f46100711dfac84518e17d2e73725e247,8b4a11e9bbc0403e7225aed1a4f7a6f7f4db6e4fc6a644d03b7033d84fefa536,,,assets/images/23_매산여고_2학기_기말_고1_기출/q22-solution.svg,5569f35387cd6bc9058de33c079ff69ab41bc7a26b528b38d5a5689354dc760d,0,LOADED_VM,,NOT_STARTED,NOT_STARTED,NOT_STARTED,SOURCE_REVIEW,SOURCE_REVIEW,GRAPH_OR_FUNCTION_STRUCTURE|COORDINATE_OR_GEOMETRY_STRUCTURE|TABLE_OR_MATRIX_STRUCTURE,,SVG,NO_PROBLEM_VISUAL,REVIEW_REQUIRED,SOLUTION_SVG,NOT_STARTED,,,3d8a965f667346ec9b9b1c6c4e09d484db9ec23f8c1921734ae6c56d6d412890,NOT_STARTED,NOT_STARTED,NOT_STARTED,NOT_TESTED,PASS,canonical_and_compiled_master_match,INVENTORY_PENDING,01_scope_inventory.csv#archive/exams/original/high/h1/2final/23_매산여고_2학기_기말_고1_기출.js|23_매산여고_2학기_기말_고1_기출|22,[object Object],INDEX_RECORD_PRESENT,original/high/h1/2final/23_매산여고_2학기_기말_고1_기출.js_22,ca962e8d0d319b8cf4aaf5297761c09e308274fd3439e132e5e104e60e477d6f,true,"(1) 정의역 $\{x\mid x\le1\}$, 치역 $\{y\mid y\ge2\}$ / (2) $g^{-1}(x)=1-(x-2)^2$ $(x\ge2)$",IN_SCOPE_FORWARD,,,CLOSED_NO_SHARED_ASSET
archive/exams/original/high/h1/2final/24_강남여고_2학기_기말_고1_기출.js|24_강남여고_2학기_기말_고1_기출|2,archive/exams/original/high/h1/2final/24_강남여고_2학기_기말_고1_기출.js,24_강남여고_2학기_기말_고1_기출,2,2,2,2015,수학(하),H15-SB-05,무리함수,5,H15-SB-05-IRRATIONAL_BASIC,무리함수의 뜻과 계산,category_or_cue_inferred,complete_category,객관식,grid,false,객관식,9866f7b39441049b0ebfb0aaf2d54494008f559ef9939bafe0d8c168b6c8c645,f1a7aaabe7dc95f07797e468974f89818c51c9770f8c454849ccf884d6292e6f,dfde05a3668030e99ca64d8d4ae5f6b64c7a87cee61c0ba43904b92ef210191d,d03f663f5c782e3d10c5e6cd799343debcbd6f111b1e0b24034d262bdd0268fc,,,,,0,LOADED_VM,,NOT_STARTED,NOT_STARTED,NOT_STARTED,SVG_REQUIRED_MISSING,SVG_REQUIRED_MISSING,GRAPH_OR_FUNCTION_STRUCTURE,,GRAPH_CANDIDATE,NO_PROBLEM_VISUAL,REVIEW_REQUIRED,NONE,NOT_STARTED,,,,NOT_STARTED,NOT_STARTED,NOT_STARTED,NOT_TESTED,PASS,canonical_and_compiled_master_match,INVENTORY_PENDING,01_scope_inventory.csv#archive/exams/original/high/h1/2final/24_강남여고_2학기_기말_고1_기출.js|24_강남여고_2학기_기말_고1_기출|2,,INDEX_RECORD_PRESENT,original/high/h1/2final/24_강남여고_2학기_기말_고1_기출.js_2,d1072f18066fd739eb2a37b8d28ecedd2a223baf59736c1d96d47894a279b09c,true,②,IN_SCOPE_FORWARD,,,CLOSED_NO_SHARED_ASSET
archive/exams/original/high/h1/2final/24_강남여고_2학기_기말_고1_기출.js|24_강남여고_2학기_기말_고1_기출|6,archive/exams/original/high/h1/2final/24_강남여고_2학기_기말_고1_기출.js,24_강남여고_2학기_기말_고1_기출,6,6,6,2015,수학(하),H15-SB-05,무리함수,5,H15-SB-05-IRRATIONAL_BASIC,무리함수의 뜻과 계산,category_or_cue_inferred,complete_category,객관식,grid,false,객관식|그래프,07e627b9f02f704495b6f6188f141d40ee06d39b727e1f54af472cfac59bd2f5,3a40030a6231f6e7a7614b309b5defcf119f377d9ae544851696bab987ca452a,d41ea6521f53fb3dfa10cf72e2932f4405d9c999fa422cdc840d25d57e90dd34,06ebf7a30da9c08bb254e3038ed1c97ec779b2c98b6172eb2ad7a01b608de901,,,assets/images/24_강남여고_2학기_기말_고1_기출/q06-solution.svg,e67dd64a79d3e14bef29dfe908a463f89e9eded77a0ee76f5aa70e9dfc06dda4,0,LOADED_VM,,NOT_STARTED,NOT_STARTED,NOT_STARTED,SOURCE_REVIEW,SOURCE_REVIEW,GRAPH_OR_FUNCTION_STRUCTURE|COORDINATE_OR_GEOMETRY_STRUCTURE,,SVG,NO_PROBLEM_VISUAL,REVIEW_REQUIRED,SOLUTION_SVG,NOT_STARTED,,,05451270615c413d7497a0941cc19937bbe2c7f044368a054777cf6062e0dde0,NOT_STARTED,NOT_STARTED,NOT_STARTED,NOT_TESTED,PASS,canonical_and_compiled_master_match,INVENTORY_PENDING,01_scope_inventory.csv#archive/exams/original/high/h1/2final/24_강남여고_2학기_기말_고1_기출.js|24_강남여고_2학기_기말_고1_기출|6,[object Object],INDEX_RECORD_PRESENT,original/high/h1/2final/24_강남여고_2학기_기말_고1_기출.js_6,d1072f18066fd739eb2a37b8d28ecedd2a223baf59736c1d96d47894a279b09c,true,④,IN_SCOPE_FORWARD,,,CLOSED_NO_SHARED_ASSET
archive/exams/original/high/h1/2final/24_강남여고_2학기_기말_고1_기출.js|24_강남여고_2학기_기말_고1_기출|10,archive/exams/original/high/h1/2final/24_강남여고_2학기_기말_고1_기출.js,24_강남여고_2학기_기말_고1_기출,10,10,10,2015,수학(하),H15-SB-05,무리함수,5,H15-SB-05-IRRATIONAL_BASIC,무리함수의 뜻과 계산,category_or_cue_inferred,complete_category,객관식,grid,false,객관식,68477fdb4518984eaee88aa3fcb1953f7c9b77ff9574fd0ed846b298e3ea0355,79ae56fa3965c7b472776bcfec82ed06dd12024f3cc420bca13ca44d45558c59,b15be6cb71072b84f7e1e198ce023fc5bb8b1e625335904ddcf3cffcd8b7312b,adf9d0112934afa9323b4f6038ab0ac3b40993f42cec7348137558fe330fb93b,,,,,0,LOADED_VM,,NOT_STARTED,NOT_STARTED,NOT_STARTED,SVG_OPTIONAL,SVG_OPTIONAL,,,NONE,NO_PROBLEM_VISUAL,N/A,NONE,NOT_STARTED,,,,NOT_STARTED,NOT_STARTED,NOT_STARTED,NOT_TESTED,PASS,canonical_and_compiled_master_match,INVENTORY_PENDING,01_scope_inventory.csv#archive/exams/original/high/h1/2final/24_강남여고_2학기_기말_고1_기출.js|24_강남여고_2학기_기말_고1_기출|10,,INDEX_RECORD_PRESENT,original/high/h1/2final/24_강남여고_2학기_기말_고1_기출.js_10,d1072f18066fd739eb2a37b8d28ecedd2a223baf59736c1d96d47894a279b09c,true,③,IN_SCOPE_FORWARD,,,CLOSED_NO_SHARED_ASSET
archive/exams/original/high/h1/2final/24_강남여고_2학기_기말_고1_기출.js|24_강남여고_2학기_기말_고1_기출|14,archive/exams/original/high/h1/2final/24_강남여고_2학기_기말_고1_기출.js,24_강남여고_2학기_기말_고1_기출,14,14,14,2015,수학(하),H15-SB-05,무리함수,5,H15-SB-05-IRRATIONAL_BASIC,무리함수의 뜻과 계산,category_or_cue_inferred,complete_category,객관식,grid,false,객관식,83f2024a0c8a3289b8e0ee69f91229ff297e520aa5fbdaf5d0ed3a409ca3a184,31a1c12c11f3b29ffd67e6673b19f30977052b38d3eb14f177ff1a3d140a02e2,b15be6cb71072b84f7e1e198ce023fc5bb8b1e625335904ddcf3cffcd8b7312b,f77d985d652cd96e56220848bfb58392d74e1f9575120f2aa5159ab2ca9382df,,,,,0,LOADED_VM,,NOT_STARTED,NOT_STARTED,NOT_STARTED,SVG_REQUIRED_MISSING,SVG_REQUIRED_MISSING,GRAPH_OR_FUNCTION_STRUCTURE,,GRAPH_CANDIDATE,NO_PROBLEM_VISUAL,REVIEW_REQUIRED,NONE,NOT_STARTED,,,,NOT_STARTED,NOT_STARTED,NOT_STARTED,NOT_TESTED,PASS,canonical_and_compiled_master_match,INVENTORY_PENDING,01_scope_inventory.csv#archive/exams/original/high/h1/2final/24_강남여고_2학기_기말_고1_기출.js|24_강남여고_2학기_기말_고1_기출|14,,INDEX_RECORD_PRESENT,original/high/h1/2final/24_강남여고_2학기_기말_고1_기출.js_14,d1072f18066fd739eb2a37b8d28ecedd2a223baf59736c1d96d47894a279b09c,true,③,IN_SCOPE_FORWARD,,,CLOSED_NO_SHARED_ASSET
archive/exams/original/high/h1/2final/24_강남여고_2학기_기말_고1_기출.js|24_강남여고_2학기_기말_고1_기출|16,archive/exams/original/high/h1/2final/24_강남여고_2학기_기말_고1_기출.js,24_강남여고_2학기_기말_고1_기출,16,16,16,2015,수학(하),H15-SB-05,무리함수,5,H15-SB-05-IRRATIONAL_GRAPH,무리함수의 그래프,category_or_cue_inferred,complete_category,객관식,grid,false,객관식|그래프,f3bdd903085ba3147199b77876c7b1a0ffd2835326489649e540103d5ff0d2bb,37f87f90172efc40f4c8f37c7ad068f381c50c846bfcef81f9b31e4630e886e0,dfde05a3668030e99ca64d8d4ae5f6b64c7a87cee61c0ba43904b92ef210191d,8197ab824e7f20b5fb8e6d054fcb868ca87b98c0ef9dfc7ee846ecd72de7df58,assets/images/24_강남여고_2학기_기말_고1_기출/q16.png,b2823947db1f54a4ac6b7a06087754fbe6942ab3e51c7fc19bfe4fdd6d819b7b,,,0,LOADED_VM,,NOT_STARTED,NOT_STARTED,NOT_STARTED,SVG_REQUIRED_MISSING,SVG_REQUIRED_MISSING,GRAPH_OR_FUNCTION_STRUCTURE|COORDINATE_OR_GEOMETRY_STRUCTURE,,GRAPH_CANDIDATE,PROBLEM_VISUAL_PRESENT,REVIEW_REQUIRED,NONE,NOT_STARTED,,,,NOT_STARTED,NOT_STARTED,NOT_STARTED,NOT_TESTED,PASS,canonical_and_compiled_master_match,INVENTORY_PENDING,01_scope_inventory.csv#archive/exams/original/high/h1/2final/24_강남여고_2학기_기말_고1_기출.js|24_강남여고_2학기_기말_고1_기출|16,[object Object],INDEX_RECORD_PRESENT,original/high/h1/2final/24_강남여고_2학기_기말_고1_기출.js_16,d1072f18066fd739eb2a37b8d28ecedd2a223baf59736c1d96d47894a279b09c,true,②,IN_SCOPE_FORWARD,,,CLOSED_NO_SHARED_ASSET
archive/exams/original/high/h1/2final/24_강남여고_2학기_기말_고1_기출.js|24_강남여고_2학기_기말_고1_기출|24,archive/exams/original/high/h1/2final/24_강남여고_2학기_기말_고1_기출.js,24_강남여고_2학기_기말_고1_기출,24,24,24,2015,수학(하),H15-SB-05,무리함수,5,H15-SB-05-IRRATIONAL_GRAPH,무리함수의 그래프,category_or_cue_inferred,complete_category,서술형,grid,false,서술형|그래프,4b4b9db491140a3d0b62a38cb929381b93cf9ae1e07a371e445911a0f7f49906,4f53cda18c2baa0c0354bb5f9a3ecbe5ed12ab4d8e11ba873c2f11161202b945,9e8a28708309c8e3e08e5432c793bc8be701e3fa5c6570533407e44aff13c94d,398ffe59e36ebe4cfc24ebdcfe68bff2c31ee48e9459aaaa349cd0fb3eb2d221,assets/images/24_강남여고_2학기_기말_고1_기출/q24.png,5b681a1c1eec07c7f25e91c535c5a71429aa6e62be50e44f336ac8e2a45e1a5a,,,0,LOADED_VM,,NOT_STARTED,NOT_STARTED,NOT_STARTED,SVG_REQUIRED_MISSING,SVG_REQUIRED_MISSING,GRAPH_OR_FUNCTION_STRUCTURE|COORDINATE_OR_GEOMETRY_STRUCTURE|TABLE_OR_MATRIX_STRUCTURE,,GRAPH_CANDIDATE,PROBLEM_VISUAL_PRESENT,REVIEW_REQUIRED,NONE,NOT_STARTED,,,,NOT_STARTED,NOT_STARTED,NOT_STARTED,NOT_TESTED,PASS,canonical_and_compiled_master_match,INVENTORY_PENDING,01_scope_inventory.csv#archive/exams/original/high/h1/2final/24_강남여고_2학기_기말_고1_기출.js|24_강남여고_2학기_기말_고1_기출|24,[object Object],INDEX_RECORD_PRESENT,original/high/h1/2final/24_강남여고_2학기_기말_고1_기출.js_24,d1072f18066fd739eb2a37b8d28ecedd2a223baf59736c1d96d47894a279b09c,true,$1$,IN_SCOPE_FORWARD,,,CLOSED_NO_SHARED_ASSET
archive/exams/original/high/h1/2final/24_금당고_2학기_기말_고1_기출.js|24_금당고_2학기_기말_고1_기출|5,archive/exams/original/high/h1/2final/24_금당고_2학기_기말_고1_기출.js,24_금당고_2학기_기말_고1_기출,5,5,5,2015,수학(하),H15-SB-05,무리함수,5,H15-SB-05-IRRATIONAL_BASIC,무리함수의 뜻과 계산,category_or_cue_inferred,complete_category,객관식,grid,false,그래프,a7a607e369da1575a1b81a5b2bc991a73a635a3c825711152d08a4e3975d3553,42e9583c3f122165e8c167fdd0762d15de0687928139de909be9a12d3d89a528,d41ea6521f53fb3dfa10cf72e2932f4405d9c999fa422cdc840d25d57e90dd34,53a18a40b79c8c2fdbe530176e705ed4cf0d2d067f60d6d0c52aecc7cf88de54,,,assets/images/24_금당고_2학기_기말_고1_기출/q05-solution.svg,750f0d027376a7c4ee3266726ea6b1412b5bf09035dfe9021a3c50881d83bed6,0,LOADED_VM,,NOT_STARTED,NOT_STARTED,NOT_STARTED,SOURCE_REVIEW,SOURCE_REVIEW,GRAPH_OR_FUNCTION_STRUCTURE,,SVG,NO_PROBLEM_VISUAL,REVIEW_REQUIRED,SOLUTION_SVG,NOT_STARTED,,,28c4aaeb73dfa6f2b7e67b11fd6b305aaebf767c7f3f0c5337c7fe3ec4c06f73,NOT_STARTED,NOT_STARTED,NOT_STARTED,NOT_TESTED,PASS,canonical_and_compiled_master_match,INVENTORY_PENDING,01_scope_inventory.csv#archive/exams/original/high/h1/2final/24_금당고_2학기_기말_고1_기출.js|24_금당고_2학기_기말_고1_기출|5,[object Object],INDEX_RECORD_PRESENT,original/high/h1/2final/24_금당고_2학기_기말_고1_기출.js_5,f25c46825db08b7a56bf2beeca4ec1f4aadd38f8a8fe2eaf8d2386dfd0d128cb,true,④,IN_SCOPE_FORWARD,,,CLOSED_NO_SHARED_ASSET
archive/exams/original/high/h1/2final/24_금당고_2학기_기말_고1_기출.js|24_금당고_2학기_기말_고1_기출|10,archive/exams/original/high/h1/2final/24_금당고_2학기_기말_고1_기출.js,24_금당고_2학기_기말_고1_기출,10,10,10,2015,수학(하),H15-SB-05,무리함수,5,H15-SB-05-IRRATIONAL_INVERSE,무리함수와 역함수,category_or_cue_inferred,complete_category,객관식,grid,false,그래프,ef316e659481073f212f4ce4b37256928955ea9792e5c4c4d185068470529747,8c52cb52ac84d740c426cba63560c1d9869aa81543cab234dca200fff5f4c17d,973d2fd2f97e26a666f403b12da6d87e527985b36bcf4ff0a47c7e7e8c36321a,13ea95347411d0ea28c07b25297fc560872d360eb0d6f14de2e6a41664c620e2,,,assets/images/24_금당고_2학기_기말_고1_기출/q10-solution.svg,89bd9cee504c04b9e5c576cfbfd2b93873acd571d81c5132204aa6137d4de2b8,0,LOADED_VM,,NOT_STARTED,NOT_STARTED,NOT_STARTED,SOURCE_REVIEW,SOURCE_REVIEW,GRAPH_OR_FUNCTION_STRUCTURE|COORDINATE_OR_GEOMETRY_STRUCTURE,,SVG,NO_PROBLEM_VISUAL,REVIEW_REQUIRED,SOLUTION_SVG,NOT_STARTED,,,b9139c3864a5c55bc78ad4ad3a2cd1787c945e2066f9435637ab4b7a05f29542,NOT_STARTED,NOT_STARTED,NOT_STARTED,NOT_TESTED,PASS,canonical_and_compiled_master_match,INVENTORY_PENDING,01_scope_inventory.csv#archive/exams/original/high/h1/2final/24_금당고_2학기_기말_고1_기출.js|24_금당고_2학기_기말_고1_기출|10,[object Object],INDEX_RECORD_PRESENT,original/high/h1/2final/24_금당고_2학기_기말_고1_기출.js_10,f25c46825db08b7a56bf2beeca4ec1f4aadd38f8a8fe2eaf8d2386dfd0d128cb,true,①,IN_SCOPE_FORWARD,,,CLOSED_NO_SHARED_ASSET
archive/exams/original/high/h1/2final/24_금당고_2학기_기말_고1_기출.js|24_금당고_2학기_기말_고1_기출|11,archive/exams/original/high/h1/2final/24_금당고_2학기_기말_고1_기출.js,24_금당고_2학기_기말_고1_기출,11,11,11,2015,수학(하),H15-SB-05,무리함수,5,H15-SB-05-IRRATIONAL_GRAPH,무리함수의 그래프,category_or_cue_inferred,complete_category,객관식,grid,false,그래프,85c1f53fb29cbe246182b26fddf9df2b8f20159e6648638a38ae1bd0e04c9de8,d601fd23445f2769d635c0f649aaf6d04b385a7d56c029a78b68ab105d958e27,dfde05a3668030e99ca64d8d4ae5f6b64c7a87cee61c0ba43904b92ef210191d,f7844028f37140b1b9559739b49d08bb98580a9a4535f20b67ebd35398ecf087,,,assets/images/24_금당고_2학기_기말_고1_기출/q11-solution.svg,d25937eb1d34b51d205d55b4ad40cc33e5633efe35011adf46c79bbe5e7c4dc8,0,LOADED_VM,,NOT_STARTED,NOT_STARTED,NOT_STARTED,SOURCE_REVIEW,SOURCE_REVIEW,GRAPH_OR_FUNCTION_STRUCTURE|COORDINATE_OR_GEOMETRY_STRUCTURE|TABLE_OR_MATRIX_STRUCTURE,,SVG,NO_PROBLEM_VISUAL,REVIEW_REQUIRED,SOLUTION_SVG,NOT_STARTED,,,0864a1fb34e75e76ab38d161395ac45382e3b551722cc340b57ac74a9d34d849,NOT_STARTED,NOT_STARTED,NOT_STARTED,NOT_TESTED,PASS,canonical_and_compiled_master_match,INVENTORY_PENDING,01_scope_inventory.csv#archive/exams/original/high/h1/2final/24_금당고_2학기_기말_고1_기출.js|24_금당고_2학기_기말_고1_기출|11,[object Object],INDEX_RECORD_PRESENT,original/high/h1/2final/24_금당고_2학기_기말_고1_기출.js_11,f25c46825db08b7a56bf2beeca4ec1f4aadd38f8a8fe2eaf8d2386dfd0d128cb,true,②,IN_SCOPE_FORWARD,,,CLOSED_NO_SHARED_ASSET
archive/exams/original/high/h1/2final/24_금당고_2학기_기말_고1_기출.js|24_금당고_2학기_기말_고1_기출|18,archive/exams/original/high/h1/2final/24_금당고_2학기_기말_고1_기출.js,24_금당고_2학기_기말_고1_기출,18,18,18,2015,수학(하),H15-SB-05,무리함수,5,H15-SB-05-IRRATIONAL_GRAPH,무리함수의 그래프,category_or_cue_inferred,complete_category,단답형,grid,false,그래프,51fa05b7840e36aeb8632a35ddda35209615d12967e1c34376ecf22b6d75efb3,4f53cda18c2baa0c0354bb5f9a3ecbe5ed12ab4d8e11ba873c2f11161202b945,dfaca4706d7f01363f95d6b7c2e9ea0364ecb604b4e0c1bb78ee4aa57069e30e,422a30d63a4221aead7351599c31f9944700661887d0c112f8790b19a7ae7567,,,assets/images/24_금당고_2학기_기말_고1_기출/q18-solution.svg,207ff14df0112bf380b3069b4c8fce29613392774555a6e9182596e6d39701b7,0,LOADED_VM,,NOT_STARTED,NOT_STARTED,NOT_STARTED,SOURCE_REVIEW,SOURCE_REVIEW,GRAPH_OR_FUNCTION_STRUCTURE|COORDINATE_OR_GEOMETRY_STRUCTURE|TABLE_OR_MATRIX_STRUCTURE,,SVG,NO_PROBLEM_VISUAL,REVIEW_REQUIRED,SOLUTION_SVG,NOT_STARTED,,,89bc5c7d2e7ca5d5f0f60bf2031eb89ce75c6236863fc243f0947d6c68a3f261,NOT_STARTED,NOT_STARTED,NOT_STARTED,NOT_TESTED,PASS,canonical_and_compiled_master_match,INVENTORY_PENDING,01_scope_inventory.csv#archive/exams/original/high/h1/2final/24_금당고_2학기_기말_고1_기출.js|24_금당고_2학기_기말_고1_기출|18,[object Object],INDEX_RECORD_PRESENT,original/high/h1/2final/24_금당고_2학기_기말_고1_기출.js_18,f25c46825db08b7a56bf2beeca4ec1f4aadd38f8a8fe2eaf8d2386dfd0d128cb,true,$k>-1$,IN_SCOPE_FORWARD,,,CLOSED_NO_SHARED_ASSET
archive/exams/original/high/h1/2final/24_금당고_2학기_기말_고1_기출.js|24_금당고_2학기_기말_고1_기출|20,archive/exams/original/high/h1/2final/24_금당고_2학기_기말_고1_기출.js,24_금당고_2학기_기말_고1_기출,20,20,20,2015,수학(하),H15-SB-05,무리함수,5,H15-SB-05-IRRATIONAL_GRAPH,무리함수의 그래프,category_or_cue_inferred,complete_category,서술형,grid,false,서술형|그래프,7c7b3c310ddbcd5c0a59aef607119faeb186dff4b7dffac3143f7b3d93b1c32a,4f53cda18c2baa0c0354bb5f9a3ecbe5ed12ab4d8e11ba873c2f11161202b945,e3ceb65e25199e4ca7fdc0a7deba67f375ba287f3ac940f6f07a701a81d9d89e,bf096cefb2ddf140f57117c3609f3c9144784a113dbef037b08e888a5637b7ea,,,,,0,LOADED_VM,,NOT_STARTED,NOT_STARTED,NOT_STARTED,SVG_REQUIRED_MISSING,SVG_REQUIRED_MISSING,GRAPH_OR_FUNCTION_STRUCTURE|COORDINATE_OR_GEOMETRY_STRUCTURE|SET_OR_LOGIC_STRUCTURE,,GRAPH_CANDIDATE,NO_PROBLEM_VISUAL,REVIEW_REQUIRED,NONE,NOT_STARTED,,,,NOT_STARTED,NOT_STARTED,NOT_STARTED,NOT_TESTED,PASS,canonical_and_compiled_master_match,INVENTORY_PENDING,01_scope_inventory.csv#archive/exams/original/high/h1/2final/24_금당고_2학기_기말_고1_기출.js|24_금당고_2학기_기말_고1_기출|20,,INDEX_RECORD_PRESENT,original/high/h1/2final/24_금당고_2학기_기말_고1_기출.js_20,f25c46825db08b7a56bf2beeca4ec1f4aadd38f8a8fe2eaf8d2386dfd0d128cb,true,$34$,IN_SCOPE_FORWARD,,,CLOSED_NO_SHARED_ASSET
archive/exams/original/high/h1/2final/24_매산여고_2학기_기말_고1_기출.js|24_매산여고_2학기_기말_고1_기출|4,archive/exams/original/high/h1/2final/24_매산여고_2학기_기말_고1_기출.js,24_매산여고_2학기_기말_고1_기출,4,4,4,2015,수학(하),H15-SB-05,무리함수,5,H15-SB-05-IRRATIONAL_BASIC,무리함수의 뜻과 계산,category_or_cue_inferred,complete_category,객관식,grid,false,객관식|그래프,9843d8c57700d5a978862e93f9d24aff224a2bdebb528384723fd494bfc5dbd9,089e9ad75d1e53f0176287410930641bc497a7ce15eaf881f7096b9eb287d699,0bdef091c479702584f065d3a3714f8a76f851b3f0cf10912f345a5dd930b0a8,cdcda5b935e377269d386ffc5ef47b88245abb063ecaf657d3312747c2b41687,assets/images/24_매산여고_2학기_기말_고1_기출/q4.png,9efae2ab49574d643e3461c5dd34e30b9dcd00f457c2cd9f626175c5b54102fc,,,0,LOADED_VM,,NOT_STARTED,NOT_STARTED,NOT_STARTED,SVG_REQUIRED_MISSING,SVG_REQUIRED_MISSING,GRAPH_OR_FUNCTION_STRUCTURE,,GRAPH_CANDIDATE,PROBLEM_VISUAL_PRESENT,REVIEW_REQUIRED,NONE,NOT_STARTED,,,,NOT_STARTED,NOT_STARTED,NOT_STARTED,NOT_TESTED,PASS,canonical_and_compiled_master_match,INVENTORY_PENDING,01_scope_inventory.csv#archive/exams/original/high/h1/2final/24_매산여고_2학기_기말_고1_기출.js|24_매산여고_2학기_기말_고1_기출|4,[object Object],INDEX_RECORD_PRESENT,original/high/h1/2final/24_매산여고_2학기_기말_고1_기출.js_4,af4ac49b8d91e415bf65a572a816bbab8e608a867950e57be821ee5c273d48eb,true,⑤,IN_SCOPE_FORWARD,,,CLOSED_NO_SHARED_ASSET
archive/exams/original/high/h1/2final/24_매산여고_2학기_기말_고1_기출.js|24_매산여고_2학기_기말_고1_기출|6,archive/exams/original/high/h1/2final/24_매산여고_2학기_기말_고1_기출.js,24_매산여고_2학기_기말_고1_기출,6,6,6,2015,수학(하),H15-SB-05,무리함수,5,H15-SB-05-IRRATIONAL_BASIC,무리함수의 뜻과 계산,category_or_cue_inferred,complete_category,객관식,grid,false,객관식|그래프,1e3ac570e9efe652f6d35d795c377c9f8a5c59e549a0e4642eee723e929e6140,5dcc352c5ddd4fc720fd3548e13b322dd30f4763764c7b978c9700c7a9b22a76,973d2fd2f97e26a666f403b12da6d87e527985b36bcf4ff0a47c7e7e8c36321a,80981d06e61353e7fa5e2e1b13f58f9133a8b3e421447c3af6bf34d097499709,,,assets/images/24_매산여고_2학기_기말_고1_기출/q06-solution.svg,1fbeecb518f4966d0368e1944ff36a86f01dbc642c1472cdf23cc26a41284115,0,LOADED_VM,,NOT_STARTED,NOT_STARTED,NOT_STARTED,SOURCE_REVIEW,SOURCE_REVIEW,GRAPH_OR_FUNCTION_STRUCTURE|COORDINATE_OR_GEOMETRY_STRUCTURE|TABLE_OR_MATRIX_STRUCTURE,,SVG,NO_PROBLEM_VISUAL,REVIEW_REQUIRED,SOLUTION_SVG,NOT_STARTED,,,d1c750e87ae6247424086148e76b89396cadaa09c756b62080a98962ae7d306d,NOT_STARTED,NOT_STARTED,NOT_STARTED,NOT_TESTED,PASS,canonical_and_compiled_master_match,INVENTORY_PENDING,01_scope_inventory.csv#archive/exams/original/high/h1/2final/24_매산여고_2학기_기말_고1_기출.js|24_매산여고_2학기_기말_고1_기출|6,[object Object],INDEX_RECORD_PRESENT,original/high/h1/2final/24_매산여고_2학기_기말_고1_기출.js_6,af4ac49b8d91e415bf65a572a816bbab8e608a867950e57be821ee5c273d48eb,true,①,IN_SCOPE_FORWARD,,,CLOSED_NO_SHARED_ASSET
archive/exams/original/high/h1/2final/24_매산여고_2학기_기말_고1_기출.js|24_매산여고_2학기_기말_고1_기출|16,archive/exams/original/high/h1/2final/24_매산여고_2학기_기말_고1_기출.js,24_매산여고_2학기_기말_고1_기출,16,16,16,2015,수학(하),H15-SB-05,무리함수,5,H15-SB-05-IRRATIONAL_BASIC,무리함수의 뜻과 계산,category_or_cue_inferred,complete_category,객관식,grid,false,객관식,7fd4d3f61e7607067c297fb7f372ec8204fd2cbf95144a0173cd678a404e0459,ff782081a4cc25de5ebd8fdb3b10e93e0a2a8b181fb4cabb15c6d4c8f83c7224,b15be6cb71072b84f7e1e198ce023fc5bb8b1e625335904ddcf3cffcd8b7312b,faca6970a9ee04c03142253cac60eb327125fc5ee19356a4cf17adbabd8cde8d,,,,,0,LOADED_VM,,NOT_STARTED,NOT_STARTED,NOT_STARTED,SVG_REQUIRED_MISSING,SVG_REQUIRED_MISSING,GRAPH_OR_FUNCTION_STRUCTURE,,GRAPH_CANDIDATE,NO_PROBLEM_VISUAL,REVIEW_REQUIRED,NONE,NOT_STARTED,,,,NOT_STARTED,NOT_STARTED,NOT_STARTED,NOT_TESTED,PASS,canonical_and_compiled_master_match,INVENTORY_PENDING,01_scope_inventory.csv#archive/exams/original/high/h1/2final/24_매산여고_2학기_기말_고1_기출.js|24_매산여고_2학기_기말_고1_기출|16,,INDEX_RECORD_PRESENT,original/high/h1/2final/24_매산여고_2학기_기말_고1_기출.js_16,af4ac49b8d91e415bf65a572a816bbab8e608a867950e57be821ee5c273d48eb,true,③,IN_SCOPE_FORWARD,,,CLOSED_NO_SHARED_ASSET
archive/exams/original/high/h1/2final/24_매산여고_2학기_기말_고1_기출.js|24_매산여고_2학기_기말_고1_기출|17,archive/exams/original/high/h1/2final/24_매산여고_2학기_기말_고1_기출.js,24_매산여고_2학기_기말_고1_기출,17,17,17,2015,수학(하),H15-SB-05,무리함수,5,H15-SB-05-IRRATIONAL_BASIC,무리함수의 뜻과 계산,category_or_cue_inferred,complete_category,객관식,grid,false,객관식,7869dec5e01067dbd5bcb755916aca76edf07d642b94b939c4915c8167abe453,269e6f235b5beddd5ce32e6d9db0ad4118a43a75a57cacbc6f968948d657c290,d41ea6521f53fb3dfa10cf72e2932f4405d9c999fa422cdc840d25d57e90dd34,fc79d8636e686e6606ac792bdfc7d31ae2fe4cf0377f90e3e69c44772bb62030,,,,,0,LOADED_VM,,NOT_STARTED,NOT_STARTED,NOT_STARTED,SVG_REQUIRED_MISSING,SVG_REQUIRED_MISSING,GRAPH_OR_FUNCTION_STRUCTURE|SET_OR_LOGIC_STRUCTURE,,GRAPH_CANDIDATE,NO_PROBLEM_VISUAL,REVIEW_REQUIRED,NONE,NOT_STARTED,,,,NOT_STARTED,NOT_STARTED,NOT_STARTED,NOT_TESTED,PASS,canonical_and_compiled_master_match,INVENTORY_PENDING,01_scope_inventory.csv#archive/exams/original/high/h1/2final/24_매산여고_2학기_기말_고1_기출.js|24_매산여고_2학기_기말_고1_기출|17,,INDEX_RECORD_PRESENT,original/high/h1/2final/24_매산여고_2학기_기말_고1_기출.js_17,af4ac49b8d91e415bf65a572a816bbab8e608a867950e57be821ee5c273d48eb,true,④,IN_SCOPE_FORWARD,,,CLOSED_NO_SHARED_ASSET
archive/exams/original/high/h1/2final/24_매산여고_2학기_기말_고1_기출.js|24_매산여고_2학기_기말_고1_기출|18,archive/exams/original/high/h1/2final/24_매산여고_2학기_기말_고1_기출.js,24_매산여고_2학기_기말_고1_기출,18,18,18,2015,수학(하),H15-SB-05,무리함수,5,H15-SB-05-IRRATIONAL_BASIC,무리함수의 뜻과 계산,category_or_cue_inferred,complete_category,객관식,grid,false,객관식|그래프,71851d53ba4996483c762fd41f2f0507468ee2583f7574196a81d76a14bd865d,71dadc04864335dd961bd1761d238da565c880727d40c30dc5da0bbb8539bc5f,b15be6cb71072b84f7e1e198ce023fc5bb8b1e625335904ddcf3cffcd8b7312b,c792d089e198fe681c10d7294019c91df1370f42befe32deee1c6ae163d87cc8,,,,,0,LOADED_VM,,NOT_STARTED,NOT_STARTED,NOT_STARTED,SVG_REQUIRED_MISSING,SVG_REQUIRED_MISSING,GRAPH_OR_FUNCTION_STRUCTURE|COORDINATE_OR_GEOMETRY_STRUCTURE,,GRAPH_CANDIDATE,NO_PROBLEM_VISUAL,REVIEW_REQUIRED,NONE,NOT_STARTED,,,,NOT_STARTED,NOT_STARTED,NOT_STARTED,NOT_TESTED,PASS,canonical_and_compiled_master_match,INVENTORY_PENDING,01_scope_inventory.csv#archive/exams/original/high/h1/2final/24_매산여고_2학기_기말_고1_기출.js|24_매산여고_2학기_기말_고1_기출|18,,INDEX_RECORD_PRESENT,original/high/h1/2final/24_매산여고_2학기_기말_고1_기출.js_18,af4ac49b8d91e415bf65a572a816bbab8e608a867950e57be821ee5c273d48eb,true,③,IN_SCOPE_FORWARD,,,CLOSED_NO_SHARED_ASSET
archive/exams/original/high/h1/2final/24_매산여고_2학기_기말_고1_기출.js|24_매산여고_2학기_기말_고1_기출|23,archive/exams/original/high/h1/2final/24_매산여고_2학기_기말_고1_기출.js,24_매산여고_2학기_기말_고1_기출,23,23,23,2015,수학(하),H15-SB-05,무리함수,5,H15-SB-05-IRRATIONAL_INVERSE,무리함수와 역함수,category_or_cue_inferred,complete_category,서술형,grid,false,서술형|그래프,9d0a7309f9a7580e66c05d99acb20774b4101d44e360427247a81dbb060e7182,4f53cda18c2baa0c0354bb5f9a3ecbe5ed12ab4d8e11ba873c2f11161202b945,381dd9d84e7fc809ca03c70eef1a36754d90284484b152d731169cf37d713927,b8e2dc710647beede5cfe24cd66acb58f3d65feb5a07b44f0ddd0eb3f0560d36,,,assets/images/24_매산여고_2학기_기말_고1_기출/q23-solution.svg,509fd9f84bae09bf277a723470aa73d62fee060deee5c512cc4158641d81597a,0,LOADED_VM,,NOT_STARTED,NOT_STARTED,NOT_STARTED,SOURCE_REVIEW,SOURCE_REVIEW,GRAPH_OR_FUNCTION_STRUCTURE|COORDINATE_OR_GEOMETRY_STRUCTURE|TABLE_OR_MATRIX_STRUCTURE,,SVG,NO_PROBLEM_VISUAL,REVIEW_REQUIRED,SOLUTION_SVG,NOT_STARTED,,,eb37a2163e28117b758bc6e6ea7c7a69989a1f679240a3e957d3aeccd603257e,NOT_STARTED,NOT_STARTED,NOT_STARTED,NOT_TESTED,PASS,canonical_and_compiled_master_match,INVENTORY_PENDING,01_scope_inventory.csv#archive/exams/original/high/h1/2final/24_매산여고_2학기_기말_고1_기출.js|24_매산여고_2학기_기말_고1_기출|23,[object Object],INDEX_RECORD_PRESENT,original/high/h1/2final/24_매산여고_2학기_기말_고1_기출.js_23,af4ac49b8d91e415bf65a572a816bbab8e608a867950e57be821ee5c273d48eb,true,"(1) $f^{-1}(x)=\dfrac{x^2-4}{3}\;(x\ge0)$, (2) $\dfrac{20}{9}$",IN_SCOPE_FORWARD,,,CLOSED_NO_SHARED_ASSET
archive/exams/original/high/h1/2final/24_제일고_2학기_기말_고1_기출.js|24_제일고_2학기_기말_고1_기출|12,archive/exams/original/high/h1/2final/24_제일고_2학기_기말_고1_기출.js,24_제일고_2학기_기말_고1_기출,12,12,12,2015,수학(하),H15-SB-05,무리함수,5,H15-SB-05-IRRATIONAL_BASIC,무리함수의 뜻과 계산,category_or_cue_inferred,complete_category,객관식,grid,false,객관식|그래프,39f079cdb3c8c485f0d94b0f4dbf7c348b24a8b485ce7ed17691d2bfa3ba4b18,5e6816a96f17901285a589b42698de18f3f712159c53e24a56b0e9abdc51fb70,b15be6cb71072b84f7e1e198ce023fc5bb8b1e625335904ddcf3cffcd8b7312b,1494e94e36c20cd1fb1cb55b5f628465ddc81dfe022c63326414bf9ec4adff70,,,assets/images/24_제일고_2학기_기말_고1_기출/q12-solution.svg,c006f007559d4935a6a87098802c3d42d0802512e645b1b103f9d318bbef4093,0,LOADED_VM,,NOT_STARTED,NOT_STARTED,NOT_STARTED,SOURCE_REVIEW,SOURCE_REVIEW,GRAPH_OR_FUNCTION_STRUCTURE|COORDINATE_OR_GEOMETRY_STRUCTURE,,SVG,NO_PROBLEM_VISUAL,REVIEW_REQUIRED,SOLUTION_SVG,NOT_STARTED,,,e5eb01f417282d88ccbbc0bbbc8ef73ff2c66aa115164ebd99fb4c664aa6f62d,NOT_STARTED,NOT_STARTED,NOT_STARTED,NOT_TESTED,PASS,canonical_and_compiled_master_match,INVENTORY_PENDING,01_scope_inventory.csv#archive/exams/original/high/h1/2final/24_제일고_2학기_기말_고1_기출.js|24_제일고_2학기_기말_고1_기출|12,[object Object],INDEX_RECORD_PRESENT,original/high/h1/2final/24_제일고_2학기_기말_고1_기출.js_12,b7daf673c4488ecb738723df7abcefb0670107b9c2fa91919cac3a6951cf5abf,true,③,IN_SCOPE_FORWARD,,,CLOSED_NO_SHARED_ASSET
archive/exams/original/high/h1/2final/24_제일고_2학기_기말_고1_기출.js|24_제일고_2학기_기말_고1_기출|14,archive/exams/original/high/h1/2final/24_제일고_2학기_기말_고1_기출.js,24_제일고_2학기_기말_고1_기출,14,14,14,2015,수학(하),H15-SB-05,무리함수,5,H15-SB-05-IRRATIONAL_BASIC,무리함수의 뜻과 계산,category_or_cue_inferred,complete_category,객관식,grid,false,객관식,36317e94a6a0b635e9318bb0af50625a9424b01a18bac85cc040d1814ad278a0,56565ca49df3c61199f02df3e49b0c3d335a982debb939b34576876497c048e9,dfde05a3668030e99ca64d8d4ae5f6b64c7a87cee61c0ba43904b92ef210191d,e21d68c27497db5b06a36a37f988c5b56dfa92ab56949b76eefa55dad01cd3e5,,,,,0,LOADED_VM,,NOT_STARTED,NOT_STARTED,NOT_STARTED,SVG_OPTIONAL,SVG_OPTIONAL,,,NONE,NO_PROBLEM_VISUAL,N/A,NONE,NOT_STARTED,,,,NOT_STARTED,NOT_STARTED,NOT_STARTED,NOT_TESTED,PASS,canonical_and_compiled_master_match,INVENTORY_PENDING,01_scope_inventory.csv#archive/exams/original/high/h1/2final/24_제일고_2학기_기말_고1_기출.js|24_제일고_2학기_기말_고1_기출|14,,INDEX_RECORD_PRESENT,original/high/h1/2final/24_제일고_2학기_기말_고1_기출.js_14,b7daf673c4488ecb738723df7abcefb0670107b9c2fa91919cac3a6951cf5abf,true,②,IN_SCOPE_FORWARD,,,CLOSED_NO_SHARED_ASSET
archive/exams/original/high/h1/2final/24_제일고_2학기_기말_고1_기출.js|24_제일고_2학기_기말_고1_기출|15,archive/exams/original/high/h1/2final/24_제일고_2학기_기말_고1_기출.js,24_제일고_2학기_기말_고1_기출,15,15,15,2015,수학(하),H15-SB-05,무리함수,5,H15-SB-05-IRRATIONAL_BASIC,무리함수의 뜻과 계산,category_or_cue_inferred,complete_category,객관식,grid,false,객관식,4a856252e9004918903f015c1784c45881e6dc2af596fd935439d62b240fc4a4,b31cdb325410b3105b00769862a925b79564057132baa6fff831e334aef7d1bd,0bdef091c479702584f065d3a3714f8a76f851b3f0cf10912f345a5dd930b0a8,d56581dd53b989e59e2ca6ca8ca8f1efa0a0504b4de1e70a3643916c13e266cf,,,,,0,LOADED_VM,,NOT_STARTED,NOT_STARTED,NOT_STARTED,SVG_REQUIRED_MISSING,SVG_REQUIRED_MISSING,GRAPH_OR_FUNCTION_STRUCTURE|COORDINATE_OR_GEOMETRY_STRUCTURE,,GRAPH_CANDIDATE,NO_PROBLEM_VISUAL,REVIEW_REQUIRED,NONE,NOT_STARTED,,,,NOT_STARTED,NOT_STARTED,NOT_STARTED,NOT_TESTED,PASS,canonical_and_compiled_master_match,INVENTORY_PENDING,01_scope_inventory.csv#archive/exams/original/high/h1/2final/24_제일고_2학기_기말_고1_기출.js|24_제일고_2학기_기말_고1_기출|15,,INDEX_RECORD_PRESENT,original/high/h1/2final/24_제일고_2학기_기말_고1_기출.js_15,b7daf673c4488ecb738723df7abcefb0670107b9c2fa91919cac3a6951cf5abf,true,⑤,IN_SCOPE_FORWARD,,,CLOSED_NO_SHARED_ASSET
archive/exams/original/high/h1/2final/24_제일고_2학기_기말_고1_기출.js|24_제일고_2학기_기말_고1_기출|18,archive/exams/original/high/h1/2final/24_제일고_2학기_기말_고1_기출.js,24_제일고_2학기_기말_고1_기출,18,18,18,2015,수학(하),H15-SB-05,무리함수,5,H15-SB-05-IRRATIONAL_GRAPH,무리함수의 그래프,category_or_cue_inferred,complete_category,객관식,grid,false,객관식|그래프,86a63e05125d4cefa8c13a52e99f4de3734410f566afe7b2106f7b5903f58a21,c71943dc3215ba6d5bf2a5fd8116a8463d1c3d917fcf0cdad08fd53b874e860d,b15be6cb71072b84f7e1e198ce023fc5bb8b1e625335904ddcf3cffcd8b7312b,0aaea5baa87c42a5d3d19f0f79dcc574cc58edb54c463a3572f07112f1f6cac4,assets/images/24_제일고_2학기_기말_고1_기출/q18.png,9df153cbf0ddc874b651dc069cd634d46b3b48c415fdc834ff10efe64ec16e01,,,0,LOADED_VM,,NOT_STARTED,NOT_STARTED,NOT_STARTED,SVG_REQUIRED_MISSING,SVG_REQUIRED_MISSING,GRAPH_OR_FUNCTION_STRUCTURE|COORDINATE_OR_GEOMETRY_STRUCTURE|TABLE_OR_MATRIX_STRUCTURE,,GRAPH_CANDIDATE,PROBLEM_VISUAL_PRESENT,REVIEW_REQUIRED,NONE,NOT_STARTED,,,,NOT_STARTED,NOT_STARTED,NOT_STARTED,NOT_TESTED,PASS,canonical_and_compiled_master_match,INVENTORY_PENDING,01_scope_inventory.csv#archive/exams/original/high/h1/2final/24_제일고_2학기_기말_고1_기출.js|24_제일고_2학기_기말_고1_기출|18,[object Object],INDEX_RECORD_PRESENT,original/high/h1/2final/24_제일고_2학기_기말_고1_기출.js_18,b7daf673c4488ecb738723df7abcefb0670107b9c2fa91919cac3a6951cf5abf,true,③,IN_SCOPE_FORWARD,,,CLOSED_NO_SHARED_ASSET
archive/exams/original/high/h1/2final/24_제일고_2학기_기말_고1_기출.js|24_제일고_2학기_기말_고1_기출|22,archive/exams/original/high/h1/2final/24_제일고_2학기_기말_고1_기출.js,24_제일고_2학기_기말_고1_기출,22,22,22,2015,수학(하),H15-SB-05,무리함수,5,H15-SB-05-IRRATIONAL_GRAPH,무리함수의 그래프,category_or_cue_inferred,complete_category,서술형,grid,false,서술형|그래프,593f9177c277200c5586cb05a3039c75e4955f56ed0d4f84e7e8739d5d6d5ba1,4f53cda18c2baa0c0354bb5f9a3ecbe5ed12ab4d8e11ba873c2f11161202b945,958d9935a9b7f0f7dcfc44a81bc36107b4e48701d99e50bbae8bf493c21871f7,2d9ce928497a4932531a327c6eb56daa2c0257728cb0459ba21c2ab04f33b9c3,,,assets/images/24_제일고_2학기_기말_고1_기출/q22-solution.svg,4bd597fcfbcc63c2b7ffedd8601d6f3bc6a76028c92dfa864bc83728f33ed834,0,LOADED_VM,,NOT_STARTED,NOT_STARTED,NOT_STARTED,SOURCE_REVIEW,SOURCE_REVIEW,GRAPH_OR_FUNCTION_STRUCTURE|COORDINATE_OR_GEOMETRY_STRUCTURE,,SVG,NO_PROBLEM_VISUAL,REVIEW_REQUIRED,SOLUTION_SVG,NOT_STARTED,,,fea7d406ab253a8204886f7e0730bfb467a89d97ebe63d24696223a783344e9f,NOT_STARTED,NOT_STARTED,NOT_STARTED,NOT_TESTED,PASS,canonical_and_compiled_master_match,INVENTORY_PENDING,01_scope_inventory.csv#archive/exams/original/high/h1/2final/24_제일고_2학기_기말_고1_기출.js|24_제일고_2학기_기말_고1_기출|22,[object Object],INDEX_RECORD_PRESENT,original/high/h1/2final/24_제일고_2학기_기말_고1_기출.js_22,b7daf673c4488ecb738723df7abcefb0670107b9c2fa91919cac3a6951cf5abf,true,$3$,IN_SCOPE_FORWARD,,,CLOSED_NO_SHARED_ASSET
