questionUid,sourceJsPath,examId,id,displayNo,sourceOrdinal,curriculumVersion,standardCourse,standardUnitKey,standardUnit,standardUnitOrder,subUnitKey,subUnit,subUnitConfidence,subUnitClassificationDepth,questionType,layoutTag,wide,tags,contentHash,choicesHash,answerHash,solutionHash,problemImageRef,problemImageHash,solutionImageRef,solutionImageHash,inlineSvgCount,sourceValidityStatus,independentAnswer,answerParity,solutionQualityStatus,curriculumStatus,visualRequirement,visualRequirementCandidate,visualReasonCode,visualMarkers,visualType,problemVisualSufficiency,scalePolicy,existingSvgStatus,svgRepairStatus,factObligationSet,expectedFactHash,observedFactHash,numericParity,semanticParity,styleLintStatus,renderStatus,metadataStatus,metadataReason,finalVerdict,evidenceRef,assetRefs,questionIndexParity,qKey,sourceFileSha256,solutionPresent,answerValue,scopeStatus,sharedAssetUid,dependencyQuestionUids,dependencyClosureStatus
archive/exams/original/high/h1/1final/22_복성고_1학기_기말_고1_기출.js|22_복성고_1학기_기말_고1_기출|14,archive/exams/original/high/h1/1final/22_복성고_1학기_기말_고1_기출.js,22_복성고_1학기_기말_고1_기출,14,14,14,2015,수학(상),H15-SA-04,복소수,4,H15-SA-04-COMPLEX_BASIC,복소수의 뜻과 표현,category_or_cue_inferred,complete_category,객관식,grid,false,객관식|복소수|허근,94210eb4413dcd76c25c958cffdf8d4160bcd55fc4f02a769d9fe91a875ae1f5,ed233e6b3aa03a196b12af07c7480441d6dcd22ab1a662436cea92a9e64fb60c,d41ea6521f53fb3dfa10cf72e2932f4405d9c999fa422cdc840d25d57e90dd34,dfc5fff52e167da3ec86902542cf7771bae5a535f6fe0e747c59a54e57cc286c,,,,,0,LOADED_VM,,NOT_STARTED,NOT_STARTED,NOT_STARTED,SVG_REQUIRED_MISSING,SVG_REQUIRED_MISSING,TABLE_OR_MATRIX_STRUCTURE,,VISUAL_CANDIDATE,NO_PROBLEM_VISUAL,SCHEMATIC_OR_REVIEW,NONE,NOT_STARTED,,,,NOT_STARTED,NOT_STARTED,NOT_STARTED,NOT_TESTED,PASS,canonical_and_compiled_master_match,INVENTORY_PENDING,01_scope_inventory.csv#archive/exams/original/high/h1/1final/22_복성고_1학기_기말_고1_기출.js|22_복성고_1학기_기말_고1_기출|14,,INDEX_RECORD_PRESENT,original/high/h1/1final/22_복성고_1학기_기말_고1_기출.js_14,400e2aca1499c9d907123620c6251a29f161016cdaa1458ca3332a19e0f9df4d,true,④,IN_SCOPE_FORWARD,,,CLOSED_NO_SHARED_ASSET
archive/exams/original/high/h1/1final/22_팔마고_1학기_기말_고1_기출.js|22_팔마고_1학기_기말_고1_기출|16,archive/exams/original/high/h1/1final/22_팔마고_1학기_기말_고1_기출.js,22_팔마고_1학기_기말_고1_기출,16,16,16,2015,수학(상),H15-SA-04,복소수,4,H15-SA-04-COMPLEX_BASIC,복소수의 뜻과 표현,category_or_cue_inferred,complete_category,객관식,grid,true,객관식|복소수|고1|기말,0087f707be11948b4fb99ea07113ab2ab52e99adc6348dea35617310b9d0ab7f,5f93ebea8d4ea85e95ae12c2562e7e12dd4709159523eec1010b7f25fd482d58,b15be6cb71072b84f7e1e198ce023fc5bb8b1e625335904ddcf3cffcd8b7312b,1dd0c7a2d80bb7c24330c932909fc568be061341b799ec724ef275dbc20cad7a,,,,,0,LOADED_VM,,NOT_STARTED,NOT_STARTED,NOT_STARTED,SVG_REQUIRED_MISSING,SVG_REQUIRED_MISSING,COUNTING_STRUCTURE|TABLE_OR_MATRIX_STRUCTURE,,VISUAL_CANDIDATE,NO_PROBLEM_VISUAL,SCHEMATIC_OR_REVIEW,NONE,NOT_STARTED,,,,NOT_STARTED,NOT_STARTED,NOT_STARTED,NOT_TESTED,PASS,canonical_and_compiled_master_match,INVENTORY_PENDING,01_scope_inventory.csv#archive/exams/original/high/h1/1final/22_팔마고_1학기_기말_고1_기출.js|22_팔마고_1학기_기말_고1_기출|16,,INDEX_RECORD_PRESENT,original/high/h1/1final/22_팔마고_1학기_기말_고1_기출.js_16,29b947a1d1422b4def7f5d0d708d62418af8d0ad94656355c0625137a588620b,true,③,IN_SCOPE_FORWARD,,,CLOSED_NO_SHARED_ASSET
archive/exams/original/high/h1/1final/22_효천고_1학기_기말_고1_기출.js|22_효천고_1학기_기말_고1_기출|4,archive/exams/original/high/h1/1final/22_효천고_1학기_기말_고1_기출.js,22_효천고_1학기_기말_고1_기출,4,4,4,2015,수학(상),H15-SA-04,복소수,4,H15-SA-04-COMPLEX_BASIC,복소수의 뜻과 표현,category_or_cue_inferred,complete_category,객관식,grid,false,객관식|복소수|거듭제곱,d10794aee844976a46ba6fc6ef04a9c855c8f4b0e266401bd536a5473884d006,0e549cf4e05aa3780bbceb66ff78913521a3a52338d88f160c0a95ad03cc409b,973d2fd2f97e26a666f403b12da6d87e527985b36bcf4ff0a47c7e7e8c36321a,1691b440b91a2a793690f721099fe8a74570e90e0b5b47c598dc59918e25cd5b,,,,,0,LOADED_VM,,NOT_STARTED,NOT_STARTED,NOT_STARTED,SVG_REQUIRED_MISSING,SVG_REQUIRED_MISSING,TABLE_OR_MATRIX_STRUCTURE,,VISUAL_CANDIDATE,NO_PROBLEM_VISUAL,SCHEMATIC_OR_REVIEW,NONE,NOT_STARTED,,,,NOT_STARTED,NOT_STARTED,NOT_STARTED,NOT_TESTED,PASS,canonical_and_compiled_master_match,INVENTORY_PENDING,01_scope_inventory.csv#archive/exams/original/high/h1/1final/22_효천고_1학기_기말_고1_기출.js|22_효천고_1학기_기말_고1_기출|4,,INDEX_RECORD_PRESENT,original/high/h1/1final/22_효천고_1학기_기말_고1_기출.js_4,1a5b076b33ec714ab8a8ad40427d24dd700021e9b3aa019bfb56c29e3650434a,true,①,IN_SCOPE_FORWARD,,,CLOSED_NO_SHARED_ASSET
archive/exams/original/high/h1/1final/22_효천고_1학기_기말_고1_기출.js|22_효천고_1학기_기말_고1_기출|20,archive/exams/original/high/h1/1final/22_효천고_1학기_기말_고1_기출.js,22_효천고_1학기_기말_고1_기출,20,20,20,2015,수학(상),H15-SA-04,복소수,4,H15-SA-04-EQUATION_BASIC,방정식의 풀이,category_or_cue_inferred,complete_category,서술형,grid,false,서술형|복소수|다항식|근,c20b9374e86b8032d1f72cd24da49afad9d618e97a72f52422244320550e80cd,4f53cda18c2baa0c0354bb5f9a3ecbe5ed12ab4d8e11ba873c2f11161202b945,958d9935a9b7f0f7dcfc44a81bc36107b4e48701d99e50bbae8bf493c21871f7,d33b1ac48f9ee65538194bbed38ec060c55577ae6e124cca6da99f6396adddcc,,,,,0,LOADED_VM,,NOT_STARTED,NOT_STARTED,NOT_STARTED,SVG_OPTIONAL,SVG_OPTIONAL,,,NONE,NO_PROBLEM_VISUAL,N/A,NONE,NOT_STARTED,,,,NOT_STARTED,NOT_STARTED,NOT_STARTED,NOT_TESTED,PASS,canonical_and_compiled_master_match,INVENTORY_PENDING,01_scope_inventory.csv#archive/exams/original/high/h1/1final/22_효천고_1학기_기말_고1_기출.js|22_효천고_1학기_기말_고1_기출|20,,INDEX_RECORD_PRESENT,original/high/h1/1final/22_효천고_1학기_기말_고1_기출.js_20,1a5b076b33ec714ab8a8ad40427d24dd700021e9b3aa019bfb56c29e3650434a,true,$3$,IN_SCOPE_FORWARD,,,CLOSED_NO_SHARED_ASSET
archive/exams/original/high/h1/1final/23_강남여고_1학기_기말_고1_기출.js|23_강남여고_1학기_기말_고1_기출|19,archive/exams/original/high/h1/1final/23_강남여고_1학기_기말_고1_기출.js,23_강남여고_1학기_기말_고1_기출,19,19,19,2015,수학(상),H15-SA-04,복소수,4,H15-SA-04-EQUATION_BASIC,방정식의 풀이,category_or_cue_inferred,complete_category,객관식,grid,false,,2099d97571b8806317f9df4cee2055f2fbda6d067782b5dd3312dff65a5c176c,54672cfd391ee0dadf5d98f69c67716f9bf6b055ca072b18992d748e505e2fdc,973d2fd2f97e26a666f403b12da6d87e527985b36bcf4ff0a47c7e7e8c36321a,dcc2d380261a7a12385a4678ce1c6303fd6a53ccf60e66617dbc15c686e1799e,,,,,0,LOADED_VM,,NOT_STARTED,NOT_STARTED,NOT_STARTED,SVG_OPTIONAL,SVG_OPTIONAL,,,NONE,NO_PROBLEM_VISUAL,N/A,NONE,NOT_STARTED,,,,NOT_STARTED,NOT_STARTED,NOT_STARTED,NOT_TESTED,PASS,canonical_and_compiled_master_match,INVENTORY_PENDING,01_scope_inventory.csv#archive/exams/original/high/h1/1final/23_강남여고_1학기_기말_고1_기출.js|23_강남여고_1학기_기말_고1_기출|19,,INDEX_RECORD_PRESENT,original/high/h1/1final/23_강남여고_1학기_기말_고1_기출.js_19,93afd5bebb6848c6a3009f34813dff32ecaed26c2ad66f79bd8a86334dbed943,true,①,IN_SCOPE_FORWARD,,,CLOSED_NO_SHARED_ASSET
archive/exams/original/high/h1/1final/23_금당고_1학기_기말_고1_기출.js|23_금당고_1학기_기말_고1_기출|10,archive/exams/original/high/h1/1final/23_금당고_1학기_기말_고1_기출.js,23_금당고_1학기_기말_고1_기출,10,10,10,2015,수학(상),H15-SA-04,복소수,4,H15-SA-04-COMPLEX_BASIC,복소수의 뜻과 표현,category_or_cue_inferred,complete_category,객관식,grid,false,객관식|복소수|고1|기말,1a56ed334c9e16c2086064b585b1d4071eab3d06e53650f6d16bfc38c5de47a3,2901cdb75c990d86618b974a77fe82785bcbe4ec180b235be522fd059b961b55,0bdef091c479702584f065d3a3714f8a76f851b3f0cf10912f345a5dd930b0a8,56502477552ad4f8176b5a007636f44d559926fb757ceef566fda33969a16afa,,,,,0,LOADED_VM,,NOT_STARTED,NOT_STARTED,NOT_STARTED,SVG_REQUIRED_MISSING,SVG_REQUIRED_MISSING,TABLE_OR_MATRIX_STRUCTURE,,VISUAL_CANDIDATE,NO_PROBLEM_VISUAL,SCHEMATIC_OR_REVIEW,NONE,NOT_STARTED,,,,NOT_STARTED,NOT_STARTED,NOT_STARTED,NOT_TESTED,PASS,canonical_and_compiled_master_match,INVENTORY_PENDING,01_scope_inventory.csv#archive/exams/original/high/h1/1final/23_금당고_1학기_기말_고1_기출.js|23_금당고_1학기_기말_고1_기출|10,,INDEX_RECORD_PRESENT,original/high/h1/1final/23_금당고_1학기_기말_고1_기출.js_10,005eb72b00e3af463006c36da612ba1fc04c4fbca79d217d810b485a98837209,true,⑤,IN_SCOPE_FORWARD,,,CLOSED_NO_SHARED_ASSET
archive/exams/original/high/h1/1final/23_매산고_1학기_기말_고1_기출.js|23_매산고_1학기_기말_고1_기출|9,archive/exams/original/high/h1/1final/23_매산고_1학기_기말_고1_기출.js,23_매산고_1학기_기말_고1_기출,9,9,9,2015,수학(상),H15-SA-04,복소수,4,H15-SA-04-COMPLEX_NUMBER_OPERATION,복소수의 계산,category_or_cue_inferred,complete_category,객관식,grid,false,객관식|복소수|거듭제곱|주기,e5e25ea1e388d122946d47b4029b1b8884c147bc39d18d3f29501c649a566416,fd68564c0d36aeb4c3704a7188dfcfd9e676f768f4d18c36027ab4eb0e8725e8,b15be6cb71072b84f7e1e198ce023fc5bb8b1e625335904ddcf3cffcd8b7312b,7b98b4a7985cb6dd6148fb2b8a4987c59456f82d2790753991fdb938b293c986,,,,,0,LOADED_VM,,NOT_STARTED,NOT_STARTED,NOT_STARTED,SVG_OPTIONAL,SVG_OPTIONAL,,,NONE,NO_PROBLEM_VISUAL,N/A,NONE,NOT_STARTED,,,,NOT_STARTED,NOT_STARTED,NOT_STARTED,NOT_TESTED,PASS,canonical_and_compiled_master_match,INVENTORY_PENDING,01_scope_inventory.csv#archive/exams/original/high/h1/1final/23_매산고_1학기_기말_고1_기출.js|23_매산고_1학기_기말_고1_기출|9,,INDEX_RECORD_PRESENT,original/high/h1/1final/23_매산고_1학기_기말_고1_기출.js_9,3812df820fd0822ff1a25293c00416ec21e85deac39bda7b40d9b8cfbfec0d75,true,③,IN_SCOPE_FORWARD,,,CLOSED_NO_SHARED_ASSET
archive/exams/original/high/h1/1final/23_제일고_1학기_기말_고1_기출.js|23_제일고_1학기_기말_고1_기출|20,archive/exams/original/high/h1/1final/23_제일고_1학기_기말_고1_기출.js,23_제일고_1학기_기말_고1_기출,20,20,20,2015,수학(상),H15-SA-04,복소수,4,H15-SA-04-COMPLEX_BASIC,복소수의 뜻과 표현,category_or_cue_inferred,complete_category,서술형,grid,false,서술형|복소수|허근|거듭제곱|주기,6cd889b9dc26e1f5f392c3335a0e572a4db0382d05e2a8c31437de6fc6fbd6a6,4f53cda18c2baa0c0354bb5f9a3ecbe5ed12ab4d8e11ba873c2f11161202b945,ec16cc0cf9a1d9229bef6aa7bea3bbc4d6bba2977b94182fa46e545e51d35c72,98f8e680285de49b8a456e48455321740a678b8c283ea3136c0e5789a320afd9,,,,,0,LOADED_VM,,NOT_STARTED,NOT_STARTED,NOT_STARTED,SVG_REQUIRED_MISSING,SVG_REQUIRED_MISSING,TABLE_OR_MATRIX_STRUCTURE,,VISUAL_CANDIDATE,NO_PROBLEM_VISUAL,SCHEMATIC_OR_REVIEW,NONE,NOT_STARTED,,,,NOT_STARTED,NOT_STARTED,NOT_STARTED,NOT_TESTED,PASS,canonical_and_compiled_master_match,INVENTORY_PENDING,01_scope_inventory.csv#archive/exams/original/high/h1/1final/23_제일고_1학기_기말_고1_기출.js|23_제일고_1학기_기말_고1_기출|20,,INDEX_RECORD_PRESENT,original/high/h1/1final/23_제일고_1학기_기말_고1_기출.js_20,40d505e56bdf2bd76df68db0f6ef5c69a00e2677a3899eec811ab109b49a9b4a,true,$17$,IN_SCOPE_FORWARD,,,CLOSED_NO_SHARED_ASSET
archive/exams/original/high/h1/1final/24_금당고_1학기_기말_고1_기출.js|24_금당고_1학기_기말_고1_기출|10,archive/exams/original/high/h1/1final/24_금당고_1학기_기말_고1_기출.js,24_금당고_1학기_기말_고1_기출,10,10,10,2015,수학(상),H15-SA-04,복소수,4,H15-SA-04-EQUATION_BASIC,방정식의 풀이,category_or_cue_inferred,complete_category,객관식,grid,false,,7fe89c75e66a8dd59dcb82c7816c23cfb376b42ca2ef5c712a5a322c2c4f082d,e66ce0adb58672ba2d12ed86fdb5a92cc45b528bf5f453058579165f22a3d6f9,973d2fd2f97e26a666f403b12da6d87e527985b36bcf4ff0a47c7e7e8c36321a,30273804b9fa7c0ab6db9be0110cc327b6f0c7e5186be04e7614494697547055,,,,,0,LOADED_VM,,NOT_STARTED,NOT_STARTED,NOT_STARTED,SVG_OPTIONAL,SVG_OPTIONAL,,,NONE,NO_PROBLEM_VISUAL,N/A,NONE,NOT_STARTED,,,,NOT_STARTED,NOT_STARTED,NOT_STARTED,NOT_TESTED,PASS,canonical_and_compiled_master_match,INVENTORY_PENDING,01_scope_inventory.csv#archive/exams/original/high/h1/1final/24_금당고_1학기_기말_고1_기출.js|24_금당고_1학기_기말_고1_기출|10,,INDEX_RECORD_PRESENT,original/high/h1/1final/24_금당고_1학기_기말_고1_기출.js_10,7240952c798ac9650218ce775dee041b4040d9b5db0e3e072906b84d4c281580,true,①,IN_SCOPE_FORWARD,,,CLOSED_NO_SHARED_ASSET
archive/exams/original/high/h1/1final/24_제일고_1학기_기말_고1_기출.js|24_제일고_1학기_기말_고1_기출|7,archive/exams/original/high/h1/1final/24_제일고_1학기_기말_고1_기출.js,24_제일고_1학기_기말_고1_기출,7,7,7,2015,수학(상),H15-SA-04,복소수,4,H15-SA-04-COMPLEX_NUMBER_OPERATION,복소수의 계산,category_or_cue_inferred,complete_category,객관식,grid,false,객관식|복소수|켤레복소수|거듭제곱,829325d90f121ba55db42577dd11ea9b89d331fce142ab37b7018ed881094aa2,3cc19e370a6671b60f17396fd032ed6593aa1547f8af80d6ab8d949018911b5e,d41ea6521f53fb3dfa10cf72e2932f4405d9c999fa422cdc840d25d57e90dd34,21b525a621d2fcce887b908a5a709ac0193bbd02f44e9bc6be29291705571ccc,,,,,0,LOADED_VM,,NOT_STARTED,NOT_STARTED,NOT_STARTED,SVG_OPTIONAL,SVG_OPTIONAL,,,NONE,NO_PROBLEM_VISUAL,N/A,NONE,NOT_STARTED,,,,NOT_STARTED,NOT_STARTED,NOT_STARTED,NOT_TESTED,PASS,canonical_and_compiled_master_match,INVENTORY_PENDING,01_scope_inventory.csv#archive/exams/original/high/h1/1final/24_제일고_1학기_기말_고1_기출.js|24_제일고_1학기_기말_고1_기출|7,,INDEX_RECORD_PRESENT,original/high/h1/1final/24_제일고_1학기_기말_고1_기출.js_7,6c155378316a391038a72d44207b9af9290be51abf5473c565f7595d9d69cb0b,true,④,IN_SCOPE_FORWARD,,,CLOSED_NO_SHARED_ASSET
archive/exams/original/high/h1/1final/25_금당고_1학기_기말_고1_기출c.js|25_금당고_1학기_기말_고1_기출|12,archive/exams/original/high/h1/1final/25_금당고_1학기_기말_고1_기출c.js,25_금당고_1학기_기말_고1_기출,12,12,12,2022,공통수학1,H22-C-04,복소수와 이차방정식,4,H22-C-04-COMPLEX_ROOT,복소수와 이차방정식,rule_inferred,complete_rule,객관식,grid,false,객관식|복소수|이차방정식|판별식|조건해석|계산|개념,dfe83db2b996bad090321f6400d7f62e04092697cc89adc53a42eef9a4d50a5f,5028e2c74c6d1cea3bdc8b0e0c8894464285064c5092fe65e3e1fc583c6a807c,973d2fd2f97e26a666f403b12da6d87e527985b36bcf4ff0a47c7e7e8c36321a,9f9adcf476eba29d8d6fd135f727f381f06f675edb899b2fb55573b67cdaf149,,,,,0,LOADED_VM,,NOT_STARTED,NOT_STARTED,NOT_STARTED,SVG_OPTIONAL,SVG_OPTIONAL,,,NONE,NO_PROBLEM_VISUAL,N/A,NONE,NOT_STARTED,,,,NOT_STARTED,NOT_STARTED,NOT_STARTED,NOT_TESTED,PASS,canonical_and_compiled_master_match,INVENTORY_PENDING,01_scope_inventory.csv#archive/exams/original/high/h1/1final/25_금당고_1학기_기말_고1_기출c.js|25_금당고_1학기_기말_고1_기출|12,,INDEX_RECORD_PRESENT,original/high/h1/1final/25_금당고_1학기_기말_고1_기출c.js_12,db43da08e8d26a0bc369b3b8ac6f5996dd956a4134f202dfd365de443ff67553,true,①,IN_SCOPE_FORWARD,,,CLOSED_NO_SHARED_ASSET
archive/exams/original/high/h1/1final/25_매산고_1학기_기말_고1_기출c.js|25_매산고_1학기_기말_고1_기출|19,archive/exams/original/high/h1/1final/25_매산고_1학기_기말_고1_기출c.js,25_매산고_1학기_기말_고1_기출,19,19,19,2022,공통수학1,H22-C-04,복소수와 이차방정식,4,H22-C-04-COMPLEX_BASIC,복소수의 뜻과 표현,category_or_cue_inferred,complete_category,서술형,subjective-2up,false,서술형|제곱근|근호|무리수|유리수|분모유리화|계수비교|복소수,9e23009cef00d8fa448ef3718c69764cbd4c9e55eab736e649d3b0dcb480dc98,4f53cda18c2baa0c0354bb5f9a3ecbe5ed12ab4d8e11ba873c2f11161202b945,266aa5886067fbbc1a3a39fe432fc5bbf561abc90e4b8a322215ac17df6ce012,698d61ff06a92480683c1f50a63510095bdc1a04abc4b2078a2e68bd62f19dc8,,,,,0,LOADED_VM,,NOT_STARTED,NOT_STARTED,NOT_STARTED,SVG_REQUIRED_MISSING,SVG_REQUIRED_MISSING,TABLE_OR_MATRIX_STRUCTURE,,VISUAL_CANDIDATE,NO_PROBLEM_VISUAL,SCHEMATIC_OR_REVIEW,NONE,NOT_STARTED,,,,NOT_STARTED,NOT_STARTED,NOT_STARTED,NOT_TESTED,PASS,canonical_and_compiled_master_match,INVENTORY_PENDING,01_scope_inventory.csv#archive/exams/original/high/h1/1final/25_매산고_1학기_기말_고1_기출c.js|25_매산고_1학기_기말_고1_기출|19,,INDEX_RECORD_PRESENT,original/high/h1/1final/25_매산고_1학기_기말_고1_기출c.js_19,bdfdb4241abb8638d5a083478c502f0a38c95244d4ddf3b991e9c6f8abe89d47,true,7,IN_SCOPE_FORWARD,,,CLOSED_NO_SHARED_ASSET
archive/exams/original/high/h1/1final/25_매산여고_1학기_기말_고1_기출c.js|25_매산여고_1학기_기말_고1_기출|2,archive/exams/original/high/h1/1final/25_매산여고_1학기_기말_고1_기출c.js,25_매산여고_1학기_기말_고1_기출,2,2,2,2022,공통수학1,H22-C-04,복소수와 이차방정식,4,H22-C-04-COMPLEX_OPERATION,복소수의 계산,category_or_cue_inferred,complete_category,객관식,grid,false,객관식|분모유리화|인수분해|복소수|켤레복소수|이차방정식|대입|조건해석,b098254096497506135050b278a68add8333c68e81f4bac1d328e03c60e733d4,269e6f235b5beddd5ce32e6d9db0ad4118a43a75a57cacbc6f968948d657c290,dfde05a3668030e99ca64d8d4ae5f6b64c7a87cee61c0ba43904b92ef210191d,2c7e00ffa9bad4681203c29c60e0cc70845ef5124a7e694e58f547d22fb72ef7,,,,,0,LOADED_VM,,NOT_STARTED,NOT_STARTED,NOT_STARTED,SVG_OPTIONAL,SVG_OPTIONAL,,,NONE,NO_PROBLEM_VISUAL,N/A,NONE,NOT_STARTED,,,,NOT_STARTED,NOT_STARTED,NOT_STARTED,NOT_TESTED,PASS,canonical_and_compiled_master_match,INVENTORY_PENDING,01_scope_inventory.csv#archive/exams/original/high/h1/1final/25_매산여고_1학기_기말_고1_기출c.js|25_매산여고_1학기_기말_고1_기출|2,,INDEX_RECORD_PRESENT,original/high/h1/1final/25_매산여고_1학기_기말_고1_기출c.js_2,0ef04d08e506a216b71e86e5f89b0ae8e8790f8d367682721564ca87ab3415cd,true,②,IN_SCOPE_FORWARD,,,CLOSED_NO_SHARED_ASSET
archive/exams/original/high/h1/1final/25_순천고_1학기_기말_고1_기출c.js|25_순천고_1학기_기말_고1_기출|21,archive/exams/original/high/h1/1final/25_순천고_1학기_기말_고1_기출c.js,25_순천고_1학기_기말_고1_기출,21,21,21,2022,공통수학1,H22-C-04,복소수와 이차방정식,4,H22-C-04-COMPLEX_OPERATION,복소수의 계산,category_or_cue_inferred,complete_category,단답형,grid,false,서술형|복소수|계산,0a6db824876c46c790803d677c12048fb6f989ad94875602cec062c621e7821f,4f53cda18c2baa0c0354bb5f9a3ecbe5ed12ab4d8e11ba873c2f11161202b945,0e0a16afe20966bb0dc890e484b4f66aca6b840d0bb2eff43c371d160a57f432,c46ad68308d9d24a983888b1116f1b5f896f2410a47292d1fe159a67a3cf73f3,,,,,0,LOADED_VM,,NOT_STARTED,NOT_STARTED,NOT_STARTED,SVG_OPTIONAL,SVG_OPTIONAL,,,NONE,NO_PROBLEM_VISUAL,N/A,NONE,NOT_STARTED,,,,NOT_STARTED,NOT_STARTED,NOT_STARTED,NOT_TESTED,PASS,canonical_and_compiled_master_match,INVENTORY_PENDING,01_scope_inventory.csv#archive/exams/original/high/h1/1final/25_순천고_1학기_기말_고1_기출c.js|25_순천고_1학기_기말_고1_기출|21,,INDEX_RECORD_PRESENT,original/high/h1/1final/25_순천고_1학기_기말_고1_기출c.js_21,762b264f7d8f272aad64551e30eb458b7497a45683c534fc56bb7b0930020607,true,"(1) $-1$, (2) $1$",IN_SCOPE_FORWARD,,,CLOSED_NO_SHARED_ASSET
archive/exams/original/high/h1/1final/26_광양제철고_1학기_기말_고1_기출.js|26_광양제철고_1학기_기말_고1_기출|11,archive/exams/original/high/h1/1final/26_광양제철고_1학기_기말_고1_기출.js,26_광양제철고_1학기_기말_고1_기출,11,11,11,2022,공통수학1,H22-C-04,복소수와 이차방정식,4,H22-C-04-COMPLEX_ROOT,복소수와 이차방정식,category_or_cue_inferred,complete_category,객관식,grid,false,,07d73095b7cc3343244876277f2b3351fc495e4bebeca46b1560f1b01f9d6dc2,336cdce01a608b7e1e445ec472087e13917da9ebb2f193100db6ff9e092f929f,973d2fd2f97e26a666f403b12da6d87e527985b36bcf4ff0a47c7e7e8c36321a,99aa85a356459b49634ac07077f111bfe15cc3a0843f06322b21f96348369fdf,,,,,0,LOADED_VM,,NOT_STARTED,NOT_STARTED,NOT_STARTED,SVG_OPTIONAL,SVG_OPTIONAL,,,NONE,NO_PROBLEM_VISUAL,N/A,NONE,NOT_STARTED,,,,NOT_STARTED,NOT_STARTED,NOT_STARTED,NOT_TESTED,PASS,canonical_and_compiled_master_match,INVENTORY_PENDING,01_scope_inventory.csv#archive/exams/original/high/h1/1final/26_광양제철고_1학기_기말_고1_기출.js|26_광양제철고_1학기_기말_고1_기출|11,,INDEX_RECORD_PRESENT,original/high/h1/1final/26_광양제철고_1학기_기말_고1_기출.js_11,2c68e7cd928445bbc650559173b10f532ce217258184aea77905597dcf5c45c4,true,①,IN_SCOPE_FORWARD,,,CLOSED_NO_SHARED_ASSET
archive/exams/original/high/h1/1final/26_광양제철고_1학기_기말_고1_기출.js|26_광양제철고_1학기_기말_고1_기출|14,archive/exams/original/high/h1/1final/26_광양제철고_1학기_기말_고1_기출.js,26_광양제철고_1학기_기말_고1_기출,14,14,14,2022,공통수학1,H22-C-04,복소수와 이차방정식,4,H22-C-04-COMPLEX_ROOT,복소수와 이차방정식,category_or_cue_inferred,complete_category,객관식,grid,false,,ded14843fc9ec8851f394be1aa2942a7307b139dc41f06b1bae90b48890e0f5c,646f53730a75961437a6c5800591f0a7bb43705a58b14906bf6a4a70cb88326a,b15be6cb71072b84f7e1e198ce023fc5bb8b1e625335904ddcf3cffcd8b7312b,ff20573177f605efdb7c22187c610b5168f6a173825028be2f843c9e846ad64e,,,,,0,LOADED_VM,,NOT_STARTED,NOT_STARTED,NOT_STARTED,SVG_REQUIRED_MISSING,SVG_REQUIRED_MISSING,COORDINATE_OR_GEOMETRY_STRUCTURE,,VISUAL_CANDIDATE,NO_PROBLEM_VISUAL,REVIEW_REQUIRED,NONE,NOT_STARTED,,,,NOT_STARTED,NOT_STARTED,NOT_STARTED,NOT_TESTED,PASS,canonical_and_compiled_master_match,INVENTORY_PENDING,01_scope_inventory.csv#archive/exams/original/high/h1/1final/26_광양제철고_1학기_기말_고1_기출.js|26_광양제철고_1학기_기말_고1_기출|14,,INDEX_RECORD_PRESENT,original/high/h1/1final/26_광양제철고_1학기_기말_고1_기출.js_14,2c68e7cd928445bbc650559173b10f532ce217258184aea77905597dcf5c45c4,true,③,IN_SCOPE_FORWARD,,,CLOSED_NO_SHARED_ASSET
archive/exams/original/high/h1/1final/26_금당고_1학기_기말_고1_기출.js|26_금당고_1학기_기말_고1_기출|16,archive/exams/original/high/h1/1final/26_금당고_1학기_기말_고1_기출.js,26_금당고_1학기_기말_고1_기출,16,16,16,2022,공통수학1,H22-C-04,복소수와 이차방정식,4,H22-C-04-COMPLEX_BASIC,복소수의 뜻과 표현,category_or_cue_inferred,complete_category,객관식,grid,false,객관식|복소수|사차방정식|켤레복소수,3ac619a77a288926848d086d7ff55a39eec5e0534267990dee66818a745efb62,3cc19e370a6671b60f17396fd032ed6593aa1547f8af80d6ab8d949018911b5e,973d2fd2f97e26a666f403b12da6d87e527985b36bcf4ff0a47c7e7e8c36321a,de1f478455a1cc571d7a10beb9ce80936fd94ed80574928049d4f94577617818,,,,,0,LOADED_VM,,NOT_STARTED,NOT_STARTED,NOT_STARTED,SVG_REQUIRED_MISSING,SVG_REQUIRED_MISSING,TABLE_OR_MATRIX_STRUCTURE,,VISUAL_CANDIDATE,NO_PROBLEM_VISUAL,SCHEMATIC_OR_REVIEW,NONE,NOT_STARTED,,,,NOT_STARTED,NOT_STARTED,NOT_STARTED,NOT_TESTED,PASS,canonical_and_compiled_master_match,INVENTORY_PENDING,01_scope_inventory.csv#archive/exams/original/high/h1/1final/26_금당고_1학기_기말_고1_기출.js|26_금당고_1학기_기말_고1_기출|16,,INDEX_RECORD_PRESENT,original/high/h1/1final/26_금당고_1학기_기말_고1_기출.js_16,614f4fffefcfd228ba0b1d79c0fe46c3a11a82832e9caae514f1ed21a56810b9,true,①,IN_SCOPE_FORWARD,,,CLOSED_NO_SHARED_ASSET
archive/exams/original/high/h1/1final/26_매산고_1학기_기말_고1_기출.js|26_매산고_1학기_기말_고1_기출|12,archive/exams/original/high/h1/1final/26_매산고_1학기_기말_고1_기출.js,26_매산고_1학기_기말_고1_기출,12,12,12,2022,공통수학1,H22-C-04,복소수와 이차방정식,4,H22-C-04-COMPLEX_ROOT,복소수와 이차방정식,category_or_cue_inferred,complete_category,객관식,grid,false,객관식|복소수와 이차방정식,7563d3de980f51ac45b7d7bceb366b7900f5e9267ef1d867640b232eb211f26a,cbb51efd34b277f98bee5b51e4e93e2ccd28d033c32715f81f8ef790586831ca,dfde05a3668030e99ca64d8d4ae5f6b64c7a87cee61c0ba43904b92ef210191d,bafbb39f107d7b23ed89d73658f5170ae2edd0016c41d931228746a590999033,,,,,0,LOADED_VM,,NOT_STARTED,NOT_STARTED,NOT_STARTED,SVG_OPTIONAL,SVG_OPTIONAL,,,NONE,NO_PROBLEM_VISUAL,N/A,NONE,NOT_STARTED,,,,NOT_STARTED,NOT_STARTED,NOT_STARTED,NOT_TESTED,PASS,canonical_and_compiled_master_match,INVENTORY_PENDING,01_scope_inventory.csv#archive/exams/original/high/h1/1final/26_매산고_1학기_기말_고1_기출.js|26_매산고_1학기_기말_고1_기출|12,,INDEX_RECORD_PRESENT,original/high/h1/1final/26_매산고_1학기_기말_고1_기출.js_12,16a083f8b24faa1bd46a651d251b26e97c113b44369a475e3959dde0324981ee,true,②,IN_SCOPE_FORWARD,,,CLOSED_NO_SHARED_ASSET
archive/exams/original/high/h1/1final/26_복성고_1학기_기말_고1_기출.js|26_복성고_1학기_기말_고1_기출|8,archive/exams/original/high/h1/1final/26_복성고_1학기_기말_고1_기출.js,26_복성고_1학기_기말_고1_기출,8,8,8,2022,공통수학1,H22-C-04,복소수와 이차방정식,4,H22-C-04-COMPLEX_BASIC,복소수의 뜻과 표현,category_or_cue_inferred,complete_category,객관식,grid,false,객관식|복소수,86738b99da162040255bd654de41b87e60d4b487d90eb1839d402b4660f8e961,ffa64a0aeff3467d8fcea6dd9cdf55cc72066e83da33d293eba0d1166d1e2901,973d2fd2f97e26a666f403b12da6d87e527985b36bcf4ff0a47c7e7e8c36321a,7891e9cc5f302805d7728c23bfa284b320b6c9228922619a489d2fa93ca85c6e,,,,,0,LOADED_VM,,NOT_STARTED,NOT_STARTED,NOT_STARTED,SVG_REQUIRED_MISSING,SVG_REQUIRED_MISSING,TABLE_OR_MATRIX_STRUCTURE,,VISUAL_CANDIDATE,NO_PROBLEM_VISUAL,SCHEMATIC_OR_REVIEW,NONE,NOT_STARTED,,,,NOT_STARTED,NOT_STARTED,NOT_STARTED,NOT_TESTED,PASS,canonical_and_compiled_master_match,INVENTORY_PENDING,01_scope_inventory.csv#archive/exams/original/high/h1/1final/26_복성고_1학기_기말_고1_기출.js|26_복성고_1학기_기말_고1_기출|8,,INDEX_RECORD_PRESENT,original/high/h1/1final/26_복성고_1학기_기말_고1_기출.js_8,6a7324708d6fc8b5ce17530aa8a8bd73bb557289a04c616f6a6c336eba7d1ef7,true,①,IN_SCOPE_FORWARD,,,CLOSED_NO_SHARED_ASSET
archive/exams/original/high/h1/1final/26_복성고_1학기_기말_고1_기출.js|26_복성고_1학기_기말_고1_기출|13,archive/exams/original/high/h1/1final/26_복성고_1학기_기말_고1_기출.js,26_복성고_1학기_기말_고1_기출,13,13,13,2022,공통수학1,H22-C-04,복소수와 이차방정식,4,H22-C-04-COMPLEX_ROOT,복소수와 이차방정식,category_or_cue_inferred,complete_category,객관식,grid,false,객관식|복소수와 이차방정식,f7a7cfafc975f3f5b2e027c1ec7dad2e924d6f68ff0a3b192938bbf20208f4a6,782c4e648a8f5ab77347d7a5a0e4588ad1be8872f7b4bce76bc515574b51bffb,0bdef091c479702584f065d3a3714f8a76f851b3f0cf10912f345a5dd930b0a8,5cddfa9c24d77f194252eaf7c9e83e57233e9a160b60f73676e4c627ee0612e5,,,,,0,LOADED_VM,,NOT_STARTED,NOT_STARTED,NOT_STARTED,SVG_OPTIONAL,SVG_OPTIONAL,,,NONE,NO_PROBLEM_VISUAL,N/A,NONE,NOT_STARTED,,,,NOT_STARTED,NOT_STARTED,NOT_STARTED,NOT_TESTED,PASS,canonical_and_compiled_master_match,INVENTORY_PENDING,01_scope_inventory.csv#archive/exams/original/high/h1/1final/26_복성고_1학기_기말_고1_기출.js|26_복성고_1학기_기말_고1_기출|13,,INDEX_RECORD_PRESENT,original/high/h1/1final/26_복성고_1학기_기말_고1_기출.js_13,6a7324708d6fc8b5ce17530aa8a8bd73bb557289a04c616f6a6c336eba7d1ef7,true,⑤,IN_SCOPE_FORWARD,,,CLOSED_NO_SHARED_ASSET
archive/exams/original/high/h1/1final/26_순천고_1학기_기말_고1_기출.js|26_순천고_1학기_기말_고1_기출|8,archive/exams/original/high/h1/1final/26_순천고_1학기_기말_고1_기출.js,26_순천고_1학기_기말_고1_기출,8,8,8,2022,공통수학1,H22-C-04,복소수와 이차방정식,4,H22-C-04-COMPLEX_ROOT,복소수와 이차방정식,category_or_cue_inferred,complete_category,객관식,grid,false,객관식|복소수와 이차방정식,92725a7b5425876229b3edc55aa3512464d29e22d19ba444ca4502cb2b1c396b,09c64bef5d7bfd86a9cb5b5e5d7a601757eb8f29d2d48151c224e7f96dff68f9,b15be6cb71072b84f7e1e198ce023fc5bb8b1e625335904ddcf3cffcd8b7312b,47a6396e6d02b849015dda99f06185f4e59472642f8003ec145f67271f9f0e38,,,,,0,LOADED_VM,,NOT_STARTED,NOT_STARTED,NOT_STARTED,SVG_OPTIONAL,SVG_OPTIONAL,,,NONE,NO_PROBLEM_VISUAL,N/A,NONE,NOT_STARTED,,,,NOT_STARTED,NOT_STARTED,NOT_STARTED,NOT_TESTED,PASS,canonical_and_compiled_master_match,INVENTORY_PENDING,01_scope_inventory.csv#archive/exams/original/high/h1/1final/26_순천고_1학기_기말_고1_기출.js|26_순천고_1학기_기말_고1_기출|8,,INDEX_RECORD_PRESENT,original/high/h1/1final/26_순천고_1학기_기말_고1_기출.js_8,0b801b4458088da27bd1cf00fe877b64992455bc3475617bc5a909075d2de80f,true,③,IN_SCOPE_FORWARD,,,CLOSED_NO_SHARED_ASSET
archive/exams/original/high/h1/1final/26_순천여고_1학기_기말_고1_기출.js|26_순천여고_1학기_기말_고1_기출|15,archive/exams/original/high/h1/1final/26_순천여고_1학기_기말_고1_기출.js,26_순천여고_1학기_기말_고1_기출,15,15,15,2022,공통수학1,H22-C-04,복소수와 이차방정식,4,H22-C-04-COMPLEX_ROOT,복소수와 이차방정식,category_or_cue_inferred,complete_category,객관식,grid,false,,bd0912df7cd9cceff602b99a2986c4d1dff425e9b595f7d0a202dd825b1f54f9,cbb51efd34b277f98bee5b51e4e93e2ccd28d033c32715f81f8ef790586831ca,0bdef091c479702584f065d3a3714f8a76f851b3f0cf10912f345a5dd930b0a8,342515d98833c461363177f7b7414880411b53ed51860011b798287076374b8f,,,,,0,LOADED_VM,,NOT_STARTED,NOT_STARTED,NOT_STARTED,SVG_OPTIONAL,SVG_OPTIONAL,,,NONE,NO_PROBLEM_VISUAL,N/A,NONE,NOT_STARTED,,,,NOT_STARTED,NOT_STARTED,NOT_STARTED,NOT_TESTED,PASS,canonical_and_compiled_master_match,INVENTORY_PENDING,01_scope_inventory.csv#archive/exams/original/high/h1/1final/26_순천여고_1학기_기말_고1_기출.js|26_순천여고_1학기_기말_고1_기출|15,,INDEX_RECORD_PRESENT,original/high/h1/1final/26_순천여고_1학기_기말_고1_기출.js_15,bd5f942a1354d79dac6a827e48179b103e002ebbe3ccb90850835786c2c8f0c6,true,⑤,IN_SCOPE_FORWARD,,,CLOSED_NO_SHARED_ASSET
archive/exams/original/high/h1/1final/26_순천여고_1학기_기말_고1_기출.js|26_순천여고_1학기_기말_고1_기출|19,archive/exams/original/high/h1/1final/26_순천여고_1학기_기말_고1_기출.js,26_순천여고_1학기_기말_고1_기출,19,19,19,2022,공통수학1,H22-C-04,복소수와 이차방정식,4,H22-C-04-COMPLEX_ROOT,복소수와 이차방정식,category_or_cue_inferred,complete_category,객관식,grid,false,,b0935de67ed6517721f7c47c00f49922c1b782963fb308dcdf2b3e65e409665c,0a0d623ccc7b85e021e24f3e7c89a30add3ceaba1696da28093abad36278e1b3,0bdef091c479702584f065d3a3714f8a76f851b3f0cf10912f345a5dd930b0a8,a4fded98a21de4b5a0362f093ec2f9911c96827732254a05016bfcb8eb4e0a50,,,,,0,LOADED_VM,,NOT_STARTED,NOT_STARTED,NOT_STARTED,SVG_OPTIONAL,SVG_OPTIONAL,,,NONE,NO_PROBLEM_VISUAL,N/A,NONE,NOT_STARTED,,,,NOT_STARTED,NOT_STARTED,NOT_STARTED,NOT_TESTED,PASS,canonical_and_compiled_master_match,INVENTORY_PENDING,01_scope_inventory.csv#archive/exams/original/high/h1/1final/26_순천여고_1학기_기말_고1_기출.js|26_순천여고_1학기_기말_고1_기출|19,,INDEX_RECORD_PRESENT,original/high/h1/1final/26_순천여고_1학기_기말_고1_기출.js_19,bd5f942a1354d79dac6a827e48179b103e002ebbe3ccb90850835786c2c8f0c6,true,⑤,IN_SCOPE_FORWARD,,,CLOSED_NO_SHARED_ASSET
archive/exams/original/high/h1/1final/26_효천고_1학기_기말_고1_기출.js|26_효천고_1학기_기말_고1_기출|6,archive/exams/original/high/h1/1final/26_효천고_1학기_기말_고1_기출.js,26_효천고_1학기_기말_고1_기출,6,6,6,2022,공통수학1,H22-C-04,복소수와 이차방정식,4,H22-C-04-COMPLEX_BASIC,복소수의 뜻과 표현,category_or_cue_inferred,complete_category,객관식,grid,false,,386738a7e6c1a3d332318b15602cc5a9bb5590d4f339c3301077d696c1816bc7,6ae82629187cec94799064ce9949d4656acf358026f2d9a113be53c41a69ab19,d41ea6521f53fb3dfa10cf72e2932f4405d9c999fa422cdc840d25d57e90dd34,cbcecb7f91eb74a455e03fa9b76548177c6e58afe34486dba100f4fb0f6424d7,,,,,0,LOADED_VM,,NOT_STARTED,NOT_STARTED,NOT_STARTED,SVG_REQUIRED_MISSING,SVG_REQUIRED_MISSING,TABLE_OR_MATRIX_STRUCTURE,,VISUAL_CANDIDATE,NO_PROBLEM_VISUAL,SCHEMATIC_OR_REVIEW,NONE,NOT_STARTED,,,,NOT_STARTED,NOT_STARTED,NOT_STARTED,NOT_TESTED,PASS,canonical_and_compiled_master_match,INVENTORY_PENDING,01_scope_inventory.csv#archive/exams/original/high/h1/1final/26_효천고_1학기_기말_고1_기출.js|26_효천고_1학기_기말_고1_기출|6,,INDEX_RECORD_PRESENT,original/high/h1/1final/26_효천고_1학기_기말_고1_기출.js_6,9ded0f1af40839a0d7f308d40d08e36e033349ba98f60f185adc4d0316bc237e,true,④,IN_SCOPE_FORWARD,,,CLOSED_NO_SHARED_ASSET
archive/exams/original/high/h1/1final/26_효천고_1학기_기말_고1_기출.js|26_효천고_1학기_기말_고1_기출|7,archive/exams/original/high/h1/1final/26_효천고_1학기_기말_고1_기출.js,26_효천고_1학기_기말_고1_기출,7,7,7,2022,공통수학1,H22-C-04,복소수와 이차방정식,4,H22-C-04-COMPLEX_ROOT,복소수와 이차방정식,category_or_cue_inferred,complete_category,객관식,grid,false,,81f5758f3f963a33ea6e9f186663fa2a518aa84607e461b3612403ee21a43630,ff782081a4cc25de5ebd8fdb3b10e93e0a2a8b181fb4cabb15c6d4c8f83c7224,dfde05a3668030e99ca64d8d4ae5f6b64c7a87cee61c0ba43904b92ef210191d,8ece4dc840f10d1cf45e2bacae5554116befaa8808494522bb3cb927052d9fa8,,,,,0,LOADED_VM,,NOT_STARTED,NOT_STARTED,NOT_STARTED,SVG_OPTIONAL,SVG_OPTIONAL,,,NONE,NO_PROBLEM_VISUAL,N/A,NONE,NOT_STARTED,,,,NOT_STARTED,NOT_STARTED,NOT_STARTED,NOT_TESTED,PASS,canonical_and_compiled_master_match,INVENTORY_PENDING,01_scope_inventory.csv#archive/exams/original/high/h1/1final/26_효천고_1학기_기말_고1_기출.js|26_효천고_1학기_기말_고1_기출|7,,INDEX_RECORD_PRESENT,original/high/h1/1final/26_효천고_1학기_기말_고1_기출.js_7,9ded0f1af40839a0d7f308d40d08e36e033349ba98f60f185adc4d0316bc237e,true,②,IN_SCOPE_FORWARD,,,CLOSED_NO_SHARED_ASSET
archive/exams/original/high/h1/1final/26_효천고_1학기_기말_고1_기출.js|26_효천고_1학기_기말_고1_기출|20,archive/exams/original/high/h1/1final/26_효천고_1학기_기말_고1_기출.js,26_효천고_1학기_기말_고1_기출,20,20,20,2022,공통수학1,H22-C-04,복소수와 이차방정식,4,H22-C-04-COMPLEX_BASIC,복소수의 뜻과 표현,category_or_cue_inferred,complete_category,단답형,grid,false,,35d446764eb59cf0d56b4502cb71d5ac7f0c710fbd7776390c640b21aed4cd3e,4f53cda18c2baa0c0354bb5f9a3ecbe5ed12ab4d8e11ba873c2f11161202b945,70eefb93d969b2b045a4b853df9dc5bb08087ec70f1ca400e66d1cb68891c8a5,3d3afe61dc3e20a344f82b5a527c90f8fb135541718653d2b7561b7c12d61229,,,,,0,LOADED_VM,,NOT_STARTED,NOT_STARTED,NOT_STARTED,SVG_REQUIRED_MISSING,SVG_REQUIRED_MISSING,TABLE_OR_MATRIX_STRUCTURE,,VISUAL_CANDIDATE,NO_PROBLEM_VISUAL,SCHEMATIC_OR_REVIEW,NONE,NOT_STARTED,,,,NOT_STARTED,NOT_STARTED,NOT_STARTED,NOT_TESTED,PASS,canonical_and_compiled_master_match,INVENTORY_PENDING,01_scope_inventory.csv#archive/exams/original/high/h1/1final/26_효천고_1학기_기말_고1_기출.js|26_효천고_1학기_기말_고1_기출|20,,INDEX_RECORD_PRESENT,original/high/h1/1final/26_효천고_1학기_기말_고1_기출.js_20,9ded0f1af40839a0d7f308d40d08e36e033349ba98f60f185adc4d0316bc237e,true,"$-4,\ -2i$",IN_SCOPE_FORWARD,,,CLOSED_NO_SHARED_ASSET
archive/exams/original/high/h1/1mid/23_매산고_1학기_중간_고1_기출.js|23_매산고_1학기_중간_고1_기출|2,archive/exams/original/high/h1/1mid/23_매산고_1학기_중간_고1_기출.js,23_매산고_1학기_중간_고1_기출,2,2,2,2015,수학(상),H15-SA-04,복소수,4,H15-SA-04-COMPLEX_BASIC,복소수의 뜻과 표현,category_or_cue_inferred,complete_category,객관식,grid,false,객관식|제곱근|근호|계수비교|복소수|표해석|조건해석|계산,1756036a1875a258bb792349aa44ab85cb5ab2cf33860dc4caa5a915ae2683ca,a3df0ff132a92beb0688aa32aa24e81cf04558b945e21e98565e21772d8657e3,d41ea6521f53fb3dfa10cf72e2932f4405d9c999fa422cdc840d25d57e90dd34,6c981344689737cd89d1afe287961ef670230f1ac79c239fa620d57b420eb3ee,,,,,0,LOADED_VM,,NOT_STARTED,NOT_STARTED,NOT_STARTED,SVG_REQUIRED_MISSING,SVG_REQUIRED_MISSING,TABLE_OR_MATRIX_STRUCTURE,,VISUAL_CANDIDATE,NO_PROBLEM_VISUAL,SCHEMATIC_OR_REVIEW,NONE,NOT_STARTED,,,,NOT_STARTED,NOT_STARTED,NOT_STARTED,NOT_TESTED,PASS,canonical_and_compiled_master_match,INVENTORY_PENDING,01_scope_inventory.csv#archive/exams/original/high/h1/1mid/23_매산고_1학기_중간_고1_기출.js|23_매산고_1학기_중간_고1_기출|2,,INDEX_RECORD_PRESENT,original/high/h1/1mid/23_매산고_1학기_중간_고1_기출.js_2,5df107ced37bdd1fa5c9576344a398127e4086dfc138b0b049ab1e3e78780fd5,true,④,IN_SCOPE_FORWARD,,,CLOSED_NO_SHARED_ASSET
archive/exams/original/high/h1/1mid/23_매산고_1학기_중간_고1_기출.js|23_매산고_1학기_중간_고1_기출|14,archive/exams/original/high/h1/1mid/23_매산고_1학기_중간_고1_기출.js,23_매산고_1학기_중간_고1_기출,14,14,14,2015,수학(상),H15-SA-04,복소수,4,H15-SA-04-COMPLEX_BASIC,복소수의 뜻과 표현,category_or_cue_inferred,complete_category,객관식,grid,false,객관식|다항식|복소수|이차함수|최대최소|함수|표해석|범위,cfd204e25856e56aea5c86a3ccf0ecbcfd6cd94cc5f32e71388413c30f779093,0773c7fa5e1a920eabdad4e1e2d18c850d4011257fd88f7efac0717c0ea0ce21,d41ea6521f53fb3dfa10cf72e2932f4405d9c999fa422cdc840d25d57e90dd34,c46da3dcd5ee0718e3e1c64c05e2a11dd0859dec8a88dad0a177933b4d325de3,,,,,0,LOADED_VM,,NOT_STARTED,NOT_STARTED,NOT_STARTED,SVG_REQUIRED_MISSING,SVG_REQUIRED_MISSING,TABLE_OR_MATRIX_STRUCTURE,,VISUAL_CANDIDATE,NO_PROBLEM_VISUAL,SCHEMATIC_OR_REVIEW,NONE,NOT_STARTED,,,,NOT_STARTED,NOT_STARTED,NOT_STARTED,NOT_TESTED,PASS,canonical_and_compiled_master_match,INVENTORY_PENDING,01_scope_inventory.csv#archive/exams/original/high/h1/1mid/23_매산고_1학기_중간_고1_기출.js|23_매산고_1학기_중간_고1_기출|14,,INDEX_RECORD_PRESENT,original/high/h1/1mid/23_매산고_1학기_중간_고1_기출.js_14,5df107ced37bdd1fa5c9576344a398127e4086dfc138b0b049ab1e3e78780fd5,true,④,IN_SCOPE_FORWARD,,,CLOSED_NO_SHARED_ASSET
archive/exams/original/high/h1/1mid/23_매산고_1학기_중간_고1_기출.js|23_매산고_1학기_중간_고1_기출|19,archive/exams/original/high/h1/1mid/23_매산고_1학기_중간_고1_기출.js,23_매산고_1학기_중간_고1_기출,19,19,19,2015,수학(상),H15-SA-04,복소수,4,H15-SA-04-COMPLEX_BASIC,복소수의 뜻과 표현,category_or_cue_inferred,complete_category,서술형,grid,false,객관식|제곱근|근호|복소수|지수|자연수조건|범위|개수세기,b824359e6bc573bdaff59b66976a90218d00823f5b04a76b564fdeaad668a033,4f53cda18c2baa0c0354bb5f9a3ecbe5ed12ab4d8e11ba873c2f11161202b945,2bf175f9655e7bb7357b9f0a7c6051465a5ae701104ffe741b98e852c0e4d460,ab21721007d836ce032736afb92ff7631be2bea2012779b2a3d98c359f6c5e00,,,,,0,LOADED_VM,,NOT_STARTED,NOT_STARTED,NOT_STARTED,SVG_REQUIRED_MISSING,SVG_REQUIRED_MISSING,TABLE_OR_MATRIX_STRUCTURE,,VISUAL_CANDIDATE,NO_PROBLEM_VISUAL,SCHEMATIC_OR_REVIEW,NONE,NOT_STARTED,,,,NOT_STARTED,NOT_STARTED,NOT_STARTED,NOT_TESTED,PASS,canonical_and_compiled_master_match,INVENTORY_PENDING,01_scope_inventory.csv#archive/exams/original/high/h1/1mid/23_매산고_1학기_중간_고1_기출.js|23_매산고_1학기_중간_고1_기출|19,,INDEX_RECORD_PRESENT,original/high/h1/1mid/23_매산고_1학기_중간_고1_기출.js_19,5df107ced37bdd1fa5c9576344a398127e4086dfc138b0b049ab1e3e78780fd5,true,4,IN_SCOPE_FORWARD,,,CLOSED_NO_SHARED_ASSET
archive/exams/original/high/h1/1mid/23_부영여고_1학기_중간_고1_기출.js|23_부영여고_1학기_중간_고1_기출|5,archive/exams/original/high/h1/1mid/23_부영여고_1학기_중간_고1_기출.js,23_부영여고_1학기_중간_고1_기출,5,5,5,2015,수학(상),H15-SA-04,복소수,4,H15-SA-04-COMPLEX_BASIC,복소수의 뜻과 표현,category_or_cue_inferred,complete_category,객관식,grid,false,객관식|전개|복소수|계산|조건해석,fcfe1b8b421672c55e5d94bfb900acfe72c593324e726c001116ddbccd5d8cfe,2438ff46d4d2426e0fd79d8140c880dac6fbc0449d20e49d29242f54644241e7,973d2fd2f97e26a666f403b12da6d87e527985b36bcf4ff0a47c7e7e8c36321a,141bbb55f6268a6c441c413c0ec1255375ed4105dc9191833b72b548d2688387,,,,,0,LOADED_VM,,NOT_STARTED,NOT_STARTED,NOT_STARTED,SVG_REQUIRED_MISSING,SVG_REQUIRED_MISSING,TABLE_OR_MATRIX_STRUCTURE,,VISUAL_CANDIDATE,NO_PROBLEM_VISUAL,SCHEMATIC_OR_REVIEW,NONE,NOT_STARTED,,,,NOT_STARTED,NOT_STARTED,NOT_STARTED,NOT_TESTED,PASS,canonical_and_compiled_master_match,INVENTORY_PENDING,01_scope_inventory.csv#archive/exams/original/high/h1/1mid/23_부영여고_1학기_중간_고1_기출.js|23_부영여고_1학기_중간_고1_기출|5,,INDEX_RECORD_PRESENT,original/high/h1/1mid/23_부영여고_1학기_중간_고1_기출.js_5,bd5c7ae0dfd8afc3cf3b8508fbf0e2d868fd4c1d68484f4cd0bc589c374d288d,true,①,IN_SCOPE_FORWARD,,,CLOSED_NO_SHARED_ASSET
archive/exams/original/high/h1/1mid/23_부영여고_1학기_중간_고1_기출.js|23_부영여고_1학기_중간_고1_기출|12,archive/exams/original/high/h1/1mid/23_부영여고_1학기_중간_고1_기출.js,23_부영여고_1학기_중간_고1_기출,12,12,12,2015,수학(상),H15-SA-04,복소수,4,H15-SA-04-COMPLEX_OPERATION,복소수의 계산,category_or_cue_inferred,complete_category,객관식,grid,false,객관식|분모유리화|복소수|켤레복소수|대입|조건해석|계산,a8f0e506398b8e2c9ce908d9177174b7f4d01712e82eb1d08bb245339ca76cb9,8a9dc752d787f29bc254b9a725f1640e5d008c59451c9c4abf8383d0d9e8102e,973d2fd2f97e26a666f403b12da6d87e527985b36bcf4ff0a47c7e7e8c36321a,810ec69eb4c7ef56a1a4ec9fddd17e74c2d5074a8f3a81eb059854614542dff2,,,,,0,LOADED_VM,,NOT_STARTED,NOT_STARTED,NOT_STARTED,SVG_OPTIONAL,SVG_OPTIONAL,,,NONE,NO_PROBLEM_VISUAL,N/A,NONE,NOT_STARTED,,,,NOT_STARTED,NOT_STARTED,NOT_STARTED,NOT_TESTED,PASS,canonical_and_compiled_master_match,INVENTORY_PENDING,01_scope_inventory.csv#archive/exams/original/high/h1/1mid/23_부영여고_1학기_중간_고1_기출.js|23_부영여고_1학기_중간_고1_기출|12,,INDEX_RECORD_PRESENT,original/high/h1/1mid/23_부영여고_1학기_중간_고1_기출.js_12,bd5c7ae0dfd8afc3cf3b8508fbf0e2d868fd4c1d68484f4cd0bc589c374d288d,true,①,IN_SCOPE_FORWARD,,,CLOSED_NO_SHARED_ASSET
archive/exams/original/high/h1/1mid/23_여수여고_1학기_중간_고1_기출.js|23_여수여고_1학기_중간_고1_기출|11,archive/exams/original/high/h1/1mid/23_여수여고_1학기_중간_고1_기출.js,23_여수여고_1학기_중간_고1_기출,11,11,11,2015,수학(상),H15-SA-04,복소수,4,H15-SA-04-COMPLEX_BASIC,복소수의 뜻과 표현,candidate_evidence,complete_candidate,객관식,grid,false,객관식|제곱근|근호|복소수|조건해석|계산|개념,3cb7438341879d631ec8353fadebf5c968e6a852c5a882c44d23300df7b4fbb3,23170e37d0c4a9c23a2008c021d3c159201064d14e2638b40778c3d1cd5d8d15,0bdef091c479702584f065d3a3714f8a76f851b3f0cf10912f345a5dd930b0a8,48989dcdf95d65303d7b2e883a8621f064626a2486085f246c48988e5291ae95,,,,,0,LOADED_VM,,NOT_STARTED,NOT_STARTED,NOT_STARTED,SVG_REQUIRED_MISSING,SVG_REQUIRED_MISSING,TABLE_OR_MATRIX_STRUCTURE,,VISUAL_CANDIDATE,NO_PROBLEM_VISUAL,SCHEMATIC_OR_REVIEW,NONE,NOT_STARTED,,,,NOT_STARTED,NOT_STARTED,NOT_STARTED,NOT_TESTED,PASS,canonical_and_compiled_master_match,INVENTORY_PENDING,01_scope_inventory.csv#archive/exams/original/high/h1/1mid/23_여수여고_1학기_중간_고1_기출.js|23_여수여고_1학기_중간_고1_기출|11,,INDEX_RECORD_PRESENT,original/high/h1/1mid/23_여수여고_1학기_중간_고1_기출.js_11,a63fb917216bab5716599298813e458f01ee81c972938af3651a686e0633b3e1,true,⑤,IN_SCOPE_FORWARD,,,CLOSED_NO_SHARED_ASSET
archive/exams/original/high/h1/1mid/23_여수여고_1학기_중간_고1_기출.js|23_여수여고_1학기_중간_고1_기출|12,archive/exams/original/high/h1/1mid/23_여수여고_1학기_중간_고1_기출.js,23_여수여고_1학기_중간_고1_기출,12,12,12,2015,수학(상),H15-SA-04,복소수,4,H15-SA-04-COMPLEX_BASIC,복소수의 뜻과 표현,candidate_evidence,complete_candidate,객관식,grid,false,객관식|제곱근|근호|분모유리화|복소수|켤레복소수|지수|참거짓,05a638c66f9509d301a94ec429c6a14d17d1ac27d9bff7050cdce8b5716e4426,cbb51efd34b277f98bee5b51e4e93e2ccd28d033c32715f81f8ef790586831ca,0bdef091c479702584f065d3a3714f8a76f851b3f0cf10912f345a5dd930b0a8,fc7c760af5a8537da6f582c416510e6e8c2083cf31d850b7b0ad5c84dbd27929,,,,,0,LOADED_VM,,NOT_STARTED,NOT_STARTED,NOT_STARTED,SVG_REQUIRED_MISSING,SVG_REQUIRED_MISSING,TABLE_OR_MATRIX_STRUCTURE,,VISUAL_CANDIDATE,NO_PROBLEM_VISUAL,SCHEMATIC_OR_REVIEW,NONE,NOT_STARTED,,,,NOT_STARTED,NOT_STARTED,NOT_STARTED,NOT_TESTED,PASS,canonical_and_compiled_master_match,INVENTORY_PENDING,01_scope_inventory.csv#archive/exams/original/high/h1/1mid/23_여수여고_1학기_중간_고1_기출.js|23_여수여고_1학기_중간_고1_기출|12,,INDEX_RECORD_PRESENT,original/high/h1/1mid/23_여수여고_1학기_중간_고1_기출.js_12,a63fb917216bab5716599298813e458f01ee81c972938af3651a686e0633b3e1,true,⑤,IN_SCOPE_FORWARD,,,CLOSED_NO_SHARED_ASSET
archive/exams/original/high/h1/1mid/23_여천고_1학기_중간_고1_기출.js|23_여천고_1학기_중간_고1_기출|2,archive/exams/original/high/h1/1mid/23_여천고_1학기_중간_고1_기출.js,23_여천고_1학기_중간_고1_기출,2,2,2,2015,수학(상),H15-SA-04,복소수,4,H15-SA-04-COMPLEX_OPERATION,복소수의 계산,candidate_evidence,complete_candidate,객관식,grid,false,객관식|복소수|부등식|조건해석|계산,5bde437d21005214bd34f19646ff7b74e836386f1299c59f158907a7d2556816,d601fd23445f2769d635c0f649aaf6d04b385a7d56c029a78b68ab105d958e27,973d2fd2f97e26a666f403b12da6d87e527985b36bcf4ff0a47c7e7e8c36321a,5a5e9720e00bd517bff7e9f62ade85343006520b5fc60d8ee6e0b2ed092cbda0,,,,,0,LOADED_VM,,NOT_STARTED,NOT_STARTED,NOT_STARTED,SVG_OPTIONAL,SVG_OPTIONAL,,,NONE,NO_PROBLEM_VISUAL,N/A,NONE,NOT_STARTED,,,,NOT_STARTED,NOT_STARTED,NOT_STARTED,NOT_TESTED,PASS,canonical_and_compiled_master_match,INVENTORY_PENDING,01_scope_inventory.csv#archive/exams/original/high/h1/1mid/23_여천고_1학기_중간_고1_기출.js|23_여천고_1학기_중간_고1_기출|2,,INDEX_RECORD_PRESENT,original/high/h1/1mid/23_여천고_1학기_중간_고1_기출.js_2,c5af366d4db36ad28d61a31c2a98fc8f62ad45df2365b8ad4ed7c902ec91ad33,true,①,IN_SCOPE_FORWARD,,,CLOSED_NO_SHARED_ASSET
archive/exams/original/high/h1/1mid/23_여천고_1학기_중간_고1_기출.js|23_여천고_1학기_중간_고1_기출|6,archive/exams/original/high/h1/1mid/23_여천고_1학기_중간_고1_기출.js,23_여천고_1학기_중간_고1_기출,6,6,6,2015,수학(상),H15-SA-04,복소수,4,H15-SA-04-COMPLEX_OPERATION,복소수의 계산,candidate_evidence,complete_candidate,객관식,grid,false,객관식|복소수|지수|부등식|조건해석|계산|개념,9877b4bb2e0b6380ae4a0cca6864ae2d77c76db930744149d5536d7c3ad3c208,227de2595bda92393a0e5906d3d5385b63e005c90a68161a837ce665550ea4f1,973d2fd2f97e26a666f403b12da6d87e527985b36bcf4ff0a47c7e7e8c36321a,6d5322884d2695f612514162f1e6debe0d9ce0b5cc412807317a7522fe29de81,,,,,0,LOADED_VM,,NOT_STARTED,NOT_STARTED,NOT_STARTED,SVG_OPTIONAL,SVG_OPTIONAL,,,NONE,NO_PROBLEM_VISUAL,N/A,NONE,NOT_STARTED,,,,NOT_STARTED,NOT_STARTED,NOT_STARTED,NOT_TESTED,PASS,canonical_and_compiled_master_match,INVENTORY_PENDING,01_scope_inventory.csv#archive/exams/original/high/h1/1mid/23_여천고_1학기_중간_고1_기출.js|23_여천고_1학기_중간_고1_기출|6,,INDEX_RECORD_PRESENT,original/high/h1/1mid/23_여천고_1학기_중간_고1_기출.js_6,c5af366d4db36ad28d61a31c2a98fc8f62ad45df2365b8ad4ed7c902ec91ad33,true,①,IN_SCOPE_FORWARD,,,CLOSED_NO_SHARED_ASSET
archive/exams/original/high/h1/1mid/23_여천고_1학기_중간_고1_기출.js|23_여천고_1학기_중간_고1_기출|7,archive/exams/original/high/h1/1mid/23_여천고_1학기_중간_고1_기출.js,23_여천고_1학기_중간_고1_기출,7,7,7,2015,수학(상),H15-SA-04,복소수,4,H15-SA-04-COMPLEX_OPERATION,복소수의 계산,candidate_evidence,complete_candidate,객관식,grid,false,객관식|제곱근|근호|복소수|부등식|조건해석|계산|개념,bb6e027931f0f6e66d231a6badc31d269e5e1bea871a56289e14b184eaa95e7e,a9b014526cd6f3ecccbbf7252349e475e8bd64adc40a157557c2c9cc6fc73a44,b15be6cb71072b84f7e1e198ce023fc5bb8b1e625335904ddcf3cffcd8b7312b,f55f14b10ecb2f7317bb52d3511b56491f45174ac04c4b26dd9146e0611858f3,,,,,0,LOADED_VM,,NOT_STARTED,NOT_STARTED,NOT_STARTED,SVG_OPTIONAL,SVG_OPTIONAL,,,NONE,NO_PROBLEM_VISUAL,N/A,NONE,NOT_STARTED,,,,NOT_STARTED,NOT_STARTED,NOT_STARTED,NOT_TESTED,PASS,canonical_and_compiled_master_match,INVENTORY_PENDING,01_scope_inventory.csv#archive/exams/original/high/h1/1mid/23_여천고_1학기_중간_고1_기출.js|23_여천고_1학기_중간_고1_기출|7,,INDEX_RECORD_PRESENT,original/high/h1/1mid/23_여천고_1학기_중간_고1_기출.js_7,c5af366d4db36ad28d61a31c2a98fc8f62ad45df2365b8ad4ed7c902ec91ad33,true,③,IN_SCOPE_FORWARD,,,CLOSED_NO_SHARED_ASSET
archive/exams/original/high/h1/1mid/23_여천고_1학기_중간_고1_기출.js|23_여천고_1학기_중간_고1_기출|12,archive/exams/original/high/h1/1mid/23_여천고_1학기_중간_고1_기출.js,23_여천고_1학기_중간_고1_기출,12,12,12,2015,수학(상),H15-SA-04,복소수,4,H15-SA-04-COMPLEX_ROOT,복소수와 이차방정식,candidate_evidence,complete_candidate,객관식,grid,false,객관식|제곱근|근호|계수비교|복소수|이차방정식|근과계수|부등식,aead185a8808e61c90f50464a3fcf34b7dfa5a12b346e3ed5eb1310223dc862b,3d305f423c7b72e8dd3d21cb6b79607a2a00181ce6c4d981c5cd4b1f741ed96d,d41ea6521f53fb3dfa10cf72e2932f4405d9c999fa422cdc840d25d57e90dd34,27f270f42fcdefbaf4cc52dd17dbd41118e4a267005c98f564eaedb6f4644220,,,,,0,LOADED_VM,,NOT_STARTED,NOT_STARTED,NOT_STARTED,SVG_OPTIONAL,SVG_OPTIONAL,,,NONE,NO_PROBLEM_VISUAL,N/A,NONE,NOT_STARTED,,,,NOT_STARTED,NOT_STARTED,NOT_STARTED,NOT_TESTED,PASS,canonical_and_compiled_master_match,INVENTORY_PENDING,01_scope_inventory.csv#archive/exams/original/high/h1/1mid/23_여천고_1학기_중간_고1_기출.js|23_여천고_1학기_중간_고1_기출|12,,INDEX_RECORD_PRESENT,original/high/h1/1mid/23_여천고_1학기_중간_고1_기출.js_12,c5af366d4db36ad28d61a31c2a98fc8f62ad45df2365b8ad4ed7c902ec91ad33,true,④,IN_SCOPE_FORWARD,,,CLOSED_NO_SHARED_ASSET
archive/exams/original/high/h1/1mid/23_충무고_1학기_중간_고1_기출.js|23_충무고_1학기_중간_고1_기출|11,archive/exams/original/high/h1/1mid/23_충무고_1학기_중간_고1_기출.js,23_충무고_1학기_중간_고1_기출,11,11,11,2015,수학(상),H15-SA-04,복소수,4,H15-SA-04-COMPLEX_BASIC,복소수의 뜻과 표현,category_or_cue_inferred,complete_category,객관식,grid,false,객관식|제곱근|근호|복소수|자연수조건|범위|개수세기|대입,d92836ea51f12f8d21ba965954f9e93b087f00e71c345e01c6f6fe1dffd03c3f,6fb84e1ec4ad979358254f379df43aff2e0173169a8be890cbcc5eda494d0c06,0bdef091c479702584f065d3a3714f8a76f851b3f0cf10912f345a5dd930b0a8,23613b742e37752b963f6f5a1835b31339b65463d79979291cc4b761ffbd4fe9,,,,,0,LOADED_VM,,NOT_STARTED,NOT_STARTED,NOT_STARTED,SVG_REQUIRED_MISSING,SVG_REQUIRED_MISSING,TABLE_OR_MATRIX_STRUCTURE,,VISUAL_CANDIDATE,NO_PROBLEM_VISUAL,SCHEMATIC_OR_REVIEW,NONE,NOT_STARTED,,,,NOT_STARTED,NOT_STARTED,NOT_STARTED,NOT_TESTED,PASS,canonical_and_compiled_master_match,INVENTORY_PENDING,01_scope_inventory.csv#archive/exams/original/high/h1/1mid/23_충무고_1학기_중간_고1_기출.js|23_충무고_1학기_중간_고1_기출|11,,INDEX_RECORD_PRESENT,original/high/h1/1mid/23_충무고_1학기_중간_고1_기출.js_11,84c6ba6012840087472cb4fb19c4ceb5c17c952dbb839781b0a36cc0ec41e4f4,true,⑤,IN_SCOPE_FORWARD,,,CLOSED_NO_SHARED_ASSET
archive/exams/original/high/h1/1mid/23_충무고_1학기_중간_고1_기출.js|23_충무고_1학기_중간_고1_기출|19,archive/exams/original/high/h1/1mid/23_충무고_1학기_중간_고1_기출.js,23_충무고_1학기_중간_고1_기출,19,19,19,2015,수학(상),H15-SA-04,복소수,4,H15-SA-04-COMPLEX_BASIC,복소수의 뜻과 표현,category_or_cue_inferred,complete_category,서술형,grid,false,서술형|복소수|조건해석|계산|중난도,2f26e33700e9199983bb56bc2e4395b3815ce98520d6a9115f2173a4fe6e5f60,4f53cda18c2baa0c0354bb5f9a3ecbe5ed12ab4d8e11ba873c2f11161202b945,2bf175f9655e7bb7357b9f0a7c6051465a5ae701104ffe741b98e852c0e4d460,abd9836e09f769e88c03e8b5205410dc91fbab32565a0ec672c6ddb7dff2661f,,,,,0,LOADED_VM,,NOT_STARTED,NOT_STARTED,NOT_STARTED,SVG_REQUIRED_MISSING,SVG_REQUIRED_MISSING,TABLE_OR_MATRIX_STRUCTURE,,VISUAL_CANDIDATE,NO_PROBLEM_VISUAL,SCHEMATIC_OR_REVIEW,NONE,NOT_STARTED,,,,NOT_STARTED,NOT_STARTED,NOT_STARTED,NOT_TESTED,PASS,canonical_and_compiled_master_match,INVENTORY_PENDING,01_scope_inventory.csv#archive/exams/original/high/h1/1mid/23_충무고_1학기_중간_고1_기출.js|23_충무고_1학기_중간_고1_기출|19,,INDEX_RECORD_PRESENT,original/high/h1/1mid/23_충무고_1학기_중간_고1_기출.js_19,84c6ba6012840087472cb4fb19c4ceb5c17c952dbb839781b0a36cc0ec41e4f4,true,4,IN_SCOPE_FORWARD,,,CLOSED_NO_SHARED_ASSET
archive/exams/original/high/h1/1mid/23_한영고_1학기_중간_고1_기출.js|2023_한영고_1학기_중간_고1_수학상|2,archive/exams/original/high/h1/1mid/23_한영고_1학기_중간_고1_기출.js,2023_한영고_1학기_중간_고1_수학상,2,2,2,2015,수학(상),H15-SA-04,복소수,4,H15-SA-04-COMPLEX_BASIC,복소수의 뜻과 표현,candidate_evidence,complete_candidate,객관식,grid,false,객관식|제곱근|근호|복소수|조건해석|계산,722cde69c215e467c9baee96bda85445ce70e5a66a2808e90bcb1c5352bd2ad2,795cfd58741e8d6653064f4b6397fd24636879021c41dda8dfaed61f6b6f63b9,973d2fd2f97e26a666f403b12da6d87e527985b36bcf4ff0a47c7e7e8c36321a,73364852a4473abe0bfca77a4c8125cd34bf8dfd7b1deb021ec5025283199e2c,,,,,0,LOADED_VM,,NOT_STARTED,NOT_STARTED,NOT_STARTED,SVG_REQUIRED_MISSING,SVG_REQUIRED_MISSING,TABLE_OR_MATRIX_STRUCTURE,,VISUAL_CANDIDATE,NO_PROBLEM_VISUAL,SCHEMATIC_OR_REVIEW,NONE,NOT_STARTED,,,,NOT_STARTED,NOT_STARTED,NOT_STARTED,NOT_TESTED,PASS,canonical_and_compiled_master_match,INVENTORY_PENDING,01_scope_inventory.csv#archive/exams/original/high/h1/1mid/23_한영고_1학기_중간_고1_기출.js|2023_한영고_1학기_중간_고1_수학상|2,,INDEX_RECORD_PRESENT,original/high/h1/1mid/23_한영고_1학기_중간_고1_기출.js_2,483e70bb9d791873360b8c764f248dd96d89f7639ed952c2a63a4690af842e54,true,①,IN_SCOPE_FORWARD,,,CLOSED_NO_SHARED_ASSET
archive/exams/original/high/h1/1mid/23_한영고_1학기_중간_고1_기출.js|2023_한영고_1학기_중간_고1_수학상|8,archive/exams/original/high/h1/1mid/23_한영고_1학기_중간_고1_기출.js,2023_한영고_1학기_중간_고1_수학상,8,8,8,2015,수학(상),H15-SA-04,복소수,4,H15-SA-04-COMPLEX_OPERATION,복소수의 계산,candidate_evidence,complete_candidate,객관식,grid,false,객관식|제곱근|근호|분모유리화|계수비교|복소수|켤레복소수|이차방정식,f9ba4fea287eaa990e168debf0a0c449933da3cc6da910e68044845ba22e179c,1da35ca8bb317762d9de79d2ab23a6c86b8d3fb800041fdd1c5dea18984e699c,973d2fd2f97e26a666f403b12da6d87e527985b36bcf4ff0a47c7e7e8c36321a,aa9ca541bc51f2332b4b485ed3e88e87295e1f2505a9503e7c17f21495b3680f,,,,,0,LOADED_VM,,NOT_STARTED,NOT_STARTED,NOT_STARTED,SVG_OPTIONAL,SVG_OPTIONAL,,,NONE,NO_PROBLEM_VISUAL,N/A,NONE,NOT_STARTED,,,,NOT_STARTED,NOT_STARTED,NOT_STARTED,NOT_TESTED,PASS,canonical_and_compiled_master_match,INVENTORY_PENDING,01_scope_inventory.csv#archive/exams/original/high/h1/1mid/23_한영고_1학기_중간_고1_기출.js|2023_한영고_1학기_중간_고1_수학상|8,,INDEX_RECORD_PRESENT,original/high/h1/1mid/23_한영고_1학기_중간_고1_기출.js_8,483e70bb9d791873360b8c764f248dd96d89f7639ed952c2a63a4690af842e54,true,①,IN_SCOPE_FORWARD,,,CLOSED_NO_SHARED_ASSET
archive/exams/original/high/h1/1mid/23_한영고_1학기_중간_고1_기출.js|2023_한영고_1학기_중간_고1_수학상|10,archive/exams/original/high/h1/1mid/23_한영고_1학기_중간_고1_기출.js,2023_한영고_1학기_중간_고1_수학상,10,10,10,2015,수학(상),H15-SA-04,복소수,4,H15-SA-04-COMPLEX_BASIC,복소수의 뜻과 표현,candidate_evidence,complete_candidate,객관식,grid,false,객관식|제곱근|근호|분모유리화|전개|복소수|지수|조건해석,0b6e5301380b97456915db2e928dead1fcef2518b0c8c36c8fb4904d83323a6b,3cc19e370a6671b60f17396fd032ed6593aa1547f8af80d6ab8d949018911b5e,b15be6cb71072b84f7e1e198ce023fc5bb8b1e625335904ddcf3cffcd8b7312b,7e60e7660d31e41b7fc7f78e93db5c5f2425af36921bad1b5dd4ebd031e0f6e5,,,,,0,LOADED_VM,,NOT_STARTED,NOT_STARTED,NOT_STARTED,SVG_REQUIRED_MISSING,SVG_REQUIRED_MISSING,TABLE_OR_MATRIX_STRUCTURE,,VISUAL_CANDIDATE,NO_PROBLEM_VISUAL,SCHEMATIC_OR_REVIEW,NONE,NOT_STARTED,,,,NOT_STARTED,NOT_STARTED,NOT_STARTED,NOT_TESTED,PASS,canonical_and_compiled_master_match,INVENTORY_PENDING,01_scope_inventory.csv#archive/exams/original/high/h1/1mid/23_한영고_1학기_중간_고1_기출.js|2023_한영고_1학기_중간_고1_수학상|10,,INDEX_RECORD_PRESENT,original/high/h1/1mid/23_한영고_1학기_중간_고1_기출.js_10,483e70bb9d791873360b8c764f248dd96d89f7639ed952c2a63a4690af842e54,true,③,IN_SCOPE_FORWARD,,,CLOSED_NO_SHARED_ASSET
archive/exams/original/high/h1/1mid/23_한영고_1학기_중간_고1_기출.js|2023_한영고_1학기_중간_고1_수학상|13,archive/exams/original/high/h1/1mid/23_한영고_1학기_중간_고1_기출.js,2023_한영고_1학기_중간_고1_수학상,13,13,13,2015,수학(상),H15-SA-04,복소수,4,H15-SA-04-COMPLEX_OPERATION,복소수의 계산,candidate_evidence,complete_candidate,객관식,grid,false,객관식|분모유리화|나머지정리|복소수|지수|자연수조건|참거짓,ef595372cce7bc5f196f4100c59bc6b1f87579a11a89915a2f1693c4239e58c7,f7cf9c893510e67bfc4a07cb9485858dd9b3f412e093a1a676a569a1b84c85ca,0bdef091c479702584f065d3a3714f8a76f851b3f0cf10912f345a5dd930b0a8,77b4643712f100ffdc94d2509d6ff26d48917cdb2b27f2aa55cab1cd5df4d9ca,,,,,0,LOADED_VM,,NOT_STARTED,NOT_STARTED,NOT_STARTED,SVG_OPTIONAL,SVG_OPTIONAL,,,NONE,NO_PROBLEM_VISUAL,N/A,NONE,NOT_STARTED,,,,NOT_STARTED,NOT_STARTED,NOT_STARTED,NOT_TESTED,PASS,canonical_and_compiled_master_match,INVENTORY_PENDING,01_scope_inventory.csv#archive/exams/original/high/h1/1mid/23_한영고_1학기_중간_고1_기출.js|2023_한영고_1학기_중간_고1_수학상|13,,INDEX_RECORD_PRESENT,original/high/h1/1mid/23_한영고_1학기_중간_고1_기출.js_13,483e70bb9d791873360b8c764f248dd96d89f7639ed952c2a63a4690af842e54,true,⑤,IN_SCOPE_FORWARD,,,CLOSED_NO_SHARED_ASSET
archive/exams/original/high/h1/1mid/24_여수고_1학기_중간_고1_기출.js|24_여수고_1학기_중간_고1_기출|6,archive/exams/original/high/h1/1mid/24_여수고_1학기_중간_고1_기출.js,24_여수고_1학기_중간_고1_기출,6,6,6,2015,수학(상),H15-SA-04,복소수,4,H15-SA-04-COMPLEX_BASIC,복소수의 뜻과 표현,category_or_cue_inferred,complete_category,객관식,grid,false,객관식|제곱근|근호|복소수|지수|계산,b05b4b85c5ed9ecf43afa4ad04594f0fb3614466078d0d03878d098b82891e17,4477ff1b50d66d2a7c57090603e92297f17cacad6efde8177f00a007cbb4ffa4,dfde05a3668030e99ca64d8d4ae5f6b64c7a87cee61c0ba43904b92ef210191d,f15a5ade9c5cd1322c41e2e054933b201de0040271f9815ecccb3aafa0b53316,,,,,0,LOADED_VM,,NOT_STARTED,NOT_STARTED,NOT_STARTED,SVG_REQUIRED_MISSING,SVG_REQUIRED_MISSING,TABLE_OR_MATRIX_STRUCTURE,,VISUAL_CANDIDATE,NO_PROBLEM_VISUAL,SCHEMATIC_OR_REVIEW,NONE,NOT_STARTED,,,,NOT_STARTED,NOT_STARTED,NOT_STARTED,NOT_TESTED,PASS,canonical_and_compiled_master_match,INVENTORY_PENDING,01_scope_inventory.csv#archive/exams/original/high/h1/1mid/24_여수고_1학기_중간_고1_기출.js|24_여수고_1학기_중간_고1_기출|6,,INDEX_RECORD_PRESENT,original/high/h1/1mid/24_여수고_1학기_중간_고1_기출.js_6,660492f755e39b6181a5571487b3bba25244a0b1605f0c43e4b4c33e6ca12580,true,②,IN_SCOPE_FORWARD,,,CLOSED_NO_SHARED_ASSET
archive/exams/original/high/h1/1mid/24_여수고_1학기_중간_고1_기출.js|24_여수고_1학기_중간_고1_기출|15,archive/exams/original/high/h1/1mid/24_여수고_1학기_중간_고1_기출.js,24_여수고_1학기_중간_고1_기출,15,15,15,2015,수학(상),H15-SA-04,복소수,4,H15-SA-04-COMPLEX_ROOT,복소수와 이차방정식,category_or_cue_inferred,complete_category,객관식,grid,false,객관식|복소수|판별식|최대최소|자연수조건|조건해석|계산|상급,569087e5b6ddb7ebe6982917db76a850f4c3183920c739d645a3cae2a87b9ac1,b142fed6d755074188ebb5438d0c053a79e8b5b430ddaf0958fab119b073144d,973d2fd2f97e26a666f403b12da6d87e527985b36bcf4ff0a47c7e7e8c36321a,dd113584c6573aa9894012e014293076640eadb62ad4065122856053d53817dd,,,,,0,LOADED_VM,,NOT_STARTED,NOT_STARTED,NOT_STARTED,SVG_OPTIONAL,SVG_OPTIONAL,,,NONE,NO_PROBLEM_VISUAL,N/A,NONE,NOT_STARTED,,,,NOT_STARTED,NOT_STARTED,NOT_STARTED,NOT_TESTED,PASS,canonical_and_compiled_master_match,INVENTORY_PENDING,01_scope_inventory.csv#archive/exams/original/high/h1/1mid/24_여수고_1학기_중간_고1_기출.js|24_여수고_1학기_중간_고1_기출|15,,INDEX_RECORD_PRESENT,original/high/h1/1mid/24_여수고_1학기_중간_고1_기출.js_15,660492f755e39b6181a5571487b3bba25244a0b1605f0c43e4b4c33e6ca12580,true,①,IN_SCOPE_FORWARD,,,CLOSED_NO_SHARED_ASSET
archive/exams/original/high/h1/1mid/24_여수고_1학기_중간_고1_기출.js|24_여수고_1학기_중간_고1_기출|18,archive/exams/original/high/h1/1mid/24_여수고_1학기_중간_고1_기출.js,24_여수고_1학기_중간_고1_기출,18,18,18,2015,수학(상),H15-SA-04,복소수,4,H15-SA-04-COMPLEX_BASIC,복소수의 뜻과 표현,category_or_cue_inferred,complete_category,객관식,grid,false,객관식|복소수|자연수조건|조건해석|계산,9639a894616c84c5a5ef86b8e2a77107d093c2608298b1bd1780ff28ea1d9d4c,e3e00d8059709876babf056fb864ce3116425d7992fe84a09930d93a20ae9812,b15be6cb71072b84f7e1e198ce023fc5bb8b1e625335904ddcf3cffcd8b7312b,31d2697bab8b38c1db38799235c4ef83427750277274dc4eedbf5995d6fdc333,,,,,0,LOADED_VM,,NOT_STARTED,NOT_STARTED,NOT_STARTED,SVG_REQUIRED_MISSING,SVG_REQUIRED_MISSING,TABLE_OR_MATRIX_STRUCTURE,,VISUAL_CANDIDATE,NO_PROBLEM_VISUAL,SCHEMATIC_OR_REVIEW,NONE,NOT_STARTED,,,,NOT_STARTED,NOT_STARTED,NOT_STARTED,NOT_TESTED,PASS,canonical_and_compiled_master_match,INVENTORY_PENDING,01_scope_inventory.csv#archive/exams/original/high/h1/1mid/24_여수고_1학기_중간_고1_기출.js|24_여수고_1학기_중간_고1_기출|18,,INDEX_RECORD_PRESENT,original/high/h1/1mid/24_여수고_1학기_중간_고1_기출.js_18,660492f755e39b6181a5571487b3bba25244a0b1605f0c43e4b4c33e6ca12580,true,③,IN_SCOPE_FORWARD,,,CLOSED_NO_SHARED_ASSET
archive/exams/original/high/h1/1mid/24_제일고_1학기_중간_고1_기출.js|24_제일고_1학기_중간_고1_수학|1,archive/exams/original/high/h1/1mid/24_제일고_1학기_중간_고1_기출.js,24_제일고_1학기_중간_고1_수학,1,1,1,2022,공통수학1,H22-C-04,복소수와 이차방정식,4,H22-C-04-COMPLEX_BASIC,복소수의 뜻과 표현,category_or_cue_inferred,complete_category,객관식,grid,false,객관식|제곱근|근호|복소수|조건해석|계산,49f74528a52f7a89208e9b23f2988f0565aed104df67638e4eb0eb7593f4cc31,beda8d8f0bfb32976f720341a6652531718ba446bb26bc1df6552fd65cd805cc,973d2fd2f97e26a666f403b12da6d87e527985b36bcf4ff0a47c7e7e8c36321a,5a81ca1b07c9c1215460cfa49f00fd6621f35bf203dfcb9f703406353ff73115,,,,,0,LOADED_VM,,NOT_STARTED,NOT_STARTED,NOT_STARTED,SVG_REQUIRED_MISSING,SVG_REQUIRED_MISSING,TABLE_OR_MATRIX_STRUCTURE,,VISUAL_CANDIDATE,NO_PROBLEM_VISUAL,SCHEMATIC_OR_REVIEW,NONE,NOT_STARTED,,,,NOT_STARTED,NOT_STARTED,NOT_STARTED,NOT_TESTED,PASS,canonical_and_compiled_master_match,INVENTORY_PENDING,01_scope_inventory.csv#archive/exams/original/high/h1/1mid/24_제일고_1학기_중간_고1_기출.js|24_제일고_1학기_중간_고1_수학|1,,INDEX_RECORD_PRESENT,original/high/h1/1mid/24_제일고_1학기_중간_고1_기출.js_1,a4fd9346dac6975e395fd6ebea29773b013f5cd40783ede93b895b2817993fe0,true,①,IN_SCOPE_FORWARD,,,CLOSED_NO_SHARED_ASSET
archive/exams/original/high/h1/1mid/24_제일고_1학기_중간_고1_기출.js|24_제일고_1학기_중간_고1_수학|4,archive/exams/original/high/h1/1mid/24_제일고_1학기_중간_고1_기출.js,24_제일고_1학기_중간_고1_수학,4,4,4,2022,공통수학1,H22-C-04,복소수와 이차방정식,4,H22-C-04-COMPLEX_BASIC,복소수의 뜻과 표현,category_or_cue_inferred,complete_category,객관식,grid,false,객관식|제곱근|근호|복소수|지수|조건해석|계산,df2044ff069baa2e8352b294db8ddb081dad462263674a103c240a757f1cdf8c,0435d9da2573bc628424d618f29d0c7c05c77de592155d2cda050c84ee5620b0,b15be6cb71072b84f7e1e198ce023fc5bb8b1e625335904ddcf3cffcd8b7312b,1e6b5f27cb1974e850b1ed70df99303c1dc941bb67613584a95c4736b4bc261a,,,,,0,LOADED_VM,,NOT_STARTED,NOT_STARTED,NOT_STARTED,SVG_REQUIRED_MISSING,SVG_REQUIRED_MISSING,TABLE_OR_MATRIX_STRUCTURE,,VISUAL_CANDIDATE,NO_PROBLEM_VISUAL,SCHEMATIC_OR_REVIEW,NONE,NOT_STARTED,,,,NOT_STARTED,NOT_STARTED,NOT_STARTED,NOT_TESTED,PASS,canonical_and_compiled_master_match,INVENTORY_PENDING,01_scope_inventory.csv#archive/exams/original/high/h1/1mid/24_제일고_1학기_중간_고1_기출.js|24_제일고_1학기_중간_고1_수학|4,,INDEX_RECORD_PRESENT,original/high/h1/1mid/24_제일고_1학기_중간_고1_기출.js_4,a4fd9346dac6975e395fd6ebea29773b013f5cd40783ede93b895b2817993fe0,true,③,IN_SCOPE_FORWARD,,,CLOSED_NO_SHARED_ASSET
archive/exams/original/high/h1/1mid/24_제일고_1학기_중간_고1_기출.js|24_제일고_1학기_중간_고1_수학|5,archive/exams/original/high/h1/1mid/24_제일고_1학기_중간_고1_기출.js,24_제일고_1학기_중간_고1_수학,5,5,5,2022,공통수학1,H22-C-04,복소수와 이차방정식,4,H22-C-04-COMPLEX_OPERATION,복소수의 계산,category_or_cue_inferred,complete_category,객관식,grid,false,객관식|분모유리화|복소수|켤레복소수|범위|개수세기|참거짓|조건해석,212df71f89e47175fbe2bc6f3cc783485b2f9081d2f11601001057aa71ac400d,dba445b4718d8b7fef7c40f115d45d2facfc5d4e3c90085886e8f29e5478c684,d41ea6521f53fb3dfa10cf72e2932f4405d9c999fa422cdc840d25d57e90dd34,bc3b4ca300827349cab0397dfce4f1630733085c5181d77eafc10e5af0288ac5,,,,,0,LOADED_VM,,NOT_STARTED,NOT_STARTED,NOT_STARTED,SVG_OPTIONAL,SVG_OPTIONAL,,,NONE,NO_PROBLEM_VISUAL,N/A,NONE,NOT_STARTED,,,,NOT_STARTED,NOT_STARTED,NOT_STARTED,NOT_TESTED,PASS,canonical_and_compiled_master_match,INVENTORY_PENDING,01_scope_inventory.csv#archive/exams/original/high/h1/1mid/24_제일고_1학기_중간_고1_기출.js|24_제일고_1학기_중간_고1_수학|5,,INDEX_RECORD_PRESENT,original/high/h1/1mid/24_제일고_1학기_중간_고1_기출.js_5,a4fd9346dac6975e395fd6ebea29773b013f5cd40783ede93b895b2817993fe0,true,④,IN_SCOPE_FORWARD,,,CLOSED_NO_SHARED_ASSET
archive/exams/original/high/h1/1mid/24_제일고_1학기_중간_고1_기출.js|24_제일고_1학기_중간_고1_수학|6,archive/exams/original/high/h1/1mid/24_제일고_1학기_중간_고1_기출.js,24_제일고_1학기_중간_고1_수학,6,6,6,2022,공통수학1,H22-C-04,복소수와 이차방정식,4,H22-C-04-COMPLEX_OPERATION,복소수의 계산,category_or_cue_inferred,complete_category,객관식,grid,false,객관식|분모유리화|복소수|켤레복소수|대입|조건해석|계산,e42d2606408e87c7ebaf7023ab2106784e901fec70d4c7bd760468aeb553738e,87a35902192b2ac3b25426497a6d1a734782c9179ebe9681c48610eca527f0d8,b15be6cb71072b84f7e1e198ce023fc5bb8b1e625335904ddcf3cffcd8b7312b,9ec0a3875d4147d1a95893647754c9de3be24cafb5ff6127b654ebef2f81832b,,,,,0,LOADED_VM,,NOT_STARTED,NOT_STARTED,NOT_STARTED,SVG_OPTIONAL,SVG_OPTIONAL,,,NONE,NO_PROBLEM_VISUAL,N/A,NONE,NOT_STARTED,,,,NOT_STARTED,NOT_STARTED,NOT_STARTED,NOT_TESTED,PASS,canonical_and_compiled_master_match,INVENTORY_PENDING,01_scope_inventory.csv#archive/exams/original/high/h1/1mid/24_제일고_1학기_중간_고1_기출.js|24_제일고_1학기_중간_고1_수학|6,,INDEX_RECORD_PRESENT,original/high/h1/1mid/24_제일고_1학기_중간_고1_기출.js_6,a4fd9346dac6975e395fd6ebea29773b013f5cd40783ede93b895b2817993fe0,true,③,IN_SCOPE_FORWARD,,,CLOSED_NO_SHARED_ASSET
archive/exams/original/high/h1/1mid/24_한영고_1학기_중간_고1_기출.js|24_한영고_1학기_중간_고1_기출|3,archive/exams/original/high/h1/1mid/24_한영고_1학기_중간_고1_기출.js,24_한영고_1학기_중간_고1_기출,3,3,3,2015,수학(상),H15-SA-04,복소수,4,H15-SA-04-COMPLEX_OPERATION,복소수의 계산,category_or_cue_inferred,complete_category,객관식,grid,false,객관식|제곱근|근호|전개|복소수|대입|계산,98afbddb3091a0a0f5de9d7b56d8e1ad34a80b8e70c52acde00a4cc64ba5d045,e0a2d515b9432b7ce272fe4d09d2234810d327b803650316fda86b74a012a5e6,dfde05a3668030e99ca64d8d4ae5f6b64c7a87cee61c0ba43904b92ef210191d,e2bca761f4c68ba374357d2fb7dee42ac95769241733bae21bbcf8f5b0e49288,,,,,0,LOADED_VM,,NOT_STARTED,NOT_STARTED,NOT_STARTED,SVG_OPTIONAL,SVG_OPTIONAL,,,NONE,NO_PROBLEM_VISUAL,N/A,NONE,NOT_STARTED,,,,NOT_STARTED,NOT_STARTED,NOT_STARTED,NOT_TESTED,PASS,canonical_and_compiled_master_match,INVENTORY_PENDING,01_scope_inventory.csv#archive/exams/original/high/h1/1mid/24_한영고_1학기_중간_고1_기출.js|24_한영고_1학기_중간_고1_기출|3,,INDEX_RECORD_PRESENT,original/high/h1/1mid/24_한영고_1학기_중간_고1_기출.js_3,f4a5b636761d2fd7d765bbc5c13d442e0ab9d2aa09855dee1932257d8aa570f6,true,②,IN_SCOPE_FORWARD,,,CLOSED_NO_SHARED_ASSET
archive/exams/original/high/h1/1mid/24_한영고_1학기_중간_고1_기출.js|24_한영고_1학기_중간_고1_기출|13,archive/exams/original/high/h1/1mid/24_한영고_1학기_중간_고1_기출.js,24_한영고_1학기_중간_고1_기출,13,13,13,2015,수학(상),H15-SA-04,복소수,4,H15-SA-04-COMPLEX_OPERATION,복소수의 계산,category_or_cue_inferred,complete_category,객관식,grid,false,객관식|분모유리화|전개|계수비교|복소수|켤레복소수|표해석|대입,ce67364faadd5a4145d38cc8602aa7353abe87e9503f406b0efafc6ac18abeac,48a6a42247cc221568b17352f8cec2c68c50aa0d46a3d19717a8f46e44cdcf17,b15be6cb71072b84f7e1e198ce023fc5bb8b1e625335904ddcf3cffcd8b7312b,d2e6b46482c2b716ff96a28346fd1373e189e46b92874a83106477b573996d0e,,,,,0,LOADED_VM,,NOT_STARTED,NOT_STARTED,NOT_STARTED,SVG_REQUIRED_MISSING,SVG_REQUIRED_MISSING,TABLE_OR_MATRIX_STRUCTURE,,VISUAL_CANDIDATE,NO_PROBLEM_VISUAL,SCHEMATIC_OR_REVIEW,NONE,NOT_STARTED,,,,NOT_STARTED,NOT_STARTED,NOT_STARTED,NOT_TESTED,PASS,canonical_and_compiled_master_match,INVENTORY_PENDING,01_scope_inventory.csv#archive/exams/original/high/h1/1mid/24_한영고_1학기_중간_고1_기출.js|24_한영고_1학기_중간_고1_기출|13,,INDEX_RECORD_PRESENT,original/high/h1/1mid/24_한영고_1학기_중간_고1_기출.js_13,f4a5b636761d2fd7d765bbc5c13d442e0ab9d2aa09855dee1932257d8aa570f6,true,③,IN_SCOPE_FORWARD,,,CLOSED_NO_SHARED_ASSET
archive/exams/original/high/h1/1mid/24_한영고_1학기_중간_고1_기출.js|24_한영고_1학기_중간_고1_기출|14,archive/exams/original/high/h1/1mid/24_한영고_1학기_중간_고1_기출.js,24_한영고_1학기_중간_고1_기출,14,14,14,2015,수학(상),H15-SA-04,복소수,4,H15-SA-04-COMPLEX_ROOT,복소수와 이차방정식,category_or_cue_inferred,complete_category,객관식,grid,false,객관식|분모유리화|계수비교|복소수|켤레복소수|판별식|자연수조건|범위,f14c708a8944ea28cc10f4f23208dfd6e0760987aedc57771239a87fc60ea206,1bd90f9325a3d96ae20e271398d222e2e49f929ce0e8fd183dcd463ccfc8ba99,0bdef091c479702584f065d3a3714f8a76f851b3f0cf10912f345a5dd930b0a8,c7bede9c729ebe4c18cd92108f8b40cc57405c36c8f8f089a0043eda98103524,,,,,0,LOADED_VM,,NOT_STARTED,NOT_STARTED,NOT_STARTED,SVG_OPTIONAL,SVG_OPTIONAL,,,NONE,NO_PROBLEM_VISUAL,N/A,NONE,NOT_STARTED,,,,NOT_STARTED,NOT_STARTED,NOT_STARTED,NOT_TESTED,PASS,canonical_and_compiled_master_match,INVENTORY_PENDING,01_scope_inventory.csv#archive/exams/original/high/h1/1mid/24_한영고_1학기_중간_고1_기출.js|24_한영고_1학기_중간_고1_기출|14,,INDEX_RECORD_PRESENT,original/high/h1/1mid/24_한영고_1학기_중간_고1_기출.js_14,f4a5b636761d2fd7d765bbc5c13d442e0ab9d2aa09855dee1932257d8aa570f6,true,⑤,IN_SCOPE_FORWARD,,,CLOSED_NO_SHARED_ASSET
archive/exams/original/high/h1/1mid/24_한영고_1학기_중간_고1_기출.js|24_한영고_1학기_중간_고1_기출|19,archive/exams/original/high/h1/1mid/24_한영고_1학기_중간_고1_기출.js,24_한영고_1학기_중간_고1_기출,19,19,19,2015,수학(상),H15-SA-04,복소수,4,H15-SA-04-EQUATION_BASIC,방정식의 풀이,category_or_cue_inferred,complete_category,단답형,grid,false,객관식|제곱근|근호|계수비교|복소수|근과계수|참거짓|오류판별,9cd1fd55fbcc9c85e4d9c2a0ceef216a53a96976f71aa9c6b010cf76c936879b,4f53cda18c2baa0c0354bb5f9a3ecbe5ed12ab4d8e11ba873c2f11161202b945,b04a9813a9520f07144aca630052402cb8b1f14ef543ede8238c95309f0d541d,4739dfe1b6623dbb445db1b55b578599241a2b9adf6998e2409e47b952364b5e,,,,,0,LOADED_VM,,NOT_STARTED,NOT_STARTED,NOT_STARTED,SVG_OPTIONAL,SVG_OPTIONAL,,,NONE,NO_PROBLEM_VISUAL,N/A,NONE,NOT_STARTED,,,,NOT_STARTED,NOT_STARTED,NOT_STARTED,NOT_TESTED,PASS,canonical_and_compiled_master_match,INVENTORY_PENDING,01_scope_inventory.csv#archive/exams/original/high/h1/1mid/24_한영고_1학기_중간_고1_기출.js|24_한영고_1학기_중간_고1_기출|19,,INDEX_RECORD_PRESENT,original/high/h1/1mid/24_한영고_1학기_중간_고1_기출.js_19,f4a5b636761d2fd7d765bbc5c13d442e0ab9d2aa09855dee1932257d8aa570f6,true,"(1) -7, 1  (2) -20",IN_SCOPE_FORWARD,,,CLOSED_NO_SHARED_ASSET
archive/exams/original/high/h1/1mid/24_한영고_1학기_중간_고1_기출.js|24_한영고_1학기_중간_고1_기출|21,archive/exams/original/high/h1/1mid/24_한영고_1학기_중간_고1_기출.js,24_한영고_1학기_중간_고1_기출,21,21,21,2015,수학(상),H15-SA-04,복소수,4,H15-SA-04-COMPLEX_BASIC,복소수의 뜻과 표현,category_or_cue_inferred,complete_category,서술형,grid,false,객관식|제곱근|근호|복소수|최대최소|지수|시그마|자연수조건,b631bf7e96c6f41c7491e7ca7a0df8dec1f5fc90b7d13988cb0148633a921006,4f53cda18c2baa0c0354bb5f9a3ecbe5ed12ab4d8e11ba873c2f11161202b945,16f704c30785a1070c1a30998f50aca07b87c64a084935e7fd149a5e977af41d,3724ed4389b60b207b5c7f0a9341dbbc26057c43579691f9e6545e63108518aa,,,,,0,LOADED_VM,,NOT_STARTED,NOT_STARTED,NOT_STARTED,SVG_REQUIRED_MISSING,SVG_REQUIRED_MISSING,TABLE_OR_MATRIX_STRUCTURE,,VISUAL_CANDIDATE,NO_PROBLEM_VISUAL,SCHEMATIC_OR_REVIEW,NONE,NOT_STARTED,,,,NOT_STARTED,NOT_STARTED,NOT_STARTED,NOT_TESTED,PASS,canonical_and_compiled_master_match,INVENTORY_PENDING,01_scope_inventory.csv#archive/exams/original/high/h1/1mid/24_한영고_1학기_중간_고1_기출.js|24_한영고_1학기_중간_고1_기출|21,,INDEX_RECORD_PRESENT,original/high/h1/1mid/24_한영고_1학기_중간_고1_기출.js_21,f4a5b636761d2fd7d765bbc5c13d442e0ab9d2aa09855dee1932257d8aa570f6,true,"(1) 12, (2) 35",IN_SCOPE_FORWARD,,,CLOSED_NO_SHARED_ASSET
archive/exams/original/high/h1/1mid/24_효천고_1학기_중간_고1_기출.js|24_효천고_1학기_중간_고1_기출|7,archive/exams/original/high/h1/1mid/24_효천고_1학기_중간_고1_기출.js,24_효천고_1학기_중간_고1_기출,7,7,7,2022,공통수학1,H22-C-04,복소수와 이차방정식,4,H22-C-04-COMPLEX_BASIC,복소수의 뜻과 표현,category_or_cue_inferred,complete_category,객관식,grid,false,객관식|제곱근|근호|절댓값|복소수|범위|조건해석|계산,9d4f8dba45dafb22e562ffa7adc443238d2f62a785747a3d86da7cffa7c2da51,87a35902192b2ac3b25426497a6d1a734782c9179ebe9681c48610eca527f0d8,0bdef091c479702584f065d3a3714f8a76f851b3f0cf10912f345a5dd930b0a8,c517771e144187322972e1c8ba6a9e6d16dc194166538fb881e4872ed5abf6c8,,,,,0,LOADED_VM,,NOT_STARTED,NOT_STARTED,NOT_STARTED,SVG_REQUIRED_MISSING,SVG_REQUIRED_MISSING,TABLE_OR_MATRIX_STRUCTURE,,VISUAL_CANDIDATE,NO_PROBLEM_VISUAL,SCHEMATIC_OR_REVIEW,NONE,NOT_STARTED,,,,NOT_STARTED,NOT_STARTED,NOT_STARTED,NOT_TESTED,PASS,canonical_and_compiled_master_match,INVENTORY_PENDING,01_scope_inventory.csv#archive/exams/original/high/h1/1mid/24_효천고_1학기_중간_고1_기출.js|24_효천고_1학기_중간_고1_기출|7,,INDEX_RECORD_PRESENT,original/high/h1/1mid/24_효천고_1학기_중간_고1_기출.js_7,43722861f60db3d0944ff25df0e34d4cdb82e733957b618f438791fd81b86ba6,true,⑤,IN_SCOPE_FORWARD,,,CLOSED_NO_SHARED_ASSET
archive/exams/original/high/h1/1mid/24_효천고_1학기_중간_고1_기출.js|24_효천고_1학기_중간_고1_기출|12,archive/exams/original/high/h1/1mid/24_효천고_1학기_중간_고1_기출.js,24_효천고_1학기_중간_고1_기출,12,12,12,2022,공통수학1,H22-C-04,복소수와 이차방정식,4,H22-C-04-COMPLEX_BASIC,복소수의 뜻과 표현,category_or_cue_inferred,complete_category,객관식,grid,false,객관식|분모유리화|절댓값|복소수|켤레복소수|참거짓|대입|개념,2c0bd78499f67d9b1339eda452262a7614d4d38de9112b7b0565f53189cd0ef8,cd30aa14e4ee77abe0f063c94e6f90ce3646da2b1b9a2324d240bb5aa1ec935c,0bdef091c479702584f065d3a3714f8a76f851b3f0cf10912f345a5dd930b0a8,f190058eacf56a41f879ba2edb4b900fc73b7304c6c1f93865a89a850abf002a,,,,,0,LOADED_VM,,NOT_STARTED,NOT_STARTED,NOT_STARTED,SVG_REQUIRED_MISSING,SVG_REQUIRED_MISSING,TABLE_OR_MATRIX_STRUCTURE,,VISUAL_CANDIDATE,NO_PROBLEM_VISUAL,SCHEMATIC_OR_REVIEW,NONE,NOT_STARTED,,,,NOT_STARTED,NOT_STARTED,NOT_STARTED,NOT_TESTED,PASS,canonical_and_compiled_master_match,INVENTORY_PENDING,01_scope_inventory.csv#archive/exams/original/high/h1/1mid/24_효천고_1학기_중간_고1_기출.js|24_효천고_1학기_중간_고1_기출|12,,INDEX_RECORD_PRESENT,original/high/h1/1mid/24_효천고_1학기_중간_고1_기출.js_12,43722861f60db3d0944ff25df0e34d4cdb82e733957b618f438791fd81b86ba6,true,⑤,IN_SCOPE_FORWARD,,,CLOSED_NO_SHARED_ASSET
archive/exams/original/high/h1/1mid/24_효천고_1학기_중간_고1_기출.js|24_효천고_1학기_중간_고1_기출|23,archive/exams/original/high/h1/1mid/24_효천고_1학기_중간_고1_기출.js,24_효천고_1학기_중간_고1_기출,23,23,23,2022,공통수학1,H22-C-04,복소수와 이차방정식,4,H22-C-04-COMPLEX_ROOT,복소수와 이차방정식,category_or_cue_inferred,complete_category,단답형,grid,false,서술형|분모유리화|계수비교|복소수|이차방정식|조건해석|계산|개념,98f905b62e03bf651855f60d009864e6564df862f4bbeb21995e49f0b215bc61,4f53cda18c2baa0c0354bb5f9a3ecbe5ed12ab4d8e11ba873c2f11161202b945,69e63bd67fa0083919659842ea81ee1b7a51019f3071271a163ebcee615a09bd,80ba62690ed6ef080d730a81aff1c731ad81167d4a9874dfceb8937a47b16935,,,,,0,LOADED_VM,,NOT_STARTED,NOT_STARTED,NOT_STARTED,SVG_OPTIONAL,SVG_OPTIONAL,,,NONE,NO_PROBLEM_VISUAL,N/A,NONE,NOT_STARTED,,,,NOT_STARTED,NOT_STARTED,NOT_STARTED,NOT_TESTED,PASS,canonical_and_compiled_master_match,INVENTORY_PENDING,01_scope_inventory.csv#archive/exams/original/high/h1/1mid/24_효천고_1학기_중간_고1_기출.js|24_효천고_1학기_중간_고1_기출|23,,INDEX_RECORD_PRESENT,original/high/h1/1mid/24_효천고_1학기_중간_고1_기출.js_23,43722861f60db3d0944ff25df0e34d4cdb82e733957b618f438791fd81b86ba6,true,$64$,IN_SCOPE_FORWARD,,,CLOSED_NO_SHARED_ASSET
archive/exams/original/high/h1/1mid/25_강남여고_1학기_중간_고1_기출.js|25_강남여고_1학기_중간_고1_기출|3,archive/exams/original/high/h1/1mid/25_강남여고_1학기_중간_고1_기출.js,25_강남여고_1학기_중간_고1_기출,3,3,3,2015,수학(상),H15-SA-04,복소수,4,H15-SA-04-COMPLEX_BASIC,복소수의 뜻과 표현,category_or_cue_inferred,complete_category,객관식,grid,false,복소수|실수부분|허수부분|개념|오류판별|객관식,09aee286d87a44e212cfbba4099b488485caaa145b69d03ebb7e434ea5742e1e,ec77be84dd07689cba9d6abb89e4bf3c880c1c91bb003d2903759e04447e6328,b15be6cb71072b84f7e1e198ce023fc5bb8b1e625335904ddcf3cffcd8b7312b,ad4b70e04d891b2344eb4c5f20bc345b6da92c89903a8836c56d0514344b0fdc,,,,,0,LOADED_VM,,NOT_STARTED,NOT_STARTED,NOT_STARTED,SVG_REQUIRED_MISSING,SVG_REQUIRED_MISSING,TABLE_OR_MATRIX_STRUCTURE,,VISUAL_CANDIDATE,NO_PROBLEM_VISUAL,SCHEMATIC_OR_REVIEW,NONE,NOT_STARTED,,,,NOT_STARTED,NOT_STARTED,NOT_STARTED,NOT_TESTED,PASS,canonical_and_compiled_master_match,INVENTORY_PENDING,01_scope_inventory.csv#archive/exams/original/high/h1/1mid/25_강남여고_1학기_중간_고1_기출.js|25_강남여고_1학기_중간_고1_기출|3,,INDEX_RECORD_PRESENT,original/high/h1/1mid/25_강남여고_1학기_중간_고1_기출.js_3,f2bb572862a82daf05bda742cfe2d7f30b7f7e79e39179fdb1daf312c75d09e7,true,③,IN_SCOPE_FORWARD,,,CLOSED_NO_SHARED_ASSET
archive/exams/original/high/h1/1mid/25_강남여고_1학기_중간_고1_기출.js|25_강남여고_1학기_중간_고1_기출|6,archive/exams/original/high/h1/1mid/25_강남여고_1학기_중간_고1_기출.js,25_강남여고_1학기_중간_고1_기출,6,6,6,2015,수학(상),H15-SA-04,복소수,4,H15-SA-04-COMPLEX_BASIC,복소수의 뜻과 표현,category_or_cue_inferred,complete_category,객관식,grid,false,복소수|켤레복소수|복소수연산|제곱근|참거짓|오류판별|객관식,a663cc78386f8b71c1bddfb3091bb8b5992374b339ed6853164e6666358c01a7,91e4744b138708972d13e47e55347ec2c4d8ae3e2fbf503cb89d9b173a490013,973d2fd2f97e26a666f403b12da6d87e527985b36bcf4ff0a47c7e7e8c36321a,10f54f4cf303b9aa923d73611e1e86d4c3c8fe9bf837a84d59f06c1f7ff30bbb,,,,,0,LOADED_VM,,NOT_STARTED,NOT_STARTED,NOT_STARTED,SVG_REQUIRED_MISSING,SVG_REQUIRED_MISSING,TABLE_OR_MATRIX_STRUCTURE,,VISUAL_CANDIDATE,NO_PROBLEM_VISUAL,SCHEMATIC_OR_REVIEW,NONE,NOT_STARTED,,,,NOT_STARTED,NOT_STARTED,NOT_STARTED,NOT_TESTED,PASS,canonical_and_compiled_master_match,INVENTORY_PENDING,01_scope_inventory.csv#archive/exams/original/high/h1/1mid/25_강남여고_1학기_중간_고1_기출.js|25_강남여고_1학기_중간_고1_기출|6,,INDEX_RECORD_PRESENT,original/high/h1/1mid/25_강남여고_1학기_중간_고1_기출.js_6,f2bb572862a82daf05bda742cfe2d7f30b7f7e79e39179fdb1daf312c75d09e7,true,①,IN_SCOPE_FORWARD,,,CLOSED_NO_SHARED_ASSET
archive/exams/original/high/h1/1mid/25_강남여고_1학기_중간_고1_기출.js|25_강남여고_1학기_중간_고1_기출|9,archive/exams/original/high/h1/1mid/25_강남여고_1학기_중간_고1_기출.js,25_강남여고_1학기_중간_고1_기출,9,9,9,2015,수학(상),H15-SA-04,복소수,4,H15-SA-04-COMPLEX_BASIC,복소수의 뜻과 표현,category_or_cue_inferred,complete_category,객관식,grid,false,복소수|분모실수화|허수단위|거듭제곱|다항식값|계산|객관식,460361fc8c737bb83c4755c0a72c9bf0d57c4e56e3f48950de8481fd42da8408,f71bed594864f25ff1064585e97cb095934f8a2f417f656d380774e93ecfaf50,b15be6cb71072b84f7e1e198ce023fc5bb8b1e625335904ddcf3cffcd8b7312b,3f3aa691400d0f40172cfb958838a84d2932f1e45e9cbc93415823b8159c5048,,,,,0,LOADED_VM,,NOT_STARTED,NOT_STARTED,NOT_STARTED,SVG_REQUIRED_MISSING,SVG_REQUIRED_MISSING,TABLE_OR_MATRIX_STRUCTURE,,VISUAL_CANDIDATE,NO_PROBLEM_VISUAL,SCHEMATIC_OR_REVIEW,NONE,NOT_STARTED,,,,NOT_STARTED,NOT_STARTED,NOT_STARTED,NOT_TESTED,PASS,canonical_and_compiled_master_match,INVENTORY_PENDING,01_scope_inventory.csv#archive/exams/original/high/h1/1mid/25_강남여고_1학기_중간_고1_기출.js|25_강남여고_1학기_중간_고1_기출|9,,INDEX_RECORD_PRESENT,original/high/h1/1mid/25_강남여고_1학기_중간_고1_기출.js_9,f2bb572862a82daf05bda742cfe2d7f30b7f7e79e39179fdb1daf312c75d09e7,true,③,IN_SCOPE_FORWARD,,,CLOSED_NO_SHARED_ASSET
archive/exams/original/high/h1/1mid/25_강남여고_1학기_중간_고1_기출.js|25_강남여고_1학기_중간_고1_기출|22,archive/exams/original/high/h1/1mid/25_강남여고_1학기_중간_고1_기출.js,25_강남여고_1학기_중간_고1_기출,22,22,22,2015,수학(상),H15-SA-04,복소수,4,H15-SA-04-COMPLEX_BASIC,복소수의 뜻과 표현,category_or_cue_inferred,complete_category,단답형,grid,false,복소수|실수조건|순허수조건|실수부분|허수부분|매개변수|서술형,f53a7ba3eb3c1a14a84a5a8c7e7e30b20f9d286f35da8b5cdbb420d1aab14a11,4f53cda18c2baa0c0354bb5f9a3ecbe5ed12ab4d8e11ba873c2f11161202b945,391552c099c101b131feaf24c5795a6a15bc8ec82015424e0d2b4274a369a0bf,9df6fcc0a90ffd9aa71c7bda74a52791b5f85acd72fafebf817ca5b3bd3757e9,,,,,0,LOADED_VM,,NOT_STARTED,NOT_STARTED,NOT_STARTED,SVG_REQUIRED_MISSING,SVG_REQUIRED_MISSING,TABLE_OR_MATRIX_STRUCTURE,,VISUAL_CANDIDATE,NO_PROBLEM_VISUAL,SCHEMATIC_OR_REVIEW,NONE,NOT_STARTED,,,,NOT_STARTED,NOT_STARTED,NOT_STARTED,NOT_TESTED,PASS,canonical_and_compiled_master_match,INVENTORY_PENDING,01_scope_inventory.csv#archive/exams/original/high/h1/1mid/25_강남여고_1학기_중간_고1_기출.js|25_강남여고_1학기_중간_고1_기출|22,,INDEX_RECORD_PRESENT,original/high/h1/1mid/25_강남여고_1학기_중간_고1_기출.js_22,f2bb572862a82daf05bda742cfe2d7f30b7f7e79e39179fdb1daf312c75d09e7,true,1,IN_SCOPE_FORWARD,,,CLOSED_NO_SHARED_ASSET
archive/exams/original/high/h1/1mid/25_금당고_1학기_중간_고1_기출.js|25_금당고_1학기_중간_고1_기출|1,archive/exams/original/high/h1/1mid/25_금당고_1학기_중간_고1_기출.js,25_금당고_1학기_중간_고1_기출,1,1,1,2015,수학(상),H15-SA-04,복소수,4,H15-SA-04-COMPLEX_OPERATION,복소수의 계산,category_or_cue_inferred,complete_category,객관식,grid,false,객관식|분모유리화|전개|복소수|켤레복소수|계산|개념,19393a5a2b8d76168ffcbe8b3645021743afe2e1401e464c83ad79e186ccbd97,678c2ea269dc1345a360599621c0d739a9bc4d346620400ffef4cbe70a946b7d,973d2fd2f97e26a666f403b12da6d87e527985b36bcf4ff0a47c7e7e8c36321a,f47d92fddb3129192409497329d0a7349eb515576396422d1e574cf1f7b32c77,,,,,0,LOADED_VM,,NOT_STARTED,NOT_STARTED,NOT_STARTED,SVG_OPTIONAL,SVG_OPTIONAL,,,NONE,NO_PROBLEM_VISUAL,N/A,NONE,NOT_STARTED,,,,NOT_STARTED,NOT_STARTED,NOT_STARTED,NOT_TESTED,PASS,canonical_and_compiled_master_match,INVENTORY_PENDING,01_scope_inventory.csv#archive/exams/original/high/h1/1mid/25_금당고_1학기_중간_고1_기출.js|25_금당고_1학기_중간_고1_기출|1,,INDEX_RECORD_PRESENT,original/high/h1/1mid/25_금당고_1학기_중간_고1_기출.js_1,9187f01806b1df9b1eaf48c9be6214f4add38e9a15cb88e47a9387749ea8041b,true,①,IN_SCOPE_FORWARD,,,CLOSED_NO_SHARED_ASSET
archive/exams/original/high/h1/1mid/25_금당고_1학기_중간_고1_기출.js|25_금당고_1학기_중간_고1_기출|4,archive/exams/original/high/h1/1mid/25_금당고_1학기_중간_고1_기출.js,25_금당고_1학기_중간_고1_기출,4,4,4,2015,수학(상),H15-SA-04,복소수,4,H15-SA-04-COMPLEX_BASIC,복소수의 뜻과 표현,category_or_cue_inferred,complete_category,객관식,grid,false,객관식|전개|복소수|계산|조건해석,7d44997b7a00a4059e7baa27873b263f4606a5db8c6c988ebf76306d18a91113,b5325b18697dc822b428c39c145c2db4e0ecd0a19f9274f7b4b5d3bec1bc6cbc,d41ea6521f53fb3dfa10cf72e2932f4405d9c999fa422cdc840d25d57e90dd34,9bf3e5f54cad5bfb79a80a1dd85317971aadb0b9b87a9cd33459e002cadc1720,,,,,0,LOADED_VM,,NOT_STARTED,NOT_STARTED,NOT_STARTED,SVG_REQUIRED_MISSING,SVG_REQUIRED_MISSING,TABLE_OR_MATRIX_STRUCTURE,,VISUAL_CANDIDATE,NO_PROBLEM_VISUAL,SCHEMATIC_OR_REVIEW,NONE,NOT_STARTED,,,,NOT_STARTED,NOT_STARTED,NOT_STARTED,NOT_TESTED,PASS,canonical_and_compiled_master_match,INVENTORY_PENDING,01_scope_inventory.csv#archive/exams/original/high/h1/1mid/25_금당고_1학기_중간_고1_기출.js|25_금당고_1학기_중간_고1_기출|4,,INDEX_RECORD_PRESENT,original/high/h1/1mid/25_금당고_1학기_중간_고1_기출.js_4,9187f01806b1df9b1eaf48c9be6214f4add38e9a15cb88e47a9387749ea8041b,true,④,IN_SCOPE_FORWARD,,,CLOSED_NO_SHARED_ASSET
archive/exams/original/high/h1/1mid/25_금당고_1학기_중간_고1_기출.js|25_금당고_1학기_중간_고1_기출|10,archive/exams/original/high/h1/1mid/25_금당고_1학기_중간_고1_기출.js,25_금당고_1학기_중간_고1_기출,10,10,10,2015,수학(상),H15-SA-04,복소수,4,H15-SA-04-COMPLEX_OPERATION,복소수의 계산,rule_inferred,complete_rule,객관식,grid,false,객관식|분모유리화|전개|복소수|켤레복소수|표해석|조건해석|계산,68ecc7df2263dd6f8dc6c3d9393496e60050d840a30bce72d49014541287a536,b5c920904257d5b85ba91645155f2ee46b228a75547bb9399b87d17cecabda18,0bdef091c479702584f065d3a3714f8a76f851b3f0cf10912f345a5dd930b0a8,df70847485fc6c46636922732982ef1f302509658eb0417280ffced5a440017c,,,,,1,LOADED_VM,,NOT_STARTED,NOT_STARTED,NOT_STARTED,SOURCE_REVIEW,SOURCE_REVIEW,TABLE_OR_MATRIX_STRUCTURE,,SVG,NO_PROBLEM_VISUAL,SCHEMATIC_OR_REVIEW,INLINE_SVG,NOT_STARTED,,,,NOT_STARTED,NOT_STARTED,NOT_STARTED,NOT_TESTED,PASS,canonical_and_compiled_master_match,INVENTORY_PENDING,01_scope_inventory.csv#archive/exams/original/high/h1/1mid/25_금당고_1학기_중간_고1_기출.js|25_금당고_1학기_중간_고1_기출|10,,INDEX_RECORD_PRESENT,original/high/h1/1mid/25_금당고_1학기_중간_고1_기출.js_10,9187f01806b1df9b1eaf48c9be6214f4add38e9a15cb88e47a9387749ea8041b,true,⑤,IN_SCOPE_FORWARD,,,CLOSED_NO_SHARED_ASSET
archive/exams/original/high/h1/1mid/25_금당고_1학기_중간_고1_기출.js|25_금당고_1학기_중간_고1_기출|13,archive/exams/original/high/h1/1mid/25_금당고_1학기_중간_고1_기출.js,25_금당고_1학기_중간_고1_기출,13,13,13,2015,수학(상),H15-SA-04,복소수,4,H15-SA-04-COMPLEX_BASIC,복소수의 뜻과 표현,category_or_cue_inferred,complete_category,객관식,grid,false,객관식|전개|복소수|지수|개수세기|조건해석|계산,8e6b29b58c70574b43a3bbecbf8d5111b47298c5690536c3ed325fd2b99e8843,15cd8333779b73d185e0414856ee9954927997ee81abfa6ef25ce8623fae9aa2,dfde05a3668030e99ca64d8d4ae5f6b64c7a87cee61c0ba43904b92ef210191d,d10a131324983f270760fe76ca88094a9ac5a657b6970165854b3e868b6b7704,,,,,0,LOADED_VM,,NOT_STARTED,NOT_STARTED,NOT_STARTED,SVG_REQUIRED_MISSING,SVG_REQUIRED_MISSING,TABLE_OR_MATRIX_STRUCTURE,,VISUAL_CANDIDATE,NO_PROBLEM_VISUAL,SCHEMATIC_OR_REVIEW,NONE,NOT_STARTED,,,,NOT_STARTED,NOT_STARTED,NOT_STARTED,NOT_TESTED,PASS,canonical_and_compiled_master_match,INVENTORY_PENDING,01_scope_inventory.csv#archive/exams/original/high/h1/1mid/25_금당고_1학기_중간_고1_기출.js|25_금당고_1학기_중간_고1_기출|13,,INDEX_RECORD_PRESENT,original/high/h1/1mid/25_금당고_1학기_중간_고1_기출.js_13,9187f01806b1df9b1eaf48c9be6214f4add38e9a15cb88e47a9387749ea8041b,true,②,IN_SCOPE_FORWARD,,,CLOSED_NO_SHARED_ASSET
archive/exams/original/high/h1/1mid/25_금당고_1학기_중간_고1_기출.js|25_금당고_1학기_중간_고1_기출|18,archive/exams/original/high/h1/1mid/25_금당고_1학기_중간_고1_기출.js,25_금당고_1학기_중간_고1_기출,18,18,18,2015,수학(상),H15-SA-04,복소수,4,H15-SA-04-COMPLEX_BASIC,복소수의 뜻과 표현,category_or_cue_inferred,complete_category,객관식,grid,false,객관식|제곱근|근호|전개|복소수|최대최소|지수|자연수조건,fe34cda11ced4b68706e570232f41ec4555f0d082819b9a1b88c9c1d582276cb,4eb75e9923a463f81b4f8892565dc55970611de0ab6858c41a8d9184a976af24,b15be6cb71072b84f7e1e198ce023fc5bb8b1e625335904ddcf3cffcd8b7312b,4acb152e580b22102973686dd458a04055d16c8dd94ded7d3295636447208224,,,,,0,LOADED_VM,,NOT_STARTED,NOT_STARTED,NOT_STARTED,SVG_REQUIRED_MISSING,SVG_REQUIRED_MISSING,TABLE_OR_MATRIX_STRUCTURE,,VISUAL_CANDIDATE,NO_PROBLEM_VISUAL,SCHEMATIC_OR_REVIEW,NONE,NOT_STARTED,,,,NOT_STARTED,NOT_STARTED,NOT_STARTED,NOT_TESTED,PASS,canonical_and_compiled_master_match,INVENTORY_PENDING,01_scope_inventory.csv#archive/exams/original/high/h1/1mid/25_금당고_1학기_중간_고1_기출.js|25_금당고_1학기_중간_고1_기출|18,,INDEX_RECORD_PRESENT,original/high/h1/1mid/25_금당고_1학기_중간_고1_기출.js_18,9187f01806b1df9b1eaf48c9be6214f4add38e9a15cb88e47a9387749ea8041b,true,③,IN_SCOPE_FORWARD,,,CLOSED_NO_SHARED_ASSET
archive/exams/original/high/h1/1mid/25_매산고_1학기_중간_고1_기출.js|25_매산고_1학기_중간_고1_기출|3,archive/exams/original/high/h1/1mid/25_매산고_1학기_중간_고1_기출.js,25_매산고_1학기_중간_고1_기출,3,3,3,2022,공통수학1,H22-C-04,복소수와 이차방정식,4,H22-C-04-COMPLEX_OPERATION,복소수의 계산,rule_inferred,complete_rule,객관식,grid,false,객관식|제곱근|근호|분모유리화|복소수|켤레복소수|조건해석|계산,344427cf9d956666e7b7dda13769afa2989ce6cd6cd77d1d7ae5602be67327ad,b142fed6d755074188ebb5438d0c053a79e8b5b430ddaf0958fab119b073144d,973d2fd2f97e26a666f403b12da6d87e527985b36bcf4ff0a47c7e7e8c36321a,ad06e7153d3b3a4a50c4d71bd7dba6c96545364c676d8e035f36651c7a26e870,,,,,0,LOADED_VM,,NOT_STARTED,NOT_STARTED,NOT_STARTED,SVG_OPTIONAL,SVG_OPTIONAL,,,NONE,NO_PROBLEM_VISUAL,N/A,NONE,NOT_STARTED,,,,NOT_STARTED,NOT_STARTED,NOT_STARTED,NOT_TESTED,PASS,canonical_and_compiled_master_match,INVENTORY_PENDING,01_scope_inventory.csv#archive/exams/original/high/h1/1mid/25_매산고_1학기_중간_고1_기출.js|25_매산고_1학기_중간_고1_기출|3,,INDEX_RECORD_PRESENT,original/high/h1/1mid/25_매산고_1학기_중간_고1_기출.js_3,86ff149b9ffeee4b740e8859ed991ae739b2a6a21b32d81378aa63032dcd0a62,true,①,IN_SCOPE_FORWARD,,,CLOSED_NO_SHARED_ASSET
archive/exams/original/high/h1/1mid/25_매산고_1학기_중간_고1_기출.js|25_매산고_1학기_중간_고1_기출|6,archive/exams/original/high/h1/1mid/25_매산고_1학기_중간_고1_기출.js,25_매산고_1학기_중간_고1_기출,6,6,6,2022,공통수학1,H22-C-04,복소수와 이차방정식,4,H22-C-04-COMPLEX_BASIC,복소수의 뜻과 표현,category_or_cue_inferred,complete_category,객관식,grid,false,객관식|제곱근|근호|복소수|대입|조건해석|계산|개념,90c3e1a5503ff2b4d8370a1f4f7b127e833687ae16eb55f3509849d4ebf6d6c2,fc2664f18aa98bd6b10f2aa8dff78043382f94873e482469daef1250f7a7dc35,b15be6cb71072b84f7e1e198ce023fc5bb8b1e625335904ddcf3cffcd8b7312b,e1163568eb9041dd27d8f49db927d58cf3467774d728c724d554969475a2f9be,,,,,0,LOADED_VM,,NOT_STARTED,NOT_STARTED,NOT_STARTED,SVG_REQUIRED_MISSING,SVG_REQUIRED_MISSING,TABLE_OR_MATRIX_STRUCTURE,,VISUAL_CANDIDATE,NO_PROBLEM_VISUAL,SCHEMATIC_OR_REVIEW,NONE,NOT_STARTED,,,,NOT_STARTED,NOT_STARTED,NOT_STARTED,NOT_TESTED,PASS,canonical_and_compiled_master_match,INVENTORY_PENDING,01_scope_inventory.csv#archive/exams/original/high/h1/1mid/25_매산고_1학기_중간_고1_기출.js|25_매산고_1학기_중간_고1_기출|6,,INDEX_RECORD_PRESENT,original/high/h1/1mid/25_매산고_1학기_중간_고1_기출.js_6,86ff149b9ffeee4b740e8859ed991ae739b2a6a21b32d81378aa63032dcd0a62,true,③,IN_SCOPE_FORWARD,,,CLOSED_NO_SHARED_ASSET
archive/exams/original/high/h1/1mid/25_매산고_1학기_중간_고1_기출.js|25_매산고_1학기_중간_고1_기출|13,archive/exams/original/high/h1/1mid/25_매산고_1학기_중간_고1_기출.js,25_매산고_1학기_중간_고1_기출,13,13,13,2022,공통수학1,H22-C-04,복소수와 이차방정식,4,H22-C-04-COMPLEX_OPERATION,복소수의 계산,category_or_cue_inferred,complete_category,객관식,grid,false,객관식|분모유리화|계수비교|복소수|켤레복소수|이차방정식|근과계수|지수,5f393575c73d0563c717eed1e335243d3d43c04f82c23d258a6e5624f65f1811,795cfd58741e8d6653064f4b6397fd24636879021c41dda8dfaed61f6b6f63b9,b15be6cb71072b84f7e1e198ce023fc5bb8b1e625335904ddcf3cffcd8b7312b,f66d72cb7536174c2c7d1dc1a1c877bcd5f12c76a9d14cac802e2ece68b418f2,,,,,0,LOADED_VM,,NOT_STARTED,NOT_STARTED,NOT_STARTED,SVG_OPTIONAL,SVG_OPTIONAL,,,NONE,NO_PROBLEM_VISUAL,N/A,NONE,NOT_STARTED,,,,NOT_STARTED,NOT_STARTED,NOT_STARTED,NOT_TESTED,PASS,canonical_and_compiled_master_match,INVENTORY_PENDING,01_scope_inventory.csv#archive/exams/original/high/h1/1mid/25_매산고_1학기_중간_고1_기출.js|25_매산고_1학기_중간_고1_기출|13,,INDEX_RECORD_PRESENT,original/high/h1/1mid/25_매산고_1학기_중간_고1_기출.js_13,86ff149b9ffeee4b740e8859ed991ae739b2a6a21b32d81378aa63032dcd0a62,true,③,IN_SCOPE_FORWARD,,,CLOSED_NO_SHARED_ASSET
archive/exams/original/high/h1/1mid/25_매산고_1학기_중간_고1_기출.js|25_매산고_1학기_중간_고1_기출|19,archive/exams/original/high/h1/1mid/25_매산고_1학기_중간_고1_기출.js,25_매산고_1학기_중간_고1_기출,19,19,19,2022,공통수학1,H22-C-04,복소수와 이차방정식,4,H22-C-04-COMPLEX_ROOT,복소수와 이차방정식,category_or_cue_inferred,complete_category,서술형,grid,false,서술형|제곱근|근호|항등식|인수분해|계수비교|복소수|이차방정식,6ae85811791a3eae37af96de8e1bdc876fca8685372e4c69de489d8e760cbfa8,4f53cda18c2baa0c0354bb5f9a3ecbe5ed12ab4d8e11ba873c2f11161202b945,a3046d25239a8f08a2c71e85aabbafdd4c341243a56b89cc8a51c6b3b32bf5c0,3cfce88bf01131bdca93ac4884c1b34c90b2f55af700f800723785d5a876d5e8,,,,,0,LOADED_VM,,NOT_STARTED,NOT_STARTED,NOT_STARTED,SVG_OPTIONAL,SVG_OPTIONAL,,,NONE,NO_PROBLEM_VISUAL,N/A,NONE,NOT_STARTED,,,,NOT_STARTED,NOT_STARTED,NOT_STARTED,NOT_TESTED,PASS,canonical_and_compiled_master_match,INVENTORY_PENDING,01_scope_inventory.csv#archive/exams/original/high/h1/1mid/25_매산고_1학기_중간_고1_기출.js|25_매산고_1학기_중간_고1_기출|19,,INDEX_RECORD_PRESENT,original/high/h1/1mid/25_매산고_1학기_중간_고1_기출.js_19,86ff149b9ffeee4b740e8859ed991ae739b2a6a21b32d81378aa63032dcd0a62,true,"$ \alpha, \beta = \frac{-1 \pm \sqrt{3}i}{2} $, 값은 $ 0 $",IN_SCOPE_FORWARD,,,CLOSED_NO_SHARED_ASSET
archive/exams/original/high/h1/1mid/25_순천여고_1학기_중간_고1_기출.js|25_순천여고_1학기_중간_고1_기출|11,archive/exams/original/high/h1/1mid/25_순천여고_1학기_중간_고1_기출.js,25_순천여고_1학기_중간_고1_기출,11,11,11,2022,공통수학1,H22-C-04,복소수와 이차방정식,4,H22-C-04-COMPLEX_BASIC,복소수의 뜻과 표현,category_or_cue_inferred,complete_category,객관식,grid,false,객관식|분모유리화|계수비교|복소수|이차방정식|지수|조건해석|계산,a8638e057ccef1b149c2d554cf7424e2a8512a1afbd69136bd08d750c251ebf2,cc4f1f7fd21459ce5bcba92f00d0a8b9ba878a01dfdf0687db03ec9b942c35db,b15be6cb71072b84f7e1e198ce023fc5bb8b1e625335904ddcf3cffcd8b7312b,37cc8885e8192a5aad69664e577cbeefefe6e85627244af1fd8d2434dc1acbf6,,,,,0,LOADED_VM,,NOT_STARTED,NOT_STARTED,NOT_STARTED,SVG_REQUIRED_MISSING,SVG_REQUIRED_MISSING,TABLE_OR_MATRIX_STRUCTURE,,VISUAL_CANDIDATE,NO_PROBLEM_VISUAL,SCHEMATIC_OR_REVIEW,NONE,NOT_STARTED,,,,NOT_STARTED,NOT_STARTED,NOT_STARTED,NOT_TESTED,PASS,canonical_and_compiled_master_match,INVENTORY_PENDING,01_scope_inventory.csv#archive/exams/original/high/h1/1mid/25_순천여고_1학기_중간_고1_기출.js|25_순천여고_1학기_중간_고1_기출|11,,INDEX_RECORD_PRESENT,original/high/h1/1mid/25_순천여고_1학기_중간_고1_기출.js_11,57d4f5a78ffcfaf97e3c4240879dfa0375ff581d3afc7c93194f125574f7ce4c,true,③,IN_SCOPE_FORWARD,,,CLOSED_NO_SHARED_ASSET
archive/exams/original/high/h1/1mid/25_순천여고_1학기_중간_고1_기출.js|25_순천여고_1학기_중간_고1_기출|12,archive/exams/original/high/h1/1mid/25_순천여고_1학기_중간_고1_기출.js,25_순천여고_1학기_중간_고1_기출,12,12,12,2022,공통수학1,H22-C-04,복소수와 이차방정식,4,H22-C-04-COMPLEX_OPERATION,복소수의 계산,rule_inferred,complete_rule,객관식,grid,false,객관식|분모유리화|복소수|켤레복소수|이차방정식|조건해석|계산,e1d84b13c0757286a1677abc58f1c35bf64a0c57cb524ae3e98b145def4138f9,3cc19e370a6671b60f17396fd032ed6593aa1547f8af80d6ab8d949018911b5e,dfde05a3668030e99ca64d8d4ae5f6b64c7a87cee61c0ba43904b92ef210191d,72f1062e6c0106b50b6b4f875cad11ce9beaf94f275a4388a536a18574090bb5,,,,,0,LOADED_VM,,NOT_STARTED,NOT_STARTED,NOT_STARTED,SVG_OPTIONAL,SVG_OPTIONAL,,,NONE,NO_PROBLEM_VISUAL,N/A,NONE,NOT_STARTED,,,,NOT_STARTED,NOT_STARTED,NOT_STARTED,NOT_TESTED,PASS,canonical_and_compiled_master_match,INVENTORY_PENDING,01_scope_inventory.csv#archive/exams/original/high/h1/1mid/25_순천여고_1학기_중간_고1_기출.js|25_순천여고_1학기_중간_고1_기출|12,,INDEX_RECORD_PRESENT,original/high/h1/1mid/25_순천여고_1학기_중간_고1_기출.js_12,57d4f5a78ffcfaf97e3c4240879dfa0375ff581d3afc7c93194f125574f7ce4c,true,②,IN_SCOPE_FORWARD,,,CLOSED_NO_SHARED_ASSET
archive/exams/original/high/h1/1mid/25_제일고_1학기_중간_고1_기출.js|25_제일고_1학기_중간_고1_기출|9,archive/exams/original/high/h1/1mid/25_제일고_1학기_중간_고1_기출.js,25_제일고_1학기_중간_고1_기출,9,9,9,2022,공통수학1,H22-C-04,복소수와 이차방정식,4,H22-C-04-COMPLEX_ROOT,복소수와 이차방정식,category_or_cue_inferred,complete_category,객관식,grid,false,객관식|계수비교|복소수|판별식|범위|대입|조건해석|계산,a465e66761ca09c1b65af9dc1cf4db6244a744198f58263af77ee37d706274fb,3cc19e370a6671b60f17396fd032ed6593aa1547f8af80d6ab8d949018911b5e,973d2fd2f97e26a666f403b12da6d87e527985b36bcf4ff0a47c7e7e8c36321a,3b5e226094b0c0bf323e50e199ef96e01db53525e1e09f7ac6b7b60397318b4b,,,,,0,LOADED_VM,,NOT_STARTED,NOT_STARTED,NOT_STARTED,SVG_OPTIONAL,SVG_OPTIONAL,,,NONE,NO_PROBLEM_VISUAL,N/A,NONE,NOT_STARTED,,,,NOT_STARTED,NOT_STARTED,NOT_STARTED,NOT_TESTED,PASS,canonical_and_compiled_master_match,INVENTORY_PENDING,01_scope_inventory.csv#archive/exams/original/high/h1/1mid/25_제일고_1학기_중간_고1_기출.js|25_제일고_1학기_중간_고1_기출|9,,INDEX_RECORD_PRESENT,original/high/h1/1mid/25_제일고_1학기_중간_고1_기출.js_9,6a4782d5f17276e615d55ae92b2e3d113b9f44b0589d40a936c057db2ab524d4,true,①,IN_SCOPE_FORWARD,,,CLOSED_NO_SHARED_ASSET
archive/exams/original/high/h1/1mid/25_제일고_1학기_중간_고1_기출.js|25_제일고_1학기_중간_고1_기출|10,archive/exams/original/high/h1/1mid/25_제일고_1학기_중간_고1_기출.js,25_제일고_1학기_중간_고1_기출,10,10,10,2022,공통수학1,H22-C-04,복소수와 이차방정식,4,H22-C-04-COMPLEX_BASIC,복소수의 뜻과 표현,category_or_cue_inferred,complete_category,객관식,grid,false,객관식|계수비교|복소수|참거짓|조건해석|개념,00fed4bc8a13cec7c4bc13d0ac2eabd99d684a8d11fca0f6a367cec528e8ee9e,4d99b2f329c024c979e77806e9d4e8dcfe33b86444e71ae33648a2a464eec675,b15be6cb71072b84f7e1e198ce023fc5bb8b1e625335904ddcf3cffcd8b7312b,fd4a1365a61f219da1f5e9ed4fea505aa2166d3b872c18d38d206e308600462f,,,,,0,LOADED_VM,,NOT_STARTED,NOT_STARTED,NOT_STARTED,SVG_REQUIRED_MISSING,SVG_REQUIRED_MISSING,TABLE_OR_MATRIX_STRUCTURE,,VISUAL_CANDIDATE,NO_PROBLEM_VISUAL,SCHEMATIC_OR_REVIEW,NONE,NOT_STARTED,,,,NOT_STARTED,NOT_STARTED,NOT_STARTED,NOT_TESTED,PASS,canonical_and_compiled_master_match,INVENTORY_PENDING,01_scope_inventory.csv#archive/exams/original/high/h1/1mid/25_제일고_1학기_중간_고1_기출.js|25_제일고_1학기_중간_고1_기출|10,,INDEX_RECORD_PRESENT,original/high/h1/1mid/25_제일고_1학기_중간_고1_기출.js_10,6a4782d5f17276e615d55ae92b2e3d113b9f44b0589d40a936c057db2ab524d4,true,③,IN_SCOPE_FORWARD,,,CLOSED_NO_SHARED_ASSET
archive/exams/original/high/h1/1mid/25_제일고_1학기_중간_고1_기출.js|25_제일고_1학기_중간_고1_기출|11,archive/exams/original/high/h1/1mid/25_제일고_1학기_중간_고1_기출.js,25_제일고_1학기_중간_고1_기출,11,11,11,2022,공통수학1,H22-C-04,복소수와 이차방정식,4,H22-C-04-COMPLEX_BASIC,복소수의 뜻과 표현,category_or_cue_inferred,complete_category,객관식,grid,false,객관식|제곱근|근호|전개|계수비교|복소수|조건해석|계산,d50339dbe8497b06e9b52ea461a28e46097d04b42da5dbbec3f96ac9629e4e89,cc4f1f7fd21459ce5bcba92f00d0a8b9ba878a01dfdf0687db03ec9b942c35db,0bdef091c479702584f065d3a3714f8a76f851b3f0cf10912f345a5dd930b0a8,47fe2cc003bca7e56aeb2924c55343e28ccfd16ce07a968ccdfb1b99cbcff84d,,,,,0,LOADED_VM,,NOT_STARTED,NOT_STARTED,NOT_STARTED,SVG_REQUIRED_MISSING,SVG_REQUIRED_MISSING,TABLE_OR_MATRIX_STRUCTURE,,VISUAL_CANDIDATE,NO_PROBLEM_VISUAL,SCHEMATIC_OR_REVIEW,NONE,NOT_STARTED,,,,NOT_STARTED,NOT_STARTED,NOT_STARTED,NOT_TESTED,PASS,canonical_and_compiled_master_match,INVENTORY_PENDING,01_scope_inventory.csv#archive/exams/original/high/h1/1mid/25_제일고_1학기_중간_고1_기출.js|25_제일고_1학기_중간_고1_기출|11,,INDEX_RECORD_PRESENT,original/high/h1/1mid/25_제일고_1학기_중간_고1_기출.js_11,6a4782d5f17276e615d55ae92b2e3d113b9f44b0589d40a936c057db2ab524d4,true,⑤,IN_SCOPE_FORWARD,,,CLOSED_NO_SHARED_ASSET
archive/exams/original/high/h1/1mid/25_제일고_1학기_중간_고1_기출.js|25_제일고_1학기_중간_고1_기출|12,archive/exams/original/high/h1/1mid/25_제일고_1학기_중간_고1_기출.js,25_제일고_1학기_중간_고1_기출,12,12,12,2022,공통수학1,H22-C-04,복소수와 이차방정식,4,H22-C-04-COMPLEX_BASIC,복소수의 뜻과 표현,category_or_cue_inferred,complete_category,객관식,grid,false,객관식|제곱근|근호|복소수|부등식|정수조건|범위|개수세기,1663c610638744e48526c67c36f9f6f5fb4274d47adfc512d808c2b733bd6701,c8cb7a3252bcd8b6450899f3da09f1f91649e04584a833aa1d645ecfebd2f9ad,d41ea6521f53fb3dfa10cf72e2932f4405d9c999fa422cdc840d25d57e90dd34,a8b7ff68e69ed80fa6a1ca5ec58d51c090b1aa73b3d47d52d037bdc105e2e658,,,,,0,LOADED_VM,,NOT_STARTED,NOT_STARTED,NOT_STARTED,SVG_REQUIRED_MISSING,SVG_REQUIRED_MISSING,TABLE_OR_MATRIX_STRUCTURE,,VISUAL_CANDIDATE,NO_PROBLEM_VISUAL,SCHEMATIC_OR_REVIEW,NONE,NOT_STARTED,,,,NOT_STARTED,NOT_STARTED,NOT_STARTED,NOT_TESTED,PASS,canonical_and_compiled_master_match,INVENTORY_PENDING,01_scope_inventory.csv#archive/exams/original/high/h1/1mid/25_제일고_1학기_중간_고1_기출.js|25_제일고_1학기_중간_고1_기출|12,,INDEX_RECORD_PRESENT,original/high/h1/1mid/25_제일고_1학기_중간_고1_기출.js_12,6a4782d5f17276e615d55ae92b2e3d113b9f44b0589d40a936c057db2ab524d4,true,④,IN_SCOPE_FORWARD,,,CLOSED_NO_SHARED_ASSET
archive/exams/original/high/h1/1mid/25_제일고_1학기_중간_고1_기출.js|25_제일고_1학기_중간_고1_기출|15,archive/exams/original/high/h1/1mid/25_제일고_1학기_중간_고1_기출.js,25_제일고_1학기_중간_고1_기출,15,15,15,2022,공통수학1,H22-C-04,복소수와 이차방정식,4,H22-C-04-COMPLEX_OPERATION,복소수의 계산,category_or_cue_inferred,complete_category,객관식,grid,false,객관식|복소수|지수|조건해석|계산,46bb3e8a05aba0838ecb913a9a528945353f4e773531fc569e682abdfbbc8135,3a133007d251d5bf342472d4853831490faaf9cb37491a39ef9f06c311c1871e,b15be6cb71072b84f7e1e198ce023fc5bb8b1e625335904ddcf3cffcd8b7312b,d810e4c6d1582356f0cb78355cce4622d3ed83cd39dfcc802151d6cd9a20cc62,,,,,0,LOADED_VM,,NOT_STARTED,NOT_STARTED,NOT_STARTED,SVG_OPTIONAL,SVG_OPTIONAL,,,NONE,NO_PROBLEM_VISUAL,N/A,NONE,NOT_STARTED,,,,NOT_STARTED,NOT_STARTED,NOT_STARTED,NOT_TESTED,PASS,canonical_and_compiled_master_match,INVENTORY_PENDING,01_scope_inventory.csv#archive/exams/original/high/h1/1mid/25_제일고_1학기_중간_고1_기출.js|25_제일고_1학기_중간_고1_기출|15,,INDEX_RECORD_PRESENT,original/high/h1/1mid/25_제일고_1학기_중간_고1_기출.js_15,6a4782d5f17276e615d55ae92b2e3d113b9f44b0589d40a936c057db2ab524d4,true,③,IN_SCOPE_FORWARD,,,CLOSED_NO_SHARED_ASSET
archive/exams/original/high/h1/1mid/25_제일고_1학기_중간_고1_기출.js|25_제일고_1학기_중간_고1_기출|21,archive/exams/original/high/h1/1mid/25_제일고_1학기_중간_고1_기출.js,25_제일고_1학기_중간_고1_기출,21,21,21,2022,공통수학1,H22-C-04,복소수와 이차방정식,4,H22-C-04-COMPLEX_BASIC,복소수의 뜻과 표현,category_or_cue_inferred,complete_category,서술형,grid,false,서술형|복소수|도형|원|오류판별|조건해석|계산,75cf4fdeb9170d6d8abb7f2fca2a39c73839b39dd6aacba01efaec7f36b90530,4f53cda18c2baa0c0354bb5f9a3ecbe5ed12ab4d8e11ba873c2f11161202b945,d10a4bc9e0c1fa4e8f3d7ce2512b8756e47ca5fa451f373c39a1431bb88db49f,11cac5d5e9fe55f1b69a80c4839249eb8b00a91f8af0e58b17aea6aced9d3202,,,,,0,LOADED_VM,,NOT_STARTED,NOT_STARTED,NOT_STARTED,SVG_REQUIRED_MISSING,SVG_REQUIRED_MISSING,COORDINATE_OR_GEOMETRY_STRUCTURE|TABLE_OR_MATRIX_STRUCTURE,,VISUAL_CANDIDATE,NO_PROBLEM_VISUAL,REVIEW_REQUIRED,NONE,NOT_STARTED,,,,NOT_STARTED,NOT_STARTED,NOT_STARTED,NOT_TESTED,PASS,canonical_and_compiled_master_match,INVENTORY_PENDING,01_scope_inventory.csv#archive/exams/original/high/h1/1mid/25_제일고_1학기_중간_고1_기출.js|25_제일고_1학기_중간_고1_기출|21,,INDEX_RECORD_PRESENT,original/high/h1/1mid/25_제일고_1학기_중간_고1_기출.js_21,6a4782d5f17276e615d55ae92b2e3d113b9f44b0589d40a936c057db2ab524d4,true,5,IN_SCOPE_FORWARD,,,CLOSED_NO_SHARED_ASSET
archive/exams/original/high/h1/1mid/25_팔마고_1학기_중간_고1_기출.js|25_팔마고_1학기_중간_고1_기출|5,archive/exams/original/high/h1/1mid/25_팔마고_1학기_중간_고1_기출.js,25_팔마고_1학기_중간_고1_기출,5,5,5,2022,공통수학1,H22-C-04,복소수와 이차방정식,4,H22-C-04-COMPLEX_BASIC,복소수의 뜻과 표현,category_or_cue_inferred,complete_category,객관식,grid,false,객관식|제곱근|근호|전개|복소수|조건해석|계산|개념,5a177c545c23492893242653d7bf1a0ca2f3978b84bd2a0e5f1d45416e60c2d3,6cb8e0672ed19f8fc2775a91cc7cdabb9f3ac3b112e31631aa7b1dc1f2e26842,d41ea6521f53fb3dfa10cf72e2932f4405d9c999fa422cdc840d25d57e90dd34,e536e79696368c6770db10c70b8efb232b0a9e8508e61d2986580d474783f058,,,,,0,LOADED_VM,,NOT_STARTED,NOT_STARTED,NOT_STARTED,SVG_REQUIRED_MISSING,SVG_REQUIRED_MISSING,TABLE_OR_MATRIX_STRUCTURE,,VISUAL_CANDIDATE,NO_PROBLEM_VISUAL,SCHEMATIC_OR_REVIEW,NONE,NOT_STARTED,,,,NOT_STARTED,NOT_STARTED,NOT_STARTED,NOT_TESTED,PASS,canonical_and_compiled_master_match,INVENTORY_PENDING,01_scope_inventory.csv#archive/exams/original/high/h1/1mid/25_팔마고_1학기_중간_고1_기출.js|25_팔마고_1학기_중간_고1_기출|5,,INDEX_RECORD_PRESENT,original/high/h1/1mid/25_팔마고_1학기_중간_고1_기출.js_5,1680fdaa4cd5b3271cc05e93f129c7c4fd5c27508ac36b0db82dffde3b3897f4,true,④,IN_SCOPE_FORWARD,,,CLOSED_NO_SHARED_ASSET
archive/exams/original/high/h1/1mid/25_팔마고_1학기_중간_고1_기출.js|25_팔마고_1학기_중간_고1_기출|11,archive/exams/original/high/h1/1mid/25_팔마고_1학기_중간_고1_기출.js,25_팔마고_1학기_중간_고1_기출,11,11,11,2022,공통수학1,H22-C-04,복소수와 이차방정식,4,H22-C-04-COMPLEX_OPERATION,복소수의 계산,category_or_cue_inferred,complete_category,객관식,grid,false,객관식|분모유리화|복소수|켤레복소수|판별식|대입|조건해석|계산,c46b4d112afbf1d796a0d490fba25b828fcb92f61522b5922e04d2530b7db28c,e0a2d515b9432b7ce272fe4d09d2234810d327b803650316fda86b74a012a5e6,dfde05a3668030e99ca64d8d4ae5f6b64c7a87cee61c0ba43904b92ef210191d,999c3a13386e34eecf82ed8ef3e2213d02a4de55bb30ae55821e2ef799939b0e,,,,,0,LOADED_VM,,NOT_STARTED,NOT_STARTED,NOT_STARTED,SVG_OPTIONAL,SVG_OPTIONAL,,,NONE,NO_PROBLEM_VISUAL,N/A,NONE,NOT_STARTED,,,,NOT_STARTED,NOT_STARTED,NOT_STARTED,NOT_TESTED,PASS,canonical_and_compiled_master_match,INVENTORY_PENDING,01_scope_inventory.csv#archive/exams/original/high/h1/1mid/25_팔마고_1학기_중간_고1_기출.js|25_팔마고_1학기_중간_고1_기출|11,,INDEX_RECORD_PRESENT,original/high/h1/1mid/25_팔마고_1학기_중간_고1_기출.js_11,1680fdaa4cd5b3271cc05e93f129c7c4fd5c27508ac36b0db82dffde3b3897f4,true,②,IN_SCOPE_FORWARD,,,CLOSED_NO_SHARED_ASSET
archive/exams/original/high/h1/1mid/25_팔마고_1학기_중간_고1_기출.js|25_팔마고_1학기_중간_고1_기출|14,archive/exams/original/high/h1/1mid/25_팔마고_1학기_중간_고1_기출.js,25_팔마고_1학기_중간_고1_기출,14,14,14,2022,공통수학1,H22-C-04,복소수와 이차방정식,4,H22-C-04-COMPLEX_BASIC,복소수의 뜻과 표현,category_or_cue_inferred,complete_category,객관식,grid,false,객관식|제곱근|근호|복소수|지수|범위|조건해석|계산,25d91ee681e908851b32f01694a1c857e588a9b82af03898f97eaf46982a36c4,5975b3baf6883fe3b1f88d2984ea4743e20654959823830138629ac090d88759,dfde05a3668030e99ca64d8d4ae5f6b64c7a87cee61c0ba43904b92ef210191d,9cff0d320fb83fc6fb0b1788781822cafea9874cb50547756ee1c82c468fef06,,,,,0,LOADED_VM,,NOT_STARTED,NOT_STARTED,NOT_STARTED,SVG_REQUIRED_MISSING,SVG_REQUIRED_MISSING,TABLE_OR_MATRIX_STRUCTURE,,VISUAL_CANDIDATE,NO_PROBLEM_VISUAL,SCHEMATIC_OR_REVIEW,NONE,NOT_STARTED,,,,NOT_STARTED,NOT_STARTED,NOT_STARTED,NOT_TESTED,PASS,canonical_and_compiled_master_match,INVENTORY_PENDING,01_scope_inventory.csv#archive/exams/original/high/h1/1mid/25_팔마고_1학기_중간_고1_기출.js|25_팔마고_1학기_중간_고1_기출|14,,INDEX_RECORD_PRESENT,original/high/h1/1mid/25_팔마고_1학기_중간_고1_기출.js_14,1680fdaa4cd5b3271cc05e93f129c7c4fd5c27508ac36b0db82dffde3b3897f4,true,②,IN_SCOPE_FORWARD,,,CLOSED_NO_SHARED_ASSET
archive/exams/original/high/h1/1mid/25_팔마고_1학기_중간_고1_기출.js|25_팔마고_1학기_중간_고1_기출|19,archive/exams/original/high/h1/1mid/25_팔마고_1학기_중간_고1_기출.js,25_팔마고_1학기_중간_고1_기출,19,19,19,2022,공통수학1,H22-C-04,복소수와 이차방정식,4,H22-C-04-COMPLEX_BASIC,복소수의 뜻과 표현,category_or_cue_inferred,complete_category,객관식,grid,false,객관식|제곱근|근호|무리수|유리수|분모유리화|절댓값|복소수,e978363284821401b458e905b9ad8532fde28bdfbd86b88741f056f7063bfe69,4c6c151a82f8b9a636cd3ee8eec8831e3ad2d5238bae77523a37b23c85c1f260,b15be6cb71072b84f7e1e198ce023fc5bb8b1e625335904ddcf3cffcd8b7312b,37db2689aa8330d28f959c88027849247b6ffe504410cfc0b0f6b0f330508ca3,,,,,0,LOADED_VM,,NOT_STARTED,NOT_STARTED,NOT_STARTED,SVG_REQUIRED_MISSING,SVG_REQUIRED_MISSING,TABLE_OR_MATRIX_STRUCTURE,,VISUAL_CANDIDATE,NO_PROBLEM_VISUAL,SCHEMATIC_OR_REVIEW,NONE,NOT_STARTED,,,,NOT_STARTED,NOT_STARTED,NOT_STARTED,NOT_TESTED,PASS,canonical_and_compiled_master_match,INVENTORY_PENDING,01_scope_inventory.csv#archive/exams/original/high/h1/1mid/25_팔마고_1학기_중간_고1_기출.js|25_팔마고_1학기_중간_고1_기출|19,,INDEX_RECORD_PRESENT,original/high/h1/1mid/25_팔마고_1학기_중간_고1_기출.js_19,1680fdaa4cd5b3271cc05e93f129c7c4fd5c27508ac36b0db82dffde3b3897f4,true,③,IN_SCOPE_FORWARD,,,CLOSED_NO_SHARED_ASSET
archive/exams/original/high/h1/1mid/25_효천고_1학기_중간_고1_기출.js|25_효천고_1학기_중간_고1_기출|5,archive/exams/original/high/h1/1mid/25_효천고_1학기_중간_고1_기출.js,25_효천고_1학기_중간_고1_기출,5,5,5,2022,공통수학1,H22-C-04,복소수와 이차방정식,4,H22-C-04-COMPLEX_BASIC,복소수의 뜻과 표현,category_or_cue_inferred,complete_category,객관식,grid,false,객관식|제곱근|근호|복소수|계산,ed143c415f0e2d3f70e6a3ebb0a7bbfc39c3b860a5e356e93a722d9e43b2bc1b,394499c492d81f2bed1dbf6d1da794a8c90b684f97fcbff4877186ea108fc526,d41ea6521f53fb3dfa10cf72e2932f4405d9c999fa422cdc840d25d57e90dd34,49046fbea3bc08f011501d762a14ee883a5b4430c794e7a6edd7719f7d6c1f70,,,,,0,LOADED_VM,,NOT_STARTED,NOT_STARTED,NOT_STARTED,SVG_REQUIRED_MISSING,SVG_REQUIRED_MISSING,TABLE_OR_MATRIX_STRUCTURE,,VISUAL_CANDIDATE,NO_PROBLEM_VISUAL,SCHEMATIC_OR_REVIEW,NONE,NOT_STARTED,,,,NOT_STARTED,NOT_STARTED,NOT_STARTED,NOT_TESTED,PASS,canonical_and_compiled_master_match,INVENTORY_PENDING,01_scope_inventory.csv#archive/exams/original/high/h1/1mid/25_효천고_1학기_중간_고1_기출.js|25_효천고_1학기_중간_고1_기출|5,,INDEX_RECORD_PRESENT,original/high/h1/1mid/25_효천고_1학기_중간_고1_기출.js_5,3d4eeb8dc0cfadaa9d33739205f48d6469d4b4199116342f87e64c8a7cfc0af2,true,④,IN_SCOPE_FORWARD,,,CLOSED_NO_SHARED_ASSET
archive/exams/original/high/h1/1mid/25_효천고_1학기_중간_고1_기출.js|25_효천고_1학기_중간_고1_기출|6,archive/exams/original/high/h1/1mid/25_효천고_1학기_중간_고1_기출.js,25_효천고_1학기_중간_고1_기출,6,6,6,2022,공통수학1,H22-C-04,복소수와 이차방정식,4,H22-C-04-COMPLEX_OPERATION,복소수의 계산,category_or_cue_inferred,complete_category,객관식,grid,false,객관식|제곱근|근호|분모유리화|복소수|켤레복소수|계산,d3dac5798c38ae98d3863d20e5669793c82e057eb2ba34331607e8ca6215e04f,44f75fee707f23567ec33cf00498d43b0240dc7df8eafdd89d5ca80ba1a79374,973d2fd2f97e26a666f403b12da6d87e527985b36bcf4ff0a47c7e7e8c36321a,9f605b44fbb6f1d19db3a196838cecfc71784f200e029704e27edd91f18d3ce4,,,,,0,LOADED_VM,,NOT_STARTED,NOT_STARTED,NOT_STARTED,SVG_OPTIONAL,SVG_OPTIONAL,,,NONE,NO_PROBLEM_VISUAL,N/A,NONE,NOT_STARTED,,,,NOT_STARTED,NOT_STARTED,NOT_STARTED,NOT_TESTED,PASS,canonical_and_compiled_master_match,INVENTORY_PENDING,01_scope_inventory.csv#archive/exams/original/high/h1/1mid/25_효천고_1학기_중간_고1_기출.js|25_효천고_1학기_중간_고1_기출|6,,INDEX_RECORD_PRESENT,original/high/h1/1mid/25_효천고_1학기_중간_고1_기출.js_6,3d4eeb8dc0cfadaa9d33739205f48d6469d4b4199116342f87e64c8a7cfc0af2,true,①,IN_SCOPE_FORWARD,,,CLOSED_NO_SHARED_ASSET
archive/exams/original/high/h1/1mid/25_효천고_1학기_중간_고1_기출.js|25_효천고_1학기_중간_고1_기출|11,archive/exams/original/high/h1/1mid/25_효천고_1학기_중간_고1_기출.js,25_효천고_1학기_중간_고1_기출,11,11,11,2022,공통수학1,H22-C-04,복소수와 이차방정식,4,H22-C-04-COMPLEX_BASIC,복소수의 뜻과 표현,category_or_cue_inferred,complete_category,객관식,grid,false,객관식|제곱근|근호|분모유리화|복소수|조건해석|계산,d54f3d27d5d4d8994e91d81b7332d3edc66806e33c1d4feb24bcbe89792c54cc,5cf7661dfb325ee1592caebc65700c23dfdacc360fd812fdf1dfe5a43059e2a0,0bdef091c479702584f065d3a3714f8a76f851b3f0cf10912f345a5dd930b0a8,c63133d3b6664788f44fc1c1327d17290af8cd2fa4b5d9c85691e0f2365104e4,,,,,0,LOADED_VM,,NOT_STARTED,NOT_STARTED,NOT_STARTED,SVG_REQUIRED_MISSING,SVG_REQUIRED_MISSING,TABLE_OR_MATRIX_STRUCTURE,,VISUAL_CANDIDATE,NO_PROBLEM_VISUAL,SCHEMATIC_OR_REVIEW,NONE,NOT_STARTED,,,,NOT_STARTED,NOT_STARTED,NOT_STARTED,NOT_TESTED,PASS,canonical_and_compiled_master_match,INVENTORY_PENDING,01_scope_inventory.csv#archive/exams/original/high/h1/1mid/25_효천고_1학기_중간_고1_기출.js|25_효천고_1학기_중간_고1_기출|11,,INDEX_RECORD_PRESENT,original/high/h1/1mid/25_효천고_1학기_중간_고1_기출.js_11,3d4eeb8dc0cfadaa9d33739205f48d6469d4b4199116342f87e64c8a7cfc0af2,true,⑤,IN_SCOPE_FORWARD,,,CLOSED_NO_SHARED_ASSET
archive/exams/original/high/h1/1mid/25_효천고_1학기_중간_고1_기출.js|25_효천고_1학기_중간_고1_기출|12,archive/exams/original/high/h1/1mid/25_효천고_1학기_중간_고1_기출.js,25_효천고_1학기_중간_고1_기출,12,12,12,2022,공통수학1,H22-C-04,복소수와 이차방정식,4,H22-C-04-COMPLEX_BASIC,복소수의 뜻과 표현,category_or_cue_inferred,complete_category,객관식,grid,false,객관식|제곱근|근호|복소수|지수|계산,41e851a3aa19213553498c2ddbfe372b62f4248ad4e55323ba45929874c491e3,94f266bdc6f0094a6032d24801c27aacd545b1d291488624d749ff3d66769f9b,dfde05a3668030e99ca64d8d4ae5f6b64c7a87cee61c0ba43904b92ef210191d,231a7946a2f24a33f71f45c26d139b5ed00989da5de087c93682bbcda342d27c,,,,,0,LOADED_VM,,NOT_STARTED,NOT_STARTED,NOT_STARTED,SVG_REQUIRED_MISSING,SVG_REQUIRED_MISSING,TABLE_OR_MATRIX_STRUCTURE,,VISUAL_CANDIDATE,NO_PROBLEM_VISUAL,SCHEMATIC_OR_REVIEW,NONE,NOT_STARTED,,,,NOT_STARTED,NOT_STARTED,NOT_STARTED,NOT_TESTED,PASS,canonical_and_compiled_master_match,INVENTORY_PENDING,01_scope_inventory.csv#archive/exams/original/high/h1/1mid/25_효천고_1학기_중간_고1_기출.js|25_효천고_1학기_중간_고1_기출|12,,INDEX_RECORD_PRESENT,original/high/h1/1mid/25_효천고_1학기_중간_고1_기출.js_12,3d4eeb8dc0cfadaa9d33739205f48d6469d4b4199116342f87e64c8a7cfc0af2,true,②,IN_SCOPE_FORWARD,,,CLOSED_NO_SHARED_ASSET
archive/exams/original/high/h1/1mid/25_효천고_1학기_중간_고1_기출.js|25_효천고_1학기_중간_고1_기출|18,archive/exams/original/high/h1/1mid/25_효천고_1학기_중간_고1_기출.js,25_효천고_1학기_중간_고1_기출,18,18,18,2022,공통수학1,H22-C-04,복소수와 이차방정식,4,H22-C-04-COMPLEX_OPERATION,복소수의 계산,category_or_cue_inferred,complete_category,객관식,grid,false,객관식|제곱근|근호|분모유리화|전개|복소수|켤레복소수|최대최소,65c2d44bf54e9a4ef8ac4aed0ac20ed9a89e17715f908192382f08cf7fb6aeeb,85c1086109fe7a5063b5fec77f7028c5b84927a6efe11c51564837ad14776a45,b15be6cb71072b84f7e1e198ce023fc5bb8b1e625335904ddcf3cffcd8b7312b,179658d7faef4ec20fd9042e71048240288e94f0314b6bbb971315cbc163e8d3,,,,,0,LOADED_VM,,NOT_STARTED,NOT_STARTED,NOT_STARTED,SVG_OPTIONAL,SVG_OPTIONAL,,,NONE,NO_PROBLEM_VISUAL,N/A,NONE,NOT_STARTED,,,,NOT_STARTED,NOT_STARTED,NOT_STARTED,NOT_TESTED,PASS,canonical_and_compiled_master_match,INVENTORY_PENDING,01_scope_inventory.csv#archive/exams/original/high/h1/1mid/25_효천고_1학기_중간_고1_기출.js|25_효천고_1학기_중간_고1_기출|18,,INDEX_RECORD_PRESENT,original/high/h1/1mid/25_효천고_1학기_중간_고1_기출.js_18,3d4eeb8dc0cfadaa9d33739205f48d6469d4b4199116342f87e64c8a7cfc0af2,true,③,IN_SCOPE_FORWARD,,,CLOSED_NO_SHARED_ASSET
archive/exams/original/high/h1/1mid/25_효천고_1학기_중간_고1_기출.js|25_효천고_1학기_중간_고1_기출|22,archive/exams/original/high/h1/1mid/25_효천고_1학기_중간_고1_기출.js,25_효천고_1학기_중간_고1_기출,22,22,22,2022,공통수학1,H22-C-04,복소수와 이차방정식,4,H22-C-04-COMPLEX_BASIC,복소수의 뜻과 표현,category_or_cue_inferred,complete_category,서술형,grid,false,서술형|제곱근|근호|복소수|지수|수열|시그마|범위,080056322ae7e599106c53c8578faf6849aac7bb5be6dcf80e26bf2a1303bb33,4f53cda18c2baa0c0354bb5f9a3ecbe5ed12ab4d8e11ba873c2f11161202b945,3a67671ec56f797a7d13207d2596ac67aa0de65788a8f18b74c934fdad3c5857,6c5f3a84c6fb1adc5aa0e9531fe7814eacab1df96fe9a327dd2f5a609e73d4de,,,,,0,LOADED_VM,,NOT_STARTED,NOT_STARTED,NOT_STARTED,SVG_REQUIRED_MISSING,SVG_REQUIRED_MISSING,TABLE_OR_MATRIX_STRUCTURE,,VISUAL_CANDIDATE,NO_PROBLEM_VISUAL,SCHEMATIC_OR_REVIEW,NONE,NOT_STARTED,,,,NOT_STARTED,NOT_STARTED,NOT_STARTED,NOT_TESTED,PASS,canonical_and_compiled_master_match,INVENTORY_PENDING,01_scope_inventory.csv#archive/exams/original/high/h1/1mid/25_효천고_1학기_중간_고1_기출.js|25_효천고_1학기_중간_고1_기출|22,,INDEX_RECORD_PRESENT,original/high/h1/1mid/25_효천고_1학기_중간_고1_기출.js_22,3d4eeb8dc0cfadaa9d33739205f48d6469d4b4199116342f87e64c8a7cfc0af2,true,$\frac{867\sqrt{3}}{4}$,IN_SCOPE_FORWARD,,,CLOSED_NO_SHARED_ASSET
archive/exams/original/high/h1/1mid/26_금당고_1학기_중간_고1_기출_c.js|26_금당고_1학기_중간_고1_기출_content|4,archive/exams/original/high/h1/1mid/26_금당고_1학기_중간_고1_기출_c.js,26_금당고_1학기_중간_고1_기출_content,4,4,4,2022,공통수학1,H22-C-04,복소수와 이차방정식,4,H22-C-04-COMPLEX_ROOT,복소수와 이차방정식,rule_inferred,complete_rule,객관식,grid,false,객관식|복소수|이차방정식|판별식|계산,c7bcdaff9eefc7d56c488e6b2f093fd7bed38a820950c9eebd28661f0a621a30,5e4c69f7b0021d0587b41c7378bb876ece960de1c664f6964739e587873472f1,b15be6cb71072b84f7e1e198ce023fc5bb8b1e625335904ddcf3cffcd8b7312b,d16d5d9884d57a5ec5c633b755476b3066f3038343214af1f318d95b2e6a7c28,,,,,0,LOADED_VM,,NOT_STARTED,NOT_STARTED,NOT_STARTED,SVG_OPTIONAL,SVG_OPTIONAL,,,NONE,NO_PROBLEM_VISUAL,N/A,NONE,NOT_STARTED,,,,NOT_STARTED,NOT_STARTED,NOT_STARTED,NOT_TESTED,PASS,canonical_and_compiled_master_match,INVENTORY_PENDING,01_scope_inventory.csv#archive/exams/original/high/h1/1mid/26_금당고_1학기_중간_고1_기출_c.js|26_금당고_1학기_중간_고1_기출_content|4,,INDEX_RECORD_PRESENT,original/high/h1/1mid/26_금당고_1학기_중간_고1_기출_c.js_4,0973561a951b0b60537fcc0a597822d0eeb365348d6e2b5c4d11965d27daee51,true,③,IN_SCOPE_FORWARD,,,CLOSED_NO_SHARED_ASSET
archive/exams/original/high/h1/1mid/26_금당고_1학기_중간_고1_기출_c.js|26_금당고_1학기_중간_고1_기출_content|5,archive/exams/original/high/h1/1mid/26_금당고_1학기_중간_고1_기출_c.js,26_금당고_1학기_중간_고1_기출_content,5,5,5,2022,공통수학1,H22-C-04,복소수와 이차방정식,4,H22-C-04-COMPLEX_ROOT,복소수와 이차방정식,category_or_cue_inferred,complete_category,객관식,grid,false,객관식|복소수|이차방정식|계산|조건해석,12b080c9230778c83e0102c52aa2b28d55c3174d8ef414c36e0009532711b3be,3cc19e370a6671b60f17396fd032ed6593aa1547f8af80d6ab8d949018911b5e,dfde05a3668030e99ca64d8d4ae5f6b64c7a87cee61c0ba43904b92ef210191d,65f1d296c15d04259d0b7fba35d5532a30560474fd8858885cdc7c2ac41f8c4e,,,,,0,LOADED_VM,,NOT_STARTED,NOT_STARTED,NOT_STARTED,SVG_REQUIRED_MISSING,SVG_REQUIRED_MISSING,COORDINATE_OR_GEOMETRY_STRUCTURE,,VISUAL_CANDIDATE,NO_PROBLEM_VISUAL,REVIEW_REQUIRED,NONE,NOT_STARTED,,,,NOT_STARTED,NOT_STARTED,NOT_STARTED,NOT_TESTED,PASS,canonical_and_compiled_master_match,INVENTORY_PENDING,01_scope_inventory.csv#archive/exams/original/high/h1/1mid/26_금당고_1학기_중간_고1_기출_c.js|26_금당고_1학기_중간_고1_기출_content|5,,INDEX_RECORD_PRESENT,original/high/h1/1mid/26_금당고_1학기_중간_고1_기출_c.js_5,0973561a951b0b60537fcc0a597822d0eeb365348d6e2b5c4d11965d27daee51,true,②,IN_SCOPE_FORWARD,,,CLOSED_NO_SHARED_ASSET
archive/exams/original/high/h1/1mid/26_금당고_1학기_중간_고1_기출_c.js|26_금당고_1학기_중간_고1_기출_content|8,archive/exams/original/high/h1/1mid/26_금당고_1학기_중간_고1_기출_c.js,26_금당고_1학기_중간_고1_기출_content,8,8,8,2022,공통수학1,H22-C-04,복소수와 이차방정식,4,H22-C-04-COMPLEX_ROOT,복소수와 이차방정식,category_or_cue_inferred,complete_category,객관식,grid,false,객관식|제곱근|근호|복소수|이차방정식|조건해석|계산,b31e47f8009f95dcb4a4242b5173fd2019d82ca7f4496eeb1261b98946d1ae33,3cc19e370a6671b60f17396fd032ed6593aa1547f8af80d6ab8d949018911b5e,b15be6cb71072b84f7e1e198ce023fc5bb8b1e625335904ddcf3cffcd8b7312b,d16d5d9884d57a5ec5c633b755476b3066f3038343214af1f318d95b2e6a7c28,,,,,0,LOADED_VM,,NOT_STARTED,NOT_STARTED,NOT_STARTED,SVG_OPTIONAL,SVG_OPTIONAL,,,NONE,NO_PROBLEM_VISUAL,N/A,NONE,NOT_STARTED,,,,NOT_STARTED,NOT_STARTED,NOT_STARTED,NOT_TESTED,PASS,canonical_and_compiled_master_match,INVENTORY_PENDING,01_scope_inventory.csv#archive/exams/original/high/h1/1mid/26_금당고_1학기_중간_고1_기출_c.js|26_금당고_1학기_중간_고1_기출_content|8,,INDEX_RECORD_PRESENT,original/high/h1/1mid/26_금당고_1학기_중간_고1_기출_c.js_8,0973561a951b0b60537fcc0a597822d0eeb365348d6e2b5c4d11965d27daee51,true,③,IN_SCOPE_FORWARD,,,CLOSED_NO_SHARED_ASSET
archive/exams/original/high/h1/1mid/26_금당고_1학기_중간_고1_기출_c.js|26_금당고_1학기_중간_고1_기출_content|10,archive/exams/original/high/h1/1mid/26_금당고_1학기_중간_고1_기출_c.js,26_금당고_1학기_중간_고1_기출_content,10,10,10,2022,공통수학1,H22-C-04,복소수와 이차방정식,4,H22-C-04-COMPLEX_ROOT,복소수와 이차방정식,category_or_cue_inferred,complete_category,객관식,grid,false,객관식|계수비교|복소수|이차방정식|계산,0f9abdb95f0fa66bcc4010494e88a381f78c5ee5694882894c9d58da2923f16d,299564adf94799476c01e2578220e4e915f3b258de21c40424de8afd5861f859,973d2fd2f97e26a666f403b12da6d87e527985b36bcf4ff0a47c7e7e8c36321a,7dd4c9d55d350688a8c5736383dc72b894f3e1d9e75ea17e1c42bc198012e393,,,,,0,LOADED_VM,,NOT_STARTED,NOT_STARTED,NOT_STARTED,SVG_OPTIONAL,SVG_OPTIONAL,,,NONE,NO_PROBLEM_VISUAL,N/A,NONE,NOT_STARTED,,,,NOT_STARTED,NOT_STARTED,NOT_STARTED,NOT_TESTED,PASS,canonical_and_compiled_master_match,INVENTORY_PENDING,01_scope_inventory.csv#archive/exams/original/high/h1/1mid/26_금당고_1학기_중간_고1_기출_c.js|26_금당고_1학기_중간_고1_기출_content|10,,INDEX_RECORD_PRESENT,original/high/h1/1mid/26_금당고_1학기_중간_고1_기출_c.js_10,0973561a951b0b60537fcc0a597822d0eeb365348d6e2b5c4d11965d27daee51,true,①,IN_SCOPE_FORWARD,,,CLOSED_NO_SHARED_ASSET
archive/exams/original/high/h1/1mid/26_금당고_1학기_중간_고1_기출_c.js|26_금당고_1학기_중간_고1_기출_content|15,archive/exams/original/high/h1/1mid/26_금당고_1학기_중간_고1_기출_c.js,26_금당고_1학기_중간_고1_기출_content,15,15,15,2022,공통수학1,H22-C-04,복소수와 이차방정식,4,H22-C-04-COMPLEX_OPERATION,복소수의 계산,category_or_cue_inferred,complete_category,객관식,grid,false,객관식|제곱근|근호|분모유리화|복소수|켤레복소수|이차방정식|자연수조건,4f1e99956bd162f74e7056fd5dc03eaba5985989e1608f9fd0b8dfe452696e39,d20f323a2fa123cf0c7a9a34bec1a3a0ac8675f0b08aa01bda86d5ba75195f8e,d41ea6521f53fb3dfa10cf72e2932f4405d9c999fa422cdc840d25d57e90dd34,54e85be95610d0a61eaef76adea4fb3d5b1d84986507e65c019a62c1c6c7cb90,,,,,0,LOADED_VM,,NOT_STARTED,NOT_STARTED,NOT_STARTED,SVG_OPTIONAL,SVG_OPTIONAL,,,NONE,NO_PROBLEM_VISUAL,N/A,NONE,NOT_STARTED,,,,NOT_STARTED,NOT_STARTED,NOT_STARTED,NOT_TESTED,PASS,canonical_and_compiled_master_match,INVENTORY_PENDING,01_scope_inventory.csv#archive/exams/original/high/h1/1mid/26_금당고_1학기_중간_고1_기출_c.js|26_금당고_1학기_중간_고1_기출_content|15,,INDEX_RECORD_PRESENT,original/high/h1/1mid/26_금당고_1학기_중간_고1_기출_c.js_15,0973561a951b0b60537fcc0a597822d0eeb365348d6e2b5c4d11965d27daee51,true,④,IN_SCOPE_FORWARD,,,CLOSED_NO_SHARED_ASSET
archive/exams/original/high/h1/1mid/26_매산고_1학기_중간_고1_기출c.js|26_매산고_1학기_중간_고1_기출|8,archive/exams/original/high/h1/1mid/26_매산고_1학기_중간_고1_기출c.js,26_매산고_1학기_중간_고1_기출,8,8,8,2022,공통수학1,H22-C-04,복소수와 이차방정식,4,H22-C-04-COMPLEX_OPERATION,복소수의 계산,category_or_cue_inferred,complete_category,객관식,grid,false,객관식|분모유리화|절댓값|복소수|켤레복소수|이차방정식|범위|참거짓,12e9c3f8e5c28a0a17832300ac3118ff65d9a8d8dba52406ceb20c4376388ebc,e54d8db8191f26aed7363638450ff6473a2e8954c8670271aaa36beac12bc1cb,973d2fd2f97e26a666f403b12da6d87e527985b36bcf4ff0a47c7e7e8c36321a,8ae876f9ff9768095642d6c08f84724f2540b88896aa6979e7b2186bd1ad1fdf,,,,,0,LOADED_VM,,NOT_STARTED,NOT_STARTED,NOT_STARTED,SVG_REQUIRED_MISSING,SVG_REQUIRED_MISSING,SET_OR_LOGIC_STRUCTURE,,VISUAL_CANDIDATE,NO_PROBLEM_VISUAL,SCHEMATIC_OR_REVIEW,NONE,NOT_STARTED,,,,NOT_STARTED,NOT_STARTED,NOT_STARTED,NOT_TESTED,PASS,canonical_and_compiled_master_match,INVENTORY_PENDING,01_scope_inventory.csv#archive/exams/original/high/h1/1mid/26_매산고_1학기_중간_고1_기출c.js|26_매산고_1학기_중간_고1_기출|8,,INDEX_RECORD_PRESENT,original/high/h1/1mid/26_매산고_1학기_중간_고1_기출c.js_8,172df92b148a2490bbe736bb011d0001c94902f2070fce5f903a0bad25bf3b1d,true,①,IN_SCOPE_FORWARD,,,CLOSED_NO_SHARED_ASSET
archive/exams/original/high/h1/1mid/26_매산고_1학기_중간_고1_기출c.js|26_매산고_1학기_중간_고1_기출|9,archive/exams/original/high/h1/1mid/26_매산고_1학기_중간_고1_기출c.js,26_매산고_1학기_중간_고1_기출,9,9,9,2022,공통수학1,H22-C-04,복소수와 이차방정식,4,H22-C-04-COMPLEX_ROOT,복소수와 이차방정식,category_or_cue_inferred,complete_category,객관식,grid,false,객관식|제곱근|근호|복소수|이차방정식|판별식|오류판별|조건해석,479fc5b5018903999eb28c3670a8ade7f3d442db38dfc02d8d1132b898d61623,cbb51efd34b277f98bee5b51e4e93e2ccd28d033c32715f81f8ef790586831ca,b15be6cb71072b84f7e1e198ce023fc5bb8b1e625335904ddcf3cffcd8b7312b,1ad25362f1b6cd3e268c42afed1bf411814b57b82025e11a8910ce276938a27c,,,,,0,LOADED_VM,,NOT_STARTED,NOT_STARTED,NOT_STARTED,SVG_REQUIRED_MISSING,SVG_REQUIRED_MISSING,SET_OR_LOGIC_STRUCTURE,,VISUAL_CANDIDATE,NO_PROBLEM_VISUAL,SCHEMATIC_OR_REVIEW,NONE,NOT_STARTED,,,,NOT_STARTED,NOT_STARTED,NOT_STARTED,NOT_TESTED,PASS,canonical_and_compiled_master_match,INVENTORY_PENDING,01_scope_inventory.csv#archive/exams/original/high/h1/1mid/26_매산고_1학기_중간_고1_기출c.js|26_매산고_1학기_중간_고1_기출|9,,INDEX_RECORD_PRESENT,original/high/h1/1mid/26_매산고_1학기_중간_고1_기출c.js_9,172df92b148a2490bbe736bb011d0001c94902f2070fce5f903a0bad25bf3b1d,true,③,IN_SCOPE_FORWARD,,,CLOSED_NO_SHARED_ASSET
archive/exams/original/high/h1/1mid/26_매산고_1학기_중간_고1_기출c.js|26_매산고_1학기_중간_고1_기출|12,archive/exams/original/high/h1/1mid/26_매산고_1학기_중간_고1_기출c.js,26_매산고_1학기_중간_고1_기출,12,12,12,2022,공통수학1,H22-C-04,복소수와 이차방정식,4,H22-C-04-COMPLEX_ROOT,복소수와 이차방정식,category_or_cue_inferred,complete_category,객관식,grid,false,객관식|제곱근|근호|전개|계수비교|복소수|이차방정식|판별식,695e7dc52d3d131c133202ce909cfb948bab58af50e8e165fac808d02ca2edda,3b442c1b9ff31bd1647fb7775f69aa1b1d4877779d606d401a770f59a00b17c6,0bdef091c479702584f065d3a3714f8a76f851b3f0cf10912f345a5dd930b0a8,9ddd6164345e349d0ff33c88e3715496e8e80b705af4695c64154d1e7e737d07,,,,,0,LOADED_VM,,NOT_STARTED,NOT_STARTED,NOT_STARTED,SVG_OPTIONAL,SVG_OPTIONAL,,,NONE,NO_PROBLEM_VISUAL,N/A,NONE,NOT_STARTED,,,,NOT_STARTED,NOT_STARTED,NOT_STARTED,NOT_TESTED,PASS,canonical_and_compiled_master_match,INVENTORY_PENDING,01_scope_inventory.csv#archive/exams/original/high/h1/1mid/26_매산고_1학기_중간_고1_기출c.js|26_매산고_1학기_중간_고1_기출|12,,INDEX_RECORD_PRESENT,original/high/h1/1mid/26_매산고_1학기_중간_고1_기출c.js_12,172df92b148a2490bbe736bb011d0001c94902f2070fce5f903a0bad25bf3b1d,true,⑤,IN_SCOPE_FORWARD,,,CLOSED_NO_SHARED_ASSET
archive/exams/original/high/h1/1mid/26_매산고_1학기_중간_고1_기출c.js|26_매산고_1학기_중간_고1_기출|13,archive/exams/original/high/h1/1mid/26_매산고_1학기_중간_고1_기출c.js,26_매산고_1학기_중간_고1_기출,13,13,13,2022,공통수학1,H22-C-04,복소수와 이차방정식,4,H22-C-04-COMPLEX_ROOT,복소수와 이차방정식,category_or_cue_inferred,complete_category,객관식,grid,false,객관식|제곱근|근호|전개|계수비교|복소수|이차방정식|판별식,62b05c696e073a1d9a5ad56f3bc43025844e4ebc93122b4e90c67d37767c296a,83ea14b0f68c1f90ce57fceed5bf9eb406543bc3698d432f39b17b12f54e6144,b15be6cb71072b84f7e1e198ce023fc5bb8b1e625335904ddcf3cffcd8b7312b,8ce8efe2aefe7a4ccc6e2c9ef368da20b47b1f0ea71cf05789b0a620ac52d9a0,,,,,0,LOADED_VM,,NOT_STARTED,NOT_STARTED,NOT_STARTED,SVG_OPTIONAL,SVG_OPTIONAL,,,NONE,NO_PROBLEM_VISUAL,N/A,NONE,NOT_STARTED,,,,NOT_STARTED,NOT_STARTED,NOT_STARTED,NOT_TESTED,PASS,canonical_and_compiled_master_match,INVENTORY_PENDING,01_scope_inventory.csv#archive/exams/original/high/h1/1mid/26_매산고_1학기_중간_고1_기출c.js|26_매산고_1학기_중간_고1_기출|13,,INDEX_RECORD_PRESENT,original/high/h1/1mid/26_매산고_1학기_중간_고1_기출c.js_13,172df92b148a2490bbe736bb011d0001c94902f2070fce5f903a0bad25bf3b1d,true,③,IN_SCOPE_FORWARD,,,CLOSED_NO_SHARED_ASSET
archive/exams/original/high/h1/1mid/26_매산고_1학기_중간_고1_기출c.js|26_매산고_1학기_중간_고1_기출|17,archive/exams/original/high/h1/1mid/26_매산고_1학기_중간_고1_기출c.js,26_매산고_1학기_중간_고1_기출,17,17,17,2022,공통수학1,H22-C-04,복소수와 이차방정식,4,H22-C-04-COMPLEX_ROOT,복소수와 이차방정식,category_or_cue_inferred,complete_category,단답형,grid,false,서술형|제곱근|근호|분모유리화|인수분해|공통인수|복소수|이차방정식,e2540c3dc3230a8f68e56a12b27f1315d4f1a3aa70b875cf274ece7ff6e8ec9d,4f53cda18c2baa0c0354bb5f9a3ecbe5ed12ab4d8e11ba873c2f11161202b945,cf16af8bf721fd8149daba4dee56bff960d1d7966ed3164352862280c4a27a8a,48a8e331e1a7895c31d1e39fe3177f800e5d68cc1e7f2dc0ee0a5a46111ce4fb,,,,,0,LOADED_VM,,NOT_STARTED,NOT_STARTED,NOT_STARTED,SVG_REQUIRED_MISSING,SVG_REQUIRED_MISSING,TABLE_OR_MATRIX_STRUCTURE,,VISUAL_CANDIDATE,NO_PROBLEM_VISUAL,SCHEMATIC_OR_REVIEW,NONE,NOT_STARTED,,,,NOT_STARTED,NOT_STARTED,NOT_STARTED,NOT_TESTED,PASS,canonical_and_compiled_master_match,INVENTORY_PENDING,01_scope_inventory.csv#archive/exams/original/high/h1/1mid/26_매산고_1학기_중간_고1_기출c.js|26_매산고_1학기_중간_고1_기출|17,,INDEX_RECORD_PRESENT,original/high/h1/1mid/26_매산고_1학기_중간_고1_기출c.js_17,172df92b148a2490bbe736bb011d0001c94902f2070fce5f903a0bad25bf3b1d,true,$8$,IN_SCOPE_FORWARD,,,CLOSED_NO_SHARED_ASSET
archive/exams/original/high/h1/1mid/26_매산여고_1학기_중간_고1_기출_c.js|26_매산여고_1학기_중간_고1_기출|4,archive/exams/original/high/h1/1mid/26_매산여고_1학기_중간_고1_기출_c.js,26_매산여고_1학기_중간_고1_기출,4,4,4,2022,공통수학1,H22-C-04,복소수와 이차방정식,4,H22-C-04-COMPLEX_ROOT,복소수와 이차방정식,category_or_cue_inferred,complete_category,객관식,grid,false,객관식|복소수|이차방정식|조건해석|계산,3a2c10cc820dfaf518c592d6ed4cd9ce9b8ce1688ba18780caa47f1da270c194,d238063e92781ac8c4073b1a4967318e89a02ac970944422d1ac19392509ce57,973d2fd2f97e26a666f403b12da6d87e527985b36bcf4ff0a47c7e7e8c36321a,7dd4c9d55d350688a8c5736383dc72b894f3e1d9e75ea17e1c42bc198012e393,,,,,0,LOADED_VM,,NOT_STARTED,NOT_STARTED,NOT_STARTED,SVG_OPTIONAL,SVG_OPTIONAL,,,NONE,NO_PROBLEM_VISUAL,N/A,NONE,NOT_STARTED,,,,NOT_STARTED,NOT_STARTED,NOT_STARTED,NOT_TESTED,PASS,canonical_and_compiled_master_match,INVENTORY_PENDING,01_scope_inventory.csv#archive/exams/original/high/h1/1mid/26_매산여고_1학기_중간_고1_기출_c.js|26_매산여고_1학기_중간_고1_기출|4,,INDEX_RECORD_PRESENT,original/high/h1/1mid/26_매산여고_1학기_중간_고1_기출_c.js_4,a9a318f47c3942d7aca4b3e2e35182a434ed851b12ed63cfdc89984f0b585c36,true,①,IN_SCOPE_FORWARD,,,CLOSED_NO_SHARED_ASSET
archive/exams/original/high/h1/1mid/26_매산여고_1학기_중간_고1_기출_c.js|26_매산여고_1학기_중간_고1_기출|5,archive/exams/original/high/h1/1mid/26_매산여고_1학기_중간_고1_기출_c.js,26_매산여고_1학기_중간_고1_기출,5,5,5,2022,공통수학1,H22-C-04,복소수와 이차방정식,4,H22-C-04-COMPLEX_ROOT,복소수와 이차방정식,category_or_cue_inferred,complete_category,객관식,grid,false,객관식|복소수|이차방정식|참거짓|개념,84911e1af57c3dcc8d3f1cea5dc1bedcf7039fec1800ce69e35a2135e75120fb,9873e1e0a82c11b9db9b7cc27e78e6f03afe17c6915a83bee27111d9c1f69819,b15be6cb71072b84f7e1e198ce023fc5bb8b1e625335904ddcf3cffcd8b7312b,d16d5d9884d57a5ec5c633b755476b3066f3038343214af1f318d95b2e6a7c28,,,,,0,LOADED_VM,,NOT_STARTED,NOT_STARTED,NOT_STARTED,SVG_OPTIONAL,SVG_OPTIONAL,,,NONE,NO_PROBLEM_VISUAL,N/A,NONE,NOT_STARTED,,,,NOT_STARTED,NOT_STARTED,NOT_STARTED,NOT_TESTED,PASS,canonical_and_compiled_master_match,INVENTORY_PENDING,01_scope_inventory.csv#archive/exams/original/high/h1/1mid/26_매산여고_1학기_중간_고1_기출_c.js|26_매산여고_1학기_중간_고1_기출|5,,INDEX_RECORD_PRESENT,original/high/h1/1mid/26_매산여고_1학기_중간_고1_기출_c.js_5,a9a318f47c3942d7aca4b3e2e35182a434ed851b12ed63cfdc89984f0b585c36,true,③,IN_SCOPE_FORWARD,,,CLOSED_NO_SHARED_ASSET
archive/exams/original/high/h1/1mid/26_매산여고_1학기_중간_고1_기출_c.js|26_매산여고_1학기_중간_고1_기출|11,archive/exams/original/high/h1/1mid/26_매산여고_1학기_중간_고1_기출_c.js,26_매산여고_1학기_중간_고1_기출,11,11,11,2022,공통수학1,H22-C-04,복소수와 이차방정식,4,H22-C-04-COMPLEX_ROOT,복소수와 이차방정식,rule_inferred,complete_rule,객관식,grid,false,객관식|복소수|이차방정식|판별식|자연수조건|개수세기|조건해석|계산,a8648337fd826439652ac68de2c5c011dd3c8f56848411b9d76f84d813e67420,3cc19e370a6671b60f17396fd032ed6593aa1547f8af80d6ab8d949018911b5e,d41ea6521f53fb3dfa10cf72e2932f4405d9c999fa422cdc840d25d57e90dd34,b3222dc6274acce51321cfc048d9e791525bf9a504955426fe0ee8c56fbf7f00,,,,,0,LOADED_VM,,NOT_STARTED,NOT_STARTED,NOT_STARTED,SVG_OPTIONAL,SVG_OPTIONAL,,,NONE,NO_PROBLEM_VISUAL,N/A,NONE,NOT_STARTED,,,,NOT_STARTED,NOT_STARTED,NOT_STARTED,NOT_TESTED,PASS,canonical_and_compiled_master_match,INVENTORY_PENDING,01_scope_inventory.csv#archive/exams/original/high/h1/1mid/26_매산여고_1학기_중간_고1_기출_c.js|26_매산여고_1학기_중간_고1_기출|11,,INDEX_RECORD_PRESENT,original/high/h1/1mid/26_매산여고_1학기_중간_고1_기출_c.js_11,a9a318f47c3942d7aca4b3e2e35182a434ed851b12ed63cfdc89984f0b585c36,true,④,IN_SCOPE_FORWARD,,,CLOSED_NO_SHARED_ASSET
archive/exams/original/high/h1/1mid/26_매산여고_1학기_중간_고1_기출_c.js|26_매산여고_1학기_중간_고1_기출|12,archive/exams/original/high/h1/1mid/26_매산여고_1학기_중간_고1_기출_c.js,26_매산여고_1학기_중간_고1_기출,12,12,12,2022,공통수학1,H22-C-04,복소수와 이차방정식,4,H22-C-04-COMPLEX_ROOT,복소수와 이차방정식,category_or_cue_inferred,complete_category,객관식,grid,false,객관식|복소수|이차방정식|조건해석|계산,5708c6dfd1a465b04e474774a00b4d8f00be343ebb6a388d1f859e3118398d88,f35e8840d663fb44469000b14a2a8e78ad4d0b96c45927034b89dd2949c8af41,b15be6cb71072b84f7e1e198ce023fc5bb8b1e625335904ddcf3cffcd8b7312b,d16d5d9884d57a5ec5c633b755476b3066f3038343214af1f318d95b2e6a7c28,,,,,0,LOADED_VM,,NOT_STARTED,NOT_STARTED,NOT_STARTED,SVG_OPTIONAL,SVG_OPTIONAL,,,NONE,NO_PROBLEM_VISUAL,N/A,NONE,NOT_STARTED,,,,NOT_STARTED,NOT_STARTED,NOT_STARTED,NOT_TESTED,PASS,canonical_and_compiled_master_match,INVENTORY_PENDING,01_scope_inventory.csv#archive/exams/original/high/h1/1mid/26_매산여고_1학기_중간_고1_기출_c.js|26_매산여고_1학기_중간_고1_기출|12,,INDEX_RECORD_PRESENT,original/high/h1/1mid/26_매산여고_1학기_중간_고1_기출_c.js_12,a9a318f47c3942d7aca4b3e2e35182a434ed851b12ed63cfdc89984f0b585c36,true,③,IN_SCOPE_FORWARD,,,CLOSED_NO_SHARED_ASSET
archive/exams/original/high/h1/1mid/26_매산여고_1학기_중간_고1_기출_c.js|26_매산여고_1학기_중간_고1_기출|17,archive/exams/original/high/h1/1mid/26_매산여고_1학기_중간_고1_기출_c.js,26_매산여고_1학기_중간_고1_기출,17,17,17,2022,공통수학1,H22-C-04,복소수와 이차방정식,4,H22-C-04-COMPLEX_ROOT,복소수와 이차방정식,category_or_cue_inferred,complete_category,객관식,grid,false,객관식|제곱근|근호|복소수|이차방정식|자연수조건|조건해석|계산,21167a39a93a12e598243e118c9c6ebf9060af936065d3b4c893df20c8658852,f35e8840d663fb44469000b14a2a8e78ad4d0b96c45927034b89dd2949c8af41,d41ea6521f53fb3dfa10cf72e2932f4405d9c999fa422cdc840d25d57e90dd34,b3222dc6274acce51321cfc048d9e791525bf9a504955426fe0ee8c56fbf7f00,,,,,0,LOADED_VM,,NOT_STARTED,NOT_STARTED,NOT_STARTED,SVG_OPTIONAL,SVG_OPTIONAL,,,NONE,NO_PROBLEM_VISUAL,N/A,NONE,NOT_STARTED,,,,NOT_STARTED,NOT_STARTED,NOT_STARTED,NOT_TESTED,PASS,canonical_and_compiled_master_match,INVENTORY_PENDING,01_scope_inventory.csv#archive/exams/original/high/h1/1mid/26_매산여고_1학기_중간_고1_기출_c.js|26_매산여고_1학기_중간_고1_기출|17,,INDEX_RECORD_PRESENT,original/high/h1/1mid/26_매산여고_1학기_중간_고1_기출_c.js_17,a9a318f47c3942d7aca4b3e2e35182a434ed851b12ed63cfdc89984f0b585c36,true,④,IN_SCOPE_FORWARD,,,CLOSED_NO_SHARED_ASSET
archive/exams/original/high/h1/1mid/26_매산여고_1학기_중간_고1_기출_c.js|26_매산여고_1학기_중간_고1_기출|18,archive/exams/original/high/h1/1mid/26_매산여고_1학기_중간_고1_기출_c.js,26_매산여고_1학기_중간_고1_기출,18,18,18,2022,공통수학1,H22-C-04,복소수와 이차방정식,4,H22-C-04-COMPLEX_ROOT,복소수와 이차방정식,category_or_cue_inferred,complete_category,객관식,grid,false,객관식|복소수|이차방정식|조건해석|계산,fba8e32aea641bcb50d9489baa6d00f3f0419664c512eff0dac00cfbb614a30c,f35e8840d663fb44469000b14a2a8e78ad4d0b96c45927034b89dd2949c8af41,dfde05a3668030e99ca64d8d4ae5f6b64c7a87cee61c0ba43904b92ef210191d,5ff95d183ab72fe6e788dc21d4d41973ba103639e2c31cc6b11e4199cd8a971b,,,,,0,LOADED_VM,,NOT_STARTED,NOT_STARTED,NOT_STARTED,SVG_OPTIONAL,SVG_OPTIONAL,,,NONE,NO_PROBLEM_VISUAL,N/A,NONE,NOT_STARTED,,,,NOT_STARTED,NOT_STARTED,NOT_STARTED,NOT_TESTED,PASS,canonical_and_compiled_master_match,INVENTORY_PENDING,01_scope_inventory.csv#archive/exams/original/high/h1/1mid/26_매산여고_1학기_중간_고1_기출_c.js|26_매산여고_1학기_중간_고1_기출|18,,INDEX_RECORD_PRESENT,original/high/h1/1mid/26_매산여고_1학기_중간_고1_기출_c.js_18,a9a318f47c3942d7aca4b3e2e35182a434ed851b12ed63cfdc89984f0b585c36,true,②,IN_SCOPE_FORWARD,,,CLOSED_NO_SHARED_ASSET
archive/exams/original/high/h1/1mid/26_매산여고_1학기_중간_고1_기출_c.js|26_매산여고_1학기_중간_고1_기출|21,archive/exams/original/high/h1/1mid/26_매산여고_1학기_중간_고1_기출_c.js,26_매산여고_1학기_중간_고1_기출,21,21,21,2022,공통수학1,H22-C-04,복소수와 이차방정식,4,H22-C-04-COMPLEX_BASIC,복소수의 뜻과 표현,category_or_cue_inferred,complete_category,서술형,grid,false,서술형,b8f88dc19eb4d48f04a27c0049559c5ce1481617fc1d27812766b17c64e8f411,4f53cda18c2baa0c0354bb5f9a3ecbe5ed12ab4d8e11ba873c2f11161202b945,69ba280cc4cd08fe047b1ef689d399cf11df1a96339767b260bae1f781d10b1f,d2d8075ae058c81a442b319a86609e51fdf3fd8e0292db5e8d17e1030c2bd70f,,,,,0,LOADED_VM,,NOT_STARTED,NOT_STARTED,NOT_STARTED,SVG_REQUIRED_MISSING,SVG_REQUIRED_MISSING,COORDINATE_OR_GEOMETRY_STRUCTURE|TABLE_OR_MATRIX_STRUCTURE,,VISUAL_CANDIDATE,NO_PROBLEM_VISUAL,REVIEW_REQUIRED,NONE,NOT_STARTED,,,,NOT_STARTED,NOT_STARTED,NOT_STARTED,NOT_TESTED,PASS,canonical_and_compiled_master_match,INVENTORY_PENDING,01_scope_inventory.csv#archive/exams/original/high/h1/1mid/26_매산여고_1학기_중간_고1_기출_c.js|26_매산여고_1학기_중간_고1_기출|21,,INDEX_RECORD_PRESENT,original/high/h1/1mid/26_매산여고_1학기_중간_고1_기출_c.js_21,a9a318f47c3942d7aca4b3e2e35182a434ed851b12ed63cfdc89984f0b585c36,true,"1) 합: 5, 곱: 3  2) $24x^2-64x+8=0$",IN_SCOPE_FORWARD,,,CLOSED_NO_SHARED_ASSET
archive/exams/original/high/h1/1mid/26_팔마고_1학기_중간_고1_기출_c.js|26_팔마고_1학기_중간_고1_기출|2,archive/exams/original/high/h1/1mid/26_팔마고_1학기_중간_고1_기출_c.js,26_팔마고_1학기_중간_고1_기출,2,2,2,2022,공통수학1,H22-C-04,복소수와 이차방정식,4,H22-C-04-COMPLEX_ROOT,복소수와 이차방정식,category_or_cue_inferred,complete_category,객관식,grid,false,객관식|제곱근|근호|복소수|이차방정식|계산,6f9727149bd91b269be2486417085e1b24e3295be0ba17d055b95b688558a694,500b7250ada41b169a6b64f1d4753c5b6203cfd81a21b9223e9735027e5f10c6,973d2fd2f97e26a666f403b12da6d87e527985b36bcf4ff0a47c7e7e8c36321a,7dd4c9d55d350688a8c5736383dc72b894f3e1d9e75ea17e1c42bc198012e393,,,,,0,LOADED_VM,,NOT_STARTED,NOT_STARTED,NOT_STARTED,SVG_OPTIONAL,SVG_OPTIONAL,,,NONE,NO_PROBLEM_VISUAL,N/A,NONE,NOT_STARTED,,,,NOT_STARTED,NOT_STARTED,NOT_STARTED,NOT_TESTED,PASS,canonical_and_compiled_master_match,INVENTORY_PENDING,01_scope_inventory.csv#archive/exams/original/high/h1/1mid/26_팔마고_1학기_중간_고1_기출_c.js|26_팔마고_1학기_중간_고1_기출|2,,INDEX_RECORD_PRESENT,original/high/h1/1mid/26_팔마고_1학기_중간_고1_기출_c.js_2,82ad8e7b7275f3870fadc87455beebce75219f1fe8c040a61d6e4aeccfa3ee0e,true,①,IN_SCOPE_FORWARD,,,CLOSED_NO_SHARED_ASSET
archive/exams/original/high/h1/1mid/26_팔마고_1학기_중간_고1_기출_c.js|26_팔마고_1학기_중간_고1_기출|3,archive/exams/original/high/h1/1mid/26_팔마고_1학기_중간_고1_기출_c.js,26_팔마고_1학기_중간_고1_기출,3,3,3,2022,공통수학1,H22-C-04,복소수와 이차방정식,4,H22-C-04-COMPLEX_ROOT,복소수와 이차방정식,category_or_cue_inferred,complete_category,객관식,grid,false,객관식|복소수|이차방정식|계산|조건해석,8b85ff6a55baba5a0d833464fc9512f01e4a0f85af098cbae9ea1c8456d8e069,450b4a4363a261d3bfa6bf033da327f00356e64f7230b1b62827984d0fdb5729,d41ea6521f53fb3dfa10cf72e2932f4405d9c999fa422cdc840d25d57e90dd34,b3222dc6274acce51321cfc048d9e791525bf9a504955426fe0ee8c56fbf7f00,,,,,0,LOADED_VM,,NOT_STARTED,NOT_STARTED,NOT_STARTED,SVG_OPTIONAL,SVG_OPTIONAL,,,NONE,NO_PROBLEM_VISUAL,N/A,NONE,NOT_STARTED,,,,NOT_STARTED,NOT_STARTED,NOT_STARTED,NOT_TESTED,PASS,canonical_and_compiled_master_match,INVENTORY_PENDING,01_scope_inventory.csv#archive/exams/original/high/h1/1mid/26_팔마고_1학기_중간_고1_기출_c.js|26_팔마고_1학기_중간_고1_기출|3,,INDEX_RECORD_PRESENT,original/high/h1/1mid/26_팔마고_1학기_중간_고1_기출_c.js_3,82ad8e7b7275f3870fadc87455beebce75219f1fe8c040a61d6e4aeccfa3ee0e,true,④,IN_SCOPE_FORWARD,,,CLOSED_NO_SHARED_ASSET
archive/exams/original/high/h1/1mid/26_팔마고_1학기_중간_고1_기출_c.js|26_팔마고_1학기_중간_고1_기출|7,archive/exams/original/high/h1/1mid/26_팔마고_1학기_중간_고1_기출_c.js,26_팔마고_1학기_중간_고1_기출,7,7,7,2022,공통수학1,H22-C-04,복소수와 이차방정식,4,H22-C-04-COMPLEX_ROOT,복소수와 이차방정식,category_or_cue_inferred,complete_category,객관식,grid,false,객관식|계수비교|복소수|이차방정식|계산,abfda70168342300e0a435bea130845154e48bc2207cd4a9d283ea795af5168e,874fc3240c802080f8ac4b16aad8ef8addfd9a1e14a9772f734453b03f6da45c,d41ea6521f53fb3dfa10cf72e2932f4405d9c999fa422cdc840d25d57e90dd34,b3222dc6274acce51321cfc048d9e791525bf9a504955426fe0ee8c56fbf7f00,,,,,0,LOADED_VM,,NOT_STARTED,NOT_STARTED,NOT_STARTED,SVG_OPTIONAL,SVG_OPTIONAL,,,NONE,NO_PROBLEM_VISUAL,N/A,NONE,NOT_STARTED,,,,NOT_STARTED,NOT_STARTED,NOT_STARTED,NOT_TESTED,PASS,canonical_and_compiled_master_match,INVENTORY_PENDING,01_scope_inventory.csv#archive/exams/original/high/h1/1mid/26_팔마고_1학기_중간_고1_기출_c.js|26_팔마고_1학기_중간_고1_기출|7,,INDEX_RECORD_PRESENT,original/high/h1/1mid/26_팔마고_1학기_중간_고1_기출_c.js_7,82ad8e7b7275f3870fadc87455beebce75219f1fe8c040a61d6e4aeccfa3ee0e,true,④,IN_SCOPE_FORWARD,,,CLOSED_NO_SHARED_ASSET
archive/exams/original/high/h1/1mid/26_팔마고_1학기_중간_고1_기출_c.js|26_팔마고_1학기_중간_고1_기출|16,archive/exams/original/high/h1/1mid/26_팔마고_1학기_중간_고1_기출_c.js,26_팔마고_1학기_중간_고1_기출,16,16,16,2022,공통수학1,H22-C-04,복소수와 이차방정식,4,H22-C-04-COMPLEX_ROOT,복소수와 이차방정식,category_or_cue_inferred,complete_category,객관식,grid,false,객관식|제곱근|근호|복소수|이차방정식|최대최소|자연수조건|범위,9ddef92d37fd70676b15cbf853eb1174216cb33d4d40e856dca5370ce14ac84a,1f1b073894b592d03cb7f919d603b3adf67c0f7871cf5f80685c71c48dc8b4ad,b15be6cb71072b84f7e1e198ce023fc5bb8b1e625335904ddcf3cffcd8b7312b,d16d5d9884d57a5ec5c633b755476b3066f3038343214af1f318d95b2e6a7c28,,,,,0,LOADED_VM,,NOT_STARTED,NOT_STARTED,NOT_STARTED,SVG_OPTIONAL,SVG_OPTIONAL,,,NONE,NO_PROBLEM_VISUAL,N/A,NONE,NOT_STARTED,,,,NOT_STARTED,NOT_STARTED,NOT_STARTED,NOT_TESTED,PASS,canonical_and_compiled_master_match,INVENTORY_PENDING,01_scope_inventory.csv#archive/exams/original/high/h1/1mid/26_팔마고_1학기_중간_고1_기출_c.js|26_팔마고_1학기_중간_고1_기출|16,,INDEX_RECORD_PRESENT,original/high/h1/1mid/26_팔마고_1학기_중간_고1_기출_c.js_16,82ad8e7b7275f3870fadc87455beebce75219f1fe8c040a61d6e4aeccfa3ee0e,true,③,IN_SCOPE_FORWARD,,,CLOSED_NO_SHARED_ASSET
archive/exams/original/high/h1/1mid/26_효천고_1학기_중간_고1_기출c.js|26_효천고_1학기_중간_고1_기출|3,archive/exams/original/high/h1/1mid/26_효천고_1학기_중간_고1_기출c.js,26_효천고_1학기_중간_고1_기출,3,3,3,2022,공통수학1,H22-C-04,복소수와 이차방정식,4,H22-C-04-COMPLEX_BASIC,복소수의 뜻과 표현,category_or_cue_inferred,complete_category,객관식,grid,false,객관식|제곱근|근호|분모유리화|복소수|켤레복소수|이차방정식|조건해석,6f002a0144ae25b5fc370212d563ebb0eb96e19416d0049991c006159f2896cc,b2bd743f25b0c9c489726ed5f50aff0f854e9f9dda23fff0f0714544620de755,d41ea6521f53fb3dfa10cf72e2932f4405d9c999fa422cdc840d25d57e90dd34,aa9874fce3d50c6147bbce1a525bfae6cd2da201f315269e6eebccb0ebe11424,,,,,0,LOADED_VM,,NOT_STARTED,NOT_STARTED,NOT_STARTED,SVG_REQUIRED_MISSING,SVG_REQUIRED_MISSING,TABLE_OR_MATRIX_STRUCTURE,,VISUAL_CANDIDATE,NO_PROBLEM_VISUAL,SCHEMATIC_OR_REVIEW,NONE,NOT_STARTED,,,,NOT_STARTED,NOT_STARTED,NOT_STARTED,NOT_TESTED,PASS,canonical_and_compiled_master_match,INVENTORY_PENDING,01_scope_inventory.csv#archive/exams/original/high/h1/1mid/26_효천고_1학기_중간_고1_기출c.js|26_효천고_1학기_중간_고1_기출|3,,INDEX_RECORD_PRESENT,original/high/h1/1mid/26_효천고_1학기_중간_고1_기출c.js_3,db242d2a18658e80729453eddca0c3643dc5235cd920a784afcd70d993cc7501,true,④,IN_SCOPE_FORWARD,,,CLOSED_NO_SHARED_ASSET
archive/exams/original/high/h1/1mid/26_효천고_1학기_중간_고1_기출c.js|26_효천고_1학기_중간_고1_기출|12,archive/exams/original/high/h1/1mid/26_효천고_1학기_중간_고1_기출c.js,26_효천고_1학기_중간_고1_기출,12,12,12,2022,공통수학1,H22-C-04,복소수와 이차방정식,4,H22-C-04-COMPLEX_ROOT,복소수와 이차방정식,category_or_cue_inferred,complete_category,객관식,grid,false,객관식|계수비교|복소수|이차방정식|근과계수|도형|원|대입,650829d5ca2daf6077657766f52398e09d4825c1ab3c6cdc015416dc0e642e69,cfe21ed70ad925546381c86d8fec1540e3daf859f69e1eff496ce6b81186833e,0bdef091c479702584f065d3a3714f8a76f851b3f0cf10912f345a5dd930b0a8,ab9527e7abc589bb0734b05bb337663523f93695f0ae57b999091aa86282bc8b,,,,,0,LOADED_VM,,NOT_STARTED,NOT_STARTED,NOT_STARTED,SVG_REQUIRED_MISSING,SVG_REQUIRED_MISSING,COORDINATE_OR_GEOMETRY_STRUCTURE,,VISUAL_CANDIDATE,NO_PROBLEM_VISUAL,REVIEW_REQUIRED,NONE,NOT_STARTED,,,,NOT_STARTED,NOT_STARTED,NOT_STARTED,NOT_TESTED,PASS,canonical_and_compiled_master_match,INVENTORY_PENDING,01_scope_inventory.csv#archive/exams/original/high/h1/1mid/26_효천고_1학기_중간_고1_기출c.js|26_효천고_1학기_중간_고1_기출|12,,INDEX_RECORD_PRESENT,original/high/h1/1mid/26_효천고_1학기_중간_고1_기출c.js_12,db242d2a18658e80729453eddca0c3643dc5235cd920a784afcd70d993cc7501,true,⑤,IN_SCOPE_FORWARD,,,CLOSED_NO_SHARED_ASSET
archive/exams/original/high/h1/1mid/26_효천고_1학기_중간_고1_기출c.js|26_효천고_1학기_중간_고1_기출|14,archive/exams/original/high/h1/1mid/26_효천고_1학기_중간_고1_기출c.js,26_효천고_1학기_중간_고1_기출,14,14,14,2022,공통수학1,H22-C-04,복소수와 이차방정식,4,H22-C-04-COMPLEX_ROOT,복소수와 이차방정식,category_or_cue_inferred,complete_category,객관식,grid,false,객관식|제곱근|근호|계수비교|복소수|이차방정식|근과계수|오류판별,10ece137d848d747f305c2caaa6b41939409b3e7a9fe811d9f89909e6c1bfe0c,dd6cff26d6dcb6d9af527e826040441b8c27247bb7266fa0908df7613c42c696,973d2fd2f97e26a666f403b12da6d87e527985b36bcf4ff0a47c7e7e8c36321a,48bc0db47aee9477a34397761622d85ecc75a5a42e41e401ccb35daf9c7ad943,,,,,0,LOADED_VM,,NOT_STARTED,NOT_STARTED,NOT_STARTED,SVG_OPTIONAL,SVG_OPTIONAL,,,NONE,NO_PROBLEM_VISUAL,N/A,NONE,NOT_STARTED,,,,NOT_STARTED,NOT_STARTED,NOT_STARTED,NOT_TESTED,PASS,canonical_and_compiled_master_match,INVENTORY_PENDING,01_scope_inventory.csv#archive/exams/original/high/h1/1mid/26_효천고_1학기_중간_고1_기출c.js|26_효천고_1학기_중간_고1_기출|14,,INDEX_RECORD_PRESENT,original/high/h1/1mid/26_효천고_1학기_중간_고1_기출c.js_14,db242d2a18658e80729453eddca0c3643dc5235cd920a784afcd70d993cc7501,true,①,IN_SCOPE_FORWARD,,,CLOSED_NO_SHARED_ASSET
archive/exams/original/high/h1/1mid/26_효천고_1학기_중간_고1_기출c.js|26_효천고_1학기_중간_고1_기출|21,archive/exams/original/high/h1/1mid/26_효천고_1학기_중간_고1_기출c.js,26_효천고_1학기_중간_고1_기출,21,21,21,2022,공통수학1,H22-C-04,복소수와 이차방정식,4,H22-C-04-COMPLEX_BASIC,복소수의 뜻과 표현,category_or_cue_inferred,complete_category,단답형,grid,false,서술형|제곱근|근호|나머지정리|복소수|이차방정식|지수|개수세기,a7d8f888d118b2f05d9a340e7c687c9979c6f442c61f519ee6d446918254a08c,4f53cda18c2baa0c0354bb5f9a3ecbe5ed12ab4d8e11ba873c2f11161202b945,703876dd5c045a9f7545137ea7b878500f221aa79beea613ef65958d6db6d363,183cac506666d4015595eea9278090c9ce643b4f43622caabbad5a94769f6641,,,,,0,LOADED_VM,,NOT_STARTED,NOT_STARTED,NOT_STARTED,SVG_REQUIRED_MISSING,SVG_REQUIRED_MISSING,TABLE_OR_MATRIX_STRUCTURE,,VISUAL_CANDIDATE,NO_PROBLEM_VISUAL,SCHEMATIC_OR_REVIEW,NONE,NOT_STARTED,,,,NOT_STARTED,NOT_STARTED,NOT_STARTED,NOT_TESTED,PASS,canonical_and_compiled_master_match,INVENTORY_PENDING,01_scope_inventory.csv#archive/exams/original/high/h1/1mid/26_효천고_1학기_중간_고1_기출c.js|26_효천고_1학기_중간_고1_기출|21,,INDEX_RECORD_PRESENT,original/high/h1/1mid/26_효천고_1학기_중간_고1_기출c.js_21,db242d2a18658e80729453eddca0c3643dc5235cd920a784afcd70d993cc7501,true,-1+i,IN_SCOPE_FORWARD,,,CLOSED_NO_SHARED_ASSET
archive/exams/original/high/h1/2final/22_제일고_2학기_기말_고1_기출.js|22_제일고_2학기_기말_고1_기출|11,archive/exams/original/high/h1/2final/22_제일고_2학기_기말_고1_기출.js,22_제일고_2학기_기말_고1_기출,11,11,11,2015,수학(상),H15-SA-04,복소수,4,H15-SA-04-COMPLEX_BASIC,복소수의 뜻과 표현,category_or_cue_inferred,complete_category,객관식,grid,false,객관식|복소수|경우의 수,dcbd68e764951b647ad32279a514c5f4665693d9bf04b5452007ecfaf7e7fd76,269e6f235b5beddd5ce32e6d9db0ad4118a43a75a57cacbc6f968948d657c290,dfde05a3668030e99ca64d8d4ae5f6b64c7a87cee61c0ba43904b92ef210191d,914ec1eda979df02e59b5589edbd5c1f69bf6f40df234d50d527f4a6a050f89e,,,,,0,LOADED_VM,,NOT_STARTED,NOT_STARTED,NOT_STARTED,SVG_REQUIRED_MISSING,SVG_REQUIRED_MISSING,COUNTING_STRUCTURE|TABLE_OR_MATRIX_STRUCTURE,,VISUAL_CANDIDATE,NO_PROBLEM_VISUAL,SCHEMATIC_OR_REVIEW,NONE,NOT_STARTED,,,,NOT_STARTED,NOT_STARTED,NOT_STARTED,NOT_TESTED,PASS,canonical_and_compiled_master_match,INVENTORY_PENDING,01_scope_inventory.csv#archive/exams/original/high/h1/2final/22_제일고_2학기_기말_고1_기출.js|22_제일고_2학기_기말_고1_기출|11,,INDEX_RECORD_PRESENT,original/high/h1/2final/22_제일고_2학기_기말_고1_기출.js_11,ee97fdbb4abd7aec21b68d492ff44de0a5f90764ef3e97193b3e18ca5ba9011e,true,②,IN_SCOPE_FORWARD,,,CLOSED_NO_SHARED_ASSET
archive/exams/original/high/h1/2final/23_강남여고_2학기_기말_고1_기출.js|23_강남여고_2학기_기말_고1_기출|10,archive/exams/original/high/h1/2final/23_강남여고_2학기_기말_고1_기출.js,23_강남여고_2학기_기말_고1_기출,10,10,10,2015,수학(상),H15-SA-04,복소수,4,H15-SA-04-COMPLEX_BASIC,복소수의 뜻과 표현,category_or_cue_inferred,complete_category,객관식,grid,false,객관식|복소수의 계산,c7f3ab6cd2b72ad75f5a3549fd811cc9f73da60ed37b4324ae2fd0f7cb6904ee,afb696937196093f70248d0f3fa85d8e552efa5d0709543e56c48a478d03191e,973d2fd2f97e26a666f403b12da6d87e527985b36bcf4ff0a47c7e7e8c36321a,b5a341d17e721e42bd6ea31f9a7c7175d9a37c584fb9b0f7b2aae2c8b45bae77,,,,,0,LOADED_VM,,NOT_STARTED,NOT_STARTED,NOT_STARTED,SVG_REQUIRED_MISSING,SVG_REQUIRED_MISSING,TABLE_OR_MATRIX_STRUCTURE,,VISUAL_CANDIDATE,NO_PROBLEM_VISUAL,SCHEMATIC_OR_REVIEW,NONE,NOT_STARTED,,,,NOT_STARTED,NOT_STARTED,NOT_STARTED,NOT_TESTED,PASS,canonical_and_compiled_master_match,INVENTORY_PENDING,01_scope_inventory.csv#archive/exams/original/high/h1/2final/23_강남여고_2학기_기말_고1_기출.js|23_강남여고_2학기_기말_고1_기출|10,,INDEX_RECORD_PRESENT,original/high/h1/2final/23_강남여고_2학기_기말_고1_기출.js_10,dbba44e2fc75d98ca4f7ee455c111ec9de67aa465e6ee14518868b0fd2986c99,true,①,IN_SCOPE_FORWARD,,,CLOSED_NO_SHARED_ASSET
