questionUid,sourceJsPath,examId,id,displayNo,sourceOrdinal,curriculumVersion,standardCourse,standardUnitKey,standardUnit,standardUnitOrder,subUnitKey,subUnit,subUnitConfidence,subUnitClassificationDepth,questionType,layoutTag,wide,tags,contentHash,choicesHash,answerHash,solutionHash,problemImageRef,problemImageHash,solutionImageRef,solutionImageHash,inlineSvgCount,sourceValidityStatus,independentAnswer,answerParity,solutionQualityStatus,curriculumStatus,visualRequirement,visualRequirementCandidate,visualReasonCode,visualMarkers,visualType,problemVisualSufficiency,scalePolicy,existingSvgStatus,svgRepairStatus,factObligationSet,expectedFactHash,observedFactHash,numericParity,semanticParity,styleLintStatus,renderStatus,metadataStatus,metadataReason,finalVerdict,evidenceRef,assetRefs,questionIndexParity,qKey,sourceFileSha256,solutionPresent,answerValue,scopeStatus,sharedAssetUid,dependencyQuestionUids,dependencyClosureStatus
archive/exams/original/high/h1/1final/22_금당고_1학기_기말_고1_기출.js|22_금당고_1학기_기말_고1_기출|1,archive/exams/original/high/h1/1final/22_금당고_1학기_기말_고1_기출.js,22_금당고_1학기_기말_고1_기출,1,1,1,2015,수학(상),H15-SA-12,도형의 이동,12,H15-SA-12-REFLECTION,대칭이동,rule_inferred,complete_rule,객관식,grid,false,객관식|대칭이동|좌표,e8e070da2667957dece2bb3a9ff7d07b4769186945e4653a22acb4c104d1866d,495ae4c00b26c0a6eb2227f96ea6c141db744ee1dd08bca361dbb76f5a96679c,0bdef091c479702584f065d3a3714f8a76f851b3f0cf10912f345a5dd930b0a8,c12281fa394c012070d169c4c80c651a44966898ee76446996477148ea19ce6e,,,assets/images/22_금당고_1학기_기말_고1_기출/q01-solution.svg,f6e10abf5563ecc36cd26465ab7f915e8834b1757caf71ddfe7cf898271a62b0,0,LOADED_VM,,NOT_STARTED,NOT_STARTED,NOT_STARTED,SOURCE_REVIEW,SOURCE_REVIEW,GRAPH_OR_FUNCTION_STRUCTURE|COORDINATE_OR_GEOMETRY_STRUCTURE|COUNTING_STRUCTURE|TABLE_OR_MATRIX_STRUCTURE,,SVG,NO_PROBLEM_VISUAL,REVIEW_REQUIRED,SOLUTION_SVG,NOT_STARTED,,,dc71340e8d852cd55f6e6e545a07d3f8c27753a862dc230564098aaecbd49509,NOT_STARTED,NOT_STARTED,NOT_STARTED,NOT_TESTED,PASS,canonical_and_compiled_master_match,INVENTORY_PENDING,01_scope_inventory.csv#archive/exams/original/high/h1/1final/22_금당고_1학기_기말_고1_기출.js|22_금당고_1학기_기말_고1_기출|1,[object Object],INDEX_RECORD_PRESENT,original/high/h1/1final/22_금당고_1학기_기말_고1_기출.js_1,4c241cdb54466f474661d78f34d27c9dd5824b9b6c957e998e6d48f881f0d952,true,⑤,IN_SCOPE_FORWARD,,,CLOSED_NO_SHARED_ASSET
archive/exams/original/high/h1/1final/22_금당고_1학기_기말_고1_기출.js|22_금당고_1학기_기말_고1_기출|7,archive/exams/original/high/h1/1final/22_금당고_1학기_기말_고1_기출.js,22_금당고_1학기_기말_고1_기출,7,7,7,2015,수학(상),H15-SA-12,도형의 이동,12,H15-SA-12-REFLECTION,대칭이동,rule_inferred,complete_rule,객관식,grid,false,객관식|원|대칭이동|중심,0ebdc66a74478f0b6daecfbee49b14e90c2895b140fd08deb7c8ba13f737ee8e,782c4e648a8f5ab77347d7a5a0e4588ad1be8872f7b4bce76bc515574b51bffb,dfde05a3668030e99ca64d8d4ae5f6b64c7a87cee61c0ba43904b92ef210191d,d5a895cfc7b2a21d697f65ddb89b98908de0d0c090c7335412aaa4d235f62b1c,,,assets/images/22_금당고_1학기_기말_고1_기출/q07-solution.svg,d2788a3f63e34d133db1461b53c710e2a848db661333b3e18bb16d82e31ab1fc,0,LOADED_VM,,NOT_STARTED,NOT_STARTED,NOT_STARTED,SOURCE_REVIEW,SOURCE_REVIEW,COORDINATE_OR_GEOMETRY_STRUCTURE,,SVG,NO_PROBLEM_VISUAL,REVIEW_REQUIRED,SOLUTION_SVG,NOT_STARTED,,,87c01ed5c5980343db0bd7e2966fc84df961bf8f8c1ebdf0fda3c866a18bc1de,NOT_STARTED,NOT_STARTED,NOT_STARTED,NOT_TESTED,PASS,canonical_and_compiled_master_match,INVENTORY_PENDING,01_scope_inventory.csv#archive/exams/original/high/h1/1final/22_금당고_1학기_기말_고1_기출.js|22_금당고_1학기_기말_고1_기출|7,[object Object],INDEX_RECORD_PRESENT,original/high/h1/1final/22_금당고_1학기_기말_고1_기출.js_7,4c241cdb54466f474661d78f34d27c9dd5824b9b6c957e998e6d48f881f0d952,true,②,IN_SCOPE_FORWARD,,,CLOSED_NO_SHARED_ASSET
archive/exams/original/high/h1/1final/22_금당고_1학기_기말_고1_기출.js|22_금당고_1학기_기말_고1_기출|14,archive/exams/original/high/h1/1final/22_금당고_1학기_기말_고1_기출.js,22_금당고_1학기_기말_고1_기출,14,14,14,2015,수학(상),H15-SA-12,도형의 이동,12,H15-SA-12-TRANSLATION,평행이동,rule_inferred,complete_rule,객관식,grid,false,객관식|평행이동|원|접선,85b0e79f4e2c7cb6579a4a951e7cec52b4aa923a381dd7d0e194f6bffd1b0533,2c9fcb8996270866634bd47db36d5b6d45eb4246c4e9c0647210ccc5e0599e7d,0bdef091c479702584f065d3a3714f8a76f851b3f0cf10912f345a5dd930b0a8,e32cf1885f79c8a810ecaf3b62b34fb85842c357e9460786cd31f626d113d445,,,assets/images/22_금당고_1학기_기말_고1_기출/q14-solution.svg,8e895fe989cd41b9c214236ac579ac52b54d737a2db7b303f0b4d4d688ccec3f,0,LOADED_VM,,NOT_STARTED,NOT_STARTED,NOT_STARTED,SOURCE_REVIEW,SOURCE_REVIEW,GRAPH_OR_FUNCTION_STRUCTURE|COORDINATE_OR_GEOMETRY_STRUCTURE,,SVG,NO_PROBLEM_VISUAL,REVIEW_REQUIRED,SOLUTION_SVG,NOT_STARTED,,,eac664a4b01f00eae046a3eede363728d4c707d6a7d399dc0dfac8eaacfe5a50,NOT_STARTED,NOT_STARTED,NOT_STARTED,NOT_TESTED,PASS,canonical_and_compiled_master_match,INVENTORY_PENDING,01_scope_inventory.csv#archive/exams/original/high/h1/1final/22_금당고_1학기_기말_고1_기출.js|22_금당고_1학기_기말_고1_기출|14,[object Object],INDEX_RECORD_PRESENT,original/high/h1/1final/22_금당고_1학기_기말_고1_기출.js_14,4c241cdb54466f474661d78f34d27c9dd5824b9b6c957e998e6d48f881f0d952,true,⑤,IN_SCOPE_FORWARD,,,CLOSED_NO_SHARED_ASSET
archive/exams/original/high/h1/1final/22_금당고_1학기_기말_고1_기출.js|22_금당고_1학기_기말_고1_기출|16,archive/exams/original/high/h1/1final/22_금당고_1학기_기말_고1_기출.js,22_금당고_1학기_기말_고1_기출,16,16,16,2015,수학(상),H15-SA-12,도형의 이동,12,H15-SA-12-COMPOSITE_TRANSFORMATION,합성 변환,rule_inferred,complete_rule,객관식,grid,true,객관식|원|평행이동|대칭이동|최솟값,822ad357775c4d2cdfe77737f62d86767d01c019ade9ee18c809eafa317083a0,6c85c361cea1e764320aa7f08c230ff6367c3442f838529f3a7d2bec0b4c4861,d41ea6521f53fb3dfa10cf72e2932f4405d9c999fa422cdc840d25d57e90dd34,e952be218e596710e66e899a231999d3fc0b84448daa2b8aefc2657f9cc043c7,assets/images/22_금당고_1학기_기말_고1_기출/q16.png,724554ea41a8f2ff09ae95a4e50bb4fa1b8c22b26378f62037636e65bbf1c266,assets/images/22_금당고_1학기_기말_고1_기출/q16-solution.svg,82a79bf67eac8e680a56b1c9c9c1016d4dc48f3d628a25d505f32633d977c953,0,LOADED_VM,,NOT_STARTED,NOT_STARTED,NOT_STARTED,SOURCE_REVIEW,SOURCE_REVIEW,COORDINATE_OR_GEOMETRY_STRUCTURE|TABLE_OR_MATRIX_STRUCTURE,,SVG,PROBLEM_VISUAL_PRESENT,REVIEW_REQUIRED,SOLUTION_SVG,NOT_STARTED,,,b2f00b2c17256e261d9da9b6caeea4a4965ba188adf11b250be010ea3fc687d4,NOT_STARTED,NOT_STARTED,NOT_STARTED,NOT_TESTED,PASS,canonical_and_compiled_master_match,INVENTORY_PENDING,01_scope_inventory.csv#archive/exams/original/high/h1/1final/22_금당고_1학기_기말_고1_기출.js|22_금당고_1학기_기말_고1_기출|16,[object Object]|[object Object],INDEX_RECORD_PRESENT,original/high/h1/1final/22_금당고_1학기_기말_고1_기출.js_16,4c241cdb54466f474661d78f34d27c9dd5824b9b6c957e998e6d48f881f0d952,true,④,IN_SCOPE_FORWARD,,,CLOSED_NO_SHARED_ASSET
archive/exams/original/high/h1/1final/22_매산고_1학기_기말_고1_기출.js|22_매산고_1학기_기말_고1_기출|2,archive/exams/original/high/h1/1final/22_매산고_1학기_기말_고1_기출.js,22_매산고_1학기_기말_고1_기출,2,2,2,2015,수학(상),H15-SA-12,도형의 이동,12,H15-SA-12-TRANSLATION,평행이동,rule_inferred,complete_rule,객관식,grid,false,객관식|도형의 이동|고1|기말,24b8649e5be81b479bcfe27516e96dda9e41dca9783dbbef8c5f498052a660ae,2d36022367dc57b618794bca59abf8b7e1de17e6b5aa2ffee6592fb5911055d6,dfde05a3668030e99ca64d8d4ae5f6b64c7a87cee61c0ba43904b92ef210191d,25d3db66c600561f5a0362a47901f19a8d94d18a6a4eacf7bd912a35cd5dd375,,,assets/images/22_매산고_1학기_기말_고1_기출/q02-solution.svg,193c985e1934477ef23501f1fd9b098ca90f07f456222a4ee1bb2c9a9e781c85,0,LOADED_VM,,NOT_STARTED,NOT_STARTED,NOT_STARTED,SOURCE_REVIEW,SOURCE_REVIEW,COORDINATE_OR_GEOMETRY_STRUCTURE,,SVG,NO_PROBLEM_VISUAL,REVIEW_REQUIRED,SOLUTION_SVG,NOT_STARTED,,,49c7d77ffdaa6e50b8ee3be4394a2709787fb0e29a269f09863a66bb030ecc6a,NOT_STARTED,NOT_STARTED,NOT_STARTED,NOT_TESTED,PASS,canonical_and_compiled_master_match,INVENTORY_PENDING,01_scope_inventory.csv#archive/exams/original/high/h1/1final/22_매산고_1학기_기말_고1_기출.js|22_매산고_1학기_기말_고1_기출|2,[object Object],INDEX_RECORD_PRESENT,original/high/h1/1final/22_매산고_1학기_기말_고1_기출.js_2,6eba0c1b691ff6db8d09e9e130a3fda9e2258f973dfb960765e7d86dcc47c0ca,true,②,IN_SCOPE_FORWARD,,,CLOSED_NO_SHARED_ASSET
archive/exams/original/high/h1/1final/22_매산고_1학기_기말_고1_기출.js|22_매산고_1학기_기말_고1_기출|7,archive/exams/original/high/h1/1final/22_매산고_1학기_기말_고1_기출.js,22_매산고_1학기_기말_고1_기출,7,7,7,2015,수학(상),H15-SA-12,도형의 이동,12,H15-SA-12-COMPOSITE_TRANSFORMATION,합성 변환,rule_inferred,complete_rule,객관식,grid,false,객관식|도형의 이동|고1|기말,7744094f4c0f4c1c0ccd319bf965180888600de8e1f46c5f3ed5111f2a0ab9c6,799bc7e90d6418516704615d10aab20471b54bd0b384859bcd414ea43b657a47,0bdef091c479702584f065d3a3714f8a76f851b3f0cf10912f345a5dd930b0a8,191a2aebbe0e5074ccab48b96d087367aaf83c3e60c793da998ef05896a91251,,,assets/images/22_매산고_1학기_기말_고1_기출/q07-solution.svg,b941369f009981252bf54f5714a662bccda9bb696a6a1a1995d9102c4ce8c68d,0,LOADED_VM,,NOT_STARTED,NOT_STARTED,NOT_STARTED,SOURCE_REVIEW,SOURCE_REVIEW,GRAPH_OR_FUNCTION_STRUCTURE|COORDINATE_OR_GEOMETRY_STRUCTURE|TABLE_OR_MATRIX_STRUCTURE,,SVG,NO_PROBLEM_VISUAL,REVIEW_REQUIRED,SOLUTION_SVG,NOT_STARTED,,,6b10bd5ca3dc0577e566b6cb3e8031a3f09272d042d0e13b11db4cabdc7714fb,NOT_STARTED,NOT_STARTED,NOT_STARTED,NOT_TESTED,PASS,canonical_and_compiled_master_match,INVENTORY_PENDING,01_scope_inventory.csv#archive/exams/original/high/h1/1final/22_매산고_1학기_기말_고1_기출.js|22_매산고_1학기_기말_고1_기출|7,[object Object],INDEX_RECORD_PRESENT,original/high/h1/1final/22_매산고_1학기_기말_고1_기출.js_7,6eba0c1b691ff6db8d09e9e130a3fda9e2258f973dfb960765e7d86dcc47c0ca,true,⑤,IN_SCOPE_FORWARD,,,CLOSED_NO_SHARED_ASSET
archive/exams/original/high/h1/1final/22_매산고_1학기_기말_고1_기출.js|22_매산고_1학기_기말_고1_기출|12,archive/exams/original/high/h1/1final/22_매산고_1학기_기말_고1_기출.js,22_매산고_1학기_기말_고1_기출,12,12,12,2015,수학(상),H15-SA-12,도형의 이동,12,H15-SA-12-COMPOSITE_TRANSFORMATION,합성 변환,rule_inferred,complete_rule,객관식,grid,false,객관식|도형의 이동|고1|기말,78f0562cf00847d9ad5bc357df48bd063f4a59c986b11a056743ca99477a3e7c,c130fe227af15f54befbed07cf57faeabc36d43410ff58093d52d22f8c06c8f6,d41ea6521f53fb3dfa10cf72e2932f4405d9c999fa422cdc840d25d57e90dd34,844940a51fdf18eccb996a8ecec96b53c7ce767820a0480db1942bf41144b0bd,assets/images/22_매산고_1학기_기말_고1_기출/q12.png,718bbc0a9814996dcd924a80df80007f471254b305a1538470d16e41446c43dc,assets/images/22_매산고_1학기_기말_고1_기출/q12-solution.svg,1a8e5d7901182adcc399db44324f8ca5edabb1f04e38cf6a3ed597042cf047a8,0,LOADED_VM,,NOT_STARTED,NOT_STARTED,NOT_STARTED,SOURCE_REVIEW,SOURCE_REVIEW,COORDINATE_OR_GEOMETRY_STRUCTURE,,SVG,PROBLEM_VISUAL_PRESENT,REVIEW_REQUIRED,SOLUTION_SVG,NOT_STARTED,,,9998a415f964b5a8b0eb17c57b93207d7fd630e2c3ca1c30b9d98ad65f5835bd,NOT_STARTED,NOT_STARTED,NOT_STARTED,NOT_TESTED,PASS,canonical_and_compiled_master_match,INVENTORY_PENDING,01_scope_inventory.csv#archive/exams/original/high/h1/1final/22_매산고_1학기_기말_고1_기출.js|22_매산고_1학기_기말_고1_기출|12,[object Object]|[object Object],INDEX_RECORD_PRESENT,original/high/h1/1final/22_매산고_1학기_기말_고1_기출.js_12,6eba0c1b691ff6db8d09e9e130a3fda9e2258f973dfb960765e7d86dcc47c0ca,true,④,IN_SCOPE_FORWARD,,,CLOSED_NO_SHARED_ASSET
archive/exams/original/high/h1/1final/22_매산고_1학기_기말_고1_기출.js|22_매산고_1학기_기말_고1_기출|13,archive/exams/original/high/h1/1final/22_매산고_1학기_기말_고1_기출.js,22_매산고_1학기_기말_고1_기출,13,13,13,2015,수학(상),H15-SA-12,도형의 이동,12,H15-SA-12-REFLECTION,대칭이동,rule_inferred,complete_rule,객관식,grid,false,객관식|도형의 이동|고1|기말,45d37d8864be9f2ba23bd8f455053ed6baa9c9d25bacdf4ea23c6edeb002c9c8,37fdb19ece9aea296d5379f4222db088e4fcbc9519127d9d3737224541307c03,b15be6cb71072b84f7e1e198ce023fc5bb8b1e625335904ddcf3cffcd8b7312b,9a01c783d10633eed750806bee57a286edf2c6687286a75805b254c451293c7c,,,assets/images/22_매산고_1학기_기말_고1_기출/q13-solution.svg,66cc2f1bac5b3da5e8291908d3937ed916f2c331de53df4692f5831600a0f22b,0,LOADED_VM,,NOT_STARTED,NOT_STARTED,NOT_STARTED,SOURCE_REVIEW,SOURCE_REVIEW,GRAPH_OR_FUNCTION_STRUCTURE|COORDINATE_OR_GEOMETRY_STRUCTURE|TABLE_OR_MATRIX_STRUCTURE,,SVG,NO_PROBLEM_VISUAL,REVIEW_REQUIRED,SOLUTION_SVG,NOT_STARTED,,,116bc6cba9c693c1243359f3cc98009980a70f6235ec59362b264c9d7fe16237,NOT_STARTED,NOT_STARTED,NOT_STARTED,NOT_TESTED,PASS,canonical_and_compiled_master_match,INVENTORY_PENDING,01_scope_inventory.csv#archive/exams/original/high/h1/1final/22_매산고_1학기_기말_고1_기출.js|22_매산고_1학기_기말_고1_기출|13,[object Object],INDEX_RECORD_PRESENT,original/high/h1/1final/22_매산고_1학기_기말_고1_기출.js_13,6eba0c1b691ff6db8d09e9e130a3fda9e2258f973dfb960765e7d86dcc47c0ca,true,③,IN_SCOPE_FORWARD,,,CLOSED_NO_SHARED_ASSET
archive/exams/original/high/h1/1final/22_복성고_1학기_기말_고1_기출.js|22_복성고_1학기_기말_고1_기출|1,archive/exams/original/high/h1/1final/22_복성고_1학기_기말_고1_기출.js,22_복성고_1학기_기말_고1_기출,1,1,1,2015,수학(상),H15-SA-12,도형의 이동,12,H15-SA-12-TRANSLATION,평행이동,rule_inferred,complete_rule,객관식,grid,false,객관식|평행이동|좌표,030bc4ce87d1e849462e9c3047277cc89808b493d988eb8e0e7460a548fa25da,057b770f23e6626501f9f5bc20aed6f66f12cfeb64f78c5374c16f997c0d993e,b15be6cb71072b84f7e1e198ce023fc5bb8b1e625335904ddcf3cffcd8b7312b,ecbafb96716a12ad42f7ae25d092f05f73142e4f9f5ab90343d16d66ef85c02b,,,assets/images/22_복성고_1학기_기말_고1_기출/q01-solution.svg,6b8e79aaf578e658ae8e5b346c515def5c7aacbe75e4e95e1e7a5520766b2a1c,0,LOADED_VM,,NOT_STARTED,NOT_STARTED,NOT_STARTED,SOURCE_REVIEW,SOURCE_REVIEW,COORDINATE_OR_GEOMETRY_STRUCTURE|TABLE_OR_MATRIX_STRUCTURE,,SVG,NO_PROBLEM_VISUAL,REVIEW_REQUIRED,SOLUTION_SVG,NOT_STARTED,,,a3698cf409cf4d7f8c4eadc3bea3e5222da9913d9cf52cde1d08b2f42647ace3,NOT_STARTED,NOT_STARTED,NOT_STARTED,NOT_TESTED,PASS,canonical_and_compiled_master_match,INVENTORY_PENDING,01_scope_inventory.csv#archive/exams/original/high/h1/1final/22_복성고_1학기_기말_고1_기출.js|22_복성고_1학기_기말_고1_기출|1,[object Object],INDEX_RECORD_PRESENT,original/high/h1/1final/22_복성고_1학기_기말_고1_기출.js_1,400e2aca1499c9d907123620c6251a29f161016cdaa1458ca3332a19e0f9df4d,true,③,IN_SCOPE_FORWARD,,,CLOSED_NO_SHARED_ASSET
archive/exams/original/high/h1/1final/22_복성고_1학기_기말_고1_기출.js|22_복성고_1학기_기말_고1_기출|9,archive/exams/original/high/h1/1final/22_복성고_1학기_기말_고1_기출.js,22_복성고_1학기_기말_고1_기출,9,9,9,2015,수학(상),H15-SA-12,도형의 이동,12,H15-SA-12-COMPOSITE_TRANSFORMATION,합성 변환,rule_inferred,complete_rule,객관식,grid,false,객관식|원|평행이동|대칭이동,cf1708077d39219e769aa0c2db8104099a5f70dbe38850574ab76db92e6a6174,2ac36b2abd488167286a048635e2c03f6bced182a0f6e729b1804a171278772d,0bdef091c479702584f065d3a3714f8a76f851b3f0cf10912f345a5dd930b0a8,335206e6c132dd6f78eb03ab40b26721e1e76f85408481d2af8eadc3be37af10,,,assets/images/22_복성고_1학기_기말_고1_기출/q09-solution.svg,a9bc3ab3d7c1d28b4df92854571228bf5561da62a2b69869fde248e31eba8b54,0,LOADED_VM,,NOT_STARTED,NOT_STARTED,NOT_STARTED,SOURCE_REVIEW,SOURCE_REVIEW,COORDINATE_OR_GEOMETRY_STRUCTURE|TABLE_OR_MATRIX_STRUCTURE,,SVG,NO_PROBLEM_VISUAL,REVIEW_REQUIRED,SOLUTION_SVG,NOT_STARTED,,,aa50bb8db176693687cab008c360145b6fd65c8a551b1898cb23315887300657,NOT_STARTED,NOT_STARTED,NOT_STARTED,NOT_TESTED,PASS,canonical_and_compiled_master_match,INVENTORY_PENDING,01_scope_inventory.csv#archive/exams/original/high/h1/1final/22_복성고_1학기_기말_고1_기출.js|22_복성고_1학기_기말_고1_기출|9,[object Object],INDEX_RECORD_PRESENT,original/high/h1/1final/22_복성고_1학기_기말_고1_기출.js_9,400e2aca1499c9d907123620c6251a29f161016cdaa1458ca3332a19e0f9df4d,true,⑤,IN_SCOPE_FORWARD,,,CLOSED_NO_SHARED_ASSET
archive/exams/original/high/h1/1final/23_강남여고_1학기_기말_고1_기출.js|23_강남여고_1학기_기말_고1_기출|7,archive/exams/original/high/h1/1final/23_강남여고_1학기_기말_고1_기출.js,23_강남여고_1학기_기말_고1_기출,7,7,7,2015,수학(상),H15-SA-12,도형의 이동,12,H15-SA-12-TRANSLATION,평행이동,rule_inferred,complete_rule,객관식,grid,false,객관식|도형의 이동|평행이동|직선|점|조건해석,dc1ce15d478998d5aee953538f5c0c63980b6966a95922ba5aaeb1e313b583e5,ed233e6b3aa03a196b12af07c7480441d6dcd22ab1a662436cea92a9e64fb60c,d41ea6521f53fb3dfa10cf72e2932f4405d9c999fa422cdc840d25d57e90dd34,f70c8372b30bc317357970419bc9caebb33f0ad36622f43d9dc6aad7e6ef918a,,,assets/images/23_강남여고_1학기_기말_고1_기출/q07-solution.svg,b6be744e27adfadab5edcd33ab7c90cb02e6c8d72ddbee8d1daa21f654aeea2e,0,LOADED_VM,,NOT_STARTED,NOT_STARTED,NOT_STARTED,SOURCE_REVIEW,SOURCE_REVIEW,COORDINATE_OR_GEOMETRY_STRUCTURE,,SVG,NO_PROBLEM_VISUAL,REVIEW_REQUIRED,SOLUTION_SVG,NOT_STARTED,,,2d9b6d97b258613fb365c34dd3d50ab925a2a23f3399c5da6a5e516d54e4fe5e,NOT_STARTED,NOT_STARTED,NOT_STARTED,NOT_TESTED,PASS,canonical_and_compiled_master_match,INVENTORY_PENDING,01_scope_inventory.csv#archive/exams/original/high/h1/1final/23_강남여고_1학기_기말_고1_기출.js|23_강남여고_1학기_기말_고1_기출|7,[object Object],INDEX_RECORD_PRESENT,original/high/h1/1final/23_강남여고_1학기_기말_고1_기출.js_7,93afd5bebb6848c6a3009f34813dff32ecaed26c2ad66f79bd8a86334dbed943,true,④,IN_SCOPE_FORWARD,,,CLOSED_NO_SHARED_ASSET
archive/exams/original/high/h1/1final/23_강남여고_1학기_기말_고1_기출.js|23_강남여고_1학기_기말_고1_기출|16,archive/exams/original/high/h1/1final/23_강남여고_1학기_기말_고1_기출.js,23_강남여고_1학기_기말_고1_기출,16,16,16,2015,수학(상),H15-SA-12,도형의 이동,12,H15-SA-12-COMPOSITE_TRANSFORMATION,합성 변환,rule_inferred,complete_rule,객관식,grid,false,객관식|도형의 이동|합성변환|점|좌표변환,f7eaeba788a32f12dfd06ac35e0e0ca85f835ef8b3c1abc9d9c441118fe00f67,802540cac6edf1e4286c15a700ccf6ee447460010ee36205733425459a58df98,b15be6cb71072b84f7e1e198ce023fc5bb8b1e625335904ddcf3cffcd8b7312b,83d03af1d48c8378fb9d05c9fe5a4b6b26cd62ecea78d08e7b511f558557893d,,,assets/images/23_강남여고_1학기_기말_고1_기출/q16-solution.svg,b06dbcc4b71cf30bb2877650033d27cb6630f14bd03c883fa868b5cbbcc4be7c,0,LOADED_VM,,NOT_STARTED,NOT_STARTED,NOT_STARTED,SOURCE_REVIEW,SOURCE_REVIEW,GRAPH_OR_FUNCTION_STRUCTURE|COORDINATE_OR_GEOMETRY_STRUCTURE|TABLE_OR_MATRIX_STRUCTURE,,SVG,NO_PROBLEM_VISUAL,REVIEW_REQUIRED,SOLUTION_SVG,NOT_STARTED,,,c858024c3ab11fdf17f6f17a69dedfcde971e25a4d8509b359c9d204ad84461a,NOT_STARTED,NOT_STARTED,NOT_STARTED,NOT_TESTED,PASS,canonical_and_compiled_master_match,INVENTORY_PENDING,01_scope_inventory.csv#archive/exams/original/high/h1/1final/23_강남여고_1학기_기말_고1_기출.js|23_강남여고_1학기_기말_고1_기출|16,[object Object],INDEX_RECORD_PRESENT,original/high/h1/1final/23_강남여고_1학기_기말_고1_기출.js_16,93afd5bebb6848c6a3009f34813dff32ecaed26c2ad66f79bd8a86334dbed943,true,③,IN_SCOPE_FORWARD,,,CLOSED_NO_SHARED_ASSET
archive/exams/original/high/h1/1final/23_복성고_1학기_기말_고1_기출.js|23_복성고_1학기_기말_고1_기출|6,archive/exams/original/high/h1/1final/23_복성고_1학기_기말_고1_기출.js,23_복성고_1학기_기말_고1_기출,6,6,6,2015,수학(상),H15-SA-12,도형의 이동,12,H15-SA-12-TRANSLATION,평행이동,rule_inferred,complete_rule,객관식,grid,false,객관식|평행이동|좌표|조건해석,ec740e513637988e36f6e4c55557dd5b7edd441f216d6fdf04a037ca2644f6be,94597eb4ceac6c2af5995b50b997b6b76cd2e8d152d7042fe4043e8dcc1bab51,b15be6cb71072b84f7e1e198ce023fc5bb8b1e625335904ddcf3cffcd8b7312b,b96a31f0f4454ca64088b276571051b8acdc847a051cd9023a51e501136bdc20,,,assets/images/23_복성고_1학기_기말_고1_기출/q06-solution.svg,798c8cda86a51595d7f7b9a10e80eaaa79535292238a7463540d17f36b9eaaf3,0,LOADED_VM,,NOT_STARTED,NOT_STARTED,NOT_STARTED,SOURCE_REVIEW,SOURCE_REVIEW,COORDINATE_OR_GEOMETRY_STRUCTURE|TABLE_OR_MATRIX_STRUCTURE,,SVG,NO_PROBLEM_VISUAL,REVIEW_REQUIRED,SOLUTION_SVG,NOT_STARTED,,,29ad08dde255a0e957753b3a917a536452f2e26db3fdb485dd49747b75bd669c,NOT_STARTED,NOT_STARTED,NOT_STARTED,NOT_TESTED,PASS,canonical_and_compiled_master_match,INVENTORY_PENDING,01_scope_inventory.csv#archive/exams/original/high/h1/1final/23_복성고_1학기_기말_고1_기출.js|23_복성고_1학기_기말_고1_기출|6,[object Object],INDEX_RECORD_PRESENT,original/high/h1/1final/23_복성고_1학기_기말_고1_기출.js_6,97025c9ab5909585fae7a3e1a0b6c3f091416fbc49d6125d7a69a64581c55589,true,③,IN_SCOPE_FORWARD,,,CLOSED_NO_SHARED_ASSET
archive/exams/original/high/h1/1final/23_복성고_1학기_기말_고1_기출.js|23_복성고_1학기_기말_고1_기출|14,archive/exams/original/high/h1/1final/23_복성고_1학기_기말_고1_기출.js,23_복성고_1학기_기말_고1_기출,14,14,14,2015,수학(상),H15-SA-12,도형의 이동,12,H15-SA-12-COMPOSITE_TRANSFORMATION,합성 변환,rule_inferred,complete_rule,객관식,grid,false,객관식|평행이동|대칭이동|직선|조건해석,bfab0e8e913f6bf0ffe52b096d971de9f808833980272452a8c4a38238c0da67,f42eafc11a6981ea8477dac4032380237c3af27c48f59bc958c2eb259a19f32c,973d2fd2f97e26a666f403b12da6d87e527985b36bcf4ff0a47c7e7e8c36321a,c112ef22fd7a980422b7ace83219ea93f25e319ec91865532241d8c454cf678e,,,assets/images/23_복성고_1학기_기말_고1_기출/q14-solution.svg,04c584a0dbb39fcb2be6e3cae603f7120abfa251e28c8e722c06f5f9e33efadd,0,LOADED_VM,,NOT_STARTED,NOT_STARTED,NOT_STARTED,SOURCE_REVIEW,SOURCE_REVIEW,GRAPH_OR_FUNCTION_STRUCTURE|COORDINATE_OR_GEOMETRY_STRUCTURE|TABLE_OR_MATRIX_STRUCTURE,,SVG,NO_PROBLEM_VISUAL,REVIEW_REQUIRED,SOLUTION_SVG,NOT_STARTED,,,6641a8c3e71ffbd597d124f6ba79ee4389f240532382c5d1a134dd059ae87300,NOT_STARTED,NOT_STARTED,NOT_STARTED,NOT_TESTED,PASS,canonical_and_compiled_master_match,INVENTORY_PENDING,01_scope_inventory.csv#archive/exams/original/high/h1/1final/23_복성고_1학기_기말_고1_기출.js|23_복성고_1학기_기말_고1_기출|14,[object Object],INDEX_RECORD_PRESENT,original/high/h1/1final/23_복성고_1학기_기말_고1_기출.js_14,97025c9ab5909585fae7a3e1a0b6c3f091416fbc49d6125d7a69a64581c55589,true,①,IN_SCOPE_FORWARD,,,CLOSED_NO_SHARED_ASSET
archive/exams/original/high/h1/1final/23_복성고_1학기_기말_고1_기출.js|23_복성고_1학기_기말_고1_기출|15,archive/exams/original/high/h1/1final/23_복성고_1학기_기말_고1_기출.js,23_복성고_1학기_기말_고1_기출,15,15,15,2015,수학(상),H15-SA-12,도형의 이동,12,H15-SA-12-REFLECTION,대칭이동,rule_inferred,complete_rule,객관식,grid,false,객관식|도형|접기|피타고라스|넓이,3f84541793030eb83d8bb928d966e6bfcf83287ecbcd0c1c71d5b57307117e2e,924e1cf13f0ce2075e78cfe373e60316c6ab68378f2738f8434719d35a1ddad9,b15be6cb71072b84f7e1e198ce023fc5bb8b1e625335904ddcf3cffcd8b7312b,574c41baeafa9cd32044fa3622a66a08e800f2ebbb1829e276b8fc6753b835ec,assets/images/23_복성고_1학기_기말_고1_기출/q15.png,d6850731aecd15b20de7a73ba83aa52a3e5341b462526f4ad7bfe72bfd84cd41,assets/images/23_복성고_1학기_기말_고1_기출/q15-solution.svg,6b2b40bccf15a79d36e570808d737544c1b7b3fe2e21cf1166dbe9ee0645a92a,0,LOADED_VM,,NOT_STARTED,NOT_STARTED,NOT_STARTED,SOURCE_REVIEW,SOURCE_REVIEW,COORDINATE_OR_GEOMETRY_STRUCTURE,,SVG,PROBLEM_VISUAL_PRESENT,REVIEW_REQUIRED,SOLUTION_SVG,NOT_STARTED,,,ab044652709e71681de9a37c54b6e3a7d5b52293b1437e359d5fce30703e7406,NOT_STARTED,NOT_STARTED,NOT_STARTED,NOT_TESTED,PASS,canonical_and_compiled_master_match,INVENTORY_PENDING,01_scope_inventory.csv#archive/exams/original/high/h1/1final/23_복성고_1학기_기말_고1_기출.js|23_복성고_1학기_기말_고1_기출|15,[object Object]|[object Object],INDEX_RECORD_PRESENT,original/high/h1/1final/23_복성고_1학기_기말_고1_기출.js_15,97025c9ab5909585fae7a3e1a0b6c3f091416fbc49d6125d7a69a64581c55589,true,③,IN_SCOPE_FORWARD,,,CLOSED_NO_SHARED_ASSET
archive/exams/original/high/h1/1final/23_복성고_1학기_기말_고1_기출.js|23_복성고_1학기_기말_고1_기출|18,archive/exams/original/high/h1/1final/23_복성고_1학기_기말_고1_기출.js,23_복성고_1학기_기말_고1_기출,18,18,18,2015,수학(상),H15-SA-12,도형의 이동,12,H15-SA-12-REFLECTION,대칭이동,rule_inferred,complete_rule,객관식,grid,false,객관식|직선|내분점|대칭이동|무게중심,115ec22cc34671de295a37d3ab6f84cba8bad785b7c34028d223ef31d08b8ab5,c864ee6a306658291b9f8949c6fe3a569ceb4f551315d0d51bd7ef7aa42d6075,b15be6cb71072b84f7e1e198ce023fc5bb8b1e625335904ddcf3cffcd8b7312b,b03244cbe2814461def62964b506b7969238d64e444a0e5dd16aca846fa55379,,,assets/images/23_복성고_1학기_기말_고1_기출/q18-solution.svg,e6767759447379c9dc486fbe36700cb6feeabeace9e5a6e284c528bc24a68835,0,LOADED_VM,,NOT_STARTED,NOT_STARTED,NOT_STARTED,SOURCE_REVIEW,SOURCE_REVIEW,COORDINATE_OR_GEOMETRY_STRUCTURE|TABLE_OR_MATRIX_STRUCTURE,,SVG,NO_PROBLEM_VISUAL,REVIEW_REQUIRED,SOLUTION_SVG,NOT_STARTED,,,12120a14a2ed9b6654dc25e0b43f8c08465cd79e4305f4793c77d61fd5fdb647,NOT_STARTED,NOT_STARTED,NOT_STARTED,NOT_TESTED,PASS,canonical_and_compiled_master_match,INVENTORY_PENDING,01_scope_inventory.csv#archive/exams/original/high/h1/1final/23_복성고_1학기_기말_고1_기출.js|23_복성고_1학기_기말_고1_기출|18,[object Object],INDEX_RECORD_PRESENT,original/high/h1/1final/23_복성고_1학기_기말_고1_기출.js_18,97025c9ab5909585fae7a3e1a0b6c3f091416fbc49d6125d7a69a64581c55589,true,③,IN_SCOPE_FORWARD,,,CLOSED_NO_SHARED_ASSET
archive/exams/original/high/h1/1final/23_순천여고_1학기_기말_고1_기출.js|23_순천여고_1학기_기말_고1_기출|3,archive/exams/original/high/h1/1final/23_순천여고_1학기_기말_고1_기출.js,23_순천여고_1학기_기말_고1_기출,3,3,3,2015,수학(상),H15-SA-12,도형의 이동,12,H15-SA-12-REFLECTION,대칭이동,rule_inferred,complete_rule,객관식,grid,false,객관식|도형의이동|대칭이동|삼각형|넓이,dddd3ad93489ff4193bf2dacc85dd00ce37d0b315aa8540c4efc7c58f1c824dc,73a68c1e61d6d0fc777d4775140d9bf286839172feca74f1de5674f460407a41,973d2fd2f97e26a666f403b12da6d87e527985b36bcf4ff0a47c7e7e8c36321a,66cd8553c4f15a4e8a59a889b17095ccfc678ddde7a1fad7008b3048a20ee1e1,,,assets/images/23_순천여고_1학기_기말_고1_기출/q03-solution.svg,9416ce603b86b045f67dcbc9d9151cbc57af46a7b321815a3930e7424c1c0dec,0,LOADED_VM,,NOT_STARTED,NOT_STARTED,NOT_STARTED,SOURCE_REVIEW,SOURCE_REVIEW,COORDINATE_OR_GEOMETRY_STRUCTURE|TABLE_OR_MATRIX_STRUCTURE,,SVG,NO_PROBLEM_VISUAL,REVIEW_REQUIRED,SOLUTION_SVG,NOT_STARTED,,,6fd9492844ec4ddea6c61edf46088f70de3fb6d8bacaf54ad0b5c9ce2aec976d,NOT_STARTED,NOT_STARTED,NOT_STARTED,NOT_TESTED,PASS,canonical_and_compiled_master_match,INVENTORY_PENDING,01_scope_inventory.csv#archive/exams/original/high/h1/1final/23_순천여고_1학기_기말_고1_기출.js|23_순천여고_1학기_기말_고1_기출|3,[object Object],INDEX_RECORD_PRESENT,original/high/h1/1final/23_순천여고_1학기_기말_고1_기출.js_3,19e4cd9a1bbb6207b1d172298be76c4cdfcac65ca26b2ddc3e28ad06a393cd9d,true,①,IN_SCOPE_FORWARD,,,CLOSED_NO_SHARED_ASSET
archive/exams/original/high/h1/1final/23_순천여고_1학기_기말_고1_기출.js|23_순천여고_1학기_기말_고1_기출|19,archive/exams/original/high/h1/1final/23_순천여고_1학기_기말_고1_기출.js,23_순천여고_1학기_기말_고1_기출,19,19,19,2015,수학(상),H15-SA-12,도형의 이동,12,H15-SA-12-TRANSLATION,평행이동,rule_inferred,complete_rule,객관식,grid,false,객관식|도형의이동|평행이동|직선|최솟값|좌표,059aeec0619d51df2ce80b4f2d4dfd421c40f4723adefb615239abe30228ff9e,959b876d64664e0961b24865e75238237884a2655dc9d2fa6cdefe0b8ebe7921,0bdef091c479702584f065d3a3714f8a76f851b3f0cf10912f345a5dd930b0a8,221f58f306ff74f00740fac5ba2d6d78dd409fc0b21b1d5e73205a2ba368f4f6,,,assets/images/23_순천여고_1학기_기말_고1_기출/q19-solution.svg,5a47d3b8126344909ce85472727438e95252bfb8be8cf8823c2048b676c8a92d,0,LOADED_VM,,NOT_STARTED,NOT_STARTED,NOT_STARTED,SOURCE_REVIEW,SOURCE_REVIEW,COORDINATE_OR_GEOMETRY_STRUCTURE|TABLE_OR_MATRIX_STRUCTURE,,SVG,NO_PROBLEM_VISUAL,REVIEW_REQUIRED,SOLUTION_SVG,NOT_STARTED,,,3f68af68bd7dddb1c2b01e1aad5737883ba03d1fad6fedadef4ed5772820f76d,NOT_STARTED,NOT_STARTED,NOT_STARTED,NOT_TESTED,PASS,canonical_and_compiled_master_match,INVENTORY_PENDING,01_scope_inventory.csv#archive/exams/original/high/h1/1final/23_순천여고_1학기_기말_고1_기출.js|23_순천여고_1학기_기말_고1_기출|19,[object Object],INDEX_RECORD_PRESENT,original/high/h1/1final/23_순천여고_1학기_기말_고1_기출.js_19,19e4cd9a1bbb6207b1d172298be76c4cdfcac65ca26b2ddc3e28ad06a393cd9d,true,⑤,IN_SCOPE_FORWARD,,,CLOSED_NO_SHARED_ASSET
archive/exams/original/high/h1/1final/24_매산고_1학기_기말_고1_기출.js|24_매산고_1학기_기말_고1_기출|10,archive/exams/original/high/h1/1final/24_매산고_1학기_기말_고1_기출.js,24_매산고_1학기_기말_고1_기출,10,10,10,2015,수학(상),H15-SA-12,도형의 이동,12,H15-SA-12-REFLECTION,대칭이동,rule_inferred,complete_rule,객관식,grid,false,객관식|도형의이동|대칭|판별식,49478c76191b8766f24f45c6877ba301f1c06b33d33e62202fa5857b39ead8d9,ff782081a4cc25de5ebd8fdb3b10e93e0a2a8b181fb4cabb15c6d4c8f83c7224,b15be6cb71072b84f7e1e198ce023fc5bb8b1e625335904ddcf3cffcd8b7312b,561a4b13d15a5da47bcd4e81e016bf17d2199c7e4068c1e4b3f5c58e8e7708d4,,,assets/images/24_매산고_1학기_기말_고1_기출/q10-solution.svg,48e74a841877c7d13098a0330befa71b614f00a9378eefc4051b3ea40466f375,0,LOADED_VM,,NOT_STARTED,NOT_STARTED,NOT_STARTED,SOURCE_REVIEW,SOURCE_REVIEW,GRAPH_OR_FUNCTION_STRUCTURE|COORDINATE_OR_GEOMETRY_STRUCTURE,,SVG,NO_PROBLEM_VISUAL,REVIEW_REQUIRED,SOLUTION_SVG,NOT_STARTED,,,a1ebb0deb3eb2ceaa3daa6809de1066d33126910a2b04faa86d90eca67431b5c,NOT_STARTED,NOT_STARTED,NOT_STARTED,NOT_TESTED,PASS,canonical_and_compiled_master_match,INVENTORY_PENDING,01_scope_inventory.csv#archive/exams/original/high/h1/1final/24_매산고_1학기_기말_고1_기출.js|24_매산고_1학기_기말_고1_기출|10,[object Object],INDEX_RECORD_PRESENT,original/high/h1/1final/24_매산고_1학기_기말_고1_기출.js_10,2eadfbee7666dece7241c576d98571d62221da570c665cf63364fb8e3105d7f3,true,③,IN_SCOPE_FORWARD,,,CLOSED_NO_SHARED_ASSET
archive/exams/original/high/h1/1final/24_매산고_1학기_기말_고1_기출.js|24_매산고_1학기_기말_고1_기출|16,archive/exams/original/high/h1/1final/24_매산고_1학기_기말_고1_기출.js,24_매산고_1학기_기말_고1_기출,16,16,16,2015,수학(상),H15-SA-12,도형의 이동,12,H15-SA-12-TRANSLATION,평행이동,rule_inferred,complete_rule,단답형,grid,false,단답형|도형의이동|평행이동,810b15771eeedc5a416e7fa631ff682998e2231f50fce960a9e30ecb75044a71,4f53cda18c2baa0c0354bb5f9a3ecbe5ed12ab4d8e11ba873c2f11161202b945,7f53cfb9f79a20d9de9a5ad8a94ddaec4316796b79d7663d79f31de4289fd600,cc7df362aa30cd9595373ec6de5d5be1465d4d5620062d2b00dc164924394b6d,,,assets/images/24_매산고_1학기_기말_고1_기출/q16-solution.svg,eb6a9989b28b8e953f77f99c93c7b58131f2f69ebcccaa73c5d6d13426b91333,0,LOADED_VM,,NOT_STARTED,NOT_STARTED,NOT_STARTED,SOURCE_REVIEW,SOURCE_REVIEW,COORDINATE_OR_GEOMETRY_STRUCTURE,,SVG,NO_PROBLEM_VISUAL,REVIEW_REQUIRED,SOLUTION_SVG,NOT_STARTED,,,690d6295b7348a18faae86ec5d6c44f30330ba205fc165ea93dc2b2a19718264,NOT_STARTED,NOT_STARTED,NOT_STARTED,NOT_TESTED,PASS,canonical_and_compiled_master_match,INVENTORY_PENDING,01_scope_inventory.csv#archive/exams/original/high/h1/1final/24_매산고_1학기_기말_고1_기출.js|24_매산고_1학기_기말_고1_기출|16,[object Object],INDEX_RECORD_PRESENT,original/high/h1/1final/24_매산고_1학기_기말_고1_기출.js_16,2eadfbee7666dece7241c576d98571d62221da570c665cf63364fb8e3105d7f3,true,$2$,IN_SCOPE_FORWARD,,,CLOSED_NO_SHARED_ASSET
archive/exams/original/high/h1/1final/24_매산고_1학기_기말_고1_기출.js|24_매산고_1학기_기말_고1_기출|18,archive/exams/original/high/h1/1final/24_매산고_1학기_기말_고1_기출.js,24_매산고_1학기_기말_고1_기출,18,18,18,2015,수학(상),H15-SA-12,도형의 이동,12,H15-SA-12-REFLECTION,대칭이동,rule_inferred,complete_rule,단답형,grid,false,단답형|원|대칭이동,a290426d2732efcd1d6cf7875c9095a048a1ab31dcb8558a08fdfe8a853d689b,4f53cda18c2baa0c0354bb5f9a3ecbe5ed12ab4d8e11ba873c2f11161202b945,e02cd670ad30dbbd69f38c4e82cf14af2a3bc404ed0f00fc8fb4ecd6e08cb3bf,4ff8d0bf10cc41b050e9ce3b952edcb64c31f7b835d4a70e7499b83c116b797e,,,assets/images/24_매산고_1학기_기말_고1_기출/q18-solution.svg,c7c8eab37711df59cb6553f42f087a156edd0c34f49c7a571dd4351321a52544,0,LOADED_VM,,NOT_STARTED,NOT_STARTED,NOT_STARTED,SOURCE_REVIEW,SOURCE_REVIEW,GRAPH_OR_FUNCTION_STRUCTURE|COORDINATE_OR_GEOMETRY_STRUCTURE|TABLE_OR_MATRIX_STRUCTURE,,SVG,NO_PROBLEM_VISUAL,REVIEW_REQUIRED,SOLUTION_SVG,NOT_STARTED,,,89d25b191f2ef09a20c4c3aea392e3703c5845ef7f07e30e7830c712ef42e6ba,NOT_STARTED,NOT_STARTED,NOT_STARTED,NOT_TESTED,PASS,canonical_and_compiled_master_match,INVENTORY_PENDING,01_scope_inventory.csv#archive/exams/original/high/h1/1final/24_매산고_1학기_기말_고1_기출.js|24_매산고_1학기_기말_고1_기출|18,[object Object],INDEX_RECORD_PRESENT,original/high/h1/1final/24_매산고_1학기_기말_고1_기출.js_18,2eadfbee7666dece7241c576d98571d62221da570c665cf63364fb8e3105d7f3,true,$(x-2-2\sqrt{2})^2+(y-2)^2=4$,IN_SCOPE_FORWARD,,,CLOSED_NO_SHARED_ASSET
archive/exams/original/high/h1/1final/24_매산고_1학기_기말_고1_기출.js|24_매산고_1학기_기말_고1_기출|19,archive/exams/original/high/h1/1final/24_매산고_1학기_기말_고1_기출.js,24_매산고_1학기_기말_고1_기출,19,19,19,2015,수학(상),H15-SA-12,도형의 이동,12,H15-SA-12-TRANSLATION,평행이동,rule_inferred,complete_rule,서술형,grid,false,서술형|원|평행이동,f8f53eae4afdfd985ec5d751641b3c06ae751a73a7193a9085eeb20157bcdbaf,4f53cda18c2baa0c0354bb5f9a3ecbe5ed12ab4d8e11ba873c2f11161202b945,b46504175ab6ec5d4d69d01eaa010d355f18890b6017695cbd60e69290b03cf2,b39fb0a4703147daa80c0d26bde1fef66314d917bf79455c0ac96706a49c721e,,,assets/images/24_매산고_1학기_기말_고1_기출/q19-solution.svg,dc7f7a76e84a88b8cd82b6e7bad98fb39d3cead31b23f650542a0e31a8108747,0,LOADED_VM,,NOT_STARTED,NOT_STARTED,NOT_STARTED,SOURCE_REVIEW,SOURCE_REVIEW,COORDINATE_OR_GEOMETRY_STRUCTURE,,SVG,NO_PROBLEM_VISUAL,REVIEW_REQUIRED,SOLUTION_SVG,NOT_STARTED,,,ce58f39b4274988a1c6517bd18cbdb89fc2119112e115082eda986af7fe689aa,NOT_STARTED,NOT_STARTED,NOT_STARTED,NOT_TESTED,PASS,canonical_and_compiled_master_match,INVENTORY_PENDING,01_scope_inventory.csv#archive/exams/original/high/h1/1final/24_매산고_1학기_기말_고1_기출.js|24_매산고_1학기_기말_고1_기출|19,[object Object],INDEX_RECORD_PRESENT,original/high/h1/1final/24_매산고_1학기_기말_고1_기출.js_19,2eadfbee7666dece7241c576d98571d62221da570c665cf63364fb8e3105d7f3,true,"$a=1$, $b=3$, $(x-2)^2+(y-2)^2=5$",IN_SCOPE_FORWARD,,,CLOSED_NO_SHARED_ASSET
archive/exams/original/high/h1/1final/24_제일고_1학기_기말_고1_기출.js|24_제일고_1학기_기말_고1_기출|11,archive/exams/original/high/h1/1final/24_제일고_1학기_기말_고1_기출.js,24_제일고_1학기_기말_고1_기출,11,11,11,2015,수학(상),H15-SA-12,도형의 이동,12,H15-SA-12-TRANSLATION,평행이동,rule_inferred,complete_rule,객관식,grid,false,객관식|평행이동|좌표,9f843cea91972c6639e3e1d3a7c2e7d15c5d3427b9a35f69adfb7cdb13295931,b738204e8d137bba125c274a867cd8edf8f06a629ae41f7e8da114478bf38726,d41ea6521f53fb3dfa10cf72e2932f4405d9c999fa422cdc840d25d57e90dd34,e1236d06dd4798ddbd83941e2455b0a3e35a1dd29e1696e9d6b029e4ff01dc3f,,,assets/images/24_제일고_1학기_기말_고1_기출/q11-solution.svg,6ec4c3a34f58733a2438c554a67357c722ebc7278d2847f8bd26b3cdff3143d5,0,LOADED_VM,,NOT_STARTED,NOT_STARTED,NOT_STARTED,SOURCE_REVIEW,SOURCE_REVIEW,COORDINATE_OR_GEOMETRY_STRUCTURE|TABLE_OR_MATRIX_STRUCTURE,,SVG,NO_PROBLEM_VISUAL,REVIEW_REQUIRED,SOLUTION_SVG,NOT_STARTED,,,360e1e04927430590be4a5fe77e784237e5a1c8b1b1942853f159d5033f63e2a,NOT_STARTED,NOT_STARTED,NOT_STARTED,NOT_TESTED,PASS,canonical_and_compiled_master_match,INVENTORY_PENDING,01_scope_inventory.csv#archive/exams/original/high/h1/1final/24_제일고_1학기_기말_고1_기출.js|24_제일고_1학기_기말_고1_기출|11,[object Object],INDEX_RECORD_PRESENT,original/high/h1/1final/24_제일고_1학기_기말_고1_기출.js_11,6c155378316a391038a72d44207b9af9290be51abf5473c565f7595d9d69cb0b,true,④,IN_SCOPE_FORWARD,,,CLOSED_NO_SHARED_ASSET
archive/exams/original/high/h1/1final/24_제일고_1학기_기말_고1_기출.js|24_제일고_1학기_기말_고1_기출|16,archive/exams/original/high/h1/1final/24_제일고_1학기_기말_고1_기출.js,24_제일고_1학기_기말_고1_기출,16,16,16,2015,수학(상),H15-SA-12,도형의 이동,12,H15-SA-12-TRANSLATION,평행이동,rule_inferred,complete_rule,객관식,grid,false,객관식|원|평행이동|대칭이동|최대최소,5bb9a7f91b415a8d434e8495e3fc340a56268d4b6fe3e2a3c14abcb13862c118,945cd27d5e34d1407b6ff4cbbb2590d28b7af33ccb719d591e65bfcdde691e03,d41ea6521f53fb3dfa10cf72e2932f4405d9c999fa422cdc840d25d57e90dd34,6a2fe6cade86a194e7f16d6575c75cddf07f332fc74369b222b213d9cd2495ea,,,assets/images/24_제일고_1학기_기말_고1_기출/q16-solution.svg,9496f67001ce2c657dcf866c7fcad74525c26732375f1c17cf37651e6fb163d7,0,LOADED_VM,,NOT_STARTED,NOT_STARTED,NOT_STARTED,SOURCE_REVIEW,SOURCE_REVIEW,GRAPH_OR_FUNCTION_STRUCTURE|COORDINATE_OR_GEOMETRY_STRUCTURE|TABLE_OR_MATRIX_STRUCTURE,,SVG,NO_PROBLEM_VISUAL,REVIEW_REQUIRED,SOLUTION_SVG,NOT_STARTED,,,78491b67bbdcbd147d6b9398eeb96b03bca899edbb506e4a59e1ace566479b8d,NOT_STARTED,NOT_STARTED,NOT_STARTED,NOT_TESTED,PASS,canonical_and_compiled_master_match,INVENTORY_PENDING,01_scope_inventory.csv#archive/exams/original/high/h1/1final/24_제일고_1학기_기말_고1_기출.js|24_제일고_1학기_기말_고1_기출|16,[object Object],INDEX_RECORD_PRESENT,original/high/h1/1final/24_제일고_1학기_기말_고1_기출.js_16,6c155378316a391038a72d44207b9af9290be51abf5473c565f7595d9d69cb0b,true,④,IN_SCOPE_FORWARD,,,CLOSED_NO_SHARED_ASSET
archive/exams/original/high/h1/1final/24_제일고_1학기_기말_고1_기출.js|24_제일고_1학기_기말_고1_기출|18,archive/exams/original/high/h1/1final/24_제일고_1학기_기말_고1_기출.js,24_제일고_1학기_기말_고1_기출,18,18,18,2015,수학(상),H15-SA-12,도형의 이동,12,H15-SA-12-COMPOSITE_TRANSFORMATION,합성 변환,rule_inferred,complete_rule,객관식,grid,false,객관식|도형의이동|대칭이동|최단거리|좌표,a360ccaca351de4aaa3cec53afbf133c5fff632d02a6b5ef67ed8a23be3c2d91,98e5a36895491ce4b43481e53dbc83e59d55fc2ecc50d1f007af393f7c4539d0,0bdef091c479702584f065d3a3714f8a76f851b3f0cf10912f345a5dd930b0a8,4cb8d373e3b87236397fb707bbc30740d20418bb5d5eadc4d1663906c2b9d207,assets/images/24_제일고_1학기_기말_고1_기출/q18.png,c6f43dab9517ea8f3ea38c9643b3c34c178d47d6d293ee08e0afce76b1167040,assets/images/24_제일고_1학기_기말_고1_기출/q18-solution.svg,e3a6fb84f1f9006c7e2344324d4092976e53f66c380bf322f6b817d4fc40b343,0,LOADED_VM,,NOT_STARTED,NOT_STARTED,NOT_STARTED,SOURCE_REVIEW,SOURCE_REVIEW,COORDINATE_OR_GEOMETRY_STRUCTURE|COUNTING_STRUCTURE|TABLE_OR_MATRIX_STRUCTURE,,SVG,PROBLEM_VISUAL_PRESENT,REVIEW_REQUIRED,SOLUTION_SVG,NOT_STARTED,,,f92a1e84ed49d7753927b0447f9e6c0f73a567bccc3cf593f0ed18be61473356,NOT_STARTED,NOT_STARTED,NOT_STARTED,NOT_TESTED,PASS,canonical_and_compiled_master_match,INVENTORY_PENDING,01_scope_inventory.csv#archive/exams/original/high/h1/1final/24_제일고_1학기_기말_고1_기출.js|24_제일고_1학기_기말_고1_기출|18,[object Object]|[object Object],INDEX_RECORD_PRESENT,original/high/h1/1final/24_제일고_1학기_기말_고1_기출.js_18,6c155378316a391038a72d44207b9af9290be51abf5473c565f7595d9d69cb0b,true,⑤,IN_SCOPE_FORWARD,,,CLOSED_NO_SHARED_ASSET
archive/exams/original/high/h1/2final/21_제일고_2학기_기말_고1_기출.js|21_제일고_2학기_기말_고1_기출|19,archive/exams/original/high/h1/2final/21_제일고_2학기_기말_고1_기출.js,21_제일고_2학기_기말_고1_기출,19,19,19,2015,수학(상),H15-SA-12,도형의 이동,12,H15-SA-12-TRANSLATION,평행이동,rule_inferred,complete_rule,서술형,grid,false,서술형|도형의이동|원의방정식,ec288dac083a50c9a9aef9e9626e5aa28945507fc4e46cfc9a5430f8ff0d5119,4f53cda18c2baa0c0354bb5f9a3ecbe5ed12ab4d8e11ba873c2f11161202b945,42d57a49a7541c9ec44e4c3f91c0e21c3ff73adab316fd1a790c832725687184,644d4a0562dbfcf9d4f777b4e818246ac6c12210f729bcdb1aca97ff8bae3341,,,assets/images/21_제일고_2학기_기말_고1_기출/q19-solution.svg,9c840f614a0d6428ac50e63fa15e7ad00ef9af4e6d7a7366797f862610028b6b,0,LOADED_VM,,NOT_STARTED,NOT_STARTED,NOT_STARTED,SOURCE_REVIEW,SOURCE_REVIEW,COORDINATE_OR_GEOMETRY_STRUCTURE|TABLE_OR_MATRIX_STRUCTURE,,SVG,NO_PROBLEM_VISUAL,REVIEW_REQUIRED,SOLUTION_SVG,NOT_STARTED,,,18efad93df419a3aa6b4c76ee6a85538781825857938f8d12e63eb00beac0523,NOT_STARTED,NOT_STARTED,NOT_STARTED,NOT_TESTED,PASS,canonical_and_compiled_master_match,INVENTORY_PENDING,01_scope_inventory.csv#archive/exams/original/high/h1/2final/21_제일고_2학기_기말_고1_기출.js|21_제일고_2학기_기말_고1_기출|19,[object Object],INDEX_RECORD_PRESENT,original/high/h1/2final/21_제일고_2학기_기말_고1_기출.js_19,426b55ce2065cb61891d63d4f7300f3b640734b606b882d696e014c0ce9343ac,true,"$a=5,\ b=2$",IN_SCOPE_FORWARD,,,CLOSED_NO_SHARED_ASSET
archive/exams/original/high/h1/2final/21_효천고_2학기_기말_고1_기출.js|21_효천고_2학기_기말_고1_기출|1,archive/exams/original/high/h1/2final/21_효천고_2학기_기말_고1_기출.js,21_효천고_2학기_기말_고1_기출,1,1,1,2015,수학(상),H15-SA-12,도형의 이동,12,H15-SA-12-COMPOSITE_TRANSFORMATION,합성 변환,rule_inferred,complete_rule,객관식,grid,false,객관식|평행이동|대칭이동,b326e78bedaf7fcb6b37e6f90a1f10b7d0b3079f61cd729646e21ab6201bf15d,ec9edc7a0d8f8aec4556c614661aa28a8dc2399a6106b4eff8de595d18df8be2,973d2fd2f97e26a666f403b12da6d87e527985b36bcf4ff0a47c7e7e8c36321a,41d0d83ae2c89ad2911a7adb1ca35c86713ed888d8d5f1fe37c2caf947452260,,,assets/images/21_효천고_2학기_기말_고1_기출/q01-solution.svg,1397e952893ebe40c6f564c29a7feb1a2dc3f815b327c0fcee1b8c27041f1897,0,LOADED_VM,,NOT_STARTED,NOT_STARTED,NOT_STARTED,SOURCE_REVIEW,SOURCE_REVIEW,COORDINATE_OR_GEOMETRY_STRUCTURE,,SVG,NO_PROBLEM_VISUAL,REVIEW_REQUIRED,SOLUTION_SVG,NOT_STARTED,,,f4b9f9ca0ea8033b5a1db5eae626d26806c5fa1eee61359b8568de3630c302b3,NOT_STARTED,NOT_STARTED,NOT_STARTED,NOT_TESTED,PASS,canonical_and_compiled_master_match,INVENTORY_PENDING,01_scope_inventory.csv#archive/exams/original/high/h1/2final/21_효천고_2학기_기말_고1_기출.js|21_효천고_2학기_기말_고1_기출|1,[object Object],INDEX_RECORD_PRESENT,original/high/h1/2final/21_효천고_2학기_기말_고1_기출.js_1,ae2987e48398d97879a0b4dc855bc8c1d88fbe1a6e2e2c4ffb2ecd39ffa7fd08,true,①,IN_SCOPE_FORWARD,,,CLOSED_NO_SHARED_ASSET
archive/exams/original/high/h1/2final/25_제일고_2학기_기말_고1_기출.js|25_제일고_2학기_기말_고1_기출|2,archive/exams/original/high/h1/2final/25_제일고_2학기_기말_고1_기출.js,25_제일고_2학기_기말_고1_기출,2,2,2,2022,공통수학2,H22-C2-04,도형의 이동,4,H22-C2-04-CORE,도형의 이동 핵심 개념,rule_inferred,complete_rule,객관식,grid,false,객관식|도형의 이동|평행이동|점|좌표,763a7b5c209aaff94ebc884c08ac6fb51a2802fdea944e841fe33c5d2b3ad3e0,5fdc5309de3539d978d9384ed0c26101a74b2faa8d897fa102b0adb4600a4576,dfde05a3668030e99ca64d8d4ae5f6b64c7a87cee61c0ba43904b92ef210191d,a6d4dde9252bea956c095d48be3d2cd33f0afbf0a9de22e077acae2ca7d9107b,,,assets/images/25_제일고_2학기_기말_고1_기출/q02-solution.svg,2ca8c3a3ed30716418df5b98a05d137dd3a7cb9fce915fdd4275c58365669562,0,LOADED_VM,,NOT_STARTED,NOT_STARTED,NOT_STARTED,SOURCE_REVIEW,SOURCE_REVIEW,COORDINATE_OR_GEOMETRY_STRUCTURE|TABLE_OR_MATRIX_STRUCTURE,,SVG,NO_PROBLEM_VISUAL,REVIEW_REQUIRED,SOLUTION_SVG,NOT_STARTED,,,3c7968f1778e49af9bd1a285ebaf4c4623a8cd8e4c97f99ea024b80fac3b6e9c,NOT_STARTED,NOT_STARTED,NOT_STARTED,NOT_TESTED,PASS,canonical_and_compiled_master_match,INVENTORY_PENDING,01_scope_inventory.csv#archive/exams/original/high/h1/2final/25_제일고_2학기_기말_고1_기출.js|25_제일고_2학기_기말_고1_기출|2,[object Object],INDEX_RECORD_PRESENT,original/high/h1/2final/25_제일고_2학기_기말_고1_기출.js_2,9e21f760e41cd5a96e0bcb51894cffed2a16b1275dd8e5d26f1e0070521598c2,true,②,IN_SCOPE_FORWARD,,,CLOSED_NO_SHARED_ASSET
archive/exams/original/high/h1/2final/25_제일고_2학기_기말_고1_기출.js|25_제일고_2학기_기말_고1_기출|6,archive/exams/original/high/h1/2final/25_제일고_2학기_기말_고1_기출.js,25_제일고_2학기_기말_고1_기출,6,6,6,2022,공통수학2,H22-C2-04,도형의 이동,4,H22-C2-04-CORE,도형의 이동 핵심 개념,rule_inferred,complete_rule,객관식,grid,false,객관식|도형의 이동|대칭이동|점|최단거리,0b6eadb5e60b99cf0bb4765b5fd2fa29818dbfd46e7b42f0212af865f40d67cc,8221369de7b307f55a84dfb4fc84db15419b24df43aeb88b67e44d0f4feae595,dfde05a3668030e99ca64d8d4ae5f6b64c7a87cee61c0ba43904b92ef210191d,9ffd28eeb73e64a982141553cc1505ed3645891dfdbf63f0760d889f21d33310,,,assets/images/25_제일고_2학기_기말_고1_기출/q06-solution.svg,2614301a60272caabbac43adae961f5e6dcdd83ab3819a8e01c6866b3779a731,0,LOADED_VM,,NOT_STARTED,NOT_STARTED,NOT_STARTED,SOURCE_REVIEW,SOURCE_REVIEW,GRAPH_OR_FUNCTION_STRUCTURE|COORDINATE_OR_GEOMETRY_STRUCTURE,,SVG,NO_PROBLEM_VISUAL,REVIEW_REQUIRED,SOLUTION_SVG,NOT_STARTED,,,4d72938b9cc451b23053047f60e63bd85a01a339291e749df4943fd414fd8ad5,NOT_STARTED,NOT_STARTED,NOT_STARTED,NOT_TESTED,PASS,canonical_and_compiled_master_match,INVENTORY_PENDING,01_scope_inventory.csv#archive/exams/original/high/h1/2final/25_제일고_2학기_기말_고1_기출.js|25_제일고_2학기_기말_고1_기출|6,[object Object],INDEX_RECORD_PRESENT,original/high/h1/2final/25_제일고_2학기_기말_고1_기출.js_6,9e21f760e41cd5a96e0bcb51894cffed2a16b1275dd8e5d26f1e0070521598c2,true,②,IN_SCOPE_FORWARD,,,CLOSED_NO_SHARED_ASSET
archive/exams/original/high/h1/2mid/21_복성고_2학기_중간_고1_기출.js|21_복성고_2학기_중간_고1_기출|3,archive/exams/original/high/h1/2mid/21_복성고_2학기_중간_고1_기출.js,21_복성고_2학기_중간_고1_기출,3,3,3,2015,수학(상),H15-SA-12,도형의 이동,12,H15-SA-12-TRANSLATION,평행이동,rule_inferred,complete_rule,객관식,grid,false,객관식|도형의이동|원|평행이동|접선,7277d1d3898debf9d5e8404308a577696ec74332d10ececbeea88dc6babf5559,92d0408e83242f628b902ed389c58e1d4be3ab9fe4fde9986def2821dcf31539,973d2fd2f97e26a666f403b12da6d87e527985b36bcf4ff0a47c7e7e8c36321a,646aa00807e241111fcf6b626c4d092a55a2f12698a8d30b5e50f98054c728e2,,,assets/images/21_복성고_2학기_중간_고1_기출/q03-solution.svg,2e0be2b719b9b490837c2fb643c1df5caee5e5d661adb2b42650d5209f8dd9b8,0,LOADED_VM,,NOT_STARTED,NOT_STARTED,NOT_STARTED,SOURCE_REVIEW,SOURCE_REVIEW,COORDINATE_OR_GEOMETRY_STRUCTURE|TABLE_OR_MATRIX_STRUCTURE,,SVG,NO_PROBLEM_VISUAL,REVIEW_REQUIRED,SOLUTION_SVG,NOT_STARTED,,,d5fe573509861242abf85877d582e8a8e9ceae7ae307d1c01e6b69a9200e9479,NOT_STARTED,NOT_STARTED,NOT_STARTED,NOT_TESTED,PASS,canonical_and_compiled_master_match,INVENTORY_PENDING,01_scope_inventory.csv#archive/exams/original/high/h1/2mid/21_복성고_2학기_중간_고1_기출.js|21_복성고_2학기_중간_고1_기출|3,[object Object],INDEX_RECORD_PRESENT,original/high/h1/2mid/21_복성고_2학기_중간_고1_기출.js_3,e401793856d97e8908f926aed3465ed6a1b7aeb63e060c06aea27a6442187532,true,①,IN_SCOPE_FORWARD,,,CLOSED_NO_SHARED_ASSET
archive/exams/original/high/h1/2mid/21_복성고_2학기_중간_고1_기출.js|21_복성고_2학기_중간_고1_기출|4,archive/exams/original/high/h1/2mid/21_복성고_2학기_중간_고1_기출.js,21_복성고_2학기_중간_고1_기출,4,4,4,2015,수학(상),H15-SA-12,도형의 이동,12,H15-SA-12-REFLECTION,대칭이동,rule_inferred,complete_rule,객관식,grid,false,객관식|도형의이동|대칭이동|원점|좌표,17a75fae480230edc7a9acb09be8cb9942df2d0372cce4b79d6f63f1bad7f7bd,c2337f66744cdb463a155b027448bf9111da0b9caabad14aaeb4d1b9268a8a19,0bdef091c479702584f065d3a3714f8a76f851b3f0cf10912f345a5dd930b0a8,bd4108a6f69c6eea4d18c7f2fd1441978e42fce77d9afcd6b21c8c3d7fad8b55,,,assets/images/21_복성고_2학기_중간_고1_기출/q04-solution.svg,18260f774be129efaa51e009b6deeb3225a019b84ac1d81a3718fcff9595c23a,0,LOADED_VM,,NOT_STARTED,NOT_STARTED,NOT_STARTED,SOURCE_REVIEW,SOURCE_REVIEW,COORDINATE_OR_GEOMETRY_STRUCTURE|TABLE_OR_MATRIX_STRUCTURE,,SVG,NO_PROBLEM_VISUAL,REVIEW_REQUIRED,SOLUTION_SVG,NOT_STARTED,,,9eea808693dda31d3a69c4614f460c4fa06ccbf97b90ad4a212fcf74f2e28a4c,NOT_STARTED,NOT_STARTED,NOT_STARTED,NOT_TESTED,PASS,canonical_and_compiled_master_match,INVENTORY_PENDING,01_scope_inventory.csv#archive/exams/original/high/h1/2mid/21_복성고_2학기_중간_고1_기출.js|21_복성고_2학기_중간_고1_기출|4,[object Object],INDEX_RECORD_PRESENT,original/high/h1/2mid/21_복성고_2학기_중간_고1_기출.js_4,e401793856d97e8908f926aed3465ed6a1b7aeb63e060c06aea27a6442187532,true,⑤,IN_SCOPE_FORWARD,,,CLOSED_NO_SHARED_ASSET
archive/exams/original/high/h1/2mid/21_복성고_2학기_중간_고1_기출.js|21_복성고_2학기_중간_고1_기출|10,archive/exams/original/high/h1/2mid/21_복성고_2학기_중간_고1_기출.js,21_복성고_2학기_중간_고1_기출,10,10,10,2015,수학(상),H15-SA-12,도형의 이동,12,H15-SA-12-TRANSLATION,평행이동,rule_inferred,complete_rule,객관식,grid,false,객관식|도형의이동|직선|평행이동|공통점,0377b5af1d40669ea6644f096b3d1a07c74b860ee283f895d109d6cb4fecb5a3,4d252923e048abc03023c8051aeced1aa78098775b43872282ff7f3696847f1e,dfde05a3668030e99ca64d8d4ae5f6b64c7a87cee61c0ba43904b92ef210191d,35f21beab6f0166efb1c18b65a61961627da5db6948200a3793636af82addfba,,,assets/images/21_복성고_2학기_중간_고1_기출/q10-solution.svg,ce20c821dc70b2d8a0910f0d78178d4bfd2c87beed0e86421abdda130dbcaf4b,0,LOADED_VM,,NOT_STARTED,NOT_STARTED,NOT_STARTED,SOURCE_REVIEW,SOURCE_REVIEW,COORDINATE_OR_GEOMETRY_STRUCTURE|TABLE_OR_MATRIX_STRUCTURE,,SVG,NO_PROBLEM_VISUAL,REVIEW_REQUIRED,SOLUTION_SVG,NOT_STARTED,,,f448c804d1f7cbc3fa56402be46fb3143594233c4d7211aae8739d0eee73d1db,NOT_STARTED,NOT_STARTED,NOT_STARTED,NOT_TESTED,PASS,canonical_and_compiled_master_match,INVENTORY_PENDING,01_scope_inventory.csv#archive/exams/original/high/h1/2mid/21_복성고_2학기_중간_고1_기출.js|21_복성고_2학기_중간_고1_기출|10,[object Object],INDEX_RECORD_PRESENT,original/high/h1/2mid/21_복성고_2학기_중간_고1_기출.js_10,e401793856d97e8908f926aed3465ed6a1b7aeb63e060c06aea27a6442187532,true,②,IN_SCOPE_FORWARD,,,CLOSED_NO_SHARED_ASSET
archive/exams/original/high/h1/2mid/21_복성고_2학기_중간_고1_기출.js|21_복성고_2학기_중간_고1_기출|11,archive/exams/original/high/h1/2mid/21_복성고_2학기_중간_고1_기출.js,21_복성고_2학기_중간_고1_기출,11,11,11,2015,수학(상),H15-SA-12,도형의 이동,12,H15-SA-12-COMPOSITE_TRANSFORMATION,합성 변환,rule_inferred,complete_rule,객관식,grid,false,객관식|도형의이동|평행이동|대칭이동|그래프,f28324df0bf4a2e0dc20963164b5ccf53ad69683fc463ae00b3bf298bcab4269,45b7ddeeca8d17072f0db717a8d9dfdd1b2bf0a6e325f03bb5ba5f9d82bfda56,d41ea6521f53fb3dfa10cf72e2932f4405d9c999fa422cdc840d25d57e90dd34,bc6e0bf66e4b22ed5eb5a6c9a9563187355f7ef42e58d40d4a49ef5c67736a51,assets/images/21_복성고_2학기_중간_고1_기출/q11.png,d2be785e405d188fdf58b56ba047138ffa5edaddd5976975eeee375c81d2d53c,assets/images/21_복성고_2학기_중간_고1_기출/q11-solution.svg,5848443b395e549c764878e5277e1759c5f62f4f0241e4b87dbeadc0572ad4cd,0,LOADED_VM,,NOT_STARTED,NOT_STARTED,NOT_STARTED,SOURCE_REVIEW,SOURCE_REVIEW,GRAPH_OR_FUNCTION_STRUCTURE|COORDINATE_OR_GEOMETRY_STRUCTURE|TABLE_OR_MATRIX_STRUCTURE,,SVG,PROBLEM_VISUAL_PRESENT,REVIEW_REQUIRED,SOLUTION_SVG,NOT_STARTED,,,9438b4044b3400ae9705df73aadad3ee83f2af3b1acdd98b2f058b90b8642efd,NOT_STARTED,NOT_STARTED,NOT_STARTED,NOT_TESTED,PASS,canonical_and_compiled_master_match,INVENTORY_PENDING,01_scope_inventory.csv#archive/exams/original/high/h1/2mid/21_복성고_2학기_중간_고1_기출.js|21_복성고_2학기_중간_고1_기출|11,[object Object]|[object Object],INDEX_RECORD_PRESENT,original/high/h1/2mid/21_복성고_2학기_중간_고1_기출.js_11,e401793856d97e8908f926aed3465ed6a1b7aeb63e060c06aea27a6442187532,true,④,IN_SCOPE_FORWARD,,,CLOSED_NO_SHARED_ASSET
archive/exams/original/high/h1/2mid/21_복성고_2학기_중간_고1_기출.js|21_복성고_2학기_중간_고1_기출|18,archive/exams/original/high/h1/2mid/21_복성고_2학기_중간_고1_기출.js,21_복성고_2학기_중간_고1_기출,18,18,18,2015,수학(상),H15-SA-12,도형의 이동,12,H15-SA-12-REFLECTION,대칭이동,rule_inferred,complete_rule,객관식,grid,false,객관식|도형의이동|대칭이동|최단거리|삼각형,89d72ced4b0458e34a8ce88a5262c0a80736820b0d017f3f4944e1a10346caa2,d238063e92781ac8c4073b1a4967318e89a02ac970944422d1ac19392509ce57,d41ea6521f53fb3dfa10cf72e2932f4405d9c999fa422cdc840d25d57e90dd34,6dc78f245268d519afb482cb0fe93fe9e517d8e192e9c7a6d1a75f2e2fb381f1,,,assets/images/21_복성고_2학기_중간_고1_기출/q18-solution.svg,96492308ee2002091fc758d7e26ce787df9736641fee0fc20ae256f8c4b62d74,0,LOADED_VM,,NOT_STARTED,NOT_STARTED,NOT_STARTED,SOURCE_REVIEW,SOURCE_REVIEW,COORDINATE_OR_GEOMETRY_STRUCTURE,,SVG,NO_PROBLEM_VISUAL,REVIEW_REQUIRED,SOLUTION_SVG,NOT_STARTED,,,497ae840a2c0c10267f57b83620eebfde39fdfe9cbb9b92de6a74f7b820de1b3,NOT_STARTED,NOT_STARTED,NOT_STARTED,NOT_TESTED,PASS,canonical_and_compiled_master_match,INVENTORY_PENDING,01_scope_inventory.csv#archive/exams/original/high/h1/2mid/21_복성고_2학기_중간_고1_기출.js|21_복성고_2학기_중간_고1_기출|18,[object Object],INDEX_RECORD_PRESENT,original/high/h1/2mid/21_복성고_2학기_중간_고1_기출.js_18,e401793856d97e8908f926aed3465ed6a1b7aeb63e060c06aea27a6442187532,true,④,IN_SCOPE_FORWARD,,,CLOSED_NO_SHARED_ASSET
archive/exams/original/high/h1/2mid/21_복성고_2학기_중간_고1_기출.js|21_복성고_2학기_중간_고1_기출|22,archive/exams/original/high/h1/2mid/21_복성고_2학기_중간_고1_기출.js,21_복성고_2학기_중간_고1_기출,22,22,22,2015,수학(상),H15-SA-12,도형의 이동,12,H15-SA-12-REFLECTION,대칭이동,rule_inferred,complete_rule,서술형,grid,false,서술형|도형의이동|원|대칭이동|최대거리,b35aab3b3b1be81699a39f6702a564d2471b5f8612ce0f84909e1007e1b89699,4f53cda18c2baa0c0354bb5f9a3ecbe5ed12ab4d8e11ba873c2f11161202b945,17eed2c0e7c9788d0b46fafdf328b3e955aa0a22132c16cde72aa4f32dcd5282,b3a1394c35bf99bdf616f7a7c4abd16799a09a94848614d74bc26fe458d68093,,,assets/images/21_복성고_2학기_중간_고1_기출/q22-solution.svg,2dea69c5057651c92bb2712b0820e85fef2e6fe1581be2ae0935ff9b7b21cdee,0,LOADED_VM,,NOT_STARTED,NOT_STARTED,NOT_STARTED,SOURCE_REVIEW,SOURCE_REVIEW,GRAPH_OR_FUNCTION_STRUCTURE|COORDINATE_OR_GEOMETRY_STRUCTURE|TABLE_OR_MATRIX_STRUCTURE,,SVG,NO_PROBLEM_VISUAL,REVIEW_REQUIRED,SOLUTION_SVG,NOT_STARTED,,,e9d5902485e0ac7f535efe0468e4973d958872b9287d36291fceba5bd42f8cf8,NOT_STARTED,NOT_STARTED,NOT_STARTED,NOT_TESTED,PASS,canonical_and_compiled_master_match,INVENTORY_PENDING,01_scope_inventory.csv#archive/exams/original/high/h1/2mid/21_복성고_2학기_중간_고1_기출.js|21_복성고_2학기_중간_고1_기출|22,[object Object],INDEX_RECORD_PRESENT,original/high/h1/2mid/21_복성고_2학기_중간_고1_기출.js_22,e401793856d97e8908f926aed3465ed6a1b7aeb63e060c06aea27a6442187532,true,16,IN_SCOPE_FORWARD,,,CLOSED_NO_SHARED_ASSET
archive/exams/original/high/h1/2mid/21_순천고_2학기_중간_고1_기출.js|21_순천고_2학기_중간_고1_기출|1,archive/exams/original/high/h1/2mid/21_순천고_2학기_중간_고1_기출.js,21_순천고_2학기_중간_고1_기출,1,1,1,2015,수학(상),H15-SA-12,도형의 이동,12,H15-SA-12-COMPOSITE_TRANSFORMATION,합성 변환,rule_inferred,complete_rule,객관식,grid,false,객관식|도형의이동|원|평행이동|중심,f4b03cb25bf17be93741274bb8f14190984a580365ddad4e3f2563a4e7232b52,3cc19e370a6671b60f17396fd032ed6593aa1547f8af80d6ab8d949018911b5e,0bdef091c479702584f065d3a3714f8a76f851b3f0cf10912f345a5dd930b0a8,d16a991b335d65ff00cf594474dab07174d3c69046c1575146da57f76fea1c01,,,assets/images/21_순천고_2학기_중간_고1_기출/q01-solution.svg,e79f338957e07b91276027c2f18e1197e1fbd63ded9dc778b833a756b025d308,0,LOADED_VM,,NOT_STARTED,NOT_STARTED,NOT_STARTED,SOURCE_REVIEW,SOURCE_REVIEW,COORDINATE_OR_GEOMETRY_STRUCTURE|TABLE_OR_MATRIX_STRUCTURE,,SVG,NO_PROBLEM_VISUAL,REVIEW_REQUIRED,SOLUTION_SVG,NOT_STARTED,,,9c44e6ca442ecadc0f34fbc61ab9ad97bbf345bce307a320aa4515745e9d8613,NOT_STARTED,NOT_STARTED,NOT_STARTED,NOT_TESTED,PASS,canonical_and_compiled_master_match,INVENTORY_PENDING,01_scope_inventory.csv#archive/exams/original/high/h1/2mid/21_순천고_2학기_중간_고1_기출.js|21_순천고_2학기_중간_고1_기출|1,[object Object],INDEX_RECORD_PRESENT,original/high/h1/2mid/21_순천고_2학기_중간_고1_기출.js_1,a26d4fd47fc1aaab402aee17b942ec9bc9a4cdc4add04303618d906b47a00ea7,true,⑤,IN_SCOPE_FORWARD,,,CLOSED_NO_SHARED_ASSET
archive/exams/original/high/h1/2mid/21_순천고_2학기_중간_고1_기출.js|21_순천고_2학기_중간_고1_기출|2,archive/exams/original/high/h1/2mid/21_순천고_2학기_중간_고1_기출.js,21_순천고_2학기_중간_고1_기출,2,2,2,2015,수학(상),H15-SA-12,도형의 이동,12,H15-SA-12-COMPOSITE_TRANSFORMATION,합성 변환,rule_inferred,complete_rule,객관식,grid,false,객관식|도형의이동|직선|평행이동|수직,d2715e09fd375789d3be91b8fb2631993df174545fe422ba161e574085c232d2,04ff4b3169082a6082ab34db072fb3b2f76f868bd0d5de09fcd65ec69082a994,973d2fd2f97e26a666f403b12da6d87e527985b36bcf4ff0a47c7e7e8c36321a,74cd5d448b0a7fc62ecb6666b1bebf622dda7f565c0ac8efb8f7a9aa4eef2c0a,,,assets/images/21_순천고_2학기_중간_고1_기출/q02-solution.svg,e6c34cc8db538ec5009eacf3321ba0bae2034a59db0ddb5e106ca215ff43dd1b,0,LOADED_VM,,NOT_STARTED,NOT_STARTED,NOT_STARTED,SOURCE_REVIEW,SOURCE_REVIEW,COORDINATE_OR_GEOMETRY_STRUCTURE,,SVG,NO_PROBLEM_VISUAL,REVIEW_REQUIRED,SOLUTION_SVG,NOT_STARTED,,,1a757bc14fc881c9d1df7ea17d36b0bb236431ebb2e2b6d4fee045109e345c0c,NOT_STARTED,NOT_STARTED,NOT_STARTED,NOT_TESTED,PASS,canonical_and_compiled_master_match,INVENTORY_PENDING,01_scope_inventory.csv#archive/exams/original/high/h1/2mid/21_순천고_2학기_중간_고1_기출.js|21_순천고_2학기_중간_고1_기출|2,[object Object],INDEX_RECORD_PRESENT,original/high/h1/2mid/21_순천고_2학기_중간_고1_기출.js_2,a26d4fd47fc1aaab402aee17b942ec9bc9a4cdc4add04303618d906b47a00ea7,true,①,IN_SCOPE_FORWARD,,,CLOSED_NO_SHARED_ASSET
archive/exams/original/high/h1/2mid/21_순천고_2학기_중간_고1_기출.js|21_순천고_2학기_중간_고1_기출|8,archive/exams/original/high/h1/2mid/21_순천고_2학기_중간_고1_기출.js,21_순천고_2학기_중간_고1_기출,8,8,8,2015,수학(상),H15-SA-12,도형의 이동,12,H15-SA-12-COMPOSITE_TRANSFORMATION,합성 변환,rule_inferred,complete_rule,객관식,grid,false,객관식|도형의이동|대칭이동|이차함수|거리|그래프,46d05174b20578b1c6f6371ea517721cf5c1abcf3973ddaf0149df102589ba39,a815d7280a817804d1635cecf526fb8c4c58a08fdc4504e4075be010a6b9d2d3,b15be6cb71072b84f7e1e198ce023fc5bb8b1e625335904ddcf3cffcd8b7312b,1eadd9073c436bb3f3b7dbafebf72c2dd0865ed6ce22fb2cee15d081f9069eec,,,assets/images/21_순천고_2학기_중간_고1_기출/q08-solution.svg,032de7d758977786341289e3dcee0f5f7b5d3792c92e553950d3a778360ca42b,0,LOADED_VM,,NOT_STARTED,NOT_STARTED,NOT_STARTED,SOURCE_REVIEW,SOURCE_REVIEW,GRAPH_OR_FUNCTION_STRUCTURE|COORDINATE_OR_GEOMETRY_STRUCTURE|TABLE_OR_MATRIX_STRUCTURE,,SVG,NO_PROBLEM_VISUAL,REVIEW_REQUIRED,SOLUTION_SVG,NOT_STARTED,,,722fa839022b62e6b807f788483015ba183d5dd3b2f93fdfc59ec88017ec42ff,NOT_STARTED,NOT_STARTED,NOT_STARTED,NOT_TESTED,PASS,canonical_and_compiled_master_match,INVENTORY_PENDING,01_scope_inventory.csv#archive/exams/original/high/h1/2mid/21_순천고_2학기_중간_고1_기출.js|21_순천고_2학기_중간_고1_기출|8,[object Object],INDEX_RECORD_PRESENT,original/high/h1/2mid/21_순천고_2학기_중간_고1_기출.js_8,a26d4fd47fc1aaab402aee17b942ec9bc9a4cdc4add04303618d906b47a00ea7,true,③,IN_SCOPE_FORWARD,,,CLOSED_NO_SHARED_ASSET
archive/exams/original/high/h1/2mid/21_제일고_2학기_중간_고1_기출.js|21_제일고_2학기_중간_고1_기출|1,archive/exams/original/high/h1/2mid/21_제일고_2학기_중간_고1_기출.js,21_제일고_2학기_중간_고1_기출,1,1,1,2015,수학(상),H15-SA-12,도형의 이동,12,H15-SA-12-COMPOSITE_TRANSFORMATION,합성 변환,rule_inferred,complete_rule,객관식,grid,false,객관식|도형의이동|평행이동|좌표,ca9c153079749772f4fb4ec25ab67409c89c601c3b236c3cd7dbc80ea02514b1,51247bbaa5b4e54f213e8c8d62896eb320bf4bafb4c503e7c09d7302db3ceb61,973d2fd2f97e26a666f403b12da6d87e527985b36bcf4ff0a47c7e7e8c36321a,6a61a89372b1c22b5e904ce18a0798db06f25dc56424f63d2d64e7b1ac69225e,,,,,0,LOADED_VM,,NOT_STARTED,NOT_STARTED,NOT_STARTED,SVG_REQUIRED_MISSING,SVG_REQUIRED_MISSING,COORDINATE_OR_GEOMETRY_STRUCTURE|TABLE_OR_MATRIX_STRUCTURE,,VISUAL_CANDIDATE,NO_PROBLEM_VISUAL,REVIEW_REQUIRED,NONE,NOT_STARTED,,,,NOT_STARTED,NOT_STARTED,NOT_STARTED,NOT_TESTED,PASS,canonical_and_compiled_master_match,INVENTORY_PENDING,01_scope_inventory.csv#archive/exams/original/high/h1/2mid/21_제일고_2학기_중간_고1_기출.js|21_제일고_2학기_중간_고1_기출|1,,INDEX_RECORD_PRESENT,original/high/h1/2mid/21_제일고_2학기_중간_고1_기출.js_1,3e774ed496a25d32ef3b1687d033db93c1c6dbda7da7b3b4c55428cdf7e74653,true,①,IN_SCOPE_FORWARD,,,CLOSED_NO_SHARED_ASSET
archive/exams/original/high/h1/2mid/21_제일고_2학기_중간_고1_기출.js|21_제일고_2학기_중간_고1_기출|2,archive/exams/original/high/h1/2mid/21_제일고_2학기_중간_고1_기출.js,21_제일고_2학기_중간_고1_기출,2,2,2,2015,수학(상),H15-SA-12,도형의 이동,12,H15-SA-12-COMPOSITE_TRANSFORMATION,합성 변환,rule_inferred,complete_rule,객관식,grid,false,객관식|도형의이동|대칭이동|원|직선,bfe21945ead5b4fa48f8788c502c1966b062e2319fa5bf9b11ca6a23d7aa0707,b587d60705ad4eff4e23860cd03951f7cf24bbf938516cb8ef95ac3e9fd5c8dc,dfde05a3668030e99ca64d8d4ae5f6b64c7a87cee61c0ba43904b92ef210191d,e0eea99d5b5ea695c8360414d84f49b436bcd4f8be4ea0408ffc1a6310e91f19,,,assets/images/21_제일고_2학기_중간_고1_기출/q02-solution.svg,92aa46c65c6d57aaac1d988abb61a20f86736a1f06c5e9275a70d57f3a81551d,0,LOADED_VM,,NOT_STARTED,NOT_STARTED,NOT_STARTED,SOURCE_REVIEW,SOURCE_REVIEW,COORDINATE_OR_GEOMETRY_STRUCTURE,,SVG,NO_PROBLEM_VISUAL,REVIEW_REQUIRED,SOLUTION_SVG,NOT_STARTED,,,fe8da1ad76e40a972caeb80aa98647eb47987a5345d17f84449c53b1617060f8,NOT_STARTED,NOT_STARTED,NOT_STARTED,NOT_TESTED,PASS,canonical_and_compiled_master_match,INVENTORY_PENDING,01_scope_inventory.csv#archive/exams/original/high/h1/2mid/21_제일고_2학기_중간_고1_기출.js|21_제일고_2학기_중간_고1_기출|2,[object Object],INDEX_RECORD_PRESENT,original/high/h1/2mid/21_제일고_2학기_중간_고1_기출.js_2,3e774ed496a25d32ef3b1687d033db93c1c6dbda7da7b3b4c55428cdf7e74653,true,②,IN_SCOPE_FORWARD,,,CLOSED_NO_SHARED_ASSET
archive/exams/original/high/h1/2mid/21_제일고_2학기_중간_고1_기출.js|21_제일고_2학기_중간_고1_기출|14,archive/exams/original/high/h1/2mid/21_제일고_2학기_중간_고1_기출.js,21_제일고_2학기_중간_고1_기출,14,14,14,2015,수학(상),H15-SA-12,도형의 이동,12,H15-SA-12-COMPOSITE_TRANSFORMATION,합성 변환,rule_inferred,complete_rule,객관식,grid,false,객관식|도형의이동|평행이동|대칭이동|직선,ca5e42f2d3023562c5801838604c9ddac00712827e2674e7d5b5fe1b3fc3cfb2,1a9e001d8dc7d1472446818b457af342e06cc34257ccb58af37c56e2907e03b1,dfde05a3668030e99ca64d8d4ae5f6b64c7a87cee61c0ba43904b92ef210191d,b4cfc934596f02b6bdf5db9ad6628b4c48b54c01167e47fc552013ff22c08f06,,,assets/images/21_제일고_2학기_중간_고1_기출/q14-solution.svg,e14e45cb8b81b3e05b3e564aae73863fa5a8d3c6317e86fb518856a4d178c08b,0,LOADED_VM,,NOT_STARTED,NOT_STARTED,NOT_STARTED,SOURCE_REVIEW,SOURCE_REVIEW,GRAPH_OR_FUNCTION_STRUCTURE|COORDINATE_OR_GEOMETRY_STRUCTURE,,SVG,NO_PROBLEM_VISUAL,REVIEW_REQUIRED,SOLUTION_SVG,NOT_STARTED,,,bff4c3c75940c2d3e99f8469e3071105cb52923b817c9b9d4e49337dc2a332ab,NOT_STARTED,NOT_STARTED,NOT_STARTED,NOT_TESTED,PASS,canonical_and_compiled_master_match,INVENTORY_PENDING,01_scope_inventory.csv#archive/exams/original/high/h1/2mid/21_제일고_2학기_중간_고1_기출.js|21_제일고_2학기_중간_고1_기출|14,[object Object],INDEX_RECORD_PRESENT,original/high/h1/2mid/21_제일고_2학기_중간_고1_기출.js_14,3e774ed496a25d32ef3b1687d033db93c1c6dbda7da7b3b4c55428cdf7e74653,true,②,IN_SCOPE_FORWARD,,,CLOSED_NO_SHARED_ASSET
archive/exams/original/high/h1/2mid/21_제일고_2학기_중간_고1_기출.js|21_제일고_2학기_중간_고1_기출|19,archive/exams/original/high/h1/2mid/21_제일고_2학기_중간_고1_기출.js,21_제일고_2학기_중간_고1_기출,19,19,19,2015,수학(상),H15-SA-12,도형의 이동,12,H15-SA-12-COMPOSITE_TRANSFORMATION,합성 변환,rule_inferred,complete_rule,서술형,grid,false,서술형|도형의이동|대칭이동|최단거리|좌표,e8e8bbe2883cd85438bbeb67699a875a129ca0fecee51576d62fba1c93a287b7,4f53cda18c2baa0c0354bb5f9a3ecbe5ed12ab4d8e11ba873c2f11161202b945,b27c4afbd7fc7e71a4734a98f79da2939c9a2bbb0068fe3823775e6b8adbb165,0113c9f575adaf16bfab7b9cc929d58640806ebce2601353e0cb79d44568efbe,,,assets/images/21_제일고_2학기_중간_고1_기출/q19-solution.svg,502b8b8e2d5e2bfe0da3ef31dd1dee70e7ed9e59adcfb8528187c70c30fa908c,0,LOADED_VM,,NOT_STARTED,NOT_STARTED,NOT_STARTED,SOURCE_REVIEW,SOURCE_REVIEW,COORDINATE_OR_GEOMETRY_STRUCTURE|COUNTING_STRUCTURE|TABLE_OR_MATRIX_STRUCTURE,,SVG,NO_PROBLEM_VISUAL,REVIEW_REQUIRED,SOLUTION_SVG,NOT_STARTED,,,776d1d10dcf9e20d19c421a3b8e1a444914f7b74eb8c9371e88e02ac4d4cb139,NOT_STARTED,NOT_STARTED,NOT_STARTED,NOT_TESTED,PASS,canonical_and_compiled_master_match,INVENTORY_PENDING,01_scope_inventory.csv#archive/exams/original/high/h1/2mid/21_제일고_2학기_중간_고1_기출.js|21_제일고_2학기_중간_고1_기출|19,[object Object],INDEX_RECORD_PRESENT,original/high/h1/2mid/21_제일고_2학기_중간_고1_기출.js_19,3e774ed496a25d32ef3b1687d033db93c1c6dbda7da7b3b4c55428cdf7e74653,true,"최솟값 $6\sqrt2$, $x=-1$",IN_SCOPE_FORWARD,,,CLOSED_NO_SHARED_ASSET
archive/exams/original/high/h1/2mid/21_효천고_2학기_중간_고1_기출.js|21_효천고_2학기_중간_고1_기출|3,archive/exams/original/high/h1/2mid/21_효천고_2학기_중간_고1_기출.js,21_효천고_2학기_중간_고1_기출,3,3,3,2015,수학(상),H15-SA-12,도형의 이동,12,H15-SA-12-TRANSLATION,평행이동,rule_inferred,complete_rule,객관식,grid,false,객관식|도형의이동|직선|평행이동|좌표,626093123424425610876fc59009426e9f55830833e0192c5b540b0c5c1aeffa,3cc19e370a6671b60f17396fd032ed6593aa1547f8af80d6ab8d949018911b5e,d41ea6521f53fb3dfa10cf72e2932f4405d9c999fa422cdc840d25d57e90dd34,d05a0ef979a28918eda660429f0f7c2b73ae47577d90d66a1606ab5e5c10d1b1,,,,,0,LOADED_VM,,NOT_STARTED,NOT_STARTED,NOT_STARTED,SVG_REQUIRED_MISSING,SVG_REQUIRED_MISSING,COORDINATE_OR_GEOMETRY_STRUCTURE|TABLE_OR_MATRIX_STRUCTURE,,VISUAL_CANDIDATE,NO_PROBLEM_VISUAL,REVIEW_REQUIRED,NONE,NOT_STARTED,,,,NOT_STARTED,NOT_STARTED,NOT_STARTED,NOT_TESTED,PASS,canonical_and_compiled_master_match,INVENTORY_PENDING,01_scope_inventory.csv#archive/exams/original/high/h1/2mid/21_효천고_2학기_중간_고1_기출.js|21_효천고_2학기_중간_고1_기출|3,,INDEX_RECORD_PRESENT,original/high/h1/2mid/21_효천고_2학기_중간_고1_기출.js_3,84f8a40a0b516e625e0c7046c7a6cd00a2b6c9a1521ae9a19a89d1f958384564,true,④,IN_SCOPE_FORWARD,,,CLOSED_NO_SHARED_ASSET
archive/exams/original/high/h1/2mid/21_효천고_2학기_중간_고1_기출.js|21_효천고_2학기_중간_고1_기출|5,archive/exams/original/high/h1/2mid/21_효천고_2학기_중간_고1_기출.js,21_효천고_2학기_중간_고1_기출,5,5,5,2015,수학(상),H15-SA-12,도형의 이동,12,H15-SA-12-REFLECTION,대칭이동,rule_inferred,complete_rule,객관식,grid,false,객관식|도형의이동|원|대칭이동|넓이이등분,ed9fde4a42ed17770a81a7a422eac57b649ccdc93c6de5c465c8e8b7d9a7a245,3cc19e370a6671b60f17396fd032ed6593aa1547f8af80d6ab8d949018911b5e,0bdef091c479702584f065d3a3714f8a76f851b3f0cf10912f345a5dd930b0a8,19ff23cf09cbb8295ac8ffa3d1f286dbc7f20c79e2a3f8c14e8008fc66a8c14f,,,assets/images/21_효천고_2학기_중간_고1_기출/q05-solution.svg,bb3d21124d94cc298ce000f3a3d37a7f831dc3566e8c222822e037a3334cdfc7,0,LOADED_VM,,NOT_STARTED,NOT_STARTED,NOT_STARTED,SOURCE_REVIEW,SOURCE_REVIEW,GRAPH_OR_FUNCTION_STRUCTURE|COORDINATE_OR_GEOMETRY_STRUCTURE|TABLE_OR_MATRIX_STRUCTURE,,SVG,NO_PROBLEM_VISUAL,REVIEW_REQUIRED,SOLUTION_SVG,NOT_STARTED,,,e7ba2b144aff070eee9de41e24b167145c0986dfbde31cc0d733382b64e88f46,NOT_STARTED,NOT_STARTED,NOT_STARTED,NOT_TESTED,PASS,canonical_and_compiled_master_match,INVENTORY_PENDING,01_scope_inventory.csv#archive/exams/original/high/h1/2mid/21_효천고_2학기_중간_고1_기출.js|21_효천고_2학기_중간_고1_기출|5,[object Object],INDEX_RECORD_PRESENT,original/high/h1/2mid/21_효천고_2학기_중간_고1_기출.js_5,84f8a40a0b516e625e0c7046c7a6cd00a2b6c9a1521ae9a19a89d1f958384564,true,⑤,IN_SCOPE_FORWARD,,,CLOSED_NO_SHARED_ASSET
archive/exams/original/high/h1/2mid/21_효천고_2학기_중간_고1_기출.js|21_효천고_2학기_중간_고1_기출|8,archive/exams/original/high/h1/2mid/21_효천고_2학기_중간_고1_기출.js,21_효천고_2학기_중간_고1_기출,8,8,8,2015,수학(상),H15-SA-12,도형의 이동,12,H15-SA-12-COMPOSITE_TRANSFORMATION,합성 변환,rule_inferred,complete_rule,객관식,grid,false,객관식|도형의이동|대칭이동|평행이동|그래프,dfa47270c4cfb1f4e583458c835268e83ac5bb07610700666e27c390a3a23f74,cbb51efd34b277f98bee5b51e4e93e2ccd28d033c32715f81f8ef790586831ca,0bdef091c479702584f065d3a3714f8a76f851b3f0cf10912f345a5dd930b0a8,03763c5c164056c78d521801ec515f70905923f4191241a375bbcc4721be960c,assets/images/21_효천고_2학기_중간_고1_기출/q08.png,05be538f35b07c8f327220a50c563826e30f9937d860ce5f904800cc753c6a6a,assets/images/21_효천고_2학기_중간_고1_기출/q08-solution.svg,d5eeb726cfc5706c32b483641cbea9d890b57441741385c3e755e1e0edf45291,0,LOADED_VM,,NOT_STARTED,NOT_STARTED,NOT_STARTED,SOURCE_REVIEW,SOURCE_REVIEW,GRAPH_OR_FUNCTION_STRUCTURE|COORDINATE_OR_GEOMETRY_STRUCTURE|TABLE_OR_MATRIX_STRUCTURE,,SVG,PROBLEM_VISUAL_PRESENT,REVIEW_REQUIRED,SOLUTION_SVG,NOT_STARTED,,,a14fb5162ee53d94e6e17036e7215a3de4204cb9c19bf221a563250b056ba44b,NOT_STARTED,NOT_STARTED,NOT_STARTED,NOT_TESTED,PASS,canonical_and_compiled_master_match,INVENTORY_PENDING,01_scope_inventory.csv#archive/exams/original/high/h1/2mid/21_효천고_2학기_중간_고1_기출.js|21_효천고_2학기_중간_고1_기출|8,[object Object]|[object Object],INDEX_RECORD_PRESENT,original/high/h1/2mid/21_효천고_2학기_중간_고1_기출.js_8,84f8a40a0b516e625e0c7046c7a6cd00a2b6c9a1521ae9a19a89d1f958384564,true,⑤,IN_SCOPE_FORWARD,,,CLOSED_NO_SHARED_ASSET
archive/exams/original/high/h1/2mid/21_효천고_2학기_중간_고1_기출.js|21_효천고_2학기_중간_고1_기출|19,archive/exams/original/high/h1/2mid/21_효천고_2학기_중간_고1_기출.js,21_효천고_2학기_중간_고1_기출,19,19,19,2015,수학(상),H15-SA-12,도형의 이동,12,H15-SA-12-COMPOSITE_TRANSFORMATION,합성 변환,rule_inferred,complete_rule,서술형,grid,false,서술형|도형의이동|직선|평행이동|대칭이동,e711bcc1f65cca6bc80a04b3e8d81b6273bf5fb9ae16a92378ed154ebfe0806c,4f53cda18c2baa0c0354bb5f9a3ecbe5ed12ab4d8e11ba873c2f11161202b945,ad286d622a29ab2d02b5b2025b07d850c8b58364a8e4327dcb505281bcd71db5,9f9911fc2ab9ca8384eac2ef3d37bfc97a2a50122083979ecf50d2681c028842,,,assets/images/21_효천고_2학기_중간_고1_기출/q19-solution.svg,05f4fa8afc75f1caa4d14df0d053f110fe110ba68e7c4ff426c85a8b4cf0ec82,0,LOADED_VM,,NOT_STARTED,NOT_STARTED,NOT_STARTED,SOURCE_REVIEW,SOURCE_REVIEW,GRAPH_OR_FUNCTION_STRUCTURE|COORDINATE_OR_GEOMETRY_STRUCTURE,,SVG,NO_PROBLEM_VISUAL,REVIEW_REQUIRED,SOLUTION_SVG,NOT_STARTED,,,299b095a939e47d4e6d53e9c3809d92eca92b8bca31493b2cc0c0e5d93f2a4b3,NOT_STARTED,NOT_STARTED,NOT_STARTED,NOT_TESTED,PASS,canonical_and_compiled_master_match,INVENTORY_PENDING,01_scope_inventory.csv#archive/exams/original/high/h1/2mid/21_효천고_2학기_중간_고1_기출.js|21_효천고_2학기_중간_고1_기출|19,[object Object],INDEX_RECORD_PRESENT,original/high/h1/2mid/21_효천고_2학기_중간_고1_기출.js_19,84f8a40a0b516e625e0c7046c7a6cd00a2b6c9a1521ae9a19a89d1f958384564,true,[정답불가],IN_SCOPE_FORWARD,,,CLOSED_NO_SHARED_ASSET
archive/exams/original/high/h1/2mid/22_강남여고_2학기_중간_고1_기출.js|22_강남여고_2학기_중간_고1_기출|9,archive/exams/original/high/h1/2mid/22_강남여고_2학기_중간_고1_기출.js,22_강남여고_2학기_중간_고1_기출,9,9,9,2015,수학(상),H15-SA-12,도형의 이동,12,H15-SA-12-REFLECTION,대칭이동,rule_inferred,complete_rule,객관식,grid,false,객관식|도형의이동|대칭이동|삼각형넓이,a4b213b1fc21ac715f4a0907f99a94e6d9b81d42413877e7aa431f24fb7f9571,a542e66ad81f031f8f5d3e15cfe9e984acaa339ba072265d7d3ec072665042a9,973d2fd2f97e26a666f403b12da6d87e527985b36bcf4ff0a47c7e7e8c36321a,e2f8fcb04d2f49ec9b60659f6b52d0256538a4bb5584056563bcbb4fcb5fc0be,,,assets/images/22_강남여고_2학기_중간_고1_기출/q09-solution.svg,6bb1837b380eabb049997cb08b4f14934699ce828ab76c39e9a9b417fd0eed92,0,LOADED_VM,,NOT_STARTED,NOT_STARTED,NOT_STARTED,SOURCE_REVIEW,SOURCE_REVIEW,GRAPH_OR_FUNCTION_STRUCTURE|COORDINATE_OR_GEOMETRY_STRUCTURE|TABLE_OR_MATRIX_STRUCTURE,,SVG,NO_PROBLEM_VISUAL,REVIEW_REQUIRED,SOLUTION_SVG,NOT_STARTED,,,b6717236e19b0b054f784515693e52112eaa8a92d9bd198c5a72d6e407463baa,NOT_STARTED,NOT_STARTED,NOT_STARTED,NOT_TESTED,PASS,canonical_and_compiled_master_match,INVENTORY_PENDING,01_scope_inventory.csv#archive/exams/original/high/h1/2mid/22_강남여고_2학기_중간_고1_기출.js|22_강남여고_2학기_중간_고1_기출|9,[object Object],INDEX_RECORD_PRESENT,original/high/h1/2mid/22_강남여고_2학기_중간_고1_기출.js_9,c33a906b5582c5caa49f7a6b75c5cca91b1d7e8ea53b1ebc598e2223d13e86b5,true,①,IN_SCOPE_FORWARD,,,CLOSED_NO_SHARED_ASSET
archive/exams/original/high/h1/2mid/22_강남여고_2학기_중간_고1_기출.js|22_강남여고_2학기_중간_고1_기출|23,archive/exams/original/high/h1/2mid/22_강남여고_2학기_중간_고1_기출.js,22_강남여고_2학기_중간_고1_기출,23,23,23,2015,수학(상),H15-SA-12,도형의 이동,12,H15-SA-12-REFLECTION,대칭이동,rule_inferred,complete_rule,서술형,grid,false,서술형|도형의이동|원|대칭이동|접선,c13334f653ccff4708cbee5eb1b9d41c17a14d417f355ab3e0a7cfc8f6b854da,4f53cda18c2baa0c0354bb5f9a3ecbe5ed12ab4d8e11ba873c2f11161202b945,f01088e96ff6ae0688008899334216b5527c63b3b465f1ab3dd593e15c7fa4bc,b9bddb5efd55c7beb49297343df00317bef730cde63616af5031df0317981728,,,assets/images/22_강남여고_2학기_중간_고1_기출/q23-solution.svg,0b1bb3b126d37df3b23107c6e361eebf91e28ab8121f6f4af0ce1eaf2db7bb1b,0,LOADED_VM,,NOT_STARTED,NOT_STARTED,NOT_STARTED,SOURCE_REVIEW,SOURCE_REVIEW,COORDINATE_OR_GEOMETRY_STRUCTURE,,SVG,NO_PROBLEM_VISUAL,REVIEW_REQUIRED,SOLUTION_SVG,NOT_STARTED,,,36ad765c418fd6409f58dc62d482101e6f354949e8e3fe4675f195ec064474ef,NOT_STARTED,NOT_STARTED,NOT_STARTED,NOT_TESTED,PASS,canonical_and_compiled_master_match,INVENTORY_PENDING,01_scope_inventory.csv#archive/exams/original/high/h1/2mid/22_강남여고_2학기_중간_고1_기출.js|22_강남여고_2학기_중간_고1_기출|23,[object Object],INDEX_RECORD_PRESENT,original/high/h1/2mid/22_강남여고_2학기_중간_고1_기출.js_23,c33a906b5582c5caa49f7a6b75c5cca91b1d7e8ea53b1ebc598e2223d13e86b5,true,$-\dfrac5{12}$,IN_SCOPE_FORWARD,,,CLOSED_NO_SHARED_ASSET
archive/exams/original/high/h1/2mid/22_제일고_2학기_중간_고1_기출.js|22_제일고_2학기_중간_고1_기출|1,archive/exams/original/high/h1/2mid/22_제일고_2학기_중간_고1_기출.js,22_제일고_2학기_중간_고1_기출,1,1,1,2015,수학(상),H15-SA-12,도형의 이동,12,H15-SA-12-REFLECTION,대칭이동,rule_inferred,complete_rule,객관식,grid,false,객관식|도형의 방정식|직선|점대칭|대칭이동,979fd9068ba2c136196fc64ee8e7f508e5d2bb7a8d7b6ed817d5aee9c17a0aaa,17cc79016d4fc6092ccd2110c01440ebd5e33ee7e6977f0cf819e05df0152fa3,d41ea6521f53fb3dfa10cf72e2932f4405d9c999fa422cdc840d25d57e90dd34,f004bdf38cadd4a214a0fc9276f3a300c05fe2a9c325c2a2d26784fa0e325e66,,,assets/images/22_제일고_2학기_중간_고1_기출/q01-solution.svg,27de77f724ed82d9899317816d0719918425eb43575c16669e23a9657c45e912,0,LOADED_VM,,NOT_STARTED,NOT_STARTED,NOT_STARTED,SOURCE_REVIEW,SOURCE_REVIEW,COORDINATE_OR_GEOMETRY_STRUCTURE|TABLE_OR_MATRIX_STRUCTURE,,SVG,NO_PROBLEM_VISUAL,REVIEW_REQUIRED,SOLUTION_SVG,NOT_STARTED,,,3ae42246b81d8701621fc9500f75c47d4511ab8b786bcf19a087299b2f4e516d,NOT_STARTED,NOT_STARTED,NOT_STARTED,NOT_TESTED,PASS,canonical_and_compiled_master_match,INVENTORY_PENDING,01_scope_inventory.csv#archive/exams/original/high/h1/2mid/22_제일고_2학기_중간_고1_기출.js|22_제일고_2학기_중간_고1_기출|1,[object Object],INDEX_RECORD_PRESENT,original/high/h1/2mid/22_제일고_2학기_중간_고1_기출.js_1,73251f3ec3c85c41857484356652d62706f6d5334fea9a206921457bbb51b774,true,④,IN_SCOPE_FORWARD,,,CLOSED_NO_SHARED_ASSET
archive/exams/original/high/h1/2mid/22_제일고_2학기_중간_고1_기출.js|22_제일고_2학기_중간_고1_기출|3,archive/exams/original/high/h1/2mid/22_제일고_2학기_중간_고1_기출.js,22_제일고_2학기_중간_고1_기출,3,3,3,2015,수학(상),H15-SA-12,도형의 이동,12,H15-SA-12-REFLECTION,대칭이동,rule_inferred,complete_rule,단답형,grid,false,단답형|도형의 방정식|직선대칭|좌표|대칭이동,57da416f6edd1b43acf1da5bd99e1999b44fad5017dd71bebc2f56240606b5e4,4f53cda18c2baa0c0354bb5f9a3ecbe5ed12ab4d8e11ba873c2f11161202b945,7a68ec35f5abea76a19791e7099ed43ad9c6aaa8015252d2678884da36720488,c93b253965cc0681dfc8e7eec822645253719be5613ed7a367acd568ef299a09,,,assets/images/22_제일고_2학기_중간_고1_기출/q03-solution.svg,122a35bbd456181e9202595a014348208705fffe94b2e8fb579f2b9dec6aa82a,0,LOADED_VM,,NOT_STARTED,NOT_STARTED,NOT_STARTED,SOURCE_REVIEW,SOURCE_REVIEW,COORDINATE_OR_GEOMETRY_STRUCTURE|TABLE_OR_MATRIX_STRUCTURE,,SVG,NO_PROBLEM_VISUAL,REVIEW_REQUIRED,SOLUTION_SVG,NOT_STARTED,,,d3fe1ec5dcc3204e34a62cf07ae45a5f6e365f08d51ffb5bceabb6b98007e95e,NOT_STARTED,NOT_STARTED,NOT_STARTED,NOT_TESTED,PASS,canonical_and_compiled_master_match,INVENTORY_PENDING,01_scope_inventory.csv#archive/exams/original/high/h1/2mid/22_제일고_2학기_중간_고1_기출.js|22_제일고_2학기_중간_고1_기출|3,[object Object],INDEX_RECORD_PRESENT,original/high/h1/2mid/22_제일고_2학기_중간_고1_기출.js_3,73251f3ec3c85c41857484356652d62706f6d5334fea9a206921457bbb51b774,true,$\dfrac{57}{25}$,IN_SCOPE_FORWARD,,,CLOSED_NO_SHARED_ASSET
archive/exams/original/high/h1/2mid/22_제일고_2학기_중간_고1_기출.js|22_제일고_2학기_중간_고1_기출|5,archive/exams/original/high/h1/2mid/22_제일고_2학기_중간_고1_기출.js,22_제일고_2학기_중간_고1_기출,5,5,5,2015,수학(상),H15-SA-12,도형의 이동,12,H15-SA-12-REFLECTION,대칭이동,rule_inferred,complete_rule,객관식,grid,false,객관식|도형의 방정식|직선|최단거리|대칭이동,6442183d7ba407be10bcf869d1ed603aed95d066d54ac5f6e3bae82f77706a90,964271fd109cb43d7d2dd9be2319f7028acfa03f54a692534514537330345e2e,b15be6cb71072b84f7e1e198ce023fc5bb8b1e625335904ddcf3cffcd8b7312b,f2352979b62a89bc640c88e2db1e9ff20a69fd94d8dc2a8544280e1e5a14a716,,,assets/images/22_제일고_2학기_중간_고1_기출/q05-solution.svg,7c2510d192491befbbfd331e7c0fa2ddb16c07e77d4212094a61f04e0a2e23d1,0,LOADED_VM,,NOT_STARTED,NOT_STARTED,NOT_STARTED,SOURCE_REVIEW,SOURCE_REVIEW,GRAPH_OR_FUNCTION_STRUCTURE|COORDINATE_OR_GEOMETRY_STRUCTURE,,SVG,NO_PROBLEM_VISUAL,REVIEW_REQUIRED,SOLUTION_SVG,NOT_STARTED,,,01765d1df08f1dfff79ebf6adde943b1b5d2db124fdcec5209c16a5b4d65acf3,NOT_STARTED,NOT_STARTED,NOT_STARTED,NOT_TESTED,PASS,canonical_and_compiled_master_match,INVENTORY_PENDING,01_scope_inventory.csv#archive/exams/original/high/h1/2mid/22_제일고_2학기_중간_고1_기출.js|22_제일고_2학기_중간_고1_기출|5,[object Object],INDEX_RECORD_PRESENT,original/high/h1/2mid/22_제일고_2학기_중간_고1_기출.js_5,73251f3ec3c85c41857484356652d62706f6d5334fea9a206921457bbb51b774,true,③,IN_SCOPE_FORWARD,,,CLOSED_NO_SHARED_ASSET
archive/exams/original/high/h1/2mid/22_제일고_2학기_중간_고1_기출.js|22_제일고_2학기_중간_고1_기출|17,archive/exams/original/high/h1/2mid/22_제일고_2학기_중간_고1_기출.js,22_제일고_2학기_중간_고1_기출,17,17,17,2015,수학(상),H15-SA-12,도형의 이동,12,H15-SA-12-COMPOSITE_TRANSFORMATION,합성 변환,rule_inferred,complete_rule,객관식,grid,false,객관식|도형의 방정식|도형|대칭이동|평행이동|좌표변환,b19f9af5df7506cb3b56844be54697d279d82d4751dc2f72fc7e24726ffbd624,4f53cda18c2baa0c0354bb5f9a3ecbe5ed12ab4d8e11ba873c2f11161202b945,dfde05a3668030e99ca64d8d4ae5f6b64c7a87cee61c0ba43904b92ef210191d,e3a8c604f8b1adb6839851d4e4bc23a53033e180269e8c7c395008e09bdd2fd7,assets/images/22_제일고_2학기_중간_고1_기출/q17.png,7251c621940a28fd55615522625ed735811b878ff1623f124f78b0ae10b36da9,assets/images/22_제일고_2학기_중간_고1_기출/q17-solution.svg,c1df9d6d4b54897c33e8e8833de5aa52dbe1f11a14c8be65bf426d3955daa961,0,LOADED_VM,,NOT_STARTED,NOT_STARTED,NOT_STARTED,SOURCE_REVIEW,SOURCE_REVIEW,COORDINATE_OR_GEOMETRY_STRUCTURE|SET_OR_LOGIC_STRUCTURE|TABLE_OR_MATRIX_STRUCTURE,,SVG,PROBLEM_VISUAL_PRESENT,REVIEW_REQUIRED,SOLUTION_SVG,NOT_STARTED,,,63ed9e04c066f4a4e1f29d9437ab687b36889ef3ceec29c41b7f422d03e17f7a,NOT_STARTED,NOT_STARTED,NOT_STARTED,NOT_TESTED,PASS,canonical_and_compiled_master_match,INVENTORY_PENDING,01_scope_inventory.csv#archive/exams/original/high/h1/2mid/22_제일고_2학기_중간_고1_기출.js|22_제일고_2학기_중간_고1_기출|17,[object Object]|[object Object],INDEX_RECORD_PRESENT,original/high/h1/2mid/22_제일고_2학기_중간_고1_기출.js_17,73251f3ec3c85c41857484356652d62706f6d5334fea9a206921457bbb51b774,true,②,IN_SCOPE_FORWARD,,,CLOSED_NO_SHARED_ASSET
archive/exams/original/high/h1/2mid/22_효천고_2학기_중간_고1_기출.js|22_효천고_2학기_중간_고1_기출|1,archive/exams/original/high/h1/2mid/22_효천고_2학기_중간_고1_기출.js,22_효천고_2학기_중간_고1_기출,1,1,1,2015,수학(상),H15-SA-12,도형의 이동,12,H15-SA-12-TRANSLATION,평행이동,rule_inferred,complete_rule,객관식,grid,false,객관식|도형의이동|평행이동|좌표,eebd6cc81ed2e90bffbc5db4098db5544d92746b12d4ee864992b7cc39dbcace,94aa4a8d7be27302dc128269b2379e9d51077c41dafea658635509afe223c304,973d2fd2f97e26a666f403b12da6d87e527985b36bcf4ff0a47c7e7e8c36321a,8109f0891d38ee5306078135549f10bf1253597c0a7fbd7de4a547c92e67de5c,,,assets/images/22_효천고_2학기_중간_고1_기출/q01-solution.svg,1dbaaec5bf0761e646010ca0c31ee2b75cee72a5f898b0ef4361b7fc68d77f44,0,LOADED_VM,,NOT_STARTED,NOT_STARTED,NOT_STARTED,SOURCE_REVIEW,SOURCE_REVIEW,COORDINATE_OR_GEOMETRY_STRUCTURE|TABLE_OR_MATRIX_STRUCTURE,,SVG,NO_PROBLEM_VISUAL,REVIEW_REQUIRED,SOLUTION_SVG,NOT_STARTED,,,f273e87894d54c59443362f3841ff10f90b18b7bf1484cad4efcc2f694145de6,NOT_STARTED,NOT_STARTED,NOT_STARTED,NOT_TESTED,PASS,canonical_and_compiled_master_match,INVENTORY_PENDING,01_scope_inventory.csv#archive/exams/original/high/h1/2mid/22_효천고_2학기_중간_고1_기출.js|22_효천고_2학기_중간_고1_기출|1,[object Object],INDEX_RECORD_PRESENT,original/high/h1/2mid/22_효천고_2학기_중간_고1_기출.js_1,622d32dae678317c21b52adc0f48b514d063b900e6a588faa2be5d41a5d2f078,true,①,IN_SCOPE_FORWARD,,,CLOSED_NO_SHARED_ASSET
archive/exams/original/high/h1/2mid/22_효천고_2학기_중간_고1_기출.js|22_효천고_2학기_중간_고1_기출|13,archive/exams/original/high/h1/2mid/22_효천고_2학기_중간_고1_기출.js,22_효천고_2학기_중간_고1_기출,13,13,13,2015,수학(상),H15-SA-12,도형의 이동,12,H15-SA-12-REFLECTION,대칭이동,rule_inferred,complete_rule,객관식,grid,false,객관식|도형의이동|대칭이동|최단거리|직선,e67df863f2ab8bd07f3ec94a95fff6b0cd8a5a959c5fb3e68904916664cc1847,bdcc692f943677a45f02c1ed3e92a039d972fe4582a0418b5c4d741eaf06d372,0bdef091c479702584f065d3a3714f8a76f851b3f0cf10912f345a5dd930b0a8,35b134ddb2d1878df69c65b9d07375c9942cc6e1a2f1a80bc5fa734833066e68,,,assets/images/22_효천고_2학기_중간_고1_기출/q13-solution.svg,39bc63d9ec9f78a5fbfbb64e27af3cefb535a8cae9b3c68df82accc643a0187c,0,LOADED_VM,,NOT_STARTED,NOT_STARTED,NOT_STARTED,SOURCE_REVIEW,SOURCE_REVIEW,COORDINATE_OR_GEOMETRY_STRUCTURE|COUNTING_STRUCTURE|TABLE_OR_MATRIX_STRUCTURE,,SVG,NO_PROBLEM_VISUAL,REVIEW_REQUIRED,SOLUTION_SVG,NOT_STARTED,,,a133cba1e1f9f36e6bb3ccde7d307b26c893b62c28996f01bb4acaa8de92fe50,NOT_STARTED,NOT_STARTED,NOT_STARTED,NOT_TESTED,PASS,canonical_and_compiled_master_match,INVENTORY_PENDING,01_scope_inventory.csv#archive/exams/original/high/h1/2mid/22_효천고_2학기_중간_고1_기출.js|22_효천고_2학기_중간_고1_기출|13,[object Object],INDEX_RECORD_PRESENT,original/high/h1/2mid/22_효천고_2학기_중간_고1_기출.js_13,622d32dae678317c21b52adc0f48b514d063b900e6a588faa2be5d41a5d2f078,true,⑤,IN_SCOPE_FORWARD,,,CLOSED_NO_SHARED_ASSET
archive/exams/original/high/h1/2mid/22_효천고_2학기_중간_고1_기출.js|22_효천고_2학기_중간_고1_기출|17,archive/exams/original/high/h1/2mid/22_효천고_2학기_중간_고1_기출.js,22_효천고_2학기_중간_고1_기출,17,17,17,2015,수학(상),H15-SA-12,도형의 이동,12,H15-SA-12-REFLECTION,대칭이동,rule_inferred,complete_rule,객관식,grid,false,객관식|도형의이동|대칭이동|직선|점의개수,ab930b30ff97f1f7af4331740ceaee88b70e4b23d0fb027375ba960b8194d5b2,8e9b84caba423ca7cddd988836ca9ca8a95f3ba36503afd5ecab8d94f3fbdecb,d41ea6521f53fb3dfa10cf72e2932f4405d9c999fa422cdc840d25d57e90dd34,2876d04e88086c2ab7c5313691d41b17a7a31bc00e326c5e700f01ee255474a0,,,assets/images/22_효천고_2학기_중간_고1_기출/q17-solution.svg,8644cbd7fcb5f91ce7d4f6d93a84b2db2e78aea9a7d754d399c10b3f871134e7,0,LOADED_VM,,NOT_STARTED,NOT_STARTED,NOT_STARTED,SOURCE_REVIEW,SOURCE_REVIEW,GRAPH_OR_FUNCTION_STRUCTURE|COORDINATE_OR_GEOMETRY_STRUCTURE,,SVG,NO_PROBLEM_VISUAL,REVIEW_REQUIRED,SOLUTION_SVG,NOT_STARTED,,,fcece49cd68fcd2593d7bf61a3d75811696893e835b7a97086c9d0b97240549d,NOT_STARTED,NOT_STARTED,NOT_STARTED,NOT_TESTED,PASS,canonical_and_compiled_master_match,INVENTORY_PENDING,01_scope_inventory.csv#archive/exams/original/high/h1/2mid/22_효천고_2학기_중간_고1_기출.js|22_효천고_2학기_중간_고1_기출|17,[object Object],INDEX_RECORD_PRESENT,original/high/h1/2mid/22_효천고_2학기_중간_고1_기출.js_17,622d32dae678317c21b52adc0f48b514d063b900e6a588faa2be5d41a5d2f078,true,④,IN_SCOPE_FORWARD,,,CLOSED_NO_SHARED_ASSET
archive/exams/original/high/h1/2mid/22_효천고_2학기_중간_고1_기출.js|22_효천고_2학기_중간_고1_기출|21,archive/exams/original/high/h1/2mid/22_효천고_2학기_중간_고1_기출.js,22_효천고_2학기_중간_고1_기출,21,21,21,2015,수학(상),H15-SA-12,도형의 이동,12,H15-SA-12-COMPOSITE_TRANSFORMATION,합성 변환,rule_inferred,complete_rule,서술형,grid,false,서술형|도형의 이동|대칭이동|평행이동|좌표변환,49edab58cb144c2ea9432db1c1796328cbf34b8148448908e501e6be0b95d647,4f53cda18c2baa0c0354bb5f9a3ecbe5ed12ab4d8e11ba873c2f11161202b945,e3519da9060d8ec4074eb4970a7e7be583ceb947a05d11fd0eab8d614ca8a097,ab72a7f3af866276350c7fef3d1a441ea9225268d9775d0177b642396a84be93,,,assets/images/22_효천고_2학기_중간_고1_기출/q21-solution.svg,101bc5debbfe722dac921b3472474dd82796fc38fcb258196e619ff860387163,0,LOADED_VM,,NOT_STARTED,NOT_STARTED,NOT_STARTED,SOURCE_REVIEW,SOURCE_REVIEW,COORDINATE_OR_GEOMETRY_STRUCTURE|TABLE_OR_MATRIX_STRUCTURE,,SVG,NO_PROBLEM_VISUAL,REVIEW_REQUIRED,SOLUTION_SVG,NOT_STARTED,,,096c8e4d0a0a1118098a10fe1ee4be3696e9252b309d281920438b79d3314781,NOT_STARTED,NOT_STARTED,NOT_STARTED,NOT_TESTED,PASS,canonical_and_compiled_master_match,INVENTORY_PENDING,01_scope_inventory.csv#archive/exams/original/high/h1/2mid/22_효천고_2학기_중간_고1_기출.js|22_효천고_2학기_중간_고1_기출|21,[object Object],INDEX_RECORD_PRESENT,original/high/h1/2mid/22_효천고_2학기_중간_고1_기출.js_21,622d32dae678317c21b52adc0f48b514d063b900e6a588faa2be5d41a5d2f078,true,"$(2,1)$",IN_SCOPE_FORWARD,,,CLOSED_NO_SHARED_ASSET
archive/exams/original/high/h1/2mid/23_금당고_2학기_중간_고1_기출.js|23_금당고_2학기_중간_고1_기출|1,archive/exams/original/high/h1/2mid/23_금당고_2학기_중간_고1_기출.js,23_금당고_2학기_중간_고1_기출,1,1,1,2015,수학(상),H15-SA-12,도형의 이동,12,H15-SA-12-REFLECTION,대칭이동,rule_inferred,complete_rule,객관식,grid,false,객관식|도형의이동|대칭이동|x축,9965c993ce84cd68a3fb37d59339868f1febb3d484abad12f1caaa695b2a9788,e7b42ab1a423d00fc792932d9ddb7f9301d3fea52f4b09783a04fb570718aa06,b15be6cb71072b84f7e1e198ce023fc5bb8b1e625335904ddcf3cffcd8b7312b,99bac194191e0c29763b148fef0214f2bc0654f0199e25070f14fdc366d47032,,,assets/images/23_금당고_2학기_중간_고1_기출/q01-solution.svg,5616c8b04cd5879b74afe9d9af16ff80bf3e58aca18bb90f489286f6213f3a9b,0,LOADED_VM,,NOT_STARTED,NOT_STARTED,NOT_STARTED,SOURCE_REVIEW,SOURCE_REVIEW,COORDINATE_OR_GEOMETRY_STRUCTURE|TABLE_OR_MATRIX_STRUCTURE,,SVG,NO_PROBLEM_VISUAL,REVIEW_REQUIRED,SOLUTION_SVG,NOT_STARTED,,,e50b7368990a7f464bf94d62b9a5354ea229d7dc069ade69c644cfaad677be6e,NOT_STARTED,NOT_STARTED,NOT_STARTED,NOT_TESTED,PASS,canonical_and_compiled_master_match,INVENTORY_PENDING,01_scope_inventory.csv#archive/exams/original/high/h1/2mid/23_금당고_2학기_중간_고1_기출.js|23_금당고_2학기_중간_고1_기출|1,[object Object],INDEX_RECORD_PRESENT,original/high/h1/2mid/23_금당고_2학기_중간_고1_기출.js_1,8de05340599c3d87ebc6de4ef888111e37ecce5d4408214222204a75c51cf2f7,true,③,IN_SCOPE_FORWARD,,,CLOSED_NO_SHARED_ASSET
archive/exams/original/high/h1/2mid/23_금당고_2학기_중간_고1_기출.js|23_금당고_2학기_중간_고1_기출|2,archive/exams/original/high/h1/2mid/23_금당고_2학기_중간_고1_기출.js,23_금당고_2학기_중간_고1_기출,2,2,2,2015,수학(상),H15-SA-12,도형의 이동,12,H15-SA-12-TRANSLATION,평행이동,rule_inferred,complete_rule,객관식,grid,false,객관식|도형의이동|평행이동|직선,e71b500fb8f7c3d973272205c05ee4d38b107ff814d14fdec8d11d630de7bcc5,e0a2d515b9432b7ce272fe4d09d2234810d327b803650316fda86b74a012a5e6,973d2fd2f97e26a666f403b12da6d87e527985b36bcf4ff0a47c7e7e8c36321a,01b36bb16329d0c5c6df20a347b038db0006876743a0d4636532685c48a46b40,,,assets/images/23_금당고_2학기_중간_고1_기출/q02-solution.svg,40f45488b99ed0f067d6902e8579c00ca5024ff2238e9a54e6ef8a2dc0c6532b,0,LOADED_VM,,NOT_STARTED,NOT_STARTED,NOT_STARTED,SOURCE_REVIEW,SOURCE_REVIEW,COORDINATE_OR_GEOMETRY_STRUCTURE,,SVG,NO_PROBLEM_VISUAL,REVIEW_REQUIRED,SOLUTION_SVG,NOT_STARTED,,,2f2892c6d7bcb14c0eacbb9742f64e3c189d53ec42debdad2bd189641f0ac8a6,NOT_STARTED,NOT_STARTED,NOT_STARTED,NOT_TESTED,PASS,canonical_and_compiled_master_match,INVENTORY_PENDING,01_scope_inventory.csv#archive/exams/original/high/h1/2mid/23_금당고_2학기_중간_고1_기출.js|23_금당고_2학기_중간_고1_기출|2,[object Object],INDEX_RECORD_PRESENT,original/high/h1/2mid/23_금당고_2학기_중간_고1_기출.js_2,8de05340599c3d87ebc6de4ef888111e37ecce5d4408214222204a75c51cf2f7,true,①,IN_SCOPE_FORWARD,,,CLOSED_NO_SHARED_ASSET
archive/exams/original/high/h1/2mid/23_금당고_2학기_중간_고1_기출.js|23_금당고_2학기_중간_고1_기출|7,archive/exams/original/high/h1/2mid/23_금당고_2학기_중간_고1_기출.js,23_금당고_2학기_중간_고1_기출,7,7,7,2015,수학(상),H15-SA-12,도형의 이동,12,H15-SA-12-TRANSLATION,평행이동,rule_inferred,complete_rule,객관식,grid,false,객관식|도형의이동|평행이동|포물선|꼭짓점,b3d3452beba034dcb423490106a9d14ccf5ab6bd187bf005dd1f63ed6666c7f2,e0a2d515b9432b7ce272fe4d09d2234810d327b803650316fda86b74a012a5e6,973d2fd2f97e26a666f403b12da6d87e527985b36bcf4ff0a47c7e7e8c36321a,0c8a28b4a7f875411fe990d5d5abde9c065106688cfd2ab9b4beb2290aacf446,,,assets/images/23_금당고_2학기_중간_고1_기출/q07-solution.svg,cca786689870ad6cbda7a1fc5b9ba9808b6617cde5845f0e8c80971e24bd6b9e,0,LOADED_VM,,NOT_STARTED,NOT_STARTED,NOT_STARTED,SOURCE_REVIEW,SOURCE_REVIEW,GRAPH_OR_FUNCTION_STRUCTURE|COORDINATE_OR_GEOMETRY_STRUCTURE|TABLE_OR_MATRIX_STRUCTURE,,SVG,NO_PROBLEM_VISUAL,REVIEW_REQUIRED,SOLUTION_SVG,NOT_STARTED,,,74c4655a65fdb1f37e197a80d89067167bc73985a4e8a345550d8b6a76c0a35b,NOT_STARTED,NOT_STARTED,NOT_STARTED,NOT_TESTED,PASS,canonical_and_compiled_master_match,INVENTORY_PENDING,01_scope_inventory.csv#archive/exams/original/high/h1/2mid/23_금당고_2학기_중간_고1_기출.js|23_금당고_2학기_중간_고1_기출|7,[object Object],INDEX_RECORD_PRESENT,original/high/h1/2mid/23_금당고_2학기_중간_고1_기출.js_7,8de05340599c3d87ebc6de4ef888111e37ecce5d4408214222204a75c51cf2f7,true,①,IN_SCOPE_FORWARD,,,CLOSED_NO_SHARED_ASSET
archive/exams/original/high/h1/2mid/23_금당고_2학기_중간_고1_기출.js|23_금당고_2학기_중간_고1_기출|12,archive/exams/original/high/h1/2mid/23_금당고_2학기_중간_고1_기출.js,23_금당고_2학기_중간_고1_기출,12,12,12,2015,수학(상),H15-SA-12,도형의 이동,12,H15-SA-12-REFLECTION,대칭이동,rule_inferred,complete_rule,객관식,grid,false,객관식|도형의이동|점대칭|직선|완전제곱,a6b74a2549bce6b9ddeefa7061861aadebf285ed93b4bea20e7a5c44a131182b,947c84b569aa495144705fb18cf815a813b2f78df0401e6200a6c6e35ea4fabb,d41ea6521f53fb3dfa10cf72e2932f4405d9c999fa422cdc840d25d57e90dd34,bd0cd89139504ccbe54ba70a2c0926b4ee01deff857c24f1c1cf9fb47a426f3f,,,assets/images/23_금당고_2학기_중간_고1_기출/q12-solution.svg,1f9faaee8c3e3a545fc3dc09b4b14f96b70e4d1f2878bcb8220055987378d777,0,LOADED_VM,,NOT_STARTED,NOT_STARTED,NOT_STARTED,SOURCE_REVIEW,SOURCE_REVIEW,COORDINATE_OR_GEOMETRY_STRUCTURE|TABLE_OR_MATRIX_STRUCTURE,,SVG,NO_PROBLEM_VISUAL,REVIEW_REQUIRED,SOLUTION_SVG,NOT_STARTED,,,3d061cc9df722ce8bf120f8e8372201f90ef0638f9b02ed53ee80a7d87f24f80,NOT_STARTED,NOT_STARTED,NOT_STARTED,NOT_TESTED,PASS,canonical_and_compiled_master_match,INVENTORY_PENDING,01_scope_inventory.csv#archive/exams/original/high/h1/2mid/23_금당고_2학기_중간_고1_기출.js|23_금당고_2학기_중간_고1_기출|12,[object Object],INDEX_RECORD_PRESENT,original/high/h1/2mid/23_금당고_2학기_중간_고1_기출.js_12,8de05340599c3d87ebc6de4ef888111e37ecce5d4408214222204a75c51cf2f7,true,④,IN_SCOPE_FORWARD,,,CLOSED_NO_SHARED_ASSET
archive/exams/original/high/h1/2mid/23_금당고_2학기_중간_고1_기출.js|23_금당고_2학기_중간_고1_기출|16,archive/exams/original/high/h1/2mid/23_금당고_2학기_중간_고1_기출.js,23_금당고_2학기_중간_고1_기출,16,16,16,2015,수학(상),H15-SA-12,도형의 이동,12,H15-SA-12-REFLECTION,대칭이동,rule_inferred,complete_rule,객관식,grid,false,객관식|도형의이동|대칭이동|포물선|직선|최솟값,27e5b5ede2318d879a81d3c2676f433ec45ec54426c9d92591e352d4535152ee,0b41d1c9c25ce5bfc35745a8c0ba97c9901119f9c183c6f99b74b1b9cd1b7510,973d2fd2f97e26a666f403b12da6d87e527985b36bcf4ff0a47c7e7e8c36321a,b541422ee912d27885edba03e2d5a4b523912c460882d914bf2fd2bd6ca5c4a6,,,assets/images/23_금당고_2학기_중간_고1_기출/q16-solution.svg,661513307d07f8af8978d5b602d41bd9d8ee03a74ae59bb7b33230d233018682,0,LOADED_VM,,NOT_STARTED,NOT_STARTED,NOT_STARTED,SOURCE_REVIEW,SOURCE_REVIEW,GRAPH_OR_FUNCTION_STRUCTURE|COORDINATE_OR_GEOMETRY_STRUCTURE|TABLE_OR_MATRIX_STRUCTURE,,SVG,NO_PROBLEM_VISUAL,REVIEW_REQUIRED,SOLUTION_SVG,NOT_STARTED,,,0b9942677d0540e747fcf839d9f34515bcc39b3cef4eb5d83f80b5345dee322b,NOT_STARTED,NOT_STARTED,NOT_STARTED,NOT_TESTED,PASS,canonical_and_compiled_master_match,INVENTORY_PENDING,01_scope_inventory.csv#archive/exams/original/high/h1/2mid/23_금당고_2학기_중간_고1_기출.js|23_금당고_2학기_중간_고1_기출|16,[object Object],INDEX_RECORD_PRESENT,original/high/h1/2mid/23_금당고_2학기_중간_고1_기출.js_16,8de05340599c3d87ebc6de4ef888111e37ecce5d4408214222204a75c51cf2f7,true,①,IN_SCOPE_FORWARD,,,CLOSED_NO_SHARED_ASSET
archive/exams/original/high/h1/2mid/23_금당고_2학기_중간_고1_기출.js|23_금당고_2학기_중간_고1_기출|18,archive/exams/original/high/h1/2mid/23_금당고_2학기_중간_고1_기출.js,23_금당고_2학기_중간_고1_기출,18,18,18,2015,수학(상),H15-SA-12,도형의 이동,12,H15-SA-12-REFLECTION,대칭이동,rule_inferred,complete_rule,단답형,grid,false,단답형|도형의이동|대칭이동|최단거리|직선,04cc3210fa7611838b965a00a4e36ac34591470cc4bb45894f4bc6bca49ebada,4f53cda18c2baa0c0354bb5f9a3ecbe5ed12ab4d8e11ba873c2f11161202b945,d16c2f201f69750d6ea6bfccaed2ab06ca7f3376f3b9725b0243386af2f0dfd3,c1790d39b96ee44f4eca0ad36c63a85e1af4cc57b8a550c9d0e50f428be62299,assets/images/23_금당고_2학기_중간_고1_기출/q18.png,198e9bbc23885e2736a8689a872f635062e0e1f88613347f6f80a65995382c39,assets/images/23_금당고_2학기_중간_고1_기출/q18-solution.svg,f4f68973029dccb9f445205e350d4b04b7b33f39279ef58de19f9dc0dd257e15,0,LOADED_VM,,NOT_STARTED,NOT_STARTED,NOT_STARTED,SOURCE_REVIEW,SOURCE_REVIEW,GRAPH_OR_FUNCTION_STRUCTURE|COORDINATE_OR_GEOMETRY_STRUCTURE|COUNTING_STRUCTURE|TABLE_OR_MATRIX_STRUCTURE,,SVG,PROBLEM_VISUAL_PRESENT,REVIEW_REQUIRED,SOLUTION_SVG,NOT_STARTED,,,20b9021c86306555836bfaee0fc96eecfa81862c1f95ed1d4407479d5954590c,NOT_STARTED,NOT_STARTED,NOT_STARTED,NOT_TESTED,PASS,canonical_and_compiled_master_match,INVENTORY_PENDING,01_scope_inventory.csv#archive/exams/original/high/h1/2mid/23_금당고_2학기_중간_고1_기출.js|23_금당고_2학기_중간_고1_기출|18,[object Object]|[object Object],INDEX_RECORD_PRESENT,original/high/h1/2mid/23_금당고_2학기_중간_고1_기출.js_18,8de05340599c3d87ebc6de4ef888111e37ecce5d4408214222204a75c51cf2f7,true,$3\sqrt{10}$,IN_SCOPE_FORWARD,,,CLOSED_NO_SHARED_ASSET
archive/exams/original/high/h1/2mid/23_매산여고_2학기_중간_고1_기출.js|23_매산여고_2학기_중간_고1_기출|11,archive/exams/original/high/h1/2mid/23_매산여고_2학기_중간_고1_기출.js,23_매산여고_2학기_중간_고1_기출,11,11,11,2015,수학(상),H15-SA-12,도형의 이동,12,H15-SA-12-TRANSLATION,평행이동,rule_inferred,complete_rule,객관식,grid,false,객관식|도형의이동|평행이동|점,154677d8ee9aaf1ee231b459eb19ce99a7e438a0f9969ffbc9feb8b1dc790f08,3ef6b1f781d80f591e178618c43a4d87f915fa0e26411b1a7dbef220f4d0275a,dfde05a3668030e99ca64d8d4ae5f6b64c7a87cee61c0ba43904b92ef210191d,e8fa5e706bb1dba4269edc95a75c4f34c6f2e2e31ba27aace3659d376878cdcf,,,assets/images/23_매산여고_2학기_중간_고1_기출/q11-solution.svg,ad71d8794f00b67ff27d70870e03023bf3f74949f760eba355ae63968ac36b3b,0,LOADED_VM,,NOT_STARTED,NOT_STARTED,NOT_STARTED,SOURCE_REVIEW,SOURCE_REVIEW,COORDINATE_OR_GEOMETRY_STRUCTURE|TABLE_OR_MATRIX_STRUCTURE,,SVG,NO_PROBLEM_VISUAL,REVIEW_REQUIRED,SOLUTION_SVG,NOT_STARTED,,,04757339601827098227bd52dceb55780e0d0584257b73bf4229a69ecfcaf136,NOT_STARTED,NOT_STARTED,NOT_STARTED,NOT_TESTED,PASS,canonical_and_compiled_master_match,INVENTORY_PENDING,01_scope_inventory.csv#archive/exams/original/high/h1/2mid/23_매산여고_2학기_중간_고1_기출.js|23_매산여고_2학기_중간_고1_기출|11,[object Object],INDEX_RECORD_PRESENT,original/high/h1/2mid/23_매산여고_2학기_중간_고1_기출.js_11,2857ecf285a783503692be948e0465ee4846ee352d96cf800011a199b1f5aa50,true,②,IN_SCOPE_FORWARD,,,CLOSED_NO_SHARED_ASSET
archive/exams/original/high/h1/2mid/23_매산여고_2학기_중간_고1_기출.js|23_매산여고_2학기_중간_고1_기출|12,archive/exams/original/high/h1/2mid/23_매산여고_2학기_중간_고1_기출.js,23_매산여고_2학기_중간_고1_기출,12,12,12,2015,수학(상),H15-SA-12,도형의 이동,12,H15-SA-12-TRANSLATION,평행이동,rule_inferred,complete_rule,객관식,grid,false,객관식|도형의이동|평행이동|포물선|판별식,e75d07a5b698de95ad4c362bb17f2154685cc2c78ac29c7d5d6a525860b4fa59,de4f70c398a6fde51b1ffbc6d0a4c3c76839d3dda9a7168f211e01dac69efae9,973d2fd2f97e26a666f403b12da6d87e527985b36bcf4ff0a47c7e7e8c36321a,1452b6ea76277d5036710367f5c4ba931f3012612f004c34b0d7d0e21a8482aa,,,assets/images/23_매산여고_2학기_중간_고1_기출/q12-solution.svg,786b70da2505dbf167adfa99392e227ca4a4c4fb5c5d29dc7baae9a4359eec2e,0,LOADED_VM,,NOT_STARTED,NOT_STARTED,NOT_STARTED,SOURCE_REVIEW,SOURCE_REVIEW,GRAPH_OR_FUNCTION_STRUCTURE|COORDINATE_OR_GEOMETRY_STRUCTURE,,SVG,NO_PROBLEM_VISUAL,REVIEW_REQUIRED,SOLUTION_SVG,NOT_STARTED,,,9599521d073a7c711f786b6b4be0bc3493c3648ae13e5d36193ce53f1974f358,NOT_STARTED,NOT_STARTED,NOT_STARTED,NOT_TESTED,PASS,canonical_and_compiled_master_match,INVENTORY_PENDING,01_scope_inventory.csv#archive/exams/original/high/h1/2mid/23_매산여고_2학기_중간_고1_기출.js|23_매산여고_2학기_중간_고1_기출|12,[object Object],INDEX_RECORD_PRESENT,original/high/h1/2mid/23_매산여고_2학기_중간_고1_기출.js_12,2857ecf285a783503692be948e0465ee4846ee352d96cf800011a199b1f5aa50,true,①,IN_SCOPE_FORWARD,,,CLOSED_NO_SHARED_ASSET
archive/exams/original/high/h1/2mid/23_매산여고_2학기_중간_고1_기출.js|23_매산여고_2학기_중간_고1_기출|15,archive/exams/original/high/h1/2mid/23_매산여고_2학기_중간_고1_기출.js,23_매산여고_2학기_중간_고1_기출,15,15,15,2015,수학(상),H15-SA-12,도형의 이동,12,H15-SA-12-COMPOSITE_TRANSFORMATION,합성 변환,rule_inferred,complete_rule,객관식,grid,false,객관식|도형의이동|회전|평행이동|음함수그래프,36931526c0f499dba75c3a1da4daaffc1f7d59cfdd8d7230dd216b0235bb4016,f83642a986920f659800f23c55a967cc87a5608dab1365377581d4994031230a,0bdef091c479702584f065d3a3714f8a76f851b3f0cf10912f345a5dd930b0a8,8e9d250945899db76efda9559d79861a58942b6b7aa56fae8525832f9dfa19b6,assets/images/23_매산여고_2학기_중간_고1_기출/q15.png,65fe460ec8e498d8db4088cde42878e8c3161081a46a7109e73896961cf8d5e1,assets/images/23_매산여고_2학기_중간_고1_기출/q15-solution.svg,33780c04b11405cdd3d9169f22e1359f9e062c627445751331c86d9819a23ec9,0,LOADED_VM,,NOT_STARTED,NOT_STARTED,NOT_STARTED,SOURCE_REVIEW,SOURCE_REVIEW,GRAPH_OR_FUNCTION_STRUCTURE|COORDINATE_OR_GEOMETRY_STRUCTURE|TABLE_OR_MATRIX_STRUCTURE,,SVG,PROBLEM_VISUAL_PRESENT,REVIEW_REQUIRED,SOLUTION_SVG,NOT_STARTED,,,2bef63c7d7cece5df7d0b1aabce0ab5a1763ce5340bba80f2abaed3522f4236c,NOT_STARTED,NOT_STARTED,NOT_STARTED,NOT_TESTED,PASS,canonical_and_compiled_master_match,INVENTORY_PENDING,01_scope_inventory.csv#archive/exams/original/high/h1/2mid/23_매산여고_2학기_중간_고1_기출.js|23_매산여고_2학기_중간_고1_기출|15,[object Object]|[object Object],INDEX_RECORD_PRESENT,original/high/h1/2mid/23_매산여고_2학기_중간_고1_기출.js_15,2857ecf285a783503692be948e0465ee4846ee352d96cf800011a199b1f5aa50,true,⑤,IN_SCOPE_FORWARD,,,CLOSED_NO_SHARED_ASSET
archive/exams/original/high/h1/2mid/23_매산여고_2학기_중간_고1_기출.js|23_매산여고_2학기_중간_고1_기출|16,archive/exams/original/high/h1/2mid/23_매산여고_2학기_중간_고1_기출.js,23_매산여고_2학기_중간_고1_기출,16,16,16,2015,수학(상),H15-SA-12,도형의 이동,12,H15-SA-12-REFLECTION,대칭이동,rule_inferred,complete_rule,객관식,grid,false,객관식|도형의이동|대칭이동|최단거리|좌표,62f5eaecf6d660ec8683187b5c0be00a2a51342b2dde299e4ccf85152fbc3f93,03740f601292557eb3226a27a345378d3bb2a343a6a11cc496aeeac8d0bfd381,dfde05a3668030e99ca64d8d4ae5f6b64c7a87cee61c0ba43904b92ef210191d,788da9e308f11ee2c6965ec90e87822e5273c75201092ef78b792a52c97bb953,assets/images/23_매산여고_2학기_중간_고1_기출/q16.png,e73233c3f67faa35cce3296aee8536dd48ff5ccc42afd0e9820e024e64da51b2,assets/images/23_매산여고_2학기_중간_고1_기출/q16-solution.svg,a6471b381a020f69596cb18511827aa91b50ad29d8a68573b6f922a101aa98ee,0,LOADED_VM,,NOT_STARTED,NOT_STARTED,NOT_STARTED,SOURCE_REVIEW,SOURCE_REVIEW,GRAPH_OR_FUNCTION_STRUCTURE|COORDINATE_OR_GEOMETRY_STRUCTURE|TABLE_OR_MATRIX_STRUCTURE,,SVG,PROBLEM_VISUAL_PRESENT,REVIEW_REQUIRED,SOLUTION_SVG,NOT_STARTED,,,4792d6f69e414486110419ce5e3bccb831db310440b03c1a901c87b44626d08b,NOT_STARTED,NOT_STARTED,NOT_STARTED,NOT_TESTED,PASS,canonical_and_compiled_master_match,INVENTORY_PENDING,01_scope_inventory.csv#archive/exams/original/high/h1/2mid/23_매산여고_2학기_중간_고1_기출.js|23_매산여고_2학기_중간_고1_기출|16,[object Object]|[object Object],INDEX_RECORD_PRESENT,original/high/h1/2mid/23_매산여고_2학기_중간_고1_기출.js_16,2857ecf285a783503692be948e0465ee4846ee352d96cf800011a199b1f5aa50,true,②,IN_SCOPE_FORWARD,,,CLOSED_NO_SHARED_ASSET
archive/exams/original/high/h1/2mid/23_매산여고_2학기_중간_고1_기출.js|23_매산여고_2학기_중간_고1_기출|21,archive/exams/original/high/h1/2mid/23_매산여고_2학기_중간_고1_기출.js,23_매산여고_2학기_중간_고1_기출,21,21,21,2015,수학(상),H15-SA-12,도형의 이동,12,H15-SA-12-COMPOSITE_TRANSFORMATION,합성 변환,rule_inferred,complete_rule,서술형,grid,false,서술형|도형의이동|원|평행이동|대칭이동|이등분,357208c9de4c1f5790c3d46bdf8bf74d0482690c1571c7273ec5848ae2ebe972,4f53cda18c2baa0c0354bb5f9a3ecbe5ed12ab4d8e11ba873c2f11161202b945,7f53cfb9f79a20d9de9a5ad8a94ddaec4316796b79d7663d79f31de4289fd600,3983616e2e3f26095d1c0ecf4df2083842fd668d9cdb0640cbacef1f1df880d0,,,assets/images/23_매산여고_2학기_중간_고1_기출/q21-solution.svg,1b44895684007298d5c644e96ebe50b25b2faf5aeafc5a62d56662187d1916f2,0,LOADED_VM,,NOT_STARTED,NOT_STARTED,NOT_STARTED,SOURCE_REVIEW,SOURCE_REVIEW,GRAPH_OR_FUNCTION_STRUCTURE|COORDINATE_OR_GEOMETRY_STRUCTURE,,SVG,NO_PROBLEM_VISUAL,REVIEW_REQUIRED,SOLUTION_SVG,NOT_STARTED,,,5907161b5564f17b0b83ed5ce1b37943569a81ef4bd78e70fa742395ff6f0681,NOT_STARTED,NOT_STARTED,NOT_STARTED,NOT_TESTED,PASS,canonical_and_compiled_master_match,INVENTORY_PENDING,01_scope_inventory.csv#archive/exams/original/high/h1/2mid/23_매산여고_2학기_중간_고1_기출.js|23_매산여고_2학기_중간_고1_기출|21,[object Object],INDEX_RECORD_PRESENT,original/high/h1/2mid/23_매산여고_2학기_중간_고1_기출.js_21,2857ecf285a783503692be948e0465ee4846ee352d96cf800011a199b1f5aa50,true,$2$,IN_SCOPE_FORWARD,,,CLOSED_NO_SHARED_ASSET
archive/exams/original/high/h1/2mid/23_팔마고_2학기_중간_고1_기출.js|23_팔마고_2학기_중간_고1_기출|3,archive/exams/original/high/h1/2mid/23_팔마고_2학기_중간_고1_기출.js,23_팔마고_2학기_중간_고1_기출,3,3,3,2015,수학(상),H15-SA-12,도형의 이동,12,H15-SA-12-TRANSLATION,평행이동,rule_inferred,complete_rule,객관식,grid,false,객관식|도형의이동|평행이동|점,7f79db35c6abfcf10f0eea76e88ed6664b58c28dbcd57042b642dc8ec734c971,48a6a42247cc221568b17352f8cec2c68c50aa0d46a3d19717a8f46e44cdcf17,dfde05a3668030e99ca64d8d4ae5f6b64c7a87cee61c0ba43904b92ef210191d,751a1bee8c308b8b2e72bbc7102a8b589ec31e147e90a043ff961c353c31eea3,,,assets/images/23_팔마고_2학기_중간_고1_기출/q03-solution.svg,ba8ac857dede06960c00dc4ab3c72ace2ea4f45d0426f0d7a429fcec18ea1cb6,0,LOADED_VM,,NOT_STARTED,NOT_STARTED,NOT_STARTED,SOURCE_REVIEW,SOURCE_REVIEW,COORDINATE_OR_GEOMETRY_STRUCTURE|TABLE_OR_MATRIX_STRUCTURE,,SVG,NO_PROBLEM_VISUAL,REVIEW_REQUIRED,SOLUTION_SVG,NOT_STARTED,,,96984ca913da193326f5a700ce0c10b428f7b19e337b5d9022225149b861d106,NOT_STARTED,NOT_STARTED,NOT_STARTED,NOT_TESTED,PASS,canonical_and_compiled_master_match,INVENTORY_PENDING,01_scope_inventory.csv#archive/exams/original/high/h1/2mid/23_팔마고_2학기_중간_고1_기출.js|23_팔마고_2학기_중간_고1_기출|3,[object Object],INDEX_RECORD_PRESENT,original/high/h1/2mid/23_팔마고_2학기_중간_고1_기출.js_3,15201e42463e14283fe39b7a7c5fb87ef02d18fadfb0ece72da83254e4adf392,true,②,IN_SCOPE_FORWARD,,,CLOSED_NO_SHARED_ASSET
archive/exams/original/high/h1/2mid/23_팔마고_2학기_중간_고1_기출.js|23_팔마고_2학기_중간_고1_기출|7,archive/exams/original/high/h1/2mid/23_팔마고_2학기_중간_고1_기출.js,23_팔마고_2학기_중간_고1_기출,7,7,7,2015,수학(상),H15-SA-12,도형의 이동,12,H15-SA-12-TRANSLATION,평행이동,rule_inferred,complete_rule,객관식,grid,false,객관식|도형의이동|평행이동|포물선|접선,b5bdb35de15eaaf626d16b08fc864663ec24f9beff34e6c0c89a0cf73bff5684,26a005001b40305aed455dd41b243bf7dc59a4b0653350abd1c15a4b7afa6de2,d41ea6521f53fb3dfa10cf72e2932f4405d9c999fa422cdc840d25d57e90dd34,b97468821c7dc995bbe96382d36a1c3ee7c6e804d022396e40cbfb27539c19d7,,,assets/images/23_팔마고_2학기_중간_고1_기출/q07-solution.svg,99b44ef13cc49205716e9cdb5781c153398d1dc26431024fafdd50abb3d2f4e9,0,LOADED_VM,,NOT_STARTED,NOT_STARTED,NOT_STARTED,SOURCE_REVIEW,SOURCE_REVIEW,GRAPH_OR_FUNCTION_STRUCTURE|COORDINATE_OR_GEOMETRY_STRUCTURE|TABLE_OR_MATRIX_STRUCTURE,,SVG,NO_PROBLEM_VISUAL,REVIEW_REQUIRED,SOLUTION_SVG,NOT_STARTED,,,2aff0ea370159969d97b28426f3e5e0c3e0949b30c62518ef60b0a21d111f8a7,NOT_STARTED,NOT_STARTED,NOT_STARTED,NOT_TESTED,PASS,canonical_and_compiled_master_match,INVENTORY_PENDING,01_scope_inventory.csv#archive/exams/original/high/h1/2mid/23_팔마고_2학기_중간_고1_기출.js|23_팔마고_2학기_중간_고1_기출|7,[object Object],INDEX_RECORD_PRESENT,original/high/h1/2mid/23_팔마고_2학기_중간_고1_기출.js_7,15201e42463e14283fe39b7a7c5fb87ef02d18fadfb0ece72da83254e4adf392,true,④,IN_SCOPE_FORWARD,,,CLOSED_NO_SHARED_ASSET
archive/exams/original/high/h1/2mid/23_팔마고_2학기_중간_고1_기출.js|23_팔마고_2학기_중간_고1_기출|13,archive/exams/original/high/h1/2mid/23_팔마고_2학기_중간_고1_기출.js,23_팔마고_2학기_중간_고1_기출,13,13,13,2015,수학(상),H15-SA-12,도형의 이동,12,H15-SA-12-REFLECTION,대칭이동,rule_inferred,complete_rule,객관식,grid,false,객관식|도형의이동|대칭이동|최단거리|직선,8495c8fd704becc00f85a678afb659492de0b7fa71ddf0e76e07807ba6e6d948,1c8878947ca8eeb0ea94f1cbfee5b159e006280beb4842acc69d8af69f283d70,0bdef091c479702584f065d3a3714f8a76f851b3f0cf10912f345a5dd930b0a8,f808721bdff57196a8e6c27fbb9ebd2a0d8de1c2b0d5273d3ac24bf858955892,,,assets/images/23_팔마고_2학기_중간_고1_기출/q13-solution.svg,2b824f4888fd0db240ad5298aef3f6f508c86ee5751a76c93a73f3a4d7e6df2e,0,LOADED_VM,,NOT_STARTED,NOT_STARTED,NOT_STARTED,SOURCE_REVIEW,SOURCE_REVIEW,COORDINATE_OR_GEOMETRY_STRUCTURE,,SVG,NO_PROBLEM_VISUAL,REVIEW_REQUIRED,SOLUTION_SVG,NOT_STARTED,,,74377f9493967bc97d94642fdc274904f3015c965b03c4320f6ac5b545f81b49,NOT_STARTED,NOT_STARTED,NOT_STARTED,NOT_TESTED,PASS,canonical_and_compiled_master_match,INVENTORY_PENDING,01_scope_inventory.csv#archive/exams/original/high/h1/2mid/23_팔마고_2학기_중간_고1_기출.js|23_팔마고_2학기_중간_고1_기출|13,[object Object],INDEX_RECORD_PRESENT,original/high/h1/2mid/23_팔마고_2학기_중간_고1_기출.js_13,15201e42463e14283fe39b7a7c5fb87ef02d18fadfb0ece72da83254e4adf392,true,⑤,IN_SCOPE_FORWARD,,,CLOSED_NO_SHARED_ASSET
archive/exams/original/high/h1/2mid/23_팔마고_2학기_중간_고1_기출.js|23_팔마고_2학기_중간_고1_기출|20,archive/exams/original/high/h1/2mid/23_팔마고_2학기_중간_고1_기출.js,23_팔마고_2학기_중간_고1_기출,20,20,20,2015,수학(상),H15-SA-12,도형의 이동,12,H15-SA-12-REFLECTION,대칭이동,rule_inferred,complete_rule,서술형,grid,false,서술형|도형의이동|원|직선대칭|수직이등분선,2c6b18e551dad21e331a41e15203ffd6122c93bc659b269d6f5f3c44afed800c,4f53cda18c2baa0c0354bb5f9a3ecbe5ed12ab4d8e11ba873c2f11161202b945,41503df54d2d6f85bf42cc6340d59a87e02a75fcbd9467e055ef6af0d3e5ea29,004d74f1328b75deb970a7f9d02607370acdec5073caeb46e8c78c5e7747fa20,,,assets/images/23_팔마고_2학기_중간_고1_기출/q20-solution.svg,a179f82c9d071e383f971770d9d8c103fae3a66f1f81aa05e3954169ba948f13,0,LOADED_VM,,NOT_STARTED,NOT_STARTED,NOT_STARTED,SOURCE_REVIEW,SOURCE_REVIEW,COORDINATE_OR_GEOMETRY_STRUCTURE,,SVG,NO_PROBLEM_VISUAL,REVIEW_REQUIRED,SOLUTION_SVG,NOT_STARTED,,,4b646a9521b2cdc049c809beaee60faf656153ac719381254c71def16c82fc97,NOT_STARTED,NOT_STARTED,NOT_STARTED,NOT_TESTED,PASS,canonical_and_compiled_master_match,INVENTORY_PENDING,01_scope_inventory.csv#archive/exams/original/high/h1/2mid/23_팔마고_2학기_중간_고1_기출.js|23_팔마고_2학기_중간_고1_기출|20,[object Object],INDEX_RECORD_PRESENT,original/high/h1/2mid/23_팔마고_2학기_중간_고1_기출.js_20,15201e42463e14283fe39b7a7c5fb87ef02d18fadfb0ece72da83254e4adf392,true,"$a=2$, $b=-3$, $c=30$",IN_SCOPE_FORWARD,,,CLOSED_NO_SHARED_ASSET
archive/exams/original/high/h1/2mid/24_금당고_2학기_중간_고1_기출.js|24_금당고_2학기_중간_고1_기출|1,archive/exams/original/high/h1/2mid/24_금당고_2학기_중간_고1_기출.js,24_금당고_2학기_중간_고1_기출,1,1,1,2015,수학(상),H15-SA-12,도형의 이동,12,H15-SA-12-TRANSLATION,평행이동,rule_inferred,complete_rule,객관식,grid,false,객관식|평행이동|점의 이동,89e8567bfc436bd8bdf8f57fd07e4bafc7d24fb105840bc3e53e209e56cadc53,4b760c09addb8e90be1f73acd26102f741d6a7aefb82b50f2d3b8bc4b9a0521d,0bdef091c479702584f065d3a3714f8a76f851b3f0cf10912f345a5dd930b0a8,72042cbc69a971645199cbc06cd1812e520eb1d91b40e23b1fc77c40aca961dd,,,assets/images/24_금당고_2학기_중간_고1_기출/q01-solution.svg,06410628ce3a85e805efa96afd7e5ec9d631193c1adb346bae74489b660cd8ae,0,LOADED_VM,,NOT_STARTED,NOT_STARTED,NOT_STARTED,SOURCE_REVIEW,SOURCE_REVIEW,COORDINATE_OR_GEOMETRY_STRUCTURE|TABLE_OR_MATRIX_STRUCTURE,,SVG,NO_PROBLEM_VISUAL,REVIEW_REQUIRED,SOLUTION_SVG,NOT_STARTED,,,873d49fbe4fc8665e7fcfcd687bb551c4624aa0d09416d7002f04fd43bb69c59,NOT_STARTED,NOT_STARTED,NOT_STARTED,NOT_TESTED,PASS,canonical_and_compiled_master_match,INVENTORY_PENDING,01_scope_inventory.csv#archive/exams/original/high/h1/2mid/24_금당고_2학기_중간_고1_기출.js|24_금당고_2학기_중간_고1_기출|1,[object Object],INDEX_RECORD_PRESENT,original/high/h1/2mid/24_금당고_2학기_중간_고1_기출.js_1,d180b2755ba1dcaef165b5c350b9a0c4b027669f6d56f0a2c7746b03b185d1e1,true,⑤,IN_SCOPE_FORWARD,,,CLOSED_NO_SHARED_ASSET
archive/exams/original/high/h1/2mid/24_금당고_2학기_중간_고1_기출.js|24_금당고_2학기_중간_고1_기출|9,archive/exams/original/high/h1/2mid/24_금당고_2학기_중간_고1_기출.js,24_금당고_2학기_중간_고1_기출,9,9,9,2015,수학(상),H15-SA-12,도형의 이동,12,H15-SA-12-TRANSLATION,평행이동,rule_inferred,complete_rule,객관식,grid,false,객관식|직선의 평행이동|매개변수,928129b28de8e8391ce24e85799f9a137fd984edcf9698e511adeb7eca63a2c0,bd44ce909f78c6a0a24a136334ad02de122bcd69dea39fcac9345efe09371a20,b15be6cb71072b84f7e1e198ce023fc5bb8b1e625335904ddcf3cffcd8b7312b,07d5f8dcc89428022c56c1d147d2675d6ffa5640f31453c81a4f706f0b7fdcfe,,,assets/images/24_금당고_2학기_중간_고1_기출/q09-solution.svg,07810df41a2f709d0ce2fc9ed85da5eeb515a7b05fb29bb961eb43f34b621bfe,0,LOADED_VM,,NOT_STARTED,NOT_STARTED,NOT_STARTED,SOURCE_REVIEW,SOURCE_REVIEW,GRAPH_OR_FUNCTION_STRUCTURE|COORDINATE_OR_GEOMETRY_STRUCTURE,,SVG,NO_PROBLEM_VISUAL,REVIEW_REQUIRED,SOLUTION_SVG,NOT_STARTED,,,edfda24fedfa9ca2bd217cbd469806e7bcf2aa71cbfc35d057861e154cc38762,NOT_STARTED,NOT_STARTED,NOT_STARTED,NOT_TESTED,PASS,canonical_and_compiled_master_match,INVENTORY_PENDING,01_scope_inventory.csv#archive/exams/original/high/h1/2mid/24_금당고_2학기_중간_고1_기출.js|24_금당고_2학기_중간_고1_기출|9,[object Object],INDEX_RECORD_PRESENT,original/high/h1/2mid/24_금당고_2학기_중간_고1_기출.js_9,d180b2755ba1dcaef165b5c350b9a0c4b027669f6d56f0a2c7746b03b185d1e1,true,③,IN_SCOPE_FORWARD,,,CLOSED_NO_SHARED_ASSET
archive/exams/original/high/h1/2mid/24_금당고_2학기_중간_고1_기출.js|24_금당고_2학기_중간_고1_기출|15,archive/exams/original/high/h1/2mid/24_금당고_2학기_중간_고1_기출.js,24_금당고_2학기_중간_고1_기출,15,15,15,2015,수학(상),H15-SA-12,도형의 이동,12,H15-SA-12-COMPOSITE_TRANSFORMATION,합성 변환,rule_inferred,complete_rule,객관식,grid,false,객관식|도형의 이동|좌표변환|도형,d9a1a274969d16a74c0bad8627214c5f10bd918ba5d954a23c0e030ebed3dcc7,4f53cda18c2baa0c0354bb5f9a3ecbe5ed12ab4d8e11ba873c2f11161202b945,0bdef091c479702584f065d3a3714f8a76f851b3f0cf10912f345a5dd930b0a8,a19d7e3cd3e053eceb8845eafc3e4facf20ea6fc6c6779bd49339d9152047868,assets/images/24_금당고_2학기_중간_고1_기출/q15.png,f94f2d10383638ce0c4c69156cdc9bc197ceea4ce0df41e544e0fe8801277c2b,assets/images/24_금당고_2학기_중간_고1_기출/q15-solution.svg,0d7fe6eea70b575ef0cd0d4a720701e3ba4375186c467f48c97d95213917ef79,0,LOADED_VM,,NOT_STARTED,NOT_STARTED,NOT_STARTED,SOURCE_REVIEW,SOURCE_REVIEW,COORDINATE_OR_GEOMETRY_STRUCTURE|TABLE_OR_MATRIX_STRUCTURE,,SVG,PROBLEM_VISUAL_PRESENT,REVIEW_REQUIRED,SOLUTION_SVG,NOT_STARTED,,,7e8999cfb4b84e52b4560ec82d3bf80419651068a0ff88955b6b72b92886e9cb,NOT_STARTED,NOT_STARTED,NOT_STARTED,NOT_TESTED,PASS,canonical_and_compiled_master_match,INVENTORY_PENDING,01_scope_inventory.csv#archive/exams/original/high/h1/2mid/24_금당고_2학기_중간_고1_기출.js|24_금당고_2학기_중간_고1_기출|15,[object Object]|[object Object],INDEX_RECORD_PRESENT,original/high/h1/2mid/24_금당고_2학기_중간_고1_기출.js_15,d180b2755ba1dcaef165b5c350b9a0c4b027669f6d56f0a2c7746b03b185d1e1,true,⑤,IN_SCOPE_FORWARD,,,CLOSED_NO_SHARED_ASSET
archive/exams/original/high/h1/2mid/25_금당고_2학기_중간_고1_기출.js|25_금당고_2학기_중간_고1_기출|5,archive/exams/original/high/h1/2mid/25_금당고_2학기_중간_고1_기출.js,25_금당고_2학기_중간_고1_기출,5,5,5,2022,공통수학2,H22-C2-04,도형의 이동,4,H22-C2-04-CORE,도형의 이동 핵심 개념,rule_inferred,complete_rule,객관식,grid,false,객관식|도형의 이동|평행이동,d0602218397488a497489cdafaa686ffd25d53e60c5ae459a8e1606f7e97e8ac,3cc19e370a6671b60f17396fd032ed6593aa1547f8af80d6ab8d949018911b5e,dfde05a3668030e99ca64d8d4ae5f6b64c7a87cee61c0ba43904b92ef210191d,da34b80b0235062b8f25c1c44260cb6e5a2a28590e130006b25113b800babc40,,,assets/images/25_금당고_2학기_중간_고1_기출/q05-solution.svg,4b340dc5e17bb2584b29b932a21378121a08777744046ce6b64ed6a277e50c09,0,LOADED_VM,,NOT_STARTED,NOT_STARTED,NOT_STARTED,SOURCE_REVIEW,SOURCE_REVIEW,COORDINATE_OR_GEOMETRY_STRUCTURE|TABLE_OR_MATRIX_STRUCTURE,,SVG,NO_PROBLEM_VISUAL,REVIEW_REQUIRED,SOLUTION_SVG,NOT_STARTED,,,10ad1fd91031f45323447e06d8b69efa1becf6bfaa80d4586e9975e7c89dd927,NOT_STARTED,NOT_STARTED,NOT_STARTED,NOT_TESTED,PASS,canonical_and_compiled_master_match,INVENTORY_PENDING,01_scope_inventory.csv#archive/exams/original/high/h1/2mid/25_금당고_2학기_중간_고1_기출.js|25_금당고_2학기_중간_고1_기출|5,[object Object],INDEX_RECORD_PRESENT,original/high/h1/2mid/25_금당고_2학기_중간_고1_기출.js_5,e0159164ccdd95c2b3f007051433ed8a5636f22089ca827120703d4485fd8f21,true,②,IN_SCOPE_FORWARD,,,CLOSED_NO_SHARED_ASSET
archive/exams/original/high/h1/2mid/25_금당고_2학기_중간_고1_기출.js|25_금당고_2학기_중간_고1_기출|6,archive/exams/original/high/h1/2mid/25_금당고_2학기_중간_고1_기출.js,25_금당고_2학기_중간_고1_기출,6,6,6,2022,공통수학2,H22-C2-04,도형의 이동,4,H22-C2-04-CORE,도형의 이동 핵심 개념,rule_inferred,complete_rule,객관식,grid,false,객관식|도형의 이동|평행이동|대칭이동,379335355fde703f90b74a2050a95b2a864118564d5ab344957e6caa37eb5027,782c4e648a8f5ab77347d7a5a0e4588ad1be8872f7b4bce76bc515574b51bffb,b15be6cb71072b84f7e1e198ce023fc5bb8b1e625335904ddcf3cffcd8b7312b,efbe580288696adfd4f0270864b40d9e348783084a6eece4aa5285ca6175c62f,,,assets/images/25_금당고_2학기_중간_고1_기출/q06-solution.svg,32da26e6eaf4edbcb1527cdddb155453cc1e62b573de834561553dc6d1b9a0a9,0,LOADED_VM,,NOT_STARTED,NOT_STARTED,NOT_STARTED,SOURCE_REVIEW,SOURCE_REVIEW,GRAPH_OR_FUNCTION_STRUCTURE|COORDINATE_OR_GEOMETRY_STRUCTURE|TABLE_OR_MATRIX_STRUCTURE,,SVG,NO_PROBLEM_VISUAL,REVIEW_REQUIRED,SOLUTION_SVG,NOT_STARTED,,,6762b434dc9074b46b25a53be2d4c6f01ecd52b0dd3f70bb4208e4895b7fbffe,NOT_STARTED,NOT_STARTED,NOT_STARTED,NOT_TESTED,PASS,canonical_and_compiled_master_match,INVENTORY_PENDING,01_scope_inventory.csv#archive/exams/original/high/h1/2mid/25_금당고_2학기_중간_고1_기출.js|25_금당고_2학기_중간_고1_기출|6,[object Object],INDEX_RECORD_PRESENT,original/high/h1/2mid/25_금당고_2학기_중간_고1_기출.js_6,e0159164ccdd95c2b3f007051433ed8a5636f22089ca827120703d4485fd8f21,true,③,IN_SCOPE_FORWARD,,,CLOSED_NO_SHARED_ASSET
archive/exams/original/high/h1/2mid/25_금당고_2학기_중간_고1_기출.js|25_금당고_2학기_중간_고1_기출|13,archive/exams/original/high/h1/2mid/25_금당고_2학기_중간_고1_기출.js,25_금당고_2학기_중간_고1_기출,13,13,13,2022,공통수학2,H22-C2-04,도형의 이동,4,H22-C2-04-CORE,도형의 이동 핵심 개념,rule_inferred,complete_rule,객관식,grid,false,객관식|도형의 이동|대칭이동|평행이동|넓이,f487df4103d94e90f39251ce0778f192ab30b7058d366f62202f98f79aa4bfb6,377d9a5592ca12100b502d8cec0b96252c1855bd05c0c0bd7114dc83a2803635,973d2fd2f97e26a666f403b12da6d87e527985b36bcf4ff0a47c7e7e8c36321a,d79fe2c61c2504afcfed22959c855919dac892a7aba8043384d55a605d20ddbd,,,assets/images/25_금당고_2학기_중간_고1_기출/q13-solution.svg,8526fdfcb14d55e06aaaf431e35f36321f38701e00df9cbc30178cfa718d9989,0,LOADED_VM,,NOT_STARTED,NOT_STARTED,NOT_STARTED,SOURCE_REVIEW,SOURCE_REVIEW,GRAPH_OR_FUNCTION_STRUCTURE|COORDINATE_OR_GEOMETRY_STRUCTURE|TABLE_OR_MATRIX_STRUCTURE,,SVG,NO_PROBLEM_VISUAL,REVIEW_REQUIRED,SOLUTION_SVG,NOT_STARTED,,,e09f631cf3cb3264304e9330099c221fbb40fa41901b1f3ae6e3fcdddd922de0,NOT_STARTED,NOT_STARTED,NOT_STARTED,NOT_TESTED,PASS,canonical_and_compiled_master_match,INVENTORY_PENDING,01_scope_inventory.csv#archive/exams/original/high/h1/2mid/25_금당고_2학기_중간_고1_기출.js|25_금당고_2학기_중간_고1_기출|13,[object Object],INDEX_RECORD_PRESENT,original/high/h1/2mid/25_금당고_2학기_중간_고1_기출.js_13,e0159164ccdd95c2b3f007051433ed8a5636f22089ca827120703d4485fd8f21,true,①,IN_SCOPE_FORWARD,,,CLOSED_NO_SHARED_ASSET
archive/exams/original/high/h1/2mid/25_금당고_2학기_중간_고1_기출.js|25_금당고_2학기_중간_고1_기출|15,archive/exams/original/high/h1/2mid/25_금당고_2학기_중간_고1_기출.js,25_금당고_2학기_중간_고1_기출,15,15,15,2022,공통수학2,H22-C2-04,도형의 이동,4,H22-C2-04-CORE,도형의 이동 핵심 개념,rule_inferred,complete_rule,객관식,grid,false,객관식|도형의 이동|대칭이동|접선,363b91325e726dc31a1522560f46de6d09706c2d73e11fff028e4b143cc181e4,825b1a950d6205506f24d310293145344c161c964890730efe9105175fec3cd2,dfde05a3668030e99ca64d8d4ae5f6b64c7a87cee61c0ba43904b92ef210191d,64bbc47b941be0e2ed0ce84b45433840e75d247709f9b2a21755e088ddea2d4f,,,assets/images/25_금당고_2학기_중간_고1_기출/q15-solution.svg,5887e28cb6f92b310de2716a9e09620e3f86fb0c0dbb231aa31cfc55da8b9520,0,LOADED_VM,,NOT_STARTED,NOT_STARTED,NOT_STARTED,SOURCE_REVIEW,SOURCE_REVIEW,COORDINATE_OR_GEOMETRY_STRUCTURE,,SVG,NO_PROBLEM_VISUAL,REVIEW_REQUIRED,SOLUTION_SVG,NOT_STARTED,,,03dca8de5cc54985e978e0f0db6c3de4a1c1472cea151925f093627ad0ad7287,NOT_STARTED,NOT_STARTED,NOT_STARTED,NOT_TESTED,PASS,canonical_and_compiled_master_match,INVENTORY_PENDING,01_scope_inventory.csv#archive/exams/original/high/h1/2mid/25_금당고_2학기_중간_고1_기출.js|25_금당고_2학기_중간_고1_기출|15,[object Object],INDEX_RECORD_PRESENT,original/high/h1/2mid/25_금당고_2학기_중간_고1_기출.js_15,e0159164ccdd95c2b3f007051433ed8a5636f22089ca827120703d4485fd8f21,true,②,IN_SCOPE_FORWARD,,,CLOSED_NO_SHARED_ASSET
archive/exams/original/high/h1/2mid/25_금당고_2학기_중간_고1_기출.js|25_금당고_2학기_중간_고1_기출|20,archive/exams/original/high/h1/2mid/25_금당고_2학기_중간_고1_기출.js,25_금당고_2학기_중간_고1_기출,20,20,20,2022,공통수학2,H22-C2-04,도형의 이동,4,H22-C2-04-CORE,도형의 이동 핵심 개념,rule_inferred,complete_rule,객관식,grid,false,객관식|도형의 이동|대칭이동|공통접선,6863765327aa5a4522a070bdc323bc877ba35a35be341cc98a4085cadf759258,ad356fcba7e70f3ae532722299e23b6e46456d911a9c1eac29a2132953698ec7,973d2fd2f97e26a666f403b12da6d87e527985b36bcf4ff0a47c7e7e8c36321a,781a9718b4a6f67a4cb3a3c74660c2dd35b755264cd4ca30e70895ef93a20294,,,assets/images/25_금당고_2학기_중간_고1_기출/q20-solution.svg,2407b6abd950365f0685ce202534b6021ce7899725703df6bd8dbc713e364d3e,0,LOADED_VM,,NOT_STARTED,NOT_STARTED,NOT_STARTED,SOURCE_REVIEW,SOURCE_REVIEW,COORDINATE_OR_GEOMETRY_STRUCTURE,,SVG,NO_PROBLEM_VISUAL,REVIEW_REQUIRED,SOLUTION_SVG,NOT_STARTED,,,b772fc53a9dbfc4a4eaade9cf0bc1c3009a92f225d133b402e1c1dba85e56b1f,NOT_STARTED,NOT_STARTED,NOT_STARTED,NOT_TESTED,PASS,canonical_and_compiled_master_match,INVENTORY_PENDING,01_scope_inventory.csv#archive/exams/original/high/h1/2mid/25_금당고_2학기_중간_고1_기출.js|25_금당고_2학기_중간_고1_기출|20,[object Object],INDEX_RECORD_PRESENT,original/high/h1/2mid/25_금당고_2학기_중간_고1_기출.js_20,e0159164ccdd95c2b3f007051433ed8a5636f22089ca827120703d4485fd8f21,true,①,IN_SCOPE_FORWARD,,,CLOSED_NO_SHARED_ASSET
archive/exams/original/high/h1/2mid/25_금당고_2학기_중간_고1_기출.js|25_금당고_2학기_중간_고1_기출|22,archive/exams/original/high/h1/2mid/25_금당고_2학기_중간_고1_기출.js,25_금당고_2학기_중간_고1_기출,22,22,22,2022,공통수학2,H22-C2-04,도형의 이동,4,H22-C2-04-CORE,도형의 이동 핵심 개념,rule_inferred,complete_rule,서술형,grid,false,서술형|도형의 이동|포물선|교점,f91b75a046c91fadc55af559c719c1a6ed661b75bc07c2eb36b2c9daf296b83f,4f53cda18c2baa0c0354bb5f9a3ecbe5ed12ab4d8e11ba873c2f11161202b945,1affe5d71dd96fb3c6127cfad03d7e4ffc274787d88beb3a1ed1a23e7f9d3441,9035de41818245508d2657337c4e47973acc46fbbf4ea2c6f7d18ad5a7f62ef4,,,assets/images/25_금당고_2학기_중간_고1_기출/q22-solution.svg,fb41989f2735ff87561925c8517de07836764f3dbcf4e955f06daa0352862f1a,0,LOADED_VM,,NOT_STARTED,NOT_STARTED,NOT_STARTED,SOURCE_REVIEW,SOURCE_REVIEW,GRAPH_OR_FUNCTION_STRUCTURE|COORDINATE_OR_GEOMETRY_STRUCTURE|TABLE_OR_MATRIX_STRUCTURE,,SVG,NO_PROBLEM_VISUAL,REVIEW_REQUIRED,SOLUTION_SVG,NOT_STARTED,,,adffa08348663ab79ed0fc1de084edbee34bd034eb98053d3e36c899dcd62b40,NOT_STARTED,NOT_STARTED,NOT_STARTED,NOT_TESTED,PASS,canonical_and_compiled_master_match,INVENTORY_PENDING,01_scope_inventory.csv#archive/exams/original/high/h1/2mid/25_금당고_2학기_중간_고1_기출.js|25_금당고_2학기_중간_고1_기출|22,[object Object],INDEX_RECORD_PRESENT,original/high/h1/2mid/25_금당고_2학기_중간_고1_기출.js_22,e0159164ccdd95c2b3f007051433ed8a5636f22089ca827120703d4485fd8f21,true,"$k=-1,3,7,\ a=4,\ b=6$",IN_SCOPE_FORWARD,,,CLOSED_NO_SHARED_ASSET
archive/exams/original/high/h1/2mid/25_매산고_2학기_중간_고1_기출.js|25_매산고_2학기_중간_고1_기출|4,archive/exams/original/high/h1/2mid/25_매산고_2학기_중간_고1_기출.js,25_매산고_2학기_중간_고1_기출,4,4,4,2022,공통수학2,H22-C2-04,도형의 이동,4,H22-C2-04-CORE,도형의 이동 핵심 개념,rule_inferred,complete_rule,객관식,grid,false,객관식|도형의 이동|평행이동|직선,af917c4295e827a3540046bcf1251a3535295e7ff016d0804ecdb0c9beb36878,c8cb7a3252bcd8b6450899f3da09f1f91649e04584a833aa1d645ecfebd2f9ad,b15be6cb71072b84f7e1e198ce023fc5bb8b1e625335904ddcf3cffcd8b7312b,1e5472b05ad2f60992a309b6078026fefb35dfa20ad909b641c5cecc4c0592bf,,,assets/images/25_매산고_2학기_중간_고1_기출/q04-solution.svg,37ddf8e0c32d470afd0b244256b730dbc4c02d8df6a97e8bb8aac3dbbb4489ca,0,LOADED_VM,,NOT_STARTED,NOT_STARTED,NOT_STARTED,SOURCE_REVIEW,SOURCE_REVIEW,COORDINATE_OR_GEOMETRY_STRUCTURE,,SVG,NO_PROBLEM_VISUAL,REVIEW_REQUIRED,SOLUTION_SVG,NOT_STARTED,,,973e79b1ec547357c9397f8d32c13324d4ecdbb5d073152eacd278e67d287c2e,NOT_STARTED,NOT_STARTED,NOT_STARTED,NOT_TESTED,PASS,canonical_and_compiled_master_match,INVENTORY_PENDING,01_scope_inventory.csv#archive/exams/original/high/h1/2mid/25_매산고_2학기_중간_고1_기출.js|25_매산고_2학기_중간_고1_기출|4,[object Object],INDEX_RECORD_PRESENT,original/high/h1/2mid/25_매산고_2학기_중간_고1_기출.js_4,44ae64cfff4180dd9768c51f05e2939ed037ef0031d1baaf3184a03a3d2d4984,true,③,IN_SCOPE_FORWARD,,,CLOSED_NO_SHARED_ASSET
archive/exams/original/high/h1/2mid/25_매산고_2학기_중간_고1_기출.js|25_매산고_2학기_중간_고1_기출|8,archive/exams/original/high/h1/2mid/25_매산고_2학기_중간_고1_기출.js,25_매산고_2학기_중간_고1_기출,8,8,8,2022,공통수학2,H22-C2-04,도형의 이동,4,H22-C2-04-CORE,도형의 이동 핵심 개념,rule_inferred,complete_rule,객관식,grid,false,객관식|도형의 이동|대칭이동|평행이동|직선,43dcb78eda9674becbbaf6112a719c14a60258b18ec0da64ece86da8e07143df,e0d97c9019866472897be616b4b44634dd3f90c486dd75fb0aa9593501c65aef,d41ea6521f53fb3dfa10cf72e2932f4405d9c999fa422cdc840d25d57e90dd34,aeacbf535ccb5807fe4d6ae3c1c963e4f3887595d6804c505be2acce4206bd92,,,assets/images/25_매산고_2학기_중간_고1_기출/q08-solution.svg,4dbd868dd50ecd893975978f702ab59fdbf3f829e134f9532cf9e142e3a4d10a,0,LOADED_VM,,NOT_STARTED,NOT_STARTED,NOT_STARTED,SOURCE_REVIEW,SOURCE_REVIEW,GRAPH_OR_FUNCTION_STRUCTURE|COORDINATE_OR_GEOMETRY_STRUCTURE,,SVG,NO_PROBLEM_VISUAL,REVIEW_REQUIRED,SOLUTION_SVG,NOT_STARTED,,,fd152411db2d5beb8eb0afc6e17b333884fcf91c76c4d6acf5a545540ae7cfa8,NOT_STARTED,NOT_STARTED,NOT_STARTED,NOT_TESTED,PASS,canonical_and_compiled_master_match,INVENTORY_PENDING,01_scope_inventory.csv#archive/exams/original/high/h1/2mid/25_매산고_2학기_중간_고1_기출.js|25_매산고_2학기_중간_고1_기출|8,[object Object],INDEX_RECORD_PRESENT,original/high/h1/2mid/25_매산고_2학기_중간_고1_기출.js_8,44ae64cfff4180dd9768c51f05e2939ed037ef0031d1baaf3184a03a3d2d4984,true,④,IN_SCOPE_FORWARD,,,CLOSED_NO_SHARED_ASSET
archive/exams/original/high/h1/2mid/25_매산고_2학기_중간_고1_기출.js|25_매산고_2학기_중간_고1_기출|12,archive/exams/original/high/h1/2mid/25_매산고_2학기_중간_고1_기출.js,25_매산고_2학기_중간_고1_기출,12,12,12,2022,공통수학2,H22-C2-04,도형의 이동,4,H22-C2-04-CORE,도형의 이동 핵심 개념,rule_inferred,complete_rule,객관식,grid,false,객관식|도형의 이동|대칭이동|최단거리,a32e1f2911cf7209025b72ffcc52303ee2245d401133da6d33c445698d1ca423,4c174b11d79d95ea167dd8930db041a499adc479d1bc421379def00ae59ff4ad,973d2fd2f97e26a666f403b12da6d87e527985b36bcf4ff0a47c7e7e8c36321a,35cee12d68a4f9d55ef30afd146eb5964cdbc09b93c3b6af3c6b7d70bcd7f5a1,,,assets/images/25_매산고_2학기_중간_고1_기출/q12-solution.svg,a8b87ad391791e069b9b9392043be767d49f9fbeaad930addc1ba5d4cbbad2a2,0,LOADED_VM,,NOT_STARTED,NOT_STARTED,NOT_STARTED,SOURCE_REVIEW,SOURCE_REVIEW,GRAPH_OR_FUNCTION_STRUCTURE|COORDINATE_OR_GEOMETRY_STRUCTURE|TABLE_OR_MATRIX_STRUCTURE,,SVG,NO_PROBLEM_VISUAL,REVIEW_REQUIRED,SOLUTION_SVG,NOT_STARTED,,,2edaf67d3069c2c02199db874ae452f4b6d0d26004a025db34b58486ec3a09d6,NOT_STARTED,NOT_STARTED,NOT_STARTED,NOT_TESTED,PASS,canonical_and_compiled_master_match,INVENTORY_PENDING,01_scope_inventory.csv#archive/exams/original/high/h1/2mid/25_매산고_2학기_중간_고1_기출.js|25_매산고_2학기_중간_고1_기출|12,[object Object],INDEX_RECORD_PRESENT,original/high/h1/2mid/25_매산고_2학기_중간_고1_기출.js_12,44ae64cfff4180dd9768c51f05e2939ed037ef0031d1baaf3184a03a3d2d4984,true,①,IN_SCOPE_FORWARD,,,CLOSED_NO_SHARED_ASSET
archive/exams/original/high/h1/2mid/25_순천고_2학기_중간_고1_기출.js|25_순천고_2학기_중간_고1_기출|8,archive/exams/original/high/h1/2mid/25_순천고_2학기_중간_고1_기출.js,25_순천고_2학기_중간_고1_기출,8,8,8,2022,공통수학2,H22-C2-04,도형의 이동,4,H22-C2-04-CORE,도형의 이동 핵심 개념,rule_inferred,complete_rule,객관식,grid,false,객관식|도형의 이동|평행이동|수직|직선,39bb3f97c8e11fe3d2541488da6580249f84fd409d9514020f30bed920306d1a,ff782081a4cc25de5ebd8fdb3b10e93e0a2a8b181fb4cabb15c6d4c8f83c7224,dfde05a3668030e99ca64d8d4ae5f6b64c7a87cee61c0ba43904b92ef210191d,d96aa98930b32471135d4220297aa1df2aa035e680c1768bcc20862d4753967e,,,assets/images/25_순천고_2학기_중간_고1_기출/q08-solution.svg,8f2aac5ee95169152c73c54a17df911ea07398d315e7de007e162bf5eee3d570,0,LOADED_VM,,NOT_STARTED,NOT_STARTED,NOT_STARTED,SOURCE_REVIEW,SOURCE_REVIEW,COORDINATE_OR_GEOMETRY_STRUCTURE,,SVG,NO_PROBLEM_VISUAL,REVIEW_REQUIRED,SOLUTION_SVG,NOT_STARTED,,,8c66169d85bb0b10b7a7f6bddae2e173c5392d324eea900c9cc10ec097de083e,NOT_STARTED,NOT_STARTED,NOT_STARTED,NOT_TESTED,PASS,canonical_and_compiled_master_match,INVENTORY_PENDING,01_scope_inventory.csv#archive/exams/original/high/h1/2mid/25_순천고_2학기_중간_고1_기출.js|25_순천고_2학기_중간_고1_기출|8,[object Object],INDEX_RECORD_PRESENT,original/high/h1/2mid/25_순천고_2학기_중간_고1_기출.js_8,5c07f41210824eec17a7faa25d7922670eff32238bbc38b1de15340e828f0242,true,②,IN_SCOPE_FORWARD,,,CLOSED_NO_SHARED_ASSET
archive/exams/original/high/h1/2mid/25_순천고_2학기_중간_고1_기출.js|25_순천고_2학기_중간_고1_기출|15,archive/exams/original/high/h1/2mid/25_순천고_2학기_중간_고1_기출.js,25_순천고_2학기_중간_고1_기출,15,15,15,2022,공통수학2,H22-C2-04,도형의 이동,4,H22-C2-04-CORE,도형의 이동 핵심 개념,rule_inferred,complete_rule,객관식,grid,false,객관식|도형의 이동|원의 평행이동|접선|최솟값,713799e18364012607760500bd3236bc4aa1109ead30d83b3766b99ff94e81eb,ffbc74d3d74b20221a87bce1f3696c688fb54ca637ecd78f1917e376d8c2c26f,973d2fd2f97e26a666f403b12da6d87e527985b36bcf4ff0a47c7e7e8c36321a,35b610a5c2cb8736fb863bcf48347ec4c70d1f1361c7fa03da90ba31ca7d8126,,,assets/images/25_순천고_2학기_중간_고1_기출/q15-solution.svg,6a01e4158ac46850cc169f45644ca1c5dc7141900aeca495ad13dea52ec6590a,0,LOADED_VM,,NOT_STARTED,NOT_STARTED,NOT_STARTED,SOURCE_REVIEW,SOURCE_REVIEW,GRAPH_OR_FUNCTION_STRUCTURE|COORDINATE_OR_GEOMETRY_STRUCTURE,,SVG,NO_PROBLEM_VISUAL,REVIEW_REQUIRED,SOLUTION_SVG,NOT_STARTED,,,ffdc8ce0db92a248b82fae2f9571151b2280064fd6e7228990d91646cb101b7d,NOT_STARTED,NOT_STARTED,NOT_STARTED,NOT_TESTED,PASS,canonical_and_compiled_master_match,INVENTORY_PENDING,01_scope_inventory.csv#archive/exams/original/high/h1/2mid/25_순천고_2학기_중간_고1_기출.js|25_순천고_2학기_중간_고1_기출|15,[object Object],INDEX_RECORD_PRESENT,original/high/h1/2mid/25_순천고_2학기_중간_고1_기출.js_15,5c07f41210824eec17a7faa25d7922670eff32238bbc38b1de15340e828f0242,true,①,IN_SCOPE_FORWARD,,,CLOSED_NO_SHARED_ASSET
archive/exams/original/high/h1/2mid/25_순천여고_2학기_중간_고1_공통수학2.js|25_순천여고_2학기_중간_고1_공통수학2|6,archive/exams/original/high/h1/2mid/25_순천여고_2학기_중간_고1_공통수학2.js,25_순천여고_2학기_중간_고1_공통수학2,6,6,6,2022,공통수학2,H22-C2-04,도형의 이동,4,H22-C2-04-CORE,도형의 이동 핵심 개념,rule_inferred,complete_rule,객관식,grid,false,객관식|도형의 이동|대칭이동|점|최단거리,743e5821928956508c3a016717373b190039464da995f653c4bacfb07400a603,22e65d4e8611808b8f2bcfdb68ff0510199786d38b65df5f7b4e9c25b0b4d3db,b15be6cb71072b84f7e1e198ce023fc5bb8b1e625335904ddcf3cffcd8b7312b,33cdcc9f96980735a95479a062b3096074f5b9cb5aac289bf54fc8e48d03e4ee,,,assets/images/25_순천여고_2학기_중간_고1_공통수학2/q06-solution.svg,99fb86a0c919a3753f7dead6c89ae50a4d9de95e3299526433db230a699487f7,0,LOADED_VM,,NOT_STARTED,NOT_STARTED,NOT_STARTED,SOURCE_REVIEW,SOURCE_REVIEW,GRAPH_OR_FUNCTION_STRUCTURE|COORDINATE_OR_GEOMETRY_STRUCTURE|TABLE_OR_MATRIX_STRUCTURE,,SVG,NO_PROBLEM_VISUAL,REVIEW_REQUIRED,SOLUTION_SVG,NOT_STARTED,,,bac3adf3997b64cf02ac9ee4138180e2c85b4f4b26dca6bf5139dd5478092453,NOT_STARTED,NOT_STARTED,NOT_STARTED,NOT_TESTED,PASS,canonical_and_compiled_master_match,INVENTORY_PENDING,01_scope_inventory.csv#archive/exams/original/high/h1/2mid/25_순천여고_2학기_중간_고1_공통수학2.js|25_순천여고_2학기_중간_고1_공통수학2|6,[object Object],INDEX_RECORD_PRESENT,original/high/h1/2mid/25_순천여고_2학기_중간_고1_공통수학2.js_6,4dd7d35fd70b2ae0d758eb909565c2cd0f9c54d2893da96a20d18bc4d63e6e26,true,③,IN_SCOPE_FORWARD,,,CLOSED_NO_SHARED_ASSET
archive/exams/original/high/h1/2mid/25_순천여고_2학기_중간_고1_공통수학2.js|25_순천여고_2학기_중간_고1_공통수학2|7,archive/exams/original/high/h1/2mid/25_순천여고_2학기_중간_고1_공통수학2.js,25_순천여고_2학기_중간_고1_공통수학2,7,7,7,2022,공통수학2,H22-C2-04,도형의 이동,4,H22-C2-04-CORE,도형의 이동 핵심 개념,rule_inferred,complete_rule,객관식,grid,false,객관식|도형의 이동|대칭이동|직선|원|접선,58281ad4286f5c26c532b44e82882ad68e1dfbda19b6c3a86aabbcad301f0aca,584f045524527804ebadc515875f1b1ea149e50d7a62ef7d0ccb135def45b120,0bdef091c479702584f065d3a3714f8a76f851b3f0cf10912f345a5dd930b0a8,7b16f1c51b3d7dbe1205c0b51223321840ca415b832ebf9a39a0756721b17d95,,,assets/images/25_순천여고_2학기_중간_고1_공통수학2/q07-solution.svg,318150db02c9f74a4d47e048f251cb35c448adf908d85bdbfa6b421be3e75186,0,LOADED_VM,,NOT_STARTED,NOT_STARTED,NOT_STARTED,SOURCE_REVIEW,SOURCE_REVIEW,GRAPH_OR_FUNCTION_STRUCTURE|COORDINATE_OR_GEOMETRY_STRUCTURE,,SVG,NO_PROBLEM_VISUAL,REVIEW_REQUIRED,SOLUTION_SVG,NOT_STARTED,,,4c95ece1f5342383650a0ee520dbaf335bd2d2a13cacabb27b68f18e1499c50f,NOT_STARTED,NOT_STARTED,NOT_STARTED,NOT_TESTED,PASS,canonical_and_compiled_master_match,INVENTORY_PENDING,01_scope_inventory.csv#archive/exams/original/high/h1/2mid/25_순천여고_2학기_중간_고1_공통수학2.js|25_순천여고_2학기_중간_고1_공통수학2|7,[object Object],INDEX_RECORD_PRESENT,original/high/h1/2mid/25_순천여고_2학기_중간_고1_공통수학2.js_7,4dd7d35fd70b2ae0d758eb909565c2cd0f9c54d2893da96a20d18bc4d63e6e26,true,⑤,IN_SCOPE_FORWARD,,,CLOSED_NO_SHARED_ASSET
archive/exams/original/high/h1/2mid/25_순천여고_2학기_중간_고1_공통수학2.js|25_순천여고_2학기_중간_고1_공통수학2|15,archive/exams/original/high/h1/2mid/25_순천여고_2학기_중간_고1_공통수학2.js,25_순천여고_2학기_중간_고1_공통수학2,15,15,15,2022,공통수학2,H22-C2-04,도형의 이동,4,H22-C2-04-CORE,도형의 이동 핵심 개념,rule_inferred,complete_rule,객관식,grid,false,객관식|도형의 이동|평행이동|직선|거리,16bc43a24cc3ac4a595fcece93ed679eb6bf29c9586f39d0782b20585ab957fa,cc1b53dfac6d45dbbc99e44f78abff9d36ced05232f4a8185902eaa57de41007,b15be6cb71072b84f7e1e198ce023fc5bb8b1e625335904ddcf3cffcd8b7312b,47069274439377c1c7c7c6ca4bec4b28f398e27d6f7e22defcaa0bbf8680194c,,,assets/images/25_순천여고_2학기_중간_고1_공통수학2/q15-solution.svg,bef45dee58c75f5da24b3bcf02b6e66a9f98e948e693384e2bde30270e53d623,0,LOADED_VM,,NOT_STARTED,NOT_STARTED,NOT_STARTED,SOURCE_REVIEW,SOURCE_REVIEW,COORDINATE_OR_GEOMETRY_STRUCTURE|TABLE_OR_MATRIX_STRUCTURE,,SVG,NO_PROBLEM_VISUAL,REVIEW_REQUIRED,SOLUTION_SVG,NOT_STARTED,,,af14c081c2f7f580bb172fc80b58e1d050ac8e33479d0c3780df713a25f798e4,NOT_STARTED,NOT_STARTED,NOT_STARTED,NOT_TESTED,PASS,canonical_and_compiled_master_match,INVENTORY_PENDING,01_scope_inventory.csv#archive/exams/original/high/h1/2mid/25_순천여고_2학기_중간_고1_공통수학2.js|25_순천여고_2학기_중간_고1_공통수학2|15,[object Object],INDEX_RECORD_PRESENT,original/high/h1/2mid/25_순천여고_2학기_중간_고1_공통수학2.js_15,4dd7d35fd70b2ae0d758eb909565c2cd0f9c54d2893da96a20d18bc4d63e6e26,true,③,IN_SCOPE_FORWARD,,,CLOSED_NO_SHARED_ASSET
archive/exams/original/high/h1/2mid/25_순천여고_2학기_중간_고1_공통수학2.js|25_순천여고_2학기_중간_고1_공통수학2|18,archive/exams/original/high/h1/2mid/25_순천여고_2학기_중간_고1_공통수학2.js,25_순천여고_2학기_중간_고1_공통수학2,18,18,18,2022,공통수학2,H22-C2-04,도형의 이동,4,H22-C2-04-CORE,도형의 이동 핵심 개념,rule_inferred,complete_rule,객관식,grid,false,객관식|도형의 이동|대칭이동|점|대칭축,9caded0c1ed5751c16b46c63ef7557a131f0f59d493ac7df2ac454bf9d46c26c,ff782081a4cc25de5ebd8fdb3b10e93e0a2a8b181fb4cabb15c6d4c8f83c7224,973d2fd2f97e26a666f403b12da6d87e527985b36bcf4ff0a47c7e7e8c36321a,5483f00e359eb08342392e243d0a9e87a3d359cf49da261bbbfce928facbd4b1,,,assets/images/25_순천여고_2학기_중간_고1_공통수학2/q18-solution.svg,5d9206474a767cff9093c762d95f238ce6dd7eab17dda73e50eb4c96cabac5e4,0,LOADED_VM,,NOT_STARTED,NOT_STARTED,NOT_STARTED,SOURCE_REVIEW,SOURCE_REVIEW,COORDINATE_OR_GEOMETRY_STRUCTURE|TABLE_OR_MATRIX_STRUCTURE,,SVG,NO_PROBLEM_VISUAL,REVIEW_REQUIRED,SOLUTION_SVG,NOT_STARTED,,,6227b83010d4dcd6be8494d4dbdc7bccf6b574c6d687fe41c314b677d056f03c,NOT_STARTED,NOT_STARTED,NOT_STARTED,NOT_TESTED,PASS,canonical_and_compiled_master_match,INVENTORY_PENDING,01_scope_inventory.csv#archive/exams/original/high/h1/2mid/25_순천여고_2학기_중간_고1_공통수학2.js|25_순천여고_2학기_중간_고1_공통수학2|18,[object Object],INDEX_RECORD_PRESENT,original/high/h1/2mid/25_순천여고_2학기_중간_고1_공통수학2.js_18,4dd7d35fd70b2ae0d758eb909565c2cd0f9c54d2893da96a20d18bc4d63e6e26,true,①,IN_SCOPE_FORWARD,,,CLOSED_NO_SHARED_ASSET
archive/exams/original/high/h1/2mid/25_제일고_2학기_중간_고1_기출.js|25_제일고_2학기_중간_고1_기출|18,archive/exams/original/high/h1/2mid/25_제일고_2학기_중간_고1_기출.js,25_제일고_2학기_중간_고1_기출,18,18,18,2022,공통수학2,H22-C2-04,도형의 이동,4,H22-C2-04-CORE,도형의 이동 핵심 개념,rule_inferred,complete_rule,객관식,fullwidth,false,객관식|도형의이동|대칭이동|접기|도형,68fd5195f9644f786c21140f532d0af8bcfe4cd090d69db9f123bd01bba029fd,02e798ffd7690c6b47f6f6514fc8d2078aaaaa5827e00c9528fd2b25e8fd73d2,d41ea6521f53fb3dfa10cf72e2932f4405d9c999fa422cdc840d25d57e90dd34,4537959fba8cafde6a75d569a08b3244fdb296ca5f00ff4e7e99e78574484ab3,assets/images/25_제일고_2학기_중간_고1_기출/q18.png,2913f72d7da7b9a981214723f062480131749e2bf026ab0516710808ee7a3354,assets/images/25_제일고_2학기_중간_고1_기출/q18-solution.svg,ec142aa26f5c333c284553b22f0ae66b63ca5064aac5364196e860ab8482c1cf,0,LOADED_VM,,NOT_STARTED,NOT_STARTED,NOT_STARTED,SOURCE_REVIEW,SOURCE_REVIEW,COORDINATE_OR_GEOMETRY_STRUCTURE|TABLE_OR_MATRIX_STRUCTURE,,SVG,PROBLEM_VISUAL_PRESENT,REVIEW_REQUIRED,SOLUTION_SVG,NOT_STARTED,,,8a4c601551cdff9a9f7e4cc698f7bbce3b7bcfa786f9238d100a48937e5d6f43,NOT_STARTED,NOT_STARTED,NOT_STARTED,NOT_TESTED,PASS,canonical_and_compiled_master_match,INVENTORY_PENDING,01_scope_inventory.csv#archive/exams/original/high/h1/2mid/25_제일고_2학기_중간_고1_기출.js|25_제일고_2학기_중간_고1_기출|18,[object Object]|[object Object],INDEX_RECORD_PRESENT,original/high/h1/2mid/25_제일고_2학기_중간_고1_기출.js_18,c93080c2c343013b5c4ede64b2fb4a5a028f24be09ac6a97d772a73f4e7cd8b4,true,④,IN_SCOPE_FORWARD,,,CLOSED_NO_SHARED_ASSET
archive/exams/original/high/h1/2mid/25_효천고_2학기_중간_고1_기출.js|25_효천고_2학기_중간_고1_기출|12,archive/exams/original/high/h1/2mid/25_효천고_2학기_중간_고1_기출.js,25_효천고_2학기_중간_고1_기출,12,12,12,2022,공통수학2,H22-C2-04,도형의 이동,4,H22-C2-04-CORE,도형의 이동 핵심 개념,rule_inferred,complete_rule,객관식,grid,false,객관식|포물선|원점대칭|평행이동|접선,40579482e7a45f0b0f5f5a1923a26863ec74be3dace66600cb7e0fe29dffebb6,ff782081a4cc25de5ebd8fdb3b10e93e0a2a8b181fb4cabb15c6d4c8f83c7224,973d2fd2f97e26a666f403b12da6d87e527985b36bcf4ff0a47c7e7e8c36321a,ed8e34ea54cc8c597b16076fa351a84119c62c599eef4b21dd76290d8e536c7f,,,assets/images/25_효천고_2학기_중간_고1_기출/q12-solution.svg,97f50d5f79ba9fbefa5988bff8da49a98b9a037da137b8a0100172e971a95d61,0,LOADED_VM,,NOT_STARTED,NOT_STARTED,NOT_STARTED,SOURCE_REVIEW,SOURCE_REVIEW,GRAPH_OR_FUNCTION_STRUCTURE|COORDINATE_OR_GEOMETRY_STRUCTURE|TABLE_OR_MATRIX_STRUCTURE,,SVG,NO_PROBLEM_VISUAL,REVIEW_REQUIRED,SOLUTION_SVG,NOT_STARTED,,,de8846c407648a85237e2a861580c46e8de1b65e5036e60a278b8a4f728ec879,NOT_STARTED,NOT_STARTED,NOT_STARTED,NOT_TESTED,PASS,canonical_and_compiled_master_match,INVENTORY_PENDING,01_scope_inventory.csv#archive/exams/original/high/h1/2mid/25_효천고_2학기_중간_고1_기출.js|25_효천고_2학기_중간_고1_기출|12,[object Object],INDEX_RECORD_PRESENT,original/high/h1/2mid/25_효천고_2학기_중간_고1_기출.js_12,1e08c7f97fe6ae138904efeb63a60094f995208381c12799293dc37018e511da,true,①,IN_SCOPE_FORWARD,,,CLOSED_NO_SHARED_ASSET
archive/exams/original/high/h1/2mid/25_효천고_2학기_중간_고1_기출.js|25_효천고_2학기_중간_고1_기출|13,archive/exams/original/high/h1/2mid/25_효천고_2학기_중간_고1_기출.js,25_효천고_2학기_중간_고1_기출,13,13,13,2022,공통수학2,H22-C2-04,도형의 이동,4,H22-C2-04-CORE,도형의 이동 핵심 개념,rule_inferred,complete_rule,객관식,grid,false,객관식|도형의이동|대칭이동|평행이동|좌표변환|그래프|도형,77646d4d6959a76d66448e771884859a25ab64122db1e7df078d010727aefa55,2c206adf6c67cd89cee048d5914004dde040c79a080042741f4f3725e48180f1,0bdef091c479702584f065d3a3714f8a76f851b3f0cf10912f345a5dd930b0a8,a30e9ada024e1601814619e44293ff49dabda7813a4b29f85fe313a62ca6296a,assets/images/25_효천고_2학기_중간_고1_기출/q13.png,559ee3e3b96b47823e4bffce6458476f820718d53c16e573ca944a9c1e295c5b,assets/images/25_효천고_2학기_중간_고1_기출/q13-solution.svg,7da40fdcb471109a91dec56341bb207c96c87a23b31b53e6ac1b704e989d7a30,0,LOADED_VM,,NOT_STARTED,NOT_STARTED,NOT_STARTED,SOURCE_REVIEW,SOURCE_REVIEW,GRAPH_OR_FUNCTION_STRUCTURE|COORDINATE_OR_GEOMETRY_STRUCTURE|TABLE_OR_MATRIX_STRUCTURE,,SVG,PROBLEM_VISUAL_PRESENT,REVIEW_REQUIRED,SOLUTION_SVG,NOT_STARTED,,,4e2a7285b65547638e76398bbe967dba027973ed9013537f0453cbde4bedffc2,NOT_STARTED,NOT_STARTED,NOT_STARTED,NOT_TESTED,PASS,canonical_and_compiled_master_match,INVENTORY_PENDING,01_scope_inventory.csv#archive/exams/original/high/h1/2mid/25_효천고_2학기_중간_고1_기출.js|25_효천고_2학기_중간_고1_기출|13,[object Object]|[object Object],INDEX_RECORD_PRESENT,original/high/h1/2mid/25_효천고_2학기_중간_고1_기출.js_13,1e08c7f97fe6ae138904efeb63a60094f995208381c12799293dc37018e511da,true,⑤,IN_SCOPE_FORWARD,,,CLOSED_NO_SHARED_ASSET
archive/exams/original/high/h1/2mid/25_효천고_2학기_중간_고1_기출.js|25_효천고_2학기_중간_고1_기출|17,archive/exams/original/high/h1/2mid/25_효천고_2학기_중간_고1_기출.js,25_효천고_2학기_중간_고1_기출,17,17,17,2022,공통수학2,H22-C2-04,도형의 이동,4,H22-C2-04-CORE,도형의 이동 핵심 개념,rule_inferred,complete_rule,객관식,grid,false,객관식|직선|평행이동|원|중심|넓이이등분,d5680365854d326f0b9ec93625e2eb18c57d8d8c07e1fa066b7cac30bdf692bc,6d8acd6678db0a1906080a1bbe0107b1e998f8724fb2ad0e3a51a9d17b564468,973d2fd2f97e26a666f403b12da6d87e527985b36bcf4ff0a47c7e7e8c36321a,bcd7b0e54ecf983b9cb19a54409a7d76054b57abc86aee8fee45e158f4b4d7f6,,,assets/images/25_효천고_2학기_중간_고1_기출/q17-solution.svg,b0c7e00130a0213f97cf9865cff041ecc9439eab8a3a344b94eaf5f8592d0269,0,LOADED_VM,,NOT_STARTED,NOT_STARTED,NOT_STARTED,SOURCE_REVIEW,SOURCE_REVIEW,COORDINATE_OR_GEOMETRY_STRUCTURE,,SVG,NO_PROBLEM_VISUAL,REVIEW_REQUIRED,SOLUTION_SVG,NOT_STARTED,,,07170aa363d7f23ecccfda583e660878818057c87f0bc351b392423684ca24bf,NOT_STARTED,NOT_STARTED,NOT_STARTED,NOT_TESTED,PASS,canonical_and_compiled_master_match,INVENTORY_PENDING,01_scope_inventory.csv#archive/exams/original/high/h1/2mid/25_효천고_2학기_중간_고1_기출.js|25_효천고_2학기_중간_고1_기출|17,[object Object],INDEX_RECORD_PRESENT,original/high/h1/2mid/25_효천고_2학기_중간_고1_기출.js_17,1e08c7f97fe6ae138904efeb63a60094f995208381c12799293dc37018e511da,true,①,IN_SCOPE_FORWARD,,,CLOSED_NO_SHARED_ASSET
archive/exams/original/high/h1/2mid/25_효천고_2학기_중간_고1_기출.js|25_효천고_2학기_중간_고1_기출|18,archive/exams/original/high/h1/2mid/25_효천고_2학기_중간_고1_기출.js,25_효천고_2학기_중간_고1_기출,18,18,18,2022,공통수학2,H22-C2-04,도형의 이동,4,H22-C2-04-CORE,도형의 이동 핵심 개념,rule_inferred,complete_rule,객관식,grid,false,객관식|직사각형|대칭이동|최단거리|수선의발|도형,e4a354cc7af006db61c331adfd80a64f86ad41f8dd1a6f9c41a936a45f9b1ce2,df7f2dc7997c075b7b89cc8ea18091560a110d6711d14dbbee4857591dc6bc8a,0bdef091c479702584f065d3a3714f8a76f851b3f0cf10912f345a5dd930b0a8,6a98415325287ecda9e99806c75a76210f015289c61b575c8b552649d137244f,assets/images/25_효천고_2학기_중간_고1_기출/q18.png,9ad169d7bf6b0184d90a05911df566e3f28a154b42db15f04fb082102b1531b7,assets/images/25_효천고_2학기_중간_고1_기출/q18-solution.svg,e662ed693411c6149f6f7256f5eb7d7467de3b217c6f840fc7a1a47dd30eae45,0,LOADED_VM,,NOT_STARTED,NOT_STARTED,NOT_STARTED,SOURCE_REVIEW,SOURCE_REVIEW,COORDINATE_OR_GEOMETRY_STRUCTURE|COUNTING_STRUCTURE|TABLE_OR_MATRIX_STRUCTURE,,SVG,PROBLEM_VISUAL_PRESENT,REVIEW_REQUIRED,SOLUTION_SVG,NOT_STARTED,,,24283c3b3b4c928dd947e3afc6e3a9c5ab8b1b5fd3e63e5e9d13199659c1c356,NOT_STARTED,NOT_STARTED,NOT_STARTED,NOT_TESTED,PASS,canonical_and_compiled_master_match,INVENTORY_PENDING,01_scope_inventory.csv#archive/exams/original/high/h1/2mid/25_효천고_2학기_중간_고1_기출.js|25_효천고_2학기_중간_고1_기출|18,[object Object]|[object Object],INDEX_RECORD_PRESENT,original/high/h1/2mid/25_효천고_2학기_중간_고1_기출.js_18,1e08c7f97fe6ae138904efeb63a60094f995208381c12799293dc37018e511da,true,⑤,IN_SCOPE_FORWARD,,,CLOSED_NO_SHARED_ASSET
archive/exams/original/high/h1/2mid/25_효천고_2학기_중간_고1_기출.js|25_효천고_2학기_중간_고1_기출|19,archive/exams/original/high/h1/2mid/25_효천고_2학기_중간_고1_기출.js,25_효천고_2학기_중간_고1_기출,19,19,19,2022,공통수학2,H22-C2-04,도형의 이동,4,H22-C2-04-CORE,도형의 이동 핵심 개념,rule_inferred,complete_rule,서술형,grid,false,서술형|대칭이동|좌표|두점사이거리,d5ea62c3afbd7988a5b80fc411cadd2b4fe6a0ecb32d610f9fa51f056533d569,4f53cda18c2baa0c0354bb5f9a3ecbe5ed12ab4d8e11ba873c2f11161202b945,58355f1caa412ca6510630e98216dd4cef6508b930320d448064d86ccfcdc73e,b1cf7b474d8f95ac31a64cf3843cb1b6263146d9a5277577198d99876925a3ef,,,assets/images/25_효천고_2학기_중간_고1_기출/q19-solution.svg,dd44dd1bde3f2f44a78f6d683024f9230b06413e1a09b10dfaed54ca61aba1ad,0,LOADED_VM,,NOT_STARTED,NOT_STARTED,NOT_STARTED,SOURCE_REVIEW,SOURCE_REVIEW,COORDINATE_OR_GEOMETRY_STRUCTURE|TABLE_OR_MATRIX_STRUCTURE,,SVG,NO_PROBLEM_VISUAL,REVIEW_REQUIRED,SOLUTION_SVG,NOT_STARTED,,,4c59ebb041bb03aa4184b8155b372180a4fc281fddcf59f7d1386b755ecb10b4,NOT_STARTED,NOT_STARTED,NOT_STARTED,NOT_TESTED,PASS,canonical_and_compiled_master_match,INVENTORY_PENDING,01_scope_inventory.csv#archive/exams/original/high/h1/2mid/25_효천고_2학기_중간_고1_기출.js|25_효천고_2학기_중간_고1_기출|19,[object Object],INDEX_RECORD_PRESENT,original/high/h1/2mid/25_효천고_2학기_중간_고1_기출.js_19,1e08c7f97fe6ae138904efeb63a60094f995208381c12799293dc37018e511da,true,$2\sqrt{13}$,IN_SCOPE_FORWARD,,,CLOSED_NO_SHARED_ASSET
archive/exams/original/high/h1/2mid/25_효천고_2학기_중간_고1_기출.js|25_효천고_2학기_중간_고1_기출|23,archive/exams/original/high/h1/2mid/25_효천고_2학기_중간_고1_기출.js,25_효천고_2학기_중간_고1_기출,23,23,23,2022,공통수학2,H22-C2-04,도형의 이동,4,H22-C2-04-CORE,도형의 이동 핵심 개념,rule_inferred,complete_rule,서술형,grid,false,서술형|절댓값함수|평행이동|원|넓이이등분|정수조건,6118aeb864dba434a07a8332f73415a5cb705162a966615c7f7f1684ea377144,4f53cda18c2baa0c0354bb5f9a3ecbe5ed12ab4d8e11ba873c2f11161202b945,b519f88854ac49ad7bb481ec893ed40b06a5c0a6604b8c77cc040a72250aed68,e615325648a9ce3bb6d89216c72b59e7b065c6fb910b74a7b6ecddc489cfcaaf,,,assets/images/25_효천고_2학기_중간_고1_기출/q23-solution.svg,bf6c980a9bfd49b697052494511844dd5eaf57b20f37e32097a563a4241aa7ea,0,LOADED_VM,,NOT_STARTED,NOT_STARTED,NOT_STARTED,SOURCE_REVIEW,SOURCE_REVIEW,GRAPH_OR_FUNCTION_STRUCTURE|COORDINATE_OR_GEOMETRY_STRUCTURE|SET_OR_LOGIC_STRUCTURE,,SVG,NO_PROBLEM_VISUAL,REVIEW_REQUIRED,SOLUTION_SVG,NOT_STARTED,,,f52ffdd022bb099f796cb33315a43484091e0e0fb3c8140fd84ebfcd970c3b52,NOT_STARTED,NOT_STARTED,NOT_STARTED,NOT_TESTED,PASS,canonical_and_compiled_master_match,INVENTORY_PENDING,01_scope_inventory.csv#archive/exams/original/high/h1/2mid/25_효천고_2학기_중간_고1_기출.js|25_효천고_2학기_중간_고1_기출|23,[object Object],INDEX_RECORD_PRESENT,original/high/h1/2mid/25_효천고_2학기_중간_고1_기출.js_23,1e08c7f97fe6ae138904efeb63a60094f995208381c12799293dc37018e511da,true,"$(3,1)$, $(2,0)$, $(1,-1)$, $(0,-2)$, $(-1,-3)$, $(-2,-4)$, $(5,1)$, $(6,0)$, $(7,-1)$, $(8,-2)$, $(9,-3)$",IN_SCOPE_FORWARD,,,CLOSED_NO_SHARED_ASSET
