questionUid,qKey,standardUnitKey,subUnitKey,problemImageStatus,problemVisualType,problemVisualStatus,solutionImageStatus,graphGapDisposition,graphCandidateScore,graphCandidateReasons,graphRequirement,qualityDisposition,placeholderFound,contentPreview
h1:original/high/h1/1final/24_금당고_1학기_기말_고1_기출.js_12,original/high/h1/1final/24_금당고_1학기_기말_고1_기출.js_12,H15-SB-03,H15-SB-03-FUNCTION_RELATION,PRESENT,,PRESENT,ABSENT,PRIORITY_1_GRAPH_GAP_CANDIDATE,10,explicit-graph|problem-image,UNADJUDICATED,PENDING_INDEPENDENT_TRIAGE,NO,"$y=f(x)$, $y=g(x)$, $y=h(x)$의 그래프가 다음 그림과 같을 때, 연립부등식 $h(x)>f(x)>g(x)$의 해는?"
h1:original/high/h1/2final/21_강남여고_2학기_기말_고1_기출.js_11,original/high/h1/2final/21_강남여고_2학기_기말_고1_기출.js_11,H15-SB-03,H15-SB-03-COMPOSITE_FUNCTION,PRESENT,,PRESENT,ABSENT,PRIORITY_1_GRAPH_GAP_CANDIDATE,10,explicit-graph|problem-image,UNADJUDICATED,PENDING_INDEPENDENT_TRIAGE,NO,"두 함수 $f,g$가 그림과 같을 때, $(g\circ f)^{-1}(2)+(f\circ g)^{-1}(2)$의 값을 구하면? [3.3점]"
h1:original/high/h1/2final/21_강남여고_2학기_기말_고1_기출.js_12,original/high/h1/2final/21_강남여고_2학기_기말_고1_기출.js_12,H15-SB-04,H15-SB-04-RATIONAL_GRAPH,PRESENT,,PRESENT,ABSENT,PRIORITY_1_GRAPH_GAP_CANDIDATE,10,explicit-graph|problem-image,UNADJUDICATED,PENDING_INDEPENDENT_TRIAGE,NO,"그림과 같이 직선 $x=n$ $(n=1,2,3,\cdots)$이 두 함수 $y=\dfrac4x$와 $y=\dfrac4{x+1}$의 그래프에 의하여 잘린 선분의 길이를 $f(n)$이라 할 때, $f(1)+f(2)+f(3)+f(4)+f(5)$의 값은? [3.5점]"
h1:original/high/h1/2final/21_강남여고_2학기_기말_고1_기출.js_13,original/high/h1/2final/21_강남여고_2학기_기말_고1_기출.js_13,H15-SB-05,H15-SB-05-IRRATIONAL_GRAPH,PRESENT,,PRESENT,ABSENT,PRIORITY_1_GRAPH_GAP_CANDIDATE,10,explicit-graph|problem-image,UNADJUDICATED,PENDING_INDEPENDENT_TRIAGE,NO,"무리함수 $y=\sqrt{ax+b}+c$의 그래프가 오른쪽 그림과 같을 때, $\dfrac{|a|}{a}+\dfrac{|b|}{b}+\dfrac{|c|}{c}$의 값은? [3.3점]"
h1:original/high/h1/2final/21_강남여고_2학기_기말_고1_기출.js_14,original/high/h1/2final/21_강남여고_2학기_기말_고1_기출.js_14,H15-SB-03,H15-SB-03-FUNCTION_RELATION,ABSENT,,ABSENT,PRESENT,SOLUTION_VISUAL_PRESENT,0,solutionImage-present,UNADJUDICATED,PENDING_INDEPENDENT_TRIAGE,NO,"일차함수 $f(x)$에 대하여 함수 $y=\dfrac{f(x)+5}{2-f(x)}$의 그래프의 점근선은 두 직선 $x=4$, $y=-1$이다. $f(1)=5$일 때, $f(3)$의 값은? [3.3점]"
h1:original/high/h1/2final/21_강남여고_2학기_기말_고1_기출.js_16,original/high/h1/2final/21_강남여고_2학기_기말_고1_기출.js_16,H15-SB-04,H15-SB-04-RATIONAL_APPLICATION,PRESENT,,PRESENT,PRESENT,SOLUTION_VISUAL_PRESENT,0,solutionImage-present,UNADJUDICATED,PENDING_INDEPENDENT_TRIAGE,NO,"초점거리가 4로 일정한 렌즈가 있다. 렌즈에서 상이 생긴 지점까지 거리를 $x$라 하고, 렌즈에서 물체까지의 거리를 $y$라 할 때, $\dfrac1x+\dfrac1y=\dfrac14$의 식이 성립한다. 점 $(x,y)$를 좌표평면 위에 나타내면 점근선이 직선 $x=a$, $y=b$인 유리함수의 그래프의 일부라고 할 때, 두 상수 $a,b$의 합 $a+b$의 값은? [3.4점]"
h1:original/high/h1/2final/21_강남여고_2학기_기말_고1_기출.js_17,original/high/h1/2final/21_강남여고_2학기_기말_고1_기출.js_17,H15-SB-04,H15-SB-04-RATIONAL_APPLICATION,ABSENT,,ABSENT,PRESENT,SOLUTION_VISUAL_PRESENT,0,solutionImage-present,UNADJUDICATED,PENDING_INDEPENDENT_TRIAGE,NO,"1보다 큰 실수 $a$에 대하여 직선 $x=a$가 두 함수 $y=\dfrac1{x-1}$, $y=-4x$의 그래프와 만나는 점을 각각 $P,Q$라 하자. 선분 $PQ$ 길이의 최솟값은? [3.4점]"
h1:original/high/h1/2final/21_강남여고_2학기_기말_고1_기출.js_22,original/high/h1/2final/21_강남여고_2학기_기말_고1_기출.js_22,H15-SB-04,H15-SB-04-RATIONAL_GRAPH,PRESENT,,PRESENT,ABSENT,PRIORITY_1_GRAPH_GAP_CANDIDATE,10,explicit-graph|problem-image,UNADJUDICATED,PENDING_INDEPENDENT_TRIAGE,NO,"함수 $y=f(x)$의 그래프가 그림과 같다. $f(x)$의 역함수가 $g(x)=\dfrac{ax+b}{x+c}$일 때, $2a+b+c$의 값은? [3.5점]"
h1:original/high/h1/2final/21_강남여고_2학기_기말_고1_기출.js_23,original/high/h1/2final/21_강남여고_2학기_기말_고1_기출.js_23,H15-SB-03,H15-SB-03-INVERSE_FUNCTION,PRESENT,,PRESENT,PRESENT,SOLUTION_VISUAL_PRESENT,0,solutionImage-present,UNADJUDICATED,PENDING_INDEPENDENT_TRIAGE,NO,"그림과 같이 두 상수 $a,b$에 대하여 함수 $f(x)=a\sqrt{x+5}+b$의 그래프와 역함수 $f^{-1}(x)$의 그래프가 만나는 점을 $A$라 하자. 곡선 $y=f(x)$ 위의 점 $B(-1,7)$과 곡선 $y=f^{-1}(x)$ 위의 점 $C$에 대하여 삼각형 $ABC$는 $\overline{AB}=\overline{AC}$인 이등변삼각형이다. 삼각형 $ABC$의 넓이가 64일 때, $a+b$의 값은? (단, 점"
h1:original/high/h1/2final/21_강남여고_2학기_기말_고1_기출.js_25,original/high/h1/2final/21_강남여고_2학기_기말_고1_기출.js_25,H15-SB-03,H15-SB-03-FUNCTION_RELATION,ABSENT,,ABSENT,ABSENT,TRIAGE_NO_GRAPH_SIGNAL,0,,UNADJUDICATED,PENDING_INDEPENDENT_TRIAGE,NO,"집합 $X=\{1,2,3,4,5,6\}$에 대하여 다음 조건을 만족시키는 함수 $f:X\to X$의 개수는? [4점]<br><div class=""note-box"">(가) $f$는 일대일대응이다.<br>(나) $f(f(1))=1$<br>(다) $f(2)-f(1)=2$</div>"
h1:original/high/h1/2final/21_강남여고_2학기_기말_고1_기출.js_27,original/high/h1/2final/21_강남여고_2학기_기말_고1_기출.js_27,H15-SB-05,H15-SB-05-IRRATIONAL_GRAPH,PRESENT,,PRESENT,ABSENT,PRIORITY_1_GRAPH_GAP_CANDIDATE,10,explicit-graph|problem-image,UNADJUDICATED,PENDING_INDEPENDENT_TRIAGE,NO,"서술형2]<br>함수 $f(x)=\dfrac{ax+b}{x+c}$의 그래프가 오른쪽 그림과 같을 때, 함수 $g(x)=\sqrt{ax+b}+c$의 그래프가 지나는 사분면을 구하시오. [5점]<br>(단, 풀이과정을 자세히 쓰시오.)"
h1:original/high/h1/2final/21_강남여고_2학기_기말_고1_기출.js_28,original/high/h1/2final/21_강남여고_2학기_기말_고1_기출.js_28,H15-SB-04,H15-SB-04-RATIONAL_APPLICATION,ABSENT,,ABSENT,PRESENT,SOLUTION_VISUAL_PRESENT,0,solutionImage-present,UNADJUDICATED,PENDING_INDEPENDENT_TRIAGE,NO,"서술형3]<br>$-3\le x\le6$에서 정의된 함수 $f(x)=\dfrac{k}{x+4}-3$의 그래프가 점 $(-2,-4)$를 지난다. 함수 $f(x)$의 최댓값을 $M$, 최솟값을 $m$이라 할 때, 최댓값과 최솟값의 곱 $M\times m$을 구하여라. [5점]<br>(단, 풀이과정을 자세히 쓰시오.)"
h1:original/high/h1/2final/21_강남여고_2학기_기말_고1_기출.js_29,original/high/h1/2final/21_강남여고_2학기_기말_고1_기출.js_29,H15-SB-05,H15-SB-05-IRRATIONAL_GRAPH,ABSENT,,ABSENT,PRESENT,SOLUTION_VISUAL_PRESENT,0,solutionImage-present,UNADJUDICATED,PENDING_INDEPENDENT_TRIAGE,NO,"서술형4]<br>함수 $y=\sqrt{x+|x|}$의 그래프와 직선 $y=x+k$가 서로 다른 세 점에서 만나도록 하는 실수 $k$의 값의 범위를 구하여라. (단, 풀이과정을 자세히 쓰시오.) [5점]"
h1:original/high/h1/2final/21_강남여고_2학기_기말_고1_기출.js_3,original/high/h1/2final/21_강남여고_2학기_기말_고1_기출.js_3,H15-SB-04,H15-SB-04-RATIONAL_GRAPH,ABSENT,,ABSENT,PRESENT,SOLUTION_VISUAL_PRESENT,0,solutionImage-present,UNADJUDICATED,PENDING_INDEPENDENT_TRIAGE,NO,"함수 $y=\dfrac{2x-3}{x-1}$의 그래프의 두 점근선의 교점의 좌표가 $(a,b)$일 때, $b-a$의 값은? [2.5점]"
h1:original/high/h1/2final/21_강남여고_2학기_기말_고1_기출.js_4,original/high/h1/2final/21_강남여고_2학기_기말_고1_기출.js_4,H15-SB-05,H15-SB-05-IRRATIONAL_GRAPH,ABSENT,,ABSENT,ABSENT,PRIORITY_1_EXPLICIT_GRAPH_CANDIDATE,8,explicit-graph,UNADJUDICATED,PENDING_INDEPENDENT_TRIAGE,NO,다음 무리함수의 그래프 중 평행이동에 의하여 무리함수 $y=\sqrt{2x}$의 그래프와 겹쳐지는 것은? [2.5점]
h1:original/high/h1/2final/21_금당고_2학기_기말_고1_기출.js_11,original/high/h1/2final/21_금당고_2학기_기말_고1_기출.js_11,H15-SB-03,H15-SB-03-COMPOSITE_FUNCTION,ABSENT,,ABSENT,ABSENT,PRIORITY_2_GRAPH_RELATION_CANDIDATE,7,graph-subunit|graph-relation,UNADJUDICATED,PENDING_INDEPENDENT_TRIAGE,NO,"함수 $f(x)=\sqrt{2x-8}$가 있다. 함수 $g$가 $1$ 이상의 모든 실수 $x$에 대하여 $f^{-1}(g(x))=3x+1$을 만족시킬 때, $g(2)$의 값을 구하시오. [4점]"
h1:original/high/h1/2final/21_금당고_2학기_기말_고1_기출.js_12,original/high/h1/2final/21_금당고_2학기_기말_고1_기출.js_12,H15-SB-05,H15-SB-05-IRRATIONAL_BASIC,ABSENT,,ABSENT,ABSENT,TRIAGE_NO_GRAPH_SIGNAL,0,,UNADJUDICATED,PENDING_INDEPENDENT_TRIAGE,NO,"점 $(-11,7)$을 지나는 함수 $f(x)=\sqrt{a-2x}+2$에 대하여 $-3\le x\le1$에서 함수 $f(x)$의 최댓값을 $M$, 최솟값을 $m$이라 할 때, $M+m$의 값을 구하시오. (단, $a$는 상수이다.) [4.1점]"
h1:original/high/h1/2final/21_금당고_2학기_기말_고1_기출.js_18,original/high/h1/2final/21_금당고_2학기_기말_고1_기출.js_18,H15-SB-05,H15-SB-05-IRRATIONAL_GRAPH,PRESENT,,PRESENT,ABSENT,PRIORITY_1_GRAPH_GAP_CANDIDATE,10,explicit-graph|problem-image,UNADJUDICATED,PENDING_INDEPENDENT_TRIAGE,NO,"그림에서 곡선 $y=\sqrt{5x}$ 그래프는 직선 $y=m(x+3)$과 서로 다른 두 점에서 만나고 있다. 직선과 $x$축의 교점을 $A$, 직선 $y=m(x+3)$과 곡선 $y=\sqrt{5x}$의 두 교점을 $B,C$라 하자. 교점을 잇는 선분 $\overline{AB},\overline{BC}$는 $\overline{AB}:\overline{BC}=3:2$의 비가 성립한다. 그 때 상수 $m$에 대하여 $240m$의 "
h1:original/high/h1/2final/21_금당고_2학기_기말_고1_기출.js_19,original/high/h1/2final/21_금당고_2학기_기말_고1_기출.js_19,H15-SB-03,H15-SB-03-INVERSE_FUNCTION,ABSENT,,ABSENT,ABSENT,TRIAGE_NO_GRAPH_SIGNAL,0,,UNADJUDICATED,PENDING_INDEPENDENT_TRIAGE,NO,"집합 $X=\{1,2,3,4,5,6,7\}$에 대하여 함수 $f:X\to X$가 역함수가 존재하고, 다음 조건을 만족시킨다.<br><div class=""question-note-box"">(가) $x=1,2,6$일 때, $(f\circ f)(x)+f^{-1}(x)=2x$이다.<br>(나) $f(3)+f(5)=10$<br>(다) $f(6)\ne6$</div>$f(4)\times\{f(7)-f(6)\}$의 값을 구하시오. [4.7점"
h1:original/high/h1/2final/21_금당고_2학기_기말_고1_기출.js_2,original/high/h1/2final/21_금당고_2학기_기말_고1_기출.js_2,H15-SB-04,H15-SB-04-RATIONAL_BASIC,ABSENT,,ABSENT,ABSENT,TRIAGE_NO_GRAPH_SIGNAL,0,,UNADJUDICATED,PENDING_INDEPENDENT_TRIAGE,NO,유리식 $\left(1-\dfrac1x\right)\times\dfrac{x}{1-x}$를 간단히 하면? [3.6점]
h1:original/high/h1/2final/21_금당고_2학기_기말_고1_기출.js_22,original/high/h1/2final/21_금당고_2학기_기말_고1_기출.js_22,H15-SB-04,H15-SB-04-RATIONAL_BASIC,ABSENT,,ABSENT,PRESENT,SOLUTION_VISUAL_PRESENT,0,solutionImage-present,UNADJUDICATED,PENDING_INDEPENDENT_TRIAGE,NO,"<서답형 2><br>좌표평면에서 점 $A$와 점 $B$는 각각 함수 $y=\dfrac{20}{x}$와 함수 $y=-\dfrac{45}{x}$의 그래프의 점이다. 점 $A$와 점 $B$의 $x$좌표가 모두 양수일 때, 원점 $O$에 대하여 삼각형 $OAB$의 넓이의 최솟값의 제곱의 값을 구하고 서술하시오. [10점]<br>(풀이 과정에 부분 점수 있으며, 답만 적으면 풀이 과정 배점하지 않음.)"
h1:original/high/h1/2final/21_금당고_2학기_기말_고1_기출.js_3,original/high/h1/2final/21_금당고_2학기_기말_고1_기출.js_3,H15-SB-03,H15-SB-03-FUNCTION_RELATION,ABSENT,,ABSENT,ABSENT,TRIAGE_NO_GRAPH_SIGNAL,0,,UNADJUDICATED,PENDING_INDEPENDENT_TRIAGE,NO,함수 $f(x)=2x-5$에 대하여 $f^{-1}(-3)$의 값을 구하시오. [3.6점]
h1:original/high/h1/2final/21_금당고_2학기_기말_고1_기출.js_4,original/high/h1/2final/21_금당고_2학기_기말_고1_기출.js_4,H15-SB-05,H15-SB-05-IRRATIONAL_BASIC,ABSENT,,ABSENT,PRESENT,SOLUTION_VISUAL_PRESENT,0,solutionImage-present,UNADJUDICATED,PENDING_INDEPENDENT_TRIAGE,NO,"함수 $y=\sqrt{ax}$의 그래프를 $x$축의 방향으로 $m$만큼, $y$축의 방향으로 $n$만큼 평행이동 하였더니 함수 $y=\sqrt{2-2x}+4$의 그래프와 일치하였다. 세 상수 $a,m,n$에 대하여 $a+m+n$의 값을 구하시오. [3.6점]"
h1:original/high/h1/2final/21_금당고_2학기_기말_고1_기출.js_8,original/high/h1/2final/21_금당고_2학기_기말_고1_기출.js_8,H15-SB-03,H15-SB-03-INVERSE_FUNCTION,ABSENT,,ABSENT,PRESENT,SOLUTION_VISUAL_PRESENT,0,solutionImage-present,UNADJUDICATED,PENDING_INDEPENDENT_TRIAGE,NO,"함수 $f(x)=x^2-6x+10\ (x\ge3)$에서 함수 $y=f(x)$의 그래프와 그 역함수 $y=f^{-1}(x)$의 그래프의 교점을 $P$라고 할 때, 선분 $OP$의 길이를 구하시오. (단, $O$는 원점) [3.8점]"
h1:original/high/h1/2final/21_금당고_2학기_기말_고1_기출.js_9,original/high/h1/2final/21_금당고_2학기_기말_고1_기출.js_9,H15-SB-04,H15-SB-04-RATIONAL_BASIC,ABSENT,,ABSENT,ABSENT,TRIAGE_NO_GRAPH_SIGNAL,0,,UNADJUDICATED,PENDING_INDEPENDENT_TRIAGE,NO,"두 유리함수 $f(x)=\dfrac{2x-1}{x+2}$, $g(x)=\dfrac{ax+b}{x+c}$가 $f(g(x))=x$를 만족시킬 때, $a+b+c$의 값을 구하시오. [3.8점]"
h1:original/high/h1/2final/21_복성고_2학기_기말_고1_기출.js_1,original/high/h1/2final/21_복성고_2학기_기말_고1_기출.js_1,H15-SB-03,H15-SB-03-INVERSE_FUNCTION,PRESENT,,PRESENT,ABSENT,PRIORITY_1_GRAPH_GAP_CANDIDATE,10,explicit-graph|problem-image,UNADJUDICATED,PENDING_INDEPENDENT_TRIAGE,NO,오른쪽 그림과 같은 함수 $f:X\to Y$에 대하여 $f(2)+f^{-1}(5)$의 값을 구하시오. [3.3점]
h1:original/high/h1/2final/21_복성고_2학기_기말_고1_기출.js_10,original/high/h1/2final/21_복성고_2학기_기말_고1_기출.js_10,H15-SB-04,H15-SB-04-RATIONAL_GRAPH,PRESENT,,PRESENT,ABSENT,PRIORITY_1_GRAPH_GAP_CANDIDATE,10,explicit-graph|problem-image,UNADJUDICATED,PENDING_INDEPENDENT_TRIAGE,NO,"유리함수 $f(x)=\dfrac{ax+b}{x+c}$의 그래프가 오른쪽 그림과 같을 때, $cf(4)$의 값을 구하시오. ($a,b,c$는 상수) [3.8점]"
h1:original/high/h1/2final/21_복성고_2학기_기말_고1_기출.js_11,original/high/h1/2final/21_복성고_2학기_기말_고1_기출.js_11,H15-SB-05,H15-SB-05-IRRATIONAL_BASIC,ABSENT,,ABSENT,PRESENT,SOLUTION_VISUAL_PRESENT,0,solutionImage-present,UNADJUDICATED,PENDING_INDEPENDENT_TRIAGE,NO,무리함수 $y=\sqrt{4-2x}$의 그래프와 직선 $y=-x+k$가 서로 다른 두 점에서 만나도록 하는 실수 $k$의 값의 범위는 $\alpha\le k\lt\beta$이다. $\alpha\beta$의 값을 구하시오. [3.8점]
h1:original/high/h1/2final/21_복성고_2학기_기말_고1_기출.js_12,original/high/h1/2final/21_복성고_2학기_기말_고1_기출.js_12,H15-SB-05,H15-SB-05-IRRATIONAL_INVERSE,ABSENT,,ABSENT,PRESENT,SOLUTION_VISUAL_PRESENT,0,solutionImage-present,UNADJUDICATED,PENDING_INDEPENDENT_TRIAGE,NO,"함수 $y=f(x)$의 그래프는 무리함수 $y=2\sqrt{x}$의 그래프를 $x$축의 방향으로 $a$만큼, $y$축의 방향으로 $3$만큼 평행이동 한 것이다. 함수 $y=f(x)$의 그래프와 그 역함수 $y=f^{-1}(x)$의 그래프가 서로 접할 때, 상수 $a$의 값은? [3.8점]"
h1:original/high/h1/2final/21_복성고_2학기_기말_고1_기출.js_13,original/high/h1/2final/21_복성고_2학기_기말_고1_기출.js_13,H15-SB-04,H15-SB-04-RATIONAL_BASIC,ABSENT,,ABSENT,ABSENT,TRIAGE_NO_GRAPH_SIGNAL,0,,UNADJUDICATED,PENDING_INDEPENDENT_TRIAGE,NO,"유리함수 $f(x)=\dfrac{-2}{x+1}+1$에 대하여 $f^2=f\circ f$, $f^{n+1}=f^n\circ f$($n$은 $2$ 이상의 자연수)로 정의할 때, $f(2)+f^2(2)+f^3(2)+\cdots+f^{24}(2)$의 값은? [3.8점]"
h1:original/high/h1/2final/21_복성고_2학기_기말_고1_기출.js_16,original/high/h1/2final/21_복성고_2학기_기말_고1_기출.js_16,H15-SB-03,H15-SB-03-FUNCTION_RELATION,ABSENT,,ABSENT,ABSENT,TRIAGE_NO_GRAPH_SIGNAL,0,,UNADJUDICATED,PENDING_INDEPENDENT_TRIAGE,NO,"함수 $f(x)=x^2+4x+2$에 대하여 함수 $g(x)$가 모든 실수 $x$에 대하여 $g(2x-1)=-2f\left(-x+\dfrac12\right)+1$을 만족시킨다. 함수 $g(x)$는 $x=a$에서 최댓값 $b$를 가질 때, $a+b$의 값을 구하시오. [4.3점]"
h1:original/high/h1/2final/21_복성고_2학기_기말_고1_기출.js_17,original/high/h1/2final/21_복성고_2학기_기말_고1_기출.js_17,H15-SB-03,H15-SB-03-FUNCTION_RELATION,ABSENT,,ABSENT,ABSENT,TRIAGE_NO_GRAPH_SIGNAL,0,,UNADJUDICATED,PENDING_INDEPENDENT_TRIAGE,NO,"실수 전체의 집합에서 정의된 함수 $f(x)=\begin{cases}\dfrac{a-x}{x-1}&(x\gt3)\\-\sqrt{3-x}-2&(x\le3)\end{cases}$가 $x_1\ne x_2$이면 $f(x_1)\ne f(x_2)$를 만족한다고 한다. 실수 $a$가 $a\lt1$일 때, 가능한 $a$의 최솟값에 대하여 $af(5)$를 구하시오. [4.3점]"
h1:original/high/h1/2final/21_복성고_2학기_기말_고1_기출.js_18,original/high/h1/2final/21_복성고_2학기_기말_고1_기출.js_18,H15-SB-03,H15-SB-03-FUNCTION_RELATION,ABSENT,,ABSENT,ABSENT,TRIAGE_NO_GRAPH_SIGNAL,0,,UNADJUDICATED,PENDING_INDEPENDENT_TRIAGE,NO,실수 전체의 집합에서 정의된 함수 $f(x)=\begin{cases}2x+3&(x\lt1)\\x^2-5x+9&(x\ge1)\end{cases}$에 대하여 $(f\circ f)(k)=f(k)$를 만족시키는 모든 실수 $k$의 값 중 가장 큰 값을 구하시오. [4.3점]
h1:original/high/h1/2final/21_복성고_2학기_기말_고1_기출.js_2,original/high/h1/2final/21_복성고_2학기_기말_고1_기출.js_2,H15-SB-03,H15-SB-03-COMPOSITE_FUNCTION,ABSENT,,ABSENT,ABSENT,PRIORITY_2_GRAPH_SUBUNIT_CANDIDATE,5,graph-subunit,UNADJUDICATED,PENDING_INDEPENDENT_TRIAGE,NO,"두 함수 $f,g$가 $f(x)=\dfrac12x^2-1$, $g(x)=3x+1$일 때, $(g\circ f)(-2)$를 구하시오. [3.3점]"
h1:original/high/h1/2final/21_복성고_2학기_기말_고1_기출.js_22,original/high/h1/2final/21_복성고_2학기_기말_고1_기출.js_22,H15-SB-05,H15-SB-05-IRRATIONAL_BASIC,ABSENT,,ABSENT,PRESENT,SOLUTION_VISUAL_PRESENT,0,solutionImage-present,UNADJUDICATED,PENDING_INDEPENDENT_TRIAGE,NO,"서술형 1번.<br>함수 $y=3\sqrt{x}$의 그래프 위의 점 $A$를 지나고 $x$축, $y$축에 각각 수직인 직선이 함수 $y=\sqrt{x}$의 그래프와 만나는 점을 각각 $B,C$라 하자. [총 10점]<br>1) 점 $A$의 좌표를 $(t,3\sqrt{t})$라 할 때 점 $B,C$를 $t$에 대해 좌표로 나타내시오. [3점]<br>2) $\overline{AB}:\overline{AC}=1:4$가 되는 직각삼각"
h1:original/high/h1/2final/21_복성고_2학기_기말_고1_기출.js_23,original/high/h1/2final/21_복성고_2학기_기말_고1_기출.js_23,H15-SB-03,H15-SB-03-FUNCTION_RELATION,ABSENT,,ABSENT,ABSENT,TRIAGE_NO_GRAPH_SIGNAL,0,,UNADJUDICATED,PENDING_INDEPENDENT_TRIAGE,NO,"서술형 2번.<br>두 집합 $X=\{1,2,3,4\}$, $Y=\{1,2,3,4,5,6,7\}$에 대하여 $X$에서 $Y$로의 함수 $f$가 다음 조건을 만족하는 개수를 구하여라. [총 10점]<br>(단, 문제(1),(2),(3),(4)는 개별문제로 서로 영향을 주지 않는다.)<br>(1) 일대일 함수의 개수 [2점]<br>(2) 임의의 $a,b\in X$에 대하여 $a\lt b$이면 $f(a)\lt f(b)$를 만족하는 "
h1:original/high/h1/2final/21_복성고_2학기_기말_고1_기출.js_3,original/high/h1/2final/21_복성고_2학기_기말_고1_기출.js_3,H15-SB-04,H15-SB-04-RATIONAL_BASIC,ABSENT,,ABSENT,PRESENT,SOLUTION_VISUAL_PRESENT,0,solutionImage-present,UNADJUDICATED,PENDING_INDEPENDENT_TRIAGE,NO,"다음 유리함수 $y=\dfrac{-4x+8}{2x-3}$의 그래프의 점근선을 $x=a$, $y=b$라고 할 때, $ab$의 값을 구하시오. [3.3점]"
h1:original/high/h1/2final/21_복성고_2학기_기말_고1_기출.js_4,original/high/h1/2final/21_복성고_2학기_기말_고1_기출.js_4,H15-SB-05,H15-SB-05-IRRATIONAL_BASIC,ABSENT,,ABSENT,PRESENT,SOLUTION_VISUAL_PRESENT,0,solutionImage-present,UNADJUDICATED,PENDING_INDEPENDENT_TRIAGE,NO,다음 무리함수 $y=-\sqrt{4-2x}+4$의 정의역과 치역을 구하시오. [3.3점]
h1:original/high/h1/2final/21_복성고_2학기_기말_고1_기출.js_7,original/high/h1/2final/21_복성고_2학기_기말_고1_기출.js_7,H15-SB-03,H15-SB-03-COMPOSITE_FUNCTION,PRESENT,,PRESENT,ABSENT,PRIORITY_1_GRAPH_GAP_CANDIDATE,10,explicit-graph|problem-image,UNADJUDICATED,PENDING_INDEPENDENT_TRIAGE,NO,"다음 그림은 직선 $y=x$와 $x\ge0$에서 정의된 두 함수 $y=f(x)$, $y=g(x)$의 그래프를 나타낸 것이다. 두 함수 $f,g$의 역함수가 존재할 때, $(f\circ g^{-1})^{-1}(c)$를 구하시오. (단, 모든 점선은 $x$축 또는 $y$축에 평행하다.) [3.8점]"
h1:original/high/h1/2final/21_복성고_2학기_기말_고1_기출.js_8,original/high/h1/2final/21_복성고_2학기_기말_고1_기출.js_8,H15-SB-03,H15-SB-03-FUNCTION_RELATION,ABSENT,,ABSENT,ABSENT,TRIAGE_NO_GRAPH_SIGNAL,0,,UNADJUDICATED,PENDING_INDEPENDENT_TRIAGE,NO,"세 함수 $f,g,h$가 $f(x)=x+a$, $g(x)=-2x+3$, $(g\circ h)(x)=4x-1$, $(h\circ f)(x)=bx+4$를 만족시킬 때, 상수 $a,b$에 대하여 $ab$의 값을 구하시오. [3.8점]"
h1:original/high/h1/2final/21_복성고_2학기_기말_고1_기출.js_9,original/high/h1/2final/21_복성고_2학기_기말_고1_기출.js_9,H15-SB-03,H15-SB-03-FUNCTION_RELATION,ABSENT,,ABSENT,ABSENT,TRIAGE_NO_GRAPH_SIGNAL,0,,UNADJUDICATED,PENDING_INDEPENDENT_TRIAGE,NO,"집합 $X=\{1,2,3,4\}$에 대하여 $X$에서 $X$로의 일대일대응, 항등함수, 상수함수를 각각 $f(x)$, $g(x)$, $h(x)$라 하자. 세 함수가 다음 조건을 만족시킬 때, $f(2)+g(2)+h(2)$의 값을 구하시오. [3.8점]<div class=""note-box"">(가) $f(3)=g(4)=h(1)$<br>(나) $f(1)\times g(1)\times h(1)=12$<br>(다) $f(1)+f(4)="
h1:original/high/h1/2final/21_순천고_2학기_기말_고1_기출.js_1,original/high/h1/2final/21_순천고_2학기_기말_고1_기출.js_1,H15-SB-04,H15-SB-04-RATIONAL_BASIC,ABSENT,,ABSENT,ABSENT,TRIAGE_NO_GRAPH_SIGNAL,0,,UNADJUDICATED,PENDING_INDEPENDENT_TRIAGE,NO,다음 중 유리식 계산이 틀린 것은? (3.9점)
h1:original/high/h1/2final/21_순천고_2학기_기말_고1_기출.js_10,original/high/h1/2final/21_순천고_2학기_기말_고1_기출.js_10,H15-SB-05,H15-SB-05-IRRATIONAL_GRAPH,PRESENT,,PRESENT,ABSENT,PRIORITY_1_GRAPH_GAP_CANDIDATE,10,explicit-graph|problem-image,UNADJUDICATED,PENDING_INDEPENDENT_TRIAGE,NO,"무리함수 $y=\sqrt{ax+b}+c$의 그래프가 다음 그림과 같을 때, $a+b+c$의 값은? (단, $a,b,c$는 상수이다.) (4.1점)"
h1:original/high/h1/2final/21_순천고_2학기_기말_고1_기출.js_11,original/high/h1/2final/21_순천고_2학기_기말_고1_기출.js_11,H15-SB-05,H15-SB-05-IRRATIONAL_BASIC,ABSENT,,ABSENT,PRESENT,SOLUTION_VISUAL_PRESENT,0,solutionImage-present,UNADJUDICATED,PENDING_INDEPENDENT_TRIAGE,NO,"함수 $y=\sqrt{x-3}+3$의 그래프와 그 역함수의 그래프가 서로 다른 두 점에서 만날 때, 이 두 점 사이는? (4.5점)"
h1:original/high/h1/2final/21_순천고_2학기_기말_고1_기출.js_15,original/high/h1/2final/21_순천고_2학기_기말_고1_기출.js_15,H15-SB-03,H15-SB-03-FUNCTION_RELATION,ABSENT,,ABSENT,ABSENT,TRIAGE_NO_GRAPH_SIGNAL,0,,UNADJUDICATED,PENDING_INDEPENDENT_TRIAGE,NO,"집합 $A=\{1,2,3,4,5,6\}$에서 $A$로의 함수 중에서 다음 두 조건을 만족시키는 함수 $f$의 개수는? (4.6점)<div class=""question-note-box"">(가) 함수 $f$는 일대일대응이다.<br>(나) 정의역 $A$의 한 원소 $n$에 대하여 $f(n)-f(n+1)=5$이다.</div>"
h1:original/high/h1/2final/21_순천고_2학기_기말_고1_기출.js_18,original/high/h1/2final/21_순천고_2학기_기말_고1_기출.js_18,H15-SB-04,H15-SB-04-RATIONAL_BASIC,ABSENT,,ABSENT,PRESENT,SOLUTION_VISUAL_PRESENT,0,solutionImage-present,UNADJUDICATED,PENDING_INDEPENDENT_TRIAGE,NO,"원 $x^2+y^2=5$와 함수 $y=\dfrac{k}{x}$ ($k\gt0$)의 그래프가 제$1$사분면의 두 점에서 만난다. 두 점의 $x$좌표의 비가 $1:3$일 때, $k$의 값은? (5.1점)"
h1:original/high/h1/2final/21_순천고_2학기_기말_고1_기출.js_2,original/high/h1/2final/21_순천고_2학기_기말_고1_기출.js_2,H15-SB-04,H15-SB-04-RATIONAL_BASIC,ABSENT,,ABSENT,PRESENT,SOLUTION_VISUAL_PRESENT,0,solutionImage-present,UNADJUDICATED,PENDING_INDEPENDENT_TRIAGE,NO,"유리함수 $y=\dfrac{3x+2}{x-a}$의 그래프의 점근선의 방정식이 $x=2$, $y=b$일 때, $ab$의 값은? (단, $a,b$는 상수이다.) (3.7점)"
h1:original/high/h1/2final/21_순천고_2학기_기말_고1_기출.js_22,original/high/h1/2final/21_순천고_2학기_기말_고1_기출.js_22,H15-SB-03,H15-SB-03-COMPOSITE_FUNCTION,ABSENT,,ABSENT,ABSENT,PRIORITY_2_GRAPH_SUBUNIT_CANDIDATE,5,graph-subunit,UNADJUDICATED,PENDING_INDEPENDENT_TRIAGE,NO,"&lt;서술형3&gt;<br>함수 $f(x)=\dfrac{x-3}{x+1}$에 대하여 $f^1=f$, $f^{n+1}=f\circ f^n$ ($n$은 자연수)으로 정의할 때, $f^{300}(f^{200}(f^{100}(2)))$의 값을 구하는 풀이 과정과 답을 서술하시오. (7점, 부분점수있음.)"
h1:original/high/h1/2final/21_순천고_2학기_기말_고1_기출.js_8,original/high/h1/2final/21_순천고_2학기_기말_고1_기출.js_8,H15-SB-05,H15-SB-05-IRRATIONAL_BASIC,ABSENT,,ABSENT,PRESENT,SOLUTION_VISUAL_PRESENT,0,solutionImage-present,UNADJUDICATED,PENDING_INDEPENDENT_TRIAGE,NO,"무리함수 $y=\sqrt{2x+4}$의 그래프와 직선 $y=x+k$가 서로 다른 두 점에서 만나도록 하는 실수 $k$의 범위가 $a\le k\lt b$일 때, $a+2b$의 값은? (4.7점)"
h1:original/high/h1/2final/21_순천고_2학기_기말_고1_기출.js_9,original/high/h1/2final/21_순천고_2학기_기말_고1_기출.js_9,H15-SB-05,H15-SB-05-IRRATIONAL_BASIC,ABSENT,,ABSENT,PRESENT,SOLUTION_VISUAL_PRESENT,0,solutionImage-present,UNADJUDICATED,PENDING_INDEPENDENT_TRIAGE,NO,"함수 $y=-\sqrt{ax}$ ($a\ne0$)의 설명으로 보기에서 있는 대로 고른 것은? (단, $a$는 상수이다.) (4.2점)<div class=""question-note-box"">&lt;보기&gt;<br>ㄱ. 정의역은 $\{x\mid x\ge0\}$이다.<br>ㄴ. 치역은 $\{y\mid y\le0\}$이다.<br>ㄷ. $a\lt0$일 때, 그래프는 원점을 지나고 제$2$사분면에 있다.<br>ㄹ. 함수 $y=-\sqr"
h1:original/high/h1/2final/21_제일고_2학기_기말_고1_기출.js_1,original/high/h1/2final/21_제일고_2학기_기말_고1_기출.js_1,H15-SB-03,H15-SB-03-COMPOSITE_FUNCTION,ABSENT,,ABSENT,ABSENT,PRIORITY_2_GRAPH_SUBUNIT_CANDIDATE,5,graph-subunit,UNADJUDICATED,PENDING_INDEPENDENT_TRIAGE,NO,함수 $f(x)=x^3+2$에 대하여 $(f^{-1}\circ f\circ f^{-1})(k)=2$를 만족시키는 실수 $k$의 값은? [3.7점]
h1:original/high/h1/2final/21_제일고_2학기_기말_고1_기출.js_18,original/high/h1/2final/21_제일고_2학기_기말_고1_기출.js_18,H15-SB-03,H15-SB-03-FUNCTION_RELATION,ABSENT,,ABSENT,ABSENT,TRIAGE_NO_GRAPH_SIGNAL,0,,UNADJUDICATED,PENDING_INDEPENDENT_TRIAGE,NO,"이차함수 $f(x)$가 다음 조건을 만족시킨다.<div class='note-box'>(가) $f(-6)=0$<br>(나) 모든 실수 $x$에 대하여 $f(x)\le f(-3)$이다.</div>실수 $p$에 대하여 $p\le x\le p+2$에서 함수 $f(x)$의 최솟값을 $g(p)$라 하자. 함수 $g(p)$의 최댓값이 $2$일 때, $f(2)$의 값은? [5점]"
h1:original/high/h1/2final/21_제일고_2학기_기말_고1_기출.js_2,original/high/h1/2final/21_제일고_2학기_기말_고1_기출.js_2,H15-SB-03,H15-SB-03-INVERSE_FUNCTION,ABSENT,,ABSENT,ABSENT,TRIAGE_NO_GRAPH_SIGNAL,0,,UNADJUDICATED,PENDING_INDEPENDENT_TRIAGE,NO,실수 전체의 집합에서 정의된 함수 $f(x)=|2x-3|+kx-1$의 역함수가 존재하도록 하는 자연수 $k$의 최솟값은? [3.9점]
h1:original/high/h1/2final/21_제일고_2학기_기말_고1_기출.js_20,original/high/h1/2final/21_제일고_2학기_기말_고1_기출.js_20,H15-SB-03,H15-SB-03-COMPOSITE_FUNCTION,ABSENT,,ABSENT,ABSENT,PRIORITY_2_GRAPH_RELATION_CANDIDATE,7,graph-subunit|graph-relation,UNADJUDICATED,PENDING_INDEPENDENT_TRIAGE,NO,"서술형 2<br>정의역이 $\{x\mid x\ge1\}$인 두 함수 $f(x)=\dfrac1{x+3}$, $g(x)=\sqrt{2(x-1)}$에 대하여 $(f\circ g)^{-1}\left(\dfrac17\right)$의 값을 구하시오. [6점]"
h1:original/high/h1/2final/21_제일고_2학기_기말_고1_기출.js_22,original/high/h1/2final/21_제일고_2학기_기말_고1_기출.js_22,H15-SB-03,H15-SB-03-COMPOSITE_FUNCTION,ABSENT,,ABSENT,ABSENT,PRIORITY_2_GRAPH_SUBUNIT_CANDIDATE,5,graph-subunit,UNADJUDICATED,PENDING_INDEPENDENT_TRIAGE,NO,서술형 4<br>실수 전체의 집합에서 정의된 함수 $f(x)=\begin{cases}-x&(x\lt0)\\-x^2+4x&(x\ge0)\end{cases}$에 대하여 $(f\circ f)(a)=f(a)$를 만족시키는 모든 실수 $a$의 값의 합을 구하시오. [5점]
h1:original/high/h1/2final/21_제일고_2학기_기말_고1_기출.js_4,original/high/h1/2final/21_제일고_2학기_기말_고1_기출.js_4,H15-SB-04,H15-SB-04-RATIONAL_GRAPH,ABSENT,,ABSENT,PRESENT,SOLUTION_VISUAL_PRESENT,0,solutionImage-present,UNADJUDICATED,PENDING_INDEPENDENT_TRIAGE,NO,유리함수 $f(x)=\dfrac{2x+1}{x+3}$의 그래프에 대하여 옳은 것을 모두 고르면? [4.3점]
h1:original/high/h1/2final/21_제일고_2학기_기말_고1_기출.js_5,original/high/h1/2final/21_제일고_2학기_기말_고1_기출.js_5,H15-SB-05,H15-SB-05-IRRATIONAL_BASIC,ABSENT,,ABSENT,PRESENT,SOLUTION_VISUAL_PRESENT,0,solutionImage-present,UNADJUDICATED,PENDING_INDEPENDENT_TRIAGE,NO,무리함수 $y=-\sqrt{4-4x}+3$의 그래프에서 옳은 것을 모두 고르면? [4.4점]
h1:original/high/h1/2final/21_제일고_2학기_기말_고1_기출.js_6,original/high/h1/2final/21_제일고_2학기_기말_고1_기출.js_6,H15-SB-04,H15-SB-04-RATIONAL_BASIC,ABSENT,,ABSENT,ABSENT,TRIAGE_NO_GRAPH_SIGNAL,0,,UNADJUDICATED,PENDING_INDEPENDENT_TRIAGE,NO,"유리함수 $f(x)=\dfrac{x}{1-x}$에 대하여 $f^1(x)=f(x)$, $f^{n+1}(x)=(f\circ f^n)(x)$ ($n$은 자연수)로 정의한다. $f^{2021}(x)=\dfrac{ax+b}{cx+1}$일 때, 실수 $a,b,c$에 대하여 $a+b+c$의 값은? [4.5점]"
h1:original/high/h1/2final/21_제일고_2학기_기말_고1_기출.js_7,original/high/h1/2final/21_제일고_2학기_기말_고1_기출.js_7,H15-SB-05,H15-SB-05-IRRATIONAL_BASIC,PRESENT,,PRESENT,ABSENT,PRIORITY_1_GRAPH_GAP_CANDIDATE,10,explicit-graph|problem-image,UNADJUDICATED,PENDING_INDEPENDENT_TRIAGE,NO,"함수 $y=\dfrac{ax+1}{bx+c}$의 그래프가 오른쪽 그림과 같을 때, 함수 $y=a\sqrt{bx+a+c}$의 그래프가 반드시 지나는 사분면은? [4.5점]"
h1:original/high/h1/2final/21_제일고_2학기_기말_고1_기출.js_8,original/high/h1/2final/21_제일고_2학기_기말_고1_기출.js_8,H15-SB-03,H15-SB-03-INVERSE_FUNCTION,ABSENT,,ABSENT,ABSENT,TRIAGE_NO_GRAPH_SIGNAL,0,,UNADJUDICATED,PENDING_INDEPENDENT_TRIAGE,NO,"실수 전체의 집합에서 정의된 함수 $f(x)=\begin{cases}\dfrac{2x-4}{x-4}&(x\gt5)\\\sqrt{5-x}+a&(x\le5)\end{cases}$가 다음 조건을 모두 만족시킨다.<div class='note-box'>(가) 치역은 $\{y\mid y\gt2\}$이다.<br>(나) 임의의 두 실수 $x_1,x_2$에 대하여 $x_1\ne x_2$이면 $f(x_1)\ne f(x_2)$이다.</div>$"
h1:original/high/h1/2final/21_제일고_2학기_기말_고1_기출.js_9,original/high/h1/2final/21_제일고_2학기_기말_고1_기출.js_9,H15-SB-04,H15-SB-04-RATIONAL_APPLICATION,ABSENT,,ABSENT,ABSENT,TRIAGE_NO_GRAPH_SIGNAL,0,,UNADJUDICATED,PENDING_INDEPENDENT_TRIAGE,NO,"$2\le x\le5$에서 $ax+3\le\dfrac{3x-1}{x-1}\le bx+3$일 때, $b-a$의 최솟값은? [5점]"
h1:original/high/h1/2final/21_팔마고_2학기_기말_고1_기출.js_1,original/high/h1/2final/21_팔마고_2학기_기말_고1_기출.js_1,H15-SB-04,H15-SB-04-RATIONAL_BASIC,ABSENT,,ABSENT,ABSENT,TRIAGE_NO_GRAPH_SIGNAL,0,,UNADJUDICATED,PENDING_INDEPENDENT_TRIAGE,NO,"분모를 $0$으로 하지 않는 모든 실수 $x$에 대하여 등식 $\dfrac{3x+1}{x^2+3x+2}=\dfrac{a}{x+2}+\dfrac{b}{x+1}$가 성립할 때, 상수 $a,b$에 대하여 $a+b$의 값은? [4.2점]"
h1:original/high/h1/2final/21_팔마고_2학기_기말_고1_기출.js_13,original/high/h1/2final/21_팔마고_2학기_기말_고1_기출.js_13,H15-SB-03,H15-SB-03-FUNCTION_RELATION,ABSENT,,ABSENT,ABSENT,TRIAGE_NO_GRAPH_SIGNAL,0,,UNADJUDICATED,PENDING_INDEPENDENT_TRIAGE,NO,"두 집합 $X=\{1,2,3,4,5\}$, $Y=\{2,3,4,5,6,7,8,9\}$에 대하여 다음 조건을 모두 만족시키는 함수 $f:X\to Y$의 개수는? [4.9점]<div class=""question-note-box"">ㄱ. $x_1\lt x_2$이면 $f(x_1)\gt f(x_2)$<br>ㄴ. $f(3)=6$</div>"
h1:original/high/h1/2final/21_팔마고_2학기_기말_고1_기출.js_14,original/high/h1/2final/21_팔마고_2학기_기말_고1_기출.js_14,H15-SB-05,H15-SB-05-IRRATIONAL_GRAPH,PRESENT,,PRESENT,ABSENT,PRIORITY_1_GRAPH_GAP_CANDIDATE,10,explicit-graph|problem-image,UNADJUDICATED,PENDING_INDEPENDENT_TRIAGE,NO,"단답형1. 유리함수 $y=\dfrac{bx+c}{x-a}$의 그래프가 오른쪽 그림과 같을 때, 무리함수 $y=a\sqrt{x-b}+c$의 그래프가 지나는 사분면을 구하시오. [3점]"
h1:original/high/h1/2final/21_팔마고_2학기_기말_고1_기출.js_15,original/high/h1/2final/21_팔마고_2학기_기말_고1_기출.js_15,H15-SB-05,H15-SB-05-IRRATIONAL_BASIC,ABSENT,,ABSENT,ABSENT,TRIAGE_NO_GRAPH_SIGNAL,0,,UNADJUDICATED,PENDING_INDEPENDENT_TRIAGE,NO,"단답형2. $a\le x\le10$에서 무리함수 $y=-\sqrt{2x-4}-1$의 최댓값이 $-3$, 최솟값이 $m$일 때, $a+m$의 값을 구하시오. [4점]"
h1:original/high/h1/2final/21_팔마고_2학기_기말_고1_기출.js_2,original/high/h1/2final/21_팔마고_2학기_기말_고1_기출.js_2,H15-SB-05,H15-SB-05-IRRATIONAL_BASIC,ABSENT,,ABSENT,ABSENT,TRIAGE_NO_GRAPH_SIGNAL,0,,UNADJUDICATED,PENDING_INDEPENDENT_TRIAGE,NO,무리식 $\dfrac{\sqrt{x}-3}{\sqrt{2-x}}+\sqrt{-2x+1}$의 값이 실수이기 위한 $x$값의 범위에 속하는 정수의 개수는? [4.2점]
h1:original/high/h1/2final/21_팔마고_2학기_기말_고1_기출.js_20,original/high/h1/2final/21_팔마고_2학기_기말_고1_기출.js_20,H15-SB-05,H15-SB-05-IRRATIONAL_INVERSE,ABSENT,TABLE,PRESENT,PRESENT,SOLUTION_VISUAL_PRESENT,0,solutionImage-present,UNADJUDICATED,PENDING_INDEPENDENT_TRIAGE,NO,"서술형2. 무리함수 $y=\sqrt{4x-8}$의 그래프와 직선 $y=x+k$가 한 점에서 만나기 위한 실수 $k$값의 범위를 채점기준에 알맞게 구하시오. [7점]<table class=""question-table""><thead><tr><th>단계</th><th>채점기준</th><th>부분점수</th></tr></thead><tbody><tr><td>i</td><td>무리함수와 직선의 그래프를 한 좌표평면에 그린 경우</td>"
h1:original/high/h1/2final/21_팔마고_2학기_기말_고1_기출.js_21,original/high/h1/2final/21_팔마고_2학기_기말_고1_기출.js_21,H15-SB-04,H15-SB-04-RATIONAL_APPLICATION,ABSENT,TABLE,PRESENT,ABSENT,TRIAGE_NO_GRAPH_SIGNAL,0,,UNADJUDICATED,PENDING_INDEPENDENT_TRIAGE,NO,"서술형3. $1\le x\le3$인 모든 $x$에 대하여 부등식 $ax+1\le\dfrac{x-1}{x+1}\le bx+1$이 성립할 때, 상수 $a$의 최댓값과 상수 $b$의 최솟값을 채점기준에 알맞게 구하시오. [7점]<table class=""question-table""><thead><tr><th>단계</th><th>채점기준</th><th>부분점수</th></tr></thead><tbody><tr><td>i</td><td>"
h1:original/high/h1/2final/21_팔마고_2학기_기말_고1_기출.js_3,original/high/h1/2final/21_팔마고_2학기_기말_고1_기출.js_3,H15-SB-04,H15-SB-04-RATIONAL_GRAPH,ABSENT,,ABSENT,PRESENT,SOLUTION_VISUAL_PRESENT,0,solutionImage-present,UNADJUDICATED,PENDING_INDEPENDENT_TRIAGE,NO,다음 중 유리함수 $y=\dfrac{-3x+2}{x+1}$의 그래프에 대한 설명으로 옳지 않은 것은? [4.6점]
h1:original/high/h1/2final/21_팔마고_2학기_기말_고1_기출.js_4,original/high/h1/2final/21_팔마고_2학기_기말_고1_기출.js_4,H15-SB-05,H15-SB-05-IRRATIONAL_BASIC,ABSENT,,ABSENT,PRESENT,SOLUTION_VISUAL_PRESENT,0,solutionImage-present,UNADJUDICATED,PENDING_INDEPENDENT_TRIAGE,NO,"다음 보기에서 무리함수 $y=-\sqrt{-2x+1}+2$에 대한 설명으로 옳은 것만을 있는 대로 고른 것은? [4.6점]<div class=""question-note-box"">&lt;보기&gt;<br>ㄱ. 정의역은 $\left\{x\mid x\le\dfrac12\right\}$이다.<br>ㄴ. 무리함수 $y=-\sqrt{2x}$의 그래프를 평행이동 하였을 때, 주어진 무리함수의 그래프와 겹쳐진다.<br>ㄷ. 그래프는 제$4$"
h1:original/high/h1/2final/21_팔마고_2학기_기말_고1_기출.js_5,original/high/h1/2final/21_팔마고_2학기_기말_고1_기출.js_5,H15-SB-04,H15-SB-04-RATIONAL_BASIC,ABSENT,,ABSENT,PRESENT,SOLUTION_VISUAL_PRESENT,0,solutionImage-present,UNADJUDICATED,PENDING_INDEPENDENT_TRIAGE,NO,"유리함수 $f(x)=\dfrac{3x+1}{x-2}$에 대하여 $y=f(x)$의 그래프를 $x$축의 방향으로 $a$만큼, $y$축의 방향으로 $b$만큼 평행이동하면 $y=f^{-1}(x)$의 그래프와 일치한다고 한다. 이때, $a,b$의 곱 $ab$의 값은? [4.9점]"
h1:original/high/h1/2final/21_팔마고_2학기_기말_고1_기출.js_6,original/high/h1/2final/21_팔마고_2학기_기말_고1_기출.js_6,H15-SB-05,H15-SB-05-IRRATIONAL_INVERSE,ABSENT,,ABSENT,ABSENT,PRIORITY_1_EXPLICIT_GRAPH_CANDIDATE,8,explicit-graph,UNADJUDICATED,PENDING_INDEPENDENT_TRIAGE,NO,"좌표평면에서 무리함수 $f(x)=-\sqrt{-2x}$의 그래프와 원 $(x+2)^2+(y+2)^2=1$이 만나는 두 점을 각각 $P,Q$라 하고, 함수 $y=f(x)$의 역함수 $y=f^{-1}(x)$의 그래프와 원 $(x+2)^2+(y+2)^2=1$이 만나는 두 점을 $R,S$라 하자. 두 직선 $PQ,RS$의 기울기를 각각 $a_1,a_2$라 할 때, $\dfrac12a_1a_2$의 값은? [5점]"
h1:original/high/h1/2final/21_효천고_2학기_기말_고1_기출.js_11,original/high/h1/2final/21_효천고_2학기_기말_고1_기출.js_11,H15-SB-04,H15-SB-04-RATIONAL_GRAPH,ABSENT,,ABSENT,PRESENT,SOLUTION_VISUAL_PRESENT,0,solutionImage-present,UNADJUDICATED,PENDING_INDEPENDENT_TRIAGE,NO,"함수 $y=\dfrac3{x-a}+2$의 그래프가 지나는 사분면의 개수를 $f(a)$라 할 때, $f(-5)+f(-4)+f(-3)+\cdots+f(5)$의 값은? [5.7점]"
h1:original/high/h1/2final/21_효천고_2학기_기말_고1_기출.js_12,original/high/h1/2final/21_효천고_2학기_기말_고1_기출.js_12,H15-SB-05,H15-SB-05-IRRATIONAL_INVERSE,ABSENT,,ABSENT,ABSENT,PRIORITY_2_GRAPH_RELATION_CANDIDATE,7,graph-subunit|graph-relation,UNADJUDICATED,PENDING_INDEPENDENT_TRIAGE,NO,"함수 $f(x)$를 $f(x)=\begin{cases}\sqrt{x+4}-4&(x\ge0)\\\sqrt{-x+4}-4&(x\lt0)\end{cases}$라 하자. 자연수 $n$에 대하여 직선 $y=n$과 $y=|f(x)|$가 만나는 점의 개수를 $g(n)$이라 할 때, $g(n)=3$을 만족하는 $n$의 값의 합은? [4.3점]"
h1:original/high/h1/2final/21_효천고_2학기_기말_고1_기출.js_13,original/high/h1/2final/21_효천고_2학기_기말_고1_기출.js_13,H15-SB-03,H15-SB-03-FUNCTION_RELATION,ABSENT,,ABSENT,ABSENT,PRIORITY_1_EXPLICIT_GRAPH_CANDIDATE,8,explicit-graph,UNADJUDICATED,PENDING_INDEPENDENT_TRIAGE,NO,함수 $f(x)=\begin{cases}-\sqrt{2x}&(x\ge0)\\-\dfrac12x^2&(x\lt0)\end{cases}$의 그래프와 직선 $x-3y-20=0$으로 둘러싸인 도형의 넓이는? [5.5점]
h1:original/high/h1/2final/21_효천고_2학기_기말_고1_기출.js_20,original/high/h1/2final/21_효천고_2학기_기말_고1_기출.js_20,H15-SB-05,H15-SB-05-IRRATIONAL_BASIC,ABSENT,,ABSENT,ABSENT,TRIAGE_NO_GRAPH_SIGNAL,0,,UNADJUDICATED,PENDING_INDEPENDENT_TRIAGE,NO,"서술형2.<br>좌표평면에서 두 곡선 $y=2\sqrt{x}$, $y=-\sqrt{x}+6$과 직선 $x=k$로 둘러싸인 영역의 내부 또는 그 경계에 포함되고 $x$좌표와 $y$좌표가 모두 정수인 점의 개수가 $737$이 되도록 하는 자연수 $k$의 값을 구하시오. (단, $k\gt4$) [6점]"
h1:original/high/h1/2final/21_효천고_2학기_기말_고1_기출.js_21,original/high/h1/2final/21_효천고_2학기_기말_고1_기출.js_21,H15-SB-03,H15-SB-03-COMPOSITE_FUNCTION,ABSENT,,ABSENT,ABSENT,PRIORITY_2_GRAPH_RELATION_CANDIDATE,7,graph-subunit|graph-relation,UNADJUDICATED,PENDING_INDEPENDENT_TRIAGE,NO,"서술형3.<br>정의역이 $\{x\mid x\gt0\}$인 두 함수 $f(x)=\dfrac{x}{1+x^2}$, $g(x)=\sqrt{x}$에 대하여 $f(g^{-1}(a))=\dfrac12$일 때, $g(f(a))$의 값을 구하시오. [4점]"
h1:original/high/h1/2final/21_효천고_2학기_기말_고1_기출.js_5,original/high/h1/2final/21_효천고_2학기_기말_고1_기출.js_5,H15-SB-03,H15-SB-03-FUNCTION_RELATION,ABSENT,,ABSENT,ABSENT,TRIAGE_NO_GRAPH_SIGNAL,0,,UNADJUDICATED,PENDING_INDEPENDENT_TRIAGE,NO,다음 중 일대일대응인 것은? [4.3점]
h1:original/high/h1/2final/21_효천고_2학기_기말_고1_기출.js_6,original/high/h1/2final/21_효천고_2학기_기말_고1_기출.js_6,H15-SB-04,H15-SB-04-RATIONAL_BASIC,ABSENT,,ABSENT,ABSENT,TRIAGE_NO_GRAPH_SIGNAL,0,,UNADJUDICATED,PENDING_INDEPENDENT_TRIAGE,NO,유리함수 $y=\dfrac{-2x+1}{x-1}$의 점근선을 구하면? [3.7점]
h1:original/high/h1/2final/21_효천고_2학기_기말_고1_기출.js_7,original/high/h1/2final/21_효천고_2학기_기말_고1_기출.js_7,H15-SB-05,H15-SB-05-IRRATIONAL_BASIC,ABSENT,,ABSENT,ABSENT,TRIAGE_NO_GRAPH_SIGNAL,0,,UNADJUDICATED,PENDING_INDEPENDENT_TRIAGE,NO,무리함수 $y=-\sqrt{-2x+4}+1$의 치역은? [4.9점]
h1:original/high/h1/2final/22_강남여고_2학기_기말_고1_기출.js_10,original/high/h1/2final/22_강남여고_2학기_기말_고1_기출.js_10,H15-SB-03,H15-SB-03-FUNCTION_RELATION,ABSENT,,ABSENT,ABSENT,TRIAGE_NO_GRAPH_SIGNAL,0,,UNADJUDICATED,PENDING_INDEPENDENT_TRIAGE,NO,"두 집합 $X=\{1,2,3,4\}$, $Y=\{5,6,7,8\}$에 대하여 함수 $f$는 $X$에서 $Y$로의 일대일 대응이다. $f(1)=7$, $f(2)-f(3)=3$일 때, $f(3)\times f(4)$의 값을 구하면? [4점]"
h1:original/high/h1/2final/22_강남여고_2학기_기말_고1_기출.js_11,original/high/h1/2final/22_강남여고_2학기_기말_고1_기출.js_11,H15-SB-05,H15-SB-05-IRRATIONAL_INVERSE,ABSENT,,ABSENT,PRESENT,SOLUTION_VISUAL_PRESENT,0,solutionImage-present,UNADJUDICATED,PENDING_INDEPENDENT_TRIAGE,NO,"무리함수 $f(x)=\sqrt{x-1}+1$에 대하여 $y=f(x)$의 그래프와 그 역함수 $y=f^{-1}(x)$의 그래프가 서로 다른 두 점에서 만날 때, 이 두 점 사이의 거리를 구하면? [4.1점]"
h1:original/high/h1/2final/22_강남여고_2학기_기말_고1_기출.js_14,original/high/h1/2final/22_강남여고_2학기_기말_고1_기출.js_14,H15-SB-03,H15-SB-03-COMPOSITE_FUNCTION,ABSENT,,ABSENT,ABSENT,PRIORITY_2_GRAPH_RELATION_CANDIDATE,7,graph-subunit|graph-relation,UNADJUDICATED,PENDING_INDEPENDENT_TRIAGE,NO,"함수 $f:R\to R$를 다음과 같이 정의한다.<br>$f(x)=1$ ($x$가 유리수일 때), $f(x)=0$ ($x$가 무리수일 때)<br>합성함수 $f\circ f$의 치역은? (단, $R$은 실수 전체의 집합) [4.5점]"
h1:original/high/h1/2final/22_강남여고_2학기_기말_고1_기출.js_15,original/high/h1/2final/22_강남여고_2학기_기말_고1_기출.js_15,H15-SB-04,H15-SB-04-RATIONAL_GRAPH,ABSENT,,ABSENT,PRESENT,SOLUTION_VISUAL_PRESENT,0,solutionImage-present,UNADJUDICATED,PENDING_INDEPENDENT_TRIAGE,NO,"함수 $y=\dfrac{x-1}{x-2}$의 그래프에 대한 보기의 설명 중에서 옳은 것을 모두 고르면? [4.5점]<br>[보기]<br>ㄱ. 제2, 4사분면을 지나지 않는다.<br>ㄴ. 두 점근선의 교점은 $(2,1)$이다.<br>ㄷ. 직선 $y=-x+3$, $y=x-1$에 대칭인 곡선이다."
h1:original/high/h1/2final/22_강남여고_2학기_기말_고1_기출.js_18,original/high/h1/2final/22_강남여고_2학기_기말_고1_기출.js_18,H15-SB-05,H15-SB-05-IRRATIONAL_BASIC,PRESENT,,PRESENT,PRESENT,SOLUTION_VISUAL_PRESENT,0,solutionImage-present,UNADJUDICATED,PENDING_INDEPENDENT_TRIAGE,NO,"다음 그림과 같이 두 함수 $y=\sqrt{x+1}$, $y=\sqrt{x}$의 그래프가 $y$축에 평행한 직선 $x=k$ $(k=1,2,3,\cdots)$와 만나는 점을 각각 $P_k,Q_k$라 하자. $\overline{P_1Q_1}+\overline{P_2Q_2}+\overline{P_3Q_3}+\cdots+\overline{P_{31}Q_{31}}=a+b\sqrt2$일 때, 유리수 $a,b$에 대하여 $ab$의 값은? "
h1:original/high/h1/2final/22_강남여고_2학기_기말_고1_기출.js_20,original/high/h1/2final/22_강남여고_2학기_기말_고1_기출.js_20,H15-SB-03,H15-SB-03-COMPOSITE_FUNCTION,ABSENT,,ABSENT,ABSENT,PRIORITY_2_GRAPH_SUBUNIT_CANDIDATE,5,graph-subunit,UNADJUDICATED,PENDING_INDEPENDENT_TRIAGE,NO,"함수 $f(x)=\dfrac{3x-4}{x+a}$에 대하여 $(f\circ f)(k)=k$를 만족시키는 실수 $k$가 오직 한 개 존재할 때, $a+k$의 값은? (단, $a\gt0$) [5.2점]"
h1:original/high/h1/2final/22_강남여고_2학기_기말_고1_기출.js_22,original/high/h1/2final/22_강남여고_2학기_기말_고1_기출.js_22,H15-SB-05,H15-SB-05-IRRATIONAL_BASIC,ABSENT,,ABSENT,PRESENT,SOLUTION_VISUAL_PRESENT,0,solutionImage-present,UNADJUDICATED,PENDING_INDEPENDENT_TRIAGE,NO,"서술형 2. 함수 $f(x)=\sqrt{2x+a}-4$의 그래프가 원점을 지날 때, $a$값과 $f(x)$의 역함수와 역함수의 정의역을 구하시오. [5점]"
h1:original/high/h1/2final/22_강남여고_2학기_기말_고1_기출.js_3,original/high/h1/2final/22_강남여고_2학기_기말_고1_기출.js_3,H15-SB-04,H15-SB-04-RATIONAL_GRAPH,PRESENT,,PRESENT,ABSENT,PRIORITY_1_GRAPH_GAP_CANDIDATE,10,explicit-graph|problem-image,UNADJUDICATED,PENDING_INDEPENDENT_TRIAGE,NO,"유리함수 $y=\dfrac{bx+c}{x+a}$의 그래프가 오른쪽 그림과 같을 때, 상수 $a,b,c$에 대하여 $a+b+c$의 값을 구하면? [3점]"
h1:original/high/h1/2final/22_금당고_2학기_기말_고1_기출.js_1,original/high/h1/2final/22_금당고_2학기_기말_고1_기출.js_1,H15-SB-04,H15-SB-04-RATIONAL_GRAPH,ABSENT,,ABSENT,PRESENT,SOLUTION_VISUAL_PRESENT,0,solutionImage-present,UNADJUDICATED,PENDING_INDEPENDENT_TRIAGE,NO,"유리함수 $y=\dfrac{2}{x-2}-1$의 그래프의 점근선의 방정식이 $x=p$, $y=q$일 때, $p+q$의 값은? [3.8점]"
h1:original/high/h1/2final/22_금당고_2학기_기말_고1_기출.js_17,original/high/h1/2final/22_금당고_2학기_기말_고1_기출.js_17,H15-SB-05,H15-SB-05-IRRATIONAL_BASIC,ABSENT,,ABSENT,ABSENT,PRIORITY_1_EXPLICIT_GRAPH_CANDIDATE,8,explicit-graph,UNADJUDICATED,PENDING_INDEPENDENT_TRIAGE,NO,"함수 $y=\dfrac{2x}{x-1}$의 그래프와 함수 $y=\sqrt{x-2t}-t$의 그래프가 서로 다른 두 점에서 만날 때, 실수 $t$의 최댓값을 $M$, 최솟값을 $m$이라 하자. $M-2m$의 값은? [4.5점]"
h1:original/high/h1/2final/22_금당고_2학기_기말_고1_기출.js_2,original/high/h1/2final/22_금당고_2학기_기말_고1_기출.js_2,H15-SB-05,H15-SB-05-IRRATIONAL_BASIC,ABSENT,,ABSENT,ABSENT,TRIAGE_NO_GRAPH_SIGNAL,0,,UNADJUDICATED,PENDING_INDEPENDENT_TRIAGE,NO,"함수 $f(x)=\sqrt{x+a}+1$가 $f(-1)=2$를 만족시킬 때, 상수 $a$의 값은? [3.8점]"
h1:original/high/h1/2final/22_금당고_2학기_기말_고1_기출.js_21,original/high/h1/2final/22_금당고_2학기_기말_고1_기출.js_21,H15-SB-04,H15-SB-04-RATIONAL_GRAPH,ABSENT,,ABSENT,ABSENT,PRIORITY_1_EXPLICIT_GRAPH_CANDIDATE,8,explicit-graph,UNADJUDICATED,PENDING_INDEPENDENT_TRIAGE,NO,"서술형 2. 함수 $f(x)=\dfrac{ax+1}{bx+c}$는 두 직선 $y=x+\dfrac12$, $y=-x+\dfrac32$에 대하여 대칭이고 점 $(1,3)$을 지난다. 함수 $f(x)$와 접점의 $x$좌표가 양수인 서로 다른 두 점에서 접하는 원이 있다. $2\sqrt2$보다 큰 양수 $k$에 대하여 점 $(\dfrac12,1)$과 중심 사이의 거리가 $k$인 두 원의 넓이 중 큰 것부터 $g(k)$, $h(k)$라"
h1:original/high/h1/2final/22_금당고_2학기_기말_고1_기출.js_6,original/high/h1/2final/22_금당고_2학기_기말_고1_기출.js_6,H15-SB-04,H15-SB-04-RATIONAL_BASIC,ABSENT,,ABSENT,ABSENT,TRIAGE_NO_GRAPH_SIGNAL,0,,UNADJUDICATED,PENDING_INDEPENDENT_TRIAGE,NO,"유리함수 $y=\dfrac{3x-1}{x-2}$의 역함수가 $y=\dfrac{ax+b}{x+c}$일 때, $a+b+c$의 값은? (단, $a,b,c$는 상수이다.) [4점]"
h1:original/high/h1/2final/22_금당고_2학기_기말_고1_기출.js_7,original/high/h1/2final/22_금당고_2학기_기말_고1_기출.js_7,H15-SB-04,H15-SB-04-RATIONAL_BASIC,ABSENT,,ABSENT,ABSENT,TRIAGE_NO_GRAPH_SIGNAL,0,,UNADJUDICATED,PENDING_INDEPENDENT_TRIAGE,NO,함수 $f(x)=x^2+5x+6$에 대하여 $\dfrac1{f(1)}+\dfrac1{f(2)}+\dfrac1{f(3)}+\cdots+\dfrac1{f(18)}$의 값은? [4점]
h1:original/high/h1/2final/22_금당고_2학기_기말_고1_기출.js_8,original/high/h1/2final/22_금당고_2학기_기말_고1_기출.js_8,H15-SB-05,H15-SB-05-IRRATIONAL_INVERSE,ABSENT,,ABSENT,PRESENT,SOLUTION_VISUAL_PRESENT,0,solutionImage-present,UNADJUDICATED,PENDING_INDEPENDENT_TRIAGE,NO,"함수 $y=\sqrt{x-1}+1$과 그 역함수의 그래프는 서로 다른 두 점에서 만난다. 이때, 두 교점 사이의 거리를 $d$, 두 교점을 지나는 직선의 기울기를 $m$이라고 할 때, $d+m$의 값은? [4.2점]"
h1:original/high/h1/2final/22_금당고_2학기_기말_고1_기출.js_9,original/high/h1/2final/22_금당고_2학기_기말_고1_기출.js_9,H15-SB-04,H15-SB-04-RATIONAL_BASIC,ABSENT,,ABSENT,PRESENT,SOLUTION_VISUAL_PRESENT,0,solutionImage-present,UNADJUDICATED,PENDING_INDEPENDENT_TRIAGE,NO,"$x\ne-a$인 모든 실수 $x$에 대해 다항함수가 아닌 유리함수 $f(x)=\dfrac{bx+c}{x+a}$가 $f(2-x)+f(2+x)=6$을 만족시키고 점 $(3,5)$를 지날 때, $|a|+|b|+|c|$의 값은? (단, $a,b,c$는 상수이다.) [4.2점]"
h1:original/high/h1/2final/22_매산고_2학기_기말_고1_기출.js_11,original/high/h1/2final/22_매산고_2학기_기말_고1_기출.js_11,H15-SB-03,H15-SB-03-COMPOSITE_FUNCTION,ABSENT,,ABSENT,ABSENT,PRIORITY_2_GRAPH_SUBUNIT_CANDIDATE,5,graph-subunit,UNADJUDICATED,PENDING_INDEPENDENT_TRIAGE,NO,"집합 $X=\{1,2,3,4,5,6\}$에 대하여 일대일대응 함수 $f:X\to X$가 $1\le x\le2$에서 $(f\circ f)(x)=f(x)-2x$를 만족하고, $f(3)=1$이다. $f(4)=a$일 때, $a$값들의 곱을 구하면? [4.7점]"
h1:original/high/h1/2final/22_매산고_2학기_기말_고1_기출.js_12,original/high/h1/2final/22_매산고_2학기_기말_고1_기출.js_12,H15-SB-03,H15-SB-03-INVERSE_FUNCTION,PRESENT,,PRESENT,ABSENT,PRIORITY_1_GRAPH_GAP_CANDIDATE,10,explicit-graph|problem-image,UNADJUDICATED,PENDING_INDEPENDENT_TRIAGE,NO,아래 그림과 같은 함수 $y=f(x)$와 그 역함수 $y=f^{-1}(x)$의 그래프가 다음 조건을 모두 만족시킨다.
h1:original/high/h1/2final/22_매산고_2학기_기말_고1_기출.js_13,original/high/h1/2final/22_매산고_2학기_기말_고1_기출.js_13,H15-SB-03,H15-SB-03-INVERSE_FUNCTION,ABSENT,,ABSENT,ABSENT,TRIAGE_NO_GRAPH_SIGNAL,0,,UNADJUDICATED,PENDING_INDEPENDENT_TRIAGE,NO,"실수 전체의 집합에서 정의된 함수 $f(x)=\begin{cases}\dfrac{-3x+2}{x-4}&(px+q\lt0)\\\sqrt{px+q}+r&(px+q\ge0)\end{cases}$의 역함수가 존재할 때, 상수 $p,q,r$에 대하여 $\dfrac{qr}{p}$의 값은? [4.9점] (단, $f$의 치역은 모든 실수이다.)"
h1:original/high/h1/2final/22_매산고_2학기_기말_고1_기출.js_14,original/high/h1/2final/22_매산고_2학기_기말_고1_기출.js_14,H15-SB-05,H15-SB-05-IRRATIONAL_BASIC,ABSENT,,ABSENT,ABSENT,TRIAGE_NO_GRAPH_SIGNAL,0,,UNADJUDICATED,PENDING_INDEPENDENT_TRIAGE,NO,"좌표평면 위의 두 곡선 $y=-\sqrt{kx+3k}+2$, $y=\sqrt{-kx+3k}-2$에 대하여 두 곡선이 서로 다른 두 점에서 만나도록 하는 $k$의 최댓값은? [4.9점]"
h1:original/high/h1/2final/22_매산고_2학기_기말_고1_기출.js_16,original/high/h1/2final/22_매산고_2학기_기말_고1_기출.js_16,H15-SB-05,H15-SB-05-IRRATIONAL_BASIC,ABSENT,,ABSENT,ABSENT,TRIAGE_NO_GRAPH_SIGNAL,0,,UNADJUDICATED,PENDING_INDEPENDENT_TRIAGE,NO,"&lt;단답형1&gt;<br>$a\le x\le-1$에서 함수 $y=-\sqrt{b-3x}+2$의 최댓값이 2, 최솟값이 $-1$일 때, $a+b$의 값을 구하시오. (단, $b$는 상수) [4점]"
h1:original/high/h1/2final/22_매산고_2학기_기말_고1_기출.js_17,original/high/h1/2final/22_매산고_2학기_기말_고1_기출.js_17,H15-SB-03,H15-SB-03-FUNCTION_RELATION,ABSENT,,ABSENT,ABSENT,PRIORITY_1_EXPLICIT_GRAPH_CANDIDATE,8,explicit-graph,UNADJUDICATED,PENDING_INDEPENDENT_TRIAGE,NO,"&lt;단답형2&gt;<br>$0\le x\le1$에서 정의된 함수 $f(x)=\dfrac{-x+1}{x+1}$이 모든 $x$에 대하여 $f(x)=f(-x)$, $f(x)=f(x+2)$를 만족시킨다. 함수 $y=f(x)$의 그래프와 직선 $y=\left|\dfrac1{2022}x\right|$의 교점의 개수를 구하면? [5점]"
h1:original/high/h1/2final/22_매산고_2학기_기말_고1_기출.js_18,original/high/h1/2final/22_매산고_2학기_기말_고1_기출.js_18,H15-SB-04,H15-SB-04-RATIONAL_BASIC,ABSENT,,ABSENT,ABSENT,TRIAGE_NO_GRAPH_SIGNAL,0,,UNADJUDICATED,PENDING_INDEPENDENT_TRIAGE,NO,"&lt;단답형3&gt;<br>8이하의 세 자연수 $a,b,c$에 대하여 정의역이 $\{x\mid x\gt0\}$인 함수 $f(x)=\dfrac{ax+b}{x+c}$가 일대일 함수가 되도록 하는 순서쌍 $(a,b,c)$의 개수를 구하시오.[6점]"
h1:original/high/h1/2final/22_매산고_2학기_기말_고1_기출.js_19,original/high/h1/2final/22_매산고_2학기_기말_고1_기출.js_19,H15-SB-04,H15-SB-04-RATIONAL_BASIC,PRESENT,,PRESENT,PRESENT,SOLUTION_VISUAL_PRESENT,0,solutionImage-present,UNADJUDICATED,PENDING_INDEPENDENT_TRIAGE,NO,"&lt;서술형1&gt;<br>그림과 같이 유리함수 $y=\dfrac{k}{x}$ $(k\lt0)$의 그래프가 직선 $y=x+6$과 두 점 $P,Q$에서 만난다. 삼각형 $OPQ$의 넓이가 12일 때, 상수 $k$의 값을 구하는 과정을 서술하시오. (단, $O$는 원점이다.) [10점]"
h1:original/high/h1/2final/22_매산고_2학기_기말_고1_기출.js_2,original/high/h1/2final/22_매산고_2학기_기말_고1_기출.js_2,H15-SB-04,H15-SB-04-RATIONAL_GRAPH,PRESENT,,PRESENT,ABSENT,PRIORITY_1_GRAPH_GAP_CANDIDATE,10,explicit-graph|problem-image,UNADJUDICATED,PENDING_INDEPENDENT_TRIAGE,NO,"오른쪽 그림은 함수 $y=\dfrac{ax+b}{x+c}$의 그래프이다. 이때 상수 $a,b,c$에 대하여 $a+b+c$의 값은? [3.7점]"
h1:original/high/h1/2final/22_매산고_2학기_기말_고1_기출.js_20,original/high/h1/2final/22_매산고_2학기_기말_고1_기출.js_20,H15-SB-03,H15-SB-03-COMPOSITE_FUNCTION,ABSENT,,ABSENT,ABSENT,PRIORITY_2_GRAPH_SUBUNIT_CANDIDATE,5,graph-subunit,UNADJUDICATED,PENDING_INDEPENDENT_TRIAGE,NO,"&lt;서술형2&gt;<br>두 일차함수 $f_1,f_2$에 대하여 $f_1\circ f_1$, $f_1\circ f_2$, $f_2\circ f_1$, $f_2\circ f_2$는 각각 $f_1$ 또는 $f_2$와 일치한다. 이때, $f_1(2)=f_2(2)=2$를 만족시키는 함수 $f_1,f_2$의 순서쌍 $(f_1,f_2)$ 중 $f_1(9)=9$일 때, $f_2(9)$의 값의 곱을 구하는 과정을 서술하시오.[10점]"
h1:original/high/h1/2final/22_매산고_2학기_기말_고1_기출.js_3,original/high/h1/2final/22_매산고_2학기_기말_고1_기출.js_3,H15-SB-05,H15-SB-05-IRRATIONAL_BASIC,ABSENT,,ABSENT,PRESENT,SOLUTION_VISUAL_PRESENT,0,solutionImage-present,UNADJUDICATED,PENDING_INDEPENDENT_TRIAGE,NO,"함수 $y=-\sqrt{2x-a}+b$의 정의역이 $\{x\mid x\ge3\}$이고 그래프가 점 $(5,1)$을 지날 때, 이 함수의 치역을 구하면? (단, $a,b$는 상수이다.) [3.8점]"
h1:original/high/h1/2final/22_매산고_2학기_기말_고1_기출.js_4,original/high/h1/2final/22_매산고_2학기_기말_고1_기출.js_4,H15-SB-03,H15-SB-03-COMPOSITE_FUNCTION,PRESENT,,PRESENT,ABSENT,PRIORITY_1_GRAPH_GAP_CANDIDATE,10,explicit-graph|problem-image,UNADJUDICATED,PENDING_INDEPENDENT_TRIAGE,NO,"집합 $X=\{1,2,3\}$에 대하여 $X$에서 $X$로의 두 함수 $f,g$가 오른쪽 그림과 같을 때, $(f\circ g)(2)+(f^{-1}\circ g)(1)$의 값을 구하면?[3.9점]"
h1:original/high/h1/2final/22_매산고_2학기_기말_고1_기출.js_7,original/high/h1/2final/22_매산고_2학기_기말_고1_기출.js_7,H15-SB-05,H15-SB-05-IRRATIONAL_INVERSE,ABSENT,,ABSENT,PRESENT,SOLUTION_VISUAL_PRESENT,0,solutionImage-present,UNADJUDICATED,PENDING_INDEPENDENT_TRIAGE,NO,함수 $y=3-\sqrt{4-x}$의 그래프와 직선 $y=-2x+k$가 제1사분면에서 만나도록 하는 $k$의 값이 될 수 없는 것은? [4.2점]
h1:original/high/h1/2final/22_매산고_2학기_기말_고1_기출.js_8,original/high/h1/2final/22_매산고_2학기_기말_고1_기출.js_8,H15-SB-04,H15-SB-04-RATIONAL_BASIC,ABSENT,,ABSENT,PRESENT,SOLUTION_VISUAL_PRESENT,0,solutionImage-present,UNADJUDICATED,PENDING_INDEPENDENT_TRIAGE,NO,"함수 $y=\dfrac2x$의 그래프의 제1사분면 위의 점 $A$에서 $x$축, $y$축에 평행한 직선을 그어 $y=\dfrac{k}{x}$ $(k\gt2)$의 그래프와 만나는 점을 각각 $B,C$라 하자. 삼각형 $ABC$의 넓이가 4일 때, 상수 $k$의 값은? [4.4점]"
h1:original/high/h1/2final/22_복성고_2학기_기말_고1_기출.js_12,original/high/h1/2final/22_복성고_2학기_기말_고1_기출.js_12,H15-SB-04,H15-SB-04-RATIONAL_BASIC,ABSENT,,ABSENT,PRESENT,SOLUTION_VISUAL_PRESENT,0,solutionImage-present,UNADJUDICATED,PENDING_INDEPENDENT_TRIAGE,NO,"함수 $f(x)=\dfrac{2x+k}{x+3}$의 그래프를 $x$축의 방향으로 1만큼, $y$축의 방향으로 $-1$만큼 평행이동한 곡선을 $y=g(x)$라 하자. 곡선 $y=g(x)$의 두 점근선의 교점이 곡선 $y=f(x)$ 위의 점일 때, 상수 $k$의 값은? [4.3점]"
h1:original/high/h1/2final/22_복성고_2학기_기말_고1_기출.js_13,original/high/h1/2final/22_복성고_2학기_기말_고1_기출.js_13,H15-SB-05,H15-SB-05-IRRATIONAL_BASIC,PRESENT,,PRESENT,ABSENT,PRIORITY_1_GRAPH_GAP_CANDIDATE,10,explicit-graph|problem-image,UNADJUDICATED,PENDING_INDEPENDENT_TRIAGE,NO,"함수 $y=a\sqrt{bx+2}+c$의 그래프가 오른쪽 그림과 같다. $-1\le x\le1$에서 함수 $y=\dfrac{ax+1}{bx+c}$의 최댓값을 $M$, 최솟값을 $m$이라 할 때, $M+m$의 값은? [4.4점]"
h1:original/high/h1/2final/22_복성고_2학기_기말_고1_기출.js_14,original/high/h1/2final/22_복성고_2학기_기말_고1_기출.js_14,H15-SB-03,H15-SB-03-FUNCTION_RELATION,PRESENT,,PRESENT,ABSENT,PRIORITY_1_GRAPH_GAP_CANDIDATE,10,explicit-graph|problem-image,UNADJUDICATED,PENDING_INDEPENDENT_TRIAGE,NO,"수직선 위의 두 점 $A(2)$, $B(-3)$을 잇는 선분 $AB$를 $1:t$ $(t\gt0)$로 내분하는 점 $P$의 좌표를 $f(t)$라 할 때, 함수 $y=f(t)$의 그래프의 개형으로 옳은 것은? (단, 점선은 그래프의 점근선이다.) [4.4점]"
h1:original/high/h1/2final/22_복성고_2학기_기말_고1_기출.js_15,original/high/h1/2final/22_복성고_2학기_기말_고1_기출.js_15,H15-SB-04,H15-SB-04-RATIONAL_BASIC,ABSENT,,ABSENT,PRESENT,SOLUTION_VISUAL_PRESENT,0,solutionImage-present,UNADJUDICATED,PENDING_INDEPENDENT_TRIAGE,NO,함수 $y=\dfrac{2x+k-3}{x-2}$의 그래프가 모든 사분면을 지나도록 하는 실수 $k$의 값의 범위는? [4.4점]
h1:original/high/h1/2final/22_복성고_2학기_기말_고1_기출.js_18,original/high/h1/2final/22_복성고_2학기_기말_고1_기출.js_18,H15-SB-03,H15-SB-03-FUNCTION_RELATION,ABSENT,,ABSENT,ABSENT,TRIAGE_NO_GRAPH_SIGNAL,0,,UNADJUDICATED,PENDING_INDEPENDENT_TRIAGE,NO,"두 집합 $X=\{1,2,3,4,5\}$, $Y=\{a,b,c\}$에 대하여 치역과 공역이 일치하는 $X$에서 $Y$로의 함수의 개수는? [4.6점]"
h1:original/high/h1/2final/22_복성고_2학기_기말_고1_기출.js_19,original/high/h1/2final/22_복성고_2학기_기말_고1_기출.js_19,H15-SB-03,H15-SB-03-FUNCTION_RELATION,PRESENT,,PRESENT,ABSENT,PRIORITY_1_GRAPH_GAP_CANDIDATE,10,explicit-graph|problem-image,UNADJUDICATED,PENDING_INDEPENDENT_TRIAGE,NO,"아래 그림과 같이 $\overline{AB}=4$, $\overline{AC}=3$인 직각삼각형 내부에 한 변이 선분 $BC$위에 있고 두 꼭짓점이 각각 선분 $AB$, $AC$위에 있는 직사각형의 넓이의 최댓값은? [4.6점]"
h1:original/high/h1/2final/22_복성고_2학기_기말_고1_기출.js_20,original/high/h1/2final/22_복성고_2학기_기말_고1_기출.js_20,H15-SB-05,H15-SB-05-IRRATIONAL_BASIC,ABSENT,,ABSENT,ABSENT,PRIORITY_1_EXPLICIT_GRAPH_CANDIDATE,8,explicit-graph,UNADJUDICATED,PENDING_INDEPENDENT_TRIAGE,NO,"[서술형 1] 두 집합 $A=\{(x,y)\mid y=\sqrt{-2x+4}\}$, $B=\{(x,y)\mid y=-x+k\}$에 대하여 다음을 만족하는 실수 $k$의 값 또는 범위를 구하는 과정을 서술하시오. [5점]<br>(1) $n(A\cap B)=2$<br>(2) $n(A\cap B)=1$<br>(3) $n(A\cap B)=0$"
h1:original/high/h1/2final/22_복성고_2학기_기말_고1_기출.js_21,original/high/h1/2final/22_복성고_2학기_기말_고1_기출.js_21,H15-SB-04,H15-SB-04-RATIONAL_BASIC,ABSENT,,ABSENT,PRESENT,SOLUTION_VISUAL_PRESENT,0,solutionImage-present,UNADJUDICATED,PENDING_INDEPENDENT_TRIAGE,NO,"[서술형 2] 좌표평면 위에 함수 $f(x)=\begin{cases}\dfrac8x&(x\gt0)\\\dfrac2x&(x\lt0)\end{cases}$의 그래프와 직선 $y=-x$가 있다. 함수 $y=f(x)$의 그래프 위의 점 $P$를 지나고 $x$축에 수직인 직선이 직선 $y=-x$와 만나는 점을 $Q$, 점 $Q$를 지나고 $y$축에 수직인 직선이 $y=f(x)$와 만나는 점을 $R$이라 할 때, $\triangle PQ"
h1:original/high/h1/2final/22_복성고_2학기_기말_고1_기출.js_22,original/high/h1/2final/22_복성고_2학기_기말_고1_기출.js_22,H15-SB-03,H15-SB-03-FUNCTION_RELATION,PRESENT,,PRESENT,ABSENT,PRIORITY_1_GRAPH_GAP_CANDIDATE,10,explicit-graph|problem-image,UNADJUDICATED,PENDING_INDEPENDENT_TRIAGE,NO,"[서술형 3] 아래 그림과 같이 길이가 2인 선분 $AB$를 지름으로 하는 반원 위를 움직이는 점 $P$에 대하여 선분 $PA$와 선분 $PB$의 중점을 각각 $M,N$이라 할 때, $\overline{AN}\times\overline{BM}$의 최댓값을 구하고 그 과정을 서술하시오. [8점]"
h1:original/high/h1/2final/22_복성고_2학기_기말_고1_기출.js_3,original/high/h1/2final/22_복성고_2학기_기말_고1_기출.js_3,H15-SB-05,H15-SB-05-IRRATIONAL_BASIC,ABSENT,,ABSENT,ABSENT,TRIAGE_NO_GRAPH_SIGNAL,0,,UNADJUDICATED,PENDING_INDEPENDENT_TRIAGE,NO,다음 무리식을 간단히 한 것은? [3.9점]<br>$\dfrac1{\sqrt{x+1}-\sqrt{x-1}}-\dfrac1{\sqrt{x+1}+\sqrt{x-1}}$
h1:original/high/h1/2final/22_복성고_2학기_기말_고1_기출.js_5,original/high/h1/2final/22_복성고_2학기_기말_고1_기출.js_5,H15-SB-05,H15-SB-05-IRRATIONAL_BASIC,ABSENT,,ABSENT,ABSENT,TRIAGE_NO_GRAPH_SIGNAL,0,,UNADJUDICATED,PENDING_INDEPENDENT_TRIAGE,NO,"함수 $f(x)=\sqrt{x+2}+1$의 역함수가 $f^{-1}(x)=x^2+ax+b$ $(x\ge c)$일 때, 상수 $a,b,c$에 대하여 $a+b+c$의 값은? [4.0점]"
h1:original/high/h1/2final/22_복성고_2학기_기말_고1_기출.js_7,original/high/h1/2final/22_복성고_2학기_기말_고1_기출.js_7,H15-SB-05,H15-SB-05-IRRATIONAL_BASIC,ABSENT,,ABSENT,PRESENT,SOLUTION_VISUAL_PRESENT,0,solutionImage-present,UNADJUDICATED,PENDING_INDEPENDENT_TRIAGE,NO,함수 $y=-\sqrt{2x+3}+2$에 대한 설명으로 옳은 것은? [4.1점]
h1:original/high/h1/2final/22_순천여고_2학기_기말_고1_기출.js_10,original/high/h1/2final/22_순천여고_2학기_기말_고1_기출.js_10,H15-SB-05,H15-SB-05-IRRATIONAL_BASIC,ABSENT,,ABSENT,ABSENT,TRIAGE_NO_GRAPH_SIGNAL,0,,UNADJUDICATED,PENDING_INDEPENDENT_TRIAGE,NO,"스키드 마크란 자동차의 브레이크가 작동하여 바퀴가 구르지 않고 미끄러질 때 도로 면에 나타나는 타이어 자국을 말한다. 어느 도로에서 스키드 마크의 길이를 $S$ m, 마찰계수를 $F$, 제동 직전의 자동차의 속력을 $V$ km/h라고 하면 다음과 같은 관계식이 성립한다고 한다.<br>$V=\sqrt{254\times S\times F}$<br>두 자동차 $A,B$에 대하여 자동차 $A$의 마찰계수는 자동차 $B$의 마찰계수의 "
h1:original/high/h1/2final/22_순천여고_2학기_기말_고1_기출.js_11,original/high/h1/2final/22_순천여고_2학기_기말_고1_기출.js_11,H15-SB-04,H15-SB-04-RATIONAL_BASIC,ABSENT,,ABSENT,ABSENT,TRIAGE_NO_GRAPH_SIGNAL,0,,UNADJUDICATED,PENDING_INDEPENDENT_TRIAGE,NO,"유리함수 $f(x)=\dfrac{-1}{x+1}$에 대하여 $f^{53}(x)=\dfrac{ax+b}{cx+d}$일 때, 상수 $a,b,c,d$에 대하여 $a+b+c+d$의 값은? (단, $f^1=f$, $f^{n+1}=f\circ f^n$, $n$은 자연수이고 $c=1$이다.) [4점]"
h1:original/high/h1/2final/22_순천여고_2학기_기말_고1_기출.js_12,original/high/h1/2final/22_순천여고_2학기_기말_고1_기출.js_12,H15-SB-05,H15-SB-05-IRRATIONAL_BASIC,PRESENT,,PRESENT,ABSENT,PRIORITY_1_GRAPH_GAP_CANDIDATE,10,explicit-graph|problem-image,UNADJUDICATED,PENDING_INDEPENDENT_TRIAGE,NO,"다음 함수 $f(x)$의 그래프가 그림과 같을 때, $(g\circ f)(x)=x$를 만족시키는 함수 $g(x)=a\sqrt{bx+1}+c$ $(x\le d)$일 때, $abcd$의 값은? (단, $a,b,c,d$는 상수) [4점]"
h1:original/high/h1/2final/22_순천여고_2학기_기말_고1_기출.js_13,original/high/h1/2final/22_순천여고_2학기_기말_고1_기출.js_13,H15-SB-03,H15-SB-03-FUNCTION_RELATION,ABSENT,,ABSENT,ABSENT,TRIAGE_NO_GRAPH_SIGNAL,0,,UNADJUDICATED,PENDING_INDEPENDENT_TRIAGE,NO,"두 함수 $f(x)=x$, $g(x)=|x-2|-4$에 대하여 $-2\le x\le5$에서 함수 $f(x)\times(f\circ g)(x)$의 최댓값과 최솟값의 합은? [4.1점]"
h1:original/high/h1/2final/22_순천여고_2학기_기말_고1_기출.js_14,original/high/h1/2final/22_순천여고_2학기_기말_고1_기출.js_14,H15-SB-05,H15-SB-05-IRRATIONAL_BASIC,ABSENT,,ABSENT,PRESENT,SOLUTION_VISUAL_PRESENT,0,solutionImage-present,UNADJUDICATED,PENDING_INDEPENDENT_TRIAGE,NO,"두 함수 $y=\sqrt{ax}-3$, $y=\sqrt{-ax+9}$ $(a\gt0)$의 그래프와 $y$축으로 둘러싸인 도형의 넓이가 $\dfrac92$일 때, 상수 $a$의 값은? [4.1점]"
h1:original/high/h1/2final/22_순천여고_2학기_기말_고1_기출.js_16,original/high/h1/2final/22_순천여고_2학기_기말_고1_기출.js_16,H15-SB-05,H15-SB-05-IRRATIONAL_BASIC,ABSENT,,ABSENT,ABSENT,TRIAGE_NO_GRAPH_SIGNAL,0,,UNADJUDICATED,PENDING_INDEPENDENT_TRIAGE,NO,"두 집합 $A=\{(x,y)\mid y=-\sqrt{x-2}+4\}$, $B=\{(x,y)\mid kx+y+k-1=0\}$에 대하여 $A\cap B\ne\varnothing$일 때, 실수 $k$의 값의 최솟값은? [4.2점]"
h1:original/high/h1/2final/22_순천여고_2학기_기말_고1_기출.js_17,original/high/h1/2final/22_순천여고_2학기_기말_고1_기출.js_17,H15-SB-05,H15-SB-05-IRRATIONAL_BASIC,PRESENT,,PRESENT,PRESENT,SOLUTION_VISUAL_PRESENT,0,solutionImage-present,UNADJUDICATED,PENDING_INDEPENDENT_TRIAGE,NO,"아래 그림과 같이 선분 $AB$를 지름으로 하고 중심이 $O$, $\overline{AB}=4$인 반원이 있다. 호 $AC$ 위를 움직이는 점을 $P$, 점 $P$에서 선분 $AB$와 수직으로 만나는 점을 $D$라 하자. 점 $O$와 점 $D$ 사이의 거리를 $x$ $(0\le x\le2)$, 점 $A$와 점 $P$ 사이의 거리를 $f(x)$라 할 때, 함수 $y=f(x)$의 그래프의 모양으로 알맞은 것은? [4.3점]"
h1:original/high/h1/2final/22_순천여고_2학기_기말_고1_기출.js_18,original/high/h1/2final/22_순천여고_2학기_기말_고1_기출.js_18,H15-SB-03,H15-SB-03-FUNCTION_RELATION,ABSENT,,ABSENT,ABSENT,TRIAGE_NO_GRAPH_SIGNAL,0,,UNADJUDICATED,PENDING_INDEPENDENT_TRIAGE,NO,"집합 $X=\{2,4,6,8,10\}$에 대하여 $X$에서 $X$로의 함수 중 $(f\circ f)(x)=x$를 만족시키는 함수 $f$의 개수는? [4.3점]"
h1:original/high/h1/2final/22_순천여고_2학기_기말_고1_기출.js_19,original/high/h1/2final/22_순천여고_2학기_기말_고1_기출.js_19,H15-SB-03,H15-SB-03-COMPOSITE_FUNCTION,ABSENT,,ABSENT,ABSENT,PRIORITY_2_GRAPH_SUBUNIT_CANDIDATE,5,graph-subunit,UNADJUDICATED,PENDING_INDEPENDENT_TRIAGE,NO,"두 함수 $f(x)=\dfrac3{x-2}-1$, $g(x)=-\sqrt{-x+a}+2$에 대하여 $-4\le x\le1$일 때 $(f\circ g)(x)$의 최댓값이 $-2$, 최솟값 $b$이다. $ab$의 값은? (단, $a\ge1$) [4.4점]"
h1:original/high/h1/2final/22_순천여고_2학기_기말_고1_기출.js_2,original/high/h1/2final/22_순천여고_2학기_기말_고1_기출.js_2,H15-SB-04,H15-SB-04-RATIONAL_BASIC,ABSENT,,ABSENT,ABSENT,TRIAGE_NO_GRAPH_SIGNAL,0,,UNADJUDICATED,PENDING_INDEPENDENT_TRIAGE,NO,"분모를 0으로 하지 않는 모든 실수 $x$에 대하여 등식 $\dfrac{a}{x-1}-\dfrac{b}{x+2}=\dfrac{-x+4}{x^2+x-2}$이 성립할 때, 상수 $a,b$에 대하여 $a+b$의 값은? [3.6점]"
h1:original/high/h1/2final/22_순천여고_2학기_기말_고1_기출.js_20,original/high/h1/2final/22_순천여고_2학기_기말_고1_기출.js_20,H15-SB-04,H15-SB-04-RATIONAL_BASIC,ABSENT,,ABSENT,PRESENT,SOLUTION_VISUAL_PRESENT,0,solutionImage-present,UNADJUDICATED,PENDING_INDEPENDENT_TRIAGE,NO,"1보다 큰 실수 $a$에 대하여 직선 $x=a$가 두 함수 $y=\dfrac1{x-1}$, $y=-x$의 그래프와 만나는 점을 각각 $P,Q$, 점 $P$에서 $x$축에 평행한 직선이 $y=-x$와 만나는 점을 $R$이라고 하자. 삼각형 $PQR$의 넓이의 최솟값은? [4.5점]"
h1:original/high/h1/2final/22_순천여고_2학기_기말_고1_기출.js_21,original/high/h1/2final/22_순천여고_2학기_기말_고1_기출.js_21,H15-SB-05,H15-SB-05-IRRATIONAL_BASIC,ABSENT,,ABSENT,PRESENT,SOLUTION_VISUAL_PRESENT,0,solutionImage-present,UNADJUDICATED,PENDING_INDEPENDENT_TRIAGE,NO,"서술형1<br>함수 $y=\sqrt{ax+b}+c$의 그래프를 $x$축의 방향으로 2만큼, $y$축 방향으로 $-1$만큼 평행이동 한 후, $x$축에 대하여 대칭이동 하였더니 함수 $y=-\sqrt{2x-5}+3$의 그래프와 일치하였다. 이때, 상수 $a,b,c$의 값을 각각 구하시오. [6점]"
h1:original/high/h1/2final/22_순천여고_2학기_기말_고1_기출.js_22,original/high/h1/2final/22_순천여고_2학기_기말_고1_기출.js_22,H15-SB-04,H15-SB-04-RATIONAL_BASIC,ABSENT,,ABSENT,ABSENT,TRIAGE_NO_GRAPH_SIGNAL,0,,UNADJUDICATED,PENDING_INDEPENDENT_TRIAGE,NO,"서술형2<br>좌표평면에서 점 $A(1,-2)$와 제2사분면 위를 움직이는 점 $P$가 있다. $P$에서 $x$축, $y$축에 내린 수선의 발을 각각 $Q,R$이라 하면 $\overline{PA}=\overline{PQ}+\overline{PR}$이다. 점 $P$가 그리는 도형이 직선 $y=ax+b$에 대칭일 때, 점 $P$가 그리는 도형의 방정식과 직선 $y=ax+b$를 구하시오. (단, $a,b$는 상수) [7점]"
h1:original/high/h1/2final/22_순천여고_2학기_기말_고1_기출.js_23,original/high/h1/2final/22_순천여고_2학기_기말_고1_기출.js_23,H15-SB-03,H15-SB-03-INVERSE_FUNCTION,ABSENT,,ABSENT,ABSENT,TRIAGE_NO_GRAPH_SIGNAL,0,,UNADJUDICATED,PENDING_INDEPENDENT_TRIAGE,NO,"서술형3<br>집합 $X=\{x\mid x\ge2$인 실수$\}$에서 $X$로 정의된 함수 $f(x)=\begin{cases}\dfrac{4x-2}{x-3}&(x\gt3)\\\sqrt{ax+b}&(2\le x\le3)\end{cases}$가 있다. $f(x)$의 역함수가 존재하도록 하는 실수 $a,b$의 값을 모두 구하시오. [7점]"
h1:original/high/h1/2final/22_순천여고_2학기_기말_고1_기출.js_4,original/high/h1/2final/22_순천여고_2학기_기말_고1_기출.js_4,H15-SB-05,H15-SB-05-IRRATIONAL_BASIC,ABSENT,,ABSENT,ABSENT,TRIAGE_NO_GRAPH_SIGNAL,0,,UNADJUDICATED,PENDING_INDEPENDENT_TRIAGE,NO,"정의역이 $\{x\mid0\le x\le a\}$인 무리함수 $y=\sqrt{x+1}+b$의 최솟값이 3, 최댓값이 5일 때, $a+b$의 값은? (단, $a,b$는 상수) [3.7점]"
h1:original/high/h1/2final/22_순천여고_2학기_기말_고1_기출.js_5,original/high/h1/2final/22_순천여고_2학기_기말_고1_기출.js_5,H15-SB-04,H15-SB-04-RATIONAL_GRAPH,PRESENT,,PRESENT,ABSENT,PRIORITY_1_GRAPH_GAP_CANDIDATE,10,explicit-graph|problem-image,UNADJUDICATED,PENDING_INDEPENDENT_TRIAGE,NO,"유리함수 $y=\dfrac{k}{2x+a}+b$의 그래프가 오른쪽 그림과 같을 때, 상수 $a,b,k$에 대하여 $a+b+k$의 값은? [3.8점]"
h1:original/high/h1/2final/22_순천여고_2학기_기말_고1_기출.js_7,original/high/h1/2final/22_순천여고_2학기_기말_고1_기출.js_7,H15-SB-04,H15-SB-04-RATIONAL_BASIC,ABSENT,,ABSENT,PRESENT,SOLUTION_VISUAL_PRESENT,0,solutionImage-present,UNADJUDICATED,PENDING_INDEPENDENT_TRIAGE,NO,함수 $y=\dfrac{-2x+k-2}{x+1}$의 그래프가 좌표평면 위의 모든 사분면을 지나도록 하는 자연수 $k$의 최솟값은? [3.9점]
h1:original/high/h1/2final/22_순천여고_2학기_기말_고1_기출.js_8,original/high/h1/2final/22_순천여고_2학기_기말_고1_기출.js_8,H15-SB-04,H15-SB-04-RATIONAL_BASIC,ABSENT,,ABSENT,PRESENT,SOLUTION_VISUAL_PRESENT,0,solutionImage-present,UNADJUDICATED,PENDING_INDEPENDENT_TRIAGE,NO,함수 $y=\dfrac{x}{x-2}$의 그래프가 직선 $y=-2x+k$와 만나지 않도록 하는 정수 $k$의 최댓값은? [3.9점]
h1:original/high/h1/2final/22_제일고_2학기_기말_고1_기출.js_1,original/high/h1/2final/22_제일고_2학기_기말_고1_기출.js_1,H15-SB-03,H15-SB-03-COMPOSITE_FUNCTION,PRESENT,,PRESENT,ABSENT,PRIORITY_1_GRAPH_GAP_CANDIDATE,10,explicit-graph|problem-image,UNADJUDICATED,PENDING_INDEPENDENT_TRIAGE,NO,"그림은 두 함수 $f:X\to Y$, $g:Y\to X$를 나타낸 것이다. $(f\circ g)(4)+(f\circ g)^{-1}(7)$의 값은? [3.7점]"
h1:original/high/h1/2final/22_제일고_2학기_기말_고1_기출.js_10,original/high/h1/2final/22_제일고_2학기_기말_고1_기출.js_10,H15-SB-03,H15-SB-03-COMPOSITE_FUNCTION,ABSENT,,ABSENT,ABSENT,PRIORITY_2_GRAPH_RELATION_CANDIDATE,7,graph-subunit|graph-relation,UNADJUDICATED,PENDING_INDEPENDENT_TRIAGE,NO,"함수 $f(x)=-\sqrt{x+1}$와 $g(x)$, $h(x)$에 대하여 다음 중 옳은 것을 모두 고른 것은? [4.6점]<br>ㄱ. $f(x)$와 그 역함수 $f^{-1}(x)$의 교점은 $y=x$ 위에만 존재한다.<br>ㄴ. $f\circ f^{-1}=f^{-1}\circ f$<br>ㄷ. $x\ge-1$에서 $h(x)$의 역함수가 존재할 때, $(h\circ g\circ f)(x)=h(x)$를 만족시키면 $g(-3)=8"
h1:original/high/h1/2final/22_제일고_2학기_기말_고1_기출.js_15,original/high/h1/2final/22_제일고_2학기_기말_고1_기출.js_15,H15-SB-04,H15-SB-04-RATIONAL_BASIC,ABSENT,,ABSENT,ABSENT,TRIAGE_NO_GRAPH_SIGNAL,0,,UNADJUDICATED,PENDING_INDEPENDENT_TRIAGE,NO,"좌표평면에서 곡선 $y=\dfrac{k}{x-2}+1$ $(k\lt0)$이 $x$축, $y$축과 만나는 점을 각각 $A,B$라 하고, 이 곡선의 두 점근선의 교점을 $C$라 하자. 세 점 $A,B,C$가 한 직선 위에 있도록 하는 상수 $k$의 값은? [5.2점]"
h1:original/high/h1/2final/22_제일고_2학기_기말_고1_기출.js_16,original/high/h1/2final/22_제일고_2학기_기말_고1_기출.js_16,H15-SB-03,H15-SB-03-INVERSE_FUNCTION,ABSENT,,ABSENT,ABSENT,TRIAGE_NO_GRAPH_SIGNAL,0,,UNADJUDICATED,PENDING_INDEPENDENT_TRIAGE,NO,"두 실수 $a,b$와 두 함수 $f(x)=-x^2-2x+1$, $g(x)=x^2-2x-1$에 대하여 함수 $h(x)$를 $h(x)=\begin{cases}f(x)&(x\lt a)\\g(x+b)&(x\ge a)\end{cases}$라 하자. 함수 $h(x)$가 역함수가 존재하도록 하는 $a,b$의 모든 순서쌍 $(a,b)$만을 원소로 하는 집합을 $A$라고 할 때, 다음 보기에서 옳은 것만을 있는 대로 고른 것은? [5.2점]<"
h1:original/high/h1/2final/22_제일고_2학기_기말_고1_기출.js_17,original/high/h1/2final/22_제일고_2학기_기말_고1_기출.js_17,H15-SB-03,H15-SB-03-FUNCTION_RELATION,ABSENT,,ABSENT,ABSENT,TRIAGE_NO_GRAPH_SIGNAL,0,,UNADJUDICATED,PENDING_INDEPENDENT_TRIAGE,NO,"함수 $f:X\to Y$에 대하여 $X=\{a,b,c,d,e,f\}$, $Y=\{1,2,3\}$일 때, 공역과 치역이 일치하는 함수의 개수를 구하면? [5.2점]"
h1:original/high/h1/2final/22_제일고_2학기_기말_고1_기출.js_19,original/high/h1/2final/22_제일고_2학기_기말_고1_기출.js_19,H15-SB-03,H15-SB-03-FUNCTION_RELATION,ABSENT,,ABSENT,ABSENT,TRIAGE_NO_GRAPH_SIGNAL,0,,UNADJUDICATED,PENDING_INDEPENDENT_TRIAGE,NO,"서술형 1<br>집합 $X=\{1,2,3,4\}$, $Y=\{1,2,3,4,5,6,7\}$에 대하여 함수 $f:X\to Y$가 다음 조건을 만족할 때 각 물음에 답하여라.<br>(1) 집합 $X$의 임의의 두 원소 $x_1,x_2$에 대하여 $x_1\lt x_2$이면 $f(x_1)\lt f(x_2)$를 만족시키는 함수 $f$의 개수를 구하시오. [2점]<br>(2) 집합 $X$의 임의의 두 원소 $x_1,x_2$에 대하여 $x"
h1:original/high/h1/2final/22_제일고_2학기_기말_고1_기출.js_2,original/high/h1/2final/22_제일고_2학기_기말_고1_기출.js_2,H15-SB-04,H15-SB-04-RATIONAL_BASIC,ABSENT,,ABSENT,PRESENT,SOLUTION_VISUAL_PRESENT,0,solutionImage-present,UNADJUDICATED,PENDING_INDEPENDENT_TRIAGE,NO,함수 $y=\dfrac{3x-1}{x-2}$의 그래프에 대한 다음 설명 중 옳은 것은? [3.7점]
h1:original/high/h1/2final/22_제일고_2학기_기말_고1_기출.js_20,original/high/h1/2final/22_제일고_2학기_기말_고1_기출.js_20,H15-SB-03,H15-SB-03-COMPOSITE_FUNCTION,ABSENT,,ABSENT,ABSENT,PRIORITY_2_GRAPH_RELATION_CANDIDATE,7,graph-subunit|graph-relation,UNADJUDICATED,PENDING_INDEPENDENT_TRIAGE,NO,"서술형 2<br>집합 $X=\{1,2,3,4\}$와 함수 $f:X\to X$에 대하여 함수 $f$의 치역을 $A$, 합성함수 $f\circ f$의 치역을 $B$라고 할 때, 다음 조건을 만족시키는 함수 $f$의 개수를 구하시오. [6점]<br>(가) $n(A)=n(B)$<br>(나) 집합 $X$의 모든 원소 $x$에 대하여 $f(x)\ne x$이다."
h1:original/high/h1/2final/22_제일고_2학기_기말_고1_기출.js_22,original/high/h1/2final/22_제일고_2학기_기말_고1_기출.js_22,H15-SB-05,H15-SB-05-IRRATIONAL_BASIC,ABSENT,,ABSENT,PRESENT,SOLUTION_VISUAL_PRESENT,0,solutionImage-present,UNADJUDICATED,PENDING_INDEPENDENT_TRIAGE,NO,"서술형 4<br>다음 그림과 같이 좌표평면 위의 두 곡선 $y=-\sqrt{x}$과 $y=-\sqrt{x+2}$이 $y$축에 평행한 직선 $x=k$ $(k=1,2,3,4,\cdots)$와 만나는 점을 각각 $P_k,Q_k$라 할 때, $\overline{P_1Q_1}+\overline{P_2Q_2}+\cdots+\overline{P_{47}Q_{47}}=a+b\sqrt2+c\sqrt3$을 만족하는 $a+b+c$의 값을 구하시오"
h1:original/high/h1/2final/22_제일고_2학기_기말_고1_기출.js_3,original/high/h1/2final/22_제일고_2학기_기말_고1_기출.js_3,H15-SB-03,H15-SB-03-INVERSE_FUNCTION,PRESENT,,PRESENT,ABSENT,PRIORITY_1_GRAPH_GAP_CANDIDATE,10,explicit-graph|problem-image,UNADJUDICATED,PENDING_INDEPENDENT_TRIAGE,NO,"다음 그림은 직선 $y=x$와 $x\ge0$에서 정의된 두 함수 $y=f(x)$, $y=g(x)$의 그래프를 나타낸 것이다. 두 함수 $f,g$의 역함수가 존재할 때, $f(g^{-1}(e))$의 값으로 알맞은 것은? (단, 모든 점선은 $x$축 또는 $y$축에 평행하다.) [3.9점]"
h1:original/high/h1/2final/22_제일고_2학기_기말_고1_기출.js_7,original/high/h1/2final/22_제일고_2학기_기말_고1_기출.js_7,H15-SB-03,H15-SB-03-FUNCTION_RELATION,ABSENT,,ABSENT,ABSENT,TRIAGE_NO_GRAPH_SIGNAL,0,,UNADJUDICATED,PENDING_INDEPENDENT_TRIAGE,NO,"실수 전체의 집합에서 정의된 함수 $f(x)=\begin{cases}\dfrac{x-7}{x-3}&(x\gt4)\\-\sqrt{4-x}+a&(x\le4)\end{cases}$가 다음 조건을 모두 만족시킨다.<br>(가) 치역은 $\{y\mid y\lt1\}$이다.<br>(나) 임의의 두 실수 $x_1,x_2$에 대하여 $f(x_1)=f(x_2)$이면 $x_1=x_2$이다.<br>$f(3)f(k)=4$일 때 상수 $k$의 값으로"
h1:original/high/h1/2final/22_제일고_2학기_기말_고1_기출.js_8,original/high/h1/2final/22_제일고_2학기_기말_고1_기출.js_8,H15-SB-04,H15-SB-04-RATIONAL_BASIC,ABSENT,,ABSENT,ABSENT,TRIAGE_NO_GRAPH_SIGNAL,0,,UNADJUDICATED,PENDING_INDEPENDENT_TRIAGE,NO,"정의역이 $\{x\mid0\le x\le3\}$인 유리함수 $y=\dfrac{3x+k}{x+1}$의 최솟값이 4일 때, 상수 $k$의 값으로 알맞은 것은? [4.4점]"
h1:original/high/h1/2final/22_제일고_2학기_기말_고1_기출.js_9,original/high/h1/2final/22_제일고_2학기_기말_고1_기출.js_9,H15-SB-05,H15-SB-05-IRRATIONAL_BASIC,ABSENT,,ABSENT,PRESENT,SOLUTION_VISUAL_PRESENT,0,solutionImage-present,UNADJUDICATED,PENDING_INDEPENDENT_TRIAGE,NO,"함수 $y=\sqrt{-x+2}$의 그래프와 직선 $y=-x+k$가 서로 다른 두 점에서 만날 때, 실수 $k$의 값으로 알맞은 것을 모두 고른 것은? [4.4점]"
h1:original/high/h1/2final/22_팔마고_2학기_기말_고1_기출.js_1,original/high/h1/2final/22_팔마고_2학기_기말_고1_기출.js_1,H15-SB-04,H15-SB-04-RATIONAL_BASIC,ABSENT,,ABSENT,ABSENT,TRIAGE_NO_GRAPH_SIGNAL,0,,UNADJUDICATED,PENDING_INDEPENDENT_TRIAGE,NO,"다음 식의 분모를 0으로 만들지 않는 모든 실수 $x$에 대하여 $\dfrac{a}{x-2}+\dfrac{b}{x+1}=\dfrac{5x-4}{x^2-x-2}$가 성립할 때, $ab$의 값을 구하면? [3.8점]"
h1:original/high/h1/2final/22_팔마고_2학기_기말_고1_기출.js_11,original/high/h1/2final/22_팔마고_2학기_기말_고1_기출.js_11,H15-SB-03,H15-SB-03-FUNCTION_RELATION,ABSENT,,ABSENT,ABSENT,TRIAGE_NO_GRAPH_SIGNAL,0,,UNADJUDICATED,PENDING_INDEPENDENT_TRIAGE,NO,"두 집합 $X=\{1,2,3\}$, $Y=\{0,1,2,3,4,5\}$에 대하여 $X$에서 $Y$로의 함수 $f$ 중에서 $\{f(x)-1\}\{f(x)-5\}\ne0$, $f(1)<f(2)$를 만족시키는 함수의 개수는? (단, $x\in X$) [4.5점]"
h1:original/high/h1/2final/22_팔마고_2학기_기말_고1_기출.js_12,original/high/h1/2final/22_팔마고_2학기_기말_고1_기출.js_12,H15-SB-05,H15-SB-05-IRRATIONAL_BASIC,ABSENT,,ABSENT,PRESENT,SOLUTION_VISUAL_PRESENT,0,solutionImage-present,UNADJUDICATED,PENDING_INDEPENDENT_TRIAGE,NO,무리함수 $y=-\sqrt{x-5}$의 그래프와 $y=-x+k$가 한 점에서 만나도록 하는 실수 $k$의 최솟값은? [4.2점]
h1:original/high/h1/2final/22_팔마고_2학기_기말_고1_기출.js_16,original/high/h1/2final/22_팔마고_2학기_기말_고1_기출.js_16,H15-SB-05,H15-SB-05-IRRATIONAL_BASIC,ABSENT,,ABSENT,PRESENT,SOLUTION_VISUAL_PRESENT,0,solutionImage-present,UNADJUDICATED,PENDING_INDEPENDENT_TRIAGE,NO,"두 무리함수 $f(x)=\sqrt{x+2}+5$, $g(x)=\sqrt{-x+2}-5$의 그래프와 두 직선 $x=-2$, $x=2$로 둘러싸인 도형의 넓이를 구하면? [4.6점]"
h1:original/high/h1/2final/22_팔마고_2학기_기말_고1_기출.js_18,original/high/h1/2final/22_팔마고_2학기_기말_고1_기출.js_18,H15-SB-04,H15-SB-04-RATIONAL_BASIC,ABSENT,,ABSENT,ABSENT,TRIAGE_NO_GRAPH_SIGNAL,0,,UNADJUDICATED,PENDING_INDEPENDENT_TRIAGE,NO,"서답형1 (단답형1) [5점]<br>함수 $f(x)=\dfrac{3x-8}{x-3}$에 대하여 $f^1=f$, $f^{n+1}=f\circ f^n$ ($n$은 자연수)으로 정의할 때, $f^{101}(0)$의 값을 구하시오."
h1:original/high/h1/2final/22_팔마고_2학기_기말_고1_기출.js_2,original/high/h1/2final/22_팔마고_2학기_기말_고1_기출.js_2,H15-SB-05,H15-SB-05-IRRATIONAL_BASIC,ABSENT,,ABSENT,ABSENT,TRIAGE_NO_GRAPH_SIGNAL,0,,UNADJUDICATED,PENDING_INDEPENDENT_TRIAGE,NO,무리식 $\dfrac{\sqrt{x-3}}{\sqrt{5-x}}$의 값이 실수이기 위한 $x$의 값의 범위는? [3.7점]
h1:original/high/h1/2final/22_팔마고_2학기_기말_고1_기출.js_20,original/high/h1/2final/22_팔마고_2학기_기말_고1_기출.js_20,H15-SB-05,H15-SB-05-IRRATIONAL_BASIC,ABSENT,,ABSENT,ABSENT,TRIAGE_NO_GRAPH_SIGNAL,0,,UNADJUDICATED,PENDING_INDEPENDENT_TRIAGE,NO,"서답형3 (서술형1) [6점]<br>$x=\sqrt2$일 때 $\dfrac{x+1}{1+\sqrt{x+1}}+\dfrac{x+1}{1-\sqrt{x+1}}=a+b\sqrt2$이다. 유리수 $a,b$에 대하여 $a+b$의 값을 구하시오."
h1:original/high/h1/2final/22_팔마고_2학기_기말_고1_기출.js_21,original/high/h1/2final/22_팔마고_2학기_기말_고1_기출.js_21,H15-SB-04,H15-SB-04-RATIONAL_BASIC,PRESENT,,PRESENT,ABSENT,PRIORITY_1_GRAPH_GAP_CANDIDATE,10,explicit-graph|problem-image,UNADJUDICATED,PENDING_INDEPENDENT_TRIAGE,NO,"서답형4 (서술형2) [7점]<br>함수 $y=a\sqrt{-x+b}+c$의 그래프가 아래의 그림과 같을 때, 함수 $y=-\dfrac{bx+c}{x+a}$의 그래프가 항상 지나는 사분면을 모두 구하시오. (단, $a,b,c$는 상수이고 $ab\ne c$이다.)"
h1:original/high/h1/2final/22_팔마고_2학기_기말_고1_기출.js_4,original/high/h1/2final/22_팔마고_2학기_기말_고1_기출.js_4,H15-SB-04,H15-SB-04-RATIONAL_BASIC,ABSENT,,ABSENT,ABSENT,PRIORITY_1_EXPLICIT_GRAPH_CANDIDATE,8,explicit-graph,UNADJUDICATED,PENDING_INDEPENDENT_TRIAGE,NO,보기의 함수 중 그 그래프가 평행이동에 의하여 함수 $y=\dfrac3{x+1}-4$의 그래프와 겹쳐지는 것을 모두 고르면? [4.1점]<br>ㄱ. $y=\dfrac{x+1}{2-x}$ ㄴ. $y=\dfrac3x$ ㄷ. $y=\dfrac{3x+6}{x+1}$ ㄹ. $y=\dfrac{4x}{2x+1}$
h1:original/high/h1/2final/22_팔마고_2학기_기말_고1_기출.js_6,original/high/h1/2final/22_팔마고_2학기_기말_고1_기출.js_6,H15-SB-04,H15-SB-04-RATIONAL_BASIC,ABSENT,,ABSENT,PRESENT,SOLUTION_VISUAL_PRESENT,0,solutionImage-present,UNADJUDICATED,PENDING_INDEPENDENT_TRIAGE,NO,"함수 $f(x)=\dfrac{ax+b}{x+c}$에 대하여 $f(2)=\dfrac13$이고 점 $(-1,1)$에 대하여 대칭일 때, $a^2+b^2+c^2$의 값은? [4.2점]"
h1:original/high/h1/2final/22_팔마고_2학기_기말_고1_기출.js_8,original/high/h1/2final/22_팔마고_2학기_기말_고1_기출.js_8,H15-SB-04,H15-SB-04-RATIONAL_BASIC,ABSENT,,ABSENT,PRESENT,SOLUTION_VISUAL_PRESENT,0,solutionImage-present,UNADJUDICATED,PENDING_INDEPENDENT_TRIAGE,NO,유리함수 $y=\dfrac{x+1}{x-1}$의 그래프와 직선 $y=x+k$ $(k$는 실수)가 만나는 두 점 사이의 거리의 최솟값을 구하면? [4.6점]
h1:original/high/h1/2final/22_팔마고_2학기_기말_고1_기출.js_9,original/high/h1/2final/22_팔마고_2학기_기말_고1_기출.js_9,H15-SB-03,H15-SB-03-COMPOSITE_FUNCTION,ABSENT,,ABSENT,ABSENT,PRIORITY_2_GRAPH_SUBUNIT_CANDIDATE,5,graph-subunit,UNADJUDICATED,PENDING_INDEPENDENT_TRIAGE,NO,함수 $f(x)=\begin{cases}-\sqrt{10-x}&(x<9)\\\sqrt{x}-4&(x\ge9)\end{cases}$에 대하여 $(f^{-1}\circ f^{-1})(a)=16$을 만족시키는 $a$의 값은? [4.1점]
h1:original/high/h1/2final/22_효천고_2학기_기말_고1_기출.js_1,original/high/h1/2final/22_효천고_2학기_기말_고1_기출.js_1,H15-SB-03,H15-SB-03-INVERSE_FUNCTION,ABSENT,,ABSENT,ABSENT,TRIAGE_NO_GRAPH_SIGNAL,0,,UNADJUDICATED,PENDING_INDEPENDENT_TRIAGE,NO,함수 $y=-x+1$의 역함수는? [3.5점]
h1:original/high/h1/2final/22_효천고_2학기_기말_고1_기출.js_11,original/high/h1/2final/22_효천고_2학기_기말_고1_기출.js_11,H15-SB-03,H15-SB-03-INVERSE_FUNCTION,ABSENT,,ABSENT,ABSENT,TRIAGE_NO_GRAPH_SIGNAL,0,,UNADJUDICATED,PENDING_INDEPENDENT_TRIAGE,NO,"집합 $A=\{1,2,3,4,5,6,7\}$일 때, $A$에서 $A$로의 함수 중 다음 조건을 모두 만족시키는 함수 $f$의 개수는? [4.3점]<div class=""note-box"">(가) 함수 $f$의 역함수가 존재한다.<br>(나) 정의역 $A$의 오직 한 원소 $n$에 대하여 $f(n+2)-f(n)=6$이다.</div>"
h1:original/high/h1/2final/22_효천고_2학기_기말_고1_기출.js_13,original/high/h1/2final/22_효천고_2학기_기말_고1_기출.js_13,H15-SB-03,H15-SB-03-INVERSE_FUNCTION,ABSENT,,ABSENT,ABSENT,PRIORITY_1_EXPLICIT_GRAPH_CANDIDATE,8,explicit-graph,UNADJUDICATED,PENDING_INDEPENDENT_TRIAGE,NO,"두 함수 $f(x)=\dfrac14x^2+\dfrac14k$ $(x\ge0)$, $g(x)=\sqrt{4x-k}$에 대하여 $y=f(x)$, $y=g(x)$의 그래프가 서로 다른 두 점에서 만나도록 하는 모든 정수 $k$의 개수는? [4.5점]"
h1:original/high/h1/2final/22_효천고_2학기_기말_고1_기출.js_15,original/high/h1/2final/22_효천고_2학기_기말_고1_기출.js_15,H15-SB-04,H15-SB-04-RATIONAL_BASIC,ABSENT,,ABSENT,PRESENT,SOLUTION_VISUAL_PRESENT,0,solutionImage-present,UNADJUDICATED,PENDING_INDEPENDENT_TRIAGE,NO,"함수 $y=\dfrac{k-2}{x+4}+\dfrac13$의 그래프는 모든 사분면을 지나고, 함수 $y=\dfrac{2x+k}{x+1}$의 그래프는 제4사분면을 지나지 않도록 하는 실수 $k$의 값의 범위는? (단, $k\ne2$) [4.7점]"
h1:original/high/h1/2final/22_효천고_2학기_기말_고1_기출.js_16,original/high/h1/2final/22_효천고_2학기_기말_고1_기출.js_16,H15-SB-05,H15-SB-05-IRRATIONAL_BASIC,ABSENT,,ABSENT,ABSENT,PRIORITY_1_EXPLICIT_GRAPH_CANDIDATE,8,explicit-graph,UNADJUDICATED,PENDING_INDEPENDENT_TRIAGE,NO,"무리함수 $f(x)=\sqrt{-x+k}$에 대하여 좌표평면에 곡선 $y=f(x)$와 세 점 $A(1,3)$, $B(4,1)$, $C(5,6)$을 꼭짓점으로 하는 삼각형 $ABC$가 있다. 곡선 $y=f(x)$와 함수 $f(x)$의 역함수의 그래프가 삼각형 $ABC$와 만나도록 하는 실수 $k$의 최댓값은? [4.8점]"
h1:original/high/h1/2final/22_효천고_2학기_기말_고1_기출.js_18,original/high/h1/2final/22_효천고_2학기_기말_고1_기출.js_18,H15-SB-05,H15-SB-05-IRRATIONAL_BASIC,ABSENT,,ABSENT,PRESENT,SOLUTION_VISUAL_PRESENT,0,solutionImage-present,UNADJUDICATED,PENDING_INDEPENDENT_TRIAGE,NO,함수 $y=\sqrt{6-2x}-1$의 그래프의 정의역과 치역을 각각 구하고 그 과정을 서술하시오. [4점]
h1:original/high/h1/2final/22_효천고_2학기_기말_고1_기출.js_19,original/high/h1/2final/22_효천고_2학기_기말_고1_기출.js_19,H15-SB-03,H15-SB-03-FUNCTION_RELATION,ABSENT,,ABSENT,ABSENT,TRIAGE_NO_GRAPH_SIGNAL,0,,UNADJUDICATED,PENDING_INDEPENDENT_TRIAGE,NO,"집합 $X=\{-3,-2,-1,0,1,2,3\}$에 대하여 함수 $f$는 $X$에서 $X$로의 함수이다. 다음 조건을 만족시키는 함수의 개수를 구하고 그 과정을 서술하시오. (단, 답은 거듭제곱의 형태로 나타낼 수 있다.) [5점]<div class=""note-box"">$X$의 모든 원소 $x$에 대하여 $f(-x)=f(x)$</div>"
h1:original/high/h1/2final/22_효천고_2학기_기말_고1_기출.js_2,original/high/h1/2final/22_효천고_2학기_기말_고1_기출.js_2,H15-SB-04,H15-SB-04-RATIONAL_BASIC,ABSENT,,ABSENT,ABSENT,TRIAGE_NO_GRAPH_SIGNAL,0,,UNADJUDICATED,PENDING_INDEPENDENT_TRIAGE,NO,"$f(x)=\dfrac{5x+1}{2x-3}$의 역함수가 $f^{-1}(x)=\dfrac{ax+b}{2x+c}$일 때 상수 $a,b,c$의 합 $a+b+c$의 값은? [3.5점]"
h1:original/high/h1/2final/22_효천고_2학기_기말_고1_기출.js_20,original/high/h1/2final/22_효천고_2학기_기말_고1_기출.js_20,H15-SB-04,H15-SB-04-RATIONAL_BASIC,ABSENT,,ABSENT,ABSENT,TRIAGE_NO_GRAPH_SIGNAL,0,,UNADJUDICATED,PENDING_INDEPENDENT_TRIAGE,NO,"분모를 0으로 하지 않는 모든 실수 $x$에 대하여 등식 $\dfrac2{(x+2)(x+4)}+\dfrac2{(x+4)(x+6)}+\dfrac2{(x+6)(x+8)}+\cdots+\dfrac2{(x+14)(x+16)}$를 간단히 하면 $\dfrac{B}{A(x+2)}$로 나타낼 수 있다. 이 때 $A,B$의 식 또는 값을 각각 구하고 그 과정을 서술하시오. [6점]"
h1:original/high/h1/2final/22_효천고_2학기_기말_고1_기출.js_22,original/high/h1/2final/22_효천고_2학기_기말_고1_기출.js_22,H15-SB-04,H15-SB-04-RATIONAL_BASIC,ABSENT,,ABSENT,ABSENT,PRIORITY_1_EXPLICIT_GRAPH_CANDIDATE,8,explicit-graph,UNADJUDICATED,PENDING_INDEPENDENT_TRIAGE,NO,"함수 $f(x)=\dfrac{ax+b}{x-2}$가 다음 조건을 만족시킨다.<div class=""note-box"">(가) $x\ne2$인 모든 실수 $x$에 대하여 $f(f(x))=x$이다.<br>(나) 함수 $y=f(x)$의 그래프와 직선 $y=x$가 만나는 두 점 사이의 거리는 $2\sqrt6$이다.</div>$f(5)$의 값을 구하고 그 과정을 자세히 서술하시오. (단, $a,b$는 상수이다.) [8점]"
h1:original/high/h1/2final/22_효천고_2학기_기말_고1_기출.js_4,original/high/h1/2final/22_효천고_2학기_기말_고1_기출.js_4,H15-SB-04,H15-SB-04-RATIONAL_BASIC,ABSENT,,ABSENT,PRESENT,SOLUTION_VISUAL_PRESENT,0,solutionImage-present,UNADJUDICATED,PENDING_INDEPENDENT_TRIAGE,NO,"유리함수 $y=\dfrac{2-5x}{x-1}$의 그래프가 두 직선 $y=-x+a$, $y=x+b$에 대하여 대칭일 때, 상수 $a+b$의 값은? [3.6점]"
h1:original/high/h1/2final/22_효천고_2학기_기말_고1_기출.js_5,original/high/h1/2final/22_효천고_2학기_기말_고1_기출.js_5,H15-SB-05,H15-SB-05-IRRATIONAL_BASIC,ABSENT,,ABSENT,PRESENT,SOLUTION_VISUAL_PRESENT,0,solutionImage-present,UNADJUDICATED,PENDING_INDEPENDENT_TRIAGE,NO,"함수 $y=\sqrt{a+x}$의 역함수의 그래프가 점 $(5,3)$을 지날 때, 상수 $a$의 값은? [3.7점]"
h1:original/high/h1/2final/23_강남여고_2학기_기말_고1_기출.js_11,original/high/h1/2final/23_강남여고_2학기_기말_고1_기출.js_11,H15-SB-03,H15-SB-03-FUNCTION_RELATION,ABSENT,,ABSENT,ABSENT,TRIAGE_NO_GRAPH_SIGNAL,0,,UNADJUDICATED,PENDING_INDEPENDENT_TRIAGE,NO,"집합 $X=\{1,2,3\}$에 대하여 $X$에서 $X$로의 함수 중 함수의 개수 $a$, 일대일 함수의 개수를 $b$, 상수함수의 개수를 $c$, 항등함수의 개수를 $d$라 할 때, $a+b+c+d$의 값을 구하면?"
h1:original/high/h1/2final/23_강남여고_2학기_기말_고1_기출.js_12,original/high/h1/2final/23_강남여고_2학기_기말_고1_기출.js_12,H15-SB-03,H15-SB-03-COMPOSITE_FUNCTION,PRESENT,,PRESENT,ABSENT,PRIORITY_1_GRAPH_GAP_CANDIDATE,10,explicit-graph|problem-image,UNADJUDICATED,PENDING_INDEPENDENT_TRIAGE,NO,"집합 $\{x\mid0\le x\le5\}$에서 정의된 함수 $y=f(x)$의 그래프가 그림과 같을 때, $(f\circ f)(a)=1$을 만족시키는 상수 $a$의 값은?"
h1:original/high/h1/2final/23_강남여고_2학기_기말_고1_기출.js_15,original/high/h1/2final/23_강남여고_2학기_기말_고1_기출.js_15,H15-SB-03,H15-SB-03-INVERSE_FUNCTION,ABSENT,,ABSENT,ABSENT,TRIAGE_NO_GRAPH_SIGNAL,0,,UNADJUDICATED,PENDING_INDEPENDENT_TRIAGE,NO,"일차함수 $f(x)$의 역함수를 $g(x)$라고 할 때, 함수 $y=f(4x+3)$의 역함수를 $g(x)$에 대한 식으로 나타내면 $y=ag(x)+b$이다. 두 상수 $a,b$에 대하여 $a+b$의 값은?"
h1:original/high/h1/2final/23_강남여고_2학기_기말_고1_기출.js_16,original/high/h1/2final/23_강남여고_2학기_기말_고1_기출.js_16,H15-SB-03,H15-SB-03-FUNCTION_RELATION,ABSENT,,ABSENT,ABSENT,TRIAGE_NO_GRAPH_SIGNAL,0,,UNADJUDICATED,PENDING_INDEPENDENT_TRIAGE,NO,실수 전체집합에서 정의된 함수 $f(x)=a|x-2|+(1-a)x+2a$가 일대일대응이 되도록 하는 실수 $a$값의 범위는? [4.2점]
h1:original/high/h1/2final/23_강남여고_2학기_기말_고1_기출.js_17,original/high/h1/2final/23_강남여고_2학기_기말_고1_기출.js_17,H15-SB-03,H15-SB-03-INVERSE_FUNCTION,ABSENT,,ABSENT,ABSENT,TRIAGE_NO_GRAPH_SIGNAL,0,,UNADJUDICATED,PENDING_INDEPENDENT_TRIAGE,NO,"집합 $X=\{1,2,3,4,5\}$에 대하여 $X$에서 $X$로의 일대일대응인 두 함수 $f,g$가 다음 조건을 만족시킨다.<div style=""border:1px solid #222;padding:10px 12px;margin-top:10px;line-height:1.8;"">(가) $f(1)=3$, $f(2)+g(4)=7$<br>(나) $f(2)=g(2)$, $f(4)=g(4)$<br>(다) 함수 $(g\circ f)(x)"
h1:original/high/h1/2final/23_강남여고_2학기_기말_고1_기출.js_18,original/high/h1/2final/23_강남여고_2학기_기말_고1_기출.js_18,H15-SB-03,H15-SB-03-COMPOSITE_FUNCTION,PRESENT,,PRESENT,ABSENT,PRIORITY_1_GRAPH_GAP_CANDIDATE,10,explicit-graph|problem-image,UNADJUDICATED,PENDING_INDEPENDENT_TRIAGE,NO,"함수 $f(x)=\dfrac{x-1}{x}$에 대하여 합성함수 $f^{n+1}=f^n\circ f$ $(n=1,2,\cdots)$로 정의한다. 그림에서 점 A의 좌표가 $A(a,0)$일 때, 다음 점 중에서 점 $P(f^{10}(a),f^{16}(a))$와 같은 것은? [4.2점]"
h1:original/high/h1/2final/23_강남여고_2학기_기말_고1_기출.js_19,original/high/h1/2final/23_강남여고_2학기_기말_고1_기출.js_19,H15-SB-05,H15-SB-05-IRRATIONAL_BASIC,ABSENT,,ABSENT,ABSENT,PRIORITY_1_EXPLICIT_GRAPH_CANDIDATE,8,explicit-graph,UNADJUDICATED,PENDING_INDEPENDENT_TRIAGE,NO,"함수 $f(x)=2\sqrt{a(x+a)}$의 그래프가 $x$축, $y$축과 만나는 점을 각각 A, B라 하고, 함수 $y=f(x)$의 그래프와 직선 $y=2x+b$가 접하는 점을 C라 하자. 삼각형 ABC의 넓이가 $\dfrac14$일 때, $b-a$의 값은? (단, $a,b$는 상수이고, $a\gt0$이다.) [4.2점]"
h1:original/high/h1/2final/23_강남여고_2학기_기말_고1_기출.js_2,original/high/h1/2final/23_강남여고_2학기_기말_고1_기출.js_2,H15-SB-03,H15-SB-03-COMPOSITE_FUNCTION,ABSENT,,ABSENT,ABSENT,PRIORITY_2_GRAPH_SUBUNIT_CANDIDATE,5,graph-subunit,UNADJUDICATED,PENDING_INDEPENDENT_TRIAGE,NO,"두 함수 $f(x)=2x+1$, $g(x)=3x^2$에 대하여 $(g\circ f)(-1)$의 값은? [3.8점]"
h1:original/high/h1/2final/23_강남여고_2학기_기말_고1_기출.js_20,original/high/h1/2final/23_강남여고_2학기_기말_고1_기출.js_20,H15-SB-04,H15-SB-04-RATIONAL_GRAPH,PRESENT,,PRESENT,ABSENT,PRIORITY_1_GRAPH_GAP_CANDIDATE,10,explicit-graph|problem-image,UNADJUDICATED,PENDING_INDEPENDENT_TRIAGE,NO,"두 함수 $f(x)=\dfrac6x$ $(x\gt0)$, $g(x)=\dfrac6{x-2}$ $(x\gt2)$의 그래프가 직선 $y=t$ $(t\gt0)$과 만나는 점을 각각 A, B라 하자. 또 점 B를 지나고 $y$축에 평행한 직선이 함수 $y=f(x)$의 그래프와 만나는 점을 C, 점 C를 지나고 $x$축에 평행한 직선이 함수 $y=g(x)$의 그래프와 만나는 점을 D라 하자. 두 함수 $y=f(x)$, $y=g(x)$의"
h1:original/high/h1/2final/23_강남여고_2학기_기말_고1_기출.js_21,original/high/h1/2final/23_강남여고_2학기_기말_고1_기출.js_21,H15-SB-03,H15-SB-03-INVERSE_FUNCTION,ABSENT,,ABSENT,ABSENT,TRIAGE_NO_GRAPH_SIGNAL,0,,UNADJUDICATED,PENDING_INDEPENDENT_TRIAGE,NO,"[서술형1]<br>함수 $f(x)=\dfrac12x+a$의 역함수가 $f^{-1}(x)=bx+8$일 때, 두 상수 $a,b$를 구하는 풀이 과정과 답을 쓰시오. [5점]"
h1:original/high/h1/2final/23_강남여고_2학기_기말_고1_기출.js_22,original/high/h1/2final/23_강남여고_2학기_기말_고1_기출.js_22,H15-SB-05,H15-SB-05-IRRATIONAL_GRAPH,PRESENT,,PRESENT,ABSENT,PRIORITY_1_GRAPH_GAP_CANDIDATE,10,explicit-graph|problem-image,UNADJUDICATED,PENDING_INDEPENDENT_TRIAGE,NO,"[서술형2]<br>함수 $y=\dfrac{ax+b}{x+c}$의 그래프가 원점을 지나고 아래 그림과 같을 때, $3\le x\le27$에서 무리함수 $y=\sqrt{ax+b}+c$의 최솟값과 최댓값을 구하는 풀이 과정과 답을 쓰시오. [5점]"
h1:original/high/h1/2final/23_강남여고_2학기_기말_고1_기출.js_24,original/high/h1/2final/23_강남여고_2학기_기말_고1_기출.js_24,H15-SB-05,H15-SB-05-IRRATIONAL_INVERSE,ABSENT,,ABSENT,PRESENT,SOLUTION_VISUAL_PRESENT,0,solutionImage-present,UNADJUDICATED,PENDING_INDEPENDENT_TRIAGE,NO,[서술형4]<br>함수 $y=\sqrt{3x-3}$의 그래프와 직선 $y=ax+1$이 만나도록 하는 실수 $a$의 값의 범위를 구하는 풀이 과정과 답을 쓰시오. [5점]
h1:original/high/h1/2final/23_강남여고_2학기_기말_고1_기출.js_3,original/high/h1/2final/23_강남여고_2학기_기말_고1_기출.js_3,H15-SB-03,H15-SB-03-INVERSE_FUNCTION,ABSENT,,ABSENT,ABSENT,TRIAGE_NO_GRAPH_SIGNAL,0,,UNADJUDICATED,PENDING_INDEPENDENT_TRIAGE,NO,"함수 $f(x)=2x+a$에 대하여 $f^{-1}(4)=2$일 때, 상수 $a$의 값은? [3.8점]"
h1:original/high/h1/2final/23_강남여고_2학기_기말_고1_기출.js_5,original/high/h1/2final/23_강남여고_2학기_기말_고1_기출.js_5,H15-SB-04,H15-SB-04-RATIONAL_GRAPH,ABSENT,,ABSENT,PRESENT,SOLUTION_VISUAL_PRESENT,0,solutionImage-present,UNADJUDICATED,PENDING_INDEPENDENT_TRIAGE,NO,함수 $y=\dfrac{k}{x}$ $(k\gt0)$에 대한 다음 설명 중 옳지 않은 것은? [3.8점]
h1:original/high/h1/2final/23_강남여고_2학기_기말_고1_기출.js_6,original/high/h1/2final/23_강남여고_2학기_기말_고1_기출.js_6,H15-SB-05,H15-SB-05-IRRATIONAL_BASIC,ABSENT,,ABSENT,PRESENT,SOLUTION_VISUAL_PRESENT,0,solutionImage-present,UNADJUDICATED,PENDING_INDEPENDENT_TRIAGE,NO,"함수 $f(x)=-\sqrt{2x-4}+3$에 대하여 보기에서 옳은 것만을 있는 대로 고른 것은?<div style=""border:1px solid #222;padding:10px 12px;margin-top:10px;line-height:1.8;"">ㄱ. 정의역은 $\{x\mid x\ge2\}$이고, 치역은 $\{y\mid y\le3\}$이다.<br>ㄴ. 함수 $y=f(x)$의 그래프는 함수 $y=-\sqrt{2x}$의 그래프"
h1:original/high/h1/2final/23_강남여고_2학기_기말_고1_기출.js_8,original/high/h1/2final/23_강남여고_2학기_기말_고1_기출.js_8,H15-SB-04,H15-SB-04-RATIONAL_BASIC,ABSENT,,ABSENT,ABSENT,TRIAGE_NO_GRAPH_SIGNAL,0,,UNADJUDICATED,PENDING_INDEPENDENT_TRIAGE,NO,$\dfrac{x+2y}{3}=\dfrac{4y+z}{4}=\dfrac{z}{2}=\dfrac{2x+10y-z}{a}$를 만족시키는 상수 $a$의 값을 구하면?
h1:original/high/h1/2final/23_강남여고_2학기_기말_고1_기출.js_9,original/high/h1/2final/23_강남여고_2학기_기말_고1_기출.js_9,H15-SB-03,H15-SB-03-COMPOSITE_FUNCTION,ABSENT,,ABSENT,ABSENT,PRIORITY_2_GRAPH_SUBUNIT_CANDIDATE,5,graph-subunit,UNADJUDICATED,PENDING_INDEPENDENT_TRIAGE,NO,"두 함수 $f(x)=-4x+1$, $g(x)=3x+5$에 대하여 $(f\circ(g\circ f)^{-1}\circ f)(2)$의 값은?"
h1:original/high/h1/2final/23_금당고_2학기_기말_고1_기출.js_10,original/high/h1/2final/23_금당고_2학기_기말_고1_기출.js_10,H15-SB-03,H15-SB-03-INVERSE_FUNCTION,ABSENT,,ABSENT,ABSENT,TRIAGE_NO_GRAPH_SIGNAL,0,,UNADJUDICATED,PENDING_INDEPENDENT_TRIAGE,NO,"두 집합 $X=\{x\mid -1\lt x\lt4\}$, $Y=\{y\mid -3\lt y\lt2\}$에 대하여 $X$에서 $Y$로의 함수 $f(x)=ax+b$의 역함수가 존재할 때, 양수 $b$에 대하여 상수 $a$의 값은? [4.2점]"
h1:original/high/h1/2final/23_금당고_2학기_기말_고1_기출.js_11,original/high/h1/2final/23_금당고_2학기_기말_고1_기출.js_11,H15-SB-04,H15-SB-04-RATIONAL_GRAPH,ABSENT,,ABSENT,ABSENT,PRIORITY_1_EXPLICIT_GRAPH_CANDIDATE,8,explicit-graph,UNADJUDICATED,PENDING_INDEPENDENT_TRIAGE,NO,"유리함수 $y=f(x)$의 그래프의 두 점근선의 교점이 $(2,3)$이고 $0\le x\le1$에서 최댓값이 $2$일 때, $f(4)$의 값은? [4.2점]"
h1:original/high/h1/2final/23_금당고_2학기_기말_고1_기출.js_13,original/high/h1/2final/23_금당고_2학기_기말_고1_기출.js_13,H15-SB-03,H15-SB-03-INVERSE_FUNCTION,ABSENT,,ABSENT,ABSENT,PRIORITY_1_EXPLICIT_GRAPH_CANDIDATE,8,explicit-graph,UNADJUDICATED,PENDING_INDEPENDENT_TRIAGE,NO,"역함수가 존재하는 함수 $f(x)$에 대하여 $f(1-x)=3x+a$이고 $f^{-1}(-3)=2$일 때, 함수 $y=f^{-1}(x)$의 그래프와 $x$축 및 $y$축으로 둘러싸인 부분의 넓이는? (단, $a$는 상수이다.) [4.4점]"
h1:original/high/h1/2final/23_금당고_2학기_기말_고1_기출.js_14,original/high/h1/2final/23_금당고_2학기_기말_고1_기출.js_14,H15-SB-04,H15-SB-04-RATIONAL_BASIC,ABSENT,,ABSENT,ABSENT,TRIAGE_NO_GRAPH_SIGNAL,0,,UNADJUDICATED,PENDING_INDEPENDENT_TRIAGE,NO,"0이 아닌 세 실수 $a,b,c$에 대하여 $\dfrac{a-2b-2c}{a}=\dfrac{-2a+b-2c}{b}=\dfrac{-2a-2b+c}{c}$가 성립할 때, $a\left(\dfrac1b+\dfrac1c\right)+b\left(\dfrac1a+\dfrac1c\right)+c\left(\dfrac1a+\dfrac1b\right)$의 값으로 가능한 모든 수의 합은? [4.4점]"
h1:original/high/h1/2final/23_금당고_2학기_기말_고1_기출.js_16,original/high/h1/2final/23_금당고_2학기_기말_고1_기출.js_16,H15-SB-03,H15-SB-03-FUNCTION_RELATION,ABSENT,,ABSENT,ABSENT,PRIORITY_1_EXPLICIT_GRAPH_CANDIDATE,8,explicit-graph,UNADJUDICATED,PENDING_INDEPENDENT_TRIAGE,NO,"실수 $p,q$ $(p\ge0)$에 대하여 함수 $f(x)=\begin{cases}\sqrt{x-p}&(x\ge p)\\\left|\dfrac1x+q\right|&(x<p)\end{cases}$이다. 실수 $t$에 대하여 함수 $y=f(x)$의 그래프와 직선 $y=t$의 교점의 개수를 $g(t)$라 하면 $\{t\mid g(t)=2\}=\{t\mid0\lt t\le3\}$일 때, $p-q$의 값으로 가능한 모든 수의 합은? ["
h1:original/high/h1/2final/23_금당고_2학기_기말_고1_기출.js_18,original/high/h1/2final/23_금당고_2학기_기말_고1_기출.js_18,H15-SB-03,H15-SB-03-COMPOSITE_FUNCTION,PRESENT,,PRESENT,ABSENT,PRIORITY_1_GRAPH_GAP_CANDIDATE,10,explicit-graph|problem-image,UNADJUDICATED,PENDING_INDEPENDENT_TRIAGE,NO,"<단답형 1> $0\le x\le4$에서 정의된 두 함수 $y=f(x)$, $y=g(x)$의 그래프가 다음 그림과 같을 때, 함수 $(g\circ f)(x)=2$를 만족시키는 모든 $x$값들의 합을 구하시오. [4.0점]"
h1:original/high/h1/2final/23_금당고_2학기_기말_고1_기출.js_20,original/high/h1/2final/23_금당고_2학기_기말_고1_기출.js_20,H15-SB-05,H15-SB-05-IRRATIONAL_INVERSE,ABSENT,,ABSENT,PRESENT,SOLUTION_VISUAL_PRESENT,0,solutionImage-present,UNADJUDICATED,PENDING_INDEPENDENT_TRIAGE,NO,"<서술형 1> 두 함수 $y=\sqrt{x+3}$, $y=x+k$에 대하여 $f(k)$를 두 함수의 그래프의 교점의 개수라 하자. $f(2)+f(3)+f(4)$의 값을 구하는 과정을 서술하시오. [10점]"
h1:original/high/h1/2final/23_금당고_2학기_기말_고1_기출.js_21,original/high/h1/2final/23_금당고_2학기_기말_고1_기출.js_21,H15-SB-03,H15-SB-03-FUNCTION_RELATION,ABSENT,,ABSENT,ABSENT,TRIAGE_NO_GRAPH_SIGNAL,0,,UNADJUDICATED,PENDING_INDEPENDENT_TRIAGE,NO,"<서술형 2> 집합 $X=\{2,3,5,7\}$에 대하여 $X$에서 $X$로의 일대일대응인 함수 $f,g,h$가 다음 조건을 만족시킬 때, $(h\circ f)(7)+(h\circ g)(5)$의 값을 구하는 과정을 서술하시오. [10점]<div class=""note-box"">(가) $g(2)-f(2)=2$<br>(나) $4f(5)=g(3)\{h(2)+4\}$<br>(다) $(f\circ h)(3)+(g\circ h)(3)=10"
h1:original/high/h1/2final/23_금당고_2학기_기말_고1_기출.js_3,original/high/h1/2final/23_금당고_2학기_기말_고1_기출.js_3,H15-SB-03,H15-SB-03-COMPOSITE_FUNCTION,ABSENT,,ABSENT,ABSENT,PRIORITY_2_GRAPH_SUBUNIT_CANDIDATE,5,graph-subunit,UNADJUDICATED,PENDING_INDEPENDENT_TRIAGE,NO,"두 함수 $f(x)=x+4$, $g(x)=2x-5$에 대하여 $f(g(1))$의 값은? [3.8점]"
h1:original/high/h1/2final/23_금당고_2학기_기말_고1_기출.js_4,original/high/h1/2final/23_금당고_2학기_기말_고1_기출.js_4,H15-SB-03,H15-SB-03-FUNCTION_RELATION,PRESENT,,PRESENT,ABSENT,PRIORITY_1_GRAPH_GAP_CANDIDATE,10,explicit-graph|problem-image,UNADJUDICATED,PENDING_INDEPENDENT_TRIAGE,NO,다음 중 함수의 그래프가 아닌 것을 고르면? [3.8점]
h1:original/high/h1/2final/23_금당고_2학기_기말_고1_기출.js_5,original/high/h1/2final/23_금당고_2학기_기말_고1_기출.js_5,H15-SB-05,H15-SB-05-IRRATIONAL_BASIC,ABSENT,,ABSENT,ABSENT,TRIAGE_NO_GRAPH_SIGNAL,0,,UNADJUDICATED,PENDING_INDEPENDENT_TRIAGE,NO,"무리함수 $y=\sqrt{1-2x}$의 정의역이 $\{x\mid x\le a\}$일 때, 상수 $a$의 값은? [4.0점]"
h1:original/high/h1/2final/23_금당고_2학기_기말_고1_기출.js_6,original/high/h1/2final/23_금당고_2학기_기말_고1_기출.js_6,H15-SB-04,H15-SB-04-RATIONAL_BASIC,ABSENT,,ABSENT,ABSENT,TRIAGE_NO_GRAPH_SIGNAL,0,,UNADJUDICATED,PENDING_INDEPENDENT_TRIAGE,NO,$\dfrac1{1\times2}+\dfrac1{2\times3}+\dfrac1{3\times4}+\cdots+\dfrac1{9\times10}$의 값은? [4.0점]
h1:original/high/h1/2final/23_금당고_2학기_기말_고1_기출.js_7,original/high/h1/2final/23_금당고_2학기_기말_고1_기출.js_7,H15-SB-04,H15-SB-04-RATIONAL_GRAPH,ABSENT,,ABSENT,PRESENT,SOLUTION_VISUAL_PRESENT,0,solutionImage-present,UNADJUDICATED,PENDING_INDEPENDENT_TRIAGE,NO,함수 $y=\dfrac{x+1}{1-x}$에 대한 설명으로 옳지 않은 것은? [4.0점]
h1:original/high/h1/2final/23_금당고_2학기_기말_고1_기출.js_8,original/high/h1/2final/23_금당고_2학기_기말_고1_기출.js_8,H15-SB-03,H15-SB-03-INVERSE_FUNCTION,ABSENT,,ABSENT,PRESENT,SOLUTION_VISUAL_PRESENT,0,solutionImage-present,UNADJUDICATED,PENDING_INDEPENDENT_TRIAGE,NO,"함수 $f(x)=x^2-x+\dfrac34$ $(x\ge\dfrac12)$의 역함수를 $g(x)$라 할 때, 두 함수 $y=f(x)$, $y=g(x)$의 그래프가 서로 다른 두 점 P, Q에서 만난다. 선분 PQ의 길이는? [4.2점]"
h1:original/high/h1/2final/23_매산여고_2학기_기말_고1_기출.js_1,original/high/h1/2final/23_매산여고_2학기_기말_고1_기출.js_1,H15-SB-03,H15-SB-03-COMPOSITE_FUNCTION,ABSENT,,ABSENT,ABSENT,PRIORITY_2_GRAPH_SUBUNIT_CANDIDATE,5,graph-subunit,UNADJUDICATED,PENDING_INDEPENDENT_TRIAGE,NO,"두 함수 $f(x)=3x-2$, $g(x)=5x+1$에 대하여 $(g\circ f)(2)$의 값을 구하면? [3.7점]"
h1:original/high/h1/2final/23_매산여고_2학기_기말_고1_기출.js_16,original/high/h1/2final/23_매산여고_2학기_기말_고1_기출.js_16,H15-SB-05,H15-SB-05-IRRATIONAL_BASIC,ABSENT,,ABSENT,ABSENT,TRIAGE_NO_GRAPH_SIGNAL,0,,UNADJUDICATED,PENDING_INDEPENDENT_TRIAGE,NO,"좌표평면 위의 두 곡선 $y=-\sqrt{kx+3k}+6$, $y=\sqrt{-kx+3k}-6$이 서로 다른 두 점에서 만나도록 하는 $k$의 최댓값을 구하면? (단, $k$는 0이 아닌 실수이다.) [4.2점]"
h1:original/high/h1/2final/23_매산여고_2학기_기말_고1_기출.js_18,original/high/h1/2final/23_매산여고_2학기_기말_고1_기출.js_18,H15-SB-03,H15-SB-03-FUNCTION_RELATION,ABSENT,,ABSENT,ABSENT,TRIAGE_NO_GRAPH_SIGNAL,0,,UNADJUDICATED,PENDING_INDEPENDENT_TRIAGE,NO,"실수 전체의 집합에서 정의된 함수 $f(x)$가 다음과 같다.<br>$f(x)=\begin{cases}-\sqrt{3x+b}+5&(x\ge1)\\\dfrac{2x+a}{x-2}&(x\lt1)\end{cases}$<br>실수 $t$에 대하여 방정식 $f(x)=t$의 실근의 개수를 $g(t)$라 할 때, 두 함수 $f(x)$, $g(t)$가 다음 조건 (가), (나)를 모두 만족시킨다.<br><div style=""border:1p"
h1:original/high/h1/2final/23_매산여고_2학기_기말_고1_기출.js_19,original/high/h1/2final/23_매산여고_2학기_기말_고1_기출.js_19,H15-SB-03,H15-SB-03-FUNCTION_RELATION,ABSENT,,ABSENT,ABSENT,TRIAGE_NO_GRAPH_SIGNAL,0,,UNADJUDICATED,PENDING_INDEPENDENT_TRIAGE,NO,[단답형 1] 실수 전체의 집합에서 정의된 함수<br>$f(x)=\begin{cases}-2ax&(x\ge0)\\(a+7)x&(x\lt0)\end{cases}$<br>가 일대일대응이 되도록 하는 정수 $a$의 개수를 구하여 단답형 답안지에 적으시오. [4점] (부분점수 없음)
h1:original/high/h1/2final/23_매산여고_2학기_기말_고1_기출.js_2,original/high/h1/2final/23_매산여고_2학기_기말_고1_기출.js_2,H15-SB-03,H15-SB-03-COMPOSITE_FUNCTION,ABSENT,,ABSENT,ABSENT,PRIORITY_2_GRAPH_SUBUNIT_CANDIDATE,5,graph-subunit,UNADJUDICATED,PENDING_INDEPENDENT_TRIAGE,NO,"함수 $f(x)=4x$에 대하여 $f^1=f$, $f^2=f\circ f$, $f^3=f\circ f\circ f$, $\cdots$로 정의할 때, $f^7(-8)$의 값을 구하면? [3.8점]"
h1:original/high/h1/2final/23_매산여고_2학기_기말_고1_기출.js_20,original/high/h1/2final/23_매산여고_2학기_기말_고1_기출.js_20,H15-SB-03,H15-SB-03-FUNCTION_RELATION,ABSENT,,ABSENT,ABSENT,TRIAGE_NO_GRAPH_SIGNAL,0,,UNADJUDICATED,PENDING_INDEPENDENT_TRIAGE,NO,"[단답형 2] 집합 $X=\{0,1,2,3\}$에 대하여 함수 $f:X\to X$ 중 다음 조건 (가), (나)를 모두 만족시키는 함수 $f$의 개수를 구하여 단답형 답안지에 적으시오. [4점] (부분점수 없음)<br><div style=""border:1px solid #222;padding:10px 12px;line-height:1.8;"">(가) 집합 $X$의 임의의 서로 다른 두 원소 $x_1,x_2$에 대하여 $x_1x_"
h1:original/high/h1/2final/23_매산여고_2학기_기말_고1_기출.js_21,original/high/h1/2final/23_매산여고_2학기_기말_고1_기출.js_21,H15-SB-03,H15-SB-03-INVERSE_FUNCTION,ABSENT,,ABSENT,ABSENT,TRIAGE_NO_GRAPH_SIGNAL,0,,UNADJUDICATED,PENDING_INDEPENDENT_TRIAGE,NO,"[서술형 1] 두 함수 $f,g$에 대하여 $g(x)=\dfrac54x+7$, $(f\circ g)(x)=x$일 때, $f(2)$의 값을 구하고, 그 과정을 서술하시오. [7점] (부분점수 있음)"
h1:original/high/h1/2final/23_매산여고_2학기_기말_고1_기출.js_22,original/high/h1/2final/23_매산여고_2학기_기말_고1_기출.js_22,H15-SB-05,H15-SB-05-IRRATIONAL_BASIC,ABSENT,,ABSENT,ABSENT,PRIORITY_1_EXPLICIT_GRAPH_CANDIDATE,8,explicit-graph,UNADJUDICATED,PENDING_INDEPENDENT_TRIAGE,NO,"[서술형 2] 함수 $f(x)=\dfrac{ax+2}{cx+b}$의 그래프의 두 점근선의 교점의 좌표가 $(-\dfrac12,-\dfrac12)$이고, $f(0)=2$일 때, 다음 물음에 답하시오. (단, $a,b,c$는 상수이다.) [7점] (부분점수 있음)<br>1) 함수 $g(x)=\sqrt{ax+b}+c$의 정의역과 치역을 구하시오. [4점]<br>2) 함수 $g(x)$의 역함수를 구하시오. [3점]"
h1:original/high/h1/2final/23_매산여고_2학기_기말_고1_기출.js_3,original/high/h1/2final/23_매산여고_2학기_기말_고1_기출.js_3,H15-SB-03,H15-SB-03-COMPOSITE_FUNCTION,PRESENT,,PRESENT,ABSENT,PRIORITY_1_GRAPH_GAP_CANDIDATE,10,explicit-graph|problem-image,UNADJUDICATED,PENDING_INDEPENDENT_TRIAGE,NO,"다음 그림은 직선 $y=x$와 $x\ge0$에서 정의된 두 함수 $y=f(x)$, $y=g(x)$의 그래프를 나타낸 것이다. 두 함수 $f,g$의 역함수가 존재할 때, $(f\circ g^{-1})^{-1}(c)+(f\circ g^{-1})(e)$의 값을 구하면? (단, 모든 점선은 $x$축 또는 $y$축에 평행하다.) [3.9점]"
h1:original/high/h1/2final/23_매산여고_2학기_기말_고1_기출.js_4,original/high/h1/2final/23_매산여고_2학기_기말_고1_기출.js_4,H15-SB-03,H15-SB-03-FUNCTION_RELATION,ABSENT,,ABSENT,ABSENT,TRIAGE_NO_GRAPH_SIGNAL,0,,UNADJUDICATED,PENDING_INDEPENDENT_TRIAGE,NO,"집합 $A=\{x\mid-3\le x\le3\}$에 대하여 함수 $f:A\to A$, $f(x)=kx+2$가 정의되도록 하는 상수 $k$의 값의 범위가 $a\le k\le b$일 때, $b-a$의 값을 구하면? (단, $a,b$는 상수이다.) [4점]"
h1:original/high/h1/2final/23_매산여고_2학기_기말_고1_기출.js_5,original/high/h1/2final/23_매산여고_2학기_기말_고1_기출.js_5,H15-SB-04,H15-SB-04-RATIONAL_BASIC,ABSENT,,ABSENT,ABSENT,TRIAGE_NO_GRAPH_SIGNAL,0,,UNADJUDICATED,PENDING_INDEPENDENT_TRIAGE,NO,"$x\ne0$, $x\ne-1$, $x\ne-2$인 모든 실수 $x$에 대하여 $\dfrac{-x+2}{x(x+1)(x+2)}=\dfrac a{x^2+x}+\dfrac b{x^2+3x+2}$가 성립할 때, $a+b$의 값을 구하면? (단, $a,b$는 상수이다.) [3.8점]"
h1:original/high/h1/2final/23_매산여고_2학기_기말_고1_기출.js_6,original/high/h1/2final/23_매산여고_2학기_기말_고1_기출.js_6,H15-SB-04,H15-SB-04-RATIONAL_GRAPH,ABSENT,,ABSENT,ABSENT,PRIORITY_1_EXPLICIT_GRAPH_CANDIDATE,8,explicit-graph,UNADJUDICATED,PENDING_INDEPENDENT_TRIAGE,NO,"유리함수 $f(x)=\dfrac{2x+1}{x-k}$의 그래프의 두 점근선의 교점을 A라 하고, 역함수 $f^{-1}(x)$의 두 점근선의 교점을 B라고 하자. 점 A에서 직선 $y=x-2$에 이르는 거리가 $2\sqrt2$일 때, $\overline{AB}$의 값을 구하면? (단, $k\gt4$) [3.8점]"
h1:original/high/h1/2final/23_매산여고_2학기_기말_고1_기출.js_7,original/high/h1/2final/23_매산여고_2학기_기말_고1_기출.js_7,H15-SB-04,H15-SB-04-RATIONAL_BASIC,ABSENT,,ABSENT,ABSENT,PRIORITY_1_EXPLICIT_GRAPH_CANDIDATE,8,explicit-graph,UNADJUDICATED,PENDING_INDEPENDENT_TRIAGE,NO,함수 $y=\dfrac{2x-1+k}{x-3}$의 그래프가 좌표평면의 모든 사분면을 지나도록 하는 정수 $k$의 최솟값을 구하면? [3.9점]
h1:original/high/h1/2final/23_매산여고_2학기_기말_고1_기출.js_8,original/high/h1/2final/23_매산여고_2학기_기말_고1_기출.js_8,H15-SB-05,H15-SB-05-IRRATIONAL_BASIC,ABSENT,,ABSENT,ABSENT,PRIORITY_1_EXPLICIT_GRAPH_CANDIDATE,8,explicit-graph,UNADJUDICATED,PENDING_INDEPENDENT_TRIAGE,NO,"함수 $y=\sqrt{4-2x}+1$에 대하여 보기에서 옳은 것만을 있는 대로 모두 고르면? [3.9점]<br><div style=""border:1px solid #222;padding:10px 12px;line-height:1.8;"">ㄱ. 그래프는 함수 $y=-\sqrt{2x-4}-1$의 그래프와 $x$축에 대하여 대칭이다.<br>ㄴ. $y=\sqrt{-2x}$의 그래프를 $x$축의 방향으로 2만큼, $y$축의 방향으로 1만"
h1:original/high/h1/2final/23_매산여고_2학기_기말_고1_기출.js_9,original/high/h1/2final/23_매산여고_2학기_기말_고1_기출.js_9,H15-SB-05,H15-SB-05-IRRATIONAL_BASIC,ABSENT,,ABSENT,ABSENT,PRIORITY_1_EXPLICIT_GRAPH_CANDIDATE,8,explicit-graph,UNADJUDICATED,PENDING_INDEPENDENT_TRIAGE,NO,"두 함수 $f(x)=\sqrt{x+3}$, $g(x)=-\dfrac{2x}{x+3}$의 그래프와 $x=0$, $x=10$으로 둘러싸인 영역의 내부 또는 그 경계에 포함되고 $x$좌표와 $y$좌표가 모두 정수인 점의 개수를 구하면? [4.2점]"
h1:original/high/h1/2final/24_강남여고_2학기_기말_고1_기출.js_1,original/high/h1/2final/24_강남여고_2학기_기말_고1_기출.js_1,H15-SB-04,H15-SB-04-RATIONAL_BASIC,ABSENT,,ABSENT,ABSENT,TRIAGE_NO_GRAPH_SIGNAL,0,,UNADJUDICATED,PENDING_INDEPENDENT_TRIAGE,NO,다음 함수 중 유리식이 아닌 것은? [2.9점]
h1:original/high/h1/2final/24_강남여고_2학기_기말_고1_기출.js_10,original/high/h1/2final/24_강남여고_2학기_기말_고1_기출.js_10,H15-SB-05,H15-SB-05-IRRATIONAL_BASIC,ABSENT,,ABSENT,ABSENT,TRIAGE_NO_GRAPH_SIGNAL,0,,UNADJUDICATED,PENDING_INDEPENDENT_TRIAGE,NO,"$x=\dfrac{\sqrt3+1}{\sqrt3-1}$일 때, $\dfrac{\sqrt{x}-1}{\sqrt{x}+1}+\dfrac{\sqrt{x}+1}{\sqrt{x}-1}$의 값은? [4점]"
h1:original/high/h1/2final/24_강남여고_2학기_기말_고1_기출.js_13,original/high/h1/2final/24_강남여고_2학기_기말_고1_기출.js_13,H15-SB-03,H15-SB-03-COMPOSITE_FUNCTION,ABSENT,,ABSENT,ABSENT,PRIORITY_2_GRAPH_SUBUNIT_CANDIDATE,5,graph-subunit,UNADJUDICATED,PENDING_INDEPENDENT_TRIAGE,NO,"함수 $f(x)=\dfrac1{1-x}$에 대하여 $f^{1662}(2)$의 값은? (단, $f^{n+1}(x)=(f^n\circ f)(x)$) [4.3점]"
h1:original/high/h1/2final/24_강남여고_2학기_기말_고1_기출.js_14,original/high/h1/2final/24_강남여고_2학기_기말_고1_기출.js_14,H15-SB-05,H15-SB-05-IRRATIONAL_BASIC,ABSENT,,ABSENT,ABSENT,TRIAGE_NO_GRAPH_SIGNAL,0,,UNADJUDICATED,PENDING_INDEPENDENT_TRIAGE,NO,"$2\le x\le a$에서 $y=\sqrt{3x-2}+2$의 최솟값이 $m$, 최댓값이 $12$일 때, 상수 $a$, $m$의 합 $a+m$의 값은? [4.4점]"
h1:original/high/h1/2final/24_강남여고_2학기_기말_고1_기출.js_16,original/high/h1/2final/24_강남여고_2학기_기말_고1_기출.js_16,H15-SB-05,H15-SB-05-IRRATIONAL_GRAPH,PRESENT,,PRESENT,ABSENT,PRIORITY_1_GRAPH_GAP_CANDIDATE,10,explicit-graph|problem-image,UNADJUDICATED,PENDING_INDEPENDENT_TRIAGE,NO,"두 곡선 $y=\sqrt{x+5}$, $y=\sqrt{x}$와 $x$축 및 $y=2$로 둘러싸인 부분의 넓이는? [4.6점]"
h1:original/high/h1/2final/24_강남여고_2학기_기말_고1_기출.js_17,original/high/h1/2final/24_강남여고_2학기_기말_고1_기출.js_17,H15-SB-03,H15-SB-03-COMPOSITE_FUNCTION,ABSENT,,ABSENT,ABSENT,PRIORITY_2_GRAPH_SUBUNIT_CANDIDATE,5,graph-subunit,UNADJUDICATED,PENDING_INDEPENDENT_TRIAGE,NO,"$f(x)=\dfrac1{x-1}$, $g(x)=\dfrac{x+2}{x}$이고, $(f^{-1}\circ g^{-1})(a)=2$, $(g^{-1}\circ f^{-1})(b)=2$일 때, $a+b$의 값은? [4.7점]"
h1:original/high/h1/2final/24_강남여고_2학기_기말_고1_기출.js_2,original/high/h1/2final/24_강남여고_2학기_기말_고1_기출.js_2,H15-SB-05,H15-SB-05-IRRATIONAL_BASIC,ABSENT,,ABSENT,ABSENT,TRIAGE_NO_GRAPH_SIGNAL,0,,UNADJUDICATED,PENDING_INDEPENDENT_TRIAGE,NO,다음 무리함수 $y=-\sqrt{2x-4}+3$의 정의역과 치역을 바르게 나타낸 것은? [3점]
h1:original/high/h1/2final/24_강남여고_2학기_기말_고1_기출.js_21,original/high/h1/2final/24_강남여고_2학기_기말_고1_기출.js_21,H15-SB-04,H15-SB-04-RATIONAL_BASIC,ABSENT,,ABSENT,ABSENT,TRIAGE_NO_GRAPH_SIGNAL,0,,UNADJUDICATED,PENDING_INDEPENDENT_TRIAGE,NO,"풀이 과정을 자세히 작성하기 바랍니다.<br>유리함수 $y=\dfrac{k}{x-3}+2$가 제 $1$, $2$, $3$, $4$사분면을 모두 지나도록 하는 정수 $k$의 최솟값을 구하시오. [4점]"
h1:original/high/h1/2final/24_강남여고_2학기_기말_고1_기출.js_24,original/high/h1/2final/24_강남여고_2학기_기말_고1_기출.js_24,H15-SB-05,H15-SB-05-IRRATIONAL_GRAPH,PRESENT,,PRESENT,ABSENT,PRIORITY_1_GRAPH_GAP_CANDIDATE,10,explicit-graph|problem-image,UNADJUDICATED,PENDING_INDEPENDENT_TRIAGE,NO,"풀이 과정을 자세히 작성하기 바랍니다.<br>무리함수 $y=\sqrt{ax+b}+c$의 그래프가 그림과 같을 때, 유리함수 $y=\dfrac{cx+3}{ax+b}$의 두 점근선의 교점의 좌표를 $(m,n)$이라 할 때, $m+n$의 값은? [6점]"
h1:original/high/h1/2final/24_강남여고_2학기_기말_고1_기출.js_5,original/high/h1/2final/24_강남여고_2학기_기말_고1_기출.js_5,H15-SB-04,H15-SB-04-RATIONAL_BASIC,ABSENT,,ABSENT,ABSENT,TRIAGE_NO_GRAPH_SIGNAL,0,,UNADJUDICATED,PENDING_INDEPENDENT_TRIAGE,NO,유리함수 $y=\dfrac{3x-5}{x-2}$의 점근선을 구하면? [3.4점]
h1:original/high/h1/2final/24_강남여고_2학기_기말_고1_기출.js_6,original/high/h1/2final/24_강남여고_2학기_기말_고1_기출.js_6,H15-SB-05,H15-SB-05-IRRATIONAL_BASIC,ABSENT,,ABSENT,PRESENT,SOLUTION_VISUAL_PRESENT,0,solutionImage-present,UNADJUDICATED,PENDING_INDEPENDENT_TRIAGE,NO,"무리함수 $y=\sqrt{-3x}$를 $x$축으로 $2$만큼, $y$축으로 $1$만큼 평행이동한 함수는? [3.5점]"
h1:original/high/h1/2final/24_강남여고_2학기_기말_고1_기출.js_9,original/high/h1/2final/24_강남여고_2학기_기말_고1_기출.js_9,H15-SB-04,H15-SB-04-RATIONAL_GRAPH,PRESENT,,PRESENT,ABSENT,PRIORITY_1_GRAPH_GAP_CANDIDATE,10,explicit-graph|problem-image,UNADJUDICATED,PENDING_INDEPENDENT_TRIAGE,NO,"함수 $y=\dfrac{k}{x+a}+b$의 그래프가 그림과 같을 때, 상수 $a$, $b$, $k$의 합 $a+b+k$의 값은? [3.9점]"
h1:original/high/h1/2final/24_금당고_2학기_기말_고1_기출.js_10,original/high/h1/2final/24_금당고_2학기_기말_고1_기출.js_10,H15-SB-05,H15-SB-05-IRRATIONAL_INVERSE,ABSENT,,ABSENT,PRESENT,SOLUTION_VISUAL_PRESENT,0,solutionImage-present,UNADJUDICATED,PENDING_INDEPENDENT_TRIAGE,NO,"무리함수 $y=-\sqrt{2-2x}$의 그래프와 직선 $y=x+k$가 서로 다른 두 점에서 만나도록 하는 상수 $k$의 값의 범위가 $a<k\le b$일 때, 두 상수 $a$, $b$에 대하여 $a+b$의 값은? [4.2점]"
h1:original/high/h1/2final/24_금당고_2학기_기말_고1_기출.js_11,original/high/h1/2final/24_금당고_2학기_기말_고1_기출.js_11,H15-SB-05,H15-SB-05-IRRATIONAL_GRAPH,ABSENT,,ABSENT,PRESENT,SOLUTION_VISUAL_PRESENT,0,solutionImage-present,UNADJUDICATED,PENDING_INDEPENDENT_TRIAGE,NO,"무리함수 $y=3\sqrt{x}$의 그래프 위의 두 점 $P(a,b)$, $Q(c,d)$에 대하여 $b+d=3$일 때, 직선 $PQ$의 기울기는? (단, $0<a<c$이다.) [4.2점]"
h1:original/high/h1/2final/24_금당고_2학기_기말_고1_기출.js_13,original/high/h1/2final/24_금당고_2학기_기말_고1_기출.js_13,H15-SB-03,H15-SB-03-COMPOSITE_FUNCTION,ABSENT,,ABSENT,ABSENT,PRIORITY_2_GRAPH_SUBUNIT_CANDIDATE,5,graph-subunit,UNADJUDICATED,PENDING_INDEPENDENT_TRIAGE,NO,"집합 $X=\{-4,-2,0,2,4\}$에 대하여 함수 $f:X\to X$가 역함수가 존재하고, 다음 조건을 만족시킨다.<br><div class=""note-box"">(가) $(f\circ f)(-2)+f^{-1}(-4)=8$<br>(나) $k=0,2$일 때, $f(k)f(k-4)\le0$이다.</div><br>$3f(0)+f(2)+2f(4)$의 값은? [4.4점]"
h1:original/high/h1/2final/24_금당고_2학기_기말_고1_기출.js_14,original/high/h1/2final/24_금당고_2학기_기말_고1_기출.js_14,H15-SB-03,H15-SB-03-FUNCTION_RELATION,ABSENT,,ABSENT,ABSENT,PRIORITY_1_EXPLICIT_GRAPH_CANDIDATE,8,explicit-graph,UNADJUDICATED,PENDING_INDEPENDENT_TRIAGE,NO,"함수 $f(x)=\begin{cases}x^2&(x\ge0)\\\sqrt{-x}&(x<0)\end{cases}$의 그래프와 직선 $x-3y+10=0$이 두 점 $A(2,4)$, $B(-4,2)$에서 만난다. 주어진 함수 $y=f(x)$의 그래프와 직선 $x-3y+10=0$으로 둘러싸인 부분의 넓이는? [4.4점]"
h1:original/high/h1/2final/24_금당고_2학기_기말_고1_기출.js_15,original/high/h1/2final/24_금당고_2학기_기말_고1_기출.js_15,H15-SB-04,H15-SB-04-RATIONAL_GRAPH,PRESENT,,PRESENT,ABSENT,PRIORITY_1_GRAPH_GAP_CANDIDATE,10,explicit-graph|problem-image,UNADJUDICATED,PENDING_INDEPENDENT_TRIAGE,NO,"유리함수 $y=\dfrac{1}{x}$의 그래프 위의 한 점 $P(a,b)$와 원점을 지나는 직선을 $l$이라 하고, 점 $P$에서 $x$축에 내린 수선의 발을 $Q$, 점 $Q$에서 직선 $l$에 내린 수선의 발을 $H$라 할 때, 선분 $QH$의 길이의 최댓값은? (단, $a>0$) [4.4점]"
h1:original/high/h1/2final/24_금당고_2학기_기말_고1_기출.js_16,original/high/h1/2final/24_금당고_2학기_기말_고1_기출.js_16,H15-SB-04,H15-SB-04-RATIONAL_GRAPH,ABSENT,,ABSENT,PRESENT,SOLUTION_VISUAL_PRESENT,0,solutionImage-present,UNADJUDICATED,PENDING_INDEPENDENT_TRIAGE,NO,"함수 $y=\dfrac{2}{x}$의 그래프의 제1사분면 위의 점 $A$와 두 점 $B(-1,-2)$, $C(3,-6)$을 꼭짓점으로 하는 삼각형 $ABC$의 넓이의 최솟값은? [4.6점]"
h1:original/high/h1/2final/24_금당고_2학기_기말_고1_기출.js_17,original/high/h1/2final/24_금당고_2학기_기말_고1_기출.js_17,H15-SB-03,H15-SB-03-INVERSE_FUNCTION,PRESENT,,PRESENT,ABSENT,PRIORITY_1_GRAPH_GAP_CANDIDATE,10,explicit-graph|problem-image,UNADJUDICATED,PENDING_INDEPENDENT_TRIAGE,NO,"아래 그림과 같이 원점을 지나는 일차함수 $y=f(x)$의 그래프와 직선 $y=x$가 이루는 예각의 크기는 $30^\circ$이다. 함수 $f$의 역함수를 $g$라 할 때, 양수 $k$에 대하여 직선 $y=g(x-k)+k$가 두 직선 $y=x$, $y=f(x)$와 만나는 점을 각각 $A$, $B$라 하자. 삼각형 $OAB$의 넓이가 $9\sqrt{3}$일 때, $k^2$의 값은? [4.6점]"
h1:original/high/h1/2final/24_금당고_2학기_기말_고1_기출.js_18,original/high/h1/2final/24_금당고_2학기_기말_고1_기출.js_18,H15-SB-05,H15-SB-05-IRRATIONAL_GRAPH,ABSENT,,ABSENT,PRESENT,SOLUTION_VISUAL_PRESENT,0,solutionImage-present,UNADJUDICATED,PENDING_INDEPENDENT_TRIAGE,NO,"<단답형 1> 두 함수 $y=\dfrac{x+1}{x-1}$, $y=\sqrt{x-k}$의 그래프가 한 점에서 만나도록 하는 실수 $k$의 값의 범위를 구하시오. [4점]"
h1:original/high/h1/2final/24_금당고_2학기_기말_고1_기출.js_2,original/high/h1/2final/24_금당고_2학기_기말_고1_기출.js_2,H15-SB-04,H15-SB-04-RATIONAL_BASIC,ABSENT,,ABSENT,ABSENT,TRIAGE_NO_GRAPH_SIGNAL,0,,UNADJUDICATED,PENDING_INDEPENDENT_TRIAGE,NO,유리식 $\dfrac{1-\dfrac{3}{x}}{1+\dfrac{3}{x}}$를 간단히 하면? [3.8점]
h1:original/high/h1/2final/24_금당고_2학기_기말_고1_기출.js_20,original/high/h1/2final/24_금당고_2학기_기말_고1_기출.js_20,H15-SB-05,H15-SB-05-IRRATIONAL_GRAPH,ABSENT,,ABSENT,ABSENT,PRIORITY_1_EXPLICIT_GRAPH_CANDIDATE,8,explicit-graph,UNADJUDICATED,PENDING_INDEPENDENT_TRIAGE,NO,<서·논술형 1> 함수 $f(x)=\sqrt{ax-4}+2$ $(a\ge2)$에 대하여 집합 $\{x\mid x\ge\dfrac{4}{a}\}$에서 정의된 함수<br>$g(x)=$ ⎧ $f(x)$ ($f(x)\ge f^{-1}(x)$인 경우)<br> ⎩ $f^{-1}(x)$ ($f(x)\lt f^{-1}(x)$인 경우)<br>가 있다. 실수 $t$ $(t\ge0)$에 대하여 함수 $y=g(x)$의 그래프와 직선 $y=x+t$가
h1:original/high/h1/2final/24_금당고_2학기_기말_고1_기출.js_21,original/high/h1/2final/24_금당고_2학기_기말_고1_기출.js_21,H15-SB-04,H15-SB-04-RATIONAL_GRAPH,ABSENT,,ABSENT,ABSENT,PRIORITY_1_EXPLICIT_GRAPH_CANDIDATE,8,explicit-graph,UNADJUDICATED,PENDING_INDEPENDENT_TRIAGE,NO,"<서·논술형 2> 곡선 $y=-\dfrac{2}{x}$와 직선 $y=x+k$가 제2사분면에서 만나는 서로 다른 두 점을 각각 $A$, $B$라 하자. $\angle ABC=90^\circ$인 점 $C$가 곡선 $y=-\dfrac{2}{x}$ 위에 있다. $\overline{AC}=2\sqrt{5}$가 되도록 하는 상수 $k$에 대하여 $k^2$의 값을 풀이과정과 함께 상세하게 서술하시오. (단, $k>2\sqrt{2}$이다.)"
h1:original/high/h1/2final/24_금당고_2학기_기말_고1_기출.js_3,original/high/h1/2final/24_금당고_2학기_기말_고1_기출.js_3,H15-SB-04,H15-SB-04-RATIONAL_GRAPH,ABSENT,,ABSENT,PRESENT,SOLUTION_VISUAL_PRESENT,0,solutionImage-present,UNADJUDICATED,PENDING_INDEPENDENT_TRIAGE,NO,"유리함수 $f(x)=\dfrac{1}{x+a}+2$의 그래프의 점근선의 방정식이 $x=-2$, $y=b$일 때, 두 상수 $a$, $b$에 대하여 $a+b$의 값은? [3.8점]"
h1:original/high/h1/2final/24_금당고_2학기_기말_고1_기출.js_5,original/high/h1/2final/24_금당고_2학기_기말_고1_기출.js_5,H15-SB-05,H15-SB-05-IRRATIONAL_BASIC,ABSENT,,ABSENT,PRESENT,SOLUTION_VISUAL_PRESENT,0,solutionImage-present,UNADJUDICATED,PENDING_INDEPENDENT_TRIAGE,NO,"함수 $y=\sqrt{-x+2}+3$은 $x=a$일 때, 최솟값 $b$를 갖는다. 두 상수 $a$, $b$에 대하여 $a\times b$의 값은? [3.8점]"
h1:original/high/h1/2final/24_금당고_2학기_기말_고1_기출.js_6,original/high/h1/2final/24_금당고_2학기_기말_고1_기출.js_6,H15-SB-03,H15-SB-03-INVERSE_FUNCTION,ABSENT,,ABSENT,ABSENT,TRIAGE_NO_GRAPH_SIGNAL,0,,UNADJUDICATED,PENDING_INDEPENDENT_TRIAGE,NO,함수 $f(x)=x-3$에 대하여 $f^{-1}(2)=k$를 만족시키는 상수 $k$의 값은? [3.8점]
h1:original/high/h1/2final/24_금당고_2학기_기말_고1_기출.js_8,original/high/h1/2final/24_금당고_2학기_기말_고1_기출.js_8,H15-SB-04,H15-SB-04-RATIONAL_APPLICATION,ABSENT,,ABSENT,ABSENT,PRIORITY_1_EXPLICIT_GRAPH_CANDIDATE,8,explicit-graph,UNADJUDICATED,PENDING_INDEPENDENT_TRIAGE,NO,"유리함수 $y=\dfrac{bx+1}{x+a}$의 그래프의 점근선의 방정식이 $x=-1$, $y=2$일 때, $1\le x\le2$에서 이 함수의 최댓값과 최솟값의 합은? (단, $a$, $b$는 상수이다.) [4점]"
h1:original/high/h1/2final/24_금당고_2학기_기말_고1_기출.js_9,original/high/h1/2final/24_금당고_2학기_기말_고1_기출.js_9,H15-SB-03,H15-SB-03-INVERSE_FUNCTION,ABSENT,,ABSENT,ABSENT,TRIAGE_NO_GRAPH_SIGNAL,0,,UNADJUDICATED,PENDING_INDEPENDENT_TRIAGE,NO,"두 집합 $X$, $Y$에 대하여 함수 $f:X\to Y$가 다음과 같은 조건을 만족시킨다.<br><div class=""note-box"">(가) $n(X)=5$<br>(나) $f$는 역함수가 존재한다.</div><br>$n(Y)$의 값과 함수 $f$의 개수의 합은? [4.2점]"
h1:original/high/h1/2final/24_매산여고_2학기_기말_고1_기출.js_1,original/high/h1/2final/24_매산여고_2학기_기말_고1_기출.js_1,H15-SB-03,H15-SB-03-FUNCTION_RELATION,ABSENT,,ABSENT,ABSENT,TRIAGE_NO_GRAPH_SIGNAL,0,,UNADJUDICATED,PENDING_INDEPENDENT_TRIAGE,NO,"실수 전체의 집합에서 정의된 함수 $f(x)=\begin{cases}x+3&(x\ge0)\\(2-a)x+3&(x\lt 0)\end{cases}$이 일대일대응일 때, 상수 $a$의 값의 범위를 구하면? [3.6점]"
h1:original/high/h1/2final/24_매산여고_2학기_기말_고1_기출.js_15,original/high/h1/2final/24_매산여고_2학기_기말_고1_기출.js_15,H15-SB-04,H15-SB-04-RATIONAL_GRAPH,PRESENT,,PRESENT,ABSENT,PRIORITY_1_GRAPH_GAP_CANDIDATE,10,explicit-graph|problem-image,UNADJUDICATED,PENDING_INDEPENDENT_TRIAGE,NO,"그림과 같이 함수 $y=\dfrac3{x-1}+3$의 그래프 위의 한 점 P에서 이 함수의 그래프의 두 점근선에 내린 수선의 발을 각각 M, N이라 하고, 두 점근선의 교점을 Q라 하자. 사각형 PNQM의 둘레의 길이의 최솟값을 구하면? (단, P는 제1사분면 위의 점이다.) [4.2점]"
h1:original/high/h1/2final/24_매산여고_2학기_기말_고1_기출.js_16,original/high/h1/2final/24_매산여고_2학기_기말_고1_기출.js_16,H15-SB-05,H15-SB-05-IRRATIONAL_BASIC,ABSENT,,ABSENT,ABSENT,TRIAGE_NO_GRAPH_SIGNAL,0,,UNADJUDICATED,PENDING_INDEPENDENT_TRIAGE,NO,"정수 $k$에 대하여 $x$에 대한 방정식 $\sqrt{-x+k}=\dfrac{x-3}{x-2}$ $(x\le k,x\ne2)$의 서로 다른 실근의 개수를 $f(k)$라고 할 때, $f(k)=2$를 만족시키는 $k$의 최솟값을 구하면? [4.1점]"
h1:original/high/h1/2final/24_매산여고_2학기_기말_고1_기출.js_17,original/high/h1/2final/24_매산여고_2학기_기말_고1_기출.js_17,H15-SB-05,H15-SB-05-IRRATIONAL_BASIC,ABSENT,,ABSENT,ABSENT,TRIAGE_NO_GRAPH_SIGNAL,0,,UNADJUDICATED,PENDING_INDEPENDENT_TRIAGE,NO,"정의역이 집합 $\{x\mid x\ge0\}$의 부분집합인 함수 $y=\sqrt{px+q}+r$ $(p\gt 0)$의 치역이 $\{y\mid y\ge3\}$가 되도록 하는 상수 $p,q,r$에 대하여 $q-4r^2$의 최댓값을 구하면? [4.3점]"
h1:original/high/h1/2final/24_매산여고_2학기_기말_고1_기출.js_18,original/high/h1/2final/24_매산여고_2학기_기말_고1_기출.js_18,H15-SB-05,H15-SB-05-IRRATIONAL_BASIC,ABSENT,,ABSENT,ABSENT,PRIORITY_1_EXPLICIT_GRAPH_CANDIDATE,8,explicit-graph,UNADJUDICATED,PENDING_INDEPENDENT_TRIAGE,NO,"무리함수 $y=\sqrt{|x-1|-4}$의 그래프와 직선 $y=-x+k$가 만나지 않도록 하는 상수 $k$의 범위가 $a\lt k\lt b$일 때, $a+b$의 값을 구하면? (단, $a,b$는 상수) [4.4점]"
h1:original/high/h1/2final/24_매산여고_2학기_기말_고1_기출.js_2,original/high/h1/2final/24_매산여고_2학기_기말_고1_기출.js_2,H15-SB-03,H15-SB-03-COMPOSITE_FUNCTION,ABSENT,,ABSENT,ABSENT,PRIORITY_2_GRAPH_SUBUNIT_CANDIDATE,5,graph-subunit,UNADJUDICATED,PENDING_INDEPENDENT_TRIAGE,NO,"두 함수 $f(x)=2x+3$, $g(x)=3x+k$가 $f\circ g=g\circ f$를 만족시킬 때, $g(1)$을 구하면? (단, $k$는 상수) [3.9점]"
h1:original/high/h1/2final/24_매산여고_2학기_기말_고1_기출.js_21,original/high/h1/2final/24_매산여고_2학기_기말_고1_기출.js_21,H15-SB-03,H15-SB-03-FUNCTION_RELATION,ABSENT,,ABSENT,ABSENT,TRIAGE_NO_GRAPH_SIGNAL,0,,UNADJUDICATED,PENDING_INDEPENDENT_TRIAGE,NO,"[서술형 1] 두 집합 $X=\{1,2,3,4,5\}$, $Y=\{2,3,4,5,6,7,8,9\}$에 대하여 다음 조건을 모두 만족시키는 함수 $f:X\to Y$의 개수를 구하시오. [6점] (부분 점수 있음)<br>(가) $x_1\lt x_2$이면 $f(x_1)\gt f(x_2)$<br>(나) $f(3)=6$"
h1:original/high/h1/2final/24_매산여고_2학기_기말_고1_기출.js_22,original/high/h1/2final/24_매산여고_2학기_기말_고1_기출.js_22,H15-SB-04,H15-SB-04-RATIONAL_GRAPH,ABSENT,,ABSENT,ABSENT,PRIORITY_1_EXPLICIT_GRAPH_CANDIDATE,8,explicit-graph,UNADJUDICATED,PENDING_INDEPENDENT_TRIAGE,NO,"[서술형 2] 함수 $y=\dfrac{k}{x+2}-2$의 그래프가 모든 사분면을 지나고, 함수 $y=\dfrac{k}{x-3}+3$의 그래프가 제3사분면을 지나지 않도록 하는 정수 $k$를 모두 구하시오. [7점] (부분 점수 있음)"
h1:original/high/h1/2final/24_매산여고_2학기_기말_고1_기출.js_23,original/high/h1/2final/24_매산여고_2학기_기말_고1_기출.js_23,H15-SB-05,H15-SB-05-IRRATIONAL_INVERSE,ABSENT,,ABSENT,PRESENT,SOLUTION_VISUAL_PRESENT,0,solutionImage-present,UNADJUDICATED,PENDING_INDEPENDENT_TRIAGE,NO,"[서술형 3] 함수 $f(x)=\sqrt{3x+4}$의 그래프와 그 역함수 $f^{-1}(x)$의 그래프와 만나는 점을 A라 하자. 함수 $y=f(x)$ 위의 점 $B(\dfrac53,3)$을 지나고 기울기가 $-1$인 직선 $l$이 $y=f^{-1}(x)$와 만나는 점을 C라 하자. 다음에 답하시오. [7점] (부분 점수 있음)<br>1) $f(x)$의 역함수를 구하시오. (2점)<br>2) 삼각형 ABC의 넓이를 구하시오."
h1:original/high/h1/2final/24_매산여고_2학기_기말_고1_기출.js_3,original/high/h1/2final/24_매산여고_2학기_기말_고1_기출.js_3,H15-SB-04,H15-SB-04-RATIONAL_GRAPH,ABSENT,,ABSENT,PRESENT,SOLUTION_VISUAL_PRESENT,0,solutionImage-present,UNADJUDICATED,PENDING_INDEPENDENT_TRIAGE,NO,"유리함수 $y=\dfrac{2x+5}{x-1}$의 그래프는 $y=\dfrac ax$의 그래프를 $x$축의 방향으로 $b$만큼, $y$축의 방향으로 $c$만큼 평행이동한 것이다. 이때 상수 $a+b+c$의 값을 구하면? [3.7점]"
h1:original/high/h1/2final/24_매산여고_2학기_기말_고1_기출.js_4,original/high/h1/2final/24_매산여고_2학기_기말_고1_기출.js_4,H15-SB-05,H15-SB-05-IRRATIONAL_BASIC,PRESENT,,PRESENT,ABSENT,PRIORITY_1_GRAPH_GAP_CANDIDATE,10,explicit-graph|problem-image,UNADJUDICATED,PENDING_INDEPENDENT_TRIAGE,NO,"무리함수 $y=-\sqrt{2ax+b}+c$의 그래프가 오른쪽 그림과 같을 때, 상수 $a+b+c$의 값을 구하면? [3.8점]"
h1:original/high/h1/2final/24_매산여고_2학기_기말_고1_기출.js_5,original/high/h1/2final/24_매산여고_2학기_기말_고1_기출.js_5,H15-SB-04,H15-SB-04-RATIONAL_GRAPH,ABSENT,,ABSENT,PRESENT,SOLUTION_VISUAL_PRESENT,0,solutionImage-present,UNADJUDICATED,PENDING_INDEPENDENT_TRIAGE,NO,유리함수 $y=\dfrac{2-3x}{x+1}$의 그래프에 대한 다음 설명 중 옳지 않은 것을 구하면? [3.9점]
h1:original/high/h1/2final/24_매산여고_2학기_기말_고1_기출.js_6,original/high/h1/2final/24_매산여고_2학기_기말_고1_기출.js_6,H15-SB-05,H15-SB-05-IRRATIONAL_BASIC,ABSENT,,ABSENT,ABSENT,PRIORITY_1_EXPLICIT_GRAPH_CANDIDATE,8,explicit-graph,UNADJUDICATED,PENDING_INDEPENDENT_TRIAGE,NO,"정의역이 $\{x\mid5\le x\le8\}$인 두 함수 $y=\dfrac{-2x+7}{x-2}$, $y=\sqrt{2x}+k$의 그래프가 한 점에서 만날 때, 상수 $k$의 최솟값을 구하면? [4.0점]"
h1:original/high/h1/2final/24_매산여고_2학기_기말_고1_기출.js_7,original/high/h1/2final/24_매산여고_2학기_기말_고1_기출.js_7,H15-SB-04,H15-SB-04-RATIONAL_GRAPH,ABSENT,,ABSENT,PRESENT,SOLUTION_VISUAL_PRESENT,0,solutionImage-present,UNADJUDICATED,PENDING_INDEPENDENT_TRIAGE,NO,함수 $y=\left|\dfrac{2x+1}{-x+3}\right|$의 그래프와 직선 $y=k$ ($k$는 상수)의 교점의 개수를 $N(k)$라 하자. $N(1)+N(2)+N(3)$의 값을 구하면? [4.4점]
h1:original/high/h1/2final/24_제일고_2학기_기말_고1_기출.js_10,original/high/h1/2final/24_제일고_2학기_기말_고1_기출.js_10,H15-SB-04,H15-SB-04-RATIONAL_BASIC,ABSENT,,ABSENT,ABSENT,TRIAGE_NO_GRAPH_SIGNAL,0,,UNADJUDICATED,PENDING_INDEPENDENT_TRIAGE,NO,"분모가 0이 되지 않도록 하는 모든 실수 $x$에 대하여 등식 $\dfrac2{x-1}-\dfrac3{x+2}-\dfrac4{x^2+x-2}=\dfrac{ax+b}{x^2+x-2}$가 성립할 때, $a+b$의 값은? [4.1점]"
h1:original/high/h1/2final/24_제일고_2학기_기말_고1_기출.js_11,original/high/h1/2final/24_제일고_2학기_기말_고1_기출.js_11,H15-SB-04,H15-SB-04-RATIONAL_GRAPH,ABSENT,,ABSENT,ABSENT,PRIORITY_1_EXPLICIT_GRAPH_CANDIDATE,8,explicit-graph,UNADJUDICATED,PENDING_INDEPENDENT_TRIAGE,NO,"함수 $y=\dfrac{bx+c}{x+a}$의 그래프가 두 직선 $y=x+1$과 $y=-x+5$에 대하여 각각 대칭이고, 그 역함수의 그래프는 점 $(10,3)$을 지난다. 이때, 상수 $a,b,c$의 곱 $abc$의 값은? [4.2점]"
h1:original/high/h1/2final/24_제일고_2학기_기말_고1_기출.js_12,original/high/h1/2final/24_제일고_2학기_기말_고1_기출.js_12,H15-SB-05,H15-SB-05-IRRATIONAL_BASIC,ABSENT,,ABSENT,ABSENT,PRIORITY_1_EXPLICIT_GRAPH_CANDIDATE,8,explicit-graph,UNADJUDICATED,PENDING_INDEPENDENT_TRIAGE,NO,함수 $f(x)=-\sqrt{2x+4}+1$의 그래프에 대한 설명으로 옳지 않은 것은? [4.3점]
h1:original/high/h1/2final/24_제일고_2학기_기말_고1_기출.js_13,original/high/h1/2final/24_제일고_2학기_기말_고1_기출.js_13,H15-SB-04,H15-SB-04-RATIONAL_BASIC,ABSENT,,ABSENT,ABSENT,PRIORITY_1_EXPLICIT_GRAPH_CANDIDATE,8,explicit-graph,UNADJUDICATED,PENDING_INDEPENDENT_TRIAGE,NO,함수 $y=\dfrac{4x-2k+15}{x+3}$의 그래프가 제4사분면을 지나지 않도록 하는 모든 자연수 $k$의 개수는? [4.4점]
h1:original/high/h1/2final/24_제일고_2학기_기말_고1_기출.js_14,original/high/h1/2final/24_제일고_2학기_기말_고1_기출.js_14,H15-SB-05,H15-SB-05-IRRATIONAL_BASIC,ABSENT,,ABSENT,ABSENT,TRIAGE_NO_GRAPH_SIGNAL,0,,UNADJUDICATED,PENDING_INDEPENDENT_TRIAGE,NO,"$1\le x\le6$에서 $ax+1\le-\sqrt{x+3}+5\le bx+1$이 항상 성립할 때, 상수 $a,b$에 대하여 $a-b$의 최댓값은? [4.5점]"
h1:original/high/h1/2final/24_제일고_2학기_기말_고1_기출.js_15,original/high/h1/2final/24_제일고_2학기_기말_고1_기출.js_15,H15-SB-05,H15-SB-05-IRRATIONAL_BASIC,ABSENT,,ABSENT,ABSENT,PRIORITY_1_EXPLICIT_GRAPH_CANDIDATE,8,explicit-graph,UNADJUDICATED,PENDING_INDEPENDENT_TRIAGE,NO,"함수 $y=\sqrt{2x+4}$의 그래프를 $x$축의 방향으로 3만큼, $y$축의 방향으로 $-1$만큼 평행이동한 후, $y$축에 대하여 대칭이동한 함수의 그래프는 점 $(k,3)$을 지난다. 이때 상수 $k$의 값은? [4.6점]"
h1:original/high/h1/2final/24_제일고_2학기_기말_고1_기출.js_16,original/high/h1/2final/24_제일고_2학기_기말_고1_기출.js_16,H15-SB-04,H15-SB-04-RATIONAL_BASIC,ABSENT,,ABSENT,ABSENT,PRIORITY_1_EXPLICIT_GRAPH_CANDIDATE,8,explicit-graph,UNADJUDICATED,PENDING_INDEPENDENT_TRIAGE,NO,"함수 $y=\dfrac{ax+b}{x+c}$의 그래프의 점근선의 방정식이 $x=3$, $y=-2$이고, 평행이동에 의하여 함수 $y=-\dfrac3x$의 그래프와 겹쳐질 수 있을 때, 상수 $a,b,c$에 대하여 $a+b+c$의 값은? [4.7점]"
h1:original/high/h1/2final/24_제일고_2학기_기말_고1_기출.js_17,original/high/h1/2final/24_제일고_2학기_기말_고1_기출.js_17,H15-SB-04,H15-SB-04-RATIONAL_GRAPH,ABSENT,,ABSENT,ABSENT,PRIORITY_1_EXPLICIT_GRAPH_CANDIDATE,8,explicit-graph,UNADJUDICATED,PENDING_INDEPENDENT_TRIAGE,NO,"함수 $f(x)=\dfrac{3x+5}{x-1}$의 그래프가 직선 $y=ax+b$ $(a\gt0)$에 대하여 대칭이고, $f(x)$의 그래프와 이 직선의 교점을 A, B라 할 때, 두 점 A, B 사이의 거리를 구하면? [4.7점]"
h1:original/high/h1/2final/24_제일고_2학기_기말_고1_기출.js_18,original/high/h1/2final/24_제일고_2학기_기말_고1_기출.js_18,H15-SB-05,H15-SB-05-IRRATIONAL_GRAPH,PRESENT,,PRESENT,ABSENT,PRIORITY_1_GRAPH_GAP_CANDIDATE,10,explicit-graph|problem-image,UNADJUDICATED,PENDING_INDEPENDENT_TRIAGE,NO,"다음 그림과 같이 세 곡선 $y=\sqrt{x}+3$, $y=\sqrt{x}$, $y=\sqrt{x-3}$이 직선 $y=-x+k$와 만나는 점을 각각 A, B, C라 하고 $\overline{AB}=2\overline{BC}$일 때 상수 $k$의 값은? [4.8점]"
h1:original/high/h1/2final/24_제일고_2학기_기말_고1_기출.js_21,original/high/h1/2final/24_제일고_2학기_기말_고1_기출.js_21,H15-SB-04,H15-SB-04-RATIONAL_BASIC,ABSENT,,ABSENT,ABSENT,TRIAGE_NO_GRAPH_SIGNAL,0,,UNADJUDICATED,PENDING_INDEPENDENT_TRIAGE,NO,함수 $f(x)=\dfrac{2x+3}{4x-5}$의 역함수 구하는 과정을 서술하고 역함수의 정의역과 치역을 구하시오. [5점]
h1:original/high/h1/2final/24_제일고_2학기_기말_고1_기출.js_22,original/high/h1/2final/24_제일고_2학기_기말_고1_기출.js_22,H15-SB-05,H15-SB-05-IRRATIONAL_GRAPH,ABSENT,,ABSENT,PRESENT,SOLUTION_VISUAL_PRESENT,0,solutionImage-present,UNADJUDICATED,PENDING_INDEPENDENT_TRIAGE,NO,"두 함수 $f(x)=\sqrt{3x}$, $g(x)=\sqrt{x}$의 그래프와 직선 $x=n$이 만나는 점을 각각 A, B라 하고, 직선 $x=n+6$이 만나는 점을 각각 C, D라 할 때, 사각형 ACDB의 넓이가 $6\sqrt3$일 때, $n$의 값을 구하는 과정을 서술하시오. (단, $n$은 자연수) [6점]"
h1:original/high/h1/2final/25_금당고_2학기_기말_고1_기출.js_10,original/high/h1/2final/25_금당고_2학기_기말_고1_기출.js_10,H22-C2-09,H22-C2-09-FUNCTION_BASIC,ABSENT,,ABSENT,ABSENT,TRIAGE_NO_GRAPH_SIGNAL,0,,UNADJUDICATED,PENDING_INDEPENDENT_TRIAGE,NO,"두 무리식 $\sqrt{x+3}$, $\sqrt{9-3x}$의 값이 모두 실수가 되도록 하는 정수 $x$의 개수는? [4점]"
h1:original/high/h1/2final/25_금당고_2학기_기말_고1_기출.js_14,original/high/h1/2final/25_금당고_2학기_기말_고1_기출.js_14,H22-C2-07,H22-C2-07-FUNCTION_COMPOSITION,ABSENT,,ABSENT,ABSENT,TRIAGE_NO_GRAPH_SIGNAL,0,,UNADJUDICATED,PENDING_INDEPENDENT_TRIAGE,NO,"집합 $X=\{0,1,2\}$에 대하여 함수 $f:X\to X$의 함숫값 $f(x)$를 $x^2$을 $3$으로 나누었을 때의 나머지로 정할 때, $f^2(2)+f^3(2)+f^4(2)$의 값은? (단, $f^1=f$, $f^2=f\circ f$, $\ldots$, $f^{n+1}=f\circ f^n$, $n$은 자연수) [4.2점]"
h1:original/high/h1/2final/25_금당고_2학기_기말_고1_기출.js_15,original/high/h1/2final/25_금당고_2학기_기말_고1_기출.js_15,H22-C2-07,H22-C2-07-FUNCTION_BASIC,ABSENT,,ABSENT,PRESENT,SOLUTION_VISUAL_PRESENT,0,solutionImage-present,UNADJUDICATED,PENDING_INDEPENDENT_TRIAGE,NO,"함수 $f(x)=x^2-12x+42$ ($x\ge6$)의 그래프와 그 역함수 $y=f^{-1}(x)$의 그래프가 만나는 두 점을 $P,Q$라 할 때, 선분 $PQ$의 길이는? [4.3점]"
h1:original/high/h1/2final/25_금당고_2학기_기말_고1_기출.js_16,original/high/h1/2final/25_금당고_2학기_기말_고1_기출.js_16,H22-C2-09,H22-C2-09-FUNCTION_BASIC,PRESENT,,PRESENT,ABSENT,PRIORITY_1_GRAPH_GAP_CANDIDATE,10,explicit-graph|problem-image,UNADJUDICATED,PENDING_INDEPENDENT_TRIAGE,NO,"유리함수 $y=\dfrac{ax+b}{x+c}$의 그래프가 그림과 같을 때, 무리함수 $y=\sqrt{ax+b}+c$의 그래프가 지나는 사분면은? [4.3점]"
h1:original/high/h1/2final/25_금당고_2학기_기말_고1_기출.js_19,original/high/h1/2final/25_금당고_2학기_기말_고1_기출.js_19,H22-C2-07,H22-C2-07-FUNCTION_BASIC,ABSENT,,ABSENT,ABSENT,TRIAGE_NO_GRAPH_SIGNAL,0,,UNADJUDICATED,PENDING_INDEPENDENT_TRIAGE,NO,"서로 다른 네 실수 $a,b,c,d$에 대하여 집합 $X=\{a,b,c,d\}$를 정의역, 정수 전체의 집합을 공역으로 하는 함수 $f(x)=|x^2-6x+4|$가 상수함수일 때, 함수 $f(x)$의 치역은 $\{k\}$이다. 정수 $k$의 합은? [4.5점]"
h1:original/high/h1/2final/25_금당고_2학기_기말_고1_기출.js_20,original/high/h1/2final/25_금당고_2학기_기말_고1_기출.js_20,H22-C2-07,H22-C2-07-FUNCTION_BASIC,ABSENT,,ABSENT,ABSENT,TRIAGE_NO_GRAPH_SIGNAL,0,,UNADJUDICATED,PENDING_INDEPENDENT_TRIAGE,NO,"정의역과 공역이 각각 실수 전체의 집합인 함수 $f$가 $f(x)=\begin{cases}x+4&(x\lt1)\\ax^2+bx+7&(x\ge1)\end{cases}$ 이다. 함수 $f$의 역함수 $f^{-1}$가 존재하도록 하는 두 실수 $a,b$에 대하여 $a$의 값이 최소일 때, 함수 $f$를 $g$라 하자. $g(3)$의 값은? (단, $a\ne0$) [4.5점]"
h1:original/high/h1/2final/25_금당고_2학기_기말_고1_기출.js_22,original/high/h1/2final/25_금당고_2학기_기말_고1_기출.js_22,H22-C2-09,H22-C2-09-FUNCTION_BASIC,ABSENT,,ABSENT,PRESENT,SOLUTION_VISUAL_PRESENT,0,solutionImage-present,UNADJUDICATED,PENDING_INDEPENDENT_TRIAGE,NO,[서·논술형 2] 무리함수 $y=\sqrt{x-2}$의 그래프와 직선 $y=x+k$가 두 점에서 만나기 위한 실수 $k$의 값의 범위를 구하시오. [10점]
h1:original/high/h1/2final/25_금당고_2학기_기말_고1_기출.js_6,original/high/h1/2final/25_금당고_2학기_기말_고1_기출.js_6,H22-C2-07,H22-C2-07-FUNCTION_BASIC,PRESENT,,PRESENT,ABSENT,PRIORITY_1_GRAPH_GAP_CANDIDATE,10,explicit-graph|problem-image,UNADJUDICATED,PENDING_INDEPENDENT_TRIAGE,NO,함수 $f:X\to Y$가 다음과 같을 때 다음 중 옳지 않은 것은? [3.7점]
h1:original/high/h1/2final/25_금당고_2학기_기말_고1_기출.js_7,original/high/h1/2final/25_금당고_2학기_기말_고1_기출.js_7,H22-C2-07,H22-C2-07-FUNCTION_COMPOSITION,ABSENT,,ABSENT,ABSENT,TRIAGE_NO_GRAPH_SIGNAL,0,,UNADJUDICATED,PENDING_INDEPENDENT_TRIAGE,NO,"두 함수 $f(x)=3x-5$, $g(x)=x^2+1$에 대하여 $(g\circ f)(1)$의 값은? [3.8점]"
h1:original/high/h1/2final/25_금당고_2학기_기말_고1_기출.js_8,original/high/h1/2final/25_금당고_2학기_기말_고1_기출.js_8,H22-C2-07,H22-C2-07-FUNCTION_BASIC,ABSENT,,ABSENT,ABSENT,TRIAGE_NO_GRAPH_SIGNAL,0,,UNADJUDICATED,PENDING_INDEPENDENT_TRIAGE,NO,"함수 $f(x)=ax+b$가 $f(1)=3$, $f^{-1}(5)=2$를 만족시킬 때, 실수 $a,b$에 대하여 $2a-b$의 값은? [3.8점]"
h1:original/high/h1/2final/25_금당고_2학기_기말_고1_기출.js_9,original/high/h1/2final/25_금당고_2학기_기말_고1_기출.js_9,H22-C2-08,H22-C2-08-FUNCTION_BASIC,ABSENT,,ABSENT,PRESENT,SOLUTION_VISUAL_PRESENT,0,solutionImage-present,UNADJUDICATED,PENDING_INDEPENDENT_TRIAGE,NO,"유리함수 $y=\dfrac{k}{x-p}+q$ ($k\ne0$)의 그래프가 점 $(0,4)$를 지나고 점근선의 방정식이 $x=1$, $y=-4$일 때, $k-p+q$의 값은? [4점]"
h1:original/high/h1/2final/25_순천고_2학기_기말_고1_기출.js_10,original/high/h1/2final/25_순천고_2학기_기말_고1_기출.js_10,H22-C2-07,H22-C2-07-FUNCTION_BASIC,PRESENT,,PRESENT,ABSENT,PRIORITY_1_GRAPH_GAP_CANDIDATE,10,explicit-graph|problem-image,UNADJUDICATED,PENDING_INDEPENDENT_TRIAGE,NO,"함수 $y=f(x)$의 그래프와 직선 $y=x$가 다음 그림과 같을 때, $(f\circ f)(k)=e$를 만족하는 $k$를 고르면? [3.9점]"
h1:original/high/h1/2final/25_순천고_2학기_기말_고1_기출.js_12,original/high/h1/2final/25_순천고_2학기_기말_고1_기출.js_12,H22-C2-07,H22-C2-07-FUNCTION_BASIC,ABSENT,,ABSENT,ABSENT,TRIAGE_NO_GRAPH_SIGNAL,0,,UNADJUDICATED,PENDING_INDEPENDENT_TRIAGE,NO,"일차함수 $f(x)$가 $f(2x+1)=3x+5$를 만족시킬 때, $f^{-1}(14)$의 값은? [4.2점]"
h1:original/high/h1/2final/25_순천고_2학기_기말_고1_기출.js_13,original/high/h1/2final/25_순천고_2학기_기말_고1_기출.js_13,H22-C2-08,H22-C2-08-FUNCTION_BASIC,PRESENT,,PRESENT,PRESENT,SOLUTION_VISUAL_PRESENT,0,solutionImage-present,UNADJUDICATED,PENDING_INDEPENDENT_TRIAGE,NO,"함수 $y=\dfrac{x+a}{bx+c}$의 그래프가 아래와 같을 때, 상수 $a$, $b$, $c$에 대하여 $a+b+c$의 값은? [4.2점]"
h1:original/high/h1/2final/25_순천고_2학기_기말_고1_기출.js_14,original/high/h1/2final/25_순천고_2학기_기말_고1_기출.js_14,H22-C2-08,H22-C2-08-FUNCTION_BASIC,ABSENT,,ABSENT,PRESENT,SOLUTION_VISUAL_PRESENT,0,solutionImage-present,UNADJUDICATED,PENDING_INDEPENDENT_TRIAGE,NO,다음 중 유리함수 $y=\dfrac{1}{2-x}+a$의 그래프가 모든 사분면을 지나도록 하는 $a$의 값으로 옳은 것은? [4.2점]
h1:original/high/h1/2final/25_순천고_2학기_기말_고1_기출.js_15,original/high/h1/2final/25_순천고_2학기_기말_고1_기출.js_15,H22-C2-07,H22-C2-07-FUNCTION_BASIC,ABSENT,,ABSENT,ABSENT,PRIORITY_1_EXPLICIT_GRAPH_CANDIDATE,8,explicit-graph,UNADJUDICATED,PENDING_INDEPENDENT_TRIAGE,NO,함수 $f(x)=\dfrac{1}{2}x^2-4x+a\;(x\ge4)$의 그래프와 그 역함수 $y=f^{-1}(x)$의 그래프가 서로 다른 $2$개의 점에서 만나도록 하는 자연수 $a$의 개수는? [4.5점]
h1:original/high/h1/2final/25_순천고_2학기_기말_고1_기출.js_17,original/high/h1/2final/25_순천고_2학기_기말_고1_기출.js_17,H22-C2-09,H22-C2-09-FUNCTION_BASIC,ABSENT,,ABSENT,PRESENT,SOLUTION_VISUAL_PRESENT,0,solutionImage-present,UNADJUDICATED,PENDING_INDEPENDENT_TRIAGE,NO,"함수 $y=\left|\sqrt{2x+2}-2\right|$의 그래프와 직선 $y=k(x-1)+1$이 서로 다른 두 점에서 만나도록 하는 실수 $k$의 최솟값은? (단, $a$, $b$는 상수이다.) [4.5점]"
h1:original/high/h1/2final/25_순천고_2학기_기말_고1_기출.js_18,original/high/h1/2final/25_순천고_2학기_기말_고1_기출.js_18,H22-C2-08,H22-C2-08-FUNCTION_BASIC,ABSENT,,ABSENT,PRESENT,SOLUTION_VISUAL_PRESENT,0,solutionImage-present,UNADJUDICATED,PENDING_INDEPENDENT_TRIAGE,NO,"함수 $f(x)=\dfrac{1}{x-1}+2\;(x\gt1)$의 그래프와 원 $(x-1)^2+(y-2)^2=9$가 만나는 두 점 사이의 거리를 구하시오. [부분 점수 없음, 5점]"
h1:original/high/h1/2final/25_순천고_2학기_기말_고1_기출.js_19,original/high/h1/2final/25_순천고_2학기_기말_고1_기출.js_19,H22-C2-08,H22-C2-08-FUNCTION_BASIC,ABSENT,,ABSENT,ABSENT,TRIAGE_NO_GRAPH_SIGNAL,0,,UNADJUDICATED,PENDING_INDEPENDENT_TRIAGE,NO,"$x\gt3$일 때, $\dfrac{x-3}{x^2-3x+4}$은 $x=a$에서 최댓값 $b$를 갖는다. $a+b$의 값을 구하시오. [부분 점수 없음, 5점]"
h1:original/high/h1/2final/25_순천고_2학기_기말_고1_기출.js_21,original/high/h1/2final/25_순천고_2학기_기말_고1_기출.js_21,H22-C2-07,H22-C2-07-FUNCTION_BASIC,ABSENT,,ABSENT,ABSENT,TRIAGE_NO_GRAPH_SIGNAL,0,,UNADJUDICATED,PENDING_INDEPENDENT_TRIAGE,NO,"집합 $X=\{1,2,3\}$에 대하여 $X$에서 $X$로 가는 두 함수 $f$와 $g$가 모두 일대일대응이고, 아래 조건을 모두 만족시킬 때, 다음 물음에 답하여라. [부분 점수 있음, 6점] <div class=""q-box"">(가) $f(1)=2$<br>(나) $g(3)=1$<br>(다) $(g\circ f)(2)=2$</div> (1) $f(2)$가 얼마인지 구하고 그 이유를 간단히 쓰시오. [2점]<br>(2) $g(2"
h1:original/high/h1/2final/25_순천고_2학기_기말_고1_기출.js_22,original/high/h1/2final/25_순천고_2학기_기말_고1_기출.js_22,H22-C2-07,H22-C2-07-FUNCTION_COMPOSITION,ABSENT,,ABSENT,ABSENT,TRIAGE_NO_GRAPH_SIGNAL,0,,UNADJUDICATED,PENDING_INDEPENDENT_TRIAGE,NO,"실수 전체의 집합에서 정의된 함수 $ f(x)=\begin{cases}x+2&(x\lt-1)\\2x+3&(x\ge-1)\end{cases} $ 에 대하여 함수 $y=(f\circ f)(x)$를 구하는 과정이다. [부분 점수 있음, 총 7점] (1) $ f(f(x))=\begin{cases}f(x)+2&(\boxed{\phantom{f(x)}}\lt-1)\\2f(x)+3&(\boxed{\phantom{f(x)}}\ge-1)\en"
h1:original/high/h1/2final/25_순천고_2학기_기말_고1_기출.js_23,original/high/h1/2final/25_순천고_2학기_기말_고1_기출.js_23,H22-C2-09,H22-C2-09-FUNCTION_BASIC,ABSENT,,ABSENT,PRESENT,SOLUTION_VISUAL_PRESENT,0,solutionImage-present,UNADJUDICATED,PENDING_INDEPENDENT_TRIAGE,NO,"집합 $\{x\mid x\le1\}\cup\{x\mid x\ge2\}$에서 정의된 함수 $ f(x)=\begin{cases}2-\sqrt{1-x}&(x\le1)\\\sqrt{x-2}+3&(x\ge2)\end{cases} $ 에 대하여 다음 물음에 답하시오. [부분 점수 있음, 총 7점] (1) 함수 $y=f(x)$의 그래프를 그리시오. [3점]<br>(2) 함수 $y=f(x)$의 그래프와 직선 $y=x+k$가 서로 다른 네 점"
h1:original/high/h1/2final/25_순천고_2학기_기말_고1_기출.js_3,original/high/h1/2final/25_순천고_2학기_기말_고1_기출.js_3,H22-C2-09,H22-C2-09-FUNCTION_BASIC,ABSENT,,ABSENT,ABSENT,TRIAGE_NO_GRAPH_SIGNAL,0,,UNADJUDICATED,PENDING_INDEPENDENT_TRIAGE,NO,"두 무리식 $\sqrt{x-3}$, $\sqrt{10-2x}$의 값이 모두 실수가 되도록 하는 정수 $x$의 개수는? [3.3점]"
h1:original/high/h1/2final/25_순천고_2학기_기말_고1_기출.js_4,original/high/h1/2final/25_순천고_2학기_기말_고1_기출.js_4,H22-C2-07,H22-C2-07-FUNCTION_COMPOSITION,PRESENT,,PRESENT,ABSENT,PRIORITY_1_GRAPH_GAP_CANDIDATE,10,explicit-graph|problem-image,UNADJUDICATED,PENDING_INDEPENDENT_TRIAGE,NO,"다음 그림은 두 함수 $f:X\to Y$, $g:Y\to Z$를 나타낸 것이다. $(g\circ f)(2)$의 값은? [3.3점]"
h1:original/high/h1/2final/25_순천고_2학기_기말_고1_기출.js_7,original/high/h1/2final/25_순천고_2학기_기말_고1_기출.js_7,H22-C2-09,H22-C2-09-FUNCTION_BASIC,ABSENT,,ABSENT,ABSENT,TRIAGE_NO_GRAPH_SIGNAL,0,,UNADJUDICATED,PENDING_INDEPENDENT_TRIAGE,NO,"함수 $y=\sqrt{x-5}-3$의 정의역이 $\{x\mid x\ge a\}$, 치역이 $\{y\mid y\ge b\}$일 때, $a+b$의 값은? (단, $a$, $b$는 상수이다.) [3.6점]"
h1:original/high/h1/2final/25_순천고_2학기_기말_고1_기출.js_8,original/high/h1/2final/25_순천고_2학기_기말_고1_기출.js_8,H22-C2-07,H22-C2-07-FUNCTION_BASIC,ABSENT,,ABSENT,ABSENT,TRIAGE_NO_GRAPH_SIGNAL,0,,UNADJUDICATED,PENDING_INDEPENDENT_TRIAGE,NO,집합 $A=\{x\mid x\le4\}$에 대하여 $A$에서 $A$로의 함수 $f(x)=3x-a$가 일대일 대응이 되도록 하는 상수 $a$의 값은? [3.6점]
h1:original/high/h1/2final/25_순천고_2학기_기말_고1_기출.js_9,original/high/h1/2final/25_순천고_2학기_기말_고1_기출.js_9,H22-C2-07,H22-C2-07-FUNCTION_BASIC,ABSENT,,ABSENT,ABSENT,TRIAGE_NO_GRAPH_SIGNAL,0,,UNADJUDICATED,PENDING_INDEPENDENT_TRIAGE,NO,"두 정수 $a$, $b$에 대하여 함수 $ f(x)=\begin{cases}a(x-2)^2+b&(x\lt2)\\-x+8&(x\ge2)\end{cases} $ 은 실수 전체의 집합에서 정의된 역함수를 갖는다. $a+b$의 최솟값은? [3.9점]"
h1:original/high/h1/2final/25_제일고_2학기_기말_고1_기출.js_10,original/high/h1/2final/25_제일고_2학기_기말_고1_기출.js_10,H22-C2-07,H22-C2-07-FUNCTION_BASIC,PRESENT,,PRESENT,ABSENT,PRIORITY_1_GRAPH_GAP_CANDIDATE,10,explicit-graph|problem-image,UNADJUDICATED,PENDING_INDEPENDENT_TRIAGE,NO,오른쪽 함수 $f:X\to X$에서 $(f\circ f)(2)$의 값은?
h1:original/high/h1/2final/25_제일고_2학기_기말_고1_기출.js_11,original/high/h1/2final/25_제일고_2학기_기말_고1_기출.js_11,H22-C2-09,H22-C2-09-FUNCTION_BASIC,ABSENT,,ABSENT,PRESENT,SOLUTION_VISUAL_PRESENT,0,solutionImage-present,UNADJUDICATED,PENDING_INDEPENDENT_TRIAGE,NO,함수 $y=\sqrt{-x-1}-1$의 그래프가 지나는 사분면은?
h1:original/high/h1/2final/25_제일고_2학기_기말_고1_기출.js_12,original/high/h1/2final/25_제일고_2학기_기말_고1_기출.js_12,H22-C2-07,H22-C2-07-FUNCTION_BASIC,PRESENT,,PRESENT,ABSENT,PRIORITY_1_GRAPH_GAP_CANDIDATE,10,explicit-graph|problem-image,UNADJUDICATED,PENDING_INDEPENDENT_TRIAGE,NO,"함수 $y=f(x)$의 그래프와 직선 $y=x$가 그림과 같을 때, $f(5)+f^{-1}(7)$의 값은?"
h1:original/high/h1/2final/25_제일고_2학기_기말_고1_기출.js_13,original/high/h1/2final/25_제일고_2학기_기말_고1_기출.js_13,H22-C2-08,H22-C2-08-FUNCTION_BASIC,ABSENT,,ABSENT,PRESENT,SOLUTION_VISUAL_PRESENT,0,solutionImage-present,UNADJUDICATED,PENDING_INDEPENDENT_TRIAGE,NO,다음 중 $y=\dfrac{-x}{x-1}$의 그래프에 대하여 옳지 않은 것은?
h1:original/high/h1/2final/25_제일고_2학기_기말_고1_기출.js_14,original/high/h1/2final/25_제일고_2학기_기말_고1_기출.js_14,H22-C2-08,H22-C2-08-FUNCTION_BASIC,ABSENT,,ABSENT,PRESENT,SOLUTION_VISUAL_PRESENT,0,solutionImage-present,UNADJUDICATED,PENDING_INDEPENDENT_TRIAGE,NO,"두 유리함수 $y=\dfrac{2}{x-k}$, $y=\dfrac{kx-1}{x-1}$의 그래프의 점근선으로 둘러싸인 부분의 넓이가 $12$일 때, 양수 $k$의 값은?"
h1:original/high/h1/2final/25_제일고_2학기_기말_고1_기출.js_15,original/high/h1/2final/25_제일고_2학기_기말_고1_기출.js_15,H22-C2-07,H22-C2-07-FUNCTION_BASIC,ABSENT,,ABSENT,ABSENT,TRIAGE_NO_GRAPH_SIGNAL,0,,UNADJUDICATED,PENDING_INDEPENDENT_TRIAGE,NO,"함수 $f(x)=ax+b$가 $f(5)=2$, $f^{-1}(5)=-1$을 만족시킬 때, 실수 $a,b$에 대하여 $a+b$의 값은?"
h1:original/high/h1/2final/25_제일고_2학기_기말_고1_기출.js_16,original/high/h1/2final/25_제일고_2학기_기말_고1_기출.js_16,H22-C2-08,H22-C2-08-FUNCTION_BASIC,ABSENT,,ABSENT,ABSENT,TRIAGE_NO_GRAPH_SIGNAL,0,,UNADJUDICATED,PENDING_INDEPENDENT_TRIAGE,NO,"분모를 $0$으로 만들지 않은 모든 실수 $x$에 대하여 $\dfrac{1}{2-\dfrac{1}{1-\dfrac{1}{x+1}}}=\dfrac{ax+b}{x-1}$일 때, 실수 $a,b$에 대하여 $a+b$의 값은?"
h1:original/high/h1/2final/25_제일고_2학기_기말_고1_기출.js_17,original/high/h1/2final/25_제일고_2학기_기말_고1_기출.js_17,H22-C2-09,H22-C2-09-FUNCTION_BASIC,PRESENT,,PRESENT,ABSENT,PRIORITY_1_GRAPH_GAP_CANDIDATE,10,explicit-graph|problem-image,UNADJUDICATED,PENDING_INDEPENDENT_TRIAGE,NO,"두 무리함수 $y=\sqrt{2x}$, $y=\sqrt{x}$의 그래프가 그림과 같을 때, $y=\sqrt{2x}$ 위의 점 $A$에서 $x$축에 평행한 직선을 그어 $y=\sqrt{x}$와 만나는 점을 $D$라 하고, 두 점 $A,D$에서 $x$축에 내린 수선의 발을 각각 $B,C$라 하자. 사각형 $ABCD$가 정사각형일 때, 점 $A$의 $x$좌표는?"
h1:original/high/h1/2final/25_제일고_2학기_기말_고1_기출.js_18,original/high/h1/2final/25_제일고_2학기_기말_고1_기출.js_18,H22-C2-07,H22-C2-07-FUNCTION_BASIC,ABSENT,,ABSENT,ABSENT,PRIORITY_1_EXPLICIT_GRAPH_CANDIDATE,8,explicit-graph,UNADJUDICATED,PENDING_INDEPENDENT_TRIAGE,NO,"$0\le x\le2$에서 정의된 두 함수<br>$f(x)=\begin{cases}-x+1&(0\le x\lt 1)\\2x-2&(1\le x\le2)\end{cases}$, $g(x)=\begin{cases}x+1&(0\le x\lt 1)\\-2x+4&(1\le x\le2)\end{cases}$<br>에 대하여 함수 $y=(g\circ f)(x)$의 그래프와 $x$축 및 $y$축으로 둘러싸인 부분의 넓이는?"
h1:original/high/h1/2final/25_제일고_2학기_기말_고1_기출.js_20,original/high/h1/2final/25_제일고_2학기_기말_고1_기출.js_20,H22-C2-07,H22-C2-07-FUNCTION_BASIC,ABSENT,,ABSENT,PRESENT,SOLUTION_VISUAL_PRESENT,0,solutionImage-present,UNADJUDICATED,PENDING_INDEPENDENT_TRIAGE,NO,"함수 $f(x)=\sqrt{x+2}$의 역함수를 $g(x)$라 할 때, 두 함수 $y=f(x)$, $y=g(x)$의 그래프의 교점의 좌표를 구하는 과정을 서술하시오."
h1:original/high/h1/2final/25_제일고_2학기_기말_고1_기출.js_21,original/high/h1/2final/25_제일고_2학기_기말_고1_기출.js_21,H22-C2-08,H22-C2-08-FUNCTION_BASIC,ABSENT,,ABSENT,ABSENT,TRIAGE_NO_GRAPH_SIGNAL,0,,UNADJUDICATED,PENDING_INDEPENDENT_TRIAGE,NO,$f(x)=\dfrac{1}{x(x+1)}$에 대하여 $f(1)+f(2)+\cdots+f(99)$의 값을 구하는 과정을 서술하시오.
h1:original/high/h1/2final/25_팔마고_2학기_기말_고1_기출.js_1,original/high/h1/2final/25_팔마고_2학기_기말_고1_기출.js_1,H22-C2-07,H22-C2-07-FUNCTION_BASIC,PRESENT,,PRESENT,ABSENT,PRIORITY_1_GRAPH_GAP_CANDIDATE,10,explicit-graph|problem-image,UNADJUDICATED,PENDING_INDEPENDENT_TRIAGE,NO,다음 중 함수의 그래프인 것을 모두 고르시오. [3.5점]
h1:original/high/h1/2final/25_팔마고_2학기_기말_고1_기출.js_10,original/high/h1/2final/25_팔마고_2학기_기말_고1_기출.js_10,H22-C2-07,H22-C2-07-FUNCTION_COMPOSITION,ABSENT,,ABSENT,ABSENT,TRIAGE_NO_GRAPH_SIGNAL,0,,UNADJUDICATED,PENDING_INDEPENDENT_TRIAGE,NO,"실수 전체의 집합을 정의역으로 하는 두 함수 $f(x)=x+k$, $g(x)=kx+1$에 대하여 $g\circ f=f\circ g$가 성립하도록 하는 상수 $k$의 값을 구하시오. (단, $k\ne0$) [4.3점]"
h1:original/high/h1/2final/25_팔마고_2학기_기말_고1_기출.js_11,original/high/h1/2final/25_팔마고_2학기_기말_고1_기출.js_11,H22-C2-07,H22-C2-07-FUNCTION_BASIC,ABSENT,,ABSENT,PRESENT,SOLUTION_VISUAL_PRESENT,0,solutionImage-present,UNADJUDICATED,PENDING_INDEPENDENT_TRIAGE,NO,함수 $f(x)=x^2-6x+a\ (x\ge3)$의 그래프와 그 역함수 $y=f^{-1}(x)$의 그래프가 접하도록 하는 실수 $a$의 값을 구하시오. [4.3점]
h1:original/high/h1/2final/25_팔마고_2학기_기말_고1_기출.js_14,original/high/h1/2final/25_팔마고_2학기_기말_고1_기출.js_14,H22-C2-07,H22-C2-07-FUNCTION_BASIC,ABSENT,,ABSENT,PRESENT,SOLUTION_VISUAL_PRESENT,0,solutionImage-present,UNADJUDICATED,PENDING_INDEPENDENT_TRIAGE,NO,"정의역이 $\{x\mid x\ne0\}$인 실수의 집합이고, 공역이 $\{y\mid y\ne0\}$인 실수의 집합인 함수 $f(x)=\dfrac1x$에 대한 설명 중 보기에서 옳은 것만을 있는 대로 고른 것은? [4.5점]<div style=""border:1px solid #222;padding:10px 12px;margin-top:10px;line-height:1.8;"">ㄱ. 함수 $f(x)$의 역함수는 존재한다.<br>ㄴ."
h1:original/high/h1/2final/25_팔마고_2학기_기말_고1_기출.js_15,original/high/h1/2final/25_팔마고_2학기_기말_고1_기출.js_15,H22-C2-07,H22-C2-07-FUNCTION_COMPOSITION,ABSENT,,ABSENT,ABSENT,TRIAGE_NO_GRAPH_SIGNAL,0,,UNADJUDICATED,PENDING_INDEPENDENT_TRIAGE,NO,"함수 $f(x)=\dfrac{3x+1}{x+a}$가 $(f\circ f)(x)=x$를 만족시킬 때, $f^{-1}(13)$의 값을 구하면? [4.5점]"
h1:original/high/h1/2final/25_팔마고_2학기_기말_고1_기출.js_16,original/high/h1/2final/25_팔마고_2학기_기말_고1_기출.js_16,H22-C2-07,H22-C2-07-FUNCTION_BASIC,ABSENT,,ABSENT,ABSENT,TRIAGE_NO_GRAPH_SIGNAL,0,,UNADJUDICATED,PENDING_INDEPENDENT_TRIAGE,NO,"집합 $X=\{1,2,3,4,5\}$에 대하여 다음 <조건>을 만족시키는 함수 $f:X\to X$의 개수를 구하시오. [4.8점]<div style=""border:1px solid #222;padding:10px 12px;margin-top:10px;line-height:1.8;"">ㄱ. $x_1\in X$, $x_2\in X$인 임의의 $x_1$, $x_2$에 대하여 $3\le x_1\lt x_2\le5$이면 $f(x_1)\g"
h1:original/high/h1/2final/25_팔마고_2학기_기말_고1_기출.js_17,original/high/h1/2final/25_팔마고_2학기_기말_고1_기출.js_17,H22-C2-07,H22-C2-07-FUNCTION_BASIC,ABSENT,,ABSENT,ABSENT,TRIAGE_NO_GRAPH_SIGNAL,0,,UNADJUDICATED,PENDING_INDEPENDENT_TRIAGE,NO,"실수 전체의 집합을 정의역과 공역으로 하는 함수 $f(x)=\begin{cases}x+c&(x\lt b)\\ ax^2-2ax-3&(x\ge b)\end{cases}$의 역함수가 존재하도록 하는 $b$의 최솟값을 $t$라 하자. $b=t$일 때, $a+c$의 값을 구하시오. (단, $a,b,c,t$는 모두 실수이다.) [4.8점]"
h1:original/high/h1/2final/25_팔마고_2학기_기말_고1_기출.js_18,original/high/h1/2final/25_팔마고_2학기_기말_고1_기출.js_18,H22-C2-09,H22-C2-09-FUNCTION_BASIC,PRESENT,,PRESENT,ABSENT,PRIORITY_1_GRAPH_GAP_CANDIDATE,10,explicit-graph|problem-image,UNADJUDICATED,PENDING_INDEPENDENT_TRIAGE,NO,"두 무리함수 $f(x)=\sqrt x+2$, $g(x)=\sqrt{x-3}$의 그래프와 직선 $2x+3y-20=0$이 각각 점 $A(4,4)$와 $B(7,2)$에서 만난다. 그림과 같이 함수 $f(x)$, $g(x)$의 그래프와 직선 $2x+3y-20=0$, $x$축, $y$축으로 둘러싸인 부분의 넓이는? [5.2점]"
h1:original/high/h1/2final/25_팔마고_2학기_기말_고1_기출.js_19,original/high/h1/2final/25_팔마고_2학기_기말_고1_기출.js_19,H22-C2-07,H22-C2-07-FUNCTION_BASIC,PRESENT,,PRESENT,ABSENT,PRIORITY_1_GRAPH_GAP_CANDIDATE,10,explicit-graph|problem-image,UNADJUDICATED,PENDING_INDEPENDENT_TRIAGE,NO,오른쪽 그림과 같은 이차함수 $y=f(x)$에 대하여 방정식 $(f\circ f)(x)=0$의 서로 다른 모든 실근의 합을 구하시오. [5.2점]
h1:original/high/h1/2final/25_팔마고_2학기_기말_고1_기출.js_2,original/high/h1/2final/25_팔마고_2학기_기말_고1_기출.js_2,H22-C2-07,H22-C2-07-FUNCTION_COMPOSITION,PRESENT,,PRESENT,ABSENT,PRIORITY_1_GRAPH_GAP_CANDIDATE,10,explicit-graph|problem-image,UNADJUDICATED,PENDING_INDEPENDENT_TRIAGE,NO,"아래 그림과 같은 함수 $f$, $g$에 대하여 $(f\circ g)(2)$의 값을 구하시오. [3.5점]"
h1:original/high/h1/2final/25_팔마고_2학기_기말_고1_기출.js_20,original/high/h1/2final/25_팔마고_2학기_기말_고1_기출.js_20,H22-C2-07,H22-C2-07-FUNCTION_BASIC,ABSENT,,ABSENT,ABSENT,PRIORITY_1_EXPLICIT_GRAPH_CANDIDATE,8,explicit-graph,UNADJUDICATED,PENDING_INDEPENDENT_TRIAGE,NO,[서술형 1] 집합 $X=\{x\mid x\le k\}$에 대하여 $X$에서 $X$로의 함수 $f(x)=-x^2+4x$가 일대일대응이 되도록 하는 실수 $k$의 값을 풀이 과정과 함께 서술하시오. [4점]
h1:original/high/h1/2final/25_팔마고_2학기_기말_고1_기출.js_21,original/high/h1/2final/25_팔마고_2학기_기말_고1_기출.js_21,H22-C2-08,H22-C2-08-FUNCTION_BASIC,ABSENT,,ABSENT,ABSENT,TRIAGE_NO_GRAPH_SIGNAL,0,,UNADJUDICATED,PENDING_INDEPENDENT_TRIAGE,NO,"[서술형 2] 자동차가 $A$에서 지점 $B$까지 평균 $100\text{ km/h}$의 속력으로 $12$분 동안 달리고, 지점 $B$에서 $C$까지 $x$시간 동안 평균 $70\text{ km/h}$의 속력으로 달렸다고 한다. 지점 $A$에서 $C$까지의 평균 속력을 $y\text{ km/h}$라고 할 때, 다음 물음을 풀이 과정과 함께 서술하시오. (단, $x\gt 0$) [총 5점]<br><br>(1) $x$와 $y$ 사"
h1:original/high/h1/2final/25_팔마고_2학기_기말_고1_기출.js_22,original/high/h1/2final/25_팔마고_2학기_기말_고1_기출.js_22,H22-C2-07,H22-C2-07-FUNCTION_COMPOSITION,ABSENT,,ABSENT,ABSENT,TRIAGE_NO_GRAPH_SIGNAL,0,,UNADJUDICATED,PENDING_INDEPENDENT_TRIAGE,NO,"[서술형 3] 두 함수 $f(x)=\dfrac12x-\dfrac12$, $g(x)=4x+7$에 대하여 다음 물음에 답하시오. [총 5점]<br><br>(1) $f(x)$의 역함수 $f^{-1}(x)$를 구하시오. [2점]<br>(2) $f^{-1}\circ h=g$를 만족하는 $x$에 대한 일차함수 $h(x)$를 풀이 과정과 함께 서술하시오. [3점]"
h1:original/high/h1/2final/25_팔마고_2학기_기말_고1_기출.js_23,original/high/h1/2final/25_팔마고_2학기_기말_고1_기출.js_23,H22-C2-09,H22-C2-09-FUNCTION_BASIC,ABSENT,,ABSENT,PRESENT,SOLUTION_VISUAL_PRESENT,0,solutionImage-present,UNADJUDICATED,PENDING_INDEPENDENT_TRIAGE,NO,[서술형 4] 함수 $y=\sqrt{2-3x}$의 그래프와 직선 $y=-\dfrac12x+k$가 서로 다른 두 점에서 만나도록 하는 모든 실수 $k$의 값의 범위를 풀이 과정과 함께 서술하시오. [6점]
h1:original/high/h1/2final/25_팔마고_2학기_기말_고1_기출.js_3,original/high/h1/2final/25_팔마고_2학기_기말_고1_기출.js_3,H22-C2-07,H22-C2-07-FUNCTION_INVERSE,PRESENT,,PRESENT,ABSENT,PRIORITY_1_GRAPH_GAP_CANDIDATE,10,explicit-graph|problem-image,UNADJUDICATED,PENDING_INDEPENDENT_TRIAGE,NO,"아래 그림과 같은 함수 $f$, $g$에 대하여 $f^{-1}(4)+g(4)$의 값을 구하시오. [3.5점]"
h1:original/high/h1/2final/25_팔마고_2학기_기말_고1_기출.js_4,original/high/h1/2final/25_팔마고_2학기_기말_고1_기출.js_4,H22-C2-08,H22-C2-08-FUNCTION_BASIC,ABSENT,,ABSENT,PRESENT,SOLUTION_VISUAL_PRESENT,0,solutionImage-present,UNADJUDICATED,PENDING_INDEPENDENT_TRIAGE,NO,유리함수 $y=\dfrac{5}{3-x}-2$의 그래프가 지나는 사분면은? [3.7점]
h1:original/high/h1/2final/25_팔마고_2학기_기말_고1_기출.js_5,original/high/h1/2final/25_팔마고_2학기_기말_고1_기출.js_5,H22-C2-09,H22-C2-09-FUNCTION_BASIC,PRESENT,,PRESENT,ABSENT,PRIORITY_1_GRAPH_GAP_CANDIDATE,10,explicit-graph|problem-image,UNADJUDICATED,PENDING_INDEPENDENT_TRIAGE,NO,"함수 $f(x)=\sqrt{a+bx}+c$의 그래프가 다음 그림과 같을 때, $f(-12)$의 값을 구하면? [3.7점]"
h1:original/high/h1/2final/25_팔마고_2학기_기말_고1_기출.js_6,original/high/h1/2final/25_팔마고_2학기_기말_고1_기출.js_6,H22-C2-08,H22-C2-08-FUNCTION_BASIC,ABSENT,,ABSENT,PRESENT,SOLUTION_VISUAL_PRESENT,0,solutionImage-present,UNADJUDICATED,PENDING_INDEPENDENT_TRIAGE,NO,"함수 $f(x)=\dfrac{4x+5}{x+1}$의 그래프의 점근선이 두 직선 $x=a$, $y=b$일 때, $f^{-1}(a+b)$의 값은? [3.7점]"
h1:original/high/h1/2final/25_팔마고_2학기_기말_고1_기출.js_7,original/high/h1/2final/25_팔마고_2학기_기말_고1_기출.js_7,H22-C2-08,H22-C2-08-FUNCTION_BASIC,ABSENT,,ABSENT,ABSENT,TRIAGE_NO_GRAPH_SIGNAL,0,,UNADJUDICATED,PENDING_INDEPENDENT_TRIAGE,NO,"정의역이 $\{x\mid 0\le x\le4\}$인 유리함수 $y=\dfrac{4x+k}{x+1}$의 최댓값이 $3$일 때, 실수 $k$의 값은? [4점]"
h1:original/high/h1/2final/25_팔마고_2학기_기말_고1_기출.js_8,original/high/h1/2final/25_팔마고_2학기_기말_고1_기출.js_8,H22-C2-07,H22-C2-07-FUNCTION_COMPOSITION,ABSENT,,ABSENT,ABSENT,TRIAGE_NO_GRAPH_SIGNAL,0,,UNADJUDICATED,PENDING_INDEPENDENT_TRIAGE,NO,"함수 $f(x)=x+2$에 대하여 $f^1=f$, $f^{n+1}=f\circ f^n$로 정의할 때, $f^{10}(2)$의 값을 구하시오. (단, $n$은 자연수이다.) [4점]"
h1:original/high/h1/2final/25_팔마고_2학기_기말_고1_기출.js_9,original/high/h1/2final/25_팔마고_2학기_기말_고1_기출.js_9,H22-C2-07,H22-C2-07-FUNCTION_BASIC,ABSENT,,ABSENT,ABSENT,TRIAGE_NO_GRAPH_SIGNAL,0,,UNADJUDICATED,PENDING_INDEPENDENT_TRIAGE,NO,"임의의 실수 $x$, $y$에 대하여 함수 $f$가 $f(x+y)=f(x)+f(y)$를 만족시키고 $f(2)=4$일 때, $f(5)$의 값을 구하시오. [4점]"
h1:original/high/h1/2final/25_효천고_2학기_기말_고1_기출.js_10,original/high/h1/2final/25_효천고_2학기_기말_고1_기출.js_10,H22-C2-07,H22-C2-07-FUNCTION_COMPOSITION,ABSENT,,ABSENT,ABSENT,TRIAGE_NO_GRAPH_SIGNAL,0,,UNADJUDICATED,PENDING_INDEPENDENT_TRIAGE,NO,"집합 $X=\{1,2,3,4,5,6\}$에 대하여 함수 $f:X\to X$가 $f(x)=$ ($x^2$을 $7$로 나누었을 때의 나머지)일 때, $f^7(3)$의 값은? [3.9점]<br>(단, $f^1=f$, $f^2=f\circ f$, $\cdots$, $f^{n+1}=f\circ f^n$, $n$은 자연수)"
h1:original/high/h1/2final/25_효천고_2학기_기말_고1_기출.js_11,original/high/h1/2final/25_효천고_2학기_기말_고1_기출.js_11,H22-C2-09,H22-C2-09-FUNCTION_BASIC,ABSENT,,ABSENT,PRESENT,SOLUTION_VISUAL_PRESENT,0,solutionImage-present,UNADJUDICATED,PENDING_INDEPENDENT_TRIAGE,NO,"두 상수 $a$, $b$와 무리함수 $f(x)=\sqrt{2x+a}+b$의 최솟값이 $2$이고, $y=f(x)$의 그래프와 그 역함수 $y=f^{-1}(x)$의 그래프의 교점의 $x$의 좌표가 $3$일 때, $f\left(\dfrac{9}{2}\right)$의 값은? [4점]"
h1:original/high/h1/2final/25_효천고_2학기_기말_고1_기출.js_12,original/high/h1/2final/25_효천고_2학기_기말_고1_기출.js_12,H22-C2-08,H22-C2-08-FUNCTION_BASIC,ABSENT,,ABSENT,PRESENT,SOLUTION_VISUAL_PRESENT,0,solutionImage-present,UNADJUDICATED,PENDING_INDEPENDENT_TRIAGE,NO,"유리함수 $y=\dfrac{3x+5}{x-a}$의 그래프가 두 직선 $y=x+5$, $y=-x+\dfrac{1}{2}b$에 대하여 모두 대칭일 때, $ab$의 값을 구하면? (단, $a$, $b$는 상수이다.) [4.1점]"
h1:original/high/h1/2final/25_효천고_2학기_기말_고1_기출.js_13,original/high/h1/2final/25_효천고_2학기_기말_고1_기출.js_13,H22-C2-09,H22-C2-09-FUNCTION_BASIC,PRESENT,,PRESENT,ABSENT,PRIORITY_1_GRAPH_GAP_CANDIDATE,10,explicit-graph|problem-image,UNADJUDICATED,PENDING_INDEPENDENT_TRIAGE,NO,"유리함수 $y=\dfrac{a}{x+b}+c$의 그래프가 다음 그림과 같다.<br>무리함수 $y=-\sqrt{a(x-b)}+c$의 그래프가 제 $3$사분면을 지나지 않도록 하는 실수 $a$, $b$, $c$에 대하여 $a+b+c$의 최댓값은? [4.3점]"
h1:original/high/h1/2final/25_효천고_2학기_기말_고1_기출.js_15,original/high/h1/2final/25_효천고_2학기_기말_고1_기출.js_15,H22-C2-07,H22-C2-07-FUNCTION_BASIC,ABSENT,,ABSENT,ABSENT,TRIAGE_NO_GRAPH_SIGNAL,0,,UNADJUDICATED,PENDING_INDEPENDENT_TRIAGE,NO,"정의역과 공역이 각각 실수 전체의 집합인 함수 $f$가<br>$f(x)=\begin{cases}(5-a)x+b&(x\lt 3)\\(a+2)x&(x\ge 3)\end{cases}$<br>일 때, 함수 $f$가 일대일대응이 되도록 하는 두 정수 $a$, $b$에 대하여 $a+b$의 최솟값은? [4.4점]"
h1:original/high/h1/2final/25_효천고_2학기_기말_고1_기출.js_16,original/high/h1/2final/25_효천고_2학기_기말_고1_기출.js_16,H22-C2-07,H22-C2-07-FUNCTION_BASIC,ABSENT,,ABSENT,ABSENT,TRIAGE_NO_GRAPH_SIGNAL,0,,UNADJUDICATED,PENDING_INDEPENDENT_TRIAGE,NO,"서로 다른 세 실수 $a$, $b$, $c$에 대하여 집합 $X=\{a,b,c\}$를 정의역, 정수 전체의 집합을 공역으로 하는 함수 $f(x)=|2x(x-4)|$가 상수함수일 때, 함수 $f(x)$의 치역은 $\{k\}$이다. $k$의 최댓값을 구하면? [4.5점]"
h1:original/high/h1/2final/25_효천고_2학기_기말_고1_기출.js_17,original/high/h1/2final/25_효천고_2학기_기말_고1_기출.js_17,H22-C2-07,H22-C2-07-FUNCTION_BASIC,PRESENT,,PRESENT,ABSENT,PRIORITY_1_GRAPH_GAP_CANDIDATE,10,explicit-graph|problem-image,UNADJUDICATED,PENDING_INDEPENDENT_TRIAGE,NO,집합 $X=\{x\mid 0\le x\le 4\}$에 대하여 $X$에서 $X$로의 함수<br>$f(x)=\begin{cases}\dfrac{3}{2}x&(0\le x\lt 2)\\-\dfrac{3}{2}x+6&(2\le x\le 4)\end{cases}$<br>의 그래프는 아래 그림과 같다. $(f\circ f\circ f)(a)=\dfrac{3}{2}$을 만족시키는 실수 $a$의 개수는? [4.6점]
h1:original/high/h1/2final/25_효천고_2학기_기말_고1_기출.js_18,original/high/h1/2final/25_효천고_2학기_기말_고1_기출.js_18,H22-C2-08,H22-C2-08-FUNCTION_BASIC,ABSENT,,ABSENT,PRESENT,SOLUTION_VISUAL_PRESENT,0,solutionImage-present,UNADJUDICATED,PENDING_INDEPENDENT_TRIAGE,NO,"모든 실수 $a$에 대하여 함수<br>$f(x)=\dfrac{(2a+1)x-4a^2-2a+1}{x-2a}$<br>의 그래프와 중심이 $(2a,3a^2)$이고 반지름의 길이가 $r$인 원이 서로 다른 두 점에서 만날 때, $r$의 값은? [4.8점]"
h1:original/high/h1/2final/25_효천고_2학기_기말_고1_기출.js_19,original/high/h1/2final/25_효천고_2학기_기말_고1_기출.js_19,H22-C2-07,H22-C2-07-FUNCTION_COMPOSITION,ABSENT,,ABSENT,ABSENT,TRIAGE_NO_GRAPH_SIGNAL,0,,UNADJUDICATED,PENDING_INDEPENDENT_TRIAGE,NO,"[서술형1]<br>두 함수 $f(x)=x+5$, $g(x)=-2x^2+x$에 대하여 $(f^{-1}\circ g)(2)$의 값을 구하고 그 과정을 서술하시오. [5점]"
h1:original/high/h1/2final/25_효천고_2학기_기말_고1_기출.js_2,original/high/h1/2final/25_효천고_2학기_기말_고1_기출.js_2,H22-C2-07,H22-C2-07-FUNCTION_BASIC,ABSENT,,ABSENT,ABSENT,TRIAGE_NO_GRAPH_SIGNAL,0,,UNADJUDICATED,PENDING_INDEPENDENT_TRIAGE,NO,"정의역이 $\{0,2\}$인 두 함수 $f(x)=ax+b$, $g(x)=x^2+1$에 대하여 $f=g$이다. 두 실수 $a$, $b$에 대하여 $a+b$의 값은? [3.1점]"
h1:original/high/h1/2final/25_효천고_2학기_기말_고1_기출.js_20,original/high/h1/2final/25_효천고_2학기_기말_고1_기출.js_20,H22-C2-07,H22-C2-07-FUNCTION_COMPOSITION,ABSENT,,ABSENT,ABSENT,TRIAGE_NO_GRAPH_SIGNAL,0,,UNADJUDICATED,PENDING_INDEPENDENT_TRIAGE,NO,"[서술형2]<br>두 함수 $f(x)=2ax+m$, $g(x)=\dfrac{1}{2}bx+n$에 대하여 $0$이 아닌 두 실수 $m$, $n$의 값에 관계 없이 $(f\circ g)(x)=(g\circ f)(x)+4n$이 성립할 때, 두 상수 $a$, $b$의 값의 곱을 구하고 그 과정을 서술하시오. [6점]"
h1:original/high/h1/2final/25_효천고_2학기_기말_고1_기출.js_22,original/high/h1/2final/25_효천고_2학기_기말_고1_기출.js_22,H22-C2-08,H22-C2-08-FUNCTION_BASIC,ABSENT,,ABSENT,ABSENT,TRIAGE_NO_GRAPH_SIGNAL,0,,UNADJUDICATED,PENDING_INDEPENDENT_TRIAGE,NO,"[서술형4]<br>유리함수 $y=\dfrac{1}{x+2}-1$ $(x\lt -2)$의 그래프 위의 점 $P$에서 $x$축, $y$축에 내린 수선의 발을 각각 $Q$, $R$라고 할 때, $\overline{PQ}+\overline{PR}$의 최솟값을 구하고 그 과정을 서술하시오. [6점]"
h1:original/high/h1/2final/25_효천고_2학기_기말_고1_기출.js_23,original/high/h1/2final/25_효천고_2학기_기말_고1_기출.js_23,H22-C2-07,H22-C2-07-FUNCTION_BASIC,ABSENT,,ABSENT,ABSENT,TRIAGE_NO_GRAPH_SIGNAL,0,,UNADJUDICATED,PENDING_INDEPENDENT_TRIAGE,NO,[서술형5]<br>함수 $f(x)=\begin{cases}3x-2&(x\ge 0)\\\dfrac{1}{5}x-2&(x\lt 0)\end{cases}$과 그 역함수 $f^{-1}(x)$에 대하여 $\{f(x)\}^2=f(x)f^{-1}(x)$를 만족시키는 모든 실수 $x$의 값의 합을 구하고 그 과정을 서술하시오. [7점]
h1:original/high/h1/2final/25_효천고_2학기_기말_고1_기출.js_3,original/high/h1/2final/25_효천고_2학기_기말_고1_기출.js_3,H22-C2-07,H22-C2-07-FUNCTION_COMPOSITION,ABSENT,,ABSENT,ABSENT,TRIAGE_NO_GRAPH_SIGNAL,0,,UNADJUDICATED,PENDING_INDEPENDENT_TRIAGE,NO,"두 함수 $f(x)=2x-3$, $g(x)=-x+1$에 대하여 $(f\circ g)(0)+(g\circ f)(0)$의 값은? [3.2점]"
h1:original/high/h1/2final/25_효천고_2학기_기말_고1_기출.js_4,original/high/h1/2final/25_효천고_2학기_기말_고1_기출.js_4,H22-C2-07,H22-C2-07-FUNCTION_INVERSE,ABSENT,,ABSENT,ABSENT,PRIORITY_2_GRAPH_SUBUNIT_CANDIDATE,5,graph-subunit,UNADJUDICATED,PENDING_INDEPENDENT_TRIAGE,NO,"함수 $f(x)=x-2a$에 대하여 $f(1)=-1$, $f^{-1}(3)=b$일 때, $a+b$의 값은? (단, $a$, $b$는 상수이다.) [3.4점]"
h1:original/high/h1/2final/25_효천고_2학기_기말_고1_기출.js_5,original/high/h1/2final/25_효천고_2학기_기말_고1_기출.js_5,H22-C2-08,H22-C2-08-FUNCTION_BASIC,ABSENT,,ABSENT,ABSENT,TRIAGE_NO_GRAPH_SIGNAL,0,,UNADJUDICATED,PENDING_INDEPENDENT_TRIAGE,NO,다음 식의 분모를 $0$으로 만들지 않는 모든 실수 $x$에 대하여 $\dfrac{x+1}{x^2+x}\times\dfrac{x^2-9}{x-2}\times\dfrac{1}{x+3}$을 간단히 한 식은? [3.4점]
h1:original/high/h1/2final/25_효천고_2학기_기말_고1_기출.js_8,original/high/h1/2final/25_효천고_2학기_기말_고1_기출.js_8,H22-C2-09,H22-C2-09-FUNCTION_BASIC,ABSENT,,ABSENT,PRESENT,SOLUTION_VISUAL_PRESENT,0,solutionImage-present,UNADJUDICATED,PENDING_INDEPENDENT_TRIAGE,NO,다음 중 무리함수 $y=-\sqrt{-x+2}+4$에 대한 설명으로 옳지 않은 것은? [3.8점]
h1:original/high/h1/2final/25_효천고_2학기_기말_고1_기출.js_9,original/high/h1/2final/25_효천고_2학기_기말_고1_기출.js_9,H22-C2-07,H22-C2-07-FUNCTION_BASIC,ABSENT,,ABSENT,ABSENT,TRIAGE_NO_GRAPH_SIGNAL,0,,UNADJUDICATED,PENDING_INDEPENDENT_TRIAGE,NO,"임의의 두 정수 $a$, $b$에 대하여 함수 $f$가<br>$f(a+b)=f(a)+f(b)+3ab$를 만족시킬 때, $f(-4)+f(-2)+f(0)+f(2)+f(4)$의 값을 구하시오. [3.8점]"
h1:original/high/h1/2mid/21_강남여고_2학기_중간_고1_기출.js_12,original/high/h1/2mid/21_강남여고_2학기_중간_고1_기출.js_12,H15-SB-03,H15-SB-03-FUNCTION_RELATION,ABSENT,,ABSENT,ABSENT,TRIAGE_NO_GRAPH_SIGNAL,0,,UNADJUDICATED,PENDING_INDEPENDENT_TRIAGE,NO,"실수 전체의 집합 $\mathbb R$의 부분집합 $X,Y$가 다음과 같을 때, $X$에서 $Y$로의 함수 $f$를 $f:x\mapsto x^2-4x$로 정의한다. 다음 중 일대일 대응인 것은? [3.5점]"
h1:original/high/h1/2mid/21_강남여고_2학기_중간_고1_기출.js_16,original/high/h1/2mid/21_강남여고_2학기_중간_고1_기출.js_16,H15-SB-03,H15-SB-03-COMPOSITE_FUNCTION,ABSENT,,ABSENT,ABSENT,PRIORITY_2_GRAPH_SUBUNIT_CANDIDATE,5,graph-subunit,UNADJUDICATED,PENDING_INDEPENDENT_TRIAGE,NO,"$n=0,1,2,3,\cdots$에 대하여 $f_0(x)=\frac{1}{1-x}$, $f_{n+1}(x)=(f_0\circ f_n)(x)$이다. 이때, $f_{40}(9)$의 값을 구하면? [4점]"
h1:original/high/h1/2mid/21_강남여고_2학기_중간_고1_기출.js_19,original/high/h1/2mid/21_강남여고_2학기_중간_고1_기출.js_19,H15-SB-03,H15-SB-03-COMPOSITE_FUNCTION,PRESENT,,PRESENT,ABSENT,PRIORITY_1_GRAPH_GAP_CANDIDATE,10,explicit-graph|problem-image,UNADJUDICATED,PENDING_INDEPENDENT_TRIAGE,NO,"집합 $X=\{1,2,3,4,5\}$에 대하여 함수 $f:X\to X$가 그림과 같다. 함수 $g:X\to X$는 다음 조건을 만족시킨다. (가) $g(1)=3$, $g(2)=5$ (나) $g$의 역함수가 존재한다. $(g\circ f)(4)+(f\circ g)(4)$의 최댓값은? [4.5점]"
h1:original/high/h1/2mid/21_강남여고_2학기_중간_고1_기출.js_20,original/high/h1/2mid/21_강남여고_2학기_중간_고1_기출.js_20,H15-SB-03,H15-SB-03-INVERSE_FUNCTION,ABSENT,,ABSENT,ABSENT,TRIAGE_NO_GRAPH_SIGNAL,0,,UNADJUDICATED,PENDING_INDEPENDENT_TRIAGE,NO,$f(x)=\begin{cases}2x+1&(x\ge0)\\-x^2+1&(x\lt0)\end{cases}$으로 정의된 함수 $f$에 대하여 $f^{-1}(3)+f^{-1}(a)=0$을 만족시키는 $a$의 값은? [4.5점]
h1:original/high/h1/2mid/21_강남여고_2학기_중간_고1_기출.js_21,original/high/h1/2mid/21_강남여고_2학기_중간_고1_기출.js_21,H15-SB-03,H15-SB-03-FUNCTION_RELATION,PRESENT,,PRESENT,ABSENT,PRIORITY_1_GRAPH_GAP_CANDIDATE,10,explicit-graph|problem-image,UNADJUDICATED,PENDING_INDEPENDENT_TRIAGE,NO,"그림과 같이 양수 $a$에 대하여 이차함수 $f(x)=x^2-4ax$의 그래프와 직선 $g(x)=\frac{1}{a}x$가 두 점 $O,A$에서 만난다. 이차함수 $y=f(x)$의 그래프의 꼭짓점을 $B$라 하고, 선분 $AB$의 중점을 $C$라 하자. 점 $C$에서 $y$축에 내린 수선의 발을 $H$라 할 때, 선분 $CH$의 길이의 최솟값은? (단, $O$는 원점) [5점]"
h1:original/high/h1/2mid/21_강남여고_2학기_중간_고1_기출.js_22,original/high/h1/2mid/21_강남여고_2학기_중간_고1_기출.js_22,H15-SB-03,H15-SB-03-COMPOSITE_FUNCTION,PRESENT,,PRESENT,ABSENT,PRIORITY_1_GRAPH_GAP_CANDIDATE,10,explicit-graph|problem-image,UNADJUDICATED,PENDING_INDEPENDENT_TRIAGE,NO,"함수 $f(x)=4x^2-4x+1$ $(0\le x\le1)$에 대하여, $y=f(x)$와 $y=f(f(x))$의 그래프 개형은 각각 다음과 같다. 이때, 집합 $\{x\mid f(f(f(x)))=x,\ 0\le x\le1\}$의 원소의 개수는? [5점]"
h1:original/high/h1/2mid/21_강남여고_2학기_중간_고1_기출.js_25,original/high/h1/2mid/21_강남여고_2학기_중간_고1_기출.js_25,H15-SB-03,H15-SB-03-COMPOSITE_FUNCTION,ABSENT,,ABSENT,ABSENT,PRIORITY_2_GRAPH_SUBUNIT_CANDIDATE,5,graph-subunit,UNADJUDICATED,PENDING_INDEPENDENT_TRIAGE,NO,"[서술형 3] 집합 $X=\{1,2,3,4,5\}$에 대하여 함수 $f:X\to X$가 $f(x)=\begin{cases}5&(x=1)\\x-1&(x\ge2)\end{cases}$이고 함수 $g:X\to X$가 $f\circ g=g\circ f$를 만족한다. $g(1)=4$일 때, $g(2)+3g(3)+g(4)$의 값을 구하시오. (단, 풀이과정을 자세히 쓰시오.) [5점]"
h1:original/high/h1/2mid/21_강남여고_2학기_중간_고1_기출.js_26,original/high/h1/2mid/21_강남여고_2학기_중간_고1_기출.js_26,H15-SB-03,H15-SB-03-COMPOSITE_FUNCTION,ABSENT,,ABSENT,ABSENT,PRIORITY_2_GRAPH_SUBUNIT_CANDIDATE,5,graph-subunit,UNADJUDICATED,PENDING_INDEPENDENT_TRIAGE,NO,"[서술형 4] $f(x)=\begin{cases}x^2+1&(x\ge0)\\x+1&(x\lt0)\end{cases}$, $g(x)=x+3$에 대하여 함수 $h$를 $h=f^{-1}\circ g\circ f$로 정의할 때, $\sqrt{2}h(-1)+h(-4)$의 값을 구하시오. (단, 풀이과정을 자세히 쓰시오.) [5점]"
h1:original/high/h1/2mid/21_강남여고_2학기_중간_고1_기출.js_3,original/high/h1/2mid/21_강남여고_2학기_중간_고1_기출.js_3,H15-SB-03,H15-SB-03-FUNCTION_RELATION,ABSENT,,ABSENT,ABSENT,TRIAGE_NO_GRAPH_SIGNAL,0,,UNADJUDICATED,PENDING_INDEPENDENT_TRIAGE,NO,"두 집합 $X=\{-1,0,1\}$, $Y=\{0,1,2,3\}$에 대하여 다음 중 $X$에서 $Y$로의 함수인 것은? [2.5점]"
h1:original/high/h1/2mid/21_강남여고_2학기_중간_고1_기출.js_4,original/high/h1/2mid/21_강남여고_2학기_중간_고1_기출.js_4,H15-SB-03,H15-SB-03-INVERSE_FUNCTION,ABSENT,,ABSENT,ABSENT,TRIAGE_NO_GRAPH_SIGNAL,0,,UNADJUDICATED,PENDING_INDEPENDENT_TRIAGE,NO,"함수 $f(x)=2x+3$의 역함수를 $g(x)$라 할 때, $g(15)$의 값은? [2.5점]"
h1:original/high/h1/2mid/21_강남여고_2학기_중간_고1_기출.js_8,original/high/h1/2mid/21_강남여고_2학기_중간_고1_기출.js_8,H15-SB-03,H15-SB-03-COMPOSITE_FUNCTION,ABSENT,,ABSENT,ABSENT,PRIORITY_2_GRAPH_SUBUNIT_CANDIDATE,5,graph-subunit,UNADJUDICATED,PENDING_INDEPENDENT_TRIAGE,NO,"$f(x)=x^2-x+6$일 때, $\{f(x)\}^2\le f(f(x))$의 해를 구하면? [3점]"
h1:original/high/h1/2mid/21_금당고_2학기_중간_고1_기출.js_13,original/high/h1/2mid/21_금당고_2학기_중간_고1_기출.js_13,H15-SB-03,H15-SB-03-FUNCTION_RELATION,ABSENT,,ABSENT,ABSENT,TRIAGE_NO_GRAPH_SIGNAL,0,,UNADJUDICATED,PENDING_INDEPENDENT_TRIAGE,NO,"$X=\{2,4,6,8\}$에서 $f$는 항등함수, $g$는 상수함수, $h$는 일대일대응이고 $f(2)=g(2)=h(2)$, $[f(4)]^2=g(4)h(4)$, $h(6)=f(6)-g(6)$일 때 $f(8)+g(8)+h(8)$은? [4.1점]"
h1:original/high/h1/2mid/21_금당고_2학기_중간_고1_기출.js_14,original/high/h1/2mid/21_금당고_2학기_중간_고1_기출.js_14,H15-SB-03,H15-SB-03-COMPOSITE_FUNCTION,PRESENT,,PRESENT,ABSENT,PRIORITY_1_GRAPH_GAP_CANDIDATE,10,explicit-graph|problem-image,UNADJUDICATED,PENDING_INDEPENDENT_TRIAGE,NO,"그림의 두 함수 $f,g:X\to X$, $X=[0,2]$에 대하여 $y=(f\circ g)(x)$와 $y=x$의 교점 개수는? [4.1점]"
h1:original/high/h1/2mid/21_금당고_2학기_중간_고1_기출.js_16,original/high/h1/2mid/21_금당고_2학기_중간_고1_기출.js_16,H15-SB-03,H15-SB-03-FUNCTION_RELATION,ABSENT,,ABSENT,ABSENT,TRIAGE_NO_GRAPH_SIGNAL,0,,UNADJUDICATED,PENDING_INDEPENDENT_TRIAGE,NO,"$f(x)=(x^2-10x+22)(x^2+2x+2)$, $A=\{f(n)\mid n$은 $20$ 이하 자연수$\}$, $B=\{m\mid m$은 $80$ 이하 소수$\}$일 때 $n(A\cap B)$는? [4.2점]"
h1:original/high/h1/2mid/21_금당고_2학기_중간_고1_기출.js_17,original/high/h1/2mid/21_금당고_2학기_중간_고1_기출.js_17,H15-SB-03,H15-SB-03-COMPOSITE_FUNCTION,PRESENT,,PRESENT,ABSENT,PRIORITY_2_GRAPH_SUBUNIT_CANDIDATE,5,graph-subunit,UNADJUDICATED,PENDING_INDEPENDENT_TRIAGE,NO,"집합 $A=\{1,2,3,4\}$, $B=\{2,3,4,5\}$에 대하여 함수 $f:A\to B$, $g:B\to A$가 다음 조건을 만족시킨다. $f(1)g(3)$의 값을 구하시오. [4.3점]"
h1:original/high/h1/2mid/21_금당고_2학기_중간_고1_기출.js_20,original/high/h1/2mid/21_금당고_2학기_중간_고1_기출.js_20,H15-SB-03,H15-SB-03-FUNCTION_RELATION,ABSENT,,ABSENT,ABSENT,TRIAGE_NO_GRAPH_SIGNAL,0,,UNADJUDICATED,PENDING_INDEPENDENT_TRIAGE,NO,"방정식 $\left|x-[x]-\dfrac12\right|=\dfrac18x^2$의 실근 개수는? 단, $[x]$는 $x$보다 크지 않은 최대 정수이다. [4.3점]"
h1:original/high/h1/2mid/21_금당고_2학기_중간_고1_기출.js_22,original/high/h1/2mid/21_금당고_2학기_중간_고1_기출.js_22,H15-SB-03,H15-SB-03-COMPOSITE_FUNCTION,ABSENT,,ABSENT,ABSENT,PRIORITY_1_EXPLICIT_GRAPH_CANDIDATE,8,explicit-graph,UNADJUDICATED,PENDING_INDEPENDENT_TRIAGE,NO,"[서답형 2] $f(x)=|x-1|$이고 $D=\{x\mid0\le(f\circ f\circ f)(x)\le1\}$이다. 집합 $\{(x,(f\circ f\circ f)(x))\mid x\in D\}$가 나타내는 도형의 길이를 $a$라 할 때, 그래프와 함수식을 제시하고 $a^2$을 구하시오. [10점]"
h1:original/high/h1/2mid/21_금당고_2학기_중간_고1_기출.js_6,original/high/h1/2mid/21_금당고_2학기_중간_고1_기출.js_6,H15-SB-03,H15-SB-03-FUNCTION_RELATION,ABSENT,,ABSENT,ABSENT,TRIAGE_NO_GRAPH_SIGNAL,0,,UNADJUDICATED,PENDING_INDEPENDENT_TRIAGE,NO,$f(x)=\begin{cases}x&(x\ge0)\\-x&(x<0)\end{cases}$일 때 $f(1)+f(-1)$은? [3.8점]
h1:original/high/h1/2mid/21_금당고_2학기_중간_고1_기출.js_7,original/high/h1/2mid/21_금당고_2학기_중간_고1_기출.js_7,H15-SB-03,H15-SB-03-COMPOSITE_FUNCTION,ABSENT,,ABSENT,ABSENT,PRIORITY_2_GRAPH_SUBUNIT_CANDIDATE,5,graph-subunit,UNADJUDICATED,PENDING_INDEPENDENT_TRIAGE,NO,"$f(x)=x+3$, $g(x)=\frac x3$일 때 $(f\circ g)(3)$은? [3.8점]"
h1:original/high/h1/2mid/21_매산고_2학기_중간_고1_기출.js_10,original/high/h1/2mid/21_매산고_2학기_중간_고1_기출.js_10,H15-SB-03,H15-SB-03-FUNCTION_RELATION,ABSENT,,ABSENT,ABSENT,TRIAGE_NO_GRAPH_SIGNAL,0,,UNADJUDICATED,PENDING_INDEPENDENT_TRIAGE,NO,"정의역 $X=\{-3,-2,-1,0,1,2\}$에서 $f(x)=\begin{cases}x^2+2x+3&(x\ge0)\\\frac12x+k&(x<0)\end{cases}$가 일대일함수가 되게 하는 10 이하 자연수 $k$의 개수는? [4.5점]"
h1:original/high/h1/2mid/21_매산고_2학기_중간_고1_기출.js_11,original/high/h1/2mid/21_매산고_2학기_중간_고1_기출.js_11,H15-SB-03,H15-SB-03-COMPOSITE_FUNCTION,ABSENT,,ABSENT,ABSENT,PRIORITY_2_GRAPH_SUBUNIT_CANDIDATE,5,graph-subunit,UNADJUDICATED,PENDING_INDEPENDENT_TRIAGE,NO,"$X=\{1,2,3\}$에 대하여 $X$에서 $X$로의 함수 $f,g,h$가 다음 조건을 만족시킨다.<br>ㄱ. $f,g,h$는 역함수가 존재한다.<br>ㄴ. $f(1)=2$, $(f\circ g^{-1})^{-1}(2)=2$<br>ㄷ. $f\ne g$<br>이때 $(f\circ g)^{-1}\circ h(x)=x$가 모든 $x\in X$에 대하여 성립할 때, $\dfrac{h(1)}{h^{-1}(1)}$의 값은? [4.6점]"
h1:original/high/h1/2mid/21_매산고_2학기_중간_고1_기출.js_12,original/high/h1/2mid/21_매산고_2학기_중간_고1_기출.js_12,H15-SB-03,H15-SB-03-COMPOSITE_FUNCTION,PRESENT,,PRESENT,ABSENT,PRIORITY_1_GRAPH_GAP_CANDIDATE,10,explicit-graph|problem-image,UNADJUDICATED,PENDING_INDEPENDENT_TRIAGE,NO,"그림의 $y=f(x)$와 $y=x$를 이용할 때 $(g\circ f)^{-1}(c)+(f^{-1}\circ g)(b)$의 값은? 단, $g$는 $f$의 역함수이다. [4.6점]"
h1:original/high/h1/2mid/21_매산고_2학기_중간_고1_기출.js_13,original/high/h1/2mid/21_매산고_2학기_중간_고1_기출.js_13,H15-SB-03,H15-SB-03-COMPOSITE_FUNCTION,ABSENT,,ABSENT,ABSENT,PRIORITY_2_GRAPH_RELATION_CANDIDATE,7,graph-subunit|graph-relation,UNADJUDICATED,PENDING_INDEPENDENT_TRIAGE,NO,"$f(x)=3x+4$, $g(x)=(x-3)^2$이고 정의역을 $X=\{x\mid-a-\dfrac23\le x\le a+\dfrac13\}$로 하는 합성함수 $g\circ f$의 치역을 $A$라 하자. $A$의 원소 중 자연수가 121개 이상이 되도록 하는 자연수 $a$의 최솟값은? [4.6점]"
h1:original/high/h1/2mid/21_매산고_2학기_중간_고1_기출.js_15,original/high/h1/2mid/21_매산고_2학기_중간_고1_기출.js_15,H15-SB-03,H15-SB-03-COMPOSITE_FUNCTION,ABSENT,,ABSENT,ABSENT,PRIORITY_2_GRAPH_SUBUNIT_CANDIDATE,5,graph-subunit,UNADJUDICATED,PENDING_INDEPENDENT_TRIAGE,NO,"$X=\{2,3,4,5\}$, $Y=\{3,4,5,6\}$, $Z=\{4,5,6\}$에 대하여 두 함수 $f:X\to Y$, $g:Y\to Z$가 다음 조건을 만족시킨다.<br>ㄱ. 함수 $f$는 일대일대응이다.<br>ㄴ. $x\in X\cap Y$이면 $g(x)-f(x)=1$이다.<br>이때 $f(4)<g(3)<f(2)$를 만족할 때 $f(5)+g(3)$의 값은? [4.8점]"
h1:original/high/h1/2mid/21_매산고_2학기_중간_고1_기출.js_17,original/high/h1/2mid/21_매산고_2학기_중간_고1_기출.js_17,H15-SB-03,H15-SB-03-COMPOSITE_FUNCTION,ABSENT,,ABSENT,ABSENT,PRIORITY_1_EXPLICIT_GRAPH_CANDIDATE,8,explicit-graph,UNADJUDICATED,PENDING_INDEPENDENT_TRIAGE,NO,"[단답형 2] 함수 $f(x),g(x)$가 $0\le x\le3$에서<br>$f(x)=\begin{cases}2x&(0\le x<\dfrac32)\\-2x+6&(\dfrac32\le x\le3)\end{cases}$,<br>$g(x)=\begin{cases}2x&(0\le x<1)\\\dfrac12x+\dfrac32&(1\le x\le3)\end{cases}$이다. 함수 $y=(g\circ f)(x)$의 그래프와 $x$축으로 "
h1:original/high/h1/2mid/21_매산고_2학기_중간_고1_기출.js_18,original/high/h1/2mid/21_매산고_2학기_중간_고1_기출.js_18,H15-SB-03,H15-SB-03-COMPOSITE_FUNCTION,ABSENT,,ABSENT,ABSENT,PRIORITY_2_GRAPH_SUBUNIT_CANDIDATE,5,graph-subunit,UNADJUDICATED,PENDING_INDEPENDENT_TRIAGE,NO,"[단답형 3] $f(x)=x^2-2$, $g(x)=|x-3|$, $h(x)=[x]$일 때 $(h\circ g\circ f)(x)=-x^2+a$의 서로 다른 실근 수가 10이 되는 범위가 $\alpha<a<\beta$이다. $\alpha\beta$를 구하시오. [6점]"
h1:original/high/h1/2mid/21_매산고_2학기_중간_고1_기출.js_20,original/high/h1/2mid/21_매산고_2학기_중간_고1_기출.js_20,H15-SB-03,H15-SB-03-FUNCTION_RELATION,ABSENT,,ABSENT,ABSENT,TRIAGE_NO_GRAPH_SIGNAL,0,,UNADJUDICATED,PENDING_INDEPENDENT_TRIAGE,NO,"[서술형 2] 함수 $f(x)$가 $-4\le x\le4$에서<br>$f(x)=\begin{cases}\dfrac14x^2+x&(-4\le x<0)\\-\dfrac14x^2+x&(0\le x\le4)\end{cases}$이고, 모든 실수 $x$에 대하여 $f(x)=f(x+8)$을 만족시킨다. 실수 $m$에 대하여 방정식 $f(x)=mx$의 서로 다른 실근 개수를 $g(m)$이라 하자.<br>1) $g\left(\dfrac12\"
h1:original/high/h1/2mid/21_매산고_2학기_중간_고1_기출.js_5,original/high/h1/2mid/21_매산고_2학기_중간_고1_기출.js_5,H15-SB-03,H15-SB-03-INVERSE_FUNCTION,ABSENT,,ABSENT,ABSENT,TRIAGE_NO_GRAPH_SIGNAL,0,,UNADJUDICATED,PENDING_INDEPENDENT_TRIAGE,NO,함수 $y=2x+10$의 역함수는? [4.1점]
h1:original/high/h1/2mid/21_순천고_2학기_중간_고1_기출.js_15,original/high/h1/2mid/21_순천고_2학기_중간_고1_기출.js_15,H15-SB-03,H15-SB-03-FUNCTION_RELATION,ABSENT,,ABSENT,ABSENT,TRIAGE_NO_GRAPH_SIGNAL,0,,UNADJUDICATED,PENDING_INDEPENDENT_TRIAGE,NO,"집합 $X=\{1,2,3\}$일 때, $X$에서 $X$로의 함수 $f,g,h$가 각각 일대일대응, 항등함수, 상수함수이고 다음 조건을 모두 만족시킨다. 이때 $f(3)g(3)h(2)$의 값은? [4.3점] <div class=""note-box"">(가) $f(1)=g(2)=h(3)$<br>(나) $h(1)+g(1)=f(2)$</div>"
h1:original/high/h1/2mid/21_순천고_2학기_중간_고1_기출.js_16,original/high/h1/2mid/21_순천고_2학기_중간_고1_기출.js_16,H15-SB-03,H15-SB-03-INVERSE_FUNCTION,ABSENT,,ABSENT,ABSENT,PRIORITY_1_EXPLICIT_GRAPH_CANDIDATE,8,explicit-graph,UNADJUDICATED,PENDING_INDEPENDENT_TRIAGE,NO,"함수 $f(x)=ax+b$의 그래프와 역함수 $y=f^{-1}(x)$의 그래프가 점 $(5,1)$에서 만날 때, $a+b$의 값은? [4.0점]"
h1:original/high/h1/2mid/21_순천고_2학기_중간_고1_기출.js_17,original/high/h1/2mid/21_순천고_2학기_중간_고1_기출.js_17,H15-SB-03,H15-SB-03-COMPOSITE_FUNCTION,ABSENT,,ABSENT,ABSENT,PRIORITY_2_GRAPH_SUBUNIT_CANDIDATE,5,graph-subunit,UNADJUDICATED,PENDING_INDEPENDENT_TRIAGE,NO,"집합 $X=\{a,b,c\}$에 대하여 $X$에서 $X$로의 두 함수 $f(x),g(x)$가 $\{(f\circ g^{-1})^{-1}\circ f\circ g\}(x)=x$를 만족시킬 때, 함수 $g$의 개수는? [4.5점]"
h1:original/high/h1/2mid/21_순천고_2학기_중간_고1_기출.js_18,original/high/h1/2mid/21_순천고_2학기_중간_고1_기출.js_18,H15-SB-03,H15-SB-03-COMPOSITE_FUNCTION,ABSENT,,ABSENT,ABSENT,PRIORITY_2_GRAPH_SUBUNIT_CANDIDATE,5,graph-subunit,UNADJUDICATED,PENDING_INDEPENDENT_TRIAGE,NO,"함수 $f(x)=\begin{cases}3x-6 & (x\ge0)\\-3x+6 & (x\lt0)\end{cases}$, $g(x)=x^2+k$에 대하여 방정식 $f(g(x))=12$가 서로 다른 세 실근 $\alpha,\beta,\gamma$를 가질 때, $\alpha^2+\beta^2+\gamma^2$의 값은? (단, $k$는 상수이다.) [5.1점]"
h1:original/high/h1/2mid/21_순천고_2학기_중간_고1_기출.js_22,original/high/h1/2mid/21_순천고_2학기_중간_고1_기출.js_22,H15-SB-03,H15-SB-03-FUNCTION_RELATION,ABSENT,,ABSENT,ABSENT,TRIAGE_NO_GRAPH_SIGNAL,0,,UNADJUDICATED,PENDING_INDEPENDENT_TRIAGE,NO,자연수 전체의 집합에서 정의된 함수 $f(n)=\begin{cases}n-2 & (n\ge100)\\f(f(n+4)) & (n\lt100)\end{cases}$에 대하여 $f(80)+f(81)+f(82)+\cdots+f(99)+f(100)$의 값을 구하는 풀이 과정과 답을 서술하시오. (부분 점수 있음. 7점)
h1:original/high/h1/2mid/21_순천고_2학기_중간_고1_기출.js_6,original/high/h1/2mid/21_순천고_2학기_중간_고1_기출.js_6,H15-SB-03,H15-SB-03-FUNCTION_RELATION,ABSENT,,ABSENT,ABSENT,TRIAGE_NO_GRAPH_SIGNAL,0,,UNADJUDICATED,PENDING_INDEPENDENT_TRIAGE,NO,"두 집합 $X=\{-1,0,1\}$, $Y=\{0,1,2,3\}$에 대하여 다음 중 $X$에서 $Y$로의 함수가 아닌 것은? [3.5점]"
h1:original/high/h1/2mid/21_순천고_2학기_중간_고1_기출.js_7,original/high/h1/2mid/21_순천고_2학기_중간_고1_기출.js_7,H15-SB-03,H15-SB-03-COMPOSITE_FUNCTION,ABSENT,,ABSENT,ABSENT,PRIORITY_2_GRAPH_SUBUNIT_CANDIDATE,5,graph-subunit,UNADJUDICATED,PENDING_INDEPENDENT_TRIAGE,NO,"함수 $f,g$가 $f(x)=(x-1)^2$, $g(x)=3x$일 때, $(f\circ g)(2)$의 값은? [3.4점]"
h1:original/high/h1/2mid/21_제일고_2학기_중간_고1_기출.js_13,original/high/h1/2mid/21_제일고_2학기_중간_고1_기출.js_13,H15-SB-03,H15-SB-03-INVERSE_FUNCTION,ABSENT,,ABSENT,ABSENT,TRIAGE_NO_GRAPH_SIGNAL,0,,UNADJUDICATED,PENDING_INDEPENDENT_TRIAGE,NO,"집합 $X=\{x\mid |x|\le2\}$ (단, $x$는 정수)를 정의역으로 하고 공역이 실수 전체인 함수 $f(x)=|x-2|$의 치역의 모든 원소의 합은? [4점]"
h1:original/high/h1/2mid/21_제일고_2학기_중간_고1_기출.js_15,original/high/h1/2mid/21_제일고_2학기_중간_고1_기출.js_15,H15-SB-03,H15-SB-03-FUNCTION_RELATION,ABSENT,,ABSENT,ABSENT,TRIAGE_NO_GRAPH_SIGNAL,0,,UNADJUDICATED,PENDING_INDEPENDENT_TRIAGE,NO,"집합 $X=\{x\mid 2\le x\le a\}$에 대하여 $X$에서 $X$로의 함수 $f(x)=(x-2)^2+b$가 일대일대응일 때, $ab$의 값은? (단, $a>2$) [4.6점]"
h1:original/high/h1/2mid/21_제일고_2학기_중간_고1_기출.js_16,original/high/h1/2mid/21_제일고_2학기_중간_고1_기출.js_16,H15-SB-03,H15-SB-03-FUNCTION_RELATION,ABSENT,,ABSENT,ABSENT,TRIAGE_NO_GRAPH_SIGNAL,0,,UNADJUDICATED,PENDING_INDEPENDENT_TRIAGE,NO,"집합 $X=\{0,1,2,3\}$에 대하여 $X$에서 $X$로의 서로 다른 세 함수 $f,g,h$는 각각 일대일대응, 상수함수, 항등함수이고, $f(0)=g(1)=h(2)$, $f(0)-g(0)=f(1)$, $(f\circ g)(3)=h(1)$을 만족시킬 때, $f(3)+g(2)+h(1)$의 값은? [4.6점]"
h1:original/high/h1/2mid/21_제일고_2학기_중간_고1_기출.js_17,original/high/h1/2mid/21_제일고_2학기_중간_고1_기출.js_17,H15-SB-03,H15-SB-03-COMPOSITE_FUNCTION,PRESENT,,PRESENT,ABSENT,PRIORITY_1_GRAPH_GAP_CANDIDATE,10,explicit-graph|problem-image,UNADJUDICATED,PENDING_INDEPENDENT_TRIAGE,NO,$f(x)=|2x-6|$ $(0\le x\le6)$에서 $(f\circ f)(x)=f(x)$의 모든 실근 합은? [4.9점]
h1:original/high/h1/2mid/21_제일고_2학기_중간_고1_기출.js_22,original/high/h1/2mid/21_제일고_2학기_중간_고1_기출.js_22,H15-SB-03,H15-SB-03-COMPOSITE_FUNCTION,ABSENT,,ABSENT,ABSENT,PRIORITY_2_GRAPH_SUBUNIT_CANDIDATE,5,graph-subunit,UNADJUDICATED,PENDING_INDEPENDENT_TRIAGE,NO,"[서술형 4] $f(x)=2x-5$, $g(x)=-4x+10$에 대하여 $(f\circ g)(a)=5$인 $a$와 $h\circ f=g$인 일차함수 $h$를 구하시오. [5점]"
h1:original/high/h1/2mid/21_제일고_2학기_중간_고1_기출.js_3,original/high/h1/2mid/21_제일고_2학기_중간_고1_기출.js_3,H15-SB-03,H15-SB-03-FUNCTION_RELATION,ABSENT,,ABSENT,ABSENT,TRIAGE_NO_GRAPH_SIGNAL,0,,UNADJUDICATED,PENDING_INDEPENDENT_TRIAGE,NO,"집합 $X=\{-1,3\}$을 정의역으로 하는 두 함수 $f(x)=2x+6$, $g(x)=ax^2-b$에 대하여 $f=g$일 때, $a-b$의 값은? (단, $a,b$는 상수이다.) [4.3점]"
h1:original/high/h1/2mid/21_팔마고_2학기_중간_고1_기출.js_13,original/high/h1/2mid/21_팔마고_2학기_중간_고1_기출.js_13,H15-SB-03,H15-SB-03-COMPOSITE_FUNCTION,PRESENT,,PRESENT,ABSENT,PRIORITY_1_GRAPH_GAP_CANDIDATE,10,explicit-graph|problem-image,UNADJUDICATED,PENDING_INDEPENDENT_TRIAGE,NO,"오른쪽 그림은 직선 $y=x$와 $x\ge0$에서 정의된 두 함수 $y=f(x)$, $y=g(x)$의 그래프를 나타낸 것이다. 두 함수 $f,g$의 역함수가 존재할 때, $\left(f\circ(g^{-1}\circ f)^{-1}\circ f^{-1}\right)(c)$를 구하면? (단, 모든 점선은 $x$축 또는 $y$축에 평행하다.) [4.9점]"
h1:original/high/h1/2mid/21_팔마고_2학기_중간_고1_기출.js_17,original/high/h1/2mid/21_팔마고_2학기_중간_고1_기출.js_17,H15-SB-03,H15-SB-03-FUNCTION_RELATION,ABSENT,,ABSENT,ABSENT,TRIAGE_NO_GRAPH_SIGNAL,0,,UNADJUDICATED,PENDING_INDEPENDENT_TRIAGE,NO,"[단답형 4] 집합 $X$를 정의역으로 하는 두 함수 $f(x)=x^2+x$, $g(x)=x^3-x^2+2$에 대하여 $f=g$가 되도록 하는 집합 $X$ 중에서 $n(X)=2$인 집합 $X$를 모두 쓰시오. (단, $X\ne\varnothing$) [4.5점]"
h1:original/high/h1/2mid/21_팔마고_2학기_중간_고1_기출.js_18,original/high/h1/2mid/21_팔마고_2학기_중간_고1_기출.js_18,H15-SB-03,H15-SB-03-INVERSE_FUNCTION,ABSENT,,ABSENT,ABSENT,PRIORITY_1_EXPLICIT_GRAPH_CANDIDATE,8,explicit-graph,UNADJUDICATED,PENDING_INDEPENDENT_TRIAGE,NO,"[단답형 5] $f(x)=x^2-4x$ $(x\ge2)$와 역함수 그래프의 교점 $(a,b)$에 대하여 $a+b$를 구하시오. [3.5점]"
h1:original/high/h1/2mid/21_팔마고_2학기_중간_고1_기출.js_21,original/high/h1/2mid/21_팔마고_2학기_중간_고1_기출.js_21,H15-SB-03,H15-SB-03-COMPOSITE_FUNCTION,PRESENT,,PRESENT,ABSENT,PRIORITY_1_GRAPH_GAP_CANDIDATE,10,explicit-graph|problem-image,UNADJUDICATED,PENDING_INDEPENDENT_TRIAGE,NO,"[서술형 3] 정의역이 $\{x\mid0\le x\le2\}$인 두 함수 $y=f(x)$, $y=g(x)$의 그래프가 그림과 같을 때, 합성함수 $y=(g\circ f)(x)$의 그래프와 $x$축 및 $y$축으로 둘러싸인 부분의 넓이를 채점 기준에 알맞게 구하시오. [7점]"
h1:original/high/h1/2mid/21_팔마고_2학기_중간_고1_기출.js_7,original/high/h1/2mid/21_팔마고_2학기_중간_고1_기출.js_7,H15-SB-03,H15-SB-03-FUNCTION_RELATION,PRESENT,,PRESENT,ABSENT,PRIORITY_1_GRAPH_GAP_CANDIDATE,10,explicit-graph|problem-image,UNADJUDICATED,PENDING_INDEPENDENT_TRIAGE,NO,다음 중 함수의 그래프가 아닌 것은? [4.2점]
h1:original/high/h1/2mid/21_팔마고_2학기_중간_고1_기출.js_8,original/high/h1/2mid/21_팔마고_2학기_중간_고1_기출.js_8,H15-SB-03,H15-SB-03-COMPOSITE_FUNCTION,ABSENT,,ABSENT,ABSENT,PRIORITY_2_GRAPH_SUBUNIT_CANDIDATE,5,graph-subunit,UNADJUDICATED,PENDING_INDEPENDENT_TRIAGE,NO,"$f(x)=3x+2$, $g(x)=-3x+1$이고 $(f\circ g^{-1})(a)=8$일 때 $a$는? [4.6점]"
h1:original/high/h1/2mid/21_팔마고_2학기_중간_고1_기출.js_9,original/high/h1/2mid/21_팔마고_2학기_중간_고1_기출.js_9,H15-SB-03,H15-SB-03-FUNCTION_RELATION,ABSENT,,ABSENT,ABSENT,TRIAGE_NO_GRAPH_SIGNAL,0,,UNADJUDICATED,PENDING_INDEPENDENT_TRIAGE,NO,"집합 $X=\{1,2,3\}$에 대하여 $X$에서 $X$로의 함수 $f,g,h$가 다음 조건을 만족시킨다. [4.6점]\n(가) $f(x)$는 일대일대응, $g(x)$는 항등함수, $h(x)$는 상수함수이다.\n(나) $f(3)=g(2)=h(1)$\n(다) $f(1)+g(1)=2h(1)$\n이때 $f(2)+g(3)-h(2)$의 값을 구하면?"
h1:original/high/h1/2mid/21_효천고_2학기_중간_고1_기출.js_1,original/high/h1/2mid/21_효천고_2학기_중간_고1_기출.js_1,H15-SB-03,H15-SB-03-FUNCTION_RELATION,PRESENT,,PRESENT,ABSENT,PRIORITY_1_GRAPH_GAP_CANDIDATE,10,explicit-graph|problem-image,UNADJUDICATED,PENDING_INDEPENDENT_TRIAGE,NO,그림의 함수 $f:X\to X$에서 $f(2)$의 값은? [5.3점]
h1:original/high/h1/2mid/21_효천고_2학기_중간_고1_기출.js_10,original/high/h1/2mid/21_효천고_2학기_중간_고1_기출.js_10,H15-SB-03,H15-SB-03-FUNCTION_RELATION,ABSENT,,ABSENT,ABSENT,TRIAGE_NO_GRAPH_SIGNAL,0,,UNADJUDICATED,PENDING_INDEPENDENT_TRIAGE,NO,$f(x)$가 자연수 $x$의 양의 약수 개수일 때 $f(2)+f(3)+\cdots+f(11)$은? [4.4점]
h1:original/high/h1/2mid/21_효천고_2학기_중간_고1_기출.js_15,original/high/h1/2mid/21_효천고_2학기_중간_고1_기출.js_15,H15-SB-03,H15-SB-03-INVERSE_FUNCTION,ABSENT,,ABSENT,ABSENT,TRIAGE_NO_GRAPH_SIGNAL,0,,UNADJUDICATED,PENDING_INDEPENDENT_TRIAGE,NO,"집합 $X=\{1,2,3,4\}$에 대하여 두 함수 $f:X\to X$, $g:X\to X$는 각각 역함수가 존재하고 다음 조건을 만족시킨다. <div class=""note-box"">(가) $f^{-1}(2)+g(2)=7$<br>(나) $f^{-1}(g(2))+g(f^{-1}(2))=6$</div> $f(4)+g(1)$의 최솟값은? [3.9점]"
h1:original/high/h1/2mid/21_효천고_2학기_중간_고1_기출.js_18,original/high/h1/2mid/21_효천고_2학기_중간_고1_기출.js_18,H15-SB-03,H15-SB-03-COMPOSITE_FUNCTION,ABSENT,,ABSENT,ABSENT,PRIORITY_2_GRAPH_SUBUNIT_CANDIDATE,5,graph-subunit,UNADJUDICATED,PENDING_INDEPENDENT_TRIAGE,NO,"집합 $X=\{x\mid0\le x\le4\}$에서 $X$로의 함수 $y=f(x)$가 $f(x)=\begin{cases}4x(2-x)&(0\le x<2)\\-2|x-3|+2&(2\le x\le4)\end{cases}$ 로 정의될 때, 방정식 $f(x)=4-(f\circ f)(x)$의 서로 다른 모든 실근의 합은? [3.5점]"
h1:original/high/h1/2mid/21_효천고_2학기_중간_고1_기출.js_21,original/high/h1/2mid/21_효천고_2학기_중간_고1_기출.js_21,H15-SB-03,H15-SB-03-INVERSE_FUNCTION,ABSENT,,ABSENT,ABSENT,TRIAGE_NO_GRAPH_SIGNAL,0,,UNADJUDICATED,PENDING_INDEPENDENT_TRIAGE,NO,"[서술형 3] $X=\{1,2,3,4\}$에서 $f(1)=1,f(2)=4,f(3)=3+a,f(4)=4+a$이고 역함수가 존재할 때 $a$를 구하시오. [5점]"
h1:original/high/h1/2mid/21_효천고_2학기_중간_고1_기출.js_7,original/high/h1/2mid/21_효천고_2학기_중간_고1_기출.js_7,H15-SB-03,H15-SB-03-COMPOSITE_FUNCTION,ABSENT,,ABSENT,ABSENT,PRIORITY_2_GRAPH_SUBUNIT_CANDIDATE,5,graph-subunit,UNADJUDICATED,PENDING_INDEPENDENT_TRIAGE,NO,"두 함수 $f,g$가 $f(x)=2x-4$, $g(x)=\dfrac12x-1$일 때, 다음은 $(g\circ f)^{-1}$과 $f^{-1}\circ g^{-1}$을 구하여 비교하는 과정이다. (i) $(g\circ f)(x)=g(f(x))=g(2x-4)=$ (가), $(g\circ f)^{-1}(x)=$ (나) (ii) $f^{-1}(x)=\dfrac12x+2$, $g^{-1}(x)=$ (다)이므로 $(f^{-1}\circ "
h1:original/high/h1/2mid/21_효천고_2학기_중간_고1_기출.js_9,original/high/h1/2mid/21_효천고_2학기_중간_고1_기출.js_9,H15-SB-03,H15-SB-03-FUNCTION_RELATION,ABSENT,,ABSENT,ABSENT,TRIAGE_NO_GRAPH_SIGNAL,0,,UNADJUDICATED,PENDING_INDEPENDENT_TRIAGE,NO,"$X=[-1,0]$에서 $f(x)=-x^2+2ax+b$가 $X$에서 $X$로의 일대일대응일 때 $a+b$는? (단, $a\ne0$) [4.5점]"
h1:original/high/h1/2mid/22_강남여고_2학기_중간_고1_기출.js_12,original/high/h1/2mid/22_강남여고_2학기_중간_고1_기출.js_12,H15-SB-03,H15-SB-03-COMPOSITE_FUNCTION,ABSENT,,ABSENT,ABSENT,PRIORITY_2_GRAPH_RELATION_CANDIDATE,7,graph-subunit|graph-relation,UNADJUDICATED,PENDING_INDEPENDENT_TRIAGE,NO,"$X=\{1,2,3,4\}$에 대하여 $X$에서 $X$로의 두 함수 $f,g$가 일대일대응이고, $f(1)=4$, $g(1)=1$, $g(2)=3$, $(g\circ f)(4)=4$, $(g\circ f)(2)=3$일 때, $f(2)+g(3)$의 값은? [4.3점]"
h1:original/high/h1/2mid/22_강남여고_2학기_중간_고1_기출.js_17,original/high/h1/2mid/22_강남여고_2학기_중간_고1_기출.js_17,H15-SB-03,H15-SB-03-INVERSE_FUNCTION,ABSENT,,ABSENT,ABSENT,TRIAGE_NO_GRAPH_SIGNAL,0,,UNADJUDICATED,PENDING_INDEPENDENT_TRIAGE,NO,"집합 $X=\{a,b,c,d,e\}$에 대하여 함수 $f:X\to X$가 일대일대응이고 $f(a)=f^{-1}(a)$를 만족시킬 때, 함수 $f$의 개수는? [4.7점]"
h1:original/high/h1/2mid/22_강남여고_2학기_중간_고1_기출.js_19,original/high/h1/2mid/22_강남여고_2학기_중간_고1_기출.js_19,H15-SB-03,H15-SB-03-COMPOSITE_FUNCTION,PRESENT,,PRESENT,ABSENT,PRIORITY_1_GRAPH_GAP_CANDIDATE,10,explicit-graph|problem-image,UNADJUDICATED,PENDING_INDEPENDENT_TRIAGE,NO,"함수 $y=f(x)$의 그래프가 그림과 같을 때, 부등식 $f(f(x))\le0$을 만족시키는 정수 $x$값의 합은? [5.1점]"
h1:original/high/h1/2mid/22_강남여고_2학기_중간_고1_기출.js_20,original/high/h1/2mid/22_강남여고_2학기_중간_고1_기출.js_20,H15-SB-03,H15-SB-03-FUNCTION_RELATION,PRESENT,,PRESENT,ABSENT,PRIORITY_1_GRAPH_GAP_CANDIDATE,10,explicit-graph|problem-image,UNADJUDICATED,PENDING_INDEPENDENT_TRIAGE,NO,"양수 $a$에 대하여 이차함수 $f(x)=x^2-2ax$의 그래프와 직선 $g(x)=\frac1a x$가 두 점 $O,A$에서 만난다. 이차함수의 꼭짓점을 $B$, 선분 $AB$의 중점을 $C$라 하고 $C$에서 $y$축에 내린 수선의 발을 $H$라 할 때, $CH$의 길이의 최솟값은? [5.2점]"
h1:original/high/h1/2mid/22_강남여고_2학기_중간_고1_기출.js_21,original/high/h1/2mid/22_강남여고_2학기_중간_고1_기출.js_21,H15-SB-03,H15-SB-03-COMPOSITE_FUNCTION,ABSENT,,ABSENT,ABSENT,PRIORITY_2_GRAPH_SUBUNIT_CANDIDATE,5,graph-subunit,UNADJUDICATED,PENDING_INDEPENDENT_TRIAGE,NO,"[서술형 1] 두 함수 $f(x)=ax+b$, $g(x)=2x+a$가 $(f\circ g)(x)=4x+3$을 만족할 때, $f^{-1}(3)$의 값을 구하시오. [4점]"
h1:original/high/h1/2mid/22_강남여고_2학기_중간_고1_기출.js_24,original/high/h1/2mid/22_강남여고_2학기_중간_고1_기출.js_24,H15-SB-03,H15-SB-03-COMPOSITE_FUNCTION,ABSENT,,ABSENT,ABSENT,PRIORITY_2_GRAPH_SUBUNIT_CANDIDATE,5,graph-subunit,UNADJUDICATED,PENDING_INDEPENDENT_TRIAGE,NO,"[서술형 4] $f(x)=\begin{cases}x^2+1&(x\ge0)\\x+1&(x<0)\end{cases}$, $g(x)=x+3$에 대하여 $h=f^{-1}\circ g\circ f$로 정의할 때, $h(-1)+h(-4)$의 값을 구하시오. [6점]"
h1:original/high/h1/2mid/22_강남여고_2학기_중간_고1_기출.js_3,original/high/h1/2mid/22_강남여고_2학기_중간_고1_기출.js_3,H15-SB-03,H15-SB-03-FUNCTION_RELATION,ABSENT,,ABSENT,ABSENT,TRIAGE_NO_GRAPH_SIGNAL,0,,UNADJUDICATED,PENDING_INDEPENDENT_TRIAGE,NO,"정의역이 집합 $X=\{-1,0,a\}$인 두 함수 $f(x)=x^2+2x$, $g(x)=x^3$에 대하여 $f=g$일 때, 상수 $a$의 값은? (단, $n(X)=3$) [3점]"
h1:original/high/h1/2mid/22_강남여고_2학기_중간_고1_기출.js_4,original/high/h1/2mid/22_강남여고_2학기_중간_고1_기출.js_4,H15-SB-03,H15-SB-03-INVERSE_FUNCTION,ABSENT,,ABSENT,ABSENT,TRIAGE_NO_GRAPH_SIGNAL,0,,UNADJUDICATED,PENDING_INDEPENDENT_TRIAGE,NO,"함수 $f(x)=ax+b$가 $f(1)=-1$, $f^{-1}(5)=3$을 만족시킬 때, $f(2)$를 구하면? [3.2점]"
h1:original/high/h1/2mid/22_금당고_2학기_중간_고1_기출.js_1,original/high/h1/2mid/22_금당고_2학기_중간_고1_기출.js_1,H15-SB-03,H15-SB-03-FUNCTION_RELATION,PRESENT,,PRESENT,ABSENT,TRIAGE_NO_GRAPH_SIGNAL,0,,UNADJUDICATED,PENDING_INDEPENDENT_TRIAGE,NO,다음 대응 중 $X$에서 $Y$로의 함수인 것은? [3.8점]
h1:original/high/h1/2mid/22_금당고_2학기_중간_고1_기출.js_11,original/high/h1/2mid/22_금당고_2학기_중간_고1_기출.js_11,H15-SB-03,H15-SB-03-COMPOSITE_FUNCTION,ABSENT,,ABSENT,ABSENT,PRIORITY_2_GRAPH_SUBUNIT_CANDIDATE,5,graph-subunit,UNADJUDICATED,PENDING_INDEPENDENT_TRIAGE,NO,"두 함수 $f(x)=x^2-6x$, $g(x)=|x-3|$에 대하여 방정식 $f(g(x))=g(x)$의 모든 실근의 합은? [4.2점]"
h1:original/high/h1/2mid/22_금당고_2학기_중간_고1_기출.js_12,original/high/h1/2mid/22_금당고_2학기_중간_고1_기출.js_12,H15-SB-03,H15-SB-03-FUNCTION_RELATION,ABSENT,,ABSENT,ABSENT,TRIAGE_NO_GRAPH_SIGNAL,0,,UNADJUDICATED,PENDING_INDEPENDENT_TRIAGE,NO,"정의역이 자연수 전체의 집합이고 공역이 실수 전체의 집합인 함수 $f$가 다음 조건을 만족시킨다. (가) $p$가 소수이면 $f(p)=3p$ (나) 임의의 자연수 $m,n$에 대하여 $f(mn)=f(m)+f(n)$ 이때 $f(432)$의 값을 구하면? [4.4점]"
h1:original/high/h1/2mid/22_금당고_2학기_중간_고1_기출.js_17,original/high/h1/2mid/22_금당고_2학기_중간_고1_기출.js_17,H15-SB-03,H15-SB-03-FUNCTION_RELATION,ABSENT,,ABSENT,ABSENT,TRIAGE_NO_GRAPH_SIGNAL,0,,UNADJUDICATED,PENDING_INDEPENDENT_TRIAGE,NO,"$f(0)=1$인 이차함수 $f(x)$에 대하여 실수 전체의 집합에서 정의된 함수 $g(x)$를 $g(x)=\begin{cases}f(x)&(x\le1)\\|f(x)-6|&(x\gt1)\end{cases}$라 하자. 함수 $g(x)$가 일대일대응일 때, $g(1)+g(2)$의 값은? [4.6점]"
h1:original/high/h1/2mid/22_금당고_2학기_중간_고1_기출.js_20,original/high/h1/2mid/22_금당고_2학기_중간_고1_기출.js_20,H15-SB-03,H15-SB-03-INVERSE_FUNCTION,ABSENT,,ABSENT,ABSENT,PRIORITY_1_EXPLICIT_GRAPH_CANDIDATE,8,explicit-graph,UNADJUDICATED,PENDING_INDEPENDENT_TRIAGE,NO,"[서술형 1] 함수 $f(x)=x^2+\dfrac74$ $(x\ge0)$에 대하여 $y=f(x)$의 그래프와 그 역함수 $y=f^{-1}(x)$의 그래프가 직선 $y=-x+k$와 만나는 두 점을 각각 $A,B$라 하자. 선분 $AB$의 길이가 최소가 될 때, 삼각형 $OAB$의 넓이를 구하는 과정을 서술하시오. (단, $k$는 $\dfrac74$ 이상인 상수이고, $O$는 원점이다.) [10점]"
h1:original/high/h1/2mid/22_금당고_2학기_중간_고1_기출.js_21,original/high/h1/2mid/22_금당고_2학기_중간_고1_기출.js_21,H15-SB-03,H15-SB-03-FUNCTION_RELATION,ABSENT,,ABSENT,ABSENT,TRIAGE_NO_GRAPH_SIGNAL,0,,UNADJUDICATED,PENDING_INDEPENDENT_TRIAGE,NO,"[서술형 2] $a\gt0$인 실수와 자연수 $b$에 대하여 세 집합 $A=\{(x,y)\mid y=x, y=x^2-x-3\}$, $B=\{(x,y)\mid y=x, (x-2a)^2+(y-a)^2=a^2\}$, $C=\{(x,y)\mid y=x, y=|bx+3-3b|\}$가 있다. $n(A\cup B\cup C)=3$일 때, $a+b$의 값을 구하는 과정을 서술하시오. [10점]"
h1:original/high/h1/2mid/22_금당고_2학기_중간_고1_기출.js_6,original/high/h1/2mid/22_금당고_2학기_중간_고1_기출.js_6,H15-SB-03,H15-SB-03-INVERSE_FUNCTION,ABSENT,,ABSENT,ABSENT,TRIAGE_NO_GRAPH_SIGNAL,0,,UNADJUDICATED,PENDING_INDEPENDENT_TRIAGE,NO,"함수 $f(x)=2x+a$에 대하여 $f^{-1}(0)=1$일 때, 상수 $a$의 값은? [4점]"
h1:original/high/h1/2mid/22_금당고_2학기_중간_고1_기출.js_9,original/high/h1/2mid/22_금당고_2학기_중간_고1_기출.js_9,H15-SB-03,H15-SB-03-COMPOSITE_FUNCTION,ABSENT,,ABSENT,ABSENT,PRIORITY_2_GRAPH_SUBUNIT_CANDIDATE,5,graph-subunit,UNADJUDICATED,PENDING_INDEPENDENT_TRIAGE,NO,"두 함수 $f(x)=2x+4$, $g(x)=x+1$에 대하여 $(f\circ g)(a)=-4$가 성립할 때, 상수 $a$의 값은? [4.2점]"
h1:original/high/h1/2mid/22_매산고_2학기_중간_고1_기출.js_10,original/high/h1/2mid/22_매산고_2학기_중간_고1_기출.js_10,H15-SB-03,H15-SB-03-INVERSE_FUNCTION,ABSENT,,ABSENT,ABSENT,TRIAGE_NO_GRAPH_SIGNAL,0,,UNADJUDICATED,PENDING_INDEPENDENT_TRIAGE,NO,"실수 전체의 집합 $R$에서 $R$로 정의된 함수 $f(x)=-4ax-5+|x-3|$의 역함수가 존재할 때, 실수 $a$의 값이 될 수 없는 것을 고르면? [4.7점]"
h1:original/high/h1/2mid/22_매산고_2학기_중간_고1_기출.js_11,original/high/h1/2mid/22_매산고_2학기_중간_고1_기출.js_11,H15-SB-03,H15-SB-03-FUNCTION_RELATION,ABSENT,,ABSENT,ABSENT,TRIAGE_NO_GRAPH_SIGNAL,0,,UNADJUDICATED,PENDING_INDEPENDENT_TRIAGE,NO,"자연수 $n$에 대하여 $n^3$의 일의 자리를 $f(n)$이라 하자. 집합 $A=\{x\mid x=f(k)\}$ (단, $k$는 자연수)의 원소의 합을 $\alpha$라 할 때, $\alpha+n(A)$의 값은? [4.8점]"
h1:original/high/h1/2mid/22_매산고_2학기_중간_고1_기출.js_14,original/high/h1/2mid/22_매산고_2학기_중간_고1_기출.js_14,H15-SB-03,H15-SB-03-FUNCTION_RELATION,ABSENT,,ABSENT,ABSENT,PRIORITY_1_EXPLICIT_GRAPH_CANDIDATE,8,explicit-graph,UNADJUDICATED,PENDING_INDEPENDENT_TRIAGE,NO,"정의역이 실수 전체의 집합인 함수 $f(x)$가 임의의 두 실수 $a,b$에 대하여 등식 $f(a+b)+f(a-b)=2f(a)+2f(b)$를 만족시킨다. 보기에서 옳은 것만을 있는 대로 고른 것은? (단, $f(x)$는 상수함수가 아니다.) [4.9점] ㄱ. $f(0)=0$ ㄴ. $f(x)$의 그래프는 $y$축 대칭이다. ㄷ. $f(1)=4$이면 $f(2^{10})=2^{20}$이다."
h1:original/high/h1/2mid/22_매산고_2학기_중간_고1_기출.js_15,original/high/h1/2mid/22_매산고_2학기_중간_고1_기출.js_15,H15-SB-03,H15-SB-03-COMPOSITE_FUNCTION,ABSENT,,ABSENT,ABSENT,PRIORITY_1_EXPLICIT_GRAPH_CANDIDATE,8,explicit-graph,UNADJUDICATED,PENDING_INDEPENDENT_TRIAGE,NO,"함수 $f(x)=\begin{cases}x&(x\lt2)\\-\frac14x+\frac52&(x\ge2)\end{cases}$에 대하여 합성함수 $y=(f\circ f)(x)$의 그래프가 이차함수 $y=-2x^2+8x+a$의 그래프와 오직 한 점에서 만날 때, 상수 $a$의 값을 구하면? [5점]"
h1:original/high/h1/2mid/22_매산고_2학기_중간_고1_기출.js_16,original/high/h1/2mid/22_매산고_2학기_중간_고1_기출.js_16,H15-SB-03,H15-SB-03-INVERSE_FUNCTION,ABSENT,,ABSENT,ABSENT,PRIORITY_1_EXPLICIT_GRAPH_CANDIDATE,8,explicit-graph,UNADJUDICATED,PENDING_INDEPENDENT_TRIAGE,NO,"[단답형 1] 일차함수 $f(x)$의 역함수를 $g(x)$라 할 때, $y=f(3x-4)$의 역함수를 $g(x)$에 대한 식으로 나타내면 $y=ag(x)+b$이다. 상수 $a,b$에 대하여 $ab$의 값을 구하시오. [4점]"
h1:original/high/h1/2mid/22_매산고_2학기_중간_고1_기출.js_18,original/high/h1/2mid/22_매산고_2학기_중간_고1_기출.js_18,H15-SB-03,H15-SB-03-INVERSE_FUNCTION,ABSENT,,ABSENT,ABSENT,TRIAGE_NO_GRAPH_SIGNAL,0,,UNADJUDICATED,PENDING_INDEPENDENT_TRIAGE,NO,"[단답형 3] 모든 실수 $a,b$에 대하여 함수 $f(x)$가 $f(a)f(b)=f(a+b)$를 만족시킬 때, $y=f(x)$의 역함수 $y=g(x)$의 성질로 옳은 것만을 있는 대로 고르시오. (단, $f(x)\gt0,p\gt0,q\gt0$)[6점] ㄱ. $g(1)=0$ ㄴ. $g(p)+g(q)=g(pq)$ ㄷ. $g(p^2)=2g(p)$ "
h1:original/high/h1/2mid/22_매산고_2학기_중간_고1_기출.js_2,original/high/h1/2mid/22_매산고_2학기_중간_고1_기출.js_2,H15-SB-03,H15-SB-03-FUNCTION_RELATION,ABSENT,,ABSENT,ABSENT,TRIAGE_NO_GRAPH_SIGNAL,0,,UNADJUDICATED,PENDING_INDEPENDENT_TRIAGE,NO,"집합 $X=\{-1,0,1\}$을 정의역으로 하는 두 함수 $f(x)=x^3+ax$, $g(x)=2x+b$에 대하여 $f=g$이다. 이때 상수 $a,b$에 대하여 $a^2-b^2$의 값은? [3.5점]"
h1:original/high/h1/2mid/22_매산고_2학기_중간_고1_기출.js_20,original/high/h1/2mid/22_매산고_2학기_중간_고1_기출.js_20,H15-SB-03,H15-SB-03-COMPOSITE_FUNCTION,PRESENT,,PRESENT,ABSENT,PRIORITY_1_GRAPH_GAP_CANDIDATE,10,explicit-graph|problem-image,UNADJUDICATED,PENDING_INDEPENDENT_TRIAGE,NO,"[서술형 2] 그림과 같이 한 변의 길이가 $1$인 정육각형 $ABCDEF$가 있다. 점 $P$는 점 $A$에서 출발하여 점 $F$까지 화살표 방향으로 정육각형 $ABCDEF$의 변을 따라 움직인다. 점 $P$가 점 $A$로부터 움직인 거리가 $x$ ($0\lt x\lt5$)일 때, 삼각형 $PFA$의 넓이를 $f(x)$라 하자. 함수 $f(x)$에 대하여 $(f\circ f)(a)=\frac7{32}$인 모든 실수 $a$의 "
h1:original/high/h1/2mid/22_매산고_2학기_중간_고1_기출.js_5,original/high/h1/2mid/22_매산고_2학기_중간_고1_기출.js_5,H15-SB-03,H15-SB-03-COMPOSITE_FUNCTION,ABSENT,,ABSENT,ABSENT,PRIORITY_2_GRAPH_SUBUNIT_CANDIDATE,5,graph-subunit,UNADJUDICATED,PENDING_INDEPENDENT_TRIAGE,NO,"두 함수 $f(x)=x+2$, $g(x)=-3x+2$에 대하여 $(f\circ g)(2)+(g\circ f)(-2)$의 값을 구하면? [3.9점]"
h1:original/high/h1/2mid/22_매산고_2학기_중간_고1_기출.js_8,original/high/h1/2mid/22_매산고_2학기_중간_고1_기출.js_8,H15-SB-03,H15-SB-03-FUNCTION_RELATION,ABSENT,,ABSENT,ABSENT,TRIAGE_NO_GRAPH_SIGNAL,0,,UNADJUDICATED,PENDING_INDEPENDENT_TRIAGE,NO,실수 전체의 집합에서 정의된 함수 $f(x)=\begin{cases}x^2-2&(x\ge0)\\(a+3)x+b&(x\lt0)\end{cases}$가 일대일대응이 되도록 하는 $a-b$의 범위는? [4.4점]
h1:original/high/h1/2mid/22_매산고_2학기_중간_고1_기출.js_9,original/high/h1/2mid/22_매산고_2학기_중간_고1_기출.js_9,H15-SB-03,H15-SB-03-FUNCTION_RELATION,PRESENT,,PRESENT,ABSENT,PRIORITY_1_GRAPH_GAP_CANDIDATE,10,explicit-graph|problem-image,UNADJUDICATED,PENDING_INDEPENDENT_TRIAGE,NO,"$0\le x\le3$에서 정의된 함수 $y=f(x)$의 그래프가 오른쪽 그림과 같고, $f^1=f$, $f^{n+1}=f\circ f^n$으로 정의할 때, $f^{104}(1)+f^{203}(1)+f^{301}(1)$의 값을 구하면? [4.6점]"
h1:original/high/h1/2mid/22_복성고_2학기_중간_고1_기출.js_10,original/high/h1/2mid/22_복성고_2학기_중간_고1_기출.js_10,H15-SB-03,H15-SB-03-COMPOSITE_FUNCTION,ABSENT,,ABSENT,ABSENT,PRIORITY_2_GRAPH_SUBUNIT_CANDIDATE,5,graph-subunit,UNADJUDICATED,PENDING_INDEPENDENT_TRIAGE,NO,"세 함수 $f,g,h$에 대하여 $f(x)=2x$, $(h\circ g)(x)=\dfrac12x-1$일 때, $(h\circ(g\circ f))(3)$의 값은? [4.2점]"
h1:original/high/h1/2mid/22_복성고_2학기_중간_고1_기출.js_12,original/high/h1/2mid/22_복성고_2학기_중간_고1_기출.js_12,H15-SB-03,H15-SB-03-COMPOSITE_FUNCTION,PRESENT,,PRESENT,ABSENT,PRIORITY_1_GRAPH_GAP_CANDIDATE,10,explicit-graph|problem-image,UNADJUDICATED,PENDING_INDEPENDENT_TRIAGE,NO,"그림은 직선 $y=x$와 $x\ge0$에서 정의된 두 함수 $y=f(x)$, $y=g(x)$의 그래프이다. 두 함수 $f,g$의 역함수가 존재할 때, $(g\circ(f\circ g)^{-1}\circ g)(c)$의 값은? (단, 모든 점선은 $x$축 또는 $y$축에 평행하다.) [4.3점]"
h1:original/high/h1/2mid/22_복성고_2학기_중간_고1_기출.js_13,original/high/h1/2mid/22_복성고_2학기_중간_고1_기출.js_13,H15-SB-03,H15-SB-03-INVERSE_FUNCTION,ABSENT,,ABSENT,ABSENT,PRIORITY_1_EXPLICIT_GRAPH_CANDIDATE,8,explicit-graph,UNADJUDICATED,PENDING_INDEPENDENT_TRIAGE,NO,"함수 $f(x)=3x^2+6x+2;(x\ge-1)$의 그래프와 그 역함수의 그래프가 두 점 $A,B$에서 만날 때, $\overline{AB}$의 길이는? [4.4점]"
h1:original/high/h1/2mid/22_복성고_2학기_중간_고1_기출.js_16,original/high/h1/2mid/22_복성고_2학기_중간_고1_기출.js_16,H15-SB-03,H15-SB-03-INVERSE_FUNCTION,ABSENT,,ABSENT,ABSENT,PRIORITY_1_EXPLICIT_GRAPH_CANDIDATE,8,explicit-graph,UNADJUDICATED,PENDING_INDEPENDENT_TRIAGE,NO,"일대일대응인 함수 $f(x)$의 역함수를 $g(x)$라 할 때, 함수 $f(3x-1)$의 역함수를 $g(x)$로 나타낸 것은? [4.5점]"
h1:original/high/h1/2mid/22_복성고_2학기_중간_고1_기출.js_19,original/high/h1/2mid/22_복성고_2학기_중간_고1_기출.js_19,H15-SB-03,H15-SB-03-FUNCTION_RELATION,PRESENT,,PRESENT,ABSENT,PRIORITY_1_GRAPH_GAP_CANDIDATE,10,explicit-graph|problem-image,UNADJUDICATED,PENDING_INDEPENDENT_TRIAGE,NO,"그림은 $0\le x\le5$에서 정의된 함수 $y=f(x)$의 그래프이다. $f^1(x)=f(x)$, $f^{n+1}(x)=(f\circ f^n)(x)$로 정의할 때, $f^{50}(1)+f^{100}(1)$의 값은? [4.6점]"
h1:original/high/h1/2mid/22_복성고_2학기_중간_고1_기출.js_20,original/high/h1/2mid/22_복성고_2학기_중간_고1_기출.js_20,H15-SB-03,H15-SB-03-FUNCTION_RELATION,ABSENT,,ABSENT,ABSENT,TRIAGE_NO_GRAPH_SIGNAL,0,,UNADJUDICATED,PENDING_INDEPENDENT_TRIAGE,NO,"[서술형 1] 공집합이 아닌 집합 $X$를 정의역으로 하는 두 함수 $f(x)=x^3+x$, $g(x)=-3x^2+x+4$에 대하여 $f=g$가 되도록 하는 집합 $X$의 개수를 구하는 과정을 서술하시오. [5점]"
h1:original/high/h1/2mid/22_복성고_2학기_중간_고1_기출.js_22,original/high/h1/2mid/22_복성고_2학기_중간_고1_기출.js_22,H15-SB-04,H15-SB-04-RATIONAL_BASIC,PRESENT,,PRESENT,ABSENT,PRIORITY_1_GRAPH_GAP_CANDIDATE,10,explicit-graph|problem-image,UNADJUDICATED,PENDING_INDEPENDENT_TRIAGE,NO,"[서술형 3] 그림과 같이 유리함수 $y=\dfrac{k}{x};(k\gt0)$의 그래프가 직선 $y=-x+8$과 두 점 $P,Q$에서 만난다. 삼각형 $OPQ$의 넓이가 $26$일 때, 상수 $k$의 값을 구하는 과정을 서술하시오. (단, $O$는 원점이다.) [8점]"
h1:original/high/h1/2mid/22_복성고_2학기_중간_고1_기출.js_3,original/high/h1/2mid/22_복성고_2학기_중간_고1_기출.js_3,H15-SB-03,H15-SB-03-INVERSE_FUNCTION,ABSENT,,ABSENT,ABSENT,TRIAGE_NO_GRAPH_SIGNAL,0,,UNADJUDICATED,PENDING_INDEPENDENT_TRIAGE,NO,함수 $f(x)=2x-3$에 대하여 $f^{-1}(7)$의 값은? [3.9점]
h1:original/high/h1/2mid/22_복성고_2학기_중간_고1_기출.js_4,original/high/h1/2mid/22_복성고_2학기_중간_고1_기출.js_4,H15-SB-03,H15-SB-03-FUNCTION_RELATION,PRESENT,,PRESENT,ABSENT,PRIORITY_1_GRAPH_GAP_CANDIDATE,10,explicit-graph|problem-image,UNADJUDICATED,PENDING_INDEPENDENT_TRIAGE,NO,다음 중 함수의 그래프가 아닌 것은? [3.9점]
h1:original/high/h1/2mid/22_복성고_2학기_중간_고1_기출.js_6,original/high/h1/2mid/22_복성고_2학기_중간_고1_기출.js_6,H15-SB-04,H15-SB-04-RATIONAL_BASIC,ABSENT,,ABSENT,ABSENT,TRIAGE_NO_GRAPH_SIGNAL,0,,UNADJUDICATED,PENDING_INDEPENDENT_TRIAGE,NO,〈보기〉 중 다항함수가 아닌 유리함수인 것을 있는 대로 고른 것은? [4.0점] ㄱ. $y=\dfrac13x$ ㄴ. $y=1-\dfrac1x$ ㄷ. $y=1-\dfrac{x^2}{2}$ ㄹ. $y=\dfrac{x+1}{2x}$
h1:original/high/h1/2mid/22_복성고_2학기_중간_고1_기출.js_7,original/high/h1/2mid/22_복성고_2학기_중간_고1_기출.js_7,H15-SB-04,H15-SB-04-RATIONAL_GRAPH,ABSENT,,ABSENT,ABSENT,PRIORITY_1_EXPLICIT_GRAPH_CANDIDATE,8,explicit-graph,UNADJUDICATED,PENDING_INDEPENDENT_TRIAGE,NO,다음 중 $y=-\dfrac1{4x}$의 그래프에 대한 설명으로 옳지 않은 것은? [4.1점]
h1:original/high/h1/2mid/22_순천여고_2학기_중간_고1_기출.js_11,original/high/h1/2mid/22_순천여고_2학기_중간_고1_기출.js_11,H15-SB-03,H15-SB-03-FUNCTION_RELATION,ABSENT,,ABSENT,ABSENT,TRIAGE_NO_GRAPH_SIGNAL,0,,UNADJUDICATED,PENDING_INDEPENDENT_TRIAGE,NO,"집합 $X=\{1,2,3,4,5\}$에 대하여 집합 $X$에서 $X$로의 일대일대응, 항등함수, 상수함수를 각각 $f,g,h$라 하자. 다음 조건을 만족할 때 $f^{-1}(4)+g(1)+h(1)$의 값은? [4점] (가) 모든 $x\in X$에 대하여 $f(x)\ne x$ (나) $f(2)+f(4)=g(3)$ (다) $h(3)+g(1)=5$ (라) $f(1)h(5)=20$"
h1:original/high/h1/2mid/22_순천여고_2학기_중간_고1_기출.js_14,original/high/h1/2mid/22_순천여고_2학기_중간_고1_기출.js_14,H15-SB-03,H15-SB-03-FUNCTION_RELATION,ABSENT,,ABSENT,ABSENT,TRIAGE_NO_GRAPH_SIGNAL,0,,UNADJUDICATED,PENDING_INDEPENDENT_TRIAGE,NO,공집합이 아닌 집합 $X$에서 $X$로의 함수 $f(x)=x^4-3x^2-x$가 항등함수가 되도록 하는 집합 $X$의 개수는? [4.1점]
h1:original/high/h1/2mid/22_순천여고_2학기_중간_고1_기출.js_16,original/high/h1/2mid/22_순천여고_2학기_중간_고1_기출.js_16,H15-SB-03,H15-SB-03-COMPOSITE_FUNCTION,ABSENT,,ABSENT,ABSENT,PRIORITY_2_GRAPH_SUBUNIT_CANDIDATE,5,graph-subunit,UNADJUDICATED,PENDING_INDEPENDENT_TRIAGE,NO,"두 함수 $f,g$가 $f(x)=\begin{cases}(x-1)^2+4&(x\ge1)\\x+3&(x<1)\end{cases}$, $(f\circ g)(x)=x$를 만족시킬 때, $g(8)+g(2)$의 값은? [4.2점]"
h1:original/high/h1/2mid/22_순천여고_2학기_중간_고1_기출.js_17,original/high/h1/2mid/22_순천여고_2학기_중간_고1_기출.js_17,H15-SB-03,H15-SB-03-COMPOSITE_FUNCTION,ABSENT,,ABSENT,ABSENT,PRIORITY_2_GRAPH_RELATION_CANDIDATE,7,graph-subunit|graph-relation,UNADJUDICATED,PENDING_INDEPENDENT_TRIAGE,NO,"두 함수 $f(x)=-x^2+8x+a$, $g(x)=x^2-2x+2$에 대하여 정의역이 $0\le x\le3$인 함수 $(f\circ g)(x)$의 최솟값이 5일 때, 상수 $a$의 값은? [4.3점]"
h1:original/high/h1/2mid/22_순천여고_2학기_중간_고1_기출.js_18,original/high/h1/2mid/22_순천여고_2학기_중간_고1_기출.js_18,H15-SB-03,H15-SB-03-COMPOSITE_FUNCTION,ABSENT,,ABSENT,ABSENT,PRIORITY_2_GRAPH_RELATION_CANDIDATE,7,graph-subunit|graph-relation,UNADJUDICATED,PENDING_INDEPENDENT_TRIAGE,NO,함수 $f(x)=\begin{cases}-(x-1)^2+1&(0<x<2)\\|x-1|-1&(x\le0)\\|x-1|-1&(x\ge2)\end{cases}$에 대하여 $(f\circ f)(a)=1$인 모든 $a$의 합은? [4.3점]
h1:original/high/h1/2mid/22_순천여고_2학기_중간_고1_기출.js_19,original/high/h1/2mid/22_순천여고_2학기_중간_고1_기출.js_19,H15-SB-03,H15-SB-03-FUNCTION_RELATION,PRESENT,,PRESENT,ABSENT,PRIORITY_1_GRAPH_GAP_CANDIDATE,10,explicit-graph|problem-image,UNADJUDICATED,PENDING_INDEPENDENT_TRIAGE,NO,"그림과 같이 $\overline{AB}=6$, $\overline{BC}=8$인 직각삼각형 $ABC$에 점 $B$를 한 꼭짓점으로 하는 직사각형이 내접하고 있다. 이 직사각형의 넓이가 최대가 될 때, 직사각형의 둘레의 길이는? [4.4점]"
h1:original/high/h1/2mid/22_순천여고_2학기_중간_고1_기출.js_2,original/high/h1/2mid/22_순천여고_2학기_중간_고1_기출.js_2,H15-SB-03,H15-SB-03-FUNCTION_RELATION,PRESENT,,PRESENT,ABSENT,PRIORITY_1_GRAPH_GAP_CANDIDATE,10,explicit-graph|problem-image,UNADJUDICATED,PENDING_INDEPENDENT_TRIAGE,NO,다음 보기의 그래프 중 실수 전체의 집합에서 실수 전체의 집합으로의 함수인 것을 모두 고르면? [3.6점]
h1:original/high/h1/2mid/22_순천여고_2학기_중간_고1_기출.js_20,original/high/h1/2mid/22_순천여고_2학기_중간_고1_기출.js_20,H15-SB-03,H15-SB-03-FUNCTION_RELATION,ABSENT,,ABSENT,ABSENT,PRIORITY_1_EXPLICIT_GRAPH_CANDIDATE,8,explicit-graph,UNADJUDICATED,PENDING_INDEPENDENT_TRIAGE,NO,"이차함수 $f(x)=-x^2+ax+b$에 대하여 $h(x)=\begin{cases}f(x)&(x\ge0)\\f(-x)&(x<0)\end{cases}$라 하자. (가) 방정식 $h(x)=3$은 서로 다른 세 실근을 갖고, (나) 함수 $h(x)$의 그래프 위의 점 중 $y$좌표가 양의 정수인 점은 9개이다. $f(4)$의 값은? (단, $a>0$) [4.4점]"
h1:original/high/h1/2mid/22_순천여고_2학기_중간_고1_기출.js_23,original/high/h1/2mid/22_순천여고_2학기_중간_고1_기출.js_23,H15-SB-03,H15-SB-03-INVERSE_FUNCTION,ABSENT,,ABSENT,ABSENT,TRIAGE_NO_GRAPH_SIGNAL,0,,UNADJUDICATED,PENDING_INDEPENDENT_TRIAGE,NO,"[서술형 3] 정의역이 $\{x\mid-2\le x\le b\}$이고 역함수가 존재하는 함수 $f(x)=x^2+ax-2$의 치역이 $\{y\mid-5\le y\le10\}$일 때, $a,b$의 값을 각각 구하시오. (단, $a<0$) [7점]"
h1:original/high/h1/2mid/22_순천여고_2학기_중간_고1_기출.js_5,original/high/h1/2mid/22_순천여고_2학기_중간_고1_기출.js_5,H15-SB-03,H15-SB-03-INVERSE_FUNCTION,ABSENT,,ABSENT,ABSENT,TRIAGE_NO_GRAPH_SIGNAL,0,,UNADJUDICATED,PENDING_INDEPENDENT_TRIAGE,NO,"함수 $f(x)=2x+a$의 역함수 $f^{-1}$에 대하여 $f^{-1}(3)=1$을 만족할 때, $a$의 값은? (단, $a$는 상수) [3.8점]"
h1:original/high/h1/2mid/22_순천여고_2학기_중간_고1_기출.js_7,original/high/h1/2mid/22_순천여고_2학기_중간_고1_기출.js_7,H15-SB-03,H15-SB-03-COMPOSITE_FUNCTION,PRESENT,,PRESENT,ABSENT,PRIORITY_1_GRAPH_GAP_CANDIDATE,10,explicit-graph|problem-image,UNADJUDICATED,PENDING_INDEPENDENT_TRIAGE,NO,"$0\le x\le1$에서 정의된 두 함수 $y=f(x)$, $y=g(x)$의 그래프가 아래와 같을 때, $(g\circ(f\circ g)^{-1}\circ g)(e)$의 값은? [3.9점]"
h1:original/high/h1/2mid/22_순천여고_2학기_중간_고1_기출.js_9,original/high/h1/2mid/22_순천여고_2학기_중간_고1_기출.js_9,H15-SB-03,H15-SB-03-INVERSE_FUNCTION,PRESENT,,PRESENT,ABSENT,PRIORITY_1_GRAPH_GAP_CANDIDATE,10,explicit-graph|problem-image,UNADJUDICATED,PENDING_INDEPENDENT_TRIAGE,NO,"집합 $X=\{1,2,3,4,5\}$에 대하여 함수 $f:X\to X$의 그래프가 그림과 같다. $f$의 역함수를 $g$라 하고 $g^1=g$, $g^{n+1}=g^n\circ g$일 때, $g^{2022}(4)$의 값은? [4점]"
h1:original/high/h1/2mid/22_제일고_2학기_중간_고1_기출.js_12,original/high/h1/2mid/22_제일고_2학기_중간_고1_기출.js_12,H15-SB-03,H15-SB-03-FUNCTION_RELATION,ABSENT,,ABSENT,ABSENT,TRIAGE_NO_GRAPH_SIGNAL,0,,UNADJUDICATED,PENDING_INDEPENDENT_TRIAGE,NO,"$X=\{1,2,3,4\}$에서 $X$로의 함수 $f(x)=\begin{cases}x+1&(x\le3)\\1&(x=4)\end{cases}$이고 $f^1=f$, $f^2=f\circ f$, $f^3=f\circ f\circ f$, $\cdots$로 정의할 때, $f^{2022}(1)+f^{2023}(2)$의 값은? [4.2점]"
h1:original/high/h1/2mid/22_제일고_2학기_중간_고1_기출.js_16,original/high/h1/2mid/22_제일고_2학기_중간_고1_기출.js_16,H15-SB-03,H15-SB-03-FUNCTION_RELATION,ABSENT,,ABSENT,ABSENT,TRIAGE_NO_GRAPH_SIGNAL,0,,UNADJUDICATED,PENDING_INDEPENDENT_TRIAGE,NO,"$50$ 이하의 자연수 중 $7$의 배수 전체의 집합을 $S$라 하자. $S$의 부분집합 $X$와 $Y=\{0,1,2,3,4\}$에 대하여 함수 $f:X\to Y$를 $f(x)$는 $x$를 $5$로 나눈 나머지가 되도록 정의한다. $f$가 일대일대응이 되도록 하는 집합 $X$의 개수는? [5점]"
h1:original/high/h1/2mid/22_제일고_2학기_중간_고1_기출.js_18,original/high/h1/2mid/22_제일고_2학기_중간_고1_기출.js_18,H15-SB-03,H15-SB-03-COMPOSITE_FUNCTION,ABSENT,,ABSENT,ABSENT,PRIORITY_2_GRAPH_SUBUNIT_CANDIDATE,5,graph-subunit,UNADJUDICATED,PENDING_INDEPENDENT_TRIAGE,NO,"두 함수 $f(x)=x+a$, $g(x)=\begin{cases}2x-2&(x\le a)\\x^2&(x>a)\end{cases}$에 대하여 $(g\circ f)(1)+(f\circ g)(2)=3$을 만족시키는 모든 실수 $a$의 값의 합은? [5.1점]"
h1:original/high/h1/2mid/22_제일고_2학기_중간_고1_기출.js_6,original/high/h1/2mid/22_제일고_2학기_중간_고1_기출.js_6,H15-SB-03,H15-SB-03-INVERSE_FUNCTION,ABSENT,,ABSENT,ABSENT,TRIAGE_NO_GRAPH_SIGNAL,0,,UNADJUDICATED,PENDING_INDEPENDENT_TRIAGE,NO,"실수 전체에서 정의된 함수 $f(x)=\begin{cases}2x+3&(x\ge0)\\(1-a)x+b&(x<0)\end{cases}$가 (ㄱ) 일대일대응이 아니고, (ㄴ) 치역과 공역이 일치할 때, 정수 $a$의 최댓값과 정수 $b$의 최솟값의 차 $b-a$는? [4.7점]"
h1:original/high/h1/2mid/22_제일고_2학기_중간_고1_기출.js_8,original/high/h1/2mid/22_제일고_2학기_중간_고1_기출.js_8,H15-SB-03,H15-SB-03-FUNCTION_RELATION,ABSENT,,ABSENT,ABSENT,TRIAGE_NO_GRAPH_SIGNAL,0,,UNADJUDICATED,PENDING_INDEPENDENT_TRIAGE,NO,"$X=\{1,2,3\}$에 대하여 $X$에서 $X$로의 함수의 개수를 $p$, 일대일대응의 개수를 $q$, 항등함수의 개수를 $r$, 상수함수의 개수를 $s$라 할 때, $p+q+r+s$의 값은? [3.9점]"
h1:original/high/h1/2mid/22_팔마고_2학기_중간_고1_기출.js_10,original/high/h1/2mid/22_팔마고_2학기_중간_고1_기출.js_10,H15-SB-03,H15-SB-03-FUNCTION_RELATION,ABSENT,,ABSENT,ABSENT,TRIAGE_NO_GRAPH_SIGNAL,0,,UNADJUDICATED,PENDING_INDEPENDENT_TRIAGE,NO,"두 집합 $X=\{1,2,3\}$, $Y=\{a,b,c,d\}$에 대하여 $X$에서 $Y$로의 함수 중 $x_1\ne x_2$이면 $f(x_1)\ne f(x_2)$를 만족시키는 함수의 개수는? [4.1점]"
h1:original/high/h1/2mid/22_팔마고_2학기_중간_고1_기출.js_11,original/high/h1/2mid/22_팔마고_2학기_중간_고1_기출.js_11,H15-SB-03,H15-SB-03-COMPOSITE_FUNCTION,PRESENT,,PRESENT,ABSENT,PRIORITY_1_GRAPH_GAP_CANDIDATE,10,explicit-graph|problem-image,UNADJUDICATED,PENDING_INDEPENDENT_TRIAGE,NO,"두 함수 $y=f(x)$와 $y=x$의 그래프가 오른쪽 그림과 같고 함수 $f$의 역함수가 존재할 때, $(f^{-1}\circ f^{-1}\circ f^{-1})(b)$는? (단, 모든 점선은 $x$축 또는 $y$축에 평행하다.) [4.1점]"
h1:original/high/h1/2mid/22_팔마고_2학기_중간_고1_기출.js_12,original/high/h1/2mid/22_팔마고_2학기_중간_고1_기출.js_12,H15-SB-03,H15-SB-03-INVERSE_FUNCTION,ABSENT,,ABSENT,ABSENT,PRIORITY_1_EXPLICIT_GRAPH_CANDIDATE,8,explicit-graph,UNADJUDICATED,PENDING_INDEPENDENT_TRIAGE,NO,함수 $f(x)=\begin{cases}\dfrac{2}{3}x+1&(x\ge0)\\\dfrac{3}{2}x+1&(x\lt0)\end{cases}$의 그래프와 그 역함수 $y=f^{-1}(x)$의 그래프로 둘러싸인 부분의 넓이는? [4.3점]
h1:original/high/h1/2mid/22_팔마고_2학기_중간_고1_기출.js_13,original/high/h1/2mid/22_팔마고_2학기_중간_고1_기출.js_13,H15-SB-03,H15-SB-03-COMPOSITE_FUNCTION,ABSENT,,ABSENT,ABSENT,PRIORITY_2_GRAPH_SUBUNIT_CANDIDATE,5,graph-subunit,UNADJUDICATED,PENDING_INDEPENDENT_TRIAGE,NO,"실수 전체에서 정의된 $f(x)=3x-1$, $g(x)=-x+3$에 대하여 $(f\circ(g^{-1}\circ f)^{-1}\circ f)(x)=ax+b$일 때, $ab$의 값은? [4.1점]"
h1:original/high/h1/2mid/22_팔마고_2학기_중간_고1_기출.js_16,original/high/h1/2mid/22_팔마고_2학기_중간_고1_기출.js_16,H15-SB-03,H15-SB-03-FUNCTION_RELATION,PRESENT,,PRESENT,ABSENT,PRIORITY_1_GRAPH_GAP_CANDIDATE,10,explicit-graph|problem-image,UNADJUDICATED,PENDING_INDEPENDENT_TRIAGE,NO,"그림은 $0\le x\le5$에서 정의된 함수 $y=f(x)$의 그래프이다. $f^1=f$, $f^{n+1}=f\circ f^n$일 때, $f^{100}(2)+f^{100}(3)$의 값은? [4.6점]"
h1:original/high/h1/2mid/22_팔마고_2학기_중간_고1_기출.js_17,original/high/h1/2mid/22_팔마고_2학기_중간_고1_기출.js_17,H15-SB-03,H15-SB-03-INVERSE_FUNCTION,ABSENT,,ABSENT,ABSENT,TRIAGE_NO_GRAPH_SIGNAL,0,,UNADJUDICATED,PENDING_INDEPENDENT_TRIAGE,NO,"함수 $f(x)=\begin{cases}\dfrac{3}{2}x+4&(x\lt-2)\\\dfrac{1}{2}x+2&(x\ge-2)\end{cases}$의 역함수를 $g(x)$라 할 때, 방정식 $\{f(x)\}^2=f(x)g(x)$의 모든 실근의 합은? [4.7점]"
h1:original/high/h1/2mid/22_팔마고_2학기_중간_고1_기출.js_19,original/high/h1/2mid/22_팔마고_2학기_중간_고1_기출.js_19,H15-SB-03,H15-SB-03-INVERSE_FUNCTION,ABSENT,,ABSENT,ABSENT,TRIAGE_NO_GRAPH_SIGNAL,0,,UNADJUDICATED,PENDING_INDEPENDENT_TRIAGE,NO,[서답형 2] 실수 전체에서 정의된 함수 $g(x)=\begin{cases}(a-4)x^2&(x\lt0)\\(a^2-10a+16)x&(x\ge0)\end{cases}$가 있다. 모든 실수 $x$에 대하여 $(g\circ f)(x)=x$를 만족시키는 함수 $f$가 존재하도록 하는 자연수 $a$값의 합은? [5점]
h1:original/high/h1/2mid/22_팔마고_2학기_중간_고1_기출.js_22,original/high/h1/2mid/22_팔마고_2학기_중간_고1_기출.js_22,H15-SB-03,H15-SB-03-INVERSE_FUNCTION,ABSENT,,ABSENT,PRESENT,SOLUTION_VISUAL_PRESENT,0,solutionImage-present,UNADJUDICATED,PENDING_INDEPENDENT_TRIAGE,NO,[서답형 5] 집합 $\{x\mid x\ge1\}$에서 정의된 함수 $f(x)=x^2-2x+k$에 대하여 $y=f(x)$의 그래프와 그 역함수 $y=f^{-1}(x)$의 그래프가 두 점에서 만나도록 하는 실수 $k$의 범위를 구하시오. [7점]
h1:original/high/h1/2mid/22_팔마고_2학기_중간_고1_기출.js_4,original/high/h1/2mid/22_팔마고_2학기_중간_고1_기출.js_4,H15-SB-03,H15-SB-03-FUNCTION_RELATION,ABSENT,,ABSENT,ABSENT,TRIAGE_NO_GRAPH_SIGNAL,0,,UNADJUDICATED,PENDING_INDEPENDENT_TRIAGE,NO,"집합 $X=\{a,b,c\}$를 정의역으로 하는 두 함수 $f(x)=3x(x+1)$, $g(x)=x^3+1$에 대하여 $f=g$가 성립할 때, $abc$의 값은? (단, $a,b,c$는 실수) [3.8점]"
h1:original/high/h1/2mid/22_팔마고_2학기_중간_고1_기출.js_5,original/high/h1/2mid/22_팔마고_2학기_중간_고1_기출.js_5,H15-SB-03,H15-SB-03-FUNCTION_RELATION,ABSENT,,ABSENT,ABSENT,TRIAGE_NO_GRAPH_SIGNAL,0,,UNADJUDICATED,PENDING_INDEPENDENT_TRIAGE,NO,"실수 전체에서 정의된 두 함수 $f,g$에 대하여 $f$는 항등함수이고 $g$는 상수함수이다. $f(1)+g(1)=11$일 때, $f(10)+g(10)$의 값은? [3.7점]"
h1:original/high/h1/2mid/22_팔마고_2학기_중간_고1_기출.js_6,original/high/h1/2mid/22_팔마고_2학기_중간_고1_기출.js_6,H15-SB-03,H15-SB-03-INVERSE_FUNCTION,ABSENT,,ABSENT,ABSENT,TRIAGE_NO_GRAPH_SIGNAL,0,,UNADJUDICATED,PENDING_INDEPENDENT_TRIAGE,NO,"$X=\{0,1,2,3,4,5\}$에서 $X$로의 함수 $f$를 $f(x)$는 $x^2$을 $5$로 나눈 나머지가 되도록 정의한다. 함수 $f$의 치역의 모든 원소의 합은? [3.8점]"
h1:original/high/h1/2mid/22_효천고_2학기_중간_고1_기출.js_16,original/high/h1/2mid/22_효천고_2학기_중간_고1_기출.js_16,H15-SB-03,H15-SB-03-COMPOSITE_FUNCTION,ABSENT,,ABSENT,ABSENT,PRIORITY_2_GRAPH_SUBUNIT_CANDIDATE,5,graph-subunit,UNADJUDICATED,PENDING_INDEPENDENT_TRIAGE,NO,"임의의 실수 $x$에 대하여 함수 $f$가 $2f(x)+f(2-x)=5x-2$를 만족시킬 때, $(f\circ f)(2)$의 값은? [4.8점]"
h1:original/high/h1/2mid/22_효천고_2학기_중간_고1_기출.js_19,original/high/h1/2mid/22_효천고_2학기_중간_고1_기출.js_19,H15-SB-03,H15-SB-03-FUNCTION_RELATION,ABSENT,,ABSENT,ABSENT,TRIAGE_NO_GRAPH_SIGNAL,0,,UNADJUDICATED,PENDING_INDEPENDENT_TRIAGE,NO,"서술형 2<br>집합 $X=\{1,2,3\}$에 대하여 $X$에서 $X$로의 세 함수 $f$, $g$, $h$가 각각 상수함수, 항등함수, 일대일대응이고 $f(2)=g(2)=h(2)$, $f(1)+g(1)=h(1)$을 만족시킬 때, $f(3)+g(3)+h(3)$의 값을 구하고 그 과정을 서술하시오. [5점]"
h1:original/high/h1/2mid/22_효천고_2학기_중간_고1_기출.js_22,original/high/h1/2mid/22_효천고_2학기_중간_고1_기출.js_22,H15-SB-03,H15-SB-03-FUNCTION_RELATION,ABSENT,,ABSENT,ABSENT,PRIORITY_1_EXPLICIT_GRAPH_CANDIDATE,8,explicit-graph,UNADJUDICATED,PENDING_INDEPENDENT_TRIAGE,NO,"서술형 5<br>집합 $X=\{x\mid0\le x\le6\}$, 실수 전체의 집합 $Y$에 대하여 $X$에서 $Y$로의 함수 $f(x)=\left||-2x+6|-4\right|$와 직선 $y=\frac{1}{3}x+k$가 만나는 서로 다른 교점의 개수를 $g(k)$라 하자. 함수 $y=g(k)$에 대하여 $f(a)=g(a)$를 만족하는 $a$값을 모두 구하시오. [8점]"
h1:original/high/h1/2mid/22_효천고_2학기_중간_고1_기출.js_3,original/high/h1/2mid/22_효천고_2학기_중간_고1_기출.js_3,H15-SB-03,H15-SB-03-FUNCTION_RELATION,PRESENT,,PRESENT,ABSENT,PRIORITY_1_GRAPH_GAP_CANDIDATE,10,explicit-graph|problem-image,UNADJUDICATED,PENDING_INDEPENDENT_TRIAGE,NO,"다음 중 실수의 집합 $X$, $Y$에 대하여 집합 $X$에서 집합 $Y$로의 함수의 그래프가 아닌 것은? [3.5점]"
h1:original/high/h1/2mid/22_효천고_2학기_중간_고1_기출.js_4,original/high/h1/2mid/22_효천고_2학기_중간_고1_기출.js_4,H15-SB-03,H15-SB-03-FUNCTION_RELATION,ABSENT,,ABSENT,ABSENT,TRIAGE_NO_GRAPH_SIGNAL,0,,UNADJUDICATED,PENDING_INDEPENDENT_TRIAGE,NO,"자연수의 집합 $X$에서 $X$로의 함수 $f$는 상수함수이다. $f(3)=5$일 때, $f(1)+f(2)+\cdots+f(20)$의 값은? [3.6점]"
h1:original/high/h1/2mid/22_효천고_2학기_중간_고1_기출.js_6,original/high/h1/2mid/22_효천고_2학기_중간_고1_기출.js_6,H15-SB-03,H15-SB-03-COMPOSITE_FUNCTION,ABSENT,,ABSENT,ABSENT,PRIORITY_2_GRAPH_SUBUNIT_CANDIDATE,5,graph-subunit,UNADJUDICATED,PENDING_INDEPENDENT_TRIAGE,NO,"함수 $f(x)=x+1$에서 $f^1(x)=f(x)$, $f^{n+1}(x)=(f\circ f^n)(x)$로 정의할 때, $f^{20}(1)$의 값은? [3.8점]"
h1:original/high/h1/2mid/22_효천고_2학기_중간_고1_기출.js_7,original/high/h1/2mid/22_효천고_2학기_중간_고1_기출.js_7,H15-SB-03,H15-SB-03-FUNCTION_RELATION,ABSENT,,ABSENT,ABSENT,TRIAGE_NO_GRAPH_SIGNAL,0,,UNADJUDICATED,PENDING_INDEPENDENT_TRIAGE,NO,"실수 전체의 집합에서 정의된 함수 $f(x)=\begin{cases}2x+1&(x\ge0)\\(1-a)x+1&(x<0)\end{cases}$가 일대일대응일 때, 상수 $a$의 값의 범위는? [3.9점]"
h1:original/high/h1/2mid/22_효천고_2학기_중간_고1_기출.js_8,original/high/h1/2mid/22_효천고_2학기_중간_고1_기출.js_8,H15-SB-03,H15-SB-03-COMPOSITE_FUNCTION,ABSENT,,ABSENT,ABSENT,PRIORITY_2_GRAPH_SUBUNIT_CANDIDATE,5,graph-subunit,UNADJUDICATED,PENDING_INDEPENDENT_TRIAGE,NO,"두 함수 $f(x)=-x+2$, $g(x)=2x+k$가 $f\circ g=g\circ f$를 만족시킬 때, $g(2)$의 값은? (단, $k$는 상수) [4점]"
h1:original/high/h1/2mid/23_강남여고_2학기_중간_고1_기출.js_10,original/high/h1/2mid/23_강남여고_2학기_중간_고1_기출.js_10,H15-SB-03,H15-SB-03-INVERSE_FUNCTION,ABSENT,,ABSENT,ABSENT,TRIAGE_NO_GRAPH_SIGNAL,0,,UNADJUDICATED,PENDING_INDEPENDENT_TRIAGE,NO,"함수 $f(x)=ax+3$과 그 역함수 $f^{-1}(x)$가 서로 같을 때, 상수 $a$의 값은? [4점]"
h1:original/high/h1/2mid/23_강남여고_2학기_중간_고1_기출.js_14,original/high/h1/2mid/23_강남여고_2학기_중간_고1_기출.js_14,H15-SB-03,H15-SB-03-COMPOSITE_FUNCTION,PRESENT,,PRESENT,ABSENT,PRIORITY_1_GRAPH_GAP_CANDIDATE,10,explicit-graph|problem-image,UNADJUDICATED,PENDING_INDEPENDENT_TRIAGE,NO,"집합 $X=\{1,2,3,4\}$에서 $X$로의 함수 $f$가 다음 그림과 같을 때, $f^{2023}(2)-f^{2023}(3)$의 값은? (단, $f^1=f$, $f^2=f\circ f$, $f^{n+1}=f\circ f^n$, $n$은 자연수) [4.4점]"
h1:original/high/h1/2mid/23_강남여고_2학기_중간_고1_기출.js_18,original/high/h1/2mid/23_강남여고_2학기_중간_고1_기출.js_18,H15-SB-03,H15-SB-03-COMPOSITE_FUNCTION,ABSENT,,ABSENT,ABSENT,PRIORITY_2_GRAPH_SUBUNIT_CANDIDATE,5,graph-subunit,UNADJUDICATED,PENDING_INDEPENDENT_TRIAGE,NO,"집합 $X=\{1,2,3,4\}$에 대하여 $X$에서 $X$로의 일대일대응인 $f,g$가 $f(1)=3$, $g(2)=4$, $(g\circ f)(1)=3$, $(g\circ f)(2)=4$, $(g\circ f)(3)=(f\circ g)(3)$을 만족할 때, $f^{-1}(1)+g^{-1}(2)$의 값은? [4.8점]"
h1:original/high/h1/2mid/23_강남여고_2학기_중간_고1_기출.js_19,original/high/h1/2mid/23_강남여고_2학기_중간_고1_기출.js_19,H15-SB-03,H15-SB-03-COMPOSITE_FUNCTION,ABSENT,,ABSENT,ABSENT,PRIORITY_2_GRAPH_SUBUNIT_CANDIDATE,5,graph-subunit,UNADJUDICATED,PENDING_INDEPENDENT_TRIAGE,NO,"두 함수 $f(x)=\begin{cases}-x^2+1&(x\lt0)\\3x+1&(x\ge0)\end{cases}$, $g(x)=x+2$에 대하여 함수 $h(x)$가 $(h\circ g)(x)=f(x)$를 만족시킬 때, $h(-1)+h(3)$의 값은? [4.9점]"
h1:original/high/h1/2mid/23_강남여고_2학기_중간_고1_기출.js_20,original/high/h1/2mid/23_강남여고_2학기_중간_고1_기출.js_20,H15-SB-03,H15-SB-03-INVERSE_FUNCTION,PRESENT,,PRESENT,ABSENT,PRIORITY_1_GRAPH_GAP_CANDIDATE,10,explicit-graph|problem-image,UNADJUDICATED,PENDING_INDEPENDENT_TRIAGE,NO,"함수 $f(x)=\begin{cases}-\dfrac12x+1&(x\lt2)\\-4x+8&(x\ge2)\end{cases}$의 그래프와 그 역함수 $y=f^{-1}(x)$의 그래프로 둘러싸인 부분의 넓이는 $\dfrac ab$이다. $a+b$의 값은? (단, $a,b$는 서로소이다.) [5점]"
h1:original/high/h1/2mid/23_강남여고_2학기_중간_고1_기출.js_23,original/high/h1/2mid/23_강남여고_2학기_중간_고1_기출.js_23,H15-SB-03,H15-SB-03-COMPOSITE_FUNCTION,ABSENT,,ABSENT,ABSENT,PRIORITY_2_GRAPH_SUBUNIT_CANDIDATE,5,graph-subunit,UNADJUDICATED,PENDING_INDEPENDENT_TRIAGE,NO,"[서술형 3] 임의의 실수 $x,y$에 대하여 함수 $f$가 $f(x+y)=f(x)f(y)$, $f(x)\gt0$을 만족하고 $f(1)=4$이다. $f(0)-f\left(\dfrac12\right)+f(2)$의 값을 구하시오. [5점]"
h1:original/high/h1/2mid/23_강남여고_2학기_중간_고1_기출.js_7,original/high/h1/2mid/23_강남여고_2학기_중간_고1_기출.js_7,H15-SB-03,H15-SB-03-FUNCTION_RELATION,PRESENT,,PRESENT,ABSENT,PRIORITY_1_GRAPH_GAP_CANDIDATE,10,explicit-graph|problem-image,UNADJUDICATED,PENDING_INDEPENDENT_TRIAGE,NO,다음 그림과 같이 정의된 함수 $f:X\to Y$에 대한 설명으로 옳지 않은 것은? [3.7점]
h1:original/high/h1/2mid/23_강남여고_2학기_중간_고1_기출.js_8,original/high/h1/2mid/23_강남여고_2학기_중간_고1_기출.js_8,H15-SB-03,H15-SB-03-FUNCTION_RELATION,ABSENT,,ABSENT,ABSENT,TRIAGE_NO_GRAPH_SIGNAL,0,,UNADJUDICATED,PENDING_INDEPENDENT_TRIAGE,NO,"집합 $X=\{-1,0,1\}$에 대하여 다음 중 $X$에서 $X$로의 항등함수인 것은? [3.8점]"
h1:original/high/h1/2mid/23_강남여고_2학기_중간_고1_기출.js_9,original/high/h1/2mid/23_강남여고_2학기_중간_고1_기출.js_9,H15-SB-03,H15-SB-03-COMPOSITE_FUNCTION,PRESENT,,PRESENT,ABSENT,PRIORITY_1_GRAPH_GAP_CANDIDATE,10,explicit-graph|problem-image,UNADJUDICATED,PENDING_INDEPENDENT_TRIAGE,NO,"두 집합 $X=\{1,2,3,4\}$, $Y=\{3,4,5,6\}$에 대하여 두 함수 $f:X\to Y$, $g:Y\to X$가 다음 그림과 같이 정의될 때, $(g\circ f)(1)+(f\circ g)(5)$의 값은? [3.9점]"
h1:original/high/h1/2mid/23_매산여고_2학기_중간_고1_기출.js_13,original/high/h1/2mid/23_매산여고_2학기_중간_고1_기출.js_13,H15-SB-03,,ABSENT,,ABSENT,ABSENT,TRIAGE_NO_GRAPH_SIGNAL,0,,UNADJUDICATED,PENDING_INDEPENDENT_TRIAGE,NO,"두 집합 $X=\{x\mid1\le x\le3\}$, $Y=\{y\mid5\le y\le a\}$에 대하여 $X$에서 $Y$로의 함수 $f(x)=2x+b$가 일대일대응일 때, $a+b$의 값은? [3.9점]"
h1:original/high/h1/2mid/23_매산여고_2학기_중간_고1_기출.js_14,original/high/h1/2mid/23_매산여고_2학기_중간_고1_기출.js_14,H15-SB-03,,ABSENT,,ABSENT,ABSENT,TRIAGE_NO_GRAPH_SIGNAL,0,,UNADJUDICATED,PENDING_INDEPENDENT_TRIAGE,NO,실수 전체의 집합에서 정의된 다음 함수 중 일대일대응인 것은? [3.9점]
h1:original/high/h1/2mid/23_매산여고_2학기_중간_고1_기출.js_18,original/high/h1/2mid/23_매산여고_2학기_중간_고1_기출.js_18,H15-SB-03,,ABSENT,,ABSENT,ABSENT,TRIAGE_NO_GRAPH_SIGNAL,0,,UNADJUDICATED,PENDING_INDEPENDENT_TRIAGE,NO,"집합 $X=\{1,2,3,4\}$에 대하여 $X$에서 $X$로의 세 함수 $f,g,h$가 있다. $g(1)=2$, $g(2)=1$, $g(3)=g(4)=3$, $f(4)=2$이고 $h(x)=\begin{cases}f(x)&(f(x)\ge g(x))\\g(x)&(f(x)<g(x))\end{cases}$이다. 함수 $h$가 일대일대응일 때, $f(2)+h(2)$의 값은? [4.5점]"
h1:original/high/h1/2mid/23_순천여고_2학기_중간_고1_기출.js_12,original/high/h1/2mid/23_순천여고_2학기_중간_고1_기출.js_12,H15-SB-03,H15-SB-03-INVERSE_FUNCTION,ABSENT,,ABSENT,ABSENT,TRIAGE_NO_GRAPH_SIGNAL,0,,UNADJUDICATED,PENDING_INDEPENDENT_TRIAGE,NO,"함수 $f$가 $f\left(\dfrac{2-x}{3}\right)=3x-6$일 때, $(f\circ g)(x)=x$를 만족시키는 함수 $g(x)$에 대하여 $g(-3)$의 값은? [4점]"
h1:original/high/h1/2mid/23_순천여고_2학기_중간_고1_기출.js_18,original/high/h1/2mid/23_순천여고_2학기_중간_고1_기출.js_18,H15-SB-03,H15-SB-03-COMPOSITE_FUNCTION,ABSENT,,ABSENT,ABSENT,PRIORITY_2_GRAPH_SUBUNIT_CANDIDATE,5,graph-subunit,UNADJUDICATED,PENDING_INDEPENDENT_TRIAGE,NO,"집합 $X=\{1,2,3,4,5\}$에서 일대일대응 $f:X\to X$가 (가) 모든 $x\in X$에 대하여 $f(x)\ne x$, (나) $p$가 소수이면 $f(p)$도 소수라는 조건을 만족한다. $f^1(x)=f(x)$, $f^{n+1}(x)=f(f^n(x))$로 정의할 때, $f^{99}(5)+f^{99}(4)$의 값은? [4.3점]"
h1:original/high/h1/2mid/23_순천여고_2학기_중간_고1_기출.js_19,original/high/h1/2mid/23_순천여고_2학기_중간_고1_기출.js_19,H15-SB-03,H15-SB-03-COMPOSITE_FUNCTION,ABSENT,,ABSENT,ABSENT,PRIORITY_2_GRAPH_SUBUNIT_CANDIDATE,5,graph-subunit,UNADJUDICATED,PENDING_INDEPENDENT_TRIAGE,NO,"이차함수 $f(x)$가 $f(0)=f(4)=0$이고, 이차방정식 $f(x)-4(x-4)=0$의 실근의 개수가 $1$이다. 방정식 $(f\circ f)(x)=k$의 서로 다른 실근의 개수가 $3$일 때, 상수 $k$의 값은? [4.3점]"
h1:original/high/h1/2mid/23_순천여고_2학기_중간_고1_기출.js_23,original/high/h1/2mid/23_순천여고_2학기_중간_고1_기출.js_23,H15-SB-03,H15-SB-03-INVERSE_FUNCTION,ABSENT,,ABSENT,ABSENT,PRIORITY_1_EXPLICIT_GRAPH_CANDIDATE,8,explicit-graph,UNADJUDICATED,PENDING_INDEPENDENT_TRIAGE,NO,[서술형 3] 정의역이 $\{x\mid x\ge1\}$이고 공역이 $\{y\mid y\ge k-1\}$인 함수 $f(x)=x^2-2x+k$의 역함수를 $g(x)$라 하자. 두 함수 $y=f(x)$와 $y=g(x)$의 그래프가 서로 다른 두 점에서 만나도록 하는 실수 $k$의 범위를 구하시오. [7점]
h1:original/high/h1/2mid/23_순천여고_2학기_중간_고1_기출.js_3,original/high/h1/2mid/23_순천여고_2학기_중간_고1_기출.js_3,H15-SB-03,H15-SB-03-FUNCTION_RELATION,ABSENT,,ABSENT,ABSENT,TRIAGE_NO_GRAPH_SIGNAL,0,,UNADJUDICATED,PENDING_INDEPENDENT_TRIAGE,NO,"실수 전체의 집합에서 정의된 두 함수 $f,g$에 대하여 $f$는 항등함수이고 $g$는 상수함수이다. $f(3)=g(2)$일 때, $f(5)+g(5)$의 값은? [3.7점]"
h1:original/high/h1/2mid/23_순천여고_2학기_중간_고1_기출.js_4,original/high/h1/2mid/23_순천여고_2학기_중간_고1_기출.js_4,H15-SB-03,H15-SB-03-COMPOSITE_FUNCTION,PRESENT,,PRESENT,ABSENT,PRIORITY_1_GRAPH_GAP_CANDIDATE,10,explicit-graph|problem-image,UNADJUDICATED,PENDING_INDEPENDENT_TRIAGE,NO,아래 그림과 같은 함수 $f:X\to X$에 대하여 $(f\circ f)(1)+(f\circ f^{-1})(2)+(f\circ f)^{-1}(4)$의 값은? [3.8점]
h1:original/high/h1/2mid/23_순천여고_2학기_중간_고1_기출.js_6,original/high/h1/2mid/23_순천여고_2학기_중간_고1_기출.js_6,H15-SB-03,H15-SB-03-INVERSE_FUNCTION,ABSENT,,ABSENT,ABSENT,TRIAGE_NO_GRAPH_SIGNAL,0,,UNADJUDICATED,PENDING_INDEPENDENT_TRIAGE,NO,"집합 $X=\{x\mid-1\le x\le2\}$에서 $X$로의 함수 $f(x)=ax+b$가 역함수를 가지도록 하는 상수 $a,b$에 대하여 $a^2+b^2$의 값은? (단, $a<0$) [3.9점]"
h1:original/high/h1/2mid/23_팔마고_2학기_중간_고1_기출.js_10,original/high/h1/2mid/23_팔마고_2학기_중간_고1_기출.js_10,H15-SB-03,H15-SB-03-COMPOSITE_FUNCTION,ABSENT,,ABSENT,ABSENT,PRIORITY_2_GRAPH_RELATION_CANDIDATE,7,graph-subunit|graph-relation,UNADJUDICATED,PENDING_INDEPENDENT_TRIAGE,NO,"정의역 $X=\{1,2,3,4,5,6,7,8,9,10\}$에 대하여 함수 $f(x)$의 값을 $7x$를 $10$으로 나눈 나머지라고 정의하자. 또한 $f^1(x)=f(x)$, $f^{n+1}(x)=(f\circ f^n)(x)$ ($n$은 자연수)로 정의할 때, $f^{100}(2)$의 값은? [4.5점]"
h1:original/high/h1/2mid/23_팔마고_2학기_중간_고1_기출.js_2,original/high/h1/2mid/23_팔마고_2학기_중간_고1_기출.js_2,H15-SB-03,H15-SB-03-FUNCTION_RELATION,ABSENT,,ABSENT,ABSENT,TRIAGE_NO_GRAPH_SIGNAL,0,,UNADJUDICATED,PENDING_INDEPENDENT_TRIAGE,NO,"집합 $X=\{0,1\}$을 정의역으로 하는 두 함수 $f(x)=ax+b$, $g(x)=x^2+1$에 대하여 $f=g$일 때, 상수 $a,b$에 대하여 $ab$의 값은? [3.7점]"
h1:original/high/h1/2mid/23_팔마고_2학기_중간_고1_기출.js_4,original/high/h1/2mid/23_팔마고_2학기_중간_고1_기출.js_4,H15-SB-03,H15-SB-03-FUNCTION_RELATION,ABSENT,,ABSENT,ABSENT,TRIAGE_NO_GRAPH_SIGNAL,0,,UNADJUDICATED,PENDING_INDEPENDENT_TRIAGE,NO,"집합 $X=\{1,2,3\}$에서 $X$로의 함수의 개수를 $p$, 일대일대응의 개수를 $q$, 상수함수의 개수를 $r$이라 할 때, $p+q+r$의 값은? [3.7점]"
h1:original/high/h1/2mid/24_금당고_2학기_중간_고1_기출.js_12,original/high/h1/2mid/24_금당고_2학기_중간_고1_기출.js_12,H15-SB-03,H15-SB-03-COMPOSITE_FUNCTION,ABSENT,,ABSENT,ABSENT,PRIORITY_2_GRAPH_SUBUNIT_CANDIDATE,5,graph-subunit,UNADJUDICATED,PENDING_INDEPENDENT_TRIAGE,NO,"세 함수 $f$, $g$, $h$가 $f(x)=-x+1$, $g(x)=3x-2$, $(h\circ g)(x)=f(x)$를 만족시킬 때, $h(2)$의 값은? [4.2점]"
h1:original/high/h1/2mid/24_금당고_2학기_중간_고1_기출.js_21,original/high/h1/2mid/24_금당고_2학기_중간_고1_기출.js_21,H15-SB-03,H15-SB-03-FUNCTION_RELATION,ABSENT,,ABSENT,ABSENT,TRIAGE_NO_GRAPH_SIGNAL,0,,UNADJUDICATED,PENDING_INDEPENDENT_TRIAGE,NO,서·논술형 2. 자연수 전체집합에서 정의된 함수 $f(n)=\begin{cases}n-2&(n\ge100)\\f(f(n+5))&(n<100)\end{cases}$에 대하여 $f(70)+f(71)+f(72)+\cdots+f(98)+f(99)$의 값을 풀이과정과 함께 상세하게 서술하시오. [10점]
h1:original/high/h1/2mid/24_금당고_2학기_중간_고1_기출.js_4,original/high/h1/2mid/24_금당고_2학기_중간_고1_기출.js_4,H15-SB-03,H15-SB-03-FUNCTION_RELATION,ABSENT,,ABSENT,ABSENT,TRIAGE_NO_GRAPH_SIGNAL,0,,UNADJUDICATED,PENDING_INDEPENDENT_TRIAGE,NO,"함수 $f(x+1)=x+2$일 때, $f(2)$의 값은? [3.8점]"
h1:original/high/h1/2mid/24_금당고_2학기_중간_고1_기출.js_6,original/high/h1/2mid/24_금당고_2학기_중간_고1_기출.js_6,H15-SB-03,H15-SB-03-FUNCTION_RELATION,ABSENT,,ABSENT,ABSENT,TRIAGE_NO_GRAPH_SIGNAL,0,,UNADJUDICATED,PENDING_INDEPENDENT_TRIAGE,NO,다음 중 일대일함수는? [3.8점]
h1:original/high/h1/2mid/24_제일고_2학기_중간_고1_기출.js_10,original/high/h1/2mid/24_제일고_2학기_중간_고1_기출.js_10,H15-SB-03,H15-SB-03-FUNCTION_RELATION,ABSENT,,ABSENT,ABSENT,TRIAGE_NO_GRAPH_SIGNAL,0,,UNADJUDICATED,PENDING_INDEPENDENT_TRIAGE,NO,"두 집합 $X=\{-2,-1,0,1,2\}$, $Y=\{-1,0,1,2,3\}$에 대하여 다음 중 $X$에서 $Y$로의 함수인 것은? (단, $[x]$는 $x$보다 크지 않은 최대 정수) [4.1점]"
h1:original/high/h1/2mid/24_제일고_2학기_중간_고1_기출.js_11,original/high/h1/2mid/24_제일고_2학기_중간_고1_기출.js_11,H15-SB-03,H15-SB-03-FUNCTION_RELATION,ABSENT,,ABSENT,ABSENT,TRIAGE_NO_GRAPH_SIGNAL,0,,UNADJUDICATED,PENDING_INDEPENDENT_TRIAGE,NO,"두 집합 $X=\{1,2,3,4,5\}$, $Y=\{2,3,5,7,11,13\}$에 대하여 다음 조건을 모두 만족시키는 함수 $f:X\to Y$의 개수는? [4.2점] (가) $x_1\ne x_2$이면 $f(x_1)\ne f(x_2)$이다. (나) $f(3)=5$이다. (다) $x<3$이면 $f(x)>f(3)$이고, $x>3$이면 $f(x)<f(3)$이다."
h1:original/high/h1/2mid/24_제일고_2학기_중간_고1_기출.js_12,original/high/h1/2mid/24_제일고_2학기_중간_고1_기출.js_12,H15-SB-03,H15-SB-03-COMPOSITE_FUNCTION,ABSENT,,ABSENT,ABSENT,PRIORITY_2_GRAPH_SUBUNIT_CANDIDATE,5,graph-subunit,UNADJUDICATED,PENDING_INDEPENDENT_TRIAGE,NO,"함수 $f(x)=-x+3$에 대하여 $f^1=f$, $f^2=f\circ f$, $\cdots$, $f^{n+1}=f\circ f^n$으로 정의할 때, $f(1)+f^2(1)+f^3(1)+\cdots+f^k(1)=35$를 만족하는 $k$의 값은? [4.3점]"
h1:original/high/h1/2mid/24_제일고_2학기_중간_고1_기출.js_13,original/high/h1/2mid/24_제일고_2학기_중간_고1_기출.js_13,H15-SB-03,H15-SB-03-COMPOSITE_FUNCTION,PRESENT,,PRESENT,ABSENT,PRIORITY_1_GRAPH_GAP_CANDIDATE,10,explicit-graph|problem-image,UNADJUDICATED,PENDING_INDEPENDENT_TRIAGE,NO,"그림은 두 함수 $y=f(x)$, $y=g(x)$의 그래프와 $y=x$의 그래프를 나타낸 것이다. 두 함수의 역함수가 존재할 때, 다음 중 옳지 않은 것은? (단, 모든 점선은 $x$축 또는 $y$축에 평행) [4.4점]"
h1:original/high/h1/2mid/24_제일고_2학기_중간_고1_기출.js_14,original/high/h1/2mid/24_제일고_2학기_중간_고1_기출.js_14,H15-SB-03,H15-SB-03-FUNCTION_RELATION,ABSENT,,ABSENT,ABSENT,TRIAGE_NO_GRAPH_SIGNAL,0,,UNADJUDICATED,PENDING_INDEPENDENT_TRIAGE,NO,"집합 $X$를 정의역으로 하는 함수 $f(x)=x^3-2x-2$가 항등함수가 되도록 하는 집합 $X$의 개수는? (단, $X\ne\varnothing$) [4.5점]"
h1:original/high/h1/2mid/24_제일고_2학기_중간_고1_기출.js_15,original/high/h1/2mid/24_제일고_2학기_중간_고1_기출.js_15,H15-SB-03,H15-SB-03-COMPOSITE_FUNCTION,ABSENT,,ABSENT,PRESENT,SOLUTION_VISUAL_PRESENT,0,solutionImage-present,UNADJUDICATED,PENDING_INDEPENDENT_TRIAGE,NO,"세 함수 $f$, $g$, $h$에 대하여 $(g\circ h)(x)=2x-3$, $((f\circ g)\circ h)(x)=4x+1$일 때, 함수 $f$에 대하여 $f^{-1}(6)$의 값은? [4.6점]"
h1:original/high/h1/2mid/24_제일고_2학기_중간_고1_기출.js_16,original/high/h1/2mid/24_제일고_2학기_중간_고1_기출.js_16,H15-SB-03,H15-SB-03-COMPOSITE_FUNCTION,ABSENT,,ABSENT,PRESENT,SOLUTION_VISUAL_PRESENT,0,solutionImage-present,UNADJUDICATED,PENDING_INDEPENDENT_TRIAGE,NO,실수 전체의 집합에서 정의된 함수 $f(x)=|x-2|$에 대하여 $f(f(x))=1$의 서로 다른 실근의 곱은? [4.7점]
h1:original/high/h1/2mid/24_제일고_2학기_중간_고1_기출.js_17,original/high/h1/2mid/24_제일고_2학기_중간_고1_기출.js_17,H15-SB-03,H15-SB-03-COMPOSITE_FUNCTION,ABSENT,,ABSENT,PRESENT,SOLUTION_VISUAL_PRESENT,0,solutionImage-present,UNADJUDICATED,PENDING_INDEPENDENT_TRIAGE,NO,함수 $f(x)=\begin{cases}x^2&(x\ge0)\\x&(x<0)\end{cases}$에 대하여 다음 보기 중 옳은 것만을 있는 대로 고른 것은? [4.7점] ㄱ. $f(16)=f(f(4))=f(f(f(2)))$ ㄴ. $f^{-1}(-7)=f(-7)$ ㄷ. $(f\circ f)^{-1}(9)=\sqrt3$ ㄹ. 함수 $y=f(x)$의 그래프와 그 역함수 $y=f^{-1}(x)$의 그래프의 교점은 3개 이상이다.
h1:original/high/h1/2mid/24_제일고_2학기_중간_고1_기출.js_18,original/high/h1/2mid/24_제일고_2학기_중간_고1_기출.js_18,H15-SB-03,H15-SB-03-FUNCTION_RELATION,ABSENT,,ABSENT,ABSENT,TRIAGE_NO_GRAPH_SIGNAL,0,,UNADJUDICATED,PENDING_INDEPENDENT_TRIAGE,NO,"전체집합 $U=\{a,b,c,d\}$의 두 부분집합 $A$, $B$에 대하여 함수 $f:A\to B$가 일대일대응이 되도록 하는 집합 $A$, $B$의 순서쌍 $(A,B)$의 개수는? [4.8점]"
h1:original/high/h1/2mid/24_제일고_2학기_중간_고1_기출.js_21,original/high/h1/2mid/24_제일고_2학기_중간_고1_기출.js_21,H15-SB-03,H15-SB-03-COMPOSITE_FUNCTION,ABSENT,,ABSENT,ABSENT,PRIORITY_2_GRAPH_SUBUNIT_CANDIDATE,5,graph-subunit,UNADJUDICATED,PENDING_INDEPENDENT_TRIAGE,NO,"서술형 3. 함수 $f(x)=-2x+3$, $g(x)=3x+2$에 대하여 $(f\circ(g^{-1}\circ f)^{-1}\circ f)^{-1}(x)$를 구하는 과정을 서술하시오. [5점]"
h1:original/high/h1/2mid/24_제일고_2학기_중간_고1_기출.js_22,original/high/h1/2mid/24_제일고_2학기_중간_고1_기출.js_22,H15-SB-03,H15-SB-03-FUNCTION_RELATION,ABSENT,,ABSENT,ABSENT,PRIORITY_1_EXPLICIT_GRAPH_CANDIDATE,8,explicit-graph,UNADJUDICATED,PENDING_INDEPENDENT_TRIAGE,NO,"서술형 4. 실수 전체의 집합 $R$에서 $R$로 정의된 함수 $f(x)=\begin{cases}-x^2+bx-2&(x\ge-1)\\x^2+ax+2&(x<-1)\end{cases}$가 일대일대응일 때, $a+b$의 최댓값을 구하는 과정을 서술하시오. [6점]"
h1:original/high/h1/2mid/25_제일고_2학기_중간_고1_기출.js_19,original/high/h1/2mid/25_제일고_2학기_중간_고1_기출.js_19,H22-C2-07,H22-C2-07-FUNCTION_BASIC,ABSENT,,ABSENT,ABSENT,TRIAGE_NO_GRAPH_SIGNAL,0,,UNADJUDICATED,PENDING_INDEPENDENT_TRIAGE,NO,"1. 집합 $X=\{1,2,3\}$에서 집합 $Y=\{1,2,3\}$로의 함수 중에서 상수함수의 개수를 $a$, 항등함수의 개수를 $b$, 일대일대응의 개수를 $c$라 할 때, $a+b+c$의 값을 구하는 과정을 서술하시오. [4점]"
h1:original/high/h1/2mid/25_제일고_2학기_중간_고1_기출.js_2,original/high/h1/2mid/25_제일고_2학기_중간_고1_기출.js_2,H22-C2-07,H22-C2-07-FUNCTION_BASIC,PRESENT,,PRESENT,ABSENT,PRIORITY_1_GRAPH_GAP_CANDIDATE,10,explicit-graph|problem-image,UNADJUDICATED,PENDING_INDEPENDENT_TRIAGE,NO,다음 중 함수의 그래프가 될 수 없는 것은? [4.1점]
h1:original/high/h1/2mid/25_제일고_2학기_중간_고1_기출.js_9,original/high/h1/2mid/25_제일고_2학기_중간_고1_기출.js_9,H22-C2-07,H22-C2-07-FUNCTION_BASIC,ABSENT,,ABSENT,ABSENT,TRIAGE_NO_GRAPH_SIGNAL,0,,UNADJUDICATED,PENDING_INDEPENDENT_TRIAGE,NO,"두 집합 $X=\{1,2,3,4\}$, $Y=\{1,2,3,4,5,6\}$에 대하여 $f(3)=4$일 때, $f(1)\lt f(2)\lt f(3)\lt f(4)$를 만족시키는 함수의 개수는? [4.8점]"
