questionUid,examId,standardUnitKey,subUnitKey,graphRequirement,graphRole,graphGapDisposition,problemImageRef,solutionImageRef,problemImageStatus,problemVisualType,problemVisualStatus,solutionImageStatus,baselineProblemImageHash,baselineSolutionImageHash
h1:original/high/h1/1final/24_금당고_1학기_기말_고1_기출.js_12,original/high/h1/1final/24_금당고_1학기_기말_고1_기출.js,H15-SB-03,H15-SB-03-FUNCTION_RELATION,UNADJUDICATED,PROBLEM_PRESENT_REVIEW,PRIORITY_1_GRAPH_GAP_CANDIDATE,assets/images/24_금당고_1학기_기말_고1_기출/q12.png,,PRESENT,,PRESENT,ABSENT,511a441e4edeec88875a494ec793b42813afc4829809e285f56a8678e9ee956e,
h1:original/high/h1/2final/21_강남여고_2학기_기말_고1_기출.js_11,original/high/h1/2final/21_강남여고_2학기_기말_고1_기출.js,H15-SB-03,H15-SB-03-COMPOSITE_FUNCTION,UNADJUDICATED,PROBLEM_PRESENT_REVIEW,PRIORITY_1_GRAPH_GAP_CANDIDATE,assets/images/21_강남여고_2학기_기말_고1_기출/q11.png,,PRESENT,,PRESENT,ABSENT,f1a1de270e99ba7f81316c1034b450b3842a3ee2dc88cd0e052379b43466de6b,
h1:original/high/h1/2final/21_강남여고_2학기_기말_고1_기출.js_12,original/high/h1/2final/21_강남여고_2학기_기말_고1_기출.js,H15-SB-04,H15-SB-04-RATIONAL_GRAPH,UNADJUDICATED,PROBLEM_PRESENT_REVIEW,SOLUTION_VISUAL_PRESENT,assets/images/21_강남여고_2학기_기말_고1_기출/q12.png,assets/images/21_강남여고_2학기_기말_고1_기출/q12-solution.svg,PRESENT,,PRESENT,PRESENT,b4692838d108825c90a103f090e335c0052817984c86660fc7240746c5dc018d,47dbdc02432c4b0cf39bda499370a979dd7a24fc14fe12d9fb3f2493cbaa211d
h1:original/high/h1/2final/21_강남여고_2학기_기말_고1_기출.js_13,original/high/h1/2final/21_강남여고_2학기_기말_고1_기출.js,H15-SB-05,H15-SB-05-IRRATIONAL_GRAPH,UNADJUDICATED,PROBLEM_PRESENT_REVIEW,SOLUTION_VISUAL_PRESENT,assets/images/21_강남여고_2학기_기말_고1_기출/q13.png,assets/images/21_강남여고_2학기_기말_고1_기출/q13-solution.svg,PRESENT,,PRESENT,PRESENT,cf68f7a964f39b9481034d6c2a76680797d1d9458b8b0047de9e2e990b812a1c,96dcfb572b098eb4630dd0eca9722bc659a26eafb19cef41d2bb3e09fad7b00d
h1:original/high/h1/2final/21_강남여고_2학기_기말_고1_기출.js_14,original/high/h1/2final/21_강남여고_2학기_기말_고1_기출.js,H15-SB-03,H15-SB-03-FUNCTION_RELATION,UNADJUDICATED,SOLUTION_CANDIDATE,SOLUTION_VISUAL_PRESENT,,assets/images/21_강남여고_2학기_기말_고1_기출/q14-solution.svg,ABSENT,,ABSENT,PRESENT,,ca0e84f7228e036ef8f079c2b1bcc9b99493b468d624134d47ba0c083b8e1891
h1:original/high/h1/2final/21_강남여고_2학기_기말_고1_기출.js_16,original/high/h1/2final/21_강남여고_2학기_기말_고1_기출.js,H15-SB-04,H15-SB-04-RATIONAL_APPLICATION,UNADJUDICATED,PROBLEM_PRESENT_REVIEW,SOLUTION_VISUAL_PRESENT,assets/images/21_강남여고_2학기_기말_고1_기출/q16.png,assets/images/21_강남여고_2학기_기말_고1_기출/q16-solution.svg,PRESENT,,PRESENT,PRESENT,a61ad280a7311e4ad42c66d1c5868cc98206d36aa2283dbf2f80327036d09722,61595f8d4451c4268a405fa823f981da57682f6f6b29ed2ea0229c1ce2711b4f
h1:original/high/h1/2final/21_강남여고_2학기_기말_고1_기출.js_17,original/high/h1/2final/21_강남여고_2학기_기말_고1_기출.js,H15-SB-04,H15-SB-04-RATIONAL_APPLICATION,UNADJUDICATED,SOLUTION_CANDIDATE,SOLUTION_VISUAL_PRESENT,,assets/images/21_강남여고_2학기_기말_고1_기출/q17-solution.svg,ABSENT,,ABSENT,PRESENT,,ed3f4b3e96c0762c161c67fee1e304de4f222d69c7c8c1fd510a0a9b65e8a979
h1:original/high/h1/2final/21_강남여고_2학기_기말_고1_기출.js_22,original/high/h1/2final/21_강남여고_2학기_기말_고1_기출.js,H15-SB-04,H15-SB-04-RATIONAL_GRAPH,UNADJUDICATED,PROBLEM_PRESENT_REVIEW,SOLUTION_VISUAL_PRESENT,assets/images/21_강남여고_2학기_기말_고1_기출/q22.png,assets/images/21_강남여고_2학기_기말_고1_기출/q22-solution.svg,PRESENT,,PRESENT,PRESENT,9837e558f128fbaba059d8942bebb221969e84609dab63422e745b18c6b5820a,956dbeee9436aaf256894301cc6819418699b511837f1b05e6046ecf7a17a500
h1:original/high/h1/2final/21_강남여고_2학기_기말_고1_기출.js_23,original/high/h1/2final/21_강남여고_2학기_기말_고1_기출.js,H15-SB-03,H15-SB-03-INVERSE_FUNCTION,UNADJUDICATED,PROBLEM_PRESENT_REVIEW,SOLUTION_VISUAL_PRESENT,assets/images/21_강남여고_2학기_기말_고1_기출/q23.png,assets/images/21_강남여고_2학기_기말_고1_기출/q23-solution.svg,PRESENT,,PRESENT,PRESENT,ad20d0f5e73b133f91f7c22bbbafa9e40fcb3bf84ac1b8440c9f0177a87f07c3,8ec9376cc90f419b120202948c32ef624bfab47aead8af0c8cd5720744b2c926
h1:original/high/h1/2final/21_강남여고_2학기_기말_고1_기출.js_25,original/high/h1/2final/21_강남여고_2학기_기말_고1_기출.js,H15-SB-03,H15-SB-03-FUNCTION_RELATION,UNADJUDICATED,SOLUTION_CANDIDATE,TRIAGE_NO_GRAPH_SIGNAL,,,ABSENT,,ABSENT,ABSENT,,
h1:original/high/h1/2final/21_강남여고_2학기_기말_고1_기출.js_27,original/high/h1/2final/21_강남여고_2학기_기말_고1_기출.js,H15-SB-05,H15-SB-05-IRRATIONAL_GRAPH,UNADJUDICATED,PROBLEM_PRESENT_REVIEW,SOLUTION_VISUAL_PRESENT,assets/images/21_강남여고_2학기_기말_고1_기출/q27.png,assets/images/21_강남여고_2학기_기말_고1_기출/q27-solution.svg,PRESENT,,PRESENT,PRESENT,e26635fdcc549920de3eef8e0c4d542627da6d5343748c40c842b8f3a5aa2781,f98b27445a8ec6e5f7f5bf81bd9b19bcfe71dc5af405d5827433ced2f0b46b6e
h1:original/high/h1/2final/21_강남여고_2학기_기말_고1_기출.js_28,original/high/h1/2final/21_강남여고_2학기_기말_고1_기출.js,H15-SB-04,H15-SB-04-RATIONAL_APPLICATION,UNADJUDICATED,SOLUTION_CANDIDATE,SOLUTION_VISUAL_PRESENT,,assets/images/21_강남여고_2학기_기말_고1_기출/q28-solution.svg,ABSENT,,ABSENT,PRESENT,,43b6b76ee001455018a18bd23c3c8bd2559b96cd401eed32ca46ebaa87034abb
h1:original/high/h1/2final/21_강남여고_2학기_기말_고1_기출.js_29,original/high/h1/2final/21_강남여고_2학기_기말_고1_기출.js,H15-SB-05,H15-SB-05-IRRATIONAL_GRAPH,UNADJUDICATED,SOLUTION_CANDIDATE,SOLUTION_VISUAL_PRESENT,,assets/images/21_강남여고_2학기_기말_고1_기출/q29-solution.svg,ABSENT,,ABSENT,PRESENT,,06b6d3a9c35f806274cb75eba6b329c3a6bf696238dc76a2c8ca9f0f0a49069c
h1:original/high/h1/2final/21_강남여고_2학기_기말_고1_기출.js_3,original/high/h1/2final/21_강남여고_2학기_기말_고1_기출.js,H15-SB-04,H15-SB-04-RATIONAL_GRAPH,UNADJUDICATED,SOLUTION_CANDIDATE,SOLUTION_VISUAL_PRESENT,,assets/images/21_강남여고_2학기_기말_고1_기출/q03-solution.svg,ABSENT,,ABSENT,PRESENT,,3d6cfa8d6ca1e537cc8eb60a475281c337cd62b9a89ba847943993f8632595d6
h1:original/high/h1/2final/21_강남여고_2학기_기말_고1_기출.js_4,original/high/h1/2final/21_강남여고_2학기_기말_고1_기출.js,H15-SB-05,H15-SB-05-IRRATIONAL_GRAPH,UNADJUDICATED,SOLUTION_CANDIDATE,PRIORITY_1_EXPLICIT_GRAPH_CANDIDATE,,,ABSENT,,ABSENT,ABSENT,,
h1:original/high/h1/2final/21_금당고_2학기_기말_고1_기출.js_11,original/high/h1/2final/21_금당고_2학기_기말_고1_기출.js,H15-SB-03,H15-SB-03-COMPOSITE_FUNCTION,UNADJUDICATED,SOLUTION_CANDIDATE,PRIORITY_2_GRAPH_RELATION_CANDIDATE,,,ABSENT,,ABSENT,ABSENT,,
h1:original/high/h1/2final/21_금당고_2학기_기말_고1_기출.js_12,original/high/h1/2final/21_금당고_2학기_기말_고1_기출.js,H15-SB-05,H15-SB-05-IRRATIONAL_BASIC,UNADJUDICATED,SOLUTION_CANDIDATE,TRIAGE_NO_GRAPH_SIGNAL,,,ABSENT,,ABSENT,ABSENT,,
h1:original/high/h1/2final/21_금당고_2학기_기말_고1_기출.js_18,original/high/h1/2final/21_금당고_2학기_기말_고1_기출.js,H15-SB-05,H15-SB-05-IRRATIONAL_GRAPH,UNADJUDICATED,PROBLEM_PRESENT_REVIEW,PRIORITY_1_GRAPH_GAP_CANDIDATE,assets/images/21_금당고_2학기_기말_고1_기출/q18.png,,PRESENT,,PRESENT,ABSENT,b47156d5956550e57bc6050bcea3a7d5182babcf128e1ae83c48a58b8b6b8c62,
h1:original/high/h1/2final/21_금당고_2학기_기말_고1_기출.js_19,original/high/h1/2final/21_금당고_2학기_기말_고1_기출.js,H15-SB-03,H15-SB-03-INVERSE_FUNCTION,UNADJUDICATED,SOLUTION_CANDIDATE,TRIAGE_NO_GRAPH_SIGNAL,,,ABSENT,,ABSENT,ABSENT,,
h1:original/high/h1/2final/21_금당고_2학기_기말_고1_기출.js_2,original/high/h1/2final/21_금당고_2학기_기말_고1_기출.js,H15-SB-04,H15-SB-04-RATIONAL_BASIC,UNADJUDICATED,SOLUTION_CANDIDATE,TRIAGE_NO_GRAPH_SIGNAL,,,ABSENT,,ABSENT,ABSENT,,
h1:original/high/h1/2final/21_금당고_2학기_기말_고1_기출.js_22,original/high/h1/2final/21_금당고_2학기_기말_고1_기출.js,H15-SB-04,H15-SB-04-RATIONAL_BASIC,UNADJUDICATED,SOLUTION_CANDIDATE,SOLUTION_VISUAL_PRESENT,,assets/images/21_금당고_2학기_기말_고1_기출/q22-solution.svg,ABSENT,,ABSENT,PRESENT,,db366c41e4811d85e9799354ce7499c6803121eea8ea3970a60e0c2db0231abc
h1:original/high/h1/2final/21_금당고_2학기_기말_고1_기출.js_3,original/high/h1/2final/21_금당고_2학기_기말_고1_기출.js,H15-SB-03,H15-SB-03-FUNCTION_RELATION,UNADJUDICATED,SOLUTION_CANDIDATE,TRIAGE_NO_GRAPH_SIGNAL,,,ABSENT,,ABSENT,ABSENT,,
h1:original/high/h1/2final/21_금당고_2학기_기말_고1_기출.js_4,original/high/h1/2final/21_금당고_2학기_기말_고1_기출.js,H15-SB-05,H15-SB-05-IRRATIONAL_BASIC,UNADJUDICATED,SOLUTION_CANDIDATE,SOLUTION_VISUAL_PRESENT,,assets/images/21_금당고_2학기_기말_고1_기출/q04-solution.svg,ABSENT,,ABSENT,PRESENT,,f5d53770e27df499d77f33da4aec509cee920a36b6bdaadff88c83c058da7687
h1:original/high/h1/2final/21_금당고_2학기_기말_고1_기출.js_8,original/high/h1/2final/21_금당고_2학기_기말_고1_기출.js,H15-SB-03,H15-SB-03-INVERSE_FUNCTION,UNADJUDICATED,SOLUTION_CANDIDATE,SOLUTION_VISUAL_PRESENT,,assets/images/21_금당고_2학기_기말_고1_기출/q08-solution.svg,ABSENT,,ABSENT,PRESENT,,d83655d7a0807a1e83d2ca13f9dd15018b0e51ad9d5e4512ea1fbd6680f1faf5
h1:original/high/h1/2final/21_금당고_2학기_기말_고1_기출.js_9,original/high/h1/2final/21_금당고_2학기_기말_고1_기출.js,H15-SB-04,H15-SB-04-RATIONAL_BASIC,UNADJUDICATED,SOLUTION_CANDIDATE,TRIAGE_NO_GRAPH_SIGNAL,,,ABSENT,,ABSENT,ABSENT,,
h1:original/high/h1/2final/21_복성고_2학기_기말_고1_기출.js_1,original/high/h1/2final/21_복성고_2학기_기말_고1_기출.js,H15-SB-03,H15-SB-03-INVERSE_FUNCTION,UNADJUDICATED,PROBLEM_PRESENT_REVIEW,PRIORITY_1_GRAPH_GAP_CANDIDATE,assets/images/21_복성고_2학기_기말_고1_기출/q1.png,,PRESENT,,PRESENT,ABSENT,628639fb9b7d479e4c1c0e269eed5467e2a8da341ba706f58370359c488be37c,
h1:original/high/h1/2final/21_복성고_2학기_기말_고1_기출.js_10,original/high/h1/2final/21_복성고_2학기_기말_고1_기출.js,H15-SB-04,H15-SB-04-RATIONAL_GRAPH,UNADJUDICATED,PROBLEM_PRESENT_REVIEW,SOLUTION_VISUAL_PRESENT,assets/images/21_복성고_2학기_기말_고1_기출/q10.png,assets/images/21_복성고_2학기_기말_고1_기출/q10-solution.svg,PRESENT,,PRESENT,PRESENT,4164f22bb48a5f66aa11dbbe3d743c85a1b1f2bbb86ac3c5cafd7411ce46f3be,512ff88f02249dda376171aa57f3a32bea6bd24ebfa116dddc6d1960fcd8142d
h1:original/high/h1/2final/21_복성고_2학기_기말_고1_기출.js_11,original/high/h1/2final/21_복성고_2학기_기말_고1_기출.js,H15-SB-05,H15-SB-05-IRRATIONAL_BASIC,UNADJUDICATED,SOLUTION_CANDIDATE,SOLUTION_VISUAL_PRESENT,,assets/images/21_복성고_2학기_기말_고1_기출/q11-solution.svg,ABSENT,,ABSENT,PRESENT,,e3e225331f18a13b7798a9e22083d8a8799e24ebcdccfa7003ca78d0b4cabcd1
h1:original/high/h1/2final/21_복성고_2학기_기말_고1_기출.js_12,original/high/h1/2final/21_복성고_2학기_기말_고1_기출.js,H15-SB-05,H15-SB-05-IRRATIONAL_INVERSE,UNADJUDICATED,SOLUTION_CANDIDATE,SOLUTION_VISUAL_PRESENT,,assets/images/21_복성고_2학기_기말_고1_기출/q12-solution.svg,ABSENT,,ABSENT,PRESENT,,ecdb035a2bef90f4c8f56bc6e84e13e4a08d1dfe13415a44b7aa49df684f9fde
h1:original/high/h1/2final/21_복성고_2학기_기말_고1_기출.js_13,original/high/h1/2final/21_복성고_2학기_기말_고1_기출.js,H15-SB-04,H15-SB-04-RATIONAL_BASIC,UNADJUDICATED,SOLUTION_CANDIDATE,TRIAGE_NO_GRAPH_SIGNAL,,,ABSENT,,ABSENT,ABSENT,,
h1:original/high/h1/2final/21_복성고_2학기_기말_고1_기출.js_16,original/high/h1/2final/21_복성고_2학기_기말_고1_기출.js,H15-SB-03,H15-SB-03-FUNCTION_RELATION,UNADJUDICATED,SOLUTION_CANDIDATE,TRIAGE_NO_GRAPH_SIGNAL,,,ABSENT,,ABSENT,ABSENT,,
h1:original/high/h1/2final/21_복성고_2학기_기말_고1_기출.js_17,original/high/h1/2final/21_복성고_2학기_기말_고1_기출.js,H15-SB-03,H15-SB-03-FUNCTION_RELATION,UNADJUDICATED,SOLUTION_CANDIDATE,TRIAGE_NO_GRAPH_SIGNAL,,,ABSENT,,ABSENT,ABSENT,,
h1:original/high/h1/2final/21_복성고_2학기_기말_고1_기출.js_18,original/high/h1/2final/21_복성고_2학기_기말_고1_기출.js,H15-SB-03,H15-SB-03-FUNCTION_RELATION,UNADJUDICATED,SOLUTION_CANDIDATE,TRIAGE_NO_GRAPH_SIGNAL,,,ABSENT,,ABSENT,ABSENT,,
h1:original/high/h1/2final/21_복성고_2학기_기말_고1_기출.js_2,original/high/h1/2final/21_복성고_2학기_기말_고1_기출.js,H15-SB-03,H15-SB-03-COMPOSITE_FUNCTION,UNADJUDICATED,SOLUTION_CANDIDATE,PRIORITY_2_GRAPH_SUBUNIT_CANDIDATE,,,ABSENT,,ABSENT,ABSENT,,
h1:original/high/h1/2final/21_복성고_2학기_기말_고1_기출.js_22,original/high/h1/2final/21_복성고_2학기_기말_고1_기출.js,H15-SB-05,H15-SB-05-IRRATIONAL_BASIC,UNADJUDICATED,SOLUTION_CANDIDATE,SOLUTION_VISUAL_PRESENT,,assets/images/21_복성고_2학기_기말_고1_기출/q22-solution.svg,ABSENT,,ABSENT,PRESENT,,393e66f549d118ac006efeaf7156805d5cf4169329e2f662b505ae800b5d3138
h1:original/high/h1/2final/21_복성고_2학기_기말_고1_기출.js_23,original/high/h1/2final/21_복성고_2학기_기말_고1_기출.js,H15-SB-03,H15-SB-03-FUNCTION_RELATION,UNADJUDICATED,SOLUTION_CANDIDATE,TRIAGE_NO_GRAPH_SIGNAL,,,ABSENT,,ABSENT,ABSENT,,
h1:original/high/h1/2final/21_복성고_2학기_기말_고1_기출.js_3,original/high/h1/2final/21_복성고_2학기_기말_고1_기출.js,H15-SB-04,H15-SB-04-RATIONAL_BASIC,UNADJUDICATED,SOLUTION_CANDIDATE,SOLUTION_VISUAL_PRESENT,,assets/images/21_복성고_2학기_기말_고1_기출/q03-solution.svg,ABSENT,,ABSENT,PRESENT,,57761ea25c642d52e520acff646d43bcbc3b34b0135fb7b42022b50565213ec8
h1:original/high/h1/2final/21_복성고_2학기_기말_고1_기출.js_4,original/high/h1/2final/21_복성고_2학기_기말_고1_기출.js,H15-SB-05,H15-SB-05-IRRATIONAL_BASIC,UNADJUDICATED,SOLUTION_CANDIDATE,SOLUTION_VISUAL_PRESENT,,assets/images/21_복성고_2학기_기말_고1_기출/q04-solution.svg,ABSENT,,ABSENT,PRESENT,,b41ade346cc9c91e3a510630013c4a6e924807eef051ec988f254138586bc840
h1:original/high/h1/2final/21_복성고_2학기_기말_고1_기출.js_7,original/high/h1/2final/21_복성고_2학기_기말_고1_기출.js,H15-SB-03,H15-SB-03-COMPOSITE_FUNCTION,UNADJUDICATED,PROBLEM_PRESENT_REVIEW,PRIORITY_1_GRAPH_GAP_CANDIDATE,assets/images/21_복성고_2학기_기말_고1_기출/q7.png,,PRESENT,,PRESENT,ABSENT,1339a6b9d607dbfadea342c0d6dd4d253fc51d8f24d8863f2135446e0b43e409,
h1:original/high/h1/2final/21_복성고_2학기_기말_고1_기출.js_8,original/high/h1/2final/21_복성고_2학기_기말_고1_기출.js,H15-SB-03,H15-SB-03-FUNCTION_RELATION,UNADJUDICATED,SOLUTION_CANDIDATE,TRIAGE_NO_GRAPH_SIGNAL,,,ABSENT,,ABSENT,ABSENT,,
h1:original/high/h1/2final/21_복성고_2학기_기말_고1_기출.js_9,original/high/h1/2final/21_복성고_2학기_기말_고1_기출.js,H15-SB-03,H15-SB-03-FUNCTION_RELATION,UNADJUDICATED,SOLUTION_CANDIDATE,TRIAGE_NO_GRAPH_SIGNAL,,,ABSENT,,ABSENT,ABSENT,,
h1:original/high/h1/2final/21_순천고_2학기_기말_고1_기출.js_1,original/high/h1/2final/21_순천고_2학기_기말_고1_기출.js,H15-SB-04,H15-SB-04-RATIONAL_BASIC,UNADJUDICATED,SOLUTION_CANDIDATE,TRIAGE_NO_GRAPH_SIGNAL,,,ABSENT,,ABSENT,ABSENT,,
h1:original/high/h1/2final/21_순천고_2학기_기말_고1_기출.js_10,original/high/h1/2final/21_순천고_2학기_기말_고1_기출.js,H15-SB-05,H15-SB-05-IRRATIONAL_GRAPH,UNADJUDICATED,PROBLEM_PRESENT_REVIEW,SOLUTION_VISUAL_PRESENT,assets/images/21_순천고_2학기_기말_고1_기출/q10.png,assets/images/21_순천고_2학기_기말_고1_기출/q10-solution.svg,PRESENT,,PRESENT,PRESENT,1f771c251657a3beb9d213413a45cdb71318f4a9981e22ffc15aeea392a90134,77928e3bce0ecde04c9082f5d3887a836fd1a81110fdea2143d9962b3b33cd63
h1:original/high/h1/2final/21_순천고_2학기_기말_고1_기출.js_11,original/high/h1/2final/21_순천고_2학기_기말_고1_기출.js,H15-SB-05,H15-SB-05-IRRATIONAL_BASIC,UNADJUDICATED,SOLUTION_CANDIDATE,SOLUTION_VISUAL_PRESENT,,assets/images/21_순천고_2학기_기말_고1_기출/q11-solution.svg,ABSENT,,ABSENT,PRESENT,,97181140919b5b004d6edabd7e087d24949cfcba7167bd0959f8d70ebb7e4995
h1:original/high/h1/2final/21_순천고_2학기_기말_고1_기출.js_15,original/high/h1/2final/21_순천고_2학기_기말_고1_기출.js,H15-SB-03,H15-SB-03-FUNCTION_RELATION,UNADJUDICATED,SOLUTION_CANDIDATE,TRIAGE_NO_GRAPH_SIGNAL,,,ABSENT,,ABSENT,ABSENT,,
h1:original/high/h1/2final/21_순천고_2학기_기말_고1_기출.js_18,original/high/h1/2final/21_순천고_2학기_기말_고1_기출.js,H15-SB-04,H15-SB-04-RATIONAL_BASIC,UNADJUDICATED,SOLUTION_CANDIDATE,SOLUTION_VISUAL_PRESENT,,assets/images/21_순천고_2학기_기말_고1_기출/q18-solution.svg,ABSENT,,ABSENT,PRESENT,,4dfa76ca01be47b91082f219d091d92ef8edeb71dd7811ec896c7e77dbf13c6d
h1:original/high/h1/2final/21_순천고_2학기_기말_고1_기출.js_2,original/high/h1/2final/21_순천고_2학기_기말_고1_기출.js,H15-SB-04,H15-SB-04-RATIONAL_BASIC,UNADJUDICATED,SOLUTION_CANDIDATE,SOLUTION_VISUAL_PRESENT,,assets/images/21_순천고_2학기_기말_고1_기출/q02-solution.svg,ABSENT,,ABSENT,PRESENT,,b4ca8c8df7854a4604ecfc6fa606c3b276d21e3195238801e15d8f45c003f7a2
h1:original/high/h1/2final/21_순천고_2학기_기말_고1_기출.js_22,original/high/h1/2final/21_순천고_2학기_기말_고1_기출.js,H15-SB-03,H15-SB-03-COMPOSITE_FUNCTION,UNADJUDICATED,SOLUTION_CANDIDATE,PRIORITY_2_GRAPH_SUBUNIT_CANDIDATE,,,ABSENT,,ABSENT,ABSENT,,
h1:original/high/h1/2final/21_순천고_2학기_기말_고1_기출.js_8,original/high/h1/2final/21_순천고_2학기_기말_고1_기출.js,H15-SB-05,H15-SB-05-IRRATIONAL_BASIC,UNADJUDICATED,SOLUTION_CANDIDATE,SOLUTION_VISUAL_PRESENT,,assets/images/21_순천고_2학기_기말_고1_기출/q08-solution.svg,ABSENT,,ABSENT,PRESENT,,efe18e233646f3cbebe5de7a955218029e5e77f23ce3c3f4d9e86747da7a6042
h1:original/high/h1/2final/21_순천고_2학기_기말_고1_기출.js_9,original/high/h1/2final/21_순천고_2학기_기말_고1_기출.js,H15-SB-05,H15-SB-05-IRRATIONAL_BASIC,UNADJUDICATED,SOLUTION_CANDIDATE,SOLUTION_VISUAL_PRESENT,,assets/images/21_순천고_2학기_기말_고1_기출/q09-solution.svg,ABSENT,,ABSENT,PRESENT,,98e79713d712b1d7c902749c213939123abc6196106664fc51191072c5271a11
h1:original/high/h1/2final/21_제일고_2학기_기말_고1_기출.js_1,original/high/h1/2final/21_제일고_2학기_기말_고1_기출.js,H15-SB-03,H15-SB-03-COMPOSITE_FUNCTION,UNADJUDICATED,SOLUTION_CANDIDATE,PRIORITY_2_GRAPH_SUBUNIT_CANDIDATE,,,ABSENT,,ABSENT,ABSENT,,
h1:original/high/h1/2final/21_제일고_2학기_기말_고1_기출.js_18,original/high/h1/2final/21_제일고_2학기_기말_고1_기출.js,H15-SB-03,H15-SB-03-FUNCTION_RELATION,UNADJUDICATED,SOLUTION_CANDIDATE,TRIAGE_NO_GRAPH_SIGNAL,,,ABSENT,,ABSENT,ABSENT,,
h1:original/high/h1/2final/21_제일고_2학기_기말_고1_기출.js_2,original/high/h1/2final/21_제일고_2학기_기말_고1_기출.js,H15-SB-03,H15-SB-03-INVERSE_FUNCTION,UNADJUDICATED,SOLUTION_CANDIDATE,TRIAGE_NO_GRAPH_SIGNAL,,,ABSENT,,ABSENT,ABSENT,,
h1:original/high/h1/2final/21_제일고_2학기_기말_고1_기출.js_20,original/high/h1/2final/21_제일고_2학기_기말_고1_기출.js,H15-SB-03,H15-SB-03-COMPOSITE_FUNCTION,UNADJUDICATED,SOLUTION_CANDIDATE,PRIORITY_2_GRAPH_RELATION_CANDIDATE,,,ABSENT,,ABSENT,ABSENT,,
h1:original/high/h1/2final/21_제일고_2학기_기말_고1_기출.js_22,original/high/h1/2final/21_제일고_2학기_기말_고1_기출.js,H15-SB-03,H15-SB-03-COMPOSITE_FUNCTION,UNADJUDICATED,SOLUTION_CANDIDATE,PRIORITY_2_GRAPH_SUBUNIT_CANDIDATE,,,ABSENT,,ABSENT,ABSENT,,
h1:original/high/h1/2final/21_제일고_2학기_기말_고1_기출.js_4,original/high/h1/2final/21_제일고_2학기_기말_고1_기출.js,H15-SB-04,H15-SB-04-RATIONAL_GRAPH,UNADJUDICATED,SOLUTION_CANDIDATE,SOLUTION_VISUAL_PRESENT,,assets/images/21_제일고_2학기_기말_고1_기출/q04-solution.svg,ABSENT,,ABSENT,PRESENT,,98c147ed852ed96ae34b7193edbd576956685a10279c5a6b795bd36850a35ba4
h1:original/high/h1/2final/21_제일고_2학기_기말_고1_기출.js_5,original/high/h1/2final/21_제일고_2학기_기말_고1_기출.js,H15-SB-05,H15-SB-05-IRRATIONAL_BASIC,UNADJUDICATED,SOLUTION_CANDIDATE,SOLUTION_VISUAL_PRESENT,,assets/images/21_제일고_2학기_기말_고1_기출/q05-solution.svg,ABSENT,,ABSENT,PRESENT,,0ace50e2eee9f4eea9e705c8d8c0cbb16efb8dc3ae0aa97cae2367c71a8d8c89
h1:original/high/h1/2final/21_제일고_2학기_기말_고1_기출.js_6,original/high/h1/2final/21_제일고_2학기_기말_고1_기출.js,H15-SB-04,H15-SB-04-RATIONAL_BASIC,UNADJUDICATED,SOLUTION_CANDIDATE,TRIAGE_NO_GRAPH_SIGNAL,,,ABSENT,,ABSENT,ABSENT,,
h1:original/high/h1/2final/21_제일고_2학기_기말_고1_기출.js_7,original/high/h1/2final/21_제일고_2학기_기말_고1_기출.js,H15-SB-05,H15-SB-05-IRRATIONAL_BASIC,UNADJUDICATED,PROBLEM_PRESENT_REVIEW,PRIORITY_1_GRAPH_GAP_CANDIDATE,assets/images/21_제일고_2학기_기말_고1_기출/q7.png,,PRESENT,,PRESENT,ABSENT,475f8c1c512623edd065a37f53260f4e15f363442d72b933d93685944304bd58,
h1:original/high/h1/2final/21_제일고_2학기_기말_고1_기출.js_8,original/high/h1/2final/21_제일고_2학기_기말_고1_기출.js,H15-SB-03,H15-SB-03-INVERSE_FUNCTION,UNADJUDICATED,SOLUTION_CANDIDATE,TRIAGE_NO_GRAPH_SIGNAL,,,ABSENT,,ABSENT,ABSENT,,
h1:original/high/h1/2final/21_제일고_2학기_기말_고1_기출.js_9,original/high/h1/2final/21_제일고_2학기_기말_고1_기출.js,H15-SB-04,H15-SB-04-RATIONAL_APPLICATION,UNADJUDICATED,SOLUTION_CANDIDATE,TRIAGE_NO_GRAPH_SIGNAL,,,ABSENT,,ABSENT,ABSENT,,
h1:original/high/h1/2final/21_팔마고_2학기_기말_고1_기출.js_1,original/high/h1/2final/21_팔마고_2학기_기말_고1_기출.js,H15-SB-04,H15-SB-04-RATIONAL_BASIC,UNADJUDICATED,SOLUTION_CANDIDATE,TRIAGE_NO_GRAPH_SIGNAL,,,ABSENT,,ABSENT,ABSENT,,
h1:original/high/h1/2final/21_팔마고_2학기_기말_고1_기출.js_13,original/high/h1/2final/21_팔마고_2학기_기말_고1_기출.js,H15-SB-03,H15-SB-03-FUNCTION_RELATION,UNADJUDICATED,SOLUTION_CANDIDATE,TRIAGE_NO_GRAPH_SIGNAL,,,ABSENT,,ABSENT,ABSENT,,
h1:original/high/h1/2final/21_팔마고_2학기_기말_고1_기출.js_14,original/high/h1/2final/21_팔마고_2학기_기말_고1_기출.js,H15-SB-05,H15-SB-05-IRRATIONAL_GRAPH,UNADJUDICATED,PROBLEM_PRESENT_REVIEW,PRIORITY_1_GRAPH_GAP_CANDIDATE,assets/images/21_팔마고_2학기_기말_고1_기출/q14.png,,PRESENT,,PRESENT,ABSENT,927e6e64386801d6f20f6b905b1fe0511cdb9c9f31a94ea2be1b4895edd00ed6,
h1:original/high/h1/2final/21_팔마고_2학기_기말_고1_기출.js_15,original/high/h1/2final/21_팔마고_2학기_기말_고1_기출.js,H15-SB-05,H15-SB-05-IRRATIONAL_BASIC,UNADJUDICATED,SOLUTION_CANDIDATE,TRIAGE_NO_GRAPH_SIGNAL,,,ABSENT,,ABSENT,ABSENT,,
h1:original/high/h1/2final/21_팔마고_2학기_기말_고1_기출.js_2,original/high/h1/2final/21_팔마고_2학기_기말_고1_기출.js,H15-SB-05,H15-SB-05-IRRATIONAL_BASIC,UNADJUDICATED,SOLUTION_CANDIDATE,TRIAGE_NO_GRAPH_SIGNAL,,,ABSENT,,ABSENT,ABSENT,,
h1:original/high/h1/2final/21_팔마고_2학기_기말_고1_기출.js_20,original/high/h1/2final/21_팔마고_2학기_기말_고1_기출.js,H15-SB-05,H15-SB-05-IRRATIONAL_INVERSE,UNADJUDICATED,SOLUTION_CANDIDATE,SOLUTION_VISUAL_PRESENT,,assets/images/21_팔마고_2학기_기말_고1_기출/q20-solution.svg,ABSENT,TABLE,PRESENT,PRESENT,,f67c90716869e025b295062e1e84020d898fa716a3f8240559969f13b0473c6a
h1:original/high/h1/2final/21_팔마고_2학기_기말_고1_기출.js_21,original/high/h1/2final/21_팔마고_2학기_기말_고1_기출.js,H15-SB-04,H15-SB-04-RATIONAL_APPLICATION,UNADJUDICATED,SOLUTION_CANDIDATE,TRIAGE_NO_GRAPH_SIGNAL,,,ABSENT,TABLE,PRESENT,ABSENT,,
h1:original/high/h1/2final/21_팔마고_2학기_기말_고1_기출.js_3,original/high/h1/2final/21_팔마고_2학기_기말_고1_기출.js,H15-SB-04,H15-SB-04-RATIONAL_GRAPH,UNADJUDICATED,SOLUTION_CANDIDATE,SOLUTION_VISUAL_PRESENT,,assets/images/21_팔마고_2학기_기말_고1_기출/q03-solution.svg,ABSENT,,ABSENT,PRESENT,,797cd06e7e091e0c2f134bd730b274bc71d072e34653d876d1fd3d36691ab472
h1:original/high/h1/2final/21_팔마고_2학기_기말_고1_기출.js_4,original/high/h1/2final/21_팔마고_2학기_기말_고1_기출.js,H15-SB-05,H15-SB-05-IRRATIONAL_BASIC,UNADJUDICATED,SOLUTION_CANDIDATE,SOLUTION_VISUAL_PRESENT,,assets/images/21_팔마고_2학기_기말_고1_기출/q04-solution.svg,ABSENT,,ABSENT,PRESENT,,ef5b924613ba0a0844ab9306d4a3231fe60ee61a3b9b954cbadb859ef5df7664
h1:original/high/h1/2final/21_팔마고_2학기_기말_고1_기출.js_5,original/high/h1/2final/21_팔마고_2학기_기말_고1_기출.js,H15-SB-04,H15-SB-04-RATIONAL_BASIC,UNADJUDICATED,SOLUTION_CANDIDATE,SOLUTION_VISUAL_PRESENT,,assets/images/21_팔마고_2학기_기말_고1_기출/q05-solution.svg,ABSENT,,ABSENT,PRESENT,,cd2fc1e116c98f0c172e009155bbc934a5b040d1907c2c566cfe850748126ed5
h1:original/high/h1/2final/21_팔마고_2학기_기말_고1_기출.js_6,original/high/h1/2final/21_팔마고_2학기_기말_고1_기출.js,H15-SB-05,H15-SB-05-IRRATIONAL_INVERSE,UNADJUDICATED,SOLUTION_CANDIDATE,PRIORITY_1_EXPLICIT_GRAPH_CANDIDATE,,,ABSENT,,ABSENT,ABSENT,,
h1:original/high/h1/2final/21_효천고_2학기_기말_고1_기출.js_11,original/high/h1/2final/21_효천고_2학기_기말_고1_기출.js,H15-SB-04,H15-SB-04-RATIONAL_GRAPH,UNADJUDICATED,SOLUTION_CANDIDATE,SOLUTION_VISUAL_PRESENT,,assets/images/21_효천고_2학기_기말_고1_기출/q11-solution.svg,ABSENT,,ABSENT,PRESENT,,a7a850d65155625fbb5b92de8cd483f57308cfc77554e311951620a3903c0be1
h1:original/high/h1/2final/21_효천고_2학기_기말_고1_기출.js_12,original/high/h1/2final/21_효천고_2학기_기말_고1_기출.js,H15-SB-05,H15-SB-05-IRRATIONAL_INVERSE,UNADJUDICATED,SOLUTION_CANDIDATE,SOLUTION_VISUAL_PRESENT,,assets/images/21_효천고_2학기_기말_고1_기출/q12-solution.svg,ABSENT,,ABSENT,PRESENT,,4ac6b43b831769415ce33216bd730cc8d3e230c21ef201b0b31e44b1e562ba5c
h1:original/high/h1/2final/21_효천고_2학기_기말_고1_기출.js_13,original/high/h1/2final/21_효천고_2학기_기말_고1_기출.js,H15-SB-03,H15-SB-03-FUNCTION_RELATION,UNADJUDICATED,SOLUTION_CANDIDATE,SOLUTION_VISUAL_PRESENT,,assets/images/21_효천고_2학기_기말_고1_기출/q13-solution.svg,ABSENT,,ABSENT,PRESENT,,cb341017edf6afd6a5aa3773585d9363e38f368864cf26cff01fd3439e53f525
h1:original/high/h1/2final/21_효천고_2학기_기말_고1_기출.js_20,original/high/h1/2final/21_효천고_2학기_기말_고1_기출.js,H15-SB-05,H15-SB-05-IRRATIONAL_BASIC,UNADJUDICATED,SOLUTION_CANDIDATE,TRIAGE_NO_GRAPH_SIGNAL,,,ABSENT,,ABSENT,ABSENT,,
h1:original/high/h1/2final/21_효천고_2학기_기말_고1_기출.js_21,original/high/h1/2final/21_효천고_2학기_기말_고1_기출.js,H15-SB-03,H15-SB-03-COMPOSITE_FUNCTION,UNADJUDICATED,SOLUTION_CANDIDATE,PRIORITY_2_GRAPH_RELATION_CANDIDATE,,,ABSENT,,ABSENT,ABSENT,,
h1:original/high/h1/2final/21_효천고_2학기_기말_고1_기출.js_5,original/high/h1/2final/21_효천고_2학기_기말_고1_기출.js,H15-SB-03,H15-SB-03-FUNCTION_RELATION,UNADJUDICATED,SOLUTION_CANDIDATE,TRIAGE_NO_GRAPH_SIGNAL,,,ABSENT,,ABSENT,ABSENT,,
h1:original/high/h1/2final/21_효천고_2학기_기말_고1_기출.js_6,original/high/h1/2final/21_효천고_2학기_기말_고1_기출.js,H15-SB-04,H15-SB-04-RATIONAL_BASIC,UNADJUDICATED,SOLUTION_CANDIDATE,TRIAGE_NO_GRAPH_SIGNAL,,,ABSENT,,ABSENT,ABSENT,,
h1:original/high/h1/2final/21_효천고_2학기_기말_고1_기출.js_7,original/high/h1/2final/21_효천고_2학기_기말_고1_기출.js,H15-SB-05,H15-SB-05-IRRATIONAL_BASIC,UNADJUDICATED,SOLUTION_CANDIDATE,TRIAGE_NO_GRAPH_SIGNAL,,,ABSENT,,ABSENT,ABSENT,,
h1:original/high/h1/2final/22_강남여고_2학기_기말_고1_기출.js_10,original/high/h1/2final/22_강남여고_2학기_기말_고1_기출.js,H15-SB-03,H15-SB-03-FUNCTION_RELATION,UNADJUDICATED,SOLUTION_CANDIDATE,TRIAGE_NO_GRAPH_SIGNAL,,,ABSENT,,ABSENT,ABSENT,,
h1:original/high/h1/2final/22_강남여고_2학기_기말_고1_기출.js_11,original/high/h1/2final/22_강남여고_2학기_기말_고1_기출.js,H15-SB-05,H15-SB-05-IRRATIONAL_INVERSE,UNADJUDICATED,SOLUTION_CANDIDATE,SOLUTION_VISUAL_PRESENT,,assets/images/22_강남여고_2학기_기말_고1_기출/q11-solution.svg,ABSENT,,ABSENT,PRESENT,,69a02eb9a50c7efe7d88e0cffbb934f2cd5c714856717b4513ca1a1a410b1777
h1:original/high/h1/2final/22_강남여고_2학기_기말_고1_기출.js_14,original/high/h1/2final/22_강남여고_2학기_기말_고1_기출.js,H15-SB-03,H15-SB-03-COMPOSITE_FUNCTION,UNADJUDICATED,SOLUTION_CANDIDATE,PRIORITY_2_GRAPH_RELATION_CANDIDATE,,,ABSENT,,ABSENT,ABSENT,,
h1:original/high/h1/2final/22_강남여고_2학기_기말_고1_기출.js_15,original/high/h1/2final/22_강남여고_2학기_기말_고1_기출.js,H15-SB-04,H15-SB-04-RATIONAL_GRAPH,UNADJUDICATED,SOLUTION_CANDIDATE,SOLUTION_VISUAL_PRESENT,,assets/images/22_강남여고_2학기_기말_고1_기출/q15-solution.svg,ABSENT,,ABSENT,PRESENT,,ecfcdb0185312acb3ff0ef3a5bd621f275e75b873181402c05cc4fdf533c8a51
h1:original/high/h1/2final/22_강남여고_2학기_기말_고1_기출.js_18,original/high/h1/2final/22_강남여고_2학기_기말_고1_기출.js,H15-SB-05,H15-SB-05-IRRATIONAL_BASIC,UNADJUDICATED,PROBLEM_PRESENT_REVIEW,SOLUTION_VISUAL_PRESENT,assets/images/22_강남여고_2학기_기말_고1_기출/q18.png,assets/images/22_강남여고_2학기_기말_고1_기출/q18-solution.svg,PRESENT,,PRESENT,PRESENT,0f9e253a6c8cb32862e0e0f9a171eda138c0f15977bf54b69512e7d3a70441f2,86eaea25b76c31cbdddc9a09009ca1ffbf6727eff7c659d44f60bea5669aa0a3
h1:original/high/h1/2final/22_강남여고_2학기_기말_고1_기출.js_20,original/high/h1/2final/22_강남여고_2학기_기말_고1_기출.js,H15-SB-03,H15-SB-03-COMPOSITE_FUNCTION,UNADJUDICATED,SOLUTION_CANDIDATE,PRIORITY_2_GRAPH_SUBUNIT_CANDIDATE,,,ABSENT,,ABSENT,ABSENT,,
h1:original/high/h1/2final/22_강남여고_2학기_기말_고1_기출.js_22,original/high/h1/2final/22_강남여고_2학기_기말_고1_기출.js,H15-SB-05,H15-SB-05-IRRATIONAL_BASIC,UNADJUDICATED,SOLUTION_CANDIDATE,SOLUTION_VISUAL_PRESENT,,assets/images/22_강남여고_2학기_기말_고1_기출/q22-solution.svg,ABSENT,,ABSENT,PRESENT,,0b6d928d7c1d198949f5bc8cb6faf9f1c5065f82687df0a4aa353975429b1b0b
h1:original/high/h1/2final/22_강남여고_2학기_기말_고1_기출.js_3,original/high/h1/2final/22_강남여고_2학기_기말_고1_기출.js,H15-SB-04,H15-SB-04-RATIONAL_GRAPH,UNADJUDICATED,PROBLEM_PRESENT_REVIEW,PRIORITY_1_GRAPH_GAP_CANDIDATE,assets/images/22_강남여고_2학기_기말_고1_기출/q3.png,,PRESENT,,PRESENT,ABSENT,b98410fe6f95a1641c7e714ed2f5ef6ae34a71743a8a9cf51565f458e95f26b9,
h1:original/high/h1/2final/22_금당고_2학기_기말_고1_기출.js_1,original/high/h1/2final/22_금당고_2학기_기말_고1_기출.js,H15-SB-04,H15-SB-04-RATIONAL_GRAPH,UNADJUDICATED,SOLUTION_CANDIDATE,SOLUTION_VISUAL_PRESENT,,assets/images/22_금당고_2학기_기말_고1_기출/q01-solution.svg,ABSENT,,ABSENT,PRESENT,,3585afa3429324ac94a2a9c320dcb0632450cbe12a5cea1c0e60b0d90fc33f8e
h1:original/high/h1/2final/22_금당고_2학기_기말_고1_기출.js_17,original/high/h1/2final/22_금당고_2학기_기말_고1_기출.js,H15-SB-05,H15-SB-05-IRRATIONAL_BASIC,UNADJUDICATED,SOLUTION_CANDIDATE,SOLUTION_VISUAL_PRESENT,,assets/images/22_금당고_2학기_기말_고1_기출/q17-solution.svg,ABSENT,,ABSENT,PRESENT,,d5231539dda39184e3577c7688be3f6a78d2c895aee64f688db650a95ab6de1d
h1:original/high/h1/2final/22_금당고_2학기_기말_고1_기출.js_2,original/high/h1/2final/22_금당고_2학기_기말_고1_기출.js,H15-SB-05,H15-SB-05-IRRATIONAL_BASIC,UNADJUDICATED,SOLUTION_CANDIDATE,TRIAGE_NO_GRAPH_SIGNAL,,,ABSENT,,ABSENT,ABSENT,,
h1:original/high/h1/2final/22_금당고_2학기_기말_고1_기출.js_21,original/high/h1/2final/22_금당고_2학기_기말_고1_기출.js,H15-SB-04,H15-SB-04-RATIONAL_GRAPH,UNADJUDICATED,SOLUTION_CANDIDATE,PRIORITY_1_EXPLICIT_GRAPH_CANDIDATE,,,ABSENT,,ABSENT,ABSENT,,
h1:original/high/h1/2final/22_금당고_2학기_기말_고1_기출.js_6,original/high/h1/2final/22_금당고_2학기_기말_고1_기출.js,H15-SB-04,H15-SB-04-RATIONAL_BASIC,UNADJUDICATED,SOLUTION_CANDIDATE,TRIAGE_NO_GRAPH_SIGNAL,,,ABSENT,,ABSENT,ABSENT,,
h1:original/high/h1/2final/22_금당고_2학기_기말_고1_기출.js_7,original/high/h1/2final/22_금당고_2학기_기말_고1_기출.js,H15-SB-04,H15-SB-04-RATIONAL_BASIC,UNADJUDICATED,SOLUTION_CANDIDATE,TRIAGE_NO_GRAPH_SIGNAL,,,ABSENT,,ABSENT,ABSENT,,
h1:original/high/h1/2final/22_금당고_2학기_기말_고1_기출.js_8,original/high/h1/2final/22_금당고_2학기_기말_고1_기출.js,H15-SB-05,H15-SB-05-IRRATIONAL_INVERSE,UNADJUDICATED,SOLUTION_CANDIDATE,SOLUTION_VISUAL_PRESENT,,assets/images/22_금당고_2학기_기말_고1_기출/q08-solution.svg,ABSENT,,ABSENT,PRESENT,,cb95e2f492ca7a51d98f76b8ec62e7b291046ce00875a94b6e2a14880fbae90d
h1:original/high/h1/2final/22_금당고_2학기_기말_고1_기출.js_9,original/high/h1/2final/22_금당고_2학기_기말_고1_기출.js,H15-SB-04,H15-SB-04-RATIONAL_BASIC,UNADJUDICATED,SOLUTION_CANDIDATE,SOLUTION_VISUAL_PRESENT,,assets/images/22_금당고_2학기_기말_고1_기출/q09-solution.svg,ABSENT,,ABSENT,PRESENT,,3551ea03c01403002092988920aa855b075aa5aa60dfbaa6ea3285f28dacd7e5
h1:original/high/h1/2final/22_매산고_2학기_기말_고1_기출.js_11,original/high/h1/2final/22_매산고_2학기_기말_고1_기출.js,H15-SB-03,H15-SB-03-COMPOSITE_FUNCTION,UNADJUDICATED,SOLUTION_CANDIDATE,PRIORITY_2_GRAPH_SUBUNIT_CANDIDATE,,,ABSENT,,ABSENT,ABSENT,,
h1:original/high/h1/2final/22_매산고_2학기_기말_고1_기출.js_12,original/high/h1/2final/22_매산고_2학기_기말_고1_기출.js,H15-SB-03,H15-SB-03-INVERSE_FUNCTION,UNADJUDICATED,PROBLEM_PRESENT_REVIEW,SOLUTION_VISUAL_PRESENT,assets/images/22_매산고_2학기_기말_고1_기출/q12.png,assets/images/22_매산고_2학기_기말_고1_기출/q12-solution.svg,PRESENT,,PRESENT,PRESENT,f230593370b7fe11b5b9aab7267fd1102a5931e45c40c87a1630d8b9f8f4ff28,245952bf1c12feb19f2ef123f45579b2fb9102082f7fb538de1db4044dbcdf40
h1:original/high/h1/2final/22_매산고_2학기_기말_고1_기출.js_13,original/high/h1/2final/22_매산고_2학기_기말_고1_기출.js,H15-SB-03,H15-SB-03-INVERSE_FUNCTION,UNADJUDICATED,SOLUTION_CANDIDATE,TRIAGE_NO_GRAPH_SIGNAL,,,ABSENT,,ABSENT,ABSENT,,
h1:original/high/h1/2final/22_매산고_2학기_기말_고1_기출.js_14,original/high/h1/2final/22_매산고_2학기_기말_고1_기출.js,H15-SB-05,H15-SB-05-IRRATIONAL_BASIC,UNADJUDICATED,SOLUTION_CANDIDATE,TRIAGE_NO_GRAPH_SIGNAL,,,ABSENT,,ABSENT,ABSENT,,
h1:original/high/h1/2final/22_매산고_2학기_기말_고1_기출.js_16,original/high/h1/2final/22_매산고_2학기_기말_고1_기출.js,H15-SB-05,H15-SB-05-IRRATIONAL_BASIC,UNADJUDICATED,SOLUTION_CANDIDATE,TRIAGE_NO_GRAPH_SIGNAL,,,ABSENT,,ABSENT,ABSENT,,
h1:original/high/h1/2final/22_매산고_2학기_기말_고1_기출.js_17,original/high/h1/2final/22_매산고_2학기_기말_고1_기출.js,H15-SB-03,H15-SB-03-FUNCTION_RELATION,UNADJUDICATED,SOLUTION_CANDIDATE,PRIORITY_1_EXPLICIT_GRAPH_CANDIDATE,,,ABSENT,,ABSENT,ABSENT,,
h1:original/high/h1/2final/22_매산고_2학기_기말_고1_기출.js_18,original/high/h1/2final/22_매산고_2학기_기말_고1_기출.js,H15-SB-04,H15-SB-04-RATIONAL_BASIC,UNADJUDICATED,SOLUTION_CANDIDATE,TRIAGE_NO_GRAPH_SIGNAL,,,ABSENT,,ABSENT,ABSENT,,
h1:original/high/h1/2final/22_매산고_2학기_기말_고1_기출.js_19,original/high/h1/2final/22_매산고_2학기_기말_고1_기출.js,H15-SB-04,H15-SB-04-RATIONAL_BASIC,UNADJUDICATED,PROBLEM_PRESENT_REVIEW,SOLUTION_VISUAL_PRESENT,assets/images/22_매산고_2학기_기말_고1_기출/q19.png,assets/images/22_매산고_2학기_기말_고1_기출/q19-solution.svg,PRESENT,,PRESENT,PRESENT,cdf5be16bb8b19ff8fb223c630fcaa6d1a332fa0649febf8699a0722a5070927,2ffa5da70acd02ae22cb3ce027af79ae2eeb52800b9781ddd9a453dcac10e782
h1:original/high/h1/2final/22_매산고_2학기_기말_고1_기출.js_2,original/high/h1/2final/22_매산고_2학기_기말_고1_기출.js,H15-SB-04,H15-SB-04-RATIONAL_GRAPH,UNADJUDICATED,PROBLEM_PRESENT_REVIEW,PRIORITY_1_GRAPH_GAP_CANDIDATE,assets/images/22_매산고_2학기_기말_고1_기출/q2.png,,PRESENT,,PRESENT,ABSENT,2241dddf24ea972ed49933c833b82c6c0feb6a568794c58e7efeeecd08d53163,
h1:original/high/h1/2final/22_매산고_2학기_기말_고1_기출.js_20,original/high/h1/2final/22_매산고_2학기_기말_고1_기출.js,H15-SB-03,H15-SB-03-COMPOSITE_FUNCTION,UNADJUDICATED,SOLUTION_CANDIDATE,PRIORITY_2_GRAPH_SUBUNIT_CANDIDATE,,,ABSENT,,ABSENT,ABSENT,,
h1:original/high/h1/2final/22_매산고_2학기_기말_고1_기출.js_3,original/high/h1/2final/22_매산고_2학기_기말_고1_기출.js,H15-SB-05,H15-SB-05-IRRATIONAL_BASIC,UNADJUDICATED,SOLUTION_CANDIDATE,SOLUTION_VISUAL_PRESENT,,assets/images/22_매산고_2학기_기말_고1_기출/q03-solution.svg,ABSENT,,ABSENT,PRESENT,,8ec0ac875b8927a9f57514674ae4df45d5171412679ca83d87179c2a93563201
h1:original/high/h1/2final/22_매산고_2학기_기말_고1_기출.js_4,original/high/h1/2final/22_매산고_2학기_기말_고1_기출.js,H15-SB-03,H15-SB-03-COMPOSITE_FUNCTION,UNADJUDICATED,PROBLEM_PRESENT_REVIEW,PRIORITY_1_GRAPH_GAP_CANDIDATE,assets/images/22_매산고_2학기_기말_고1_기출/q4.png,,PRESENT,,PRESENT,ABSENT,c902347868b37a9b1eb59aaf713bda96bd179d982f9291f28d9b1677d1a73d75,
h1:original/high/h1/2final/22_매산고_2학기_기말_고1_기출.js_7,original/high/h1/2final/22_매산고_2학기_기말_고1_기출.js,H15-SB-05,H15-SB-05-IRRATIONAL_INVERSE,UNADJUDICATED,SOLUTION_CANDIDATE,SOLUTION_VISUAL_PRESENT,,assets/images/22_매산고_2학기_기말_고1_기출/q07-solution.svg,ABSENT,,ABSENT,PRESENT,,8e0c1620b664d6ab8818dde976b9070636de965807e25c0158f4dce599a512ea
h1:original/high/h1/2final/22_매산고_2학기_기말_고1_기출.js_8,original/high/h1/2final/22_매산고_2학기_기말_고1_기출.js,H15-SB-04,H15-SB-04-RATIONAL_BASIC,UNADJUDICATED,SOLUTION_CANDIDATE,SOLUTION_VISUAL_PRESENT,,assets/images/22_매산고_2학기_기말_고1_기출/q08-solution.svg,ABSENT,,ABSENT,PRESENT,,b53e1783360290d1875c95767fb3aef00c41aa1909a6a505005e6cb31b0180ec
h1:original/high/h1/2final/22_복성고_2학기_기말_고1_기출.js_12,original/high/h1/2final/22_복성고_2학기_기말_고1_기출.js,H15-SB-04,H15-SB-04-RATIONAL_BASIC,UNADJUDICATED,SOLUTION_CANDIDATE,SOLUTION_VISUAL_PRESENT,,assets/images/22_복성고_2학기_기말_고1_기출/q12-solution.svg,ABSENT,,ABSENT,PRESENT,,c11c98c68eebfb06657d027df242811c552a93b9d9df35e85d0e5dae1e4e535c
h1:original/high/h1/2final/22_복성고_2학기_기말_고1_기출.js_13,original/high/h1/2final/22_복성고_2학기_기말_고1_기출.js,H15-SB-05,H15-SB-05-IRRATIONAL_BASIC,UNADJUDICATED,PROBLEM_PRESENT_REVIEW,PRIORITY_1_GRAPH_GAP_CANDIDATE,assets/images/22_복성고_2학기_기말_고1_기출/q13.png,,PRESENT,,PRESENT,ABSENT,c2191be35f2dbfc29ca8a31a9fa9d8ea8622210df75586f1e2176bef6cf27219,
h1:original/high/h1/2final/22_복성고_2학기_기말_고1_기출.js_14,original/high/h1/2final/22_복성고_2학기_기말_고1_기출.js,H15-SB-03,H15-SB-03-FUNCTION_RELATION,UNADJUDICATED,PROBLEM_PRESENT_REVIEW,PRIORITY_1_GRAPH_GAP_CANDIDATE,assets/images/22_복성고_2학기_기말_고1_기출/q14.png,,PRESENT,,PRESENT,ABSENT,f7b06bd3803d89bad8058d8a00f75cf5af2fcae886f0c98a2db3e5c37ba43285,
h1:original/high/h1/2final/22_복성고_2학기_기말_고1_기출.js_15,original/high/h1/2final/22_복성고_2학기_기말_고1_기출.js,H15-SB-04,H15-SB-04-RATIONAL_BASIC,UNADJUDICATED,SOLUTION_CANDIDATE,SOLUTION_VISUAL_PRESENT,,assets/images/22_복성고_2학기_기말_고1_기출/q15-solution.svg,ABSENT,,ABSENT,PRESENT,,13e709650456ee237a2a7de83587ee1a9c5d8d93dd63dc6a28367afd6526cd5f
h1:original/high/h1/2final/22_복성고_2학기_기말_고1_기출.js_18,original/high/h1/2final/22_복성고_2학기_기말_고1_기출.js,H15-SB-03,H15-SB-03-FUNCTION_RELATION,UNADJUDICATED,SOLUTION_CANDIDATE,TRIAGE_NO_GRAPH_SIGNAL,,,ABSENT,,ABSENT,ABSENT,,
h1:original/high/h1/2final/22_복성고_2학기_기말_고1_기출.js_19,original/high/h1/2final/22_복성고_2학기_기말_고1_기출.js,H15-SB-03,H15-SB-03-FUNCTION_RELATION,UNADJUDICATED,PROBLEM_PRESENT_REVIEW,PRIORITY_1_GRAPH_GAP_CANDIDATE,assets/images/22_복성고_2학기_기말_고1_기출/q19.png,,PRESENT,,PRESENT,ABSENT,eb0b1b86815f16f209805128e0051ae21acc35366e7133785a094e3f0c5cc7d8,
h1:original/high/h1/2final/22_복성고_2학기_기말_고1_기출.js_20,original/high/h1/2final/22_복성고_2학기_기말_고1_기출.js,H15-SB-05,H15-SB-05-IRRATIONAL_BASIC,UNADJUDICATED,SOLUTION_CANDIDATE,PRIORITY_1_EXPLICIT_GRAPH_CANDIDATE,,,ABSENT,,ABSENT,ABSENT,,
h1:original/high/h1/2final/22_복성고_2학기_기말_고1_기출.js_21,original/high/h1/2final/22_복성고_2학기_기말_고1_기출.js,H15-SB-04,H15-SB-04-RATIONAL_BASIC,UNADJUDICATED,SOLUTION_CANDIDATE,SOLUTION_VISUAL_PRESENT,,assets/images/22_복성고_2학기_기말_고1_기출/q21-solution.svg,ABSENT,,ABSENT,PRESENT,,b33efb5e6e6d249d95087b9a2aa9954bcf88e4bed4a84701b35fda5b4f3f66f8
h1:original/high/h1/2final/22_복성고_2학기_기말_고1_기출.js_22,original/high/h1/2final/22_복성고_2학기_기말_고1_기출.js,H15-SB-03,H15-SB-03-FUNCTION_RELATION,UNADJUDICATED,PROBLEM_PRESENT_REVIEW,PRIORITY_1_GRAPH_GAP_CANDIDATE,assets/images/22_복성고_2학기_기말_고1_기출/q22.png,,PRESENT,,PRESENT,ABSENT,a0a87a70624d05e5ad082bab12f12b6615893dad780265afddbda1aa4a57572a,
h1:original/high/h1/2final/22_복성고_2학기_기말_고1_기출.js_3,original/high/h1/2final/22_복성고_2학기_기말_고1_기출.js,H15-SB-05,H15-SB-05-IRRATIONAL_BASIC,UNADJUDICATED,SOLUTION_CANDIDATE,TRIAGE_NO_GRAPH_SIGNAL,,,ABSENT,,ABSENT,ABSENT,,
h1:original/high/h1/2final/22_복성고_2학기_기말_고1_기출.js_5,original/high/h1/2final/22_복성고_2학기_기말_고1_기출.js,H15-SB-05,H15-SB-05-IRRATIONAL_BASIC,UNADJUDICATED,SOLUTION_CANDIDATE,TRIAGE_NO_GRAPH_SIGNAL,,,ABSENT,,ABSENT,ABSENT,,
h1:original/high/h1/2final/22_복성고_2학기_기말_고1_기출.js_7,original/high/h1/2final/22_복성고_2학기_기말_고1_기출.js,H15-SB-05,H15-SB-05-IRRATIONAL_BASIC,UNADJUDICATED,SOLUTION_CANDIDATE,SOLUTION_VISUAL_PRESENT,,assets/images/22_복성고_2학기_기말_고1_기출/q07-solution.svg,ABSENT,,ABSENT,PRESENT,,abfef4b3e0fef6f6106b5d351d5f39817c4208f6f3bb3fe3be46ed5c230b5349
h1:original/high/h1/2final/22_순천여고_2학기_기말_고1_기출.js_10,original/high/h1/2final/22_순천여고_2학기_기말_고1_기출.js,H15-SB-05,H15-SB-05-IRRATIONAL_BASIC,UNADJUDICATED,SOLUTION_CANDIDATE,TRIAGE_NO_GRAPH_SIGNAL,,,ABSENT,,ABSENT,ABSENT,,
h1:original/high/h1/2final/22_순천여고_2학기_기말_고1_기출.js_11,original/high/h1/2final/22_순천여고_2학기_기말_고1_기출.js,H15-SB-04,H15-SB-04-RATIONAL_BASIC,UNADJUDICATED,SOLUTION_CANDIDATE,TRIAGE_NO_GRAPH_SIGNAL,,,ABSENT,,ABSENT,ABSENT,,
h1:original/high/h1/2final/22_순천여고_2학기_기말_고1_기출.js_12,original/high/h1/2final/22_순천여고_2학기_기말_고1_기출.js,H15-SB-05,H15-SB-05-IRRATIONAL_BASIC,UNADJUDICATED,PROBLEM_PRESENT_REVIEW,PRIORITY_1_GRAPH_GAP_CANDIDATE,assets/images/22_순천여고_2학기_기말_고1_기출/q12.png,,PRESENT,,PRESENT,ABSENT,71a275276d1c7169485d60e6124867713e5b78508689c14748723fa3e44c0f19,
h1:original/high/h1/2final/22_순천여고_2학기_기말_고1_기출.js_13,original/high/h1/2final/22_순천여고_2학기_기말_고1_기출.js,H15-SB-03,H15-SB-03-FUNCTION_RELATION,UNADJUDICATED,SOLUTION_CANDIDATE,TRIAGE_NO_GRAPH_SIGNAL,,,ABSENT,,ABSENT,ABSENT,,
h1:original/high/h1/2final/22_순천여고_2학기_기말_고1_기출.js_14,original/high/h1/2final/22_순천여고_2학기_기말_고1_기출.js,H15-SB-05,H15-SB-05-IRRATIONAL_BASIC,UNADJUDICATED,SOLUTION_CANDIDATE,SOLUTION_VISUAL_PRESENT,,assets/images/22_순천여고_2학기_기말_고1_기출/q14-solution.svg,ABSENT,,ABSENT,PRESENT,,59eb5159c667c951d51690b0b366a8f8173aed8ad9e2ccab9f5dda1f72d0e1ff
h1:original/high/h1/2final/22_순천여고_2학기_기말_고1_기출.js_16,original/high/h1/2final/22_순천여고_2학기_기말_고1_기출.js,H15-SB-05,H15-SB-05-IRRATIONAL_BASIC,UNADJUDICATED,SOLUTION_CANDIDATE,TRIAGE_NO_GRAPH_SIGNAL,,,ABSENT,,ABSENT,ABSENT,,
h1:original/high/h1/2final/22_순천여고_2학기_기말_고1_기출.js_17,original/high/h1/2final/22_순천여고_2학기_기말_고1_기출.js,H15-SB-05,H15-SB-05-IRRATIONAL_BASIC,UNADJUDICATED,PROBLEM_PRESENT_REVIEW,SOLUTION_VISUAL_PRESENT,assets/images/22_순천여고_2학기_기말_고1_기출/q17.png,assets/images/22_순천여고_2학기_기말_고1_기출/q17-solution.svg,PRESENT,,PRESENT,PRESENT,ac06bf5194d610a97b58a5f3d8805037ccc14fa910526ee3b7f2436bbcb39cab,e88d44916c5bef9b536fbcd4649e79f221d23dbb12e1db971c68b9c639d60397
h1:original/high/h1/2final/22_순천여고_2학기_기말_고1_기출.js_18,original/high/h1/2final/22_순천여고_2학기_기말_고1_기출.js,H15-SB-03,H15-SB-03-FUNCTION_RELATION,UNADJUDICATED,SOLUTION_CANDIDATE,TRIAGE_NO_GRAPH_SIGNAL,,,ABSENT,,ABSENT,ABSENT,,
h1:original/high/h1/2final/22_순천여고_2학기_기말_고1_기출.js_19,original/high/h1/2final/22_순천여고_2학기_기말_고1_기출.js,H15-SB-03,H15-SB-03-COMPOSITE_FUNCTION,UNADJUDICATED,SOLUTION_CANDIDATE,PRIORITY_2_GRAPH_SUBUNIT_CANDIDATE,,,ABSENT,,ABSENT,ABSENT,,
h1:original/high/h1/2final/22_순천여고_2학기_기말_고1_기출.js_2,original/high/h1/2final/22_순천여고_2학기_기말_고1_기출.js,H15-SB-04,H15-SB-04-RATIONAL_BASIC,UNADJUDICATED,SOLUTION_CANDIDATE,TRIAGE_NO_GRAPH_SIGNAL,,,ABSENT,,ABSENT,ABSENT,,
h1:original/high/h1/2final/22_순천여고_2학기_기말_고1_기출.js_20,original/high/h1/2final/22_순천여고_2학기_기말_고1_기출.js,H15-SB-04,H15-SB-04-RATIONAL_BASIC,UNADJUDICATED,SOLUTION_CANDIDATE,SOLUTION_VISUAL_PRESENT,,assets/images/22_순천여고_2학기_기말_고1_기출/q20-solution.svg,ABSENT,,ABSENT,PRESENT,,d9c4729b85f565d53182f925ae93e479cf13d8566637f714365d76482a38373f
h1:original/high/h1/2final/22_순천여고_2학기_기말_고1_기출.js_21,original/high/h1/2final/22_순천여고_2학기_기말_고1_기출.js,H15-SB-05,H15-SB-05-IRRATIONAL_BASIC,UNADJUDICATED,SOLUTION_CANDIDATE,SOLUTION_VISUAL_PRESENT,,assets/images/22_순천여고_2학기_기말_고1_기출/q21-solution.svg,ABSENT,,ABSENT,PRESENT,,8ff19f4307da572a5d572316b70568296b84bfd30e994ec246599ac8b0596e06
h1:original/high/h1/2final/22_순천여고_2학기_기말_고1_기출.js_22,original/high/h1/2final/22_순천여고_2학기_기말_고1_기출.js,H15-SB-04,H15-SB-04-RATIONAL_BASIC,UNADJUDICATED,SOLUTION_CANDIDATE,TRIAGE_NO_GRAPH_SIGNAL,,,ABSENT,,ABSENT,ABSENT,,
h1:original/high/h1/2final/22_순천여고_2학기_기말_고1_기출.js_23,original/high/h1/2final/22_순천여고_2학기_기말_고1_기출.js,H15-SB-03,H15-SB-03-INVERSE_FUNCTION,UNADJUDICATED,SOLUTION_CANDIDATE,TRIAGE_NO_GRAPH_SIGNAL,,,ABSENT,,ABSENT,ABSENT,,
h1:original/high/h1/2final/22_순천여고_2학기_기말_고1_기출.js_4,original/high/h1/2final/22_순천여고_2학기_기말_고1_기출.js,H15-SB-05,H15-SB-05-IRRATIONAL_BASIC,UNADJUDICATED,SOLUTION_CANDIDATE,TRIAGE_NO_GRAPH_SIGNAL,,,ABSENT,,ABSENT,ABSENT,,
h1:original/high/h1/2final/22_순천여고_2학기_기말_고1_기출.js_5,original/high/h1/2final/22_순천여고_2학기_기말_고1_기출.js,H15-SB-04,H15-SB-04-RATIONAL_GRAPH,UNADJUDICATED,PROBLEM_PRESENT_REVIEW,PRIORITY_1_GRAPH_GAP_CANDIDATE,assets/images/22_순천여고_2학기_기말_고1_기출/q5.png,,PRESENT,,PRESENT,ABSENT,e8efdf5b1a9406ed018e2db831fe8a9fce6b6a65f2f2ce644cc687af684273f9,
h1:original/high/h1/2final/22_순천여고_2학기_기말_고1_기출.js_7,original/high/h1/2final/22_순천여고_2학기_기말_고1_기출.js,H15-SB-04,H15-SB-04-RATIONAL_BASIC,UNADJUDICATED,SOLUTION_CANDIDATE,SOLUTION_VISUAL_PRESENT,,assets/images/22_순천여고_2학기_기말_고1_기출/q07-solution.svg,ABSENT,,ABSENT,PRESENT,,0375b8d2f5b72748b2085c2b8d4a0a6f80b938b1c7b0c12e6d9182e7f0337111
h1:original/high/h1/2final/22_순천여고_2학기_기말_고1_기출.js_8,original/high/h1/2final/22_순천여고_2학기_기말_고1_기출.js,H15-SB-04,H15-SB-04-RATIONAL_BASIC,UNADJUDICATED,SOLUTION_CANDIDATE,SOLUTION_VISUAL_PRESENT,,assets/images/22_순천여고_2학기_기말_고1_기출/q08-solution.svg,ABSENT,,ABSENT,PRESENT,,06c8b42b51c2c18fd3ef19341e18b4d19f92716eedf65b089f53cbf3bde2d53c
h1:original/high/h1/2final/22_제일고_2학기_기말_고1_기출.js_1,original/high/h1/2final/22_제일고_2학기_기말_고1_기출.js,H15-SB-03,H15-SB-03-COMPOSITE_FUNCTION,UNADJUDICATED,PROBLEM_PRESENT_REVIEW,PRIORITY_1_GRAPH_GAP_CANDIDATE,assets/images/22_제일고_2학기_기말_고1_기출/q1.png,,PRESENT,,PRESENT,ABSENT,7f1065135e8b8d6474e0dce995a3d9cb9ccaafc54f106b0b4de1aa7749f366ef,
h1:original/high/h1/2final/22_제일고_2학기_기말_고1_기출.js_10,original/high/h1/2final/22_제일고_2학기_기말_고1_기출.js,H15-SB-03,H15-SB-03-COMPOSITE_FUNCTION,UNADJUDICATED,SOLUTION_CANDIDATE,PRIORITY_2_GRAPH_RELATION_CANDIDATE,,,ABSENT,,ABSENT,ABSENT,,
h1:original/high/h1/2final/22_제일고_2학기_기말_고1_기출.js_15,original/high/h1/2final/22_제일고_2학기_기말_고1_기출.js,H15-SB-04,H15-SB-04-RATIONAL_BASIC,UNADJUDICATED,SOLUTION_CANDIDATE,TRIAGE_NO_GRAPH_SIGNAL,,,ABSENT,,ABSENT,ABSENT,,
h1:original/high/h1/2final/22_제일고_2학기_기말_고1_기출.js_16,original/high/h1/2final/22_제일고_2학기_기말_고1_기출.js,H15-SB-03,H15-SB-03-INVERSE_FUNCTION,UNADJUDICATED,SOLUTION_CANDIDATE,TRIAGE_NO_GRAPH_SIGNAL,,,ABSENT,,ABSENT,ABSENT,,
h1:original/high/h1/2final/22_제일고_2학기_기말_고1_기출.js_17,original/high/h1/2final/22_제일고_2학기_기말_고1_기출.js,H15-SB-03,H15-SB-03-FUNCTION_RELATION,UNADJUDICATED,SOLUTION_CANDIDATE,TRIAGE_NO_GRAPH_SIGNAL,,,ABSENT,,ABSENT,ABSENT,,
h1:original/high/h1/2final/22_제일고_2학기_기말_고1_기출.js_19,original/high/h1/2final/22_제일고_2학기_기말_고1_기출.js,H15-SB-03,H15-SB-03-FUNCTION_RELATION,UNADJUDICATED,SOLUTION_CANDIDATE,TRIAGE_NO_GRAPH_SIGNAL,,,ABSENT,,ABSENT,ABSENT,,
h1:original/high/h1/2final/22_제일고_2학기_기말_고1_기출.js_2,original/high/h1/2final/22_제일고_2학기_기말_고1_기출.js,H15-SB-04,H15-SB-04-RATIONAL_BASIC,UNADJUDICATED,SOLUTION_CANDIDATE,SOLUTION_VISUAL_PRESENT,,assets/images/22_제일고_2학기_기말_고1_기출/q02-solution.svg,ABSENT,,ABSENT,PRESENT,,b3e976291bdc9875d19e986f026d6652f22b2ad22a0abdd44d6a3ac884edd90d
h1:original/high/h1/2final/22_제일고_2학기_기말_고1_기출.js_20,original/high/h1/2final/22_제일고_2학기_기말_고1_기출.js,H15-SB-03,H15-SB-03-COMPOSITE_FUNCTION,UNADJUDICATED,SOLUTION_CANDIDATE,PRIORITY_2_GRAPH_RELATION_CANDIDATE,,,ABSENT,,ABSENT,ABSENT,,
h1:original/high/h1/2final/22_제일고_2학기_기말_고1_기출.js_22,original/high/h1/2final/22_제일고_2학기_기말_고1_기출.js,H15-SB-05,H15-SB-05-IRRATIONAL_BASIC,UNADJUDICATED,SOLUTION_CANDIDATE,SOLUTION_VISUAL_PRESENT,,assets/images/22_제일고_2학기_기말_고1_기출/q22-solution.svg,ABSENT,,ABSENT,PRESENT,,936ba2c3d8e89363e7b94568c80bc1b07294040837fe196e7aeb2e79f84f34c0
h1:original/high/h1/2final/22_제일고_2학기_기말_고1_기출.js_3,original/high/h1/2final/22_제일고_2학기_기말_고1_기출.js,H15-SB-03,H15-SB-03-INVERSE_FUNCTION,UNADJUDICATED,PROBLEM_PRESENT_REVIEW,PRIORITY_1_GRAPH_GAP_CANDIDATE,assets/images/22_제일고_2학기_기말_고1_기출/q3.png,,PRESENT,,PRESENT,ABSENT,6adc6445cdc11f2078408667596959850d41918620cf5b4260b5759c659428a7,
h1:original/high/h1/2final/22_제일고_2학기_기말_고1_기출.js_7,original/high/h1/2final/22_제일고_2학기_기말_고1_기출.js,H15-SB-03,H15-SB-03-FUNCTION_RELATION,UNADJUDICATED,SOLUTION_CANDIDATE,TRIAGE_NO_GRAPH_SIGNAL,,,ABSENT,,ABSENT,ABSENT,,
h1:original/high/h1/2final/22_제일고_2학기_기말_고1_기출.js_8,original/high/h1/2final/22_제일고_2학기_기말_고1_기출.js,H15-SB-04,H15-SB-04-RATIONAL_BASIC,UNADJUDICATED,SOLUTION_CANDIDATE,TRIAGE_NO_GRAPH_SIGNAL,,,ABSENT,,ABSENT,ABSENT,,
h1:original/high/h1/2final/22_제일고_2학기_기말_고1_기출.js_9,original/high/h1/2final/22_제일고_2학기_기말_고1_기출.js,H15-SB-05,H15-SB-05-IRRATIONAL_BASIC,UNADJUDICATED,SOLUTION_CANDIDATE,SOLUTION_VISUAL_PRESENT,,assets/images/22_제일고_2학기_기말_고1_기출/q09-solution.svg,ABSENT,,ABSENT,PRESENT,,ce2cabec007953824b5bf99f3bccadfb4f7abc58e52c2c75cdbee70a1dc51b81
h1:original/high/h1/2final/22_팔마고_2학기_기말_고1_기출.js_1,original/high/h1/2final/22_팔마고_2학기_기말_고1_기출.js,H15-SB-04,H15-SB-04-RATIONAL_BASIC,UNADJUDICATED,SOLUTION_CANDIDATE,TRIAGE_NO_GRAPH_SIGNAL,,,ABSENT,,ABSENT,ABSENT,,
h1:original/high/h1/2final/22_팔마고_2학기_기말_고1_기출.js_11,original/high/h1/2final/22_팔마고_2학기_기말_고1_기출.js,H15-SB-03,H15-SB-03-FUNCTION_RELATION,UNADJUDICATED,SOLUTION_CANDIDATE,TRIAGE_NO_GRAPH_SIGNAL,,,ABSENT,,ABSENT,ABSENT,,
h1:original/high/h1/2final/22_팔마고_2학기_기말_고1_기출.js_12,original/high/h1/2final/22_팔마고_2학기_기말_고1_기출.js,H15-SB-05,H15-SB-05-IRRATIONAL_BASIC,UNADJUDICATED,SOLUTION_CANDIDATE,SOLUTION_VISUAL_PRESENT,,assets/images/22_팔마고_2학기_기말_고1_기출/q12-solution.svg,ABSENT,,ABSENT,PRESENT,,974cfa9750741f571780a2eb906ad1f29b75043950780ec455f5d438e84e44b9
h1:original/high/h1/2final/22_팔마고_2학기_기말_고1_기출.js_16,original/high/h1/2final/22_팔마고_2학기_기말_고1_기출.js,H15-SB-05,H15-SB-05-IRRATIONAL_BASIC,UNADJUDICATED,SOLUTION_CANDIDATE,SOLUTION_VISUAL_PRESENT,,assets/images/22_팔마고_2학기_기말_고1_기출/q16-solution.svg,ABSENT,,ABSENT,PRESENT,,999a40ab9bf3da7c1fef06bf6a929d31b4a609811b5efb547f503866712d62b4
h1:original/high/h1/2final/22_팔마고_2학기_기말_고1_기출.js_18,original/high/h1/2final/22_팔마고_2학기_기말_고1_기출.js,H15-SB-04,H15-SB-04-RATIONAL_BASIC,UNADJUDICATED,SOLUTION_CANDIDATE,TRIAGE_NO_GRAPH_SIGNAL,,,ABSENT,,ABSENT,ABSENT,,
h1:original/high/h1/2final/22_팔마고_2학기_기말_고1_기출.js_2,original/high/h1/2final/22_팔마고_2학기_기말_고1_기출.js,H15-SB-05,H15-SB-05-IRRATIONAL_BASIC,UNADJUDICATED,SOLUTION_CANDIDATE,TRIAGE_NO_GRAPH_SIGNAL,,,ABSENT,,ABSENT,ABSENT,,
h1:original/high/h1/2final/22_팔마고_2학기_기말_고1_기출.js_20,original/high/h1/2final/22_팔마고_2학기_기말_고1_기출.js,H15-SB-05,H15-SB-05-IRRATIONAL_BASIC,UNADJUDICATED,SOLUTION_CANDIDATE,TRIAGE_NO_GRAPH_SIGNAL,,,ABSENT,,ABSENT,ABSENT,,
h1:original/high/h1/2final/22_팔마고_2학기_기말_고1_기출.js_21,original/high/h1/2final/22_팔마고_2학기_기말_고1_기출.js,H15-SB-04,H15-SB-04-RATIONAL_BASIC,UNADJUDICATED,PROBLEM_PRESENT_REVIEW,PRIORITY_1_GRAPH_GAP_CANDIDATE,assets/images/22_팔마고_2학기_기말_고1_기출/q21.svg,,PRESENT,,PRESENT,ABSENT,607222fa82ea05c52ce5801b0d484aac78b209cfca0b5d9e817ae735437a2515,
h1:original/high/h1/2final/22_팔마고_2학기_기말_고1_기출.js_4,original/high/h1/2final/22_팔마고_2학기_기말_고1_기출.js,H15-SB-04,H15-SB-04-RATIONAL_BASIC,UNADJUDICATED,SOLUTION_CANDIDATE,PRIORITY_1_EXPLICIT_GRAPH_CANDIDATE,,,ABSENT,,ABSENT,ABSENT,,
h1:original/high/h1/2final/22_팔마고_2학기_기말_고1_기출.js_6,original/high/h1/2final/22_팔마고_2학기_기말_고1_기출.js,H15-SB-04,H15-SB-04-RATIONAL_BASIC,UNADJUDICATED,SOLUTION_CANDIDATE,SOLUTION_VISUAL_PRESENT,,assets/images/22_팔마고_2학기_기말_고1_기출/q06-solution.svg,ABSENT,,ABSENT,PRESENT,,8a3b2059015f66c16b398a9a3052cc68c55a8e00d41f2e4192faa76a6a0a1037
h1:original/high/h1/2final/22_팔마고_2학기_기말_고1_기출.js_8,original/high/h1/2final/22_팔마고_2학기_기말_고1_기출.js,H15-SB-04,H15-SB-04-RATIONAL_BASIC,UNADJUDICATED,SOLUTION_CANDIDATE,SOLUTION_VISUAL_PRESENT,,assets/images/22_팔마고_2학기_기말_고1_기출/q08-solution.svg,ABSENT,,ABSENT,PRESENT,,ba12cbe8c114818317d922823d838dbe467ac271769fed76313860aba20ffbdd
h1:original/high/h1/2final/22_팔마고_2학기_기말_고1_기출.js_9,original/high/h1/2final/22_팔마고_2학기_기말_고1_기출.js,H15-SB-03,H15-SB-03-COMPOSITE_FUNCTION,UNADJUDICATED,SOLUTION_CANDIDATE,PRIORITY_2_GRAPH_SUBUNIT_CANDIDATE,,,ABSENT,,ABSENT,ABSENT,,
h1:original/high/h1/2final/22_효천고_2학기_기말_고1_기출.js_1,original/high/h1/2final/22_효천고_2학기_기말_고1_기출.js,H15-SB-03,H15-SB-03-INVERSE_FUNCTION,UNADJUDICATED,SOLUTION_CANDIDATE,TRIAGE_NO_GRAPH_SIGNAL,,,ABSENT,,ABSENT,ABSENT,,
h1:original/high/h1/2final/22_효천고_2학기_기말_고1_기출.js_11,original/high/h1/2final/22_효천고_2학기_기말_고1_기출.js,H15-SB-03,H15-SB-03-INVERSE_FUNCTION,UNADJUDICATED,SOLUTION_CANDIDATE,TRIAGE_NO_GRAPH_SIGNAL,,,ABSENT,,ABSENT,ABSENT,,
h1:original/high/h1/2final/22_효천고_2학기_기말_고1_기출.js_13,original/high/h1/2final/22_효천고_2학기_기말_고1_기출.js,H15-SB-03,H15-SB-03-INVERSE_FUNCTION,UNADJUDICATED,SOLUTION_CANDIDATE,PRIORITY_1_EXPLICIT_GRAPH_CANDIDATE,,,ABSENT,,ABSENT,ABSENT,,
h1:original/high/h1/2final/22_효천고_2학기_기말_고1_기출.js_15,original/high/h1/2final/22_효천고_2학기_기말_고1_기출.js,H15-SB-04,H15-SB-04-RATIONAL_BASIC,UNADJUDICATED,SOLUTION_CANDIDATE,SOLUTION_VISUAL_PRESENT,,assets/images/22_효천고_2학기_기말_고1_기출/q15-solution.svg,ABSENT,,ABSENT,PRESENT,,755a0ffb84cfd555446b9549e192dce3dd0c49b70535bbb3ade0e9ee1309371f
h1:original/high/h1/2final/22_효천고_2학기_기말_고1_기출.js_16,original/high/h1/2final/22_효천고_2학기_기말_고1_기출.js,H15-SB-05,H15-SB-05-IRRATIONAL_BASIC,UNADJUDICATED,SOLUTION_CANDIDATE,SOLUTION_VISUAL_PRESENT,,assets/images/22_효천고_2학기_기말_고1_기출/q16-solution.svg,ABSENT,,ABSENT,PRESENT,,e5ce0c0e8ee273b4971053959b2201c63a006bd3efa55ea79119abd2846a0470
h1:original/high/h1/2final/22_효천고_2학기_기말_고1_기출.js_18,original/high/h1/2final/22_효천고_2학기_기말_고1_기출.js,H15-SB-05,H15-SB-05-IRRATIONAL_BASIC,UNADJUDICATED,SOLUTION_CANDIDATE,SOLUTION_VISUAL_PRESENT,,assets/images/22_효천고_2학기_기말_고1_기출/q18-solution.svg,ABSENT,,ABSENT,PRESENT,,c3797edb09e5fa2012f2e15637a24a29f9aae2339416b70200abf6845ef6e902
h1:original/high/h1/2final/22_효천고_2학기_기말_고1_기출.js_19,original/high/h1/2final/22_효천고_2학기_기말_고1_기출.js,H15-SB-03,H15-SB-03-FUNCTION_RELATION,UNADJUDICATED,SOLUTION_CANDIDATE,TRIAGE_NO_GRAPH_SIGNAL,,,ABSENT,,ABSENT,ABSENT,,
h1:original/high/h1/2final/22_효천고_2학기_기말_고1_기출.js_2,original/high/h1/2final/22_효천고_2학기_기말_고1_기출.js,H15-SB-04,H15-SB-04-RATIONAL_BASIC,UNADJUDICATED,SOLUTION_CANDIDATE,TRIAGE_NO_GRAPH_SIGNAL,,,ABSENT,,ABSENT,ABSENT,,
h1:original/high/h1/2final/22_효천고_2학기_기말_고1_기출.js_20,original/high/h1/2final/22_효천고_2학기_기말_고1_기출.js,H15-SB-04,H15-SB-04-RATIONAL_BASIC,UNADJUDICATED,SOLUTION_CANDIDATE,TRIAGE_NO_GRAPH_SIGNAL,,,ABSENT,,ABSENT,ABSENT,,
h1:original/high/h1/2final/22_효천고_2학기_기말_고1_기출.js_22,original/high/h1/2final/22_효천고_2학기_기말_고1_기출.js,H15-SB-04,H15-SB-04-RATIONAL_BASIC,UNADJUDICATED,SOLUTION_CANDIDATE,SOLUTION_VISUAL_PRESENT,,assets/images/22_효천고_2학기_기말_고1_기출/q22-solution.svg,ABSENT,,ABSENT,PRESENT,,2a279e3a6ff17cccadb28f61ce2329d6304b42c5468cb9815663cdaeabee75b8
h1:original/high/h1/2final/22_효천고_2학기_기말_고1_기출.js_4,original/high/h1/2final/22_효천고_2학기_기말_고1_기출.js,H15-SB-04,H15-SB-04-RATIONAL_BASIC,UNADJUDICATED,SOLUTION_CANDIDATE,SOLUTION_VISUAL_PRESENT,,assets/images/22_효천고_2학기_기말_고1_기출/q04-solution.svg,ABSENT,,ABSENT,PRESENT,,105891e53af91fa39a85a7e76254542a3fb41f87bddc4d9dc9ac0ac504cd4b87
h1:original/high/h1/2final/22_효천고_2학기_기말_고1_기출.js_5,original/high/h1/2final/22_효천고_2학기_기말_고1_기출.js,H15-SB-05,H15-SB-05-IRRATIONAL_BASIC,UNADJUDICATED,SOLUTION_CANDIDATE,SOLUTION_VISUAL_PRESENT,,assets/images/22_효천고_2학기_기말_고1_기출/q05-solution.svg,ABSENT,,ABSENT,PRESENT,,ad1b146dbbca02acb2b708d8f2ac5b9e0ffdda9d17c8e49648cf8110bc4aad18
h1:original/high/h1/2final/23_강남여고_2학기_기말_고1_기출.js_11,original/high/h1/2final/23_강남여고_2학기_기말_고1_기출.js,H15-SB-03,H15-SB-03-FUNCTION_RELATION,UNADJUDICATED,SOLUTION_CANDIDATE,TRIAGE_NO_GRAPH_SIGNAL,,,ABSENT,,ABSENT,ABSENT,,
h1:original/high/h1/2final/23_강남여고_2학기_기말_고1_기출.js_12,original/high/h1/2final/23_강남여고_2학기_기말_고1_기출.js,H15-SB-03,H15-SB-03-COMPOSITE_FUNCTION,UNADJUDICATED,PROBLEM_PRESENT_REVIEW,PRIORITY_1_GRAPH_GAP_CANDIDATE,assets/images/23_강남여고_2학기_기말_고1_기출/q12.png,,PRESENT,,PRESENT,ABSENT,ed72d00ccc58c7e6abab0efaf90bf422b174d488f5d222d409245e48b8e9d884,
h1:original/high/h1/2final/23_강남여고_2학기_기말_고1_기출.js_15,original/high/h1/2final/23_강남여고_2학기_기말_고1_기출.js,H15-SB-03,H15-SB-03-INVERSE_FUNCTION,UNADJUDICATED,SOLUTION_CANDIDATE,TRIAGE_NO_GRAPH_SIGNAL,,,ABSENT,,ABSENT,ABSENT,,
h1:original/high/h1/2final/23_강남여고_2학기_기말_고1_기출.js_16,original/high/h1/2final/23_강남여고_2학기_기말_고1_기출.js,H15-SB-03,H15-SB-03-FUNCTION_RELATION,UNADJUDICATED,SOLUTION_CANDIDATE,TRIAGE_NO_GRAPH_SIGNAL,,,ABSENT,,ABSENT,ABSENT,,
h1:original/high/h1/2final/23_강남여고_2학기_기말_고1_기출.js_17,original/high/h1/2final/23_강남여고_2학기_기말_고1_기출.js,H15-SB-03,H15-SB-03-INVERSE_FUNCTION,UNADJUDICATED,SOLUTION_CANDIDATE,TRIAGE_NO_GRAPH_SIGNAL,,,ABSENT,,ABSENT,ABSENT,,
h1:original/high/h1/2final/23_강남여고_2학기_기말_고1_기출.js_18,original/high/h1/2final/23_강남여고_2학기_기말_고1_기출.js,H15-SB-03,H15-SB-03-COMPOSITE_FUNCTION,UNADJUDICATED,PROBLEM_PRESENT_REVIEW,PRIORITY_1_GRAPH_GAP_CANDIDATE,assets/images/23_강남여고_2학기_기말_고1_기출/q18.png,,PRESENT,,PRESENT,ABSENT,180758d06e8a4c5e0fa97c8ae537956a73b8155512b11ee496e43dad8413f970,
h1:original/high/h1/2final/23_강남여고_2학기_기말_고1_기출.js_19,original/high/h1/2final/23_강남여고_2학기_기말_고1_기출.js,H15-SB-05,H15-SB-05-IRRATIONAL_BASIC,UNADJUDICATED,SOLUTION_CANDIDATE,SOLUTION_VISUAL_PRESENT,,assets/images/23_강남여고_2학기_기말_고1_기출/q19-solution.svg,ABSENT,,ABSENT,PRESENT,,f381600b600974437d9f6cd56bc09256c29c85922cc28975b568d34ba71b3c0a
h1:original/high/h1/2final/23_강남여고_2학기_기말_고1_기출.js_2,original/high/h1/2final/23_강남여고_2학기_기말_고1_기출.js,H15-SB-03,H15-SB-03-COMPOSITE_FUNCTION,UNADJUDICATED,SOLUTION_CANDIDATE,PRIORITY_2_GRAPH_SUBUNIT_CANDIDATE,,,ABSENT,,ABSENT,ABSENT,,
h1:original/high/h1/2final/23_강남여고_2학기_기말_고1_기출.js_20,original/high/h1/2final/23_강남여고_2학기_기말_고1_기출.js,H15-SB-04,H15-SB-04-RATIONAL_GRAPH,UNADJUDICATED,PROBLEM_PRESENT_REVIEW,SOLUTION_VISUAL_PRESENT,assets/images/23_강남여고_2학기_기말_고1_기출/q20.png,assets/images/23_강남여고_2학기_기말_고1_기출/q20-solution.svg,PRESENT,,PRESENT,PRESENT,c25d3191c98931cf974b2cfe7a7c00bd4710805e683ed48ff16892561edc0802,6235c6d5fcd9768d08f52c412df71017b1ccb3e0f5c97e629f8fb32ae08ca40a
h1:original/high/h1/2final/23_강남여고_2학기_기말_고1_기출.js_21,original/high/h1/2final/23_강남여고_2학기_기말_고1_기출.js,H15-SB-03,H15-SB-03-INVERSE_FUNCTION,UNADJUDICATED,SOLUTION_CANDIDATE,TRIAGE_NO_GRAPH_SIGNAL,,,ABSENT,,ABSENT,ABSENT,,
h1:original/high/h1/2final/23_강남여고_2학기_기말_고1_기출.js_22,original/high/h1/2final/23_강남여고_2학기_기말_고1_기출.js,H15-SB-05,H15-SB-05-IRRATIONAL_GRAPH,UNADJUDICATED,PROBLEM_PRESENT_REVIEW,SOLUTION_VISUAL_PRESENT,assets/images/23_강남여고_2학기_기말_고1_기출/q22.png,assets/images/23_강남여고_2학기_기말_고1_기출/q22-solution.svg,PRESENT,,PRESENT,PRESENT,56e90d19e4f0f1ad69cd259027a91dc56aeaa057fba412872b3bcec252bf4ae5,178964b7283d08cc49254532f9ddf0440a28d1646bad533d4d003e1f3fa269d9
h1:original/high/h1/2final/23_강남여고_2학기_기말_고1_기출.js_24,original/high/h1/2final/23_강남여고_2학기_기말_고1_기출.js,H15-SB-05,H15-SB-05-IRRATIONAL_INVERSE,UNADJUDICATED,SOLUTION_CANDIDATE,SOLUTION_VISUAL_PRESENT,,assets/images/23_강남여고_2학기_기말_고1_기출/q24-solution.svg,ABSENT,,ABSENT,PRESENT,,f8abb72286daa7732e6e19d42fa9a8c791da28c422c69b00ddd4e69fb9c2b94f
h1:original/high/h1/2final/23_강남여고_2학기_기말_고1_기출.js_3,original/high/h1/2final/23_강남여고_2학기_기말_고1_기출.js,H15-SB-03,H15-SB-03-INVERSE_FUNCTION,UNADJUDICATED,SOLUTION_CANDIDATE,TRIAGE_NO_GRAPH_SIGNAL,,,ABSENT,,ABSENT,ABSENT,,
h1:original/high/h1/2final/23_강남여고_2학기_기말_고1_기출.js_5,original/high/h1/2final/23_강남여고_2학기_기말_고1_기출.js,H15-SB-04,H15-SB-04-RATIONAL_GRAPH,UNADJUDICATED,SOLUTION_CANDIDATE,SOLUTION_VISUAL_PRESENT,,assets/images/23_강남여고_2학기_기말_고1_기출/q05-solution.svg,ABSENT,,ABSENT,PRESENT,,768677ae3c0c7211ee2407c33d8286ed3eafb6e960755199b6ac6524a4b8365f
h1:original/high/h1/2final/23_강남여고_2학기_기말_고1_기출.js_6,original/high/h1/2final/23_강남여고_2학기_기말_고1_기출.js,H15-SB-05,H15-SB-05-IRRATIONAL_BASIC,UNADJUDICATED,SOLUTION_CANDIDATE,SOLUTION_VISUAL_PRESENT,,assets/images/23_강남여고_2학기_기말_고1_기출/q06-solution.svg,ABSENT,,ABSENT,PRESENT,,2cdab09af81b5e3966efcd4364a9d2a745f6d95fde1f0851cc3f35ed2f902161
h1:original/high/h1/2final/23_강남여고_2학기_기말_고1_기출.js_8,original/high/h1/2final/23_강남여고_2학기_기말_고1_기출.js,H15-SB-04,H15-SB-04-RATIONAL_BASIC,UNADJUDICATED,SOLUTION_CANDIDATE,TRIAGE_NO_GRAPH_SIGNAL,,,ABSENT,,ABSENT,ABSENT,,
h1:original/high/h1/2final/23_강남여고_2학기_기말_고1_기출.js_9,original/high/h1/2final/23_강남여고_2학기_기말_고1_기출.js,H15-SB-03,H15-SB-03-COMPOSITE_FUNCTION,UNADJUDICATED,SOLUTION_CANDIDATE,PRIORITY_2_GRAPH_SUBUNIT_CANDIDATE,,,ABSENT,,ABSENT,ABSENT,,
h1:original/high/h1/2final/23_금당고_2학기_기말_고1_기출.js_10,original/high/h1/2final/23_금당고_2학기_기말_고1_기출.js,H15-SB-03,H15-SB-03-INVERSE_FUNCTION,UNADJUDICATED,SOLUTION_CANDIDATE,TRIAGE_NO_GRAPH_SIGNAL,,,ABSENT,,ABSENT,ABSENT,,
h1:original/high/h1/2final/23_금당고_2학기_기말_고1_기출.js_11,original/high/h1/2final/23_금당고_2학기_기말_고1_기출.js,H15-SB-04,H15-SB-04-RATIONAL_GRAPH,UNADJUDICATED,SOLUTION_CANDIDATE,SOLUTION_VISUAL_PRESENT,,assets/images/23_금당고_2학기_기말_고1_기출/q11-solution.svg,ABSENT,,ABSENT,PRESENT,,e63d36b2c1a9bbf7002d4ff05c4b1f2771a7c0a0c6b7792ddcfd17739daedded
h1:original/high/h1/2final/23_금당고_2학기_기말_고1_기출.js_13,original/high/h1/2final/23_금당고_2학기_기말_고1_기출.js,H15-SB-03,H15-SB-03-INVERSE_FUNCTION,UNADJUDICATED,SOLUTION_CANDIDATE,SOLUTION_VISUAL_PRESENT,,assets/images/23_금당고_2학기_기말_고1_기출/q13-solution.svg,ABSENT,,ABSENT,PRESENT,,3750e18bed76e8c4c121b98fe360bf36435b86c1709fe780b14226f90b09a26a
h1:original/high/h1/2final/23_금당고_2학기_기말_고1_기출.js_14,original/high/h1/2final/23_금당고_2학기_기말_고1_기출.js,H15-SB-04,H15-SB-04-RATIONAL_BASIC,UNADJUDICATED,SOLUTION_CANDIDATE,TRIAGE_NO_GRAPH_SIGNAL,,,ABSENT,,ABSENT,ABSENT,,
h1:original/high/h1/2final/23_금당고_2학기_기말_고1_기출.js_16,original/high/h1/2final/23_금당고_2학기_기말_고1_기출.js,H15-SB-03,H15-SB-03-FUNCTION_RELATION,UNADJUDICATED,SOLUTION_CANDIDATE,PRIORITY_1_EXPLICIT_GRAPH_CANDIDATE,,,ABSENT,,ABSENT,ABSENT,,
h1:original/high/h1/2final/23_금당고_2학기_기말_고1_기출.js_18,original/high/h1/2final/23_금당고_2학기_기말_고1_기출.js,H15-SB-03,H15-SB-03-COMPOSITE_FUNCTION,UNADJUDICATED,PROBLEM_PRESENT_REVIEW,PRIORITY_1_GRAPH_GAP_CANDIDATE,assets/images/23_금당고_2학기_기말_고1_기출/q18.png,,PRESENT,,PRESENT,ABSENT,89e9d9436fb7f883fb3f1ea7104e377e8c8affb5799e80f32f79bc4a152d77b7,
h1:original/high/h1/2final/23_금당고_2학기_기말_고1_기출.js_20,original/high/h1/2final/23_금당고_2학기_기말_고1_기출.js,H15-SB-05,H15-SB-05-IRRATIONAL_INVERSE,UNADJUDICATED,SOLUTION_CANDIDATE,SOLUTION_VISUAL_PRESENT,,assets/images/23_금당고_2학기_기말_고1_기출/q20-solution.svg,ABSENT,,ABSENT,PRESENT,,ccd4e2276acca769ffb113b3a1ab9e5d3e56aa85fbf78d1849fdbaf630cb54d6
h1:original/high/h1/2final/23_금당고_2학기_기말_고1_기출.js_21,original/high/h1/2final/23_금당고_2학기_기말_고1_기출.js,H15-SB-03,H15-SB-03-FUNCTION_RELATION,UNADJUDICATED,SOLUTION_CANDIDATE,TRIAGE_NO_GRAPH_SIGNAL,,,ABSENT,,ABSENT,ABSENT,,
h1:original/high/h1/2final/23_금당고_2학기_기말_고1_기출.js_3,original/high/h1/2final/23_금당고_2학기_기말_고1_기출.js,H15-SB-03,H15-SB-03-COMPOSITE_FUNCTION,UNADJUDICATED,SOLUTION_CANDIDATE,PRIORITY_2_GRAPH_SUBUNIT_CANDIDATE,,,ABSENT,,ABSENT,ABSENT,,
h1:original/high/h1/2final/23_금당고_2학기_기말_고1_기출.js_4,original/high/h1/2final/23_금당고_2학기_기말_고1_기출.js,H15-SB-03,H15-SB-03-FUNCTION_RELATION,UNADJUDICATED,PROBLEM_PRESENT_REVIEW,PRIORITY_1_GRAPH_GAP_CANDIDATE,assets/images/23_금당고_2학기_기말_고1_기출/q4.png,,PRESENT,,PRESENT,ABSENT,4b2cb43e7c6fd4fb545266e1b18a932b60b839496460c76f2b4e30f071634707,
h1:original/high/h1/2final/23_금당고_2학기_기말_고1_기출.js_5,original/high/h1/2final/23_금당고_2학기_기말_고1_기출.js,H15-SB-05,H15-SB-05-IRRATIONAL_BASIC,UNADJUDICATED,SOLUTION_CANDIDATE,TRIAGE_NO_GRAPH_SIGNAL,,,ABSENT,,ABSENT,ABSENT,,
h1:original/high/h1/2final/23_금당고_2학기_기말_고1_기출.js_6,original/high/h1/2final/23_금당고_2학기_기말_고1_기출.js,H15-SB-04,H15-SB-04-RATIONAL_BASIC,UNADJUDICATED,SOLUTION_CANDIDATE,TRIAGE_NO_GRAPH_SIGNAL,,,ABSENT,,ABSENT,ABSENT,,
h1:original/high/h1/2final/23_금당고_2학기_기말_고1_기출.js_7,original/high/h1/2final/23_금당고_2학기_기말_고1_기출.js,H15-SB-04,H15-SB-04-RATIONAL_GRAPH,UNADJUDICATED,SOLUTION_CANDIDATE,SOLUTION_VISUAL_PRESENT,,assets/images/23_금당고_2학기_기말_고1_기출/q07-solution.svg,ABSENT,,ABSENT,PRESENT,,4cd8938cef77fd9202e663627ed1014fd782e7ad744e4dc6f6c03bf3cbfd2714
h1:original/high/h1/2final/23_금당고_2학기_기말_고1_기출.js_8,original/high/h1/2final/23_금당고_2학기_기말_고1_기출.js,H15-SB-03,H15-SB-03-INVERSE_FUNCTION,UNADJUDICATED,SOLUTION_CANDIDATE,SOLUTION_VISUAL_PRESENT,,assets/images/23_금당고_2학기_기말_고1_기출/q08-solution.svg,ABSENT,,ABSENT,PRESENT,,b5f35abce842dee791b09b64c908c1dbc4bd6798a9fd97343535fb9663d02651
h1:original/high/h1/2final/23_매산여고_2학기_기말_고1_기출.js_1,original/high/h1/2final/23_매산여고_2학기_기말_고1_기출.js,H15-SB-03,H15-SB-03-COMPOSITE_FUNCTION,UNADJUDICATED,SOLUTION_CANDIDATE,PRIORITY_2_GRAPH_SUBUNIT_CANDIDATE,,,ABSENT,,ABSENT,ABSENT,,
h1:original/high/h1/2final/23_매산여고_2학기_기말_고1_기출.js_16,original/high/h1/2final/23_매산여고_2학기_기말_고1_기출.js,H15-SB-05,H15-SB-05-IRRATIONAL_BASIC,UNADJUDICATED,SOLUTION_CANDIDATE,TRIAGE_NO_GRAPH_SIGNAL,,,ABSENT,,ABSENT,ABSENT,,
h1:original/high/h1/2final/23_매산여고_2학기_기말_고1_기출.js_18,original/high/h1/2final/23_매산여고_2학기_기말_고1_기출.js,H15-SB-03,H15-SB-03-FUNCTION_RELATION,UNADJUDICATED,SOLUTION_CANDIDATE,TRIAGE_NO_GRAPH_SIGNAL,,,ABSENT,,ABSENT,ABSENT,,
h1:original/high/h1/2final/23_매산여고_2학기_기말_고1_기출.js_19,original/high/h1/2final/23_매산여고_2학기_기말_고1_기출.js,H15-SB-03,H15-SB-03-FUNCTION_RELATION,UNADJUDICATED,SOLUTION_CANDIDATE,TRIAGE_NO_GRAPH_SIGNAL,,,ABSENT,,ABSENT,ABSENT,,
h1:original/high/h1/2final/23_매산여고_2학기_기말_고1_기출.js_2,original/high/h1/2final/23_매산여고_2학기_기말_고1_기출.js,H15-SB-03,H15-SB-03-COMPOSITE_FUNCTION,UNADJUDICATED,SOLUTION_CANDIDATE,PRIORITY_2_GRAPH_SUBUNIT_CANDIDATE,,,ABSENT,,ABSENT,ABSENT,,
h1:original/high/h1/2final/23_매산여고_2학기_기말_고1_기출.js_20,original/high/h1/2final/23_매산여고_2학기_기말_고1_기출.js,H15-SB-03,H15-SB-03-FUNCTION_RELATION,UNADJUDICATED,SOLUTION_CANDIDATE,TRIAGE_NO_GRAPH_SIGNAL,,,ABSENT,,ABSENT,ABSENT,,
h1:original/high/h1/2final/23_매산여고_2학기_기말_고1_기출.js_21,original/high/h1/2final/23_매산여고_2학기_기말_고1_기출.js,H15-SB-03,H15-SB-03-INVERSE_FUNCTION,UNADJUDICATED,SOLUTION_CANDIDATE,TRIAGE_NO_GRAPH_SIGNAL,,,ABSENT,,ABSENT,ABSENT,,
h1:original/high/h1/2final/23_매산여고_2학기_기말_고1_기출.js_22,original/high/h1/2final/23_매산여고_2학기_기말_고1_기출.js,H15-SB-05,H15-SB-05-IRRATIONAL_BASIC,UNADJUDICATED,SOLUTION_CANDIDATE,SOLUTION_VISUAL_PRESENT,,assets/images/23_매산여고_2학기_기말_고1_기출/q22-solution.svg,ABSENT,,ABSENT,PRESENT,,ea9b00d740666ac77b53c2c0c0def07f73f8fbfee27a099fc5386e38a124091d
h1:original/high/h1/2final/23_매산여고_2학기_기말_고1_기출.js_3,original/high/h1/2final/23_매산여고_2학기_기말_고1_기출.js,H15-SB-03,H15-SB-03-COMPOSITE_FUNCTION,UNADJUDICATED,PROBLEM_PRESENT_REVIEW,PRIORITY_1_GRAPH_GAP_CANDIDATE,assets/images/23_매산여고_2학기_기말_고1_기출/q3.png,,PRESENT,,PRESENT,ABSENT,5792e9bcd78919c9e360c78f2011e5268c10917bfe12f7dc1246680bfa9e4324,
h1:original/high/h1/2final/23_매산여고_2학기_기말_고1_기출.js_4,original/high/h1/2final/23_매산여고_2학기_기말_고1_기출.js,H15-SB-03,H15-SB-03-FUNCTION_RELATION,UNADJUDICATED,SOLUTION_CANDIDATE,TRIAGE_NO_GRAPH_SIGNAL,,,ABSENT,,ABSENT,ABSENT,,
h1:original/high/h1/2final/23_매산여고_2학기_기말_고1_기출.js_5,original/high/h1/2final/23_매산여고_2학기_기말_고1_기출.js,H15-SB-04,H15-SB-04-RATIONAL_BASIC,UNADJUDICATED,SOLUTION_CANDIDATE,TRIAGE_NO_GRAPH_SIGNAL,,,ABSENT,,ABSENT,ABSENT,,
h1:original/high/h1/2final/23_매산여고_2학기_기말_고1_기출.js_6,original/high/h1/2final/23_매산여고_2학기_기말_고1_기출.js,H15-SB-04,H15-SB-04-RATIONAL_GRAPH,UNADJUDICATED,SOLUTION_CANDIDATE,PRIORITY_1_EXPLICIT_GRAPH_CANDIDATE,,,ABSENT,,ABSENT,ABSENT,,
h1:original/high/h1/2final/23_매산여고_2학기_기말_고1_기출.js_7,original/high/h1/2final/23_매산여고_2학기_기말_고1_기출.js,H15-SB-04,H15-SB-04-RATIONAL_BASIC,UNADJUDICATED,SOLUTION_CANDIDATE,PRIORITY_1_EXPLICIT_GRAPH_CANDIDATE,,,ABSENT,,ABSENT,ABSENT,,
h1:original/high/h1/2final/23_매산여고_2학기_기말_고1_기출.js_8,original/high/h1/2final/23_매산여고_2학기_기말_고1_기출.js,H15-SB-05,H15-SB-05-IRRATIONAL_BASIC,UNADJUDICATED,SOLUTION_CANDIDATE,PRIORITY_1_EXPLICIT_GRAPH_CANDIDATE,,,ABSENT,,ABSENT,ABSENT,,
h1:original/high/h1/2final/23_매산여고_2학기_기말_고1_기출.js_9,original/high/h1/2final/23_매산여고_2학기_기말_고1_기출.js,H15-SB-05,H15-SB-05-IRRATIONAL_BASIC,UNADJUDICATED,SOLUTION_CANDIDATE,SOLUTION_VISUAL_PRESENT,,assets/images/23_매산여고_2학기_기말_고1_기출/q09-solution.svg,ABSENT,,ABSENT,PRESENT,,6ee74899183ed0493408c606bd296c015e2825d1890f2dcec21b7ebb22ab2c01
h1:original/high/h1/2final/24_강남여고_2학기_기말_고1_기출.js_1,original/high/h1/2final/24_강남여고_2학기_기말_고1_기출.js,H15-SB-04,H15-SB-04-RATIONAL_BASIC,UNADJUDICATED,SOLUTION_CANDIDATE,TRIAGE_NO_GRAPH_SIGNAL,,,ABSENT,,ABSENT,ABSENT,,
h1:original/high/h1/2final/24_강남여고_2학기_기말_고1_기출.js_10,original/high/h1/2final/24_강남여고_2학기_기말_고1_기출.js,H15-SB-05,H15-SB-05-IRRATIONAL_BASIC,UNADJUDICATED,SOLUTION_CANDIDATE,TRIAGE_NO_GRAPH_SIGNAL,,,ABSENT,,ABSENT,ABSENT,,
h1:original/high/h1/2final/24_강남여고_2학기_기말_고1_기출.js_13,original/high/h1/2final/24_강남여고_2학기_기말_고1_기출.js,H15-SB-03,H15-SB-03-COMPOSITE_FUNCTION,UNADJUDICATED,SOLUTION_CANDIDATE,PRIORITY_2_GRAPH_SUBUNIT_CANDIDATE,,,ABSENT,,ABSENT,ABSENT,,
h1:original/high/h1/2final/24_강남여고_2학기_기말_고1_기출.js_14,original/high/h1/2final/24_강남여고_2학기_기말_고1_기출.js,H15-SB-05,H15-SB-05-IRRATIONAL_BASIC,UNADJUDICATED,SOLUTION_CANDIDATE,TRIAGE_NO_GRAPH_SIGNAL,,,ABSENT,,ABSENT,ABSENT,,
h1:original/high/h1/2final/24_강남여고_2학기_기말_고1_기출.js_16,original/high/h1/2final/24_강남여고_2학기_기말_고1_기출.js,H15-SB-05,H15-SB-05-IRRATIONAL_GRAPH,UNADJUDICATED,PROBLEM_PRESENT_REVIEW,PRIORITY_1_GRAPH_GAP_CANDIDATE,assets/images/24_강남여고_2학기_기말_고1_기출/q16.png,,PRESENT,,PRESENT,ABSENT,b2823947db1f54a4ac6b7a06087754fbe6942ab3e51c7fc19bfe4fdd6d819b7b,
h1:original/high/h1/2final/24_강남여고_2학기_기말_고1_기출.js_17,original/high/h1/2final/24_강남여고_2학기_기말_고1_기출.js,H15-SB-03,H15-SB-03-COMPOSITE_FUNCTION,UNADJUDICATED,SOLUTION_CANDIDATE,PRIORITY_2_GRAPH_SUBUNIT_CANDIDATE,,,ABSENT,,ABSENT,ABSENT,,
h1:original/high/h1/2final/24_강남여고_2학기_기말_고1_기출.js_2,original/high/h1/2final/24_강남여고_2학기_기말_고1_기출.js,H15-SB-05,H15-SB-05-IRRATIONAL_BASIC,UNADJUDICATED,SOLUTION_CANDIDATE,TRIAGE_NO_GRAPH_SIGNAL,,,ABSENT,,ABSENT,ABSENT,,
h1:original/high/h1/2final/24_강남여고_2학기_기말_고1_기출.js_21,original/high/h1/2final/24_강남여고_2학기_기말_고1_기출.js,H15-SB-04,H15-SB-04-RATIONAL_BASIC,UNADJUDICATED,SOLUTION_CANDIDATE,TRIAGE_NO_GRAPH_SIGNAL,,,ABSENT,,ABSENT,ABSENT,,
h1:original/high/h1/2final/24_강남여고_2학기_기말_고1_기출.js_24,original/high/h1/2final/24_강남여고_2학기_기말_고1_기출.js,H15-SB-05,H15-SB-05-IRRATIONAL_GRAPH,UNADJUDICATED,PROBLEM_PRESENT_REVIEW,PRIORITY_1_GRAPH_GAP_CANDIDATE,assets/images/24_강남여고_2학기_기말_고1_기출/q24.png,,PRESENT,,PRESENT,ABSENT,5b681a1c1eec07c7f25e91c535c5a71429aa6e62be50e44f336ac8e2a45e1a5a,
h1:original/high/h1/2final/24_강남여고_2학기_기말_고1_기출.js_5,original/high/h1/2final/24_강남여고_2학기_기말_고1_기출.js,H15-SB-04,H15-SB-04-RATIONAL_BASIC,UNADJUDICATED,SOLUTION_CANDIDATE,TRIAGE_NO_GRAPH_SIGNAL,,,ABSENT,,ABSENT,ABSENT,,
h1:original/high/h1/2final/24_강남여고_2학기_기말_고1_기출.js_6,original/high/h1/2final/24_강남여고_2학기_기말_고1_기출.js,H15-SB-05,H15-SB-05-IRRATIONAL_BASIC,UNADJUDICATED,SOLUTION_CANDIDATE,SOLUTION_VISUAL_PRESENT,,assets/images/24_강남여고_2학기_기말_고1_기출/q06-solution.svg,ABSENT,,ABSENT,PRESENT,,9fa60b73c85047484a13dbc0921b38e8ba94849a9c5f96bfe5dcfa8c5b5a4943
h1:original/high/h1/2final/24_강남여고_2학기_기말_고1_기출.js_9,original/high/h1/2final/24_강남여고_2학기_기말_고1_기출.js,H15-SB-04,H15-SB-04-RATIONAL_GRAPH,UNADJUDICATED,PROBLEM_PRESENT_REVIEW,PRIORITY_1_GRAPH_GAP_CANDIDATE,assets/images/24_강남여고_2학기_기말_고1_기출/q9.png,,PRESENT,,PRESENT,ABSENT,fe3f511a3428007f8b8fe618b702c477a6055a90e7530d59b599777cef553950,
h1:original/high/h1/2final/24_금당고_2학기_기말_고1_기출.js_10,original/high/h1/2final/24_금당고_2학기_기말_고1_기출.js,H15-SB-05,H15-SB-05-IRRATIONAL_INVERSE,UNADJUDICATED,SOLUTION_CANDIDATE,SOLUTION_VISUAL_PRESENT,,assets/images/24_금당고_2학기_기말_고1_기출/q10-solution.svg,ABSENT,,ABSENT,PRESENT,,094623fc9519c1f9fd2443bdb0dee85b39869e6f326aa5b87b9c8fd9d764b2ae
h1:original/high/h1/2final/24_금당고_2학기_기말_고1_기출.js_11,original/high/h1/2final/24_금당고_2학기_기말_고1_기출.js,H15-SB-05,H15-SB-05-IRRATIONAL_GRAPH,UNADJUDICATED,SOLUTION_CANDIDATE,SOLUTION_VISUAL_PRESENT,,assets/images/24_금당고_2학기_기말_고1_기출/q11-solution.svg,ABSENT,,ABSENT,PRESENT,,8cd693109e38a161e105ae40002949292d58c1fbd33f3beb40a6c41130826bb2
h1:original/high/h1/2final/24_금당고_2학기_기말_고1_기출.js_13,original/high/h1/2final/24_금당고_2학기_기말_고1_기출.js,H15-SB-03,H15-SB-03-COMPOSITE_FUNCTION,UNADJUDICATED,SOLUTION_CANDIDATE,PRIORITY_2_GRAPH_SUBUNIT_CANDIDATE,,,ABSENT,,ABSENT,ABSENT,,
h1:original/high/h1/2final/24_금당고_2학기_기말_고1_기출.js_14,original/high/h1/2final/24_금당고_2학기_기말_고1_기출.js,H15-SB-03,H15-SB-03-FUNCTION_RELATION,UNADJUDICATED,SOLUTION_CANDIDATE,SOLUTION_VISUAL_PRESENT,,assets/images/24_금당고_2학기_기말_고1_기출/q14-solution.svg,ABSENT,,ABSENT,PRESENT,,f434ba269604b18f2793b71900951a6071963afd962ba1206e36b80a44065b2f
h1:original/high/h1/2final/24_금당고_2학기_기말_고1_기출.js_15,original/high/h1/2final/24_금당고_2학기_기말_고1_기출.js,H15-SB-04,H15-SB-04-RATIONAL_GRAPH,UNADJUDICATED,PROBLEM_PRESENT_REVIEW,PRIORITY_1_GRAPH_GAP_CANDIDATE,assets/images/24_금당고_2학기_기말_고1_기출/q15.png,,PRESENT,,PRESENT,ABSENT,0faaed97573ba34d68c8a5f6028c88356d6e8e709e49d0a1400c8bd686f880cb,
h1:original/high/h1/2final/24_금당고_2학기_기말_고1_기출.js_16,original/high/h1/2final/24_금당고_2학기_기말_고1_기출.js,H15-SB-04,H15-SB-04-RATIONAL_GRAPH,UNADJUDICATED,SOLUTION_CANDIDATE,SOLUTION_VISUAL_PRESENT,,assets/images/24_금당고_2학기_기말_고1_기출/q16-solution.svg,ABSENT,,ABSENT,PRESENT,,681dca022d39e642960c758198a5f2ab92be391bacac1869111af5fa814c3741
h1:original/high/h1/2final/24_금당고_2학기_기말_고1_기출.js_17,original/high/h1/2final/24_금당고_2학기_기말_고1_기출.js,H15-SB-03,H15-SB-03-INVERSE_FUNCTION,UNADJUDICATED,PROBLEM_PRESENT_REVIEW,PRIORITY_1_GRAPH_GAP_CANDIDATE,assets/images/24_금당고_2학기_기말_고1_기출/q17.png,,PRESENT,,PRESENT,ABSENT,2ab1abf6bb129a2bf2d3162652922c7c68bf5918232d777ccfc72440080fddf5,
h1:original/high/h1/2final/24_금당고_2학기_기말_고1_기출.js_18,original/high/h1/2final/24_금당고_2학기_기말_고1_기출.js,H15-SB-05,H15-SB-05-IRRATIONAL_GRAPH,UNADJUDICATED,SOLUTION_CANDIDATE,SOLUTION_VISUAL_PRESENT,,assets/images/24_금당고_2학기_기말_고1_기출/q18-solution.svg,ABSENT,,ABSENT,PRESENT,,a482dc8a874565a3621179ff68591c1d7df18e0aec285dfb908146fc1bfd595c
h1:original/high/h1/2final/24_금당고_2학기_기말_고1_기출.js_2,original/high/h1/2final/24_금당고_2학기_기말_고1_기출.js,H15-SB-04,H15-SB-04-RATIONAL_BASIC,UNADJUDICATED,SOLUTION_CANDIDATE,TRIAGE_NO_GRAPH_SIGNAL,,,ABSENT,,ABSENT,ABSENT,,
h1:original/high/h1/2final/24_금당고_2학기_기말_고1_기출.js_20,original/high/h1/2final/24_금당고_2학기_기말_고1_기출.js,H15-SB-05,H15-SB-05-IRRATIONAL_GRAPH,UNADJUDICATED,SOLUTION_CANDIDATE,PRIORITY_1_EXPLICIT_GRAPH_CANDIDATE,,,ABSENT,,ABSENT,ABSENT,,
h1:original/high/h1/2final/24_금당고_2학기_기말_고1_기출.js_21,original/high/h1/2final/24_금당고_2학기_기말_고1_기출.js,H15-SB-04,H15-SB-04-RATIONAL_GRAPH,UNADJUDICATED,SOLUTION_CANDIDATE,PRIORITY_1_EXPLICIT_GRAPH_CANDIDATE,,,ABSENT,,ABSENT,ABSENT,,
h1:original/high/h1/2final/24_금당고_2학기_기말_고1_기출.js_3,original/high/h1/2final/24_금당고_2학기_기말_고1_기출.js,H15-SB-04,H15-SB-04-RATIONAL_GRAPH,UNADJUDICATED,SOLUTION_CANDIDATE,SOLUTION_VISUAL_PRESENT,,assets/images/24_금당고_2학기_기말_고1_기출/q03-solution.svg,ABSENT,,ABSENT,PRESENT,,87ebd23fa8bb6d0839de84181828488723a6ce2974cac3e2f97300e29295c183
h1:original/high/h1/2final/24_금당고_2학기_기말_고1_기출.js_5,original/high/h1/2final/24_금당고_2학기_기말_고1_기출.js,H15-SB-05,H15-SB-05-IRRATIONAL_BASIC,UNADJUDICATED,SOLUTION_CANDIDATE,SOLUTION_VISUAL_PRESENT,,assets/images/24_금당고_2학기_기말_고1_기출/q05-solution.svg,ABSENT,,ABSENT,PRESENT,,ebde3459ec3b6c96825e5fbcb75f5a63a649ae721d927ad2ce8096f012ee2a68
h1:original/high/h1/2final/24_금당고_2학기_기말_고1_기출.js_6,original/high/h1/2final/24_금당고_2학기_기말_고1_기출.js,H15-SB-03,H15-SB-03-INVERSE_FUNCTION,UNADJUDICATED,SOLUTION_CANDIDATE,TRIAGE_NO_GRAPH_SIGNAL,,,ABSENT,,ABSENT,ABSENT,,
h1:original/high/h1/2final/24_금당고_2학기_기말_고1_기출.js_8,original/high/h1/2final/24_금당고_2학기_기말_고1_기출.js,H15-SB-04,H15-SB-04-RATIONAL_APPLICATION,UNADJUDICATED,SOLUTION_CANDIDATE,PRIORITY_1_EXPLICIT_GRAPH_CANDIDATE,,,ABSENT,,ABSENT,ABSENT,,
h1:original/high/h1/2final/24_금당고_2학기_기말_고1_기출.js_9,original/high/h1/2final/24_금당고_2학기_기말_고1_기출.js,H15-SB-03,H15-SB-03-INVERSE_FUNCTION,UNADJUDICATED,SOLUTION_CANDIDATE,TRIAGE_NO_GRAPH_SIGNAL,,,ABSENT,,ABSENT,ABSENT,,
h1:original/high/h1/2final/24_매산여고_2학기_기말_고1_기출.js_1,original/high/h1/2final/24_매산여고_2학기_기말_고1_기출.js,H15-SB-03,H15-SB-03-FUNCTION_RELATION,UNADJUDICATED,SOLUTION_CANDIDATE,TRIAGE_NO_GRAPH_SIGNAL,,,ABSENT,,ABSENT,ABSENT,,
h1:original/high/h1/2final/24_매산여고_2학기_기말_고1_기출.js_15,original/high/h1/2final/24_매산여고_2학기_기말_고1_기출.js,H15-SB-04,H15-SB-04-RATIONAL_GRAPH,UNADJUDICATED,PROBLEM_PRESENT_REVIEW,PRIORITY_1_GRAPH_GAP_CANDIDATE,assets/images/24_매산여고_2학기_기말_고1_기출/q15.png,,PRESENT,,PRESENT,ABSENT,1501f7c273fb65b6350393bb684b077e36229b0019f77d194db43a0d1c8d1ff4,
h1:original/high/h1/2final/24_매산여고_2학기_기말_고1_기출.js_16,original/high/h1/2final/24_매산여고_2학기_기말_고1_기출.js,H15-SB-05,H15-SB-05-IRRATIONAL_BASIC,UNADJUDICATED,SOLUTION_CANDIDATE,TRIAGE_NO_GRAPH_SIGNAL,,,ABSENT,,ABSENT,ABSENT,,
h1:original/high/h1/2final/24_매산여고_2학기_기말_고1_기출.js_17,original/high/h1/2final/24_매산여고_2학기_기말_고1_기출.js,H15-SB-05,H15-SB-05-IRRATIONAL_BASIC,UNADJUDICATED,SOLUTION_CANDIDATE,TRIAGE_NO_GRAPH_SIGNAL,,,ABSENT,,ABSENT,ABSENT,,
h1:original/high/h1/2final/24_매산여고_2학기_기말_고1_기출.js_18,original/high/h1/2final/24_매산여고_2학기_기말_고1_기출.js,H15-SB-05,H15-SB-05-IRRATIONAL_BASIC,UNADJUDICATED,SOLUTION_CANDIDATE,PRIORITY_1_EXPLICIT_GRAPH_CANDIDATE,,,ABSENT,,ABSENT,ABSENT,,
h1:original/high/h1/2final/24_매산여고_2학기_기말_고1_기출.js_2,original/high/h1/2final/24_매산여고_2학기_기말_고1_기출.js,H15-SB-03,H15-SB-03-COMPOSITE_FUNCTION,UNADJUDICATED,SOLUTION_CANDIDATE,PRIORITY_2_GRAPH_SUBUNIT_CANDIDATE,,,ABSENT,,ABSENT,ABSENT,,
h1:original/high/h1/2final/24_매산여고_2학기_기말_고1_기출.js_21,original/high/h1/2final/24_매산여고_2학기_기말_고1_기출.js,H15-SB-03,H15-SB-03-FUNCTION_RELATION,UNADJUDICATED,SOLUTION_CANDIDATE,TRIAGE_NO_GRAPH_SIGNAL,,,ABSENT,,ABSENT,ABSENT,,
h1:original/high/h1/2final/24_매산여고_2학기_기말_고1_기출.js_22,original/high/h1/2final/24_매산여고_2학기_기말_고1_기출.js,H15-SB-04,H15-SB-04-RATIONAL_GRAPH,UNADJUDICATED,SOLUTION_CANDIDATE,SOLUTION_VISUAL_PRESENT,,assets/images/24_매산여고_2학기_기말_고1_기출/q22-solution.svg,ABSENT,,ABSENT,PRESENT,,e354a29f883590280ab63bcbae3f5257dd7a04391576668cd9226de56aa2fdf0
h1:original/high/h1/2final/24_매산여고_2학기_기말_고1_기출.js_23,original/high/h1/2final/24_매산여고_2학기_기말_고1_기출.js,H15-SB-05,H15-SB-05-IRRATIONAL_INVERSE,UNADJUDICATED,SOLUTION_CANDIDATE,SOLUTION_VISUAL_PRESENT,,assets/images/24_매산여고_2학기_기말_고1_기출/q23-solution.svg,ABSENT,,ABSENT,PRESENT,,9e5ebf7f9ff3c2259fab8cc2fa5ff05f0fd6548bce3c37028253696a2a5dd62d
h1:original/high/h1/2final/24_매산여고_2학기_기말_고1_기출.js_3,original/high/h1/2final/24_매산여고_2학기_기말_고1_기출.js,H15-SB-04,H15-SB-04-RATIONAL_GRAPH,UNADJUDICATED,SOLUTION_CANDIDATE,SOLUTION_VISUAL_PRESENT,,assets/images/24_매산여고_2학기_기말_고1_기출/q03-solution.svg,ABSENT,,ABSENT,PRESENT,,bd2b4ea8b963d944a1addf71b1ae81012497324dedee971ed3d0baf79cbd459f
h1:original/high/h1/2final/24_매산여고_2학기_기말_고1_기출.js_4,original/high/h1/2final/24_매산여고_2학기_기말_고1_기출.js,H15-SB-05,H15-SB-05-IRRATIONAL_BASIC,UNADJUDICATED,PROBLEM_PRESENT_REVIEW,PRIORITY_1_GRAPH_GAP_CANDIDATE,assets/images/24_매산여고_2학기_기말_고1_기출/q4.png,,PRESENT,,PRESENT,ABSENT,9efae2ab49574d643e3461c5dd34e30b9dcd00f457c2cd9f626175c5b54102fc,
h1:original/high/h1/2final/24_매산여고_2학기_기말_고1_기출.js_5,original/high/h1/2final/24_매산여고_2학기_기말_고1_기출.js,H15-SB-04,H15-SB-04-RATIONAL_GRAPH,UNADJUDICATED,SOLUTION_CANDIDATE,SOLUTION_VISUAL_PRESENT,,assets/images/24_매산여고_2학기_기말_고1_기출/q05-solution.svg,ABSENT,,ABSENT,PRESENT,,7cd4964f2ef74f96e8387bd80fabdb6c37e8479920f438f315c9b30f772dda5b
h1:original/high/h1/2final/24_매산여고_2학기_기말_고1_기출.js_6,original/high/h1/2final/24_매산여고_2학기_기말_고1_기출.js,H15-SB-05,H15-SB-05-IRRATIONAL_BASIC,UNADJUDICATED,SOLUTION_CANDIDATE,SOLUTION_VISUAL_PRESENT,,assets/images/24_매산여고_2학기_기말_고1_기출/q06-solution.svg,ABSENT,,ABSENT,PRESENT,,13005ef63f683fdcefa559bc433d027bd0067f5b769ce582f7984ddec71b9ecd
h1:original/high/h1/2final/24_매산여고_2학기_기말_고1_기출.js_7,original/high/h1/2final/24_매산여고_2학기_기말_고1_기출.js,H15-SB-04,H15-SB-04-RATIONAL_GRAPH,UNADJUDICATED,SOLUTION_CANDIDATE,SOLUTION_VISUAL_PRESENT,,assets/images/24_매산여고_2학기_기말_고1_기출/q07-solution.svg,ABSENT,,ABSENT,PRESENT,,d0d5cbea9d41085ff2ee9fc5681c22e0cb33c1506c654af2a5a8d9d22b7e37db
h1:original/high/h1/2final/24_제일고_2학기_기말_고1_기출.js_10,original/high/h1/2final/24_제일고_2학기_기말_고1_기출.js,H15-SB-04,H15-SB-04-RATIONAL_BASIC,UNADJUDICATED,SOLUTION_CANDIDATE,TRIAGE_NO_GRAPH_SIGNAL,,,ABSENT,,ABSENT,ABSENT,,
h1:original/high/h1/2final/24_제일고_2학기_기말_고1_기출.js_11,original/high/h1/2final/24_제일고_2학기_기말_고1_기출.js,H15-SB-04,H15-SB-04-RATIONAL_GRAPH,UNADJUDICATED,SOLUTION_CANDIDATE,SOLUTION_VISUAL_PRESENT,,assets/images/24_제일고_2학기_기말_고1_기출/q11-solution.svg,ABSENT,,ABSENT,PRESENT,,08884712d44a6fb8544a93a08ce58fcfeb28e52da63ecf0800e818466107b01f
h1:original/high/h1/2final/24_제일고_2학기_기말_고1_기출.js_12,original/high/h1/2final/24_제일고_2학기_기말_고1_기출.js,H15-SB-05,H15-SB-05-IRRATIONAL_BASIC,UNADJUDICATED,SOLUTION_CANDIDATE,SOLUTION_VISUAL_PRESENT,,assets/images/24_제일고_2학기_기말_고1_기출/q12-solution.svg,ABSENT,,ABSENT,PRESENT,,262a5b3aade02fb0662a63f3636159ea50a2e093c33dadd142e8925c5db27b2d
h1:original/high/h1/2final/24_제일고_2학기_기말_고1_기출.js_13,original/high/h1/2final/24_제일고_2학기_기말_고1_기출.js,H15-SB-04,H15-SB-04-RATIONAL_BASIC,UNADJUDICATED,SOLUTION_CANDIDATE,SOLUTION_VISUAL_PRESENT,,assets/images/24_제일고_2학기_기말_고1_기출/q13-solution.svg,ABSENT,,ABSENT,PRESENT,,06fc8282d6b15d20e87a5ad76fae9a5fef2fc1eb9d413b2ca8bd6572c331ee51
h1:original/high/h1/2final/24_제일고_2학기_기말_고1_기출.js_14,original/high/h1/2final/24_제일고_2학기_기말_고1_기출.js,H15-SB-05,H15-SB-05-IRRATIONAL_BASIC,UNADJUDICATED,SOLUTION_CANDIDATE,TRIAGE_NO_GRAPH_SIGNAL,,,ABSENT,,ABSENT,ABSENT,,
h1:original/high/h1/2final/24_제일고_2학기_기말_고1_기출.js_15,original/high/h1/2final/24_제일고_2학기_기말_고1_기출.js,H15-SB-05,H15-SB-05-IRRATIONAL_BASIC,UNADJUDICATED,SOLUTION_CANDIDATE,PRIORITY_1_EXPLICIT_GRAPH_CANDIDATE,,,ABSENT,,ABSENT,ABSENT,,
h1:original/high/h1/2final/24_제일고_2학기_기말_고1_기출.js_16,original/high/h1/2final/24_제일고_2학기_기말_고1_기출.js,H15-SB-04,H15-SB-04-RATIONAL_BASIC,UNADJUDICATED,SOLUTION_CANDIDATE,PRIORITY_1_EXPLICIT_GRAPH_CANDIDATE,,,ABSENT,,ABSENT,ABSENT,,
h1:original/high/h1/2final/24_제일고_2학기_기말_고1_기출.js_17,original/high/h1/2final/24_제일고_2학기_기말_고1_기출.js,H15-SB-04,H15-SB-04-RATIONAL_GRAPH,UNADJUDICATED,SOLUTION_CANDIDATE,PRIORITY_1_EXPLICIT_GRAPH_CANDIDATE,,,ABSENT,,ABSENT,ABSENT,,
h1:original/high/h1/2final/24_제일고_2학기_기말_고1_기출.js_18,original/high/h1/2final/24_제일고_2학기_기말_고1_기출.js,H15-SB-05,H15-SB-05-IRRATIONAL_GRAPH,UNADJUDICATED,PROBLEM_PRESENT_REVIEW,PRIORITY_1_GRAPH_GAP_CANDIDATE,assets/images/24_제일고_2학기_기말_고1_기출/q18.png,,PRESENT,,PRESENT,ABSENT,9df153cbf0ddc874b651dc069cd634d46b3b48c415fdc834ff10efe64ec16e01,
h1:original/high/h1/2final/24_제일고_2학기_기말_고1_기출.js_21,original/high/h1/2final/24_제일고_2학기_기말_고1_기출.js,H15-SB-04,H15-SB-04-RATIONAL_BASIC,UNADJUDICATED,SOLUTION_CANDIDATE,TRIAGE_NO_GRAPH_SIGNAL,,,ABSENT,,ABSENT,ABSENT,,
h1:original/high/h1/2final/24_제일고_2학기_기말_고1_기출.js_22,original/high/h1/2final/24_제일고_2학기_기말_고1_기출.js,H15-SB-05,H15-SB-05-IRRATIONAL_GRAPH,UNADJUDICATED,SOLUTION_CANDIDATE,SOLUTION_VISUAL_PRESENT,,assets/images/24_제일고_2학기_기말_고1_기출/q22-solution.svg,ABSENT,,ABSENT,PRESENT,,87ab19fc0702e3e2ec4e12b9e8718a101bff90e22519d7ce605eeb1bca9ed76d
h1:original/high/h1/2final/25_금당고_2학기_기말_고1_기출.js_10,original/high/h1/2final/25_금당고_2학기_기말_고1_기출.js,H22-C2-09,H22-C2-09-FUNCTION_BASIC,UNADJUDICATED,SOLUTION_CANDIDATE,TRIAGE_NO_GRAPH_SIGNAL,,,ABSENT,,ABSENT,ABSENT,,
h1:original/high/h1/2final/25_금당고_2학기_기말_고1_기출.js_14,original/high/h1/2final/25_금당고_2학기_기말_고1_기출.js,H22-C2-07,H22-C2-07-FUNCTION_COMPOSITION,UNADJUDICATED,SOLUTION_CANDIDATE,TRIAGE_NO_GRAPH_SIGNAL,,,ABSENT,,ABSENT,ABSENT,,
h1:original/high/h1/2final/25_금당고_2학기_기말_고1_기출.js_15,original/high/h1/2final/25_금당고_2학기_기말_고1_기출.js,H22-C2-07,H22-C2-07-FUNCTION_BASIC,UNADJUDICATED,SOLUTION_CANDIDATE,SOLUTION_VISUAL_PRESENT,,assets/images/25_금당고_2학기_기말_고1_기출/q15-solution.svg,ABSENT,,ABSENT,PRESENT,,148e218a125f75fdcf688eaf9145ab921213fda73455fcc6b17797cd6eb6005e
h1:original/high/h1/2final/25_금당고_2학기_기말_고1_기출.js_16,original/high/h1/2final/25_금당고_2학기_기말_고1_기출.js,H22-C2-09,H22-C2-09-FUNCTION_BASIC,UNADJUDICATED,PROBLEM_PRESENT_REVIEW,PRIORITY_1_GRAPH_GAP_CANDIDATE,assets/images/25_금당고_2학기_기말_고1_기출/q16.png,,PRESENT,,PRESENT,ABSENT,67139371d8dc2faed6a958072bca393a5de3f070a595b5bac1bb1b316cbed88f,
h1:original/high/h1/2final/25_금당고_2학기_기말_고1_기출.js_19,original/high/h1/2final/25_금당고_2학기_기말_고1_기출.js,H22-C2-07,H22-C2-07-FUNCTION_BASIC,UNADJUDICATED,SOLUTION_CANDIDATE,TRIAGE_NO_GRAPH_SIGNAL,,,ABSENT,,ABSENT,ABSENT,,
h1:original/high/h1/2final/25_금당고_2학기_기말_고1_기출.js_20,original/high/h1/2final/25_금당고_2학기_기말_고1_기출.js,H22-C2-07,H22-C2-07-FUNCTION_BASIC,UNADJUDICATED,SOLUTION_CANDIDATE,TRIAGE_NO_GRAPH_SIGNAL,,,ABSENT,,ABSENT,ABSENT,,
h1:original/high/h1/2final/25_금당고_2학기_기말_고1_기출.js_22,original/high/h1/2final/25_금당고_2학기_기말_고1_기출.js,H22-C2-09,H22-C2-09-FUNCTION_BASIC,UNADJUDICATED,SOLUTION_CANDIDATE,SOLUTION_VISUAL_PRESENT,,assets/images/25_금당고_2학기_기말_고1_기출/q22-solution.svg,ABSENT,,ABSENT,PRESENT,,dad3bdaabe56432dab20389ad8c19f63abca36ff093f98dd1541134732a417c8
h1:original/high/h1/2final/25_금당고_2학기_기말_고1_기출.js_6,original/high/h1/2final/25_금당고_2학기_기말_고1_기출.js,H22-C2-07,H22-C2-07-FUNCTION_BASIC,UNADJUDICATED,PROBLEM_PRESENT_REVIEW,PRIORITY_1_GRAPH_GAP_CANDIDATE,assets/images/25_금당고_2학기_기말_고1_기출/q06.png,,PRESENT,,PRESENT,ABSENT,d39a7dd01f2c5b3fbd5d0445f98c0a0a228425f6d9cd00b0362b6b75b609a657,
h1:original/high/h1/2final/25_금당고_2학기_기말_고1_기출.js_7,original/high/h1/2final/25_금당고_2학기_기말_고1_기출.js,H22-C2-07,H22-C2-07-FUNCTION_COMPOSITION,UNADJUDICATED,SOLUTION_CANDIDATE,TRIAGE_NO_GRAPH_SIGNAL,,,ABSENT,,ABSENT,ABSENT,,
h1:original/high/h1/2final/25_금당고_2학기_기말_고1_기출.js_8,original/high/h1/2final/25_금당고_2학기_기말_고1_기출.js,H22-C2-07,H22-C2-07-FUNCTION_BASIC,UNADJUDICATED,SOLUTION_CANDIDATE,TRIAGE_NO_GRAPH_SIGNAL,,,ABSENT,,ABSENT,ABSENT,,
h1:original/high/h1/2final/25_금당고_2학기_기말_고1_기출.js_9,original/high/h1/2final/25_금당고_2학기_기말_고1_기출.js,H22-C2-08,H22-C2-08-FUNCTION_BASIC,UNADJUDICATED,SOLUTION_CANDIDATE,SOLUTION_VISUAL_PRESENT,,assets/images/25_금당고_2학기_기말_고1_기출/q09-solution.svg,ABSENT,,ABSENT,PRESENT,,8211a0b5db3dbc4d719459febb96248a896c48881b2a22e55f66e3642ed2adda
h1:original/high/h1/2final/25_순천고_2학기_기말_고1_기출.js_10,original/high/h1/2final/25_순천고_2학기_기말_고1_기출.js,H22-C2-07,H22-C2-07-FUNCTION_BASIC,UNADJUDICATED,PROBLEM_PRESENT_REVIEW,PRIORITY_1_GRAPH_GAP_CANDIDATE,assets/images/25_순천고_2학기_기말_고1_기출/q10.png,,PRESENT,,PRESENT,ABSENT,9ff29a8b53fc84cfbec62273f6060cf490b3f6422eed8ccf66130bf90b62a22c,
h1:original/high/h1/2final/25_순천고_2학기_기말_고1_기출.js_12,original/high/h1/2final/25_순천고_2학기_기말_고1_기출.js,H22-C2-07,H22-C2-07-FUNCTION_BASIC,UNADJUDICATED,SOLUTION_CANDIDATE,TRIAGE_NO_GRAPH_SIGNAL,,,ABSENT,,ABSENT,ABSENT,,
h1:original/high/h1/2final/25_순천고_2학기_기말_고1_기출.js_13,original/high/h1/2final/25_순천고_2학기_기말_고1_기출.js,H22-C2-08,H22-C2-08-FUNCTION_BASIC,UNADJUDICATED,PROBLEM_PRESENT_REVIEW,SOLUTION_VISUAL_PRESENT,assets/images/25_순천고_2학기_기말_고1_기출/q13.png,assets/images/25_순천고_2학기_기말_고1_기출/q13-solution.svg,PRESENT,,PRESENT,PRESENT,5e81f9c184e74e0a5e04598fa10f8fcae21e10ca4be3f58b199ab232d23aff7a,656716d251167e20dafc98cc7b7303b5d9f1a9486fb92c74c80e2032d7bbf6be
h1:original/high/h1/2final/25_순천고_2학기_기말_고1_기출.js_14,original/high/h1/2final/25_순천고_2학기_기말_고1_기출.js,H22-C2-08,H22-C2-08-FUNCTION_BASIC,UNADJUDICATED,SOLUTION_CANDIDATE,SOLUTION_VISUAL_PRESENT,,assets/images/25_순천고_2학기_기말_고1_기출/q14-solution.svg,ABSENT,,ABSENT,PRESENT,,7a3a5afc6a810b9f6c3e06dbff6907b72002b3963b0420fa3c8312e8dc0536b9
h1:original/high/h1/2final/25_순천고_2학기_기말_고1_기출.js_15,original/high/h1/2final/25_순천고_2학기_기말_고1_기출.js,H22-C2-07,H22-C2-07-FUNCTION_BASIC,UNADJUDICATED,SOLUTION_CANDIDATE,SOLUTION_VISUAL_PRESENT,,assets/images/25_순천고_2학기_기말_고1_기출/q15-solution.svg,ABSENT,,ABSENT,PRESENT,,188b50a459eb35fff1daa846c571e240f688e736f05d9dc26bb3e6a6294ce86f
h1:original/high/h1/2final/25_순천고_2학기_기말_고1_기출.js_17,original/high/h1/2final/25_순천고_2학기_기말_고1_기출.js,H22-C2-09,H22-C2-09-FUNCTION_BASIC,UNADJUDICATED,SOLUTION_CANDIDATE,SOLUTION_VISUAL_PRESENT,,assets/images/25_순천고_2학기_기말_고1_기출/q17-solution.svg,ABSENT,,ABSENT,PRESENT,,de481a5d35a9cd510a2693f0d24bdafef0812236b7e3f389b060ac2d824e5ac3
h1:original/high/h1/2final/25_순천고_2학기_기말_고1_기출.js_18,original/high/h1/2final/25_순천고_2학기_기말_고1_기출.js,H22-C2-08,H22-C2-08-FUNCTION_BASIC,UNADJUDICATED,SOLUTION_CANDIDATE,SOLUTION_VISUAL_PRESENT,,assets/images/25_순천고_2학기_기말_고1_기출/q18-solution.svg,ABSENT,,ABSENT,PRESENT,,62966cca5baadff5090c0a46547092be9b2a92e1a2b888afd4f0202704b1242b
h1:original/high/h1/2final/25_순천고_2학기_기말_고1_기출.js_19,original/high/h1/2final/25_순천고_2학기_기말_고1_기출.js,H22-C2-08,H22-C2-08-FUNCTION_BASIC,UNADJUDICATED,SOLUTION_CANDIDATE,TRIAGE_NO_GRAPH_SIGNAL,,,ABSENT,,ABSENT,ABSENT,,
h1:original/high/h1/2final/25_순천고_2학기_기말_고1_기출.js_21,original/high/h1/2final/25_순천고_2학기_기말_고1_기출.js,H22-C2-07,H22-C2-07-FUNCTION_BASIC,UNADJUDICATED,SOLUTION_CANDIDATE,TRIAGE_NO_GRAPH_SIGNAL,,,ABSENT,,ABSENT,ABSENT,,
h1:original/high/h1/2final/25_순천고_2학기_기말_고1_기출.js_22,original/high/h1/2final/25_순천고_2학기_기말_고1_기출.js,H22-C2-07,H22-C2-07-FUNCTION_COMPOSITION,UNADJUDICATED,SOLUTION_CANDIDATE,TRIAGE_NO_GRAPH_SIGNAL,,,ABSENT,,ABSENT,ABSENT,,
h1:original/high/h1/2final/25_순천고_2학기_기말_고1_기출.js_23,original/high/h1/2final/25_순천고_2학기_기말_고1_기출.js,H22-C2-09,H22-C2-09-FUNCTION_BASIC,UNADJUDICATED,SOLUTION_CANDIDATE,SOLUTION_VISUAL_PRESENT,,assets/images/25_순천고_2학기_기말_고1_기출/q23-solution.svg,ABSENT,,ABSENT,PRESENT,,31165389c75e36e8c06e77412939626e69c6b02bdabead208ea78f9410088eb1
h1:original/high/h1/2final/25_순천고_2학기_기말_고1_기출.js_3,original/high/h1/2final/25_순천고_2학기_기말_고1_기출.js,H22-C2-09,H22-C2-09-FUNCTION_BASIC,UNADJUDICATED,SOLUTION_CANDIDATE,TRIAGE_NO_GRAPH_SIGNAL,,,ABSENT,,ABSENT,ABSENT,,
h1:original/high/h1/2final/25_순천고_2학기_기말_고1_기출.js_4,original/high/h1/2final/25_순천고_2학기_기말_고1_기출.js,H22-C2-07,H22-C2-07-FUNCTION_COMPOSITION,UNADJUDICATED,PROBLEM_PRESENT_REVIEW,PRIORITY_1_GRAPH_GAP_CANDIDATE,assets/images/25_순천고_2학기_기말_고1_기출/q4.png,,PRESENT,,PRESENT,ABSENT,30a3cd4d6c2d4a03ee7559425e32fda7b9ae4f6f2e24942fbd7d912cfb4ca7e1,
h1:original/high/h1/2final/25_순천고_2학기_기말_고1_기출.js_7,original/high/h1/2final/25_순천고_2학기_기말_고1_기출.js,H22-C2-09,H22-C2-09-FUNCTION_BASIC,UNADJUDICATED,SOLUTION_CANDIDATE,TRIAGE_NO_GRAPH_SIGNAL,,,ABSENT,,ABSENT,ABSENT,,
h1:original/high/h1/2final/25_순천고_2학기_기말_고1_기출.js_8,original/high/h1/2final/25_순천고_2학기_기말_고1_기출.js,H22-C2-07,H22-C2-07-FUNCTION_BASIC,UNADJUDICATED,SOLUTION_CANDIDATE,TRIAGE_NO_GRAPH_SIGNAL,,,ABSENT,,ABSENT,ABSENT,,
h1:original/high/h1/2final/25_순천고_2학기_기말_고1_기출.js_9,original/high/h1/2final/25_순천고_2학기_기말_고1_기출.js,H22-C2-07,H22-C2-07-FUNCTION_BASIC,UNADJUDICATED,SOLUTION_CANDIDATE,TRIAGE_NO_GRAPH_SIGNAL,,,ABSENT,,ABSENT,ABSENT,,
h1:original/high/h1/2final/25_제일고_2학기_기말_고1_기출.js_10,original/high/h1/2final/25_제일고_2학기_기말_고1_기출.js,H22-C2-07,H22-C2-07-FUNCTION_BASIC,UNADJUDICATED,PROBLEM_PRESENT_REVIEW,PRIORITY_1_GRAPH_GAP_CANDIDATE,assets/images/25_제일고_2학기_기말_고1_기출/q10.png,,PRESENT,,PRESENT,ABSENT,9ab459f7e6d20f9dfa0fdc210eeed5ea4f11c439d8eaf5fae8875c3a6b928e64,
h1:original/high/h1/2final/25_제일고_2학기_기말_고1_기출.js_11,original/high/h1/2final/25_제일고_2학기_기말_고1_기출.js,H22-C2-09,H22-C2-09-FUNCTION_BASIC,UNADJUDICATED,SOLUTION_CANDIDATE,SOLUTION_VISUAL_PRESENT,,assets/images/25_제일고_2학기_기말_고1_기출/q11-solution.svg,ABSENT,,ABSENT,PRESENT,,5e190170ca090b30198a2ca1456997803a9b20ac6724f40ddb0124819ff91f97
h1:original/high/h1/2final/25_제일고_2학기_기말_고1_기출.js_12,original/high/h1/2final/25_제일고_2학기_기말_고1_기출.js,H22-C2-07,H22-C2-07-FUNCTION_BASIC,UNADJUDICATED,PROBLEM_PRESENT_REVIEW,PRIORITY_1_GRAPH_GAP_CANDIDATE,assets/images/25_제일고_2학기_기말_고1_기출/q12.png,,PRESENT,,PRESENT,ABSENT,0e37b5ca16abf325e8529469db976101fd3b2b966bbcb8443bce7c38d6923ff4,
h1:original/high/h1/2final/25_제일고_2학기_기말_고1_기출.js_13,original/high/h1/2final/25_제일고_2학기_기말_고1_기출.js,H22-C2-08,H22-C2-08-FUNCTION_BASIC,UNADJUDICATED,SOLUTION_CANDIDATE,SOLUTION_VISUAL_PRESENT,,assets/images/25_제일고_2학기_기말_고1_기출/q13-solution.svg,ABSENT,,ABSENT,PRESENT,,0e8f6bcfddb7239e4299e94bc47b55f5ce5d04acb32287d60effdcac4ee72f7e
h1:original/high/h1/2final/25_제일고_2학기_기말_고1_기출.js_14,original/high/h1/2final/25_제일고_2학기_기말_고1_기출.js,H22-C2-08,H22-C2-08-FUNCTION_BASIC,UNADJUDICATED,SOLUTION_CANDIDATE,SOLUTION_VISUAL_PRESENT,,assets/images/25_제일고_2학기_기말_고1_기출/q14-solution.svg,ABSENT,,ABSENT,PRESENT,,9a696b578a7d1a5eddf273f70d25f6e0adbe5c9f60735ef4a3bc74aab5581e5f
h1:original/high/h1/2final/25_제일고_2학기_기말_고1_기출.js_15,original/high/h1/2final/25_제일고_2학기_기말_고1_기출.js,H22-C2-07,H22-C2-07-FUNCTION_BASIC,UNADJUDICATED,SOLUTION_CANDIDATE,TRIAGE_NO_GRAPH_SIGNAL,,,ABSENT,,ABSENT,ABSENT,,
h1:original/high/h1/2final/25_제일고_2학기_기말_고1_기출.js_16,original/high/h1/2final/25_제일고_2학기_기말_고1_기출.js,H22-C2-08,H22-C2-08-FUNCTION_BASIC,UNADJUDICATED,SOLUTION_CANDIDATE,TRIAGE_NO_GRAPH_SIGNAL,,,ABSENT,,ABSENT,ABSENT,,
h1:original/high/h1/2final/25_제일고_2학기_기말_고1_기출.js_17,original/high/h1/2final/25_제일고_2학기_기말_고1_기출.js,H22-C2-09,H22-C2-09-FUNCTION_BASIC,UNADJUDICATED,PROBLEM_PRESENT_REVIEW,PRIORITY_1_GRAPH_GAP_CANDIDATE,assets/images/25_제일고_2학기_기말_고1_기출/q17.png,,PRESENT,,PRESENT,ABSENT,569b51b660358d391fb64d3318c56212a8dc21b961690d75072a42543468c28c,
h1:original/high/h1/2final/25_제일고_2학기_기말_고1_기출.js_18,original/high/h1/2final/25_제일고_2학기_기말_고1_기출.js,H22-C2-07,H22-C2-07-FUNCTION_BASIC,UNADJUDICATED,SOLUTION_CANDIDATE,SOLUTION_VISUAL_PRESENT,,assets/images/25_제일고_2학기_기말_고1_기출/q18-solution.svg,ABSENT,,ABSENT,PRESENT,,9c5a1b7dc3625c5f3bb0afb2600732be001b181a0a54f2db50fb1bcdfee519e1
h1:original/high/h1/2final/25_제일고_2학기_기말_고1_기출.js_20,original/high/h1/2final/25_제일고_2학기_기말_고1_기출.js,H22-C2-07,H22-C2-07-FUNCTION_BASIC,UNADJUDICATED,SOLUTION_CANDIDATE,SOLUTION_VISUAL_PRESENT,,assets/images/25_제일고_2학기_기말_고1_기출/q20-solution.svg,ABSENT,,ABSENT,PRESENT,,f5c92a5794e5884cbcf5b3c70565eb3f40188336885c3f6cf8f1c34c971cf560
h1:original/high/h1/2final/25_제일고_2학기_기말_고1_기출.js_21,original/high/h1/2final/25_제일고_2학기_기말_고1_기출.js,H22-C2-08,H22-C2-08-FUNCTION_BASIC,UNADJUDICATED,SOLUTION_CANDIDATE,TRIAGE_NO_GRAPH_SIGNAL,,,ABSENT,,ABSENT,ABSENT,,
h1:original/high/h1/2final/25_팔마고_2학기_기말_고1_기출.js_1,original/high/h1/2final/25_팔마고_2학기_기말_고1_기출.js,H22-C2-07,H22-C2-07-FUNCTION_BASIC,UNADJUDICATED,PROBLEM_PRESENT_REVIEW,PRIORITY_1_GRAPH_GAP_CANDIDATE,assets/images/25_팔마고_2학기_기말_고1_기출/q01.png,,PRESENT,,PRESENT,ABSENT,aab69ec0ef2acfb9aef68d353f20e81e92add01e4bf68cc70dc4179243b4c1e5,
h1:original/high/h1/2final/25_팔마고_2학기_기말_고1_기출.js_10,original/high/h1/2final/25_팔마고_2학기_기말_고1_기출.js,H22-C2-07,H22-C2-07-FUNCTION_COMPOSITION,UNADJUDICATED,SOLUTION_CANDIDATE,TRIAGE_NO_GRAPH_SIGNAL,,,ABSENT,,ABSENT,ABSENT,,
h1:original/high/h1/2final/25_팔마고_2학기_기말_고1_기출.js_11,original/high/h1/2final/25_팔마고_2학기_기말_고1_기출.js,H22-C2-07,H22-C2-07-FUNCTION_BASIC,UNADJUDICATED,SOLUTION_CANDIDATE,SOLUTION_VISUAL_PRESENT,,assets/images/25_팔마고_2학기_기말_고1_기출/q11-solution.svg,ABSENT,,ABSENT,PRESENT,,4fe3bbfa67c566d8ed4a9fc08c8a871e8b98dafca67680460b608b71b5e6f1a5
h1:original/high/h1/2final/25_팔마고_2학기_기말_고1_기출.js_14,original/high/h1/2final/25_팔마고_2학기_기말_고1_기출.js,H22-C2-07,H22-C2-07-FUNCTION_BASIC,UNADJUDICATED,SOLUTION_CANDIDATE,SOLUTION_VISUAL_PRESENT,,assets/images/25_팔마고_2학기_기말_고1_기출/q14-solution.svg,ABSENT,,ABSENT,PRESENT,,fac7d5c87fac8cb53f76979255c439e2751e0864f7a70f50eecf368236aca3cd
h1:original/high/h1/2final/25_팔마고_2학기_기말_고1_기출.js_15,original/high/h1/2final/25_팔마고_2학기_기말_고1_기출.js,H22-C2-07,H22-C2-07-FUNCTION_COMPOSITION,UNADJUDICATED,SOLUTION_CANDIDATE,TRIAGE_NO_GRAPH_SIGNAL,,,ABSENT,,ABSENT,ABSENT,,
h1:original/high/h1/2final/25_팔마고_2학기_기말_고1_기출.js_16,original/high/h1/2final/25_팔마고_2학기_기말_고1_기출.js,H22-C2-07,H22-C2-07-FUNCTION_BASIC,UNADJUDICATED,SOLUTION_CANDIDATE,TRIAGE_NO_GRAPH_SIGNAL,,,ABSENT,,ABSENT,ABSENT,,
h1:original/high/h1/2final/25_팔마고_2학기_기말_고1_기출.js_17,original/high/h1/2final/25_팔마고_2학기_기말_고1_기출.js,H22-C2-07,H22-C2-07-FUNCTION_BASIC,UNADJUDICATED,SOLUTION_CANDIDATE,TRIAGE_NO_GRAPH_SIGNAL,,,ABSENT,,ABSENT,ABSENT,,
h1:original/high/h1/2final/25_팔마고_2학기_기말_고1_기출.js_18,original/high/h1/2final/25_팔마고_2학기_기말_고1_기출.js,H22-C2-09,H22-C2-09-FUNCTION_BASIC,UNADJUDICATED,PROBLEM_PRESENT_REVIEW,PRIORITY_1_GRAPH_GAP_CANDIDATE,assets/images/25_팔마고_2학기_기말_고1_기출/q18.png,,PRESENT,,PRESENT,ABSENT,8491fec960056130eba5f8b6b913e6a3f9bb13d2194de586f1f1a02962201e9f,
h1:original/high/h1/2final/25_팔마고_2학기_기말_고1_기출.js_19,original/high/h1/2final/25_팔마고_2학기_기말_고1_기출.js,H22-C2-07,H22-C2-07-FUNCTION_BASIC,UNADJUDICATED,PROBLEM_PRESENT_REVIEW,PRIORITY_1_GRAPH_GAP_CANDIDATE,assets/images/25_팔마고_2학기_기말_고1_기출/q19.png,,PRESENT,,PRESENT,ABSENT,017873ddd1360e2c9e40ab6d5b5bbf8ab8b000efbe5ed4c81bcbfd6d5df740a4,
h1:original/high/h1/2final/25_팔마고_2학기_기말_고1_기출.js_2,original/high/h1/2final/25_팔마고_2학기_기말_고1_기출.js,H22-C2-07,H22-C2-07-FUNCTION_COMPOSITION,UNADJUDICATED,PROBLEM_PRESENT_REVIEW,PRIORITY_1_GRAPH_GAP_CANDIDATE,assets/images/25_팔마고_2학기_기말_고1_기출/q02.png,,PRESENT,,PRESENT,ABSENT,776aa74a7f9ef5615644e0a1190a2f88bcff2d29195bdb3f4d6e5b69eda415ea,
h1:original/high/h1/2final/25_팔마고_2학기_기말_고1_기출.js_20,original/high/h1/2final/25_팔마고_2학기_기말_고1_기출.js,H22-C2-07,H22-C2-07-FUNCTION_BASIC,UNADJUDICATED,SOLUTION_CANDIDATE,SOLUTION_VISUAL_PRESENT,,assets/images/25_팔마고_2학기_기말_고1_기출/q20-solution.svg,ABSENT,,ABSENT,PRESENT,,c25fef2362d24371928c33e8b67467c9c2b8e5d4321eea18b09d90fb4afb4d8c
h1:original/high/h1/2final/25_팔마고_2학기_기말_고1_기출.js_21,original/high/h1/2final/25_팔마고_2학기_기말_고1_기출.js,H22-C2-08,H22-C2-08-FUNCTION_BASIC,UNADJUDICATED,SOLUTION_CANDIDATE,TRIAGE_NO_GRAPH_SIGNAL,,,ABSENT,,ABSENT,ABSENT,,
h1:original/high/h1/2final/25_팔마고_2학기_기말_고1_기출.js_22,original/high/h1/2final/25_팔마고_2학기_기말_고1_기출.js,H22-C2-07,H22-C2-07-FUNCTION_COMPOSITION,UNADJUDICATED,SOLUTION_CANDIDATE,TRIAGE_NO_GRAPH_SIGNAL,,,ABSENT,,ABSENT,ABSENT,,
h1:original/high/h1/2final/25_팔마고_2학기_기말_고1_기출.js_23,original/high/h1/2final/25_팔마고_2학기_기말_고1_기출.js,H22-C2-09,H22-C2-09-FUNCTION_BASIC,UNADJUDICATED,SOLUTION_CANDIDATE,SOLUTION_VISUAL_PRESENT,,assets/images/25_팔마고_2학기_기말_고1_기출/q23-solution.svg,ABSENT,,ABSENT,PRESENT,,e0a7ad96de6cc029cedbe654e669a231e4f3ec02b78deeebb1a88712f8bfdc24
h1:original/high/h1/2final/25_팔마고_2학기_기말_고1_기출.js_3,original/high/h1/2final/25_팔마고_2학기_기말_고1_기출.js,H22-C2-07,H22-C2-07-FUNCTION_INVERSE,UNADJUDICATED,PROBLEM_PRESENT_REVIEW,PRIORITY_1_GRAPH_GAP_CANDIDATE,assets/images/25_팔마고_2학기_기말_고1_기출/q03.png,,PRESENT,,PRESENT,ABSENT,776aa74a7f9ef5615644e0a1190a2f88bcff2d29195bdb3f4d6e5b69eda415ea,
h1:original/high/h1/2final/25_팔마고_2학기_기말_고1_기출.js_4,original/high/h1/2final/25_팔마고_2학기_기말_고1_기출.js,H22-C2-08,H22-C2-08-FUNCTION_BASIC,UNADJUDICATED,SOLUTION_CANDIDATE,SOLUTION_VISUAL_PRESENT,,assets/images/25_팔마고_2학기_기말_고1_기출/q04-solution.svg,ABSENT,,ABSENT,PRESENT,,d23ff499b1f293e016fb1674b4970cd5b7f87c29a0ccb10a35b472fad5dad61e
h1:original/high/h1/2final/25_팔마고_2학기_기말_고1_기출.js_5,original/high/h1/2final/25_팔마고_2학기_기말_고1_기출.js,H22-C2-09,H22-C2-09-FUNCTION_BASIC,UNADJUDICATED,PROBLEM_PRESENT_REVIEW,PRIORITY_1_GRAPH_GAP_CANDIDATE,assets/images/25_팔마고_2학기_기말_고1_기출/q05.png,,PRESENT,,PRESENT,ABSENT,ada8eeaf649f604be115d0414dcad3064e6e6c9a2f5404ea9591f503c7b067a3,
h1:original/high/h1/2final/25_팔마고_2학기_기말_고1_기출.js_6,original/high/h1/2final/25_팔마고_2학기_기말_고1_기출.js,H22-C2-08,H22-C2-08-FUNCTION_BASIC,UNADJUDICATED,SOLUTION_CANDIDATE,SOLUTION_VISUAL_PRESENT,,assets/images/25_팔마고_2학기_기말_고1_기출/q06-solution.svg,ABSENT,,ABSENT,PRESENT,,0302838b5f54719143190edb25b95785f8aaae3f0359917cbca912f68fb44703
h1:original/high/h1/2final/25_팔마고_2학기_기말_고1_기출.js_7,original/high/h1/2final/25_팔마고_2학기_기말_고1_기출.js,H22-C2-08,H22-C2-08-FUNCTION_BASIC,UNADJUDICATED,SOLUTION_CANDIDATE,TRIAGE_NO_GRAPH_SIGNAL,,,ABSENT,,ABSENT,ABSENT,,
h1:original/high/h1/2final/25_팔마고_2학기_기말_고1_기출.js_8,original/high/h1/2final/25_팔마고_2학기_기말_고1_기출.js,H22-C2-07,H22-C2-07-FUNCTION_COMPOSITION,UNADJUDICATED,SOLUTION_CANDIDATE,TRIAGE_NO_GRAPH_SIGNAL,,,ABSENT,,ABSENT,ABSENT,,
h1:original/high/h1/2final/25_팔마고_2학기_기말_고1_기출.js_9,original/high/h1/2final/25_팔마고_2학기_기말_고1_기출.js,H22-C2-07,H22-C2-07-FUNCTION_BASIC,UNADJUDICATED,SOLUTION_CANDIDATE,TRIAGE_NO_GRAPH_SIGNAL,,,ABSENT,,ABSENT,ABSENT,,
h1:original/high/h1/2final/25_효천고_2학기_기말_고1_기출.js_10,original/high/h1/2final/25_효천고_2학기_기말_고1_기출.js,H22-C2-07,H22-C2-07-FUNCTION_COMPOSITION,UNADJUDICATED,SOLUTION_CANDIDATE,TRIAGE_NO_GRAPH_SIGNAL,,,ABSENT,,ABSENT,ABSENT,,
h1:original/high/h1/2final/25_효천고_2학기_기말_고1_기출.js_11,original/high/h1/2final/25_효천고_2학기_기말_고1_기출.js,H22-C2-09,H22-C2-09-FUNCTION_BASIC,UNADJUDICATED,SOLUTION_CANDIDATE,SOLUTION_VISUAL_PRESENT,,assets/images/25_효천고_2학기_기말_고1_기출/q11-solution.svg,ABSENT,,ABSENT,PRESENT,,5997f18352d75350236123b356d14cd79b9a24557c54abfe54d6e03fbd680afd
h1:original/high/h1/2final/25_효천고_2학기_기말_고1_기출.js_12,original/high/h1/2final/25_효천고_2학기_기말_고1_기출.js,H22-C2-08,H22-C2-08-FUNCTION_BASIC,UNADJUDICATED,SOLUTION_CANDIDATE,SOLUTION_VISUAL_PRESENT,,assets/images/25_효천고_2학기_기말_고1_기출/q12-solution.svg,ABSENT,,ABSENT,PRESENT,,f75075d7e3f85b65646c9395d6c1c6557d0a6568786e461f30388824f3616a18
h1:original/high/h1/2final/25_효천고_2학기_기말_고1_기출.js_13,original/high/h1/2final/25_효천고_2학기_기말_고1_기출.js,H22-C2-09,H22-C2-09-FUNCTION_BASIC,UNADJUDICATED,PROBLEM_PRESENT_REVIEW,PRIORITY_1_GRAPH_GAP_CANDIDATE,assets/images/25_효천고_2학기_기말_고1_기출/q13.png,,PRESENT,,PRESENT,ABSENT,e5be55fa4a0090305be349f68232215951f449962cf6a86475bf84adfee9d67c,
h1:original/high/h1/2final/25_효천고_2학기_기말_고1_기출.js_15,original/high/h1/2final/25_효천고_2학기_기말_고1_기출.js,H22-C2-07,H22-C2-07-FUNCTION_BASIC,UNADJUDICATED,SOLUTION_CANDIDATE,TRIAGE_NO_GRAPH_SIGNAL,,,ABSENT,,ABSENT,ABSENT,,
h1:original/high/h1/2final/25_효천고_2학기_기말_고1_기출.js_16,original/high/h1/2final/25_효천고_2학기_기말_고1_기출.js,H22-C2-07,H22-C2-07-FUNCTION_BASIC,UNADJUDICATED,SOLUTION_CANDIDATE,TRIAGE_NO_GRAPH_SIGNAL,,,ABSENT,,ABSENT,ABSENT,,
h1:original/high/h1/2final/25_효천고_2학기_기말_고1_기출.js_17,original/high/h1/2final/25_효천고_2학기_기말_고1_기출.js,H22-C2-07,H22-C2-07-FUNCTION_BASIC,UNADJUDICATED,PROBLEM_PRESENT_REVIEW,PRIORITY_1_GRAPH_GAP_CANDIDATE,assets/images/25_효천고_2학기_기말_고1_기출/q17.png,,PRESENT,,PRESENT,ABSENT,45b0b1e6290949160d9de670ab039ae786348c02d9c06b0f5f1a7807a556c0e3,
h1:original/high/h1/2final/25_효천고_2학기_기말_고1_기출.js_18,original/high/h1/2final/25_효천고_2학기_기말_고1_기출.js,H22-C2-08,H22-C2-08-FUNCTION_BASIC,UNADJUDICATED,SOLUTION_CANDIDATE,SOLUTION_VISUAL_PRESENT,,assets/images/25_효천고_2학기_기말_고1_기출/q18-solution.svg,ABSENT,,ABSENT,PRESENT,,27f813c2b339c4422ae9cf5e3837d34206412c31e49e65b8248a54fdc57eb3d8
h1:original/high/h1/2final/25_효천고_2학기_기말_고1_기출.js_19,original/high/h1/2final/25_효천고_2학기_기말_고1_기출.js,H22-C2-07,H22-C2-07-FUNCTION_COMPOSITION,UNADJUDICATED,SOLUTION_CANDIDATE,TRIAGE_NO_GRAPH_SIGNAL,,,ABSENT,,ABSENT,ABSENT,,
h1:original/high/h1/2final/25_효천고_2학기_기말_고1_기출.js_2,original/high/h1/2final/25_효천고_2학기_기말_고1_기출.js,H22-C2-07,H22-C2-07-FUNCTION_BASIC,UNADJUDICATED,SOLUTION_CANDIDATE,TRIAGE_NO_GRAPH_SIGNAL,,,ABSENT,,ABSENT,ABSENT,,
h1:original/high/h1/2final/25_효천고_2학기_기말_고1_기출.js_20,original/high/h1/2final/25_효천고_2학기_기말_고1_기출.js,H22-C2-07,H22-C2-07-FUNCTION_COMPOSITION,UNADJUDICATED,SOLUTION_CANDIDATE,TRIAGE_NO_GRAPH_SIGNAL,,,ABSENT,,ABSENT,ABSENT,,
h1:original/high/h1/2final/25_효천고_2학기_기말_고1_기출.js_22,original/high/h1/2final/25_효천고_2학기_기말_고1_기출.js,H22-C2-08,H22-C2-08-FUNCTION_BASIC,UNADJUDICATED,SOLUTION_CANDIDATE,SOLUTION_VISUAL_PRESENT,,assets/images/25_효천고_2학기_기말_고1_기출/q22-solution.svg,ABSENT,,ABSENT,PRESENT,,aa6bbe4676336cfcb5e684b1f298e1cc5eea44bc66ba81ed2a867f7a28ee9fe1
h1:original/high/h1/2final/25_효천고_2학기_기말_고1_기출.js_23,original/high/h1/2final/25_효천고_2학기_기말_고1_기출.js,H22-C2-07,H22-C2-07-FUNCTION_BASIC,UNADJUDICATED,SOLUTION_CANDIDATE,TRIAGE_NO_GRAPH_SIGNAL,,,ABSENT,,ABSENT,ABSENT,,
h1:original/high/h1/2final/25_효천고_2학기_기말_고1_기출.js_3,original/high/h1/2final/25_효천고_2학기_기말_고1_기출.js,H22-C2-07,H22-C2-07-FUNCTION_COMPOSITION,UNADJUDICATED,SOLUTION_CANDIDATE,TRIAGE_NO_GRAPH_SIGNAL,,,ABSENT,,ABSENT,ABSENT,,
h1:original/high/h1/2final/25_효천고_2학기_기말_고1_기출.js_4,original/high/h1/2final/25_효천고_2학기_기말_고1_기출.js,H22-C2-07,H22-C2-07-FUNCTION_INVERSE,UNADJUDICATED,SOLUTION_CANDIDATE,PRIORITY_2_GRAPH_SUBUNIT_CANDIDATE,,,ABSENT,,ABSENT,ABSENT,,
h1:original/high/h1/2final/25_효천고_2학기_기말_고1_기출.js_5,original/high/h1/2final/25_효천고_2학기_기말_고1_기출.js,H22-C2-08,H22-C2-08-FUNCTION_BASIC,UNADJUDICATED,SOLUTION_CANDIDATE,TRIAGE_NO_GRAPH_SIGNAL,,,ABSENT,,ABSENT,ABSENT,,
h1:original/high/h1/2final/25_효천고_2학기_기말_고1_기출.js_8,original/high/h1/2final/25_효천고_2학기_기말_고1_기출.js,H22-C2-09,H22-C2-09-FUNCTION_BASIC,UNADJUDICATED,SOLUTION_CANDIDATE,SOLUTION_VISUAL_PRESENT,,assets/images/25_효천고_2학기_기말_고1_기출/q08-solution.svg,ABSENT,,ABSENT,PRESENT,,f2c3c09a5b5b3f24acbf00e6a162b02f13b428800538069b82129da22860ec2e
h1:original/high/h1/2final/25_효천고_2학기_기말_고1_기출.js_9,original/high/h1/2final/25_효천고_2학기_기말_고1_기출.js,H22-C2-07,H22-C2-07-FUNCTION_BASIC,UNADJUDICATED,SOLUTION_CANDIDATE,TRIAGE_NO_GRAPH_SIGNAL,,,ABSENT,,ABSENT,ABSENT,,
h1:original/high/h1/2mid/21_강남여고_2학기_중간_고1_기출.js_12,original/high/h1/2mid/21_강남여고_2학기_중간_고1_기출.js,H15-SB-03,H15-SB-03-FUNCTION_RELATION,UNADJUDICATED,SOLUTION_CANDIDATE,TRIAGE_NO_GRAPH_SIGNAL,,,ABSENT,,ABSENT,ABSENT,,
h1:original/high/h1/2mid/21_강남여고_2학기_중간_고1_기출.js_16,original/high/h1/2mid/21_강남여고_2학기_중간_고1_기출.js,H15-SB-03,H15-SB-03-COMPOSITE_FUNCTION,UNADJUDICATED,SOLUTION_CANDIDATE,PRIORITY_2_GRAPH_SUBUNIT_CANDIDATE,,,ABSENT,,ABSENT,ABSENT,,
h1:original/high/h1/2mid/21_강남여고_2학기_중간_고1_기출.js_19,original/high/h1/2mid/21_강남여고_2학기_중간_고1_기출.js,H15-SB-03,H15-SB-03-COMPOSITE_FUNCTION,UNADJUDICATED,PROBLEM_PRESENT_REVIEW,PRIORITY_1_GRAPH_GAP_CANDIDATE,assets/images/21_강남여고_2학기_중간_고1_기출/q19.png,,PRESENT,,PRESENT,ABSENT,ef1086a55d17e955ea150f8941a7f318b9b5acba2ca332a40bb4207dc1304859,
h1:original/high/h1/2mid/21_강남여고_2학기_중간_고1_기출.js_20,original/high/h1/2mid/21_강남여고_2학기_중간_고1_기출.js,H15-SB-03,H15-SB-03-INVERSE_FUNCTION,UNADJUDICATED,SOLUTION_CANDIDATE,TRIAGE_NO_GRAPH_SIGNAL,,,ABSENT,,ABSENT,ABSENT,,
h1:original/high/h1/2mid/21_강남여고_2학기_중간_고1_기출.js_21,original/high/h1/2mid/21_강남여고_2학기_중간_고1_기출.js,H15-SB-03,H15-SB-03-FUNCTION_RELATION,UNADJUDICATED,PROBLEM_PRESENT_REVIEW,PRIORITY_1_GRAPH_GAP_CANDIDATE,assets/images/21_강남여고_2학기_중간_고1_기출/q21.png,,PRESENT,,PRESENT,ABSENT,933de07cae5bf7c0c1568267c4b7760fa0b88532791e8888119b9271ee6d480c,
h1:original/high/h1/2mid/21_강남여고_2학기_중간_고1_기출.js_22,original/high/h1/2mid/21_강남여고_2학기_중간_고1_기출.js,H15-SB-03,H15-SB-03-COMPOSITE_FUNCTION,UNADJUDICATED,PROBLEM_PRESENT_REVIEW,PRIORITY_1_GRAPH_GAP_CANDIDATE,assets/images/21_강남여고_2학기_중간_고1_기출/q22.png,,PRESENT,,PRESENT,ABSENT,066cf49fb987e9eb8a3659632f250c7bf8f5282f1ec2556dbdd420ad4126c047,
h1:original/high/h1/2mid/21_강남여고_2학기_중간_고1_기출.js_25,original/high/h1/2mid/21_강남여고_2학기_중간_고1_기출.js,H15-SB-03,H15-SB-03-COMPOSITE_FUNCTION,UNADJUDICATED,SOLUTION_CANDIDATE,PRIORITY_2_GRAPH_SUBUNIT_CANDIDATE,,,ABSENT,,ABSENT,ABSENT,,
h1:original/high/h1/2mid/21_강남여고_2학기_중간_고1_기출.js_26,original/high/h1/2mid/21_강남여고_2학기_중간_고1_기출.js,H15-SB-03,H15-SB-03-COMPOSITE_FUNCTION,UNADJUDICATED,SOLUTION_CANDIDATE,PRIORITY_2_GRAPH_SUBUNIT_CANDIDATE,,,ABSENT,,ABSENT,ABSENT,,
h1:original/high/h1/2mid/21_강남여고_2학기_중간_고1_기출.js_3,original/high/h1/2mid/21_강남여고_2학기_중간_고1_기출.js,H15-SB-03,H15-SB-03-FUNCTION_RELATION,UNADJUDICATED,SOLUTION_CANDIDATE,TRIAGE_NO_GRAPH_SIGNAL,,,ABSENT,,ABSENT,ABSENT,,
h1:original/high/h1/2mid/21_강남여고_2학기_중간_고1_기출.js_4,original/high/h1/2mid/21_강남여고_2학기_중간_고1_기출.js,H15-SB-03,H15-SB-03-INVERSE_FUNCTION,UNADJUDICATED,SOLUTION_CANDIDATE,TRIAGE_NO_GRAPH_SIGNAL,,,ABSENT,,ABSENT,ABSENT,,
h1:original/high/h1/2mid/21_강남여고_2학기_중간_고1_기출.js_8,original/high/h1/2mid/21_강남여고_2학기_중간_고1_기출.js,H15-SB-03,H15-SB-03-COMPOSITE_FUNCTION,UNADJUDICATED,SOLUTION_CANDIDATE,PRIORITY_2_GRAPH_SUBUNIT_CANDIDATE,,,ABSENT,,ABSENT,ABSENT,,
h1:original/high/h1/2mid/21_금당고_2학기_중간_고1_기출.js_13,original/high/h1/2mid/21_금당고_2학기_중간_고1_기출.js,H15-SB-03,H15-SB-03-FUNCTION_RELATION,UNADJUDICATED,SOLUTION_CANDIDATE,TRIAGE_NO_GRAPH_SIGNAL,,,ABSENT,,ABSENT,ABSENT,,
h1:original/high/h1/2mid/21_금당고_2학기_중간_고1_기출.js_14,original/high/h1/2mid/21_금당고_2학기_중간_고1_기출.js,H15-SB-03,H15-SB-03-COMPOSITE_FUNCTION,UNADJUDICATED,PROBLEM_PRESENT_REVIEW,PRIORITY_1_GRAPH_GAP_CANDIDATE,assets/images/21_금당고_2학기_중간_고1_기출/q14.png,,PRESENT,,PRESENT,ABSENT,3e2e8fd6bab7d72148c090c2707f93733a3d343c19492ebaee2e904d18bb3faf,
h1:original/high/h1/2mid/21_금당고_2학기_중간_고1_기출.js_16,original/high/h1/2mid/21_금당고_2학기_중간_고1_기출.js,H15-SB-03,H15-SB-03-FUNCTION_RELATION,UNADJUDICATED,SOLUTION_CANDIDATE,TRIAGE_NO_GRAPH_SIGNAL,,,ABSENT,,ABSENT,ABSENT,,
h1:original/high/h1/2mid/21_금당고_2학기_중간_고1_기출.js_17,original/high/h1/2mid/21_금당고_2학기_중간_고1_기출.js,H15-SB-03,H15-SB-03-COMPOSITE_FUNCTION,UNADJUDICATED,PROBLEM_PRESENT_REVIEW,PRIORITY_2_GRAPH_SUBUNIT_CANDIDATE,assets/images/21_금당고_2학기_중간_고1_기출/q17.png,,PRESENT,,PRESENT,ABSENT,3f2ef6e56a7a1ab715a5d51a5fbe5fcd5540337c63d2bbd566f698f52a217f88,
h1:original/high/h1/2mid/21_금당고_2학기_중간_고1_기출.js_20,original/high/h1/2mid/21_금당고_2학기_중간_고1_기출.js,H15-SB-03,H15-SB-03-FUNCTION_RELATION,UNADJUDICATED,SOLUTION_CANDIDATE,TRIAGE_NO_GRAPH_SIGNAL,,,ABSENT,,ABSENT,ABSENT,,
h1:original/high/h1/2mid/21_금당고_2학기_중간_고1_기출.js_22,original/high/h1/2mid/21_금당고_2학기_중간_고1_기출.js,H15-SB-03,H15-SB-03-COMPOSITE_FUNCTION,UNADJUDICATED,SOLUTION_CANDIDATE,PRIORITY_1_EXPLICIT_GRAPH_CANDIDATE,,,ABSENT,,ABSENT,ABSENT,,
h1:original/high/h1/2mid/21_금당고_2학기_중간_고1_기출.js_6,original/high/h1/2mid/21_금당고_2학기_중간_고1_기출.js,H15-SB-03,H15-SB-03-FUNCTION_RELATION,UNADJUDICATED,SOLUTION_CANDIDATE,TRIAGE_NO_GRAPH_SIGNAL,,,ABSENT,,ABSENT,ABSENT,,
h1:original/high/h1/2mid/21_금당고_2학기_중간_고1_기출.js_7,original/high/h1/2mid/21_금당고_2학기_중간_고1_기출.js,H15-SB-03,H15-SB-03-COMPOSITE_FUNCTION,UNADJUDICATED,SOLUTION_CANDIDATE,PRIORITY_2_GRAPH_SUBUNIT_CANDIDATE,,,ABSENT,,ABSENT,ABSENT,,
h1:original/high/h1/2mid/21_매산고_2학기_중간_고1_기출.js_10,original/high/h1/2mid/21_매산고_2학기_중간_고1_기출.js,H15-SB-03,H15-SB-03-FUNCTION_RELATION,UNADJUDICATED,SOLUTION_CANDIDATE,TRIAGE_NO_GRAPH_SIGNAL,,,ABSENT,,ABSENT,ABSENT,,
h1:original/high/h1/2mid/21_매산고_2학기_중간_고1_기출.js_11,original/high/h1/2mid/21_매산고_2학기_중간_고1_기출.js,H15-SB-03,H15-SB-03-COMPOSITE_FUNCTION,UNADJUDICATED,SOLUTION_CANDIDATE,PRIORITY_2_GRAPH_SUBUNIT_CANDIDATE,,,ABSENT,,ABSENT,ABSENT,,
h1:original/high/h1/2mid/21_매산고_2학기_중간_고1_기출.js_12,original/high/h1/2mid/21_매산고_2학기_중간_고1_기출.js,H15-SB-03,H15-SB-03-COMPOSITE_FUNCTION,UNADJUDICATED,PROBLEM_PRESENT_REVIEW,PRIORITY_1_GRAPH_GAP_CANDIDATE,assets/images/21_매산고_2학기_중간_고1_기출/q12.png,,PRESENT,,PRESENT,ABSENT,1a6b6e30d0c99d5c7f551a11b011ac4cb2a4021d3f678b357d3bb0d92fbf3366,
h1:original/high/h1/2mid/21_매산고_2학기_중간_고1_기출.js_13,original/high/h1/2mid/21_매산고_2학기_중간_고1_기출.js,H15-SB-03,H15-SB-03-COMPOSITE_FUNCTION,UNADJUDICATED,SOLUTION_CANDIDATE,PRIORITY_2_GRAPH_RELATION_CANDIDATE,,,ABSENT,,ABSENT,ABSENT,,
h1:original/high/h1/2mid/21_매산고_2학기_중간_고1_기출.js_15,original/high/h1/2mid/21_매산고_2학기_중간_고1_기출.js,H15-SB-03,H15-SB-03-COMPOSITE_FUNCTION,UNADJUDICATED,SOLUTION_CANDIDATE,PRIORITY_2_GRAPH_SUBUNIT_CANDIDATE,,,ABSENT,,ABSENT,ABSENT,,
h1:original/high/h1/2mid/21_매산고_2학기_중간_고1_기출.js_17,original/high/h1/2mid/21_매산고_2학기_중간_고1_기출.js,H15-SB-03,H15-SB-03-COMPOSITE_FUNCTION,UNADJUDICATED,SOLUTION_CANDIDATE,PRIORITY_1_EXPLICIT_GRAPH_CANDIDATE,,,ABSENT,,ABSENT,ABSENT,,
h1:original/high/h1/2mid/21_매산고_2학기_중간_고1_기출.js_18,original/high/h1/2mid/21_매산고_2학기_중간_고1_기출.js,H15-SB-03,H15-SB-03-COMPOSITE_FUNCTION,UNADJUDICATED,SOLUTION_CANDIDATE,PRIORITY_2_GRAPH_SUBUNIT_CANDIDATE,,,ABSENT,,ABSENT,ABSENT,,
h1:original/high/h1/2mid/21_매산고_2학기_중간_고1_기출.js_20,original/high/h1/2mid/21_매산고_2학기_중간_고1_기출.js,H15-SB-03,H15-SB-03-FUNCTION_RELATION,UNADJUDICATED,SOLUTION_CANDIDATE,TRIAGE_NO_GRAPH_SIGNAL,,,ABSENT,,ABSENT,ABSENT,,
h1:original/high/h1/2mid/21_매산고_2학기_중간_고1_기출.js_5,original/high/h1/2mid/21_매산고_2학기_중간_고1_기출.js,H15-SB-03,H15-SB-03-INVERSE_FUNCTION,UNADJUDICATED,SOLUTION_CANDIDATE,TRIAGE_NO_GRAPH_SIGNAL,,,ABSENT,,ABSENT,ABSENT,,
h1:original/high/h1/2mid/21_순천고_2학기_중간_고1_기출.js_15,original/high/h1/2mid/21_순천고_2학기_중간_고1_기출.js,H15-SB-03,H15-SB-03-FUNCTION_RELATION,UNADJUDICATED,SOLUTION_CANDIDATE,TRIAGE_NO_GRAPH_SIGNAL,,,ABSENT,,ABSENT,ABSENT,,
h1:original/high/h1/2mid/21_순천고_2학기_중간_고1_기출.js_16,original/high/h1/2mid/21_순천고_2학기_중간_고1_기출.js,H15-SB-03,H15-SB-03-INVERSE_FUNCTION,UNADJUDICATED,SOLUTION_CANDIDATE,PRIORITY_1_EXPLICIT_GRAPH_CANDIDATE,,,ABSENT,,ABSENT,ABSENT,,
h1:original/high/h1/2mid/21_순천고_2학기_중간_고1_기출.js_17,original/high/h1/2mid/21_순천고_2학기_중간_고1_기출.js,H15-SB-03,H15-SB-03-COMPOSITE_FUNCTION,UNADJUDICATED,SOLUTION_CANDIDATE,PRIORITY_2_GRAPH_SUBUNIT_CANDIDATE,,,ABSENT,,ABSENT,ABSENT,,
h1:original/high/h1/2mid/21_순천고_2학기_중간_고1_기출.js_18,original/high/h1/2mid/21_순천고_2학기_중간_고1_기출.js,H15-SB-03,H15-SB-03-COMPOSITE_FUNCTION,UNADJUDICATED,SOLUTION_CANDIDATE,PRIORITY_2_GRAPH_SUBUNIT_CANDIDATE,,,ABSENT,,ABSENT,ABSENT,,
h1:original/high/h1/2mid/21_순천고_2학기_중간_고1_기출.js_22,original/high/h1/2mid/21_순천고_2학기_중간_고1_기출.js,H15-SB-03,H15-SB-03-FUNCTION_RELATION,UNADJUDICATED,SOLUTION_CANDIDATE,TRIAGE_NO_GRAPH_SIGNAL,,,ABSENT,,ABSENT,ABSENT,,
h1:original/high/h1/2mid/21_순천고_2학기_중간_고1_기출.js_6,original/high/h1/2mid/21_순천고_2학기_중간_고1_기출.js,H15-SB-03,H15-SB-03-FUNCTION_RELATION,UNADJUDICATED,SOLUTION_CANDIDATE,TRIAGE_NO_GRAPH_SIGNAL,,,ABSENT,,ABSENT,ABSENT,,
h1:original/high/h1/2mid/21_순천고_2학기_중간_고1_기출.js_7,original/high/h1/2mid/21_순천고_2학기_중간_고1_기출.js,H15-SB-03,H15-SB-03-COMPOSITE_FUNCTION,UNADJUDICATED,SOLUTION_CANDIDATE,PRIORITY_2_GRAPH_SUBUNIT_CANDIDATE,,,ABSENT,,ABSENT,ABSENT,,
h1:original/high/h1/2mid/21_제일고_2학기_중간_고1_기출.js_13,original/high/h1/2mid/21_제일고_2학기_중간_고1_기출.js,H15-SB-03,H15-SB-03-INVERSE_FUNCTION,UNADJUDICATED,SOLUTION_CANDIDATE,TRIAGE_NO_GRAPH_SIGNAL,,,ABSENT,,ABSENT,ABSENT,,
h1:original/high/h1/2mid/21_제일고_2학기_중간_고1_기출.js_15,original/high/h1/2mid/21_제일고_2학기_중간_고1_기출.js,H15-SB-03,H15-SB-03-FUNCTION_RELATION,UNADJUDICATED,SOLUTION_CANDIDATE,TRIAGE_NO_GRAPH_SIGNAL,,,ABSENT,,ABSENT,ABSENT,,
h1:original/high/h1/2mid/21_제일고_2학기_중간_고1_기출.js_16,original/high/h1/2mid/21_제일고_2학기_중간_고1_기출.js,H15-SB-03,H15-SB-03-FUNCTION_RELATION,UNADJUDICATED,SOLUTION_CANDIDATE,TRIAGE_NO_GRAPH_SIGNAL,,,ABSENT,,ABSENT,ABSENT,,
h1:original/high/h1/2mid/21_제일고_2학기_중간_고1_기출.js_17,original/high/h1/2mid/21_제일고_2학기_중간_고1_기출.js,H15-SB-03,H15-SB-03-COMPOSITE_FUNCTION,UNADJUDICATED,PROBLEM_PRESENT_REVIEW,PRIORITY_1_GRAPH_GAP_CANDIDATE,assets/images/21_제일고_2학기_중간_고1_기출/q17.png,,PRESENT,,PRESENT,ABSENT,0438bb215ad192078b491646cd4ba8b77b26c3e181204ba63e3e9da5d98c8971,
h1:original/high/h1/2mid/21_제일고_2학기_중간_고1_기출.js_22,original/high/h1/2mid/21_제일고_2학기_중간_고1_기출.js,H15-SB-03,H15-SB-03-COMPOSITE_FUNCTION,UNADJUDICATED,SOLUTION_CANDIDATE,PRIORITY_2_GRAPH_SUBUNIT_CANDIDATE,,,ABSENT,,ABSENT,ABSENT,,
h1:original/high/h1/2mid/21_제일고_2학기_중간_고1_기출.js_3,original/high/h1/2mid/21_제일고_2학기_중간_고1_기출.js,H15-SB-03,H15-SB-03-FUNCTION_RELATION,UNADJUDICATED,SOLUTION_CANDIDATE,TRIAGE_NO_GRAPH_SIGNAL,,,ABSENT,,ABSENT,ABSENT,,
h1:original/high/h1/2mid/21_팔마고_2학기_중간_고1_기출.js_13,original/high/h1/2mid/21_팔마고_2학기_중간_고1_기출.js,H15-SB-03,H15-SB-03-COMPOSITE_FUNCTION,UNADJUDICATED,PROBLEM_PRESENT_REVIEW,PRIORITY_1_GRAPH_GAP_CANDIDATE,assets/images/21_팔마고_2학기_중간_고1_기출/q13.png,,PRESENT,,PRESENT,ABSENT,0ec7303dcf81a0a281af3b9017d92348055865c4bf495d4d01222f7d671c8821,
h1:original/high/h1/2mid/21_팔마고_2학기_중간_고1_기출.js_17,original/high/h1/2mid/21_팔마고_2학기_중간_고1_기출.js,H15-SB-03,H15-SB-03-FUNCTION_RELATION,UNADJUDICATED,SOLUTION_CANDIDATE,TRIAGE_NO_GRAPH_SIGNAL,,,ABSENT,,ABSENT,ABSENT,,
h1:original/high/h1/2mid/21_팔마고_2학기_중간_고1_기출.js_18,original/high/h1/2mid/21_팔마고_2학기_중간_고1_기출.js,H15-SB-03,H15-SB-03-INVERSE_FUNCTION,UNADJUDICATED,SOLUTION_CANDIDATE,PRIORITY_1_EXPLICIT_GRAPH_CANDIDATE,,,ABSENT,,ABSENT,ABSENT,,
h1:original/high/h1/2mid/21_팔마고_2학기_중간_고1_기출.js_21,original/high/h1/2mid/21_팔마고_2학기_중간_고1_기출.js,H15-SB-03,H15-SB-03-COMPOSITE_FUNCTION,UNADJUDICATED,PROBLEM_PRESENT_REVIEW,PRIORITY_1_GRAPH_GAP_CANDIDATE,assets/images/21_팔마고_2학기_중간_고1_기출/q21.png,,PRESENT,,PRESENT,ABSENT,ce85a8bcb23c74be3a3533cb343d9fd290883a4ecaf4340bd0a68eff52420a25,
h1:original/high/h1/2mid/21_팔마고_2학기_중간_고1_기출.js_7,original/high/h1/2mid/21_팔마고_2학기_중간_고1_기출.js,H15-SB-03,H15-SB-03-FUNCTION_RELATION,UNADJUDICATED,PROBLEM_PRESENT_REVIEW,PRIORITY_1_GRAPH_GAP_CANDIDATE,assets/images/21_팔마고_2학기_중간_고1_기출/q07.png,,PRESENT,,PRESENT,ABSENT,8c6a18d9911d7d824b8468a3d41e045e208e76a7ba3f50bce95d6783e13af550,
h1:original/high/h1/2mid/21_팔마고_2학기_중간_고1_기출.js_8,original/high/h1/2mid/21_팔마고_2학기_중간_고1_기출.js,H15-SB-03,H15-SB-03-COMPOSITE_FUNCTION,UNADJUDICATED,SOLUTION_CANDIDATE,PRIORITY_2_GRAPH_SUBUNIT_CANDIDATE,,,ABSENT,,ABSENT,ABSENT,,
h1:original/high/h1/2mid/21_팔마고_2학기_중간_고1_기출.js_9,original/high/h1/2mid/21_팔마고_2학기_중간_고1_기출.js,H15-SB-03,H15-SB-03-FUNCTION_RELATION,UNADJUDICATED,SOLUTION_CANDIDATE,TRIAGE_NO_GRAPH_SIGNAL,,,ABSENT,,ABSENT,ABSENT,,
h1:original/high/h1/2mid/21_효천고_2학기_중간_고1_기출.js_1,original/high/h1/2mid/21_효천고_2학기_중간_고1_기출.js,H15-SB-03,H15-SB-03-FUNCTION_RELATION,UNADJUDICATED,PROBLEM_PRESENT_REVIEW,PRIORITY_1_GRAPH_GAP_CANDIDATE,assets/images/21_효천고_2학기_중간_고1_기출/q01.png,,PRESENT,,PRESENT,ABSENT,0b1da6ff0fc7724a92bb890ae3aed2f24305b9e0be58ccbdb78ed4fbeb9187b9,
h1:original/high/h1/2mid/21_효천고_2학기_중간_고1_기출.js_10,original/high/h1/2mid/21_효천고_2학기_중간_고1_기출.js,H15-SB-03,H15-SB-03-FUNCTION_RELATION,UNADJUDICATED,SOLUTION_CANDIDATE,TRIAGE_NO_GRAPH_SIGNAL,,,ABSENT,,ABSENT,ABSENT,,
h1:original/high/h1/2mid/21_효천고_2학기_중간_고1_기출.js_15,original/high/h1/2mid/21_효천고_2학기_중간_고1_기출.js,H15-SB-03,H15-SB-03-INVERSE_FUNCTION,UNADJUDICATED,SOLUTION_CANDIDATE,TRIAGE_NO_GRAPH_SIGNAL,,,ABSENT,,ABSENT,ABSENT,,
h1:original/high/h1/2mid/21_효천고_2학기_중간_고1_기출.js_18,original/high/h1/2mid/21_효천고_2학기_중간_고1_기출.js,H15-SB-03,H15-SB-03-COMPOSITE_FUNCTION,UNADJUDICATED,SOLUTION_CANDIDATE,PRIORITY_2_GRAPH_SUBUNIT_CANDIDATE,,,ABSENT,,ABSENT,ABSENT,,
h1:original/high/h1/2mid/21_효천고_2학기_중간_고1_기출.js_21,original/high/h1/2mid/21_효천고_2학기_중간_고1_기출.js,H15-SB-03,H15-SB-03-INVERSE_FUNCTION,UNADJUDICATED,SOLUTION_CANDIDATE,TRIAGE_NO_GRAPH_SIGNAL,,,ABSENT,,ABSENT,ABSENT,,
h1:original/high/h1/2mid/21_효천고_2학기_중간_고1_기출.js_7,original/high/h1/2mid/21_효천고_2학기_중간_고1_기출.js,H15-SB-03,H15-SB-03-COMPOSITE_FUNCTION,UNADJUDICATED,SOLUTION_CANDIDATE,PRIORITY_2_GRAPH_SUBUNIT_CANDIDATE,,,ABSENT,,ABSENT,ABSENT,,
h1:original/high/h1/2mid/21_효천고_2학기_중간_고1_기출.js_9,original/high/h1/2mid/21_효천고_2학기_중간_고1_기출.js,H15-SB-03,H15-SB-03-FUNCTION_RELATION,UNADJUDICATED,SOLUTION_CANDIDATE,TRIAGE_NO_GRAPH_SIGNAL,,,ABSENT,,ABSENT,ABSENT,,
h1:original/high/h1/2mid/22_강남여고_2학기_중간_고1_기출.js_12,original/high/h1/2mid/22_강남여고_2학기_중간_고1_기출.js,H15-SB-03,H15-SB-03-COMPOSITE_FUNCTION,UNADJUDICATED,SOLUTION_CANDIDATE,PRIORITY_2_GRAPH_RELATION_CANDIDATE,,,ABSENT,,ABSENT,ABSENT,,
h1:original/high/h1/2mid/22_강남여고_2학기_중간_고1_기출.js_17,original/high/h1/2mid/22_강남여고_2학기_중간_고1_기출.js,H15-SB-03,H15-SB-03-INVERSE_FUNCTION,UNADJUDICATED,SOLUTION_CANDIDATE,TRIAGE_NO_GRAPH_SIGNAL,,,ABSENT,,ABSENT,ABSENT,,
h1:original/high/h1/2mid/22_강남여고_2학기_중간_고1_기출.js_19,original/high/h1/2mid/22_강남여고_2학기_중간_고1_기출.js,H15-SB-03,H15-SB-03-COMPOSITE_FUNCTION,UNADJUDICATED,PROBLEM_PRESENT_REVIEW,PRIORITY_1_GRAPH_GAP_CANDIDATE,assets/images/22_강남여고_2학기_중간_고1_기출/q19.png,,PRESENT,,PRESENT,ABSENT,6469c8e01899d7c8a8cb02a3464bf592f9a588f096a9ca4a6bfdba6f3f850b79,
h1:original/high/h1/2mid/22_강남여고_2학기_중간_고1_기출.js_20,original/high/h1/2mid/22_강남여고_2학기_중간_고1_기출.js,H15-SB-03,H15-SB-03-FUNCTION_RELATION,UNADJUDICATED,PROBLEM_PRESENT_REVIEW,PRIORITY_1_GRAPH_GAP_CANDIDATE,assets/images/22_강남여고_2학기_중간_고1_기출/q20.png,,PRESENT,,PRESENT,ABSENT,8c410f58e17c7d14160eaceba17c015b20a04562c23078df0dc4fcf47ccbb42c,
h1:original/high/h1/2mid/22_강남여고_2학기_중간_고1_기출.js_21,original/high/h1/2mid/22_강남여고_2학기_중간_고1_기출.js,H15-SB-03,H15-SB-03-COMPOSITE_FUNCTION,UNADJUDICATED,SOLUTION_CANDIDATE,PRIORITY_2_GRAPH_SUBUNIT_CANDIDATE,,,ABSENT,,ABSENT,ABSENT,,
h1:original/high/h1/2mid/22_강남여고_2학기_중간_고1_기출.js_24,original/high/h1/2mid/22_강남여고_2학기_중간_고1_기출.js,H15-SB-03,H15-SB-03-COMPOSITE_FUNCTION,UNADJUDICATED,SOLUTION_CANDIDATE,PRIORITY_2_GRAPH_SUBUNIT_CANDIDATE,,,ABSENT,,ABSENT,ABSENT,,
h1:original/high/h1/2mid/22_강남여고_2학기_중간_고1_기출.js_3,original/high/h1/2mid/22_강남여고_2학기_중간_고1_기출.js,H15-SB-03,H15-SB-03-FUNCTION_RELATION,UNADJUDICATED,SOLUTION_CANDIDATE,TRIAGE_NO_GRAPH_SIGNAL,,,ABSENT,,ABSENT,ABSENT,,
h1:original/high/h1/2mid/22_강남여고_2학기_중간_고1_기출.js_4,original/high/h1/2mid/22_강남여고_2학기_중간_고1_기출.js,H15-SB-03,H15-SB-03-INVERSE_FUNCTION,UNADJUDICATED,SOLUTION_CANDIDATE,TRIAGE_NO_GRAPH_SIGNAL,,,ABSENT,,ABSENT,ABSENT,,
h1:original/high/h1/2mid/22_금당고_2학기_중간_고1_기출.js_1,original/high/h1/2mid/22_금당고_2학기_중간_고1_기출.js,H15-SB-03,H15-SB-03-FUNCTION_RELATION,UNADJUDICATED,PROBLEM_PRESENT_REVIEW,TRIAGE_NO_GRAPH_SIGNAL,assets/images/22_금당고_2학기_중간_고1_기출/q01.png,,PRESENT,,PRESENT,ABSENT,b4bdb1ce4f4ec9f2afdf5176095fc60ce7e66d8769cbee5fe7b5ff57126431be,
h1:original/high/h1/2mid/22_금당고_2학기_중간_고1_기출.js_11,original/high/h1/2mid/22_금당고_2학기_중간_고1_기출.js,H15-SB-03,H15-SB-03-COMPOSITE_FUNCTION,UNADJUDICATED,SOLUTION_CANDIDATE,SOLUTION_VISUAL_PRESENT,,assets/images/22_금당고_2학기_중간_고1_기출/q11-solution.svg,ABSENT,,ABSENT,PRESENT,,ed6eed637b2acb5dc7f0bc0a874fca477a4aafdd26993b13b87873842981f5a7
h1:original/high/h1/2mid/22_금당고_2학기_중간_고1_기출.js_12,original/high/h1/2mid/22_금당고_2학기_중간_고1_기출.js,H15-SB-03,H15-SB-03-FUNCTION_RELATION,UNADJUDICATED,SOLUTION_CANDIDATE,TRIAGE_NO_GRAPH_SIGNAL,,,ABSENT,,ABSENT,ABSENT,,
h1:original/high/h1/2mid/22_금당고_2학기_중간_고1_기출.js_17,original/high/h1/2mid/22_금당고_2학기_중간_고1_기출.js,H15-SB-03,H15-SB-03-FUNCTION_RELATION,UNADJUDICATED,SOLUTION_CANDIDATE,TRIAGE_NO_GRAPH_SIGNAL,,,ABSENT,,ABSENT,ABSENT,,
h1:original/high/h1/2mid/22_금당고_2학기_중간_고1_기출.js_20,original/high/h1/2mid/22_금당고_2학기_중간_고1_기출.js,H15-SB-03,H15-SB-03-INVERSE_FUNCTION,UNADJUDICATED,SOLUTION_CANDIDATE,PRIORITY_1_EXPLICIT_GRAPH_CANDIDATE,,,ABSENT,,ABSENT,ABSENT,,
h1:original/high/h1/2mid/22_금당고_2학기_중간_고1_기출.js_21,original/high/h1/2mid/22_금당고_2학기_중간_고1_기출.js,H15-SB-03,H15-SB-03-FUNCTION_RELATION,UNADJUDICATED,SOLUTION_CANDIDATE,TRIAGE_NO_GRAPH_SIGNAL,,,ABSENT,,ABSENT,ABSENT,,
h1:original/high/h1/2mid/22_금당고_2학기_중간_고1_기출.js_6,original/high/h1/2mid/22_금당고_2학기_중간_고1_기출.js,H15-SB-03,H15-SB-03-INVERSE_FUNCTION,UNADJUDICATED,SOLUTION_CANDIDATE,TRIAGE_NO_GRAPH_SIGNAL,,,ABSENT,,ABSENT,ABSENT,,
h1:original/high/h1/2mid/22_금당고_2학기_중간_고1_기출.js_9,original/high/h1/2mid/22_금당고_2학기_중간_고1_기출.js,H15-SB-03,H15-SB-03-COMPOSITE_FUNCTION,UNADJUDICATED,SOLUTION_CANDIDATE,PRIORITY_2_GRAPH_SUBUNIT_CANDIDATE,,,ABSENT,,ABSENT,ABSENT,,
h1:original/high/h1/2mid/22_매산고_2학기_중간_고1_기출.js_10,original/high/h1/2mid/22_매산고_2학기_중간_고1_기출.js,H15-SB-03,H15-SB-03-INVERSE_FUNCTION,UNADJUDICATED,SOLUTION_CANDIDATE,TRIAGE_NO_GRAPH_SIGNAL,,,ABSENT,,ABSENT,ABSENT,,
h1:original/high/h1/2mid/22_매산고_2학기_중간_고1_기출.js_11,original/high/h1/2mid/22_매산고_2학기_중간_고1_기출.js,H15-SB-03,H15-SB-03-FUNCTION_RELATION,UNADJUDICATED,SOLUTION_CANDIDATE,TRIAGE_NO_GRAPH_SIGNAL,,,ABSENT,,ABSENT,ABSENT,,
h1:original/high/h1/2mid/22_매산고_2학기_중간_고1_기출.js_14,original/high/h1/2mid/22_매산고_2학기_중간_고1_기출.js,H15-SB-03,H15-SB-03-FUNCTION_RELATION,UNADJUDICATED,SOLUTION_CANDIDATE,PRIORITY_1_EXPLICIT_GRAPH_CANDIDATE,,,ABSENT,,ABSENT,ABSENT,,
h1:original/high/h1/2mid/22_매산고_2학기_중간_고1_기출.js_15,original/high/h1/2mid/22_매산고_2학기_중간_고1_기출.js,H15-SB-03,H15-SB-03-COMPOSITE_FUNCTION,UNADJUDICATED,SOLUTION_CANDIDATE,PRIORITY_1_EXPLICIT_GRAPH_CANDIDATE,,,ABSENT,,ABSENT,ABSENT,,
h1:original/high/h1/2mid/22_매산고_2학기_중간_고1_기출.js_16,original/high/h1/2mid/22_매산고_2학기_중간_고1_기출.js,H15-SB-03,H15-SB-03-INVERSE_FUNCTION,UNADJUDICATED,SOLUTION_CANDIDATE,PRIORITY_1_EXPLICIT_GRAPH_CANDIDATE,,,ABSENT,,ABSENT,ABSENT,,
h1:original/high/h1/2mid/22_매산고_2학기_중간_고1_기출.js_18,original/high/h1/2mid/22_매산고_2학기_중간_고1_기출.js,H15-SB-03,H15-SB-03-INVERSE_FUNCTION,UNADJUDICATED,SOLUTION_CANDIDATE,TRIAGE_NO_GRAPH_SIGNAL,,,ABSENT,,ABSENT,ABSENT,,
h1:original/high/h1/2mid/22_매산고_2학기_중간_고1_기출.js_2,original/high/h1/2mid/22_매산고_2학기_중간_고1_기출.js,H15-SB-03,H15-SB-03-FUNCTION_RELATION,UNADJUDICATED,SOLUTION_CANDIDATE,TRIAGE_NO_GRAPH_SIGNAL,,,ABSENT,,ABSENT,ABSENT,,
h1:original/high/h1/2mid/22_매산고_2학기_중간_고1_기출.js_20,original/high/h1/2mid/22_매산고_2학기_중간_고1_기출.js,H15-SB-03,H15-SB-03-COMPOSITE_FUNCTION,UNADJUDICATED,PROBLEM_PRESENT_REVIEW,PRIORITY_1_GRAPH_GAP_CANDIDATE,assets/images/22_매산고_2학기_중간_고1_기출/q20.png,,PRESENT,,PRESENT,ABSENT,c9bd366ed48e1ca10c1e774f06f32ebbdbe50e5713a343ec4622bf04454f0bf7,
h1:original/high/h1/2mid/22_매산고_2학기_중간_고1_기출.js_5,original/high/h1/2mid/22_매산고_2학기_중간_고1_기출.js,H15-SB-03,H15-SB-03-COMPOSITE_FUNCTION,UNADJUDICATED,SOLUTION_CANDIDATE,PRIORITY_2_GRAPH_SUBUNIT_CANDIDATE,,,ABSENT,,ABSENT,ABSENT,,
h1:original/high/h1/2mid/22_매산고_2학기_중간_고1_기출.js_8,original/high/h1/2mid/22_매산고_2학기_중간_고1_기출.js,H15-SB-03,H15-SB-03-FUNCTION_RELATION,UNADJUDICATED,SOLUTION_CANDIDATE,TRIAGE_NO_GRAPH_SIGNAL,,,ABSENT,,ABSENT,ABSENT,,
h1:original/high/h1/2mid/22_매산고_2학기_중간_고1_기출.js_9,original/high/h1/2mid/22_매산고_2학기_중간_고1_기출.js,H15-SB-03,H15-SB-03-FUNCTION_RELATION,UNADJUDICATED,PROBLEM_PRESENT_REVIEW,PRIORITY_1_GRAPH_GAP_CANDIDATE,assets/images/22_매산고_2학기_중간_고1_기출/q09.png,,PRESENT,,PRESENT,ABSENT,20ca8e1a02bb5b726c035be2ef7513f3061e5f44f81ec2cac36448bfa1d1c1b5,
h1:original/high/h1/2mid/22_복성고_2학기_중간_고1_기출.js_10,original/high/h1/2mid/22_복성고_2학기_중간_고1_기출.js,H15-SB-03,H15-SB-03-COMPOSITE_FUNCTION,UNADJUDICATED,SOLUTION_CANDIDATE,PRIORITY_2_GRAPH_SUBUNIT_CANDIDATE,,,ABSENT,,ABSENT,ABSENT,,
h1:original/high/h1/2mid/22_복성고_2학기_중간_고1_기출.js_12,original/high/h1/2mid/22_복성고_2학기_중간_고1_기출.js,H15-SB-03,H15-SB-03-COMPOSITE_FUNCTION,UNADJUDICATED,PROBLEM_PRESENT_REVIEW,PRIORITY_1_GRAPH_GAP_CANDIDATE,assets/images/22_복성고_2학기_중간_고1_기출/q12.png,,PRESENT,,PRESENT,ABSENT,83d1081b6f5b0e4a8c17783caaa73910dba05a93ed801e2a50da02acc42d1740,
h1:original/high/h1/2mid/22_복성고_2학기_중간_고1_기출.js_13,original/high/h1/2mid/22_복성고_2학기_중간_고1_기출.js,H15-SB-03,H15-SB-03-INVERSE_FUNCTION,UNADJUDICATED,SOLUTION_CANDIDATE,PRIORITY_1_EXPLICIT_GRAPH_CANDIDATE,,,ABSENT,,ABSENT,ABSENT,,
h1:original/high/h1/2mid/22_복성고_2학기_중간_고1_기출.js_16,original/high/h1/2mid/22_복성고_2학기_중간_고1_기출.js,H15-SB-03,H15-SB-03-INVERSE_FUNCTION,UNADJUDICATED,SOLUTION_CANDIDATE,PRIORITY_1_EXPLICIT_GRAPH_CANDIDATE,,,ABSENT,,ABSENT,ABSENT,,
h1:original/high/h1/2mid/22_복성고_2학기_중간_고1_기출.js_19,original/high/h1/2mid/22_복성고_2학기_중간_고1_기출.js,H15-SB-03,H15-SB-03-FUNCTION_RELATION,UNADJUDICATED,PROBLEM_PRESENT_REVIEW,PRIORITY_1_GRAPH_GAP_CANDIDATE,assets/images/22_복성고_2학기_중간_고1_기출/q19.png,,PRESENT,,PRESENT,ABSENT,5662c0b0e6d0d92bd0c4a99c8b0b7b02cc6a2049c4698131de62dea009da6764,
h1:original/high/h1/2mid/22_복성고_2학기_중간_고1_기출.js_20,original/high/h1/2mid/22_복성고_2학기_중간_고1_기출.js,H15-SB-03,H15-SB-03-FUNCTION_RELATION,UNADJUDICATED,SOLUTION_CANDIDATE,TRIAGE_NO_GRAPH_SIGNAL,,,ABSENT,,ABSENT,ABSENT,,
h1:original/high/h1/2mid/22_복성고_2학기_중간_고1_기출.js_22,original/high/h1/2mid/22_복성고_2학기_중간_고1_기출.js,H15-SB-04,H15-SB-04-RATIONAL_BASIC,UNADJUDICATED,PROBLEM_PRESENT_REVIEW,PRIORITY_1_GRAPH_GAP_CANDIDATE,assets/images/22_복성고_2학기_중간_고1_기출/q22.png,,PRESENT,,PRESENT,ABSENT,549df927c16e67005523f0082a70fb01b2ef39a33ab47d2330afff4405639f12,
h1:original/high/h1/2mid/22_복성고_2학기_중간_고1_기출.js_3,original/high/h1/2mid/22_복성고_2학기_중간_고1_기출.js,H15-SB-03,H15-SB-03-INVERSE_FUNCTION,UNADJUDICATED,SOLUTION_CANDIDATE,TRIAGE_NO_GRAPH_SIGNAL,,,ABSENT,,ABSENT,ABSENT,,
h1:original/high/h1/2mid/22_복성고_2학기_중간_고1_기출.js_4,original/high/h1/2mid/22_복성고_2학기_중간_고1_기출.js,H15-SB-03,H15-SB-03-FUNCTION_RELATION,UNADJUDICATED,PROBLEM_PRESENT_REVIEW,PRIORITY_1_GRAPH_GAP_CANDIDATE,assets/images/22_복성고_2학기_중간_고1_기출/q04.png,,PRESENT,,PRESENT,ABSENT,3a5054eff1ba91fc44e0ee9fdcf523891abf76e72892f2418561131097a98666,
h1:original/high/h1/2mid/22_복성고_2학기_중간_고1_기출.js_6,original/high/h1/2mid/22_복성고_2학기_중간_고1_기출.js,H15-SB-04,H15-SB-04-RATIONAL_BASIC,UNADJUDICATED,SOLUTION_CANDIDATE,TRIAGE_NO_GRAPH_SIGNAL,,,ABSENT,,ABSENT,ABSENT,,
h1:original/high/h1/2mid/22_복성고_2학기_중간_고1_기출.js_7,original/high/h1/2mid/22_복성고_2학기_중간_고1_기출.js,H15-SB-04,H15-SB-04-RATIONAL_GRAPH,UNADJUDICATED,SOLUTION_CANDIDATE,PRIORITY_1_EXPLICIT_GRAPH_CANDIDATE,,,ABSENT,,ABSENT,ABSENT,,
h1:original/high/h1/2mid/22_순천여고_2학기_중간_고1_기출.js_11,original/high/h1/2mid/22_순천여고_2학기_중간_고1_기출.js,H15-SB-03,H15-SB-03-FUNCTION_RELATION,UNADJUDICATED,SOLUTION_CANDIDATE,TRIAGE_NO_GRAPH_SIGNAL,,,ABSENT,,ABSENT,ABSENT,,
h1:original/high/h1/2mid/22_순천여고_2학기_중간_고1_기출.js_14,original/high/h1/2mid/22_순천여고_2학기_중간_고1_기출.js,H15-SB-03,H15-SB-03-FUNCTION_RELATION,UNADJUDICATED,SOLUTION_CANDIDATE,TRIAGE_NO_GRAPH_SIGNAL,,,ABSENT,,ABSENT,ABSENT,,
h1:original/high/h1/2mid/22_순천여고_2학기_중간_고1_기출.js_16,original/high/h1/2mid/22_순천여고_2학기_중간_고1_기출.js,H15-SB-03,H15-SB-03-COMPOSITE_FUNCTION,UNADJUDICATED,SOLUTION_CANDIDATE,SOLUTION_VISUAL_PRESENT,,assets/images/22_순천여고_2학기_중간_고1_기출/q16-solution.svg,ABSENT,,ABSENT,PRESENT,,1f32318130df94931fbd0237bfd9d63cc6f1d3ad83bf44885fb657fc99719038
h1:original/high/h1/2mid/22_순천여고_2학기_중간_고1_기출.js_17,original/high/h1/2mid/22_순천여고_2학기_중간_고1_기출.js,H15-SB-03,H15-SB-03-COMPOSITE_FUNCTION,UNADJUDICATED,SOLUTION_CANDIDATE,SOLUTION_VISUAL_PRESENT,,assets/images/22_순천여고_2학기_중간_고1_기출/q17-solution.svg,ABSENT,,ABSENT,PRESENT,,82b9f445ee953c753b032387070fe76160da19db60f51a7c68c85972f2fd0be2
h1:original/high/h1/2mid/22_순천여고_2학기_중간_고1_기출.js_18,original/high/h1/2mid/22_순천여고_2학기_중간_고1_기출.js,H15-SB-03,H15-SB-03-COMPOSITE_FUNCTION,UNADJUDICATED,SOLUTION_CANDIDATE,PRIORITY_2_GRAPH_RELATION_CANDIDATE,,,ABSENT,,ABSENT,ABSENT,,
h1:original/high/h1/2mid/22_순천여고_2학기_중간_고1_기출.js_19,original/high/h1/2mid/22_순천여고_2학기_중간_고1_기출.js,H15-SB-03,H15-SB-03-FUNCTION_RELATION,UNADJUDICATED,PROBLEM_PRESENT_REVIEW,PRIORITY_1_GRAPH_GAP_CANDIDATE,assets/images/22_순천여고_2학기_중간_고1_기출/q19.png,,PRESENT,,PRESENT,ABSENT,60b6dd956397ad2145658c3508fdfc947c5ef29754d98755866520f730d2fd2e,
h1:original/high/h1/2mid/22_순천여고_2학기_중간_고1_기출.js_2,original/high/h1/2mid/22_순천여고_2학기_중간_고1_기출.js,H15-SB-03,H15-SB-03-FUNCTION_RELATION,UNADJUDICATED,PROBLEM_PRESENT_REVIEW,PRIORITY_1_GRAPH_GAP_CANDIDATE,assets/images/22_순천여고_2학기_중간_고1_기출/q02.png,,PRESENT,,PRESENT,ABSENT,09f339b225891e639cb74e38e11ca32ef0fbd800756ee0ca3b38e9d062b124d5,
h1:original/high/h1/2mid/22_순천여고_2학기_중간_고1_기출.js_20,original/high/h1/2mid/22_순천여고_2학기_중간_고1_기출.js,H15-SB-03,H15-SB-03-FUNCTION_RELATION,UNADJUDICATED,SOLUTION_CANDIDATE,PRIORITY_1_EXPLICIT_GRAPH_CANDIDATE,,,ABSENT,,ABSENT,ABSENT,,
h1:original/high/h1/2mid/22_순천여고_2학기_중간_고1_기출.js_23,original/high/h1/2mid/22_순천여고_2학기_중간_고1_기출.js,H15-SB-03,H15-SB-03-INVERSE_FUNCTION,UNADJUDICATED,SOLUTION_CANDIDATE,TRIAGE_NO_GRAPH_SIGNAL,,,ABSENT,,ABSENT,ABSENT,,
h1:original/high/h1/2mid/22_순천여고_2학기_중간_고1_기출.js_5,original/high/h1/2mid/22_순천여고_2학기_중간_고1_기출.js,H15-SB-03,H15-SB-03-INVERSE_FUNCTION,UNADJUDICATED,SOLUTION_CANDIDATE,TRIAGE_NO_GRAPH_SIGNAL,,,ABSENT,,ABSENT,ABSENT,,
h1:original/high/h1/2mid/22_순천여고_2학기_중간_고1_기출.js_7,original/high/h1/2mid/22_순천여고_2학기_중간_고1_기출.js,H15-SB-03,H15-SB-03-COMPOSITE_FUNCTION,UNADJUDICATED,PROBLEM_PRESENT_REVIEW,PRIORITY_1_GRAPH_GAP_CANDIDATE,assets/images/22_순천여고_2학기_중간_고1_기출/q07.png,,PRESENT,,PRESENT,ABSENT,8da6221030380da08ad1b24bd20e3f4d2261e48fed0a51bb5e690eae74daaff9,
h1:original/high/h1/2mid/22_순천여고_2학기_중간_고1_기출.js_9,original/high/h1/2mid/22_순천여고_2학기_중간_고1_기출.js,H15-SB-03,H15-SB-03-INVERSE_FUNCTION,UNADJUDICATED,PROBLEM_PRESENT_REVIEW,PRIORITY_1_GRAPH_GAP_CANDIDATE,assets/images/22_순천여고_2학기_중간_고1_기출/q09.png,,PRESENT,,PRESENT,ABSENT,1126538476e3623eaab73118fde8396aea8177751995c0acb101220b67327eec,
h1:original/high/h1/2mid/22_제일고_2학기_중간_고1_기출.js_12,original/high/h1/2mid/22_제일고_2학기_중간_고1_기출.js,H15-SB-03,H15-SB-03-FUNCTION_RELATION,UNADJUDICATED,SOLUTION_CANDIDATE,TRIAGE_NO_GRAPH_SIGNAL,,,ABSENT,,ABSENT,ABSENT,,
h1:original/high/h1/2mid/22_제일고_2학기_중간_고1_기출.js_16,original/high/h1/2mid/22_제일고_2학기_중간_고1_기출.js,H15-SB-03,H15-SB-03-FUNCTION_RELATION,UNADJUDICATED,SOLUTION_CANDIDATE,TRIAGE_NO_GRAPH_SIGNAL,,,ABSENT,,ABSENT,ABSENT,,
h1:original/high/h1/2mid/22_제일고_2학기_중간_고1_기출.js_18,original/high/h1/2mid/22_제일고_2학기_중간_고1_기출.js,H15-SB-03,H15-SB-03-COMPOSITE_FUNCTION,UNADJUDICATED,SOLUTION_CANDIDATE,PRIORITY_2_GRAPH_SUBUNIT_CANDIDATE,,,ABSENT,,ABSENT,ABSENT,,
h1:original/high/h1/2mid/22_제일고_2학기_중간_고1_기출.js_6,original/high/h1/2mid/22_제일고_2학기_중간_고1_기출.js,H15-SB-03,H15-SB-03-INVERSE_FUNCTION,UNADJUDICATED,SOLUTION_CANDIDATE,TRIAGE_NO_GRAPH_SIGNAL,,,ABSENT,,ABSENT,ABSENT,,
h1:original/high/h1/2mid/22_제일고_2학기_중간_고1_기출.js_8,original/high/h1/2mid/22_제일고_2학기_중간_고1_기출.js,H15-SB-03,H15-SB-03-FUNCTION_RELATION,UNADJUDICATED,SOLUTION_CANDIDATE,TRIAGE_NO_GRAPH_SIGNAL,,,ABSENT,,ABSENT,ABSENT,,
h1:original/high/h1/2mid/22_팔마고_2학기_중간_고1_기출.js_10,original/high/h1/2mid/22_팔마고_2학기_중간_고1_기출.js,H15-SB-03,H15-SB-03-FUNCTION_RELATION,UNADJUDICATED,SOLUTION_CANDIDATE,TRIAGE_NO_GRAPH_SIGNAL,,,ABSENT,,ABSENT,ABSENT,,
h1:original/high/h1/2mid/22_팔마고_2학기_중간_고1_기출.js_11,original/high/h1/2mid/22_팔마고_2학기_중간_고1_기출.js,H15-SB-03,H15-SB-03-COMPOSITE_FUNCTION,UNADJUDICATED,PROBLEM_PRESENT_REVIEW,PRIORITY_1_GRAPH_GAP_CANDIDATE,assets/images/22_팔마고_2학기_중간_고1_기출/q11.png,,PRESENT,,PRESENT,ABSENT,9b4729ebd2c43745c0dcc2e5cca67503e272972b9d72a5809dc31157ead754fb,
h1:original/high/h1/2mid/22_팔마고_2학기_중간_고1_기출.js_12,original/high/h1/2mid/22_팔마고_2학기_중간_고1_기출.js,H15-SB-03,H15-SB-03-INVERSE_FUNCTION,UNADJUDICATED,SOLUTION_CANDIDATE,SOLUTION_VISUAL_PRESENT,,assets/images/22_팔마고_2학기_중간_고1_기출/q12-solution.svg,ABSENT,,ABSENT,PRESENT,,8b99cafd0ac688b906e9aed7587526e05dfb769bed276f21705b31716c47735c
h1:original/high/h1/2mid/22_팔마고_2학기_중간_고1_기출.js_13,original/high/h1/2mid/22_팔마고_2학기_중간_고1_기출.js,H15-SB-03,H15-SB-03-COMPOSITE_FUNCTION,UNADJUDICATED,SOLUTION_CANDIDATE,PRIORITY_2_GRAPH_SUBUNIT_CANDIDATE,,,ABSENT,,ABSENT,ABSENT,,
h1:original/high/h1/2mid/22_팔마고_2학기_중간_고1_기출.js_16,original/high/h1/2mid/22_팔마고_2학기_중간_고1_기출.js,H15-SB-03,H15-SB-03-FUNCTION_RELATION,UNADJUDICATED,PROBLEM_PRESENT_REVIEW,PRIORITY_1_GRAPH_GAP_CANDIDATE,assets/images/22_팔마고_2학기_중간_고1_기출/q16.png,,PRESENT,,PRESENT,ABSENT,28c8b9804d54297f0559dc1516ff65e2456255f58c53b4b20de15c0ba9085aa4,
h1:original/high/h1/2mid/22_팔마고_2학기_중간_고1_기출.js_17,original/high/h1/2mid/22_팔마고_2학기_중간_고1_기출.js,H15-SB-03,H15-SB-03-INVERSE_FUNCTION,UNADJUDICATED,SOLUTION_CANDIDATE,TRIAGE_NO_GRAPH_SIGNAL,,,ABSENT,,ABSENT,ABSENT,,
h1:original/high/h1/2mid/22_팔마고_2학기_중간_고1_기출.js_19,original/high/h1/2mid/22_팔마고_2학기_중간_고1_기출.js,H15-SB-03,H15-SB-03-INVERSE_FUNCTION,UNADJUDICATED,SOLUTION_CANDIDATE,TRIAGE_NO_GRAPH_SIGNAL,,,ABSENT,,ABSENT,ABSENT,,
h1:original/high/h1/2mid/22_팔마고_2학기_중간_고1_기출.js_22,original/high/h1/2mid/22_팔마고_2학기_중간_고1_기출.js,H15-SB-03,H15-SB-03-INVERSE_FUNCTION,UNADJUDICATED,SOLUTION_CANDIDATE,SOLUTION_VISUAL_PRESENT,,assets/images/22_팔마고_2학기_중간_고1_기출/q22-solution.svg,ABSENT,,ABSENT,PRESENT,,5f701d50f855f6492749610761ab342d5027691b6be50dae611462669edca3b1
h1:original/high/h1/2mid/22_팔마고_2학기_중간_고1_기출.js_4,original/high/h1/2mid/22_팔마고_2학기_중간_고1_기출.js,H15-SB-03,H15-SB-03-FUNCTION_RELATION,UNADJUDICATED,SOLUTION_CANDIDATE,TRIAGE_NO_GRAPH_SIGNAL,,,ABSENT,,ABSENT,ABSENT,,
h1:original/high/h1/2mid/22_팔마고_2학기_중간_고1_기출.js_5,original/high/h1/2mid/22_팔마고_2학기_중간_고1_기출.js,H15-SB-03,H15-SB-03-FUNCTION_RELATION,UNADJUDICATED,SOLUTION_CANDIDATE,TRIAGE_NO_GRAPH_SIGNAL,,,ABSENT,,ABSENT,ABSENT,,
h1:original/high/h1/2mid/22_팔마고_2학기_중간_고1_기출.js_6,original/high/h1/2mid/22_팔마고_2학기_중간_고1_기출.js,H15-SB-03,H15-SB-03-INVERSE_FUNCTION,UNADJUDICATED,SOLUTION_CANDIDATE,TRIAGE_NO_GRAPH_SIGNAL,,,ABSENT,,ABSENT,ABSENT,,
h1:original/high/h1/2mid/22_효천고_2학기_중간_고1_기출.js_16,original/high/h1/2mid/22_효천고_2학기_중간_고1_기출.js,H15-SB-03,H15-SB-03-COMPOSITE_FUNCTION,UNADJUDICATED,SOLUTION_CANDIDATE,PRIORITY_2_GRAPH_SUBUNIT_CANDIDATE,,,ABSENT,,ABSENT,ABSENT,,
h1:original/high/h1/2mid/22_효천고_2학기_중간_고1_기출.js_19,original/high/h1/2mid/22_효천고_2학기_중간_고1_기출.js,H15-SB-03,H15-SB-03-FUNCTION_RELATION,UNADJUDICATED,SOLUTION_CANDIDATE,TRIAGE_NO_GRAPH_SIGNAL,,,ABSENT,,ABSENT,ABSENT,,
h1:original/high/h1/2mid/22_효천고_2학기_중간_고1_기출.js_22,original/high/h1/2mid/22_효천고_2학기_중간_고1_기출.js,H15-SB-03,H15-SB-03-FUNCTION_RELATION,UNADJUDICATED,SOLUTION_CANDIDATE,SOLUTION_VISUAL_PRESENT,,assets/images/22_효천고_2학기_중간_고1_기출/q22-solution.svg,ABSENT,,ABSENT,PRESENT,,058437c2485f72068789497248afab30c68b01f7bc2d38af939016548d3b4489
h1:original/high/h1/2mid/22_효천고_2학기_중간_고1_기출.js_3,original/high/h1/2mid/22_효천고_2학기_중간_고1_기출.js,H15-SB-03,H15-SB-03-FUNCTION_RELATION,UNADJUDICATED,PROBLEM_PRESENT_REVIEW,PRIORITY_1_GRAPH_GAP_CANDIDATE,assets/images/22_효천고_2학기_중간_고1_기출/q03.png,,PRESENT,,PRESENT,ABSENT,8cd0815f68e4c3aca313eff36d14a1fd88f8d8c37195a7fcc3d6ae7fd4a93e31,
h1:original/high/h1/2mid/22_효천고_2학기_중간_고1_기출.js_4,original/high/h1/2mid/22_효천고_2학기_중간_고1_기출.js,H15-SB-03,H15-SB-03-FUNCTION_RELATION,UNADJUDICATED,SOLUTION_CANDIDATE,TRIAGE_NO_GRAPH_SIGNAL,,,ABSENT,,ABSENT,ABSENT,,
h1:original/high/h1/2mid/22_효천고_2학기_중간_고1_기출.js_6,original/high/h1/2mid/22_효천고_2학기_중간_고1_기출.js,H15-SB-03,H15-SB-03-COMPOSITE_FUNCTION,UNADJUDICATED,SOLUTION_CANDIDATE,PRIORITY_2_GRAPH_SUBUNIT_CANDIDATE,,,ABSENT,,ABSENT,ABSENT,,
h1:original/high/h1/2mid/22_효천고_2학기_중간_고1_기출.js_7,original/high/h1/2mid/22_효천고_2학기_중간_고1_기출.js,H15-SB-03,H15-SB-03-FUNCTION_RELATION,UNADJUDICATED,SOLUTION_CANDIDATE,TRIAGE_NO_GRAPH_SIGNAL,,,ABSENT,,ABSENT,ABSENT,,
h1:original/high/h1/2mid/22_효천고_2학기_중간_고1_기출.js_8,original/high/h1/2mid/22_효천고_2학기_중간_고1_기출.js,H15-SB-03,H15-SB-03-COMPOSITE_FUNCTION,UNADJUDICATED,SOLUTION_CANDIDATE,PRIORITY_2_GRAPH_SUBUNIT_CANDIDATE,,,ABSENT,,ABSENT,ABSENT,,
h1:original/high/h1/2mid/23_강남여고_2학기_중간_고1_기출.js_10,original/high/h1/2mid/23_강남여고_2학기_중간_고1_기출.js,H15-SB-03,H15-SB-03-INVERSE_FUNCTION,UNADJUDICATED,SOLUTION_CANDIDATE,TRIAGE_NO_GRAPH_SIGNAL,,,ABSENT,,ABSENT,ABSENT,,
h1:original/high/h1/2mid/23_강남여고_2학기_중간_고1_기출.js_14,original/high/h1/2mid/23_강남여고_2학기_중간_고1_기출.js,H15-SB-03,H15-SB-03-COMPOSITE_FUNCTION,UNADJUDICATED,PROBLEM_PRESENT_REVIEW,PRIORITY_1_GRAPH_GAP_CANDIDATE,assets/images/23_강남여고_2학기_중간_고1_기출/q14.png,,PRESENT,,PRESENT,ABSENT,80cbd5bd5fc05b224235875c99cb0ead555cfc9a4441b37494f41a144c9e2bcd,
h1:original/high/h1/2mid/23_강남여고_2학기_중간_고1_기출.js_18,original/high/h1/2mid/23_강남여고_2학기_중간_고1_기출.js,H15-SB-03,H15-SB-03-COMPOSITE_FUNCTION,UNADJUDICATED,SOLUTION_CANDIDATE,PRIORITY_2_GRAPH_SUBUNIT_CANDIDATE,,,ABSENT,,ABSENT,ABSENT,,
h1:original/high/h1/2mid/23_강남여고_2학기_중간_고1_기출.js_19,original/high/h1/2mid/23_강남여고_2학기_중간_고1_기출.js,H15-SB-03,H15-SB-03-COMPOSITE_FUNCTION,UNADJUDICATED,SOLUTION_CANDIDATE,PRIORITY_2_GRAPH_SUBUNIT_CANDIDATE,,,ABSENT,,ABSENT,ABSENT,,
h1:original/high/h1/2mid/23_강남여고_2학기_중간_고1_기출.js_20,original/high/h1/2mid/23_강남여고_2학기_중간_고1_기출.js,H15-SB-03,H15-SB-03-INVERSE_FUNCTION,UNADJUDICATED,PROBLEM_PRESENT_REVIEW,PRIORITY_1_GRAPH_GAP_CANDIDATE,assets/images/23_강남여고_2학기_중간_고1_기출/q20.png,,PRESENT,,PRESENT,ABSENT,a1ea539dbb87a9781f1fb26aa1459e817a21153558ca6e505d86fcedc5bc00c0,
h1:original/high/h1/2mid/23_강남여고_2학기_중간_고1_기출.js_23,original/high/h1/2mid/23_강남여고_2학기_중간_고1_기출.js,H15-SB-03,H15-SB-03-COMPOSITE_FUNCTION,UNADJUDICATED,SOLUTION_CANDIDATE,PRIORITY_2_GRAPH_SUBUNIT_CANDIDATE,,,ABSENT,,ABSENT,ABSENT,,
h1:original/high/h1/2mid/23_강남여고_2학기_중간_고1_기출.js_7,original/high/h1/2mid/23_강남여고_2학기_중간_고1_기출.js,H15-SB-03,H15-SB-03-FUNCTION_RELATION,UNADJUDICATED,PROBLEM_PRESENT_REVIEW,PRIORITY_1_GRAPH_GAP_CANDIDATE,assets/images/23_강남여고_2학기_중간_고1_기출/q07.png,,PRESENT,,PRESENT,ABSENT,d6336b96fb0aa7b6ee680851449ca0b13fdc3e2c5569c1b12ee8aa2dfedf92eb,
h1:original/high/h1/2mid/23_강남여고_2학기_중간_고1_기출.js_8,original/high/h1/2mid/23_강남여고_2학기_중간_고1_기출.js,H15-SB-03,H15-SB-03-FUNCTION_RELATION,UNADJUDICATED,SOLUTION_CANDIDATE,TRIAGE_NO_GRAPH_SIGNAL,,,ABSENT,,ABSENT,ABSENT,,
h1:original/high/h1/2mid/23_강남여고_2학기_중간_고1_기출.js_9,original/high/h1/2mid/23_강남여고_2학기_중간_고1_기출.js,H15-SB-03,H15-SB-03-COMPOSITE_FUNCTION,UNADJUDICATED,PROBLEM_PRESENT_REVIEW,PRIORITY_1_GRAPH_GAP_CANDIDATE,assets/images/23_강남여고_2학기_중간_고1_기출/q09.png,,PRESENT,,PRESENT,ABSENT,ddc326034ac8562c4b645c0091f1982d4fa76a89bc930b7a15517afa0fe110cf,
h1:original/high/h1/2mid/23_매산여고_2학기_중간_고1_기출.js_13,original/high/h1/2mid/23_매산여고_2학기_중간_고1_기출.js,H15-SB-03,,UNADJUDICATED,SOLUTION_CANDIDATE,TRIAGE_NO_GRAPH_SIGNAL,,,ABSENT,,ABSENT,ABSENT,,
h1:original/high/h1/2mid/23_매산여고_2학기_중간_고1_기출.js_14,original/high/h1/2mid/23_매산여고_2학기_중간_고1_기출.js,H15-SB-03,,UNADJUDICATED,SOLUTION_CANDIDATE,TRIAGE_NO_GRAPH_SIGNAL,,,ABSENT,,ABSENT,ABSENT,,
h1:original/high/h1/2mid/23_매산여고_2학기_중간_고1_기출.js_18,original/high/h1/2mid/23_매산여고_2학기_중간_고1_기출.js,H15-SB-03,,UNADJUDICATED,SOLUTION_CANDIDATE,TRIAGE_NO_GRAPH_SIGNAL,,,ABSENT,,ABSENT,ABSENT,,
h1:original/high/h1/2mid/23_순천여고_2학기_중간_고1_기출.js_12,original/high/h1/2mid/23_순천여고_2학기_중간_고1_기출.js,H15-SB-03,H15-SB-03-INVERSE_FUNCTION,UNADJUDICATED,SOLUTION_CANDIDATE,TRIAGE_NO_GRAPH_SIGNAL,,,ABSENT,,ABSENT,ABSENT,,
h1:original/high/h1/2mid/23_순천여고_2학기_중간_고1_기출.js_18,original/high/h1/2mid/23_순천여고_2학기_중간_고1_기출.js,H15-SB-03,H15-SB-03-COMPOSITE_FUNCTION,UNADJUDICATED,SOLUTION_CANDIDATE,PRIORITY_2_GRAPH_SUBUNIT_CANDIDATE,,,ABSENT,,ABSENT,ABSENT,,
h1:original/high/h1/2mid/23_순천여고_2학기_중간_고1_기출.js_19,original/high/h1/2mid/23_순천여고_2학기_중간_고1_기출.js,H15-SB-03,H15-SB-03-COMPOSITE_FUNCTION,UNADJUDICATED,SOLUTION_CANDIDATE,PRIORITY_2_GRAPH_SUBUNIT_CANDIDATE,,,ABSENT,,ABSENT,ABSENT,,
h1:original/high/h1/2mid/23_순천여고_2학기_중간_고1_기출.js_23,original/high/h1/2mid/23_순천여고_2학기_중간_고1_기출.js,H15-SB-03,H15-SB-03-INVERSE_FUNCTION,UNADJUDICATED,SOLUTION_CANDIDATE,PRIORITY_1_EXPLICIT_GRAPH_CANDIDATE,,,ABSENT,,ABSENT,ABSENT,,
h1:original/high/h1/2mid/23_순천여고_2학기_중간_고1_기출.js_3,original/high/h1/2mid/23_순천여고_2학기_중간_고1_기출.js,H15-SB-03,H15-SB-03-FUNCTION_RELATION,UNADJUDICATED,SOLUTION_CANDIDATE,TRIAGE_NO_GRAPH_SIGNAL,,,ABSENT,,ABSENT,ABSENT,,
h1:original/high/h1/2mid/23_순천여고_2학기_중간_고1_기출.js_4,original/high/h1/2mid/23_순천여고_2학기_중간_고1_기출.js,H15-SB-03,H15-SB-03-COMPOSITE_FUNCTION,UNADJUDICATED,PROBLEM_PRESENT_REVIEW,PRIORITY_1_GRAPH_GAP_CANDIDATE,assets/images/23_순천여고_2학기_중간_고1_기출/q04.png,,PRESENT,,PRESENT,ABSENT,d7a865d988c06205740bdb9adc83f5d122a5e2f5aeae34b8aeb36d74e70297cc,
h1:original/high/h1/2mid/23_순천여고_2학기_중간_고1_기출.js_6,original/high/h1/2mid/23_순천여고_2학기_중간_고1_기출.js,H15-SB-03,H15-SB-03-INVERSE_FUNCTION,UNADJUDICATED,SOLUTION_CANDIDATE,TRIAGE_NO_GRAPH_SIGNAL,,,ABSENT,,ABSENT,ABSENT,,
h1:original/high/h1/2mid/23_팔마고_2학기_중간_고1_기출.js_10,original/high/h1/2mid/23_팔마고_2학기_중간_고1_기출.js,H15-SB-03,H15-SB-03-COMPOSITE_FUNCTION,UNADJUDICATED,SOLUTION_CANDIDATE,PRIORITY_2_GRAPH_RELATION_CANDIDATE,,,ABSENT,,ABSENT,ABSENT,,
h1:original/high/h1/2mid/23_팔마고_2학기_중간_고1_기출.js_2,original/high/h1/2mid/23_팔마고_2학기_중간_고1_기출.js,H15-SB-03,H15-SB-03-FUNCTION_RELATION,UNADJUDICATED,SOLUTION_CANDIDATE,TRIAGE_NO_GRAPH_SIGNAL,,,ABSENT,,ABSENT,ABSENT,,
h1:original/high/h1/2mid/23_팔마고_2학기_중간_고1_기출.js_4,original/high/h1/2mid/23_팔마고_2학기_중간_고1_기출.js,H15-SB-03,H15-SB-03-FUNCTION_RELATION,UNADJUDICATED,SOLUTION_CANDIDATE,TRIAGE_NO_GRAPH_SIGNAL,,,ABSENT,,ABSENT,ABSENT,,
h1:original/high/h1/2mid/24_금당고_2학기_중간_고1_기출.js_12,original/high/h1/2mid/24_금당고_2학기_중간_고1_기출.js,H15-SB-03,H15-SB-03-COMPOSITE_FUNCTION,UNADJUDICATED,SOLUTION_CANDIDATE,PRIORITY_2_GRAPH_SUBUNIT_CANDIDATE,,,ABSENT,,ABSENT,ABSENT,,
h1:original/high/h1/2mid/24_금당고_2학기_중간_고1_기출.js_21,original/high/h1/2mid/24_금당고_2학기_중간_고1_기출.js,H15-SB-03,H15-SB-03-FUNCTION_RELATION,UNADJUDICATED,SOLUTION_CANDIDATE,TRIAGE_NO_GRAPH_SIGNAL,,,ABSENT,,ABSENT,ABSENT,,
h1:original/high/h1/2mid/24_금당고_2학기_중간_고1_기출.js_4,original/high/h1/2mid/24_금당고_2학기_중간_고1_기출.js,H15-SB-03,H15-SB-03-FUNCTION_RELATION,UNADJUDICATED,SOLUTION_CANDIDATE,TRIAGE_NO_GRAPH_SIGNAL,,,ABSENT,,ABSENT,ABSENT,,
h1:original/high/h1/2mid/24_금당고_2학기_중간_고1_기출.js_6,original/high/h1/2mid/24_금당고_2학기_중간_고1_기출.js,H15-SB-03,H15-SB-03-FUNCTION_RELATION,UNADJUDICATED,SOLUTION_CANDIDATE,TRIAGE_NO_GRAPH_SIGNAL,,,ABSENT,,ABSENT,ABSENT,,
h1:original/high/h1/2mid/24_제일고_2학기_중간_고1_기출.js_10,original/high/h1/2mid/24_제일고_2학기_중간_고1_기출.js,H15-SB-03,H15-SB-03-FUNCTION_RELATION,UNADJUDICATED,SOLUTION_CANDIDATE,TRIAGE_NO_GRAPH_SIGNAL,,,ABSENT,,ABSENT,ABSENT,,
h1:original/high/h1/2mid/24_제일고_2학기_중간_고1_기출.js_11,original/high/h1/2mid/24_제일고_2학기_중간_고1_기출.js,H15-SB-03,H15-SB-03-FUNCTION_RELATION,UNADJUDICATED,SOLUTION_CANDIDATE,TRIAGE_NO_GRAPH_SIGNAL,,,ABSENT,,ABSENT,ABSENT,,
h1:original/high/h1/2mid/24_제일고_2학기_중간_고1_기출.js_12,original/high/h1/2mid/24_제일고_2학기_중간_고1_기출.js,H15-SB-03,H15-SB-03-COMPOSITE_FUNCTION,UNADJUDICATED,SOLUTION_CANDIDATE,PRIORITY_2_GRAPH_SUBUNIT_CANDIDATE,,,ABSENT,,ABSENT,ABSENT,,
h1:original/high/h1/2mid/24_제일고_2학기_중간_고1_기출.js_13,original/high/h1/2mid/24_제일고_2학기_중간_고1_기출.js,H15-SB-03,H15-SB-03-COMPOSITE_FUNCTION,UNADJUDICATED,PROBLEM_PRESENT_REVIEW,PRIORITY_1_GRAPH_GAP_CANDIDATE,assets/images/24_제일고_2학기_중간_고1_기출/q13.png,,PRESENT,,PRESENT,ABSENT,fb33515de5d4f23f9254e7f0619b1d0378a26b5737d7f2eccf1dc6fc95ea9338,
h1:original/high/h1/2mid/24_제일고_2학기_중간_고1_기출.js_14,original/high/h1/2mid/24_제일고_2학기_중간_고1_기출.js,H15-SB-03,H15-SB-03-FUNCTION_RELATION,UNADJUDICATED,SOLUTION_CANDIDATE,TRIAGE_NO_GRAPH_SIGNAL,,,ABSENT,,ABSENT,ABSENT,,
h1:original/high/h1/2mid/24_제일고_2학기_중간_고1_기출.js_15,original/high/h1/2mid/24_제일고_2학기_중간_고1_기출.js,H15-SB-03,H15-SB-03-COMPOSITE_FUNCTION,UNADJUDICATED,SOLUTION_CANDIDATE,SOLUTION_VISUAL_PRESENT,,assets/images/24_제일고_2학기_중간_고1_기출/q15-solution.svg,ABSENT,,ABSENT,PRESENT,,cd8234ce45e36498d49e602295725766e6cfb105bba5edbe07be6e2c448c472e
h1:original/high/h1/2mid/24_제일고_2학기_중간_고1_기출.js_16,original/high/h1/2mid/24_제일고_2학기_중간_고1_기출.js,H15-SB-03,H15-SB-03-COMPOSITE_FUNCTION,UNADJUDICATED,SOLUTION_CANDIDATE,SOLUTION_VISUAL_PRESENT,,assets/images/24_제일고_2학기_중간_고1_기출/q16-solution.svg,ABSENT,,ABSENT,PRESENT,,58797a21c6ff88f20f836072c5063a60295619dfc516adb3baf2f3412ddacb9d
h1:original/high/h1/2mid/24_제일고_2학기_중간_고1_기출.js_17,original/high/h1/2mid/24_제일고_2학기_중간_고1_기출.js,H15-SB-03,H15-SB-03-COMPOSITE_FUNCTION,UNADJUDICATED,SOLUTION_CANDIDATE,SOLUTION_VISUAL_PRESENT,,assets/images/24_제일고_2학기_중간_고1_기출/q17-solution.svg,ABSENT,,ABSENT,PRESENT,,163d998c1abb9fff64ca27f9d7d470993d95a97439ab0da3e9311c32a8c68637
h1:original/high/h1/2mid/24_제일고_2학기_중간_고1_기출.js_18,original/high/h1/2mid/24_제일고_2학기_중간_고1_기출.js,H15-SB-03,H15-SB-03-FUNCTION_RELATION,UNADJUDICATED,SOLUTION_CANDIDATE,TRIAGE_NO_GRAPH_SIGNAL,,,ABSENT,,ABSENT,ABSENT,,
h1:original/high/h1/2mid/24_제일고_2학기_중간_고1_기출.js_21,original/high/h1/2mid/24_제일고_2학기_중간_고1_기출.js,H15-SB-03,H15-SB-03-COMPOSITE_FUNCTION,UNADJUDICATED,SOLUTION_CANDIDATE,PRIORITY_2_GRAPH_SUBUNIT_CANDIDATE,,,ABSENT,,ABSENT,ABSENT,,
h1:original/high/h1/2mid/24_제일고_2학기_중간_고1_기출.js_22,original/high/h1/2mid/24_제일고_2학기_중간_고1_기출.js,H15-SB-03,H15-SB-03-FUNCTION_RELATION,UNADJUDICATED,SOLUTION_CANDIDATE,PRIORITY_1_EXPLICIT_GRAPH_CANDIDATE,,,ABSENT,,ABSENT,ABSENT,,
h1:original/high/h1/2mid/25_제일고_2학기_중간_고1_기출.js_19,original/high/h1/2mid/25_제일고_2학기_중간_고1_기출.js,H22-C2-07,H22-C2-07-FUNCTION_BASIC,UNADJUDICATED,SOLUTION_CANDIDATE,TRIAGE_NO_GRAPH_SIGNAL,,,ABSENT,,ABSENT,ABSENT,,
h1:original/high/h1/2mid/25_제일고_2학기_중간_고1_기출.js_2,original/high/h1/2mid/25_제일고_2학기_중간_고1_기출.js,H22-C2-07,H22-C2-07-FUNCTION_BASIC,UNADJUDICATED,PROBLEM_PRESENT_REVIEW,PRIORITY_1_GRAPH_GAP_CANDIDATE,assets/images/25_제일고_2학기_중간_고1_기출/q02.png,,PRESENT,,PRESENT,ABSENT,7b18959c67b0a7e5b8678bf9ebcdb574790791219dbe56c04763660f360122c8,
h1:original/high/h1/2mid/25_제일고_2학기_중간_고1_기출.js_9,original/high/h1/2mid/25_제일고_2학기_중간_고1_기출.js,H22-C2-07,H22-C2-07-FUNCTION_BASIC,UNADJUDICATED,SOLUTION_CANDIDATE,TRIAGE_NO_GRAPH_SIGNAL,,,ABSENT,,ABSENT,ABSENT,,
