questionUid,sourceJsPath,examId,id,displayNo,sourceOrdinal,curriculumVersion,standardCourse,standardUnitKey,standardUnit,standardUnitOrder,subUnitKey,subUnit,subUnitConfidence,subUnitClassificationDepth,questionType,layoutTag,wide,tags,contentHash,choicesHash,answerHash,solutionHash,problemImageRef,problemImageHash,solutionImageRef,solutionImageHash,inlineSvgCount,sourceValidityStatus,independentAnswer,answerParity,solutionQualityStatus,curriculumStatus,visualRequirement,visualRequirementCandidate,visualReasonCode,visualMarkers,visualType,problemVisualSufficiency,scalePolicy,existingSvgStatus,svgRepairStatus,factObligationSet,expectedFactHash,observedFactHash,numericParity,semanticParity,styleLintStatus,renderStatus,metadataStatus,metadataReason,finalVerdict,evidenceRef,assetRefs,questionIndexParity,qKey,sourceFileSha256,solutionPresent,answerValue,scopeStatus,sharedAssetUid,dependencyQuestionUids,dependencyClosureStatus
archive/exams/original/high/h1/1final/25_강남여고_1학기_기말_고1_기출c.js|25_강남여고_1학기_기말_고1_기출|21,archive/exams/original/high/h1/1final/25_강남여고_1학기_기말_고1_기출c.js,25_강남여고_1학기_기말_고1_기출,21,21,21,2022,공통수학1,H22-C-02,항등식과 나머지 정리,2,H22-C-02-CORE,항등식과 나머지 정리 핵심 개념,rule_inferred,complete_rule,단답형,grid,false,서술형|다항식|항등식|나머지정리|계수비교|근과계수|연립방정식|조건해석,faddafbbf55d39c6f7bc50418f0df5108917837b9681f56024ac38d327b3681d,4f53cda18c2baa0c0354bb5f9a3ecbe5ed12ab4d8e11ba873c2f11161202b945,085e09e33152906356b8753f2f531141e6f3fc9188502f3031161d567519fd63,74b0d14eb1e33b4f601f9ed1b13e5a56b1c297e71e5508fcbf351b6fce8e4bc9,,,,,0,LOADED_VM,,NOT_STARTED,NOT_STARTED,NOT_STARTED,SVG_OPTIONAL,SVG_OPTIONAL,,,NONE,NO_PROBLEM_VISUAL,N/A,NONE,NOT_STARTED,,,,NOT_STARTED,NOT_STARTED,NOT_STARTED,NOT_TESTED,PASS,canonical_and_compiled_master_match,INVENTORY_PENDING,01_scope_inventory.csv#archive/exams/original/high/h1/1final/25_강남여고_1학기_기말_고1_기출c.js|25_강남여고_1학기_기말_고1_기출|21,,INDEX_RECORD_PRESENT,original/high/h1/1final/25_강남여고_1학기_기말_고1_기출c.js_21,54669b7f56b5e816d952a323c9b43cd38c004fadcd52e8f8af387558c9aae7df,true,"$p=-5,\ q=2$, 세 근의 곱은 $-2$",IN_SCOPE_FORWARD,,,CLOSED_NO_SHARED_ASSET
archive/exams/original/high/h1/1final/26_순천고_1학기_기말_고1_기출.js|26_순천고_1학기_기말_고1_기출|22,archive/exams/original/high/h1/1final/26_순천고_1학기_기말_고1_기출.js,26_순천고_1학기_기말_고1_기출,22,22,22,2022,공통수학1,H22-C-02,항등식과 나머지 정리,2,H22-C-02-CORE,항등식과 나머지 정리 핵심 개념,rule_inferred,complete_rule,서술형,grid,false,서술형|항등식과 나머지 정리,2b8f56a0c8b59c8b884531bce3b6e4633456ed236fbd3516b001f23ae7ef9771,4f53cda18c2baa0c0354bb5f9a3ecbe5ed12ab4d8e11ba873c2f11161202b945,1d00ece83531b07bd87685a96b5498d68e2e2f4422c5426ff745af25f4538637,c2d7a641251df819251eba0d1f185ee2629c7e3ada187ca39bfa90fe9e78ab33,,,,,0,LOADED_VM,,NOT_STARTED,NOT_STARTED,NOT_STARTED,SVG_OPTIONAL,SVG_OPTIONAL,,,NONE,NO_PROBLEM_VISUAL,N/A,NONE,NOT_STARTED,,,,NOT_STARTED,NOT_STARTED,NOT_STARTED,NOT_TESTED,PASS,canonical_and_compiled_master_match,INVENTORY_PENDING,01_scope_inventory.csv#archive/exams/original/high/h1/1final/26_순천고_1학기_기말_고1_기출.js|26_순천고_1학기_기말_고1_기출|22,,INDEX_RECORD_PRESENT,original/high/h1/1final/26_순천고_1학기_기말_고1_기출.js_22,0b801b4458088da27bd1cf00fe877b64992455bc3475617bc5a909075d2de80f,true,"$\alpha=11,\ \beta=-4$",IN_SCOPE_FORWARD,,,CLOSED_NO_SHARED_ASSET
archive/exams/original/high/h1/1final/26_순천여고_1학기_기말_고1_기출.js|26_순천여고_1학기_기말_고1_기출|18,archive/exams/original/high/h1/1final/26_순천여고_1학기_기말_고1_기출.js,26_순천여고_1학기_기말_고1_기출,18,18,18,2022,공통수학1,H22-C-02,항등식과 나머지 정리,2,H22-C-02-CORE,항등식과 나머지 정리 핵심 개념,rule_inferred,complete_rule,객관식,grid,false,,c6e14502367fbae0a390a01e89fcf2891041ff34d7b803ea0bcc3a20f8260e26,ed233e6b3aa03a196b12af07c7480441d6dcd22ab1a662436cea92a9e64fb60c,dfde05a3668030e99ca64d8d4ae5f6b64c7a87cee61c0ba43904b92ef210191d,2042064d3f0109dfbada860a987e09a230228fc6b05ba004a89406fb74861b7e,,,,,0,LOADED_VM,,NOT_STARTED,NOT_STARTED,NOT_STARTED,SVG_OPTIONAL,SVG_OPTIONAL,,,NONE,NO_PROBLEM_VISUAL,N/A,NONE,NOT_STARTED,,,,NOT_STARTED,NOT_STARTED,NOT_STARTED,NOT_TESTED,PASS,canonical_and_compiled_master_match,INVENTORY_PENDING,01_scope_inventory.csv#archive/exams/original/high/h1/1final/26_순천여고_1학기_기말_고1_기출.js|26_순천여고_1학기_기말_고1_기출|18,,INDEX_RECORD_PRESENT,original/high/h1/1final/26_순천여고_1학기_기말_고1_기출.js_18,bd5f942a1354d79dac6a827e48179b103e002ebbe3ccb90850835786c2c8f0c6,true,②,IN_SCOPE_FORWARD,,,CLOSED_NO_SHARED_ASSET
archive/exams/original/high/h1/1mid/23_매산고_1학기_중간_고1_기출.js|23_매산고_1학기_중간_고1_기출|3,archive/exams/original/high/h1/1mid/23_매산고_1학기_중간_고1_기출.js,23_매산고_1학기_중간_고1_기출,3,3,3,2015,수학(상),H15-SA-02,항등식과 나머지정리,2,H15-SA-02-REMAINDER_FACTOR,나머지정리와 인수정리,rule_inferred,complete_rule,객관식,grid,false,객관식|다항식|항등식|나머지정리|전개|계수비교|계산,4e73eb0d903656ca4c3fbcfecafbfbabbfc3accab6e319709470ce02f10bafe1,1328e4d858cfa36de72dd8cd99a69fbc3cd26efe05605e260c5af5be503ce148,973d2fd2f97e26a666f403b12da6d87e527985b36bcf4ff0a47c7e7e8c36321a,dec32d945c29c3ea221bc6b136d3344cac5d20ef7dd0accb40a1c54dcfbf4873,,,,,0,LOADED_VM,,NOT_STARTED,NOT_STARTED,NOT_STARTED,SVG_OPTIONAL,SVG_OPTIONAL,,,NONE,NO_PROBLEM_VISUAL,N/A,NONE,NOT_STARTED,,,,NOT_STARTED,NOT_STARTED,NOT_STARTED,NOT_TESTED,PASS,canonical_and_compiled_master_match,INVENTORY_PENDING,01_scope_inventory.csv#archive/exams/original/high/h1/1mid/23_매산고_1학기_중간_고1_기출.js|23_매산고_1학기_중간_고1_기출|3,,INDEX_RECORD_PRESENT,original/high/h1/1mid/23_매산고_1학기_중간_고1_기출.js_3,5df107ced37bdd1fa5c9576344a398127e4086dfc138b0b049ab1e3e78780fd5,true,①,IN_SCOPE_FORWARD,,,CLOSED_NO_SHARED_ASSET
archive/exams/original/high/h1/1mid/23_매산고_1학기_중간_고1_기출.js|23_매산고_1학기_중간_고1_기출|4,archive/exams/original/high/h1/1mid/23_매산고_1학기_중간_고1_기출.js,23_매산고_1학기_중간_고1_기출,4,4,4,2015,수학(상),H15-SA-02,항등식과 나머지정리,2,H15-SA-02-REMAINDER_FACTOR,나머지정리와 인수정리,rule_inferred,complete_rule,객관식,grid,false,객관식|다항식|항등식|나머지정리|전개|대입|계산|개념,dfe080e79076792912677b34394b959d2e15d225298877ef0a96b1678dc6c10f,52a220bc6022068c0a091f776bd159d79e4e79421bda83e93fa374cc898034fe,b15be6cb71072b84f7e1e198ce023fc5bb8b1e625335904ddcf3cffcd8b7312b,644f7cc2feb840b29f18e8e6e3f52ed4bd803a16800aa03c6e76f91459602228,,,,,0,LOADED_VM,,NOT_STARTED,NOT_STARTED,NOT_STARTED,SVG_OPTIONAL,SVG_OPTIONAL,,,NONE,NO_PROBLEM_VISUAL,N/A,NONE,NOT_STARTED,,,,NOT_STARTED,NOT_STARTED,NOT_STARTED,NOT_TESTED,PASS,canonical_and_compiled_master_match,INVENTORY_PENDING,01_scope_inventory.csv#archive/exams/original/high/h1/1mid/23_매산고_1학기_중간_고1_기출.js|23_매산고_1학기_중간_고1_기출|4,,INDEX_RECORD_PRESENT,original/high/h1/1mid/23_매산고_1학기_중간_고1_기출.js_4,5df107ced37bdd1fa5c9576344a398127e4086dfc138b0b049ab1e3e78780fd5,true,③,IN_SCOPE_FORWARD,,,CLOSED_NO_SHARED_ASSET
archive/exams/original/high/h1/1mid/23_매산고_1학기_중간_고1_기출.js|23_매산고_1학기_중간_고1_기출|9,archive/exams/original/high/h1/1mid/23_매산고_1학기_중간_고1_기출.js,23_매산고_1학기_중간_고1_기출,9,9,9,2015,수학(상),H15-SA-02,항등식과 나머지정리,2,H15-SA-02-REMAINDER_FACTOR,나머지정리와 인수정리,rule_inferred,complete_rule,객관식,grid,false,객관식|다항식|항등식|나머지정리|전개|계수비교|함수|계산,06b91ff524246c23c8b251be87218c22715fc86461a7ecf607090bd62717c50f,ddc362ceaf55e551a2df19321829c6a5fe3c3269cf0e1e51a6b618713ea8afb6,d41ea6521f53fb3dfa10cf72e2932f4405d9c999fa422cdc840d25d57e90dd34,2d15497bac22cba71a2bc34642a220591565b8b33e8bdf52c3693245feb6fe42,,,,,0,LOADED_VM,,NOT_STARTED,NOT_STARTED,NOT_STARTED,SVG_OPTIONAL,SVG_OPTIONAL,,,NONE,NO_PROBLEM_VISUAL,N/A,NONE,NOT_STARTED,,,,NOT_STARTED,NOT_STARTED,NOT_STARTED,NOT_TESTED,PASS,canonical_and_compiled_master_match,INVENTORY_PENDING,01_scope_inventory.csv#archive/exams/original/high/h1/1mid/23_매산고_1학기_중간_고1_기출.js|23_매산고_1학기_중간_고1_기출|9,,INDEX_RECORD_PRESENT,original/high/h1/1mid/23_매산고_1학기_중간_고1_기출.js_9,5df107ced37bdd1fa5c9576344a398127e4086dfc138b0b049ab1e3e78780fd5,true,④,IN_SCOPE_FORWARD,,,CLOSED_NO_SHARED_ASSET
archive/exams/original/high/h1/1mid/23_부영여고_1학기_중간_고1_기출.js|23_부영여고_1학기_중간_고1_기출|2,archive/exams/original/high/h1/1mid/23_부영여고_1학기_중간_고1_기출.js,23_부영여고_1학기_중간_고1_기출,2,2,2,2015,수학(상),H15-SA-02,항등식과 나머지정리,2,H15-SA-02-REMAINDER_FACTOR,나머지정리와 인수정리,rule_inferred,complete_rule,객관식,grid,false,객관식|항등식|나머지정리|계수비교|대입|조건해석|계산,0306d7e3ecfab828f95b2f9e09c7bafc007576c4f73ed26cde9136290159fb4a,ebb443eccdb14874856e0eb5c7b00fa4c968eb3566927473c4dc87d7b7b4719a,d41ea6521f53fb3dfa10cf72e2932f4405d9c999fa422cdc840d25d57e90dd34,8815b571b7d6cb6b79404d2042edd4f940de7de59baa380a05d23431bceb4076,,,,,0,LOADED_VM,,NOT_STARTED,NOT_STARTED,NOT_STARTED,SVG_OPTIONAL,SVG_OPTIONAL,,,NONE,NO_PROBLEM_VISUAL,N/A,NONE,NOT_STARTED,,,,NOT_STARTED,NOT_STARTED,NOT_STARTED,NOT_TESTED,PASS,canonical_and_compiled_master_match,INVENTORY_PENDING,01_scope_inventory.csv#archive/exams/original/high/h1/1mid/23_부영여고_1학기_중간_고1_기출.js|23_부영여고_1학기_중간_고1_기출|2,,INDEX_RECORD_PRESENT,original/high/h1/1mid/23_부영여고_1학기_중간_고1_기출.js_2,bd5c7ae0dfd8afc3cf3b8508fbf0e2d868fd4c1d68484f4cd0bc589c374d288d,true,④,IN_SCOPE_FORWARD,,,CLOSED_NO_SHARED_ASSET
archive/exams/original/high/h1/1mid/23_부영여고_1학기_중간_고1_기출.js|23_부영여고_1학기_중간_고1_기출|17,archive/exams/original/high/h1/1mid/23_부영여고_1학기_중간_고1_기출.js,23_부영여고_1학기_중간_고1_기출,17,17,17,2015,수학(상),H15-SA-02,항등식과 나머지정리,2,H15-SA-02-REMAINDER_FACTOR,나머지정리와 인수정리,rule_inferred,complete_rule,객관식,grid,false,객관식|다항식|항등식|나머지정리|계수비교|대입|조건해석|계산,c0a437128b6868beaf7b0ceac7ce90310bc1a25677cc6a5fac1305aa8484b2ed,c8cb7a3252bcd8b6450899f3da09f1f91649e04584a833aa1d645ecfebd2f9ad,b15be6cb71072b84f7e1e198ce023fc5bb8b1e625335904ddcf3cffcd8b7312b,0a37cbce8a470b6fc33333fdf5b813fd5593fda0daad5fdca06e24dec6a21fc1,,,,,0,LOADED_VM,,NOT_STARTED,NOT_STARTED,NOT_STARTED,SVG_OPTIONAL,SVG_OPTIONAL,,,NONE,NO_PROBLEM_VISUAL,N/A,NONE,NOT_STARTED,,,,NOT_STARTED,NOT_STARTED,NOT_STARTED,NOT_TESTED,PASS,canonical_and_compiled_master_match,INVENTORY_PENDING,01_scope_inventory.csv#archive/exams/original/high/h1/1mid/23_부영여고_1학기_중간_고1_기출.js|23_부영여고_1학기_중간_고1_기출|17,,INDEX_RECORD_PRESENT,original/high/h1/1mid/23_부영여고_1학기_중간_고1_기출.js_17,bd5c7ae0dfd8afc3cf3b8508fbf0e2d868fd4c1d68484f4cd0bc589c374d288d,true,③,IN_SCOPE_FORWARD,,,CLOSED_NO_SHARED_ASSET
archive/exams/original/high/h1/1mid/23_여수여고_1학기_중간_고1_기출.js|23_여수여고_1학기_중간_고1_기출|5,archive/exams/original/high/h1/1mid/23_여수여고_1학기_중간_고1_기출.js,23_여수여고_1학기_중간_고1_기출,5,5,5,2015,수학(상),H15-SA-02,항등식과 나머지정리,2,H15-SA-02-REMAINDER_FACTOR,나머지정리와 인수정리,category_or_cue_inferred,complete_category,객관식,grid,false,객관식|다항식|항등식|나머지정리|인수분해|도형|원|대입,209f8a1374b195db02679a571ced7a77ae9cff28bca30b664ee5ca89f02626d8,8782d837a1f67153cde146854c256e112fd947e802a17faf10a1e52af275c5d5,dfde05a3668030e99ca64d8d4ae5f6b64c7a87cee61c0ba43904b92ef210191d,4643bd6a9eb13c299bb30b79f5700295e011865478df4decba3c7255854596d7,,,,,0,LOADED_VM,,NOT_STARTED,NOT_STARTED,NOT_STARTED,SVG_REQUIRED_MISSING,SVG_REQUIRED_MISSING,COORDINATE_OR_GEOMETRY_STRUCTURE,,VISUAL_CANDIDATE,NO_PROBLEM_VISUAL,REVIEW_REQUIRED,NONE,NOT_STARTED,,,,NOT_STARTED,NOT_STARTED,NOT_STARTED,NOT_TESTED,PASS,canonical_and_compiled_master_match,INVENTORY_PENDING,01_scope_inventory.csv#archive/exams/original/high/h1/1mid/23_여수여고_1학기_중간_고1_기출.js|23_여수여고_1학기_중간_고1_기출|5,,INDEX_RECORD_PRESENT,original/high/h1/1mid/23_여수여고_1학기_중간_고1_기출.js_5,a63fb917216bab5716599298813e458f01ee81c972938af3651a686e0633b3e1,true,②,IN_SCOPE_FORWARD,,,CLOSED_NO_SHARED_ASSET
archive/exams/original/high/h1/1mid/23_여수여고_1학기_중간_고1_기출.js|23_여수여고_1학기_중간_고1_기출|6,archive/exams/original/high/h1/1mid/23_여수여고_1학기_중간_고1_기출.js,23_여수여고_1학기_중간_고1_기출,6,6,6,2015,수학(상),H15-SA-02,항등식과 나머지정리,2,H15-SA-02-IDENTITY,항등식과 계수비교,category_or_cue_inferred,complete_category,객관식,grid,false,객관식|항등식|나머지정리|인수분해|이차방정식|지수|참거짓|대입,04dc8a1ac6fd7bcfbb685b3601d1446c0053dfaa8ec6056b81126879542bcc1e,f2651fa5c0e3738a69cb233626cfbf6638c81fec32c5bc2bac6e05aab25b7c7b,4fcc14dd33588849a751380031f0dd77bdfd09a1bb240a3db58f5a66498f44e7,d44c87ea05693d698186f0d36f53ce129c06a5f20e5538d4d37d646a3d6556f9,,,,,0,LOADED_VM,,NOT_STARTED,NOT_STARTED,NOT_STARTED,SVG_OPTIONAL,SVG_OPTIONAL,,,NONE,NO_PROBLEM_VISUAL,N/A,NONE,NOT_STARTED,,,,NOT_STARTED,NOT_STARTED,NOT_STARTED,NOT_TESTED,PASS,canonical_and_compiled_master_match,INVENTORY_PENDING,01_scope_inventory.csv#archive/exams/original/high/h1/1mid/23_여수여고_1학기_중간_고1_기출.js|23_여수여고_1학기_중간_고1_기출|6,,INDEX_RECORD_PRESENT,original/high/h1/1mid/23_여수여고_1학기_중간_고1_기출.js_6,a63fb917216bab5716599298813e458f01ee81c972938af3651a686e0633b3e1,true,"②, ③",IN_SCOPE_FORWARD,,,CLOSED_NO_SHARED_ASSET
archive/exams/original/high/h1/1mid/23_여수여고_1학기_중간_고1_기출.js|23_여수여고_1학기_중간_고1_기출|7,archive/exams/original/high/h1/1mid/23_여수여고_1학기_중간_고1_기출.js,23_여수여고_1학기_중간_고1_기출,7,7,7,2015,수학(상),H15-SA-02,항등식과 나머지정리,2,H15-SA-02-IDENTITY,항등식과 계수비교,category_or_cue_inferred,complete_category,객관식,grid,false,객관식|항등식|나머지정리|인수분해|계수비교|대입|조건해석|계산,8a0979ff0458240b3b885b1439af3cf649536e20f03c5ceca25d403f6a282f6b,414058729cc4d2ca246f05b79ffd35a94ea4f6f599da7a4e2fbaa7ac14fb75f0,b15be6cb71072b84f7e1e198ce023fc5bb8b1e625335904ddcf3cffcd8b7312b,b3c476238282ee0ada31bc675ee1605a8e4168ec012ae18f6a995b3d1b51b5eb,,,,,0,LOADED_VM,,NOT_STARTED,NOT_STARTED,NOT_STARTED,SVG_OPTIONAL,SVG_OPTIONAL,,,NONE,NO_PROBLEM_VISUAL,N/A,NONE,NOT_STARTED,,,,NOT_STARTED,NOT_STARTED,NOT_STARTED,NOT_TESTED,PASS,canonical_and_compiled_master_match,INVENTORY_PENDING,01_scope_inventory.csv#archive/exams/original/high/h1/1mid/23_여수여고_1학기_중간_고1_기출.js|23_여수여고_1학기_중간_고1_기출|7,,INDEX_RECORD_PRESENT,original/high/h1/1mid/23_여수여고_1학기_중간_고1_기출.js_7,a63fb917216bab5716599298813e458f01ee81c972938af3651a686e0633b3e1,true,③,IN_SCOPE_FORWARD,,,CLOSED_NO_SHARED_ASSET
archive/exams/original/high/h1/1mid/23_여수여고_1학기_중간_고1_기출.js|23_여수여고_1학기_중간_고1_기출|8,archive/exams/original/high/h1/1mid/23_여수여고_1학기_중간_고1_기출.js,23_여수여고_1학기_중간_고1_기출,8,8,8,2015,수학(상),H15-SA-02,항등식과 나머지정리,2,H15-SA-02-REMAINDER_FACTOR,나머지정리와 인수정리,category_or_cue_inferred,complete_category,객관식,grid,false,객관식|나머지정리|인수정리|인수분해|계수비교|대입|조건해석|계산,f7cfd4f16c2df2a224413f9fa6773402b778c3be4f1fdab1f9900df0c42e1f21,119a6d81cf8b830697ba7ba1e4042113a222c8a082c3619f03f917d8c647f06f,b15be6cb71072b84f7e1e198ce023fc5bb8b1e625335904ddcf3cffcd8b7312b,14836c98bb0710b9fc70bf80f5e64fd807ef21e93874c4675db2dce65f65ca99,,,,,0,LOADED_VM,,NOT_STARTED,NOT_STARTED,NOT_STARTED,SVG_OPTIONAL,SVG_OPTIONAL,,,NONE,NO_PROBLEM_VISUAL,N/A,NONE,NOT_STARTED,,,,NOT_STARTED,NOT_STARTED,NOT_STARTED,NOT_TESTED,PASS,canonical_and_compiled_master_match,INVENTORY_PENDING,01_scope_inventory.csv#archive/exams/original/high/h1/1mid/23_여수여고_1학기_중간_고1_기출.js|23_여수여고_1학기_중간_고1_기출|8,,INDEX_RECORD_PRESENT,original/high/h1/1mid/23_여수여고_1학기_중간_고1_기출.js_8,a63fb917216bab5716599298813e458f01ee81c972938af3651a686e0633b3e1,true,③,IN_SCOPE_FORWARD,,,CLOSED_NO_SHARED_ASSET
archive/exams/original/high/h1/1mid/23_여수여고_1학기_중간_고1_기출.js|23_여수여고_1학기_중간_고1_기출|20,archive/exams/original/high/h1/1mid/23_여수여고_1학기_중간_고1_기출.js,23_여수여고_1학기_중간_고1_기출,20,20,20,2015,수학(상),H15-SA-02,항등식과 나머지정리,2,H15-SA-02-REMAINDER_FACTOR,나머지정리와 인수정리,category_or_cue_inferred,complete_category,서술형,grid,false,서술형|제곱근|근호|계수비교|복소수|이차방정식|근과계수|참거짓,b0b837182332950d53cc670f6af0b7c1c524897c53eb1ee902d30a58b53c77c1,4f53cda18c2baa0c0354bb5f9a3ecbe5ed12ab4d8e11ba873c2f11161202b945,bfcbb06fc95388cdfe44e3a86593096ac2f084456f526a194a16450addab17e0,f48950aee7de2be1e6d24abb6cd6845a842a0606b8e391fed748fa2342f934b9,,,,,0,LOADED_VM,,NOT_STARTED,NOT_STARTED,NOT_STARTED,SVG_OPTIONAL,SVG_OPTIONAL,,,NONE,NO_PROBLEM_VISUAL,N/A,NONE,NOT_STARTED,,,,NOT_STARTED,NOT_STARTED,NOT_STARTED,NOT_TESTED,PASS,canonical_and_compiled_master_match,INVENTORY_PENDING,01_scope_inventory.csv#archive/exams/original/high/h1/1mid/23_여수여고_1학기_중간_고1_기출.js|23_여수여고_1학기_중간_고1_기출|20,,INDEX_RECORD_PRESENT,original/high/h1/1mid/23_여수여고_1학기_중간_고1_기출.js_20,a63fb917216bab5716599298813e458f01ee81c972938af3651a686e0633b3e1,true,"몫: $\frac{1}{2}x-1$, 나머지: $3x-2$",IN_SCOPE_FORWARD,,,CLOSED_NO_SHARED_ASSET
archive/exams/original/high/h1/1mid/23_여천고_1학기_중간_고1_기출.js|23_여천고_1학기_중간_고1_기출|19,archive/exams/original/high/h1/1mid/23_여천고_1학기_중간_고1_기출.js,23_여천고_1학기_중간_고1_기출,19,19,19,2015,수학(상),H15-SA-02,항등식과 나머지정리,2,H15-SA-02-REMAINDER_FACTOR,나머지정리와 인수정리,category_or_cue_inferred,complete_category,단답형,grid,false,서술형|다항식|나머지정리|범위|조건해석|계산,2cb306c07474a9f0ee9965f6938c58b551a0b9ffc2a5528d93ceace665191339,4f53cda18c2baa0c0354bb5f9a3ecbe5ed12ab4d8e11ba873c2f11161202b945,05ae3829aa2eca64a4a9e8c7d5fe87dc543582a0e84e646b43626223a2221239,95feac8a5fefbe3ec1ac1dcaa0c37e05c786de2c9389d77284d64e1db1fb7817,,,,,0,LOADED_VM,,NOT_STARTED,NOT_STARTED,NOT_STARTED,SVG_OPTIONAL,SVG_OPTIONAL,,,NONE,NO_PROBLEM_VISUAL,N/A,NONE,NOT_STARTED,,,,NOT_STARTED,NOT_STARTED,NOT_STARTED,NOT_TESTED,PASS,canonical_and_compiled_master_match,INVENTORY_PENDING,01_scope_inventory.csv#archive/exams/original/high/h1/1mid/23_여천고_1학기_중간_고1_기출.js|23_여천고_1학기_중간_고1_기출|19,,INDEX_RECORD_PRESENT,original/high/h1/1mid/23_여천고_1학기_중간_고1_기출.js_19,c5af366d4db36ad28d61a31c2a98fc8f62ad45df2365b8ad4ed7c902ec91ad33,true,x^2-x-3,IN_SCOPE_FORWARD,,,CLOSED_NO_SHARED_ASSET
archive/exams/original/high/h1/1mid/23_충무고_1학기_중간_고1_기출.js|23_충무고_1학기_중간_고1_기출|6,archive/exams/original/high/h1/1mid/23_충무고_1학기_중간_고1_기출.js,23_충무고_1학기_중간_고1_기출,6,6,6,2015,수학(상),H15-SA-02,항등식과 나머지정리,2,H15-SA-02-REMAINDER_FACTOR,나머지정리와 인수정리,rule_inferred,complete_rule,객관식,grid,false,객관식|항등식|나머지정리|대입|계산,308fa00737c7722535e890105781bf7b206ddb3a87e120739933d792a6874ecd,7b82825a73cbecd86642e90b1a3f0f9736b8060a113db52a902292b39cfe46a1,0bdef091c479702584f065d3a3714f8a76f851b3f0cf10912f345a5dd930b0a8,2d0aad1517c75d5eabfd17537c8f5e30037a1a45d0007c7c6680eccc7a9d3bbc,,,,,0,LOADED_VM,,NOT_STARTED,NOT_STARTED,NOT_STARTED,SVG_OPTIONAL,SVG_OPTIONAL,,,NONE,NO_PROBLEM_VISUAL,N/A,NONE,NOT_STARTED,,,,NOT_STARTED,NOT_STARTED,NOT_STARTED,NOT_TESTED,PASS,canonical_and_compiled_master_match,INVENTORY_PENDING,01_scope_inventory.csv#archive/exams/original/high/h1/1mid/23_충무고_1학기_중간_고1_기출.js|23_충무고_1학기_중간_고1_기출|6,,INDEX_RECORD_PRESENT,original/high/h1/1mid/23_충무고_1학기_중간_고1_기출.js_6,84c6ba6012840087472cb4fb19c4ceb5c17c952dbb839781b0a36cc0ec41e4f4,true,⑤,IN_SCOPE_FORWARD,,,CLOSED_NO_SHARED_ASSET
archive/exams/original/high/h1/1mid/23_충무고_1학기_중간_고1_기출.js|23_충무고_1학기_중간_고1_기출|8,archive/exams/original/high/h1/1mid/23_충무고_1학기_중간_고1_기출.js,23_충무고_1학기_중간_고1_기출,8,8,8,2015,수학(상),H15-SA-02,항등식과 나머지정리,2,H15-SA-02-REMAINDER_FACTOR,나머지정리와 인수정리,rule_inferred,complete_rule,객관식,grid,false,객관식|다항식|항등식|나머지정리|조건해석|계산,20d6e61e3e4a4a034a54b2136e4ec072dbd95dee04afb113e792f69d0e6d6437,3cc19e370a6671b60f17396fd032ed6593aa1547f8af80d6ab8d949018911b5e,b15be6cb71072b84f7e1e198ce023fc5bb8b1e625335904ddcf3cffcd8b7312b,50f3e94ef80ddcc32a0a430b27f8a0a752c1e7a28842ae5618a2676e4bab029c,,,,,0,LOADED_VM,,NOT_STARTED,NOT_STARTED,NOT_STARTED,SVG_OPTIONAL,SVG_OPTIONAL,,,NONE,NO_PROBLEM_VISUAL,N/A,NONE,NOT_STARTED,,,,NOT_STARTED,NOT_STARTED,NOT_STARTED,NOT_TESTED,PASS,canonical_and_compiled_master_match,INVENTORY_PENDING,01_scope_inventory.csv#archive/exams/original/high/h1/1mid/23_충무고_1학기_중간_고1_기출.js|23_충무고_1학기_중간_고1_기출|8,,INDEX_RECORD_PRESENT,original/high/h1/1mid/23_충무고_1학기_중간_고1_기출.js_8,84c6ba6012840087472cb4fb19c4ceb5c17c952dbb839781b0a36cc0ec41e4f4,true,③,IN_SCOPE_FORWARD,,,CLOSED_NO_SHARED_ASSET
archive/exams/original/high/h1/1mid/23_충무고_1학기_중간_고1_기출.js|23_충무고_1학기_중간_고1_기출|14,archive/exams/original/high/h1/1mid/23_충무고_1학기_중간_고1_기출.js,23_충무고_1학기_중간_고1_기출,14,14,14,2015,수학(상),H15-SA-02,항등식과 나머지정리,2,H15-SA-02-REMAINDER_FACTOR,나머지정리와 인수정리,rule_inferred,complete_rule,객관식,grid,false,객관식|항등식|나머지정리|부등식|조건해석|계산,373de56af8f9499326cb5b56810f9d5f5492dbf44d5c2ed618784d5ef220b540,964271fd109cb43d7d2dd9be2319f7028acfa03f54a692534514537330345e2e,b15be6cb71072b84f7e1e198ce023fc5bb8b1e625335904ddcf3cffcd8b7312b,b26c6882e67be85149fc0d5cb4642f380772766d06998ea1cfbc5287188c59e4,,,,,0,LOADED_VM,,NOT_STARTED,NOT_STARTED,NOT_STARTED,SVG_OPTIONAL,SVG_OPTIONAL,,,NONE,NO_PROBLEM_VISUAL,N/A,NONE,NOT_STARTED,,,,NOT_STARTED,NOT_STARTED,NOT_STARTED,NOT_TESTED,PASS,canonical_and_compiled_master_match,INVENTORY_PENDING,01_scope_inventory.csv#archive/exams/original/high/h1/1mid/23_충무고_1학기_중간_고1_기출.js|23_충무고_1학기_중간_고1_기출|14,,INDEX_RECORD_PRESENT,original/high/h1/1mid/23_충무고_1학기_중간_고1_기출.js_14,84c6ba6012840087472cb4fb19c4ceb5c17c952dbb839781b0a36cc0ec41e4f4,true,③,IN_SCOPE_FORWARD,,,CLOSED_NO_SHARED_ASSET
archive/exams/original/high/h1/1mid/23_충무고_1학기_중간_고1_기출.js|23_충무고_1학기_중간_고1_기출|18,archive/exams/original/high/h1/1mid/23_충무고_1학기_중간_고1_기출.js,23_충무고_1학기_중간_고1_기출,18,18,18,2015,수학(상),H15-SA-02,항등식과 나머지정리,2,H15-SA-02-REMAINDER_FACTOR,나머지정리와 인수정리,rule_inferred,complete_rule,객관식,grid,false,객관식|항등식|나머지정리|이차방정식|범위|조건해석|계산,21a14a3751e9a69cc878470c4ed8bb5717a1d977b994c67ffd8d7238c75dd193,f35e8840d663fb44469000b14a2a8e78ad4d0b96c45927034b89dd2949c8af41,0bdef091c479702584f065d3a3714f8a76f851b3f0cf10912f345a5dd930b0a8,3f814fe881f4f1e7eba8857a72aa4966b53b41f648cc680c55c72a26a13e76ce,,,,,0,LOADED_VM,,NOT_STARTED,NOT_STARTED,NOT_STARTED,SVG_OPTIONAL,SVG_OPTIONAL,,,NONE,NO_PROBLEM_VISUAL,N/A,NONE,NOT_STARTED,,,,NOT_STARTED,NOT_STARTED,NOT_STARTED,NOT_TESTED,PASS,canonical_and_compiled_master_match,INVENTORY_PENDING,01_scope_inventory.csv#archive/exams/original/high/h1/1mid/23_충무고_1학기_중간_고1_기출.js|23_충무고_1학기_중간_고1_기출|18,,INDEX_RECORD_PRESENT,original/high/h1/1mid/23_충무고_1학기_중간_고1_기출.js_18,84c6ba6012840087472cb4fb19c4ceb5c17c952dbb839781b0a36cc0ec41e4f4,true,⑤,IN_SCOPE_FORWARD,,,CLOSED_NO_SHARED_ASSET
archive/exams/original/high/h1/1mid/23_한영고_1학기_중간_고1_기출.js|2023_한영고_1학기_중간_고1_수학상|6,archive/exams/original/high/h1/1mid/23_한영고_1학기_중간_고1_기출.js,2023_한영고_1학기_중간_고1_수학상,6,6,6,2015,수학(상),H15-SA-02,항등식과 나머지정리,2,H15-SA-02-REMAINDER_FACTOR,나머지정리와 인수정리,category_or_cue_inferred,complete_category,객관식,grid,false,객관식|다항식|나머지정리|인수정리|인수분해|계수비교|연립방정식|대입,4d896ef4d83d4e3a04816764c3ec880dcb633b399344cdbc520f80b1dfdd24d4,4f2ccc950379ca72f163eaa1d0f046bbcbfe0870c34fd61affca717fbb7c2778,0bdef091c479702584f065d3a3714f8a76f851b3f0cf10912f345a5dd930b0a8,0ab960cc337aada17bfacac8d77b71b2f4c4717e672a8da1c0120fb66913bb8a,,,,,0,LOADED_VM,,NOT_STARTED,NOT_STARTED,NOT_STARTED,SVG_OPTIONAL,SVG_OPTIONAL,,,NONE,NO_PROBLEM_VISUAL,N/A,NONE,NOT_STARTED,,,,NOT_STARTED,NOT_STARTED,NOT_STARTED,NOT_TESTED,PASS,canonical_and_compiled_master_match,INVENTORY_PENDING,01_scope_inventory.csv#archive/exams/original/high/h1/1mid/23_한영고_1학기_중간_고1_기출.js|2023_한영고_1학기_중간_고1_수학상|6,,INDEX_RECORD_PRESENT,original/high/h1/1mid/23_한영고_1학기_중간_고1_기출.js_6,483e70bb9d791873360b8c764f248dd96d89f7639ed952c2a63a4690af842e54,true,⑤,IN_SCOPE_FORWARD,,,CLOSED_NO_SHARED_ASSET
archive/exams/original/high/h1/1mid/23_한영고_1학기_중간_고1_기출.js|2023_한영고_1학기_중간_고1_수학상|14,archive/exams/original/high/h1/1mid/23_한영고_1학기_중간_고1_기출.js,2023_한영고_1학기_중간_고1_수학상,14,14,14,2015,수학(상),H15-SA-02,항등식과 나머지정리,2,H15-SA-02-REMAINDER_FACTOR,나머지정리와 인수정리,category_or_cue_inferred,complete_category,객관식,grid,false,객관식|다항식|항등식|나머지정리|인수분해|계수비교|표해석|범위,246d0ecb45bab0457e86a7a86cbf337817f98959b1865e1f0dac2300aae12021,f087853c8782fe9c9b4d7cb7a4d79cc250f6f757cec589a0552e5cb6574f827f,dfde05a3668030e99ca64d8d4ae5f6b64c7a87cee61c0ba43904b92ef210191d,b3025ba60ee08651febbdcb63d1a6724d0c08b59d91423e1731ab2a9ab47e62e,,,,,0,LOADED_VM,,NOT_STARTED,NOT_STARTED,NOT_STARTED,SVG_REQUIRED_MISSING,SVG_REQUIRED_MISSING,TABLE_OR_MATRIX_STRUCTURE,,VISUAL_CANDIDATE,NO_PROBLEM_VISUAL,SCHEMATIC_OR_REVIEW,NONE,NOT_STARTED,,,,NOT_STARTED,NOT_STARTED,NOT_STARTED,NOT_TESTED,PASS,canonical_and_compiled_master_match,INVENTORY_PENDING,01_scope_inventory.csv#archive/exams/original/high/h1/1mid/23_한영고_1학기_중간_고1_기출.js|2023_한영고_1학기_중간_고1_수학상|14,,INDEX_RECORD_PRESENT,original/high/h1/1mid/23_한영고_1학기_중간_고1_기출.js_14,483e70bb9d791873360b8c764f248dd96d89f7639ed952c2a63a4690af842e54,true,②,IN_SCOPE_FORWARD,,,CLOSED_NO_SHARED_ASSET
archive/exams/original/high/h1/1mid/23_한영고_1학기_중간_고1_기출.js|2023_한영고_1학기_중간_고1_수학상|16,archive/exams/original/high/h1/1mid/23_한영고_1학기_중간_고1_기출.js,2023_한영고_1학기_중간_고1_수학상,16,16,16,2015,수학(상),H15-SA-02,항등식과 나머지정리,2,H15-SA-02-IDENTITY,항등식과 계수비교,category_or_cue_inferred,complete_category,단답형,grid,false,서술형|항등식|나머지정리|인수분해|계수비교|조건해석|계산|개념,7c6d12f8eb603f5107ef8eea8f19bc48777abbbe8f960781729296c19dc0f8dc,4f53cda18c2baa0c0354bb5f9a3ecbe5ed12ab4d8e11ba873c2f11161202b945,b784af9867e609a4241d51672557e7e89e5ba7e37d1f8258c7478d10da8005f7,02e86ec6ea73d7f033a65126ac05b75adb2b7c373722e4c971c0b047f217b534,,,,,0,LOADED_VM,,NOT_STARTED,NOT_STARTED,NOT_STARTED,SVG_OPTIONAL,SVG_OPTIONAL,,,NONE,NO_PROBLEM_VISUAL,N/A,NONE,NOT_STARTED,,,,NOT_STARTED,NOT_STARTED,NOT_STARTED,NOT_TESTED,PASS,canonical_and_compiled_master_match,INVENTORY_PENDING,01_scope_inventory.csv#archive/exams/original/high/h1/1mid/23_한영고_1학기_중간_고1_기출.js|2023_한영고_1학기_중간_고1_수학상|16,,INDEX_RECORD_PRESENT,original/high/h1/1mid/23_한영고_1학기_중간_고1_기출.js_16,483e70bb9d791873360b8c764f248dd96d89f7639ed952c2a63a4690af842e54,true,-7,IN_SCOPE_FORWARD,,,CLOSED_NO_SHARED_ASSET
archive/exams/original/high/h1/1mid/24_여수고_1학기_중간_고1_기출.js|24_여수고_1학기_중간_고1_기출|5,archive/exams/original/high/h1/1mid/24_여수고_1학기_중간_고1_기출.js,24_여수고_1학기_중간_고1_기출,5,5,5,2015,수학(상),H15-SA-02,항등식과 나머지정리,2,H15-SA-02-REMAINDER_FACTOR,나머지정리와 인수정리,rule_inferred,complete_rule,객관식,grid,false,객관식|다항식|항등식|나머지정리|인수정리|인수분해|대입|계산,7137a7504068542aec573e8da416629c4d313179759beda979010d9c905c0cc2,1866b4bda5672657cf1eb8f6b39284a186b60226c0bc7fb581bd21ee6a0018de,b15be6cb71072b84f7e1e198ce023fc5bb8b1e625335904ddcf3cffcd8b7312b,567e1956cb7bf13ae57fe931b43ee4a1981149b1570f3a57b3eb259f96802fb4,,,,,0,LOADED_VM,,NOT_STARTED,NOT_STARTED,NOT_STARTED,SVG_OPTIONAL,SVG_OPTIONAL,,,NONE,NO_PROBLEM_VISUAL,N/A,NONE,NOT_STARTED,,,,NOT_STARTED,NOT_STARTED,NOT_STARTED,NOT_TESTED,PASS,canonical_and_compiled_master_match,INVENTORY_PENDING,01_scope_inventory.csv#archive/exams/original/high/h1/1mid/24_여수고_1학기_중간_고1_기출.js|24_여수고_1학기_중간_고1_기출|5,,INDEX_RECORD_PRESENT,original/high/h1/1mid/24_여수고_1학기_중간_고1_기출.js_5,660492f755e39b6181a5571487b3bba25244a0b1605f0c43e4b4c33e6ca12580,true,③,IN_SCOPE_FORWARD,,,CLOSED_NO_SHARED_ASSET
archive/exams/original/high/h1/1mid/24_여수고_1학기_중간_고1_기출.js|24_여수고_1학기_중간_고1_기출|10,archive/exams/original/high/h1/1mid/24_여수고_1학기_중간_고1_기출.js,24_여수고_1학기_중간_고1_기출,10,10,10,2015,수학(상),H15-SA-02,항등식과 나머지정리,2,H15-SA-02-REMAINDER_FACTOR,나머지정리와 인수정리,rule_inferred,complete_rule,객관식,grid,false,객관식|항등식|나머지정리|판별식|조건해석|계산,3f42016538126573eafa77612f96beb322e6d93cd02331c2f00fbc529c060cb3,6033d7e7888e1a60a9b1a417efecef22a974b47d691d06098d1332e748821210,973d2fd2f97e26a666f403b12da6d87e527985b36bcf4ff0a47c7e7e8c36321a,e5c7b2ad20d623f3ea80e99fea52bd84fda9250ed781b4f052cdd4f7088ad86e,,,,,0,LOADED_VM,,NOT_STARTED,NOT_STARTED,NOT_STARTED,SVG_OPTIONAL,SVG_OPTIONAL,,,NONE,NO_PROBLEM_VISUAL,N/A,NONE,NOT_STARTED,,,,NOT_STARTED,NOT_STARTED,NOT_STARTED,NOT_TESTED,PASS,canonical_and_compiled_master_match,INVENTORY_PENDING,01_scope_inventory.csv#archive/exams/original/high/h1/1mid/24_여수고_1학기_중간_고1_기출.js|24_여수고_1학기_중간_고1_기출|10,,INDEX_RECORD_PRESENT,original/high/h1/1mid/24_여수고_1학기_중간_고1_기출.js_10,660492f755e39b6181a5571487b3bba25244a0b1605f0c43e4b4c33e6ca12580,true,①,IN_SCOPE_FORWARD,,,CLOSED_NO_SHARED_ASSET
archive/exams/original/high/h1/1mid/24_여수고_1학기_중간_고1_기출.js|24_여수고_1학기_중간_고1_기출|11,archive/exams/original/high/h1/1mid/24_여수고_1학기_중간_고1_기출.js,24_여수고_1학기_중간_고1_기출,11,11,11,2015,수학(상),H15-SA-02,항등식과 나머지정리,2,H15-SA-02-REMAINDER_FACTOR,나머지정리와 인수정리,rule_inferred,complete_rule,객관식,grid,false,객관식|항등식|나머지정리|조건해석|계산,4ed575b4f896b9833055c9dbab521d9d15195ea0f40d6d6e9bdd477c00b05ba6,3cc19e370a6671b60f17396fd032ed6593aa1547f8af80d6ab8d949018911b5e,973d2fd2f97e26a666f403b12da6d87e527985b36bcf4ff0a47c7e7e8c36321a,28d8e11c8f621209d405d17cc717d73b0711364bcfcb8bcd62e9d3d03f035467,,,,,0,LOADED_VM,,NOT_STARTED,NOT_STARTED,NOT_STARTED,SVG_OPTIONAL,SVG_OPTIONAL,,,NONE,NO_PROBLEM_VISUAL,N/A,NONE,NOT_STARTED,,,,NOT_STARTED,NOT_STARTED,NOT_STARTED,NOT_TESTED,PASS,canonical_and_compiled_master_match,INVENTORY_PENDING,01_scope_inventory.csv#archive/exams/original/high/h1/1mid/24_여수고_1학기_중간_고1_기출.js|24_여수고_1학기_중간_고1_기출|11,,INDEX_RECORD_PRESENT,original/high/h1/1mid/24_여수고_1학기_중간_고1_기출.js_11,660492f755e39b6181a5571487b3bba25244a0b1605f0c43e4b4c33e6ca12580,true,①,IN_SCOPE_FORWARD,,,CLOSED_NO_SHARED_ASSET
archive/exams/original/high/h1/1mid/24_여수고_1학기_중간_고1_기출.js|24_여수고_1학기_중간_고1_기출|12,archive/exams/original/high/h1/1mid/24_여수고_1학기_중간_고1_기출.js,24_여수고_1학기_중간_고1_기출,12,12,12,2015,수학(상),H15-SA-02,항등식과 나머지정리,2,H15-SA-02-REMAINDER_FACTOR,나머지정리와 인수정리,rule_inferred,complete_rule,객관식,grid,false,객관식|항등식|나머지정리|계수비교|대입|조건해석|계산,18b12bfd36098ba3f33e4632cb1217c99a8df587348c96d2860e55826b3ecd4d,17f00ede978020c1dad6d8b5cefca8a685173cff5937022772ebb50dda89d30c,d41ea6521f53fb3dfa10cf72e2932f4405d9c999fa422cdc840d25d57e90dd34,409c26b759960d19cc6b7210bd5f7b2d4e8cb36ddd525a958c27bfb54a33890e,,,,,0,LOADED_VM,,NOT_STARTED,NOT_STARTED,NOT_STARTED,SVG_OPTIONAL,SVG_OPTIONAL,,,NONE,NO_PROBLEM_VISUAL,N/A,NONE,NOT_STARTED,,,,NOT_STARTED,NOT_STARTED,NOT_STARTED,NOT_TESTED,PASS,canonical_and_compiled_master_match,INVENTORY_PENDING,01_scope_inventory.csv#archive/exams/original/high/h1/1mid/24_여수고_1학기_중간_고1_기출.js|24_여수고_1학기_중간_고1_기출|12,,INDEX_RECORD_PRESENT,original/high/h1/1mid/24_여수고_1학기_중간_고1_기출.js_12,660492f755e39b6181a5571487b3bba25244a0b1605f0c43e4b4c33e6ca12580,true,④,IN_SCOPE_FORWARD,,,CLOSED_NO_SHARED_ASSET
archive/exams/original/high/h1/1mid/24_여수고_1학기_중간_고1_기출.js|24_여수고_1학기_중간_고1_기출|19,archive/exams/original/high/h1/1mid/24_여수고_1학기_중간_고1_기출.js,24_여수고_1학기_중간_고1_기출,19,19,19,2015,수학(상),H15-SA-02,항등식과 나머지정리,2,H15-SA-02-REMAINDER_FACTOR,나머지정리와 인수정리,candidate_evidence,complete_candidate,객관식,grid,false,객관식|다항식|인수분해|대입|계산,a265d32b24be6cb10b3cdae1924967b2e72160701f8cef99e0776359dfba146c,20f6adf5bd5d803ff95292d0187fb822a92b0d94b94e61c528371db30ec461f9,b15be6cb71072b84f7e1e198ce023fc5bb8b1e625335904ddcf3cffcd8b7312b,cfe6ae15fa9861134df6fd47e8d659ae5ec51b0ce0b2ecbc81a384c209ad9fcb,,,,,0,LOADED_VM,,NOT_STARTED,NOT_STARTED,NOT_STARTED,SVG_OPTIONAL,SVG_OPTIONAL,,,NONE,NO_PROBLEM_VISUAL,N/A,NONE,NOT_STARTED,,,,NOT_STARTED,NOT_STARTED,NOT_STARTED,NOT_TESTED,PASS,canonical_and_compiled_master_match,INVENTORY_PENDING,01_scope_inventory.csv#archive/exams/original/high/h1/1mid/24_여수고_1학기_중간_고1_기출.js|24_여수고_1학기_중간_고1_기출|19,,INDEX_RECORD_PRESENT,original/high/h1/1mid/24_여수고_1학기_중간_고1_기출.js_19,660492f755e39b6181a5571487b3bba25244a0b1605f0c43e4b4c33e6ca12580,true,③,IN_SCOPE_FORWARD,,,CLOSED_NO_SHARED_ASSET
archive/exams/original/high/h1/1mid/24_여수고_1학기_중간_고1_기출.js|24_여수고_1학기_중간_고1_기출|21,archive/exams/original/high/h1/1mid/24_여수고_1학기_중간_고1_기출.js,24_여수고_1학기_중간_고1_기출,21,21,21,2015,수학(상),H15-SA-02,항등식과 나머지정리,2,H15-SA-02-REMAINDER_FACTOR,나머지정리와 인수정리,rule_inferred,complete_rule,단답형,grid,false,서술형|다항식|항등식|나머지정리|전개|계수비교|조건해석|계산,338608b8bffc8296e255ebfaa9568246f566e482e63bae67f3a5b1133e97251c,4f53cda18c2baa0c0354bb5f9a3ecbe5ed12ab4d8e11ba873c2f11161202b945,dd6b103ebf3b8b608dbcdf18050e5b2985be0b1594d87793a97c3a90f2c50e4e,b5e159cd5668583f3edb9955e8666cb6a55f31d445daa5337a2f9a51f59e1928,,,,,0,LOADED_VM,,NOT_STARTED,NOT_STARTED,NOT_STARTED,SVG_OPTIONAL,SVG_OPTIONAL,,,NONE,NO_PROBLEM_VISUAL,N/A,NONE,NOT_STARTED,,,,NOT_STARTED,NOT_STARTED,NOT_STARTED,NOT_TESTED,PASS,canonical_and_compiled_master_match,INVENTORY_PENDING,01_scope_inventory.csv#archive/exams/original/high/h1/1mid/24_여수고_1학기_중간_고1_기출.js|24_여수고_1학기_중간_고1_기출|21,,INDEX_RECORD_PRESENT,original/high/h1/1mid/24_여수고_1학기_중간_고1_기출.js_21,660492f755e39b6181a5571487b3bba25244a0b1605f0c43e4b4c33e6ca12580,true,"a=-4, b=-4",IN_SCOPE_FORWARD,,,CLOSED_NO_SHARED_ASSET
archive/exams/original/high/h1/1mid/24_여수고_1학기_중간_고1_기출.js|24_여수고_1학기_중간_고1_기출|22,archive/exams/original/high/h1/1mid/24_여수고_1학기_중간_고1_기출.js,24_여수고_1학기_중간_고1_기출,22,22,22,2015,수학(상),H15-SA-02,항등식과 나머지정리,2,H15-SA-02-REMAINDER_FACTOR,나머지정리와 인수정리,candidate_evidence,complete_candidate,서술형,grid,false,서술형|나머지정리|대입|조건해석|계산,15f026d6a63fd8c7157a0711ca9a2c96dfbb8dd64a0a53e513c63d860a6026ed,4f53cda18c2baa0c0354bb5f9a3ecbe5ed12ab4d8e11ba873c2f11161202b945,f41c9eb846087f0daf22c75ad4a62566485dc971c5d5a6a8213e708b8a234634,c3d9375377be4667ac0463f5ed32a9c93b5bd7a9697ad36bf1f197e205746d9a,,,,,0,LOADED_VM,,NOT_STARTED,NOT_STARTED,NOT_STARTED,SVG_OPTIONAL,SVG_OPTIONAL,,,NONE,NO_PROBLEM_VISUAL,N/A,NONE,NOT_STARTED,,,,NOT_STARTED,NOT_STARTED,NOT_STARTED,NOT_TESTED,PASS,canonical_and_compiled_master_match,INVENTORY_PENDING,01_scope_inventory.csv#archive/exams/original/high/h1/1mid/24_여수고_1학기_중간_고1_기출.js|24_여수고_1학기_중간_고1_기출|22,,INDEX_RECORD_PRESENT,original/high/h1/1mid/24_여수고_1학기_중간_고1_기출.js_22,660492f755e39b6181a5571487b3bba25244a0b1605f0c43e4b4c33e6ca12580,true,135,IN_SCOPE_FORWARD,,,CLOSED_NO_SHARED_ASSET
archive/exams/original/high/h1/1mid/24_제일고_1학기_중간_고1_기출.js|24_제일고_1학기_중간_고1_수학|2,archive/exams/original/high/h1/1mid/24_제일고_1학기_중간_고1_기출.js,24_제일고_1학기_중간_고1_수학,2,2,2,2022,공통수학1,H22-C-02,항등식과 나머지 정리,2,H22-C-02-CORE,항등식과 나머지 정리 핵심 개념,rule_inferred,complete_rule,객관식,grid,false,객관식|다항식|나머지정리|대입|조건해석|계산,fea5f836441d0bf8d958310042063863ab662c0781b1260b0850193e0a9d7640,87a35902192b2ac3b25426497a6d1a734782c9179ebe9681c48610eca527f0d8,973d2fd2f97e26a666f403b12da6d87e527985b36bcf4ff0a47c7e7e8c36321a,56128e85040e557e5678bf5d0e745ead1999ed3a77d0bcc1370c567040abb8c3,,,,,0,LOADED_VM,,NOT_STARTED,NOT_STARTED,NOT_STARTED,SVG_OPTIONAL,SVG_OPTIONAL,,,NONE,NO_PROBLEM_VISUAL,N/A,NONE,NOT_STARTED,,,,NOT_STARTED,NOT_STARTED,NOT_STARTED,NOT_TESTED,PASS,canonical_and_compiled_master_match,INVENTORY_PENDING,01_scope_inventory.csv#archive/exams/original/high/h1/1mid/24_제일고_1학기_중간_고1_기출.js|24_제일고_1학기_중간_고1_수학|2,,INDEX_RECORD_PRESENT,original/high/h1/1mid/24_제일고_1학기_중간_고1_기출.js_2,a4fd9346dac6975e395fd6ebea29773b013f5cd40783ede93b895b2817993fe0,true,①,IN_SCOPE_FORWARD,,,CLOSED_NO_SHARED_ASSET
archive/exams/original/high/h1/1mid/24_제일고_1학기_중간_고1_기출.js|24_제일고_1학기_중간_고1_수학|8,archive/exams/original/high/h1/1mid/24_제일고_1학기_중간_고1_기출.js,24_제일고_1학기_중간_고1_수학,8,8,8,2022,공통수학1,H22-C-02,항등식과 나머지 정리,2,H22-C-02-CORE,항등식과 나머지 정리 핵심 개념,rule_inferred,complete_rule,객관식,grid,false,객관식|다항식|나머지정리|인수정리|인수분해|완전제곱식|지수|연립방정식,bd3a70b2afaf50e7f8be84f2bdbdc5c9871959fc894d7438d9d82125bdd03fbb,e1618478ac5e8cc246bf160ef370e76f40d3b8f53bbb7280a2e4a23cf722fa23,d41ea6521f53fb3dfa10cf72e2932f4405d9c999fa422cdc840d25d57e90dd34,9a6e8c272ca7950d8b13238957cc6a7f1b80d4a547ee7547549d0595056133b1,,,,,0,LOADED_VM,,NOT_STARTED,NOT_STARTED,NOT_STARTED,SVG_OPTIONAL,SVG_OPTIONAL,,,NONE,NO_PROBLEM_VISUAL,N/A,NONE,NOT_STARTED,,,,NOT_STARTED,NOT_STARTED,NOT_STARTED,NOT_TESTED,PASS,canonical_and_compiled_master_match,INVENTORY_PENDING,01_scope_inventory.csv#archive/exams/original/high/h1/1mid/24_제일고_1학기_중간_고1_기출.js|24_제일고_1학기_중간_고1_수학|8,,INDEX_RECORD_PRESENT,original/high/h1/1mid/24_제일고_1학기_중간_고1_기출.js_8,a4fd9346dac6975e395fd6ebea29773b013f5cd40783ede93b895b2817993fe0,true,④,IN_SCOPE_FORWARD,,,CLOSED_NO_SHARED_ASSET
archive/exams/original/high/h1/1mid/24_제일고_1학기_중간_고1_기출.js|24_제일고_1학기_중간_고1_수학|9,archive/exams/original/high/h1/1mid/24_제일고_1학기_중간_고1_기출.js,24_제일고_1학기_중간_고1_수학,9,9,9,2022,공통수학1,H22-C-02,항등식과 나머지 정리,2,H22-C-02-CORE,항등식과 나머지 정리 핵심 개념,rule_inferred,complete_rule,객관식,grid,false,객관식|다항식|나머지정리|표해석|대입|조건해석|계산,3ba0bd26798039bdb0dfaa9136142a19d6817710d0712c832fe94d4fc9af5fa6,a38eea21f65ef611464dd7ed6b0ca46ed8eba3f082a9bbd38e020b1be836bc75,b15be6cb71072b84f7e1e198ce023fc5bb8b1e625335904ddcf3cffcd8b7312b,29f74eacd25379bdaf245ee381e357fae67b13216d2da3febe741a4c46c7116b,,,,,0,LOADED_VM,,NOT_STARTED,NOT_STARTED,NOT_STARTED,SVG_REQUIRED_MISSING,SVG_REQUIRED_MISSING,TABLE_OR_MATRIX_STRUCTURE,,VISUAL_CANDIDATE,NO_PROBLEM_VISUAL,SCHEMATIC_OR_REVIEW,NONE,NOT_STARTED,,,,NOT_STARTED,NOT_STARTED,NOT_STARTED,NOT_TESTED,PASS,canonical_and_compiled_master_match,INVENTORY_PENDING,01_scope_inventory.csv#archive/exams/original/high/h1/1mid/24_제일고_1학기_중간_고1_기출.js|24_제일고_1학기_중간_고1_수학|9,,INDEX_RECORD_PRESENT,original/high/h1/1mid/24_제일고_1학기_중간_고1_기출.js_9,a4fd9346dac6975e395fd6ebea29773b013f5cd40783ede93b895b2817993fe0,true,③,IN_SCOPE_FORWARD,,,CLOSED_NO_SHARED_ASSET
archive/exams/original/high/h1/1mid/24_제일고_1학기_중간_고1_기출.js|24_제일고_1학기_중간_고1_수학|19,archive/exams/original/high/h1/1mid/24_제일고_1학기_중간_고1_기출.js,24_제일고_1학기_중간_고1_수학,19,19,19,2022,공통수학1,H22-C-02,항등식과 나머지 정리,2,H22-C-02-CORE,항등식과 나머지 정리 핵심 개념,rule_inferred,complete_rule,서술형,grid,false,서술형|다항식|나머지정리|계수비교|조건해석|계산,fe99909089bf522bc123123aeafd6b0824f660d70e18e233bc9712cced379edd,4f53cda18c2baa0c0354bb5f9a3ecbe5ed12ab4d8e11ba873c2f11161202b945,42f4faaaf7f5a34403497619367898699b75af555678c6af1c011a852a080a97,6ea76053ae67bee41d823c22aaa7e3fec65e785a95b3d0263db75924ebd9eef6,,,,,0,LOADED_VM,,NOT_STARTED,NOT_STARTED,NOT_STARTED,SVG_REQUIRED_MISSING,SVG_REQUIRED_MISSING,COUNTING_STRUCTURE,,VISUAL_CANDIDATE,NO_PROBLEM_VISUAL,SCHEMATIC_OR_REVIEW,NONE,NOT_STARTED,,,,NOT_STARTED,NOT_STARTED,NOT_STARTED,NOT_TESTED,PASS,canonical_and_compiled_master_match,INVENTORY_PENDING,01_scope_inventory.csv#archive/exams/original/high/h1/1mid/24_제일고_1학기_중간_고1_기출.js|24_제일고_1학기_중간_고1_수학|19,,INDEX_RECORD_PRESENT,original/high/h1/1mid/24_제일고_1학기_중간_고1_기출.js_19,a4fd9346dac6975e395fd6ebea29773b013f5cd40783ede93b895b2817993fe0,true,"몫: $2x^2+x+1$, 나머지: 4",IN_SCOPE_FORWARD,,,CLOSED_NO_SHARED_ASSET
archive/exams/original/high/h1/1mid/24_한영고_1학기_중간_고1_기출.js|24_한영고_1학기_중간_고1_기출|4,archive/exams/original/high/h1/1mid/24_한영고_1학기_중간_고1_기출.js,24_한영고_1학기_중간_고1_기출,4,4,4,2015,수학(상),H15-SA-02,항등식과 나머지정리,2,H15-SA-02-REMAINDER_FACTOR,나머지정리와 인수정리,rule_inferred,complete_rule,객관식,grid,false,객관식|항등식|나머지정리|계수비교|대입|조건해석|계산,320f8c197e4a62f660e730dabbc0757a99ec5ccb6445645a2b382b00077d1d04,59e069d4cca1084e95a1cfba4f4d8435e79ef28830bf2549aab6a9ed8d4b8b77,0bdef091c479702584f065d3a3714f8a76f851b3f0cf10912f345a5dd930b0a8,710cb9cd633b26e675a644fd95b4fa08e27ff084c39d8cd23437c5de7a8aed2c,,,,,0,LOADED_VM,,NOT_STARTED,NOT_STARTED,NOT_STARTED,SVG_OPTIONAL,SVG_OPTIONAL,,,NONE,NO_PROBLEM_VISUAL,N/A,NONE,NOT_STARTED,,,,NOT_STARTED,NOT_STARTED,NOT_STARTED,NOT_TESTED,PASS,canonical_and_compiled_master_match,INVENTORY_PENDING,01_scope_inventory.csv#archive/exams/original/high/h1/1mid/24_한영고_1학기_중간_고1_기출.js|24_한영고_1학기_중간_고1_기출|4,,INDEX_RECORD_PRESENT,original/high/h1/1mid/24_한영고_1학기_중간_고1_기출.js_4,f4a5b636761d2fd7d765bbc5c13d442e0ab9d2aa09855dee1932257d8aa570f6,true,⑤,IN_SCOPE_FORWARD,,,CLOSED_NO_SHARED_ASSET
archive/exams/original/high/h1/1mid/24_한영고_1학기_중간_고1_기출.js|24_한영고_1학기_중간_고1_기출|8,archive/exams/original/high/h1/1mid/24_한영고_1학기_중간_고1_기출.js,24_한영고_1학기_중간_고1_기출,8,8,8,2015,수학(상),H15-SA-02,항등식과 나머지정리,2,H15-SA-02-REMAINDER_FACTOR,나머지정리와 인수정리,rule_inferred,complete_rule,객관식,grid,false,객관식|다항식|항등식|나머지정리|대입|계산|개념,9b3d6678951c87a632c27f91bd1855a75ddb13ef498576fc6857a28f889fbf54,d601fd23445f2769d635c0f649aaf6d04b385a7d56c029a78b68ab105d958e27,d41ea6521f53fb3dfa10cf72e2932f4405d9c999fa422cdc840d25d57e90dd34,26cdb61aea777558366c3f1cb50f2d6fca3482b9718aaa35df6a1088c72fe55e,,,,,0,LOADED_VM,,NOT_STARTED,NOT_STARTED,NOT_STARTED,SVG_OPTIONAL,SVG_OPTIONAL,,,NONE,NO_PROBLEM_VISUAL,N/A,NONE,NOT_STARTED,,,,NOT_STARTED,NOT_STARTED,NOT_STARTED,NOT_TESTED,PASS,canonical_and_compiled_master_match,INVENTORY_PENDING,01_scope_inventory.csv#archive/exams/original/high/h1/1mid/24_한영고_1학기_중간_고1_기출.js|24_한영고_1학기_중간_고1_기출|8,,INDEX_RECORD_PRESENT,original/high/h1/1mid/24_한영고_1학기_중간_고1_기출.js_8,f4a5b636761d2fd7d765bbc5c13d442e0ab9d2aa09855dee1932257d8aa570f6,true,④,IN_SCOPE_FORWARD,,,CLOSED_NO_SHARED_ASSET
archive/exams/original/high/h1/1mid/24_한영고_1학기_중간_고1_기출.js|24_한영고_1학기_중간_고1_기출|10,archive/exams/original/high/h1/1mid/24_한영고_1학기_중간_고1_기출.js,24_한영고_1학기_중간_고1_기출,10,10,10,2015,수학(상),H15-SA-02,항등식과 나머지정리,2,H15-SA-02-REMAINDER_FACTOR,나머지정리와 인수정리,rule_inferred,complete_rule,객관식,grid,false,객관식|다항식|항등식|나머지정리|계수비교|대입|조건해석|계산,8b4710f866cb3656c285e0f3f8deea2a032531f9dc924370c4e9eb7daf627186,114a526a20571571941e736ba1371a679cda4a9bd6efb9098ce344b0029e38a7,dfde05a3668030e99ca64d8d4ae5f6b64c7a87cee61c0ba43904b92ef210191d,535d044bf976397fab0fc4c27d836950c66492d277d351f9318598253a92fd50,,,,,0,LOADED_VM,,NOT_STARTED,NOT_STARTED,NOT_STARTED,SVG_OPTIONAL,SVG_OPTIONAL,,,NONE,NO_PROBLEM_VISUAL,N/A,NONE,NOT_STARTED,,,,NOT_STARTED,NOT_STARTED,NOT_STARTED,NOT_TESTED,PASS,canonical_and_compiled_master_match,INVENTORY_PENDING,01_scope_inventory.csv#archive/exams/original/high/h1/1mid/24_한영고_1학기_중간_고1_기출.js|24_한영고_1학기_중간_고1_기출|10,,INDEX_RECORD_PRESENT,original/high/h1/1mid/24_한영고_1학기_중간_고1_기출.js_10,f4a5b636761d2fd7d765bbc5c13d442e0ab9d2aa09855dee1932257d8aa570f6,true,②,IN_SCOPE_FORWARD,,,CLOSED_NO_SHARED_ASSET
archive/exams/original/high/h1/1mid/24_효천고_1학기_중간_고1_기출.js|24_효천고_1학기_중간_고1_기출|5,archive/exams/original/high/h1/1mid/24_효천고_1학기_중간_고1_기출.js,24_효천고_1학기_중간_고1_기출,5,5,5,2022,공통수학1,H22-C-02,항등식과 나머지 정리,2,H22-C-02-CORE,항등식과 나머지 정리 핵심 개념,rule_inferred,complete_rule,객관식,grid,false,객관식|다항식|나머지정리|대입|조건해석|계산,79cb710ab1bb8aad747b42f5d561abb0f3438ab665326b322baa9b0dd3e99e3e,56436db742f0f9a0f824685ad9536c83c6f69600d9dee15cf9a2c397dd046c1b,0bdef091c479702584f065d3a3714f8a76f851b3f0cf10912f345a5dd930b0a8,6943e910db916dd847239dc523104c0cb89ee2f8563098245cf55182fa26181d,,,,,0,LOADED_VM,,NOT_STARTED,NOT_STARTED,NOT_STARTED,SVG_OPTIONAL,SVG_OPTIONAL,,,NONE,NO_PROBLEM_VISUAL,N/A,NONE,NOT_STARTED,,,,NOT_STARTED,NOT_STARTED,NOT_STARTED,NOT_TESTED,PASS,canonical_and_compiled_master_match,INVENTORY_PENDING,01_scope_inventory.csv#archive/exams/original/high/h1/1mid/24_효천고_1학기_중간_고1_기출.js|24_효천고_1학기_중간_고1_기출|5,,INDEX_RECORD_PRESENT,original/high/h1/1mid/24_효천고_1학기_중간_고1_기출.js_5,43722861f60db3d0944ff25df0e34d4cdb82e733957b618f438791fd81b86ba6,true,⑤,IN_SCOPE_FORWARD,,,CLOSED_NO_SHARED_ASSET
archive/exams/original/high/h1/1mid/24_효천고_1학기_중간_고1_기출.js|24_효천고_1학기_중간_고1_기출|6,archive/exams/original/high/h1/1mid/24_효천고_1학기_중간_고1_기출.js,24_효천고_1학기_중간_고1_기출,6,6,6,2022,공통수학1,H22-C-02,항등식과 나머지 정리,2,H22-C-02-CORE,항등식과 나머지 정리 핵심 개념,rule_inferred,complete_rule,객관식,grid,false,객관식|항등식|나머지정리|계수비교|대입|조건해석|계산|응용,3d438805f65c158f9e4fc3d1c2a72a66e52eea36e3b7e3e3d913652fd7d77bcb,bd7c8939e8f8b0bab3da5839c001f9509fc92b8a4b55c6f5bfcc13c298848676,d41ea6521f53fb3dfa10cf72e2932f4405d9c999fa422cdc840d25d57e90dd34,93701f92411a9e5bf3c3da7500f109788e360a31dbce5cd9e0929eba4dea5b5f,,,,,0,LOADED_VM,,NOT_STARTED,NOT_STARTED,NOT_STARTED,SVG_OPTIONAL,SVG_OPTIONAL,,,NONE,NO_PROBLEM_VISUAL,N/A,NONE,NOT_STARTED,,,,NOT_STARTED,NOT_STARTED,NOT_STARTED,NOT_TESTED,PASS,canonical_and_compiled_master_match,INVENTORY_PENDING,01_scope_inventory.csv#archive/exams/original/high/h1/1mid/24_효천고_1학기_중간_고1_기출.js|24_효천고_1학기_중간_고1_기출|6,,INDEX_RECORD_PRESENT,original/high/h1/1mid/24_효천고_1학기_중간_고1_기출.js_6,43722861f60db3d0944ff25df0e34d4cdb82e733957b618f438791fd81b86ba6,true,④,IN_SCOPE_FORWARD,,,CLOSED_NO_SHARED_ASSET
archive/exams/original/high/h1/1mid/24_효천고_1학기_중간_고1_기출.js|24_효천고_1학기_중간_고1_기출|15,archive/exams/original/high/h1/1mid/24_효천고_1학기_중간_고1_기출.js,24_효천고_1학기_중간_고1_기출,15,15,15,2022,공통수학1,H22-C-02,항등식과 나머지 정리,2,H22-C-02-CORE,항등식과 나머지 정리 핵심 개념,rule_inferred,complete_rule,객관식,grid,false,객관식|다항식|항등식|나머지정리|계수비교|대입|조건해석|계산,34bac0822251b40ed7acbfd5dc7c5898436ecda7c2a088a624797b1664a3c68b,70814ebaeff776d92f147e81da62a1ec3d19359f3eaef6eb54fe50a37514abf3,d41ea6521f53fb3dfa10cf72e2932f4405d9c999fa422cdc840d25d57e90dd34,ce6c437703a9f19f5e9546ba25bfb33516866940684650229f6277465996754f,,,,,0,LOADED_VM,,NOT_STARTED,NOT_STARTED,NOT_STARTED,SVG_OPTIONAL,SVG_OPTIONAL,,,NONE,NO_PROBLEM_VISUAL,N/A,NONE,NOT_STARTED,,,,NOT_STARTED,NOT_STARTED,NOT_STARTED,NOT_TESTED,PASS,canonical_and_compiled_master_match,INVENTORY_PENDING,01_scope_inventory.csv#archive/exams/original/high/h1/1mid/24_효천고_1학기_중간_고1_기출.js|24_효천고_1학기_중간_고1_기출|15,,INDEX_RECORD_PRESENT,original/high/h1/1mid/24_효천고_1학기_중간_고1_기출.js_15,43722861f60db3d0944ff25df0e34d4cdb82e733957b618f438791fd81b86ba6,true,④,IN_SCOPE_FORWARD,,,CLOSED_NO_SHARED_ASSET
archive/exams/original/high/h1/1mid/24_효천고_1학기_중간_고1_기출.js|24_효천고_1학기_중간_고1_기출|17,archive/exams/original/high/h1/1mid/24_효천고_1학기_중간_고1_기출.js,24_효천고_1학기_중간_고1_기출,17,17,17,2022,공통수학1,H22-C-02,항등식과 나머지 정리,2,H22-C-02-CORE,항등식과 나머지 정리 핵심 개념,rule_inferred,complete_rule,객관식,grid,false,객관식|다항식|나머지정리|계수비교|대입|조건해석|계산,1539eadc43ab07f39a895f37f6f4bec4c4d9125b26c006d3fbf9a2625c3c2e3e,0688226da87fb310b3d5aec0f8aa1bf602a596de9a8af1f98921e61e8b884fc0,973d2fd2f97e26a666f403b12da6d87e527985b36bcf4ff0a47c7e7e8c36321a,96493efee7afaf81afac1519d9fa686dd036e06a5fd68a45a788732f047bb3d6,,,,,0,LOADED_VM,,NOT_STARTED,NOT_STARTED,NOT_STARTED,SVG_OPTIONAL,SVG_OPTIONAL,,,NONE,NO_PROBLEM_VISUAL,N/A,NONE,NOT_STARTED,,,,NOT_STARTED,NOT_STARTED,NOT_STARTED,NOT_TESTED,PASS,canonical_and_compiled_master_match,INVENTORY_PENDING,01_scope_inventory.csv#archive/exams/original/high/h1/1mid/24_효천고_1학기_중간_고1_기출.js|24_효천고_1학기_중간_고1_기출|17,,INDEX_RECORD_PRESENT,original/high/h1/1mid/24_효천고_1학기_중간_고1_기출.js_17,43722861f60db3d0944ff25df0e34d4cdb82e733957b618f438791fd81b86ba6,true,①,IN_SCOPE_FORWARD,,,CLOSED_NO_SHARED_ASSET
archive/exams/original/high/h1/1mid/24_효천고_1학기_중간_고1_기출.js|24_효천고_1학기_중간_고1_기출|18,archive/exams/original/high/h1/1mid/24_효천고_1학기_중간_고1_기출.js,24_효천고_1학기_중간_고1_기출,18,18,18,2022,공통수학1,H22-C-02,항등식과 나머지 정리,2,H22-C-02-CORE,항등식과 나머지 정리 핵심 개념,rule_inferred,complete_rule,객관식,grid,false,객관식|다항식|나머지정리|계산|조건해석,d5cd4817f775d66eaa1264f3f76141450ecf8a3d11c3e824a07d934bc3cf28a1,b1633990a1d6fa44218a1650307842d574f5cfc19609afc5fea43cf31e014d90,b15be6cb71072b84f7e1e198ce023fc5bb8b1e625335904ddcf3cffcd8b7312b,c2da868378c85c4fadbcc83be1eb1644380a032c1029215a420ea85601091d50,,,,,0,LOADED_VM,,NOT_STARTED,NOT_STARTED,NOT_STARTED,SVG_OPTIONAL,SVG_OPTIONAL,,,NONE,NO_PROBLEM_VISUAL,N/A,NONE,NOT_STARTED,,,,NOT_STARTED,NOT_STARTED,NOT_STARTED,NOT_TESTED,PASS,canonical_and_compiled_master_match,INVENTORY_PENDING,01_scope_inventory.csv#archive/exams/original/high/h1/1mid/24_효천고_1학기_중간_고1_기출.js|24_효천고_1학기_중간_고1_기출|18,,INDEX_RECORD_PRESENT,original/high/h1/1mid/24_효천고_1학기_중간_고1_기출.js_18,43722861f60db3d0944ff25df0e34d4cdb82e733957b618f438791fd81b86ba6,true,③,IN_SCOPE_FORWARD,,,CLOSED_NO_SHARED_ASSET
archive/exams/original/high/h1/1mid/25_강남여고_1학기_중간_고1_기출.js|25_강남여고_1학기_중간_고1_기출|2,archive/exams/original/high/h1/1mid/25_강남여고_1학기_중간_고1_기출.js,25_강남여고_1학기_중간_고1_기출,2,2,2,2015,수학(상),H15-SA-02,항등식과 나머지정리,2,H15-SA-02-REMAINDER_FACTOR,나머지정리와 인수정리,rule_inferred,complete_rule,객관식,grid,false,나머지정리|다항식|일차식나눗셈|대입|계산|객관식,16435a6bcfd6e8e23308ed323b14ce4366de29b7246c77bf112b53a315b8b68f,5c37ad8095e07ce2f4437f0e7ee2cf9f5a0f4e7ae50f7d5909480386448bc2fa,d41ea6521f53fb3dfa10cf72e2932f4405d9c999fa422cdc840d25d57e90dd34,79cf82a4eb64f4ab85cd674c99de9e2208d370745dd3745bd0889e50fb173d5b,,,,,0,LOADED_VM,,NOT_STARTED,NOT_STARTED,NOT_STARTED,SVG_OPTIONAL,SVG_OPTIONAL,,,NONE,NO_PROBLEM_VISUAL,N/A,NONE,NOT_STARTED,,,,NOT_STARTED,NOT_STARTED,NOT_STARTED,NOT_TESTED,PASS,canonical_and_compiled_master_match,INVENTORY_PENDING,01_scope_inventory.csv#archive/exams/original/high/h1/1mid/25_강남여고_1학기_중간_고1_기출.js|25_강남여고_1학기_중간_고1_기출|2,,INDEX_RECORD_PRESENT,original/high/h1/1mid/25_강남여고_1학기_중간_고1_기출.js_2,f2bb572862a82daf05bda742cfe2d7f30b7f7e79e39179fdb1daf312c75d09e7,true,④,IN_SCOPE_FORWARD,,,CLOSED_NO_SHARED_ASSET
archive/exams/original/high/h1/1mid/25_강남여고_1학기_중간_고1_기출.js|25_강남여고_1학기_중간_고1_기출|10,archive/exams/original/high/h1/1mid/25_강남여고_1학기_중간_고1_기출.js,25_강남여고_1학기_중간_고1_기출,10,10,10,2015,수학(상),H15-SA-02,항등식과 나머지정리,2,H15-SA-02-REMAINDER_FACTOR,나머지정리와 인수정리,rule_inferred,complete_rule,객관식,grid,false,인수분해|이차식|문자계수|두문자식|계수비교|조건해석|객관식,6df4b21b16304781dd15e611fe52a9836c378e25a44de3101c66ffe7396d1638,3cc19e370a6671b60f17396fd032ed6593aa1547f8af80d6ab8d949018911b5e,d41ea6521f53fb3dfa10cf72e2932f4405d9c999fa422cdc840d25d57e90dd34,52910c21eefb13ce7ddccd41c4e5d3936eb05c8445aa1a6abf2f4b10f70e0ce3,,,,,0,LOADED_VM,,NOT_STARTED,NOT_STARTED,NOT_STARTED,SVG_OPTIONAL,SVG_OPTIONAL,,,NONE,NO_PROBLEM_VISUAL,N/A,NONE,NOT_STARTED,,,,NOT_STARTED,NOT_STARTED,NOT_STARTED,NOT_TESTED,PASS,canonical_and_compiled_master_match,INVENTORY_PENDING,01_scope_inventory.csv#archive/exams/original/high/h1/1mid/25_강남여고_1학기_중간_고1_기출.js|25_강남여고_1학기_중간_고1_기출|10,,INDEX_RECORD_PRESENT,original/high/h1/1mid/25_강남여고_1학기_중간_고1_기출.js_10,f2bb572862a82daf05bda742cfe2d7f30b7f7e79e39179fdb1daf312c75d09e7,true,④,IN_SCOPE_FORWARD,,,CLOSED_NO_SHARED_ASSET
archive/exams/original/high/h1/1mid/25_강남여고_1학기_중간_고1_기출.js|25_강남여고_1학기_중간_고1_기출|15,archive/exams/original/high/h1/1mid/25_강남여고_1학기_중간_고1_기출.js,25_강남여고_1학기_중간_고1_기출,15,15,15,2015,수학(상),H15-SA-02,항등식과 나머지정리,2,H15-SA-02-REMAINDER_FACTOR,나머지정리와 인수정리,rule_inferred,complete_rule,객관식,grid,false,나머지정리|다항식나눗셈|몫|미정계수|대입|조건해석|객관식,cc8a285a816095b6bc04054c03863697ea8e19263b10383fcb16567564bbe244,99700b5031531eb26a2abc2f2e939f46537d2c9246593caae3eebd386620ff62,d41ea6521f53fb3dfa10cf72e2932f4405d9c999fa422cdc840d25d57e90dd34,1b9a3e27bfcd08c90d52e5b1e025d45845dd5932cb01d92828a0c7c65b562e14,,,,,0,LOADED_VM,,NOT_STARTED,NOT_STARTED,NOT_STARTED,SVG_OPTIONAL,SVG_OPTIONAL,,,NONE,NO_PROBLEM_VISUAL,N/A,NONE,NOT_STARTED,,,,NOT_STARTED,NOT_STARTED,NOT_STARTED,NOT_TESTED,PASS,canonical_and_compiled_master_match,INVENTORY_PENDING,01_scope_inventory.csv#archive/exams/original/high/h1/1mid/25_강남여고_1학기_중간_고1_기출.js|25_강남여고_1학기_중간_고1_기출|15,,INDEX_RECORD_PRESENT,original/high/h1/1mid/25_강남여고_1학기_중간_고1_기출.js_15,f2bb572862a82daf05bda742cfe2d7f30b7f7e79e39179fdb1daf312c75d09e7,true,④,IN_SCOPE_FORWARD,,,CLOSED_NO_SHARED_ASSET
archive/exams/original/high/h1/1mid/25_강남여고_1학기_중간_고1_기출.js|25_강남여고_1학기_중간_고1_기출|18,archive/exams/original/high/h1/1mid/25_강남여고_1학기_중간_고1_기출.js,25_강남여고_1학기_중간_고1_기출,18,18,18,2015,수학(상),H15-SA-02,항등식과 나머지정리,2,H15-SA-02-REMAINDER_FACTOR,나머지정리와 인수정리,rule_inferred,complete_rule,객관식,grid,false,항등식|계수합|짝수차홀수차|대입|다항식전개|조건해석|상급|객관식,d39e7bda83566cc8f72054a7ddea3d73272d7921992c69bdf53cd287115d439c,2822eea0f181fb8370c90ffa40b3f1ca3b5ddfa71e0da09fc3872a7dde9082bf,dfde05a3668030e99ca64d8d4ae5f6b64c7a87cee61c0ba43904b92ef210191d,59cbfe1cacb7e5d15ab1b3d026316ef3c857a53c0e45742efa05a9fdaca6bb23,,,,,0,LOADED_VM,,NOT_STARTED,NOT_STARTED,NOT_STARTED,SVG_OPTIONAL,SVG_OPTIONAL,,,NONE,NO_PROBLEM_VISUAL,N/A,NONE,NOT_STARTED,,,,NOT_STARTED,NOT_STARTED,NOT_STARTED,NOT_TESTED,PASS,canonical_and_compiled_master_match,INVENTORY_PENDING,01_scope_inventory.csv#archive/exams/original/high/h1/1mid/25_강남여고_1학기_중간_고1_기출.js|25_강남여고_1학기_중간_고1_기출|18,,INDEX_RECORD_PRESENT,original/high/h1/1mid/25_강남여고_1학기_중간_고1_기출.js_18,f2bb572862a82daf05bda742cfe2d7f30b7f7e79e39179fdb1daf312c75d09e7,true,②,IN_SCOPE_FORWARD,,,CLOSED_NO_SHARED_ASSET
archive/exams/original/high/h1/1mid/25_강남여고_1학기_중간_고1_기출.js|25_강남여고_1학기_중간_고1_기출|21,archive/exams/original/high/h1/1mid/25_강남여고_1학기_중간_고1_기출.js,25_강남여고_1학기_중간_고1_기출,21,21,21,2015,수학(상),H15-SA-02,항등식과 나머지정리,2,H15-SA-02-REMAINDER_FACTOR,나머지정리와 인수정리,rule_inferred,complete_rule,단답형,grid,false,항등식|부분분수|미정계수|계수비교|분수식|서술형,5fc598c2bc60412e4e34d02400c280e91ddfcabcdad82e4c298754c367f7fdaa,4f53cda18c2baa0c0354bb5f9a3ecbe5ed12ab4d8e11ba873c2f11161202b945,a4aab3f1f08004e907d2357fafe74cab56359bcb32e23f52e7eb1d3a9c0a2ad3,876f8ea59ac759396e7343b0b0ebe933cdf55736ac8888c0e1efc6aaca38ef99,,,,,0,LOADED_VM,,NOT_STARTED,NOT_STARTED,NOT_STARTED,SVG_OPTIONAL,SVG_OPTIONAL,,,NONE,NO_PROBLEM_VISUAL,N/A,NONE,NOT_STARTED,,,,NOT_STARTED,NOT_STARTED,NOT_STARTED,NOT_TESTED,PASS,canonical_and_compiled_master_match,INVENTORY_PENDING,01_scope_inventory.csv#archive/exams/original/high/h1/1mid/25_강남여고_1학기_중간_고1_기출.js|25_강남여고_1학기_중간_고1_기출|21,,INDEX_RECORD_PRESENT,original/high/h1/1mid/25_강남여고_1학기_중간_고1_기출.js_21,f2bb572862a82daf05bda742cfe2d7f30b7f7e79e39179fdb1daf312c75d09e7,true,3,IN_SCOPE_FORWARD,,,CLOSED_NO_SHARED_ASSET
archive/exams/original/high/h1/1mid/25_금당고_1학기_중간_고1_기출.js|25_금당고_1학기_중간_고1_기출|6,archive/exams/original/high/h1/1mid/25_금당고_1학기_중간_고1_기출.js,25_금당고_1학기_중간_고1_기출,6,6,6,2015,수학(상),H15-SA-02,항등식과 나머지정리,2,H15-SA-02-REMAINDER_FACTOR,나머지정리와 인수정리,rule_inferred,complete_rule,객관식,grid,false,객관식|다항식|항등식|나머지정리|전개|계수비교|조건해석|계산,61a4e3cb0c8c2a699ba48fad56a8e5b57c51866f531c8becd0d47b1e1b43a5b2,7b6c46b1e213f38ef1b8befb64949672341a963f488993bc67ed8df5d7380539,dfde05a3668030e99ca64d8d4ae5f6b64c7a87cee61c0ba43904b92ef210191d,f1de98f1c843082dfa43b50420c9561aa1d94b92e91ad2f08f81f13a454ab96a,,,,,0,LOADED_VM,,NOT_STARTED,NOT_STARTED,NOT_STARTED,SVG_OPTIONAL,SVG_OPTIONAL,,,NONE,NO_PROBLEM_VISUAL,N/A,NONE,NOT_STARTED,,,,NOT_STARTED,NOT_STARTED,NOT_STARTED,NOT_TESTED,PASS,canonical_and_compiled_master_match,INVENTORY_PENDING,01_scope_inventory.csv#archive/exams/original/high/h1/1mid/25_금당고_1학기_중간_고1_기출.js|25_금당고_1학기_중간_고1_기출|6,,INDEX_RECORD_PRESENT,original/high/h1/1mid/25_금당고_1학기_중간_고1_기출.js_6,9187f01806b1df9b1eaf48c9be6214f4add38e9a15cb88e47a9387749ea8041b,true,②,IN_SCOPE_FORWARD,,,CLOSED_NO_SHARED_ASSET
archive/exams/original/high/h1/1mid/25_금당고_1학기_중간_고1_기출.js|25_금당고_1학기_중간_고1_기출|11,archive/exams/original/high/h1/1mid/25_금당고_1학기_중간_고1_기출.js,25_금당고_1학기_중간_고1_기출,11,11,11,2015,수학(상),H15-SA-02,항등식과 나머지정리,2,H15-SA-02-REMAINDER_FACTOR,나머지정리와 인수정리,rule_inferred,complete_rule,객관식,grid,false,객관식|항등식|나머지정리|전개|계수비교|이차방정식|판별식|대입,98e4178bac3cb1affc34cdde904abd2ff9f71e7eb3c4bee940c1e4a8b2161897,dfed0a404243e93088c5ff681e3d21b2a11fb024a8d65672b843437b1c38e7e0,d41ea6521f53fb3dfa10cf72e2932f4405d9c999fa422cdc840d25d57e90dd34,8f70eae7dc6c744ff3517db2afb92398754a3f1f6b32dc2dd27ac53e94c6cb0c,,,,,0,LOADED_VM,,NOT_STARTED,NOT_STARTED,NOT_STARTED,SVG_OPTIONAL,SVG_OPTIONAL,,,NONE,NO_PROBLEM_VISUAL,N/A,NONE,NOT_STARTED,,,,NOT_STARTED,NOT_STARTED,NOT_STARTED,NOT_TESTED,PASS,canonical_and_compiled_master_match,INVENTORY_PENDING,01_scope_inventory.csv#archive/exams/original/high/h1/1mid/25_금당고_1학기_중간_고1_기출.js|25_금당고_1학기_중간_고1_기출|11,,INDEX_RECORD_PRESENT,original/high/h1/1mid/25_금당고_1학기_중간_고1_기출.js_11,9187f01806b1df9b1eaf48c9be6214f4add38e9a15cb88e47a9387749ea8041b,true,④,IN_SCOPE_FORWARD,,,CLOSED_NO_SHARED_ASSET
archive/exams/original/high/h1/1mid/25_금당고_1학기_중간_고1_기출.js|25_금당고_1학기_중간_고1_기출|12,archive/exams/original/high/h1/1mid/25_금당고_1학기_중간_고1_기출.js,25_금당고_1학기_중간_고1_기출,12,12,12,2015,수학(상),H15-SA-02,항등식과 나머지정리,2,H15-SA-02-REMAINDER_FACTOR,나머지정리와 인수정리,rule_inferred,complete_rule,객관식,grid,false,객관식|다항식|항등식|나머지정리|전개|범위|조건해석|계산,55717764e2474a25a851f344b396de678a8d3a9ef2ed24cc17a9cb5a7190b6d7,8f356e97c62bf4ce005db8c359aa3c36cfac59f17ec6adf0dfaa9c0d774cbc90,973d2fd2f97e26a666f403b12da6d87e527985b36bcf4ff0a47c7e7e8c36321a,e4b6f1dbd73480bd05ddd8cf4f91333d52a4d189e443d3482de58ba569ee206c,,,,,0,LOADED_VM,,NOT_STARTED,NOT_STARTED,NOT_STARTED,SVG_OPTIONAL,SVG_OPTIONAL,,,NONE,NO_PROBLEM_VISUAL,N/A,NONE,NOT_STARTED,,,,NOT_STARTED,NOT_STARTED,NOT_STARTED,NOT_TESTED,PASS,canonical_and_compiled_master_match,INVENTORY_PENDING,01_scope_inventory.csv#archive/exams/original/high/h1/1mid/25_금당고_1학기_중간_고1_기출.js|25_금당고_1학기_중간_고1_기출|12,,INDEX_RECORD_PRESENT,original/high/h1/1mid/25_금당고_1학기_중간_고1_기출.js_12,9187f01806b1df9b1eaf48c9be6214f4add38e9a15cb88e47a9387749ea8041b,true,①,IN_SCOPE_FORWARD,,,CLOSED_NO_SHARED_ASSET
archive/exams/original/high/h1/1mid/25_금당고_1학기_중간_고1_기출.js|25_금당고_1학기_중간_고1_기출|15,archive/exams/original/high/h1/1mid/25_금당고_1학기_중간_고1_기출.js,25_금당고_1학기_중간_고1_기출,15,15,15,2015,수학(상),H15-SA-02,항등식과 나머지정리,2,H15-SA-02-IDENTITY,항등식과 계수비교,candidate_evidence,complete_candidate,객관식,grid,false,객관식|다항식|항등식|인수정리|인수분해|전개|계수비교|개수세기,d16fa55ee4f23a142c6fe04dfa9d704e1a985ed5165056e04078840df7aa80ed,ac2064cbb7d34e336caafb23fbdb26d4ee9787d0168e1adbe397d1067301954c,0bdef091c479702584f065d3a3714f8a76f851b3f0cf10912f345a5dd930b0a8,741f7929e48c2e32e4e1b8c175f20c08632d24a5553465a178170c46e8dd1f9d,,,,,0,LOADED_VM,,NOT_STARTED,NOT_STARTED,NOT_STARTED,SVG_OPTIONAL,SVG_OPTIONAL,,,NONE,NO_PROBLEM_VISUAL,N/A,NONE,NOT_STARTED,,,,NOT_STARTED,NOT_STARTED,NOT_STARTED,NOT_TESTED,PASS,canonical_and_compiled_master_match,INVENTORY_PENDING,01_scope_inventory.csv#archive/exams/original/high/h1/1mid/25_금당고_1학기_중간_고1_기출.js|25_금당고_1학기_중간_고1_기출|15,,INDEX_RECORD_PRESENT,original/high/h1/1mid/25_금당고_1학기_중간_고1_기출.js_15,9187f01806b1df9b1eaf48c9be6214f4add38e9a15cb88e47a9387749ea8041b,true,⑤,IN_SCOPE_FORWARD,,,CLOSED_NO_SHARED_ASSET
archive/exams/original/high/h1/1mid/25_금당고_1학기_중간_고1_기출.js|25_금당고_1학기_중간_고1_기출|19,archive/exams/original/high/h1/1mid/25_금당고_1학기_중간_고1_기출.js,25_금당고_1학기_중간_고1_기출,19,19,19,2015,수학(상),H15-SA-02,항등식과 나머지정리,2,H15-SA-02-REMAINDER_FACTOR,나머지정리와 인수정리,candidate_evidence,complete_candidate,단답형,grid,false,서술형|다항식|나머지정리|전개|도형|원|표해석|조건해석,f1429c528e48afce3a5dffbf24424a772187325af14f62990322cf66065df5ca,4f53cda18c2baa0c0354bb5f9a3ecbe5ed12ab4d8e11ba873c2f11161202b945,2bf175f9655e7bb7357b9f0a7c6051465a5ae701104ffe741b98e852c0e4d460,7215395f0495e2fd841238e08641cf7d2a9924b172be1a6f64ee771b824a3b77,,,,,1,LOADED_VM,,NOT_STARTED,NOT_STARTED,NOT_STARTED,SOURCE_REVIEW,SOURCE_REVIEW,COORDINATE_OR_GEOMETRY_STRUCTURE|TABLE_OR_MATRIX_STRUCTURE,,SVG,NO_PROBLEM_VISUAL,REVIEW_REQUIRED,INLINE_SVG,NOT_STARTED,,,,NOT_STARTED,NOT_STARTED,NOT_STARTED,NOT_TESTED,PASS,canonical_and_compiled_master_match,INVENTORY_PENDING,01_scope_inventory.csv#archive/exams/original/high/h1/1mid/25_금당고_1학기_중간_고1_기출.js|25_금당고_1학기_중간_고1_기출|19,,INDEX_RECORD_PRESENT,original/high/h1/1mid/25_금당고_1학기_중간_고1_기출.js_19,9187f01806b1df9b1eaf48c9be6214f4add38e9a15cb88e47a9387749ea8041b,true,4,IN_SCOPE_FORWARD,,,CLOSED_NO_SHARED_ASSET
archive/exams/original/high/h1/1mid/25_금당고_1학기_중간_고1_기출.js|25_금당고_1학기_중간_고1_기출|21,archive/exams/original/high/h1/1mid/25_금당고_1학기_중간_고1_기출.js,25_금당고_1학기_중간_고1_기출,21,21,21,2015,수학(상),H15-SA-02,항등식과 나머지정리,2,H15-SA-02-REMAINDER_FACTOR,나머지정리와 인수정리,candidate_evidence,complete_candidate,서술형,grid,false,서술형|절댓값|다항식|나머지정리|전개|대입|조건해석|계산,532d69c1afaefaccb72f6cdbfd8134bc365a173c06e97c40e8de4dc31c8baf21,4f53cda18c2baa0c0354bb5f9a3ecbe5ed12ab4d8e11ba873c2f11161202b945,d06074cc1e1fef695019c1bfe724f98a79bc8d7965845f3a5573d4b53ff3c8a7,f147dbce734fbed596868197b29813cfe7f1702315087d3a0905abd242019102,,,,,0,LOADED_VM,,NOT_STARTED,NOT_STARTED,NOT_STARTED,SVG_OPTIONAL,SVG_OPTIONAL,,,NONE,NO_PROBLEM_VISUAL,N/A,NONE,NOT_STARTED,,,,NOT_STARTED,NOT_STARTED,NOT_STARTED,NOT_TESTED,PASS,canonical_and_compiled_master_match,INVENTORY_PENDING,01_scope_inventory.csv#archive/exams/original/high/h1/1mid/25_금당고_1학기_중간_고1_기출.js|25_금당고_1학기_중간_고1_기출|21,,INDEX_RECORD_PRESENT,original/high/h1/1mid/25_금당고_1학기_중간_고1_기출.js_21,9187f01806b1df9b1eaf48c9be6214f4add38e9a15cb88e47a9387749ea8041b,true,40,IN_SCOPE_FORWARD,,,CLOSED_NO_SHARED_ASSET
archive/exams/original/high/h1/1mid/25_매산고_1학기_중간_고1_기출.js|25_매산고_1학기_중간_고1_기출|5,archive/exams/original/high/h1/1mid/25_매산고_1학기_중간_고1_기출.js,25_매산고_1학기_중간_고1_기출,5,5,5,2022,공통수학1,H22-C-02,항등식과 나머지 정리,2,H22-C-02-CORE,항등식과 나머지 정리 핵심 개념,rule_inferred,complete_rule,객관식,grid,false,객관식|다항식|항등식|나머지정리|인수정리|인수분해|계수비교|대입,193fda9f4950447c2d116bd06e7166437d783047b41c95df3349042576f00687,119a6d81cf8b830697ba7ba1e4042113a222c8a082c3619f03f917d8c647f06f,d41ea6521f53fb3dfa10cf72e2932f4405d9c999fa422cdc840d25d57e90dd34,8d16813a41dc4998426d9dd1051790585390dc460bb5a9038617a454045fd0cb,,,,,0,LOADED_VM,,NOT_STARTED,NOT_STARTED,NOT_STARTED,SVG_OPTIONAL,SVG_OPTIONAL,,,NONE,NO_PROBLEM_VISUAL,N/A,NONE,NOT_STARTED,,,,NOT_STARTED,NOT_STARTED,NOT_STARTED,NOT_TESTED,PASS,canonical_and_compiled_master_match,INVENTORY_PENDING,01_scope_inventory.csv#archive/exams/original/high/h1/1mid/25_매산고_1학기_중간_고1_기출.js|25_매산고_1학기_중간_고1_기출|5,,INDEX_RECORD_PRESENT,original/high/h1/1mid/25_매산고_1학기_중간_고1_기출.js_5,86ff149b9ffeee4b740e8859ed991ae739b2a6a21b32d81378aa63032dcd0a62,true,④,IN_SCOPE_FORWARD,,,CLOSED_NO_SHARED_ASSET
archive/exams/original/high/h1/1mid/25_순천여고_1학기_중간_고1_기출.js|25_순천여고_1학기_중간_고1_기출|1,archive/exams/original/high/h1/1mid/25_순천여고_1학기_중간_고1_기출.js,25_순천여고_1학기_중간_고1_기출,1,1,1,2022,공통수학1,H22-C-02,항등식과 나머지 정리,2,H22-C-02-CORE,항등식과 나머지 정리 핵심 개념,rule_inferred,complete_rule,객관식,grid,false,객관식|다항식|항등식|나머지정리|계수비교|조건해석|계산,4999b668d2bd646a1fbbd8f5adf4529c12a2664441d70a9f64b16648cc4393f1,ebb443eccdb14874856e0eb5c7b00fa4c968eb3566927473c4dc87d7b7b4719a,0bdef091c479702584f065d3a3714f8a76f851b3f0cf10912f345a5dd930b0a8,c3e6ac76628ce3c20b651926cb554729c63964fdb3094669aff28916b375e6ea,,,,,0,LOADED_VM,,NOT_STARTED,NOT_STARTED,NOT_STARTED,SVG_OPTIONAL,SVG_OPTIONAL,,,NONE,NO_PROBLEM_VISUAL,N/A,NONE,NOT_STARTED,,,,NOT_STARTED,NOT_STARTED,NOT_STARTED,NOT_TESTED,PASS,canonical_and_compiled_master_match,INVENTORY_PENDING,01_scope_inventory.csv#archive/exams/original/high/h1/1mid/25_순천여고_1학기_중간_고1_기출.js|25_순천여고_1학기_중간_고1_기출|1,,INDEX_RECORD_PRESENT,original/high/h1/1mid/25_순천여고_1학기_중간_고1_기출.js_1,57d4f5a78ffcfaf97e3c4240879dfa0375ff581d3afc7c93194f125574f7ce4c,true,⑤,IN_SCOPE_FORWARD,,,CLOSED_NO_SHARED_ASSET
archive/exams/original/high/h1/1mid/25_순천여고_1학기_중간_고1_기출.js|25_순천여고_1학기_중간_고1_기출|4,archive/exams/original/high/h1/1mid/25_순천여고_1학기_중간_고1_기출.js,25_순천여고_1학기_중간_고1_기출,4,4,4,2022,공통수학1,H22-C-02,항등식과 나머지 정리,2,H22-C-02-CORE,항등식과 나머지 정리 핵심 개념,rule_inferred,complete_rule,객관식,grid,false,객관식|다항식|나머지정리|일차방정식|대입|조건해석|계산,40b68f4732a8930d9ac357561405be2482b8f1ff218229c60ed622ed9a9c8968,6cae039caa337205cfc8d2aa18e9973d9487d7a427777e4ac3592fa71a193cbe,dfde05a3668030e99ca64d8d4ae5f6b64c7a87cee61c0ba43904b92ef210191d,9039da0f8245210d31a15b65a8dd9ffbec74142114b11315477e42c87122bc8d,,,,,0,LOADED_VM,,NOT_STARTED,NOT_STARTED,NOT_STARTED,SVG_OPTIONAL,SVG_OPTIONAL,,,NONE,NO_PROBLEM_VISUAL,N/A,NONE,NOT_STARTED,,,,NOT_STARTED,NOT_STARTED,NOT_STARTED,NOT_TESTED,PASS,canonical_and_compiled_master_match,INVENTORY_PENDING,01_scope_inventory.csv#archive/exams/original/high/h1/1mid/25_순천여고_1학기_중간_고1_기출.js|25_순천여고_1학기_중간_고1_기출|4,,INDEX_RECORD_PRESENT,original/high/h1/1mid/25_순천여고_1학기_중간_고1_기출.js_4,57d4f5a78ffcfaf97e3c4240879dfa0375ff581d3afc7c93194f125574f7ce4c,true,②,IN_SCOPE_FORWARD,,,CLOSED_NO_SHARED_ASSET
archive/exams/original/high/h1/1mid/25_순천여고_1학기_중간_고1_기출.js|25_순천여고_1학기_중간_고1_기출|7,archive/exams/original/high/h1/1mid/25_순천여고_1학기_중간_고1_기출.js,25_순천여고_1학기_중간_고1_기출,7,7,7,2022,공통수학1,H22-C-02,항등식과 나머지 정리,2,H22-C-02-CORE,항등식과 나머지 정리 핵심 개념,rule_inferred,complete_rule,객관식,grid,false,객관식|다항식|나머지정리|인수분해|연립방정식|대입|조건해석|식세우기,e67db029afd2d2d5d027b4e6302152e3671e3632418624fd2474dd46fa01034e,0a82c4947ba614cc13da86f325bee31e239fe7a88398d1eebd634526ca0df1b9,dfde05a3668030e99ca64d8d4ae5f6b64c7a87cee61c0ba43904b92ef210191d,ecee5fd9fc1d85c59d2665fc5b34a6616134d30fd1faa09782d686c470ca7e39,,,,,0,LOADED_VM,,NOT_STARTED,NOT_STARTED,NOT_STARTED,SVG_OPTIONAL,SVG_OPTIONAL,,,NONE,NO_PROBLEM_VISUAL,N/A,NONE,NOT_STARTED,,,,NOT_STARTED,NOT_STARTED,NOT_STARTED,NOT_TESTED,PASS,canonical_and_compiled_master_match,INVENTORY_PENDING,01_scope_inventory.csv#archive/exams/original/high/h1/1mid/25_순천여고_1학기_중간_고1_기출.js|25_순천여고_1학기_중간_고1_기출|7,,INDEX_RECORD_PRESENT,original/high/h1/1mid/25_순천여고_1학기_중간_고1_기출.js_7,57d4f5a78ffcfaf97e3c4240879dfa0375ff581d3afc7c93194f125574f7ce4c,true,②,IN_SCOPE_FORWARD,,,CLOSED_NO_SHARED_ASSET
archive/exams/original/high/h1/1mid/25_제일고_1학기_중간_고1_기출.js|25_제일고_1학기_중간_고1_기출|1,archive/exams/original/high/h1/1mid/25_제일고_1학기_중간_고1_기출.js,25_제일고_1학기_중간_고1_기출,1,1,1,2022,공통수학1,H22-C-02,항등식과 나머지 정리,2,H22-C-02-CORE,항등식과 나머지 정리 핵심 개념,rule_inferred,complete_rule,객관식,grid,false,객관식|항등식|나머지정리|계수비교|조건해석|계산,90cc01760c805823c548e7ebefeb6eb167a5574af791552f9eea2292d9373e8c,3cc19e370a6671b60f17396fd032ed6593aa1547f8af80d6ab8d949018911b5e,d41ea6521f53fb3dfa10cf72e2932f4405d9c999fa422cdc840d25d57e90dd34,15e3b88170c12e22c10cefa88c65d1d5c8738ba82ef2956039266c7ffedf5e46,,,,,0,LOADED_VM,,NOT_STARTED,NOT_STARTED,NOT_STARTED,SVG_OPTIONAL,SVG_OPTIONAL,,,NONE,NO_PROBLEM_VISUAL,N/A,NONE,NOT_STARTED,,,,NOT_STARTED,NOT_STARTED,NOT_STARTED,NOT_TESTED,PASS,canonical_and_compiled_master_match,INVENTORY_PENDING,01_scope_inventory.csv#archive/exams/original/high/h1/1mid/25_제일고_1학기_중간_고1_기출.js|25_제일고_1학기_중간_고1_기출|1,,INDEX_RECORD_PRESENT,original/high/h1/1mid/25_제일고_1학기_중간_고1_기출.js_1,6a4782d5f17276e615d55ae92b2e3d113b9f44b0589d40a936c057db2ab524d4,true,④,IN_SCOPE_FORWARD,,,CLOSED_NO_SHARED_ASSET
archive/exams/original/high/h1/1mid/25_제일고_1학기_중간_고1_기출.js|25_제일고_1학기_중간_고1_기출|2,archive/exams/original/high/h1/1mid/25_제일고_1학기_중간_고1_기출.js,25_제일고_1학기_중간_고1_기출,2,2,2,2022,공통수학1,H22-C-02,항등식과 나머지 정리,2,H22-C-02-CORE,항등식과 나머지 정리 핵심 개념,rule_inferred,complete_rule,객관식,grid,false,객관식|다항식|항등식|나머지정리|대입|조건해석|계산,36b16d19eecd8b11abddf6ffe1b3b53b9be8b9c6490269c36ccf8066a1f4b63f,3cc19e370a6671b60f17396fd032ed6593aa1547f8af80d6ab8d949018911b5e,dfde05a3668030e99ca64d8d4ae5f6b64c7a87cee61c0ba43904b92ef210191d,5ed60829baf1c2fee079cc7e8f4add348c83d07101ed3a4e856a25029c198d5e,,,,,0,LOADED_VM,,NOT_STARTED,NOT_STARTED,NOT_STARTED,SVG_OPTIONAL,SVG_OPTIONAL,,,NONE,NO_PROBLEM_VISUAL,N/A,NONE,NOT_STARTED,,,,NOT_STARTED,NOT_STARTED,NOT_STARTED,NOT_TESTED,PASS,canonical_and_compiled_master_match,INVENTORY_PENDING,01_scope_inventory.csv#archive/exams/original/high/h1/1mid/25_제일고_1학기_중간_고1_기출.js|25_제일고_1학기_중간_고1_기출|2,,INDEX_RECORD_PRESENT,original/high/h1/1mid/25_제일고_1학기_중간_고1_기출.js_2,6a4782d5f17276e615d55ae92b2e3d113b9f44b0589d40a936c057db2ab524d4,true,②,IN_SCOPE_FORWARD,,,CLOSED_NO_SHARED_ASSET
archive/exams/original/high/h1/1mid/25_제일고_1학기_중간_고1_기출.js|25_제일고_1학기_중간_고1_기출|3,archive/exams/original/high/h1/1mid/25_제일고_1학기_중간_고1_기출.js,25_제일고_1학기_중간_고1_기출,3,3,3,2022,공통수학1,H22-C-02,항등식과 나머지 정리,2,H22-C-02-CORE,항등식과 나머지 정리 핵심 개념,rule_inferred,complete_rule,객관식,grid,false,객관식|다항식|항등식|나머지정리|계수비교|도형|원|조건해석,e180bfe8741c313cb1ef69555f00be809282744298c9cdf2628c9fc7129c00b1,c89738baed4db8dfcd2201e912cbf264e0fff457e3e606593d1e82622f6b9e89,b15be6cb71072b84f7e1e198ce023fc5bb8b1e625335904ddcf3cffcd8b7312b,9c581aae767246ac217ab3d495fffcfaca5793762eca4af9512959c203a15feb,,,,,1,LOADED_VM,,NOT_STARTED,NOT_STARTED,NOT_STARTED,SOURCE_REVIEW,SOURCE_REVIEW,COORDINATE_OR_GEOMETRY_STRUCTURE,,SVG,PROBLEM_VISUAL_PRESENT,REVIEW_REQUIRED,INLINE_SVG,NOT_STARTED,,,,NOT_STARTED,NOT_STARTED,NOT_STARTED,NOT_TESTED,PASS,canonical_and_compiled_master_match,INVENTORY_PENDING,01_scope_inventory.csv#archive/exams/original/high/h1/1mid/25_제일고_1학기_중간_고1_기출.js|25_제일고_1학기_중간_고1_기출|3,,INDEX_RECORD_PRESENT,original/high/h1/1mid/25_제일고_1학기_중간_고1_기출.js_3,6a4782d5f17276e615d55ae92b2e3d113b9f44b0589d40a936c057db2ab524d4,true,③,IN_SCOPE_FORWARD,,,CLOSED_NO_SHARED_ASSET
archive/exams/original/high/h1/1mid/25_제일고_1학기_중간_고1_기출.js|25_제일고_1학기_중간_고1_기출|5,archive/exams/original/high/h1/1mid/25_제일고_1학기_중간_고1_기출.js,25_제일고_1학기_중간_고1_기출,5,5,5,2022,공통수학1,H22-C-02,항등식과 나머지 정리,2,H22-C-02-CORE,항등식과 나머지 정리 핵심 개념,rule_inferred,complete_rule,객관식,grid,false,객관식|다항식|항등식|나머지정리|대입|조건해석|식세우기|계산,7d64926d81d224c0d71b2e5b5e7020143daa0590f1662533da25218a4f19949e,3cc19e370a6671b60f17396fd032ed6593aa1547f8af80d6ab8d949018911b5e,0bdef091c479702584f065d3a3714f8a76f851b3f0cf10912f345a5dd930b0a8,3016d2c70d60e30be7690620ec177c68a0e810920295720a1372513916e84cfa,,,,,0,LOADED_VM,,NOT_STARTED,NOT_STARTED,NOT_STARTED,SVG_OPTIONAL,SVG_OPTIONAL,,,NONE,NO_PROBLEM_VISUAL,N/A,NONE,NOT_STARTED,,,,NOT_STARTED,NOT_STARTED,NOT_STARTED,NOT_TESTED,PASS,canonical_and_compiled_master_match,INVENTORY_PENDING,01_scope_inventory.csv#archive/exams/original/high/h1/1mid/25_제일고_1학기_중간_고1_기출.js|25_제일고_1학기_중간_고1_기출|5,,INDEX_RECORD_PRESENT,original/high/h1/1mid/25_제일고_1학기_중간_고1_기출.js_5,6a4782d5f17276e615d55ae92b2e3d113b9f44b0589d40a936c057db2ab524d4,true,⑤,IN_SCOPE_FORWARD,,,CLOSED_NO_SHARED_ASSET
archive/exams/original/high/h1/1mid/25_제일고_1학기_중간_고1_기출.js|25_제일고_1학기_중간_고1_기출|7,archive/exams/original/high/h1/1mid/25_제일고_1학기_중간_고1_기출.js,25_제일고_1학기_중간_고1_기출,7,7,7,2022,공통수학1,H22-C-02,항등식과 나머지 정리,2,H22-C-02-CORE,항등식과 나머지 정리 핵심 개념,rule_inferred,complete_rule,객관식,grid,false,객관식|다항식|항등식|나머지정리|인수분해|조건해석|계산,4415416f2269c46176490cf38ad566737a07af4f4c0d3aa3e4bf013a9303a5c3,d504f8f71e932c6a0deebbbdb7c9b60ad11ed2067e8c0cf2f14e2ec5abd27ec3,dfde05a3668030e99ca64d8d4ae5f6b64c7a87cee61c0ba43904b92ef210191d,04e0f683b5fa0d352ced06e4c4a709195e14763690a8cfea01f885a133c72bff,,,,,0,LOADED_VM,,NOT_STARTED,NOT_STARTED,NOT_STARTED,SVG_OPTIONAL,SVG_OPTIONAL,,,NONE,NO_PROBLEM_VISUAL,N/A,NONE,NOT_STARTED,,,,NOT_STARTED,NOT_STARTED,NOT_STARTED,NOT_TESTED,PASS,canonical_and_compiled_master_match,INVENTORY_PENDING,01_scope_inventory.csv#archive/exams/original/high/h1/1mid/25_제일고_1학기_중간_고1_기출.js|25_제일고_1학기_중간_고1_기출|7,,INDEX_RECORD_PRESENT,original/high/h1/1mid/25_제일고_1학기_중간_고1_기출.js_7,6a4782d5f17276e615d55ae92b2e3d113b9f44b0589d40a936c057db2ab524d4,true,②,IN_SCOPE_FORWARD,,,CLOSED_NO_SHARED_ASSET
archive/exams/original/high/h1/1mid/25_제일고_1학기_중간_고1_기출.js|25_제일고_1학기_중간_고1_기출|8,archive/exams/original/high/h1/1mid/25_제일고_1학기_중간_고1_기출.js,25_제일고_1학기_중간_고1_기출,8,8,8,2022,공통수학1,H22-C-02,항등식과 나머지 정리,2,H22-C-02-CORE,항등식과 나머지 정리 핵심 개념,rule_inferred,complete_rule,객관식,grid,false,객관식|다항식|항등식|나머지정리|대입|조건해석|식세우기|계산,abe448f5b5ae663cee25efdf2afe4d799a79c4ca244d629cf7e1f313ef2ebef1,3cc19e370a6671b60f17396fd032ed6593aa1547f8af80d6ab8d949018911b5e,d41ea6521f53fb3dfa10cf72e2932f4405d9c999fa422cdc840d25d57e90dd34,c4f9ea2f8ff566cd3d82a6c8de369b81cbcab41660d63516651ea48b05ef30e4,,,,,0,LOADED_VM,,NOT_STARTED,NOT_STARTED,NOT_STARTED,SVG_OPTIONAL,SVG_OPTIONAL,,,NONE,NO_PROBLEM_VISUAL,N/A,NONE,NOT_STARTED,,,,NOT_STARTED,NOT_STARTED,NOT_STARTED,NOT_TESTED,PASS,canonical_and_compiled_master_match,INVENTORY_PENDING,01_scope_inventory.csv#archive/exams/original/high/h1/1mid/25_제일고_1학기_중간_고1_기출.js|25_제일고_1학기_중간_고1_기출|8,,INDEX_RECORD_PRESENT,original/high/h1/1mid/25_제일고_1학기_중간_고1_기출.js_8,6a4782d5f17276e615d55ae92b2e3d113b9f44b0589d40a936c057db2ab524d4,true,④,IN_SCOPE_FORWARD,,,CLOSED_NO_SHARED_ASSET
archive/exams/original/high/h1/1mid/25_제일고_1학기_중간_고1_기출.js|25_제일고_1학기_중간_고1_기출|20,archive/exams/original/high/h1/1mid/25_제일고_1학기_중간_고1_기출.js,25_제일고_1학기_중간_고1_기출,20,20,20,2022,공통수학1,H22-C-02,항등식과 나머지 정리,2,H22-C-02-CORE,항등식과 나머지 정리 핵심 개념,rule_inferred,complete_rule,서술형,grid,false,서술형|다항식|항등식|나머지정리|인수정리|인수분해|범위|조건해석,8a64be2f6c067d7ba92718f6e8fc69348c57a083ac1309dfdc412b8d10d7d29c,4f53cda18c2baa0c0354bb5f9a3ecbe5ed12ab4d8e11ba873c2f11161202b945,f20e4586c63ba3b2c06a97c4e585acea4a2977c3d8d81dc2d1f2275439ad90a7,9a5bc2a2820d821114a995206b7194f0612d5ddf6db85378c5c044e957a10199,,,,,0,LOADED_VM,,NOT_STARTED,NOT_STARTED,NOT_STARTED,SVG_OPTIONAL,SVG_OPTIONAL,,,NONE,NO_PROBLEM_VISUAL,N/A,NONE,NOT_STARTED,,,,NOT_STARTED,NOT_STARTED,NOT_STARTED,NOT_TESTED,PASS,canonical_and_compiled_master_match,INVENTORY_PENDING,01_scope_inventory.csv#archive/exams/original/high/h1/1mid/25_제일고_1학기_중간_고1_기출.js|25_제일고_1학기_중간_고1_기출|20,,INDEX_RECORD_PRESENT,original/high/h1/1mid/25_제일고_1학기_중간_고1_기출.js_20,6a4782d5f17276e615d55ae92b2e3d113b9f44b0589d40a936c057db2ab524d4,true,30,IN_SCOPE_FORWARD,,,CLOSED_NO_SHARED_ASSET
archive/exams/original/high/h1/1mid/25_팔마고_1학기_중간_고1_기출.js|25_팔마고_1학기_중간_고1_기출|1,archive/exams/original/high/h1/1mid/25_팔마고_1학기_중간_고1_기출.js,25_팔마고_1학기_중간_고1_기출,1,1,1,2022,공통수학1,H22-C-02,항등식과 나머지 정리,2,H22-C-02-CORE,항등식과 나머지 정리 핵심 개념,rule_inferred,complete_rule,객관식,grid,false,객관식|다항식|나머지정리|인수정리|인수분해|대입|조건해석|계산,19f8f9ae0cda777d7aadfb0f7164adbf8264dffa541f6def46b8367736a83322,ace4acf35881fcf6711458f6952202d459bec665449ba38bced7f4281a9ef11f,973d2fd2f97e26a666f403b12da6d87e527985b36bcf4ff0a47c7e7e8c36321a,1fd466e486e088301a323c82290c3039eb41f7e79399cf58bb60f33134e46cb9,,,,,0,LOADED_VM,,NOT_STARTED,NOT_STARTED,NOT_STARTED,SVG_OPTIONAL,SVG_OPTIONAL,,,NONE,NO_PROBLEM_VISUAL,N/A,NONE,NOT_STARTED,,,,NOT_STARTED,NOT_STARTED,NOT_STARTED,NOT_TESTED,PASS,canonical_and_compiled_master_match,INVENTORY_PENDING,01_scope_inventory.csv#archive/exams/original/high/h1/1mid/25_팔마고_1학기_중간_고1_기출.js|25_팔마고_1학기_중간_고1_기출|1,,INDEX_RECORD_PRESENT,original/high/h1/1mid/25_팔마고_1학기_중간_고1_기출.js_1,1680fdaa4cd5b3271cc05e93f129c7c4fd5c27508ac36b0db82dffde3b3897f4,true,①,IN_SCOPE_FORWARD,,,CLOSED_NO_SHARED_ASSET
archive/exams/original/high/h1/1mid/25_팔마고_1학기_중간_고1_기출.js|25_팔마고_1학기_중간_고1_기출|9,archive/exams/original/high/h1/1mid/25_팔마고_1학기_중간_고1_기출.js,25_팔마고_1학기_중간_고1_기출,9,9,9,2022,공통수학1,H22-C-02,항등식과 나머지 정리,2,H22-C-02-CORE,항등식과 나머지 정리 핵심 개념,rule_inferred,complete_rule,객관식,grid,false,객관식|항등식|나머지정리|전개|계수비교|대입|조건해석|계산,a0646f4113f59e24d693e1bf0f0ad037faf6a7ab10af2ce11b6e6ee16dcc8ca2,29c00d67069336f78d834a374a259a471f364c7b846c10dd243a76ee280f0cf7,d41ea6521f53fb3dfa10cf72e2932f4405d9c999fa422cdc840d25d57e90dd34,fda8451499ec635dddc395baba5cdb1044f0effd2cd6cc7dbbdf43adad9da845,,,,,0,LOADED_VM,,NOT_STARTED,NOT_STARTED,NOT_STARTED,SVG_OPTIONAL,SVG_OPTIONAL,,,NONE,NO_PROBLEM_VISUAL,N/A,NONE,NOT_STARTED,,,,NOT_STARTED,NOT_STARTED,NOT_STARTED,NOT_TESTED,PASS,canonical_and_compiled_master_match,INVENTORY_PENDING,01_scope_inventory.csv#archive/exams/original/high/h1/1mid/25_팔마고_1학기_중간_고1_기출.js|25_팔마고_1학기_중간_고1_기출|9,,INDEX_RECORD_PRESENT,original/high/h1/1mid/25_팔마고_1학기_중간_고1_기출.js_9,1680fdaa4cd5b3271cc05e93f129c7c4fd5c27508ac36b0db82dffde3b3897f4,true,④,IN_SCOPE_FORWARD,,,CLOSED_NO_SHARED_ASSET
archive/exams/original/high/h1/1mid/25_팔마고_1학기_중간_고1_기출.js|25_팔마고_1학기_중간_고1_기출|13,archive/exams/original/high/h1/1mid/25_팔마고_1학기_중간_고1_기출.js,25_팔마고_1학기_중간_고1_기출,13,13,13,2022,공통수학1,H22-C-02,항등식과 나머지 정리,2,H22-C-02-CORE,항등식과 나머지 정리 핵심 개념,rule_inferred,complete_rule,객관식,grid,false,객관식|나머지정리|전개|계수비교|대입|조건해석|식세우기|계산,56065d43727f45a336df72066abb3d8b1d1ab1e69b4c4e25d07b7389a06662c6,57cda5fe5c60aed0b967eb957e37d117aa3c440cc75b5415f41e4997f7caf25a,0bdef091c479702584f065d3a3714f8a76f851b3f0cf10912f345a5dd930b0a8,c49b2a9cc84d121e90e0de42e49a9b5c091aa148bf89769b04d22899d29f149b,,,,,0,LOADED_VM,,NOT_STARTED,NOT_STARTED,NOT_STARTED,SVG_OPTIONAL,SVG_OPTIONAL,,,NONE,NO_PROBLEM_VISUAL,N/A,NONE,NOT_STARTED,,,,NOT_STARTED,NOT_STARTED,NOT_STARTED,NOT_TESTED,PASS,canonical_and_compiled_master_match,INVENTORY_PENDING,01_scope_inventory.csv#archive/exams/original/high/h1/1mid/25_팔마고_1학기_중간_고1_기출.js|25_팔마고_1학기_중간_고1_기출|13,,INDEX_RECORD_PRESENT,original/high/h1/1mid/25_팔마고_1학기_중간_고1_기출.js_13,1680fdaa4cd5b3271cc05e93f129c7c4fd5c27508ac36b0db82dffde3b3897f4,true,⑤,IN_SCOPE_FORWARD,,,CLOSED_NO_SHARED_ASSET
archive/exams/original/high/h1/1mid/25_팔마고_1학기_중간_고1_기출.js|25_팔마고_1학기_중간_고1_기출|18,archive/exams/original/high/h1/1mid/25_팔마고_1학기_중간_고1_기출.js,25_팔마고_1학기_중간_고1_기출,18,18,18,2022,공통수학1,H22-C-02,항등식과 나머지 정리,2,H22-C-02-CORE,항등식과 나머지 정리 핵심 개념,rule_inferred,complete_rule,객관식,grid,false,객관식|다항식|항등식|나머지정리|인수분해|계수비교|대입|조건해석,dc390d35513687c05e456772edabb45e85aafcb08b959b0887a7145599d69b8d,de147b5a07f5f15d4536372ba6dd573bb7d4c071cac737f4975cb17e8535bd74,0bdef091c479702584f065d3a3714f8a76f851b3f0cf10912f345a5dd930b0a8,bd70afc840ca820b294d3ed840eccf6270a6ee1ccd4ebf87341531b472ae2ac2,,,,,0,LOADED_VM,,NOT_STARTED,NOT_STARTED,NOT_STARTED,SVG_OPTIONAL,SVG_OPTIONAL,,,NONE,NO_PROBLEM_VISUAL,N/A,NONE,NOT_STARTED,,,,NOT_STARTED,NOT_STARTED,NOT_STARTED,NOT_TESTED,PASS,canonical_and_compiled_master_match,INVENTORY_PENDING,01_scope_inventory.csv#archive/exams/original/high/h1/1mid/25_팔마고_1학기_중간_고1_기출.js|25_팔마고_1학기_중간_고1_기출|18,,INDEX_RECORD_PRESENT,original/high/h1/1mid/25_팔마고_1학기_중간_고1_기출.js_18,1680fdaa4cd5b3271cc05e93f129c7c4fd5c27508ac36b0db82dffde3b3897f4,true,⑤,IN_SCOPE_FORWARD,,,CLOSED_NO_SHARED_ASSET
archive/exams/original/high/h1/1mid/25_팔마고_1학기_중간_고1_기출.js|25_팔마고_1학기_중간_고1_기출|20,archive/exams/original/high/h1/1mid/25_팔마고_1학기_중간_고1_기출.js,25_팔마고_1학기_중간_고1_기출,20,20,20,2022,공통수학1,H22-C-02,항등식과 나머지 정리,2,H22-C-02-CORE,항등식과 나머지 정리 핵심 개념,rule_inferred,complete_rule,서술형,grid,false,서술형|다항식|나머지정리|인수정리|인수분해|연립방정식|대입|조건해석,2b79a1317c1bb6b5b62ae4e45f652a1af972a3b7534d087ed6350262ae215d73,4f53cda18c2baa0c0354bb5f9a3ecbe5ed12ab4d8e11ba873c2f11161202b945,5a4089f4a612a73401c8a3ad3185590d48efb6658407ed5677a69b62988e0273,c46e1c5a387de00de65794c8bbae977da4a2e428b48ab5fd57087ffec595577c,,,,,0,LOADED_VM,,NOT_STARTED,NOT_STARTED,NOT_STARTED,SVG_OPTIONAL,SVG_OPTIONAL,,,NONE,NO_PROBLEM_VISUAL,N/A,NONE,NOT_STARTED,,,,NOT_STARTED,NOT_STARTED,NOT_STARTED,NOT_TESTED,PASS,canonical_and_compiled_master_match,INVENTORY_PENDING,01_scope_inventory.csv#archive/exams/original/high/h1/1mid/25_팔마고_1학기_중간_고1_기출.js|25_팔마고_1학기_중간_고1_기출|20,,INDEX_RECORD_PRESENT,original/high/h1/1mid/25_팔마고_1학기_중간_고1_기출.js_20,1680fdaa4cd5b3271cc05e93f129c7c4fd5c27508ac36b0db82dffde3b3897f4,true,$x-1$,IN_SCOPE_FORWARD,,,CLOSED_NO_SHARED_ASSET
archive/exams/original/high/h1/1mid/25_효천고_1학기_중간_고1_기출.js|25_효천고_1학기_중간_고1_기출|2,archive/exams/original/high/h1/1mid/25_효천고_1학기_중간_고1_기출.js,25_효천고_1학기_중간_고1_기출,2,2,2,2022,공통수학1,H22-C-02,항등식과 나머지 정리,2,H22-C-02-CORE,항등식과 나머지 정리 핵심 개념,rule_inferred,complete_rule,객관식,grid,false,객관식|다항식|나머지정리|대입|조건해석|계산,d578212b93e45a53cdc2db82ee4c76e82b9d10c9d27ce32e6d0825f661a3b044,e7de0f85145ee6757217f4dadb30b74b83e3ba084c9e29e1881f6a2e59d0243f,dfde05a3668030e99ca64d8d4ae5f6b64c7a87cee61c0ba43904b92ef210191d,d6bedccd3ecf5b2801c2bfd63f7a1768a8b740b3eed197359590ab72e2d96412,,,,,0,LOADED_VM,,NOT_STARTED,NOT_STARTED,NOT_STARTED,SVG_OPTIONAL,SVG_OPTIONAL,,,NONE,NO_PROBLEM_VISUAL,N/A,NONE,NOT_STARTED,,,,NOT_STARTED,NOT_STARTED,NOT_STARTED,NOT_TESTED,PASS,canonical_and_compiled_master_match,INVENTORY_PENDING,01_scope_inventory.csv#archive/exams/original/high/h1/1mid/25_효천고_1학기_중간_고1_기출.js|25_효천고_1학기_중간_고1_기출|2,,INDEX_RECORD_PRESENT,original/high/h1/1mid/25_효천고_1학기_중간_고1_기출.js_2,3d4eeb8dc0cfadaa9d33739205f48d6469d4b4199116342f87e64c8a7cfc0af2,true,②,IN_SCOPE_FORWARD,,,CLOSED_NO_SHARED_ASSET
archive/exams/original/high/h1/1mid/25_효천고_1학기_중간_고1_기출.js|25_효천고_1학기_중간_고1_기출|3,archive/exams/original/high/h1/1mid/25_효천고_1학기_중간_고1_기출.js,25_효천고_1학기_중간_고1_기출,3,3,3,2022,공통수학1,H22-C-02,항등식과 나머지 정리,2,H22-C-02-CORE,항등식과 나머지 정리 핵심 개념,rule_inferred,complete_rule,객관식,grid,false,객관식|항등식|나머지정리|계수비교|계산,ffa30235c3b4ec50d27c697a38593cc65301f6e926ad0bfb5ad6061e7f5cda88,87a35902192b2ac3b25426497a6d1a734782c9179ebe9681c48610eca527f0d8,b15be6cb71072b84f7e1e198ce023fc5bb8b1e625335904ddcf3cffcd8b7312b,eb7c4771b0529e2af621015bffbfa1cfa7414f5aec1ff79c5ac5f848d13b1eaf,,,,,0,LOADED_VM,,NOT_STARTED,NOT_STARTED,NOT_STARTED,SVG_OPTIONAL,SVG_OPTIONAL,,,NONE,NO_PROBLEM_VISUAL,N/A,NONE,NOT_STARTED,,,,NOT_STARTED,NOT_STARTED,NOT_STARTED,NOT_TESTED,PASS,canonical_and_compiled_master_match,INVENTORY_PENDING,01_scope_inventory.csv#archive/exams/original/high/h1/1mid/25_효천고_1학기_중간_고1_기출.js|25_효천고_1학기_중간_고1_기출|3,,INDEX_RECORD_PRESENT,original/high/h1/1mid/25_효천고_1학기_중간_고1_기출.js_3,3d4eeb8dc0cfadaa9d33739205f48d6469d4b4199116342f87e64c8a7cfc0af2,true,③,IN_SCOPE_FORWARD,,,CLOSED_NO_SHARED_ASSET
archive/exams/original/high/h1/1mid/25_효천고_1학기_중간_고1_기출.js|25_효천고_1학기_중간_고1_기출|8,archive/exams/original/high/h1/1mid/25_효천고_1학기_중간_고1_기출.js,25_효천고_1학기_중간_고1_기출,8,8,8,2022,공통수학1,H22-C-02,항등식과 나머지 정리,2,H22-C-02-CORE,항등식과 나머지 정리 핵심 개념,rule_inferred,complete_rule,객관식,grid,false,객관식|다항식|나머지정리|인수정리|인수분해|완전제곱식|계수비교|계산,bdb23aa557c5b38cef6291e4964b16d54c5731253236e726bf69734cbfe91886,18d4a2d15b92e2f70c3b62df09331b5eebdbce6d884e4e491f81fdc9454a7708,0bdef091c479702584f065d3a3714f8a76f851b3f0cf10912f345a5dd930b0a8,5f9ff9b425c1c5297d9c931cf7cd6860253b1511fbe562159ef9386cc4409853,,,,,0,LOADED_VM,,NOT_STARTED,NOT_STARTED,NOT_STARTED,SVG_OPTIONAL,SVG_OPTIONAL,,,NONE,NO_PROBLEM_VISUAL,N/A,NONE,NOT_STARTED,,,,NOT_STARTED,NOT_STARTED,NOT_STARTED,NOT_TESTED,PASS,canonical_and_compiled_master_match,INVENTORY_PENDING,01_scope_inventory.csv#archive/exams/original/high/h1/1mid/25_효천고_1학기_중간_고1_기출.js|25_효천고_1학기_중간_고1_기출|8,,INDEX_RECORD_PRESENT,original/high/h1/1mid/25_효천고_1학기_중간_고1_기출.js_8,3d4eeb8dc0cfadaa9d33739205f48d6469d4b4199116342f87e64c8a7cfc0af2,true,⑤,IN_SCOPE_FORWARD,,,CLOSED_NO_SHARED_ASSET
archive/exams/original/high/h1/1mid/25_효천고_1학기_중간_고1_기출.js|25_효천고_1학기_중간_고1_기출|15,archive/exams/original/high/h1/1mid/25_효천고_1학기_중간_고1_기출.js,25_효천고_1학기_중간_고1_기출,15,15,15,2022,공통수학1,H22-C-02,항등식과 나머지 정리,2,H22-C-02-CORE,항등식과 나머지 정리 핵심 개념,rule_inferred,complete_rule,객관식,grid,false,객관식|다항식|항등식|나머지정리|인수분해|개수세기|대입|식세우기,d1c6326482bb7779ef8e5c5a611c3d0eb43d227f98fb5b28882783e2ee967afc,cd1e66f94f9755ed1ae2f7fff3c5802bfacaaef14c109e88f9ac0d71b14decbd,973d2fd2f97e26a666f403b12da6d87e527985b36bcf4ff0a47c7e7e8c36321a,a88975cef2fe2db1e6336a55505c7b6aafe4b6e6c80da3b4dadc0027371716f4,,,,,0,LOADED_VM,,NOT_STARTED,NOT_STARTED,NOT_STARTED,SVG_OPTIONAL,SVG_OPTIONAL,,,NONE,NO_PROBLEM_VISUAL,N/A,NONE,NOT_STARTED,,,,NOT_STARTED,NOT_STARTED,NOT_STARTED,NOT_TESTED,PASS,canonical_and_compiled_master_match,INVENTORY_PENDING,01_scope_inventory.csv#archive/exams/original/high/h1/1mid/25_효천고_1학기_중간_고1_기출.js|25_효천고_1학기_중간_고1_기출|15,,INDEX_RECORD_PRESENT,original/high/h1/1mid/25_효천고_1학기_중간_고1_기출.js_15,3d4eeb8dc0cfadaa9d33739205f48d6469d4b4199116342f87e64c8a7cfc0af2,true,①,IN_SCOPE_FORWARD,,,CLOSED_NO_SHARED_ASSET
archive/exams/original/high/h1/1mid/25_효천고_1학기_중간_고1_기출.js|25_효천고_1학기_중간_고1_기출|19,archive/exams/original/high/h1/1mid/25_효천고_1학기_중간_고1_기출.js,25_효천고_1학기_중간_고1_기출,19,19,19,2022,공통수학1,H22-C-02,항등식과 나머지 정리,2,H22-C-02-CORE,항등식과 나머지 정리 핵심 개념,rule_inferred,complete_rule,객관식,grid,false,객관식|다항식|나머지정리|대입|조건해석|계산,388b7f02887c5f5708b42ee7cb52abf2908d27b51e6f9201f16b36c549896e11,12194eac055fd9a3fc3a4e29757dd10366c74ab979fc97ad45e475025cfd97e7,dfde05a3668030e99ca64d8d4ae5f6b64c7a87cee61c0ba43904b92ef210191d,9f70842f8f256397285bc3f4aeb10e04cadda2ba3e3bd45c8a8ef2da7851815d,,,,,0,LOADED_VM,,NOT_STARTED,NOT_STARTED,NOT_STARTED,SVG_OPTIONAL,SVG_OPTIONAL,,,NONE,NO_PROBLEM_VISUAL,N/A,NONE,NOT_STARTED,,,,NOT_STARTED,NOT_STARTED,NOT_STARTED,NOT_TESTED,PASS,canonical_and_compiled_master_match,INVENTORY_PENDING,01_scope_inventory.csv#archive/exams/original/high/h1/1mid/25_효천고_1학기_중간_고1_기출.js|25_효천고_1학기_중간_고1_기출|19,,INDEX_RECORD_PRESENT,original/high/h1/1mid/25_효천고_1학기_중간_고1_기출.js_19,3d4eeb8dc0cfadaa9d33739205f48d6469d4b4199116342f87e64c8a7cfc0af2,true,②,IN_SCOPE_FORWARD,,,CLOSED_NO_SHARED_ASSET
archive/exams/original/high/h1/1mid/26_금당고_1학기_중간_고1_기출_c.js|26_금당고_1학기_중간_고1_기출_content|7,archive/exams/original/high/h1/1mid/26_금당고_1학기_중간_고1_기출_c.js,26_금당고_1학기_중간_고1_기출_content,7,7,7,2022,공통수학1,H22-C-02,항등식과 나머지 정리,2,H22-C-02-CORE,항등식과 나머지 정리 핵심 개념,rule_inferred,complete_rule,객관식,grid,false,객관식|항등식|나머지정리|조건해석|계산,549cbefc494094049757562033f7b0346f7fbeacbc9c0d671e5dbb3ec47d4da2,d3b513eba093def1f570b24c40510eec0b00ca49748eda4d023fa531cfa202a7,973d2fd2f97e26a666f403b12da6d87e527985b36bcf4ff0a47c7e7e8c36321a,923a78befb806672b6b3c2fa80d781d6c900e3317a89e6aad67252bbf499ca9d,,,,,0,LOADED_VM,,NOT_STARTED,NOT_STARTED,NOT_STARTED,SVG_OPTIONAL,SVG_OPTIONAL,,,NONE,NO_PROBLEM_VISUAL,N/A,NONE,NOT_STARTED,,,,NOT_STARTED,NOT_STARTED,NOT_STARTED,NOT_TESTED,PASS,canonical_and_compiled_master_match,INVENTORY_PENDING,01_scope_inventory.csv#archive/exams/original/high/h1/1mid/26_금당고_1학기_중간_고1_기출_c.js|26_금당고_1학기_중간_고1_기출_content|7,,INDEX_RECORD_PRESENT,original/high/h1/1mid/26_금당고_1학기_중간_고1_기출_c.js_7,0973561a951b0b60537fcc0a597822d0eeb365348d6e2b5c4d11965d27daee51,true,①,IN_SCOPE_FORWARD,,,CLOSED_NO_SHARED_ASSET
archive/exams/original/high/h1/1mid/26_금당고_1학기_중간_고1_기출_c.js|26_금당고_1학기_중간_고1_기출_content|12,archive/exams/original/high/h1/1mid/26_금당고_1학기_중간_고1_기출_c.js,26_금당고_1학기_중간_고1_기출_content,12,12,12,2022,공통수학1,H22-C-02,항등식과 나머지 정리,2,H22-C-02-CORE,항등식과 나머지 정리 핵심 개념,rule_inferred,complete_rule,객관식,grid,false,객관식|다항식|항등식|나머지정리|계산,a873ece7874924bad5f96bfdf229f57b1ff5caa3608495965d1fdd2cf2caba0e,4f2ccc950379ca72f163eaa1d0f046bbcbfe0870c34fd61affca717fbb7c2778,b15be6cb71072b84f7e1e198ce023fc5bb8b1e625335904ddcf3cffcd8b7312b,2f692c0fe6938c8826c3bdfaf5521958428189a8af6fcd580006b1c2cadeb347,,,,,0,LOADED_VM,,NOT_STARTED,NOT_STARTED,NOT_STARTED,SVG_OPTIONAL,SVG_OPTIONAL,,,NONE,NO_PROBLEM_VISUAL,N/A,NONE,NOT_STARTED,,,,NOT_STARTED,NOT_STARTED,NOT_STARTED,NOT_TESTED,PASS,canonical_and_compiled_master_match,INVENTORY_PENDING,01_scope_inventory.csv#archive/exams/original/high/h1/1mid/26_금당고_1학기_중간_고1_기출_c.js|26_금당고_1학기_중간_고1_기출_content|12,,INDEX_RECORD_PRESENT,original/high/h1/1mid/26_금당고_1학기_중간_고1_기출_c.js_12,0973561a951b0b60537fcc0a597822d0eeb365348d6e2b5c4d11965d27daee51,true,③,IN_SCOPE_FORWARD,,,CLOSED_NO_SHARED_ASSET
archive/exams/original/high/h1/1mid/26_금당고_1학기_중간_고1_기출_c.js|26_금당고_1학기_중간_고1_기출_content|18,archive/exams/original/high/h1/1mid/26_금당고_1학기_중간_고1_기출_c.js,26_금당고_1학기_중간_고1_기출_content,18,18,18,2022,공통수학1,H22-C-02,항등식과 나머지 정리,2,H22-C-02-CORE,항등식과 나머지 정리 핵심 개념,rule_inferred,complete_rule,서술형,grid,false,서술형|표,42543c274ee7a301584e8aa0427fe029aeb22969b8daa94853889414240a7a80,4f53cda18c2baa0c0354bb5f9a3ecbe5ed12ab4d8e11ba873c2f11161202b945,6d344e2afcdf5d5898942ccf3099ee2817ceb676e89c88c071bcca5586b6465a,7e07895cac2bc02f5f6365eb0d556c4421c9130eb63fa5bc9eee568490eeefe0,,,,,0,LOADED_VM,,NOT_STARTED,NOT_STARTED,NOT_STARTED,SVG_REQUIRED_MISSING,SVG_REQUIRED_MISSING,TABLE_OR_MATRIX_STRUCTURE,,VISUAL_CANDIDATE,NO_PROBLEM_VISUAL,SCHEMATIC_OR_REVIEW,NONE,NOT_STARTED,,,,NOT_STARTED,NOT_STARTED,NOT_STARTED,NOT_TESTED,PASS,canonical_and_compiled_master_match,INVENTORY_PENDING,01_scope_inventory.csv#archive/exams/original/high/h1/1mid/26_금당고_1학기_중간_고1_기출_c.js|26_금당고_1학기_중간_고1_기출_content|18,,INDEX_RECORD_PRESENT,original/high/h1/1mid/26_금당고_1학기_중간_고1_기출_c.js_18,0973561a951b0b60537fcc0a597822d0eeb365348d6e2b5c4d11965d27daee51,true,61,IN_SCOPE_FORWARD,,,CLOSED_NO_SHARED_ASSET
archive/exams/original/high/h1/1mid/26_매산고_1학기_중간_고1_기출c.js|26_매산고_1학기_중간_고1_기출|2,archive/exams/original/high/h1/1mid/26_매산고_1학기_중간_고1_기출c.js,26_매산고_1학기_중간_고1_기출,2,2,2,2022,공통수학1,H22-C-02,항등식과 나머지 정리,2,H22-C-02-CORE,항등식과 나머지 정리 핵심 개념,rule_inferred,complete_rule,객관식,grid,false,객관식|항등식|나머지정리|전개|계수비교|대입|조건해석|계산,34ca8afe35b28693d8a3719f90caf493d1005c2ee555c9d7fcdc43e4d92ea916,20143bea001f5d64d04c381a7f191da8a403ffb98127705ae7c0fb5c09d3da0b,973d2fd2f97e26a666f403b12da6d87e527985b36bcf4ff0a47c7e7e8c36321a,435f33dacc5773cb095ddd7b7f0a79517c76b22a4f66a38356304979e6e12ea8,,,,,0,LOADED_VM,,NOT_STARTED,NOT_STARTED,NOT_STARTED,SVG_OPTIONAL,SVG_OPTIONAL,,,NONE,NO_PROBLEM_VISUAL,N/A,NONE,NOT_STARTED,,,,NOT_STARTED,NOT_STARTED,NOT_STARTED,NOT_TESTED,PASS,canonical_and_compiled_master_match,INVENTORY_PENDING,01_scope_inventory.csv#archive/exams/original/high/h1/1mid/26_매산고_1학기_중간_고1_기출c.js|26_매산고_1학기_중간_고1_기출|2,,INDEX_RECORD_PRESENT,original/high/h1/1mid/26_매산고_1학기_중간_고1_기출c.js_2,172df92b148a2490bbe736bb011d0001c94902f2070fce5f903a0bad25bf3b1d,true,①,IN_SCOPE_FORWARD,,,CLOSED_NO_SHARED_ASSET
archive/exams/original/high/h1/1mid/26_매산고_1학기_중간_고1_기출c.js|26_매산고_1학기_중간_고1_기출|5,archive/exams/original/high/h1/1mid/26_매산고_1학기_중간_고1_기출c.js,26_매산고_1학기_중간_고1_기출,5,5,5,2022,공통수학1,H22-C-02,항등식과 나머지 정리,2,H22-C-02-CORE,항등식과 나머지 정리 핵심 개념,rule_inferred,complete_rule,객관식,grid,false,객관식|다항식|항등식|나머지정리|대입|조건해석|식세우기|계산,21a46de39f7499334fddfdb54da916bf66d2ac65405b17aed6bf890a22ebf9a5,096ff589c15b90980ff7d06169ef2a3556a724adf8150d99cd706404196f85f1,0bdef091c479702584f065d3a3714f8a76f851b3f0cf10912f345a5dd930b0a8,77800dc6142ea4111198376e3fec178839ae1f01923262ec8fab6e415616b6fd,,,,,0,LOADED_VM,,NOT_STARTED,NOT_STARTED,NOT_STARTED,SVG_OPTIONAL,SVG_OPTIONAL,,,NONE,NO_PROBLEM_VISUAL,N/A,NONE,NOT_STARTED,,,,NOT_STARTED,NOT_STARTED,NOT_STARTED,NOT_TESTED,PASS,canonical_and_compiled_master_match,INVENTORY_PENDING,01_scope_inventory.csv#archive/exams/original/high/h1/1mid/26_매산고_1학기_중간_고1_기출c.js|26_매산고_1학기_중간_고1_기출|5,,INDEX_RECORD_PRESENT,original/high/h1/1mid/26_매산고_1학기_중간_고1_기출c.js_5,172df92b148a2490bbe736bb011d0001c94902f2070fce5f903a0bad25bf3b1d,true,⑤,IN_SCOPE_FORWARD,,,CLOSED_NO_SHARED_ASSET
archive/exams/original/high/h1/1mid/26_매산고_1학기_중간_고1_기출c.js|26_매산고_1학기_중간_고1_기출|6,archive/exams/original/high/h1/1mid/26_매산고_1학기_중간_고1_기출c.js,26_매산고_1학기_중간_고1_기출,6,6,6,2022,공통수학1,H22-C-02,항등식과 나머지 정리,2,H22-C-02-CORE,항등식과 나머지 정리 핵심 개념,rule_inferred,complete_rule,객관식,grid,false,객관식|다항식|항등식|나머지정리|대입|조건해석|응용|계산,4c6a5853cf052f05826c9a60b3b02ad4f360f59ca6dcf97fee85b8a1c05bd27f,9925fab5a3400efc754e76e2a2ee30ec3cf1c259617d144a9eda2e3d94807ab6,d41ea6521f53fb3dfa10cf72e2932f4405d9c999fa422cdc840d25d57e90dd34,aee0cc56b3ccebe93f06f9ae60eab97bb34437269ecf925b91672e5bb070a05a,,,,,0,LOADED_VM,,NOT_STARTED,NOT_STARTED,NOT_STARTED,SVG_OPTIONAL,SVG_OPTIONAL,,,NONE,NO_PROBLEM_VISUAL,N/A,NONE,NOT_STARTED,,,,NOT_STARTED,NOT_STARTED,NOT_STARTED,NOT_TESTED,PASS,canonical_and_compiled_master_match,INVENTORY_PENDING,01_scope_inventory.csv#archive/exams/original/high/h1/1mid/26_매산고_1학기_중간_고1_기출c.js|26_매산고_1학기_중간_고1_기출|6,,INDEX_RECORD_PRESENT,original/high/h1/1mid/26_매산고_1학기_중간_고1_기출c.js_6,172df92b148a2490bbe736bb011d0001c94902f2070fce5f903a0bad25bf3b1d,true,④,IN_SCOPE_FORWARD,,,CLOSED_NO_SHARED_ASSET
archive/exams/original/high/h1/1mid/26_매산고_1학기_중간_고1_기출c.js|26_매산고_1학기_중간_고1_기출|19,archive/exams/original/high/h1/1mid/26_매산고_1학기_중간_고1_기출c.js,26_매산고_1학기_중간_고1_기출,19,19,19,2022,공통수학1,H22-C-02,항등식과 나머지 정리,2,H22-C-02-CORE,항등식과 나머지 정리 핵심 개념,rule_inferred,complete_rule,서술형,grid,false,서술형,be372fda4353f762536cd1e3d01c5eb952974d4274071c3913e1b5b4ebe6a521,4f53cda18c2baa0c0354bb5f9a3ecbe5ed12ab4d8e11ba873c2f11161202b945,9c52a33b1fae04cd6d382c25907652b694e7e374ac1d48a778b07291aa2316a3,b67fb1e70283b20b0e40c9a00ab7f1c54960f6aa8b96c8076d7cada9831e3018,,,,,0,LOADED_VM,,NOT_STARTED,NOT_STARTED,NOT_STARTED,SVG_OPTIONAL,SVG_OPTIONAL,,,NONE,NO_PROBLEM_VISUAL,N/A,NONE,NOT_STARTED,,,,NOT_STARTED,NOT_STARTED,NOT_STARTED,NOT_TESTED,PASS,canonical_and_compiled_master_match,INVENTORY_PENDING,01_scope_inventory.csv#archive/exams/original/high/h1/1mid/26_매산고_1학기_중간_고1_기출c.js|26_매산고_1학기_중간_고1_기출|19,,INDEX_RECORD_PRESENT,original/high/h1/1mid/26_매산고_1학기_중간_고1_기출c.js_19,172df92b148a2490bbe736bb011d0001c94902f2070fce5f903a0bad25bf3b1d,true,$-11$,IN_SCOPE_FORWARD,,,CLOSED_NO_SHARED_ASSET
archive/exams/original/high/h1/1mid/26_매산여고_1학기_중간_고1_기출_c.js|26_매산여고_1학기_중간_고1_기출|3,archive/exams/original/high/h1/1mid/26_매산여고_1학기_중간_고1_기출_c.js,26_매산여고_1학기_중간_고1_기출,3,3,3,2022,공통수학1,H22-C-02,항등식과 나머지 정리,2,H22-C-02-CORE,항등식과 나머지 정리 핵심 개념,rule_inferred,complete_rule,객관식,grid,false,객관식|다항식|항등식|나머지정리|조건해석|계산,9a3ca5ee03fd5b2154d2238549d378fe5bdfddd3ab0e97a655a651845d73252c,baae6bfccef203671128a1b840bc56bdc8bb3f5eb5cb3f702dfc24d4cb864daf,0bdef091c479702584f065d3a3714f8a76f851b3f0cf10912f345a5dd930b0a8,7eda42405b2953d93d29d36a05a3bfd201969f4492b11d81101fe5d034f37f75,,,,,0,LOADED_VM,,NOT_STARTED,NOT_STARTED,NOT_STARTED,SVG_OPTIONAL,SVG_OPTIONAL,,,NONE,NO_PROBLEM_VISUAL,N/A,NONE,NOT_STARTED,,,,NOT_STARTED,NOT_STARTED,NOT_STARTED,NOT_TESTED,PASS,canonical_and_compiled_master_match,INVENTORY_PENDING,01_scope_inventory.csv#archive/exams/original/high/h1/1mid/26_매산여고_1학기_중간_고1_기출_c.js|26_매산여고_1학기_중간_고1_기출|3,,INDEX_RECORD_PRESENT,original/high/h1/1mid/26_매산여고_1학기_중간_고1_기출_c.js_3,a9a318f47c3942d7aca4b3e2e35182a434ed851b12ed63cfdc89984f0b585c36,true,⑤,IN_SCOPE_FORWARD,,,CLOSED_NO_SHARED_ASSET
archive/exams/original/high/h1/1mid/26_매산여고_1학기_중간_고1_기출_c.js|26_매산여고_1학기_중간_고1_기출|9,archive/exams/original/high/h1/1mid/26_매산여고_1학기_중간_고1_기출_c.js,26_매산여고_1학기_중간_고1_기출,9,9,9,2022,공통수학1,H22-C-02,항등식과 나머지 정리,2,H22-C-02-CORE,항등식과 나머지 정리 핵심 개념,rule_inferred,complete_rule,객관식,grid,false,객관식|다항식|항등식|나머지정리|조건해석|계산,ab90055c6f63f79b93f877e7f0d2b22f9df3330a8253ff2dcdbbda3767c3105b,119a6d81cf8b830697ba7ba1e4042113a222c8a082c3619f03f917d8c647f06f,d41ea6521f53fb3dfa10cf72e2932f4405d9c999fa422cdc840d25d57e90dd34,6507314063595e181bd492d960f1b07917f5c671b26ea1744c21e50055dd3f39,,,,,0,LOADED_VM,,NOT_STARTED,NOT_STARTED,NOT_STARTED,SVG_OPTIONAL,SVG_OPTIONAL,,,NONE,NO_PROBLEM_VISUAL,N/A,NONE,NOT_STARTED,,,,NOT_STARTED,NOT_STARTED,NOT_STARTED,NOT_TESTED,PASS,canonical_and_compiled_master_match,INVENTORY_PENDING,01_scope_inventory.csv#archive/exams/original/high/h1/1mid/26_매산여고_1학기_중간_고1_기출_c.js|26_매산여고_1학기_중간_고1_기출|9,,INDEX_RECORD_PRESENT,original/high/h1/1mid/26_매산여고_1학기_중간_고1_기출_c.js_9,a9a318f47c3942d7aca4b3e2e35182a434ed851b12ed63cfdc89984f0b585c36,true,④,IN_SCOPE_FORWARD,,,CLOSED_NO_SHARED_ASSET
archive/exams/original/high/h1/1mid/26_매산여고_1학기_중간_고1_기출_c.js|26_매산여고_1학기_중간_고1_기출|15,archive/exams/original/high/h1/1mid/26_매산여고_1학기_중간_고1_기출_c.js,26_매산여고_1학기_중간_고1_기출,15,15,15,2022,공통수학1,H22-C-02,항등식과 나머지 정리,2,H22-C-02-CORE,항등식과 나머지 정리 핵심 개념,rule_inferred,complete_rule,객관식,grid,false,객관식|다항식|항등식|나머지정리|계수비교|조건해석|계산,ae077bded50cd3123e25bd2f16688e707b27c10f4fd81c48659d3caf0b656730,9768d1f8e8082bc51044e7114a8acdbcf8e881d327755359a1e5d64d440834ec,d41ea6521f53fb3dfa10cf72e2932f4405d9c999fa422cdc840d25d57e90dd34,0977bd50e69bace2b81c02eb1210ffb48295ea1dd0a593c7a505262b265b5cd1,,,,,0,LOADED_VM,,NOT_STARTED,NOT_STARTED,NOT_STARTED,SVG_OPTIONAL,SVG_OPTIONAL,,,NONE,NO_PROBLEM_VISUAL,N/A,NONE,NOT_STARTED,,,,NOT_STARTED,NOT_STARTED,NOT_STARTED,NOT_TESTED,PASS,canonical_and_compiled_master_match,INVENTORY_PENDING,01_scope_inventory.csv#archive/exams/original/high/h1/1mid/26_매산여고_1학기_중간_고1_기출_c.js|26_매산여고_1학기_중간_고1_기출|15,,INDEX_RECORD_PRESENT,original/high/h1/1mid/26_매산여고_1학기_중간_고1_기출_c.js_15,a9a318f47c3942d7aca4b3e2e35182a434ed851b12ed63cfdc89984f0b585c36,true,④,IN_SCOPE_FORWARD,,,CLOSED_NO_SHARED_ASSET
archive/exams/original/high/h1/1mid/26_매산여고_1학기_중간_고1_기출_c.js|26_매산여고_1학기_중간_고1_기출|16,archive/exams/original/high/h1/1mid/26_매산여고_1학기_중간_고1_기출_c.js,26_매산여고_1학기_중간_고1_기출,16,16,16,2022,공통수학1,H22-C-02,항등식과 나머지 정리,2,H22-C-02-CORE,항등식과 나머지 정리 핵심 개념,rule_inferred,complete_rule,객관식,grid,false,객관식|다항식|항등식|나머지정리|조건해석|계산,1adaa9de4f1c670180c533d7acec02c80e8fc51a615aa0b136c53a24edcd7f41,964271fd109cb43d7d2dd9be2319f7028acfa03f54a692534514537330345e2e,973d2fd2f97e26a666f403b12da6d87e527985b36bcf4ff0a47c7e7e8c36321a,3010dd69437600549fea25b30f5c8bc7c9f264f41f579bfd4e833ea121479a29,,,,,0,LOADED_VM,,NOT_STARTED,NOT_STARTED,NOT_STARTED,SVG_OPTIONAL,SVG_OPTIONAL,,,NONE,NO_PROBLEM_VISUAL,N/A,NONE,NOT_STARTED,,,,NOT_STARTED,NOT_STARTED,NOT_STARTED,NOT_TESTED,PASS,canonical_and_compiled_master_match,INVENTORY_PENDING,01_scope_inventory.csv#archive/exams/original/high/h1/1mid/26_매산여고_1학기_중간_고1_기출_c.js|26_매산여고_1학기_중간_고1_기출|16,,INDEX_RECORD_PRESENT,original/high/h1/1mid/26_매산여고_1학기_중간_고1_기출_c.js_16,a9a318f47c3942d7aca4b3e2e35182a434ed851b12ed63cfdc89984f0b585c36,true,①,IN_SCOPE_FORWARD,,,CLOSED_NO_SHARED_ASSET
archive/exams/original/high/h1/1mid/26_매산여고_1학기_중간_고1_기출_c.js|26_매산여고_1학기_중간_고1_기출|23,archive/exams/original/high/h1/1mid/26_매산여고_1학기_중간_고1_기출_c.js,26_매산여고_1학기_중간_고1_기출,23,23,23,2022,공통수학1,H22-C-02,항등식과 나머지 정리,2,H22-C-02-CORE,항등식과 나머지 정리 핵심 개념,rule_inferred,complete_rule,서술형,grid,false,서술형|표,5ce92efa5eb2241b3ab75ee844faca237dc2216accbd48a199dd593d1d009fb1,4f53cda18c2baa0c0354bb5f9a3ecbe5ed12ab4d8e11ba873c2f11161202b945,a4aab3f1f08004e907d2357fafe74cab56359bcb32e23f52e7eb1d3a9c0a2ad3,bd5c7dbf6a520d06f8cec82f2d0fad1f3b6a37021888b87cd0a0d0dcb040e8c3,,,,,0,LOADED_VM,,NOT_STARTED,NOT_STARTED,NOT_STARTED,SVG_REQUIRED_MISSING,SVG_REQUIRED_MISSING,TABLE_OR_MATRIX_STRUCTURE,,VISUAL_CANDIDATE,NO_PROBLEM_VISUAL,SCHEMATIC_OR_REVIEW,NONE,NOT_STARTED,,,,NOT_STARTED,NOT_STARTED,NOT_STARTED,NOT_TESTED,PASS,canonical_and_compiled_master_match,INVENTORY_PENDING,01_scope_inventory.csv#archive/exams/original/high/h1/1mid/26_매산여고_1학기_중간_고1_기출_c.js|26_매산여고_1학기_중간_고1_기출|23,,INDEX_RECORD_PRESENT,original/high/h1/1mid/26_매산여고_1학기_중간_고1_기출_c.js_23,a9a318f47c3942d7aca4b3e2e35182a434ed851b12ed63cfdc89984f0b585c36,true,3,IN_SCOPE_FORWARD,,,CLOSED_NO_SHARED_ASSET
archive/exams/original/high/h1/1mid/26_팔마고_1학기_중간_고1_기출_c.js|26_팔마고_1학기_중간_고1_기출|8,archive/exams/original/high/h1/1mid/26_팔마고_1학기_중간_고1_기출_c.js,26_팔마고_1학기_중간_고1_기출,8,8,8,2022,공통수학1,H22-C-02,항등식과 나머지 정리,2,H22-C-02-CORE,항등식과 나머지 정리 핵심 개념,rule_inferred,complete_rule,객관식,grid,false,객관식|다항식|항등식|나머지정리|계수비교|조건해석|계산,fcb01a3de87d44e8ef852597afa04fe4303bec154a443064a716189b4ca8410f,785d07a52a88943f990c9cfe2a5fa778510aeba42975fdba6135ed1809ae127b,dfde05a3668030e99ca64d8d4ae5f6b64c7a87cee61c0ba43904b92ef210191d,835025b32f25547147f8c06436bd9df2ccc2084db1e71d9eb46ce3d63af68f33,,,,,0,LOADED_VM,,NOT_STARTED,NOT_STARTED,NOT_STARTED,SVG_OPTIONAL,SVG_OPTIONAL,,,NONE,NO_PROBLEM_VISUAL,N/A,NONE,NOT_STARTED,,,,NOT_STARTED,NOT_STARTED,NOT_STARTED,NOT_TESTED,PASS,canonical_and_compiled_master_match,INVENTORY_PENDING,01_scope_inventory.csv#archive/exams/original/high/h1/1mid/26_팔마고_1학기_중간_고1_기출_c.js|26_팔마고_1학기_중간_고1_기출|8,,INDEX_RECORD_PRESENT,original/high/h1/1mid/26_팔마고_1학기_중간_고1_기출_c.js_8,82ad8e7b7275f3870fadc87455beebce75219f1fe8c040a61d6e4aeccfa3ee0e,true,②,IN_SCOPE_FORWARD,,,CLOSED_NO_SHARED_ASSET
archive/exams/original/high/h1/1mid/26_팔마고_1학기_중간_고1_기출_c.js|26_팔마고_1학기_중간_고1_기출|11,archive/exams/original/high/h1/1mid/26_팔마고_1학기_중간_고1_기출_c.js,26_팔마고_1학기_중간_고1_기출,11,11,11,2022,공통수학1,H22-C-02,항등식과 나머지 정리,2,H22-C-02-CORE,항등식과 나머지 정리 핵심 개념,rule_inferred,complete_rule,객관식,grid,false,객관식|다항식|항등식|나머지정리|계산,cc3b18dddbea4ca6e9ed1f5d9d585efa0fbbcd8a784eb30b40f771435ac65030,25032933ac009eb1855af9344f4bf669afc6c630c741604820427dbfc03ee156,dfde05a3668030e99ca64d8d4ae5f6b64c7a87cee61c0ba43904b92ef210191d,aa1f3e6e9d6ba0795d0e5ce524941b56b2920fafd01405afb0b517192248132d,,,,,0,LOADED_VM,,NOT_STARTED,NOT_STARTED,NOT_STARTED,SVG_REQUIRED_MISSING,SVG_REQUIRED_MISSING,TABLE_OR_MATRIX_STRUCTURE,,VISUAL_CANDIDATE,NO_PROBLEM_VISUAL,SCHEMATIC_OR_REVIEW,NONE,NOT_STARTED,,,,NOT_STARTED,NOT_STARTED,NOT_STARTED,NOT_TESTED,PASS,canonical_and_compiled_master_match,INVENTORY_PENDING,01_scope_inventory.csv#archive/exams/original/high/h1/1mid/26_팔마고_1학기_중간_고1_기출_c.js|26_팔마고_1학기_중간_고1_기출|11,,INDEX_RECORD_PRESENT,original/high/h1/1mid/26_팔마고_1학기_중간_고1_기출_c.js_11,82ad8e7b7275f3870fadc87455beebce75219f1fe8c040a61d6e4aeccfa3ee0e,true,②,IN_SCOPE_FORWARD,,,CLOSED_NO_SHARED_ASSET
archive/exams/original/high/h1/1mid/26_팔마고_1학기_중간_고1_기출_c.js|26_팔마고_1학기_중간_고1_기출|12,archive/exams/original/high/h1/1mid/26_팔마고_1학기_중간_고1_기출_c.js,26_팔마고_1학기_중간_고1_기출,12,12,12,2022,공통수학1,H22-C-02,항등식과 나머지 정리,2,H22-C-02-CORE,항등식과 나머지 정리 핵심 개념,rule_inferred,complete_rule,객관식,grid,false,표,fab706bd3ec3470916fd2d0a6f9a6e75c67da9051ad5056b1e8d2cb5595677cb,5624d7f53e3b4f4a21a53389a10dd6387092e5dc8a4271f3c41db5129076fd2e,973d2fd2f97e26a666f403b12da6d87e527985b36bcf4ff0a47c7e7e8c36321a,c440129c4f3f06720acb0cadcc3b36ba6bf70c7352c0491d2b74c9be67d66de1,,,,,0,LOADED_VM,,NOT_STARTED,NOT_STARTED,NOT_STARTED,SVG_REQUIRED_MISSING,SVG_REQUIRED_MISSING,TABLE_OR_MATRIX_STRUCTURE,,VISUAL_CANDIDATE,NO_PROBLEM_VISUAL,SCHEMATIC_OR_REVIEW,NONE,NOT_STARTED,,,,NOT_STARTED,NOT_STARTED,NOT_STARTED,NOT_TESTED,PASS,canonical_and_compiled_master_match,INVENTORY_PENDING,01_scope_inventory.csv#archive/exams/original/high/h1/1mid/26_팔마고_1학기_중간_고1_기출_c.js|26_팔마고_1학기_중간_고1_기출|12,,INDEX_RECORD_PRESENT,original/high/h1/1mid/26_팔마고_1학기_중간_고1_기출_c.js_12,82ad8e7b7275f3870fadc87455beebce75219f1fe8c040a61d6e4aeccfa3ee0e,true,①,IN_SCOPE_FORWARD,,,CLOSED_NO_SHARED_ASSET
archive/exams/original/high/h1/1mid/26_팔마고_1학기_중간_고1_기출_c.js|26_팔마고_1학기_중간_고1_기출|17,archive/exams/original/high/h1/1mid/26_팔마고_1학기_중간_고1_기출_c.js,26_팔마고_1학기_중간_고1_기출,17,17,17,2022,공통수학1,H22-C-02,항등식과 나머지 정리,2,H22-C-02-CORE,항등식과 나머지 정리 핵심 개념,rule_inferred,complete_rule,객관식,grid,false,표,2f0ad301f891a71395bce4e7295533c02c29741a475f5a931705e97f4f62366a,dc09e1a87c93454740de7ac21b0163e1e82c3f98f3cb1cb9343e523f57cc4c4b,973d2fd2f97e26a666f403b12da6d87e527985b36bcf4ff0a47c7e7e8c36321a,b291f6104785d6a99ecfef3a21ad6d555f3004f01f15ea849e0ce5a2d9f0ecc3,,,,,0,LOADED_VM,,NOT_STARTED,NOT_STARTED,NOT_STARTED,SVG_REQUIRED_MISSING,SVG_REQUIRED_MISSING,TABLE_OR_MATRIX_STRUCTURE,,VISUAL_CANDIDATE,NO_PROBLEM_VISUAL,SCHEMATIC_OR_REVIEW,NONE,NOT_STARTED,,,,NOT_STARTED,NOT_STARTED,NOT_STARTED,NOT_TESTED,PASS,canonical_and_compiled_master_match,INVENTORY_PENDING,01_scope_inventory.csv#archive/exams/original/high/h1/1mid/26_팔마고_1학기_중간_고1_기출_c.js|26_팔마고_1학기_중간_고1_기출|17,,INDEX_RECORD_PRESENT,original/high/h1/1mid/26_팔마고_1학기_중간_고1_기출_c.js_17,82ad8e7b7275f3870fadc87455beebce75219f1fe8c040a61d6e4aeccfa3ee0e,true,①,IN_SCOPE_FORWARD,,,CLOSED_NO_SHARED_ASSET
archive/exams/original/high/h1/1mid/26_효천고_1학기_중간_고1_기출c.js|26_효천고_1학기_중간_고1_기출|6,archive/exams/original/high/h1/1mid/26_효천고_1학기_중간_고1_기출c.js,26_효천고_1학기_중간_고1_기출,6,6,6,2022,공통수학1,H22-C-02,항등식과 나머지 정리,2,H22-C-02-CORE,항등식과 나머지 정리 핵심 개념,rule_inferred,complete_rule,객관식,grid,false,객관식|다항식|항등식|나머지정리|조건해석|계산,6c8f1fd6be1e9bc10cb8ad6fd45250bdceb343d5ef642403052bbafd34fa7a9a,795cfd58741e8d6653064f4b6397fd24636879021c41dda8dfaed61f6b6f63b9,b15be6cb71072b84f7e1e198ce023fc5bb8b1e625335904ddcf3cffcd8b7312b,33ce26e94dc2fcda76ad500defee754d78016a10b509b229f2ca3787ec14f93c,,,,,0,LOADED_VM,,NOT_STARTED,NOT_STARTED,NOT_STARTED,SVG_OPTIONAL,SVG_OPTIONAL,,,NONE,NO_PROBLEM_VISUAL,N/A,NONE,NOT_STARTED,,,,NOT_STARTED,NOT_STARTED,NOT_STARTED,NOT_TESTED,PASS,canonical_and_compiled_master_match,INVENTORY_PENDING,01_scope_inventory.csv#archive/exams/original/high/h1/1mid/26_효천고_1학기_중간_고1_기출c.js|26_효천고_1학기_중간_고1_기출|6,,INDEX_RECORD_PRESENT,original/high/h1/1mid/26_효천고_1학기_중간_고1_기출c.js_6,db242d2a18658e80729453eddca0c3643dc5235cd920a784afcd70d993cc7501,true,③,IN_SCOPE_FORWARD,,,CLOSED_NO_SHARED_ASSET
archive/exams/original/high/h1/1mid/26_효천고_1학기_중간_고1_기출c.js|26_효천고_1학기_중간_고1_기출|8,archive/exams/original/high/h1/1mid/26_효천고_1학기_중간_고1_기출c.js,26_효천고_1학기_중간_고1_기출,8,8,8,2022,공통수학1,H22-C-02,항등식과 나머지 정리,2,H22-C-02-CORE,항등식과 나머지 정리 핵심 개념,rule_inferred,complete_rule,객관식,grid,false,객관식|항등식|나머지정리|계수비교|이항정리|대입|조건해석|계산,f8f611b7c70751c1478098dfc7ebf60649b69dd6d97fa9c9f945804a38f47cae,ca5f68155ce08529ee2d4e83a6b6d9b581b582d4a8f58e3990fdcfceecc61dde,b15be6cb71072b84f7e1e198ce023fc5bb8b1e625335904ddcf3cffcd8b7312b,e23cba218c0cfd69c8ee268533029133249143616e502b23110f398a1bad6b86,,,,,0,LOADED_VM,,NOT_STARTED,NOT_STARTED,NOT_STARTED,SVG_OPTIONAL,SVG_OPTIONAL,,,NONE,NO_PROBLEM_VISUAL,N/A,NONE,NOT_STARTED,,,,NOT_STARTED,NOT_STARTED,NOT_STARTED,NOT_TESTED,PASS,canonical_and_compiled_master_match,INVENTORY_PENDING,01_scope_inventory.csv#archive/exams/original/high/h1/1mid/26_효천고_1학기_중간_고1_기출c.js|26_효천고_1학기_중간_고1_기출|8,,INDEX_RECORD_PRESENT,original/high/h1/1mid/26_효천고_1학기_중간_고1_기출c.js_8,db242d2a18658e80729453eddca0c3643dc5235cd920a784afcd70d993cc7501,true,③,IN_SCOPE_FORWARD,,,CLOSED_NO_SHARED_ASSET
archive/exams/original/high/h1/1mid/26_효천고_1학기_중간_고1_기출c.js|26_효천고_1학기_중간_고1_기출|10,archive/exams/original/high/h1/1mid/26_효천고_1학기_중간_고1_기출c.js,26_효천고_1학기_중간_고1_기출,10,10,10,2022,공통수학1,H22-C-02,항등식과 나머지 정리,2,H22-C-02-CORE,항등식과 나머지 정리 핵심 개념,rule_inferred,complete_rule,객관식,grid,false,객관식|다항식|항등식|나머지정리|완전제곱식|전개|계수비교|이차방정식,4e8803d7534fae1b647d6a1b1d47a30396807ccfeb1c24fd466e2f3048945d24,3e769d57a0171794e7adc3a3d1557f54f7dbbe158682f8425f4c38a666ae3157,973d2fd2f97e26a666f403b12da6d87e527985b36bcf4ff0a47c7e7e8c36321a,97dbd15ec08837e0d790a1835fade5fa89e2a4a62fd04784d3ae3e6ea9cfe0fb,,,,,0,LOADED_VM,,NOT_STARTED,NOT_STARTED,NOT_STARTED,SVG_OPTIONAL,SVG_OPTIONAL,,,NONE,NO_PROBLEM_VISUAL,N/A,NONE,NOT_STARTED,,,,NOT_STARTED,NOT_STARTED,NOT_STARTED,NOT_TESTED,PASS,canonical_and_compiled_master_match,INVENTORY_PENDING,01_scope_inventory.csv#archive/exams/original/high/h1/1mid/26_효천고_1학기_중간_고1_기출c.js|26_효천고_1학기_중간_고1_기출|10,,INDEX_RECORD_PRESENT,original/high/h1/1mid/26_효천고_1학기_중간_고1_기출c.js_10,db242d2a18658e80729453eddca0c3643dc5235cd920a784afcd70d993cc7501,true,①,IN_SCOPE_FORWARD,,,CLOSED_NO_SHARED_ASSET
archive/exams/original/high/h1/1mid/26_효천고_1학기_중간_고1_기출c.js|26_효천고_1학기_중간_고1_기출|19,archive/exams/original/high/h1/1mid/26_효천고_1학기_중간_고1_기출c.js,26_효천고_1학기_중간_고1_기출,19,19,19,2022,공통수학1,H22-C-02,항등식과 나머지 정리,2,H22-C-02-CORE,항등식과 나머지 정리 핵심 개념,rule_inferred,complete_rule,단답형,grid,false,서술형|다항식|항등식|나머지정리|일차방정식|대입|조건해석|계산,b69f0b0f181d128cee84561ee49c3191f57e562bb21c7862676287c0afb3ebc5,4f53cda18c2baa0c0354bb5f9a3ecbe5ed12ab4d8e11ba873c2f11161202b945,2bf175f9655e7bb7357b9f0a7c6051465a5ae701104ffe741b98e852c0e4d460,19f509161176dddeda1056374714f48028f1075f17d1a3d0fc7545182aeb95f9,,,,,0,LOADED_VM,,NOT_STARTED,NOT_STARTED,NOT_STARTED,SVG_OPTIONAL,SVG_OPTIONAL,,,NONE,NO_PROBLEM_VISUAL,N/A,NONE,NOT_STARTED,,,,NOT_STARTED,NOT_STARTED,NOT_STARTED,NOT_TESTED,PASS,canonical_and_compiled_master_match,INVENTORY_PENDING,01_scope_inventory.csv#archive/exams/original/high/h1/1mid/26_효천고_1학기_중간_고1_기출c.js|26_효천고_1학기_중간_고1_기출|19,,INDEX_RECORD_PRESENT,original/high/h1/1mid/26_효천고_1학기_중간_고1_기출c.js_19,db242d2a18658e80729453eddca0c3643dc5235cd920a784afcd70d993cc7501,true,4,IN_SCOPE_FORWARD,,,CLOSED_NO_SHARED_ASSET
archive/exams/original/high/h1/1mid/26_효천고_1학기_중간_고1_기출c.js|26_효천고_1학기_중간_고1_기출|23,archive/exams/original/high/h1/1mid/26_효천고_1학기_중간_고1_기출c.js,26_효천고_1학기_중간_고1_기출,23,23,23,2022,공통수학1,H22-C-02,항등식과 나머지 정리,2,H22-C-02-CORE,항등식과 나머지 정리 핵심 개념,rule_inferred,complete_rule,서술형,grid,false,서술형,aa6e5742822e4bb81dd2321c870812866804107ec3338cc94f1b4da7d95ec6e9,4f53cda18c2baa0c0354bb5f9a3ecbe5ed12ab4d8e11ba873c2f11161202b945,09c25db7a2ef357ea76e3726c3f315b59e1a2296c23f2e2a6fc3e055ec5a8a06,ed956d6d5fe18e0407930b9f03d69ecd98c8448f1750a134947a9e275c2fdfb9,,,,,0,LOADED_VM,,NOT_STARTED,NOT_STARTED,NOT_STARTED,SVG_OPTIONAL,SVG_OPTIONAL,,,NONE,NO_PROBLEM_VISUAL,N/A,NONE,NOT_STARTED,,,,NOT_STARTED,NOT_STARTED,NOT_STARTED,NOT_TESTED,PASS,canonical_and_compiled_master_match,INVENTORY_PENDING,01_scope_inventory.csv#archive/exams/original/high/h1/1mid/26_효천고_1학기_중간_고1_기출c.js|26_효천고_1학기_중간_고1_기출|23,,INDEX_RECORD_PRESENT,original/high/h1/1mid/26_효천고_1학기_중간_고1_기출c.js_23,db242d2a18658e80729453eddca0c3643dc5235cd920a784afcd70d993cc7501,true,$x+4$,IN_SCOPE_FORWARD,,,CLOSED_NO_SHARED_ASSET
archive/exams/original/high/h1/2mid/22_순천여고_2학기_중간_고1_기출.js|22_순천여고_2학기_중간_고1_기출|22,archive/exams/original/high/h1/2mid/22_순천여고_2학기_중간_고1_기출.js,22_순천여고_2학기_중간_고1_기출,22,22,22,2015,수학(상),H15-SA-02,항등식과 나머지정리,2,H15-SA-02-REMAINDER_FACTOR,나머지정리와 인수정리,rule_inferred,complete_rule,서술형,grid,false,서술형|다항식|항등식과 나머지정리|삼차다항식|나머지정리|인수정리,8d120530f9470786327031dc9b413cc81af06b362018c2871c23134a370d8b51,4f53cda18c2baa0c0354bb5f9a3ecbe5ed12ab4d8e11ba873c2f11161202b945,35c5499466c6e608dc9d58503674787f4668401ceed9db0eec93a01f5360ac22,c5782a6efb34ae07af530c9d267da07f02e3bdbb797def5facfecb2ffd1a2034,,,,,0,LOADED_VM,,NOT_STARTED,NOT_STARTED,NOT_STARTED,SVG_OPTIONAL,SVG_OPTIONAL,,,NONE,NO_PROBLEM_VISUAL,N/A,NONE,NOT_STARTED,,,,NOT_STARTED,NOT_STARTED,NOT_STARTED,NOT_TESTED,PASS,canonical_and_compiled_master_match,INVENTORY_PENDING,01_scope_inventory.csv#archive/exams/original/high/h1/2mid/22_순천여고_2학기_중간_고1_기출.js|22_순천여고_2학기_중간_고1_기출|22,,INDEX_RECORD_PRESENT,original/high/h1/2mid/22_순천여고_2학기_중간_고1_기출.js_22,878973a19a449057124bc446d424ad9e8ce18c2f3293ecd5b8f44674ff6a5d91,true,$x^3-3x^2+2$,IN_SCOPE_FORWARD,,,CLOSED_NO_SHARED_ASSET
