questionUid,sourceJsPath,examId,id,displayNo,sourceOrdinal,curriculumVersion,standardCourse,standardUnitKey,standardUnit,standardUnitOrder,subUnitKey,subUnit,subUnitConfidence,subUnitClassificationDepth,questionType,layoutTag,wide,tags,contentHash,choicesHash,answerHash,solutionHash,problemImageRef,problemImageHash,solutionImageRef,solutionImageHash,inlineSvgCount,sourceValidityStatus,independentAnswer,answerParity,solutionQualityStatus,curriculumStatus,visualRequirement,visualRequirementCandidate,visualReasonCode,visualMarkers,visualType,problemVisualSufficiency,scalePolicy,existingSvgStatus,svgRepairStatus,factObligationSet,expectedFactHash,observedFactHash,numericParity,semanticParity,styleLintStatus,renderStatus,metadataStatus,metadataReason,finalVerdict,evidenceRef,assetRefs,questionIndexParity,qKey,sourceFileSha256,solutionPresent,answerValue,scopeStatus,sharedAssetUid,dependencyQuestionUids,dependencyClosureStatus
archive/exams/original/high/h1/2final/21_강남여고_2학기_기말_고1_기출.js|21_강남여고_2학기_기말_고1_기출|3,archive/exams/original/high/h1/2final/21_강남여고_2학기_기말_고1_기출.js,21_강남여고_2학기_기말_고1_기출,3,3,3,2015,수학(하),H15-SB-04,유리함수,4,H15-SB-04-RATIONAL_GRAPH,유리함수의 그래프,category_or_cue_inferred,complete_category,객관식,grid,false,그래프,001068034956ba071a8d84f59b04fbc9c0834f7df74d9f1ef60c1970819066c0,ff782081a4cc25de5ebd8fdb3b10e93e0a2a8b181fb4cabb15c6d4c8f83c7224,973d2fd2f97e26a666f403b12da6d87e527985b36bcf4ff0a47c7e7e8c36321a,9a061eb590c2f68a5f6185bfcbee61ac90d7b16de6b15fe8a16423f139369341,,,assets/images/21_강남여고_2학기_기말_고1_기출/q03-solution.svg,f83cdd0e8d0fa75698a47e8a6b7b497c3080fc855d881ec6b09f5589ee5d03a0,0,LOADED_VM,,NOT_STARTED,NOT_STARTED,NOT_STARTED,SOURCE_REVIEW,SOURCE_REVIEW,GRAPH_OR_FUNCTION_STRUCTURE|COORDINATE_OR_GEOMETRY_STRUCTURE|TABLE_OR_MATRIX_STRUCTURE,,SVG,NO_PROBLEM_VISUAL,REVIEW_REQUIRED,SOLUTION_SVG,NOT_STARTED,,,5524ab423f8449560888d6736d4502291d86ab8af6c31ec00642b8a30771a25c,NOT_STARTED,NOT_STARTED,NOT_STARTED,NOT_TESTED,PASS,canonical_and_compiled_master_match,INVENTORY_PENDING,01_scope_inventory.csv#archive/exams/original/high/h1/2final/21_강남여고_2학기_기말_고1_기출.js|21_강남여고_2학기_기말_고1_기출|3,[object Object],INDEX_RECORD_PRESENT,original/high/h1/2final/21_강남여고_2학기_기말_고1_기출.js_3,f47712986bc3d52d0bb953cbfe9456e7c381d2184f9cc0cff851c467eb1eb6aa,true,①,IN_SCOPE_FORWARD,,,CLOSED_NO_SHARED_ASSET
archive/exams/original/high/h1/2final/21_강남여고_2학기_기말_고1_기출.js|21_강남여고_2학기_기말_고1_기출|12,archive/exams/original/high/h1/2final/21_강남여고_2학기_기말_고1_기출.js,21_강남여고_2학기_기말_고1_기출,12,12,12,2015,수학(하),H15-SB-04,유리함수,4,H15-SB-04-RATIONAL_GRAPH,유리함수의 그래프,category_or_cue_inferred,complete_category,객관식,grid,false,그래프,891bd2e1a15e706957d90c4efdcb6aa93b7df0050da6f8d637259c1a418a6230,d8d5e171ac20bb6eb73b120def288ceae3ca1e9b71f4654dffed8dac8d1bea56,d41ea6521f53fb3dfa10cf72e2932f4405d9c999fa422cdc840d25d57e90dd34,28dbc0443206836397c8274190e203b0c4051ec46ff7837a70f75336a2cd1816,assets/images/21_강남여고_2학기_기말_고1_기출/q12.png,b4692838d108825c90a103f090e335c0052817984c86660fc7240746c5dc018d,assets/images/21_강남여고_2학기_기말_고1_기출/q12-solution.svg,6488265104fcca7607e509e9503142bea501cde2419d26a671b9cfd0998e85d3,0,LOADED_VM,,NOT_STARTED,NOT_STARTED,NOT_STARTED,SOURCE_REVIEW,SOURCE_REVIEW,GRAPH_OR_FUNCTION_STRUCTURE|COORDINATE_OR_GEOMETRY_STRUCTURE,,SVG,PROBLEM_VISUAL_PRESENT,REVIEW_REQUIRED,SOLUTION_SVG,NOT_STARTED,,,832247ee71be3febcea7906ad967773446659caa552d912ac9abc44130ba3526,NOT_STARTED,NOT_STARTED,NOT_STARTED,NOT_TESTED,PASS,canonical_and_compiled_master_match,INVENTORY_PENDING,01_scope_inventory.csv#archive/exams/original/high/h1/2final/21_강남여고_2학기_기말_고1_기출.js|21_강남여고_2학기_기말_고1_기출|12,[object Object]|[object Object],INDEX_RECORD_PRESENT,original/high/h1/2final/21_강남여고_2학기_기말_고1_기출.js_12,f47712986bc3d52d0bb953cbfe9456e7c381d2184f9cc0cff851c467eb1eb6aa,true,④,IN_SCOPE_FORWARD,,,CLOSED_NO_SHARED_ASSET
archive/exams/original/high/h1/2final/21_강남여고_2학기_기말_고1_기출.js|21_강남여고_2학기_기말_고1_기출|16,archive/exams/original/high/h1/2final/21_강남여고_2학기_기말_고1_기출.js,21_강남여고_2학기_기말_고1_기출,16,16,16,2015,수학(하),H15-SB-04,유리함수,4,H15-SB-04-RATIONAL_APPLICATION,유리함수의 활용,category_or_cue_inferred,complete_category,객관식,grid,false,도형|그래프,9ef273ed66a9205db7efb1fbf21427338d9511daa13b639d21e0d31b5be182da,fc3dba98889cccd1a96f32fb71f7812a2d3b9dde603c59a1f87b932df48e085f,b15be6cb71072b84f7e1e198ce023fc5bb8b1e625335904ddcf3cffcd8b7312b,d38a356e720ccd3e4c38d42b3cb15c48016d2df1dbafeea5d40cfade0f77555c,assets/images/21_강남여고_2학기_기말_고1_기출/q16.png,a61ad280a7311e4ad42c66d1c5868cc98206d36aa2283dbf2f80327036d09722,assets/images/21_강남여고_2학기_기말_고1_기출/q16-solution.svg,5b81641b397d9bc77c4eeab8cde1011d547d67aad7abac68595123837988c00f,0,LOADED_VM,,NOT_STARTED,NOT_STARTED,NOT_STARTED,SOURCE_REVIEW,SOURCE_REVIEW,GRAPH_OR_FUNCTION_STRUCTURE|COORDINATE_OR_GEOMETRY_STRUCTURE|TABLE_OR_MATRIX_STRUCTURE,,SVG,PROBLEM_VISUAL_PRESENT,REVIEW_REQUIRED,SOLUTION_SVG,NOT_STARTED,,,5e038ab678361933a38ba6fc81fe3b8dc87edb10f415d172569828bdd6723263,NOT_STARTED,NOT_STARTED,NOT_STARTED,NOT_TESTED,PASS,canonical_and_compiled_master_match,INVENTORY_PENDING,01_scope_inventory.csv#archive/exams/original/high/h1/2final/21_강남여고_2학기_기말_고1_기출.js|21_강남여고_2학기_기말_고1_기출|16,[object Object]|[object Object],INDEX_RECORD_PRESENT,original/high/h1/2final/21_강남여고_2학기_기말_고1_기출.js_16,f47712986bc3d52d0bb953cbfe9456e7c381d2184f9cc0cff851c467eb1eb6aa,true,③,IN_SCOPE_FORWARD,,,CLOSED_NO_SHARED_ASSET
archive/exams/original/high/h1/2final/21_강남여고_2학기_기말_고1_기출.js|21_강남여고_2학기_기말_고1_기출|17,archive/exams/original/high/h1/2final/21_강남여고_2학기_기말_고1_기출.js,21_강남여고_2학기_기말_고1_기출,17,17,17,2015,수학(하),H15-SB-04,유리함수,4,H15-SB-04-RATIONAL_APPLICATION,유리함수의 활용,category_or_cue_inferred,complete_category,객관식,grid,false,그래프,5c66a6abed0edd136013199e9998aa5b747a90419917cb3e2242e573d260558b,8e9b84caba423ca7cddd988836ca9ca8a95f3ba36503afd5ecab8d94f3fbdecb,d41ea6521f53fb3dfa10cf72e2932f4405d9c999fa422cdc840d25d57e90dd34,3eea69c6f1d18ba326c2f6c1f188df309e7c898c61a32913fbd870915c4c94a7,,,assets/images/21_강남여고_2학기_기말_고1_기출/q17-solution.svg,cf53636e3c7915f2aafe2c9c9e42584851856f5e503285fcd3a2179204b1e94d,0,LOADED_VM,,NOT_STARTED,NOT_STARTED,NOT_STARTED,SOURCE_REVIEW,SOURCE_REVIEW,GRAPH_OR_FUNCTION_STRUCTURE|COORDINATE_OR_GEOMETRY_STRUCTURE|TABLE_OR_MATRIX_STRUCTURE,,SVG,NO_PROBLEM_VISUAL,REVIEW_REQUIRED,SOLUTION_SVG,NOT_STARTED,,,6ec9f24aa22d1405e9cca7510e4ea213ea9c447cc1628e8d0163d9a015acc74d,NOT_STARTED,NOT_STARTED,NOT_STARTED,NOT_TESTED,PASS,canonical_and_compiled_master_match,INVENTORY_PENDING,01_scope_inventory.csv#archive/exams/original/high/h1/2final/21_강남여고_2학기_기말_고1_기출.js|21_강남여고_2학기_기말_고1_기출|17,[object Object],INDEX_RECORD_PRESENT,original/high/h1/2final/21_강남여고_2학기_기말_고1_기출.js_17,f47712986bc3d52d0bb953cbfe9456e7c381d2184f9cc0cff851c467eb1eb6aa,true,④,IN_SCOPE_FORWARD,,,CLOSED_NO_SHARED_ASSET
archive/exams/original/high/h1/2final/21_강남여고_2학기_기말_고1_기출.js|21_강남여고_2학기_기말_고1_기출|22,archive/exams/original/high/h1/2final/21_강남여고_2학기_기말_고1_기출.js,21_강남여고_2학기_기말_고1_기출,22,22,22,2015,수학(하),H15-SB-04,유리함수,4,H15-SB-04-RATIONAL_GRAPH,유리함수의 그래프,category_or_cue_inferred,complete_category,객관식,grid,false,그래프,43b597e85ccdbc80f520a5db37bb1980459939764ba71238016badea3c949fd6,d601fd23445f2769d635c0f649aaf6d04b385a7d56c029a78b68ab105d958e27,973d2fd2f97e26a666f403b12da6d87e527985b36bcf4ff0a47c7e7e8c36321a,24610cd6648534093c29f54e2737d4ec938bb993127e154b99059b2a19013dc6,assets/images/21_강남여고_2학기_기말_고1_기출/q22.png,9837e558f128fbaba059d8942bebb221969e84609dab63422e745b18c6b5820a,assets/images/21_강남여고_2학기_기말_고1_기출/q22-solution.svg,d52847945df6d5019b01ce4bff6c6be394caa5a90f98f40d71b8799a230fae3a,0,LOADED_VM,,NOT_STARTED,NOT_STARTED,NOT_STARTED,SOURCE_REVIEW,SOURCE_REVIEW,GRAPH_OR_FUNCTION_STRUCTURE|COORDINATE_OR_GEOMETRY_STRUCTURE,,SVG,PROBLEM_VISUAL_PRESENT,REVIEW_REQUIRED,SOLUTION_SVG,NOT_STARTED,,,7ee98ac119bbe4058e2f56264d0da6e71f06f33fe973f8973e527d75d17d39e7,NOT_STARTED,NOT_STARTED,NOT_STARTED,NOT_TESTED,PASS,canonical_and_compiled_master_match,INVENTORY_PENDING,01_scope_inventory.csv#archive/exams/original/high/h1/2final/21_강남여고_2학기_기말_고1_기출.js|21_강남여고_2학기_기말_고1_기출|22,[object Object]|[object Object],INDEX_RECORD_PRESENT,original/high/h1/2final/21_강남여고_2학기_기말_고1_기출.js_22,f47712986bc3d52d0bb953cbfe9456e7c381d2184f9cc0cff851c467eb1eb6aa,true,①,IN_SCOPE_FORWARD,,,CLOSED_NO_SHARED_ASSET
archive/exams/original/high/h1/2final/21_강남여고_2학기_기말_고1_기출.js|21_강남여고_2학기_기말_고1_기출|28,archive/exams/original/high/h1/2final/21_강남여고_2학기_기말_고1_기출.js,21_강남여고_2학기_기말_고1_기출,28,28,28,2015,수학(하),H15-SB-04,유리함수,4,H15-SB-04-RATIONAL_APPLICATION,유리함수의 활용,category_or_cue_inferred,complete_category,서술형,grid,false,서술형|그래프,5bbdb48e95508964109564e9168caf41ef67aadae636d17b1005b27daaedc53b,4f53cda18c2baa0c0354bb5f9a3ecbe5ed12ab4d8e11ba873c2f11161202b945,1e459d0bde220e1a922a052c97a64a8ba011f92b6814305f76def5741e118c57,021b72d7333fccec6ec0d7c12ab39f770038ad47e9e8735ac396c6f2397672dd,,,assets/images/21_강남여고_2학기_기말_고1_기출/q28-solution.svg,736e19eaf0595425c136933b456ae18f5b36e6a8a07b491cf997882a9476c45c,0,LOADED_VM,,NOT_STARTED,NOT_STARTED,NOT_STARTED,SOURCE_REVIEW,SOURCE_REVIEW,GRAPH_OR_FUNCTION_STRUCTURE,,SVG,NO_PROBLEM_VISUAL,REVIEW_REQUIRED,SOLUTION_SVG,NOT_STARTED,,,e492dc0f8e0309a0a683187acdaeb729a29de198d81c5336829f204d9eb7e986,NOT_STARTED,NOT_STARTED,NOT_STARTED,NOT_TESTED,PASS,canonical_and_compiled_master_match,INVENTORY_PENDING,01_scope_inventory.csv#archive/exams/original/high/h1/2final/21_강남여고_2학기_기말_고1_기출.js|21_강남여고_2학기_기말_고1_기출|28,[object Object],INDEX_RECORD_PRESENT,original/high/h1/2final/21_강남여고_2학기_기말_고1_기출.js_28,f47712986bc3d52d0bb953cbfe9456e7c381d2184f9cc0cff851c467eb1eb6aa,true,$16$,IN_SCOPE_FORWARD,,,CLOSED_NO_SHARED_ASSET
archive/exams/original/high/h1/2final/21_금당고_2학기_기말_고1_기출.js|21_금당고_2학기_기말_고1_기출|2,archive/exams/original/high/h1/2final/21_금당고_2학기_기말_고1_기출.js,21_금당고_2학기_기말_고1_기출,2,2,2,2015,수학(하),H15-SB-04,유리함수,4,H15-SB-04-RATIONAL_BASIC,유리함수의 뜻과 계산,category_or_cue_inferred,complete_category,객관식,grid,false,,d654bc39ae3e7f94d7b2284a5e7b6e8954ea61b583f4298ea0e5f6a09a7e63e5,a40d8cddcd59fbaf2c633a16f776d031231fb86dd1b98a27b348138219435054,973d2fd2f97e26a666f403b12da6d87e527985b36bcf4ff0a47c7e7e8c36321a,03fa4498e0df9cd3cc8a6268ea83ee3173a51cec47e017c994a01dd172917287,,,,,0,LOADED_VM,,NOT_STARTED,NOT_STARTED,NOT_STARTED,SVG_OPTIONAL,SVG_OPTIONAL,,,NONE,NO_PROBLEM_VISUAL,N/A,NONE,NOT_STARTED,,,,NOT_STARTED,NOT_STARTED,NOT_STARTED,NOT_TESTED,PASS,canonical_and_compiled_master_match,INVENTORY_PENDING,01_scope_inventory.csv#archive/exams/original/high/h1/2final/21_금당고_2학기_기말_고1_기출.js|21_금당고_2학기_기말_고1_기출|2,,INDEX_RECORD_PRESENT,original/high/h1/2final/21_금당고_2학기_기말_고1_기출.js_2,f57a459d83644ea31d0d9f4c030f95af6a8a43d526e99190686d9d69778df173,true,①,IN_SCOPE_FORWARD,,,CLOSED_NO_SHARED_ASSET
archive/exams/original/high/h1/2final/21_금당고_2학기_기말_고1_기출.js|21_금당고_2학기_기말_고1_기출|9,archive/exams/original/high/h1/2final/21_금당고_2학기_기말_고1_기출.js,21_금당고_2학기_기말_고1_기출,9,9,9,2015,수학(하),H15-SB-04,유리함수,4,H15-SB-04-RATIONAL_BASIC,유리함수의 뜻과 계산,category_or_cue_inferred,complete_category,객관식,grid,false,,7de892c03857a094bed546cc7606818b87d602940bd5ac8446d0183c1605277e,e0d97c9019866472897be616b4b44634dd3f90c486dd75fb0aa9593501c65aef,0bdef091c479702584f065d3a3714f8a76f851b3f0cf10912f345a5dd930b0a8,d48e280ec5fd2d74a684483795833432b23735bba0b0bde566b87d6415a0396e,,,,,0,LOADED_VM,,NOT_STARTED,NOT_STARTED,NOT_STARTED,SVG_OPTIONAL,SVG_OPTIONAL,,,NONE,NO_PROBLEM_VISUAL,N/A,NONE,NOT_STARTED,,,,NOT_STARTED,NOT_STARTED,NOT_STARTED,NOT_TESTED,PASS,canonical_and_compiled_master_match,INVENTORY_PENDING,01_scope_inventory.csv#archive/exams/original/high/h1/2final/21_금당고_2학기_기말_고1_기출.js|21_금당고_2학기_기말_고1_기출|9,,INDEX_RECORD_PRESENT,original/high/h1/2final/21_금당고_2학기_기말_고1_기출.js_9,f57a459d83644ea31d0d9f4c030f95af6a8a43d526e99190686d9d69778df173,true,⑤,IN_SCOPE_FORWARD,,,CLOSED_NO_SHARED_ASSET
archive/exams/original/high/h1/2final/21_금당고_2학기_기말_고1_기출.js|21_금당고_2학기_기말_고1_기출|22,archive/exams/original/high/h1/2final/21_금당고_2학기_기말_고1_기출.js,21_금당고_2학기_기말_고1_기출,22,22,22,2015,수학(하),H15-SB-04,유리함수,4,H15-SB-04-RATIONAL_BASIC,유리함수의 뜻과 계산,category_or_cue_inferred,complete_category,서술형,grid,false,서술형|그래프,69cfe3eeb81b3bd6f541e9d287253fb29170e9eaef78a95f40ae063252322850,4f53cda18c2baa0c0354bb5f9a3ecbe5ed12ab4d8e11ba873c2f11161202b945,82c9cdfb0a155c2f1158330dd77c6ebe6ae96715d7efbb4b71f01ab8a43fa020,e702d56b7a621ca7c33299d9d169d306c3a24a1978f73eedd9e48aad1c5bcd8f,,,assets/images/21_금당고_2학기_기말_고1_기출/q22-solution.svg,94e3c7f108bed9ce9d9cebe3d68cd803121801a10187460e141cf107d605e4f7,0,LOADED_VM,,NOT_STARTED,NOT_STARTED,NOT_STARTED,SOURCE_REVIEW,SOURCE_REVIEW,GRAPH_OR_FUNCTION_STRUCTURE|COORDINATE_OR_GEOMETRY_STRUCTURE|TABLE_OR_MATRIX_STRUCTURE,,SVG,NO_PROBLEM_VISUAL,REVIEW_REQUIRED,SOLUTION_SVG,NOT_STARTED,,,6bb6c76fc1b7924bf2e7b2bd3b87ccd6a394222d209c03779b04d3d51e396053,NOT_STARTED,NOT_STARTED,NOT_STARTED,NOT_TESTED,PASS,canonical_and_compiled_master_match,INVENTORY_PENDING,01_scope_inventory.csv#archive/exams/original/high/h1/2final/21_금당고_2학기_기말_고1_기출.js|21_금당고_2학기_기말_고1_기출|22,[object Object],INDEX_RECORD_PRESENT,original/high/h1/2final/21_금당고_2학기_기말_고1_기출.js_22,f57a459d83644ea31d0d9f4c030f95af6a8a43d526e99190686d9d69778df173,true,$900$,IN_SCOPE_FORWARD,,,CLOSED_NO_SHARED_ASSET
archive/exams/original/high/h1/2final/21_복성고_2학기_기말_고1_기출.js|21_복성고_2학기_기말_고1_기출|3,archive/exams/original/high/h1/2final/21_복성고_2학기_기말_고1_기출.js,21_복성고_2학기_기말_고1_기출,3,3,3,2015,수학(하),H15-SB-04,유리함수,4,H15-SB-04-RATIONAL_BASIC,유리함수의 뜻과 계산,category_or_cue_inferred,complete_category,객관식,grid,false,그래프,4997d07bcf8b293ab949501dea9b1d5a13f4f27cf3f4eea127d77e1ba5cc9179,6ae82629187cec94799064ce9949d4656acf358026f2d9a113be53c41a69ab19,973d2fd2f97e26a666f403b12da6d87e527985b36bcf4ff0a47c7e7e8c36321a,ea99fa4bc93e9e1deb1bf39720d6c7c908fa87f7cfc150a5c5ac23fb76d69e8a,,,assets/images/21_복성고_2학기_기말_고1_기출/q03-solution.svg,188ec47378831627e403351f2d4877c4a24e87a9a4f4c7221763d0af7f77dc7c,0,LOADED_VM,,NOT_STARTED,NOT_STARTED,NOT_STARTED,SOURCE_REVIEW,SOURCE_REVIEW,GRAPH_OR_FUNCTION_STRUCTURE|COORDINATE_OR_GEOMETRY_STRUCTURE,,SVG,NO_PROBLEM_VISUAL,REVIEW_REQUIRED,SOLUTION_SVG,NOT_STARTED,,,4771095ddaa993b60c3b1897379261a6d4fcea76bd8c3f28c87eaac3a5943e3e,NOT_STARTED,NOT_STARTED,NOT_STARTED,NOT_TESTED,PASS,canonical_and_compiled_master_match,INVENTORY_PENDING,01_scope_inventory.csv#archive/exams/original/high/h1/2final/21_복성고_2학기_기말_고1_기출.js|21_복성고_2학기_기말_고1_기출|3,[object Object],INDEX_RECORD_PRESENT,original/high/h1/2final/21_복성고_2학기_기말_고1_기출.js_3,460e78d33f4c0274f5c317b925257e84504942f41ce73129d715ac3ee36a57ce,true,①,IN_SCOPE_FORWARD,,,CLOSED_NO_SHARED_ASSET
archive/exams/original/high/h1/2final/21_복성고_2학기_기말_고1_기출.js|21_복성고_2학기_기말_고1_기출|10,archive/exams/original/high/h1/2final/21_복성고_2학기_기말_고1_기출.js,21_복성고_2학기_기말_고1_기출,10,10,10,2015,수학(하),H15-SB-04,유리함수,4,H15-SB-04-RATIONAL_GRAPH,유리함수의 그래프,category_or_cue_inferred,complete_category,객관식,grid,false,그래프,4c1b9ef855708c7f60934aed5a797896c76188c3cad1170ddff26fd4b3234537,aee0acb92f3dc9672b277d5c180dc5e06120461c7bdcfe79d77ec6e1f04e49b6,b15be6cb71072b84f7e1e198ce023fc5bb8b1e625335904ddcf3cffcd8b7312b,11607ae69ed60eaa182476fd008e4cce2dd8c748591c005f41ccabb3976b22f5,assets/images/21_복성고_2학기_기말_고1_기출/q10.png,4164f22bb48a5f66aa11dbbe3d743c85a1b1f2bbb86ac3c5cafd7411ce46f3be,assets/images/21_복성고_2학기_기말_고1_기출/q10-solution.svg,71a8e88bba3a8f0c1cd96841b4a9672aa8db362c2e5ad5bf3de2661a58b103f6,0,LOADED_VM,,NOT_STARTED,NOT_STARTED,NOT_STARTED,SOURCE_REVIEW,SOURCE_REVIEW,GRAPH_OR_FUNCTION_STRUCTURE|COORDINATE_OR_GEOMETRY_STRUCTURE,,SVG,PROBLEM_VISUAL_PRESENT,REVIEW_REQUIRED,SOLUTION_SVG,NOT_STARTED,,,8c6265602e778a9320df3b81d0ef7dd8d84d3ecaf172bcc67dec5daaed591bdb,NOT_STARTED,NOT_STARTED,NOT_STARTED,NOT_TESTED,PASS,canonical_and_compiled_master_match,INVENTORY_PENDING,01_scope_inventory.csv#archive/exams/original/high/h1/2final/21_복성고_2학기_기말_고1_기출.js|21_복성고_2학기_기말_고1_기출|10,[object Object]|[object Object],INDEX_RECORD_PRESENT,original/high/h1/2final/21_복성고_2학기_기말_고1_기출.js_10,460e78d33f4c0274f5c317b925257e84504942f41ce73129d715ac3ee36a57ce,true,③,IN_SCOPE_FORWARD,,,CLOSED_NO_SHARED_ASSET
archive/exams/original/high/h1/2final/21_복성고_2학기_기말_고1_기출.js|21_복성고_2학기_기말_고1_기출|13,archive/exams/original/high/h1/2final/21_복성고_2학기_기말_고1_기출.js,21_복성고_2학기_기말_고1_기출,13,13,13,2015,수학(하),H15-SB-04,유리함수,4,H15-SB-04-RATIONAL_BASIC,유리함수의 뜻과 계산,category_or_cue_inferred,complete_category,객관식,grid,false,,24c61c0bc866ffdcb809fdf3990022f22cc7b9aea7e1499c7deb004d1df2624b,f567961a5f53ea5db38516e9475cfdb19992873da329e6da11747d4c382a26ba,973d2fd2f97e26a666f403b12da6d87e527985b36bcf4ff0a47c7e7e8c36321a,93f43e6a2ae9f2be56a099655adaf42550e59e15204cc99aad61d3c85b730549,,,,,0,LOADED_VM,,NOT_STARTED,NOT_STARTED,NOT_STARTED,SVG_OPTIONAL,SVG_OPTIONAL,,,NONE,NO_PROBLEM_VISUAL,N/A,NONE,NOT_STARTED,,,,NOT_STARTED,NOT_STARTED,NOT_STARTED,NOT_TESTED,PASS,canonical_and_compiled_master_match,INVENTORY_PENDING,01_scope_inventory.csv#archive/exams/original/high/h1/2final/21_복성고_2학기_기말_고1_기출.js|21_복성고_2학기_기말_고1_기출|13,,INDEX_RECORD_PRESENT,original/high/h1/2final/21_복성고_2학기_기말_고1_기출.js_13,460e78d33f4c0274f5c317b925257e84504942f41ce73129d715ac3ee36a57ce,true,①,IN_SCOPE_FORWARD,,,CLOSED_NO_SHARED_ASSET
archive/exams/original/high/h1/2final/21_순천고_2학기_기말_고1_기출.js|21_순천고_2학기_기말_고1_기출|1,archive/exams/original/high/h1/2final/21_순천고_2학기_기말_고1_기출.js,21_순천고_2학기_기말_고1_기출,1,1,1,2015,수학(하),H15-SB-04,유리함수,4,H15-SB-04-RATIONAL_BASIC,유리함수의 뜻과 계산,category_or_cue_inferred,complete_category,객관식,grid,false,,7bad87b0ce2f0563f0f425368fda78b057c1150caaca0ec0fca624dfc5ba1f21,76c22a8dd3d9083e84f0aaf5c1fd0dea105093d21826a1937f4f8eb35edbc42b,0bdef091c479702584f065d3a3714f8a76f851b3f0cf10912f345a5dd930b0a8,abc814f8c7cf74e6adec4e641b9f1b363436c574a13c3871ea6a8ab4972af79c,,,,,0,LOADED_VM,,NOT_STARTED,NOT_STARTED,NOT_STARTED,SVG_OPTIONAL,SVG_OPTIONAL,,,NONE,NO_PROBLEM_VISUAL,N/A,NONE,NOT_STARTED,,,,NOT_STARTED,NOT_STARTED,NOT_STARTED,NOT_TESTED,PASS,canonical_and_compiled_master_match,INVENTORY_PENDING,01_scope_inventory.csv#archive/exams/original/high/h1/2final/21_순천고_2학기_기말_고1_기출.js|21_순천고_2학기_기말_고1_기출|1,,INDEX_RECORD_PRESENT,original/high/h1/2final/21_순천고_2학기_기말_고1_기출.js_1,74f3286e450553cf6a44efbc9c2aafaf4aeacc60ffa4f8664e7f72b2795913a4,true,⑤,IN_SCOPE_FORWARD,,,CLOSED_NO_SHARED_ASSET
archive/exams/original/high/h1/2final/21_순천고_2학기_기말_고1_기출.js|21_순천고_2학기_기말_고1_기출|2,archive/exams/original/high/h1/2final/21_순천고_2학기_기말_고1_기출.js,21_순천고_2학기_기말_고1_기출,2,2,2,2015,수학(하),H15-SB-04,유리함수,4,H15-SB-04-RATIONAL_BASIC,유리함수의 뜻과 계산,category_or_cue_inferred,complete_category,객관식,grid,false,그래프,22b50b1f449d90798ae719229feb10086231aca7fd42ad983da6a4638ce1c5e8,c008fed1b5eb9f5c2f9a1bb3a7431b16d4416b3cd287082c355354e04add7051,973d2fd2f97e26a666f403b12da6d87e527985b36bcf4ff0a47c7e7e8c36321a,9d1fd72e27aa750dd1488c5060a49722237004ec189a5ff9e6e356376a4a604f,,,assets/images/21_순천고_2학기_기말_고1_기출/q02-solution.svg,beb4dba9bcee6efebfe3766f87ac0db0594bb2931e23e8beed3310d6973063c4,0,LOADED_VM,,NOT_STARTED,NOT_STARTED,NOT_STARTED,SOURCE_REVIEW,SOURCE_REVIEW,GRAPH_OR_FUNCTION_STRUCTURE|COORDINATE_OR_GEOMETRY_STRUCTURE,,SVG,NO_PROBLEM_VISUAL,REVIEW_REQUIRED,SOLUTION_SVG,NOT_STARTED,,,879d37727df528e8ee1b1438d3bcc4c8e81988d56b0a97f5418aa93ddcc4be13,NOT_STARTED,NOT_STARTED,NOT_STARTED,NOT_TESTED,PASS,canonical_and_compiled_master_match,INVENTORY_PENDING,01_scope_inventory.csv#archive/exams/original/high/h1/2final/21_순천고_2학기_기말_고1_기출.js|21_순천고_2학기_기말_고1_기출|2,[object Object],INDEX_RECORD_PRESENT,original/high/h1/2final/21_순천고_2학기_기말_고1_기출.js_2,74f3286e450553cf6a44efbc9c2aafaf4aeacc60ffa4f8664e7f72b2795913a4,true,①,IN_SCOPE_FORWARD,,,CLOSED_NO_SHARED_ASSET
archive/exams/original/high/h1/2final/21_순천고_2학기_기말_고1_기출.js|21_순천고_2학기_기말_고1_기출|18,archive/exams/original/high/h1/2final/21_순천고_2학기_기말_고1_기출.js,21_순천고_2학기_기말_고1_기출,18,18,18,2015,수학(하),H15-SB-04,유리함수,4,H15-SB-04-RATIONAL_BASIC,유리함수의 뜻과 계산,category_or_cue_inferred,complete_category,객관식,grid,false,그래프,1125ca9f340df37789f3ba04e37429ff122eeb8bb0f9a9b34c2a0f4d8a33f6f6,521227c1b69163405dc2c3adc870e0ca8b20e6d5d5bc479e05306c295bf884b3,dfde05a3668030e99ca64d8d4ae5f6b64c7a87cee61c0ba43904b92ef210191d,49ee6ba816444af685e8f7898168bb92d480124c96a6536e4ddb79a475bcaa8d,,,assets/images/21_순천고_2학기_기말_고1_기출/q18-solution.svg,38f3516c59c20ac1f3d326ffb573fba59c4ed77fe2667d8019e424f3225a4bc3,0,LOADED_VM,,NOT_STARTED,NOT_STARTED,NOT_STARTED,SOURCE_REVIEW,SOURCE_REVIEW,GRAPH_OR_FUNCTION_STRUCTURE|COORDINATE_OR_GEOMETRY_STRUCTURE|TABLE_OR_MATRIX_STRUCTURE,,SVG,NO_PROBLEM_VISUAL,REVIEW_REQUIRED,SOLUTION_SVG,NOT_STARTED,,,27c859e74a8bb7b4c997c6e242e73b22514427e985e930710e7e28af6db96dcd,NOT_STARTED,NOT_STARTED,NOT_STARTED,NOT_TESTED,PASS,canonical_and_compiled_master_match,INVENTORY_PENDING,01_scope_inventory.csv#archive/exams/original/high/h1/2final/21_순천고_2학기_기말_고1_기출.js|21_순천고_2학기_기말_고1_기출|18,[object Object],INDEX_RECORD_PRESENT,original/high/h1/2final/21_순천고_2학기_기말_고1_기출.js_18,74f3286e450553cf6a44efbc9c2aafaf4aeacc60ffa4f8664e7f72b2795913a4,true,②,IN_SCOPE_FORWARD,,,CLOSED_NO_SHARED_ASSET
archive/exams/original/high/h1/2final/21_제일고_2학기_기말_고1_기출.js|21_제일고_2학기_기말_고1_기출|4,archive/exams/original/high/h1/2final/21_제일고_2학기_기말_고1_기출.js,21_제일고_2학기_기말_고1_기출,4,4,4,2015,수학(하),H15-SB-04,유리함수,4,H15-SB-04-RATIONAL_GRAPH,유리함수의 그래프,category_or_cue_inferred,complete_category,객관식,grid,false,유리함수|그래프|복수정답,fd44fde1bd14e3b273a94d72fcc4d79b6cca384e6e12ed75e8ce27947db28058,a30ec38dce280d7b965f2ad683a5ff41291f524627f627b21bbb9cb0b99097bd,1ac4da08880d649871421bad2c77a7befad621880572224612f37acfa58aa5ed,43bf9b62f05445ea510021a8634eb264375223f2aeb3091effaa140045ebb8a1,,,assets/images/21_제일고_2학기_기말_고1_기출/q04-solution.svg,dc55e79f073df059d0ba1b0fd582d3e74dc2be6fb474f1b7b014a7a68c02849f,0,LOADED_VM,,NOT_STARTED,NOT_STARTED,NOT_STARTED,SOURCE_REVIEW,SOURCE_REVIEW,GRAPH_OR_FUNCTION_STRUCTURE|COORDINATE_OR_GEOMETRY_STRUCTURE,,SVG,NO_PROBLEM_VISUAL,REVIEW_REQUIRED,SOLUTION_SVG,NOT_STARTED,,,4bad9a60765f68a5c5d3eba724e98da9b6a435e464d1a6abe1dc65e0fa3daab1,NOT_STARTED,NOT_STARTED,NOT_STARTED,NOT_TESTED,PASS,canonical_and_compiled_master_match,INVENTORY_PENDING,01_scope_inventory.csv#archive/exams/original/high/h1/2final/21_제일고_2학기_기말_고1_기출.js|21_제일고_2학기_기말_고1_기출|4,[object Object],INDEX_RECORD_PRESENT,original/high/h1/2final/21_제일고_2학기_기말_고1_기출.js_4,0042198523229562f40da4ee993f5b327cdca9f118001d5f84028d5fff3977e6,true,"③, ④, ⑤",IN_SCOPE_FORWARD,,,CLOSED_NO_SHARED_ASSET
archive/exams/original/high/h1/2final/21_제일고_2학기_기말_고1_기출.js|21_제일고_2학기_기말_고1_기출|6,archive/exams/original/high/h1/2final/21_제일고_2학기_기말_고1_기출.js,21_제일고_2학기_기말_고1_기출,6,6,6,2015,수학(하),H15-SB-04,유리함수,4,H15-SB-04-RATIONAL_BASIC,유리함수의 뜻과 계산,category_or_cue_inferred,complete_category,객관식,grid,false,유리함수|합성함수|귀납적규칙,1dad0580154017dc104cdbc3e2a6f19a04295244900b640d587eeb44b9549315,120781cfd52d3c9bc2c1d98427e0258569b36698b8f9ac3a3134083ff84d7faa,dfde05a3668030e99ca64d8d4ae5f6b64c7a87cee61c0ba43904b92ef210191d,4d89ed6d019bb6db208299cb37aaab49357afb4ff4142772264e5c812e370886,,,,,0,LOADED_VM,,NOT_STARTED,NOT_STARTED,NOT_STARTED,SVG_OPTIONAL,SVG_OPTIONAL,,,NONE,NO_PROBLEM_VISUAL,N/A,NONE,NOT_STARTED,,,,NOT_STARTED,NOT_STARTED,NOT_STARTED,NOT_TESTED,PASS,canonical_and_compiled_master_match,INVENTORY_PENDING,01_scope_inventory.csv#archive/exams/original/high/h1/2final/21_제일고_2학기_기말_고1_기출.js|21_제일고_2학기_기말_고1_기출|6,,INDEX_RECORD_PRESENT,original/high/h1/2final/21_제일고_2학기_기말_고1_기출.js_6,0042198523229562f40da4ee993f5b327cdca9f118001d5f84028d5fff3977e6,true,②,IN_SCOPE_FORWARD,,,CLOSED_NO_SHARED_ASSET
archive/exams/original/high/h1/2final/21_제일고_2학기_기말_고1_기출.js|21_제일고_2학기_기말_고1_기출|9,archive/exams/original/high/h1/2final/21_제일고_2학기_기말_고1_기출.js,21_제일고_2학기_기말_고1_기출,9,9,9,2015,수학(하),H15-SB-04,유리함수,4,H15-SB-04-RATIONAL_APPLICATION,유리함수의 활용,category_or_cue_inferred,complete_category,객관식,grid,false,유리함수|부등식|최댓값최솟값,ceed6e3d45ca1df26acf080ca733c2df55fec631be60fd8ad1e067a15d98ca05,99e97382273864d06dfbe68c93d40e7caf261b0aab673b2935eb46ade1dfc0d4,0bdef091c479702584f065d3a3714f8a76f851b3f0cf10912f345a5dd930b0a8,405fd95f9236cd617c8712c40ff0184e554ec75c7ef9e4886a235a5cf6d1167c,,,,,0,LOADED_VM,,NOT_STARTED,NOT_STARTED,NOT_STARTED,SVG_OPTIONAL,SVG_OPTIONAL,,,NONE,NO_PROBLEM_VISUAL,N/A,NONE,NOT_STARTED,,,,NOT_STARTED,NOT_STARTED,NOT_STARTED,NOT_TESTED,PASS,canonical_and_compiled_master_match,INVENTORY_PENDING,01_scope_inventory.csv#archive/exams/original/high/h1/2final/21_제일고_2학기_기말_고1_기출.js|21_제일고_2학기_기말_고1_기출|9,,INDEX_RECORD_PRESENT,original/high/h1/2final/21_제일고_2학기_기말_고1_기출.js_9,0042198523229562f40da4ee993f5b327cdca9f118001d5f84028d5fff3977e6,true,⑤,IN_SCOPE_FORWARD,,,CLOSED_NO_SHARED_ASSET
archive/exams/original/high/h1/2final/21_팔마고_2학기_기말_고1_기출.js|21_팔마고_2학기_기말_고1_기출|1,archive/exams/original/high/h1/2final/21_팔마고_2학기_기말_고1_기출.js,21_팔마고_2학기_기말_고1_기출,1,1,1,2015,수학(하),H15-SB-04,유리함수,4,H15-SB-04-RATIONAL_BASIC,유리함수의 뜻과 계산,rule_inferred,complete_rule,객관식,grid,false,유리함수|부분분수,5cdb61e8b143725c8c0c21ee6dd82153e61640538a57d205afb1c4569a1fee0e,dc5a383263a4b0e6ba1923157562a75b0e497c9040313f690174eb8d2fbea250,d41ea6521f53fb3dfa10cf72e2932f4405d9c999fa422cdc840d25d57e90dd34,ebd886a1628df419d773ad1aaacd96f35d5a62f2849215f77b8fb6da6fe54b0e,,,,,0,LOADED_VM,,NOT_STARTED,NOT_STARTED,NOT_STARTED,SVG_OPTIONAL,SVG_OPTIONAL,,,NONE,NO_PROBLEM_VISUAL,N/A,NONE,NOT_STARTED,,,,NOT_STARTED,NOT_STARTED,NOT_STARTED,NOT_TESTED,PASS,canonical_and_compiled_master_match,INVENTORY_PENDING,01_scope_inventory.csv#archive/exams/original/high/h1/2final/21_팔마고_2학기_기말_고1_기출.js|21_팔마고_2학기_기말_고1_기출|1,,INDEX_RECORD_PRESENT,original/high/h1/2final/21_팔마고_2학기_기말_고1_기출.js_1,377afc847a550bc96c855ad28ddb72fcb4773e7498989dfe2a306df021c83d98,true,④,IN_SCOPE_FORWARD,,,CLOSED_NO_SHARED_ASSET
archive/exams/original/high/h1/2final/21_팔마고_2학기_기말_고1_기출.js|21_팔마고_2학기_기말_고1_기출|3,archive/exams/original/high/h1/2final/21_팔마고_2학기_기말_고1_기출.js,21_팔마고_2학기_기말_고1_기출,3,3,3,2015,수학(하),H15-SB-04,유리함수,4,H15-SB-04-RATIONAL_GRAPH,유리함수의 그래프,rule_inferred,complete_rule,객관식,grid,false,유리함수|그래프|점근선|대칭,52018da4af04d4e024d8bfd7b7d0c96c8506d4dfa2210cf031671e8f28882b56,a732b36544af1c7f786a385391bb40ba035e9facb77560ac1ac0a1329a78d02d,0bdef091c479702584f065d3a3714f8a76f851b3f0cf10912f345a5dd930b0a8,5c4d049f4e08caf36e99d0c24c73596cd2b91ed8a81ffe5c9054905e4acbd962,,,assets/images/21_팔마고_2학기_기말_고1_기출/q03-solution.svg,d89784af43e07e78999bde5d4855695513da70dc28253043800de4316dbceb66,0,LOADED_VM,,NOT_STARTED,NOT_STARTED,NOT_STARTED,SOURCE_REVIEW,SOURCE_REVIEW,GRAPH_OR_FUNCTION_STRUCTURE|COORDINATE_OR_GEOMETRY_STRUCTURE,,SVG,NO_PROBLEM_VISUAL,REVIEW_REQUIRED,SOLUTION_SVG,NOT_STARTED,,,4be2f205730a6c51f9c891ce18a31ae3421228aa96b4b9b3841c5f28d98b37e7,NOT_STARTED,NOT_STARTED,NOT_STARTED,NOT_TESTED,PASS,canonical_and_compiled_master_match,INVENTORY_PENDING,01_scope_inventory.csv#archive/exams/original/high/h1/2final/21_팔마고_2학기_기말_고1_기출.js|21_팔마고_2학기_기말_고1_기출|3,[object Object],INDEX_RECORD_PRESENT,original/high/h1/2final/21_팔마고_2학기_기말_고1_기출.js_3,377afc847a550bc96c855ad28ddb72fcb4773e7498989dfe2a306df021c83d98,true,⑤,IN_SCOPE_FORWARD,,,CLOSED_NO_SHARED_ASSET
archive/exams/original/high/h1/2final/21_팔마고_2학기_기말_고1_기출.js|21_팔마고_2학기_기말_고1_기출|5,archive/exams/original/high/h1/2final/21_팔마고_2학기_기말_고1_기출.js,21_팔마고_2학기_기말_고1_기출,5,5,5,2015,수학(하),H15-SB-04,유리함수,4,H15-SB-04-RATIONAL_BASIC,유리함수의 뜻과 계산,category_or_cue_inferred,complete_category,객관식,grid,false,유리함수|역함수|평행이동|그래프,df02c8ab083ac0f84f49a0d0bfb9a585d0d4e4933d4fe806dde9b3b4fe99514a,6ae82629187cec94799064ce9949d4656acf358026f2d9a113be53c41a69ab19,b15be6cb71072b84f7e1e198ce023fc5bb8b1e625335904ddcf3cffcd8b7312b,97cc9cc534141ce02816bc09087123b3beb3fe040bde3b26f9d770da86925551,,,assets/images/21_팔마고_2학기_기말_고1_기출/q05-solution.svg,82d45c7b98158ee03c6a124aa46c42361784368828341bf0b5e0099b92fdcdea,0,LOADED_VM,,NOT_STARTED,NOT_STARTED,NOT_STARTED,SOURCE_REVIEW,SOURCE_REVIEW,GRAPH_OR_FUNCTION_STRUCTURE|COORDINATE_OR_GEOMETRY_STRUCTURE,,SVG,NO_PROBLEM_VISUAL,REVIEW_REQUIRED,SOLUTION_SVG,NOT_STARTED,,,8548c253979df71db874ce0d8345982b9f3e64162376cc648371fc403a26f9a1,NOT_STARTED,NOT_STARTED,NOT_STARTED,NOT_TESTED,PASS,canonical_and_compiled_master_match,INVENTORY_PENDING,01_scope_inventory.csv#archive/exams/original/high/h1/2final/21_팔마고_2학기_기말_고1_기출.js|21_팔마고_2학기_기말_고1_기출|5,[object Object],INDEX_RECORD_PRESENT,original/high/h1/2final/21_팔마고_2학기_기말_고1_기출.js_5,377afc847a550bc96c855ad28ddb72fcb4773e7498989dfe2a306df021c83d98,true,③,IN_SCOPE_FORWARD,,,CLOSED_NO_SHARED_ASSET
archive/exams/original/high/h1/2final/21_팔마고_2학기_기말_고1_기출.js|21_팔마고_2학기_기말_고1_기출|21,archive/exams/original/high/h1/2final/21_팔마고_2학기_기말_고1_기출.js,21_팔마고_2학기_기말_고1_기출,21,21,21,2015,수학(하),H15-SB-04,유리함수,4,H15-SB-04-RATIONAL_APPLICATION,유리함수의 활용,category_or_cue_inferred,complete_category,서술형,grid,false,서술형|유리함수|부등식|최댓값|최솟값|표,54592afa4327a0dab447d7b68cee32b495629ea3ad5c8a0de255eadd0ee953f0,4f53cda18c2baa0c0354bb5f9a3ecbe5ed12ab4d8e11ba873c2f11161202b945,8a070a952d535027f5be405fe34bcf0c6c3e5f88799ea0c56c4c8b412fb22e2f,8a00e79f7ff6f39f7544eb151ce43b48bbafe2b427f35cde2de4649a872e754f,,,,,0,LOADED_VM,,NOT_STARTED,NOT_STARTED,NOT_STARTED,SVG_REQUIRED_MISSING,SVG_REQUIRED_MISSING,GRAPH_OR_FUNCTION_STRUCTURE|COORDINATE_OR_GEOMETRY_STRUCTURE|TABLE_OR_MATRIX_STRUCTURE,,GRAPH_CANDIDATE,NO_PROBLEM_VISUAL,REVIEW_REQUIRED,NONE,NOT_STARTED,,,,NOT_STARTED,NOT_STARTED,NOT_STARTED,NOT_TESTED,PASS,canonical_and_compiled_master_match,INVENTORY_PENDING,01_scope_inventory.csv#archive/exams/original/high/h1/2final/21_팔마고_2학기_기말_고1_기출.js|21_팔마고_2학기_기말_고1_기출|21,,INDEX_RECORD_PRESENT,original/high/h1/2final/21_팔마고_2학기_기말_고1_기출.js_21,377afc847a550bc96c855ad28ddb72fcb4773e7498989dfe2a306df021c83d98,true,"$a=-1$, $b=-\dfrac16$",IN_SCOPE_FORWARD,,,CLOSED_NO_SHARED_ASSET
archive/exams/original/high/h1/2final/21_효천고_2학기_기말_고1_기출.js|21_효천고_2학기_기말_고1_기출|6,archive/exams/original/high/h1/2final/21_효천고_2학기_기말_고1_기출.js,21_효천고_2학기_기말_고1_기출,6,6,6,2015,수학(하),H15-SB-04,유리함수,4,H15-SB-04-RATIONAL_BASIC,유리함수의 뜻과 계산,category_or_cue_inferred,complete_category,객관식,grid,false,객관식|유리함수|점근선,44ad169d02fb3ab0484abecd9ddd82ff4e70a8f2e5dadba6b836b4ab46bd3ca6,787c88e1a5341742c905ed30379090269f4e43f969cf18330b97606fbb9ef68e,0bdef091c479702584f065d3a3714f8a76f851b3f0cf10912f345a5dd930b0a8,e8918d4a5a9c29e4c69d855e046988dfdb0acb098c73e75cf1c8b5ac4a08dcd6,,,,,0,LOADED_VM,,NOT_STARTED,NOT_STARTED,NOT_STARTED,SVG_REQUIRED_MISSING,SVG_REQUIRED_MISSING,GRAPH_OR_FUNCTION_STRUCTURE|COORDINATE_OR_GEOMETRY_STRUCTURE,,GRAPH_CANDIDATE,NO_PROBLEM_VISUAL,REVIEW_REQUIRED,NONE,NOT_STARTED,,,,NOT_STARTED,NOT_STARTED,NOT_STARTED,NOT_TESTED,PASS,canonical_and_compiled_master_match,INVENTORY_PENDING,01_scope_inventory.csv#archive/exams/original/high/h1/2final/21_효천고_2학기_기말_고1_기출.js|21_효천고_2학기_기말_고1_기출|6,,INDEX_RECORD_PRESENT,original/high/h1/2final/21_효천고_2학기_기말_고1_기출.js_6,ae2987e48398d97879a0b4dc855bc8c1d88fbe1a6e2e2c4ffb2ecd39ffa7fd08,true,⑤,IN_SCOPE_FORWARD,,,CLOSED_NO_SHARED_ASSET
archive/exams/original/high/h1/2final/21_효천고_2학기_기말_고1_기출.js|21_효천고_2학기_기말_고1_기출|11,archive/exams/original/high/h1/2final/21_효천고_2학기_기말_고1_기출.js,21_효천고_2학기_기말_고1_기출,11,11,11,2015,수학(하),H15-SB-04,유리함수,4,H15-SB-04-RATIONAL_GRAPH,유리함수의 그래프,category_or_cue_inferred,complete_category,객관식,grid,false,객관식|유리함수|사분면|점근선|그래프,e246c5acd61fd1d949b1f5f413a74292287bbfc4f4e09352115a3a9101820e6a,459c7ca4ff9163f8194aed5e8ec156748b26f71c88313cc1c0c852695271a4f9,d41ea6521f53fb3dfa10cf72e2932f4405d9c999fa422cdc840d25d57e90dd34,2e4bdd6821fdd8bb09181b5b779dc480a48c68d4b94cacb8aa8bd8c22d033ccd,,,assets/images/21_효천고_2학기_기말_고1_기출/q11-solution.svg,9a9a3dfa9c1e25fd99d13c8969d563df5cdc30ed163ba1bf6ea9de01b00f1b28,0,LOADED_VM,,NOT_STARTED,NOT_STARTED,NOT_STARTED,SOURCE_REVIEW,SOURCE_REVIEW,GRAPH_OR_FUNCTION_STRUCTURE|COORDINATE_OR_GEOMETRY_STRUCTURE,,SVG,NO_PROBLEM_VISUAL,REVIEW_REQUIRED,SOLUTION_SVG,NOT_STARTED,,,cc340f6fd7062402cea9d1e1988894012221c8b9a15ebfc67983e920770b64d8,NOT_STARTED,NOT_STARTED,NOT_STARTED,NOT_TESTED,PASS,canonical_and_compiled_master_match,INVENTORY_PENDING,01_scope_inventory.csv#archive/exams/original/high/h1/2final/21_효천고_2학기_기말_고1_기출.js|21_효천고_2학기_기말_고1_기출|11,[object Object],INDEX_RECORD_PRESENT,original/high/h1/2final/21_효천고_2학기_기말_고1_기출.js_11,ae2987e48398d97879a0b4dc855bc8c1d88fbe1a6e2e2c4ffb2ecd39ffa7fd08,true,④,IN_SCOPE_FORWARD,,,CLOSED_NO_SHARED_ASSET
archive/exams/original/high/h1/2final/22_강남여고_2학기_기말_고1_기출.js|22_강남여고_2학기_기말_고1_기출|3,archive/exams/original/high/h1/2final/22_강남여고_2학기_기말_고1_기출.js,22_강남여고_2학기_기말_고1_기출,3,3,3,2015,수학(하),H15-SB-04,유리함수,4,H15-SB-04-RATIONAL_GRAPH,유리함수의 그래프,category_or_cue_inferred,complete_category,객관식,grid,false,유리함수의그래프|점근선|그래프,d1f23f6bee9755236982a36655a52e9f56b1bca3d85b6393bcf6d9a5d5435334,9c6f1eb2d0bf6a7ff8893d8b856cd216e624e8214ce29900f954421749739213,b15be6cb71072b84f7e1e198ce023fc5bb8b1e625335904ddcf3cffcd8b7312b,a6c2ea99bc5a40505e16ee03b9f7d35d44132f0d4f143871d69f97bdef60ed04,assets/images/22_강남여고_2학기_기말_고1_기출/q3.png,b98410fe6f95a1641c7e714ed2f5ef6ae34a71743a8a9cf51565f458e95f26b9,,,0,LOADED_VM,,NOT_STARTED,NOT_STARTED,NOT_STARTED,SVG_REQUIRED_MISSING,SVG_REQUIRED_MISSING,GRAPH_OR_FUNCTION_STRUCTURE|COORDINATE_OR_GEOMETRY_STRUCTURE,,GRAPH_CANDIDATE,PROBLEM_VISUAL_PRESENT,REVIEW_REQUIRED,NONE,NOT_STARTED,,,,NOT_STARTED,NOT_STARTED,NOT_STARTED,NOT_TESTED,PASS,canonical_and_compiled_master_match,INVENTORY_PENDING,01_scope_inventory.csv#archive/exams/original/high/h1/2final/22_강남여고_2학기_기말_고1_기출.js|22_강남여고_2학기_기말_고1_기출|3,[object Object],INDEX_RECORD_PRESENT,original/high/h1/2final/22_강남여고_2학기_기말_고1_기출.js_3,2788ed5a4ba22bd3953cea078fe1a76de8e34c41cdfb8e723e4ad2afc68525ea,true,③,IN_SCOPE_FORWARD,,,CLOSED_NO_SHARED_ASSET
archive/exams/original/high/h1/2final/22_강남여고_2학기_기말_고1_기출.js|22_강남여고_2학기_기말_고1_기출|15,archive/exams/original/high/h1/2final/22_강남여고_2학기_기말_고1_기출.js,22_강남여고_2학기_기말_고1_기출,15,15,15,2015,수학(하),H15-SB-04,유리함수,4,H15-SB-04-RATIONAL_GRAPH,유리함수의 그래프,rule_inferred,complete_rule,객관식,grid,false,유리함수의그래프|점근선|대칭|그래프,5731fafbe387c6f46096067e05ce01d4e85104bf2af34a473e8e6f3065093c32,b7163f86b6fc43e1af5e6c4972b9a79df404a223b972324dc19061a05ff3a752,b15be6cb71072b84f7e1e198ce023fc5bb8b1e625335904ddcf3cffcd8b7312b,afc945675b55125af061f307c617b8c9486f9713e9f0298b4592a155025a4a45,,,assets/images/22_강남여고_2학기_기말_고1_기출/q15-solution.svg,c95e5792ecf430ffd27e672749dc6eb748ee8a865f47ab708d1d2185e1ec36a5,0,LOADED_VM,,NOT_STARTED,NOT_STARTED,NOT_STARTED,SOURCE_REVIEW,SOURCE_REVIEW,GRAPH_OR_FUNCTION_STRUCTURE|COORDINATE_OR_GEOMETRY_STRUCTURE,,SVG,NO_PROBLEM_VISUAL,REVIEW_REQUIRED,SOLUTION_SVG,NOT_STARTED,,,c63a91cf083198416ba3fa306f8012388640e4447ea10678bc20864deb7a935f,NOT_STARTED,NOT_STARTED,NOT_STARTED,NOT_TESTED,PASS,canonical_and_compiled_master_match,INVENTORY_PENDING,01_scope_inventory.csv#archive/exams/original/high/h1/2final/22_강남여고_2학기_기말_고1_기출.js|22_강남여고_2학기_기말_고1_기출|15,[object Object],INDEX_RECORD_PRESENT,original/high/h1/2final/22_강남여고_2학기_기말_고1_기출.js_15,2788ed5a4ba22bd3953cea078fe1a76de8e34c41cdfb8e723e4ad2afc68525ea,true,③,IN_SCOPE_FORWARD,,,CLOSED_NO_SHARED_ASSET
archive/exams/original/high/h1/2final/22_금당고_2학기_기말_고1_기출.js|22_금당고_2학기_기말_고1_기출|1,archive/exams/original/high/h1/2final/22_금당고_2학기_기말_고1_기출.js,22_금당고_2학기_기말_고1_기출,1,1,1,2015,수학(하),H15-SB-04,유리함수,4,H15-SB-04-RATIONAL_GRAPH,유리함수의 그래프,category_or_cue_inferred,complete_category,객관식,grid,false,유리함수|점근선|그래프,72d6481e406ed2220ccafac1aed415762548412651329b79bd4f658c25836f9d,e0a2d515b9432b7ce272fe4d09d2234810d327b803650316fda86b74a012a5e6,d41ea6521f53fb3dfa10cf72e2932f4405d9c999fa422cdc840d25d57e90dd34,bf6a4a10d8075fbf0b3704fce53d65540ac8502d1441c745ff6e64aaff588ecd,,,assets/images/22_금당고_2학기_기말_고1_기출/q01-solution.svg,987a85b83d3ba7e78c5d0a70fb0115e2fe2b38d3960a70e1e455dab097663c6d,0,LOADED_VM,,NOT_STARTED,NOT_STARTED,NOT_STARTED,SOURCE_REVIEW,SOURCE_REVIEW,GRAPH_OR_FUNCTION_STRUCTURE|COORDINATE_OR_GEOMETRY_STRUCTURE|TABLE_OR_MATRIX_STRUCTURE,,SVG,NO_PROBLEM_VISUAL,REVIEW_REQUIRED,SOLUTION_SVG,NOT_STARTED,,,795572142658153dbf07fbba920bbd3783bc1380c7bb964c4f2f7e5aa85b5b8b,NOT_STARTED,NOT_STARTED,NOT_STARTED,NOT_TESTED,PASS,canonical_and_compiled_master_match,INVENTORY_PENDING,01_scope_inventory.csv#archive/exams/original/high/h1/2final/22_금당고_2학기_기말_고1_기출.js|22_금당고_2학기_기말_고1_기출|1,[object Object],INDEX_RECORD_PRESENT,original/high/h1/2final/22_금당고_2학기_기말_고1_기출.js_1,2fb6ae7dfd077d6d23961c3698b6b5226e402681f7ba86ae7e03bcb3ce670c38,true,④,IN_SCOPE_FORWARD,,,CLOSED_NO_SHARED_ASSET
archive/exams/original/high/h1/2final/22_금당고_2학기_기말_고1_기출.js|22_금당고_2학기_기말_고1_기출|6,archive/exams/original/high/h1/2final/22_금당고_2학기_기말_고1_기출.js,22_금당고_2학기_기말_고1_기출,6,6,6,2015,수학(하),H15-SB-04,유리함수,4,H15-SB-04-RATIONAL_BASIC,유리함수의 뜻과 계산,category_or_cue_inferred,complete_category,객관식,grid,false,유리함수|역함수,081f1a25b381890fb2a2c55b319582a0f138774c1d06f7197a7caa89ef1c6d50,e0a2d515b9432b7ce272fe4d09d2234810d327b803650316fda86b74a012a5e6,973d2fd2f97e26a666f403b12da6d87e527985b36bcf4ff0a47c7e7e8c36321a,691c3d289b67ececd4a7c11d2cd0741118e029fd8eb4671d0a3a96dff17b3eaa,,,,,0,LOADED_VM,,NOT_STARTED,NOT_STARTED,NOT_STARTED,SVG_OPTIONAL,SVG_OPTIONAL,,,NONE,NO_PROBLEM_VISUAL,N/A,NONE,NOT_STARTED,,,,NOT_STARTED,NOT_STARTED,NOT_STARTED,NOT_TESTED,PASS,canonical_and_compiled_master_match,INVENTORY_PENDING,01_scope_inventory.csv#archive/exams/original/high/h1/2final/22_금당고_2학기_기말_고1_기출.js|22_금당고_2학기_기말_고1_기출|6,,INDEX_RECORD_PRESENT,original/high/h1/2final/22_금당고_2학기_기말_고1_기출.js_6,2fb6ae7dfd077d6d23961c3698b6b5226e402681f7ba86ae7e03bcb3ce670c38,true,①,IN_SCOPE_FORWARD,,,CLOSED_NO_SHARED_ASSET
archive/exams/original/high/h1/2final/22_금당고_2학기_기말_고1_기출.js|22_금당고_2학기_기말_고1_기출|7,archive/exams/original/high/h1/2final/22_금당고_2학기_기말_고1_기출.js,22_금당고_2학기_기말_고1_기출,7,7,7,2015,수학(하),H15-SB-04,유리함수,4,H15-SB-04-RATIONAL_BASIC,유리함수의 뜻과 계산,rule_inferred,complete_rule,객관식,grid,false,유리식|부분분수|망원합,a0a5ac86961b6ad7b9bbff7f9b47bafed59dec497267c68131c6b4c1264d11a5,c7940cb7211a048c06505c17d72f1c3e8174a90d0459bf9f09499a17b666acf1,dfde05a3668030e99ca64d8d4ae5f6b64c7a87cee61c0ba43904b92ef210191d,d582267ac72410085d1d3f6f345a1c83b116de91453d39863c4972b95b09585b,,,,,0,LOADED_VM,,NOT_STARTED,NOT_STARTED,NOT_STARTED,SVG_OPTIONAL,SVG_OPTIONAL,,,NONE,NO_PROBLEM_VISUAL,N/A,NONE,NOT_STARTED,,,,NOT_STARTED,NOT_STARTED,NOT_STARTED,NOT_TESTED,PASS,canonical_and_compiled_master_match,INVENTORY_PENDING,01_scope_inventory.csv#archive/exams/original/high/h1/2final/22_금당고_2학기_기말_고1_기출.js|22_금당고_2학기_기말_고1_기출|7,,INDEX_RECORD_PRESENT,original/high/h1/2final/22_금당고_2학기_기말_고1_기출.js_7,2fb6ae7dfd077d6d23961c3698b6b5226e402681f7ba86ae7e03bcb3ce670c38,true,②,IN_SCOPE_FORWARD,,,CLOSED_NO_SHARED_ASSET
archive/exams/original/high/h1/2final/22_금당고_2학기_기말_고1_기출.js|22_금당고_2학기_기말_고1_기출|9,archive/exams/original/high/h1/2final/22_금당고_2학기_기말_고1_기출.js,22_금당고_2학기_기말_고1_기출,9,9,9,2015,수학(하),H15-SB-04,유리함수,4,H15-SB-04-RATIONAL_BASIC,유리함수의 뜻과 계산,category_or_cue_inferred,complete_category,객관식,grid,false,유리함수|항등식|그래프의점|그래프,9aac5473bc9f6f0e24b762e72ae4c9fa3093ca50a0db2f14ca3e516be7156802,47033b69ef3e934a32371dd68d992e91d31084183390a83867b7c2877c798cbd,b15be6cb71072b84f7e1e198ce023fc5bb8b1e625335904ddcf3cffcd8b7312b,ebac1620e24b878820111d6d0e440bcdad1358024099a2412bcfa2fd6ecc659f,,,assets/images/22_금당고_2학기_기말_고1_기출/q09-solution.svg,7bf7be5c6d461cf5c1d18fc865de0ce609973ec9a94f885f31444ef57b376469,0,LOADED_VM,,NOT_STARTED,NOT_STARTED,NOT_STARTED,SOURCE_REVIEW,SOURCE_REVIEW,GRAPH_OR_FUNCTION_STRUCTURE,,SVG,NO_PROBLEM_VISUAL,REVIEW_REQUIRED,SOLUTION_SVG,NOT_STARTED,,,d5e161751752045d0b62c6d8fffe8cebc9195b047812fa221e89b5196f7315c0,NOT_STARTED,NOT_STARTED,NOT_STARTED,NOT_TESTED,PASS,canonical_and_compiled_master_match,INVENTORY_PENDING,01_scope_inventory.csv#archive/exams/original/high/h1/2final/22_금당고_2학기_기말_고1_기출.js|22_금당고_2학기_기말_고1_기출|9,[object Object],INDEX_RECORD_PRESENT,original/high/h1/2final/22_금당고_2학기_기말_고1_기출.js_9,2fb6ae7dfd077d6d23961c3698b6b5226e402681f7ba86ae7e03bcb3ce670c38,true,③,IN_SCOPE_FORWARD,,,CLOSED_NO_SHARED_ASSET
archive/exams/original/high/h1/2final/22_금당고_2학기_기말_고1_기출.js|22_금당고_2학기_기말_고1_기출|21,archive/exams/original/high/h1/2final/22_금당고_2학기_기말_고1_기출.js,22_금당고_2학기_기말_고1_기출,21,21,21,2015,수학(하),H15-SB-04,유리함수,4,H15-SB-04-RATIONAL_GRAPH,유리함수의 그래프,category_or_cue_inferred,complete_category,서술형,grid,false,서술형|유리함수|대칭|원|접선,97605f354be7237fa22996775c3ae8ca637ce096eac0bc360335882133865c5a,4f53cda18c2baa0c0354bb5f9a3ecbe5ed12ab4d8e11ba873c2f11161202b945,f1593436ca6c41f5dffd7c2d6cb34b1a4f5afbbcd7f150cae16495ea91d8b4b9,72e42552d27ece11a146c54841c59a6c67440a4188e0936d58569641fcc715c3,,,,,0,LOADED_VM,,NOT_STARTED,NOT_STARTED,NOT_STARTED,SVG_REQUIRED_MISSING,SVG_REQUIRED_MISSING,GRAPH_OR_FUNCTION_STRUCTURE|COORDINATE_OR_GEOMETRY_STRUCTURE|TABLE_OR_MATRIX_STRUCTURE,,GRAPH_CANDIDATE,NO_PROBLEM_VISUAL,REVIEW_REQUIRED,NONE,NOT_STARTED,,,,NOT_STARTED,NOT_STARTED,NOT_STARTED,NOT_TESTED,PASS,canonical_and_compiled_master_match,INVENTORY_PENDING,01_scope_inventory.csv#archive/exams/original/high/h1/2final/22_금당고_2학기_기말_고1_기출.js|22_금당고_2학기_기말_고1_기출|21,,INDEX_RECORD_PRESENT,original/high/h1/2final/22_금당고_2학기_기말_고1_기출.js_21,2fb6ae7dfd077d6d23961c3698b6b5226e402681f7ba86ae7e03bcb3ce670c38,true,$4\pi$,IN_SCOPE_FORWARD,,,CLOSED_NO_SHARED_ASSET
archive/exams/original/high/h1/2final/22_매산고_2학기_기말_고1_기출.js|22_매산고_2학기_기말_고1_기출|2,archive/exams/original/high/h1/2final/22_매산고_2학기_기말_고1_기출.js,22_매산고_2학기_기말_고1_기출,2,2,2,2015,수학(하),H15-SB-04,유리함수,4,H15-SB-04-RATIONAL_GRAPH,유리함수의 그래프,category_or_cue_inferred,complete_category,객관식,grid,false,유리함수|점근선|그래프,b7640cbe960c5191a90168cb569fbc654a602a02d8f1612ca6976d04ce303ee5,e0d97c9019866472897be616b4b44634dd3f90c486dd75fb0aa9593501c65aef,d41ea6521f53fb3dfa10cf72e2932f4405d9c999fa422cdc840d25d57e90dd34,f6796f73b1530a9f6bb1a7715ba22faaba232c4c7a63bfa98d35fdc44626a2f2,assets/images/22_매산고_2학기_기말_고1_기출/q2.png,2241dddf24ea972ed49933c833b82c6c0feb6a568794c58e7efeeecd08d53163,,,0,LOADED_VM,,NOT_STARTED,NOT_STARTED,NOT_STARTED,SVG_REQUIRED_MISSING,SVG_REQUIRED_MISSING,GRAPH_OR_FUNCTION_STRUCTURE|COORDINATE_OR_GEOMETRY_STRUCTURE,,GRAPH_CANDIDATE,PROBLEM_VISUAL_PRESENT,REVIEW_REQUIRED,NONE,NOT_STARTED,,,,NOT_STARTED,NOT_STARTED,NOT_STARTED,NOT_TESTED,PASS,canonical_and_compiled_master_match,INVENTORY_PENDING,01_scope_inventory.csv#archive/exams/original/high/h1/2final/22_매산고_2학기_기말_고1_기출.js|22_매산고_2학기_기말_고1_기출|2,[object Object],INDEX_RECORD_PRESENT,original/high/h1/2final/22_매산고_2학기_기말_고1_기출.js_2,080624e0ddd8c7eb93ad56fe79324fed737f013c76158bc993d10358ad99b9da,true,④,IN_SCOPE_FORWARD,,,CLOSED_NO_SHARED_ASSET
archive/exams/original/high/h1/2final/22_매산고_2학기_기말_고1_기출.js|22_매산고_2학기_기말_고1_기출|8,archive/exams/original/high/h1/2final/22_매산고_2학기_기말_고1_기출.js,22_매산고_2학기_기말_고1_기출,8,8,8,2015,수학(하),H15-SB-04,유리함수,4,H15-SB-04-RATIONAL_BASIC,유리함수의 뜻과 계산,category_or_cue_inferred,complete_category,객관식,grid,false,유리함수|삼각형의넓이|그래프,0bd7c095aa9a5e943d10a5f72a1f8969c9f0ffe37af7102feba6bb952bbba0f8,fc3dba98889cccd1a96f32fb71f7812a2d3b9dde603c59a1f87b932df48e085f,973d2fd2f97e26a666f403b12da6d87e527985b36bcf4ff0a47c7e7e8c36321a,681fe5763ac2c6a58d0d749ad5ae155c1faf54b6aef07b34498b33b2751ae678,,,assets/images/22_매산고_2학기_기말_고1_기출/q08-solution.svg,020595a6de9d3f0cc5d411564bb955ba71f3858acad941533cb8d878f20e7827,0,LOADED_VM,,NOT_STARTED,NOT_STARTED,NOT_STARTED,SOURCE_REVIEW,SOURCE_REVIEW,GRAPH_OR_FUNCTION_STRUCTURE|COORDINATE_OR_GEOMETRY_STRUCTURE|TABLE_OR_MATRIX_STRUCTURE,,SVG,NO_PROBLEM_VISUAL,REVIEW_REQUIRED,SOLUTION_SVG,NOT_STARTED,,,c5cb73859d916404ec5422f01f48043516de7d8065f2708506321fd99cf3766d,NOT_STARTED,NOT_STARTED,NOT_STARTED,NOT_TESTED,PASS,canonical_and_compiled_master_match,INVENTORY_PENDING,01_scope_inventory.csv#archive/exams/original/high/h1/2final/22_매산고_2학기_기말_고1_기출.js|22_매산고_2학기_기말_고1_기출|8,[object Object],INDEX_RECORD_PRESENT,original/high/h1/2final/22_매산고_2학기_기말_고1_기출.js_8,080624e0ddd8c7eb93ad56fe79324fed737f013c76158bc993d10358ad99b9da,true,①,IN_SCOPE_FORWARD,,,CLOSED_NO_SHARED_ASSET
archive/exams/original/high/h1/2final/22_매산고_2학기_기말_고1_기출.js|22_매산고_2학기_기말_고1_기출|18,archive/exams/original/high/h1/2final/22_매산고_2학기_기말_고1_기출.js,22_매산고_2학기_기말_고1_기출,18,18,18,2015,수학(하),H15-SB-04,유리함수,4,H15-SB-04-RATIONAL_BASIC,유리함수의 뜻과 계산,category_or_cue_inferred,complete_category,단답형,grid,false,유리함수|일대일함수|경우의수,86a666e77a28c4ff53f9462e7498def77d411844263389a462c4bd91d604eee9,4f53cda18c2baa0c0354bb5f9a3ecbe5ed12ab4d8e11ba873c2f11161202b945,a12522e30ea2b735bde77926d3d9a785cb08d291835e872056b2598e8dbea847,70f8b17f4251373d32da7cd0a7bcb6a5fb405547a57d237724298f52b5fcd81c,,,,,0,LOADED_VM,,NOT_STARTED,NOT_STARTED,NOT_STARTED,SVG_REQUIRED_MISSING,SVG_REQUIRED_MISSING,GRAPH_OR_FUNCTION_STRUCTURE|COUNTING_STRUCTURE,,GRAPH_CANDIDATE,NO_PROBLEM_VISUAL,REVIEW_REQUIRED,NONE,NOT_STARTED,,,,NOT_STARTED,NOT_STARTED,NOT_STARTED,NOT_TESTED,PASS,canonical_and_compiled_master_match,INVENTORY_PENDING,01_scope_inventory.csv#archive/exams/original/high/h1/2final/22_매산고_2학기_기말_고1_기출.js|22_매산고_2학기_기말_고1_기출|18,,INDEX_RECORD_PRESENT,original/high/h1/2final/22_매산고_2학기_기말_고1_기출.js_18,080624e0ddd8c7eb93ad56fe79324fed737f013c76158bc993d10358ad99b9da,true,$492$,IN_SCOPE_FORWARD,,,CLOSED_NO_SHARED_ASSET
archive/exams/original/high/h1/2final/22_매산고_2학기_기말_고1_기출.js|22_매산고_2학기_기말_고1_기출|19,archive/exams/original/high/h1/2final/22_매산고_2학기_기말_고1_기출.js,22_매산고_2학기_기말_고1_기출,19,19,19,2015,수학(하),H15-SB-04,유리함수,4,H15-SB-04-RATIONAL_BASIC,유리함수의 뜻과 계산,category_or_cue_inferred,complete_category,서술형,grid,false,서술형|유리함수|직선|삼각형의넓이|이차방정식|그래프,7c0f6086cfa629af402645c139a8e4edcc5802ad378512ead058a93a4e4e1aed,4f53cda18c2baa0c0354bb5f9a3ecbe5ed12ab4d8e11ba873c2f11161202b945,84258cf532dab3ae75609a43141699313a08e5e04a08214fef3ff4c4c8d3c565,a1f168289fed84433a8aab6517c1902616318c2f57e46d3b73947e6f6b07844a,assets/images/22_매산고_2학기_기말_고1_기출/q19.png,cdf5be16bb8b19ff8fb223c630fcaa6d1a332fa0649febf8699a0722a5070927,assets/images/22_매산고_2학기_기말_고1_기출/q19-solution.svg,1fe98214e8afe92f5d9c821238f61b0922bf127913d9c76f77c5dbbbbf59bdec,0,LOADED_VM,,NOT_STARTED,NOT_STARTED,NOT_STARTED,SOURCE_REVIEW,SOURCE_REVIEW,GRAPH_OR_FUNCTION_STRUCTURE|COORDINATE_OR_GEOMETRY_STRUCTURE|TABLE_OR_MATRIX_STRUCTURE,,SVG,PROBLEM_VISUAL_PRESENT,REVIEW_REQUIRED,SOLUTION_SVG,NOT_STARTED,,,a6f01ba219597ff6aed4a566f0f1e0b4d91ea17d883f5e0cd9ec7bf0f934d9a6,NOT_STARTED,NOT_STARTED,NOT_STARTED,NOT_TESTED,PASS,canonical_and_compiled_master_match,INVENTORY_PENDING,01_scope_inventory.csv#archive/exams/original/high/h1/2final/22_매산고_2학기_기말_고1_기출.js|22_매산고_2학기_기말_고1_기출|19,[object Object]|[object Object],INDEX_RECORD_PRESENT,original/high/h1/2final/22_매산고_2학기_기말_고1_기출.js_19,080624e0ddd8c7eb93ad56fe79324fed737f013c76158bc993d10358ad99b9da,true,$-5$,IN_SCOPE_FORWARD,,,CLOSED_NO_SHARED_ASSET
archive/exams/original/high/h1/2final/22_복성고_2학기_기말_고1_기출.js|22_복성고_2학기_기말_고1_기출|12,archive/exams/original/high/h1/2final/22_복성고_2학기_기말_고1_기출.js,22_복성고_2학기_기말_고1_기출,12,12,12,2015,수학(하),H15-SB-04,유리함수,4,H15-SB-04-RATIONAL_BASIC,유리함수의 뜻과 계산,category_or_cue_inferred,complete_category,객관식,grid,false,유리함수|그래프,dee4e7ecc154533a9d46ae087a8d9ff799310d95d3f58670431f09b9e6e365e0,ff782081a4cc25de5ebd8fdb3b10e93e0a2a8b181fb4cabb15c6d4c8f83c7224,0bdef091c479702584f065d3a3714f8a76f851b3f0cf10912f345a5dd930b0a8,fd49a2f10a8f460e859e1fe6423b4ea6083ab3ec84cf1094e85b6156cb1b2b8a,,,assets/images/22_복성고_2학기_기말_고1_기출/q12-solution.svg,9608b9839619592cec85d1ead93f3e08c2708f3ebb226a05392b4598c4fa8383,0,LOADED_VM,,NOT_STARTED,NOT_STARTED,NOT_STARTED,SOURCE_REVIEW,SOURCE_REVIEW,GRAPH_OR_FUNCTION_STRUCTURE|COORDINATE_OR_GEOMETRY_STRUCTURE,,SVG,NO_PROBLEM_VISUAL,REVIEW_REQUIRED,SOLUTION_SVG,NOT_STARTED,,,628fcff086376ec71bae25135f33f9adca824d34d763aabe01a4216ba2eb736c,NOT_STARTED,NOT_STARTED,NOT_STARTED,NOT_TESTED,PASS,canonical_and_compiled_master_match,INVENTORY_PENDING,01_scope_inventory.csv#archive/exams/original/high/h1/2final/22_복성고_2학기_기말_고1_기출.js|22_복성고_2학기_기말_고1_기출|12,[object Object],INDEX_RECORD_PRESENT,original/high/h1/2final/22_복성고_2학기_기말_고1_기출.js_12,0df0b09b954a9ce40ec74ad64374b7af88ff6743c9c9f9d45fd0cd24f83f0e85,true,⑤,IN_SCOPE_FORWARD,,,CLOSED_NO_SHARED_ASSET
archive/exams/original/high/h1/2final/22_복성고_2학기_기말_고1_기출.js|22_복성고_2학기_기말_고1_기출|15,archive/exams/original/high/h1/2final/22_복성고_2학기_기말_고1_기출.js,22_복성고_2학기_기말_고1_기출,15,15,15,2015,수학(하),H15-SB-04,유리함수,4,H15-SB-04-RATIONAL_BASIC,유리함수의 뜻과 계산,category_or_cue_inferred,complete_category,객관식,grid,false,유리함수|그래프,e0c690b73f9ebdd0474427c414f2fddd5c69bfb825e04b936013848a558164a8,134a87636c64eb97771518d60a8f9f9cc628a49e18e8e30e84fcd6a557b7f966,0bdef091c479702584f065d3a3714f8a76f851b3f0cf10912f345a5dd930b0a8,4f91ec99624d90a9777d7fe9a741a55fb78043fb05515a701d330637aac26300,,,assets/images/22_복성고_2학기_기말_고1_기출/q15-solution.svg,5c042210800f5704bf1d42017ae24cd20c5f10d7627f9202af778250cecfb624,0,LOADED_VM,,NOT_STARTED,NOT_STARTED,NOT_STARTED,SOURCE_REVIEW,SOURCE_REVIEW,GRAPH_OR_FUNCTION_STRUCTURE,,SVG,NO_PROBLEM_VISUAL,REVIEW_REQUIRED,SOLUTION_SVG,NOT_STARTED,,,ba59cb4e2f988f399c405feea5eaae695989bbc752a68b26448fdf53347c9c2e,NOT_STARTED,NOT_STARTED,NOT_STARTED,NOT_TESTED,PASS,canonical_and_compiled_master_match,INVENTORY_PENDING,01_scope_inventory.csv#archive/exams/original/high/h1/2final/22_복성고_2학기_기말_고1_기출.js|22_복성고_2학기_기말_고1_기출|15,[object Object],INDEX_RECORD_PRESENT,original/high/h1/2final/22_복성고_2학기_기말_고1_기출.js_15,0df0b09b954a9ce40ec74ad64374b7af88ff6743c9c9f9d45fd0cd24f83f0e85,true,⑤,IN_SCOPE_FORWARD,,,CLOSED_NO_SHARED_ASSET
archive/exams/original/high/h1/2final/22_복성고_2학기_기말_고1_기출.js|22_복성고_2학기_기말_고1_기출|21,archive/exams/original/high/h1/2final/22_복성고_2학기_기말_고1_기출.js,22_복성고_2학기_기말_고1_기출,21,21,21,2015,수학(하),H15-SB-04,유리함수,4,H15-SB-04-RATIONAL_BASIC,유리함수의 뜻과 계산,category_or_cue_inferred,complete_category,서술형,grid,false,서술형|유리함수|그래프,50d06c1ae8e5144e327dc514da36f68175303a267fb3271e231917c249191241,4f53cda18c2baa0c0354bb5f9a3ecbe5ed12ab4d8e11ba873c2f11161202b945,927f5e52d420a94e06fef49b072bd6c56761291d7c5e8943d34e75d6bbc9812f,bdd53f65e6ab92456a9d3962b61a77cd913e743dd376a564781433b5c9947ea1,,,assets/images/22_복성고_2학기_기말_고1_기출/q21-solution.svg,26ee9d05faacf92b93ce55ec085ee28084c632a62b4b0b7ccd023d3661aeb7f4,0,LOADED_VM,,NOT_STARTED,NOT_STARTED,NOT_STARTED,SOURCE_REVIEW,SOURCE_REVIEW,GRAPH_OR_FUNCTION_STRUCTURE|COORDINATE_OR_GEOMETRY_STRUCTURE|TABLE_OR_MATRIX_STRUCTURE,,SVG,NO_PROBLEM_VISUAL,REVIEW_REQUIRED,SOLUTION_SVG,NOT_STARTED,,,8538931319041b9425cf0c37e706ca338a509d70d4b31c880cda1fa4697470e0,NOT_STARTED,NOT_STARTED,NOT_STARTED,NOT_TESTED,PASS,canonical_and_compiled_master_match,INVENTORY_PENDING,01_scope_inventory.csv#archive/exams/original/high/h1/2final/22_복성고_2학기_기말_고1_기출.js|22_복성고_2학기_기말_고1_기출|21,[object Object],INDEX_RECORD_PRESENT,original/high/h1/2final/22_복성고_2학기_기말_고1_기출.js_21,0df0b09b954a9ce40ec74ad64374b7af88ff6743c9c9f9d45fd0cd24f83f0e85,true,$9$,IN_SCOPE_FORWARD,,,CLOSED_NO_SHARED_ASSET
archive/exams/original/high/h1/2final/22_순천여고_2학기_기말_고1_기출.js|22_순천여고_2학기_기말_고1_기출|2,archive/exams/original/high/h1/2final/22_순천여고_2학기_기말_고1_기출.js,22_순천여고_2학기_기말_고1_기출,2,2,2,2015,수학(하),H15-SB-04,유리함수,4,H15-SB-04-RATIONAL_BASIC,유리함수의 뜻과 계산,category_or_cue_inferred,complete_category,객관식,grid,false,유리함수,cd22cb649e491f0ea4fb08a152cd76732586d0a1ccb65b3304da0fb0ce8c31e7,7e62c1941dcae510f66e790e3317dc47db08756f62b66476d8e6a24d02020c72,0bdef091c479702584f065d3a3714f8a76f851b3f0cf10912f345a5dd930b0a8,a683082199e30d4493baa3a44af491d884d24ef253fa35a4a406592a4e4dc625,,,,,0,LOADED_VM,,NOT_STARTED,NOT_STARTED,NOT_STARTED,SVG_OPTIONAL,SVG_OPTIONAL,,,NONE,NO_PROBLEM_VISUAL,N/A,NONE,NOT_STARTED,,,,NOT_STARTED,NOT_STARTED,NOT_STARTED,NOT_TESTED,PASS,canonical_and_compiled_master_match,INVENTORY_PENDING,01_scope_inventory.csv#archive/exams/original/high/h1/2final/22_순천여고_2학기_기말_고1_기출.js|22_순천여고_2학기_기말_고1_기출|2,,INDEX_RECORD_PRESENT,original/high/h1/2final/22_순천여고_2학기_기말_고1_기출.js_2,d4c893fad089634de5533e5471a4967bb459f075760431e82d7b61865d33f452,true,⑤,IN_SCOPE_FORWARD,,,CLOSED_NO_SHARED_ASSET
archive/exams/original/high/h1/2final/22_순천여고_2학기_기말_고1_기출.js|22_순천여고_2학기_기말_고1_기출|5,archive/exams/original/high/h1/2final/22_순천여고_2학기_기말_고1_기출.js,22_순천여고_2학기_기말_고1_기출,5,5,5,2015,수학(하),H15-SB-04,유리함수,4,H15-SB-04-RATIONAL_GRAPH,유리함수의 그래프,category_or_cue_inferred,complete_category,객관식,grid,false,유리함수|그래프,713764c80c18bb3d00b102ebfc75c28d6d75232212523eb209f2bb8b947f9554,c6516dc0b866904a092ce8eb62b7b87ff437fa7e7fa804fa201514cedce38529,d41ea6521f53fb3dfa10cf72e2932f4405d9c999fa422cdc840d25d57e90dd34,b4d05ae81ab2418b0123c7b15176ea295c2bd711559538497ad1ed7b63b10706,assets/images/22_순천여고_2학기_기말_고1_기출/q5.png,e8efdf5b1a9406ed018e2db831fe8a9fce6b6a65f2f2ce644cc687af684273f9,,,0,LOADED_VM,,NOT_STARTED,NOT_STARTED,NOT_STARTED,SVG_REQUIRED_MISSING,SVG_REQUIRED_MISSING,GRAPH_OR_FUNCTION_STRUCTURE|COORDINATE_OR_GEOMETRY_STRUCTURE,,GRAPH_CANDIDATE,PROBLEM_VISUAL_PRESENT,REVIEW_REQUIRED,NONE,NOT_STARTED,,,,NOT_STARTED,NOT_STARTED,NOT_STARTED,NOT_TESTED,PASS,canonical_and_compiled_master_match,INVENTORY_PENDING,01_scope_inventory.csv#archive/exams/original/high/h1/2final/22_순천여고_2학기_기말_고1_기출.js|22_순천여고_2학기_기말_고1_기출|5,[object Object],INDEX_RECORD_PRESENT,original/high/h1/2final/22_순천여고_2학기_기말_고1_기출.js_5,d4c893fad089634de5533e5471a4967bb459f075760431e82d7b61865d33f452,true,④,IN_SCOPE_FORWARD,,,CLOSED_NO_SHARED_ASSET
archive/exams/original/high/h1/2final/22_순천여고_2학기_기말_고1_기출.js|22_순천여고_2학기_기말_고1_기출|7,archive/exams/original/high/h1/2final/22_순천여고_2학기_기말_고1_기출.js,22_순천여고_2학기_기말_고1_기출,7,7,7,2015,수학(하),H15-SB-04,유리함수,4,H15-SB-04-RATIONAL_BASIC,유리함수의 뜻과 계산,category_or_cue_inferred,complete_category,객관식,grid,false,유리함수|그래프,efbff5d67fbdee7a8bfc0237df82222c2a795a406112e95ee2fc22a9bb8fb477,ff782081a4cc25de5ebd8fdb3b10e93e0a2a8b181fb4cabb15c6d4c8f83c7224,b15be6cb71072b84f7e1e198ce023fc5bb8b1e625335904ddcf3cffcd8b7312b,02e6fbacbf54396a6236d8c1db956de37d08901cdbfb7d9a7e55bb978818c649,,,assets/images/22_순천여고_2학기_기말_고1_기출/q07-solution.svg,12f99a40b3b1e1800033fcc9e4e9c3aca9b37c4642feb5c05c0eb5aca2b3f880,0,LOADED_VM,,NOT_STARTED,NOT_STARTED,NOT_STARTED,SOURCE_REVIEW,SOURCE_REVIEW,GRAPH_OR_FUNCTION_STRUCTURE|COORDINATE_OR_GEOMETRY_STRUCTURE|TABLE_OR_MATRIX_STRUCTURE,,SVG,NO_PROBLEM_VISUAL,REVIEW_REQUIRED,SOLUTION_SVG,NOT_STARTED,,,0c67114b3f5d48e914aa4df10214ec359ddb7a385ee8a0e08359e0dcc6bd1cba,NOT_STARTED,NOT_STARTED,NOT_STARTED,NOT_TESTED,PASS,canonical_and_compiled_master_match,INVENTORY_PENDING,01_scope_inventory.csv#archive/exams/original/high/h1/2final/22_순천여고_2학기_기말_고1_기출.js|22_순천여고_2학기_기말_고1_기출|7,[object Object],INDEX_RECORD_PRESENT,original/high/h1/2final/22_순천여고_2학기_기말_고1_기출.js_7,d4c893fad089634de5533e5471a4967bb459f075760431e82d7b61865d33f452,true,③,IN_SCOPE_FORWARD,,,CLOSED_NO_SHARED_ASSET
archive/exams/original/high/h1/2final/22_순천여고_2학기_기말_고1_기출.js|22_순천여고_2학기_기말_고1_기출|8,archive/exams/original/high/h1/2final/22_순천여고_2학기_기말_고1_기출.js,22_순천여고_2학기_기말_고1_기출,8,8,8,2015,수학(하),H15-SB-04,유리함수,4,H15-SB-04-RATIONAL_BASIC,유리함수의 뜻과 계산,category_or_cue_inferred,complete_category,객관식,grid,false,유리함수|그래프,7e7fb79733050901cf84337b1e0e047b232e24f11bb22d0b55c0b971faaca9d6,fc3dba98889cccd1a96f32fb71f7812a2d3b9dde603c59a1f87b932df48e085f,b15be6cb71072b84f7e1e198ce023fc5bb8b1e625335904ddcf3cffcd8b7312b,27da71750db9ba22a38bb74170d9f8742f63902694019626239dd06b298e3195,,,assets/images/22_순천여고_2학기_기말_고1_기출/q08-solution.svg,7ce7f35db6aa99215b3247d03f178e451fd1ed951b309f45f19cb20659e9cba1,0,LOADED_VM,,NOT_STARTED,NOT_STARTED,NOT_STARTED,SOURCE_REVIEW,SOURCE_REVIEW,GRAPH_OR_FUNCTION_STRUCTURE|COORDINATE_OR_GEOMETRY_STRUCTURE,,SVG,NO_PROBLEM_VISUAL,REVIEW_REQUIRED,SOLUTION_SVG,NOT_STARTED,,,e70cd95e81de8237cde3dcb62c49e6e9901a461ce3a080ec50ea5e490e8bef30,NOT_STARTED,NOT_STARTED,NOT_STARTED,NOT_TESTED,PASS,canonical_and_compiled_master_match,INVENTORY_PENDING,01_scope_inventory.csv#archive/exams/original/high/h1/2final/22_순천여고_2학기_기말_고1_기출.js|22_순천여고_2학기_기말_고1_기출|8,[object Object],INDEX_RECORD_PRESENT,original/high/h1/2final/22_순천여고_2학기_기말_고1_기출.js_8,d4c893fad089634de5533e5471a4967bb459f075760431e82d7b61865d33f452,true,③,IN_SCOPE_FORWARD,,,CLOSED_NO_SHARED_ASSET
archive/exams/original/high/h1/2final/22_순천여고_2학기_기말_고1_기출.js|22_순천여고_2학기_기말_고1_기출|11,archive/exams/original/high/h1/2final/22_순천여고_2학기_기말_고1_기출.js,22_순천여고_2학기_기말_고1_기출,11,11,11,2015,수학(하),H15-SB-04,유리함수,4,H15-SB-04-RATIONAL_BASIC,유리함수의 뜻과 계산,category_or_cue_inferred,complete_category,객관식,grid,false,유리함수,4a7e159b97fc8f25cc3d2ee3c3ddf9c719e0e6fb9d128cafe18112a44a356f3a,7e62c1941dcae510f66e790e3317dc47db08756f62b66476d8e6a24d02020c72,dfde05a3668030e99ca64d8d4ae5f6b64c7a87cee61c0ba43904b92ef210191d,e29e0bca53f4042d3c08b5edec6ef25d8506cc20bea61fdc5ffbe3dbbcfd8ebc,,,,,0,LOADED_VM,,NOT_STARTED,NOT_STARTED,NOT_STARTED,SVG_OPTIONAL,SVG_OPTIONAL,,,NONE,NO_PROBLEM_VISUAL,N/A,NONE,NOT_STARTED,,,,NOT_STARTED,NOT_STARTED,NOT_STARTED,NOT_TESTED,PASS,canonical_and_compiled_master_match,INVENTORY_PENDING,01_scope_inventory.csv#archive/exams/original/high/h1/2final/22_순천여고_2학기_기말_고1_기출.js|22_순천여고_2학기_기말_고1_기출|11,,INDEX_RECORD_PRESENT,original/high/h1/2final/22_순천여고_2학기_기말_고1_기출.js_11,d4c893fad089634de5533e5471a4967bb459f075760431e82d7b61865d33f452,true,②,IN_SCOPE_FORWARD,,,CLOSED_NO_SHARED_ASSET
archive/exams/original/high/h1/2final/22_순천여고_2학기_기말_고1_기출.js|22_순천여고_2학기_기말_고1_기출|20,archive/exams/original/high/h1/2final/22_순천여고_2학기_기말_고1_기출.js,22_순천여고_2학기_기말_고1_기출,20,20,20,2015,수학(하),H15-SB-04,유리함수,4,H15-SB-04-RATIONAL_BASIC,유리함수의 뜻과 계산,category_or_cue_inferred,complete_category,객관식,grid,false,유리함수|그래프,2757278f853b67a38c52cd080e76fd9a1fcd9306c90fd495b0498df0a9466ee1,a0b451edcc55182dc8ff3db28fc00793b9c77b389b49e3319d517e1629ffbb25,dfde05a3668030e99ca64d8d4ae5f6b64c7a87cee61c0ba43904b92ef210191d,64c38cff3ecb322dbfba10bcd7ff97611d2bdc95e1e46955abc9c12b5c028729,,,assets/images/22_순천여고_2학기_기말_고1_기출/q20-solution.svg,12bb3e984aa80a78598dbdc2ede11fcbe0a19c9cd54540b3c75a52c3eb94f31a,0,LOADED_VM,,NOT_STARTED,NOT_STARTED,NOT_STARTED,SOURCE_REVIEW,SOURCE_REVIEW,GRAPH_OR_FUNCTION_STRUCTURE|COORDINATE_OR_GEOMETRY_STRUCTURE|TABLE_OR_MATRIX_STRUCTURE,,SVG,NO_PROBLEM_VISUAL,REVIEW_REQUIRED,SOLUTION_SVG,NOT_STARTED,,,e24e6d9d1b541085e3298ea09b4c361210757da0dc080c29566543c74aa364ea,NOT_STARTED,NOT_STARTED,NOT_STARTED,NOT_TESTED,PASS,canonical_and_compiled_master_match,INVENTORY_PENDING,01_scope_inventory.csv#archive/exams/original/high/h1/2final/22_순천여고_2학기_기말_고1_기출.js|22_순천여고_2학기_기말_고1_기출|20,[object Object],INDEX_RECORD_PRESENT,original/high/h1/2final/22_순천여고_2학기_기말_고1_기출.js_20,d4c893fad089634de5533e5471a4967bb459f075760431e82d7b61865d33f452,true,②,IN_SCOPE_FORWARD,,,CLOSED_NO_SHARED_ASSET
archive/exams/original/high/h1/2final/22_순천여고_2학기_기말_고1_기출.js|22_순천여고_2학기_기말_고1_기출|22,archive/exams/original/high/h1/2final/22_순천여고_2학기_기말_고1_기출.js,22_순천여고_2학기_기말_고1_기출,22,22,22,2015,수학(하),H15-SB-04,유리함수,4,H15-SB-04-RATIONAL_BASIC,유리함수의 뜻과 계산,category_or_cue_inferred,complete_category,서술형,grid,false,서술형|유리함수,8a25676b268b8fc67539dfee9e92eac5512ecce9d54958bd29785c5caaa72a23,4f53cda18c2baa0c0354bb5f9a3ecbe5ed12ab4d8e11ba873c2f11161202b945,115d3970b25a1346efc06435aea3728e7cfa95acaa0dd4f91ffa712b00b23406,ba465a1786f3b851fc2f71befe3606207f918ef3f94e733662c21fb411c67b36,,,,,0,LOADED_VM,,NOT_STARTED,NOT_STARTED,NOT_STARTED,SVG_REQUIRED_MISSING,SVG_REQUIRED_MISSING,COORDINATE_OR_GEOMETRY_STRUCTURE|TABLE_OR_MATRIX_STRUCTURE,,VISUAL_CANDIDATE,NO_PROBLEM_VISUAL,REVIEW_REQUIRED,NONE,NOT_STARTED,,,,NOT_STARTED,NOT_STARTED,NOT_STARTED,NOT_TESTED,PASS,canonical_and_compiled_master_match,INVENTORY_PENDING,01_scope_inventory.csv#archive/exams/original/high/h1/2final/22_순천여고_2학기_기말_고1_기출.js|22_순천여고_2학기_기말_고1_기출|22,,INDEX_RECORD_PRESENT,original/high/h1/2final/22_순천여고_2학기_기말_고1_기출.js_22,d4c893fad089634de5533e5471a4967bb459f075760431e82d7b61865d33f452,true,"도형의 방정식: $(x+2)(y-1)=-\dfrac92\quad(x\lt-2)$, 대칭축: $y=-x-1$",IN_SCOPE_FORWARD,,,CLOSED_NO_SHARED_ASSET
archive/exams/original/high/h1/2final/22_제일고_2학기_기말_고1_기출.js|22_제일고_2학기_기말_고1_기출|2,archive/exams/original/high/h1/2final/22_제일고_2학기_기말_고1_기출.js,22_제일고_2학기_기말_고1_기출,2,2,2,2015,수학(하),H15-SB-04,유리함수,4,H15-SB-04-RATIONAL_BASIC,유리함수의 뜻과 계산,category_or_cue_inferred,complete_category,객관식,grid,false,객관식|유리함수|그래프,595a746724c7f55a7323efe65ef11aaaf6a1a9b71c8bea3e4443781f56d8bbfa,6a855d31ec58c2cd5daa3fa41b93787190e58772594f3c4eaa8d781bfde2a41f,d41ea6521f53fb3dfa10cf72e2932f4405d9c999fa422cdc840d25d57e90dd34,1f1fe5cc1e81b5dd25a8f4efba8ab8b756041be5b4cc40b0a69b7823e48eb06d,,,assets/images/22_제일고_2학기_기말_고1_기출/q02-solution.svg,23c4bd273cc79fda9fbd00d4026654d3f0802f01cb99ccf53d96fddd9ba8fdc8,0,LOADED_VM,,NOT_STARTED,NOT_STARTED,NOT_STARTED,SOURCE_REVIEW,SOURCE_REVIEW,GRAPH_OR_FUNCTION_STRUCTURE|COORDINATE_OR_GEOMETRY_STRUCTURE,,SVG,NO_PROBLEM_VISUAL,REVIEW_REQUIRED,SOLUTION_SVG,NOT_STARTED,,,517107fde899aed19146d34ce56fcf292c0a3b709950fc00445c87fc10ed1c82,NOT_STARTED,NOT_STARTED,NOT_STARTED,NOT_TESTED,PASS,canonical_and_compiled_master_match,INVENTORY_PENDING,01_scope_inventory.csv#archive/exams/original/high/h1/2final/22_제일고_2학기_기말_고1_기출.js|22_제일고_2학기_기말_고1_기출|2,[object Object],INDEX_RECORD_PRESENT,original/high/h1/2final/22_제일고_2학기_기말_고1_기출.js_2,3154d1f09c71303d3a44e0a6f1a9898fd6cd6e0082c751b7a8dce669f0c5d994,true,④,IN_SCOPE_FORWARD,,,CLOSED_NO_SHARED_ASSET
archive/exams/original/high/h1/2final/22_제일고_2학기_기말_고1_기출.js|22_제일고_2학기_기말_고1_기출|8,archive/exams/original/high/h1/2final/22_제일고_2학기_기말_고1_기출.js,22_제일고_2학기_기말_고1_기출,8,8,8,2015,수학(하),H15-SB-04,유리함수,4,H15-SB-04-RATIONAL_BASIC,유리함수의 뜻과 계산,category_or_cue_inferred,complete_category,객관식,grid,false,객관식|유리함수,edd0f2302f57354b685cd5a8f403b452ac78522865be099672413f92cb632d31,47033b69ef3e934a32371dd68d992e91d31084183390a83867b7c2877c798cbd,973d2fd2f97e26a666f403b12da6d87e527985b36bcf4ff0a47c7e7e8c36321a,3e60e0e2dd98a26e2ea822fd39e0473341161aced712b7265789c177a8ad10e9,,,,,0,LOADED_VM,,NOT_STARTED,NOT_STARTED,NOT_STARTED,SVG_REQUIRED_MISSING,SVG_REQUIRED_MISSING,GRAPH_OR_FUNCTION_STRUCTURE,,GRAPH_CANDIDATE,NO_PROBLEM_VISUAL,REVIEW_REQUIRED,NONE,NOT_STARTED,,,,NOT_STARTED,NOT_STARTED,NOT_STARTED,NOT_TESTED,PASS,canonical_and_compiled_master_match,INVENTORY_PENDING,01_scope_inventory.csv#archive/exams/original/high/h1/2final/22_제일고_2학기_기말_고1_기출.js|22_제일고_2학기_기말_고1_기출|8,,INDEX_RECORD_PRESENT,original/high/h1/2final/22_제일고_2학기_기말_고1_기출.js_8,3154d1f09c71303d3a44e0a6f1a9898fd6cd6e0082c751b7a8dce669f0c5d994,true,①,IN_SCOPE_FORWARD,,,CLOSED_NO_SHARED_ASSET
archive/exams/original/high/h1/2final/22_제일고_2학기_기말_고1_기출.js|22_제일고_2학기_기말_고1_기출|15,archive/exams/original/high/h1/2final/22_제일고_2학기_기말_고1_기출.js,22_제일고_2학기_기말_고1_기출,15,15,15,2015,수학(하),H15-SB-04,유리함수,4,H15-SB-04-RATIONAL_BASIC,유리함수의 뜻과 계산,category_or_cue_inferred,complete_category,객관식,grid,false,객관식|유리함수,dbcb64203c6d8fb77df94bdbd25dc99d2c6a9ff53acfac6c610e2e87b997faa9,e0d97c9019866472897be616b4b44634dd3f90c486dd75fb0aa9593501c65aef,dfde05a3668030e99ca64d8d4ae5f6b64c7a87cee61c0ba43904b92ef210191d,b7b931fcc42a80dd35cf17c8914ca680c3c1f2d864e71ea21f6ffb06c8f206da,,,,,0,LOADED_VM,,NOT_STARTED,NOT_STARTED,NOT_STARTED,SVG_REQUIRED_MISSING,SVG_REQUIRED_MISSING,GRAPH_OR_FUNCTION_STRUCTURE|COORDINATE_OR_GEOMETRY_STRUCTURE|TABLE_OR_MATRIX_STRUCTURE,,GRAPH_CANDIDATE,NO_PROBLEM_VISUAL,REVIEW_REQUIRED,NONE,NOT_STARTED,,,,NOT_STARTED,NOT_STARTED,NOT_STARTED,NOT_TESTED,PASS,canonical_and_compiled_master_match,INVENTORY_PENDING,01_scope_inventory.csv#archive/exams/original/high/h1/2final/22_제일고_2학기_기말_고1_기출.js|22_제일고_2학기_기말_고1_기출|15,,INDEX_RECORD_PRESENT,original/high/h1/2final/22_제일고_2학기_기말_고1_기출.js_15,3154d1f09c71303d3a44e0a6f1a9898fd6cd6e0082c751b7a8dce669f0c5d994,true,②,IN_SCOPE_FORWARD,,,CLOSED_NO_SHARED_ASSET
archive/exams/original/high/h1/2final/22_팔마고_2학기_기말_고1_기출.js|22_팔마고_2학기_기말_고1_기출|1,archive/exams/original/high/h1/2final/22_팔마고_2학기_기말_고1_기출.js,22_팔마고_2학기_기말_고1_기출,1,1,1,2015,수학(하),H15-SB-04,유리함수,4,H15-SB-04-RATIONAL_BASIC,유리함수의 뜻과 계산,category_or_cue_inferred,complete_category,객관식,grid,false,유리함수,2615b85a6893b22b73a664296e3df4bc2d840366acbbfb81d37d33340f1ea3b3,8e9b84caba423ca7cddd988836ca9ca8a95f3ba36503afd5ecab8d94f3fbdecb,b15be6cb71072b84f7e1e198ce023fc5bb8b1e625335904ddcf3cffcd8b7312b,a6454cb56703b0718179269d858cc00398f97bbb46429c64f0bc4fc43567cf55,,,,,0,LOADED_VM,,NOT_STARTED,NOT_STARTED,NOT_STARTED,SVG_OPTIONAL,SVG_OPTIONAL,,,NONE,NO_PROBLEM_VISUAL,N/A,NONE,NOT_STARTED,,,,NOT_STARTED,NOT_STARTED,NOT_STARTED,NOT_TESTED,PASS,canonical_and_compiled_master_match,INVENTORY_PENDING,01_scope_inventory.csv#archive/exams/original/high/h1/2final/22_팔마고_2학기_기말_고1_기출.js|22_팔마고_2학기_기말_고1_기출|1,,INDEX_RECORD_PRESENT,original/high/h1/2final/22_팔마고_2학기_기말_고1_기출.js_1,870c7827a626a4a218ff73bf4ad764b7afe85913ab98c1fbfe2b0f64ce6fafc1,true,③,IN_SCOPE_FORWARD,,,CLOSED_NO_SHARED_ASSET
archive/exams/original/high/h1/2final/22_팔마고_2학기_기말_고1_기출.js|22_팔마고_2학기_기말_고1_기출|4,archive/exams/original/high/h1/2final/22_팔마고_2학기_기말_고1_기출.js,22_팔마고_2학기_기말_고1_기출,4,4,4,2015,수학(하),H15-SB-04,유리함수,4,H15-SB-04-RATIONAL_BASIC,유리함수의 뜻과 계산,category_or_cue_inferred,complete_category,객관식,grid,false,유리함수,8ce788d35cbc100dbae0ab28ef3560c7e5512de3dd2609b8c42411c34d2a02c6,8532a95cf7d47ad8a7cadccbbb3fa783d9a20193cef1b73ec6180997c49dbf3e,dfde05a3668030e99ca64d8d4ae5f6b64c7a87cee61c0ba43904b92ef210191d,b0b4b08d82f48ce7440619451c334264d1232da2c49c936eb4ee3e83b9249f1a,,,,,0,LOADED_VM,,NOT_STARTED,NOT_STARTED,NOT_STARTED,SVG_REQUIRED_MISSING,SVG_REQUIRED_MISSING,GRAPH_OR_FUNCTION_STRUCTURE|COORDINATE_OR_GEOMETRY_STRUCTURE,,GRAPH_CANDIDATE,NO_PROBLEM_VISUAL,REVIEW_REQUIRED,NONE,NOT_STARTED,,,,NOT_STARTED,NOT_STARTED,NOT_STARTED,NOT_TESTED,PASS,canonical_and_compiled_master_match,INVENTORY_PENDING,01_scope_inventory.csv#archive/exams/original/high/h1/2final/22_팔마고_2학기_기말_고1_기출.js|22_팔마고_2학기_기말_고1_기출|4,,INDEX_RECORD_PRESENT,original/high/h1/2final/22_팔마고_2학기_기말_고1_기출.js_4,870c7827a626a4a218ff73bf4ad764b7afe85913ab98c1fbfe2b0f64ce6fafc1,true,②,IN_SCOPE_FORWARD,,,CLOSED_NO_SHARED_ASSET
archive/exams/original/high/h1/2final/22_팔마고_2학기_기말_고1_기출.js|22_팔마고_2학기_기말_고1_기출|6,archive/exams/original/high/h1/2final/22_팔마고_2학기_기말_고1_기출.js,22_팔마고_2학기_기말_고1_기출,6,6,6,2015,수학(하),H15-SB-04,유리함수,4,H15-SB-04-RATIONAL_BASIC,유리함수의 뜻과 계산,category_or_cue_inferred,complete_category,객관식,grid,false,유리함수|그래프,736eceeb622a8886ac55108fc6a2563b17385fdad3fb2724f3e7dd468d07464a,33df25322b696566a74a473e6940f30d5f9cef7ece09c5631ef8d9de89413abe,973d2fd2f97e26a666f403b12da6d87e527985b36bcf4ff0a47c7e7e8c36321a,85ebfa49e42cb3b8e27bcb503d64df12257f65320cf212e1e114b29f4b47644b,,,assets/images/22_팔마고_2학기_기말_고1_기출/q06-solution.svg,68b4470bb4c299ef31999276f4e82a062588b408149c3a71936655e1b715ed01,0,LOADED_VM,,NOT_STARTED,NOT_STARTED,NOT_STARTED,SOURCE_REVIEW,SOURCE_REVIEW,GRAPH_OR_FUNCTION_STRUCTURE,,SVG,NO_PROBLEM_VISUAL,REVIEW_REQUIRED,SOLUTION_SVG,NOT_STARTED,,,f10e3c3b672fb8bb73dea06c07e12d30c6538c0b0a151be4c6de7b7491dfef4e,NOT_STARTED,NOT_STARTED,NOT_STARTED,NOT_TESTED,PASS,canonical_and_compiled_master_match,INVENTORY_PENDING,01_scope_inventory.csv#archive/exams/original/high/h1/2final/22_팔마고_2학기_기말_고1_기출.js|22_팔마고_2학기_기말_고1_기출|6,[object Object],INDEX_RECORD_PRESENT,original/high/h1/2final/22_팔마고_2학기_기말_고1_기출.js_6,870c7827a626a4a218ff73bf4ad764b7afe85913ab98c1fbfe2b0f64ce6fafc1,true,①,IN_SCOPE_FORWARD,,,CLOSED_NO_SHARED_ASSET
archive/exams/original/high/h1/2final/22_팔마고_2학기_기말_고1_기출.js|22_팔마고_2학기_기말_고1_기출|8,archive/exams/original/high/h1/2final/22_팔마고_2학기_기말_고1_기출.js,22_팔마고_2학기_기말_고1_기출,8,8,8,2015,수학(하),H15-SB-04,유리함수,4,H15-SB-04-RATIONAL_BASIC,유리함수의 뜻과 계산,category_or_cue_inferred,complete_category,객관식,grid,false,유리함수|그래프,c26a354b011481e0b0ccf468ac48febb11f31aa6607479130db87dfc08f091ce,1e1701040d453fdf00f6954e2efdbaff506f33fbcc0c23f374d623bfd7696c96,b15be6cb71072b84f7e1e198ce023fc5bb8b1e625335904ddcf3cffcd8b7312b,6fd4e0eca26027faf8f8bdf219c2d5c60c50f04801fdcaa52ba3f68b2cad58be,,,assets/images/22_팔마고_2학기_기말_고1_기출/q08-solution.svg,c6af2d8bee882fe3974f2cb6766366e9ddd5ec9abe245e1c141e7a3fabf7a130,0,LOADED_VM,,NOT_STARTED,NOT_STARTED,NOT_STARTED,SOURCE_REVIEW,SOURCE_REVIEW,GRAPH_OR_FUNCTION_STRUCTURE|COORDINATE_OR_GEOMETRY_STRUCTURE|TABLE_OR_MATRIX_STRUCTURE,,SVG,NO_PROBLEM_VISUAL,REVIEW_REQUIRED,SOLUTION_SVG,NOT_STARTED,,,56c3bbe2174dc554a61d3a23f325ab47f3f33bc5c0501fa38f7897f2e5c83230,NOT_STARTED,NOT_STARTED,NOT_STARTED,NOT_TESTED,PASS,canonical_and_compiled_master_match,INVENTORY_PENDING,01_scope_inventory.csv#archive/exams/original/high/h1/2final/22_팔마고_2학기_기말_고1_기출.js|22_팔마고_2학기_기말_고1_기출|8,[object Object],INDEX_RECORD_PRESENT,original/high/h1/2final/22_팔마고_2학기_기말_고1_기출.js_8,870c7827a626a4a218ff73bf4ad764b7afe85913ab98c1fbfe2b0f64ce6fafc1,true,③,IN_SCOPE_FORWARD,,,CLOSED_NO_SHARED_ASSET
archive/exams/original/high/h1/2final/22_팔마고_2학기_기말_고1_기출.js|22_팔마고_2학기_기말_고1_기출|18,archive/exams/original/high/h1/2final/22_팔마고_2학기_기말_고1_기출.js,22_팔마고_2학기_기말_고1_기출,18,18,18,2015,수학(하),H15-SB-04,유리함수,4,H15-SB-04-RATIONAL_BASIC,유리함수의 뜻과 계산,category_or_cue_inferred,complete_category,단답형,grid,false,유리함수,7913537d58e673973feac8c621c7c2160272fee89a9047a682e7bfacd86bbac1,4f53cda18c2baa0c0354bb5f9a3ecbe5ed12ab4d8e11ba873c2f11161202b945,b204b91822c9291f7aef3d191aaaae2d9be50eda6bf1a6e63d48972eb5d9578a,ec7dc7a7a8d0dc9b26456b89271cf7d13b839db1216e5d00e8640aef14ee16e0,,,,,0,LOADED_VM,,NOT_STARTED,NOT_STARTED,NOT_STARTED,SVG_OPTIONAL,SVG_OPTIONAL,,,NONE,NO_PROBLEM_VISUAL,N/A,NONE,NOT_STARTED,,,,NOT_STARTED,NOT_STARTED,NOT_STARTED,NOT_TESTED,PASS,canonical_and_compiled_master_match,INVENTORY_PENDING,01_scope_inventory.csv#archive/exams/original/high/h1/2final/22_팔마고_2학기_기말_고1_기출.js|22_팔마고_2학기_기말_고1_기출|18,,INDEX_RECORD_PRESENT,original/high/h1/2final/22_팔마고_2학기_기말_고1_기출.js_18,870c7827a626a4a218ff73bf4ad764b7afe85913ab98c1fbfe2b0f64ce6fafc1,true,$\dfrac83$,IN_SCOPE_FORWARD,,,CLOSED_NO_SHARED_ASSET
archive/exams/original/high/h1/2final/22_팔마고_2학기_기말_고1_기출.js|22_팔마고_2학기_기말_고1_기출|21,archive/exams/original/high/h1/2final/22_팔마고_2학기_기말_고1_기출.js,22_팔마고_2학기_기말_고1_기출,21,21,21,2015,수학(하),H15-SB-04,유리함수,4,H15-SB-04-RATIONAL_BASIC,유리함수의 뜻과 계산,category_or_cue_inferred,complete_category,서술형,grid,false,서술형|유리함수|그래프,445969e3afe9bc2543462078737ce986ba74ea79f44d0e3105e43e86d1033c77,4f53cda18c2baa0c0354bb5f9a3ecbe5ed12ab4d8e11ba873c2f11161202b945,63ad7dcb368f58211403a482d4fb592bb0af170eb767d48ae92a26e902b3d4cd,4bfe94772d087bc32d127c77cec3fd38d00a92c82dcf00f534c322c2d2cedc3b,assets/images/22_팔마고_2학기_기말_고1_기출/q21.svg,c1750dbae58e575ba62365929a9cb49c3523ad8ccdb09781a45982b991ffba27,,,0,LOADED_VM,,NOT_STARTED,NOT_STARTED,NOT_STARTED,SOURCE_REVIEW,SOURCE_REVIEW,GRAPH_OR_FUNCTION_STRUCTURE,,SVG,PROBLEM_VISUAL_PRESENT,REVIEW_REQUIRED,PROBLEM_SVG,NOT_STARTED,,,3491a71e94e594bdb1c759b8654d6b422df9cb970c096176d00d09ce5526696e,NOT_STARTED,NOT_STARTED,NOT_STARTED,NOT_TESTED,PASS,canonical_and_compiled_master_match,INVENTORY_PENDING,01_scope_inventory.csv#archive/exams/original/high/h1/2final/22_팔마고_2학기_기말_고1_기출.js|22_팔마고_2학기_기말_고1_기출|21,[object Object],INDEX_RECORD_PRESENT,original/high/h1/2final/22_팔마고_2학기_기말_고1_기출.js_21,870c7827a626a4a218ff73bf4ad764b7afe85913ab98c1fbfe2b0f64ce6fafc1,true,"제2사분면, 제3사분면, 제4사분면",IN_SCOPE_FORWARD,,,CLOSED_NO_SHARED_ASSET
archive/exams/original/high/h1/2final/22_효천고_2학기_기말_고1_기출.js|22_효천고_2학기_기말_고1_기출|2,archive/exams/original/high/h1/2final/22_효천고_2학기_기말_고1_기출.js,22_효천고_2학기_기말_고1_기출,2,2,2,2015,수학(하),H15-SB-04,유리함수,4,H15-SB-04-RATIONAL_BASIC,유리함수의 뜻과 계산,category_or_cue_inferred,complete_category,객관식,grid,false,객관식,b018432ddacb4d79ab5bafcccf26dbd620cbe774fbdd672fa22b17a6298b1e11,c685ca5ef0810a11a819233e6891fcc82fe5e231564626711e13fcd9e25a8a4f,dfde05a3668030e99ca64d8d4ae5f6b64c7a87cee61c0ba43904b92ef210191d,e307bfd200f873e8334a6bae0c700efad0612771e3d6c35dff8de78baed6581f,,,,,0,LOADED_VM,,NOT_STARTED,NOT_STARTED,NOT_STARTED,SVG_OPTIONAL,SVG_OPTIONAL,,,NONE,NO_PROBLEM_VISUAL,N/A,NONE,NOT_STARTED,,,,NOT_STARTED,NOT_STARTED,NOT_STARTED,NOT_TESTED,PASS,canonical_and_compiled_master_match,INVENTORY_PENDING,01_scope_inventory.csv#archive/exams/original/high/h1/2final/22_효천고_2학기_기말_고1_기출.js|22_효천고_2학기_기말_고1_기출|2,,INDEX_RECORD_PRESENT,original/high/h1/2final/22_효천고_2학기_기말_고1_기출.js_2,09cdf66ea5fa1e64322b7d0b944e15ac65b7889a81b55d3a32f81856d3153ef0,true,②,IN_SCOPE_FORWARD,,,CLOSED_NO_SHARED_ASSET
archive/exams/original/high/h1/2final/22_효천고_2학기_기말_고1_기출.js|22_효천고_2학기_기말_고1_기출|4,archive/exams/original/high/h1/2final/22_효천고_2학기_기말_고1_기출.js,22_효천고_2학기_기말_고1_기출,4,4,4,2015,수학(하),H15-SB-04,유리함수,4,H15-SB-04-RATIONAL_BASIC,유리함수의 뜻과 계산,category_or_cue_inferred,complete_category,객관식,grid,false,객관식|그래프,79cd0cdc9a8a1085f852423cd1c50f141ea7bfbfdaede6d6ae21575519ca2654,7813ca47b0c642945426b1185774181c17251d560fd59240618519f9029abac6,973d2fd2f97e26a666f403b12da6d87e527985b36bcf4ff0a47c7e7e8c36321a,9ff55ad50e1295a72a953a3b77df8b043b2dc23c59897130d7a15a80ad95bc96,,,assets/images/22_효천고_2학기_기말_고1_기출/q04-solution.svg,f8f990040e1f459eec8c1e47f9e6887ddaa81d12c2652cd64f7f292047136d95,0,LOADED_VM,,NOT_STARTED,NOT_STARTED,NOT_STARTED,SOURCE_REVIEW,SOURCE_REVIEW,GRAPH_OR_FUNCTION_STRUCTURE|COORDINATE_OR_GEOMETRY_STRUCTURE,,SVG,NO_PROBLEM_VISUAL,REVIEW_REQUIRED,SOLUTION_SVG,NOT_STARTED,,,ce9599e4ea30018b03f643ac0bbba1eebaaee72c08b353a79abaa1aeab001745,NOT_STARTED,NOT_STARTED,NOT_STARTED,NOT_TESTED,PASS,canonical_and_compiled_master_match,INVENTORY_PENDING,01_scope_inventory.csv#archive/exams/original/high/h1/2final/22_효천고_2학기_기말_고1_기출.js|22_효천고_2학기_기말_고1_기출|4,[object Object],INDEX_RECORD_PRESENT,original/high/h1/2final/22_효천고_2학기_기말_고1_기출.js_4,09cdf66ea5fa1e64322b7d0b944e15ac65b7889a81b55d3a32f81856d3153ef0,true,①,IN_SCOPE_FORWARD,,,CLOSED_NO_SHARED_ASSET
archive/exams/original/high/h1/2final/22_효천고_2학기_기말_고1_기출.js|22_효천고_2학기_기말_고1_기출|15,archive/exams/original/high/h1/2final/22_효천고_2학기_기말_고1_기출.js,22_효천고_2학기_기말_고1_기출,15,15,15,2015,수학(하),H15-SB-04,유리함수,4,H15-SB-04-RATIONAL_BASIC,유리함수의 뜻과 계산,category_or_cue_inferred,complete_category,객관식,grid,false,객관식|그래프,5126538500ff953a898597416a418895aa7c2a9f833692fc379890aa697f010b,110f72ee5b799759f30e3afb6632de5542179dc8180afdee9d5f9fb4b7c65a34,973d2fd2f97e26a666f403b12da6d87e527985b36bcf4ff0a47c7e7e8c36321a,d2b4e706e84e15675b33ca4308fce2fa47e04b655596ded4a74b943e71086e97,,,assets/images/22_효천고_2학기_기말_고1_기출/q15-solution.svg,b4eaa3b314a1dc66456c1d6fdcaefe9d18f91e527c1223ea8ba653aa7e28cb1e,0,LOADED_VM,,NOT_STARTED,NOT_STARTED,NOT_STARTED,SOURCE_REVIEW,SOURCE_REVIEW,GRAPH_OR_FUNCTION_STRUCTURE|SET_OR_LOGIC_STRUCTURE,,SVG,NO_PROBLEM_VISUAL,REVIEW_REQUIRED,SOLUTION_SVG,NOT_STARTED,,,1132178434b79c57bc7c7de5e3ac1ff914a1e9f36409607f5f2c01882997cda9,NOT_STARTED,NOT_STARTED,NOT_STARTED,NOT_TESTED,PASS,canonical_and_compiled_master_match,INVENTORY_PENDING,01_scope_inventory.csv#archive/exams/original/high/h1/2final/22_효천고_2학기_기말_고1_기출.js|22_효천고_2학기_기말_고1_기출|15,[object Object],INDEX_RECORD_PRESENT,original/high/h1/2final/22_효천고_2학기_기말_고1_기출.js_15,09cdf66ea5fa1e64322b7d0b944e15ac65b7889a81b55d3a32f81856d3153ef0,true,①,IN_SCOPE_FORWARD,,,CLOSED_NO_SHARED_ASSET
archive/exams/original/high/h1/2final/22_효천고_2학기_기말_고1_기출.js|22_효천고_2학기_기말_고1_기출|20,archive/exams/original/high/h1/2final/22_효천고_2학기_기말_고1_기출.js,22_효천고_2학기_기말_고1_기출,20,20,20,2015,수학(하),H15-SB-04,유리함수,4,H15-SB-04-RATIONAL_BASIC,유리함수의 뜻과 계산,category_or_cue_inferred,complete_category,서술형,grid,false,서술형,c3bead6c493475b29e14ae741f46cd77536ea9f21e4b58704a102b86443adf82,4f53cda18c2baa0c0354bb5f9a3ecbe5ed12ab4d8e11ba873c2f11161202b945,13cf04d159e8046ff74a9c555d8a529b2803f3d9119e0caafeb672b298f30cc4,941fe810e3d52ecfffd0610cb945e2da94e5079c55848e4682a1505eb88e823f,,,,,0,LOADED_VM,,NOT_STARTED,NOT_STARTED,NOT_STARTED,SVG_OPTIONAL,SVG_OPTIONAL,,,NONE,NO_PROBLEM_VISUAL,N/A,NONE,NOT_STARTED,,,,NOT_STARTED,NOT_STARTED,NOT_STARTED,NOT_TESTED,PASS,canonical_and_compiled_master_match,INVENTORY_PENDING,01_scope_inventory.csv#archive/exams/original/high/h1/2final/22_효천고_2학기_기말_고1_기출.js|22_효천고_2학기_기말_고1_기출|20,,INDEX_RECORD_PRESENT,original/high/h1/2final/22_효천고_2학기_기말_고1_기출.js_20,09cdf66ea5fa1e64322b7d0b944e15ac65b7889a81b55d3a32f81856d3153ef0,true,"$A=x+16,\quad B=14$",IN_SCOPE_FORWARD,,,CLOSED_NO_SHARED_ASSET
archive/exams/original/high/h1/2final/22_효천고_2학기_기말_고1_기출.js|22_효천고_2학기_기말_고1_기출|22,archive/exams/original/high/h1/2final/22_효천고_2학기_기말_고1_기출.js,22_효천고_2학기_기말_고1_기출,22,22,22,2015,수학(하),H15-SB-04,유리함수,4,H15-SB-04-RATIONAL_BASIC,유리함수의 뜻과 계산,category_or_cue_inferred,complete_category,서술형,grid,false,서술형|그래프,a535bc909b5732ac496aa0c73c666c9fc44bd84a7578f2c88228b13f4d4e2a40,4f53cda18c2baa0c0354bb5f9a3ecbe5ed12ab4d8e11ba873c2f11161202b945,958d9935a9b7f0f7dcfc44a81bc36107b4e48701d99e50bbae8bf493c21871f7,19b915ce9a3ca50a348307b9f5fa18b4aba4a75e241fa07aa92c47df11b7763c,,,assets/images/22_효천고_2학기_기말_고1_기출/q22-solution.svg,bba66d88bb1712553b27275512ab0e54716c259f5b327486d9d5cc9f4efdcb8a,0,LOADED_VM,,NOT_STARTED,NOT_STARTED,NOT_STARTED,SOURCE_REVIEW,SOURCE_REVIEW,GRAPH_OR_FUNCTION_STRUCTURE|COORDINATE_OR_GEOMETRY_STRUCTURE,,SVG,NO_PROBLEM_VISUAL,REVIEW_REQUIRED,SOLUTION_SVG,NOT_STARTED,,,7f68c5e20884db0640b80613ee5f65fb1130ef28d213252fe42fcd00f3f360db,NOT_STARTED,NOT_STARTED,NOT_STARTED,NOT_TESTED,PASS,canonical_and_compiled_master_match,INVENTORY_PENDING,01_scope_inventory.csv#archive/exams/original/high/h1/2final/22_효천고_2학기_기말_고1_기출.js|22_효천고_2학기_기말_고1_기출|22,[object Object],INDEX_RECORD_PRESENT,original/high/h1/2final/22_효천고_2학기_기말_고1_기출.js_22,09cdf66ea5fa1e64322b7d0b944e15ac65b7889a81b55d3a32f81856d3153ef0,true,$3$,IN_SCOPE_FORWARD,,,CLOSED_NO_SHARED_ASSET
archive/exams/original/high/h1/2final/23_강남여고_2학기_기말_고1_기출.js|23_강남여고_2학기_기말_고1_기출|5,archive/exams/original/high/h1/2final/23_강남여고_2학기_기말_고1_기출.js,23_강남여고_2학기_기말_고1_기출,5,5,5,2015,수학(하),H15-SB-04,유리함수,4,H15-SB-04-RATIONAL_GRAPH,유리함수의 그래프,category_or_cue_inferred,complete_category,객관식,grid,false,객관식|유리함수의 그래프|그래프,adad9dc9a2c728bdd0155e57f801ccd16e96e738840d8f48281702b42e761d88,9c3740d4c5e67b437b638e53328371221a0301c5b1c49eead969624e8c281453,d41ea6521f53fb3dfa10cf72e2932f4405d9c999fa422cdc840d25d57e90dd34,9dfebf24dc0ebc76cee0d5b6bba380bfc9875832e88906dd6516c6a024a86493,,,assets/images/23_강남여고_2학기_기말_고1_기출/q05-solution.svg,09877aad64b50dc0eba0b384bc25e9c890d416208c47649dadb5fc85d57eec46,0,LOADED_VM,,NOT_STARTED,NOT_STARTED,NOT_STARTED,SOURCE_REVIEW,SOURCE_REVIEW,GRAPH_OR_FUNCTION_STRUCTURE|COORDINATE_OR_GEOMETRY_STRUCTURE|SET_OR_LOGIC_STRUCTURE|TABLE_OR_MATRIX_STRUCTURE,,SVG,NO_PROBLEM_VISUAL,REVIEW_REQUIRED,SOLUTION_SVG,NOT_STARTED,,,2f93111a0ba565dee45399dec9d7077ca5f9bb3d9e46e45aa9f9d54837716efa,NOT_STARTED,NOT_STARTED,NOT_STARTED,NOT_TESTED,PASS,canonical_and_compiled_master_match,INVENTORY_PENDING,01_scope_inventory.csv#archive/exams/original/high/h1/2final/23_강남여고_2학기_기말_고1_기출.js|23_강남여고_2학기_기말_고1_기출|5,[object Object],INDEX_RECORD_PRESENT,original/high/h1/2final/23_강남여고_2학기_기말_고1_기출.js_5,c017b2952b1779ec00c7d045f1d1e0654b3c1db322fa50bcee894460df0036b7,true,④,IN_SCOPE_FORWARD,,,CLOSED_NO_SHARED_ASSET
archive/exams/original/high/h1/2final/23_강남여고_2학기_기말_고1_기출.js|23_강남여고_2학기_기말_고1_기출|8,archive/exams/original/high/h1/2final/23_강남여고_2학기_기말_고1_기출.js,23_강남여고_2학기_기말_고1_기출,8,8,8,2015,수학(하),H15-SB-04,유리함수,4,H15-SB-04-RATIONAL_BASIC,유리함수의 뜻과 계산,category_or_cue_inferred,complete_category,객관식,grid,false,객관식|비례식의 계산,8dd2f56a46225ad13b38ee5a26ba163d9828a61637e13d702894328b22d3704c,a542e66ad81f031f8f5d3e15cfe9e984acaa339ba072265d7d3ec072665042a9,d41ea6521f53fb3dfa10cf72e2932f4405d9c999fa422cdc840d25d57e90dd34,6e244a3f57eb6f4213edebb9c00278fa0d135e343735a4c773046e02d6538a64,,,,,0,LOADED_VM,,NOT_STARTED,NOT_STARTED,NOT_STARTED,SVG_OPTIONAL,SVG_OPTIONAL,,,NONE,NO_PROBLEM_VISUAL,N/A,NONE,NOT_STARTED,,,,NOT_STARTED,NOT_STARTED,NOT_STARTED,NOT_TESTED,PASS,canonical_and_compiled_master_match,INVENTORY_PENDING,01_scope_inventory.csv#archive/exams/original/high/h1/2final/23_강남여고_2학기_기말_고1_기출.js|23_강남여고_2학기_기말_고1_기출|8,,INDEX_RECORD_PRESENT,original/high/h1/2final/23_강남여고_2학기_기말_고1_기출.js_8,c017b2952b1779ec00c7d045f1d1e0654b3c1db322fa50bcee894460df0036b7,true,④,IN_SCOPE_FORWARD,,,CLOSED_NO_SHARED_ASSET
archive/exams/original/high/h1/2final/23_강남여고_2학기_기말_고1_기출.js|23_강남여고_2학기_기말_고1_기출|20,archive/exams/original/high/h1/2final/23_강남여고_2학기_기말_고1_기출.js,23_강남여고_2학기_기말_고1_기출,20,20,20,2015,수학(하),H15-SB-04,유리함수,4,H15-SB-04-RATIONAL_GRAPH,유리함수의 그래프,category_or_cue_inferred,complete_category,객관식,grid,false,객관식|유리함수의 그래프와 넓이|그래프,3842e5b13b4deaa941b298a8f6d9a64dc40b76c40e7b92feebfdce9da8c63252,33df25322b696566a74a473e6940f30d5f9cef7ece09c5631ef8d9de89413abe,d41ea6521f53fb3dfa10cf72e2932f4405d9c999fa422cdc840d25d57e90dd34,9dde0cc959ebbf981da3252b4bc2aa9df406deeaaf1c5aa823ceb25ff9c1bc65,assets/images/23_강남여고_2학기_기말_고1_기출/q20.png,c25d3191c98931cf974b2cfe7a7c00bd4710805e683ed48ff16892561edc0802,assets/images/23_강남여고_2학기_기말_고1_기출/q20-solution.svg,7f237aa0c8274896b176f7c04193332ab4c88651b9638b237e3e95edb906bb83,0,LOADED_VM,,NOT_STARTED,NOT_STARTED,NOT_STARTED,SOURCE_REVIEW,SOURCE_REVIEW,GRAPH_OR_FUNCTION_STRUCTURE|COORDINATE_OR_GEOMETRY_STRUCTURE|TABLE_OR_MATRIX_STRUCTURE,,SVG,PROBLEM_VISUAL_PRESENT,REVIEW_REQUIRED,SOLUTION_SVG,NOT_STARTED,,,721fbffcf40641618ff300c735a78b4e4def8ff6e6b095f83e75982209ce9746,NOT_STARTED,NOT_STARTED,NOT_STARTED,NOT_TESTED,PASS,canonical_and_compiled_master_match,INVENTORY_PENDING,01_scope_inventory.csv#archive/exams/original/high/h1/2final/23_강남여고_2학기_기말_고1_기출.js|23_강남여고_2학기_기말_고1_기출|20,[object Object]|[object Object],INDEX_RECORD_PRESENT,original/high/h1/2final/23_강남여고_2학기_기말_고1_기출.js_20,c017b2952b1779ec00c7d045f1d1e0654b3c1db322fa50bcee894460df0036b7,true,④,IN_SCOPE_FORWARD,,,CLOSED_NO_SHARED_ASSET
archive/exams/original/high/h1/2final/23_금당고_2학기_기말_고1_기출.js|23_금당고_2학기_기말_고1_기출|6,archive/exams/original/high/h1/2final/23_금당고_2학기_기말_고1_기출.js,23_금당고_2학기_기말_고1_기출,6,6,6,2015,수학(하),H15-SB-04,유리함수,4,H15-SB-04-RATIONAL_BASIC,유리함수의 뜻과 계산,category_or_cue_inferred,complete_category,객관식,grid,false,객관식|유리함수|유리식|계산,76542bc484a01a047839092f2df2c7c69b25d2d2eff5db44596ab1de4717812e,5757ea4d0d00dbc0e91198b6ce13c33b07f5eb9dae8a70bb02824a24849b7fbb,0bdef091c479702584f065d3a3714f8a76f851b3f0cf10912f345a5dd930b0a8,4ad336de8ce862b5301b6681c9a463826e74f54cab554407d86c2c7bd46fb384,,,,,0,LOADED_VM,,NOT_STARTED,NOT_STARTED,NOT_STARTED,SVG_OPTIONAL,SVG_OPTIONAL,,,NONE,NO_PROBLEM_VISUAL,N/A,NONE,NOT_STARTED,,,,NOT_STARTED,NOT_STARTED,NOT_STARTED,NOT_TESTED,PASS,canonical_and_compiled_master_match,INVENTORY_PENDING,01_scope_inventory.csv#archive/exams/original/high/h1/2final/23_금당고_2학기_기말_고1_기출.js|23_금당고_2학기_기말_고1_기출|6,,INDEX_RECORD_PRESENT,original/high/h1/2final/23_금당고_2학기_기말_고1_기출.js_6,991d08f11ac214c148bdd823ffcea8531cf921fd38959220008b0befdd2ec5d0,true,⑤,IN_SCOPE_FORWARD,,,CLOSED_NO_SHARED_ASSET
archive/exams/original/high/h1/2final/23_금당고_2학기_기말_고1_기출.js|23_금당고_2학기_기말_고1_기출|7,archive/exams/original/high/h1/2final/23_금당고_2학기_기말_고1_기출.js,23_금당고_2학기_기말_고1_기출,7,7,7,2015,수학(하),H15-SB-04,유리함수,4,H15-SB-04-RATIONAL_GRAPH,유리함수의 그래프,rule_inferred,complete_rule,객관식,grid,false,객관식|유리함수|그래프|점근선|대칭,03ad039f31882a1859220f7abc92db88ac99481b3d29ca3dc9de2333f8c1a08f,3675d6a76d44b772eff777881a47b3f051e422fb1e4f7ea568c24163f57fe69f,0bdef091c479702584f065d3a3714f8a76f851b3f0cf10912f345a5dd930b0a8,93cdebb1218a0710f9d151914a120e00c44cd51591ad9f093da98d318f11af4d,,,assets/images/23_금당고_2학기_기말_고1_기출/q07-solution.svg,605ed2fa36c243940200955ee550f7655bc4a0674a13436011794930ab0b5bb0,0,LOADED_VM,,NOT_STARTED,NOT_STARTED,NOT_STARTED,SOURCE_REVIEW,SOURCE_REVIEW,GRAPH_OR_FUNCTION_STRUCTURE|COORDINATE_OR_GEOMETRY_STRUCTURE,,SVG,NO_PROBLEM_VISUAL,REVIEW_REQUIRED,SOLUTION_SVG,NOT_STARTED,,,47389c4d245768577d713bda047d176accb2c766dd4b14ae959c71a75401f2ad,NOT_STARTED,NOT_STARTED,NOT_STARTED,NOT_TESTED,PASS,canonical_and_compiled_master_match,INVENTORY_PENDING,01_scope_inventory.csv#archive/exams/original/high/h1/2final/23_금당고_2학기_기말_고1_기출.js|23_금당고_2학기_기말_고1_기출|7,[object Object],INDEX_RECORD_PRESENT,original/high/h1/2final/23_금당고_2학기_기말_고1_기출.js_7,991d08f11ac214c148bdd823ffcea8531cf921fd38959220008b0befdd2ec5d0,true,⑤,IN_SCOPE_FORWARD,,,CLOSED_NO_SHARED_ASSET
archive/exams/original/high/h1/2final/23_금당고_2학기_기말_고1_기출.js|23_금당고_2학기_기말_고1_기출|11,archive/exams/original/high/h1/2final/23_금당고_2학기_기말_고1_기출.js,23_금당고_2학기_기말_고1_기출,11,11,11,2015,수학(하),H15-SB-04,유리함수,4,H15-SB-04-RATIONAL_GRAPH,유리함수의 그래프,category_or_cue_inferred,complete_category,객관식,grid,false,객관식|유리함수|점근선|최댓값|그래프,6d85a576b72c4f403adad6176327e0502aa846d2a828d5ed694ee7545e93c152,4797efbe33d26b2b6096f6faf21603e36d022cc4fd1ce3af01c118a41735d2e9,b15be6cb71072b84f7e1e198ce023fc5bb8b1e625335904ddcf3cffcd8b7312b,690ae9e9f7c5cc23fc7e27e0bd680be69742822b5b5b73e997f455a058c4c068,,,assets/images/23_금당고_2학기_기말_고1_기출/q11-solution.svg,c6394f57ba8f61f81b3f4015df195df8ba23211163f4bad3e882f681333b33aa,0,LOADED_VM,,NOT_STARTED,NOT_STARTED,NOT_STARTED,SOURCE_REVIEW,SOURCE_REVIEW,GRAPH_OR_FUNCTION_STRUCTURE|COORDINATE_OR_GEOMETRY_STRUCTURE,,SVG,NO_PROBLEM_VISUAL,REVIEW_REQUIRED,SOLUTION_SVG,NOT_STARTED,,,f8fd704cbe80727ca8df4f80cced4273de9c77c45b2fca19bc57b563bdbf85ce,NOT_STARTED,NOT_STARTED,NOT_STARTED,NOT_TESTED,PASS,canonical_and_compiled_master_match,INVENTORY_PENDING,01_scope_inventory.csv#archive/exams/original/high/h1/2final/23_금당고_2학기_기말_고1_기출.js|23_금당고_2학기_기말_고1_기출|11,[object Object],INDEX_RECORD_PRESENT,original/high/h1/2final/23_금당고_2학기_기말_고1_기출.js_11,991d08f11ac214c148bdd823ffcea8531cf921fd38959220008b0befdd2ec5d0,true,③,IN_SCOPE_FORWARD,,,CLOSED_NO_SHARED_ASSET
archive/exams/original/high/h1/2final/23_금당고_2학기_기말_고1_기출.js|23_금당고_2학기_기말_고1_기출|14,archive/exams/original/high/h1/2final/23_금당고_2학기_기말_고1_기출.js,23_금당고_2학기_기말_고1_기출,14,14,14,2015,수학(하),H15-SB-04,유리함수,4,H15-SB-04-RATIONAL_BASIC,유리함수의 뜻과 계산,category_or_cue_inferred,complete_category,객관식,grid,false,객관식|유리함수|대칭식|경우분류,50871c1522039a4f0b27ceaf44fe523aa6c4f7a1bc06637ec54de122417fe22c,a3a912ddf3df426c3ba8fd130d0aee82dcc6e5fc113bfd091bec328ec1b2e215,b15be6cb71072b84f7e1e198ce023fc5bb8b1e625335904ddcf3cffcd8b7312b,1972f9770f0289843a324ad1033605c674e5b28c5574c33a2a2345af0df9eaa5,,,,,0,LOADED_VM,,NOT_STARTED,NOT_STARTED,NOT_STARTED,SVG_OPTIONAL,SVG_OPTIONAL,,,NONE,NO_PROBLEM_VISUAL,N/A,NONE,NOT_STARTED,,,,NOT_STARTED,NOT_STARTED,NOT_STARTED,NOT_TESTED,PASS,canonical_and_compiled_master_match,INVENTORY_PENDING,01_scope_inventory.csv#archive/exams/original/high/h1/2final/23_금당고_2학기_기말_고1_기출.js|23_금당고_2학기_기말_고1_기출|14,,INDEX_RECORD_PRESENT,original/high/h1/2final/23_금당고_2학기_기말_고1_기출.js_14,991d08f11ac214c148bdd823ffcea8531cf921fd38959220008b0befdd2ec5d0,true,③,IN_SCOPE_FORWARD,,,CLOSED_NO_SHARED_ASSET
archive/exams/original/high/h1/2final/23_매산여고_2학기_기말_고1_기출.js|23_매산여고_2학기_기말_고1_기출|5,archive/exams/original/high/h1/2final/23_매산여고_2학기_기말_고1_기출.js,23_매산여고_2학기_기말_고1_기출,5,5,5,2015,수학(하),H15-SB-04,유리함수,4,H15-SB-04-RATIONAL_BASIC,유리함수의 뜻과 계산,category_or_cue_inferred,complete_category,객관식,grid,false,객관식|유리식의 계산,6fa0a849ae1d37907e483637eb2b55de26c4921c020768c06d2a0de4c2658273,ed233e6b3aa03a196b12af07c7480441d6dcd22ab1a662436cea92a9e64fb60c,0bdef091c479702584f065d3a3714f8a76f851b3f0cf10912f345a5dd930b0a8,bd30ec0b376e4e52f67ec3f76ac93abed489ba089287414171f44cb6983fc495,,,,,0,LOADED_VM,,NOT_STARTED,NOT_STARTED,NOT_STARTED,SVG_OPTIONAL,SVG_OPTIONAL,,,NONE,NO_PROBLEM_VISUAL,N/A,NONE,NOT_STARTED,,,,NOT_STARTED,NOT_STARTED,NOT_STARTED,NOT_TESTED,PASS,canonical_and_compiled_master_match,INVENTORY_PENDING,01_scope_inventory.csv#archive/exams/original/high/h1/2final/23_매산여고_2학기_기말_고1_기출.js|23_매산여고_2학기_기말_고1_기출|5,,INDEX_RECORD_PRESENT,original/high/h1/2final/23_매산여고_2학기_기말_고1_기출.js_5,ca962e8d0d319b8cf4aaf5297761c09e308274fd3439e132e5e104e60e477d6f,true,⑤,IN_SCOPE_FORWARD,,,CLOSED_NO_SHARED_ASSET
archive/exams/original/high/h1/2final/23_매산여고_2학기_기말_고1_기출.js|23_매산여고_2학기_기말_고1_기출|6,archive/exams/original/high/h1/2final/23_매산여고_2학기_기말_고1_기출.js,23_매산여고_2학기_기말_고1_기출,6,6,6,2015,수학(하),H15-SB-04,유리함수,4,H15-SB-04-RATIONAL_GRAPH,유리함수의 그래프,category_or_cue_inferred,complete_category,객관식,grid,false,객관식|유리함수의 점근선과 역함수,f23d329576245167995e825069fba63430aa466b70b421a6bda9219fb870b9ff,5d27ce65f42ee52efe6b6a703f5c0c4f56adc21628350872c63b8fd374898927,973d2fd2f97e26a666f403b12da6d87e527985b36bcf4ff0a47c7e7e8c36321a,a23eaa5c11c0dfc4fb6377e34b34d3c0170c764f2ba1f23a054f84daa513fa35,,,,,0,LOADED_VM,,NOT_STARTED,NOT_STARTED,NOT_STARTED,SVG_REQUIRED_MISSING,SVG_REQUIRED_MISSING,GRAPH_OR_FUNCTION_STRUCTURE|COORDINATE_OR_GEOMETRY_STRUCTURE,,GRAPH_CANDIDATE,NO_PROBLEM_VISUAL,REVIEW_REQUIRED,NONE,NOT_STARTED,,,,NOT_STARTED,NOT_STARTED,NOT_STARTED,NOT_TESTED,PASS,canonical_and_compiled_master_match,INVENTORY_PENDING,01_scope_inventory.csv#archive/exams/original/high/h1/2final/23_매산여고_2학기_기말_고1_기출.js|23_매산여고_2학기_기말_고1_기출|6,,INDEX_RECORD_PRESENT,original/high/h1/2final/23_매산여고_2학기_기말_고1_기출.js_6,ca962e8d0d319b8cf4aaf5297761c09e308274fd3439e132e5e104e60e477d6f,true,①,IN_SCOPE_FORWARD,,,CLOSED_NO_SHARED_ASSET
archive/exams/original/high/h1/2final/23_매산여고_2학기_기말_고1_기출.js|23_매산여고_2학기_기말_고1_기출|7,archive/exams/original/high/h1/2final/23_매산여고_2학기_기말_고1_기출.js,23_매산여고_2학기_기말_고1_기출,7,7,7,2015,수학(하),H15-SB-04,유리함수,4,H15-SB-04-RATIONAL_BASIC,유리함수의 뜻과 계산,category_or_cue_inferred,complete_category,객관식,grid,false,객관식|유리함수의 그래프,9a8f10665137a1cf9e9ed8eb3d0318e0b482748d40d12676382131e49fd1a3ae,ff782081a4cc25de5ebd8fdb3b10e93e0a2a8b181fb4cabb15c6d4c8f83c7224,dfde05a3668030e99ca64d8d4ae5f6b64c7a87cee61c0ba43904b92ef210191d,416b4f0ee96dfb6e023595d55e851caadf66a54257846a5cb59b25370f95d27e,,,,,0,LOADED_VM,,NOT_STARTED,NOT_STARTED,NOT_STARTED,SVG_REQUIRED_MISSING,SVG_REQUIRED_MISSING,GRAPH_OR_FUNCTION_STRUCTURE|COORDINATE_OR_GEOMETRY_STRUCTURE|TABLE_OR_MATRIX_STRUCTURE,,GRAPH_CANDIDATE,NO_PROBLEM_VISUAL,REVIEW_REQUIRED,NONE,NOT_STARTED,,,,NOT_STARTED,NOT_STARTED,NOT_STARTED,NOT_TESTED,PASS,canonical_and_compiled_master_match,INVENTORY_PENDING,01_scope_inventory.csv#archive/exams/original/high/h1/2final/23_매산여고_2학기_기말_고1_기출.js|23_매산여고_2학기_기말_고1_기출|7,,INDEX_RECORD_PRESENT,original/high/h1/2final/23_매산여고_2학기_기말_고1_기출.js_7,ca962e8d0d319b8cf4aaf5297761c09e308274fd3439e132e5e104e60e477d6f,true,②,IN_SCOPE_FORWARD,,,CLOSED_NO_SHARED_ASSET
archive/exams/original/high/h1/2final/24_강남여고_2학기_기말_고1_기출.js|24_강남여고_2학기_기말_고1_기출|1,archive/exams/original/high/h1/2final/24_강남여고_2학기_기말_고1_기출.js,24_강남여고_2학기_기말_고1_기출,1,1,1,2015,수학(하),H15-SB-04,유리함수,4,H15-SB-04-RATIONAL_BASIC,유리함수의 뜻과 계산,category_or_cue_inferred,complete_category,객관식,grid,false,객관식,2b0ec1dbbae71fbefc0a7ca9e3776a81645c20b05f6a049589dbd53f56362f6e,d6d0560dab6e1853886102d796592043b3411d3c0305866f447925b44599da98,0bdef091c479702584f065d3a3714f8a76f851b3f0cf10912f345a5dd930b0a8,1a6cdf05f6be2940ed3190ba4d2c02d11addc3429105e3d2c8f797c13d439922,,,,,0,LOADED_VM,,NOT_STARTED,NOT_STARTED,NOT_STARTED,SVG_OPTIONAL,SVG_OPTIONAL,,,NONE,NO_PROBLEM_VISUAL,N/A,NONE,NOT_STARTED,,,,NOT_STARTED,NOT_STARTED,NOT_STARTED,NOT_TESTED,PASS,canonical_and_compiled_master_match,INVENTORY_PENDING,01_scope_inventory.csv#archive/exams/original/high/h1/2final/24_강남여고_2학기_기말_고1_기출.js|24_강남여고_2학기_기말_고1_기출|1,,INDEX_RECORD_PRESENT,original/high/h1/2final/24_강남여고_2학기_기말_고1_기출.js_1,d1072f18066fd739eb2a37b8d28ecedd2a223baf59736c1d96d47894a279b09c,true,⑤,IN_SCOPE_FORWARD,,,CLOSED_NO_SHARED_ASSET
archive/exams/original/high/h1/2final/24_강남여고_2학기_기말_고1_기출.js|24_강남여고_2학기_기말_고1_기출|5,archive/exams/original/high/h1/2final/24_강남여고_2학기_기말_고1_기출.js,24_강남여고_2학기_기말_고1_기출,5,5,5,2015,수학(하),H15-SB-04,유리함수,4,H15-SB-04-RATIONAL_BASIC,유리함수의 뜻과 계산,category_or_cue_inferred,complete_category,객관식,grid,false,객관식,0a14de6a1d720a2dd84a5c998d0a9f05163014071a6f97c6cdf7e298b1393845,f946db1ce72ba039adecdc84c4175585ff878293ac49a8def26879639b255a62,973d2fd2f97e26a666f403b12da6d87e527985b36bcf4ff0a47c7e7e8c36321a,569b8081bfadc9d7727850883808d28b500fcc14310ee63ec47d2da7d2627a34,,,,,0,LOADED_VM,,NOT_STARTED,NOT_STARTED,NOT_STARTED,SVG_REQUIRED_MISSING,SVG_REQUIRED_MISSING,GRAPH_OR_FUNCTION_STRUCTURE|COORDINATE_OR_GEOMETRY_STRUCTURE,,GRAPH_CANDIDATE,NO_PROBLEM_VISUAL,REVIEW_REQUIRED,NONE,NOT_STARTED,,,,NOT_STARTED,NOT_STARTED,NOT_STARTED,NOT_TESTED,PASS,canonical_and_compiled_master_match,INVENTORY_PENDING,01_scope_inventory.csv#archive/exams/original/high/h1/2final/24_강남여고_2학기_기말_고1_기출.js|24_강남여고_2학기_기말_고1_기출|5,,INDEX_RECORD_PRESENT,original/high/h1/2final/24_강남여고_2학기_기말_고1_기출.js_5,d1072f18066fd739eb2a37b8d28ecedd2a223baf59736c1d96d47894a279b09c,true,①,IN_SCOPE_FORWARD,,,CLOSED_NO_SHARED_ASSET
archive/exams/original/high/h1/2final/24_강남여고_2학기_기말_고1_기출.js|24_강남여고_2학기_기말_고1_기출|9,archive/exams/original/high/h1/2final/24_강남여고_2학기_기말_고1_기출.js,24_강남여고_2학기_기말_고1_기출,9,9,9,2015,수학(하),H15-SB-04,유리함수,4,H15-SB-04-RATIONAL_GRAPH,유리함수의 그래프,category_or_cue_inferred,complete_category,객관식,grid,false,객관식|그래프,3af5c88f956399e6af2feedf306b315f201cc199afeed3071c996afdadd09ccd,c63a99e99b4d1966102d59e15edb2ee6218ea5f54e943e480438e7cf6dbc3922,dfde05a3668030e99ca64d8d4ae5f6b64c7a87cee61c0ba43904b92ef210191d,7e3055a7f5995374c94a847306df49d065e60cb229e815f9fc707a9ee5f4d5ae,assets/images/24_강남여고_2학기_기말_고1_기출/q9.png,fe3f511a3428007f8b8fe618b702c477a6055a90e7530d59b599777cef553950,,,0,LOADED_VM,,NOT_STARTED,NOT_STARTED,NOT_STARTED,SVG_REQUIRED_MISSING,SVG_REQUIRED_MISSING,GRAPH_OR_FUNCTION_STRUCTURE|COORDINATE_OR_GEOMETRY_STRUCTURE,,GRAPH_CANDIDATE,PROBLEM_VISUAL_PRESENT,REVIEW_REQUIRED,NONE,NOT_STARTED,,,,NOT_STARTED,NOT_STARTED,NOT_STARTED,NOT_TESTED,PASS,canonical_and_compiled_master_match,INVENTORY_PENDING,01_scope_inventory.csv#archive/exams/original/high/h1/2final/24_강남여고_2학기_기말_고1_기출.js|24_강남여고_2학기_기말_고1_기출|9,[object Object],INDEX_RECORD_PRESENT,original/high/h1/2final/24_강남여고_2학기_기말_고1_기출.js_9,d1072f18066fd739eb2a37b8d28ecedd2a223baf59736c1d96d47894a279b09c,true,②,IN_SCOPE_FORWARD,,,CLOSED_NO_SHARED_ASSET
archive/exams/original/high/h1/2final/24_강남여고_2학기_기말_고1_기출.js|24_강남여고_2학기_기말_고1_기출|21,archive/exams/original/high/h1/2final/24_강남여고_2학기_기말_고1_기출.js,24_강남여고_2학기_기말_고1_기출,21,21,21,2015,수학(하),H15-SB-04,유리함수,4,H15-SB-04-RATIONAL_BASIC,유리함수의 뜻과 계산,category_or_cue_inferred,complete_category,서술형,grid,false,서술형,166654a6097b3571d2588e92fb56c698026b8c4d5ae76fdad6cc7150ffd055a5,4f53cda18c2baa0c0354bb5f9a3ecbe5ed12ab4d8e11ba873c2f11161202b945,b3782ed1fb6fb2604e9d19dbb3a8740f50e987e9987ed3bfec5718527122fdea,2d5b885c58df69d7f9667a7d0e0ba161b439c3486e1364c741195c9c7d5f2f6d,,,,,0,LOADED_VM,,NOT_STARTED,NOT_STARTED,NOT_STARTED,SVG_OPTIONAL,SVG_OPTIONAL,,,NONE,NO_PROBLEM_VISUAL,N/A,NONE,NOT_STARTED,,,,NOT_STARTED,NOT_STARTED,NOT_STARTED,NOT_TESTED,PASS,canonical_and_compiled_master_match,INVENTORY_PENDING,01_scope_inventory.csv#archive/exams/original/high/h1/2final/24_강남여고_2학기_기말_고1_기출.js|24_강남여고_2학기_기말_고1_기출|21,,INDEX_RECORD_PRESENT,original/high/h1/2final/24_강남여고_2학기_기말_고1_기출.js_21,d1072f18066fd739eb2a37b8d28ecedd2a223baf59736c1d96d47894a279b09c,true,$7$,IN_SCOPE_FORWARD,,,CLOSED_NO_SHARED_ASSET
archive/exams/original/high/h1/2final/24_금당고_2학기_기말_고1_기출.js|24_금당고_2학기_기말_고1_기출|2,archive/exams/original/high/h1/2final/24_금당고_2학기_기말_고1_기출.js,24_금당고_2학기_기말_고1_기출,2,2,2,2015,수학(하),H15-SB-04,유리함수,4,H15-SB-04-RATIONAL_BASIC,유리함수의 뜻과 계산,category_or_cue_inferred,complete_category,객관식,grid,false,,e1b36c607b065bd33b3bb0128c4d50aeaf98c63ee6f7c5a4edb8aa217b689a4c,b93c2445efb901a417df31a79d3c9407bb6f878c2e3c109f7643d977363d64a9,973d2fd2f97e26a666f403b12da6d87e527985b36bcf4ff0a47c7e7e8c36321a,b07523a656ecc38e154863e41df69d894cafa9b2e011b2c4738b844b87bd3878,,,,,0,LOADED_VM,,NOT_STARTED,NOT_STARTED,NOT_STARTED,SVG_OPTIONAL,SVG_OPTIONAL,,,NONE,NO_PROBLEM_VISUAL,N/A,NONE,NOT_STARTED,,,,NOT_STARTED,NOT_STARTED,NOT_STARTED,NOT_TESTED,PASS,canonical_and_compiled_master_match,INVENTORY_PENDING,01_scope_inventory.csv#archive/exams/original/high/h1/2final/24_금당고_2학기_기말_고1_기출.js|24_금당고_2학기_기말_고1_기출|2,,INDEX_RECORD_PRESENT,original/high/h1/2final/24_금당고_2학기_기말_고1_기출.js_2,f25c46825db08b7a56bf2beeca4ec1f4aadd38f8a8fe2eaf8d2386dfd0d128cb,true,①,IN_SCOPE_FORWARD,,,CLOSED_NO_SHARED_ASSET
archive/exams/original/high/h1/2final/24_금당고_2학기_기말_고1_기출.js|24_금당고_2학기_기말_고1_기출|3,archive/exams/original/high/h1/2final/24_금당고_2학기_기말_고1_기출.js,24_금당고_2학기_기말_고1_기출,3,3,3,2015,수학(하),H15-SB-04,유리함수,4,H15-SB-04-RATIONAL_GRAPH,유리함수의 그래프,category_or_cue_inferred,complete_category,객관식,grid,false,그래프,e8f3578cae15bacfe86f4a234e4b43a0c26c3d6a8a066023d80a6b4347501f2a,ff782081a4cc25de5ebd8fdb3b10e93e0a2a8b181fb4cabb15c6d4c8f83c7224,d41ea6521f53fb3dfa10cf72e2932f4405d9c999fa422cdc840d25d57e90dd34,4a194b52b6375491baa0dd0d78d8eb0bbf019ea9f7cb5576fbbe9517cc730040,,,assets/images/24_금당고_2학기_기말_고1_기출/q03-solution.svg,5e0b5acca8a80904877d49043664e4b4ef73581ba2f3b1ab90ecbdf8db89ea8f,0,LOADED_VM,,NOT_STARTED,NOT_STARTED,NOT_STARTED,SOURCE_REVIEW,SOURCE_REVIEW,GRAPH_OR_FUNCTION_STRUCTURE|COORDINATE_OR_GEOMETRY_STRUCTURE,,SVG,NO_PROBLEM_VISUAL,REVIEW_REQUIRED,SOLUTION_SVG,NOT_STARTED,,,56a10f7f3ba6b014fbfe39819142736e4a9fe24ab3115dcdb8bc2dc93a4dbffb,NOT_STARTED,NOT_STARTED,NOT_STARTED,NOT_TESTED,PASS,canonical_and_compiled_master_match,INVENTORY_PENDING,01_scope_inventory.csv#archive/exams/original/high/h1/2final/24_금당고_2학기_기말_고1_기출.js|24_금당고_2학기_기말_고1_기출|3,[object Object],INDEX_RECORD_PRESENT,original/high/h1/2final/24_금당고_2학기_기말_고1_기출.js_3,f25c46825db08b7a56bf2beeca4ec1f4aadd38f8a8fe2eaf8d2386dfd0d128cb,true,④,IN_SCOPE_FORWARD,,,CLOSED_NO_SHARED_ASSET
archive/exams/original/high/h1/2final/24_금당고_2학기_기말_고1_기출.js|24_금당고_2학기_기말_고1_기출|8,archive/exams/original/high/h1/2final/24_금당고_2학기_기말_고1_기출.js,24_금당고_2학기_기말_고1_기출,8,8,8,2015,수학(하),H15-SB-04,유리함수,4,H15-SB-04-RATIONAL_APPLICATION,유리함수의 활용,category_or_cue_inferred,complete_category,객관식,grid,false,그래프,ccc469989482f82065049fcb560f421cbfa3539ed58456a9dd214bb0c8cf7fe9,dbf59e55a22fe7bbd0ecde51a7649deefa46e969d0a0c08c77d9f143dde306ab,0bdef091c479702584f065d3a3714f8a76f851b3f0cf10912f345a5dd930b0a8,00bcb21234311f9f6089426b3a727e346d96b3a3b404af466697f2d1a700cb46,,,,,0,LOADED_VM,,NOT_STARTED,NOT_STARTED,NOT_STARTED,SVG_REQUIRED_MISSING,SVG_REQUIRED_MISSING,GRAPH_OR_FUNCTION_STRUCTURE|COORDINATE_OR_GEOMETRY_STRUCTURE,,GRAPH_CANDIDATE,NO_PROBLEM_VISUAL,REVIEW_REQUIRED,NONE,NOT_STARTED,,,,NOT_STARTED,NOT_STARTED,NOT_STARTED,NOT_TESTED,PASS,canonical_and_compiled_master_match,INVENTORY_PENDING,01_scope_inventory.csv#archive/exams/original/high/h1/2final/24_금당고_2학기_기말_고1_기출.js|24_금당고_2학기_기말_고1_기출|8,,INDEX_RECORD_PRESENT,original/high/h1/2final/24_금당고_2학기_기말_고1_기출.js_8,f25c46825db08b7a56bf2beeca4ec1f4aadd38f8a8fe2eaf8d2386dfd0d128cb,true,⑤,IN_SCOPE_FORWARD,,,CLOSED_NO_SHARED_ASSET
archive/exams/original/high/h1/2final/24_금당고_2학기_기말_고1_기출.js|24_금당고_2학기_기말_고1_기출|15,archive/exams/original/high/h1/2final/24_금당고_2학기_기말_고1_기출.js,24_금당고_2학기_기말_고1_기출,15,15,15,2015,수학(하),H15-SB-04,유리함수,4,H15-SB-04-RATIONAL_GRAPH,유리함수의 그래프,category_or_cue_inferred,complete_category,객관식,grid,false,도형|그래프,ca6d865efd2350b8f72a510b93a783660ff6d19e5f992d0c1733936112f282f9,a5016ca7bc41268e1a6d7d1e4cc4c341ab38f46fe9831a5763f072196ac19c1c,b15be6cb71072b84f7e1e198ce023fc5bb8b1e625335904ddcf3cffcd8b7312b,9b02580a3721a16a354a633fa945dd4496c0344293b60e878beb6de9a2b2d852,assets/images/24_금당고_2학기_기말_고1_기출/q15.png,0faaed97573ba34d68c8a5f6028c88356d6e8e709e49d0a1400c8bd686f880cb,,,0,LOADED_VM,,NOT_STARTED,NOT_STARTED,NOT_STARTED,SVG_REQUIRED_MISSING,SVG_REQUIRED_MISSING,GRAPH_OR_FUNCTION_STRUCTURE|COORDINATE_OR_GEOMETRY_STRUCTURE,,GRAPH_CANDIDATE,PROBLEM_VISUAL_PRESENT,REVIEW_REQUIRED,NONE,NOT_STARTED,,,,NOT_STARTED,NOT_STARTED,NOT_STARTED,NOT_TESTED,PASS,canonical_and_compiled_master_match,INVENTORY_PENDING,01_scope_inventory.csv#archive/exams/original/high/h1/2final/24_금당고_2학기_기말_고1_기출.js|24_금당고_2학기_기말_고1_기출|15,[object Object],INDEX_RECORD_PRESENT,original/high/h1/2final/24_금당고_2학기_기말_고1_기출.js_15,f25c46825db08b7a56bf2beeca4ec1f4aadd38f8a8fe2eaf8d2386dfd0d128cb,true,③,IN_SCOPE_FORWARD,,,CLOSED_NO_SHARED_ASSET
archive/exams/original/high/h1/2final/24_금당고_2학기_기말_고1_기출.js|24_금당고_2학기_기말_고1_기출|16,archive/exams/original/high/h1/2final/24_금당고_2학기_기말_고1_기출.js,24_금당고_2학기_기말_고1_기출,16,16,16,2015,수학(하),H15-SB-04,유리함수,4,H15-SB-04-RATIONAL_GRAPH,유리함수의 그래프,category_or_cue_inferred,complete_category,객관식,grid,false,그래프,0f2350af8e2f1bac1ffa85498492e8958b20d49d9a22bb3fe6c768cec8f62ab5,954622c995112b7a2ff2bad4e6046a2d471e79ea15d99d53bda4454e19e315ec,0bdef091c479702584f065d3a3714f8a76f851b3f0cf10912f345a5dd930b0a8,8c939346447f226ef99905a7bb71907eee57d1020eba15ccb8df2a5dc80b0bba,,,assets/images/24_금당고_2학기_기말_고1_기출/q16-solution.svg,86c0ceba192269165023de71721a0c574c991541e496c61ce7e8305c0f7eaa70,0,LOADED_VM,,NOT_STARTED,NOT_STARTED,NOT_STARTED,SOURCE_REVIEW,SOURCE_REVIEW,GRAPH_OR_FUNCTION_STRUCTURE|COORDINATE_OR_GEOMETRY_STRUCTURE|TABLE_OR_MATRIX_STRUCTURE,,SVG,NO_PROBLEM_VISUAL,REVIEW_REQUIRED,SOLUTION_SVG,NOT_STARTED,,,3c631190c70d8ad52267d1897da7c26f3079849c6f19b596fcdea7e571e7b6d4,NOT_STARTED,NOT_STARTED,NOT_STARTED,NOT_TESTED,PASS,canonical_and_compiled_master_match,INVENTORY_PENDING,01_scope_inventory.csv#archive/exams/original/high/h1/2final/24_금당고_2학기_기말_고1_기출.js|24_금당고_2학기_기말_고1_기출|16,[object Object],INDEX_RECORD_PRESENT,original/high/h1/2final/24_금당고_2학기_기말_고1_기출.js_16,f25c46825db08b7a56bf2beeca4ec1f4aadd38f8a8fe2eaf8d2386dfd0d128cb,true,⑤,IN_SCOPE_FORWARD,,,CLOSED_NO_SHARED_ASSET
archive/exams/original/high/h1/2final/24_금당고_2학기_기말_고1_기출.js|24_금당고_2학기_기말_고1_기출|21,archive/exams/original/high/h1/2final/24_금당고_2학기_기말_고1_기출.js,24_금당고_2학기_기말_고1_기출,21,21,21,2015,수학(하),H15-SB-04,유리함수,4,H15-SB-04-RATIONAL_GRAPH,유리함수의 그래프,category_or_cue_inferred,complete_category,서술형,grid,false,서술형|도형|그래프,6bacf25b2d2f1aee34b7125bfe709e54e592550afcaeba12b328778db698d151,4f53cda18c2baa0c0354bb5f9a3ecbe5ed12ab4d8e11ba873c2f11161202b945,927f5e52d420a94e06fef49b072bd6c56761291d7c5e8943d34e75d6bbc9812f,b8fece0034c4304935709831a3b408d8519d4596d7451617ffa7f93db2ba67f8,,,,,0,LOADED_VM,,NOT_STARTED,NOT_STARTED,NOT_STARTED,SVG_REQUIRED_MISSING,SVG_REQUIRED_MISSING,GRAPH_OR_FUNCTION_STRUCTURE|COORDINATE_OR_GEOMETRY_STRUCTURE|TABLE_OR_MATRIX_STRUCTURE,,GRAPH_CANDIDATE,NO_PROBLEM_VISUAL,REVIEW_REQUIRED,NONE,NOT_STARTED,,,,NOT_STARTED,NOT_STARTED,NOT_STARTED,NOT_TESTED,PASS,canonical_and_compiled_master_match,INVENTORY_PENDING,01_scope_inventory.csv#archive/exams/original/high/h1/2final/24_금당고_2학기_기말_고1_기출.js|24_금당고_2학기_기말_고1_기출|21,,INDEX_RECORD_PRESENT,original/high/h1/2final/24_금당고_2학기_기말_고1_기출.js_21,f25c46825db08b7a56bf2beeca4ec1f4aadd38f8a8fe2eaf8d2386dfd0d128cb,true,$9$,IN_SCOPE_FORWARD,,,CLOSED_NO_SHARED_ASSET
archive/exams/original/high/h1/2final/24_매산여고_2학기_기말_고1_기출.js|24_매산여고_2학기_기말_고1_기출|3,archive/exams/original/high/h1/2final/24_매산여고_2학기_기말_고1_기출.js,24_매산여고_2학기_기말_고1_기출,3,3,3,2015,수학(하),H15-SB-04,유리함수,4,H15-SB-04-RATIONAL_GRAPH,유리함수의 그래프,category_or_cue_inferred,complete_category,객관식,grid,false,객관식|그래프,3833467dfe931a84513a7066e279e8079a0dfe0373366e03d8e21d1e8763e5ed,47033b69ef3e934a32371dd68d992e91d31084183390a83867b7c2877c798cbd,d41ea6521f53fb3dfa10cf72e2932f4405d9c999fa422cdc840d25d57e90dd34,d8cc0120ccc1352e5342e12cc420583e4104b4169dece4dd473db0d0ff3ec161,,,assets/images/24_매산여고_2학기_기말_고1_기출/q03-solution.svg,2e389a34b0e0edc5fff6232a85206d2aa0b79bd6c5d1df22640a0d764d607f16,0,LOADED_VM,,NOT_STARTED,NOT_STARTED,NOT_STARTED,SOURCE_REVIEW,SOURCE_REVIEW,GRAPH_OR_FUNCTION_STRUCTURE|COORDINATE_OR_GEOMETRY_STRUCTURE,,SVG,NO_PROBLEM_VISUAL,REVIEW_REQUIRED,SOLUTION_SVG,NOT_STARTED,,,3ffefde5a0ab2e007b8586b271c43d4b9b999a64d9e6814f3c96bba3c80c0789,NOT_STARTED,NOT_STARTED,NOT_STARTED,NOT_TESTED,PASS,canonical_and_compiled_master_match,INVENTORY_PENDING,01_scope_inventory.csv#archive/exams/original/high/h1/2final/24_매산여고_2학기_기말_고1_기출.js|24_매산여고_2학기_기말_고1_기출|3,[object Object],INDEX_RECORD_PRESENT,original/high/h1/2final/24_매산여고_2학기_기말_고1_기출.js_3,af4ac49b8d91e415bf65a572a816bbab8e608a867950e57be821ee5c273d48eb,true,④,IN_SCOPE_FORWARD,,,CLOSED_NO_SHARED_ASSET
archive/exams/original/high/h1/2final/24_매산여고_2학기_기말_고1_기출.js|24_매산여고_2학기_기말_고1_기출|5,archive/exams/original/high/h1/2final/24_매산여고_2학기_기말_고1_기출.js,24_매산여고_2학기_기말_고1_기출,5,5,5,2015,수학(하),H15-SB-04,유리함수,4,H15-SB-04-RATIONAL_GRAPH,유리함수의 그래프,category_or_cue_inferred,complete_category,객관식,grid,false,객관식|그래프,0bc3aa484bd4edd1674296354aadf704b06d0a66996d73a88d2cb57955426e81,c9e28bf924399de7de55b64e067ed71d418a301894508e61f79ac801905faeaa,0bdef091c479702584f065d3a3714f8a76f851b3f0cf10912f345a5dd930b0a8,35bb07c55faae05ccb53c6bb77ed8672494c7d12d6f4e216b4fb93ed8785af2c,,,assets/images/24_매산여고_2학기_기말_고1_기출/q05-solution.svg,7e1f13542cb7deea250c3611793ac4c8a00eab5b62670ecd159a5fa87e7eef4a,0,LOADED_VM,,NOT_STARTED,NOT_STARTED,NOT_STARTED,SOURCE_REVIEW,SOURCE_REVIEW,GRAPH_OR_FUNCTION_STRUCTURE|COORDINATE_OR_GEOMETRY_STRUCTURE,,SVG,NO_PROBLEM_VISUAL,REVIEW_REQUIRED,SOLUTION_SVG,NOT_STARTED,,,8edafddae309043b8e1863d563f591d12d3e9b46bec0babe9cd5f471d9bf630e,NOT_STARTED,NOT_STARTED,NOT_STARTED,NOT_TESTED,PASS,canonical_and_compiled_master_match,INVENTORY_PENDING,01_scope_inventory.csv#archive/exams/original/high/h1/2final/24_매산여고_2학기_기말_고1_기출.js|24_매산여고_2학기_기말_고1_기출|5,[object Object],INDEX_RECORD_PRESENT,original/high/h1/2final/24_매산여고_2학기_기말_고1_기출.js_5,af4ac49b8d91e415bf65a572a816bbab8e608a867950e57be821ee5c273d48eb,true,⑤,IN_SCOPE_FORWARD,,,CLOSED_NO_SHARED_ASSET
archive/exams/original/high/h1/2final/24_매산여고_2학기_기말_고1_기출.js|24_매산여고_2학기_기말_고1_기출|7,archive/exams/original/high/h1/2final/24_매산여고_2학기_기말_고1_기출.js,24_매산여고_2학기_기말_고1_기출,7,7,7,2015,수학(하),H15-SB-04,유리함수,4,H15-SB-04-RATIONAL_GRAPH,유리함수의 그래프,category_or_cue_inferred,complete_category,객관식,grid,false,객관식|그래프,471bd468198ad8271721284ab944f8190d3ae571893afb5450fb68b637e72855,a542e66ad81f031f8f5d3e15cfe9e984acaa339ba072265d7d3ec072665042a9,dfde05a3668030e99ca64d8d4ae5f6b64c7a87cee61c0ba43904b92ef210191d,48f74ceb6ee327e5e13b44997dd389ccac18d76be13e24a2a3c4f7c3e64fb58d,,,assets/images/24_매산여고_2학기_기말_고1_기출/q07-solution.svg,4b163268593a98897c4ff5fb893129d139db8eb6827469dd9bc2538d4cd576f1,0,LOADED_VM,,NOT_STARTED,NOT_STARTED,NOT_STARTED,SOURCE_REVIEW,SOURCE_REVIEW,GRAPH_OR_FUNCTION_STRUCTURE|COORDINATE_OR_GEOMETRY_STRUCTURE,,SVG,NO_PROBLEM_VISUAL,REVIEW_REQUIRED,SOLUTION_SVG,NOT_STARTED,,,c5e43e482478a2d1bb6ac6e25f9200cd9c327092caef207e60fc18c335635415,NOT_STARTED,NOT_STARTED,NOT_STARTED,NOT_TESTED,PASS,canonical_and_compiled_master_match,INVENTORY_PENDING,01_scope_inventory.csv#archive/exams/original/high/h1/2final/24_매산여고_2학기_기말_고1_기출.js|24_매산여고_2학기_기말_고1_기출|7,[object Object],INDEX_RECORD_PRESENT,original/high/h1/2final/24_매산여고_2학기_기말_고1_기출.js_7,af4ac49b8d91e415bf65a572a816bbab8e608a867950e57be821ee5c273d48eb,true,②,IN_SCOPE_FORWARD,,,CLOSED_NO_SHARED_ASSET
archive/exams/original/high/h1/2final/24_매산여고_2학기_기말_고1_기출.js|24_매산여고_2학기_기말_고1_기출|15,archive/exams/original/high/h1/2final/24_매산여고_2학기_기말_고1_기출.js,24_매산여고_2학기_기말_고1_기출,15,15,15,2015,수학(하),H15-SB-04,유리함수,4,H15-SB-04-RATIONAL_GRAPH,유리함수의 그래프,category_or_cue_inferred,complete_category,객관식,grid,false,객관식|그래프,8c610dd300607f0e75a6772843f106e9072fa698c4c4a18c6faef238c8aff2ac,46998760d551f447fb276986e13a59b25e9477bb7670eea32a2798f3516a0cf1,dfde05a3668030e99ca64d8d4ae5f6b64c7a87cee61c0ba43904b92ef210191d,8d109b9b856f2c94fc3b73e7db5931d5bbaa1a438f3f93941e3476b824deafde,assets/images/24_매산여고_2학기_기말_고1_기출/q15.png,1501f7c273fb65b6350393bb684b077e36229b0019f77d194db43a0d1c8d1ff4,,,0,LOADED_VM,,NOT_STARTED,NOT_STARTED,NOT_STARTED,SVG_REQUIRED_MISSING,SVG_REQUIRED_MISSING,GRAPH_OR_FUNCTION_STRUCTURE|COORDINATE_OR_GEOMETRY_STRUCTURE,,GRAPH_CANDIDATE,PROBLEM_VISUAL_PRESENT,REVIEW_REQUIRED,NONE,NOT_STARTED,,,,NOT_STARTED,NOT_STARTED,NOT_STARTED,NOT_TESTED,PASS,canonical_and_compiled_master_match,INVENTORY_PENDING,01_scope_inventory.csv#archive/exams/original/high/h1/2final/24_매산여고_2학기_기말_고1_기출.js|24_매산여고_2학기_기말_고1_기출|15,[object Object],INDEX_RECORD_PRESENT,original/high/h1/2final/24_매산여고_2학기_기말_고1_기출.js_15,af4ac49b8d91e415bf65a572a816bbab8e608a867950e57be821ee5c273d48eb,true,②,IN_SCOPE_FORWARD,,,CLOSED_NO_SHARED_ASSET
archive/exams/original/high/h1/2final/24_매산여고_2학기_기말_고1_기출.js|24_매산여고_2학기_기말_고1_기출|22,archive/exams/original/high/h1/2final/24_매산여고_2학기_기말_고1_기출.js,24_매산여고_2학기_기말_고1_기출,22,22,22,2015,수학(하),H15-SB-04,유리함수,4,H15-SB-04-RATIONAL_GRAPH,유리함수의 그래프,category_or_cue_inferred,complete_category,서술형,grid,false,서술형|그래프,3df59833ac041cd181890d7f357a973b5e0ad4442e88a1feee63d5676b89d52f,4f53cda18c2baa0c0354bb5f9a3ecbe5ed12ab4d8e11ba873c2f11161202b945,19240e12f4b59e1425775cb026aadfed66847494c89c872610b53fe4ead0d1c2,5ec5a949c3a541b7d7e65bad0ae552c16c8726f04fd4c81a9889abff79ba93de,,,assets/images/24_매산여고_2학기_기말_고1_기출/q22-solution.svg,0483f02dd6d8ebbd697d7fcf4e446d2c4455056aee9c2b369207260065f60cd2,0,LOADED_VM,,NOT_STARTED,NOT_STARTED,NOT_STARTED,SOURCE_REVIEW,SOURCE_REVIEW,GRAPH_OR_FUNCTION_STRUCTURE,,SVG,NO_PROBLEM_VISUAL,REVIEW_REQUIRED,SOLUTION_SVG,NOT_STARTED,,,53f271ed59b33c0ae2c96dcb5bab8008be677813a2d66f187c7497c5396f1760,NOT_STARTED,NOT_STARTED,NOT_STARTED,NOT_TESTED,PASS,canonical_and_compiled_master_match,INVENTORY_PENDING,01_scope_inventory.csv#archive/exams/original/high/h1/2final/24_매산여고_2학기_기말_고1_기출.js|24_매산여고_2학기_기말_고1_기출|22,[object Object],INDEX_RECORD_PRESENT,original/high/h1/2final/24_매산여고_2학기_기말_고1_기출.js_22,af4ac49b8d91e415bf65a572a816bbab8e608a867950e57be821ee5c273d48eb,true,"$k=5,6,7,8,9$",IN_SCOPE_FORWARD,,,CLOSED_NO_SHARED_ASSET
archive/exams/original/high/h1/2final/24_제일고_2학기_기말_고1_기출.js|24_제일고_2학기_기말_고1_기출|10,archive/exams/original/high/h1/2final/24_제일고_2학기_기말_고1_기출.js,24_제일고_2학기_기말_고1_기출,10,10,10,2015,수학(하),H15-SB-04,유리함수,4,H15-SB-04-RATIONAL_BASIC,유리함수의 뜻과 계산,category_or_cue_inferred,complete_category,객관식,grid,false,객관식,75852a514b0766b3242cc0f71a0cfbac11bf56ff02a5104c84f7da98d23357f3,9ad4491a02e9a7f576a1ba6cb50252988d97b731331715189393ffa24dee55e0,d41ea6521f53fb3dfa10cf72e2932f4405d9c999fa422cdc840d25d57e90dd34,b60f784da2ed45ab980f8eb5b7efabfed40a8a9262097d6c008dbf83cbe9dd59,,,,,0,LOADED_VM,,NOT_STARTED,NOT_STARTED,NOT_STARTED,SVG_OPTIONAL,SVG_OPTIONAL,,,NONE,NO_PROBLEM_VISUAL,N/A,NONE,NOT_STARTED,,,,NOT_STARTED,NOT_STARTED,NOT_STARTED,NOT_TESTED,PASS,canonical_and_compiled_master_match,INVENTORY_PENDING,01_scope_inventory.csv#archive/exams/original/high/h1/2final/24_제일고_2학기_기말_고1_기출.js|24_제일고_2학기_기말_고1_기출|10,,INDEX_RECORD_PRESENT,original/high/h1/2final/24_제일고_2학기_기말_고1_기출.js_10,b7daf673c4488ecb738723df7abcefb0670107b9c2fa91919cac3a6951cf5abf,true,④,IN_SCOPE_FORWARD,,,CLOSED_NO_SHARED_ASSET
archive/exams/original/high/h1/2final/24_제일고_2학기_기말_고1_기출.js|24_제일고_2학기_기말_고1_기출|11,archive/exams/original/high/h1/2final/24_제일고_2학기_기말_고1_기출.js,24_제일고_2학기_기말_고1_기출,11,11,11,2015,수학(하),H15-SB-04,유리함수,4,H15-SB-04-RATIONAL_GRAPH,유리함수의 그래프,category_or_cue_inferred,complete_category,객관식,grid,false,객관식|그래프,3668c912793e9d3f342eb1efd579574d25c1e4978d788cfd85bc45f6eb311549,45413739141807a14e7d5504a4fed67a13fcbf2762d0752023c75a7274f9e914,973d2fd2f97e26a666f403b12da6d87e527985b36bcf4ff0a47c7e7e8c36321a,9c0b9bcf14aeaafc3a4af188ab0815ee94b18eb724fc5a6b8da72e4357807116,,,assets/images/24_제일고_2학기_기말_고1_기출/q11-solution.svg,7caef505c0d0448d440b219654ccae08ca4fc1b584d21b9df1bdeee79013e327,0,LOADED_VM,,NOT_STARTED,NOT_STARTED,NOT_STARTED,SOURCE_REVIEW,SOURCE_REVIEW,GRAPH_OR_FUNCTION_STRUCTURE|COORDINATE_OR_GEOMETRY_STRUCTURE,,SVG,NO_PROBLEM_VISUAL,REVIEW_REQUIRED,SOLUTION_SVG,NOT_STARTED,,,b25473564971b6ec89a983183cd18b667607fc947c5bc53f8c69bfc0b9039058,NOT_STARTED,NOT_STARTED,NOT_STARTED,NOT_TESTED,PASS,canonical_and_compiled_master_match,INVENTORY_PENDING,01_scope_inventory.csv#archive/exams/original/high/h1/2final/24_제일고_2학기_기말_고1_기출.js|24_제일고_2학기_기말_고1_기출|11,[object Object],INDEX_RECORD_PRESENT,original/high/h1/2final/24_제일고_2학기_기말_고1_기출.js_11,b7daf673c4488ecb738723df7abcefb0670107b9c2fa91919cac3a6951cf5abf,true,①,IN_SCOPE_FORWARD,,,CLOSED_NO_SHARED_ASSET
archive/exams/original/high/h1/2final/24_제일고_2학기_기말_고1_기출.js|24_제일고_2학기_기말_고1_기출|13,archive/exams/original/high/h1/2final/24_제일고_2학기_기말_고1_기출.js,24_제일고_2학기_기말_고1_기출,13,13,13,2015,수학(하),H15-SB-04,유리함수,4,H15-SB-04-RATIONAL_BASIC,유리함수의 뜻과 계산,category_or_cue_inferred,complete_category,객관식,grid,false,객관식|그래프,8b14e808b4de133921698d48611e7efc6fb85091702805f111a83e1d4a040e3e,a542e66ad81f031f8f5d3e15cfe9e984acaa339ba072265d7d3ec072665042a9,d41ea6521f53fb3dfa10cf72e2932f4405d9c999fa422cdc840d25d57e90dd34,992605975947f0d3d6b125568604dae2c78ae7d55fbdd566318b3569b319983b,,,assets/images/24_제일고_2학기_기말_고1_기출/q13-solution.svg,e74842149fd8f4bb403f97330b9138e4c325a44f95d6b827d06217f4053104a2,0,LOADED_VM,,NOT_STARTED,NOT_STARTED,NOT_STARTED,SOURCE_REVIEW,SOURCE_REVIEW,GRAPH_OR_FUNCTION_STRUCTURE,,SVG,NO_PROBLEM_VISUAL,REVIEW_REQUIRED,SOLUTION_SVG,NOT_STARTED,,,e3602003d7c34ba6fe9603616f95545b504943675835f658c5200996217f7db7,NOT_STARTED,NOT_STARTED,NOT_STARTED,NOT_TESTED,PASS,canonical_and_compiled_master_match,INVENTORY_PENDING,01_scope_inventory.csv#archive/exams/original/high/h1/2final/24_제일고_2학기_기말_고1_기출.js|24_제일고_2학기_기말_고1_기출|13,[object Object],INDEX_RECORD_PRESENT,original/high/h1/2final/24_제일고_2학기_기말_고1_기출.js_13,b7daf673c4488ecb738723df7abcefb0670107b9c2fa91919cac3a6951cf5abf,true,④,IN_SCOPE_FORWARD,,,CLOSED_NO_SHARED_ASSET
archive/exams/original/high/h1/2final/24_제일고_2학기_기말_고1_기출.js|24_제일고_2학기_기말_고1_기출|16,archive/exams/original/high/h1/2final/24_제일고_2학기_기말_고1_기출.js,24_제일고_2학기_기말_고1_기출,16,16,16,2015,수학(하),H15-SB-04,유리함수,4,H15-SB-04-RATIONAL_BASIC,유리함수의 뜻과 계산,category_or_cue_inferred,complete_category,객관식,grid,false,객관식,4dcea4d90ca56511bcf466d267d789f3712b190ca44697203e8faac070242ddb,735e47bae65212615808c7bae63b8feebf27e83d4e13ec44d37357961617ec10,0bdef091c479702584f065d3a3714f8a76f851b3f0cf10912f345a5dd930b0a8,3dd4b234c88ed9fc16a3dcd547e9fc1a4d46e001b6d060a44d3d3b17b6a1920e,,,,,0,LOADED_VM,,NOT_STARTED,NOT_STARTED,NOT_STARTED,SVG_REQUIRED_MISSING,SVG_REQUIRED_MISSING,GRAPH_OR_FUNCTION_STRUCTURE|COORDINATE_OR_GEOMETRY_STRUCTURE|TABLE_OR_MATRIX_STRUCTURE,,GRAPH_CANDIDATE,NO_PROBLEM_VISUAL,REVIEW_REQUIRED,NONE,NOT_STARTED,,,,NOT_STARTED,NOT_STARTED,NOT_STARTED,NOT_TESTED,PASS,canonical_and_compiled_master_match,INVENTORY_PENDING,01_scope_inventory.csv#archive/exams/original/high/h1/2final/24_제일고_2학기_기말_고1_기출.js|24_제일고_2학기_기말_고1_기출|16,,INDEX_RECORD_PRESENT,original/high/h1/2final/24_제일고_2학기_기말_고1_기출.js_16,b7daf673c4488ecb738723df7abcefb0670107b9c2fa91919cac3a6951cf5abf,true,⑤,IN_SCOPE_FORWARD,,,CLOSED_NO_SHARED_ASSET
archive/exams/original/high/h1/2final/24_제일고_2학기_기말_고1_기출.js|24_제일고_2학기_기말_고1_기출|17,archive/exams/original/high/h1/2final/24_제일고_2학기_기말_고1_기출.js,24_제일고_2학기_기말_고1_기출,17,17,17,2015,수학(하),H15-SB-04,유리함수,4,H15-SB-04-RATIONAL_GRAPH,유리함수의 그래프,category_or_cue_inferred,complete_category,객관식,grid,false,객관식,658dcd2851b6a63463e116d3ac2c334ba84c24dbde61bc1e6909ee79c1f38651,1f2ee68e54d4bec8193ae95783cfb9a3cd2b6f639b3dc1135ffb923de4ef2c76,dfde05a3668030e99ca64d8d4ae5f6b64c7a87cee61c0ba43904b92ef210191d,e6d7cf6865eeee7d8446ae4098d5c288c5d85a075f65720df50c323bc55d1300,,,,,0,LOADED_VM,,NOT_STARTED,NOT_STARTED,NOT_STARTED,SVG_REQUIRED_MISSING,SVG_REQUIRED_MISSING,GRAPH_OR_FUNCTION_STRUCTURE|COORDINATE_OR_GEOMETRY_STRUCTURE|TABLE_OR_MATRIX_STRUCTURE,,GRAPH_CANDIDATE,NO_PROBLEM_VISUAL,REVIEW_REQUIRED,NONE,NOT_STARTED,,,,NOT_STARTED,NOT_STARTED,NOT_STARTED,NOT_TESTED,PASS,canonical_and_compiled_master_match,INVENTORY_PENDING,01_scope_inventory.csv#archive/exams/original/high/h1/2final/24_제일고_2학기_기말_고1_기출.js|24_제일고_2학기_기말_고1_기출|17,,INDEX_RECORD_PRESENT,original/high/h1/2final/24_제일고_2학기_기말_고1_기출.js_17,b7daf673c4488ecb738723df7abcefb0670107b9c2fa91919cac3a6951cf5abf,true,②,IN_SCOPE_FORWARD,,,CLOSED_NO_SHARED_ASSET
archive/exams/original/high/h1/2final/24_제일고_2학기_기말_고1_기출.js|24_제일고_2학기_기말_고1_기출|21,archive/exams/original/high/h1/2final/24_제일고_2학기_기말_고1_기출.js,24_제일고_2학기_기말_고1_기출,21,21,21,2015,수학(하),H15-SB-04,유리함수,4,H15-SB-04-RATIONAL_BASIC,유리함수의 뜻과 계산,category_or_cue_inferred,complete_category,서술형,grid,false,서술형,8c4d744f8ca15eef47bd0d7b91cc259966995fd32447344729bc297b14c153de,4f53cda18c2baa0c0354bb5f9a3ecbe5ed12ab4d8e11ba873c2f11161202b945,1358b943df9563583425d47698026612a8ccd37f051d18ef5caf633f46451294,f39639518868e0427f86cabd09c52926e29539453a60d7f6e5597f7f9a46ca5a,,,,,0,LOADED_VM,,NOT_STARTED,NOT_STARTED,NOT_STARTED,SVG_REQUIRED_MISSING,SVG_REQUIRED_MISSING,GRAPH_OR_FUNCTION_STRUCTURE,,GRAPH_CANDIDATE,NO_PROBLEM_VISUAL,REVIEW_REQUIRED,NONE,NOT_STARTED,,,,NOT_STARTED,NOT_STARTED,NOT_STARTED,NOT_TESTED,PASS,canonical_and_compiled_master_match,INVENTORY_PENDING,01_scope_inventory.csv#archive/exams/original/high/h1/2final/24_제일고_2학기_기말_고1_기출.js|24_제일고_2학기_기말_고1_기출|21,,INDEX_RECORD_PRESENT,original/high/h1/2final/24_제일고_2학기_기말_고1_기출.js_21,b7daf673c4488ecb738723df7abcefb0670107b9c2fa91919cac3a6951cf5abf,true,"$f^{-1}(x)=\dfrac{5x+3}{4x-2}$, 정의역 $\mathbb{R}\setminus\left\{\dfrac12\right\}$, 치역 $\mathbb{R}\setminus\left\{\dfrac54\right\}$",IN_SCOPE_FORWARD,,,CLOSED_NO_SHARED_ASSET
archive/exams/original/high/h1/2mid/22_복성고_2학기_중간_고1_기출.js|22_복성고_2학기_중간_고1_기출|6,archive/exams/original/high/h1/2mid/22_복성고_2학기_중간_고1_기출.js,22_복성고_2학기_중간_고1_기출,6,6,6,2015,수학(하),H15-SB-04,유리함수,4,H15-SB-04-RATIONAL_BASIC,유리함수의 뜻과 계산,category_or_cue_inferred,complete_category,객관식,grid,false,객관식|유리함수|다항함수|함수의 분류,a2b598bcd31c12a71872bc9c2d61f9d301ae1bc07b18829aa566a55202f9718b,9856d0303c57692f0cee9413d370d175e66837f072811f7ea683a4e0778b2999,dfde05a3668030e99ca64d8d4ae5f6b64c7a87cee61c0ba43904b92ef210191d,4f2ae5b4bd4431922cad337f3da48eed5244031d5df5964944207613c529b86e,,,,,0,LOADED_VM,,NOT_STARTED,NOT_STARTED,NOT_STARTED,SVG_OPTIONAL,SVG_OPTIONAL,,,NONE,NO_PROBLEM_VISUAL,N/A,NONE,NOT_STARTED,,,,NOT_STARTED,NOT_STARTED,NOT_STARTED,NOT_TESTED,PASS,canonical_and_compiled_master_match,INVENTORY_PENDING,01_scope_inventory.csv#archive/exams/original/high/h1/2mid/22_복성고_2학기_중간_고1_기출.js|22_복성고_2학기_중간_고1_기출|6,,INDEX_RECORD_PRESENT,original/high/h1/2mid/22_복성고_2학기_중간_고1_기출.js_6,2dbae991ea1ae551edec38a00069b86baa41dd3223f15ab166d6ae028ce9a4b9,true,②,IN_SCOPE_FORWARD,,,CLOSED_NO_SHARED_ASSET
archive/exams/original/high/h1/2mid/22_복성고_2학기_중간_고1_기출.js|22_복성고_2학기_중간_고1_기출|7,archive/exams/original/high/h1/2mid/22_복성고_2학기_중간_고1_기출.js,22_복성고_2학기_중간_고1_기출,7,7,7,2015,수학(하),H15-SB-04,유리함수,4,H15-SB-04-RATIONAL_GRAPH,유리함수의 그래프,category_or_cue_inferred,complete_category,객관식,grid,false,객관식|유리함수|그래프|정의역|점근선,2ad6a30774b25de5529a4ade1bf73d1f25327dc4f76e7efce7c7acc20f45a40f,2c3fc0d216fa3f17359ac1e6bb2fbdd96f67dcaa79fdf7ed3645775a33bfe493,b15be6cb71072b84f7e1e198ce023fc5bb8b1e625335904ddcf3cffcd8b7312b,95742ca636e611eee0bc4c272c588cd40e31d5f9037a4fd020394ae440fc72de,,,,,0,LOADED_VM,,NOT_STARTED,NOT_STARTED,NOT_STARTED,SVG_REQUIRED_MISSING,SVG_REQUIRED_MISSING,GRAPH_OR_FUNCTION_STRUCTURE|COORDINATE_OR_GEOMETRY_STRUCTURE|SET_OR_LOGIC_STRUCTURE|TABLE_OR_MATRIX_STRUCTURE,,GRAPH_CANDIDATE,NO_PROBLEM_VISUAL,REVIEW_REQUIRED,NONE,NOT_STARTED,,,,NOT_STARTED,NOT_STARTED,NOT_STARTED,NOT_TESTED,PASS,canonical_and_compiled_master_match,INVENTORY_PENDING,01_scope_inventory.csv#archive/exams/original/high/h1/2mid/22_복성고_2학기_중간_고1_기출.js|22_복성고_2학기_중간_고1_기출|7,,INDEX_RECORD_PRESENT,original/high/h1/2mid/22_복성고_2학기_중간_고1_기출.js_7,2dbae991ea1ae551edec38a00069b86baa41dd3223f15ab166d6ae028ce9a4b9,true,③,IN_SCOPE_FORWARD,,,CLOSED_NO_SHARED_ASSET
archive/exams/original/high/h1/2mid/22_복성고_2학기_중간_고1_기출.js|22_복성고_2학기_중간_고1_기출|22,archive/exams/original/high/h1/2mid/22_복성고_2학기_중간_고1_기출.js,22_복성고_2학기_중간_고1_기출,22,22,22,2015,수학(하),H15-SB-04,유리함수,4,H15-SB-04-RATIONAL_BASIC,유리함수의 뜻과 계산,category_or_cue_inferred,complete_category,서술형,grid,false,서술형|유리함수|그래프|직선과의 교점|삼각형의 넓이|근과 계수|도형,4b14d75827bc19c4a84fb9993109774e4254ed6bd05fa75eeb9d98caf5603cd9,4f53cda18c2baa0c0354bb5f9a3ecbe5ed12ab4d8e11ba873c2f11161202b945,688c9453f9e455318a557a71fd9726274aa4fe04003b5bee79f9bb57b49c51e9,f7a56d63488b70cf3b97b0c121022f7121bd5ad5348e4055c0f99faeb542a44e,assets/images/22_복성고_2학기_중간_고1_기출/q22.png,549df927c16e67005523f0082a70fb01b2ef39a33ab47d2330afff4405639f12,,,0,LOADED_VM,,NOT_STARTED,NOT_STARTED,NOT_STARTED,SVG_REQUIRED_MISSING,SVG_REQUIRED_MISSING,GRAPH_OR_FUNCTION_STRUCTURE|COORDINATE_OR_GEOMETRY_STRUCTURE|TABLE_OR_MATRIX_STRUCTURE,,GRAPH_CANDIDATE,PROBLEM_VISUAL_PRESENT,REVIEW_REQUIRED,NONE,NOT_STARTED,,,,NOT_STARTED,NOT_STARTED,NOT_STARTED,NOT_TESTED,PASS,canonical_and_compiled_master_match,INVENTORY_PENDING,01_scope_inventory.csv#archive/exams/original/high/h1/2mid/22_복성고_2학기_중간_고1_기출.js|22_복성고_2학기_중간_고1_기출|22,[object Object],INDEX_RECORD_PRESENT,original/high/h1/2mid/22_복성고_2학기_중간_고1_기출.js_22,2dbae991ea1ae551edec38a00069b86baa41dd3223f15ab166d6ae028ce9a4b9,true,$\dfrac{87}{16}$,IN_SCOPE_FORWARD,,,CLOSED_NO_SHARED_ASSET
