questionUid,sourceJsPath,examId,id,standardCourse,standardUnitKey,standardUnit,subUnitKey,subUnit,questionType,problemImageRef,problemImageStatus,solutionImageRef,solutionImageStatus,inlineSolutionSvgCount,sourceFileBytes,sourceFileSha256,protectedHash,solutionHash,visualRequirementSignal,visualDecision,visualAction,visualReasons,expectedFactStatus,observedFactStatus,parityStatus,renderStatus,sourceReviewStatus,solutionFreezeStatus,currentStatus
archive/exams/original/high/h1/1final/22_금당고_1학기_기말_고1_기출.js|22_금당고_1학기_기말_고1_기출|15,archive/exams/original/high/h1/1final/22_금당고_1학기_기말_고1_기출.js,22_금당고_1학기_기말_고1_기출,15,수학(상),H15-SA-08,여러 가지 부등식,H15-SA-08-INEQUALITY_BASIC,부등식의 풀이,객관식,,ABSENT,,ABSENT,0,46596,c9654c9120cc22a3373ad839ab3400da6d25587b1a02dfc3738a4fc74944b63f,b0248d3942629a7299eff657bbad4367de1bb16d731d2d1004cd52640fa553ee,0325182395d0243ee82a75e94a4ee4a199aa170d5af935cfcaad68ab6d3074b6,VISUAL_REQUIRED,ADD_NEW_VISUAL,ADD,NUMBER_LINE_OR_INEQUALITY_STRUCTURE|CASE_OR_BOUNDARY_STRUCTURE,NOT_STARTED,NOT_STARTED,NOT_STARTED,NOT_TESTED,NOT_REVIEWED,NOT_STARTED,CANDIDATE_SCOPE_ONLY
archive/exams/original/high/h1/1final/22_금당고_1학기_기말_고1_기출.js|22_금당고_1학기_기말_고1_기출|17,archive/exams/original/high/h1/1final/22_금당고_1학기_기말_고1_기출.js,22_금당고_1학기_기말_고1_기출,17,수학(상),H15-SA-08,여러 가지 부등식,H15-SA-08-ABSOLUTE_INEQUALITY,절댓값 부등식,객관식,,ABSENT,,ABSENT,0,46596,c9654c9120cc22a3373ad839ab3400da6d25587b1a02dfc3738a4fc74944b63f,f92ddcae730c9743f4ca16004c18da07b5143bed4a01d057e11bde5f52691693,a34babcd7cb6fdb3a284350384edcc18752753a6e372a1b1942eeeb49f7261aa,VISUAL_REQUIRED,ADD_NEW_VISUAL,ADD,GRAPH_OR_FUNCTION_STRUCTURE|NUMBER_LINE_OR_INEQUALITY_STRUCTURE,NOT_STARTED,NOT_STARTED,NOT_STARTED,NOT_TESTED,NOT_REVIEWED,NOT_STARTED,CANDIDATE_SCOPE_ONLY
archive/exams/original/high/h1/1final/22_금당고_1학기_기말_고1_기출.js|22_금당고_1학기_기말_고1_기출|18,archive/exams/original/high/h1/1final/22_금당고_1학기_기말_고1_기출.js,22_금당고_1학기_기말_고1_기출,18,수학(상),H15-SA-05,이차방정식,H15-SA-05-QUADRATIC_SOLVING,이차방정식의 풀이,단답형,,ABSENT,,ABSENT,0,46596,c9654c9120cc22a3373ad839ab3400da6d25587b1a02dfc3738a4fc74944b63f,f1dbb53e348e6b6da5728b6f98ac2184a3c2d2c97b40f80bee82b87882d2a4be,ac3d8675b8533221e24d28de957f22096ddd9388edcbff983ac2a173c6b9cd23,VISUAL_REQUIRED,ADD_NEW_VISUAL,ADD,GRAPH_OR_FUNCTION_STRUCTURE|NUMBER_LINE_OR_INEQUALITY_STRUCTURE,NOT_STARTED,NOT_STARTED,NOT_STARTED,NOT_TESTED,NOT_REVIEWED,NOT_STARTED,CANDIDATE_SCOPE_ONLY
archive/exams/original/high/h1/1final/22_금당고_1학기_기말_고1_기출.js|22_금당고_1학기_기말_고1_기출|2,archive/exams/original/high/h1/1final/22_금당고_1학기_기말_고1_기출.js,22_금당고_1학기_기말_고1_기출,2,수학(상),H15-SA-08,여러 가지 부등식,H15-SA-08-INEQUALITY_APPLICATION,부등식의 활용,객관식,,ABSENT,,ABSENT,0,46596,c9654c9120cc22a3373ad839ab3400da6d25587b1a02dfc3738a4fc74944b63f,f51b5d4f30ae8cca247bc2430316ceab56b21a1fb14e33dfa42a72f8ab407267,d8003fc49329ea2104636e43b60adcf28b97b47bccfd466e8fb06f7d49a59c33,VISUAL_REQUIRED,ADD_NEW_VISUAL,ADD,NUMBER_LINE_OR_INEQUALITY_STRUCTURE|CASE_OR_BOUNDARY_STRUCTURE,NOT_STARTED,NOT_STARTED,NOT_STARTED,NOT_TESTED,NOT_REVIEWED,NOT_STARTED,CANDIDATE_SCOPE_ONLY
archive/exams/original/high/h1/1final/22_매산고_1학기_기말_고1_기출.js|22_매산고_1학기_기말_고1_기출|1,archive/exams/original/high/h1/1final/22_매산고_1학기_기말_고1_기출.js,22_매산고_1학기_기말_고1_기출,1,수학(상),H15-SA-08,여러 가지 부등식,H15-SA-08-EQUATION_BASIC,방정식의 풀이,객관식,,ABSENT,,ABSENT,0,45862,8fb09f660fdc078969ca076afd3e55fee07d35f857d10486be49271b33766205,a02a479794e999889de9cc0bd41a0f304b261b7c262f5ce1c049196e92222ac6,f252b73620ebe839139ad432d2b9bdac17438b404857b3ec9462087797529b14,VISUAL_REQUIRED,ADD_NEW_VISUAL,ADD,GRAPH_OR_FUNCTION_STRUCTURE|NUMBER_LINE_OR_INEQUALITY_STRUCTURE,NOT_STARTED,NOT_STARTED,NOT_STARTED,NOT_TESTED,NOT_REVIEWED,NOT_STARTED,CANDIDATE_SCOPE_ONLY
archive/exams/original/high/h1/1final/22_매산고_1학기_기말_고1_기출.js|22_매산고_1학기_기말_고1_기출|11,archive/exams/original/high/h1/1final/22_매산고_1학기_기말_고1_기출.js,22_매산고_1학기_기말_고1_기출,11,수학(상),H15-SA-08,여러 가지 부등식,H15-SA-08-QUADRATIC_INEQUALITY,이차부등식,객관식,,ABSENT,,ABSENT,0,45862,8fb09f660fdc078969ca076afd3e55fee07d35f857d10486be49271b33766205,7431391e8077506c419b0a18da2e93cd80f8b4ca10a310220f632316a4f9306d,4fd0c0f40d2610d3813ea370d88fce2c9079a18e3890afdbb66279f82e8315cb,VISUAL_REQUIRED,ADD_NEW_VISUAL,ADD,GRAPH_OR_FUNCTION_STRUCTURE|NUMBER_LINE_OR_INEQUALITY_STRUCTURE,NOT_STARTED,NOT_STARTED,NOT_STARTED,NOT_TESTED,NOT_REVIEWED,NOT_STARTED,CANDIDATE_SCOPE_ONLY
archive/exams/original/high/h1/1final/22_매산고_1학기_기말_고1_기출.js|22_매산고_1학기_기말_고1_기출|16,archive/exams/original/high/h1/1final/22_매산고_1학기_기말_고1_기출.js,22_매산고_1학기_기말_고1_기출,16,수학(상),H15-SA-08,여러 가지 부등식,H15-SA-08-SYSTEM_INEQUALITY,연립부등식,단답형,,ABSENT,,ABSENT,0,45862,8fb09f660fdc078969ca076afd3e55fee07d35f857d10486be49271b33766205,f16682417eabbcafc906cc3722ed4fe9f0fdb9f339eec8e468770f155468aa00,8f6ff2c7d12f832b2e51c373ba597dd09eed19e8922692653d7d0a51b8692243,VISUAL_REQUIRED,ADD_NEW_VISUAL,ADD,NUMBER_LINE_OR_INEQUALITY_STRUCTURE|CASE_OR_BOUNDARY_STRUCTURE,NOT_STARTED,NOT_STARTED,NOT_STARTED,NOT_TESTED,NOT_REVIEWED,NOT_STARTED,CANDIDATE_SCOPE_ONLY
archive/exams/original/high/h1/1final/22_매산고_1학기_기말_고1_기출.js|22_매산고_1학기_기말_고1_기출|3,archive/exams/original/high/h1/1final/22_매산고_1학기_기말_고1_기출.js,22_매산고_1학기_기말_고1_기출,3,수학(상),H15-SA-08,여러 가지 부등식,H15-SA-08-INEQUALITY_BASIC,부등식의 풀이,객관식,,ABSENT,,ABSENT,0,45862,8fb09f660fdc078969ca076afd3e55fee07d35f857d10486be49271b33766205,0af918f5afc049367535b4b8bf45b16d3b2f3097c23959fb53117a25fd3706f2,5b6e059643021c7fc3a77a0116b025a554abfe2080c1eeac54fdb9e2b10e64f5,VISUAL_REQUIRED,ADD_NEW_VISUAL,ADD,NUMBER_LINE_OR_INEQUALITY_STRUCTURE,NOT_STARTED,NOT_STARTED,NOT_STARTED,NOT_TESTED,NOT_REVIEWED,NOT_STARTED,CANDIDATE_SCOPE_ONLY
archive/exams/original/high/h1/1final/22_복성고_1학기_기말_고1_기출.js|22_복성고_1학기_기말_고1_기출|10,archive/exams/original/high/h1/1final/22_복성고_1학기_기말_고1_기출.js,22_복성고_1학기_기말_고1_기출,10,수학(상),H15-SA-08,여러 가지 부등식,H15-SA-08-ABSOLUTE_INEQUALITY,절댓값 부등식,객관식,,ABSENT,,ABSENT,0,43529,400e2aca1499c9d907123620c6251a29f161016cdaa1458ca3332a19e0f9df4d,17daadccf9bcc8de99246d70499b671705cbc351cae9b4be7d90c9fbb4a32d06,9dfa32ba8cbe36f60785ad7af075f36ec7017b48acd7280fd4f4fe25a2287ab0,VISUAL_REQUIRED,ADD_NEW_VISUAL,ADD,NUMBER_LINE_OR_INEQUALITY_STRUCTURE,NOT_STARTED,NOT_STARTED,NOT_STARTED,NOT_TESTED,NOT_REVIEWED,NOT_STARTED,CANDIDATE_SCOPE_ONLY
archive/exams/original/high/h1/1final/22_복성고_1학기_기말_고1_기출.js|22_복성고_1학기_기말_고1_기출|13,archive/exams/original/high/h1/1final/22_복성고_1학기_기말_고1_기출.js,22_복성고_1학기_기말_고1_기출,13,수학(상),H15-SA-08,여러 가지 부등식,H15-SA-08-ABSOLUTE_INEQUALITY,절댓값 부등식,객관식,,ABSENT,,ABSENT,0,43529,400e2aca1499c9d907123620c6251a29f161016cdaa1458ca3332a19e0f9df4d,58503e2a4192a73b16cc010d2113dde5d66428e04426011d220caae7f12032a8,44fda1ce5e4c92e6540ff22ca132e80e65b5ed1dcbbceb4133df0dfb7fdfa554,VISUAL_REQUIRED,ADD_NEW_VISUAL,ADD,GRAPH_OR_FUNCTION_STRUCTURE|NUMBER_LINE_OR_INEQUALITY_STRUCTURE|COORDINATE_OR_GEOMETRY_STRUCTURE,NOT_STARTED,NOT_STARTED,NOT_STARTED,NOT_TESTED,NOT_REVIEWED,NOT_STARTED,CANDIDATE_SCOPE_ONLY
archive/exams/original/high/h1/1final/22_복성고_1학기_기말_고1_기출.js|22_복성고_1학기_기말_고1_기출|17,archive/exams/original/high/h1/1final/22_복성고_1학기_기말_고1_기출.js,22_복성고_1학기_기말_고1_기출,17,수학(상),H15-SA-05,이차방정식,H15-SA-05-EQUATION_FUNCTION_RELATION,이차방정식과 이차함수의 관계,객관식,,ABSENT,,ABSENT,0,43529,400e2aca1499c9d907123620c6251a29f161016cdaa1458ca3332a19e0f9df4d,8587e82435f0e099989c9554dedc52f24baa0385381d946948dedd5f36684101,8aa61adc330f0ad00feee2bbb15b60b72c3b4c5a6994f839b052e143253697a2,VISUAL_REQUIRED,ADD_NEW_VISUAL,ADD,GRAPH_OR_FUNCTION_STRUCTURE,NOT_STARTED,NOT_STARTED,NOT_STARTED,NOT_TESTED,NOT_REVIEWED,NOT_STARTED,CANDIDATE_SCOPE_ONLY
archive/exams/original/high/h1/1final/22_복성고_1학기_기말_고1_기출.js|22_복성고_1학기_기말_고1_기출|18,archive/exams/original/high/h1/1final/22_복성고_1학기_기말_고1_기출.js,22_복성고_1학기_기말_고1_기출,18,수학(상),H15-SA-08,여러 가지 부등식,H15-SA-08-INEQUALITY_BASIC,부등식의 풀이,객관식,,ABSENT,,ABSENT,0,43529,400e2aca1499c9d907123620c6251a29f161016cdaa1458ca3332a19e0f9df4d,0b16ca58ef97fa72ce1195c9f770fc77a338ee06d27a562dfeb3ae44562e56ed,59e86402df88193a7a74463bbf9789b4f209b5d6c9dfee8be0e3b0161be7fac4,VISUAL_REQUIRED,ADD_NEW_VISUAL,ADD,NUMBER_LINE_OR_INEQUALITY_STRUCTURE|CASE_OR_BOUNDARY_STRUCTURE,NOT_STARTED,NOT_STARTED,NOT_STARTED,NOT_TESTED,NOT_REVIEWED,NOT_STARTED,CANDIDATE_SCOPE_ONLY
archive/exams/original/high/h1/1final/22_복성고_1학기_기말_고1_기출.js|22_복성고_1학기_기말_고1_기출|19,archive/exams/original/high/h1/1final/22_복성고_1학기_기말_고1_기출.js,22_복성고_1학기_기말_고1_기출,19,수학(상),H15-SA-08,여러 가지 부등식,H15-SA-08-QUADRATIC_INEQUALITY,이차부등식,객관식,,ABSENT,,ABSENT,0,43529,400e2aca1499c9d907123620c6251a29f161016cdaa1458ca3332a19e0f9df4d,be3b21299624f108c93cb6a55819ff7723fc67f8a5cd1f3840e881939e67c19a,4bbfe474f6b2fa449215a8589620ddee0e11bb8531c7b3b2b24141f93d3fa92f,VISUAL_REQUIRED,ADD_NEW_VISUAL,ADD,GRAPH_OR_FUNCTION_STRUCTURE|NUMBER_LINE_OR_INEQUALITY_STRUCTURE|CASE_OR_BOUNDARY_STRUCTURE,NOT_STARTED,NOT_STARTED,NOT_STARTED,NOT_TESTED,NOT_REVIEWED,NOT_STARTED,CANDIDATE_SCOPE_ONLY
archive/exams/original/high/h1/1final/22_복성고_1학기_기말_고1_기출.js|22_복성고_1학기_기말_고1_기출|21,archive/exams/original/high/h1/1final/22_복성고_1학기_기말_고1_기출.js,22_복성고_1학기_기말_고1_기출,21,수학(상),H15-SA-05,이차방정식,H15-SA-05-QUADRATIC_SOLVING,이차방정식의 풀이,서술형,,ABSENT,,ABSENT,0,43529,400e2aca1499c9d907123620c6251a29f161016cdaa1458ca3332a19e0f9df4d,35e7af291a0aa081520d11a9e35efcb4f07a5472d87d5f4c8a9af5296e4c164b,622b9fcc91a6cb3b48f7912a3dab33175070c2c6c5c50fe257661153f53451fc,VISUAL_REQUIRED,ADD_NEW_VISUAL,ADD,GRAPH_OR_FUNCTION_STRUCTURE|CASE_OR_BOUNDARY_STRUCTURE,NOT_STARTED,NOT_STARTED,NOT_STARTED,NOT_TESTED,NOT_REVIEWED,NOT_STARTED,CANDIDATE_SCOPE_ONLY
archive/exams/original/high/h1/1final/22_복성고_1학기_기말_고1_기출.js|22_복성고_1학기_기말_고1_기출|22,archive/exams/original/high/h1/1final/22_복성고_1학기_기말_고1_기출.js,22_복성고_1학기_기말_고1_기출,22,수학(상),H15-SA-05,이차방정식,H15-SA-05-EQUATION_FUNCTION_RELATION,이차방정식과 이차함수의 관계,서술형,,ABSENT,,ABSENT,0,43529,400e2aca1499c9d907123620c6251a29f161016cdaa1458ca3332a19e0f9df4d,666b41d517dc86dfe69430fba6249eddd151b75e4246f9af04cbce4b30967182,835c607ae4fada75ef581fed705b059987b03a0b9eee7ed65a805de8945c0a0c,VISUAL_REQUIRED,ADD_NEW_VISUAL,ADD,GRAPH_OR_FUNCTION_STRUCTURE|NUMBER_LINE_OR_INEQUALITY_STRUCTURE,NOT_STARTED,NOT_STARTED,NOT_STARTED,NOT_TESTED,NOT_REVIEWED,NOT_STARTED,CANDIDATE_SCOPE_ONLY
archive/exams/original/high/h1/1final/22_복성고_1학기_기말_고1_기출.js|22_복성고_1학기_기말_고1_기출|4,archive/exams/original/high/h1/1final/22_복성고_1학기_기말_고1_기출.js,22_복성고_1학기_기말_고1_기출,4,수학(상),H15-SA-08,여러 가지 부등식,H15-SA-08-QUADRATIC_INEQUALITY,이차부등식,객관식,,ABSENT,,ABSENT,0,43529,400e2aca1499c9d907123620c6251a29f161016cdaa1458ca3332a19e0f9df4d,fd35b3d8e10b67a2d5f6a73a2408cfcef82f15175e35453f05413f971ad05965,c4e680b3adbf8096aeb23696ce263a02aac6d62528d0ebee784c05aa0313bf14,VISUAL_REQUIRED,ADD_NEW_VISUAL,ADD,NUMBER_LINE_OR_INEQUALITY_STRUCTURE,NOT_STARTED,NOT_STARTED,NOT_STARTED,NOT_TESTED,NOT_REVIEWED,NOT_STARTED,CANDIDATE_SCOPE_ONLY
archive/exams/original/high/h1/1final/22_복성고_1학기_기말_고1_기출.js|22_복성고_1학기_기말_고1_기출|5,archive/exams/original/high/h1/1final/22_복성고_1학기_기말_고1_기출.js,22_복성고_1학기_기말_고1_기출,5,수학(상),H15-SA-08,여러 가지 부등식,H15-SA-08-ABSOLUTE_INEQUALITY,절댓값 부등식,객관식,,ABSENT,,ABSENT,0,43529,400e2aca1499c9d907123620c6251a29f161016cdaa1458ca3332a19e0f9df4d,644e7b60472dc504aeefcde93023fce0c92bb1537034f72e2e650401b9906a99,4e179c9c499d5e2e8490b6104c15f38e69c24476954716a5a44e519fdc7f0fec,VISUAL_REQUIRED,ADD_NEW_VISUAL,ADD,NUMBER_LINE_OR_INEQUALITY_STRUCTURE,NOT_STARTED,NOT_STARTED,NOT_STARTED,NOT_TESTED,NOT_REVIEWED,NOT_STARTED,CANDIDATE_SCOPE_ONLY
archive/exams/original/high/h1/1final/22_복성고_1학기_기말_고1_기출.js|22_복성고_1학기_기말_고1_기출|6,archive/exams/original/high/h1/1final/22_복성고_1학기_기말_고1_기출.js,22_복성고_1학기_기말_고1_기출,6,수학(상),H15-SA-08,여러 가지 부등식,H15-SA-08-INEQUALITY_BASIC,부등식의 풀이,객관식,,ABSENT,,ABSENT,0,43529,400e2aca1499c9d907123620c6251a29f161016cdaa1458ca3332a19e0f9df4d,a67c05e68cd6bce2808ab7f86645bffdf4ea16efc7604a5a89ac18a0f9ae2b9d,051c3d05427cdc5396e463d37a288d58e4631bcabb97a2638c820f17a85026ad,VISUAL_REQUIRED,ADD_NEW_VISUAL,ADD,NUMBER_LINE_OR_INEQUALITY_STRUCTURE|CASE_OR_BOUNDARY_STRUCTURE,NOT_STARTED,NOT_STARTED,NOT_STARTED,NOT_TESTED,NOT_REVIEWED,NOT_STARTED,CANDIDATE_SCOPE_ONLY
archive/exams/original/high/h1/1final/22_복성고_1학기_기말_고1_기출.js|22_복성고_1학기_기말_고1_기출|7,archive/exams/original/high/h1/1final/22_복성고_1학기_기말_고1_기출.js,22_복성고_1학기_기말_고1_기출,7,수학(상),H15-SA-05,이차방정식,H15-SA-05-EQUATION_BASIC,방정식의 풀이,객관식,,ABSENT,,ABSENT,0,43529,400e2aca1499c9d907123620c6251a29f161016cdaa1458ca3332a19e0f9df4d,47cad8c6f7352d06ac0ac813380293dcdce27be0f9297b21751aee70140f266f,0dff89c4da48e4b64663f24027e7239c858b78932b76618f4a3933441648f90a,VISUAL_REQUIRED,ADD_NEW_VISUAL,ADD,GRAPH_OR_FUNCTION_STRUCTURE|NUMBER_LINE_OR_INEQUALITY_STRUCTURE|CASE_OR_BOUNDARY_STRUCTURE,NOT_STARTED,NOT_STARTED,NOT_STARTED,NOT_TESTED,NOT_REVIEWED,NOT_STARTED,CANDIDATE_SCOPE_ONLY
archive/exams/original/high/h1/1final/22_복성고_1학기_기말_고1_기출.js|22_복성고_1학기_기말_고1_기출|8,archive/exams/original/high/h1/1final/22_복성고_1학기_기말_고1_기출.js,22_복성고_1학기_기말_고1_기출,8,수학(상),H15-SA-05,이차방정식,H15-SA-05-EQUATION_FUNCTION_RELATION,이차방정식과 이차함수의 관계,객관식,,ABSENT,,ABSENT,0,43529,400e2aca1499c9d907123620c6251a29f161016cdaa1458ca3332a19e0f9df4d,da3ff2062379e6099c148f51b6a20c72d515e82692e1b514de451751007766a2,b1c45994371c838f311737813f5c84b757adb7267d02a26666ef56eb17f80bd6,VISUAL_REQUIRED,ADD_NEW_VISUAL,ADD,GRAPH_OR_FUNCTION_STRUCTURE|COORDINATE_OR_GEOMETRY_STRUCTURE|CASE_OR_BOUNDARY_STRUCTURE,NOT_STARTED,NOT_STARTED,NOT_STARTED,NOT_TESTED,NOT_REVIEWED,NOT_STARTED,CANDIDATE_SCOPE_ONLY
archive/exams/original/high/h1/1final/22_순천여고_1학기_기말_고1_기출.js|22_순천여고_1학기_기말_고1_기출|11,archive/exams/original/high/h1/1final/22_순천여고_1학기_기말_고1_기출.js,22_순천여고_1학기_기말_고1_기출,11,수학(상),H15-SA-05,이차방정식,H15-SA-05-EQUATION_FUNCTION_RELATION,이차방정식과 이차함수의 관계,객관식,assets/images/22_순천여고_1학기_기말_고1_기출/q11.png,PRESENT,,ABSENT,0,47095,e792cc5432dbfc758bd980283716850ea40b30deff1331f416e41f83e4e24af9,2fdb60261c0f28712d2e8a85630fe9a2b54b96a2337259b3d5f26f53efcfcc49,83845814fb19ba3036620511c3e1e8056a6360405bcac25e0a0a47cbe0b93d5f,VISUAL_REQUIRED,ADD_NEW_VISUAL,ADD,GRAPH_OR_FUNCTION_STRUCTURE|NUMBER_LINE_OR_INEQUALITY_STRUCTURE,NOT_STARTED,NOT_STARTED,NOT_STARTED,NOT_TESTED,NOT_REVIEWED,NOT_STARTED,CANDIDATE_SCOPE_ONLY
archive/exams/original/high/h1/1final/22_순천여고_1학기_기말_고1_기출.js|22_순천여고_1학기_기말_고1_기출|13,archive/exams/original/high/h1/1final/22_순천여고_1학기_기말_고1_기출.js,22_순천여고_1학기_기말_고1_기출,13,수학(상),H15-SA-08,여러 가지 부등식,H15-SA-08-SYSTEM_INEQUALITY,연립부등식,객관식,,ABSENT,,ABSENT,0,47095,e792cc5432dbfc758bd980283716850ea40b30deff1331f416e41f83e4e24af9,fee1ead8f0461578910fd07527155b80d198f6fc1e6b23ea6c0076afb7509e1a,2ed472ad18d340541cdc0b672d8f6cdf1208cf7ec8108981ff439897aff87f62,VISUAL_REQUIRED,ADD_NEW_VISUAL,ADD,NUMBER_LINE_OR_INEQUALITY_STRUCTURE|CASE_OR_BOUNDARY_STRUCTURE,NOT_STARTED,NOT_STARTED,NOT_STARTED,NOT_TESTED,NOT_REVIEWED,NOT_STARTED,CANDIDATE_SCOPE_ONLY
archive/exams/original/high/h1/1final/22_순천여고_1학기_기말_고1_기출.js|22_순천여고_1학기_기말_고1_기출|14,archive/exams/original/high/h1/1final/22_순천여고_1학기_기말_고1_기출.js,22_순천여고_1학기_기말_고1_기출,14,수학(상),H15-SA-08,여러 가지 부등식,H15-SA-08-QUADRATIC_INEQUALITY,이차부등식,객관식,,ABSENT,,ABSENT,0,47095,e792cc5432dbfc758bd980283716850ea40b30deff1331f416e41f83e4e24af9,2edcc4ecbd94336718748ab569e5ee7a066c0c59818482c5e0d20841b225bc5f,f2d512d21b3c86065ed28313799f599d72497629089d16ad0e0028f0198d466a,VISUAL_REQUIRED,ADD_NEW_VISUAL,ADD,GRAPH_OR_FUNCTION_STRUCTURE|NUMBER_LINE_OR_INEQUALITY_STRUCTURE,NOT_STARTED,NOT_STARTED,NOT_STARTED,NOT_TESTED,NOT_REVIEWED,NOT_STARTED,CANDIDATE_SCOPE_ONLY
archive/exams/original/high/h1/1final/22_순천여고_1학기_기말_고1_기출.js|22_순천여고_1학기_기말_고1_기출|15,archive/exams/original/high/h1/1final/22_순천여고_1학기_기말_고1_기출.js,22_순천여고_1학기_기말_고1_기출,15,수학(상),H15-SA-08,여러 가지 부등식,H15-SA-08-SYSTEM_INEQUALITY,연립부등식,객관식,,ABSENT,,ABSENT,0,47095,e792cc5432dbfc758bd980283716850ea40b30deff1331f416e41f83e4e24af9,aa4f20e08eb136fabe7fdc7601f200b9c6c6d80a9432abbb3b12291911cbaf37,4f8a10bb56803117b3c9be18dda30d201b38911d9668a2e774cd7e14a3d20d26,VISUAL_REQUIRED,ADD_NEW_VISUAL,ADD,NUMBER_LINE_OR_INEQUALITY_STRUCTURE,NOT_STARTED,NOT_STARTED,NOT_STARTED,NOT_TESTED,NOT_REVIEWED,NOT_STARTED,CANDIDATE_SCOPE_ONLY
archive/exams/original/high/h1/1final/22_순천여고_1학기_기말_고1_기출.js|22_순천여고_1학기_기말_고1_기출|2,archive/exams/original/high/h1/1final/22_순천여고_1학기_기말_고1_기출.js,22_순천여고_1학기_기말_고1_기출,2,수학(상),H15-SA-08,여러 가지 부등식,H15-SA-08-ABSOLUTE_INEQUALITY,절댓값 부등식,객관식,,ABSENT,,ABSENT,0,47095,e792cc5432dbfc758bd980283716850ea40b30deff1331f416e41f83e4e24af9,46cf60973cba0fa0b5a014870ce78971df50759eb58491088f8f8411a4edf004,d1bab3f83f6ec7e32ca63138299f1b28e5d2b0a4a3989e21abc2d862753b38c4,VISUAL_REQUIRED,ADD_NEW_VISUAL,ADD,NUMBER_LINE_OR_INEQUALITY_STRUCTURE,NOT_STARTED,NOT_STARTED,NOT_STARTED,NOT_TESTED,NOT_REVIEWED,NOT_STARTED,CANDIDATE_SCOPE_ONLY
archive/exams/original/high/h1/1final/22_순천여고_1학기_기말_고1_기출.js|22_순천여고_1학기_기말_고1_기출|21,archive/exams/original/high/h1/1final/22_순천여고_1학기_기말_고1_기출.js,22_순천여고_1학기_기말_고1_기출,21,수학(상),H15-SA-05,이차방정식,H15-SA-05-EQUATION_FUNCTION_RELATION,이차방정식과 이차함수의 관계,단답형,,ABSENT,,ABSENT,0,47095,e792cc5432dbfc758bd980283716850ea40b30deff1331f416e41f83e4e24af9,216269514ebdd4e7d5e7c74e857079ac755afd1c6bd74b84997fcb81bdc1c0c2,12c934ec5d5eafffd79ad54d0335630a8086acf70ae9291aaecde942376e5b93,VISUAL_REQUIRED,ADD_NEW_VISUAL,ADD,GRAPH_OR_FUNCTION_STRUCTURE|COORDINATE_OR_GEOMETRY_STRUCTURE|CASE_OR_BOUNDARY_STRUCTURE,NOT_STARTED,NOT_STARTED,NOT_STARTED,NOT_TESTED,NOT_REVIEWED,NOT_STARTED,CANDIDATE_SCOPE_ONLY
archive/exams/original/high/h1/1final/22_순천여고_1학기_기말_고1_기출.js|22_순천여고_1학기_기말_고1_기출|22,archive/exams/original/high/h1/1final/22_순천여고_1학기_기말_고1_기출.js,22_순천여고_1학기_기말_고1_기출,22,수학(상),H15-SA-05,이차방정식,H15-SA-05-INEQUALITY_BASIC,부등식의 풀이,단답형,,ABSENT,,ABSENT,0,47095,e792cc5432dbfc758bd980283716850ea40b30deff1331f416e41f83e4e24af9,9566711a802a9a1f6f459101ba3e0da7e2690158315506deed19ff404cbce9b7,40d1971084d82292990edcf26c06f23d1cc30607bcbceb8f6cb4cc6f19da706f,VISUAL_REQUIRED,ADD_NEW_VISUAL,ADD,GRAPH_OR_FUNCTION_STRUCTURE|NUMBER_LINE_OR_INEQUALITY_STRUCTURE,NOT_STARTED,NOT_STARTED,NOT_STARTED,NOT_TESTED,NOT_REVIEWED,NOT_STARTED,CANDIDATE_SCOPE_ONLY
archive/exams/original/high/h1/1final/22_제일고_1학기_기말_고1_기출.js|22_제일고_1학기_기말_고1_기출|1,archive/exams/original/high/h1/1final/22_제일고_1학기_기말_고1_기출.js,22_제일고_1학기_기말_고1_기출,1,공통수학1,H22-C-06,여러 가지 방정식과 부등식,H22-C-06-SYSTEM_OF_EQUATIONS,연립방정식,객관식,,ABSENT,,ABSENT,0,46490,adba9e7d5eb20e1070cb546538ad96b35e5dc8fdb46e0455c5f19c8d2edc3cfd,e65f6fa13d9347816acf6b445232ff78dbe74edb189c2864edd6e5e75c2274f6,1d4cd5dc58c7045944634f3afbec3eaa7b546a8d80b7f802e21827e326ab71b8,VISUAL_OPTIONAL_OR_EXEMPT_CANDIDATE,NO_VISUAL,NONE,NUMBER_LINE_OR_INEQUALITY_STRUCTURE,NOT_STARTED,NOT_STARTED,NOT_STARTED,NOT_TESTED,NOT_REVIEWED,NOT_STARTED,CANDIDATE_SCOPE_ONLY
archive/exams/original/high/h1/1final/22_제일고_1학기_기말_고1_기출.js|22_제일고_1학기_기말_고1_기출|19,archive/exams/original/high/h1/1final/22_제일고_1학기_기말_고1_기출.js,22_제일고_1학기_기말_고1_기출,19,공통수학1,H22-C-06,여러 가지 방정식과 부등식,H22-C-06-INEQUALITY,여러 가지 부등식,단답형,,ABSENT,,ABSENT,0,46490,adba9e7d5eb20e1070cb546538ad96b35e5dc8fdb46e0455c5f19c8d2edc3cfd,90fab47a4369e01616173d243bfe081b454223354195b3e95065ca0f41c63044,2184832787e53adbc6456543e433928fd5a529b3608fa9888be61407c22e7594,VISUAL_REQUIRED,ADD_NEW_VISUAL,ADD,NUMBER_LINE_OR_INEQUALITY_STRUCTURE|CASE_OR_BOUNDARY_STRUCTURE,NOT_STARTED,NOT_STARTED,NOT_STARTED,NOT_TESTED,NOT_REVIEWED,NOT_STARTED,CANDIDATE_SCOPE_ONLY
archive/exams/original/high/h1/1final/22_제일고_1학기_기말_고1_기출.js|22_제일고_1학기_기말_고1_기출|2,archive/exams/original/high/h1/1final/22_제일고_1학기_기말_고1_기출.js,22_제일고_1학기_기말_고1_기출,2,공통수학1,H22-C-06,여러 가지 방정식과 부등식,H22-C-06-EQUATION_APPLICATION,방정식과 부등식의 활용,객관식,,ABSENT,,ABSENT,0,46490,adba9e7d5eb20e1070cb546538ad96b35e5dc8fdb46e0455c5f19c8d2edc3cfd,9603dc840c62493175492a3cebc86074cad8a29f6915482f1fba034c916dd94f,b16f79ee0afa26039efdfc4356248682cd1af4e6088433524597a0ab35f78fd1,VISUAL_REQUIRED,ADD_NEW_VISUAL,ADD,NUMBER_LINE_OR_INEQUALITY_STRUCTURE,NOT_STARTED,NOT_STARTED,NOT_STARTED,NOT_TESTED,NOT_REVIEWED,NOT_STARTED,CANDIDATE_SCOPE_ONLY
archive/exams/original/high/h1/1final/22_제일고_1학기_기말_고1_기출.js|22_제일고_1학기_기말_고1_기출|3,archive/exams/original/high/h1/1final/22_제일고_1학기_기말_고1_기출.js,22_제일고_1학기_기말_고1_기출,3,공통수학1,H22-C-06,여러 가지 방정식과 부등식,H22-C-06-HIGHER_INEQUALITY,여러 가지 부등식,객관식,,ABSENT,,ABSENT,0,46490,adba9e7d5eb20e1070cb546538ad96b35e5dc8fdb46e0455c5f19c8d2edc3cfd,0e792b7110445f0db31b609dd16d4c3d37baafd580fb18bb6f26d54f773fcefe,5d661e784351efb0cdb98eeff881d05e0b5ab51935a799b0526141ff77537675,VISUAL_REQUIRED,ADD_NEW_VISUAL,ADD,NUMBER_LINE_OR_INEQUALITY_STRUCTURE|CASE_OR_BOUNDARY_STRUCTURE,NOT_STARTED,NOT_STARTED,NOT_STARTED,NOT_TESTED,NOT_REVIEWED,NOT_STARTED,CANDIDATE_SCOPE_ONLY
archive/exams/original/high/h1/1final/22_제일고_1학기_기말_고1_기출.js|22_제일고_1학기_기말_고1_기출|4,archive/exams/original/high/h1/1final/22_제일고_1학기_기말_고1_기출.js,22_제일고_1학기_기말_고1_기출,4,공통수학1,H22-C-06,여러 가지 방정식과 부등식,H22-C-06-INEQUALITY,여러 가지 부등식,객관식,,ABSENT,,ABSENT,0,46490,adba9e7d5eb20e1070cb546538ad96b35e5dc8fdb46e0455c5f19c8d2edc3cfd,08ad2acbc0dc10264bec8cbf6ef33e409ba2d4cb077211396ee1ce78b949b747,cc3cdd77183de73dcf2f76dc978cb141af5f351258db7ff0a93cfb17642e3714,VISUAL_REQUIRED,ADD_NEW_VISUAL,ADD,GRAPH_OR_FUNCTION_STRUCTURE|NUMBER_LINE_OR_INEQUALITY_STRUCTURE|CASE_OR_BOUNDARY_STRUCTURE,NOT_STARTED,NOT_STARTED,NOT_STARTED,NOT_TESTED,NOT_REVIEWED,NOT_STARTED,CANDIDATE_SCOPE_ONLY
archive/exams/original/high/h1/1final/22_팔마고_1학기_기말_고1_기출.js|22_팔마고_1학기_기말_고1_기출|1,archive/exams/original/high/h1/1final/22_팔마고_1학기_기말_고1_기출.js,22_팔마고_1학기_기말_고1_기출,1,수학(상),H15-SA-08,여러 가지 부등식,H15-SA-08-SYSTEM_INEQUALITY,연립부등식,객관식,,ABSENT,,ABSENT,0,43356,757529d8c4039562f7e8b8cb1f92b59c6d7500eb692e0c9b7a21b72a2b271c27,d4e008f9632478c2ec7a263d8f79de16ac1bc00896029d066aee6775ea0fb1f7,1fbe9b28b1f9a1f500814023a3c62810e4e9a59f9d857c26daa2dd3d53c7ce25,VISUAL_REQUIRED,ADD_NEW_VISUAL,ADD,NUMBER_LINE_OR_INEQUALITY_STRUCTURE|CASE_OR_BOUNDARY_STRUCTURE,NOT_STARTED,NOT_STARTED,NOT_STARTED,NOT_TESTED,NOT_REVIEWED,NOT_STARTED,CANDIDATE_SCOPE_ONLY
archive/exams/original/high/h1/1final/22_팔마고_1학기_기말_고1_기출.js|22_팔마고_1학기_기말_고1_기출|10,archive/exams/original/high/h1/1final/22_팔마고_1학기_기말_고1_기출.js,22_팔마고_1학기_기말_고1_기출,10,수학(상),H15-SA-08,여러 가지 부등식,H15-SA-08-ABSOLUTE_INEQUALITY,절댓값 부등식,객관식,,ABSENT,,ABSENT,0,43356,757529d8c4039562f7e8b8cb1f92b59c6d7500eb692e0c9b7a21b72a2b271c27,7fd7d2c1c048e2c6fac13e2a1bb2c8280a712e90bba843a246e20503ccd5d8c7,5cbad4b671437754f3e7f7818eb209e2c600154b83f0dd05bc2aebbb351d842e,VISUAL_REQUIRED,ADD_NEW_VISUAL,ADD,NUMBER_LINE_OR_INEQUALITY_STRUCTURE,NOT_STARTED,NOT_STARTED,NOT_STARTED,NOT_TESTED,NOT_REVIEWED,NOT_STARTED,CANDIDATE_SCOPE_ONLY
archive/exams/original/high/h1/1final/22_팔마고_1학기_기말_고1_기출.js|22_팔마고_1학기_기말_고1_기출|11,archive/exams/original/high/h1/1final/22_팔마고_1학기_기말_고1_기출.js,22_팔마고_1학기_기말_고1_기출,11,수학(상),H15-SA-08,여러 가지 부등식,H15-SA-08-INEQUALITY_BASIC,부등식의 풀이,객관식,,ABSENT,,ABSENT,0,43356,757529d8c4039562f7e8b8cb1f92b59c6d7500eb692e0c9b7a21b72a2b271c27,1cbfd5667e611c580c43ffd49d3a9e696beb7c84b84304f2481a98d05f923490,ec124be5c44297603d79e6d823e4412648979f815dfe83057365a1d9ddcbc8f9,VISUAL_REQUIRED,ADD_NEW_VISUAL,ADD,NUMBER_LINE_OR_INEQUALITY_STRUCTURE|CASE_OR_BOUNDARY_STRUCTURE,NOT_STARTED,NOT_STARTED,NOT_STARTED,NOT_TESTED,NOT_REVIEWED,NOT_STARTED,CANDIDATE_SCOPE_ONLY
archive/exams/original/high/h1/1final/22_팔마고_1학기_기말_고1_기출.js|22_팔마고_1학기_기말_고1_기출|12,archive/exams/original/high/h1/1final/22_팔마고_1학기_기말_고1_기출.js,22_팔마고_1학기_기말_고1_기출,12,수학(상),H15-SA-08,여러 가지 부등식,H15-SA-08-SYSTEM_INEQUALITY,연립부등식,객관식,,ABSENT,,ABSENT,0,43356,757529d8c4039562f7e8b8cb1f92b59c6d7500eb692e0c9b7a21b72a2b271c27,19e70f5a02186c6a20318c2739d7b3eea4f2ccd30dc7dbc0b2db5cf62c881073,6ac76d0cce8836096c574a7f2826cd035fe5dea797ea1e84bdf96e53a3657750,VISUAL_REQUIRED,ADD_NEW_VISUAL,ADD,NUMBER_LINE_OR_INEQUALITY_STRUCTURE|CASE_OR_BOUNDARY_STRUCTURE,NOT_STARTED,NOT_STARTED,NOT_STARTED,NOT_TESTED,NOT_REVIEWED,NOT_STARTED,CANDIDATE_SCOPE_ONLY
archive/exams/original/high/h1/1final/22_팔마고_1학기_기말_고1_기출.js|22_팔마고_1학기_기말_고1_기출|21,archive/exams/original/high/h1/1final/22_팔마고_1학기_기말_고1_기출.js,22_팔마고_1학기_기말_고1_기출,21,수학(상),H15-SA-08,여러 가지 부등식,H15-SA-08-EQUATION_BASIC,방정식의 풀이,단답형,,ABSENT,,ABSENT,0,43356,757529d8c4039562f7e8b8cb1f92b59c6d7500eb692e0c9b7a21b72a2b271c27,f11d8d6de66d70e7a6558573e362f383aa39fd79dfa42111d056a2ad26f70784,145e16f75674b84520a1e899e951f6017b9780cde46074f160314a07f7fc6a67,VISUAL_OPTIONAL_OR_EXEMPT_CANDIDATE,NO_VISUAL,NONE,GRAPH_OR_FUNCTION_STRUCTURE|NUMBER_LINE_OR_INEQUALITY_STRUCTURE|CASE_OR_BOUNDARY_STRUCTURE,NOT_STARTED,NOT_STARTED,NOT_STARTED,NOT_TESTED,NOT_REVIEWED,NOT_STARTED,CANDIDATE_SCOPE_ONLY
archive/exams/original/high/h1/1final/22_효천고_1학기_기말_고1_기출.js|22_효천고_1학기_기말_고1_기출|10,archive/exams/original/high/h1/1final/22_효천고_1학기_기말_고1_기출.js,22_효천고_1학기_기말_고1_기출,10,수학(상),H15-SA-08,여러 가지 부등식,H15-SA-08-ABSOLUTE_INEQUALITY,절댓값 부등식,객관식,,ABSENT,,ABSENT,0,46154,b215d362f0e66c5578e9b6233ba759409edf903fae757df11a1563ed34f87532,66dc2858a60e5d3c298a58f9ae4cba21ef31846be400528b5b7860baa25d6ebf,e5224672995ff1022e544ecda2d3b73bedabc95395ead97f344b2e9356515f3e,VISUAL_REQUIRED,ADD_NEW_VISUAL,ADD,NUMBER_LINE_OR_INEQUALITY_STRUCTURE,NOT_STARTED,NOT_STARTED,NOT_STARTED,NOT_TESTED,NOT_REVIEWED,NOT_STARTED,CANDIDATE_SCOPE_ONLY
archive/exams/original/high/h1/1final/22_효천고_1학기_기말_고1_기출.js|22_효천고_1학기_기말_고1_기출|11,archive/exams/original/high/h1/1final/22_효천고_1학기_기말_고1_기출.js,22_효천고_1학기_기말_고1_기출,11,수학(상),H15-SA-08,여러 가지 부등식,H15-SA-08-INEQUALITY_BASIC,부등식의 풀이,객관식,,ABSENT,,ABSENT,0,46154,b215d362f0e66c5578e9b6233ba759409edf903fae757df11a1563ed34f87532,068eede8987d9a4b38bd6c1a53b31915215ff8e0cfa935d101abb65d9538b201,2fb7e7933ff5f5f7f599e712236d8f8a75e326ab35006926ccd176b888c4475a,VISUAL_REQUIRED,ADD_NEW_VISUAL,ADD,NUMBER_LINE_OR_INEQUALITY_STRUCTURE|CASE_OR_BOUNDARY_STRUCTURE,NOT_STARTED,NOT_STARTED,NOT_STARTED,NOT_TESTED,NOT_REVIEWED,NOT_STARTED,CANDIDATE_SCOPE_ONLY
archive/exams/original/high/h1/1final/22_효천고_1학기_기말_고1_기출.js|22_효천고_1학기_기말_고1_기출|15,archive/exams/original/high/h1/1final/22_효천고_1학기_기말_고1_기출.js,22_효천고_1학기_기말_고1_기출,15,수학(상),H15-SA-05,이차방정식,H15-SA-05-EQUATION_FUNCTION_RELATION,이차방정식과 이차함수의 관계,객관식,,ABSENT,,ABSENT,0,46154,b215d362f0e66c5578e9b6233ba759409edf903fae757df11a1563ed34f87532,69681468dd250f853ddac80d812cb3e0e065c616d3cea18c1faebe71b9a0ca81,605ef9bf56a70b4487dc2781c466a64280aa23fbcccaaf3de3274901ecc9f160,VISUAL_REQUIRED,ADD_NEW_VISUAL,ADD,GRAPH_OR_FUNCTION_STRUCTURE|NUMBER_LINE_OR_INEQUALITY_STRUCTURE|COORDINATE_OR_GEOMETRY_STRUCTURE|CASE_OR_BOUNDARY_STRUCTURE,NOT_STARTED,NOT_STARTED,NOT_STARTED,NOT_TESTED,NOT_REVIEWED,NOT_STARTED,CANDIDATE_SCOPE_ONLY
archive/exams/original/high/h1/1final/22_효천고_1학기_기말_고1_기출.js|22_효천고_1학기_기말_고1_기출|21,archive/exams/original/high/h1/1final/22_효천고_1학기_기말_고1_기출.js,22_효천고_1학기_기말_고1_기출,21,수학(상),H15-SA-08,여러 가지 부등식,H15-SA-08-SYSTEM_INEQUALITY,연립부등식,서술형,,ABSENT,,ABSENT,0,46154,b215d362f0e66c5578e9b6233ba759409edf903fae757df11a1563ed34f87532,505777da2569fa717dfc395f7dbf43e86112edfec7c5b534524303cc39b30c60,3f9602e465138e3668b0d26eba3dcdf849f102cd6e32ff74249062c1bf9e0a90,VISUAL_REQUIRED,ADD_NEW_VISUAL,ADD,NUMBER_LINE_OR_INEQUALITY_STRUCTURE|CASE_OR_BOUNDARY_STRUCTURE,NOT_STARTED,NOT_STARTED,NOT_STARTED,NOT_TESTED,NOT_REVIEWED,NOT_STARTED,CANDIDATE_SCOPE_ONLY
archive/exams/original/high/h1/1final/22_효천고_1학기_기말_고1_기출.js|22_효천고_1학기_기말_고1_기출|6,archive/exams/original/high/h1/1final/22_효천고_1학기_기말_고1_기출.js,22_효천고_1학기_기말_고1_기출,6,수학(상),H15-SA-08,여러 가지 부등식,H15-SA-08-QUADRATIC_INEQUALITY,이차부등식,객관식,,ABSENT,,ABSENT,0,46154,b215d362f0e66c5578e9b6233ba759409edf903fae757df11a1563ed34f87532,182a119ff6973ab6fc428f2496dfbd9b9858211e84b8524ac6dddefa0e345fd2,610bc21e9742778f0c3e6df2465d9fae8ecfdcf92dc7869e5d510c5fa69ab649,VISUAL_REQUIRED,ADD_NEW_VISUAL,ADD,GRAPH_OR_FUNCTION_STRUCTURE|NUMBER_LINE_OR_INEQUALITY_STRUCTURE|CASE_OR_BOUNDARY_STRUCTURE,NOT_STARTED,NOT_STARTED,NOT_STARTED,NOT_TESTED,NOT_REVIEWED,NOT_STARTED,CANDIDATE_SCOPE_ONLY
archive/exams/original/high/h1/1final/22_효천고_1학기_기말_고1_기출.js|22_효천고_1학기_기말_고1_기출|9,archive/exams/original/high/h1/1final/22_효천고_1학기_기말_고1_기출.js,22_효천고_1학기_기말_고1_기출,9,수학(상),H15-SA-05,이차방정식,H15-SA-05-EQUATION_FUNCTION_RELATION,이차방정식과 이차함수의 관계,객관식,,ABSENT,,ABSENT,0,46154,b215d362f0e66c5578e9b6233ba759409edf903fae757df11a1563ed34f87532,3d3cc6dfb17b474875e11d75454e778bd17be024faf5177057cfb8fd008a2d5d,52e93bca7626149ae61089962995f93f9cc4e9747727b65001c34f6b9b238110,VISUAL_REQUIRED,ADD_NEW_VISUAL,ADD,GRAPH_OR_FUNCTION_STRUCTURE|NUMBER_LINE_OR_INEQUALITY_STRUCTURE|COORDINATE_OR_GEOMETRY_STRUCTURE|CASE_OR_BOUNDARY_STRUCTURE,NOT_STARTED,NOT_STARTED,NOT_STARTED,NOT_TESTED,NOT_REVIEWED,NOT_STARTED,CANDIDATE_SCOPE_ONLY
archive/exams/original/high/h1/1final/23_강남여고_1학기_기말_고1_기출.js|23_강남여고_1학기_기말_고1_기출|1,archive/exams/original/high/h1/1final/23_강남여고_1학기_기말_고1_기출.js,23_강남여고_1학기_기말_고1_기출,1,수학(상),H15-SA-08,여러 가지 부등식,H15-SA-08-SYSTEM_INEQUALITY,연립부등식,객관식,,ABSENT,,ABSENT,0,46914,7cd1b285d9909ca881a31648d75f8a094f4d26f3901d438f8a10a72733e0a7a7,2e262a2fc0d10a37b7aeffd43a9e5dafeada7c06712bf0512f13865f7847fffc,e6a0be80f0ab74c1f5d5eaf897bb476252f2d80b7790811c68da68c09588fc16,VISUAL_REQUIRED,ADD_NEW_VISUAL,ADD,NUMBER_LINE_OR_INEQUALITY_STRUCTURE|CASE_OR_BOUNDARY_STRUCTURE,NOT_STARTED,NOT_STARTED,NOT_STARTED,NOT_TESTED,NOT_REVIEWED,NOT_STARTED,CANDIDATE_SCOPE_ONLY
archive/exams/original/high/h1/1final/23_강남여고_1학기_기말_고1_기출.js|23_강남여고_1학기_기말_고1_기출|10,archive/exams/original/high/h1/1final/23_강남여고_1학기_기말_고1_기출.js,23_강남여고_1학기_기말_고1_기출,10,수학(상),H15-SA-08,여러 가지 부등식,H15-SA-08-INEQUALITY_BASIC,부등식의 풀이,객관식,,ABSENT,,ABSENT,0,46914,7cd1b285d9909ca881a31648d75f8a094f4d26f3901d438f8a10a72733e0a7a7,2c325c2533442c1aa695706e59a4fdaff6d5694f71a0ae1dc33f281e5ccc7410,0cb55d6925b5a3aefec94f8304198b859091357d1398c924dab1b57fc85ab8b1,VISUAL_REQUIRED,ADD_NEW_VISUAL,ADD,NUMBER_LINE_OR_INEQUALITY_STRUCTURE|CASE_OR_BOUNDARY_STRUCTURE,NOT_STARTED,NOT_STARTED,NOT_STARTED,NOT_TESTED,NOT_REVIEWED,NOT_STARTED,CANDIDATE_SCOPE_ONLY
archive/exams/original/high/h1/1final/23_강남여고_1학기_기말_고1_기출.js|23_강남여고_1학기_기말_고1_기출|11,archive/exams/original/high/h1/1final/23_강남여고_1학기_기말_고1_기출.js,23_강남여고_1학기_기말_고1_기출,11,수학(상),H15-SA-08,여러 가지 부등식,H15-SA-08-QUADRATIC_INEQUALITY,이차부등식,객관식,,ABSENT,,ABSENT,0,46914,7cd1b285d9909ca881a31648d75f8a094f4d26f3901d438f8a10a72733e0a7a7,69670efa7c6a3a8ef700d48c09efd956d326cf15a742bfa68cde96494999243b,13b3467cacc1145d522082a965d10d854d50c9ff84369dca8279cf7a97c14414,VISUAL_REQUIRED,ADD_NEW_VISUAL,ADD,GRAPH_OR_FUNCTION_STRUCTURE|NUMBER_LINE_OR_INEQUALITY_STRUCTURE|CASE_OR_BOUNDARY_STRUCTURE,NOT_STARTED,NOT_STARTED,NOT_STARTED,NOT_TESTED,NOT_REVIEWED,NOT_STARTED,CANDIDATE_SCOPE_ONLY
archive/exams/original/high/h1/1final/23_강남여고_1학기_기말_고1_기출.js|23_강남여고_1학기_기말_고1_기출|18,archive/exams/original/high/h1/1final/23_강남여고_1학기_기말_고1_기출.js,23_강남여고_1학기_기말_고1_기출,18,수학(상),H15-SA-08,여러 가지 부등식,H15-SA-08-INEQUALITY_BASIC,부등식의 풀이,객관식,,ABSENT,,ABSENT,0,46914,7cd1b285d9909ca881a31648d75f8a094f4d26f3901d438f8a10a72733e0a7a7,d52c814b745cf26c7fce3faac686b1b2fd383457c7e067ef9b525b7a910e863b,322b9598d5904660399ef0057e894e34d0cc64bc36ee6974e42e780e6564130e,VISUAL_REQUIRED,ADD_NEW_VISUAL,ADD,NUMBER_LINE_OR_INEQUALITY_STRUCTURE|CASE_OR_BOUNDARY_STRUCTURE,NOT_STARTED,NOT_STARTED,NOT_STARTED,NOT_TESTED,NOT_REVIEWED,NOT_STARTED,CANDIDATE_SCOPE_ONLY
archive/exams/original/high/h1/1final/23_금당고_1학기_기말_고1_기출.js|23_금당고_1학기_기말_고1_기출|11,archive/exams/original/high/h1/1final/23_금당고_1학기_기말_고1_기출.js,23_금당고_1학기_기말_고1_기출,11,수학(상),H15-SA-08,여러 가지 부등식,H15-SA-08-INEQUALITY_BASIC,부등식의 풀이,객관식,,ABSENT,,ABSENT,0,47926,3cb2140c71af081785902743409e53aac0e1027b244daba726cd645b797d00ce,c0e2e6a42b3db4b071804953372a0d9f5785ebf67e721a3b3e6758e7f0ffd7df,c0c2213158bf822847a26b08a239cb232f356fbe3ab3aecde316428bf210f63c,VISUAL_REQUIRED,ADD_NEW_VISUAL,ADD,NUMBER_LINE_OR_INEQUALITY_STRUCTURE|CASE_OR_BOUNDARY_STRUCTURE,NOT_STARTED,NOT_STARTED,NOT_STARTED,NOT_TESTED,NOT_REVIEWED,NOT_STARTED,CANDIDATE_SCOPE_ONLY
archive/exams/original/high/h1/1final/23_금당고_1학기_기말_고1_기출.js|23_금당고_1학기_기말_고1_기출|14,archive/exams/original/high/h1/1final/23_금당고_1학기_기말_고1_기출.js,23_금당고_1학기_기말_고1_기출,14,수학(상),H15-SA-08,여러 가지 부등식,H15-SA-08-INEQUALITY_BASIC,부등식의 풀이,객관식,,ABSENT,,ABSENT,0,47926,3cb2140c71af081785902743409e53aac0e1027b244daba726cd645b797d00ce,d44ff1c0e530e76cab51b3e04cb1616d3d13f5ccb13a262c62be3d436133ff92,f497a52aad82a1ed66f0f5fbd2b5d20cd05af2c7cc4a9c45375a5a95fb27cbec,VISUAL_REQUIRED,ADD_NEW_VISUAL,ADD,NUMBER_LINE_OR_INEQUALITY_STRUCTURE|CASE_OR_BOUNDARY_STRUCTURE,NOT_STARTED,NOT_STARTED,NOT_STARTED,NOT_TESTED,NOT_REVIEWED,NOT_STARTED,CANDIDATE_SCOPE_ONLY
archive/exams/original/high/h1/1final/23_금당고_1학기_기말_고1_기출.js|23_금당고_1학기_기말_고1_기출|16,archive/exams/original/high/h1/1final/23_금당고_1학기_기말_고1_기출.js,23_금당고_1학기_기말_고1_기출,16,수학(상),H15-SA-05,이차방정식,H15-SA-05-QUADRATIC_SOLVING,이차방정식의 풀이,객관식,,ABSENT,,ABSENT,0,47926,3cb2140c71af081785902743409e53aac0e1027b244daba726cd645b797d00ce,0c50bafc7b7a2eb3aaac0a9a392f1b29a13909e7da9567e054db17a7771d5179,02ac25bd9beb9bc73e610dc7e2f6a3ab00c5a92f8a48ac2ddb3d90e1178fe874,VISUAL_REQUIRED,ADD_NEW_VISUAL,ADD,GRAPH_OR_FUNCTION_STRUCTURE|NUMBER_LINE_OR_INEQUALITY_STRUCTURE|COORDINATE_OR_GEOMETRY_STRUCTURE|CASE_OR_BOUNDARY_STRUCTURE,NOT_STARTED,NOT_STARTED,NOT_STARTED,NOT_TESTED,NOT_REVIEWED,NOT_STARTED,CANDIDATE_SCOPE_ONLY
archive/exams/original/high/h1/1final/23_금당고_1학기_기말_고1_기출.js|23_금당고_1학기_기말_고1_기출|4,archive/exams/original/high/h1/1final/23_금당고_1학기_기말_고1_기출.js,23_금당고_1학기_기말_고1_기출,4,수학(상),H15-SA-08,여러 가지 부등식,H15-SA-08-INEQUALITY_BASIC,부등식의 풀이,객관식,,ABSENT,,ABSENT,0,47926,3cb2140c71af081785902743409e53aac0e1027b244daba726cd645b797d00ce,31af6d3fc98481d6654411813b61d62d60a9ad71d787c9f5eba96da3dd9a4305,fc85623367fb6eac59639254aa3fd991b040389364201748300862f43be8f4c0,VISUAL_REQUIRED,ADD_NEW_VISUAL,ADD,NUMBER_LINE_OR_INEQUALITY_STRUCTURE,NOT_STARTED,NOT_STARTED,NOT_STARTED,NOT_TESTED,NOT_REVIEWED,NOT_STARTED,CANDIDATE_SCOPE_ONLY
archive/exams/original/high/h1/1final/23_매산고_1학기_기말_고1_기출.js|23_매산고_1학기_기말_고1_기출|11,archive/exams/original/high/h1/1final/23_매산고_1학기_기말_고1_기출.js,23_매산고_1학기_기말_고1_기출,11,수학(상),H15-SA-08,여러 가지 부등식,H15-SA-08-ABSOLUTE_INEQUALITY,절댓값 부등식,객관식,,ABSENT,,ABSENT,0,49229,103fb217d2a74a40cd26ba52f33511f013cf9ae4ccd78c56402e14d456d70ae9,74423c1639412aa6f55071c4e47b1497d49fc00448042e45f9a257cd07244f44,fc59ee4eeaae5efa50d69e00316dc881ece139bcd44f9537f6a752d6288564d9,VISUAL_REQUIRED,ADD_NEW_VISUAL,ADD,NUMBER_LINE_OR_INEQUALITY_STRUCTURE,NOT_STARTED,NOT_STARTED,NOT_STARTED,NOT_TESTED,NOT_REVIEWED,NOT_STARTED,CANDIDATE_SCOPE_ONLY
archive/exams/original/high/h1/1final/23_매산고_1학기_기말_고1_기출.js|23_매산고_1학기_기말_고1_기출|13,archive/exams/original/high/h1/1final/23_매산고_1학기_기말_고1_기출.js,23_매산고_1학기_기말_고1_기출,13,수학(상),H15-SA-08,여러 가지 부등식,H15-SA-08-QUADRATIC_INEQUALITY,이차부등식,객관식,,ABSENT,,ABSENT,0,49229,103fb217d2a74a40cd26ba52f33511f013cf9ae4ccd78c56402e14d456d70ae9,5e3f72f4fc7e85740fb5cca54eb731e4a2cdf78b573d9d8cbc45ac016ee80121,31a919235a61ac868413efdc4758ef1b649e83478afc81aea9006401016a3f79,VISUAL_REQUIRED,ADD_NEW_VISUAL,ADD,GRAPH_OR_FUNCTION_STRUCTURE|NUMBER_LINE_OR_INEQUALITY_STRUCTURE|CASE_OR_BOUNDARY_STRUCTURE,NOT_STARTED,NOT_STARTED,NOT_STARTED,NOT_TESTED,NOT_REVIEWED,NOT_STARTED,CANDIDATE_SCOPE_ONLY
archive/exams/original/high/h1/1final/23_매산고_1학기_기말_고1_기출.js|23_매산고_1학기_기말_고1_기출|17,archive/exams/original/high/h1/1final/23_매산고_1학기_기말_고1_기출.js,23_매산고_1학기_기말_고1_기출,17,수학(상),H15-SA-08,여러 가지 부등식,H15-SA-08-SYSTEM_INEQUALITY,연립부등식,단답형,,ABSENT,,ABSENT,0,49229,103fb217d2a74a40cd26ba52f33511f013cf9ae4ccd78c56402e14d456d70ae9,1f4cee44a4c44b1e1131ac1163b6df679c4ac23e09252b14725e1052de0afa03,a655125d5eb3d6ba4c2e9bc6eef203eac732eb0ea8b649fa4eee5059ea50b82a,VISUAL_REQUIRED,ADD_NEW_VISUAL,ADD,NUMBER_LINE_OR_INEQUALITY_STRUCTURE|CASE_OR_BOUNDARY_STRUCTURE,NOT_STARTED,NOT_STARTED,NOT_STARTED,NOT_TESTED,NOT_REVIEWED,NOT_STARTED,CANDIDATE_SCOPE_ONLY
archive/exams/original/high/h1/1final/23_매산고_1학기_기말_고1_기출.js|23_매산고_1학기_기말_고1_기출|19,archive/exams/original/high/h1/1final/23_매산고_1학기_기말_고1_기출.js,23_매산고_1학기_기말_고1_기출,19,수학(상),H15-SA-08,여러 가지 부등식,H15-SA-08-QUADRATIC_INEQUALITY,이차부등식,서술형,,ABSENT,,ABSENT,0,49229,103fb217d2a74a40cd26ba52f33511f013cf9ae4ccd78c56402e14d456d70ae9,f02641ff6883b9f310ccd68fdc177ab3b4d378cf0177e27dfba560e37fb9114c,6656e822aa561e2dd303695df1a05e9458c96e210df1abfd99cdbcc2112adc70,VISUAL_REQUIRED,ADD_NEW_VISUAL,ADD,GRAPH_OR_FUNCTION_STRUCTURE|NUMBER_LINE_OR_INEQUALITY_STRUCTURE|CASE_OR_BOUNDARY_STRUCTURE,NOT_STARTED,NOT_STARTED,NOT_STARTED,NOT_TESTED,NOT_REVIEWED,NOT_STARTED,CANDIDATE_SCOPE_ONLY
archive/exams/original/high/h1/1final/23_매산고_1학기_기말_고1_기출.js|23_매산고_1학기_기말_고1_기출|3,archive/exams/original/high/h1/1final/23_매산고_1학기_기말_고1_기출.js,23_매산고_1학기_기말_고1_기출,3,수학(상),H15-SA-08,여러 가지 부등식,H15-SA-08-INEQUALITY_BASIC,부등식의 풀이,객관식,,ABSENT,,ABSENT,0,49229,103fb217d2a74a40cd26ba52f33511f013cf9ae4ccd78c56402e14d456d70ae9,d1cd6e10ab489be511a6ab28c0a9c5085b07d5dcb9ba9ec9f6588a2734acc37b,99b89ae6dc3555f806fab0323492c8530605b6f42429dc33d32941f6b1975c4d,VISUAL_REQUIRED,ADD_NEW_VISUAL,ADD,NUMBER_LINE_OR_INEQUALITY_STRUCTURE|CASE_OR_BOUNDARY_STRUCTURE,NOT_STARTED,NOT_STARTED,NOT_STARTED,NOT_TESTED,NOT_REVIEWED,NOT_STARTED,CANDIDATE_SCOPE_ONLY
archive/exams/original/high/h1/1final/23_매산고_1학기_기말_고1_기출.js|23_매산고_1학기_기말_고1_기출|8,archive/exams/original/high/h1/1final/23_매산고_1학기_기말_고1_기출.js,23_매산고_1학기_기말_고1_기출,8,수학(상),H15-SA-08,여러 가지 부등식,H15-SA-08-INEQUALITY_BASIC,부등식의 풀이,객관식,,ABSENT,,ABSENT,0,49229,103fb217d2a74a40cd26ba52f33511f013cf9ae4ccd78c56402e14d456d70ae9,2a8b1e298ff6ef133912b0993b53e04daef0e0d2e1e6124a5f86e02464de60fe,9da6b3898be5892a303e31133c6570b284ee79c3ca0fdf589c2bc3e63c7c9291,VISUAL_REQUIRED,ADD_NEW_VISUAL,ADD,NUMBER_LINE_OR_INEQUALITY_STRUCTURE|CASE_OR_BOUNDARY_STRUCTURE,NOT_STARTED,NOT_STARTED,NOT_STARTED,NOT_TESTED,NOT_REVIEWED,NOT_STARTED,CANDIDATE_SCOPE_ONLY
archive/exams/original/high/h1/1final/23_복성고_1학기_기말_고1_기출.js|23_복성고_1학기_기말_고1_기출|16,archive/exams/original/high/h1/1final/23_복성고_1학기_기말_고1_기출.js,23_복성고_1학기_기말_고1_기출,16,수학(상),H15-SA-08,여러 가지 부등식,H15-SA-08-INEQUALITY_APPLICATION,부등식의 활용,객관식,,ABSENT,,ABSENT,0,53293,69fb5105a30c15f1ab2477509b9a070a82c711a8322c495f36210cb8ac8eb6b9,01f6a27f9dcd07fe4928073828f0468ee464e4634ee8a14a2214ecfd5abcaf84,826cb01862303188e1f62bb65a64343da2dc38e478cab9093e2cbaad47cfde80,VISUAL_REQUIRED,ADD_NEW_VISUAL,ADD,NUMBER_LINE_OR_INEQUALITY_STRUCTURE,NOT_STARTED,NOT_STARTED,NOT_STARTED,NOT_TESTED,NOT_REVIEWED,NOT_STARTED,CANDIDATE_SCOPE_ONLY
archive/exams/original/high/h1/1final/23_복성고_1학기_기말_고1_기출.js|23_복성고_1학기_기말_고1_기출|2,archive/exams/original/high/h1/1final/23_복성고_1학기_기말_고1_기출.js,23_복성고_1학기_기말_고1_기출,2,수학(상),H15-SA-08,여러 가지 부등식,H15-SA-08-INEQUALITY_BASIC,부등식의 풀이,객관식,,ABSENT,,ABSENT,0,53293,69fb5105a30c15f1ab2477509b9a070a82c711a8322c495f36210cb8ac8eb6b9,96783803b56ae5a6540dd345608940ba58a361c43a2d0380f87a2b3ba8122a00,d6eb113b1138f3b500741261c98bb640646691c0de99dade282c0e882fe3c368,VISUAL_REQUIRED,ADD_NEW_VISUAL,ADD,NUMBER_LINE_OR_INEQUALITY_STRUCTURE|CASE_OR_BOUNDARY_STRUCTURE,NOT_STARTED,NOT_STARTED,NOT_STARTED,NOT_TESTED,NOT_REVIEWED,NOT_STARTED,CANDIDATE_SCOPE_ONLY
archive/exams/original/high/h1/1final/23_복성고_1학기_기말_고1_기출.js|23_복성고_1학기_기말_고1_기출|7,archive/exams/original/high/h1/1final/23_복성고_1학기_기말_고1_기출.js,23_복성고_1학기_기말_고1_기출,7,수학(상),H15-SA-08,여러 가지 부등식,H15-SA-08-SYSTEM_INEQUALITY,연립부등식,객관식,,ABSENT,,ABSENT,0,53293,69fb5105a30c15f1ab2477509b9a070a82c711a8322c495f36210cb8ac8eb6b9,f5e74dc91c9b17327207d12b74362d691f04764952236a8cae7c9620cb94c8f3,ca6dedefe72fc9f1d9ef87b6ec3a149b8236ba6890dc00f9b3346d05e17aaa21,VISUAL_REQUIRED,ADD_NEW_VISUAL,ADD,NUMBER_LINE_OR_INEQUALITY_STRUCTURE|CASE_OR_BOUNDARY_STRUCTURE,NOT_STARTED,NOT_STARTED,NOT_STARTED,NOT_TESTED,NOT_REVIEWED,NOT_STARTED,CANDIDATE_SCOPE_ONLY
archive/exams/original/high/h1/1final/23_복성고_1학기_기말_고1_기출.js|23_복성고_1학기_기말_고1_기출|9,archive/exams/original/high/h1/1final/23_복성고_1학기_기말_고1_기출.js,23_복성고_1학기_기말_고1_기출,9,수학(상),H15-SA-08,여러 가지 부등식,H15-SA-08-INEQUALITY_BASIC,부등식의 풀이,객관식,,ABSENT,,ABSENT,0,53293,69fb5105a30c15f1ab2477509b9a070a82c711a8322c495f36210cb8ac8eb6b9,7be396aa0aa152272042886b8be7b4002e91b9f0e11e888fde0b588d50ea52bc,1bf0a11439a25fb27fbc151060a7eb2fa294d7fafdf0e64c95462df755dbf2a2,VISUAL_REQUIRED,ADD_NEW_VISUAL,ADD,NUMBER_LINE_OR_INEQUALITY_STRUCTURE|CASE_OR_BOUNDARY_STRUCTURE,NOT_STARTED,NOT_STARTED,NOT_STARTED,NOT_TESTED,NOT_REVIEWED,NOT_STARTED,CANDIDATE_SCOPE_ONLY
archive/exams/original/high/h1/1final/23_순천여고_1학기_기말_고1_기출.js|23_순천여고_1학기_기말_고1_기출|20,archive/exams/original/high/h1/1final/23_순천여고_1학기_기말_고1_기출.js,23_순천여고_1학기_기말_고1_기출,20,수학(상),H15-SA-05,이차방정식,H15-SA-05-EQUATION_FUNCTION_RELATION,이차방정식과 이차함수의 관계,객관식,assets/images/23_순천여고_1학기_기말_고1_기출/q20.png,PRESENT,,ABSENT,0,52371,95bf85df325d68f2641f60838e0486ad9a9ebf1b529ad42c7bef91bbdb835c2e,76d498541324102d3c371be5891505df6d1a44c3bc71fe235fce674918c85207,d45bd17fcd41442940551b77081e290dcda6b3bcfbaa5da91951776b9b260d2e,VISUAL_REQUIRED,ADD_NEW_VISUAL,ADD,GRAPH_OR_FUNCTION_STRUCTURE|COORDINATE_OR_GEOMETRY_STRUCTURE|CASE_OR_BOUNDARY_STRUCTURE,NOT_STARTED,NOT_STARTED,NOT_STARTED,NOT_TESTED,NOT_REVIEWED,NOT_STARTED,CANDIDATE_SCOPE_ONLY
archive/exams/original/high/h1/1final/23_순천여고_1학기_기말_고1_기출.js|23_순천여고_1학기_기말_고1_기출|23,archive/exams/original/high/h1/1final/23_순천여고_1학기_기말_고1_기출.js,23_순천여고_1학기_기말_고1_기출,23,수학(상),H15-SA-05,이차방정식,H15-SA-05-EQUATION_FUNCTION_RELATION,이차방정식과 이차함수의 관계,서술형,assets/images/23_순천여고_1학기_기말_고1_기출/q23.png,PRESENT,,ABSENT,0,52371,95bf85df325d68f2641f60838e0486ad9a9ebf1b529ad42c7bef91bbdb835c2e,3c5c70949b5277ad636c0132f6af8a873d5b8fe5d080976d03fcb972a334f5c2,3033b03e52543177249e24334abf4299b9e8a3e7855a58e10873756119470c6f,VISUAL_REQUIRED,ADD_NEW_VISUAL,ADD,GRAPH_OR_FUNCTION_STRUCTURE|COORDINATE_OR_GEOMETRY_STRUCTURE|CASE_OR_BOUNDARY_STRUCTURE,NOT_STARTED,NOT_STARTED,NOT_STARTED,NOT_TESTED,NOT_REVIEWED,NOT_STARTED,CANDIDATE_SCOPE_ONLY
archive/exams/original/high/h1/1final/23_순천여고_1학기_기말_고1_기출.js|23_순천여고_1학기_기말_고1_기출|7,archive/exams/original/high/h1/1final/23_순천여고_1학기_기말_고1_기출.js,23_순천여고_1학기_기말_고1_기출,7,수학(상),H15-SA-08,여러 가지 부등식,H15-SA-08-INEQUALITY_BASIC,부등식의 풀이,객관식,,ABSENT,,ABSENT,0,52371,95bf85df325d68f2641f60838e0486ad9a9ebf1b529ad42c7bef91bbdb835c2e,d214f3229274afda25965b7ddcc7a24d752c03412bbd71ffd05a717b9716f412,580cbf96c9dcc4ccdd3f85266618828fd6f2cf65ee6b9309f8dc13d206cc3bd5,VISUAL_REQUIRED,ADD_NEW_VISUAL,ADD,GRAPH_OR_FUNCTION_STRUCTURE|NUMBER_LINE_OR_INEQUALITY_STRUCTURE,NOT_STARTED,NOT_STARTED,NOT_STARTED,NOT_TESTED,NOT_REVIEWED,NOT_STARTED,CANDIDATE_SCOPE_ONLY
archive/exams/original/high/h1/1final/23_제일고_1학기_기말_고1_기출.js|23_제일고_1학기_기말_고1_기출|2,archive/exams/original/high/h1/1final/23_제일고_1학기_기말_고1_기출.js,23_제일고_1학기_기말_고1_기출,2,수학(상),H15-SA-05,이차방정식,H15-SA-05-QUADRATIC_SOLVING,이차방정식의 풀이,객관식,,ABSENT,,ABSENT,0,44937,604419154384312db7dc0b782ceaa78028ee06d0d420912d95eaa772359840c8,e85eef998f23e53dbc130dbb411c4f080d892929b6ce9e272de81b789b77cbce,79d8d1c5349523fa745cff1dfe95c68c014cf84654cbaf80590e6bb1f606a82e,VISUAL_REQUIRED,ADD_NEW_VISUAL,ADD,GRAPH_OR_FUNCTION_STRUCTURE,NOT_STARTED,NOT_STARTED,NOT_STARTED,NOT_TESTED,NOT_REVIEWED,NOT_STARTED,CANDIDATE_SCOPE_ONLY
archive/exams/original/high/h1/1final/23_제일고_1학기_기말_고1_기출.js|23_제일고_1학기_기말_고1_기출|3,archive/exams/original/high/h1/1final/23_제일고_1학기_기말_고1_기출.js,23_제일고_1학기_기말_고1_기출,3,수학(상),H15-SA-05,이차방정식,H15-SA-05-EQUATION_FUNCTION_RELATION,이차방정식과 이차함수의 관계,객관식,,ABSENT,,ABSENT,0,44937,604419154384312db7dc0b782ceaa78028ee06d0d420912d95eaa772359840c8,8aa4a5c1d78c38eecd1cd1903c935a3799629b350164481a4c85d74bfb6073fc,73162de5aa2661b11012c60757af4d6d445a98caeaa0f46f8e2342480ef3c7de,VISUAL_REQUIRED,ADD_NEW_VISUAL,ADD,GRAPH_OR_FUNCTION_STRUCTURE|NUMBER_LINE_OR_INEQUALITY_STRUCTURE,NOT_STARTED,NOT_STARTED,NOT_STARTED,NOT_TESTED,NOT_REVIEWED,NOT_STARTED,CANDIDATE_SCOPE_ONLY
archive/exams/original/high/h1/1final/23_제일고_1학기_기말_고1_기출.js|23_제일고_1학기_기말_고1_기출|4,archive/exams/original/high/h1/1final/23_제일고_1학기_기말_고1_기출.js,23_제일고_1학기_기말_고1_기출,4,수학(상),H15-SA-08,여러 가지 부등식,H15-SA-08-INEQUALITY_BASIC,부등식의 풀이,객관식,,ABSENT,,ABSENT,0,44937,604419154384312db7dc0b782ceaa78028ee06d0d420912d95eaa772359840c8,0ba30d1f3a51bf4e7d9668b44bf9abfd233919381457ae0b99dc1ffdb3ec3027,260d8c80556b32485e3c224aae86b63428ec65ec464457140cdeb068348b4527,VISUAL_REQUIRED,ADD_NEW_VISUAL,ADD,NUMBER_LINE_OR_INEQUALITY_STRUCTURE|CASE_OR_BOUNDARY_STRUCTURE,NOT_STARTED,NOT_STARTED,NOT_STARTED,NOT_TESTED,NOT_REVIEWED,NOT_STARTED,CANDIDATE_SCOPE_ONLY
archive/exams/original/high/h1/1final/23_제일고_1학기_기말_고1_기출.js|23_제일고_1학기_기말_고1_기출|6,archive/exams/original/high/h1/1final/23_제일고_1학기_기말_고1_기출.js,23_제일고_1학기_기말_고1_기출,6,수학(상),H15-SA-08,여러 가지 부등식,H15-SA-08-ABSOLUTE_INEQUALITY,절댓값 부등식,객관식,,ABSENT,,ABSENT,0,44937,604419154384312db7dc0b782ceaa78028ee06d0d420912d95eaa772359840c8,33a5e00752326fdee17da8faeb4d24bdc5fcd69c8b485da839161bc4bef9ce45,3ac08e3c1d97dfb9295f4cfe88cd95ecf984fc6cf6a3be3e7d66e31ac5755350,VISUAL_REQUIRED,ADD_NEW_VISUAL,ADD,NUMBER_LINE_OR_INEQUALITY_STRUCTURE|CASE_OR_BOUNDARY_STRUCTURE,NOT_STARTED,NOT_STARTED,NOT_STARTED,NOT_TESTED,NOT_REVIEWED,NOT_STARTED,CANDIDATE_SCOPE_ONLY
archive/exams/original/high/h1/1final/23_제일고_1학기_기말_고1_기출.js|23_제일고_1학기_기말_고1_기출|9,archive/exams/original/high/h1/1final/23_제일고_1학기_기말_고1_기출.js,23_제일고_1학기_기말_고1_기출,9,수학(상),H15-SA-05,이차방정식,H15-SA-05-EQUATION_FUNCTION_RELATION,이차방정식과 이차함수의 관계,객관식,,ABSENT,,ABSENT,0,44937,604419154384312db7dc0b782ceaa78028ee06d0d420912d95eaa772359840c8,051c051a75464fadf922c08a118d4f6e7a85e0d091c2e35f013ff19626519a9d,bae9328fb56d4198feadf4111003d027728aee31ef16b795204279b3511e9b31,VISUAL_REQUIRED,ADD_NEW_VISUAL,ADD,GRAPH_OR_FUNCTION_STRUCTURE|COORDINATE_OR_GEOMETRY_STRUCTURE,NOT_STARTED,NOT_STARTED,NOT_STARTED,NOT_TESTED,NOT_REVIEWED,NOT_STARTED,CANDIDATE_SCOPE_ONLY
archive/exams/original/high/h1/1final/23_팔마고_1학기_기말_고1_기출.js|23_팔마고_1학기_기말_고1_기출|10,archive/exams/original/high/h1/1final/23_팔마고_1학기_기말_고1_기출.js,23_팔마고_1학기_기말_고1_기출,10,수학(상),H15-SA-08,여러 가지 부등식,H15-SA-08-SYSTEM_INEQUALITY,연립부등식,객관식,,ABSENT,,ABSENT,0,52794,85a1478e1abe3f63257d8899f4a348232651f67d5befa61d83862d884fdafaa5,8860a1c115b6208137b193bfbb10146974e342422d3f4d69753ea7952a5fffc9,ab360f417becfe0ad9fee8e18b110b2eed87bd6839ecafa0798d9b1434745c0b,VISUAL_REQUIRED,ADD_NEW_VISUAL,ADD,NUMBER_LINE_OR_INEQUALITY_STRUCTURE|CASE_OR_BOUNDARY_STRUCTURE,NOT_STARTED,NOT_STARTED,NOT_STARTED,NOT_TESTED,NOT_REVIEWED,NOT_STARTED,CANDIDATE_SCOPE_ONLY
archive/exams/original/high/h1/1final/23_팔마고_1학기_기말_고1_기출.js|23_팔마고_1학기_기말_고1_기출|13,archive/exams/original/high/h1/1final/23_팔마고_1학기_기말_고1_기출.js,23_팔마고_1학기_기말_고1_기출,13,수학(상),H15-SA-08,여러 가지 부등식,H15-SA-08-INEQUALITY_BASIC,부등식의 풀이,객관식,,ABSENT,,ABSENT,0,52794,85a1478e1abe3f63257d8899f4a348232651f67d5befa61d83862d884fdafaa5,b824e823c908ce5c4b90aa897f0eb6443588dcdf8619e82a2111c7ba38972b80,165d3e805960129923798b5483735310b038ae26cef81d3ddc48342bdd2c36e4,VISUAL_REQUIRED,ADD_NEW_VISUAL,ADD,NUMBER_LINE_OR_INEQUALITY_STRUCTURE|CASE_OR_BOUNDARY_STRUCTURE,NOT_STARTED,NOT_STARTED,NOT_STARTED,NOT_TESTED,NOT_REVIEWED,NOT_STARTED,CANDIDATE_SCOPE_ONLY
archive/exams/original/high/h1/1final/23_팔마고_1학기_기말_고1_기출.js|23_팔마고_1학기_기말_고1_기출|15,archive/exams/original/high/h1/1final/23_팔마고_1학기_기말_고1_기출.js,23_팔마고_1학기_기말_고1_기출,15,수학(상),H15-SA-08,여러 가지 부등식,H15-SA-08-INEQUALITY_APPLICATION,부등식의 활용,객관식,,ABSENT,,ABSENT,0,52794,85a1478e1abe3f63257d8899f4a348232651f67d5befa61d83862d884fdafaa5,ee7a254171126efab1ccf70683048645f8be39506777386af67d0ea80266f771,d75193e45a2ba4d9157bb4af5b42cbc906d2307b7f80a84e78188706678ad3d2,VISUAL_REQUIRED,ADD_NEW_VISUAL,ADD,NUMBER_LINE_OR_INEQUALITY_STRUCTURE|CASE_OR_BOUNDARY_STRUCTURE,NOT_STARTED,NOT_STARTED,NOT_STARTED,NOT_TESTED,NOT_REVIEWED,NOT_STARTED,CANDIDATE_SCOPE_ONLY
archive/exams/original/high/h1/1final/23_팔마고_1학기_기말_고1_기출.js|23_팔마고_1학기_기말_고1_기출|20,archive/exams/original/high/h1/1final/23_팔마고_1학기_기말_고1_기출.js,23_팔마고_1학기_기말_고1_기출,20,수학(상),H15-SA-08,여러 가지 부등식,H15-SA-08-INEQUALITY_BASIC,부등식의 풀이,서술형,,ABSENT,,ABSENT,0,52794,85a1478e1abe3f63257d8899f4a348232651f67d5befa61d83862d884fdafaa5,0b16a389d5e9559d2978fcae88b35c5fa1e5ae1f9ee1a9b3f36162255d250943,7a99f4dcc1b03fe78bfb473f07ce5e79b634994e168c2b9e71784d6f5c514052,VISUAL_REQUIRED,ADD_NEW_VISUAL,ADD,NUMBER_LINE_OR_INEQUALITY_STRUCTURE|CASE_OR_BOUNDARY_STRUCTURE,NOT_STARTED,NOT_STARTED,NOT_STARTED,NOT_TESTED,NOT_REVIEWED,NOT_STARTED,CANDIDATE_SCOPE_ONLY
archive/exams/original/high/h1/1final/23_팔마고_1학기_기말_고1_기출.js|23_팔마고_1학기_기말_고1_기출|7,archive/exams/original/high/h1/1final/23_팔마고_1학기_기말_고1_기출.js,23_팔마고_1학기_기말_고1_기출,7,수학(상),H15-SA-08,여러 가지 부등식,H15-SA-08-QUADRATIC_INEQUALITY,이차부등식,객관식,,ABSENT,,ABSENT,0,52794,85a1478e1abe3f63257d8899f4a348232651f67d5befa61d83862d884fdafaa5,9c07d23e836c97fac32acb591523773a01823b4c48d531f89cb06f4af3a42f69,1398aa934a8d620b0452a9db86ea97d7533dc4d74f73c2caae693589b5f32f09,VISUAL_REQUIRED,ADD_NEW_VISUAL,ADD,GRAPH_OR_FUNCTION_STRUCTURE|NUMBER_LINE_OR_INEQUALITY_STRUCTURE|CASE_OR_BOUNDARY_STRUCTURE,NOT_STARTED,NOT_STARTED,NOT_STARTED,NOT_TESTED,NOT_REVIEWED,NOT_STARTED,CANDIDATE_SCOPE_ONLY
archive/exams/original/high/h1/1final/23_팔마고_1학기_기말_고1_기출.js|23_팔마고_1학기_기말_고1_기출|9,archive/exams/original/high/h1/1final/23_팔마고_1학기_기말_고1_기출.js,23_팔마고_1학기_기말_고1_기출,9,수학(상),H15-SA-08,여러 가지 부등식,H15-SA-08-INEQUALITY_APPLICATION,부등식의 활용,객관식,,ABSENT,,ABSENT,0,52794,85a1478e1abe3f63257d8899f4a348232651f67d5befa61d83862d884fdafaa5,85c9dca4f951b0b4545249de336f29713d2aed9cf815fbe134fa69de99dd2b44,f06743d55ec70d38ce28c5b6452962040c8d1257b369fc5e3515b2f754966e08,VISUAL_REQUIRED,ADD_NEW_VISUAL,ADD,NUMBER_LINE_OR_INEQUALITY_STRUCTURE|CASE_OR_BOUNDARY_STRUCTURE,NOT_STARTED,NOT_STARTED,NOT_STARTED,NOT_TESTED,NOT_REVIEWED,NOT_STARTED,CANDIDATE_SCOPE_ONLY
archive/exams/original/high/h1/1final/24_금당고_1학기_기말_고1_기출.js|24_금당고_1학기_기말_고1_기출|1,archive/exams/original/high/h1/1final/24_금당고_1학기_기말_고1_기출.js,24_금당고_1학기_기말_고1_기출,1,수학(상),H15-SA-08,여러 가지 부등식,H15-SA-08-EQUATION_BASIC,방정식의 풀이,객관식,,ABSENT,,ABSENT,0,41662,ead644f7a1b2c3144d85247ba54d74d7c3012911d044a92ea8769dcca8d0e9d1,77a6ae7540ba3c5c6f857ad36ca71ba898a9ebe1fbf094e71b49f720e85e3b8c,15b7ad288a170a1b20314550d8773ada023527cc257e54dd7d69cc37dbaa1337,VISUAL_REQUIRED,ADD_NEW_VISUAL,ADD,GRAPH_OR_FUNCTION_STRUCTURE|NUMBER_LINE_OR_INEQUALITY_STRUCTURE|CASE_OR_BOUNDARY_STRUCTURE,NOT_STARTED,NOT_STARTED,NOT_STARTED,NOT_TESTED,NOT_REVIEWED,NOT_STARTED,CANDIDATE_SCOPE_ONLY
archive/exams/original/high/h1/1final/24_금당고_1학기_기말_고1_기출.js|24_금당고_1학기_기말_고1_기출|18,archive/exams/original/high/h1/1final/24_금당고_1학기_기말_고1_기출.js,24_금당고_1학기_기말_고1_기출,18,수학(상),H15-SA-08,여러 가지 부등식,H15-SA-08-SYSTEM_INEQUALITY,연립부등식,서술형,,ABSENT,,ABSENT,0,41662,ead644f7a1b2c3144d85247ba54d74d7c3012911d044a92ea8769dcca8d0e9d1,0849a711909ca6e144225ce3a6930bdc5ab38036648fcf26daa39a369a2850a9,20773da6e9538d5d4a14c768896cea1797276e46dd84bccb344dfe28c01cc900,VISUAL_REQUIRED,ADD_NEW_VISUAL,ADD,NUMBER_LINE_OR_INEQUALITY_STRUCTURE|CASE_OR_BOUNDARY_STRUCTURE,NOT_STARTED,NOT_STARTED,NOT_STARTED,NOT_TESTED,NOT_REVIEWED,NOT_STARTED,CANDIDATE_SCOPE_ONLY
archive/exams/original/high/h1/1final/24_매산고_1학기_기말_고1_기출.js|24_매산고_1학기_기말_고1_기출|1,archive/exams/original/high/h1/1final/24_매산고_1학기_기말_고1_기출.js,24_매산고_1학기_기말_고1_기출,1,수학(상),H15-SA-08,여러 가지 부등식,H15-SA-08-INEQUALITY_BASIC,부등식의 풀이,객관식,,ABSENT,,ABSENT,0,47149,2f4b502c1c58cf2461146d883c4efaad6aac49250a9c554f0b6313b5384e74af,7ca2eb818b88b0808096f35855716deeb09f4012d146ff92c1a4ed33acbe1b2c,90ee973c002180315a586567a82a523fa49c24502da6f79b1e5dfdc65c51b31d,VISUAL_REQUIRED,ADD_NEW_VISUAL,ADD,NUMBER_LINE_OR_INEQUALITY_STRUCTURE|CASE_OR_BOUNDARY_STRUCTURE,NOT_STARTED,NOT_STARTED,NOT_STARTED,NOT_TESTED,NOT_REVIEWED,NOT_STARTED,CANDIDATE_SCOPE_ONLY
archive/exams/original/high/h1/1final/24_매산고_1학기_기말_고1_기출.js|24_매산고_1학기_기말_고1_기출|13,archive/exams/original/high/h1/1final/24_매산고_1학기_기말_고1_기출.js,24_매산고_1학기_기말_고1_기출,13,수학(상),H15-SA-08,여러 가지 부등식,H15-SA-08-ABSOLUTE_INEQUALITY,절댓값 부등식,객관식,,ABSENT,,ABSENT,0,47149,2f4b502c1c58cf2461146d883c4efaad6aac49250a9c554f0b6313b5384e74af,f0363b1e3467cfe9858266d1dcc1eb397f1345bb8201e187d6012a87baa77b65,01f4d06dc262dd59a9fb55d8ddde6e3667290dc6cc4e4c0d784e9d1280d03246,VISUAL_REQUIRED,ADD_NEW_VISUAL,ADD,NUMBER_LINE_OR_INEQUALITY_STRUCTURE|COORDINATE_OR_GEOMETRY_STRUCTURE,NOT_STARTED,NOT_STARTED,NOT_STARTED,NOT_TESTED,NOT_REVIEWED,NOT_STARTED,CANDIDATE_SCOPE_ONLY
archive/exams/original/high/h1/1final/24_매산고_1학기_기말_고1_기출.js|24_매산고_1학기_기말_고1_기출|2,archive/exams/original/high/h1/1final/24_매산고_1학기_기말_고1_기출.js,24_매산고_1학기_기말_고1_기출,2,수학(상),H15-SA-08,여러 가지 부등식,H15-SA-08-QUADRATIC_INEQUALITY,이차부등식,객관식,,ABSENT,,ABSENT,0,47149,2f4b502c1c58cf2461146d883c4efaad6aac49250a9c554f0b6313b5384e74af,c93c6942f5d4925950eacfcac31de0f0bb6470d330f23e506dbb36579976c90d,38b5278c843ae59a6af73d852adbf58d8517a853354f48a928fce840ed4a0ea9,VISUAL_REQUIRED,ADD_NEW_VISUAL,ADD,NUMBER_LINE_OR_INEQUALITY_STRUCTURE,NOT_STARTED,NOT_STARTED,NOT_STARTED,NOT_TESTED,NOT_REVIEWED,NOT_STARTED,CANDIDATE_SCOPE_ONLY
archive/exams/original/high/h1/1final/24_제일고_1학기_기말_고1_기출.js|24_제일고_1학기_기말_고1_기출|1,archive/exams/original/high/h1/1final/24_제일고_1학기_기말_고1_기출.js,24_제일고_1학기_기말_고1_기출,1,수학(상),H15-SA-05,이차방정식,H15-SA-05-QUADRATIC_SOLVING,이차방정식의 풀이,객관식,,ABSENT,,ABSENT,0,50744,8818e9bf1dbcc3b8003304aa50c161e0e9c94486c320b7de80ef1d4660d653d8,f3835d29f14e6909e5a4e9ad96136bf7285471acc26340453304d1abbaa330f1,44d546d5c2457214ead4956dbfb08763446182ef22902f64cc95ba203938c0f0,VISUAL_REQUIRED,ADD_NEW_VISUAL,ADD,GRAPH_OR_FUNCTION_STRUCTURE,NOT_STARTED,NOT_STARTED,NOT_STARTED,NOT_TESTED,NOT_REVIEWED,NOT_STARTED,CANDIDATE_SCOPE_ONLY
archive/exams/original/high/h1/1final/24_제일고_1학기_기말_고1_기출.js|24_제일고_1학기_기말_고1_기출|19,archive/exams/original/high/h1/1final/24_제일고_1학기_기말_고1_기출.js,24_제일고_1학기_기말_고1_기출,19,수학(상),H15-SA-08,여러 가지 부등식,H15-SA-08-SYSTEM_INEQUALITY,연립부등식,서술형,,ABSENT,,ABSENT,0,50744,8818e9bf1dbcc3b8003304aa50c161e0e9c94486c320b7de80ef1d4660d653d8,5c6ef185037acfb324c6d6608f4956b37042d7c63c73d086df77069953158858,352545f02730aea6f060378e9e8fde8f0af00e484a74174854f1f8dec8b45a5a,VISUAL_REQUIRED,ADD_NEW_VISUAL,ADD,NUMBER_LINE_OR_INEQUALITY_STRUCTURE|CASE_OR_BOUNDARY_STRUCTURE,NOT_STARTED,NOT_STARTED,NOT_STARTED,NOT_TESTED,NOT_REVIEWED,NOT_STARTED,CANDIDATE_SCOPE_ONLY
archive/exams/original/high/h1/1final/24_제일고_1학기_기말_고1_기출.js|24_제일고_1학기_기말_고1_기출|2,archive/exams/original/high/h1/1final/24_제일고_1학기_기말_고1_기출.js,24_제일고_1학기_기말_고1_기출,2,수학(상),H15-SA-05,이차방정식,H15-SA-05-EQUATION_FUNCTION_RELATION,이차방정식과 이차함수의 관계,객관식,,ABSENT,,ABSENT,0,50744,8818e9bf1dbcc3b8003304aa50c161e0e9c94486c320b7de80ef1d4660d653d8,303b86fbba927f7514a2374068a764e55614c9a32081eefb220f32474ce61530,0c692af2ec95397043264cbad246dd1516e294caaca69c2151ae2de7008e3167,VISUAL_REQUIRED,ADD_NEW_VISUAL,ADD,GRAPH_OR_FUNCTION_STRUCTURE|COORDINATE_OR_GEOMETRY_STRUCTURE,NOT_STARTED,NOT_STARTED,NOT_STARTED,NOT_TESTED,NOT_REVIEWED,NOT_STARTED,CANDIDATE_SCOPE_ONLY
archive/exams/original/high/h1/1final/24_제일고_1학기_기말_고1_기출.js|24_제일고_1학기_기말_고1_기출|20,archive/exams/original/high/h1/1final/24_제일고_1학기_기말_고1_기출.js,24_제일고_1학기_기말_고1_기출,20,수학(상),H15-SA-05,이차방정식,H15-SA-05-EQUATION_BASIC,방정식의 풀이,서술형,,ABSENT,,ABSENT,0,50744,8818e9bf1dbcc3b8003304aa50c161e0e9c94486c320b7de80ef1d4660d653d8,3effcb57e2b17870bedbb976dd128f85275b5bc5efe61f54f2f6bd2744fcdcca,074ca46905af3357916f67c56eaa153cd90ded58697206d9f65576b5865229be,VISUAL_REQUIRED,ADD_NEW_VISUAL,ADD,GRAPH_OR_FUNCTION_STRUCTURE,NOT_STARTED,NOT_STARTED,NOT_STARTED,NOT_TESTED,NOT_REVIEWED,NOT_STARTED,CANDIDATE_SCOPE_ONLY
archive/exams/original/high/h1/1final/25_강남여고_1학기_기말_고1_기출c.js|25_강남여고_1학기_기말_고1_기출c|10,archive/exams/original/high/h1/1final/25_강남여고_1학기_기말_고1_기출c.js,25_강남여고_1학기_기말_고1_기출c,10,공통수학1,H22-C-06,여러 가지 방정식과 부등식,H22-C-06-SYSTEM_OF_EQUATIONS,연립방정식,객관식,,ABSENT,,ABSENT,0,49982,54669b7f56b5e816d952a323c9b43cd38c004fadcd52e8f8af387558c9aae7df,04e2fe3a96890d4f85dde372b4342b99bb6c6b416eac72f2bfa0a1c1387733bb,d0fbfe19a23b342a7178b3ebcb40dbf58b65aaf8902439539894013a0ee03fe9,VISUAL_OPTIONAL_OR_EXEMPT_CANDIDATE,NO_VISUAL,NONE,GRAPH_OR_FUNCTION_STRUCTURE|NUMBER_LINE_OR_INEQUALITY_STRUCTURE,NOT_STARTED,NOT_STARTED,NOT_STARTED,NOT_TESTED,NOT_REVIEWED,NOT_STARTED,CANDIDATE_SCOPE_ONLY
archive/exams/original/high/h1/1final/25_강남여고_1학기_기말_고1_기출c.js|25_강남여고_1학기_기말_고1_기출c|13,archive/exams/original/high/h1/1final/25_강남여고_1학기_기말_고1_기출c.js,25_강남여고_1학기_기말_고1_기출c,13,공통수학1,H22-C-05,이차방정식과 이차함수,H22-C-05-QUADRATIC_FUNCTION_APPLICATION,이차함수의 활용,객관식,,ABSENT,,ABSENT,0,49982,54669b7f56b5e816d952a323c9b43cd38c004fadcd52e8f8af387558c9aae7df,47d9185491f8ebf0d1b06e62cd9a11fb6941b485e28551496fce316e67d62f7c,618a4e5e91df584917d20855437da6dc354652f8eb3aff67c530d8d379d1d206,VISUAL_REQUIRED,ADD_NEW_VISUAL,ADD,GRAPH_OR_FUNCTION_STRUCTURE|NUMBER_LINE_OR_INEQUALITY_STRUCTURE|CASE_OR_BOUNDARY_STRUCTURE,NOT_STARTED,NOT_STARTED,NOT_STARTED,NOT_TESTED,NOT_REVIEWED,NOT_STARTED,CANDIDATE_SCOPE_ONLY
archive/exams/original/high/h1/1final/25_강남여고_1학기_기말_고1_기출c.js|25_강남여고_1학기_기말_고1_기출c|14,archive/exams/original/high/h1/1final/25_강남여고_1학기_기말_고1_기출c.js,25_강남여고_1학기_기말_고1_기출c,14,공통수학1,H22-C-06,여러 가지 방정식과 부등식,H22-C-06-SYSTEM_OF_EQUATIONS,연립방정식,객관식,,ABSENT,,ABSENT,0,49982,54669b7f56b5e816d952a323c9b43cd38c004fadcd52e8f8af387558c9aae7df,0527bcc7e212aa23f7ef8f45f6f455ee1803b2ce207720a85e493f49b6008161,6980625632b1e9de2592f88f0d2a86c835c085f68087d5ade94fd2a54ebe6ac7,VISUAL_OPTIONAL_OR_EXEMPT_CANDIDATE,NO_VISUAL,NONE,NUMBER_LINE_OR_INEQUALITY_STRUCTURE,NOT_STARTED,NOT_STARTED,NOT_STARTED,NOT_TESTED,NOT_REVIEWED,NOT_STARTED,CANDIDATE_SCOPE_ONLY
archive/exams/original/high/h1/1final/25_강남여고_1학기_기말_고1_기출c.js|25_강남여고_1학기_기말_고1_기출c|17,archive/exams/original/high/h1/1final/25_강남여고_1학기_기말_고1_기출c.js,25_강남여고_1학기_기말_고1_기출c,17,공통수학1,H22-C-06,여러 가지 방정식과 부등식,H22-C-06-HIGHER_INEQUALITY,여러 가지 부등식,객관식,,ABSENT,,ABSENT,0,49982,54669b7f56b5e816d952a323c9b43cd38c004fadcd52e8f8af387558c9aae7df,36583e5bb6b7004d29291891cfa0a21a3fbd2e01acce09e05cfa0bbdce8b101b,13a782c50464a4ce364a4c13e411f4f7677f17a39be1acaaa761e1e36c3b8eee,VISUAL_REQUIRED,ADD_NEW_VISUAL,ADD,GRAPH_OR_FUNCTION_STRUCTURE|NUMBER_LINE_OR_INEQUALITY_STRUCTURE|COORDINATE_OR_GEOMETRY_STRUCTURE|CASE_OR_BOUNDARY_STRUCTURE,NOT_STARTED,NOT_STARTED,NOT_STARTED,NOT_TESTED,NOT_REVIEWED,NOT_STARTED,CANDIDATE_SCOPE_ONLY
archive/exams/original/high/h1/1final/25_강남여고_1학기_기말_고1_기출c.js|25_강남여고_1학기_기말_고1_기출c|18,archive/exams/original/high/h1/1final/25_강남여고_1학기_기말_고1_기출c.js,25_강남여고_1학기_기말_고1_기출c,18,공통수학1,H22-C-05,이차방정식과 이차함수,H22-C-05-QUADRATIC_FUNCTION_GRAPH,이차함수의 그래프,객관식,,ABSENT,,ABSENT,0,49982,54669b7f56b5e816d952a323c9b43cd38c004fadcd52e8f8af387558c9aae7df,5f1451ef6f68b3240e7ec8ee77a70e3f4a42294dda66c2500e3f23dba29c1322,f8b2fa375159f8e6443870eee4fe3d2c82f75539fbc933a352d6e5223604dba1,VISUAL_REQUIRED,ADD_NEW_VISUAL,ADD,GRAPH_OR_FUNCTION_STRUCTURE|COORDINATE_OR_GEOMETRY_STRUCTURE|CASE_OR_BOUNDARY_STRUCTURE,NOT_STARTED,NOT_STARTED,NOT_STARTED,NOT_TESTED,NOT_REVIEWED,NOT_STARTED,CANDIDATE_SCOPE_ONLY
archive/exams/original/high/h1/1final/25_강남여고_1학기_기말_고1_기출c.js|25_강남여고_1학기_기말_고1_기출c|19,archive/exams/original/high/h1/1final/25_강남여고_1학기_기말_고1_기출c.js,25_강남여고_1학기_기말_고1_기출c,19,공통수학1,H22-C-06,여러 가지 방정식과 부등식,H22-C-06-HIGHER_INEQUALITY,여러 가지 부등식,객관식,,ABSENT,,ABSENT,0,49982,54669b7f56b5e816d952a323c9b43cd38c004fadcd52e8f8af387558c9aae7df,1c6eaca7d4515d7953c1b9895e63b72ffbc1a37dd38d2ebc8caf721c1900515c,dbd64a9b374b69f11db951beb8fcd3cbf36ffe146440da80111a61f186e4c723,VISUAL_REQUIRED,ADD_NEW_VISUAL,ADD,NUMBER_LINE_OR_INEQUALITY_STRUCTURE|CASE_OR_BOUNDARY_STRUCTURE,NOT_STARTED,NOT_STARTED,NOT_STARTED,NOT_TESTED,NOT_REVIEWED,NOT_STARTED,CANDIDATE_SCOPE_ONLY
archive/exams/original/high/h1/1final/25_강남여고_1학기_기말_고1_기출c.js|25_강남여고_1학기_기말_고1_기출c|20,archive/exams/original/high/h1/1final/25_강남여고_1학기_기말_고1_기출c.js,25_강남여고_1학기_기말_고1_기출c,20,공통수학1,H22-C-05,이차방정식과 이차함수,H22-C-05-QUADRATIC_FUNCTION_GRAPH,이차함수의 그래프,객관식,,ABSENT,,ABSENT,0,49982,54669b7f56b5e816d952a323c9b43cd38c004fadcd52e8f8af387558c9aae7df,1227abdf6e87eee5260116a16c33fc4bad867429c2b6772b39aac83b3749fbc4,544c80ef0ca314ce0471bb6438717caf00d469c6b18145c209ffbafdb9c7ecff,VISUAL_REQUIRED,ADD_NEW_VISUAL,ADD,GRAPH_OR_FUNCTION_STRUCTURE|COORDINATE_OR_GEOMETRY_STRUCTURE|CASE_OR_BOUNDARY_STRUCTURE,NOT_STARTED,NOT_STARTED,NOT_STARTED,NOT_TESTED,NOT_REVIEWED,NOT_STARTED,CANDIDATE_SCOPE_ONLY
archive/exams/original/high/h1/1final/25_강남여고_1학기_기말_고1_기출c.js|25_강남여고_1학기_기말_고1_기출c|22,archive/exams/original/high/h1/1final/25_강남여고_1학기_기말_고1_기출c.js,25_강남여고_1학기_기말_고1_기출c,22,공통수학1,H22-C-06,여러 가지 방정식과 부등식,H22-C-06-HIGHER_INEQUALITY,여러 가지 부등식,단답형,,ABSENT,,ABSENT,0,49982,54669b7f56b5e816d952a323c9b43cd38c004fadcd52e8f8af387558c9aae7df,6585376d545e9bd3185710c5757174020de5ce458dc598191d9b5569e7b39213,8a27abd88fac93e112f6a26118dcd5bb8694f0eeb1d18ba0e187d6ff425d0511,VISUAL_REQUIRED,ADD_NEW_VISUAL,ADD,NUMBER_LINE_OR_INEQUALITY_STRUCTURE|CASE_OR_BOUNDARY_STRUCTURE,NOT_STARTED,NOT_STARTED,NOT_STARTED,NOT_TESTED,NOT_REVIEWED,NOT_STARTED,CANDIDATE_SCOPE_ONLY
archive/exams/original/high/h1/1final/25_강남여고_1학기_기말_고1_기출c.js|25_강남여고_1학기_기말_고1_기출c|4,archive/exams/original/high/h1/1final/25_강남여고_1학기_기말_고1_기출c.js,25_강남여고_1학기_기말_고1_기출c,4,공통수학1,H22-C-06,여러 가지 방정식과 부등식,H22-C-06-HIGHER_INEQUALITY,여러 가지 부등식,객관식,,ABSENT,,ABSENT,0,49982,54669b7f56b5e816d952a323c9b43cd38c004fadcd52e8f8af387558c9aae7df,024b87175d689618f15ae4bf2ef0e16c265f7edf3c8cd68c4a33f453082c89d6,fa85e830a212fbf6973f7086c33c4d6e2bc953dd08fc3c9fd402c1ce8138786c,VISUAL_REQUIRED,ADD_NEW_VISUAL,ADD,NUMBER_LINE_OR_INEQUALITY_STRUCTURE|CASE_OR_BOUNDARY_STRUCTURE,NOT_STARTED,NOT_STARTED,NOT_STARTED,NOT_TESTED,NOT_REVIEWED,NOT_STARTED,CANDIDATE_SCOPE_ONLY
archive/exams/original/high/h1/1final/25_강남여고_1학기_기말_고1_기출c.js|25_강남여고_1학기_기말_고1_기출c|5,archive/exams/original/high/h1/1final/25_강남여고_1학기_기말_고1_기출c.js,25_강남여고_1학기_기말_고1_기출c,5,공통수학1,H22-C-05,이차방정식과 이차함수,H22-C-05-QUADRATIC_EQUATION,이차방정식,객관식,,ABSENT,,ABSENT,0,49982,54669b7f56b5e816d952a323c9b43cd38c004fadcd52e8f8af387558c9aae7df,9964e43d7abef21cc02781497a7ffba5ab5b261364351a22de19ac5ef5e9ded9,bf8aaeb5a1c23d524ea24d64159d3b0bb36d502e26146e1efbae8efaf59efa97,VISUAL_REQUIRED,ADD_NEW_VISUAL,ADD,GRAPH_OR_FUNCTION_STRUCTURE,NOT_STARTED,NOT_STARTED,NOT_STARTED,NOT_TESTED,NOT_REVIEWED,NOT_STARTED,CANDIDATE_SCOPE_ONLY
archive/exams/original/high/h1/1final/25_강남여고_1학기_기말_고1_기출c.js|25_강남여고_1학기_기말_고1_기출c|6,archive/exams/original/high/h1/1final/25_강남여고_1학기_기말_고1_기출c.js,25_강남여고_1학기_기말_고1_기출c,6,공통수학1,H22-C-06,여러 가지 방정식과 부등식,H22-C-06-INEQUALITY,여러 가지 부등식,객관식,,ABSENT,,ABSENT,0,49982,54669b7f56b5e816d952a323c9b43cd38c004fadcd52e8f8af387558c9aae7df,b201eee470b7706c67aa1e99a92530b9d94d7af0c5d78a6084e7fd9330df03e4,cf0b26a3157e07ba563f6ccfc895e852016e08ba22b5481a78d461bd7871f89c,VISUAL_REQUIRED,ADD_NEW_VISUAL,ADD,NUMBER_LINE_OR_INEQUALITY_STRUCTURE,NOT_STARTED,NOT_STARTED,NOT_STARTED,NOT_TESTED,NOT_REVIEWED,NOT_STARTED,CANDIDATE_SCOPE_ONLY
archive/exams/original/high/h1/1final/25_강남여고_1학기_기말_고1_기출c.js|25_강남여고_1학기_기말_고1_기출c|8,archive/exams/original/high/h1/1final/25_강남여고_1학기_기말_고1_기출c.js,25_강남여고_1학기_기말_고1_기출c,8,공통수학1,H22-C-06,여러 가지 방정식과 부등식,H22-C-06-INEQUALITY,여러 가지 부등식,객관식,,ABSENT,,ABSENT,0,49982,54669b7f56b5e816d952a323c9b43cd38c004fadcd52e8f8af387558c9aae7df,8abdd645f3e334d13823394ec5c56693a24905876f1a44a76a81cfc6a3a0f721,d03536e1eca7ef0f6783362fc56a824f276c1f06d698d1e1d8f0271db2671143,VISUAL_REQUIRED,ADD_NEW_VISUAL,ADD,GRAPH_OR_FUNCTION_STRUCTURE|NUMBER_LINE_OR_INEQUALITY_STRUCTURE,NOT_STARTED,NOT_STARTED,NOT_STARTED,NOT_TESTED,NOT_REVIEWED,NOT_STARTED,CANDIDATE_SCOPE_ONLY
archive/exams/original/high/h1/1final/25_강남여고_1학기_기말_고1_기출c.js|25_강남여고_1학기_기말_고1_기출c|9,archive/exams/original/high/h1/1final/25_강남여고_1학기_기말_고1_기출c.js,25_강남여고_1학기_기말_고1_기출c,9,공통수학1,H22-C-05,이차방정식과 이차함수,H22-C-05-QUADRATIC_FUNCTION_GRAPH,이차함수의 그래프,객관식,,ABSENT,,ABSENT,0,49982,54669b7f56b5e816d952a323c9b43cd38c004fadcd52e8f8af387558c9aae7df,39aa694e12840d9557db725d63a545657261b105fcd5c9b579ae6279f9629281,5af10a048e4c03a76c5efb3fefe11ae215a02e33983deb57b744d9d9079f9496,VISUAL_REQUIRED,ADD_NEW_VISUAL,ADD,GRAPH_OR_FUNCTION_STRUCTURE|COORDINATE_OR_GEOMETRY_STRUCTURE|CASE_OR_BOUNDARY_STRUCTURE,NOT_STARTED,NOT_STARTED,NOT_STARTED,NOT_TESTED,NOT_REVIEWED,NOT_STARTED,CANDIDATE_SCOPE_ONLY
archive/exams/original/high/h1/1final/25_금당고_1학기_기말_고1_기출c.js|25_금당고_1학기_기말_고1_기출c|11,archive/exams/original/high/h1/1final/25_금당고_1학기_기말_고1_기출c.js,25_금당고_1학기_기말_고1_기출c,11,공통수학1,H22-C-05,이차방정식과 이차함수,H22-C-05-QUADRATIC_EQUATION,이차방정식,객관식,,ABSENT,,ABSENT,0,41945,db43da08e8d26a0bc369b3b8ac6f5996dd956a4134f202dfd365de443ff67553,40b891fc50ea9b171c061766407a4e1833ac5ab2755e9fa7fd1e34b20f214dfa,cc298df6a3a44fefc05c76e5ae469379a07c5fec7629806f42d915d7fe8ef267,VISUAL_REQUIRED,ADD_NEW_VISUAL,ADD,GRAPH_OR_FUNCTION_STRUCTURE|NUMBER_LINE_OR_INEQUALITY_STRUCTURE|CASE_OR_BOUNDARY_STRUCTURE,NOT_STARTED,NOT_STARTED,NOT_STARTED,NOT_TESTED,NOT_REVIEWED,NOT_STARTED,CANDIDATE_SCOPE_ONLY
archive/exams/original/high/h1/1final/25_금당고_1학기_기말_고1_기출c.js|25_금당고_1학기_기말_고1_기출c|13,archive/exams/original/high/h1/1final/25_금당고_1학기_기말_고1_기출c.js,25_금당고_1학기_기말_고1_기출c,13,공통수학1,H22-C-05,이차방정식과 이차함수,H22-C-05-QUADRATIC_EQUATION,이차방정식,객관식,,ABSENT,,ABSENT,0,41945,db43da08e8d26a0bc369b3b8ac6f5996dd956a4134f202dfd365de443ff67553,8ee7017116a1c1879e2f03c987ab5915a6541341a17c316eb3a5dac3dd564465,85dbc95bc852bee500f79b018b0377f0f9bf69823bfd6b8fd2a75cad12ecd0c0,VISUAL_REQUIRED,ADD_NEW_VISUAL,ADD,GRAPH_OR_FUNCTION_STRUCTURE|COORDINATE_OR_GEOMETRY_STRUCTURE|CASE_OR_BOUNDARY_STRUCTURE,NOT_STARTED,NOT_STARTED,NOT_STARTED,NOT_TESTED,NOT_REVIEWED,NOT_STARTED,CANDIDATE_SCOPE_ONLY
archive/exams/original/high/h1/1final/25_금당고_1학기_기말_고1_기출c.js|25_금당고_1학기_기말_고1_기출c|15,archive/exams/original/high/h1/1final/25_금당고_1학기_기말_고1_기출c.js,25_금당고_1학기_기말_고1_기출c,15,공통수학1,H22-C-06,여러 가지 방정식과 부등식,H22-C-06-HIGHER_INEQUALITY,여러 가지 부등식,객관식,,ABSENT,,ABSENT,0,41945,db43da08e8d26a0bc369b3b8ac6f5996dd956a4134f202dfd365de443ff67553,84fd3428366760bf16c8b3b27b7639c0f87b49c209ec0d4c65346d5d20073417,68c67c0b281459591b50252653c6633282939fa8519658552fb4f571eec7b240,VISUAL_REQUIRED,ADD_NEW_VISUAL,ADD,NUMBER_LINE_OR_INEQUALITY_STRUCTURE|CASE_OR_BOUNDARY_STRUCTURE,NOT_STARTED,NOT_STARTED,NOT_STARTED,NOT_TESTED,NOT_REVIEWED,NOT_STARTED,CANDIDATE_SCOPE_ONLY
archive/exams/original/high/h1/1final/25_금당고_1학기_기말_고1_기출c.js|25_금당고_1학기_기말_고1_기출c|19,archive/exams/original/high/h1/1final/25_금당고_1학기_기말_고1_기출c.js,25_금당고_1학기_기말_고1_기출c,19,공통수학1,H22-C-06,여러 가지 방정식과 부등식,H22-C-06-HIGHER_EQUATION,여러 가지 방정식,객관식,,ABSENT,,ABSENT,0,41945,db43da08e8d26a0bc369b3b8ac6f5996dd956a4134f202dfd365de443ff67553,4a9ec7ce06c4cdcb3a5d4a67a5c21dc825aa16dc1a23cd0548bef8efaec9646e,a0a9fc6581b0b4728a561780c68c424dac0b855d710a57e58c66586e36044a41,VISUAL_OPTIONAL_OR_EXEMPT_CANDIDATE,NO_VISUAL,NONE,NUMBER_LINE_OR_INEQUALITY_STRUCTURE,NOT_STARTED,NOT_STARTED,NOT_STARTED,NOT_TESTED,NOT_REVIEWED,NOT_STARTED,CANDIDATE_SCOPE_ONLY
archive/exams/original/high/h1/1final/25_금당고_1학기_기말_고1_기출c.js|25_금당고_1학기_기말_고1_기출c|20,archive/exams/original/high/h1/1final/25_금당고_1학기_기말_고1_기출c.js,25_금당고_1학기_기말_고1_기출c,20,공통수학1,H22-C-06,여러 가지 방정식과 부등식,H22-C-06-EQUATION,여러 가지 방정식,객관식,,ABSENT,,ABSENT,0,41945,db43da08e8d26a0bc369b3b8ac6f5996dd956a4134f202dfd365de443ff67553,4afdb3fde203f1ec8d00ef220d2a03aaa318bd9472fd26de68b22c4a81349d33,d5e65bc33850fd048be65977f2ffffe1dff39d3f0a87bb29f6c9d82f0a2db3dd,VISUAL_OPTIONAL_OR_EXEMPT_CANDIDATE,NO_VISUAL,NONE,GRAPH_OR_FUNCTION_STRUCTURE|NUMBER_LINE_OR_INEQUALITY_STRUCTURE|CASE_OR_BOUNDARY_STRUCTURE,NOT_STARTED,NOT_STARTED,NOT_STARTED,NOT_TESTED,NOT_REVIEWED,NOT_STARTED,CANDIDATE_SCOPE_ONLY
archive/exams/original/high/h1/1final/25_금당고_1학기_기말_고1_기출c.js|25_금당고_1학기_기말_고1_기출c|22,archive/exams/original/high/h1/1final/25_금당고_1학기_기말_고1_기출c.js,25_금당고_1학기_기말_고1_기출c,22,공통수학1,H22-C-06,여러 가지 방정식과 부등식,H22-C-06-EQUATION_BASIC,방정식의 풀이,서술형,,ABSENT,,ABSENT,0,41945,db43da08e8d26a0bc369b3b8ac6f5996dd956a4134f202dfd365de443ff67553,4161bbe2bfaad20038cb371bff49b10980046a951a6cbc05e35daf8568136dba,07535fe0f4c7c0a8c850602f0da680d7477314e46191ef3a6d10ddf7e12590a8,VISUAL_OPTIONAL_OR_EXEMPT_CANDIDATE,NO_VISUAL,NONE,GRAPH_OR_FUNCTION_STRUCTURE|NUMBER_LINE_OR_INEQUALITY_STRUCTURE|COORDINATE_OR_GEOMETRY_STRUCTURE|CASE_OR_BOUNDARY_STRUCTURE,NOT_STARTED,NOT_STARTED,NOT_STARTED,NOT_TESTED,NOT_REVIEWED,NOT_STARTED,CANDIDATE_SCOPE_ONLY
archive/exams/original/high/h1/1final/25_금당고_1학기_기말_고1_기출c.js|25_금당고_1학기_기말_고1_기출c|3,archive/exams/original/high/h1/1final/25_금당고_1학기_기말_고1_기출c.js,25_금당고_1학기_기말_고1_기출c,3,공통수학1,H22-C-06,여러 가지 방정식과 부등식,H22-C-06-SYSTEM_OF_EQUATIONS,연립방정식,객관식,,ABSENT,,ABSENT,0,41945,db43da08e8d26a0bc369b3b8ac6f5996dd956a4134f202dfd365de443ff67553,0b1b887a0a66e3b5e979d93fba45377c2eed3f2803bfbcc463a5506b08567bcf,bfac84a6a425a328383a1762ac55d1bba1359dc0817f71c99dd2b45f45efc823,VISUAL_OPTIONAL_OR_EXEMPT_CANDIDATE,NO_VISUAL,NONE,NUMBER_LINE_OR_INEQUALITY_STRUCTURE,NOT_STARTED,NOT_STARTED,NOT_STARTED,NOT_TESTED,NOT_REVIEWED,NOT_STARTED,CANDIDATE_SCOPE_ONLY
archive/exams/original/high/h1/1final/25_금당고_1학기_기말_고1_기출c.js|25_금당고_1학기_기말_고1_기출c|4,archive/exams/original/high/h1/1final/25_금당고_1학기_기말_고1_기출c.js,25_금당고_1학기_기말_고1_기출c,4,공통수학1,H22-C-06,여러 가지 방정식과 부등식,H22-C-06-HIGHER_INEQUALITY,여러 가지 부등식,객관식,,ABSENT,,ABSENT,0,41945,db43da08e8d26a0bc369b3b8ac6f5996dd956a4134f202dfd365de443ff67553,4cfef33f288101b09880cb94ef7c4eba08db5ac3be30b891ad2f8108ec2ad48a,82b08f691ca5f6175391b00f6da7085eb8e96c4a420f89812bcc1a45278a222b,VISUAL_REQUIRED,ADD_NEW_VISUAL,ADD,NUMBER_LINE_OR_INEQUALITY_STRUCTURE|CASE_OR_BOUNDARY_STRUCTURE,NOT_STARTED,NOT_STARTED,NOT_STARTED,NOT_TESTED,NOT_REVIEWED,NOT_STARTED,CANDIDATE_SCOPE_ONLY
archive/exams/original/high/h1/1final/25_금당고_1학기_기말_고1_기출c.js|25_금당고_1학기_기말_고1_기출c|7,archive/exams/original/high/h1/1final/25_금당고_1학기_기말_고1_기출c.js,25_금당고_1학기_기말_고1_기출c,7,공통수학1,H22-C-06,여러 가지 방정식과 부등식,H22-C-06-EQUATION,여러 가지 방정식,객관식,,ABSENT,,ABSENT,0,41945,db43da08e8d26a0bc369b3b8ac6f5996dd956a4134f202dfd365de443ff67553,a0542661a76db34abac9540a9f43ab470d67b343dd90b032a7e772890c647f15,90a5183ae31c54a7b3ec3d2e08caa39d4d87da44594a2fa68dcb27acf330f1b3,VISUAL_OPTIONAL_OR_EXEMPT_CANDIDATE,NO_VISUAL,NONE,NUMBER_LINE_OR_INEQUALITY_STRUCTURE,NOT_STARTED,NOT_STARTED,NOT_STARTED,NOT_TESTED,NOT_REVIEWED,NOT_STARTED,CANDIDATE_SCOPE_ONLY
archive/exams/original/high/h1/1final/25_금당고_1학기_기말_고1_기출c.js|25_금당고_1학기_기말_고1_기출c|9,archive/exams/original/high/h1/1final/25_금당고_1학기_기말_고1_기출c.js,25_금당고_1학기_기말_고1_기출c,9,공통수학1,H22-C-06,여러 가지 방정식과 부등식,H22-C-06-HIGHER_INEQUALITY,여러 가지 부등식,객관식,,ABSENT,,ABSENT,0,41945,db43da08e8d26a0bc369b3b8ac6f5996dd956a4134f202dfd365de443ff67553,987aa3f227565ef82330163dd6314f7cb6f113f30d7ff99d91f5f2e12aed1944,4a9d0d716c9ba59b0e70ac5a6b3a0ec426f812d99a682a4e53cd4fcecced9455,VISUAL_REQUIRED,ADD_NEW_VISUAL,ADD,NUMBER_LINE_OR_INEQUALITY_STRUCTURE|CASE_OR_BOUNDARY_STRUCTURE,NOT_STARTED,NOT_STARTED,NOT_STARTED,NOT_TESTED,NOT_REVIEWED,NOT_STARTED,CANDIDATE_SCOPE_ONLY
archive/exams/original/high/h1/1final/25_매산고_1학기_기말_고1_기출c.js|25_매산고_1학기_기말_고1_기출c|15,archive/exams/original/high/h1/1final/25_매산고_1학기_기말_고1_기출c.js,25_매산고_1학기_기말_고1_기출c,15,공통수학1,H22-C-05,이차방정식과 이차함수,H22-C-05-QUADRATIC_EQUATION,이차방정식,객관식,,ABSENT,,ABSENT,0,42894,bdfdb4241abb8638d5a083478c502f0a38c95244d4ddf3b991e9c6f8abe89d47,f07b1b5b59688ea736fbe92e8fa0813178fbf49bbc9890bf634791b12aa33526,15e705ff4c37b922930419e6990b0083942c2e86c976fbcde82a8a060ab87ade,VISUAL_REQUIRED,ADD_NEW_VISUAL,ADD,GRAPH_OR_FUNCTION_STRUCTURE|COORDINATE_OR_GEOMETRY_STRUCTURE|CASE_OR_BOUNDARY_STRUCTURE,NOT_STARTED,NOT_STARTED,NOT_STARTED,NOT_TESTED,NOT_REVIEWED,NOT_STARTED,CANDIDATE_SCOPE_ONLY
archive/exams/original/high/h1/1final/25_매산고_1학기_기말_고1_기출c.js|25_매산고_1학기_기말_고1_기출c|18,archive/exams/original/high/h1/1final/25_매산고_1학기_기말_고1_기출c.js,25_매산고_1학기_기말_고1_기출c,18,공통수학1,H22-C-06,여러 가지 방정식과 부등식,H22-C-06-INEQUALITY,여러 가지 부등식,단답형,,ABSENT,,ABSENT,0,42894,bdfdb4241abb8638d5a083478c502f0a38c95244d4ddf3b991e9c6f8abe89d47,9b147cff7a1e94e88f984292185820381d6ee8749fd38d97b2030d5f1cb1c622,b4cf1781602999ea741462107991b5e452d14220abb749565b884051cdc29ef5,VISUAL_REQUIRED,ADD_NEW_VISUAL,ADD,GRAPH_OR_FUNCTION_STRUCTURE|NUMBER_LINE_OR_INEQUALITY_STRUCTURE|CASE_OR_BOUNDARY_STRUCTURE,NOT_STARTED,NOT_STARTED,NOT_STARTED,NOT_TESTED,NOT_REVIEWED,NOT_STARTED,CANDIDATE_SCOPE_ONLY
archive/exams/original/high/h1/1final/25_매산고_1학기_기말_고1_기출c.js|25_매산고_1학기_기말_고1_기출c|5,archive/exams/original/high/h1/1final/25_매산고_1학기_기말_고1_기출c.js,25_매산고_1학기_기말_고1_기출c,5,공통수학1,H22-C-06,여러 가지 방정식과 부등식,H22-C-06-HIGHER_INEQUALITY,여러 가지 부등식,객관식,,ABSENT,,ABSENT,0,42894,bdfdb4241abb8638d5a083478c502f0a38c95244d4ddf3b991e9c6f8abe89d47,70bca90edb76a2f86605a500770f1c7664a05c2d1b4cd273a8f89c4fe8f5adc3,7d77484452eac66f7c747d25754a63522f02347f820398a6370ddc8415eed3e0,VISUAL_REQUIRED,ADD_NEW_VISUAL,ADD,NUMBER_LINE_OR_INEQUALITY_STRUCTURE|CASE_OR_BOUNDARY_STRUCTURE,NOT_STARTED,NOT_STARTED,NOT_STARTED,NOT_TESTED,NOT_REVIEWED,NOT_STARTED,CANDIDATE_SCOPE_ONLY
archive/exams/original/high/h1/1final/25_매산고_1학기_기말_고1_기출c.js|25_매산고_1학기_기말_고1_기출c|6,archive/exams/original/high/h1/1final/25_매산고_1학기_기말_고1_기출c.js,25_매산고_1학기_기말_고1_기출c,6,공통수학1,H22-C-06,여러 가지 방정식과 부등식,H22-C-06-SYSTEM_OF_EQUATIONS,연립방정식,객관식,,ABSENT,,ABSENT,0,42894,bdfdb4241abb8638d5a083478c502f0a38c95244d4ddf3b991e9c6f8abe89d47,8327bc39b906f55372ebaa6374d13fc7534a14af5076bb032433cba16891d4a5,f51455dddc0699450fb31878aa0997a47607ff035c05a635c235931b1b31ab3d,VISUAL_OPTIONAL_OR_EXEMPT_CANDIDATE,NO_VISUAL,NONE,GRAPH_OR_FUNCTION_STRUCTURE|NUMBER_LINE_OR_INEQUALITY_STRUCTURE,NOT_STARTED,NOT_STARTED,NOT_STARTED,NOT_TESTED,NOT_REVIEWED,NOT_STARTED,CANDIDATE_SCOPE_ONLY
archive/exams/original/high/h1/1final/25_매산고_1학기_기말_고1_기출c.js|25_매산고_1학기_기말_고1_기출c|7,archive/exams/original/high/h1/1final/25_매산고_1학기_기말_고1_기출c.js,25_매산고_1학기_기말_고1_기출c,7,공통수학1,H22-C-06,여러 가지 방정식과 부등식,H22-C-06-HIGHER_INEQUALITY,여러 가지 부등식,객관식,,ABSENT,,ABSENT,0,42894,bdfdb4241abb8638d5a083478c502f0a38c95244d4ddf3b991e9c6f8abe89d47,24a2d72c86463326909804a65eba9307d70500a264fae001bf8805b2ac6e1974,8743f2de8a1ea18c6810407d5a65d5a10d6b03847544b84d810746266b6eb159,VISUAL_REQUIRED,ADD_NEW_VISUAL,ADD,NUMBER_LINE_OR_INEQUALITY_STRUCTURE|CASE_OR_BOUNDARY_STRUCTURE,NOT_STARTED,NOT_STARTED,NOT_STARTED,NOT_TESTED,NOT_REVIEWED,NOT_STARTED,CANDIDATE_SCOPE_ONLY
archive/exams/original/high/h1/1final/25_매산고_1학기_기말_고1_기출c.js|25_매산고_1학기_기말_고1_기출c|8,archive/exams/original/high/h1/1final/25_매산고_1학기_기말_고1_기출c.js,25_매산고_1학기_기말_고1_기출c,8,공통수학1,H22-C-06,여러 가지 방정식과 부등식,H22-C-06-INEQUALITY,여러 가지 부등식,객관식,,ABSENT,,ABSENT,0,42894,bdfdb4241abb8638d5a083478c502f0a38c95244d4ddf3b991e9c6f8abe89d47,4b1d5e274204135e4592c0a72558284a9c9b2e57a63c26978c38e6f0fe75a3de,978674dfe860c691cff87c3f1f97a5ad5a4165fc5f23b5b0f4dd784d2835e3ef,VISUAL_REQUIRED,ADD_NEW_VISUAL,ADD,NUMBER_LINE_OR_INEQUALITY_STRUCTURE|CASE_OR_BOUNDARY_STRUCTURE,NOT_STARTED,NOT_STARTED,NOT_STARTED,NOT_TESTED,NOT_REVIEWED,NOT_STARTED,CANDIDATE_SCOPE_ONLY
archive/exams/original/high/h1/1final/25_매산고_1학기_기말_고1_기출c.js|25_매산고_1학기_기말_고1_기출c|9,archive/exams/original/high/h1/1final/25_매산고_1학기_기말_고1_기출c.js,25_매산고_1학기_기말_고1_기출c,9,공통수학1,H22-C-06,여러 가지 방정식과 부등식,H22-C-06-HIGHER_INEQUALITY,여러 가지 부등식,객관식,,ABSENT,,ABSENT,0,42894,bdfdb4241abb8638d5a083478c502f0a38c95244d4ddf3b991e9c6f8abe89d47,1b4b024a8991891d8581c55b8e3e44d5e13b9383893a877f6014fdfb4f03a93d,63e56b95e61040a9f6538fa923058774d335dc04e7a6949a445cbd84cc116795,VISUAL_REQUIRED,ADD_NEW_VISUAL,ADD,NUMBER_LINE_OR_INEQUALITY_STRUCTURE|CASE_OR_BOUNDARY_STRUCTURE,NOT_STARTED,NOT_STARTED,NOT_STARTED,NOT_TESTED,NOT_REVIEWED,NOT_STARTED,CANDIDATE_SCOPE_ONLY
archive/exams/original/high/h1/1final/25_매산여고_1학기_기말_고1_기출c.js|25_매산여고_1학기_기말_고1_기출c|1,archive/exams/original/high/h1/1final/25_매산여고_1학기_기말_고1_기출c.js,25_매산여고_1학기_기말_고1_기출c,1,공통수학1,H22-C-06,여러 가지 방정식과 부등식,H22-C-06-HIGHER_INEQUALITY,여러 가지 부등식,객관식,,ABSENT,,ABSENT,0,46618,0ef04d08e506a216b71e86e5f89b0ae8e8790f8d367682721564ca87ab3415cd,114c6c1257d468aa631916825b11ca4a369dd8c8525844019a6b2b0fd33df580,18b993e77d9470b4c6eabc3bff3581b4d8c26a5022f063d7acde01bdf6336efd,VISUAL_REQUIRED,ADD_NEW_VISUAL,ADD,NUMBER_LINE_OR_INEQUALITY_STRUCTURE|CASE_OR_BOUNDARY_STRUCTURE,NOT_STARTED,NOT_STARTED,NOT_STARTED,NOT_TESTED,NOT_REVIEWED,NOT_STARTED,CANDIDATE_SCOPE_ONLY
archive/exams/original/high/h1/1final/25_매산여고_1학기_기말_고1_기출c.js|25_매산여고_1학기_기말_고1_기출c|10,archive/exams/original/high/h1/1final/25_매산여고_1학기_기말_고1_기출c.js,25_매산여고_1학기_기말_고1_기출c,10,공통수학1,H22-C-06,여러 가지 방정식과 부등식,H22-C-06-EQUATION_BASIC,방정식의 풀이,객관식,,ABSENT,,ABSENT,0,46618,0ef04d08e506a216b71e86e5f89b0ae8e8790f8d367682721564ca87ab3415cd,6362018e42c86a4e5a3bd1f92aa78f67cf731170f0dcdf3c4f6fec2e7ce772e3,b561d7baa4dfa19d9e9564d4bce38d20602abf04a6ac9cde666748715d56c11a,VISUAL_OPTIONAL_OR_EXEMPT_CANDIDATE,NO_VISUAL,NONE,GRAPH_OR_FUNCTION_STRUCTURE|NUMBER_LINE_OR_INEQUALITY_STRUCTURE,NOT_STARTED,NOT_STARTED,NOT_STARTED,NOT_TESTED,NOT_REVIEWED,NOT_STARTED,CANDIDATE_SCOPE_ONLY
archive/exams/original/high/h1/1final/25_매산여고_1학기_기말_고1_기출c.js|25_매산여고_1학기_기말_고1_기출c|15,archive/exams/original/high/h1/1final/25_매산여고_1학기_기말_고1_기출c.js,25_매산여고_1학기_기말_고1_기출c,15,공통수학1,H22-C-06,여러 가지 방정식과 부등식,H22-C-06-EQUATION,여러 가지 방정식,객관식,,ABSENT,,ABSENT,0,46618,0ef04d08e506a216b71e86e5f89b0ae8e8790f8d367682721564ca87ab3415cd,1005b59cfeeb708b7d4f9a160c6c888a9b94bfecc445f66047525934c861ac1d,400b9c77a204aaaea9c0403199339d8c98d98fa54853635997ceaf088f48918d,VISUAL_OPTIONAL_OR_EXEMPT_CANDIDATE,NO_VISUAL,NONE,GRAPH_OR_FUNCTION_STRUCTURE|NUMBER_LINE_OR_INEQUALITY_STRUCTURE,NOT_STARTED,NOT_STARTED,NOT_STARTED,NOT_TESTED,NOT_REVIEWED,NOT_STARTED,CANDIDATE_SCOPE_ONLY
archive/exams/original/high/h1/1final/25_매산여고_1학기_기말_고1_기출c.js|25_매산여고_1학기_기말_고1_기출c|16,archive/exams/original/high/h1/1final/25_매산여고_1학기_기말_고1_기출c.js,25_매산여고_1학기_기말_고1_기출c,16,공통수학1,H22-C-06,여러 가지 방정식과 부등식,H22-C-06-HIGHER_INEQUALITY,여러 가지 부등식,객관식,,ABSENT,,ABSENT,0,46618,0ef04d08e506a216b71e86e5f89b0ae8e8790f8d367682721564ca87ab3415cd,11e165b5fa117f6398f91984b529aba0307c14da7b276816b767b241f37df000,4a82f05d5e0032377270c14e50ac8bd1f232071a10ef3c0979785c7f1cbb94da,VISUAL_REQUIRED,ADD_NEW_VISUAL,ADD,NUMBER_LINE_OR_INEQUALITY_STRUCTURE|CASE_OR_BOUNDARY_STRUCTURE,NOT_STARTED,NOT_STARTED,NOT_STARTED,NOT_TESTED,NOT_REVIEWED,NOT_STARTED,CANDIDATE_SCOPE_ONLY
archive/exams/original/high/h1/1final/25_매산여고_1학기_기말_고1_기출c.js|25_매산여고_1학기_기말_고1_기출c|21,archive/exams/original/high/h1/1final/25_매산여고_1학기_기말_고1_기출c.js,25_매산여고_1학기_기말_고1_기출c,21,공통수학1,H22-C-06,여러 가지 방정식과 부등식,H22-C-06-INEQUALITY,여러 가지 부등식,단답형,,ABSENT,,ABSENT,0,46618,0ef04d08e506a216b71e86e5f89b0ae8e8790f8d367682721564ca87ab3415cd,f877d56aa3334f34c6a4d4cdecfa9c53a724c2e2a9ca571d750e7930b0a412da,90ecef46b9ff1e0273624816bf7c1077ae505658b36be2f7ce149b464e516bf4,VISUAL_REQUIRED,ADD_NEW_VISUAL,ADD,NUMBER_LINE_OR_INEQUALITY_STRUCTURE|CASE_OR_BOUNDARY_STRUCTURE,NOT_STARTED,NOT_STARTED,NOT_STARTED,NOT_TESTED,NOT_REVIEWED,NOT_STARTED,CANDIDATE_SCOPE_ONLY
archive/exams/original/high/h1/1final/25_매산여고_1학기_기말_고1_기출c.js|25_매산여고_1학기_기말_고1_기출c|3,archive/exams/original/high/h1/1final/25_매산여고_1학기_기말_고1_기출c.js,25_매산여고_1학기_기말_고1_기출c,3,공통수학1,H22-C-06,여러 가지 방정식과 부등식,H22-C-06-EQUATION,여러 가지 방정식,객관식,,ABSENT,,ABSENT,0,46618,0ef04d08e506a216b71e86e5f89b0ae8e8790f8d367682721564ca87ab3415cd,0ed77fcf794457b384edbd471ce562e08d4f073afe94d58ffd14376fe7b964bd,3b4583af6e03eecd1ee3c4b39c540743c000c428dd37c2b7f8c2b8ed23269226,VISUAL_OPTIONAL_OR_EXEMPT_CANDIDATE,NO_VISUAL,NONE,NUMBER_LINE_OR_INEQUALITY_STRUCTURE,NOT_STARTED,NOT_STARTED,NOT_STARTED,NOT_TESTED,NOT_REVIEWED,NOT_STARTED,CANDIDATE_SCOPE_ONLY
archive/exams/original/high/h1/1final/25_매산여고_1학기_기말_고1_기출c.js|25_매산여고_1학기_기말_고1_기출c|7,archive/exams/original/high/h1/1final/25_매산여고_1학기_기말_고1_기출c.js,25_매산여고_1학기_기말_고1_기출c,7,공통수학1,H22-C-06,여러 가지 방정식과 부등식,H22-C-06-EQUATION_BASIC,방정식의 풀이,객관식,,ABSENT,,ABSENT,0,46618,0ef04d08e506a216b71e86e5f89b0ae8e8790f8d367682721564ca87ab3415cd,4a0f5c3d56d4c24632cc422e4c06721f28bc938e522ed40c5b879d7ffda20f3c,e8922bf7e0eaf1615a2a0b286e96b0e0c353fa461674e148e581f4baac1410cd,VISUAL_OPTIONAL_OR_EXEMPT_CANDIDATE,NO_VISUAL,NONE,NUMBER_LINE_OR_INEQUALITY_STRUCTURE|CASE_OR_BOUNDARY_STRUCTURE,NOT_STARTED,NOT_STARTED,NOT_STARTED,NOT_TESTED,NOT_REVIEWED,NOT_STARTED,CANDIDATE_SCOPE_ONLY
archive/exams/original/high/h1/1final/25_매산여고_1학기_기말_고1_기출c.js|25_매산여고_1학기_기말_고1_기출c|8,archive/exams/original/high/h1/1final/25_매산여고_1학기_기말_고1_기출c.js,25_매산여고_1학기_기말_고1_기출c,8,공통수학1,H22-C-06,여러 가지 방정식과 부등식,H22-C-06-HIGHER_INEQUALITY,여러 가지 부등식,객관식,,ABSENT,,ABSENT,0,46618,0ef04d08e506a216b71e86e5f89b0ae8e8790f8d367682721564ca87ab3415cd,e6c3d8201b3380c1f22597975b3618136a8bff22683d5c0223063e59be085f60,369f30117b234d73c72dbfcf651719c7e0fd090ab6e66e6d0fbc4360afd14da8,VISUAL_REQUIRED,ADD_NEW_VISUAL,ADD,NUMBER_LINE_OR_INEQUALITY_STRUCTURE|COORDINATE_OR_GEOMETRY_STRUCTURE|CASE_OR_BOUNDARY_STRUCTURE,NOT_STARTED,NOT_STARTED,NOT_STARTED,NOT_TESTED,NOT_REVIEWED,NOT_STARTED,CANDIDATE_SCOPE_ONLY
archive/exams/original/high/h1/1final/25_매산여고_1학기_기말_고1_기출c.js|25_매산여고_1학기_기말_고1_기출c|9,archive/exams/original/high/h1/1final/25_매산여고_1학기_기말_고1_기출c.js,25_매산여고_1학기_기말_고1_기출c,9,공통수학1,H22-C-06,여러 가지 방정식과 부등식,H22-C-06-EQUATION_BASIC,방정식의 풀이,객관식,,ABSENT,,ABSENT,0,46618,0ef04d08e506a216b71e86e5f89b0ae8e8790f8d367682721564ca87ab3415cd,2d4b80ae03c4093e0ab178bc5027987132f4e0050e2697c1d32291448b6f0ec4,ee764a8ebd9a7dd9b5b6b05e08126f7cfb877d7508b50cc2b52cbaeb7a278fa8,VISUAL_OPTIONAL_OR_EXEMPT_CANDIDATE,NO_VISUAL,NONE,GRAPH_OR_FUNCTION_STRUCTURE|NUMBER_LINE_OR_INEQUALITY_STRUCTURE|CASE_OR_BOUNDARY_STRUCTURE,NOT_STARTED,NOT_STARTED,NOT_STARTED,NOT_TESTED,NOT_REVIEWED,NOT_STARTED,CANDIDATE_SCOPE_ONLY
archive/exams/original/high/h1/1final/25_순천고_1학기_기말_고1_기출c.js|25_순천고_1학기_기말_고1_기출c|1,archive/exams/original/high/h1/1final/25_순천고_1학기_기말_고1_기출c.js,25_순천고_1학기_기말_고1_기출c,1,공통수학1,H22-C-06,여러 가지 방정식과 부등식,H22-C-06-HIGHER_INEQUALITY,여러 가지 부등식,객관식,,ABSENT,,ABSENT,0,38967,762b264f7d8f272aad64551e30eb458b7497a45683c534fc56bb7b0930020607,dd35aa009595c846f4d720c9c30e041c7d8b917ebf169efaa70a05eea17d6f73,261aecbd0d29709783b59f5bf0f0d73eb5bed18b2bb3d6dec7d2519642f2b360,VISUAL_REQUIRED,ADD_NEW_VISUAL,ADD,NUMBER_LINE_OR_INEQUALITY_STRUCTURE|CASE_OR_BOUNDARY_STRUCTURE,NOT_STARTED,NOT_STARTED,NOT_STARTED,NOT_TESTED,NOT_REVIEWED,NOT_STARTED,CANDIDATE_SCOPE_ONLY
archive/exams/original/high/h1/1final/25_순천고_1학기_기말_고1_기출c.js|25_순천고_1학기_기말_고1_기출c|12,archive/exams/original/high/h1/1final/25_순천고_1학기_기말_고1_기출c.js,25_순천고_1학기_기말_고1_기출c,12,공통수학1,H22-C-05,이차방정식과 이차함수,H22-C-05-QUADRATIC_FUNCTION_GRAPH,이차함수의 그래프,객관식,,ABSENT,,ABSENT,0,38967,762b264f7d8f272aad64551e30eb458b7497a45683c534fc56bb7b0930020607,7c13fa0d6e1c490f0ef725ecf5b4345a3ead8bdb1207a0aeb2bb18cd0e5b0fcc,e68643fc6404bbe17a7d83e29d2be6b306f8f905e2112061afecfada9c3344ed,VISUAL_REQUIRED,ADD_NEW_VISUAL,ADD,GRAPH_OR_FUNCTION_STRUCTURE|NUMBER_LINE_OR_INEQUALITY_STRUCTURE,NOT_STARTED,NOT_STARTED,NOT_STARTED,NOT_TESTED,NOT_REVIEWED,NOT_STARTED,CANDIDATE_SCOPE_ONLY
archive/exams/original/high/h1/1final/25_순천고_1학기_기말_고1_기출c.js|25_순천고_1학기_기말_고1_기출c|14,archive/exams/original/high/h1/1final/25_순천고_1학기_기말_고1_기출c.js,25_순천고_1학기_기말_고1_기출c,14,공통수학1,H22-C-06,여러 가지 방정식과 부등식,H22-C-06-HIGHER_INEQUALITY,여러 가지 부등식,객관식,,ABSENT,,ABSENT,0,38967,762b264f7d8f272aad64551e30eb458b7497a45683c534fc56bb7b0930020607,203433e817b6291c1edf7b25c1547068561f66d4c0f325bfdeb7f38f459f5e03,db511122bf3da35ddce5665ee048dd6197b6d618de5afed99726c147dfb50d40,VISUAL_REQUIRED,ADD_NEW_VISUAL,ADD,GRAPH_OR_FUNCTION_STRUCTURE|NUMBER_LINE_OR_INEQUALITY_STRUCTURE|CASE_OR_BOUNDARY_STRUCTURE,NOT_STARTED,NOT_STARTED,NOT_STARTED,NOT_TESTED,NOT_REVIEWED,NOT_STARTED,CANDIDATE_SCOPE_ONLY
archive/exams/original/high/h1/1final/25_순천고_1학기_기말_고1_기출c.js|25_순천고_1학기_기말_고1_기출c|15,archive/exams/original/high/h1/1final/25_순천고_1학기_기말_고1_기출c.js,25_순천고_1학기_기말_고1_기출c,15,공통수학1,H22-C-06,여러 가지 방정식과 부등식,H22-C-06-HIGHER_INEQUALITY,여러 가지 부등식,객관식,assets/images/25_순천고_1학기_기말_고1_기출/q15.png,PRESENT,,ABSENT,0,38967,762b264f7d8f272aad64551e30eb458b7497a45683c534fc56bb7b0930020607,a8dbe5baaa70b99812b6a300a0404c4a7d40e2d6ce3de7fdc3a03533f8d4036a,451f4afc12d265c1eaef1dd405cc800f3047964f2aa0f065244dd6887b6ea5e1,VISUAL_REQUIRED,ADD_NEW_VISUAL,ADD,NUMBER_LINE_OR_INEQUALITY_STRUCTURE|COORDINATE_OR_GEOMETRY_STRUCTURE,NOT_STARTED,NOT_STARTED,NOT_STARTED,NOT_TESTED,NOT_REVIEWED,NOT_STARTED,CANDIDATE_SCOPE_ONLY
archive/exams/original/high/h1/1final/25_순천고_1학기_기말_고1_기출c.js|25_순천고_1학기_기말_고1_기출c|16,archive/exams/original/high/h1/1final/25_순천고_1학기_기말_고1_기출c.js,25_순천고_1학기_기말_고1_기출c,16,공통수학1,H22-C-05,이차방정식과 이차함수,H22-C-05-QUADRATIC_FUNCTION_GRAPH,이차함수의 그래프,객관식,assets/images/25_순천고_1학기_기말_고1_기출/q16.png,PRESENT,,ABSENT,0,38967,762b264f7d8f272aad64551e30eb458b7497a45683c534fc56bb7b0930020607,b2455a033441022db38c8292916d79105bb39bb242b43d863cfabff9ea04e363,e718e3cb9efbfafb493bc42ffd626d9ed41bc4b33edb64f2d94800b4d9eab112,VISUAL_REQUIRED,ADD_NEW_VISUAL,ADD,GRAPH_OR_FUNCTION_STRUCTURE|NUMBER_LINE_OR_INEQUALITY_STRUCTURE|COORDINATE_OR_GEOMETRY_STRUCTURE|CASE_OR_BOUNDARY_STRUCTURE,NOT_STARTED,NOT_STARTED,NOT_STARTED,NOT_TESTED,NOT_REVIEWED,NOT_STARTED,CANDIDATE_SCOPE_ONLY
archive/exams/original/high/h1/1final/25_순천고_1학기_기말_고1_기출c.js|25_순천고_1학기_기말_고1_기출c|18,archive/exams/original/high/h1/1final/25_순천고_1학기_기말_고1_기출c.js,25_순천고_1학기_기말_고1_기출c,18,공통수학1,H22-C-06,여러 가지 방정식과 부등식,H22-C-06-SYSTEM_OF_EQUATIONS,연립방정식,단답형,,ABSENT,,ABSENT,0,38967,762b264f7d8f272aad64551e30eb458b7497a45683c534fc56bb7b0930020607,2c0c534a4e184b8d089c4fb8624c9b0a9c5d646dc1a8742b9697650f76774bf4,4d49eb2abf42cf1da252e117b09ca7824b061c29384c2cfbb224ecaf7ee6ee0f,VISUAL_OPTIONAL_OR_EXEMPT_CANDIDATE,NO_VISUAL,NONE,GRAPH_OR_FUNCTION_STRUCTURE|NUMBER_LINE_OR_INEQUALITY_STRUCTURE,NOT_STARTED,NOT_STARTED,NOT_STARTED,NOT_TESTED,NOT_REVIEWED,NOT_STARTED,CANDIDATE_SCOPE_ONLY
archive/exams/original/high/h1/1final/25_순천고_1학기_기말_고1_기출c.js|25_순천고_1학기_기말_고1_기출c|22,archive/exams/original/high/h1/1final/25_순천고_1학기_기말_고1_기출c.js,25_순천고_1학기_기말_고1_기출c,22,공통수학1,H22-C-06,여러 가지 방정식과 부등식,H22-C-06-HIGHER_INEQUALITY,여러 가지 부등식,단답형,,ABSENT,,ABSENT,0,38967,762b264f7d8f272aad64551e30eb458b7497a45683c534fc56bb7b0930020607,1d9c0448bf72450659ef6fff3feb37785697ac2c8c143ae8cd3b9b05fb91e0a7,ecbf265084f561e67e70367aa5dc08abc28650643f732c7995490dfc4b9fa811,VISUAL_REQUIRED,ADD_NEW_VISUAL,ADD,NUMBER_LINE_OR_INEQUALITY_STRUCTURE|CASE_OR_BOUNDARY_STRUCTURE,NOT_STARTED,NOT_STARTED,NOT_STARTED,NOT_TESTED,NOT_REVIEWED,NOT_STARTED,CANDIDATE_SCOPE_ONLY
archive/exams/original/high/h1/1final/25_순천고_1학기_기말_고1_기출c.js|25_순천고_1학기_기말_고1_기출c|5,archive/exams/original/high/h1/1final/25_순천고_1학기_기말_고1_기출c.js,25_순천고_1학기_기말_고1_기출c,5,공통수학1,H22-C-06,여러 가지 방정식과 부등식,H22-C-06-EQUATION,여러 가지 방정식,객관식,,ABSENT,,ABSENT,0,38967,762b264f7d8f272aad64551e30eb458b7497a45683c534fc56bb7b0930020607,02a7acdb1614a5843cc99bbe0c5e1984313727d92c45e92be501d0738d14beff,54ef45f45fceab25347cf1a2beef32b0a2038d2c61e5d1a304ec0e091f944a33,VISUAL_OPTIONAL_OR_EXEMPT_CANDIDATE,NO_VISUAL,NONE,NUMBER_LINE_OR_INEQUALITY_STRUCTURE,NOT_STARTED,NOT_STARTED,NOT_STARTED,NOT_TESTED,NOT_REVIEWED,NOT_STARTED,CANDIDATE_SCOPE_ONLY
archive/exams/original/high/h1/1final/25_순천고_1학기_기말_고1_기출c.js|25_순천고_1학기_기말_고1_기출c|6,archive/exams/original/high/h1/1final/25_순천고_1학기_기말_고1_기출c.js,25_순천고_1학기_기말_고1_기출c,6,공통수학1,H22-C-06,여러 가지 방정식과 부등식,H22-C-06-SYSTEM_OF_EQUATIONS,연립방정식,객관식,,ABSENT,,ABSENT,0,38967,762b264f7d8f272aad64551e30eb458b7497a45683c534fc56bb7b0930020607,90f027167ac19b11756aaa333dd382215ec3d6e6f3f3415798d92f6cb62e4906,0490c8fd8920394a930ea97531be3fee56a4763a948fb4c2f862dd18d7a49765,VISUAL_OPTIONAL_OR_EXEMPT_CANDIDATE,NO_VISUAL,NONE,GRAPH_OR_FUNCTION_STRUCTURE|NUMBER_LINE_OR_INEQUALITY_STRUCTURE,NOT_STARTED,NOT_STARTED,NOT_STARTED,NOT_TESTED,NOT_REVIEWED,NOT_STARTED,CANDIDATE_SCOPE_ONLY
archive/exams/original/high/h1/1final/25_순천고_1학기_기말_고1_기출c.js|25_순천고_1학기_기말_고1_기출c|9,archive/exams/original/high/h1/1final/25_순천고_1학기_기말_고1_기출c.js,25_순천고_1학기_기말_고1_기출c,9,공통수학1,H22-C-06,여러 가지 방정식과 부등식,H22-C-06-HIGHER_INEQUALITY,여러 가지 부등식,객관식,,ABSENT,,ABSENT,0,38967,762b264f7d8f272aad64551e30eb458b7497a45683c534fc56bb7b0930020607,68a7307395947ad8ebed5923eb68a08e626321962eb9aee5d8be8f9ee7d5d574,46ff2ef20fe0f9e6c708d7a86f3d7eb61c6ca0340c9671c4d7092a47a680a500,VISUAL_REQUIRED,ADD_NEW_VISUAL,ADD,NUMBER_LINE_OR_INEQUALITY_STRUCTURE|CASE_OR_BOUNDARY_STRUCTURE,NOT_STARTED,NOT_STARTED,NOT_STARTED,NOT_TESTED,NOT_REVIEWED,NOT_STARTED,CANDIDATE_SCOPE_ONLY
archive/exams/original/high/h1/1final/25_순천여고_1학기_기말_고1_기출c.js|25_순천여고_1학기_기말_고1_기출c|1,archive/exams/original/high/h1/1final/25_순천여고_1학기_기말_고1_기출c.js,25_순천여고_1학기_기말_고1_기출c,1,공통수학1,H22-C-06,여러 가지 방정식과 부등식,H22-C-06-EQUATION,여러 가지 방정식,객관식,,ABSENT,,ABSENT,0,34621,a5b159a5a27143eb7b10e4349e4e2b5d9d6c32340460b7eaaa9d9199dccc1968,c4a5dbd2a8123321335cdf045e5fd69b91b554058ba6904c42fb7da4adbc97fc,2079d2aed52cf3ac28f72b337c8652c42b73799a383aeabb6361c9b90bd0048d,VISUAL_OPTIONAL_OR_EXEMPT_CANDIDATE,NO_VISUAL,NONE,NUMBER_LINE_OR_INEQUALITY_STRUCTURE,NOT_STARTED,NOT_STARTED,NOT_STARTED,NOT_TESTED,NOT_REVIEWED,NOT_STARTED,CANDIDATE_SCOPE_ONLY
archive/exams/original/high/h1/1final/25_순천여고_1학기_기말_고1_기출c.js|25_순천여고_1학기_기말_고1_기출c|2,archive/exams/original/high/h1/1final/25_순천여고_1학기_기말_고1_기출c.js,25_순천여고_1학기_기말_고1_기출c,2,공통수학1,H22-C-06,여러 가지 방정식과 부등식,H22-C-06-HIGHER_INEQUALITY,여러 가지 부등식,객관식,,ABSENT,,ABSENT,0,34621,a5b159a5a27143eb7b10e4349e4e2b5d9d6c32340460b7eaaa9d9199dccc1968,cfc4bec8981eb3cd80554a704e7b586f0617f4d650f438cfb006f345d3ceb899,58c0006f61e07401167eff0f38be733403cb1d5ac249958f2313ae2fdd799291,VISUAL_REQUIRED,ADD_NEW_VISUAL,ADD,NUMBER_LINE_OR_INEQUALITY_STRUCTURE|CASE_OR_BOUNDARY_STRUCTURE,NOT_STARTED,NOT_STARTED,NOT_STARTED,NOT_TESTED,NOT_REVIEWED,NOT_STARTED,CANDIDATE_SCOPE_ONLY
archive/exams/original/high/h1/1final/25_순천여고_1학기_기말_고1_기출c.js|25_순천여고_1학기_기말_고1_기출c|21,archive/exams/original/high/h1/1final/25_순천여고_1학기_기말_고1_기출c.js,25_순천여고_1학기_기말_고1_기출c,21,공통수학1,H22-C-06,여러 가지 방정식과 부등식,H22-C-06-INEQUALITY,여러 가지 부등식,서술형,,ABSENT,,ABSENT,0,34621,a5b159a5a27143eb7b10e4349e4e2b5d9d6c32340460b7eaaa9d9199dccc1968,e07f638cf38ef342adadf3b1b027b5b184469de0cb0b90376efefc70754050c6,06d7ec6761b9c4908ba3832f042ac4425c375e631e18882a4a045be69442221f,VISUAL_REQUIRED,ADD_NEW_VISUAL,ADD,GRAPH_OR_FUNCTION_STRUCTURE|NUMBER_LINE_OR_INEQUALITY_STRUCTURE|CASE_OR_BOUNDARY_STRUCTURE,NOT_STARTED,NOT_STARTED,NOT_STARTED,NOT_TESTED,NOT_REVIEWED,NOT_STARTED,CANDIDATE_SCOPE_ONLY
archive/exams/original/high/h1/1final/25_순천여고_1학기_기말_고1_기출c.js|25_순천여고_1학기_기말_고1_기출c|3,archive/exams/original/high/h1/1final/25_순천여고_1학기_기말_고1_기출c.js,25_순천여고_1학기_기말_고1_기출c,3,공통수학1,H22-C-06,여러 가지 방정식과 부등식,H22-C-06-HIGHER_INEQUALITY,여러 가지 부등식,객관식,,ABSENT,,ABSENT,0,34621,a5b159a5a27143eb7b10e4349e4e2b5d9d6c32340460b7eaaa9d9199dccc1968,036cfb4b79986d001091caac984c32ce1bbdd907ec7ba9fa8eca56fc5a7d0eb9,7347240eb22ce2be08fed4a8a04deec7a953f74fe9b827a77e28cf0eb9620017,VISUAL_REQUIRED,ADD_NEW_VISUAL,ADD,GRAPH_OR_FUNCTION_STRUCTURE|NUMBER_LINE_OR_INEQUALITY_STRUCTURE|CASE_OR_BOUNDARY_STRUCTURE,NOT_STARTED,NOT_STARTED,NOT_STARTED,NOT_TESTED,NOT_REVIEWED,NOT_STARTED,CANDIDATE_SCOPE_ONLY
archive/exams/original/high/h1/1final/25_순천여고_1학기_기말_고1_기출c.js|25_순천여고_1학기_기말_고1_기출c|4,archive/exams/original/high/h1/1final/25_순천여고_1학기_기말_고1_기출c.js,25_순천여고_1학기_기말_고1_기출c,4,공통수학1,H22-C-06,여러 가지 방정식과 부등식,H22-C-06-EQUATION_BASIC,방정식의 풀이,객관식,,ABSENT,,ABSENT,0,34621,a5b159a5a27143eb7b10e4349e4e2b5d9d6c32340460b7eaaa9d9199dccc1968,2252091328301881006e688565f8317a2274f5eb196acdd52a27ef945d579262,02707000a5a6137de7e7088c2214e36c14946ba81b74c50c4347d78c54972e7f,VISUAL_OPTIONAL_OR_EXEMPT_CANDIDATE,NO_VISUAL,NONE,NUMBER_LINE_OR_INEQUALITY_STRUCTURE,NOT_STARTED,NOT_STARTED,NOT_STARTED,NOT_TESTED,NOT_REVIEWED,NOT_STARTED,CANDIDATE_SCOPE_ONLY
archive/exams/original/high/h1/1final/25_순천여고_1학기_기말_고1_기출c.js|25_순천여고_1학기_기말_고1_기출c|5,archive/exams/original/high/h1/1final/25_순천여고_1학기_기말_고1_기출c.js,25_순천여고_1학기_기말_고1_기출c,5,공통수학1,H22-C-06,여러 가지 방정식과 부등식,H22-C-06-HIGHER_INEQUALITY,여러 가지 부등식,객관식,,ABSENT,,ABSENT,0,34621,a5b159a5a27143eb7b10e4349e4e2b5d9d6c32340460b7eaaa9d9199dccc1968,4aa66405bb437d51bb0eab592a1a02ceb894ab995236080ddc44757eaa87480e,9468aae870af0319c34d154b441ee12ec6c5c2a932b64cca341b4c622097050b,VISUAL_REQUIRED,ADD_NEW_VISUAL,ADD,NUMBER_LINE_OR_INEQUALITY_STRUCTURE|CASE_OR_BOUNDARY_STRUCTURE,NOT_STARTED,NOT_STARTED,NOT_STARTED,NOT_TESTED,NOT_REVIEWED,NOT_STARTED,CANDIDATE_SCOPE_ONLY
archive/exams/original/high/h1/1final/25_순천여고_1학기_기말_고1_기출c.js|25_순천여고_1학기_기말_고1_기출c|6,archive/exams/original/high/h1/1final/25_순천여고_1학기_기말_고1_기출c.js,25_순천여고_1학기_기말_고1_기출c,6,공통수학1,H22-C-06,여러 가지 방정식과 부등식,H22-C-06-EQUATION_BASIC,방정식의 풀이,객관식,,ABSENT,,ABSENT,0,34621,a5b159a5a27143eb7b10e4349e4e2b5d9d6c32340460b7eaaa9d9199dccc1968,963fee06600408308a2a94d2cc02a4b5503fe789f03f8d216ea0a3ebdeb50508,86c08e1dbb2d48dc63fb0ce209dd0ed27b3beaa3eb3b9c2fdf1927e9ec669b2e,VISUAL_OPTIONAL_OR_EXEMPT_CANDIDATE,NO_VISUAL,NONE,NUMBER_LINE_OR_INEQUALITY_STRUCTURE,NOT_STARTED,NOT_STARTED,NOT_STARTED,NOT_TESTED,NOT_REVIEWED,NOT_STARTED,CANDIDATE_SCOPE_ONLY
archive/exams/original/high/h1/1final/25_순천여고_1학기_기말_고1_기출c.js|25_순천여고_1학기_기말_고1_기출c|7,archive/exams/original/high/h1/1final/25_순천여고_1학기_기말_고1_기출c.js,25_순천여고_1학기_기말_고1_기출c,7,공통수학1,H22-C-06,여러 가지 방정식과 부등식,H22-C-06-EQUATION_BASIC,방정식의 풀이,객관식,,ABSENT,,ABSENT,0,34621,a5b159a5a27143eb7b10e4349e4e2b5d9d6c32340460b7eaaa9d9199dccc1968,ea60cf2178b9c70923e105d01a4674d6efe4a640d790d78c99d2f6bf97de13b0,f1c1df7c1db295f98f7bdee25f477a9b914ef9719cb735ee86c644c04945fd2f,VISUAL_OPTIONAL_OR_EXEMPT_CANDIDATE,NO_VISUAL,NONE,GRAPH_OR_FUNCTION_STRUCTURE|NUMBER_LINE_OR_INEQUALITY_STRUCTURE,NOT_STARTED,NOT_STARTED,NOT_STARTED,NOT_TESTED,NOT_REVIEWED,NOT_STARTED,CANDIDATE_SCOPE_ONLY
archive/exams/original/high/h1/1final/25_순천여고_1학기_기말_고1_기출c.js|25_순천여고_1학기_기말_고1_기출c|8,archive/exams/original/high/h1/1final/25_순천여고_1학기_기말_고1_기출c.js,25_순천여고_1학기_기말_고1_기출c,8,공통수학1,H22-C-06,여러 가지 방정식과 부등식,H22-C-06-HIGHER_INEQUALITY,여러 가지 부등식,객관식,,ABSENT,,ABSENT,0,34621,a5b159a5a27143eb7b10e4349e4e2b5d9d6c32340460b7eaaa9d9199dccc1968,665c6aad144c95a6d823686ea2b8e78ba7d7507270052cb4b4362ed705600442,ed5be6df84e16236dbb0b51450cdee81c21de7391c3f9ef9e89ca2104003fd4f,VISUAL_REQUIRED,ADD_NEW_VISUAL,ADD,GRAPH_OR_FUNCTION_STRUCTURE|NUMBER_LINE_OR_INEQUALITY_STRUCTURE|CASE_OR_BOUNDARY_STRUCTURE,NOT_STARTED,NOT_STARTED,NOT_STARTED,NOT_TESTED,NOT_REVIEWED,NOT_STARTED,CANDIDATE_SCOPE_ONLY
archive/exams/original/high/h1/1final/25_제일고_1학기_기말_고1_기출c.js|25_제일고_1학기_기말_고1_기출c|1,archive/exams/original/high/h1/1final/25_제일고_1학기_기말_고1_기출c.js,25_제일고_1학기_기말_고1_기출c,1,공통수학1,H22-C-06,여러 가지 방정식과 부등식,H22-C-06-HIGHER_INEQUALITY,여러 가지 부등식,객관식,,ABSENT,,ABSENT,0,54750,a9e6f864415a8d67761f4bd2e49e3518b9fc3dc83ea7d33496353d95e76c78a8,dec07058aac8eda85744bd34f946b3c2acb54796e284882fd574693027cab332,c88fa78c0bb9d7c3c049a49f38f481719b2e632eb68bd7175f5c10d1f89e3858,VISUAL_REQUIRED,ADD_NEW_VISUAL,ADD,NUMBER_LINE_OR_INEQUALITY_STRUCTURE|CASE_OR_BOUNDARY_STRUCTURE,NOT_STARTED,NOT_STARTED,NOT_STARTED,NOT_TESTED,NOT_REVIEWED,NOT_STARTED,CANDIDATE_SCOPE_ONLY
archive/exams/original/high/h1/1final/25_제일고_1학기_기말_고1_기출c.js|25_제일고_1학기_기말_고1_기출c|2,archive/exams/original/high/h1/1final/25_제일고_1학기_기말_고1_기출c.js,25_제일고_1학기_기말_고1_기출c,2,공통수학1,H22-C-06,여러 가지 방정식과 부등식,H22-C-06-HIGHER_INEQUALITY,여러 가지 부등식,객관식,,ABSENT,,ABSENT,0,54750,a9e6f864415a8d67761f4bd2e49e3518b9fc3dc83ea7d33496353d95e76c78a8,96e6ca247d79ccfe7536b98d7bdadd7cbf59c7a3ad50ce502a174b0b6bad091e,2e217f2d7e11fe8ff5d6159e29751d1e560195e5b0d72410785b7db269f6d388,VISUAL_REQUIRED,ADD_NEW_VISUAL,ADD,NUMBER_LINE_OR_INEQUALITY_STRUCTURE|CASE_OR_BOUNDARY_STRUCTURE,NOT_STARTED,NOT_STARTED,NOT_STARTED,NOT_TESTED,NOT_REVIEWED,NOT_STARTED,CANDIDATE_SCOPE_ONLY
archive/exams/original/high/h1/1final/25_제일고_1학기_기말_고1_기출c.js|25_제일고_1학기_기말_고1_기출c|20,archive/exams/original/high/h1/1final/25_제일고_1학기_기말_고1_기출c.js,25_제일고_1학기_기말_고1_기출c,20,공통수학1,H22-C-06,여러 가지 방정식과 부등식,H22-C-06-EQUATION_BASIC,방정식의 풀이,단답형,,ABSENT,,ABSENT,0,54750,a9e6f864415a8d67761f4bd2e49e3518b9fc3dc83ea7d33496353d95e76c78a8,e282caddd1b63d47bac28e0109ef79abfbdbc939601d2ff930a6f196892e1a3e,e98a2460d85173ebc4b1cd2afbf408373af36e5f33a524815e31748df2e27964,VISUAL_OPTIONAL_OR_EXEMPT_CANDIDATE,NO_VISUAL,NONE,GRAPH_OR_FUNCTION_STRUCTURE|NUMBER_LINE_OR_INEQUALITY_STRUCTURE|COORDINATE_OR_GEOMETRY_STRUCTURE,NOT_STARTED,NOT_STARTED,NOT_STARTED,NOT_TESTED,NOT_REVIEWED,NOT_STARTED,CANDIDATE_SCOPE_ONLY
archive/exams/original/high/h1/1final/25_제일고_1학기_기말_고1_기출c.js|25_제일고_1학기_기말_고1_기출c|22,archive/exams/original/high/h1/1final/25_제일고_1학기_기말_고1_기출c.js,25_제일고_1학기_기말_고1_기출c,22,공통수학1,H22-C-06,여러 가지 방정식과 부등식,H22-C-06-EQUATION_BASIC,방정식의 풀이,단답형,,ABSENT,,ABSENT,0,54750,a9e6f864415a8d67761f4bd2e49e3518b9fc3dc83ea7d33496353d95e76c78a8,e45571e5c6927713234531e8bb39ede58cdd75ce66d139c450e71196be299718,322a9a47058035df931c2f28e5b0c5e458f1f6b8cdb23d5d860674b659714ea5,VISUAL_OPTIONAL_OR_EXEMPT_CANDIDATE,NO_VISUAL,NONE,GRAPH_OR_FUNCTION_STRUCTURE|NUMBER_LINE_OR_INEQUALITY_STRUCTURE|CASE_OR_BOUNDARY_STRUCTURE,NOT_STARTED,NOT_STARTED,NOT_STARTED,NOT_TESTED,NOT_REVIEWED,NOT_STARTED,CANDIDATE_SCOPE_ONLY
archive/exams/original/high/h1/1final/25_제일고_1학기_기말_고1_기출c.js|25_제일고_1학기_기말_고1_기출c|3,archive/exams/original/high/h1/1final/25_제일고_1학기_기말_고1_기출c.js,25_제일고_1학기_기말_고1_기출c,3,공통수학1,H22-C-06,여러 가지 방정식과 부등식,H22-C-06-FUNCTION_BASIC,함수의 뜻과 그래프,객관식,,ABSENT,,ABSENT,0,54750,a9e6f864415a8d67761f4bd2e49e3518b9fc3dc83ea7d33496353d95e76c78a8,b1484f1cea4dbe3221e791208562929a4f3e6d800310e4e7683f905c5fbe0e1f,6d28c088041d806294ffb8574af5ac15f57053f99f2792d9205c0159729557f9,VISUAL_REQUIRED,ADD_NEW_VISUAL,ADD,GRAPH_OR_FUNCTION_STRUCTURE|NUMBER_LINE_OR_INEQUALITY_STRUCTURE,NOT_STARTED,NOT_STARTED,NOT_STARTED,NOT_TESTED,NOT_REVIEWED,NOT_STARTED,CANDIDATE_SCOPE_ONLY
archive/exams/original/high/h1/1final/25_제일고_1학기_기말_고1_기출c.js|25_제일고_1학기_기말_고1_기출c|4,archive/exams/original/high/h1/1final/25_제일고_1학기_기말_고1_기출c.js,25_제일고_1학기_기말_고1_기출c,4,공통수학1,H22-C-06,여러 가지 방정식과 부등식,H22-C-06-HIGHER_INEQUALITY,여러 가지 부등식,객관식,,ABSENT,,ABSENT,0,54750,a9e6f864415a8d67761f4bd2e49e3518b9fc3dc83ea7d33496353d95e76c78a8,85980b473f6baa2dc66e09807021c37aaa7c1cfd4fa21c2c42303a9d32a96ab3,d4c552c13cf50104a9e2ba080c01b8f4b5ff9348bb1b0857614e060b2c7bc9f6,VISUAL_REQUIRED,ADD_NEW_VISUAL,ADD,NUMBER_LINE_OR_INEQUALITY_STRUCTURE|COORDINATE_OR_GEOMETRY_STRUCTURE|CASE_OR_BOUNDARY_STRUCTURE,NOT_STARTED,NOT_STARTED,NOT_STARTED,NOT_TESTED,NOT_REVIEWED,NOT_STARTED,CANDIDATE_SCOPE_ONLY
archive/exams/original/high/h1/1final/25_제일고_1학기_기말_고1_기출c.js|25_제일고_1학기_기말_고1_기출c|5,archive/exams/original/high/h1/1final/25_제일고_1학기_기말_고1_기출c.js,25_제일고_1학기_기말_고1_기출c,5,공통수학1,H22-C-06,여러 가지 방정식과 부등식,H22-C-06-HIGHER_INEQUALITY,여러 가지 부등식,객관식,,ABSENT,,ABSENT,0,54750,a9e6f864415a8d67761f4bd2e49e3518b9fc3dc83ea7d33496353d95e76c78a8,c93b97bc57a8fc0806e6f77f2004988673059ffd9a6d577f42b50a45cf503de3,552f39e82aa44d2536fed773ad43e866e2e29385fc4f9f48a36ff4fecb6a15d7,VISUAL_REQUIRED,ADD_NEW_VISUAL,ADD,NUMBER_LINE_OR_INEQUALITY_STRUCTURE|CASE_OR_BOUNDARY_STRUCTURE,NOT_STARTED,NOT_STARTED,NOT_STARTED,NOT_TESTED,NOT_REVIEWED,NOT_STARTED,CANDIDATE_SCOPE_ONLY
archive/exams/original/high/h1/1final/25_제일고_1학기_기말_고1_기출c.js|25_제일고_1학기_기말_고1_기출c|6,archive/exams/original/high/h1/1final/25_제일고_1학기_기말_고1_기출c.js,25_제일고_1학기_기말_고1_기출c,6,공통수학1,H22-C-05,이차방정식과 이차함수,H22-C-05-QUADRATIC_EQUATION,이차방정식,객관식,,ABSENT,,ABSENT,0,54750,a9e6f864415a8d67761f4bd2e49e3518b9fc3dc83ea7d33496353d95e76c78a8,832c66d4b94b6e34d26fd975d5e363d4d25ff891040241ef29da08f37c6928c2,7309ef69a09cb05806a67f283f6f436eda8b8fbdfce8412962c87b73bbf560f9,VISUAL_REQUIRED,ADD_NEW_VISUAL,ADD,GRAPH_OR_FUNCTION_STRUCTURE|NUMBER_LINE_OR_INEQUALITY_STRUCTURE|CASE_OR_BOUNDARY_STRUCTURE,NOT_STARTED,NOT_STARTED,NOT_STARTED,NOT_TESTED,NOT_REVIEWED,NOT_STARTED,CANDIDATE_SCOPE_ONLY
archive/exams/original/high/h1/1final/25_제일고_1학기_기말_고1_기출c.js|25_제일고_1학기_기말_고1_기출c|7,archive/exams/original/high/h1/1final/25_제일고_1학기_기말_고1_기출c.js,25_제일고_1학기_기말_고1_기출c,7,공통수학1,H22-C-06,여러 가지 방정식과 부등식,H22-C-06-HIGHER_INEQUALITY,여러 가지 부등식,객관식,,ABSENT,,ABSENT,0,54750,a9e6f864415a8d67761f4bd2e49e3518b9fc3dc83ea7d33496353d95e76c78a8,876813408be96122a7701c618bd46d8ebe65362953d538e06f6149fb1ecf70ae,9f0b775188f9f2dec93d7aeb8dc18f452cfae9bd41349714ae9eff664960abe5,VISUAL_REQUIRED,ADD_NEW_VISUAL,ADD,NUMBER_LINE_OR_INEQUALITY_STRUCTURE|CASE_OR_BOUNDARY_STRUCTURE,NOT_STARTED,NOT_STARTED,NOT_STARTED,NOT_TESTED,NOT_REVIEWED,NOT_STARTED,CANDIDATE_SCOPE_ONLY
archive/exams/original/high/h1/1final/25_제일고_1학기_기말_고1_기출c.js|25_제일고_1학기_기말_고1_기출c|8,archive/exams/original/high/h1/1final/25_제일고_1학기_기말_고1_기출c.js,25_제일고_1학기_기말_고1_기출c,8,공통수학1,H22-C-06,여러 가지 방정식과 부등식,H22-C-06-EQUATION_BASIC,방정식의 풀이,객관식,,ABSENT,,ABSENT,0,54750,a9e6f864415a8d67761f4bd2e49e3518b9fc3dc83ea7d33496353d95e76c78a8,6aea27ce147fae5714d3380a83de43c37e5c61d7bd4a173820fdeee997aa5cf9,9f90b21ab5318e8ae6e00a597b2b7dc1aa51c49d6e96a08ca219ffcdd0433f79,VISUAL_OPTIONAL_OR_EXEMPT_CANDIDATE,NO_VISUAL,NONE,NUMBER_LINE_OR_INEQUALITY_STRUCTURE|CASE_OR_BOUNDARY_STRUCTURE,NOT_STARTED,NOT_STARTED,NOT_STARTED,NOT_TESTED,NOT_REVIEWED,NOT_STARTED,CANDIDATE_SCOPE_ONLY
archive/exams/original/high/h1/1final/25_제일고_1학기_기말_고1_기출c.js|25_제일고_1학기_기말_고1_기출c|9,archive/exams/original/high/h1/1final/25_제일고_1학기_기말_고1_기출c.js,25_제일고_1학기_기말_고1_기출c,9,공통수학1,H22-C-06,여러 가지 방정식과 부등식,H22-C-06-EQUATION_BASIC,방정식의 풀이,객관식,,ABSENT,,ABSENT,0,54750,a9e6f864415a8d67761f4bd2e49e3518b9fc3dc83ea7d33496353d95e76c78a8,21e06cc693ea56746fe52d143511a692fc967636f5473e3aefdf68855304c818,be0dae0deca2c5077276581d1a9865a41dae701a60324aee4f08ef76187ff556,VISUAL_OPTIONAL_OR_EXEMPT_CANDIDATE,NO_VISUAL,NONE,GRAPH_OR_FUNCTION_STRUCTURE|NUMBER_LINE_OR_INEQUALITY_STRUCTURE|CASE_OR_BOUNDARY_STRUCTURE,NOT_STARTED,NOT_STARTED,NOT_STARTED,NOT_TESTED,NOT_REVIEWED,NOT_STARTED,CANDIDATE_SCOPE_ONLY
archive/exams/original/high/h1/1final/25_팔마고_1학기_기말_고1_기출c.js|25_팔마고_1학기_기말_고1_기출c|1,archive/exams/original/high/h1/1final/25_팔마고_1학기_기말_고1_기출c.js,25_팔마고_1학기_기말_고1_기출c,1,공통수학1,H22-C-06,여러 가지 방정식과 부등식,H22-C-06-HIGHER_INEQUALITY,여러 가지 부등식,객관식,,ABSENT,,ABSENT,0,57807,388ab5f3fa9588445802e2858e5370458c7616fa78093059e16a2154e17b7fe0,4b97dca27d1805277887d50f8b46ab667f3e82af79455bdb93a33483246cf319,2d4d0b77ebff6ef47bf10f1952ac39eef55dcb6f3d2ceb43899a59769ab45e12,VISUAL_REQUIRED,ADD_NEW_VISUAL,ADD,NUMBER_LINE_OR_INEQUALITY_STRUCTURE|COORDINATE_OR_GEOMETRY_STRUCTURE|CASE_OR_BOUNDARY_STRUCTURE,NOT_STARTED,NOT_STARTED,NOT_STARTED,NOT_TESTED,NOT_REVIEWED,NOT_STARTED,CANDIDATE_SCOPE_ONLY
archive/exams/original/high/h1/1final/25_팔마고_1학기_기말_고1_기출c.js|25_팔마고_1학기_기말_고1_기출c|10,archive/exams/original/high/h1/1final/25_팔마고_1학기_기말_고1_기출c.js,25_팔마고_1학기_기말_고1_기출c,10,공통수학1,H22-C-06,여러 가지 방정식과 부등식,H22-C-06-HIGHER_INEQUALITY,여러 가지 부등식,객관식,,ABSENT,,ABSENT,0,57807,388ab5f3fa9588445802e2858e5370458c7616fa78093059e16a2154e17b7fe0,746378bfd37d169c1316cbe1330a358d419b0fa627f59ba9c8965b5dd7cee489,ca3a7f18666827927db0c23e838bdb14dbb57ae3096e8cc00074f5c7eb0dd17b,VISUAL_REQUIRED,ADD_NEW_VISUAL,ADD,NUMBER_LINE_OR_INEQUALITY_STRUCTURE|COORDINATE_OR_GEOMETRY_STRUCTURE|CASE_OR_BOUNDARY_STRUCTURE,NOT_STARTED,NOT_STARTED,NOT_STARTED,NOT_TESTED,NOT_REVIEWED,NOT_STARTED,CANDIDATE_SCOPE_ONLY
archive/exams/original/high/h1/1final/25_팔마고_1학기_기말_고1_기출c.js|25_팔마고_1학기_기말_고1_기출c|16,archive/exams/original/high/h1/1final/25_팔마고_1학기_기말_고1_기출c.js,25_팔마고_1학기_기말_고1_기출c,16,공통수학1,H22-C-06,여러 가지 방정식과 부등식,H22-C-06-HIGHER_INEQUALITY,여러 가지 부등식,객관식,,ABSENT,,ABSENT,0,57807,388ab5f3fa9588445802e2858e5370458c7616fa78093059e16a2154e17b7fe0,e374fdc5762c3e19a6c5b4610b67eba2b74c07233768433f5002e845c05b5d32,f65f3af8682a3cf7d5dd70f8b3eb6525fe051ebcfd4e0765dd248d40e6f161b0,VISUAL_REQUIRED,ADD_NEW_VISUAL,ADD,NUMBER_LINE_OR_INEQUALITY_STRUCTURE|COORDINATE_OR_GEOMETRY_STRUCTURE|CASE_OR_BOUNDARY_STRUCTURE,NOT_STARTED,NOT_STARTED,NOT_STARTED,NOT_TESTED,NOT_REVIEWED,NOT_STARTED,CANDIDATE_SCOPE_ONLY
archive/exams/original/high/h1/1final/25_팔마고_1학기_기말_고1_기출c.js|25_팔마고_1학기_기말_고1_기출c|2,archive/exams/original/high/h1/1final/25_팔마고_1학기_기말_고1_기출c.js,25_팔마고_1학기_기말_고1_기출c,2,공통수학1,H22-C-06,여러 가지 방정식과 부등식,H22-C-06-HIGHER_INEQUALITY,여러 가지 부등식,객관식,,ABSENT,,ABSENT,0,57807,388ab5f3fa9588445802e2858e5370458c7616fa78093059e16a2154e17b7fe0,527da569e968dbed5cf54bfbfbbaad118e5c16ea45db4b22551f8b0d88649ba3,e2ac55297c6fb728a1114138820b809f253c2c317740656020735974f129c49a,VISUAL_REQUIRED,ADD_NEW_VISUAL,ADD,NUMBER_LINE_OR_INEQUALITY_STRUCTURE|CASE_OR_BOUNDARY_STRUCTURE,NOT_STARTED,NOT_STARTED,NOT_STARTED,NOT_TESTED,NOT_REVIEWED,NOT_STARTED,CANDIDATE_SCOPE_ONLY
archive/exams/original/high/h1/1final/25_팔마고_1학기_기말_고1_기출c.js|25_팔마고_1학기_기말_고1_기출c|20,archive/exams/original/high/h1/1final/25_팔마고_1학기_기말_고1_기출c.js,25_팔마고_1학기_기말_고1_기출c,20,공통수학1,H22-C-06,여러 가지 방정식과 부등식,H22-C-06-HIGHER_INEQUALITY,여러 가지 부등식,단답형,,ABSENT,,ABSENT,0,57807,388ab5f3fa9588445802e2858e5370458c7616fa78093059e16a2154e17b7fe0,a1afa1d99ff776ac2ffb7520f386bb06f6ffe9f8ab70f05cb3913c1ae533b642,efa46d304249f734a160294df32111ee848e3fc13d6576d74404c2bbaa569335,VISUAL_REQUIRED,ADD_NEW_VISUAL,ADD,GRAPH_OR_FUNCTION_STRUCTURE|NUMBER_LINE_OR_INEQUALITY_STRUCTURE|CASE_OR_BOUNDARY_STRUCTURE,NOT_STARTED,NOT_STARTED,NOT_STARTED,NOT_TESTED,NOT_REVIEWED,NOT_STARTED,CANDIDATE_SCOPE_ONLY
archive/exams/original/high/h1/1final/25_팔마고_1학기_기말_고1_기출c.js|25_팔마고_1학기_기말_고1_기출c|21,archive/exams/original/high/h1/1final/25_팔마고_1학기_기말_고1_기출c.js,25_팔마고_1학기_기말_고1_기출c,21,공통수학1,H22-C-06,여러 가지 방정식과 부등식,H22-C-06-HIGHER_INEQUALITY,여러 가지 부등식,단답형,,ABSENT,,ABSENT,0,57807,388ab5f3fa9588445802e2858e5370458c7616fa78093059e16a2154e17b7fe0,2463be4b66c6ce54c9d1a4d31d83f3fcc7b0881ae7a2faa952b15d823fd56ca7,9ca88fac9345e108d41e5da90c6ebc2d7209e4f43fc9120ff77853596bc69bc2,VISUAL_REQUIRED,ADD_NEW_VISUAL,ADD,GRAPH_OR_FUNCTION_STRUCTURE|NUMBER_LINE_OR_INEQUALITY_STRUCTURE|CASE_OR_BOUNDARY_STRUCTURE,NOT_STARTED,NOT_STARTED,NOT_STARTED,NOT_TESTED,NOT_REVIEWED,NOT_STARTED,CANDIDATE_SCOPE_ONLY
archive/exams/original/high/h1/1final/25_팔마고_1학기_기말_고1_기출c.js|25_팔마고_1학기_기말_고1_기출c|7,archive/exams/original/high/h1/1final/25_팔마고_1학기_기말_고1_기출c.js,25_팔마고_1학기_기말_고1_기출c,7,공통수학1,H22-C-06,여러 가지 방정식과 부등식,H22-C-06-HIGHER_INEQUALITY,여러 가지 부등식,객관식,,ABSENT,,ABSENT,0,57807,388ab5f3fa9588445802e2858e5370458c7616fa78093059e16a2154e17b7fe0,936af714b9ae8ffa00dc70342c6305cef582ba07bd98d3a4b1974e334e4dd421,2e870c250276ed30ba13ad06f44b99d3f5ca47a3e1dfa2ecf3a514b290a5f4cb,VISUAL_REQUIRED,ADD_NEW_VISUAL,ADD,NUMBER_LINE_OR_INEQUALITY_STRUCTURE|COORDINATE_OR_GEOMETRY_STRUCTURE|CASE_OR_BOUNDARY_STRUCTURE,NOT_STARTED,NOT_STARTED,NOT_STARTED,NOT_TESTED,NOT_REVIEWED,NOT_STARTED,CANDIDATE_SCOPE_ONLY
archive/exams/original/high/h1/1final/25_팔마고_1학기_기말_고1_기출c.js|25_팔마고_1학기_기말_고1_기출c|8,archive/exams/original/high/h1/1final/25_팔마고_1학기_기말_고1_기출c.js,25_팔마고_1학기_기말_고1_기출c,8,공통수학1,H22-C-06,여러 가지 방정식과 부등식,H22-C-06-HIGHER_INEQUALITY,여러 가지 부등식,객관식,,ABSENT,,ABSENT,0,57807,388ab5f3fa9588445802e2858e5370458c7616fa78093059e16a2154e17b7fe0,c1a7655fc68540d8b012d40942581027b3411e4914ce64455e0db1c1332da395,054708bbe5c6ce249fc1c92b23f9c488f116f1f380c40da53bfa0aacbc53506c,VISUAL_REQUIRED,ADD_NEW_VISUAL,ADD,GRAPH_OR_FUNCTION_STRUCTURE|NUMBER_LINE_OR_INEQUALITY_STRUCTURE|CASE_OR_BOUNDARY_STRUCTURE,NOT_STARTED,NOT_STARTED,NOT_STARTED,NOT_TESTED,NOT_REVIEWED,NOT_STARTED,CANDIDATE_SCOPE_ONLY
archive/exams/original/high/h1/1final/25_팔마고_1학기_기말_고1_기출c.js|25_팔마고_1학기_기말_고1_기출c|9,archive/exams/original/high/h1/1final/25_팔마고_1학기_기말_고1_기출c.js,25_팔마고_1학기_기말_고1_기출c,9,공통수학1,H22-C-06,여러 가지 방정식과 부등식,H22-C-06-HIGHER_INEQUALITY,여러 가지 부등식,객관식,,ABSENT,,ABSENT,0,57807,388ab5f3fa9588445802e2858e5370458c7616fa78093059e16a2154e17b7fe0,4111f1f4d2eac953ee735a34b27e4c9b590c8915846169c6178ffc51ba9e13c7,c8336788fee44b3609431f2fe949a0a9b0a767a91160a48595aca3fcfb0e7d51,VISUAL_REQUIRED,ADD_NEW_VISUAL,ADD,GRAPH_OR_FUNCTION_STRUCTURE|NUMBER_LINE_OR_INEQUALITY_STRUCTURE|CASE_OR_BOUNDARY_STRUCTURE,NOT_STARTED,NOT_STARTED,NOT_STARTED,NOT_TESTED,NOT_REVIEWED,NOT_STARTED,CANDIDATE_SCOPE_ONLY
archive/exams/original/high/h1/1final/25_효천고_1학기_기말_고1_기출c.js|25_효천고_1학기_기말_고1_기출c|1,archive/exams/original/high/h1/1final/25_효천고_1학기_기말_고1_기출c.js,25_효천고_1학기_기말_고1_기출c,1,공통수학1,H22-C-05,이차방정식과 이차함수,H22-C-05-QUADRATIC_EQUATION,이차방정식,객관식,,ABSENT,,ABSENT,0,59912,771ad74a438b1ee28cf6d3a5cac035fea71c591b09f4e5db66ac256c7ca5abf5,1bb1904e4781a93f0ac7810b9fd536080e98b354ad08d9aa067119aa445fc710,653070d74eef484b7d0f229cb440fbec6a9708b2fd69333beb2226d73411150b,VISUAL_REQUIRED,ADD_NEW_VISUAL,ADD,GRAPH_OR_FUNCTION_STRUCTURE,NOT_STARTED,NOT_STARTED,NOT_STARTED,NOT_TESTED,NOT_REVIEWED,NOT_STARTED,CANDIDATE_SCOPE_ONLY
archive/exams/original/high/h1/1final/25_효천고_1학기_기말_고1_기출c.js|25_효천고_1학기_기말_고1_기출c|14,archive/exams/original/high/h1/1final/25_효천고_1학기_기말_고1_기출c.js,25_효천고_1학기_기말_고1_기출c,14,공통수학1,H22-C-05,이차방정식과 이차함수,H22-C-05-QUADRATIC_EQUATION,이차방정식,객관식,,ABSENT,,ABSENT,0,59912,771ad74a438b1ee28cf6d3a5cac035fea71c591b09f4e5db66ac256c7ca5abf5,246fa00fe3a4155e30960edec5bde8b5c1592d3c79787d9642df5a66653b3fdf,70708a62135d3040c332aed73d10d3afd10634bad23e0f46940f97eb4691f724,VISUAL_REQUIRED,ADD_NEW_VISUAL,ADD,GRAPH_OR_FUNCTION_STRUCTURE|COORDINATE_OR_GEOMETRY_STRUCTURE|CASE_OR_BOUNDARY_STRUCTURE,NOT_STARTED,NOT_STARTED,NOT_STARTED,NOT_TESTED,NOT_REVIEWED,NOT_STARTED,CANDIDATE_SCOPE_ONLY
archive/exams/original/high/h1/1final/25_효천고_1학기_기말_고1_기출c.js|25_효천고_1학기_기말_고1_기출c|15,archive/exams/original/high/h1/1final/25_효천고_1학기_기말_고1_기출c.js,25_효천고_1학기_기말_고1_기출c,15,공통수학1,H22-C-06,여러 가지 방정식과 부등식,H22-C-06-FUNCTION_BASIC,함수의 뜻과 그래프,객관식,,ABSENT,,ABSENT,0,59912,771ad74a438b1ee28cf6d3a5cac035fea71c591b09f4e5db66ac256c7ca5abf5,a5e0a7b0ed7996aa11e59850b8739722fd4b2f94eaec1ff57f46315f7c3cc5e1,86f882cd4aa9b7fb777cfe0fb42a86124cdc6d82b9f27762471ddc2d6ec9f823,VISUAL_REQUIRED,ADD_NEW_VISUAL,ADD,GRAPH_OR_FUNCTION_STRUCTURE|NUMBER_LINE_OR_INEQUALITY_STRUCTURE|CASE_OR_BOUNDARY_STRUCTURE,NOT_STARTED,NOT_STARTED,NOT_STARTED,NOT_TESTED,NOT_REVIEWED,NOT_STARTED,CANDIDATE_SCOPE_ONLY
archive/exams/original/high/h1/1final/25_효천고_1학기_기말_고1_기출c.js|25_효천고_1학기_기말_고1_기출c|16,archive/exams/original/high/h1/1final/25_효천고_1학기_기말_고1_기출c.js,25_효천고_1학기_기말_고1_기출c,16,공통수학1,H22-C-05,이차방정식과 이차함수,H22-C-05-QUADRATIC_FUNCTION_GRAPH,이차함수의 그래프,객관식,,ABSENT,,ABSENT,0,59912,771ad74a438b1ee28cf6d3a5cac035fea71c591b09f4e5db66ac256c7ca5abf5,b0bafd299d60515bac29e36fb2a0c4a478888d1fb7fd0388789e815aa90a37d9,77881e838617673a3bb901c44eab92b1565064a7b2249ae847eefa900138f723,VISUAL_REQUIRED,ADD_NEW_VISUAL,ADD,GRAPH_OR_FUNCTION_STRUCTURE|COORDINATE_OR_GEOMETRY_STRUCTURE|CASE_OR_BOUNDARY_STRUCTURE,NOT_STARTED,NOT_STARTED,NOT_STARTED,NOT_TESTED,NOT_REVIEWED,NOT_STARTED,CANDIDATE_SCOPE_ONLY
archive/exams/original/high/h1/1final/25_효천고_1학기_기말_고1_기출c.js|25_효천고_1학기_기말_고1_기출c|17,archive/exams/original/high/h1/1final/25_효천고_1학기_기말_고1_기출c.js,25_효천고_1학기_기말_고1_기출c,17,공통수학1,H22-C-06,여러 가지 방정식과 부등식,H22-C-06-HIGHER_INEQUALITY,여러 가지 부등식,객관식,,ABSENT,,ABSENT,0,59912,771ad74a438b1ee28cf6d3a5cac035fea71c591b09f4e5db66ac256c7ca5abf5,e350405e87b4bba6a2e3e3c72d7b398da03adbb0cdb08c010e30a2cbb0d31aeb,b636df532a08171a12c629f0cf6d23f117831f5fec4abfa3775d1aa7210ebb52,VISUAL_REQUIRED,ADD_NEW_VISUAL,ADD,NUMBER_LINE_OR_INEQUALITY_STRUCTURE|COORDINATE_OR_GEOMETRY_STRUCTURE|CASE_OR_BOUNDARY_STRUCTURE,NOT_STARTED,NOT_STARTED,NOT_STARTED,NOT_TESTED,NOT_REVIEWED,NOT_STARTED,CANDIDATE_SCOPE_ONLY
archive/exams/original/high/h1/1final/25_효천고_1학기_기말_고1_기출c.js|25_효천고_1학기_기말_고1_기출c|2,archive/exams/original/high/h1/1final/25_효천고_1학기_기말_고1_기출c.js,25_효천고_1학기_기말_고1_기출c,2,공통수학1,H22-C-06,여러 가지 방정식과 부등식,H22-C-06-HIGHER_INEQUALITY,여러 가지 부등식,객관식,,ABSENT,,ABSENT,0,59912,771ad74a438b1ee28cf6d3a5cac035fea71c591b09f4e5db66ac256c7ca5abf5,307990b0ac4b968345db45a0031d052f29af8414a152debce249b3dc88115e30,0482a7fb9631456b98c3df4e3c587610bf20285460c2426727e1af76fe8efdb1,VISUAL_REQUIRED,ADD_NEW_VISUAL,ADD,GRAPH_OR_FUNCTION_STRUCTURE|NUMBER_LINE_OR_INEQUALITY_STRUCTURE|CASE_OR_BOUNDARY_STRUCTURE,NOT_STARTED,NOT_STARTED,NOT_STARTED,NOT_TESTED,NOT_REVIEWED,NOT_STARTED,CANDIDATE_SCOPE_ONLY
archive/exams/original/high/h1/1final/25_효천고_1학기_기말_고1_기출c.js|25_효천고_1학기_기말_고1_기출c|20,archive/exams/original/high/h1/1final/25_효천고_1학기_기말_고1_기출c.js,25_효천고_1학기_기말_고1_기출c,20,공통수학1,H22-C-05,이차방정식과 이차함수,H22-C-05-QUADRATIC_FUNCTION_GRAPH,이차함수의 그래프,서술형,,ABSENT,,ABSENT,0,59912,771ad74a438b1ee28cf6d3a5cac035fea71c591b09f4e5db66ac256c7ca5abf5,a5f30e762c42066785d3966cb488cdbf4452d3b09d23a48085dbf217d131dffc,7be2a27be8f4bd864c8e761180a4ca634d2b78eb510d9f7bda76a64d4f41dc7c,VISUAL_REQUIRED,ADD_NEW_VISUAL,ADD,GRAPH_OR_FUNCTION_STRUCTURE|COORDINATE_OR_GEOMETRY_STRUCTURE|CASE_OR_BOUNDARY_STRUCTURE,NOT_STARTED,NOT_STARTED,NOT_STARTED,NOT_TESTED,NOT_REVIEWED,NOT_STARTED,CANDIDATE_SCOPE_ONLY
archive/exams/original/high/h1/1final/25_효천고_1학기_기말_고1_기출c.js|25_효천고_1학기_기말_고1_기출c|22,archive/exams/original/high/h1/1final/25_효천고_1학기_기말_고1_기출c.js,25_효천고_1학기_기말_고1_기출c,22,공통수학1,H22-C-06,여러 가지 방정식과 부등식,H22-C-06-HIGHER_INEQUALITY,여러 가지 부등식,서술형,,ABSENT,,ABSENT,0,59912,771ad74a438b1ee28cf6d3a5cac035fea71c591b09f4e5db66ac256c7ca5abf5,50714034045391eecd841208be8dc219f289396597c9c64141e72c702bea9cab,83ca6a8dd6fb627ebcbfba78864df00773f319341c6bd2d2e93bf7b87fe4e00f,VISUAL_REQUIRED,ADD_NEW_VISUAL,ADD,GRAPH_OR_FUNCTION_STRUCTURE|NUMBER_LINE_OR_INEQUALITY_STRUCTURE|CASE_OR_BOUNDARY_STRUCTURE,NOT_STARTED,NOT_STARTED,NOT_STARTED,NOT_TESTED,NOT_REVIEWED,NOT_STARTED,CANDIDATE_SCOPE_ONLY
archive/exams/original/high/h1/1final/25_효천고_1학기_기말_고1_기출c.js|25_효천고_1학기_기말_고1_기출c|3,archive/exams/original/high/h1/1final/25_효천고_1학기_기말_고1_기출c.js,25_효천고_1학기_기말_고1_기출c,3,공통수학1,H22-C-06,여러 가지 방정식과 부등식,H22-C-06-SYSTEM_OF_EQUATIONS,연립방정식,객관식,,ABSENT,,ABSENT,0,59912,771ad74a438b1ee28cf6d3a5cac035fea71c591b09f4e5db66ac256c7ca5abf5,3b8ca6f1659dcd3440e3d0cc463150e2a31aa9b605cd48bf12d482bf446fc96d,da2b67c57e9dd971336d9d904785a1f1a2a753e93ecbe41002edc330badcd66e,VISUAL_REQUIRED,ADD_NEW_VISUAL,ADD,NUMBER_LINE_OR_INEQUALITY_STRUCTURE|CASE_OR_BOUNDARY_STRUCTURE,NOT_STARTED,NOT_STARTED,NOT_STARTED,NOT_TESTED,NOT_REVIEWED,NOT_STARTED,CANDIDATE_SCOPE_ONLY
archive/exams/original/high/h1/1final/25_효천고_1학기_기말_고1_기출c.js|25_효천고_1학기_기말_고1_기출c|4,archive/exams/original/high/h1/1final/25_효천고_1학기_기말_고1_기출c.js,25_효천고_1학기_기말_고1_기출c,4,공통수학1,H22-C-06,여러 가지 방정식과 부등식,H22-C-06-HIGHER_INEQUALITY,여러 가지 부등식,객관식,,ABSENT,,ABSENT,0,59912,771ad74a438b1ee28cf6d3a5cac035fea71c591b09f4e5db66ac256c7ca5abf5,283d3710ecc6e2394f5dcf9fbbd049524b9d1b2b47fd952011f84953732278fb,3c52fc524c353079b5614ad86979e647d116d35112196785261330cbf8124926,VISUAL_REQUIRED,ADD_NEW_VISUAL,ADD,NUMBER_LINE_OR_INEQUALITY_STRUCTURE|CASE_OR_BOUNDARY_STRUCTURE,NOT_STARTED,NOT_STARTED,NOT_STARTED,NOT_TESTED,NOT_REVIEWED,NOT_STARTED,CANDIDATE_SCOPE_ONLY
archive/exams/original/high/h1/1final/25_효천고_1학기_기말_고1_기출c.js|25_효천고_1학기_기말_고1_기출c|5,archive/exams/original/high/h1/1final/25_효천고_1학기_기말_고1_기출c.js,25_효천고_1학기_기말_고1_기출c,5,공통수학1,H22-C-06,여러 가지 방정식과 부등식,H22-C-06-HIGHER_INEQUALITY,여러 가지 부등식,객관식,,ABSENT,,ABSENT,0,59912,771ad74a438b1ee28cf6d3a5cac035fea71c591b09f4e5db66ac256c7ca5abf5,26efee6ae0d47c4274b9e5db3d40757c85c83702b947599d909fe3ebda109c4f,167bc06defd0472bc8a12d7d2155727dae71c5d4a3568f3dbb0cd8465ec00207,VISUAL_REQUIRED,ADD_NEW_VISUAL,ADD,NUMBER_LINE_OR_INEQUALITY_STRUCTURE|CASE_OR_BOUNDARY_STRUCTURE,NOT_STARTED,NOT_STARTED,NOT_STARTED,NOT_TESTED,NOT_REVIEWED,NOT_STARTED,CANDIDATE_SCOPE_ONLY
archive/exams/original/high/h1/1final/25_효천고_1학기_기말_고1_기출c.js|25_효천고_1학기_기말_고1_기출c|7,archive/exams/original/high/h1/1final/25_효천고_1학기_기말_고1_기출c.js,25_효천고_1학기_기말_고1_기출c,7,공통수학1,H22-C-05,이차방정식과 이차함수,H22-C-05-EQUATION_BASIC,방정식의 풀이,객관식,,ABSENT,,ABSENT,0,59912,771ad74a438b1ee28cf6d3a5cac035fea71c591b09f4e5db66ac256c7ca5abf5,28f79ad77c415c4d2af589ffbe96d224240f60a2e2345903145d12d06caf5325,156cb1e947efbd065d250816739229f54d1746bfa6c5992f4aa7d5e1feb79055,VISUAL_REQUIRED,ADD_NEW_VISUAL,ADD,GRAPH_OR_FUNCTION_STRUCTURE|COORDINATE_OR_GEOMETRY_STRUCTURE|CASE_OR_BOUNDARY_STRUCTURE,NOT_STARTED,NOT_STARTED,NOT_STARTED,NOT_TESTED,NOT_REVIEWED,NOT_STARTED,CANDIDATE_SCOPE_ONLY
archive/exams/original/high/h1/1final/25_효천고_1학기_기말_고1_기출c.js|25_효천고_1학기_기말_고1_기출c|8,archive/exams/original/high/h1/1final/25_효천고_1학기_기말_고1_기출c.js,25_효천고_1학기_기말_고1_기출c,8,공통수학1,H22-C-06,여러 가지 방정식과 부등식,H22-C-06-EQUATION,여러 가지 방정식,객관식,,ABSENT,,ABSENT,0,59912,771ad74a438b1ee28cf6d3a5cac035fea71c591b09f4e5db66ac256c7ca5abf5,5f39397c304812733443f6c5492c19453c6d970e1c5245668eb52f0a62706eac,2b86091f88515efb5a2e564cb27b920b508ccc52ad74b75794fbc8052a8ca6d5,VISUAL_OPTIONAL_OR_EXEMPT_CANDIDATE,NO_VISUAL,NONE,GRAPH_OR_FUNCTION_STRUCTURE|NUMBER_LINE_OR_INEQUALITY_STRUCTURE,NOT_STARTED,NOT_STARTED,NOT_STARTED,NOT_TESTED,NOT_REVIEWED,NOT_STARTED,CANDIDATE_SCOPE_ONLY
archive/exams/original/high/h1/1final/25_효천고_1학기_기말_고1_기출c.js|25_효천고_1학기_기말_고1_기출c|9,archive/exams/original/high/h1/1final/25_효천고_1학기_기말_고1_기출c.js,25_효천고_1학기_기말_고1_기출c,9,공통수학1,H22-C-06,여러 가지 방정식과 부등식,H22-C-06-SYSTEM_OF_EQUATIONS,연립방정식,객관식,,ABSENT,,ABSENT,0,59912,771ad74a438b1ee28cf6d3a5cac035fea71c591b09f4e5db66ac256c7ca5abf5,f267ec03448c3b4b5598b9f10ff4f42f9cb5a975ab847790807db26662319c13,b2427d2961f3ab7e17cdb5ced71322702842c0f802822bff78021b23de7cf280,VISUAL_OPTIONAL_OR_EXEMPT_CANDIDATE,NO_VISUAL,NONE,GRAPH_OR_FUNCTION_STRUCTURE|NUMBER_LINE_OR_INEQUALITY_STRUCTURE|CASE_OR_BOUNDARY_STRUCTURE,NOT_STARTED,NOT_STARTED,NOT_STARTED,NOT_TESTED,NOT_REVIEWED,NOT_STARTED,CANDIDATE_SCOPE_ONLY
archive/exams/original/high/h1/1final/26_광양제철고_1학기_기말_고1_기출.js|26_광양제철고_1학기_기말_고1_기출|1,archive/exams/original/high/h1/1final/26_광양제철고_1학기_기말_고1_기출.js,26_광양제철고_1학기_기말_고1_기출,1,공통수학1,H22-C-06,여러 가지 방정식과 부등식,H22-C-06-HIGHER_INEQUALITY,여러 가지 부등식,객관식,,ABSENT,,ABSENT,0,30922,2c68e7cd928445bbc650559173b10f532ce217258184aea77905597dcf5c45c4,956bde7fa508b99b2a4d4b88c06c59732169be4202bd48fbc13c002f7ddc4d06,e3f334ba26336a1c5813793bcab582f868b73d8f4b6b2bd0ee6939d51c8c93d9,VISUAL_REQUIRED,ADD_NEW_VISUAL,ADD,NUMBER_LINE_OR_INEQUALITY_STRUCTURE|CASE_OR_BOUNDARY_STRUCTURE,NOT_STARTED,NOT_STARTED,NOT_STARTED,NOT_TESTED,NOT_REVIEWED,NOT_STARTED,CANDIDATE_SCOPE_ONLY
archive/exams/original/high/h1/1final/26_광양제철고_1학기_기말_고1_기출.js|26_광양제철고_1학기_기말_고1_기출|12,archive/exams/original/high/h1/1final/26_광양제철고_1학기_기말_고1_기출.js,26_광양제철고_1학기_기말_고1_기출,12,공통수학1,H22-C-05,이차방정식과 이차함수,H22-C-05-FUNCTION_BASIC,함수의 뜻과 그래프,객관식,,ABSENT,,ABSENT,0,30922,2c68e7cd928445bbc650559173b10f532ce217258184aea77905597dcf5c45c4,6bd7b97456d37073b71403eaa9e445a31d3410ab70a2bc9e3ed82cf521826e03,fae8bc3babd03d6cd9b86fc3e171ad4b4bd6911a63095f58af3b60e07dccae56,VISUAL_REQUIRED,ADD_NEW_VISUAL,ADD,GRAPH_OR_FUNCTION_STRUCTURE|NUMBER_LINE_OR_INEQUALITY_STRUCTURE,NOT_STARTED,NOT_STARTED,NOT_STARTED,NOT_TESTED,NOT_REVIEWED,NOT_STARTED,CANDIDATE_SCOPE_ONLY
archive/exams/original/high/h1/1final/26_광양제철고_1학기_기말_고1_기출.js|26_광양제철고_1학기_기말_고1_기출|18,archive/exams/original/high/h1/1final/26_광양제철고_1학기_기말_고1_기출.js,26_광양제철고_1학기_기말_고1_기출,18,공통수학1,H22-C-06,여러 가지 방정식과 부등식,H22-C-06-INEQUALITY,여러 가지 부등식,서술형,,ABSENT,,ABSENT,0,30922,2c68e7cd928445bbc650559173b10f532ce217258184aea77905597dcf5c45c4,17a29269f7799d65a9b26cf93c06fdb80127e60118ca372441a81390c65959e5,366931b4c8b068d5c149f7560e35aadd5fda12ec545820ff789f9d990c029d42,VISUAL_REQUIRED,ADD_NEW_VISUAL,ADD,NUMBER_LINE_OR_INEQUALITY_STRUCTURE|CASE_OR_BOUNDARY_STRUCTURE,NOT_STARTED,NOT_STARTED,NOT_STARTED,NOT_TESTED,NOT_REVIEWED,NOT_STARTED,CANDIDATE_SCOPE_ONLY
archive/exams/original/high/h1/1final/26_광양제철고_1학기_기말_고1_기출.js|26_광양제철고_1학기_기말_고1_기출|19,archive/exams/original/high/h1/1final/26_광양제철고_1학기_기말_고1_기출.js,26_광양제철고_1학기_기말_고1_기출,19,공통수학1,H22-C-06,여러 가지 방정식과 부등식,H22-C-06-EQUATION,여러 가지 방정식,서술형,,ABSENT,,ABSENT,0,30922,2c68e7cd928445bbc650559173b10f532ce217258184aea77905597dcf5c45c4,850c4e2a63ef9bc45f0807320fb59ed0b51f91f762808f420b076bd8175052ad,dc021d0307db91270d822cb9efd333226943939d8c8d83d18b1f4ff8ab54313d,VISUAL_OPTIONAL_OR_EXEMPT_CANDIDATE,NO_VISUAL,NONE,NUMBER_LINE_OR_INEQUALITY_STRUCTURE,NOT_STARTED,NOT_STARTED,NOT_STARTED,NOT_TESTED,NOT_REVIEWED,NOT_STARTED,CANDIDATE_SCOPE_ONLY
archive/exams/original/high/h1/1final/26_광양제철고_1학기_기말_고1_기출.js|26_광양제철고_1학기_기말_고1_기출|7,archive/exams/original/high/h1/1final/26_광양제철고_1학기_기말_고1_기출.js,26_광양제철고_1학기_기말_고1_기출,7,공통수학1,H22-C-06,여러 가지 방정식과 부등식,H22-C-06-HIGHER_INEQUALITY,여러 가지 부등식,객관식,,ABSENT,,ABSENT,0,30922,2c68e7cd928445bbc650559173b10f532ce217258184aea77905597dcf5c45c4,32f39eb96192703d4f9fc5767897ea2eb8ebca285a4437672a2391dd9730ea91,d2ac085c91f3304f270008f30960d5c3f8bd3873c7dfb0a7fa3d7ce57fc7fd78,VISUAL_REQUIRED,ADD_NEW_VISUAL,ADD,NUMBER_LINE_OR_INEQUALITY_STRUCTURE,NOT_STARTED,NOT_STARTED,NOT_STARTED,NOT_TESTED,NOT_REVIEWED,NOT_STARTED,CANDIDATE_SCOPE_ONLY
archive/exams/original/high/h1/1final/26_광양제철고_1학기_기말_고1_기출.js|26_광양제철고_1학기_기말_고1_기출|8,archive/exams/original/high/h1/1final/26_광양제철고_1학기_기말_고1_기출.js,26_광양제철고_1학기_기말_고1_기출,8,공통수학1,H22-C-06,여러 가지 방정식과 부등식,H22-C-06-INEQUALITY,여러 가지 부등식,객관식,,ABSENT,,ABSENT,0,30922,2c68e7cd928445bbc650559173b10f532ce217258184aea77905597dcf5c45c4,5cf28b64b6aacd93782f2190d78ec447a5a9c22617d2dfec355efa17692d8b66,9fb02f9fd77a39a1ccf16cefd77bc5e327f6f0ccd4ae5f90948d184bb54c357d,VISUAL_REQUIRED,ADD_NEW_VISUAL,ADD,NUMBER_LINE_OR_INEQUALITY_STRUCTURE,NOT_STARTED,NOT_STARTED,NOT_STARTED,NOT_TESTED,NOT_REVIEWED,NOT_STARTED,CANDIDATE_SCOPE_ONLY
archive/exams/original/high/h1/1final/26_광양제철고_1학기_기말_고1_기출.js|26_광양제철고_1학기_기말_고1_기출|9,archive/exams/original/high/h1/1final/26_광양제철고_1학기_기말_고1_기출.js,26_광양제철고_1학기_기말_고1_기출,9,공통수학1,H22-C-06,여러 가지 방정식과 부등식,H22-C-06-SYSTEM_OF_EQUATIONS,연립방정식,객관식,,ABSENT,,ABSENT,0,30922,2c68e7cd928445bbc650559173b10f532ce217258184aea77905597dcf5c45c4,637fdefa6a427b32f70246c928c4af4ab93108db58a99b5007ba0a982252ed8b,5c85e58621355c90d2241e97acb1357c802d7222f1f4e0d70e47f80dc9185dde,VISUAL_OPTIONAL_OR_EXEMPT_CANDIDATE,NO_VISUAL,NONE,NUMBER_LINE_OR_INEQUALITY_STRUCTURE,NOT_STARTED,NOT_STARTED,NOT_STARTED,NOT_TESTED,NOT_REVIEWED,NOT_STARTED,CANDIDATE_SCOPE_ONLY
archive/exams/original/high/h1/1final/26_금당고_1학기_기말_고1_기출.js|26_금당고_1학기_기말_고1_기출|1,archive/exams/original/high/h1/1final/26_금당고_1학기_기말_고1_기출.js,26_금당고_1학기_기말_고1_기출,1,공통수학1,H22-C-06,여러 가지 방정식과 부등식,H22-C-06-EQUATION,여러 가지 방정식,객관식,,ABSENT,,ABSENT,0,29584,614f4fffefcfd228ba0b1d79c0fe46c3a11a82832e9caae514f1ed21a56810b9,e9ff90f48cbfc471483491bbed32218ce8a94e31e564d98340654b43e7c2faf4,e704d5487a4d14326d305f93523c5888ed2cf4ea1e2e81c4e011db844f38c42c,VISUAL_OPTIONAL_OR_EXEMPT_CANDIDATE,NO_VISUAL,NONE,NUMBER_LINE_OR_INEQUALITY_STRUCTURE,NOT_STARTED,NOT_STARTED,NOT_STARTED,NOT_TESTED,NOT_REVIEWED,NOT_STARTED,CANDIDATE_SCOPE_ONLY
archive/exams/original/high/h1/1final/26_금당고_1학기_기말_고1_기출.js|26_금당고_1학기_기말_고1_기출|10,archive/exams/original/high/h1/1final/26_금당고_1학기_기말_고1_기출.js,26_금당고_1학기_기말_고1_기출,10,공통수학1,H22-C-06,여러 가지 방정식과 부등식,H22-C-06-HIGHER_INEQUALITY,여러 가지 부등식,객관식,,ABSENT,,ABSENT,0,29584,614f4fffefcfd228ba0b1d79c0fe46c3a11a82832e9caae514f1ed21a56810b9,9df6ae05e656097a65b142b5a6aaec21fd7696b93406859e0339168cd7cd82a5,c3e163c3feba88c3e3d1b597ae14b72751c2aacdc76afd654448b21dce6e9858,VISUAL_REQUIRED,ADD_NEW_VISUAL,ADD,NUMBER_LINE_OR_INEQUALITY_STRUCTURE,NOT_STARTED,NOT_STARTED,NOT_STARTED,NOT_TESTED,NOT_REVIEWED,NOT_STARTED,CANDIDATE_SCOPE_ONLY
archive/exams/original/high/h1/1final/26_금당고_1학기_기말_고1_기출.js|26_금당고_1학기_기말_고1_기출|14,archive/exams/original/high/h1/1final/26_금당고_1학기_기말_고1_기출.js,26_금당고_1학기_기말_고1_기출,14,공통수학1,H22-C-06,여러 가지 방정식과 부등식,H22-C-06-INEQUALITY,여러 가지 부등식,객관식,,ABSENT,,ABSENT,0,29584,614f4fffefcfd228ba0b1d79c0fe46c3a11a82832e9caae514f1ed21a56810b9,b9b69c8461cd12103471af5b0aa0ab8f56a4c30dbb2d492a9dd13a474532fb64,27f39a3b21763094a7e58b7428fbf664de65aa58b8c2fa0dea6635ea6fa7c605,VISUAL_REQUIRED,ADD_NEW_VISUAL,ADD,NUMBER_LINE_OR_INEQUALITY_STRUCTURE|CASE_OR_BOUNDARY_STRUCTURE,NOT_STARTED,NOT_STARTED,NOT_STARTED,NOT_TESTED,NOT_REVIEWED,NOT_STARTED,CANDIDATE_SCOPE_ONLY
archive/exams/original/high/h1/1final/26_금당고_1학기_기말_고1_기출.js|26_금당고_1학기_기말_고1_기출|2,archive/exams/original/high/h1/1final/26_금당고_1학기_기말_고1_기출.js,26_금당고_1학기_기말_고1_기출,2,공통수학1,H22-C-06,여러 가지 방정식과 부등식,H22-C-06-HIGHER_INEQUALITY,여러 가지 부등식,객관식,,ABSENT,,ABSENT,0,29584,614f4fffefcfd228ba0b1d79c0fe46c3a11a82832e9caae514f1ed21a56810b9,d943cd77fa8451768160d619a104f26f4ad5b9fc839c644582a02d8cd037c8b2,6be92d496ca89c2a1feaec9506d97819dbdb250c3bafcad692913d47c9b6f2f1,VISUAL_REQUIRED,ADD_NEW_VISUAL,ADD,NUMBER_LINE_OR_INEQUALITY_STRUCTURE,NOT_STARTED,NOT_STARTED,NOT_STARTED,NOT_TESTED,NOT_REVIEWED,NOT_STARTED,CANDIDATE_SCOPE_ONLY
archive/exams/original/high/h1/1final/26_금당고_1학기_기말_고1_기출.js|26_금당고_1학기_기말_고1_기출|20,archive/exams/original/high/h1/1final/26_금당고_1학기_기말_고1_기출.js,26_금당고_1학기_기말_고1_기출,20,공통수학1,H22-C-06,여러 가지 방정식과 부등식,H22-C-06-INEQUALITY,여러 가지 부등식,서술형,,ABSENT,,ABSENT,0,29584,614f4fffefcfd228ba0b1d79c0fe46c3a11a82832e9caae514f1ed21a56810b9,21fd5aab47f7edd73d35555081fd24f9cd9d574ea11a2d2d42624e44c9932f5c,84d76a7853c6ea7862af30e242a989b93627a570974eac2d366725101e434bfd,VISUAL_REQUIRED,ADD_NEW_VISUAL,ADD,NUMBER_LINE_OR_INEQUALITY_STRUCTURE|CASE_OR_BOUNDARY_STRUCTURE,NOT_STARTED,NOT_STARTED,NOT_STARTED,NOT_TESTED,NOT_REVIEWED,NOT_STARTED,CANDIDATE_SCOPE_ONLY
archive/exams/original/high/h1/1final/26_금당고_1학기_기말_고1_기출.js|26_금당고_1학기_기말_고1_기출|3,archive/exams/original/high/h1/1final/26_금당고_1학기_기말_고1_기출.js,26_금당고_1학기_기말_고1_기출,3,공통수학1,H22-C-06,여러 가지 방정식과 부등식,H22-C-06-INEQUALITY,여러 가지 부등식,객관식,,ABSENT,,ABSENT,0,29584,614f4fffefcfd228ba0b1d79c0fe46c3a11a82832e9caae514f1ed21a56810b9,16168dbc5ba0f2ab160a05063bbcc94a0257419580d0d5be094b4d0985169abb,60b83c35ee75ac604f57743ef4fb6641f351a1ae78106eb8dfc4b1eb7f4cf1e4,VISUAL_REQUIRED,ADD_NEW_VISUAL,ADD,NUMBER_LINE_OR_INEQUALITY_STRUCTURE,NOT_STARTED,NOT_STARTED,NOT_STARTED,NOT_TESTED,NOT_REVIEWED,NOT_STARTED,CANDIDATE_SCOPE_ONLY
archive/exams/original/high/h1/1final/26_금당고_1학기_기말_고1_기출.js|26_금당고_1학기_기말_고1_기출|4,archive/exams/original/high/h1/1final/26_금당고_1학기_기말_고1_기출.js,26_금당고_1학기_기말_고1_기출,4,공통수학1,H22-C-06,여러 가지 방정식과 부등식,H22-C-06-INEQUALITY,여러 가지 부등식,객관식,,ABSENT,,ABSENT,0,29584,614f4fffefcfd228ba0b1d79c0fe46c3a11a82832e9caae514f1ed21a56810b9,896ee1b6125661ebba590b113face6d1e54ad1efbbfc84c89c6831261a426841,099a97fca670e67fa159b9e58c5337f481fb0dceb01c36f2f1e048669dbef420,VISUAL_REQUIRED,ADD_NEW_VISUAL,ADD,NUMBER_LINE_OR_INEQUALITY_STRUCTURE,NOT_STARTED,NOT_STARTED,NOT_STARTED,NOT_TESTED,NOT_REVIEWED,NOT_STARTED,CANDIDATE_SCOPE_ONLY
archive/exams/original/high/h1/1final/26_금당고_1학기_기말_고1_기출.js|26_금당고_1학기_기말_고1_기출|8,archive/exams/original/high/h1/1final/26_금당고_1학기_기말_고1_기출.js,26_금당고_1학기_기말_고1_기출,8,공통수학1,H22-C-06,여러 가지 방정식과 부등식,H22-C-06-SYSTEM_OF_EQUATIONS,연립방정식,객관식,,ABSENT,,ABSENT,0,29584,614f4fffefcfd228ba0b1d79c0fe46c3a11a82832e9caae514f1ed21a56810b9,cb60f43ca36198ea6f7fc7690f6431b84685d7440f501919274e1339f933d55e,a2e533296f9a21cd3cd24c7234ed6a410577df8f70c3c16c8a91c9ba09f32560,VISUAL_OPTIONAL_OR_EXEMPT_CANDIDATE,NO_VISUAL,NONE,NUMBER_LINE_OR_INEQUALITY_STRUCTURE,NOT_STARTED,NOT_STARTED,NOT_STARTED,NOT_TESTED,NOT_REVIEWED,NOT_STARTED,CANDIDATE_SCOPE_ONLY
archive/exams/original/high/h1/1final/26_금당고_1학기_기말_고1_기출.js|26_금당고_1학기_기말_고1_기출|9,archive/exams/original/high/h1/1final/26_금당고_1학기_기말_고1_기출.js,26_금당고_1학기_기말_고1_기출,9,공통수학1,H22-C-06,여러 가지 방정식과 부등식,H22-C-06-INEQUALITY,여러 가지 부등식,객관식,,ABSENT,,ABSENT,0,29584,614f4fffefcfd228ba0b1d79c0fe46c3a11a82832e9caae514f1ed21a56810b9,803ba830c4a8c05cabd5cbb9bddae82edfbb06c9fd8b27b030790940e69774c0,b7863a7081c9c3688b3b40132834b3b698e3e8639ffd59678a1aea6a21812855,VISUAL_REQUIRED,ADD_NEW_VISUAL,ADD,NUMBER_LINE_OR_INEQUALITY_STRUCTURE,NOT_STARTED,NOT_STARTED,NOT_STARTED,NOT_TESTED,NOT_REVIEWED,NOT_STARTED,CANDIDATE_SCOPE_ONLY
archive/exams/original/high/h1/1final/26_매산고_1학기_기말_고1_기출.js|26_매산고_1학기_기말_고1_기출|13,archive/exams/original/high/h1/1final/26_매산고_1학기_기말_고1_기출.js,26_매산고_1학기_기말_고1_기출,13,공통수학1,H22-C-06,여러 가지 방정식과 부등식,H22-C-06-INEQUALITY,여러 가지 부등식,객관식,,ABSENT,,ABSENT,0,37425,16a083f8b24faa1bd46a651d251b26e97c113b44369a475e3959dde0324981ee,48f40fbca723a26bc78fe66ec525212febac00c78fbbf70aecefd4c5b2a6f6fc,f989069dd7856fac1f8da00c5d26eda254687c1351a03a8ff95f73ae9cae008d,VISUAL_REQUIRED,ADD_NEW_VISUAL,ADD,NUMBER_LINE_OR_INEQUALITY_STRUCTURE|COORDINATE_OR_GEOMETRY_STRUCTURE|CASE_OR_BOUNDARY_STRUCTURE,NOT_STARTED,NOT_STARTED,NOT_STARTED,NOT_TESTED,NOT_REVIEWED,NOT_STARTED,CANDIDATE_SCOPE_ONLY
archive/exams/original/high/h1/1final/26_매산고_1학기_기말_고1_기출.js|26_매산고_1학기_기말_고1_기출|14,archive/exams/original/high/h1/1final/26_매산고_1학기_기말_고1_기출.js,26_매산고_1학기_기말_고1_기출,14,공통수학1,H22-C-06,여러 가지 방정식과 부등식,H22-C-06-INEQUALITY,여러 가지 부등식,객관식,,ABSENT,,ABSENT,0,37425,16a083f8b24faa1bd46a651d251b26e97c113b44369a475e3959dde0324981ee,75249f88ebea530b48e9ae0f3677ae31a3882cc2a71443793d5db570a860fedd,7ce3c6e7a342205f959125c81907fea440fcc0c64a0f6f7c136fc44e6f8ebb36,VISUAL_REQUIRED,ADD_NEW_VISUAL,ADD,GRAPH_OR_FUNCTION_STRUCTURE|NUMBER_LINE_OR_INEQUALITY_STRUCTURE|CASE_OR_BOUNDARY_STRUCTURE,NOT_STARTED,NOT_STARTED,NOT_STARTED,NOT_TESTED,NOT_REVIEWED,NOT_STARTED,CANDIDATE_SCOPE_ONLY
archive/exams/original/high/h1/1final/26_매산고_1학기_기말_고1_기출.js|26_매산고_1학기_기말_고1_기출|17,archive/exams/original/high/h1/1final/26_매산고_1학기_기말_고1_기출.js,26_매산고_1학기_기말_고1_기출,17,공통수학1,H22-C-06,여러 가지 방정식과 부등식,H22-C-06-EQUATION,여러 가지 방정식,단답형,,ABSENT,,ABSENT,0,37425,16a083f8b24faa1bd46a651d251b26e97c113b44369a475e3959dde0324981ee,fe6a46f7672fcde4a512e99663d3e6d6aebf136202ae43eac474984cdbfb9a76,7a9734b845187f8b972b0479ff17b796b89156948fdd59570ab80996ecc64a85,VISUAL_OPTIONAL_OR_EXEMPT_CANDIDATE,NO_VISUAL,NONE,NUMBER_LINE_OR_INEQUALITY_STRUCTURE|CASE_OR_BOUNDARY_STRUCTURE,NOT_STARTED,NOT_STARTED,NOT_STARTED,NOT_TESTED,NOT_REVIEWED,NOT_STARTED,CANDIDATE_SCOPE_ONLY
archive/exams/original/high/h1/1final/26_매산고_1학기_기말_고1_기출.js|26_매산고_1학기_기말_고1_기출|19,archive/exams/original/high/h1/1final/26_매산고_1학기_기말_고1_기출.js,26_매산고_1학기_기말_고1_기출,19,공통수학1,H22-C-05,이차방정식과 이차함수,H22-C-05-QUADRATIC_FUNCTION_GRAPH,이차함수의 그래프,서술형,assets/images/26_매산고_1학기_기말_고1_기출/q19.png,PRESENT,,ABSENT,0,37425,16a083f8b24faa1bd46a651d251b26e97c113b44369a475e3959dde0324981ee,827c6de233ca64420e8a30c0f5872419ec91cfeddefad0afba0ff94848c2db99,904a2199f7403585ea6331f81c7a36276c5e5d2d92d446e1831feffd93bd5d23,VISUAL_REQUIRED,ADD_NEW_VISUAL,ADD,GRAPH_OR_FUNCTION_STRUCTURE|NUMBER_LINE_OR_INEQUALITY_STRUCTURE|CASE_OR_BOUNDARY_STRUCTURE,NOT_STARTED,NOT_STARTED,NOT_STARTED,NOT_TESTED,NOT_REVIEWED,NOT_STARTED,CANDIDATE_SCOPE_ONLY
archive/exams/original/high/h1/1final/26_매산고_1학기_기말_고1_기출.js|26_매산고_1학기_기말_고1_기출|20,archive/exams/original/high/h1/1final/26_매산고_1학기_기말_고1_기출.js,26_매산고_1학기_기말_고1_기출,20,공통수학1,H22-C-06,여러 가지 방정식과 부등식,H22-C-06-SYSTEM,연립방정식과 연립부등식,서술형,,ABSENT,,ABSENT,0,37425,16a083f8b24faa1bd46a651d251b26e97c113b44369a475e3959dde0324981ee,6ce99896952e663b6e8098b59d81d4d3675a071f8ea1359a6f5a8408b186e6d7,476f4d00afbe279305c81cea94d3c0e8f8800f48be497a5dffbacb3f0a55b14d,VISUAL_REQUIRED,ADD_NEW_VISUAL,ADD,NUMBER_LINE_OR_INEQUALITY_STRUCTURE,NOT_STARTED,NOT_STARTED,NOT_STARTED,NOT_TESTED,NOT_REVIEWED,NOT_STARTED,CANDIDATE_SCOPE_ONLY
archive/exams/original/high/h1/1final/26_매산고_1학기_기말_고1_기출.js|26_매산고_1학기_기말_고1_기출|6,archive/exams/original/high/h1/1final/26_매산고_1학기_기말_고1_기출.js,26_매산고_1학기_기말_고1_기출,6,공통수학1,H22-C-06,여러 가지 방정식과 부등식,H22-C-06-HIGHER_INEQUALITY,여러 가지 부등식,객관식,,ABSENT,,ABSENT,0,37425,16a083f8b24faa1bd46a651d251b26e97c113b44369a475e3959dde0324981ee,3dd67f6ad2c51f0cf06b1dddf309639f79f5b2ed667616853856c1c0918fdc11,5ca611a6b1c751766cd8bd89ff67eff503267a7f106bfa4512b18c4520633ef5,VISUAL_REQUIRED,ADD_NEW_VISUAL,ADD,NUMBER_LINE_OR_INEQUALITY_STRUCTURE|CASE_OR_BOUNDARY_STRUCTURE,NOT_STARTED,NOT_STARTED,NOT_STARTED,NOT_TESTED,NOT_REVIEWED,NOT_STARTED,CANDIDATE_SCOPE_ONLY
archive/exams/original/high/h1/1final/26_매산고_1학기_기말_고1_기출.js|26_매산고_1학기_기말_고1_기출|8,archive/exams/original/high/h1/1final/26_매산고_1학기_기말_고1_기출.js,26_매산고_1학기_기말_고1_기출,8,공통수학1,H22-C-06,여러 가지 방정식과 부등식,H22-C-06-HIGHER_INEQUALITY,여러 가지 부등식,객관식,,ABSENT,,ABSENT,0,37425,16a083f8b24faa1bd46a651d251b26e97c113b44369a475e3959dde0324981ee,b432c517ba6524f3c64526aff71646479ac5cfae8118d46a3f9761d5477b4adc,1366bd77488f4da3ce46cd7f2b701fa1f593a10a2bb2f0d6d32f75fb694ea0bc,VISUAL_REQUIRED,ADD_NEW_VISUAL,ADD,NUMBER_LINE_OR_INEQUALITY_STRUCTURE|CASE_OR_BOUNDARY_STRUCTURE,NOT_STARTED,NOT_STARTED,NOT_STARTED,NOT_TESTED,NOT_REVIEWED,NOT_STARTED,CANDIDATE_SCOPE_ONLY
archive/exams/original/high/h1/1final/26_매산고_1학기_기말_고1_기출.js|26_매산고_1학기_기말_고1_기출|9,archive/exams/original/high/h1/1final/26_매산고_1학기_기말_고1_기출.js,26_매산고_1학기_기말_고1_기출,9,공통수학1,H22-C-06,여러 가지 방정식과 부등식,H22-C-06-INEQUALITY,여러 가지 부등식,객관식,,ABSENT,,ABSENT,0,37425,16a083f8b24faa1bd46a651d251b26e97c113b44369a475e3959dde0324981ee,e667f642abde150345ee5c70d86f0ec07b47086e19fb3abbb48f31b81579ac0d,9b24b6a07cedddc2dda0b64f21afc776f475829e3acfe98164c37af8fb9b0b14,VISUAL_REQUIRED,ADD_NEW_VISUAL,ADD,GRAPH_OR_FUNCTION_STRUCTURE|NUMBER_LINE_OR_INEQUALITY_STRUCTURE,NOT_STARTED,NOT_STARTED,NOT_STARTED,NOT_TESTED,NOT_REVIEWED,NOT_STARTED,CANDIDATE_SCOPE_ONLY
archive/exams/original/high/h1/1final/26_복성고_1학기_기말_고1_기출.js|26_복성고_1학기_기말_고1_기출|11,archive/exams/original/high/h1/1final/26_복성고_1학기_기말_고1_기출.js,26_복성고_1학기_기말_고1_기출,11,공통수학1,H22-C-06,여러 가지 방정식과 부등식,H22-C-06-INEQUALITY,여러 가지 부등식,객관식,,ABSENT,,ABSENT,0,39723,6a7324708d6fc8b5ce17530aa8a8bd73bb557289a04c616f6a6c336eba7d1ef7,92f0d122406b87ab15f7abd55f192f3a6853a940b297ed67b8061ba5eb543f0d,323386bcbea4de0e14fc9b83745a51a50f42578669fe07b8a1709cc9b463dc01,VISUAL_REQUIRED,ADD_NEW_VISUAL,ADD,NUMBER_LINE_OR_INEQUALITY_STRUCTURE,NOT_STARTED,NOT_STARTED,NOT_STARTED,NOT_TESTED,NOT_REVIEWED,NOT_STARTED,CANDIDATE_SCOPE_ONLY
archive/exams/original/high/h1/1final/26_복성고_1학기_기말_고1_기출.js|26_복성고_1학기_기말_고1_기출|14,archive/exams/original/high/h1/1final/26_복성고_1학기_기말_고1_기출.js,26_복성고_1학기_기말_고1_기출,14,공통수학1,H22-C-06,여러 가지 방정식과 부등식,H22-C-06-INEQUALITY,여러 가지 부등식,객관식,,ABSENT,,ABSENT,0,39723,6a7324708d6fc8b5ce17530aa8a8bd73bb557289a04c616f6a6c336eba7d1ef7,0215712a7d15d17ffd9c4023a1da94093fc2fe0ae5fad07e4baf895143075fb2,73ff0a2d9435e3348f29d83efc620ee252ebd82578b7c8d1f2f066cc12fbf327,VISUAL_REQUIRED,ADD_NEW_VISUAL,ADD,NUMBER_LINE_OR_INEQUALITY_STRUCTURE|CASE_OR_BOUNDARY_STRUCTURE,NOT_STARTED,NOT_STARTED,NOT_STARTED,NOT_TESTED,NOT_REVIEWED,NOT_STARTED,CANDIDATE_SCOPE_ONLY
archive/exams/original/high/h1/1final/26_복성고_1학기_기말_고1_기출.js|26_복성고_1학기_기말_고1_기출|16,archive/exams/original/high/h1/1final/26_복성고_1학기_기말_고1_기출.js,26_복성고_1학기_기말_고1_기출,16,공통수학1,H22-C-06,여러 가지 방정식과 부등식,H22-C-06-EQUATION_BASIC,방정식의 풀이,객관식,,ABSENT,,ABSENT,0,39723,6a7324708d6fc8b5ce17530aa8a8bd73bb557289a04c616f6a6c336eba7d1ef7,a9707cc1cf0a2d9df6ec12d05ee11ab45fbdb02fef66e19b5dbad48017e0e90a,052630fd1c9e7dd6705ba646cbe4061f4bcf6610757cc1787d1a3d5e4174c4ff,VISUAL_OPTIONAL_OR_EXEMPT_CANDIDATE,NO_VISUAL,NONE,NUMBER_LINE_OR_INEQUALITY_STRUCTURE,NOT_STARTED,NOT_STARTED,NOT_STARTED,NOT_TESTED,NOT_REVIEWED,NOT_STARTED,CANDIDATE_SCOPE_ONLY
archive/exams/original/high/h1/1final/26_복성고_1학기_기말_고1_기출.js|26_복성고_1학기_기말_고1_기출|18,archive/exams/original/high/h1/1final/26_복성고_1학기_기말_고1_기출.js,26_복성고_1학기_기말_고1_기출,18,공통수학1,H22-C-06,여러 가지 방정식과 부등식,H22-C-06-EQUATION_APPLICATION,방정식과 부등식의 활용,객관식,assets/images/26_복성고_1학기_기말_고1_기출/q18.png,PRESENT,,ABSENT,0,39723,6a7324708d6fc8b5ce17530aa8a8bd73bb557289a04c616f6a6c336eba7d1ef7,80a6ad85e344173664627c47d0faa5662df1533665d114006dc946d677a16ca3,38a52f9f68518422415d875bbe07249dab68abe5e6f6d358a07f538b24ff790f,VISUAL_REQUIRED,ADD_NEW_VISUAL,ADD,NUMBER_LINE_OR_INEQUALITY_STRUCTURE|COORDINATE_OR_GEOMETRY_STRUCTURE,NOT_STARTED,NOT_STARTED,NOT_STARTED,NOT_TESTED,NOT_REVIEWED,NOT_STARTED,CANDIDATE_SCOPE_ONLY
archive/exams/original/high/h1/1final/26_복성고_1학기_기말_고1_기출.js|26_복성고_1학기_기말_고1_기출|22,archive/exams/original/high/h1/1final/26_복성고_1학기_기말_고1_기출.js,26_복성고_1학기_기말_고1_기출,22,공통수학1,H22-C-06,여러 가지 방정식과 부등식,H22-C-06-SYSTEM,연립방정식과 연립부등식,단답형,,ABSENT,,ABSENT,0,39723,6a7324708d6fc8b5ce17530aa8a8bd73bb557289a04c616f6a6c336eba7d1ef7,99b66a05bce58c6322466dbfe40918f5e010c726ee48729bff6c1fef6332ce3a,2a39219086e566a7e964e9eb1196bc70705e31ae90bf9cf8e12395d15d3ecc4a,VISUAL_REQUIRED,ADD_NEW_VISUAL,ADD,NUMBER_LINE_OR_INEQUALITY_STRUCTURE,NOT_STARTED,NOT_STARTED,NOT_STARTED,NOT_TESTED,NOT_REVIEWED,NOT_STARTED,CANDIDATE_SCOPE_ONLY
archive/exams/original/high/h1/1final/26_복성고_1학기_기말_고1_기출.js|26_복성고_1학기_기말_고1_기출|5,archive/exams/original/high/h1/1final/26_복성고_1학기_기말_고1_기출.js,26_복성고_1학기_기말_고1_기출,5,공통수학1,H22-C-06,여러 가지 방정식과 부등식,H22-C-06-INEQUALITY,여러 가지 부등식,객관식,,ABSENT,,ABSENT,0,39723,6a7324708d6fc8b5ce17530aa8a8bd73bb557289a04c616f6a6c336eba7d1ef7,6727e7c05c4fa28eef78b40a00ab083eaba2351560e691887554204dd59ad206,04605cf0cb48358add700dd6469792bfd295bb6849474caba0d54a60a2bcba7c,VISUAL_REQUIRED,ADD_NEW_VISUAL,ADD,NUMBER_LINE_OR_INEQUALITY_STRUCTURE|CASE_OR_BOUNDARY_STRUCTURE,NOT_STARTED,NOT_STARTED,NOT_STARTED,NOT_TESTED,NOT_REVIEWED,NOT_STARTED,CANDIDATE_SCOPE_ONLY
archive/exams/original/high/h1/1final/26_복성고_1학기_기말_고1_기출.js|26_복성고_1학기_기말_고1_기출|7,archive/exams/original/high/h1/1final/26_복성고_1학기_기말_고1_기출.js,26_복성고_1학기_기말_고1_기출,7,공통수학1,H22-C-06,여러 가지 방정식과 부등식,H22-C-06-SYSTEM,연립방정식과 연립부등식,객관식,,ABSENT,,ABSENT,0,39723,6a7324708d6fc8b5ce17530aa8a8bd73bb557289a04c616f6a6c336eba7d1ef7,41c75f25f5972cbcfabdca728b0130df016fa5ec2412c926258d222015c20310,2b29c82bd260e042f56e55d1efb3000557cd1ee3729ed2fbeccf6e1f7e1f2d3a,VISUAL_REQUIRED,ADD_NEW_VISUAL,ADD,NUMBER_LINE_OR_INEQUALITY_STRUCTURE|CASE_OR_BOUNDARY_STRUCTURE,NOT_STARTED,NOT_STARTED,NOT_STARTED,NOT_TESTED,NOT_REVIEWED,NOT_STARTED,CANDIDATE_SCOPE_ONLY
archive/exams/original/high/h1/1final/26_순천고_1학기_기말_고1_기출.js|26_순천고_1학기_기말_고1_기출|10,archive/exams/original/high/h1/1final/26_순천고_1학기_기말_고1_기출.js,26_순천고_1학기_기말_고1_기출,10,공통수학1,H22-C-06,여러 가지 방정식과 부등식,H22-C-06-SYSTEM,연립방정식과 연립부등식,객관식,,ABSENT,,ABSENT,0,42536,0b801b4458088da27bd1cf00fe877b64992455bc3475617bc5a909075d2de80f,4ec9c3cc55d84e7265d8d10aa933ca9c7b61cffc9c14c3ad15cb3923afe4de9e,c52a307bdb5ad5e779b67f43f45c87f0160017980c285cea7c33d26a4dac23d8,VISUAL_REQUIRED,ADD_NEW_VISUAL,ADD,NUMBER_LINE_OR_INEQUALITY_STRUCTURE|CASE_OR_BOUNDARY_STRUCTURE,NOT_STARTED,NOT_STARTED,NOT_STARTED,NOT_TESTED,NOT_REVIEWED,NOT_STARTED,CANDIDATE_SCOPE_ONLY
archive/exams/original/high/h1/1final/26_순천고_1학기_기말_고1_기출.js|26_순천고_1학기_기말_고1_기출|11,archive/exams/original/high/h1/1final/26_순천고_1학기_기말_고1_기출.js,26_순천고_1학기_기말_고1_기출,11,공통수학1,H22-C-05,이차방정식과 이차함수,H22-C-05-QUADRATIC_FUNCTION_GRAPH,이차함수의 그래프,객관식,,ABSENT,,ABSENT,0,42536,0b801b4458088da27bd1cf00fe877b64992455bc3475617bc5a909075d2de80f,d21b0df21da3d405ab36cb0867d06fda534fafc9aa623c40d5522ac0fc94fe47,9cef7d195129e7174f14723b15613af78fbe6f7fd035af907acf72992898c82a,VISUAL_REQUIRED,ADD_NEW_VISUAL,ADD,GRAPH_OR_FUNCTION_STRUCTURE|NUMBER_LINE_OR_INEQUALITY_STRUCTURE|COORDINATE_OR_GEOMETRY_STRUCTURE|CASE_OR_BOUNDARY_STRUCTURE,NOT_STARTED,NOT_STARTED,NOT_STARTED,NOT_TESTED,NOT_REVIEWED,NOT_STARTED,CANDIDATE_SCOPE_ONLY
archive/exams/original/high/h1/1final/26_순천고_1학기_기말_고1_기출.js|26_순천고_1학기_기말_고1_기출|13,archive/exams/original/high/h1/1final/26_순천고_1학기_기말_고1_기출.js,26_순천고_1학기_기말_고1_기출,13,공통수학1,H22-C-06,여러 가지 방정식과 부등식,H22-C-06-HIGHER_INEQUALITY,여러 가지 부등식,객관식,,ABSENT,,ABSENT,0,42536,0b801b4458088da27bd1cf00fe877b64992455bc3475617bc5a909075d2de80f,ee16bece76c542c972a9cd4457d5b4e685dfde5e7ce3127d9cd49a08604dae50,9dd5b42d946ba92ffea5327f324bb38320ff798cab7a32c21a532ed213d43058,VISUAL_REQUIRED,ADD_NEW_VISUAL,ADD,NUMBER_LINE_OR_INEQUALITY_STRUCTURE|CASE_OR_BOUNDARY_STRUCTURE,NOT_STARTED,NOT_STARTED,NOT_STARTED,NOT_TESTED,NOT_REVIEWED,NOT_STARTED,CANDIDATE_SCOPE_ONLY
archive/exams/original/high/h1/1final/26_순천고_1학기_기말_고1_기출.js|26_순천고_1학기_기말_고1_기출|15,archive/exams/original/high/h1/1final/26_순천고_1학기_기말_고1_기출.js,26_순천고_1학기_기말_고1_기출,15,공통수학1,H22-C-06,여러 가지 방정식과 부등식,H22-C-06-INEQUALITY,여러 가지 부등식,객관식,,ABSENT,,ABSENT,0,42536,0b801b4458088da27bd1cf00fe877b64992455bc3475617bc5a909075d2de80f,d6efdd518ac621077595d5da2c3f973e3dc42818516f539341dce5d0ca6b0911,340a64cb664657a40ac25f2a2e08d2276569aefa1fc6c58720df445f5a811cdd,VISUAL_REQUIRED,ADD_NEW_VISUAL,ADD,NUMBER_LINE_OR_INEQUALITY_STRUCTURE|CASE_OR_BOUNDARY_STRUCTURE,NOT_STARTED,NOT_STARTED,NOT_STARTED,NOT_TESTED,NOT_REVIEWED,NOT_STARTED,CANDIDATE_SCOPE_ONLY
archive/exams/original/high/h1/1final/26_순천고_1학기_기말_고1_기출.js|26_순천고_1학기_기말_고1_기출|16,archive/exams/original/high/h1/1final/26_순천고_1학기_기말_고1_기출.js,26_순천고_1학기_기말_고1_기출,16,공통수학1,H22-C-05,이차방정식과 이차함수,H22-C-05-QUADRATIC_FUNCTION_GRAPH,이차함수의 그래프,객관식,,ABSENT,,ABSENT,0,42536,0b801b4458088da27bd1cf00fe877b64992455bc3475617bc5a909075d2de80f,ef5b9cf81c025215883a86259e84cc1b684773666cc4ad76deb1a52d243efbb2,fb27dccdabad0f3db14c05dbf267e2537d94ac1f42838bf9f1316f896ece7373,VISUAL_REQUIRED,ADD_NEW_VISUAL,ADD,GRAPH_OR_FUNCTION_STRUCTURE|NUMBER_LINE_OR_INEQUALITY_STRUCTURE|CASE_OR_BOUNDARY_STRUCTURE,NOT_STARTED,NOT_STARTED,NOT_STARTED,NOT_TESTED,NOT_REVIEWED,NOT_STARTED,CANDIDATE_SCOPE_ONLY
archive/exams/original/high/h1/1final/26_순천고_1학기_기말_고1_기출.js|26_순천고_1학기_기말_고1_기출|17,archive/exams/original/high/h1/1final/26_순천고_1학기_기말_고1_기출.js,26_순천고_1학기_기말_고1_기출,17,공통수학1,H22-C-06,여러 가지 방정식과 부등식,H22-C-06-INEQUALITY,여러 가지 부등식,서술형,,ABSENT,,ABSENT,0,42536,0b801b4458088da27bd1cf00fe877b64992455bc3475617bc5a909075d2de80f,79a0b13601a66b7cdf83850fc6a573d67e00e201b5e292892c1d799c70f04e6a,755648d9833ff79c01389568590decbf42c2ee1df90fb86051960ca151b5aba2,VISUAL_REQUIRED,ADD_NEW_VISUAL,ADD,NUMBER_LINE_OR_INEQUALITY_STRUCTURE|CASE_OR_BOUNDARY_STRUCTURE,NOT_STARTED,NOT_STARTED,NOT_STARTED,NOT_TESTED,NOT_REVIEWED,NOT_STARTED,CANDIDATE_SCOPE_ONLY
archive/exams/original/high/h1/1final/26_순천고_1학기_기말_고1_기출.js|26_순천고_1학기_기말_고1_기출|18,archive/exams/original/high/h1/1final/26_순천고_1학기_기말_고1_기출.js,26_순천고_1학기_기말_고1_기출,18,공통수학1,H22-C-06,여러 가지 방정식과 부등식,H22-C-06-EQUATION_APPLICATION,방정식과 부등식의 활용,서술형,,ABSENT,,ABSENT,0,42536,0b801b4458088da27bd1cf00fe877b64992455bc3475617bc5a909075d2de80f,f0213cbb2ca7c7f1bd4fb6a98372b10d8450ba697ebfd2b258b6c87ebf3c5d46,d35425603aa83312fa45e0d9709d44faae8475f6fac235207e76269abccc1f8f,VISUAL_REQUIRED,ADD_NEW_VISUAL,ADD,NUMBER_LINE_OR_INEQUALITY_STRUCTURE|COORDINATE_OR_GEOMETRY_STRUCTURE,NOT_STARTED,NOT_STARTED,NOT_STARTED,NOT_TESTED,NOT_REVIEWED,NOT_STARTED,CANDIDATE_SCOPE_ONLY
archive/exams/original/high/h1/1final/26_순천고_1학기_기말_고1_기출.js|26_순천고_1학기_기말_고1_기출|19,archive/exams/original/high/h1/1final/26_순천고_1학기_기말_고1_기출.js,26_순천고_1학기_기말_고1_기출,19,공통수학1,H22-C-05,이차방정식과 이차함수,H22-C-05-QUADRATIC_FUNCTION_GRAPH,이차함수의 그래프,서술형,assets/images/26_순천고_1학기_기말_고1_기출/q19.png,PRESENT,,ABSENT,0,42536,0b801b4458088da27bd1cf00fe877b64992455bc3475617bc5a909075d2de80f,6f1d740b773319fb046730fed7424e01a52b8318f53e5be12f89772b22b6fb88,4fdd4a3ad07756ecac3cc1a435d9e6558dcbb0954f181d11fa10bcc8999353ac,VISUAL_REQUIRED,ADD_NEW_VISUAL,ADD,GRAPH_OR_FUNCTION_STRUCTURE|NUMBER_LINE_OR_INEQUALITY_STRUCTURE,NOT_STARTED,NOT_STARTED,NOT_STARTED,NOT_TESTED,NOT_REVIEWED,NOT_STARTED,CANDIDATE_SCOPE_ONLY
archive/exams/original/high/h1/1final/26_순천고_1학기_기말_고1_기출.js|26_순천고_1학기_기말_고1_기출|20,archive/exams/original/high/h1/1final/26_순천고_1학기_기말_고1_기출.js,26_순천고_1학기_기말_고1_기출,20,공통수학1,H22-C-05,이차방정식과 이차함수,H22-C-05-QUADRATIC_FUNCTION_GRAPH,이차함수의 그래프,서술형,,ABSENT,,ABSENT,0,42536,0b801b4458088da27bd1cf00fe877b64992455bc3475617bc5a909075d2de80f,14a5f931c4710e0d5a04055baa64bb6c8d3d3fd368e35969cc6aa8af100414a3,62ffea0abd92e5887d9324215e3b977496d8810f8b46510873ca0bb4617b6bdb,VISUAL_REQUIRED,ADD_NEW_VISUAL,ADD,GRAPH_OR_FUNCTION_STRUCTURE,NOT_STARTED,NOT_STARTED,NOT_STARTED,NOT_TESTED,NOT_REVIEWED,NOT_STARTED,CANDIDATE_SCOPE_ONLY
archive/exams/original/high/h1/1final/26_순천고_1학기_기말_고1_기출.js|26_순천고_1학기_기말_고1_기출|21,archive/exams/original/high/h1/1final/26_순천고_1학기_기말_고1_기출.js,26_순천고_1학기_기말_고1_기출,21,공통수학1,H22-C-06,여러 가지 방정식과 부등식,H22-C-06-SYSTEM_OF_EQUATIONS,연립방정식,서술형,,ABSENT,,ABSENT,0,42536,0b801b4458088da27bd1cf00fe877b64992455bc3475617bc5a909075d2de80f,01b11d9d06750d021473ae7cd4ae606266c7727d0e4a2e5352323dfdb287a562,1fe9b098a30b8c829f8bed8d03f98da06c406137ea1b6733291d02761112bee0,VISUAL_OPTIONAL_OR_EXEMPT_CANDIDATE,NO_VISUAL,NONE,NUMBER_LINE_OR_INEQUALITY_STRUCTURE,NOT_STARTED,NOT_STARTED,NOT_STARTED,NOT_TESTED,NOT_REVIEWED,NOT_STARTED,CANDIDATE_SCOPE_ONLY
archive/exams/original/high/h1/1final/26_순천고_1학기_기말_고1_기출.js|26_순천고_1학기_기말_고1_기출|7,archive/exams/original/high/h1/1final/26_순천고_1학기_기말_고1_기출.js,26_순천고_1학기_기말_고1_기출,7,공통수학1,H22-C-06,여러 가지 방정식과 부등식,H22-C-06-EQUATION,여러 가지 방정식,객관식,,ABSENT,,ABSENT,0,42536,0b801b4458088da27bd1cf00fe877b64992455bc3475617bc5a909075d2de80f,879bc46a72361374d63a2e70011a3fdfd2ee5a88e05968cfc1e8f596c755bf61,00716e53e797971791e222be9c05f6a4ffa00e64c9d9dfe10ba38a346484536e,VISUAL_OPTIONAL_OR_EXEMPT_CANDIDATE,NO_VISUAL,NONE,NUMBER_LINE_OR_INEQUALITY_STRUCTURE,NOT_STARTED,NOT_STARTED,NOT_STARTED,NOT_TESTED,NOT_REVIEWED,NOT_STARTED,CANDIDATE_SCOPE_ONLY
archive/exams/original/high/h1/1final/26_순천고_1학기_기말_고1_기출.js|26_순천고_1학기_기말_고1_기출|9,archive/exams/original/high/h1/1final/26_순천고_1학기_기말_고1_기출.js,26_순천고_1학기_기말_고1_기출,9,공통수학1,H22-C-06,여러 가지 방정식과 부등식,H22-C-06-SYSTEM,연립방정식과 연립부등식,객관식,,ABSENT,,ABSENT,0,42536,0b801b4458088da27bd1cf00fe877b64992455bc3475617bc5a909075d2de80f,552959047f00d2647e8a4013ca26e3d1f321ad4b519fdafc8beee1b2fc51f2a0,48c86771aecab442e8876144409f96679e531bce5fa82d3e11a15e308f2356e8,VISUAL_REQUIRED,ADD_NEW_VISUAL,ADD,NUMBER_LINE_OR_INEQUALITY_STRUCTURE|CASE_OR_BOUNDARY_STRUCTURE,NOT_STARTED,NOT_STARTED,NOT_STARTED,NOT_TESTED,NOT_REVIEWED,NOT_STARTED,CANDIDATE_SCOPE_ONLY
archive/exams/original/high/h1/1final/26_순천여고_1학기_기말_고1_기출.js|26_순천여고_1학기_기말_고1_기출|10,archive/exams/original/high/h1/1final/26_순천여고_1학기_기말_고1_기출.js,26_순천여고_1학기_기말_고1_기출,10,공통수학1,H22-C-05,이차방정식과 이차함수,H22-C-05-EQUATION_BASIC,방정식의 풀이,객관식,,ABSENT,,ABSENT,0,38688,bd5f942a1354d79dac6a827e48179b103e002ebbe3ccb90850835786c2c8f0c6,efc05ddb8c654ff0dd4f3a073eee5a53c0386fa70938c387d35be3ab223eb255,a4b264167b91c9a20420877136e917a66560f137a3b3b2a91a62e2b7915cdeea,VISUAL_REQUIRED,ADD_NEW_VISUAL,ADD,GRAPH_OR_FUNCTION_STRUCTURE,NOT_STARTED,NOT_STARTED,NOT_STARTED,NOT_TESTED,NOT_REVIEWED,NOT_STARTED,CANDIDATE_SCOPE_ONLY
archive/exams/original/high/h1/1final/26_순천여고_1학기_기말_고1_기출.js|26_순천여고_1학기_기말_고1_기출|11,archive/exams/original/high/h1/1final/26_순천여고_1학기_기말_고1_기출.js,26_순천여고_1학기_기말_고1_기출,11,공통수학1,H22-C-06,여러 가지 방정식과 부등식,H22-C-06-INEQUALITY,여러 가지 부등식,객관식,,ABSENT,,ABSENT,0,38688,bd5f942a1354d79dac6a827e48179b103e002ebbe3ccb90850835786c2c8f0c6,d8dcb456e3bc5f0a4b07d1ea3c4ae19fa0a39d1c0d091a57e598d2071a17205d,ee1967040d90b12f48354fb359de3f1de4a6e5e6a0a18efff7d206ec9b244d78,VISUAL_REQUIRED,ADD_NEW_VISUAL,ADD,NUMBER_LINE_OR_INEQUALITY_STRUCTURE|CASE_OR_BOUNDARY_STRUCTURE,NOT_STARTED,NOT_STARTED,NOT_STARTED,NOT_TESTED,NOT_REVIEWED,NOT_STARTED,CANDIDATE_SCOPE_ONLY
archive/exams/original/high/h1/1final/26_순천여고_1학기_기말_고1_기출.js|26_순천여고_1학기_기말_고1_기출|12,archive/exams/original/high/h1/1final/26_순천여고_1학기_기말_고1_기출.js,26_순천여고_1학기_기말_고1_기출,12,공통수학1,H22-C-05,이차방정식과 이차함수,H22-C-05-QUADRATIC_FUNCTION_GRAPH,이차함수의 그래프,객관식,,ABSENT,,ABSENT,0,38688,bd5f942a1354d79dac6a827e48179b103e002ebbe3ccb90850835786c2c8f0c6,2427ebdd09b6f64e08006c8062bef17240d5f518d7019acd51b8bb0abeb48c78,d9d8ef1bb48dceafc25c27c2c12357979b4583eff81f63852de46c2537af1ffa,VISUAL_REQUIRED,ADD_NEW_VISUAL,ADD,GRAPH_OR_FUNCTION_STRUCTURE|NUMBER_LINE_OR_INEQUALITY_STRUCTURE|CASE_OR_BOUNDARY_STRUCTURE,NOT_STARTED,NOT_STARTED,NOT_STARTED,NOT_TESTED,NOT_REVIEWED,NOT_STARTED,CANDIDATE_SCOPE_ONLY
archive/exams/original/high/h1/1final/26_순천여고_1학기_기말_고1_기출.js|26_순천여고_1학기_기말_고1_기출|17,archive/exams/original/high/h1/1final/26_순천여고_1학기_기말_고1_기출.js,26_순천여고_1학기_기말_고1_기출,17,공통수학1,H22-C-05,이차방정식과 이차함수,H22-C-05-QUADRATIC_FUNCTION_GRAPH,이차함수의 그래프,객관식,,ABSENT,,ABSENT,0,38688,bd5f942a1354d79dac6a827e48179b103e002ebbe3ccb90850835786c2c8f0c6,cf4fa03ca0c1b07d6b02b62a79127306d556b73c6ca9441fda17935cad6aa7e3,19f4c4810bdb76fc018eb785cf9e90e7123321c777f7958e5bec9ff8bc1fa65d,VISUAL_REQUIRED,ADD_NEW_VISUAL,ADD,GRAPH_OR_FUNCTION_STRUCTURE|CASE_OR_BOUNDARY_STRUCTURE,NOT_STARTED,NOT_STARTED,NOT_STARTED,NOT_TESTED,NOT_REVIEWED,NOT_STARTED,CANDIDATE_SCOPE_ONLY
archive/exams/original/high/h1/1final/26_순천여고_1학기_기말_고1_기출.js|26_순천여고_1학기_기말_고1_기출|20,archive/exams/original/high/h1/1final/26_순천여고_1학기_기말_고1_기출.js,26_순천여고_1학기_기말_고1_기출,20,공통수학1,H22-C-06,여러 가지 방정식과 부등식,H22-C-06-EQUATION,여러 가지 방정식,객관식,,ABSENT,,ABSENT,0,38688,bd5f942a1354d79dac6a827e48179b103e002ebbe3ccb90850835786c2c8f0c6,783ecc63575155a332909f05a87c6868727b18450647155a02612a01b3cb8d0f,c3a3d5eda6072510324eaa8f97e9e8e7da7044e09e1ec6fbb8f0a5ca83c39d8d,VISUAL_OPTIONAL_OR_EXEMPT_CANDIDATE,NO_VISUAL,NONE,NUMBER_LINE_OR_INEQUALITY_STRUCTURE,NOT_STARTED,NOT_STARTED,NOT_STARTED,NOT_TESTED,NOT_REVIEWED,NOT_STARTED,CANDIDATE_SCOPE_ONLY
archive/exams/original/high/h1/1final/26_순천여고_1학기_기말_고1_기출.js|26_순천여고_1학기_기말_고1_기출|21,archive/exams/original/high/h1/1final/26_순천여고_1학기_기말_고1_기출.js,26_순천여고_1학기_기말_고1_기출,21,공통수학1,H22-C-06,여러 가지 방정식과 부등식,H22-C-06-EQUATION_BASIC,방정식의 풀이,서술형,,ABSENT,,ABSENT,0,38688,bd5f942a1354d79dac6a827e48179b103e002ebbe3ccb90850835786c2c8f0c6,7b56b42bcff70e8f20130dbb227d9d91c1f18bb28e4267a7daed92674e9b7977,479e7f77ef30530747455e7ecef3dedf7882478bbe3421ca5c76bffa077f71df,VISUAL_OPTIONAL_OR_EXEMPT_CANDIDATE,NO_VISUAL,NONE,GRAPH_OR_FUNCTION_STRUCTURE|NUMBER_LINE_OR_INEQUALITY_STRUCTURE|CASE_OR_BOUNDARY_STRUCTURE,NOT_STARTED,NOT_STARTED,NOT_STARTED,NOT_TESTED,NOT_REVIEWED,NOT_STARTED,CANDIDATE_SCOPE_ONLY
archive/exams/original/high/h1/1final/26_순천여고_1학기_기말_고1_기출.js|26_순천여고_1학기_기말_고1_기출|22,archive/exams/original/high/h1/1final/26_순천여고_1학기_기말_고1_기출.js,26_순천여고_1학기_기말_고1_기출,22,공통수학1,H22-C-06,여러 가지 방정식과 부등식,H22-C-06-HIGHER_INEQUALITY,여러 가지 부등식,서술형,,ABSENT,,ABSENT,0,38688,bd5f942a1354d79dac6a827e48179b103e002ebbe3ccb90850835786c2c8f0c6,f151df4dfeaf59d3747bb9ad61b36e2e1424f432aba53c5d3db04268d1986d22,0ff80398517ec44d1cc2958373f437a1c91082982ecddd788121dc54f5138a2f,VISUAL_REQUIRED,ADD_NEW_VISUAL,ADD,NUMBER_LINE_OR_INEQUALITY_STRUCTURE,NOT_STARTED,NOT_STARTED,NOT_STARTED,NOT_TESTED,NOT_REVIEWED,NOT_STARTED,CANDIDATE_SCOPE_ONLY
archive/exams/original/high/h1/1final/26_순천여고_1학기_기말_고1_기출.js|26_순천여고_1학기_기말_고1_기출|23,archive/exams/original/high/h1/1final/26_순천여고_1학기_기말_고1_기출.js,26_순천여고_1학기_기말_고1_기출,23,공통수학1,H22-C-05,이차방정식과 이차함수,H22-C-05-QUADRATIC_FUNCTION_GRAPH,이차함수의 그래프,서술형,assets/images/26_순천여고_1학기_기말_고1_기출/q23.png,PRESENT,,ABSENT,0,38688,bd5f942a1354d79dac6a827e48179b103e002ebbe3ccb90850835786c2c8f0c6,e9515b3ccc44272da2376a3763a9728534c30fa197397ecb208a06026bf89cab,a9da0d949e8818b376cb1054fadedf0cf1ec0df2ae14bb9ed4c045db6354c1df,VISUAL_REQUIRED,ADD_NEW_VISUAL,ADD,GRAPH_OR_FUNCTION_STRUCTURE|COORDINATE_OR_GEOMETRY_STRUCTURE|CASE_OR_BOUNDARY_STRUCTURE,NOT_STARTED,NOT_STARTED,NOT_STARTED,NOT_TESTED,NOT_REVIEWED,NOT_STARTED,CANDIDATE_SCOPE_ONLY
archive/exams/original/high/h1/1final/26_순천여고_1학기_기말_고1_기출.js|26_순천여고_1학기_기말_고1_기출|5,archive/exams/original/high/h1/1final/26_순천여고_1학기_기말_고1_기출.js,26_순천여고_1학기_기말_고1_기출,5,공통수학1,H22-C-06,여러 가지 방정식과 부등식,H22-C-06-INEQUALITY,여러 가지 부등식,객관식,,ABSENT,,ABSENT,0,38688,bd5f942a1354d79dac6a827e48179b103e002ebbe3ccb90850835786c2c8f0c6,3d66ea38c9e4ddcd8232d27812d830dec2d87440bb02d0ecc8cf15dd0824680a,4766c16729210d007f9a4e1cc57a73a720b944a3e57d7ae6f2a52f89ada36244,VISUAL_REQUIRED,ADD_NEW_VISUAL,ADD,NUMBER_LINE_OR_INEQUALITY_STRUCTURE|CASE_OR_BOUNDARY_STRUCTURE,NOT_STARTED,NOT_STARTED,NOT_STARTED,NOT_TESTED,NOT_REVIEWED,NOT_STARTED,CANDIDATE_SCOPE_ONLY
archive/exams/original/high/h1/1final/26_순천여고_1학기_기말_고1_기출.js|26_순천여고_1학기_기말_고1_기출|6,archive/exams/original/high/h1/1final/26_순천여고_1학기_기말_고1_기출.js,26_순천여고_1학기_기말_고1_기출,6,공통수학1,H22-C-05,이차방정식과 이차함수,H22-C-05-QUADRATIC_FUNCTION_GRAPH,이차함수의 그래프,객관식,,ABSENT,,ABSENT,0,38688,bd5f942a1354d79dac6a827e48179b103e002ebbe3ccb90850835786c2c8f0c6,bbfe3cfd560159bc929f4e6d9fead2768b906989a143f4bfa4845da8541d2a04,2581b32b9ff236b8880144216e74eca45f20267b6efe672d68253499bd6c5316,VISUAL_REQUIRED,ADD_NEW_VISUAL,ADD,GRAPH_OR_FUNCTION_STRUCTURE|COORDINATE_OR_GEOMETRY_STRUCTURE|CASE_OR_BOUNDARY_STRUCTURE,NOT_STARTED,NOT_STARTED,NOT_STARTED,NOT_TESTED,NOT_REVIEWED,NOT_STARTED,CANDIDATE_SCOPE_ONLY
archive/exams/original/high/h1/1final/26_순천여고_1학기_기말_고1_기출.js|26_순천여고_1학기_기말_고1_기출|8,archive/exams/original/high/h1/1final/26_순천여고_1학기_기말_고1_기출.js,26_순천여고_1학기_기말_고1_기출,8,공통수학1,H22-C-06,여러 가지 방정식과 부등식,H22-C-06-HIGHER_INEQUALITY,여러 가지 부등식,객관식,,ABSENT,,ABSENT,0,38688,bd5f942a1354d79dac6a827e48179b103e002ebbe3ccb90850835786c2c8f0c6,882a0bfe1958ec5ec0c3c5711c976311a5ba03a74b7263c054ce56c175a65f7c,9bfac863c3834ea7e7c164ac30f6b58a39315e2d9c7346e52396bf479dc40eec,VISUAL_REQUIRED,ADD_NEW_VISUAL,ADD,NUMBER_LINE_OR_INEQUALITY_STRUCTURE|CASE_OR_BOUNDARY_STRUCTURE,NOT_STARTED,NOT_STARTED,NOT_STARTED,NOT_TESTED,NOT_REVIEWED,NOT_STARTED,CANDIDATE_SCOPE_ONLY
archive/exams/original/high/h1/1final/26_팔마고_1학기_기말_고1_기출.js|26_팔마고_1학기_기말_고1_기출|12,archive/exams/original/high/h1/1final/26_팔마고_1학기_기말_고1_기출.js,26_팔마고_1학기_기말_고1_기출,12,공통수학1,H22-C-06,여러 가지 방정식과 부등식,H22-C-06-HIGHER_INEQUALITY,여러 가지 부등식,객관식,,ABSENT,,ABSENT,0,39332,bb8d68040dac365bbc76d1d920e1e62611c8441be978e79c621b3f3831be320f,ee0305ebb3f4bd8e12d86b2df6471a3247328e0d52aa4db63fdd7f9e35313918,8fc982da3095b255cfc7843dfdca6347a887239f3ed4515cca5cdb6814a2d15a,VISUAL_REQUIRED,ADD_NEW_VISUAL,ADD,NUMBER_LINE_OR_INEQUALITY_STRUCTURE,NOT_STARTED,NOT_STARTED,NOT_STARTED,NOT_TESTED,NOT_REVIEWED,NOT_STARTED,CANDIDATE_SCOPE_ONLY
archive/exams/original/high/h1/1final/26_팔마고_1학기_기말_고1_기출.js|26_팔마고_1학기_기말_고1_기출|13,archive/exams/original/high/h1/1final/26_팔마고_1학기_기말_고1_기출.js,26_팔마고_1학기_기말_고1_기출,13,공통수학1,H22-C-05,이차방정식과 이차함수,H22-C-05-QUADRATIC_FUNCTION_GRAPH,이차함수의 그래프,객관식,assets/images/26_팔마고_1학기_기말_고1_기출/q13.png,PRESENT,,ABSENT,0,39332,bb8d68040dac365bbc76d1d920e1e62611c8441be978e79c621b3f3831be320f,440ec64fd61c80be0cb6d6b73c27ba45b04180d7259f5bcd22cd37b22620069f,e5aa5a6de9bfe79caf9544742a6449480bd4c0bd719125863af476e69105a2e4,VISUAL_REQUIRED,ADD_NEW_VISUAL,ADD,GRAPH_OR_FUNCTION_STRUCTURE|COORDINATE_OR_GEOMETRY_STRUCTURE|CASE_OR_BOUNDARY_STRUCTURE,NOT_STARTED,NOT_STARTED,NOT_STARTED,NOT_TESTED,NOT_REVIEWED,NOT_STARTED,CANDIDATE_SCOPE_ONLY
archive/exams/original/high/h1/1final/26_팔마고_1학기_기말_고1_기출.js|26_팔마고_1학기_기말_고1_기출|14,archive/exams/original/high/h1/1final/26_팔마고_1학기_기말_고1_기출.js,26_팔마고_1학기_기말_고1_기출,14,공통수학1,H22-C-06,여러 가지 방정식과 부등식,H22-C-06-EQUATION_BASIC,방정식의 풀이,객관식,,ABSENT,,ABSENT,0,39332,bb8d68040dac365bbc76d1d920e1e62611c8441be978e79c621b3f3831be320f,dcc54f1ffea32976bffc95b958b57e8531736e138908956243a1f9f9657455bb,8c028add3a09e0742a1aa95614ea614808ecba8dd2c5c3404d36f4d89ad5ce68,VISUAL_REQUIRED,ADD_NEW_VISUAL,ADD,NUMBER_LINE_OR_INEQUALITY_STRUCTURE|CASE_OR_BOUNDARY_STRUCTURE,NOT_STARTED,NOT_STARTED,NOT_STARTED,NOT_TESTED,NOT_REVIEWED,NOT_STARTED,CANDIDATE_SCOPE_ONLY
archive/exams/original/high/h1/1final/26_팔마고_1학기_기말_고1_기출.js|26_팔마고_1학기_기말_고1_기출|17,archive/exams/original/high/h1/1final/26_팔마고_1학기_기말_고1_기출.js,26_팔마고_1학기_기말_고1_기출,17,공통수학1,H22-C-06,여러 가지 방정식과 부등식,H22-C-06-HIGHER_INEQUALITY,여러 가지 부등식,객관식,,ABSENT,,ABSENT,0,39332,bb8d68040dac365bbc76d1d920e1e62611c8441be978e79c621b3f3831be320f,bb807c25c0cbab1bced894d3b43833396947bf3e42623110133f1e08695f6710,736996a9d30778c4f05fa896b3ba35aa99b5129f53b6fdf68e4030ab6816529a,VISUAL_REQUIRED,ADD_NEW_VISUAL,ADD,NUMBER_LINE_OR_INEQUALITY_STRUCTURE,NOT_STARTED,NOT_STARTED,NOT_STARTED,NOT_TESTED,NOT_REVIEWED,NOT_STARTED,CANDIDATE_SCOPE_ONLY
archive/exams/original/high/h1/1final/26_팔마고_1학기_기말_고1_기출.js|26_팔마고_1학기_기말_고1_기출|18,archive/exams/original/high/h1/1final/26_팔마고_1학기_기말_고1_기출.js,26_팔마고_1학기_기말_고1_기출,18,공통수학1,H22-C-05,이차방정식과 이차함수,H22-C-05-QUADRATIC_FUNCTION_GRAPH,이차함수의 그래프,객관식,,ABSENT,,ABSENT,0,39332,bb8d68040dac365bbc76d1d920e1e62611c8441be978e79c621b3f3831be320f,969017385f4ded67bb16bf6e25d60f3221d30a180e8454130248ebe80cac1307,31bdf4a725794e95e91f3632e5d3eda7c31e23684e8517846e243b7f546bfc8c,VISUAL_REQUIRED,ADD_NEW_VISUAL,ADD,GRAPH_OR_FUNCTION_STRUCTURE|NUMBER_LINE_OR_INEQUALITY_STRUCTURE|COORDINATE_OR_GEOMETRY_STRUCTURE|CASE_OR_BOUNDARY_STRUCTURE,NOT_STARTED,NOT_STARTED,NOT_STARTED,NOT_TESTED,NOT_REVIEWED,NOT_STARTED,CANDIDATE_SCOPE_ONLY
archive/exams/original/high/h1/1final/26_팔마고_1학기_기말_고1_기출.js|26_팔마고_1학기_기말_고1_기출|20,archive/exams/original/high/h1/1final/26_팔마고_1학기_기말_고1_기출.js,26_팔마고_1학기_기말_고1_기출,20,공통수학1,H22-C-05,이차방정식과 이차함수,H22-C-05-FUNCTION_BASIC,함수의 뜻과 그래프,단답형,,ABSENT,,ABSENT,0,39332,bb8d68040dac365bbc76d1d920e1e62611c8441be978e79c621b3f3831be320f,fbbf90b75fce6729297f0139e094f72727fb9f4c81894e57799e1a2ed79f1475,c37c66b51068f1b1a70ed57ce56a5bc73f444249716fb2d4e09dc6a251d890ac,VISUAL_REQUIRED,ADD_NEW_VISUAL,ADD,GRAPH_OR_FUNCTION_STRUCTURE|COORDINATE_OR_GEOMETRY_STRUCTURE|CASE_OR_BOUNDARY_STRUCTURE,NOT_STARTED,NOT_STARTED,NOT_STARTED,NOT_TESTED,NOT_REVIEWED,NOT_STARTED,CANDIDATE_SCOPE_ONLY
archive/exams/original/high/h1/1final/26_팔마고_1학기_기말_고1_기출.js|26_팔마고_1학기_기말_고1_기출|21,archive/exams/original/high/h1/1final/26_팔마고_1학기_기말_고1_기출.js,26_팔마고_1학기_기말_고1_기출,21,공통수학1,H22-C-06,여러 가지 방정식과 부등식,H22-C-06-EQUATION_BASIC,방정식의 풀이,단답형,,ABSENT,,ABSENT,0,39332,bb8d68040dac365bbc76d1d920e1e62611c8441be978e79c621b3f3831be320f,d1b0db6759efb18db947b6c9886a820e40de029982eaa720157868f4557e58e1,90e4d9ddd694d6596f3e40804f4f928aaecd174cd6d1f375242cc69abc3bd185,VISUAL_REQUIRED,ADD_NEW_VISUAL,ADD,NUMBER_LINE_OR_INEQUALITY_STRUCTURE|CASE_OR_BOUNDARY_STRUCTURE,NOT_STARTED,NOT_STARTED,NOT_STARTED,NOT_TESTED,NOT_REVIEWED,NOT_STARTED,CANDIDATE_SCOPE_ONLY
archive/exams/original/high/h1/1final/26_팔마고_1학기_기말_고1_기출.js|26_팔마고_1학기_기말_고1_기출|22,archive/exams/original/high/h1/1final/26_팔마고_1학기_기말_고1_기출.js,26_팔마고_1학기_기말_고1_기출,22,공통수학1,H22-C-05,이차방정식과 이차함수,H22-C-05-QUADRATIC_FUNCTION_GRAPH,이차함수의 그래프,단답형,assets/images/26_팔마고_1학기_기말_고1_기출/q22.png,PRESENT,,ABSENT,0,39332,bb8d68040dac365bbc76d1d920e1e62611c8441be978e79c621b3f3831be320f,84e9e5e46141adac922f64451d5c9e132c1870f663742b6f4888ae98aa11a6f4,3243ae9afcbd5a86b3bdc713276f36aed2f093731ef5ccfaf1bda1de77737b2a,VISUAL_REQUIRED,ADD_NEW_VISUAL,ADD,GRAPH_OR_FUNCTION_STRUCTURE|COORDINATE_OR_GEOMETRY_STRUCTURE|CASE_OR_BOUNDARY_STRUCTURE,NOT_STARTED,NOT_STARTED,NOT_STARTED,NOT_TESTED,NOT_REVIEWED,NOT_STARTED,CANDIDATE_SCOPE_ONLY
archive/exams/original/high/h1/1final/26_팔마고_1학기_기말_고1_기출.js|26_팔마고_1학기_기말_고1_기출|3,archive/exams/original/high/h1/1final/26_팔마고_1학기_기말_고1_기출.js,26_팔마고_1학기_기말_고1_기출,3,공통수학1,H22-C-05,이차방정식과 이차함수,H22-C-05-QUADRATIC_FUNCTION_GRAPH,이차함수의 그래프,객관식,,ABSENT,,ABSENT,0,39332,bb8d68040dac365bbc76d1d920e1e62611c8441be978e79c621b3f3831be320f,6e44d25ea526f23f7881b9af2bc469288880c3373d303caa503a20bee7c08182,834aa3276de78009767f4083b9a401fc8246ae6420caa9c5b9259d544cc0588f,VISUAL_REQUIRED,ADD_NEW_VISUAL,ADD,GRAPH_OR_FUNCTION_STRUCTURE|COORDINATE_OR_GEOMETRY_STRUCTURE|CASE_OR_BOUNDARY_STRUCTURE,NOT_STARTED,NOT_STARTED,NOT_STARTED,NOT_TESTED,NOT_REVIEWED,NOT_STARTED,CANDIDATE_SCOPE_ONLY
archive/exams/original/high/h1/1final/26_팔마고_1학기_기말_고1_기출.js|26_팔마고_1학기_기말_고1_기출|4,archive/exams/original/high/h1/1final/26_팔마고_1학기_기말_고1_기출.js,26_팔마고_1학기_기말_고1_기출,4,공통수학1,H22-C-05,이차방정식과 이차함수,H22-C-05-QUADRATIC_FUNCTION_GRAPH,이차함수의 그래프,객관식,,ABSENT,,ABSENT,0,39332,bb8d68040dac365bbc76d1d920e1e62611c8441be978e79c621b3f3831be320f,ceba6228a9b7155ac81aac8c31c0efa80a8059695b7c8928c7063aa39a2fc85a,02b0dd8a7716be27be17773a1aa5219e4ac31bfe06c994b43db3cfe2783a062c,VISUAL_REQUIRED,ADD_NEW_VISUAL,ADD,GRAPH_OR_FUNCTION_STRUCTURE|COORDINATE_OR_GEOMETRY_STRUCTURE|CASE_OR_BOUNDARY_STRUCTURE,NOT_STARTED,NOT_STARTED,NOT_STARTED,NOT_TESTED,NOT_REVIEWED,NOT_STARTED,CANDIDATE_SCOPE_ONLY
archive/exams/original/high/h1/1final/26_팔마고_1학기_기말_고1_기출.js|26_팔마고_1학기_기말_고1_기출|6,archive/exams/original/high/h1/1final/26_팔마고_1학기_기말_고1_기출.js,26_팔마고_1학기_기말_고1_기출,6,공통수학1,H22-C-06,여러 가지 방정식과 부등식,H22-C-06-INEQUALITY,여러 가지 부등식,객관식,,ABSENT,,ABSENT,0,39332,bb8d68040dac365bbc76d1d920e1e62611c8441be978e79c621b3f3831be320f,b6d48ad3df99727526fa1afe54512213c2171600d5e4a7e863d4dc136d27a10a,cf380057f3ed9973c0d27e63aecb8263c976cedc5cc485c2d97cfdb0757d7c7a,VISUAL_REQUIRED,ADD_NEW_VISUAL,ADD,NUMBER_LINE_OR_INEQUALITY_STRUCTURE|CASE_OR_BOUNDARY_STRUCTURE,NOT_STARTED,NOT_STARTED,NOT_STARTED,NOT_TESTED,NOT_REVIEWED,NOT_STARTED,CANDIDATE_SCOPE_ONLY
archive/exams/original/high/h1/1final/26_팔마고_1학기_기말_고1_기출.js|26_팔마고_1학기_기말_고1_기출|8,archive/exams/original/high/h1/1final/26_팔마고_1학기_기말_고1_기출.js,26_팔마고_1학기_기말_고1_기출,8,공통수학1,H22-C-06,여러 가지 방정식과 부등식,H22-C-06-HIGHER_INEQUALITY,여러 가지 부등식,객관식,,ABSENT,,ABSENT,0,39332,bb8d68040dac365bbc76d1d920e1e62611c8441be978e79c621b3f3831be320f,15136860cf6c01832a21b5c031330b509ed1ac7f7f6bf0da6c3aed628e8724db,5db0151314bab9d534d81a4fa83e0e8c88be3b82804a2f87201d10b23ab98e86,VISUAL_REQUIRED,ADD_NEW_VISUAL,ADD,NUMBER_LINE_OR_INEQUALITY_STRUCTURE|COORDINATE_OR_GEOMETRY_STRUCTURE,NOT_STARTED,NOT_STARTED,NOT_STARTED,NOT_TESTED,NOT_REVIEWED,NOT_STARTED,CANDIDATE_SCOPE_ONLY
archive/exams/original/high/h1/1final/26_팔마고_1학기_기말_고1_기출.js|26_팔마고_1학기_기말_고1_기출|9,archive/exams/original/high/h1/1final/26_팔마고_1학기_기말_고1_기출.js,26_팔마고_1학기_기말_고1_기출,9,공통수학1,H22-C-06,여러 가지 방정식과 부등식,H22-C-06-EQUATION,여러 가지 방정식,객관식,,ABSENT,,ABSENT,0,39332,bb8d68040dac365bbc76d1d920e1e62611c8441be978e79c621b3f3831be320f,68088e9235099cef0bb3695ccf335f118e9d7d6f64f88aa1a48f338cf482694d,ab6bc2454a00a3d575e0bc7cb0e1d9101632b098853587a1fdb73998f35d0a0f,VISUAL_OPTIONAL_OR_EXEMPT_CANDIDATE,NO_VISUAL,NONE,NUMBER_LINE_OR_INEQUALITY_STRUCTURE,NOT_STARTED,NOT_STARTED,NOT_STARTED,NOT_TESTED,NOT_REVIEWED,NOT_STARTED,CANDIDATE_SCOPE_ONLY
archive/exams/original/high/h1/1final/26_효천고_1학기_기말_고1_기출.js|26_효천고_1학기_기말_고1_기출|11,archive/exams/original/high/h1/1final/26_효천고_1학기_기말_고1_기출.js,26_효천고_1학기_기말_고1_기출,11,공통수학1,H22-C-06,여러 가지 방정식과 부등식,H22-C-06-HIGHER_INEQUALITY,여러 가지 부등식,객관식,,ABSENT,,ABSENT,0,43860,9ded0f1af40839a0d7f308d40d08e36e033349ba98f60f185adc4d0316bc237e,797df733fb34be498c53a658100a8d39ee91c1021ca9a9771b87eebeab56b613,2f3fa15ee719f9152558f4984ff7700c8812c6736fb8632355d23fe16a3136e0,VISUAL_REQUIRED,ADD_NEW_VISUAL,ADD,NUMBER_LINE_OR_INEQUALITY_STRUCTURE|CASE_OR_BOUNDARY_STRUCTURE,NOT_STARTED,NOT_STARTED,NOT_STARTED,NOT_TESTED,NOT_REVIEWED,NOT_STARTED,CANDIDATE_SCOPE_ONLY
archive/exams/original/high/h1/1final/26_효천고_1학기_기말_고1_기출.js|26_효천고_1학기_기말_고1_기출|13,archive/exams/original/high/h1/1final/26_효천고_1학기_기말_고1_기출.js,26_효천고_1학기_기말_고1_기출,13,공통수학1,H22-C-05,이차방정식과 이차함수,H22-C-05-EQUATION_BASIC,방정식의 풀이,객관식,,ABSENT,,ABSENT,0,43860,9ded0f1af40839a0d7f308d40d08e36e033349ba98f60f185adc4d0316bc237e,a828f82178c34bf2d86ef98a5ca4783a3889c0b5ab9461746ac7dc15e74d0a01,44d04c421022338bcc3c09932e1b8693ffc17d530548e37a834a5052f790f00f,VISUAL_REQUIRED,ADD_NEW_VISUAL,ADD,GRAPH_OR_FUNCTION_STRUCTURE|NUMBER_LINE_OR_INEQUALITY_STRUCTURE|CASE_OR_BOUNDARY_STRUCTURE,NOT_STARTED,NOT_STARTED,NOT_STARTED,NOT_TESTED,NOT_REVIEWED,NOT_STARTED,CANDIDATE_SCOPE_ONLY
archive/exams/original/high/h1/1final/26_효천고_1학기_기말_고1_기출.js|26_효천고_1학기_기말_고1_기출|18,archive/exams/original/high/h1/1final/26_효천고_1학기_기말_고1_기출.js,26_효천고_1학기_기말_고1_기출,18,공통수학1,H22-C-05,이차방정식과 이차함수,H22-C-05-QUADRATIC_EQUATION,이차방정식,객관식,,ABSENT,,ABSENT,0,43860,9ded0f1af40839a0d7f308d40d08e36e033349ba98f60f185adc4d0316bc237e,2b59f65e483953b8d2c84ea1d5b33f49666c6d5974a9fc94c1402826faf89acb,8710ea24d3bc0682fb83bb2f1f90e13d75e07eb5d8c9a86851c0bb0a193bf0af,VISUAL_REQUIRED,ADD_NEW_VISUAL,ADD,GRAPH_OR_FUNCTION_STRUCTURE|NUMBER_LINE_OR_INEQUALITY_STRUCTURE|COORDINATE_OR_GEOMETRY_STRUCTURE|CASE_OR_BOUNDARY_STRUCTURE,NOT_STARTED,NOT_STARTED,NOT_STARTED,NOT_TESTED,NOT_REVIEWED,NOT_STARTED,CANDIDATE_SCOPE_ONLY
archive/exams/original/high/h1/1final/26_효천고_1학기_기말_고1_기출.js|26_효천고_1학기_기말_고1_기출|21,archive/exams/original/high/h1/1final/26_효천고_1학기_기말_고1_기출.js,26_효천고_1학기_기말_고1_기출,21,공통수학1,H22-C-06,여러 가지 방정식과 부등식,H22-C-06-EQUATION,여러 가지 방정식,단답형,,ABSENT,,ABSENT,0,43860,9ded0f1af40839a0d7f308d40d08e36e033349ba98f60f185adc4d0316bc237e,2d43f94b7ed1c0938e79140e72bdbe14171337a625b400e3c9696abc72be06e3,66beb7e42917a78dd534341ba6850aaf545f9f9641859f335a1a6e6ce90238ee,VISUAL_OPTIONAL_OR_EXEMPT_CANDIDATE,NO_VISUAL,NONE,GRAPH_OR_FUNCTION_STRUCTURE|NUMBER_LINE_OR_INEQUALITY_STRUCTURE|CASE_OR_BOUNDARY_STRUCTURE,NOT_STARTED,NOT_STARTED,NOT_STARTED,NOT_TESTED,NOT_REVIEWED,NOT_STARTED,CANDIDATE_SCOPE_ONLY
archive/exams/original/high/h1/1final/26_효천고_1학기_기말_고1_기출.js|26_효천고_1학기_기말_고1_기출|22,archive/exams/original/high/h1/1final/26_효천고_1학기_기말_고1_기출.js,26_효천고_1학기_기말_고1_기출,22,공통수학1,H22-C-06,여러 가지 방정식과 부등식,H22-C-06-EQUATION_BASIC,방정식의 풀이,단답형,,ABSENT,,ABSENT,0,43860,9ded0f1af40839a0d7f308d40d08e36e033349ba98f60f185adc4d0316bc237e,fe42c588be34b4d6145113695855a4b50129f69d90af9e6ed5a9496c55e70f68,3f245a90cedb063dd15fed24941b8401ed7867c741d467c1a9d85fae08c16a8a,VISUAL_REQUIRED,ADD_NEW_VISUAL,ADD,NUMBER_LINE_OR_INEQUALITY_STRUCTURE,NOT_STARTED,NOT_STARTED,NOT_STARTED,NOT_TESTED,NOT_REVIEWED,NOT_STARTED,CANDIDATE_SCOPE_ONLY
archive/exams/original/high/h1/1final/26_효천고_1학기_기말_고1_기출.js|26_효천고_1학기_기말_고1_기출|23,archive/exams/original/high/h1/1final/26_효천고_1학기_기말_고1_기출.js,26_효천고_1학기_기말_고1_기출,23,공통수학1,H22-C-06,여러 가지 방정식과 부등식,H22-C-06-EQUATION_BASIC,방정식의 풀이,서술형,,ABSENT,,ABSENT,0,43860,9ded0f1af40839a0d7f308d40d08e36e033349ba98f60f185adc4d0316bc237e,d2a3b4192c5632637b7e7d113d9d2ac7cd08a995effd43cb6cf5982f8c0cac0c,160e3670f81855dbda36204f7a31f9215291c9d680ceb1afed2c63bf4e6ff4a2,VISUAL_REQUIRED,ADD_NEW_VISUAL,ADD,NUMBER_LINE_OR_INEQUALITY_STRUCTURE|CASE_OR_BOUNDARY_STRUCTURE,NOT_STARTED,NOT_STARTED,NOT_STARTED,NOT_TESTED,NOT_REVIEWED,NOT_STARTED,CANDIDATE_SCOPE_ONLY
archive/exams/original/high/h1/1final/26_효천고_1학기_기말_고1_기출.js|26_효천고_1학기_기말_고1_기출|24,archive/exams/original/high/h1/1final/26_효천고_1학기_기말_고1_기출.js,26_효천고_1학기_기말_고1_기출,24,공통수학1,H22-C-05,이차방정식과 이차함수,H22-C-05-QUADRATIC_FUNCTION_GRAPH,이차함수의 그래프,서술형,assets/images/26_효천고_1학기_기말_고1_기출/q24.png,PRESENT,,ABSENT,0,43860,9ded0f1af40839a0d7f308d40d08e36e033349ba98f60f185adc4d0316bc237e,5d4ab32338dd4d15f8fa36274f5448df80d7f0f172cfbab6a6ebe1f5094e7614,0f6f8d63b5065c3f514102ba5d5cd43c40eb91c7e0647560b07b6dc26d0f7c1b,VISUAL_REQUIRED,ADD_NEW_VISUAL,ADD,GRAPH_OR_FUNCTION_STRUCTURE|NUMBER_LINE_OR_INEQUALITY_STRUCTURE|COORDINATE_OR_GEOMETRY_STRUCTURE|CASE_OR_BOUNDARY_STRUCTURE,NOT_STARTED,NOT_STARTED,NOT_STARTED,NOT_TESTED,NOT_REVIEWED,NOT_STARTED,CANDIDATE_SCOPE_ONLY
archive/exams/original/high/h1/1final/26_효천고_1학기_기말_고1_기출.js|26_효천고_1학기_기말_고1_기출|4,archive/exams/original/high/h1/1final/26_효천고_1학기_기말_고1_기출.js,26_효천고_1학기_기말_고1_기출,4,공통수학1,H22-C-05,이차방정식과 이차함수,H22-C-05-QUADRATIC_FUNCTION_GRAPH,이차함수의 그래프,객관식,,ABSENT,,ABSENT,0,43860,9ded0f1af40839a0d7f308d40d08e36e033349ba98f60f185adc4d0316bc237e,32d6ef9b8bbfc7836c3c5e0f967e42a4a79fe913b4f656117605ee84476a995f,83cba8606ad4893b2a38388c4bd4941e23a71e1c8f415fdd7fb23abf03dc0e65,VISUAL_REQUIRED,ADD_NEW_VISUAL,ADD,GRAPH_OR_FUNCTION_STRUCTURE|COORDINATE_OR_GEOMETRY_STRUCTURE|CASE_OR_BOUNDARY_STRUCTURE,NOT_STARTED,NOT_STARTED,NOT_STARTED,NOT_TESTED,NOT_REVIEWED,NOT_STARTED,CANDIDATE_SCOPE_ONLY
archive/exams/original/high/h1/1final/26_효천고_1학기_기말_고1_기출.js|26_효천고_1학기_기말_고1_기출|5,archive/exams/original/high/h1/1final/26_효천고_1학기_기말_고1_기출.js,26_효천고_1학기_기말_고1_기출,5,공통수학1,H22-C-05,이차방정식과 이차함수,H22-C-05-FUNCTION_BASIC,함수의 뜻과 그래프,객관식,assets/images/26_효천고_1학기_기말_고1_기출/q05.png,PRESENT,,ABSENT,0,43860,9ded0f1af40839a0d7f308d40d08e36e033349ba98f60f185adc4d0316bc237e,c05442d9efced8293e2f7f539ed68bb0460349661cf64b9c7fbdeb1f25950990,dde0290e93a9982906818121b864fcdb79e4288ed449d0ad1ffd415984c2ad39,VISUAL_REQUIRED,ADD_NEW_VISUAL,ADD,GRAPH_OR_FUNCTION_STRUCTURE|NUMBER_LINE_OR_INEQUALITY_STRUCTURE|CASE_OR_BOUNDARY_STRUCTURE,NOT_STARTED,NOT_STARTED,NOT_STARTED,NOT_TESTED,NOT_REVIEWED,NOT_STARTED,CANDIDATE_SCOPE_ONLY
archive/exams/original/high/h1/1final/26_효천고_1학기_기말_고1_기출.js|26_효천고_1학기_기말_고1_기출|8,archive/exams/original/high/h1/1final/26_효천고_1학기_기말_고1_기출.js,26_효천고_1학기_기말_고1_기출,8,공통수학1,H22-C-05,이차방정식과 이차함수,H22-C-05-QUADRATIC_FUNCTION_GRAPH,이차함수의 그래프,객관식,,ABSENT,,ABSENT,0,43860,9ded0f1af40839a0d7f308d40d08e36e033349ba98f60f185adc4d0316bc237e,e8ee5e24a2a25a73437808b22128b455bd1849b72a58901fdbfdb2dc0d21c737,bddaeb1501e9b759ab8c26089194e63c14973967c471460836f75994d4c9e04d,VISUAL_REQUIRED,ADD_NEW_VISUAL,ADD,GRAPH_OR_FUNCTION_STRUCTURE|NUMBER_LINE_OR_INEQUALITY_STRUCTURE|CASE_OR_BOUNDARY_STRUCTURE,NOT_STARTED,NOT_STARTED,NOT_STARTED,NOT_TESTED,NOT_REVIEWED,NOT_STARTED,CANDIDATE_SCOPE_ONLY
archive/exams/original/high/h1/1mid/23_매산고_1학기_중간_고1_기출.js|23_매산고_1학기_중간_고1_기출|10,archive/exams/original/high/h1/1mid/23_매산고_1학기_중간_고1_기출.js,23_매산고_1학기_중간_고1_기출,10,수학(상),H15-SA-13,이차함수,H15-SA-13-QUADRATIC_APPLICATION,이차함수의 활용,객관식,,ABSENT,,ABSENT,0,34519,5df107ced37bdd1fa5c9576344a398127e4086dfc138b0b049ab1e3e78780fd5,a31367c1903904993b17a69094561a18540e2ce07a4f3e6ede6ff4be19ac6eea,23c5c236f342687e3110754b0791721510b35a540679c468e0521af28f512752,VISUAL_REQUIRED,ADD_NEW_VISUAL,ADD,GRAPH_OR_FUNCTION_STRUCTURE|COORDINATE_OR_GEOMETRY_STRUCTURE,NOT_STARTED,NOT_STARTED,NOT_STARTED,NOT_TESTED,NOT_REVIEWED,NOT_STARTED,CANDIDATE_SCOPE_ONLY
archive/exams/original/high/h1/1mid/23_매산고_1학기_중간_고1_기출.js|23_매산고_1학기_중간_고1_기출|11,archive/exams/original/high/h1/1mid/23_매산고_1학기_중간_고1_기출.js,23_매산고_1학기_중간_고1_기출,11,수학(상),H15-SA-13,이차함수,H15-SA-13-QUADRATIC_GRAPH,이차함수의 그래프,객관식,,ABSENT,,ABSENT,0,34519,5df107ced37bdd1fa5c9576344a398127e4086dfc138b0b049ab1e3e78780fd5,693501e10e1fc6250a103cf1f195474006b1f4d3803b88cdbb07b120886863f3,f809a9c28fe059b3baca824b6f21bdf2bc3896c7245068263b87512b06e0303e,VISUAL_REQUIRED,ADD_NEW_VISUAL,ADD,GRAPH_OR_FUNCTION_STRUCTURE|NUMBER_LINE_OR_INEQUALITY_STRUCTURE,NOT_STARTED,NOT_STARTED,NOT_STARTED,NOT_TESTED,NOT_REVIEWED,NOT_STARTED,CANDIDATE_SCOPE_ONLY
archive/exams/original/high/h1/1mid/23_매산고_1학기_중간_고1_기출.js|23_매산고_1학기_중간_고1_기출|12,archive/exams/original/high/h1/1mid/23_매산고_1학기_중간_고1_기출.js,23_매산고_1학기_중간_고1_기출,12,수학(상),H15-SA-13,이차함수,H15-SA-13-QUADRATIC_APPLICATION,이차함수의 활용,객관식,,ABSENT,,ABSENT,0,34519,5df107ced37bdd1fa5c9576344a398127e4086dfc138b0b049ab1e3e78780fd5,54f08740883927df33fc7d7973e51c2055cee2c1fa0c244457c8dbac703d193e,47cde3945efcdfdce20654c43dfd114dd23eb73890a33200facf8bc9bbcc1357,VISUAL_REQUIRED,ADD_NEW_VISUAL,ADD,GRAPH_OR_FUNCTION_STRUCTURE|CASE_OR_BOUNDARY_STRUCTURE,NOT_STARTED,NOT_STARTED,NOT_STARTED,NOT_TESTED,NOT_REVIEWED,NOT_STARTED,CANDIDATE_SCOPE_ONLY
archive/exams/original/high/h1/1mid/23_매산고_1학기_중간_고1_기출.js|23_매산고_1학기_중간_고1_기출|13,archive/exams/original/high/h1/1mid/23_매산고_1학기_중간_고1_기출.js,23_매산고_1학기_중간_고1_기출,13,수학(상),H15-SA-05,이차방정식,H15-SA-05-EQUATION_BASIC,방정식의 풀이,객관식,,ABSENT,,ABSENT,0,34519,5df107ced37bdd1fa5c9576344a398127e4086dfc138b0b049ab1e3e78780fd5,c467ff670d50bc2e53478c480e0c96811265c615bb1e7c9cfdee9dca29aa742e,5b8704744c0787677ade4422d9f85dc6bf3afbd83236614a3ce210a8366a138e,VISUAL_REQUIRED,ADD_NEW_VISUAL,ADD,GRAPH_OR_FUNCTION_STRUCTURE,NOT_STARTED,NOT_STARTED,NOT_STARTED,NOT_TESTED,NOT_REVIEWED,NOT_STARTED,CANDIDATE_SCOPE_ONLY
archive/exams/original/high/h1/1mid/23_매산고_1학기_중간_고1_기출.js|23_매산고_1학기_중간_고1_기출|16,archive/exams/original/high/h1/1mid/23_매산고_1학기_중간_고1_기출.js,23_매산고_1학기_중간_고1_기출,16,수학(상),H15-SA-13,이차함수,H15-SA-13-QUADRATIC_APPLICATION,이차함수의 활용,단답형,,ABSENT,,ABSENT,0,34519,5df107ced37bdd1fa5c9576344a398127e4086dfc138b0b049ab1e3e78780fd5,f3572c544265070d8d60b30c2b13be1b4ccd2ff74fd4c1f1c2fe0a747aa834d5,9624b89cb952873b220bf5b81eb8c80f0fdb792599a685872dd2e14eb3e75801,VISUAL_REQUIRED,ADD_NEW_VISUAL,ADD,GRAPH_OR_FUNCTION_STRUCTURE|NUMBER_LINE_OR_INEQUALITY_STRUCTURE|COORDINATE_OR_GEOMETRY_STRUCTURE|CASE_OR_BOUNDARY_STRUCTURE,NOT_STARTED,NOT_STARTED,NOT_STARTED,NOT_TESTED,NOT_REVIEWED,NOT_STARTED,CANDIDATE_SCOPE_ONLY
archive/exams/original/high/h1/1mid/23_매산고_1학기_중간_고1_기출.js|23_매산고_1학기_중간_고1_기출|20,archive/exams/original/high/h1/1mid/23_매산고_1학기_중간_고1_기출.js,23_매산고_1학기_중간_고1_기출,20,수학(상),H15-SA-13,이차함수,H15-SA-13-QUADRATIC_APPLICATION,이차함수의 활용,서술형,,ABSENT,,ABSENT,0,34519,5df107ced37bdd1fa5c9576344a398127e4086dfc138b0b049ab1e3e78780fd5,14baa66b7fb265a93396ae17aff1392bec17528e009c815ef202fe8ab8089f12,087222c0f5c48edec6cfdcaf8bd59059bafc1b3b3677af9a5888113ac8fdb66d,VISUAL_REQUIRED,ADD_NEW_VISUAL,ADD,GRAPH_OR_FUNCTION_STRUCTURE|COORDINATE_OR_GEOMETRY_STRUCTURE|CASE_OR_BOUNDARY_STRUCTURE,NOT_STARTED,NOT_STARTED,NOT_STARTED,NOT_TESTED,NOT_REVIEWED,NOT_STARTED,CANDIDATE_SCOPE_ONLY
archive/exams/original/high/h1/1mid/23_매산고_1학기_중간_고1_기출.js|23_매산고_1학기_중간_고1_기출|5,archive/exams/original/high/h1/1mid/23_매산고_1학기_중간_고1_기출.js,23_매산고_1학기_중간_고1_기출,5,수학(상),H15-SA-05,이차방정식,H15-SA-05-QUADRATIC_SOLVING,이차방정식의 풀이,객관식,,ABSENT,,ABSENT,0,34519,5df107ced37bdd1fa5c9576344a398127e4086dfc138b0b049ab1e3e78780fd5,2629290507cdf8cbbce5c4ada20890d92ac96796f4ec9ac86f46f17667dc12c7,bb28243793d7606f73e5f300e76d6b01362f0d7899a816cbb5d4485f2cf217c5,VISUAL_REQUIRED,ADD_NEW_VISUAL,ADD,GRAPH_OR_FUNCTION_STRUCTURE,NOT_STARTED,NOT_STARTED,NOT_STARTED,NOT_TESTED,NOT_REVIEWED,NOT_STARTED,CANDIDATE_SCOPE_ONLY
archive/exams/original/high/h1/1mid/23_부영여고_1학기_중간_고1_기출.js|23_부영여고_1학기_중간_고1_기출|13,archive/exams/original/high/h1/1mid/23_부영여고_1학기_중간_고1_기출.js,23_부영여고_1학기_중간_고1_기출,13,수학(상),H15-SA-13,이차함수,H15-SA-13-QUADRATIC_GRAPH,이차함수의 그래프,객관식,,ABSENT,,ABSENT,0,35672,bd5c7ae0dfd8afc3cf3b8508fbf0e2d868fd4c1d68484f4cd0bc589c374d288d,8b7ce5283ecafc017e9c86c06267a2c7e295ff812f2071f15f2c3a76d138475b,d38f5da49809791a155a0f22579e28fc4de1ca301c956c206631cd546cd22adb,VISUAL_REQUIRED,ADD_NEW_VISUAL,ADD,GRAPH_OR_FUNCTION_STRUCTURE|COORDINATE_OR_GEOMETRY_STRUCTURE|CASE_OR_BOUNDARY_STRUCTURE,NOT_STARTED,NOT_STARTED,NOT_STARTED,NOT_TESTED,NOT_REVIEWED,NOT_STARTED,CANDIDATE_SCOPE_ONLY
archive/exams/original/high/h1/1mid/23_부영여고_1학기_중간_고1_기출.js|23_부영여고_1학기_중간_고1_기출|14,archive/exams/original/high/h1/1mid/23_부영여고_1학기_중간_고1_기출.js,23_부영여고_1학기_중간_고1_기출,14,수학(상),H15-SA-05,이차방정식,H15-SA-05-EQUATION_BASIC,방정식의 풀이,객관식,,ABSENT,,ABSENT,0,35672,bd5c7ae0dfd8afc3cf3b8508fbf0e2d868fd4c1d68484f4cd0bc589c374d288d,1df7e402b081ab5600351e3635d40b3ed2d5fd17fc31c091fee6dd6534cff939,3f8e0cfb14a68cc42c55013988fb8f6b3919bfc1b0ead124bb5183c0ad31d36b,VISUAL_REQUIRED,ADD_NEW_VISUAL,ADD,GRAPH_OR_FUNCTION_STRUCTURE|CASE_OR_BOUNDARY_STRUCTURE,NOT_STARTED,NOT_STARTED,NOT_STARTED,NOT_TESTED,NOT_REVIEWED,NOT_STARTED,CANDIDATE_SCOPE_ONLY
archive/exams/original/high/h1/1mid/23_부영여고_1학기_중간_고1_기출.js|23_부영여고_1학기_중간_고1_기출|15,archive/exams/original/high/h1/1mid/23_부영여고_1학기_중간_고1_기출.js,23_부영여고_1학기_중간_고1_기출,15,수학(상),H15-SA-13,이차함수,H15-SA-13-QUADRATIC_APPLICATION,이차함수의 활용,객관식,,ABSENT,,ABSENT,0,35672,bd5c7ae0dfd8afc3cf3b8508fbf0e2d868fd4c1d68484f4cd0bc589c374d288d,d72f674c7d40df3af6dcb96f90c147ca5a733c8c0bc3b14fb8418f04cd558c3b,f3bc0619e57d4daf44a4922981a3a484e7b78bee0ae857daf391ce8b894924f2,VISUAL_REQUIRED,ADD_NEW_VISUAL,ADD,GRAPH_OR_FUNCTION_STRUCTURE|COORDINATE_OR_GEOMETRY_STRUCTURE|CASE_OR_BOUNDARY_STRUCTURE,NOT_STARTED,NOT_STARTED,NOT_STARTED,NOT_TESTED,NOT_REVIEWED,NOT_STARTED,CANDIDATE_SCOPE_ONLY
archive/exams/original/high/h1/1mid/23_부영여고_1학기_중간_고1_기출.js|23_부영여고_1학기_중간_고1_기출|16,archive/exams/original/high/h1/1mid/23_부영여고_1학기_중간_고1_기출.js,23_부영여고_1학기_중간_고1_기출,16,수학(상),H15-SA-13,이차함수,H15-SA-13-QUADRATIC_APPLICATION,이차함수의 활용,객관식,,ABSENT,,ABSENT,0,35672,bd5c7ae0dfd8afc3cf3b8508fbf0e2d868fd4c1d68484f4cd0bc589c374d288d,04f47263a95c1b33d759ec75c8611893a2c8a92947f0ad71c85124e15e726da5,8af74e77738e4de7fe6051d0c0300772ad039c627abe660fda57abb006c0f4fd,VISUAL_REQUIRED,ADD_NEW_VISUAL,ADD,GRAPH_OR_FUNCTION_STRUCTURE|COORDINATE_OR_GEOMETRY_STRUCTURE|CASE_OR_BOUNDARY_STRUCTURE,NOT_STARTED,NOT_STARTED,NOT_STARTED,NOT_TESTED,NOT_REVIEWED,NOT_STARTED,CANDIDATE_SCOPE_ONLY
archive/exams/original/high/h1/1mid/23_부영여고_1학기_중간_고1_기출.js|23_부영여고_1학기_중간_고1_기출|21,archive/exams/original/high/h1/1mid/23_부영여고_1학기_중간_고1_기출.js,23_부영여고_1학기_중간_고1_기출,21,수학(상),H15-SA-05,이차방정식,H15-SA-05-EQUATION_BASIC,방정식의 풀이,서술형,,ABSENT,,ABSENT,0,35672,bd5c7ae0dfd8afc3cf3b8508fbf0e2d868fd4c1d68484f4cd0bc589c374d288d,7dc26b81f2e9785e4433fef10180569fa958b2b67c2c051d71538c92b5ed9ae0,ac4407d4289ce6ec0cdf17286329e97eb5fa5495ff8ccc35a177a7479e317cec,VISUAL_REQUIRED,ADD_NEW_VISUAL,ADD,GRAPH_OR_FUNCTION_STRUCTURE,NOT_STARTED,NOT_STARTED,NOT_STARTED,NOT_TESTED,NOT_REVIEWED,NOT_STARTED,CANDIDATE_SCOPE_ONLY
archive/exams/original/high/h1/1mid/23_부영여고_1학기_중간_고1_기출.js|23_부영여고_1학기_중간_고1_기출|22,archive/exams/original/high/h1/1mid/23_부영여고_1학기_중간_고1_기출.js,23_부영여고_1학기_중간_고1_기출,22,수학(상),H15-SA-13,이차함수,H15-SA-13-QUADRATIC_APPLICATION,이차함수의 활용,서술형,,ABSENT,,ABSENT,0,35672,bd5c7ae0dfd8afc3cf3b8508fbf0e2d868fd4c1d68484f4cd0bc589c374d288d,1bdbb418bea5c7e267f13776edca059dcfdca5974456a66cede36a5ed6653494,6cf5c26fa7ef129248a03f3c80c9079b8aeecf1a0219184693d913be9ab0ea0c,VISUAL_REQUIRED,ADD_NEW_VISUAL,ADD,GRAPH_OR_FUNCTION_STRUCTURE|NUMBER_LINE_OR_INEQUALITY_STRUCTURE|CASE_OR_BOUNDARY_STRUCTURE,NOT_STARTED,NOT_STARTED,NOT_STARTED,NOT_TESTED,NOT_REVIEWED,NOT_STARTED,CANDIDATE_SCOPE_ONLY
archive/exams/original/high/h1/1mid/23_부영여고_1학기_중간_고1_기출.js|23_부영여고_1학기_중간_고1_기출|6,archive/exams/original/high/h1/1mid/23_부영여고_1학기_중간_고1_기출.js,23_부영여고_1학기_중간_고1_기출,6,수학(상),H15-SA-05,이차방정식,H15-SA-05-DISCRIMINANT,판별식과 근의 조건,객관식,,ABSENT,,ABSENT,0,35672,bd5c7ae0dfd8afc3cf3b8508fbf0e2d868fd4c1d68484f4cd0bc589c374d288d,74edb3858b460e2bdd34fed2a2845ba455b754da187bba4c9c5cc94edcac8320,c220cd498ac2f93e668d0de7ba585d4cdd07ac20c457dca40551dda4cd50c794,VISUAL_REQUIRED,ADD_NEW_VISUAL,ADD,GRAPH_OR_FUNCTION_STRUCTURE,NOT_STARTED,NOT_STARTED,NOT_STARTED,NOT_TESTED,NOT_REVIEWED,NOT_STARTED,CANDIDATE_SCOPE_ONLY
archive/exams/original/high/h1/1mid/23_부영여고_1학기_중간_고1_기출.js|23_부영여고_1학기_중간_고1_기출|7,archive/exams/original/high/h1/1mid/23_부영여고_1학기_중간_고1_기출.js,23_부영여고_1학기_중간_고1_기출,7,수학(상),H15-SA-05,이차방정식,H15-SA-05-EQUATION_BASIC,방정식의 풀이,객관식,,ABSENT,,ABSENT,0,35672,bd5c7ae0dfd8afc3cf3b8508fbf0e2d868fd4c1d68484f4cd0bc589c374d288d,cd02f1a3c7c44798f6b81a392276e42eebb4abaed3ac31f751b9383700d1255f,f5a0a016ba54cc31156baa4dc8afb2170e0b5907f155d7ffa17d74a74c787753,VISUAL_REQUIRED,ADD_NEW_VISUAL,ADD,GRAPH_OR_FUNCTION_STRUCTURE,NOT_STARTED,NOT_STARTED,NOT_STARTED,NOT_TESTED,NOT_REVIEWED,NOT_STARTED,CANDIDATE_SCOPE_ONLY
archive/exams/original/high/h1/1mid/23_부영여고_1학기_중간_고1_기출.js|23_부영여고_1학기_중간_고1_기출|8,archive/exams/original/high/h1/1mid/23_부영여고_1학기_중간_고1_기출.js,23_부영여고_1학기_중간_고1_기출,8,수학(상),H15-SA-13,이차함수,H15-SA-13-QUADRATIC_APPLICATION,이차함수의 활용,객관식,,ABSENT,,ABSENT,0,35672,bd5c7ae0dfd8afc3cf3b8508fbf0e2d868fd4c1d68484f4cd0bc589c374d288d,57fc38b8715962ea5ea1d2729c977d6b5f0a5e49589442f3fa0d1b8455a053e1,3d644fde1688af64ccea295587f2c4a0e0027ffea6cfa247a91c3440d359ff32,VISUAL_REQUIRED,ADD_NEW_VISUAL,ADD,GRAPH_OR_FUNCTION_STRUCTURE|CASE_OR_BOUNDARY_STRUCTURE,NOT_STARTED,NOT_STARTED,NOT_STARTED,NOT_TESTED,NOT_REVIEWED,NOT_STARTED,CANDIDATE_SCOPE_ONLY
archive/exams/original/high/h1/1mid/23_여수여고_1학기_중간_고1_기출.js|23_여수여고_1학기_중간_고1_기출|13,archive/exams/original/high/h1/1mid/23_여수여고_1학기_중간_고1_기출.js,23_여수여고_1학기_중간_고1_기출,13,수학(상),H15-SA-05,이차방정식,H15-SA-05-DISCRIMINANT,판별식과 근의 조건,객관식,,ABSENT,,ABSENT,0,47016,e972d67709ba9dcdc82ad11fb5071c984d996be241186066902de92463c19574,b834021e3cdea22851fef479fb632a8a7168841445ffa3946f67321de7e7b4e8,0ff28d23653db0730015d955067a2e8ad6b2694e1ef6e7e013700802e8e54fe8,VISUAL_REQUIRED,ADD_NEW_VISUAL,ADD,GRAPH_OR_FUNCTION_STRUCTURE,NOT_STARTED,NOT_STARTED,NOT_STARTED,NOT_TESTED,NOT_REVIEWED,NOT_STARTED,CANDIDATE_SCOPE_ONLY
archive/exams/original/high/h1/1mid/23_여수여고_1학기_중간_고1_기출.js|23_여수여고_1학기_중간_고1_기출|14,archive/exams/original/high/h1/1mid/23_여수여고_1학기_중간_고1_기출.js,23_여수여고_1학기_중간_고1_기출,14,수학(상),H15-SA-05,이차방정식,H15-SA-05-EQUATION_BASIC,방정식의 풀이,객관식,,ABSENT,,ABSENT,0,47016,e972d67709ba9dcdc82ad11fb5071c984d996be241186066902de92463c19574,2ccca5fb81a12ef8f8c1ba6aa1029b6a846287d2d369081d763f7f9fea17240b,045c6501d7ef901be90306c6f86d09a0946d6f41523112dd052e23c2e7f4b2e6,VISUAL_REQUIRED,ADD_NEW_VISUAL,ADD,GRAPH_OR_FUNCTION_STRUCTURE|NUMBER_LINE_OR_INEQUALITY_STRUCTURE,NOT_STARTED,NOT_STARTED,NOT_STARTED,NOT_TESTED,NOT_REVIEWED,NOT_STARTED,CANDIDATE_SCOPE_ONLY
archive/exams/original/high/h1/1mid/23_여수여고_1학기_중간_고1_기출.js|23_여수여고_1학기_중간_고1_기출|15,archive/exams/original/high/h1/1mid/23_여수여고_1학기_중간_고1_기출.js,23_여수여고_1학기_중간_고1_기출,15,수학(상),H15-SA-05,이차방정식,H15-SA-05-EQUATION_FUNCTION_RELATION,이차방정식과 이차함수의 관계,객관식,,ABSENT,,ABSENT,0,47016,e972d67709ba9dcdc82ad11fb5071c984d996be241186066902de92463c19574,be5414abd09f00975fc06f4af3897831d1037d38cf4e1bbd0c365ae024873125,c3824be299497e212ac15fc1d0e53ab01b8271117e944b966d8ef1b38863f0ce,VISUAL_REQUIRED,ADD_NEW_VISUAL,ADD,GRAPH_OR_FUNCTION_STRUCTURE,NOT_STARTED,NOT_STARTED,NOT_STARTED,NOT_TESTED,NOT_REVIEWED,NOT_STARTED,CANDIDATE_SCOPE_ONLY
archive/exams/original/high/h1/1mid/23_여수여고_1학기_중간_고1_기출.js|23_여수여고_1학기_중간_고1_기출|16,archive/exams/original/high/h1/1mid/23_여수여고_1학기_중간_고1_기출.js,23_여수여고_1학기_중간_고1_기출,16,수학(상),H15-SA-05,이차방정식,H15-SA-05-EQUATION_FUNCTION_RELATION,이차방정식과 이차함수의 관계,객관식,,ABSENT,,ABSENT,0,47016,e972d67709ba9dcdc82ad11fb5071c984d996be241186066902de92463c19574,b7cf92cf3e53841e6c31f749ce4bf9710f95b22644ef87fe2295e6191d7d3924,693c5530c91f33de3a962aa6c9488ad8a5c29369962ba1947061885c3a85d9a6,VISUAL_REQUIRED,ADD_NEW_VISUAL,ADD,GRAPH_OR_FUNCTION_STRUCTURE|NUMBER_LINE_OR_INEQUALITY_STRUCTURE|COORDINATE_OR_GEOMETRY_STRUCTURE|CASE_OR_BOUNDARY_STRUCTURE,NOT_STARTED,NOT_STARTED,NOT_STARTED,NOT_TESTED,NOT_REVIEWED,NOT_STARTED,CANDIDATE_SCOPE_ONLY
archive/exams/original/high/h1/1mid/23_여수여고_1학기_중간_고1_기출.js|23_여수여고_1학기_중간_고1_기출|17,archive/exams/original/high/h1/1mid/23_여수여고_1학기_중간_고1_기출.js,23_여수여고_1학기_중간_고1_기출,17,수학(상),H15-SA-05,이차방정식,H15-SA-05-QUADRATIC_SOLVING,이차방정식의 풀이,객관식,,ABSENT,,ABSENT,0,47016,e972d67709ba9dcdc82ad11fb5071c984d996be241186066902de92463c19574,c58be5a6a4c24c15ffa54dea24e8a9e45dc4f894f8d4cd4dd0527d1f0036a97e,b8f5bf4d82faa7b3055e583b25cc91d3e75a179af8c84e5006b51446f09b2263,VISUAL_REQUIRED,ADD_NEW_VISUAL,ADD,GRAPH_OR_FUNCTION_STRUCTURE|COORDINATE_OR_GEOMETRY_STRUCTURE|CASE_OR_BOUNDARY_STRUCTURE,NOT_STARTED,NOT_STARTED,NOT_STARTED,NOT_TESTED,NOT_REVIEWED,NOT_STARTED,CANDIDATE_SCOPE_ONLY
archive/exams/original/high/h1/1mid/23_여수여고_1학기_중간_고1_기출.js|23_여수여고_1학기_중간_고1_기출|18,archive/exams/original/high/h1/1mid/23_여수여고_1학기_중간_고1_기출.js,23_여수여고_1학기_중간_고1_기출,18,수학(상),H15-SA-05,이차방정식,H15-SA-05-EQUATION_BASIC,방정식의 풀이,객관식,,ABSENT,,ABSENT,0,47016,e972d67709ba9dcdc82ad11fb5071c984d996be241186066902de92463c19574,22f3d1f2138d05e090c44c7f2d354c31f16c1291bc358f214225b48d4b912390,12010cd68b6ada173b6cdaa2538951e295a011a2caa3c2cb6915357215e212b5,VISUAL_REQUIRED,ADD_NEW_VISUAL,ADD,GRAPH_OR_FUNCTION_STRUCTURE|NUMBER_LINE_OR_INEQUALITY_STRUCTURE|CASE_OR_BOUNDARY_STRUCTURE,NOT_STARTED,NOT_STARTED,NOT_STARTED,NOT_TESTED,NOT_REVIEWED,NOT_STARTED,CANDIDATE_SCOPE_ONLY
archive/exams/original/high/h1/1mid/23_여수여고_1학기_중간_고1_기출.js|23_여수여고_1학기_중간_고1_기출|21,archive/exams/original/high/h1/1mid/23_여수여고_1학기_중간_고1_기출.js,23_여수여고_1학기_중간_고1_기출,21,수학(상),H15-SA-05,이차방정식,H15-SA-05-QUADRATIC_SOLVING,이차방정식의 풀이,서술형,,ABSENT,,ABSENT,0,47016,e972d67709ba9dcdc82ad11fb5071c984d996be241186066902de92463c19574,40e7bcc9ac9c2c7f7bd7c17d5f33c64f3bc14244c682f9e113d40dc8c1f562cb,a0b72f01551aa1db3c584a56ec7a2e1f05a6579cc17aa8615f911f87064d3bd5,VISUAL_REQUIRED,ADD_NEW_VISUAL,ADD,GRAPH_OR_FUNCTION_STRUCTURE,NOT_STARTED,NOT_STARTED,NOT_STARTED,NOT_TESTED,NOT_REVIEWED,NOT_STARTED,CANDIDATE_SCOPE_ONLY
archive/exams/original/high/h1/1mid/23_여천고_1학기_중간_고1_기출.js|23_여천고_1학기_중간_고1_기출|10,archive/exams/original/high/h1/1mid/23_여천고_1학기_중간_고1_기출.js,23_여천고_1학기_중간_고1_기출,10,수학(상),H15-SA-05,이차방정식,H15-SA-05-DISCRIMINANT,판별식과 근의 조건,객관식,,ABSENT,,ABSENT,0,35121,c5af366d4db36ad28d61a31c2a98fc8f62ad45df2365b8ad4ed7c902ec91ad33,204b511e01e94bd73daf2809683a775cc0e11c3b7c0653ce5c009dc0e09528aa,6acc1a6e5e9307693c8c5ef7931b80bee360eba7757cab0028ab3c666f0dba04,VISUAL_REQUIRED,ADD_NEW_VISUAL,ADD,GRAPH_OR_FUNCTION_STRUCTURE|NUMBER_LINE_OR_INEQUALITY_STRUCTURE,NOT_STARTED,NOT_STARTED,NOT_STARTED,NOT_TESTED,NOT_REVIEWED,NOT_STARTED,CANDIDATE_SCOPE_ONLY
archive/exams/original/high/h1/1mid/23_여천고_1학기_중간_고1_기출.js|23_여천고_1학기_중간_고1_기출|11,archive/exams/original/high/h1/1mid/23_여천고_1학기_중간_고1_기출.js,23_여천고_1학기_중간_고1_기출,11,수학(상),H15-SA-05,이차방정식,H15-SA-05-EQUATION_BASIC,방정식의 풀이,객관식,,ABSENT,,ABSENT,0,35121,c5af366d4db36ad28d61a31c2a98fc8f62ad45df2365b8ad4ed7c902ec91ad33,0b322cc5b24330ee92270b8be26a3e5b24495c9fce6450850b6301f40aa4762d,6155335d94b3b8275d36ed7ed9961d89f5b5c75b9227da6e293ed12964b7ae86,VISUAL_REQUIRED,ADD_NEW_VISUAL,ADD,GRAPH_OR_FUNCTION_STRUCTURE|NUMBER_LINE_OR_INEQUALITY_STRUCTURE,NOT_STARTED,NOT_STARTED,NOT_STARTED,NOT_TESTED,NOT_REVIEWED,NOT_STARTED,CANDIDATE_SCOPE_ONLY
archive/exams/original/high/h1/1mid/23_여천고_1학기_중간_고1_기출.js|23_여천고_1학기_중간_고1_기출|13,archive/exams/original/high/h1/1mid/23_여천고_1학기_중간_고1_기출.js,23_여천고_1학기_중간_고1_기출,13,수학(상),H15-SA-13,이차함수,H15-SA-13-QUADRATIC_GRAPH,이차함수의 그래프,객관식,,ABSENT,,ABSENT,0,35121,c5af366d4db36ad28d61a31c2a98fc8f62ad45df2365b8ad4ed7c902ec91ad33,c8ecc0d3851ef4553a7e17b856a0042a4b8ba9786a675742cf5a2dacb2b4169b,4ed9e14d1c3bbf97ed2b574d7e7485a304aabed51ddf2a57496703c2d4bd1b9a,VISUAL_REQUIRED,ADD_NEW_VISUAL,ADD,GRAPH_OR_FUNCTION_STRUCTURE|COORDINATE_OR_GEOMETRY_STRUCTURE|CASE_OR_BOUNDARY_STRUCTURE,NOT_STARTED,NOT_STARTED,NOT_STARTED,NOT_TESTED,NOT_REVIEWED,NOT_STARTED,CANDIDATE_SCOPE_ONLY
archive/exams/original/high/h1/1mid/23_여천고_1학기_중간_고1_기출.js|23_여천고_1학기_중간_고1_기출|14,archive/exams/original/high/h1/1mid/23_여천고_1학기_중간_고1_기출.js,23_여천고_1학기_중간_고1_기출,14,수학(상),H15-SA-13,이차함수,H15-SA-13-QUADRATIC_GRAPH,이차함수의 그래프,객관식,,ABSENT,,ABSENT,0,35121,c5af366d4db36ad28d61a31c2a98fc8f62ad45df2365b8ad4ed7c902ec91ad33,e6312454ef9a7d28c5e18c0a5cd1cab23fbae0d2bff54ef9852b35ec379c3494,cafd4aba36dc46561bf998450b59ee0e0d43e08ac76374845494845e640c9812,VISUAL_REQUIRED,ADD_NEW_VISUAL,ADD,GRAPH_OR_FUNCTION_STRUCTURE|COORDINATE_OR_GEOMETRY_STRUCTURE,NOT_STARTED,NOT_STARTED,NOT_STARTED,NOT_TESTED,NOT_REVIEWED,NOT_STARTED,CANDIDATE_SCOPE_ONLY
archive/exams/original/high/h1/1mid/23_여천고_1학기_중간_고1_기출.js|23_여천고_1학기_중간_고1_기출|15,archive/exams/original/high/h1/1mid/23_여천고_1학기_중간_고1_기출.js,23_여천고_1학기_중간_고1_기출,15,수학(상),H15-SA-13,이차함수,H15-SA-13-QUADRATIC_APPLICATION,이차함수의 활용,객관식,,ABSENT,,ABSENT,0,35121,c5af366d4db36ad28d61a31c2a98fc8f62ad45df2365b8ad4ed7c902ec91ad33,c47f12435573c5d9ff854427afffc431dc5412ec04a8fdfa6c16feb4de476348,2ed631a9544889791155abfba9eb47ad5e151d167322c19fa17fb34e484856f7,VISUAL_REQUIRED,ADD_NEW_VISUAL,ADD,GRAPH_OR_FUNCTION_STRUCTURE|CASE_OR_BOUNDARY_STRUCTURE,NOT_STARTED,NOT_STARTED,NOT_STARTED,NOT_TESTED,NOT_REVIEWED,NOT_STARTED,CANDIDATE_SCOPE_ONLY
archive/exams/original/high/h1/1mid/23_여천고_1학기_중간_고1_기출.js|23_여천고_1학기_중간_고1_기출|16,archive/exams/original/high/h1/1mid/23_여천고_1학기_중간_고1_기출.js,23_여천고_1학기_중간_고1_기출,16,수학(상),H15-SA-13,이차함수,H15-SA-13-QUADRATIC_GRAPH,이차함수의 그래프,객관식,,ABSENT,,ABSENT,0,35121,c5af366d4db36ad28d61a31c2a98fc8f62ad45df2365b8ad4ed7c902ec91ad33,b5ccbc0bf817d6d518d6d9c9a8d2264f4f014aac7074b47bb72a9f3354fa5872,f5082bca1bbefeb6b410302b49cafa020cd20b40604793ad2da125f9ff1d1507,VISUAL_REQUIRED,ADD_NEW_VISUAL,ADD,GRAPH_OR_FUNCTION_STRUCTURE,NOT_STARTED,NOT_STARTED,NOT_STARTED,NOT_TESTED,NOT_REVIEWED,NOT_STARTED,CANDIDATE_SCOPE_ONLY
archive/exams/original/high/h1/1mid/23_여천고_1학기_중간_고1_기출.js|23_여천고_1학기_중간_고1_기출|17,archive/exams/original/high/h1/1mid/23_여천고_1학기_중간_고1_기출.js,23_여천고_1학기_중간_고1_기출,17,수학(상),H15-SA-13,이차함수,H15-SA-13-QUADRATIC_GRAPH,이차함수의 그래프,객관식,,ABSENT,,ABSENT,0,35121,c5af366d4db36ad28d61a31c2a98fc8f62ad45df2365b8ad4ed7c902ec91ad33,543c0e609fe20e02be64c650b8c9d732d3c8d80ad5dd903d7bd353e61bf582e7,0cfbd4f375f30950b9909a0fd38220575078d661b9d0225858b5bbdc84f02509,VISUAL_REQUIRED,ADD_NEW_VISUAL,ADD,GRAPH_OR_FUNCTION_STRUCTURE|COORDINATE_OR_GEOMETRY_STRUCTURE,NOT_STARTED,NOT_STARTED,NOT_STARTED,NOT_TESTED,NOT_REVIEWED,NOT_STARTED,CANDIDATE_SCOPE_ONLY
archive/exams/original/high/h1/1mid/23_여천고_1학기_중간_고1_기출.js|23_여천고_1학기_중간_고1_기출|18,archive/exams/original/high/h1/1mid/23_여천고_1학기_중간_고1_기출.js,23_여천고_1학기_중간_고1_기출,18,수학(상),H15-SA-13,이차함수,H15-SA-13-QUADRATIC_GRAPH,이차함수의 그래프,객관식,,ABSENT,,ABSENT,0,35121,c5af366d4db36ad28d61a31c2a98fc8f62ad45df2365b8ad4ed7c902ec91ad33,17071e93f14630aaf4578b21e03adb0fff9aa8e3e50bfd51db4b1397ef2746e1,3dc0a65d3c2c8e13b43ad1ab19b307e854014c5e100bd2db0fdf72bf564cd09b,VISUAL_REQUIRED,ADD_NEW_VISUAL,ADD,GRAPH_OR_FUNCTION_STRUCTURE|COORDINATE_OR_GEOMETRY_STRUCTURE|CASE_OR_BOUNDARY_STRUCTURE,NOT_STARTED,NOT_STARTED,NOT_STARTED,NOT_TESTED,NOT_REVIEWED,NOT_STARTED,CANDIDATE_SCOPE_ONLY
archive/exams/original/high/h1/1mid/23_여천고_1학기_중간_고1_기출.js|23_여천고_1학기_중간_고1_기출|20,archive/exams/original/high/h1/1mid/23_여천고_1학기_중간_고1_기출.js,23_여천고_1학기_중간_고1_기출,20,수학(상),H15-SA-13,이차함수,H15-SA-13-QUADRATIC_GRAPH,이차함수의 그래프,단답형,,ABSENT,,ABSENT,0,35121,c5af366d4db36ad28d61a31c2a98fc8f62ad45df2365b8ad4ed7c902ec91ad33,b5342b0d0774fbf849ac22f24ae966912468ef07b6f374f68a76237efd5ecc12,eb52d0c4b002e9818709fa305c66aca8263d1c7551d4cadef61836eae6cfaefc,VISUAL_REQUIRED,ADD_NEW_VISUAL,ADD,GRAPH_OR_FUNCTION_STRUCTURE|COORDINATE_OR_GEOMETRY_STRUCTURE|CASE_OR_BOUNDARY_STRUCTURE,NOT_STARTED,NOT_STARTED,NOT_STARTED,NOT_TESTED,NOT_REVIEWED,NOT_STARTED,CANDIDATE_SCOPE_ONLY
archive/exams/original/high/h1/1mid/23_여천고_1학기_중간_고1_기출.js|23_여천고_1학기_중간_고1_기출|22,archive/exams/original/high/h1/1mid/23_여천고_1학기_중간_고1_기출.js,23_여천고_1학기_중간_고1_기출,22,수학(상),H15-SA-13,이차함수,H15-SA-13-QUADRATIC_APPLICATION,이차함수의 활용,단답형,,ABSENT,,ABSENT,0,35121,c5af366d4db36ad28d61a31c2a98fc8f62ad45df2365b8ad4ed7c902ec91ad33,3a6c1ad63bcbd8d6557c73237685ed034978e56412eac33edcdc577e49d4d7c0,b28ec9dd808630744722cd45db4b25455e6080b3bde57dbca0c79bce74e1d738,VISUAL_REQUIRED,ADD_NEW_VISUAL,ADD,GRAPH_OR_FUNCTION_STRUCTURE|NUMBER_LINE_OR_INEQUALITY_STRUCTURE|COORDINATE_OR_GEOMETRY_STRUCTURE|CASE_OR_BOUNDARY_STRUCTURE,NOT_STARTED,NOT_STARTED,NOT_STARTED,NOT_TESTED,NOT_REVIEWED,NOT_STARTED,CANDIDATE_SCOPE_ONLY
archive/exams/original/high/h1/1mid/23_여천고_1학기_중간_고1_기출.js|23_여천고_1학기_중간_고1_기출|23,archive/exams/original/high/h1/1mid/23_여천고_1학기_중간_고1_기출.js,23_여천고_1학기_중간_고1_기출,23,수학(상),H15-SA-13,이차함수,H15-SA-13-QUADRATIC_APPLICATION,이차함수의 활용,단답형,,ABSENT,,ABSENT,0,35121,c5af366d4db36ad28d61a31c2a98fc8f62ad45df2365b8ad4ed7c902ec91ad33,ed02f8a22e6253f7da3d8a9666b5dd4ac0890c8a380165bf657123045e8b0b6b,a77cb7c5db1a5aa5a485f8f356e861d8f697cbe2c7ee9174635159d63ad73e08,VISUAL_REQUIRED,ADD_NEW_VISUAL,ADD,GRAPH_OR_FUNCTION_STRUCTURE|COORDINATE_OR_GEOMETRY_STRUCTURE,NOT_STARTED,NOT_STARTED,NOT_STARTED,NOT_TESTED,NOT_REVIEWED,NOT_STARTED,CANDIDATE_SCOPE_ONLY
archive/exams/original/high/h1/1mid/23_충무고_1학기_중간_고1_기출.js|23_충무고_1학기_중간_고1_기출|1,archive/exams/original/high/h1/1mid/23_충무고_1학기_중간_고1_기출.js,23_충무고_1학기_중간_고1_기출,1,수학(상),H15-SA-13,이차함수,H15-SA-13-QUADRATIC_APPLICATION,이차함수의 활용,객관식,,ABSENT,,ABSENT,0,31439,84c6ba6012840087472cb4fb19c4ceb5c17c952dbb839781b0a36cc0ec41e4f4,f80bd1508e2718d484d01b137f686eeea0c0c18c620fa8693f1e8fc6cd71e016,dbb7bff7c5164083196a17bb0e33445924ea3a64756cf994e0ef3dca4e55304c,VISUAL_REQUIRED,ADD_NEW_VISUAL,ADD,GRAPH_OR_FUNCTION_STRUCTURE,NOT_STARTED,NOT_STARTED,NOT_STARTED,NOT_TESTED,NOT_REVIEWED,NOT_STARTED,CANDIDATE_SCOPE_ONLY
archive/exams/original/high/h1/1mid/23_충무고_1학기_중간_고1_기출.js|23_충무고_1학기_중간_고1_기출|10,archive/exams/original/high/h1/1mid/23_충무고_1학기_중간_고1_기출.js,23_충무고_1학기_중간_고1_기출,10,수학(상),H15-SA-05,이차방정식,H15-SA-05-QUADRATIC_SOLVING,이차방정식의 풀이,객관식,,ABSENT,,ABSENT,0,31439,84c6ba6012840087472cb4fb19c4ceb5c17c952dbb839781b0a36cc0ec41e4f4,8c94b05f95c4033946c29e73d18500d375316ebdef6e019d3d260a96f38a9644,210eba1d0e71db0b697a7e9774198681718de07e5f98443aa75020c9217234ff,VISUAL_REQUIRED,ADD_NEW_VISUAL,ADD,GRAPH_OR_FUNCTION_STRUCTURE,NOT_STARTED,NOT_STARTED,NOT_STARTED,NOT_TESTED,NOT_REVIEWED,NOT_STARTED,CANDIDATE_SCOPE_ONLY
archive/exams/original/high/h1/1mid/23_충무고_1학기_중간_고1_기출.js|23_충무고_1학기_중간_고1_기출|12,archive/exams/original/high/h1/1mid/23_충무고_1학기_중간_고1_기출.js,23_충무고_1학기_중간_고1_기출,12,수학(상),H15-SA-05,이차방정식,H15-SA-05-DISCRIMINANT,판별식과 근의 조건,객관식,,ABSENT,,ABSENT,0,31439,84c6ba6012840087472cb4fb19c4ceb5c17c952dbb839781b0a36cc0ec41e4f4,97fb7914ffa9ed06972769599a639e60a5878a7c313eb3e194fd8835fec5e3b3,afbe7fee0d1a124e109f9ecd879dfd1167a1b4106a279f1a1dbb2d2e144096e5,VISUAL_REQUIRED,ADD_NEW_VISUAL,ADD,GRAPH_OR_FUNCTION_STRUCTURE,NOT_STARTED,NOT_STARTED,NOT_STARTED,NOT_TESTED,NOT_REVIEWED,NOT_STARTED,CANDIDATE_SCOPE_ONLY
archive/exams/original/high/h1/1mid/23_충무고_1학기_중간_고1_기출.js|23_충무고_1학기_중간_고1_기출|13,archive/exams/original/high/h1/1mid/23_충무고_1학기_중간_고1_기출.js,23_충무고_1학기_중간_고1_기출,13,수학(상),H15-SA-13,이차함수,H15-SA-13-QUADRATIC_APPLICATION,이차함수의 활용,객관식,,ABSENT,,ABSENT,0,31439,84c6ba6012840087472cb4fb19c4ceb5c17c952dbb839781b0a36cc0ec41e4f4,2f105f9fcd1819da2c731864e4d1fccf526f2a7bf1b899f86ac4aa0bc80d2534,d7258f7e4b6322cc7e50eb4c410188b4633a01ee32498ce2b325d1e5368cf2ce,VISUAL_REQUIRED,ADD_NEW_VISUAL,ADD,GRAPH_OR_FUNCTION_STRUCTURE,NOT_STARTED,NOT_STARTED,NOT_STARTED,NOT_TESTED,NOT_REVIEWED,NOT_STARTED,CANDIDATE_SCOPE_ONLY
archive/exams/original/high/h1/1mid/23_충무고_1학기_중간_고1_기출.js|23_충무고_1학기_중간_고1_기출|15,archive/exams/original/high/h1/1mid/23_충무고_1학기_중간_고1_기출.js,23_충무고_1학기_중간_고1_기출,15,수학(상),H15-SA-13,이차함수,H15-SA-13-QUADRATIC_GRAPH,이차함수의 그래프,객관식,,ABSENT,,ABSENT,0,31439,84c6ba6012840087472cb4fb19c4ceb5c17c952dbb839781b0a36cc0ec41e4f4,69f5fdf8de6932692888a08e5fcab53d2cf8f68489a81626de28c6cb10cb00a6,7e0c1c9aadf2b6899d2ede92ec9943b83c14339888d639625be0ac542bdb15e2,VISUAL_REQUIRED,ADD_NEW_VISUAL,ADD,GRAPH_OR_FUNCTION_STRUCTURE|COORDINATE_OR_GEOMETRY_STRUCTURE|CASE_OR_BOUNDARY_STRUCTURE,NOT_STARTED,NOT_STARTED,NOT_STARTED,NOT_TESTED,NOT_REVIEWED,NOT_STARTED,CANDIDATE_SCOPE_ONLY
archive/exams/original/high/h1/1mid/23_충무고_1학기_중간_고1_기출.js|23_충무고_1학기_중간_고1_기출|16,archive/exams/original/high/h1/1mid/23_충무고_1학기_중간_고1_기출.js,23_충무고_1학기_중간_고1_기출,16,수학(상),H15-SA-13,이차함수,H15-SA-13-QUADRATIC_APPLICATION,이차함수의 활용,객관식,,ABSENT,,ABSENT,0,31439,84c6ba6012840087472cb4fb19c4ceb5c17c952dbb839781b0a36cc0ec41e4f4,dc3b949a328bc63643d3e0a89ef808ea42f8c75dfa1eabcdadc9008e6b423ff7,e50a9eaceaeedecb6fe5d8de63773eb2b8f1fdd01fca036d09c1d78a95cf559e,VISUAL_REQUIRED,ADD_NEW_VISUAL,ADD,GRAPH_OR_FUNCTION_STRUCTURE|NUMBER_LINE_OR_INEQUALITY_STRUCTURE|CASE_OR_BOUNDARY_STRUCTURE,NOT_STARTED,NOT_STARTED,NOT_STARTED,NOT_TESTED,NOT_REVIEWED,NOT_STARTED,CANDIDATE_SCOPE_ONLY
archive/exams/original/high/h1/1mid/23_충무고_1학기_중간_고1_기출.js|23_충무고_1학기_중간_고1_기출|2,archive/exams/original/high/h1/1mid/23_충무고_1학기_중간_고1_기출.js,23_충무고_1학기_중간_고1_기출,2,수학(상),H15-SA-05,이차방정식,H15-SA-05-EQUATION_FUNCTION_RELATION,이차방정식과 이차함수의 관계,객관식,,ABSENT,,ABSENT,0,31439,84c6ba6012840087472cb4fb19c4ceb5c17c952dbb839781b0a36cc0ec41e4f4,3a511c8fe9eaa6e15d0f4549ee182b11703030501bcc364638d37033ad4e8410,13a3d6e99293e2daa8e5337cca7fd1e32b8652281a1c4a2e1cd1f3d179443f26,VISUAL_REQUIRED,ADD_NEW_VISUAL,ADD,GRAPH_OR_FUNCTION_STRUCTURE|COORDINATE_OR_GEOMETRY_STRUCTURE|CASE_OR_BOUNDARY_STRUCTURE,NOT_STARTED,NOT_STARTED,NOT_STARTED,NOT_TESTED,NOT_REVIEWED,NOT_STARTED,CANDIDATE_SCOPE_ONLY
archive/exams/original/high/h1/1mid/23_충무고_1학기_중간_고1_기출.js|23_충무고_1학기_중간_고1_기출|20,archive/exams/original/high/h1/1mid/23_충무고_1학기_중간_고1_기출.js,23_충무고_1학기_중간_고1_기출,20,수학(상),H15-SA-05,이차방정식,H15-SA-05-EQUATION_BASIC,방정식의 풀이,서술형,,ABSENT,,ABSENT,0,31439,84c6ba6012840087472cb4fb19c4ceb5c17c952dbb839781b0a36cc0ec41e4f4,46fb1eced609cf5226feea6683cfbfa5c653f81607db629d8e7c3f898764d6a6,bf349531ffe2ff56b6c53bb7d4f3aed344c1e6676c02f1c26fe11f596ea9aa82,VISUAL_REQUIRED,ADD_NEW_VISUAL,ADD,GRAPH_OR_FUNCTION_STRUCTURE,NOT_STARTED,NOT_STARTED,NOT_STARTED,NOT_TESTED,NOT_REVIEWED,NOT_STARTED,CANDIDATE_SCOPE_ONLY
archive/exams/original/high/h1/1mid/23_충무고_1학기_중간_고1_기출.js|23_충무고_1학기_중간_고1_기출|21,archive/exams/original/high/h1/1mid/23_충무고_1학기_중간_고1_기출.js,23_충무고_1학기_중간_고1_기출,21,수학(상),H15-SA-13,이차함수,H15-SA-13-QUADRATIC_APPLICATION,이차함수의 활용,서술형,,ABSENT,,ABSENT,0,31439,84c6ba6012840087472cb4fb19c4ceb5c17c952dbb839781b0a36cc0ec41e4f4,15275daa803da63f58ff9e1eed5ac037df2a24e175f22617c28a44785239926e,7babce941636d734e8b1f4f41ce4e789d599c6b5b3504fb65dc4624f4ab8dafd,VISUAL_REQUIRED,ADD_NEW_VISUAL,ADD,GRAPH_OR_FUNCTION_STRUCTURE|NUMBER_LINE_OR_INEQUALITY_STRUCTURE|COORDINATE_OR_GEOMETRY_STRUCTURE|CASE_OR_BOUNDARY_STRUCTURE,NOT_STARTED,NOT_STARTED,NOT_STARTED,NOT_TESTED,NOT_REVIEWED,NOT_STARTED,CANDIDATE_SCOPE_ONLY
archive/exams/original/high/h1/1mid/23_충무고_1학기_중간_고1_기출.js|23_충무고_1학기_중간_고1_기출|3,archive/exams/original/high/h1/1mid/23_충무고_1학기_중간_고1_기출.js,23_충무고_1학기_중간_고1_기출,3,수학(상),H15-SA-05,이차방정식,H15-SA-05-DISCRIMINANT,판별식과 근의 조건,객관식,,ABSENT,,ABSENT,0,31439,84c6ba6012840087472cb4fb19c4ceb5c17c952dbb839781b0a36cc0ec41e4f4,f5c16de5aab1a396e4029e7d5235bbf0e8d51a098a66016821cb471859650219,b9a07be2e67340a5c5c631ccb703db1f7465533a7af4f54277813ff0e8faa1d6,VISUAL_REQUIRED,ADD_NEW_VISUAL,ADD,GRAPH_OR_FUNCTION_STRUCTURE,NOT_STARTED,NOT_STARTED,NOT_STARTED,NOT_TESTED,NOT_REVIEWED,NOT_STARTED,CANDIDATE_SCOPE_ONLY
archive/exams/original/high/h1/1mid/23_한영고_1학기_중간_고1_기출.js|23_한영고_1학기_중간_고1_기출|11,archive/exams/original/high/h1/1mid/23_한영고_1학기_중간_고1_기출.js,23_한영고_1학기_중간_고1_기출,11,수학(상),H15-SA-08,여러 가지 부등식,H15-SA-08-ABSOLUTE_INEQUALITY,절댓값 부등식,객관식,,ABSENT,,ABSENT,0,38313,483e70bb9d791873360b8c764f248dd96d89f7639ed952c2a63a4690af842e54,40246e38e3340c385e4fab8aa724a83aeabb0342da9733cc34a16e5d7cb9e811,d48720918c918e1ca33ee162e3c8da1f6a8d556f92c37409179f457c47b3e9c7,VISUAL_REQUIRED,ADD_NEW_VISUAL,ADD,NUMBER_LINE_OR_INEQUALITY_STRUCTURE|CASE_OR_BOUNDARY_STRUCTURE,NOT_STARTED,NOT_STARTED,NOT_STARTED,NOT_TESTED,NOT_REVIEWED,NOT_STARTED,CANDIDATE_SCOPE_ONLY
archive/exams/original/high/h1/1mid/23_한영고_1학기_중간_고1_기출.js|23_한영고_1학기_중간_고1_기출|15,archive/exams/original/high/h1/1mid/23_한영고_1학기_중간_고1_기출.js,23_한영고_1학기_중간_고1_기출,15,수학(상),H15-SA-05,이차방정식,H15-SA-05-EQUATION_FUNCTION_RELATION,이차방정식과 이차함수의 관계,객관식,,ABSENT,,ABSENT,0,38313,483e70bb9d791873360b8c764f248dd96d89f7639ed952c2a63a4690af842e54,504c4a812c9db75fc806b4929ff5fb066017af918b2939cfda9cb70867763da1,2a2d5f41b5ee6aad0c877596b323032dd5c0261abc1d66104697c8627fcedef4,VISUAL_REQUIRED,ADD_NEW_VISUAL,ADD,GRAPH_OR_FUNCTION_STRUCTURE|CASE_OR_BOUNDARY_STRUCTURE,NOT_STARTED,NOT_STARTED,NOT_STARTED,NOT_TESTED,NOT_REVIEWED,NOT_STARTED,CANDIDATE_SCOPE_ONLY
archive/exams/original/high/h1/1mid/23_한영고_1학기_중간_고1_기출.js|23_한영고_1학기_중간_고1_기출|17,archive/exams/original/high/h1/1mid/23_한영고_1학기_중간_고1_기출.js,23_한영고_1학기_중간_고1_기출,17,수학(상),H15-SA-05,이차방정식,H15-SA-05-DISCRIMINANT,판별식과 근의 조건,단답형,,ABSENT,,ABSENT,0,38313,483e70bb9d791873360b8c764f248dd96d89f7639ed952c2a63a4690af842e54,8a4e3b5643e8021dc766e399772a104be1c1f4806460c9d28a81225270633f79,1d2225e91b25d95dfbe2865c4455d375ff0453c065776a02b63140c41b6e8fc6,VISUAL_REQUIRED,ADD_NEW_VISUAL,ADD,GRAPH_OR_FUNCTION_STRUCTURE,NOT_STARTED,NOT_STARTED,NOT_STARTED,NOT_TESTED,NOT_REVIEWED,NOT_STARTED,CANDIDATE_SCOPE_ONLY
archive/exams/original/high/h1/1mid/23_한영고_1학기_중간_고1_기출.js|23_한영고_1학기_중간_고1_기출|20,archive/exams/original/high/h1/1mid/23_한영고_1학기_중간_고1_기출.js,23_한영고_1학기_중간_고1_기출,20,수학(상),H15-SA-05,이차방정식,H15-SA-05-EQUATION_FUNCTION_RELATION,이차방정식과 이차함수의 관계,서술형,,ABSENT,,ABSENT,0,38313,483e70bb9d791873360b8c764f248dd96d89f7639ed952c2a63a4690af842e54,54e7092896bf6e762f98cff00320366452ea752039692b7542fd21a4fb03bb93,b60ffb6afbca05404e33839f4e2705e372fe0b5e5951cbfe581731377bc022d5,VISUAL_REQUIRED,ADD_NEW_VISUAL,ADD,GRAPH_OR_FUNCTION_STRUCTURE|COORDINATE_OR_GEOMETRY_STRUCTURE|CASE_OR_BOUNDARY_STRUCTURE,NOT_STARTED,NOT_STARTED,NOT_STARTED,NOT_TESTED,NOT_REVIEWED,NOT_STARTED,CANDIDATE_SCOPE_ONLY
archive/exams/original/high/h1/1mid/23_한영고_1학기_중간_고1_기출.js|23_한영고_1학기_중간_고1_기출|21,archive/exams/original/high/h1/1mid/23_한영고_1학기_중간_고1_기출.js,23_한영고_1학기_중간_고1_기출,21,수학(상),H15-SA-08,여러 가지 부등식,H15-SA-08-SYSTEM_INEQUALITY,연립부등식,서술형,,ABSENT,,ABSENT,0,38313,483e70bb9d791873360b8c764f248dd96d89f7639ed952c2a63a4690af842e54,df6d78a49965f951d5fe72d8faeadb7ae895954021b593000befcd32599f4dbd,4282c045f4df2ee9a00002b6177c42b1b783571cfd069f8324938d0597ec34b9,VISUAL_REQUIRED,ADD_NEW_VISUAL,ADD,NUMBER_LINE_OR_INEQUALITY_STRUCTURE|CASE_OR_BOUNDARY_STRUCTURE,NOT_STARTED,NOT_STARTED,NOT_STARTED,NOT_TESTED,NOT_REVIEWED,NOT_STARTED,CANDIDATE_SCOPE_ONLY
archive/exams/original/high/h1/1mid/23_한영고_1학기_중간_고1_기출.js|23_한영고_1학기_중간_고1_기출|3,archive/exams/original/high/h1/1mid/23_한영고_1학기_중간_고1_기출.js,23_한영고_1학기_중간_고1_기출,3,수학(상),H15-SA-05,이차방정식,H15-SA-05-QUADRATIC_SOLVING,이차방정식의 풀이,객관식,,ABSENT,,ABSENT,0,38313,483e70bb9d791873360b8c764f248dd96d89f7639ed952c2a63a4690af842e54,91e43cf6b5b16d539730a5d7274b5355e40f3cd1cf883879f01b302621de5d31,459e0d7bfdf0e96ba336c1014651db860dc3d03ae4aa43a305f345029b57e952,VISUAL_REQUIRED,ADD_NEW_VISUAL,ADD,GRAPH_OR_FUNCTION_STRUCTURE|COORDINATE_OR_GEOMETRY_STRUCTURE|CASE_OR_BOUNDARY_STRUCTURE,NOT_STARTED,NOT_STARTED,NOT_STARTED,NOT_TESTED,NOT_REVIEWED,NOT_STARTED,CANDIDATE_SCOPE_ONLY
archive/exams/original/high/h1/1mid/23_한영고_1학기_중간_고1_기출.js|23_한영고_1학기_중간_고1_기출|5,archive/exams/original/high/h1/1mid/23_한영고_1학기_중간_고1_기출.js,23_한영고_1학기_중간_고1_기출,5,수학(상),H15-SA-05,이차방정식,H15-SA-05-EQUATION_BASIC,방정식의 풀이,객관식,,ABSENT,,ABSENT,0,38313,483e70bb9d791873360b8c764f248dd96d89f7639ed952c2a63a4690af842e54,43d837a636263dd721144e2dd130eaac25aa955f3dc1fcd7b2d3301a75e70097,2fae4c86f6855b6cd10ecfb6bbaeac3fd8b7085ed6a66ed747e4ec4f52e0ef2a,VISUAL_REQUIRED,ADD_NEW_VISUAL,ADD,GRAPH_OR_FUNCTION_STRUCTURE,NOT_STARTED,NOT_STARTED,NOT_STARTED,NOT_TESTED,NOT_REVIEWED,NOT_STARTED,CANDIDATE_SCOPE_ONLY
archive/exams/original/high/h1/1mid/23_한영고_1학기_중간_고1_기출.js|23_한영고_1학기_중간_고1_기출|9,archive/exams/original/high/h1/1mid/23_한영고_1학기_중간_고1_기출.js,23_한영고_1학기_중간_고1_기출,9,수학(상),H15-SA-05,이차방정식,H15-SA-05-EQUATION_BASIC,방정식의 풀이,객관식,,ABSENT,,ABSENT,0,38313,483e70bb9d791873360b8c764f248dd96d89f7639ed952c2a63a4690af842e54,26005dd08e9e0d81b614884e2dedb36b1dc9d20960509b5d8b8f70dc92d13823,53c447816d9af8e6fc7916ed70542c9b851d5921ef1996abec423a8f001f4d9c,VISUAL_REQUIRED,ADD_NEW_VISUAL,ADD,GRAPH_OR_FUNCTION_STRUCTURE,NOT_STARTED,NOT_STARTED,NOT_STARTED,NOT_TESTED,NOT_REVIEWED,NOT_STARTED,CANDIDATE_SCOPE_ONLY
archive/exams/original/high/h1/1mid/24_여수고_1학기_중간_고1_기출.js|24_여수고_1학기_중간_고1_기출|2,archive/exams/original/high/h1/1mid/24_여수고_1학기_중간_고1_기출.js,24_여수고_1학기_중간_고1_기출,2,수학(상),H15-SA-13,이차함수,H15-SA-13-QUADRATIC_GRAPH,이차함수의 그래프,객관식,,ABSENT,,ABSENT,0,32281,660492f755e39b6181a5571487b3bba25244a0b1605f0c43e4b4c33e6ca12580,34bd21bf1d8abedfe6eebac1df9663b2f381bb3b0ef260a16be5b7dd23d44583,32cea32f82f3ebe771da48be94e07b5b9b291228891d42d88712347ad06911b8,VISUAL_REQUIRED,ADD_NEW_VISUAL,ADD,GRAPH_OR_FUNCTION_STRUCTURE|COORDINATE_OR_GEOMETRY_STRUCTURE|CASE_OR_BOUNDARY_STRUCTURE,NOT_STARTED,NOT_STARTED,NOT_STARTED,NOT_TESTED,NOT_REVIEWED,NOT_STARTED,CANDIDATE_SCOPE_ONLY
archive/exams/original/high/h1/1mid/24_여수고_1학기_중간_고1_기출.js|24_여수고_1학기_중간_고1_기출|20,archive/exams/original/high/h1/1mid/24_여수고_1학기_중간_고1_기출.js,24_여수고_1학기_중간_고1_기출,20,수학(상),H15-SA-13,이차함수,H15-SA-13-QUADRATIC_APPLICATION,이차함수의 활용,객관식,,ABSENT,,ABSENT,0,32281,660492f755e39b6181a5571487b3bba25244a0b1605f0c43e4b4c33e6ca12580,37ffd6cf14296e459aa1946ccd959837dd9a74a6fc011e12159801b01d79e8fa,c7e981dba5595ce77687ba93f50d3a9480c85f56e6a28ebbac36aaf287dc13ca,VISUAL_REQUIRED,ADD_NEW_VISUAL,ADD,GRAPH_OR_FUNCTION_STRUCTURE|COORDINATE_OR_GEOMETRY_STRUCTURE|CASE_OR_BOUNDARY_STRUCTURE,NOT_STARTED,NOT_STARTED,NOT_STARTED,NOT_TESTED,NOT_REVIEWED,NOT_STARTED,CANDIDATE_SCOPE_ONLY
archive/exams/original/high/h1/1mid/24_여수고_1학기_중간_고1_기출.js|24_여수고_1학기_중간_고1_기출|4,archive/exams/original/high/h1/1mid/24_여수고_1학기_중간_고1_기출.js,24_여수고_1학기_중간_고1_기출,4,수학(상),H15-SA-05,이차방정식,H15-SA-05-EQUATION_BASIC,방정식의 풀이,객관식,,ABSENT,,ABSENT,0,32281,660492f755e39b6181a5571487b3bba25244a0b1605f0c43e4b4c33e6ca12580,c95496a498dd5777b06ff9e84efa07eac1cdc602a481908eb4132071ae30e9ef,f7a4882e36f020f1c81bdadec77bd94bb5748c0452033553e03106aae38b4425,VISUAL_REQUIRED,ADD_NEW_VISUAL,ADD,GRAPH_OR_FUNCTION_STRUCTURE,NOT_STARTED,NOT_STARTED,NOT_STARTED,NOT_TESTED,NOT_REVIEWED,NOT_STARTED,CANDIDATE_SCOPE_ONLY
archive/exams/original/high/h1/1mid/24_여수고_1학기_중간_고1_기출.js|24_여수고_1학기_중간_고1_기출|9,archive/exams/original/high/h1/1mid/24_여수고_1학기_중간_고1_기출.js,24_여수고_1학기_중간_고1_기출,9,수학(상),H15-SA-13,이차함수,H15-SA-13-QUADRATIC_APPLICATION,이차함수의 활용,객관식,,ABSENT,,ABSENT,0,32281,660492f755e39b6181a5571487b3bba25244a0b1605f0c43e4b4c33e6ca12580,27996d31b6386d6f9cad1c868d2235befb94de26f0e4be11a2d8cc1238e846e4,a00f4fbc26eb4cfc1412baa105c48bd07129628f3441c39a55653aeb044796e3,VISUAL_REQUIRED,ADD_NEW_VISUAL,ADD,GRAPH_OR_FUNCTION_STRUCTURE|CASE_OR_BOUNDARY_STRUCTURE,NOT_STARTED,NOT_STARTED,NOT_STARTED,NOT_TESTED,NOT_REVIEWED,NOT_STARTED,CANDIDATE_SCOPE_ONLY
archive/exams/original/high/h1/1mid/24_한영고_1학기_중간_고1_기출.js|24_한영고_1학기_중간_고1_기출|11,archive/exams/original/high/h1/1mid/24_한영고_1학기_중간_고1_기출.js,24_한영고_1학기_중간_고1_기출,11,수학(상),H15-SA-13,이차함수,H15-SA-13-QUADRATIC_GRAPH,이차함수의 그래프,객관식,assets/images/24_한영고_1학기_중간_고1_기출/q11.svg,PRESENT,,ABSENT,0,36938,f4a5b636761d2fd7d765bbc5c13d442e0ab9d2aa09855dee1932257d8aa570f6,c206c58974eb9eb49817f112d2e8b9f49786a5a0815213c11a5195fc39d7974c,69623eadacd7653007b645ffb37bbeb1be7fa012e5133eb69f4ec7fd83949670,VISUAL_REQUIRED,ADD_NEW_VISUAL,ADD,GRAPH_OR_FUNCTION_STRUCTURE,NOT_STARTED,NOT_STARTED,NOT_STARTED,NOT_TESTED,NOT_REVIEWED,NOT_STARTED,CANDIDATE_SCOPE_ONLY
archive/exams/original/high/h1/1mid/24_한영고_1학기_중간_고1_기출.js|24_한영고_1학기_중간_고1_기출|16,archive/exams/original/high/h1/1mid/24_한영고_1학기_중간_고1_기출.js,24_한영고_1학기_중간_고1_기출,16,수학(상),H15-SA-08,여러 가지 부등식,H15-SA-08-INEQUALITY_BASIC,부등식의 풀이,단답형,,ABSENT,,ABSENT,0,36938,f4a5b636761d2fd7d765bbc5c13d442e0ab9d2aa09855dee1932257d8aa570f6,f7de528ecf367602f9549d3ece9614920d97b0b535c0b1c26b5fdfb546a4274e,1cce8fb49e087c9fdc0732368b84c92ce059a1f1de36dde65657effd68d8bd2b,VISUAL_REQUIRED,ADD_NEW_VISUAL,ADD,NUMBER_LINE_OR_INEQUALITY_STRUCTURE|CASE_OR_BOUNDARY_STRUCTURE,NOT_STARTED,NOT_STARTED,NOT_STARTED,NOT_TESTED,NOT_REVIEWED,NOT_STARTED,CANDIDATE_SCOPE_ONLY
archive/exams/original/high/h1/1mid/24_한영고_1학기_중간_고1_기출.js|24_한영고_1학기_중간_고1_기출|17,archive/exams/original/high/h1/1mid/24_한영고_1학기_중간_고1_기출.js,24_한영고_1학기_중간_고1_기출,17,수학(상),H15-SA-05,이차방정식,H15-SA-05-INEQUALITY_BASIC,부등식의 풀이,단답형,,ABSENT,,ABSENT,0,36938,f4a5b636761d2fd7d765bbc5c13d442e0ab9d2aa09855dee1932257d8aa570f6,a561d3d7a978d47e0bd66232d37eb444c85abab9fad1cbf250d3705d30215fa7,39b15486d91aa6952267d9a69ebe441277b2908e4f0ad471d0120d0abb4dd74f,VISUAL_REQUIRED,ADD_NEW_VISUAL,ADD,GRAPH_OR_FUNCTION_STRUCTURE|NUMBER_LINE_OR_INEQUALITY_STRUCTURE|CASE_OR_BOUNDARY_STRUCTURE,NOT_STARTED,NOT_STARTED,NOT_STARTED,NOT_TESTED,NOT_REVIEWED,NOT_STARTED,CANDIDATE_SCOPE_ONLY
archive/exams/original/high/h1/1mid/24_한영고_1학기_중간_고1_기출.js|24_한영고_1학기_중간_고1_기출|20,archive/exams/original/high/h1/1mid/24_한영고_1학기_중간_고1_기출.js,24_한영고_1학기_중간_고1_기출,20,수학(상),H15-SA-13,이차함수,H15-SA-13-QUADRATIC_APPLICATION,이차함수의 활용,서술형,,ABSENT,,ABSENT,0,36938,f4a5b636761d2fd7d765bbc5c13d442e0ab9d2aa09855dee1932257d8aa570f6,a29d71a10684d7656b437ad95947380511917f165a6719215288609e56b305be,c8411d98c575861e73466970cfdf96dc99677037807e9a453acc0a6a6c587212,VISUAL_REQUIRED,ADD_NEW_VISUAL,ADD,GRAPH_OR_FUNCTION_STRUCTURE|COORDINATE_OR_GEOMETRY_STRUCTURE,NOT_STARTED,NOT_STARTED,NOT_STARTED,NOT_TESTED,NOT_REVIEWED,NOT_STARTED,CANDIDATE_SCOPE_ONLY
archive/exams/original/high/h1/1mid/24_한영고_1학기_중간_고1_기출.js|24_한영고_1학기_중간_고1_기출|6,archive/exams/original/high/h1/1mid/24_한영고_1학기_중간_고1_기출.js,24_한영고_1학기_중간_고1_기출,6,수학(상),H15-SA-13,이차함수,H15-SA-13-QUADRATIC_GRAPH,이차함수의 그래프,객관식,,ABSENT,,ABSENT,0,36938,f4a5b636761d2fd7d765bbc5c13d442e0ab9d2aa09855dee1932257d8aa570f6,675a46bae36eea3663d48d885899cfa17744bd6b5ed44699ccfc94dc91113189,4745a7d342f6bd1630b107bc3d5f395f5bbafea7a0cc296512d83863f4bc95f6,VISUAL_REQUIRED,ADD_NEW_VISUAL,ADD,GRAPH_OR_FUNCTION_STRUCTURE|COORDINATE_OR_GEOMETRY_STRUCTURE,NOT_STARTED,NOT_STARTED,NOT_STARTED,NOT_TESTED,NOT_REVIEWED,NOT_STARTED,CANDIDATE_SCOPE_ONLY
archive/exams/original/high/h1/1mid/24_한영고_1학기_중간_고1_기출.js|24_한영고_1학기_중간_고1_기출|9,archive/exams/original/high/h1/1mid/24_한영고_1학기_중간_고1_기출.js,24_한영고_1학기_중간_고1_기출,9,수학(상),H15-SA-05,이차방정식,H15-SA-05-EQUATION_BASIC,방정식의 풀이,객관식,,ABSENT,,ABSENT,0,36938,f4a5b636761d2fd7d765bbc5c13d442e0ab9d2aa09855dee1932257d8aa570f6,d6cba1f9b49bd85112d364e353a7ac5e1afc07d1510b9cbcf41196c7071cdbda,b56c4e359877e38e339e5cf63bacf3d17b3f658cea50e312f5f52e99b39c9b9c,VISUAL_REQUIRED,ADD_NEW_VISUAL,ADD,GRAPH_OR_FUNCTION_STRUCTURE,NOT_STARTED,NOT_STARTED,NOT_STARTED,NOT_TESTED,NOT_REVIEWED,NOT_STARTED,CANDIDATE_SCOPE_ONLY
archive/exams/original/high/h1/1mid/24_효천고_1학기_중간_고1_기출.js|24_효천고_1학기_중간_고1_기출|1,archive/exams/original/high/h1/1mid/24_효천고_1학기_중간_고1_기출.js,24_효천고_1학기_중간_고1_기출,1,공통수학1,H22-C-05,이차방정식과 이차함수,H22-C-05-QUADRATIC_EQUATION,이차방정식,객관식,,ABSENT,,ABSENT,0,35017,43722861f60db3d0944ff25df0e34d4cdb82e733957b618f438791fd81b86ba6,c6380ee7dbbd9fa213d3cbc68947ea37742da31ac162c96c98510e4b4fec93bd,65b6cb30452f0e79b4d56c1900e9737f9b3e6a051c197458b3313701cb187407,VISUAL_REQUIRED,ADD_NEW_VISUAL,ADD,GRAPH_OR_FUNCTION_STRUCTURE,NOT_STARTED,NOT_STARTED,NOT_STARTED,NOT_TESTED,NOT_REVIEWED,NOT_STARTED,CANDIDATE_SCOPE_ONLY
archive/exams/original/high/h1/1mid/24_효천고_1학기_중간_고1_기출.js|24_효천고_1학기_중간_고1_기출|10,archive/exams/original/high/h1/1mid/24_효천고_1학기_중간_고1_기출.js,24_효천고_1학기_중간_고1_기출,10,공통수학1,H22-C-05,이차방정식과 이차함수,H22-C-05-QUADRATIC_FUNCTION_GRAPH,이차함수의 그래프,객관식,,ABSENT,,ABSENT,0,35017,43722861f60db3d0944ff25df0e34d4cdb82e733957b618f438791fd81b86ba6,bd9ccb9102e0a82ec126ae54fb34adca234f999258605b306379b7b562ff9cad,f226a8efdea8f375563537d47ec28d8499b0b3a011f9080771ba00d8e7b9663d,VISUAL_REQUIRED,ADD_NEW_VISUAL,ADD,GRAPH_OR_FUNCTION_STRUCTURE|COORDINATE_OR_GEOMETRY_STRUCTURE|CASE_OR_BOUNDARY_STRUCTURE,NOT_STARTED,NOT_STARTED,NOT_STARTED,NOT_TESTED,NOT_REVIEWED,NOT_STARTED,CANDIDATE_SCOPE_ONLY
archive/exams/original/high/h1/1mid/24_효천고_1학기_중간_고1_기출.js|24_효천고_1학기_중간_고1_기출|11,archive/exams/original/high/h1/1mid/24_효천고_1학기_중간_고1_기출.js,24_효천고_1학기_중간_고1_기출,11,공통수학1,H22-C-05,이차방정식과 이차함수,H22-C-05-QUADRATIC_FUNCTION_APPLICATION,이차함수의 활용,객관식,,ABSENT,,ABSENT,0,35017,43722861f60db3d0944ff25df0e34d4cdb82e733957b618f438791fd81b86ba6,d51c367c404b812970c1f5c3bbbc59539dbc249a97d0f74dc2b85a684b8dd241,28a79c47cba45da07c1a03da38365eb9875784b3b20370359e045e3db1a32acf,VISUAL_REQUIRED,ADD_NEW_VISUAL,ADD,GRAPH_OR_FUNCTION_STRUCTURE|COORDINATE_OR_GEOMETRY_STRUCTURE|CASE_OR_BOUNDARY_STRUCTURE,NOT_STARTED,NOT_STARTED,NOT_STARTED,NOT_TESTED,NOT_REVIEWED,NOT_STARTED,CANDIDATE_SCOPE_ONLY
archive/exams/original/high/h1/1mid/24_효천고_1학기_중간_고1_기출.js|24_효천고_1학기_중간_고1_기출|13,archive/exams/original/high/h1/1mid/24_효천고_1학기_중간_고1_기출.js,24_효천고_1학기_중간_고1_기출,13,공통수학1,H22-C-05,이차방정식과 이차함수,H22-C-05-QUADRATIC_FUNCTION_APPLICATION,이차함수의 활용,객관식,,ABSENT,,ABSENT,0,35017,43722861f60db3d0944ff25df0e34d4cdb82e733957b618f438791fd81b86ba6,6cb89fc250f78f34841169896a26f3dc352f857f38761ee08eb55d737ad39644,70582ae8b3db5fbf79d3c29175d5117df59d1c3f9aebc1019dc403fe49c855b3,VISUAL_REQUIRED,ADD_NEW_VISUAL,ADD,GRAPH_OR_FUNCTION_STRUCTURE|CASE_OR_BOUNDARY_STRUCTURE,NOT_STARTED,NOT_STARTED,NOT_STARTED,NOT_TESTED,NOT_REVIEWED,NOT_STARTED,CANDIDATE_SCOPE_ONLY
archive/exams/original/high/h1/1mid/24_효천고_1학기_중간_고1_기출.js|24_효천고_1학기_중간_고1_기출|14,archive/exams/original/high/h1/1mid/24_효천고_1학기_중간_고1_기출.js,24_효천고_1학기_중간_고1_기출,14,공통수학1,H22-C-05,이차방정식과 이차함수,H22-C-05-QUADRATIC_EQUATION,이차방정식,객관식,,ABSENT,,ABSENT,0,35017,43722861f60db3d0944ff25df0e34d4cdb82e733957b618f438791fd81b86ba6,06c5959b57a430331eb3f6785feac0e9557f9ea232d76e75d6faa75a283d9844,35fac096537d59102b6c374dbae0c7a2a133f9c162033b7a60eccef45966d236,VISUAL_REQUIRED,ADD_NEW_VISUAL,ADD,GRAPH_OR_FUNCTION_STRUCTURE,NOT_STARTED,NOT_STARTED,NOT_STARTED,NOT_TESTED,NOT_REVIEWED,NOT_STARTED,CANDIDATE_SCOPE_ONLY
archive/exams/original/high/h1/1mid/24_효천고_1학기_중간_고1_기출.js|24_효천고_1학기_중간_고1_기출|16,archive/exams/original/high/h1/1mid/24_효천고_1학기_중간_고1_기출.js,24_효천고_1학기_중간_고1_기출,16,공통수학1,H22-C-05,이차방정식과 이차함수,H22-C-05-QUADRATIC_FUNCTION_APPLICATION,이차함수의 활용,객관식,,ABSENT,,ABSENT,0,35017,43722861f60db3d0944ff25df0e34d4cdb82e733957b618f438791fd81b86ba6,4b33527358d0b44cf197f1738e442413fad67e747659b02ef9e7aa1d4d087e3f,66557af564a94e9e87d010097b83c790a264ee843d3e3dbaf0f28502b1e09f8a,VISUAL_REQUIRED,ADD_NEW_VISUAL,ADD,GRAPH_OR_FUNCTION_STRUCTURE|COORDINATE_OR_GEOMETRY_STRUCTURE|CASE_OR_BOUNDARY_STRUCTURE,NOT_STARTED,NOT_STARTED,NOT_STARTED,NOT_TESTED,NOT_REVIEWED,NOT_STARTED,CANDIDATE_SCOPE_ONLY
archive/exams/original/high/h1/1mid/24_효천고_1학기_중간_고1_기출.js|24_효천고_1학기_중간_고1_기출|19,archive/exams/original/high/h1/1mid/24_효천고_1학기_중간_고1_기출.js,24_효천고_1학기_중간_고1_기출,19,공통수학1,H22-C-05,이차방정식과 이차함수,H22-C-05-QUADRATIC_EQUATION,이차방정식,단답형,,ABSENT,,ABSENT,0,35017,43722861f60db3d0944ff25df0e34d4cdb82e733957b618f438791fd81b86ba6,1d6496705872bc4e281acfa66543f987016e4a281946a2c35554a12747f5caba,2ca1e3cef17069172077ddcf5e9333c2e79265fe0b0a1c3002e4a5a3f95700d7,VISUAL_REQUIRED,ADD_NEW_VISUAL,ADD,GRAPH_OR_FUNCTION_STRUCTURE,NOT_STARTED,NOT_STARTED,NOT_STARTED,NOT_TESTED,NOT_REVIEWED,NOT_STARTED,CANDIDATE_SCOPE_ONLY
archive/exams/original/high/h1/1mid/24_효천고_1학기_중간_고1_기출.js|24_효천고_1학기_중간_고1_기출|21,archive/exams/original/high/h1/1mid/24_효천고_1학기_중간_고1_기출.js,24_효천고_1학기_중간_고1_기출,21,공통수학1,H22-C-05,이차방정식과 이차함수,H22-C-05-QUADRATIC_EQUATION,이차방정식,단답형,,ABSENT,,ABSENT,0,35017,43722861f60db3d0944ff25df0e34d4cdb82e733957b618f438791fd81b86ba6,23af9e6946c3c4c8887c9399aa9c82709e4d6b88a54225e617d04bd46a45dd66,59650d81d7ac4e386ed06283b46b349716257ca15bfb6dfe97bb9e5f359377d9,VISUAL_REQUIRED,ADD_NEW_VISUAL,ADD,GRAPH_OR_FUNCTION_STRUCTURE,NOT_STARTED,NOT_STARTED,NOT_STARTED,NOT_TESTED,NOT_REVIEWED,NOT_STARTED,CANDIDATE_SCOPE_ONLY
archive/exams/original/high/h1/1mid/24_효천고_1학기_중간_고1_기출.js|24_효천고_1학기_중간_고1_기출|22,archive/exams/original/high/h1/1mid/24_효천고_1학기_중간_고1_기출.js,24_효천고_1학기_중간_고1_기출,22,공통수학1,H22-C-05,이차방정식과 이차함수,H22-C-05-QUADRATIC_FUNCTION_APPLICATION,이차함수의 활용,단답형,,ABSENT,,ABSENT,0,35017,43722861f60db3d0944ff25df0e34d4cdb82e733957b618f438791fd81b86ba6,0def43e9d20e70fea5005afc64f67119ee2da7258f2b135d65c7057ce5e3b832,f8f73601510e3953828424193648ea37ea416dea4c3ccad858a4b0f48ffff259,VISUAL_REQUIRED,ADD_NEW_VISUAL,ADD,GRAPH_OR_FUNCTION_STRUCTURE|CASE_OR_BOUNDARY_STRUCTURE,NOT_STARTED,NOT_STARTED,NOT_STARTED,NOT_TESTED,NOT_REVIEWED,NOT_STARTED,CANDIDATE_SCOPE_ONLY
archive/exams/original/high/h1/1mid/24_효천고_1학기_중간_고1_기출.js|24_효천고_1학기_중간_고1_기출|4,archive/exams/original/high/h1/1mid/24_효천고_1학기_중간_고1_기출.js,24_효천고_1학기_중간_고1_기출,4,공통수학1,H22-C-05,이차방정식과 이차함수,H22-C-05-QUADRATIC_EQUATION,이차방정식,객관식,,ABSENT,,ABSENT,0,35017,43722861f60db3d0944ff25df0e34d4cdb82e733957b618f438791fd81b86ba6,086a531ac6a2c1b687371e6e24e3f90deb866045ed3ddf3ae09049e7b326ee86,df5bbffbace0a19578eb2a315cdb496fb641fb4f049390552b531acaee6f1c6a,VISUAL_REQUIRED,ADD_NEW_VISUAL,ADD,GRAPH_OR_FUNCTION_STRUCTURE,NOT_STARTED,NOT_STARTED,NOT_STARTED,NOT_TESTED,NOT_REVIEWED,NOT_STARTED,CANDIDATE_SCOPE_ONLY
archive/exams/original/high/h1/1mid/24_효천고_1학기_중간_고1_기출.js|24_효천고_1학기_중간_고1_기출|8,archive/exams/original/high/h1/1mid/24_효천고_1학기_중간_고1_기출.js,24_효천고_1학기_중간_고1_기출,8,공통수학1,H22-C-05,이차방정식과 이차함수,H22-C-05-QUADRATIC_FUNCTION_APPLICATION,이차함수의 활용,객관식,,ABSENT,,ABSENT,0,35017,43722861f60db3d0944ff25df0e34d4cdb82e733957b618f438791fd81b86ba6,17ec98000efba86864a967dcf5db4c41a2e2ef33f4acb870265614661718c49a,543d185aaf2f027a89bf700b01b6622035852086a0caff2e2b422da42ca9da28,VISUAL_REQUIRED,ADD_NEW_VISUAL,ADD,GRAPH_OR_FUNCTION_STRUCTURE|CASE_OR_BOUNDARY_STRUCTURE,NOT_STARTED,NOT_STARTED,NOT_STARTED,NOT_TESTED,NOT_REVIEWED,NOT_STARTED,CANDIDATE_SCOPE_ONLY
archive/exams/original/high/h1/1mid/25_강남여고_1학기_중간_고1_기출.js|25_강남여고_1학기_중간_고1_기출|11,archive/exams/original/high/h1/1mid/25_강남여고_1학기_중간_고1_기출.js,25_강남여고_1학기_중간_고1_기출,11,수학(상),H15-SA-05,이차방정식,H15-SA-05-DISCRIMINANT,판별식과 근의 조건,객관식,,ABSENT,,ABSENT,0,38968,f2bb572862a82daf05bda742cfe2d7f30b7f7e79e39179fdb1daf312c75d09e7,7e421a54ea8b2d6d349a708e328d6de6d78f512580ce9d606e7b5f47d2c751a3,708308140277f2e6978f5a687c3ed2197165a086be5d3d01ab825956a58abe0e,VISUAL_REQUIRED,ADD_NEW_VISUAL,ADD,GRAPH_OR_FUNCTION_STRUCTURE,NOT_STARTED,NOT_STARTED,NOT_STARTED,NOT_TESTED,NOT_REVIEWED,NOT_STARTED,CANDIDATE_SCOPE_ONLY
archive/exams/original/high/h1/1mid/25_강남여고_1학기_중간_고1_기출.js|25_강남여고_1학기_중간_고1_기출|12,archive/exams/original/high/h1/1mid/25_강남여고_1학기_중간_고1_기출.js,25_강남여고_1학기_중간_고1_기출,12,수학(상),H15-SA-05,이차방정식,H15-SA-05-EQUATION_BASIC,방정식의 풀이,객관식,,ABSENT,,ABSENT,0,38968,f2bb572862a82daf05bda742cfe2d7f30b7f7e79e39179fdb1daf312c75d09e7,cb1ff8678030dab8dfb8bcc645d57eb984fe6bbef1750ef934918ccf82c2aad5,ed6baabb960fefb5f76b055653bb34d6cd78ee9915f4896f58ab7c53a966912a,VISUAL_REQUIRED,ADD_NEW_VISUAL,ADD,GRAPH_OR_FUNCTION_STRUCTURE,NOT_STARTED,NOT_STARTED,NOT_STARTED,NOT_TESTED,NOT_REVIEWED,NOT_STARTED,CANDIDATE_SCOPE_ONLY
archive/exams/original/high/h1/1mid/25_강남여고_1학기_중간_고1_기출.js|25_강남여고_1학기_중간_고1_기출|13,archive/exams/original/high/h1/1mid/25_강남여고_1학기_중간_고1_기출.js,25_강남여고_1학기_중간_고1_기출,13,수학(상),H15-SA-05,이차방정식,H15-SA-05-EQUATION_BASIC,방정식의 풀이,객관식,,ABSENT,,ABSENT,0,38968,f2bb572862a82daf05bda742cfe2d7f30b7f7e79e39179fdb1daf312c75d09e7,4220f646a9ea406ceb7592fa999bcf8cc525e1eefb9f28b15cef76c27398e728,2dd5599bd3ccf43f08c8dd4c73952179561bdd3713e58aac748b9c7a6d534da3,VISUAL_REQUIRED,ADD_NEW_VISUAL,ADD,GRAPH_OR_FUNCTION_STRUCTURE,NOT_STARTED,NOT_STARTED,NOT_STARTED,NOT_TESTED,NOT_REVIEWED,NOT_STARTED,CANDIDATE_SCOPE_ONLY
archive/exams/original/high/h1/1mid/25_강남여고_1학기_중간_고1_기출.js|25_강남여고_1학기_중간_고1_기출|14,archive/exams/original/high/h1/1mid/25_강남여고_1학기_중간_고1_기출.js,25_강남여고_1학기_중간_고1_기출,14,수학(상),H15-SA-13,이차함수,H15-SA-13-QUADRATIC_APPLICATION,이차함수의 활용,객관식,,ABSENT,,ABSENT,0,38968,f2bb572862a82daf05bda742cfe2d7f30b7f7e79e39179fdb1daf312c75d09e7,3f1e68e6307446feba8ce065ecf2a444b5fb9ee8d9e4c342621e89b463d7cff3,ef2faae86864c9d34c0e771b3c25e3e74b7f3c93ddd7bda4ca16d2a42d96b82c,VISUAL_REQUIRED,ADD_NEW_VISUAL,ADD,GRAPH_OR_FUNCTION_STRUCTURE|COORDINATE_OR_GEOMETRY_STRUCTURE,NOT_STARTED,NOT_STARTED,NOT_STARTED,NOT_TESTED,NOT_REVIEWED,NOT_STARTED,CANDIDATE_SCOPE_ONLY
archive/exams/original/high/h1/1mid/25_강남여고_1학기_중간_고1_기출.js|25_강남여고_1학기_중간_고1_기출|19,archive/exams/original/high/h1/1mid/25_강남여고_1학기_중간_고1_기출.js,25_강남여고_1학기_중간_고1_기출,19,수학(상),H15-SA-13,이차함수,H15-SA-13-QUADRATIC_APPLICATION,이차함수의 활용,객관식,,ABSENT,,ABSENT,0,38968,f2bb572862a82daf05bda742cfe2d7f30b7f7e79e39179fdb1daf312c75d09e7,0819bdd723c9c9dcc7e7beec09fcafd5908ebfaecd96f6daa2f624f9f5764a5e,f7eb8dd7bf3f522b7239560bef4aa9a65dbcae8bd5ffb35eeff7e4ac916431b0,VISUAL_REQUIRED,ADD_NEW_VISUAL,ADD,GRAPH_OR_FUNCTION_STRUCTURE|COORDINATE_OR_GEOMETRY_STRUCTURE,NOT_STARTED,NOT_STARTED,NOT_STARTED,NOT_TESTED,NOT_REVIEWED,NOT_STARTED,CANDIDATE_SCOPE_ONLY
archive/exams/original/high/h1/1mid/25_강남여고_1학기_중간_고1_기출.js|25_강남여고_1학기_중간_고1_기출|20,archive/exams/original/high/h1/1mid/25_강남여고_1학기_중간_고1_기출.js,25_강남여고_1학기_중간_고1_기출,20,수학(상),H15-SA-05,이차방정식,H15-SA-05-DISCRIMINANT,판별식과 근의 조건,객관식,,ABSENT,,ABSENT,0,38968,f2bb572862a82daf05bda742cfe2d7f30b7f7e79e39179fdb1daf312c75d09e7,859d68bf5ab151f144c607777161cc0245689450dbaff3e7ce8c25706320042c,9d094a0cb7fb87c97f48c693fea0b67992c30dce65b0168e27a040c6f1013181,VISUAL_REQUIRED,ADD_NEW_VISUAL,ADD,GRAPH_OR_FUNCTION_STRUCTURE,NOT_STARTED,NOT_STARTED,NOT_STARTED,NOT_TESTED,NOT_REVIEWED,NOT_STARTED,CANDIDATE_SCOPE_ONLY
archive/exams/original/high/h1/1mid/25_강남여고_1학기_중간_고1_기출.js|25_강남여고_1학기_중간_고1_기출|23,archive/exams/original/high/h1/1mid/25_강남여고_1학기_중간_고1_기출.js,25_강남여고_1학기_중간_고1_기출,23,수학(상),H15-SA-05,이차방정식,H15-SA-05-DISCRIMINANT,판별식과 근의 조건,단답형,,ABSENT,,ABSENT,0,38968,f2bb572862a82daf05bda742cfe2d7f30b7f7e79e39179fdb1daf312c75d09e7,033222054cff4cfd8a862d067c81aa46190704d5bf2bbfe8737f26a3b6dc1478,0dfaff122769a6edf416360236bb968227922f358e12feac959b6cfe8dff0085,VISUAL_REQUIRED,ADD_NEW_VISUAL,ADD,GRAPH_OR_FUNCTION_STRUCTURE|CASE_OR_BOUNDARY_STRUCTURE,NOT_STARTED,NOT_STARTED,NOT_STARTED,NOT_TESTED,NOT_REVIEWED,NOT_STARTED,CANDIDATE_SCOPE_ONLY
archive/exams/original/high/h1/1mid/25_강남여고_1학기_중간_고1_기출.js|25_강남여고_1학기_중간_고1_기출|24,archive/exams/original/high/h1/1mid/25_강남여고_1학기_중간_고1_기출.js,25_강남여고_1학기_중간_고1_기출,24,수학(상),H15-SA-13,이차함수,H15-SA-13-QUADRATIC_GRAPH,이차함수의 그래프,단답형,,ABSENT,,ABSENT,0,38968,f2bb572862a82daf05bda742cfe2d7f30b7f7e79e39179fdb1daf312c75d09e7,a9db175889ee99b0229e06a86199ebcda6c126d9f2d15377f3c168c057bb9dac,eb88bfd190bf05ac270a42e1f8a0ca984f5ab112f328d50db6d003352a98aed0,VISUAL_REQUIRED,ADD_NEW_VISUAL,ADD,GRAPH_OR_FUNCTION_STRUCTURE|COORDINATE_OR_GEOMETRY_STRUCTURE,NOT_STARTED,NOT_STARTED,NOT_STARTED,NOT_TESTED,NOT_REVIEWED,NOT_STARTED,CANDIDATE_SCOPE_ONLY
archive/exams/original/high/h1/1mid/25_강남여고_1학기_중간_고1_기출.js|25_강남여고_1학기_중간_고1_기출|4,archive/exams/original/high/h1/1mid/25_강남여고_1학기_중간_고1_기출.js,25_강남여고_1학기_중간_고1_기출,4,수학(상),H15-SA-05,이차방정식,H15-SA-05-QUADRATIC_SOLVING,이차방정식의 풀이,객관식,,ABSENT,,ABSENT,0,38968,f2bb572862a82daf05bda742cfe2d7f30b7f7e79e39179fdb1daf312c75d09e7,ad00e60dd03b0312d05dc01de28862d90c13f12960f8a6bdd6acee4f025ae877,2601ba264653c3661c10768ced93156d7fa1ab06c3a7f9f937a5e997e62eb2bd,VISUAL_REQUIRED,ADD_NEW_VISUAL,ADD,GRAPH_OR_FUNCTION_STRUCTURE,NOT_STARTED,NOT_STARTED,NOT_STARTED,NOT_TESTED,NOT_REVIEWED,NOT_STARTED,CANDIDATE_SCOPE_ONLY
archive/exams/original/high/h1/1mid/25_강남여고_1학기_중간_고1_기출.js|25_강남여고_1학기_중간_고1_기출|7,archive/exams/original/high/h1/1mid/25_강남여고_1학기_중간_고1_기출.js,25_강남여고_1학기_중간_고1_기출,7,수학(상),H15-SA-05,이차방정식,H15-SA-05-EQUATION_BASIC,방정식의 풀이,객관식,,ABSENT,,ABSENT,0,38968,f2bb572862a82daf05bda742cfe2d7f30b7f7e79e39179fdb1daf312c75d09e7,cd404a995c7b716b50670029b8c6076e192680f7de4cbd87dc4d459998956516,df4a560f9fc1b0c632f1c2d8ca7ceef9f6ee8338ba6db76781e4642f2fca6824,VISUAL_REQUIRED,ADD_NEW_VISUAL,ADD,GRAPH_OR_FUNCTION_STRUCTURE,NOT_STARTED,NOT_STARTED,NOT_STARTED,NOT_TESTED,NOT_REVIEWED,NOT_STARTED,CANDIDATE_SCOPE_ONLY
archive/exams/original/high/h1/1mid/25_강남여고_1학기_중간_고1_기출.js|25_강남여고_1학기_중간_고1_기출|8,archive/exams/original/high/h1/1mid/25_강남여고_1학기_중간_고1_기출.js,25_강남여고_1학기_중간_고1_기출,8,수학(상),H15-SA-13,이차함수,H15-SA-13-QUADRATIC_APPLICATION,이차함수의 활용,객관식,,ABSENT,,ABSENT,0,38968,f2bb572862a82daf05bda742cfe2d7f30b7f7e79e39179fdb1daf312c75d09e7,6ee0bfbe5a99cb5cb1585ac999c39114a0173000eed1f96e2846c7435bc461ea,13ec15db6dc0df5a39025181edaf7e980d122d39be65c0541a4cfe8f3c446370,VISUAL_REQUIRED,ADD_NEW_VISUAL,ADD,GRAPH_OR_FUNCTION_STRUCTURE,NOT_STARTED,NOT_STARTED,NOT_STARTED,NOT_TESTED,NOT_REVIEWED,NOT_STARTED,CANDIDATE_SCOPE_ONLY
archive/exams/original/high/h1/1mid/25_금당고_1학기_중간_고1_기출.js|25_금당고_1학기_중간_고1_기출|14,archive/exams/original/high/h1/1mid/25_금당고_1학기_중간_고1_기출.js,25_금당고_1학기_중간_고1_기출,14,수학(상),H15-SA-05,이차방정식,H15-SA-05-EQUATION_FUNCTION_RELATION,이차방정식과 이차함수의 관계,객관식,,ABSENT,,ABSENT,0,43360,9187f01806b1df9b1eaf48c9be6214f4add38e9a15cb88e47a9387749ea8041b,b2245d3376779f35cc0b2fda5a20c5428bffdf8f2000ae3c7601633ad9ddacf2,94874f1af669df388d37d9db4dfc5752b011e83f70f9054f4e6622226762850e,VISUAL_REQUIRED,ADD_NEW_VISUAL,ADD,GRAPH_OR_FUNCTION_STRUCTURE,NOT_STARTED,NOT_STARTED,NOT_STARTED,NOT_TESTED,NOT_REVIEWED,NOT_STARTED,CANDIDATE_SCOPE_ONLY
archive/exams/original/high/h1/1mid/25_금당고_1학기_중간_고1_기출.js|25_금당고_1학기_중간_고1_기출|16,archive/exams/original/high/h1/1mid/25_금당고_1학기_중간_고1_기출.js,25_금당고_1학기_중간_고1_기출,16,수학(상),H15-SA-05,이차방정식,H15-SA-05-EQUATION_BASIC,방정식의 풀이,객관식,,ABSENT,,ABSENT,0,43360,9187f01806b1df9b1eaf48c9be6214f4add38e9a15cb88e47a9387749ea8041b,94574f21267be73b783e217a2eae8fb49515971214d8bf423177f2603d2645ff,adb1d3da847539e9b9d7c8c011b4f65be560f631016ba6c4458c7d1229bbe067,VISUAL_REQUIRED,ADD_NEW_VISUAL,ADD,GRAPH_OR_FUNCTION_STRUCTURE,NOT_STARTED,NOT_STARTED,NOT_STARTED,NOT_TESTED,NOT_REVIEWED,NOT_STARTED,CANDIDATE_SCOPE_ONLY
archive/exams/original/high/h1/1mid/25_금당고_1학기_중간_고1_기출.js|25_금당고_1학기_중간_고1_기출|20,archive/exams/original/high/h1/1mid/25_금당고_1학기_중간_고1_기출.js,25_금당고_1학기_중간_고1_기출,20,수학(상),H15-SA-13,이차함수,H15-SA-13-QUADRATIC_APPLICATION,이차함수의 활용,객관식,,ABSENT,,ABSENT,1,43360,9187f01806b1df9b1eaf48c9be6214f4add38e9a15cb88e47a9387749ea8041b,9b56d2b7d34cf7a41d9fb4e02d70d08de7d5f1308df4553730c17d2e20413deb,6569f0729db099c0a24a7a464a2e4ec42d169b49fa69788f183b119fc1169f7b,VISUAL_REQUIRED,REBUILD_EXISTING,REBUILD,CURRENT_SOLUTION_VISUAL_PRESENT,NOT_STARTED,NOT_STARTED,NOT_STARTED,NOT_TESTED,NOT_REVIEWED,NOT_STARTED,CANDIDATE_SCOPE_ONLY
archive/exams/original/high/h1/1mid/25_금당고_1학기_중간_고1_기출.js|25_금당고_1학기_중간_고1_기출|22,archive/exams/original/high/h1/1mid/25_금당고_1학기_중간_고1_기출.js,25_금당고_1학기_중간_고1_기출,22,수학(상),H15-SA-13,이차함수,H15-SA-13-QUADRATIC_APPLICATION,이차함수의 활용,서술형,,ABSENT,,ABSENT,1,43360,9187f01806b1df9b1eaf48c9be6214f4add38e9a15cb88e47a9387749ea8041b,b91e949d8003bbabbc01ffea35fa7deda6ed1a005d1bc3b9906db4c8818f6a3b,bb26196f485f08bd63437273f92b04085c486f1fd7f371db3058a33a95ad0fe5,VISUAL_REQUIRED,REBUILD_EXISTING,REBUILD,CURRENT_SOLUTION_VISUAL_PRESENT,NOT_STARTED,NOT_STARTED,NOT_STARTED,NOT_TESTED,NOT_REVIEWED,NOT_STARTED,CANDIDATE_SCOPE_ONLY
archive/exams/original/high/h1/1mid/25_금당고_1학기_중간_고1_기출.js|25_금당고_1학기_중간_고1_기출|5,archive/exams/original/high/h1/1mid/25_금당고_1학기_중간_고1_기출.js,25_금당고_1학기_중간_고1_기출,5,수학(상),H15-SA-13,이차함수,H15-SA-13-QUADRATIC_GRAPH,이차함수의 그래프,객관식,,ABSENT,,ABSENT,0,43360,9187f01806b1df9b1eaf48c9be6214f4add38e9a15cb88e47a9387749ea8041b,d6ce1398fa2eb2486e956c152cc77812c09c7041bf7334f7d7e9aca6f5545702,da3a7a79b138e964693fcc3d11df867f7fc018f02e72259b94bf4232db76f664,VISUAL_REQUIRED,ADD_NEW_VISUAL,ADD,GRAPH_OR_FUNCTION_STRUCTURE,NOT_STARTED,NOT_STARTED,NOT_STARTED,NOT_TESTED,NOT_REVIEWED,NOT_STARTED,CANDIDATE_SCOPE_ONLY
archive/exams/original/high/h1/1mid/25_매산고_1학기_중간_고1_기출.js|25_매산고_1학기_중간_고1_기출|10,archive/exams/original/high/h1/1mid/25_매산고_1학기_중간_고1_기출.js,25_매산고_1학기_중간_고1_기출,10,공통수학1,H22-C-05,이차방정식과 이차함수,H22-C-05-QUADRATIC_FUNCTION_GRAPH,이차함수의 그래프,객관식,,ABSENT,,ABSENT,0,46965,86ff149b9ffeee4b740e8859ed991ae739b2a6a21b32d81378aa63032dcd0a62,74a52c646ed99a1be75164c4fb09dbb4ce03c5056e845ce251cd7939e8a7a115,e729b826759d1c5a8a50dfe49bb09854c131d881921f7cfaf3447c751bd171e8,VISUAL_REQUIRED,ADD_NEW_VISUAL,ADD,GRAPH_OR_FUNCTION_STRUCTURE|COORDINATE_OR_GEOMETRY_STRUCTURE|CASE_OR_BOUNDARY_STRUCTURE,NOT_STARTED,NOT_STARTED,NOT_STARTED,NOT_TESTED,NOT_REVIEWED,NOT_STARTED,CANDIDATE_SCOPE_ONLY
archive/exams/original/high/h1/1mid/25_매산고_1학기_중간_고1_기출.js|25_매산고_1학기_중간_고1_기출|11,archive/exams/original/high/h1/1mid/25_매산고_1학기_중간_고1_기출.js,25_매산고_1학기_중간_고1_기출,11,공통수학1,H22-C-05,이차방정식과 이차함수,H22-C-05-QUADRATIC_FUNCTION_APPLICATION,이차함수의 활용,객관식,,ABSENT,,ABSENT,0,46965,86ff149b9ffeee4b740e8859ed991ae739b2a6a21b32d81378aa63032dcd0a62,2ece6a4331940d4abce811b36a29c5acaa91c274813c75eef5060e789f9bffc6,f4b9602236f45409dd1dffb73f486337017d027319574fd53584a8e03f2e0b1f,VISUAL_REQUIRED,ADD_NEW_VISUAL,ADD,GRAPH_OR_FUNCTION_STRUCTURE|COORDINATE_OR_GEOMETRY_STRUCTURE|CASE_OR_BOUNDARY_STRUCTURE,NOT_STARTED,NOT_STARTED,NOT_STARTED,NOT_TESTED,NOT_REVIEWED,NOT_STARTED,CANDIDATE_SCOPE_ONLY
archive/exams/original/high/h1/1mid/25_매산고_1학기_중간_고1_기출.js|25_매산고_1학기_중간_고1_기출|12,archive/exams/original/high/h1/1mid/25_매산고_1학기_중간_고1_기출.js,25_매산고_1학기_중간_고1_기출,12,공통수학1,H22-C-05,이차방정식과 이차함수,H22-C-05-QUADRATIC_FUNCTION_APPLICATION,이차함수의 활용,객관식,,ABSENT,,ABSENT,0,46965,86ff149b9ffeee4b740e8859ed991ae739b2a6a21b32d81378aa63032dcd0a62,83fc2bcbb7569ece2bcc4de8dcca28e4cffdc17c55068f0f4bf77775e7eaed71,9f04a96aee046efb1327466f3760159350155d179124aa8e3b9386c7d2188b79,VISUAL_REQUIRED,ADD_NEW_VISUAL,ADD,GRAPH_OR_FUNCTION_STRUCTURE|NUMBER_LINE_OR_INEQUALITY_STRUCTURE|COORDINATE_OR_GEOMETRY_STRUCTURE|CASE_OR_BOUNDARY_STRUCTURE,NOT_STARTED,NOT_STARTED,NOT_STARTED,NOT_TESTED,NOT_REVIEWED,NOT_STARTED,CANDIDATE_SCOPE_ONLY
archive/exams/original/high/h1/1mid/25_매산고_1학기_중간_고1_기출.js|25_매산고_1학기_중간_고1_기출|15,archive/exams/original/high/h1/1mid/25_매산고_1학기_중간_고1_기출.js,25_매산고_1학기_중간_고1_기출,15,공통수학1,H22-C-05,이차방정식과 이차함수,H22-C-05-QUADRATIC_FUNCTION_GRAPH,이차함수의 그래프,객관식,,ABSENT,,ABSENT,0,46965,86ff149b9ffeee4b740e8859ed991ae739b2a6a21b32d81378aa63032dcd0a62,59054f7a03bab2ab1a9e90eedc8310afb7423bfb064be7f68b338f862ba6297e,508cf35a38af6e608f63a36e7746cda663b105378cba6afa50e152fcbac872d2,VISUAL_REQUIRED,ADD_NEW_VISUAL,ADD,GRAPH_OR_FUNCTION_STRUCTURE|NUMBER_LINE_OR_INEQUALITY_STRUCTURE|COORDINATE_OR_GEOMETRY_STRUCTURE|CASE_OR_BOUNDARY_STRUCTURE,NOT_STARTED,NOT_STARTED,NOT_STARTED,NOT_TESTED,NOT_REVIEWED,NOT_STARTED,CANDIDATE_SCOPE_ONLY
archive/exams/original/high/h1/1mid/25_매산고_1학기_중간_고1_기출.js|25_매산고_1학기_중간_고1_기출|17,archive/exams/original/high/h1/1mid/25_매산고_1학기_중간_고1_기출.js,25_매산고_1학기_중간_고1_기출,17,공통수학1,H22-C-05,이차방정식과 이차함수,H22-C-05-QUADRATIC_EQUATION,이차방정식,단답형,,ABSENT,,ABSENT,0,46965,86ff149b9ffeee4b740e8859ed991ae739b2a6a21b32d81378aa63032dcd0a62,c8f2784325449ada2fff1b5f2d5b831ee1433e0106d5c54de2a1e1b7c8a46f9c,8b7e2bb9ca3241b876b38595981030498b2f60fee37f5f0dc32ba71757a9970e,VISUAL_REQUIRED,ADD_NEW_VISUAL,ADD,GRAPH_OR_FUNCTION_STRUCTURE|NUMBER_LINE_OR_INEQUALITY_STRUCTURE,NOT_STARTED,NOT_STARTED,NOT_STARTED,NOT_TESTED,NOT_REVIEWED,NOT_STARTED,CANDIDATE_SCOPE_ONLY
archive/exams/original/high/h1/1mid/25_매산고_1학기_중간_고1_기출.js|25_매산고_1학기_중간_고1_기출|18,archive/exams/original/high/h1/1mid/25_매산고_1학기_중간_고1_기출.js,25_매산고_1학기_중간_고1_기출,18,공통수학1,H22-C-05,이차방정식과 이차함수,H22-C-05-QUADRATIC_FUNCTION_APPLICATION,이차함수의 활용,단답형,,ABSENT,,ABSENT,0,46965,86ff149b9ffeee4b740e8859ed991ae739b2a6a21b32d81378aa63032dcd0a62,4a627c66bd8b0b84be6bb3c678d2951114c9b76ae80355ac3e8e475d61957edc,cdce8abd268f11ef366e1f5778116d3d36a2c012045802ab11fba6a0fc1e3a9f,VISUAL_REQUIRED,ADD_NEW_VISUAL,ADD,GRAPH_OR_FUNCTION_STRUCTURE|COORDINATE_OR_GEOMETRY_STRUCTURE|CASE_OR_BOUNDARY_STRUCTURE,NOT_STARTED,NOT_STARTED,NOT_STARTED,NOT_TESTED,NOT_REVIEWED,NOT_STARTED,CANDIDATE_SCOPE_ONLY
archive/exams/original/high/h1/1mid/25_매산고_1학기_중간_고1_기출.js|25_매산고_1학기_중간_고1_기출|2,archive/exams/original/high/h1/1mid/25_매산고_1학기_중간_고1_기출.js,25_매산고_1학기_중간_고1_기출,2,공통수학1,H22-C-05,이차방정식과 이차함수,H22-C-05-QUADRATIC_EQUATION,이차방정식,객관식,,ABSENT,,ABSENT,0,46965,86ff149b9ffeee4b740e8859ed991ae739b2a6a21b32d81378aa63032dcd0a62,46341c4892e9d29b85c6263f87b35e7435d2d6850ef8e4dc6f1a66cf95438f40,5cee7d4986856983761be025fd35909165f9fe3ef3da93af6844d2041e04ac28,VISUAL_REQUIRED,ADD_NEW_VISUAL,ADD,GRAPH_OR_FUNCTION_STRUCTURE,NOT_STARTED,NOT_STARTED,NOT_STARTED,NOT_TESTED,NOT_REVIEWED,NOT_STARTED,CANDIDATE_SCOPE_ONLY
archive/exams/original/high/h1/1mid/25_매산고_1학기_중간_고1_기출.js|25_매산고_1학기_중간_고1_기출|20,archive/exams/original/high/h1/1mid/25_매산고_1학기_중간_고1_기출.js,25_매산고_1학기_중간_고1_기출,20,공통수학1,H22-C-05,이차방정식과 이차함수,H22-C-05-QUADRATIC_FUNCTION_GRAPH,이차함수의 그래프,서술형,,ABSENT,,ABSENT,0,46965,86ff149b9ffeee4b740e8859ed991ae739b2a6a21b32d81378aa63032dcd0a62,3a6f2c2a7e2e1d5b37b48626f44f25431a83b31f08aa3ad6fa15508c17547073,1dbec000f5f4fa539cebb2650de0b161eeafa036577d9c6477ca27cb5d5d9705,VISUAL_REQUIRED,ADD_NEW_VISUAL,ADD,GRAPH_OR_FUNCTION_STRUCTURE|COORDINATE_OR_GEOMETRY_STRUCTURE,NOT_STARTED,NOT_STARTED,NOT_STARTED,NOT_TESTED,NOT_REVIEWED,NOT_STARTED,CANDIDATE_SCOPE_ONLY
archive/exams/original/high/h1/1mid/25_매산고_1학기_중간_고1_기출.js|25_매산고_1학기_중간_고1_기출|4,archive/exams/original/high/h1/1mid/25_매산고_1학기_중간_고1_기출.js,25_매산고_1학기_중간_고1_기출,4,공통수학1,H22-C-05,이차방정식과 이차함수,H22-C-05-QUADRATIC_FUNCTION_GRAPH,이차함수의 그래프,객관식,,ABSENT,,ABSENT,0,46965,86ff149b9ffeee4b740e8859ed991ae739b2a6a21b32d81378aa63032dcd0a62,816b04b2db8755817f8f067141656de10ad394f975c13abf8fb1e6b7b593bf6b,6c5af71488a0a31b59044ea281aa6f5874dee00acaa537e6549dec2e79cb275a,VISUAL_REQUIRED,ADD_NEW_VISUAL,ADD,GRAPH_OR_FUNCTION_STRUCTURE,NOT_STARTED,NOT_STARTED,NOT_STARTED,NOT_TESTED,NOT_REVIEWED,NOT_STARTED,CANDIDATE_SCOPE_ONLY
archive/exams/original/high/h1/1mid/25_매산고_1학기_중간_고1_기출.js|25_매산고_1학기_중간_고1_기출|7,archive/exams/original/high/h1/1mid/25_매산고_1학기_중간_고1_기출.js,25_매산고_1학기_중간_고1_기출,7,공통수학1,H22-C-05,이차방정식과 이차함수,H22-C-05-EQUATION_BASIC,방정식의 풀이,객관식,,ABSENT,,ABSENT,0,46965,86ff149b9ffeee4b740e8859ed991ae739b2a6a21b32d81378aa63032dcd0a62,0313a8b6cadaa51b841f7725325bc049a3a7942d49e9c79f505ff4d9315305db,ff43663978a48fc86008eaccc1613ef7cc5c4cfd8a4cef298bf1b2d0d5576a51,VISUAL_REQUIRED,ADD_NEW_VISUAL,ADD,GRAPH_OR_FUNCTION_STRUCTURE,NOT_STARTED,NOT_STARTED,NOT_STARTED,NOT_TESTED,NOT_REVIEWED,NOT_STARTED,CANDIDATE_SCOPE_ONLY
archive/exams/original/high/h1/1mid/25_매산고_1학기_중간_고1_기출.js|25_매산고_1학기_중간_고1_기출|8,archive/exams/original/high/h1/1mid/25_매산고_1학기_중간_고1_기출.js,25_매산고_1학기_중간_고1_기출,8,공통수학1,H22-C-05,이차방정식과 이차함수,H22-C-05-QUADRATIC_FUNCTION_APPLICATION,이차함수의 활용,객관식,,ABSENT,,ABSENT,0,46965,86ff149b9ffeee4b740e8859ed991ae739b2a6a21b32d81378aa63032dcd0a62,7d2a4ecfee45fafe569b82eee6a889b0838769092ef0ca29d0ffb34ff05274cb,2394ec397310bafcd8dcedf8edefc1f97b120f6ebc3f3c39e6e44e8caf8b873c,VISUAL_REQUIRED,ADD_NEW_VISUAL,ADD,GRAPH_OR_FUNCTION_STRUCTURE|NUMBER_LINE_OR_INEQUALITY_STRUCTURE|CASE_OR_BOUNDARY_STRUCTURE,NOT_STARTED,NOT_STARTED,NOT_STARTED,NOT_TESTED,NOT_REVIEWED,NOT_STARTED,CANDIDATE_SCOPE_ONLY
archive/exams/original/high/h1/1mid/25_순천여고_1학기_중간_고1_기출.js|25_순천여고_1학기_중간_고1_기출|10,archive/exams/original/high/h1/1mid/25_순천여고_1학기_중간_고1_기출.js,25_순천여고_1학기_중간_고1_기출,10,공통수학1,H22-C-05,이차방정식과 이차함수,H22-C-05-QUADRATIC_EQUATION,이차방정식,객관식,,ABSENT,,ABSENT,0,37190,57d4f5a78ffcfaf97e3c4240879dfa0375ff581d3afc7c93194f125574f7ce4c,1a0d7eb2ac11461d277be7603b16705cc802bbe3e3d680af88c89eaa88bef595,2f10f455fc7c281adaaa18dfd417e5fce23f035382b2adc1a53280384d6d8c32,VISUAL_REQUIRED,ADD_NEW_VISUAL,ADD,GRAPH_OR_FUNCTION_STRUCTURE|NUMBER_LINE_OR_INEQUALITY_STRUCTURE|CASE_OR_BOUNDARY_STRUCTURE,NOT_STARTED,NOT_STARTED,NOT_STARTED,NOT_TESTED,NOT_REVIEWED,NOT_STARTED,CANDIDATE_SCOPE_ONLY
archive/exams/original/high/h1/1mid/25_순천여고_1학기_중간_고1_기출.js|25_순천여고_1학기_중간_고1_기출|14,archive/exams/original/high/h1/1mid/25_순천여고_1학기_중간_고1_기출.js,25_순천여고_1학기_중간_고1_기출,14,공통수학1,H22-C-05,이차방정식과 이차함수,H22-C-05-QUADRATIC_EQUATION,이차방정식,객관식,,ABSENT,,ABSENT,0,37190,57d4f5a78ffcfaf97e3c4240879dfa0375ff581d3afc7c93194f125574f7ce4c,6ffd92ba1b5d0713ed1b991d46ff96cdb1aa4da4c678a62056f702f9541cab8c,a9f32fcf7f4309fbc66aac8b984153312ca96c2c860bb76597d0f309376c943d,VISUAL_REQUIRED,ADD_NEW_VISUAL,ADD,GRAPH_OR_FUNCTION_STRUCTURE,NOT_STARTED,NOT_STARTED,NOT_STARTED,NOT_TESTED,NOT_REVIEWED,NOT_STARTED,CANDIDATE_SCOPE_ONLY
archive/exams/original/high/h1/1mid/25_순천여고_1학기_중간_고1_기출.js|25_순천여고_1학기_중간_고1_기출|16,archive/exams/original/high/h1/1mid/25_순천여고_1학기_중간_고1_기출.js,25_순천여고_1학기_중간_고1_기출,16,공통수학1,H22-C-06,여러 가지 방정식과 부등식,H22-C-06-HIGHER_INEQUALITY,여러 가지 부등식,객관식,,ABSENT,,ABSENT,0,37190,57d4f5a78ffcfaf97e3c4240879dfa0375ff581d3afc7c93194f125574f7ce4c,eb52b8c1e56213c619bbacf99b9b8143394a6e67cfd735ba2a0e92a1b2bce6d3,9da3715451da0d43712dea28372decdb5f49d21216b586e8f055c250a621583a,VISUAL_REQUIRED,ADD_NEW_VISUAL,ADD,GRAPH_OR_FUNCTION_STRUCTURE|NUMBER_LINE_OR_INEQUALITY_STRUCTURE|COORDINATE_OR_GEOMETRY_STRUCTURE|CASE_OR_BOUNDARY_STRUCTURE,NOT_STARTED,NOT_STARTED,NOT_STARTED,NOT_TESTED,NOT_REVIEWED,NOT_STARTED,CANDIDATE_SCOPE_ONLY
archive/exams/original/high/h1/1mid/25_순천여고_1학기_중간_고1_기출.js|25_순천여고_1학기_중간_고1_기출|19,archive/exams/original/high/h1/1mid/25_순천여고_1학기_중간_고1_기출.js,25_순천여고_1학기_중간_고1_기출,19,공통수학1,H22-C-05,이차방정식과 이차함수,H22-C-05-QUADRATIC_EQUATION,이차방정식,서술형,,ABSENT,,ABSENT,0,37190,57d4f5a78ffcfaf97e3c4240879dfa0375ff581d3afc7c93194f125574f7ce4c,ce4475dcb0857cd72a738cfe3748ae6cbdd93b38e0dfdbd8e847597e733383f1,4afe1b3af59ba6269a743adf9f95c358cd56b79fbfcbb8a3ace27447b646fd3d,VISUAL_REQUIRED,ADD_NEW_VISUAL,ADD,GRAPH_OR_FUNCTION_STRUCTURE|CASE_OR_BOUNDARY_STRUCTURE,NOT_STARTED,NOT_STARTED,NOT_STARTED,NOT_TESTED,NOT_REVIEWED,NOT_STARTED,CANDIDATE_SCOPE_ONLY
archive/exams/original/high/h1/1mid/25_순천여고_1학기_중간_고1_기출.js|25_순천여고_1학기_중간_고1_기출|20,archive/exams/original/high/h1/1mid/25_순천여고_1학기_중간_고1_기출.js,25_순천여고_1학기_중간_고1_기출,20,공통수학1,H22-C-05,이차방정식과 이차함수,H22-C-05-EQUATION_BASIC,방정식의 풀이,서술형,,ABSENT,,ABSENT,0,37190,57d4f5a78ffcfaf97e3c4240879dfa0375ff581d3afc7c93194f125574f7ce4c,4c55d3dea4137ceadedb667fd7eaa4e33a78706bbc726b095ba897bd9b85f1b7,fc98b11be382783251364960828214b000adadea3cac4b8313cf5a354e53010c,VISUAL_REQUIRED,ADD_NEW_VISUAL,ADD,GRAPH_OR_FUNCTION_STRUCTURE,NOT_STARTED,NOT_STARTED,NOT_STARTED,NOT_TESTED,NOT_REVIEWED,NOT_STARTED,CANDIDATE_SCOPE_ONLY
archive/exams/original/high/h1/1mid/25_순천여고_1학기_중간_고1_기출.js|25_순천여고_1학기_중간_고1_기출|21,archive/exams/original/high/h1/1mid/25_순천여고_1학기_중간_고1_기출.js,25_순천여고_1학기_중간_고1_기출,21,공통수학1,H22-C-05,이차방정식과 이차함수,H22-C-05-QUADRATIC_FUNCTION_APPLICATION,이차함수의 활용,서술형,,ABSENT,,ABSENT,0,37190,57d4f5a78ffcfaf97e3c4240879dfa0375ff581d3afc7c93194f125574f7ce4c,070de7e05b4c615735827bc5a12e0b256bc10da60437c0e38d1d241173eb6fc3,1df21580c18b3e71f5019c157d1bd6c32ef71cc66bf31bcdf8f51634ad87387a,VISUAL_REQUIRED,ADD_NEW_VISUAL,ADD,GRAPH_OR_FUNCTION_STRUCTURE|CASE_OR_BOUNDARY_STRUCTURE,NOT_STARTED,NOT_STARTED,NOT_STARTED,NOT_TESTED,NOT_REVIEWED,NOT_STARTED,CANDIDATE_SCOPE_ONLY
archive/exams/original/high/h1/1mid/25_순천여고_1학기_중간_고1_기출.js|25_순천여고_1학기_중간_고1_기출|5,archive/exams/original/high/h1/1mid/25_순천여고_1학기_중간_고1_기출.js,25_순천여고_1학기_중간_고1_기출,5,공통수학1,H22-C-05,이차방정식과 이차함수,H22-C-05-QUADRATIC_FUNCTION_APPLICATION,이차함수의 활용,객관식,,ABSENT,,ABSENT,0,37190,57d4f5a78ffcfaf97e3c4240879dfa0375ff581d3afc7c93194f125574f7ce4c,8d9cdaed39f7447e47d6a34f97ead8370362b3c50c37c8873c18e12655537999,ce8d1cb8ea16dc098d16cc430a02c0f7286c9ea5602a236f7006ef2d65d45db6,VISUAL_REQUIRED,ADD_NEW_VISUAL,ADD,GRAPH_OR_FUNCTION_STRUCTURE|CASE_OR_BOUNDARY_STRUCTURE,NOT_STARTED,NOT_STARTED,NOT_STARTED,NOT_TESTED,NOT_REVIEWED,NOT_STARTED,CANDIDATE_SCOPE_ONLY
archive/exams/original/high/h1/1mid/25_제일고_1학기_중간_고1_기출.js|25_제일고_1학기_중간_고1_기출|13,archive/exams/original/high/h1/1mid/25_제일고_1학기_중간_고1_기출.js,25_제일고_1학기_중간_고1_기출,13,공통수학1,H22-C-05,이차방정식과 이차함수,H22-C-05-QUADRATIC_EQUATION,이차방정식,객관식,,ABSENT,,ABSENT,0,44243,6a4782d5f17276e615d55ae92b2e3d113b9f44b0589d40a936c057db2ab524d4,ce5894d68b6e5192e64a8c12656da0f93229a3f1ad7ab38cc6e2c4b7e921a08c,3bdded7a86d395ffd2fb2bd298fde5aebe15433dca1920d29ef9aa72fad14f68,VISUAL_REQUIRED,ADD_NEW_VISUAL,ADD,GRAPH_OR_FUNCTION_STRUCTURE,NOT_STARTED,NOT_STARTED,NOT_STARTED,NOT_TESTED,NOT_REVIEWED,NOT_STARTED,CANDIDATE_SCOPE_ONLY
archive/exams/original/high/h1/1mid/25_제일고_1학기_중간_고1_기출.js|25_제일고_1학기_중간_고1_기출|14,archive/exams/original/high/h1/1mid/25_제일고_1학기_중간_고1_기출.js,25_제일고_1학기_중간_고1_기출,14,공통수학1,H22-C-05,이차방정식과 이차함수,H22-C-05-QUADRATIC_EQUATION,이차방정식,객관식,,ABSENT,,ABSENT,0,44243,6a4782d5f17276e615d55ae92b2e3d113b9f44b0589d40a936c057db2ab524d4,5cca9a481ee2933bec1548a1425cf7d47e3db5f7e98a2dd5f62fd4a84c09c47d,49464b9229355cc4cab6ed4ceeaac7c6908b2d12b273c3e733c5475e9a3411df,VISUAL_REQUIRED,ADD_NEW_VISUAL,ADD,GRAPH_OR_FUNCTION_STRUCTURE|NUMBER_LINE_OR_INEQUALITY_STRUCTURE|CASE_OR_BOUNDARY_STRUCTURE,NOT_STARTED,NOT_STARTED,NOT_STARTED,NOT_TESTED,NOT_REVIEWED,NOT_STARTED,CANDIDATE_SCOPE_ONLY
archive/exams/original/high/h1/1mid/25_제일고_1학기_중간_고1_기출.js|25_제일고_1학기_중간_고1_기출|16,archive/exams/original/high/h1/1mid/25_제일고_1학기_중간_고1_기출.js,25_제일고_1학기_중간_고1_기출,16,공통수학1,H22-C-05,이차방정식과 이차함수,H22-C-05-QUADRATIC_FUNCTION_GRAPH,이차함수의 그래프,객관식,,ABSENT,,ABSENT,0,44243,6a4782d5f17276e615d55ae92b2e3d113b9f44b0589d40a936c057db2ab524d4,3b1e830fd383a3ce9f9ca24bfe37ba64074ecd3fe50277eb0a31bffcf9b8d743,fa9e870c03714219ed63f6d5a24819a0fd0db82d1cb7d1f4acf8f80fe9c358ce,VISUAL_REQUIRED,ADD_NEW_VISUAL,ADD,GRAPH_OR_FUNCTION_STRUCTURE|COORDINATE_OR_GEOMETRY_STRUCTURE,NOT_STARTED,NOT_STARTED,NOT_STARTED,NOT_TESTED,NOT_REVIEWED,NOT_STARTED,CANDIDATE_SCOPE_ONLY
archive/exams/original/high/h1/1mid/25_제일고_1학기_중간_고1_기출.js|25_제일고_1학기_중간_고1_기출|17,archive/exams/original/high/h1/1mid/25_제일고_1학기_중간_고1_기출.js,25_제일고_1학기_중간_고1_기출,17,공통수학1,H22-C-05,이차방정식과 이차함수,H22-C-05-QUADRATIC_EQUATION,이차방정식,객관식,,ABSENT,,ABSENT,0,44243,6a4782d5f17276e615d55ae92b2e3d113b9f44b0589d40a936c057db2ab524d4,f70190215aa37770a29044213900548ad066eb64339f71a7e15b89122918b101,e8267b865b1e7bab4d4fb6bf2008da1a0e9c95dbc0b3f2a30b70d46e053f2b8e,VISUAL_REQUIRED,ADD_NEW_VISUAL,ADD,GRAPH_OR_FUNCTION_STRUCTURE,NOT_STARTED,NOT_STARTED,NOT_STARTED,NOT_TESTED,NOT_REVIEWED,NOT_STARTED,CANDIDATE_SCOPE_ONLY
archive/exams/original/high/h1/1mid/25_제일고_1학기_중간_고1_기출.js|25_제일고_1학기_중간_고1_기출|18,archive/exams/original/high/h1/1mid/25_제일고_1학기_중간_고1_기출.js,25_제일고_1학기_중간_고1_기출,18,공통수학1,H22-C-05,이차방정식과 이차함수,H22-C-05-QUADRATIC_FUNCTION_GRAPH,이차함수의 그래프,객관식,,ABSENT,,ABSENT,0,44243,6a4782d5f17276e615d55ae92b2e3d113b9f44b0589d40a936c057db2ab524d4,904e420c6d8fc06fc60f044ecf9db8fc476e625f070acc3923b8ff9de6f6e1be,29590005ea355f71a59a72173018ee1a592436248ecae422c37fe03e7863b256,VISUAL_REQUIRED,ADD_NEW_VISUAL,ADD,GRAPH_OR_FUNCTION_STRUCTURE|COORDINATE_OR_GEOMETRY_STRUCTURE|CASE_OR_BOUNDARY_STRUCTURE,NOT_STARTED,NOT_STARTED,NOT_STARTED,NOT_TESTED,NOT_REVIEWED,NOT_STARTED,CANDIDATE_SCOPE_ONLY
archive/exams/original/high/h1/1mid/25_제일고_1학기_중간_고1_기출.js|25_제일고_1학기_중간_고1_기출|22,archive/exams/original/high/h1/1mid/25_제일고_1학기_중간_고1_기출.js,25_제일고_1학기_중간_고1_기출,22,공통수학1,H22-C-05,이차방정식과 이차함수,H22-C-05-QUADRATIC_FUNCTION_GRAPH,이차함수의 그래프,서술형,,ABSENT,,ABSENT,0,44243,6a4782d5f17276e615d55ae92b2e3d113b9f44b0589d40a936c057db2ab524d4,7fe2c4d3932d6519b6e2ff614ac0ccd8dfa2d8e2c0a43f181bcc84205cbf127f,8fd3508c8f72c975c032de04c6bd6c0580d38ff9b7995e2326c25733ad081d23,VISUAL_REQUIRED,ADD_NEW_VISUAL,ADD,GRAPH_OR_FUNCTION_STRUCTURE|CASE_OR_BOUNDARY_STRUCTURE,NOT_STARTED,NOT_STARTED,NOT_STARTED,NOT_TESTED,NOT_REVIEWED,NOT_STARTED,CANDIDATE_SCOPE_ONLY
archive/exams/original/high/h1/1mid/25_팔마고_1학기_중간_고1_기출.js|25_팔마고_1학기_중간_고1_기출|10,archive/exams/original/high/h1/1mid/25_팔마고_1학기_중간_고1_기출.js,25_팔마고_1학기_중간_고1_기출,10,공통수학1,H22-C-05,이차방정식과 이차함수,H22-C-05-QUADRATIC_EQUATION,이차방정식,객관식,,ABSENT,,ABSENT,0,49432,1680fdaa4cd5b3271cc05e93f129c7c4fd5c27508ac36b0db82dffde3b3897f4,7311ba4752737cef0ccf1f10347e17c5f0548ca746d2ba3af068982e22da416e,17574c3bd2ac26e4c09d785cceb5cdf80bb34307b03fe8f5bfe95299f9e0182e,VISUAL_REQUIRED,ADD_NEW_VISUAL,ADD,GRAPH_OR_FUNCTION_STRUCTURE,NOT_STARTED,NOT_STARTED,NOT_STARTED,NOT_TESTED,NOT_REVIEWED,NOT_STARTED,CANDIDATE_SCOPE_ONLY
archive/exams/original/high/h1/1mid/25_팔마고_1학기_중간_고1_기출.js|25_팔마고_1학기_중간_고1_기출|12,archive/exams/original/high/h1/1mid/25_팔마고_1학기_중간_고1_기출.js,25_팔마고_1학기_중간_고1_기출,12,공통수학1,H22-C-06,여러 가지 방정식과 부등식,H22-C-06-SYSTEM_OF_EQUATIONS,연립방정식,객관식,,ABSENT,,ABSENT,0,49432,1680fdaa4cd5b3271cc05e93f129c7c4fd5c27508ac36b0db82dffde3b3897f4,a8a99de7ade351c399c6ff02965e035c4251b0bed835c5780a9840cd83b9bbb3,aec08db4a95ed104cf6955e60660231407ebf8a91179b9377d271d14d27ed09c,VISUAL_OPTIONAL_OR_EXEMPT_CANDIDATE,NO_VISUAL,NONE,GRAPH_OR_FUNCTION_STRUCTURE|NUMBER_LINE_OR_INEQUALITY_STRUCTURE,NOT_STARTED,NOT_STARTED,NOT_STARTED,NOT_TESTED,NOT_REVIEWED,NOT_STARTED,CANDIDATE_SCOPE_ONLY
archive/exams/original/high/h1/1mid/25_팔마고_1학기_중간_고1_기출.js|25_팔마고_1학기_중간_고1_기출|15,archive/exams/original/high/h1/1mid/25_팔마고_1학기_중간_고1_기출.js,25_팔마고_1학기_중간_고1_기출,15,공통수학1,H22-C-05,이차방정식과 이차함수,H22-C-05-QUADRATIC_EQUATION,이차방정식,객관식,,ABSENT,,ABSENT,0,49432,1680fdaa4cd5b3271cc05e93f129c7c4fd5c27508ac36b0db82dffde3b3897f4,c9870ed7bba529174888b94a24b614fa8f92b5fa6b99172f8e0de004be6bb637,0e640449f23e8b398503656e8aaec12c6b16f3566d45289496dbea4739de0451,VISUAL_REQUIRED,ADD_NEW_VISUAL,ADD,GRAPH_OR_FUNCTION_STRUCTURE|COORDINATE_OR_GEOMETRY_STRUCTURE|CASE_OR_BOUNDARY_STRUCTURE,NOT_STARTED,NOT_STARTED,NOT_STARTED,NOT_TESTED,NOT_REVIEWED,NOT_STARTED,CANDIDATE_SCOPE_ONLY
archive/exams/original/high/h1/1mid/25_팔마고_1학기_중간_고1_기출.js|25_팔마고_1학기_중간_고1_기출|16,archive/exams/original/high/h1/1mid/25_팔마고_1학기_중간_고1_기출.js,25_팔마고_1학기_중간_고1_기출,16,공통수학1,H22-C-05,이차방정식과 이차함수,H22-C-05-QUADRATIC_EQUATION,이차방정식,객관식,,ABSENT,,ABSENT,0,49432,1680fdaa4cd5b3271cc05e93f129c7c4fd5c27508ac36b0db82dffde3b3897f4,f57b367fd4526d26d8f38661fe1e899db227b02d0980ede2e3d8b9444ef700e6,74bfc6e38a13ead19a44c031a399157217844ba0180ab3fc93a817d5f58a5048,VISUAL_REQUIRED,ADD_NEW_VISUAL,ADD,GRAPH_OR_FUNCTION_STRUCTURE|CASE_OR_BOUNDARY_STRUCTURE,NOT_STARTED,NOT_STARTED,NOT_STARTED,NOT_TESTED,NOT_REVIEWED,NOT_STARTED,CANDIDATE_SCOPE_ONLY
archive/exams/original/high/h1/1mid/25_팔마고_1학기_중간_고1_기출.js|25_팔마고_1학기_중간_고1_기출|17,archive/exams/original/high/h1/1mid/25_팔마고_1학기_중간_고1_기출.js,25_팔마고_1학기_중간_고1_기출,17,공통수학1,H22-C-05,이차방정식과 이차함수,H22-C-05-QUADRATIC_FUNCTION_APPLICATION,이차함수의 활용,객관식,assets/images/25_팔마고_1학기_중간_고1_기출/q17.png,PRESENT,,ABSENT,0,49432,1680fdaa4cd5b3271cc05e93f129c7c4fd5c27508ac36b0db82dffde3b3897f4,6c7f47ae0b039d741f14ccf06982f3efa89f96b574d1c6009a88697d26809e91,f078f1d7c41a678592c1ca7b71287983ca4fe9e08fe43c851e945fc31c6d350f,VISUAL_REQUIRED,ADD_NEW_VISUAL,ADD,GRAPH_OR_FUNCTION_STRUCTURE|COORDINATE_OR_GEOMETRY_STRUCTURE|CASE_OR_BOUNDARY_STRUCTURE,NOT_STARTED,NOT_STARTED,NOT_STARTED,NOT_TESTED,NOT_REVIEWED,NOT_STARTED,CANDIDATE_SCOPE_ONLY
archive/exams/original/high/h1/1mid/25_팔마고_1학기_중간_고1_기출.js|25_팔마고_1학기_중간_고1_기출|21,archive/exams/original/high/h1/1mid/25_팔마고_1학기_중간_고1_기출.js,25_팔마고_1학기_중간_고1_기출,21,공통수학1,H22-C-05,이차방정식과 이차함수,H22-C-05-QUADRATIC_FUNCTION_APPLICATION,이차함수의 활용,서술형,,ABSENT,,ABSENT,0,49432,1680fdaa4cd5b3271cc05e93f129c7c4fd5c27508ac36b0db82dffde3b3897f4,33d53d5d93607ea7b04b2c375c1ac6c15b2edb3f6158773ee4f25934fa377887,a7ed9c8bcf5ce6258ec60f7625905cea1f6662e8bd20cab119fbb7ea611f8b2d,VISUAL_REQUIRED,ADD_NEW_VISUAL,ADD,GRAPH_OR_FUNCTION_STRUCTURE|CASE_OR_BOUNDARY_STRUCTURE,NOT_STARTED,NOT_STARTED,NOT_STARTED,NOT_TESTED,NOT_REVIEWED,NOT_STARTED,CANDIDATE_SCOPE_ONLY
archive/exams/original/high/h1/1mid/25_팔마고_1학기_중간_고1_기출.js|25_팔마고_1학기_중간_고1_기출|23,archive/exams/original/high/h1/1mid/25_팔마고_1학기_중간_고1_기출.js,25_팔마고_1학기_중간_고1_기출,23,공통수학1,H22-C-06,여러 가지 방정식과 부등식,H22-C-06-SYSTEM_OF_EQUATIONS,연립방정식,서술형,,ABSENT,,ABSENT,0,49432,1680fdaa4cd5b3271cc05e93f129c7c4fd5c27508ac36b0db82dffde3b3897f4,2a35bf8e9ee12247b062cf26e9710c733624e36fe662595deb167fa8dda71261,b716fc91db98b24cab236b0303547bd662e3be14576acb5b9e23bdca7a7681ed,VISUAL_OPTIONAL_OR_EXEMPT_CANDIDATE,NO_VISUAL,NONE,GRAPH_OR_FUNCTION_STRUCTURE|NUMBER_LINE_OR_INEQUALITY_STRUCTURE|COORDINATE_OR_GEOMETRY_STRUCTURE|CASE_OR_BOUNDARY_STRUCTURE,NOT_STARTED,NOT_STARTED,NOT_STARTED,NOT_TESTED,NOT_REVIEWED,NOT_STARTED,CANDIDATE_SCOPE_ONLY
archive/exams/original/high/h1/1mid/25_팔마고_1학기_중간_고1_기출.js|25_팔마고_1학기_중간_고1_기출|3,archive/exams/original/high/h1/1mid/25_팔마고_1학기_중간_고1_기출.js,25_팔마고_1학기_중간_고1_기출,3,공통수학1,H22-C-05,이차방정식과 이차함수,H22-C-05-QUADRATIC_EQUATION,이차방정식,객관식,,ABSENT,,ABSENT,0,49432,1680fdaa4cd5b3271cc05e93f129c7c4fd5c27508ac36b0db82dffde3b3897f4,04f808169c2dc503b9ca6abdbb19efab3c129be6f6c607a628973f8e88bf3990,c62e49bb7ec73404d73d0e32aa0e27ebd77e52658d00e22f54dac0ceed0e3aab,VISUAL_REQUIRED,ADD_NEW_VISUAL,ADD,GRAPH_OR_FUNCTION_STRUCTURE|CASE_OR_BOUNDARY_STRUCTURE,NOT_STARTED,NOT_STARTED,NOT_STARTED,NOT_TESTED,NOT_REVIEWED,NOT_STARTED,CANDIDATE_SCOPE_ONLY
archive/exams/original/high/h1/1mid/25_팔마고_1학기_중간_고1_기출.js|25_팔마고_1학기_중간_고1_기출|6,archive/exams/original/high/h1/1mid/25_팔마고_1학기_중간_고1_기출.js,25_팔마고_1학기_중간_고1_기출,6,공통수학1,H22-C-05,이차방정식과 이차함수,H22-C-05-QUADRATIC_EQUATION,이차방정식,객관식,,ABSENT,,ABSENT,0,49432,1680fdaa4cd5b3271cc05e93f129c7c4fd5c27508ac36b0db82dffde3b3897f4,f5c15e014c04b209050cf84925b965087159bd3586148ad8b39c38c8e3e7b111,2237a01f30b321783994b89974449fce56985a8dcddda87649479a52cd222856,VISUAL_REQUIRED,ADD_NEW_VISUAL,ADD,GRAPH_OR_FUNCTION_STRUCTURE,NOT_STARTED,NOT_STARTED,NOT_STARTED,NOT_TESTED,NOT_REVIEWED,NOT_STARTED,CANDIDATE_SCOPE_ONLY
archive/exams/original/high/h1/1mid/25_팔마고_1학기_중간_고1_기출.js|25_팔마고_1학기_중간_고1_기출|8,archive/exams/original/high/h1/1mid/25_팔마고_1학기_중간_고1_기출.js,25_팔마고_1학기_중간_고1_기출,8,공통수학1,H22-C-05,이차방정식과 이차함수,H22-C-05-QUADRATIC_FUNCTION_GRAPH,이차함수의 그래프,객관식,,ABSENT,,ABSENT,0,49432,1680fdaa4cd5b3271cc05e93f129c7c4fd5c27508ac36b0db82dffde3b3897f4,96e542114c9853fdd903d4cd2b696716b681e165c368fe29dfc49f840eeb3756,ddf5c3b2674959e2c1ad432fff34d038558e622eeaa623ab5932ac4ba6b092fb,VISUAL_REQUIRED,ADD_NEW_VISUAL,ADD,GRAPH_OR_FUNCTION_STRUCTURE|COORDINATE_OR_GEOMETRY_STRUCTURE|CASE_OR_BOUNDARY_STRUCTURE,NOT_STARTED,NOT_STARTED,NOT_STARTED,NOT_TESTED,NOT_REVIEWED,NOT_STARTED,CANDIDATE_SCOPE_ONLY
archive/exams/original/high/h1/1mid/25_효천고_1학기_중간_고1_기출.js|25_효천고_1학기_중간_고1_기출|13,archive/exams/original/high/h1/1mid/25_효천고_1학기_중간_고1_기출.js,25_효천고_1학기_중간_고1_기출,13,공통수학1,H22-C-05,이차방정식과 이차함수,H22-C-05-QUADRATIC_EQUATION,이차방정식,객관식,,ABSENT,,ABSENT,0,40763,3d4eeb8dc0cfadaa9d33739205f48d6469d4b4199116342f87e64c8a7cfc0af2,58d678e5e238faa497842e743fc1d382ba45f501924ba4ca71ead4842ff2460f,b87945b440d759b1acc450b1ff555312fadb56556edada052aed58f19b3d68cc,VISUAL_REQUIRED,ADD_NEW_VISUAL,ADD,GRAPH_OR_FUNCTION_STRUCTURE,NOT_STARTED,NOT_STARTED,NOT_STARTED,NOT_TESTED,NOT_REVIEWED,NOT_STARTED,CANDIDATE_SCOPE_ONLY
archive/exams/original/high/h1/1mid/25_효천고_1학기_중간_고1_기출.js|25_효천고_1학기_중간_고1_기출|14,archive/exams/original/high/h1/1mid/25_효천고_1학기_중간_고1_기출.js,25_효천고_1학기_중간_고1_기출,14,공통수학1,H22-C-05,이차방정식과 이차함수,H22-C-05-QUADRATIC_EQUATION,이차방정식,객관식,,ABSENT,,ABSENT,0,40763,3d4eeb8dc0cfadaa9d33739205f48d6469d4b4199116342f87e64c8a7cfc0af2,e67569ab5511bf6bf6361fe5bc3043e8860bd24eab21653afbfa29a926519e4d,2f4ae7a0de4d1b92943e49fc43dcbe0f3324e506d21b714ece28851376bedee8,VISUAL_REQUIRED,ADD_NEW_VISUAL,ADD,GRAPH_OR_FUNCTION_STRUCTURE,NOT_STARTED,NOT_STARTED,NOT_STARTED,NOT_TESTED,NOT_REVIEWED,NOT_STARTED,CANDIDATE_SCOPE_ONLY
archive/exams/original/high/h1/1mid/25_효천고_1학기_중간_고1_기출.js|25_효천고_1학기_중간_고1_기출|16,archive/exams/original/high/h1/1mid/25_효천고_1학기_중간_고1_기출.js,25_효천고_1학기_중간_고1_기출,16,공통수학1,H22-C-05,이차방정식과 이차함수,H22-C-05-QUADRATIC_EQUATION,이차방정식,객관식,,ABSENT,,ABSENT,0,40763,3d4eeb8dc0cfadaa9d33739205f48d6469d4b4199116342f87e64c8a7cfc0af2,805935186e9f95474bf660109828b3e5ca8464606073e81419b54eb2514a8c39,4c8936cb1bd2f174786d065510353727600a551ae7e3a41449c09f9aca261f08,VISUAL_REQUIRED,ADD_NEW_VISUAL,ADD,GRAPH_OR_FUNCTION_STRUCTURE,NOT_STARTED,NOT_STARTED,NOT_STARTED,NOT_TESTED,NOT_REVIEWED,NOT_STARTED,CANDIDATE_SCOPE_ONLY
archive/exams/original/high/h1/1mid/25_효천고_1학기_중간_고1_기출.js|25_효천고_1학기_중간_고1_기출|20,archive/exams/original/high/h1/1mid/25_효천고_1학기_중간_고1_기출.js,25_효천고_1학기_중간_고1_기출,20,공통수학1,H22-C-05,이차방정식과 이차함수,H22-C-05-QUADRATIC_EQUATION,이차방정식,서술형,,ABSENT,,ABSENT,0,40763,3d4eeb8dc0cfadaa9d33739205f48d6469d4b4199116342f87e64c8a7cfc0af2,65c4a9bbf6f89612463c3ef73d0754f080188b2176954e9dabcef99820be95a0,d192a675891d22dac5776c4eebc02ecaeb7cd889a0e897cd62ab78a6123e3c0f,VISUAL_REQUIRED,ADD_NEW_VISUAL,ADD,GRAPH_OR_FUNCTION_STRUCTURE|CASE_OR_BOUNDARY_STRUCTURE,NOT_STARTED,NOT_STARTED,NOT_STARTED,NOT_TESTED,NOT_REVIEWED,NOT_STARTED,CANDIDATE_SCOPE_ONLY
archive/exams/original/high/h1/1mid/25_효천고_1학기_중간_고1_기출.js|25_효천고_1학기_중간_고1_기출|21,archive/exams/original/high/h1/1mid/25_효천고_1학기_중간_고1_기출.js,25_효천고_1학기_중간_고1_기출,21,공통수학1,H22-C-05,이차방정식과 이차함수,H22-C-05-QUADRATIC_EQUATION,이차방정식,서술형,,ABSENT,,ABSENT,0,40763,3d4eeb8dc0cfadaa9d33739205f48d6469d4b4199116342f87e64c8a7cfc0af2,d5b18f6f6da0305c1fb84fd5d86b257c29ab88ee695e9f233b13a4885987e361,e9400d6c345e6f3df832d1b698baec3af943966edb7187ddab6c6532533c71da,VISUAL_REQUIRED,ADD_NEW_VISUAL,ADD,GRAPH_OR_FUNCTION_STRUCTURE,NOT_STARTED,NOT_STARTED,NOT_STARTED,NOT_TESTED,NOT_REVIEWED,NOT_STARTED,CANDIDATE_SCOPE_ONLY
archive/exams/original/high/h1/1mid/26_금당고_1학기_중간_고1_기출_c.js|26_금당고_1학기_중간_고1_기출_c|13,archive/exams/original/high/h1/1mid/26_금당고_1학기_중간_고1_기출_c.js,26_금당고_1학기_중간_고1_기출_c,13,공통수학1,H22-C-05,이차방정식과 이차함수,H22-C-05-FUNCTION_BASIC,함수의 뜻과 그래프,객관식,,ABSENT,,ABSENT,0,31851,d680439d5a95a3eafe6d6855efc5d4cc98845dcc04eea71531cdc78832967897,1724f2d21c27da2e7485e921bab61e9ab5e2fbaff25b6ee65aac76785e282026,f0fb03d667de69720b22ad3e0f0fd5693d9492c629c6b57a8ed94e5c374a5228,VISUAL_REQUIRED,ADD_NEW_VISUAL,ADD,GRAPH_OR_FUNCTION_STRUCTURE|NUMBER_LINE_OR_INEQUALITY_STRUCTURE|COORDINATE_OR_GEOMETRY_STRUCTURE|CASE_OR_BOUNDARY_STRUCTURE,NOT_STARTED,NOT_STARTED,NOT_STARTED,NOT_TESTED,NOT_REVIEWED,NOT_STARTED,CANDIDATE_SCOPE_ONLY
archive/exams/original/high/h1/1mid/26_금당고_1학기_중간_고1_기출_c.js|26_금당고_1학기_중간_고1_기출_c|14,archive/exams/original/high/h1/1mid/26_금당고_1학기_중간_고1_기출_c.js,26_금당고_1학기_중간_고1_기출_c,14,공통수학1,H22-C-05,이차방정식과 이차함수,H22-C-05-QUADRATIC_FUNCTION_GRAPH,이차함수의 그래프,객관식,assets/images/26_금당고_1학기_중간_고1_기출/q14.png,PRESENT,,ABSENT,0,31851,d680439d5a95a3eafe6d6855efc5d4cc98845dcc04eea71531cdc78832967897,e5eb3ae081cdf1d13940dd119a139d4697512471a11e77ae721cbba817f3b210,8770b132e1b8b28dddb9e715b14422a9b382f7c06b43d58f110784833eb91c42,VISUAL_REQUIRED,ADD_NEW_VISUAL,ADD,GRAPH_OR_FUNCTION_STRUCTURE|COORDINATE_OR_GEOMETRY_STRUCTURE|CASE_OR_BOUNDARY_STRUCTURE,NOT_STARTED,NOT_STARTED,NOT_STARTED,NOT_TESTED,NOT_REVIEWED,NOT_STARTED,CANDIDATE_SCOPE_ONLY
archive/exams/original/high/h1/1mid/26_금당고_1학기_중간_고1_기출_c.js|26_금당고_1학기_중간_고1_기출_c|16,archive/exams/original/high/h1/1mid/26_금당고_1학기_중간_고1_기출_c.js,26_금당고_1학기_중간_고1_기출_c,16,공통수학1,H22-C-05,이차방정식과 이차함수,H22-C-05-FUNCTION_BASIC,함수의 뜻과 그래프,객관식,,ABSENT,,ABSENT,0,31851,d680439d5a95a3eafe6d6855efc5d4cc98845dcc04eea71531cdc78832967897,e9cecfdda22d536bea47e6de6aee67de4c47d7648770d9727211a0d48f08b223,981f1f89fb6a134f8d7519040f7b3eb2de83eb988e992131ca3d2d7c9d17d7b9,VISUAL_REQUIRED,ADD_NEW_VISUAL,ADD,GRAPH_OR_FUNCTION_STRUCTURE|COORDINATE_OR_GEOMETRY_STRUCTURE|CASE_OR_BOUNDARY_STRUCTURE,NOT_STARTED,NOT_STARTED,NOT_STARTED,NOT_TESTED,NOT_REVIEWED,NOT_STARTED,CANDIDATE_SCOPE_ONLY
archive/exams/original/high/h1/1mid/26_금당고_1학기_중간_고1_기출_c.js|26_금당고_1학기_중간_고1_기출_c|17,archive/exams/original/high/h1/1mid/26_금당고_1학기_중간_고1_기출_c.js,26_금당고_1학기_중간_고1_기출_c,17,공통수학1,H22-C-05,이차방정식과 이차함수,H22-C-05-FUNCTION_BASIC,함수의 뜻과 그래프,객관식,,ABSENT,,ABSENT,0,31851,d680439d5a95a3eafe6d6855efc5d4cc98845dcc04eea71531cdc78832967897,dede42620e4c3fb52a4b99c4884559f75a1abef40c7d0496726134f0133929f8,b5704ad15fb9fa10cd3a8fe5ebdac7dc02d9753e12424698c97088e40f1b9f06,VISUAL_REQUIRED,ADD_NEW_VISUAL,ADD,GRAPH_OR_FUNCTION_STRUCTURE|CASE_OR_BOUNDARY_STRUCTURE,NOT_STARTED,NOT_STARTED,NOT_STARTED,NOT_TESTED,NOT_REVIEWED,NOT_STARTED,CANDIDATE_SCOPE_ONLY
archive/exams/original/high/h1/1mid/26_금당고_1학기_중간_고1_기출_c.js|26_금당고_1학기_중간_고1_기출_c|20,archive/exams/original/high/h1/1mid/26_금당고_1학기_중간_고1_기출_c.js,26_금당고_1학기_중간_고1_기출_c,20,공통수학1,H22-C-05,이차방정식과 이차함수,H22-C-05-EQUATION_BASIC,방정식의 풀이,서술형,,ABSENT,,ABSENT,0,31851,d680439d5a95a3eafe6d6855efc5d4cc98845dcc04eea71531cdc78832967897,86599bf46f26898a4a09c3f093799f181392a3b7c1d77dfcea595a9557a5a8bf,d8513df887575042fe2d7f8729587b4647c7f33d97944cdabff85e383c319c8a,VISUAL_REQUIRED,ADD_NEW_VISUAL,ADD,GRAPH_OR_FUNCTION_STRUCTURE|NUMBER_LINE_OR_INEQUALITY_STRUCTURE,NOT_STARTED,NOT_STARTED,NOT_STARTED,NOT_TESTED,NOT_REVIEWED,NOT_STARTED,CANDIDATE_SCOPE_ONLY
archive/exams/original/high/h1/1mid/26_금당고_1학기_중간_고1_기출_c.js|26_금당고_1학기_중간_고1_기출_c|6,archive/exams/original/high/h1/1mid/26_금당고_1학기_중간_고1_기출_c.js,26_금당고_1학기_중간_고1_기출_c,6,공통수학1,H22-C-05,이차방정식과 이차함수,H22-C-05-QUADRATIC_EQUATION,이차방정식,객관식,,ABSENT,,ABSENT,0,31851,d680439d5a95a3eafe6d6855efc5d4cc98845dcc04eea71531cdc78832967897,9eedd9db37073c970641731b7279ca6cce2f29f48c1168ae421e4b9f11cec7f9,36a6b8c7f2c2a645d560ec9a2f9350d100fa689a0c65012403b601b7b216c136,VISUAL_REQUIRED,ADD_NEW_VISUAL,ADD,GRAPH_OR_FUNCTION_STRUCTURE|NUMBER_LINE_OR_INEQUALITY_STRUCTURE|COORDINATE_OR_GEOMETRY_STRUCTURE|CASE_OR_BOUNDARY_STRUCTURE,NOT_STARTED,NOT_STARTED,NOT_STARTED,NOT_TESTED,NOT_REVIEWED,NOT_STARTED,CANDIDATE_SCOPE_ONLY
archive/exams/original/high/h1/1mid/26_금당고_1학기_중간_고1_기출_c.js|26_금당고_1학기_중간_고1_기출_c|9,archive/exams/original/high/h1/1mid/26_금당고_1학기_중간_고1_기출_c.js,26_금당고_1학기_중간_고1_기출_c,9,공통수학1,H22-C-05,이차방정식과 이차함수,H22-C-05-QUADRATIC_FUNCTION_GRAPH,이차함수의 그래프,객관식,,ABSENT,,ABSENT,0,31851,d680439d5a95a3eafe6d6855efc5d4cc98845dcc04eea71531cdc78832967897,a1e43160bc2111ecc7a1d1f24784095bed14b37de4ca007fe40a913f03059257,ec5c8f589d4d7fb6cf06ec650b404d60b40fd8d2b415bd1930e2f718330d1920,VISUAL_REQUIRED,ADD_NEW_VISUAL,ADD,GRAPH_OR_FUNCTION_STRUCTURE|NUMBER_LINE_OR_INEQUALITY_STRUCTURE|COORDINATE_OR_GEOMETRY_STRUCTURE|CASE_OR_BOUNDARY_STRUCTURE,NOT_STARTED,NOT_STARTED,NOT_STARTED,NOT_TESTED,NOT_REVIEWED,NOT_STARTED,CANDIDATE_SCOPE_ONLY
archive/exams/original/high/h1/1mid/26_매산고_1학기_중간_고1_기출c.js|26_매산고_1학기_중간_고1_기출c|10,archive/exams/original/high/h1/1mid/26_매산고_1학기_중간_고1_기출c.js,26_매산고_1학기_중간_고1_기출c,10,공통수학1,H22-C-05,이차방정식과 이차함수,H22-C-05-QUADRATIC_EQUATION,이차방정식,객관식,,ABSENT,,ABSENT,0,43442,172df92b148a2490bbe736bb011d0001c94902f2070fce5f903a0bad25bf3b1d,32f0b1e63181fb59fa8f8dfc1ddac2d61363a3f0274bcb4ddf3f9e5f6fcae16d,f46c8124f04644377ec8b285a8b28cbde8c2ea78c498ebc5584882bd863b1bdf,VISUAL_REQUIRED,ADD_NEW_VISUAL,ADD,GRAPH_OR_FUNCTION_STRUCTURE|CASE_OR_BOUNDARY_STRUCTURE,NOT_STARTED,NOT_STARTED,NOT_STARTED,NOT_TESTED,NOT_REVIEWED,NOT_STARTED,CANDIDATE_SCOPE_ONLY
archive/exams/original/high/h1/1mid/26_매산고_1학기_중간_고1_기출c.js|26_매산고_1학기_중간_고1_기출c|11,archive/exams/original/high/h1/1mid/26_매산고_1학기_중간_고1_기출c.js,26_매산고_1학기_중간_고1_기출c,11,공통수학1,H22-C-05,이차방정식과 이차함수,H22-C-05-QUADRATIC_EQUATION,이차방정식,객관식,,ABSENT,,ABSENT,0,43442,172df92b148a2490bbe736bb011d0001c94902f2070fce5f903a0bad25bf3b1d,5a4fc843e0904af05b288518a96a51b31c6a4949b602a7438e4b6f1acea3a0b1,3728c038f5afd4309e2cd956cab879fc838b46a614a01d955cf3b5d3884e145a,VISUAL_REQUIRED,ADD_NEW_VISUAL,ADD,GRAPH_OR_FUNCTION_STRUCTURE|COORDINATE_OR_GEOMETRY_STRUCTURE|CASE_OR_BOUNDARY_STRUCTURE,NOT_STARTED,NOT_STARTED,NOT_STARTED,NOT_TESTED,NOT_REVIEWED,NOT_STARTED,CANDIDATE_SCOPE_ONLY
archive/exams/original/high/h1/1mid/26_매산고_1학기_중간_고1_기출c.js|26_매산고_1학기_중간_고1_기출c|14,archive/exams/original/high/h1/1mid/26_매산고_1학기_중간_고1_기출c.js,26_매산고_1학기_중간_고1_기출c,14,공통수학1,H22-C-05,이차방정식과 이차함수,H22-C-05-QUADRATIC_EQUATION,이차방정식,객관식,,ABSENT,,ABSENT,0,43442,172df92b148a2490bbe736bb011d0001c94902f2070fce5f903a0bad25bf3b1d,23d4b16adf1e0b09ab992a5c0b6d01da6c49d0d7b60fbd40221e9fd301db0858,c1199eeb8e13aeef1fa90e26bac6fb658c2352d215a60da408a27ccf05a4dba8,VISUAL_REQUIRED,ADD_NEW_VISUAL,ADD,GRAPH_OR_FUNCTION_STRUCTURE|COORDINATE_OR_GEOMETRY_STRUCTURE|CASE_OR_BOUNDARY_STRUCTURE,NOT_STARTED,NOT_STARTED,NOT_STARTED,NOT_TESTED,NOT_REVIEWED,NOT_STARTED,CANDIDATE_SCOPE_ONLY
archive/exams/original/high/h1/1mid/26_매산고_1학기_중간_고1_기출c.js|26_매산고_1학기_중간_고1_기출c|15,archive/exams/original/high/h1/1mid/26_매산고_1학기_중간_고1_기출c.js,26_매산고_1학기_중간_고1_기출c,15,공통수학1,H22-C-05,이차방정식과 이차함수,H22-C-05-FUNCTION_BASIC,함수의 뜻과 그래프,객관식,assets/images/26_매산고_1학기_중간_고1_기출/q15.png,PRESENT,,ABSENT,0,43442,172df92b148a2490bbe736bb011d0001c94902f2070fce5f903a0bad25bf3b1d,743b5175dcb5c000790b14c37531cb26bd3f8fccf513a31885ad46e674f167a7,a3b192dfe84e99c4c707000eb34bbbf2a5f669c6a397a5a3d040dbd8e2087049,VISUAL_REQUIRED,ADD_NEW_VISUAL,ADD,GRAPH_OR_FUNCTION_STRUCTURE|COORDINATE_OR_GEOMETRY_STRUCTURE|CASE_OR_BOUNDARY_STRUCTURE,NOT_STARTED,NOT_STARTED,NOT_STARTED,NOT_TESTED,NOT_REVIEWED,NOT_STARTED,CANDIDATE_SCOPE_ONLY
archive/exams/original/high/h1/1mid/26_매산고_1학기_중간_고1_기출c.js|26_매산고_1학기_중간_고1_기출c|18,archive/exams/original/high/h1/1mid/26_매산고_1학기_중간_고1_기출c.js,26_매산고_1학기_중간_고1_기출c,18,공통수학1,H22-C-05,이차방정식과 이차함수,H22-C-05-QUADRATIC_EQUATION,이차방정식,단답형,,ABSENT,,ABSENT,0,43442,172df92b148a2490bbe736bb011d0001c94902f2070fce5f903a0bad25bf3b1d,82de632084feb2106b4dc22bd74d4d96014dffb47bb879e8c928bbb9709cdcf5,57554d8dab704b9e62cea811737330ec61bc259f3a20bf81df54e0819b847de3,VISUAL_REQUIRED,ADD_NEW_VISUAL,ADD,GRAPH_OR_FUNCTION_STRUCTURE|COORDINATE_OR_GEOMETRY_STRUCTURE|CASE_OR_BOUNDARY_STRUCTURE,NOT_STARTED,NOT_STARTED,NOT_STARTED,NOT_TESTED,NOT_REVIEWED,NOT_STARTED,CANDIDATE_SCOPE_ONLY
archive/exams/original/high/h1/1mid/26_매산고_1학기_중간_고1_기출c.js|26_매산고_1학기_중간_고1_기출c|20,archive/exams/original/high/h1/1mid/26_매산고_1학기_중간_고1_기출c.js,26_매산고_1학기_중간_고1_기출c,20,공통수학1,H22-C-05,이차방정식과 이차함수,H22-C-05-QUADRATIC_FUNCTION_GRAPH,이차함수의 그래프,서술형,,ABSENT,,ABSENT,0,43442,172df92b148a2490bbe736bb011d0001c94902f2070fce5f903a0bad25bf3b1d,bdb1097ffecd861999f1446ca7c177ef0c5d69fcff27f05942c91adf682f909a,700f34a25d3bdc70a37e80b02da7e61af16b94a54170e3700a76c01090b56a36,VISUAL_REQUIRED,ADD_NEW_VISUAL,ADD,GRAPH_OR_FUNCTION_STRUCTURE|COORDINATE_OR_GEOMETRY_STRUCTURE|CASE_OR_BOUNDARY_STRUCTURE,NOT_STARTED,NOT_STARTED,NOT_STARTED,NOT_TESTED,NOT_REVIEWED,NOT_STARTED,CANDIDATE_SCOPE_ONLY
archive/exams/original/high/h1/1mid/26_매산고_1학기_중간_고1_기출c.js|26_매산고_1학기_중간_고1_기출c|4,archive/exams/original/high/h1/1mid/26_매산고_1학기_중간_고1_기출c.js,26_매산고_1학기_중간_고1_기출c,4,공통수학1,H22-C-05,이차방정식과 이차함수,H22-C-05-FUNCTION_BASIC,함수의 뜻과 그래프,객관식,,ABSENT,,ABSENT,0,43442,172df92b148a2490bbe736bb011d0001c94902f2070fce5f903a0bad25bf3b1d,89f9fe5f9e8abb54fb0ccc23710028b9350c5b2b65888d7edd3858ac44ef196f,a9a1a50e45b0b65f3ce9d0f68a4f9e9098b5cb609073e4a616509a45aa1791f1,VISUAL_REQUIRED,ADD_NEW_VISUAL,ADD,GRAPH_OR_FUNCTION_STRUCTURE|NUMBER_LINE_OR_INEQUALITY_STRUCTURE|COORDINATE_OR_GEOMETRY_STRUCTURE|CASE_OR_BOUNDARY_STRUCTURE,NOT_STARTED,NOT_STARTED,NOT_STARTED,NOT_TESTED,NOT_REVIEWED,NOT_STARTED,CANDIDATE_SCOPE_ONLY
archive/exams/original/high/h1/1mid/26_매산여고_1학기_중간_고1_기출_c.js|26_매산여고_1학기_중간_고1_기출_c|13,archive/exams/original/high/h1/1mid/26_매산여고_1학기_중간_고1_기출_c.js,26_매산여고_1학기_중간_고1_기출_c,13,공통수학1,H22-C-05,이차방정식과 이차함수,H22-C-05-FUNCTION_BASIC,함수의 뜻과 그래프,객관식,,ABSENT,,ABSENT,0,32632,a9a318f47c3942d7aca4b3e2e35182a434ed851b12ed63cfdc89984f0b585c36,45113e406ab84247644e96c2b90659e6cbc2971de83c1a5245e59432eeb0c70f,fd27b806cda3b9ffcd509817abe5e8ffbc784edd8a81f13f348e6066a2778022,VISUAL_REQUIRED,ADD_NEW_VISUAL,ADD,GRAPH_OR_FUNCTION_STRUCTURE|NUMBER_LINE_OR_INEQUALITY_STRUCTURE|COORDINATE_OR_GEOMETRY_STRUCTURE|CASE_OR_BOUNDARY_STRUCTURE,NOT_STARTED,NOT_STARTED,NOT_STARTED,NOT_TESTED,NOT_REVIEWED,NOT_STARTED,CANDIDATE_SCOPE_ONLY
archive/exams/original/high/h1/1mid/26_매산여고_1학기_중간_고1_기출_c.js|26_매산여고_1학기_중간_고1_기출_c|14,archive/exams/original/high/h1/1mid/26_매산여고_1학기_중간_고1_기출_c.js,26_매산여고_1학기_중간_고1_기출_c,14,공통수학1,H22-C-05,이차방정식과 이차함수,H22-C-05-FUNCTION_BASIC,함수의 뜻과 그래프,객관식,,ABSENT,,ABSENT,0,32632,a9a318f47c3942d7aca4b3e2e35182a434ed851b12ed63cfdc89984f0b585c36,726b5f75b24dd82d99b8652230fdca16b1413d8b98b9acfe603149e2d76b1ecd,4ff48c4ffae0995f4f3f8cb50562a60c8b92a4a44d55400d66b812be2e2f114e,VISUAL_REQUIRED,ADD_NEW_VISUAL,ADD,GRAPH_OR_FUNCTION_STRUCTURE|NUMBER_LINE_OR_INEQUALITY_STRUCTURE|COORDINATE_OR_GEOMETRY_STRUCTURE|CASE_OR_BOUNDARY_STRUCTURE,NOT_STARTED,NOT_STARTED,NOT_STARTED,NOT_TESTED,NOT_REVIEWED,NOT_STARTED,CANDIDATE_SCOPE_ONLY
archive/exams/original/high/h1/1mid/26_매산여고_1학기_중간_고1_기출_c.js|26_매산여고_1학기_중간_고1_기출_c|19,archive/exams/original/high/h1/1mid/26_매산여고_1학기_중간_고1_기출_c.js,26_매산여고_1학기_중간_고1_기출_c,19,공통수학1,H22-C-05,이차방정식과 이차함수,H22-C-05-FUNCTION_BASIC,함수의 뜻과 그래프,객관식,,ABSENT,,ABSENT,0,32632,a9a318f47c3942d7aca4b3e2e35182a434ed851b12ed63cfdc89984f0b585c36,3e166f5bfd4977391bc76012c3b4b198b312aa9998d9e539740210f33bc4b636,a5f7d463c9d462355c472302f08c19127e57af4d2ecf4781fa600a4f24c2eb3a,VISUAL_REQUIRED,ADD_NEW_VISUAL,ADD,GRAPH_OR_FUNCTION_STRUCTURE|NUMBER_LINE_OR_INEQUALITY_STRUCTURE|COORDINATE_OR_GEOMETRY_STRUCTURE|CASE_OR_BOUNDARY_STRUCTURE,NOT_STARTED,NOT_STARTED,NOT_STARTED,NOT_TESTED,NOT_REVIEWED,NOT_STARTED,CANDIDATE_SCOPE_ONLY
archive/exams/original/high/h1/1mid/26_매산여고_1학기_중간_고1_기출_c.js|26_매산여고_1학기_중간_고1_기출_c|20,archive/exams/original/high/h1/1mid/26_매산여고_1학기_중간_고1_기출_c.js,26_매산여고_1학기_중간_고1_기출_c,20,공통수학1,H22-C-05,이차방정식과 이차함수,H22-C-05-EQUATION_BASIC,방정식의 풀이,객관식,,ABSENT,,ABSENT,0,32632,a9a318f47c3942d7aca4b3e2e35182a434ed851b12ed63cfdc89984f0b585c36,45789754c3f2508ad1c44a195f3cd57b1d76e9499e81368fa9e8d05a2678f440,d16d5d9884d57a5ec5c633b755476b3066f3038343214af1f318d95b2e6a7c28,VISUAL_REQUIRED,ADD_NEW_VISUAL,ADD,GRAPH_OR_FUNCTION_STRUCTURE|NUMBER_LINE_OR_INEQUALITY_STRUCTURE|CASE_OR_BOUNDARY_STRUCTURE,NOT_STARTED,NOT_STARTED,NOT_STARTED,NOT_TESTED,NOT_REVIEWED,NOT_STARTED,CANDIDATE_SCOPE_ONLY
archive/exams/original/high/h1/1mid/26_매산여고_1학기_중간_고1_기출_c.js|26_매산여고_1학기_중간_고1_기출_c|22,archive/exams/original/high/h1/1mid/26_매산여고_1학기_중간_고1_기출_c.js,26_매산여고_1학기_중간_고1_기출_c,22,공통수학1,H22-C-05,이차방정식과 이차함수,H22-C-05-QUADRATIC_FUNCTION_GRAPH,이차함수의 그래프,서술형,assets/images/26_매산여고_1학기_중간_고1_기출/q22.png,PRESENT,,ABSENT,0,32632,a9a318f47c3942d7aca4b3e2e35182a434ed851b12ed63cfdc89984f0b585c36,0ae6c6dca1df95abfdb5b6928f44b50f47cdfd739506f6608b6ea02d514fa400,74f545012fb0b7e68ca9314a9086d4af03193ba60996a00d5906e4d30871681f,VISUAL_REQUIRED,ADD_NEW_VISUAL,ADD,GRAPH_OR_FUNCTION_STRUCTURE|COORDINATE_OR_GEOMETRY_STRUCTURE,NOT_STARTED,NOT_STARTED,NOT_STARTED,NOT_TESTED,NOT_REVIEWED,NOT_STARTED,CANDIDATE_SCOPE_ONLY
archive/exams/original/high/h1/1mid/26_매산여고_1학기_중간_고1_기출_c.js|26_매산여고_1학기_중간_고1_기출_c|6,archive/exams/original/high/h1/1mid/26_매산여고_1학기_중간_고1_기출_c.js,26_매산여고_1학기_중간_고1_기출_c,6,공통수학1,H22-C-05,이차방정식과 이차함수,H22-C-05-QUADRATIC_FUNCTION_GRAPH,이차함수의 그래프,객관식,,ABSENT,,ABSENT,0,32632,a9a318f47c3942d7aca4b3e2e35182a434ed851b12ed63cfdc89984f0b585c36,615ea9d5019ef192830a5213a9ce02db238280dd670b2ad67ddacb5449fa6ea7,56cddc65a834d35abd670fc9c4a509b882d53e4c8323413918252912a7bf3d83,VISUAL_REQUIRED,ADD_NEW_VISUAL,ADD,GRAPH_OR_FUNCTION_STRUCTURE|NUMBER_LINE_OR_INEQUALITY_STRUCTURE|COORDINATE_OR_GEOMETRY_STRUCTURE|CASE_OR_BOUNDARY_STRUCTURE,NOT_STARTED,NOT_STARTED,NOT_STARTED,NOT_TESTED,NOT_REVIEWED,NOT_STARTED,CANDIDATE_SCOPE_ONLY
archive/exams/original/high/h1/1mid/26_매산여고_1학기_중간_고1_기출_c.js|26_매산여고_1학기_중간_고1_기출_c|7,archive/exams/original/high/h1/1mid/26_매산여고_1학기_중간_고1_기출_c.js,26_매산여고_1학기_중간_고1_기출_c,7,공통수학1,H22-C-05,이차방정식과 이차함수,H22-C-05-FUNCTION_BASIC,함수의 뜻과 그래프,객관식,,ABSENT,,ABSENT,0,32632,a9a318f47c3942d7aca4b3e2e35182a434ed851b12ed63cfdc89984f0b585c36,7c8842e9c590eea5a3d42eb98bbb5bf73e8fe2468141b4a411cb35486411b80b,6900047db61ade5a6daf73e3c9e716f1240444ad8a8ec407b2af2835c722fd37,VISUAL_REQUIRED,ADD_NEW_VISUAL,ADD,GRAPH_OR_FUNCTION_STRUCTURE|NUMBER_LINE_OR_INEQUALITY_STRUCTURE|COORDINATE_OR_GEOMETRY_STRUCTURE|CASE_OR_BOUNDARY_STRUCTURE,NOT_STARTED,NOT_STARTED,NOT_STARTED,NOT_TESTED,NOT_REVIEWED,NOT_STARTED,CANDIDATE_SCOPE_ONLY
archive/exams/original/high/h1/1mid/26_팔마고_1학기_중간_고1_기출_c.js|26_팔마고_1학기_중간_고1_기출_c|10,archive/exams/original/high/h1/1mid/26_팔마고_1학기_중간_고1_기출_c.js,26_팔마고_1학기_중간_고1_기출_c,10,공통수학1,H22-C-06,여러 가지 방정식과 부등식,H22-C-06-EQUATION_BASIC,방정식의 풀이,객관식,,ABSENT,,ABSENT,0,36754,82ad8e7b7275f3870fadc87455beebce75219f1fe8c040a61d6e4aeccfa3ee0e,df0e7891fb7c4223231ccc2286df7d20c014b53477786bf7e9a9200b5b159b8e,5ff95d183ab72fe6e788dc21d4d41973ba103639e2c31cc6b11e4199cd8a971b,VISUAL_OPTIONAL_OR_EXEMPT_CANDIDATE,NO_VISUAL,NONE,NUMBER_LINE_OR_INEQUALITY_STRUCTURE,NOT_STARTED,NOT_STARTED,NOT_STARTED,NOT_TESTED,NOT_REVIEWED,NOT_STARTED,CANDIDATE_SCOPE_ONLY
archive/exams/original/high/h1/1mid/26_팔마고_1학기_중간_고1_기출_c.js|26_팔마고_1학기_중간_고1_기출_c|13,archive/exams/original/high/h1/1mid/26_팔마고_1학기_중간_고1_기출_c.js,26_팔마고_1학기_중간_고1_기출_c,13,공통수학1,H22-C-06,여러 가지 방정식과 부등식,H22-C-06-EQUATION_BASIC,방정식의 풀이,객관식,,ABSENT,,ABSENT,0,36754,82ad8e7b7275f3870fadc87455beebce75219f1fe8c040a61d6e4aeccfa3ee0e,b16ca7ab3266a613ddaef285f4dfba615b4dae35d5993986571120e5a16fb99d,b4416f09d997e65cba31327b33ad225020bd559571bde33c037d4b9fd44ecad2,VISUAL_OPTIONAL_OR_EXEMPT_CANDIDATE,NO_VISUAL,NONE,NUMBER_LINE_OR_INEQUALITY_STRUCTURE|COORDINATE_OR_GEOMETRY_STRUCTURE,NOT_STARTED,NOT_STARTED,NOT_STARTED,NOT_TESTED,NOT_REVIEWED,NOT_STARTED,CANDIDATE_SCOPE_ONLY
archive/exams/original/high/h1/1mid/26_팔마고_1학기_중간_고1_기출_c.js|26_팔마고_1학기_중간_고1_기출_c|14,archive/exams/original/high/h1/1mid/26_팔마고_1학기_중간_고1_기출_c.js,26_팔마고_1학기_중간_고1_기출_c,14,공통수학1,H22-C-06,여러 가지 방정식과 부등식,H22-C-06-EQUATION,여러 가지 방정식,객관식,,ABSENT,,ABSENT,0,36754,82ad8e7b7275f3870fadc87455beebce75219f1fe8c040a61d6e4aeccfa3ee0e,641cdadc1de03e7629f9779f5ccb1e97c7e133aa35faf1217a43a4425e90e7bd,b3222dc6274acce51321cfc048d9e791525bf9a504955426fe0ee8c56fbf7f00,VISUAL_OPTIONAL_OR_EXEMPT_CANDIDATE,NO_VISUAL,NONE,NUMBER_LINE_OR_INEQUALITY_STRUCTURE,NOT_STARTED,NOT_STARTED,NOT_STARTED,NOT_TESTED,NOT_REVIEWED,NOT_STARTED,CANDIDATE_SCOPE_ONLY
archive/exams/original/high/h1/1mid/26_팔마고_1학기_중간_고1_기출_c.js|26_팔마고_1학기_중간_고1_기출_c|15,archive/exams/original/high/h1/1mid/26_팔마고_1학기_중간_고1_기출_c.js,26_팔마고_1학기_중간_고1_기출_c,15,공통수학1,H22-C-05,이차방정식과 이차함수,H22-C-05-FUNCTION_BASIC,함수의 뜻과 그래프,객관식,,ABSENT,,ABSENT,0,36754,82ad8e7b7275f3870fadc87455beebce75219f1fe8c040a61d6e4aeccfa3ee0e,ec1d816618a5a083de2acad9f416f3b54585d6e1ad8a8f62a39ef4b0d8e73b4a,56cddc65a834d35abd670fc9c4a509b882d53e4c8323413918252912a7bf3d83,VISUAL_REQUIRED,ADD_NEW_VISUAL,ADD,GRAPH_OR_FUNCTION_STRUCTURE|NUMBER_LINE_OR_INEQUALITY_STRUCTURE|COORDINATE_OR_GEOMETRY_STRUCTURE|CASE_OR_BOUNDARY_STRUCTURE,NOT_STARTED,NOT_STARTED,NOT_STARTED,NOT_TESTED,NOT_REVIEWED,NOT_STARTED,CANDIDATE_SCOPE_ONLY
archive/exams/original/high/h1/1mid/26_팔마고_1학기_중간_고1_기출_c.js|26_팔마고_1학기_중간_고1_기출_c|18,archive/exams/original/high/h1/1mid/26_팔마고_1학기_중간_고1_기출_c.js,26_팔마고_1학기_중간_고1_기출_c,18,공통수학1,H22-C-06,여러 가지 방정식과 부등식,H22-C-06-EQUATION_BASIC,방정식의 풀이,객관식,,ABSENT,,ABSENT,0,36754,82ad8e7b7275f3870fadc87455beebce75219f1fe8c040a61d6e4aeccfa3ee0e,b957df229a50e87e813f90e145f4686893a09b20361bb9d74d79808e8a602b48,d16d5d9884d57a5ec5c633b755476b3066f3038343214af1f318d95b2e6a7c28,VISUAL_OPTIONAL_OR_EXEMPT_CANDIDATE,NO_VISUAL,NONE,NUMBER_LINE_OR_INEQUALITY_STRUCTURE,NOT_STARTED,NOT_STARTED,NOT_STARTED,NOT_TESTED,NOT_REVIEWED,NOT_STARTED,CANDIDATE_SCOPE_ONLY
archive/exams/original/high/h1/1mid/26_팔마고_1학기_중간_고1_기출_c.js|26_팔마고_1학기_중간_고1_기출_c|21,archive/exams/original/high/h1/1mid/26_팔마고_1학기_중간_고1_기출_c.js,26_팔마고_1학기_중간_고1_기출_c,21,공통수학1,H22-C-06,여러 가지 방정식과 부등식,H22-C-06-EQUATION_BASIC,방정식의 풀이,서술형,,ABSENT,,ABSENT,0,36754,82ad8e7b7275f3870fadc87455beebce75219f1fe8c040a61d6e4aeccfa3ee0e,40ed44f34c89b5c3f75395aca337e1f4edb002eef48921230f9bd049d5259bf4,474ee8de8338fcf1646589ce963cc9d78bec77625897b143f483856c894435b7,VISUAL_OPTIONAL_OR_EXEMPT_CANDIDATE,NO_VISUAL,NONE,GRAPH_OR_FUNCTION_STRUCTURE|NUMBER_LINE_OR_INEQUALITY_STRUCTURE|COORDINATE_OR_GEOMETRY_STRUCTURE|CASE_OR_BOUNDARY_STRUCTURE,NOT_STARTED,NOT_STARTED,NOT_STARTED,NOT_TESTED,NOT_REVIEWED,NOT_STARTED,CANDIDATE_SCOPE_ONLY
archive/exams/original/high/h1/1mid/26_팔마고_1학기_중간_고1_기출_c.js|26_팔마고_1학기_중간_고1_기출_c|22,archive/exams/original/high/h1/1mid/26_팔마고_1학기_중간_고1_기출_c.js,26_팔마고_1학기_중간_고1_기출_c,22,공통수학1,H22-C-05,이차방정식과 이차함수,H22-C-05-FUNCTION_BASIC,함수의 뜻과 그래프,서술형,,ABSENT,,ABSENT,0,36754,82ad8e7b7275f3870fadc87455beebce75219f1fe8c040a61d6e4aeccfa3ee0e,f62972880e64e6b03068fe644fcf06befa547ecdd64b1e20c2b0fb9afc661b3e,7255a7b9e35f52edef5cd3055400dcd172d57ea16c080c1773d8617ddcec1d6b,VISUAL_REQUIRED,ADD_NEW_VISUAL,ADD,GRAPH_OR_FUNCTION_STRUCTURE|NUMBER_LINE_OR_INEQUALITY_STRUCTURE|COORDINATE_OR_GEOMETRY_STRUCTURE|CASE_OR_BOUNDARY_STRUCTURE,NOT_STARTED,NOT_STARTED,NOT_STARTED,NOT_TESTED,NOT_REVIEWED,NOT_STARTED,CANDIDATE_SCOPE_ONLY
archive/exams/original/high/h1/1mid/26_팔마고_1학기_중간_고1_기출_c.js|26_팔마고_1학기_중간_고1_기출_c|4,archive/exams/original/high/h1/1mid/26_팔마고_1학기_중간_고1_기출_c.js,26_팔마고_1학기_중간_고1_기출_c,4,공통수학1,H22-C-05,이차방정식과 이차함수,H22-C-05-QUADRATIC_FUNCTION_GRAPH,이차함수의 그래프,객관식,,ABSENT,,ABSENT,0,36754,82ad8e7b7275f3870fadc87455beebce75219f1fe8c040a61d6e4aeccfa3ee0e,94f47583bdeb2b0c39498babdab304ec113ea42c7655b755490d42c559ebdace,c6960f56a13a852052e2a837eed0f24ef22432c197eaeb6247a5e78e728edaba,VISUAL_REQUIRED,ADD_NEW_VISUAL,ADD,GRAPH_OR_FUNCTION_STRUCTURE|NUMBER_LINE_OR_INEQUALITY_STRUCTURE|COORDINATE_OR_GEOMETRY_STRUCTURE|CASE_OR_BOUNDARY_STRUCTURE,NOT_STARTED,NOT_STARTED,NOT_STARTED,NOT_TESTED,NOT_REVIEWED,NOT_STARTED,CANDIDATE_SCOPE_ONLY
archive/exams/original/high/h1/1mid/26_팔마고_1학기_중간_고1_기출_c.js|26_팔마고_1학기_중간_고1_기출_c|5,archive/exams/original/high/h1/1mid/26_팔마고_1학기_중간_고1_기출_c.js,26_팔마고_1학기_중간_고1_기출_c,5,공통수학1,H22-C-05,이차방정식과 이차함수,H22-C-05-FUNCTION_BASIC,함수의 뜻과 그래프,객관식,,ABSENT,,ABSENT,0,36754,82ad8e7b7275f3870fadc87455beebce75219f1fe8c040a61d6e4aeccfa3ee0e,dc5bfe7d0a76aca56a9942328926135404b85b675b39fee0493bd68b61858816,56cddc65a834d35abd670fc9c4a509b882d53e4c8323413918252912a7bf3d83,VISUAL_REQUIRED,ADD_NEW_VISUAL,ADD,GRAPH_OR_FUNCTION_STRUCTURE|NUMBER_LINE_OR_INEQUALITY_STRUCTURE|COORDINATE_OR_GEOMETRY_STRUCTURE|CASE_OR_BOUNDARY_STRUCTURE,NOT_STARTED,NOT_STARTED,NOT_STARTED,NOT_TESTED,NOT_REVIEWED,NOT_STARTED,CANDIDATE_SCOPE_ONLY
archive/exams/original/high/h1/1mid/26_팔마고_1학기_중간_고1_기출_c.js|26_팔마고_1학기_중간_고1_기출_c|9,archive/exams/original/high/h1/1mid/26_팔마고_1학기_중간_고1_기출_c.js,26_팔마고_1학기_중간_고1_기출_c,9,공통수학1,H22-C-05,이차방정식과 이차함수,H22-C-05-QUADRATIC_FUNCTION_GRAPH,이차함수의 그래프,객관식,assets/images/26_팔마고_1학기_중간_고1_기출/q9.png,PRESENT,,ABSENT,0,36754,82ad8e7b7275f3870fadc87455beebce75219f1fe8c040a61d6e4aeccfa3ee0e,1d413d771b98c7f4a9833741055e14ad5db8441de38c986eb3104a9b64b91e4d,56cddc65a834d35abd670fc9c4a509b882d53e4c8323413918252912a7bf3d83,VISUAL_REQUIRED,ADD_NEW_VISUAL,ADD,GRAPH_OR_FUNCTION_STRUCTURE|NUMBER_LINE_OR_INEQUALITY_STRUCTURE|COORDINATE_OR_GEOMETRY_STRUCTURE|CASE_OR_BOUNDARY_STRUCTURE,NOT_STARTED,NOT_STARTED,NOT_STARTED,NOT_TESTED,NOT_REVIEWED,NOT_STARTED,CANDIDATE_SCOPE_ONLY
archive/exams/original/high/h1/1mid/26_효천고_1학기_중간_고1_기출c.js|26_효천고_1학기_중간_고1_기출c|11,archive/exams/original/high/h1/1mid/26_효천고_1학기_중간_고1_기출c.js,26_효천고_1학기_중간_고1_기출c,11,공통수학1,H22-C-06,여러 가지 방정식과 부등식,H22-C-06-EQUATION_BASIC,방정식의 풀이,객관식,,ABSENT,,ABSENT,0,50465,db242d2a18658e80729453eddca0c3643dc5235cd920a784afcd70d993cc7501,2291ab16691fcf097809ef67161da5dd9f0c53d099c67cb29f99ac52e1f1b4a9,484adb3f23ac356d00d78d819e46d62ced19a444c500359ebc8bd729966e2ec3,VISUAL_OPTIONAL_OR_EXEMPT_CANDIDATE,NO_VISUAL,NONE,NUMBER_LINE_OR_INEQUALITY_STRUCTURE,NOT_STARTED,NOT_STARTED,NOT_STARTED,NOT_TESTED,NOT_REVIEWED,NOT_STARTED,CANDIDATE_SCOPE_ONLY
archive/exams/original/high/h1/1mid/26_효천고_1학기_중간_고1_기출c.js|26_효천고_1학기_중간_고1_기출c|13,archive/exams/original/high/h1/1mid/26_효천고_1학기_중간_고1_기출c.js,26_효천고_1학기_중간_고1_기출c,13,공통수학1,H22-C-06,여러 가지 방정식과 부등식,H22-C-06-EQUATION_BASIC,방정식의 풀이,객관식,,ABSENT,,ABSENT,0,50465,db242d2a18658e80729453eddca0c3643dc5235cd920a784afcd70d993cc7501,60e4a21e48fed595995a5e477a2f60090c2953c532ad68ac1ebd00c7dd1bba97,f75fb382829db0a3f8976d9873cac1c91ebb3697d4fb4b593207b68bc080a765,VISUAL_OPTIONAL_OR_EXEMPT_CANDIDATE,NO_VISUAL,NONE,NUMBER_LINE_OR_INEQUALITY_STRUCTURE,NOT_STARTED,NOT_STARTED,NOT_STARTED,NOT_TESTED,NOT_REVIEWED,NOT_STARTED,CANDIDATE_SCOPE_ONLY
archive/exams/original/high/h1/1mid/26_효천고_1학기_중간_고1_기출c.js|26_효천고_1학기_중간_고1_기출c|15,archive/exams/original/high/h1/1mid/26_효천고_1학기_중간_고1_기출c.js,26_효천고_1학기_중간_고1_기출c,15,공통수학1,H22-C-05,이차방정식과 이차함수,H22-C-05-FUNCTION_BASIC,함수의 뜻과 그래프,객관식,assets/images/26_효천고_1학기_중간_고1_기출/q15.png,PRESENT,,ABSENT,0,50465,db242d2a18658e80729453eddca0c3643dc5235cd920a784afcd70d993cc7501,e6ed23389185066f79d857fcc3081371925016379ebe8c1717b98433b459efa1,e9197bf8cec2e40839818745d61c318b90dad3ee3d166d4598e7490c5e28d2ae,VISUAL_REQUIRED,ADD_NEW_VISUAL,ADD,GRAPH_OR_FUNCTION_STRUCTURE,NOT_STARTED,NOT_STARTED,NOT_STARTED,NOT_TESTED,NOT_REVIEWED,NOT_STARTED,CANDIDATE_SCOPE_ONLY
archive/exams/original/high/h1/1mid/26_효천고_1학기_중간_고1_기출c.js|26_효천고_1학기_중간_고1_기출c|17,archive/exams/original/high/h1/1mid/26_효천고_1학기_중간_고1_기출c.js,26_효천고_1학기_중간_고1_기출c,17,공통수학1,H22-C-05,이차방정식과 이차함수,H22-C-05-QUADRATIC_FUNCTION_GRAPH,이차함수의 그래프,객관식,,ABSENT,,ABSENT,0,50465,db242d2a18658e80729453eddca0c3643dc5235cd920a784afcd70d993cc7501,8c4377e2df9445955656e2205b0dc976942376e6eb5feb0ad54be1ad47044d16,88ce9e68979087c5293d4bf2b1f110d1fdf962789476204c021a675a48fb7c16,VISUAL_REQUIRED,ADD_NEW_VISUAL,ADD,GRAPH_OR_FUNCTION_STRUCTURE|NUMBER_LINE_OR_INEQUALITY_STRUCTURE|CASE_OR_BOUNDARY_STRUCTURE,NOT_STARTED,NOT_STARTED,NOT_STARTED,NOT_TESTED,NOT_REVIEWED,NOT_STARTED,CANDIDATE_SCOPE_ONLY
archive/exams/original/high/h1/1mid/26_효천고_1학기_중간_고1_기출c.js|26_효천고_1학기_중간_고1_기출c|18,archive/exams/original/high/h1/1mid/26_효천고_1학기_중간_고1_기출c.js,26_효천고_1학기_중간_고1_기출c,18,공통수학1,H22-C-05,이차방정식과 이차함수,H22-C-05-QUADRATIC_FUNCTION_GRAPH,이차함수의 그래프,객관식,assets/images/26_효천고_1학기_중간_고1_기출/q18.png,PRESENT,,ABSENT,0,50465,db242d2a18658e80729453eddca0c3643dc5235cd920a784afcd70d993cc7501,fe3ca2a8bbe3f03eb3979a4d78bbeafee89fff78b9d8a347a169d0f5d3b4272c,3fa17912a68c7e19b6976afcecf074948330f8a2eb38d695c1d8c4275ed0af29,VISUAL_REQUIRED,ADD_NEW_VISUAL,ADD,GRAPH_OR_FUNCTION_STRUCTURE|COORDINATE_OR_GEOMETRY_STRUCTURE|CASE_OR_BOUNDARY_STRUCTURE,NOT_STARTED,NOT_STARTED,NOT_STARTED,NOT_TESTED,NOT_REVIEWED,NOT_STARTED,CANDIDATE_SCOPE_ONLY
archive/exams/original/high/h1/1mid/26_효천고_1학기_중간_고1_기출c.js|26_효천고_1학기_중간_고1_기출c|22,archive/exams/original/high/h1/1mid/26_효천고_1학기_중간_고1_기출c.js,26_효천고_1학기_중간_고1_기출c,22,공통수학1,H22-C-06,여러 가지 방정식과 부등식,H22-C-06-EQUATION_BASIC,방정식의 풀이,단답형,,ABSENT,,ABSENT,0,50465,db242d2a18658e80729453eddca0c3643dc5235cd920a784afcd70d993cc7501,6a2ed3c6108dbf0094af8d50dda819275e5e038ffb34e5dc22a15ca0b4a07284,773c2b6362984342c05c286738ca5d3e96af600066dd6347e63c2913e9144d1d,VISUAL_OPTIONAL_OR_EXEMPT_CANDIDATE,NO_VISUAL,NONE,GRAPH_OR_FUNCTION_STRUCTURE|NUMBER_LINE_OR_INEQUALITY_STRUCTURE|CASE_OR_BOUNDARY_STRUCTURE,NOT_STARTED,NOT_STARTED,NOT_STARTED,NOT_TESTED,NOT_REVIEWED,NOT_STARTED,CANDIDATE_SCOPE_ONLY
archive/exams/original/high/h1/1mid/26_효천고_1학기_중간_고1_기출c.js|26_효천고_1학기_중간_고1_기출c|25,archive/exams/original/high/h1/1mid/26_효천고_1학기_중간_고1_기출c.js,26_효천고_1학기_중간_고1_기출c,25,공통수학1,H22-C-05,이차방정식과 이차함수,H22-C-05-FUNCTION_BASIC,함수의 뜻과 그래프,서술형,,ABSENT,,ABSENT,0,50465,db242d2a18658e80729453eddca0c3643dc5235cd920a784afcd70d993cc7501,9352e73e97aa2055087c6cd9bc24b02e8c9b64a40b475ecd1ea346b52eab8052,88caec0f4e6d47dfb33a58a2b3bc4714c97aa093f42411bf2643e5c4e62f65aa,VISUAL_REQUIRED,ADD_NEW_VISUAL,ADD,GRAPH_OR_FUNCTION_STRUCTURE|COORDINATE_OR_GEOMETRY_STRUCTURE,NOT_STARTED,NOT_STARTED,NOT_STARTED,NOT_TESTED,NOT_REVIEWED,NOT_STARTED,CANDIDATE_SCOPE_ONLY
archive/exams/original/high/h1/1mid/26_효천고_1학기_중간_고1_기출c.js|26_효천고_1학기_중간_고1_기출c|26,archive/exams/original/high/h1/1mid/26_효천고_1학기_중간_고1_기출c.js,26_효천고_1학기_중간_고1_기출c,26,공통수학1,H22-C-05,이차방정식과 이차함수,H22-C-05-FUNCTION_BASIC,함수의 뜻과 그래프,서술형,,ABSENT,,ABSENT,0,50465,db242d2a18658e80729453eddca0c3643dc5235cd920a784afcd70d993cc7501,171ba8de7f91f9cbfd881fdb42a59dc463a1c0e3b3b495809a1ddeba8212939c,eb4f7e95b571a21f91f5570e089b958cb3708bb38be0f5f21fc58893de98f7f2,VISUAL_REQUIRED,ADD_NEW_VISUAL,ADD,GRAPH_OR_FUNCTION_STRUCTURE|NUMBER_LINE_OR_INEQUALITY_STRUCTURE|COORDINATE_OR_GEOMETRY_STRUCTURE|CASE_OR_BOUNDARY_STRUCTURE,NOT_STARTED,NOT_STARTED,NOT_STARTED,NOT_TESTED,NOT_REVIEWED,NOT_STARTED,CANDIDATE_SCOPE_ONLY
archive/exams/original/high/h1/1mid/26_효천고_1학기_중간_고1_기출c.js|26_효천고_1학기_중간_고1_기출c|4,archive/exams/original/high/h1/1mid/26_효천고_1학기_중간_고1_기출c.js,26_효천고_1학기_중간_고1_기출c,4,공통수학1,H22-C-06,여러 가지 방정식과 부등식,H22-C-06-EQUATION,여러 가지 방정식,객관식,,ABSENT,,ABSENT,0,50465,db242d2a18658e80729453eddca0c3643dc5235cd920a784afcd70d993cc7501,68cecaf11847ff3e99026f5c6fd024e3287cbeed05acdef4b32cc8a94dea24c4,6e87d65187d495bc0a40e0b370ebe77acf449d483560f25d776ca25ba3c3f579,VISUAL_OPTIONAL_OR_EXEMPT_CANDIDATE,NO_VISUAL,NONE,NUMBER_LINE_OR_INEQUALITY_STRUCTURE,NOT_STARTED,NOT_STARTED,NOT_STARTED,NOT_TESTED,NOT_REVIEWED,NOT_STARTED,CANDIDATE_SCOPE_ONLY
archive/exams/original/high/h1/1mid/26_효천고_1학기_중간_고1_기출c.js|26_효천고_1학기_중간_고1_기출c|9,archive/exams/original/high/h1/1mid/26_효천고_1학기_중간_고1_기출c.js,26_효천고_1학기_중간_고1_기출c,9,공통수학1,H22-C-05,이차방정식과 이차함수,H22-C-05-FUNCTION_BASIC,함수의 뜻과 그래프,객관식,,ABSENT,,ABSENT,0,50465,db242d2a18658e80729453eddca0c3643dc5235cd920a784afcd70d993cc7501,a1fced9b6962fb634c4b1b21e9c5b068653d58e7e8d0e913848b2b2677f3d579,e8d7565e52d478c595a50155706c98b8b0f7deb7b08d36ea2ff47f1a9d5957cc,VISUAL_REQUIRED,ADD_NEW_VISUAL,ADD,GRAPH_OR_FUNCTION_STRUCTURE|COORDINATE_OR_GEOMETRY_STRUCTURE|CASE_OR_BOUNDARY_STRUCTURE,NOT_STARTED,NOT_STARTED,NOT_STARTED,NOT_TESTED,NOT_REVIEWED,NOT_STARTED,CANDIDATE_SCOPE_ONLY
archive/exams/original/high/h1/2mid/23_금당고_2학기_중간_고1_기출.js|23_금당고_2학기_중간_고1_기출|17,archive/exams/original/high/h1/2mid/23_금당고_2학기_중간_고1_기출.js,23_금당고_2학기_중간_고1_기출,17,수학(상),H15-SA-05,이차방정식,H15-SA-05-EQUATION_FUNCTION_RELATION,이차방정식과 이차함수의 관계,객관식,,ABSENT,,ABSENT,0,45257,8de05340599c3d87ebc6de4ef888111e37ecce5d4408214222204a75c51cf2f7,e210012041c329fa146c839aee00b4265e2dd898129c0632d7e9514fdc39cb00,7548e43d4022ae15eeb71132db4610efc3e9ec9e2c7c045a750e0f3b15e3ac69,VISUAL_REQUIRED,ADD_NEW_VISUAL,ADD,GRAPH_OR_FUNCTION_STRUCTURE|COORDINATE_OR_GEOMETRY_STRUCTURE|CASE_OR_BOUNDARY_STRUCTURE,NOT_STARTED,NOT_STARTED,NOT_STARTED,NOT_TESTED,NOT_REVIEWED,NOT_STARTED,CANDIDATE_SCOPE_ONLY
archive/exams/original/high/h1/2mid/23_순천여고_2학기_중간_고1_기출.js|23_순천여고_2학기_중간_고1_기출|11,archive/exams/original/high/h1/2mid/23_순천여고_2학기_중간_고1_기출.js,23_순천여고_2학기_중간_고1_기출,11,수학(상),H15-SA-05,이차방정식,H15-SA-05-DISCRIMINANT,판별식과 근의 조건,객관식,,ABSENT,,ABSENT,0,44915,9bcfa3983ea6a07d3b7527152076e5d33ba525545554681074dd8f02d5101db5,a0375ee20d074f0de8cadbaf97939238c6b9352f76c2873b1b5390304a5b1966,065c37096bc69b36bd97fa81f9356aefe3e2ceaff52d186f1134ded8a92e17c2,VISUAL_REQUIRED,ADD_NEW_VISUAL,ADD,GRAPH_OR_FUNCTION_STRUCTURE|CASE_OR_BOUNDARY_STRUCTURE,NOT_STARTED,NOT_STARTED,NOT_STARTED,NOT_TESTED,NOT_REVIEWED,NOT_STARTED,CANDIDATE_SCOPE_ONLY
archive/exams/original/high/h1/2mid/24_금당고_2학기_중간_고1_기출.js|24_금당고_2학기_중간_고1_기출|19,archive/exams/original/high/h1/2mid/24_금당고_2학기_중간_고1_기출.js,24_금당고_2학기_중간_고1_기출,19,수학(상),H15-SA-08,여러 가지 부등식,H15-SA-08-INEQUALITY_BASIC,부등식의 풀이,단답형,,ABSENT,,ABSENT,0,37892,d180b2755ba1dcaef165b5c350b9a0c4b027669f6d56f0a2c7746b03b185d1e1,1308e309d37b39922967f73df532c8f1a34838e6ff001848f3c14cd4bf5968ee,66c3576a842c3ae8b5f774c7a7454aab3e7d3ef50dff62a348b59ad29a64821e,VISUAL_REQUIRED,ADD_NEW_VISUAL,ADD,NUMBER_LINE_OR_INEQUALITY_STRUCTURE,NOT_STARTED,NOT_STARTED,NOT_STARTED,NOT_TESTED,NOT_REVIEWED,NOT_STARTED,CANDIDATE_SCOPE_ONLY
archive/exams/original/high/h1/2mid/24_금당고_2학기_중간_고1_기출.js|24_금당고_2학기_중간_고1_기출|8,archive/exams/original/high/h1/2mid/24_금당고_2학기_중간_고1_기출.js,24_금당고_2학기_중간_고1_기출,8,수학(상),H15-SA-08,여러 가지 부등식,H15-SA-08-INEQUALITY_BASIC,부등식의 풀이,객관식,,ABSENT,,ABSENT,0,37892,d180b2755ba1dcaef165b5c350b9a0c4b027669f6d56f0a2c7746b03b185d1e1,751bb924c1a0d0a818966e06c9b37b3ffd82900fa2b1d8f90d04d58c7acc527c,f0aeaf7abd34a48bc1d3b5fb6a20bb68270eb5ee3262cdd80bf3d34d04027d16,VISUAL_REQUIRED,ADD_NEW_VISUAL,ADD,NUMBER_LINE_OR_INEQUALITY_STRUCTURE,NOT_STARTED,NOT_STARTED,NOT_STARTED,NOT_TESTED,NOT_REVIEWED,NOT_STARTED,CANDIDATE_SCOPE_ONLY
archive/exams/original/high/h1/2mid/24_제일고_2학기_중간_고1_기출.js|24_제일고_2학기_중간_고1_기출|20,archive/exams/original/high/h1/2mid/24_제일고_2학기_중간_고1_기출.js,24_제일고_2학기_중간_고1_기출,20,수학(상),H15-SA-08,여러 가지 부등식,H15-SA-08-QUADRATIC_INEQUALITY,이차부등식,서술형,,ABSENT,,ABSENT,0,38664,3d46c115477da4949e97facf2ca658779d3fd5a4dcdbd0fa9faa0d4a1e64344e,28d23a80959a691417b7a663936c76ce1f300e269b78da2cee18e27e86c5dbb1,ffca719db3eebdd3bd7230ea2e44f307caeb651a31c78489c6dc38d9d4dfa240,VISUAL_REQUIRED,ADD_NEW_VISUAL,ADD,NUMBER_LINE_OR_INEQUALITY_STRUCTURE|CASE_OR_BOUNDARY_STRUCTURE,NOT_STARTED,NOT_STARTED,NOT_STARTED,NOT_TESTED,NOT_REVIEWED,NOT_STARTED,CANDIDATE_SCOPE_ONLY
archive/exams/original/high/h1/2mid/24_제일고_2학기_중간_고1_기출.js|24_제일고_2학기_중간_고1_기출|5,archive/exams/original/high/h1/2mid/24_제일고_2학기_중간_고1_기출.js,24_제일고_2학기_중간_고1_기출,5,수학(상),H15-SA-08,여러 가지 부등식,H15-SA-08-INEQUALITY_BASIC,부등식의 풀이,객관식,,ABSENT,,ABSENT,0,38664,3d46c115477da4949e97facf2ca658779d3fd5a4dcdbd0fa9faa0d4a1e64344e,f764715dc157504f4aa8ec9caa1f7bdc691d7b8a4c0d7beae35f0ae88c246770,4f70d360886c3e0334eafd716c799acb3baf6a0ec590174884a0a9143a4951fa,VISUAL_REQUIRED,ADD_NEW_VISUAL,ADD,NUMBER_LINE_OR_INEQUALITY_STRUCTURE|CASE_OR_BOUNDARY_STRUCTURE,NOT_STARTED,NOT_STARTED,NOT_STARTED,NOT_TESTED,NOT_REVIEWED,NOT_STARTED,CANDIDATE_SCOPE_ONLY
archive/exams/original/high/h1/2mid/24_제일고_2학기_중간_고1_기출.js|24_제일고_2학기_중간_고1_기출|6,archive/exams/original/high/h1/2mid/24_제일고_2학기_중간_고1_기출.js,24_제일고_2학기_중간_고1_기출,6,수학(상),H15-SA-08,여러 가지 부등식,H15-SA-08-INEQUALITY_BASIC,부등식의 풀이,객관식,,ABSENT,,ABSENT,0,38664,3d46c115477da4949e97facf2ca658779d3fd5a4dcdbd0fa9faa0d4a1e64344e,891c46fcae11a255514cccd904958b7353cfc0a9931b3e42c62864742b46b766,1b2642d782807a653e645cacc2909b16dda9866be0022fcb7117d159c00fb579,VISUAL_REQUIRED,ADD_NEW_VISUAL,ADD,NUMBER_LINE_OR_INEQUALITY_STRUCTURE,NOT_STARTED,NOT_STARTED,NOT_STARTED,NOT_TESTED,NOT_REVIEWED,NOT_STARTED,CANDIDATE_SCOPE_ONLY
archive/exams/original/high/h1/2mid/24_제일고_2학기_중간_고1_기출.js|24_제일고_2학기_중간_고1_기출|8,archive/exams/original/high/h1/2mid/24_제일고_2학기_중간_고1_기출.js,24_제일고_2학기_중간_고1_기출,8,수학(상),H15-SA-08,여러 가지 부등식,H15-SA-08-QUADRATIC_INEQUALITY,이차부등식,객관식,,ABSENT,,ABSENT,0,38664,3d46c115477da4949e97facf2ca658779d3fd5a4dcdbd0fa9faa0d4a1e64344e,7844995fdd1e7c040875dd09af70d37362d8a5bbc415c62fc9031016869c12aa,b13aa0d028d082a555f2e6ebcb04c72de8c50aa9784513d0b5af500e467f5239,VISUAL_REQUIRED,ADD_NEW_VISUAL,ADD,NUMBER_LINE_OR_INEQUALITY_STRUCTURE,NOT_STARTED,NOT_STARTED,NOT_STARTED,NOT_TESTED,NOT_REVIEWED,NOT_STARTED,CANDIDATE_SCOPE_ONLY
