questionUid,examId,standardUnitKey,subUnitKey,graphRequirement,graphRole,graphGapDisposition,problemImageRef,solutionImageRef,problemImageStatus,problemVisualType,problemVisualStatus,solutionImageStatus,baselineProblemImageHash,baselineSolutionImageHash
h1:original/high/h1/1final/24_금당고_1학기_기말_고1_기출.js_12,original/high/h1/1final/24_금당고_1학기_기말_고1_기출.js,H15-SB-03,H15-SB-03-FUNCTION_RELATION,UNADJUDICATED,PROBLEM_PRESENT_REVIEW,PRIORITY_1_GRAPH_GAP_CANDIDATE,assets/images/24_금당고_1학기_기말_고1_기출/q12.png,,PRESENT,,PRESENT,ABSENT,511a441e4edeec88875a494ec793b42813afc4829809e285f56a8678e9ee956e,
h1:original/high/h1/2final/21_강남여고_2학기_기말_고1_기출.js_11,original/high/h1/2final/21_강남여고_2학기_기말_고1_기출.js,H15-SB-03,H15-SB-03-COMPOSITE_FUNCTION,UNADJUDICATED,PROBLEM_PRESENT_REVIEW,PRIORITY_1_GRAPH_GAP_CANDIDATE,assets/images/21_강남여고_2학기_기말_고1_기출/q11.png,,PRESENT,,PRESENT,ABSENT,f1a1de270e99ba7f81316c1034b450b3842a3ee2dc88cd0e052379b43466de6b,
h1:original/high/h1/2final/21_강남여고_2학기_기말_고1_기출.js_12,original/high/h1/2final/21_강남여고_2학기_기말_고1_기출.js,H15-SB-04,H15-SB-04-RATIONAL_GRAPH,UNADJUDICATED,PROBLEM_PRESENT_REVIEW,PRIORITY_1_GRAPH_GAP_CANDIDATE,assets/images/21_강남여고_2학기_기말_고1_기출/q12.png,,PRESENT,,PRESENT,ABSENT,b4692838d108825c90a103f090e335c0052817984c86660fc7240746c5dc018d,
h1:original/high/h1/2final/21_강남여고_2학기_기말_고1_기출.js_13,original/high/h1/2final/21_강남여고_2학기_기말_고1_기출.js,H15-SB-05,H15-SB-05-IRRATIONAL_GRAPH,UNADJUDICATED,PROBLEM_PRESENT_REVIEW,PRIORITY_1_GRAPH_GAP_CANDIDATE,assets/images/21_강남여고_2학기_기말_고1_기출/q13.png,,PRESENT,,PRESENT,ABSENT,cf68f7a964f39b9481034d6c2a76680797d1d9458b8b0047de9e2e990b812a1c,
h1:original/high/h1/2final/21_강남여고_2학기_기말_고1_기출.js_14,original/high/h1/2final/21_강남여고_2학기_기말_고1_기출.js,H15-SB-03,H15-SB-03-FUNCTION_RELATION,UNADJUDICATED,SOLUTION_CANDIDATE,PRIORITY_1_EXPLICIT_GRAPH_CANDIDATE,,,ABSENT,,ABSENT,ABSENT,,
h1:original/high/h1/2final/21_강남여고_2학기_기말_고1_기출.js_16,original/high/h1/2final/21_강남여고_2학기_기말_고1_기출.js,H15-SB-04,H15-SB-04-RATIONAL_APPLICATION,UNADJUDICATED,PROBLEM_PRESENT_REVIEW,PRIORITY_1_GRAPH_GAP_CANDIDATE,assets/images/21_강남여고_2학기_기말_고1_기출/q16.png,,PRESENT,,PRESENT,ABSENT,a61ad280a7311e4ad42c66d1c5868cc98206d36aa2283dbf2f80327036d09722,
h1:original/high/h1/2final/21_강남여고_2학기_기말_고1_기출.js_17,original/high/h1/2final/21_강남여고_2학기_기말_고1_기출.js,H15-SB-04,H15-SB-04-RATIONAL_APPLICATION,UNADJUDICATED,SOLUTION_CANDIDATE,SOLUTION_VISUAL_PRESENT,,assets/images/21_강남여고_2학기_기말_고1_기출/q17-solution.svg,ABSENT,,ABSENT,PRESENT,,e4d24d345a8e76138194316f9f184dd93323cb7c164c514ac264a32b6bad6c3c
h1:original/high/h1/2final/21_강남여고_2학기_기말_고1_기출.js_22,original/high/h1/2final/21_강남여고_2학기_기말_고1_기출.js,H15-SB-04,H15-SB-04-RATIONAL_GRAPH,UNADJUDICATED,PROBLEM_PRESENT_REVIEW,PRIORITY_1_GRAPH_GAP_CANDIDATE,assets/images/21_강남여고_2학기_기말_고1_기출/q22.png,,PRESENT,,PRESENT,ABSENT,9837e558f128fbaba059d8942bebb221969e84609dab63422e745b18c6b5820a,
h1:original/high/h1/2final/21_강남여고_2학기_기말_고1_기출.js_23,original/high/h1/2final/21_강남여고_2학기_기말_고1_기출.js,H15-SB-03,H15-SB-03-INVERSE_FUNCTION,UNADJUDICATED,PROBLEM_PRESENT_REVIEW,SOLUTION_VISUAL_PRESENT,assets/images/21_강남여고_2학기_기말_고1_기출/q23.png,assets/images/21_강남여고_2학기_기말_고1_기출/q23-solution.svg,PRESENT,,PRESENT,PRESENT,ad20d0f5e73b133f91f7c22bbbafa9e40fcb3bf84ac1b8440c9f0177a87f07c3,728c3f2671d7a7a42253f21c509f45ef50239c29166e170d7faa402e5e9def9f
h1:original/high/h1/2final/21_강남여고_2학기_기말_고1_기출.js_25,original/high/h1/2final/21_강남여고_2학기_기말_고1_기출.js,H15-SB-03,H15-SB-03-FUNCTION_RELATION,UNADJUDICATED,SOLUTION_CANDIDATE,TRIAGE_NO_GRAPH_SIGNAL,,,ABSENT,,ABSENT,ABSENT,,
h1:original/high/h1/2final/21_강남여고_2학기_기말_고1_기출.js_27,original/high/h1/2final/21_강남여고_2학기_기말_고1_기출.js,H15-SB-05,H15-SB-05-IRRATIONAL_GRAPH,UNADJUDICATED,PROBLEM_PRESENT_REVIEW,PRIORITY_1_GRAPH_GAP_CANDIDATE,assets/images/21_강남여고_2학기_기말_고1_기출/q27.png,,PRESENT,,PRESENT,ABSENT,e26635fdcc549920de3eef8e0c4d542627da6d5343748c40c842b8f3a5aa2781,
h1:original/high/h1/2final/21_강남여고_2학기_기말_고1_기출.js_28,original/high/h1/2final/21_강남여고_2학기_기말_고1_기출.js,H15-SB-04,H15-SB-04-RATIONAL_APPLICATION,UNADJUDICATED,SOLUTION_CANDIDATE,PRIORITY_1_EXPLICIT_GRAPH_CANDIDATE,,,ABSENT,,ABSENT,ABSENT,,
h1:original/high/h1/2final/21_강남여고_2학기_기말_고1_기출.js_29,original/high/h1/2final/21_강남여고_2학기_기말_고1_기출.js,H15-SB-05,H15-SB-05-IRRATIONAL_GRAPH,UNADJUDICATED,SOLUTION_CANDIDATE,SOLUTION_VISUAL_PRESENT,,assets/images/21_강남여고_2학기_기말_고1_기출/q29-solution.svg,ABSENT,,ABSENT,PRESENT,,0d0011905414c50affdde68cd6ba1f12e1391815a25945f323e36ed520fbdd1b
h1:original/high/h1/2final/21_강남여고_2학기_기말_고1_기출.js_3,original/high/h1/2final/21_강남여고_2학기_기말_고1_기출.js,H15-SB-04,H15-SB-04-RATIONAL_GRAPH,UNADJUDICATED,SOLUTION_CANDIDATE,SOLUTION_VISUAL_PRESENT,,assets/images/21_강남여고_2학기_기말_고1_기출/q03-solution.svg,ABSENT,,ABSENT,PRESENT,,92169341cb09e9d2f6c9582721589559d57cd719c1f66310939ca313d609bfb4
h1:original/high/h1/2final/21_강남여고_2학기_기말_고1_기출.js_4,original/high/h1/2final/21_강남여고_2학기_기말_고1_기출.js,H15-SB-05,H15-SB-05-IRRATIONAL_GRAPH,UNADJUDICATED,SOLUTION_CANDIDATE,PRIORITY_1_EXPLICIT_GRAPH_CANDIDATE,,,ABSENT,,ABSENT,ABSENT,,
h1:original/high/h1/2final/21_금당고_2학기_기말_고1_기출.js_11,original/high/h1/2final/21_금당고_2학기_기말_고1_기출.js,H15-SB-03,H15-SB-03-COMPOSITE_FUNCTION,UNADJUDICATED,SOLUTION_CANDIDATE,PRIORITY_2_GRAPH_RELATION_CANDIDATE,,,ABSENT,,ABSENT,ABSENT,,
h1:original/high/h1/2final/21_금당고_2학기_기말_고1_기출.js_12,original/high/h1/2final/21_금당고_2학기_기말_고1_기출.js,H15-SB-05,H15-SB-05-IRRATIONAL_BASIC,UNADJUDICATED,SOLUTION_CANDIDATE,TRIAGE_NO_GRAPH_SIGNAL,,,ABSENT,,ABSENT,ABSENT,,
h1:original/high/h1/2final/21_금당고_2학기_기말_고1_기출.js_18,original/high/h1/2final/21_금당고_2학기_기말_고1_기출.js,H15-SB-05,H15-SB-05-IRRATIONAL_GRAPH,UNADJUDICATED,PROBLEM_PRESENT_REVIEW,PRIORITY_1_GRAPH_GAP_CANDIDATE,assets/images/21_금당고_2학기_기말_고1_기출/q18.png,,PRESENT,,PRESENT,ABSENT,b47156d5956550e57bc6050bcea3a7d5182babcf128e1ae83c48a58b8b6b8c62,
h1:original/high/h1/2final/21_금당고_2학기_기말_고1_기출.js_19,original/high/h1/2final/21_금당고_2학기_기말_고1_기출.js,H15-SB-03,H15-SB-03-INVERSE_FUNCTION,UNADJUDICATED,SOLUTION_CANDIDATE,TRIAGE_NO_GRAPH_SIGNAL,,,ABSENT,,ABSENT,ABSENT,,
h1:original/high/h1/2final/21_금당고_2학기_기말_고1_기출.js_2,original/high/h1/2final/21_금당고_2학기_기말_고1_기출.js,H15-SB-04,H15-SB-04-RATIONAL_BASIC,UNADJUDICATED,SOLUTION_CANDIDATE,TRIAGE_NO_GRAPH_SIGNAL,,,ABSENT,,ABSENT,ABSENT,,
h1:original/high/h1/2final/21_금당고_2학기_기말_고1_기출.js_22,original/high/h1/2final/21_금당고_2학기_기말_고1_기출.js,H15-SB-04,H15-SB-04-RATIONAL_BASIC,UNADJUDICATED,SOLUTION_CANDIDATE,PRIORITY_1_EXPLICIT_GRAPH_CANDIDATE,,,ABSENT,,ABSENT,ABSENT,,
h1:original/high/h1/2final/21_금당고_2학기_기말_고1_기출.js_3,original/high/h1/2final/21_금당고_2학기_기말_고1_기출.js,H15-SB-03,H15-SB-03-FUNCTION_RELATION,UNADJUDICATED,SOLUTION_CANDIDATE,TRIAGE_NO_GRAPH_SIGNAL,,,ABSENT,,ABSENT,ABSENT,,
h1:original/high/h1/2final/21_금당고_2학기_기말_고1_기출.js_4,original/high/h1/2final/21_금당고_2학기_기말_고1_기출.js,H15-SB-05,H15-SB-05-IRRATIONAL_BASIC,UNADJUDICATED,SOLUTION_CANDIDATE,SOLUTION_VISUAL_PRESENT,,assets/images/21_금당고_2학기_기말_고1_기출/q04-solution.svg,ABSENT,,ABSENT,PRESENT,,fdc3a2bc1f65d44b9c14067bfca4fb6be3b6b02a89bd0ee1e0191f02768934a2
h1:original/high/h1/2final/21_금당고_2학기_기말_고1_기출.js_8,original/high/h1/2final/21_금당고_2학기_기말_고1_기출.js,H15-SB-03,H15-SB-03-INVERSE_FUNCTION,UNADJUDICATED,SOLUTION_CANDIDATE,SOLUTION_VISUAL_PRESENT,,assets/images/21_금당고_2학기_기말_고1_기출/q08-solution.svg,ABSENT,,ABSENT,PRESENT,,61eda46eda76bf6fe6160d7f7cc9b4fd3664184ea98fb00a116a6f25762e9a4f
h1:original/high/h1/2final/21_금당고_2학기_기말_고1_기출.js_9,original/high/h1/2final/21_금당고_2학기_기말_고1_기출.js,H15-SB-04,H15-SB-04-RATIONAL_BASIC,UNADJUDICATED,SOLUTION_CANDIDATE,TRIAGE_NO_GRAPH_SIGNAL,,,ABSENT,,ABSENT,ABSENT,,
h1:original/high/h1/2final/21_복성고_2학기_기말_고1_기출.js_1,original/high/h1/2final/21_복성고_2학기_기말_고1_기출.js,H15-SB-03,H15-SB-03-INVERSE_FUNCTION,UNADJUDICATED,PROBLEM_PRESENT_REVIEW,PRIORITY_1_GRAPH_GAP_CANDIDATE,assets/images/21_복성고_2학기_기말_고1_기출/q1.png,,PRESENT,,PRESENT,ABSENT,628639fb9b7d479e4c1c0e269eed5467e2a8da341ba706f58370359c488be37c,
h1:original/high/h1/2final/21_복성고_2학기_기말_고1_기출.js_10,original/high/h1/2final/21_복성고_2학기_기말_고1_기출.js,H15-SB-04,H15-SB-04-RATIONAL_GRAPH,UNADJUDICATED,PROBLEM_PRESENT_REVIEW,PRIORITY_1_GRAPH_GAP_CANDIDATE,assets/images/21_복성고_2학기_기말_고1_기출/q10.png,,PRESENT,,PRESENT,ABSENT,4164f22bb48a5f66aa11dbbe3d743c85a1b1f2bbb86ac3c5cafd7411ce46f3be,
h1:original/high/h1/2final/21_복성고_2학기_기말_고1_기출.js_11,original/high/h1/2final/21_복성고_2학기_기말_고1_기출.js,H15-SB-05,H15-SB-05-IRRATIONAL_BASIC,UNADJUDICATED,SOLUTION_CANDIDATE,PRIORITY_1_EXPLICIT_GRAPH_CANDIDATE,,,ABSENT,,ABSENT,ABSENT,,
h1:original/high/h1/2final/21_복성고_2학기_기말_고1_기출.js_12,original/high/h1/2final/21_복성고_2학기_기말_고1_기출.js,H15-SB-05,H15-SB-05-IRRATIONAL_INVERSE,UNADJUDICATED,SOLUTION_CANDIDATE,SOLUTION_VISUAL_PRESENT,,assets/images/21_복성고_2학기_기말_고1_기출/q12-solution.svg,ABSENT,,ABSENT,PRESENT,,b9938593067b06a582e4bd5680fc206b543a3db6dc1966b8377efa4c64559f64
h1:original/high/h1/2final/21_복성고_2학기_기말_고1_기출.js_13,original/high/h1/2final/21_복성고_2학기_기말_고1_기출.js,H15-SB-04,H15-SB-04-RATIONAL_BASIC,UNADJUDICATED,SOLUTION_CANDIDATE,TRIAGE_NO_GRAPH_SIGNAL,,,ABSENT,,ABSENT,ABSENT,,
h1:original/high/h1/2final/21_복성고_2학기_기말_고1_기출.js_16,original/high/h1/2final/21_복성고_2학기_기말_고1_기출.js,H15-SB-03,H15-SB-03-FUNCTION_RELATION,UNADJUDICATED,SOLUTION_CANDIDATE,TRIAGE_NO_GRAPH_SIGNAL,,,ABSENT,,ABSENT,ABSENT,,
h1:original/high/h1/2final/21_복성고_2학기_기말_고1_기출.js_17,original/high/h1/2final/21_복성고_2학기_기말_고1_기출.js,H15-SB-03,H15-SB-03-FUNCTION_RELATION,UNADJUDICATED,SOLUTION_CANDIDATE,TRIAGE_NO_GRAPH_SIGNAL,,,ABSENT,,ABSENT,ABSENT,,
h1:original/high/h1/2final/21_복성고_2학기_기말_고1_기출.js_18,original/high/h1/2final/21_복성고_2학기_기말_고1_기출.js,H15-SB-03,H15-SB-03-FUNCTION_RELATION,UNADJUDICATED,SOLUTION_CANDIDATE,TRIAGE_NO_GRAPH_SIGNAL,,,ABSENT,,ABSENT,ABSENT,,
h1:original/high/h1/2final/21_복성고_2학기_기말_고1_기출.js_2,original/high/h1/2final/21_복성고_2학기_기말_고1_기출.js,H15-SB-03,H15-SB-03-COMPOSITE_FUNCTION,UNADJUDICATED,SOLUTION_CANDIDATE,PRIORITY_2_GRAPH_SUBUNIT_CANDIDATE,,,ABSENT,,ABSENT,ABSENT,,
h1:original/high/h1/2final/21_복성고_2학기_기말_고1_기출.js_22,original/high/h1/2final/21_복성고_2학기_기말_고1_기출.js,H15-SB-05,H15-SB-05-IRRATIONAL_BASIC,UNADJUDICATED,SOLUTION_CANDIDATE,PRIORITY_1_EXPLICIT_GRAPH_CANDIDATE,,,ABSENT,,ABSENT,ABSENT,,
h1:original/high/h1/2final/21_복성고_2학기_기말_고1_기출.js_23,original/high/h1/2final/21_복성고_2학기_기말_고1_기출.js,H15-SB-03,H15-SB-03-FUNCTION_RELATION,UNADJUDICATED,SOLUTION_CANDIDATE,TRIAGE_NO_GRAPH_SIGNAL,,,ABSENT,,ABSENT,ABSENT,,
h1:original/high/h1/2final/21_복성고_2학기_기말_고1_기출.js_3,original/high/h1/2final/21_복성고_2학기_기말_고1_기출.js,H15-SB-04,H15-SB-04-RATIONAL_BASIC,UNADJUDICATED,SOLUTION_CANDIDATE,SOLUTION_VISUAL_PRESENT,,assets/images/21_복성고_2학기_기말_고1_기출/q03-solution.svg,ABSENT,,ABSENT,PRESENT,,639301d1aec7c94289a67dff358f43814c0d9dfbb04ccbbcda6496799d797f47
h1:original/high/h1/2final/21_복성고_2학기_기말_고1_기출.js_4,original/high/h1/2final/21_복성고_2학기_기말_고1_기출.js,H15-SB-05,H15-SB-05-IRRATIONAL_BASIC,UNADJUDICATED,SOLUTION_CANDIDATE,SOLUTION_VISUAL_PRESENT,,assets/images/21_복성고_2학기_기말_고1_기출/q04-solution.svg,ABSENT,,ABSENT,PRESENT,,1ca4b9aa07f68758d2d81d4338c48fd0e08ffc53a5404365b0f04ff47bc69547
h1:original/high/h1/2final/21_복성고_2학기_기말_고1_기출.js_7,original/high/h1/2final/21_복성고_2학기_기말_고1_기출.js,H15-SB-03,H15-SB-03-COMPOSITE_FUNCTION,UNADJUDICATED,PROBLEM_PRESENT_REVIEW,PRIORITY_1_GRAPH_GAP_CANDIDATE,assets/images/21_복성고_2학기_기말_고1_기출/q7.png,,PRESENT,,PRESENT,ABSENT,1339a6b9d607dbfadea342c0d6dd4d253fc51d8f24d8863f2135446e0b43e409,
h1:original/high/h1/2final/21_복성고_2학기_기말_고1_기출.js_8,original/high/h1/2final/21_복성고_2학기_기말_고1_기출.js,H15-SB-03,H15-SB-03-FUNCTION_RELATION,UNADJUDICATED,SOLUTION_CANDIDATE,TRIAGE_NO_GRAPH_SIGNAL,,,ABSENT,,ABSENT,ABSENT,,
h1:original/high/h1/2final/21_복성고_2학기_기말_고1_기출.js_9,original/high/h1/2final/21_복성고_2학기_기말_고1_기출.js,H15-SB-03,H15-SB-03-FUNCTION_RELATION,UNADJUDICATED,SOLUTION_CANDIDATE,TRIAGE_NO_GRAPH_SIGNAL,,,ABSENT,,ABSENT,ABSENT,,
h1:original/high/h1/2final/21_순천고_2학기_기말_고1_기출.js_1,original/high/h1/2final/21_순천고_2학기_기말_고1_기출.js,H15-SB-04,H15-SB-04-RATIONAL_BASIC,UNADJUDICATED,SOLUTION_CANDIDATE,TRIAGE_NO_GRAPH_SIGNAL,,,ABSENT,,ABSENT,ABSENT,,
h1:original/high/h1/2final/21_순천고_2학기_기말_고1_기출.js_10,original/high/h1/2final/21_순천고_2학기_기말_고1_기출.js,H15-SB-05,H15-SB-05-IRRATIONAL_GRAPH,UNADJUDICATED,PROBLEM_PRESENT_REVIEW,PRIORITY_1_GRAPH_GAP_CANDIDATE,assets/images/21_순천고_2학기_기말_고1_기출/q10.png,,PRESENT,,PRESENT,ABSENT,1f771c251657a3beb9d213413a45cdb71318f4a9981e22ffc15aeea392a90134,
h1:original/high/h1/2final/21_순천고_2학기_기말_고1_기출.js_11,original/high/h1/2final/21_순천고_2학기_기말_고1_기출.js,H15-SB-05,H15-SB-05-IRRATIONAL_BASIC,UNADJUDICATED,SOLUTION_CANDIDATE,SOLUTION_VISUAL_PRESENT,,assets/images/21_순천고_2학기_기말_고1_기출/q11-solution.svg,ABSENT,,ABSENT,PRESENT,,9f401504107ade5569176b508712d65449a6efbd58b4433b542401a8d37f484e
h1:original/high/h1/2final/21_순천고_2학기_기말_고1_기출.js_15,original/high/h1/2final/21_순천고_2학기_기말_고1_기출.js,H15-SB-03,H15-SB-03-FUNCTION_RELATION,UNADJUDICATED,SOLUTION_CANDIDATE,TRIAGE_NO_GRAPH_SIGNAL,,,ABSENT,,ABSENT,ABSENT,,
h1:original/high/h1/2final/21_순천고_2학기_기말_고1_기출.js_18,original/high/h1/2final/21_순천고_2학기_기말_고1_기출.js,H15-SB-04,H15-SB-04-RATIONAL_BASIC,UNADJUDICATED,SOLUTION_CANDIDATE,SOLUTION_VISUAL_PRESENT,,assets/images/21_순천고_2학기_기말_고1_기출/q18-solution.svg,ABSENT,,ABSENT,PRESENT,,758acfb6aec984f69b90b361b66eb980f2414b341cd8d5573c251ce95f6234a0
h1:original/high/h1/2final/21_순천고_2학기_기말_고1_기출.js_2,original/high/h1/2final/21_순천고_2학기_기말_고1_기출.js,H15-SB-04,H15-SB-04-RATIONAL_BASIC,UNADJUDICATED,SOLUTION_CANDIDATE,PRIORITY_1_EXPLICIT_GRAPH_CANDIDATE,,,ABSENT,,ABSENT,ABSENT,,
h1:original/high/h1/2final/21_순천고_2학기_기말_고1_기출.js_22,original/high/h1/2final/21_순천고_2학기_기말_고1_기출.js,H15-SB-03,H15-SB-03-COMPOSITE_FUNCTION,UNADJUDICATED,SOLUTION_CANDIDATE,PRIORITY_2_GRAPH_SUBUNIT_CANDIDATE,,,ABSENT,,ABSENT,ABSENT,,
h1:original/high/h1/2final/21_순천고_2학기_기말_고1_기출.js_8,original/high/h1/2final/21_순천고_2학기_기말_고1_기출.js,H15-SB-05,H15-SB-05-IRRATIONAL_BASIC,UNADJUDICATED,SOLUTION_CANDIDATE,SOLUTION_VISUAL_PRESENT,,assets/images/21_순천고_2학기_기말_고1_기출/q08-solution.svg,ABSENT,,ABSENT,PRESENT,,4d3d6c15561d11df4522b507156b5151ca6eb0c91e5a4f26800ecd0b2f48ce0b
h1:original/high/h1/2final/21_순천고_2학기_기말_고1_기출.js_9,original/high/h1/2final/21_순천고_2학기_기말_고1_기출.js,H15-SB-05,H15-SB-05-IRRATIONAL_BASIC,UNADJUDICATED,SOLUTION_CANDIDATE,PRIORITY_1_EXPLICIT_GRAPH_CANDIDATE,,,ABSENT,,ABSENT,ABSENT,,
h1:original/high/h1/2final/21_제일고_2학기_기말_고1_기출.js_1,original/high/h1/2final/21_제일고_2학기_기말_고1_기출.js,H15-SB-03,H15-SB-03-COMPOSITE_FUNCTION,UNADJUDICATED,SOLUTION_CANDIDATE,PRIORITY_2_GRAPH_SUBUNIT_CANDIDATE,,,ABSENT,,ABSENT,ABSENT,,
h1:original/high/h1/2final/21_제일고_2학기_기말_고1_기출.js_18,original/high/h1/2final/21_제일고_2학기_기말_고1_기출.js,H15-SB-03,H15-SB-03-FUNCTION_RELATION,UNADJUDICATED,SOLUTION_CANDIDATE,TRIAGE_NO_GRAPH_SIGNAL,,,ABSENT,,ABSENT,ABSENT,,
h1:original/high/h1/2final/21_제일고_2학기_기말_고1_기출.js_2,original/high/h1/2final/21_제일고_2학기_기말_고1_기출.js,H15-SB-03,H15-SB-03-INVERSE_FUNCTION,UNADJUDICATED,SOLUTION_CANDIDATE,TRIAGE_NO_GRAPH_SIGNAL,,,ABSENT,,ABSENT,ABSENT,,
h1:original/high/h1/2final/21_제일고_2학기_기말_고1_기출.js_20,original/high/h1/2final/21_제일고_2학기_기말_고1_기출.js,H15-SB-03,H15-SB-03-COMPOSITE_FUNCTION,UNADJUDICATED,SOLUTION_CANDIDATE,PRIORITY_2_GRAPH_RELATION_CANDIDATE,,,ABSENT,,ABSENT,ABSENT,,
h1:original/high/h1/2final/21_제일고_2학기_기말_고1_기출.js_22,original/high/h1/2final/21_제일고_2학기_기말_고1_기출.js,H15-SB-03,H15-SB-03-COMPOSITE_FUNCTION,UNADJUDICATED,SOLUTION_CANDIDATE,PRIORITY_2_GRAPH_SUBUNIT_CANDIDATE,,,ABSENT,,ABSENT,ABSENT,,
h1:original/high/h1/2final/21_제일고_2학기_기말_고1_기출.js_4,original/high/h1/2final/21_제일고_2학기_기말_고1_기출.js,H15-SB-04,H15-SB-04-RATIONAL_GRAPH,UNADJUDICATED,SOLUTION_CANDIDATE,SOLUTION_VISUAL_PRESENT,,assets/images/21_제일고_2학기_기말_고1_기출/q04-solution.svg,ABSENT,,ABSENT,PRESENT,,bc1a4a4c42e484287a75c3fefa90d4549e01b49252a047eb5a8f749b8602e31a
h1:original/high/h1/2final/21_제일고_2학기_기말_고1_기출.js_5,original/high/h1/2final/21_제일고_2학기_기말_고1_기출.js,H15-SB-05,H15-SB-05-IRRATIONAL_BASIC,UNADJUDICATED,SOLUTION_CANDIDATE,SOLUTION_VISUAL_PRESENT,,assets/images/21_제일고_2학기_기말_고1_기출/q05-solution.svg,ABSENT,,ABSENT,PRESENT,,76d25285d3484fd9b48aada24e3c6414bbe8af7be69047d5ccd4324eb053655a
h1:original/high/h1/2final/21_제일고_2학기_기말_고1_기출.js_6,original/high/h1/2final/21_제일고_2학기_기말_고1_기출.js,H15-SB-04,H15-SB-04-RATIONAL_BASIC,UNADJUDICATED,SOLUTION_CANDIDATE,TRIAGE_NO_GRAPH_SIGNAL,,,ABSENT,,ABSENT,ABSENT,,
h1:original/high/h1/2final/21_제일고_2학기_기말_고1_기출.js_7,original/high/h1/2final/21_제일고_2학기_기말_고1_기출.js,H15-SB-05,H15-SB-05-IRRATIONAL_BASIC,UNADJUDICATED,PROBLEM_PRESENT_REVIEW,PRIORITY_1_GRAPH_GAP_CANDIDATE,assets/images/21_제일고_2학기_기말_고1_기출/q7.png,,PRESENT,,PRESENT,ABSENT,475f8c1c512623edd065a37f53260f4e15f363442d72b933d93685944304bd58,
h1:original/high/h1/2final/21_제일고_2학기_기말_고1_기출.js_8,original/high/h1/2final/21_제일고_2학기_기말_고1_기출.js,H15-SB-03,H15-SB-03-INVERSE_FUNCTION,UNADJUDICATED,SOLUTION_CANDIDATE,TRIAGE_NO_GRAPH_SIGNAL,,,ABSENT,,ABSENT,ABSENT,,
h1:original/high/h1/2final/21_제일고_2학기_기말_고1_기출.js_9,original/high/h1/2final/21_제일고_2학기_기말_고1_기출.js,H15-SB-04,H15-SB-04-RATIONAL_APPLICATION,UNADJUDICATED,SOLUTION_CANDIDATE,TRIAGE_NO_GRAPH_SIGNAL,,,ABSENT,,ABSENT,ABSENT,,
h1:original/high/h1/2final/21_팔마고_2학기_기말_고1_기출.js_1,original/high/h1/2final/21_팔마고_2학기_기말_고1_기출.js,H15-SB-04,H15-SB-04-RATIONAL_BASIC,UNADJUDICATED,SOLUTION_CANDIDATE,TRIAGE_NO_GRAPH_SIGNAL,,,ABSENT,,ABSENT,ABSENT,,
h1:original/high/h1/2final/21_팔마고_2학기_기말_고1_기출.js_13,original/high/h1/2final/21_팔마고_2학기_기말_고1_기출.js,H15-SB-03,H15-SB-03-FUNCTION_RELATION,UNADJUDICATED,SOLUTION_CANDIDATE,TRIAGE_NO_GRAPH_SIGNAL,,,ABSENT,,ABSENT,ABSENT,,
h1:original/high/h1/2final/21_팔마고_2학기_기말_고1_기출.js_14,original/high/h1/2final/21_팔마고_2학기_기말_고1_기출.js,H15-SB-05,H15-SB-05-IRRATIONAL_GRAPH,UNADJUDICATED,PROBLEM_PRESENT_REVIEW,PRIORITY_1_GRAPH_GAP_CANDIDATE,assets/images/21_팔마고_2학기_기말_고1_기출/q14.png,,PRESENT,,PRESENT,ABSENT,927e6e64386801d6f20f6b905b1fe0511cdb9c9f31a94ea2be1b4895edd00ed6,
h1:original/high/h1/2final/21_팔마고_2학기_기말_고1_기출.js_15,original/high/h1/2final/21_팔마고_2학기_기말_고1_기출.js,H15-SB-05,H15-SB-05-IRRATIONAL_BASIC,UNADJUDICATED,SOLUTION_CANDIDATE,TRIAGE_NO_GRAPH_SIGNAL,,,ABSENT,,ABSENT,ABSENT,,
h1:original/high/h1/2final/21_팔마고_2학기_기말_고1_기출.js_2,original/high/h1/2final/21_팔마고_2학기_기말_고1_기출.js,H15-SB-05,H15-SB-05-IRRATIONAL_BASIC,UNADJUDICATED,SOLUTION_CANDIDATE,TRIAGE_NO_GRAPH_SIGNAL,,,ABSENT,,ABSENT,ABSENT,,
h1:original/high/h1/2final/21_팔마고_2학기_기말_고1_기출.js_20,original/high/h1/2final/21_팔마고_2학기_기말_고1_기출.js,H15-SB-05,H15-SB-05-IRRATIONAL_INVERSE,UNADJUDICATED,SOLUTION_CANDIDATE,PRIORITY_1_GRAPH_GAP_CANDIDATE,,,ABSENT,TABLE,PRESENT,ABSENT,,
h1:original/high/h1/2final/21_팔마고_2학기_기말_고1_기출.js_21,original/high/h1/2final/21_팔마고_2학기_기말_고1_기출.js,H15-SB-04,H15-SB-04-RATIONAL_APPLICATION,UNADJUDICATED,SOLUTION_CANDIDATE,TRIAGE_NO_GRAPH_SIGNAL,,,ABSENT,TABLE,PRESENT,ABSENT,,
h1:original/high/h1/2final/21_팔마고_2학기_기말_고1_기출.js_3,original/high/h1/2final/21_팔마고_2학기_기말_고1_기출.js,H15-SB-04,H15-SB-04-RATIONAL_GRAPH,UNADJUDICATED,SOLUTION_CANDIDATE,SOLUTION_VISUAL_PRESENT,,assets/images/21_팔마고_2학기_기말_고1_기출/q03-solution.svg,ABSENT,,ABSENT,PRESENT,,33da8ed6af6b5720457c1c1d0d0b14c3dd3ec6f98105befdedf53a040979e3ee
h1:original/high/h1/2final/21_팔마고_2학기_기말_고1_기출.js_4,original/high/h1/2final/21_팔마고_2학기_기말_고1_기출.js,H15-SB-05,H15-SB-05-IRRATIONAL_BASIC,UNADJUDICATED,SOLUTION_CANDIDATE,SOLUTION_VISUAL_PRESENT,,assets/images/21_팔마고_2학기_기말_고1_기출/q04-solution.svg,ABSENT,,ABSENT,PRESENT,,fd8c6fe0f84d9ea456d568e860fa8548706f69605f47f2f0394f43b08c3728b7
h1:original/high/h1/2final/21_팔마고_2학기_기말_고1_기출.js_5,original/high/h1/2final/21_팔마고_2학기_기말_고1_기출.js,H15-SB-04,H15-SB-04-RATIONAL_BASIC,UNADJUDICATED,SOLUTION_CANDIDATE,SOLUTION_VISUAL_PRESENT,,assets/images/21_팔마고_2학기_기말_고1_기출/q05-solution.svg,ABSENT,,ABSENT,PRESENT,,5cb1c6605d8652d4944046268fd054270a754a913ac3f05462bf35140202902c
h1:original/high/h1/2final/21_팔마고_2학기_기말_고1_기출.js_6,original/high/h1/2final/21_팔마고_2학기_기말_고1_기출.js,H15-SB-05,H15-SB-05-IRRATIONAL_INVERSE,UNADJUDICATED,SOLUTION_CANDIDATE,PRIORITY_1_EXPLICIT_GRAPH_CANDIDATE,,,ABSENT,,ABSENT,ABSENT,,
h1:original/high/h1/2final/21_효천고_2학기_기말_고1_기출.js_11,original/high/h1/2final/21_효천고_2학기_기말_고1_기출.js,H15-SB-04,H15-SB-04-RATIONAL_GRAPH,UNADJUDICATED,SOLUTION_CANDIDATE,SOLUTION_VISUAL_PRESENT,,assets/images/21_효천고_2학기_기말_고1_기출/q11-solution.svg,ABSENT,,ABSENT,PRESENT,,c6de70b69da946712db98714090b4bb8634b6b0dc3423ec12bd6b705518246fb
h1:original/high/h1/2final/21_효천고_2학기_기말_고1_기출.js_12,original/high/h1/2final/21_효천고_2학기_기말_고1_기출.js,H15-SB-05,H15-SB-05-IRRATIONAL_INVERSE,UNADJUDICATED,SOLUTION_CANDIDATE,PRIORITY_2_GRAPH_RELATION_CANDIDATE,,,ABSENT,,ABSENT,ABSENT,,
h1:original/high/h1/2final/21_효천고_2학기_기말_고1_기출.js_13,original/high/h1/2final/21_효천고_2학기_기말_고1_기출.js,H15-SB-03,H15-SB-03-FUNCTION_RELATION,UNADJUDICATED,SOLUTION_CANDIDATE,PRIORITY_1_EXPLICIT_GRAPH_CANDIDATE,,,ABSENT,,ABSENT,ABSENT,,
h1:original/high/h1/2final/21_효천고_2학기_기말_고1_기출.js_20,original/high/h1/2final/21_효천고_2학기_기말_고1_기출.js,H15-SB-05,H15-SB-05-IRRATIONAL_BASIC,UNADJUDICATED,SOLUTION_CANDIDATE,TRIAGE_NO_GRAPH_SIGNAL,,,ABSENT,,ABSENT,ABSENT,,
h1:original/high/h1/2final/21_효천고_2학기_기말_고1_기출.js_21,original/high/h1/2final/21_효천고_2학기_기말_고1_기출.js,H15-SB-03,H15-SB-03-COMPOSITE_FUNCTION,UNADJUDICATED,SOLUTION_CANDIDATE,PRIORITY_2_GRAPH_RELATION_CANDIDATE,,,ABSENT,,ABSENT,ABSENT,,
h1:original/high/h1/2final/21_효천고_2학기_기말_고1_기출.js_5,original/high/h1/2final/21_효천고_2학기_기말_고1_기출.js,H15-SB-03,H15-SB-03-FUNCTION_RELATION,UNADJUDICATED,SOLUTION_CANDIDATE,TRIAGE_NO_GRAPH_SIGNAL,,,ABSENT,,ABSENT,ABSENT,,
h1:original/high/h1/2final/21_효천고_2학기_기말_고1_기출.js_6,original/high/h1/2final/21_효천고_2학기_기말_고1_기출.js,H15-SB-04,H15-SB-04-RATIONAL_BASIC,UNADJUDICATED,SOLUTION_CANDIDATE,TRIAGE_NO_GRAPH_SIGNAL,,,ABSENT,,ABSENT,ABSENT,,
h1:original/high/h1/2final/21_효천고_2학기_기말_고1_기출.js_7,original/high/h1/2final/21_효천고_2학기_기말_고1_기출.js,H15-SB-05,H15-SB-05-IRRATIONAL_BASIC,UNADJUDICATED,SOLUTION_CANDIDATE,TRIAGE_NO_GRAPH_SIGNAL,,,ABSENT,,ABSENT,ABSENT,,
h1:original/high/h1/2final/22_강남여고_2학기_기말_고1_기출.js_10,original/high/h1/2final/22_강남여고_2학기_기말_고1_기출.js,H15-SB-03,H15-SB-03-FUNCTION_RELATION,UNADJUDICATED,SOLUTION_CANDIDATE,TRIAGE_NO_GRAPH_SIGNAL,,,ABSENT,,ABSENT,ABSENT,,
h1:original/high/h1/2final/22_강남여고_2학기_기말_고1_기출.js_11,original/high/h1/2final/22_강남여고_2학기_기말_고1_기출.js,H15-SB-05,H15-SB-05-IRRATIONAL_INVERSE,UNADJUDICATED,SOLUTION_CANDIDATE,PRIORITY_1_EXPLICIT_GRAPH_CANDIDATE,,,ABSENT,,ABSENT,ABSENT,,
h1:original/high/h1/2final/22_강남여고_2학기_기말_고1_기출.js_14,original/high/h1/2final/22_강남여고_2학기_기말_고1_기출.js,H15-SB-03,H15-SB-03-COMPOSITE_FUNCTION,UNADJUDICATED,SOLUTION_CANDIDATE,PRIORITY_2_GRAPH_RELATION_CANDIDATE,,,ABSENT,,ABSENT,ABSENT,,
h1:original/high/h1/2final/22_강남여고_2학기_기말_고1_기출.js_15,original/high/h1/2final/22_강남여고_2학기_기말_고1_기출.js,H15-SB-04,H15-SB-04-RATIONAL_GRAPH,UNADJUDICATED,SOLUTION_CANDIDATE,PRIORITY_1_EXPLICIT_GRAPH_CANDIDATE,,,ABSENT,,ABSENT,ABSENT,,
h1:original/high/h1/2final/22_강남여고_2학기_기말_고1_기출.js_18,original/high/h1/2final/22_강남여고_2학기_기말_고1_기출.js,H15-SB-05,H15-SB-05-IRRATIONAL_BASIC,UNADJUDICATED,PROBLEM_PRESENT_REVIEW,PRIORITY_1_GRAPH_GAP_CANDIDATE,assets/images/22_강남여고_2학기_기말_고1_기출/q18.png,,PRESENT,,PRESENT,ABSENT,0f9e253a6c8cb32862e0e0f9a171eda138c0f15977bf54b69512e7d3a70441f2,
h1:original/high/h1/2final/22_강남여고_2학기_기말_고1_기출.js_20,original/high/h1/2final/22_강남여고_2학기_기말_고1_기출.js,H15-SB-03,H15-SB-03-COMPOSITE_FUNCTION,UNADJUDICATED,SOLUTION_CANDIDATE,PRIORITY_2_GRAPH_SUBUNIT_CANDIDATE,,,ABSENT,,ABSENT,ABSENT,,
h1:original/high/h1/2final/22_강남여고_2학기_기말_고1_기출.js_22,original/high/h1/2final/22_강남여고_2학기_기말_고1_기출.js,H15-SB-05,H15-SB-05-IRRATIONAL_BASIC,UNADJUDICATED,SOLUTION_CANDIDATE,PRIORITY_1_EXPLICIT_GRAPH_CANDIDATE,,,ABSENT,,ABSENT,ABSENT,,
h1:original/high/h1/2final/22_강남여고_2학기_기말_고1_기출.js_3,original/high/h1/2final/22_강남여고_2학기_기말_고1_기출.js,H15-SB-04,H15-SB-04-RATIONAL_GRAPH,UNADJUDICATED,PROBLEM_PRESENT_REVIEW,PRIORITY_1_GRAPH_GAP_CANDIDATE,assets/images/22_강남여고_2학기_기말_고1_기출/q3.png,,PRESENT,,PRESENT,ABSENT,b98410fe6f95a1641c7e714ed2f5ef6ae34a71743a8a9cf51565f458e95f26b9,
h1:original/high/h1/2final/22_금당고_2학기_기말_고1_기출.js_1,original/high/h1/2final/22_금당고_2학기_기말_고1_기출.js,H15-SB-04,H15-SB-04-RATIONAL_GRAPH,UNADJUDICATED,SOLUTION_CANDIDATE,PRIORITY_1_EXPLICIT_GRAPH_CANDIDATE,,,ABSENT,,ABSENT,ABSENT,,
h1:original/high/h1/2final/22_금당고_2학기_기말_고1_기출.js_17,original/high/h1/2final/22_금당고_2학기_기말_고1_기출.js,H15-SB-05,H15-SB-05-IRRATIONAL_BASIC,UNADJUDICATED,SOLUTION_CANDIDATE,PRIORITY_1_EXPLICIT_GRAPH_CANDIDATE,,,ABSENT,,ABSENT,ABSENT,,
h1:original/high/h1/2final/22_금당고_2학기_기말_고1_기출.js_2,original/high/h1/2final/22_금당고_2학기_기말_고1_기출.js,H15-SB-05,H15-SB-05-IRRATIONAL_BASIC,UNADJUDICATED,SOLUTION_CANDIDATE,TRIAGE_NO_GRAPH_SIGNAL,,,ABSENT,,ABSENT,ABSENT,,
h1:original/high/h1/2final/22_금당고_2학기_기말_고1_기출.js_21,original/high/h1/2final/22_금당고_2학기_기말_고1_기출.js,H15-SB-04,H15-SB-04-RATIONAL_GRAPH,UNADJUDICATED,SOLUTION_CANDIDATE,PRIORITY_1_EXPLICIT_GRAPH_CANDIDATE,,,ABSENT,,ABSENT,ABSENT,,
h1:original/high/h1/2final/22_금당고_2학기_기말_고1_기출.js_6,original/high/h1/2final/22_금당고_2학기_기말_고1_기출.js,H15-SB-04,H15-SB-04-RATIONAL_BASIC,UNADJUDICATED,SOLUTION_CANDIDATE,TRIAGE_NO_GRAPH_SIGNAL,,,ABSENT,,ABSENT,ABSENT,,
h1:original/high/h1/2final/22_금당고_2학기_기말_고1_기출.js_7,original/high/h1/2final/22_금당고_2학기_기말_고1_기출.js,H15-SB-04,H15-SB-04-RATIONAL_BASIC,UNADJUDICATED,SOLUTION_CANDIDATE,TRIAGE_NO_GRAPH_SIGNAL,,,ABSENT,,ABSENT,ABSENT,,
h1:original/high/h1/2final/22_금당고_2학기_기말_고1_기출.js_8,original/high/h1/2final/22_금당고_2학기_기말_고1_기출.js,H15-SB-05,H15-SB-05-IRRATIONAL_INVERSE,UNADJUDICATED,SOLUTION_CANDIDATE,PRIORITY_1_EXPLICIT_GRAPH_CANDIDATE,,,ABSENT,,ABSENT,ABSENT,,
h1:original/high/h1/2final/22_금당고_2학기_기말_고1_기출.js_9,original/high/h1/2final/22_금당고_2학기_기말_고1_기출.js,H15-SB-04,H15-SB-04-RATIONAL_BASIC,UNADJUDICATED,SOLUTION_CANDIDATE,PRIORITY_1_EXPLICIT_GRAPH_CANDIDATE,,,ABSENT,,ABSENT,ABSENT,,
h1:original/high/h1/2final/22_매산고_2학기_기말_고1_기출.js_11,original/high/h1/2final/22_매산고_2학기_기말_고1_기출.js,H15-SB-03,H15-SB-03-COMPOSITE_FUNCTION,UNADJUDICATED,SOLUTION_CANDIDATE,PRIORITY_2_GRAPH_SUBUNIT_CANDIDATE,,,ABSENT,,ABSENT,ABSENT,,
h1:original/high/h1/2final/22_매산고_2학기_기말_고1_기출.js_12,original/high/h1/2final/22_매산고_2학기_기말_고1_기출.js,H15-SB-03,H15-SB-03-INVERSE_FUNCTION,UNADJUDICATED,PROBLEM_PRESENT_REVIEW,PRIORITY_1_GRAPH_GAP_CANDIDATE,assets/images/22_매산고_2학기_기말_고1_기출/q12.png,,PRESENT,,PRESENT,ABSENT,f230593370b7fe11b5b9aab7267fd1102a5931e45c40c87a1630d8b9f8f4ff28,
h1:original/high/h1/2final/22_매산고_2학기_기말_고1_기출.js_13,original/high/h1/2final/22_매산고_2학기_기말_고1_기출.js,H15-SB-03,H15-SB-03-INVERSE_FUNCTION,UNADJUDICATED,SOLUTION_CANDIDATE,TRIAGE_NO_GRAPH_SIGNAL,,,ABSENT,,ABSENT,ABSENT,,
h1:original/high/h1/2final/22_매산고_2학기_기말_고1_기출.js_14,original/high/h1/2final/22_매산고_2학기_기말_고1_기출.js,H15-SB-05,H15-SB-05-IRRATIONAL_BASIC,UNADJUDICATED,SOLUTION_CANDIDATE,TRIAGE_NO_GRAPH_SIGNAL,,,ABSENT,,ABSENT,ABSENT,,
h1:original/high/h1/2final/22_매산고_2학기_기말_고1_기출.js_16,original/high/h1/2final/22_매산고_2학기_기말_고1_기출.js,H15-SB-05,H15-SB-05-IRRATIONAL_BASIC,UNADJUDICATED,SOLUTION_CANDIDATE,TRIAGE_NO_GRAPH_SIGNAL,,,ABSENT,,ABSENT,ABSENT,,
h1:original/high/h1/2final/22_매산고_2학기_기말_고1_기출.js_17,original/high/h1/2final/22_매산고_2학기_기말_고1_기출.js,H15-SB-03,H15-SB-03-FUNCTION_RELATION,UNADJUDICATED,SOLUTION_CANDIDATE,PRIORITY_1_EXPLICIT_GRAPH_CANDIDATE,,,ABSENT,,ABSENT,ABSENT,,
h1:original/high/h1/2final/22_매산고_2학기_기말_고1_기출.js_18,original/high/h1/2final/22_매산고_2학기_기말_고1_기출.js,H15-SB-04,H15-SB-04-RATIONAL_BASIC,UNADJUDICATED,SOLUTION_CANDIDATE,TRIAGE_NO_GRAPH_SIGNAL,,,ABSENT,,ABSENT,ABSENT,,
h1:original/high/h1/2final/22_매산고_2학기_기말_고1_기출.js_19,original/high/h1/2final/22_매산고_2학기_기말_고1_기출.js,H15-SB-04,H15-SB-04-RATIONAL_BASIC,UNADJUDICATED,PROBLEM_PRESENT_REVIEW,PRIORITY_1_GRAPH_GAP_CANDIDATE,assets/images/22_매산고_2학기_기말_고1_기출/q19.png,,PRESENT,,PRESENT,ABSENT,cdf5be16bb8b19ff8fb223c630fcaa6d1a332fa0649febf8699a0722a5070927,
h1:original/high/h1/2final/22_매산고_2학기_기말_고1_기출.js_2,original/high/h1/2final/22_매산고_2학기_기말_고1_기출.js,H15-SB-04,H15-SB-04-RATIONAL_GRAPH,UNADJUDICATED,PROBLEM_PRESENT_REVIEW,PRIORITY_1_GRAPH_GAP_CANDIDATE,assets/images/22_매산고_2학기_기말_고1_기출/q2.png,,PRESENT,,PRESENT,ABSENT,2241dddf24ea972ed49933c833b82c6c0feb6a568794c58e7efeeecd08d53163,
h1:original/high/h1/2final/22_매산고_2학기_기말_고1_기출.js_20,original/high/h1/2final/22_매산고_2학기_기말_고1_기출.js,H15-SB-03,H15-SB-03-COMPOSITE_FUNCTION,UNADJUDICATED,SOLUTION_CANDIDATE,PRIORITY_2_GRAPH_SUBUNIT_CANDIDATE,,,ABSENT,,ABSENT,ABSENT,,
h1:original/high/h1/2final/22_매산고_2학기_기말_고1_기출.js_3,original/high/h1/2final/22_매산고_2학기_기말_고1_기출.js,H15-SB-05,H15-SB-05-IRRATIONAL_BASIC,UNADJUDICATED,SOLUTION_CANDIDATE,PRIORITY_1_EXPLICIT_GRAPH_CANDIDATE,,,ABSENT,,ABSENT,ABSENT,,
h1:original/high/h1/2final/22_매산고_2학기_기말_고1_기출.js_4,original/high/h1/2final/22_매산고_2학기_기말_고1_기출.js,H15-SB-03,H15-SB-03-COMPOSITE_FUNCTION,UNADJUDICATED,PROBLEM_PRESENT_REVIEW,PRIORITY_1_GRAPH_GAP_CANDIDATE,assets/images/22_매산고_2학기_기말_고1_기출/q4.png,,PRESENT,,PRESENT,ABSENT,c902347868b37a9b1eb59aaf713bda96bd179d982f9291f28d9b1677d1a73d75,
h1:original/high/h1/2final/22_매산고_2학기_기말_고1_기출.js_7,original/high/h1/2final/22_매산고_2학기_기말_고1_기출.js,H15-SB-05,H15-SB-05-IRRATIONAL_INVERSE,UNADJUDICATED,SOLUTION_CANDIDATE,PRIORITY_1_EXPLICIT_GRAPH_CANDIDATE,,,ABSENT,,ABSENT,ABSENT,,
h1:original/high/h1/2final/22_매산고_2학기_기말_고1_기출.js_8,original/high/h1/2final/22_매산고_2학기_기말_고1_기출.js,H15-SB-04,H15-SB-04-RATIONAL_BASIC,UNADJUDICATED,SOLUTION_CANDIDATE,PRIORITY_1_EXPLICIT_GRAPH_CANDIDATE,,,ABSENT,,ABSENT,ABSENT,,
h1:original/high/h1/2final/22_복성고_2학기_기말_고1_기출.js_12,original/high/h1/2final/22_복성고_2학기_기말_고1_기출.js,H15-SB-04,H15-SB-04-RATIONAL_BASIC,UNADJUDICATED,SOLUTION_CANDIDATE,PRIORITY_1_EXPLICIT_GRAPH_CANDIDATE,,,ABSENT,,ABSENT,ABSENT,,
h1:original/high/h1/2final/22_복성고_2학기_기말_고1_기출.js_13,original/high/h1/2final/22_복성고_2학기_기말_고1_기출.js,H15-SB-05,H15-SB-05-IRRATIONAL_BASIC,UNADJUDICATED,PROBLEM_PRESENT_REVIEW,PRIORITY_1_GRAPH_GAP_CANDIDATE,assets/images/22_복성고_2학기_기말_고1_기출/q13.png,,PRESENT,,PRESENT,ABSENT,c2191be35f2dbfc29ca8a31a9fa9d8ea8622210df75586f1e2176bef6cf27219,
h1:original/high/h1/2final/22_복성고_2학기_기말_고1_기출.js_14,original/high/h1/2final/22_복성고_2학기_기말_고1_기출.js,H15-SB-03,H15-SB-03-FUNCTION_RELATION,UNADJUDICATED,PROBLEM_PRESENT_REVIEW,PRIORITY_1_GRAPH_GAP_CANDIDATE,assets/images/22_복성고_2학기_기말_고1_기출/q14.png,,PRESENT,,PRESENT,ABSENT,f7b06bd3803d89bad8058d8a00f75cf5af2fcae886f0c98a2db3e5c37ba43285,
h1:original/high/h1/2final/22_복성고_2학기_기말_고1_기출.js_15,original/high/h1/2final/22_복성고_2학기_기말_고1_기출.js,H15-SB-04,H15-SB-04-RATIONAL_BASIC,UNADJUDICATED,SOLUTION_CANDIDATE,PRIORITY_1_EXPLICIT_GRAPH_CANDIDATE,,,ABSENT,,ABSENT,ABSENT,,
h1:original/high/h1/2final/22_복성고_2학기_기말_고1_기출.js_18,original/high/h1/2final/22_복성고_2학기_기말_고1_기출.js,H15-SB-03,H15-SB-03-FUNCTION_RELATION,UNADJUDICATED,SOLUTION_CANDIDATE,TRIAGE_NO_GRAPH_SIGNAL,,,ABSENT,,ABSENT,ABSENT,,
h1:original/high/h1/2final/22_복성고_2학기_기말_고1_기출.js_19,original/high/h1/2final/22_복성고_2학기_기말_고1_기출.js,H15-SB-03,H15-SB-03-FUNCTION_RELATION,UNADJUDICATED,PROBLEM_PRESENT_REVIEW,PRIORITY_1_GRAPH_GAP_CANDIDATE,assets/images/22_복성고_2학기_기말_고1_기출/q19.png,,PRESENT,,PRESENT,ABSENT,eb0b1b86815f16f209805128e0051ae21acc35366e7133785a094e3f0c5cc7d8,
h1:original/high/h1/2final/22_복성고_2학기_기말_고1_기출.js_20,original/high/h1/2final/22_복성고_2학기_기말_고1_기출.js,H15-SB-05,H15-SB-05-IRRATIONAL_BASIC,UNADJUDICATED,SOLUTION_CANDIDATE,PRIORITY_1_EXPLICIT_GRAPH_CANDIDATE,,,ABSENT,,ABSENT,ABSENT,,
h1:original/high/h1/2final/22_복성고_2학기_기말_고1_기출.js_21,original/high/h1/2final/22_복성고_2학기_기말_고1_기출.js,H15-SB-04,H15-SB-04-RATIONAL_BASIC,UNADJUDICATED,SOLUTION_CANDIDATE,PRIORITY_1_EXPLICIT_GRAPH_CANDIDATE,,,ABSENT,,ABSENT,ABSENT,,
h1:original/high/h1/2final/22_복성고_2학기_기말_고1_기출.js_22,original/high/h1/2final/22_복성고_2학기_기말_고1_기출.js,H15-SB-03,H15-SB-03-FUNCTION_RELATION,UNADJUDICATED,PROBLEM_PRESENT_REVIEW,PRIORITY_1_GRAPH_GAP_CANDIDATE,assets/images/22_복성고_2학기_기말_고1_기출/q22.png,,PRESENT,,PRESENT,ABSENT,a0a87a70624d05e5ad082bab12f12b6615893dad780265afddbda1aa4a57572a,
h1:original/high/h1/2final/22_복성고_2학기_기말_고1_기출.js_3,original/high/h1/2final/22_복성고_2학기_기말_고1_기출.js,H15-SB-05,H15-SB-05-IRRATIONAL_BASIC,UNADJUDICATED,SOLUTION_CANDIDATE,TRIAGE_NO_GRAPH_SIGNAL,,,ABSENT,,ABSENT,ABSENT,,
h1:original/high/h1/2final/22_복성고_2학기_기말_고1_기출.js_5,original/high/h1/2final/22_복성고_2학기_기말_고1_기출.js,H15-SB-05,H15-SB-05-IRRATIONAL_BASIC,UNADJUDICATED,SOLUTION_CANDIDATE,TRIAGE_NO_GRAPH_SIGNAL,,,ABSENT,,ABSENT,ABSENT,,
h1:original/high/h1/2final/22_복성고_2학기_기말_고1_기출.js_7,original/high/h1/2final/22_복성고_2학기_기말_고1_기출.js,H15-SB-05,H15-SB-05-IRRATIONAL_BASIC,UNADJUDICATED,SOLUTION_CANDIDATE,PRIORITY_1_EXPLICIT_GRAPH_CANDIDATE,,,ABSENT,,ABSENT,ABSENT,,
h1:original/high/h1/2final/22_순천여고_2학기_기말_고1_기출.js_10,original/high/h1/2final/22_순천여고_2학기_기말_고1_기출.js,H15-SB-05,H15-SB-05-IRRATIONAL_BASIC,UNADJUDICATED,SOLUTION_CANDIDATE,TRIAGE_NO_GRAPH_SIGNAL,,,ABSENT,,ABSENT,ABSENT,,
h1:original/high/h1/2final/22_순천여고_2학기_기말_고1_기출.js_11,original/high/h1/2final/22_순천여고_2학기_기말_고1_기출.js,H15-SB-04,H15-SB-04-RATIONAL_BASIC,UNADJUDICATED,SOLUTION_CANDIDATE,TRIAGE_NO_GRAPH_SIGNAL,,,ABSENT,,ABSENT,ABSENT,,
h1:original/high/h1/2final/22_순천여고_2학기_기말_고1_기출.js_12,original/high/h1/2final/22_순천여고_2학기_기말_고1_기출.js,H15-SB-05,H15-SB-05-IRRATIONAL_BASIC,UNADJUDICATED,PROBLEM_PRESENT_REVIEW,PRIORITY_1_GRAPH_GAP_CANDIDATE,assets/images/22_순천여고_2학기_기말_고1_기출/q12.png,,PRESENT,,PRESENT,ABSENT,71a275276d1c7169485d60e6124867713e5b78508689c14748723fa3e44c0f19,
h1:original/high/h1/2final/22_순천여고_2학기_기말_고1_기출.js_13,original/high/h1/2final/22_순천여고_2학기_기말_고1_기출.js,H15-SB-03,H15-SB-03-FUNCTION_RELATION,UNADJUDICATED,SOLUTION_CANDIDATE,TRIAGE_NO_GRAPH_SIGNAL,,,ABSENT,,ABSENT,ABSENT,,
h1:original/high/h1/2final/22_순천여고_2학기_기말_고1_기출.js_14,original/high/h1/2final/22_순천여고_2학기_기말_고1_기출.js,H15-SB-05,H15-SB-05-IRRATIONAL_BASIC,UNADJUDICATED,SOLUTION_CANDIDATE,PRIORITY_1_EXPLICIT_GRAPH_CANDIDATE,,,ABSENT,,ABSENT,ABSENT,,
h1:original/high/h1/2final/22_순천여고_2학기_기말_고1_기출.js_16,original/high/h1/2final/22_순천여고_2학기_기말_고1_기출.js,H15-SB-05,H15-SB-05-IRRATIONAL_BASIC,UNADJUDICATED,SOLUTION_CANDIDATE,TRIAGE_NO_GRAPH_SIGNAL,,,ABSENT,,ABSENT,ABSENT,,
h1:original/high/h1/2final/22_순천여고_2학기_기말_고1_기출.js_17,original/high/h1/2final/22_순천여고_2학기_기말_고1_기출.js,H15-SB-05,H15-SB-05-IRRATIONAL_BASIC,UNADJUDICATED,PROBLEM_PRESENT_REVIEW,PRIORITY_1_GRAPH_GAP_CANDIDATE,assets/images/22_순천여고_2학기_기말_고1_기출/q17.png,,PRESENT,,PRESENT,ABSENT,ac06bf5194d610a97b58a5f3d8805037ccc14fa910526ee3b7f2436bbcb39cab,
h1:original/high/h1/2final/22_순천여고_2학기_기말_고1_기출.js_18,original/high/h1/2final/22_순천여고_2학기_기말_고1_기출.js,H15-SB-03,H15-SB-03-FUNCTION_RELATION,UNADJUDICATED,SOLUTION_CANDIDATE,TRIAGE_NO_GRAPH_SIGNAL,,,ABSENT,,ABSENT,ABSENT,,
h1:original/high/h1/2final/22_순천여고_2학기_기말_고1_기출.js_19,original/high/h1/2final/22_순천여고_2학기_기말_고1_기출.js,H15-SB-03,H15-SB-03-COMPOSITE_FUNCTION,UNADJUDICATED,SOLUTION_CANDIDATE,PRIORITY_2_GRAPH_SUBUNIT_CANDIDATE,,,ABSENT,,ABSENT,ABSENT,,
h1:original/high/h1/2final/22_순천여고_2학기_기말_고1_기출.js_2,original/high/h1/2final/22_순천여고_2학기_기말_고1_기출.js,H15-SB-04,H15-SB-04-RATIONAL_BASIC,UNADJUDICATED,SOLUTION_CANDIDATE,TRIAGE_NO_GRAPH_SIGNAL,,,ABSENT,,ABSENT,ABSENT,,
h1:original/high/h1/2final/22_순천여고_2학기_기말_고1_기출.js_20,original/high/h1/2final/22_순천여고_2학기_기말_고1_기출.js,H15-SB-04,H15-SB-04-RATIONAL_BASIC,UNADJUDICATED,SOLUTION_CANDIDATE,PRIORITY_1_EXPLICIT_GRAPH_CANDIDATE,,,ABSENT,,ABSENT,ABSENT,,
h1:original/high/h1/2final/22_순천여고_2학기_기말_고1_기출.js_21,original/high/h1/2final/22_순천여고_2학기_기말_고1_기출.js,H15-SB-05,H15-SB-05-IRRATIONAL_BASIC,UNADJUDICATED,SOLUTION_CANDIDATE,PRIORITY_1_EXPLICIT_GRAPH_CANDIDATE,,,ABSENT,,ABSENT,ABSENT,,
h1:original/high/h1/2final/22_순천여고_2학기_기말_고1_기출.js_22,original/high/h1/2final/22_순천여고_2학기_기말_고1_기출.js,H15-SB-04,H15-SB-04-RATIONAL_BASIC,UNADJUDICATED,SOLUTION_CANDIDATE,TRIAGE_NO_GRAPH_SIGNAL,,,ABSENT,,ABSENT,ABSENT,,
h1:original/high/h1/2final/22_순천여고_2학기_기말_고1_기출.js_23,original/high/h1/2final/22_순천여고_2학기_기말_고1_기출.js,H15-SB-03,H15-SB-03-INVERSE_FUNCTION,UNADJUDICATED,SOLUTION_CANDIDATE,TRIAGE_NO_GRAPH_SIGNAL,,,ABSENT,,ABSENT,ABSENT,,
h1:original/high/h1/2final/22_순천여고_2학기_기말_고1_기출.js_4,original/high/h1/2final/22_순천여고_2학기_기말_고1_기출.js,H15-SB-05,H15-SB-05-IRRATIONAL_BASIC,UNADJUDICATED,SOLUTION_CANDIDATE,TRIAGE_NO_GRAPH_SIGNAL,,,ABSENT,,ABSENT,ABSENT,,
h1:original/high/h1/2final/22_순천여고_2학기_기말_고1_기출.js_5,original/high/h1/2final/22_순천여고_2학기_기말_고1_기출.js,H15-SB-04,H15-SB-04-RATIONAL_GRAPH,UNADJUDICATED,PROBLEM_PRESENT_REVIEW,PRIORITY_1_GRAPH_GAP_CANDIDATE,assets/images/22_순천여고_2학기_기말_고1_기출/q5.png,,PRESENT,,PRESENT,ABSENT,e8efdf5b1a9406ed018e2db831fe8a9fce6b6a65f2f2ce644cc687af684273f9,
h1:original/high/h1/2final/22_순천여고_2학기_기말_고1_기출.js_7,original/high/h1/2final/22_순천여고_2학기_기말_고1_기출.js,H15-SB-04,H15-SB-04-RATIONAL_BASIC,UNADJUDICATED,SOLUTION_CANDIDATE,PRIORITY_1_EXPLICIT_GRAPH_CANDIDATE,,,ABSENT,,ABSENT,ABSENT,,
h1:original/high/h1/2final/22_순천여고_2학기_기말_고1_기출.js_8,original/high/h1/2final/22_순천여고_2학기_기말_고1_기출.js,H15-SB-04,H15-SB-04-RATIONAL_BASIC,UNADJUDICATED,SOLUTION_CANDIDATE,PRIORITY_1_EXPLICIT_GRAPH_CANDIDATE,,,ABSENT,,ABSENT,ABSENT,,
h1:original/high/h1/2final/22_제일고_2학기_기말_고1_기출.js_1,original/high/h1/2final/22_제일고_2학기_기말_고1_기출.js,H15-SB-03,H15-SB-03-COMPOSITE_FUNCTION,UNADJUDICATED,PROBLEM_PRESENT_REVIEW,PRIORITY_1_GRAPH_GAP_CANDIDATE,assets/images/22_제일고_2학기_기말_고1_기출/q1.png,,PRESENT,,PRESENT,ABSENT,7f1065135e8b8d6474e0dce995a3d9cb9ccaafc54f106b0b4de1aa7749f366ef,
h1:original/high/h1/2final/22_제일고_2학기_기말_고1_기출.js_10,original/high/h1/2final/22_제일고_2학기_기말_고1_기출.js,H15-SB-03,H15-SB-03-COMPOSITE_FUNCTION,UNADJUDICATED,SOLUTION_CANDIDATE,PRIORITY_2_GRAPH_RELATION_CANDIDATE,,,ABSENT,,ABSENT,ABSENT,,
h1:original/high/h1/2final/22_제일고_2학기_기말_고1_기출.js_15,original/high/h1/2final/22_제일고_2학기_기말_고1_기출.js,H15-SB-04,H15-SB-04-RATIONAL_BASIC,UNADJUDICATED,SOLUTION_CANDIDATE,TRIAGE_NO_GRAPH_SIGNAL,,,ABSENT,,ABSENT,ABSENT,,
h1:original/high/h1/2final/22_제일고_2학기_기말_고1_기출.js_16,original/high/h1/2final/22_제일고_2학기_기말_고1_기출.js,H15-SB-03,H15-SB-03-INVERSE_FUNCTION,UNADJUDICATED,SOLUTION_CANDIDATE,TRIAGE_NO_GRAPH_SIGNAL,,,ABSENT,,ABSENT,ABSENT,,
h1:original/high/h1/2final/22_제일고_2학기_기말_고1_기출.js_17,original/high/h1/2final/22_제일고_2학기_기말_고1_기출.js,H15-SB-03,H15-SB-03-FUNCTION_RELATION,UNADJUDICATED,SOLUTION_CANDIDATE,TRIAGE_NO_GRAPH_SIGNAL,,,ABSENT,,ABSENT,ABSENT,,
h1:original/high/h1/2final/22_제일고_2학기_기말_고1_기출.js_19,original/high/h1/2final/22_제일고_2학기_기말_고1_기출.js,H15-SB-03,H15-SB-03-FUNCTION_RELATION,UNADJUDICATED,SOLUTION_CANDIDATE,TRIAGE_NO_GRAPH_SIGNAL,,,ABSENT,,ABSENT,ABSENT,,
h1:original/high/h1/2final/22_제일고_2학기_기말_고1_기출.js_2,original/high/h1/2final/22_제일고_2학기_기말_고1_기출.js,H15-SB-04,H15-SB-04-RATIONAL_BASIC,UNADJUDICATED,SOLUTION_CANDIDATE,PRIORITY_1_EXPLICIT_GRAPH_CANDIDATE,,,ABSENT,,ABSENT,ABSENT,,
h1:original/high/h1/2final/22_제일고_2학기_기말_고1_기출.js_20,original/high/h1/2final/22_제일고_2학기_기말_고1_기출.js,H15-SB-03,H15-SB-03-COMPOSITE_FUNCTION,UNADJUDICATED,SOLUTION_CANDIDATE,PRIORITY_2_GRAPH_RELATION_CANDIDATE,,,ABSENT,,ABSENT,ABSENT,,
h1:original/high/h1/2final/22_제일고_2학기_기말_고1_기출.js_22,original/high/h1/2final/22_제일고_2학기_기말_고1_기출.js,H15-SB-05,H15-SB-05-IRRATIONAL_BASIC,UNADJUDICATED,SOLUTION_CANDIDATE,PRIORITY_1_EXPLICIT_GRAPH_CANDIDATE,,,ABSENT,,ABSENT,ABSENT,,
h1:original/high/h1/2final/22_제일고_2학기_기말_고1_기출.js_3,original/high/h1/2final/22_제일고_2학기_기말_고1_기출.js,H15-SB-03,H15-SB-03-INVERSE_FUNCTION,UNADJUDICATED,PROBLEM_PRESENT_REVIEW,PRIORITY_1_GRAPH_GAP_CANDIDATE,assets/images/22_제일고_2학기_기말_고1_기출/q3.png,,PRESENT,,PRESENT,ABSENT,6adc6445cdc11f2078408667596959850d41918620cf5b4260b5759c659428a7,
h1:original/high/h1/2final/22_제일고_2학기_기말_고1_기출.js_7,original/high/h1/2final/22_제일고_2학기_기말_고1_기출.js,H15-SB-03,H15-SB-03-FUNCTION_RELATION,UNADJUDICATED,SOLUTION_CANDIDATE,TRIAGE_NO_GRAPH_SIGNAL,,,ABSENT,,ABSENT,ABSENT,,
h1:original/high/h1/2final/22_제일고_2학기_기말_고1_기출.js_8,original/high/h1/2final/22_제일고_2학기_기말_고1_기출.js,H15-SB-04,H15-SB-04-RATIONAL_BASIC,UNADJUDICATED,SOLUTION_CANDIDATE,TRIAGE_NO_GRAPH_SIGNAL,,,ABSENT,,ABSENT,ABSENT,,
h1:original/high/h1/2final/22_제일고_2학기_기말_고1_기출.js_9,original/high/h1/2final/22_제일고_2학기_기말_고1_기출.js,H15-SB-05,H15-SB-05-IRRATIONAL_BASIC,UNADJUDICATED,SOLUTION_CANDIDATE,PRIORITY_1_EXPLICIT_GRAPH_CANDIDATE,,,ABSENT,,ABSENT,ABSENT,,
h1:original/high/h1/2final/22_팔마고_2학기_기말_고1_기출.js_1,original/high/h1/2final/22_팔마고_2학기_기말_고1_기출.js,H15-SB-04,H15-SB-04-RATIONAL_BASIC,UNADJUDICATED,SOLUTION_CANDIDATE,TRIAGE_NO_GRAPH_SIGNAL,,,ABSENT,,ABSENT,ABSENT,,
h1:original/high/h1/2final/22_팔마고_2학기_기말_고1_기출.js_11,original/high/h1/2final/22_팔마고_2학기_기말_고1_기출.js,H15-SB-03,H15-SB-03-FUNCTION_RELATION,UNADJUDICATED,SOLUTION_CANDIDATE,TRIAGE_NO_GRAPH_SIGNAL,,,ABSENT,,ABSENT,ABSENT,,
h1:original/high/h1/2final/22_팔마고_2학기_기말_고1_기출.js_12,original/high/h1/2final/22_팔마고_2학기_기말_고1_기출.js,H15-SB-05,H15-SB-05-IRRATIONAL_BASIC,UNADJUDICATED,SOLUTION_CANDIDATE,PRIORITY_1_EXPLICIT_GRAPH_CANDIDATE,,,ABSENT,,ABSENT,ABSENT,,
h1:original/high/h1/2final/22_팔마고_2학기_기말_고1_기출.js_16,original/high/h1/2final/22_팔마고_2학기_기말_고1_기출.js,H15-SB-05,H15-SB-05-IRRATIONAL_BASIC,UNADJUDICATED,SOLUTION_CANDIDATE,PRIORITY_1_EXPLICIT_GRAPH_CANDIDATE,,,ABSENT,,ABSENT,ABSENT,,
h1:original/high/h1/2final/22_팔마고_2학기_기말_고1_기출.js_18,original/high/h1/2final/22_팔마고_2학기_기말_고1_기출.js,H15-SB-04,H15-SB-04-RATIONAL_BASIC,UNADJUDICATED,SOLUTION_CANDIDATE,TRIAGE_NO_GRAPH_SIGNAL,,,ABSENT,,ABSENT,ABSENT,,
h1:original/high/h1/2final/22_팔마고_2학기_기말_고1_기출.js_2,original/high/h1/2final/22_팔마고_2학기_기말_고1_기출.js,H15-SB-05,H15-SB-05-IRRATIONAL_BASIC,UNADJUDICATED,SOLUTION_CANDIDATE,TRIAGE_NO_GRAPH_SIGNAL,,,ABSENT,,ABSENT,ABSENT,,
h1:original/high/h1/2final/22_팔마고_2학기_기말_고1_기출.js_20,original/high/h1/2final/22_팔마고_2학기_기말_고1_기출.js,H15-SB-05,H15-SB-05-IRRATIONAL_BASIC,UNADJUDICATED,SOLUTION_CANDIDATE,TRIAGE_NO_GRAPH_SIGNAL,,,ABSENT,,ABSENT,ABSENT,,
h1:original/high/h1/2final/22_팔마고_2학기_기말_고1_기출.js_21,original/high/h1/2final/22_팔마고_2학기_기말_고1_기출.js,H15-SB-04,H15-SB-04-RATIONAL_BASIC,UNADJUDICATED,PROBLEM_PRESENT_REVIEW,PRIORITY_1_GRAPH_GAP_CANDIDATE,assets/images/22_팔마고_2학기_기말_고1_기출/q21.svg,,PRESENT,,PRESENT,ABSENT,c1750dbae58e575ba62365929a9cb49c3523ad8ccdb09781a45982b991ffba27,
h1:original/high/h1/2final/22_팔마고_2학기_기말_고1_기출.js_4,original/high/h1/2final/22_팔마고_2학기_기말_고1_기출.js,H15-SB-04,H15-SB-04-RATIONAL_BASIC,UNADJUDICATED,SOLUTION_CANDIDATE,PRIORITY_1_EXPLICIT_GRAPH_CANDIDATE,,,ABSENT,,ABSENT,ABSENT,,
h1:original/high/h1/2final/22_팔마고_2학기_기말_고1_기출.js_6,original/high/h1/2final/22_팔마고_2학기_기말_고1_기출.js,H15-SB-04,H15-SB-04-RATIONAL_BASIC,UNADJUDICATED,SOLUTION_CANDIDATE,PRIORITY_1_EXPLICIT_GRAPH_CANDIDATE,,,ABSENT,,ABSENT,ABSENT,,
h1:original/high/h1/2final/22_팔마고_2학기_기말_고1_기출.js_8,original/high/h1/2final/22_팔마고_2학기_기말_고1_기출.js,H15-SB-04,H15-SB-04-RATIONAL_BASIC,UNADJUDICATED,SOLUTION_CANDIDATE,PRIORITY_1_EXPLICIT_GRAPH_CANDIDATE,,,ABSENT,,ABSENT,ABSENT,,
h1:original/high/h1/2final/22_팔마고_2학기_기말_고1_기출.js_9,original/high/h1/2final/22_팔마고_2학기_기말_고1_기출.js,H15-SB-03,H15-SB-03-COMPOSITE_FUNCTION,UNADJUDICATED,SOLUTION_CANDIDATE,PRIORITY_2_GRAPH_SUBUNIT_CANDIDATE,,,ABSENT,,ABSENT,ABSENT,,
h1:original/high/h1/2final/22_효천고_2학기_기말_고1_기출.js_1,original/high/h1/2final/22_효천고_2학기_기말_고1_기출.js,H15-SB-03,H15-SB-03-INVERSE_FUNCTION,UNADJUDICATED,SOLUTION_CANDIDATE,TRIAGE_NO_GRAPH_SIGNAL,,,ABSENT,,ABSENT,ABSENT,,
h1:original/high/h1/2final/22_효천고_2학기_기말_고1_기출.js_11,original/high/h1/2final/22_효천고_2학기_기말_고1_기출.js,H15-SB-03,H15-SB-03-INVERSE_FUNCTION,UNADJUDICATED,SOLUTION_CANDIDATE,TRIAGE_NO_GRAPH_SIGNAL,,,ABSENT,,ABSENT,ABSENT,,
h1:original/high/h1/2final/22_효천고_2학기_기말_고1_기출.js_13,original/high/h1/2final/22_효천고_2학기_기말_고1_기출.js,H15-SB-03,H15-SB-03-INVERSE_FUNCTION,UNADJUDICATED,SOLUTION_CANDIDATE,PRIORITY_1_EXPLICIT_GRAPH_CANDIDATE,,,ABSENT,,ABSENT,ABSENT,,
h1:original/high/h1/2final/22_효천고_2학기_기말_고1_기출.js_15,original/high/h1/2final/22_효천고_2학기_기말_고1_기출.js,H15-SB-04,H15-SB-04-RATIONAL_BASIC,UNADJUDICATED,SOLUTION_CANDIDATE,PRIORITY_1_EXPLICIT_GRAPH_CANDIDATE,,,ABSENT,,ABSENT,ABSENT,,
h1:original/high/h1/2final/22_효천고_2학기_기말_고1_기출.js_16,original/high/h1/2final/22_효천고_2학기_기말_고1_기출.js,H15-SB-05,H15-SB-05-IRRATIONAL_BASIC,UNADJUDICATED,SOLUTION_CANDIDATE,PRIORITY_1_EXPLICIT_GRAPH_CANDIDATE,,,ABSENT,,ABSENT,ABSENT,,
h1:original/high/h1/2final/22_효천고_2학기_기말_고1_기출.js_18,original/high/h1/2final/22_효천고_2학기_기말_고1_기출.js,H15-SB-05,H15-SB-05-IRRATIONAL_BASIC,UNADJUDICATED,SOLUTION_CANDIDATE,PRIORITY_1_EXPLICIT_GRAPH_CANDIDATE,,,ABSENT,,ABSENT,ABSENT,,
h1:original/high/h1/2final/22_효천고_2학기_기말_고1_기출.js_19,original/high/h1/2final/22_효천고_2학기_기말_고1_기출.js,H15-SB-03,H15-SB-03-FUNCTION_RELATION,UNADJUDICATED,SOLUTION_CANDIDATE,TRIAGE_NO_GRAPH_SIGNAL,,,ABSENT,,ABSENT,ABSENT,,
h1:original/high/h1/2final/22_효천고_2학기_기말_고1_기출.js_2,original/high/h1/2final/22_효천고_2학기_기말_고1_기출.js,H15-SB-04,H15-SB-04-RATIONAL_BASIC,UNADJUDICATED,SOLUTION_CANDIDATE,TRIAGE_NO_GRAPH_SIGNAL,,,ABSENT,,ABSENT,ABSENT,,
h1:original/high/h1/2final/22_효천고_2학기_기말_고1_기출.js_20,original/high/h1/2final/22_효천고_2학기_기말_고1_기출.js,H15-SB-04,H15-SB-04-RATIONAL_BASIC,UNADJUDICATED,SOLUTION_CANDIDATE,TRIAGE_NO_GRAPH_SIGNAL,,,ABSENT,,ABSENT,ABSENT,,
h1:original/high/h1/2final/22_효천고_2학기_기말_고1_기출.js_22,original/high/h1/2final/22_효천고_2학기_기말_고1_기출.js,H15-SB-04,H15-SB-04-RATIONAL_BASIC,UNADJUDICATED,SOLUTION_CANDIDATE,PRIORITY_1_EXPLICIT_GRAPH_CANDIDATE,,,ABSENT,,ABSENT,ABSENT,,
h1:original/high/h1/2final/22_효천고_2학기_기말_고1_기출.js_4,original/high/h1/2final/22_효천고_2학기_기말_고1_기출.js,H15-SB-04,H15-SB-04-RATIONAL_BASIC,UNADJUDICATED,SOLUTION_CANDIDATE,PRIORITY_1_EXPLICIT_GRAPH_CANDIDATE,,,ABSENT,,ABSENT,ABSENT,,
h1:original/high/h1/2final/22_효천고_2학기_기말_고1_기출.js_5,original/high/h1/2final/22_효천고_2학기_기말_고1_기출.js,H15-SB-05,H15-SB-05-IRRATIONAL_BASIC,UNADJUDICATED,SOLUTION_CANDIDATE,PRIORITY_1_EXPLICIT_GRAPH_CANDIDATE,,,ABSENT,,ABSENT,ABSENT,,
h1:original/high/h1/2final/23_강남여고_2학기_기말_고1_기출.js_11,original/high/h1/2final/23_강남여고_2학기_기말_고1_기출.js,H15-SB-03,H15-SB-03-FUNCTION_RELATION,UNADJUDICATED,SOLUTION_CANDIDATE,TRIAGE_NO_GRAPH_SIGNAL,,,ABSENT,,ABSENT,ABSENT,,
h1:original/high/h1/2final/23_강남여고_2학기_기말_고1_기출.js_12,original/high/h1/2final/23_강남여고_2학기_기말_고1_기출.js,H15-SB-03,H15-SB-03-COMPOSITE_FUNCTION,UNADJUDICATED,PROBLEM_PRESENT_REVIEW,PRIORITY_1_GRAPH_GAP_CANDIDATE,assets/images/23_강남여고_2학기_기말_고1_기출/q12.png,,PRESENT,,PRESENT,ABSENT,ed72d00ccc58c7e6abab0efaf90bf422b174d488f5d222d409245e48b8e9d884,
h1:original/high/h1/2final/23_강남여고_2학기_기말_고1_기출.js_15,original/high/h1/2final/23_강남여고_2학기_기말_고1_기출.js,H15-SB-03,H15-SB-03-INVERSE_FUNCTION,UNADJUDICATED,SOLUTION_CANDIDATE,TRIAGE_NO_GRAPH_SIGNAL,,,ABSENT,,ABSENT,ABSENT,,
h1:original/high/h1/2final/23_강남여고_2학기_기말_고1_기출.js_16,original/high/h1/2final/23_강남여고_2학기_기말_고1_기출.js,H15-SB-03,H15-SB-03-FUNCTION_RELATION,UNADJUDICATED,SOLUTION_CANDIDATE,TRIAGE_NO_GRAPH_SIGNAL,,,ABSENT,,ABSENT,ABSENT,,
h1:original/high/h1/2final/23_강남여고_2학기_기말_고1_기출.js_17,original/high/h1/2final/23_강남여고_2학기_기말_고1_기출.js,H15-SB-03,H15-SB-03-INVERSE_FUNCTION,UNADJUDICATED,SOLUTION_CANDIDATE,TRIAGE_NO_GRAPH_SIGNAL,,,ABSENT,,ABSENT,ABSENT,,
h1:original/high/h1/2final/23_강남여고_2학기_기말_고1_기출.js_18,original/high/h1/2final/23_강남여고_2학기_기말_고1_기출.js,H15-SB-03,H15-SB-03-COMPOSITE_FUNCTION,UNADJUDICATED,PROBLEM_PRESENT_REVIEW,PRIORITY_1_GRAPH_GAP_CANDIDATE,assets/images/23_강남여고_2학기_기말_고1_기출/q18.png,,PRESENT,,PRESENT,ABSENT,180758d06e8a4c5e0fa97c8ae537956a73b8155512b11ee496e43dad8413f970,
h1:original/high/h1/2final/23_강남여고_2학기_기말_고1_기출.js_19,original/high/h1/2final/23_강남여고_2학기_기말_고1_기출.js,H15-SB-05,H15-SB-05-IRRATIONAL_BASIC,UNADJUDICATED,SOLUTION_CANDIDATE,PRIORITY_1_EXPLICIT_GRAPH_CANDIDATE,,,ABSENT,,ABSENT,ABSENT,,
h1:original/high/h1/2final/23_강남여고_2학기_기말_고1_기출.js_2,original/high/h1/2final/23_강남여고_2학기_기말_고1_기출.js,H15-SB-03,H15-SB-03-COMPOSITE_FUNCTION,UNADJUDICATED,SOLUTION_CANDIDATE,PRIORITY_2_GRAPH_SUBUNIT_CANDIDATE,,,ABSENT,,ABSENT,ABSENT,,
h1:original/high/h1/2final/23_강남여고_2학기_기말_고1_기출.js_20,original/high/h1/2final/23_강남여고_2학기_기말_고1_기출.js,H15-SB-04,H15-SB-04-RATIONAL_GRAPH,UNADJUDICATED,PROBLEM_PRESENT_REVIEW,PRIORITY_1_GRAPH_GAP_CANDIDATE,assets/images/23_강남여고_2학기_기말_고1_기출/q20.png,,PRESENT,,PRESENT,ABSENT,c25d3191c98931cf974b2cfe7a7c00bd4710805e683ed48ff16892561edc0802,
h1:original/high/h1/2final/23_강남여고_2학기_기말_고1_기출.js_21,original/high/h1/2final/23_강남여고_2학기_기말_고1_기출.js,H15-SB-03,H15-SB-03-INVERSE_FUNCTION,UNADJUDICATED,SOLUTION_CANDIDATE,TRIAGE_NO_GRAPH_SIGNAL,,,ABSENT,,ABSENT,ABSENT,,
h1:original/high/h1/2final/23_강남여고_2학기_기말_고1_기출.js_22,original/high/h1/2final/23_강남여고_2학기_기말_고1_기출.js,H15-SB-05,H15-SB-05-IRRATIONAL_GRAPH,UNADJUDICATED,PROBLEM_PRESENT_REVIEW,PRIORITY_1_GRAPH_GAP_CANDIDATE,assets/images/23_강남여고_2학기_기말_고1_기출/q22.png,,PRESENT,,PRESENT,ABSENT,56e90d19e4f0f1ad69cd259027a91dc56aeaa057fba412872b3bcec252bf4ae5,
h1:original/high/h1/2final/23_강남여고_2학기_기말_고1_기출.js_24,original/high/h1/2final/23_강남여고_2학기_기말_고1_기출.js,H15-SB-05,H15-SB-05-IRRATIONAL_INVERSE,UNADJUDICATED,SOLUTION_CANDIDATE,SOLUTION_VISUAL_PRESENT,,assets/images/23_강남여고_2학기_기말_고1_기출/q24-solution.svg,ABSENT,,ABSENT,PRESENT,,1e057c43eb8b3909c2725c9614f94f440aca7f76f2ac2c6f483c49df81d619b5
h1:original/high/h1/2final/23_강남여고_2학기_기말_고1_기출.js_3,original/high/h1/2final/23_강남여고_2학기_기말_고1_기출.js,H15-SB-03,H15-SB-03-INVERSE_FUNCTION,UNADJUDICATED,SOLUTION_CANDIDATE,TRIAGE_NO_GRAPH_SIGNAL,,,ABSENT,,ABSENT,ABSENT,,
h1:original/high/h1/2final/23_강남여고_2학기_기말_고1_기출.js_5,original/high/h1/2final/23_강남여고_2학기_기말_고1_기출.js,H15-SB-04,H15-SB-04-RATIONAL_GRAPH,UNADJUDICATED,SOLUTION_CANDIDATE,SOLUTION_VISUAL_PRESENT,,assets/images/23_강남여고_2학기_기말_고1_기출/q05-solution.svg,ABSENT,,ABSENT,PRESENT,,9f008662f8746dfb787b29f003c733c977d7cc5d72dd2f197ef56ef5630a62a1
h1:original/high/h1/2final/23_강남여고_2학기_기말_고1_기출.js_6,original/high/h1/2final/23_강남여고_2학기_기말_고1_기출.js,H15-SB-05,H15-SB-05-IRRATIONAL_BASIC,UNADJUDICATED,SOLUTION_CANDIDATE,SOLUTION_VISUAL_PRESENT,,assets/images/23_강남여고_2학기_기말_고1_기출/q06-solution.svg,ABSENT,,ABSENT,PRESENT,,b7275424d5f2d56afb07bdac3571532cc8454154c92fa69af9542617c6adca02
h1:original/high/h1/2final/23_강남여고_2학기_기말_고1_기출.js_8,original/high/h1/2final/23_강남여고_2학기_기말_고1_기출.js,H15-SB-04,H15-SB-04-RATIONAL_BASIC,UNADJUDICATED,SOLUTION_CANDIDATE,TRIAGE_NO_GRAPH_SIGNAL,,,ABSENT,,ABSENT,ABSENT,,
h1:original/high/h1/2final/23_강남여고_2학기_기말_고1_기출.js_9,original/high/h1/2final/23_강남여고_2학기_기말_고1_기출.js,H15-SB-03,H15-SB-03-COMPOSITE_FUNCTION,UNADJUDICATED,SOLUTION_CANDIDATE,PRIORITY_2_GRAPH_SUBUNIT_CANDIDATE,,,ABSENT,,ABSENT,ABSENT,,
h1:original/high/h1/2final/23_금당고_2학기_기말_고1_기출.js_10,original/high/h1/2final/23_금당고_2학기_기말_고1_기출.js,H15-SB-03,H15-SB-03-INVERSE_FUNCTION,UNADJUDICATED,SOLUTION_CANDIDATE,TRIAGE_NO_GRAPH_SIGNAL,,,ABSENT,,ABSENT,ABSENT,,
h1:original/high/h1/2final/23_금당고_2학기_기말_고1_기출.js_11,original/high/h1/2final/23_금당고_2학기_기말_고1_기출.js,H15-SB-04,H15-SB-04-RATIONAL_GRAPH,UNADJUDICATED,SOLUTION_CANDIDATE,PRIORITY_1_EXPLICIT_GRAPH_CANDIDATE,,,ABSENT,,ABSENT,ABSENT,,
h1:original/high/h1/2final/23_금당고_2학기_기말_고1_기출.js_13,original/high/h1/2final/23_금당고_2학기_기말_고1_기출.js,H15-SB-03,H15-SB-03-INVERSE_FUNCTION,UNADJUDICATED,SOLUTION_CANDIDATE,PRIORITY_1_EXPLICIT_GRAPH_CANDIDATE,,,ABSENT,,ABSENT,ABSENT,,
h1:original/high/h1/2final/23_금당고_2학기_기말_고1_기출.js_14,original/high/h1/2final/23_금당고_2학기_기말_고1_기출.js,H15-SB-04,H15-SB-04-RATIONAL_BASIC,UNADJUDICATED,SOLUTION_CANDIDATE,TRIAGE_NO_GRAPH_SIGNAL,,,ABSENT,,ABSENT,ABSENT,,
h1:original/high/h1/2final/23_금당고_2학기_기말_고1_기출.js_16,original/high/h1/2final/23_금당고_2학기_기말_고1_기출.js,H15-SB-03,H15-SB-03-FUNCTION_RELATION,UNADJUDICATED,SOLUTION_CANDIDATE,PRIORITY_1_EXPLICIT_GRAPH_CANDIDATE,,,ABSENT,,ABSENT,ABSENT,,
h1:original/high/h1/2final/23_금당고_2학기_기말_고1_기출.js_18,original/high/h1/2final/23_금당고_2학기_기말_고1_기출.js,H15-SB-03,H15-SB-03-COMPOSITE_FUNCTION,UNADJUDICATED,PROBLEM_PRESENT_REVIEW,PRIORITY_1_GRAPH_GAP_CANDIDATE,assets/images/23_금당고_2학기_기말_고1_기출/q18.png,,PRESENT,,PRESENT,ABSENT,89e9d9436fb7f883fb3f1ea7104e377e8c8affb5799e80f32f79bc4a152d77b7,
h1:original/high/h1/2final/23_금당고_2학기_기말_고1_기출.js_20,original/high/h1/2final/23_금당고_2학기_기말_고1_기출.js,H15-SB-05,H15-SB-05-IRRATIONAL_INVERSE,UNADJUDICATED,SOLUTION_CANDIDATE,SOLUTION_VISUAL_PRESENT,,assets/images/23_금당고_2학기_기말_고1_기출/q20-solution.svg,ABSENT,,ABSENT,PRESENT,,57ca902465f1358dece810337071821d659637f292ae0aa10558e823cc7dbcc7
h1:original/high/h1/2final/23_금당고_2학기_기말_고1_기출.js_21,original/high/h1/2final/23_금당고_2학기_기말_고1_기출.js,H15-SB-03,H15-SB-03-FUNCTION_RELATION,UNADJUDICATED,SOLUTION_CANDIDATE,TRIAGE_NO_GRAPH_SIGNAL,,,ABSENT,,ABSENT,ABSENT,,
h1:original/high/h1/2final/23_금당고_2학기_기말_고1_기출.js_3,original/high/h1/2final/23_금당고_2학기_기말_고1_기출.js,H15-SB-03,H15-SB-03-COMPOSITE_FUNCTION,UNADJUDICATED,SOLUTION_CANDIDATE,PRIORITY_2_GRAPH_SUBUNIT_CANDIDATE,,,ABSENT,,ABSENT,ABSENT,,
h1:original/high/h1/2final/23_금당고_2학기_기말_고1_기출.js_4,original/high/h1/2final/23_금당고_2학기_기말_고1_기출.js,H15-SB-03,H15-SB-03-FUNCTION_RELATION,UNADJUDICATED,PROBLEM_PRESENT_REVIEW,PRIORITY_1_GRAPH_GAP_CANDIDATE,assets/images/23_금당고_2학기_기말_고1_기출/q4.png,,PRESENT,,PRESENT,ABSENT,4b2cb43e7c6fd4fb545266e1b18a932b60b839496460c76f2b4e30f071634707,
h1:original/high/h1/2final/23_금당고_2학기_기말_고1_기출.js_5,original/high/h1/2final/23_금당고_2학기_기말_고1_기출.js,H15-SB-05,H15-SB-05-IRRATIONAL_BASIC,UNADJUDICATED,SOLUTION_CANDIDATE,TRIAGE_NO_GRAPH_SIGNAL,,,ABSENT,,ABSENT,ABSENT,,
h1:original/high/h1/2final/23_금당고_2학기_기말_고1_기출.js_6,original/high/h1/2final/23_금당고_2학기_기말_고1_기출.js,H15-SB-04,H15-SB-04-RATIONAL_BASIC,UNADJUDICATED,SOLUTION_CANDIDATE,TRIAGE_NO_GRAPH_SIGNAL,,,ABSENT,,ABSENT,ABSENT,,
h1:original/high/h1/2final/23_금당고_2학기_기말_고1_기출.js_7,original/high/h1/2final/23_금당고_2학기_기말_고1_기출.js,H15-SB-04,H15-SB-04-RATIONAL_GRAPH,UNADJUDICATED,SOLUTION_CANDIDATE,SOLUTION_VISUAL_PRESENT,,assets/images/23_금당고_2학기_기말_고1_기출/q07-solution.svg,ABSENT,,ABSENT,PRESENT,,310639bb6f757ec889b33a7866bef5fd2e95bd2482af1a125807859975efe4b1
h1:original/high/h1/2final/23_금당고_2학기_기말_고1_기출.js_8,original/high/h1/2final/23_금당고_2학기_기말_고1_기출.js,H15-SB-03,H15-SB-03-INVERSE_FUNCTION,UNADJUDICATED,SOLUTION_CANDIDATE,PRIORITY_1_EXPLICIT_GRAPH_CANDIDATE,,,ABSENT,,ABSENT,ABSENT,,
h1:original/high/h1/2final/23_매산여고_2학기_기말_고1_기출.js_1,original/high/h1/2final/23_매산여고_2학기_기말_고1_기출.js,H15-SB-03,H15-SB-03-COMPOSITE_FUNCTION,UNADJUDICATED,SOLUTION_CANDIDATE,PRIORITY_2_GRAPH_SUBUNIT_CANDIDATE,,,ABSENT,,ABSENT,ABSENT,,
h1:original/high/h1/2final/23_매산여고_2학기_기말_고1_기출.js_16,original/high/h1/2final/23_매산여고_2학기_기말_고1_기출.js,H15-SB-05,H15-SB-05-IRRATIONAL_BASIC,UNADJUDICATED,SOLUTION_CANDIDATE,TRIAGE_NO_GRAPH_SIGNAL,,,ABSENT,,ABSENT,ABSENT,,
h1:original/high/h1/2final/23_매산여고_2학기_기말_고1_기출.js_18,original/high/h1/2final/23_매산여고_2학기_기말_고1_기출.js,H15-SB-03,H15-SB-03-FUNCTION_RELATION,UNADJUDICATED,SOLUTION_CANDIDATE,TRIAGE_NO_GRAPH_SIGNAL,,,ABSENT,,ABSENT,ABSENT,,
h1:original/high/h1/2final/23_매산여고_2학기_기말_고1_기출.js_19,original/high/h1/2final/23_매산여고_2학기_기말_고1_기출.js,H15-SB-03,H15-SB-03-FUNCTION_RELATION,UNADJUDICATED,SOLUTION_CANDIDATE,TRIAGE_NO_GRAPH_SIGNAL,,,ABSENT,,ABSENT,ABSENT,,
h1:original/high/h1/2final/23_매산여고_2학기_기말_고1_기출.js_2,original/high/h1/2final/23_매산여고_2학기_기말_고1_기출.js,H15-SB-03,H15-SB-03-COMPOSITE_FUNCTION,UNADJUDICATED,SOLUTION_CANDIDATE,PRIORITY_2_GRAPH_SUBUNIT_CANDIDATE,,,ABSENT,,ABSENT,ABSENT,,
h1:original/high/h1/2final/23_매산여고_2학기_기말_고1_기출.js_20,original/high/h1/2final/23_매산여고_2학기_기말_고1_기출.js,H15-SB-03,H15-SB-03-FUNCTION_RELATION,UNADJUDICATED,SOLUTION_CANDIDATE,TRIAGE_NO_GRAPH_SIGNAL,,,ABSENT,,ABSENT,ABSENT,,
h1:original/high/h1/2final/23_매산여고_2학기_기말_고1_기출.js_21,original/high/h1/2final/23_매산여고_2학기_기말_고1_기출.js,H15-SB-03,H15-SB-03-INVERSE_FUNCTION,UNADJUDICATED,SOLUTION_CANDIDATE,TRIAGE_NO_GRAPH_SIGNAL,,,ABSENT,,ABSENT,ABSENT,,
h1:original/high/h1/2final/23_매산여고_2학기_기말_고1_기출.js_22,original/high/h1/2final/23_매산여고_2학기_기말_고1_기출.js,H15-SB-05,H15-SB-05-IRRATIONAL_BASIC,UNADJUDICATED,SOLUTION_CANDIDATE,PRIORITY_1_EXPLICIT_GRAPH_CANDIDATE,,,ABSENT,,ABSENT,ABSENT,,
h1:original/high/h1/2final/23_매산여고_2학기_기말_고1_기출.js_3,original/high/h1/2final/23_매산여고_2학기_기말_고1_기출.js,H15-SB-03,H15-SB-03-COMPOSITE_FUNCTION,UNADJUDICATED,PROBLEM_PRESENT_REVIEW,PRIORITY_1_GRAPH_GAP_CANDIDATE,assets/images/23_매산여고_2학기_기말_고1_기출/q3.png,,PRESENT,,PRESENT,ABSENT,5792e9bcd78919c9e360c78f2011e5268c10917bfe12f7dc1246680bfa9e4324,
h1:original/high/h1/2final/23_매산여고_2학기_기말_고1_기출.js_4,original/high/h1/2final/23_매산여고_2학기_기말_고1_기출.js,H15-SB-03,H15-SB-03-FUNCTION_RELATION,UNADJUDICATED,SOLUTION_CANDIDATE,TRIAGE_NO_GRAPH_SIGNAL,,,ABSENT,,ABSENT,ABSENT,,
h1:original/high/h1/2final/23_매산여고_2학기_기말_고1_기출.js_5,original/high/h1/2final/23_매산여고_2학기_기말_고1_기출.js,H15-SB-04,H15-SB-04-RATIONAL_BASIC,UNADJUDICATED,SOLUTION_CANDIDATE,TRIAGE_NO_GRAPH_SIGNAL,,,ABSENT,,ABSENT,ABSENT,,
h1:original/high/h1/2final/23_매산여고_2학기_기말_고1_기출.js_6,original/high/h1/2final/23_매산여고_2학기_기말_고1_기출.js,H15-SB-04,H15-SB-04-RATIONAL_GRAPH,UNADJUDICATED,SOLUTION_CANDIDATE,PRIORITY_1_EXPLICIT_GRAPH_CANDIDATE,,,ABSENT,,ABSENT,ABSENT,,
h1:original/high/h1/2final/23_매산여고_2학기_기말_고1_기출.js_7,original/high/h1/2final/23_매산여고_2학기_기말_고1_기출.js,H15-SB-04,H15-SB-04-RATIONAL_BASIC,UNADJUDICATED,SOLUTION_CANDIDATE,PRIORITY_1_EXPLICIT_GRAPH_CANDIDATE,,,ABSENT,,ABSENT,ABSENT,,
h1:original/high/h1/2final/23_매산여고_2학기_기말_고1_기출.js_8,original/high/h1/2final/23_매산여고_2학기_기말_고1_기출.js,H15-SB-05,H15-SB-05-IRRATIONAL_BASIC,UNADJUDICATED,SOLUTION_CANDIDATE,PRIORITY_1_EXPLICIT_GRAPH_CANDIDATE,,,ABSENT,,ABSENT,ABSENT,,
h1:original/high/h1/2final/23_매산여고_2학기_기말_고1_기출.js_9,original/high/h1/2final/23_매산여고_2학기_기말_고1_기출.js,H15-SB-05,H15-SB-05-IRRATIONAL_BASIC,UNADJUDICATED,SOLUTION_CANDIDATE,PRIORITY_1_EXPLICIT_GRAPH_CANDIDATE,,,ABSENT,,ABSENT,ABSENT,,
h1:original/high/h1/2final/24_강남여고_2학기_기말_고1_기출.js_1,original/high/h1/2final/24_강남여고_2학기_기말_고1_기출.js,H15-SB-04,H15-SB-04-RATIONAL_BASIC,UNADJUDICATED,SOLUTION_CANDIDATE,TRIAGE_NO_GRAPH_SIGNAL,,,ABSENT,,ABSENT,ABSENT,,
h1:original/high/h1/2final/24_강남여고_2학기_기말_고1_기출.js_10,original/high/h1/2final/24_강남여고_2학기_기말_고1_기출.js,H15-SB-05,H15-SB-05-IRRATIONAL_BASIC,UNADJUDICATED,SOLUTION_CANDIDATE,TRIAGE_NO_GRAPH_SIGNAL,,,ABSENT,,ABSENT,ABSENT,,
h1:original/high/h1/2final/24_강남여고_2학기_기말_고1_기출.js_13,original/high/h1/2final/24_강남여고_2학기_기말_고1_기출.js,H15-SB-03,H15-SB-03-COMPOSITE_FUNCTION,UNADJUDICATED,SOLUTION_CANDIDATE,PRIORITY_2_GRAPH_SUBUNIT_CANDIDATE,,,ABSENT,,ABSENT,ABSENT,,
h1:original/high/h1/2final/24_강남여고_2학기_기말_고1_기출.js_14,original/high/h1/2final/24_강남여고_2학기_기말_고1_기출.js,H15-SB-05,H15-SB-05-IRRATIONAL_BASIC,UNADJUDICATED,SOLUTION_CANDIDATE,TRIAGE_NO_GRAPH_SIGNAL,,,ABSENT,,ABSENT,ABSENT,,
h1:original/high/h1/2final/24_강남여고_2학기_기말_고1_기출.js_16,original/high/h1/2final/24_강남여고_2학기_기말_고1_기출.js,H15-SB-05,H15-SB-05-IRRATIONAL_GRAPH,UNADJUDICATED,PROBLEM_PRESENT_REVIEW,PRIORITY_1_GRAPH_GAP_CANDIDATE,assets/images/24_강남여고_2학기_기말_고1_기출/q16.png,,PRESENT,,PRESENT,ABSENT,b2823947db1f54a4ac6b7a06087754fbe6942ab3e51c7fc19bfe4fdd6d819b7b,
h1:original/high/h1/2final/24_강남여고_2학기_기말_고1_기출.js_17,original/high/h1/2final/24_강남여고_2학기_기말_고1_기출.js,H15-SB-03,H15-SB-03-COMPOSITE_FUNCTION,UNADJUDICATED,SOLUTION_CANDIDATE,PRIORITY_2_GRAPH_SUBUNIT_CANDIDATE,,,ABSENT,,ABSENT,ABSENT,,
h1:original/high/h1/2final/24_강남여고_2학기_기말_고1_기출.js_2,original/high/h1/2final/24_강남여고_2학기_기말_고1_기출.js,H15-SB-05,H15-SB-05-IRRATIONAL_BASIC,UNADJUDICATED,SOLUTION_CANDIDATE,TRIAGE_NO_GRAPH_SIGNAL,,,ABSENT,,ABSENT,ABSENT,,
h1:original/high/h1/2final/24_강남여고_2학기_기말_고1_기출.js_21,original/high/h1/2final/24_강남여고_2학기_기말_고1_기출.js,H15-SB-04,H15-SB-04-RATIONAL_BASIC,UNADJUDICATED,SOLUTION_CANDIDATE,TRIAGE_NO_GRAPH_SIGNAL,,,ABSENT,,ABSENT,ABSENT,,
h1:original/high/h1/2final/24_강남여고_2학기_기말_고1_기출.js_24,original/high/h1/2final/24_강남여고_2학기_기말_고1_기출.js,H15-SB-05,H15-SB-05-IRRATIONAL_GRAPH,UNADJUDICATED,PROBLEM_PRESENT_REVIEW,PRIORITY_1_GRAPH_GAP_CANDIDATE,assets/images/24_강남여고_2학기_기말_고1_기출/q24.png,,PRESENT,,PRESENT,ABSENT,5b681a1c1eec07c7f25e91c535c5a71429aa6e62be50e44f336ac8e2a45e1a5a,
h1:original/high/h1/2final/24_강남여고_2학기_기말_고1_기출.js_5,original/high/h1/2final/24_강남여고_2학기_기말_고1_기출.js,H15-SB-04,H15-SB-04-RATIONAL_BASIC,UNADJUDICATED,SOLUTION_CANDIDATE,TRIAGE_NO_GRAPH_SIGNAL,,,ABSENT,,ABSENT,ABSENT,,
h1:original/high/h1/2final/24_강남여고_2학기_기말_고1_기출.js_6,original/high/h1/2final/24_강남여고_2학기_기말_고1_기출.js,H15-SB-05,H15-SB-05-IRRATIONAL_BASIC,UNADJUDICATED,SOLUTION_CANDIDATE,SOLUTION_VISUAL_PRESENT,,assets/images/24_강남여고_2학기_기말_고1_기출/q06-solution.svg,ABSENT,,ABSENT,PRESENT,,44e5dede9cf8862b38bc01741c1800383bdb06b65880f2662f4c806ba27ee817
h1:original/high/h1/2final/24_강남여고_2학기_기말_고1_기출.js_9,original/high/h1/2final/24_강남여고_2학기_기말_고1_기출.js,H15-SB-04,H15-SB-04-RATIONAL_GRAPH,UNADJUDICATED,PROBLEM_PRESENT_REVIEW,PRIORITY_1_GRAPH_GAP_CANDIDATE,assets/images/24_강남여고_2학기_기말_고1_기출/q9.png,,PRESENT,,PRESENT,ABSENT,fe3f511a3428007f8b8fe618b702c477a6055a90e7530d59b599777cef553950,
h1:original/high/h1/2final/24_금당고_2학기_기말_고1_기출.js_10,original/high/h1/2final/24_금당고_2학기_기말_고1_기출.js,H15-SB-05,H15-SB-05-IRRATIONAL_INVERSE,UNADJUDICATED,SOLUTION_CANDIDATE,SOLUTION_VISUAL_PRESENT,,assets/images/24_금당고_2학기_기말_고1_기출/q10-solution.svg,ABSENT,,ABSENT,PRESENT,,14ec4ef17224e005d1d63591a2ed740e3b3c9c671f71782c8c7ab09a4f3df0ef
h1:original/high/h1/2final/24_금당고_2학기_기말_고1_기출.js_11,original/high/h1/2final/24_금당고_2학기_기말_고1_기출.js,H15-SB-05,H15-SB-05-IRRATIONAL_GRAPH,UNADJUDICATED,SOLUTION_CANDIDATE,SOLUTION_VISUAL_PRESENT,,assets/images/24_금당고_2학기_기말_고1_기출/q11-solution.svg,ABSENT,,ABSENT,PRESENT,,6e86559832baf303ab472dce6670f6be7d637245eb455d2f8dec42764628c25e
h1:original/high/h1/2final/24_금당고_2학기_기말_고1_기출.js_13,original/high/h1/2final/24_금당고_2학기_기말_고1_기출.js,H15-SB-03,H15-SB-03-COMPOSITE_FUNCTION,UNADJUDICATED,SOLUTION_CANDIDATE,PRIORITY_2_GRAPH_SUBUNIT_CANDIDATE,,,ABSENT,,ABSENT,ABSENT,,
h1:original/high/h1/2final/24_금당고_2학기_기말_고1_기출.js_14,original/high/h1/2final/24_금당고_2학기_기말_고1_기출.js,H15-SB-03,H15-SB-03-FUNCTION_RELATION,UNADJUDICATED,SOLUTION_CANDIDATE,PRIORITY_1_EXPLICIT_GRAPH_CANDIDATE,,,ABSENT,,ABSENT,ABSENT,,
h1:original/high/h1/2final/24_금당고_2학기_기말_고1_기출.js_15,original/high/h1/2final/24_금당고_2학기_기말_고1_기출.js,H15-SB-04,H15-SB-04-RATIONAL_GRAPH,UNADJUDICATED,PROBLEM_PRESENT_REVIEW,PRIORITY_1_GRAPH_GAP_CANDIDATE,assets/images/24_금당고_2학기_기말_고1_기출/q15.png,,PRESENT,,PRESENT,ABSENT,0faaed97573ba34d68c8a5f6028c88356d6e8e709e49d0a1400c8bd686f880cb,
h1:original/high/h1/2final/24_금당고_2학기_기말_고1_기출.js_16,original/high/h1/2final/24_금당고_2학기_기말_고1_기출.js,H15-SB-04,H15-SB-04-RATIONAL_GRAPH,UNADJUDICATED,SOLUTION_CANDIDATE,SOLUTION_VISUAL_PRESENT,,assets/images/24_금당고_2학기_기말_고1_기출/q16-solution.svg,ABSENT,,ABSENT,PRESENT,,1b6bd1060b2ba580b38ca17986d6080b65eca0e850f768e06ec1a28f4a0d66ab
h1:original/high/h1/2final/24_금당고_2학기_기말_고1_기출.js_17,original/high/h1/2final/24_금당고_2학기_기말_고1_기출.js,H15-SB-03,H15-SB-03-INVERSE_FUNCTION,UNADJUDICATED,PROBLEM_PRESENT_REVIEW,PRIORITY_1_GRAPH_GAP_CANDIDATE,assets/images/24_금당고_2학기_기말_고1_기출/q17.png,,PRESENT,,PRESENT,ABSENT,2ab1abf6bb129a2bf2d3162652922c7c68bf5918232d777ccfc72440080fddf5,
h1:original/high/h1/2final/24_금당고_2학기_기말_고1_기출.js_18,original/high/h1/2final/24_금당고_2학기_기말_고1_기출.js,H15-SB-05,H15-SB-05-IRRATIONAL_GRAPH,UNADJUDICATED,SOLUTION_CANDIDATE,SOLUTION_VISUAL_PRESENT,,assets/images/24_금당고_2학기_기말_고1_기출/q18-solution.svg,ABSENT,,ABSENT,PRESENT,,545420b3446148ecf43828becbc5f15502cc97f312a95e7d5de96000a577a0ac
h1:original/high/h1/2final/24_금당고_2학기_기말_고1_기출.js_2,original/high/h1/2final/24_금당고_2학기_기말_고1_기출.js,H15-SB-04,H15-SB-04-RATIONAL_BASIC,UNADJUDICATED,SOLUTION_CANDIDATE,TRIAGE_NO_GRAPH_SIGNAL,,,ABSENT,,ABSENT,ABSENT,,
h1:original/high/h1/2final/24_금당고_2학기_기말_고1_기출.js_20,original/high/h1/2final/24_금당고_2학기_기말_고1_기출.js,H15-SB-05,H15-SB-05-IRRATIONAL_GRAPH,UNADJUDICATED,SOLUTION_CANDIDATE,PRIORITY_1_EXPLICIT_GRAPH_CANDIDATE,,,ABSENT,,ABSENT,ABSENT,,
h1:original/high/h1/2final/24_금당고_2학기_기말_고1_기출.js_21,original/high/h1/2final/24_금당고_2학기_기말_고1_기출.js,H15-SB-04,H15-SB-04-RATIONAL_GRAPH,UNADJUDICATED,SOLUTION_CANDIDATE,PRIORITY_1_EXPLICIT_GRAPH_CANDIDATE,,,ABSENT,,ABSENT,ABSENT,,
h1:original/high/h1/2final/24_금당고_2학기_기말_고1_기출.js_3,original/high/h1/2final/24_금당고_2학기_기말_고1_기출.js,H15-SB-04,H15-SB-04-RATIONAL_GRAPH,UNADJUDICATED,SOLUTION_CANDIDATE,SOLUTION_VISUAL_PRESENT,,assets/images/24_금당고_2학기_기말_고1_기출/q03-solution.svg,ABSENT,,ABSENT,PRESENT,,d910f53da6061a18ff6cdefdf533c5acc4e9ca52ce6033fb373a599f215be1ae
h1:original/high/h1/2final/24_금당고_2학기_기말_고1_기출.js_5,original/high/h1/2final/24_금당고_2학기_기말_고1_기출.js,H15-SB-05,H15-SB-05-IRRATIONAL_BASIC,UNADJUDICATED,SOLUTION_CANDIDATE,SOLUTION_VISUAL_PRESENT,,assets/images/24_금당고_2학기_기말_고1_기출/q05-solution.svg,ABSENT,,ABSENT,PRESENT,,78425e9dd29ede76e5d26de5483de51e033538018b7962bcab8755a98f1e6363
h1:original/high/h1/2final/24_금당고_2학기_기말_고1_기출.js_6,original/high/h1/2final/24_금당고_2학기_기말_고1_기출.js,H15-SB-03,H15-SB-03-INVERSE_FUNCTION,UNADJUDICATED,SOLUTION_CANDIDATE,TRIAGE_NO_GRAPH_SIGNAL,,,ABSENT,,ABSENT,ABSENT,,
h1:original/high/h1/2final/24_금당고_2학기_기말_고1_기출.js_8,original/high/h1/2final/24_금당고_2학기_기말_고1_기출.js,H15-SB-04,H15-SB-04-RATIONAL_APPLICATION,UNADJUDICATED,SOLUTION_CANDIDATE,PRIORITY_1_EXPLICIT_GRAPH_CANDIDATE,,,ABSENT,,ABSENT,ABSENT,,
h1:original/high/h1/2final/24_금당고_2학기_기말_고1_기출.js_9,original/high/h1/2final/24_금당고_2학기_기말_고1_기출.js,H15-SB-03,H15-SB-03-INVERSE_FUNCTION,UNADJUDICATED,SOLUTION_CANDIDATE,TRIAGE_NO_GRAPH_SIGNAL,,,ABSENT,,ABSENT,ABSENT,,
h1:original/high/h1/2final/24_매산여고_2학기_기말_고1_기출.js_1,original/high/h1/2final/24_매산여고_2학기_기말_고1_기출.js,H15-SB-03,H15-SB-03-FUNCTION_RELATION,UNADJUDICATED,SOLUTION_CANDIDATE,TRIAGE_NO_GRAPH_SIGNAL,,,ABSENT,,ABSENT,ABSENT,,
h1:original/high/h1/2final/24_매산여고_2학기_기말_고1_기출.js_15,original/high/h1/2final/24_매산여고_2학기_기말_고1_기출.js,H15-SB-04,H15-SB-04-RATIONAL_GRAPH,UNADJUDICATED,PROBLEM_PRESENT_REVIEW,PRIORITY_1_GRAPH_GAP_CANDIDATE,assets/images/24_매산여고_2학기_기말_고1_기출/q15.png,,PRESENT,,PRESENT,ABSENT,1501f7c273fb65b6350393bb684b077e36229b0019f77d194db43a0d1c8d1ff4,
h1:original/high/h1/2final/24_매산여고_2학기_기말_고1_기출.js_16,original/high/h1/2final/24_매산여고_2학기_기말_고1_기출.js,H15-SB-05,H15-SB-05-IRRATIONAL_BASIC,UNADJUDICATED,SOLUTION_CANDIDATE,TRIAGE_NO_GRAPH_SIGNAL,,,ABSENT,,ABSENT,ABSENT,,
h1:original/high/h1/2final/24_매산여고_2학기_기말_고1_기출.js_17,original/high/h1/2final/24_매산여고_2학기_기말_고1_기출.js,H15-SB-05,H15-SB-05-IRRATIONAL_BASIC,UNADJUDICATED,SOLUTION_CANDIDATE,TRIAGE_NO_GRAPH_SIGNAL,,,ABSENT,,ABSENT,ABSENT,,
h1:original/high/h1/2final/24_매산여고_2학기_기말_고1_기출.js_18,original/high/h1/2final/24_매산여고_2학기_기말_고1_기출.js,H15-SB-05,H15-SB-05-IRRATIONAL_BASIC,UNADJUDICATED,SOLUTION_CANDIDATE,PRIORITY_1_EXPLICIT_GRAPH_CANDIDATE,,,ABSENT,,ABSENT,ABSENT,,
h1:original/high/h1/2final/24_매산여고_2학기_기말_고1_기출.js_2,original/high/h1/2final/24_매산여고_2학기_기말_고1_기출.js,H15-SB-03,H15-SB-03-COMPOSITE_FUNCTION,UNADJUDICATED,SOLUTION_CANDIDATE,PRIORITY_2_GRAPH_SUBUNIT_CANDIDATE,,,ABSENT,,ABSENT,ABSENT,,
h1:original/high/h1/2final/24_매산여고_2학기_기말_고1_기출.js_21,original/high/h1/2final/24_매산여고_2학기_기말_고1_기출.js,H15-SB-03,H15-SB-03-FUNCTION_RELATION,UNADJUDICATED,SOLUTION_CANDIDATE,TRIAGE_NO_GRAPH_SIGNAL,,,ABSENT,,ABSENT,ABSENT,,
h1:original/high/h1/2final/24_매산여고_2학기_기말_고1_기출.js_22,original/high/h1/2final/24_매산여고_2학기_기말_고1_기출.js,H15-SB-04,H15-SB-04-RATIONAL_GRAPH,UNADJUDICATED,SOLUTION_CANDIDATE,PRIORITY_1_EXPLICIT_GRAPH_CANDIDATE,,,ABSENT,,ABSENT,ABSENT,,
h1:original/high/h1/2final/24_매산여고_2학기_기말_고1_기출.js_23,original/high/h1/2final/24_매산여고_2학기_기말_고1_기출.js,H15-SB-05,H15-SB-05-IRRATIONAL_INVERSE,UNADJUDICATED,SOLUTION_CANDIDATE,SOLUTION_VISUAL_PRESENT,,assets/images/24_매산여고_2학기_기말_고1_기출/q23-solution.svg,ABSENT,,ABSENT,PRESENT,,605f3d4c2ac562ad8fafc43348215dc1b4223a59375dc2d18b9a8e36b8bdf4a2
h1:original/high/h1/2final/24_매산여고_2학기_기말_고1_기출.js_3,original/high/h1/2final/24_매산여고_2학기_기말_고1_기출.js,H15-SB-04,H15-SB-04-RATIONAL_GRAPH,UNADJUDICATED,SOLUTION_CANDIDATE,SOLUTION_VISUAL_PRESENT,,assets/images/24_매산여고_2학기_기말_고1_기출/q03-solution.svg,ABSENT,,ABSENT,PRESENT,,b3c6ba736759dbca217b463fbfa7a16a4dc09b6fc2dc6663571043ca9f749223
h1:original/high/h1/2final/24_매산여고_2학기_기말_고1_기출.js_4,original/high/h1/2final/24_매산여고_2학기_기말_고1_기출.js,H15-SB-05,H15-SB-05-IRRATIONAL_BASIC,UNADJUDICATED,PROBLEM_PRESENT_REVIEW,PRIORITY_1_GRAPH_GAP_CANDIDATE,assets/images/24_매산여고_2학기_기말_고1_기출/q4.png,,PRESENT,,PRESENT,ABSENT,9efae2ab49574d643e3461c5dd34e30b9dcd00f457c2cd9f626175c5b54102fc,
h1:original/high/h1/2final/24_매산여고_2학기_기말_고1_기출.js_5,original/high/h1/2final/24_매산여고_2학기_기말_고1_기출.js,H15-SB-04,H15-SB-04-RATIONAL_GRAPH,UNADJUDICATED,SOLUTION_CANDIDATE,SOLUTION_VISUAL_PRESENT,,assets/images/24_매산여고_2학기_기말_고1_기출/q05-solution.svg,ABSENT,,ABSENT,PRESENT,,2d586da37618efbd593fdf3040aa2ac486edddd3f56cadda28a02b635231b040
h1:original/high/h1/2final/24_매산여고_2학기_기말_고1_기출.js_6,original/high/h1/2final/24_매산여고_2학기_기말_고1_기출.js,H15-SB-05,H15-SB-05-IRRATIONAL_BASIC,UNADJUDICATED,SOLUTION_CANDIDATE,PRIORITY_1_EXPLICIT_GRAPH_CANDIDATE,,,ABSENT,,ABSENT,ABSENT,,
h1:original/high/h1/2final/24_매산여고_2학기_기말_고1_기출.js_7,original/high/h1/2final/24_매산여고_2학기_기말_고1_기출.js,H15-SB-04,H15-SB-04-RATIONAL_GRAPH,UNADJUDICATED,SOLUTION_CANDIDATE,SOLUTION_VISUAL_PRESENT,,assets/images/24_매산여고_2학기_기말_고1_기출/q07-solution.svg,ABSENT,,ABSENT,PRESENT,,6baf0c8196873d658d9b20d0775e37bc439f3ee05fa45d4ace9ea432cb37d5d6
h1:original/high/h1/2final/24_제일고_2학기_기말_고1_기출.js_10,original/high/h1/2final/24_제일고_2학기_기말_고1_기출.js,H15-SB-04,H15-SB-04-RATIONAL_BASIC,UNADJUDICATED,SOLUTION_CANDIDATE,TRIAGE_NO_GRAPH_SIGNAL,,,ABSENT,,ABSENT,ABSENT,,
h1:original/high/h1/2final/24_제일고_2학기_기말_고1_기출.js_11,original/high/h1/2final/24_제일고_2학기_기말_고1_기출.js,H15-SB-04,H15-SB-04-RATIONAL_GRAPH,UNADJUDICATED,SOLUTION_CANDIDATE,PRIORITY_1_EXPLICIT_GRAPH_CANDIDATE,,,ABSENT,,ABSENT,ABSENT,,
h1:original/high/h1/2final/24_제일고_2학기_기말_고1_기출.js_12,original/high/h1/2final/24_제일고_2학기_기말_고1_기출.js,H15-SB-05,H15-SB-05-IRRATIONAL_BASIC,UNADJUDICATED,SOLUTION_CANDIDATE,PRIORITY_1_EXPLICIT_GRAPH_CANDIDATE,,,ABSENT,,ABSENT,ABSENT,,
h1:original/high/h1/2final/24_제일고_2학기_기말_고1_기출.js_13,original/high/h1/2final/24_제일고_2학기_기말_고1_기출.js,H15-SB-04,H15-SB-04-RATIONAL_BASIC,UNADJUDICATED,SOLUTION_CANDIDATE,PRIORITY_1_EXPLICIT_GRAPH_CANDIDATE,,,ABSENT,,ABSENT,ABSENT,,
h1:original/high/h1/2final/24_제일고_2학기_기말_고1_기출.js_14,original/high/h1/2final/24_제일고_2학기_기말_고1_기출.js,H15-SB-05,H15-SB-05-IRRATIONAL_BASIC,UNADJUDICATED,SOLUTION_CANDIDATE,TRIAGE_NO_GRAPH_SIGNAL,,,ABSENT,,ABSENT,ABSENT,,
h1:original/high/h1/2final/24_제일고_2학기_기말_고1_기출.js_15,original/high/h1/2final/24_제일고_2학기_기말_고1_기출.js,H15-SB-05,H15-SB-05-IRRATIONAL_BASIC,UNADJUDICATED,SOLUTION_CANDIDATE,PRIORITY_1_EXPLICIT_GRAPH_CANDIDATE,,,ABSENT,,ABSENT,ABSENT,,
h1:original/high/h1/2final/24_제일고_2학기_기말_고1_기출.js_16,original/high/h1/2final/24_제일고_2학기_기말_고1_기출.js,H15-SB-04,H15-SB-04-RATIONAL_BASIC,UNADJUDICATED,SOLUTION_CANDIDATE,PRIORITY_1_EXPLICIT_GRAPH_CANDIDATE,,,ABSENT,,ABSENT,ABSENT,,
h1:original/high/h1/2final/24_제일고_2학기_기말_고1_기출.js_17,original/high/h1/2final/24_제일고_2학기_기말_고1_기출.js,H15-SB-04,H15-SB-04-RATIONAL_GRAPH,UNADJUDICATED,SOLUTION_CANDIDATE,PRIORITY_1_EXPLICIT_GRAPH_CANDIDATE,,,ABSENT,,ABSENT,ABSENT,,
h1:original/high/h1/2final/24_제일고_2학기_기말_고1_기출.js_18,original/high/h1/2final/24_제일고_2학기_기말_고1_기출.js,H15-SB-05,H15-SB-05-IRRATIONAL_GRAPH,UNADJUDICATED,PROBLEM_PRESENT_REVIEW,PRIORITY_1_GRAPH_GAP_CANDIDATE,assets/images/24_제일고_2학기_기말_고1_기출/q18.png,,PRESENT,,PRESENT,ABSENT,9df153cbf0ddc874b651dc069cd634d46b3b48c415fdc834ff10efe64ec16e01,
h1:original/high/h1/2final/24_제일고_2학기_기말_고1_기출.js_21,original/high/h1/2final/24_제일고_2학기_기말_고1_기출.js,H15-SB-04,H15-SB-04-RATIONAL_BASIC,UNADJUDICATED,SOLUTION_CANDIDATE,TRIAGE_NO_GRAPH_SIGNAL,,,ABSENT,,ABSENT,ABSENT,,
h1:original/high/h1/2final/24_제일고_2학기_기말_고1_기출.js_22,original/high/h1/2final/24_제일고_2학기_기말_고1_기출.js,H15-SB-05,H15-SB-05-IRRATIONAL_GRAPH,UNADJUDICATED,SOLUTION_CANDIDATE,SOLUTION_VISUAL_PRESENT,,assets/images/24_제일고_2학기_기말_고1_기출/q22-solution.svg,ABSENT,,ABSENT,PRESENT,,4bd597fcfbcc63c2b7ffedd8601d6f3bc6a76028c92dfa864bc83728f33ed834
h1:original/high/h1/2final/25_금당고_2학기_기말_고1_기출.js_10,original/high/h1/2final/25_금당고_2학기_기말_고1_기출.js,H22-C2-09,H22-C2-09-FUNCTION_BASIC,UNADJUDICATED,SOLUTION_CANDIDATE,TRIAGE_NO_GRAPH_SIGNAL,,,ABSENT,,ABSENT,ABSENT,,
h1:original/high/h1/2final/25_금당고_2학기_기말_고1_기출.js_14,original/high/h1/2final/25_금당고_2학기_기말_고1_기출.js,H22-C2-07,H22-C2-07-FUNCTION_COMPOSITION,UNADJUDICATED,SOLUTION_CANDIDATE,TRIAGE_NO_GRAPH_SIGNAL,,,ABSENT,,ABSENT,ABSENT,,
h1:original/high/h1/2final/25_금당고_2학기_기말_고1_기출.js_15,original/high/h1/2final/25_금당고_2학기_기말_고1_기출.js,H22-C2-07,H22-C2-07-FUNCTION_BASIC,UNADJUDICATED,SOLUTION_CANDIDATE,SOLUTION_VISUAL_PRESENT,,assets/images/25_금당고_2학기_기말_고1_기출/q15-solution.svg,ABSENT,,ABSENT,PRESENT,,1ac6f0bfb01e7b76d2fcf11f53e7faffd04b176be24ff1aed6b7ab8cae79cd84
h1:original/high/h1/2final/25_금당고_2학기_기말_고1_기출.js_16,original/high/h1/2final/25_금당고_2학기_기말_고1_기출.js,H22-C2-09,H22-C2-09-FUNCTION_BASIC,UNADJUDICATED,PROBLEM_PRESENT_REVIEW,PRIORITY_1_GRAPH_GAP_CANDIDATE,assets/images/25_금당고_2학기_기말_고1_기출/q16.png,,PRESENT,,PRESENT,ABSENT,67139371d8dc2faed6a958072bca393a5de3f070a595b5bac1bb1b316cbed88f,
h1:original/high/h1/2final/25_금당고_2학기_기말_고1_기출.js_19,original/high/h1/2final/25_금당고_2학기_기말_고1_기출.js,H22-C2-07,H22-C2-07-FUNCTION_BASIC,UNADJUDICATED,SOLUTION_CANDIDATE,TRIAGE_NO_GRAPH_SIGNAL,,,ABSENT,,ABSENT,ABSENT,,
h1:original/high/h1/2final/25_금당고_2학기_기말_고1_기출.js_20,original/high/h1/2final/25_금당고_2학기_기말_고1_기출.js,H22-C2-07,H22-C2-07-FUNCTION_BASIC,UNADJUDICATED,SOLUTION_CANDIDATE,TRIAGE_NO_GRAPH_SIGNAL,,,ABSENT,,ABSENT,ABSENT,,
h1:original/high/h1/2final/25_금당고_2학기_기말_고1_기출.js_22,original/high/h1/2final/25_금당고_2학기_기말_고1_기출.js,H22-C2-09,H22-C2-09-FUNCTION_BASIC,UNADJUDICATED,SOLUTION_CANDIDATE,SOLUTION_VISUAL_PRESENT,,assets/images/25_금당고_2학기_기말_고1_기출/q22-solution.svg,ABSENT,,ABSENT,PRESENT,,f9a6ac887451818ddc2c1cff9d1ee42686f0d867decd8c2540b6c8ab9a0fe579
h1:original/high/h1/2final/25_금당고_2학기_기말_고1_기출.js_6,original/high/h1/2final/25_금당고_2학기_기말_고1_기출.js,H22-C2-07,H22-C2-07-FUNCTION_BASIC,UNADJUDICATED,PROBLEM_PRESENT_REVIEW,PRIORITY_1_GRAPH_GAP_CANDIDATE,assets/images/25_금당고_2학기_기말_고1_기출/q06.png,,PRESENT,,PRESENT,ABSENT,d39a7dd01f2c5b3fbd5d0445f98c0a0a228425f6d9cd00b0362b6b75b609a657,
h1:original/high/h1/2final/25_금당고_2학기_기말_고1_기출.js_7,original/high/h1/2final/25_금당고_2학기_기말_고1_기출.js,H22-C2-07,H22-C2-07-FUNCTION_COMPOSITION,UNADJUDICATED,SOLUTION_CANDIDATE,TRIAGE_NO_GRAPH_SIGNAL,,,ABSENT,,ABSENT,ABSENT,,
h1:original/high/h1/2final/25_금당고_2학기_기말_고1_기출.js_8,original/high/h1/2final/25_금당고_2학기_기말_고1_기출.js,H22-C2-07,H22-C2-07-FUNCTION_BASIC,UNADJUDICATED,SOLUTION_CANDIDATE,TRIAGE_NO_GRAPH_SIGNAL,,,ABSENT,,ABSENT,ABSENT,,
h1:original/high/h1/2final/25_금당고_2학기_기말_고1_기출.js_9,original/high/h1/2final/25_금당고_2학기_기말_고1_기출.js,H22-C2-08,H22-C2-08-FUNCTION_BASIC,UNADJUDICATED,SOLUTION_CANDIDATE,SOLUTION_VISUAL_PRESENT,,assets/images/25_금당고_2학기_기말_고1_기출/q09-solution.svg,ABSENT,,ABSENT,PRESENT,,65ef8c3d894ef8b5f844999b46c78f05d00a36b5f10663c7280e8914a84f68ec
h1:original/high/h1/2final/25_순천고_2학기_기말_고1_기출.js_10,original/high/h1/2final/25_순천고_2학기_기말_고1_기출.js,H22-C2-07,H22-C2-07-FUNCTION_BASIC,UNADJUDICATED,PROBLEM_PRESENT_REVIEW,PRIORITY_1_GRAPH_GAP_CANDIDATE,assets/images/25_순천고_2학기_기말_고1_기출/q10.png,,PRESENT,,PRESENT,ABSENT,9ff29a8b53fc84cfbec62273f6060cf490b3f6422eed8ccf66130bf90b62a22c,
h1:original/high/h1/2final/25_순천고_2학기_기말_고1_기출.js_12,original/high/h1/2final/25_순천고_2학기_기말_고1_기출.js,H22-C2-07,H22-C2-07-FUNCTION_BASIC,UNADJUDICATED,SOLUTION_CANDIDATE,TRIAGE_NO_GRAPH_SIGNAL,,,ABSENT,,ABSENT,ABSENT,,
h1:original/high/h1/2final/25_순천고_2학기_기말_고1_기출.js_13,original/high/h1/2final/25_순천고_2학기_기말_고1_기출.js,H22-C2-08,H22-C2-08-FUNCTION_BASIC,UNADJUDICATED,PROBLEM_PRESENT_REVIEW,PRIORITY_1_GRAPH_GAP_CANDIDATE,assets/images/25_순천고_2학기_기말_고1_기출/q13.png,,PRESENT,,PRESENT,ABSENT,5e81f9c184e74e0a5e04598fa10f8fcae21e10ca4be3f58b199ab232d23aff7a,
h1:original/high/h1/2final/25_순천고_2학기_기말_고1_기출.js_14,original/high/h1/2final/25_순천고_2학기_기말_고1_기출.js,H22-C2-08,H22-C2-08-FUNCTION_BASIC,UNADJUDICATED,SOLUTION_CANDIDATE,PRIORITY_1_EXPLICIT_GRAPH_CANDIDATE,,,ABSENT,,ABSENT,ABSENT,,
h1:original/high/h1/2final/25_순천고_2학기_기말_고1_기출.js_15,original/high/h1/2final/25_순천고_2학기_기말_고1_기출.js,H22-C2-07,H22-C2-07-FUNCTION_BASIC,UNADJUDICATED,SOLUTION_CANDIDATE,PRIORITY_1_EXPLICIT_GRAPH_CANDIDATE,,,ABSENT,,ABSENT,ABSENT,,
h1:original/high/h1/2final/25_순천고_2학기_기말_고1_기출.js_17,original/high/h1/2final/25_순천고_2학기_기말_고1_기출.js,H22-C2-09,H22-C2-09-FUNCTION_BASIC,UNADJUDICATED,SOLUTION_CANDIDATE,SOLUTION_VISUAL_PRESENT,,assets/images/25_순천고_2학기_기말_고1_기출/q17-solution.svg,ABSENT,,ABSENT,PRESENT,,190ce1041f627645e091ef831a9f433dd1fa1d05e76db797eed135174221093b
h1:original/high/h1/2final/25_순천고_2학기_기말_고1_기출.js_18,original/high/h1/2final/25_순천고_2학기_기말_고1_기출.js,H22-C2-08,H22-C2-08-FUNCTION_BASIC,UNADJUDICATED,SOLUTION_CANDIDATE,SOLUTION_VISUAL_PRESENT,,assets/images/25_순천고_2학기_기말_고1_기출/q18-solution.svg,ABSENT,,ABSENT,PRESENT,,b77d107a5eaab2178ec0c4fe516947bb1cabd8c85f16050c7d716b66eb84ea73
h1:original/high/h1/2final/25_순천고_2학기_기말_고1_기출.js_19,original/high/h1/2final/25_순천고_2학기_기말_고1_기출.js,H22-C2-08,H22-C2-08-FUNCTION_BASIC,UNADJUDICATED,SOLUTION_CANDIDATE,TRIAGE_NO_GRAPH_SIGNAL,,,ABSENT,,ABSENT,ABSENT,,
h1:original/high/h1/2final/25_순천고_2학기_기말_고1_기출.js_21,original/high/h1/2final/25_순천고_2학기_기말_고1_기출.js,H22-C2-07,H22-C2-07-FUNCTION_BASIC,UNADJUDICATED,SOLUTION_CANDIDATE,TRIAGE_NO_GRAPH_SIGNAL,,,ABSENT,,ABSENT,ABSENT,,
h1:original/high/h1/2final/25_순천고_2학기_기말_고1_기출.js_22,original/high/h1/2final/25_순천고_2학기_기말_고1_기출.js,H22-C2-07,H22-C2-07-FUNCTION_COMPOSITION,UNADJUDICATED,SOLUTION_CANDIDATE,TRIAGE_NO_GRAPH_SIGNAL,,,ABSENT,,ABSENT,ABSENT,,
h1:original/high/h1/2final/25_순천고_2학기_기말_고1_기출.js_23,original/high/h1/2final/25_순천고_2학기_기말_고1_기출.js,H22-C2-09,H22-C2-09-FUNCTION_BASIC,UNADJUDICATED,SOLUTION_CANDIDATE,SOLUTION_VISUAL_PRESENT,,assets/images/25_순천고_2학기_기말_고1_기출/q23-solution.svg,ABSENT,,ABSENT,PRESENT,,1a9ad7f455ab327fc3155880d5f6bba564a25d02f16e13a82fef1d3ccfd9271c
h1:original/high/h1/2final/25_순천고_2학기_기말_고1_기출.js_3,original/high/h1/2final/25_순천고_2학기_기말_고1_기출.js,H22-C2-09,H22-C2-09-FUNCTION_BASIC,UNADJUDICATED,SOLUTION_CANDIDATE,TRIAGE_NO_GRAPH_SIGNAL,,,ABSENT,,ABSENT,ABSENT,,
h1:original/high/h1/2final/25_순천고_2학기_기말_고1_기출.js_4,original/high/h1/2final/25_순천고_2학기_기말_고1_기출.js,H22-C2-07,H22-C2-07-FUNCTION_COMPOSITION,UNADJUDICATED,PROBLEM_PRESENT_REVIEW,PRIORITY_1_GRAPH_GAP_CANDIDATE,assets/images/25_순천고_2학기_기말_고1_기출/q4.png,,PRESENT,,PRESENT,ABSENT,30a3cd4d6c2d4a03ee7559425e32fda7b9ae4f6f2e24942fbd7d912cfb4ca7e1,
h1:original/high/h1/2final/25_순천고_2학기_기말_고1_기출.js_7,original/high/h1/2final/25_순천고_2학기_기말_고1_기출.js,H22-C2-09,H22-C2-09-FUNCTION_BASIC,UNADJUDICATED,SOLUTION_CANDIDATE,TRIAGE_NO_GRAPH_SIGNAL,,,ABSENT,,ABSENT,ABSENT,,
h1:original/high/h1/2final/25_순천고_2학기_기말_고1_기출.js_8,original/high/h1/2final/25_순천고_2학기_기말_고1_기출.js,H22-C2-07,H22-C2-07-FUNCTION_BASIC,UNADJUDICATED,SOLUTION_CANDIDATE,TRIAGE_NO_GRAPH_SIGNAL,,,ABSENT,,ABSENT,ABSENT,,
h1:original/high/h1/2final/25_순천고_2학기_기말_고1_기출.js_9,original/high/h1/2final/25_순천고_2학기_기말_고1_기출.js,H22-C2-07,H22-C2-07-FUNCTION_BASIC,UNADJUDICATED,SOLUTION_CANDIDATE,TRIAGE_NO_GRAPH_SIGNAL,,,ABSENT,,ABSENT,ABSENT,,
h1:original/high/h1/2final/25_제일고_2학기_기말_고1_기출.js_10,original/high/h1/2final/25_제일고_2학기_기말_고1_기출.js,H22-C2-07,H22-C2-07-FUNCTION_BASIC,UNADJUDICATED,PROBLEM_PRESENT_REVIEW,PRIORITY_1_GRAPH_GAP_CANDIDATE,assets/images/25_제일고_2학기_기말_고1_기출/q10.png,,PRESENT,,PRESENT,ABSENT,9ab459f7e6d20f9dfa0fdc210eeed5ea4f11c439d8eaf5fae8875c3a6b928e64,
h1:original/high/h1/2final/25_제일고_2학기_기말_고1_기출.js_11,original/high/h1/2final/25_제일고_2학기_기말_고1_기출.js,H22-C2-09,H22-C2-09-FUNCTION_BASIC,UNADJUDICATED,SOLUTION_CANDIDATE,SOLUTION_VISUAL_PRESENT,,assets/images/25_제일고_2학기_기말_고1_기출/q11-solution.svg,ABSENT,,ABSENT,PRESENT,,02e893dd485c62cb8f1a0a9ae608ff37e1f49a151776387f16f7c68d8b2fd6b6
h1:original/high/h1/2final/25_제일고_2학기_기말_고1_기출.js_12,original/high/h1/2final/25_제일고_2학기_기말_고1_기출.js,H22-C2-07,H22-C2-07-FUNCTION_BASIC,UNADJUDICATED,PROBLEM_PRESENT_REVIEW,PRIORITY_1_GRAPH_GAP_CANDIDATE,assets/images/25_제일고_2학기_기말_고1_기출/q12.png,,PRESENT,,PRESENT,ABSENT,0e37b5ca16abf325e8529469db976101fd3b2b966bbcb8443bce7c38d6923ff4,
h1:original/high/h1/2final/25_제일고_2학기_기말_고1_기출.js_13,original/high/h1/2final/25_제일고_2학기_기말_고1_기출.js,H22-C2-08,H22-C2-08-FUNCTION_BASIC,UNADJUDICATED,SOLUTION_CANDIDATE,SOLUTION_VISUAL_PRESENT,,assets/images/25_제일고_2학기_기말_고1_기출/q13-solution.svg,ABSENT,,ABSENT,PRESENT,,dd828a88a9346c7a3cdfa868453b1947e7182ada671492845b9c2799a1267bf8
h1:original/high/h1/2final/25_제일고_2학기_기말_고1_기출.js_14,original/high/h1/2final/25_제일고_2학기_기말_고1_기출.js,H22-C2-08,H22-C2-08-FUNCTION_BASIC,UNADJUDICATED,SOLUTION_CANDIDATE,SOLUTION_VISUAL_PRESENT,,assets/images/25_제일고_2학기_기말_고1_기출/q14-solution.svg,ABSENT,,ABSENT,PRESENT,,a4d6dc7b20a57c98abe4a2d6bfbd40674d5e8695224668ba9952fe73b9295ca2
h1:original/high/h1/2final/25_제일고_2학기_기말_고1_기출.js_15,original/high/h1/2final/25_제일고_2학기_기말_고1_기출.js,H22-C2-07,H22-C2-07-FUNCTION_BASIC,UNADJUDICATED,SOLUTION_CANDIDATE,TRIAGE_NO_GRAPH_SIGNAL,,,ABSENT,,ABSENT,ABSENT,,
h1:original/high/h1/2final/25_제일고_2학기_기말_고1_기출.js_16,original/high/h1/2final/25_제일고_2학기_기말_고1_기출.js,H22-C2-08,H22-C2-08-FUNCTION_BASIC,UNADJUDICATED,SOLUTION_CANDIDATE,TRIAGE_NO_GRAPH_SIGNAL,,,ABSENT,,ABSENT,ABSENT,,
h1:original/high/h1/2final/25_제일고_2학기_기말_고1_기출.js_17,original/high/h1/2final/25_제일고_2학기_기말_고1_기출.js,H22-C2-09,H22-C2-09-FUNCTION_BASIC,UNADJUDICATED,PROBLEM_PRESENT_REVIEW,PRIORITY_1_GRAPH_GAP_CANDIDATE,assets/images/25_제일고_2학기_기말_고1_기출/q17.png,,PRESENT,,PRESENT,ABSENT,569b51b660358d391fb64d3318c56212a8dc21b961690d75072a42543468c28c,
h1:original/high/h1/2final/25_제일고_2학기_기말_고1_기출.js_18,original/high/h1/2final/25_제일고_2학기_기말_고1_기출.js,H22-C2-07,H22-C2-07-FUNCTION_BASIC,UNADJUDICATED,SOLUTION_CANDIDATE,PRIORITY_1_EXPLICIT_GRAPH_CANDIDATE,,,ABSENT,,ABSENT,ABSENT,,
h1:original/high/h1/2final/25_제일고_2학기_기말_고1_기출.js_20,original/high/h1/2final/25_제일고_2학기_기말_고1_기출.js,H22-C2-07,H22-C2-07-FUNCTION_BASIC,UNADJUDICATED,SOLUTION_CANDIDATE,SOLUTION_VISUAL_PRESENT,,assets/images/25_제일고_2학기_기말_고1_기출/q20-solution.svg,ABSENT,,ABSENT,PRESENT,,6b26fac80623b495ad8d5df979de78ff5a7584ae7b0513bb1637ddf4e9ac6126
h1:original/high/h1/2final/25_제일고_2학기_기말_고1_기출.js_21,original/high/h1/2final/25_제일고_2학기_기말_고1_기출.js,H22-C2-08,H22-C2-08-FUNCTION_BASIC,UNADJUDICATED,SOLUTION_CANDIDATE,TRIAGE_NO_GRAPH_SIGNAL,,,ABSENT,,ABSENT,ABSENT,,
h1:original/high/h1/2final/25_팔마고_2학기_기말_고1_기출.js_1,original/high/h1/2final/25_팔마고_2학기_기말_고1_기출.js,H22-C2-07,H22-C2-07-FUNCTION_BASIC,UNADJUDICATED,PROBLEM_PRESENT_REVIEW,PRIORITY_1_GRAPH_GAP_CANDIDATE,assets/images/25_팔마고_2학기_기말_고1_기출/q01.png,,PRESENT,,PRESENT,ABSENT,aab69ec0ef2acfb9aef68d353f20e81e92add01e4bf68cc70dc4179243b4c1e5,
h1:original/high/h1/2final/25_팔마고_2학기_기말_고1_기출.js_10,original/high/h1/2final/25_팔마고_2학기_기말_고1_기출.js,H22-C2-07,H22-C2-07-FUNCTION_COMPOSITION,UNADJUDICATED,SOLUTION_CANDIDATE,TRIAGE_NO_GRAPH_SIGNAL,,,ABSENT,,ABSENT,ABSENT,,
h1:original/high/h1/2final/25_팔마고_2학기_기말_고1_기출.js_11,original/high/h1/2final/25_팔마고_2학기_기말_고1_기출.js,H22-C2-07,H22-C2-07-FUNCTION_BASIC,UNADJUDICATED,SOLUTION_CANDIDATE,SOLUTION_VISUAL_PRESENT,,assets/images/25_팔마고_2학기_기말_고1_기출/q11-solution.svg,ABSENT,,ABSENT,PRESENT,,81623d1a3b489fbb4dce9e752b2791c16f0f515e502f478cc820cea1bff74dd1
h1:original/high/h1/2final/25_팔마고_2학기_기말_고1_기출.js_14,original/high/h1/2final/25_팔마고_2학기_기말_고1_기출.js,H22-C2-07,H22-C2-07-FUNCTION_BASIC,UNADJUDICATED,SOLUTION_CANDIDATE,SOLUTION_VISUAL_PRESENT,,assets/images/25_팔마고_2학기_기말_고1_기출/q14-solution.svg,ABSENT,,ABSENT,PRESENT,,718909811b71688e73c901667298438e0e52ad6c731ed1d84d18eebb4358063b
h1:original/high/h1/2final/25_팔마고_2학기_기말_고1_기출.js_15,original/high/h1/2final/25_팔마고_2학기_기말_고1_기출.js,H22-C2-07,H22-C2-07-FUNCTION_COMPOSITION,UNADJUDICATED,SOLUTION_CANDIDATE,TRIAGE_NO_GRAPH_SIGNAL,,,ABSENT,,ABSENT,ABSENT,,
h1:original/high/h1/2final/25_팔마고_2학기_기말_고1_기출.js_16,original/high/h1/2final/25_팔마고_2학기_기말_고1_기출.js,H22-C2-07,H22-C2-07-FUNCTION_BASIC,UNADJUDICATED,SOLUTION_CANDIDATE,TRIAGE_NO_GRAPH_SIGNAL,,,ABSENT,,ABSENT,ABSENT,,
h1:original/high/h1/2final/25_팔마고_2학기_기말_고1_기출.js_17,original/high/h1/2final/25_팔마고_2학기_기말_고1_기출.js,H22-C2-07,H22-C2-07-FUNCTION_BASIC,UNADJUDICATED,SOLUTION_CANDIDATE,TRIAGE_NO_GRAPH_SIGNAL,,,ABSENT,,ABSENT,ABSENT,,
h1:original/high/h1/2final/25_팔마고_2학기_기말_고1_기출.js_18,original/high/h1/2final/25_팔마고_2학기_기말_고1_기출.js,H22-C2-09,H22-C2-09-FUNCTION_BASIC,UNADJUDICATED,PROBLEM_PRESENT_REVIEW,PRIORITY_1_GRAPH_GAP_CANDIDATE,assets/images/25_팔마고_2학기_기말_고1_기출/q18.png,,PRESENT,,PRESENT,ABSENT,8491fec960056130eba5f8b6b913e6a3f9bb13d2194de586f1f1a02962201e9f,
h1:original/high/h1/2final/25_팔마고_2학기_기말_고1_기출.js_19,original/high/h1/2final/25_팔마고_2학기_기말_고1_기출.js,H22-C2-07,H22-C2-07-FUNCTION_BASIC,UNADJUDICATED,PROBLEM_PRESENT_REVIEW,PRIORITY_1_GRAPH_GAP_CANDIDATE,assets/images/25_팔마고_2학기_기말_고1_기출/q19.png,,PRESENT,,PRESENT,ABSENT,017873ddd1360e2c9e40ab6d5b5bbf8ab8b000efbe5ed4c81bcbfd6d5df740a4,
h1:original/high/h1/2final/25_팔마고_2학기_기말_고1_기출.js_2,original/high/h1/2final/25_팔마고_2학기_기말_고1_기출.js,H22-C2-07,H22-C2-07-FUNCTION_COMPOSITION,UNADJUDICATED,PROBLEM_PRESENT_REVIEW,PRIORITY_1_GRAPH_GAP_CANDIDATE,assets/images/25_팔마고_2학기_기말_고1_기출/q02.png,,PRESENT,,PRESENT,ABSENT,776aa74a7f9ef5615644e0a1190a2f88bcff2d29195bdb3f4d6e5b69eda415ea,
h1:original/high/h1/2final/25_팔마고_2학기_기말_고1_기출.js_20,original/high/h1/2final/25_팔마고_2학기_기말_고1_기출.js,H22-C2-07,H22-C2-07-FUNCTION_BASIC,UNADJUDICATED,SOLUTION_CANDIDATE,PRIORITY_1_EXPLICIT_GRAPH_CANDIDATE,,,ABSENT,,ABSENT,ABSENT,,
h1:original/high/h1/2final/25_팔마고_2학기_기말_고1_기출.js_21,original/high/h1/2final/25_팔마고_2학기_기말_고1_기출.js,H22-C2-08,H22-C2-08-FUNCTION_BASIC,UNADJUDICATED,SOLUTION_CANDIDATE,TRIAGE_NO_GRAPH_SIGNAL,,,ABSENT,,ABSENT,ABSENT,,
h1:original/high/h1/2final/25_팔마고_2학기_기말_고1_기출.js_22,original/high/h1/2final/25_팔마고_2학기_기말_고1_기출.js,H22-C2-07,H22-C2-07-FUNCTION_COMPOSITION,UNADJUDICATED,SOLUTION_CANDIDATE,TRIAGE_NO_GRAPH_SIGNAL,,,ABSENT,,ABSENT,ABSENT,,
h1:original/high/h1/2final/25_팔마고_2학기_기말_고1_기출.js_23,original/high/h1/2final/25_팔마고_2학기_기말_고1_기출.js,H22-C2-09,H22-C2-09-FUNCTION_BASIC,UNADJUDICATED,SOLUTION_CANDIDATE,SOLUTION_VISUAL_PRESENT,,assets/images/25_팔마고_2학기_기말_고1_기출/q23-solution.svg,ABSENT,,ABSENT,PRESENT,,83a1ad45071e63005c64f84b3d2f3fb6418b8b92c91c15f89790b36e793f6f30
h1:original/high/h1/2final/25_팔마고_2학기_기말_고1_기출.js_3,original/high/h1/2final/25_팔마고_2학기_기말_고1_기출.js,H22-C2-07,H22-C2-07-FUNCTION_INVERSE,UNADJUDICATED,PROBLEM_PRESENT_REVIEW,PRIORITY_1_GRAPH_GAP_CANDIDATE,assets/images/25_팔마고_2학기_기말_고1_기출/q03.png,,PRESENT,,PRESENT,ABSENT,776aa74a7f9ef5615644e0a1190a2f88bcff2d29195bdb3f4d6e5b69eda415ea,
h1:original/high/h1/2final/25_팔마고_2학기_기말_고1_기출.js_4,original/high/h1/2final/25_팔마고_2학기_기말_고1_기출.js,H22-C2-08,H22-C2-08-FUNCTION_BASIC,UNADJUDICATED,SOLUTION_CANDIDATE,SOLUTION_VISUAL_PRESENT,,assets/images/25_팔마고_2학기_기말_고1_기출/q04-solution.svg,ABSENT,,ABSENT,PRESENT,,067de129b1c31c18eb151c1d43e151af73b98a5dc28a34114e0a20279639a9c7
h1:original/high/h1/2final/25_팔마고_2학기_기말_고1_기출.js_5,original/high/h1/2final/25_팔마고_2학기_기말_고1_기출.js,H22-C2-09,H22-C2-09-FUNCTION_BASIC,UNADJUDICATED,PROBLEM_PRESENT_REVIEW,PRIORITY_1_GRAPH_GAP_CANDIDATE,assets/images/25_팔마고_2학기_기말_고1_기출/q05.png,,PRESENT,,PRESENT,ABSENT,ada8eeaf649f604be115d0414dcad3064e6e6c9a2f5404ea9591f503c7b067a3,
h1:original/high/h1/2final/25_팔마고_2학기_기말_고1_기출.js_6,original/high/h1/2final/25_팔마고_2학기_기말_고1_기출.js,H22-C2-08,H22-C2-08-FUNCTION_BASIC,UNADJUDICATED,SOLUTION_CANDIDATE,SOLUTION_VISUAL_PRESENT,,assets/images/25_팔마고_2학기_기말_고1_기출/q06-solution.svg,ABSENT,,ABSENT,PRESENT,,77c5c1766a73cd236c4296cc711b8c788927c08573d1386e05e709ea927f264d
h1:original/high/h1/2final/25_팔마고_2학기_기말_고1_기출.js_7,original/high/h1/2final/25_팔마고_2학기_기말_고1_기출.js,H22-C2-08,H22-C2-08-FUNCTION_BASIC,UNADJUDICATED,SOLUTION_CANDIDATE,TRIAGE_NO_GRAPH_SIGNAL,,,ABSENT,,ABSENT,ABSENT,,
h1:original/high/h1/2final/25_팔마고_2학기_기말_고1_기출.js_8,original/high/h1/2final/25_팔마고_2학기_기말_고1_기출.js,H22-C2-07,H22-C2-07-FUNCTION_COMPOSITION,UNADJUDICATED,SOLUTION_CANDIDATE,TRIAGE_NO_GRAPH_SIGNAL,,,ABSENT,,ABSENT,ABSENT,,
h1:original/high/h1/2final/25_팔마고_2학기_기말_고1_기출.js_9,original/high/h1/2final/25_팔마고_2학기_기말_고1_기출.js,H22-C2-07,H22-C2-07-FUNCTION_BASIC,UNADJUDICATED,SOLUTION_CANDIDATE,TRIAGE_NO_GRAPH_SIGNAL,,,ABSENT,,ABSENT,ABSENT,,
h1:original/high/h1/2final/25_효천고_2학기_기말_고1_기출.js_10,original/high/h1/2final/25_효천고_2학기_기말_고1_기출.js,H22-C2-07,H22-C2-07-FUNCTION_COMPOSITION,UNADJUDICATED,SOLUTION_CANDIDATE,TRIAGE_NO_GRAPH_SIGNAL,,,ABSENT,,ABSENT,ABSENT,,
h1:original/high/h1/2final/25_효천고_2학기_기말_고1_기출.js_11,original/high/h1/2final/25_효천고_2학기_기말_고1_기출.js,H22-C2-09,H22-C2-09-FUNCTION_BASIC,UNADJUDICATED,SOLUTION_CANDIDATE,SOLUTION_VISUAL_PRESENT,,assets/images/25_효천고_2학기_기말_고1_기출/q11-solution.svg,ABSENT,,ABSENT,PRESENT,,21d18e26b8c5e4f8ccd0a62af57e04ee405fef6a11b18d9e3effccf5745d3cdf
h1:original/high/h1/2final/25_효천고_2학기_기말_고1_기출.js_12,original/high/h1/2final/25_효천고_2학기_기말_고1_기출.js,H22-C2-08,H22-C2-08-FUNCTION_BASIC,UNADJUDICATED,SOLUTION_CANDIDATE,PRIORITY_1_EXPLICIT_GRAPH_CANDIDATE,,,ABSENT,,ABSENT,ABSENT,,
h1:original/high/h1/2final/25_효천고_2학기_기말_고1_기출.js_13,original/high/h1/2final/25_효천고_2학기_기말_고1_기출.js,H22-C2-09,H22-C2-09-FUNCTION_BASIC,UNADJUDICATED,PROBLEM_PRESENT_REVIEW,PRIORITY_1_GRAPH_GAP_CANDIDATE,assets/images/25_효천고_2학기_기말_고1_기출/q13.png,,PRESENT,,PRESENT,ABSENT,e5be55fa4a0090305be349f68232215951f449962cf6a86475bf84adfee9d67c,
h1:original/high/h1/2final/25_효천고_2학기_기말_고1_기출.js_15,original/high/h1/2final/25_효천고_2학기_기말_고1_기출.js,H22-C2-07,H22-C2-07-FUNCTION_BASIC,UNADJUDICATED,SOLUTION_CANDIDATE,TRIAGE_NO_GRAPH_SIGNAL,,,ABSENT,,ABSENT,ABSENT,,
h1:original/high/h1/2final/25_효천고_2학기_기말_고1_기출.js_16,original/high/h1/2final/25_효천고_2학기_기말_고1_기출.js,H22-C2-07,H22-C2-07-FUNCTION_BASIC,UNADJUDICATED,SOLUTION_CANDIDATE,TRIAGE_NO_GRAPH_SIGNAL,,,ABSENT,,ABSENT,ABSENT,,
h1:original/high/h1/2final/25_효천고_2학기_기말_고1_기출.js_17,original/high/h1/2final/25_효천고_2학기_기말_고1_기출.js,H22-C2-07,H22-C2-07-FUNCTION_BASIC,UNADJUDICATED,PROBLEM_PRESENT_REVIEW,PRIORITY_1_GRAPH_GAP_CANDIDATE,assets/images/25_효천고_2학기_기말_고1_기출/q17.png,,PRESENT,,PRESENT,ABSENT,45b0b1e6290949160d9de670ab039ae786348c02d9c06b0f5f1a7807a556c0e3,
h1:original/high/h1/2final/25_효천고_2학기_기말_고1_기출.js_18,original/high/h1/2final/25_효천고_2학기_기말_고1_기출.js,H22-C2-08,H22-C2-08-FUNCTION_BASIC,UNADJUDICATED,SOLUTION_CANDIDATE,SOLUTION_VISUAL_PRESENT,,assets/images/25_효천고_2학기_기말_고1_기출/q18-solution.svg,ABSENT,,ABSENT,PRESENT,,47178b277a76acd5728ebf1819cb324c29e76d382bb5dccad1e639c3c2526e5c
h1:original/high/h1/2final/25_효천고_2학기_기말_고1_기출.js_19,original/high/h1/2final/25_효천고_2학기_기말_고1_기출.js,H22-C2-07,H22-C2-07-FUNCTION_COMPOSITION,UNADJUDICATED,SOLUTION_CANDIDATE,TRIAGE_NO_GRAPH_SIGNAL,,,ABSENT,,ABSENT,ABSENT,,
h1:original/high/h1/2final/25_효천고_2학기_기말_고1_기출.js_2,original/high/h1/2final/25_효천고_2학기_기말_고1_기출.js,H22-C2-07,H22-C2-07-FUNCTION_BASIC,UNADJUDICATED,SOLUTION_CANDIDATE,TRIAGE_NO_GRAPH_SIGNAL,,,ABSENT,,ABSENT,ABSENT,,
h1:original/high/h1/2final/25_효천고_2학기_기말_고1_기출.js_20,original/high/h1/2final/25_효천고_2학기_기말_고1_기출.js,H22-C2-07,H22-C2-07-FUNCTION_COMPOSITION,UNADJUDICATED,SOLUTION_CANDIDATE,TRIAGE_NO_GRAPH_SIGNAL,,,ABSENT,,ABSENT,ABSENT,,
h1:original/high/h1/2final/25_효천고_2학기_기말_고1_기출.js_22,original/high/h1/2final/25_효천고_2학기_기말_고1_기출.js,H22-C2-08,H22-C2-08-FUNCTION_BASIC,UNADJUDICATED,SOLUTION_CANDIDATE,TRIAGE_NO_GRAPH_SIGNAL,,,ABSENT,,ABSENT,ABSENT,,
h1:original/high/h1/2final/25_효천고_2학기_기말_고1_기출.js_23,original/high/h1/2final/25_효천고_2학기_기말_고1_기출.js,H22-C2-07,H22-C2-07-FUNCTION_BASIC,UNADJUDICATED,SOLUTION_CANDIDATE,TRIAGE_NO_GRAPH_SIGNAL,,,ABSENT,,ABSENT,ABSENT,,
h1:original/high/h1/2final/25_효천고_2학기_기말_고1_기출.js_3,original/high/h1/2final/25_효천고_2학기_기말_고1_기출.js,H22-C2-07,H22-C2-07-FUNCTION_COMPOSITION,UNADJUDICATED,SOLUTION_CANDIDATE,TRIAGE_NO_GRAPH_SIGNAL,,,ABSENT,,ABSENT,ABSENT,,
h1:original/high/h1/2final/25_효천고_2학기_기말_고1_기출.js_4,original/high/h1/2final/25_효천고_2학기_기말_고1_기출.js,H22-C2-07,H22-C2-07-FUNCTION_INVERSE,UNADJUDICATED,SOLUTION_CANDIDATE,PRIORITY_2_GRAPH_SUBUNIT_CANDIDATE,,,ABSENT,,ABSENT,ABSENT,,
h1:original/high/h1/2final/25_효천고_2학기_기말_고1_기출.js_5,original/high/h1/2final/25_효천고_2학기_기말_고1_기출.js,H22-C2-08,H22-C2-08-FUNCTION_BASIC,UNADJUDICATED,SOLUTION_CANDIDATE,TRIAGE_NO_GRAPH_SIGNAL,,,ABSENT,,ABSENT,ABSENT,,
h1:original/high/h1/2final/25_효천고_2학기_기말_고1_기출.js_8,original/high/h1/2final/25_효천고_2학기_기말_고1_기출.js,H22-C2-09,H22-C2-09-FUNCTION_BASIC,UNADJUDICATED,SOLUTION_CANDIDATE,SOLUTION_VISUAL_PRESENT,,assets/images/25_효천고_2학기_기말_고1_기출/q08-solution.svg,ABSENT,,ABSENT,PRESENT,,746085484fc974729890b82d3bc5ee2397a71fef0b71aca3cef57bd1e5d772e6
h1:original/high/h1/2final/25_효천고_2학기_기말_고1_기출.js_9,original/high/h1/2final/25_효천고_2학기_기말_고1_기출.js,H22-C2-07,H22-C2-07-FUNCTION_BASIC,UNADJUDICATED,SOLUTION_CANDIDATE,TRIAGE_NO_GRAPH_SIGNAL,,,ABSENT,,ABSENT,ABSENT,,
h1:original/high/h1/2mid/21_강남여고_2학기_중간_고1_기출.js_12,original/high/h1/2mid/21_강남여고_2학기_중간_고1_기출.js,H15-SB-03,H15-SB-03-FUNCTION_RELATION,UNADJUDICATED,SOLUTION_CANDIDATE,TRIAGE_NO_GRAPH_SIGNAL,,,ABSENT,,ABSENT,ABSENT,,
h1:original/high/h1/2mid/21_강남여고_2학기_중간_고1_기출.js_16,original/high/h1/2mid/21_강남여고_2학기_중간_고1_기출.js,H15-SB-03,H15-SB-03-COMPOSITE_FUNCTION,UNADJUDICATED,SOLUTION_CANDIDATE,PRIORITY_2_GRAPH_SUBUNIT_CANDIDATE,,,ABSENT,,ABSENT,ABSENT,,
h1:original/high/h1/2mid/21_강남여고_2학기_중간_고1_기출.js_19,original/high/h1/2mid/21_강남여고_2학기_중간_고1_기출.js,H15-SB-03,H15-SB-03-COMPOSITE_FUNCTION,UNADJUDICATED,PROBLEM_PRESENT_REVIEW,PRIORITY_1_GRAPH_GAP_CANDIDATE,assets/images/21_강남여고_2학기_중간_고1_기출/q19.png,,PRESENT,,PRESENT,ABSENT,ef1086a55d17e955ea150f8941a7f318b9b5acba2ca332a40bb4207dc1304859,
h1:original/high/h1/2mid/21_강남여고_2학기_중간_고1_기출.js_20,original/high/h1/2mid/21_강남여고_2학기_중간_고1_기출.js,H15-SB-03,H15-SB-03-INVERSE_FUNCTION,UNADJUDICATED,SOLUTION_CANDIDATE,TRIAGE_NO_GRAPH_SIGNAL,,,ABSENT,,ABSENT,ABSENT,,
h1:original/high/h1/2mid/21_강남여고_2학기_중간_고1_기출.js_21,original/high/h1/2mid/21_강남여고_2학기_중간_고1_기출.js,H15-SB-03,H15-SB-03-FUNCTION_RELATION,UNADJUDICATED,PROBLEM_PRESENT_REVIEW,PRIORITY_1_GRAPH_GAP_CANDIDATE,assets/images/21_강남여고_2학기_중간_고1_기출/q21.png,,PRESENT,,PRESENT,ABSENT,933de07cae5bf7c0c1568267c4b7760fa0b88532791e8888119b9271ee6d480c,
h1:original/high/h1/2mid/21_강남여고_2학기_중간_고1_기출.js_22,original/high/h1/2mid/21_강남여고_2학기_중간_고1_기출.js,H15-SB-03,H15-SB-03-COMPOSITE_FUNCTION,UNADJUDICATED,PROBLEM_PRESENT_REVIEW,PRIORITY_1_GRAPH_GAP_CANDIDATE,assets/images/21_강남여고_2학기_중간_고1_기출/q22.png,,PRESENT,,PRESENT,ABSENT,066cf49fb987e9eb8a3659632f250c7bf8f5282f1ec2556dbdd420ad4126c047,
h1:original/high/h1/2mid/21_강남여고_2학기_중간_고1_기출.js_25,original/high/h1/2mid/21_강남여고_2학기_중간_고1_기출.js,H15-SB-03,H15-SB-03-COMPOSITE_FUNCTION,UNADJUDICATED,SOLUTION_CANDIDATE,PRIORITY_2_GRAPH_SUBUNIT_CANDIDATE,,,ABSENT,,ABSENT,ABSENT,,
h1:original/high/h1/2mid/21_강남여고_2학기_중간_고1_기출.js_26,original/high/h1/2mid/21_강남여고_2학기_중간_고1_기출.js,H15-SB-03,H15-SB-03-COMPOSITE_FUNCTION,UNADJUDICATED,SOLUTION_CANDIDATE,PRIORITY_2_GRAPH_SUBUNIT_CANDIDATE,,,ABSENT,,ABSENT,ABSENT,,
h1:original/high/h1/2mid/21_강남여고_2학기_중간_고1_기출.js_3,original/high/h1/2mid/21_강남여고_2학기_중간_고1_기출.js,H15-SB-03,H15-SB-03-FUNCTION_RELATION,UNADJUDICATED,SOLUTION_CANDIDATE,TRIAGE_NO_GRAPH_SIGNAL,,,ABSENT,,ABSENT,ABSENT,,
h1:original/high/h1/2mid/21_강남여고_2학기_중간_고1_기출.js_4,original/high/h1/2mid/21_강남여고_2학기_중간_고1_기출.js,H15-SB-03,H15-SB-03-INVERSE_FUNCTION,UNADJUDICATED,SOLUTION_CANDIDATE,TRIAGE_NO_GRAPH_SIGNAL,,,ABSENT,,ABSENT,ABSENT,,
h1:original/high/h1/2mid/21_강남여고_2학기_중간_고1_기출.js_8,original/high/h1/2mid/21_강남여고_2학기_중간_고1_기출.js,H15-SB-03,H15-SB-03-COMPOSITE_FUNCTION,UNADJUDICATED,SOLUTION_CANDIDATE,PRIORITY_2_GRAPH_SUBUNIT_CANDIDATE,,,ABSENT,,ABSENT,ABSENT,,
h1:original/high/h1/2mid/21_금당고_2학기_중간_고1_기출.js_13,original/high/h1/2mid/21_금당고_2학기_중간_고1_기출.js,H15-SB-03,H15-SB-03-FUNCTION_RELATION,UNADJUDICATED,SOLUTION_CANDIDATE,TRIAGE_NO_GRAPH_SIGNAL,,,ABSENT,,ABSENT,ABSENT,,
h1:original/high/h1/2mid/21_금당고_2학기_중간_고1_기출.js_14,original/high/h1/2mid/21_금당고_2학기_중간_고1_기출.js,H15-SB-03,H15-SB-03-COMPOSITE_FUNCTION,UNADJUDICATED,PROBLEM_PRESENT_REVIEW,PRIORITY_1_GRAPH_GAP_CANDIDATE,assets/images/21_금당고_2학기_중간_고1_기출/q14.png,,PRESENT,,PRESENT,ABSENT,3e2e8fd6bab7d72148c090c2707f93733a3d343c19492ebaee2e904d18bb3faf,
h1:original/high/h1/2mid/21_금당고_2학기_중간_고1_기출.js_16,original/high/h1/2mid/21_금당고_2학기_중간_고1_기출.js,H15-SB-03,H15-SB-03-FUNCTION_RELATION,UNADJUDICATED,SOLUTION_CANDIDATE,TRIAGE_NO_GRAPH_SIGNAL,,,ABSENT,,ABSENT,ABSENT,,
h1:original/high/h1/2mid/21_금당고_2학기_중간_고1_기출.js_17,original/high/h1/2mid/21_금당고_2학기_중간_고1_기출.js,H15-SB-03,H15-SB-03-COMPOSITE_FUNCTION,UNADJUDICATED,PROBLEM_PRESENT_REVIEW,PRIORITY_2_GRAPH_SUBUNIT_CANDIDATE,assets/images/21_금당고_2학기_중간_고1_기출/q17.png,,PRESENT,,PRESENT,ABSENT,3f2ef6e56a7a1ab715a5d51a5fbe5fcd5540337c63d2bbd566f698f52a217f88,
h1:original/high/h1/2mid/21_금당고_2학기_중간_고1_기출.js_20,original/high/h1/2mid/21_금당고_2학기_중간_고1_기출.js,H15-SB-03,H15-SB-03-FUNCTION_RELATION,UNADJUDICATED,SOLUTION_CANDIDATE,TRIAGE_NO_GRAPH_SIGNAL,,,ABSENT,,ABSENT,ABSENT,,
h1:original/high/h1/2mid/21_금당고_2학기_중간_고1_기출.js_22,original/high/h1/2mid/21_금당고_2학기_중간_고1_기출.js,H15-SB-03,H15-SB-03-COMPOSITE_FUNCTION,UNADJUDICATED,SOLUTION_CANDIDATE,PRIORITY_1_EXPLICIT_GRAPH_CANDIDATE,,,ABSENT,,ABSENT,ABSENT,,
h1:original/high/h1/2mid/21_금당고_2학기_중간_고1_기출.js_6,original/high/h1/2mid/21_금당고_2학기_중간_고1_기출.js,H15-SB-03,H15-SB-03-FUNCTION_RELATION,UNADJUDICATED,SOLUTION_CANDIDATE,TRIAGE_NO_GRAPH_SIGNAL,,,ABSENT,,ABSENT,ABSENT,,
h1:original/high/h1/2mid/21_금당고_2학기_중간_고1_기출.js_7,original/high/h1/2mid/21_금당고_2학기_중간_고1_기출.js,H15-SB-03,H15-SB-03-COMPOSITE_FUNCTION,UNADJUDICATED,SOLUTION_CANDIDATE,PRIORITY_2_GRAPH_SUBUNIT_CANDIDATE,,,ABSENT,,ABSENT,ABSENT,,
h1:original/high/h1/2mid/21_매산고_2학기_중간_고1_기출.js_10,original/high/h1/2mid/21_매산고_2학기_중간_고1_기출.js,H15-SB-03,H15-SB-03-FUNCTION_RELATION,UNADJUDICATED,SOLUTION_CANDIDATE,TRIAGE_NO_GRAPH_SIGNAL,,,ABSENT,,ABSENT,ABSENT,,
h1:original/high/h1/2mid/21_매산고_2학기_중간_고1_기출.js_11,original/high/h1/2mid/21_매산고_2학기_중간_고1_기출.js,H15-SB-03,H15-SB-03-COMPOSITE_FUNCTION,UNADJUDICATED,SOLUTION_CANDIDATE,PRIORITY_2_GRAPH_SUBUNIT_CANDIDATE,,,ABSENT,,ABSENT,ABSENT,,
h1:original/high/h1/2mid/21_매산고_2학기_중간_고1_기출.js_12,original/high/h1/2mid/21_매산고_2학기_중간_고1_기출.js,H15-SB-03,H15-SB-03-COMPOSITE_FUNCTION,UNADJUDICATED,PROBLEM_PRESENT_REVIEW,PRIORITY_1_GRAPH_GAP_CANDIDATE,assets/images/21_매산고_2학기_중간_고1_기출/q12.png,,PRESENT,,PRESENT,ABSENT,1a6b6e30d0c99d5c7f551a11b011ac4cb2a4021d3f678b357d3bb0d92fbf3366,
h1:original/high/h1/2mid/21_매산고_2학기_중간_고1_기출.js_13,original/high/h1/2mid/21_매산고_2학기_중간_고1_기출.js,H15-SB-03,H15-SB-03-COMPOSITE_FUNCTION,UNADJUDICATED,SOLUTION_CANDIDATE,PRIORITY_2_GRAPH_RELATION_CANDIDATE,,,ABSENT,,ABSENT,ABSENT,,
h1:original/high/h1/2mid/21_매산고_2학기_중간_고1_기출.js_15,original/high/h1/2mid/21_매산고_2학기_중간_고1_기출.js,H15-SB-03,H15-SB-03-COMPOSITE_FUNCTION,UNADJUDICATED,SOLUTION_CANDIDATE,PRIORITY_2_GRAPH_SUBUNIT_CANDIDATE,,,ABSENT,,ABSENT,ABSENT,,
h1:original/high/h1/2mid/21_매산고_2학기_중간_고1_기출.js_17,original/high/h1/2mid/21_매산고_2학기_중간_고1_기출.js,H15-SB-03,H15-SB-03-COMPOSITE_FUNCTION,UNADJUDICATED,SOLUTION_CANDIDATE,PRIORITY_1_EXPLICIT_GRAPH_CANDIDATE,,,ABSENT,,ABSENT,ABSENT,,
h1:original/high/h1/2mid/21_매산고_2학기_중간_고1_기출.js_18,original/high/h1/2mid/21_매산고_2학기_중간_고1_기출.js,H15-SB-03,H15-SB-03-COMPOSITE_FUNCTION,UNADJUDICATED,SOLUTION_CANDIDATE,PRIORITY_2_GRAPH_SUBUNIT_CANDIDATE,,,ABSENT,,ABSENT,ABSENT,,
h1:original/high/h1/2mid/21_매산고_2학기_중간_고1_기출.js_20,original/high/h1/2mid/21_매산고_2학기_중간_고1_기출.js,H15-SB-03,H15-SB-03-FUNCTION_RELATION,UNADJUDICATED,SOLUTION_CANDIDATE,TRIAGE_NO_GRAPH_SIGNAL,,,ABSENT,,ABSENT,ABSENT,,
h1:original/high/h1/2mid/21_매산고_2학기_중간_고1_기출.js_5,original/high/h1/2mid/21_매산고_2학기_중간_고1_기출.js,H15-SB-03,H15-SB-03-INVERSE_FUNCTION,UNADJUDICATED,SOLUTION_CANDIDATE,TRIAGE_NO_GRAPH_SIGNAL,,,ABSENT,,ABSENT,ABSENT,,
h1:original/high/h1/2mid/21_순천고_2학기_중간_고1_기출.js_15,original/high/h1/2mid/21_순천고_2학기_중간_고1_기출.js,H15-SB-03,H15-SB-03-FUNCTION_RELATION,UNADJUDICATED,SOLUTION_CANDIDATE,TRIAGE_NO_GRAPH_SIGNAL,,,ABSENT,,ABSENT,ABSENT,,
h1:original/high/h1/2mid/21_순천고_2학기_중간_고1_기출.js_16,original/high/h1/2mid/21_순천고_2학기_중간_고1_기출.js,H15-SB-03,H15-SB-03-INVERSE_FUNCTION,UNADJUDICATED,SOLUTION_CANDIDATE,PRIORITY_1_EXPLICIT_GRAPH_CANDIDATE,,,ABSENT,,ABSENT,ABSENT,,
h1:original/high/h1/2mid/21_순천고_2학기_중간_고1_기출.js_17,original/high/h1/2mid/21_순천고_2학기_중간_고1_기출.js,H15-SB-03,H15-SB-03-COMPOSITE_FUNCTION,UNADJUDICATED,SOLUTION_CANDIDATE,PRIORITY_2_GRAPH_SUBUNIT_CANDIDATE,,,ABSENT,,ABSENT,ABSENT,,
h1:original/high/h1/2mid/21_순천고_2학기_중간_고1_기출.js_18,original/high/h1/2mid/21_순천고_2학기_중간_고1_기출.js,H15-SB-03,H15-SB-03-COMPOSITE_FUNCTION,UNADJUDICATED,SOLUTION_CANDIDATE,PRIORITY_2_GRAPH_SUBUNIT_CANDIDATE,,,ABSENT,,ABSENT,ABSENT,,
h1:original/high/h1/2mid/21_순천고_2학기_중간_고1_기출.js_22,original/high/h1/2mid/21_순천고_2학기_중간_고1_기출.js,H15-SB-03,H15-SB-03-FUNCTION_RELATION,UNADJUDICATED,SOLUTION_CANDIDATE,TRIAGE_NO_GRAPH_SIGNAL,,,ABSENT,,ABSENT,ABSENT,,
h1:original/high/h1/2mid/21_순천고_2학기_중간_고1_기출.js_6,original/high/h1/2mid/21_순천고_2학기_중간_고1_기출.js,H15-SB-03,H15-SB-03-FUNCTION_RELATION,UNADJUDICATED,SOLUTION_CANDIDATE,TRIAGE_NO_GRAPH_SIGNAL,,,ABSENT,,ABSENT,ABSENT,,
h1:original/high/h1/2mid/21_순천고_2학기_중간_고1_기출.js_7,original/high/h1/2mid/21_순천고_2학기_중간_고1_기출.js,H15-SB-03,H15-SB-03-COMPOSITE_FUNCTION,UNADJUDICATED,SOLUTION_CANDIDATE,PRIORITY_2_GRAPH_SUBUNIT_CANDIDATE,,,ABSENT,,ABSENT,ABSENT,,
h1:original/high/h1/2mid/21_제일고_2학기_중간_고1_기출.js_13,original/high/h1/2mid/21_제일고_2학기_중간_고1_기출.js,H15-SB-03,H15-SB-03-INVERSE_FUNCTION,UNADJUDICATED,SOLUTION_CANDIDATE,TRIAGE_NO_GRAPH_SIGNAL,,,ABSENT,,ABSENT,ABSENT,,
h1:original/high/h1/2mid/21_제일고_2학기_중간_고1_기출.js_15,original/high/h1/2mid/21_제일고_2학기_중간_고1_기출.js,H15-SB-03,H15-SB-03-FUNCTION_RELATION,UNADJUDICATED,SOLUTION_CANDIDATE,TRIAGE_NO_GRAPH_SIGNAL,,,ABSENT,,ABSENT,ABSENT,,
h1:original/high/h1/2mid/21_제일고_2학기_중간_고1_기출.js_16,original/high/h1/2mid/21_제일고_2학기_중간_고1_기출.js,H15-SB-03,H15-SB-03-FUNCTION_RELATION,UNADJUDICATED,SOLUTION_CANDIDATE,TRIAGE_NO_GRAPH_SIGNAL,,,ABSENT,,ABSENT,ABSENT,,
h1:original/high/h1/2mid/21_제일고_2학기_중간_고1_기출.js_17,original/high/h1/2mid/21_제일고_2학기_중간_고1_기출.js,H15-SB-03,H15-SB-03-COMPOSITE_FUNCTION,UNADJUDICATED,PROBLEM_PRESENT_REVIEW,PRIORITY_1_GRAPH_GAP_CANDIDATE,assets/images/21_제일고_2학기_중간_고1_기출/q17.png,,PRESENT,,PRESENT,ABSENT,0438bb215ad192078b491646cd4ba8b77b26c3e181204ba63e3e9da5d98c8971,
h1:original/high/h1/2mid/21_제일고_2학기_중간_고1_기출.js_22,original/high/h1/2mid/21_제일고_2학기_중간_고1_기출.js,H15-SB-03,H15-SB-03-COMPOSITE_FUNCTION,UNADJUDICATED,SOLUTION_CANDIDATE,PRIORITY_2_GRAPH_SUBUNIT_CANDIDATE,,,ABSENT,,ABSENT,ABSENT,,
h1:original/high/h1/2mid/21_제일고_2학기_중간_고1_기출.js_3,original/high/h1/2mid/21_제일고_2학기_중간_고1_기출.js,H15-SB-03,H15-SB-03-FUNCTION_RELATION,UNADJUDICATED,SOLUTION_CANDIDATE,TRIAGE_NO_GRAPH_SIGNAL,,,ABSENT,,ABSENT,ABSENT,,
h1:original/high/h1/2mid/21_팔마고_2학기_중간_고1_기출.js_13,original/high/h1/2mid/21_팔마고_2학기_중간_고1_기출.js,H15-SB-03,H15-SB-03-COMPOSITE_FUNCTION,UNADJUDICATED,PROBLEM_PRESENT_REVIEW,PRIORITY_1_GRAPH_GAP_CANDIDATE,assets/images/21_팔마고_2학기_중간_고1_기출/q13.png,,PRESENT,,PRESENT,ABSENT,0ec7303dcf81a0a281af3b9017d92348055865c4bf495d4d01222f7d671c8821,
h1:original/high/h1/2mid/21_팔마고_2학기_중간_고1_기출.js_17,original/high/h1/2mid/21_팔마고_2학기_중간_고1_기출.js,H15-SB-03,H15-SB-03-FUNCTION_RELATION,UNADJUDICATED,SOLUTION_CANDIDATE,TRIAGE_NO_GRAPH_SIGNAL,,,ABSENT,,ABSENT,ABSENT,,
h1:original/high/h1/2mid/21_팔마고_2학기_중간_고1_기출.js_18,original/high/h1/2mid/21_팔마고_2학기_중간_고1_기출.js,H15-SB-03,H15-SB-03-INVERSE_FUNCTION,UNADJUDICATED,SOLUTION_CANDIDATE,PRIORITY_1_EXPLICIT_GRAPH_CANDIDATE,,,ABSENT,,ABSENT,ABSENT,,
h1:original/high/h1/2mid/21_팔마고_2학기_중간_고1_기출.js_21,original/high/h1/2mid/21_팔마고_2학기_중간_고1_기출.js,H15-SB-03,H15-SB-03-COMPOSITE_FUNCTION,UNADJUDICATED,PROBLEM_PRESENT_REVIEW,PRIORITY_1_GRAPH_GAP_CANDIDATE,assets/images/21_팔마고_2학기_중간_고1_기출/q21.png,,PRESENT,,PRESENT,ABSENT,ce85a8bcb23c74be3a3533cb343d9fd290883a4ecaf4340bd0a68eff52420a25,
h1:original/high/h1/2mid/21_팔마고_2학기_중간_고1_기출.js_7,original/high/h1/2mid/21_팔마고_2학기_중간_고1_기출.js,H15-SB-03,H15-SB-03-FUNCTION_RELATION,UNADJUDICATED,PROBLEM_PRESENT_REVIEW,PRIORITY_1_GRAPH_GAP_CANDIDATE,assets/images/21_팔마고_2학기_중간_고1_기출/q07.png,,PRESENT,,PRESENT,ABSENT,8c6a18d9911d7d824b8468a3d41e045e208e76a7ba3f50bce95d6783e13af550,
h1:original/high/h1/2mid/21_팔마고_2학기_중간_고1_기출.js_8,original/high/h1/2mid/21_팔마고_2학기_중간_고1_기출.js,H15-SB-03,H15-SB-03-COMPOSITE_FUNCTION,UNADJUDICATED,SOLUTION_CANDIDATE,PRIORITY_2_GRAPH_SUBUNIT_CANDIDATE,,,ABSENT,,ABSENT,ABSENT,,
h1:original/high/h1/2mid/21_팔마고_2학기_중간_고1_기출.js_9,original/high/h1/2mid/21_팔마고_2학기_중간_고1_기출.js,H15-SB-03,H15-SB-03-FUNCTION_RELATION,UNADJUDICATED,SOLUTION_CANDIDATE,TRIAGE_NO_GRAPH_SIGNAL,,,ABSENT,,ABSENT,ABSENT,,
h1:original/high/h1/2mid/21_효천고_2학기_중간_고1_기출.js_1,original/high/h1/2mid/21_효천고_2학기_중간_고1_기출.js,H15-SB-03,H15-SB-03-FUNCTION_RELATION,UNADJUDICATED,PROBLEM_PRESENT_REVIEW,PRIORITY_1_GRAPH_GAP_CANDIDATE,assets/images/21_효천고_2학기_중간_고1_기출/q01.png,,PRESENT,,PRESENT,ABSENT,0b1da6ff0fc7724a92bb890ae3aed2f24305b9e0be58ccbdb78ed4fbeb9187b9,
h1:original/high/h1/2mid/21_효천고_2학기_중간_고1_기출.js_10,original/high/h1/2mid/21_효천고_2학기_중간_고1_기출.js,H15-SB-03,H15-SB-03-FUNCTION_RELATION,UNADJUDICATED,SOLUTION_CANDIDATE,TRIAGE_NO_GRAPH_SIGNAL,,,ABSENT,,ABSENT,ABSENT,,
h1:original/high/h1/2mid/21_효천고_2학기_중간_고1_기출.js_15,original/high/h1/2mid/21_효천고_2학기_중간_고1_기출.js,H15-SB-03,H15-SB-03-INVERSE_FUNCTION,UNADJUDICATED,SOLUTION_CANDIDATE,TRIAGE_NO_GRAPH_SIGNAL,,,ABSENT,,ABSENT,ABSENT,,
h1:original/high/h1/2mid/21_효천고_2학기_중간_고1_기출.js_18,original/high/h1/2mid/21_효천고_2학기_중간_고1_기출.js,H15-SB-03,H15-SB-03-COMPOSITE_FUNCTION,UNADJUDICATED,SOLUTION_CANDIDATE,PRIORITY_2_GRAPH_SUBUNIT_CANDIDATE,,,ABSENT,,ABSENT,ABSENT,,
h1:original/high/h1/2mid/21_효천고_2학기_중간_고1_기출.js_21,original/high/h1/2mid/21_효천고_2학기_중간_고1_기출.js,H15-SB-03,H15-SB-03-INVERSE_FUNCTION,UNADJUDICATED,SOLUTION_CANDIDATE,TRIAGE_NO_GRAPH_SIGNAL,,,ABSENT,,ABSENT,ABSENT,,
h1:original/high/h1/2mid/21_효천고_2학기_중간_고1_기출.js_7,original/high/h1/2mid/21_효천고_2학기_중간_고1_기출.js,H15-SB-03,H15-SB-03-COMPOSITE_FUNCTION,UNADJUDICATED,SOLUTION_CANDIDATE,PRIORITY_2_GRAPH_SUBUNIT_CANDIDATE,,,ABSENT,,ABSENT,ABSENT,,
h1:original/high/h1/2mid/21_효천고_2학기_중간_고1_기출.js_9,original/high/h1/2mid/21_효천고_2학기_중간_고1_기출.js,H15-SB-03,H15-SB-03-FUNCTION_RELATION,UNADJUDICATED,SOLUTION_CANDIDATE,TRIAGE_NO_GRAPH_SIGNAL,,,ABSENT,,ABSENT,ABSENT,,
h1:original/high/h1/2mid/22_강남여고_2학기_중간_고1_기출.js_12,original/high/h1/2mid/22_강남여고_2학기_중간_고1_기출.js,H15-SB-03,H15-SB-03-COMPOSITE_FUNCTION,UNADJUDICATED,SOLUTION_CANDIDATE,PRIORITY_2_GRAPH_RELATION_CANDIDATE,,,ABSENT,,ABSENT,ABSENT,,
h1:original/high/h1/2mid/22_강남여고_2학기_중간_고1_기출.js_17,original/high/h1/2mid/22_강남여고_2학기_중간_고1_기출.js,H15-SB-03,H15-SB-03-INVERSE_FUNCTION,UNADJUDICATED,SOLUTION_CANDIDATE,TRIAGE_NO_GRAPH_SIGNAL,,,ABSENT,,ABSENT,ABSENT,,
h1:original/high/h1/2mid/22_강남여고_2학기_중간_고1_기출.js_19,original/high/h1/2mid/22_강남여고_2학기_중간_고1_기출.js,H15-SB-03,H15-SB-03-COMPOSITE_FUNCTION,UNADJUDICATED,PROBLEM_PRESENT_REVIEW,PRIORITY_1_GRAPH_GAP_CANDIDATE,assets/images/22_강남여고_2학기_중간_고1_기출/q19.png,,PRESENT,,PRESENT,ABSENT,6469c8e01899d7c8a8cb02a3464bf592f9a588f096a9ca4a6bfdba6f3f850b79,
h1:original/high/h1/2mid/22_강남여고_2학기_중간_고1_기출.js_20,original/high/h1/2mid/22_강남여고_2학기_중간_고1_기출.js,H15-SB-03,H15-SB-03-FUNCTION_RELATION,UNADJUDICATED,PROBLEM_PRESENT_REVIEW,PRIORITY_1_GRAPH_GAP_CANDIDATE,assets/images/22_강남여고_2학기_중간_고1_기출/q20.png,,PRESENT,,PRESENT,ABSENT,8c410f58e17c7d14160eaceba17c015b20a04562c23078df0dc4fcf47ccbb42c,
h1:original/high/h1/2mid/22_강남여고_2학기_중간_고1_기출.js_21,original/high/h1/2mid/22_강남여고_2학기_중간_고1_기출.js,H15-SB-03,H15-SB-03-COMPOSITE_FUNCTION,UNADJUDICATED,SOLUTION_CANDIDATE,PRIORITY_2_GRAPH_SUBUNIT_CANDIDATE,,,ABSENT,,ABSENT,ABSENT,,
h1:original/high/h1/2mid/22_강남여고_2학기_중간_고1_기출.js_24,original/high/h1/2mid/22_강남여고_2학기_중간_고1_기출.js,H15-SB-03,H15-SB-03-COMPOSITE_FUNCTION,UNADJUDICATED,SOLUTION_CANDIDATE,PRIORITY_2_GRAPH_SUBUNIT_CANDIDATE,,,ABSENT,,ABSENT,ABSENT,,
h1:original/high/h1/2mid/22_강남여고_2학기_중간_고1_기출.js_3,original/high/h1/2mid/22_강남여고_2학기_중간_고1_기출.js,H15-SB-03,H15-SB-03-FUNCTION_RELATION,UNADJUDICATED,SOLUTION_CANDIDATE,TRIAGE_NO_GRAPH_SIGNAL,,,ABSENT,,ABSENT,ABSENT,,
h1:original/high/h1/2mid/22_강남여고_2학기_중간_고1_기출.js_4,original/high/h1/2mid/22_강남여고_2학기_중간_고1_기출.js,H15-SB-03,H15-SB-03-INVERSE_FUNCTION,UNADJUDICATED,SOLUTION_CANDIDATE,TRIAGE_NO_GRAPH_SIGNAL,,,ABSENT,,ABSENT,ABSENT,,
h1:original/high/h1/2mid/22_금당고_2학기_중간_고1_기출.js_1,original/high/h1/2mid/22_금당고_2학기_중간_고1_기출.js,H15-SB-03,H15-SB-03-FUNCTION_RELATION,UNADJUDICATED,PROBLEM_PRESENT_REVIEW,TRIAGE_NO_GRAPH_SIGNAL,assets/images/22_금당고_2학기_중간_고1_기출/q01.png,,PRESENT,,PRESENT,ABSENT,b4bdb1ce4f4ec9f2afdf5176095fc60ce7e66d8769cbee5fe7b5ff57126431be,
h1:original/high/h1/2mid/22_금당고_2학기_중간_고1_기출.js_11,original/high/h1/2mid/22_금당고_2학기_중간_고1_기출.js,H15-SB-03,H15-SB-03-COMPOSITE_FUNCTION,UNADJUDICATED,SOLUTION_CANDIDATE,PRIORITY_2_GRAPH_SUBUNIT_CANDIDATE,,,ABSENT,,ABSENT,ABSENT,,
h1:original/high/h1/2mid/22_금당고_2학기_중간_고1_기출.js_12,original/high/h1/2mid/22_금당고_2학기_중간_고1_기출.js,H15-SB-03,H15-SB-03-FUNCTION_RELATION,UNADJUDICATED,SOLUTION_CANDIDATE,TRIAGE_NO_GRAPH_SIGNAL,,,ABSENT,,ABSENT,ABSENT,,
h1:original/high/h1/2mid/22_금당고_2학기_중간_고1_기출.js_17,original/high/h1/2mid/22_금당고_2학기_중간_고1_기출.js,H15-SB-03,H15-SB-03-FUNCTION_RELATION,UNADJUDICATED,SOLUTION_CANDIDATE,TRIAGE_NO_GRAPH_SIGNAL,,,ABSENT,,ABSENT,ABSENT,,
h1:original/high/h1/2mid/22_금당고_2학기_중간_고1_기출.js_20,original/high/h1/2mid/22_금당고_2학기_중간_고1_기출.js,H15-SB-03,H15-SB-03-INVERSE_FUNCTION,UNADJUDICATED,SOLUTION_CANDIDATE,PRIORITY_1_EXPLICIT_GRAPH_CANDIDATE,,,ABSENT,,ABSENT,ABSENT,,
h1:original/high/h1/2mid/22_금당고_2학기_중간_고1_기출.js_21,original/high/h1/2mid/22_금당고_2학기_중간_고1_기출.js,H15-SB-03,H15-SB-03-FUNCTION_RELATION,UNADJUDICATED,SOLUTION_CANDIDATE,TRIAGE_NO_GRAPH_SIGNAL,,,ABSENT,,ABSENT,ABSENT,,
h1:original/high/h1/2mid/22_금당고_2학기_중간_고1_기출.js_6,original/high/h1/2mid/22_금당고_2학기_중간_고1_기출.js,H15-SB-03,H15-SB-03-INVERSE_FUNCTION,UNADJUDICATED,SOLUTION_CANDIDATE,TRIAGE_NO_GRAPH_SIGNAL,,,ABSENT,,ABSENT,ABSENT,,
h1:original/high/h1/2mid/22_금당고_2학기_중간_고1_기출.js_9,original/high/h1/2mid/22_금당고_2학기_중간_고1_기출.js,H15-SB-03,H15-SB-03-COMPOSITE_FUNCTION,UNADJUDICATED,SOLUTION_CANDIDATE,PRIORITY_2_GRAPH_SUBUNIT_CANDIDATE,,,ABSENT,,ABSENT,ABSENT,,
h1:original/high/h1/2mid/22_매산고_2학기_중간_고1_기출.js_10,original/high/h1/2mid/22_매산고_2학기_중간_고1_기출.js,H15-SB-03,H15-SB-03-INVERSE_FUNCTION,UNADJUDICATED,SOLUTION_CANDIDATE,TRIAGE_NO_GRAPH_SIGNAL,,,ABSENT,,ABSENT,ABSENT,,
h1:original/high/h1/2mid/22_매산고_2학기_중간_고1_기출.js_11,original/high/h1/2mid/22_매산고_2학기_중간_고1_기출.js,H15-SB-03,H15-SB-03-FUNCTION_RELATION,UNADJUDICATED,SOLUTION_CANDIDATE,TRIAGE_NO_GRAPH_SIGNAL,,,ABSENT,,ABSENT,ABSENT,,
h1:original/high/h1/2mid/22_매산고_2학기_중간_고1_기출.js_14,original/high/h1/2mid/22_매산고_2학기_중간_고1_기출.js,H15-SB-03,H15-SB-03-FUNCTION_RELATION,UNADJUDICATED,SOLUTION_CANDIDATE,PRIORITY_1_EXPLICIT_GRAPH_CANDIDATE,,,ABSENT,,ABSENT,ABSENT,,
h1:original/high/h1/2mid/22_매산고_2학기_중간_고1_기출.js_15,original/high/h1/2mid/22_매산고_2학기_중간_고1_기출.js,H15-SB-03,H15-SB-03-COMPOSITE_FUNCTION,UNADJUDICATED,SOLUTION_CANDIDATE,PRIORITY_1_EXPLICIT_GRAPH_CANDIDATE,,,ABSENT,,ABSENT,ABSENT,,
h1:original/high/h1/2mid/22_매산고_2학기_중간_고1_기출.js_16,original/high/h1/2mid/22_매산고_2학기_중간_고1_기출.js,H15-SB-03,H15-SB-03-INVERSE_FUNCTION,UNADJUDICATED,SOLUTION_CANDIDATE,PRIORITY_1_EXPLICIT_GRAPH_CANDIDATE,,,ABSENT,,ABSENT,ABSENT,,
h1:original/high/h1/2mid/22_매산고_2학기_중간_고1_기출.js_18,original/high/h1/2mid/22_매산고_2학기_중간_고1_기출.js,H15-SB-03,H15-SB-03-INVERSE_FUNCTION,UNADJUDICATED,SOLUTION_CANDIDATE,TRIAGE_NO_GRAPH_SIGNAL,,,ABSENT,,ABSENT,ABSENT,,
h1:original/high/h1/2mid/22_매산고_2학기_중간_고1_기출.js_2,original/high/h1/2mid/22_매산고_2학기_중간_고1_기출.js,H15-SB-03,H15-SB-03-FUNCTION_RELATION,UNADJUDICATED,SOLUTION_CANDIDATE,TRIAGE_NO_GRAPH_SIGNAL,,,ABSENT,,ABSENT,ABSENT,,
h1:original/high/h1/2mid/22_매산고_2학기_중간_고1_기출.js_20,original/high/h1/2mid/22_매산고_2학기_중간_고1_기출.js,H15-SB-03,H15-SB-03-COMPOSITE_FUNCTION,UNADJUDICATED,PROBLEM_PRESENT_REVIEW,PRIORITY_1_GRAPH_GAP_CANDIDATE,assets/images/22_매산고_2학기_중간_고1_기출/q20.png,,PRESENT,,PRESENT,ABSENT,c9bd366ed48e1ca10c1e774f06f32ebbdbe50e5713a343ec4622bf04454f0bf7,
h1:original/high/h1/2mid/22_매산고_2학기_중간_고1_기출.js_5,original/high/h1/2mid/22_매산고_2학기_중간_고1_기출.js,H15-SB-03,H15-SB-03-COMPOSITE_FUNCTION,UNADJUDICATED,SOLUTION_CANDIDATE,PRIORITY_2_GRAPH_SUBUNIT_CANDIDATE,,,ABSENT,,ABSENT,ABSENT,,
h1:original/high/h1/2mid/22_매산고_2학기_중간_고1_기출.js_8,original/high/h1/2mid/22_매산고_2학기_중간_고1_기출.js,H15-SB-03,H15-SB-03-FUNCTION_RELATION,UNADJUDICATED,SOLUTION_CANDIDATE,TRIAGE_NO_GRAPH_SIGNAL,,,ABSENT,,ABSENT,ABSENT,,
h1:original/high/h1/2mid/22_매산고_2학기_중간_고1_기출.js_9,original/high/h1/2mid/22_매산고_2학기_중간_고1_기출.js,H15-SB-03,H15-SB-03-FUNCTION_RELATION,UNADJUDICATED,PROBLEM_PRESENT_REVIEW,PRIORITY_1_GRAPH_GAP_CANDIDATE,assets/images/22_매산고_2학기_중간_고1_기출/q09.png,,PRESENT,,PRESENT,ABSENT,20ca8e1a02bb5b726c035be2ef7513f3061e5f44f81ec2cac36448bfa1d1c1b5,
h1:original/high/h1/2mid/22_복성고_2학기_중간_고1_기출.js_10,original/high/h1/2mid/22_복성고_2학기_중간_고1_기출.js,H15-SB-03,H15-SB-03-COMPOSITE_FUNCTION,UNADJUDICATED,SOLUTION_CANDIDATE,PRIORITY_2_GRAPH_SUBUNIT_CANDIDATE,,,ABSENT,,ABSENT,ABSENT,,
h1:original/high/h1/2mid/22_복성고_2학기_중간_고1_기출.js_12,original/high/h1/2mid/22_복성고_2학기_중간_고1_기출.js,H15-SB-03,H15-SB-03-COMPOSITE_FUNCTION,UNADJUDICATED,PROBLEM_PRESENT_REVIEW,PRIORITY_1_GRAPH_GAP_CANDIDATE,assets/images/22_복성고_2학기_중간_고1_기출/q12.png,,PRESENT,,PRESENT,ABSENT,83d1081b6f5b0e4a8c17783caaa73910dba05a93ed801e2a50da02acc42d1740,
h1:original/high/h1/2mid/22_복성고_2학기_중간_고1_기출.js_13,original/high/h1/2mid/22_복성고_2학기_중간_고1_기출.js,H15-SB-03,H15-SB-03-INVERSE_FUNCTION,UNADJUDICATED,SOLUTION_CANDIDATE,PRIORITY_1_EXPLICIT_GRAPH_CANDIDATE,,,ABSENT,,ABSENT,ABSENT,,
h1:original/high/h1/2mid/22_복성고_2학기_중간_고1_기출.js_16,original/high/h1/2mid/22_복성고_2학기_중간_고1_기출.js,H15-SB-03,H15-SB-03-INVERSE_FUNCTION,UNADJUDICATED,SOLUTION_CANDIDATE,PRIORITY_1_EXPLICIT_GRAPH_CANDIDATE,,,ABSENT,,ABSENT,ABSENT,,
h1:original/high/h1/2mid/22_복성고_2학기_중간_고1_기출.js_19,original/high/h1/2mid/22_복성고_2학기_중간_고1_기출.js,H15-SB-03,H15-SB-03-FUNCTION_RELATION,UNADJUDICATED,PROBLEM_PRESENT_REVIEW,PRIORITY_1_GRAPH_GAP_CANDIDATE,assets/images/22_복성고_2학기_중간_고1_기출/q19.png,,PRESENT,,PRESENT,ABSENT,5662c0b0e6d0d92bd0c4a99c8b0b7b02cc6a2049c4698131de62dea009da6764,
h1:original/high/h1/2mid/22_복성고_2학기_중간_고1_기출.js_20,original/high/h1/2mid/22_복성고_2학기_중간_고1_기출.js,H15-SB-03,H15-SB-03-FUNCTION_RELATION,UNADJUDICATED,SOLUTION_CANDIDATE,TRIAGE_NO_GRAPH_SIGNAL,,,ABSENT,,ABSENT,ABSENT,,
h1:original/high/h1/2mid/22_복성고_2학기_중간_고1_기출.js_22,original/high/h1/2mid/22_복성고_2학기_중간_고1_기출.js,H15-SB-04,H15-SB-04-RATIONAL_BASIC,UNADJUDICATED,PROBLEM_PRESENT_REVIEW,PRIORITY_1_GRAPH_GAP_CANDIDATE,assets/images/22_복성고_2학기_중간_고1_기출/q22.png,,PRESENT,,PRESENT,ABSENT,549df927c16e67005523f0082a70fb01b2ef39a33ab47d2330afff4405639f12,
h1:original/high/h1/2mid/22_복성고_2학기_중간_고1_기출.js_3,original/high/h1/2mid/22_복성고_2학기_중간_고1_기출.js,H15-SB-03,H15-SB-03-INVERSE_FUNCTION,UNADJUDICATED,SOLUTION_CANDIDATE,TRIAGE_NO_GRAPH_SIGNAL,,,ABSENT,,ABSENT,ABSENT,,
h1:original/high/h1/2mid/22_복성고_2학기_중간_고1_기출.js_4,original/high/h1/2mid/22_복성고_2학기_중간_고1_기출.js,H15-SB-03,H15-SB-03-FUNCTION_RELATION,UNADJUDICATED,PROBLEM_PRESENT_REVIEW,PRIORITY_1_GRAPH_GAP_CANDIDATE,assets/images/22_복성고_2학기_중간_고1_기출/q04.png,,PRESENT,,PRESENT,ABSENT,3a5054eff1ba91fc44e0ee9fdcf523891abf76e72892f2418561131097a98666,
h1:original/high/h1/2mid/22_복성고_2학기_중간_고1_기출.js_6,original/high/h1/2mid/22_복성고_2학기_중간_고1_기출.js,H15-SB-04,H15-SB-04-RATIONAL_BASIC,UNADJUDICATED,SOLUTION_CANDIDATE,TRIAGE_NO_GRAPH_SIGNAL,,,ABSENT,,ABSENT,ABSENT,,
h1:original/high/h1/2mid/22_복성고_2학기_중간_고1_기출.js_7,original/high/h1/2mid/22_복성고_2학기_중간_고1_기출.js,H15-SB-04,H15-SB-04-RATIONAL_GRAPH,UNADJUDICATED,SOLUTION_CANDIDATE,PRIORITY_1_EXPLICIT_GRAPH_CANDIDATE,,,ABSENT,,ABSENT,ABSENT,,
h1:original/high/h1/2mid/22_순천여고_2학기_중간_고1_기출.js_11,original/high/h1/2mid/22_순천여고_2학기_중간_고1_기출.js,H15-SB-03,H15-SB-03-FUNCTION_RELATION,UNADJUDICATED,SOLUTION_CANDIDATE,TRIAGE_NO_GRAPH_SIGNAL,,,ABSENT,,ABSENT,ABSENT,,
h1:original/high/h1/2mid/22_순천여고_2학기_중간_고1_기출.js_14,original/high/h1/2mid/22_순천여고_2학기_중간_고1_기출.js,H15-SB-03,H15-SB-03-FUNCTION_RELATION,UNADJUDICATED,SOLUTION_CANDIDATE,TRIAGE_NO_GRAPH_SIGNAL,,,ABSENT,,ABSENT,ABSENT,,
h1:original/high/h1/2mid/22_순천여고_2학기_중간_고1_기출.js_16,original/high/h1/2mid/22_순천여고_2학기_중간_고1_기출.js,H15-SB-03,H15-SB-03-COMPOSITE_FUNCTION,UNADJUDICATED,SOLUTION_CANDIDATE,PRIORITY_2_GRAPH_SUBUNIT_CANDIDATE,,,ABSENT,,ABSENT,ABSENT,,
h1:original/high/h1/2mid/22_순천여고_2학기_중간_고1_기출.js_17,original/high/h1/2mid/22_순천여고_2학기_중간_고1_기출.js,H15-SB-03,H15-SB-03-COMPOSITE_FUNCTION,UNADJUDICATED,SOLUTION_CANDIDATE,PRIORITY_2_GRAPH_RELATION_CANDIDATE,,,ABSENT,,ABSENT,ABSENT,,
h1:original/high/h1/2mid/22_순천여고_2학기_중간_고1_기출.js_18,original/high/h1/2mid/22_순천여고_2학기_중간_고1_기출.js,H15-SB-03,H15-SB-03-COMPOSITE_FUNCTION,UNADJUDICATED,SOLUTION_CANDIDATE,PRIORITY_2_GRAPH_RELATION_CANDIDATE,,,ABSENT,,ABSENT,ABSENT,,
h1:original/high/h1/2mid/22_순천여고_2학기_중간_고1_기출.js_19,original/high/h1/2mid/22_순천여고_2학기_중간_고1_기출.js,H15-SB-03,H15-SB-03-FUNCTION_RELATION,UNADJUDICATED,PROBLEM_PRESENT_REVIEW,PRIORITY_1_GRAPH_GAP_CANDIDATE,assets/images/22_순천여고_2학기_중간_고1_기출/q19.png,,PRESENT,,PRESENT,ABSENT,60b6dd956397ad2145658c3508fdfc947c5ef29754d98755866520f730d2fd2e,
h1:original/high/h1/2mid/22_순천여고_2학기_중간_고1_기출.js_2,original/high/h1/2mid/22_순천여고_2학기_중간_고1_기출.js,H15-SB-03,H15-SB-03-FUNCTION_RELATION,UNADJUDICATED,PROBLEM_PRESENT_REVIEW,PRIORITY_1_GRAPH_GAP_CANDIDATE,assets/images/22_순천여고_2학기_중간_고1_기출/q02.png,,PRESENT,,PRESENT,ABSENT,09f339b225891e639cb74e38e11ca32ef0fbd800756ee0ca3b38e9d062b124d5,
h1:original/high/h1/2mid/22_순천여고_2학기_중간_고1_기출.js_20,original/high/h1/2mid/22_순천여고_2학기_중간_고1_기출.js,H15-SB-03,H15-SB-03-FUNCTION_RELATION,UNADJUDICATED,SOLUTION_CANDIDATE,PRIORITY_1_EXPLICIT_GRAPH_CANDIDATE,,,ABSENT,,ABSENT,ABSENT,,
h1:original/high/h1/2mid/22_순천여고_2학기_중간_고1_기출.js_23,original/high/h1/2mid/22_순천여고_2학기_중간_고1_기출.js,H15-SB-03,H15-SB-03-INVERSE_FUNCTION,UNADJUDICATED,SOLUTION_CANDIDATE,TRIAGE_NO_GRAPH_SIGNAL,,,ABSENT,,ABSENT,ABSENT,,
h1:original/high/h1/2mid/22_순천여고_2학기_중간_고1_기출.js_5,original/high/h1/2mid/22_순천여고_2학기_중간_고1_기출.js,H15-SB-03,H15-SB-03-INVERSE_FUNCTION,UNADJUDICATED,SOLUTION_CANDIDATE,TRIAGE_NO_GRAPH_SIGNAL,,,ABSENT,,ABSENT,ABSENT,,
h1:original/high/h1/2mid/22_순천여고_2학기_중간_고1_기출.js_7,original/high/h1/2mid/22_순천여고_2학기_중간_고1_기출.js,H15-SB-03,H15-SB-03-COMPOSITE_FUNCTION,UNADJUDICATED,PROBLEM_PRESENT_REVIEW,PRIORITY_1_GRAPH_GAP_CANDIDATE,assets/images/22_순천여고_2학기_중간_고1_기출/q07.png,,PRESENT,,PRESENT,ABSENT,8da6221030380da08ad1b24bd20e3f4d2261e48fed0a51bb5e690eae74daaff9,
h1:original/high/h1/2mid/22_순천여고_2학기_중간_고1_기출.js_9,original/high/h1/2mid/22_순천여고_2학기_중간_고1_기출.js,H15-SB-03,H15-SB-03-INVERSE_FUNCTION,UNADJUDICATED,PROBLEM_PRESENT_REVIEW,PRIORITY_1_GRAPH_GAP_CANDIDATE,assets/images/22_순천여고_2학기_중간_고1_기출/q09.png,,PRESENT,,PRESENT,ABSENT,1126538476e3623eaab73118fde8396aea8177751995c0acb101220b67327eec,
h1:original/high/h1/2mid/22_제일고_2학기_중간_고1_기출.js_12,original/high/h1/2mid/22_제일고_2학기_중간_고1_기출.js,H15-SB-03,H15-SB-03-FUNCTION_RELATION,UNADJUDICATED,SOLUTION_CANDIDATE,TRIAGE_NO_GRAPH_SIGNAL,,,ABSENT,,ABSENT,ABSENT,,
h1:original/high/h1/2mid/22_제일고_2학기_중간_고1_기출.js_16,original/high/h1/2mid/22_제일고_2학기_중간_고1_기출.js,H15-SB-03,H15-SB-03-FUNCTION_RELATION,UNADJUDICATED,SOLUTION_CANDIDATE,TRIAGE_NO_GRAPH_SIGNAL,,,ABSENT,,ABSENT,ABSENT,,
h1:original/high/h1/2mid/22_제일고_2학기_중간_고1_기출.js_18,original/high/h1/2mid/22_제일고_2학기_중간_고1_기출.js,H15-SB-03,H15-SB-03-COMPOSITE_FUNCTION,UNADJUDICATED,SOLUTION_CANDIDATE,PRIORITY_2_GRAPH_SUBUNIT_CANDIDATE,,,ABSENT,,ABSENT,ABSENT,,
h1:original/high/h1/2mid/22_제일고_2학기_중간_고1_기출.js_6,original/high/h1/2mid/22_제일고_2학기_중간_고1_기출.js,H15-SB-03,H15-SB-03-INVERSE_FUNCTION,UNADJUDICATED,SOLUTION_CANDIDATE,TRIAGE_NO_GRAPH_SIGNAL,,,ABSENT,,ABSENT,ABSENT,,
h1:original/high/h1/2mid/22_제일고_2학기_중간_고1_기출.js_8,original/high/h1/2mid/22_제일고_2학기_중간_고1_기출.js,H15-SB-03,H15-SB-03-FUNCTION_RELATION,UNADJUDICATED,SOLUTION_CANDIDATE,TRIAGE_NO_GRAPH_SIGNAL,,,ABSENT,,ABSENT,ABSENT,,
h1:original/high/h1/2mid/22_팔마고_2학기_중간_고1_기출.js_10,original/high/h1/2mid/22_팔마고_2학기_중간_고1_기출.js,H15-SB-03,H15-SB-03-FUNCTION_RELATION,UNADJUDICATED,SOLUTION_CANDIDATE,TRIAGE_NO_GRAPH_SIGNAL,,,ABSENT,,ABSENT,ABSENT,,
h1:original/high/h1/2mid/22_팔마고_2학기_중간_고1_기출.js_11,original/high/h1/2mid/22_팔마고_2학기_중간_고1_기출.js,H15-SB-03,H15-SB-03-COMPOSITE_FUNCTION,UNADJUDICATED,PROBLEM_PRESENT_REVIEW,PRIORITY_1_GRAPH_GAP_CANDIDATE,assets/images/22_팔마고_2학기_중간_고1_기출/q11.png,,PRESENT,,PRESENT,ABSENT,9b4729ebd2c43745c0dcc2e5cca67503e272972b9d72a5809dc31157ead754fb,
h1:original/high/h1/2mid/22_팔마고_2학기_중간_고1_기출.js_12,original/high/h1/2mid/22_팔마고_2학기_중간_고1_기출.js,H15-SB-03,H15-SB-03-INVERSE_FUNCTION,UNADJUDICATED,SOLUTION_CANDIDATE,PRIORITY_1_EXPLICIT_GRAPH_CANDIDATE,,,ABSENT,,ABSENT,ABSENT,,
h1:original/high/h1/2mid/22_팔마고_2학기_중간_고1_기출.js_13,original/high/h1/2mid/22_팔마고_2학기_중간_고1_기출.js,H15-SB-03,H15-SB-03-COMPOSITE_FUNCTION,UNADJUDICATED,SOLUTION_CANDIDATE,PRIORITY_2_GRAPH_SUBUNIT_CANDIDATE,,,ABSENT,,ABSENT,ABSENT,,
h1:original/high/h1/2mid/22_팔마고_2학기_중간_고1_기출.js_16,original/high/h1/2mid/22_팔마고_2학기_중간_고1_기출.js,H15-SB-03,H15-SB-03-FUNCTION_RELATION,UNADJUDICATED,PROBLEM_PRESENT_REVIEW,PRIORITY_1_GRAPH_GAP_CANDIDATE,assets/images/22_팔마고_2학기_중간_고1_기출/q16.png,,PRESENT,,PRESENT,ABSENT,28c8b9804d54297f0559dc1516ff65e2456255f58c53b4b20de15c0ba9085aa4,
h1:original/high/h1/2mid/22_팔마고_2학기_중간_고1_기출.js_17,original/high/h1/2mid/22_팔마고_2학기_중간_고1_기출.js,H15-SB-03,H15-SB-03-INVERSE_FUNCTION,UNADJUDICATED,SOLUTION_CANDIDATE,TRIAGE_NO_GRAPH_SIGNAL,,,ABSENT,,ABSENT,ABSENT,,
h1:original/high/h1/2mid/22_팔마고_2학기_중간_고1_기출.js_19,original/high/h1/2mid/22_팔마고_2학기_중간_고1_기출.js,H15-SB-03,H15-SB-03-INVERSE_FUNCTION,UNADJUDICATED,SOLUTION_CANDIDATE,TRIAGE_NO_GRAPH_SIGNAL,,,ABSENT,,ABSENT,ABSENT,,
h1:original/high/h1/2mid/22_팔마고_2학기_중간_고1_기출.js_22,original/high/h1/2mid/22_팔마고_2학기_중간_고1_기출.js,H15-SB-03,H15-SB-03-INVERSE_FUNCTION,UNADJUDICATED,SOLUTION_CANDIDATE,PRIORITY_1_EXPLICIT_GRAPH_CANDIDATE,,,ABSENT,,ABSENT,ABSENT,,
h1:original/high/h1/2mid/22_팔마고_2학기_중간_고1_기출.js_4,original/high/h1/2mid/22_팔마고_2학기_중간_고1_기출.js,H15-SB-03,H15-SB-03-FUNCTION_RELATION,UNADJUDICATED,SOLUTION_CANDIDATE,TRIAGE_NO_GRAPH_SIGNAL,,,ABSENT,,ABSENT,ABSENT,,
h1:original/high/h1/2mid/22_팔마고_2학기_중간_고1_기출.js_5,original/high/h1/2mid/22_팔마고_2학기_중간_고1_기출.js,H15-SB-03,H15-SB-03-FUNCTION_RELATION,UNADJUDICATED,SOLUTION_CANDIDATE,TRIAGE_NO_GRAPH_SIGNAL,,,ABSENT,,ABSENT,ABSENT,,
h1:original/high/h1/2mid/22_팔마고_2학기_중간_고1_기출.js_6,original/high/h1/2mid/22_팔마고_2학기_중간_고1_기출.js,H15-SB-03,H15-SB-03-INVERSE_FUNCTION,UNADJUDICATED,SOLUTION_CANDIDATE,TRIAGE_NO_GRAPH_SIGNAL,,,ABSENT,,ABSENT,ABSENT,,
h1:original/high/h1/2mid/22_효천고_2학기_중간_고1_기출.js_16,original/high/h1/2mid/22_효천고_2학기_중간_고1_기출.js,H15-SB-03,H15-SB-03-COMPOSITE_FUNCTION,UNADJUDICATED,SOLUTION_CANDIDATE,PRIORITY_2_GRAPH_SUBUNIT_CANDIDATE,,,ABSENT,,ABSENT,ABSENT,,
h1:original/high/h1/2mid/22_효천고_2학기_중간_고1_기출.js_19,original/high/h1/2mid/22_효천고_2학기_중간_고1_기출.js,H15-SB-03,H15-SB-03-FUNCTION_RELATION,UNADJUDICATED,SOLUTION_CANDIDATE,TRIAGE_NO_GRAPH_SIGNAL,,,ABSENT,,ABSENT,ABSENT,,
h1:original/high/h1/2mid/22_효천고_2학기_중간_고1_기출.js_22,original/high/h1/2mid/22_효천고_2학기_중간_고1_기출.js,H15-SB-03,H15-SB-03-FUNCTION_RELATION,UNADJUDICATED,SOLUTION_CANDIDATE,PRIORITY_1_EXPLICIT_GRAPH_CANDIDATE,,,ABSENT,,ABSENT,ABSENT,,
h1:original/high/h1/2mid/22_효천고_2학기_중간_고1_기출.js_3,original/high/h1/2mid/22_효천고_2학기_중간_고1_기출.js,H15-SB-03,H15-SB-03-FUNCTION_RELATION,UNADJUDICATED,PROBLEM_PRESENT_REVIEW,PRIORITY_1_GRAPH_GAP_CANDIDATE,assets/images/22_효천고_2학기_중간_고1_기출/q03.png,,PRESENT,,PRESENT,ABSENT,8cd0815f68e4c3aca313eff36d14a1fd88f8d8c37195a7fcc3d6ae7fd4a93e31,
h1:original/high/h1/2mid/22_효천고_2학기_중간_고1_기출.js_4,original/high/h1/2mid/22_효천고_2학기_중간_고1_기출.js,H15-SB-03,H15-SB-03-FUNCTION_RELATION,UNADJUDICATED,SOLUTION_CANDIDATE,TRIAGE_NO_GRAPH_SIGNAL,,,ABSENT,,ABSENT,ABSENT,,
h1:original/high/h1/2mid/22_효천고_2학기_중간_고1_기출.js_6,original/high/h1/2mid/22_효천고_2학기_중간_고1_기출.js,H15-SB-03,H15-SB-03-COMPOSITE_FUNCTION,UNADJUDICATED,SOLUTION_CANDIDATE,PRIORITY_2_GRAPH_SUBUNIT_CANDIDATE,,,ABSENT,,ABSENT,ABSENT,,
h1:original/high/h1/2mid/22_효천고_2학기_중간_고1_기출.js_7,original/high/h1/2mid/22_효천고_2학기_중간_고1_기출.js,H15-SB-03,H15-SB-03-FUNCTION_RELATION,UNADJUDICATED,SOLUTION_CANDIDATE,TRIAGE_NO_GRAPH_SIGNAL,,,ABSENT,,ABSENT,ABSENT,,
h1:original/high/h1/2mid/22_효천고_2학기_중간_고1_기출.js_8,original/high/h1/2mid/22_효천고_2학기_중간_고1_기출.js,H15-SB-03,H15-SB-03-COMPOSITE_FUNCTION,UNADJUDICATED,SOLUTION_CANDIDATE,PRIORITY_2_GRAPH_SUBUNIT_CANDIDATE,,,ABSENT,,ABSENT,ABSENT,,
h1:original/high/h1/2mid/23_강남여고_2학기_중간_고1_기출.js_10,original/high/h1/2mid/23_강남여고_2학기_중간_고1_기출.js,H15-SB-03,H15-SB-03-INVERSE_FUNCTION,UNADJUDICATED,SOLUTION_CANDIDATE,TRIAGE_NO_GRAPH_SIGNAL,,,ABSENT,,ABSENT,ABSENT,,
h1:original/high/h1/2mid/23_강남여고_2학기_중간_고1_기출.js_14,original/high/h1/2mid/23_강남여고_2학기_중간_고1_기출.js,H15-SB-03,H15-SB-03-COMPOSITE_FUNCTION,UNADJUDICATED,PROBLEM_PRESENT_REVIEW,PRIORITY_1_GRAPH_GAP_CANDIDATE,assets/images/23_강남여고_2학기_중간_고1_기출/q14.png,,PRESENT,,PRESENT,ABSENT,80cbd5bd5fc05b224235875c99cb0ead555cfc9a4441b37494f41a144c9e2bcd,
h1:original/high/h1/2mid/23_강남여고_2학기_중간_고1_기출.js_18,original/high/h1/2mid/23_강남여고_2학기_중간_고1_기출.js,H15-SB-03,H15-SB-03-COMPOSITE_FUNCTION,UNADJUDICATED,SOLUTION_CANDIDATE,PRIORITY_2_GRAPH_SUBUNIT_CANDIDATE,,,ABSENT,,ABSENT,ABSENT,,
h1:original/high/h1/2mid/23_강남여고_2학기_중간_고1_기출.js_19,original/high/h1/2mid/23_강남여고_2학기_중간_고1_기출.js,H15-SB-03,H15-SB-03-COMPOSITE_FUNCTION,UNADJUDICATED,SOLUTION_CANDIDATE,PRIORITY_2_GRAPH_SUBUNIT_CANDIDATE,,,ABSENT,,ABSENT,ABSENT,,
h1:original/high/h1/2mid/23_강남여고_2학기_중간_고1_기출.js_20,original/high/h1/2mid/23_강남여고_2학기_중간_고1_기출.js,H15-SB-03,H15-SB-03-INVERSE_FUNCTION,UNADJUDICATED,PROBLEM_PRESENT_REVIEW,PRIORITY_1_GRAPH_GAP_CANDIDATE,assets/images/23_강남여고_2학기_중간_고1_기출/q20.png,,PRESENT,,PRESENT,ABSENT,a1ea539dbb87a9781f1fb26aa1459e817a21153558ca6e505d86fcedc5bc00c0,
h1:original/high/h1/2mid/23_강남여고_2학기_중간_고1_기출.js_23,original/high/h1/2mid/23_강남여고_2학기_중간_고1_기출.js,H15-SB-03,H15-SB-03-COMPOSITE_FUNCTION,UNADJUDICATED,SOLUTION_CANDIDATE,PRIORITY_2_GRAPH_SUBUNIT_CANDIDATE,,,ABSENT,,ABSENT,ABSENT,,
h1:original/high/h1/2mid/23_강남여고_2학기_중간_고1_기출.js_7,original/high/h1/2mid/23_강남여고_2학기_중간_고1_기출.js,H15-SB-03,H15-SB-03-FUNCTION_RELATION,UNADJUDICATED,PROBLEM_PRESENT_REVIEW,PRIORITY_1_GRAPH_GAP_CANDIDATE,assets/images/23_강남여고_2학기_중간_고1_기출/q07.png,,PRESENT,,PRESENT,ABSENT,d6336b96fb0aa7b6ee680851449ca0b13fdc3e2c5569c1b12ee8aa2dfedf92eb,
h1:original/high/h1/2mid/23_강남여고_2학기_중간_고1_기출.js_8,original/high/h1/2mid/23_강남여고_2학기_중간_고1_기출.js,H15-SB-03,H15-SB-03-FUNCTION_RELATION,UNADJUDICATED,SOLUTION_CANDIDATE,TRIAGE_NO_GRAPH_SIGNAL,,,ABSENT,,ABSENT,ABSENT,,
h1:original/high/h1/2mid/23_강남여고_2학기_중간_고1_기출.js_9,original/high/h1/2mid/23_강남여고_2학기_중간_고1_기출.js,H15-SB-03,H15-SB-03-COMPOSITE_FUNCTION,UNADJUDICATED,PROBLEM_PRESENT_REVIEW,PRIORITY_1_GRAPH_GAP_CANDIDATE,assets/images/23_강남여고_2학기_중간_고1_기출/q09.png,,PRESENT,,PRESENT,ABSENT,ddc326034ac8562c4b645c0091f1982d4fa76a89bc930b7a15517afa0fe110cf,
h1:original/high/h1/2mid/23_매산여고_2학기_중간_고1_기출.js_13,original/high/h1/2mid/23_매산여고_2학기_중간_고1_기출.js,H15-SB-03,,UNADJUDICATED,SOLUTION_CANDIDATE,TRIAGE_NO_GRAPH_SIGNAL,,,ABSENT,,ABSENT,ABSENT,,
h1:original/high/h1/2mid/23_매산여고_2학기_중간_고1_기출.js_14,original/high/h1/2mid/23_매산여고_2학기_중간_고1_기출.js,H15-SB-03,,UNADJUDICATED,SOLUTION_CANDIDATE,TRIAGE_NO_GRAPH_SIGNAL,,,ABSENT,,ABSENT,ABSENT,,
h1:original/high/h1/2mid/23_매산여고_2학기_중간_고1_기출.js_18,original/high/h1/2mid/23_매산여고_2학기_중간_고1_기출.js,H15-SB-03,,UNADJUDICATED,SOLUTION_CANDIDATE,TRIAGE_NO_GRAPH_SIGNAL,,,ABSENT,,ABSENT,ABSENT,,
h1:original/high/h1/2mid/23_순천여고_2학기_중간_고1_기출.js_12,original/high/h1/2mid/23_순천여고_2학기_중간_고1_기출.js,H15-SB-03,H15-SB-03-INVERSE_FUNCTION,UNADJUDICATED,SOLUTION_CANDIDATE,TRIAGE_NO_GRAPH_SIGNAL,,,ABSENT,,ABSENT,ABSENT,,
h1:original/high/h1/2mid/23_순천여고_2학기_중간_고1_기출.js_18,original/high/h1/2mid/23_순천여고_2학기_중간_고1_기출.js,H15-SB-03,H15-SB-03-COMPOSITE_FUNCTION,UNADJUDICATED,SOLUTION_CANDIDATE,PRIORITY_2_GRAPH_SUBUNIT_CANDIDATE,,,ABSENT,,ABSENT,ABSENT,,
h1:original/high/h1/2mid/23_순천여고_2학기_중간_고1_기출.js_19,original/high/h1/2mid/23_순천여고_2학기_중간_고1_기출.js,H15-SB-03,H15-SB-03-COMPOSITE_FUNCTION,UNADJUDICATED,SOLUTION_CANDIDATE,PRIORITY_2_GRAPH_SUBUNIT_CANDIDATE,,,ABSENT,,ABSENT,ABSENT,,
h1:original/high/h1/2mid/23_순천여고_2학기_중간_고1_기출.js_23,original/high/h1/2mid/23_순천여고_2학기_중간_고1_기출.js,H15-SB-03,H15-SB-03-INVERSE_FUNCTION,UNADJUDICATED,SOLUTION_CANDIDATE,PRIORITY_1_EXPLICIT_GRAPH_CANDIDATE,,,ABSENT,,ABSENT,ABSENT,,
h1:original/high/h1/2mid/23_순천여고_2학기_중간_고1_기출.js_3,original/high/h1/2mid/23_순천여고_2학기_중간_고1_기출.js,H15-SB-03,H15-SB-03-FUNCTION_RELATION,UNADJUDICATED,SOLUTION_CANDIDATE,TRIAGE_NO_GRAPH_SIGNAL,,,ABSENT,,ABSENT,ABSENT,,
h1:original/high/h1/2mid/23_순천여고_2학기_중간_고1_기출.js_4,original/high/h1/2mid/23_순천여고_2학기_중간_고1_기출.js,H15-SB-03,H15-SB-03-COMPOSITE_FUNCTION,UNADJUDICATED,PROBLEM_PRESENT_REVIEW,PRIORITY_1_GRAPH_GAP_CANDIDATE,assets/images/23_순천여고_2학기_중간_고1_기출/q04.png,,PRESENT,,PRESENT,ABSENT,d7a865d988c06205740bdb9adc83f5d122a5e2f5aeae34b8aeb36d74e70297cc,
h1:original/high/h1/2mid/23_순천여고_2학기_중간_고1_기출.js_6,original/high/h1/2mid/23_순천여고_2학기_중간_고1_기출.js,H15-SB-03,H15-SB-03-INVERSE_FUNCTION,UNADJUDICATED,SOLUTION_CANDIDATE,TRIAGE_NO_GRAPH_SIGNAL,,,ABSENT,,ABSENT,ABSENT,,
h1:original/high/h1/2mid/23_팔마고_2학기_중간_고1_기출.js_10,original/high/h1/2mid/23_팔마고_2학기_중간_고1_기출.js,H15-SB-03,H15-SB-03-COMPOSITE_FUNCTION,UNADJUDICATED,SOLUTION_CANDIDATE,PRIORITY_2_GRAPH_RELATION_CANDIDATE,,,ABSENT,,ABSENT,ABSENT,,
h1:original/high/h1/2mid/23_팔마고_2학기_중간_고1_기출.js_2,original/high/h1/2mid/23_팔마고_2학기_중간_고1_기출.js,H15-SB-03,H15-SB-03-FUNCTION_RELATION,UNADJUDICATED,SOLUTION_CANDIDATE,TRIAGE_NO_GRAPH_SIGNAL,,,ABSENT,,ABSENT,ABSENT,,
h1:original/high/h1/2mid/23_팔마고_2학기_중간_고1_기출.js_4,original/high/h1/2mid/23_팔마고_2학기_중간_고1_기출.js,H15-SB-03,H15-SB-03-FUNCTION_RELATION,UNADJUDICATED,SOLUTION_CANDIDATE,TRIAGE_NO_GRAPH_SIGNAL,,,ABSENT,,ABSENT,ABSENT,,
h1:original/high/h1/2mid/24_금당고_2학기_중간_고1_기출.js_12,original/high/h1/2mid/24_금당고_2학기_중간_고1_기출.js,H15-SB-03,H15-SB-03-COMPOSITE_FUNCTION,UNADJUDICATED,SOLUTION_CANDIDATE,PRIORITY_2_GRAPH_SUBUNIT_CANDIDATE,,,ABSENT,,ABSENT,ABSENT,,
h1:original/high/h1/2mid/24_금당고_2학기_중간_고1_기출.js_21,original/high/h1/2mid/24_금당고_2학기_중간_고1_기출.js,H15-SB-03,H15-SB-03-FUNCTION_RELATION,UNADJUDICATED,SOLUTION_CANDIDATE,TRIAGE_NO_GRAPH_SIGNAL,,,ABSENT,,ABSENT,ABSENT,,
h1:original/high/h1/2mid/24_금당고_2학기_중간_고1_기출.js_4,original/high/h1/2mid/24_금당고_2학기_중간_고1_기출.js,H15-SB-03,H15-SB-03-FUNCTION_RELATION,UNADJUDICATED,SOLUTION_CANDIDATE,TRIAGE_NO_GRAPH_SIGNAL,,,ABSENT,,ABSENT,ABSENT,,
h1:original/high/h1/2mid/24_금당고_2학기_중간_고1_기출.js_6,original/high/h1/2mid/24_금당고_2학기_중간_고1_기출.js,H15-SB-03,H15-SB-03-FUNCTION_RELATION,UNADJUDICATED,SOLUTION_CANDIDATE,TRIAGE_NO_GRAPH_SIGNAL,,,ABSENT,,ABSENT,ABSENT,,
h1:original/high/h1/2mid/24_제일고_2학기_중간_고1_기출.js_10,original/high/h1/2mid/24_제일고_2학기_중간_고1_기출.js,H15-SB-03,H15-SB-03-FUNCTION_RELATION,UNADJUDICATED,SOLUTION_CANDIDATE,TRIAGE_NO_GRAPH_SIGNAL,,,ABSENT,,ABSENT,ABSENT,,
h1:original/high/h1/2mid/24_제일고_2학기_중간_고1_기출.js_11,original/high/h1/2mid/24_제일고_2학기_중간_고1_기출.js,H15-SB-03,H15-SB-03-FUNCTION_RELATION,UNADJUDICATED,SOLUTION_CANDIDATE,TRIAGE_NO_GRAPH_SIGNAL,,,ABSENT,,ABSENT,ABSENT,,
h1:original/high/h1/2mid/24_제일고_2학기_중간_고1_기출.js_12,original/high/h1/2mid/24_제일고_2학기_중간_고1_기출.js,H15-SB-03,H15-SB-03-COMPOSITE_FUNCTION,UNADJUDICATED,SOLUTION_CANDIDATE,PRIORITY_2_GRAPH_SUBUNIT_CANDIDATE,,,ABSENT,,ABSENT,ABSENT,,
h1:original/high/h1/2mid/24_제일고_2학기_중간_고1_기출.js_13,original/high/h1/2mid/24_제일고_2학기_중간_고1_기출.js,H15-SB-03,H15-SB-03-COMPOSITE_FUNCTION,UNADJUDICATED,PROBLEM_PRESENT_REVIEW,PRIORITY_1_GRAPH_GAP_CANDIDATE,assets/images/24_제일고_2학기_중간_고1_기출/q13.png,,PRESENT,,PRESENT,ABSENT,fb33515de5d4f23f9254e7f0619b1d0378a26b5737d7f2eccf1dc6fc95ea9338,
h1:original/high/h1/2mid/24_제일고_2학기_중간_고1_기출.js_14,original/high/h1/2mid/24_제일고_2학기_중간_고1_기출.js,H15-SB-03,H15-SB-03-FUNCTION_RELATION,UNADJUDICATED,SOLUTION_CANDIDATE,TRIAGE_NO_GRAPH_SIGNAL,,,ABSENT,,ABSENT,ABSENT,,
h1:original/high/h1/2mid/24_제일고_2학기_중간_고1_기출.js_15,original/high/h1/2mid/24_제일고_2학기_중간_고1_기출.js,H15-SB-03,H15-SB-03-COMPOSITE_FUNCTION,UNADJUDICATED,SOLUTION_CANDIDATE,PRIORITY_2_GRAPH_SUBUNIT_CANDIDATE,,,ABSENT,,ABSENT,ABSENT,,
h1:original/high/h1/2mid/24_제일고_2학기_중간_고1_기출.js_16,original/high/h1/2mid/24_제일고_2학기_중간_고1_기출.js,H15-SB-03,H15-SB-03-COMPOSITE_FUNCTION,UNADJUDICATED,SOLUTION_CANDIDATE,PRIORITY_2_GRAPH_SUBUNIT_CANDIDATE,,,ABSENT,,ABSENT,ABSENT,,
h1:original/high/h1/2mid/24_제일고_2학기_중간_고1_기출.js_17,original/high/h1/2mid/24_제일고_2학기_중간_고1_기출.js,H15-SB-03,H15-SB-03-COMPOSITE_FUNCTION,UNADJUDICATED,SOLUTION_CANDIDATE,PRIORITY_1_EXPLICIT_GRAPH_CANDIDATE,,,ABSENT,,ABSENT,ABSENT,,
h1:original/high/h1/2mid/24_제일고_2학기_중간_고1_기출.js_18,original/high/h1/2mid/24_제일고_2학기_중간_고1_기출.js,H15-SB-03,H15-SB-03-FUNCTION_RELATION,UNADJUDICATED,SOLUTION_CANDIDATE,TRIAGE_NO_GRAPH_SIGNAL,,,ABSENT,,ABSENT,ABSENT,,
h1:original/high/h1/2mid/24_제일고_2학기_중간_고1_기출.js_21,original/high/h1/2mid/24_제일고_2학기_중간_고1_기출.js,H15-SB-03,H15-SB-03-COMPOSITE_FUNCTION,UNADJUDICATED,SOLUTION_CANDIDATE,PRIORITY_2_GRAPH_SUBUNIT_CANDIDATE,,,ABSENT,,ABSENT,ABSENT,,
h1:original/high/h1/2mid/24_제일고_2학기_중간_고1_기출.js_22,original/high/h1/2mid/24_제일고_2학기_중간_고1_기출.js,H15-SB-03,H15-SB-03-FUNCTION_RELATION,UNADJUDICATED,SOLUTION_CANDIDATE,PRIORITY_1_EXPLICIT_GRAPH_CANDIDATE,,,ABSENT,,ABSENT,ABSENT,,
h1:original/high/h1/2mid/25_제일고_2학기_중간_고1_기출.js_19,original/high/h1/2mid/25_제일고_2학기_중간_고1_기출.js,H22-C2-07,H22-C2-07-FUNCTION_BASIC,UNADJUDICATED,SOLUTION_CANDIDATE,TRIAGE_NO_GRAPH_SIGNAL,,,ABSENT,,ABSENT,ABSENT,,
h1:original/high/h1/2mid/25_제일고_2학기_중간_고1_기출.js_2,original/high/h1/2mid/25_제일고_2학기_중간_고1_기출.js,H22-C2-07,H22-C2-07-FUNCTION_BASIC,UNADJUDICATED,PROBLEM_PRESENT_REVIEW,PRIORITY_1_GRAPH_GAP_CANDIDATE,assets/images/25_제일고_2학기_중간_고1_기출/q02.png,,PRESENT,,PRESENT,ABSENT,7b18959c67b0a7e5b8678bf9ebcdb574790791219dbe56c04763660f360122c8,
h1:original/high/h1/2mid/25_제일고_2학기_중간_고1_기출.js_9,original/high/h1/2mid/25_제일고_2학기_중간_고1_기출.js,H22-C2-07,H22-C2-07-FUNCTION_BASIC,UNADJUDICATED,SOLUTION_CANDIDATE,TRIAGE_NO_GRAPH_SIGNAL,,,ABSENT,,ABSENT,ABSENT,,
