questionUid,sourceJsPath,examId,id,displayNo,sourceOrdinal,curriculumVersion,standardCourse,standardUnitKey,standardUnit,standardUnitOrder,subUnitKey,subUnit,subUnitConfidence,subUnitClassificationDepth,questionType,layoutTag,wide,tags,contentHash,choicesHash,answerHash,solutionHash,problemImageRef,problemImageHash,solutionImageRef,solutionImageHash,inlineSvgCount,sourceValidityStatus,independentAnswer,answerParity,solutionQualityStatus,curriculumStatus,visualRequirement,visualRequirementCandidate,visualReasonCode,visualMarkers,visualType,problemVisualSufficiency,scalePolicy,existingSvgStatus,svgRepairStatus,factObligationSet,expectedFactHash,observedFactHash,numericParity,semanticParity,styleLintStatus,renderStatus,metadataStatus,metadataReason,finalVerdict,evidenceRef,assetRefs,questionIndexParity,qKey,sourceFileSha256,solutionPresent,answerValue,scopeStatus,sharedAssetUid,dependencyQuestionUids,dependencyClosureStatus
archive/exams/original/high/h1/1final/22_제일고_1학기_기말_고1_기출.js|22_제일고_1학기_기말_고1_기출|1,archive/exams/original/high/h1/1final/22_제일고_1학기_기말_고1_기출.js,22_제일고_1학기_기말_고1_기출,1,1,1,2022,공통수학1,H22-C-06,여러 가지 방정식과 부등식,6,H22-C-06-SYSTEM_OF_EQUATIONS,연립방정식,category_or_cue_inferred,complete_category,객관식,grid,false,객관식|연립방정식|고1|기말,dfdc898df9496a31cebd4bf65c1ee7ab7d12788bd2f63182f38d804b47466e7a,33df25322b696566a74a473e6940f30d5f9cef7ece09c5631ef8d9de89413abe,dfde05a3668030e99ca64d8d4ae5f6b64c7a87cee61c0ba43904b92ef210191d,1d4cd5dc58c7045944634f3afbec3eaa7b546a8d80b7f802e21827e326ab71b8,,,,,0,LOADED_VM,,NOT_STARTED,NOT_STARTED,NOT_STARTED,SVG_OPTIONAL,SVG_OPTIONAL,,,NONE,NO_PROBLEM_VISUAL,N/A,NONE,NOT_STARTED,,,,NOT_STARTED,NOT_STARTED,NOT_STARTED,NOT_TESTED,PASS,canonical_and_compiled_master_match,INVENTORY_PENDING,01_scope_inventory.csv#archive/exams/original/high/h1/1final/22_제일고_1학기_기말_고1_기출.js|22_제일고_1학기_기말_고1_기출|1,,INDEX_RECORD_PRESENT,original/high/h1/1final/22_제일고_1학기_기말_고1_기출.js_1,81a102a44f1b2ee8f922ec6cb537e858573cb5f4e9c2435f8252f26ac212cca4,true,②,IN_SCOPE_FORWARD,,,CLOSED_NO_SHARED_ASSET
archive/exams/original/high/h1/1final/22_제일고_1학기_기말_고1_기출.js|22_제일고_1학기_기말_고1_기출|2,archive/exams/original/high/h1/1final/22_제일고_1학기_기말_고1_기출.js,22_제일고_1학기_기말_고1_기출,2,2,2,2022,공통수학1,H22-C-06,여러 가지 방정식과 부등식,6,H22-C-06-EQUATION_APPLICATION,방정식과 부등식의 활용,category_or_cue_inferred,complete_category,객관식,grid,false,객관식|부등식의 활용|고1|기말,37537fcf9f039804db50c30f8d68f2d53f850787306508d664887ff20d86e52d,a9a305fb999635d4832821f2d5de14dc752a167e934bd51b60329d524c6a4760,0bdef091c479702584f065d3a3714f8a76f851b3f0cf10912f345a5dd930b0a8,b16f79ee0afa26039efdfc4356248682cd1af4e6088433524597a0ab35f78fd1,,,,,0,LOADED_VM,,NOT_STARTED,NOT_STARTED,NOT_STARTED,SVG_OPTIONAL,SVG_OPTIONAL,,,NONE,NO_PROBLEM_VISUAL,N/A,NONE,NOT_STARTED,,,,NOT_STARTED,NOT_STARTED,NOT_STARTED,NOT_TESTED,PASS,canonical_and_compiled_master_match,INVENTORY_PENDING,01_scope_inventory.csv#archive/exams/original/high/h1/1final/22_제일고_1학기_기말_고1_기출.js|22_제일고_1학기_기말_고1_기출|2,,INDEX_RECORD_PRESENT,original/high/h1/1final/22_제일고_1학기_기말_고1_기출.js_2,81a102a44f1b2ee8f922ec6cb537e858573cb5f4e9c2435f8252f26ac212cca4,true,⑤,IN_SCOPE_FORWARD,,,CLOSED_NO_SHARED_ASSET
archive/exams/original/high/h1/1final/22_제일고_1학기_기말_고1_기출.js|22_제일고_1학기_기말_고1_기출|3,archive/exams/original/high/h1/1final/22_제일고_1학기_기말_고1_기출.js,22_제일고_1학기_기말_고1_기출,3,3,3,2022,공통수학1,H22-C-06,여러 가지 방정식과 부등식,6,H22-C-06-HIGHER_INEQUALITY,여러 가지 부등식,category_or_cue_inferred,complete_category,객관식,grid,false,객관식|연립부등식|고1|기말,bad7d81f85ef3d31c52d125ba45c1b8be99eae16fc63fc62fecf0574bddacbbe,309c803a2ab5eb31752ee8b2cbdd15dbc55b9182c32944ae07d89be065ca1331,d41ea6521f53fb3dfa10cf72e2932f4405d9c999fa422cdc840d25d57e90dd34,5d661e784351efb0cdb98eeff881d05e0b5ab51935a799b0526141ff77537675,,,,,0,LOADED_VM,,NOT_STARTED,NOT_STARTED,NOT_STARTED,SVG_OPTIONAL,SVG_OPTIONAL,,,NONE,NO_PROBLEM_VISUAL,N/A,NONE,NOT_STARTED,,,,NOT_STARTED,NOT_STARTED,NOT_STARTED,NOT_TESTED,PASS,canonical_and_compiled_master_match,INVENTORY_PENDING,01_scope_inventory.csv#archive/exams/original/high/h1/1final/22_제일고_1학기_기말_고1_기출.js|22_제일고_1학기_기말_고1_기출|3,,INDEX_RECORD_PRESENT,original/high/h1/1final/22_제일고_1학기_기말_고1_기출.js_3,81a102a44f1b2ee8f922ec6cb537e858573cb5f4e9c2435f8252f26ac212cca4,true,④,IN_SCOPE_FORWARD,,,CLOSED_NO_SHARED_ASSET
archive/exams/original/high/h1/1final/22_제일고_1학기_기말_고1_기출.js|22_제일고_1학기_기말_고1_기출|4,archive/exams/original/high/h1/1final/22_제일고_1학기_기말_고1_기출.js,22_제일고_1학기_기말_고1_기출,4,4,4,2022,공통수학1,H22-C-06,여러 가지 방정식과 부등식,6,H22-C-06-INEQUALITY,여러 가지 부등식,category_or_cue_inferred,complete_category,객관식,grid,false,객관식|이차부등식|고1|기말,d9c160f71e1f5674a61894abefa378c61a8b2882618c0b718ec0262ce31f5486,28663961c834d7bbb182de47f578e117af73dd0f6e2ef13ab7c0d3fbdb7a8485,973d2fd2f97e26a666f403b12da6d87e527985b36bcf4ff0a47c7e7e8c36321a,cc3cdd77183de73dcf2f76dc978cb141af5f351258db7ff0a93cfb17642e3714,,,,,0,LOADED_VM,,NOT_STARTED,NOT_STARTED,NOT_STARTED,SVG_REQUIRED_MISSING,SVG_REQUIRED_MISSING,GRAPH_OR_FUNCTION_STRUCTURE,,GRAPH_CANDIDATE,NO_PROBLEM_VISUAL,REVIEW_REQUIRED,NONE,NOT_STARTED,,,,NOT_STARTED,NOT_STARTED,NOT_STARTED,NOT_TESTED,PASS,canonical_and_compiled_master_match,INVENTORY_PENDING,01_scope_inventory.csv#archive/exams/original/high/h1/1final/22_제일고_1학기_기말_고1_기출.js|22_제일고_1학기_기말_고1_기출|4,,INDEX_RECORD_PRESENT,original/high/h1/1final/22_제일고_1학기_기말_고1_기출.js_4,81a102a44f1b2ee8f922ec6cb537e858573cb5f4e9c2435f8252f26ac212cca4,true,①,IN_SCOPE_FORWARD,,,CLOSED_NO_SHARED_ASSET
archive/exams/original/high/h1/1final/22_제일고_1학기_기말_고1_기출.js|22_제일고_1학기_기말_고1_기출|19,archive/exams/original/high/h1/1final/22_제일고_1학기_기말_고1_기출.js,22_제일고_1학기_기말_고1_기출,19,19,19,2022,공통수학1,H22-C-06,여러 가지 방정식과 부등식,6,H22-C-06-INEQUALITY,여러 가지 부등식,category_or_cue_inferred,complete_category,단답형,grid,false,서술형|절댓값 부등식|고1|기말,bb09afffbcdc2db6c3d8138cbc5f2a0da3b16ace95bf151f9187e15e29e5bf31,4f53cda18c2baa0c0354bb5f9a3ecbe5ed12ab4d8e11ba873c2f11161202b945,fcb5d82b70eada06f4abe7003fbc4e9161dcce2f10394224f9ea92d4156c2494,2184832787e53adbc6456543e433928fd5a529b3608fa9888be61407c22e7594,,,,,0,LOADED_VM,,NOT_STARTED,NOT_STARTED,NOT_STARTED,SVG_OPTIONAL,SVG_OPTIONAL,,,NONE,NO_PROBLEM_VISUAL,N/A,NONE,NOT_STARTED,,,,NOT_STARTED,NOT_STARTED,NOT_STARTED,NOT_TESTED,PASS,canonical_and_compiled_master_match,INVENTORY_PENDING,01_scope_inventory.csv#archive/exams/original/high/h1/1final/22_제일고_1학기_기말_고1_기출.js|22_제일고_1학기_기말_고1_기출|19,,INDEX_RECORD_PRESENT,original/high/h1/1final/22_제일고_1학기_기말_고1_기출.js_19,81a102a44f1b2ee8f922ec6cb537e858573cb5f4e9c2435f8252f26ac212cca4,true,$-\dfrac32\le x\le\dfrac32$,IN_SCOPE_FORWARD,,,CLOSED_NO_SHARED_ASSET
archive/exams/original/high/h1/1final/22_효천고_1학기_기말_고1_기출.js|22_효천고_1학기_기말_고1_기출|13,archive/exams/original/high/h1/1final/22_효천고_1학기_기말_고1_기출.js,22_효천고_1학기_기말_고1_기출,13,13,13,2015,수학(상),H15-SA-06,이차방정식의 근과 계수,6,H15-SA-06-EQUATION_BASIC,방정식의 풀이,category_or_cue_inferred,complete_category,객관식,grid,false,객관식|이차방정식|근과계수|판별식|최대최소,acc7fd5d7a13cc402616aa6aedcdaa69da1bc6d7e2f49e2112d9dc45e0bc5d12,12f6fd899d6ccdb8ca3a2f4da51b2b7eeb432ac35b4179b286cdd5376f6f3cbc,0bdef091c479702584f065d3a3714f8a76f851b3f0cf10912f345a5dd930b0a8,0c28bb3672f849c3d216ee8d04b1b384d5cdf6502543ce9bc36cc8ab1749c01e,,,,,0,LOADED_VM,,NOT_STARTED,NOT_STARTED,NOT_STARTED,SVG_OPTIONAL,SVG_OPTIONAL,,,NONE,NO_PROBLEM_VISUAL,N/A,NONE,NOT_STARTED,,,,NOT_STARTED,NOT_STARTED,NOT_STARTED,NOT_TESTED,PASS,canonical_and_compiled_master_match,INVENTORY_PENDING,01_scope_inventory.csv#archive/exams/original/high/h1/1final/22_효천고_1학기_기말_고1_기출.js|22_효천고_1학기_기말_고1_기출|13,,INDEX_RECORD_PRESENT,original/high/h1/1final/22_효천고_1학기_기말_고1_기출.js_13,1a5b076b33ec714ab8a8ad40427d24dd700021e9b3aa019bfb56c29e3650434a,true,⑤,IN_SCOPE_FORWARD,,,CLOSED_NO_SHARED_ASSET
archive/exams/original/high/h1/1final/24_제일고_1학기_기말_고1_기출.js|24_제일고_1학기_기말_고1_기출|3,archive/exams/original/high/h1/1final/24_제일고_1학기_기말_고1_기출.js,24_제일고_1학기_기말_고1_기출,3,3,3,2015,수학(상),H15-SA-06,이차방정식의 근과 계수,6,H15-SA-06-EQUATION_BASIC,방정식의 풀이,category_or_cue_inferred,complete_category,객관식,grid,false,객관식|근과계수|대칭식|계수비교,192947752d6d0516c0549c8d3022235baefe630a84e3bcddef1efe43885e87cc,3cc19e370a6671b60f17396fd032ed6593aa1547f8af80d6ab8d949018911b5e,973d2fd2f97e26a666f403b12da6d87e527985b36bcf4ff0a47c7e7e8c36321a,f8ed2fb7968f52fb7278be08bae47504d3d9ca03b18516032e57d5e0cfedd035,,,,,0,LOADED_VM,,NOT_STARTED,NOT_STARTED,NOT_STARTED,SVG_OPTIONAL,SVG_OPTIONAL,,,NONE,NO_PROBLEM_VISUAL,N/A,NONE,NOT_STARTED,,,,NOT_STARTED,NOT_STARTED,NOT_STARTED,NOT_TESTED,PASS,canonical_and_compiled_master_match,INVENTORY_PENDING,01_scope_inventory.csv#archive/exams/original/high/h1/1final/24_제일고_1학기_기말_고1_기출.js|24_제일고_1학기_기말_고1_기출|3,,INDEX_RECORD_PRESENT,original/high/h1/1final/24_제일고_1학기_기말_고1_기출.js_3,6c155378316a391038a72d44207b9af9290be51abf5473c565f7595d9d69cb0b,true,①,IN_SCOPE_FORWARD,,,CLOSED_NO_SHARED_ASSET
archive/exams/original/high/h1/1final/25_강남여고_1학기_기말_고1_기출c.js|25_강남여고_1학기_기말_고1_기출|4,archive/exams/original/high/h1/1final/25_강남여고_1학기_기말_고1_기출c.js,25_강남여고_1학기_기말_고1_기출,4,4,4,2022,공통수학1,H22-C-06,여러 가지 방정식과 부등식,6,H22-C-06-HIGHER_INEQUALITY,여러 가지 부등식,category_or_cue_inferred,complete_category,객관식,grid,false,객관식|부등식|범위|조건해석|계산,72c23d0f5bdea2d79099e03c6497d96a5537fdd855a24f63f6b6c4d661f8d098,48f3bb842b2ceea0b6adb6fa0c4960dc5692c4a429bfd10fcb82a98f4ab27b37,973d2fd2f97e26a666f403b12da6d87e527985b36bcf4ff0a47c7e7e8c36321a,fa85e830a212fbf6973f7086c33c4d6e2bc953dd08fc3c9fd402c1ce8138786c,,,,,0,LOADED_VM,,NOT_STARTED,NOT_STARTED,NOT_STARTED,SVG_OPTIONAL,SVG_OPTIONAL,,,NONE,NO_PROBLEM_VISUAL,N/A,NONE,NOT_STARTED,,,,NOT_STARTED,NOT_STARTED,NOT_STARTED,NOT_TESTED,PASS,canonical_and_compiled_master_match,INVENTORY_PENDING,01_scope_inventory.csv#archive/exams/original/high/h1/1final/25_강남여고_1학기_기말_고1_기출c.js|25_강남여고_1학기_기말_고1_기출|4,,INDEX_RECORD_PRESENT,original/high/h1/1final/25_강남여고_1학기_기말_고1_기출c.js_4,54669b7f56b5e816d952a323c9b43cd38c004fadcd52e8f8af387558c9aae7df,true,①,IN_SCOPE_FORWARD,,,CLOSED_NO_SHARED_ASSET
archive/exams/original/high/h1/1final/25_강남여고_1학기_기말_고1_기출c.js|25_강남여고_1학기_기말_고1_기출|6,archive/exams/original/high/h1/1final/25_강남여고_1학기_기말_고1_기출c.js,25_강남여고_1학기_기말_고1_기출,6,6,6,2022,공통수학1,H22-C-06,여러 가지 방정식과 부등식,6,H22-C-06-INEQUALITY,여러 가지 부등식,category_or_cue_inferred,complete_category,객관식,grid,false,객관식|절댓값|부등식|정수조건|개수세기|조건해석|계산,c00da01b1dd7c18bb5824563bc6a679f6506761db8b807d35f317b1b49bad7d9,4aee675ec8f7d8b7e18c07d0ced48f879fe0a5fee65c214a10b19221c454b150,973d2fd2f97e26a666f403b12da6d87e527985b36bcf4ff0a47c7e7e8c36321a,cf0b26a3157e07ba563f6ccfc895e852016e08ba22b5481a78d461bd7871f89c,,,,,0,LOADED_VM,,NOT_STARTED,NOT_STARTED,NOT_STARTED,SVG_OPTIONAL,SVG_OPTIONAL,,,NONE,NO_PROBLEM_VISUAL,N/A,NONE,NOT_STARTED,,,,NOT_STARTED,NOT_STARTED,NOT_STARTED,NOT_TESTED,PASS,canonical_and_compiled_master_match,INVENTORY_PENDING,01_scope_inventory.csv#archive/exams/original/high/h1/1final/25_강남여고_1학기_기말_고1_기출c.js|25_강남여고_1학기_기말_고1_기출|6,,INDEX_RECORD_PRESENT,original/high/h1/1final/25_강남여고_1학기_기말_고1_기출c.js_6,54669b7f56b5e816d952a323c9b43cd38c004fadcd52e8f8af387558c9aae7df,true,①,IN_SCOPE_FORWARD,,,CLOSED_NO_SHARED_ASSET
archive/exams/original/high/h1/1final/25_강남여고_1학기_기말_고1_기출c.js|25_강남여고_1학기_기말_고1_기출|8,archive/exams/original/high/h1/1final/25_강남여고_1학기_기말_고1_기출c.js,25_강남여고_1학기_기말_고1_기출,8,8,8,2022,공통수학1,H22-C-06,여러 가지 방정식과 부등식,6,H22-C-06-INEQUALITY,여러 가지 부등식,category_or_cue_inferred,complete_category,객관식,grid,false,객관식|이차함수|부등식|함수|정수조건|조건해석|계산,0443539d4b165e45a633fb07f431ef02917a9efb02c5e5d051cd2d9f3f5a74aa,119a6d81cf8b830697ba7ba1e4042113a222c8a082c3619f03f917d8c647f06f,d41ea6521f53fb3dfa10cf72e2932f4405d9c999fa422cdc840d25d57e90dd34,d03536e1eca7ef0f6783362fc56a824f276c1f06d698d1e1d8f0271db2671143,,,,,0,LOADED_VM,,NOT_STARTED,NOT_STARTED,NOT_STARTED,SVG_OPTIONAL,SVG_OPTIONAL,,,NONE,NO_PROBLEM_VISUAL,N/A,NONE,NOT_STARTED,,,,NOT_STARTED,NOT_STARTED,NOT_STARTED,NOT_TESTED,PASS,canonical_and_compiled_master_match,INVENTORY_PENDING,01_scope_inventory.csv#archive/exams/original/high/h1/1final/25_강남여고_1학기_기말_고1_기출c.js|25_강남여고_1학기_기말_고1_기출|8,,INDEX_RECORD_PRESENT,original/high/h1/1final/25_강남여고_1학기_기말_고1_기출c.js_8,54669b7f56b5e816d952a323c9b43cd38c004fadcd52e8f8af387558c9aae7df,true,④,IN_SCOPE_FORWARD,,,CLOSED_NO_SHARED_ASSET
archive/exams/original/high/h1/1final/25_강남여고_1학기_기말_고1_기출c.js|25_강남여고_1학기_기말_고1_기출|10,archive/exams/original/high/h1/1final/25_강남여고_1학기_기말_고1_기출c.js,25_강남여고_1학기_기말_고1_기출,10,10,10,2022,공통수학1,H22-C-06,여러 가지 방정식과 부등식,6,H22-C-06-SYSTEM_OF_EQUATIONS,연립방정식,category_or_cue_inferred,complete_category,객관식,grid,false,객관식|제곱근|근호|이차방정식|판별식|부등식|연립방정식|조건해석,bc66e5a66d30e8ee29847b429b28b841b1fd7c1759de5473d09bdf5a96ba4a61,53704cbd914d48ed9bff1b5e7531c83958455b586092277bc3adec9e53e0ff7c,0bdef091c479702584f065d3a3714f8a76f851b3f0cf10912f345a5dd930b0a8,d0fbfe19a23b342a7178b3ebcb40dbf58b65aaf8902439539894013a0ee03fe9,,,,,0,LOADED_VM,,NOT_STARTED,NOT_STARTED,NOT_STARTED,SVG_OPTIONAL,SVG_OPTIONAL,,,NONE,NO_PROBLEM_VISUAL,N/A,NONE,NOT_STARTED,,,,NOT_STARTED,NOT_STARTED,NOT_STARTED,NOT_TESTED,PASS,canonical_and_compiled_master_match,INVENTORY_PENDING,01_scope_inventory.csv#archive/exams/original/high/h1/1final/25_강남여고_1학기_기말_고1_기출c.js|25_강남여고_1학기_기말_고1_기출|10,,INDEX_RECORD_PRESENT,original/high/h1/1final/25_강남여고_1학기_기말_고1_기출c.js_10,54669b7f56b5e816d952a323c9b43cd38c004fadcd52e8f8af387558c9aae7df,true,⑤,IN_SCOPE_FORWARD,,,CLOSED_NO_SHARED_ASSET
archive/exams/original/high/h1/1final/25_강남여고_1학기_기말_고1_기출c.js|25_강남여고_1학기_기말_고1_기출|14,archive/exams/original/high/h1/1final/25_강남여고_1학기_기말_고1_기출c.js,25_강남여고_1학기_기말_고1_기출,14,14,14,2022,공통수학1,H22-C-06,여러 가지 방정식과 부등식,6,H22-C-06-SYSTEM_OF_EQUATIONS,연립방정식,category_or_cue_inferred,complete_category,객관식,grid,false,객관식|부등식|연립방정식|조건해석|계산,e9a9bdac3ba789b99e309f0e62f354320b785c4460d8a57dc0c6aea55309ccb9,944c73d13e8c99f973a79cf4a5953588b01d8a8fea4df6082afe4bee061ebf7e,973d2fd2f97e26a666f403b12da6d87e527985b36bcf4ff0a47c7e7e8c36321a,6980625632b1e9de2592f88f0d2a86c835c085f68087d5ade94fd2a54ebe6ac7,,,,,0,LOADED_VM,,NOT_STARTED,NOT_STARTED,NOT_STARTED,SVG_OPTIONAL,SVG_OPTIONAL,,,NONE,NO_PROBLEM_VISUAL,N/A,NONE,NOT_STARTED,,,,NOT_STARTED,NOT_STARTED,NOT_STARTED,NOT_TESTED,PASS,canonical_and_compiled_master_match,INVENTORY_PENDING,01_scope_inventory.csv#archive/exams/original/high/h1/1final/25_강남여고_1학기_기말_고1_기출c.js|25_강남여고_1학기_기말_고1_기출|14,,INDEX_RECORD_PRESENT,original/high/h1/1final/25_강남여고_1학기_기말_고1_기출c.js_14,54669b7f56b5e816d952a323c9b43cd38c004fadcd52e8f8af387558c9aae7df,true,①,IN_SCOPE_FORWARD,,,CLOSED_NO_SHARED_ASSET
archive/exams/original/high/h1/1final/25_강남여고_1학기_기말_고1_기출c.js|25_강남여고_1학기_기말_고1_기출|17,archive/exams/original/high/h1/1final/25_강남여고_1학기_기말_고1_기출c.js,25_강남여고_1학기_기말_고1_기출,17,17,17,2022,공통수학1,H22-C-06,여러 가지 방정식과 부등식,6,H22-C-06-HIGHER_INEQUALITY,여러 가지 부등식,category_or_cue_inferred,complete_category,객관식,grid,false,객관식|절댓값|전개|부등식|수직선|실생활|범위|조건해석,806408177905f2864eb13620385a1158408cfb73ba092237e860feb2b6a3a017,138a8297d969eb48ad440ef2f81c0c78e6077f20ed6e52bd85b18724f1697f55,0bdef091c479702584f065d3a3714f8a76f851b3f0cf10912f345a5dd930b0a8,13a782c50464a4ce364a4c13e411f4f7677f17a39be1acaaa761e1e36c3b8eee,,,,,0,LOADED_VM,,NOT_STARTED,NOT_STARTED,NOT_STARTED,SVG_REQUIRED_MISSING,SVG_REQUIRED_MISSING,GRAPH_OR_FUNCTION_STRUCTURE|COORDINATE_OR_GEOMETRY_STRUCTURE|SET_OR_LOGIC_STRUCTURE,,GRAPH_CANDIDATE,NO_PROBLEM_VISUAL,REVIEW_REQUIRED,NONE,NOT_STARTED,,,,NOT_STARTED,NOT_STARTED,NOT_STARTED,NOT_TESTED,PASS,canonical_and_compiled_master_match,INVENTORY_PENDING,01_scope_inventory.csv#archive/exams/original/high/h1/1final/25_강남여고_1학기_기말_고1_기출c.js|25_강남여고_1학기_기말_고1_기출|17,,INDEX_RECORD_PRESENT,original/high/h1/1final/25_강남여고_1학기_기말_고1_기출c.js_17,54669b7f56b5e816d952a323c9b43cd38c004fadcd52e8f8af387558c9aae7df,true,⑤,IN_SCOPE_FORWARD,,,CLOSED_NO_SHARED_ASSET
archive/exams/original/high/h1/1final/25_강남여고_1학기_기말_고1_기출c.js|25_강남여고_1학기_기말_고1_기출|19,archive/exams/original/high/h1/1final/25_강남여고_1학기_기말_고1_기출c.js,25_강남여고_1학기_기말_고1_기출,19,19,19,2022,공통수학1,H22-C-06,여러 가지 방정식과 부등식,6,H22-C-06-HIGHER_INEQUALITY,여러 가지 부등식,category_or_cue_inferred,complete_category,객관식,grid,false,객관식|최대최소|부등식|정수조건|범위|조건해석|계산|상급,ec18c035f0e5b6435519147a92523ef82b1d4f016ab415cb989039343d7a4bb4,b142fed6d755074188ebb5438d0c053a79e8b5b430ddaf0958fab119b073144d,973d2fd2f97e26a666f403b12da6d87e527985b36bcf4ff0a47c7e7e8c36321a,dbd64a9b374b69f11db951beb8fcd3cbf36ffe146440da80111a61f186e4c723,,,,,0,LOADED_VM,,NOT_STARTED,NOT_STARTED,NOT_STARTED,SVG_REQUIRED_MISSING,SVG_REQUIRED_MISSING,SET_OR_LOGIC_STRUCTURE,,VISUAL_CANDIDATE,NO_PROBLEM_VISUAL,SCHEMATIC_OR_REVIEW,NONE,NOT_STARTED,,,,NOT_STARTED,NOT_STARTED,NOT_STARTED,NOT_TESTED,PASS,canonical_and_compiled_master_match,INVENTORY_PENDING,01_scope_inventory.csv#archive/exams/original/high/h1/1final/25_강남여고_1학기_기말_고1_기출c.js|25_강남여고_1학기_기말_고1_기출|19,,INDEX_RECORD_PRESENT,original/high/h1/1final/25_강남여고_1학기_기말_고1_기출c.js_19,54669b7f56b5e816d952a323c9b43cd38c004fadcd52e8f8af387558c9aae7df,true,①,IN_SCOPE_FORWARD,,,CLOSED_NO_SHARED_ASSET
archive/exams/original/high/h1/1final/25_강남여고_1학기_기말_고1_기출c.js|25_강남여고_1학기_기말_고1_기출|22,archive/exams/original/high/h1/1final/25_강남여고_1학기_기말_고1_기출c.js,25_강남여고_1학기_기말_고1_기출,22,22,22,2022,공통수학1,H22-C-06,여러 가지 방정식과 부등식,6,H22-C-06-HIGHER_INEQUALITY,여러 가지 부등식,rule_inferred,complete_rule,단답형,grid,false,서술형|부등식|정수조건|범위|개수세기|대입|조건해석|계산,e1070ece98b8bb8c395baadbf81f5e2841228ca54ba003ee0231d34cc1e922e2,4f53cda18c2baa0c0354bb5f9a3ecbe5ed12ab4d8e11ba873c2f11161202b945,ade1a1c2a61af0f279a4978dfddcdb6acd33f5a8b61e62c5fd881e8a88a387bc,8a27abd88fac93e112f6a26118dcd5bb8694f0eeb1d18ba0e187d6ff425d0511,,,,,0,LOADED_VM,,NOT_STARTED,NOT_STARTED,NOT_STARTED,SVG_REQUIRED_MISSING,SVG_REQUIRED_MISSING,SET_OR_LOGIC_STRUCTURE,,VISUAL_CANDIDATE,NO_PROBLEM_VISUAL,SCHEMATIC_OR_REVIEW,NONE,NOT_STARTED,,,,NOT_STARTED,NOT_STARTED,NOT_STARTED,NOT_TESTED,PASS,canonical_and_compiled_master_match,INVENTORY_PENDING,01_scope_inventory.csv#archive/exams/original/high/h1/1final/25_강남여고_1학기_기말_고1_기출c.js|25_강남여고_1학기_기말_고1_기출|22,,INDEX_RECORD_PRESENT,original/high/h1/1final/25_강남여고_1학기_기말_고1_기출c.js_22,54669b7f56b5e816d952a323c9b43cd38c004fadcd52e8f8af387558c9aae7df,true,8,IN_SCOPE_FORWARD,,,CLOSED_NO_SHARED_ASSET
archive/exams/original/high/h1/1final/25_금당고_1학기_기말_고1_기출c.js|25_금당고_1학기_기말_고1_기출|3,archive/exams/original/high/h1/1final/25_금당고_1학기_기말_고1_기출c.js,25_금당고_1학기_기말_고1_기출,3,3,3,2022,공통수학1,H22-C-06,여러 가지 방정식과 부등식,6,H22-C-06-SYSTEM_OF_EQUATIONS,연립방정식,category_or_cue_inferred,complete_category,객관식,grid,false,객관식|인수분해|부등식|연립방정식|대입|조건해석|계산,0183952e11f650c5eff30e8ac8712444199f0cdc8f532213bd392644781d174d,964271fd109cb43d7d2dd9be2319f7028acfa03f54a692534514537330345e2e,b15be6cb71072b84f7e1e198ce023fc5bb8b1e625335904ddcf3cffcd8b7312b,bfac84a6a425a328383a1762ac55d1bba1359dc0817f71c99dd2b45f45efc823,,,,,0,LOADED_VM,,NOT_STARTED,NOT_STARTED,NOT_STARTED,SVG_REQUIRED_MISSING,SVG_REQUIRED_MISSING,GRAPH_OR_FUNCTION_STRUCTURE,,GRAPH_CANDIDATE,NO_PROBLEM_VISUAL,REVIEW_REQUIRED,NONE,NOT_STARTED,,,,NOT_STARTED,NOT_STARTED,NOT_STARTED,NOT_TESTED,PASS,canonical_and_compiled_master_match,INVENTORY_PENDING,01_scope_inventory.csv#archive/exams/original/high/h1/1final/25_금당고_1학기_기말_고1_기출c.js|25_금당고_1학기_기말_고1_기출|3,,INDEX_RECORD_PRESENT,original/high/h1/1final/25_금당고_1학기_기말_고1_기출c.js_3,db43da08e8d26a0bc369b3b8ac6f5996dd956a4134f202dfd365de443ff67553,true,③,IN_SCOPE_FORWARD,,,CLOSED_NO_SHARED_ASSET
archive/exams/original/high/h1/1final/25_금당고_1학기_기말_고1_기출c.js|25_금당고_1학기_기말_고1_기출|4,archive/exams/original/high/h1/1final/25_금당고_1학기_기말_고1_기출c.js,25_금당고_1학기_기말_고1_기출,4,4,4,2022,공통수학1,H22-C-06,여러 가지 방정식과 부등식,6,H22-C-06-HIGHER_INEQUALITY,여러 가지 부등식,category_or_cue_inferred,complete_category,객관식,grid,false,객관식|절댓값|부등식|정수조건|범위|개수세기|조건해석|계산,2b527ccadd54865742987bd18af40228c728f7d906d8c5cef95954c959f9a9d8,d3b513eba093def1f570b24c40510eec0b00ca49748eda4d023fa531cfa202a7,0bdef091c479702584f065d3a3714f8a76f851b3f0cf10912f345a5dd930b0a8,82b08f691ca5f6175391b00f6da7085eb8e96c4a420f89812bcc1a45278a222b,,,,,0,LOADED_VM,,NOT_STARTED,NOT_STARTED,NOT_STARTED,SVG_OPTIONAL,SVG_OPTIONAL,,,NONE,NO_PROBLEM_VISUAL,N/A,NONE,NOT_STARTED,,,,NOT_STARTED,NOT_STARTED,NOT_STARTED,NOT_TESTED,PASS,canonical_and_compiled_master_match,INVENTORY_PENDING,01_scope_inventory.csv#archive/exams/original/high/h1/1final/25_금당고_1학기_기말_고1_기출c.js|25_금당고_1학기_기말_고1_기출|4,,INDEX_RECORD_PRESENT,original/high/h1/1final/25_금당고_1학기_기말_고1_기출c.js_4,db43da08e8d26a0bc369b3b8ac6f5996dd956a4134f202dfd365de443ff67553,true,⑤,IN_SCOPE_FORWARD,,,CLOSED_NO_SHARED_ASSET
archive/exams/original/high/h1/1final/25_금당고_1학기_기말_고1_기출c.js|25_금당고_1학기_기말_고1_기출|7,archive/exams/original/high/h1/1final/25_금당고_1학기_기말_고1_기출c.js,25_금당고_1학기_기말_고1_기출,7,7,7,2022,공통수학1,H22-C-06,여러 가지 방정식과 부등식,6,H22-C-06-EQUATION,여러 가지 방정식,category_or_cue_inferred,complete_category,객관식,grid,false,객관식|나머지정리|계수비교|근과계수|부등식|대입|조건해석|계산,3e6b73d693eaf583d541a9818089f3722dd09cf751004a7b24cda185a101f8f2,e86168c1d3209cbb53ccfbe692c6bc9eaac58f7d8cca1d1e18dd8575bf517965,973d2fd2f97e26a666f403b12da6d87e527985b36bcf4ff0a47c7e7e8c36321a,90a5183ae31c54a7b3ec3d2e08caa39d4d87da44594a2fa68dcb27acf330f1b3,,,,,0,LOADED_VM,,NOT_STARTED,NOT_STARTED,NOT_STARTED,SVG_OPTIONAL,SVG_OPTIONAL,,,NONE,NO_PROBLEM_VISUAL,N/A,NONE,NOT_STARTED,,,,NOT_STARTED,NOT_STARTED,NOT_STARTED,NOT_TESTED,PASS,canonical_and_compiled_master_match,INVENTORY_PENDING,01_scope_inventory.csv#archive/exams/original/high/h1/1final/25_금당고_1학기_기말_고1_기출c.js|25_금당고_1학기_기말_고1_기출|7,,INDEX_RECORD_PRESENT,original/high/h1/1final/25_금당고_1학기_기말_고1_기출c.js_7,db43da08e8d26a0bc369b3b8ac6f5996dd956a4134f202dfd365de443ff67553,true,①,IN_SCOPE_FORWARD,,,CLOSED_NO_SHARED_ASSET
archive/exams/original/high/h1/1final/25_금당고_1학기_기말_고1_기출c.js|25_금당고_1학기_기말_고1_기출|9,archive/exams/original/high/h1/1final/25_금당고_1학기_기말_고1_기출c.js,25_금당고_1학기_기말_고1_기출,9,9,9,2022,공통수학1,H22-C-06,여러 가지 방정식과 부등식,6,H22-C-06-HIGHER_INEQUALITY,여러 가지 부등식,category_or_cue_inferred,complete_category,객관식,grid,false,객관식|절댓값|부등식|정수조건|범위|조건해석|계산,7b9b9675f7b695cd5b9d7411e9bdae76b44a25857caa06316c02e2694c0fd5a3,4c174b11d79d95ea167dd8930db041a499adc479d1bc421379def00ae59ff4ad,dfde05a3668030e99ca64d8d4ae5f6b64c7a87cee61c0ba43904b92ef210191d,4a9d0d716c9ba59b0e70ac5a6b3a0ec426f812d99a682a4e53cd4fcecced9455,,,,,0,LOADED_VM,,NOT_STARTED,NOT_STARTED,NOT_STARTED,SVG_OPTIONAL,SVG_OPTIONAL,,,NONE,NO_PROBLEM_VISUAL,N/A,NONE,NOT_STARTED,,,,NOT_STARTED,NOT_STARTED,NOT_STARTED,NOT_TESTED,PASS,canonical_and_compiled_master_match,INVENTORY_PENDING,01_scope_inventory.csv#archive/exams/original/high/h1/1final/25_금당고_1학기_기말_고1_기출c.js|25_금당고_1학기_기말_고1_기출|9,,INDEX_RECORD_PRESENT,original/high/h1/1final/25_금당고_1학기_기말_고1_기출c.js_9,db43da08e8d26a0bc369b3b8ac6f5996dd956a4134f202dfd365de443ff67553,true,②,IN_SCOPE_FORWARD,,,CLOSED_NO_SHARED_ASSET
archive/exams/original/high/h1/1final/25_금당고_1학기_기말_고1_기출c.js|25_금당고_1학기_기말_고1_기출|15,archive/exams/original/high/h1/1final/25_금당고_1학기_기말_고1_기출c.js,25_금당고_1학기_기말_고1_기출,15,15,15,2022,공통수학1,H22-C-06,여러 가지 방정식과 부등식,6,H22-C-06-HIGHER_INEQUALITY,여러 가지 부등식,rule_inferred,complete_rule,객관식,grid,false,객관식|인수분해|전개|부등식|정수조건|범위|개수세기|조건해석,48200ab99a2a3716537f03f0d3a437f95272e95118ce39e5dc27a7754875c411,51247bbaa5b4e54f213e8c8d62896eb320bf4bafb4c503e7c09d7302db3ceb61,973d2fd2f97e26a666f403b12da6d87e527985b36bcf4ff0a47c7e7e8c36321a,68c67c0b281459591b50252653c6633282939fa8519658552fb4f571eec7b240,,,,,0,LOADED_VM,,NOT_STARTED,NOT_STARTED,NOT_STARTED,SVG_OPTIONAL,SVG_OPTIONAL,,,NONE,NO_PROBLEM_VISUAL,N/A,NONE,NOT_STARTED,,,,NOT_STARTED,NOT_STARTED,NOT_STARTED,NOT_TESTED,PASS,canonical_and_compiled_master_match,INVENTORY_PENDING,01_scope_inventory.csv#archive/exams/original/high/h1/1final/25_금당고_1학기_기말_고1_기출c.js|25_금당고_1학기_기말_고1_기출|15,,INDEX_RECORD_PRESENT,original/high/h1/1final/25_금당고_1학기_기말_고1_기출c.js_15,db43da08e8d26a0bc369b3b8ac6f5996dd956a4134f202dfd365de443ff67553,true,①,IN_SCOPE_FORWARD,,,CLOSED_NO_SHARED_ASSET
archive/exams/original/high/h1/1final/25_금당고_1학기_기말_고1_기출c.js|25_금당고_1학기_기말_고1_기출|19,archive/exams/original/high/h1/1final/25_금당고_1학기_기말_고1_기출c.js,25_금당고_1학기_기말_고1_기출,19,19,19,2022,공통수학1,H22-C-06,여러 가지 방정식과 부등식,6,H22-C-06-HIGHER_EQUATION,여러 가지 방정식,category_or_cue_inferred,complete_category,객관식,grid,false,,66dd3b86606afa535e4c695b4cc206b6c0233717d44feb3868a9bf532f48a5af,dab9da1a7afa607e649365c69e60e7b8275770e9bb086e09967748e4d0c953ca,973d2fd2f97e26a666f403b12da6d87e527985b36bcf4ff0a47c7e7e8c36321a,a0a9fc6581b0b4728a561780c68c424dac0b855d710a57e58c66586e36044a41,,,,,0,LOADED_VM,,NOT_STARTED,NOT_STARTED,NOT_STARTED,SVG_OPTIONAL,SVG_OPTIONAL,,,NONE,NO_PROBLEM_VISUAL,N/A,NONE,NOT_STARTED,,,,NOT_STARTED,NOT_STARTED,NOT_STARTED,NOT_TESTED,PASS,canonical_and_compiled_master_match,INVENTORY_PENDING,01_scope_inventory.csv#archive/exams/original/high/h1/1final/25_금당고_1학기_기말_고1_기출c.js|25_금당고_1학기_기말_고1_기출|19,,INDEX_RECORD_PRESENT,original/high/h1/1final/25_금당고_1학기_기말_고1_기출c.js_19,db43da08e8d26a0bc369b3b8ac6f5996dd956a4134f202dfd365de443ff67553,true,①,IN_SCOPE_FORWARD,,,CLOSED_NO_SHARED_ASSET
archive/exams/original/high/h1/1final/25_금당고_1학기_기말_고1_기출c.js|25_금당고_1학기_기말_고1_기출|20,archive/exams/original/high/h1/1final/25_금당고_1학기_기말_고1_기출c.js,25_금당고_1학기_기말_고1_기출,20,20,20,2022,공통수학1,H22-C-06,여러 가지 방정식과 부등식,6,H22-C-06-EQUATION,여러 가지 방정식,category_or_cue_inferred,complete_category,객관식,grid,false,객관식|제곱근|근호|인수분해|이차방정식|판별식|이차함수|부등식,1740e9eb6ed6d64bf7f9187d970725f68136146f908bab1e0caebec089f772de,7353a7c63c1c61992d55eef62eb503d5892a061c9db1c5bfc9dc232efd3da308,dfde05a3668030e99ca64d8d4ae5f6b64c7a87cee61c0ba43904b92ef210191d,d5e65bc33850fd048be65977f2ffffe1dff39d3f0a87bb29f6c9d82f0a2db3dd,,,,,0,LOADED_VM,,NOT_STARTED,NOT_STARTED,NOT_STARTED,SVG_REQUIRED_MISSING,SVG_REQUIRED_MISSING,GRAPH_OR_FUNCTION_STRUCTURE,,GRAPH_CANDIDATE,NO_PROBLEM_VISUAL,REVIEW_REQUIRED,NONE,NOT_STARTED,,,,NOT_STARTED,NOT_STARTED,NOT_STARTED,NOT_TESTED,PASS,canonical_and_compiled_master_match,INVENTORY_PENDING,01_scope_inventory.csv#archive/exams/original/high/h1/1final/25_금당고_1학기_기말_고1_기출c.js|25_금당고_1학기_기말_고1_기출|20,,INDEX_RECORD_PRESENT,original/high/h1/1final/25_금당고_1학기_기말_고1_기출c.js_20,db43da08e8d26a0bc369b3b8ac6f5996dd956a4134f202dfd365de443ff67553,true,②,IN_SCOPE_FORWARD,,,CLOSED_NO_SHARED_ASSET
archive/exams/original/high/h1/1final/25_금당고_1학기_기말_고1_기출c.js|25_금당고_1학기_기말_고1_기출|22,archive/exams/original/high/h1/1final/25_금당고_1학기_기말_고1_기출c.js,25_금당고_1학기_기말_고1_기출,22,22,22,2022,공통수학1,H22-C-06,여러 가지 방정식과 부등식,6,H22-C-06-EQUATION_BASIC,방정식의 풀이,category_or_cue_inferred,complete_category,서술형,grid,false,서술형|인수분해|계수비교|이차방정식|판별식|근과계수|부등식|도형,f99dfc5de95413a5411b5cee0b9e225892203fd7154c9c53894814567c20d8b3,4f53cda18c2baa0c0354bb5f9a3ecbe5ed12ab4d8e11ba873c2f11161202b945,65996dbe6a999a83ff99f191c61bf10108ca992af85f8701bf97a2abe4e3f5dc,07535fe0f4c7c0a8c850602f0da680d7477314e46191ef3a6d10ddf7e12590a8,,,,,0,LOADED_VM,,NOT_STARTED,NOT_STARTED,NOT_STARTED,SVG_REQUIRED_MISSING,SVG_REQUIRED_MISSING,COORDINATE_OR_GEOMETRY_STRUCTURE,,VISUAL_CANDIDATE,NO_PROBLEM_VISUAL,REVIEW_REQUIRED,NONE,NOT_STARTED,,,,NOT_STARTED,NOT_STARTED,NOT_STARTED,NOT_TESTED,PASS,canonical_and_compiled_master_match,INVENTORY_PENDING,01_scope_inventory.csv#archive/exams/original/high/h1/1final/25_금당고_1학기_기말_고1_기출c.js|25_금당고_1학기_기말_고1_기출|22,,INDEX_RECORD_PRESENT,original/high/h1/1final/25_금당고_1학기_기말_고1_기출c.js_22,db43da08e8d26a0bc369b3b8ac6f5996dd956a4134f202dfd365de443ff67553,true,"$\frac{7}{6}, \frac{175}{192}$",IN_SCOPE_FORWARD,,,CLOSED_NO_SHARED_ASSET
archive/exams/original/high/h1/1final/25_매산고_1학기_기말_고1_기출c.js|25_매산고_1학기_기말_고1_기출|5,archive/exams/original/high/h1/1final/25_매산고_1학기_기말_고1_기출c.js,25_매산고_1학기_기말_고1_기출,5,5,5,2022,공통수학1,H22-C-06,여러 가지 방정식과 부등식,6,H22-C-06-HIGHER_INEQUALITY,여러 가지 부등식,rule_inferred,complete_rule,객관식,grid,false,객관식|부등식|일차부등식|정수조건|범위|개수세기|조건해석|계산,ceb0536a37632d30cf13df1f16ee0dc4d3036221268331f725e47fb924923c86,3cc19e370a6671b60f17396fd032ed6593aa1547f8af80d6ab8d949018911b5e,b15be6cb71072b84f7e1e198ce023fc5bb8b1e625335904ddcf3cffcd8b7312b,7d77484452eac66f7c747d25754a63522f02347f820398a6370ddc8415eed3e0,,,,,0,LOADED_VM,,NOT_STARTED,NOT_STARTED,NOT_STARTED,SVG_OPTIONAL,SVG_OPTIONAL,,,NONE,NO_PROBLEM_VISUAL,N/A,NONE,NOT_STARTED,,,,NOT_STARTED,NOT_STARTED,NOT_STARTED,NOT_TESTED,PASS,canonical_and_compiled_master_match,INVENTORY_PENDING,01_scope_inventory.csv#archive/exams/original/high/h1/1final/25_매산고_1학기_기말_고1_기출c.js|25_매산고_1학기_기말_고1_기출|5,,INDEX_RECORD_PRESENT,original/high/h1/1final/25_매산고_1학기_기말_고1_기출c.js_5,bdfdb4241abb8638d5a083478c502f0a38c95244d4ddf3b991e9c6f8abe89d47,true,③,IN_SCOPE_FORWARD,,,CLOSED_NO_SHARED_ASSET
archive/exams/original/high/h1/1final/25_매산고_1학기_기말_고1_기출c.js|25_매산고_1학기_기말_고1_기출|6,archive/exams/original/high/h1/1final/25_매산고_1학기_기말_고1_기출c.js,25_매산고_1학기_기말_고1_기출,6,6,6,2022,공통수학1,H22-C-06,여러 가지 방정식과 부등식,6,H22-C-06-SYSTEM_OF_EQUATIONS,연립방정식,category_or_cue_inferred,complete_category,객관식,grid,false,객관식|이차방정식|판별식|부등식|연립방정식|자연수조건|대입|조건해석,8cb653fb9b8a61a660d171174216ecd1f2a3a2bb8b37f4bdc933091bd65b5fda,72c3b4c09a773bb8c3dfe1cc6fd8ec23daba48f27d3c7b6723fcd0f0dc4e5965,dfde05a3668030e99ca64d8d4ae5f6b64c7a87cee61c0ba43904b92ef210191d,f51455dddc0699450fb31878aa0997a47607ff035c05a635c235931b1b31ab3d,,,,,0,LOADED_VM,,NOT_STARTED,NOT_STARTED,NOT_STARTED,SVG_OPTIONAL,SVG_OPTIONAL,,,NONE,NO_PROBLEM_VISUAL,N/A,NONE,NOT_STARTED,,,,NOT_STARTED,NOT_STARTED,NOT_STARTED,NOT_TESTED,PASS,canonical_and_compiled_master_match,INVENTORY_PENDING,01_scope_inventory.csv#archive/exams/original/high/h1/1final/25_매산고_1학기_기말_고1_기출c.js|25_매산고_1학기_기말_고1_기출|6,,INDEX_RECORD_PRESENT,original/high/h1/1final/25_매산고_1학기_기말_고1_기출c.js_6,bdfdb4241abb8638d5a083478c502f0a38c95244d4ddf3b991e9c6f8abe89d47,true,②,IN_SCOPE_FORWARD,,,CLOSED_NO_SHARED_ASSET
archive/exams/original/high/h1/1final/25_매산고_1학기_기말_고1_기출c.js|25_매산고_1학기_기말_고1_기출|7,archive/exams/original/high/h1/1final/25_매산고_1학기_기말_고1_기출c.js,25_매산고_1학기_기말_고1_기출,7,7,7,2022,공통수학1,H22-C-06,여러 가지 방정식과 부등식,6,H22-C-06-HIGHER_INEQUALITY,여러 가지 부등식,category_or_cue_inferred,complete_category,객관식,grid,false,객관식|부등식|자연수조건|조건해석|계산,0c101cf279653104230c9e9f61bb36dfc141b6e0500ee9589b1bb3c67f2538ad,b142fed6d755074188ebb5438d0c053a79e8b5b430ddaf0958fab119b073144d,0bdef091c479702584f065d3a3714f8a76f851b3f0cf10912f345a5dd930b0a8,8743f2de8a1ea18c6810407d5a65d5a10d6b03847544b84d810746266b6eb159,,,,,0,LOADED_VM,,NOT_STARTED,NOT_STARTED,NOT_STARTED,SVG_OPTIONAL,SVG_OPTIONAL,,,NONE,NO_PROBLEM_VISUAL,N/A,NONE,NOT_STARTED,,,,NOT_STARTED,NOT_STARTED,NOT_STARTED,NOT_TESTED,PASS,canonical_and_compiled_master_match,INVENTORY_PENDING,01_scope_inventory.csv#archive/exams/original/high/h1/1final/25_매산고_1학기_기말_고1_기출c.js|25_매산고_1학기_기말_고1_기출|7,,INDEX_RECORD_PRESENT,original/high/h1/1final/25_매산고_1학기_기말_고1_기출c.js_7,bdfdb4241abb8638d5a083478c502f0a38c95244d4ddf3b991e9c6f8abe89d47,true,⑤,IN_SCOPE_FORWARD,,,CLOSED_NO_SHARED_ASSET
archive/exams/original/high/h1/1final/25_매산고_1학기_기말_고1_기출c.js|25_매산고_1학기_기말_고1_기출|8,archive/exams/original/high/h1/1final/25_매산고_1학기_기말_고1_기출c.js,25_매산고_1학기_기말_고1_기출,8,8,8,2022,공통수학1,H22-C-06,여러 가지 방정식과 부등식,6,H22-C-06-INEQUALITY,여러 가지 부등식,category_or_cue_inferred,complete_category,객관식,grid,false,객관식|절댓값|부등식|정수조건|조건해석|계산,6a5cc93ff01f6b62b7326c1d8515e4296f096259bd555b56344abaee662c00ec,1da35ca8bb317762d9de79d2ab23a6c86b8d3fb800041fdd1c5dea18984e699c,973d2fd2f97e26a666f403b12da6d87e527985b36bcf4ff0a47c7e7e8c36321a,978674dfe860c691cff87c3f1f97a5ad5a4165fc5f23b5b0f4dd784d2835e3ef,,,,,0,LOADED_VM,,NOT_STARTED,NOT_STARTED,NOT_STARTED,SVG_OPTIONAL,SVG_OPTIONAL,,,NONE,NO_PROBLEM_VISUAL,N/A,NONE,NOT_STARTED,,,,NOT_STARTED,NOT_STARTED,NOT_STARTED,NOT_TESTED,PASS,canonical_and_compiled_master_match,INVENTORY_PENDING,01_scope_inventory.csv#archive/exams/original/high/h1/1final/25_매산고_1학기_기말_고1_기출c.js|25_매산고_1학기_기말_고1_기출|8,,INDEX_RECORD_PRESENT,original/high/h1/1final/25_매산고_1학기_기말_고1_기출c.js_8,bdfdb4241abb8638d5a083478c502f0a38c95244d4ddf3b991e9c6f8abe89d47,true,①,IN_SCOPE_FORWARD,,,CLOSED_NO_SHARED_ASSET
archive/exams/original/high/h1/1final/25_매산고_1학기_기말_고1_기출c.js|25_매산고_1학기_기말_고1_기출|9,archive/exams/original/high/h1/1final/25_매산고_1학기_기말_고1_기출c.js,25_매산고_1학기_기말_고1_기출,9,9,9,2022,공통수학1,H22-C-06,여러 가지 방정식과 부등식,6,H22-C-06-HIGHER_INEQUALITY,여러 가지 부등식,category_or_cue_inferred,complete_category,객관식,grid,false,객관식|계수비교|판별식|최대최소|부등식|정수조건|범위|조건해석,0e0b514478e8760aff58001b6d11a0fae97a9e208432637a1859e8da11bcbee4,aef9fae397b6c56322aae496bbf3826aabeedf99fdda1216021270052421cec1,d41ea6521f53fb3dfa10cf72e2932f4405d9c999fa422cdc840d25d57e90dd34,63e56b95e61040a9f6538fa923058774d335dc04e7a6949a445cbd84cc116795,,,,,0,LOADED_VM,,NOT_STARTED,NOT_STARTED,NOT_STARTED,SVG_OPTIONAL,SVG_OPTIONAL,,,NONE,NO_PROBLEM_VISUAL,N/A,NONE,NOT_STARTED,,,,NOT_STARTED,NOT_STARTED,NOT_STARTED,NOT_TESTED,PASS,canonical_and_compiled_master_match,INVENTORY_PENDING,01_scope_inventory.csv#archive/exams/original/high/h1/1final/25_매산고_1학기_기말_고1_기출c.js|25_매산고_1학기_기말_고1_기출|9,,INDEX_RECORD_PRESENT,original/high/h1/1final/25_매산고_1학기_기말_고1_기출c.js_9,bdfdb4241abb8638d5a083478c502f0a38c95244d4ddf3b991e9c6f8abe89d47,true,④,IN_SCOPE_FORWARD,,,CLOSED_NO_SHARED_ASSET
archive/exams/original/high/h1/1final/25_매산고_1학기_기말_고1_기출c.js|25_매산고_1학기_기말_고1_기출|18,archive/exams/original/high/h1/1final/25_매산고_1학기_기말_고1_기출c.js,25_매산고_1학기_기말_고1_기출,18,18,18,2022,공통수학1,H22-C-06,여러 가지 방정식과 부등식,6,H22-C-06-INEQUALITY,여러 가지 부등식,category_or_cue_inferred,complete_category,단답형,grid,false,표,158e717d8f9b703d0e9e5e94a46b40755c30dd2f9ffc5d31c36e90b755c307cb,4f53cda18c2baa0c0354bb5f9a3ecbe5ed12ab4d8e11ba873c2f11161202b945,79401ad9a1c09b857a35255513380d528c12ad43d888d0c0fd73457f8d387971,b4cf1781602999ea741462107991b5e452d14220abb749565b884051cdc29ef5,,,,,0,LOADED_VM,,NOT_STARTED,NOT_STARTED,NOT_STARTED,SVG_REQUIRED_MISSING,SVG_REQUIRED_MISSING,COUNTING_STRUCTURE|TABLE_OR_MATRIX_STRUCTURE,,VISUAL_CANDIDATE,NO_PROBLEM_VISUAL,SCHEMATIC_OR_REVIEW,NONE,NOT_STARTED,,,,NOT_STARTED,NOT_STARTED,NOT_STARTED,NOT_TESTED,PASS,canonical_and_compiled_master_match,INVENTORY_PENDING,01_scope_inventory.csv#archive/exams/original/high/h1/1final/25_매산고_1학기_기말_고1_기출c.js|25_매산고_1학기_기말_고1_기출|18,,INDEX_RECORD_PRESENT,original/high/h1/1final/25_매산고_1학기_기말_고1_기출c.js_18,bdfdb4241abb8638d5a083478c502f0a38c95244d4ddf3b991e9c6f8abe89d47,true,$-\frac{1}{3}\le x\le3$,IN_SCOPE_FORWARD,,,CLOSED_NO_SHARED_ASSET
archive/exams/original/high/h1/1final/25_매산여고_1학기_기말_고1_기출c.js|25_매산여고_1학기_기말_고1_기출|1,archive/exams/original/high/h1/1final/25_매산여고_1학기_기말_고1_기출c.js,25_매산여고_1학기_기말_고1_기출,1,1,1,2022,공통수학1,H22-C-06,여러 가지 방정식과 부등식,6,H22-C-06-HIGHER_INEQUALITY,여러 가지 부등식,category_or_cue_inferred,complete_category,객관식,grid,false,객관식|인수분해|부등식|범위|계산,4b7534fd2c70b6ee47ef2960e3ad1201211572896e6a1a7f26d036156f7ab582,767dc59ecdc9396b928b6c2e61932a4bb2f848068bbc5702ecc85a934af677de,b15be6cb71072b84f7e1e198ce023fc5bb8b1e625335904ddcf3cffcd8b7312b,18b993e77d9470b4c6eabc3bff3581b4d8c26a5022f063d7acde01bdf6336efd,,,,,0,LOADED_VM,,NOT_STARTED,NOT_STARTED,NOT_STARTED,SVG_OPTIONAL,SVG_OPTIONAL,,,NONE,NO_PROBLEM_VISUAL,N/A,NONE,NOT_STARTED,,,,NOT_STARTED,NOT_STARTED,NOT_STARTED,NOT_TESTED,PASS,canonical_and_compiled_master_match,INVENTORY_PENDING,01_scope_inventory.csv#archive/exams/original/high/h1/1final/25_매산여고_1학기_기말_고1_기출c.js|25_매산여고_1학기_기말_고1_기출|1,,INDEX_RECORD_PRESENT,original/high/h1/1final/25_매산여고_1학기_기말_고1_기출c.js_1,0ef04d08e506a216b71e86e5f89b0ae8e8790f8d367682721564ca87ab3415cd,true,③,IN_SCOPE_FORWARD,,,CLOSED_NO_SHARED_ASSET
archive/exams/original/high/h1/1final/25_매산여고_1학기_기말_고1_기출c.js|25_매산여고_1학기_기말_고1_기출|3,archive/exams/original/high/h1/1final/25_매산여고_1학기_기말_고1_기출c.js,25_매산여고_1학기_기말_고1_기출,3,3,3,2022,공통수학1,H22-C-06,여러 가지 방정식과 부등식,6,H22-C-06-EQUATION,여러 가지 방정식,category_or_cue_inferred,complete_category,객관식,grid,false,객관식|분모유리화|나머지정리|계수비교|복소수|판별식|근과계수|부등식,52d785d1a94dcbaa63e7bab9064090da0e20ae68434db8bd04b9d384462e2662,9ad4491a02e9a7f576a1ba6cb50252988d97b731331715189393ffa24dee55e0,0bdef091c479702584f065d3a3714f8a76f851b3f0cf10912f345a5dd930b0a8,3b4583af6e03eecd1ee3c4b39c540743c000c428dd37c2b7f8c2b8ed23269226,,,,,0,LOADED_VM,,NOT_STARTED,NOT_STARTED,NOT_STARTED,SVG_OPTIONAL,SVG_OPTIONAL,,,NONE,NO_PROBLEM_VISUAL,N/A,NONE,NOT_STARTED,,,,NOT_STARTED,NOT_STARTED,NOT_STARTED,NOT_TESTED,PASS,canonical_and_compiled_master_match,INVENTORY_PENDING,01_scope_inventory.csv#archive/exams/original/high/h1/1final/25_매산여고_1학기_기말_고1_기출c.js|25_매산여고_1학기_기말_고1_기출|3,,INDEX_RECORD_PRESENT,original/high/h1/1final/25_매산여고_1학기_기말_고1_기출c.js_3,0ef04d08e506a216b71e86e5f89b0ae8e8790f8d367682721564ca87ab3415cd,true,⑤,IN_SCOPE_FORWARD,,,CLOSED_NO_SHARED_ASSET
archive/exams/original/high/h1/1final/25_매산여고_1학기_기말_고1_기출c.js|25_매산여고_1학기_기말_고1_기출|7,archive/exams/original/high/h1/1final/25_매산여고_1학기_기말_고1_기출c.js,25_매산여고_1학기_기말_고1_기출,7,7,7,2022,공통수학1,H22-C-06,여러 가지 방정식과 부등식,6,H22-C-06-EQUATION_BASIC,방정식의 풀이,category_or_cue_inferred,complete_category,객관식,grid,false,객관식|절댓값|인수분해|부등식|정수조건|대입|조건해석|계산,9b9c09aa6f848828fc9f38b8c3c6b249a1a65875879279494410e58a49e3b2f0,c7ba99ac3a9e58ea6285d2c4a156c8dda845ed7c7d04b69a83b7887c63258353,973d2fd2f97e26a666f403b12da6d87e527985b36bcf4ff0a47c7e7e8c36321a,e8922bf7e0eaf1615a2a0b286e96b0e0c353fa461674e148e581f4baac1410cd,,,,,0,LOADED_VM,,NOT_STARTED,NOT_STARTED,NOT_STARTED,SVG_OPTIONAL,SVG_OPTIONAL,,,NONE,NO_PROBLEM_VISUAL,N/A,NONE,NOT_STARTED,,,,NOT_STARTED,NOT_STARTED,NOT_STARTED,NOT_TESTED,PASS,canonical_and_compiled_master_match,INVENTORY_PENDING,01_scope_inventory.csv#archive/exams/original/high/h1/1final/25_매산여고_1학기_기말_고1_기출c.js|25_매산여고_1학기_기말_고1_기출|7,,INDEX_RECORD_PRESENT,original/high/h1/1final/25_매산여고_1학기_기말_고1_기출c.js_7,0ef04d08e506a216b71e86e5f89b0ae8e8790f8d367682721564ca87ab3415cd,true,①,IN_SCOPE_FORWARD,,,CLOSED_NO_SHARED_ASSET
archive/exams/original/high/h1/1final/25_매산여고_1학기_기말_고1_기출c.js|25_매산여고_1학기_기말_고1_기출|8,archive/exams/original/high/h1/1final/25_매산여고_1학기_기말_고1_기출c.js,25_매산여고_1학기_기말_고1_기출,8,8,8,2022,공통수학1,H22-C-06,여러 가지 방정식과 부등식,6,H22-C-06-HIGHER_INEQUALITY,여러 가지 부등식,rule_inferred,complete_rule,객관식,grid,false,객관식|부등식|수직선|자연수조건|범위|개수세기|조건해석|계산,e5ed6aa1a44511f4d30494d5cd692654c71b9eddadafd89d1ca22f87229948cc,54341883e2254d58810032b86895425fc989e4a10903eb541576559b81512086,d41ea6521f53fb3dfa10cf72e2932f4405d9c999fa422cdc840d25d57e90dd34,369f30117b234d73c72dbfcf651719c7e0fd090ab6e66e6d0fbc4360afd14da8,,,,,0,LOADED_VM,,NOT_STARTED,NOT_STARTED,NOT_STARTED,SVG_REQUIRED_MISSING,SVG_REQUIRED_MISSING,COORDINATE_OR_GEOMETRY_STRUCTURE|SET_OR_LOGIC_STRUCTURE,,VISUAL_CANDIDATE,NO_PROBLEM_VISUAL,REVIEW_REQUIRED,NONE,NOT_STARTED,,,,NOT_STARTED,NOT_STARTED,NOT_STARTED,NOT_TESTED,PASS,canonical_and_compiled_master_match,INVENTORY_PENDING,01_scope_inventory.csv#archive/exams/original/high/h1/1final/25_매산여고_1학기_기말_고1_기출c.js|25_매산여고_1학기_기말_고1_기출|8,,INDEX_RECORD_PRESENT,original/high/h1/1final/25_매산여고_1학기_기말_고1_기출c.js_8,0ef04d08e506a216b71e86e5f89b0ae8e8790f8d367682721564ca87ab3415cd,true,④,IN_SCOPE_FORWARD,,,CLOSED_NO_SHARED_ASSET
archive/exams/original/high/h1/1final/25_매산여고_1학기_기말_고1_기출c.js|25_매산여고_1학기_기말_고1_기출|9,archive/exams/original/high/h1/1final/25_매산여고_1학기_기말_고1_기출c.js,25_매산여고_1학기_기말_고1_기출,9,9,9,2022,공통수학1,H22-C-06,여러 가지 방정식과 부등식,6,H22-C-06-EQUATION_BASIC,방정식의 풀이,category_or_cue_inferred,complete_category,객관식,grid,false,객관식|이차방정식|판별식|부등식|참거짓|대입|조건해석|계산,3d629759b8eba751b229e251b00e8c8314ad2b6667a22c077ac748b9bf974ab0,f811cec2fa0f9c71a1bde08daabfe4fd472654c9db5ae57e7177ba2498c51583,0bdef091c479702584f065d3a3714f8a76f851b3f0cf10912f345a5dd930b0a8,ee764a8ebd9a7dd9b5b6b05e08126f7cfb877d7508b50cc2b52cbaeb7a278fa8,,,,,0,LOADED_VM,,NOT_STARTED,NOT_STARTED,NOT_STARTED,SVG_OPTIONAL,SVG_OPTIONAL,,,NONE,NO_PROBLEM_VISUAL,N/A,NONE,NOT_STARTED,,,,NOT_STARTED,NOT_STARTED,NOT_STARTED,NOT_TESTED,PASS,canonical_and_compiled_master_match,INVENTORY_PENDING,01_scope_inventory.csv#archive/exams/original/high/h1/1final/25_매산여고_1학기_기말_고1_기출c.js|25_매산여고_1학기_기말_고1_기출|9,,INDEX_RECORD_PRESENT,original/high/h1/1final/25_매산여고_1학기_기말_고1_기출c.js_9,0ef04d08e506a216b71e86e5f89b0ae8e8790f8d367682721564ca87ab3415cd,true,⑤,IN_SCOPE_FORWARD,,,CLOSED_NO_SHARED_ASSET
archive/exams/original/high/h1/1final/25_매산여고_1학기_기말_고1_기출c.js|25_매산여고_1학기_기말_고1_기출|10,archive/exams/original/high/h1/1final/25_매산여고_1학기_기말_고1_기출c.js,25_매산여고_1학기_기말_고1_기출,10,10,10,2022,공통수학1,H22-C-06,여러 가지 방정식과 부등식,6,H22-C-06-EQUATION_BASIC,방정식의 풀이,category_or_cue_inferred,complete_category,객관식,grid,false,객관식|이차방정식|판별식|부등식|대입|조건해석|계산|개념,2a79625a235fc9ba01e5580582bfc83a8e348337e045c3e166312fb039282728,9c6f1eb2d0bf6a7ff8893d8b856cd216e624e8214ce29900f954421749739213,b15be6cb71072b84f7e1e198ce023fc5bb8b1e625335904ddcf3cffcd8b7312b,b561d7baa4dfa19d9e9564d4bce38d20602abf04a6ac9cde666748715d56c11a,,,,,0,LOADED_VM,,NOT_STARTED,NOT_STARTED,NOT_STARTED,SVG_OPTIONAL,SVG_OPTIONAL,,,NONE,NO_PROBLEM_VISUAL,N/A,NONE,NOT_STARTED,,,,NOT_STARTED,NOT_STARTED,NOT_STARTED,NOT_TESTED,PASS,canonical_and_compiled_master_match,INVENTORY_PENDING,01_scope_inventory.csv#archive/exams/original/high/h1/1final/25_매산여고_1학기_기말_고1_기출c.js|25_매산여고_1학기_기말_고1_기출|10,,INDEX_RECORD_PRESENT,original/high/h1/1final/25_매산여고_1학기_기말_고1_기출c.js_10,0ef04d08e506a216b71e86e5f89b0ae8e8790f8d367682721564ca87ab3415cd,true,③,IN_SCOPE_FORWARD,,,CLOSED_NO_SHARED_ASSET
archive/exams/original/high/h1/1final/25_매산여고_1학기_기말_고1_기출c.js|25_매산여고_1학기_기말_고1_기출|15,archive/exams/original/high/h1/1final/25_매산여고_1학기_기말_고1_기출c.js,25_매산여고_1학기_기말_고1_기출,15,15,15,2022,공통수학1,H22-C-06,여러 가지 방정식과 부등식,6,H22-C-06-EQUATION,여러 가지 방정식,category_or_cue_inferred,complete_category,객관식,grid,false,객관식|인수정리|인수분해|계수비교|이차방정식|판별식|부등식|자연수조건,b940c8465aafaf04a478049fa963c7ab6fe04cc7f9fe0fb586e7596452548f4b,33df25322b696566a74a473e6940f30d5f9cef7ece09c5631ef8d9de89413abe,d41ea6521f53fb3dfa10cf72e2932f4405d9c999fa422cdc840d25d57e90dd34,400b9c77a204aaaea9c0403199339d8c98d98fa54853635997ceaf088f48918d,,,,,0,LOADED_VM,,NOT_STARTED,NOT_STARTED,NOT_STARTED,SVG_OPTIONAL,SVG_OPTIONAL,,,NONE,NO_PROBLEM_VISUAL,N/A,NONE,NOT_STARTED,,,,NOT_STARTED,NOT_STARTED,NOT_STARTED,NOT_TESTED,PASS,canonical_and_compiled_master_match,INVENTORY_PENDING,01_scope_inventory.csv#archive/exams/original/high/h1/1final/25_매산여고_1학기_기말_고1_기출c.js|25_매산여고_1학기_기말_고1_기출|15,,INDEX_RECORD_PRESENT,original/high/h1/1final/25_매산여고_1학기_기말_고1_기출c.js_15,0ef04d08e506a216b71e86e5f89b0ae8e8790f8d367682721564ca87ab3415cd,true,④,IN_SCOPE_FORWARD,,,CLOSED_NO_SHARED_ASSET
archive/exams/original/high/h1/1final/25_매산여고_1학기_기말_고1_기출c.js|25_매산여고_1학기_기말_고1_기출|16,archive/exams/original/high/h1/1final/25_매산여고_1학기_기말_고1_기출c.js,25_매산여고_1학기_기말_고1_기출,16,16,16,2022,공통수학1,H22-C-06,여러 가지 방정식과 부등식,6,H22-C-06-HIGHER_INEQUALITY,여러 가지 부등식,rule_inferred,complete_rule,객관식,grid,false,객관식|인수분해|최대최소|부등식|정수조건|범위|개수세기|조건해석,68f56d6417094a54115dc531c411424bc941bafc2bd639f70122c5e2c191a122,03ea9108280eaf833923a635dc0b574d7a3b9bb9f28610f37f45b5e9b36ee3c8,973d2fd2f97e26a666f403b12da6d87e527985b36bcf4ff0a47c7e7e8c36321a,4a82f05d5e0032377270c14e50ac8bd1f232071a10ef3c0979785c7f1cbb94da,,,,,0,LOADED_VM,,NOT_STARTED,NOT_STARTED,NOT_STARTED,SVG_OPTIONAL,SVG_OPTIONAL,,,NONE,NO_PROBLEM_VISUAL,N/A,NONE,NOT_STARTED,,,,NOT_STARTED,NOT_STARTED,NOT_STARTED,NOT_TESTED,PASS,canonical_and_compiled_master_match,INVENTORY_PENDING,01_scope_inventory.csv#archive/exams/original/high/h1/1final/25_매산여고_1학기_기말_고1_기출c.js|25_매산여고_1학기_기말_고1_기출|16,,INDEX_RECORD_PRESENT,original/high/h1/1final/25_매산여고_1학기_기말_고1_기출c.js_16,0ef04d08e506a216b71e86e5f89b0ae8e8790f8d367682721564ca87ab3415cd,true,①,IN_SCOPE_FORWARD,,,CLOSED_NO_SHARED_ASSET
archive/exams/original/high/h1/1final/25_매산여고_1학기_기말_고1_기출c.js|25_매산여고_1학기_기말_고1_기출|21,archive/exams/original/high/h1/1final/25_매산여고_1학기_기말_고1_기출c.js,25_매산여고_1학기_기말_고1_기출,21,21,21,2022,공통수학1,H22-C-06,여러 가지 방정식과 부등식,6,H22-C-06-INEQUALITY,여러 가지 부등식,category_or_cue_inferred,complete_category,단답형,grid,false,서술형,8be189088d2f959a13ec4128a77148b1e0b426ae170eb7307afd1dd1e063a8c0,4f53cda18c2baa0c0354bb5f9a3ecbe5ed12ab4d8e11ba873c2f11161202b945,811cfe8a8bc2c74179aa5bc3c110b86895dbe5ff65e7441294bf229ee6fb16f9,90ecef46b9ff1e0273624816bf7c1077ae505658b36be2f7ce149b464e516bf4,,,,,0,LOADED_VM,,NOT_STARTED,NOT_STARTED,NOT_STARTED,SVG_OPTIONAL,SVG_OPTIONAL,,,NONE,NO_PROBLEM_VISUAL,N/A,NONE,NOT_STARTED,,,,NOT_STARTED,NOT_STARTED,NOT_STARTED,NOT_TESTED,PASS,canonical_and_compiled_master_match,INVENTORY_PENDING,01_scope_inventory.csv#archive/exams/original/high/h1/1final/25_매산여고_1학기_기말_고1_기출c.js|25_매산여고_1학기_기말_고1_기출|21,,INDEX_RECORD_PRESENT,original/high/h1/1final/25_매산여고_1학기_기말_고1_기출c.js_21,0ef04d08e506a216b71e86e5f89b0ae8e8790f8d367682721564ca87ab3415cd,true,$1 \lt a \lt 3$,IN_SCOPE_FORWARD,,,CLOSED_NO_SHARED_ASSET
archive/exams/original/high/h1/1final/25_순천고_1학기_기말_고1_기출c.js|25_순천고_1학기_기말_고1_기출|1,archive/exams/original/high/h1/1final/25_순천고_1학기_기말_고1_기출c.js,25_순천고_1학기_기말_고1_기출,1,1,1,2022,공통수학1,H22-C-06,여러 가지 방정식과 부등식,6,H22-C-06-HIGHER_INEQUALITY,여러 가지 부등식,category_or_cue_inferred,complete_category,객관식,grid,false,객관식|부등식|범위|조건해석|계산,308448bb1911d9f3d6b040cb1b641d138e421249a53066cb6fecac8b024e43bb,719178521ceaae1b1ac824d0c314d00ab0a597da1e3142daa5c9b22a468d46d3,973d2fd2f97e26a666f403b12da6d87e527985b36bcf4ff0a47c7e7e8c36321a,261aecbd0d29709783b59f5bf0f0d73eb5bed18b2bb3d6dec7d2519642f2b360,,,,,0,LOADED_VM,,NOT_STARTED,NOT_STARTED,NOT_STARTED,SVG_OPTIONAL,SVG_OPTIONAL,,,NONE,NO_PROBLEM_VISUAL,N/A,NONE,NOT_STARTED,,,,NOT_STARTED,NOT_STARTED,NOT_STARTED,NOT_TESTED,PASS,canonical_and_compiled_master_match,INVENTORY_PENDING,01_scope_inventory.csv#archive/exams/original/high/h1/1final/25_순천고_1학기_기말_고1_기출c.js|25_순천고_1학기_기말_고1_기출|1,,INDEX_RECORD_PRESENT,original/high/h1/1final/25_순천고_1학기_기말_고1_기출c.js_1,762b264f7d8f272aad64551e30eb458b7497a45683c534fc56bb7b0930020607,true,①,IN_SCOPE_FORWARD,,,CLOSED_NO_SHARED_ASSET
archive/exams/original/high/h1/1final/25_순천고_1학기_기말_고1_기출c.js|25_순천고_1학기_기말_고1_기출|5,archive/exams/original/high/h1/1final/25_순천고_1학기_기말_고1_기출c.js,25_순천고_1학기_기말_고1_기출,5,5,5,2022,공통수학1,H22-C-06,여러 가지 방정식과 부등식,6,H22-C-06-EQUATION,여러 가지 방정식,category_or_cue_inferred,complete_category,객관식,grid,false,객관식|삼차방정식|근과계수|대입|조건해석|계산,af89ff58f548453d1ef84ed2f6cd0ca8628cfb2308192141c6cd1985676989e0,07d163e23eb5bb49a93af417628275d32a9ca43dbf0c5c1d74dca7005ad06aa2,d41ea6521f53fb3dfa10cf72e2932f4405d9c999fa422cdc840d25d57e90dd34,54ef45f45fceab25347cf1a2beef32b0a2038d2c61e5d1a304ec0e091f944a33,,,,,0,LOADED_VM,,NOT_STARTED,NOT_STARTED,NOT_STARTED,SVG_OPTIONAL,SVG_OPTIONAL,,,NONE,NO_PROBLEM_VISUAL,N/A,NONE,NOT_STARTED,,,,NOT_STARTED,NOT_STARTED,NOT_STARTED,NOT_TESTED,PASS,canonical_and_compiled_master_match,INVENTORY_PENDING,01_scope_inventory.csv#archive/exams/original/high/h1/1final/25_순천고_1학기_기말_고1_기출c.js|25_순천고_1학기_기말_고1_기출|5,,INDEX_RECORD_PRESENT,original/high/h1/1final/25_순천고_1학기_기말_고1_기출c.js_5,762b264f7d8f272aad64551e30eb458b7497a45683c534fc56bb7b0930020607,true,④,IN_SCOPE_FORWARD,,,CLOSED_NO_SHARED_ASSET
archive/exams/original/high/h1/1final/25_순천고_1학기_기말_고1_기출c.js|25_순천고_1학기_기말_고1_기출|6,archive/exams/original/high/h1/1final/25_순천고_1학기_기말_고1_기출c.js,25_순천고_1학기_기말_고1_기출,6,6,6,2022,공통수학1,H22-C-06,여러 가지 방정식과 부등식,6,H22-C-06-SYSTEM_OF_EQUATIONS,연립방정식,category_or_cue_inferred,complete_category,객관식,grid,false,객관식|판별식|부등식|연립방정식|대입|계산,460b9b9542d32fb1af3feacdee3da1669d5c187818bde8a706c5053b5642ec6c,ed233e6b3aa03a196b12af07c7480441d6dcd22ab1a662436cea92a9e64fb60c,dfde05a3668030e99ca64d8d4ae5f6b64c7a87cee61c0ba43904b92ef210191d,0490c8fd8920394a930ea97531be3fee56a4763a948fb4c2f862dd18d7a49765,,,,,0,LOADED_VM,,NOT_STARTED,NOT_STARTED,NOT_STARTED,SVG_OPTIONAL,SVG_OPTIONAL,,,NONE,NO_PROBLEM_VISUAL,N/A,NONE,NOT_STARTED,,,,NOT_STARTED,NOT_STARTED,NOT_STARTED,NOT_TESTED,PASS,canonical_and_compiled_master_match,INVENTORY_PENDING,01_scope_inventory.csv#archive/exams/original/high/h1/1final/25_순천고_1학기_기말_고1_기출c.js|25_순천고_1학기_기말_고1_기출|6,,INDEX_RECORD_PRESENT,original/high/h1/1final/25_순천고_1학기_기말_고1_기출c.js_6,762b264f7d8f272aad64551e30eb458b7497a45683c534fc56bb7b0930020607,true,②,IN_SCOPE_FORWARD,,,CLOSED_NO_SHARED_ASSET
archive/exams/original/high/h1/1final/25_순천고_1학기_기말_고1_기출c.js|25_순천고_1학기_기말_고1_기출|9,archive/exams/original/high/h1/1final/25_순천고_1학기_기말_고1_기출c.js,25_순천고_1학기_기말_고1_기출,9,9,9,2022,공통수학1,H22-C-06,여러 가지 방정식과 부등식,6,H22-C-06-HIGHER_INEQUALITY,여러 가지 부등식,category_or_cue_inferred,complete_category,객관식,grid,false,객관식|절댓값|부등식|정수조건|범위|조건해석|계산,78f82f69002ed0f4a17ed846df73b41aa21d5c0504b54b043a368da07fae6525,d54721b947ba4d6fd39b1c2435432fac312cd805b4406d948f5c2a0a9887f733,0bdef091c479702584f065d3a3714f8a76f851b3f0cf10912f345a5dd930b0a8,46ff2ef20fe0f9e6c708d7a86f3d7eb61c6ca0340c9671c4d7092a47a680a500,,,,,0,LOADED_VM,,NOT_STARTED,NOT_STARTED,NOT_STARTED,SVG_OPTIONAL,SVG_OPTIONAL,,,NONE,NO_PROBLEM_VISUAL,N/A,NONE,NOT_STARTED,,,,NOT_STARTED,NOT_STARTED,NOT_STARTED,NOT_TESTED,PASS,canonical_and_compiled_master_match,INVENTORY_PENDING,01_scope_inventory.csv#archive/exams/original/high/h1/1final/25_순천고_1학기_기말_고1_기출c.js|25_순천고_1학기_기말_고1_기출|9,,INDEX_RECORD_PRESENT,original/high/h1/1final/25_순천고_1학기_기말_고1_기출c.js_9,762b264f7d8f272aad64551e30eb458b7497a45683c534fc56bb7b0930020607,true,⑤,IN_SCOPE_FORWARD,,,CLOSED_NO_SHARED_ASSET
archive/exams/original/high/h1/1final/25_순천고_1학기_기말_고1_기출c.js|25_순천고_1학기_기말_고1_기출|14,archive/exams/original/high/h1/1final/25_순천고_1학기_기말_고1_기출c.js,25_순천고_1학기_기말_고1_기출,14,14,14,2022,공통수학1,H22-C-06,여러 가지 방정식과 부등식,6,H22-C-06-HIGHER_INEQUALITY,여러 가지 부등식,category_or_cue_inferred,complete_category,객관식,grid,false,객관식|최대최소|부등식|함수|범위|조건해석|계산,06cdf9d76f91d1cdd9b4eb4fc7c2b9c40cda01341c8baa78d70d99bd42fade38,b67e5468f8caf25959772551381a9119978d876de2c5a3df7bf25cadbaf85c75,d41ea6521f53fb3dfa10cf72e2932f4405d9c999fa422cdc840d25d57e90dd34,db511122bf3da35ddce5665ee048dd6197b6d618de5afed99726c147dfb50d40,,,,,0,LOADED_VM,,NOT_STARTED,NOT_STARTED,NOT_STARTED,SVG_OPTIONAL,SVG_OPTIONAL,,,NONE,NO_PROBLEM_VISUAL,N/A,NONE,NOT_STARTED,,,,NOT_STARTED,NOT_STARTED,NOT_STARTED,NOT_TESTED,PASS,canonical_and_compiled_master_match,INVENTORY_PENDING,01_scope_inventory.csv#archive/exams/original/high/h1/1final/25_순천고_1학기_기말_고1_기출c.js|25_순천고_1학기_기말_고1_기출|14,,INDEX_RECORD_PRESENT,original/high/h1/1final/25_순천고_1학기_기말_고1_기출c.js_14,762b264f7d8f272aad64551e30eb458b7497a45683c534fc56bb7b0930020607,true,④,IN_SCOPE_FORWARD,,,CLOSED_NO_SHARED_ASSET
archive/exams/original/high/h1/1final/25_순천고_1학기_기말_고1_기출c.js|25_순천고_1학기_기말_고1_기출|15,archive/exams/original/high/h1/1final/25_순천고_1학기_기말_고1_기출c.js,25_순천고_1학기_기말_고1_기출,15,15,15,2022,공통수학1,H22-C-06,여러 가지 방정식과 부등식,6,H22-C-06-HIGHER_INEQUALITY,여러 가지 부등식,category_or_cue_inferred,complete_category,객관식,grid,false,객관식|도형|부등식|조건해석,f9daffecc45a21c95b9d199c4088a7fc4b7a9ff4fb0aa41bccdfbb2b58b66626,7fb03ed627b1f748073843a0a9a724844b3efd03dab2700ca67393f198ac9190,0bdef091c479702584f065d3a3714f8a76f851b3f0cf10912f345a5dd930b0a8,451f4afc12d265c1eaef1dd405cc800f3047964f2aa0f065244dd6887b6ea5e1,assets/images/25_순천고_1학기_기말_고1_기출/q15.png,c3d3008b59b1720e0fde7f4cef761432e9066863015579ef83e4d71913d9eafa,,,0,LOADED_VM,,NOT_STARTED,NOT_STARTED,NOT_STARTED,SVG_REQUIRED_MISSING,SVG_REQUIRED_MISSING,COORDINATE_OR_GEOMETRY_STRUCTURE|SET_OR_LOGIC_STRUCTURE,,VISUAL_CANDIDATE,PROBLEM_VISUAL_PRESENT,REVIEW_REQUIRED,NONE,NOT_STARTED,,,,NOT_STARTED,NOT_STARTED,NOT_STARTED,NOT_TESTED,PASS,canonical_and_compiled_master_match,INVENTORY_PENDING,01_scope_inventory.csv#archive/exams/original/high/h1/1final/25_순천고_1학기_기말_고1_기출c.js|25_순천고_1학기_기말_고1_기출|15,[object Object],INDEX_RECORD_PRESENT,original/high/h1/1final/25_순천고_1학기_기말_고1_기출c.js_15,762b264f7d8f272aad64551e30eb458b7497a45683c534fc56bb7b0930020607,true,⑤,IN_SCOPE_FORWARD,,,CLOSED_NO_SHARED_ASSET
archive/exams/original/high/h1/1final/25_순천고_1학기_기말_고1_기출c.js|25_순천고_1학기_기말_고1_기출|18,archive/exams/original/high/h1/1final/25_순천고_1학기_기말_고1_기출c.js,25_순천고_1학기_기말_고1_기출,18,18,18,2022,공통수학1,H22-C-06,여러 가지 방정식과 부등식,6,H22-C-06-SYSTEM_OF_EQUATIONS,연립방정식,category_or_cue_inferred,complete_category,단답형,grid,false,단답형|판별식|최대최소|부등식|연립방정식|대입|조건해석|계산,0baf64c2d9a75896d50befe4c7493d2b3931d5b2a68a297c19bef2404f6899b7,4f53cda18c2baa0c0354bb5f9a3ecbe5ed12ab4d8e11ba873c2f11161202b945,927f5e52d420a94e06fef49b072bd6c56761291d7c5e8943d34e75d6bbc9812f,4d49eb2abf42cf1da252e117b09ca7824b061c29384c2cfbb224ecaf7ee6ee0f,,,,,0,LOADED_VM,,NOT_STARTED,NOT_STARTED,NOT_STARTED,SVG_OPTIONAL,SVG_OPTIONAL,,,NONE,NO_PROBLEM_VISUAL,N/A,NONE,NOT_STARTED,,,,NOT_STARTED,NOT_STARTED,NOT_STARTED,NOT_TESTED,PASS,canonical_and_compiled_master_match,INVENTORY_PENDING,01_scope_inventory.csv#archive/exams/original/high/h1/1final/25_순천고_1학기_기말_고1_기출c.js|25_순천고_1학기_기말_고1_기출|18,,INDEX_RECORD_PRESENT,original/high/h1/1final/25_순천고_1학기_기말_고1_기출c.js_18,762b264f7d8f272aad64551e30eb458b7497a45683c534fc56bb7b0930020607,true,$9$,IN_SCOPE_FORWARD,,,CLOSED_NO_SHARED_ASSET
archive/exams/original/high/h1/1final/25_순천고_1학기_기말_고1_기출c.js|25_순천고_1학기_기말_고1_기출|22,archive/exams/original/high/h1/1final/25_순천고_1학기_기말_고1_기출c.js,25_순천고_1학기_기말_고1_기출,22,22,22,2022,공통수학1,H22-C-06,여러 가지 방정식과 부등식,6,H22-C-06-HIGHER_INEQUALITY,여러 가지 부등식,category_or_cue_inferred,complete_category,단답형,grid,false,서술형|절댓값|부등식|정수조건,0b0258f3ab4946c0a1007f2e783033d9c9a0aa92130907c8d475aca77aad45d6,4f53cda18c2baa0c0354bb5f9a3ecbe5ed12ab4d8e11ba873c2f11161202b945,fba93d6f64b74f30ccff26a4aaff22ed35d1d2a6cfee1bc04aa937deb13eb807,ecbf265084f561e67e70367aa5dc08abc28650643f732c7995490dfc4b9fa811,,,,,0,LOADED_VM,,NOT_STARTED,NOT_STARTED,NOT_STARTED,SVG_OPTIONAL,SVG_OPTIONAL,,,NONE,NO_PROBLEM_VISUAL,N/A,NONE,NOT_STARTED,,,,NOT_STARTED,NOT_STARTED,NOT_STARTED,NOT_TESTED,PASS,canonical_and_compiled_master_match,INVENTORY_PENDING,01_scope_inventory.csv#archive/exams/original/high/h1/1final/25_순천고_1학기_기말_고1_기출c.js|25_순천고_1학기_기말_고1_기출|22,,INDEX_RECORD_PRESENT,original/high/h1/1final/25_순천고_1학기_기말_고1_기출c.js_22,762b264f7d8f272aad64551e30eb458b7497a45683c534fc56bb7b0930020607,true,"(1) $-2 \le x \le 3$, (2) $k>0$일 때 $2-k<x<2+k$이고 $k\le0$일 때 해가 없다, (3) $1<k\le2$",IN_SCOPE_FORWARD,,,CLOSED_NO_SHARED_ASSET
archive/exams/original/high/h1/1final/25_순천여고_1학기_기말_고1_기출c.js|25_순천여고_1학기_기말_고1_기출|1,archive/exams/original/high/h1/1final/25_순천여고_1학기_기말_고1_기출c.js,25_순천여고_1학기_기말_고1_기출,1,1,1,2022,공통수학1,H22-C-06,여러 가지 방정식과 부등식,6,H22-C-06-EQUATION,여러 가지 방정식,category_or_cue_inferred,complete_category,객관식,grid,false,객관식|계수비교|부등식|조건해석|계산,f11f1e68c25ac0bf28f1e425b5a11a614badc4ab405a159b41a646998df7f020,ff782081a4cc25de5ebd8fdb3b10e93e0a2a8b181fb4cabb15c6d4c8f83c7224,d41ea6521f53fb3dfa10cf72e2932f4405d9c999fa422cdc840d25d57e90dd34,2079d2aed52cf3ac28f72b337c8652c42b73799a383aeabb6361c9b90bd0048d,,,,,0,LOADED_VM,,NOT_STARTED,NOT_STARTED,NOT_STARTED,SVG_OPTIONAL,SVG_OPTIONAL,,,NONE,NO_PROBLEM_VISUAL,N/A,NONE,NOT_STARTED,,,,NOT_STARTED,NOT_STARTED,NOT_STARTED,NOT_TESTED,PASS,canonical_and_compiled_master_match,INVENTORY_PENDING,01_scope_inventory.csv#archive/exams/original/high/h1/1final/25_순천여고_1학기_기말_고1_기출c.js|25_순천여고_1학기_기말_고1_기출|1,,INDEX_RECORD_PRESENT,original/high/h1/1final/25_순천여고_1학기_기말_고1_기출c.js_1,a5b159a5a27143eb7b10e4349e4e2b5d9d6c32340460b7eaaa9d9199dccc1968,true,④,IN_SCOPE_FORWARD,,,CLOSED_NO_SHARED_ASSET
archive/exams/original/high/h1/1final/25_순천여고_1학기_기말_고1_기출c.js|25_순천여고_1학기_기말_고1_기출|2,archive/exams/original/high/h1/1final/25_순천여고_1학기_기말_고1_기출c.js,25_순천여고_1학기_기말_고1_기출,2,2,2,2022,공통수학1,H22-C-06,여러 가지 방정식과 부등식,6,H22-C-06-HIGHER_INEQUALITY,여러 가지 부등식,rule_inferred,complete_rule,객관식,grid,false,객관식|최대최소|부등식|범위|조건해석|계산|상급,28c5fd7a241c13053d40c97dfa8573c89ad3cff8c9febe36adfb4b1cdac4ebc6,ff782081a4cc25de5ebd8fdb3b10e93e0a2a8b181fb4cabb15c6d4c8f83c7224,973d2fd2f97e26a666f403b12da6d87e527985b36bcf4ff0a47c7e7e8c36321a,58c0006f61e07401167eff0f38be733403cb1d5ac249958f2313ae2fdd799291,,,,,0,LOADED_VM,,NOT_STARTED,NOT_STARTED,NOT_STARTED,SVG_OPTIONAL,SVG_OPTIONAL,,,NONE,NO_PROBLEM_VISUAL,N/A,NONE,NOT_STARTED,,,,NOT_STARTED,NOT_STARTED,NOT_STARTED,NOT_TESTED,PASS,canonical_and_compiled_master_match,INVENTORY_PENDING,01_scope_inventory.csv#archive/exams/original/high/h1/1final/25_순천여고_1학기_기말_고1_기출c.js|25_순천여고_1학기_기말_고1_기출|2,,INDEX_RECORD_PRESENT,original/high/h1/1final/25_순천여고_1학기_기말_고1_기출c.js_2,a5b159a5a27143eb7b10e4349e4e2b5d9d6c32340460b7eaaa9d9199dccc1968,true,①,IN_SCOPE_FORWARD,,,CLOSED_NO_SHARED_ASSET
archive/exams/original/high/h1/1final/25_순천여고_1학기_기말_고1_기출c.js|25_순천여고_1학기_기말_고1_기출|3,archive/exams/original/high/h1/1final/25_순천여고_1학기_기말_고1_기출c.js,25_순천여고_1학기_기말_고1_기출,3,3,3,2022,공통수학1,H22-C-06,여러 가지 방정식과 부등식,6,H22-C-06-HIGHER_INEQUALITY,여러 가지 부등식,category_or_cue_inferred,complete_category,객관식,grid,false,객관식|이차방정식|판별식|부등식|범위|계산,449e0cab07d0977a7ea26d6f1277cd864b720c80f7c2aaa0f5120736dd3908b8,70ab5368eb0b948cd5d2bd14099acd979a8338da65d211cd0fb53bfe9accab6a,b15be6cb71072b84f7e1e198ce023fc5bb8b1e625335904ddcf3cffcd8b7312b,7347240eb22ce2be08fed4a8a04deec7a953f74fe9b827a77e28cf0eb9620017,,,,,0,LOADED_VM,,NOT_STARTED,NOT_STARTED,NOT_STARTED,SVG_OPTIONAL,SVG_OPTIONAL,,,NONE,NO_PROBLEM_VISUAL,N/A,NONE,NOT_STARTED,,,,NOT_STARTED,NOT_STARTED,NOT_STARTED,NOT_TESTED,PASS,canonical_and_compiled_master_match,INVENTORY_PENDING,01_scope_inventory.csv#archive/exams/original/high/h1/1final/25_순천여고_1학기_기말_고1_기출c.js|25_순천여고_1학기_기말_고1_기출|3,,INDEX_RECORD_PRESENT,original/high/h1/1final/25_순천여고_1학기_기말_고1_기출c.js_3,a5b159a5a27143eb7b10e4349e4e2b5d9d6c32340460b7eaaa9d9199dccc1968,true,③,IN_SCOPE_FORWARD,,,CLOSED_NO_SHARED_ASSET
archive/exams/original/high/h1/1final/25_순천여고_1학기_기말_고1_기출c.js|25_순천여고_1학기_기말_고1_기출|4,archive/exams/original/high/h1/1final/25_순천여고_1학기_기말_고1_기출c.js,25_순천여고_1학기_기말_고1_기출,4,4,4,2022,공통수학1,H22-C-06,여러 가지 방정식과 부등식,6,H22-C-06-EQUATION_BASIC,방정식의 풀이,category_or_cue_inferred,complete_category,객관식,grid,false,객관식|분모유리화|절댓값|복소수|켤레복소수|판별식|부등식|참거짓,9c446aa53594c70a349e3004a9b8196ca9302d117094db6e7c7395a45f7c8860,72009ba4c2234dc0589c461517af8243b51483436df63b7fc8141ade5b83720d,0bdef091c479702584f065d3a3714f8a76f851b3f0cf10912f345a5dd930b0a8,02707000a5a6137de7e7088c2214e36c14946ba81b74c50c4347d78c54972e7f,,,,,0,LOADED_VM,,NOT_STARTED,NOT_STARTED,NOT_STARTED,SVG_OPTIONAL,SVG_OPTIONAL,,,NONE,NO_PROBLEM_VISUAL,N/A,NONE,NOT_STARTED,,,,NOT_STARTED,NOT_STARTED,NOT_STARTED,NOT_TESTED,PASS,canonical_and_compiled_master_match,INVENTORY_PENDING,01_scope_inventory.csv#archive/exams/original/high/h1/1final/25_순천여고_1학기_기말_고1_기출c.js|25_순천여고_1학기_기말_고1_기출|4,,INDEX_RECORD_PRESENT,original/high/h1/1final/25_순천여고_1학기_기말_고1_기출c.js_4,a5b159a5a27143eb7b10e4349e4e2b5d9d6c32340460b7eaaa9d9199dccc1968,true,⑤,IN_SCOPE_FORWARD,,,CLOSED_NO_SHARED_ASSET
archive/exams/original/high/h1/1final/25_순천여고_1학기_기말_고1_기출c.js|25_순천여고_1학기_기말_고1_기출|5,archive/exams/original/high/h1/1final/25_순천여고_1학기_기말_고1_기출c.js,25_순천여고_1학기_기말_고1_기출,5,5,5,2022,공통수학1,H22-C-06,여러 가지 방정식과 부등식,6,H22-C-06-HIGHER_INEQUALITY,여러 가지 부등식,category_or_cue_inferred,complete_category,객관식,grid,false,객관식|절댓값|최대최소|부등식|범위|조건해석|계산|상급,655312bba1eeb8c66a84a45a671fc6228be5db0f6ac87c02c390c270231ddce6,72d03d6e0d1c166180031f1aef67f2c74914571e498197f8c6820720c5e7c544,dfde05a3668030e99ca64d8d4ae5f6b64c7a87cee61c0ba43904b92ef210191d,9468aae870af0319c34d154b441ee12ec6c5c2a932b64cca341b4c622097050b,,,,,0,LOADED_VM,,NOT_STARTED,NOT_STARTED,NOT_STARTED,SVG_OPTIONAL,SVG_OPTIONAL,,,NONE,NO_PROBLEM_VISUAL,N/A,NONE,NOT_STARTED,,,,NOT_STARTED,NOT_STARTED,NOT_STARTED,NOT_TESTED,PASS,canonical_and_compiled_master_match,INVENTORY_PENDING,01_scope_inventory.csv#archive/exams/original/high/h1/1final/25_순천여고_1학기_기말_고1_기출c.js|25_순천여고_1학기_기말_고1_기출|5,,INDEX_RECORD_PRESENT,original/high/h1/1final/25_순천여고_1학기_기말_고1_기출c.js_5,a5b159a5a27143eb7b10e4349e4e2b5d9d6c32340460b7eaaa9d9199dccc1968,true,②,IN_SCOPE_FORWARD,,,CLOSED_NO_SHARED_ASSET
archive/exams/original/high/h1/1final/25_순천여고_1학기_기말_고1_기출c.js|25_순천여고_1학기_기말_고1_기출|6,archive/exams/original/high/h1/1final/25_순천여고_1학기_기말_고1_기출c.js,25_순천여고_1학기_기말_고1_기출,6,6,6,2022,공통수학1,H22-C-06,여러 가지 방정식과 부등식,6,H22-C-06-EQUATION_BASIC,방정식의 풀이,category_or_cue_inferred,complete_category,객관식,grid,false,객관식|제곱근|근호|완전제곱식|부등식|조건해석|계산,b524a932886f7bf71e445429361a700f4820ca70b31c483c5ed901a8dd5f33e3,7771fec1f3f38a9ab783754dc53fcde9e63088618194c0fffd1fcb00db36a5c8,b15be6cb71072b84f7e1e198ce023fc5bb8b1e625335904ddcf3cffcd8b7312b,86c08e1dbb2d48dc63fb0ce209dd0ed27b3beaa3eb3b9c2fdf1927e9ec669b2e,,,,,0,LOADED_VM,,NOT_STARTED,NOT_STARTED,NOT_STARTED,SVG_OPTIONAL,SVG_OPTIONAL,,,NONE,NO_PROBLEM_VISUAL,N/A,NONE,NOT_STARTED,,,,NOT_STARTED,NOT_STARTED,NOT_STARTED,NOT_TESTED,PASS,canonical_and_compiled_master_match,INVENTORY_PENDING,01_scope_inventory.csv#archive/exams/original/high/h1/1final/25_순천여고_1학기_기말_고1_기출c.js|25_순천여고_1학기_기말_고1_기출|6,,INDEX_RECORD_PRESENT,original/high/h1/1final/25_순천여고_1학기_기말_고1_기출c.js_6,a5b159a5a27143eb7b10e4349e4e2b5d9d6c32340460b7eaaa9d9199dccc1968,true,③,IN_SCOPE_FORWARD,,,CLOSED_NO_SHARED_ASSET
archive/exams/original/high/h1/1final/25_순천여고_1학기_기말_고1_기출c.js|25_순천여고_1학기_기말_고1_기출|7,archive/exams/original/high/h1/1final/25_순천여고_1학기_기말_고1_기출c.js,25_순천여고_1학기_기말_고1_기출,7,7,7,2022,공통수학1,H22-C-06,여러 가지 방정식과 부등식,6,H22-C-06-EQUATION_BASIC,방정식의 풀이,category_or_cue_inferred,complete_category,객관식,grid,false,객관식|절댓값|나머지정리|계수비교|이차방정식|근과계수|부등식|오류판별,9fb741a5fb190e0ebb7a0085c64a03b14b4a21eadb0a7a9768dbbc291b9135ee,9c6f1eb2d0bf6a7ff8893d8b856cd216e624e8214ce29900f954421749739213,973d2fd2f97e26a666f403b12da6d87e527985b36bcf4ff0a47c7e7e8c36321a,f1c1df7c1db295f98f7bdee25f477a9b914ef9719cb735ee86c644c04945fd2f,,,,,0,LOADED_VM,,NOT_STARTED,NOT_STARTED,NOT_STARTED,SVG_OPTIONAL,SVG_OPTIONAL,,,NONE,NO_PROBLEM_VISUAL,N/A,NONE,NOT_STARTED,,,,NOT_STARTED,NOT_STARTED,NOT_STARTED,NOT_TESTED,PASS,canonical_and_compiled_master_match,INVENTORY_PENDING,01_scope_inventory.csv#archive/exams/original/high/h1/1final/25_순천여고_1학기_기말_고1_기출c.js|25_순천여고_1학기_기말_고1_기출|7,,INDEX_RECORD_PRESENT,original/high/h1/1final/25_순천여고_1학기_기말_고1_기출c.js_7,a5b159a5a27143eb7b10e4349e4e2b5d9d6c32340460b7eaaa9d9199dccc1968,true,①,IN_SCOPE_FORWARD,,,CLOSED_NO_SHARED_ASSET
archive/exams/original/high/h1/1final/25_순천여고_1학기_기말_고1_기출c.js|25_순천여고_1학기_기말_고1_기출|8,archive/exams/original/high/h1/1final/25_순천여고_1학기_기말_고1_기출c.js,25_순천여고_1학기_기말_고1_기출,8,8,8,2022,공통수학1,H22-C-06,여러 가지 방정식과 부등식,6,H22-C-06-HIGHER_INEQUALITY,여러 가지 부등식,category_or_cue_inferred,complete_category,객관식,grid,false,객관식|제곱근|근호|인수분해|이차방정식|판별식|부등식|범위,c3b55b20de5e6cc348f2f525a61fd1dd6d73376fde967fd352aec1b5d8e7a3bd,37aec993d038308130c1d663ece0d3184c5f767718ab7b708d08c01edee2a119,dfde05a3668030e99ca64d8d4ae5f6b64c7a87cee61c0ba43904b92ef210191d,ed5be6df84e16236dbb0b51450cdee81c21de7391c3f9ef9e89ca2104003fd4f,,,,,0,LOADED_VM,,NOT_STARTED,NOT_STARTED,NOT_STARTED,SVG_OPTIONAL,SVG_OPTIONAL,,,NONE,NO_PROBLEM_VISUAL,N/A,NONE,NOT_STARTED,,,,NOT_STARTED,NOT_STARTED,NOT_STARTED,NOT_TESTED,PASS,canonical_and_compiled_master_match,INVENTORY_PENDING,01_scope_inventory.csv#archive/exams/original/high/h1/1final/25_순천여고_1학기_기말_고1_기출c.js|25_순천여고_1학기_기말_고1_기출|8,,INDEX_RECORD_PRESENT,original/high/h1/1final/25_순천여고_1학기_기말_고1_기출c.js_8,a5b159a5a27143eb7b10e4349e4e2b5d9d6c32340460b7eaaa9d9199dccc1968,true,②,IN_SCOPE_FORWARD,,,CLOSED_NO_SHARED_ASSET
archive/exams/original/high/h1/1final/25_순천여고_1학기_기말_고1_기출c.js|25_순천여고_1학기_기말_고1_기출|21,archive/exams/original/high/h1/1final/25_순천여고_1학기_기말_고1_기출c.js,25_순천여고_1학기_기말_고1_기출,21,21,21,2022,공통수학1,H22-C-06,여러 가지 방정식과 부등식,6,H22-C-06-INEQUALITY,여러 가지 부등식,category_or_cue_inferred,complete_category,서술형,grid,false,서술형,19874ec93df8bedc87ca6c3bb899135f4d886463828a9795f82f95a8edd1a51e,4f53cda18c2baa0c0354bb5f9a3ecbe5ed12ab4d8e11ba873c2f11161202b945,5ad058182e3b1fb6c59e4ad289c227a9fe180e7ccb2cf37ef93e7e3f17eb391a,06d7ec6761b9c4908ba3832f042ac4425c375e631e18882a4a045be69442221f,,,,,0,LOADED_VM,,NOT_STARTED,NOT_STARTED,NOT_STARTED,SVG_OPTIONAL,SVG_OPTIONAL,,,NONE,NO_PROBLEM_VISUAL,N/A,NONE,NOT_STARTED,,,,NOT_STARTED,NOT_STARTED,NOT_STARTED,NOT_TESTED,PASS,canonical_and_compiled_master_match,INVENTORY_PENDING,01_scope_inventory.csv#archive/exams/original/high/h1/1final/25_순천여고_1학기_기말_고1_기출c.js|25_순천여고_1학기_기말_고1_기출|21,,INDEX_RECORD_PRESENT,original/high/h1/1final/25_순천여고_1학기_기말_고1_기출c.js_21,a5b159a5a27143eb7b10e4349e4e2b5d9d6c32340460b7eaaa9d9199dccc1968,true,$0 \le a \le 1$,IN_SCOPE_FORWARD,,,CLOSED_NO_SHARED_ASSET
archive/exams/original/high/h1/1final/25_제일고_1학기_기말_고1_기출c.js|25_제일고_1학기_기말_고1_기출|1,archive/exams/original/high/h1/1final/25_제일고_1학기_기말_고1_기출c.js,25_제일고_1학기_기말_고1_기출,1,1,1,2022,공통수학1,H22-C-06,여러 가지 방정식과 부등식,6,H22-C-06-HIGHER_INEQUALITY,여러 가지 부등식,rule_inferred,complete_rule,객관식,grid,false,객관식|부등식|정수조건|범위|개수세기|조건해석|계산,99914b98fd75bfa625f180bd6d3be96a2a684cddd3ccc6e53fb4b19bfbc4ae4f,3cc19e370a6671b60f17396fd032ed6593aa1547f8af80d6ab8d949018911b5e,d41ea6521f53fb3dfa10cf72e2932f4405d9c999fa422cdc840d25d57e90dd34,c88fa78c0bb9d7c3c049a49f38f481719b2e632eb68bd7175f5c10d1f89e3858,,,,,0,LOADED_VM,,NOT_STARTED,NOT_STARTED,NOT_STARTED,SVG_OPTIONAL,SVG_OPTIONAL,,,NONE,NO_PROBLEM_VISUAL,N/A,NONE,NOT_STARTED,,,,NOT_STARTED,NOT_STARTED,NOT_STARTED,NOT_TESTED,PASS,canonical_and_compiled_master_match,INVENTORY_PENDING,01_scope_inventory.csv#archive/exams/original/high/h1/1final/25_제일고_1학기_기말_고1_기출c.js|25_제일고_1학기_기말_고1_기출|1,,INDEX_RECORD_PRESENT,original/high/h1/1final/25_제일고_1학기_기말_고1_기출c.js_1,a9e6f864415a8d67761f4bd2e49e3518b9fc3dc83ea7d33496353d95e76c78a8,true,④,IN_SCOPE_FORWARD,,,CLOSED_NO_SHARED_ASSET
archive/exams/original/high/h1/1final/25_제일고_1학기_기말_고1_기출c.js|25_제일고_1학기_기말_고1_기출|2,archive/exams/original/high/h1/1final/25_제일고_1학기_기말_고1_기출c.js,25_제일고_1학기_기말_고1_기출,2,2,2,2022,공통수학1,H22-C-06,여러 가지 방정식과 부등식,6,H22-C-06-HIGHER_INEQUALITY,여러 가지 부등식,rule_inferred,complete_rule,객관식,grid,false,객관식|부등식|일차부등식|정수조건|범위|조건해석|계산,66efc9304a0142c33633fb4f9b4aa797b50fd67a059059c398089dc2505a4c59,4f2ccc950379ca72f163eaa1d0f046bbcbfe0870c34fd61affca717fbb7c2778,b15be6cb71072b84f7e1e198ce023fc5bb8b1e625335904ddcf3cffcd8b7312b,2e217f2d7e11fe8ff5d6159e29751d1e560195e5b0d72410785b7db269f6d388,,,,,0,LOADED_VM,,NOT_STARTED,NOT_STARTED,NOT_STARTED,SVG_OPTIONAL,SVG_OPTIONAL,,,NONE,NO_PROBLEM_VISUAL,N/A,NONE,NOT_STARTED,,,,NOT_STARTED,NOT_STARTED,NOT_STARTED,NOT_TESTED,PASS,canonical_and_compiled_master_match,INVENTORY_PENDING,01_scope_inventory.csv#archive/exams/original/high/h1/1final/25_제일고_1학기_기말_고1_기출c.js|25_제일고_1학기_기말_고1_기출|2,,INDEX_RECORD_PRESENT,original/high/h1/1final/25_제일고_1학기_기말_고1_기출c.js_2,a9e6f864415a8d67761f4bd2e49e3518b9fc3dc83ea7d33496353d95e76c78a8,true,③,IN_SCOPE_FORWARD,,,CLOSED_NO_SHARED_ASSET
archive/exams/original/high/h1/1final/25_제일고_1학기_기말_고1_기출c.js|25_제일고_1학기_기말_고1_기출|3,archive/exams/original/high/h1/1final/25_제일고_1학기_기말_고1_기출c.js,25_제일고_1학기_기말_고1_기출,3,3,3,2022,공통수학1,H22-C-06,여러 가지 방정식과 부등식,6,H22-C-06-FUNCTION_BASIC,함수의 뜻과 그래프,category_or_cue_inferred,complete_category,객관식,grid,false,객관식|이차방정식|판별식|이차함수|최대최소|부등식|함수|그래프,642923581f8cfdd4e37a7ee38550e4b3514c4e7c2f116b0a058895febf97b7fb,3cc19e370a6671b60f17396fd032ed6593aa1547f8af80d6ab8d949018911b5e,973d2fd2f97e26a666f403b12da6d87e527985b36bcf4ff0a47c7e7e8c36321a,6d28c088041d806294ffb8574af5ac15f57053f99f2792d9205c0159729557f9,,,,,0,LOADED_VM,,NOT_STARTED,NOT_STARTED,NOT_STARTED,SVG_REQUIRED_MISSING,SVG_REQUIRED_MISSING,GRAPH_OR_FUNCTION_STRUCTURE,,GRAPH_CANDIDATE,NO_PROBLEM_VISUAL,REVIEW_REQUIRED,NONE,NOT_STARTED,,,,NOT_STARTED,NOT_STARTED,NOT_STARTED,NOT_TESTED,PASS,canonical_and_compiled_master_match,INVENTORY_PENDING,01_scope_inventory.csv#archive/exams/original/high/h1/1final/25_제일고_1학기_기말_고1_기출c.js|25_제일고_1학기_기말_고1_기출|3,,INDEX_RECORD_PRESENT,original/high/h1/1final/25_제일고_1학기_기말_고1_기출c.js_3,a9e6f864415a8d67761f4bd2e49e3518b9fc3dc83ea7d33496353d95e76c78a8,true,①,IN_SCOPE_FORWARD,,,CLOSED_NO_SHARED_ASSET
archive/exams/original/high/h1/1final/25_제일고_1학기_기말_고1_기출c.js|25_제일고_1학기_기말_고1_기출|4,archive/exams/original/high/h1/1final/25_제일고_1학기_기말_고1_기출c.js,25_제일고_1학기_기말_고1_기출,4,4,4,2022,공통수학1,H22-C-06,여러 가지 방정식과 부등식,6,H22-C-06-HIGHER_INEQUALITY,여러 가지 부등식,rule_inferred,complete_rule,객관식,grid,false,객관식|인수분해|부등식|수직선|자연수조건|범위|조건해석|계산,d6b6bf706fa9249a2dee99dc574b9575dd6925f430149cba4aa0a592c4da8a4e,3cc19e370a6671b60f17396fd032ed6593aa1547f8af80d6ab8d949018911b5e,973d2fd2f97e26a666f403b12da6d87e527985b36bcf4ff0a47c7e7e8c36321a,d4c552c13cf50104a9e2ba080c01b8f4b5ff9348bb1b0857614e060b2c7bc9f6,,,,,0,LOADED_VM,,NOT_STARTED,NOT_STARTED,NOT_STARTED,SVG_REQUIRED_MISSING,SVG_REQUIRED_MISSING,COORDINATE_OR_GEOMETRY_STRUCTURE|SET_OR_LOGIC_STRUCTURE,,VISUAL_CANDIDATE,NO_PROBLEM_VISUAL,REVIEW_REQUIRED,NONE,NOT_STARTED,,,,NOT_STARTED,NOT_STARTED,NOT_STARTED,NOT_TESTED,PASS,canonical_and_compiled_master_match,INVENTORY_PENDING,01_scope_inventory.csv#archive/exams/original/high/h1/1final/25_제일고_1학기_기말_고1_기출c.js|25_제일고_1학기_기말_고1_기출|4,,INDEX_RECORD_PRESENT,original/high/h1/1final/25_제일고_1학기_기말_고1_기출c.js_4,a9e6f864415a8d67761f4bd2e49e3518b9fc3dc83ea7d33496353d95e76c78a8,true,①,IN_SCOPE_FORWARD,,,CLOSED_NO_SHARED_ASSET
archive/exams/original/high/h1/1final/25_제일고_1학기_기말_고1_기출c.js|25_제일고_1학기_기말_고1_기출|5,archive/exams/original/high/h1/1final/25_제일고_1학기_기말_고1_기출c.js,25_제일고_1학기_기말_고1_기출,5,5,5,2022,공통수학1,H22-C-06,여러 가지 방정식과 부등식,6,H22-C-06-HIGHER_INEQUALITY,여러 가지 부등식,rule_inferred,complete_rule,객관식,grid,false,객관식|절댓값|부등식|범위|조건해석|계산,fc4544637dc064e6075ac2292a3ed67d0d05135af7e11181dfacc84b326276bc,3cc19e370a6671b60f17396fd032ed6593aa1547f8af80d6ab8d949018911b5e,d41ea6521f53fb3dfa10cf72e2932f4405d9c999fa422cdc840d25d57e90dd34,552f39e82aa44d2536fed773ad43e866e2e29385fc4f9f48a36ff4fecb6a15d7,,,,,0,LOADED_VM,,NOT_STARTED,NOT_STARTED,NOT_STARTED,SVG_OPTIONAL,SVG_OPTIONAL,,,NONE,NO_PROBLEM_VISUAL,N/A,NONE,NOT_STARTED,,,,NOT_STARTED,NOT_STARTED,NOT_STARTED,NOT_TESTED,PASS,canonical_and_compiled_master_match,INVENTORY_PENDING,01_scope_inventory.csv#archive/exams/original/high/h1/1final/25_제일고_1학기_기말_고1_기출c.js|25_제일고_1학기_기말_고1_기출|5,,INDEX_RECORD_PRESENT,original/high/h1/1final/25_제일고_1학기_기말_고1_기출c.js_5,a9e6f864415a8d67761f4bd2e49e3518b9fc3dc83ea7d33496353d95e76c78a8,true,④,IN_SCOPE_FORWARD,,,CLOSED_NO_SHARED_ASSET
archive/exams/original/high/h1/1final/25_제일고_1학기_기말_고1_기출c.js|25_제일고_1학기_기말_고1_기출|7,archive/exams/original/high/h1/1final/25_제일고_1학기_기말_고1_기출c.js,25_제일고_1학기_기말_고1_기출,7,7,7,2022,공통수학1,H22-C-06,여러 가지 방정식과 부등식,6,H22-C-06-HIGHER_INEQUALITY,여러 가지 부등식,rule_inferred,complete_rule,객관식,grid,false,객관식|절댓값|부등식|범위|조건해석|계산,9e47819481e2609099248a512e841b26e70c50c1d9fdf6e1a93ca5470e889a98,3cc19e370a6671b60f17396fd032ed6593aa1547f8af80d6ab8d949018911b5e,dfde05a3668030e99ca64d8d4ae5f6b64c7a87cee61c0ba43904b92ef210191d,9f0b775188f9f2dec93d7aeb8dc18f452cfae9bd41349714ae9eff664960abe5,,,,,0,LOADED_VM,,NOT_STARTED,NOT_STARTED,NOT_STARTED,SVG_OPTIONAL,SVG_OPTIONAL,,,NONE,NO_PROBLEM_VISUAL,N/A,NONE,NOT_STARTED,,,,NOT_STARTED,NOT_STARTED,NOT_STARTED,NOT_TESTED,PASS,canonical_and_compiled_master_match,INVENTORY_PENDING,01_scope_inventory.csv#archive/exams/original/high/h1/1final/25_제일고_1학기_기말_고1_기출c.js|25_제일고_1학기_기말_고1_기출|7,,INDEX_RECORD_PRESENT,original/high/h1/1final/25_제일고_1학기_기말_고1_기출c.js_7,a9e6f864415a8d67761f4bd2e49e3518b9fc3dc83ea7d33496353d95e76c78a8,true,②,IN_SCOPE_FORWARD,,,CLOSED_NO_SHARED_ASSET
archive/exams/original/high/h1/1final/25_제일고_1학기_기말_고1_기출c.js|25_제일고_1학기_기말_고1_기출|8,archive/exams/original/high/h1/1final/25_제일고_1학기_기말_고1_기출c.js,25_제일고_1학기_기말_고1_기출,8,8,8,2022,공통수학1,H22-C-06,여러 가지 방정식과 부등식,6,H22-C-06-EQUATION_BASIC,방정식의 풀이,category_or_cue_inferred,complete_category,객관식,grid,false,객관식|나머지정리|인수분해|판별식|부등식|자연수조건|개수세기,a5b9d7636e5315bb6ac32ffde5077d7a63f6e5331168bda66ce0660339bcd5b5,cbb51efd34b277f98bee5b51e4e93e2ccd28d033c32715f81f8ef790586831ca,0bdef091c479702584f065d3a3714f8a76f851b3f0cf10912f345a5dd930b0a8,9f90b21ab5318e8ae6e00a597b2b7dc1aa51c49d6e96a08ca219ffcdd0433f79,,,,,0,LOADED_VM,,NOT_STARTED,NOT_STARTED,NOT_STARTED,SVG_REQUIRED_MISSING,SVG_REQUIRED_MISSING,COUNTING_STRUCTURE,,VISUAL_CANDIDATE,NO_PROBLEM_VISUAL,SCHEMATIC_OR_REVIEW,NONE,NOT_STARTED,,,,NOT_STARTED,NOT_STARTED,NOT_STARTED,NOT_TESTED,PASS,canonical_and_compiled_master_match,INVENTORY_PENDING,01_scope_inventory.csv#archive/exams/original/high/h1/1final/25_제일고_1학기_기말_고1_기출c.js|25_제일고_1학기_기말_고1_기출|8,,INDEX_RECORD_PRESENT,original/high/h1/1final/25_제일고_1학기_기말_고1_기출c.js_8,a9e6f864415a8d67761f4bd2e49e3518b9fc3dc83ea7d33496353d95e76c78a8,true,⑤,IN_SCOPE_FORWARD,,,CLOSED_NO_SHARED_ASSET
archive/exams/original/high/h1/1final/25_제일고_1학기_기말_고1_기출c.js|25_제일고_1학기_기말_고1_기출|9,archive/exams/original/high/h1/1final/25_제일고_1학기_기말_고1_기출c.js,25_제일고_1학기_기말_고1_기출,9,9,9,2022,공통수학1,H22-C-06,여러 가지 방정식과 부등식,6,H22-C-06-EQUATION_BASIC,방정식의 풀이,category_or_cue_inferred,complete_category,객관식,grid,false,객관식|제곱근|근호|유리수|절댓값|계수비교|이차방정식|판별식,48afba35541bbf935f130767dabfebd78f446498aa84fae7793b15242e5b4221,3cc19e370a6671b60f17396fd032ed6593aa1547f8af80d6ab8d949018911b5e,0bdef091c479702584f065d3a3714f8a76f851b3f0cf10912f345a5dd930b0a8,be0dae0deca2c5077276581d1a9865a41dae701a60324aee4f08ef76187ff556,,,,,0,LOADED_VM,,NOT_STARTED,NOT_STARTED,NOT_STARTED,SVG_REQUIRED_MISSING,SVG_REQUIRED_MISSING,TABLE_OR_MATRIX_STRUCTURE,,VISUAL_CANDIDATE,NO_PROBLEM_VISUAL,SCHEMATIC_OR_REVIEW,NONE,NOT_STARTED,,,,NOT_STARTED,NOT_STARTED,NOT_STARTED,NOT_TESTED,PASS,canonical_and_compiled_master_match,INVENTORY_PENDING,01_scope_inventory.csv#archive/exams/original/high/h1/1final/25_제일고_1학기_기말_고1_기출c.js|25_제일고_1학기_기말_고1_기출|9,,INDEX_RECORD_PRESENT,original/high/h1/1final/25_제일고_1학기_기말_고1_기출c.js_9,a9e6f864415a8d67761f4bd2e49e3518b9fc3dc83ea7d33496353d95e76c78a8,true,⑤,IN_SCOPE_FORWARD,,,CLOSED_NO_SHARED_ASSET
archive/exams/original/high/h1/1final/25_제일고_1학기_기말_고1_기출c.js|25_제일고_1학기_기말_고1_기출|20,archive/exams/original/high/h1/1final/25_제일고_1학기_기말_고1_기출c.js,25_제일고_1학기_기말_고1_기출,20,20,20,2022,공통수학1,H22-C-06,여러 가지 방정식과 부등식,6,H22-C-06-EQUATION_BASIC,방정식의 풀이,category_or_cue_inferred,complete_category,단답형,grid,false,서술형,2689d8d29e96e56c73caad67e91dd0edee609da4ff4a6e190cb04915b0713d4e,4f53cda18c2baa0c0354bb5f9a3ecbe5ed12ab4d8e11ba873c2f11161202b945,d10a4bc9e0c1fa4e8f3d7ce2512b8756e47ca5fa451f373c39a1431bb88db49f,e98a2460d85173ebc4b1cd2afbf408373af36e5f33a524815e31748df2e27964,,,,,0,LOADED_VM,,NOT_STARTED,NOT_STARTED,NOT_STARTED,SVG_REQUIRED_MISSING,SVG_REQUIRED_MISSING,COORDINATE_OR_GEOMETRY_STRUCTURE,,VISUAL_CANDIDATE,NO_PROBLEM_VISUAL,REVIEW_REQUIRED,NONE,NOT_STARTED,,,,NOT_STARTED,NOT_STARTED,NOT_STARTED,NOT_TESTED,PASS,canonical_and_compiled_master_match,INVENTORY_PENDING,01_scope_inventory.csv#archive/exams/original/high/h1/1final/25_제일고_1학기_기말_고1_기출c.js|25_제일고_1학기_기말_고1_기출|20,,INDEX_RECORD_PRESENT,original/high/h1/1final/25_제일고_1학기_기말_고1_기출c.js_20,a9e6f864415a8d67761f4bd2e49e3518b9fc3dc83ea7d33496353d95e76c78a8,true,5,IN_SCOPE_FORWARD,,,CLOSED_NO_SHARED_ASSET
archive/exams/original/high/h1/1final/25_제일고_1학기_기말_고1_기출c.js|25_제일고_1학기_기말_고1_기출|22,archive/exams/original/high/h1/1final/25_제일고_1학기_기말_고1_기출c.js,25_제일고_1학기_기말_고1_기출,22,22,22,2022,공통수학1,H22-C-06,여러 가지 방정식과 부등식,6,H22-C-06-EQUATION_BASIC,방정식의 풀이,category_or_cue_inferred,complete_category,단답형,grid,false,서술형,1d51eaa1622d98053ba7077bf13bb9969beb6709f2e0183575e0a20110c5a740,4f53cda18c2baa0c0354bb5f9a3ecbe5ed12ab4d8e11ba873c2f11161202b945,ca30de1c42bd3e0fdbeb7fb612cbf42e8e757b6948b7a51a67827df28b65107b,322a9a47058035df931c2f28e5b0c5e458f1f6b8cdb23d5d860674b659714ea5,,,,,0,LOADED_VM,,NOT_STARTED,NOT_STARTED,NOT_STARTED,SVG_OPTIONAL,SVG_OPTIONAL,,,NONE,NO_PROBLEM_VISUAL,N/A,NONE,NOT_STARTED,,,,NOT_STARTED,NOT_STARTED,NOT_STARTED,NOT_TESTED,PASS,canonical_and_compiled_master_match,INVENTORY_PENDING,01_scope_inventory.csv#archive/exams/original/high/h1/1final/25_제일고_1학기_기말_고1_기출c.js|25_제일고_1학기_기말_고1_기출|22,,INDEX_RECORD_PRESENT,original/high/h1/1final/25_제일고_1학기_기말_고1_기출c.js_22,a9e6f864415a8d67761f4bd2e49e3518b9fc3dc83ea7d33496353d95e76c78a8,true,32,IN_SCOPE_FORWARD,,,CLOSED_NO_SHARED_ASSET
archive/exams/original/high/h1/1final/25_팔마고_1학기_기말_고1_기출c.js|25_팔마고_1학기_기말_고1_기출|1,archive/exams/original/high/h1/1final/25_팔마고_1학기_기말_고1_기출c.js,25_팔마고_1학기_기말_고1_기출,1,1,1,2022,공통수학1,H22-C-06,여러 가지 방정식과 부등식,6,H22-C-06-HIGHER_INEQUALITY,여러 가지 부등식,rule_inferred,complete_rule,객관식,grid,false,객관식|부등식|일차부등식|수직선|범위|조건해석|계산,9c8b9a1845e780855eb1f80edc843af5f5953d018edcefcabb1789c43636da5c,ff782081a4cc25de5ebd8fdb3b10e93e0a2a8b181fb4cabb15c6d4c8f83c7224,b15be6cb71072b84f7e1e198ce023fc5bb8b1e625335904ddcf3cffcd8b7312b,2d4d0b77ebff6ef47bf10f1952ac39eef55dcb6f3d2ceb43899a59769ab45e12,,,,,0,LOADED_VM,,NOT_STARTED,NOT_STARTED,NOT_STARTED,SVG_REQUIRED_MISSING,SVG_REQUIRED_MISSING,COORDINATE_OR_GEOMETRY_STRUCTURE|SET_OR_LOGIC_STRUCTURE,,VISUAL_CANDIDATE,NO_PROBLEM_VISUAL,REVIEW_REQUIRED,NONE,NOT_STARTED,,,,NOT_STARTED,NOT_STARTED,NOT_STARTED,NOT_TESTED,PASS,canonical_and_compiled_master_match,INVENTORY_PENDING,01_scope_inventory.csv#archive/exams/original/high/h1/1final/25_팔마고_1학기_기말_고1_기출c.js|25_팔마고_1학기_기말_고1_기출|1,,INDEX_RECORD_PRESENT,original/high/h1/1final/25_팔마고_1학기_기말_고1_기출c.js_1,388ab5f3fa9588445802e2858e5370458c7616fa78093059e16a2154e17b7fe0,true,③,IN_SCOPE_FORWARD,,,CLOSED_NO_SHARED_ASSET
archive/exams/original/high/h1/1final/25_팔마고_1학기_기말_고1_기출c.js|25_팔마고_1학기_기말_고1_기출|2,archive/exams/original/high/h1/1final/25_팔마고_1학기_기말_고1_기출c.js,25_팔마고_1학기_기말_고1_기출,2,2,2,2022,공통수학1,H22-C-06,여러 가지 방정식과 부등식,6,H22-C-06-HIGHER_INEQUALITY,여러 가지 부등식,rule_inferred,complete_rule,객관식,grid,false,객관식|인수분해|부등식|정수조건|범위|개수세기|조건해석|계산,1acba27190382275e96d3cf16772ae0ac5f9ab4e02693e429e8c5544391a163c,ff782081a4cc25de5ebd8fdb3b10e93e0a2a8b181fb4cabb15c6d4c8f83c7224,dfde05a3668030e99ca64d8d4ae5f6b64c7a87cee61c0ba43904b92ef210191d,e2ac55297c6fb728a1114138820b809f253c2c317740656020735974f129c49a,,,,,0,LOADED_VM,,NOT_STARTED,NOT_STARTED,NOT_STARTED,SVG_OPTIONAL,SVG_OPTIONAL,,,NONE,NO_PROBLEM_VISUAL,N/A,NONE,NOT_STARTED,,,,NOT_STARTED,NOT_STARTED,NOT_STARTED,NOT_TESTED,PASS,canonical_and_compiled_master_match,INVENTORY_PENDING,01_scope_inventory.csv#archive/exams/original/high/h1/1final/25_팔마고_1학기_기말_고1_기출c.js|25_팔마고_1학기_기말_고1_기출|2,,INDEX_RECORD_PRESENT,original/high/h1/1final/25_팔마고_1학기_기말_고1_기출c.js_2,388ab5f3fa9588445802e2858e5370458c7616fa78093059e16a2154e17b7fe0,true,②,IN_SCOPE_FORWARD,,,CLOSED_NO_SHARED_ASSET
archive/exams/original/high/h1/1final/25_팔마고_1학기_기말_고1_기출c.js|25_팔마고_1학기_기말_고1_기출|7,archive/exams/original/high/h1/1final/25_팔마고_1학기_기말_고1_기출c.js,25_팔마고_1학기_기말_고1_기출,7,7,7,2022,공통수학1,H22-C-06,여러 가지 방정식과 부등식,6,H22-C-06-HIGHER_INEQUALITY,여러 가지 부등식,rule_inferred,complete_rule,객관식,grid,false,객관식|절댓값|부등식|수직선|정수조건|범위|개수세기|조건해석,d36aa21d2780e4d9c08d1f3dd44777b81eced3cc75ca93a2955620efad203778,050aad4109187378c6100def73bc7a9bba60cf2a2a59df1fb02f98c8bad88f11,0bdef091c479702584f065d3a3714f8a76f851b3f0cf10912f345a5dd930b0a8,2e870c250276ed30ba13ad06f44b99d3f5ca47a3e1dfa2ecf3a514b290a5f4cb,,,,,0,LOADED_VM,,NOT_STARTED,NOT_STARTED,NOT_STARTED,SVG_REQUIRED_MISSING,SVG_REQUIRED_MISSING,COORDINATE_OR_GEOMETRY_STRUCTURE|SET_OR_LOGIC_STRUCTURE,,VISUAL_CANDIDATE,NO_PROBLEM_VISUAL,REVIEW_REQUIRED,NONE,NOT_STARTED,,,,NOT_STARTED,NOT_STARTED,NOT_STARTED,NOT_TESTED,PASS,canonical_and_compiled_master_match,INVENTORY_PENDING,01_scope_inventory.csv#archive/exams/original/high/h1/1final/25_팔마고_1학기_기말_고1_기출c.js|25_팔마고_1학기_기말_고1_기출|7,,INDEX_RECORD_PRESENT,original/high/h1/1final/25_팔마고_1학기_기말_고1_기출c.js_7,388ab5f3fa9588445802e2858e5370458c7616fa78093059e16a2154e17b7fe0,true,⑤,IN_SCOPE_FORWARD,,,CLOSED_NO_SHARED_ASSET
archive/exams/original/high/h1/1final/25_팔마고_1학기_기말_고1_기출c.js|25_팔마고_1학기_기말_고1_기출|8,archive/exams/original/high/h1/1final/25_팔마고_1학기_기말_고1_기출c.js,25_팔마고_1학기_기말_고1_기출,8,8,8,2022,공통수학1,H22-C-06,여러 가지 방정식과 부등식,6,H22-C-06-HIGHER_INEQUALITY,여러 가지 부등식,category_or_cue_inferred,complete_category,객관식,grid,false,객관식|이차방정식|판별식|최대최소|부등식|범위|참거짓|조건해석,eda32d38940ab8c7ce844b0d62995457f8cf50d634e6fa399fbb8fc568b1e270,00033c0c00ce9016e8573b0c44e58856fcc84fecf34357bd987f525855f8960f,d41ea6521f53fb3dfa10cf72e2932f4405d9c999fa422cdc840d25d57e90dd34,054708bbe5c6ce249fc1c92b23f9c488f116f1f380c40da53bfa0aacbc53506c,,,,,0,LOADED_VM,,NOT_STARTED,NOT_STARTED,NOT_STARTED,SVG_OPTIONAL,SVG_OPTIONAL,,,NONE,NO_PROBLEM_VISUAL,N/A,NONE,NOT_STARTED,,,,NOT_STARTED,NOT_STARTED,NOT_STARTED,NOT_TESTED,PASS,canonical_and_compiled_master_match,INVENTORY_PENDING,01_scope_inventory.csv#archive/exams/original/high/h1/1final/25_팔마고_1학기_기말_고1_기출c.js|25_팔마고_1학기_기말_고1_기출|8,,INDEX_RECORD_PRESENT,original/high/h1/1final/25_팔마고_1학기_기말_고1_기출c.js_8,388ab5f3fa9588445802e2858e5370458c7616fa78093059e16a2154e17b7fe0,true,④,IN_SCOPE_FORWARD,,,CLOSED_NO_SHARED_ASSET
archive/exams/original/high/h1/1final/25_팔마고_1학기_기말_고1_기출c.js|25_팔마고_1학기_기말_고1_기출|9,archive/exams/original/high/h1/1final/25_팔마고_1학기_기말_고1_기출c.js,25_팔마고_1학기_기말_고1_기출,9,9,9,2022,공통수학1,H22-C-06,여러 가지 방정식과 부등식,6,H22-C-06-HIGHER_INEQUALITY,여러 가지 부등식,category_or_cue_inferred,complete_category,객관식,grid,false,객관식|인수분해|전개|계수비교|이차방정식|근과계수|부등식|정수조건,1ddf3c083256ed792ebd77fb04bdeb4d0ad38cfb7eda2ae78cd02d10c3508428,3c03105e9d236d233372e9b1cf0d3bc714e87293ea5c3e62999bf54bcd15cbc2,0bdef091c479702584f065d3a3714f8a76f851b3f0cf10912f345a5dd930b0a8,c8336788fee44b3609431f2fe949a0a9b0a767a91160a48595aca3fcfb0e7d51,,,,,0,LOADED_VM,,NOT_STARTED,NOT_STARTED,NOT_STARTED,SVG_OPTIONAL,SVG_OPTIONAL,,,NONE,NO_PROBLEM_VISUAL,N/A,NONE,NOT_STARTED,,,,NOT_STARTED,NOT_STARTED,NOT_STARTED,NOT_TESTED,PASS,canonical_and_compiled_master_match,INVENTORY_PENDING,01_scope_inventory.csv#archive/exams/original/high/h1/1final/25_팔마고_1학기_기말_고1_기출c.js|25_팔마고_1학기_기말_고1_기출|9,,INDEX_RECORD_PRESENT,original/high/h1/1final/25_팔마고_1학기_기말_고1_기출c.js_9,388ab5f3fa9588445802e2858e5370458c7616fa78093059e16a2154e17b7fe0,true,⑤,IN_SCOPE_FORWARD,,,CLOSED_NO_SHARED_ASSET
archive/exams/original/high/h1/1final/25_팔마고_1학기_기말_고1_기출c.js|25_팔마고_1학기_기말_고1_기출|10,archive/exams/original/high/h1/1final/25_팔마고_1학기_기말_고1_기출c.js,25_팔마고_1학기_기말_고1_기출,10,10,10,2022,공통수학1,H22-C-06,여러 가지 방정식과 부등식,6,H22-C-06-HIGHER_INEQUALITY,여러 가지 부등식,rule_inferred,complete_rule,객관식,grid,false,객관식|다항식|나머지정리|부등식|도형|삼각형|수직선|범위,2151bc7c23fb6b0482ad0bab9d0c4a1f81c5a6410e1fffac13e2fc3048fa0313,a1de1231ae532c1edb0c02e57fe7584910c1f894b841bab053945a48932beea6,b15be6cb71072b84f7e1e198ce023fc5bb8b1e625335904ddcf3cffcd8b7312b,ca3a7f18666827927db0c23e838bdb14dbb57ae3096e8cc00074f5c7eb0dd17b,,,,,0,LOADED_VM,,NOT_STARTED,NOT_STARTED,NOT_STARTED,SVG_REQUIRED_MISSING,SVG_REQUIRED_MISSING,COORDINATE_OR_GEOMETRY_STRUCTURE|SET_OR_LOGIC_STRUCTURE,,VISUAL_CANDIDATE,NO_PROBLEM_VISUAL,REVIEW_REQUIRED,NONE,NOT_STARTED,,,,NOT_STARTED,NOT_STARTED,NOT_STARTED,NOT_TESTED,PASS,canonical_and_compiled_master_match,INVENTORY_PENDING,01_scope_inventory.csv#archive/exams/original/high/h1/1final/25_팔마고_1학기_기말_고1_기출c.js|25_팔마고_1학기_기말_고1_기출|10,,INDEX_RECORD_PRESENT,original/high/h1/1final/25_팔마고_1학기_기말_고1_기출c.js_10,388ab5f3fa9588445802e2858e5370458c7616fa78093059e16a2154e17b7fe0,true,③,IN_SCOPE_FORWARD,,,CLOSED_NO_SHARED_ASSET
archive/exams/original/high/h1/1final/25_팔마고_1학기_기말_고1_기출c.js|25_팔마고_1학기_기말_고1_기출|16,archive/exams/original/high/h1/1final/25_팔마고_1학기_기말_고1_기출c.js,25_팔마고_1학기_기말_고1_기출,16,16,16,2022,공통수학1,H22-C-06,여러 가지 방정식과 부등식,6,H22-C-06-HIGHER_INEQUALITY,여러 가지 부등식,rule_inferred,complete_rule,객관식,grid,false,객관식|제곱근|근호|계수비교|부등식|일차부등식|범위|대입,8f15873efa1aac8d6bc50fe5428540e0854e60f246686db4a5d89d4f930457fa,2bdcb108752e2375db7922f0d0f5d1976e0c7106bc2aaa700df4171cd9699d4f,dfde05a3668030e99ca64d8d4ae5f6b64c7a87cee61c0ba43904b92ef210191d,f65f3af8682a3cf7d5dd70f8b3eb6525fe051ebcfd4e0765dd248d40e6f161b0,,,,,0,LOADED_VM,,NOT_STARTED,NOT_STARTED,NOT_STARTED,SVG_REQUIRED_MISSING,SVG_REQUIRED_MISSING,COORDINATE_OR_GEOMETRY_STRUCTURE|SET_OR_LOGIC_STRUCTURE,,VISUAL_CANDIDATE,NO_PROBLEM_VISUAL,REVIEW_REQUIRED,NONE,NOT_STARTED,,,,NOT_STARTED,NOT_STARTED,NOT_STARTED,NOT_TESTED,PASS,canonical_and_compiled_master_match,INVENTORY_PENDING,01_scope_inventory.csv#archive/exams/original/high/h1/1final/25_팔마고_1학기_기말_고1_기출c.js|25_팔마고_1학기_기말_고1_기출|16,,INDEX_RECORD_PRESENT,original/high/h1/1final/25_팔마고_1학기_기말_고1_기출c.js_16,388ab5f3fa9588445802e2858e5370458c7616fa78093059e16a2154e17b7fe0,true,②,IN_SCOPE_FORWARD,,,CLOSED_NO_SHARED_ASSET
archive/exams/original/high/h1/1final/25_팔마고_1학기_기말_고1_기출c.js|25_팔마고_1학기_기말_고1_기출|20,archive/exams/original/high/h1/1final/25_팔마고_1학기_기말_고1_기출c.js,25_팔마고_1학기_기말_고1_기출,20,20,20,2022,공통수학1,H22-C-06,여러 가지 방정식과 부등식,6,H22-C-06-HIGHER_INEQUALITY,여러 가지 부등식,category_or_cue_inferred,complete_category,단답형,grid,false,서술형,383c2accc3e05c49c137ab6daf447d0bd0af7a8c410729920dbbd5bc327b95ad,4f53cda18c2baa0c0354bb5f9a3ecbe5ed12ab4d8e11ba873c2f11161202b945,3df96397fa5d769fb9058d0193f569f116aab931b76250804a968dccced86b09,efa46d304249f734a160294df32111ee848e3fc13d6576d74404c2bbaa569335,,,,,0,LOADED_VM,,NOT_STARTED,NOT_STARTED,NOT_STARTED,SVG_REQUIRED_MISSING,SVG_REQUIRED_MISSING,GRAPH_OR_FUNCTION_STRUCTURE,,GRAPH_CANDIDATE,NO_PROBLEM_VISUAL,REVIEW_REQUIRED,NONE,NOT_STARTED,,,,NOT_STARTED,NOT_STARTED,NOT_STARTED,NOT_TESTED,PASS,canonical_and_compiled_master_match,INVENTORY_PENDING,01_scope_inventory.csv#archive/exams/original/high/h1/1final/25_팔마고_1학기_기말_고1_기출c.js|25_팔마고_1학기_기말_고1_기출|20,,INDEX_RECORD_PRESENT,original/high/h1/1final/25_팔마고_1학기_기말_고1_기출c.js_20,388ab5f3fa9588445802e2858e5370458c7616fa78093059e16a2154e17b7fe0,true,"(1) $D(k) = 16k^2+16k-32$ 또는 $\dfrac{D}{4}(k) = 4k^2+4k-8$ (2) $k = -2, 1$ (3) $-2 \le k \le 1$",IN_SCOPE_FORWARD,,,CLOSED_NO_SHARED_ASSET
archive/exams/original/high/h1/1final/25_팔마고_1학기_기말_고1_기출c.js|25_팔마고_1학기_기말_고1_기출|21,archive/exams/original/high/h1/1final/25_팔마고_1학기_기말_고1_기출c.js,25_팔마고_1학기_기말_고1_기출,21,21,21,2022,공통수학1,H22-C-06,여러 가지 방정식과 부등식,6,H22-C-06-HIGHER_INEQUALITY,여러 가지 부등식,category_or_cue_inferred,complete_category,단답형,grid,false,서술형,61a8eaaf5d59826bb58e49332c285912db24e87ab03ba26cf586a5d68a55b127,4f53cda18c2baa0c0354bb5f9a3ecbe5ed12ab4d8e11ba873c2f11161202b945,56babf86a9a6af4add6f56e4fb4c93987ac42d43dfd1ab73ead41fc58c0f69b2,9ca88fac9345e108d41e5da90c6ebc2d7209e4f43fc9120ff77853596bc69bc2,,,,,0,LOADED_VM,,NOT_STARTED,NOT_STARTED,NOT_STARTED,SVG_REQUIRED_MISSING,SVG_REQUIRED_MISSING,GRAPH_OR_FUNCTION_STRUCTURE,,GRAPH_CANDIDATE,NO_PROBLEM_VISUAL,REVIEW_REQUIRED,NONE,NOT_STARTED,,,,NOT_STARTED,NOT_STARTED,NOT_STARTED,NOT_TESTED,PASS,canonical_and_compiled_master_match,INVENTORY_PENDING,01_scope_inventory.csv#archive/exams/original/high/h1/1final/25_팔마고_1학기_기말_고1_기출c.js|25_팔마고_1학기_기말_고1_기출|21,,INDEX_RECORD_PRESENT,original/high/h1/1final/25_팔마고_1학기_기말_고1_기출c.js_21,388ab5f3fa9588445802e2858e5370458c7616fa78093059e16a2154e17b7fe0,true,$x \le -3$ 또는 $x \ge 3$,IN_SCOPE_FORWARD,,,CLOSED_NO_SHARED_ASSET
archive/exams/original/high/h1/1final/25_효천고_1학기_기말_고1_기출c.js|25_효천고_1학기_기말_고1_기출|2,archive/exams/original/high/h1/1final/25_효천고_1학기_기말_고1_기출c.js,25_효천고_1학기_기말_고1_기출,2,2,2,2022,공통수학1,H22-C-06,여러 가지 방정식과 부등식,6,H22-C-06-HIGHER_INEQUALITY,여러 가지 부등식,category_or_cue_inferred,complete_category,객관식,grid,false,객관식|인수분해|이차방정식|판별식|부등식|자연수조건|범위|개수세기,81924a41fa1e42120e6a42d7af108253c64d2bb6b6eeda2dd6b99ed4dfee48c1,fc3dba98889cccd1a96f32fb71f7812a2d3b9dde603c59a1f87b932df48e085f,dfde05a3668030e99ca64d8d4ae5f6b64c7a87cee61c0ba43904b92ef210191d,0482a7fb9631456b98c3df4e3c587610bf20285460c2426727e1af76fe8efdb1,,,,,0,LOADED_VM,,NOT_STARTED,NOT_STARTED,NOT_STARTED,SVG_OPTIONAL,SVG_OPTIONAL,,,NONE,NO_PROBLEM_VISUAL,N/A,NONE,NOT_STARTED,,,,NOT_STARTED,NOT_STARTED,NOT_STARTED,NOT_TESTED,PASS,canonical_and_compiled_master_match,INVENTORY_PENDING,01_scope_inventory.csv#archive/exams/original/high/h1/1final/25_효천고_1학기_기말_고1_기출c.js|25_효천고_1학기_기말_고1_기출|2,,INDEX_RECORD_PRESENT,original/high/h1/1final/25_효천고_1학기_기말_고1_기출c.js_2,771ad74a438b1ee28cf6d3a5cac035fea71c591b09f4e5db66ac256c7ca5abf5,true,②,IN_SCOPE_FORWARD,,,CLOSED_NO_SHARED_ASSET
archive/exams/original/high/h1/1final/25_효천고_1학기_기말_고1_기출c.js|25_효천고_1학기_기말_고1_기출|3,archive/exams/original/high/h1/1final/25_효천고_1학기_기말_고1_기출c.js,25_효천고_1학기_기말_고1_기출,3,3,3,2022,공통수학1,H22-C-06,여러 가지 방정식과 부등식,6,H22-C-06-SYSTEM_OF_EQUATIONS,연립방정식,category_or_cue_inferred,complete_category,객관식,grid,false,객관식|인수분해|부등식|연립방정식|대입|조건해석|계산,9f53fa4d157afb1c07ad2b8cbb6d2174b1248af86dcac872b5da5e5d920d6f23,e0d97c9019866472897be616b4b44634dd3f90c486dd75fb0aa9593501c65aef,dfde05a3668030e99ca64d8d4ae5f6b64c7a87cee61c0ba43904b92ef210191d,da2b67c57e9dd971336d9d904785a1f1a2a753e93ecbe41002edc330badcd66e,,,,,0,LOADED_VM,,NOT_STARTED,NOT_STARTED,NOT_STARTED,SVG_OPTIONAL,SVG_OPTIONAL,,,NONE,NO_PROBLEM_VISUAL,N/A,NONE,NOT_STARTED,,,,NOT_STARTED,NOT_STARTED,NOT_STARTED,NOT_TESTED,PASS,canonical_and_compiled_master_match,INVENTORY_PENDING,01_scope_inventory.csv#archive/exams/original/high/h1/1final/25_효천고_1학기_기말_고1_기출c.js|25_효천고_1학기_기말_고1_기출|3,,INDEX_RECORD_PRESENT,original/high/h1/1final/25_효천고_1학기_기말_고1_기출c.js_3,771ad74a438b1ee28cf6d3a5cac035fea71c591b09f4e5db66ac256c7ca5abf5,true,②,IN_SCOPE_FORWARD,,,CLOSED_NO_SHARED_ASSET
archive/exams/original/high/h1/1final/25_효천고_1학기_기말_고1_기출c.js|25_효천고_1학기_기말_고1_기출|4,archive/exams/original/high/h1/1final/25_효천고_1학기_기말_고1_기출c.js,25_효천고_1학기_기말_고1_기출,4,4,4,2022,공통수학1,H22-C-06,여러 가지 방정식과 부등식,6,H22-C-06-HIGHER_INEQUALITY,여러 가지 부등식,category_or_cue_inferred,complete_category,객관식,grid,false,객관식|부등식|일차부등식|범위|조건해석|계산,c5875cf4f446b61edffa50d2132841f7161eacff24fa3fa9d8f5bde6a979be0b,8f110812ee81770deec09824ffceecd9c4c4430b43c09ea2ea82a9e1f86e2113,0bdef091c479702584f065d3a3714f8a76f851b3f0cf10912f345a5dd930b0a8,3c52fc524c353079b5614ad86979e647d116d35112196785261330cbf8124926,,,,,0,LOADED_VM,,NOT_STARTED,NOT_STARTED,NOT_STARTED,SVG_OPTIONAL,SVG_OPTIONAL,,,NONE,NO_PROBLEM_VISUAL,N/A,NONE,NOT_STARTED,,,,NOT_STARTED,NOT_STARTED,NOT_STARTED,NOT_TESTED,PASS,canonical_and_compiled_master_match,INVENTORY_PENDING,01_scope_inventory.csv#archive/exams/original/high/h1/1final/25_효천고_1학기_기말_고1_기출c.js|25_효천고_1학기_기말_고1_기출|4,,INDEX_RECORD_PRESENT,original/high/h1/1final/25_효천고_1학기_기말_고1_기출c.js_4,771ad74a438b1ee28cf6d3a5cac035fea71c591b09f4e5db66ac256c7ca5abf5,true,⑤,IN_SCOPE_FORWARD,,,CLOSED_NO_SHARED_ASSET
archive/exams/original/high/h1/1final/25_효천고_1학기_기말_고1_기출c.js|25_효천고_1학기_기말_고1_기출|5,archive/exams/original/high/h1/1final/25_효천고_1학기_기말_고1_기출c.js,25_효천고_1학기_기말_고1_기출,5,5,5,2022,공통수학1,H22-C-06,여러 가지 방정식과 부등식,6,H22-C-06-HIGHER_INEQUALITY,여러 가지 부등식,category_or_cue_inferred,complete_category,객관식,grid,false,객관식|절댓값|부등식|범위|조건해석|계산|개념,1e37278fd6b4ffb03b653c35068d9d63ea630d32f1bf3a6a7e19c3b9ef00c1dd,d601fd23445f2769d635c0f649aaf6d04b385a7d56c029a78b68ab105d958e27,973d2fd2f97e26a666f403b12da6d87e527985b36bcf4ff0a47c7e7e8c36321a,167bc06defd0472bc8a12d7d2155727dae71c5d4a3568f3dbb0cd8465ec00207,,,,,0,LOADED_VM,,NOT_STARTED,NOT_STARTED,NOT_STARTED,SVG_OPTIONAL,SVG_OPTIONAL,,,NONE,NO_PROBLEM_VISUAL,N/A,NONE,NOT_STARTED,,,,NOT_STARTED,NOT_STARTED,NOT_STARTED,NOT_TESTED,PASS,canonical_and_compiled_master_match,INVENTORY_PENDING,01_scope_inventory.csv#archive/exams/original/high/h1/1final/25_효천고_1학기_기말_고1_기출c.js|25_효천고_1학기_기말_고1_기출|5,,INDEX_RECORD_PRESENT,original/high/h1/1final/25_효천고_1학기_기말_고1_기출c.js_5,771ad74a438b1ee28cf6d3a5cac035fea71c591b09f4e5db66ac256c7ca5abf5,true,①,IN_SCOPE_FORWARD,,,CLOSED_NO_SHARED_ASSET
archive/exams/original/high/h1/1final/25_효천고_1학기_기말_고1_기출c.js|25_효천고_1학기_기말_고1_기출|8,archive/exams/original/high/h1/1final/25_효천고_1학기_기말_고1_기출c.js,25_효천고_1학기_기말_고1_기출,8,8,8,2022,공통수학1,H22-C-06,여러 가지 방정식과 부등식,6,H22-C-06-EQUATION,여러 가지 방정식,category_or_cue_inferred,complete_category,객관식,grid,false,객관식|분모유리화|항등식|인수분해|전개|계수비교|복소수|켤레복소수,f35a16f38614dc13dec272dbb4562ead45e35543238683e4489c60ef551e0d8d,ca9f2f9de5f19db407e70926e432307241e5bd4c00447aac4c95d1dc27b5169c,b15be6cb71072b84f7e1e198ce023fc5bb8b1e625335904ddcf3cffcd8b7312b,2b86091f88515efb5a2e564cb27b920b508ccc52ad74b75794fbc8052a8ca6d5,,,,,0,LOADED_VM,,NOT_STARTED,NOT_STARTED,NOT_STARTED,SVG_OPTIONAL,SVG_OPTIONAL,,,NONE,NO_PROBLEM_VISUAL,N/A,NONE,NOT_STARTED,,,,NOT_STARTED,NOT_STARTED,NOT_STARTED,NOT_TESTED,PASS,canonical_and_compiled_master_match,INVENTORY_PENDING,01_scope_inventory.csv#archive/exams/original/high/h1/1final/25_효천고_1학기_기말_고1_기출c.js|25_효천고_1학기_기말_고1_기출|8,,INDEX_RECORD_PRESENT,original/high/h1/1final/25_효천고_1학기_기말_고1_기출c.js_8,771ad74a438b1ee28cf6d3a5cac035fea71c591b09f4e5db66ac256c7ca5abf5,true,③,IN_SCOPE_FORWARD,,,CLOSED_NO_SHARED_ASSET
archive/exams/original/high/h1/1final/25_효천고_1학기_기말_고1_기출c.js|25_효천고_1학기_기말_고1_기출|9,archive/exams/original/high/h1/1final/25_효천고_1학기_기말_고1_기출c.js,25_효천고_1학기_기말_고1_기출,9,9,9,2022,공통수학1,H22-C-06,여러 가지 방정식과 부등식,6,H22-C-06-SYSTEM_OF_EQUATIONS,연립방정식,category_or_cue_inferred,complete_category,객관식,grid,false,객관식|인수분해|이차방정식|부등식|연립방정식|참거짓|조건해석|계산,ee2c88cf005a5e040530c8531c862546986b1ea829e2749b9ab7276243fc10f3,6ddcecdb293bf108f5aa32d98d170dbb0deed52c6bd68177c0c1e5d73bb96344,d41ea6521f53fb3dfa10cf72e2932f4405d9c999fa422cdc840d25d57e90dd34,b2427d2961f3ab7e17cdb5ced71322702842c0f802822bff78021b23de7cf280,,,,,0,LOADED_VM,,NOT_STARTED,NOT_STARTED,NOT_STARTED,SVG_OPTIONAL,SVG_OPTIONAL,,,NONE,NO_PROBLEM_VISUAL,N/A,NONE,NOT_STARTED,,,,NOT_STARTED,NOT_STARTED,NOT_STARTED,NOT_TESTED,PASS,canonical_and_compiled_master_match,INVENTORY_PENDING,01_scope_inventory.csv#archive/exams/original/high/h1/1final/25_효천고_1학기_기말_고1_기출c.js|25_효천고_1학기_기말_고1_기출|9,,INDEX_RECORD_PRESENT,original/high/h1/1final/25_효천고_1학기_기말_고1_기출c.js_9,771ad74a438b1ee28cf6d3a5cac035fea71c591b09f4e5db66ac256c7ca5abf5,true,④,IN_SCOPE_FORWARD,,,CLOSED_NO_SHARED_ASSET
archive/exams/original/high/h1/1final/25_효천고_1학기_기말_고1_기출c.js|25_효천고_1학기_기말_고1_기출|15,archive/exams/original/high/h1/1final/25_효천고_1학기_기말_고1_기출c.js,25_효천고_1학기_기말_고1_기출,15,15,15,2022,공통수학1,H22-C-06,여러 가지 방정식과 부등식,6,H22-C-06-FUNCTION_BASIC,함수의 뜻과 그래프,category_or_cue_inferred,complete_category,객관식,grid,false,객관식|계수비교|판별식|이차함수|부등식|함수|그래프|정수조건,72f9f427c5368e24aa03d251d1b3a856113bbd69eb42a8bcae8c05335adf955b,e89001632b05a0d6f785cc19fa0d583c482af4e678e1661238681f70c3041674,973d2fd2f97e26a666f403b12da6d87e527985b36bcf4ff0a47c7e7e8c36321a,86f882cd4aa9b7fb777cfe0fb42a86124cdc6d82b9f27762471ddc2d6ec9f823,,,,,0,LOADED_VM,,NOT_STARTED,NOT_STARTED,NOT_STARTED,SVG_REQUIRED_MISSING,SVG_REQUIRED_MISSING,GRAPH_OR_FUNCTION_STRUCTURE,,GRAPH_CANDIDATE,NO_PROBLEM_VISUAL,REVIEW_REQUIRED,NONE,NOT_STARTED,,,,NOT_STARTED,NOT_STARTED,NOT_STARTED,NOT_TESTED,PASS,canonical_and_compiled_master_match,INVENTORY_PENDING,01_scope_inventory.csv#archive/exams/original/high/h1/1final/25_효천고_1학기_기말_고1_기출c.js|25_효천고_1학기_기말_고1_기출|15,,INDEX_RECORD_PRESENT,original/high/h1/1final/25_효천고_1학기_기말_고1_기출c.js_15,771ad74a438b1ee28cf6d3a5cac035fea71c591b09f4e5db66ac256c7ca5abf5,true,①,IN_SCOPE_FORWARD,,,CLOSED_NO_SHARED_ASSET
archive/exams/original/high/h1/1final/25_효천고_1학기_기말_고1_기출c.js|25_효천고_1학기_기말_고1_기출|17,archive/exams/original/high/h1/1final/25_효천고_1학기_기말_고1_기출c.js,25_효천고_1학기_기말_고1_기출,17,17,17,2022,공통수학1,H22-C-06,여러 가지 방정식과 부등식,6,H22-C-06-HIGHER_INEQUALITY,여러 가지 부등식,category_or_cue_inferred,complete_category,객관식,grid,false,객관식|제곱근|근호|인수분해|최대최소|부등식|수직선|정수조건,f56bceec6a0fef331ee9bf66d451d42db69196147dedb763f33677213bac9152,e3fd59c2032f236329d2312fd3f2872519631352db0b3fe5dcfad0d0d2372648,0bdef091c479702584f065d3a3714f8a76f851b3f0cf10912f345a5dd930b0a8,b636df532a08171a12c629f0cf6d23f117831f5fec4abfa3775d1aa7210ebb52,,,,,0,LOADED_VM,,NOT_STARTED,NOT_STARTED,NOT_STARTED,SVG_REQUIRED_MISSING,SVG_REQUIRED_MISSING,COORDINATE_OR_GEOMETRY_STRUCTURE|SET_OR_LOGIC_STRUCTURE,,VISUAL_CANDIDATE,NO_PROBLEM_VISUAL,REVIEW_REQUIRED,NONE,NOT_STARTED,,,,NOT_STARTED,NOT_STARTED,NOT_STARTED,NOT_TESTED,PASS,canonical_and_compiled_master_match,INVENTORY_PENDING,01_scope_inventory.csv#archive/exams/original/high/h1/1final/25_효천고_1학기_기말_고1_기출c.js|25_효천고_1학기_기말_고1_기출|17,,INDEX_RECORD_PRESENT,original/high/h1/1final/25_효천고_1학기_기말_고1_기출c.js_17,771ad74a438b1ee28cf6d3a5cac035fea71c591b09f4e5db66ac256c7ca5abf5,true,⑤,IN_SCOPE_FORWARD,,,CLOSED_NO_SHARED_ASSET
archive/exams/original/high/h1/1final/25_효천고_1학기_기말_고1_기출c.js|25_효천고_1학기_기말_고1_기출|22,archive/exams/original/high/h1/1final/25_효천고_1학기_기말_고1_기출c.js,25_효천고_1학기_기말_고1_기출,22,22,22,2022,공통수학1,H22-C-06,여러 가지 방정식과 부등식,6,H22-C-06-HIGHER_INEQUALITY,여러 가지 부등식,category_or_cue_inferred,complete_category,서술형,grid,false,서술형,931aa287256e0a1f35e3dfaa61d45f774272a4477ca70fc763bc94fdb8c1b8d8,4f53cda18c2baa0c0354bb5f9a3ecbe5ed12ab4d8e11ba873c2f11161202b945,cc11310c456c3690d5a74c23aa31cc25b4e74cdae146c71e54ad9dbc1d109fde,83ca6a8dd6fb627ebcbfba78864df00773f319341c6bd2d2e93bf7b87fe4e00f,,,,,0,LOADED_VM,,NOT_STARTED,NOT_STARTED,NOT_STARTED,SVG_REQUIRED_MISSING,SVG_REQUIRED_MISSING,GRAPH_OR_FUNCTION_STRUCTURE,,GRAPH_CANDIDATE,NO_PROBLEM_VISUAL,REVIEW_REQUIRED,NONE,NOT_STARTED,,,,NOT_STARTED,NOT_STARTED,NOT_STARTED,NOT_TESTED,PASS,canonical_and_compiled_master_match,INVENTORY_PENDING,01_scope_inventory.csv#archive/exams/original/high/h1/1final/25_효천고_1학기_기말_고1_기출c.js|25_효천고_1학기_기말_고1_기출|22,,INDEX_RECORD_PRESENT,original/high/h1/1final/25_효천고_1학기_기말_고1_기출c.js_22,771ad74a438b1ee28cf6d3a5cac035fea71c591b09f4e5db66ac256c7ca5abf5,true,2,IN_SCOPE_FORWARD,,,CLOSED_NO_SHARED_ASSET
archive/exams/original/high/h1/1final/26_광양제철고_1학기_기말_고1_기출.js|26_광양제철고_1학기_기말_고1_기출|1,archive/exams/original/high/h1/1final/26_광양제철고_1학기_기말_고1_기출.js,26_광양제철고_1학기_기말_고1_기출,1,1,1,2022,공통수학1,H22-C-06,여러 가지 방정식과 부등식,6,H22-C-06-HIGHER_INEQUALITY,여러 가지 부등식,category_or_cue_inferred,complete_category,객관식,grid,false,,4746fbc450afb67cbe7928cb37aa9fae9d658b497c7aade45d1a14a753f40da8,3cc19e370a6671b60f17396fd032ed6593aa1547f8af80d6ab8d949018911b5e,dfde05a3668030e99ca64d8d4ae5f6b64c7a87cee61c0ba43904b92ef210191d,e3f334ba26336a1c5813793bcab582f868b73d8f4b6b2bd0ee6939d51c8c93d9,,,,,0,LOADED_VM,,NOT_STARTED,NOT_STARTED,NOT_STARTED,SVG_OPTIONAL,SVG_OPTIONAL,,,NONE,NO_PROBLEM_VISUAL,N/A,NONE,NOT_STARTED,,,,NOT_STARTED,NOT_STARTED,NOT_STARTED,NOT_TESTED,PASS,canonical_and_compiled_master_match,INVENTORY_PENDING,01_scope_inventory.csv#archive/exams/original/high/h1/1final/26_광양제철고_1학기_기말_고1_기출.js|26_광양제철고_1학기_기말_고1_기출|1,,INDEX_RECORD_PRESENT,original/high/h1/1final/26_광양제철고_1학기_기말_고1_기출.js_1,2c68e7cd928445bbc650559173b10f532ce217258184aea77905597dcf5c45c4,true,②,IN_SCOPE_FORWARD,,,CLOSED_NO_SHARED_ASSET
archive/exams/original/high/h1/1final/26_광양제철고_1학기_기말_고1_기출.js|26_광양제철고_1학기_기말_고1_기출|7,archive/exams/original/high/h1/1final/26_광양제철고_1학기_기말_고1_기출.js,26_광양제철고_1학기_기말_고1_기출,7,7,7,2022,공통수학1,H22-C-06,여러 가지 방정식과 부등식,6,H22-C-06-HIGHER_INEQUALITY,여러 가지 부등식,category_or_cue_inferred,complete_category,객관식,grid,false,,dbf665a3ccada54d39a4a7b02ba3f3555139d7012ee2156d67c152cd14920fd0,f7f205a5bbe485dc4159a962cbf98237fb1792afc8b93d0f4ddcddbc321a139c,b15be6cb71072b84f7e1e198ce023fc5bb8b1e625335904ddcf3cffcd8b7312b,d2ac085c91f3304f270008f30960d5c3f8bd3873c7dfb0a7fa3d7ce57fc7fd78,,,,,0,LOADED_VM,,NOT_STARTED,NOT_STARTED,NOT_STARTED,SVG_OPTIONAL,SVG_OPTIONAL,,,NONE,NO_PROBLEM_VISUAL,N/A,NONE,NOT_STARTED,,,,NOT_STARTED,NOT_STARTED,NOT_STARTED,NOT_TESTED,PASS,canonical_and_compiled_master_match,INVENTORY_PENDING,01_scope_inventory.csv#archive/exams/original/high/h1/1final/26_광양제철고_1학기_기말_고1_기출.js|26_광양제철고_1학기_기말_고1_기출|7,,INDEX_RECORD_PRESENT,original/high/h1/1final/26_광양제철고_1학기_기말_고1_기출.js_7,2c68e7cd928445bbc650559173b10f532ce217258184aea77905597dcf5c45c4,true,③,IN_SCOPE_FORWARD,,,CLOSED_NO_SHARED_ASSET
archive/exams/original/high/h1/1final/26_광양제철고_1학기_기말_고1_기출.js|26_광양제철고_1학기_기말_고1_기출|8,archive/exams/original/high/h1/1final/26_광양제철고_1학기_기말_고1_기출.js,26_광양제철고_1학기_기말_고1_기출,8,8,8,2022,공통수학1,H22-C-06,여러 가지 방정식과 부등식,6,H22-C-06-INEQUALITY,여러 가지 부등식,category_or_cue_inferred,complete_category,객관식,grid,false,,34adaf0242eaf8c544e132f458c59725f7a87e74464321da2464be9ecdd8ee2b,7331741d2422b63ad653d6bf2f883380deebef2f1a87d56b39e06fb3cc91a57a,dfde05a3668030e99ca64d8d4ae5f6b64c7a87cee61c0ba43904b92ef210191d,9fb02f9fd77a39a1ccf16cefd77bc5e327f6f0ccd4ae5f90948d184bb54c357d,,,,,0,LOADED_VM,,NOT_STARTED,NOT_STARTED,NOT_STARTED,SVG_OPTIONAL,SVG_OPTIONAL,,,NONE,NO_PROBLEM_VISUAL,N/A,NONE,NOT_STARTED,,,,NOT_STARTED,NOT_STARTED,NOT_STARTED,NOT_TESTED,PASS,canonical_and_compiled_master_match,INVENTORY_PENDING,01_scope_inventory.csv#archive/exams/original/high/h1/1final/26_광양제철고_1학기_기말_고1_기출.js|26_광양제철고_1학기_기말_고1_기출|8,,INDEX_RECORD_PRESENT,original/high/h1/1final/26_광양제철고_1학기_기말_고1_기출.js_8,2c68e7cd928445bbc650559173b10f532ce217258184aea77905597dcf5c45c4,true,②,IN_SCOPE_FORWARD,,,CLOSED_NO_SHARED_ASSET
archive/exams/original/high/h1/1final/26_광양제철고_1학기_기말_고1_기출.js|26_광양제철고_1학기_기말_고1_기출|9,archive/exams/original/high/h1/1final/26_광양제철고_1학기_기말_고1_기출.js,26_광양제철고_1학기_기말_고1_기출,9,9,9,2022,공통수학1,H22-C-06,여러 가지 방정식과 부등식,6,H22-C-06-SYSTEM_OF_EQUATIONS,연립방정식,category_or_cue_inferred,complete_category,객관식,grid,false,,57a99c4ea72d03ddb676e6903c16b0cb4e73d8708637e010157477ef94151e5d,37fdb19ece9aea296d5379f4222db088e4fcbc9519127d9d3737224541307c03,d41ea6521f53fb3dfa10cf72e2932f4405d9c999fa422cdc840d25d57e90dd34,5c85e58621355c90d2241e97acb1357c802d7222f1f4e0d70e47f80dc9185dde,,,,,0,LOADED_VM,,NOT_STARTED,NOT_STARTED,NOT_STARTED,SVG_OPTIONAL,SVG_OPTIONAL,,,NONE,NO_PROBLEM_VISUAL,N/A,NONE,NOT_STARTED,,,,NOT_STARTED,NOT_STARTED,NOT_STARTED,NOT_TESTED,PASS,canonical_and_compiled_master_match,INVENTORY_PENDING,01_scope_inventory.csv#archive/exams/original/high/h1/1final/26_광양제철고_1학기_기말_고1_기출.js|26_광양제철고_1학기_기말_고1_기출|9,,INDEX_RECORD_PRESENT,original/high/h1/1final/26_광양제철고_1학기_기말_고1_기출.js_9,2c68e7cd928445bbc650559173b10f532ce217258184aea77905597dcf5c45c4,true,④,IN_SCOPE_FORWARD,,,CLOSED_NO_SHARED_ASSET
archive/exams/original/high/h1/1final/26_광양제철고_1학기_기말_고1_기출.js|26_광양제철고_1학기_기말_고1_기출|18,archive/exams/original/high/h1/1final/26_광양제철고_1학기_기말_고1_기출.js,26_광양제철고_1학기_기말_고1_기출,18,18,18,2022,공통수학1,H22-C-06,여러 가지 방정식과 부등식,6,H22-C-06-INEQUALITY,여러 가지 부등식,category_or_cue_inferred,complete_category,서술형,grid,false,서술형,c8337908a63544d673fa0fe785f0e135ce6132581505582b96a2ff7c90d9294c,4f53cda18c2baa0c0354bb5f9a3ecbe5ed12ab4d8e11ba873c2f11161202b945,fb2e955566e0d68421ca46cf67b6aca7e01405a575e70ffb0021c45454947333,366931b4c8b068d5c149f7560e35aadd5fda12ec545820ff789f9d990c029d42,,,,,0,LOADED_VM,,NOT_STARTED,NOT_STARTED,NOT_STARTED,SVG_OPTIONAL,SVG_OPTIONAL,,,NONE,NO_PROBLEM_VISUAL,N/A,NONE,NOT_STARTED,,,,NOT_STARTED,NOT_STARTED,NOT_STARTED,NOT_TESTED,PASS,canonical_and_compiled_master_match,INVENTORY_PENDING,01_scope_inventory.csv#archive/exams/original/high/h1/1final/26_광양제철고_1학기_기말_고1_기출.js|26_광양제철고_1학기_기말_고1_기출|18,,INDEX_RECORD_PRESENT,original/high/h1/1final/26_광양제철고_1학기_기말_고1_기출.js_18,2c68e7cd928445bbc650559173b10f532ce217258184aea77905597dcf5c45c4,true,$x>\dfrac{1}{3}$,IN_SCOPE_FORWARD,,,CLOSED_NO_SHARED_ASSET
archive/exams/original/high/h1/1final/26_광양제철고_1학기_기말_고1_기출.js|26_광양제철고_1학기_기말_고1_기출|19,archive/exams/original/high/h1/1final/26_광양제철고_1학기_기말_고1_기출.js,26_광양제철고_1학기_기말_고1_기출,19,19,19,2022,공통수학1,H22-C-06,여러 가지 방정식과 부등식,6,H22-C-06-EQUATION,여러 가지 방정식,category_or_cue_inferred,complete_category,서술형,grid,false,서술형,4acfea638ff56f36ef29535dac25365901d41bb3d90dc191aa7dacba24fe12f4,4f53cda18c2baa0c0354bb5f9a3ecbe5ed12ab4d8e11ba873c2f11161202b945,f0a97cb303ea3bf7ce6c2fa0d5b5bbac5d558f9c0a1503361a40831cdb7f5627,dc021d0307db91270d822cb9efd333226943939d8c8d83d18b1f4ff8ab54313d,,,,,0,LOADED_VM,,NOT_STARTED,NOT_STARTED,NOT_STARTED,SVG_OPTIONAL,SVG_OPTIONAL,,,NONE,NO_PROBLEM_VISUAL,N/A,NONE,NOT_STARTED,,,,NOT_STARTED,NOT_STARTED,NOT_STARTED,NOT_TESTED,PASS,canonical_and_compiled_master_match,INVENTORY_PENDING,01_scope_inventory.csv#archive/exams/original/high/h1/1final/26_광양제철고_1학기_기말_고1_기출.js|26_광양제철고_1학기_기말_고1_기출|19,,INDEX_RECORD_PRESENT,original/high/h1/1final/26_광양제철고_1학기_기말_고1_기출.js_19,2c68e7cd928445bbc650559173b10f532ce217258184aea77905597dcf5c45c4,true,$84$,IN_SCOPE_FORWARD,,,CLOSED_NO_SHARED_ASSET
archive/exams/original/high/h1/1final/26_금당고_1학기_기말_고1_기출.js|26_금당고_1학기_기말_고1_기출|1,archive/exams/original/high/h1/1final/26_금당고_1학기_기말_고1_기출.js,26_금당고_1학기_기말_고1_기출,1,1,1,2022,공통수학1,H22-C-06,여러 가지 방정식과 부등식,6,H22-C-06-EQUATION,여러 가지 방정식,category_or_cue_inferred,complete_category,객관식,grid,false,객관식|삼차방정식|인수분해,8b3de622867bf3067920240fad70f262b271e4b31cb7ce865fdb9af888d2a17f,2c904d80283f9a2a496780c33a336c72f02bf5152d09616e90fe4358acb62870,973d2fd2f97e26a666f403b12da6d87e527985b36bcf4ff0a47c7e7e8c36321a,e704d5487a4d14326d305f93523c5888ed2cf4ea1e2e81c4e011db844f38c42c,,,,,0,LOADED_VM,,NOT_STARTED,NOT_STARTED,NOT_STARTED,SVG_OPTIONAL,SVG_OPTIONAL,,,NONE,NO_PROBLEM_VISUAL,N/A,NONE,NOT_STARTED,,,,NOT_STARTED,NOT_STARTED,NOT_STARTED,NOT_TESTED,PASS,canonical_and_compiled_master_match,INVENTORY_PENDING,01_scope_inventory.csv#archive/exams/original/high/h1/1final/26_금당고_1학기_기말_고1_기출.js|26_금당고_1학기_기말_고1_기출|1,,INDEX_RECORD_PRESENT,original/high/h1/1final/26_금당고_1학기_기말_고1_기출.js_1,614f4fffefcfd228ba0b1d79c0fe46c3a11a82832e9caae514f1ed21a56810b9,true,①,IN_SCOPE_FORWARD,,,CLOSED_NO_SHARED_ASSET
archive/exams/original/high/h1/1final/26_금당고_1학기_기말_고1_기출.js|26_금당고_1학기_기말_고1_기출|2,archive/exams/original/high/h1/1final/26_금당고_1학기_기말_고1_기출.js,26_금당고_1학기_기말_고1_기출,2,2,2,2022,공통수학1,H22-C-06,여러 가지 방정식과 부등식,6,H22-C-06-HIGHER_INEQUALITY,여러 가지 부등식,category_or_cue_inferred,complete_category,객관식,grid,false,객관식|연립부등식|일차부등식,87eeb58b123efca9adf29a3b318d55087075822ad7afbbd7ef76e01c18155634,ca073b62c8849c0592d0fd04b1bc536f49e6386e89eb3ed98f838198963820f8,d41ea6521f53fb3dfa10cf72e2932f4405d9c999fa422cdc840d25d57e90dd34,6be92d496ca89c2a1feaec9506d97819dbdb250c3bafcad692913d47c9b6f2f1,,,,,0,LOADED_VM,,NOT_STARTED,NOT_STARTED,NOT_STARTED,SVG_OPTIONAL,SVG_OPTIONAL,,,NONE,NO_PROBLEM_VISUAL,N/A,NONE,NOT_STARTED,,,,NOT_STARTED,NOT_STARTED,NOT_STARTED,NOT_TESTED,PASS,canonical_and_compiled_master_match,INVENTORY_PENDING,01_scope_inventory.csv#archive/exams/original/high/h1/1final/26_금당고_1학기_기말_고1_기출.js|26_금당고_1학기_기말_고1_기출|2,,INDEX_RECORD_PRESENT,original/high/h1/1final/26_금당고_1학기_기말_고1_기출.js_2,614f4fffefcfd228ba0b1d79c0fe46c3a11a82832e9caae514f1ed21a56810b9,true,④,IN_SCOPE_FORWARD,,,CLOSED_NO_SHARED_ASSET
archive/exams/original/high/h1/1final/26_금당고_1학기_기말_고1_기출.js|26_금당고_1학기_기말_고1_기출|3,archive/exams/original/high/h1/1final/26_금당고_1학기_기말_고1_기출.js,26_금당고_1학기_기말_고1_기출,3,3,3,2022,공통수학1,H22-C-06,여러 가지 방정식과 부등식,6,H22-C-06-INEQUALITY,여러 가지 부등식,category_or_cue_inferred,complete_category,객관식,grid,false,객관식|절댓값|부등식,adfdac59495f1d643b2bd114a285bf01ec52267e5caaebc49c61dcc48dfafb03,286aead6d68ff440e8a3ebec684bef3760ddbb3445447bf08a60399723a634aa,b15be6cb71072b84f7e1e198ce023fc5bb8b1e625335904ddcf3cffcd8b7312b,60b83c35ee75ac604f57743ef4fb6641f351a1ae78106eb8dfc4b1eb7f4cf1e4,,,,,0,LOADED_VM,,NOT_STARTED,NOT_STARTED,NOT_STARTED,SVG_OPTIONAL,SVG_OPTIONAL,,,NONE,NO_PROBLEM_VISUAL,N/A,NONE,NOT_STARTED,,,,NOT_STARTED,NOT_STARTED,NOT_STARTED,NOT_TESTED,PASS,canonical_and_compiled_master_match,INVENTORY_PENDING,01_scope_inventory.csv#archive/exams/original/high/h1/1final/26_금당고_1학기_기말_고1_기출.js|26_금당고_1학기_기말_고1_기출|3,,INDEX_RECORD_PRESENT,original/high/h1/1final/26_금당고_1학기_기말_고1_기출.js_3,614f4fffefcfd228ba0b1d79c0fe46c3a11a82832e9caae514f1ed21a56810b9,true,③,IN_SCOPE_FORWARD,,,CLOSED_NO_SHARED_ASSET
archive/exams/original/high/h1/1final/26_금당고_1학기_기말_고1_기출.js|26_금당고_1학기_기말_고1_기출|4,archive/exams/original/high/h1/1final/26_금당고_1학기_기말_고1_기출.js,26_금당고_1학기_기말_고1_기출,4,4,4,2022,공통수학1,H22-C-06,여러 가지 방정식과 부등식,6,H22-C-06-INEQUALITY,여러 가지 부등식,category_or_cue_inferred,complete_category,객관식,grid,false,객관식|이차부등식|인수분해,b9729da788bb08f38139f2d4d361f91f92ade60ff954106beadafd2cdaa3271d,bdf8b714a684be06cb5b3bb7428ae284828af8e73208186772eee39a590cd49d,dfde05a3668030e99ca64d8d4ae5f6b64c7a87cee61c0ba43904b92ef210191d,099a97fca670e67fa159b9e58c5337f481fb0dceb01c36f2f1e048669dbef420,,,,,0,LOADED_VM,,NOT_STARTED,NOT_STARTED,NOT_STARTED,SVG_OPTIONAL,SVG_OPTIONAL,,,NONE,NO_PROBLEM_VISUAL,N/A,NONE,NOT_STARTED,,,,NOT_STARTED,NOT_STARTED,NOT_STARTED,NOT_TESTED,PASS,canonical_and_compiled_master_match,INVENTORY_PENDING,01_scope_inventory.csv#archive/exams/original/high/h1/1final/26_금당고_1학기_기말_고1_기출.js|26_금당고_1학기_기말_고1_기출|4,,INDEX_RECORD_PRESENT,original/high/h1/1final/26_금당고_1학기_기말_고1_기출.js_4,614f4fffefcfd228ba0b1d79c0fe46c3a11a82832e9caae514f1ed21a56810b9,true,②,IN_SCOPE_FORWARD,,,CLOSED_NO_SHARED_ASSET
archive/exams/original/high/h1/1final/26_금당고_1학기_기말_고1_기출.js|26_금당고_1학기_기말_고1_기출|8,archive/exams/original/high/h1/1final/26_금당고_1학기_기말_고1_기출.js,26_금당고_1학기_기말_고1_기출,8,8,8,2022,공통수학1,H22-C-06,여러 가지 방정식과 부등식,6,H22-C-06-SYSTEM_OF_EQUATIONS,연립방정식,category_or_cue_inferred,complete_category,객관식,grid,false,객관식|연립방정식|대칭식,7cb8b4726c73369a8509763c996ac086c381a9b68d20271e3a3deafbf880a0dd,3cc19e370a6671b60f17396fd032ed6593aa1547f8af80d6ab8d949018911b5e,dfde05a3668030e99ca64d8d4ae5f6b64c7a87cee61c0ba43904b92ef210191d,a2e533296f9a21cd3cd24c7234ed6a410577df8f70c3c16c8a91c9ba09f32560,,,,,0,LOADED_VM,,NOT_STARTED,NOT_STARTED,NOT_STARTED,SVG_OPTIONAL,SVG_OPTIONAL,,,NONE,NO_PROBLEM_VISUAL,N/A,NONE,NOT_STARTED,,,,NOT_STARTED,NOT_STARTED,NOT_STARTED,NOT_TESTED,PASS,canonical_and_compiled_master_match,INVENTORY_PENDING,01_scope_inventory.csv#archive/exams/original/high/h1/1final/26_금당고_1학기_기말_고1_기출.js|26_금당고_1학기_기말_고1_기출|8,,INDEX_RECORD_PRESENT,original/high/h1/1final/26_금당고_1학기_기말_고1_기출.js_8,614f4fffefcfd228ba0b1d79c0fe46c3a11a82832e9caae514f1ed21a56810b9,true,②,IN_SCOPE_FORWARD,,,CLOSED_NO_SHARED_ASSET
archive/exams/original/high/h1/1final/26_금당고_1학기_기말_고1_기출.js|26_금당고_1학기_기말_고1_기출|9,archive/exams/original/high/h1/1final/26_금당고_1학기_기말_고1_기출.js,26_금당고_1학기_기말_고1_기출,9,9,9,2022,공통수학1,H22-C-06,여러 가지 방정식과 부등식,6,H22-C-06-INEQUALITY,여러 가지 부등식,category_or_cue_inferred,complete_category,객관식,grid,false,객관식|절댓값|부등식,4220ac6efb7e1cb815fde2d85bdf0f8f7c5955fb763bc532303879a90db8f6f9,9e23a066c4bee658a01e6a69f89c4814f22725be7c19b091630256281cef2c44,dfde05a3668030e99ca64d8d4ae5f6b64c7a87cee61c0ba43904b92ef210191d,b7863a7081c9c3688b3b40132834b3b698e3e8639ffd59678a1aea6a21812855,,,,,0,LOADED_VM,,NOT_STARTED,NOT_STARTED,NOT_STARTED,SVG_OPTIONAL,SVG_OPTIONAL,,,NONE,NO_PROBLEM_VISUAL,N/A,NONE,NOT_STARTED,,,,NOT_STARTED,NOT_STARTED,NOT_STARTED,NOT_TESTED,PASS,canonical_and_compiled_master_match,INVENTORY_PENDING,01_scope_inventory.csv#archive/exams/original/high/h1/1final/26_금당고_1학기_기말_고1_기출.js|26_금당고_1학기_기말_고1_기출|9,,INDEX_RECORD_PRESENT,original/high/h1/1final/26_금당고_1학기_기말_고1_기출.js_9,614f4fffefcfd228ba0b1d79c0fe46c3a11a82832e9caae514f1ed21a56810b9,true,②,IN_SCOPE_FORWARD,,,CLOSED_NO_SHARED_ASSET
archive/exams/original/high/h1/1final/26_금당고_1학기_기말_고1_기출.js|26_금당고_1학기_기말_고1_기출|10,archive/exams/original/high/h1/1final/26_금당고_1학기_기말_고1_기출.js,26_금당고_1학기_기말_고1_기출,10,10,10,2022,공통수학1,H22-C-06,여러 가지 방정식과 부등식,6,H22-C-06-HIGHER_INEQUALITY,여러 가지 부등식,category_or_cue_inferred,complete_category,객관식,grid,false,객관식|자연수|부등식,247c836ac7ba075b144e97a2f64c33f5b0e385ff89abac7f42e19efac8f555d4,3fa4b24596152f9fbc2f80749c73881f285e5500353859e0726b3450d8bf0a08,0bdef091c479702584f065d3a3714f8a76f851b3f0cf10912f345a5dd930b0a8,c3e163c3feba88c3e3d1b597ae14b72751c2aacdc76afd654448b21dce6e9858,,,,,0,LOADED_VM,,NOT_STARTED,NOT_STARTED,NOT_STARTED,SVG_OPTIONAL,SVG_OPTIONAL,,,NONE,NO_PROBLEM_VISUAL,N/A,NONE,NOT_STARTED,,,,NOT_STARTED,NOT_STARTED,NOT_STARTED,NOT_TESTED,PASS,canonical_and_compiled_master_match,INVENTORY_PENDING,01_scope_inventory.csv#archive/exams/original/high/h1/1final/26_금당고_1학기_기말_고1_기출.js|26_금당고_1학기_기말_고1_기출|10,,INDEX_RECORD_PRESENT,original/high/h1/1final/26_금당고_1학기_기말_고1_기출.js_10,614f4fffefcfd228ba0b1d79c0fe46c3a11a82832e9caae514f1ed21a56810b9,true,⑤,IN_SCOPE_FORWARD,,,CLOSED_NO_SHARED_ASSET
archive/exams/original/high/h1/1final/26_금당고_1학기_기말_고1_기출.js|26_금당고_1학기_기말_고1_기출|14,archive/exams/original/high/h1/1final/26_금당고_1학기_기말_고1_기출.js,26_금당고_1학기_기말_고1_기출,14,14,14,2022,공통수학1,H22-C-06,여러 가지 방정식과 부등식,6,H22-C-06-INEQUALITY,여러 가지 부등식,category_or_cue_inferred,complete_category,객관식,grid,false,객관식|연립부등식|이차부등식|정수조건,00594a0b94632d06f535df3f7ca703b40ee4176d6821174345b01aac292fefd1,d238063e92781ac8c4073b1a4967318e89a02ac970944422d1ac19392509ce57,b15be6cb71072b84f7e1e198ce023fc5bb8b1e625335904ddcf3cffcd8b7312b,27f39a3b21763094a7e58b7428fbf664de65aa58b8c2fa0dea6635ea6fa7c605,,,,,0,LOADED_VM,,NOT_STARTED,NOT_STARTED,NOT_STARTED,SVG_OPTIONAL,SVG_OPTIONAL,,,NONE,NO_PROBLEM_VISUAL,N/A,NONE,NOT_STARTED,,,,NOT_STARTED,NOT_STARTED,NOT_STARTED,NOT_TESTED,PASS,canonical_and_compiled_master_match,INVENTORY_PENDING,01_scope_inventory.csv#archive/exams/original/high/h1/1final/26_금당고_1학기_기말_고1_기출.js|26_금당고_1학기_기말_고1_기출|14,,INDEX_RECORD_PRESENT,original/high/h1/1final/26_금당고_1학기_기말_고1_기출.js_14,614f4fffefcfd228ba0b1d79c0fe46c3a11a82832e9caae514f1ed21a56810b9,true,③,IN_SCOPE_FORWARD,,,CLOSED_NO_SHARED_ASSET
archive/exams/original/high/h1/1final/26_금당고_1학기_기말_고1_기출.js|26_금당고_1학기_기말_고1_기출|20,archive/exams/original/high/h1/1final/26_금당고_1학기_기말_고1_기출.js,26_금당고_1학기_기말_고1_기출,20,20,20,2022,공통수학1,H22-C-06,여러 가지 방정식과 부등식,6,H22-C-06-INEQUALITY,여러 가지 부등식,category_or_cue_inferred,complete_category,서술형,grid,false,서술형|연립부등식|이차부등식|근과범위,390f5076ca1502c124c47753ae4a34cbf26bbc6ecb44892f2f64b5b962d6b869,4f53cda18c2baa0c0354bb5f9a3ecbe5ed12ab4d8e11ba873c2f11161202b945,b3782ed1fb6fb2604e9d19dbb3a8740f50e987e9987ed3bfec5718527122fdea,84d76a7853c6ea7862af30e242a989b93627a570974eac2d366725101e434bfd,,,,,0,LOADED_VM,,NOT_STARTED,NOT_STARTED,NOT_STARTED,SVG_OPTIONAL,SVG_OPTIONAL,,,NONE,NO_PROBLEM_VISUAL,N/A,NONE,NOT_STARTED,,,,NOT_STARTED,NOT_STARTED,NOT_STARTED,NOT_TESTED,PASS,canonical_and_compiled_master_match,INVENTORY_PENDING,01_scope_inventory.csv#archive/exams/original/high/h1/1final/26_금당고_1학기_기말_고1_기출.js|26_금당고_1학기_기말_고1_기출|20,,INDEX_RECORD_PRESENT,original/high/h1/1final/26_금당고_1학기_기말_고1_기출.js_20,614f4fffefcfd228ba0b1d79c0fe46c3a11a82832e9caae514f1ed21a56810b9,true,$7$,IN_SCOPE_FORWARD,,,CLOSED_NO_SHARED_ASSET
archive/exams/original/high/h1/1final/26_매산고_1학기_기말_고1_기출.js|26_매산고_1학기_기말_고1_기출|6,archive/exams/original/high/h1/1final/26_매산고_1학기_기말_고1_기출.js,26_매산고_1학기_기말_고1_기출,6,6,6,2022,공통수학1,H22-C-06,여러 가지 방정식과 부등식,6,H22-C-06-HIGHER_INEQUALITY,여러 가지 부등식,category_or_cue_inferred,complete_category,객관식,grid,false,객관식|연립부등식,8573e905089857d0ba4b4d34ab98caf08fe277d585db732693c5b76f6a4271bd,c8cb7a3252bcd8b6450899f3da09f1f91649e04584a833aa1d645ecfebd2f9ad,b15be6cb71072b84f7e1e198ce023fc5bb8b1e625335904ddcf3cffcd8b7312b,5ca611a6b1c751766cd8bd89ff67eff503267a7f106bfa4512b18c4520633ef5,,,,,0,LOADED_VM,,NOT_STARTED,NOT_STARTED,NOT_STARTED,SVG_OPTIONAL,SVG_OPTIONAL,,,NONE,NO_PROBLEM_VISUAL,N/A,NONE,NOT_STARTED,,,,NOT_STARTED,NOT_STARTED,NOT_STARTED,NOT_TESTED,PASS,canonical_and_compiled_master_match,INVENTORY_PENDING,01_scope_inventory.csv#archive/exams/original/high/h1/1final/26_매산고_1학기_기말_고1_기출.js|26_매산고_1학기_기말_고1_기출|6,,INDEX_RECORD_PRESENT,original/high/h1/1final/26_매산고_1학기_기말_고1_기출.js_6,16a083f8b24faa1bd46a651d251b26e97c113b44369a475e3959dde0324981ee,true,③,IN_SCOPE_FORWARD,,,CLOSED_NO_SHARED_ASSET
archive/exams/original/high/h1/1final/26_매산고_1학기_기말_고1_기출.js|26_매산고_1학기_기말_고1_기출|8,archive/exams/original/high/h1/1final/26_매산고_1학기_기말_고1_기출.js,26_매산고_1학기_기말_고1_기출,8,8,8,2022,공통수학1,H22-C-06,여러 가지 방정식과 부등식,6,H22-C-06-HIGHER_INEQUALITY,여러 가지 부등식,category_or_cue_inferred,complete_category,객관식,grid,false,객관식|일차부등식,617541a4e17d8b8f2ffefa4f01513929a7cb14a3989eafdfa026851fb68f6ebc,3b1b6a5c68d7ab4df325ad3fb1b642bf98083ed0e489090daffdef80c524774d,d41ea6521f53fb3dfa10cf72e2932f4405d9c999fa422cdc840d25d57e90dd34,1366bd77488f4da3ce46cd7f2b701fa1f593a10a2bb2f0d6d32f75fb694ea0bc,,,,,0,LOADED_VM,,NOT_STARTED,NOT_STARTED,NOT_STARTED,SVG_OPTIONAL,SVG_OPTIONAL,,,NONE,NO_PROBLEM_VISUAL,N/A,NONE,NOT_STARTED,,,,NOT_STARTED,NOT_STARTED,NOT_STARTED,NOT_TESTED,PASS,canonical_and_compiled_master_match,INVENTORY_PENDING,01_scope_inventory.csv#archive/exams/original/high/h1/1final/26_매산고_1학기_기말_고1_기출.js|26_매산고_1학기_기말_고1_기출|8,,INDEX_RECORD_PRESENT,original/high/h1/1final/26_매산고_1학기_기말_고1_기출.js_8,16a083f8b24faa1bd46a651d251b26e97c113b44369a475e3959dde0324981ee,true,④,IN_SCOPE_FORWARD,,,CLOSED_NO_SHARED_ASSET
archive/exams/original/high/h1/1final/26_매산고_1학기_기말_고1_기출.js|26_매산고_1학기_기말_고1_기출|9,archive/exams/original/high/h1/1final/26_매산고_1학기_기말_고1_기출.js,26_매산고_1학기_기말_고1_기출,9,9,9,2022,공통수학1,H22-C-06,여러 가지 방정식과 부등식,6,H22-C-06-INEQUALITY,여러 가지 부등식,category_or_cue_inferred,complete_category,객관식,grid,false,객관식|이차부등식,5705819d44f9da76f21423f0d5962f788f31709d3ecf152fb85787170e3f2708,ff2ec79446271e92376292c7fc547a76ec584b385a41ed5543e275f03f1f9f89,d41ea6521f53fb3dfa10cf72e2932f4405d9c999fa422cdc840d25d57e90dd34,9b24b6a07cedddc2dda0b64f21afc776f475829e3acfe98164c37af8fb9b0b14,,,,,0,LOADED_VM,,NOT_STARTED,NOT_STARTED,NOT_STARTED,SVG_REQUIRED_MISSING,SVG_REQUIRED_MISSING,GRAPH_OR_FUNCTION_STRUCTURE,,GRAPH_CANDIDATE,NO_PROBLEM_VISUAL,REVIEW_REQUIRED,NONE,NOT_STARTED,,,,NOT_STARTED,NOT_STARTED,NOT_STARTED,NOT_TESTED,PASS,canonical_and_compiled_master_match,INVENTORY_PENDING,01_scope_inventory.csv#archive/exams/original/high/h1/1final/26_매산고_1학기_기말_고1_기출.js|26_매산고_1학기_기말_고1_기출|9,,INDEX_RECORD_PRESENT,original/high/h1/1final/26_매산고_1학기_기말_고1_기출.js_9,16a083f8b24faa1bd46a651d251b26e97c113b44369a475e3959dde0324981ee,true,④,IN_SCOPE_FORWARD,,,CLOSED_NO_SHARED_ASSET
archive/exams/original/high/h1/1final/26_매산고_1학기_기말_고1_기출.js|26_매산고_1학기_기말_고1_기출|13,archive/exams/original/high/h1/1final/26_매산고_1학기_기말_고1_기출.js,26_매산고_1학기_기말_고1_기출,13,13,13,2022,공통수학1,H22-C-06,여러 가지 방정식과 부등식,6,H22-C-06-INEQUALITY,여러 가지 부등식,category_or_cue_inferred,complete_category,객관식,grid,false,객관식|절댓값 부등식,57b9eac0e7d23470ab791829586148f52ee32c0b3dac8f668c496f62e22dad0e,a59dbbb8fb48449df66d815897f1ab8f78714e22f02c0d3d9a19db0c4ae3dce1,0bdef091c479702584f065d3a3714f8a76f851b3f0cf10912f345a5dd930b0a8,f989069dd7856fac1f8da00c5d26eda254687c1351a03a8ff95f73ae9cae008d,,,,,0,LOADED_VM,,NOT_STARTED,NOT_STARTED,NOT_STARTED,SVG_REQUIRED_MISSING,SVG_REQUIRED_MISSING,COORDINATE_OR_GEOMETRY_STRUCTURE,,VISUAL_CANDIDATE,NO_PROBLEM_VISUAL,REVIEW_REQUIRED,NONE,NOT_STARTED,,,,NOT_STARTED,NOT_STARTED,NOT_STARTED,NOT_TESTED,PASS,canonical_and_compiled_master_match,INVENTORY_PENDING,01_scope_inventory.csv#archive/exams/original/high/h1/1final/26_매산고_1학기_기말_고1_기출.js|26_매산고_1학기_기말_고1_기출|13,,INDEX_RECORD_PRESENT,original/high/h1/1final/26_매산고_1학기_기말_고1_기출.js_13,16a083f8b24faa1bd46a651d251b26e97c113b44369a475e3959dde0324981ee,true,⑤,IN_SCOPE_FORWARD,,,CLOSED_NO_SHARED_ASSET
archive/exams/original/high/h1/1final/26_매산고_1학기_기말_고1_기출.js|26_매산고_1학기_기말_고1_기출|14,archive/exams/original/high/h1/1final/26_매산고_1학기_기말_고1_기출.js,26_매산고_1학기_기말_고1_기출,14,14,14,2022,공통수학1,H22-C-06,여러 가지 방정식과 부등식,6,H22-C-06-INEQUALITY,여러 가지 부등식,category_or_cue_inferred,complete_category,객관식,grid,false,객관식|이차부등식,546d23516d4ac2eeed286065d8e7b9af8c8add1185db2b41ace9e0d0fb43b6cc,3cc19e370a6671b60f17396fd032ed6593aa1547f8af80d6ab8d949018911b5e,b15be6cb71072b84f7e1e198ce023fc5bb8b1e625335904ddcf3cffcd8b7312b,7ce3c6e7a342205f959125c81907fea440fcc0c64a0f6f7c136fc44e6f8ebb36,,,,,0,LOADED_VM,,NOT_STARTED,NOT_STARTED,NOT_STARTED,SVG_OPTIONAL,SVG_OPTIONAL,,,NONE,NO_PROBLEM_VISUAL,N/A,NONE,NOT_STARTED,,,,NOT_STARTED,NOT_STARTED,NOT_STARTED,NOT_TESTED,PASS,canonical_and_compiled_master_match,INVENTORY_PENDING,01_scope_inventory.csv#archive/exams/original/high/h1/1final/26_매산고_1학기_기말_고1_기출.js|26_매산고_1학기_기말_고1_기출|14,,INDEX_RECORD_PRESENT,original/high/h1/1final/26_매산고_1학기_기말_고1_기출.js_14,16a083f8b24faa1bd46a651d251b26e97c113b44369a475e3959dde0324981ee,true,③,IN_SCOPE_FORWARD,,,CLOSED_NO_SHARED_ASSET
archive/exams/original/high/h1/1final/26_매산고_1학기_기말_고1_기출.js|26_매산고_1학기_기말_고1_기출|17,archive/exams/original/high/h1/1final/26_매산고_1학기_기말_고1_기출.js,26_매산고_1학기_기말_고1_기출,17,17,17,2022,공통수학1,H22-C-06,여러 가지 방정식과 부등식,6,H22-C-06-EQUATION,여러 가지 방정식,category_or_cue_inferred,complete_category,단답형,grid,false,단답형|삼차방정식,c2528b05f125944922add7e18647bd47212bf69671ab38f3b042114d048b4498,4f53cda18c2baa0c0354bb5f9a3ecbe5ed12ab4d8e11ba873c2f11161202b945,44170b991735830c7b84fe1f46f9b9243353b3216db864e515954005d28b0c4c,7a9734b845187f8b972b0479ff17b796b89156948fdd59570ab80996ecc64a85,,,,,0,LOADED_VM,,NOT_STARTED,NOT_STARTED,NOT_STARTED,SVG_OPTIONAL,SVG_OPTIONAL,,,NONE,NO_PROBLEM_VISUAL,N/A,NONE,NOT_STARTED,,,,NOT_STARTED,NOT_STARTED,NOT_STARTED,NOT_TESTED,PASS,canonical_and_compiled_master_match,INVENTORY_PENDING,01_scope_inventory.csv#archive/exams/original/high/h1/1final/26_매산고_1학기_기말_고1_기출.js|26_매산고_1학기_기말_고1_기출|17,,INDEX_RECORD_PRESENT,original/high/h1/1final/26_매산고_1학기_기말_고1_기출.js_17,16a083f8b24faa1bd46a651d251b26e97c113b44369a475e3959dde0324981ee,true,"$k\lt1\ (k\ne-\dfrac{5}{4},\ 0)$",IN_SCOPE_FORWARD,,,CLOSED_NO_SHARED_ASSET
archive/exams/original/high/h1/1final/26_매산고_1학기_기말_고1_기출.js|26_매산고_1학기_기말_고1_기출|20,archive/exams/original/high/h1/1final/26_매산고_1학기_기말_고1_기출.js,26_매산고_1학기_기말_고1_기출,20,20,20,2022,공통수학1,H22-C-06,여러 가지 방정식과 부등식,6,H22-C-06-SYSTEM,연립방정식과 연립부등식,category_or_cue_inferred,complete_category,서술형,grid,false,서술형|연립부등식,c4fcf14c94206b9780cca928f2c6ac3d9b7ac5af766ae080d7c2dd624cfabc43,4f53cda18c2baa0c0354bb5f9a3ecbe5ed12ab4d8e11ba873c2f11161202b945,7b16fa3b8def6869e051df4bb9303210df7a8e0498b5460130019ce0bb52f5e2,476f4d00afbe279305c81cea94d3c0e8f8800f48be497a5dffbacb3f0a55b14d,,,,,0,LOADED_VM,,NOT_STARTED,NOT_STARTED,NOT_STARTED,SVG_REQUIRED_MISSING,SVG_REQUIRED_MISSING,SET_OR_LOGIC_STRUCTURE,,VISUAL_CANDIDATE,NO_PROBLEM_VISUAL,SCHEMATIC_OR_REVIEW,NONE,NOT_STARTED,,,,NOT_STARTED,NOT_STARTED,NOT_STARTED,NOT_TESTED,PASS,canonical_and_compiled_master_match,INVENTORY_PENDING,01_scope_inventory.csv#archive/exams/original/high/h1/1final/26_매산고_1학기_기말_고1_기출.js|26_매산고_1학기_기말_고1_기출|20,,INDEX_RECORD_PRESENT,original/high/h1/1final/26_매산고_1학기_기말_고1_기출.js_20,16a083f8b24faa1bd46a651d251b26e97c113b44369a475e3959dde0324981ee,true,$b\gt a+c$,IN_SCOPE_FORWARD,,,CLOSED_NO_SHARED_ASSET
archive/exams/original/high/h1/1final/26_복성고_1학기_기말_고1_기출.js|26_복성고_1학기_기말_고1_기출|5,archive/exams/original/high/h1/1final/26_복성고_1학기_기말_고1_기출.js,26_복성고_1학기_기말_고1_기출,5,5,5,2022,공통수학1,H22-C-06,여러 가지 방정식과 부등식,6,H22-C-06-INEQUALITY,여러 가지 부등식,category_or_cue_inferred,complete_category,객관식,grid,false,객관식|이차부등식,dc4475b210fec4a4167f65160a5009c23bcb707813bff9ba45ced77126a27dd4,d238063e92781ac8c4073b1a4967318e89a02ac970944422d1ac19392509ce57,973d2fd2f97e26a666f403b12da6d87e527985b36bcf4ff0a47c7e7e8c36321a,04605cf0cb48358add700dd6469792bfd295bb6849474caba0d54a60a2bcba7c,,,,,0,LOADED_VM,,NOT_STARTED,NOT_STARTED,NOT_STARTED,SVG_OPTIONAL,SVG_OPTIONAL,,,NONE,NO_PROBLEM_VISUAL,N/A,NONE,NOT_STARTED,,,,NOT_STARTED,NOT_STARTED,NOT_STARTED,NOT_TESTED,PASS,canonical_and_compiled_master_match,INVENTORY_PENDING,01_scope_inventory.csv#archive/exams/original/high/h1/1final/26_복성고_1학기_기말_고1_기출.js|26_복성고_1학기_기말_고1_기출|5,,INDEX_RECORD_PRESENT,original/high/h1/1final/26_복성고_1학기_기말_고1_기출.js_5,6a7324708d6fc8b5ce17530aa8a8bd73bb557289a04c616f6a6c336eba7d1ef7,true,①,IN_SCOPE_FORWARD,,,CLOSED_NO_SHARED_ASSET
archive/exams/original/high/h1/1final/26_복성고_1학기_기말_고1_기출.js|26_복성고_1학기_기말_고1_기출|7,archive/exams/original/high/h1/1final/26_복성고_1학기_기말_고1_기출.js,26_복성고_1학기_기말_고1_기출,7,7,7,2022,공통수학1,H22-C-06,여러 가지 방정식과 부등식,6,H22-C-06-SYSTEM,연립방정식과 연립부등식,category_or_cue_inferred,complete_category,객관식,grid,false,객관식|연립부등식,3f6744a3b1e32a5ec529b47aa5a17b8ec014046457f322ecce14d606dc40f290,b5777d41d4aadef3c02fe812da9b3972701180729be0c3194d6296e4abe123a3,0bdef091c479702584f065d3a3714f8a76f851b3f0cf10912f345a5dd930b0a8,2b29c82bd260e042f56e55d1efb3000557cd1ee3729ed2fbeccf6e1f7e1f2d3a,,,,,0,LOADED_VM,,NOT_STARTED,NOT_STARTED,NOT_STARTED,SVG_OPTIONAL,SVG_OPTIONAL,,,NONE,NO_PROBLEM_VISUAL,N/A,NONE,NOT_STARTED,,,,NOT_STARTED,NOT_STARTED,NOT_STARTED,NOT_TESTED,PASS,canonical_and_compiled_master_match,INVENTORY_PENDING,01_scope_inventory.csv#archive/exams/original/high/h1/1final/26_복성고_1학기_기말_고1_기출.js|26_복성고_1학기_기말_고1_기출|7,,INDEX_RECORD_PRESENT,original/high/h1/1final/26_복성고_1학기_기말_고1_기출.js_7,6a7324708d6fc8b5ce17530aa8a8bd73bb557289a04c616f6a6c336eba7d1ef7,true,⑤,IN_SCOPE_FORWARD,,,CLOSED_NO_SHARED_ASSET
archive/exams/original/high/h1/1final/26_복성고_1학기_기말_고1_기출.js|26_복성고_1학기_기말_고1_기출|11,archive/exams/original/high/h1/1final/26_복성고_1학기_기말_고1_기출.js,26_복성고_1학기_기말_고1_기출,11,11,11,2022,공통수학1,H22-C-06,여러 가지 방정식과 부등식,6,H22-C-06-INEQUALITY,여러 가지 부등식,category_or_cue_inferred,complete_category,객관식,grid,false,객관식|절댓값 부등식,d6b3ea220db12559bfab56858fac5f003fa969d0fef8219b67faeb94d669063b,58b71f955e09302a7aca8f8e3d82b139a33ed90f2c0b25ca156d935aea2c37c4,dfde05a3668030e99ca64d8d4ae5f6b64c7a87cee61c0ba43904b92ef210191d,323386bcbea4de0e14fc9b83745a51a50f42578669fe07b8a1709cc9b463dc01,,,,,0,LOADED_VM,,NOT_STARTED,NOT_STARTED,NOT_STARTED,SVG_OPTIONAL,SVG_OPTIONAL,,,NONE,NO_PROBLEM_VISUAL,N/A,NONE,NOT_STARTED,,,,NOT_STARTED,NOT_STARTED,NOT_STARTED,NOT_TESTED,PASS,canonical_and_compiled_master_match,INVENTORY_PENDING,01_scope_inventory.csv#archive/exams/original/high/h1/1final/26_복성고_1학기_기말_고1_기출.js|26_복성고_1학기_기말_고1_기출|11,,INDEX_RECORD_PRESENT,original/high/h1/1final/26_복성고_1학기_기말_고1_기출.js_11,6a7324708d6fc8b5ce17530aa8a8bd73bb557289a04c616f6a6c336eba7d1ef7,true,②,IN_SCOPE_FORWARD,,,CLOSED_NO_SHARED_ASSET
archive/exams/original/high/h1/1final/26_복성고_1학기_기말_고1_기출.js|26_복성고_1학기_기말_고1_기출|14,archive/exams/original/high/h1/1final/26_복성고_1학기_기말_고1_기출.js,26_복성고_1학기_기말_고1_기출,14,14,14,2022,공통수학1,H22-C-06,여러 가지 방정식과 부등식,6,H22-C-06-INEQUALITY,여러 가지 부등식,category_or_cue_inferred,complete_category,객관식,grid,false,객관식|이차부등식,74542b0f0e34eaa8ddcdaae713a6644d95ba358743f707a48832ea45da9bd693,109a635402d336dfa806409e7d13ad4978630b8231bd351d6a5253a98dc02346,d41ea6521f53fb3dfa10cf72e2932f4405d9c999fa422cdc840d25d57e90dd34,73ff0a2d9435e3348f29d83efc620ee252ebd82578b7c8d1f2f066cc12fbf327,,,,,0,LOADED_VM,,NOT_STARTED,NOT_STARTED,NOT_STARTED,SVG_OPTIONAL,SVG_OPTIONAL,,,NONE,NO_PROBLEM_VISUAL,N/A,NONE,NOT_STARTED,,,,NOT_STARTED,NOT_STARTED,NOT_STARTED,NOT_TESTED,PASS,canonical_and_compiled_master_match,INVENTORY_PENDING,01_scope_inventory.csv#archive/exams/original/high/h1/1final/26_복성고_1학기_기말_고1_기출.js|26_복성고_1학기_기말_고1_기출|14,,INDEX_RECORD_PRESENT,original/high/h1/1final/26_복성고_1학기_기말_고1_기출.js_14,6a7324708d6fc8b5ce17530aa8a8bd73bb557289a04c616f6a6c336eba7d1ef7,true,④,IN_SCOPE_FORWARD,,,CLOSED_NO_SHARED_ASSET
archive/exams/original/high/h1/1final/26_복성고_1학기_기말_고1_기출.js|26_복성고_1학기_기말_고1_기출|16,archive/exams/original/high/h1/1final/26_복성고_1학기_기말_고1_기출.js,26_복성고_1학기_기말_고1_기출,16,16,16,2022,공통수학1,H22-C-06,여러 가지 방정식과 부등식,6,H22-C-06-EQUATION_BASIC,방정식의 풀이,category_or_cue_inferred,complete_category,객관식,grid,false,객관식|사차방정식,91d3b93f3a06f346ab133b8f04bd3b3c0ec79fd5b22c3013148169f33a5ccbe6,119a6d81cf8b830697ba7ba1e4042113a222c8a082c3619f03f917d8c647f06f,d41ea6521f53fb3dfa10cf72e2932f4405d9c999fa422cdc840d25d57e90dd34,052630fd1c9e7dd6705ba646cbe4061f4bcf6610757cc1787d1a3d5e4174c4ff,,,,,0,LOADED_VM,,NOT_STARTED,NOT_STARTED,NOT_STARTED,SVG_OPTIONAL,SVG_OPTIONAL,,,NONE,NO_PROBLEM_VISUAL,N/A,NONE,NOT_STARTED,,,,NOT_STARTED,NOT_STARTED,NOT_STARTED,NOT_TESTED,PASS,canonical_and_compiled_master_match,INVENTORY_PENDING,01_scope_inventory.csv#archive/exams/original/high/h1/1final/26_복성고_1학기_기말_고1_기출.js|26_복성고_1학기_기말_고1_기출|16,,INDEX_RECORD_PRESENT,original/high/h1/1final/26_복성고_1학기_기말_고1_기출.js_16,6a7324708d6fc8b5ce17530aa8a8bd73bb557289a04c616f6a6c336eba7d1ef7,true,④,IN_SCOPE_FORWARD,,,CLOSED_NO_SHARED_ASSET
archive/exams/original/high/h1/1final/26_복성고_1학기_기말_고1_기출.js|26_복성고_1학기_기말_고1_기출|18,archive/exams/original/high/h1/1final/26_복성고_1학기_기말_고1_기출.js,26_복성고_1학기_기말_고1_기출,18,18,18,2022,공통수학1,H22-C-06,여러 가지 방정식과 부등식,6,H22-C-06-EQUATION_APPLICATION,방정식과 부등식의 활용,category_or_cue_inferred,complete_category,객관식,grid,false,객관식|입체도형|도형,67ecb450badef5d4600c6a117e4a93cb7c3515d513074de758afadcf490bfb6d,d238063e92781ac8c4073b1a4967318e89a02ac970944422d1ac19392509ce57,973d2fd2f97e26a666f403b12da6d87e527985b36bcf4ff0a47c7e7e8c36321a,38a52f9f68518422415d875bbe07249dab68abe5e6f6d358a07f538b24ff790f,assets/images/26_복성고_1학기_기말_고1_기출/q18.png,acea267a613d858ce5feb82e82d7f8ff2aade4413624d0e42964112a2e3521cf,,,0,LOADED_VM,,NOT_STARTED,NOT_STARTED,NOT_STARTED,SVG_REQUIRED_MISSING,SVG_REQUIRED_MISSING,COORDINATE_OR_GEOMETRY_STRUCTURE,,VISUAL_CANDIDATE,PROBLEM_VISUAL_PRESENT,REVIEW_REQUIRED,NONE,NOT_STARTED,,,,NOT_STARTED,NOT_STARTED,NOT_STARTED,NOT_TESTED,PASS,canonical_and_compiled_master_match,INVENTORY_PENDING,01_scope_inventory.csv#archive/exams/original/high/h1/1final/26_복성고_1학기_기말_고1_기출.js|26_복성고_1학기_기말_고1_기출|18,[object Object],INDEX_RECORD_PRESENT,original/high/h1/1final/26_복성고_1학기_기말_고1_기출.js_18,6a7324708d6fc8b5ce17530aa8a8bd73bb557289a04c616f6a6c336eba7d1ef7,true,①,IN_SCOPE_FORWARD,,,CLOSED_NO_SHARED_ASSET
archive/exams/original/high/h1/1final/26_복성고_1학기_기말_고1_기출.js|26_복성고_1학기_기말_고1_기출|22,archive/exams/original/high/h1/1final/26_복성고_1학기_기말_고1_기출.js,26_복성고_1학기_기말_고1_기출,22,22,22,2022,공통수학1,H22-C-06,여러 가지 방정식과 부등식,6,H22-C-06-SYSTEM,연립방정식과 연립부등식,category_or_cue_inferred,complete_category,단답형,grid,false,서술형|연립부등식,c22bf14cad2bf1a39e0c34efd86f370aa06dd8d5957b073c8ef8cc3988a252e3,4f53cda18c2baa0c0354bb5f9a3ecbe5ed12ab4d8e11ba873c2f11161202b945,fdbe0d49b5e63bce45b1608959274c56a347bcd05fcdeea593ebf617df49ea8c,2a39219086e566a7e964e9eb1196bc70705e31ae90bf9cf8e12395d15d3ecc4a,,,,,0,LOADED_VM,,NOT_STARTED,NOT_STARTED,NOT_STARTED,SVG_OPTIONAL,SVG_OPTIONAL,,,NONE,NO_PROBLEM_VISUAL,N/A,NONE,NOT_STARTED,,,,NOT_STARTED,NOT_STARTED,NOT_STARTED,NOT_TESTED,PASS,canonical_and_compiled_master_match,INVENTORY_PENDING,01_scope_inventory.csv#archive/exams/original/high/h1/1final/26_복성고_1학기_기말_고1_기출.js|26_복성고_1학기_기말_고1_기출|22,,INDEX_RECORD_PRESENT,original/high/h1/1final/26_복성고_1학기_기말_고1_기출.js_22,6a7324708d6fc8b5ce17530aa8a8bd73bb557289a04c616f6a6c336eba7d1ef7,true,$5$,IN_SCOPE_FORWARD,,,CLOSED_NO_SHARED_ASSET
archive/exams/original/high/h1/1final/26_순천고_1학기_기말_고1_기출.js|26_순천고_1학기_기말_고1_기출|7,archive/exams/original/high/h1/1final/26_순천고_1학기_기말_고1_기출.js,26_순천고_1학기_기말_고1_기출,7,7,7,2022,공통수학1,H22-C-06,여러 가지 방정식과 부등식,6,H22-C-06-EQUATION,여러 가지 방정식,category_or_cue_inferred,complete_category,객관식,grid,false,객관식|삼차방정식,74778b7b347225a1b0ad62ddfcddbbcef48126330228ea14f8e0aaa06d71ab35,a87ef9e648f77be5faaf7b1eff038682698c0f7c5ccd5373bd3d6fb5934e6bb6,dfde05a3668030e99ca64d8d4ae5f6b64c7a87cee61c0ba43904b92ef210191d,00716e53e797971791e222be9c05f6a4ffa00e64c9d9dfe10ba38a346484536e,,,,,0,LOADED_VM,,NOT_STARTED,NOT_STARTED,NOT_STARTED,SVG_OPTIONAL,SVG_OPTIONAL,,,NONE,NO_PROBLEM_VISUAL,N/A,NONE,NOT_STARTED,,,,NOT_STARTED,NOT_STARTED,NOT_STARTED,NOT_TESTED,PASS,canonical_and_compiled_master_match,INVENTORY_PENDING,01_scope_inventory.csv#archive/exams/original/high/h1/1final/26_순천고_1학기_기말_고1_기출.js|26_순천고_1학기_기말_고1_기출|7,,INDEX_RECORD_PRESENT,original/high/h1/1final/26_순천고_1학기_기말_고1_기출.js_7,0b801b4458088da27bd1cf00fe877b64992455bc3475617bc5a909075d2de80f,true,②,IN_SCOPE_FORWARD,,,CLOSED_NO_SHARED_ASSET
archive/exams/original/high/h1/1final/26_순천고_1학기_기말_고1_기출.js|26_순천고_1학기_기말_고1_기출|9,archive/exams/original/high/h1/1final/26_순천고_1학기_기말_고1_기출.js,26_순천고_1학기_기말_고1_기출,9,9,9,2022,공통수학1,H22-C-06,여러 가지 방정식과 부등식,6,H22-C-06-SYSTEM,연립방정식과 연립부등식,category_or_cue_inferred,complete_category,객관식,grid,false,객관식|연립부등식|표,400b3bd681803f7149c6bb272d1c394149f7ec30a99decc883a636034ecd64b0,673b0a9f4ea6b9efa934d25c8a1b5bae1c7ee32b4e7555aa3ca346150e562b04,b15be6cb71072b84f7e1e198ce023fc5bb8b1e625335904ddcf3cffcd8b7312b,48c86771aecab442e8876144409f96679e531bce5fa82d3e11a15e308f2356e8,,,,,0,LOADED_VM,,NOT_STARTED,NOT_STARTED,NOT_STARTED,SVG_REQUIRED_MISSING,SVG_REQUIRED_MISSING,TABLE_OR_MATRIX_STRUCTURE,,VISUAL_CANDIDATE,NO_PROBLEM_VISUAL,SCHEMATIC_OR_REVIEW,NONE,NOT_STARTED,,,,NOT_STARTED,NOT_STARTED,NOT_STARTED,NOT_TESTED,PASS,canonical_and_compiled_master_match,INVENTORY_PENDING,01_scope_inventory.csv#archive/exams/original/high/h1/1final/26_순천고_1학기_기말_고1_기출.js|26_순천고_1학기_기말_고1_기출|9,,INDEX_RECORD_PRESENT,original/high/h1/1final/26_순천고_1학기_기말_고1_기출.js_9,0b801b4458088da27bd1cf00fe877b64992455bc3475617bc5a909075d2de80f,true,③,IN_SCOPE_FORWARD,,,CLOSED_NO_SHARED_ASSET
archive/exams/original/high/h1/1final/26_순천고_1학기_기말_고1_기출.js|26_순천고_1학기_기말_고1_기출|10,archive/exams/original/high/h1/1final/26_순천고_1학기_기말_고1_기출.js,26_순천고_1학기_기말_고1_기출,10,10,10,2022,공통수학1,H22-C-06,여러 가지 방정식과 부등식,6,H22-C-06-SYSTEM,연립방정식과 연립부등식,category_or_cue_inferred,complete_category,객관식,grid,false,객관식|연립부등식,45465123038337d56ec6872ef0d39fd939414c808a20a4dec7e2123558aec3f6,83dc9e46502ebdd4d15766df0ea77a919dc9a86e57859de68703467f639edc3e,b15be6cb71072b84f7e1e198ce023fc5bb8b1e625335904ddcf3cffcd8b7312b,c52a307bdb5ad5e779b67f43f45c87f0160017980c285cea7c33d26a4dac23d8,,,,,0,LOADED_VM,,NOT_STARTED,NOT_STARTED,NOT_STARTED,SVG_OPTIONAL,SVG_OPTIONAL,,,NONE,NO_PROBLEM_VISUAL,N/A,NONE,NOT_STARTED,,,,NOT_STARTED,NOT_STARTED,NOT_STARTED,NOT_TESTED,PASS,canonical_and_compiled_master_match,INVENTORY_PENDING,01_scope_inventory.csv#archive/exams/original/high/h1/1final/26_순천고_1학기_기말_고1_기출.js|26_순천고_1학기_기말_고1_기출|10,,INDEX_RECORD_PRESENT,original/high/h1/1final/26_순천고_1학기_기말_고1_기출.js_10,0b801b4458088da27bd1cf00fe877b64992455bc3475617bc5a909075d2de80f,true,③,IN_SCOPE_FORWARD,,,CLOSED_NO_SHARED_ASSET
archive/exams/original/high/h1/1final/26_순천고_1학기_기말_고1_기출.js|26_순천고_1학기_기말_고1_기출|13,archive/exams/original/high/h1/1final/26_순천고_1학기_기말_고1_기출.js,26_순천고_1학기_기말_고1_기출,13,13,13,2022,공통수학1,H22-C-06,여러 가지 방정식과 부등식,6,H22-C-06-HIGHER_INEQUALITY,여러 가지 부등식,category_or_cue_inferred,complete_category,객관식,grid,false,객관식|연립부등식,b72ed6d91325d5b0c989e964500c9364300e8b4d69edda9c44638be067867880,b01e9beaa3908d9425058333b0c0ef32f7363847c013f771d269efe03a12dfc0,0bdef091c479702584f065d3a3714f8a76f851b3f0cf10912f345a5dd930b0a8,9dd5b42d946ba92ffea5327f324bb38320ff798cab7a32c21a532ed213d43058,,,,,0,LOADED_VM,,NOT_STARTED,NOT_STARTED,NOT_STARTED,SVG_OPTIONAL,SVG_OPTIONAL,,,NONE,NO_PROBLEM_VISUAL,N/A,NONE,NOT_STARTED,,,,NOT_STARTED,NOT_STARTED,NOT_STARTED,NOT_TESTED,PASS,canonical_and_compiled_master_match,INVENTORY_PENDING,01_scope_inventory.csv#archive/exams/original/high/h1/1final/26_순천고_1학기_기말_고1_기출.js|26_순천고_1학기_기말_고1_기출|13,,INDEX_RECORD_PRESENT,original/high/h1/1final/26_순천고_1학기_기말_고1_기출.js_13,0b801b4458088da27bd1cf00fe877b64992455bc3475617bc5a909075d2de80f,true,⑤,IN_SCOPE_FORWARD,,,CLOSED_NO_SHARED_ASSET
archive/exams/original/high/h1/1final/26_순천고_1학기_기말_고1_기출.js|26_순천고_1학기_기말_고1_기출|15,archive/exams/original/high/h1/1final/26_순천고_1학기_기말_고1_기출.js,26_순천고_1학기_기말_고1_기출,15,15,15,2022,공통수학1,H22-C-06,여러 가지 방정식과 부등식,6,H22-C-06-INEQUALITY,여러 가지 부등식,category_or_cue_inferred,complete_category,객관식,grid,false,객관식|이차부등식,bf2edb3c6eb721ad3c189401d2c8f19084510cb535e9cf184a1f5e884980c8bf,ed84851141efbcd7ce2b2f4d343a33d2f80959c66fab1a656c89aee4ac64d141,dfde05a3668030e99ca64d8d4ae5f6b64c7a87cee61c0ba43904b92ef210191d,340a64cb664657a40ac25f2a2e08d2276569aefa1fc6c58720df445f5a811cdd,,,,,0,LOADED_VM,,NOT_STARTED,NOT_STARTED,NOT_STARTED,SVG_OPTIONAL,SVG_OPTIONAL,,,NONE,NO_PROBLEM_VISUAL,N/A,NONE,NOT_STARTED,,,,NOT_STARTED,NOT_STARTED,NOT_STARTED,NOT_TESTED,PASS,canonical_and_compiled_master_match,INVENTORY_PENDING,01_scope_inventory.csv#archive/exams/original/high/h1/1final/26_순천고_1학기_기말_고1_기출.js|26_순천고_1학기_기말_고1_기출|15,,INDEX_RECORD_PRESENT,original/high/h1/1final/26_순천고_1학기_기말_고1_기출.js_15,0b801b4458088da27bd1cf00fe877b64992455bc3475617bc5a909075d2de80f,true,②,IN_SCOPE_FORWARD,,,CLOSED_NO_SHARED_ASSET
archive/exams/original/high/h1/1final/26_순천고_1학기_기말_고1_기출.js|26_순천고_1학기_기말_고1_기출|17,archive/exams/original/high/h1/1final/26_순천고_1학기_기말_고1_기출.js,26_순천고_1학기_기말_고1_기출,17,17,17,2022,공통수학1,H22-C-06,여러 가지 방정식과 부등식,6,H22-C-06-INEQUALITY,여러 가지 부등식,category_or_cue_inferred,complete_category,서술형,grid,false,단답형|절댓값 부등식,3b699c3516174c60a63e0cd46788afc79470c3917271c19d37da0a93c076ef30,4f53cda18c2baa0c0354bb5f9a3ecbe5ed12ab4d8e11ba873c2f11161202b945,4b3a9394c3e060dbdd118a398a6024a2bb32b24e5a321bedcc64f06ae15d2bdb,755648d9833ff79c01389568590decbf42c2ee1df90fb86051960ca151b5aba2,,,,,0,LOADED_VM,,NOT_STARTED,NOT_STARTED,NOT_STARTED,SVG_OPTIONAL,SVG_OPTIONAL,,,NONE,NO_PROBLEM_VISUAL,N/A,NONE,NOT_STARTED,,,,NOT_STARTED,NOT_STARTED,NOT_STARTED,NOT_TESTED,PASS,canonical_and_compiled_master_match,INVENTORY_PENDING,01_scope_inventory.csv#archive/exams/original/high/h1/1final/26_순천고_1학기_기말_고1_기출.js|26_순천고_1학기_기말_고1_기출|17,,INDEX_RECORD_PRESENT,original/high/h1/1final/26_순천고_1학기_기말_고1_기출.js_17,0b801b4458088da27bd1cf00fe877b64992455bc3475617bc5a909075d2de80f,true,$10$,IN_SCOPE_FORWARD,,,CLOSED_NO_SHARED_ASSET
archive/exams/original/high/h1/1final/26_순천고_1학기_기말_고1_기출.js|26_순천고_1학기_기말_고1_기출|18,archive/exams/original/high/h1/1final/26_순천고_1학기_기말_고1_기출.js,26_순천고_1학기_기말_고1_기출,18,18,18,2022,공통수학1,H22-C-06,여러 가지 방정식과 부등식,6,H22-C-06-EQUATION_APPLICATION,방정식과 부등식의 활용,category_or_cue_inferred,complete_category,서술형,grid,false,단답형|직사각형,ab406f37b49960fec67c96318df5f5771c78a0436723323fa9bf86b8fef143dc,4f53cda18c2baa0c0354bb5f9a3ecbe5ed12ab4d8e11ba873c2f11161202b945,425e8392cfc0a70ba918583cc44dc703f428271402c9f4330989e34dd1cb76df,d35425603aa83312fa45e0d9709d44faae8475f6fac235207e76269abccc1f8f,,,,,0,LOADED_VM,,NOT_STARTED,NOT_STARTED,NOT_STARTED,SVG_REQUIRED_MISSING,SVG_REQUIRED_MISSING,COORDINATE_OR_GEOMETRY_STRUCTURE,,VISUAL_CANDIDATE,NO_PROBLEM_VISUAL,REVIEW_REQUIRED,NONE,NOT_STARTED,,,,NOT_STARTED,NOT_STARTED,NOT_STARTED,NOT_TESTED,PASS,canonical_and_compiled_master_match,INVENTORY_PENDING,01_scope_inventory.csv#archive/exams/original/high/h1/1final/26_순천고_1학기_기말_고1_기출.js|26_순천고_1학기_기말_고1_기출|18,,INDEX_RECORD_PRESENT,original/high/h1/1final/26_순천고_1학기_기말_고1_기출.js_18,0b801b4458088da27bd1cf00fe877b64992455bc3475617bc5a909075d2de80f,true,$3072$,IN_SCOPE_FORWARD,,,CLOSED_NO_SHARED_ASSET
archive/exams/original/high/h1/1final/26_순천고_1학기_기말_고1_기출.js|26_순천고_1학기_기말_고1_기출|21,archive/exams/original/high/h1/1final/26_순천고_1학기_기말_고1_기출.js,26_순천고_1학기_기말_고1_기출,21,21,21,2022,공통수학1,H22-C-06,여러 가지 방정식과 부등식,6,H22-C-06-SYSTEM_OF_EQUATIONS,연립방정식,category_or_cue_inferred,complete_category,서술형,grid,false,서술형|연립방정식,7dc4bffcb7e1f070b32844c9315e438c815c146fdb34c884ace408d55f72142b,4f53cda18c2baa0c0354bb5f9a3ecbe5ed12ab4d8e11ba873c2f11161202b945,439125c2a65cff8fc2cd6a8d62ef4485fa1476db9c76e98bb38b1104a9d50485,1fe9b098a30b8c829f8bed8d03f98da06c406137ea1b6733291d02761112bee0,,,,,0,LOADED_VM,,NOT_STARTED,NOT_STARTED,NOT_STARTED,SVG_REQUIRED_MISSING,SVG_REQUIRED_MISSING,GRAPH_OR_FUNCTION_STRUCTURE,,GRAPH_CANDIDATE,NO_PROBLEM_VISUAL,REVIEW_REQUIRED,NONE,NOT_STARTED,,,,NOT_STARTED,NOT_STARTED,NOT_STARTED,NOT_TESTED,PASS,canonical_and_compiled_master_match,INVENTORY_PENDING,01_scope_inventory.csv#archive/exams/original/high/h1/1final/26_순천고_1학기_기말_고1_기출.js|26_순천고_1학기_기말_고1_기출|21,,INDEX_RECORD_PRESENT,original/high/h1/1final/26_순천고_1학기_기말_고1_기출.js_21,0b801b4458088da27bd1cf00fe877b64992455bc3475617bc5a909075d2de80f,true,$4\sqrt3$,IN_SCOPE_FORWARD,,,CLOSED_NO_SHARED_ASSET
archive/exams/original/high/h1/1final/26_순천여고_1학기_기말_고1_기출.js|26_순천여고_1학기_기말_고1_기출|5,archive/exams/original/high/h1/1final/26_순천여고_1학기_기말_고1_기출.js,26_순천여고_1학기_기말_고1_기출,5,5,5,2022,공통수학1,H22-C-06,여러 가지 방정식과 부등식,6,H22-C-06-INEQUALITY,여러 가지 부등식,category_or_cue_inferred,complete_category,객관식,grid,false,,a64132d207e5f30138d0610ce9aaaadff0dc4bc3ddb626e678588d324899e29d,964271fd109cb43d7d2dd9be2319f7028acfa03f54a692534514537330345e2e,b15be6cb71072b84f7e1e198ce023fc5bb8b1e625335904ddcf3cffcd8b7312b,4766c16729210d007f9a4e1cc57a73a720b944a3e57d7ae6f2a52f89ada36244,,,,,0,LOADED_VM,,NOT_STARTED,NOT_STARTED,NOT_STARTED,SVG_OPTIONAL,SVG_OPTIONAL,,,NONE,NO_PROBLEM_VISUAL,N/A,NONE,NOT_STARTED,,,,NOT_STARTED,NOT_STARTED,NOT_STARTED,NOT_TESTED,PASS,canonical_and_compiled_master_match,INVENTORY_PENDING,01_scope_inventory.csv#archive/exams/original/high/h1/1final/26_순천여고_1학기_기말_고1_기출.js|26_순천여고_1학기_기말_고1_기출|5,,INDEX_RECORD_PRESENT,original/high/h1/1final/26_순천여고_1학기_기말_고1_기출.js_5,bd5f942a1354d79dac6a827e48179b103e002ebbe3ccb90850835786c2c8f0c6,true,③,IN_SCOPE_FORWARD,,,CLOSED_NO_SHARED_ASSET
archive/exams/original/high/h1/1final/26_순천여고_1학기_기말_고1_기출.js|26_순천여고_1학기_기말_고1_기출|8,archive/exams/original/high/h1/1final/26_순천여고_1학기_기말_고1_기출.js,26_순천여고_1학기_기말_고1_기출,8,8,8,2022,공통수학1,H22-C-06,여러 가지 방정식과 부등식,6,H22-C-06-HIGHER_INEQUALITY,여러 가지 부등식,category_or_cue_inferred,complete_category,객관식,grid,false,,8586c94d2076c014294e5b2b9fd7cf44a16365a1a490bed9972f7c1ec2602f20,3cc19e370a6671b60f17396fd032ed6593aa1547f8af80d6ab8d949018911b5e,b15be6cb71072b84f7e1e198ce023fc5bb8b1e625335904ddcf3cffcd8b7312b,9bfac863c3834ea7e7c164ac30f6b58a39315e2d9c7346e52396bf479dc40eec,,,,,0,LOADED_VM,,NOT_STARTED,NOT_STARTED,NOT_STARTED,SVG_REQUIRED_MISSING,SVG_REQUIRED_MISSING,SET_OR_LOGIC_STRUCTURE,,VISUAL_CANDIDATE,NO_PROBLEM_VISUAL,SCHEMATIC_OR_REVIEW,NONE,NOT_STARTED,,,,NOT_STARTED,NOT_STARTED,NOT_STARTED,NOT_TESTED,PASS,canonical_and_compiled_master_match,INVENTORY_PENDING,01_scope_inventory.csv#archive/exams/original/high/h1/1final/26_순천여고_1학기_기말_고1_기출.js|26_순천여고_1학기_기말_고1_기출|8,,INDEX_RECORD_PRESENT,original/high/h1/1final/26_순천여고_1학기_기말_고1_기출.js_8,bd5f942a1354d79dac6a827e48179b103e002ebbe3ccb90850835786c2c8f0c6,true,③,IN_SCOPE_FORWARD,,,CLOSED_NO_SHARED_ASSET
archive/exams/original/high/h1/1final/26_순천여고_1학기_기말_고1_기출.js|26_순천여고_1학기_기말_고1_기출|11,archive/exams/original/high/h1/1final/26_순천여고_1학기_기말_고1_기출.js,26_순천여고_1학기_기말_고1_기출,11,11,11,2022,공통수학1,H22-C-06,여러 가지 방정식과 부등식,6,H22-C-06-INEQUALITY,여러 가지 부등식,category_or_cue_inferred,complete_category,객관식,grid,false,,057072e25abce1ff20a8b69291d76bfa2f33ab048bea18eb4ffa6c268262148a,8355025b6d73577cb9481fd6c8057e8ad6bb2e04ed770bf15e4daa4b1ae9a375,973d2fd2f97e26a666f403b12da6d87e527985b36bcf4ff0a47c7e7e8c36321a,ee1967040d90b12f48354fb359de3f1de4a6e5e6a0a18efff7d206ec9b244d78,,,,,0,LOADED_VM,,NOT_STARTED,NOT_STARTED,NOT_STARTED,SVG_OPTIONAL,SVG_OPTIONAL,,,NONE,NO_PROBLEM_VISUAL,N/A,NONE,NOT_STARTED,,,,NOT_STARTED,NOT_STARTED,NOT_STARTED,NOT_TESTED,PASS,canonical_and_compiled_master_match,INVENTORY_PENDING,01_scope_inventory.csv#archive/exams/original/high/h1/1final/26_순천여고_1학기_기말_고1_기출.js|26_순천여고_1학기_기말_고1_기출|11,,INDEX_RECORD_PRESENT,original/high/h1/1final/26_순천여고_1학기_기말_고1_기출.js_11,bd5f942a1354d79dac6a827e48179b103e002ebbe3ccb90850835786c2c8f0c6,true,①,IN_SCOPE_FORWARD,,,CLOSED_NO_SHARED_ASSET
archive/exams/original/high/h1/1final/26_순천여고_1학기_기말_고1_기출.js|26_순천여고_1학기_기말_고1_기출|20,archive/exams/original/high/h1/1final/26_순천여고_1학기_기말_고1_기출.js,26_순천여고_1학기_기말_고1_기출,20,20,20,2022,공통수학1,H22-C-06,여러 가지 방정식과 부등식,6,H22-C-06-EQUATION,여러 가지 방정식,category_or_cue_inferred,complete_category,객관식,grid,false,,2d3e1c61ba7ece4c4e8a3d02268b597b95cc0cc50525db05e48fd9346f591e77,9e62117b38c80cb8cbe399f1366f6e3af4baa398219efffd94ea1cbc5b6b0df8,973d2fd2f97e26a666f403b12da6d87e527985b36bcf4ff0a47c7e7e8c36321a,c3a3d5eda6072510324eaa8f97e9e8e7da7044e09e1ec6fbb8f0a5ca83c39d8d,,,,,0,LOADED_VM,,NOT_STARTED,NOT_STARTED,NOT_STARTED,SVG_OPTIONAL,SVG_OPTIONAL,,,NONE,NO_PROBLEM_VISUAL,N/A,NONE,NOT_STARTED,,,,NOT_STARTED,NOT_STARTED,NOT_STARTED,NOT_TESTED,PASS,canonical_and_compiled_master_match,INVENTORY_PENDING,01_scope_inventory.csv#archive/exams/original/high/h1/1final/26_순천여고_1학기_기말_고1_기출.js|26_순천여고_1학기_기말_고1_기출|20,,INDEX_RECORD_PRESENT,original/high/h1/1final/26_순천여고_1학기_기말_고1_기출.js_20,bd5f942a1354d79dac6a827e48179b103e002ebbe3ccb90850835786c2c8f0c6,true,①,IN_SCOPE_FORWARD,,,CLOSED_NO_SHARED_ASSET
archive/exams/original/high/h1/1final/26_순천여고_1학기_기말_고1_기출.js|26_순천여고_1학기_기말_고1_기출|21,archive/exams/original/high/h1/1final/26_순천여고_1학기_기말_고1_기출.js,26_순천여고_1학기_기말_고1_기출,21,21,21,2022,공통수학1,H22-C-06,여러 가지 방정식과 부등식,6,H22-C-06-EQUATION_BASIC,방정식의 풀이,category_or_cue_inferred,complete_category,서술형,grid,false,서술형,40482cdbb76297b69bbdac8deec3c9c588f6feaed87032746b4016d4aa8d4bf1,4f53cda18c2baa0c0354bb5f9a3ecbe5ed12ab4d8e11ba873c2f11161202b945,7ccf2cc660c1c7fbf0acd634fdfb585377655ce113d715639659b94ac04469ac,479e7f77ef30530747455e7ecef3dedf7882478bbe3421ca5c76bffa077f71df,,,,,0,LOADED_VM,,NOT_STARTED,NOT_STARTED,NOT_STARTED,SVG_OPTIONAL,SVG_OPTIONAL,,,NONE,NO_PROBLEM_VISUAL,N/A,NONE,NOT_STARTED,,,,NOT_STARTED,NOT_STARTED,NOT_STARTED,NOT_TESTED,PASS,canonical_and_compiled_master_match,INVENTORY_PENDING,01_scope_inventory.csv#archive/exams/original/high/h1/1final/26_순천여고_1학기_기말_고1_기출.js|26_순천여고_1학기_기말_고1_기출|21,,INDEX_RECORD_PRESENT,original/high/h1/1final/26_순천여고_1학기_기말_고1_기출.js_21,bd5f942a1354d79dac6a827e48179b103e002ebbe3ccb90850835786c2c8f0c6,true,$-4\lt a\lt0$ 또는 $0\lt a\lt4$,IN_SCOPE_FORWARD,,,CLOSED_NO_SHARED_ASSET
archive/exams/original/high/h1/1final/26_순천여고_1학기_기말_고1_기출.js|26_순천여고_1학기_기말_고1_기출|22,archive/exams/original/high/h1/1final/26_순천여고_1학기_기말_고1_기출.js,26_순천여고_1학기_기말_고1_기출,22,22,22,2022,공통수학1,H22-C-06,여러 가지 방정식과 부등식,6,H22-C-06-HIGHER_INEQUALITY,여러 가지 부등식,category_or_cue_inferred,complete_category,서술형,grid,false,서술형,6fccafe984da43ee74039e038b08c5e8844ecf1eb2f6d7bcae5f96b6f21aa053,4f53cda18c2baa0c0354bb5f9a3ecbe5ed12ab4d8e11ba873c2f11161202b945,be3f66cf84155f5a652f43b7e0ee13d594c5198c4097763d19bd058acbdac48c,0ff80398517ec44d1cc2958373f437a1c91082982ecddd788121dc54f5138a2f,,,,,0,LOADED_VM,,NOT_STARTED,NOT_STARTED,NOT_STARTED,SVG_OPTIONAL,SVG_OPTIONAL,,,NONE,NO_PROBLEM_VISUAL,N/A,NONE,NOT_STARTED,,,,NOT_STARTED,NOT_STARTED,NOT_STARTED,NOT_TESTED,PASS,canonical_and_compiled_master_match,INVENTORY_PENDING,01_scope_inventory.csv#archive/exams/original/high/h1/1final/26_순천여고_1학기_기말_고1_기출.js|26_순천여고_1학기_기말_고1_기출|22,,INDEX_RECORD_PRESENT,original/high/h1/1final/26_순천여고_1학기_기말_고1_기출.js_22,bd5f942a1354d79dac6a827e48179b103e002ebbe3ccb90850835786c2c8f0c6,true,"$n=4,5,6,7$",IN_SCOPE_FORWARD,,,CLOSED_NO_SHARED_ASSET
archive/exams/original/high/h1/1final/26_팔마고_1학기_기말_고1_기출.js|26_팔마고_1학기_기말_고1_기출|6,archive/exams/original/high/h1/1final/26_팔마고_1학기_기말_고1_기출.js,26_팔마고_1학기_기말_고1_기출,6,6,6,2022,공통수학1,H22-C-06,여러 가지 방정식과 부등식,6,H22-C-06-INEQUALITY,여러 가지 부등식,category_or_cue_inferred,complete_category,객관식,grid,false,객관식|여러 가지 방정식과 부등식,ccea8cf48ef5354a97f200ff488e308e94e1a982a4844bff6d96240027abb4dc,d238063e92781ac8c4073b1a4967318e89a02ac970944422d1ac19392509ce57,d41ea6521f53fb3dfa10cf72e2932f4405d9c999fa422cdc840d25d57e90dd34,cf380057f3ed9973c0d27e63aecb8263c976cedc5cc485c2d97cfdb0757d7c7a,,,,,0,LOADED_VM,,NOT_STARTED,NOT_STARTED,NOT_STARTED,SVG_OPTIONAL,SVG_OPTIONAL,,,NONE,NO_PROBLEM_VISUAL,N/A,NONE,NOT_STARTED,,,,NOT_STARTED,NOT_STARTED,NOT_STARTED,NOT_TESTED,PASS,canonical_and_compiled_master_match,INVENTORY_PENDING,01_scope_inventory.csv#archive/exams/original/high/h1/1final/26_팔마고_1학기_기말_고1_기출.js|26_팔마고_1학기_기말_고1_기출|6,,INDEX_RECORD_PRESENT,original/high/h1/1final/26_팔마고_1학기_기말_고1_기출.js_6,bb8d68040dac365bbc76d1d920e1e62611c8441be978e79c621b3f3831be320f,true,④,IN_SCOPE_FORWARD,,,CLOSED_NO_SHARED_ASSET
archive/exams/original/high/h1/1final/26_팔마고_1학기_기말_고1_기출.js|26_팔마고_1학기_기말_고1_기출|8,archive/exams/original/high/h1/1final/26_팔마고_1학기_기말_고1_기출.js,26_팔마고_1학기_기말_고1_기출,8,8,8,2022,공통수학1,H22-C-06,여러 가지 방정식과 부등식,6,H22-C-06-HIGHER_INEQUALITY,여러 가지 부등식,category_or_cue_inferred,complete_category,객관식,grid,false,객관식|여러 가지 방정식과 부등식,453645c804f234093373ab7cb8458ad1ddea651df1fbb0d7d8a962c74ee2512e,ebb443eccdb14874856e0eb5c7b00fa4c968eb3566927473c4dc87d7b7b4719a,973d2fd2f97e26a666f403b12da6d87e527985b36bcf4ff0a47c7e7e8c36321a,5db0151314bab9d534d81a4fa83e0e8c88be3b82804a2f87201d10b23ab98e86,,,,,0,LOADED_VM,,NOT_STARTED,NOT_STARTED,NOT_STARTED,SVG_REQUIRED_MISSING,SVG_REQUIRED_MISSING,COORDINATE_OR_GEOMETRY_STRUCTURE|SET_OR_LOGIC_STRUCTURE,,VISUAL_CANDIDATE,NO_PROBLEM_VISUAL,REVIEW_REQUIRED,NONE,NOT_STARTED,,,,NOT_STARTED,NOT_STARTED,NOT_STARTED,NOT_TESTED,PASS,canonical_and_compiled_master_match,INVENTORY_PENDING,01_scope_inventory.csv#archive/exams/original/high/h1/1final/26_팔마고_1학기_기말_고1_기출.js|26_팔마고_1학기_기말_고1_기출|8,,INDEX_RECORD_PRESENT,original/high/h1/1final/26_팔마고_1학기_기말_고1_기출.js_8,bb8d68040dac365bbc76d1d920e1e62611c8441be978e79c621b3f3831be320f,true,①,IN_SCOPE_FORWARD,,,CLOSED_NO_SHARED_ASSET
archive/exams/original/high/h1/1final/26_팔마고_1학기_기말_고1_기출.js|26_팔마고_1학기_기말_고1_기출|9,archive/exams/original/high/h1/1final/26_팔마고_1학기_기말_고1_기출.js,26_팔마고_1학기_기말_고1_기출,9,9,9,2022,공통수학1,H22-C-06,여러 가지 방정식과 부등식,6,H22-C-06-EQUATION,여러 가지 방정식,category_or_cue_inferred,complete_category,객관식,grid,false,객관식|여러 가지 방정식과 부등식,8f22788ab2c7c5742b8cd46eedd6cfcd7ab9741c347e9b31036c247218dfe2a7,119a6d81cf8b830697ba7ba1e4042113a222c8a082c3619f03f917d8c647f06f,b15be6cb71072b84f7e1e198ce023fc5bb8b1e625335904ddcf3cffcd8b7312b,ab6bc2454a00a3d575e0bc7cb0e1d9101632b098853587a1fdb73998f35d0a0f,,,,,0,LOADED_VM,,NOT_STARTED,NOT_STARTED,NOT_STARTED,SVG_OPTIONAL,SVG_OPTIONAL,,,NONE,NO_PROBLEM_VISUAL,N/A,NONE,NOT_STARTED,,,,NOT_STARTED,NOT_STARTED,NOT_STARTED,NOT_TESTED,PASS,canonical_and_compiled_master_match,INVENTORY_PENDING,01_scope_inventory.csv#archive/exams/original/high/h1/1final/26_팔마고_1학기_기말_고1_기출.js|26_팔마고_1학기_기말_고1_기출|9,,INDEX_RECORD_PRESENT,original/high/h1/1final/26_팔마고_1학기_기말_고1_기출.js_9,bb8d68040dac365bbc76d1d920e1e62611c8441be978e79c621b3f3831be320f,true,③,IN_SCOPE_FORWARD,,,CLOSED_NO_SHARED_ASSET
archive/exams/original/high/h1/1final/26_팔마고_1학기_기말_고1_기출.js|26_팔마고_1학기_기말_고1_기출|12,archive/exams/original/high/h1/1final/26_팔마고_1학기_기말_고1_기출.js,26_팔마고_1학기_기말_고1_기출,12,12,12,2022,공통수학1,H22-C-06,여러 가지 방정식과 부등식,6,H22-C-06-HIGHER_INEQUALITY,여러 가지 부등식,category_or_cue_inferred,complete_category,객관식,grid,false,객관식|여러 가지 방정식과 부등식,dea467fd5703551c2c871d785a7a6269e8d772e52b412b4e3f47bf0014f758c8,a3df0ff132a92beb0688aa32aa24e81cf04558b945e21e98565e21772d8657e3,dfde05a3668030e99ca64d8d4ae5f6b64c7a87cee61c0ba43904b92ef210191d,8fc982da3095b255cfc7843dfdca6347a887239f3ed4515cca5cdb6814a2d15a,,,,,0,LOADED_VM,,NOT_STARTED,NOT_STARTED,NOT_STARTED,SVG_OPTIONAL,SVG_OPTIONAL,,,NONE,NO_PROBLEM_VISUAL,N/A,NONE,NOT_STARTED,,,,NOT_STARTED,NOT_STARTED,NOT_STARTED,NOT_TESTED,PASS,canonical_and_compiled_master_match,INVENTORY_PENDING,01_scope_inventory.csv#archive/exams/original/high/h1/1final/26_팔마고_1학기_기말_고1_기출.js|26_팔마고_1학기_기말_고1_기출|12,,INDEX_RECORD_PRESENT,original/high/h1/1final/26_팔마고_1학기_기말_고1_기출.js_12,bb8d68040dac365bbc76d1d920e1e62611c8441be978e79c621b3f3831be320f,true,②,IN_SCOPE_FORWARD,,,CLOSED_NO_SHARED_ASSET
archive/exams/original/high/h1/1final/26_팔마고_1학기_기말_고1_기출.js|26_팔마고_1학기_기말_고1_기출|14,archive/exams/original/high/h1/1final/26_팔마고_1학기_기말_고1_기출.js,26_팔마고_1학기_기말_고1_기출,14,14,14,2022,공통수학1,H22-C-06,여러 가지 방정식과 부등식,6,H22-C-06-EQUATION_BASIC,방정식의 풀이,category_or_cue_inferred,complete_category,객관식,grid,false,객관식|여러 가지 방정식과 부등식,f529e30ab2d3e04140077e70e905c98969285b42a78503f715ecc33059907892,3cc19e370a6671b60f17396fd032ed6593aa1547f8af80d6ab8d949018911b5e,0bdef091c479702584f065d3a3714f8a76f851b3f0cf10912f345a5dd930b0a8,8c028add3a09e0742a1aa95614ea614808ecba8dd2c5c3404d36f4d89ad5ce68,,,,,0,LOADED_VM,,NOT_STARTED,NOT_STARTED,NOT_STARTED,SVG_OPTIONAL,SVG_OPTIONAL,,,NONE,NO_PROBLEM_VISUAL,N/A,NONE,NOT_STARTED,,,,NOT_STARTED,NOT_STARTED,NOT_STARTED,NOT_TESTED,PASS,canonical_and_compiled_master_match,INVENTORY_PENDING,01_scope_inventory.csv#archive/exams/original/high/h1/1final/26_팔마고_1학기_기말_고1_기출.js|26_팔마고_1학기_기말_고1_기출|14,,INDEX_RECORD_PRESENT,original/high/h1/1final/26_팔마고_1학기_기말_고1_기출.js_14,bb8d68040dac365bbc76d1d920e1e62611c8441be978e79c621b3f3831be320f,true,⑤,IN_SCOPE_FORWARD,,,CLOSED_NO_SHARED_ASSET
archive/exams/original/high/h1/1final/26_팔마고_1학기_기말_고1_기출.js|26_팔마고_1학기_기말_고1_기출|17,archive/exams/original/high/h1/1final/26_팔마고_1학기_기말_고1_기출.js,26_팔마고_1학기_기말_고1_기출,17,17,17,2022,공통수학1,H22-C-06,여러 가지 방정식과 부등식,6,H22-C-06-HIGHER_INEQUALITY,여러 가지 부등식,category_or_cue_inferred,complete_category,객관식,grid,false,객관식|여러 가지 방정식과 부등식,2ae2bbcc63c0a72f3ee86548f9c6be5e46b9f5a5b647a8da98f5576680f64313,d3b513eba093def1f570b24c40510eec0b00ca49748eda4d023fa531cfa202a7,d41ea6521f53fb3dfa10cf72e2932f4405d9c999fa422cdc840d25d57e90dd34,736996a9d30778c4f05fa896b3ba35aa99b5129f53b6fdf68e4030ab6816529a,,,,,0,LOADED_VM,,NOT_STARTED,NOT_STARTED,NOT_STARTED,SVG_OPTIONAL,SVG_OPTIONAL,,,NONE,NO_PROBLEM_VISUAL,N/A,NONE,NOT_STARTED,,,,NOT_STARTED,NOT_STARTED,NOT_STARTED,NOT_TESTED,PASS,canonical_and_compiled_master_match,INVENTORY_PENDING,01_scope_inventory.csv#archive/exams/original/high/h1/1final/26_팔마고_1학기_기말_고1_기출.js|26_팔마고_1학기_기말_고1_기출|17,,INDEX_RECORD_PRESENT,original/high/h1/1final/26_팔마고_1학기_기말_고1_기출.js_17,bb8d68040dac365bbc76d1d920e1e62611c8441be978e79c621b3f3831be320f,true,④,IN_SCOPE_FORWARD,,,CLOSED_NO_SHARED_ASSET
archive/exams/original/high/h1/1final/26_팔마고_1학기_기말_고1_기출.js|26_팔마고_1학기_기말_고1_기출|21,archive/exams/original/high/h1/1final/26_팔마고_1학기_기말_고1_기출.js,26_팔마고_1학기_기말_고1_기출,21,21,21,2022,공통수학1,H22-C-06,여러 가지 방정식과 부등식,6,H22-C-06-EQUATION_BASIC,방정식의 풀이,category_or_cue_inferred,complete_category,단답형,grid,false,서술형|여러 가지 방정식과 부등식,fe247fcd0fa657225ad3f2d3de5b21267b9b9d84d7e108805d01a39ccb2cbbad,4f53cda18c2baa0c0354bb5f9a3ecbe5ed12ab4d8e11ba873c2f11161202b945,713fa3c4d2a79412d6ed8119f92638c5c0ed8ec364d8a83410246fe342d786ce,90e4d9ddd694d6596f3e40804f4f928aaecd174cd6d1f375242cc69abc3bd185,,,,,0,LOADED_VM,,NOT_STARTED,NOT_STARTED,NOT_STARTED,SVG_OPTIONAL,SVG_OPTIONAL,,,NONE,NO_PROBLEM_VISUAL,N/A,NONE,NOT_STARTED,,,,NOT_STARTED,NOT_STARTED,NOT_STARTED,NOT_TESTED,PASS,canonical_and_compiled_master_match,INVENTORY_PENDING,01_scope_inventory.csv#archive/exams/original/high/h1/1final/26_팔마고_1학기_기말_고1_기출.js|26_팔마고_1학기_기말_고1_기출|21,,INDEX_RECORD_PRESENT,original/high/h1/1final/26_팔마고_1학기_기말_고1_기출.js_21,bb8d68040dac365bbc76d1d920e1e62611c8441be978e79c621b3f3831be320f,true,"1) $-0.01x^2+8x-500\ge700$
2) $200\le x\le600$, 최소 $200$개",IN_SCOPE_FORWARD,,,CLOSED_NO_SHARED_ASSET
archive/exams/original/high/h1/1final/26_효천고_1학기_기말_고1_기출.js|26_효천고_1학기_기말_고1_기출|11,archive/exams/original/high/h1/1final/26_효천고_1학기_기말_고1_기출.js,26_효천고_1학기_기말_고1_기출,11,11,11,2022,공통수학1,H22-C-06,여러 가지 방정식과 부등식,6,H22-C-06-HIGHER_INEQUALITY,여러 가지 부등식,category_or_cue_inferred,complete_category,객관식,grid,false,,4a9bf6d0890cc59aaf5870470e750c503acab977d72df272b3f931c6a39c528e,e62c3962d6874ca6cc27d2ad352af59135eb525518ffec4f3176df26f3d8a745,b15be6cb71072b84f7e1e198ce023fc5bb8b1e625335904ddcf3cffcd8b7312b,2f3fa15ee719f9152558f4984ff7700c8812c6736fb8632355d23fe16a3136e0,,,,,0,LOADED_VM,,NOT_STARTED,NOT_STARTED,NOT_STARTED,SVG_OPTIONAL,SVG_OPTIONAL,,,NONE,NO_PROBLEM_VISUAL,N/A,NONE,NOT_STARTED,,,,NOT_STARTED,NOT_STARTED,NOT_STARTED,NOT_TESTED,PASS,canonical_and_compiled_master_match,INVENTORY_PENDING,01_scope_inventory.csv#archive/exams/original/high/h1/1final/26_효천고_1학기_기말_고1_기출.js|26_효천고_1학기_기말_고1_기출|11,,INDEX_RECORD_PRESENT,original/high/h1/1final/26_효천고_1학기_기말_고1_기출.js_11,9ded0f1af40839a0d7f308d40d08e36e033349ba98f60f185adc4d0316bc237e,true,③,IN_SCOPE_FORWARD,,,CLOSED_NO_SHARED_ASSET
archive/exams/original/high/h1/1final/26_효천고_1학기_기말_고1_기출.js|26_효천고_1학기_기말_고1_기출|21,archive/exams/original/high/h1/1final/26_효천고_1학기_기말_고1_기출.js,26_효천고_1학기_기말_고1_기출,21,21,21,2022,공통수학1,H22-C-06,여러 가지 방정식과 부등식,6,H22-C-06-EQUATION,여러 가지 방정식,category_or_cue_inferred,complete_category,단답형,grid,false,,dce8bfd2735c8f62afbd55cd1dc4839969c41f7198fb42829ab69e93035c5e78,4f53cda18c2baa0c0354bb5f9a3ecbe5ed12ab4d8e11ba873c2f11161202b945,15b48c2ba4573a2eb85f77e150e0699a2c6e098729e7ea18635ce4393ad8c9ef,66beb7e42917a78dd534341ba6850aaf545f9f9641859f335a1a6e6ce90238ee,,,,,0,LOADED_VM,,NOT_STARTED,NOT_STARTED,NOT_STARTED,SVG_OPTIONAL,SVG_OPTIONAL,,,NONE,NO_PROBLEM_VISUAL,N/A,NONE,NOT_STARTED,,,,NOT_STARTED,NOT_STARTED,NOT_STARTED,NOT_TESTED,PASS,canonical_and_compiled_master_match,INVENTORY_PENDING,01_scope_inventory.csv#archive/exams/original/high/h1/1final/26_효천고_1학기_기말_고1_기출.js|26_효천고_1학기_기말_고1_기출|21,,INDEX_RECORD_PRESENT,original/high/h1/1final/26_효천고_1학기_기말_고1_기출.js_21,9ded0f1af40839a0d7f308d40d08e36e033349ba98f60f185adc4d0316bc237e,true,"$1,\ 1+i,\ 1-i$",IN_SCOPE_FORWARD,,,CLOSED_NO_SHARED_ASSET
archive/exams/original/high/h1/1final/26_효천고_1학기_기말_고1_기출.js|26_효천고_1학기_기말_고1_기출|22,archive/exams/original/high/h1/1final/26_효천고_1학기_기말_고1_기출.js,26_효천고_1학기_기말_고1_기출,22,22,22,2022,공통수학1,H22-C-06,여러 가지 방정식과 부등식,6,H22-C-06-EQUATION_BASIC,방정식의 풀이,category_or_cue_inferred,complete_category,단답형,grid,false,,24f56ba03975b4759b1a9fe06f8de3d91ca5aade082d034db0509cdf21744ab3,4f53cda18c2baa0c0354bb5f9a3ecbe5ed12ab4d8e11ba873c2f11161202b945,84258cf532dab3ae75609a43141699313a08e5e04a08214fef3ff4c4c8d3c565,3f245a90cedb063dd15fed24941b8401ed7867c741d467c1a9d85fae08c16a8a,,,,,0,LOADED_VM,,NOT_STARTED,NOT_STARTED,NOT_STARTED,SVG_OPTIONAL,SVG_OPTIONAL,,,NONE,NO_PROBLEM_VISUAL,N/A,NONE,NOT_STARTED,,,,NOT_STARTED,NOT_STARTED,NOT_STARTED,NOT_TESTED,PASS,canonical_and_compiled_master_match,INVENTORY_PENDING,01_scope_inventory.csv#archive/exams/original/high/h1/1final/26_효천고_1학기_기말_고1_기출.js|26_효천고_1학기_기말_고1_기출|22,,INDEX_RECORD_PRESENT,original/high/h1/1final/26_효천고_1학기_기말_고1_기출.js_22,9ded0f1af40839a0d7f308d40d08e36e033349ba98f60f185adc4d0316bc237e,true,$-5$,IN_SCOPE_FORWARD,,,CLOSED_NO_SHARED_ASSET
archive/exams/original/high/h1/1final/26_효천고_1학기_기말_고1_기출.js|26_효천고_1학기_기말_고1_기출|23,archive/exams/original/high/h1/1final/26_효천고_1학기_기말_고1_기출.js,26_효천고_1학기_기말_고1_기출,23,23,23,2022,공통수학1,H22-C-06,여러 가지 방정식과 부등식,6,H22-C-06-EQUATION_BASIC,방정식의 풀이,category_or_cue_inferred,complete_category,서술형,grid,false,서술형,69e02f7891d07a72b737308b2b6f45a696ccafd55bd0f46760f552ee33643606,4f53cda18c2baa0c0354bb5f9a3ecbe5ed12ab4d8e11ba873c2f11161202b945,567e24e172eb1a11b4630d3b12af07d69bb49a97da4dc1d35f2182f3fd926bfc,160e3670f81855dbda36204f7a31f9215291c9d680ceb1afed2c63bf4e6ff4a2,,,,,0,LOADED_VM,,NOT_STARTED,NOT_STARTED,NOT_STARTED,SVG_OPTIONAL,SVG_OPTIONAL,,,NONE,NO_PROBLEM_VISUAL,N/A,NONE,NOT_STARTED,,,,NOT_STARTED,NOT_STARTED,NOT_STARTED,NOT_TESTED,PASS,canonical_and_compiled_master_match,INVENTORY_PENDING,01_scope_inventory.csv#archive/exams/original/high/h1/1final/26_효천고_1학기_기말_고1_기출.js|26_효천고_1학기_기말_고1_기출|23,,INDEX_RECORD_PRESENT,original/high/h1/1final/26_효천고_1학기_기말_고1_기출.js_23,9ded0f1af40839a0d7f308d40d08e36e033349ba98f60f185adc4d0316bc237e,true,$9<a\le11$,IN_SCOPE_FORWARD,,,CLOSED_NO_SHARED_ASSET
archive/exams/original/high/h1/1mid/25_순천여고_1학기_중간_고1_기출.js|25_순천여고_1학기_중간_고1_기출|16,archive/exams/original/high/h1/1mid/25_순천여고_1학기_중간_고1_기출.js,25_순천여고_1학기_중간_고1_기출,16,16,16,2022,공통수학1,H22-C-06,여러 가지 방정식과 부등식,6,H22-C-06-HIGHER_INEQUALITY,여러 가지 부등식,category_or_cue_inferred,complete_category,객관식,grid,false,객관식|전개|이차함수|최대최소|부등식|함수|도형|넓이,d6bbef970818a8718c1b7a7143eb02d68e80017e5c3ac5617e1d28c6c30d7640,4c174b11d79d95ea167dd8930db041a499adc479d1bc421379def00ae59ff4ad,dfde05a3668030e99ca64d8d4ae5f6b64c7a87cee61c0ba43904b92ef210191d,9da3715451da0d43712dea28372decdb5f49d21216b586e8f055c250a621583a,,,,,0,LOADED_VM,,NOT_STARTED,NOT_STARTED,NOT_STARTED,SVG_REQUIRED_MISSING,SVG_REQUIRED_MISSING,GRAPH_OR_FUNCTION_STRUCTURE|COORDINATE_OR_GEOMETRY_STRUCTURE,,GRAPH_CANDIDATE,NO_PROBLEM_VISUAL,REVIEW_REQUIRED,NONE,NOT_STARTED,,,,NOT_STARTED,NOT_STARTED,NOT_STARTED,NOT_TESTED,PASS,canonical_and_compiled_master_match,INVENTORY_PENDING,01_scope_inventory.csv#archive/exams/original/high/h1/1mid/25_순천여고_1학기_중간_고1_기출.js|25_순천여고_1학기_중간_고1_기출|16,,INDEX_RECORD_PRESENT,original/high/h1/1mid/25_순천여고_1학기_중간_고1_기출.js_16,57d4f5a78ffcfaf97e3c4240879dfa0375ff581d3afc7c93194f125574f7ce4c,true,②,IN_SCOPE_FORWARD,,,CLOSED_NO_SHARED_ASSET
archive/exams/original/high/h1/1mid/25_팔마고_1학기_중간_고1_기출.js|25_팔마고_1학기_중간_고1_기출|12,archive/exams/original/high/h1/1mid/25_팔마고_1학기_중간_고1_기출.js,25_팔마고_1학기_중간_고1_기출,12,12,12,2022,공통수학1,H22-C-06,여러 가지 방정식과 부등식,6,H22-C-06-SYSTEM_OF_EQUATIONS,연립방정식,candidate_evidence,complete_candidate,객관식,grid,false,객관식|제곱근|근호|이차방정식|판별식|최대최소|연립방정식|대입,f1a9ea27da29b9f6a073d4aaa154eef7901877ffecb925eac8dfef894b8befbb,3971590e93be7e2ab1d04357bff2c1245d09448376d7c36ca8323775258baa8a,973d2fd2f97e26a666f403b12da6d87e527985b36bcf4ff0a47c7e7e8c36321a,aec08db4a95ed104cf6955e60660231407ebf8a91179b9377d271d14d27ed09c,,,,,0,LOADED_VM,,NOT_STARTED,NOT_STARTED,NOT_STARTED,SVG_OPTIONAL,SVG_OPTIONAL,,,NONE,NO_PROBLEM_VISUAL,N/A,NONE,NOT_STARTED,,,,NOT_STARTED,NOT_STARTED,NOT_STARTED,NOT_TESTED,PASS,canonical_and_compiled_master_match,INVENTORY_PENDING,01_scope_inventory.csv#archive/exams/original/high/h1/1mid/25_팔마고_1학기_중간_고1_기출.js|25_팔마고_1학기_중간_고1_기출|12,,INDEX_RECORD_PRESENT,original/high/h1/1mid/25_팔마고_1학기_중간_고1_기출.js_12,1680fdaa4cd5b3271cc05e93f129c7c4fd5c27508ac36b0db82dffde3b3897f4,true,①,IN_SCOPE_FORWARD,,,CLOSED_NO_SHARED_ASSET
archive/exams/original/high/h1/1mid/25_팔마고_1학기_중간_고1_기출.js|25_팔마고_1학기_중간_고1_기출|23,archive/exams/original/high/h1/1mid/25_팔마고_1학기_중간_고1_기출.js,25_팔마고_1학기_중간_고1_기출,23,23,23,2022,공통수학1,H22-C-06,여러 가지 방정식과 부등식,6,H22-C-06-SYSTEM_OF_EQUATIONS,연립방정식,candidate_evidence,complete_candidate,서술형,grid,false,서술형|인수분해|이차방정식|판별식|연립방정식|도형|원|개수세기,2824329bb7e693fd2af119eda34c27dc3502eb7681cca6807f79c9447fb4a179,4f53cda18c2baa0c0354bb5f9a3ecbe5ed12ab4d8e11ba873c2f11161202b945,9e8a28708309c8e3e08e5432c793bc8be701e3fa5c6570533407e44aff13c94d,b716fc91db98b24cab236b0303547bd662e3be14576acb5b9e23bdca7a7681ed,,,,,0,LOADED_VM,,NOT_STARTED,NOT_STARTED,NOT_STARTED,SVG_REQUIRED_MISSING,SVG_REQUIRED_MISSING,COORDINATE_OR_GEOMETRY_STRUCTURE,,VISUAL_CANDIDATE,NO_PROBLEM_VISUAL,REVIEW_REQUIRED,NONE,NOT_STARTED,,,,NOT_STARTED,NOT_STARTED,NOT_STARTED,NOT_TESTED,PASS,canonical_and_compiled_master_match,INVENTORY_PENDING,01_scope_inventory.csv#archive/exams/original/high/h1/1mid/25_팔마고_1학기_중간_고1_기출.js|25_팔마고_1학기_중간_고1_기출|23,,INDEX_RECORD_PRESENT,original/high/h1/1mid/25_팔마고_1학기_중간_고1_기출.js_23,1680fdaa4cd5b3271cc05e93f129c7c4fd5c27508ac36b0db82dffde3b3897f4,true,$1$,IN_SCOPE_FORWARD,,,CLOSED_NO_SHARED_ASSET
archive/exams/original/high/h1/1mid/26_팔마고_1학기_중간_고1_기출_c.js|26_팔마고_1학기_중간_고1_기출|10,archive/exams/original/high/h1/1mid/26_팔마고_1학기_중간_고1_기출_c.js,26_팔마고_1학기_중간_고1_기출,10,10,10,2022,공통수학1,H22-C-06,여러 가지 방정식과 부등식,6,H22-C-06-EQUATION_BASIC,방정식의 풀이,category_or_cue_inferred,complete_category,객관식,grid,false,객관식|판별식|부등식|계산|조건해석,28099cf04415a418b9293a1355750f908a98f9f883d39cb0f57e29be6a46dd0a,3cc19e370a6671b60f17396fd032ed6593aa1547f8af80d6ab8d949018911b5e,dfde05a3668030e99ca64d8d4ae5f6b64c7a87cee61c0ba43904b92ef210191d,5ff95d183ab72fe6e788dc21d4d41973ba103639e2c31cc6b11e4199cd8a971b,,,,,0,LOADED_VM,,NOT_STARTED,NOT_STARTED,NOT_STARTED,SVG_OPTIONAL,SVG_OPTIONAL,,,NONE,NO_PROBLEM_VISUAL,N/A,NONE,NOT_STARTED,,,,NOT_STARTED,NOT_STARTED,NOT_STARTED,NOT_TESTED,PASS,canonical_and_compiled_master_match,INVENTORY_PENDING,01_scope_inventory.csv#archive/exams/original/high/h1/1mid/26_팔마고_1학기_중간_고1_기출_c.js|26_팔마고_1학기_중간_고1_기출|10,,INDEX_RECORD_PRESENT,original/high/h1/1mid/26_팔마고_1학기_중간_고1_기출_c.js_10,82ad8e7b7275f3870fadc87455beebce75219f1fe8c040a61d6e4aeccfa3ee0e,true,②,IN_SCOPE_FORWARD,,,CLOSED_NO_SHARED_ASSET
archive/exams/original/high/h1/1mid/26_팔마고_1학기_중간_고1_기출_c.js|26_팔마고_1학기_중간_고1_기출|13,archive/exams/original/high/h1/1mid/26_팔마고_1학기_중간_고1_기출_c.js,26_팔마고_1학기_중간_고1_기출,13,13,13,2022,공통수학1,H22-C-06,여러 가지 방정식과 부등식,6,H22-C-06-EQUATION_BASIC,방정식의 풀이,category_or_cue_inferred,complete_category,객관식,grid,false,객관식|부등식|도형|사각형|넓이|조건해석|계산,86272546e84be63f5783477b1013c7fe42268648af683e08b484186a9f60c034,964271fd109cb43d7d2dd9be2319f7028acfa03f54a692534514537330345e2e,b15be6cb71072b84f7e1e198ce023fc5bb8b1e625335904ddcf3cffcd8b7312b,b4416f09d997e65cba31327b33ad225020bd559571bde33c037d4b9fd44ecad2,,,,,0,LOADED_VM,,NOT_STARTED,NOT_STARTED,NOT_STARTED,SVG_REQUIRED_MISSING,SVG_REQUIRED_MISSING,COORDINATE_OR_GEOMETRY_STRUCTURE,,VISUAL_CANDIDATE,NO_PROBLEM_VISUAL,REVIEW_REQUIRED,NONE,NOT_STARTED,,,,NOT_STARTED,NOT_STARTED,NOT_STARTED,NOT_TESTED,PASS,canonical_and_compiled_master_match,INVENTORY_PENDING,01_scope_inventory.csv#archive/exams/original/high/h1/1mid/26_팔마고_1학기_중간_고1_기출_c.js|26_팔마고_1학기_중간_고1_기출|13,,INDEX_RECORD_PRESENT,original/high/h1/1mid/26_팔마고_1학기_중간_고1_기출_c.js_13,82ad8e7b7275f3870fadc87455beebce75219f1fe8c040a61d6e4aeccfa3ee0e,true,③,IN_SCOPE_FORWARD,,,CLOSED_NO_SHARED_ASSET
archive/exams/original/high/h1/1mid/26_팔마고_1학기_중간_고1_기출_c.js|26_팔마고_1학기_중간_고1_기출|14,archive/exams/original/high/h1/1mid/26_팔마고_1학기_중간_고1_기출_c.js,26_팔마고_1학기_중간_고1_기출,14,14,14,2022,공통수학1,H22-C-06,여러 가지 방정식과 부등식,6,H22-C-06-EQUATION,여러 가지 방정식,category_or_cue_inferred,complete_category,객관식,grid,false,객관식|판별식|부등식|조건해석|계산,9565590b1cb96a6e19f2e0c93c2bd6d4ae1b77e7050bc6401e97fe1212593733,2b86afb8d5d9ce2dce26704d29f8892ed8f26e165d9dd4621722e2472e819418,d41ea6521f53fb3dfa10cf72e2932f4405d9c999fa422cdc840d25d57e90dd34,b3222dc6274acce51321cfc048d9e791525bf9a504955426fe0ee8c56fbf7f00,,,,,0,LOADED_VM,,NOT_STARTED,NOT_STARTED,NOT_STARTED,SVG_OPTIONAL,SVG_OPTIONAL,,,NONE,NO_PROBLEM_VISUAL,N/A,NONE,NOT_STARTED,,,,NOT_STARTED,NOT_STARTED,NOT_STARTED,NOT_TESTED,PASS,canonical_and_compiled_master_match,INVENTORY_PENDING,01_scope_inventory.csv#archive/exams/original/high/h1/1mid/26_팔마고_1학기_중간_고1_기출_c.js|26_팔마고_1학기_중간_고1_기출|14,,INDEX_RECORD_PRESENT,original/high/h1/1mid/26_팔마고_1학기_중간_고1_기출_c.js_14,82ad8e7b7275f3870fadc87455beebce75219f1fe8c040a61d6e4aeccfa3ee0e,true,④,IN_SCOPE_FORWARD,,,CLOSED_NO_SHARED_ASSET
archive/exams/original/high/h1/1mid/26_팔마고_1학기_중간_고1_기출_c.js|26_팔마고_1학기_중간_고1_기출|18,archive/exams/original/high/h1/1mid/26_팔마고_1학기_중간_고1_기출_c.js,26_팔마고_1학기_중간_고1_기출,18,18,18,2022,공통수학1,H22-C-06,여러 가지 방정식과 부등식,6,H22-C-06-EQUATION_BASIC,방정식의 풀이,category_or_cue_inferred,complete_category,객관식,grid,false,객관식|판별식|부등식|계산|조건해석,86540c8e6c6719919b15c329d89d46da5b16f385f3a6d107bfb9f1acf032db42,2953a550bc852dabb23cd7182de8ab6fa2fb4d03b693d547b26e98bc0ba0233f,b15be6cb71072b84f7e1e198ce023fc5bb8b1e625335904ddcf3cffcd8b7312b,d16d5d9884d57a5ec5c633b755476b3066f3038343214af1f318d95b2e6a7c28,,,,,0,LOADED_VM,,NOT_STARTED,NOT_STARTED,NOT_STARTED,SVG_OPTIONAL,SVG_OPTIONAL,,,NONE,NO_PROBLEM_VISUAL,N/A,NONE,NOT_STARTED,,,,NOT_STARTED,NOT_STARTED,NOT_STARTED,NOT_TESTED,PASS,canonical_and_compiled_master_match,INVENTORY_PENDING,01_scope_inventory.csv#archive/exams/original/high/h1/1mid/26_팔마고_1학기_중간_고1_기출_c.js|26_팔마고_1학기_중간_고1_기출|18,,INDEX_RECORD_PRESENT,original/high/h1/1mid/26_팔마고_1학기_중간_고1_기출_c.js_18,82ad8e7b7275f3870fadc87455beebce75219f1fe8c040a61d6e4aeccfa3ee0e,true,③,IN_SCOPE_FORWARD,,,CLOSED_NO_SHARED_ASSET
archive/exams/original/high/h1/1mid/26_팔마고_1학기_중간_고1_기출_c.js|26_팔마고_1학기_중간_고1_기출|21,archive/exams/original/high/h1/1mid/26_팔마고_1학기_중간_고1_기출_c.js,26_팔마고_1학기_중간_고1_기출,21,21,21,2022,공통수학1,H22-C-06,여러 가지 방정식과 부등식,6,H22-C-06-EQUATION_BASIC,방정식의 풀이,category_or_cue_inferred,complete_category,서술형,grid,false,서술형,d362faacfe7a802b81f598494e28efe3e04f656c6ee09f2adc8905652987e95e,4f53cda18c2baa0c0354bb5f9a3ecbe5ed12ab4d8e11ba873c2f11161202b945,c3d862d3efeaf0292da260b5acd7c6e7e7a575e71e47d7f272a50c49934bf354,474ee8de8338fcf1646589ce963cc9d78bec77625897b143f483856c894435b7,,,,,0,LOADED_VM,,NOT_STARTED,NOT_STARTED,NOT_STARTED,SVG_REQUIRED_MISSING,SVG_REQUIRED_MISSING,GRAPH_OR_FUNCTION_STRUCTURE|COORDINATE_OR_GEOMETRY_STRUCTURE|TABLE_OR_MATRIX_STRUCTURE,,GRAPH_CANDIDATE,NO_PROBLEM_VISUAL,REVIEW_REQUIRED,NONE,NOT_STARTED,,,,NOT_STARTED,NOT_STARTED,NOT_STARTED,NOT_TESTED,PASS,canonical_and_compiled_master_match,INVENTORY_PENDING,01_scope_inventory.csv#archive/exams/original/high/h1/1mid/26_팔마고_1학기_중간_고1_기출_c.js|26_팔마고_1학기_중간_고1_기출|21,,INDEX_RECORD_PRESENT,original/high/h1/1mid/26_팔마고_1학기_중간_고1_기출_c.js_21,82ad8e7b7275f3870fadc87455beebce75219f1fe8c040a61d6e4aeccfa3ee0e,true,"(1) ($4, 1$), ($-1, -4$) (2) 5",IN_SCOPE_FORWARD,,,CLOSED_NO_SHARED_ASSET
archive/exams/original/high/h1/1mid/26_효천고_1학기_중간_고1_기출c.js|26_효천고_1학기_중간_고1_기출|4,archive/exams/original/high/h1/1mid/26_효천고_1학기_중간_고1_기출c.js,26_효천고_1학기_중간_고1_기출,4,4,4,2022,공통수학1,H22-C-06,여러 가지 방정식과 부등식,6,H22-C-06-EQUATION,여러 가지 방정식,category_or_cue_inferred,complete_category,객관식,grid,false,객관식|제곱근|근호|무리수|유리수|분모유리화|계수비교|근과계수,4878dd0c232f3f606076bc00a0ddfea5f029fadbbaf72646dc401959bfed0c4e,cc4f1f7fd21459ce5bcba92f00d0a8b9ba878a01dfdf0687db03ec9b942c35db,d41ea6521f53fb3dfa10cf72e2932f4405d9c999fa422cdc840d25d57e90dd34,6e87d65187d495bc0a40e0b370ebe77acf449d483560f25d776ca25ba3c3f579,,,,,0,LOADED_VM,,NOT_STARTED,NOT_STARTED,NOT_STARTED,SVG_OPTIONAL,SVG_OPTIONAL,,,NONE,NO_PROBLEM_VISUAL,N/A,NONE,NOT_STARTED,,,,NOT_STARTED,NOT_STARTED,NOT_STARTED,NOT_TESTED,PASS,canonical_and_compiled_master_match,INVENTORY_PENDING,01_scope_inventory.csv#archive/exams/original/high/h1/1mid/26_효천고_1학기_중간_고1_기출c.js|26_효천고_1학기_중간_고1_기출|4,,INDEX_RECORD_PRESENT,original/high/h1/1mid/26_효천고_1학기_중간_고1_기출c.js_4,db242d2a18658e80729453eddca0c3643dc5235cd920a784afcd70d993cc7501,true,④,IN_SCOPE_FORWARD,,,CLOSED_NO_SHARED_ASSET
archive/exams/original/high/h1/1mid/26_효천고_1학기_중간_고1_기출c.js|26_효천고_1학기_중간_고1_기출|11,archive/exams/original/high/h1/1mid/26_효천고_1학기_중간_고1_기출c.js,26_효천고_1학기_중간_고1_기출,11,11,11,2022,공통수학1,H22-C-06,여러 가지 방정식과 부등식,6,H22-C-06-EQUATION_BASIC,방정식의 풀이,category_or_cue_inferred,complete_category,객관식,grid,false,객관식|인수분해|전개|판별식|조합|부등식|조건해석|계산,9dd8d4d85488b913f0b3bc7fb8c98b04acd7045a7e1d6f95b38ba484e42c2fde,49f3aebcfddcad540c581b0d6f9d04699fe370a53ec0e5f6f9fcd59f49f75a6b,973d2fd2f97e26a666f403b12da6d87e527985b36bcf4ff0a47c7e7e8c36321a,484adb3f23ac356d00d78d819e46d62ced19a444c500359ebc8bd729966e2ec3,,,,,0,LOADED_VM,,NOT_STARTED,NOT_STARTED,NOT_STARTED,SVG_OPTIONAL,SVG_OPTIONAL,,,NONE,NO_PROBLEM_VISUAL,N/A,NONE,NOT_STARTED,,,,NOT_STARTED,NOT_STARTED,NOT_STARTED,NOT_TESTED,PASS,canonical_and_compiled_master_match,INVENTORY_PENDING,01_scope_inventory.csv#archive/exams/original/high/h1/1mid/26_효천고_1학기_중간_고1_기출c.js|26_효천고_1학기_중간_고1_기출|11,,INDEX_RECORD_PRESENT,original/high/h1/1mid/26_효천고_1학기_중간_고1_기출c.js_11,db242d2a18658e80729453eddca0c3643dc5235cd920a784afcd70d993cc7501,true,①,IN_SCOPE_FORWARD,,,CLOSED_NO_SHARED_ASSET
archive/exams/original/high/h1/1mid/26_효천고_1학기_중간_고1_기출c.js|26_효천고_1학기_중간_고1_기출|13,archive/exams/original/high/h1/1mid/26_효천고_1학기_중간_고1_기출c.js,26_효천고_1학기_중간_고1_기출,13,13,13,2022,공통수학1,H22-C-06,여러 가지 방정식과 부등식,6,H22-C-06-EQUATION_BASIC,방정식의 풀이,category_or_cue_inferred,complete_category,객관식,grid,false,객관식|분모유리화|계수비교|복소수|켤레복소수|판별식|근과계수|부등식,8845bedd7f60e4c477192610481756dd791a5c4427bda24de1c30b4ccebcd826,0fb25cd630959ddf826e9eb573e0db37b5beb7b51b8320ec2c8a5ed7811f28aa,0bdef091c479702584f065d3a3714f8a76f851b3f0cf10912f345a5dd930b0a8,f75fb382829db0a3f8976d9873cac1c91ebb3697d4fb4b593207b68bc080a765,,,,,0,LOADED_VM,,NOT_STARTED,NOT_STARTED,NOT_STARTED,SVG_OPTIONAL,SVG_OPTIONAL,,,NONE,NO_PROBLEM_VISUAL,N/A,NONE,NOT_STARTED,,,,NOT_STARTED,NOT_STARTED,NOT_STARTED,NOT_TESTED,PASS,canonical_and_compiled_master_match,INVENTORY_PENDING,01_scope_inventory.csv#archive/exams/original/high/h1/1mid/26_효천고_1학기_중간_고1_기출c.js|26_효천고_1학기_중간_고1_기출|13,,INDEX_RECORD_PRESENT,original/high/h1/1mid/26_효천고_1학기_중간_고1_기출c.js_13,db242d2a18658e80729453eddca0c3643dc5235cd920a784afcd70d993cc7501,true,⑤,IN_SCOPE_FORWARD,,,CLOSED_NO_SHARED_ASSET
archive/exams/original/high/h1/1mid/26_효천고_1학기_중간_고1_기출c.js|26_효천고_1학기_중간_고1_기출|22,archive/exams/original/high/h1/1mid/26_효천고_1학기_중간_고1_기출c.js,26_효천고_1학기_중간_고1_기출,22,22,22,2022,공통수학1,H22-C-06,여러 가지 방정식과 부등식,6,H22-C-06-EQUATION_BASIC,방정식의 풀이,category_or_cue_inferred,complete_category,단답형,grid,false,서술형|제곱근|근호|인수분해|이차방정식|부등식|일차방정식|대입,0ad6fb5592e8190a6b294e371601f91cc273d2c4c9e719a3081dd962b74ce9fc,4f53cda18c2baa0c0354bb5f9a3ecbe5ed12ab4d8e11ba873c2f11161202b945,253e291bd304e56a65453dcb8dcf61ce961943ad20936466d0a782c76e94ca56,773c2b6362984342c05c286738ca5d3e96af600066dd6347e63c2913e9144d1d,,,,,0,LOADED_VM,,NOT_STARTED,NOT_STARTED,NOT_STARTED,SVG_OPTIONAL,SVG_OPTIONAL,,,NONE,NO_PROBLEM_VISUAL,N/A,NONE,NOT_STARTED,,,,NOT_STARTED,NOT_STARTED,NOT_STARTED,NOT_TESTED,PASS,canonical_and_compiled_master_match,INVENTORY_PENDING,01_scope_inventory.csv#archive/exams/original/high/h1/1mid/26_효천고_1학기_중간_고1_기출c.js|26_효천고_1학기_중간_고1_기출|22,,INDEX_RECORD_PRESENT,original/high/h1/1mid/26_효천고_1학기_중간_고1_기출c.js_22,db242d2a18658e80729453eddca0c3643dc5235cd920a784afcd70d993cc7501,true,"$(2\sqrt{10}, \sqrt{10}), (-2\sqrt{10}, -\sqrt{10}), (-5, 5), (5, -5)$",IN_SCOPE_FORWARD,,,CLOSED_NO_SHARED_ASSET
