questionUid,sourceJsPath,examId,id,displayNo,sourceOrdinal,curriculumVersion,standardCourse,standardUnitKey,standardUnit,standardUnitOrder,subUnitKey,subUnit,subUnitConfidence,subUnitClassificationDepth,questionType,layoutTag,wide,tags,contentHash,choicesHash,answerHash,solutionHash,problemImageRef,problemImageHash,solutionImageRef,solutionImageHash,inlineSvgCount,sourceValidityStatus,independentAnswer,answerParity,solutionQualityStatus,curriculumStatus,visualRequirement,visualRequirementCandidate,visualReasonCode,visualMarkers,visualType,problemVisualSufficiency,scalePolicy,existingSvgStatus,svgRepairStatus,factObligationSet,expectedFactHash,observedFactHash,numericParity,semanticParity,styleLintStatus,renderStatus,metadataStatus,metadataReason,finalVerdict,evidenceRef,assetRefs,questionIndexParity,qKey,sourceFileSha256,solutionPresent,answerValue,scopeStatus,sharedAssetUid,dependencyQuestionUids,dependencyClosureStatus
archive/exams/original/high/h1/1final/22_금당고_1학기_기말_고1_기출.js|22_금당고_1학기_기말_고1_기출|6,archive/exams/original/high/h1/1final/22_금당고_1학기_기말_고1_기출.js,22_금당고_1학기_기말_고1_기출,6,6,6,2015,수학(상),H15-SA-11,원의 방정식,11,H15-SA-11-TANGENT,원과 접선,category_or_cue_inferred,complete_category,객관식,grid,false,객관식|원의 방정식|접선|좌표축 접원|접점|중심|반지름|도형,a5d58b77d529b62da540d5365e673b15d94b2b3a98e843f422c575e0184e2545,2953a550bc852dabb23cd7182de8ab6fa2fb4d03b693d547b26e98bc0ba0233f,0bdef091c479702584f065d3a3714f8a76f851b3f0cf10912f345a5dd930b0a8,bb4f5423cd8dd996844058e8d0ce6825301d65a925147ff3143368befb1e9359,,,assets/images/22_금당고_1학기_기말_고1_기출/q06-solution.svg,13ddd7999b84769216d84d405462c6aaeb8251b57148fff0fca74123e0c7cc4f,0,LOADED_VM,,NOT_STARTED,NOT_STARTED,NOT_STARTED,SOURCE_REVIEW,SOURCE_REVIEW,COORDINATE_OR_GEOMETRY_STRUCTURE|TABLE_OR_MATRIX_STRUCTURE,,SVG,NO_PROBLEM_VISUAL,REVIEW_REQUIRED,SOLUTION_SVG,NOT_STARTED,,,f78316514567b540bca38fc2ad1fb9fe7520cbaf5fea9d392c88948fd6bcaee7,NOT_STARTED,NOT_STARTED,NOT_STARTED,NOT_TESTED,PASS,canonical_and_compiled_master_match,INVENTORY_PENDING,01_scope_inventory.csv#archive/exams/original/high/h1/1final/22_금당고_1학기_기말_고1_기출.js|22_금당고_1학기_기말_고1_기출|6,[object Object],INDEX_RECORD_PRESENT,original/high/h1/1final/22_금당고_1학기_기말_고1_기출.js_6,4c241cdb54466f474661d78f34d27c9dd5824b9b6c957e998e6d48f881f0d952,true,⑤,IN_SCOPE_FORWARD,,,CLOSED_NO_SHARED_ASSET
archive/exams/original/high/h1/1final/22_금당고_1학기_기말_고1_기출.js|22_금당고_1학기_기말_고1_기출|11,archive/exams/original/high/h1/1final/22_금당고_1학기_기말_고1_기출.js,22_금당고_1학기_기말_고1_기출,11,11,11,2015,수학(상),H15-SA-11,원의 방정식,11,H15-SA-11-INTERSECTION,원과 직선·원의 교점,category_or_cue_inferred,complete_category,객관식,grid,false,객관식|원의 방정식|교점|직선과 원|중심|반지름|넓이|거리|도형,d13146ada056928c370a7c69ae02b739ce59c23637547cc7fb462d18c71d967f,a3df0ff132a92beb0688aa32aa24e81cf04558b945e21e98565e21772d8657e3,b15be6cb71072b84f7e1e198ce023fc5bb8b1e625335904ddcf3cffcd8b7312b,5e118f2ca8d5ff3bf7b9b516805939f9df6c96eda8e7bcbca9f9aa6546e83727,,,assets/images/22_금당고_1학기_기말_고1_기출/q11-solution.svg,66e884eb2fa75fea5f248244984cce6ff5fad703fa24e92c7e7647f15ccc436f,0,LOADED_VM,,NOT_STARTED,NOT_STARTED,NOT_STARTED,SOURCE_REVIEW,SOURCE_REVIEW,COORDINATE_OR_GEOMETRY_STRUCTURE,,SVG,NO_PROBLEM_VISUAL,REVIEW_REQUIRED,SOLUTION_SVG,NOT_STARTED,,,fa1c7679cf72473ec1082c6e85789da570f4438af19521a4fd8e4bceb9d33696,NOT_STARTED,NOT_STARTED,NOT_STARTED,NOT_TESTED,PASS,canonical_and_compiled_master_match,INVENTORY_PENDING,01_scope_inventory.csv#archive/exams/original/high/h1/1final/22_금당고_1학기_기말_고1_기출.js|22_금당고_1학기_기말_고1_기출|11,[object Object],INDEX_RECORD_PRESENT,original/high/h1/1final/22_금당고_1학기_기말_고1_기출.js_11,4c241cdb54466f474661d78f34d27c9dd5824b9b6c957e998e6d48f881f0d952,true,③,IN_SCOPE_FORWARD,,,CLOSED_NO_SHARED_ASSET
archive/exams/original/high/h1/1final/22_금당고_1학기_기말_고1_기출.js|22_금당고_1학기_기말_고1_기출|12,archive/exams/original/high/h1/1final/22_금당고_1학기_기말_고1_기출.js,22_금당고_1학기_기말_고1_기출,12,12,12,2015,수학(상),H15-SA-11,원의 방정식,11,H15-SA-11-CIRCLE_EQUATION,원의 방정식,category_or_cue_inferred,complete_category,객관식,grid,false,객관식|원의 방정식|중심|반지름|넓이|거리|도형,981f3d48839d8b7b88fc5633120b7ed3cc67c257e685e770e5ee8d3aae828ee5,cc754e669387e2862b62134e76c7f0253e3549b540f7e08044e1332c8e71d45d,b15be6cb71072b84f7e1e198ce023fc5bb8b1e625335904ddcf3cffcd8b7312b,f2ee9fd8b024732f40dd7d402ac1cdcb562f2c9b863807823c062e70bf68e56e,,,assets/images/22_금당고_1학기_기말_고1_기출/q12-solution.svg,024daddd840a23e9215aee23d651daf373c03be63ee6e4a8c4477e18ca9ca5f9,0,LOADED_VM,,NOT_STARTED,NOT_STARTED,NOT_STARTED,SOURCE_REVIEW,SOURCE_REVIEW,COORDINATE_OR_GEOMETRY_STRUCTURE,,SVG,NO_PROBLEM_VISUAL,REVIEW_REQUIRED,SOLUTION_SVG,NOT_STARTED,,,fe5dc18d68c3cdd0f03c32b3abf8bac49a7b374f120c7cecc89c4fbf17d28b01,NOT_STARTED,NOT_STARTED,NOT_STARTED,NOT_TESTED,PASS,canonical_and_compiled_master_match,INVENTORY_PENDING,01_scope_inventory.csv#archive/exams/original/high/h1/1final/22_금당고_1학기_기말_고1_기출.js|22_금당고_1학기_기말_고1_기출|12,[object Object],INDEX_RECORD_PRESENT,original/high/h1/1final/22_금당고_1학기_기말_고1_기출.js_12,4c241cdb54466f474661d78f34d27c9dd5824b9b6c957e998e6d48f881f0d952,true,③,IN_SCOPE_FORWARD,,,CLOSED_NO_SHARED_ASSET
archive/exams/original/high/h1/1final/22_금당고_1학기_기말_고1_기출.js|22_금당고_1학기_기말_고1_기출|21,archive/exams/original/high/h1/1final/22_금당고_1학기_기말_고1_기출.js,22_금당고_1학기_기말_고1_기출,21,21,21,2015,수학(상),H15-SA-11,원의 방정식,11,H15-SA-11-TANGENT,원과 접선,category_or_cue_inferred,complete_category,서술형,grid,true,서술형|원의 방정식|접선|좌표축 접원|중심|반지름|거리|도형,1aa275ab49ee36b2511be619a96bfd7a8ef8a0b76f661b5aaa3147663b058dd4,4f53cda18c2baa0c0354bb5f9a3ecbe5ed12ab4d8e11ba873c2f11161202b945,901e4e4ca2536369f2866ff97df59c44bec382f000be18caa547ec96e4285ac6,f4ad83e12b6ba168adb8318fd710355cb07f6d431cd69e502161adb8660d83b5,,,assets/images/22_금당고_1학기_기말_고1_기출/q21-solution.svg,bac06d1a56080aeea72d333cb1816e2c826cc1aa809fd1baa41934a0e0ef3c75,0,LOADED_VM,,NOT_STARTED,NOT_STARTED,NOT_STARTED,SOURCE_REVIEW,SOURCE_REVIEW,COORDINATE_OR_GEOMETRY_STRUCTURE|TABLE_OR_MATRIX_STRUCTURE,,SVG,NO_PROBLEM_VISUAL,REVIEW_REQUIRED,SOLUTION_SVG,NOT_STARTED,,,d9d9075f19afed5a891ccd1fc65633e248b67085744c2a1caf3dd4ce62b11887,NOT_STARTED,NOT_STARTED,NOT_STARTED,NOT_TESTED,PASS,canonical_and_compiled_master_match,INVENTORY_PENDING,01_scope_inventory.csv#archive/exams/original/high/h1/1final/22_금당고_1학기_기말_고1_기출.js|22_금당고_1학기_기말_고1_기출|21,[object Object],INDEX_RECORD_PRESENT,original/high/h1/1final/22_금당고_1학기_기말_고1_기출.js_21,4c241cdb54466f474661d78f34d27c9dd5824b9b6c957e998e6d48f881f0d952,true,$-12$,IN_SCOPE_FORWARD,,,CLOSED_NO_SHARED_ASSET
archive/exams/original/high/h1/1final/22_매산고_1학기_기말_고1_기출.js|22_매산고_1학기_기말_고1_기출|5,archive/exams/original/high/h1/1final/22_매산고_1학기_기말_고1_기출.js,22_매산고_1학기_기말_고1_기출,5,5,5,2015,수학(상),H15-SA-11,원의 방정식,11,H15-SA-11-CIRCLE_EQUATION,원의 방정식,category_or_cue_inferred,complete_category,객관식,grid,false,객관식|원의 방정식|반지름|도형,faa4159fcc8c2ec762693be53c8876a2deaeb23384c22c628a9a66a8f915cf74,afcd0efc733f41eb2478f0562e3610965b99c01d03f6cda94268c0e3fb9cf872,b15be6cb71072b84f7e1e198ce023fc5bb8b1e625335904ddcf3cffcd8b7312b,b32b32b92a3e4d5c107fd465d8374a0fa48395f99902cf51424687cad45e0c28,,,assets/images/22_매산고_1학기_기말_고1_기출/q05-solution.svg,cf91be701d9fa061a62c8d28833c5cdfe1aac97f976af243d5f58be785908746,0,LOADED_VM,,NOT_STARTED,NOT_STARTED,NOT_STARTED,SOURCE_REVIEW,SOURCE_REVIEW,COORDINATE_OR_GEOMETRY_STRUCTURE,,SVG,NO_PROBLEM_VISUAL,REVIEW_REQUIRED,SOLUTION_SVG,NOT_STARTED,,,7f5af1c43071c2abbed9c1c261258d088b2343c0ec41d0bb2f874d577f726bed,NOT_STARTED,NOT_STARTED,NOT_STARTED,NOT_TESTED,PASS,canonical_and_compiled_master_match,INVENTORY_PENDING,01_scope_inventory.csv#archive/exams/original/high/h1/1final/22_매산고_1학기_기말_고1_기출.js|22_매산고_1학기_기말_고1_기출|5,[object Object],INDEX_RECORD_PRESENT,original/high/h1/1final/22_매산고_1학기_기말_고1_기출.js_5,6eba0c1b691ff6db8d09e9e130a3fda9e2258f973dfb960765e7d86dcc47c0ca,true,③,IN_SCOPE_FORWARD,,,CLOSED_NO_SHARED_ASSET
archive/exams/original/high/h1/1final/22_매산고_1학기_기말_고1_기출.js|22_매산고_1학기_기말_고1_기출|10,archive/exams/original/high/h1/1final/22_매산고_1학기_기말_고1_기출.js,22_매산고_1학기_기말_고1_기출,10,10,10,2015,수학(상),H15-SA-11,원의 방정식,11,H15-SA-11-INTERSECTION,원과 직선·원의 교점,category_or_cue_inferred,complete_category,객관식,grid,false,객관식|원의 방정식|교점|두 원|공통현|직선과 원|중심|반지름|넓이|거리|도형,a334d0e1c4882b86756e632be2bfa471f708d848fb7a8d2f7381002f60d301a0,69a6a5c022e87f685af7341751a549c7a2ebc8810a3bb6601a8278420e338ea1,d41ea6521f53fb3dfa10cf72e2932f4405d9c999fa422cdc840d25d57e90dd34,6584076ff6cc72a1bf1a768a00e086fccf118d46d4ed4f5fc3d5bf6b99ff67fe,,,assets/images/22_매산고_1학기_기말_고1_기출/q10-solution.svg,afcd2104a13cb764593da2aae90abb4f90478c89685165ccc2f2512c97e517c7,0,LOADED_VM,,NOT_STARTED,NOT_STARTED,NOT_STARTED,SOURCE_REVIEW,SOURCE_REVIEW,COORDINATE_OR_GEOMETRY_STRUCTURE,,SVG,NO_PROBLEM_VISUAL,REVIEW_REQUIRED,SOLUTION_SVG,NOT_STARTED,,,15fdaa23df5a1b3e9067de4b8a6dc21cd40b377aef4fb844563644c9144c7705,NOT_STARTED,NOT_STARTED,NOT_STARTED,NOT_TESTED,PASS,canonical_and_compiled_master_match,INVENTORY_PENDING,01_scope_inventory.csv#archive/exams/original/high/h1/1final/22_매산고_1학기_기말_고1_기출.js|22_매산고_1학기_기말_고1_기출|10,[object Object],INDEX_RECORD_PRESENT,original/high/h1/1final/22_매산고_1학기_기말_고1_기출.js_10,6eba0c1b691ff6db8d09e9e130a3fda9e2258f973dfb960765e7d86dcc47c0ca,true,④,IN_SCOPE_FORWARD,,,CLOSED_NO_SHARED_ASSET
archive/exams/original/high/h1/1final/22_매산고_1학기_기말_고1_기출.js|22_매산고_1학기_기말_고1_기출|14,archive/exams/original/high/h1/1final/22_매산고_1학기_기말_고1_기출.js,22_매산고_1학기_기말_고1_기출,14,14,14,2015,수학(상),H15-SA-11,원의 방정식,11,H15-SA-11-TANGENT,원과 접선,category_or_cue_inferred,complete_category,객관식,grid,false,객관식|원의 방정식|접선|접점|중심|반지름|도형,659be0b747550419fb5691f90beae85398fba5393e62e4b948507dfaa878e0a8,71052d9b7014775ad4fdb26f9c80e38dee787689bacac72ae43b19fc6410acdf,973d2fd2f97e26a666f403b12da6d87e527985b36bcf4ff0a47c7e7e8c36321a,0070bcfd674d23e51fa61270b2339ef3875df66f58dbd76214b9940bf0f52083,,,assets/images/22_매산고_1학기_기말_고1_기출/q14-solution.svg,d837800ecdd19ca3e00d2f9a9c4a933e4fe5d5f955846070b2bd5d961ce869e6,0,LOADED_VM,,NOT_STARTED,NOT_STARTED,NOT_STARTED,SOURCE_REVIEW,SOURCE_REVIEW,GRAPH_OR_FUNCTION_STRUCTURE|COORDINATE_OR_GEOMETRY_STRUCTURE,,SVG,NO_PROBLEM_VISUAL,REVIEW_REQUIRED,SOLUTION_SVG,NOT_STARTED,,,b9a59ac0eafb389788f8c8e2667ce9b1e0278e7df7b0fb1507ad7b3ad4883a88,NOT_STARTED,NOT_STARTED,NOT_STARTED,NOT_TESTED,PASS,canonical_and_compiled_master_match,INVENTORY_PENDING,01_scope_inventory.csv#archive/exams/original/high/h1/1final/22_매산고_1학기_기말_고1_기출.js|22_매산고_1학기_기말_고1_기출|14,[object Object],INDEX_RECORD_PRESENT,original/high/h1/1final/22_매산고_1학기_기말_고1_기출.js_14,6eba0c1b691ff6db8d09e9e130a3fda9e2258f973dfb960765e7d86dcc47c0ca,true,①,IN_SCOPE_FORWARD,,,CLOSED_NO_SHARED_ASSET
archive/exams/original/high/h1/1final/22_매산고_1학기_기말_고1_기출.js|22_매산고_1학기_기말_고1_기출|18,archive/exams/original/high/h1/1final/22_매산고_1학기_기말_고1_기출.js,22_매산고_1학기_기말_고1_기출,18,18,18,2015,수학(상),H15-SA-11,원의 방정식,11,H15-SA-11-CIRCLE_EQUATION,원의 방정식,category_or_cue_inferred,complete_category,단답형,grid,false,단답형|원의 방정식|중심|반지름|거리|도형,ae9e995550b5bdeae75ad3e06349ecaa32fcbb8b390923abddc764e1f0403bb3,4f53cda18c2baa0c0354bb5f9a3ecbe5ed12ab4d8e11ba873c2f11161202b945,8969d134299d23c468e40ae54d1a10c3a5e250f19f658b4c65b6ec208eb5cba5,d46992f981031ed39723d04fec230a9ee4fb3e2881ffef824b7675d9e792ece8,,,assets/images/22_매산고_1학기_기말_고1_기출/q18-solution.svg,22f10365b138dba9dd9cecb9c1aae36816a8cc6682823e3a5f2826b176108c90,0,LOADED_VM,,NOT_STARTED,NOT_STARTED,NOT_STARTED,SOURCE_REVIEW,SOURCE_REVIEW,COORDINATE_OR_GEOMETRY_STRUCTURE,,SVG,NO_PROBLEM_VISUAL,REVIEW_REQUIRED,SOLUTION_SVG,NOT_STARTED,,,a585c5da5cc2281882ffa38ebea6c2e1006ac781dd8e121099c4e0e34cb07922,NOT_STARTED,NOT_STARTED,NOT_STARTED,NOT_TESTED,PASS,canonical_and_compiled_master_match,INVENTORY_PENDING,01_scope_inventory.csv#archive/exams/original/high/h1/1final/22_매산고_1학기_기말_고1_기출.js|22_매산고_1학기_기말_고1_기출|18,[object Object],INDEX_RECORD_PRESENT,original/high/h1/1final/22_매산고_1학기_기말_고1_기출.js_18,6eba0c1b691ff6db8d09e9e130a3fda9e2258f973dfb960765e7d86dcc47c0ca,true,$-\dfrac14$,IN_SCOPE_FORWARD,,,CLOSED_NO_SHARED_ASSET
archive/exams/original/high/h1/1final/22_매산고_1학기_기말_고1_기출.js|22_매산고_1학기_기말_고1_기출|19,archive/exams/original/high/h1/1final/22_매산고_1학기_기말_고1_기출.js,22_매산고_1학기_기말_고1_기출,19,19,19,2015,수학(상),H15-SA-11,원의 방정식,11,H15-SA-11-INTERSECTION,원과 직선·원의 교점,category_or_cue_inferred,complete_category,서술형,grid,false,서술형|원의 방정식|교점|두 원|직선과 원|위치 관계|중심|반지름|거리|도형,06c5c593c59fb313d3c304ec7f07225e527da47781625b3884ce5c8f7f5ea633,4f53cda18c2baa0c0354bb5f9a3ecbe5ed12ab4d8e11ba873c2f11161202b945,566433551ff99f906b82d92b3b5eaecf6703d9d09240bc225bde0931ba0adb5a,9236fe53b239d3d6db1e36b727e80cabc7b32001228aebf9df1624fbec6a1b62,,,assets/images/22_매산고_1학기_기말_고1_기출/q19-solution.svg,33ed13dae6c8bccfe5fdce29ee849cb3513229cc417fc08927ea5b3bd6855751,0,LOADED_VM,,NOT_STARTED,NOT_STARTED,NOT_STARTED,SOURCE_REVIEW,SOURCE_REVIEW,GRAPH_OR_FUNCTION_STRUCTURE|COORDINATE_OR_GEOMETRY_STRUCTURE|TABLE_OR_MATRIX_STRUCTURE,,SVG,NO_PROBLEM_VISUAL,REVIEW_REQUIRED,SOLUTION_SVG,NOT_STARTED,,,ba458b2748c72078b3e376b7a6e5d90bc9c6c0a1f0d6b9e0151d6735c726a132,NOT_STARTED,NOT_STARTED,NOT_STARTED,NOT_TESTED,PASS,canonical_and_compiled_master_match,INVENTORY_PENDING,01_scope_inventory.csv#archive/exams/original/high/h1/1final/22_매산고_1학기_기말_고1_기출.js|22_매산고_1학기_기말_고1_기출|19,[object Object],INDEX_RECORD_PRESENT,original/high/h1/1final/22_매산고_1학기_기말_고1_기출.js_19,6eba0c1b691ff6db8d09e9e130a3fda9e2258f973dfb960765e7d86dcc47c0ca,true,$\dfrac34<m<1$ 또는 $1<m<\dfrac{15}{8}$,IN_SCOPE_FORWARD,,,CLOSED_NO_SHARED_ASSET
archive/exams/original/high/h1/1final/22_복성고_1학기_기말_고1_기출.js|22_복성고_1학기_기말_고1_기출|3,archive/exams/original/high/h1/1final/22_복성고_1학기_기말_고1_기출.js,22_복성고_1학기_기말_고1_기출,3,3,3,2015,수학(상),H15-SA-11,원의 방정식,11,H15-SA-11-TANGENT,원과 접선,category_or_cue_inferred,complete_category,객관식,grid,false,객관식|원의 방정식|접선|반지름|도형,318e0e3bea9ba90dcb68beaff2f0c08aca8d5f0798cf787bd45a4dd5099d3665,070acf8352cb9d2dd4fded66c8b1e6cbb119a2637c7160f531b8e227aae34db4,973d2fd2f97e26a666f403b12da6d87e527985b36bcf4ff0a47c7e7e8c36321a,3e091f0568f21c2ec7cf23ad7334e91c0394791967e47b23335c60bbaea41f4b,,,assets/images/22_복성고_1학기_기말_고1_기출/q03-solution.svg,8f63bf4e89956f27e257490103fb9a9af1bca79c884fbd1688df06cdcd475531,0,LOADED_VM,,NOT_STARTED,NOT_STARTED,NOT_STARTED,SOURCE_REVIEW,SOURCE_REVIEW,COORDINATE_OR_GEOMETRY_STRUCTURE,,SVG,NO_PROBLEM_VISUAL,REVIEW_REQUIRED,SOLUTION_SVG,NOT_STARTED,,,4d0b07f9021df83356c78f107b38ba45b3e12ee43c55bcb25d22f07aec12791b,NOT_STARTED,NOT_STARTED,NOT_STARTED,NOT_TESTED,PASS,canonical_and_compiled_master_match,INVENTORY_PENDING,01_scope_inventory.csv#archive/exams/original/high/h1/1final/22_복성고_1학기_기말_고1_기출.js|22_복성고_1학기_기말_고1_기출|3,[object Object],INDEX_RECORD_PRESENT,original/high/h1/1final/22_복성고_1학기_기말_고1_기출.js_3,400e2aca1499c9d907123620c6251a29f161016cdaa1458ca3332a19e0f9df4d,true,①,IN_SCOPE_FORWARD,,,CLOSED_NO_SHARED_ASSET
archive/exams/original/high/h1/1final/22_복성고_1학기_기말_고1_기출.js|22_복성고_1학기_기말_고1_기출|12,archive/exams/original/high/h1/1final/22_복성고_1학기_기말_고1_기출.js,22_복성고_1학기_기말_고1_기출,12,12,12,2015,수학(상),H15-SA-11,원의 방정식,11,H15-SA-11-TANGENT,원과 접선,category_or_cue_inferred,complete_category,객관식,grid,false,객관식|원의 방정식|접선|접점|도형,5eb34ad76ce601a52d4fd7f84a5db5c82ba83a26a6a0f6c589c3db5a3cfefb20,d9d4304a2305595852250fa4d1c9754293fab4332251d5c7a07ea849cb0812f2,973d2fd2f97e26a666f403b12da6d87e527985b36bcf4ff0a47c7e7e8c36321a,c8595300f008f683e24f05678a60769e0aaedf009406f253a2f56f989be51cce,,,assets/images/22_복성고_1학기_기말_고1_기출/q12-solution.svg,bed80bcccb6e533a7e79ad6f79092ea5c0bc92d443f78c9c2d8116ccc6d284dc,0,LOADED_VM,,NOT_STARTED,NOT_STARTED,NOT_STARTED,SOURCE_REVIEW,SOURCE_REVIEW,COORDINATE_OR_GEOMETRY_STRUCTURE|SET_OR_LOGIC_STRUCTURE,,SVG,NO_PROBLEM_VISUAL,REVIEW_REQUIRED,SOLUTION_SVG,NOT_STARTED,,,4ead07cda8dff2d70111b815e465a35c3b3b280f06fa9ac27471fb9bc68a355f,NOT_STARTED,NOT_STARTED,NOT_STARTED,NOT_TESTED,PASS,canonical_and_compiled_master_match,INVENTORY_PENDING,01_scope_inventory.csv#archive/exams/original/high/h1/1final/22_복성고_1학기_기말_고1_기출.js|22_복성고_1학기_기말_고1_기출|12,[object Object],INDEX_RECORD_PRESENT,original/high/h1/1final/22_복성고_1학기_기말_고1_기출.js_12,400e2aca1499c9d907123620c6251a29f161016cdaa1458ca3332a19e0f9df4d,true,①,IN_SCOPE_FORWARD,,,CLOSED_NO_SHARED_ASSET
archive/exams/original/high/h1/1final/22_복성고_1학기_기말_고1_기출.js|22_복성고_1학기_기말_고1_기출|15,archive/exams/original/high/h1/1final/22_복성고_1학기_기말_고1_기출.js,22_복성고_1학기_기말_고1_기출,15,15,15,2015,수학(상),H15-SA-11,원의 방정식,11,H15-SA-11-TANGENT,원과 접선,category_or_cue_inferred,complete_category,객관식,grid,false,객관식|원의 방정식|접선|중심|반지름|넓이|거리|도형,78de165e18f8407cfde0f209bd666e814cd7b634f891dfb0da514eef359803d2,1bb684bbfee8f6d38ea021654fd35cf342b6a877f81a6ae02c77bd948c34ba1b,dfde05a3668030e99ca64d8d4ae5f6b64c7a87cee61c0ba43904b92ef210191d,022c074c8d20ad52a589d1897969ea9573a215b87e118e8b29774b505978ada9,,,assets/images/22_복성고_1학기_기말_고1_기출/q15-solution.svg,5160d53a4523e29b12338788bc129fae7ab8e1cce22ad14464d108d0df54da55,0,LOADED_VM,,NOT_STARTED,NOT_STARTED,NOT_STARTED,SOURCE_REVIEW,SOURCE_REVIEW,GRAPH_OR_FUNCTION_STRUCTURE|COORDINATE_OR_GEOMETRY_STRUCTURE,,SVG,NO_PROBLEM_VISUAL,REVIEW_REQUIRED,SOLUTION_SVG,NOT_STARTED,,,3301c86f151c2a8efec7a4d3fb88657d053695749d928c7f6bcf15c0f1c5f798,NOT_STARTED,NOT_STARTED,NOT_STARTED,NOT_TESTED,PASS,canonical_and_compiled_master_match,INVENTORY_PENDING,01_scope_inventory.csv#archive/exams/original/high/h1/1final/22_복성고_1학기_기말_고1_기출.js|22_복성고_1학기_기말_고1_기출|15,[object Object],INDEX_RECORD_PRESENT,original/high/h1/1final/22_복성고_1학기_기말_고1_기출.js_15,400e2aca1499c9d907123620c6251a29f161016cdaa1458ca3332a19e0f9df4d,true,②,IN_SCOPE_FORWARD,,,CLOSED_NO_SHARED_ASSET
archive/exams/original/high/h1/1final/22_순천여고_1학기_기말_고1_기출.js|22_순천여고_1학기_기말_고1_기출|4,archive/exams/original/high/h1/1final/22_순천여고_1학기_기말_고1_기출.js,22_순천여고_1학기_기말_고1_기출,4,4,4,2015,수학(상),H15-SA-11,원의 방정식,11,H15-SA-11-TANGENT,원과 접선,category_or_cue_inferred,complete_category,객관식,grid,false,객관식|원의 방정식|접선|중심|반지름|거리|도형,5627f75db737676d2bea0d13f20bb02ddea795643bb543937b08a75f10865599,84cbeb43c4fa98aa17e5b7173c9c72ed30370ad71c66adcad49a2f2c69fb58a6,b15be6cb71072b84f7e1e198ce023fc5bb8b1e625335904ddcf3cffcd8b7312b,b6d5625bd96f2be356996bee761aefd7b57ba9104c921de2723dd4b3c94d10c2,,,assets/images/22_순천여고_1학기_기말_고1_기출/q04-solution.svg,fc921e1da3ce8cd588f8b6cd096774fc0f3404326bac60d6333d321bb987ff7e,0,LOADED_VM,,NOT_STARTED,NOT_STARTED,NOT_STARTED,SOURCE_REVIEW,SOURCE_REVIEW,COORDINATE_OR_GEOMETRY_STRUCTURE|TABLE_OR_MATRIX_STRUCTURE,,SVG,NO_PROBLEM_VISUAL,REVIEW_REQUIRED,SOLUTION_SVG,NOT_STARTED,,,cd7417c2034afbf78537367e2ebec28a92192c7fa11e4ee3d33efef35c77b8e0,NOT_STARTED,NOT_STARTED,NOT_STARTED,NOT_TESTED,PASS,canonical_and_compiled_master_match,INVENTORY_PENDING,01_scope_inventory.csv#archive/exams/original/high/h1/1final/22_순천여고_1학기_기말_고1_기출.js|22_순천여고_1학기_기말_고1_기출|4,[object Object],INDEX_RECORD_PRESENT,original/high/h1/1final/22_순천여고_1학기_기말_고1_기출.js_4,75ecfd5bd4c09cc853c3b0a6416d8b44883b28224ed38685665517a5e5cc7232,true,③,IN_SCOPE_FORWARD,,,CLOSED_NO_SHARED_ASSET
archive/exams/original/high/h1/1final/22_순천여고_1학기_기말_고1_기출.js|22_순천여고_1학기_기말_고1_기출|5,archive/exams/original/high/h1/1final/22_순천여고_1학기_기말_고1_기출.js,22_순천여고_1학기_기말_고1_기출,5,5,5,2015,수학(상),H15-SA-11,원의 방정식,11,H15-SA-11-CIRCLE_EQUATION,원의 방정식,category_or_cue_inferred,complete_category,객관식,grid,false,객관식|원의 방정식|반지름|도형,be86cd5771b464d5d192e77378e64daf0e5625996759ff819ddc89fa4b68ddb0,e0a2d515b9432b7ce272fe4d09d2234810d327b803650316fda86b74a012a5e6,973d2fd2f97e26a666f403b12da6d87e527985b36bcf4ff0a47c7e7e8c36321a,f2012c4e928bbb3b0da81c8d5f957a65a6a355508d904bf10b3af490f4b48494,,,assets/images/22_순천여고_1학기_기말_고1_기출/q05-solution.svg,a518ceb3a63f27ccc0f0445399f31cf17ae24e5e5ff5e954eceeb7643ee21fa9,0,LOADED_VM,,NOT_STARTED,NOT_STARTED,NOT_STARTED,SOURCE_REVIEW,SOURCE_REVIEW,COORDINATE_OR_GEOMETRY_STRUCTURE|TABLE_OR_MATRIX_STRUCTURE,,SVG,NO_PROBLEM_VISUAL,REVIEW_REQUIRED,SOLUTION_SVG,NOT_STARTED,,,92bed17ffd63dd64a8b36e55ff3dc89031ffbb8cfef300ed73618ec8faf1b9d7,NOT_STARTED,NOT_STARTED,NOT_STARTED,NOT_TESTED,PASS,canonical_and_compiled_master_match,INVENTORY_PENDING,01_scope_inventory.csv#archive/exams/original/high/h1/1final/22_순천여고_1학기_기말_고1_기출.js|22_순천여고_1학기_기말_고1_기출|5,[object Object],INDEX_RECORD_PRESENT,original/high/h1/1final/22_순천여고_1학기_기말_고1_기출.js_5,75ecfd5bd4c09cc853c3b0a6416d8b44883b28224ed38685665517a5e5cc7232,true,①,IN_SCOPE_FORWARD,,,CLOSED_NO_SHARED_ASSET
archive/exams/original/high/h1/1final/22_순천여고_1학기_기말_고1_기출.js|22_순천여고_1학기_기말_고1_기출|7,archive/exams/original/high/h1/1final/22_순천여고_1학기_기말_고1_기출.js,22_순천여고_1학기_기말_고1_기출,7,7,7,2015,수학(상),H15-SA-11,원의 방정식,11,H15-SA-11-TANGENT,원과 접선,category_or_cue_inferred,complete_category,객관식,grid,false,객관식|원의 방정식|접선|중심|넓이|도형,0aaa5e13f15a18a68b8be1dbc0e13d09f8e3c31b8fae312a0d6b52c5cc570304,ff782081a4cc25de5ebd8fdb3b10e93e0a2a8b181fb4cabb15c6d4c8f83c7224,0bdef091c479702584f065d3a3714f8a76f851b3f0cf10912f345a5dd930b0a8,ad57545809daaaeb3ab0c29a29bb9270705d639bfb453faced55d280a2ad84a4,,,assets/images/22_순천여고_1학기_기말_고1_기출/q07-solution.svg,54d29816fcbd572638943175ea473959819b2787c7b2903f6ff39c6d216d5097,0,LOADED_VM,,NOT_STARTED,NOT_STARTED,NOT_STARTED,SOURCE_REVIEW,SOURCE_REVIEW,COORDINATE_OR_GEOMETRY_STRUCTURE,,SVG,NO_PROBLEM_VISUAL,REVIEW_REQUIRED,SOLUTION_SVG,NOT_STARTED,,,686e3436f92aed21b733375da9355739002a4e40c454b0a2f08c918af9599696,NOT_STARTED,NOT_STARTED,NOT_STARTED,NOT_TESTED,PASS,canonical_and_compiled_master_match,INVENTORY_PENDING,01_scope_inventory.csv#archive/exams/original/high/h1/1final/22_순천여고_1학기_기말_고1_기출.js|22_순천여고_1학기_기말_고1_기출|7,[object Object],INDEX_RECORD_PRESENT,original/high/h1/1final/22_순천여고_1학기_기말_고1_기출.js_7,75ecfd5bd4c09cc853c3b0a6416d8b44883b28224ed38685665517a5e5cc7232,true,⑤,IN_SCOPE_FORWARD,,,CLOSED_NO_SHARED_ASSET
archive/exams/original/high/h1/1final/22_순천여고_1학기_기말_고1_기출.js|22_순천여고_1학기_기말_고1_기출|8,archive/exams/original/high/h1/1final/22_순천여고_1학기_기말_고1_기출.js,22_순천여고_1학기_기말_고1_기출,8,8,8,2015,수학(상),H15-SA-11,원의 방정식,11,H15-SA-11-CIRCLE_EQUATION,원의 방정식,category_or_cue_inferred,complete_category,객관식,grid,false,객관식|원의 방정식|중심|반지름|도형,58936dcfa96c59bf19963d97510f8282a69c46a2cf4565f05917f4d6cb8f53f5,089e9ad75d1e53f0176287410930641bc497a7ce15eaf881f7096b9eb287d699,d41ea6521f53fb3dfa10cf72e2932f4405d9c999fa422cdc840d25d57e90dd34,edc322e105497538d31e3295f1edfd890b42f34c9be813779aacba0282fd51cc,,,assets/images/22_순천여고_1학기_기말_고1_기출/q08-solution.svg,9f0e2712aaf4a5f4b3f19560717fedfe9fd588ee699c191400acb9fc1220d635,0,LOADED_VM,,NOT_STARTED,NOT_STARTED,NOT_STARTED,SOURCE_REVIEW,SOURCE_REVIEW,GRAPH_OR_FUNCTION_STRUCTURE|COORDINATE_OR_GEOMETRY_STRUCTURE|TABLE_OR_MATRIX_STRUCTURE,,SVG,NO_PROBLEM_VISUAL,REVIEW_REQUIRED,SOLUTION_SVG,NOT_STARTED,,,79a50d643a73bf46891bd653204c3630c2ac36c546cf7127691993827e4a8555,NOT_STARTED,NOT_STARTED,NOT_STARTED,NOT_TESTED,PASS,canonical_and_compiled_master_match,INVENTORY_PENDING,01_scope_inventory.csv#archive/exams/original/high/h1/1final/22_순천여고_1학기_기말_고1_기출.js|22_순천여고_1학기_기말_고1_기출|8,[object Object],INDEX_RECORD_PRESENT,original/high/h1/1final/22_순천여고_1학기_기말_고1_기출.js_8,75ecfd5bd4c09cc853c3b0a6416d8b44883b28224ed38685665517a5e5cc7232,true,④,IN_SCOPE_FORWARD,,,CLOSED_NO_SHARED_ASSET
archive/exams/original/high/h1/1final/22_순천여고_1학기_기말_고1_기출.js|22_순천여고_1학기_기말_고1_기출|12,archive/exams/original/high/h1/1final/22_순천여고_1학기_기말_고1_기출.js,22_순천여고_1학기_기말_고1_기출,12,12,12,2015,수학(상),H15-SA-11,원의 방정식,11,H15-SA-11-CIRCLE_EQUATION,원의 방정식,category_or_cue_inferred,complete_category,객관식,grid,false,객관식|원의 방정식|중심|반지름|넓이|거리|도형,60bece9ac62771d473126f041d36457af03b39556b03933da4ea10f4c69b0c00,aea7747c266f45ff8f38b913b950b40e81e6e35bcb88fd696ced2405ad9c3694,d41ea6521f53fb3dfa10cf72e2932f4405d9c999fa422cdc840d25d57e90dd34,224c55bc595a508b88fea3d2057ce7797d47b99dad48954051fab467d0b71471,,,assets/images/22_순천여고_1학기_기말_고1_기출/q12-solution.svg,1fa193007f3524f5cc00cfbe7f83e377d86fbc81a36dec4ffb0f7a1e573335ec,0,LOADED_VM,,NOT_STARTED,NOT_STARTED,NOT_STARTED,SOURCE_REVIEW,SOURCE_REVIEW,GRAPH_OR_FUNCTION_STRUCTURE|COORDINATE_OR_GEOMETRY_STRUCTURE|TABLE_OR_MATRIX_STRUCTURE,,SVG,NO_PROBLEM_VISUAL,REVIEW_REQUIRED,SOLUTION_SVG,NOT_STARTED,,,9743054d0c488f0e89fee8e0c21b9d2200055ad8309c8258a85d31277e6c7e27,NOT_STARTED,NOT_STARTED,NOT_STARTED,NOT_TESTED,PASS,canonical_and_compiled_master_match,INVENTORY_PENDING,01_scope_inventory.csv#archive/exams/original/high/h1/1final/22_순천여고_1학기_기말_고1_기출.js|22_순천여고_1학기_기말_고1_기출|12,[object Object],INDEX_RECORD_PRESENT,original/high/h1/1final/22_순천여고_1학기_기말_고1_기출.js_12,75ecfd5bd4c09cc853c3b0a6416d8b44883b28224ed38685665517a5e5cc7232,true,④,IN_SCOPE_FORWARD,,,CLOSED_NO_SHARED_ASSET
archive/exams/original/high/h1/1final/22_순천여고_1학기_기말_고1_기출.js|22_순천여고_1학기_기말_고1_기출|17,archive/exams/original/high/h1/1final/22_순천여고_1학기_기말_고1_기출.js,22_순천여고_1학기_기말_고1_기출,17,17,17,2015,수학(상),H15-SA-11,원의 방정식,11,H15-SA-11-INTERSECTION,원과 직선·원의 교점,category_or_cue_inferred,complete_category,객관식,grid,false,객관식|원의 방정식|교점|직선과 원|중심|거리|도형,45586a68aae30d0ae99a9a5e096ef5925c1e11b39b173f38f4c9b7264f99048a,d601fd23445f2769d635c0f649aaf6d04b385a7d56c029a78b68ab105d958e27,d41ea6521f53fb3dfa10cf72e2932f4405d9c999fa422cdc840d25d57e90dd34,c8602ecea582302f4dabfc7b471f6f16d273db78cc0d48d2e9ae1d03a1da495b,,,assets/images/22_순천여고_1학기_기말_고1_기출/q17-solution.svg,c0d5722f4838b23649dfd6a06f42d482418ccf6090423dec4b5beb2afd8f6ef8,0,LOADED_VM,,NOT_STARTED,NOT_STARTED,NOT_STARTED,SOURCE_REVIEW,SOURCE_REVIEW,COORDINATE_OR_GEOMETRY_STRUCTURE,,SVG,NO_PROBLEM_VISUAL,REVIEW_REQUIRED,SOLUTION_SVG,NOT_STARTED,,,002f1970b1b3a320af6756a0d9ef67387d8290a0fac4c718ca343f2d322c331e,NOT_STARTED,NOT_STARTED,NOT_STARTED,NOT_TESTED,PASS,canonical_and_compiled_master_match,INVENTORY_PENDING,01_scope_inventory.csv#archive/exams/original/high/h1/1final/22_순천여고_1학기_기말_고1_기출.js|22_순천여고_1학기_기말_고1_기출|17,[object Object],INDEX_RECORD_PRESENT,original/high/h1/1final/22_순천여고_1학기_기말_고1_기출.js_17,75ecfd5bd4c09cc853c3b0a6416d8b44883b28224ed38685665517a5e5cc7232,true,④,IN_SCOPE_FORWARD,,,CLOSED_NO_SHARED_ASSET
archive/exams/original/high/h1/1final/22_순천여고_1학기_기말_고1_기출.js|22_순천여고_1학기_기말_고1_기출|23,archive/exams/original/high/h1/1final/22_순천여고_1학기_기말_고1_기출.js,22_순천여고_1학기_기말_고1_기출,23,23,23,2015,수학(상),H15-SA-11,원의 방정식,11,H15-SA-11-CIRCLE_EQUATION,원의 방정식,category_or_cue_inferred,complete_category,단답형,grid,false,서술형|원의 방정식|도형,3d3b2ee017c26f8f3d7866017041b2eaef5d711c6f28786edccc04be45b219bd,4f53cda18c2baa0c0354bb5f9a3ecbe5ed12ab4d8e11ba873c2f11161202b945,fdbe0d49b5e63bce45b1608959274c56a347bcd05fcdeea593ebf617df49ea8c,5067d343df2462f1dc7e13da08e86a9a58e0d524416a5ba2dfb54e5ce1429439,,,assets/images/22_순천여고_1학기_기말_고1_기출/q23-solution.svg,f3894dc8daaa249bdce97e195ce83946106d7160041d7366e912c9e610d4df48,0,LOADED_VM,,NOT_STARTED,NOT_STARTED,NOT_STARTED,SOURCE_REVIEW,SOURCE_REVIEW,GRAPH_OR_FUNCTION_STRUCTURE|COORDINATE_OR_GEOMETRY_STRUCTURE|TABLE_OR_MATRIX_STRUCTURE,,SVG,NO_PROBLEM_VISUAL,REVIEW_REQUIRED,SOLUTION_SVG,NOT_STARTED,,,5cd8c2e94769ce4337ef8f49ce0999da28ca9f841b6cd2942e966d5576b49c4c,NOT_STARTED,NOT_STARTED,NOT_STARTED,NOT_TESTED,PASS,canonical_and_compiled_master_match,INVENTORY_PENDING,01_scope_inventory.csv#archive/exams/original/high/h1/1final/22_순천여고_1학기_기말_고1_기출.js|22_순천여고_1학기_기말_고1_기출|23,[object Object],INDEX_RECORD_PRESENT,original/high/h1/1final/22_순천여고_1학기_기말_고1_기출.js_23,75ecfd5bd4c09cc853c3b0a6416d8b44883b28224ed38685665517a5e5cc7232,true,$5$,IN_SCOPE_FORWARD,,,CLOSED_NO_SHARED_ASSET
archive/exams/original/high/h1/1final/22_제일고_1학기_기말_고1_기출.js|22_제일고_1학기_기말_고1_기출|13,archive/exams/original/high/h1/1final/22_제일고_1학기_기말_고1_기출.js,22_제일고_1학기_기말_고1_기출,13,13,13,2022,공통수학2,H22-C2-03,원의 방정식,3,H22-C2-03-CIRCLE_EQUATION,원의 방정식,category_or_cue_inferred,complete_category,객관식,grid,false,객관식|원의 방정식|중심|반지름|도형,468876e2d96635062e71083124bb74ccaee5467e94116cef3a2e94504ec115c4,f2ddf1182e08a0ec4259bc49cb5000613816366b9692ebbc43387f9707fe1329,dfde05a3668030e99ca64d8d4ae5f6b64c7a87cee61c0ba43904b92ef210191d,d13b34fdfc3ac122891702c02c5044e02fea2098322227ba038db595139786c0,,,assets/images/22_제일고_1학기_기말_고1_기출/q13-solution.svg,f54e248a3d48e9606b7069080259368a1024561425a33000aeb3f6abfe58d013,0,LOADED_VM,,NOT_STARTED,NOT_STARTED,NOT_STARTED,SOURCE_REVIEW,SOURCE_REVIEW,COORDINATE_OR_GEOMETRY_STRUCTURE|TABLE_OR_MATRIX_STRUCTURE,,SVG,NO_PROBLEM_VISUAL,REVIEW_REQUIRED,SOLUTION_SVG,NOT_STARTED,,,0455a486f155b6d9b1376fce3bef69f22e9cf21ebb21f0b400086635fe83f44d,NOT_STARTED,NOT_STARTED,NOT_STARTED,NOT_TESTED,PASS,canonical_and_compiled_master_match,INVENTORY_PENDING,01_scope_inventory.csv#archive/exams/original/high/h1/1final/22_제일고_1학기_기말_고1_기출.js|22_제일고_1학기_기말_고1_기출|13,[object Object],INDEX_RECORD_PRESENT,original/high/h1/1final/22_제일고_1학기_기말_고1_기출.js_13,81a102a44f1b2ee8f922ec6cb537e858573cb5f4e9c2435f8252f26ac212cca4,true,②,IN_SCOPE_FORWARD,,,CLOSED_NO_SHARED_ASSET
archive/exams/original/high/h1/1final/22_제일고_1학기_기말_고1_기출.js|22_제일고_1학기_기말_고1_기출|14,archive/exams/original/high/h1/1final/22_제일고_1학기_기말_고1_기출.js,22_제일고_1학기_기말_고1_기출,14,14,14,2022,공통수학2,H22-C2-03,원의 방정식,3,H22-C2-03-TANGENT,원과 접선,category_or_cue_inferred,complete_category,객관식,grid,false,객관식|원의 방정식|접선|좌표축 접원|중심|반지름|거리|도형,d700a965f65d3d2311a14afd1f87437b09462a7ad9b0372d5023b27694328835,2adedbdc43d504d5115a8fbb32b5499ec8e3c14a48c3ebdecbe20b3210030b95,d41ea6521f53fb3dfa10cf72e2932f4405d9c999fa422cdc840d25d57e90dd34,3d9d1a5bbbd67b2b4480bd44537765e7e8d4daf2e5b22f80bd570ee280e6c460,,,assets/images/22_제일고_1학기_기말_고1_기출/q14-solution.svg,ead25b028c3bdd7c6cfc75031a3d0e187cffc3c218d439c7f73685d14f0c8212,0,LOADED_VM,,NOT_STARTED,NOT_STARTED,NOT_STARTED,SOURCE_REVIEW,SOURCE_REVIEW,COORDINATE_OR_GEOMETRY_STRUCTURE|TABLE_OR_MATRIX_STRUCTURE,,SVG,NO_PROBLEM_VISUAL,REVIEW_REQUIRED,SOLUTION_SVG,NOT_STARTED,,,b85fb965676ffa60146461761a1705f49128bff5f69cd952e7be6eea8016c770,NOT_STARTED,NOT_STARTED,NOT_STARTED,NOT_TESTED,PASS,canonical_and_compiled_master_match,INVENTORY_PENDING,01_scope_inventory.csv#archive/exams/original/high/h1/1final/22_제일고_1학기_기말_고1_기출.js|22_제일고_1학기_기말_고1_기출|14,[object Object],INDEX_RECORD_PRESENT,original/high/h1/1final/22_제일고_1학기_기말_고1_기출.js_14,81a102a44f1b2ee8f922ec6cb537e858573cb5f4e9c2435f8252f26ac212cca4,true,④,IN_SCOPE_FORWARD,,,CLOSED_NO_SHARED_ASSET
archive/exams/original/high/h1/1final/22_제일고_1학기_기말_고1_기출.js|22_제일고_1학기_기말_고1_기출|15,archive/exams/original/high/h1/1final/22_제일고_1학기_기말_고1_기출.js,22_제일고_1학기_기말_고1_기출,15,15,15,2022,공통수학2,H22-C2-03,원의 방정식,3,H22-C2-03-TANGENT,원과 접선,category_or_cue_inferred,complete_category,객관식,grid,false,객관식|원의 방정식|접선|중심|반지름|거리|도형,96a17c4a789d5d62b7df25e072016e513d62d5134f33521c5d0041b1b7bac392,b5c147f1347f2c0f0b4339919f68f8b1abd21e6a1fb0ad59cbfd6fc5d0700d2a,b15be6cb71072b84f7e1e198ce023fc5bb8b1e625335904ddcf3cffcd8b7312b,281f9f5925b303ab43d5777284c7c69cdf5a99ef208812a8d7215b1f97fd4041,,,assets/images/22_제일고_1학기_기말_고1_기출/q15-solution.svg,627f0b3d3563947e36f207df3d4b8cdb9413a1c88e940727dbb9c4024d77d034,0,LOADED_VM,,NOT_STARTED,NOT_STARTED,NOT_STARTED,SOURCE_REVIEW,SOURCE_REVIEW,COORDINATE_OR_GEOMETRY_STRUCTURE,,SVG,NO_PROBLEM_VISUAL,REVIEW_REQUIRED,SOLUTION_SVG,NOT_STARTED,,,74dbac6b4982d4f47d8fab6d9a70b4073f1e844fe74d6acd608268ea84a749ed,NOT_STARTED,NOT_STARTED,NOT_STARTED,NOT_TESTED,PASS,canonical_and_compiled_master_match,INVENTORY_PENDING,01_scope_inventory.csv#archive/exams/original/high/h1/1final/22_제일고_1학기_기말_고1_기출.js|22_제일고_1학기_기말_고1_기출|15,[object Object],INDEX_RECORD_PRESENT,original/high/h1/1final/22_제일고_1학기_기말_고1_기출.js_15,81a102a44f1b2ee8f922ec6cb537e858573cb5f4e9c2435f8252f26ac212cca4,true,③,IN_SCOPE_FORWARD,,,CLOSED_NO_SHARED_ASSET
archive/exams/original/high/h1/1final/22_제일고_1학기_기말_고1_기출.js|22_제일고_1학기_기말_고1_기출|16,archive/exams/original/high/h1/1final/22_제일고_1학기_기말_고1_기출.js,22_제일고_1학기_기말_고1_기출,16,16,16,2022,공통수학2,H22-C2-03,원의 방정식,3,H22-C2-03-INTERSECTION,원과 직선·원의 관계,category_or_cue_inferred,complete_category,객관식,grid,false,객관식|원의 방정식|교점|직선과 원|위치 관계|중심|반지름|거리|도형,ea38f588317a391c416e1320c6a8c88e91b13036cd092590f2df1fe4e1172368,d54721b947ba4d6fd39b1c2435432fac312cd805b4406d948f5c2a0a9887f733,dfde05a3668030e99ca64d8d4ae5f6b64c7a87cee61c0ba43904b92ef210191d,89e6a049f61c9ac635d72231a6b5844c89e8804e06cb4f3234c3e5fad61a632e,,,assets/images/22_제일고_1학기_기말_고1_기출/q16-solution.svg,49d9e2e0c89a83a60ce0a5af9fc479ef079ec7dbe14e4644d2cf0119707bf7eb,0,LOADED_VM,,NOT_STARTED,NOT_STARTED,NOT_STARTED,SOURCE_REVIEW,SOURCE_REVIEW,GRAPH_OR_FUNCTION_STRUCTURE|COORDINATE_OR_GEOMETRY_STRUCTURE|SET_OR_LOGIC_STRUCTURE,,SVG,NO_PROBLEM_VISUAL,REVIEW_REQUIRED,SOLUTION_SVG,NOT_STARTED,,,beda87330b8a9fb479be2f01fe45e25905919118d22482a30e0dc5cf3cfcdd5c,NOT_STARTED,NOT_STARTED,NOT_STARTED,NOT_TESTED,PASS,canonical_and_compiled_master_match,INVENTORY_PENDING,01_scope_inventory.csv#archive/exams/original/high/h1/1final/22_제일고_1학기_기말_고1_기출.js|22_제일고_1학기_기말_고1_기출|16,[object Object],INDEX_RECORD_PRESENT,original/high/h1/1final/22_제일고_1학기_기말_고1_기출.js_16,81a102a44f1b2ee8f922ec6cb537e858573cb5f4e9c2435f8252f26ac212cca4,true,②,IN_SCOPE_FORWARD,,,CLOSED_NO_SHARED_ASSET
archive/exams/original/high/h1/1final/22_제일고_1학기_기말_고1_기출.js|22_제일고_1학기_기말_고1_기출|17,archive/exams/original/high/h1/1final/22_제일고_1학기_기말_고1_기출.js,22_제일고_1학기_기말_고1_기출,17,17,17,2022,공통수학2,H22-C2-03,원의 방정식,3,H22-C2-03-TANGENT,원과 접선,category_or_cue_inferred,complete_category,객관식,grid,false,객관식|원의 방정식|접선|접점|중심|반지름|도형,4b927b46bf0e2898298d45411b6ed25b6fdfd171686e1903c3d1af946f192729,686ab52a5361cab7438e0bf6a39420d101365f12e280add941d1d1da029c0144,0bdef091c479702584f065d3a3714f8a76f851b3f0cf10912f345a5dd930b0a8,0088ff0853ba730dafc96bba71bb3965ae08d82a91f9fe09ea57c32987355d20,,,assets/images/22_제일고_1학기_기말_고1_기출/q17-solution.svg,31362127125cbb6d8de5ee5a765af38b291d6b900c674eab3d7946a3d69c389e,0,LOADED_VM,,NOT_STARTED,NOT_STARTED,NOT_STARTED,SOURCE_REVIEW,SOURCE_REVIEW,COORDINATE_OR_GEOMETRY_STRUCTURE,,SVG,NO_PROBLEM_VISUAL,REVIEW_REQUIRED,SOLUTION_SVG,NOT_STARTED,,,3e85b01254c7c43e139762a825efc5904b079804d19b69b2bd9a32b03f63eec4,NOT_STARTED,NOT_STARTED,NOT_STARTED,NOT_TESTED,PASS,canonical_and_compiled_master_match,INVENTORY_PENDING,01_scope_inventory.csv#archive/exams/original/high/h1/1final/22_제일고_1학기_기말_고1_기출.js|22_제일고_1학기_기말_고1_기출|17,[object Object],INDEX_RECORD_PRESENT,original/high/h1/1final/22_제일고_1학기_기말_고1_기출.js_17,81a102a44f1b2ee8f922ec6cb537e858573cb5f4e9c2435f8252f26ac212cca4,true,⑤,IN_SCOPE_FORWARD,,,CLOSED_NO_SHARED_ASSET
archive/exams/original/high/h1/1final/22_제일고_1학기_기말_고1_기출.js|22_제일고_1학기_기말_고1_기출|18,archive/exams/original/high/h1/1final/22_제일고_1학기_기말_고1_기출.js,22_제일고_1학기_기말_고1_기출,18,18,18,2022,공통수학2,H22-C2-03,원의 방정식,3,H22-C2-03-TANGENT,원과 접선,category_or_cue_inferred,complete_category,객관식,grid,false,객관식|원의 방정식|접선|접점|중심|반지름|거리|도형,4612e69b9168996bc3743a1126064bbaf795993582ffa37d1337ac7db4d75983,a11a51e6ad1381838ceedb34bb9f29d209597f8661b4e4462fbc8ebb910eb670,d41ea6521f53fb3dfa10cf72e2932f4405d9c999fa422cdc840d25d57e90dd34,c14328db0efc8ed201f1582e094ab2bf5bd512427b0af096889a32fa58187070,assets/images/22_제일고_1학기_기말_고1_기출/q18.png,da638062fc77170f590e674c163ef465df69b46922325bad07a1f27b01f4224a,assets/images/22_제일고_1학기_기말_고1_기출/q18-solution.svg,d6f318846b0b52d439bb08c8e1a0d01556995f92360c5541bc915f6455ad167d,0,LOADED_VM,,NOT_STARTED,NOT_STARTED,NOT_STARTED,SOURCE_REVIEW,SOURCE_REVIEW,COORDINATE_OR_GEOMETRY_STRUCTURE|TABLE_OR_MATRIX_STRUCTURE,,SVG,PROBLEM_VISUAL_PRESENT,REVIEW_REQUIRED,SOLUTION_SVG,NOT_STARTED,,,77652f6a586199e80d0d3ec7f831a3138c56525bfe8e1d396b4928c29a12efab,NOT_STARTED,NOT_STARTED,NOT_STARTED,NOT_TESTED,PASS,canonical_and_compiled_master_match,INVENTORY_PENDING,01_scope_inventory.csv#archive/exams/original/high/h1/1final/22_제일고_1학기_기말_고1_기출.js|22_제일고_1학기_기말_고1_기출|18,[object Object]|[object Object],INDEX_RECORD_PRESENT,original/high/h1/1final/22_제일고_1학기_기말_고1_기출.js_18,81a102a44f1b2ee8f922ec6cb537e858573cb5f4e9c2435f8252f26ac212cca4,true,④,IN_SCOPE_FORWARD,,,CLOSED_NO_SHARED_ASSET
archive/exams/original/high/h1/1final/22_제일고_1학기_기말_고1_기출.js|22_제일고_1학기_기말_고1_기출|20,archive/exams/original/high/h1/1final/22_제일고_1학기_기말_고1_기출.js,22_제일고_1학기_기말_고1_기출,20,20,20,2022,공통수학2,H22-C2-03,원의 방정식,3,H22-C2-03-CIRCLE_EQUATION,원의 방정식,category_or_cue_inferred,complete_category,단답형,grid,false,서술형|원의 방정식|좌표축 접원|중심|반지름|거리|도형,8618eb82ed24de174b820cdef8e34267f265e0bb9d64edf97a1bd712d2ffb071,4f53cda18c2baa0c0354bb5f9a3ecbe5ed12ab4d8e11ba873c2f11161202b945,71e0cabc9070108ebba6d947a7ec150d93bf0eb5a749a03c709266829b905d75,3ec864e2b82cfe74b53bdae024c684ff70f5c13452be82f068f1a66d79a2fd76,,,assets/images/22_제일고_1학기_기말_고1_기출/q20-solution.svg,558dfd450f6bdc59e47832f757f5d4ed07bdafe7e35120f29cffbd009ba7da7a,0,LOADED_VM,,NOT_STARTED,NOT_STARTED,NOT_STARTED,SOURCE_REVIEW,SOURCE_REVIEW,COORDINATE_OR_GEOMETRY_STRUCTURE|SET_OR_LOGIC_STRUCTURE|TABLE_OR_MATRIX_STRUCTURE,,SVG,NO_PROBLEM_VISUAL,REVIEW_REQUIRED,SOLUTION_SVG,NOT_STARTED,,,87fcf603a89640bc248cf86303d71a3d20d0cc51dcd8cfb4651f8a5250fa78ae,NOT_STARTED,NOT_STARTED,NOT_STARTED,NOT_TESTED,PASS,canonical_and_compiled_master_match,INVENTORY_PENDING,01_scope_inventory.csv#archive/exams/original/high/h1/1final/22_제일고_1학기_기말_고1_기출.js|22_제일고_1학기_기말_고1_기출|20,[object Object],INDEX_RECORD_PRESENT,original/high/h1/1final/22_제일고_1학기_기말_고1_기출.js_20,81a102a44f1b2ee8f922ec6cb537e858573cb5f4e9c2435f8252f26ac212cca4,true,"ㄱ, ㄴ 모두 옳지 않다.",IN_SCOPE_FORWARD,,,CLOSED_NO_SHARED_ASSET
archive/exams/original/high/h1/1final/22_제일고_1학기_기말_고1_기출.js|22_제일고_1학기_기말_고1_기출|21,archive/exams/original/high/h1/1final/22_제일고_1학기_기말_고1_기출.js,22_제일고_1학기_기말_고1_기출,21,21,21,2022,공통수학2,H22-C2-03,원의 방정식,3,H22-C2-03-CIRCLE_EQUATION,원의 방정식,category_or_cue_inferred,complete_category,단답형,grid,false,서술형|원의 방정식|중심|반지름|도형,4572685ef90aa232379c2e06d9f6aa7313f26b28a2533502f78d521b3977c9f3,4f53cda18c2baa0c0354bb5f9a3ecbe5ed12ab4d8e11ba873c2f11161202b945,4b3a9394c3e060dbdd118a398a6024a2bb32b24e5a321bedcc64f06ae15d2bdb,b19cee12d87e9d35211fbaaf8a45438eaa513ebb94642007295adf03b3fbf3fb,,,assets/images/22_제일고_1학기_기말_고1_기출/q21-solution.svg,94fdaa18c20a640db85d1c15a815ee1e8ccc746cca64bdfa01e030f36870b9c7,0,LOADED_VM,,NOT_STARTED,NOT_STARTED,NOT_STARTED,SOURCE_REVIEW,SOURCE_REVIEW,COORDINATE_OR_GEOMETRY_STRUCTURE|TABLE_OR_MATRIX_STRUCTURE,,SVG,NO_PROBLEM_VISUAL,REVIEW_REQUIRED,SOLUTION_SVG,NOT_STARTED,,,a10f36eacaf5f106c9f048862bf1679023a62d928ca3d1d5abde84f65f3a5f64,NOT_STARTED,NOT_STARTED,NOT_STARTED,NOT_TESTED,PASS,canonical_and_compiled_master_match,INVENTORY_PENDING,01_scope_inventory.csv#archive/exams/original/high/h1/1final/22_제일고_1학기_기말_고1_기출.js|22_제일고_1학기_기말_고1_기출|21,[object Object],INDEX_RECORD_PRESENT,original/high/h1/1final/22_제일고_1학기_기말_고1_기출.js_21,81a102a44f1b2ee8f922ec6cb537e858573cb5f4e9c2435f8252f26ac212cca4,true,$10$,IN_SCOPE_FORWARD,,,CLOSED_NO_SHARED_ASSET
archive/exams/original/high/h1/1final/22_제일고_1학기_기말_고1_기출.js|22_제일고_1학기_기말_고1_기출|22,archive/exams/original/high/h1/1final/22_제일고_1학기_기말_고1_기출.js,22_제일고_1학기_기말_고1_기출,22,22,22,2022,공통수학2,H22-C2-03,원의 방정식,3,H22-C2-03-CIRCLE_EQUATION,원의 방정식,category_or_cue_inferred,complete_category,단답형,grid,false,서술형|원의 방정식|중심|반지름|거리|도형,5b4676d26ff9c207a615471d661f0e5f0f31822de659593e3a39fb67bd0bcc39,4f53cda18c2baa0c0354bb5f9a3ecbe5ed12ab4d8e11ba873c2f11161202b945,bf92e9a12cffcfb9421a5fbb1836efc2fec3e8ec1ac2ddfd0fc596644e827c0b,03a873f00f4245d421551e3858f9963e47b355c9fe1353a6519ffc9326c9543a,,,assets/images/22_제일고_1학기_기말_고1_기출/q22-solution.svg,6989c41df17a7395925b17cf82d708cf94f86f97b0288fc8ff0bfa6209dcfe69,0,LOADED_VM,,NOT_STARTED,NOT_STARTED,NOT_STARTED,SOURCE_REVIEW,SOURCE_REVIEW,COORDINATE_OR_GEOMETRY_STRUCTURE,,SVG,NO_PROBLEM_VISUAL,REVIEW_REQUIRED,SOLUTION_SVG,NOT_STARTED,,,dd50cd557421a5657e2268502c7a1c863e415ddc1dbba05226df35d0fbb89785,NOT_STARTED,NOT_STARTED,NOT_STARTED,NOT_TESTED,PASS,canonical_and_compiled_master_match,INVENTORY_PENDING,01_scope_inventory.csv#archive/exams/original/high/h1/1final/22_제일고_1학기_기말_고1_기출.js|22_제일고_1학기_기말_고1_기출|22,[object Object],INDEX_RECORD_PRESENT,original/high/h1/1final/22_제일고_1학기_기말_고1_기출.js_22,81a102a44f1b2ee8f922ec6cb537e858573cb5f4e9c2435f8252f26ac212cca4,true,$4$,IN_SCOPE_FORWARD,,,CLOSED_NO_SHARED_ASSET
archive/exams/original/high/h1/1final/22_팔마고_1학기_기말_고1_기출.js|22_팔마고_1학기_기말_고1_기출|6,archive/exams/original/high/h1/1final/22_팔마고_1학기_기말_고1_기출.js,22_팔마고_1학기_기말_고1_기출,6,6,6,2015,수학(상),H15-SA-11,원의 방정식,11,H15-SA-11-CIRCLE_EQUATION,원의 방정식,rule_inferred,complete_rule,객관식,grid,false,객관식|원의 방정식|중심|반지름|도형,a725706874ff7d62554429be36cb6413b97f625c8f5dc27d7d4862d017e3e5c2,9b0fe1290764ac42843a530bdabe5002c798144a8dae465f9507ef9248e5e36c,d41ea6521f53fb3dfa10cf72e2932f4405d9c999fa422cdc840d25d57e90dd34,d9a7dd68732310b0af155128df4cdfdf7bca2c54ef2273768e3c8b0d287f9898,,,assets/images/22_팔마고_1학기_기말_고1_기출/q06-solution.svg,ee7e45e9f8949ce21f8c7bdaa44706614a74611ae7a5b80684ba9dd34ddceb23,0,LOADED_VM,,NOT_STARTED,NOT_STARTED,NOT_STARTED,SOURCE_REVIEW,SOURCE_REVIEW,COORDINATE_OR_GEOMETRY_STRUCTURE|TABLE_OR_MATRIX_STRUCTURE,,SVG,NO_PROBLEM_VISUAL,REVIEW_REQUIRED,SOLUTION_SVG,NOT_STARTED,,,14c6cfef3fa515d3ebceeab2f86221a5af6a6866635b7393c4abf5f01673c234,NOT_STARTED,NOT_STARTED,NOT_STARTED,NOT_TESTED,PASS,canonical_and_compiled_master_match,INVENTORY_PENDING,01_scope_inventory.csv#archive/exams/original/high/h1/1final/22_팔마고_1학기_기말_고1_기출.js|22_팔마고_1학기_기말_고1_기출|6,[object Object],INDEX_RECORD_PRESENT,original/high/h1/1final/22_팔마고_1학기_기말_고1_기출.js_6,29b947a1d1422b4def7f5d0d708d62418af8d0ad94656355c0625137a588620b,true,④,IN_SCOPE_FORWARD,,,CLOSED_NO_SHARED_ASSET
archive/exams/original/high/h1/1final/22_팔마고_1학기_기말_고1_기출.js|22_팔마고_1학기_기말_고1_기출|7,archive/exams/original/high/h1/1final/22_팔마고_1학기_기말_고1_기출.js,22_팔마고_1학기_기말_고1_기출,7,7,7,2015,수학(상),H15-SA-11,원의 방정식,11,H15-SA-11-CIRCLE_EQUATION,원의 방정식,category_or_cue_inferred,complete_category,객관식,grid,false,객관식|원의 방정식|중심|반지름|넓이|거리|도형,e00c2f6411b630cd71b7ccfc0620a0a298f2460a46d8f4bab03f750daefcb1b0,b254279eeb43dfa825a0d42ca1571b4bc85eb863f05a9217e1773384150f5a1e,b15be6cb71072b84f7e1e198ce023fc5bb8b1e625335904ddcf3cffcd8b7312b,a350e9315d758f42d5f732ce0a222fbb2a7112e7ef589ec0fb07ed6430ebb2e7,,,assets/images/22_팔마고_1학기_기말_고1_기출/q07-solution.svg,280c26fe8ac09816a3d0d1ab17d5c4c35b77af1000031d8f645e15e41e9ae118,0,LOADED_VM,,NOT_STARTED,NOT_STARTED,NOT_STARTED,SOURCE_REVIEW,SOURCE_REVIEW,COORDINATE_OR_GEOMETRY_STRUCTURE,,SVG,NO_PROBLEM_VISUAL,REVIEW_REQUIRED,SOLUTION_SVG,NOT_STARTED,,,fb25d25b9104f2807d648f5e645610bcdeab2ae2dc6e28d07efa32f8caebc425,NOT_STARTED,NOT_STARTED,NOT_STARTED,NOT_TESTED,PASS,canonical_and_compiled_master_match,INVENTORY_PENDING,01_scope_inventory.csv#archive/exams/original/high/h1/1final/22_팔마고_1학기_기말_고1_기출.js|22_팔마고_1학기_기말_고1_기출|7,[object Object],INDEX_RECORD_PRESENT,original/high/h1/1final/22_팔마고_1학기_기말_고1_기출.js_7,29b947a1d1422b4def7f5d0d708d62418af8d0ad94656355c0625137a588620b,true,③,IN_SCOPE_FORWARD,,,CLOSED_NO_SHARED_ASSET
archive/exams/original/high/h1/1final/22_팔마고_1학기_기말_고1_기출.js|22_팔마고_1학기_기말_고1_기출|15,archive/exams/original/high/h1/1final/22_팔마고_1학기_기말_고1_기출.js,22_팔마고_1학기_기말_고1_기출,15,15,15,2015,수학(상),H15-SA-11,원의 방정식,11,H15-SA-11-INTERSECTION,원과 직선·원의 교점,category_or_cue_inferred,complete_category,객관식,grid,false,객관식|원의 방정식|교점|직선과 원|위치 관계|중심|반지름|거리|도형,39e56dd2f60da69f48a27f866e251e96911875d7b4a9fb9c63bec31990f23231,d54721b947ba4d6fd39b1c2435432fac312cd805b4406d948f5c2a0a9887f733,d41ea6521f53fb3dfa10cf72e2932f4405d9c999fa422cdc840d25d57e90dd34,af05f76226ecb0ee6ce6eafa1960ad446ddd0ac8101a2b83e7dd50b003f414ee,,,assets/images/22_팔마고_1학기_기말_고1_기출/q15-solution.svg,93625b931a7deb7c418f9623629d333da432678b2084de94b3307662ed76cc12,0,LOADED_VM,,NOT_STARTED,NOT_STARTED,NOT_STARTED,SOURCE_REVIEW,SOURCE_REVIEW,COORDINATE_OR_GEOMETRY_STRUCTURE,,SVG,NO_PROBLEM_VISUAL,REVIEW_REQUIRED,SOLUTION_SVG,NOT_STARTED,,,bdce076657d0d13bbc3dff62023144bc024709c402d5bc24ceb247658cc8f1d6,NOT_STARTED,NOT_STARTED,NOT_STARTED,NOT_TESTED,PASS,canonical_and_compiled_master_match,INVENTORY_PENDING,01_scope_inventory.csv#archive/exams/original/high/h1/1final/22_팔마고_1학기_기말_고1_기출.js|22_팔마고_1학기_기말_고1_기출|15,[object Object],INDEX_RECORD_PRESENT,original/high/h1/1final/22_팔마고_1학기_기말_고1_기출.js_15,29b947a1d1422b4def7f5d0d708d62418af8d0ad94656355c0625137a588620b,true,④,IN_SCOPE_FORWARD,,,CLOSED_NO_SHARED_ASSET
archive/exams/original/high/h1/1final/22_팔마고_1학기_기말_고1_기출.js|22_팔마고_1학기_기말_고1_기출|19,archive/exams/original/high/h1/1final/22_팔마고_1학기_기말_고1_기출.js,22_팔마고_1학기_기말_고1_기출,19,19,19,2015,수학(상),H15-SA-11,원의 방정식,11,H15-SA-11-TANGENT,원과 접선,category_or_cue_inferred,complete_category,단답형,grid,true,단답형|원의 방정식|접선|중심|반지름|거리|도형,6c57515b590765288c080284a00821d0261d902275bcb9410c81e3fe163c0bf8,4f53cda18c2baa0c0354bb5f9a3ecbe5ed12ab4d8e11ba873c2f11161202b945,6a07bc672fbccbc0a2d972db25c6a591374b793ca6e77aeab1380635f771cb9a,6041379fbe8bffe6ccf8af0755292c1de4b0f8185db4fe50d9e010d088c3c907,,,assets/images/22_팔마고_1학기_기말_고1_기출/q19-solution.svg,d3c38319df6bf71d9c7a009f86c0873f2a9d34116da506711293e6cfa04b0c8c,0,LOADED_VM,,NOT_STARTED,NOT_STARTED,NOT_STARTED,SOURCE_REVIEW,SOURCE_REVIEW,COORDINATE_OR_GEOMETRY_STRUCTURE,,SVG,NO_PROBLEM_VISUAL,REVIEW_REQUIRED,SOLUTION_SVG,NOT_STARTED,,,3c21b4e3d078e3f9e83bdcbd9ff773238ec6f4e22b67ffd133941df74e7c148e,NOT_STARTED,NOT_STARTED,NOT_STARTED,NOT_TESTED,PASS,canonical_and_compiled_master_match,INVENTORY_PENDING,01_scope_inventory.csv#archive/exams/original/high/h1/1final/22_팔마고_1학기_기말_고1_기출.js|22_팔마고_1학기_기말_고1_기출|19,[object Object],INDEX_RECORD_PRESENT,original/high/h1/1final/22_팔마고_1학기_기말_고1_기출.js_19,29b947a1d1422b4def7f5d0d708d62418af8d0ad94656355c0625137a588620b,true,4개,IN_SCOPE_FORWARD,,,CLOSED_NO_SHARED_ASSET
archive/exams/original/high/h1/1final/22_효천고_1학기_기말_고1_기출.js|22_효천고_1학기_기말_고1_기출|14,archive/exams/original/high/h1/1final/22_효천고_1학기_기말_고1_기출.js,22_효천고_1학기_기말_고1_기출,14,14,14,2015,수학(상),H15-SA-11,원의 방정식,11,H15-SA-11-TANGENT,원과 접선,category_or_cue_inferred,complete_category,객관식,grid,false,객관식|원의 방정식|접선|중심|반지름|거리|도형,445c4cad71e7a943183b18060d8925527b92b2c590ad44d8f255fcdce5ffcdc3,4ff3652e100dcac18855358a948d302e75c1a563c2246e6173223aa3c6a1b6e5,0bdef091c479702584f065d3a3714f8a76f851b3f0cf10912f345a5dd930b0a8,4c46d1b16aa5c49cfb7b55a72934bb8ddd95c193f5cb53d7e72ca1b1a864e71c,,,assets/images/22_효천고_1학기_기말_고1_기출/q14-solution.svg,a14fe40fbf3c8d40918512f18cdf159f053460774fb543a4e673212e4df1953e,0,LOADED_VM,,NOT_STARTED,NOT_STARTED,NOT_STARTED,SOURCE_REVIEW,SOURCE_REVIEW,COORDINATE_OR_GEOMETRY_STRUCTURE,,SVG,NO_PROBLEM_VISUAL,REVIEW_REQUIRED,SOLUTION_SVG,NOT_STARTED,,,a9fb577fed0d58d6577d2502fa710b193f9a2547dc1899c6f73e8337e30c998f,NOT_STARTED,NOT_STARTED,NOT_STARTED,NOT_TESTED,PASS,canonical_and_compiled_master_match,INVENTORY_PENDING,01_scope_inventory.csv#archive/exams/original/high/h1/1final/22_효천고_1학기_기말_고1_기출.js|22_효천고_1학기_기말_고1_기출|14,[object Object],INDEX_RECORD_PRESENT,original/high/h1/1final/22_효천고_1학기_기말_고1_기출.js_14,1a5b076b33ec714ab8a8ad40427d24dd700021e9b3aa019bfb56c29e3650434a,true,⑤,IN_SCOPE_FORWARD,,,CLOSED_NO_SHARED_ASSET
archive/exams/original/high/h1/1final/22_효천고_1학기_기말_고1_기출.js|22_효천고_1학기_기말_고1_기출|17,archive/exams/original/high/h1/1final/22_효천고_1학기_기말_고1_기출.js,22_효천고_1학기_기말_고1_기출,17,17,17,2015,수학(상),H15-SA-11,원의 방정식,11,H15-SA-11-INTERSECTION,원과 직선·원의 교점,category_or_cue_inferred,complete_category,객관식,grid,false,객관식|원의 방정식|교점|직선과 원|위치 관계|중심|반지름|거리|도형,ab9f2294193177890070132a01ef09e16c815ba9682d0d4595fe1cbd8ecd4481,d88cb643d9a46c37c2f5a3e902ebf495eac55322e298eee702f42b133ccf54ca,973d2fd2f97e26a666f403b12da6d87e527985b36bcf4ff0a47c7e7e8c36321a,32177fadc33e47700ae87f69aa34a8f6e6faf74b87764bfbbf759f9d646e0bad,,,assets/images/22_효천고_1학기_기말_고1_기출/q17-solution.svg,c081a40eb62a727254d6c1edcd234a41f188b1030591572e462f8befe2167b05,0,LOADED_VM,,NOT_STARTED,NOT_STARTED,NOT_STARTED,SOURCE_REVIEW,SOURCE_REVIEW,GRAPH_OR_FUNCTION_STRUCTURE|COORDINATE_OR_GEOMETRY_STRUCTURE|TABLE_OR_MATRIX_STRUCTURE,,SVG,NO_PROBLEM_VISUAL,REVIEW_REQUIRED,SOLUTION_SVG,NOT_STARTED,,,e2a2a958a444e9b1a7eddf3e4c0755a7a834bcee184731b707ff692c75cee478,NOT_STARTED,NOT_STARTED,NOT_STARTED,NOT_TESTED,PASS,canonical_and_compiled_master_match,INVENTORY_PENDING,01_scope_inventory.csv#archive/exams/original/high/h1/1final/22_효천고_1학기_기말_고1_기출.js|22_효천고_1학기_기말_고1_기출|17,[object Object],INDEX_RECORD_PRESENT,original/high/h1/1final/22_효천고_1학기_기말_고1_기출.js_17,1a5b076b33ec714ab8a8ad40427d24dd700021e9b3aa019bfb56c29e3650434a,true,①,IN_SCOPE_FORWARD,,,CLOSED_NO_SHARED_ASSET
archive/exams/original/high/h1/1final/22_효천고_1학기_기말_고1_기출.js|22_효천고_1학기_기말_고1_기출|19,archive/exams/original/high/h1/1final/22_효천고_1학기_기말_고1_기출.js,22_효천고_1학기_기말_고1_기출,19,19,19,2015,수학(상),H15-SA-11,원의 방정식,11,H15-SA-11-TANGENT,원과 접선,category_or_cue_inferred,complete_category,서술형,grid,false,서술형|원의 방정식|접선|중심|반지름|거리|도형,9872726420eee6cea0df99883a959129e2a79a6530bf8ea3fb28405bf8912fab,4f53cda18c2baa0c0354bb5f9a3ecbe5ed12ab4d8e11ba873c2f11161202b945,aa7ae6470ac0fafd3a42168a62233a49e0a67a38f0eaeb4a9f3dea413c664cb0,bcd0b9226ec09ecca5ac654bdb846951da139da41857d67984f0d6935fc68eaa,,,assets/images/22_효천고_1학기_기말_고1_기출/q19-solution.svg,b4bc3d4b27b2830594d3b15bb7ae36bba68305d60d7093e7a9c4a7033a51d369,0,LOADED_VM,,NOT_STARTED,NOT_STARTED,NOT_STARTED,SOURCE_REVIEW,SOURCE_REVIEW,COORDINATE_OR_GEOMETRY_STRUCTURE,,SVG,NO_PROBLEM_VISUAL,REVIEW_REQUIRED,SOLUTION_SVG,NOT_STARTED,,,b53d942e8506eb5ac1d0425cbaf461e7ec66788c7da8f8e7bb531bbdd026f66b,NOT_STARTED,NOT_STARTED,NOT_STARTED,NOT_TESTED,PASS,canonical_and_compiled_master_match,INVENTORY_PENDING,01_scope_inventory.csv#archive/exams/original/high/h1/1final/22_효천고_1학기_기말_고1_기출.js|22_효천고_1학기_기말_고1_기출|19,[object Object],INDEX_RECORD_PRESENT,original/high/h1/1final/22_효천고_1학기_기말_고1_기출.js_19,1a5b076b33ec714ab8a8ad40427d24dd700021e9b3aa019bfb56c29e3650434a,true,"$y=1$, $y=\dfrac43x-\dfrac53$",IN_SCOPE_FORWARD,,,CLOSED_NO_SHARED_ASSET
archive/exams/original/high/h1/1final/23_강남여고_1학기_기말_고1_기출.js|23_강남여고_1학기_기말_고1_기출|6,archive/exams/original/high/h1/1final/23_강남여고_1학기_기말_고1_기출.js,23_강남여고_1학기_기말_고1_기출,6,6,6,2015,수학(상),H15-SA-11,원의 방정식,11,H15-SA-11-TANGENT,원과 접선,category_or_cue_inferred,complete_category,객관식,grid,false,객관식|원의 방정식|접선|중심|반지름|거리|도형,9878044e9c3554fef441f9eac95837acf6f9682e12c180a6f017501e41d4fe41,f354827579f088d63471009e5b4d80fc79512e09df706272e8f2c9aa13fb1396,dfde05a3668030e99ca64d8d4ae5f6b64c7a87cee61c0ba43904b92ef210191d,8553a49cfb89c55e463731c0b5288a78a6b9f1825b888e6ad3bd614ed5031e61,,,assets/images/23_강남여고_1학기_기말_고1_기출/q06-solution.svg,1ddd8a6a4b014df68e9b7024de29f48115bc2e5cbbc50eb0e2bb623b2f511516,0,LOADED_VM,,NOT_STARTED,NOT_STARTED,NOT_STARTED,SOURCE_REVIEW,SOURCE_REVIEW,COORDINATE_OR_GEOMETRY_STRUCTURE,,SVG,NO_PROBLEM_VISUAL,REVIEW_REQUIRED,SOLUTION_SVG,NOT_STARTED,,,a95e8c9c04df7bd5c55478a50aff1c7e586463ff0cd9449c2c43291afc74f796,NOT_STARTED,NOT_STARTED,NOT_STARTED,NOT_TESTED,PASS,canonical_and_compiled_master_match,INVENTORY_PENDING,01_scope_inventory.csv#archive/exams/original/high/h1/1final/23_강남여고_1학기_기말_고1_기출.js|23_강남여고_1학기_기말_고1_기출|6,[object Object],INDEX_RECORD_PRESENT,original/high/h1/1final/23_강남여고_1학기_기말_고1_기출.js_6,93afd5bebb6848c6a3009f34813dff32ecaed26c2ad66f79bd8a86334dbed943,true,②,IN_SCOPE_FORWARD,,,CLOSED_NO_SHARED_ASSET
archive/exams/original/high/h1/1final/23_강남여고_1학기_기말_고1_기출.js|23_강남여고_1학기_기말_고1_기출|14,archive/exams/original/high/h1/1final/23_강남여고_1학기_기말_고1_기출.js,23_강남여고_1학기_기말_고1_기출,14,14,14,2015,수학(상),H15-SA-11,원의 방정식,11,H15-SA-11-INTERSECTION,원과 직선·원의 교점,category_or_cue_inferred,complete_category,객관식,grid,false,객관식|원의 방정식|교점|직선과 원|위치 관계|중심|반지름|거리|도형,59b15a30c58e13c1b43db22479a20f9347715d7595ae22005f03c6a51668de6d,1a7581012a4f6758268ace214be53366fbed3ade402b51b1dd1ccf0c3e6de488,0bdef091c479702584f065d3a3714f8a76f851b3f0cf10912f345a5dd930b0a8,2160af644927bafa92de63c228833fc4c9195f144d80b6bcbc5ae1b5820b6fb1,,,assets/images/23_강남여고_1학기_기말_고1_기출/q14-solution.svg,828bfc7f702d80291c9ca8e25b46314277c20e0d4374b2ffbe9f520429613c25,0,LOADED_VM,,NOT_STARTED,NOT_STARTED,NOT_STARTED,SOURCE_REVIEW,SOURCE_REVIEW,COORDINATE_OR_GEOMETRY_STRUCTURE,,SVG,NO_PROBLEM_VISUAL,REVIEW_REQUIRED,SOLUTION_SVG,NOT_STARTED,,,a2f919d3711be7fd6987900a2e9b59edcd0efe0d62e1d2c7c0f23e9c6339b8bd,NOT_STARTED,NOT_STARTED,NOT_STARTED,NOT_TESTED,PASS,canonical_and_compiled_master_match,INVENTORY_PENDING,01_scope_inventory.csv#archive/exams/original/high/h1/1final/23_강남여고_1학기_기말_고1_기출.js|23_강남여고_1학기_기말_고1_기출|14,[object Object],INDEX_RECORD_PRESENT,original/high/h1/1final/23_강남여고_1학기_기말_고1_기출.js_14,93afd5bebb6848c6a3009f34813dff32ecaed26c2ad66f79bd8a86334dbed943,true,⑤,IN_SCOPE_FORWARD,,,CLOSED_NO_SHARED_ASSET
archive/exams/original/high/h1/1final/23_강남여고_1학기_기말_고1_기출.js|23_강남여고_1학기_기말_고1_기출|15,archive/exams/original/high/h1/1final/23_강남여고_1학기_기말_고1_기출.js,23_강남여고_1학기_기말_고1_기출,15,15,15,2015,수학(상),H15-SA-11,원의 방정식,11,H15-SA-11-TANGENT,원과 접선,category_or_cue_inferred,complete_category,객관식,grid,false,객관식|원의 방정식|접선|접점|중심|반지름|거리|도형,aae270456a3994c11504f59ad67f70743da9ad68152a2bd9574fb17047d97933,3d0b4ed8efba8276afeb19fbc302914f1aa6b49b2ddd62905b94ddb9ef51931f,dfde05a3668030e99ca64d8d4ae5f6b64c7a87cee61c0ba43904b92ef210191d,8bcad176a0021349e3717357abd239d563dd229108067a73e9d0a76bdb6c2d83,,,assets/images/23_강남여고_1학기_기말_고1_기출/q15-solution.svg,59537a1b3795488adfb7ae4b1266ae80c9d8dc57693277925950aa2d96c87689,0,LOADED_VM,,NOT_STARTED,NOT_STARTED,NOT_STARTED,SOURCE_REVIEW,SOURCE_REVIEW,COORDINATE_OR_GEOMETRY_STRUCTURE,,SVG,NO_PROBLEM_VISUAL,REVIEW_REQUIRED,SOLUTION_SVG,NOT_STARTED,,,5698c837aa0644a2508c3e2fea86d95c0d73694637bf1b8be5ea3cdd80aab6c6,NOT_STARTED,NOT_STARTED,NOT_STARTED,NOT_TESTED,PASS,canonical_and_compiled_master_match,INVENTORY_PENDING,01_scope_inventory.csv#archive/exams/original/high/h1/1final/23_강남여고_1학기_기말_고1_기출.js|23_강남여고_1학기_기말_고1_기출|15,[object Object],INDEX_RECORD_PRESENT,original/high/h1/1final/23_강남여고_1학기_기말_고1_기출.js_15,93afd5bebb6848c6a3009f34813dff32ecaed26c2ad66f79bd8a86334dbed943,true,②,IN_SCOPE_FORWARD,,,CLOSED_NO_SHARED_ASSET
archive/exams/original/high/h1/1final/23_강남여고_1학기_기말_고1_기출.js|23_강남여고_1학기_기말_고1_기출|21,archive/exams/original/high/h1/1final/23_강남여고_1학기_기말_고1_기출.js,23_강남여고_1학기_기말_고1_기출,21,21,21,2015,수학(상),H15-SA-11,원의 방정식,11,H15-SA-11-CIRCLE_EQUATION,원의 방정식,category_or_cue_inferred,complete_category,객관식,grid,false,객관식|원의 방정식|중심|반지름|거리|도형,f11e64e6aa03fba14906aac9953376a638b82278b449856eee303e3dedc6ea94,6d8acd6678db0a1906080a1bbe0107b1e998f8724fb2ad0e3a51a9d17b564468,d41ea6521f53fb3dfa10cf72e2932f4405d9c999fa422cdc840d25d57e90dd34,240e2abe4b9bbd817c5cbc172c64f078400bd299b93a08e3b784119333b6acdb,,,assets/images/23_강남여고_1학기_기말_고1_기출/q21-solution.svg,6dc316f603801422670e92187a93b3c13040c4b1d742cf881fab5bbadd6b6fba,0,LOADED_VM,,NOT_STARTED,NOT_STARTED,NOT_STARTED,SOURCE_REVIEW,SOURCE_REVIEW,COORDINATE_OR_GEOMETRY_STRUCTURE|TABLE_OR_MATRIX_STRUCTURE,,SVG,NO_PROBLEM_VISUAL,REVIEW_REQUIRED,SOLUTION_SVG,NOT_STARTED,,,dc5ac34f977d9e5bbf00d48d62539b0dc86875f13d762878e9e97706a14c9fb6,NOT_STARTED,NOT_STARTED,NOT_STARTED,NOT_TESTED,PASS,canonical_and_compiled_master_match,INVENTORY_PENDING,01_scope_inventory.csv#archive/exams/original/high/h1/1final/23_강남여고_1학기_기말_고1_기출.js|23_강남여고_1학기_기말_고1_기출|21,[object Object],INDEX_RECORD_PRESENT,original/high/h1/1final/23_강남여고_1학기_기말_고1_기출.js_21,93afd5bebb6848c6a3009f34813dff32ecaed26c2ad66f79bd8a86334dbed943,true,④,IN_SCOPE_FORWARD,,,CLOSED_NO_SHARED_ASSET
archive/exams/original/high/h1/1final/23_금당고_1학기_기말_고1_기출.js|23_금당고_1학기_기말_고1_기출|6,archive/exams/original/high/h1/1final/23_금당고_1학기_기말_고1_기출.js,23_금당고_1학기_기말_고1_기출,6,6,6,2015,수학(상),H15-SA-11,원의 방정식,11,H15-SA-11-CIRCLE_EQUATION,원의 방정식,category_or_cue_inferred,complete_category,객관식,grid,false,객관식|원의 방정식|중심|반지름|도형,3902b4297e1072873417315b20400fdd31f24e9d480da501878f1eaf7dad6e6a,4f2ccc950379ca72f163eaa1d0f046bbcbfe0870c34fd61affca717fbb7c2778,dfde05a3668030e99ca64d8d4ae5f6b64c7a87cee61c0ba43904b92ef210191d,6b599a44855c5d2f36593434a1426845e1bd0cc741ab2c0c44a11bbcfaca3733,,,assets/images/23_금당고_1학기_기말_고1_기출/q06-solution.svg,96363e856072ddca808060c279b8b0b0976cdfea301b1d9ba4f9526022924219,0,LOADED_VM,,NOT_STARTED,NOT_STARTED,NOT_STARTED,SOURCE_REVIEW,SOURCE_REVIEW,COORDINATE_OR_GEOMETRY_STRUCTURE|TABLE_OR_MATRIX_STRUCTURE,,SVG,NO_PROBLEM_VISUAL,REVIEW_REQUIRED,SOLUTION_SVG,NOT_STARTED,,,d4e0b82da1d5d5c121cd0da8f7ef5967ce1b50ae9713f18370075713c9b47951,NOT_STARTED,NOT_STARTED,NOT_STARTED,NOT_TESTED,PASS,canonical_and_compiled_master_match,INVENTORY_PENDING,01_scope_inventory.csv#archive/exams/original/high/h1/1final/23_금당고_1학기_기말_고1_기출.js|23_금당고_1학기_기말_고1_기출|6,[object Object],INDEX_RECORD_PRESENT,original/high/h1/1final/23_금당고_1학기_기말_고1_기출.js_6,005eb72b00e3af463006c36da612ba1fc04c4fbca79d217d810b485a98837209,true,②,IN_SCOPE_FORWARD,,,CLOSED_NO_SHARED_ASSET
archive/exams/original/high/h1/1final/23_금당고_1학기_기말_고1_기출.js|23_금당고_1학기_기말_고1_기출|9,archive/exams/original/high/h1/1final/23_금당고_1학기_기말_고1_기출.js,23_금당고_1학기_기말_고1_기출,9,9,9,2015,수학(상),H15-SA-11,원의 방정식,11,H15-SA-11-INTERSECTION,원과 직선·원의 교점,category_or_cue_inferred,complete_category,객관식,grid,false,객관식|원의 방정식|교점|직선과 원|중심|반지름|거리|도형,1fe1603a1b614533d96e9090a88bd6dbe1b058a2655dd09e56216a388f188aa5,3fa4b24596152f9fbc2f80749c73881f285e5500353859e0726b3450d8bf0a08,dfde05a3668030e99ca64d8d4ae5f6b64c7a87cee61c0ba43904b92ef210191d,dd0df2ffc55b8ff50ed37cb7cf09ef55b193f5bed9db6f133c9f0a251ab0c716,,,assets/images/23_금당고_1학기_기말_고1_기출/q09-solution.svg,1f4fccdcfbaf4aacfd260e752b179e46c29f86a6296d1b5ee70501c2a0bece78,0,LOADED_VM,,NOT_STARTED,NOT_STARTED,NOT_STARTED,SOURCE_REVIEW,SOURCE_REVIEW,COORDINATE_OR_GEOMETRY_STRUCTURE,,SVG,NO_PROBLEM_VISUAL,REVIEW_REQUIRED,SOLUTION_SVG,NOT_STARTED,,,e363acbca448d8783d529e1ab1de4eea290ce6914b756960552853da0bd1a5c2,NOT_STARTED,NOT_STARTED,NOT_STARTED,NOT_TESTED,PASS,canonical_and_compiled_master_match,INVENTORY_PENDING,01_scope_inventory.csv#archive/exams/original/high/h1/1final/23_금당고_1학기_기말_고1_기출.js|23_금당고_1학기_기말_고1_기출|9,[object Object],INDEX_RECORD_PRESENT,original/high/h1/1final/23_금당고_1학기_기말_고1_기출.js_9,005eb72b00e3af463006c36da612ba1fc04c4fbca79d217d810b485a98837209,true,②,IN_SCOPE_FORWARD,,,CLOSED_NO_SHARED_ASSET
archive/exams/original/high/h1/1final/23_금당고_1학기_기말_고1_기출.js|23_금당고_1학기_기말_고1_기출|15,archive/exams/original/high/h1/1final/23_금당고_1학기_기말_고1_기출.js,23_금당고_1학기_기말_고1_기출,15,15,15,2015,수학(상),H15-SA-11,원의 방정식,11,H15-SA-11-TANGENT,원과 접선,category_or_cue_inferred,complete_category,객관식,grid,true,객관식|원의 방정식|접선|좌표축 접원|중심|반지름|넓이|거리|도형,9595b24b33f489e9bcbe030ca29a9f5722bee26fc305d2285158f2e7178edbab,e5fcae81fc6b588e94e9532d8bac9bb3360b4fe7bfd93fecdabad8875a60bbd1,0bdef091c479702584f065d3a3714f8a76f851b3f0cf10912f345a5dd930b0a8,057f6ceeff198be000d68c8bd7767a631232104b66cf5ccbeaa7c6a094b9b066,assets/images/23_금당고_1학기_기말_고1_기출/q15.png,6566dde8e71b1771162800195f3f9cf74c5f74abd84f6aa0b01ad9d88c4ce081,assets/images/23_금당고_1학기_기말_고1_기출/q15-solution.svg,337dbdb89ff14cc429da936acb64ee30aaa3d9dcfe2dbfc45ac0c110e2d92ccc,0,LOADED_VM,,NOT_STARTED,NOT_STARTED,NOT_STARTED,SOURCE_REVIEW,SOURCE_REVIEW,COORDINATE_OR_GEOMETRY_STRUCTURE|TABLE_OR_MATRIX_STRUCTURE,,SVG,PROBLEM_VISUAL_PRESENT,REVIEW_REQUIRED,SOLUTION_SVG,NOT_STARTED,,,c63a365408e853d07dbe89760e55685c7cbc48348892af0079a73e359c12d946,NOT_STARTED,NOT_STARTED,NOT_STARTED,NOT_TESTED,PASS,canonical_and_compiled_master_match,INVENTORY_PENDING,01_scope_inventory.csv#archive/exams/original/high/h1/1final/23_금당고_1학기_기말_고1_기출.js|23_금당고_1학기_기말_고1_기출|15,[object Object]|[object Object],INDEX_RECORD_PRESENT,original/high/h1/1final/23_금당고_1학기_기말_고1_기출.js_15,005eb72b00e3af463006c36da612ba1fc04c4fbca79d217d810b485a98837209,true,⑤,IN_SCOPE_FORWARD,,,CLOSED_NO_SHARED_ASSET
archive/exams/original/high/h1/1final/23_금당고_1학기_기말_고1_기출.js|23_금당고_1학기_기말_고1_기출|19,archive/exams/original/high/h1/1final/23_금당고_1학기_기말_고1_기출.js,23_금당고_1학기_기말_고1_기출,19,19,19,2015,수학(상),H15-SA-11,원의 방정식,11,H15-SA-11-INTERSECTION,원과 직선·원의 교점,category_or_cue_inferred,complete_category,단답형,grid,false,단답형|원의 방정식|교점|직선과 원|위치 관계|중심|반지름|거리|도형,0de52c185e2b56d8ac2808fd540b2257c2eb63e97b2aa7cef6a3c37a44063aec,4f53cda18c2baa0c0354bb5f9a3ecbe5ed12ab4d8e11ba873c2f11161202b945,59a04fc18017007cf18ebe5070582c9b1e838673a727e83f48b02aef55eba0b5,f152e47a34192d1bd34471ee27f0de5243dd479e03ca2c7f13229afc340d7fa5,,,assets/images/23_금당고_1학기_기말_고1_기출/q19-solution.svg,f130322619cabc6cc2ce2e0bb368f4047f4c1414be0222563730186722d0b005,0,LOADED_VM,,NOT_STARTED,NOT_STARTED,NOT_STARTED,SOURCE_REVIEW,SOURCE_REVIEW,GRAPH_OR_FUNCTION_STRUCTURE|COORDINATE_OR_GEOMETRY_STRUCTURE|TABLE_OR_MATRIX_STRUCTURE,,SVG,NO_PROBLEM_VISUAL,REVIEW_REQUIRED,SOLUTION_SVG,NOT_STARTED,,,21d704ef294d61676a869f33da97a1b315cf81a34d5d7f499152470694df3ab5,NOT_STARTED,NOT_STARTED,NOT_STARTED,NOT_TESTED,PASS,canonical_and_compiled_master_match,INVENTORY_PENDING,01_scope_inventory.csv#archive/exams/original/high/h1/1final/23_금당고_1학기_기말_고1_기출.js|23_금당고_1학기_기말_고1_기출|19,[object Object],INDEX_RECORD_PRESENT,original/high/h1/1final/23_금당고_1학기_기말_고1_기출.js_19,005eb72b00e3af463006c36da612ba1fc04c4fbca79d217d810b485a98837209,true,"$k>4,\ k\ne5$",IN_SCOPE_FORWARD,,,CLOSED_NO_SHARED_ASSET
archive/exams/original/high/h1/1final/23_금당고_1학기_기말_고1_기출.js|23_금당고_1학기_기말_고1_기출|21,archive/exams/original/high/h1/1final/23_금당고_1학기_기말_고1_기출.js,23_금당고_1학기_기말_고1_기출,21,21,21,2015,수학(상),H15-SA-11,원의 방정식,11,H15-SA-11-INTERSECTION,원과 직선·원의 교점,category_or_cue_inferred,complete_category,서술형,grid,false,서술형|원의 방정식|교점|직선과 원|위치 관계|중심|반지름|넓이|거리|도형,4ce295b218b9312aaade39b891f322154bdd1a3efd0d4502003e42b3ed26206c,4f53cda18c2baa0c0354bb5f9a3ecbe5ed12ab4d8e11ba873c2f11161202b945,411c465f03a2dded9c934d68001c34ea3efc38e57220a24fddef9fae8c1f7cc3,a5e83345be2d85a36b6dcf55f15a3937d0ff9fbb4304e495469fa346404714db,,,assets/images/23_금당고_1학기_기말_고1_기출/q21-solution.svg,9111aaf07b2398ba6c7953c4b7c837e52ada64504714bb24efa3b47fa2f4974e,0,LOADED_VM,,NOT_STARTED,NOT_STARTED,NOT_STARTED,SOURCE_REVIEW,SOURCE_REVIEW,GRAPH_OR_FUNCTION_STRUCTURE|COORDINATE_OR_GEOMETRY_STRUCTURE,,SVG,NO_PROBLEM_VISUAL,REVIEW_REQUIRED,SOLUTION_SVG,NOT_STARTED,,,c60302818d823da11f5993a94bd14b085b302342f31a31b32b36cb8b10c736f9,NOT_STARTED,NOT_STARTED,NOT_STARTED,NOT_TESTED,PASS,canonical_and_compiled_master_match,INVENTORY_PENDING,01_scope_inventory.csv#archive/exams/original/high/h1/1final/23_금당고_1학기_기말_고1_기출.js|23_금당고_1학기_기말_고1_기출|21,[object Object],INDEX_RECORD_PRESENT,original/high/h1/1final/23_금당고_1학기_기말_고1_기출.js_21,005eb72b00e3af463006c36da612ba1fc04c4fbca79d217d810b485a98837209,true,$\dfrac{\sqrt3}{2}$,IN_SCOPE_FORWARD,,,CLOSED_NO_SHARED_ASSET
archive/exams/original/high/h1/1final/23_매산고_1학기_기말_고1_기출.js|23_매산고_1학기_기말_고1_기출|6,archive/exams/original/high/h1/1final/23_매산고_1학기_기말_고1_기출.js,23_매산고_1학기_기말_고1_기출,6,6,6,2015,수학(상),H15-SA-11,원의 방정식,11,H15-SA-11-TANGENT,원과 접선,category_or_cue_inferred,complete_category,객관식,grid,false,객관식|원의 방정식|접선|중심|반지름|거리|도형,0f35909788e42354e5feb3c3d71f19193d3c23d82df1920cdff9429e1d44e23b,6fefe1daff28b01191546ea7a99d776b4f41f515cf498e9b9403a14c275b4d04,0bdef091c479702584f065d3a3714f8a76f851b3f0cf10912f345a5dd930b0a8,0c0acae969613e6b759d8d19bc218b45e56d97682d9095f36af9710354cbc856,,,assets/images/23_매산고_1학기_기말_고1_기출/q06-solution.svg,8abd9033a97694b30efc5e422ec70469f83e6d8648dbdc2b6e78508e9f85048d,0,LOADED_VM,,NOT_STARTED,NOT_STARTED,NOT_STARTED,SOURCE_REVIEW,SOURCE_REVIEW,COORDINATE_OR_GEOMETRY_STRUCTURE|TABLE_OR_MATRIX_STRUCTURE,,SVG,NO_PROBLEM_VISUAL,REVIEW_REQUIRED,SOLUTION_SVG,NOT_STARTED,,,6d89d43e22e4b1bbaf533867df220b0f1aa0d91887579bfb72299e807cd13462,NOT_STARTED,NOT_STARTED,NOT_STARTED,NOT_TESTED,PASS,canonical_and_compiled_master_match,INVENTORY_PENDING,01_scope_inventory.csv#archive/exams/original/high/h1/1final/23_매산고_1학기_기말_고1_기출.js|23_매산고_1학기_기말_고1_기출|6,[object Object],INDEX_RECORD_PRESENT,original/high/h1/1final/23_매산고_1학기_기말_고1_기출.js_6,3812df820fd0822ff1a25293c00416ec21e85deac39bda7b40d9b8cfbfec0d75,true,⑤,IN_SCOPE_FORWARD,,,CLOSED_NO_SHARED_ASSET
archive/exams/original/high/h1/1final/23_매산고_1학기_기말_고1_기출.js|23_매산고_1학기_기말_고1_기출|12,archive/exams/original/high/h1/1final/23_매산고_1학기_기말_고1_기출.js,23_매산고_1학기_기말_고1_기출,12,12,12,2015,수학(상),H15-SA-11,원의 방정식,11,H15-SA-11-TANGENT,원과 접선,category_or_cue_inferred,complete_category,객관식,grid,false,객관식|원의 방정식|접선|중심|반지름|넓이|거리|도형,317b0648fbfec552aa03bf5be8bcee02fb91e5dc452da54bcb9f326c1ba478dc,6e2cff8908d3c1e251bb595f73e9253343d72585ad8ce4347d1567f38b100e56,0bdef091c479702584f065d3a3714f8a76f851b3f0cf10912f345a5dd930b0a8,fd0766e00a30060bb77a86a05e063282e85a5db41a3d838efc93f11ccbb7d3c1,,,assets/images/23_매산고_1학기_기말_고1_기출/q12-solution.svg,c342a8dee2de9d827d619627fdc0ddbe5372d98f9f0785d0f108a6af88dce188,0,LOADED_VM,,NOT_STARTED,NOT_STARTED,NOT_STARTED,SOURCE_REVIEW,SOURCE_REVIEW,COORDINATE_OR_GEOMETRY_STRUCTURE|TABLE_OR_MATRIX_STRUCTURE,,SVG,NO_PROBLEM_VISUAL,REVIEW_REQUIRED,SOLUTION_SVG,NOT_STARTED,,,c509dfd640a41d35383eef37e9fa96b31cb2d37612d567b120a77efe78bee08e,NOT_STARTED,NOT_STARTED,NOT_STARTED,NOT_TESTED,PASS,canonical_and_compiled_master_match,INVENTORY_PENDING,01_scope_inventory.csv#archive/exams/original/high/h1/1final/23_매산고_1학기_기말_고1_기출.js|23_매산고_1학기_기말_고1_기출|12,[object Object],INDEX_RECORD_PRESENT,original/high/h1/1final/23_매산고_1학기_기말_고1_기출.js_12,3812df820fd0822ff1a25293c00416ec21e85deac39bda7b40d9b8cfbfec0d75,true,⑤,IN_SCOPE_FORWARD,,,CLOSED_NO_SHARED_ASSET
archive/exams/original/high/h1/1final/23_매산고_1학기_기말_고1_기출.js|23_매산고_1학기_기말_고1_기출|14,archive/exams/original/high/h1/1final/23_매산고_1학기_기말_고1_기출.js,23_매산고_1학기_기말_고1_기출,14,14,14,2015,수학(상),H15-SA-11,원의 방정식,11,H15-SA-11-CIRCLE_EQUATION,원의 방정식,category_or_cue_inferred,complete_category,객관식,grid,false,객관식|원의 방정식|반지름|넓이|거리|도형,9ba437d823054b3e5af609003ec45ecc9b9d304a443968bde20ac2bee62e34fc,7f8036d712eb36c8d17d00caa31f3e0b7ac257006a7e3ba89699a676d1684a7a,973d2fd2f97e26a666f403b12da6d87e527985b36bcf4ff0a47c7e7e8c36321a,3e72c6c1fa6c2b4b65dcf174853b246a12e8a6a04426c7e4d0acd8deeeb973a3,,,assets/images/23_매산고_1학기_기말_고1_기출/q14-solution.svg,ca9febeb4e089dbb4caaf74e30377844ef6d700986edbd5ab0b119e70e3e9c11,0,LOADED_VM,,NOT_STARTED,NOT_STARTED,NOT_STARTED,SOURCE_REVIEW,SOURCE_REVIEW,COORDINATE_OR_GEOMETRY_STRUCTURE,,SVG,NO_PROBLEM_VISUAL,REVIEW_REQUIRED,SOLUTION_SVG,NOT_STARTED,,,a238bcc26caa85e0cee83cba6463526235118c1fa609039ae7efd884a8f3e513,NOT_STARTED,NOT_STARTED,NOT_STARTED,NOT_TESTED,PASS,canonical_and_compiled_master_match,INVENTORY_PENDING,01_scope_inventory.csv#archive/exams/original/high/h1/1final/23_매산고_1학기_기말_고1_기출.js|23_매산고_1학기_기말_고1_기출|14,[object Object],INDEX_RECORD_PRESENT,original/high/h1/1final/23_매산고_1학기_기말_고1_기출.js_14,3812df820fd0822ff1a25293c00416ec21e85deac39bda7b40d9b8cfbfec0d75,true,①,IN_SCOPE_FORWARD,,,CLOSED_NO_SHARED_ASSET
archive/exams/original/high/h1/1final/23_복성고_1학기_기말_고1_기출.js|23_복성고_1학기_기말_고1_기출|12,archive/exams/original/high/h1/1final/23_복성고_1학기_기말_고1_기출.js,23_복성고_1학기_기말_고1_기출,12,12,12,2015,수학(상),H15-SA-11,원의 방정식,11,H15-SA-11-INTERSECTION,원과 직선·원의 교점,category_or_cue_inferred,complete_category,객관식,grid,false,객관식|원의 방정식|교점|직선과 원|위치 관계|중심|반지름|거리|도형,f045a3d5fed760d67211a8d48de932f98a0703cc24c4743285e8af5b4f6351f5,0889ddd9a9ed9c80b66df6fbfb0065a2ba29ac8a814e451d5580e776485349e5,d41ea6521f53fb3dfa10cf72e2932f4405d9c999fa422cdc840d25d57e90dd34,a7943b767a85fbe9c63ab1295ac156a9a313d6c0b2e795d0ef568a9c5cc15c1b,,,assets/images/23_복성고_1학기_기말_고1_기출/q12-solution.svg,4d3a49e54c250fdc7f1aaab74b1627b96f2a6a3f3273c09b7e1bf5c8cef57842,0,LOADED_VM,,NOT_STARTED,NOT_STARTED,NOT_STARTED,SOURCE_REVIEW,SOURCE_REVIEW,GRAPH_OR_FUNCTION_STRUCTURE|COORDINATE_OR_GEOMETRY_STRUCTURE|TABLE_OR_MATRIX_STRUCTURE,,SVG,NO_PROBLEM_VISUAL,REVIEW_REQUIRED,SOLUTION_SVG,NOT_STARTED,,,83b01996c3811ac4fcbf4e2c82eaff4ca240a021af3696233f60355a32998d22,NOT_STARTED,NOT_STARTED,NOT_STARTED,NOT_TESTED,PASS,canonical_and_compiled_master_match,INVENTORY_PENDING,01_scope_inventory.csv#archive/exams/original/high/h1/1final/23_복성고_1학기_기말_고1_기출.js|23_복성고_1학기_기말_고1_기출|12,[object Object],INDEX_RECORD_PRESENT,original/high/h1/1final/23_복성고_1학기_기말_고1_기출.js_12,97025c9ab5909585fae7a3e1a0b6c3f091416fbc49d6125d7a69a64581c55589,true,④,IN_SCOPE_FORWARD,,,CLOSED_NO_SHARED_ASSET
archive/exams/original/high/h1/1final/23_복성고_1학기_기말_고1_기출.js|23_복성고_1학기_기말_고1_기출|13,archive/exams/original/high/h1/1final/23_복성고_1학기_기말_고1_기출.js,23_복성고_1학기_기말_고1_기출,13,13,13,2015,수학(상),H15-SA-11,원의 방정식,11,H15-SA-11-TANGENT,원과 접선,category_or_cue_inferred,complete_category,객관식,grid,false,객관식|원의 방정식|접선|접점|중심|반지름|넓이|도형,0b0899930eebb9a28799f5dda34209b0f4d7f65b0007577a6f52631f53157e1e,766813da9510eb405cce18736839238e4d35656e2d0e02f15de6c949648ae6f7,b15be6cb71072b84f7e1e198ce023fc5bb8b1e625335904ddcf3cffcd8b7312b,a61d17a28ff9b81d5bae2d8257f79a1c39bc78ee5d4fa0a0332d4cca543088cc,,,assets/images/23_복성고_1학기_기말_고1_기출/q13-solution.svg,a12c847f51f050a8640b3503cce9dcfdeda719d2c4c974713ea045b72b0265ed,0,LOADED_VM,,NOT_STARTED,NOT_STARTED,NOT_STARTED,SOURCE_REVIEW,SOURCE_REVIEW,COORDINATE_OR_GEOMETRY_STRUCTURE,,SVG,NO_PROBLEM_VISUAL,REVIEW_REQUIRED,SOLUTION_SVG,NOT_STARTED,,,7a97577ae7e7de13f01df857f724ac65b81423dea1cc9f603330d09ff3eb0c10,NOT_STARTED,NOT_STARTED,NOT_STARTED,NOT_TESTED,PASS,canonical_and_compiled_master_match,INVENTORY_PENDING,01_scope_inventory.csv#archive/exams/original/high/h1/1final/23_복성고_1학기_기말_고1_기출.js|23_복성고_1학기_기말_고1_기출|13,[object Object],INDEX_RECORD_PRESENT,original/high/h1/1final/23_복성고_1학기_기말_고1_기출.js_13,97025c9ab5909585fae7a3e1a0b6c3f091416fbc49d6125d7a69a64581c55589,true,③,IN_SCOPE_FORWARD,,,CLOSED_NO_SHARED_ASSET
archive/exams/original/high/h1/1final/23_복성고_1학기_기말_고1_기출.js|23_복성고_1학기_기말_고1_기출|19,archive/exams/original/high/h1/1final/23_복성고_1학기_기말_고1_기출.js,23_복성고_1학기_기말_고1_기출,19,19,19,2015,수학(상),H15-SA-11,원의 방정식,11,H15-SA-11-TANGENT,원과 접선,category_or_cue_inferred,complete_category,객관식,grid,false,객관식|원의 방정식|접선|중심|반지름|거리|도형,e74a1125a9f06ec4531f262f259b8c3234f40c61b38938d91b0c41935c807ff6,bf676ab194e6a34218d25b588d259e19700863afd91b3881447a8d0b0bf4d404,0bdef091c479702584f065d3a3714f8a76f851b3f0cf10912f345a5dd930b0a8,cf9056ab7fb1b723208b95ec9159bd9c0023ca7cbce8a79112446760c8890a93,,,assets/images/23_복성고_1학기_기말_고1_기출/q19-solution.svg,56975044bf294ca141207c291fb7a53386b2cb4001d47768dabb5ce047f6285c,0,LOADED_VM,,NOT_STARTED,NOT_STARTED,NOT_STARTED,SOURCE_REVIEW,SOURCE_REVIEW,GRAPH_OR_FUNCTION_STRUCTURE|COORDINATE_OR_GEOMETRY_STRUCTURE|TABLE_OR_MATRIX_STRUCTURE,,SVG,NO_PROBLEM_VISUAL,REVIEW_REQUIRED,SOLUTION_SVG,NOT_STARTED,,,d08dba593afd52483e2dda9b063b982db6692b664d098a2ab828d627741039ba,NOT_STARTED,NOT_STARTED,NOT_STARTED,NOT_TESTED,PASS,canonical_and_compiled_master_match,INVENTORY_PENDING,01_scope_inventory.csv#archive/exams/original/high/h1/1final/23_복성고_1학기_기말_고1_기출.js|23_복성고_1학기_기말_고1_기출|19,[object Object],INDEX_RECORD_PRESENT,original/high/h1/1final/23_복성고_1학기_기말_고1_기출.js_19,97025c9ab5909585fae7a3e1a0b6c3f091416fbc49d6125d7a69a64581c55589,true,⑤,IN_SCOPE_FORWARD,,,CLOSED_NO_SHARED_ASSET
archive/exams/original/high/h1/1final/23_복성고_1학기_기말_고1_기출.js|23_복성고_1학기_기말_고1_기출|20,archive/exams/original/high/h1/1final/23_복성고_1학기_기말_고1_기출.js,23_복성고_1학기_기말_고1_기출,20,20,20,2015,수학(상),H15-SA-11,원의 방정식,11,H15-SA-11-CIRCLE_EQUATION,원의 방정식,category_or_cue_inferred,complete_category,객관식,grid,false,객관식|원의 방정식|중심|거리|도형,8b21184f4570ae6000c5f709d7dc12aecff9f26bbf4eccafc6c489f9d0fd5d7c,a5d14c2117eb7c29ea5fb1b46b5b26cb149f17ec654d9ac3f4997b80a7db8ec9,dfde05a3668030e99ca64d8d4ae5f6b64c7a87cee61c0ba43904b92ef210191d,e16a92a96469994f07ff66cf6606828c22a7d89de1efc2c9d5b980bb5ae7f6cf,,,assets/images/23_복성고_1학기_기말_고1_기출/q20-solution.svg,77f3b782079f2cda049224ce2eda2b97006ad7a1ab0a82744d6a23a50783cd9e,0,LOADED_VM,,NOT_STARTED,NOT_STARTED,NOT_STARTED,SOURCE_REVIEW,SOURCE_REVIEW,COORDINATE_OR_GEOMETRY_STRUCTURE|TABLE_OR_MATRIX_STRUCTURE,,SVG,NO_PROBLEM_VISUAL,REVIEW_REQUIRED,SOLUTION_SVG,NOT_STARTED,,,93f7cf465aee152a4488492bbf6a1a0fd82154d041f3e7a0e8d89ddb8b5365f2,NOT_STARTED,NOT_STARTED,NOT_STARTED,NOT_TESTED,PASS,canonical_and_compiled_master_match,INVENTORY_PENDING,01_scope_inventory.csv#archive/exams/original/high/h1/1final/23_복성고_1학기_기말_고1_기출.js|23_복성고_1학기_기말_고1_기출|20,[object Object],INDEX_RECORD_PRESENT,original/high/h1/1final/23_복성고_1학기_기말_고1_기출.js_20,97025c9ab5909585fae7a3e1a0b6c3f091416fbc49d6125d7a69a64581c55589,true,②,IN_SCOPE_FORWARD,,,CLOSED_NO_SHARED_ASSET
archive/exams/original/high/h1/1final/23_복성고_1학기_기말_고1_기출.js|23_복성고_1학기_기말_고1_기출|22,archive/exams/original/high/h1/1final/23_복성고_1학기_기말_고1_기출.js,23_복성고_1학기_기말_고1_기출,22,22,22,2015,수학(상),H15-SA-11,원의 방정식,11,H15-SA-11-INTERSECTION,원과 직선·원의 교점,category_or_cue_inferred,complete_category,단답형,grid,false,서술형|원의 방정식|교점|두 원|직선과 원|위치 관계|중심|반지름|거리|도형,a9c12cf7ed9b429116521a61908f129968070a65fe18263215390a3985f5e2aa,4f53cda18c2baa0c0354bb5f9a3ecbe5ed12ab4d8e11ba873c2f11161202b945,47cea6234e51694af3ba37750e249b15a6cd79dce68ac582e3075bb28393b5ea,3099298bcd196b32577d5e32bc7862925e9ede57f9a8b55a7fdd46011ab56557,,,assets/images/23_복성고_1학기_기말_고1_기출/q22-solution.svg,5d42f2f548810eea0f117b6fc9212e2b4ec1c7aa6c3f44778175ca04600746dc,0,LOADED_VM,,NOT_STARTED,NOT_STARTED,NOT_STARTED,SOURCE_REVIEW,SOURCE_REVIEW,COORDINATE_OR_GEOMETRY_STRUCTURE,,SVG,NO_PROBLEM_VISUAL,REVIEW_REQUIRED,SOLUTION_SVG,NOT_STARTED,,,7d538ae18d589dac9f46a33715ee644631449f40645d318f5dcf5596160c94e0,NOT_STARTED,NOT_STARTED,NOT_STARTED,NOT_TESTED,PASS,canonical_and_compiled_master_match,INVENTORY_PENDING,01_scope_inventory.csv#archive/exams/original/high/h1/1final/23_복성고_1학기_기말_고1_기출.js|23_복성고_1학기_기말_고1_기출|22,[object Object],INDEX_RECORD_PRESENT,original/high/h1/1final/23_복성고_1학기_기말_고1_기출.js_22,97025c9ab5909585fae7a3e1a0b6c3f091416fbc49d6125d7a69a64581c55589,true,15,IN_SCOPE_FORWARD,,,CLOSED_NO_SHARED_ASSET
archive/exams/original/high/h1/1final/23_순천여고_1학기_기말_고1_기출.js|23_순천여고_1학기_기말_고1_기출|5,archive/exams/original/high/h1/1final/23_순천여고_1학기_기말_고1_기출.js,23_순천여고_1학기_기말_고1_기출,5,5,5,2015,수학(상),H15-SA-11,원의 방정식,11,H15-SA-11-CIRCLE_EQUATION,원의 방정식,category_or_cue_inferred,complete_category,객관식,grid,false,객관식|원의 방정식|중심|반지름|도형,b7edfacff9192227536108c8fc668d56b2503df1725a471a195693e1ceb1c995,ff782081a4cc25de5ebd8fdb3b10e93e0a2a8b181fb4cabb15c6d4c8f83c7224,0bdef091c479702584f065d3a3714f8a76f851b3f0cf10912f345a5dd930b0a8,333572bb4304bf3b33422811adb3c664c6031492a495f55b068c4937ac9dba45,,,assets/images/23_순천여고_1학기_기말_고1_기출/q05-solution.svg,b4f00ee8ebe53e4e2c483d60ac006339d2c6f038669bb01f213c0c28d730d8ce,0,LOADED_VM,,NOT_STARTED,NOT_STARTED,NOT_STARTED,SOURCE_REVIEW,SOURCE_REVIEW,COORDINATE_OR_GEOMETRY_STRUCTURE|TABLE_OR_MATRIX_STRUCTURE,,SVG,NO_PROBLEM_VISUAL,REVIEW_REQUIRED,SOLUTION_SVG,NOT_STARTED,,,0039f3c0e0e7d1cf62cd1bedcafbba773cbe932760786e818dc2995340e17365,NOT_STARTED,NOT_STARTED,NOT_STARTED,NOT_TESTED,PASS,canonical_and_compiled_master_match,INVENTORY_PENDING,01_scope_inventory.csv#archive/exams/original/high/h1/1final/23_순천여고_1학기_기말_고1_기출.js|23_순천여고_1학기_기말_고1_기출|5,[object Object],INDEX_RECORD_PRESENT,original/high/h1/1final/23_순천여고_1학기_기말_고1_기출.js_5,19e4cd9a1bbb6207b1d172298be76c4cdfcac65ca26b2ddc3e28ad06a393cd9d,true,⑤,IN_SCOPE_FORWARD,,,CLOSED_NO_SHARED_ASSET
archive/exams/original/high/h1/1final/23_순천여고_1학기_기말_고1_기출.js|23_순천여고_1학기_기말_고1_기출|6,archive/exams/original/high/h1/1final/23_순천여고_1학기_기말_고1_기출.js,23_순천여고_1학기_기말_고1_기출,6,6,6,2015,수학(상),H15-SA-11,원의 방정식,11,H15-SA-11-TANGENT,원과 접선,category_or_cue_inferred,complete_category,객관식,grid,false,객관식|원의 방정식|접선|중심|반지름|거리|도형,25a99ca97d78c05fe9100ff7c235d400781403a1a08419d1fca16f2a78daf838,6d8acd6678db0a1906080a1bbe0107b1e998f8724fb2ad0e3a51a9d17b564468,dfde05a3668030e99ca64d8d4ae5f6b64c7a87cee61c0ba43904b92ef210191d,aec593471c7a057c39d75a57226949bff6c898f5a3058d837d98eb5da6a650ae,,,assets/images/23_순천여고_1학기_기말_고1_기출/q06-solution.svg,222e783e383be2cfa756651fcff62653ba3548029dc3c8ba906199b065c038dc,0,LOADED_VM,,NOT_STARTED,NOT_STARTED,NOT_STARTED,SOURCE_REVIEW,SOURCE_REVIEW,COORDINATE_OR_GEOMETRY_STRUCTURE,,SVG,NO_PROBLEM_VISUAL,REVIEW_REQUIRED,SOLUTION_SVG,NOT_STARTED,,,ba8ff01abf10fe6389373025129cbce5f5bda6461329dd86b047de2fc4b43995,NOT_STARTED,NOT_STARTED,NOT_STARTED,NOT_TESTED,PASS,canonical_and_compiled_master_match,INVENTORY_PENDING,01_scope_inventory.csv#archive/exams/original/high/h1/1final/23_순천여고_1학기_기말_고1_기출.js|23_순천여고_1학기_기말_고1_기출|6,[object Object],INDEX_RECORD_PRESENT,original/high/h1/1final/23_순천여고_1학기_기말_고1_기출.js_6,19e4cd9a1bbb6207b1d172298be76c4cdfcac65ca26b2ddc3e28ad06a393cd9d,true,②,IN_SCOPE_FORWARD,,,CLOSED_NO_SHARED_ASSET
archive/exams/original/high/h1/1final/23_순천여고_1학기_기말_고1_기출.js|23_순천여고_1학기_기말_고1_기출|9,archive/exams/original/high/h1/1final/23_순천여고_1학기_기말_고1_기출.js,23_순천여고_1학기_기말_고1_기출,9,9,9,2015,수학(상),H15-SA-11,원의 방정식,11,H15-SA-11-INTERSECTION,원과 직선·원의 교점,category_or_cue_inferred,complete_category,객관식,grid,false,객관식|원의 방정식|교점|직선과 원|중심|반지름|도형,c7766dec3ab80bbe300716b2ebcc0a81bc85bd8db0f8d9560650ec64db4a1bdb,e0a2d515b9432b7ce272fe4d09d2234810d327b803650316fda86b74a012a5e6,dfde05a3668030e99ca64d8d4ae5f6b64c7a87cee61c0ba43904b92ef210191d,7e51ac71e8ecb514ec1db7b45cfe1d6cc0075fc3e6c7045e66dae4f434dd2439,,,assets/images/23_순천여고_1학기_기말_고1_기출/q09-solution.svg,19fdc36c933f9932c83d3cc8dc813d2cb1338267bda2b41a30fe38055e223567,0,LOADED_VM,,NOT_STARTED,NOT_STARTED,NOT_STARTED,SOURCE_REVIEW,SOURCE_REVIEW,COORDINATE_OR_GEOMETRY_STRUCTURE,,SVG,NO_PROBLEM_VISUAL,REVIEW_REQUIRED,SOLUTION_SVG,NOT_STARTED,,,91465b7555a89687e2c6656d6fac82dda7eb0e3678958b6fe14c29c973bd2b9e,NOT_STARTED,NOT_STARTED,NOT_STARTED,NOT_TESTED,PASS,canonical_and_compiled_master_match,INVENTORY_PENDING,01_scope_inventory.csv#archive/exams/original/high/h1/1final/23_순천여고_1학기_기말_고1_기출.js|23_순천여고_1학기_기말_고1_기출|9,[object Object],INDEX_RECORD_PRESENT,original/high/h1/1final/23_순천여고_1학기_기말_고1_기출.js_9,19e4cd9a1bbb6207b1d172298be76c4cdfcac65ca26b2ddc3e28ad06a393cd9d,true,②,IN_SCOPE_FORWARD,,,CLOSED_NO_SHARED_ASSET
archive/exams/original/high/h1/1final/23_순천여고_1학기_기말_고1_기출.js|23_순천여고_1학기_기말_고1_기출|12,archive/exams/original/high/h1/1final/23_순천여고_1학기_기말_고1_기출.js,23_순천여고_1학기_기말_고1_기출,12,12,12,2015,수학(상),H15-SA-11,원의 방정식,11,H15-SA-11-INTERSECTION,원과 직선·원의 교점,category_or_cue_inferred,complete_category,객관식,grid,false,객관식|원의 방정식|교점|직선과 원|위치 관계|중심|반지름|거리|도형,c84fffc5cbc24c6a14d3f9767c931283a1b7b7fc7e8fcbd59d021f25fa5570ed,a542e66ad81f031f8f5d3e15cfe9e984acaa339ba072265d7d3ec072665042a9,b15be6cb71072b84f7e1e198ce023fc5bb8b1e625335904ddcf3cffcd8b7312b,3254dcbdc94d58c8d3002faefb113dc1bc532fe7ca8a3bf332c453ffcdd1eb3b,,,assets/images/23_순천여고_1학기_기말_고1_기출/q12-solution.svg,b13e69dccdf4d42f2c3eea7c549d59a50b15322a0e2504766afb3d8d4fef4af0,0,LOADED_VM,,NOT_STARTED,NOT_STARTED,NOT_STARTED,SOURCE_REVIEW,SOURCE_REVIEW,COORDINATE_OR_GEOMETRY_STRUCTURE,,SVG,NO_PROBLEM_VISUAL,REVIEW_REQUIRED,SOLUTION_SVG,NOT_STARTED,,,48ca2a54098bdc97d0a87046e6089f79d7ca387f4ced1ec8e53283ba2be7722c,NOT_STARTED,NOT_STARTED,NOT_STARTED,NOT_TESTED,PASS,canonical_and_compiled_master_match,INVENTORY_PENDING,01_scope_inventory.csv#archive/exams/original/high/h1/1final/23_순천여고_1학기_기말_고1_기출.js|23_순천여고_1학기_기말_고1_기출|12,[object Object],INDEX_RECORD_PRESENT,original/high/h1/1final/23_순천여고_1학기_기말_고1_기출.js_12,19e4cd9a1bbb6207b1d172298be76c4cdfcac65ca26b2ddc3e28ad06a393cd9d,true,③,IN_SCOPE_FORWARD,,,CLOSED_NO_SHARED_ASSET
archive/exams/original/high/h1/1final/23_순천여고_1학기_기말_고1_기출.js|23_순천여고_1학기_기말_고1_기출|15,archive/exams/original/high/h1/1final/23_순천여고_1학기_기말_고1_기출.js,23_순천여고_1학기_기말_고1_기출,15,15,15,2015,수학(상),H15-SA-11,원의 방정식,11,H15-SA-11-TANGENT,원과 접선,category_or_cue_inferred,complete_category,객관식,grid,false,객관식|원의 방정식|접선|접점|중심|반지름|넓이|거리|도형,e72934ba4bd7da9501763bb120103ba253e017718d1a670a563d9df6219d2aee,545122a810def27ddd891d469716c4e3cfd58fe5bb3c63f95ec734e9d3e82ff4,0bdef091c479702584f065d3a3714f8a76f851b3f0cf10912f345a5dd930b0a8,86a1be93daa89297707835cda3a3ab8dce35132ea680cfcf9790d9b6029e775d,,,assets/images/23_순천여고_1학기_기말_고1_기출/q15-solution.svg,03f1eb53fdda1f20c2077a5545574be731d08781b904ba9e43befc10f5ef876a,0,LOADED_VM,,NOT_STARTED,NOT_STARTED,NOT_STARTED,SOURCE_REVIEW,SOURCE_REVIEW,COORDINATE_OR_GEOMETRY_STRUCTURE,,SVG,NO_PROBLEM_VISUAL,REVIEW_REQUIRED,SOLUTION_SVG,NOT_STARTED,,,9102ad9ec61768dcfeb35fe58732fbc61ac9ae521c058185a9b0d0815cd583ff,NOT_STARTED,NOT_STARTED,NOT_STARTED,NOT_TESTED,PASS,canonical_and_compiled_master_match,INVENTORY_PENDING,01_scope_inventory.csv#archive/exams/original/high/h1/1final/23_순천여고_1학기_기말_고1_기출.js|23_순천여고_1학기_기말_고1_기출|15,[object Object],INDEX_RECORD_PRESENT,original/high/h1/1final/23_순천여고_1학기_기말_고1_기출.js_15,19e4cd9a1bbb6207b1d172298be76c4cdfcac65ca26b2ddc3e28ad06a393cd9d,true,⑤,IN_SCOPE_FORWARD,,,CLOSED_NO_SHARED_ASSET
archive/exams/original/high/h1/1final/23_순천여고_1학기_기말_고1_기출.js|23_순천여고_1학기_기말_고1_기출|16,archive/exams/original/high/h1/1final/23_순천여고_1학기_기말_고1_기출.js,23_순천여고_1학기_기말_고1_기출,16,16,16,2015,수학(상),H15-SA-11,원의 방정식,11,H15-SA-11-CIRCLE_EQUATION,원의 방정식,category_or_cue_inferred,complete_category,객관식,grid,false,객관식|원의 방정식|반지름|넓이|거리|도형,0dfdab899a5743655796081a1b963db6add437a9636c7ecb10de90dda011bc5c,1bb684bbfee8f6d38ea021654fd35cf342b6a877f81a6ae02c77bd948c34ba1b,b15be6cb71072b84f7e1e198ce023fc5bb8b1e625335904ddcf3cffcd8b7312b,07137114edd4a4ae61493ac7e941a66d5f0c42e0d248849ac6df87b86e4c95eb,,,assets/images/23_순천여고_1학기_기말_고1_기출/q16-solution.svg,0135d8618d5ace015b14df55da995be35af0fd53813d0e6987cad82e1e10ec2c,0,LOADED_VM,,NOT_STARTED,NOT_STARTED,NOT_STARTED,SOURCE_REVIEW,SOURCE_REVIEW,COORDINATE_OR_GEOMETRY_STRUCTURE,,SVG,NO_PROBLEM_VISUAL,REVIEW_REQUIRED,SOLUTION_SVG,NOT_STARTED,,,30f1572baba573f6ffe3d07acd76d99042f6eeb364fc776dfc80a80d8d3a917f,NOT_STARTED,NOT_STARTED,NOT_STARTED,NOT_TESTED,PASS,canonical_and_compiled_master_match,INVENTORY_PENDING,01_scope_inventory.csv#archive/exams/original/high/h1/1final/23_순천여고_1학기_기말_고1_기출.js|23_순천여고_1학기_기말_고1_기출|16,[object Object],INDEX_RECORD_PRESENT,original/high/h1/1final/23_순천여고_1학기_기말_고1_기출.js_16,19e4cd9a1bbb6207b1d172298be76c4cdfcac65ca26b2ddc3e28ad06a393cd9d,true,③,IN_SCOPE_FORWARD,,,CLOSED_NO_SHARED_ASSET
archive/exams/original/high/h1/1final/23_순천여고_1학기_기말_고1_기출.js|23_순천여고_1학기_기말_고1_기출|18,archive/exams/original/high/h1/1final/23_순천여고_1학기_기말_고1_기출.js,23_순천여고_1학기_기말_고1_기출,18,18,18,2015,수학(상),H15-SA-11,원의 방정식,11,H15-SA-11-TANGENT,원과 접선,category_or_cue_inferred,complete_category,객관식,grid,false,객관식|원의 방정식|접선|접점|중심|반지름|거리|도형,1ad717661e2c8e51b0587e5120d34d6872f1be98ccec8557dadbfa094c8dece5,78ff8d6788b413d6c4b0ab50ecbdea33fb00f62913a5e5b8034b214030e758fc,b15be6cb71072b84f7e1e198ce023fc5bb8b1e625335904ddcf3cffcd8b7312b,612caa1b480aa22e32a9075c2ac13e31ffc2062ad1b786caa0209782e610064b,,,assets/images/23_순천여고_1학기_기말_고1_기출/q18-solution.svg,de9621323f44a238b96d92c48745d0fef9292cabbf53e597db90996ef7cdd6e1,0,LOADED_VM,,NOT_STARTED,NOT_STARTED,NOT_STARTED,SOURCE_REVIEW,SOURCE_REVIEW,COORDINATE_OR_GEOMETRY_STRUCTURE,,SVG,NO_PROBLEM_VISUAL,REVIEW_REQUIRED,SOLUTION_SVG,NOT_STARTED,,,aad4416877a4128766fd27a61432ecd18af0bc2eb3739ea27daf87aaf8ac2692,NOT_STARTED,NOT_STARTED,NOT_STARTED,NOT_TESTED,PASS,canonical_and_compiled_master_match,INVENTORY_PENDING,01_scope_inventory.csv#archive/exams/original/high/h1/1final/23_순천여고_1학기_기말_고1_기출.js|23_순천여고_1학기_기말_고1_기출|18,[object Object],INDEX_RECORD_PRESENT,original/high/h1/1final/23_순천여고_1학기_기말_고1_기출.js_18,19e4cd9a1bbb6207b1d172298be76c4cdfcac65ca26b2ddc3e28ad06a393cd9d,true,③,IN_SCOPE_FORWARD,,,CLOSED_NO_SHARED_ASSET
archive/exams/original/high/h1/1final/23_제일고_1학기_기말_고1_기출.js|23_제일고_1학기_기말_고1_기출|10,archive/exams/original/high/h1/1final/23_제일고_1학기_기말_고1_기출.js,23_제일고_1학기_기말_고1_기출,10,10,10,2015,수학(상),H15-SA-11,원의 방정식,11,H15-SA-11-TANGENT,원과 접선,category_or_cue_inferred,complete_category,객관식,grid,false,객관식|원의 방정식|접선|좌표축 접원|중심|반지름|도형,bb90d24232f7451fdd4a5930f8aea298849b868a7dbe87962ff4015d1540ffce,3131e475d17e4af51891e7600a8933a7ab092e74cfa8d31607e8597c6bdbaa61,dfde05a3668030e99ca64d8d4ae5f6b64c7a87cee61c0ba43904b92ef210191d,df72e227fc4c8d881630fc9473a7757cbe3fa6467670101e3a5132a64557f8bc,,,assets/images/23_제일고_1학기_기말_고1_기출/q10-solution.svg,1701661571bc5a3b83d8a910da1b89ca12738e098947a2d64eef3570fe13a32b,0,LOADED_VM,,NOT_STARTED,NOT_STARTED,NOT_STARTED,SOURCE_REVIEW,SOURCE_REVIEW,COORDINATE_OR_GEOMETRY_STRUCTURE|TABLE_OR_MATRIX_STRUCTURE,,SVG,NO_PROBLEM_VISUAL,REVIEW_REQUIRED,SOLUTION_SVG,NOT_STARTED,,,6d80d4ec39dfd736370d583f37a22163a27cc960664dbf856d175aa0df4fa184,NOT_STARTED,NOT_STARTED,NOT_STARTED,NOT_TESTED,PASS,canonical_and_compiled_master_match,INVENTORY_PENDING,01_scope_inventory.csv#archive/exams/original/high/h1/1final/23_제일고_1학기_기말_고1_기출.js|23_제일고_1학기_기말_고1_기출|10,[object Object],INDEX_RECORD_PRESENT,original/high/h1/1final/23_제일고_1학기_기말_고1_기출.js_10,40d505e56bdf2bd76df68db0f6ef5c69a00e2677a3899eec811ab109b49a9b4a,true,②,IN_SCOPE_FORWARD,,,CLOSED_NO_SHARED_ASSET
archive/exams/original/high/h1/1final/23_제일고_1학기_기말_고1_기출.js|23_제일고_1학기_기말_고1_기출|11,archive/exams/original/high/h1/1final/23_제일고_1학기_기말_고1_기출.js,23_제일고_1학기_기말_고1_기출,11,11,11,2015,수학(상),H15-SA-11,원의 방정식,11,H15-SA-11-CIRCLE_EQUATION,원의 방정식,category_or_cue_inferred,complete_category,객관식,grid,false,객관식|원의 방정식|반지름|도형,a5fc5cd0f7029d052dda145f9970cde29d2830cbf0a1af635e45bed652a7eed4,f07bb65e3e602ca16a1afc7c1793e4d42e2d31b15c33ea6c3540a4811517c7ff,d41ea6521f53fb3dfa10cf72e2932f4405d9c999fa422cdc840d25d57e90dd34,ce7ecb2e3e66055b22491a7664ab5a44db0439673edc1640f6a11ef0ee934de8,,,assets/images/23_제일고_1학기_기말_고1_기출/q11-solution.svg,bdcada63c04726e3154600364ebb513e82c9bc1dcf92eef47c50eba8e51e8bd8,0,LOADED_VM,,NOT_STARTED,NOT_STARTED,NOT_STARTED,SOURCE_REVIEW,SOURCE_REVIEW,COORDINATE_OR_GEOMETRY_STRUCTURE,,SVG,NO_PROBLEM_VISUAL,REVIEW_REQUIRED,SOLUTION_SVG,NOT_STARTED,,,0965f20b978bf6a8ee3e946679be35a3bb208c18eb3711cb4982439fb75eab67,NOT_STARTED,NOT_STARTED,NOT_STARTED,NOT_TESTED,PASS,canonical_and_compiled_master_match,INVENTORY_PENDING,01_scope_inventory.csv#archive/exams/original/high/h1/1final/23_제일고_1학기_기말_고1_기출.js|23_제일고_1학기_기말_고1_기출|11,[object Object],INDEX_RECORD_PRESENT,original/high/h1/1final/23_제일고_1학기_기말_고1_기출.js_11,40d505e56bdf2bd76df68db0f6ef5c69a00e2677a3899eec811ab109b49a9b4a,true,④,IN_SCOPE_FORWARD,,,CLOSED_NO_SHARED_ASSET
archive/exams/original/high/h1/1final/23_제일고_1학기_기말_고1_기출.js|23_제일고_1학기_기말_고1_기출|12,archive/exams/original/high/h1/1final/23_제일고_1학기_기말_고1_기출.js,23_제일고_1학기_기말_고1_기출,12,12,12,2015,수학(상),H15-SA-11,원의 방정식,11,H15-SA-11-TANGENT,원과 접선,category_or_cue_inferred,complete_category,객관식,grid,false,객관식|원의 방정식|접선|중심|반지름|거리|도형,09d58dbd015da64419967840f020c70d1181b2f3181ccafdb24b494f53ab7ba2,091ab5d3cd446d7ecbdf8a96bfa5d69964f14d6e5dea14609a199cc51b2f32da,b15be6cb71072b84f7e1e198ce023fc5bb8b1e625335904ddcf3cffcd8b7312b,0ed6a4131859c33a1573230dcd71c84994c6b276f34cb2fcda98bfed9a089a8c,,,assets/images/23_제일고_1학기_기말_고1_기출/q12-solution.svg,c68745ac56d48ddb700bc1d3ce9fdf25bc91271ac755c1a0dc9e7ff03d549039,0,LOADED_VM,,NOT_STARTED,NOT_STARTED,NOT_STARTED,SOURCE_REVIEW,SOURCE_REVIEW,COORDINATE_OR_GEOMETRY_STRUCTURE,,SVG,NO_PROBLEM_VISUAL,REVIEW_REQUIRED,SOLUTION_SVG,NOT_STARTED,,,96a28aeefed69db793a5c803d5efac9a222e04acbeb33b0268bc0c7699b7523d,NOT_STARTED,NOT_STARTED,NOT_STARTED,NOT_TESTED,PASS,canonical_and_compiled_master_match,INVENTORY_PENDING,01_scope_inventory.csv#archive/exams/original/high/h1/1final/23_제일고_1학기_기말_고1_기출.js|23_제일고_1학기_기말_고1_기출|12,[object Object],INDEX_RECORD_PRESENT,original/high/h1/1final/23_제일고_1학기_기말_고1_기출.js_12,40d505e56bdf2bd76df68db0f6ef5c69a00e2677a3899eec811ab109b49a9b4a,true,③,IN_SCOPE_FORWARD,,,CLOSED_NO_SHARED_ASSET
archive/exams/original/high/h1/1final/23_제일고_1학기_기말_고1_기출.js|23_제일고_1학기_기말_고1_기출|14,archive/exams/original/high/h1/1final/23_제일고_1학기_기말_고1_기출.js,23_제일고_1학기_기말_고1_기출,14,14,14,2015,수학(상),H15-SA-11,원의 방정식,11,H15-SA-11-CIRCLE_EQUATION,원의 방정식,category_or_cue_inferred,complete_category,객관식,grid,false,객관식|원의 방정식|중심|넓이|도형,e43d4201d71c338d5a4ea2abe5776830171c8ad4dff5d453a9af12b7baad3bed,e0d97c9019866472897be616b4b44634dd3f90c486dd75fb0aa9593501c65aef,973d2fd2f97e26a666f403b12da6d87e527985b36bcf4ff0a47c7e7e8c36321a,966bfeaa19cd900b90a4dd9943e0b532f6176cf290ceb2b355afe4186c932a68,,,assets/images/23_제일고_1학기_기말_고1_기출/q14-solution.svg,8173c08a061fb40a3338e57eb4cfc8ee309903389c72b96dacb2d2788294fac4,0,LOADED_VM,,NOT_STARTED,NOT_STARTED,NOT_STARTED,SOURCE_REVIEW,SOURCE_REVIEW,COORDINATE_OR_GEOMETRY_STRUCTURE,,SVG,NO_PROBLEM_VISUAL,REVIEW_REQUIRED,SOLUTION_SVG,NOT_STARTED,,,ea343afd63e5b5bec0d2045d9db06607d4cd964d26e4308b36347b570cb89e1e,NOT_STARTED,NOT_STARTED,NOT_STARTED,NOT_TESTED,PASS,canonical_and_compiled_master_match,INVENTORY_PENDING,01_scope_inventory.csv#archive/exams/original/high/h1/1final/23_제일고_1학기_기말_고1_기출.js|23_제일고_1학기_기말_고1_기출|14,[object Object],INDEX_RECORD_PRESENT,original/high/h1/1final/23_제일고_1학기_기말_고1_기출.js_14,40d505e56bdf2bd76df68db0f6ef5c69a00e2677a3899eec811ab109b49a9b4a,true,①,IN_SCOPE_FORWARD,,,CLOSED_NO_SHARED_ASSET
archive/exams/original/high/h1/1final/23_제일고_1학기_기말_고1_기출.js|23_제일고_1학기_기말_고1_기출|15,archive/exams/original/high/h1/1final/23_제일고_1학기_기말_고1_기출.js,23_제일고_1학기_기말_고1_기출,15,15,15,2015,수학(상),H15-SA-11,원의 방정식,11,H15-SA-11-INTERSECTION,원과 직선·원의 교점,category_or_cue_inferred,complete_category,객관식,grid,false,객관식|원의 방정식|교점|직선과 원|중심|반지름|넓이|거리|도형,8003c88dee7485ba070cc66c8b58b3df286e40f845d50d6600fb575cbaf92824,111e6316c17200d2a2ad34bb9603c1eb9cf4ff823f470ad3450029d1029cfd0a,0bdef091c479702584f065d3a3714f8a76f851b3f0cf10912f345a5dd930b0a8,7fc4300f386d0abc83e9814d4f000e30464e84eaca521c735fc0aa57e16ead8f,,,assets/images/23_제일고_1학기_기말_고1_기출/q15-solution.svg,cae6b0bc3c8784db281d94a3fa8c9564f11eeb7032d58628703431081fa1c7cb,0,LOADED_VM,,NOT_STARTED,NOT_STARTED,NOT_STARTED,SOURCE_REVIEW,SOURCE_REVIEW,COORDINATE_OR_GEOMETRY_STRUCTURE,,SVG,NO_PROBLEM_VISUAL,REVIEW_REQUIRED,SOLUTION_SVG,NOT_STARTED,,,876f6e117009396edbe89d1f9632b67d0063ea72300df32539fd68235fcd555d,NOT_STARTED,NOT_STARTED,NOT_STARTED,NOT_TESTED,PASS,canonical_and_compiled_master_match,INVENTORY_PENDING,01_scope_inventory.csv#archive/exams/original/high/h1/1final/23_제일고_1학기_기말_고1_기출.js|23_제일고_1학기_기말_고1_기출|15,[object Object],INDEX_RECORD_PRESENT,original/high/h1/1final/23_제일고_1학기_기말_고1_기출.js_15,40d505e56bdf2bd76df68db0f6ef5c69a00e2677a3899eec811ab109b49a9b4a,true,⑤,IN_SCOPE_FORWARD,,,CLOSED_NO_SHARED_ASSET
archive/exams/original/high/h1/1final/23_제일고_1학기_기말_고1_기출.js|23_제일고_1학기_기말_고1_기출|16,archive/exams/original/high/h1/1final/23_제일고_1학기_기말_고1_기출.js,23_제일고_1학기_기말_고1_기출,16,16,16,2015,수학(상),H15-SA-11,원의 방정식,11,H15-SA-11-TANGENT,원과 접선,category_or_cue_inferred,complete_category,객관식,grid,false,객관식|원의 방정식|접선|접점현|중심|반지름|넓이|거리|도형,d45205b3171e0ad4bba7e606cb7643d18f42bd5ea31360e93564d02d123e41ea,80dc81811d22982997cbff9771de4da62251d8fc0f98991d2c67eb7cfbfe8016,d41ea6521f53fb3dfa10cf72e2932f4405d9c999fa422cdc840d25d57e90dd34,9f07fdbab35c9716f965e90b6832066c1e8f1416e4994d5b38c007a841591e05,,,assets/images/23_제일고_1학기_기말_고1_기출/q16-solution.svg,9791ee83828926a2230f3c3e2201d3c9b3f130cbc1452db192d83f6124b551fe,0,LOADED_VM,,NOT_STARTED,NOT_STARTED,NOT_STARTED,SOURCE_REVIEW,SOURCE_REVIEW,COORDINATE_OR_GEOMETRY_STRUCTURE,,SVG,NO_PROBLEM_VISUAL,REVIEW_REQUIRED,SOLUTION_SVG,NOT_STARTED,,,08ee3ff92d69636465cab805949479ddd82aeb0eb37b3a49d42eeb4574bdb221,NOT_STARTED,NOT_STARTED,NOT_STARTED,NOT_TESTED,PASS,canonical_and_compiled_master_match,INVENTORY_PENDING,01_scope_inventory.csv#archive/exams/original/high/h1/1final/23_제일고_1학기_기말_고1_기출.js|23_제일고_1학기_기말_고1_기출|16,[object Object],INDEX_RECORD_PRESENT,original/high/h1/1final/23_제일고_1학기_기말_고1_기출.js_16,40d505e56bdf2bd76df68db0f6ef5c69a00e2677a3899eec811ab109b49a9b4a,true,④,IN_SCOPE_FORWARD,,,CLOSED_NO_SHARED_ASSET
archive/exams/original/high/h1/1final/23_제일고_1학기_기말_고1_기출.js|23_제일고_1학기_기말_고1_기출|17,archive/exams/original/high/h1/1final/23_제일고_1학기_기말_고1_기출.js,23_제일고_1학기_기말_고1_기출,17,17,17,2015,수학(상),H15-SA-11,원의 방정식,11,H15-SA-11-TANGENT,원과 접선,category_or_cue_inferred,complete_category,객관식,grid,false,객관식|원의 방정식|접선|중심|반지름|거리|도형,8ab143fb3343460bec65fd536015ebe458e7588af9e6fbca6d1e30ca66b09fdd,1f62df376c2e4473337c64b90409dba9e9389dfc04725406b3e90b66e7706188,dfde05a3668030e99ca64d8d4ae5f6b64c7a87cee61c0ba43904b92ef210191d,90dd40b0bcd25b4724159fdb08468094fdbe54fc475346b0f66733eaba8f16e8,,,assets/images/23_제일고_1학기_기말_고1_기출/q17-solution.svg,af1d61ad5b6593e431485bc4c497caac467ddda6d1204406b424ff66b290f74f,0,LOADED_VM,,NOT_STARTED,NOT_STARTED,NOT_STARTED,SOURCE_REVIEW,SOURCE_REVIEW,COORDINATE_OR_GEOMETRY_STRUCTURE,,SVG,NO_PROBLEM_VISUAL,REVIEW_REQUIRED,SOLUTION_SVG,NOT_STARTED,,,799d6553341171903526ceaeb9fb2454c5d53975bbc0a10648633074ff51ddc7,NOT_STARTED,NOT_STARTED,NOT_STARTED,NOT_TESTED,PASS,canonical_and_compiled_master_match,INVENTORY_PENDING,01_scope_inventory.csv#archive/exams/original/high/h1/1final/23_제일고_1학기_기말_고1_기출.js|23_제일고_1학기_기말_고1_기출|17,[object Object],INDEX_RECORD_PRESENT,original/high/h1/1final/23_제일고_1학기_기말_고1_기출.js_17,40d505e56bdf2bd76df68db0f6ef5c69a00e2677a3899eec811ab109b49a9b4a,true,②,IN_SCOPE_FORWARD,,,CLOSED_NO_SHARED_ASSET
archive/exams/original/high/h1/1final/23_제일고_1학기_기말_고1_기출.js|23_제일고_1학기_기말_고1_기출|18,archive/exams/original/high/h1/1final/23_제일고_1학기_기말_고1_기출.js,23_제일고_1학기_기말_고1_기출,18,18,18,2015,수학(상),H15-SA-11,원의 방정식,11,H15-SA-11-TANGENT,원과 접선,category_or_cue_inferred,complete_category,객관식,grid,false,객관식|원의 방정식|접선|중심|반지름|넓이|거리|도형,253cdbd50e0be6c12deada76b46f3ab3f9c3b003b2efece6bf0c5e7685723b7e,cca8749329b409b96d462884fc84b10437fd05ba6abf09faddc805cbb7eeb0cd,dfde05a3668030e99ca64d8d4ae5f6b64c7a87cee61c0ba43904b92ef210191d,d372813b3d2d21249237a9620a71ff439050c14b5bece802cd06bc59f51add66,,,assets/images/23_제일고_1학기_기말_고1_기출/q18-solution.svg,964ce6e2c60c6c0b7ad382d0313f4536c35b207de2c7def86caa936b2a739836,0,LOADED_VM,,NOT_STARTED,NOT_STARTED,NOT_STARTED,SOURCE_REVIEW,SOURCE_REVIEW,GRAPH_OR_FUNCTION_STRUCTURE|COORDINATE_OR_GEOMETRY_STRUCTURE|TABLE_OR_MATRIX_STRUCTURE,,SVG,NO_PROBLEM_VISUAL,REVIEW_REQUIRED,SOLUTION_SVG,NOT_STARTED,,,a71b17b7c79c461c2787c115476038af473d4e143d7e219490f15e8609c32c7c,NOT_STARTED,NOT_STARTED,NOT_STARTED,NOT_TESTED,PASS,canonical_and_compiled_master_match,INVENTORY_PENDING,01_scope_inventory.csv#archive/exams/original/high/h1/1final/23_제일고_1학기_기말_고1_기출.js|23_제일고_1학기_기말_고1_기출|18,[object Object],INDEX_RECORD_PRESENT,original/high/h1/1final/23_제일고_1학기_기말_고1_기출.js_18,40d505e56bdf2bd76df68db0f6ef5c69a00e2677a3899eec811ab109b49a9b4a,true,②,IN_SCOPE_FORWARD,,,CLOSED_NO_SHARED_ASSET
archive/exams/original/high/h1/1final/23_제일고_1학기_기말_고1_기출.js|23_제일고_1학기_기말_고1_기출|21,archive/exams/original/high/h1/1final/23_제일고_1학기_기말_고1_기출.js,23_제일고_1학기_기말_고1_기출,21,21,21,2015,수학(상),H15-SA-11,원의 방정식,11,H15-SA-11-CIRCLE_EQUATION,원의 방정식,category_or_cue_inferred,complete_category,서술형,grid,false,서술형|원의 방정식|중심|반지름|도형,c85d902ccb60578af8aa81c14b0dcd3f63e8d92b0db44fdd78fe0d50dcfee8f7,4f53cda18c2baa0c0354bb5f9a3ecbe5ed12ab4d8e11ba873c2f11161202b945,7e1a194ee9ce3faae5d359d6f12b11932a8886c76e3d56551dcc034128888105,08305b009cd5071401a2b5f635f0beecae0de4efc55b66d23bf7236a885e88ef,,,assets/images/23_제일고_1학기_기말_고1_기출/q21-solution.svg,e9a7617982f1b8234f28b2f14a9d7ec914d5dc347d67f67bf1a96992c36cb92d,0,LOADED_VM,,NOT_STARTED,NOT_STARTED,NOT_STARTED,SOURCE_REVIEW,SOURCE_REVIEW,COORDINATE_OR_GEOMETRY_STRUCTURE|TABLE_OR_MATRIX_STRUCTURE,,SVG,NO_PROBLEM_VISUAL,REVIEW_REQUIRED,SOLUTION_SVG,NOT_STARTED,,,c74aabce5fe983b982070a2c4ef6d11c42329bec08b1006d313fad9e68abce08,NOT_STARTED,NOT_STARTED,NOT_STARTED,NOT_TESTED,PASS,canonical_and_compiled_master_match,INVENTORY_PENDING,01_scope_inventory.csv#archive/exams/original/high/h1/1final/23_제일고_1학기_기말_고1_기출.js|23_제일고_1학기_기말_고1_기출|21,[object Object],INDEX_RECORD_PRESENT,original/high/h1/1final/23_제일고_1학기_기말_고1_기출.js_21,40d505e56bdf2bd76df68db0f6ef5c69a00e2677a3899eec811ab109b49a9b4a,true,$(x-3)^2+(y+2)^2=4$,IN_SCOPE_FORWARD,,,CLOSED_NO_SHARED_ASSET
archive/exams/original/high/h1/1final/23_제일고_1학기_기말_고1_기출.js|23_제일고_1학기_기말_고1_기출|22,archive/exams/original/high/h1/1final/23_제일고_1학기_기말_고1_기출.js,23_제일고_1학기_기말_고1_기출,22,22,22,2015,수학(상),H15-SA-11,원의 방정식,11,H15-SA-11-CIRCLE_EQUATION,원의 방정식,category_or_cue_inferred,complete_category,서술형,grid,false,서술형|원의 방정식|중심|반지름|거리|도형,05915c3ac7933dbfd61e6fd573fa88650ab7f46f24c87aa7004df2c21db234e3,4f53cda18c2baa0c0354bb5f9a3ecbe5ed12ab4d8e11ba873c2f11161202b945,d301b7639f8918d9164c6bc034fdb6499e80795cf96ded8c1d0beff020ca2813,164363b40cff0ea27e8243d6ca86c0e8e564728c298e544d75c081a80caf5e22,,,assets/images/23_제일고_1학기_기말_고1_기출/q22-solution.svg,1aaa6bcbf0a3806d010ad054f9dc86132427a30e45ec4c43e015259fca21edd7,0,LOADED_VM,,NOT_STARTED,NOT_STARTED,NOT_STARTED,SOURCE_REVIEW,SOURCE_REVIEW,COORDINATE_OR_GEOMETRY_STRUCTURE,,SVG,NO_PROBLEM_VISUAL,REVIEW_REQUIRED,SOLUTION_SVG,NOT_STARTED,,,693bba8bcdcbbb0b3963e570d61947e73f7b08274e91322e7eed5dd1b955824e,NOT_STARTED,NOT_STARTED,NOT_STARTED,NOT_TESTED,PASS,canonical_and_compiled_master_match,INVENTORY_PENDING,01_scope_inventory.csv#archive/exams/original/high/h1/1final/23_제일고_1학기_기말_고1_기출.js|23_제일고_1학기_기말_고1_기출|22,[object Object],INDEX_RECORD_PRESENT,original/high/h1/1final/23_제일고_1학기_기말_고1_기출.js_22,40d505e56bdf2bd76df68db0f6ef5c69a00e2677a3899eec811ab109b49a9b4a,true,"$(2,-2), (6,6)$",IN_SCOPE_FORWARD,,,CLOSED_NO_SHARED_ASSET
archive/exams/original/high/h1/1final/23_팔마고_1학기_기말_고1_기출.js|23_팔마고_1학기_기말_고1_기출|6,archive/exams/original/high/h1/1final/23_팔마고_1학기_기말_고1_기출.js,23_팔마고_1학기_기말_고1_기출,6,6,6,2015,수학(상),H15-SA-11,원의 방정식,11,H15-SA-11-CIRCLE_EQUATION,원의 방정식,category_or_cue_inferred,complete_category,객관식,grid,false,객관식|원의 방정식|중심|반지름|도형,963b4c5cd1f82c71fc9afd93a9b9e8eed4d179c9b18ff66652a98d6a17791dde,119a6d81cf8b830697ba7ba1e4042113a222c8a082c3619f03f917d8c647f06f,d41ea6521f53fb3dfa10cf72e2932f4405d9c999fa422cdc840d25d57e90dd34,c57205c394bb03a7c4437ad428db581f341ce28c8ffa891204d380e738660cb0,,,assets/images/23_팔마고_1학기_기말_고1_기출/q06-solution.svg,29f6046e6ac07af15f80afce9e479879e377e147c7b52631abeff1c628111fd0,0,LOADED_VM,,NOT_STARTED,NOT_STARTED,NOT_STARTED,SOURCE_REVIEW,SOURCE_REVIEW,COORDINATE_OR_GEOMETRY_STRUCTURE|TABLE_OR_MATRIX_STRUCTURE,,SVG,NO_PROBLEM_VISUAL,REVIEW_REQUIRED,SOLUTION_SVG,NOT_STARTED,,,9d81de4ed8a77d1a8ea9a53a91970e5aa89e86d056cb9bd4b97485ac2c583845,NOT_STARTED,NOT_STARTED,NOT_STARTED,NOT_TESTED,PASS,canonical_and_compiled_master_match,INVENTORY_PENDING,01_scope_inventory.csv#archive/exams/original/high/h1/1final/23_팔마고_1학기_기말_고1_기출.js|23_팔마고_1학기_기말_고1_기출|6,[object Object],INDEX_RECORD_PRESENT,original/high/h1/1final/23_팔마고_1학기_기말_고1_기출.js_6,0536598d92911264aa13ff7ba0b7c3e90ec2c26edd45137b78bcac71faab4c07,true,④,IN_SCOPE_FORWARD,,,CLOSED_NO_SHARED_ASSET
archive/exams/original/high/h1/1final/23_팔마고_1학기_기말_고1_기출.js|23_팔마고_1학기_기말_고1_기출|11,archive/exams/original/high/h1/1final/23_팔마고_1학기_기말_고1_기출.js,23_팔마고_1학기_기말_고1_기출,11,11,11,2015,수학(상),H15-SA-11,원의 방정식,11,H15-SA-11-TANGENT,원과 접선,category_or_cue_inferred,complete_category,객관식,grid,false,객관식|원의 방정식|접선|중심|반지름|거리|도형,e6cf02fb68f76743f933851d4c558e64df3755cbf94b3c30a3c72eeb2f9323ae,59276f194fdd2d159d2dcec40bdd55614a503429cd6d82dc176eec58e4110958,973d2fd2f97e26a666f403b12da6d87e527985b36bcf4ff0a47c7e7e8c36321a,39d55256e2f0868a7fd54de00382da3b8c5299c8637ce65cf72a889389359fda,,,assets/images/23_팔마고_1학기_기말_고1_기출/q11-solution.svg,5a6b56f41c69e1504c4595f18214157397917431e93014211e8b94f187edd5de,0,LOADED_VM,,NOT_STARTED,NOT_STARTED,NOT_STARTED,SOURCE_REVIEW,SOURCE_REVIEW,COORDINATE_OR_GEOMETRY_STRUCTURE|TABLE_OR_MATRIX_STRUCTURE,,SVG,NO_PROBLEM_VISUAL,REVIEW_REQUIRED,SOLUTION_SVG,NOT_STARTED,,,8b59a0d7acea766f0c08f458dcc87d3929a04226a58153399f8879ee48af8708,NOT_STARTED,NOT_STARTED,NOT_STARTED,NOT_TESTED,PASS,canonical_and_compiled_master_match,INVENTORY_PENDING,01_scope_inventory.csv#archive/exams/original/high/h1/1final/23_팔마고_1학기_기말_고1_기출.js|23_팔마고_1학기_기말_고1_기출|11,[object Object],INDEX_RECORD_PRESENT,original/high/h1/1final/23_팔마고_1학기_기말_고1_기출.js_11,0536598d92911264aa13ff7ba0b7c3e90ec2c26edd45137b78bcac71faab4c07,true,①,IN_SCOPE_FORWARD,,,CLOSED_NO_SHARED_ASSET
archive/exams/original/high/h1/1final/23_팔마고_1학기_기말_고1_기출.js|23_팔마고_1학기_기말_고1_기출|14,archive/exams/original/high/h1/1final/23_팔마고_1학기_기말_고1_기출.js,23_팔마고_1학기_기말_고1_기출,14,14,14,2015,수학(상),H15-SA-11,원의 방정식,11,H15-SA-11-TANGENT,원과 접선,category_or_cue_inferred,complete_category,객관식,grid,false,객관식|원의 방정식|접선|접점현|중심|반지름|거리|도형,c1fabe061d4d8f258da61f419a09abde588581ef67a7d63b3422406694148872,1eb36b99b8d57fb351e33563ae49a2bb58cb2ee00e1692c66c453ce8a68330ec,973d2fd2f97e26a666f403b12da6d87e527985b36bcf4ff0a47c7e7e8c36321a,5fb02dd5a09f91deb6cc40b82d8168ed8bf1cd047349356780dc8f625ae44a28,,,assets/images/23_팔마고_1학기_기말_고1_기출/q14-solution.svg,7bd2737691a7f833b4d12e3165bd7695292181c8979bfb7ea48c4fb415e2e69a,0,LOADED_VM,,NOT_STARTED,NOT_STARTED,NOT_STARTED,SOURCE_REVIEW,SOURCE_REVIEW,COORDINATE_OR_GEOMETRY_STRUCTURE,,SVG,NO_PROBLEM_VISUAL,REVIEW_REQUIRED,SOLUTION_SVG,NOT_STARTED,,,e50453abcc18b2a008408ff3e43c00d73c59cbc679b3d46d93048d1bd9d14500,NOT_STARTED,NOT_STARTED,NOT_STARTED,NOT_TESTED,PASS,canonical_and_compiled_master_match,INVENTORY_PENDING,01_scope_inventory.csv#archive/exams/original/high/h1/1final/23_팔마고_1학기_기말_고1_기출.js|23_팔마고_1학기_기말_고1_기출|14,[object Object],INDEX_RECORD_PRESENT,original/high/h1/1final/23_팔마고_1학기_기말_고1_기출.js_14,0536598d92911264aa13ff7ba0b7c3e90ec2c26edd45137b78bcac71faab4c07,true,①,IN_SCOPE_FORWARD,,,CLOSED_NO_SHARED_ASSET
archive/exams/original/high/h1/1final/23_팔마고_1학기_기말_고1_기출.js|23_팔마고_1학기_기말_고1_기출|16,archive/exams/original/high/h1/1final/23_팔마고_1학기_기말_고1_기출.js,23_팔마고_1학기_기말_고1_기출,16,16,16,2015,수학(상),H15-SA-11,원의 방정식,11,H15-SA-11-CIRCLE_EQUATION,원의 방정식,category_or_cue_inferred,complete_category,객관식,grid,false,객관식|원의 방정식|중심|반지름|거리|도형,c9d010ad4712a3a0e7b92ec28f7e076fa8be30056156388ea2cfbff5879b6110,7563d7957cba9cafd722b218e13d3484461328c287a77b767ce465422949c0c8,dfde05a3668030e99ca64d8d4ae5f6b64c7a87cee61c0ba43904b92ef210191d,3f7afaea649641c6d1da594e3f49703349ad18e724b152f4a4b81529ce06645b,,,assets/images/23_팔마고_1학기_기말_고1_기출/q16-solution.svg,eb5f9e731160eeb017160568703a7fc30379afe40e1fe6a7d6d2778bb1972ed3,0,LOADED_VM,,NOT_STARTED,NOT_STARTED,NOT_STARTED,SOURCE_REVIEW,SOURCE_REVIEW,COORDINATE_OR_GEOMETRY_STRUCTURE,,SVG,NO_PROBLEM_VISUAL,REVIEW_REQUIRED,SOLUTION_SVG,NOT_STARTED,,,7eb86c6bd17800cfc4e321a2bf841dbafe2bf73f7a17dc4fc2fabef119a0d3dd,NOT_STARTED,NOT_STARTED,NOT_STARTED,NOT_TESTED,PASS,canonical_and_compiled_master_match,INVENTORY_PENDING,01_scope_inventory.csv#archive/exams/original/high/h1/1final/23_팔마고_1학기_기말_고1_기출.js|23_팔마고_1학기_기말_고1_기출|16,[object Object],INDEX_RECORD_PRESENT,original/high/h1/1final/23_팔마고_1학기_기말_고1_기출.js_16,0536598d92911264aa13ff7ba0b7c3e90ec2c26edd45137b78bcac71faab4c07,true,②,IN_SCOPE_FORWARD,,,CLOSED_NO_SHARED_ASSET
archive/exams/original/high/h1/1final/23_팔마고_1학기_기말_고1_기출.js|23_팔마고_1학기_기말_고1_기출|19,archive/exams/original/high/h1/1final/23_팔마고_1학기_기말_고1_기출.js,23_팔마고_1학기_기말_고1_기출,19,19,19,2015,수학(상),H15-SA-11,원의 방정식,11,H15-SA-11-CIRCLE_EQUATION,원의 방정식,category_or_cue_inferred,complete_category,서술형,grid,false,서술형|원의 방정식|중심|반지름|거리|도형,d625806f8a5e0b9c4ea451d8abedbde49f606292955d0692f022795215a2506e,4f53cda18c2baa0c0354bb5f9a3ecbe5ed12ab4d8e11ba873c2f11161202b945,00a6ba87bb2906f22315cd7b41fad5659cd99dafd9d0bf9564c9232f0e2189b4,4d88eaa9cf6e196ce21c1321db1da1a4a801cd126ab1c044cb9f2c8c44347acb,,,assets/images/23_팔마고_1학기_기말_고1_기출/q19-solution.svg,483d5314dd4255855dc248dee487ba3184aa91e279f93f54073adaf9dab41447,0,LOADED_VM,,NOT_STARTED,NOT_STARTED,NOT_STARTED,SOURCE_REVIEW,SOURCE_REVIEW,COORDINATE_OR_GEOMETRY_STRUCTURE|TABLE_OR_MATRIX_STRUCTURE,,SVG,NO_PROBLEM_VISUAL,REVIEW_REQUIRED,SOLUTION_SVG,NOT_STARTED,,,5e0c70658c6fb7ee7b66edf76453036bd4e58a28ea0b04dac90dc535bfe12cd6,NOT_STARTED,NOT_STARTED,NOT_STARTED,NOT_TESTED,PASS,canonical_and_compiled_master_match,INVENTORY_PENDING,01_scope_inventory.csv#archive/exams/original/high/h1/1final/23_팔마고_1학기_기말_고1_기출.js|23_팔마고_1학기_기말_고1_기출|19,[object Object],INDEX_RECORD_PRESENT,original/high/h1/1final/23_팔마고_1학기_기말_고1_기출.js_19,0536598d92911264aa13ff7ba0b7c3e90ec2c26edd45137b78bcac71faab4c07,true,"중심 $(2,-1)$, 반지름 $\sqrt{13}$, $(x-2)^2+(y+1)^2=13$",IN_SCOPE_FORWARD,,,CLOSED_NO_SHARED_ASSET
archive/exams/original/high/h1/1final/24_금당고_1학기_기말_고1_기출.js|24_금당고_1학기_기말_고1_기출|7,archive/exams/original/high/h1/1final/24_금당고_1학기_기말_고1_기출.js,24_금당고_1학기_기말_고1_기출,7,7,7,2015,수학(상),H15-SA-11,원의 방정식,11,H15-SA-11-CIRCLE_EQUATION,원의 방정식,category_or_cue_inferred,complete_category,객관식,grid,false,객관식|원의 방정식|중심|반지름|거리|도형,8836c5bd0747ac194cc359a50a7cef2f84c5b118a60fecdbbc216f4a7358c1c4,f36d5b99631836fa8f02c4849519f04204969a1115add3ca6cb981d0a09cc6b0,dfde05a3668030e99ca64d8d4ae5f6b64c7a87cee61c0ba43904b92ef210191d,6b3cd6be8509dffab9ad45de45161f13cf4528c47a22c3483bab510b55513215,,,assets/images/24_금당고_1학기_기말_고1_기출/q07-solution.svg,21220c50aee76b29204eaf98fe3f136a021b3fb34e6b4527973d02be2e62549f,0,LOADED_VM,,NOT_STARTED,NOT_STARTED,NOT_STARTED,SOURCE_REVIEW,SOURCE_REVIEW,COORDINATE_OR_GEOMETRY_STRUCTURE|TABLE_OR_MATRIX_STRUCTURE,,SVG,NO_PROBLEM_VISUAL,REVIEW_REQUIRED,SOLUTION_SVG,NOT_STARTED,,,93f6fa71fc2a7f670dc3a5da000623e2f5ecc71ab5d782a6d3da10fb0713b337,NOT_STARTED,NOT_STARTED,NOT_STARTED,NOT_TESTED,PASS,canonical_and_compiled_master_match,INVENTORY_PENDING,01_scope_inventory.csv#archive/exams/original/high/h1/1final/24_금당고_1학기_기말_고1_기출.js|24_금당고_1학기_기말_고1_기출|7,[object Object],INDEX_RECORD_PRESENT,original/high/h1/1final/24_금당고_1학기_기말_고1_기출.js_7,7240952c798ac9650218ce775dee041b4040d9b5db0e3e072906b84d4c281580,true,②,IN_SCOPE_FORWARD,,,CLOSED_NO_SHARED_ASSET
archive/exams/original/high/h1/1final/24_금당고_1학기_기말_고1_기출.js|24_금당고_1학기_기말_고1_기출|9,archive/exams/original/high/h1/1final/24_금당고_1학기_기말_고1_기출.js,24_금당고_1학기_기말_고1_기출,9,9,9,2015,수학(상),H15-SA-11,원의 방정식,11,H15-SA-11-TANGENT,원과 접선,category_or_cue_inferred,complete_category,객관식,grid,false,객관식|원의 방정식|접선|접점|반지름|거리|도형,4f766d08eb8c97d80daf294c112eafc127199355a5d34903633c26e64429d277,230c1f78a8d26d24582b67ab5ca6b951adca973aa0238385dde4b2cf803eab77,d41ea6521f53fb3dfa10cf72e2932f4405d9c999fa422cdc840d25d57e90dd34,e8c14988b096ce04fbe00410ab60fa963f9162ead31d5f933a79d89f83e2054a,,,assets/images/24_금당고_1학기_기말_고1_기출/q09-solution.svg,4623908382913f4a9b633ba22c39a9b1601d195f7007643b8869cee41d77d131,0,LOADED_VM,,NOT_STARTED,NOT_STARTED,NOT_STARTED,SOURCE_REVIEW,SOURCE_REVIEW,COORDINATE_OR_GEOMETRY_STRUCTURE|TABLE_OR_MATRIX_STRUCTURE,,SVG,NO_PROBLEM_VISUAL,REVIEW_REQUIRED,SOLUTION_SVG,NOT_STARTED,,,672645289013aa74a421be5f8f858cc7bcb0a5ddaa05cfed47dac1e83d68f41e,NOT_STARTED,NOT_STARTED,NOT_STARTED,NOT_TESTED,PASS,canonical_and_compiled_master_match,INVENTORY_PENDING,01_scope_inventory.csv#archive/exams/original/high/h1/1final/24_금당고_1학기_기말_고1_기출.js|24_금당고_1학기_기말_고1_기출|9,[object Object],INDEX_RECORD_PRESENT,original/high/h1/1final/24_금당고_1학기_기말_고1_기출.js_9,7240952c798ac9650218ce775dee041b4040d9b5db0e3e072906b84d4c281580,true,④,IN_SCOPE_FORWARD,,,CLOSED_NO_SHARED_ASSET
archive/exams/original/high/h1/1final/24_금당고_1학기_기말_고1_기출.js|24_금당고_1학기_기말_고1_기출|16,archive/exams/original/high/h1/1final/24_금당고_1학기_기말_고1_기출.js,24_금당고_1학기_기말_고1_기출,16,16,16,2015,수학(상),H15-SA-11,원의 방정식,11,H15-SA-11-CIRCLE_EQUATION,원의 방정식,category_or_cue_inferred,complete_category,객관식,grid,false,객관식|원의 방정식|좌표축 접원|중심|반지름|거리|도형,037b7b9889aeace505d2edb4350dc9e4f79a95e59518419c35e649b6c7eb3d92,a53a42dd520bfdf245f5ac53a790c4bfc3ffff86a31e1cfc3bbccfb1dd405754,d41ea6521f53fb3dfa10cf72e2932f4405d9c999fa422cdc840d25d57e90dd34,3c53dbe103dd34ccd49786ce8d5f0eb951be840fe678f8806f9b62a6f2efeeae,,,assets/images/24_금당고_1학기_기말_고1_기출/q16-solution.svg,81149750e42494792f55f031a29499efd3b4ad40e4f706dedb0d083a8b9b1dfa,0,LOADED_VM,,NOT_STARTED,NOT_STARTED,NOT_STARTED,SOURCE_REVIEW,SOURCE_REVIEW,COORDINATE_OR_GEOMETRY_STRUCTURE|TABLE_OR_MATRIX_STRUCTURE,,SVG,NO_PROBLEM_VISUAL,REVIEW_REQUIRED,SOLUTION_SVG,NOT_STARTED,,,baaa32a5fcd363dd3badffb2274fbba98a9d32a0ba12f8daa5ad6b1cc94797d2,NOT_STARTED,NOT_STARTED,NOT_STARTED,NOT_TESTED,PASS,canonical_and_compiled_master_match,INVENTORY_PENDING,01_scope_inventory.csv#archive/exams/original/high/h1/1final/24_금당고_1학기_기말_고1_기출.js|24_금당고_1학기_기말_고1_기출|16,[object Object],INDEX_RECORD_PRESENT,original/high/h1/1final/24_금당고_1학기_기말_고1_기출.js_16,7240952c798ac9650218ce775dee041b4040d9b5db0e3e072906b84d4c281580,true,④,IN_SCOPE_FORWARD,,,CLOSED_NO_SHARED_ASSET
archive/exams/original/high/h1/1final/24_금당고_1학기_기말_고1_기출.js|24_금당고_1학기_기말_고1_기출|20,archive/exams/original/high/h1/1final/24_금당고_1학기_기말_고1_기출.js,24_금당고_1학기_기말_고1_기출,20,20,20,2015,수학(상),H15-SA-11,원의 방정식,11,H15-SA-11-CIRCLE_EQUATION,원의 방정식,category_or_cue_inferred,complete_category,서술형,grid,false,서술형|원의 방정식|중심|반지름|도형,a7a46931715d40bfdb4459964efb9258fdc226cb2370c59832e748448f3a0bf0,4f53cda18c2baa0c0354bb5f9a3ecbe5ed12ab4d8e11ba873c2f11161202b945,bb0033a9b05ae920891cb73a0809b6573d5480a3d29d5a32217c023e1e8f2625,0b457bd8e324b4345002ede82e7bf92df803c88fa77aa8359ac1e80e1f367f87,,,assets/images/24_금당고_1학기_기말_고1_기출/q20-solution.svg,4c6d8599881335480f341ebf062da7c3842d3acff70550067e8bf48eb4e01ba7,0,LOADED_VM,,NOT_STARTED,NOT_STARTED,NOT_STARTED,SOURCE_REVIEW,SOURCE_REVIEW,GRAPH_OR_FUNCTION_STRUCTURE|COORDINATE_OR_GEOMETRY_STRUCTURE|TABLE_OR_MATRIX_STRUCTURE,,SVG,NO_PROBLEM_VISUAL,REVIEW_REQUIRED,SOLUTION_SVG,NOT_STARTED,,,f5d30579e8c2e519b952795ee1acb0d0f8dfed2a3b02a37608403aef65f0abb8,NOT_STARTED,NOT_STARTED,NOT_STARTED,NOT_TESTED,PASS,canonical_and_compiled_master_match,INVENTORY_PENDING,01_scope_inventory.csv#archive/exams/original/high/h1/1final/24_금당고_1학기_기말_고1_기출.js|24_금당고_1학기_기말_고1_기출|20,[object Object],INDEX_RECORD_PRESENT,original/high/h1/1final/24_금당고_1학기_기말_고1_기출.js_20,7240952c798ac9650218ce775dee041b4040d9b5db0e3e072906b84d4c281580,true,$26$,IN_SCOPE_FORWARD,,,CLOSED_NO_SHARED_ASSET
archive/exams/original/high/h1/1final/24_매산고_1학기_기말_고1_기출.js|24_매산고_1학기_기말_고1_기출|7,archive/exams/original/high/h1/1final/24_매산고_1학기_기말_고1_기출.js,24_매산고_1학기_기말_고1_기출,7,7,7,2015,수학(상),H15-SA-11,원의 방정식,11,H15-SA-11-INTERSECTION,원과 직선·원의 교점,category_or_cue_inferred,complete_category,객관식,grid,false,객관식|원의 방정식|교점|직선과 원|중심|반지름|거리|도형,edab94b96a36894c3f46e25596c608aa3685198fc85074e29819baf71828974a,946ec6ec980a3d6babf32de532cf64e7c2574b4af3cd2242e14bf3459e19f7df,dfde05a3668030e99ca64d8d4ae5f6b64c7a87cee61c0ba43904b92ef210191d,66914fb36dcef2b780037c7bbd0f9170902f2ae6aa0e7209d9c20c090154de0c,,,assets/images/24_매산고_1학기_기말_고1_기출/q07-solution.svg,1a201f6564034d507485edb08dda154f1e7f470bcdd33de91463f31df14acd56,0,LOADED_VM,,NOT_STARTED,NOT_STARTED,NOT_STARTED,SOURCE_REVIEW,SOURCE_REVIEW,COORDINATE_OR_GEOMETRY_STRUCTURE|TABLE_OR_MATRIX_STRUCTURE,,SVG,NO_PROBLEM_VISUAL,REVIEW_REQUIRED,SOLUTION_SVG,NOT_STARTED,,,8c4e5de4b3ba0d70d3b78af184dd06bf41373a52f2bcd241258dfa19d46de2c2,NOT_STARTED,NOT_STARTED,NOT_STARTED,NOT_TESTED,PASS,canonical_and_compiled_master_match,INVENTORY_PENDING,01_scope_inventory.csv#archive/exams/original/high/h1/1final/24_매산고_1학기_기말_고1_기출.js|24_매산고_1학기_기말_고1_기출|7,[object Object],INDEX_RECORD_PRESENT,original/high/h1/1final/24_매산고_1학기_기말_고1_기출.js_7,2eadfbee7666dece7241c576d98571d62221da570c665cf63364fb8e3105d7f3,true,②,IN_SCOPE_FORWARD,,,CLOSED_NO_SHARED_ASSET
archive/exams/original/high/h1/1final/24_매산고_1학기_기말_고1_기출.js|24_매산고_1학기_기말_고1_기출|9,archive/exams/original/high/h1/1final/24_매산고_1학기_기말_고1_기출.js,24_매산고_1학기_기말_고1_기출,9,9,9,2015,수학(상),H15-SA-11,원의 방정식,11,H15-SA-11-TANGENT,원과 접선,category_or_cue_inferred,complete_category,객관식,grid,false,객관식|원의 방정식|접선|중심|반지름|거리|도형,c9e19cb77623a5795c36ed221ac702ff755f1834d1782c9a0a4a92f658134ab5,f9fe0d05a3c8b31c143077139f5b9c805e6afc2d7058baa349c1aaf4bcb34f2f,dfde05a3668030e99ca64d8d4ae5f6b64c7a87cee61c0ba43904b92ef210191d,beb6e3d780c8a5e9fa3013925c9a94fe1720b882c8d6ce7d94e73b3e427d7048,assets/images/24_매산고_1학기_기말_고1_기출/q9.png,bdecaab4096a2759202f13ca133b4b1a177362bf7364c6815f0e2386cd0e8651,assets/images/24_매산고_1학기_기말_고1_기출/q09-solution.svg,3873c3728320d1bfb71eeaf3d3bbfacd64bd885629fcb4542312cdc946023ad5,0,LOADED_VM,,NOT_STARTED,NOT_STARTED,NOT_STARTED,SOURCE_REVIEW,SOURCE_REVIEW,COORDINATE_OR_GEOMETRY_STRUCTURE,,SVG,PROBLEM_VISUAL_PRESENT,REVIEW_REQUIRED,SOLUTION_SVG,NOT_STARTED,,,490da63c82eecf841a12dc22c89802d6f38c49918d9ab4b2808b3cf82620f27a,NOT_STARTED,NOT_STARTED,NOT_STARTED,NOT_TESTED,PASS,canonical_and_compiled_master_match,INVENTORY_PENDING,01_scope_inventory.csv#archive/exams/original/high/h1/1final/24_매산고_1학기_기말_고1_기출.js|24_매산고_1학기_기말_고1_기출|9,[object Object]|[object Object],INDEX_RECORD_PRESENT,original/high/h1/1final/24_매산고_1학기_기말_고1_기출.js_9,2eadfbee7666dece7241c576d98571d62221da570c665cf63364fb8e3105d7f3,true,②,IN_SCOPE_FORWARD,,,CLOSED_NO_SHARED_ASSET
archive/exams/original/high/h1/1final/24_매산고_1학기_기말_고1_기출.js|24_매산고_1학기_기말_고1_기출|15,archive/exams/original/high/h1/1final/24_매산고_1학기_기말_고1_기출.js,24_매산고_1학기_기말_고1_기출,15,15,15,2015,수학(상),H15-SA-11,원의 방정식,11,H15-SA-11-INTERSECTION,원과 직선·원의 교점,category_or_cue_inferred,complete_category,객관식,grid,false,객관식|원의 방정식|교점|직선과 원|위치 관계|중심|반지름|거리|도형,ee8919984c9eb518bc948bb4644aa3a33907df1e619b5ca37eabfe070174c307,8ba9fe19f57c0a93a34e1a24b3676f6d44582772da389a133233789db6cca61b,973d2fd2f97e26a666f403b12da6d87e527985b36bcf4ff0a47c7e7e8c36321a,b22dc94d426790812855cc40cdda035f8a4ad9b70a8ff21f172e3de0c655c08b,,,assets/images/24_매산고_1학기_기말_고1_기출/q15-solution.svg,f839e7a9751036e7ce4f21558d1592cef784e76999fce1d92af4498057da7fe8,0,LOADED_VM,,NOT_STARTED,NOT_STARTED,NOT_STARTED,SOURCE_REVIEW,SOURCE_REVIEW,COORDINATE_OR_GEOMETRY_STRUCTURE|TABLE_OR_MATRIX_STRUCTURE,,SVG,NO_PROBLEM_VISUAL,REVIEW_REQUIRED,SOLUTION_SVG,NOT_STARTED,,,b41d531379135d0caef114815e5e297bbd08b1b0841ae1ba595e799d6c091f66,NOT_STARTED,NOT_STARTED,NOT_STARTED,NOT_TESTED,PASS,canonical_and_compiled_master_match,INVENTORY_PENDING,01_scope_inventory.csv#archive/exams/original/high/h1/1final/24_매산고_1학기_기말_고1_기출.js|24_매산고_1학기_기말_고1_기출|15,[object Object],INDEX_RECORD_PRESENT,original/high/h1/1final/24_매산고_1학기_기말_고1_기출.js_15,2eadfbee7666dece7241c576d98571d62221da570c665cf63364fb8e3105d7f3,true,①,IN_SCOPE_FORWARD,,,CLOSED_NO_SHARED_ASSET
archive/exams/original/high/h1/1final/24_매산고_1학기_기말_고1_기출.js|24_매산고_1학기_기말_고1_기출|17,archive/exams/original/high/h1/1final/24_매산고_1학기_기말_고1_기출.js,24_매산고_1학기_기말_고1_기출,17,17,17,2015,수학(상),H15-SA-11,원의 방정식,11,H15-SA-11-TANGENT,원과 접선,category_or_cue_inferred,complete_category,단답형,grid,false,단답형|원의 방정식|접선|중심|반지름|거리|도형,ad0766966beb9866d04d335944f987f37121d690e5dd9b2d6021e297c22215f5,4f53cda18c2baa0c0354bb5f9a3ecbe5ed12ab4d8e11ba873c2f11161202b945,8d3011bfd4602d50d66b239bccf8e586f208cd2e21f489e3020b5ba57dae3aee,18ca35ae027f26f06a63e65e73df55b1274c3b37c5bbbe4f97d255d584026b34,,,assets/images/24_매산고_1학기_기말_고1_기출/q17-solution.svg,239d0b3a0ad9c70a5aec7c5911599046b98a568fce301adc2a84527b5148dc67,0,LOADED_VM,,NOT_STARTED,NOT_STARTED,NOT_STARTED,SOURCE_REVIEW,SOURCE_REVIEW,GRAPH_OR_FUNCTION_STRUCTURE|COORDINATE_OR_GEOMETRY_STRUCTURE|TABLE_OR_MATRIX_STRUCTURE,,SVG,NO_PROBLEM_VISUAL,REVIEW_REQUIRED,SOLUTION_SVG,NOT_STARTED,,,992c65de3bb0c019d7f723bc56c9a81b97ccd765d2d1c8f61e07c1c41228dabf,NOT_STARTED,NOT_STARTED,NOT_STARTED,NOT_TESTED,PASS,canonical_and_compiled_master_match,INVENTORY_PENDING,01_scope_inventory.csv#archive/exams/original/high/h1/1final/24_매산고_1학기_기말_고1_기출.js|24_매산고_1학기_기말_고1_기출|17,[object Object],INDEX_RECORD_PRESENT,original/high/h1/1final/24_매산고_1학기_기말_고1_기출.js_17,2eadfbee7666dece7241c576d98571d62221da570c665cf63364fb8e3105d7f3,true,"$\sqrt{2}-1$, $-\sqrt{2}-1$",IN_SCOPE_FORWARD,,,CLOSED_NO_SHARED_ASSET
archive/exams/original/high/h1/1final/24_제일고_1학기_기말_고1_기출.js|24_제일고_1학기_기말_고1_기출|10,archive/exams/original/high/h1/1final/24_제일고_1학기_기말_고1_기출.js,24_제일고_1학기_기말_고1_기출,10,10,10,2015,수학(상),H15-SA-11,원의 방정식,11,H15-SA-11-CIRCLE_EQUATION,원의 방정식,rule_inferred,complete_rule,객관식,grid,false,객관식|원의 방정식|중심|반지름|도형,f1c1c2b64317cdd296c89150814fa4af1770c824d40c2db1aad5a8291e776196,782c4e648a8f5ab77347d7a5a0e4588ad1be8872f7b4bce76bc515574b51bffb,973d2fd2f97e26a666f403b12da6d87e527985b36bcf4ff0a47c7e7e8c36321a,dff222696b380fd787946b7f0c345a1c8519d828949e45b718bc77681b1fa818,,,assets/images/24_제일고_1학기_기말_고1_기출/q10-solution.svg,fc9424efc3cd9137fa881b54990d87cd932e546ca0688af4e58cc161325ef949,0,LOADED_VM,,NOT_STARTED,NOT_STARTED,NOT_STARTED,SOURCE_REVIEW,SOURCE_REVIEW,COORDINATE_OR_GEOMETRY_STRUCTURE|TABLE_OR_MATRIX_STRUCTURE,,SVG,NO_PROBLEM_VISUAL,REVIEW_REQUIRED,SOLUTION_SVG,NOT_STARTED,,,47bdc698124beeea6b583de6d5e45b106a3b73f29525d41b0941d7ff4db30d72,NOT_STARTED,NOT_STARTED,NOT_STARTED,NOT_TESTED,PASS,canonical_and_compiled_master_match,INVENTORY_PENDING,01_scope_inventory.csv#archive/exams/original/high/h1/1final/24_제일고_1학기_기말_고1_기출.js|24_제일고_1학기_기말_고1_기출|10,[object Object],INDEX_RECORD_PRESENT,original/high/h1/1final/24_제일고_1학기_기말_고1_기출.js_10,6c155378316a391038a72d44207b9af9290be51abf5473c565f7595d9d69cb0b,true,①,IN_SCOPE_FORWARD,,,CLOSED_NO_SHARED_ASSET
archive/exams/original/high/h1/1final/24_제일고_1학기_기말_고1_기출.js|24_제일고_1학기_기말_고1_기출|12,archive/exams/original/high/h1/1final/24_제일고_1학기_기말_고1_기출.js,24_제일고_1학기_기말_고1_기출,12,12,12,2015,수학(상),H15-SA-11,원의 방정식,11,H15-SA-11-INTERSECTION,원과 직선·원의 교점,category_or_cue_inferred,complete_category,객관식,grid,false,객관식|원의 방정식|교점|두 원|반지름|넓이|도형,2a941c6db28905cfb8168eb65b0720d3fdd205d344656cfd350d8870f0aaae14,5b448585d4843ff7726617d2a6f6c71498333cc7a4f00467cccc77afbb5318ad,dfde05a3668030e99ca64d8d4ae5f6b64c7a87cee61c0ba43904b92ef210191d,40719f829dce4cd4248cbe72d585a80183ac4ffae312276510d2887a8ec0ac04,,,assets/images/24_제일고_1학기_기말_고1_기출/q12-solution.svg,533764a9d53c6c159f5ff31e7eb5d30cf41fcfe14a855b75441b735d32e22de1,0,LOADED_VM,,NOT_STARTED,NOT_STARTED,NOT_STARTED,SOURCE_REVIEW,SOURCE_REVIEW,COORDINATE_OR_GEOMETRY_STRUCTURE,,SVG,NO_PROBLEM_VISUAL,REVIEW_REQUIRED,SOLUTION_SVG,NOT_STARTED,,,4396b7e5da1475c177bb9f67fa366e0a85ceb23c5d585a7c1a6b4864ca0aac72,NOT_STARTED,NOT_STARTED,NOT_STARTED,NOT_TESTED,PASS,canonical_and_compiled_master_match,INVENTORY_PENDING,01_scope_inventory.csv#archive/exams/original/high/h1/1final/24_제일고_1학기_기말_고1_기출.js|24_제일고_1학기_기말_고1_기출|12,[object Object],INDEX_RECORD_PRESENT,original/high/h1/1final/24_제일고_1학기_기말_고1_기출.js_12,6c155378316a391038a72d44207b9af9290be51abf5473c565f7595d9d69cb0b,true,②,IN_SCOPE_FORWARD,,,CLOSED_NO_SHARED_ASSET
archive/exams/original/high/h1/1final/24_제일고_1학기_기말_고1_기출.js|24_제일고_1학기_기말_고1_기출|13,archive/exams/original/high/h1/1final/24_제일고_1학기_기말_고1_기출.js,24_제일고_1학기_기말_고1_기출,13,13,13,2015,수학(상),H15-SA-11,원의 방정식,11,H15-SA-11-TANGENT,원과 접선,category_or_cue_inferred,complete_category,객관식,grid,false,객관식|원의 방정식|접선|중심|반지름|거리|도형,04e5b561fe5cc7af00eb84bcf62cbe76fac1b5dd458e2be6e82ba6c6f5a9a1df,76f3cb7658e6b82550c0ad071c77addfe72e4e8a23891fb387f9d497f514e783,b15be6cb71072b84f7e1e198ce023fc5bb8b1e625335904ddcf3cffcd8b7312b,be01c897f1024301d25ceb054016241c0bb8a01c9b4499c63648dc7fcc291f74,,,assets/images/24_제일고_1학기_기말_고1_기출/q13-solution.svg,1fedd836e517dd6b510ece7802980e18103deed74872f7f9698682b68df85523,0,LOADED_VM,,NOT_STARTED,NOT_STARTED,NOT_STARTED,SOURCE_REVIEW,SOURCE_REVIEW,COORDINATE_OR_GEOMETRY_STRUCTURE,,SVG,NO_PROBLEM_VISUAL,REVIEW_REQUIRED,SOLUTION_SVG,NOT_STARTED,,,51e29f5d96dccd2c7b46f5413266a5a3bc46d72c422f907d8a2f6cf4e3256abc,NOT_STARTED,NOT_STARTED,NOT_STARTED,NOT_TESTED,PASS,canonical_and_compiled_master_match,INVENTORY_PENDING,01_scope_inventory.csv#archive/exams/original/high/h1/1final/24_제일고_1학기_기말_고1_기출.js|24_제일고_1학기_기말_고1_기출|13,[object Object],INDEX_RECORD_PRESENT,original/high/h1/1final/24_제일고_1학기_기말_고1_기출.js_13,6c155378316a391038a72d44207b9af9290be51abf5473c565f7595d9d69cb0b,true,③,IN_SCOPE_FORWARD,,,CLOSED_NO_SHARED_ASSET
archive/exams/original/high/h1/1final/24_제일고_1학기_기말_고1_기출.js|24_제일고_1학기_기말_고1_기출|15,archive/exams/original/high/h1/1final/24_제일고_1학기_기말_고1_기출.js,24_제일고_1학기_기말_고1_기출,15,15,15,2015,수학(상),H15-SA-11,원의 방정식,11,H15-SA-11-INTERSECTION,원과 직선·원의 교점,category_or_cue_inferred,complete_category,객관식,grid,false,객관식|원의 방정식|교점|두 원|직선과 원|위치 관계|중심|반지름|거리|도형,225554f8c39a224558026994bd417e98bf310925e21348a44908b8af9277c0c4,f621cdc2c9adc50adbbf62bd2b113064c87dde89e1aee08935ca006d3d92b83a,dfde05a3668030e99ca64d8d4ae5f6b64c7a87cee61c0ba43904b92ef210191d,22ce53b1562992b36d433b5eb154de37c5179764f283b0bb12c2397ce121f08c,,,assets/images/24_제일고_1학기_기말_고1_기출/q15-solution.svg,c96f470a102190da397ac3440da9a2830fe1e85d0a91a92182e5c8752a84cc44,0,LOADED_VM,,NOT_STARTED,NOT_STARTED,NOT_STARTED,SOURCE_REVIEW,SOURCE_REVIEW,COORDINATE_OR_GEOMETRY_STRUCTURE|SET_OR_LOGIC_STRUCTURE,,SVG,NO_PROBLEM_VISUAL,REVIEW_REQUIRED,SOLUTION_SVG,NOT_STARTED,,,7a37b48049eb3bf92658704bdad02f59792855536d45aed94e3afebb7ebc96d5,NOT_STARTED,NOT_STARTED,NOT_STARTED,NOT_TESTED,PASS,canonical_and_compiled_master_match,INVENTORY_PENDING,01_scope_inventory.csv#archive/exams/original/high/h1/1final/24_제일고_1학기_기말_고1_기출.js|24_제일고_1학기_기말_고1_기출|15,[object Object],INDEX_RECORD_PRESENT,original/high/h1/1final/24_제일고_1학기_기말_고1_기출.js_15,6c155378316a391038a72d44207b9af9290be51abf5473c565f7595d9d69cb0b,true,②,IN_SCOPE_FORWARD,,,CLOSED_NO_SHARED_ASSET
archive/exams/original/high/h1/1final/24_제일고_1학기_기말_고1_기출.js|24_제일고_1학기_기말_고1_기출|17,archive/exams/original/high/h1/1final/24_제일고_1학기_기말_고1_기출.js,24_제일고_1학기_기말_고1_기출,17,17,17,2015,수학(상),H15-SA-11,원의 방정식,11,H15-SA-11-INTERSECTION,원과 직선·원의 교점,category_or_cue_inferred,complete_category,객관식,grid,false,객관식|원의 방정식|교점|두 원|공통현|직선과 원|중심|반지름|넓이|거리|도형,baa0d4e6cbcb3f29e08e38d79903edb0c779ecd6208c314b7b8bd33260b94d2e,1642ba11ff0c22fb463e7810eda211debd744bd51cbd55011416f4a8d45615cb,b15be6cb71072b84f7e1e198ce023fc5bb8b1e625335904ddcf3cffcd8b7312b,498fc54e6af94c65db87cf8446accc8ef7aebbb1afced1519f29361f5ca8b34a,,,assets/images/24_제일고_1학기_기말_고1_기출/q17-solution.svg,2243fb9c9614b4ba9d42e917e93d19e9a6fc858a416c3be6f7ad17696225b17a,0,LOADED_VM,,NOT_STARTED,NOT_STARTED,NOT_STARTED,SOURCE_REVIEW,SOURCE_REVIEW,COORDINATE_OR_GEOMETRY_STRUCTURE,,SVG,NO_PROBLEM_VISUAL,REVIEW_REQUIRED,SOLUTION_SVG,NOT_STARTED,,,97d3a28f442a93993df32f277c08de83f30e802ce0c8b80f161d9fabbf90a035,NOT_STARTED,NOT_STARTED,NOT_STARTED,NOT_TESTED,PASS,canonical_and_compiled_master_match,INVENTORY_PENDING,01_scope_inventory.csv#archive/exams/original/high/h1/1final/24_제일고_1학기_기말_고1_기출.js|24_제일고_1학기_기말_고1_기출|17,[object Object],INDEX_RECORD_PRESENT,original/high/h1/1final/24_제일고_1학기_기말_고1_기출.js_17,6c155378316a391038a72d44207b9af9290be51abf5473c565f7595d9d69cb0b,true,③,IN_SCOPE_FORWARD,,,CLOSED_NO_SHARED_ASSET
archive/exams/original/high/h1/1final/24_제일고_1학기_기말_고1_기출.js|24_제일고_1학기_기말_고1_기출|21,archive/exams/original/high/h1/1final/24_제일고_1학기_기말_고1_기출.js,24_제일고_1학기_기말_고1_기출,21,21,21,2015,수학(상),H15-SA-11,원의 방정식,11,H15-SA-11-TANGENT,원과 접선,category_or_cue_inferred,complete_category,서술형,grid,false,서술형|원의 방정식|접선|중심|반지름|거리|도형,9710eb094063957468b725dee707a6db326ccc67b038a4a0a7dea9df9c46e863,4f53cda18c2baa0c0354bb5f9a3ecbe5ed12ab4d8e11ba873c2f11161202b945,7eaabcfbc689f79b7b0f99314a757b7eccd9d3d1ca6460b11f17c981fa8d7590,fd4ecf1f5f87f2c1d5f0aff1e70c9ca16e126aaaee97c1bbe41b65a40a85f82f,,,assets/images/24_제일고_1학기_기말_고1_기출/q21-solution.svg,8fec7dc1cb38312249bc122a4784851fd21d911aad0e47520792b22ade3a064e,0,LOADED_VM,,NOT_STARTED,NOT_STARTED,NOT_STARTED,SOURCE_REVIEW,SOURCE_REVIEW,COORDINATE_OR_GEOMETRY_STRUCTURE,,SVG,NO_PROBLEM_VISUAL,REVIEW_REQUIRED,SOLUTION_SVG,NOT_STARTED,,,39511b67f9155fc03b35267a2d7f46601507347812073d1896c0e655edf42d07,NOT_STARTED,NOT_STARTED,NOT_STARTED,NOT_TESTED,PASS,canonical_and_compiled_master_match,INVENTORY_PENDING,01_scope_inventory.csv#archive/exams/original/high/h1/1final/24_제일고_1학기_기말_고1_기출.js|24_제일고_1학기_기말_고1_기출|21,[object Object],INDEX_RECORD_PRESENT,original/high/h1/1final/24_제일고_1학기_기말_고1_기출.js_21,6c155378316a391038a72d44207b9af9290be51abf5473c565f7595d9d69cb0b,true,"$y=2x+2,\ y=-\dfrac{1}{2}x-\dfrac{1}{2}$",IN_SCOPE_FORWARD,,,CLOSED_NO_SHARED_ASSET
archive/exams/original/high/h1/1final/24_제일고_1학기_기말_고1_기출.js|24_제일고_1학기_기말_고1_기출|22,archive/exams/original/high/h1/1final/24_제일고_1학기_기말_고1_기출.js,24_제일고_1학기_기말_고1_기출,22,22,22,2015,수학(상),H15-SA-11,원의 방정식,11,H15-SA-11-INTERSECTION,원과 직선·원의 교점,category_or_cue_inferred,complete_category,서술형,grid,false,서술형|원의 방정식|교점|두 원|직선과 원|중심|반지름|넓이|도형,db94fecfe2a333382e09249c00fb50903975298a363c48f3f086ad7eb264421f,4f53cda18c2baa0c0354bb5f9a3ecbe5ed12ab4d8e11ba873c2f11161202b945,3d0125d82854bbc8653be051b1765723351c4ec681f385094a8832e0bbc956ca,09b064ae1f96b31e18b4ec9171c17e18af47bd083e08a02ed4dce2a7670bd3d2,,,assets/images/24_제일고_1학기_기말_고1_기출/q22-solution.svg,01bdb800ef9628f2b0a5ae80bc6d0b59ef12dfe8c43b15a3ead8fee180a52f2c,0,LOADED_VM,,NOT_STARTED,NOT_STARTED,NOT_STARTED,SOURCE_REVIEW,SOURCE_REVIEW,COORDINATE_OR_GEOMETRY_STRUCTURE|TABLE_OR_MATRIX_STRUCTURE,,SVG,NO_PROBLEM_VISUAL,REVIEW_REQUIRED,SOLUTION_SVG,NOT_STARTED,,,31a332d894ab303b7ba04a4ffc7ea6fff5c251a5e436dfcfa0094ffaa74928bf,NOT_STARTED,NOT_STARTED,NOT_STARTED,NOT_TESTED,PASS,canonical_and_compiled_master_match,INVENTORY_PENDING,01_scope_inventory.csv#archive/exams/original/high/h1/1final/24_제일고_1학기_기말_고1_기출.js|24_제일고_1학기_기말_고1_기출|22,[object Object],INDEX_RECORD_PRESENT,original/high/h1/1final/24_제일고_1학기_기말_고1_기출.js_22,6c155378316a391038a72d44207b9af9290be51abf5473c565f7595d9d69cb0b,true,$4\sqrt{2}$,IN_SCOPE_FORWARD,,,CLOSED_NO_SHARED_ASSET
archive/exams/original/high/h1/2final/22_순천여고_2학기_기말_고1_기출.js|22_순천여고_2학기_기말_고1_기출|9,archive/exams/original/high/h1/2final/22_순천여고_2학기_기말_고1_기출.js,22_순천여고_2학기_기말_고1_기출,9,9,9,2015,수학(상),H15-SA-11,원의 방정식,11,H15-SA-11-INTERSECTION,원과 직선·원의 교점,category_or_cue_inferred,complete_category,객관식,grid,false,객관식|원의 방정식|교점|직선과 원|위치 관계|중심|반지름|거리|도형,cbaf443d6c714e20c35b819a66ab12200ce894b855e8aea071ee5624c5e4fb65,fc3dba98889cccd1a96f32fb71f7812a2d3b9dde603c59a1f87b932df48e085f,d41ea6521f53fb3dfa10cf72e2932f4405d9c999fa422cdc840d25d57e90dd34,e894b02649d5ba54a85d2568d42012ed06434406463bde10ea06fb6224c96897,,,assets/images/22_순천여고_2학기_기말_고1_기출/q09-solution.svg,3a0343be04ea02ac98b31313f26227d79a427e1e879db37ed6943be0d0e43d1c,0,LOADED_VM,,NOT_STARTED,NOT_STARTED,NOT_STARTED,SOURCE_REVIEW,SOURCE_REVIEW,COORDINATE_OR_GEOMETRY_STRUCTURE|TABLE_OR_MATRIX_STRUCTURE,,SVG,NO_PROBLEM_VISUAL,REVIEW_REQUIRED,SOLUTION_SVG,NOT_STARTED,,,03ffd5dec92d38249a9f4fd3d34eb9c035891a0e43f162f8fcaadd32e6024fd3,NOT_STARTED,NOT_STARTED,NOT_STARTED,NOT_TESTED,PASS,canonical_and_compiled_master_match,INVENTORY_PENDING,01_scope_inventory.csv#archive/exams/original/high/h1/2final/22_순천여고_2학기_기말_고1_기출.js|22_순천여고_2학기_기말_고1_기출|9,[object Object],INDEX_RECORD_PRESENT,original/high/h1/2final/22_순천여고_2학기_기말_고1_기출.js_9,e1d1d29564f767c8e869a129c2c624928e41a2650c104c56b70decc6e370f55b,true,④,IN_SCOPE_FORWARD,,,CLOSED_NO_SHARED_ASSET
archive/exams/original/high/h1/2final/25_금당고_2학기_기말_고1_기출.js|25_금당고_2학기_기말_고1_기출|18,archive/exams/original/high/h1/2final/25_금당고_2학기_기말_고1_기출.js,25_금당고_2학기_기말_고1_기출,18,18,18,2022,공통수학2,H22-C2-03,원의 방정식,3,H22-C2-03-CIRCLE_EQUATION,원의 방정식,category_or_cue_inferred,complete_category,객관식,grid,false,객관식|원의 방정식|중심|반지름|거리|도형,9a88df8951236e828162fa0e40ec865f1d44507bb1ffc519227acc03f0fad95a,474edc31f4f2e7230a4eb02b303d977a121cf88a73a2b83f28756af79a478869,0bdef091c479702584f065d3a3714f8a76f851b3f0cf10912f345a5dd930b0a8,6b6db9f21137515459e70192cb2999327300d8573115066367e096b1f3487e88,,,assets/images/25_금당고_2학기_기말_고1_기출/q18-solution.svg,552c1c31d66403a3eac603acaf14960626c16a1be2c6d6d9c81e26c7b4a74fe9,0,LOADED_VM,,NOT_STARTED,NOT_STARTED,NOT_STARTED,SOURCE_REVIEW,SOURCE_REVIEW,COORDINATE_OR_GEOMETRY_STRUCTURE|TABLE_OR_MATRIX_STRUCTURE,,SVG,NO_PROBLEM_VISUAL,REVIEW_REQUIRED,SOLUTION_SVG,NOT_STARTED,,,4dc34bd9ddbb9a43f5ab49a0e6cb03f6a5123aa5b1f29d8c9a9a62f0d37ec72b,NOT_STARTED,NOT_STARTED,NOT_STARTED,NOT_TESTED,PASS,canonical_and_compiled_master_match,INVENTORY_PENDING,01_scope_inventory.csv#archive/exams/original/high/h1/2final/25_금당고_2학기_기말_고1_기출.js|25_금당고_2학기_기말_고1_기출|18,[object Object],INDEX_RECORD_PRESENT,original/high/h1/2final/25_금당고_2학기_기말_고1_기출.js_18,bdb2bd7bce019a884423681d35d231569c1db4d915d259aba91917788fd7e2d8,true,⑤,IN_SCOPE_FORWARD,,,CLOSED_NO_SHARED_ASSET
archive/exams/original/high/h1/2final/25_제일고_2학기_기말_고1_기출.js|25_제일고_2학기_기말_고1_기출|3,archive/exams/original/high/h1/2final/25_제일고_2학기_기말_고1_기출.js,25_제일고_2학기_기말_고1_기출,3,3,3,2022,공통수학2,H22-C2-03,원의 방정식,3,H22-C2-03-TANGENT,원과 접선,category_or_cue_inferred,complete_category,객관식,grid,false,객관식|원의 방정식|접선|접점|중심|반지름|거리|도형,03f99ddf1dcb5439a420ddb8a7e1a8019aac0708ef6c37a9f461e42e4c14c73f,f42ef3de1381f7d18f89c8648902c8c5f45249115148d175d409a59ffbea391b,b15be6cb71072b84f7e1e198ce023fc5bb8b1e625335904ddcf3cffcd8b7312b,ddf93099d101c4abd05733f535f090225611a8512b42d0f386beed2d700202e7,,,assets/images/25_제일고_2학기_기말_고1_기출/q03-solution.svg,5b78ba67b2a99c458512c8382f7a8789ac0b1621860e32e241d24de295bc3a18,0,LOADED_VM,,NOT_STARTED,NOT_STARTED,NOT_STARTED,SOURCE_REVIEW,SOURCE_REVIEW,COORDINATE_OR_GEOMETRY_STRUCTURE|TABLE_OR_MATRIX_STRUCTURE,,SVG,NO_PROBLEM_VISUAL,REVIEW_REQUIRED,SOLUTION_SVG,NOT_STARTED,,,09745f25a0e2308416adeb174f2945417264aa6bfe57bc1cd73849e93e9d3290,NOT_STARTED,NOT_STARTED,NOT_STARTED,NOT_TESTED,PASS,canonical_and_compiled_master_match,INVENTORY_PENDING,01_scope_inventory.csv#archive/exams/original/high/h1/2final/25_제일고_2학기_기말_고1_기출.js|25_제일고_2학기_기말_고1_기출|3,[object Object],INDEX_RECORD_PRESENT,original/high/h1/2final/25_제일고_2학기_기말_고1_기출.js_3,9e21f760e41cd5a96e0bcb51894cffed2a16b1275dd8e5d26f1e0070521598c2,true,③,IN_SCOPE_FORWARD,,,CLOSED_NO_SHARED_ASSET
archive/exams/original/high/h1/2final/25_제일고_2학기_기말_고1_기출.js|25_제일고_2학기_기말_고1_기출|7,archive/exams/original/high/h1/2final/25_제일고_2학기_기말_고1_기출.js,25_제일고_2학기_기말_고1_기출,7,7,7,2022,공통수학2,H22-C2-03,원의 방정식,3,H22-C2-03-TANGENT,원과 접선,category_or_cue_inferred,complete_category,객관식,grid,false,객관식|원의 방정식|접선|중심|반지름|거리|도형,45864eb1d8d3506bc556e7ba4dca5d5c981601526ab4c65ce9790aa448868a6e,7e62c1941dcae510f66e790e3317dc47db08756f62b66476d8e6a24d02020c72,b15be6cb71072b84f7e1e198ce023fc5bb8b1e625335904ddcf3cffcd8b7312b,81f598a8b5943f86cd7f9d4ec510be209f3b547f2aafc2b9ee74554a226cfac7,,,assets/images/25_제일고_2학기_기말_고1_기출/q07-solution.svg,9a937c2b00154cd1bae6b387a3b5be5b3ab2c68da80c6a450504ffcb5fdf6c1b,0,LOADED_VM,,NOT_STARTED,NOT_STARTED,NOT_STARTED,SOURCE_REVIEW,SOURCE_REVIEW,COORDINATE_OR_GEOMETRY_STRUCTURE,,SVG,NO_PROBLEM_VISUAL,REVIEW_REQUIRED,SOLUTION_SVG,NOT_STARTED,,,ec72a1fd42edb0c999d41d27173b775a6397cf08ddd1c93ecd2f7d290f9d42fb,NOT_STARTED,NOT_STARTED,NOT_STARTED,NOT_TESTED,PASS,canonical_and_compiled_master_match,INVENTORY_PENDING,01_scope_inventory.csv#archive/exams/original/high/h1/2final/25_제일고_2학기_기말_고1_기출.js|25_제일고_2학기_기말_고1_기출|7,[object Object],INDEX_RECORD_PRESENT,original/high/h1/2final/25_제일고_2학기_기말_고1_기출.js_7,9e21f760e41cd5a96e0bcb51894cffed2a16b1275dd8e5d26f1e0070521598c2,true,③,IN_SCOPE_FORWARD,,,CLOSED_NO_SHARED_ASSET
archive/exams/original/high/h1/2mid/21_복성고_2학기_중간_고1_기출.js|21_복성고_2학기_중간_고1_기출|1,archive/exams/original/high/h1/2mid/21_복성고_2학기_중간_고1_기출.js,21_복성고_2학기_중간_고1_기출,1,1,1,2015,수학(상),H15-SA-11,원의 방정식,11,H15-SA-11-CIRCLE_EQUATION,원의 방정식,rule_inferred,complete_rule,객관식,grid,false,객관식|원의 방정식|중심|반지름|거리|도형,12fe1bc011a3696d57211c49c19e1f3c6a05e0e071a9fa0ccd6de45c6d3004a3,3cf474a9e2ffb09dd91a989fb8ab4d9bed33e2c580a4b08ca02ca595218cb7ca,b15be6cb71072b84f7e1e198ce023fc5bb8b1e625335904ddcf3cffcd8b7312b,38df706a324adf2980e0cba3e398bc0c94b971d35804ec7ebfdb2d2cd0d49066,assets/images/21_복성고_2학기_중간_고1_기출/q01.png,bc966db3daa97abbc16857fb0fb62424d02d089cb9f1a087e4cb4ec56c104da7,assets/images/21_복성고_2학기_중간_고1_기출/q01-solution.svg,3ba9493f3f177491cc02be1224b1f4e9cb77defa824c9494947126d721e199c0,0,LOADED_VM,,NOT_STARTED,NOT_STARTED,NOT_STARTED,SOURCE_REVIEW,SOURCE_REVIEW,COORDINATE_OR_GEOMETRY_STRUCTURE|TABLE_OR_MATRIX_STRUCTURE,,SVG,PROBLEM_VISUAL_PRESENT,REVIEW_REQUIRED,SOLUTION_SVG,NOT_STARTED,,,450bc781a2ce4d5d53e1300c8c7f4a707393160ac2897663cba41232708fb7e2,NOT_STARTED,NOT_STARTED,NOT_STARTED,NOT_TESTED,PASS,canonical_and_compiled_master_match,INVENTORY_PENDING,01_scope_inventory.csv#archive/exams/original/high/h1/2mid/21_복성고_2학기_중간_고1_기출.js|21_복성고_2학기_중간_고1_기출|1,[object Object]|[object Object],INDEX_RECORD_PRESENT,original/high/h1/2mid/21_복성고_2학기_중간_고1_기출.js_1,e401793856d97e8908f926aed3465ed6a1b7aeb63e060c06aea27a6442187532,true,③,IN_SCOPE_FORWARD,,,CLOSED_NO_SHARED_ASSET
archive/exams/original/high/h1/2mid/21_복성고_2학기_중간_고1_기출.js|21_복성고_2학기_중간_고1_기출|2,archive/exams/original/high/h1/2mid/21_복성고_2학기_중간_고1_기출.js,21_복성고_2학기_중간_고1_기출,2,2,2,2015,수학(상),H15-SA-11,원의 방정식,11,H15-SA-11-TANGENT,원과 접선,category_or_cue_inferred,complete_category,객관식,grid,false,객관식|원의 방정식|접선|도형,a2d0b6f4bc4f7d9e5034c9ace323753c1bf64d05d39e6f8a644cf5e73cf51975,782c4e648a8f5ab77347d7a5a0e4588ad1be8872f7b4bce76bc515574b51bffb,0bdef091c479702584f065d3a3714f8a76f851b3f0cf10912f345a5dd930b0a8,304e38f2eb783a3514bf061455fa558ab20b49b6bbb6543749c0e630287fe7d8,,,assets/images/21_복성고_2학기_중간_고1_기출/q02-solution.svg,fd5c52380f608d530b426562733fa5323a56d06adc6e9c43868dd47a11c6bf9c,0,LOADED_VM,,NOT_STARTED,NOT_STARTED,NOT_STARTED,SOURCE_REVIEW,SOURCE_REVIEW,COORDINATE_OR_GEOMETRY_STRUCTURE|TABLE_OR_MATRIX_STRUCTURE,,SVG,NO_PROBLEM_VISUAL,REVIEW_REQUIRED,SOLUTION_SVG,NOT_STARTED,,,20ba1ce3b46d1f353b9d8deb9d5ad64da4997f03effa6e8f9de2e7f52a032f12,NOT_STARTED,NOT_STARTED,NOT_STARTED,NOT_TESTED,PASS,canonical_and_compiled_master_match,INVENTORY_PENDING,01_scope_inventory.csv#archive/exams/original/high/h1/2mid/21_복성고_2학기_중간_고1_기출.js|21_복성고_2학기_중간_고1_기출|2,[object Object],INDEX_RECORD_PRESENT,original/high/h1/2mid/21_복성고_2학기_중간_고1_기출.js_2,e401793856d97e8908f926aed3465ed6a1b7aeb63e060c06aea27a6442187532,true,⑤,IN_SCOPE_FORWARD,,,CLOSED_NO_SHARED_ASSET
archive/exams/original/high/h1/2mid/21_복성고_2학기_중간_고1_기출.js|21_복성고_2학기_중간_고1_기출|9,archive/exams/original/high/h1/2mid/21_복성고_2학기_중간_고1_기출.js,21_복성고_2학기_중간_고1_기출,9,9,9,2015,수학(상),H15-SA-11,원의 방정식,11,H15-SA-11-TANGENT,원과 접선,category_or_cue_inferred,complete_category,객관식,grid,false,객관식|원의 방정식|접선|중심|반지름|거리|도형,9aabed872877a0d2f9f182c3da12261490905e7075200071d294cf8a83562dee,64b1cfd8d588164ea6a6d887b12269d5af0d343429b71f5e48a0941282fa8420,d41ea6521f53fb3dfa10cf72e2932f4405d9c999fa422cdc840d25d57e90dd34,2b40ba8bf65c2ff600925c39e7bce670890bb53ff200d001384e9f9f0e53f2bd,assets/images/21_복성고_2학기_중간_고1_기출/q09.png,52e419f98f436106f3900ea7340e0eea200ea419c9355886a7f7ab566eae6d9b,assets/images/21_복성고_2학기_중간_고1_기출/q09-solution.svg,73dc0fae0b4fb52c9ea325903e91ed51985801ee93300528418b9c1d15429808,0,LOADED_VM,,NOT_STARTED,NOT_STARTED,NOT_STARTED,SOURCE_REVIEW,SOURCE_REVIEW,COORDINATE_OR_GEOMETRY_STRUCTURE|TABLE_OR_MATRIX_STRUCTURE,,SVG,PROBLEM_VISUAL_PRESENT,REVIEW_REQUIRED,SOLUTION_SVG,NOT_STARTED,,,feb6fd76e6ec6ab62912ebe4747e6bebe8d4a4ddf4e3e18b39888d73a1112480,NOT_STARTED,NOT_STARTED,NOT_STARTED,NOT_TESTED,PASS,canonical_and_compiled_master_match,INVENTORY_PENDING,01_scope_inventory.csv#archive/exams/original/high/h1/2mid/21_복성고_2학기_중간_고1_기출.js|21_복성고_2학기_중간_고1_기출|9,[object Object]|[object Object],INDEX_RECORD_PRESENT,original/high/h1/2mid/21_복성고_2학기_중간_고1_기출.js_9,e401793856d97e8908f926aed3465ed6a1b7aeb63e060c06aea27a6442187532,true,④,IN_SCOPE_FORWARD,,,CLOSED_NO_SHARED_ASSET
archive/exams/original/high/h1/2mid/21_복성고_2학기_중간_고1_기출.js|21_복성고_2학기_중간_고1_기출|16,archive/exams/original/high/h1/2mid/21_복성고_2학기_중간_고1_기출.js,21_복성고_2학기_중간_고1_기출,16,16,16,2015,수학(상),H15-SA-11,원의 방정식,11,H15-SA-11-INTERSECTION,원과 직선·원의 교점,category_or_cue_inferred,complete_category,객관식,grid,false,객관식|원의 방정식|교점|직선과 원|위치 관계|중심|반지름|넓이|도형,5239470d56660d1da2e4bba2ba29b8f9a3c7945528cd47a05ed8a11f42df764b,7a5ec4b0d0a85497374c4df67cfd36ec6eb917d280fbd9b9bde4e94bbbe808e8,b15be6cb71072b84f7e1e198ce023fc5bb8b1e625335904ddcf3cffcd8b7312b,38df92204ee7314b5e7e17ac2e722c5e5ed5632830aa28f28297c8a6b7292ab0,,,assets/images/21_복성고_2학기_중간_고1_기출/q16-solution.svg,86c5dde7fa75056c1a71108655ea6be443230ee02e7df923a42067c7a1b780f2,0,LOADED_VM,,NOT_STARTED,NOT_STARTED,NOT_STARTED,SOURCE_REVIEW,SOURCE_REVIEW,COORDINATE_OR_GEOMETRY_STRUCTURE|TABLE_OR_MATRIX_STRUCTURE,,SVG,NO_PROBLEM_VISUAL,REVIEW_REQUIRED,SOLUTION_SVG,NOT_STARTED,,,fdb9b538f7ba6a364409438c6572a576637c19bcb9dc2dd742726d3196572209,NOT_STARTED,NOT_STARTED,NOT_STARTED,NOT_TESTED,PASS,canonical_and_compiled_master_match,INVENTORY_PENDING,01_scope_inventory.csv#archive/exams/original/high/h1/2mid/21_복성고_2학기_중간_고1_기출.js|21_복성고_2학기_중간_고1_기출|16,[object Object],INDEX_RECORD_PRESENT,original/high/h1/2mid/21_복성고_2학기_중간_고1_기출.js_16,e401793856d97e8908f926aed3465ed6a1b7aeb63e060c06aea27a6442187532,true,③,IN_SCOPE_FORWARD,,,CLOSED_NO_SHARED_ASSET
archive/exams/original/high/h1/2mid/21_순천고_2학기_중간_고1_기출.js|21_순천고_2학기_중간_고1_기출|9,archive/exams/original/high/h1/2mid/21_순천고_2학기_중간_고1_기출.js,21_순천고_2학기_중간_고1_기출,9,9,9,2015,수학(상),H15-SA-11,원의 방정식,11,H15-SA-11-CIRCLE_EQUATION,원의 방정식,category_or_cue_inferred,complete_category,객관식,grid,false,객관식|원의 방정식|공통현|중심|반지름|거리|도형,0850d1d4427073a8917866c957a64dd2ec3740b9cf5a245112343747c6f84b5f,50eea7ca847a1018796378b49da0c9ed2a66ea162d15898fa22346ffb9dd3a69,b15be6cb71072b84f7e1e198ce023fc5bb8b1e625335904ddcf3cffcd8b7312b,ce2eae71180d510a5847c26f8d2d2684f76e34e93caf9f019b9c430ea0bee215,,,assets/images/21_순천고_2학기_중간_고1_기출/q09-solution.svg,d50d6f3ef13c657440b64045e12cb0471f581c1369fe1e6ccf4a73ddcb9d7a1d,0,LOADED_VM,,NOT_STARTED,NOT_STARTED,NOT_STARTED,SOURCE_REVIEW,SOURCE_REVIEW,GRAPH_OR_FUNCTION_STRUCTURE|COORDINATE_OR_GEOMETRY_STRUCTURE|TABLE_OR_MATRIX_STRUCTURE,,SVG,NO_PROBLEM_VISUAL,REVIEW_REQUIRED,SOLUTION_SVG,NOT_STARTED,,,b3f9a6ae8257c5195ca56c10f3c49965f783d0b4dd035dfc8c344bbea1bbba7e,NOT_STARTED,NOT_STARTED,NOT_STARTED,NOT_TESTED,PASS,canonical_and_compiled_master_match,INVENTORY_PENDING,01_scope_inventory.csv#archive/exams/original/high/h1/2mid/21_순천고_2학기_중간_고1_기출.js|21_순천고_2학기_중간_고1_기출|9,[object Object],INDEX_RECORD_PRESENT,original/high/h1/2mid/21_순천고_2학기_중간_고1_기출.js_9,a26d4fd47fc1aaab402aee17b942ec9bc9a4cdc4add04303618d906b47a00ea7,true,③,IN_SCOPE_FORWARD,,,CLOSED_NO_SHARED_ASSET
archive/exams/original/high/h1/2mid/21_순천고_2학기_중간_고1_기출.js|21_순천고_2학기_중간_고1_기출|20,archive/exams/original/high/h1/2mid/21_순천고_2학기_중간_고1_기출.js,21_순천고_2학기_중간_고1_기출,20,20,20,2015,수학(상),H15-SA-11,원의 방정식,11,H15-SA-11-CIRCLE_EQUATION,원의 방정식,category_or_cue_inferred,complete_category,서술형,grid,false,서술형|원의 방정식|중심|도형,c92aa0ffa98e9bdc4d07b2de01908106fb6e683e66f2c51cfd47381a47207e8b,4f53cda18c2baa0c0354bb5f9a3ecbe5ed12ab4d8e11ba873c2f11161202b945,fdbe0d49b5e63bce45b1608959274c56a347bcd05fcdeea593ebf617df49ea8c,227701336ab5e6da83469167be672e4686fd48d7e32092214cd06b37579096ed,,,assets/images/21_순천고_2학기_중간_고1_기출/q20-solution.svg,7e3a2b572513c978c8229d411d2413152486f527dda83cf2c25b0de0b985caec,0,LOADED_VM,,NOT_STARTED,NOT_STARTED,NOT_STARTED,SOURCE_REVIEW,SOURCE_REVIEW,COORDINATE_OR_GEOMETRY_STRUCTURE,,SVG,NO_PROBLEM_VISUAL,REVIEW_REQUIRED,SOLUTION_SVG,NOT_STARTED,,,ea36146ec2df13cb324104ffb5f14a09599327fd578b53881f9bf95fe16ada3c,NOT_STARTED,NOT_STARTED,NOT_STARTED,NOT_TESTED,PASS,canonical_and_compiled_master_match,INVENTORY_PENDING,01_scope_inventory.csv#archive/exams/original/high/h1/2mid/21_순천고_2학기_중간_고1_기출.js|21_순천고_2학기_중간_고1_기출|20,[object Object],INDEX_RECORD_PRESENT,original/high/h1/2mid/21_순천고_2학기_중간_고1_기출.js_20,a26d4fd47fc1aaab402aee17b942ec9bc9a4cdc4add04303618d906b47a00ea7,true,$5$,IN_SCOPE_FORWARD,,,CLOSED_NO_SHARED_ASSET
archive/exams/original/high/h1/2mid/21_제일고_2학기_중간_고1_기출.js|21_제일고_2학기_중간_고1_기출|18,archive/exams/original/high/h1/2mid/21_제일고_2학기_중간_고1_기출.js,21_제일고_2학기_중간_고1_기출,18,18,18,2015,수학(상),H15-SA-11,원의 방정식,11,H15-SA-11-CIRCLE_EQUATION,원의 방정식,category_or_cue_inferred,complete_category,객관식,grid,false,객관식|원의 방정식|중심|반지름|거리|도형,634436c6a2846563d7c129f8836ea87ed6af436b442d4662b1850487b866b378,b8eb3f171ca1faf34ed15733538c1422267d1663cc5c19b94b20ce971c61e6d5,b15be6cb71072b84f7e1e198ce023fc5bb8b1e625335904ddcf3cffcd8b7312b,9c4992a7eb365049516ef6b4bb19d3b44655844a485baec473534a047da8de09,,,assets/images/21_제일고_2학기_중간_고1_기출/q18-solution.svg,10c93531a55813ee0318d3164ab2272e3ad618907303087f602cc9167768c2ee,0,LOADED_VM,,NOT_STARTED,NOT_STARTED,NOT_STARTED,SOURCE_REVIEW,SOURCE_REVIEW,COORDINATE_OR_GEOMETRY_STRUCTURE,,SVG,NO_PROBLEM_VISUAL,REVIEW_REQUIRED,SOLUTION_SVG,NOT_STARTED,,,9e1b9d7448d17fa303fc4d4156999938594e9b00c5e317aae304af7d80434bb4,NOT_STARTED,NOT_STARTED,NOT_STARTED,NOT_TESTED,PASS,canonical_and_compiled_master_match,INVENTORY_PENDING,01_scope_inventory.csv#archive/exams/original/high/h1/2mid/21_제일고_2학기_중간_고1_기출.js|21_제일고_2학기_중간_고1_기출|18,[object Object],INDEX_RECORD_PRESENT,original/high/h1/2mid/21_제일고_2학기_중간_고1_기출.js_18,3e774ed496a25d32ef3b1687d033db93c1c6dbda7da7b3b4c55428cdf7e74653,true,③,IN_SCOPE_FORWARD,,,CLOSED_NO_SHARED_ASSET
archive/exams/original/high/h1/2mid/22_강남여고_2학기_중간_고1_기출.js|22_강남여고_2학기_중간_고1_기출|16,archive/exams/original/high/h1/2mid/22_강남여고_2학기_중간_고1_기출.js,22_강남여고_2학기_중간_고1_기출,16,16,16,2015,수학(상),H15-SA-11,원의 방정식,11,H15-SA-11-CIRCLE_EQUATION,원의 방정식,category_or_cue_inferred,complete_category,객관식,grid,false,객관식|원의 방정식|반지름|거리|도형,5c0f7fd46706c1933315c5dbd39f124ee6480917c1d691eb477cc4c3766b9287,53fe57528454a77a31a382a0a9ef794944f9249cf280e90bc4485c36507b6abd,dfde05a3668030e99ca64d8d4ae5f6b64c7a87cee61c0ba43904b92ef210191d,8a4498d0e94dd4afb420709fd748ce8ac05d71948af38c3eb4e3ba8364264cd0,,,assets/images/22_강남여고_2학기_중간_고1_기출/q16-solution.svg,9753bc898af3b9f4c39b3eab44ce92c817a605d428663400ece263b803e5ca93,0,LOADED_VM,,NOT_STARTED,NOT_STARTED,NOT_STARTED,SOURCE_REVIEW,SOURCE_REVIEW,GRAPH_OR_FUNCTION_STRUCTURE|COORDINATE_OR_GEOMETRY_STRUCTURE,,SVG,NO_PROBLEM_VISUAL,REVIEW_REQUIRED,SOLUTION_SVG,NOT_STARTED,,,f7d1c548748d1c5e1093bb454af072bff36786bc192f0ae752c00b3b656327fd,NOT_STARTED,NOT_STARTED,NOT_STARTED,NOT_TESTED,PASS,canonical_and_compiled_master_match,INVENTORY_PENDING,01_scope_inventory.csv#archive/exams/original/high/h1/2mid/22_강남여고_2학기_중간_고1_기출.js|22_강남여고_2학기_중간_고1_기출|16,[object Object],INDEX_RECORD_PRESENT,original/high/h1/2mid/22_강남여고_2학기_중간_고1_기출.js_16,c33a906b5582c5caa49f7a6b75c5cca91b1d7e8ea53b1ebc598e2223d13e86b5,true,②,IN_SCOPE_FORWARD,,,CLOSED_NO_SHARED_ASSET
archive/exams/original/high/h1/2mid/23_금당고_2학기_중간_고1_기출.js|23_금당고_2학기_중간_고1_기출|21,archive/exams/original/high/h1/2mid/23_금당고_2학기_중간_고1_기출.js,23_금당고_2학기_중간_고1_기출,21,21,21,2015,수학(상),H15-SA-11,원의 방정식,11,H15-SA-11-INTERSECTION,원과 직선·원의 교점,category_or_cue_inferred,complete_category,서술형,grid,false,서술형|원의 방정식|교점|두 원|직선과 원|위치 관계|중심|반지름|거리|도형,dacdbbcb16b97116e5bd5bdb288ae96ee7a78030300c886bfd166e4fb502ed58,4f53cda18c2baa0c0354bb5f9a3ecbe5ed12ab4d8e11ba873c2f11161202b945,714bef28082d80518dc2ff7aff4603ab6bce578f40f2f9a4c1e68b57ce0aca0b,970f5fdd8fef0d3c45544daaa87854bad192106a55968d0b4d4e530090d99f13,assets/images/23_금당고_2학기_중간_고1_기출/q21.png,dadc9935bf517c58d7fcb332f0b08d93557b45921709236056151557ea8be1f1,assets/images/23_금당고_2학기_중간_고1_기출/q21-solution.svg,d1123657756ab05a894add68078b5026dadd90e6306e7d5b34df91d3a578898d,0,LOADED_VM,,NOT_STARTED,NOT_STARTED,NOT_STARTED,SOURCE_REVIEW,SOURCE_REVIEW,COORDINATE_OR_GEOMETRY_STRUCTURE|SET_OR_LOGIC_STRUCTURE,,SVG,PROBLEM_VISUAL_PRESENT,REVIEW_REQUIRED,SOLUTION_SVG,NOT_STARTED,,,5cec8437956c38081f2d47150e98205d51e701b8581f3a353a96a4448ffcd82a,NOT_STARTED,NOT_STARTED,NOT_STARTED,NOT_TESTED,PASS,canonical_and_compiled_master_match,INVENTORY_PENDING,01_scope_inventory.csv#archive/exams/original/high/h1/2mid/23_금당고_2학기_중간_고1_기출.js|23_금당고_2학기_중간_고1_기출|21,[object Object]|[object Object],INDEX_RECORD_PRESENT,original/high/h1/2mid/23_금당고_2학기_중간_고1_기출.js_21,8de05340599c3d87ebc6de4ef888111e37ecce5d4408214222204a75c51cf2f7,true,$f(a)=\begin{cases}3&(a\le0)\\5&(0\lt a\lt\dfrac{\sqrt3}{3})\\4&(a=\dfrac{\sqrt3}{3})\\3&(a\gt\dfrac{\sqrt3}{3})\end{cases}$,IN_SCOPE_FORWARD,,,CLOSED_NO_SHARED_ASSET
archive/exams/original/high/h1/2mid/23_순천여고_2학기_중간_고1_기출.js|23_순천여고_2학기_중간_고1_기출|13,archive/exams/original/high/h1/2mid/23_순천여고_2학기_중간_고1_기출.js,23_순천여고_2학기_중간_고1_기출,13,13,13,2015,수학(상),H15-SA-11,원의 방정식,11,H15-SA-11-INTERSECTION,원과 직선·원의 교점,category_or_cue_inferred,complete_category,객관식,grid,false,객관식|원의 방정식|교점|직선과 원|위치 관계|중심|반지름|거리|도형,67cb5c73b9758e2ba1a74800f2d0b1408338444fdcf772457b2398436c04b44e,d138440238d9a933d8ec29354c71e1e7d0ec362698ebbab107dd77a16515b4ae,d41ea6521f53fb3dfa10cf72e2932f4405d9c999fa422cdc840d25d57e90dd34,9fcf7927b1aae2be69dd241557ede1fae857985169342d714bd862bbbfc2a185,,,assets/images/23_순천여고_2학기_중간_고1_기출/q13-solution.svg,87e92e30593bf76d5590d9df6f8bc993bbaf818bac52802b06196ccd60afca7e,0,LOADED_VM,,NOT_STARTED,NOT_STARTED,NOT_STARTED,SOURCE_REVIEW,SOURCE_REVIEW,COORDINATE_OR_GEOMETRY_STRUCTURE|SET_OR_LOGIC_STRUCTURE,,SVG,NO_PROBLEM_VISUAL,REVIEW_REQUIRED,SOLUTION_SVG,NOT_STARTED,,,05a89502562fe038191d25863fd1f0b2e35d321571343e40e3bad5af29db0ccf,NOT_STARTED,NOT_STARTED,NOT_STARTED,NOT_TESTED,PASS,canonical_and_compiled_master_match,INVENTORY_PENDING,01_scope_inventory.csv#archive/exams/original/high/h1/2mid/23_순천여고_2학기_중간_고1_기출.js|23_순천여고_2학기_중간_고1_기출|13,[object Object],INDEX_RECORD_PRESENT,original/high/h1/2mid/23_순천여고_2학기_중간_고1_기출.js_13,9bcfa3983ea6a07d3b7527152076e5d33ba525545554681074dd8f02d5101db5,true,④,IN_SCOPE_FORWARD,,,CLOSED_NO_SHARED_ASSET
archive/exams/original/high/h1/2mid/23_순천여고_2학기_중간_고1_기출.js|23_순천여고_2학기_중간_고1_기출|17,archive/exams/original/high/h1/2mid/23_순천여고_2학기_중간_고1_기출.js,23_순천여고_2학기_중간_고1_기출,17,17,17,2015,수학(상),H15-SA-11,원의 방정식,11,H15-SA-11-CIRCLE_EQUATION,원의 방정식,category_or_cue_inferred,complete_category,객관식,grid,false,객관식|원의 방정식|반지름|넓이|도형,963e590946b155d8cc857f34f1fedb8bf9476dd0e309b252a4e39b6ba2fa4564,d72fbfaebd66dfdfdfa682417aeb2d2ed26eea948e14c156c5bb13f03c0492d9,d41ea6521f53fb3dfa10cf72e2932f4405d9c999fa422cdc840d25d57e90dd34,8546ea8841f0e7da0998a0f68180b46a77abaf95de6ce85747eab7704fd25014,,,assets/images/23_순천여고_2학기_중간_고1_기출/q17-solution.svg,959f6a976aca979df0c1070c7ab68866c895e5e9534c9b33c06d87279d368bc6,0,LOADED_VM,,NOT_STARTED,NOT_STARTED,NOT_STARTED,SOURCE_REVIEW,SOURCE_REVIEW,COORDINATE_OR_GEOMETRY_STRUCTURE|TABLE_OR_MATRIX_STRUCTURE,,SVG,NO_PROBLEM_VISUAL,REVIEW_REQUIRED,SOLUTION_SVG,NOT_STARTED,,,835593efcc826e71832ff6313c85fe9f22ae4163a4b27c1fb646409390794168,NOT_STARTED,NOT_STARTED,NOT_STARTED,NOT_TESTED,PASS,canonical_and_compiled_master_match,INVENTORY_PENDING,01_scope_inventory.csv#archive/exams/original/high/h1/2mid/23_순천여고_2학기_중간_고1_기출.js|23_순천여고_2학기_중간_고1_기출|17,[object Object],INDEX_RECORD_PRESENT,original/high/h1/2mid/23_순천여고_2학기_중간_고1_기출.js_17,9bcfa3983ea6a07d3b7527152076e5d33ba525545554681074dd8f02d5101db5,true,④,IN_SCOPE_FORWARD,,,CLOSED_NO_SHARED_ASSET
archive/exams/original/high/h1/2mid/23_팔마고_2학기_중간_고1_기출.js|23_팔마고_2학기_중간_고1_기출|15,archive/exams/original/high/h1/2mid/23_팔마고_2학기_중간_고1_기출.js,23_팔마고_2학기_중간_고1_기출,15,15,15,2015,수학(상),H15-SA-11,원의 방정식,11,H15-SA-11-INTERSECTION,원과 직선·원의 교점,category_or_cue_inferred,complete_category,객관식,grid,false,객관식|원의 방정식|교점|직선과 원|반지름|거리|도형,27349f776d9149988d3dfa2b650a2f49d1cd5c10a94129b1d078c9a833bed930,5e30827c2d4aa636f814f85142c019a8ee1d9b5b7409d2c49c3e6b4d26daaf8f,973d2fd2f97e26a666f403b12da6d87e527985b36bcf4ff0a47c7e7e8c36321a,0fd1fd97fb5baccac6c5dcf77667a0d5209f658023a21836dd65b3cb944fe3ec,assets/images/23_팔마고_2학기_중간_고1_기출/q15.png,2e37fb7e8179d450d604a27724037405b1ff9d1ccebd99cb0aec301fdfeb3cee,assets/images/23_팔마고_2학기_중간_고1_기출/q15-solution.svg,9b4c7bf5b2fb187b95bd0667bb1ea399ea25ef1037064c0590e53bde8832a24f,0,LOADED_VM,,NOT_STARTED,NOT_STARTED,NOT_STARTED,SOURCE_REVIEW,SOURCE_REVIEW,COORDINATE_OR_GEOMETRY_STRUCTURE|TABLE_OR_MATRIX_STRUCTURE,,SVG,PROBLEM_VISUAL_PRESENT,REVIEW_REQUIRED,SOLUTION_SVG,NOT_STARTED,,,0c2c89beef9f4cce001732e3105cb8db40aca9b1226f62acf9de2a312860ba9c,NOT_STARTED,NOT_STARTED,NOT_STARTED,NOT_TESTED,PASS,canonical_and_compiled_master_match,INVENTORY_PENDING,01_scope_inventory.csv#archive/exams/original/high/h1/2mid/23_팔마고_2학기_중간_고1_기출.js|23_팔마고_2학기_중간_고1_기출|15,[object Object]|[object Object],INDEX_RECORD_PRESENT,original/high/h1/2mid/23_팔마고_2학기_중간_고1_기출.js_15,15201e42463e14283fe39b7a7c5fb87ef02d18fadfb0ece72da83254e4adf392,true,①,IN_SCOPE_FORWARD,,,CLOSED_NO_SHARED_ASSET
archive/exams/original/high/h1/2mid/23_팔마고_2학기_중간_고1_기출.js|23_팔마고_2학기_중간_고1_기출|16,archive/exams/original/high/h1/2mid/23_팔마고_2학기_중간_고1_기출.js,23_팔마고_2학기_중간_고1_기출,16,16,16,2015,수학(상),H15-SA-11,원의 방정식,11,H15-SA-11-INTERSECTION,원과 직선·원의 교점,category_or_cue_inferred,complete_category,객관식,grid,false,객관식|원의 방정식|교점|두 원|직선과 원|중심|반지름|거리|도형,8760c6ddf98a1709c3950091581ca13690406377aa59acd489b8c87874fefd6d,a1378e031f0809acd894504b81be35a5dcbf852fcdda0b5cb092b9e0c8f5156e,973d2fd2f97e26a666f403b12da6d87e527985b36bcf4ff0a47c7e7e8c36321a,ca41a611f0a97e24537f6136f7a5ab7e6f434c9f1ddf61152e2e4128cc890b1f,,,assets/images/23_팔마고_2학기_중간_고1_기출/q16-solution.svg,3070f307922ac38dc5596e2bab69b064669279cc87c99bd11ef48c1b2c2cfaca,0,LOADED_VM,,NOT_STARTED,NOT_STARTED,NOT_STARTED,SOURCE_REVIEW,SOURCE_REVIEW,GRAPH_OR_FUNCTION_STRUCTURE|COORDINATE_OR_GEOMETRY_STRUCTURE|COUNTING_STRUCTURE,,SVG,NO_PROBLEM_VISUAL,REVIEW_REQUIRED,SOLUTION_SVG,NOT_STARTED,,,652fae0fa7d8a964e3b701f4e90d9f409256965cf829fc9fc2629c5cac90f3f7,NOT_STARTED,NOT_STARTED,NOT_STARTED,NOT_TESTED,PASS,canonical_and_compiled_master_match,INVENTORY_PENDING,01_scope_inventory.csv#archive/exams/original/high/h1/2mid/23_팔마고_2학기_중간_고1_기출.js|23_팔마고_2학기_중간_고1_기출|16,[object Object],INDEX_RECORD_PRESENT,original/high/h1/2mid/23_팔마고_2학기_중간_고1_기출.js_16,15201e42463e14283fe39b7a7c5fb87ef02d18fadfb0ece72da83254e4adf392,true,①,IN_SCOPE_FORWARD,,,CLOSED_NO_SHARED_ASSET
archive/exams/original/high/h1/2mid/23_팔마고_2학기_중간_고1_기출.js|23_팔마고_2학기_중간_고1_기출|18,archive/exams/original/high/h1/2mid/23_팔마고_2학기_중간_고1_기출.js,23_팔마고_2학기_중간_고1_기출,18,18,18,2015,수학(상),H15-SA-11,원의 방정식,11,H15-SA-11-TANGENT,원과 접선,category_or_cue_inferred,complete_category,객관식,grid,false,객관식|원의 방정식|접선|좌표축 접원|중심|반지름|도형,002d1a351581ff49d89fc6d2848b8cbd82cd0df4cbf912fecb8746133a4ee87d,ff782081a4cc25de5ebd8fdb3b10e93e0a2a8b181fb4cabb15c6d4c8f83c7224,dfde05a3668030e99ca64d8d4ae5f6b64c7a87cee61c0ba43904b92ef210191d,70ed38ee2aa33f5ccdc581312628faf155eaec485b1f307c12974c0bc98d24bb,,,assets/images/23_팔마고_2학기_중간_고1_기출/q18-solution.svg,e9f2880d3fd91379a1363cbb3874bb823f7ba393aa792d173f2b9c41ec3da040,0,LOADED_VM,,NOT_STARTED,NOT_STARTED,NOT_STARTED,SOURCE_REVIEW,SOURCE_REVIEW,GRAPH_OR_FUNCTION_STRUCTURE|COORDINATE_OR_GEOMETRY_STRUCTURE|TABLE_OR_MATRIX_STRUCTURE,,SVG,NO_PROBLEM_VISUAL,REVIEW_REQUIRED,SOLUTION_SVG,NOT_STARTED,,,846153b7414f67787f47b00672496289672025f12592a7ef5c378dea47565ee9,NOT_STARTED,NOT_STARTED,NOT_STARTED,NOT_TESTED,PASS,canonical_and_compiled_master_match,INVENTORY_PENDING,01_scope_inventory.csv#archive/exams/original/high/h1/2mid/23_팔마고_2학기_중간_고1_기출.js|23_팔마고_2학기_중간_고1_기출|18,[object Object],INDEX_RECORD_PRESENT,original/high/h1/2mid/23_팔마고_2학기_중간_고1_기출.js_18,15201e42463e14283fe39b7a7c5fb87ef02d18fadfb0ece72da83254e4adf392,true,②,IN_SCOPE_FORWARD,,,CLOSED_NO_SHARED_ASSET
archive/exams/original/high/h1/2mid/25_금당고_2학기_중간_고1_기출.js|25_금당고_2학기_중간_고1_기출|3,archive/exams/original/high/h1/2mid/25_금당고_2학기_중간_고1_기출.js,25_금당고_2학기_중간_고1_기출,3,3,3,2022,공통수학2,H22-C2-03,원의 방정식,3,H22-C2-03-CIRCLE_EQUATION,원의 방정식,category_or_cue_inferred,complete_category,객관식,grid,false,객관식|원의 방정식|중심|도형,a9ff7a9f2aca3bc0ddb5a5d7b5d4491991c98a866240b59859ed56c468dfecf2,b127d1c6b3b1b3d8db9a26016ca3b647165d8b41d0b5acd6af0be4e50f5663aa,973d2fd2f97e26a666f403b12da6d87e527985b36bcf4ff0a47c7e7e8c36321a,33bf797f148d01c45a960ae8a40d152cd33173f6b27ef17f107961fd4dbeb0d0,,,assets/images/25_금당고_2학기_중간_고1_기출/q03-solution.svg,c0750e8b9e658f5077dfa939bc0084a6120249a107dbbb19736b44dbcde00a70,0,LOADED_VM,,NOT_STARTED,NOT_STARTED,NOT_STARTED,SOURCE_REVIEW,SOURCE_REVIEW,COORDINATE_OR_GEOMETRY_STRUCTURE|TABLE_OR_MATRIX_STRUCTURE,,SVG,NO_PROBLEM_VISUAL,REVIEW_REQUIRED,SOLUTION_SVG,NOT_STARTED,,,d170b4a23707dc1ce7942ebb0e9284ecef0df7a6f6a03dad13196afd77e7c104,NOT_STARTED,NOT_STARTED,NOT_STARTED,NOT_TESTED,PASS,canonical_and_compiled_master_match,INVENTORY_PENDING,01_scope_inventory.csv#archive/exams/original/high/h1/2mid/25_금당고_2학기_중간_고1_기출.js|25_금당고_2학기_중간_고1_기출|3,[object Object],INDEX_RECORD_PRESENT,original/high/h1/2mid/25_금당고_2학기_중간_고1_기출.js_3,e0159164ccdd95c2b3f007051433ed8a5636f22089ca827120703d4485fd8f21,true,①,IN_SCOPE_FORWARD,,,CLOSED_NO_SHARED_ASSET
archive/exams/original/high/h1/2mid/25_금당고_2학기_중간_고1_기출.js|25_금당고_2학기_중간_고1_기출|4,archive/exams/original/high/h1/2mid/25_금당고_2학기_중간_고1_기출.js,25_금당고_2학기_중간_고1_기출,4,4,4,2022,공통수학2,H22-C2-03,원의 방정식,3,H22-C2-03-CIRCLE_EQUATION,원의 방정식,category_or_cue_inferred,complete_category,객관식,grid,false,객관식|원의 방정식|중심|반지름|거리|도형,f7a5004d125823ce39f9acb4bc33d72ba16971919b7b700c9c08c097a6109e60,7380c6a92f5989f10fc39acd80822df5ee5b155a6a0666293057ab35c2363576,b15be6cb71072b84f7e1e198ce023fc5bb8b1e625335904ddcf3cffcd8b7312b,fb85bb4f7dd4acd78654b2de3c5afcc4d046db9723aaadfbc6294c5f9b90d8c6,,,assets/images/25_금당고_2학기_중간_고1_기출/q04-solution.svg,3f400b35f9ae40a54f863c98734c0c4e194ebe93345879a812084df5184a5115,0,LOADED_VM,,NOT_STARTED,NOT_STARTED,NOT_STARTED,SOURCE_REVIEW,SOURCE_REVIEW,GRAPH_OR_FUNCTION_STRUCTURE|COORDINATE_OR_GEOMETRY_STRUCTURE,,SVG,NO_PROBLEM_VISUAL,REVIEW_REQUIRED,SOLUTION_SVG,NOT_STARTED,,,02205f5dcfb74c605dc07abd1e57054fcb24d25d105b9344750434ea4436de1b,NOT_STARTED,NOT_STARTED,NOT_STARTED,NOT_TESTED,PASS,canonical_and_compiled_master_match,INVENTORY_PENDING,01_scope_inventory.csv#archive/exams/original/high/h1/2mid/25_금당고_2학기_중간_고1_기출.js|25_금당고_2학기_중간_고1_기출|4,[object Object],INDEX_RECORD_PRESENT,original/high/h1/2mid/25_금당고_2학기_중간_고1_기출.js_4,e0159164ccdd95c2b3f007051433ed8a5636f22089ca827120703d4485fd8f21,true,③,IN_SCOPE_FORWARD,,,CLOSED_NO_SHARED_ASSET
archive/exams/original/high/h1/2mid/25_금당고_2학기_중간_고1_기출.js|25_금당고_2학기_중간_고1_기출|8,archive/exams/original/high/h1/2mid/25_금당고_2학기_중간_고1_기출.js,25_금당고_2학기_중간_고1_기출,8,8,8,2022,공통수학2,H22-C2-03,원의 방정식,3,H22-C2-03-CIRCLE_EQUATION,원의 방정식,category_or_cue_inferred,complete_category,객관식,grid,false,객관식|원의 방정식|중심|반지름|도형,95df473b64c7bc1476a1ddde24aefb232ba77ef2d117b13f2dfee855acdc9a81,24981e839c6a94ec29a4b9eb661ea02ec65bf40fe1ad86a3ae0ff3e25cc6e198,0bdef091c479702584f065d3a3714f8a76f851b3f0cf10912f345a5dd930b0a8,8c2ce6bd6b975dcda8fab8a4f8a5f471e539ba013c89138282fef184b52fb747,,,assets/images/25_금당고_2학기_중간_고1_기출/q08-solution.svg,175871c74391cdb772e081c5354e9fd1118bcee44beb35df6060567f6da8517b,0,LOADED_VM,,NOT_STARTED,NOT_STARTED,NOT_STARTED,SOURCE_REVIEW,SOURCE_REVIEW,COORDINATE_OR_GEOMETRY_STRUCTURE|TABLE_OR_MATRIX_STRUCTURE,,SVG,NO_PROBLEM_VISUAL,REVIEW_REQUIRED,SOLUTION_SVG,NOT_STARTED,,,fe94a42ce1a608e5f2db5be12d4e5c2adeffb6dd32c981abf4b054af6d11f6a2,NOT_STARTED,NOT_STARTED,NOT_STARTED,NOT_TESTED,PASS,canonical_and_compiled_master_match,INVENTORY_PENDING,01_scope_inventory.csv#archive/exams/original/high/h1/2mid/25_금당고_2학기_중간_고1_기출.js|25_금당고_2학기_중간_고1_기출|8,[object Object],INDEX_RECORD_PRESENT,original/high/h1/2mid/25_금당고_2학기_중간_고1_기출.js_8,e0159164ccdd95c2b3f007051433ed8a5636f22089ca827120703d4485fd8f21,true,⑤,IN_SCOPE_FORWARD,,,CLOSED_NO_SHARED_ASSET
archive/exams/original/high/h1/2mid/25_금당고_2학기_중간_고1_기출.js|25_금당고_2학기_중간_고1_기출|11,archive/exams/original/high/h1/2mid/25_금당고_2학기_중간_고1_기출.js,25_금당고_2학기_중간_고1_기출,11,11,11,2022,공통수학2,H22-C2-03,원의 방정식,3,H22-C2-03-INTERSECTION,원과 직선·원의 관계,category_or_cue_inferred,complete_category,객관식,grid,false,객관식|원의 방정식|교점|직선과 원|위치 관계|중심|반지름|거리|도형,fb950c2a1aa7a8ee792a363602143320f9158a96b66f696540d64f127d57f260,3cc19e370a6671b60f17396fd032ed6593aa1547f8af80d6ab8d949018911b5e,d41ea6521f53fb3dfa10cf72e2932f4405d9c999fa422cdc840d25d57e90dd34,6d9c3e6543c4aa7e3a9026ff93bab3f80d83d2a7dfec9cac17ec39eefd242ecd,,,assets/images/25_금당고_2학기_중간_고1_기출/q11-solution.svg,9fc18456f845d3bb26474d37df9df524c346d51af2e3040febf4d248592ccb44,0,LOADED_VM,,NOT_STARTED,NOT_STARTED,NOT_STARTED,SOURCE_REVIEW,SOURCE_REVIEW,COORDINATE_OR_GEOMETRY_STRUCTURE,,SVG,NO_PROBLEM_VISUAL,REVIEW_REQUIRED,SOLUTION_SVG,NOT_STARTED,,,f992779a14a0fd599fadfaf8b8a7d61074da810755d094f48894a804f5c00e7f,NOT_STARTED,NOT_STARTED,NOT_STARTED,NOT_TESTED,PASS,canonical_and_compiled_master_match,INVENTORY_PENDING,01_scope_inventory.csv#archive/exams/original/high/h1/2mid/25_금당고_2학기_중간_고1_기출.js|25_금당고_2학기_중간_고1_기출|11,[object Object],INDEX_RECORD_PRESENT,original/high/h1/2mid/25_금당고_2학기_중간_고1_기출.js_11,e0159164ccdd95c2b3f007051433ed8a5636f22089ca827120703d4485fd8f21,true,④,IN_SCOPE_FORWARD,,,CLOSED_NO_SHARED_ASSET
archive/exams/original/high/h1/2mid/25_금당고_2학기_중간_고1_기출.js|25_금당고_2학기_중간_고1_기출|12,archive/exams/original/high/h1/2mid/25_금당고_2학기_중간_고1_기출.js,25_금당고_2학기_중간_고1_기출,12,12,12,2022,공통수학2,H22-C2-03,원의 방정식,3,H22-C2-03-TANGENT,원과 접선,category_or_cue_inferred,complete_category,객관식,grid,false,객관식|원의 방정식|접선|접점|중심|반지름|도형,0b4e100939733383f42188cc7e10f2560e28c2ab118008784bd71accef176e9f,4de2b04f85b250d160446308c950fd9d755e70f193cceb10610a32f2066748e2,b15be6cb71072b84f7e1e198ce023fc5bb8b1e625335904ddcf3cffcd8b7312b,18cb63a497bc8215fcf89648b2369a5879bdff792d040d15c8958538a959d9b4,,,assets/images/25_금당고_2학기_중간_고1_기출/q12-solution.svg,2bde984f2ce9e70dd19caa48a46a5b889350f205ada0286b669985265e1dbc05,0,LOADED_VM,,NOT_STARTED,NOT_STARTED,NOT_STARTED,SOURCE_REVIEW,SOURCE_REVIEW,COORDINATE_OR_GEOMETRY_STRUCTURE|TABLE_OR_MATRIX_STRUCTURE,,SVG,NO_PROBLEM_VISUAL,REVIEW_REQUIRED,SOLUTION_SVG,NOT_STARTED,,,af8a9e976e7cc731185ca886d2e4b09bbd69567bf5b95a7541f46c8ad20db979,NOT_STARTED,NOT_STARTED,NOT_STARTED,NOT_TESTED,PASS,canonical_and_compiled_master_match,INVENTORY_PENDING,01_scope_inventory.csv#archive/exams/original/high/h1/2mid/25_금당고_2학기_중간_고1_기출.js|25_금당고_2학기_중간_고1_기출|12,[object Object],INDEX_RECORD_PRESENT,original/high/h1/2mid/25_금당고_2학기_중간_고1_기출.js_12,e0159164ccdd95c2b3f007051433ed8a5636f22089ca827120703d4485fd8f21,true,③,IN_SCOPE_FORWARD,,,CLOSED_NO_SHARED_ASSET
archive/exams/original/high/h1/2mid/25_금당고_2학기_중간_고1_기출.js|25_금당고_2학기_중간_고1_기출|16,archive/exams/original/high/h1/2mid/25_금당고_2학기_중간_고1_기출.js,25_금당고_2학기_중간_고1_기출,16,16,16,2022,공통수학2,H22-C2-03,원의 방정식,3,H22-C2-03-TANGENT,원과 접선,category_or_cue_inferred,complete_category,객관식,grid,false,객관식|원의 방정식|접선|접점|중심|반지름|넓이|도형,c329b35976d0eefe4e34c948a5fcddc9301a469953e74356be66d35549ac62e3,4d4732d2265757f62898aeb0535bc8b542b08a87a9883cea4bee2cab2852150d,d41ea6521f53fb3dfa10cf72e2932f4405d9c999fa422cdc840d25d57e90dd34,735a5017409bb341c3ac5163a9c55b45b754ca6f83023ddad15c9cb63dbf11bf,,,assets/images/25_금당고_2학기_중간_고1_기출/q16-solution.svg,5fb2ccec4b5991db34ae14763add6f16fe094324dcfbfe07e3101f28ce8ee94a,0,LOADED_VM,,NOT_STARTED,NOT_STARTED,NOT_STARTED,SOURCE_REVIEW,SOURCE_REVIEW,COORDINATE_OR_GEOMETRY_STRUCTURE,,SVG,NO_PROBLEM_VISUAL,REVIEW_REQUIRED,SOLUTION_SVG,NOT_STARTED,,,be47fc29775080424a154d2d7caefaf2f46566e96bc2c49a17f2a10cbd362e7f,NOT_STARTED,NOT_STARTED,NOT_STARTED,NOT_TESTED,PASS,canonical_and_compiled_master_match,INVENTORY_PENDING,01_scope_inventory.csv#archive/exams/original/high/h1/2mid/25_금당고_2학기_중간_고1_기출.js|25_금당고_2학기_중간_고1_기출|16,[object Object],INDEX_RECORD_PRESENT,original/high/h1/2mid/25_금당고_2학기_중간_고1_기출.js_16,e0159164ccdd95c2b3f007051433ed8a5636f22089ca827120703d4485fd8f21,true,④,IN_SCOPE_FORWARD,,,CLOSED_NO_SHARED_ASSET
archive/exams/original/high/h1/2mid/25_금당고_2학기_중간_고1_기출.js|25_금당고_2학기_중간_고1_기출|18,archive/exams/original/high/h1/2mid/25_금당고_2학기_중간_고1_기출.js,25_금당고_2학기_중간_고1_기출,18,18,18,2022,공통수학2,H22-C2-03,원의 방정식,3,H22-C2-03-INTERSECTION,원과 직선·원의 관계,category_or_cue_inferred,complete_category,단답형,grid,false,단답형|원의 방정식|교점|두 원|공통현|직선과 원|중심|넓이|거리|도형,63481f585d212ad923e66a9e3223d0f2f21ab5e51b17185f24d87f7abfa81197,4f53cda18c2baa0c0354bb5f9a3ecbe5ed12ab4d8e11ba873c2f11161202b945,42e5c7e5d41bec6c1463a60f42f447d3d6d9358c128e2384c606c3a991d44ec0,ba68f04a013d335e77d0c5723b07f50b5c11115f0e1130b5eb41cffcd0a60f99,,,assets/images/25_금당고_2학기_중간_고1_기출/q18-solution.svg,ea9891d815d2f3da9b1ec6660622fea98ea2606ea7f03729b003a89ebf4df835,0,LOADED_VM,,NOT_STARTED,NOT_STARTED,NOT_STARTED,SOURCE_REVIEW,SOURCE_REVIEW,COORDINATE_OR_GEOMETRY_STRUCTURE,,SVG,NO_PROBLEM_VISUAL,REVIEW_REQUIRED,SOLUTION_SVG,NOT_STARTED,,,530d69bc457e15cb2d25697cf2838856e0a097eb079e94537c6ec46bdb1491a5,NOT_STARTED,NOT_STARTED,NOT_STARTED,NOT_TESTED,PASS,canonical_and_compiled_master_match,INVENTORY_PENDING,01_scope_inventory.csv#archive/exams/original/high/h1/2mid/25_금당고_2학기_중간_고1_기출.js|25_금당고_2학기_중간_고1_기출|18,[object Object],INDEX_RECORD_PRESENT,original/high/h1/2mid/25_금당고_2학기_중간_고1_기출.js_18,e0159164ccdd95c2b3f007051433ed8a5636f22089ca827120703d4485fd8f21,true,$112$,IN_SCOPE_FORWARD,,,CLOSED_NO_SHARED_ASSET
archive/exams/original/high/h1/2mid/25_금당고_2학기_중간_고1_기출.js|25_금당고_2학기_중간_고1_기출|19,archive/exams/original/high/h1/2mid/25_금당고_2학기_중간_고1_기출.js,25_금당고_2학기_중간_고1_기출,19,19,19,2022,공통수학2,H22-C2-03,원의 방정식,3,H22-C2-03-CIRCLE_EQUATION,원의 방정식,category_or_cue_inferred,complete_category,객관식,grid,false,객관식|원의 방정식|넓이|도형,5763543e496cbb4cba15c9e6b26638252a5e9d33451f8e88f1371efc7333f8ce,57fe0971ef7a2b1628c1411c0fd4f9ebfd3c3075dc12d797d9acbce416617630,dfde05a3668030e99ca64d8d4ae5f6b64c7a87cee61c0ba43904b92ef210191d,1487fbe9ea128253a3171fe150ba3565e6dc307c2ad50f0fef32a73f1b2e68ec,,,assets/images/25_금당고_2학기_중간_고1_기출/q19-solution.svg,c12dfbad24479cc1ba7041358feec822295a874bae78d09c83fe9021d457d42c,0,LOADED_VM,,NOT_STARTED,NOT_STARTED,NOT_STARTED,SOURCE_REVIEW,SOURCE_REVIEW,COORDINATE_OR_GEOMETRY_STRUCTURE,,SVG,NO_PROBLEM_VISUAL,REVIEW_REQUIRED,SOLUTION_SVG,NOT_STARTED,,,328d5ea65392708632c6ee0fd813e09e64ac0ad63fc6c3ab4ac8eaf1d3069508,NOT_STARTED,NOT_STARTED,NOT_STARTED,NOT_TESTED,PASS,canonical_and_compiled_master_match,INVENTORY_PENDING,01_scope_inventory.csv#archive/exams/original/high/h1/2mid/25_금당고_2학기_중간_고1_기출.js|25_금당고_2학기_중간_고1_기출|19,[object Object],INDEX_RECORD_PRESENT,original/high/h1/2mid/25_금당고_2학기_중간_고1_기출.js_19,e0159164ccdd95c2b3f007051433ed8a5636f22089ca827120703d4485fd8f21,true,②,IN_SCOPE_FORWARD,,,CLOSED_NO_SHARED_ASSET
archive/exams/original/high/h1/2mid/25_금당고_2학기_중간_고1_기출.js|25_금당고_2학기_중간_고1_기출|21,archive/exams/original/high/h1/2mid/25_금당고_2학기_중간_고1_기출.js,25_금당고_2학기_중간_고1_기출,21,21,21,2022,공통수학2,H22-C2-03,원의 방정식,3,H22-C2-03-TANGENT,원과 접선,category_or_cue_inferred,complete_category,서술형,grid,false,서술형|원의 방정식|접선|접점|중심|반지름|넓이|거리|도형,9bea720a231efde4dc1f76107cb8debdfd7083b5ca0a325e2bb47f74bcf1799c,4f53cda18c2baa0c0354bb5f9a3ecbe5ed12ab4d8e11ba873c2f11161202b945,5e33f320905811b3729f6e0e0ab933415c67d14ac117b02ebf5ed0e8a1c3d51a,8791c753ae948767b147c815da1cb0d91161f36214beefa31ce56cbb49c9b15b,,,assets/images/25_금당고_2학기_중간_고1_기출/q21-solution.svg,48b0c67a1a0e90b323af3ce532c492a156e7b8756a291cd8041091da5a27055e,0,LOADED_VM,,NOT_STARTED,NOT_STARTED,NOT_STARTED,SOURCE_REVIEW,SOURCE_REVIEW,COORDINATE_OR_GEOMETRY_STRUCTURE,,SVG,NO_PROBLEM_VISUAL,REVIEW_REQUIRED,SOLUTION_SVG,NOT_STARTED,,,c2e670d70830a9fbf3869fc79b442855944679e8c715143f19893c80b2babb71,NOT_STARTED,NOT_STARTED,NOT_STARTED,NOT_TESTED,PASS,canonical_and_compiled_master_match,INVENTORY_PENDING,01_scope_inventory.csv#archive/exams/original/high/h1/2mid/25_금당고_2학기_중간_고1_기출.js|25_금당고_2학기_중간_고1_기출|21,[object Object],INDEX_RECORD_PRESENT,original/high/h1/2mid/25_금당고_2학기_중간_고1_기출.js_21,e0159164ccdd95c2b3f007051433ed8a5636f22089ca827120703d4485fd8f21,true,$\dfrac{72}{5}$,IN_SCOPE_FORWARD,,,CLOSED_NO_SHARED_ASSET
archive/exams/original/high/h1/2mid/25_매산고_2학기_중간_고1_기출.js|25_매산고_2학기_중간_고1_기출|7,archive/exams/original/high/h1/2mid/25_매산고_2학기_중간_고1_기출.js,25_매산고_2학기_중간_고1_기출,7,7,7,2022,공통수학2,H22-C2-03,원의 방정식,3,H22-C2-03-CIRCLE_EQUATION,원의 방정식,category_or_cue_inferred,complete_category,객관식,grid,false,객관식|원의 방정식|중심|반지름|도형,43fba290d8dc0ac9d1d4ef5da50961880c8ee1dadf1981437b24f25baa936c85,e092701d41c7c887fdbb23257aa885de70574af969ba4344876ed64b40af6dc4,dfde05a3668030e99ca64d8d4ae5f6b64c7a87cee61c0ba43904b92ef210191d,c13d7caa280dac4d4857ab79f0eab30d54403993c36b2a9dc671da67a0af1bc5,,,assets/images/25_매산고_2학기_중간_고1_기출/q07-solution.svg,b4d4003e9ae1a7aa2217aa88efb6f518bda359f5b3b5b45f21ac11ed9649531d,0,LOADED_VM,,NOT_STARTED,NOT_STARTED,NOT_STARTED,SOURCE_REVIEW,SOURCE_REVIEW,COORDINATE_OR_GEOMETRY_STRUCTURE|TABLE_OR_MATRIX_STRUCTURE,,SVG,NO_PROBLEM_VISUAL,REVIEW_REQUIRED,SOLUTION_SVG,NOT_STARTED,,,c987dfb829dfa7cda1b36899c864502a233aad79586df724cc7d251c5db71acb,NOT_STARTED,NOT_STARTED,NOT_STARTED,NOT_TESTED,PASS,canonical_and_compiled_master_match,INVENTORY_PENDING,01_scope_inventory.csv#archive/exams/original/high/h1/2mid/25_매산고_2학기_중간_고1_기출.js|25_매산고_2학기_중간_고1_기출|7,[object Object],INDEX_RECORD_PRESENT,original/high/h1/2mid/25_매산고_2학기_중간_고1_기출.js_7,44ae64cfff4180dd9768c51f05e2939ed037ef0031d1baaf3184a03a3d2d4984,true,②,IN_SCOPE_FORWARD,,,CLOSED_NO_SHARED_ASSET
archive/exams/original/high/h1/2mid/25_매산고_2학기_중간_고1_기출.js|25_매산고_2학기_중간_고1_기출|10,archive/exams/original/high/h1/2mid/25_매산고_2학기_중간_고1_기출.js,25_매산고_2학기_중간_고1_기출,10,10,10,2022,공통수학2,H22-C2-03,원의 방정식,3,H22-C2-03-TANGENT,원과 접선,category_or_cue_inferred,complete_category,객관식,grid,false,객관식|원의 방정식|접선|좌표축 접원|중심|반지름|거리|도형,7f15a2716eb34b10f245b27a35c2e7113e046e27ccfdbb4b902eec6178213072,c2b04d148490f02aa56ff85184a358d0b202ad144984b9634c5838babcd07f50,b15be6cb71072b84f7e1e198ce023fc5bb8b1e625335904ddcf3cffcd8b7312b,86593046853e7767a4a16eca5ca60213f931850c64327056060c5ec4bf6528b8,assets/images/25_매산고_2학기_중간_고1_기출/q10.png,bfcb2833f9b5ca5fc441d0e8c36fb245ae50541ee73bb23e0a5b6ad358fc0408,assets/images/25_매산고_2학기_중간_고1_기출/q10-solution.svg,286bee64f7725108045d4abdd1b7f8038e6f02c4a88886e6d8fb535b229c06f1,0,LOADED_VM,,NOT_STARTED,NOT_STARTED,NOT_STARTED,SOURCE_REVIEW,SOURCE_REVIEW,COORDINATE_OR_GEOMETRY_STRUCTURE|TABLE_OR_MATRIX_STRUCTURE,,SVG,PROBLEM_VISUAL_PRESENT,REVIEW_REQUIRED,SOLUTION_SVG,NOT_STARTED,,,4c13a2000d725a0e6e40d1b1b8d373fb269570ba9ad93d524b111865b4b80f67,NOT_STARTED,NOT_STARTED,NOT_STARTED,NOT_TESTED,PASS,canonical_and_compiled_master_match,INVENTORY_PENDING,01_scope_inventory.csv#archive/exams/original/high/h1/2mid/25_매산고_2학기_중간_고1_기출.js|25_매산고_2학기_중간_고1_기출|10,[object Object]|[object Object],INDEX_RECORD_PRESENT,original/high/h1/2mid/25_매산고_2학기_중간_고1_기출.js_10,44ae64cfff4180dd9768c51f05e2939ed037ef0031d1baaf3184a03a3d2d4984,true,③,IN_SCOPE_FORWARD,,,CLOSED_NO_SHARED_ASSET
archive/exams/original/high/h1/2mid/25_매산고_2학기_중간_고1_기출.js|25_매산고_2학기_중간_고1_기출|14,archive/exams/original/high/h1/2mid/25_매산고_2학기_중간_고1_기출.js,25_매산고_2학기_중간_고1_기출,14,14,14,2022,공통수학2,H22-C2-03,원의 방정식,3,H22-C2-03-TANGENT,원과 접선,category_or_cue_inferred,complete_category,객관식,grid,false,객관식|원의 방정식|접선|접점|중심|반지름|거리|도형,b3f3de693bf99c74746ffdd30c6fa20578e32399461df81a45f7d319529c0a52,964271fd109cb43d7d2dd9be2319f7028acfa03f54a692534514537330345e2e,0bdef091c479702584f065d3a3714f8a76f851b3f0cf10912f345a5dd930b0a8,d3151e7ddaffa5a6219b6f78fca76409e84463619c2720ecf72d04945d40a7b7,,,assets/images/25_매산고_2학기_중간_고1_기출/q14-solution.svg,98914a1b8984d2862936f99a663a4f8e1fa31f0e742d01d5a247a7eb3aa8bf1a,0,LOADED_VM,,NOT_STARTED,NOT_STARTED,NOT_STARTED,SOURCE_REVIEW,SOURCE_REVIEW,COORDINATE_OR_GEOMETRY_STRUCTURE,,SVG,NO_PROBLEM_VISUAL,REVIEW_REQUIRED,SOLUTION_SVG,NOT_STARTED,,,60b7eb2f76f4e10db3cd6a4ef53bdfd7d1e8eb6ecb93dfae34b71d04313571bf,NOT_STARTED,NOT_STARTED,NOT_STARTED,NOT_TESTED,PASS,canonical_and_compiled_master_match,INVENTORY_PENDING,01_scope_inventory.csv#archive/exams/original/high/h1/2mid/25_매산고_2학기_중간_고1_기출.js|25_매산고_2학기_중간_고1_기출|14,[object Object],INDEX_RECORD_PRESENT,original/high/h1/2mid/25_매산고_2학기_중간_고1_기출.js_14,44ae64cfff4180dd9768c51f05e2939ed037ef0031d1baaf3184a03a3d2d4984,true,⑤,IN_SCOPE_FORWARD,,,CLOSED_NO_SHARED_ASSET
archive/exams/original/high/h1/2mid/25_매산고_2학기_중간_고1_기출.js|25_매산고_2학기_중간_고1_기출|18,archive/exams/original/high/h1/2mid/25_매산고_2학기_중간_고1_기출.js,25_매산고_2학기_중간_고1_기출,18,18,18,2022,공통수학2,H22-C2-03,원의 방정식,3,H22-C2-03-CIRCLE_EQUATION,원의 방정식,category_or_cue_inferred,complete_category,단답형,grid,false,단답형|원의 방정식|반지름|넓이|도형,4ea5168928a34ec76fb0ba7d147636f9b60c068fcabb284a2e569ddd9436fc49,4f53cda18c2baa0c0354bb5f9a3ecbe5ed12ab4d8e11ba873c2f11161202b945,8b5c51124b66508dd30a9c4034509db31b8a316a6f6c14d2d46abda4aed3de23,054a04d41f93a4dee6b10058599f687f3e09f1a0a352eb6b015d92e6ec17d3f1,,,assets/images/25_매산고_2학기_중간_고1_기출/q18-solution.svg,6023f25049b07c67158dac5eaf0fdf3f7672264431f056263909ed8d8e8fc9e4,0,LOADED_VM,,NOT_STARTED,NOT_STARTED,NOT_STARTED,SOURCE_REVIEW,SOURCE_REVIEW,GRAPH_OR_FUNCTION_STRUCTURE|COORDINATE_OR_GEOMETRY_STRUCTURE|TABLE_OR_MATRIX_STRUCTURE,,SVG,NO_PROBLEM_VISUAL,REVIEW_REQUIRED,SOLUTION_SVG,NOT_STARTED,,,71396e0bef8d67c55df4ea9d4870faea0dca014d879730dedf71b81103a52123,NOT_STARTED,NOT_STARTED,NOT_STARTED,NOT_TESTED,PASS,canonical_and_compiled_master_match,INVENTORY_PENDING,01_scope_inventory.csv#archive/exams/original/high/h1/2mid/25_매산고_2학기_중간_고1_기출.js|25_매산고_2학기_중간_고1_기출|18,[object Object],INDEX_RECORD_PRESENT,original/high/h1/2mid/25_매산고_2학기_중간_고1_기출.js_18,44ae64cfff4180dd9768c51f05e2939ed037ef0031d1baaf3184a03a3d2d4984,true,$128$,IN_SCOPE_FORWARD,,,CLOSED_NO_SHARED_ASSET
archive/exams/original/high/h1/2mid/25_매산고_2학기_중간_고1_기출.js|25_매산고_2학기_중간_고1_기출|20,archive/exams/original/high/h1/2mid/25_매산고_2학기_중간_고1_기출.js,25_매산고_2학기_중간_고1_기출,20,20,20,2022,공통수학2,H22-C2-03,원의 방정식,3,H22-C2-03-TANGENT,원과 접선,category_or_cue_inferred,complete_category,서술형,grid,false,서술형|원의 방정식|접선|좌표축 접원|접점|중심|반지름|넓이|거리|도형,e23fad2e80e817fed2c101939b716262f854c0254ecbf1f8ac0374999b88cb25,4f53cda18c2baa0c0354bb5f9a3ecbe5ed12ab4d8e11ba873c2f11161202b945,3bd2082225c1d49c0dfc48839f2859e0aa46a491cf24a0550737b6e6c82a6009,d3c66def4beb4cef605390ca6e23cda97c65dabe264d84059c3cba66444aa5ca,,,assets/images/25_매산고_2학기_중간_고1_기출/q20-solution.svg,fdfed3b1860bea5860f1d79d0aea15e5c2ae33786bd913faa68e7acf2e792ee2,0,LOADED_VM,,NOT_STARTED,NOT_STARTED,NOT_STARTED,SOURCE_REVIEW,SOURCE_REVIEW,COORDINATE_OR_GEOMETRY_STRUCTURE|TABLE_OR_MATRIX_STRUCTURE,,SVG,NO_PROBLEM_VISUAL,REVIEW_REQUIRED,SOLUTION_SVG,NOT_STARTED,,,e306259a25880189397a1498e07609d02f605e24807956a8b38bb9a5f42e6614,NOT_STARTED,NOT_STARTED,NOT_STARTED,NOT_TESTED,PASS,canonical_and_compiled_master_match,INVENTORY_PENDING,01_scope_inventory.csv#archive/exams/original/high/h1/2mid/25_매산고_2학기_중간_고1_기출.js|25_매산고_2학기_중간_고1_기출|20,[object Object],INDEX_RECORD_PRESENT,original/high/h1/2mid/25_매산고_2학기_중간_고1_기출.js_20,44ae64cfff4180dd9768c51f05e2939ed037ef0031d1baaf3184a03a3d2d4984,true,$\dfrac{119}{200}$,IN_SCOPE_FORWARD,,,CLOSED_NO_SHARED_ASSET
archive/exams/original/high/h1/2mid/25_순천고_2학기_중간_고1_기출.js|25_순천고_2학기_중간_고1_기출|7,archive/exams/original/high/h1/2mid/25_순천고_2학기_중간_고1_기출.js,25_순천고_2학기_중간_고1_기출,7,7,7,2022,공통수학2,H22-C2-03,원의 방정식,3,H22-C2-03-INTERSECTION,원과 직선·원의 관계,category_or_cue_inferred,complete_category,객관식,grid,false,객관식|원의 방정식|교점|직선과 원|위치 관계|중심|반지름|거리|도형,adeb6a258483924b0ace8c445f2fcacb49bba374a37f8d404d9c573033d4f693,ff782081a4cc25de5ebd8fdb3b10e93e0a2a8b181fb4cabb15c6d4c8f83c7224,b15be6cb71072b84f7e1e198ce023fc5bb8b1e625335904ddcf3cffcd8b7312b,8378bf48de10d3e04ec02e77b38c8aa0fb44be2e08211188cd21bb40a0672277,,,assets/images/25_순천고_2학기_중간_고1_기출/q07-solution.svg,f675c8d018106feab77012c506cf5b9b7d16d84ca53d424bb8d360293480ced4,0,LOADED_VM,,NOT_STARTED,NOT_STARTED,NOT_STARTED,SOURCE_REVIEW,SOURCE_REVIEW,COORDINATE_OR_GEOMETRY_STRUCTURE,,SVG,NO_PROBLEM_VISUAL,REVIEW_REQUIRED,SOLUTION_SVG,NOT_STARTED,,,abbbe7ccc7bd248dc76a872c7fde4a25bbba961924869419dd9f948020a7e31e,NOT_STARTED,NOT_STARTED,NOT_STARTED,NOT_TESTED,PASS,canonical_and_compiled_master_match,INVENTORY_PENDING,01_scope_inventory.csv#archive/exams/original/high/h1/2mid/25_순천고_2학기_중간_고1_기출.js|25_순천고_2학기_중간_고1_기출|7,[object Object],INDEX_RECORD_PRESENT,original/high/h1/2mid/25_순천고_2학기_중간_고1_기출.js_7,5c07f41210824eec17a7faa25d7922670eff32238bbc38b1de15340e828f0242,true,③,IN_SCOPE_FORWARD,,,CLOSED_NO_SHARED_ASSET
archive/exams/original/high/h1/2mid/25_순천고_2학기_중간_고1_기출.js|25_순천고_2학기_중간_고1_기출|9,archive/exams/original/high/h1/2mid/25_순천고_2학기_중간_고1_기출.js,25_순천고_2학기_중간_고1_기출,9,9,9,2022,공통수학2,H22-C2-03,원의 방정식,3,H22-C2-03-TANGENT,원과 접선,category_or_cue_inferred,complete_category,객관식,grid,false,객관식|원의 방정식|접선|좌표축 접원|중심|반지름|도형,7cb2a4171d640e8d8d8f43c9dff672b440a16d9dd32ae3fdbeb464f5dac80854,a542e66ad81f031f8f5d3e15cfe9e984acaa339ba072265d7d3ec072665042a9,b15be6cb71072b84f7e1e198ce023fc5bb8b1e625335904ddcf3cffcd8b7312b,629c22ee0c6d53bb62449f998fcc4af6a33865542b1617d487f7a93a41ddbc88,,,assets/images/25_순천고_2학기_중간_고1_기출/q09-solution.svg,909ea37ac2b3e0c0905d5fdd315966723fe6b284b8fbf9995670532c03a7f01a,0,LOADED_VM,,NOT_STARTED,NOT_STARTED,NOT_STARTED,SOURCE_REVIEW,SOURCE_REVIEW,COORDINATE_OR_GEOMETRY_STRUCTURE|TABLE_OR_MATRIX_STRUCTURE,,SVG,NO_PROBLEM_VISUAL,REVIEW_REQUIRED,SOLUTION_SVG,NOT_STARTED,,,8ccf3f8f8714e5a412915d063ef90ea038c7b9dce7794019d9dae96e13346532,NOT_STARTED,NOT_STARTED,NOT_STARTED,NOT_TESTED,PASS,canonical_and_compiled_master_match,INVENTORY_PENDING,01_scope_inventory.csv#archive/exams/original/high/h1/2mid/25_순천고_2학기_중간_고1_기출.js|25_순천고_2학기_중간_고1_기출|9,[object Object],INDEX_RECORD_PRESENT,original/high/h1/2mid/25_순천고_2학기_중간_고1_기출.js_9,5c07f41210824eec17a7faa25d7922670eff32238bbc38b1de15340e828f0242,true,③,IN_SCOPE_FORWARD,,,CLOSED_NO_SHARED_ASSET
archive/exams/original/high/h1/2mid/25_순천고_2학기_중간_고1_기출.js|25_순천고_2학기_중간_고1_기출|10,archive/exams/original/high/h1/2mid/25_순천고_2학기_중간_고1_기출.js,25_순천고_2학기_중간_고1_기출,10,10,10,2022,공통수학2,H22-C2-03,원의 방정식,3,H22-C2-03-INTERSECTION,원과 직선·원의 관계,category_or_cue_inferred,complete_category,객관식,grid,false,객관식|원의 방정식|교점|직선과 원|위치 관계|중심|반지름|거리|도형,cb7b45cdba7f65f3b9d1fd9152729e18b99a64cdcecc76328a5c01db268e7674,4278fabffe34cdc457a01eab1fc166d817a2f85518ea291ee698655fa3f97f67,d41ea6521f53fb3dfa10cf72e2932f4405d9c999fa422cdc840d25d57e90dd34,53cf5df37ebde3db3d45480e31e4d9b171e0cc22a2587715e87e303728ab15d0,,,assets/images/25_순천고_2학기_중간_고1_기출/q10-solution.svg,03e157a76121b957baa56cd009da2e88ffdf5a8fc209c44f86e203d68b42d413,0,LOADED_VM,,NOT_STARTED,NOT_STARTED,NOT_STARTED,SOURCE_REVIEW,SOURCE_REVIEW,GRAPH_OR_FUNCTION_STRUCTURE|COORDINATE_OR_GEOMETRY_STRUCTURE,,SVG,NO_PROBLEM_VISUAL,REVIEW_REQUIRED,SOLUTION_SVG,NOT_STARTED,,,ccf3802619e2cec232725d6294448862db72603e2489e294504eb3ad73478763,NOT_STARTED,NOT_STARTED,NOT_STARTED,NOT_TESTED,PASS,canonical_and_compiled_master_match,INVENTORY_PENDING,01_scope_inventory.csv#archive/exams/original/high/h1/2mid/25_순천고_2학기_중간_고1_기출.js|25_순천고_2학기_중간_고1_기출|10,[object Object],INDEX_RECORD_PRESENT,original/high/h1/2mid/25_순천고_2학기_중간_고1_기출.js_10,5c07f41210824eec17a7faa25d7922670eff32238bbc38b1de15340e828f0242,true,④,IN_SCOPE_FORWARD,,,CLOSED_NO_SHARED_ASSET
archive/exams/original/high/h1/2mid/25_순천고_2학기_중간_고1_기출.js|25_순천고_2학기_중간_고1_기출|16,archive/exams/original/high/h1/2mid/25_순천고_2학기_중간_고1_기출.js,25_순천고_2학기_중간_고1_기출,16,16,16,2022,공통수학2,H22-C2-03,원의 방정식,3,H22-C2-03-INTERSECTION,원과 직선·원의 관계,category_or_cue_inferred,complete_category,객관식,grid,false,객관식|원의 방정식|교점|두 원|공통현|중심|반지름|거리|도형,1fccbb0ff15c75f98be51386e818bbca4910b5f94b2eada2d7edbcd0644bdc3c,dab7a8df6e93ff690619ac21f05c3864318a7b740b4d86f55e39154a6f99bc3c,0bdef091c479702584f065d3a3714f8a76f851b3f0cf10912f345a5dd930b0a8,86cb2ba9440ca2475e979ef27567ef287bc89d02044b31d87dd58883ec638ba2,,,assets/images/25_순천고_2학기_중간_고1_기출/q16-solution.svg,cfd4d6f32545b60f54d02c993d6b19f88c3a512eb2323b9b91616deb1c7af292,0,LOADED_VM,,NOT_STARTED,NOT_STARTED,NOT_STARTED,SOURCE_REVIEW,SOURCE_REVIEW,COORDINATE_OR_GEOMETRY_STRUCTURE,,SVG,NO_PROBLEM_VISUAL,REVIEW_REQUIRED,SOLUTION_SVG,NOT_STARTED,,,17086a7184add6b291ebf84f370664e7f4dc52788144d4565543ac285ca363d2,NOT_STARTED,NOT_STARTED,NOT_STARTED,NOT_TESTED,PASS,canonical_and_compiled_master_match,INVENTORY_PENDING,01_scope_inventory.csv#archive/exams/original/high/h1/2mid/25_순천고_2학기_중간_고1_기출.js|25_순천고_2학기_중간_고1_기출|16,[object Object],INDEX_RECORD_PRESENT,original/high/h1/2mid/25_순천고_2학기_중간_고1_기출.js_16,5c07f41210824eec17a7faa25d7922670eff32238bbc38b1de15340e828f0242,true,⑤,IN_SCOPE_FORWARD,,,CLOSED_NO_SHARED_ASSET
archive/exams/original/high/h1/2mid/25_순천고_2학기_중간_고1_기출.js|25_순천고_2학기_중간_고1_기출|17,archive/exams/original/high/h1/2mid/25_순천고_2학기_중간_고1_기출.js,25_순천고_2학기_중간_고1_기출,17,17,17,2022,공통수학2,H22-C2-03,원의 방정식,3,H22-C2-03-TANGENT,원과 접선,category_or_cue_inferred,complete_category,객관식,grid,false,객관식|원의 방정식|접선|접점현|중심|반지름|도형,d2eb6092ab228a0a18ef8d58747027942f6d1d834187538fe210a5966f3d330c,2f44f5c60527e6af27973098764a4b701a1b1ebccc0ad571fa7adde3b0bf7f7d,d41ea6521f53fb3dfa10cf72e2932f4405d9c999fa422cdc840d25d57e90dd34,078569a7648a3fd02de5559332458fea89e362cf6b89babc9d021a544ca3262f,,,assets/images/25_순천고_2학기_중간_고1_기출/q17-solution.svg,0eba9b9039194e27e531dc70357ea1ae5e17ddf65907f3cbcece01b60f535d15,0,LOADED_VM,,NOT_STARTED,NOT_STARTED,NOT_STARTED,SOURCE_REVIEW,SOURCE_REVIEW,COORDINATE_OR_GEOMETRY_STRUCTURE|TABLE_OR_MATRIX_STRUCTURE,,SVG,NO_PROBLEM_VISUAL,REVIEW_REQUIRED,SOLUTION_SVG,NOT_STARTED,,,e5b246489b548a23f031ca44293322db5d2eb8ffa4e93b9ca10ef5bd0966620e,NOT_STARTED,NOT_STARTED,NOT_STARTED,NOT_TESTED,PASS,canonical_and_compiled_master_match,INVENTORY_PENDING,01_scope_inventory.csv#archive/exams/original/high/h1/2mid/25_순천고_2학기_중간_고1_기출.js|25_순천고_2학기_중간_고1_기출|17,[object Object],INDEX_RECORD_PRESENT,original/high/h1/2mid/25_순천고_2학기_중간_고1_기출.js_17,5c07f41210824eec17a7faa25d7922670eff32238bbc38b1de15340e828f0242,true,④,IN_SCOPE_FORWARD,,,CLOSED_NO_SHARED_ASSET
archive/exams/original/high/h1/2mid/25_순천고_2학기_중간_고1_기출.js|25_순천고_2학기_중간_고1_기출|19,archive/exams/original/high/h1/2mid/25_순천고_2학기_중간_고1_기출.js,25_순천고_2학기_중간_고1_기출,19,19,19,2022,공통수학2,H22-C2-03,원의 방정식,3,H22-C2-03-INTERSECTION,원과 직선·원의 관계,category_or_cue_inferred,complete_category,단답형,grid,false,단답형|원의 방정식|교점|직선과 원|거리|도형,ef225f9910deeeb9ea05f361bf78dc0846d3d5dfb732c6fb203a7caf2445a694,4f53cda18c2baa0c0354bb5f9a3ecbe5ed12ab4d8e11ba873c2f11161202b945,1e459d0bde220e1a922a052c97a64a8ba011f92b6814305f76def5741e118c57,42e48214f15b3332d129d34b5023683049157d2d114738bfc013822a4af383ef,,,assets/images/25_순천고_2학기_중간_고1_기출/q19-solution.svg,a8aab25ab4a8a6d60df13296111539c4a2be9e98c9c2f25d49ee3a60838f55a5,0,LOADED_VM,,NOT_STARTED,NOT_STARTED,NOT_STARTED,SOURCE_REVIEW,SOURCE_REVIEW,COORDINATE_OR_GEOMETRY_STRUCTURE,,SVG,NO_PROBLEM_VISUAL,REVIEW_REQUIRED,SOLUTION_SVG,NOT_STARTED,,,7dacb29df7415fffa8e75aefd3c4e6f5b98bef8887cba0a137ce6c9c20302f76,NOT_STARTED,NOT_STARTED,NOT_STARTED,NOT_TESTED,PASS,canonical_and_compiled_master_match,INVENTORY_PENDING,01_scope_inventory.csv#archive/exams/original/high/h1/2mid/25_순천고_2학기_중간_고1_기출.js|25_순천고_2학기_중간_고1_기출|19,[object Object],INDEX_RECORD_PRESENT,original/high/h1/2mid/25_순천고_2학기_중간_고1_기출.js_19,5c07f41210824eec17a7faa25d7922670eff32238bbc38b1de15340e828f0242,true,$16$,IN_SCOPE_FORWARD,,,CLOSED_NO_SHARED_ASSET
archive/exams/original/high/h1/2mid/25_순천고_2학기_중간_고1_기출.js|25_순천고_2학기_중간_고1_기출|22,archive/exams/original/high/h1/2mid/25_순천고_2학기_중간_고1_기출.js,25_순천고_2학기_중간_고1_기출,22,22,22,2022,공통수학2,H22-C2-03,원의 방정식,3,H22-C2-03-TANGENT,원과 접선,category_or_cue_inferred,complete_category,서술형,grid,false,서술형|원의 방정식|접선|중심|반지름|거리|도형,8151dfa96e5de501930dfb790a7a1d3ad094efb29bed134dc7b2d5cd5fcbac22,4f53cda18c2baa0c0354bb5f9a3ecbe5ed12ab4d8e11ba873c2f11161202b945,b1d932d8f48f04bb3bf2f338645f0a77a840d5009ec1e52ca931fd991a47b5fc,5c36df94cb539742d6df6e2ef32ad82587eed339028433aeb480bf462aab9427,,,assets/images/25_순천고_2학기_중간_고1_기출/q22-solution.svg,fbb39a0fe749423841e0229c222c03faa6cda7bd530693f233a0942006f55098,0,LOADED_VM,,NOT_STARTED,NOT_STARTED,NOT_STARTED,SOURCE_REVIEW,SOURCE_REVIEW,COORDINATE_OR_GEOMETRY_STRUCTURE|TABLE_OR_MATRIX_STRUCTURE,,SVG,NO_PROBLEM_VISUAL,REVIEW_REQUIRED,SOLUTION_SVG,NOT_STARTED,,,cb8e176bc4cc450c38927a2467b4df1bb2e07e0a23ead5ce55283256a675d07b,NOT_STARTED,NOT_STARTED,NOT_STARTED,NOT_TESTED,PASS,canonical_and_compiled_master_match,INVENTORY_PENDING,01_scope_inventory.csv#archive/exams/original/high/h1/2mid/25_순천고_2학기_중간_고1_기출.js|25_순천고_2학기_중간_고1_기출|22,[object Object],INDEX_RECORD_PRESENT,original/high/h1/2mid/25_순천고_2학기_중간_고1_기출.js_22,5c07f41210824eec17a7faa25d7922670eff32238bbc38b1de15340e828f0242,true,"㉠ $x$, ㉡ $y$; $mx-y+6=0$; $m=-\dfrac{21}{20}$",IN_SCOPE_FORWARD,,,CLOSED_NO_SHARED_ASSET
archive/exams/original/high/h1/2mid/25_순천여고_2학기_중간_고1_공통수학2.js|25_순천여고_2학기_중간_고1_공통수학2|14,archive/exams/original/high/h1/2mid/25_순천여고_2학기_중간_고1_공통수학2.js,25_순천여고_2학기_중간_고1_공통수학2,14,14,14,2022,공통수학2,H22-C2-03,원의 방정식,3,H22-C2-03-CIRCLE_EQUATION,원의 방정식,category_or_cue_inferred,complete_category,객관식,grid,false,객관식|원의 방정식|중심|반지름|거리|도형,e6fca7ce04c7841a868af4713bba940ab1790976053102e227859c216fe11ef5,9ff6723a47c0027cc12b9779b17653bf34221b526a0835fb4935dfbec7f746fd,0bdef091c479702584f065d3a3714f8a76f851b3f0cf10912f345a5dd930b0a8,ddc101dc44de177d87638b64631310e5b8df167df72d4eab3c45412394605dd9,,,assets/images/25_순천여고_2학기_중간_고1_공통수학2/q14-solution.svg,e8cfd66a5b7aa8c68285ef66a7fc107b63b5bd2c7fdf776aa8fd33fcebc5826a,0,LOADED_VM,,NOT_STARTED,NOT_STARTED,NOT_STARTED,SOURCE_REVIEW,SOURCE_REVIEW,COORDINATE_OR_GEOMETRY_STRUCTURE,,SVG,NO_PROBLEM_VISUAL,REVIEW_REQUIRED,SOLUTION_SVG,NOT_STARTED,,,634ca72957d707ee72ccf58aa66db8045cd04c1ad95be6d32fec4a1615878da4,NOT_STARTED,NOT_STARTED,NOT_STARTED,NOT_TESTED,PASS,canonical_and_compiled_master_match,INVENTORY_PENDING,01_scope_inventory.csv#archive/exams/original/high/h1/2mid/25_순천여고_2학기_중간_고1_공통수학2.js|25_순천여고_2학기_중간_고1_공통수학2|14,[object Object],INDEX_RECORD_PRESENT,original/high/h1/2mid/25_순천여고_2학기_중간_고1_공통수학2.js_14,4dd7d35fd70b2ae0d758eb909565c2cd0f9c54d2893da96a20d18bc4d63e6e26,true,⑤,IN_SCOPE_FORWARD,,,CLOSED_NO_SHARED_ASSET
archive/exams/original/high/h1/2mid/25_순천여고_2학기_중간_고1_공통수학2.js|25_순천여고_2학기_중간_고1_공통수학2|17,archive/exams/original/high/h1/2mid/25_순천여고_2학기_중간_고1_공통수학2.js,25_순천여고_2학기_중간_고1_공통수학2,17,17,17,2022,공통수학2,H22-C2-03,원의 방정식,3,H22-C2-03-INTERSECTION,원과 직선·원의 관계,category_or_cue_inferred,complete_category,객관식,grid,false,객관식|원의 방정식|교점|두 원|공통현|직선과 원|도형,40a9d71426071ed756b49206119348e4c9620433339a23cbe015410a57d23bd8,8be1636db7d1ba8bd16f5fc2eea27119ba1d036c10789e6fbd6f3e9011a49bc5,dfde05a3668030e99ca64d8d4ae5f6b64c7a87cee61c0ba43904b92ef210191d,ed3406f6070837943babf7d30bed217788e47abf506aaa26f454cc69cd051ec6,,,assets/images/25_순천여고_2학기_중간_고1_공통수학2/q17-solution.svg,911eb50dfb2505072484c4fe43cc31076d6f641432af56c8639a60e43044afe6,0,LOADED_VM,,NOT_STARTED,NOT_STARTED,NOT_STARTED,SOURCE_REVIEW,SOURCE_REVIEW,COORDINATE_OR_GEOMETRY_STRUCTURE,,SVG,NO_PROBLEM_VISUAL,REVIEW_REQUIRED,SOLUTION_SVG,NOT_STARTED,,,5f969eeaf9f558fa498585620a6d8f3b17134713a04fa38efecd812638c4acdb,NOT_STARTED,NOT_STARTED,NOT_STARTED,NOT_TESTED,PASS,canonical_and_compiled_master_match,INVENTORY_PENDING,01_scope_inventory.csv#archive/exams/original/high/h1/2mid/25_순천여고_2학기_중간_고1_공통수학2.js|25_순천여고_2학기_중간_고1_공통수학2|17,[object Object],INDEX_RECORD_PRESENT,original/high/h1/2mid/25_순천여고_2학기_중간_고1_공통수학2.js_17,4dd7d35fd70b2ae0d758eb909565c2cd0f9c54d2893da96a20d18bc4d63e6e26,true,②,IN_SCOPE_FORWARD,,,CLOSED_NO_SHARED_ASSET
archive/exams/original/high/h1/2mid/25_순천여고_2학기_중간_고1_공통수학2.js|25_순천여고_2학기_중간_고1_공통수학2|21,archive/exams/original/high/h1/2mid/25_순천여고_2학기_중간_고1_공통수학2.js,25_순천여고_2학기_중간_고1_공통수학2,21,21,21,2022,공통수학2,H22-C2-03,원의 방정식,3,H22-C2-03-TANGENT,원과 접선,category_or_cue_inferred,complete_category,서술형,grid,false,서술형|원의 방정식|접선|접점현|중심|반지름|넓이|거리|도형,904074a832afb1412bcecaf65f25c86ec2f2e354be5c498fe49d42b91546d46c,4f53cda18c2baa0c0354bb5f9a3ecbe5ed12ab4d8e11ba873c2f11161202b945,260e6c1c39fbf6472ba3488814b3a11b1e221e63db69c2bf0e1f7b790d35b8dc,00adf29291e9bb3e68037d729073d55262e8fa4662a4b41d34c2b1dcb22c9dfd,,,assets/images/25_순천여고_2학기_중간_고1_공통수학2/q21-solution.svg,9536abf5304c667088afc941f12cd8f2e21096188ec0ab26aa95528f80406031,0,LOADED_VM,,NOT_STARTED,NOT_STARTED,NOT_STARTED,SOURCE_REVIEW,SOURCE_REVIEW,COORDINATE_OR_GEOMETRY_STRUCTURE,,SVG,NO_PROBLEM_VISUAL,REVIEW_REQUIRED,SOLUTION_SVG,NOT_STARTED,,,01724375cafa419eba8ca9686bbe9b538a76bf91d622556167edb78ef92aa761,NOT_STARTED,NOT_STARTED,NOT_STARTED,NOT_TESTED,PASS,canonical_and_compiled_master_match,INVENTORY_PENDING,01_scope_inventory.csv#archive/exams/original/high/h1/2mid/25_순천여고_2학기_중간_고1_공통수학2.js|25_순천여고_2학기_중간_고1_공통수학2|21,[object Object],INDEX_RECORD_PRESENT,original/high/h1/2mid/25_순천여고_2학기_중간_고1_공통수학2.js_21,4dd7d35fd70b2ae0d758eb909565c2cd0f9c54d2893da96a20d18bc4d63e6e26,true,$\dfrac{27}{5}$,IN_SCOPE_FORWARD,,,CLOSED_NO_SHARED_ASSET
archive/exams/original/high/h1/2mid/25_제일고_2학기_중간_고1_기출.js|25_제일고_2학기_중간_고1_기출|13,archive/exams/original/high/h1/2mid/25_제일고_2학기_중간_고1_기출.js,25_제일고_2학기_중간_고1_기출,13,13,13,2022,공통수학2,H22-C2-03,원의 방정식,3,H22-C2-03-CIRCLE_EQUATION,원의 방정식,category_or_cue_inferred,complete_category,객관식,grid,false,객관식|원의 방정식|중심|반지름|거리|도형,24388eddb976a7fc062047089f25c5fb70e6589cfaf7037a499cf1a7aa8ea882,2f56e16c0b6a872f35a2fd1dc3814794ecf0de36273023dbff68debfe57b0f55,b15be6cb71072b84f7e1e198ce023fc5bb8b1e625335904ddcf3cffcd8b7312b,679c9e69e2a468be628d1b1cb40ebc24bf332b60ccba45308d4b57ae3f054b6e,,,assets/images/25_제일고_2학기_중간_고1_기출/q13-solution.svg,49c79da90967613f7cb4d889a0d1e15d962816f1d46bdbba6ed9cfb121c85279,0,LOADED_VM,,NOT_STARTED,NOT_STARTED,NOT_STARTED,SOURCE_REVIEW,SOURCE_REVIEW,COORDINATE_OR_GEOMETRY_STRUCTURE,,SVG,NO_PROBLEM_VISUAL,REVIEW_REQUIRED,SOLUTION_SVG,NOT_STARTED,,,aee8f0766ffc147aa2de949e8dec657c0d2ab83d4f0ee93b5b2059e430b9e38a,NOT_STARTED,NOT_STARTED,NOT_STARTED,NOT_TESTED,PASS,canonical_and_compiled_master_match,INVENTORY_PENDING,01_scope_inventory.csv#archive/exams/original/high/h1/2mid/25_제일고_2학기_중간_고1_기출.js|25_제일고_2학기_중간_고1_기출|13,[object Object],INDEX_RECORD_PRESENT,original/high/h1/2mid/25_제일고_2학기_중간_고1_기출.js_13,c93080c2c343013b5c4ede64b2fb4a5a028f24be09ac6a97d772a73f4e7cd8b4,true,③,IN_SCOPE_FORWARD,,,CLOSED_NO_SHARED_ASSET
archive/exams/original/high/h1/2mid/25_제일고_2학기_중간_고1_기출.js|25_제일고_2학기_중간_고1_기출|16,archive/exams/original/high/h1/2mid/25_제일고_2학기_중간_고1_기출.js,25_제일고_2학기_중간_고1_기출,16,16,16,2022,공통수학2,H22-C2-03,원의 방정식,3,H22-C2-03-CIRCLE_EQUATION,원의 방정식,category_or_cue_inferred,complete_category,객관식,grid,false,객관식|원의 방정식|중심|반지름|넓이|도형,532de564dfa0fc95287856a5ebf3bbade56cb2d732ca5675b76a6a1aa7ef1621,ff13f36f92280dbb6862415334f9cc3c2a4a25ecc55d421e851187aa332b5a50,0bdef091c479702584f065d3a3714f8a76f851b3f0cf10912f345a5dd930b0a8,5db69141044a3644acffec4c5f9ac3abc53d70def8f2176fa6e7e4f40b34d774,,,assets/images/25_제일고_2학기_중간_고1_기출/q16-solution.svg,225105cf1aa0638db8308528cbe8dbc7d4c48b542d0b4a90d41e4c8282ff1e35,0,LOADED_VM,,NOT_STARTED,NOT_STARTED,NOT_STARTED,SOURCE_REVIEW,SOURCE_REVIEW,COORDINATE_OR_GEOMETRY_STRUCTURE|TABLE_OR_MATRIX_STRUCTURE,,SVG,NO_PROBLEM_VISUAL,REVIEW_REQUIRED,SOLUTION_SVG,NOT_STARTED,,,5e96205e599e121186808708161fc935061cb7da2072ed129fccfb574ccf5d22,NOT_STARTED,NOT_STARTED,NOT_STARTED,NOT_TESTED,PASS,canonical_and_compiled_master_match,INVENTORY_PENDING,01_scope_inventory.csv#archive/exams/original/high/h1/2mid/25_제일고_2학기_중간_고1_기출.js|25_제일고_2학기_중간_고1_기출|16,[object Object],INDEX_RECORD_PRESENT,original/high/h1/2mid/25_제일고_2학기_중간_고1_기출.js_16,c93080c2c343013b5c4ede64b2fb4a5a028f24be09ac6a97d772a73f4e7cd8b4,true,⑤,IN_SCOPE_FORWARD,,,CLOSED_NO_SHARED_ASSET
archive/exams/original/high/h1/2mid/25_제일고_2학기_중간_고1_기출.js|25_제일고_2학기_중간_고1_기출|17,archive/exams/original/high/h1/2mid/25_제일고_2학기_중간_고1_기출.js,25_제일고_2학기_중간_고1_기출,17,17,17,2022,공통수학2,H22-C2-03,원의 방정식,3,H22-C2-03-CIRCLE_EQUATION,원의 방정식,category_or_cue_inferred,complete_category,객관식,grid,false,객관식|원의 방정식|중심|반지름|도형,dbeedb8fa3bc66136457a447b15f6ca7763f29d1a707161996af246636ce1c8a,e86168c1d3209cbb53ccfbe692c6bc9eaac58f7d8cca1d1e18dd8575bf517965,973d2fd2f97e26a666f403b12da6d87e527985b36bcf4ff0a47c7e7e8c36321a,d13ce38d0394137c648e97a29d0dd5a2685a091cdc4cfd7028d2bebf1e2e8658,assets/images/25_제일고_2학기_중간_고1_기출/q17.png,1c28026960cd1cf474c78fc42eda5b04ad7521887e38cb39034e9d8e15150bd4,assets/images/25_제일고_2학기_중간_고1_기출/q17-solution.svg,69cb4376f486aeb490bbfb8d837cca91621074704883c0845325c0550395c2d0,0,LOADED_VM,,NOT_STARTED,NOT_STARTED,NOT_STARTED,SOURCE_REVIEW,SOURCE_REVIEW,COORDINATE_OR_GEOMETRY_STRUCTURE|TABLE_OR_MATRIX_STRUCTURE,,SVG,PROBLEM_VISUAL_PRESENT,REVIEW_REQUIRED,SOLUTION_SVG,NOT_STARTED,,,1e6e67e416c0484cf080c14d66ef85c31aed490ce42b719b902a3b53eea1eef2,NOT_STARTED,NOT_STARTED,NOT_STARTED,NOT_TESTED,PASS,canonical_and_compiled_master_match,INVENTORY_PENDING,01_scope_inventory.csv#archive/exams/original/high/h1/2mid/25_제일고_2학기_중간_고1_기출.js|25_제일고_2학기_중간_고1_기출|17,[object Object]|[object Object],INDEX_RECORD_PRESENT,original/high/h1/2mid/25_제일고_2학기_중간_고1_기출.js_17,c93080c2c343013b5c4ede64b2fb4a5a028f24be09ac6a97d772a73f4e7cd8b4,true,①,IN_SCOPE_FORWARD,,,CLOSED_NO_SHARED_ASSET
archive/exams/original/high/h1/2mid/25_제일고_2학기_중간_고1_기출.js|25_제일고_2학기_중간_고1_기출|22,archive/exams/original/high/h1/2mid/25_제일고_2학기_중간_고1_기출.js,25_제일고_2학기_중간_고1_기출,22,22,22,2022,공통수학2,H22-C2-03,원의 방정식,3,H22-C2-03-CIRCLE_EQUATION,원의 방정식,category_or_cue_inferred,complete_category,서술형,grid,false,서술형|원의 방정식|중심|반지름|거리|도형,dce9de0d61938f72b7a381605b59d0d4e93cdfc4c3d8d67156efd67bc974d28f,4f53cda18c2baa0c0354bb5f9a3ecbe5ed12ab4d8e11ba873c2f11161202b945,1e459d0bde220e1a922a052c97a64a8ba011f92b6814305f76def5741e118c57,1302d64038d13d6c978d3395b5e605fc46b7da4c8a5f69c1e4924381a1f22615,,,assets/images/25_제일고_2학기_중간_고1_기출/q22-solution.svg,48b7eaf6353b98c1c0433013d5acf20aef62e6480540b610ae904412af5ba988,0,LOADED_VM,,NOT_STARTED,NOT_STARTED,NOT_STARTED,SOURCE_REVIEW,SOURCE_REVIEW,GRAPH_OR_FUNCTION_STRUCTURE|COORDINATE_OR_GEOMETRY_STRUCTURE,,SVG,NO_PROBLEM_VISUAL,REVIEW_REQUIRED,SOLUTION_SVG,NOT_STARTED,,,5be155141aea3972d09e9a7bb5f45ed425ae25876cc942844de7e693567cd1cc,NOT_STARTED,NOT_STARTED,NOT_STARTED,NOT_TESTED,PASS,canonical_and_compiled_master_match,INVENTORY_PENDING,01_scope_inventory.csv#archive/exams/original/high/h1/2mid/25_제일고_2학기_중간_고1_기출.js|25_제일고_2학기_중간_고1_기출|22,[object Object],INDEX_RECORD_PRESENT,original/high/h1/2mid/25_제일고_2학기_중간_고1_기출.js_22,c93080c2c343013b5c4ede64b2fb4a5a028f24be09ac6a97d772a73f4e7cd8b4,true,$16$,IN_SCOPE_FORWARD,,,CLOSED_NO_SHARED_ASSET
archive/exams/original/high/h1/2mid/25_효천고_2학기_중간_고1_기출.js|25_효천고_2학기_중간_고1_기출|3,archive/exams/original/high/h1/2mid/25_효천고_2학기_중간_고1_기출.js,25_효천고_2학기_중간_고1_기출,3,3,3,2022,공통수학2,H22-C2-03,원의 방정식,3,H22-C2-03-CIRCLE_EQUATION,원의 방정식,rule_inferred,complete_rule,객관식,grid,false,객관식|원의 방정식|중심|반지름|거리|도형,31bd5bb338b96f60dcbe6e6b594bafb5fd8365f78fbd08188faf762e4d513891,10fab31f6fdb5601f4ca00ece2dcad3eb3fa17717864850741186dd6276c0b54,973d2fd2f97e26a666f403b12da6d87e527985b36bcf4ff0a47c7e7e8c36321a,2c30ecade0eedc0eee376068d3ad1b5539e367c6443f5bcca4c68693fc3ea3c1,,,assets/images/25_효천고_2학기_중간_고1_기출/q03-solution.svg,3208ec847fd87a1907669b72f0b0fb2b795407361335c0ce34bc2fa4fda9cce8,0,LOADED_VM,,NOT_STARTED,NOT_STARTED,NOT_STARTED,SOURCE_REVIEW,SOURCE_REVIEW,COORDINATE_OR_GEOMETRY_STRUCTURE|TABLE_OR_MATRIX_STRUCTURE,,SVG,NO_PROBLEM_VISUAL,REVIEW_REQUIRED,SOLUTION_SVG,NOT_STARTED,,,e77470da2a625a2d7d89bfc770d611f82c061670e0e215d1ea6a4a6ebb364156,NOT_STARTED,NOT_STARTED,NOT_STARTED,NOT_TESTED,PASS,canonical_and_compiled_master_match,INVENTORY_PENDING,01_scope_inventory.csv#archive/exams/original/high/h1/2mid/25_효천고_2학기_중간_고1_기출.js|25_효천고_2학기_중간_고1_기출|3,[object Object],INDEX_RECORD_PRESENT,original/high/h1/2mid/25_효천고_2학기_중간_고1_기출.js_3,1e08c7f97fe6ae138904efeb63a60094f995208381c12799293dc37018e511da,true,①,IN_SCOPE_FORWARD,,,CLOSED_NO_SHARED_ASSET
archive/exams/original/high/h1/2mid/25_효천고_2학기_중간_고1_기출.js|25_효천고_2학기_중간_고1_기출|4,archive/exams/original/high/h1/2mid/25_효천고_2학기_중간_고1_기출.js,25_효천고_2학기_중간_고1_기출,4,4,4,2022,공통수학2,H22-C2-03,원의 방정식,3,H22-C2-03-TANGENT,원과 접선,category_or_cue_inferred,complete_category,객관식,grid,false,객관식|원의 방정식|접선|중심|반지름|거리|도형,624543782c06f7be3d189e0832f17f1d357007e12b9978dadd48a83100a65fc9,c1e01114e2448c490cfb3eee8d8a915284d82805a792acca7573ed4e6027d079,0bdef091c479702584f065d3a3714f8a76f851b3f0cf10912f345a5dd930b0a8,489a1c03ea088747b21cbaa8dffaf53930f05c72a14063246b94de1984e7927b,,,assets/images/25_효천고_2학기_중간_고1_기출/q04-solution.svg,e8cffa56d1c16824f73bafa4a4cb5828735f070b6689e033f773682a7b0c791a,0,LOADED_VM,,NOT_STARTED,NOT_STARTED,NOT_STARTED,SOURCE_REVIEW,SOURCE_REVIEW,GRAPH_OR_FUNCTION_STRUCTURE|COORDINATE_OR_GEOMETRY_STRUCTURE,,SVG,NO_PROBLEM_VISUAL,REVIEW_REQUIRED,SOLUTION_SVG,NOT_STARTED,,,b66db0d4736af6d0084b1fb41658712d90d1207edc1952c4637468cf6a2568ac,NOT_STARTED,NOT_STARTED,NOT_STARTED,NOT_TESTED,PASS,canonical_and_compiled_master_match,INVENTORY_PENDING,01_scope_inventory.csv#archive/exams/original/high/h1/2mid/25_효천고_2학기_중간_고1_기출.js|25_효천고_2학기_중간_고1_기출|4,[object Object],INDEX_RECORD_PRESENT,original/high/h1/2mid/25_효천고_2학기_중간_고1_기출.js_4,1e08c7f97fe6ae138904efeb63a60094f995208381c12799293dc37018e511da,true,⑤,IN_SCOPE_FORWARD,,,CLOSED_NO_SHARED_ASSET
archive/exams/original/high/h1/2mid/25_효천고_2학기_중간_고1_기출.js|25_효천고_2학기_중간_고1_기출|6,archive/exams/original/high/h1/2mid/25_효천고_2학기_중간_고1_기출.js,25_효천고_2학기_중간_고1_기출,6,6,6,2022,공통수학2,H22-C2-03,원의 방정식,3,H22-C2-03-CIRCLE_EQUATION,원의 방정식,category_or_cue_inferred,complete_category,객관식,grid,false,객관식|원의 방정식|중심|반지름|도형,d9d36fdad75399226d29594c2cb3cbb41176006c6b402dcda31b3a810a4e3f37,bb576f3e03d9d935cabe18061e22dbf1ffd49aafec904a2f70e99820f76b8a60,b15be6cb71072b84f7e1e198ce023fc5bb8b1e625335904ddcf3cffcd8b7312b,3d652e329d3c35dd3dc7cee26f4b1d9c2be1d9384fbcaca9ba9efe0714734537,,,assets/images/25_효천고_2학기_중간_고1_기출/q06-solution.svg,90b44ec322bdde5c740457ab8e3731a9a72b230c41d3b7e2d92feb3a894bed3e,0,LOADED_VM,,NOT_STARTED,NOT_STARTED,NOT_STARTED,SOURCE_REVIEW,SOURCE_REVIEW,COORDINATE_OR_GEOMETRY_STRUCTURE|TABLE_OR_MATRIX_STRUCTURE,,SVG,NO_PROBLEM_VISUAL,REVIEW_REQUIRED,SOLUTION_SVG,NOT_STARTED,,,469f38ca68501c4621056f5299b95eed96eaf89fce52e7d53dbac61097358b95,NOT_STARTED,NOT_STARTED,NOT_STARTED,NOT_TESTED,PASS,canonical_and_compiled_master_match,INVENTORY_PENDING,01_scope_inventory.csv#archive/exams/original/high/h1/2mid/25_효천고_2학기_중간_고1_기출.js|25_효천고_2학기_중간_고1_기출|6,[object Object],INDEX_RECORD_PRESENT,original/high/h1/2mid/25_효천고_2학기_중간_고1_기출.js_6,1e08c7f97fe6ae138904efeb63a60094f995208381c12799293dc37018e511da,true,③,IN_SCOPE_FORWARD,,,CLOSED_NO_SHARED_ASSET
archive/exams/original/high/h1/2mid/25_효천고_2학기_중간_고1_기출.js|25_효천고_2학기_중간_고1_기출|11,archive/exams/original/high/h1/2mid/25_효천고_2학기_중간_고1_기출.js,25_효천고_2학기_중간_고1_기출,11,11,11,2022,공통수학2,H22-C2-03,원의 방정식,3,H22-C2-03-INTERSECTION,원과 직선·원의 관계,category_or_cue_inferred,complete_category,객관식,grid,false,객관식|원의 방정식|교점|직선과 원|위치 관계|중심|반지름|거리|도형,21d08bba3e6ebd9b993877b86497437915e722a164f73d7e71b625f1e32bc4dd,f90426403edbb0c787c4b5dc2b352d7986a7b1a3a6dea43dc426edf7395f8ba8,dfde05a3668030e99ca64d8d4ae5f6b64c7a87cee61c0ba43904b92ef210191d,de29cb008f1a839b1122e4a49e657e035500f45bab7062b93ca0c458e06f015d,,,assets/images/25_효천고_2학기_중간_고1_기출/q11-solution.svg,d05851bb0476a3a3863bf45b3e29e7a0fe2d699be1fc6b5b66d6aaebac535ed0,0,LOADED_VM,,NOT_STARTED,NOT_STARTED,NOT_STARTED,SOURCE_REVIEW,SOURCE_REVIEW,COORDINATE_OR_GEOMETRY_STRUCTURE,,SVG,NO_PROBLEM_VISUAL,REVIEW_REQUIRED,SOLUTION_SVG,NOT_STARTED,,,5077fcf4f115c73580075a6a57c327f3294cbbe0bb24e9b5d9a982831de3929a,NOT_STARTED,NOT_STARTED,NOT_STARTED,NOT_TESTED,PASS,canonical_and_compiled_master_match,INVENTORY_PENDING,01_scope_inventory.csv#archive/exams/original/high/h1/2mid/25_효천고_2학기_중간_고1_기출.js|25_효천고_2학기_중간_고1_기출|11,[object Object],INDEX_RECORD_PRESENT,original/high/h1/2mid/25_효천고_2학기_중간_고1_기출.js_11,1e08c7f97fe6ae138904efeb63a60094f995208381c12799293dc37018e511da,true,②,IN_SCOPE_FORWARD,,,CLOSED_NO_SHARED_ASSET
archive/exams/original/high/h1/2mid/25_효천고_2학기_중간_고1_기출.js|25_효천고_2학기_중간_고1_기출|22,archive/exams/original/high/h1/2mid/25_효천고_2학기_중간_고1_기출.js,25_효천고_2학기_중간_고1_기출,22,22,22,2022,공통수학2,H22-C2-03,원의 방정식,3,H22-C2-03-TANGENT,원과 접선,category_or_cue_inferred,complete_category,서술형,grid,false,서술형|원의 방정식|접선|좌표축 접원|중심|반지름|거리|도형,0d65212cf69543221ce663bdb3d1b729e6b9da06130ef5ceca4e960b6857b3ad,4f53cda18c2baa0c0354bb5f9a3ecbe5ed12ab4d8e11ba873c2f11161202b945,6dddfdaad5c0ccac28a01b10d15116848a8e199684e9b5101c7bd28283198412,4371aec6343c7c06f1b6998609a4fe31c971271a3ce10fed1f3a3d63056dcce6,,,assets/images/25_효천고_2학기_중간_고1_기출/q22-solution.svg,393fb9ca8aaa69aba39d565f3ace74aa70011125e2ce9bafb194c0507e265a27,0,LOADED_VM,,NOT_STARTED,NOT_STARTED,NOT_STARTED,SOURCE_REVIEW,SOURCE_REVIEW,COORDINATE_OR_GEOMETRY_STRUCTURE|TABLE_OR_MATRIX_STRUCTURE,,SVG,NO_PROBLEM_VISUAL,REVIEW_REQUIRED,SOLUTION_SVG,NOT_STARTED,,,e87007c5cd5ccba9747714b8a7f8d2853915f26bcb8c1d26ff17dc13c0d2303c,NOT_STARTED,NOT_STARTED,NOT_STARTED,NOT_TESTED,PASS,canonical_and_compiled_master_match,INVENTORY_PENDING,01_scope_inventory.csv#archive/exams/original/high/h1/2mid/25_효천고_2학기_중간_고1_기출.js|25_효천고_2학기_중간_고1_기출|22,[object Object],INDEX_RECORD_PRESENT,original/high/h1/2mid/25_효천고_2학기_중간_고1_기출.js_22,1e08c7f97fe6ae138904efeb63a60094f995208381c12799293dc37018e511da,true,$4\sqrt6$,IN_SCOPE_FORWARD,,,CLOSED_NO_SHARED_ASSET
