questionUid,qKey,examId,sourceJsPath,sourceOrdinal,id,displayNo,examYear,semester,examType,school,curriculumVersion,standardCourse,standardUnitKey,standardUnit,mappedUnitKey,mappedUnit,subUnitKey,subUnit,scopeReason,scopeSource,scopeStatus,contentHash,protectedCoreHash,baselineJsSha256,baselineQuestionHash,baselineSolutionHash,solutionPresent,solutionLength,solutionImageRef,solutionImageStatus,solutionImageSha256,visualRequirement,visualRequirementStatus,visualExceptionCode,builderStatus,selfCheckStatus,mathReviewStatus,educationReviewStatus,svgReviewStatus,renderReviewStatus,sourceDefectStatus,metadataDefectStatus,currentArtifactSha,finalArtifactSha
h1:original/high/h1/1mid/23_충무고_1학기_중간_고1_기출.js_17,original/high/h1/1mid/23_충무고_1학기_중간_고1_기출.js_17,original/high/h1/1mid/23_충무고_1학기_중간_고1_기출.js,original/high/h1/1mid/23_충무고_1학기_중간_고1_기출.js,17,17,17,2023,1,mid,충무고,2015,수학(상),H15-SA-09,평면좌표,H22-C2-01,평면좌표,H15-SA-09-GEOMETRY_RELATION,도형의 관계,forward_standard_key,archive/question-index.js + archive/exams/original/high/h1/**/*.js,INCLUDED,3caa04a1b2eead1b2314add7bc4b969f4bae7b87320a515dad55f0c59d801c93,5ba9630a6865d567047d9c5111ce5956ac162a8635a8ac8edda33dbb941d2952,,cb04a9a30c7ceb655edb8b2e66fddc64bf40509a58ba6a3d89eb7de2ea289dd8,1d7e2d2c37411c8ae2aafba6e4821295f819c76522872bc8df94ccbb680682ab,true,1128,,NONE,,VISUAL_REQUIRED,INITIAL_TRIAGE_ONLY,,INVENTORIED,NOT_STARTED,NOT_TESTED,NOT_TESTED,NOT_TESTED,NOT_TESTED,NOT_TESTED,NOT_TESTED,,
h1:original/high/h1/1mid/24_제일고_1학기_중간_고1_기출.js_10,original/high/h1/1mid/24_제일고_1학기_중간_고1_기출.js_10,original/high/h1/1mid/24_제일고_1학기_중간_고1_기출.js,original/high/h1/1mid/24_제일고_1학기_중간_고1_기출.js,10,10,10,2024,1,mid,제일고,2022,공통수학2,H22-C2-01,평면좌표,H22-C2-01,평면좌표,H22-C2-01-COORDINATE_METRIC,평면좌표와 거리,forward_standard_key,archive/question-index.js + archive/exams/original/high/h1/**/*.js,INCLUDED,3b6c483c444f1d424898a1bedae78c9414d83e60de833aea6ff08255bd2041da,e6596b6409c2ead64f5729f713e91f9d7a64e410e1cb27ee62f1de5ca4b84bb2,,bb73f8f3b9c1270f35d925061a58ac7407be85fcfb69fd04b30d75946262f18f,dc62c35a4b7607abbb2eb54fc27d50f1f204f6253e29f252e56cf6d8f202aa22,true,201,,NONE,,VISUAL_REQUIRED,INITIAL_TRIAGE_ONLY,,INVENTORIED,NOT_STARTED,NOT_TESTED,NOT_TESTED,NOT_TESTED,NOT_TESTED,NOT_TESTED,NOT_TESTED,,
h1:original/high/h1/1mid/24_제일고_1학기_중간_고1_기출.js_11,original/high/h1/1mid/24_제일고_1학기_중간_고1_기출.js_11,original/high/h1/1mid/24_제일고_1학기_중간_고1_기출.js,original/high/h1/1mid/24_제일고_1학기_중간_고1_기출.js,11,11,11,2024,1,mid,제일고,2022,공통수학2,H22-C2-01,평면좌표,H22-C2-01,평면좌표,H22-C2-01-COORDINATE_METRIC,평면좌표와 거리,forward_standard_key,archive/question-index.js + archive/exams/original/high/h1/**/*.js,INCLUDED,b0f46d7c5c65272e1831f36b38e43ab6c4c6379560c2ea843e03595e259d0459,a66de0f8974e2d60cbbda496e2fefa35ed4195dc82826e5dfdcb44f24654cab3,,a4961cf21ed009ac0190e40f1c20720a007b7372efab88a2b1812cee6e2e5aab,ff4965bf9554868cff16a1df130ccd1e19c9146cc8a0c62a7fe1a676b79c0e19,true,285,,NONE,,VISUAL_REQUIRED,INITIAL_TRIAGE_ONLY,,INVENTORIED,NOT_STARTED,NOT_TESTED,NOT_TESTED,NOT_TESTED,NOT_TESTED,NOT_TESTED,NOT_TESTED,,
h1:original/high/h1/1mid/24_제일고_1학기_중간_고1_기출.js_12,original/high/h1/1mid/24_제일고_1학기_중간_고1_기출.js_12,original/high/h1/1mid/24_제일고_1학기_중간_고1_기출.js,original/high/h1/1mid/24_제일고_1학기_중간_고1_기출.js,12,12,12,2024,1,mid,제일고,2022,공통수학2,H22-C2-01,평면좌표,H22-C2-01,평면좌표,H22-C2-01-COORDINATE_METRIC,평면좌표와 거리,forward_standard_key,archive/question-index.js + archive/exams/original/high/h1/**/*.js,INCLUDED,21a9c2259fc610542a20a261de103caf5826ffefb7b8eff18ff46b9bd3bf227b,13d7adaf9da789b78f6cdc258c79f06db9c1a8ccb3c393dbadb86401e0ba379c,,ab4a37b5e72268d3845d15a9b3b15849049c54486418b46e56b2ab71bb4eb6a2,3fda6e4f5b0f215a78417909ebfa115501a78af3f83d786f1bd936e6c4a6e202,true,223,assets/images/24_제일고_1학기_중간_고1_기출/q12-solution.svg,EXISTS,f041bf529b22576d32d7b3d702ec118809ce563e42a488e3c6c0eda6a0cc6eba,VISUAL_REQUIRED,INITIAL_TRIAGE_ONLY,,INVENTORIED,NOT_STARTED,NOT_TESTED,NOT_TESTED,NOT_TESTED,NOT_TESTED,NOT_TESTED,NOT_TESTED,,
h1:original/high/h1/1mid/24_제일고_1학기_중간_고1_기출.js_13,original/high/h1/1mid/24_제일고_1학기_중간_고1_기출.js_13,original/high/h1/1mid/24_제일고_1학기_중간_고1_기출.js,original/high/h1/1mid/24_제일고_1학기_중간_고1_기출.js,13,13,13,2024,1,mid,제일고,2022,공통수학2,H22-C2-01,평면좌표,H22-C2-01,평면좌표,H22-C2-01-COORDINATE_METRIC,평면좌표와 거리,forward_standard_key,archive/question-index.js + archive/exams/original/high/h1/**/*.js,INCLUDED,32e63ade4b65ea0dfcb47d784bee4fd148035258f70f80b5227fd8267cc267a8,9d84cdb305a3f868b1e07e1b25a51498b8318c01e520a8ab201f087d719c1731,,e179a64f911a0735ab9e3ab6cb5e906206afd626c4f11cd61e0da66c4751b965,9ed9e1a8954de46c401abcee660cf0a7d7d17af6c1e5e04d546c3cbc08a496a2,true,191,,NONE,,VISUAL_REQUIRED,INITIAL_TRIAGE_ONLY,,INVENTORIED,NOT_STARTED,NOT_TESTED,NOT_TESTED,NOT_TESTED,NOT_TESTED,NOT_TESTED,NOT_TESTED,,
h1:original/high/h1/1mid/24_제일고_1학기_중간_고1_기출.js_14,original/high/h1/1mid/24_제일고_1학기_중간_고1_기출.js_14,original/high/h1/1mid/24_제일고_1학기_중간_고1_기출.js,original/high/h1/1mid/24_제일고_1학기_중간_고1_기출.js,14,14,14,2024,1,mid,제일고,2022,공통수학2,H22-C2-02,직선의 방정식,H22-C2-02,직선의 방정식,H22-C2-02-RELATION,두 직선의 관계,forward_standard_key,archive/question-index.js + archive/exams/original/high/h1/**/*.js,INCLUDED,d4c1a533a7126e211430a198f4abf9f9660801779790fcd33d91ced6c74a5c67,40e97557bfeb18ed9a49b19702093dfd398c9c7f0a634bc6d02710b763825263,,b9a228fe5bbc0ca1fe3456f2da6d0a26fcb911de6269ec3c867741374620416c,ef76407f97d0735d101571db25cc1d26d12ba98b5476ff92bfa70125b451bdd7,true,300,assets/images/24_제일고_1학기_중간_고1_기출/q14-solution.svg,EXISTS,912a19c08beeb31948b56db8f0464ac074f438ae7f4d784efe902452a8441a7e,VISUAL_REQUIRED,INITIAL_TRIAGE_ONLY,,INVENTORIED,NOT_STARTED,NOT_TESTED,NOT_TESTED,NOT_TESTED,NOT_TESTED,NOT_TESTED,NOT_TESTED,,
h1:original/high/h1/1mid/24_제일고_1학기_중간_고1_기출.js_15,original/high/h1/1mid/24_제일고_1학기_중간_고1_기출.js_15,original/high/h1/1mid/24_제일고_1학기_중간_고1_기출.js,original/high/h1/1mid/24_제일고_1학기_중간_고1_기출.js,15,15,15,2024,1,mid,제일고,2022,공통수학2,H22-C2-02,직선의 방정식,H22-C2-02,직선의 방정식,H22-C2-02-RELATION,두 직선의 관계,forward_standard_key,archive/question-index.js + archive/exams/original/high/h1/**/*.js,INCLUDED,faf9ab324029d009f203eebcdc06b5f0b9a6eaa55cda53c479762769e6f6f2dc,c4f4932e15e43901c468c59dbc65fb7300c3e9734053174d7e63f23c165e039f,,602ab3dc207598babfcaf85c8b5dcc73ce84f6ed7ae678368a04a903fc845e2c,569a22f30596952d90ab745cb2c4c6f0574e9babeafbacc95ae78276da67fed4,true,301,assets/images/24_제일고_1학기_중간_고1_기출/q15-solution.svg,EXISTS,b0ef571a06aeac2fb7238111aea452cf0b8f208f08af916f94fff1351e792dfa,VISUAL_REQUIRED,INITIAL_TRIAGE_ONLY,,INVENTORIED,NOT_STARTED,NOT_TESTED,NOT_TESTED,NOT_TESTED,NOT_TESTED,NOT_TESTED,NOT_TESTED,,
h1:original/high/h1/1mid/24_제일고_1학기_중간_고1_기출.js_16,original/high/h1/1mid/24_제일고_1학기_중간_고1_기출.js_16,original/high/h1/1mid/24_제일고_1학기_중간_고1_기출.js,original/high/h1/1mid/24_제일고_1학기_중간_고1_기출.js,16,16,16,2024,1,mid,제일고,2022,공통수학2,H22-C2-02,직선의 방정식,H22-C2-02,직선의 방정식,H22-C2-02-LINE_EQUATION,직선의 방정식,forward_standard_key,archive/question-index.js + archive/exams/original/high/h1/**/*.js,INCLUDED,ad1fe369385940be188624b8892efb3ce7c414b3dded9277b23c99f2006014b0,59768bcd50ebd6e97dacb7289d4666f053f4c514bafc9645ec3e60e9dea7ef13,,d948c807d3fdca89bff4f8d054903d4dd0d92e9ebc32379a909f415090cc1350,6714f8090ce46c1aff7353e045b076c0494982b446c620acc037012cf8c46a96,true,419,assets/images/24_제일고_1학기_중간_고1_기출/q16-solution.svg,EXISTS,8375e08d1831f73019a24ba3ab33eeb80870293e06bfd1dad729f93f590eb7a2,VISUAL_REQUIRED,INITIAL_TRIAGE_ONLY,,INVENTORIED,NOT_STARTED,NOT_TESTED,NOT_TESTED,NOT_TESTED,NOT_TESTED,NOT_TESTED,NOT_TESTED,,
h1:original/high/h1/1mid/24_제일고_1학기_중간_고1_기출.js_17,original/high/h1/1mid/24_제일고_1학기_중간_고1_기출.js_17,original/high/h1/1mid/24_제일고_1학기_중간_고1_기출.js,original/high/h1/1mid/24_제일고_1학기_중간_고1_기출.js,17,17,17,2024,1,mid,제일고,2022,공통수학2,H22-C2-02,직선의 방정식,H22-C2-02,직선의 방정식,H22-C2-02-LINE_EQUATION,직선의 방정식,forward_standard_key,archive/question-index.js + archive/exams/original/high/h1/**/*.js,INCLUDED,7f364a203a3220bb1306aea06c91a6416fe805e451ad5de05641de21614dc77a,51b092fb272b0b612e957d8d21a898f3a61d5bc01d5c8e0ac5e9ed3cdb74c76b,,96dc1a8ab46e35252cee745052f7ca627fbe2796dcc72ef1fc40fcb7588eef6b,ab1c539b2b9e944e82ee7425ad609c95024297bf9cd745342b96b2fe44bce5ab,true,312,assets/images/24_제일고_1학기_중간_고1_기출/q17-solution.svg,EXISTS,17ab54fe6e56e648a359cda7ecd4d7af81d9ba63edd31c060f2511acf8230cb6,REVIEW_REQUIRED,INITIAL_TRIAGE_ONLY,,INVENTORIED,NOT_STARTED,NOT_TESTED,NOT_TESTED,NOT_TESTED,NOT_TESTED,NOT_TESTED,NOT_TESTED,,
h1:original/high/h1/1mid/24_제일고_1학기_중간_고1_기출.js_18,original/high/h1/1mid/24_제일고_1학기_중간_고1_기출.js_18,original/high/h1/1mid/24_제일고_1학기_중간_고1_기출.js,original/high/h1/1mid/24_제일고_1학기_중간_고1_기출.js,18,18,18,2024,1,mid,제일고,2022,공통수학2,H22-C2-01,평면좌표,H22-C2-01,평면좌표,H22-C2-01-COORDINATE_METRIC,평면좌표와 거리,forward_standard_key,archive/question-index.js + archive/exams/original/high/h1/**/*.js,INCLUDED,595f04adfd0f85fe343b560f287d6142c39deb434273827d11202b7ac4d3f40b,71c0775ad76c259d481e34e4d08d957830c57b5dcf250c1a09378031f717ef7f,,a639da513e93d753141eccf03e1a757a3707c4a696abff66ba4d1eaaa094797a,0f0869880029848ac0399ada2cd4ac1767dea7e6bd1af5a920ff0aade6c5f6e3,true,325,assets/images/24_제일고_1학기_중간_고1_기출/q18-solution.svg,EXISTS,d69eba08c6f5c1b603977b4654e6301dddfdab828d01f92f4590df9d3454dd6e,VISUAL_REQUIRED,INITIAL_TRIAGE_ONLY,,INVENTORIED,NOT_STARTED,NOT_TESTED,NOT_TESTED,NOT_TESTED,NOT_TESTED,NOT_TESTED,NOT_TESTED,,
h1:original/high/h1/1mid/24_제일고_1학기_중간_고1_기출.js_20,original/high/h1/1mid/24_제일고_1학기_중간_고1_기출.js_20,original/high/h1/1mid/24_제일고_1학기_중간_고1_기출.js,original/high/h1/1mid/24_제일고_1학기_중간_고1_기출.js,20,20,20,2024,1,mid,제일고,2022,공통수학2,H22-C2-02,직선의 방정식,H22-C2-02,직선의 방정식,H22-C2-02-LINE_EQUATION,직선의 방정식,forward_standard_key,archive/question-index.js + archive/exams/original/high/h1/**/*.js,INCLUDED,8e2e92bbcb9f717f3d5265c95364ed8dfe998e9dbb87441a47cdc3c0afeec680,fd691d0d84101b6252f47d0b1fd240768f8e26b13711d317cb7eed388a484e42,,9f86c792bf9186f29b42bca53a90db7563cc170a1ebf6412d3aeaf345ac01852,ddfa51905ea6e389a5aa088a7fee192fcb0868a6cbbdfc10fd412ff36b639f70,true,757,assets/images/24_제일고_1학기_중간_고1_기출/q20-solution.svg,EXISTS,1644aa0e331c15c0a1c3a3b665009ed5b3df128f9b880c2980c562822f81cdd1,REVIEW_REQUIRED,INITIAL_TRIAGE_ONLY,,INVENTORIED,NOT_STARTED,NOT_TESTED,NOT_TESTED,NOT_TESTED,NOT_TESTED,NOT_TESTED,NOT_TESTED,,
h1:original/high/h1/1mid/24_제일고_1학기_중간_고1_기출.js_21,original/high/h1/1mid/24_제일고_1학기_중간_고1_기출.js_21,original/high/h1/1mid/24_제일고_1학기_중간_고1_기출.js,original/high/h1/1mid/24_제일고_1학기_중간_고1_기출.js,21,21,21,2024,1,mid,제일고,2022,공통수학2,H22-C2-02,직선의 방정식,H22-C2-02,직선의 방정식,H22-C2-02-LINE_EQUATION,직선의 방정식,forward_standard_key,archive/question-index.js + archive/exams/original/high/h1/**/*.js,INCLUDED,40a206c2f8003e0999238ca7f6155c76c558947f17f60ae5d03da96430e54562,ca8505847bd460ee88c9e6841664cf03ed8ca8881dac723cf6b49e7c069cc752,,68f5e8adc314c0eac743b224eec0215dd90d55e709aa63e312ebcac57b063a99,e7dfc00ba59f50d6f4176ff96fd8ab90e64165e7fa80ecaaa7df383bd93ff7d8,true,422,assets/images/24_제일고_1학기_중간_고1_기출/q21-solution.svg,EXISTS,37b7dffeb9293d3713eab45d2649583fcfd1aef220688c3bc2791dc5f2e647f3,VISUAL_REQUIRED,INITIAL_TRIAGE_ONLY,,INVENTORIED,NOT_STARTED,NOT_TESTED,NOT_TESTED,NOT_TESTED,NOT_TESTED,NOT_TESTED,NOT_TESTED,,
h1:original/high/h1/1final/22_금당고_1학기_기말_고1_기출.js_1,original/high/h1/1final/22_금당고_1학기_기말_고1_기출.js_1,original/high/h1/1final/22_금당고_1학기_기말_고1_기출.js,original/high/h1/1final/22_금당고_1학기_기말_고1_기출.js,1,1,1,2022,1,final,금당고,2015,수학(상),H15-SA-12,도형의 이동,H22-C2-04,도형의 이동,H15-SA-12-COMPOSITE_TRANSFORMATION,합성 변환,forward_standard_key,archive/question-index.js + archive/exams/original/high/h1/**/*.js,INCLUDED,d5739fa8a27953cdebf06e8eb0216a847d249ee0fd3bb02ec541d3fd85d0622d,76202884c4cd1f8757ca48460b33108a2739cc497aa19fd985ec715de6106765,,23ed79aa54b0e62c7a5dd617c61348c698caf338d097e114e327cd116e8f7433,c12281fa394c012070d169c4c80c651a44966898ee76446996477148ea19ce6e,true,206,,NONE,,VISUAL_REQUIRED,INITIAL_TRIAGE_ONLY,,INVENTORIED,NOT_STARTED,NOT_TESTED,NOT_TESTED,NOT_TESTED,NOT_TESTED,NOT_TESTED,NOT_TESTED,,
h1:original/high/h1/1final/22_금당고_1학기_기말_고1_기출.js_3,original/high/h1/1final/22_금당고_1학기_기말_고1_기출.js_3,original/high/h1/1final/22_금당고_1학기_기말_고1_기출.js,original/high/h1/1final/22_금당고_1학기_기말_고1_기출.js,3,3,3,2022,1,final,금당고,2015,수학(상),H15-SA-09,평면좌표,H22-C2-01,평면좌표,H15-SA-09-TRIANGLE_CENTROID_AREA,삼각형의 좌표와 무게중심,forward_standard_key,archive/question-index.js + archive/exams/original/high/h1/**/*.js,INCLUDED,c199252672b67774c5696e8aced5f025f6697f26d3e4a3b6753bcd6a0082d86d,00ca70176f96355ff1a3929c7654f5076afa31c68512e3ee16d3deb8939bc2d0,,57d980eebe3bcf8446def28a0bcbd9f2d333fb302901e321bdb03a7477a71ad6,f523a1416c03966f54656a367e8c6adb4a6f927272c990145bff4ec3783b679d,true,272,,NONE,,VISUAL_REQUIRED,INITIAL_TRIAGE_ONLY,,INVENTORIED,NOT_STARTED,NOT_TESTED,NOT_TESTED,NOT_TESTED,NOT_TESTED,NOT_TESTED,NOT_TESTED,,
h1:original/high/h1/1final/22_금당고_1학기_기말_고1_기출.js_4,original/high/h1/1final/22_금당고_1학기_기말_고1_기출.js_4,original/high/h1/1final/22_금당고_1학기_기말_고1_기출.js,original/high/h1/1final/22_금당고_1학기_기말_고1_기출.js,4,4,4,2022,1,final,금당고,2015,수학(상),H15-SA-10,직선의 방정식,H22-C2-02,직선의 방정식,H15-SA-10-DISTANCE_ANGLE,직선 사이의 거리와 각,forward_standard_key,archive/question-index.js + archive/exams/original/high/h1/**/*.js,INCLUDED,b0df33fbd3f03ca91ae333b982aaa7a1c6f9e53c1479c6ecb7aa4036a83df152,be63925920119456c7dd5d9be90066c320d5080440da47b563f1f9ac0facd8fc,,4c64345829e9a1a771668c93f6200907b79833307b1c814add4d14f6c1d87506,dd8084db89233bd09795d4666d6870ca8ca64aa15edc02bf732f74258b4c1c22,true,275,,NONE,,VISUAL_REQUIRED,INITIAL_TRIAGE_ONLY,,INVENTORIED,NOT_STARTED,NOT_TESTED,NOT_TESTED,NOT_TESTED,NOT_TESTED,NOT_TESTED,NOT_TESTED,,
h1:original/high/h1/1final/22_금당고_1학기_기말_고1_기출.js_6,original/high/h1/1final/22_금당고_1학기_기말_고1_기출.js_6,original/high/h1/1final/22_금당고_1학기_기말_고1_기출.js,original/high/h1/1final/22_금당고_1학기_기말_고1_기출.js,6,6,6,2022,1,final,금당고,2015,수학(상),H15-SA-11,원의 방정식,H22-C2-03,원의 방정식,H15-SA-11-TANGENT,원과 접선,forward_standard_key,archive/question-index.js + archive/exams/original/high/h1/**/*.js,INCLUDED,44fc1e4b5fb532df509d2d2d293473be963b4dea7ca28ed6e10f3dab9d2dd96f,fb6241aebcc35958b676d6d20974bae07a81f8d19c3551eef517ca9defa666c8,,b4a934fee40ea675e2f07c52f847c61ad42faf816e93cc07103873d44b99416d,ffea696a04e0e2b5c75350333c806039be6a32aade5e26993e15b515d2a6b384,true,373,assets/images/22_금당고_1학기_기말_고1_기출/q06-solution.svg,EXISTS,13ddd7999b84769216d84d405462c6aaeb8251b57148fff0fca74123e0c7cc4f,VISUAL_REQUIRED,INITIAL_TRIAGE_ONLY,,INVENTORIED,NOT_STARTED,NOT_TESTED,NOT_TESTED,NOT_TESTED,NOT_TESTED,NOT_TESTED,NOT_TESTED,,
h1:original/high/h1/1final/22_금당고_1학기_기말_고1_기출.js_7,original/high/h1/1final/22_금당고_1학기_기말_고1_기출.js_7,original/high/h1/1final/22_금당고_1학기_기말_고1_기출.js,original/high/h1/1final/22_금당고_1학기_기말_고1_기출.js,7,7,7,2022,1,final,금당고,2015,수학(상),H15-SA-12,도형의 이동,H22-C2-04,도형의 이동,H15-SA-12-COMPOSITE_TRANSFORMATION,합성 변환,forward_standard_key,archive/question-index.js + archive/exams/original/high/h1/**/*.js,INCLUDED,7945bbaf0bc1d75a18d053c693731a2d0ff5b98e9f65c60471472055c5e3b5ea,803fccc1f95f6439167fb3cac4cb77ad1a5101a51352ce61faddb7e0bd6aacba,,7be81b2dd1903f9d95f11da0c6a4705e17a7e4b5c50466e262b005309237888e,d5a895cfc7b2a21d697f65ddb89b98908de0d0c090c7335412aaa4d235f62b1c,true,342,,NONE,,VISUAL_REQUIRED,INITIAL_TRIAGE_ONLY,,INVENTORIED,NOT_STARTED,NOT_TESTED,NOT_TESTED,NOT_TESTED,NOT_TESTED,NOT_TESTED,NOT_TESTED,,
h1:original/high/h1/1final/22_금당고_1학기_기말_고1_기출.js_8,original/high/h1/1final/22_금당고_1학기_기말_고1_기출.js_8,original/high/h1/1final/22_금당고_1학기_기말_고1_기출.js,original/high/h1/1final/22_금당고_1학기_기말_고1_기출.js,8,8,8,2022,1,final,금당고,2015,수학(상),H15-SA-09,평면좌표,H22-C2-01,평면좌표,H15-SA-09-COORDINATE_METRIC,좌표와 거리,forward_standard_key,archive/question-index.js + archive/exams/original/high/h1/**/*.js,INCLUDED,38a01eda10ed26ed456d39c3998d1f1654e698c5d0d0f763ce103d45bd3b07d0,04225b88d71b656cf208a5e75a7545892e52451a3d1b0389ea4f6f7a729b46a2,,92cc0af0ee78dce20d5930c546231c27632d59654695e9fc7be6d140b6dd6e25,084e473487d36953294d61510c99b44654084a5b3da85095b68bb86bbb0aaf28,true,385,,NONE,,REVIEW_REQUIRED,INITIAL_TRIAGE_ONLY,,INVENTORIED,NOT_STARTED,NOT_TESTED,NOT_TESTED,NOT_TESTED,NOT_TESTED,NOT_TESTED,NOT_TESTED,,
h1:original/high/h1/1final/22_금당고_1학기_기말_고1_기출.js_9,original/high/h1/1final/22_금당고_1학기_기말_고1_기출.js_9,original/high/h1/1final/22_금당고_1학기_기말_고1_기출.js,original/high/h1/1final/22_금당고_1학기_기말_고1_기출.js,9,9,9,2022,1,final,금당고,2015,수학(상),H15-SA-09,평면좌표,H22-C2-01,평면좌표,H15-SA-09-TRIANGLE_CENTROID_AREA,삼각형의 좌표와 무게중심,forward_standard_key,archive/question-index.js + archive/exams/original/high/h1/**/*.js,INCLUDED,ef58132aca0d3837cdd12f20be887f95346d38172a25fdfb3ae52b0b05c62f38,8402ae823a6906f81b35d51a622d768b583774cc9cb1dfea91608cbb5fa36b73,,5d20f7244c9b27eab49fdeb841a6da5e400d36b19724d7cd07ba80afa4e32268,27b5b0dc96cedfa6fdc6113384c2a5680980bbc652cb00a768d520ef98c92ee8,true,392,assets/images/22_금당고_1학기_기말_고1_기출/q09-solution.svg,EXISTS,5596ada73bbcc5b88dd5c4d01faa23766552118d3868e246caed4a271e57861b,VISUAL_REQUIRED,INITIAL_TRIAGE_ONLY,,INVENTORIED,NOT_STARTED,NOT_TESTED,NOT_TESTED,NOT_TESTED,NOT_TESTED,NOT_TESTED,NOT_TESTED,,
h1:original/high/h1/1final/22_금당고_1학기_기말_고1_기출.js_10,original/high/h1/1final/22_금당고_1학기_기말_고1_기출.js_10,original/high/h1/1final/22_금당고_1학기_기말_고1_기출.js,original/high/h1/1final/22_금당고_1학기_기말_고1_기출.js,10,10,10,2022,1,final,금당고,2015,수학(상),H15-SA-09,평면좌표,H22-C2-01,평면좌표,H15-SA-09-COORDINATE_METRIC,좌표와 거리,forward_standard_key,archive/question-index.js + archive/exams/original/high/h1/**/*.js,INCLUDED,5d7203842af2234003959d5495c9080e176c90c591a7599fd0a0217f9d4c6128,f94b3840f47c63f7e55a18d532ad8e7322cf5146306f95c91b35cac30f489432,,7a359436e7ef3a2226abd4da38425613746d56d96dedebbc4bac551b0f048305,ce94a653943f42191925d6c0d63ed771ef81d344d48dba309c417e108136d4e1,true,438,,NONE,,REVIEW_REQUIRED,INITIAL_TRIAGE_ONLY,,INVENTORIED,NOT_STARTED,NOT_TESTED,NOT_TESTED,NOT_TESTED,NOT_TESTED,NOT_TESTED,NOT_TESTED,,
h1:original/high/h1/1final/22_금당고_1학기_기말_고1_기출.js_11,original/high/h1/1final/22_금당고_1학기_기말_고1_기출.js_11,original/high/h1/1final/22_금당고_1학기_기말_고1_기출.js,original/high/h1/1final/22_금당고_1학기_기말_고1_기출.js,11,11,11,2022,1,final,금당고,2015,수학(상),H15-SA-11,원의 방정식,H22-C2-03,원의 방정식,H15-SA-11-INTERSECTION,원과 직선·원의 교점,forward_standard_key,archive/question-index.js + archive/exams/original/high/h1/**/*.js,INCLUDED,26e44ec591394a66326e960e6c3f90d6e1f2e43f4791b55eef0dd009f2340e3e,954d512661a20d9857c625ce9c68706cc13a645dc71a6f9e0bb349bcead7c859,,ced446598440e67dde5ab42ecde8f29a1816ea49874b44ae1d11ad48151eb35f,eb77841771fef509695d684bac7142e4f7bb83dac67652d0c297ed5263e44e2c,true,546,assets/images/22_금당고_1학기_기말_고1_기출/q11-solution.svg,EXISTS,66e884eb2fa75fea5f248244984cce6ff5fad703fa24e92c7e7647f15ccc436f,VISUAL_REQUIRED,INITIAL_TRIAGE_ONLY,,INVENTORIED,NOT_STARTED,NOT_TESTED,NOT_TESTED,NOT_TESTED,NOT_TESTED,NOT_TESTED,NOT_TESTED,,
h1:original/high/h1/1final/22_금당고_1학기_기말_고1_기출.js_12,original/high/h1/1final/22_금당고_1학기_기말_고1_기출.js_12,original/high/h1/1final/22_금당고_1학기_기말_고1_기출.js,original/high/h1/1final/22_금당고_1학기_기말_고1_기출.js,12,12,12,2022,1,final,금당고,2015,수학(상),H15-SA-11,원의 방정식,H22-C2-03,원의 방정식,H15-SA-11-CIRCLE_EQUATION,원의 방정식,forward_standard_key,archive/question-index.js + archive/exams/original/high/h1/**/*.js,INCLUDED,a8a4da3b296a8ec719fe9c0a9abc68d82ee68d5c5dc23913cc95718aef6556d1,f222609df1d833258a3e597b812494caa5939ff00b9eeb9e6f9d9958c10d77e5,,454a0851ef2b2c72526dadd98d0bfa50654ac35c29a4fff9d3c06c3dfdb7351a,437af82f014c8cdb03a88c602aac0f6b47700c2d45cef0bb0f473478a3a29cac,true,595,assets/images/22_금당고_1학기_기말_고1_기출/q12-solution.svg,EXISTS,024daddd840a23e9215aee23d651daf373c03be63ee6e4a8c4477e18ca9ca5f9,VISUAL_REQUIRED,INITIAL_TRIAGE_ONLY,,INVENTORIED,NOT_STARTED,NOT_TESTED,NOT_TESTED,NOT_TESTED,NOT_TESTED,NOT_TESTED,NOT_TESTED,,
h1:original/high/h1/1final/22_금당고_1학기_기말_고1_기출.js_13,original/high/h1/1final/22_금당고_1학기_기말_고1_기출.js_13,original/high/h1/1final/22_금당고_1학기_기말_고1_기출.js,original/high/h1/1final/22_금당고_1학기_기말_고1_기출.js,13,13,13,2022,1,final,금당고,2015,수학(상),H15-SA-10,직선의 방정식,H22-C2-02,직선의 방정식,H15-SA-10-LINE_EQUATION,직선의 방정식,forward_standard_key,archive/question-index.js + archive/exams/original/high/h1/**/*.js,INCLUDED,56f201c48364a16cf0342fc9a56b98249caff76115ab416fac8f4a2ee0f01e25,eaebac7ead4212709773010b2593a83dba830d94cec97018b75d2164ce528282,,fff7eae19ff15370938649f859ffbc73d14bf1287fa7800b33fa9dcc59614a7f,dbf620515465e9cc2375ba3db02e09199013b1abfc23d3753c4b4c5a19e75dd5,true,664,assets/images/22_금당고_1학기_기말_고1_기출/q13-solution.svg,EXISTS,a8025473abbcbc23ee68d06c5d97332a596531986c409f3b799e83b0a6830dc2,VISUAL_REQUIRED,INITIAL_TRIAGE_ONLY,,INVENTORIED,NOT_STARTED,NOT_TESTED,NOT_TESTED,NOT_TESTED,NOT_TESTED,NOT_TESTED,NOT_TESTED,,
h1:original/high/h1/1final/22_금당고_1학기_기말_고1_기출.js_14,original/high/h1/1final/22_금당고_1학기_기말_고1_기출.js_14,original/high/h1/1final/22_금당고_1학기_기말_고1_기출.js,original/high/h1/1final/22_금당고_1학기_기말_고1_기출.js,14,14,14,2022,1,final,금당고,2015,수학(상),H15-SA-12,도형의 이동,H22-C2-04,도형의 이동,H15-SA-12-COMPOSITE_TRANSFORMATION,합성 변환,forward_standard_key,archive/question-index.js + archive/exams/original/high/h1/**/*.js,INCLUDED,f67fafa8d04e2d9612b5fdf5d8d947104f11cf1ac1ec461dc2caa2ada1cff19b,12f14de3f3f59a003d6153f91f4f5e7ef861b2d57fed4d7c0fab0f371cd77e45,,806b95aa20007cd7f9c775bb137c12783d5a1910c2e6952bdf8c3f5e9f9edac8,e32cf1885f79c8a810ecaf3b62b34fb85842c357e9460786cd31f626d113d445,true,557,assets/images/22_금당고_1학기_기말_고1_기출/q14-solution.svg,EXISTS,6dc7a1eb1bcf4a005a3359f74ea1a56f4b75d31ea68ecbc994b628770c1fe539,VISUAL_REQUIRED,INITIAL_TRIAGE_ONLY,,INVENTORIED,NOT_STARTED,NOT_TESTED,NOT_TESTED,NOT_TESTED,NOT_TESTED,NOT_TESTED,NOT_TESTED,,
h1:original/high/h1/1final/22_금당고_1학기_기말_고1_기출.js_16,original/high/h1/1final/22_금당고_1학기_기말_고1_기출.js_16,original/high/h1/1final/22_금당고_1학기_기말_고1_기출.js,original/high/h1/1final/22_금당고_1학기_기말_고1_기출.js,16,16,16,2022,1,final,금당고,2015,수학(상),H15-SA-12,도형의 이동,H22-C2-04,도형의 이동,H15-SA-12-COMPOSITE_TRANSFORMATION,합성 변환,forward_standard_key,archive/question-index.js + archive/exams/original/high/h1/**/*.js,INCLUDED,a662a5f1489f3db0a9946d3eb2243dc8de1fe54d8861c165a0fe4305db822bd7,f68463b5fd0b2799fe9a0192be68ec11ea9fd0006d3f2102fa7d007d48d1dfeb,,fca53b22f72f3fb50b0fdfb6a066c7ba3a0f40caf55dab120ae56336052df9ac,e952be218e596710e66e899a231999d3fc0b84448daa2b8aefc2657f9cc043c7,true,887,assets/images/22_금당고_1학기_기말_고1_기출/q16-solution.svg,EXISTS,008a97feb6c7285d248462d7f9562960df330faa224e734da8cb771530c5222d,VISUAL_REQUIRED,INITIAL_TRIAGE_ONLY,,INVENTORIED,NOT_STARTED,NOT_TESTED,NOT_TESTED,NOT_TESTED,NOT_TESTED,NOT_TESTED,NOT_TESTED,,
h1:original/high/h1/1final/22_금당고_1학기_기말_고1_기출.js_19,original/high/h1/1final/22_금당고_1학기_기말_고1_기출.js_19,original/high/h1/1final/22_금당고_1학기_기말_고1_기출.js,original/high/h1/1final/22_금당고_1학기_기말_고1_기출.js,19,19,19,2022,1,final,금당고,2015,수학(상),H15-SA-10,직선의 방정식,H22-C2-02,직선의 방정식,H15-SA-10-EQUATION_BASIC,방정식의 풀이,forward_standard_key,archive/question-index.js + archive/exams/original/high/h1/**/*.js,INCLUDED,1b10ffbaf47241b504a06f41f95ed8a2d3f2fb01b2b7bceb7da3b702c9c22b86,13e1f7a758f5fc3aa7213faae83fb8ba2052e0f8f1962e0f075cf0f77940beef,,9dfdc74649d6cb3ec171441cff2f885b1ec0d4073c11ac9a38f0babe1b3658cb,a6a5009599ae775415f5789ac6b0756657995ac36371e20917cbb1ce70673bde,true,974,assets/images/22_금당고_1학기_기말_고1_기출/q19-solution.svg,EXISTS,8d989b42ebfb08392f228f0f075c378782e67b894bc8c45bb029f3ed4d5f9967,REVIEW_REQUIRED,INITIAL_TRIAGE_ONLY,,INVENTORIED,NOT_STARTED,NOT_TESTED,NOT_TESTED,NOT_TESTED,NOT_TESTED,NOT_TESTED,NOT_TESTED,,
h1:original/high/h1/1final/22_금당고_1학기_기말_고1_기출.js_20,original/high/h1/1final/22_금당고_1학기_기말_고1_기출.js_20,original/high/h1/1final/22_금당고_1학기_기말_고1_기출.js,original/high/h1/1final/22_금당고_1학기_기말_고1_기출.js,20,20,20,2022,1,final,금당고,2015,수학(상),H15-SA-10,직선의 방정식,H22-C2-02,직선의 방정식,H15-SA-10-LINE_EQUATION,직선의 방정식,forward_standard_key,archive/question-index.js + archive/exams/original/high/h1/**/*.js,INCLUDED,00bb13b8dd806c66a472c592d52e8961a01cbd174cee7560e420c3f6d4d806ca,bb69b697cbc1c6d48428df04ca3257ffd41909eba09bec0b4dc1c264bebc1907,,3898627532f6e420826230696ffc5498357ef4c5885dd731414e832876a1bfad,fa45e9d762cc7b2529fc641504e5191d9765d8af3f61f99753c3001657c8c4ce,true,1033,assets/images/22_금당고_1학기_기말_고1_기출/q20-solution.svg,EXISTS,8324bc5a033bab87b277a30be70eced54b9c36b828e06378964db70cd9159e3b,VISUAL_REQUIRED,INITIAL_TRIAGE_ONLY,,INVENTORIED,NOT_STARTED,NOT_TESTED,NOT_TESTED,NOT_TESTED,NOT_TESTED,NOT_TESTED,NOT_TESTED,,
h1:original/high/h1/1final/22_금당고_1학기_기말_고1_기출.js_21,original/high/h1/1final/22_금당고_1학기_기말_고1_기출.js_21,original/high/h1/1final/22_금당고_1학기_기말_고1_기출.js,original/high/h1/1final/22_금당고_1학기_기말_고1_기출.js,21,21,21,2022,1,final,금당고,2015,수학(상),H15-SA-11,원의 방정식,H22-C2-03,원의 방정식,H15-SA-11-TANGENT,원과 접선,forward_standard_key,archive/question-index.js + archive/exams/original/high/h1/**/*.js,INCLUDED,f9cb6ce6f2dabe95106d98fc882f4d1deaaaf8e5b48d68caf1da2629ed6e17f0,e0c85636f90d81655d0ed0342f3c7b7e87745ceeab5844811fee7b5d1b2569ab,,5af16bc3f4e9220add922ebb9c89249aa13ee732989f92a38170c248e4cc931f,f0f953b9c1743e689a62e0cc323d5109d66bc68cd225a5084eacc257849aec06,true,1016,assets/images/22_금당고_1학기_기말_고1_기출/q21-solution.svg,EXISTS,bac06d1a56080aeea72d333cb1816e2c826cc1aa809fd1baa41934a0e0ef3c75,VISUAL_REQUIRED,INITIAL_TRIAGE_ONLY,,INVENTORIED,NOT_STARTED,NOT_TESTED,NOT_TESTED,NOT_TESTED,NOT_TESTED,NOT_TESTED,NOT_TESTED,,
h1:original/high/h1/1final/22_매산고_1학기_기말_고1_기출.js_2,original/high/h1/1final/22_매산고_1학기_기말_고1_기출.js_2,original/high/h1/1final/22_매산고_1학기_기말_고1_기출.js,original/high/h1/1final/22_매산고_1학기_기말_고1_기출.js,2,2,2,2022,1,final,매산고,2015,수학(상),H15-SA-12,도형의 이동,H22-C2-04,도형의 이동,H15-SA-12-COMPOSITE_TRANSFORMATION,합성 변환,forward_standard_key,archive/question-index.js + archive/exams/original/high/h1/**/*.js,INCLUDED,3c3cbfffe7727d4919dde3c83b6548b5b86988c674a48d63b020bd45cbd7ad5d,e0e74cf1834b90e7f2549088ba9ca14765e2ab5329321e73562f4b7fa71937b2,,4fa614d1d9c7763d9adedfdeab0d2713a365e587e2b8fa994f1317c361d5de1b,25d3db66c600561f5a0362a47901f19a8d94d18a6a4eacf7bd912a35cd5dd375,true,394,,NONE,,VISUAL_REQUIRED,INITIAL_TRIAGE_ONLY,,INVENTORIED,NOT_STARTED,NOT_TESTED,NOT_TESTED,NOT_TESTED,NOT_TESTED,NOT_TESTED,NOT_TESTED,,
h1:original/high/h1/1final/22_매산고_1학기_기말_고1_기출.js_4,original/high/h1/1final/22_매산고_1학기_기말_고1_기출.js_4,original/high/h1/1final/22_매산고_1학기_기말_고1_기출.js,original/high/h1/1final/22_매산고_1학기_기말_고1_기출.js,4,4,4,2022,1,final,매산고,2015,수학(상),H15-SA-09,평면좌표,H22-C2-01,평면좌표,H15-SA-09-TRIANGLE_CENTROID_AREA,삼각형의 좌표와 무게중심,forward_standard_key,archive/question-index.js + archive/exams/original/high/h1/**/*.js,INCLUDED,cd80a133362328366ab87c0294b6e132605cd556f31dc6647801c51f1a744bf4,2c744c1e6fa439bd5c3121234f81510da90e840649f76b3fe2d1624739894ddc,,a72e08e0e81b72db982a750fd6dfb007d2c0f4e562b002169c4038375329e420,6aafdc5535fbaed1af6c0be12966ee75d438d451f1c470e33036098547e29f96,true,239,,NONE,,VISUAL_REQUIRED,INITIAL_TRIAGE_ONLY,,INVENTORIED,NOT_STARTED,NOT_TESTED,NOT_TESTED,NOT_TESTED,NOT_TESTED,NOT_TESTED,NOT_TESTED,,
h1:original/high/h1/1final/22_매산고_1학기_기말_고1_기출.js_5,original/high/h1/1final/22_매산고_1학기_기말_고1_기출.js_5,original/high/h1/1final/22_매산고_1학기_기말_고1_기출.js,original/high/h1/1final/22_매산고_1학기_기말_고1_기출.js,5,5,5,2022,1,final,매산고,2015,수학(상),H15-SA-11,원의 방정식,H22-C2-03,원의 방정식,H15-SA-11-CIRCLE_EQUATION,원의 방정식,forward_standard_key,archive/question-index.js + archive/exams/original/high/h1/**/*.js,INCLUDED,eabda949fa0ec577bb70919b1ca9cfbeabf4f709c6c242f15a392f245bc8102c,fc8fb3df1ce66714ad38fd0833693ce7247e54003ada9e4f81572dfd082f35ff,,7b2849d50e2bf8b705c79d544a833e9fb7dba6afc06cf220b95ffac18d121e85,9d49f8b183c1d67d37b6bd695efaebe8fce9cb3fcee9275ff41f3f33bcf3ca0e,true,494,assets/images/22_매산고_1학기_기말_고1_기출/q05-solution.svg,EXISTS,cf91be701d9fa061a62c8d28833c5cdfe1aac97f976af243d5f58be785908746,VISUAL_REQUIRED,INITIAL_TRIAGE_ONLY,,INVENTORIED,NOT_STARTED,NOT_TESTED,NOT_TESTED,NOT_TESTED,NOT_TESTED,NOT_TESTED,NOT_TESTED,,
h1:original/high/h1/1final/22_매산고_1학기_기말_고1_기출.js_6,original/high/h1/1final/22_매산고_1학기_기말_고1_기출.js_6,original/high/h1/1final/22_매산고_1학기_기말_고1_기출.js,original/high/h1/1final/22_매산고_1학기_기말_고1_기출.js,6,6,6,2022,1,final,매산고,2015,수학(상),H15-SA-10,직선의 방정식,H22-C2-02,직선의 방정식,H15-SA-10-LINE_EQUATION,직선의 방정식,forward_standard_key,archive/question-index.js + archive/exams/original/high/h1/**/*.js,INCLUDED,04f8ba0485f7efa38dce4cca933ee0dd064cc47b6c90999763041214261bfc82,591561673439b15f75a04aa2ab53f5f40a019cf4ff780a4b7776669b32dc2abc,,27d659f2c0a3e6c6f98d68f2eac3a90b6c1232edc486704b34e15d29a01aba36,c60043390b666b996ef35f05b7c0ca901942bc37acf184daa1a6932057baeb69,true,288,assets/images/22_매산고_1학기_기말_고1_기출/q06-solution.svg,EXISTS,e1fe07aad88a6cf7eb496a4e1e1e7e96786b26467acde89a9b7b274ac7a62fc4,VISUAL_REQUIRED,INITIAL_TRIAGE_ONLY,,INVENTORIED,NOT_STARTED,NOT_TESTED,NOT_TESTED,NOT_TESTED,NOT_TESTED,NOT_TESTED,NOT_TESTED,,
h1:original/high/h1/1final/22_매산고_1학기_기말_고1_기출.js_7,original/high/h1/1final/22_매산고_1학기_기말_고1_기출.js_7,original/high/h1/1final/22_매산고_1학기_기말_고1_기출.js,original/high/h1/1final/22_매산고_1학기_기말_고1_기출.js,7,7,7,2022,1,final,매산고,2015,수학(상),H15-SA-12,도형의 이동,H22-C2-04,도형의 이동,H15-SA-12-COMPOSITE_TRANSFORMATION,합성 변환,forward_standard_key,archive/question-index.js + archive/exams/original/high/h1/**/*.js,INCLUDED,5e7307ad28aff007e40c6ca6f62ce3a2ac494b5aef5ed6bc42cb6cae2b574952,50d4e90db3eaa54c5594637dd0443328a77338041231ab2ff55e26c8a5f10080,,20e640d3de63f89c95216cea0e3e077d17bf251e22aec0212d38a1902a3812b9,191a2aebbe0e5074ccab48b96d087367aaf83c3e60c793da998ef05896a91251,true,384,assets/images/22_매산고_1학기_기말_고1_기출/q07-solution.svg,EXISTS,b941369f009981252bf54f5714a662bccda9bb696a6a1a1995d9102c4ce8c68d,VISUAL_REQUIRED,INITIAL_TRIAGE_ONLY,,INVENTORIED,NOT_STARTED,NOT_TESTED,NOT_TESTED,NOT_TESTED,NOT_TESTED,NOT_TESTED,NOT_TESTED,,
h1:original/high/h1/1final/22_매산고_1학기_기말_고1_기출.js_8,original/high/h1/1final/22_매산고_1학기_기말_고1_기출.js_8,original/high/h1/1final/22_매산고_1학기_기말_고1_기출.js,original/high/h1/1final/22_매산고_1학기_기말_고1_기출.js,8,8,8,2022,1,final,매산고,2015,수학(상),H15-SA-09,평면좌표,H22-C2-01,평면좌표,H15-SA-09-GEOMETRY_EQUATION,도형의 방정식,forward_standard_key,archive/question-index.js + archive/exams/original/high/h1/**/*.js,INCLUDED,6ff1cce8c9f8b80ac2ec04d9f140237e8dda0a59956791ab16b210949f6b8c81,dbce39d2f302f4ed7e76d506b899a8d9c3ff877549fb93d24e266daad2adc4fb,,3a0619b431652920cdfd35a49f767dc39bb38bb7ae5c18671b6924b89f16d6e2,618d34d7ebe3c826a9520d0adf1e09b7017cb087f6315f728fb5e508f6614d2e,true,329,assets/images/22_매산고_1학기_기말_고1_기출/q08-solution.svg,EXISTS,5d369d2888b68a57c4d2db6ae747d34624f11370a0579491547dab459a3dec04,VISUAL_REQUIRED,INITIAL_TRIAGE_ONLY,,INVENTORIED,NOT_STARTED,NOT_TESTED,NOT_TESTED,NOT_TESTED,NOT_TESTED,NOT_TESTED,NOT_TESTED,,
h1:original/high/h1/1final/22_매산고_1학기_기말_고1_기출.js_9,original/high/h1/1final/22_매산고_1학기_기말_고1_기출.js_9,original/high/h1/1final/22_매산고_1학기_기말_고1_기출.js,original/high/h1/1final/22_매산고_1학기_기말_고1_기출.js,9,9,9,2022,1,final,매산고,2015,수학(상),H15-SA-10,직선의 방정식,H22-C2-02,직선의 방정식,H15-SA-10-LINE_EQUATION,직선의 방정식,forward_standard_key,archive/question-index.js + archive/exams/original/high/h1/**/*.js,INCLUDED,80f0c410e4336c4de9e7c9c8b01f11bde199d123489beb9a5cac7c42ea12f431,8ca65b301d5dd4452ec7ce1e7033f520f75ce15aa551e670b16f21a4fee59304,,be448eb76a80c678c0ba2d0755822eaf3c8434435273a64a09c405419cef30b3,8937b77ffb7e0ae88a8e4fe0e624d093ef168d34c53446e2823c08b0a79170c6,true,570,assets/images/22_매산고_1학기_기말_고1_기출/q09-solution.svg,EXISTS,7c86b4927446e79be734f0b3dfc08835b4da1c79a7653ddca28ea9652548dacc,REVIEW_REQUIRED,INITIAL_TRIAGE_ONLY,,INVENTORIED,NOT_STARTED,NOT_TESTED,NOT_TESTED,NOT_TESTED,NOT_TESTED,NOT_TESTED,NOT_TESTED,,
h1:original/high/h1/1final/22_매산고_1학기_기말_고1_기출.js_10,original/high/h1/1final/22_매산고_1학기_기말_고1_기출.js_10,original/high/h1/1final/22_매산고_1학기_기말_고1_기출.js,original/high/h1/1final/22_매산고_1학기_기말_고1_기출.js,10,10,10,2022,1,final,매산고,2015,수학(상),H15-SA-11,원의 방정식,H22-C2-03,원의 방정식,H15-SA-11-CIRCLE_EQUATION,원의 방정식,forward_standard_key,archive/question-index.js + archive/exams/original/high/h1/**/*.js,INCLUDED,1b0d06a68758b9483de0851b7f957461c5bdce5454740b763cfdc67348726999,3aec778d7783d3f691407f8cbb2d8f8575090d057caeb2541cbf199f53f2df4c,,2a0dff5c6b22b59361a297b7a1dea47ec62238b0cbee51c7a133e9e03ef4167b,384d661ad2abcacf3c1c0d5e9e8ba63ed568217b954ba6a2e9fcceed2ded6fff,true,718,assets/images/22_매산고_1학기_기말_고1_기출/q10-solution.svg,EXISTS,afcd2104a13cb764593da2aae90abb4f90478c89685165ccc2f2512c97e517c7,VISUAL_REQUIRED,INITIAL_TRIAGE_ONLY,,INVENTORIED,NOT_STARTED,NOT_TESTED,NOT_TESTED,NOT_TESTED,NOT_TESTED,NOT_TESTED,NOT_TESTED,,
h1:original/high/h1/1final/22_매산고_1학기_기말_고1_기출.js_12,original/high/h1/1final/22_매산고_1학기_기말_고1_기출.js_12,original/high/h1/1final/22_매산고_1학기_기말_고1_기출.js,original/high/h1/1final/22_매산고_1학기_기말_고1_기출.js,12,12,12,2022,1,final,매산고,2015,수학(상),H15-SA-12,도형의 이동,H22-C2-04,도형의 이동,H15-SA-12-COMPOSITE_TRANSFORMATION,합성 변환,forward_standard_key,archive/question-index.js + archive/exams/original/high/h1/**/*.js,INCLUDED,5e7e12ab152fd6ae50cb2801677ea930d1550e37974242cc577d34ccaa44d738,f9627552567a20ad47b90b7f76958813df4c610d91e18bce01610c5400f6ae01,,bd3d16f8c5b1eaf2f4e97280b508c8fffe6fb049fb6e15af37207d73f2c234a9,844940a51fdf18eccb996a8ecec96b53c7ce767820a0480db1942bf41144b0bd,true,429,assets/images/22_매산고_1학기_기말_고1_기출/q12-solution.svg,EXISTS,1a8e5d7901182adcc399db44324f8ca5edabb1f04e38cf6a3ed597042cf047a8,VISUAL_REQUIRED,INITIAL_TRIAGE_ONLY,,INVENTORIED,NOT_STARTED,NOT_TESTED,NOT_TESTED,NOT_TESTED,NOT_TESTED,NOT_TESTED,NOT_TESTED,,
h1:original/high/h1/1final/22_매산고_1학기_기말_고1_기출.js_13,original/high/h1/1final/22_매산고_1학기_기말_고1_기출.js_13,original/high/h1/1final/22_매산고_1학기_기말_고1_기출.js,original/high/h1/1final/22_매산고_1학기_기말_고1_기출.js,13,13,13,2022,1,final,매산고,2015,수학(상),H15-SA-12,도형의 이동,H22-C2-04,도형의 이동,H15-SA-12-COMPOSITE_TRANSFORMATION,합성 변환,forward_standard_key,archive/question-index.js + archive/exams/original/high/h1/**/*.js,INCLUDED,213717b5b457331734367a0ac75591443a166d2708d5f19a779fa77fa7818479,b9b1b109c8b434d0cf9173079ce69fc5cf1068f1ce49f0f7624f9752c3cfb270,,8a96e1cd4f144ea8384c98b7c469bfbf1a9aed5ef0ac2c69a154105cf6d887f1,9a01c783d10633eed750806bee57a286edf2c6687286a75805b254c451293c7c,true,439,assets/images/22_매산고_1학기_기말_고1_기출/q13-solution.svg,EXISTS,b679e647fcf4054f3e3a7dd979b740233f65618eda061e9667e025b1b4e17e6b,VISUAL_REQUIRED,INITIAL_TRIAGE_ONLY,,INVENTORIED,NOT_STARTED,NOT_TESTED,NOT_TESTED,NOT_TESTED,NOT_TESTED,NOT_TESTED,NOT_TESTED,,
h1:original/high/h1/1final/22_매산고_1학기_기말_고1_기출.js_14,original/high/h1/1final/22_매산고_1학기_기말_고1_기출.js_14,original/high/h1/1final/22_매산고_1학기_기말_고1_기출.js,original/high/h1/1final/22_매산고_1학기_기말_고1_기출.js,14,14,14,2022,1,final,매산고,2015,수학(상),H15-SA-11,원의 방정식,H22-C2-03,원의 방정식,H15-SA-11-CIRCLE_EQUATION,원의 방정식,forward_standard_key,archive/question-index.js + archive/exams/original/high/h1/**/*.js,INCLUDED,2606c94b8e333629454ab6817e53b9cb6aa8ad445199a581dfeb47871d2899a5,146069a651b7dadea1f980d92a6f23d0356a5785cd14b1137a4986eb1493f95d,,6c4106c7964c23d87c040c3b288b72f0a68b6719d8c52e82bf6fdf0156b65735,7613a30a11566c429318dc14f34c1be80d0df07f61d019aece997773ccb787c2,true,847,assets/images/22_매산고_1학기_기말_고1_기출/q14-solution.svg,EXISTS,d837800ecdd19ca3e00d2f9a9c4a933e4fe5d5f955846070b2bd5d961ce869e6,VISUAL_REQUIRED,INITIAL_TRIAGE_ONLY,,INVENTORIED,NOT_STARTED,NOT_TESTED,NOT_TESTED,NOT_TESTED,NOT_TESTED,NOT_TESTED,NOT_TESTED,,
h1:original/high/h1/1final/22_매산고_1학기_기말_고1_기출.js_15,original/high/h1/1final/22_매산고_1학기_기말_고1_기출.js_15,original/high/h1/1final/22_매산고_1학기_기말_고1_기출.js,original/high/h1/1final/22_매산고_1학기_기말_고1_기출.js,15,15,15,2022,1,final,매산고,2015,수학(상),H15-SA-10,직선의 방정식,H22-C2-02,직선의 방정식,H15-SA-10-LINE_EQUATION,직선의 방정식,forward_standard_key,archive/question-index.js + archive/exams/original/high/h1/**/*.js,INCLUDED,276ed853d80f6d281a964874f480f24d5d84ad8077c7b3b5c1b52616bea16d63,6c3c02e83954d66641f9acadb3ca129e454617fe89eff1ab2295c5a22a2859ea,,195147a326fe9350670a936e21f8624c63f652a9bef6ecceffac99177bbaa443,30e8d9162d245891dcceece2fc788251b218330bf6ab771d654402e713dc013e,true,584,assets/images/22_매산고_1학기_기말_고1_기출/q15-solution.svg,EXISTS,2fcc846419689275c8bdaa187dd4a521e38dbc9352cb62fff14f52d9eec117ab,VISUAL_REQUIRED,INITIAL_TRIAGE_ONLY,,INVENTORIED,NOT_STARTED,NOT_TESTED,NOT_TESTED,NOT_TESTED,NOT_TESTED,NOT_TESTED,NOT_TESTED,,
h1:original/high/h1/1final/22_매산고_1학기_기말_고1_기출.js_17,original/high/h1/1final/22_매산고_1학기_기말_고1_기출.js_17,original/high/h1/1final/22_매산고_1학기_기말_고1_기출.js,original/high/h1/1final/22_매산고_1학기_기말_고1_기출.js,17,17,17,2022,1,final,매산고,2015,수학(상),H15-SA-09,평면좌표,H22-C2-01,평면좌표,H15-SA-09-COORDINATE_METRIC,좌표와 거리,forward_standard_key,archive/question-index.js + archive/exams/original/high/h1/**/*.js,INCLUDED,9bfc82804d41b6d760167fc9a73c9e824378821b712875d9ec509a608512bbee,45f1571a7801622ab81b836b23c7b235dc823421e2bbb46f946f7f73fa26505f,,6b5a616653b7e8b229eb031b4d34231bfe4da319db74265b74ed244f4676732d,58b7bb43478c8f6d807d1128ae7eeef2139a3157dcd37c12e637dd26529122ba,true,642,assets/images/22_매산고_1학기_기말_고1_기출/q17-solution.svg,EXISTS,c2af82e214898a2a6101af7ef754097ef3376256a7ff197cf7060ee6904e8f7e,VISUAL_REQUIRED,INITIAL_TRIAGE_ONLY,,INVENTORIED,NOT_STARTED,NOT_TESTED,NOT_TESTED,NOT_TESTED,NOT_TESTED,NOT_TESTED,NOT_TESTED,,
h1:original/high/h1/1final/22_매산고_1학기_기말_고1_기출.js_18,original/high/h1/1final/22_매산고_1학기_기말_고1_기출.js_18,original/high/h1/1final/22_매산고_1학기_기말_고1_기출.js,original/high/h1/1final/22_매산고_1학기_기말_고1_기출.js,18,18,18,2022,1,final,매산고,2015,수학(상),H15-SA-11,원의 방정식,H22-C2-03,원의 방정식,H15-SA-11-CIRCLE_EQUATION,원의 방정식,forward_standard_key,archive/question-index.js + archive/exams/original/high/h1/**/*.js,INCLUDED,1a2024032f8467fda5909a702e15cffc70e7e1b55de4433537bb910e7cd43935,cbb98a96f21ed7733754a41a8c0a7ec9890c02d20bcf1044f1cd10f8cf4c9ae8,,c6a23d05e58cedb78e23c0936b2ff474a99b3960f9a572d2f92cf613180e621b,40c66b69b142c305b519fc736d785c6b6d27f70ab540a53db1ab3e38f572ce7e,true,930,assets/images/22_매산고_1학기_기말_고1_기출/q18-solution.svg,EXISTS,22f10365b138dba9dd9cecb9c1aae36816a8cc6682823e3a5f2826b176108c90,VISUAL_REQUIRED,INITIAL_TRIAGE_ONLY,,INVENTORIED,NOT_STARTED,NOT_TESTED,NOT_TESTED,NOT_TESTED,NOT_TESTED,NOT_TESTED,NOT_TESTED,,
h1:original/high/h1/1final/22_매산고_1학기_기말_고1_기출.js_19,original/high/h1/1final/22_매산고_1학기_기말_고1_기출.js_19,original/high/h1/1final/22_매산고_1학기_기말_고1_기출.js,original/high/h1/1final/22_매산고_1학기_기말_고1_기출.js,19,19,19,2022,1,final,매산고,2015,수학(상),H15-SA-11,원의 방정식,H22-C2-03,원의 방정식,H15-SA-11-CIRCLE_EQUATION,원의 방정식,forward_standard_key,archive/question-index.js + archive/exams/original/high/h1/**/*.js,INCLUDED,41721767bb8e66d7a03d9a37b6762f2badec687d6fa3e499caf483806761bb4f,8af7288985ab5d486d1bc6cf1bd090f1f2f44da7b5d63ed53d81070a2206a64c,,eb6866ca0f843aac0d5dc43c0c998ecb097bcda9fd50956defe60e94a972a06b,7ed073178d3beafb6960e220af7abb4b8b782a6a5033d05d115c8f12e7addde4,true,1034,assets/images/22_매산고_1학기_기말_고1_기출/q19-solution.svg,EXISTS,33ed13dae6c8bccfe5fdce29ee849cb3513229cc417fc08927ea5b3bd6855751,VISUAL_REQUIRED,INITIAL_TRIAGE_ONLY,,INVENTORIED,NOT_STARTED,NOT_TESTED,NOT_TESTED,NOT_TESTED,NOT_TESTED,NOT_TESTED,NOT_TESTED,,
h1:original/high/h1/1final/22_매산고_1학기_기말_고1_기출.js_20,original/high/h1/1final/22_매산고_1학기_기말_고1_기출.js_20,original/high/h1/1final/22_매산고_1학기_기말_고1_기출.js,original/high/h1/1final/22_매산고_1학기_기말_고1_기출.js,20,20,20,2022,1,final,매산고,2015,수학(상),H15-SA-09,평면좌표,H22-C2-01,평면좌표,H15-SA-09-COORDINATE_METRIC,좌표와 거리,forward_standard_key,archive/question-index.js + archive/exams/original/high/h1/**/*.js,INCLUDED,9c597a8d979990d45b580aecfc9a6714e2d4f0313269c9f2e47d4d5929cb0525,3806fa3265db9f57089c0dc4069ca7b3fb861d238e7381f724c86668af60cbcc,,2b9bcb3dbeef821aa7e9d970db19fdf7d17d50e539d6f5a29c60ba5a38381bd0,65052681ba9090cd5b26db47bbafe47a5decebef54a58b229e7cddd92a2d6a11,true,631,assets/images/22_매산고_1학기_기말_고1_기출/q20-solution.svg,EXISTS,dd244d12cb8f626d4904e31ba926bf6f423c45ebd7d74877372f69ac2b4a9ed5,VISUAL_REQUIRED,INITIAL_TRIAGE_ONLY,,INVENTORIED,NOT_STARTED,NOT_TESTED,NOT_TESTED,NOT_TESTED,NOT_TESTED,NOT_TESTED,NOT_TESTED,,
h1:original/high/h1/1final/22_복성고_1학기_기말_고1_기출.js_1,original/high/h1/1final/22_복성고_1학기_기말_고1_기출.js_1,original/high/h1/1final/22_복성고_1학기_기말_고1_기출.js,original/high/h1/1final/22_복성고_1학기_기말_고1_기출.js,1,1,1,2022,1,final,복성고,2015,수학(상),H15-SA-12,도형의 이동,H22-C2-04,도형의 이동,H15-SA-12-COMPOSITE_TRANSFORMATION,합성 변환,forward_standard_key,archive/question-index.js + archive/exams/original/high/h1/**/*.js,INCLUDED,6ae0e7c5c384804ef769d7ed15069b6900d965115c6605219546d570ccd2c42f,0e9bbadddb9e49bc331934eed992aacf82149af6da51b3515ab8f1b51ff5131d,,e3f7ca953155c85b930241f70485ceae4a6fd85a6391c503736953930b688996,ecbafb96716a12ad42f7ae25d092f05f73142e4f9f5ab90343d16d66ef85c02b,true,229,,NONE,,VISUAL_REQUIRED,INITIAL_TRIAGE_ONLY,,INVENTORIED,NOT_STARTED,NOT_TESTED,NOT_TESTED,NOT_TESTED,NOT_TESTED,NOT_TESTED,NOT_TESTED,,
h1:original/high/h1/1final/22_복성고_1학기_기말_고1_기출.js_3,original/high/h1/1final/22_복성고_1학기_기말_고1_기출.js_3,original/high/h1/1final/22_복성고_1학기_기말_고1_기출.js,original/high/h1/1final/22_복성고_1학기_기말_고1_기출.js,3,3,3,2022,1,final,복성고,2015,수학(상),H15-SA-11,원의 방정식,H22-C2-03,원의 방정식,H15-SA-11-TANGENT,원과 접선,forward_standard_key,archive/question-index.js + archive/exams/original/high/h1/**/*.js,INCLUDED,fc64bfd40479a565abad3d438316a3a9a5d77d0c9e66ddb9e990267e686d2c5a,8db342804b5617deb5a54c1d2837760c55de2b08636dd44ced65cba7022be0e2,,2a540565916b4a068875efbcadb3350149110833628b014c79ce92dbb8932337,ed68d38a7a377019e5dce7635b402c9a994518322416400e858b7ec4d3ffc7bd,true,338,assets/images/22_복성고_1학기_기말_고1_기출/q03-solution.svg,EXISTS,8f63bf4e89956f27e257490103fb9a9af1bca79c884fbd1688df06cdcd475531,VISUAL_REQUIRED,INITIAL_TRIAGE_ONLY,,INVENTORIED,NOT_STARTED,NOT_TESTED,NOT_TESTED,NOT_TESTED,NOT_TESTED,NOT_TESTED,NOT_TESTED,,
h1:original/high/h1/1final/22_복성고_1학기_기말_고1_기출.js_9,original/high/h1/1final/22_복성고_1학기_기말_고1_기출.js_9,original/high/h1/1final/22_복성고_1학기_기말_고1_기출.js,original/high/h1/1final/22_복성고_1학기_기말_고1_기출.js,9,9,9,2022,1,final,복성고,2015,수학(상),H15-SA-12,도형의 이동,H22-C2-04,도형의 이동,H15-SA-12-COMPOSITE_TRANSFORMATION,합성 변환,forward_standard_key,archive/question-index.js + archive/exams/original/high/h1/**/*.js,INCLUDED,e2b0ce1b24e9a6ae01c954a40de0efcb3b0cd7023749192c8f586438cda00037,3f40ad00c85b0e996de22663b1cf39be2641b841d8f08cae13560f598dc12998,,4af55a84161d3d59ee9b4c077bd5a30a2bcd40a97038ee111dadf31832b80a02,335206e6c132dd6f78eb03ab40b26721e1e76f85408481d2af8eadc3be37af10,true,372,,NONE,,VISUAL_REQUIRED,INITIAL_TRIAGE_ONLY,,INVENTORIED,NOT_STARTED,NOT_TESTED,NOT_TESTED,NOT_TESTED,NOT_TESTED,NOT_TESTED,NOT_TESTED,,
h1:original/high/h1/1final/22_복성고_1학기_기말_고1_기출.js_11,original/high/h1/1final/22_복성고_1학기_기말_고1_기출.js_11,original/high/h1/1final/22_복성고_1학기_기말_고1_기출.js,original/high/h1/1final/22_복성고_1학기_기말_고1_기출.js,11,11,11,2022,1,final,복성고,2015,수학(상),H15-SA-09,평면좌표,H22-C2-01,평면좌표,H15-SA-09-GEOMETRY_APPLICATION,도형의 방정식 활용,forward_standard_key,archive/question-index.js + archive/exams/original/high/h1/**/*.js,INCLUDED,5c15308b8ad4d87f965c82190fde0befefb29c5a904fe31abc98dd98c544e287,fae5891812e992ae939f37b08ffe60318300509356f292db1ac5c348cab0b7ec,,6aeaa6daf17e2fb7bd8e687de994b352a188bc6e0181c7eb005410e8fca04533,c9a554fd8c2143e8e980bdc0db18aeb15ec08a0943f81f6cd1008c5c89494ff7,true,508,assets/images/22_복성고_1학기_기말_고1_기출/q11-solution.svg,EXISTS,3fea83fe0dc22d2781b222076cec09fba9897da0b8037dc73209d67d3f03a41d,VISUAL_REQUIRED,INITIAL_TRIAGE_ONLY,,INVENTORIED,NOT_STARTED,NOT_TESTED,NOT_TESTED,NOT_TESTED,NOT_TESTED,NOT_TESTED,NOT_TESTED,,
h1:original/high/h1/1final/22_복성고_1학기_기말_고1_기출.js_12,original/high/h1/1final/22_복성고_1학기_기말_고1_기출.js_12,original/high/h1/1final/22_복성고_1학기_기말_고1_기출.js,original/high/h1/1final/22_복성고_1학기_기말_고1_기출.js,12,12,12,2022,1,final,복성고,2015,수학(상),H15-SA-11,원의 방정식,H22-C2-03,원의 방정식,H15-SA-11-EQUATION_BASIC,방정식의 풀이,forward_standard_key,archive/question-index.js + archive/exams/original/high/h1/**/*.js,INCLUDED,37e44aef3293616afb581429bdd4790cc6074b511558608380351867dd25c600,439a6d924097f9abfb669acf3fe159876265e4db1698b235199059813b5b5a57,,cbd3f5c7988b4bb86ea6f3b3221e5b75d733298851c9d4bf21ec19bb876b64a2,636c813bfa58c2c29939ae6b3cf0c855b79756ef0b587915211fded0660efe20,true,504,assets/images/22_복성고_1학기_기말_고1_기출/q12-solution.svg,EXISTS,bed80bcccb6e533a7e79ad6f79092ea5c0bc92d443f78c9c2d8116ccc6d284dc,VISUAL_REQUIRED,INITIAL_TRIAGE_ONLY,,INVENTORIED,NOT_STARTED,NOT_TESTED,NOT_TESTED,NOT_TESTED,NOT_TESTED,NOT_TESTED,NOT_TESTED,,
h1:original/high/h1/1final/22_복성고_1학기_기말_고1_기출.js_15,original/high/h1/1final/22_복성고_1학기_기말_고1_기출.js_15,original/high/h1/1final/22_복성고_1학기_기말_고1_기출.js,original/high/h1/1final/22_복성고_1학기_기말_고1_기출.js,15,15,15,2022,1,final,복성고,2015,수학(상),H15-SA-11,원의 방정식,H22-C2-03,원의 방정식,H15-SA-11-CIRCLE_EQUATION,원의 방정식,forward_standard_key,archive/question-index.js + archive/exams/original/high/h1/**/*.js,INCLUDED,e7be1cdf250d2bae54a74838af6f1ee06c614bf8a64f320c23d29644b3320c06,6ffe0005fc0a917564b0c72bee887e2567febc5f8e83971d17ff4abce06e87f2,,7478d759dc713df7311d5256a7e7099be48776aaf0d975f3c0b5da5935394e3f,c0d64f8a49ac8977224fd7c2df69cc89b60f43923cfd2e8b6f34d92de7b10a93,true,699,assets/images/22_복성고_1학기_기말_고1_기출/q15-solution.svg,EXISTS,5160d53a4523e29b12338788bc129fae7ab8e1cce22ad14464d108d0df54da55,VISUAL_REQUIRED,INITIAL_TRIAGE_ONLY,,INVENTORIED,NOT_STARTED,NOT_TESTED,NOT_TESTED,NOT_TESTED,NOT_TESTED,NOT_TESTED,NOT_TESTED,,
h1:original/high/h1/1final/22_복성고_1학기_기말_고1_기출.js_16,original/high/h1/1final/22_복성고_1학기_기말_고1_기출.js_16,original/high/h1/1final/22_복성고_1학기_기말_고1_기출.js,original/high/h1/1final/22_복성고_1학기_기말_고1_기출.js,16,16,16,2022,1,final,복성고,2015,수학(상),H15-SA-09,평면좌표,H22-C2-01,평면좌표,H15-SA-09-COORDINATE_METRIC,좌표와 거리,forward_standard_key,archive/question-index.js + archive/exams/original/high/h1/**/*.js,INCLUDED,65a138d8b758318cbb2d07b0a1eb3a5e71068ce2bb8c31ed6e8372ec1de15f65,b588826ecf021b74d7f515f60bf5ff29153f381298896888137f12d2fd583d9d,,0d02e3b38057199f3354324a42da022499d863da84ef123838cb5168472ba343,4a07442e52602d92b900fa0511d376e51633302b9a7cc221212bc7eb60289106,true,579,,NONE,,VISUAL_REQUIRED,INITIAL_TRIAGE_ONLY,,INVENTORIED,NOT_STARTED,NOT_TESTED,NOT_TESTED,NOT_TESTED,NOT_TESTED,NOT_TESTED,NOT_TESTED,,
h1:original/high/h1/1final/22_순천여고_1학기_기말_고1_기출.js_1,original/high/h1/1final/22_순천여고_1학기_기말_고1_기출.js_1,original/high/h1/1final/22_순천여고_1학기_기말_고1_기출.js,original/high/h1/1final/22_순천여고_1학기_기말_고1_기출.js,1,1,1,2022,1,final,순천여고,2015,수학(상),H15-SA-09,평면좌표,H22-C2-01,평면좌표,H15-SA-09-COORDINATE_METRIC,좌표와 거리,forward_standard_key,archive/question-index.js + archive/exams/original/high/h1/**/*.js,INCLUDED,802dd33daa5e19479e0bdd38ad49e4cc147abfc5704eee1924faf4d7a3575e35,a53cff1b684f5caf364489ee51f81aca0aeef03698ee51032bb0f7effa3f8028,,aa5cbd41099ec871d0a85fc1107932f3de1968e1745f075dc833032833d5f8fc,b7a1d3b7d1000e546db4284fc563465402eedb24f3707ac726f9811990306d3b,true,214,,NONE,,REVIEW_REQUIRED,INITIAL_TRIAGE_ONLY,,INVENTORIED,NOT_STARTED,NOT_TESTED,NOT_TESTED,NOT_TESTED,NOT_TESTED,NOT_TESTED,NOT_TESTED,,
h1:original/high/h1/1final/22_순천여고_1학기_기말_고1_기출.js_3,original/high/h1/1final/22_순천여고_1학기_기말_고1_기출.js_3,original/high/h1/1final/22_순천여고_1학기_기말_고1_기출.js,original/high/h1/1final/22_순천여고_1학기_기말_고1_기출.js,3,3,3,2022,1,final,순천여고,2015,수학(상),H15-SA-10,직선의 방정식,H22-C2-02,직선의 방정식,H15-SA-10-LINE_EQUATION,직선의 방정식,forward_standard_key,archive/question-index.js + archive/exams/original/high/h1/**/*.js,INCLUDED,15c334e4bdaef3986e27352f970d72c15cdd49debba4d41161a856c19adf1ed9,ea0f8e638cdb67117ea94c3f6750e4c222c7784c0a5cddcba70254e716d9ff24,,830e30f8e8806446dc04014f527b3e46e994c62b0b4142da4dbae4425c664921,51310366e267b7618048077dcec1a5bcf52d46292c26d6717cf340adcb70f61d,true,227,,NONE,,VISUAL_REQUIRED,INITIAL_TRIAGE_ONLY,,INVENTORIED,NOT_STARTED,NOT_TESTED,NOT_TESTED,NOT_TESTED,NOT_TESTED,NOT_TESTED,NOT_TESTED,,
h1:original/high/h1/1final/22_순천여고_1학기_기말_고1_기출.js_4,original/high/h1/1final/22_순천여고_1학기_기말_고1_기출.js_4,original/high/h1/1final/22_순천여고_1학기_기말_고1_기출.js,original/high/h1/1final/22_순천여고_1학기_기말_고1_기출.js,4,4,4,2022,1,final,순천여고,2015,수학(상),H15-SA-11,원의 방정식,H22-C2-03,원의 방정식,H15-SA-11-TANGENT,원과 접선,forward_standard_key,archive/question-index.js + archive/exams/original/high/h1/**/*.js,INCLUDED,52ddffc4ee7c84b17a1806d25074875afde537979d315b9c66977134ab31bde3,e51b634362bba3485fa5d8592e08455f882ca15b02ee062c7aa50f072bbf036c,,9628ec40e06613443f6b3c16083b3bca7e75fc858772a98358cc92fd1fb25371,df6427999d445d0d1843e78fc805328ee702d9c4784570edad9525b27b44aea2,true,365,assets/images/22_순천여고_1학기_기말_고1_기출/q04-solution.svg,EXISTS,fc921e1da3ce8cd588f8b6cd096774fc0f3404326bac60d6333d321bb987ff7e,VISUAL_REQUIRED,INITIAL_TRIAGE_ONLY,,INVENTORIED,NOT_STARTED,NOT_TESTED,NOT_TESTED,NOT_TESTED,NOT_TESTED,NOT_TESTED,NOT_TESTED,,
h1:original/high/h1/1final/22_순천여고_1학기_기말_고1_기출.js_5,original/high/h1/1final/22_순천여고_1학기_기말_고1_기출.js_5,original/high/h1/1final/22_순천여고_1학기_기말_고1_기출.js,original/high/h1/1final/22_순천여고_1학기_기말_고1_기출.js,5,5,5,2022,1,final,순천여고,2015,수학(상),H15-SA-11,원의 방정식,H22-C2-03,원의 방정식,H15-SA-11-CIRCLE_EQUATION,원의 방정식,forward_standard_key,archive/question-index.js + archive/exams/original/high/h1/**/*.js,INCLUDED,683a4aa60b4e6937a816c5cb9de70b5f870b4dda670e5639c14f3b0fb846b723,9a6aa01ac925ec1a81d351c0ba0b9cec895ed9070151873a008a909334fc20f5,,8e29ef1e27d4501911358e9c3527febbbd35cb360a75d3703be503c23e901d8b,a2e3ad493e2c6ebc794f407d0a15c9d0a69b71993737cfdd090f8281f687b98f,true,316,assets/images/22_순천여고_1학기_기말_고1_기출/q05-solution.svg,EXISTS,a518ceb3a63f27ccc0f0445399f31cf17ae24e5e5ff5e954eceeb7643ee21fa9,VISUAL_REQUIRED,INITIAL_TRIAGE_ONLY,,INVENTORIED,NOT_STARTED,NOT_TESTED,NOT_TESTED,NOT_TESTED,NOT_TESTED,NOT_TESTED,NOT_TESTED,,
h1:original/high/h1/1final/22_순천여고_1학기_기말_고1_기출.js_6,original/high/h1/1final/22_순천여고_1학기_기말_고1_기출.js_6,original/high/h1/1final/22_순천여고_1학기_기말_고1_기출.js,original/high/h1/1final/22_순천여고_1학기_기말_고1_기출.js,6,6,6,2022,1,final,순천여고,2015,수학(상),H15-SA-10,직선의 방정식,H22-C2-02,직선의 방정식,H15-SA-10-DISTANCE_ANGLE,직선 사이의 거리와 각,forward_standard_key,archive/question-index.js + archive/exams/original/high/h1/**/*.js,INCLUDED,f57fe37c3af7ddf34c5bd263c92faf03bbf7aafc7b4568096bbd3c63fb3b6677,44ddb9bb62834e4c7e486c4ac01a6579ef860e7c68fe58e615fdf9fc0fe53f6d,,ab058fd409d56656d559902c73d8395e4e2a9e462d84c72205f254b51b2a6fa3,de513da1b5efb144ecdf46a765ecb15ac709347eb40595afd8c15ae994e4e94e,true,407,assets/images/22_순천여고_1학기_기말_고1_기출/q06-solution.svg,EXISTS,26b565a96d8f73afa88a83211421eee495705b92536cbbe11e6d2df1f4611366,VISUAL_REQUIRED,INITIAL_TRIAGE_ONLY,,INVENTORIED,NOT_STARTED,NOT_TESTED,NOT_TESTED,NOT_TESTED,NOT_TESTED,NOT_TESTED,NOT_TESTED,,
h1:original/high/h1/1final/22_순천여고_1학기_기말_고1_기출.js_7,original/high/h1/1final/22_순천여고_1학기_기말_고1_기출.js_7,original/high/h1/1final/22_순천여고_1학기_기말_고1_기출.js,original/high/h1/1final/22_순천여고_1학기_기말_고1_기출.js,7,7,7,2022,1,final,순천여고,2015,수학(상),H15-SA-11,원의 방정식,H22-C2-03,원의 방정식,H15-SA-11-CIRCLE_EQUATION,원의 방정식,forward_standard_key,archive/question-index.js + archive/exams/original/high/h1/**/*.js,INCLUDED,0c2248c175f8524ce50e7167a04cd00c32e992074c427e39307d9dbff53b37b6,347289d95befd083a623a2cf616c50559aaf65a0e11a802bcc90dbd9bd7ed45f,,725c094df1c75a708b3e2a248fdd5603941ad935608df6290b72023cf987de60,a90b3f7c21b030aed37003f551f820f433e7afe91dcb7ad1c2a51a2d3d0a516c,true,378,assets/images/22_순천여고_1학기_기말_고1_기출/q07-solution.svg,EXISTS,54d29816fcbd572638943175ea473959819b2787c7b2903f6ff39c6d216d5097,VISUAL_REQUIRED,INITIAL_TRIAGE_ONLY,,INVENTORIED,NOT_STARTED,NOT_TESTED,NOT_TESTED,NOT_TESTED,NOT_TESTED,NOT_TESTED,NOT_TESTED,,
h1:original/high/h1/1final/22_순천여고_1학기_기말_고1_기출.js_8,original/high/h1/1final/22_순천여고_1학기_기말_고1_기출.js_8,original/high/h1/1final/22_순천여고_1학기_기말_고1_기출.js,original/high/h1/1final/22_순천여고_1학기_기말_고1_기출.js,8,8,8,2022,1,final,순천여고,2015,수학(상),H15-SA-11,원의 방정식,H22-C2-03,원의 방정식,H15-SA-11-CIRCLE_EQUATION,원의 방정식,forward_standard_key,archive/question-index.js + archive/exams/original/high/h1/**/*.js,INCLUDED,6a5bc6c5e67723428898bb67d831b9c5b2d7046fcd1bb38a59248276778fd6fb,e411649eba7fd8ffc7b8b5a3179a2cc9ffb0d9a61b9762a11abd61431d78e840,,07ffa7355a102a6467fd2bda77c9020a4477dec4a187bf21fd0a5130469a26f7,945387945d360c8d53ee3c48ecef2d9a92a8c5e98830d52992b2d5c1d06f5f42,true,507,assets/images/22_순천여고_1학기_기말_고1_기출/q08-solution.svg,EXISTS,9f0e2712aaf4a5f4b3f19560717fedfe9fd588ee699c191400acb9fc1220d635,VISUAL_REQUIRED,INITIAL_TRIAGE_ONLY,,INVENTORIED,NOT_STARTED,NOT_TESTED,NOT_TESTED,NOT_TESTED,NOT_TESTED,NOT_TESTED,NOT_TESTED,,
h1:original/high/h1/1final/22_순천여고_1학기_기말_고1_기출.js_9,original/high/h1/1final/22_순천여고_1학기_기말_고1_기출.js_9,original/high/h1/1final/22_순천여고_1학기_기말_고1_기출.js,original/high/h1/1final/22_순천여고_1학기_기말_고1_기출.js,9,9,9,2022,1,final,순천여고,2015,수학(상),H15-SA-09,평면좌표,H22-C2-01,평면좌표,H15-SA-09-TRIANGLE_CENTROID_AREA,삼각형의 좌표와 무게중심,forward_standard_key,archive/question-index.js + archive/exams/original/high/h1/**/*.js,INCLUDED,296a435c291f6bced2c0ee18dca7b3f0c0160b0caa8465ac3db706865666010e,b17b54eafb2b64c19912b215244b1d27b3e9ab30c4daabfa31caa8f6a6a91799,,ab7cd60460c3b0c286e775b42be5ee11bb11a8fb38a7d2fe052e10a29d5b749a,04318a1ae1dc94f25d9569af10261946f8c97fb1ebd168ad033e0e31bedb63f3,true,336,,NONE,,VISUAL_REQUIRED,INITIAL_TRIAGE_ONLY,,INVENTORIED,NOT_STARTED,NOT_TESTED,NOT_TESTED,NOT_TESTED,NOT_TESTED,NOT_TESTED,NOT_TESTED,,
h1:original/high/h1/1final/22_순천여고_1학기_기말_고1_기출.js_10,original/high/h1/1final/22_순천여고_1학기_기말_고1_기출.js_10,original/high/h1/1final/22_순천여고_1학기_기말_고1_기출.js,original/high/h1/1final/22_순천여고_1학기_기말_고1_기출.js,10,10,10,2022,1,final,순천여고,2015,수학(상),H15-SA-09,평면좌표,H22-C2-01,평면좌표,H15-SA-09-COORDINATE_METRIC,좌표와 거리,forward_standard_key,archive/question-index.js + archive/exams/original/high/h1/**/*.js,INCLUDED,d8b4106fc1d9103252b78d00b85c224f00d89c83c43e44e577c26b3dba9f6fa7,d28b117c6294084080c9b7bbd3afe306b432401d4b3c0c519a944a67c2a599ca,,21e6f8250c108442b927cef41a620eb57db53f4a6e0a529f40eb2f8da1b579b7,45bab335b47c8c504e4bba6d1f5566f907ff2997f5af2e36795d8e17ea2b0e04,true,410,assets/images/22_순천여고_1학기_기말_고1_기출/q10-solution.svg,EXISTS,3fd1393be21024595935c3e7784c3d961bbed00633d5adc61827121e9fa11b8b,VISUAL_REQUIRED,INITIAL_TRIAGE_ONLY,,INVENTORIED,NOT_STARTED,NOT_TESTED,NOT_TESTED,NOT_TESTED,NOT_TESTED,NOT_TESTED,NOT_TESTED,,
h1:original/high/h1/1final/22_순천여고_1학기_기말_고1_기출.js_12,original/high/h1/1final/22_순천여고_1학기_기말_고1_기출.js_12,original/high/h1/1final/22_순천여고_1학기_기말_고1_기출.js,original/high/h1/1final/22_순천여고_1학기_기말_고1_기출.js,12,12,12,2022,1,final,순천여고,2015,수학(상),H15-SA-11,원의 방정식,H22-C2-03,원의 방정식,H15-SA-11-CIRCLE_EQUATION,원의 방정식,forward_standard_key,archive/question-index.js + archive/exams/original/high/h1/**/*.js,INCLUDED,bd8bfb7b9a7712daa6d16137a7ac0bbd1c526adfee27bf82101849777a64d718,fe017fcd2b3f776ddd82a52b2fbdbb810cb52ea5d0ec5e2fe79d6d39cb3a8aeb,,e9d686876ad1684b87a24b9f56d402afcff4c8ba119041f486a953ce64d36bb2,730c4eacd23fae3a6c102860b582754afa17bcf0eca2e4fcf71dda3556282e5c,true,458,assets/images/22_순천여고_1학기_기말_고1_기출/q12-solution.svg,EXISTS,1fa193007f3524f5cc00cfbe7f83e377d86fbc81a36dec4ffb0f7a1e573335ec,VISUAL_REQUIRED,INITIAL_TRIAGE_ONLY,,INVENTORIED,NOT_STARTED,NOT_TESTED,NOT_TESTED,NOT_TESTED,NOT_TESTED,NOT_TESTED,NOT_TESTED,,
h1:original/high/h1/1final/22_순천여고_1학기_기말_고1_기출.js_16,original/high/h1/1final/22_순천여고_1학기_기말_고1_기출.js_16,original/high/h1/1final/22_순천여고_1학기_기말_고1_기출.js,original/high/h1/1final/22_순천여고_1학기_기말_고1_기출.js,16,16,16,2022,1,final,순천여고,2015,수학(상),H15-SA-09,평면좌표,H22-C2-01,평면좌표,H15-SA-09-GEOMETRY_EQUATION,도형의 방정식,forward_standard_key,archive/question-index.js + archive/exams/original/high/h1/**/*.js,INCLUDED,f7a0ba83f1a81d7872eced6befcb28c7546eb9b307fc3dcebd24b4e77a3fc8f9,b00c4f4b965f43d3611c4e19059b06f3eb754c24c46169cf6f69ea79a6f1ba21,,6484e6ac723638d11d87ffd2ffad632918dc1cc7a497c6f5f129696adb99f738,61a0dd2ff7a75217543abbc853ddcfcf627dce91b97e5065273c52c59d71deaa,true,639,assets/images/22_순천여고_1학기_기말_고1_기출/q16-solution.svg,EXISTS,ff704b42f55d0c75c91e8607f24756af2e60d3a006f25d9015312feda0348cbb,VISUAL_REQUIRED,INITIAL_TRIAGE_ONLY,,INVENTORIED,NOT_STARTED,NOT_TESTED,NOT_TESTED,NOT_TESTED,NOT_TESTED,NOT_TESTED,NOT_TESTED,,
h1:original/high/h1/1final/22_순천여고_1학기_기말_고1_기출.js_17,original/high/h1/1final/22_순천여고_1학기_기말_고1_기출.js_17,original/high/h1/1final/22_순천여고_1학기_기말_고1_기출.js,original/high/h1/1final/22_순천여고_1학기_기말_고1_기출.js,17,17,17,2022,1,final,순천여고,2015,수학(상),H15-SA-11,원의 방정식,H22-C2-03,원의 방정식,H15-SA-11-CIRCLE_EQUATION,원의 방정식,forward_standard_key,archive/question-index.js + archive/exams/original/high/h1/**/*.js,INCLUDED,3ead4cc3ebd7b43a5528aae1e2613b0f22388fa724aaf9e2a60d7d4eed26a817,0b6ce08f36c5b916913a1843d08bf2111acb04614eb88f117ad2da2fb7aa871a,,7d31c8d922dbfba43f8deabd1eb92b7d8d32ae797a10a31d80ab56ae2f8f1e90,95f6045f61815d6c250899d5b13d26af2f80845d1acedb9927459c61b9d36a13,true,521,assets/images/22_순천여고_1학기_기말_고1_기출/q17-solution.svg,EXISTS,c0d5722f4838b23649dfd6a06f42d482418ccf6090423dec4b5beb2afd8f6ef8,VISUAL_REQUIRED,INITIAL_TRIAGE_ONLY,,INVENTORIED,NOT_STARTED,NOT_TESTED,NOT_TESTED,NOT_TESTED,NOT_TESTED,NOT_TESTED,NOT_TESTED,,
h1:original/high/h1/1final/22_순천여고_1학기_기말_고1_기출.js_18,original/high/h1/1final/22_순천여고_1학기_기말_고1_기출.js_18,original/high/h1/1final/22_순천여고_1학기_기말_고1_기출.js,original/high/h1/1final/22_순천여고_1학기_기말_고1_기출.js,18,18,18,2022,1,final,순천여고,2015,수학(상),H15-SA-10,직선의 방정식,H22-C2-02,직선의 방정식,H15-SA-10-LINE_EQUATION,직선의 방정식,forward_standard_key,archive/question-index.js + archive/exams/original/high/h1/**/*.js,INCLUDED,91ad6ba0992cc7b0c70b6d055dd329502945dd5bcdfa29c62154b86c886fdb56,803dfefda6f29e94dbc383008a2b5b9f658a52da2f1687ce049b0ecb457cf378,,8e8c8b01728db7b012afd3a5bf1ff04ff065735b9e750c1c7dd0e83437e03717,c58791708f51b8a7141b57b4423fc7cbc438e9e32253903feb696fd92c07edf6,true,681,assets/images/22_순천여고_1학기_기말_고1_기출/q18-solution.svg,EXISTS,ffb975bde7922db4e4d9560a1b897b17347905b5986f464b0df67c83ed080dc3,REVIEW_REQUIRED,INITIAL_TRIAGE_ONLY,,INVENTORIED,NOT_STARTED,NOT_TESTED,NOT_TESTED,NOT_TESTED,NOT_TESTED,NOT_TESTED,NOT_TESTED,,
h1:original/high/h1/1final/22_순천여고_1학기_기말_고1_기출.js_19,original/high/h1/1final/22_순천여고_1학기_기말_고1_기출.js_19,original/high/h1/1final/22_순천여고_1학기_기말_고1_기출.js,original/high/h1/1final/22_순천여고_1학기_기말_고1_기출.js,19,19,19,2022,1,final,순천여고,2015,수학(상),H15-SA-10,직선의 방정식,H22-C2-02,직선의 방정식,H15-SA-10-DISTANCE_ANGLE,직선 사이의 거리와 각,forward_standard_key,archive/question-index.js + archive/exams/original/high/h1/**/*.js,INCLUDED,781704fa15268058f5d03cc04c39eccd803d16e6bddbc094b0e9c428d27c1edf,bfae8a74e415bea9ada80113f9d5c432da8a8f372fdb6b4a8ac80f11456c289c,,cbf8cb00fb35f21ea7ff0fcf9fbecba5bfae4a876cc9e09f7cea18c9fb8ffa6f,d044a3cd20548464f95379efa1ca202de3066cc656597beafa4f6694afedff2b,true,550,assets/images/22_순천여고_1학기_기말_고1_기출/q19-solution.svg,EXISTS,9b1f1e7423be4764489baea4723ef2e2955d277fc87ef695693fc3da1e72302e,VISUAL_REQUIRED,INITIAL_TRIAGE_ONLY,,INVENTORIED,NOT_STARTED,NOT_TESTED,NOT_TESTED,NOT_TESTED,NOT_TESTED,NOT_TESTED,NOT_TESTED,,
h1:original/high/h1/1final/22_순천여고_1학기_기말_고1_기출.js_20,original/high/h1/1final/22_순천여고_1학기_기말_고1_기출.js_20,original/high/h1/1final/22_순천여고_1학기_기말_고1_기출.js,original/high/h1/1final/22_순천여고_1학기_기말_고1_기출.js,20,20,20,2022,1,final,순천여고,2015,수학(상),H15-SA-09,평면좌표,H22-C2-01,평면좌표,H15-SA-09-GEOMETRY_EQUATION,도형의 방정식,forward_standard_key,archive/question-index.js + archive/exams/original/high/h1/**/*.js,INCLUDED,e8b00e8bf697509c52ce721d1512a5b0a521ce363ccdefbbe90f8e88bfcb72d1,7a2ad3dbfb3a5bf481bd4f2e7d8f710429d66984809372ed615fbe679614fc16,,8e718d58aab3a730b6197e30c7605039857821ab9cec8d4d4dca02faf086227c,30035994afc607e75b34eb4a0928afb10700a9d0cbc41efc744517546bbb047b,true,648,assets/images/22_순천여고_1학기_기말_고1_기출/q20-solution.svg,EXISTS,dfdbbc45b15bfe348e3d55af1cd69dcdefc22bba864761b4abe807c7463dc3c8,VISUAL_REQUIRED,INITIAL_TRIAGE_ONLY,,INVENTORIED,NOT_STARTED,NOT_TESTED,NOT_TESTED,NOT_TESTED,NOT_TESTED,NOT_TESTED,NOT_TESTED,,
h1:original/high/h1/1final/22_순천여고_1학기_기말_고1_기출.js_23,original/high/h1/1final/22_순천여고_1학기_기말_고1_기출.js_23,original/high/h1/1final/22_순천여고_1학기_기말_고1_기출.js,original/high/h1/1final/22_순천여고_1학기_기말_고1_기출.js,23,23,23,2022,1,final,순천여고,2015,수학(상),H15-SA-11,원의 방정식,H22-C2-03,원의 방정식,H15-SA-11-EQUATION_BASIC,방정식의 풀이,forward_standard_key,archive/question-index.js + archive/exams/original/high/h1/**/*.js,INCLUDED,a530fb5051112ca03b689657a1df4bd505a6b70da50d88ec3173a146d48a4767,e3bd5e66776d1504457c921b54a6cd3149fa5e89349e97359520c86f98b51c63,,856ed72393c15106a91cd25a9c281641308e2d8f89c30cac1bd16e94fb1f4543,83462ea49abdfe0ce4d81bbc6f31fa36dbf878498834c15db816062de1b07570,true,582,assets/images/22_순천여고_1학기_기말_고1_기출/q23-solution.svg,EXISTS,f3894dc8daaa249bdce97e195ce83946106d7160041d7366e912c9e610d4df48,VISUAL_REQUIRED,INITIAL_TRIAGE_ONLY,,INVENTORIED,NOT_STARTED,NOT_TESTED,NOT_TESTED,NOT_TESTED,NOT_TESTED,NOT_TESTED,NOT_TESTED,,
h1:original/high/h1/1final/22_제일고_1학기_기말_고1_기출.js_5,original/high/h1/1final/22_제일고_1학기_기말_고1_기출.js_5,original/high/h1/1final/22_제일고_1학기_기말_고1_기출.js,original/high/h1/1final/22_제일고_1학기_기말_고1_기출.js,5,5,5,2022,1,final,제일고,2022,공통수학2,H22-C2-01,평면좌표,H22-C2-01,평면좌표,H22-C2-01-COORDINATE_METRIC,평면좌표와 거리,forward_standard_key,archive/question-index.js + archive/exams/original/high/h1/**/*.js,INCLUDED,ce3ffda81fa3b1ddf037a96e6dddae1414cadec908b411fa148447c965ff3bba,593fe5ed8c6d88099dc203645c0cb30750a15842a078ccf17a66660f925040ac,,6a37c7c08f657083a8c3fc50d80507b70e21963634fb5c08f4720cb642759618,467a7d4739c5e98863843f5a2345a7426f5548e526479cbb21fdb74f1293103d,true,282,assets/images/22_제일고_1학기_기말_고1_기출/q05-solution.svg,EXISTS,543a4f2ff940afde55da7f788e59705d6fd1ef9ae82a715de9a0352ed7220d44,VISUAL_REQUIRED,INITIAL_TRIAGE_ONLY,,INVENTORIED,NOT_STARTED,NOT_TESTED,NOT_TESTED,NOT_TESTED,NOT_TESTED,NOT_TESTED,NOT_TESTED,,
h1:original/high/h1/1final/22_제일고_1학기_기말_고1_기출.js_6,original/high/h1/1final/22_제일고_1학기_기말_고1_기출.js_6,original/high/h1/1final/22_제일고_1학기_기말_고1_기출.js,original/high/h1/1final/22_제일고_1학기_기말_고1_기출.js,6,6,6,2022,1,final,제일고,2022,공통수학2,H22-C2-01,평면좌표,H22-C2-01,평면좌표,H22-C2-01-GEOMETRY_EQUATION,도형의 방정식,forward_standard_key,archive/question-index.js + archive/exams/original/high/h1/**/*.js,INCLUDED,351cbbdd1929e9d688bd61511eb553fc04a098e12ba69a80ba390f8266d9542e,e44faf8d393d2d21b84fbe2542dbe5df716ede51cb4b81246ac9bd20515b6307,,cf388ef0813afaa92eb00cc6c0875e70f4068bcc86ab4593a408392b32269786,af35c6f03ff665d54397e85cd6572c7f76c7e94d1622aceca1fc3ad55e2657ec,true,656,assets/images/22_제일고_1학기_기말_고1_기출/q06-solution.svg,EXISTS,d6dd00d99c849320969a517e5b123edf7c79951a1c67ca4bafa2511aba461c8e,VISUAL_REQUIRED,INITIAL_TRIAGE_ONLY,,INVENTORIED,NOT_STARTED,NOT_TESTED,NOT_TESTED,NOT_TESTED,NOT_TESTED,NOT_TESTED,NOT_TESTED,,
h1:original/high/h1/1final/22_제일고_1학기_기말_고1_기출.js_7,original/high/h1/1final/22_제일고_1학기_기말_고1_기출.js_7,original/high/h1/1final/22_제일고_1학기_기말_고1_기출.js,original/high/h1/1final/22_제일고_1학기_기말_고1_기출.js,7,7,7,2022,1,final,제일고,2022,공통수학2,H22-C2-01,평면좌표,H22-C2-01,평면좌표,H22-C2-01-COORDINATE_METRIC,평면좌표와 거리,forward_standard_key,archive/question-index.js + archive/exams/original/high/h1/**/*.js,INCLUDED,ca8f92bf67b84216a4eca0eb49a4f5ffd312460b678fc84edde0045769c8dde6,9c5278d0fe7ed46ecd8360a0179a625a1dbd6b0bd9106dd604a8babf560a682e,,2ed8ed8fa83168d8ffb2c7e2ea410b9697ab515aa81f06544c31243ecbf098d7,647f901d6eb98da4047133f69a7b8085f3d6bed1858c934cb4ed3d3213a7b0b7,true,305,,NONE,,VISUAL_REQUIRED,INITIAL_TRIAGE_ONLY,,INVENTORIED,NOT_STARTED,NOT_TESTED,NOT_TESTED,NOT_TESTED,NOT_TESTED,NOT_TESTED,NOT_TESTED,,
h1:original/high/h1/1final/22_제일고_1학기_기말_고1_기출.js_8,original/high/h1/1final/22_제일고_1학기_기말_고1_기출.js_8,original/high/h1/1final/22_제일고_1학기_기말_고1_기출.js,original/high/h1/1final/22_제일고_1학기_기말_고1_기출.js,8,8,8,2022,1,final,제일고,2022,공통수학2,H22-C2-01,평면좌표,H22-C2-01,평면좌표,H22-C2-01-COORDINATE_METRIC,평면좌표와 거리,forward_standard_key,archive/question-index.js + archive/exams/original/high/h1/**/*.js,INCLUDED,563463350a3db5858f13b82dfaf784dad7e07239311ad3a8ff6d851f9379d50b,8d7be77bbab47420401abdc96b4846d4e1181fa9e259e79690f4a89efbadda28,,023dd62f90f53ee1c419f250ea776705de8c1717196cfc1f53afe570b005139c,beb4cf3361979749e1463e40c012be87a96f43e2da5f980c6850faf530396def,true,722,,NONE,,VISUAL_REQUIRED,INITIAL_TRIAGE_ONLY,,INVENTORIED,NOT_STARTED,NOT_TESTED,NOT_TESTED,NOT_TESTED,NOT_TESTED,NOT_TESTED,NOT_TESTED,,
h1:original/high/h1/1final/22_제일고_1학기_기말_고1_기출.js_9,original/high/h1/1final/22_제일고_1학기_기말_고1_기출.js_9,original/high/h1/1final/22_제일고_1학기_기말_고1_기출.js,original/high/h1/1final/22_제일고_1학기_기말_고1_기출.js,9,9,9,2022,1,final,제일고,2022,공통수학2,H22-C2-01,평면좌표,H22-C2-01,평면좌표,H22-C2-01-COORDINATE_METRIC,평면좌표와 거리,forward_standard_key,archive/question-index.js + archive/exams/original/high/h1/**/*.js,INCLUDED,dd98e15b67cce96b6d57aaa6afb1181c94a27de51ba4d77e57973cf1ce6b01d9,10dbc779f210f534f69cfccfa3961870304f561c72407088714c8a6579dc4662,,31fa477ac2e127c8072b59b861a76a594dc9195674169293fc6883d2867f45f4,78d74b8d0e84f8886fc63543f92aece1c920f3260192dcca4bbbcad67609685f,true,471,assets/images/22_제일고_1학기_기말_고1_기출/q09-solution.svg,EXISTS,0130fbd22b918dd0d841a207d9479142a2df63817ff963bbedb4031d41bcefa2,VISUAL_REQUIRED,INITIAL_TRIAGE_ONLY,,INVENTORIED,NOT_STARTED,NOT_TESTED,NOT_TESTED,NOT_TESTED,NOT_TESTED,NOT_TESTED,NOT_TESTED,,
h1:original/high/h1/1final/22_제일고_1학기_기말_고1_기출.js_10,original/high/h1/1final/22_제일고_1학기_기말_고1_기출.js_10,original/high/h1/1final/22_제일고_1학기_기말_고1_기출.js,original/high/h1/1final/22_제일고_1학기_기말_고1_기출.js,10,10,10,2022,1,final,제일고,2022,공통수학2,H22-C2-02,직선의 방정식,H22-C2-02,직선의 방정식,H22-C2-02-LINE_EQUATION,직선의 방정식,forward_standard_key,archive/question-index.js + archive/exams/original/high/h1/**/*.js,INCLUDED,8b683f1ed8952f891578ffb5b51b528d9efa8cc4421a84a1d76301f13dfcdea9,94268224dc008b54c99b4f2050234410931566a2c2af456f818ad84056660b9a,,2a619af41b3aeda90e2232b782d510c17ec662723174e5ff8610ada1fb4c8e9e,8b6213b4d4630ef3ece5d66a9fb29e19316193c645ce18eea939ebbd37e7193f,true,229,,NONE,,REVIEW_REQUIRED,INITIAL_TRIAGE_ONLY,,INVENTORIED,NOT_STARTED,NOT_TESTED,NOT_TESTED,NOT_TESTED,NOT_TESTED,NOT_TESTED,NOT_TESTED,,
h1:original/high/h1/1final/22_제일고_1학기_기말_고1_기출.js_11,original/high/h1/1final/22_제일고_1학기_기말_고1_기출.js_11,original/high/h1/1final/22_제일고_1학기_기말_고1_기출.js,original/high/h1/1final/22_제일고_1학기_기말_고1_기출.js,11,11,11,2022,1,final,제일고,2022,공통수학2,H22-C2-02,직선의 방정식,H22-C2-02,직선의 방정식,H22-C2-02-LINE_EQUATION,직선의 방정식,forward_standard_key,archive/question-index.js + archive/exams/original/high/h1/**/*.js,INCLUDED,c67764a2e610962fa7e8ed21f125e21e5dd9782c73153283efb667c63e1b236f,a0e21e9163eab8878a0f173c513ed33b13b1fa4757cadf44c57082b6c0225b65,,b4a7522debe1b84e306449833e86a2e8f54c7297038832de6752ad708c963536,6099ed170494ad40eb478e84688162b4748e6b60d5e3a2b106369b3f7732a73d,true,493,assets/images/22_제일고_1학기_기말_고1_기출/q11-solution.svg,EXISTS,cad8bdc0ab9cee50e33c3eb15bd64e62fdc5e9eb6631c10c26d187285852d43a,VISUAL_REQUIRED,INITIAL_TRIAGE_ONLY,,INVENTORIED,NOT_STARTED,NOT_TESTED,NOT_TESTED,NOT_TESTED,NOT_TESTED,NOT_TESTED,NOT_TESTED,,
h1:original/high/h1/1final/22_제일고_1학기_기말_고1_기출.js_12,original/high/h1/1final/22_제일고_1학기_기말_고1_기출.js_12,original/high/h1/1final/22_제일고_1학기_기말_고1_기출.js,original/high/h1/1final/22_제일고_1학기_기말_고1_기출.js,12,12,12,2022,1,final,제일고,2022,공통수학2,H22-C2-02,직선의 방정식,H22-C2-02,직선의 방정식,H22-C2-02-LINE_EQUATION,직선의 방정식,forward_standard_key,archive/question-index.js + archive/exams/original/high/h1/**/*.js,INCLUDED,9a594633da8456f42b95a680ed22ad3a9f74bd564ef05d3b5db52c06c9913f72,39b54a656b2a1e35e953fd08361b224cd6a6892df4552b4b0c2d349c02480bed,,53890826d681258bbd23d0fa72215fdac71339f104807840fd44801a27916044,0470eeebbda91bd220e94940ae2d4bc72877697357de5c98de08278d8db98a20,true,399,assets/images/22_제일고_1학기_기말_고1_기출/q12-solution.svg,EXISTS,84622e38e812a9c7f544436d21c4cc51c8429a9e4c366fbaabb83c4cb0d69b56,VISUAL_REQUIRED,INITIAL_TRIAGE_ONLY,,INVENTORIED,NOT_STARTED,NOT_TESTED,NOT_TESTED,NOT_TESTED,NOT_TESTED,NOT_TESTED,NOT_TESTED,,
h1:original/high/h1/1final/22_제일고_1학기_기말_고1_기출.js_13,original/high/h1/1final/22_제일고_1학기_기말_고1_기출.js_13,original/high/h1/1final/22_제일고_1학기_기말_고1_기출.js,original/high/h1/1final/22_제일고_1학기_기말_고1_기출.js,13,13,13,2022,1,final,제일고,2022,공통수학2,H22-C2-03,원의 방정식,H22-C2-03,원의 방정식,H22-C2-03-CIRCLE_EQUATION,원의 방정식,forward_standard_key,archive/question-index.js + archive/exams/original/high/h1/**/*.js,INCLUDED,591f9e54cd2600371164cc5b9617ec32f361640645e4ce956dad6c8dc43c54b4,1009d67f345cb8803f12d5a9c5489103de30844a2fcc6e484bc2c8d5125c39e3,,0f9d717eb67a5616f5f14d49762ff8de86000c94d8997e25c22685a7888a1249,dd7697e82e75865e55a61fa7d198477060f027b0876cd25b456dae1b224ca811,true,354,assets/images/22_제일고_1학기_기말_고1_기출/q13-solution.svg,EXISTS,f54e248a3d48e9606b7069080259368a1024561425a33000aeb3f6abfe58d013,VISUAL_REQUIRED,INITIAL_TRIAGE_ONLY,,INVENTORIED,NOT_STARTED,NOT_TESTED,NOT_TESTED,NOT_TESTED,NOT_TESTED,NOT_TESTED,NOT_TESTED,,
h1:original/high/h1/1final/22_제일고_1학기_기말_고1_기출.js_14,original/high/h1/1final/22_제일고_1학기_기말_고1_기출.js_14,original/high/h1/1final/22_제일고_1학기_기말_고1_기출.js,original/high/h1/1final/22_제일고_1학기_기말_고1_기출.js,14,14,14,2022,1,final,제일고,2022,공통수학2,H22-C2-03,원의 방정식,H22-C2-03,원의 방정식,H22-C2-03-CIRCLE_EQUATION,원의 방정식,forward_standard_key,archive/question-index.js + archive/exams/original/high/h1/**/*.js,INCLUDED,722526f76541d93cc3a899148d948c6512b826e9a478a6242cce259238edd493,622d66a6f3dfae97e04a4b4bac802bb7deb5e41feb07727e9c18071170ef787d,,f46c2ab804a590864e8ee11fde71366beab31502cb54d25e4d9db91913d7eaba,660f1dab1ec9b23c6f5449e31dc9a4afb0ba680781971564f95228b6511d885a,true,558,assets/images/22_제일고_1학기_기말_고1_기출/q14-solution.svg,EXISTS,ead25b028c3bdd7c6cfc75031a3d0e187cffc3c218d439c7f73685d14f0c8212,VISUAL_REQUIRED,INITIAL_TRIAGE_ONLY,,INVENTORIED,NOT_STARTED,NOT_TESTED,NOT_TESTED,NOT_TESTED,NOT_TESTED,NOT_TESTED,NOT_TESTED,,
h1:original/high/h1/1final/22_제일고_1학기_기말_고1_기출.js_15,original/high/h1/1final/22_제일고_1학기_기말_고1_기출.js_15,original/high/h1/1final/22_제일고_1학기_기말_고1_기출.js,original/high/h1/1final/22_제일고_1학기_기말_고1_기출.js,15,15,15,2022,1,final,제일고,2022,공통수학2,H22-C2-03,원의 방정식,H22-C2-03,원의 방정식,H22-C2-03-TANGENT,원과 접선,forward_standard_key,archive/question-index.js + archive/exams/original/high/h1/**/*.js,INCLUDED,b97cbdc025b360c8f51814ee146f9d5d07ae319e8729086f90ea804daeae354e,ac9c1f866a43dccdba8197aed2c59d4210f81170710571f0705a9d19f3b95e28,,f822ab26fbf1b07edaffae0723c24839d4102e0e26464ffdde6febaca267e6dc,63ea13ffc2ccbf1f75f01764f1ae4d91fc61adb054a9c68938762b3941d14234,true,687,assets/images/22_제일고_1학기_기말_고1_기출/q15-solution.svg,EXISTS,627f0b3d3563947e36f207df3d4b8cdb9413a1c88e940727dbb9c4024d77d034,VISUAL_REQUIRED,INITIAL_TRIAGE_ONLY,,INVENTORIED,NOT_STARTED,NOT_TESTED,NOT_TESTED,NOT_TESTED,NOT_TESTED,NOT_TESTED,NOT_TESTED,,
h1:original/high/h1/1final/22_제일고_1학기_기말_고1_기출.js_16,original/high/h1/1final/22_제일고_1학기_기말_고1_기출.js_16,original/high/h1/1final/22_제일고_1학기_기말_고1_기출.js,original/high/h1/1final/22_제일고_1학기_기말_고1_기출.js,16,16,16,2022,1,final,제일고,2022,공통수학2,H22-C2-03,원의 방정식,H22-C2-03,원의 방정식,H22-C2-03-INTERSECTION,원과 직선·원의 관계,forward_standard_key,archive/question-index.js + archive/exams/original/high/h1/**/*.js,INCLUDED,b33e86f7adb497833b735eff41cb6919d1c94218f92d0f5d1bd82340ed98b5c5,e9f3f399ee889e247c40ed0cdc6a74d7eeb12983fc01ab4a0ad36336da80079a,,e57198b5690b0fc29dafc8cd5be7e501642d5070a7c85fd03edc7cd50dfbf3a4,402c8297c666c5c2043de89db62901b4cb63be332056d384df5fc50bfc7c1c84,true,759,assets/images/22_제일고_1학기_기말_고1_기출/q16-solution.svg,EXISTS,1bd9004017b6bce667084f545fb435b5f22552a8cc9d6e7e00e4297aa2770f70,VISUAL_REQUIRED,INITIAL_TRIAGE_ONLY,,INVENTORIED,NOT_STARTED,NOT_TESTED,NOT_TESTED,NOT_TESTED,NOT_TESTED,NOT_TESTED,NOT_TESTED,,
h1:original/high/h1/1final/22_제일고_1학기_기말_고1_기출.js_17,original/high/h1/1final/22_제일고_1학기_기말_고1_기출.js_17,original/high/h1/1final/22_제일고_1학기_기말_고1_기출.js,original/high/h1/1final/22_제일고_1학기_기말_고1_기출.js,17,17,17,2022,1,final,제일고,2022,공통수학2,H22-C2-03,원의 방정식,H22-C2-03,원의 방정식,H22-C2-03-TANGENT,원과 접선,forward_standard_key,archive/question-index.js + archive/exams/original/high/h1/**/*.js,INCLUDED,a4bd348d0d3fca2be7282ea96d6922982583baa79788ea5ab72f2eeb8cb6b36e,b3e686223dd890310df2dc433854b44b5c7b95992b4765bb1643d413a3047b20,,432f2d57ae7829f84416267f0c808d5a7272230275a9de7514d2594ec8841b48,53a62f117a2f52a997c70aebf517bb46b6588ddc14445c80416cfe91085faa3b,true,386,assets/images/22_제일고_1학기_기말_고1_기출/q17-solution.svg,EXISTS,31362127125cbb6d8de5ee5a765af38b291d6b900c674eab3d7946a3d69c389e,VISUAL_REQUIRED,INITIAL_TRIAGE_ONLY,,INVENTORIED,NOT_STARTED,NOT_TESTED,NOT_TESTED,NOT_TESTED,NOT_TESTED,NOT_TESTED,NOT_TESTED,,
h1:original/high/h1/1final/22_제일고_1학기_기말_고1_기출.js_18,original/high/h1/1final/22_제일고_1학기_기말_고1_기출.js_18,original/high/h1/1final/22_제일고_1학기_기말_고1_기출.js,original/high/h1/1final/22_제일고_1학기_기말_고1_기출.js,18,18,18,2022,1,final,제일고,2022,공통수학2,H22-C2-03,원의 방정식,H22-C2-03,원의 방정식,H22-C2-03-TANGENT,원과 접선,forward_standard_key,archive/question-index.js + archive/exams/original/high/h1/**/*.js,INCLUDED,bd76d2cb78f75408d016e02a423c968d586c928bdbbfe1a3f3e24b3e324e3c71,2811f63eb2c5a2148c0530c962518d16b303629f8d83c0f11d12108ba7eec756,,292a1a13cfe1ee6739dc96e94ad845125cf8c729af49b813b021f154510199e9,d6dba1addf9a63d5209e78fef7087e3947ee475ccc54cd91db93c48557460484,true,518,assets/images/22_제일고_1학기_기말_고1_기출/q18-solution.svg,EXISTS,d6f318846b0b52d439bb08c8e1a0d01556995f92360c5541bc915f6455ad167d,VISUAL_REQUIRED,INITIAL_TRIAGE_ONLY,,INVENTORIED,NOT_STARTED,NOT_TESTED,NOT_TESTED,NOT_TESTED,NOT_TESTED,NOT_TESTED,NOT_TESTED,,
h1:original/high/h1/1final/22_제일고_1학기_기말_고1_기출.js_20,original/high/h1/1final/22_제일고_1학기_기말_고1_기출.js_20,original/high/h1/1final/22_제일고_1학기_기말_고1_기출.js,original/high/h1/1final/22_제일고_1학기_기말_고1_기출.js,20,20,20,2022,1,final,제일고,2022,공통수학2,H22-C2-03,원의 방정식,H22-C2-03,원의 방정식,H22-C2-03-CIRCLE_EQUATION,원의 방정식,forward_standard_key,archive/question-index.js + archive/exams/original/high/h1/**/*.js,INCLUDED,d5b7b59f70c655b53cde234e8c51c9e813c15e66d385a7f515e8b0e91cf5ec78,c70ff586051f3bed07cdb289e13ffcd42f0997aa08ac17f3ff6f52804f1d2bfe,,4a9f576b62dffe5b0ad3841622e0884583f71e021051a39801fcd2859e2d88f5,3a47ea551d090c26c4a19ea00abcc3782f72ecc550be3f4f5e1366c556ec877f,true,668,assets/images/22_제일고_1학기_기말_고1_기출/q20-solution.svg,EXISTS,558dfd450f6bdc59e47832f757f5d4ed07bdafe7e35120f29cffbd009ba7da7a,VISUAL_REQUIRED,INITIAL_TRIAGE_ONLY,,INVENTORIED,NOT_STARTED,NOT_TESTED,NOT_TESTED,NOT_TESTED,NOT_TESTED,NOT_TESTED,NOT_TESTED,,
h1:original/high/h1/1final/22_제일고_1학기_기말_고1_기출.js_21,original/high/h1/1final/22_제일고_1학기_기말_고1_기출.js_21,original/high/h1/1final/22_제일고_1학기_기말_고1_기출.js,original/high/h1/1final/22_제일고_1학기_기말_고1_기출.js,21,21,21,2022,1,final,제일고,2022,공통수학2,H22-C2-03,원의 방정식,H22-C2-03,원의 방정식,H22-C2-03-CIRCLE_EQUATION,원의 방정식,forward_standard_key,archive/question-index.js + archive/exams/original/high/h1/**/*.js,INCLUDED,5a2b8d3e38aca626a7e037196ccb741a998277c5cf58ed27cbab5ff3592a0d70,0c54aa469871947b589c09b8f74adc622a3dee8ff1e854ccb1e14fe63b88b283,,79b709dab0f0f356a1eb140b2eaa00a895b9e88993ce01048be80de72e421d1c,5e7f2feed1d158878799c9553e7b443c6c080a7a30e6a1469c65ab9d333c917f,true,777,assets/images/22_제일고_1학기_기말_고1_기출/q21-solution.svg,EXISTS,94fdaa18c20a640db85d1c15a815ee1e8ccc746cca64bdfa01e030f36870b9c7,VISUAL_REQUIRED,INITIAL_TRIAGE_ONLY,,INVENTORIED,NOT_STARTED,NOT_TESTED,NOT_TESTED,NOT_TESTED,NOT_TESTED,NOT_TESTED,NOT_TESTED,,
h1:original/high/h1/1final/22_제일고_1학기_기말_고1_기출.js_22,original/high/h1/1final/22_제일고_1학기_기말_고1_기출.js_22,original/high/h1/1final/22_제일고_1학기_기말_고1_기출.js,original/high/h1/1final/22_제일고_1학기_기말_고1_기출.js,22,22,22,2022,1,final,제일고,2022,공통수학2,H22-C2-03,원의 방정식,H22-C2-03,원의 방정식,H22-C2-03-CIRCLE_EQUATION,원의 방정식,forward_standard_key,archive/question-index.js + archive/exams/original/high/h1/**/*.js,INCLUDED,4697bf224ab73c7454a442651e1a767b27a9be10651b42ac7178a3d1b86678c3,c9bdaf87c476af75c80c6780dd665a11c5e57606f62f7d610acb9d0fc133a457,,673f15792998362c6deebdb845ee56a882f4fcd19d863d49b93be790e8e72be9,aff900f07e3ff21003da930ff2d0c6037022398ec65b1791e052437dd93c92e4,true,750,assets/images/22_제일고_1학기_기말_고1_기출/q22-solution.svg,EXISTS,6989c41df17a7395925b17cf82d708cf94f86f97b0288fc8ff0bfa6209dcfe69,VISUAL_REQUIRED,INITIAL_TRIAGE_ONLY,,INVENTORIED,NOT_STARTED,NOT_TESTED,NOT_TESTED,NOT_TESTED,NOT_TESTED,NOT_TESTED,NOT_TESTED,,
h1:original/high/h1/1final/22_팔마고_1학기_기말_고1_기출.js_2,original/high/h1/1final/22_팔마고_1학기_기말_고1_기출.js_2,original/high/h1/1final/22_팔마고_1학기_기말_고1_기출.js,original/high/h1/1final/22_팔마고_1학기_기말_고1_기출.js,2,2,2,2022,1,final,팔마고,2015,수학(상),H15-SA-09,평면좌표,H22-C2-01,평면좌표,H15-SA-09-COORDINATE_METRIC,좌표와 거리,forward_standard_key,archive/question-index.js + archive/exams/original/high/h1/**/*.js,INCLUDED,0d5ba8aeb6067401fa592af220f3ee8d86de027eef020d4ae3cc538e186cdbd7,e34a7094b433495b6135b460c9570edb5e3f0290f5a8556788fb9f328607b799,,7afd8e65373fc13d1a523b16ed5e655c3d14547923a07e583c24b88b088eeba2,633958e9fedd04b41f463b590191b415ee3eb5c8b3f812fbe2aff7e2b42e18b3,true,324,,NONE,,REVIEW_REQUIRED,INITIAL_TRIAGE_ONLY,,INVENTORIED,NOT_STARTED,NOT_TESTED,NOT_TESTED,NOT_TESTED,NOT_TESTED,NOT_TESTED,NOT_TESTED,,
h1:original/high/h1/1final/22_팔마고_1학기_기말_고1_기출.js_3,original/high/h1/1final/22_팔마고_1학기_기말_고1_기출.js_3,original/high/h1/1final/22_팔마고_1학기_기말_고1_기출.js,original/high/h1/1final/22_팔마고_1학기_기말_고1_기출.js,3,3,3,2022,1,final,팔마고,2015,수학(상),H15-SA-09,평면좌표,H22-C2-01,평면좌표,H15-SA-09-COORDINATE_METRIC,좌표와 거리,forward_standard_key,archive/question-index.js + archive/exams/original/high/h1/**/*.js,INCLUDED,2090154a1fffcdf75d66947151d216dd00771e182393ccd8272625d5a8db1199,897f0fd3926a986eb62c8251193640c96f65a6aed800d449d958f32eaa7d359c,,3da689ddaf5e571b864b9668f350ff3a0a751e14bf9fe98b7bac5048bce20f81,9e7c3db5a6b0404d1241f2bda763dc64d89850b2d91ddb10dc50a058137caef2,true,656,,NONE,,VISUAL_REQUIRED,INITIAL_TRIAGE_ONLY,,INVENTORIED,NOT_STARTED,NOT_TESTED,NOT_TESTED,NOT_TESTED,NOT_TESTED,NOT_TESTED,NOT_TESTED,,
h1:original/high/h1/1final/22_팔마고_1학기_기말_고1_기출.js_4,original/high/h1/1final/22_팔마고_1학기_기말_고1_기출.js_4,original/high/h1/1final/22_팔마고_1학기_기말_고1_기출.js,original/high/h1/1final/22_팔마고_1학기_기말_고1_기출.js,4,4,4,2022,1,final,팔마고,2015,수학(상),H15-SA-10,직선의 방정식,H22-C2-02,직선의 방정식,H15-SA-10-LINE_EQUATION,직선의 방정식,forward_standard_key,archive/question-index.js + archive/exams/original/high/h1/**/*.js,INCLUDED,5956e28111bd271d5d3b5655acef40d6a1d1fef1b9e2dbf8ac11e5d5646f6012,16a508c94fe1b46ce85163d6a3d18c6de7c20d20554ac673f984f089af232576,,56a81d7e012f41504835ef907abf35750c2c53876c4c62a259d62a5436104b8a,73ec52a8999211c259a919eb340ebd37a1dba765962cc170b581e683652fbb87,true,372,assets/images/22_팔마고_1학기_기말_고1_기출/q04-solution.svg,EXISTS,610241864af66575d2036be81ef18730c727653e251e599638718a5fe8dbed38,VISUAL_REQUIRED,INITIAL_TRIAGE_ONLY,,INVENTORIED,NOT_STARTED,NOT_TESTED,NOT_TESTED,NOT_TESTED,NOT_TESTED,NOT_TESTED,NOT_TESTED,,
h1:original/high/h1/1final/22_팔마고_1학기_기말_고1_기출.js_5,original/high/h1/1final/22_팔마고_1학기_기말_고1_기출.js_5,original/high/h1/1final/22_팔마고_1학기_기말_고1_기출.js,original/high/h1/1final/22_팔마고_1학기_기말_고1_기출.js,5,5,5,2022,1,final,팔마고,2015,수학(상),H15-SA-10,직선의 방정식,H22-C2-02,직선의 방정식,H15-SA-10-LINE_EQUATION,직선의 방정식,forward_standard_key,archive/question-index.js + archive/exams/original/high/h1/**/*.js,INCLUDED,af657c30615a5ccd140e13bfe3ec3a34a310b68d7e2df8529a0057b9198602f4,39f1d7223a5ca29fce75772c85acefc135716e7483f14c0f1aa39028f2e48d42,,b74907259fdf6d875ae622de6d519cfb9e15f2a947aacbae5c0761dd4d23acb2,6c58e478a3fcbe361f77051327b42afe06eb7cf08fd65ad753f96478b2a9a8e8,true,361,assets/images/22_팔마고_1학기_기말_고1_기출/q05-solution.svg,EXISTS,9a6ab5994d5f1bfbc58a691f48d2a8e7923007841c03c1e7d51e4f7c57c7d127,VISUAL_REQUIRED,INITIAL_TRIAGE_ONLY,,INVENTORIED,NOT_STARTED,NOT_TESTED,NOT_TESTED,NOT_TESTED,NOT_TESTED,NOT_TESTED,NOT_TESTED,,
h1:original/high/h1/1final/22_팔마고_1학기_기말_고1_기출.js_6,original/high/h1/1final/22_팔마고_1학기_기말_고1_기출.js_6,original/high/h1/1final/22_팔마고_1학기_기말_고1_기출.js,original/high/h1/1final/22_팔마고_1학기_기말_고1_기출.js,6,6,6,2022,1,final,팔마고,2015,수학(상),H15-SA-11,원의 방정식,H22-C2-03,원의 방정식,H15-SA-11-CIRCLE_EQUATION,원의 방정식,forward_standard_key,archive/question-index.js + archive/exams/original/high/h1/**/*.js,INCLUDED,fe1ce7e48ce8b159fdbcdcf6ceee2012255757de69af1e049f051bcea91561d0,6dc32fbc13b96da00f01d5d74143db92d6be5324fd9bd7706201f169b627c1db,,1edd9e5ab6436c98817e1a128f5dfb656944703c344aad246ed3cf08ce8aecb3,cedd66b72c6cc40276be9bd5c82485dceb4653ae5ac726f5a3e3a6f4e629db25,true,374,assets/images/22_팔마고_1학기_기말_고1_기출/q06-solution.svg,EXISTS,ee7e45e9f8949ce21f8c7bdaa44706614a74611ae7a5b80684ba9dd34ddceb23,VISUAL_REQUIRED,INITIAL_TRIAGE_ONLY,,INVENTORIED,NOT_STARTED,NOT_TESTED,NOT_TESTED,NOT_TESTED,NOT_TESTED,NOT_TESTED,NOT_TESTED,,
h1:original/high/h1/1final/22_팔마고_1학기_기말_고1_기출.js_7,original/high/h1/1final/22_팔마고_1학기_기말_고1_기출.js_7,original/high/h1/1final/22_팔마고_1학기_기말_고1_기출.js,original/high/h1/1final/22_팔마고_1학기_기말_고1_기출.js,7,7,7,2022,1,final,팔마고,2015,수학(상),H15-SA-11,원의 방정식,H22-C2-03,원의 방정식,H15-SA-11-CIRCLE_EQUATION,원의 방정식,forward_standard_key,archive/question-index.js + archive/exams/original/high/h1/**/*.js,INCLUDED,820816693d431ff0c6d6339383a201e1acce7f28f76897ae32b1d837abb817e8,e049c89133d165015f0e887816784c0757b48ce206382b6fa286ce778b89abe3,,2fdaf5d8a0dfa36443695e7a989c45cd286561c0aae2d8733f681688acfe26e7,8d1d1161e13dff545278b047f6adc8ddb01ccb54560c1a82cca425679b2e67bc,true,325,assets/images/22_팔마고_1학기_기말_고1_기출/q07-solution.svg,EXISTS,280c26fe8ac09816a3d0d1ab17d5c4c35b77af1000031d8f645e15e41e9ae118,VISUAL_REQUIRED,INITIAL_TRIAGE_ONLY,,INVENTORIED,NOT_STARTED,NOT_TESTED,NOT_TESTED,NOT_TESTED,NOT_TESTED,NOT_TESTED,NOT_TESTED,,
h1:original/high/h1/1final/22_팔마고_1학기_기말_고1_기출.js_13,original/high/h1/1final/22_팔마고_1학기_기말_고1_기출.js_13,original/high/h1/1final/22_팔마고_1학기_기말_고1_기출.js,original/high/h1/1final/22_팔마고_1학기_기말_고1_기출.js,13,13,13,2022,1,final,팔마고,2015,수학(상),H15-SA-10,직선의 방정식,H22-C2-02,직선의 방정식,H15-SA-10-LINE_EQUATION,직선의 방정식,forward_standard_key,archive/question-index.js + archive/exams/original/high/h1/**/*.js,INCLUDED,56faf44ddbb15da1a4f6f9c671d8a2a012d0cf21328e29bdddd12e0d9d093e1a,4989381ebc78f8feb1fab474b53a3a01e8da812dbcc4feddaf4954f29f3734a6,,e8276510c88519aec565b06b614e9855857bcb261d7837844738cd1fb576ae93,d1b82d74e67cbf9cb158bb706cc251d013f674a38dc44ba1557aeed17835447b,true,478,assets/images/22_팔마고_1학기_기말_고1_기출/q13-solution.svg,EXISTS,0911eeeca163c0b287e8a370ca2c83d575b3dd7e3c450c419070123d54f42f43,REVIEW_REQUIRED,INITIAL_TRIAGE_ONLY,,INVENTORIED,NOT_STARTED,NOT_TESTED,NOT_TESTED,NOT_TESTED,NOT_TESTED,NOT_TESTED,NOT_TESTED,,
h1:original/high/h1/1final/22_팔마고_1학기_기말_고1_기출.js_14,original/high/h1/1final/22_팔마고_1학기_기말_고1_기출.js_14,original/high/h1/1final/22_팔마고_1학기_기말_고1_기출.js,original/high/h1/1final/22_팔마고_1학기_기말_고1_기출.js,14,14,14,2022,1,final,팔마고,2015,수학(상),H15-SA-10,직선의 방정식,H22-C2-02,직선의 방정식,H15-SA-10-DISTANCE_ANGLE,직선 사이의 거리와 각,forward_standard_key,archive/question-index.js + archive/exams/original/high/h1/**/*.js,INCLUDED,e2936a158a41cc4495aa3a0579423cb32e468aa5a97c16e854190f0832098dec,b8f4418b8d278e48acddf63b5bafe71a7d574120a73006e3cdd303c1ead99209,,8df0a71b6137c0ee4105a89f72c51585e52e5e8360e6484f8d2f398069ccc55b,e7d12e275e371d422cc2604d38998bd54bcd95361f16a4454f006e83eb892fc9,true,403,assets/images/22_팔마고_1학기_기말_고1_기출/q14-solution.svg,EXISTS,6967a1156376bafeec7af748c40eaf1b3f8045d8bde47ed0b5e907f8ba163cc6,VISUAL_REQUIRED,INITIAL_TRIAGE_ONLY,,INVENTORIED,NOT_STARTED,NOT_TESTED,NOT_TESTED,NOT_TESTED,NOT_TESTED,NOT_TESTED,NOT_TESTED,,
h1:original/high/h1/1final/22_팔마고_1학기_기말_고1_기출.js_15,original/high/h1/1final/22_팔마고_1학기_기말_고1_기출.js_15,original/high/h1/1final/22_팔마고_1학기_기말_고1_기출.js,original/high/h1/1final/22_팔마고_1학기_기말_고1_기출.js,15,15,15,2022,1,final,팔마고,2015,수학(상),H15-SA-11,원의 방정식,H22-C2-03,원의 방정식,H15-SA-11-CIRCLE_EQUATION,원의 방정식,forward_standard_key,archive/question-index.js + archive/exams/original/high/h1/**/*.js,INCLUDED,2ea31304525fa344145c88cb64417ef1230a95a928482d1382111508ea7aa3de,04051775007d7621fec2d8199d278448a6741d4d4825ff88d05e6121c392370f,,d52950862e549a4b9190a2ba22c59ab7176cdc3e24fcbc0775c6f944eb81a997,b6ed01d696c74c785706d8bb06083cfda26ea147b48b4128d612d8f2ebbc1319,true,474,assets/images/22_팔마고_1학기_기말_고1_기출/q15-solution.svg,EXISTS,93625b931a7deb7c418f9623629d333da432678b2084de94b3307662ed76cc12,VISUAL_REQUIRED,INITIAL_TRIAGE_ONLY,,INVENTORIED,NOT_STARTED,NOT_TESTED,NOT_TESTED,NOT_TESTED,NOT_TESTED,NOT_TESTED,NOT_TESTED,,
h1:original/high/h1/1final/22_팔마고_1학기_기말_고1_기출.js_17,original/high/h1/1final/22_팔마고_1학기_기말_고1_기출.js_17,original/high/h1/1final/22_팔마고_1학기_기말_고1_기출.js,original/high/h1/1final/22_팔마고_1학기_기말_고1_기출.js,17,17,17,2022,1,final,팔마고,2015,수학(상),H15-SA-10,직선의 방정식,H22-C2-02,직선의 방정식,H15-SA-10-LINE_EQUATION,직선의 방정식,forward_standard_key,archive/question-index.js + archive/exams/original/high/h1/**/*.js,INCLUDED,2b567d8348860ed3cfeab1d623ecc3ac34971228fc4fc25e617bc0e65ac62476,c497478d9a8f1a9b6d6089794ecf7d32bc295a5b110cb85af299f855e1b2322e,,294494912e91842c7c55bfc45814284a29cba43b5df4f4a310ee2bd005067495,606e7981e2edbfaa87fc05f919d21abd72e70f3e7844b74635b6cb793046bb66,true,758,assets/images/22_팔마고_1학기_기말_고1_기출/q17-solution.svg,EXISTS,b0652d23fa6b96fcf005cbcca24ccb0f5fc21ddda15f7bb90bf46fd88ad24db5,REVIEW_REQUIRED,INITIAL_TRIAGE_ONLY,,INVENTORIED,NOT_STARTED,NOT_TESTED,NOT_TESTED,NOT_TESTED,NOT_TESTED,NOT_TESTED,NOT_TESTED,,
h1:original/high/h1/1final/22_팔마고_1학기_기말_고1_기출.js_18,original/high/h1/1final/22_팔마고_1학기_기말_고1_기출.js_18,original/high/h1/1final/22_팔마고_1학기_기말_고1_기출.js,original/high/h1/1final/22_팔마고_1학기_기말_고1_기출.js,18,18,18,2022,1,final,팔마고,2015,수학(상),H15-SA-09,평면좌표,H22-C2-01,평면좌표,H15-SA-09-COORDINATE_METRIC,좌표와 거리,forward_standard_key,archive/question-index.js + archive/exams/original/high/h1/**/*.js,INCLUDED,17abb81cbd57a2a82c6253ea512d9fcc7e341609f556bec34f5ddcc6263bc9cd,230154c0c3d1e00a3eea5a6fd95d9e811d7efe4a02a7bf65d038458deceeb25c,,5b06a215125684a0163b62f0dbe86856b98f73d57de837a98ca988995a98d4e5,47f53c961b44e1e2da7f3c3acccfb393d79ebf58f2a7248f24dcd385ad4c0f20,true,358,,NONE,,REVIEW_REQUIRED,INITIAL_TRIAGE_ONLY,,INVENTORIED,NOT_STARTED,NOT_TESTED,NOT_TESTED,NOT_TESTED,NOT_TESTED,NOT_TESTED,NOT_TESTED,,
h1:original/high/h1/1final/22_팔마고_1학기_기말_고1_기출.js_19,original/high/h1/1final/22_팔마고_1학기_기말_고1_기출.js_19,original/high/h1/1final/22_팔마고_1학기_기말_고1_기출.js,original/high/h1/1final/22_팔마고_1학기_기말_고1_기출.js,19,19,19,2022,1,final,팔마고,2015,수학(상),H15-SA-11,원의 방정식,H22-C2-03,원의 방정식,H15-SA-11-CIRCLE_EQUATION,원의 방정식,forward_standard_key,archive/question-index.js + archive/exams/original/high/h1/**/*.js,INCLUDED,cdc52a0c174935c89acc64803b55aaf260b17da4dc65baa02009dd2c1380b465,63e37b1118ecf073990437702b11a3bd07b705330a43e6d7646439bd828dacda,,5c018dbd199cd462bc76ed33e9dc3cb528a7faa31b67126ba6f19f92dacabee8,24dbaecb707dcd10612f00dd045f61023e402d21b6a027cb78369ef99d11c051,true,714,assets/images/22_팔마고_1학기_기말_고1_기출/q19-solution.svg,EXISTS,d3c38319df6bf71d9c7a009f86c0873f2a9d34116da506711293e6cfa04b0c8c,VISUAL_REQUIRED,INITIAL_TRIAGE_ONLY,,INVENTORIED,NOT_STARTED,NOT_TESTED,NOT_TESTED,NOT_TESTED,NOT_TESTED,NOT_TESTED,NOT_TESTED,,
h1:original/high/h1/1final/22_팔마고_1학기_기말_고1_기출.js_22,original/high/h1/1final/22_팔마고_1학기_기말_고1_기출.js_22,original/high/h1/1final/22_팔마고_1학기_기말_고1_기출.js,original/high/h1/1final/22_팔마고_1학기_기말_고1_기출.js,22,22,22,2022,1,final,팔마고,2015,수학(상),H15-SA-10,직선의 방정식,H22-C2-02,직선의 방정식,H15-SA-10-LINE_EQUATION,직선의 방정식,forward_standard_key,archive/question-index.js + archive/exams/original/high/h1/**/*.js,INCLUDED,16cdc256d94bb2e9a93698ca4f7de73810082f2bf9b98003745e8e6a34c30fe9,f4db9205e3cef4b3622f9b932c390aab9b928cce40e7d2031a9e623c99c1dc2a,,0907f95ee484feb0139dbf0f06b8588af246341440bf40ff50d45923b41f8772,b319c9826336fdd4a5d09fd67da99a63bd2240c255c74e2e45abe63b6d109e99,true,541,assets/images/22_팔마고_1학기_기말_고1_기출/q22-solution.svg,EXISTS,bfa0a47c0e8693f271f2eec412500c53a8229ce070f9cac38536a147b75a3ed8,VISUAL_REQUIRED,INITIAL_TRIAGE_ONLY,,INVENTORIED,NOT_STARTED,NOT_TESTED,NOT_TESTED,NOT_TESTED,NOT_TESTED,NOT_TESTED,NOT_TESTED,,
h1:original/high/h1/1final/22_효천고_1학기_기말_고1_기출.js_1,original/high/h1/1final/22_효천고_1학기_기말_고1_기출.js_1,original/high/h1/1final/22_효천고_1학기_기말_고1_기출.js,original/high/h1/1final/22_효천고_1학기_기말_고1_기출.js,1,1,1,2022,1,final,효천고,2015,수학(상),H15-SA-09,평면좌표,H22-C2-01,평면좌표,H15-SA-09-TRIANGLE_CENTROID_AREA,삼각형의 좌표와 무게중심,forward_standard_key,archive/question-index.js + archive/exams/original/high/h1/**/*.js,INCLUDED,1aaec148fc5a2a86401fa8b6d710abcb0091d322128447ecdd33c0598db1dc16,822b8afb714ed14ab7eaca85ebe917a7bab70f1bc3fe5d78bb5aa1fa8c5d0e2c,,40dac6febdbf1f63b62dfcbdd16b7f30e9ff315bd695b90a86405187d9717007,af98fc58dc88f04e7f8e683133c89d17c70117736a25324c272eefb339f3216d,true,241,,NONE,,VISUAL_REQUIRED,INITIAL_TRIAGE_ONLY,,INVENTORIED,NOT_STARTED,NOT_TESTED,NOT_TESTED,NOT_TESTED,NOT_TESTED,NOT_TESTED,NOT_TESTED,,
h1:original/high/h1/1final/22_효천고_1학기_기말_고1_기출.js_2,original/high/h1/1final/22_효천고_1학기_기말_고1_기출.js_2,original/high/h1/1final/22_효천고_1학기_기말_고1_기출.js,original/high/h1/1final/22_효천고_1학기_기말_고1_기출.js,2,2,2,2022,1,final,효천고,2015,수학(상),H15-SA-10,직선의 방정식,H22-C2-02,직선의 방정식,H15-SA-10-DISTANCE_ANGLE,직선 사이의 거리와 각,forward_standard_key,archive/question-index.js + archive/exams/original/high/h1/**/*.js,INCLUDED,d4d68dd35ff9cbc9ee3af8e678af8a753c0a58a94ec7b0b879e4cab1961087c9,5a5b0bb7bb46f15f4ea215a0dca5a0f3e82335b52e7bef1fb14874500b9d4104,,270c523eabad99049526e8cc89f80f88c85bca1b9dd828d8a89206e8a9ee7f50,1a3cd41c328885b102f7825abe0fe81ab438a3a415da44b486de6f7f492dd1d1,true,336,,NONE,,VISUAL_REQUIRED,INITIAL_TRIAGE_ONLY,,INVENTORIED,NOT_STARTED,NOT_TESTED,NOT_TESTED,NOT_TESTED,NOT_TESTED,NOT_TESTED,NOT_TESTED,,
h1:original/high/h1/1final/22_효천고_1학기_기말_고1_기출.js_3,original/high/h1/1final/22_효천고_1학기_기말_고1_기출.js_3,original/high/h1/1final/22_효천고_1학기_기말_고1_기출.js,original/high/h1/1final/22_효천고_1학기_기말_고1_기출.js,3,3,3,2022,1,final,효천고,2015,수학(상),H15-SA-09,평면좌표,H22-C2-01,평면좌표,H15-SA-09-GEOMETRY_EQUATION,도형의 방정식,forward_standard_key,archive/question-index.js + archive/exams/original/high/h1/**/*.js,INCLUDED,0a8d6c9b14cb4421e5d176d88128ead63b29aa46206ece60b5f7726d34210dd0,0a4b3d537c5b9b1dfed07dccab4a197f80fe4313cbfef66bb4c3e61f75d3f259,,630c7e83fab6a6f133cc5fb8c8769a80ce85e220a1beaebb998bda4148d32f62,a29425f2535ad86064c8fadb81024dbbcd8e856feb2668dcb1408b178bc84641,true,281,,NONE,,VISUAL_REQUIRED,INITIAL_TRIAGE_ONLY,,INVENTORIED,NOT_STARTED,NOT_TESTED,NOT_TESTED,NOT_TESTED,NOT_TESTED,NOT_TESTED,NOT_TESTED,,
h1:original/high/h1/1final/22_효천고_1학기_기말_고1_기출.js_7,original/high/h1/1final/22_효천고_1학기_기말_고1_기출.js_7,original/high/h1/1final/22_효천고_1학기_기말_고1_기출.js,original/high/h1/1final/22_효천고_1학기_기말_고1_기출.js,7,7,7,2022,1,final,효천고,2015,수학(상),H15-SA-09,평면좌표,H22-C2-01,평면좌표,H15-SA-09-COORDINATE_METRIC,좌표와 거리,forward_standard_key,archive/question-index.js + archive/exams/original/high/h1/**/*.js,INCLUDED,48dde683fc9a9929d331a0a493bf1145f6db61afdcddd13b0e58ba45cd6796f7,d24e0ae1064d28f86b8ceb96da04e8b4de6bb38dd2e929b55b709f059b19e26c,,2f2dc7dc4cb15fb8e757cbe2cef0bdb80c9c20b8ab3ee77b6809871bb75fda5a,03cc73949e2b6691609a51b0db757237bc6f8be64ca08e850918625604ce84b7,true,440,,NONE,,VISUAL_REQUIRED,INITIAL_TRIAGE_ONLY,,INVENTORIED,NOT_STARTED,NOT_TESTED,NOT_TESTED,NOT_TESTED,NOT_TESTED,NOT_TESTED,NOT_TESTED,,
h1:original/high/h1/1final/22_효천고_1학기_기말_고1_기출.js_8,original/high/h1/1final/22_효천고_1학기_기말_고1_기출.js_8,original/high/h1/1final/22_효천고_1학기_기말_고1_기출.js,original/high/h1/1final/22_효천고_1학기_기말_고1_기출.js,8,8,8,2022,1,final,효천고,2015,수학(상),H15-SA-09,평면좌표,H22-C2-01,평면좌표,H15-SA-09-COORDINATE_METRIC,좌표와 거리,forward_standard_key,archive/question-index.js + archive/exams/original/high/h1/**/*.js,INCLUDED,286c77201852fa65eb8782fd52116c9e8ff6d5d153a9325c5edd6636bd98b858,fea984b7e2268ecd40233b6af78578e4a0e6bac8af67c71192a40e4696ee9406,,d6dad9b42052b15113d8898c58d7a335b64db81309a149b84bbfc04c2d3b508b,52156e01817343635481f20bd04b3e7e7abc4d7c1e88667f129430b52d8b8224,true,632,assets/images/22_효천고_1학기_기말_고1_기출/q08-solution.svg,EXISTS,1dc3b2cc98fd33e5877f2e432171af83b4460184518a98b98e4ca795735bd4c3,VISUAL_REQUIRED,INITIAL_TRIAGE_ONLY,,INVENTORIED,NOT_STARTED,NOT_TESTED,NOT_TESTED,NOT_TESTED,NOT_TESTED,NOT_TESTED,NOT_TESTED,,
h1:original/high/h1/1final/22_효천고_1학기_기말_고1_기출.js_14,original/high/h1/1final/22_효천고_1학기_기말_고1_기출.js_14,original/high/h1/1final/22_효천고_1학기_기말_고1_기출.js,original/high/h1/1final/22_효천고_1학기_기말_고1_기출.js,14,14,14,2022,1,final,효천고,2015,수학(상),H15-SA-11,원의 방정식,H22-C2-03,원의 방정식,H15-SA-11-CIRCLE_EQUATION,원의 방정식,forward_standard_key,archive/question-index.js + archive/exams/original/high/h1/**/*.js,INCLUDED,69d5ef28602689514f03a7a229225258c0f9b3774ffdcf1c59fd6ab8e077464f,baa4ba3e94801fb95a051cea9918e5b2e86bc4f82306f3ae54451ee9ee498a47,,b1a9147aca7c64fbf6c98c9289558fdc2c55baca9ec6e3d93a89cc3ddca86a13,fb1ea9bc11e3d21bb1ad295974f77fcf922be1605cbb5012a1e7a8dc9025c854,true,618,assets/images/22_효천고_1학기_기말_고1_기출/q14-solution.svg,EXISTS,a14fe40fbf3c8d40918512f18cdf159f053460774fb543a4e673212e4df1953e,VISUAL_REQUIRED,INITIAL_TRIAGE_ONLY,,INVENTORIED,NOT_STARTED,NOT_TESTED,NOT_TESTED,NOT_TESTED,NOT_TESTED,NOT_TESTED,NOT_TESTED,,
h1:original/high/h1/1final/22_효천고_1학기_기말_고1_기출.js_16,original/high/h1/1final/22_효천고_1학기_기말_고1_기출.js_16,original/high/h1/1final/22_효천고_1학기_기말_고1_기출.js,original/high/h1/1final/22_효천고_1학기_기말_고1_기출.js,16,16,16,2022,1,final,효천고,2015,수학(상),H15-SA-10,직선의 방정식,H22-C2-02,직선의 방정식,H15-SA-10-DISTANCE_ANGLE,직선 사이의 거리와 각,forward_standard_key,archive/question-index.js + archive/exams/original/high/h1/**/*.js,INCLUDED,a78eb9f0a2956fcfcbf444b0939957b60165e0d51ce17e18a839cd18ea1a50c4,0d22b645d71c9f8d1cdddd3f2767f1aada185a098113ee217a0f5d80d5ac1b37,,f9ba82e13141738036f3a06920595114317d40580957e3ebbcc4c68125004282,ae69b4a118ca80956618b90ad5d4dba79f095f3269475408c3f9c7d28aa0a157,true,747,assets/images/22_효천고_1학기_기말_고1_기출/q16-solution.svg,EXISTS,523243c88ec4b23670095f177583bd322617c67564fd30ac1dde3c89a7f544ec,VISUAL_REQUIRED,INITIAL_TRIAGE_ONLY,,INVENTORIED,NOT_STARTED,NOT_TESTED,NOT_TESTED,NOT_TESTED,NOT_TESTED,NOT_TESTED,NOT_TESTED,,
h1:original/high/h1/1final/22_효천고_1학기_기말_고1_기출.js_17,original/high/h1/1final/22_효천고_1학기_기말_고1_기출.js_17,original/high/h1/1final/22_효천고_1학기_기말_고1_기출.js,original/high/h1/1final/22_효천고_1학기_기말_고1_기출.js,17,17,17,2022,1,final,효천고,2015,수학(상),H15-SA-11,원의 방정식,H22-C2-03,원의 방정식,H15-SA-11-CIRCLE_EQUATION,원의 방정식,forward_standard_key,archive/question-index.js + archive/exams/original/high/h1/**/*.js,INCLUDED,c3be7838259218980a078ea592b32757f38b53be71488d3fef2a509306ce98d0,ec45a3fac1fb463c0986c059e6322fc28237483371910c586b686daad6427aa1,,4eb60122932d25e98459f2840a0dad8ae671232ac9dc0f260c4b83b1a0a74636,5445e3756da197908c250c57279091fb5262cff55d4be2552dafd855bf596efb,true,1333,assets/images/22_효천고_1학기_기말_고1_기출/q17-solution.svg,EXISTS,c081a40eb62a727254d6c1edcd234a41f188b1030591572e462f8befe2167b05,VISUAL_REQUIRED,INITIAL_TRIAGE_ONLY,,INVENTORIED,NOT_STARTED,NOT_TESTED,NOT_TESTED,NOT_TESTED,NOT_TESTED,NOT_TESTED,NOT_TESTED,,
h1:original/high/h1/1final/22_효천고_1학기_기말_고1_기출.js_18,original/high/h1/1final/22_효천고_1학기_기말_고1_기출.js_18,original/high/h1/1final/22_효천고_1학기_기말_고1_기출.js,original/high/h1/1final/22_효천고_1학기_기말_고1_기출.js,18,18,18,2022,1,final,효천고,2015,수학(상),H15-SA-09,평면좌표,H22-C2-01,평면좌표,H15-SA-09-COORDINATE_METRIC,좌표와 거리,forward_standard_key,archive/question-index.js + archive/exams/original/high/h1/**/*.js,INCLUDED,9fd7a39f0c85177973e0446e7811eca785c71a1c0e56e6dd9c151759f3f8d5d6,cc0ff524c510711a5948336715be8a05b46e5e235269c30be1bbdf98efa01175,,5c7f89085bff233ed7cdd66c370f6d0702e5e76ce43ae87fb35dad322cacda4d,08ba645a4b027b6a9ae0ad42a34d1584ae8d23a8d64056725c11c8737c2f3b18,true,585,,NONE,,VISUAL_REQUIRED,INITIAL_TRIAGE_ONLY,,INVENTORIED,NOT_STARTED,NOT_TESTED,NOT_TESTED,NOT_TESTED,NOT_TESTED,NOT_TESTED,NOT_TESTED,,
h1:original/high/h1/1final/22_효천고_1학기_기말_고1_기출.js_19,original/high/h1/1final/22_효천고_1학기_기말_고1_기출.js_19,original/high/h1/1final/22_효천고_1학기_기말_고1_기출.js,original/high/h1/1final/22_효천고_1학기_기말_고1_기출.js,19,19,19,2022,1,final,효천고,2015,수학(상),H15-SA-11,원의 방정식,H22-C2-03,원의 방정식,H15-SA-11-CIRCLE_EQUATION,원의 방정식,forward_standard_key,archive/question-index.js + archive/exams/original/high/h1/**/*.js,INCLUDED,842367d56d7bbb34b5daf520c2bd0ed3c37ee08de11471d0b5cf033f2369d89e,61797954c34f32a442d4edd9e1ea0baa54aec29861212dbb6df96abf7aa07ae7,,8f8fdbf383b0f878fda897e340578f7d96dabd863d74ed11a9c7de3cfee4385a,65415f703b0e5da41bfdf448755c7b36c9bbbfbf7be0cb94f346cf3f4f943897,true,666,assets/images/22_효천고_1학기_기말_고1_기출/q19-solution.svg,EXISTS,b4bc3d4b27b2830594d3b15bb7ae36bba68305d60d7093e7a9c4a7033a51d369,VISUAL_REQUIRED,INITIAL_TRIAGE_ONLY,,INVENTORIED,NOT_STARTED,NOT_TESTED,NOT_TESTED,NOT_TESTED,NOT_TESTED,NOT_TESTED,NOT_TESTED,,
h1:original/high/h1/1final/22_효천고_1학기_기말_고1_기출.js_22,original/high/h1/1final/22_효천고_1학기_기말_고1_기출.js_22,original/high/h1/1final/22_효천고_1학기_기말_고1_기출.js,original/high/h1/1final/22_효천고_1학기_기말_고1_기출.js,22,22,22,2022,1,final,효천고,2015,수학(상),H15-SA-09,평면좌표,H22-C2-01,평면좌표,H15-SA-09-COORDINATE_METRIC,좌표와 거리,forward_standard_key,archive/question-index.js + archive/exams/original/high/h1/**/*.js,INCLUDED,2e9f89b088d564223ccf7a7fc11d68d01240cf9488c3e87bd149cb6b7295e188,041a31cf636d708eea56f47e7151353077293b74d45706b0814973ddba7b9408,,50f88d3f3a94cf98d2c850bef1a72eb857b52e1d6c6a46e90fb497719167a439,ae7fe88fd5072fe707a40fe586cf032f170e087b3edfb3dbf2584d19d0d60c09,true,936,assets/images/22_효천고_1학기_기말_고1_기출/q22-solution.svg,EXISTS,1a20098266fb220f4d61f99c2fe4778464c375e443f7e824b9b66872db6b8356,VISUAL_REQUIRED,INITIAL_TRIAGE_ONLY,,INVENTORIED,NOT_STARTED,NOT_TESTED,NOT_TESTED,NOT_TESTED,NOT_TESTED,NOT_TESTED,NOT_TESTED,,
h1:original/high/h1/1final/23_강남여고_1학기_기말_고1_기출.js_2,original/high/h1/1final/23_강남여고_1학기_기말_고1_기출.js_2,original/high/h1/1final/23_강남여고_1학기_기말_고1_기출.js,original/high/h1/1final/23_강남여고_1학기_기말_고1_기출.js,2,2,2,2023,1,final,강남여고,2015,수학(상),H15-SA-09,평면좌표,H22-C2-01,평면좌표,H15-SA-09-COORDINATE_METRIC,좌표와 거리,forward_standard_key,archive/question-index.js + archive/exams/original/high/h1/**/*.js,INCLUDED,06b96a810cb915d30629de6f2a936d29f9131eacf29e5c8b1a696b5a36c373d7,c1c034ebcb4ed95b5a4168574b9b6f8373e351db815795a9fe6fcf49a7373656,,57d68ce9b5427d5954c8f6f602847fc479c5647d51077b4e7c8da3d7d7748dd1,c04395d65448e3f5f60a0a118cae1a185a5daceeb38be7c77d606b6c4aa5ac91,true,240,,NONE,,REVIEW_REQUIRED,INITIAL_TRIAGE_ONLY,,INVENTORIED,NOT_STARTED,NOT_TESTED,NOT_TESTED,NOT_TESTED,NOT_TESTED,NOT_TESTED,NOT_TESTED,,
h1:original/high/h1/1final/23_강남여고_1학기_기말_고1_기출.js_3,original/high/h1/1final/23_강남여고_1학기_기말_고1_기출.js_3,original/high/h1/1final/23_강남여고_1학기_기말_고1_기출.js,original/high/h1/1final/23_강남여고_1학기_기말_고1_기출.js,3,3,3,2023,1,final,강남여고,2015,수학(상),H15-SA-09,평면좌표,H22-C2-01,평면좌표,H15-SA-09-COORDINATE_METRIC,좌표와 거리,forward_standard_key,archive/question-index.js + archive/exams/original/high/h1/**/*.js,INCLUDED,dca3a4e34fbc68b873f7f8df410dc203f0d5e538445fee4a37dd59c859c0c0d8,e40078e582f048b9aa7e4547b52919fc04f8c5c39c99697667581b8c79d4a0c5,,efc4eee86462a85ff45865ca12e199e6af3cb62eb490b990af60af0e02ed2f0b,91f65a057a58d61b66fe2cfdb04a4664e0fd9385810f2810790c686708c31ae0,true,348,,NONE,,VISUAL_REQUIRED,INITIAL_TRIAGE_ONLY,,INVENTORIED,NOT_STARTED,NOT_TESTED,NOT_TESTED,NOT_TESTED,NOT_TESTED,NOT_TESTED,NOT_TESTED,,
h1:original/high/h1/1final/23_강남여고_1학기_기말_고1_기출.js_4,original/high/h1/1final/23_강남여고_1학기_기말_고1_기출.js_4,original/high/h1/1final/23_강남여고_1학기_기말_고1_기출.js,original/high/h1/1final/23_강남여고_1학기_기말_고1_기출.js,4,4,4,2023,1,final,강남여고,2015,수학(상),H15-SA-09,평면좌표,H22-C2-01,평면좌표,H15-SA-09-TRIANGLE_CENTROID_AREA,삼각형의 좌표와 무게중심,forward_standard_key,archive/question-index.js + archive/exams/original/high/h1/**/*.js,INCLUDED,90df02e3e4456ad74fd833abf12a6ae85092433d2b8397c5a255b45ff524cd7b,1c17bee81ae927f3054031de2e507e6697a5ec45bf99363caa0f651210a78b70,,4ad8e44fe9dfca9696cb23ab05739b40097c8e6175a4eba9ad49ee6b3a43e3fb,fdccbfa1397d70f7c6979a46900173efebffa457fd44e710dcc3b47132e4e057,true,229,,NONE,,VISUAL_REQUIRED,INITIAL_TRIAGE_ONLY,,INVENTORIED,NOT_STARTED,NOT_TESTED,NOT_TESTED,NOT_TESTED,NOT_TESTED,NOT_TESTED,NOT_TESTED,,
h1:original/high/h1/1final/23_강남여고_1학기_기말_고1_기출.js_5,original/high/h1/1final/23_강남여고_1학기_기말_고1_기출.js_5,original/high/h1/1final/23_강남여고_1학기_기말_고1_기출.js,original/high/h1/1final/23_강남여고_1학기_기말_고1_기출.js,5,5,5,2023,1,final,강남여고,2015,수학(상),H15-SA-10,직선의 방정식,H22-C2-02,직선의 방정식,H15-SA-10-LINE_EQUATION,직선의 방정식,forward_standard_key,archive/question-index.js + archive/exams/original/high/h1/**/*.js,INCLUDED,b41dee3cce171d90b92464fa826a3a6929d5d5501f69aad333ab3f43527f7adc,70a53247098733280001729b0d9542626ffd6f67e42b762eb5ae2927bbcc188b,,3c8ca46a7573d8c5f40804509edcc682cd21461d32097f7de9da3ff425b4589b,2e8f03b1d1c97fe45e7eca7a6cd6d72071b073c23cd55768d2dbfd7ba83a94ff,true,183,,NONE,,VISUAL_REQUIRED,INITIAL_TRIAGE_ONLY,,INVENTORIED,NOT_STARTED,NOT_TESTED,NOT_TESTED,NOT_TESTED,NOT_TESTED,NOT_TESTED,NOT_TESTED,,
h1:original/high/h1/1final/23_강남여고_1학기_기말_고1_기출.js_6,original/high/h1/1final/23_강남여고_1학기_기말_고1_기출.js_6,original/high/h1/1final/23_강남여고_1학기_기말_고1_기출.js,original/high/h1/1final/23_강남여고_1학기_기말_고1_기출.js,6,6,6,2023,1,final,강남여고,2015,수학(상),H15-SA-11,원의 방정식,H22-C2-03,원의 방정식,H15-SA-11-TANGENT,원과 접선,forward_standard_key,archive/question-index.js + archive/exams/original/high/h1/**/*.js,INCLUDED,060608e66befcd97c95c6cf1e860116878c538562a531e390475795870075330,8ea4486ad2295b26e8f5f489d2d13488938a1e4c1c8f441b251135eeb78e9595,,89bcf4f2471f45b1317ff0316687e8220e4cee19f65f03ffb8e3e385b3c218e1,6ff4aa2c5b117701fe9a652f37b2f2924ccdb497bb7e0f843913b82e3b82d1a3,true,389,assets/images/23_강남여고_1학기_기말_고1_기출/q06-solution.svg,EXISTS,1ddd8a6a4b014df68e9b7024de29f48115bc2e5cbbc50eb0e2bb623b2f511516,VISUAL_REQUIRED,INITIAL_TRIAGE_ONLY,,INVENTORIED,NOT_STARTED,NOT_TESTED,NOT_TESTED,NOT_TESTED,NOT_TESTED,NOT_TESTED,NOT_TESTED,,
h1:original/high/h1/1final/23_강남여고_1학기_기말_고1_기출.js_7,original/high/h1/1final/23_강남여고_1학기_기말_고1_기출.js_7,original/high/h1/1final/23_강남여고_1학기_기말_고1_기출.js,original/high/h1/1final/23_강남여고_1학기_기말_고1_기출.js,7,7,7,2023,1,final,강남여고,2015,수학(상),H15-SA-12,도형의 이동,H22-C2-04,도형의 이동,H15-SA-12-COMPOSITE_TRANSFORMATION,합성 변환,forward_standard_key,archive/question-index.js + archive/exams/original/high/h1/**/*.js,INCLUDED,cb9c2e10c524c8935a58de48dc9ab839645a8a5e0ea9b00fbd142986e3ef13d1,857e48bc78bec119085fc8c4cc75276553470f7b50d268e61442a093851937ea,,23d414fdacc654fe65af71f7ea6a08c2890a6596b9951a4e4208aad7c98c630f,f70c8372b30bc317357970419bc9caebb33f0ad36622f43d9dc6aad7e6ef918a,true,254,,NONE,,VISUAL_REQUIRED,INITIAL_TRIAGE_ONLY,,INVENTORIED,NOT_STARTED,NOT_TESTED,NOT_TESTED,NOT_TESTED,NOT_TESTED,NOT_TESTED,NOT_TESTED,,
h1:original/high/h1/1final/23_강남여고_1학기_기말_고1_기출.js_12,original/high/h1/1final/23_강남여고_1학기_기말_고1_기출.js_12,original/high/h1/1final/23_강남여고_1학기_기말_고1_기출.js,original/high/h1/1final/23_강남여고_1학기_기말_고1_기출.js,12,12,12,2023,1,final,강남여고,2015,수학(상),H15-SA-10,직선의 방정식,H22-C2-02,직선의 방정식,H15-SA-10-LINE_EQUATION,직선의 방정식,forward_standard_key,archive/question-index.js + archive/exams/original/high/h1/**/*.js,INCLUDED,90443b295ba5fff2726585c6e177381f71ef7a1b1b6a353390c59a0c504f7bb0,5f0482a2c9a9b7a4c00f978ef693d11dfb57975f0600db9a4cbbae59e8a53974,,f561e30557b3f6a00716de8920175a46640f1aa17eb675bd958081d64213479d,fca4ce1c21f84d05a89a52abfc85e75832f00eddbab92413cd97d3b3d3588589,true,422,assets/images/23_강남여고_1학기_기말_고1_기출/q12-solution.svg,EXISTS,502abfaf8155a204fbd20e177bcdf24763602797aeab97d59b22a8e6a640c4b5,VISUAL_REQUIRED,INITIAL_TRIAGE_ONLY,,INVENTORIED,NOT_STARTED,NOT_TESTED,NOT_TESTED,NOT_TESTED,NOT_TESTED,NOT_TESTED,NOT_TESTED,,
h1:original/high/h1/1final/23_강남여고_1학기_기말_고1_기출.js_13,original/high/h1/1final/23_강남여고_1학기_기말_고1_기출.js_13,original/high/h1/1final/23_강남여고_1학기_기말_고1_기출.js,original/high/h1/1final/23_강남여고_1학기_기말_고1_기출.js,13,13,13,2023,1,final,강남여고,2015,수학(상),H15-SA-10,직선의 방정식,H22-C2-02,직선의 방정식,H15-SA-10-EQUATION_BASIC,방정식의 풀이,forward_standard_key,archive/question-index.js + archive/exams/original/high/h1/**/*.js,INCLUDED,74eb6166e9bfe32450a070e6b0b3c8f4d7c55cb2a22a60d45bb3b31b72f11d39,fb2e55e62f5ea058acfd9098a317e56b5f4736fa572da2a65302de37410dfc45,,9eb5104a66bab550418cab4d34800b9f722cd562b8b638622ad92c916c9d7c8f,5d2f170c97bb2ba2ca0e1ebf078f0067672381133052d339d76892955f772cb7,true,376,assets/images/23_강남여고_1학기_기말_고1_기출/q13-solution.svg,EXISTS,8d01c6538b8e51931a909bb36ba0196235b54edcfc7ffbfe3c58c0727d371094,VISUAL_REQUIRED,INITIAL_TRIAGE_ONLY,,INVENTORIED,NOT_STARTED,NOT_TESTED,NOT_TESTED,NOT_TESTED,NOT_TESTED,NOT_TESTED,NOT_TESTED,,
h1:original/high/h1/1final/23_강남여고_1학기_기말_고1_기출.js_14,original/high/h1/1final/23_강남여고_1학기_기말_고1_기출.js_14,original/high/h1/1final/23_강남여고_1학기_기말_고1_기출.js,original/high/h1/1final/23_강남여고_1학기_기말_고1_기출.js,14,14,14,2023,1,final,강남여고,2015,수학(상),H15-SA-11,원의 방정식,H22-C2-03,원의 방정식,H15-SA-11-INTERSECTION,원과 직선·원의 교점,forward_standard_key,archive/question-index.js + archive/exams/original/high/h1/**/*.js,INCLUDED,f8920ea58a30085e642bd0df6a8ba725aa9fd0dbc455e930fe8f144de7ffc36b,c0bb61be2606dcdfe00384d6803c80703e979cc5acd8e7332d785eb6c5637f8e,,cc531db750db0bb4206a6d23108a6e257fdc8514027c3fc004409aa854f52159,2d4e3fd493592ff0e94096319011a637d3a7da30ba8690745cdd1a5b74e1bc54,true,406,assets/images/23_강남여고_1학기_기말_고1_기출/q14-solution.svg,EXISTS,828bfc7f702d80291c9ca8e25b46314277c20e0d4374b2ffbe9f520429613c25,VISUAL_REQUIRED,INITIAL_TRIAGE_ONLY,,INVENTORIED,NOT_STARTED,NOT_TESTED,NOT_TESTED,NOT_TESTED,NOT_TESTED,NOT_TESTED,NOT_TESTED,,
h1:original/high/h1/1final/23_강남여고_1학기_기말_고1_기출.js_15,original/high/h1/1final/23_강남여고_1학기_기말_고1_기출.js_15,original/high/h1/1final/23_강남여고_1학기_기말_고1_기출.js,original/high/h1/1final/23_강남여고_1학기_기말_고1_기출.js,15,15,15,2023,1,final,강남여고,2015,수학(상),H15-SA-11,원의 방정식,H22-C2-03,원의 방정식,H15-SA-11-TANGENT,원과 접선,forward_standard_key,archive/question-index.js + archive/exams/original/high/h1/**/*.js,INCLUDED,03589f605b1281d5dfdc494fc585dced3d3a7449d453669d2366a7d917dc7a24,be3051a2570daa103e9e445118332dae956f41c8a60fc79125d1e90527d5d94a,,a2ca15ae2b334bb850b23e961d97bddeebce1eb783e02546b9a51e8c8951d194,2e4ff3132b15e3b7d1af55e362c4d2abef23a837403ea3bd9cefa9add451e8f0,true,444,assets/images/23_강남여고_1학기_기말_고1_기출/q15-solution.svg,EXISTS,59537a1b3795488adfb7ae4b1266ae80c9d8dc57693277925950aa2d96c87689,VISUAL_REQUIRED,INITIAL_TRIAGE_ONLY,,INVENTORIED,NOT_STARTED,NOT_TESTED,NOT_TESTED,NOT_TESTED,NOT_TESTED,NOT_TESTED,NOT_TESTED,,
h1:original/high/h1/1final/23_강남여고_1학기_기말_고1_기출.js_16,original/high/h1/1final/23_강남여고_1학기_기말_고1_기출.js_16,original/high/h1/1final/23_강남여고_1학기_기말_고1_기출.js,original/high/h1/1final/23_강남여고_1학기_기말_고1_기출.js,16,16,16,2023,1,final,강남여고,2015,수학(상),H15-SA-12,도형의 이동,H22-C2-04,도형의 이동,H15-SA-12-COMPOSITE_TRANSFORMATION,합성 변환,forward_standard_key,archive/question-index.js + archive/exams/original/high/h1/**/*.js,INCLUDED,1cb458bbdae4e2f35d1021c6de4ab44f354d68818665a80e76c355b0c9c5f20f,672db6aac5e57594b7f4736ae8533d541150ff3a6a5bdbd8c7d6a501d10be5c7,,9dd43ca8275134ed77f7936bd66962ef90223c575cfff9505354bfc7d5ea7e31,83d03af1d48c8378fb9d05c9fe5a4b6b26cd62ecea78d08e7b511f558557893d,true,209,assets/images/23_강남여고_1학기_기말_고1_기출/q16-solution.svg,EXISTS,b06dbcc4b71cf30bb2877650033d27cb6630f14bd03c883fa868b5cbbcc4be7c,VISUAL_REQUIRED,INITIAL_TRIAGE_ONLY,,INVENTORIED,NOT_STARTED,NOT_TESTED,NOT_TESTED,NOT_TESTED,NOT_TESTED,NOT_TESTED,NOT_TESTED,,
h1:original/high/h1/1final/23_강남여고_1학기_기말_고1_기출.js_17,original/high/h1/1final/23_강남여고_1학기_기말_고1_기출.js_17,original/high/h1/1final/23_강남여고_1학기_기말_고1_기출.js,original/high/h1/1final/23_강남여고_1학기_기말_고1_기출.js,17,17,17,2023,1,final,강남여고,2015,수학(상),H15-SA-09,평면좌표,H22-C2-01,평면좌표,H15-SA-09-COORDINATE_METRIC,좌표와 거리,forward_standard_key,archive/question-index.js + archive/exams/original/high/h1/**/*.js,INCLUDED,0dbeecd96bb6ef475b5d04fcb53613c463310ca289c9e53b1f46b105a1aaa3cf,83e8f0d124b5c64d83f8db42d18c4d3fd8ba77149357de399dc6d5281e419195,,431b6cd39723b51562f00dd57ffcdd9e4f6333a18b4d420629a6147d4e033179,c294529181422e6192b1dd93fd17d5f8e31d73494803be489d7fdfca538d5ea8,true,628,assets/images/23_강남여고_1학기_기말_고1_기출/q17-solution.svg,EXISTS,4cd56f64dc12f9dd22e0768cdb774feea851c746316b17a69e31768cfd1de441,VISUAL_REQUIRED,INITIAL_TRIAGE_ONLY,,INVENTORIED,NOT_STARTED,NOT_TESTED,NOT_TESTED,NOT_TESTED,NOT_TESTED,NOT_TESTED,NOT_TESTED,,
h1:original/high/h1/1final/23_강남여고_1학기_기말_고1_기출.js_20,original/high/h1/1final/23_강남여고_1학기_기말_고1_기출.js_20,original/high/h1/1final/23_강남여고_1학기_기말_고1_기출.js,original/high/h1/1final/23_강남여고_1학기_기말_고1_기출.js,20,20,20,2023,1,final,강남여고,2015,수학(상),H15-SA-09,평면좌표,H22-C2-01,평면좌표,H15-SA-09-COORDINATE_METRIC,좌표와 거리,forward_standard_key,archive/question-index.js + archive/exams/original/high/h1/**/*.js,INCLUDED,8c2cf4b1985888e2d4e8b1d072617355789e6cd5cfb9e3a876e12069ec366f29,dc492238847ed469c32bcb8c335f3eb0243ce8bfebe9be9b98cf27713ef83fd9,,391c39318ee7fcde8bcdfdfffb3a585d37a4d2bb25150a2856b8cd2d71b6d2c4,35fa65f5718f4e8d932c0b06a550b497f6577ce59b0fbb7ea1fe287bf42bae24,true,1019,assets/images/23_강남여고_1학기_기말_고1_기출/q20-solution.svg,EXISTS,cb8c9e80713f8a7e8c3d74571d5c0e5357d61b319396973d231a80086df01420,VISUAL_REQUIRED,INITIAL_TRIAGE_ONLY,,INVENTORIED,NOT_STARTED,NOT_TESTED,NOT_TESTED,NOT_TESTED,NOT_TESTED,NOT_TESTED,NOT_TESTED,,
h1:original/high/h1/1final/23_강남여고_1학기_기말_고1_기출.js_21,original/high/h1/1final/23_강남여고_1학기_기말_고1_기출.js_21,original/high/h1/1final/23_강남여고_1학기_기말_고1_기출.js,original/high/h1/1final/23_강남여고_1학기_기말_고1_기출.js,21,21,21,2023,1,final,강남여고,2015,수학(상),H15-SA-11,원의 방정식,H22-C2-03,원의 방정식,H15-SA-11-CIRCLE_EQUATION,원의 방정식,forward_standard_key,archive/question-index.js + archive/exams/original/high/h1/**/*.js,INCLUDED,26c15f5deaa6161dda0209ebd8e9333535371ee4e481774501026d5b14c2e987,264c7cdc8bfd652b47847cf66508fcd43398e05f01e461648640b0d7cbd255ae,,9f82124a3e2e3fe6ad7238f3ef75729e1575af12aa86b962dbb430711e1ba4fa,aea08cacff4a7ebf16871baaf8ba29a701404f42e68eeb94f6fa4be13058a3bb,true,740,assets/images/23_강남여고_1학기_기말_고1_기출/q21-solution.svg,EXISTS,6dc316f603801422670e92187a93b3c13040c4b1d742cf881fab5bbadd6b6fba,VISUAL_REQUIRED,INITIAL_TRIAGE_ONLY,,INVENTORIED,NOT_STARTED,NOT_TESTED,NOT_TESTED,NOT_TESTED,NOT_TESTED,NOT_TESTED,NOT_TESTED,,
h1:original/high/h1/1final/23_강남여고_1학기_기말_고1_기출.js_22,original/high/h1/1final/23_강남여고_1학기_기말_고1_기출.js_22,original/high/h1/1final/23_강남여고_1학기_기말_고1_기출.js,original/high/h1/1final/23_강남여고_1학기_기말_고1_기출.js,22,22,22,2023,1,final,강남여고,2015,수학(상),H15-SA-10,직선의 방정식,H22-C2-02,직선의 방정식,H15-SA-10-LINE_EQUATION,직선의 방정식,forward_standard_key,archive/question-index.js + archive/exams/original/high/h1/**/*.js,INCLUDED,d481c40c6ecde503fc334960bfe8e4d144a1473ceb4b5699cf0c7aa3ca801818,a5e10aebac7f34930af3fbbb39b93d0744837bb89fe05ecf1ca4d5db74a87161,,d6e5e1f9cf65a930fd48dfbfb14f8bffc0f03c95d5ae36c0398d7187f2c3f59e,d60e74e8e1b6b86c2ca26fa996773df6980cb5c3ae0cb239d51b0a632d52b081,true,261,,NONE,,VISUAL_REQUIRED,INITIAL_TRIAGE_ONLY,,INVENTORIED,NOT_STARTED,NOT_TESTED,NOT_TESTED,NOT_TESTED,NOT_TESTED,NOT_TESTED,NOT_TESTED,,
h1:original/high/h1/1final/23_강남여고_1학기_기말_고1_기출.js_24,original/high/h1/1final/23_강남여고_1학기_기말_고1_기출.js_24,original/high/h1/1final/23_강남여고_1학기_기말_고1_기출.js,original/high/h1/1final/23_강남여고_1학기_기말_고1_기출.js,24,24,24,2023,1,final,강남여고,2015,수학(상),H15-SA-10,직선의 방정식,H22-C2-02,직선의 방정식,H15-SA-10-PARALLEL_PERPENDICULAR,두 직선의 평행과 수직,forward_standard_key,archive/question-index.js + archive/exams/original/high/h1/**/*.js,INCLUDED,5b0d4505e3d3ab479fdc8020466c7bf12857bd3c7e668695a56e47d93510c5fe,a5aaa6f227cb346d4d18e198331898b229985a78c71e0d9b0f4cd03a51743d8f,,33e583dffb5e952f55a01989c196c8ab451a94b84d309e08af1ea09ea3c92b82,f09ced5b7e1b7964b654b6dc91bfea102b1557ba50e1f14e3f1547ee3fc2940c,true,525,assets/images/23_강남여고_1학기_기말_고1_기출/q24-solution.svg,EXISTS,63f2831b404e4776884638efb8480d87140cf72c0d55885180e1adc67abf4921,VISUAL_REQUIRED,INITIAL_TRIAGE_ONLY,,INVENTORIED,NOT_STARTED,NOT_TESTED,NOT_TESTED,NOT_TESTED,NOT_TESTED,NOT_TESTED,NOT_TESTED,,
h1:original/high/h1/1final/23_강남여고_1학기_기말_고1_기출.js_25,original/high/h1/1final/23_강남여고_1학기_기말_고1_기출.js_25,original/high/h1/1final/23_강남여고_1학기_기말_고1_기출.js,original/high/h1/1final/23_강남여고_1학기_기말_고1_기출.js,25,25,25,2023,1,final,강남여고,2015,수학(상),H15-SA-09,평면좌표,H22-C2-01,평면좌표,H15-SA-09-TRIANGLE_CENTROID_AREA,삼각형의 좌표와 무게중심,forward_standard_key,archive/question-index.js + archive/exams/original/high/h1/**/*.js,INCLUDED,20aef364ec643e6125e871a4ed59871bad0f11edbff6aa1272ce74054066ee55,ba17ff500178f7a92d9a3cf9de3778cae3167ea019b4d19fd7417be654f12fed,,c5d4e20ae0620f2cc05fd6fdfe670e5f88e66e7489b81e3df85595ebdf3e6ca7,e4eb50e0cbdd980e651f7a361e853235be2f73ee1585b04748bb7f3a5ef25ff9,true,1368,assets/images/23_강남여고_1학기_기말_고1_기출/q25-solution.svg,EXISTS,dee19a65e6544dbca0f1050b1092e8d195d4ddba4d49f435145671666911da34,VISUAL_REQUIRED,INITIAL_TRIAGE_ONLY,,INVENTORIED,NOT_STARTED,NOT_TESTED,NOT_TESTED,NOT_TESTED,NOT_TESTED,NOT_TESTED,NOT_TESTED,,
h1:original/high/h1/1final/23_금당고_1학기_기말_고1_기출.js_1,original/high/h1/1final/23_금당고_1학기_기말_고1_기출.js_1,original/high/h1/1final/23_금당고_1학기_기말_고1_기출.js,original/high/h1/1final/23_금당고_1학기_기말_고1_기출.js,1,1,1,2023,1,final,금당고,2015,수학(상),H15-SA-09,평면좌표,H22-C2-01,평면좌표,H15-SA-09-COORDINATE_METRIC,좌표와 거리,forward_standard_key,archive/question-index.js + archive/exams/original/high/h1/**/*.js,INCLUDED,9b136397fd73b717459659778575b083f2b1754c132c524753e64f76dd9fbce4,8ef077b0a6ac3e844d3141c9350e29b53b564b5e5dd9c98cb4f7477e89f95f2e,,37aa70e4fd481f6a15f406fbade8c879cee457250dc99bb808947ecb5c2da347,d4a2a19b23f201eeb02ab73e132f6b9cb297bad977d0e68f8f3f334bf9df9972,true,213,,NONE,,REVIEW_REQUIRED,INITIAL_TRIAGE_ONLY,,INVENTORIED,NOT_STARTED,NOT_TESTED,NOT_TESTED,NOT_TESTED,NOT_TESTED,NOT_TESTED,NOT_TESTED,,
h1:original/high/h1/1final/23_금당고_1학기_기말_고1_기출.js_3,original/high/h1/1final/23_금당고_1학기_기말_고1_기출.js_3,original/high/h1/1final/23_금당고_1학기_기말_고1_기출.js,original/high/h1/1final/23_금당고_1학기_기말_고1_기출.js,3,3,3,2023,1,final,금당고,2015,수학(상),H15-SA-10,직선의 방정식,H22-C2-02,직선의 방정식,H15-SA-10-LINE_EQUATION,직선의 방정식,forward_standard_key,archive/question-index.js + archive/exams/original/high/h1/**/*.js,INCLUDED,998d1f766af7492ad70996b910ae3ff133e1217671b943b91dc2897a2cad6c33,4affde8a5b88068a2f545360eba352dcb2ea6087b00c4b30b8f95f39a24e78be,,0a42cf9ae1f89bb732082832d894f016a4b1fa45ebd00e18f763f2cf918a682c,990cb7470d4b81ec65bb6f44cc74259ae039b106abdb7ea309777b172308aea7,true,187,,NONE,,REVIEW_REQUIRED,INITIAL_TRIAGE_ONLY,,INVENTORIED,NOT_STARTED,NOT_TESTED,NOT_TESTED,NOT_TESTED,NOT_TESTED,NOT_TESTED,NOT_TESTED,,
h1:original/high/h1/1final/23_금당고_1학기_기말_고1_기출.js_5,original/high/h1/1final/23_금당고_1학기_기말_고1_기출.js_5,original/high/h1/1final/23_금당고_1학기_기말_고1_기출.js,original/high/h1/1final/23_금당고_1학기_기말_고1_기출.js,5,5,5,2023,1,final,금당고,2015,수학(상),H15-SA-10,직선의 방정식,H22-C2-02,직선의 방정식,H15-SA-10-LINE_EQUATION,직선의 방정식,forward_standard_key,archive/question-index.js + archive/exams/original/high/h1/**/*.js,INCLUDED,66618c0cc14d5a8bc437e251c62308c50773ee0f2b0738eaf29e05338b1cc0ba,e5d4bf3f87bf5f3e3d765216a6ffd00bb7853199d7c3542d7f8bb58b76ac4457,,16e4dec30c62969ed13706912ffe501b5e4ea302a39298267883f4579fd78392,80a14b55c7ef8a759ba515adef94fd913cf04211d44911862afb62b81dfa5b4c,true,191,,NONE,,VISUAL_REQUIRED,INITIAL_TRIAGE_ONLY,,INVENTORIED,NOT_STARTED,NOT_TESTED,NOT_TESTED,NOT_TESTED,NOT_TESTED,NOT_TESTED,NOT_TESTED,,
h1:original/high/h1/1final/23_금당고_1학기_기말_고1_기출.js_6,original/high/h1/1final/23_금당고_1학기_기말_고1_기출.js_6,original/high/h1/1final/23_금당고_1학기_기말_고1_기출.js,original/high/h1/1final/23_금당고_1학기_기말_고1_기출.js,6,6,6,2023,1,final,금당고,2015,수학(상),H15-SA-11,원의 방정식,H22-C2-03,원의 방정식,H15-SA-11-CIRCLE_EQUATION,원의 방정식,forward_standard_key,archive/question-index.js + archive/exams/original/high/h1/**/*.js,INCLUDED,752f1a008ba90ff9fb58ac182221b838eb866c1ac6305b59655972b276356847,9b3ae8c47f5323b6599c0d4f7f017c9d245dd2b879356e4920368d6b4526e369,,53e830494aee865d2ede5a3bbff5d2b8a3ed68b8a5e264bb9431222a4382a636,8be91f191d9537fe31453d4503db9b75d0a4cb271522ad09ee9062249930af15,true,396,assets/images/23_금당고_1학기_기말_고1_기출/q06-solution.svg,EXISTS,96363e856072ddca808060c279b8b0b0976cdfea301b1d9ba4f9526022924219,VISUAL_REQUIRED,INITIAL_TRIAGE_ONLY,,INVENTORIED,NOT_STARTED,NOT_TESTED,NOT_TESTED,NOT_TESTED,NOT_TESTED,NOT_TESTED,NOT_TESTED,,
h1:original/high/h1/1final/23_금당고_1학기_기말_고1_기출.js_7,original/high/h1/1final/23_금당고_1학기_기말_고1_기출.js_7,original/high/h1/1final/23_금당고_1학기_기말_고1_기출.js,original/high/h1/1final/23_금당고_1학기_기말_고1_기출.js,7,7,7,2023,1,final,금당고,2015,수학(상),H15-SA-10,직선의 방정식,H22-C2-02,직선의 방정식,H15-SA-10-LINE_EQUATION,직선의 방정식,forward_standard_key,archive/question-index.js + archive/exams/original/high/h1/**/*.js,INCLUDED,928c25a629cc738c28d36e1d04343fca0c3ed81a9540524fcd91a4a0650263d4,bbf44ad05c059b32b230100a99d3ffec2d33bc51e3c3e368e84f2f8c984069ef,,299c1cdb98aa40e3af29a66f3cdf5ac4801876a8674f42da7f9a67e6f7e2a7a6,4d5fb02da2b37ad1ac73f5804a524c51915196285c30be1ded0b5368f6a00419,true,336,assets/images/23_금당고_1학기_기말_고1_기출/q07-solution.svg,EXISTS,8312214e4d7c193a9d42cbfe813b8732d90731085ddaedcdbdfd0d8cec322102,VISUAL_REQUIRED,INITIAL_TRIAGE_ONLY,,INVENTORIED,NOT_STARTED,NOT_TESTED,NOT_TESTED,NOT_TESTED,NOT_TESTED,NOT_TESTED,NOT_TESTED,,
h1:original/high/h1/1final/23_금당고_1학기_기말_고1_기출.js_8,original/high/h1/1final/23_금당고_1학기_기말_고1_기출.js_8,original/high/h1/1final/23_금당고_1학기_기말_고1_기출.js,original/high/h1/1final/23_금당고_1학기_기말_고1_기출.js,8,8,8,2023,1,final,금당고,2015,수학(상),H15-SA-09,평면좌표,H22-C2-01,평면좌표,H15-SA-09-COORDINATE_METRIC,좌표와 거리,forward_standard_key,archive/question-index.js + archive/exams/original/high/h1/**/*.js,INCLUDED,08009cd2db74e9a70dd7ddf6f281d23e4ed19ff832c7d179cf2ed8e6addadc0b,fc0016eaff43ecbcea031c5560ef5fbb6b0ab0d97f503b7a4bf4e9bc6ee86fb7,,f2f90ba5300606042f1209f2c97d1eff9f560cfe46991039b69355cbf31fd70b,3f17457c53386ac85462ad203c8b8ab2160dfc8e56c7ed936da99ae3f80ef248,true,501,assets/images/23_금당고_1학기_기말_고1_기출/q08-solution.svg,EXISTS,78523879bf8d90bbef0992da9c9d3e9809d2105f06ee0bfe91a1bd40b5341e08,VISUAL_REQUIRED,INITIAL_TRIAGE_ONLY,,INVENTORIED,NOT_STARTED,NOT_TESTED,NOT_TESTED,NOT_TESTED,NOT_TESTED,NOT_TESTED,NOT_TESTED,,
h1:original/high/h1/1final/23_금당고_1학기_기말_고1_기출.js_9,original/high/h1/1final/23_금당고_1학기_기말_고1_기출.js_9,original/high/h1/1final/23_금당고_1학기_기말_고1_기출.js,original/high/h1/1final/23_금당고_1학기_기말_고1_기출.js,9,9,9,2023,1,final,금당고,2015,수학(상),H15-SA-11,원의 방정식,H22-C2-03,원의 방정식,H15-SA-11-CIRCLE_EQUATION,원의 방정식,forward_standard_key,archive/question-index.js + archive/exams/original/high/h1/**/*.js,INCLUDED,7f748fb6a0a661238c22a899a5470b151624ccebbc9ff542cce38bbefffe9737,05dafedde6d6a024e38f0f384128081cfcb28644f5e3fcd6114c6dd75580c9db,,1f7598b97133afc7d26b5067b23b2860ff74f2ae9dbcd9f16bd65f16c89daaa8,33189c78be7bac724a3c210a8cce50ae3f6c80e5aadf699b0d1180e2a88b61ce,true,586,assets/images/23_금당고_1학기_기말_고1_기출/q09-solution.svg,EXISTS,1f4fccdcfbaf4aacfd260e752b179e46c29f86a6296d1b5ee70501c2a0bece78,VISUAL_REQUIRED,INITIAL_TRIAGE_ONLY,,INVENTORIED,NOT_STARTED,NOT_TESTED,NOT_TESTED,NOT_TESTED,NOT_TESTED,NOT_TESTED,NOT_TESTED,,
h1:original/high/h1/1final/23_금당고_1학기_기말_고1_기출.js_12,original/high/h1/1final/23_금당고_1학기_기말_고1_기출.js_12,original/high/h1/1final/23_금당고_1학기_기말_고1_기출.js,original/high/h1/1final/23_금당고_1학기_기말_고1_기출.js,12,12,12,2023,1,final,금당고,2015,수학(상),H15-SA-10,직선의 방정식,H22-C2-02,직선의 방정식,H15-SA-10-LINE_EQUATION,직선의 방정식,forward_standard_key,archive/question-index.js + archive/exams/original/high/h1/**/*.js,INCLUDED,95d194d67e9e4cc45ebe15ba6b3a6b2807cf81b68167186a0a8f16fe5183a213,423e92c9b81db393e70cfdccbff775b826b64d91ffa1a4c9309b402901ee7d5a,,5f6fb198d06472db13a598e1922496c57293f542f5063dbc49b90b97eec69f14,a9f960445255a9d34ea001f40e5f89127b8b2764c8fc68648e13f913c269d46a,true,572,assets/images/23_금당고_1학기_기말_고1_기출/q12-solution.svg,EXISTS,c497f24a92c83cbdc1b965d34a01132033094008573989fecb5c4d1caa0543ec,VISUAL_REQUIRED,INITIAL_TRIAGE_ONLY,,INVENTORIED,NOT_STARTED,NOT_TESTED,NOT_TESTED,NOT_TESTED,NOT_TESTED,NOT_TESTED,NOT_TESTED,,
h1:original/high/h1/1final/23_금당고_1학기_기말_고1_기출.js_13,original/high/h1/1final/23_금당고_1학기_기말_고1_기출.js_13,original/high/h1/1final/23_금당고_1학기_기말_고1_기출.js,original/high/h1/1final/23_금당고_1학기_기말_고1_기출.js,13,13,13,2023,1,final,금당고,2015,수학(상),H15-SA-09,평면좌표,H22-C2-01,평면좌표,H15-SA-09-COORDINATE_METRIC,좌표와 거리,forward_standard_key,archive/question-index.js + archive/exams/original/high/h1/**/*.js,INCLUDED,0b42d595aaf0b1bff9e3d83fe9dece583fb0c99cb5a77b94afeee5073d879af0,c7723e57f1f8b6937bdc6787bf9d55af2d26d2362cb66af2c06596052a84c208,,083ff68c66116bbbd33c04382490848e2a89de286ef05d86f9ac4294bdd930e7,2d0b06dd1292ecc9ece95c37eef163b08da3f64f3fdf4a9df988b06abab987d4,true,504,assets/images/23_금당고_1학기_기말_고1_기출/q13-solution.svg,EXISTS,f18e24b55f3327964ba058939b380d844f95904da96b7bad0665c012bb29487d,VISUAL_REQUIRED,INITIAL_TRIAGE_ONLY,,INVENTORIED,NOT_STARTED,NOT_TESTED,NOT_TESTED,NOT_TESTED,NOT_TESTED,NOT_TESTED,NOT_TESTED,,
h1:original/high/h1/1final/23_금당고_1학기_기말_고1_기출.js_15,original/high/h1/1final/23_금당고_1학기_기말_고1_기출.js_15,original/high/h1/1final/23_금당고_1학기_기말_고1_기출.js,original/high/h1/1final/23_금당고_1학기_기말_고1_기출.js,15,15,15,2023,1,final,금당고,2015,수학(상),H15-SA-11,원의 방정식,H22-C2-03,원의 방정식,H15-SA-11-TANGENT,원과 접선,forward_standard_key,archive/question-index.js + archive/exams/original/high/h1/**/*.js,INCLUDED,02c03f5b083d9eea9788dbe4753fa6ab661619b63e2ac4fe0cd75a67f2422595,fe2a733bddf6c531c6bdfe5f3b0f29ddc0156b3902701e775a9dfd2df376ad88,,1217049b457907533b9e834efc9c784123a9a4bb840bb96588e87a5ac4ea0eeb,a86009bf8708025aad7e495cf37510bd5a57357a225ad83c0de4d56b6bb213c6,true,1225,assets/images/23_금당고_1학기_기말_고1_기출/q15-solution.svg,EXISTS,337dbdb89ff14cc429da936acb64ee30aaa3d9dcfe2dbfc45ac0c110e2d92ccc,VISUAL_REQUIRED,INITIAL_TRIAGE_ONLY,,INVENTORIED,NOT_STARTED,NOT_TESTED,NOT_TESTED,NOT_TESTED,NOT_TESTED,NOT_TESTED,NOT_TESTED,,
h1:original/high/h1/1final/23_금당고_1학기_기말_고1_기출.js_17,original/high/h1/1final/23_금당고_1학기_기말_고1_기출.js_17,original/high/h1/1final/23_금당고_1학기_기말_고1_기출.js,original/high/h1/1final/23_금당고_1학기_기말_고1_기출.js,17,17,17,2023,1,final,금당고,2015,수학(상),H15-SA-10,직선의 방정식,H22-C2-02,직선의 방정식,H15-SA-10-LINE_EQUATION,직선의 방정식,forward_standard_key,archive/question-index.js + archive/exams/original/high/h1/**/*.js,INCLUDED,d2d705884005dce3452240011e59febae62aa110fd4bd30c0648c6a2c842972a,f0c3ca5075c92e637ba143d66129482c23fe31b1548116d54bdde0c0241a15f2,,0a8e3c01b65d41b95819f9181c77ffb4561083801346473a6e2810f7913c1a14,b6b7a7f4025de71979deb3e6faf5c2cef4a308542723136c4b03d02a3d4e1dbc,true,776,assets/images/23_금당고_1학기_기말_고1_기출/q17-solution.svg,EXISTS,5dc0857f200536dc1ce02010e5094e4ae99b1117e76150d4536df6340ba96a2e,VISUAL_REQUIRED,INITIAL_TRIAGE_ONLY,,INVENTORIED,NOT_STARTED,NOT_TESTED,NOT_TESTED,NOT_TESTED,NOT_TESTED,NOT_TESTED,NOT_TESTED,,
h1:original/high/h1/1final/23_금당고_1학기_기말_고1_기출.js_19,original/high/h1/1final/23_금당고_1학기_기말_고1_기출.js_19,original/high/h1/1final/23_금당고_1학기_기말_고1_기출.js,original/high/h1/1final/23_금당고_1학기_기말_고1_기출.js,19,19,19,2023,1,final,금당고,2015,수학(상),H15-SA-11,원의 방정식,H22-C2-03,원의 방정식,H15-SA-11-CIRCLE_EQUATION,원의 방정식,forward_standard_key,archive/question-index.js + archive/exams/original/high/h1/**/*.js,INCLUDED,be5e31969e9d19b2280bcc712910c4bc363673d5e0723e9078ce7c78fd683314,8b95641dcc0809b85a0d12f669d5a25db0a30c649878c832399214797b21de01,,a3b5f8776fa9321387a17b9bf9485993503fd643fef23c0e8758a48f15c463a1,39fa8dba3ff1442b0c39a62785722ec8cdceba00b0fd78183a2e9be965e1d9f4,true,603,assets/images/23_금당고_1학기_기말_고1_기출/q19-solution.svg,EXISTS,f130322619cabc6cc2ce2e0bb368f4047f4c1414be0222563730186722d0b005,VISUAL_REQUIRED,INITIAL_TRIAGE_ONLY,,INVENTORIED,NOT_STARTED,NOT_TESTED,NOT_TESTED,NOT_TESTED,NOT_TESTED,NOT_TESTED,NOT_TESTED,,
h1:original/high/h1/1final/23_금당고_1학기_기말_고1_기출.js_21,original/high/h1/1final/23_금당고_1학기_기말_고1_기출.js_21,original/high/h1/1final/23_금당고_1학기_기말_고1_기출.js,original/high/h1/1final/23_금당고_1학기_기말_고1_기출.js,21,21,21,2023,1,final,금당고,2015,수학(상),H15-SA-11,원의 방정식,H22-C2-03,원의 방정식,H15-SA-11-CIRCLE_EQUATION,원의 방정식,forward_standard_key,archive/question-index.js + archive/exams/original/high/h1/**/*.js,INCLUDED,8f955fd1cdbe0d8ed1154af581cb904daab9db744d13f9610142aac937adbdfa,0a5ed6fdd40792620b8fe8631ee3780b118a0a9b0945a1600b18c2ff412a7c0f,,132193f4168e021f6dd937533e7e8b5dc94c79f9f4a93427800582585ee705f3,dc4bbcd79b93cfb5b57c9a3c721c0ba72f2ea769fa0c3c500da6fcb5ad967c82,true,1686,assets/images/23_금당고_1학기_기말_고1_기출/q21-solution.svg,EXISTS,9111aaf07b2398ba6c7953c4b7c837e52ada64504714bb24efa3b47fa2f4974e,VISUAL_REQUIRED,INITIAL_TRIAGE_ONLY,,INVENTORIED,NOT_STARTED,NOT_TESTED,NOT_TESTED,NOT_TESTED,NOT_TESTED,NOT_TESTED,NOT_TESTED,,
h1:original/high/h1/1final/23_매산고_1학기_기말_고1_기출.js_1,original/high/h1/1final/23_매산고_1학기_기말_고1_기출.js_1,original/high/h1/1final/23_매산고_1학기_기말_고1_기출.js,original/high/h1/1final/23_매산고_1학기_기말_고1_기출.js,1,1,1,2023,1,final,매산고,2015,수학(상),H15-SA-09,평면좌표,H22-C2-01,평면좌표,H15-SA-09-COORDINATE_METRIC,좌표와 거리,forward_standard_key,archive/question-index.js + archive/exams/original/high/h1/**/*.js,INCLUDED,a6cc8aab53253af91661606f9d040f07bc6911564e47b2b0f1211592c08fafc6,bffa76bf77d321f6bd2f73e87b5ccaf0a0ec0fd69ef99ce37716b11c34997b59,,ded4e8bea05d5506387a6ee6d430769c23744d9e2fc8de8bccc28ebd65fe0c5b,2daf9a9f64f865baf6528a732320f7ea2896ef7f6e2408da3a9aeaaee757771b,true,327,,NONE,,REVIEW_REQUIRED,INITIAL_TRIAGE_ONLY,,INVENTORIED,NOT_STARTED,NOT_TESTED,NOT_TESTED,NOT_TESTED,NOT_TESTED,NOT_TESTED,NOT_TESTED,,
h1:original/high/h1/1final/23_매산고_1학기_기말_고1_기출.js_2,original/high/h1/1final/23_매산고_1학기_기말_고1_기출.js_2,original/high/h1/1final/23_매산고_1학기_기말_고1_기출.js,original/high/h1/1final/23_매산고_1학기_기말_고1_기출.js,2,2,2,2023,1,final,매산고,2015,수학(상),H15-SA-10,직선의 방정식,H22-C2-02,직선의 방정식,H15-SA-10-LINE_EQUATION,직선의 방정식,forward_standard_key,archive/question-index.js + archive/exams/original/high/h1/**/*.js,INCLUDED,aa6ec6be35313ff11351b4a8d9da73b7074498bc00ff7fdbe7d53b61418cdab6,6726684fa826b708663f02ed4cd7d6e1b1a91ecbf7fb3a90409099763a932e8c,,02ac8923a84ad4538cd23c1424a39bd10e154bd9b9891142b40eafd4a440ae73,5d1951c8e26aa375277a10527dc57634e76611d531ac64da144bed62926a6f48,true,310,,NONE,,REVIEW_REQUIRED,INITIAL_TRIAGE_ONLY,,INVENTORIED,NOT_STARTED,NOT_TESTED,NOT_TESTED,NOT_TESTED,NOT_TESTED,NOT_TESTED,NOT_TESTED,,
h1:original/high/h1/1final/23_매산고_1학기_기말_고1_기출.js_4,original/high/h1/1final/23_매산고_1학기_기말_고1_기출.js_4,original/high/h1/1final/23_매산고_1학기_기말_고1_기출.js,original/high/h1/1final/23_매산고_1학기_기말_고1_기출.js,4,4,4,2023,1,final,매산고,2015,수학(상),H15-SA-09,평면좌표,H22-C2-01,평면좌표,H15-SA-09-TRIANGLE_CENTROID_AREA,삼각형의 좌표와 무게중심,forward_standard_key,archive/question-index.js + archive/exams/original/high/h1/**/*.js,INCLUDED,8dcde7a7a595e4457e4531863180e5d49836928be508077cfaa436e5100775e0,09c9bbdba44afd39a7c5a3732fb8b5eb6564403c60f46b792d701967f5b7ec5d,,b355f4f83b2f1081344f7b6bece4c02d79f9239b8ea606cb43f856c74bbcacf9,d28cad2b7818e442694d8edfe6323ed8fd272e5b35215aa40d58bd8f76051513,true,319,,NONE,,VISUAL_REQUIRED,INITIAL_TRIAGE_ONLY,,INVENTORIED,NOT_STARTED,NOT_TESTED,NOT_TESTED,NOT_TESTED,NOT_TESTED,NOT_TESTED,NOT_TESTED,,
h1:original/high/h1/1final/23_매산고_1학기_기말_고1_기출.js_5,original/high/h1/1final/23_매산고_1학기_기말_고1_기출.js_5,original/high/h1/1final/23_매산고_1학기_기말_고1_기출.js,original/high/h1/1final/23_매산고_1학기_기말_고1_기출.js,5,5,5,2023,1,final,매산고,2015,수학(상),H15-SA-09,평면좌표,H22-C2-01,평면좌표,H15-SA-09-COORDINATE_METRIC,좌표와 거리,forward_standard_key,archive/question-index.js + archive/exams/original/high/h1/**/*.js,INCLUDED,c2490550a0aedb51e095deb207c05c84e82324850721beecb99edaf6a5b13f83,e6b87b54f10a6eacf93f1773a62460e0ae0f7af19effe20e206a58aa35cfcbd1,,61337fb15d08f8b952d425b5f9de9d27cb623483ddb8c513e7a7241b84c08a4c,2c9be0b79d49e498592392963a47be0d543c46b549424c6cabf03bceb8d0a00b,true,464,,NONE,,REVIEW_REQUIRED,INITIAL_TRIAGE_ONLY,,INVENTORIED,NOT_STARTED,NOT_TESTED,NOT_TESTED,NOT_TESTED,NOT_TESTED,NOT_TESTED,NOT_TESTED,,
h1:original/high/h1/1final/23_매산고_1학기_기말_고1_기출.js_6,original/high/h1/1final/23_매산고_1학기_기말_고1_기출.js_6,original/high/h1/1final/23_매산고_1학기_기말_고1_기출.js,original/high/h1/1final/23_매산고_1학기_기말_고1_기출.js,6,6,6,2023,1,final,매산고,2015,수학(상),H15-SA-11,원의 방정식,H22-C2-03,원의 방정식,H15-SA-11-CIRCLE_EQUATION,원의 방정식,forward_standard_key,archive/question-index.js + archive/exams/original/high/h1/**/*.js,INCLUDED,2a414510216c25b588757a2e9a0081398dbd255a38dcab0fddfae42ad3e319c9,099fee52df5e2cb07b579a99a33cc20096454edf7f17149974f11b45f785e35f,,c9f9d9bef9f1f85d8366b34baed7275e7e6cb20ce866b19ca3a120740ba6df9b,e63edb7c047c2ecca510e6932f10eea7c714dff21933d92687d2520406def854,true,845,assets/images/23_매산고_1학기_기말_고1_기출/q06-solution.svg,EXISTS,8abd9033a97694b30efc5e422ec70469f83e6d8648dbdc2b6e78508e9f85048d,VISUAL_REQUIRED,INITIAL_TRIAGE_ONLY,,INVENTORIED,NOT_STARTED,NOT_TESTED,NOT_TESTED,NOT_TESTED,NOT_TESTED,NOT_TESTED,NOT_TESTED,,
h1:original/high/h1/1final/23_매산고_1학기_기말_고1_기출.js_7,original/high/h1/1final/23_매산고_1학기_기말_고1_기출.js_7,original/high/h1/1final/23_매산고_1학기_기말_고1_기출.js,original/high/h1/1final/23_매산고_1학기_기말_고1_기출.js,7,7,7,2023,1,final,매산고,2015,수학(상),H15-SA-10,직선의 방정식,H22-C2-02,직선의 방정식,H15-SA-10-LINE_EQUATION,직선의 방정식,forward_standard_key,archive/question-index.js + archive/exams/original/high/h1/**/*.js,INCLUDED,f8eb5799d47d3ebec62ff648278239e1594e22fea9d717371403cad30b8e3a08,434adc2dc3da42cafec6d9e1a52fc65d580294b1cc6e8cf721ed1716fe24effd,,ae1e65f14606949cb42c1cf77a92c836a930714d4f50a6ceeababb5c321f55df,219be80950808c527a6a5338fa7b7b48a5f09f780b5246b705ff3da8c1b9e7cf,true,460,assets/images/23_매산고_1학기_기말_고1_기출/q07-solution.svg,EXISTS,a32b94afb21f025845c5e383b54175bdc7ffb15be60a4567813694aa0c3f22a2,VISUAL_REQUIRED,INITIAL_TRIAGE_ONLY,,INVENTORIED,NOT_STARTED,NOT_TESTED,NOT_TESTED,NOT_TESTED,NOT_TESTED,NOT_TESTED,NOT_TESTED,,
h1:original/high/h1/1final/23_매산고_1학기_기말_고1_기출.js_12,original/high/h1/1final/23_매산고_1학기_기말_고1_기출.js_12,original/high/h1/1final/23_매산고_1학기_기말_고1_기출.js,original/high/h1/1final/23_매산고_1학기_기말_고1_기출.js,12,12,12,2023,1,final,매산고,2015,수학(상),H15-SA-11,원의 방정식,H22-C2-03,원의 방정식,H15-SA-11-CIRCLE_EQUATION,원의 방정식,forward_standard_key,archive/question-index.js + archive/exams/original/high/h1/**/*.js,INCLUDED,efc1e141caa765298fd3e1e330a75240b86cc8cc92fe9bb82aabb73b35d32caa,d68acf754040bff8d7fffce2e3d44aa5ab6098490417cdb6d36091d9ed0e1aa3,,589fe6bd7dac29af984011bff6c3ed72b39842b14ad71f21445e21f2cfa18f25,9ad15d870a5b0d6e4c74f3f67de607944af74a3ce99e80c331e3bc6429f812bd,true,1190,assets/images/23_매산고_1학기_기말_고1_기출/q12-solution.svg,EXISTS,c342a8dee2de9d827d619627fdc0ddbe5372d98f9f0785d0f108a6af88dce188,VISUAL_REQUIRED,INITIAL_TRIAGE_ONLY,,INVENTORIED,NOT_STARTED,NOT_TESTED,NOT_TESTED,NOT_TESTED,NOT_TESTED,NOT_TESTED,NOT_TESTED,,
h1:original/high/h1/1final/23_매산고_1학기_기말_고1_기출.js_14,original/high/h1/1final/23_매산고_1학기_기말_고1_기출.js_14,original/high/h1/1final/23_매산고_1학기_기말_고1_기출.js,original/high/h1/1final/23_매산고_1학기_기말_고1_기출.js,14,14,14,2023,1,final,매산고,2015,수학(상),H15-SA-11,원의 방정식,H22-C2-03,원의 방정식,H15-SA-11-CIRCLE_EQUATION,원의 방정식,forward_standard_key,archive/question-index.js + archive/exams/original/high/h1/**/*.js,INCLUDED,2559b04d4443588c437259aa079a33016e69838ba685f282f90fe908cc600bd6,581fd9983952f5dc1908f4268be46231d14a294d7e58be949e8e1e0f8037d84f,,e21a2831d7e0d10ed1519b058f6acd83df8ebbfa3f220a59f7675893666afaa3,583a3938dfe60b19995bdc61bcff58d3616e23ba99def4c3ca40409221c59b4c,true,1405,assets/images/23_매산고_1학기_기말_고1_기출/q14-solution.svg,EXISTS,ca9febeb4e089dbb4caaf74e30377844ef6d700986edbd5ab0b119e70e3e9c11,VISUAL_REQUIRED,INITIAL_TRIAGE_ONLY,,INVENTORIED,NOT_STARTED,NOT_TESTED,NOT_TESTED,NOT_TESTED,NOT_TESTED,NOT_TESTED,NOT_TESTED,,
h1:original/high/h1/1final/23_매산고_1학기_기말_고1_기출.js_15,original/high/h1/1final/23_매산고_1학기_기말_고1_기출.js_15,original/high/h1/1final/23_매산고_1학기_기말_고1_기출.js,original/high/h1/1final/23_매산고_1학기_기말_고1_기출.js,15,15,15,2023,1,final,매산고,2015,수학(상),H15-SA-09,평면좌표,H22-C2-01,평면좌표,H15-SA-09-COORDINATE_METRIC,좌표와 거리,forward_standard_key,archive/question-index.js + archive/exams/original/high/h1/**/*.js,INCLUDED,4d576ae55eb63c7de96e2198c29551dd104acfddc73bc4e3ef06ab5cd0e1eaa9,af316e3f737c90758b3506e58cd09f9551a609b514aba0c0fdc7cf50a5293ab1,,8becf303122feffbfac856b468cf3a484e2d2ffd6cda5ffa4ca08559e8a7cb06,dc2ab5c22a004b74cde349ec6468b812a7b71a2199ecc972e6149d52b50b7076,true,435,,NONE,,VISUAL_REQUIRED,INITIAL_TRIAGE_ONLY,,INVENTORIED,NOT_STARTED,NOT_TESTED,NOT_TESTED,NOT_TESTED,NOT_TESTED,NOT_TESTED,NOT_TESTED,,
h1:original/high/h1/1final/23_매산고_1학기_기말_고1_기출.js_16,original/high/h1/1final/23_매산고_1학기_기말_고1_기출.js_16,original/high/h1/1final/23_매산고_1학기_기말_고1_기출.js,original/high/h1/1final/23_매산고_1학기_기말_고1_기출.js,16,16,16,2023,1,final,매산고,2015,수학(상),H15-SA-09,평면좌표,H22-C2-01,평면좌표,H15-SA-09-GEOMETRY_EQUATION,도형의 방정식,forward_standard_key,archive/question-index.js + archive/exams/original/high/h1/**/*.js,INCLUDED,103179a52b757c693bfa09e5bc802b8143eb463f2eda52f7f6181ee86ebc3280,cff84f0e596f50dbae1c6d4165b78ed07fca98364bf7710820401613c582be1b,,abef7c6076885dcf8a0832173f7020911c5a2a1454e163fd83b36a6f269fadff,428e3cf73b57aba5ec67c59a488efbbef3be6eae9c1226da76c1294ae19f1a51,true,844,assets/images/23_매산고_1학기_기말_고1_기출/q16-solution.svg,EXISTS,3c336f399c5299be1a83a05b6d4cd45027fe7b2f214d51ac901321dcc216c077,VISUAL_REQUIRED,INITIAL_TRIAGE_ONLY,,INVENTORIED,NOT_STARTED,NOT_TESTED,NOT_TESTED,NOT_TESTED,NOT_TESTED,NOT_TESTED,NOT_TESTED,,
h1:original/high/h1/1final/23_매산고_1학기_기말_고1_기출.js_18,original/high/h1/1final/23_매산고_1학기_기말_고1_기출.js_18,original/high/h1/1final/23_매산고_1학기_기말_고1_기출.js,original/high/h1/1final/23_매산고_1학기_기말_고1_기출.js,18,18,18,2023,1,final,매산고,2015,수학(상),H15-SA-09,평면좌표,H22-C2-01,평면좌표,H15-SA-09-GEOMETRY_EQUATION,도형의 방정식,forward_standard_key,archive/question-index.js + archive/exams/original/high/h1/**/*.js,INCLUDED,61dc66f1e6a46cb4e69a08cd1356d26e6698147e49fa6bbc916f41b4ed89e8b4,f32560083bdb25d932070ac0c79b96eaa705331be3ce6f192c668b07739d8ed4,,20d2464b7d6a65bcda03f7c4469101c61d200a30bb33500e164d0495dd858f4b,c37fd8af8bc1e9133d9c7701cf9063c209f18509cd63feda633bc966e91f4538,true,1109,assets/images/23_매산고_1학기_기말_고1_기출/q18-solution.svg,EXISTS,94bb1d7f25f2d3d848a872352f328d0c48cf7f6e8fb58fb2637bab42ab06a242,VISUAL_REQUIRED,INITIAL_TRIAGE_ONLY,,INVENTORIED,NOT_STARTED,NOT_TESTED,NOT_TESTED,NOT_TESTED,NOT_TESTED,NOT_TESTED,NOT_TESTED,,
h1:original/high/h1/1final/23_매산고_1학기_기말_고1_기출.js_20,original/high/h1/1final/23_매산고_1학기_기말_고1_기출.js_20,original/high/h1/1final/23_매산고_1학기_기말_고1_기출.js,original/high/h1/1final/23_매산고_1학기_기말_고1_기출.js,20,20,20,2023,1,final,매산고,2015,수학(상),H15-SA-09,평면좌표,H22-C2-01,평면좌표,H15-SA-09-COORDINATE_METRIC,좌표와 거리,forward_standard_key,archive/question-index.js + archive/exams/original/high/h1/**/*.js,INCLUDED,2ae8d713d104ae3b32a929fa31805f0238c66d444893ffb5918d5b368768292c,4187c979e555ee4e21b68c9ead80b38e11fd596dbefeb5ec8b702e03dcfd32a7,,e82bb2079d2e8d45494953b4e6b6f15ccfb5d29144fc71a06a6579e3ccb9040e,fdaac35858bd2cd0ee3ecc479f7ff89e2d5dc8c8e17e0d77c891d0860e2ad819,true,1479,assets/images/23_매산고_1학기_기말_고1_기출/q20-solution.svg,EXISTS,e1bc5edc809e1e0d7822b89f78edae0fbb016659b917f7827bbedaeb6e1db864,VISUAL_REQUIRED,INITIAL_TRIAGE_ONLY,,INVENTORIED,NOT_STARTED,NOT_TESTED,NOT_TESTED,NOT_TESTED,NOT_TESTED,NOT_TESTED,NOT_TESTED,,
h1:original/high/h1/1final/23_복성고_1학기_기말_고1_기출.js_3,original/high/h1/1final/23_복성고_1학기_기말_고1_기출.js_3,original/high/h1/1final/23_복성고_1학기_기말_고1_기출.js,original/high/h1/1final/23_복성고_1학기_기말_고1_기출.js,3,3,3,2023,1,final,복성고,2015,수학(상),H15-SA-09,평면좌표,H22-C2-01,평면좌표,H15-SA-09-COORDINATE_METRIC,좌표와 거리,forward_standard_key,archive/question-index.js + archive/exams/original/high/h1/**/*.js,INCLUDED,b55096a1870bad97510a28b4dd70cd76b9c8e8b888c127d630da7db2076c9900,57796663a81aa7b7398ab947d9be3871dec305eda1b0ef7ddde147151913acdd,,b6a933eb73c50242b9338881d9fecb8838fb671511b9e71e1dd061341a2d5c72,c5812db7e90b5dc37aa12a063b0fb6819656bf502cde4c388740bc9acc6af2fb,true,280,,NONE,,REVIEW_REQUIRED,INITIAL_TRIAGE_ONLY,,INVENTORIED,NOT_STARTED,NOT_TESTED,NOT_TESTED,NOT_TESTED,NOT_TESTED,NOT_TESTED,NOT_TESTED,,
h1:original/high/h1/1final/23_복성고_1학기_기말_고1_기출.js_4,original/high/h1/1final/23_복성고_1학기_기말_고1_기출.js_4,original/high/h1/1final/23_복성고_1학기_기말_고1_기출.js,original/high/h1/1final/23_복성고_1학기_기말_고1_기출.js,4,4,4,2023,1,final,복성고,2015,수학(상),H15-SA-10,직선의 방정식,H22-C2-02,직선의 방정식,H15-SA-10-LINE_EQUATION,직선의 방정식,forward_standard_key,archive/question-index.js + archive/exams/original/high/h1/**/*.js,INCLUDED,918a322328bab5e477c88f3da333b982e19d53e877a5f620a38ce310b9a2a89d,923ef710bb0d4c56a895626b9196397120f8de877536510f04c2cd204745e107,,e214a3d4666098ae764c372b9ce1f0ff02071b4e83ceaa5f8559dbb882531982,034f25f8d1ed468c603b71e57dc8804ebcc00c970d476175faed349270745901,true,340,,NONE,,REVIEW_REQUIRED,INITIAL_TRIAGE_ONLY,,INVENTORIED,NOT_STARTED,NOT_TESTED,NOT_TESTED,NOT_TESTED,NOT_TESTED,NOT_TESTED,NOT_TESTED,,
h1:original/high/h1/1final/23_복성고_1학기_기말_고1_기출.js_5,original/high/h1/1final/23_복성고_1학기_기말_고1_기출.js_5,original/high/h1/1final/23_복성고_1학기_기말_고1_기출.js,original/high/h1/1final/23_복성고_1학기_기말_고1_기출.js,5,5,5,2023,1,final,복성고,2015,수학(상),H15-SA-10,직선의 방정식,H22-C2-02,직선의 방정식,H15-SA-10-LINE_EQUATION,직선의 방정식,forward_standard_key,archive/question-index.js + archive/exams/original/high/h1/**/*.js,INCLUDED,3b20d65f063c3213455b996ced3a72565e3b8b8334093cd9fca9a33820a2c329,7d67e94f7bd3e524103bfd7a2a5dbc482800afcf539ce60842bd4e55d862d4ff,,869a7bb659cd23f5b7d8d2f55fac74a633f0b5d109aeed16f44564e9ad33d6c6,caeb83493fbe45ec7e216c7d67c6e1138c96f5db07f3560bef4e8cc53daf71b9,true,385,,NONE,,VISUAL_REQUIRED,INITIAL_TRIAGE_ONLY,,INVENTORIED,NOT_STARTED,NOT_TESTED,NOT_TESTED,NOT_TESTED,NOT_TESTED,NOT_TESTED,NOT_TESTED,,
h1:original/high/h1/1final/23_복성고_1학기_기말_고1_기출.js_6,original/high/h1/1final/23_복성고_1학기_기말_고1_기출.js_6,original/high/h1/1final/23_복성고_1학기_기말_고1_기출.js,original/high/h1/1final/23_복성고_1학기_기말_고1_기출.js,6,6,6,2023,1,final,복성고,2015,수학(상),H15-SA-12,도형의 이동,H22-C2-04,도형의 이동,H15-SA-12-COMPOSITE_TRANSFORMATION,합성 변환,forward_standard_key,archive/question-index.js + archive/exams/original/high/h1/**/*.js,INCLUDED,9caf0abda4faf71bcee4139e570bb7a231a7465187e190b83fd655a24596190b,d408f25d565cfde8970aa99e53ea4c38d3a1e790d9bb67dacea313074467e67c,,3c694d59178e6ecd69acf2c49ff391600c316012c35d07c59e6cde32f19f68f3,b96a31f0f4454ca64088b276571051b8acdc847a051cd9023a51e501136bdc20,true,545,assets/images/23_복성고_1학기_기말_고1_기출/q06-solution.svg,EXISTS,798c8cda86a51595d7f7b9a10e80eaaa79535292238a7463540d17f36b9eaaf3,VISUAL_REQUIRED,INITIAL_TRIAGE_ONLY,,INVENTORIED,NOT_STARTED,NOT_TESTED,NOT_TESTED,NOT_TESTED,NOT_TESTED,NOT_TESTED,NOT_TESTED,,
h1:original/high/h1/1final/23_복성고_1학기_기말_고1_기출.js_10,original/high/h1/1final/23_복성고_1학기_기말_고1_기출.js_10,original/high/h1/1final/23_복성고_1학기_기말_고1_기출.js,original/high/h1/1final/23_복성고_1학기_기말_고1_기출.js,10,10,10,2023,1,final,복성고,2015,수학(상),H15-SA-09,평면좌표,H22-C2-01,평면좌표,H15-SA-09-COORDINATE_METRIC,좌표와 거리,forward_standard_key,archive/question-index.js + archive/exams/original/high/h1/**/*.js,INCLUDED,5f997ef477de82d09d75fa8d5e2a6a26364d9a717c6ebd69cf003679a98ead65,2fb73df64e7db9494a7b9d279b5e2f6b4255dd3873e0309bbb4dbb7fc158aad7,,aaa7fe84ef7621e19514c806abe9613fcaa3c366b23a1da9bc02b7e383da77db,b1c1466a11d748324bd26657356fbb803cbfe0870cb6759e7a68528ffe8e83b6,true,728,assets/images/23_복성고_1학기_기말_고1_기출/q10-solution.svg,EXISTS,eaaf809650fc4b819ef10e913fd35f4eb7dfc592957e6c3ae47da8f170292f80,VISUAL_REQUIRED,INITIAL_TRIAGE_ONLY,,INVENTORIED,NOT_STARTED,NOT_TESTED,NOT_TESTED,NOT_TESTED,NOT_TESTED,NOT_TESTED,NOT_TESTED,,
h1:original/high/h1/1final/23_복성고_1학기_기말_고1_기출.js_11,original/high/h1/1final/23_복성고_1학기_기말_고1_기출.js_11,original/high/h1/1final/23_복성고_1학기_기말_고1_기출.js,original/high/h1/1final/23_복성고_1학기_기말_고1_기출.js,11,11,11,2023,1,final,복성고,2015,수학(상),H15-SA-10,직선의 방정식,H22-C2-02,직선의 방정식,H15-SA-10-LINE_EQUATION,직선의 방정식,forward_standard_key,archive/question-index.js + archive/exams/original/high/h1/**/*.js,INCLUDED,30561ba73eea28c641617a86e829143380cc16baa35dd3c263960616588b1a19,dd0d7fbf907c37597f6a04d5dfe6d04870ae1cd1a06388d972f8fa33fce0798a,,373bfccf3ab3a70edd56f9fd30bf1c0cf88b149a141b223bed7ff1859f6eb7d3,d74b83d1c34993281c18a4b1416be67cf1f81544243d01deaed0d8faf26691ac,true,722,assets/images/23_복성고_1학기_기말_고1_기출/q11-solution.svg,EXISTS,c8bf8fe942e881bf5ff115ff8851160f4d7a1f7587781654deb5f8db40e8a56c,VISUAL_REQUIRED,INITIAL_TRIAGE_ONLY,,INVENTORIED,NOT_STARTED,NOT_TESTED,NOT_TESTED,NOT_TESTED,NOT_TESTED,NOT_TESTED,NOT_TESTED,,
h1:original/high/h1/1final/23_복성고_1학기_기말_고1_기출.js_12,original/high/h1/1final/23_복성고_1학기_기말_고1_기출.js_12,original/high/h1/1final/23_복성고_1학기_기말_고1_기출.js,original/high/h1/1final/23_복성고_1학기_기말_고1_기출.js,12,12,12,2023,1,final,복성고,2015,수학(상),H15-SA-11,원의 방정식,H22-C2-03,원의 방정식,H15-SA-11-CIRCLE_EQUATION,원의 방정식,forward_standard_key,archive/question-index.js + archive/exams/original/high/h1/**/*.js,INCLUDED,eb4cb74381047f68ff1cf8a63c61f8ec7430c04b3c62a777f973e3e5963ac86a,148c8008ea35f9f0e013d026a4ce7eb2ac58448965a718cb1403912fa3298ec1,,6da6e7840865dc772255ed17f11384b6a1c439dd4e5792b77fb7552d06e299e4,a58a19e4e8d6c72f29bc22ca16915866115b38cafdc6656ea5aebd26c0661194,true,724,assets/images/23_복성고_1학기_기말_고1_기출/q12-solution.svg,EXISTS,4d3a49e54c250fdc7f1aaab74b1627b96f2a6a3f3273c09b7e1bf5c8cef57842,VISUAL_REQUIRED,INITIAL_TRIAGE_ONLY,,INVENTORIED,NOT_STARTED,NOT_TESTED,NOT_TESTED,NOT_TESTED,NOT_TESTED,NOT_TESTED,NOT_TESTED,,
h1:original/high/h1/1final/23_복성고_1학기_기말_고1_기출.js_13,original/high/h1/1final/23_복성고_1학기_기말_고1_기출.js_13,original/high/h1/1final/23_복성고_1학기_기말_고1_기출.js,original/high/h1/1final/23_복성고_1학기_기말_고1_기출.js,13,13,13,2023,1,final,복성고,2015,수학(상),H15-SA-11,원의 방정식,H22-C2-03,원의 방정식,H15-SA-11-CIRCLE_EQUATION,원의 방정식,forward_standard_key,archive/question-index.js + archive/exams/original/high/h1/**/*.js,INCLUDED,fdaa2a57885fe62604e7cf1e5c9b0b665378bd4ca3559b29ccad4786ca19748b,4a831a62560b82089f9a2b618dadec05139d246deb18de28c1c56d307257b2a7,,5441edf0006660c7ed1bf1cc4aff110a185e810d0242ca6043c0303d2c396d63,facfb395f562b01a33ceef30dbfe869ca039792472e8944134224f82d8b4ef3b,true,615,assets/images/23_복성고_1학기_기말_고1_기출/q13-solution.svg,EXISTS,a12c847f51f050a8640b3503cce9dcfdeda719d2c4c974713ea045b72b0265ed,VISUAL_REQUIRED,INITIAL_TRIAGE_ONLY,,INVENTORIED,NOT_STARTED,NOT_TESTED,NOT_TESTED,NOT_TESTED,NOT_TESTED,NOT_TESTED,NOT_TESTED,,
h1:original/high/h1/1final/23_복성고_1학기_기말_고1_기출.js_14,original/high/h1/1final/23_복성고_1학기_기말_고1_기출.js_14,original/high/h1/1final/23_복성고_1학기_기말_고1_기출.js,original/high/h1/1final/23_복성고_1학기_기말_고1_기출.js,14,14,14,2023,1,final,복성고,2015,수학(상),H15-SA-12,도형의 이동,H22-C2-04,도형의 이동,H15-SA-12-COMPOSITE_TRANSFORMATION,합성 변환,forward_standard_key,archive/question-index.js + archive/exams/original/high/h1/**/*.js,INCLUDED,a0bcbd9b06f0c15fc8e29f9c2ad87a2e5de628cb3f143e333287637456ded7bc,31a1890cf43d73c952f1d3e4fafc7ce38a6d0a5c61aeccbb36649b005ca9b24f,,cb4ca63e1b8ff97a1b17923b1cfb9a3b4998b14bd91bc986bb61a3ccde707e74,c112ef22fd7a980422b7ace83219ea93f25e319ec91865532241d8c454cf678e,true,921,assets/images/23_복성고_1학기_기말_고1_기출/q14-solution.svg,EXISTS,7032eabbeccbeeabc425c24b137913023737e245118869253c75e4209f81e5c3,VISUAL_REQUIRED,INITIAL_TRIAGE_ONLY,,INVENTORIED,NOT_STARTED,NOT_TESTED,NOT_TESTED,NOT_TESTED,NOT_TESTED,NOT_TESTED,NOT_TESTED,,
h1:original/high/h1/1final/23_복성고_1학기_기말_고1_기출.js_15,original/high/h1/1final/23_복성고_1학기_기말_고1_기출.js_15,original/high/h1/1final/23_복성고_1학기_기말_고1_기출.js,original/high/h1/1final/23_복성고_1학기_기말_고1_기출.js,15,15,15,2023,1,final,복성고,2015,수학(상),H15-SA-12,도형의 이동,H22-C2-04,도형의 이동,H15-SA-12-COMPOSITE_TRANSFORMATION,합성 변환,forward_standard_key,archive/question-index.js + archive/exams/original/high/h1/**/*.js,INCLUDED,95ffb40d33a25c2986c5cc71e7cd658242141639ba6a31540d24a30bba478fee,74e78ef990068fde802450147ae4176066c24d14f44b513a6c11422d3b0e59dc,,023e22cb26a5fbe38cca46f54a33f5c2ebcb3f6721616fecdeb57fe53257c0e4,574c41baeafa9cd32044fa3622a66a08e800f2ebbb1829e276b8fc6753b835ec,true,565,assets/images/23_복성고_1학기_기말_고1_기출/q15-solution.svg,EXISTS,bbfa6a4a95e774167668b7541103cd360ae7e55d5d893a9691d922b87ce09e2e,VISUAL_REQUIRED,INITIAL_TRIAGE_ONLY,,INVENTORIED,NOT_STARTED,NOT_TESTED,NOT_TESTED,NOT_TESTED,NOT_TESTED,NOT_TESTED,NOT_TESTED,,
h1:original/high/h1/1final/23_복성고_1학기_기말_고1_기출.js_17,original/high/h1/1final/23_복성고_1학기_기말_고1_기출.js_17,original/high/h1/1final/23_복성고_1학기_기말_고1_기출.js,original/high/h1/1final/23_복성고_1학기_기말_고1_기출.js,17,17,17,2023,1,final,복성고,2015,수학(상),H15-SA-09,평면좌표,H22-C2-01,평면좌표,H15-SA-09-COORDINATE_METRIC,좌표와 거리,forward_standard_key,archive/question-index.js + archive/exams/original/high/h1/**/*.js,INCLUDED,f5d186cb4dee51e3356d7f215faec519e02002ce372e513e60088b7ed0d2d632,3cacff4e495405274947a6bf83420b0464ee07b1094efaae396e6a324f61b74e,,b40d2d54141bddbeb867970c553c62920c7050e3b34b45a3744400a7f0b56cfa,b958cc83f38021ac0cc0aee6409cc4699c7837dfcc164a12baa1bb060998166c,true,563,assets/images/23_복성고_1학기_기말_고1_기출/q17-solution.svg,EXISTS,bf98fb9c1a4ba53b05c7809eb6dfe2781b7477ec6594532e8fd4c733aa346b17,VISUAL_REQUIRED,INITIAL_TRIAGE_ONLY,,INVENTORIED,NOT_STARTED,NOT_TESTED,NOT_TESTED,NOT_TESTED,NOT_TESTED,NOT_TESTED,NOT_TESTED,,
h1:original/high/h1/1final/23_복성고_1학기_기말_고1_기출.js_18,original/high/h1/1final/23_복성고_1학기_기말_고1_기출.js_18,original/high/h1/1final/23_복성고_1학기_기말_고1_기출.js,original/high/h1/1final/23_복성고_1학기_기말_고1_기출.js,18,18,18,2023,1,final,복성고,2015,수학(상),H15-SA-12,도형의 이동,H22-C2-04,도형의 이동,H15-SA-12-COMPOSITE_TRANSFORMATION,합성 변환,forward_standard_key,archive/question-index.js + archive/exams/original/high/h1/**/*.js,INCLUDED,1bac285cb23db323e9a7849b5dec86440c2b7053c72c32ed806f4aa5ef48fec4,e24cabb280b6f84f1b64e40859fb9fc1d4162d79bb657e6db6ddc2f00abda11a,,aedbcf428ac04da67fbe2c7e6e92f3cd1cbaa332fe1a5f3a23aa230e5c4df20e,b03244cbe2814461def62964b506b7969238d64e444a0e5dd16aca846fa55379,true,942,assets/images/23_복성고_1학기_기말_고1_기출/q18-solution.svg,EXISTS,a12fb27e17f0d00524c4feb976da78c7d4944a2c6c661fd918fb4a9ed94ae357,VISUAL_REQUIRED,INITIAL_TRIAGE_ONLY,,INVENTORIED,NOT_STARTED,NOT_TESTED,NOT_TESTED,NOT_TESTED,NOT_TESTED,NOT_TESTED,NOT_TESTED,,
h1:original/high/h1/1final/23_복성고_1학기_기말_고1_기출.js_19,original/high/h1/1final/23_복성고_1학기_기말_고1_기출.js_19,original/high/h1/1final/23_복성고_1학기_기말_고1_기출.js,original/high/h1/1final/23_복성고_1학기_기말_고1_기출.js,19,19,19,2023,1,final,복성고,2015,수학(상),H15-SA-11,원의 방정식,H22-C2-03,원의 방정식,H15-SA-11-CIRCLE_EQUATION,원의 방정식,forward_standard_key,archive/question-index.js + archive/exams/original/high/h1/**/*.js,INCLUDED,a35eea47b8b7658ff5015a7b4efe84d5641664dac1f93fc4c9b95afc0e58100a,77c267882036e37d0fe633240c250dae9eceee829b0a3953b076201f74c873f9,,090972e055f404d39bc6fea67aac99cdc4fa253f2774ff76b0d381dc7055a60d,fc27fc8e2f0d875f71bae6002b9dccb4a23506e4352bd152eac33f9b13eb3c97,true,812,assets/images/23_복성고_1학기_기말_고1_기출/q19-solution.svg,EXISTS,56975044bf294ca141207c291fb7a53386b2cb4001d47768dabb5ce047f6285c,VISUAL_REQUIRED,INITIAL_TRIAGE_ONLY,,INVENTORIED,NOT_STARTED,NOT_TESTED,NOT_TESTED,NOT_TESTED,NOT_TESTED,NOT_TESTED,NOT_TESTED,,
h1:original/high/h1/1final/23_복성고_1학기_기말_고1_기출.js_20,original/high/h1/1final/23_복성고_1학기_기말_고1_기출.js_20,original/high/h1/1final/23_복성고_1학기_기말_고1_기출.js,original/high/h1/1final/23_복성고_1학기_기말_고1_기출.js,20,20,20,2023,1,final,복성고,2015,수학(상),H15-SA-11,원의 방정식,H22-C2-03,원의 방정식,H15-SA-11-CIRCLE_EQUATION,원의 방정식,forward_standard_key,archive/question-index.js + archive/exams/original/high/h1/**/*.js,INCLUDED,d70b3834d3de7e9c6322d908c0217d8de75c4f64acd96549d660e6b93fb2f62f,b2a686a51664f04481ac3b5354cb385f308da27bc98c3b3774fc28fd7b166390,,62d29cf89dcd57b6f4239244c25cc602a3de42766df5200d125a93455a48b378,d3f7104ed1ff0477b71ddda162f7a3fff478cc488fd015670a1737f48259f5de,true,1352,assets/images/23_복성고_1학기_기말_고1_기출/q20-solution.svg,EXISTS,77f3b782079f2cda049224ce2eda2b97006ad7a1ab0a82744d6a23a50783cd9e,VISUAL_REQUIRED,INITIAL_TRIAGE_ONLY,,INVENTORIED,NOT_STARTED,NOT_TESTED,NOT_TESTED,NOT_TESTED,NOT_TESTED,NOT_TESTED,NOT_TESTED,,
h1:original/high/h1/1final/23_복성고_1학기_기말_고1_기출.js_22,original/high/h1/1final/23_복성고_1학기_기말_고1_기출.js_22,original/high/h1/1final/23_복성고_1학기_기말_고1_기출.js,original/high/h1/1final/23_복성고_1학기_기말_고1_기출.js,22,22,22,2023,1,final,복성고,2015,수학(상),H15-SA-11,원의 방정식,H22-C2-03,원의 방정식,H15-SA-11-CIRCLE_EQUATION,원의 방정식,forward_standard_key,archive/question-index.js + archive/exams/original/high/h1/**/*.js,INCLUDED,06c97dd52fca5a2829040a4065e01e8c17fc4c7ee4a726b24e52bd6602be6f57,c3e56cd531c9786ab19d8bcffeb03ed7291e588fe01a26f36e5ab94fbc34dfe9,,8ddab85efe38e23bed70f42b1ebbc6e8443989eba9a20357a9e19bd02fefdf00,dc178b5506384958ab1493f22df14f1abd192ccf6f92a714043d3c47dc6f9ac1,true,1345,assets/images/23_복성고_1학기_기말_고1_기출/q22-solution.svg,EXISTS,5d42f2f548810eea0f117b6fc9212e2b4ec1c7aa6c3f44778175ca04600746dc,VISUAL_REQUIRED,INITIAL_TRIAGE_ONLY,,INVENTORIED,NOT_STARTED,NOT_TESTED,NOT_TESTED,NOT_TESTED,NOT_TESTED,NOT_TESTED,NOT_TESTED,,
h1:original/high/h1/1final/23_순천여고_1학기_기말_고1_기출.js_1,original/high/h1/1final/23_순천여고_1학기_기말_고1_기출.js_1,original/high/h1/1final/23_순천여고_1학기_기말_고1_기출.js,original/high/h1/1final/23_순천여고_1학기_기말_고1_기출.js,1,1,1,2023,1,final,순천여고,2015,수학(상),H15-SA-09,평면좌표,H22-C2-01,평면좌표,H15-SA-09-COORDINATE_METRIC,좌표와 거리,forward_standard_key,archive/question-index.js + archive/exams/original/high/h1/**/*.js,INCLUDED,64dd60dfe444d34b917d2e6c700b787bf0bacca9dc5a1b3cd8fbd36a605fc2c0,4d73ae41b96871efa0b1ea07821ee550dde4d8b7a513486ed3fb50ac39bfa4e1,,ceb8cf22063caf77c81ee0fbea8d84d75082e9abe74e17e19087de30c8e4fb7c,71775384cca7e4f65d1da34e61c95ab236c5fb0a17b08ebd251839b07a0aed5a,true,223,,NONE,,REVIEW_REQUIRED,INITIAL_TRIAGE_ONLY,,INVENTORIED,NOT_STARTED,NOT_TESTED,NOT_TESTED,NOT_TESTED,NOT_TESTED,NOT_TESTED,NOT_TESTED,,
h1:original/high/h1/1final/23_순천여고_1학기_기말_고1_기출.js_2,original/high/h1/1final/23_순천여고_1학기_기말_고1_기출.js_2,original/high/h1/1final/23_순천여고_1학기_기말_고1_기출.js,original/high/h1/1final/23_순천여고_1학기_기말_고1_기출.js,2,2,2,2023,1,final,순천여고,2015,수학(상),H15-SA-10,직선의 방정식,H22-C2-02,직선의 방정식,H15-SA-10-LINE_EQUATION,직선의 방정식,forward_standard_key,archive/question-index.js + archive/exams/original/high/h1/**/*.js,INCLUDED,30aea3fc68937a6651c519dde5fa7668107712617bf5274eea7eff5775d0ab95,8da1eedd41befd7c326d81a8056cd149f7caebf73790756e2a55e15358c5fb00,,7222af034929542bc9aa17f493074f0d6b5589a9b57ee5b526a150395d9fe21a,02ba27a2c93ada4e530ea76222a9d835b353ce1bb21b7aa1a6c650162f09b520,true,298,,NONE,,REVIEW_REQUIRED,INITIAL_TRIAGE_ONLY,,INVENTORIED,NOT_STARTED,NOT_TESTED,NOT_TESTED,NOT_TESTED,NOT_TESTED,NOT_TESTED,NOT_TESTED,,
h1:original/high/h1/1final/23_순천여고_1학기_기말_고1_기출.js_3,original/high/h1/1final/23_순천여고_1학기_기말_고1_기출.js_3,original/high/h1/1final/23_순천여고_1학기_기말_고1_기출.js,original/high/h1/1final/23_순천여고_1학기_기말_고1_기출.js,3,3,3,2023,1,final,순천여고,2015,수학(상),H15-SA-12,도형의 이동,H22-C2-04,도형의 이동,H15-SA-12-COMPOSITE_TRANSFORMATION,합성 변환,forward_standard_key,archive/question-index.js + archive/exams/original/high/h1/**/*.js,INCLUDED,3514034e7b790d558d60462dc6cf2add02a08221b66b7582f5087ec9ef934ee2,29ef428494ad5f028df3704749b4a4510e84119ad400456a6f01507251b2bb13,,e9097c0c5389455247711ccb2953f2747a91ef4925d92db02d659fc0b6ef34be,66cd8553c4f15a4e8a59a889b17095ccfc678ddde7a1fad7008b3048a20ee1e1,true,353,,NONE,,VISUAL_REQUIRED,INITIAL_TRIAGE_ONLY,,INVENTORIED,NOT_STARTED,NOT_TESTED,NOT_TESTED,NOT_TESTED,NOT_TESTED,NOT_TESTED,NOT_TESTED,,
h1:original/high/h1/1final/23_순천여고_1학기_기말_고1_기출.js_4,original/high/h1/1final/23_순천여고_1학기_기말_고1_기출.js_4,original/high/h1/1final/23_순천여고_1학기_기말_고1_기출.js,original/high/h1/1final/23_순천여고_1학기_기말_고1_기출.js,4,4,4,2023,1,final,순천여고,2015,수학(상),H15-SA-10,직선의 방정식,H22-C2-02,직선의 방정식,H15-SA-10-LINE_EQUATION,직선의 방정식,forward_standard_key,archive/question-index.js + archive/exams/original/high/h1/**/*.js,INCLUDED,5b7b533fa855747eb50963ec27a5820bc627222e7be394d6186a8d7f1c22a0e6,4700ce9ce0a86006bb9afe09375fbf5b754778968007050949b75edd82e7e480,,ddd543375a30080872ca2d7b52480d57baaa8a4336cd9e607915e121ea238938,9dcd33f302a0538547e1130af15e50ef0420a9216509819de5a848c647603025,true,395,assets/images/23_순천여고_1학기_기말_고1_기출/q04-solution.svg,EXISTS,2e4f2823b19083570be7d73de049a768c840d3c7c249234d411b25140cf947c9,VISUAL_REQUIRED,INITIAL_TRIAGE_ONLY,,INVENTORIED,NOT_STARTED,NOT_TESTED,NOT_TESTED,NOT_TESTED,NOT_TESTED,NOT_TESTED,NOT_TESTED,,
h1:original/high/h1/1final/23_순천여고_1학기_기말_고1_기출.js_5,original/high/h1/1final/23_순천여고_1학기_기말_고1_기출.js_5,original/high/h1/1final/23_순천여고_1학기_기말_고1_기출.js,original/high/h1/1final/23_순천여고_1학기_기말_고1_기출.js,5,5,5,2023,1,final,순천여고,2015,수학(상),H15-SA-11,원의 방정식,H22-C2-03,원의 방정식,H15-SA-11-CIRCLE_EQUATION,원의 방정식,forward_standard_key,archive/question-index.js + archive/exams/original/high/h1/**/*.js,INCLUDED,8a68da05a48c6329b6d2296b0eee8cbdfd872898414a11b70f6873eb33da99e9,64d7acc9b010b03cd3da16c1ccee00e468cfdcfb3d13a8357e9035ab565b79d4,,89b1999200811a818eccf9d4a675fb74d46bfb6383ab2e40854551a2497b6864,8c6c7ef950672d330d43e4f1db2296cb9e3856e650f1b07bf0f228c2f38e9c47,true,418,assets/images/23_순천여고_1학기_기말_고1_기출/q05-solution.svg,EXISTS,b4f00ee8ebe53e4e2c483d60ac006339d2c6f038669bb01f213c0c28d730d8ce,VISUAL_REQUIRED,INITIAL_TRIAGE_ONLY,,INVENTORIED,NOT_STARTED,NOT_TESTED,NOT_TESTED,NOT_TESTED,NOT_TESTED,NOT_TESTED,NOT_TESTED,,
h1:original/high/h1/1final/23_순천여고_1학기_기말_고1_기출.js_6,original/high/h1/1final/23_순천여고_1학기_기말_고1_기출.js_6,original/high/h1/1final/23_순천여고_1학기_기말_고1_기출.js,original/high/h1/1final/23_순천여고_1학기_기말_고1_기출.js,6,6,6,2023,1,final,순천여고,2015,수학(상),H15-SA-11,원의 방정식,H22-C2-03,원의 방정식,H15-SA-11-TANGENT,원과 접선,forward_standard_key,archive/question-index.js + archive/exams/original/high/h1/**/*.js,INCLUDED,c4a9529db61c77b28bd029b367e1fa876b1d79e77d1e5b3129f4a6591b2b56b4,3bb465645d2f23497684852af3cb3098a6e8136b0ef72db7f7240dfedfd84203,,bceb77cca6ac7d5b8e7ee91aa90a87f5126680877b9ad2b40dea44b982551d5a,a2a3622c63d256c3c654df1e8fb9a840053da3a6431b0a6489252a97923dbad4,true,771,assets/images/23_순천여고_1학기_기말_고1_기출/q06-solution.svg,EXISTS,222e783e383be2cfa756651fcff62653ba3548029dc3c8ba906199b065c038dc,VISUAL_REQUIRED,INITIAL_TRIAGE_ONLY,,INVENTORIED,NOT_STARTED,NOT_TESTED,NOT_TESTED,NOT_TESTED,NOT_TESTED,NOT_TESTED,NOT_TESTED,,
h1:original/high/h1/1final/23_순천여고_1학기_기말_고1_기출.js_8,original/high/h1/1final/23_순천여고_1학기_기말_고1_기출.js_8,original/high/h1/1final/23_순천여고_1학기_기말_고1_기출.js,original/high/h1/1final/23_순천여고_1학기_기말_고1_기출.js,8,8,8,2023,1,final,순천여고,2015,수학(상),H15-SA-09,평면좌표,H22-C2-01,평면좌표,H15-SA-09-COORDINATE_METRIC,좌표와 거리,forward_standard_key,archive/question-index.js + archive/exams/original/high/h1/**/*.js,INCLUDED,0492bc1de42e5fa004725e96490027846ade60383a1e2f448df901c37ae2d7c8,96ddb49e12fc7ec0928635394d2e10e2797ba68ee35945a8671fd0a6f4d537af,,488d82b616934f2f16dd83673b378e8c9f9fe10c10d896f0c62279fd1d1b8ea6,9f9b7c6e31501a8e511f6a79f4fb754247ed147dcf57dc1c64e019d14ff56233,true,506,,NONE,,REVIEW_REQUIRED,INITIAL_TRIAGE_ONLY,,INVENTORIED,NOT_STARTED,NOT_TESTED,NOT_TESTED,NOT_TESTED,NOT_TESTED,NOT_TESTED,NOT_TESTED,,
h1:original/high/h1/1final/23_순천여고_1학기_기말_고1_기출.js_9,original/high/h1/1final/23_순천여고_1학기_기말_고1_기출.js_9,original/high/h1/1final/23_순천여고_1학기_기말_고1_기출.js,original/high/h1/1final/23_순천여고_1학기_기말_고1_기출.js,9,9,9,2023,1,final,순천여고,2015,수학(상),H15-SA-11,원의 방정식,H22-C2-03,원의 방정식,H15-SA-11-INTERSECTION,원과 직선·원의 교점,forward_standard_key,archive/question-index.js + archive/exams/original/high/h1/**/*.js,INCLUDED,ea7584389e459a83d3f49d20c9aadbd6cb34171ade6a1ce9732795f6c100687b,0a209f4787f4b3780c0bef3931d77d6ae900a02e05a4eb40c93bcc32484b7ef9,,7c5b21e47fe85d5d562ca527adcbae3ec442e6e151bfca320432ee0e9f2d9964,082529bf16bb09f375622670743a68ab05b9e277bd0ec584a756c556366cf5cb,true,435,assets/images/23_순천여고_1학기_기말_고1_기출/q09-solution.svg,EXISTS,19fdc36c933f9932c83d3cc8dc813d2cb1338267bda2b41a30fe38055e223567,VISUAL_REQUIRED,INITIAL_TRIAGE_ONLY,,INVENTORIED,NOT_STARTED,NOT_TESTED,NOT_TESTED,NOT_TESTED,NOT_TESTED,NOT_TESTED,NOT_TESTED,,
h1:original/high/h1/1final/23_순천여고_1학기_기말_고1_기출.js_11,original/high/h1/1final/23_순천여고_1학기_기말_고1_기출.js_11,original/high/h1/1final/23_순천여고_1학기_기말_고1_기출.js,original/high/h1/1final/23_순천여고_1학기_기말_고1_기출.js,11,11,11,2023,1,final,순천여고,2015,수학(상),H15-SA-10,직선의 방정식,H22-C2-02,직선의 방정식,H15-SA-10-LINE_EQUATION,직선의 방정식,forward_standard_key,archive/question-index.js + archive/exams/original/high/h1/**/*.js,INCLUDED,6d973ea81c8deb08387eafa6678104756555904f1826c7237fab1905adbbc77d,3f5257b120e5924038e788a98355cafa814a8d197755267187000b134e45880f,,481702fe84a6ff091685ee4902138fe18f0b88d9dd3f092c55c80ee42e31734f,d18cd31b620997f39629668b5301a0f3b412b3b45d7d10d3f5bc17d496512d0c,true,459,assets/images/23_순천여고_1학기_기말_고1_기출/q11-solution.svg,EXISTS,30353aeed2c8447095982d3c7f81750e4bc1db72501dfad5289aa421bfa405ad,VISUAL_REQUIRED,INITIAL_TRIAGE_ONLY,,INVENTORIED,NOT_STARTED,NOT_TESTED,NOT_TESTED,NOT_TESTED,NOT_TESTED,NOT_TESTED,NOT_TESTED,,
h1:original/high/h1/1final/23_순천여고_1학기_기말_고1_기출.js_12,original/high/h1/1final/23_순천여고_1학기_기말_고1_기출.js_12,original/high/h1/1final/23_순천여고_1학기_기말_고1_기출.js,original/high/h1/1final/23_순천여고_1학기_기말_고1_기출.js,12,12,12,2023,1,final,순천여고,2015,수학(상),H15-SA-11,원의 방정식,H22-C2-03,원의 방정식,H15-SA-11-INTERSECTION,원과 직선·원의 교점,forward_standard_key,archive/question-index.js + archive/exams/original/high/h1/**/*.js,INCLUDED,deb4ab26d90d03b8070d62e7688e9214e1f864c9ec27189f7048a21c934203bb,3de83a59403f424c8ad06aa2622461259a9414cb253541196167ccec6eb99a15,,e4bda29bcab28d241c791202cd82758662662b920a7e10359e094cac9b2e1581,b215f97ccba8ded710638f87f3c228e4f5b41539a2807e013861201e07e92f73,true,665,assets/images/23_순천여고_1학기_기말_고1_기출/q12-solution.svg,EXISTS,b13e69dccdf4d42f2c3eea7c549d59a50b15322a0e2504766afb3d8d4fef4af0,VISUAL_REQUIRED,INITIAL_TRIAGE_ONLY,,INVENTORIED,NOT_STARTED,NOT_TESTED,NOT_TESTED,NOT_TESTED,NOT_TESTED,NOT_TESTED,NOT_TESTED,,
h1:original/high/h1/1final/23_순천여고_1학기_기말_고1_기출.js_13,original/high/h1/1final/23_순천여고_1학기_기말_고1_기출.js_13,original/high/h1/1final/23_순천여고_1학기_기말_고1_기출.js,original/high/h1/1final/23_순천여고_1학기_기말_고1_기출.js,13,13,13,2023,1,final,순천여고,2015,수학(상),H15-SA-10,직선의 방정식,H22-C2-02,직선의 방정식,H15-SA-10-DISTANCE_ANGLE,직선 사이의 거리와 각,forward_standard_key,archive/question-index.js + archive/exams/original/high/h1/**/*.js,INCLUDED,f38556c224452b64e70b511c6564fa13db52865a0099059c37130e2ffb411b3c,02e3070222bd59a302a6b3782d6e0f71d24b54a58aa5577d44aedb8f2f6345b8,,f6511f1e3266d65b6b2c9eedf38ac5adf4072fd7de7f05b0f41c1c0facb5b64d,f23ec6800175e3e6edac77e7e149360b8514ed6d27d822aaee9f4de78b6255b2,true,485,assets/images/23_순천여고_1학기_기말_고1_기출/q13-solution.svg,EXISTS,75baed5041c9f9a804939f5dd69b1c1e501b9013f98ec957c63ae1c5e01a63ab,VISUAL_REQUIRED,INITIAL_TRIAGE_ONLY,,INVENTORIED,NOT_STARTED,NOT_TESTED,NOT_TESTED,NOT_TESTED,NOT_TESTED,NOT_TESTED,NOT_TESTED,,
h1:original/high/h1/1final/23_순천여고_1학기_기말_고1_기출.js_14,original/high/h1/1final/23_순천여고_1학기_기말_고1_기출.js_14,original/high/h1/1final/23_순천여고_1학기_기말_고1_기출.js,original/high/h1/1final/23_순천여고_1학기_기말_고1_기출.js,14,14,14,2023,1,final,순천여고,2015,수학(상),H15-SA-09,평면좌표,H22-C2-01,평면좌표,H15-SA-09-GEOMETRY_EQUATION,도형의 방정식,forward_standard_key,archive/question-index.js + archive/exams/original/high/h1/**/*.js,INCLUDED,24e724df5502f1be565d5cbb363d14eb362f5b67d5987c4728ddc5b84ba83983,c5d3630a4958e050cd2b64c9c4c772172c98af2479c96453aa6922312dc435f8,,8c7683e06c26dae6c9f7e9917c8717893c2e36b108734a9275e0715602f2b1ed,a73d239d9896b83a22fdb8cebc3b249cd4e19ef72e012c85306a48f0fc11ae01,true,833,assets/images/23_순천여고_1학기_기말_고1_기출/q14-solution.svg,EXISTS,9781f07f1f243888f4ae2400d2449f44ac1dd95a199b8b40a60b587db3818412,VISUAL_REQUIRED,INITIAL_TRIAGE_ONLY,,INVENTORIED,NOT_STARTED,NOT_TESTED,NOT_TESTED,NOT_TESTED,NOT_TESTED,NOT_TESTED,NOT_TESTED,,
h1:original/high/h1/1final/23_순천여고_1학기_기말_고1_기출.js_15,original/high/h1/1final/23_순천여고_1학기_기말_고1_기출.js_15,original/high/h1/1final/23_순천여고_1학기_기말_고1_기출.js,original/high/h1/1final/23_순천여고_1학기_기말_고1_기출.js,15,15,15,2023,1,final,순천여고,2015,수학(상),H15-SA-11,원의 방정식,H22-C2-03,원의 방정식,H15-SA-11-TANGENT,원과 접선,forward_standard_key,archive/question-index.js + archive/exams/original/high/h1/**/*.js,INCLUDED,db36f43ba78e6ff5b82f5cf3b8bd882194964f4509c5c01d0777442a27c0c7a9,12ff92b038ab7be6b746b9e118dfc16ac048b971e3d00d5f40137095666de2dd,,ff1fcfa0bb0543f8182ba3bc3b59b1b92f8e46143651b15602348bacdb65c41a,964f02b7e286a236bf4310fd0153f6e692aa8b264426cca1b6a37e7fbcccafad,true,921,assets/images/23_순천여고_1학기_기말_고1_기출/q15-solution.svg,EXISTS,03f1eb53fdda1f20c2077a5545574be731d08781b904ba9e43befc10f5ef876a,VISUAL_REQUIRED,INITIAL_TRIAGE_ONLY,,INVENTORIED,NOT_STARTED,NOT_TESTED,NOT_TESTED,NOT_TESTED,NOT_TESTED,NOT_TESTED,NOT_TESTED,,
h1:original/high/h1/1final/23_순천여고_1학기_기말_고1_기출.js_16,original/high/h1/1final/23_순천여고_1학기_기말_고1_기출.js_16,original/high/h1/1final/23_순천여고_1학기_기말_고1_기출.js,original/high/h1/1final/23_순천여고_1학기_기말_고1_기출.js,16,16,16,2023,1,final,순천여고,2015,수학(상),H15-SA-11,원의 방정식,H22-C2-03,원의 방정식,H15-SA-11-CIRCLE_EQUATION,원의 방정식,forward_standard_key,archive/question-index.js + archive/exams/original/high/h1/**/*.js,INCLUDED,c6db828e5dfc2609c6892de4e38934c3f09f377af4b28b5831716608bf84eb4a,7e53019eff44882df944b5a654d4c64a7b284bb3a9dc25e6c4a9ec0d774f6b99,,8031dc165dd75db09272054b15fc46f8087637f7f43661271b379a085e26dd09,f21382bea6787df8b85baf4a7801e36c52e69c21a97753fcbeadc2ec47373ae7,true,834,assets/images/23_순천여고_1학기_기말_고1_기출/q16-solution.svg,EXISTS,0135d8618d5ace015b14df55da995be35af0fd53813d0e6987cad82e1e10ec2c,VISUAL_REQUIRED,INITIAL_TRIAGE_ONLY,,INVENTORIED,NOT_STARTED,NOT_TESTED,NOT_TESTED,NOT_TESTED,NOT_TESTED,NOT_TESTED,NOT_TESTED,,
h1:original/high/h1/1final/23_순천여고_1학기_기말_고1_기출.js_17,original/high/h1/1final/23_순천여고_1학기_기말_고1_기출.js_17,original/high/h1/1final/23_순천여고_1학기_기말_고1_기출.js,original/high/h1/1final/23_순천여고_1학기_기말_고1_기출.js,17,17,17,2023,1,final,순천여고,2015,수학(상),H15-SA-09,평면좌표,H22-C2-01,평면좌표,H15-SA-09-COORDINATE_METRIC,좌표와 거리,forward_standard_key,archive/question-index.js + archive/exams/original/high/h1/**/*.js,INCLUDED,5c8acab87d797ec3b94fbf3a5590407effb41f339131175d9ec8027fbef67f71,ab2babd3dfae5e8e7f9412f285b3d4d72c4a79139bef6120ca1602dac8723013,,1531b410535f980d0d7a665c0d06547fa35554934db8f8f375d4b022e56a3827,85a8a2a1f622fe80c64b7851271125ba7a426c873b3531c4f36829fb5cab9b67,true,617,assets/images/23_순천여고_1학기_기말_고1_기출/q17-solution.svg,EXISTS,36acac035b747a9ebcc421186abf257fd0c15bda7fc1ac46e9026cbec235bd3b,VISUAL_REQUIRED,INITIAL_TRIAGE_ONLY,,INVENTORIED,NOT_STARTED,NOT_TESTED,NOT_TESTED,NOT_TESTED,NOT_TESTED,NOT_TESTED,NOT_TESTED,,
h1:original/high/h1/1final/23_순천여고_1학기_기말_고1_기출.js_18,original/high/h1/1final/23_순천여고_1학기_기말_고1_기출.js_18,original/high/h1/1final/23_순천여고_1학기_기말_고1_기출.js,original/high/h1/1final/23_순천여고_1학기_기말_고1_기출.js,18,18,18,2023,1,final,순천여고,2015,수학(상),H15-SA-11,원의 방정식,H22-C2-03,원의 방정식,H15-SA-11-TANGENT,원과 접선,forward_standard_key,archive/question-index.js + archive/exams/original/high/h1/**/*.js,INCLUDED,37aadc2ee4340da35cade3ea08efe49a55806195d59cdb4dd681b12874a8ba4c,450c0c50e9d43e12cceac3f50243e2bfe1c1fea1a95c4485fb5692a45223fac3,,74f5c9d4d31fe4c16e3e43af2dbaa9dbfe54471076fba107f860ee90b7173072,4a8c32355f6f37988f5df379e782e9f97383fd29d59da9bb96e68bbc60305374,true,983,assets/images/23_순천여고_1학기_기말_고1_기출/q18-solution.svg,EXISTS,de9621323f44a238b96d92c48745d0fef9292cabbf53e597db90996ef7cdd6e1,VISUAL_REQUIRED,INITIAL_TRIAGE_ONLY,,INVENTORIED,NOT_STARTED,NOT_TESTED,NOT_TESTED,NOT_TESTED,NOT_TESTED,NOT_TESTED,NOT_TESTED,,
h1:original/high/h1/1final/23_순천여고_1학기_기말_고1_기출.js_19,original/high/h1/1final/23_순천여고_1학기_기말_고1_기출.js_19,original/high/h1/1final/23_순천여고_1학기_기말_고1_기출.js,original/high/h1/1final/23_순천여고_1학기_기말_고1_기출.js,19,19,19,2023,1,final,순천여고,2015,수학(상),H15-SA-12,도형의 이동,H22-C2-04,도형의 이동,H15-SA-12-COMPOSITE_TRANSFORMATION,합성 변환,forward_standard_key,archive/question-index.js + archive/exams/original/high/h1/**/*.js,INCLUDED,4ea580fc98c6851a1299a2575c818dfb652a0de63e789c57d4cf5d3d0186bf3c,645b1f3885a7c70e4d5750c16b6593c73614a89ab08db40042796a079027e682,,ac8a3ebf1a7bdd0443ccd1db5ea4e9e0c0a04dd8adde312973b8da565ca2ac12,221f58f306ff74f00740fac5ba2d6d78dd409fc0b21b1d5e73205a2ba368f4f6,true,731,assets/images/23_순천여고_1학기_기말_고1_기출/q19-solution.svg,EXISTS,76c8c146c2da7fcf64648b6e5b57929caba1acbbc53a0c66546a3be49bc451af,VISUAL_REQUIRED,INITIAL_TRIAGE_ONLY,,INVENTORIED,NOT_STARTED,NOT_TESTED,NOT_TESTED,NOT_TESTED,NOT_TESTED,NOT_TESTED,NOT_TESTED,,
h1:original/high/h1/1final/23_순천여고_1학기_기말_고1_기출.js_21,original/high/h1/1final/23_순천여고_1학기_기말_고1_기출.js_21,original/high/h1/1final/23_순천여고_1학기_기말_고1_기출.js,original/high/h1/1final/23_순천여고_1학기_기말_고1_기출.js,21,21,21,2023,1,final,순천여고,2015,수학(상),H15-SA-10,직선의 방정식,H22-C2-02,직선의 방정식,H15-SA-10-LINE_EQUATION,직선의 방정식,forward_standard_key,archive/question-index.js + archive/exams/original/high/h1/**/*.js,INCLUDED,a8364c62c96cb985c9bd2d22531943b63b9a55bc614cb63c9ea25dce50213806,48466389b761cb8e49d2af9a144bf8f25c7e502df91c912d34103212db3704f2,,683e16c786ed4c99f6cb915fa6c03732fb61a0e9d4a406a87282b89046f41670,cfaa823d704fa0178617d9bf973dbf65e3c7c57cee1b530228e50dac5bbc92ad,true,442,assets/images/23_순천여고_1학기_기말_고1_기출/q21-solution.svg,EXISTS,1a4de07cc0a8f52008dbe9e95ad5638ec46b42342b436774664771403907f32c,VISUAL_REQUIRED,INITIAL_TRIAGE_ONLY,,INVENTORIED,NOT_STARTED,NOT_TESTED,NOT_TESTED,NOT_TESTED,NOT_TESTED,NOT_TESTED,NOT_TESTED,,
h1:original/high/h1/1final/23_순천여고_1학기_기말_고1_기출.js_22,original/high/h1/1final/23_순천여고_1학기_기말_고1_기출.js_22,original/high/h1/1final/23_순천여고_1학기_기말_고1_기출.js,original/high/h1/1final/23_순천여고_1학기_기말_고1_기출.js,22,22,22,2023,1,final,순천여고,2015,수학(상),H15-SA-09,평면좌표,H22-C2-01,평면좌표,H15-SA-09-GEOMETRY_EQUATION,도형의 방정식,forward_standard_key,archive/question-index.js + archive/exams/original/high/h1/**/*.js,INCLUDED,60bbbaaae67857d9994a10164594505d68792c30e9f58071b8c39edea73b5da4,7420ce2c0f08c3ff708f37309ace07cbcd212f9b5a1471c95c61e3c69801fc27,,3f9098e166d1f196f1b8518cd3e6a35dd3c749ed45301c6e6ce4182c8e18c2a5,137fc1cedd694cc4bcb75909614d008fb965fe1702bbbacb83f45ad85b8a2b6a,true,974,assets/images/23_순천여고_1학기_기말_고1_기출/q22-solution.svg,EXISTS,98288502b77ad7b4d970b58d9a3533b7ca8e73750da7134607d92ed8be73ac01,VISUAL_REQUIRED,INITIAL_TRIAGE_ONLY,,INVENTORIED,NOT_STARTED,NOT_TESTED,NOT_TESTED,NOT_TESTED,NOT_TESTED,NOT_TESTED,NOT_TESTED,,
h1:original/high/h1/1final/23_제일고_1학기_기말_고1_기출.js_10,original/high/h1/1final/23_제일고_1학기_기말_고1_기출.js_10,original/high/h1/1final/23_제일고_1학기_기말_고1_기출.js,original/high/h1/1final/23_제일고_1학기_기말_고1_기출.js,10,10,10,2023,1,final,제일고,2015,수학(상),H15-SA-11,원의 방정식,H22-C2-03,원의 방정식,H15-SA-11-CIRCLE_EQUATION,원의 방정식,forward_standard_key,archive/question-index.js + archive/exams/original/high/h1/**/*.js,INCLUDED,c74d85b605efdbb7d8aa87e50ed8b732cfe5d1a93391029e853500498f6c47fe,473bfc18a9081dc921d83ec47a0a517ab2b187359535e6e394f832f4369ae5ef,,e052073b29e3b3cc73d38d2018777f27842423e31a6f1ca9ece99b2bebe5d518,ea6fb053332269208cda41f161fb9b06489f753acf7b6f539005ce6136f884d5,true,595,assets/images/23_제일고_1학기_기말_고1_기출/q10-solution.svg,EXISTS,1701661571bc5a3b83d8a910da1b89ca12738e098947a2d64eef3570fe13a32b,VISUAL_REQUIRED,INITIAL_TRIAGE_ONLY,,INVENTORIED,NOT_STARTED,NOT_TESTED,NOT_TESTED,NOT_TESTED,NOT_TESTED,NOT_TESTED,NOT_TESTED,,
h1:original/high/h1/1final/23_제일고_1학기_기말_고1_기출.js_11,original/high/h1/1final/23_제일고_1학기_기말_고1_기출.js_11,original/high/h1/1final/23_제일고_1학기_기말_고1_기출.js,original/high/h1/1final/23_제일고_1학기_기말_고1_기출.js,11,11,11,2023,1,final,제일고,2015,수학(상),H15-SA-11,원의 방정식,H22-C2-03,원의 방정식,H15-SA-11-CIRCLE_EQUATION,원의 방정식,forward_standard_key,archive/question-index.js + archive/exams/original/high/h1/**/*.js,INCLUDED,6035247a3fd1c70736b8d5ecce2b93698d05e88e855c6ec950151234239454b7,741184ac1b62df9b317baa8db5df1103db3bc0a5f23fddb772356be513c9044b,,edc94717bac7a9e5e890663680e1c66a5dc1ef90132f14ffbbc4b00990d8c767,e3a92f52af03921fe102bc0caa42eb3e98ad24ccc0927cfd0af1a7d1282a5253,true,811,assets/images/23_제일고_1학기_기말_고1_기출/q11-solution.svg,EXISTS,bdcada63c04726e3154600364ebb513e82c9bc1dcf92eef47c50eba8e51e8bd8,VISUAL_REQUIRED,INITIAL_TRIAGE_ONLY,,INVENTORIED,NOT_STARTED,NOT_TESTED,NOT_TESTED,NOT_TESTED,NOT_TESTED,NOT_TESTED,NOT_TESTED,,
h1:original/high/h1/1final/23_제일고_1학기_기말_고1_기출.js_12,original/high/h1/1final/23_제일고_1학기_기말_고1_기출.js_12,original/high/h1/1final/23_제일고_1학기_기말_고1_기출.js,original/high/h1/1final/23_제일고_1학기_기말_고1_기출.js,12,12,12,2023,1,final,제일고,2015,수학(상),H15-SA-11,원의 방정식,H22-C2-03,원의 방정식,H15-SA-11-CIRCLE_EQUATION,원의 방정식,forward_standard_key,archive/question-index.js + archive/exams/original/high/h1/**/*.js,INCLUDED,67b5966efa4df4966452c38bc6daf75128a627014cd845d9cf9a9778a3bd0747,c031b53dbeabefa884982b927e07417545856b7d27895e075ec785f2292e2029,,ed290faeed92fd1fbc4dfa3d2ebd46b21976840d8791de8f9f28838540c97554,30d63a1de229e58e2fe37f9083653b7f5f7df76f529001ebc62ba9e4aabb40b3,true,534,assets/images/23_제일고_1학기_기말_고1_기출/q12-solution.svg,EXISTS,c68745ac56d48ddb700bc1d3ce9fdf25bc91271ac755c1a0dc9e7ff03d549039,VISUAL_REQUIRED,INITIAL_TRIAGE_ONLY,,INVENTORIED,NOT_STARTED,NOT_TESTED,NOT_TESTED,NOT_TESTED,NOT_TESTED,NOT_TESTED,NOT_TESTED,,
h1:original/high/h1/1final/23_제일고_1학기_기말_고1_기출.js_13,original/high/h1/1final/23_제일고_1학기_기말_고1_기출.js_13,original/high/h1/1final/23_제일고_1학기_기말_고1_기출.js,original/high/h1/1final/23_제일고_1학기_기말_고1_기출.js,13,13,13,2023,1,final,제일고,2015,수학(상),H15-SA-10,직선의 방정식,H22-C2-02,직선의 방정식,H15-SA-10-LINE_EQUATION,직선의 방정식,forward_standard_key,archive/question-index.js + archive/exams/original/high/h1/**/*.js,INCLUDED,1687bbf736aa64ac9602973c5eaf7ef19bb4754a70dcc0f6ad5d9ac3963ff553,1220cf206ed331793572a773b55aa94572f422b709e3455be8e18a4f0d35e958,,cd7ab2c26dcb467ccb9195719f392c0fe663a8643a47283f9b6a16b4c99f4d77,cac63866948aa8e1f663764105cf5cbeb378bd36f0a4c3cc5d276685c43bc528,true,374,assets/images/23_제일고_1학기_기말_고1_기출/q13-solution.svg,EXISTS,e63da1de6634d94d6be16181a35be017bab6618479845e0b3ead7670cc5b04b4,VISUAL_REQUIRED,INITIAL_TRIAGE_ONLY,,INVENTORIED,NOT_STARTED,NOT_TESTED,NOT_TESTED,NOT_TESTED,NOT_TESTED,NOT_TESTED,NOT_TESTED,,
h1:original/high/h1/1final/23_제일고_1학기_기말_고1_기출.js_14,original/high/h1/1final/23_제일고_1학기_기말_고1_기출.js_14,original/high/h1/1final/23_제일고_1학기_기말_고1_기출.js,original/high/h1/1final/23_제일고_1학기_기말_고1_기출.js,14,14,14,2023,1,final,제일고,2015,수학(상),H15-SA-11,원의 방정식,H22-C2-03,원의 방정식,H15-SA-11-CIRCLE_EQUATION,원의 방정식,forward_standard_key,archive/question-index.js + archive/exams/original/high/h1/**/*.js,INCLUDED,79e2494c230ffc66e26ff98d007f81223641564aee962d9734de260d802201e4,994022db400f95aaa3c4eb0c282b1af717c81a5b6b2890c6f82942591aa76a2a,,6ff528e8a17a70eacd83bade1844dd909cad8b6ce9855a50b83cba2c54705bf5,710f4fe6a8d6bcf0a96a062fb0bdc8757dc3741a7f35be442dd0b9efb58d74d3,true,584,assets/images/23_제일고_1학기_기말_고1_기출/q14-solution.svg,EXISTS,8173c08a061fb40a3338e57eb4cfc8ee309903389c72b96dacb2d2788294fac4,VISUAL_REQUIRED,INITIAL_TRIAGE_ONLY,,INVENTORIED,NOT_STARTED,NOT_TESTED,NOT_TESTED,NOT_TESTED,NOT_TESTED,NOT_TESTED,NOT_TESTED,,
h1:original/high/h1/1final/23_제일고_1학기_기말_고1_기출.js_15,original/high/h1/1final/23_제일고_1학기_기말_고1_기출.js_15,original/high/h1/1final/23_제일고_1학기_기말_고1_기출.js,original/high/h1/1final/23_제일고_1학기_기말_고1_기출.js,15,15,15,2023,1,final,제일고,2015,수학(상),H15-SA-11,원의 방정식,H22-C2-03,원의 방정식,H15-SA-11-INTERSECTION,원과 직선·원의 교점,forward_standard_key,archive/question-index.js + archive/exams/original/high/h1/**/*.js,INCLUDED,342a053202d711e65988b1a23c16b04ab5a045c895b3cfed18c5a04ed7bf596b,463488c217ac2049dbe4962cf4986d3a69fa4a506cae40c0ee38145f112cda3d,,dc4b3b014af15dfac31f0168db5514c6a1a715e5491ce86b5a313e12bf31b66d,4979ef70b5c229a80bea00e36206f826369fdf19278bf4cec6e9b84875e9e905,true,856,assets/images/23_제일고_1학기_기말_고1_기출/q15-solution.svg,EXISTS,cae6b0bc3c8784db281d94a3fa8c9564f11eeb7032d58628703431081fa1c7cb,VISUAL_REQUIRED,INITIAL_TRIAGE_ONLY,,INVENTORIED,NOT_STARTED,NOT_TESTED,NOT_TESTED,NOT_TESTED,NOT_TESTED,NOT_TESTED,NOT_TESTED,,
h1:original/high/h1/1final/23_제일고_1학기_기말_고1_기출.js_16,original/high/h1/1final/23_제일고_1학기_기말_고1_기출.js_16,original/high/h1/1final/23_제일고_1학기_기말_고1_기출.js,original/high/h1/1final/23_제일고_1학기_기말_고1_기출.js,16,16,16,2023,1,final,제일고,2015,수학(상),H15-SA-11,원의 방정식,H22-C2-03,원의 방정식,H15-SA-11-TANGENT,원과 접선,forward_standard_key,archive/question-index.js + archive/exams/original/high/h1/**/*.js,INCLUDED,80bc0da87480e02dbd8b6b97f2e2d39383851b140a48cc576a5bc545e3ddc3c2,1d1206d1327a2912e2f143b0c3220adab4ff157160b00affa8d1c961a07ffb60,,9a86f4d9eabeea94e4b238c55ca90e737393a3301e47ac6805a85a100a63f6a9,9f07fdbab35c9716f965e90b6832066c1e8f1416e4994d5b38c007a841591e05,true,628,assets/images/23_제일고_1학기_기말_고1_기출/q16-solution.svg,EXISTS,9791ee83828926a2230f3c3e2201d3c9b3f130cbc1452db192d83f6124b551fe,VISUAL_REQUIRED,INITIAL_TRIAGE_ONLY,,INVENTORIED,NOT_STARTED,NOT_TESTED,NOT_TESTED,NOT_TESTED,NOT_TESTED,NOT_TESTED,NOT_TESTED,,
h1:original/high/h1/1final/23_제일고_1학기_기말_고1_기출.js_17,original/high/h1/1final/23_제일고_1학기_기말_고1_기출.js_17,original/high/h1/1final/23_제일고_1학기_기말_고1_기출.js,original/high/h1/1final/23_제일고_1학기_기말_고1_기출.js,17,17,17,2023,1,final,제일고,2015,수학(상),H15-SA-11,원의 방정식,H22-C2-03,원의 방정식,H15-SA-11-TANGENT,원과 접선,forward_standard_key,archive/question-index.js + archive/exams/original/high/h1/**/*.js,INCLUDED,68e8e548be4e4b0f98aab0ea52d08edb7ab5552a20f11e50c13253aac687652c,b110615b92f07dfd3fd22f77a1d2bb8ecadac39ec8cb666b6924ef3b0c2516fe,,bb0c0b82fc06c8d563152ba380eeeb003d32c18ecb3659911500685b9257e188,dc5bb7d1e62a0d4bd9991f082b4b345d0b6d557ffc90c24ff8099bb2392640b9,true,660,assets/images/23_제일고_1학기_기말_고1_기출/q17-solution.svg,EXISTS,af1d61ad5b6593e431485bc4c497caac467ddda6d1204406b424ff66b290f74f,VISUAL_REQUIRED,INITIAL_TRIAGE_ONLY,,INVENTORIED,NOT_STARTED,NOT_TESTED,NOT_TESTED,NOT_TESTED,NOT_TESTED,NOT_TESTED,NOT_TESTED,,
h1:original/high/h1/1final/23_제일고_1학기_기말_고1_기출.js_18,original/high/h1/1final/23_제일고_1학기_기말_고1_기출.js_18,original/high/h1/1final/23_제일고_1학기_기말_고1_기출.js,original/high/h1/1final/23_제일고_1학기_기말_고1_기출.js,18,18,18,2023,1,final,제일고,2015,수학(상),H15-SA-11,원의 방정식,H22-C2-03,원의 방정식,H15-SA-11-TANGENT,원과 접선,forward_standard_key,archive/question-index.js + archive/exams/original/high/h1/**/*.js,INCLUDED,281f78af2235c3e35c4f96c48e798785c0791a6b4fda376c4571124c421b8b7e,130338406743988489015184d05e1911c44880c26ff7b3f9a6cacc1172afec1d,,27407006ead5508b8f4793ad3eed21cec86bd1dd9beab9c55556725316487614,797a55e78b60b81e37c8168c54c5de8e44b0d386c769f1a6cdcd51432eb0be21,true,642,assets/images/23_제일고_1학기_기말_고1_기출/q18-solution.svg,EXISTS,964ce6e2c60c6c0b7ad382d0313f4536c35b207de2c7def86caa936b2a739836,VISUAL_REQUIRED,INITIAL_TRIAGE_ONLY,,INVENTORIED,NOT_STARTED,NOT_TESTED,NOT_TESTED,NOT_TESTED,NOT_TESTED,NOT_TESTED,NOT_TESTED,,
h1:original/high/h1/1final/23_제일고_1학기_기말_고1_기출.js_21,original/high/h1/1final/23_제일고_1학기_기말_고1_기출.js_21,original/high/h1/1final/23_제일고_1학기_기말_고1_기출.js,original/high/h1/1final/23_제일고_1학기_기말_고1_기출.js,21,21,21,2023,1,final,제일고,2015,수학(상),H15-SA-11,원의 방정식,H22-C2-03,원의 방정식,H15-SA-11-CIRCLE_EQUATION,원의 방정식,forward_standard_key,archive/question-index.js + archive/exams/original/high/h1/**/*.js,INCLUDED,9c56b406043a78ce5fa3441f8f0479406c86c6c144dc0a71ff4814c37fa69cc8,8eeeaf4c27c30fa8add95d7d1b18604ad89560a9ef9a05af81fd1bd8f636f5ff,,b62f08b344533627fdcc4f90dbdcfba5ae09d9dc985999b52aa2a4f03b3fe857,8b8972a656cd6ec6e22cb65c203073491b6cb73eb10aeac019af5a848ecd818c,true,676,assets/images/23_제일고_1학기_기말_고1_기출/q21-solution.svg,EXISTS,e9a7617982f1b8234f28b2f14a9d7ec914d5dc347d67f67bf1a96992c36cb92d,VISUAL_REQUIRED,INITIAL_TRIAGE_ONLY,,INVENTORIED,NOT_STARTED,NOT_TESTED,NOT_TESTED,NOT_TESTED,NOT_TESTED,NOT_TESTED,NOT_TESTED,,
h1:original/high/h1/1final/23_제일고_1학기_기말_고1_기출.js_22,original/high/h1/1final/23_제일고_1학기_기말_고1_기출.js_22,original/high/h1/1final/23_제일고_1학기_기말_고1_기출.js,original/high/h1/1final/23_제일고_1학기_기말_고1_기출.js,22,22,22,2023,1,final,제일고,2015,수학(상),H15-SA-11,원의 방정식,H22-C2-03,원의 방정식,H15-SA-11-CIRCLE_EQUATION,원의 방정식,forward_standard_key,archive/question-index.js + archive/exams/original/high/h1/**/*.js,INCLUDED,0889fa39a8041b3d1ca8c56819634183ef20fc56350c7e5203b84109ea248715,1dd0766c994f8012727b2639b5aada370125a30a999716f5dadbe80f69deacdb,,e9ddb04df8e560a425da29b4da3f7e8430ec342c41b9081a1587b5f2d3306ba2,db976062c8374502e8cfeae0028bb6ce4b71061f041749fbed629a8af636711b,true,1081,assets/images/23_제일고_1학기_기말_고1_기출/q22-solution.svg,EXISTS,1aaa6bcbf0a3806d010ad054f9dc86132427a30e45ec4c43e015259fca21edd7,VISUAL_REQUIRED,INITIAL_TRIAGE_ONLY,,INVENTORIED,NOT_STARTED,NOT_TESTED,NOT_TESTED,NOT_TESTED,NOT_TESTED,NOT_TESTED,NOT_TESTED,,
h1:original/high/h1/1final/23_팔마고_1학기_기말_고1_기출.js_1,original/high/h1/1final/23_팔마고_1학기_기말_고1_기출.js_1,original/high/h1/1final/23_팔마고_1학기_기말_고1_기출.js,original/high/h1/1final/23_팔마고_1학기_기말_고1_기출.js,1,1,1,2023,1,final,팔마고,2015,수학(상),H15-SA-09,평면좌표,H22-C2-01,평면좌표,H15-SA-09-COORDINATE_METRIC,좌표와 거리,forward_standard_key,archive/question-index.js + archive/exams/original/high/h1/**/*.js,INCLUDED,fdc5521cb6c2cd5894759ed8a0d14258414f467cb0f21d74949a0b39ff812349,8edf75df1f52efaa1f46ab0fc44bf2663481ce9f50ed845385401dd78306c2ed,,9b386bb0af861ffafb651c9eb892ef771c385730a3845d495c1c45a9069634bf,6269a80b47cfe9278f944cd70b2b9b19d4c5df00d3cd9aed7d2a01ee4a4b31b3,true,400,,NONE,,VISUAL_REQUIRED,INITIAL_TRIAGE_ONLY,,INVENTORIED,NOT_STARTED,NOT_TESTED,NOT_TESTED,NOT_TESTED,NOT_TESTED,NOT_TESTED,NOT_TESTED,,
h1:original/high/h1/1final/23_팔마고_1학기_기말_고1_기출.js_2,original/high/h1/1final/23_팔마고_1학기_기말_고1_기출.js_2,original/high/h1/1final/23_팔마고_1학기_기말_고1_기출.js,original/high/h1/1final/23_팔마고_1학기_기말_고1_기출.js,2,2,2,2023,1,final,팔마고,2015,수학(상),H15-SA-10,직선의 방정식,H22-C2-02,직선의 방정식,H15-SA-10-LINE_EQUATION,직선의 방정식,forward_standard_key,archive/question-index.js + archive/exams/original/high/h1/**/*.js,INCLUDED,ccfc66d93839fb4eb1f1956d076da900f9b73078fb3063d74429a186794307b2,c019fb98abd9923ecad77f82f26eea455ab9449b09d139c09d86ab4505050a29,,3c7097cbfb3c6feba5e06e8f955b46634143718c0a42b312d168f838216398ec,7371641e883e7d103ad23a2c23c15473b348a5cc815c8a59975e0ae09ee770fa,true,282,,NONE,,VISUAL_REQUIRED,INITIAL_TRIAGE_ONLY,,INVENTORIED,NOT_STARTED,NOT_TESTED,NOT_TESTED,NOT_TESTED,NOT_TESTED,NOT_TESTED,NOT_TESTED,,
h1:original/high/h1/1final/23_팔마고_1학기_기말_고1_기출.js_3,original/high/h1/1final/23_팔마고_1학기_기말_고1_기출.js_3,original/high/h1/1final/23_팔마고_1학기_기말_고1_기출.js,original/high/h1/1final/23_팔마고_1학기_기말_고1_기출.js,3,3,3,2023,1,final,팔마고,2015,수학(상),H15-SA-10,직선의 방정식,H22-C2-02,직선의 방정식,H15-SA-10-DISTANCE_ANGLE,직선 사이의 거리와 각,forward_standard_key,archive/question-index.js + archive/exams/original/high/h1/**/*.js,INCLUDED,da2b6cf5ef363736cabc3c679e547d46aed0d8f7f72044e87ff282a2563b33ca,4d8861a427251d1f3a80be45549a26b17feefcc32b93a7aa7653a48e47019c55,,d7d5e6599881e215802740ecb60ed76d64a107d57a73766a7723220d7254c4fd,4d75521b3f3ee9451e5b6a2f8160d3c6a37e20ce9d60b2fc3c64133553a1aeda,true,352,,NONE,,VISUAL_REQUIRED,INITIAL_TRIAGE_ONLY,,INVENTORIED,NOT_STARTED,NOT_TESTED,NOT_TESTED,NOT_TESTED,NOT_TESTED,NOT_TESTED,NOT_TESTED,,
h1:original/high/h1/1final/23_팔마고_1학기_기말_고1_기출.js_4,original/high/h1/1final/23_팔마고_1학기_기말_고1_기출.js_4,original/high/h1/1final/23_팔마고_1학기_기말_고1_기출.js,original/high/h1/1final/23_팔마고_1학기_기말_고1_기출.js,4,4,4,2023,1,final,팔마고,2015,수학(상),H15-SA-10,직선의 방정식,H22-C2-02,직선의 방정식,H15-SA-10-EQUATION_BASIC,방정식의 풀이,forward_standard_key,archive/question-index.js + archive/exams/original/high/h1/**/*.js,INCLUDED,dd459f055790fb920463f80c06a58d4331c4d03c40202982a6baaba149596874,4a252e1ed699d76cbf7173cef7ef7304803e02991404ab937cfb4d8f6c97b505,,9c4845ce621610cb8eac3d5204ddcdd622b43bcea18da9bfb1c44e17e3a51a87,18bcef4a32a4b85d0b9433d7c5079f46fb0170adbaf22662760a858b6c917245,true,427,,NONE,,VISUAL_REQUIRED,INITIAL_TRIAGE_ONLY,,INVENTORIED,NOT_STARTED,NOT_TESTED,NOT_TESTED,NOT_TESTED,NOT_TESTED,NOT_TESTED,NOT_TESTED,,
h1:original/high/h1/1final/23_팔마고_1학기_기말_고1_기출.js_5,original/high/h1/1final/23_팔마고_1학기_기말_고1_기출.js_5,original/high/h1/1final/23_팔마고_1학기_기말_고1_기출.js,original/high/h1/1final/23_팔마고_1학기_기말_고1_기출.js,5,5,5,2023,1,final,팔마고,2015,수학(상),H15-SA-10,직선의 방정식,H22-C2-02,직선의 방정식,H15-SA-10-PARALLEL_PERPENDICULAR,두 직선의 평행과 수직,forward_standard_key,archive/question-index.js + archive/exams/original/high/h1/**/*.js,INCLUDED,a56e989f84ce7ea84c7a4224063b9cda5b04bd20c639ee3970c9dc682d887c38,b8f54b8be84444bac72904980f5a2a971d6d02786296800d7f80092eaee3b8e9,,e4239dc5cb6a2b2e7bd4a7ced260f58eee0449d09b693a6b1dad133e7f753214,3c0805aaa159329c01dfe43ad792862acff4e1cd4a28938f57d113227dca1a5a,true,679,assets/images/23_팔마고_1학기_기말_고1_기출/q05-solution.svg,EXISTS,4fe4ef659d36199fde484d62b1e7c1cacae2b5384d516abd732735f6af280699,VISUAL_REQUIRED,INITIAL_TRIAGE_ONLY,,INVENTORIED,NOT_STARTED,NOT_TESTED,NOT_TESTED,NOT_TESTED,NOT_TESTED,NOT_TESTED,NOT_TESTED,,
h1:original/high/h1/1final/23_팔마고_1학기_기말_고1_기출.js_6,original/high/h1/1final/23_팔마고_1학기_기말_고1_기출.js_6,original/high/h1/1final/23_팔마고_1학기_기말_고1_기출.js,original/high/h1/1final/23_팔마고_1학기_기말_고1_기출.js,6,6,6,2023,1,final,팔마고,2015,수학(상),H15-SA-11,원의 방정식,H22-C2-03,원의 방정식,H15-SA-11-CIRCLE_EQUATION,원의 방정식,forward_standard_key,archive/question-index.js + archive/exams/original/high/h1/**/*.js,INCLUDED,341df721d0da1c22066603bc1e8e7bfcdd0d746807aef62a9025529f712c1f18,6c7646451e507582a92d9ab74979fd75931825cee1de40743c98a239e58be1aa,,45a8a5c87798dada6765f2a3808cdaa933edf60d1dfa96886b7b36a923a4039b,943cf29c95c64cba921e01558f9bff8887a5db148fb34c45f67e427db7fa52f0,true,435,assets/images/23_팔마고_1학기_기말_고1_기출/q06-solution.svg,EXISTS,29f6046e6ac07af15f80afce9e479879e377e147c7b52631abeff1c628111fd0,VISUAL_REQUIRED,INITIAL_TRIAGE_ONLY,,INVENTORIED,NOT_STARTED,NOT_TESTED,NOT_TESTED,NOT_TESTED,NOT_TESTED,NOT_TESTED,NOT_TESTED,,
h1:original/high/h1/1final/23_팔마고_1학기_기말_고1_기출.js_8,original/high/h1/1final/23_팔마고_1학기_기말_고1_기출.js_8,original/high/h1/1final/23_팔마고_1학기_기말_고1_기출.js,original/high/h1/1final/23_팔마고_1학기_기말_고1_기출.js,8,8,8,2023,1,final,팔마고,2015,수학(상),H15-SA-10,직선의 방정식,H22-C2-02,직선의 방정식,H15-SA-10-EQUATION_BASIC,방정식의 풀이,forward_standard_key,archive/question-index.js + archive/exams/original/high/h1/**/*.js,INCLUDED,3075a501ab282b1e98696cc1d491ba39674322ad73e69ac0cb4ee8e49102d3fa,e98ac985b8db993e8ba2cb222d8f8dceef08f5909e9624b7c3c072117f23a620,,63de3b14ceb85b86d438eeebbf81351862f011e853264b29f06dee5bdcbdc9fc,40ce7460d06743c301c808642acaef0f1f76904ca37ed41630471cf39d445781,true,509,assets/images/23_팔마고_1학기_기말_고1_기출/q08-solution.svg,EXISTS,faa792e15f54088e2b48efd5d5e298c69102c029bf8a504a988e8fd357daa404,VISUAL_REQUIRED,INITIAL_TRIAGE_ONLY,,INVENTORIED,NOT_STARTED,NOT_TESTED,NOT_TESTED,NOT_TESTED,NOT_TESTED,NOT_TESTED,NOT_TESTED,,
h1:original/high/h1/1final/23_팔마고_1학기_기말_고1_기출.js_11,original/high/h1/1final/23_팔마고_1학기_기말_고1_기출.js_11,original/high/h1/1final/23_팔마고_1학기_기말_고1_기출.js,original/high/h1/1final/23_팔마고_1학기_기말_고1_기출.js,11,11,11,2023,1,final,팔마고,2015,수학(상),H15-SA-11,원의 방정식,H22-C2-03,원의 방정식,H15-SA-11-CIRCLE_EQUATION,원의 방정식,forward_standard_key,archive/question-index.js + archive/exams/original/high/h1/**/*.js,INCLUDED,c7ce8afc8711c21e129cf55c82e6e260a23babf54d7997ccce9d7c076f44ce1c,fcf01910101957e4ce39d91278db77e6c0248849e6560d6e5fb0924155cef9cf,,8e326b5796e6b645503f40548b7c68ed584616b622df691d25479069dab0e723,6b676c1ecbb78c2ba7c7b58632fb9f7d8bd61281ae2057ff0ccef7d0d805f564,true,731,assets/images/23_팔마고_1학기_기말_고1_기출/q11-solution.svg,EXISTS,5a6b56f41c69e1504c4595f18214157397917431e93014211e8b94f187edd5de,VISUAL_REQUIRED,INITIAL_TRIAGE_ONLY,,INVENTORIED,NOT_STARTED,NOT_TESTED,NOT_TESTED,NOT_TESTED,NOT_TESTED,NOT_TESTED,NOT_TESTED,,
h1:original/high/h1/1final/23_팔마고_1학기_기말_고1_기출.js_14,original/high/h1/1final/23_팔마고_1학기_기말_고1_기출.js_14,original/high/h1/1final/23_팔마고_1학기_기말_고1_기출.js,original/high/h1/1final/23_팔마고_1학기_기말_고1_기출.js,14,14,14,2023,1,final,팔마고,2015,수학(상),H15-SA-11,원의 방정식,H22-C2-03,원의 방정식,H15-SA-11-CIRCLE_EQUATION,원의 방정식,forward_standard_key,archive/question-index.js + archive/exams/original/high/h1/**/*.js,INCLUDED,a47994b4074f4fbb64b058172c3b1a16e029d1fa716db6b48b41713f85790944,ec9a3605b28aa00f03d59da01a47fc8f0cfadc7f7ae0558624c1167316122baa,,25ab6009aea9e75babf15beb8b96c099a0e88bd45df9d4f7f8efa93672abd828,2e43358af25b4ec11d7869ea9e2ac621ef368c0e870a2eb134f9054f8d5d0a66,true,1018,assets/images/23_팔마고_1학기_기말_고1_기출/q14-solution.svg,EXISTS,7bd2737691a7f833b4d12e3165bd7695292181c8979bfb7ea48c4fb415e2e69a,VISUAL_REQUIRED,INITIAL_TRIAGE_ONLY,,INVENTORIED,NOT_STARTED,NOT_TESTED,NOT_TESTED,NOT_TESTED,NOT_TESTED,NOT_TESTED,NOT_TESTED,,
h1:original/high/h1/1final/23_팔마고_1학기_기말_고1_기출.js_16,original/high/h1/1final/23_팔마고_1학기_기말_고1_기출.js_16,original/high/h1/1final/23_팔마고_1학기_기말_고1_기출.js,original/high/h1/1final/23_팔마고_1학기_기말_고1_기출.js,16,16,16,2023,1,final,팔마고,2015,수학(상),H15-SA-11,원의 방정식,H22-C2-03,원의 방정식,H15-SA-11-CIRCLE_EQUATION,원의 방정식,forward_standard_key,archive/question-index.js + archive/exams/original/high/h1/**/*.js,INCLUDED,5b659fb9a3b61f74264ee32d8f2a8af8f6810ae846a843d254ccd051a2d8519d,f7dfb433c718a0c48f786848cd205901fc6564cc6af8c88d39aa81d16b09d6d5,,35e606a609359d2f353cdce80ffc7a7c232beac0068e4f80f7d7c746da5ac438,867fedeca5a40bf65f36a45045c26333b32f5e126b4cbf090e17ef505e4b168b,true,1014,assets/images/23_팔마고_1학기_기말_고1_기출/q16-solution.svg,EXISTS,eb5f9e731160eeb017160568703a7fc30379afe40e1fe6a7d6d2778bb1972ed3,VISUAL_REQUIRED,INITIAL_TRIAGE_ONLY,,INVENTORIED,NOT_STARTED,NOT_TESTED,NOT_TESTED,NOT_TESTED,NOT_TESTED,NOT_TESTED,NOT_TESTED,,
h1:original/high/h1/1final/23_팔마고_1학기_기말_고1_기출.js_17,original/high/h1/1final/23_팔마고_1학기_기말_고1_기출.js_17,original/high/h1/1final/23_팔마고_1학기_기말_고1_기출.js,original/high/h1/1final/23_팔마고_1학기_기말_고1_기출.js,17,17,17,2023,1,final,팔마고,2015,수학(상),H15-SA-10,직선의 방정식,H22-C2-02,직선의 방정식,H15-SA-10-LINE_EQUATION,직선의 방정식,forward_standard_key,archive/question-index.js + archive/exams/original/high/h1/**/*.js,INCLUDED,e7c61e10a0d4f32b8035e51198f7c7a41229bd0533e85c1be363826b4e72b43e,3b0397ba9937821314b10a7051da314f28166c621f77367cecc21cda60f76df1,,711199a32b7d552312700389dd67620018b5b9393c71b3b9086c2dae478caae9,37affe3a3af72f92206b0f86008797dbb9f721105919eb7b2979386be5bdf8f8,true,1178,assets/images/23_팔마고_1학기_기말_고1_기출/q17-solution.svg,EXISTS,722dfd04081873def3a5053bf96f4f01a86109ba9683bfb953f2c04d6a0ad8bb,VISUAL_REQUIRED,INITIAL_TRIAGE_ONLY,,INVENTORIED,NOT_STARTED,NOT_TESTED,NOT_TESTED,NOT_TESTED,NOT_TESTED,NOT_TESTED,NOT_TESTED,,
h1:original/high/h1/1final/23_팔마고_1학기_기말_고1_기출.js_18,original/high/h1/1final/23_팔마고_1학기_기말_고1_기출.js_18,original/high/h1/1final/23_팔마고_1학기_기말_고1_기출.js,original/high/h1/1final/23_팔마고_1학기_기말_고1_기출.js,18,18,18,2023,1,final,팔마고,2015,수학(상),H15-SA-10,직선의 방정식,H22-C2-02,직선의 방정식,H15-SA-10-EQUATION_BASIC,방정식의 풀이,forward_standard_key,archive/question-index.js + archive/exams/original/high/h1/**/*.js,INCLUDED,d340f16407a4fa61bb13e39e29e80898b942acd3c838f2932bf105eb8aac6a92,3b39432afdac6e44674c3fafcd92450e8670f6507f140e8f34a6f1d3bda6404d,,c7c7e04df139b1d9064665aaac0bd67af2a687561bc8cc64739213860bb6ba05,b9321f06b9b39bee2e7cacc9ed66da56481ca22e644d56ab6bbebce5abbcf4e4,true,914,assets/images/23_팔마고_1학기_기말_고1_기출/q18-solution.svg,EXISTS,8e1e19838d4abe8b79fa491a97a42841dfc09fd19112fb16834adfce2e3f508b,VISUAL_REQUIRED,INITIAL_TRIAGE_ONLY,,INVENTORIED,NOT_STARTED,NOT_TESTED,NOT_TESTED,NOT_TESTED,NOT_TESTED,NOT_TESTED,NOT_TESTED,,
h1:original/high/h1/1final/23_팔마고_1학기_기말_고1_기출.js_19,original/high/h1/1final/23_팔마고_1학기_기말_고1_기출.js_19,original/high/h1/1final/23_팔마고_1학기_기말_고1_기출.js,original/high/h1/1final/23_팔마고_1학기_기말_고1_기출.js,19,19,19,2023,1,final,팔마고,2015,수학(상),H15-SA-11,원의 방정식,H22-C2-03,원의 방정식,H15-SA-11-CIRCLE_EQUATION,원의 방정식,forward_standard_key,archive/question-index.js + archive/exams/original/high/h1/**/*.js,INCLUDED,1bd4a40ff4086ad8bd7afacdfed8b67d64ecac14db8512467fc7a74d2cb5f27e,fe30feed662443a0225d2f43afae6fded85fca3763e1e6e468112bf5ec45eefe,,0b908d496be284fc0577c86d82f30fe52667de9cf474e3bdde47e196a834b691,e148a5e7af27be485df0427d97ca9076475b5f807679844bc7ce4198f71edfe6,true,650,assets/images/23_팔마고_1학기_기말_고1_기출/q19-solution.svg,EXISTS,483d5314dd4255855dc248dee487ba3184aa91e279f93f54073adaf9dab41447,VISUAL_REQUIRED,INITIAL_TRIAGE_ONLY,,INVENTORIED,NOT_STARTED,NOT_TESTED,NOT_TESTED,NOT_TESTED,NOT_TESTED,NOT_TESTED,NOT_TESTED,,
h1:original/high/h1/1final/23_팔마고_1학기_기말_고1_기출.js_21,original/high/h1/1final/23_팔마고_1학기_기말_고1_기출.js_21,original/high/h1/1final/23_팔마고_1학기_기말_고1_기출.js,original/high/h1/1final/23_팔마고_1학기_기말_고1_기출.js,21,21,21,2023,1,final,팔마고,2015,수학(상),H15-SA-09,평면좌표,H22-C2-01,평면좌표,H15-SA-09-COORDINATE_METRIC,좌표와 거리,forward_standard_key,archive/question-index.js + archive/exams/original/high/h1/**/*.js,INCLUDED,e578841a66869f6784914b069ad0a6018c70acb96b72b83476c47083cad88a9e,1fb00c71504924c5e954313b4087e2d4b1c6b63283d8f64db4bccdd563e9a539,,c229ab25a2749015812d10010785896968c33da3d1fdaf386ab02ca283405eb5,6170757d847efc5ec04144705ba217274f0e72a1035cc78268f103bdd2ab8575,true,1080,assets/images/23_팔마고_1학기_기말_고1_기출/q21-solution.svg,EXISTS,87de491598b3ff301fd082c15e01308c1c517e84420b44ebae42e7557e182c73,VISUAL_REQUIRED,INITIAL_TRIAGE_ONLY,,INVENTORIED,NOT_STARTED,NOT_TESTED,NOT_TESTED,NOT_TESTED,NOT_TESTED,NOT_TESTED,NOT_TESTED,,
h1:original/high/h1/1final/23_팔마고_1학기_기말_고1_기출.js_22,original/high/h1/1final/23_팔마고_1학기_기말_고1_기출.js_22,original/high/h1/1final/23_팔마고_1학기_기말_고1_기출.js,original/high/h1/1final/23_팔마고_1학기_기말_고1_기출.js,22,22,22,2023,1,final,팔마고,2015,수학(상),H15-SA-10,직선의 방정식,H22-C2-02,직선의 방정식,H15-SA-10-EQUATION_BASIC,방정식의 풀이,forward_standard_key,archive/question-index.js + archive/exams/original/high/h1/**/*.js,INCLUDED,41ea67cebcaad1940c9e6ac2aa5cb594db3d64812e24c41d209c44d750bddf1f,f8b4b1dd391ea41344f4cb0caeafdaf0b83b2a4d6960da1d6ec24d810e9a3b39,,78632bdfd4516e15e54ba065167c1decf03d0536f9411f0d8576df09f202655e,f459066f54e2bd458c09b115e48ab3375592dcb5b94d2dbf3ff39d53c5ee3cfc,true,1279,assets/images/23_팔마고_1학기_기말_고1_기출/q22-solution.svg,EXISTS,8fb6c17842d2264d5f9d92f8747e89c9669eb2cda78909769b48bca924804645,VISUAL_REQUIRED,INITIAL_TRIAGE_ONLY,,INVENTORIED,NOT_STARTED,NOT_TESTED,NOT_TESTED,NOT_TESTED,NOT_TESTED,NOT_TESTED,NOT_TESTED,,
h1:original/high/h1/1final/24_금당고_1학기_기말_고1_기출.js_2,original/high/h1/1final/24_금당고_1학기_기말_고1_기출.js_2,original/high/h1/1final/24_금당고_1학기_기말_고1_기출.js,original/high/h1/1final/24_금당고_1학기_기말_고1_기출.js,2,2,2,2024,1,final,금당고,2015,수학(상),H15-SA-09,평면좌표,H22-C2-01,평면좌표,H15-SA-09-COORDINATE_METRIC,좌표와 거리,forward_standard_key,archive/question-index.js + archive/exams/original/high/h1/**/*.js,INCLUDED,b1108d28d97d3519bd04f605a05c81716471f3b58051ce1fe0d421d8fd0e0f9b,144a1827cbde86caaaf2e269656ff03a016d137a0aa9e879f62d9545e616b3e1,,f37a821132a371b9610f5101bad40cc14e163c4003e1640dcaee5f96bd180690,0a0398ddd7a4cf461576d5dd06fd5f9b1d0632522a7de10a48ecd1a1df70ef3b,true,191,,NONE,,REVIEW_REQUIRED,INITIAL_TRIAGE_ONLY,,INVENTORIED,NOT_STARTED,NOT_TESTED,NOT_TESTED,NOT_TESTED,NOT_TESTED,NOT_TESTED,NOT_TESTED,,
h1:original/high/h1/1final/24_금당고_1학기_기말_고1_기출.js_3,original/high/h1/1final/24_금당고_1학기_기말_고1_기출.js_3,original/high/h1/1final/24_금당고_1학기_기말_고1_기출.js,original/high/h1/1final/24_금당고_1학기_기말_고1_기출.js,3,3,3,2024,1,final,금당고,2015,수학(상),H15-SA-09,평면좌표,H22-C2-01,평면좌표,H15-SA-09-COORDINATE_METRIC,좌표와 거리,forward_standard_key,archive/question-index.js + archive/exams/original/high/h1/**/*.js,INCLUDED,4e5f2bad6603d9a19e94bc7f05dd409535ea35e77d13703e25eaa05f964324d3,54d6577b985d8e110b8d9f0ac85e1a053accf0a9b21693063ce33dcf379da78a,,65738bba8971e5ab5374877d2dd5b47b12c61b53310cafdbc4eb14a63b68ce66,99a0342e91e1627bd7b9f8bcdc910491d8544359daedf15edf01ad345a56d0c6,true,182,,NONE,,VISUAL_REQUIRED,INITIAL_TRIAGE_ONLY,,INVENTORIED,NOT_STARTED,NOT_TESTED,NOT_TESTED,NOT_TESTED,NOT_TESTED,NOT_TESTED,NOT_TESTED,,
h1:original/high/h1/1final/24_금당고_1학기_기말_고1_기출.js_4,original/high/h1/1final/24_금당고_1학기_기말_고1_기출.js_4,original/high/h1/1final/24_금당고_1학기_기말_고1_기출.js,original/high/h1/1final/24_금당고_1학기_기말_고1_기출.js,4,4,4,2024,1,final,금당고,2015,수학(상),H15-SA-10,직선의 방정식,H22-C2-02,직선의 방정식,H15-SA-10-LINE_EQUATION,직선의 방정식,forward_standard_key,archive/question-index.js + archive/exams/original/high/h1/**/*.js,INCLUDED,6bc6eb5f4ab03c84b21db8e264e1eaef815d14d893087ec8e5fd49b2d7eb0500,b89d70aabf577952c73e185597252465f170cbcd991f04b1476761f10573dfe3,,1cbded4f2146a62f14671b6fb2ccc40c8f3a56f27f08f775e7fd965ce74c7e65,57aaea102815504f7361b896491a2c652719df40b2bff63bc81b1d3ec04b94c2,true,204,,NONE,,REVIEW_REQUIRED,INITIAL_TRIAGE_ONLY,,INVENTORIED,NOT_STARTED,NOT_TESTED,NOT_TESTED,NOT_TESTED,NOT_TESTED,NOT_TESTED,NOT_TESTED,,
h1:original/high/h1/1final/24_금당고_1학기_기말_고1_기출.js_5,original/high/h1/1final/24_금당고_1학기_기말_고1_기출.js_5,original/high/h1/1final/24_금당고_1학기_기말_고1_기출.js,original/high/h1/1final/24_금당고_1학기_기말_고1_기출.js,5,5,5,2024,1,final,금당고,2015,수학(상),H15-SA-10,직선의 방정식,H22-C2-02,직선의 방정식,H15-SA-10-DISTANCE_ANGLE,직선 사이의 거리와 각,forward_standard_key,archive/question-index.js + archive/exams/original/high/h1/**/*.js,INCLUDED,1be8a7d22dbd02c8746ccf8f0d51cc688ae25fef71f6bd6ca2d166700434b5ee,94402624b78d94f1d535dd0379232b651b1fb96a277d587223b658825888a8eb,,59d3d56588cee12b7b91c988767f4a27012bdf713676b3b5a77627107e8bf29c,19a2bce1c9c0d288a103aaaca1fbfd30111bdc52bd2bfd40ac17c47dffb2ff30,true,266,,NONE,,VISUAL_REQUIRED,INITIAL_TRIAGE_ONLY,,INVENTORIED,NOT_STARTED,NOT_TESTED,NOT_TESTED,NOT_TESTED,NOT_TESTED,NOT_TESTED,NOT_TESTED,,
h1:original/high/h1/1final/24_금당고_1학기_기말_고1_기출.js_6,original/high/h1/1final/24_금당고_1학기_기말_고1_기출.js_6,original/high/h1/1final/24_금당고_1학기_기말_고1_기출.js,original/high/h1/1final/24_금당고_1학기_기말_고1_기출.js,6,6,6,2024,1,final,금당고,2015,수학(상),H15-SA-10,직선의 방정식,H22-C2-02,직선의 방정식,H15-SA-10-LINE_EQUATION,직선의 방정식,forward_standard_key,archive/question-index.js + archive/exams/original/high/h1/**/*.js,INCLUDED,f75c6bfa97cf47ed468bf7352d7b36ae4a20e37cb38a7c9bb1728d8fab348f1e,f46416c2851b05df110db9f73353d55c248f88a858a530745eae5d23219c54b6,,9642815c9691c92addca453a69e244c3cb4a26e06ce75a7c56511c0857c846af,2c5dd463f6836dc807858ac309f1e24474ce81ba608952a43d9d9d9941785505,true,191,,NONE,,VISUAL_REQUIRED,INITIAL_TRIAGE_ONLY,,INVENTORIED,NOT_STARTED,NOT_TESTED,NOT_TESTED,NOT_TESTED,NOT_TESTED,NOT_TESTED,NOT_TESTED,,
h1:original/high/h1/1final/24_금당고_1학기_기말_고1_기출.js_7,original/high/h1/1final/24_금당고_1학기_기말_고1_기출.js_7,original/high/h1/1final/24_금당고_1학기_기말_고1_기출.js,original/high/h1/1final/24_금당고_1학기_기말_고1_기출.js,7,7,7,2024,1,final,금당고,2015,수학(상),H15-SA-11,원의 방정식,H22-C2-03,원의 방정식,H15-SA-11-CIRCLE_EQUATION,원의 방정식,forward_standard_key,archive/question-index.js + archive/exams/original/high/h1/**/*.js,INCLUDED,406305127b4a192f695302e859b1c2f8c7a698545af0155dfb9a640efb3ac2f4,c81e87feb12f4d319dffd4af924d9c6ef76acf279f3320d740623aa2ff7dfcb8,,f6dc0acd6a2c8fea4d2158fe992b1011847177717308a6ff2429ea464b2be2fb,285e15d52c7d75fe0e1fcd116004133338bf26fa68a57685a52bcc9218a629ae,true,314,assets/images/24_금당고_1학기_기말_고1_기출/q07-solution.svg,EXISTS,21220c50aee76b29204eaf98fe3f136a021b3fb34e6b4527973d02be2e62549f,VISUAL_REQUIRED,INITIAL_TRIAGE_ONLY,,INVENTORIED,NOT_STARTED,NOT_TESTED,NOT_TESTED,NOT_TESTED,NOT_TESTED,NOT_TESTED,NOT_TESTED,,
h1:original/high/h1/1final/24_금당고_1학기_기말_고1_기출.js_9,original/high/h1/1final/24_금당고_1학기_기말_고1_기출.js_9,original/high/h1/1final/24_금당고_1학기_기말_고1_기출.js,original/high/h1/1final/24_금당고_1학기_기말_고1_기출.js,9,9,9,2024,1,final,금당고,2015,수학(상),H15-SA-11,원의 방정식,H22-C2-03,원의 방정식,H15-SA-11-TANGENT,원과 접선,forward_standard_key,archive/question-index.js + archive/exams/original/high/h1/**/*.js,INCLUDED,8d4bdf6cdafbf12d87fe120465eb8b767f63ca72c822c43825bdb613bf01b1b1,c51b4aa308c1980f3681d9371419d06e9e8cfe0484a65cc246631df9efb1c172,,1f8ddbd76a537bb7ca1adc44f6b3eb4911c588564d4542c4c280b9fbec3c396a,cb5cc4dae54687f409ef178cb01997b6be53618e8f3924c4519efc0688ff0cae,true,652,assets/images/24_금당고_1학기_기말_고1_기출/q09-solution.svg,EXISTS,4623908382913f4a9b633ba22c39a9b1601d195f7007643b8869cee41d77d131,VISUAL_REQUIRED,INITIAL_TRIAGE_ONLY,,INVENTORIED,NOT_STARTED,NOT_TESTED,NOT_TESTED,NOT_TESTED,NOT_TESTED,NOT_TESTED,NOT_TESTED,,
h1:original/high/h1/1final/24_금당고_1학기_기말_고1_기출.js_11,original/high/h1/1final/24_금당고_1학기_기말_고1_기출.js_11,original/high/h1/1final/24_금당고_1학기_기말_고1_기출.js,original/high/h1/1final/24_금당고_1학기_기말_고1_기출.js,11,11,11,2024,1,final,금당고,2015,수학(상),H15-SA-10,직선의 방정식,H22-C2-02,직선의 방정식,H15-SA-10-LINE_EQUATION,직선의 방정식,forward_standard_key,archive/question-index.js + archive/exams/original/high/h1/**/*.js,INCLUDED,3ee2e5a7d95e6f5da1faa1d823f550895721b87c56b779f42760a8843c091321,31c5356de25b8788fb254aea27aaa1c3d5cd7f5b5dfab2f5774cea0fadf5708d,,33db5ec33cfec661aec67af42fc4b6a71591d21b3898ea7ed1a7ce1a82e6c7d5,7120e88f97aff674122644ac8cd54909e481a3bb9850f659f622ab93e42ac0c4,true,450,assets/images/24_금당고_1학기_기말_고1_기출/q11-solution.svg,EXISTS,9cb64be5be9eacd4a4c7f5a353c0e10211b491a725e3e7375a4cbcc82eaa045f,REVIEW_REQUIRED,INITIAL_TRIAGE_ONLY,,INVENTORIED,NOT_STARTED,NOT_TESTED,NOT_TESTED,NOT_TESTED,NOT_TESTED,NOT_TESTED,NOT_TESTED,,
h1:original/high/h1/1final/24_금당고_1학기_기말_고1_기출.js_14,original/high/h1/1final/24_금당고_1학기_기말_고1_기출.js_14,original/high/h1/1final/24_금당고_1학기_기말_고1_기출.js,original/high/h1/1final/24_금당고_1학기_기말_고1_기출.js,14,14,14,2024,1,final,금당고,2015,수학(상),H15-SA-10,직선의 방정식,H22-C2-02,직선의 방정식,H15-SA-10-LINE_EQUATION,직선의 방정식,forward_standard_key,archive/question-index.js + archive/exams/original/high/h1/**/*.js,INCLUDED,50c2a297bf9921809856bfe6899301b91246584d3a39c6e0ad34bdccada3413f,d734e4bbb817ba2aa40b75af91edf1e22593a3abaa8f362f5a4550f664cefe36,,0f289cfc86bb305c9e521cf86017ca03082c8c244a2f59a6ff13cb8743268743,272ae0bb65d774d6b06afde9f6781ef0424c419f6b6234c25017425cbf23a649,true,422,assets/images/24_금당고_1학기_기말_고1_기출/q14-solution.svg,EXISTS,06724ec8286aa6ecd5a6eba32e45c5095ad201e6fe72473a265d12e75411ec51,VISUAL_REQUIRED,INITIAL_TRIAGE_ONLY,,INVENTORIED,NOT_STARTED,NOT_TESTED,NOT_TESTED,NOT_TESTED,NOT_TESTED,NOT_TESTED,NOT_TESTED,,
h1:original/high/h1/1final/24_금당고_1학기_기말_고1_기출.js_15,original/high/h1/1final/24_금당고_1학기_기말_고1_기출.js_15,original/high/h1/1final/24_금당고_1학기_기말_고1_기출.js,original/high/h1/1final/24_금당고_1학기_기말_고1_기출.js,15,15,15,2024,1,final,금당고,2015,수학(상),H15-SA-09,평면좌표,H22-C2-01,평면좌표,H15-SA-09-COORDINATE_METRIC,좌표와 거리,forward_standard_key,archive/question-index.js + archive/exams/original/high/h1/**/*.js,INCLUDED,2a3f9177dd57784e08cac5421cb140e4a7da48b50be8a9596b4618a5dab86fa2,d92eec4fef6105674430b5f025491db3d70a8ce3845990acf57aacb6a261cb1c,,dfce05274a46bf985071d3a629691cb0a47e61d596b4e353362c672983350095,9b6af6beb38eaab304b29abdb8384df4b32a6626691b01d2565ea4e8575808eb,true,508,assets/images/24_금당고_1학기_기말_고1_기출/q15-solution.svg,EXISTS,5b8817c68b1303808478a7252079f903c2310356b55284b34eb491b5d27ac432,VISUAL_REQUIRED,INITIAL_TRIAGE_ONLY,,INVENTORIED,NOT_STARTED,NOT_TESTED,NOT_TESTED,NOT_TESTED,NOT_TESTED,NOT_TESTED,NOT_TESTED,,
h1:original/high/h1/1final/24_금당고_1학기_기말_고1_기출.js_16,original/high/h1/1final/24_금당고_1학기_기말_고1_기출.js_16,original/high/h1/1final/24_금당고_1학기_기말_고1_기출.js,original/high/h1/1final/24_금당고_1학기_기말_고1_기출.js,16,16,16,2024,1,final,금당고,2015,수학(상),H15-SA-11,원의 방정식,H22-C2-03,원의 방정식,H15-SA-11-CIRCLE_EQUATION,원의 방정식,forward_standard_key,archive/question-index.js + archive/exams/original/high/h1/**/*.js,INCLUDED,2b539c382827a70f2fcb0997c838e0289d1697763fc136b0b836bb718ea44d44,7c5d3901f9d63222f2d2a31273f7d05e88edc27c444eeb2600c534288de7f3d3,,70b1d29825b0f2ec0a5f0db5e83cad66c4bdb187f04e0195b20a300f011f10bb,33d12c6bd9d705488cd40f1622825176af9504451f42e46df81bb285372b411e,true,897,assets/images/24_금당고_1학기_기말_고1_기출/q16-solution.svg,EXISTS,81149750e42494792f55f031a29499efd3b4ad40e4f706dedb0d083a8b9b1dfa,VISUAL_REQUIRED,INITIAL_TRIAGE_ONLY,,INVENTORIED,NOT_STARTED,NOT_TESTED,NOT_TESTED,NOT_TESTED,NOT_TESTED,NOT_TESTED,NOT_TESTED,,
h1:original/high/h1/1final/24_금당고_1학기_기말_고1_기출.js_17,original/high/h1/1final/24_금당고_1학기_기말_고1_기출.js_17,original/high/h1/1final/24_금당고_1학기_기말_고1_기출.js,original/high/h1/1final/24_금당고_1학기_기말_고1_기출.js,17,17,17,2024,1,final,금당고,2015,수학(상),H15-SA-09,평면좌표,H22-C2-01,평면좌표,H15-SA-09-TRIANGLE_CENTROID_AREA,삼각형의 좌표와 무게중심,forward_standard_key,archive/question-index.js + archive/exams/original/high/h1/**/*.js,INCLUDED,2d56eac79dab9f496058b56691cc10c5f4bc9d270f974f0302192e5947176a5c,810178b93101f9eb12c56c289bef147550a5fdef16b4e23b2ec9be4476d92782,,37723d7d4ecf748462810b776ecf06ca2067e5ba6b315cd5fb3a4c043e2f26c8,21e65df6c862bcf226c410355c5074a67a34a636b317576c044d970363cddb75,true,735,assets/images/24_금당고_1학기_기말_고1_기출/q17-solution.svg,EXISTS,2afdfc6ef31dc261c64a6aba5b672ad2bef1ffb53566215d810fb51e23fac27d,VISUAL_REQUIRED,INITIAL_TRIAGE_ONLY,,INVENTORIED,NOT_STARTED,NOT_TESTED,NOT_TESTED,NOT_TESTED,NOT_TESTED,NOT_TESTED,NOT_TESTED,,
h1:original/high/h1/1final/24_금당고_1학기_기말_고1_기출.js_19,original/high/h1/1final/24_금당고_1학기_기말_고1_기출.js_19,original/high/h1/1final/24_금당고_1학기_기말_고1_기출.js,original/high/h1/1final/24_금당고_1학기_기말_고1_기출.js,19,19,19,2024,1,final,금당고,2015,수학(상),H15-SA-09,평면좌표,H22-C2-01,평면좌표,H15-SA-09-TRIANGLE_CENTROID_AREA,삼각형의 좌표와 무게중심,forward_standard_key,archive/question-index.js + archive/exams/original/high/h1/**/*.js,INCLUDED,0eb32253b495f1ed7efafcbb9cc75b5bc5ca904092fdd5bff940a948c16fddb5,097882c825dc34a08c85951059c5da05694e7988495540674bc0a0e52ed6da5c,,a132a8df36c20ce468bc68f553d28d4506256f0ccf0ec3fb87a30f4d5785e72a,c08ad811ff1ee4e443dee9e654cd6d9ad7ed4392f805cc82b9aed03334e8083c,true,1227,,NONE,,VISUAL_REQUIRED,INITIAL_TRIAGE_ONLY,,INVENTORIED,NOT_STARTED,NOT_TESTED,NOT_TESTED,NOT_TESTED,NOT_TESTED,NOT_TESTED,NOT_TESTED,,
h1:original/high/h1/1final/24_금당고_1학기_기말_고1_기출.js_20,original/high/h1/1final/24_금당고_1학기_기말_고1_기출.js_20,original/high/h1/1final/24_금당고_1학기_기말_고1_기출.js,original/high/h1/1final/24_금당고_1학기_기말_고1_기출.js,20,20,20,2024,1,final,금당고,2015,수학(상),H15-SA-11,원의 방정식,H22-C2-03,원의 방정식,H15-SA-11-CIRCLE_EQUATION,원의 방정식,forward_standard_key,archive/question-index.js + archive/exams/original/high/h1/**/*.js,INCLUDED,b02f58ad85ef9c5376bd4298dee186105987990e389c3a4a90b0d01306802e80,a98fe0c4b735c25d4456787bee47e95feafca05cf3f38992166099272d32d50b,,e02d7f0e3a8f2afe3b14696cc650a0b1af7a986dd555e1533687658533474365,362fbf223a8a5e9f47eb28aa74f7c2b688500a8b4ef45015096dc2715b25f691,true,1501,assets/images/24_금당고_1학기_기말_고1_기출/q20-solution.svg,EXISTS,4c6d8599881335480f341ebf062da7c3842d3acff70550067e8bf48eb4e01ba7,VISUAL_REQUIRED,INITIAL_TRIAGE_ONLY,,INVENTORIED,NOT_STARTED,NOT_TESTED,NOT_TESTED,NOT_TESTED,NOT_TESTED,NOT_TESTED,NOT_TESTED,,
h1:original/high/h1/1final/24_매산고_1학기_기말_고1_기출.js_3,original/high/h1/1final/24_매산고_1학기_기말_고1_기출.js_3,original/high/h1/1final/24_매산고_1학기_기말_고1_기출.js,original/high/h1/1final/24_매산고_1학기_기말_고1_기출.js,3,3,3,2024,1,final,매산고,2015,수학(상),H15-SA-09,평면좌표,H22-C2-01,평면좌표,H15-SA-09-COORDINATE_METRIC,좌표와 거리,forward_standard_key,archive/question-index.js + archive/exams/original/high/h1/**/*.js,INCLUDED,015d128b34781ed10d38ee38a92204215aebf0cd81c481a34bddfe1dc13cffa4,4b0965c32025826835779e858613b9c0a8c6b9cf3bf377df97530f52c9906398,,62e235324fcb2fde73d7a371c57a5522f4f06f7c7dbe77ca8032cb286ec1c72a,b560b2684b267aff14371ae76c9e5aa62cf7a895802a2f3e7383c52c638f1ab7,true,212,,NONE,,REVIEW_REQUIRED,INITIAL_TRIAGE_ONLY,,INVENTORIED,NOT_STARTED,NOT_TESTED,NOT_TESTED,NOT_TESTED,NOT_TESTED,NOT_TESTED,NOT_TESTED,,
h1:original/high/h1/1final/24_매산고_1학기_기말_고1_기출.js_4,original/high/h1/1final/24_매산고_1학기_기말_고1_기출.js_4,original/high/h1/1final/24_매산고_1학기_기말_고1_기출.js,original/high/h1/1final/24_매산고_1학기_기말_고1_기출.js,4,4,4,2024,1,final,매산고,2015,수학(상),H15-SA-09,평면좌표,H22-C2-01,평면좌표,H15-SA-09-COORDINATE_METRIC,좌표와 거리,forward_standard_key,archive/question-index.js + archive/exams/original/high/h1/**/*.js,INCLUDED,7df7f07df4f13a7d40b95423003acc5e5f71d02b2707eee6c971197f18995226,36314eaa3f0a1abae15eeff83b98d4dc0e94cee8b3322e955f49e8bed84e933a,,39eba737847e1f1684a46284f171126408af5e7c920a808960ea57576246ea78,897d0afe8ace1f7c9334829da2cc91bb2bcc5aa5783ae1937800b4a5be1ddf91,true,386,assets/images/24_매산고_1학기_기말_고1_기출/q04-solution.svg,EXISTS,929c5ae9793355c1c58fd28053e9d8bfaa07a3be79e00f8443d50c953bb3b6a1,VISUAL_REQUIRED,INITIAL_TRIAGE_ONLY,,INVENTORIED,NOT_STARTED,NOT_TESTED,NOT_TESTED,NOT_TESTED,NOT_TESTED,NOT_TESTED,NOT_TESTED,,
h1:original/high/h1/1final/24_매산고_1학기_기말_고1_기출.js_5,original/high/h1/1final/24_매산고_1학기_기말_고1_기출.js_5,original/high/h1/1final/24_매산고_1학기_기말_고1_기출.js,original/high/h1/1final/24_매산고_1학기_기말_고1_기출.js,5,5,5,2024,1,final,매산고,2015,수학(상),H15-SA-10,직선의 방정식,H22-C2-02,직선의 방정식,H15-SA-10-LINE_EQUATION,직선의 방정식,forward_standard_key,archive/question-index.js + archive/exams/original/high/h1/**/*.js,INCLUDED,a8ba457856937bb3333440d1c7a5fbc47321224125076b0e1a7e2171644b7cfd,b8ef9aef5ee39db5eb86dd370f3e5237d982c2f9a74bb89e2ab314caeeea3fc3,,ba1f5dccb281ddfb8a614cf96ea9b9f1b6fa4235ecc14ef17d73cb2b1661a43f,5a067ff6e3c6ed3d4353c9a957a89d35783b28fda4907e7dc200c6901da5ee69,true,352,,NONE,,VISUAL_REQUIRED,INITIAL_TRIAGE_ONLY,,INVENTORIED,NOT_STARTED,NOT_TESTED,NOT_TESTED,NOT_TESTED,NOT_TESTED,NOT_TESTED,NOT_TESTED,,
h1:original/high/h1/1final/24_매산고_1학기_기말_고1_기출.js_6,original/high/h1/1final/24_매산고_1학기_기말_고1_기출.js_6,original/high/h1/1final/24_매산고_1학기_기말_고1_기출.js,original/high/h1/1final/24_매산고_1학기_기말_고1_기출.js,6,6,6,2024,1,final,매산고,2015,수학(상),H15-SA-10,직선의 방정식,H22-C2-02,직선의 방정식,H15-SA-10-PARALLEL_PERPENDICULAR,두 직선의 평행과 수직,forward_standard_key,archive/question-index.js + archive/exams/original/high/h1/**/*.js,INCLUDED,114f2d75e4e66bc1d63c1714ac5e5c810f38261810cfc553e5aa00b9babd5ac2,10284c4a969cfe51dd1a63e40b9cc1ddc7fc275fc4375341e3ab33d3405affd1,,0bd907b1d1da89512b599ceca5103690b23bb3acf5e7b6b68709a49c8b2dd632,d1afdbe67f51c16c29148cd1060b2447ff18856559edb0f8f1391e900fc90cb3,true,541,assets/images/24_매산고_1학기_기말_고1_기출/q06-solution.svg,EXISTS,b6c1e6975f062795e89ff35705a75ec267178922647392e6a0e5a3adbba3af94,VISUAL_REQUIRED,INITIAL_TRIAGE_ONLY,,INVENTORIED,NOT_STARTED,NOT_TESTED,NOT_TESTED,NOT_TESTED,NOT_TESTED,NOT_TESTED,NOT_TESTED,,
h1:original/high/h1/1final/24_매산고_1학기_기말_고1_기출.js_7,original/high/h1/1final/24_매산고_1학기_기말_고1_기출.js_7,original/high/h1/1final/24_매산고_1학기_기말_고1_기출.js,original/high/h1/1final/24_매산고_1학기_기말_고1_기출.js,7,7,7,2024,1,final,매산고,2015,수학(상),H15-SA-11,원의 방정식,H22-C2-03,원의 방정식,H15-SA-11-CIRCLE_EQUATION,원의 방정식,forward_standard_key,archive/question-index.js + archive/exams/original/high/h1/**/*.js,INCLUDED,7b6385b2b6a6256d892c20854220117cc0f298d5382253389a62c24361995646,c5300709a2886dde03724d6c87823d42bc049c81e5e6bf8b4773ed3fc9951d73,,6828c0cb8bd8fe8302f4bc2eaf326cf98e4b33713e2001beb9a41bfc558f9f09,6c67a17c06c71c31a6687eb1f2b6e8e8006eff3d13252fc0f0d376ef75c339e5,true,573,assets/images/24_매산고_1학기_기말_고1_기출/q07-solution.svg,EXISTS,1a201f6564034d507485edb08dda154f1e7f470bcdd33de91463f31df14acd56,VISUAL_REQUIRED,INITIAL_TRIAGE_ONLY,,INVENTORIED,NOT_STARTED,NOT_TESTED,NOT_TESTED,NOT_TESTED,NOT_TESTED,NOT_TESTED,NOT_TESTED,,
h1:original/high/h1/1final/24_매산고_1학기_기말_고1_기출.js_8,original/high/h1/1final/24_매산고_1학기_기말_고1_기출.js_8,original/high/h1/1final/24_매산고_1학기_기말_고1_기출.js,original/high/h1/1final/24_매산고_1학기_기말_고1_기출.js,8,8,8,2024,1,final,매산고,2015,수학(상),H15-SA-09,평면좌표,H22-C2-01,평면좌표,H15-SA-09-COORDINATE_METRIC,좌표와 거리,forward_standard_key,archive/question-index.js + archive/exams/original/high/h1/**/*.js,INCLUDED,58821c2bddde911c6a58cfc4e519823f7ebc564546e597226245e5362f2150df,0462802dc2a87162c23fc655ba0f49b8e75d7925ed409fbf93f72956b1e9b2eb,,b667ada26e85b5d6dd431f891aab5febb5e5ad702a05641a7b5d0e41b3570a72,ac58ef64a68b8e3106db327ec19442048257e0ba5271ba80e7564b1f56acb2b4,true,415,,NONE,,REVIEW_REQUIRED,INITIAL_TRIAGE_ONLY,,INVENTORIED,NOT_STARTED,NOT_TESTED,NOT_TESTED,NOT_TESTED,NOT_TESTED,NOT_TESTED,NOT_TESTED,,
h1:original/high/h1/1final/24_매산고_1학기_기말_고1_기출.js_9,original/high/h1/1final/24_매산고_1학기_기말_고1_기출.js_9,original/high/h1/1final/24_매산고_1학기_기말_고1_기출.js,original/high/h1/1final/24_매산고_1학기_기말_고1_기출.js,9,9,9,2024,1,final,매산고,2015,수학(상),H15-SA-11,원의 방정식,H22-C2-03,원의 방정식,H15-SA-11-TANGENT,원과 접선,forward_standard_key,archive/question-index.js + archive/exams/original/high/h1/**/*.js,INCLUDED,3a2fd43ebcf6215605359216693d7f41917cbd3cf70667d3c78a5a4c861ce333,76dc22e340659f12d2933878764226a691c1ab27439fa8be2b1eea6905c422dc,,8132e9e0e429925e8a0dce48b6b6697e17e2ce9e6017c3b10fb6c14cbd51d1cb,4142e145e64b0cc7f964309825a694dafb3fe575a0b5b9f7ebfe8d7bc207e661,true,824,assets/images/24_매산고_1학기_기말_고1_기출/q09-solution.svg,EXISTS,3873c3728320d1bfb71eeaf3d3bbfacd64bd885629fcb4542312cdc946023ad5,VISUAL_REQUIRED,INITIAL_TRIAGE_ONLY,,INVENTORIED,NOT_STARTED,NOT_TESTED,NOT_TESTED,NOT_TESTED,NOT_TESTED,NOT_TESTED,NOT_TESTED,,
h1:original/high/h1/1final/24_매산고_1학기_기말_고1_기출.js_10,original/high/h1/1final/24_매산고_1학기_기말_고1_기출.js_10,original/high/h1/1final/24_매산고_1학기_기말_고1_기출.js,original/high/h1/1final/24_매산고_1학기_기말_고1_기출.js,10,10,10,2024,1,final,매산고,2015,수학(상),H15-SA-12,도형의 이동,H22-C2-04,도형의 이동,H15-SA-12-COMPOSITE_TRANSFORMATION,합성 변환,forward_standard_key,archive/question-index.js + archive/exams/original/high/h1/**/*.js,INCLUDED,720961eab0121e3796511039596ed7026266135df831f8c139daef709e09c33a,54036b8d87a3e0c1f94ae849f9dfd907b6d85d7b8eb5b3e47e2878c141c72590,,f32ebf653317c4d96979e92ebe250f410b200d978ef00c3908f83df2057ab6dd,561a4b13d15a5da47bcd4e81e016bf17d2199c7e4068c1e4b3f5c58e8e7708d4,true,432,assets/images/24_매산고_1학기_기말_고1_기출/q10-solution.svg,EXISTS,08ff074aab56c3adc84ec0cd050aa3087e423f5b5095ee7a5be013d4d27b0efa,VISUAL_REQUIRED,INITIAL_TRIAGE_ONLY,,INVENTORIED,NOT_STARTED,NOT_TESTED,NOT_TESTED,NOT_TESTED,NOT_TESTED,NOT_TESTED,NOT_TESTED,,
h1:original/high/h1/1final/24_매산고_1학기_기말_고1_기출.js_11,original/high/h1/1final/24_매산고_1학기_기말_고1_기출.js_11,original/high/h1/1final/24_매산고_1학기_기말_고1_기출.js,original/high/h1/1final/24_매산고_1학기_기말_고1_기출.js,11,11,11,2024,1,final,매산고,2015,수학(상),H15-SA-10,직선의 방정식,H22-C2-02,직선의 방정식,H15-SA-10-EQUATION_BASIC,방정식의 풀이,forward_standard_key,archive/question-index.js + archive/exams/original/high/h1/**/*.js,INCLUDED,9001f1eb6605958232d5f907eb70b20fc6f6abf15496d655aad4eeb003cec874,7802a233ffebd809173050c16e3b875164fe3c3e6dc5d6190b485c3795042edc,,c81373c7dbfd8de4c85d6c1b4660e7b5b7adae258b2c5d7f59678c33556f9ea0,06983f4c3952ada9b313ce7416d3fd70b0528379c8cd9bafef29815275be18d8,true,612,,NONE,,REVIEW_REQUIRED,INITIAL_TRIAGE_ONLY,,INVENTORIED,NOT_STARTED,NOT_TESTED,NOT_TESTED,NOT_TESTED,NOT_TESTED,NOT_TESTED,NOT_TESTED,,
h1:original/high/h1/1final/24_매산고_1학기_기말_고1_기출.js_12,original/high/h1/1final/24_매산고_1학기_기말_고1_기출.js_12,original/high/h1/1final/24_매산고_1학기_기말_고1_기출.js,original/high/h1/1final/24_매산고_1학기_기말_고1_기출.js,12,12,12,2024,1,final,매산고,2015,수학(상),H15-SA-09,평면좌표,H22-C2-01,평면좌표,H15-SA-09-COORDINATE_METRIC,좌표와 거리,forward_standard_key,archive/question-index.js + archive/exams/original/high/h1/**/*.js,INCLUDED,c4ddcd6d759cb09831d655f5476bb3cc17a809d94119892c631ca7bd97f48c42,943370b16a2fc5cef797873bed556ecd79cec7e0bcff55aba0ac9a0a30d15ddc,,8326208450f2997bd13cf49cda2831ad4ce7cf1069b41f57f8cd425377e08e2f,0e94ea38d479ef1bbdba880837c2eb2f350ea55aece4c5dd4f885773acf3ee04,true,872,assets/images/24_매산고_1학기_기말_고1_기출/q12-solution.svg,EXISTS,48913de76c09bbac727c8d980154e13ccca415ed2de9ff6c7189b76585a74d3b,VISUAL_REQUIRED,INITIAL_TRIAGE_ONLY,,INVENTORIED,NOT_STARTED,NOT_TESTED,NOT_TESTED,NOT_TESTED,NOT_TESTED,NOT_TESTED,NOT_TESTED,,
h1:original/high/h1/1final/24_매산고_1학기_기말_고1_기출.js_14,original/high/h1/1final/24_매산고_1학기_기말_고1_기출.js_14,original/high/h1/1final/24_매산고_1학기_기말_고1_기출.js,original/high/h1/1final/24_매산고_1학기_기말_고1_기출.js,14,14,14,2024,1,final,매산고,2015,수학(상),H15-SA-10,직선의 방정식,H22-C2-02,직선의 방정식,H15-SA-10-LINE_EQUATION,직선의 방정식,forward_standard_key,archive/question-index.js + archive/exams/original/high/h1/**/*.js,INCLUDED,1f5a9c395c95f487776cea156cace72d8a4cecb86a228ec78134205674244370,199ebcc81a4628f93745fecd30eda2754be1e0396ffb38438ed7f4683cabf3e1,,142fb0972720066e3fb5ef657ab59512287464bc7b4dfa7a8f8edb312be1dc02,36620f71f2666ad76385cb465b4fe2583d2003c5d2b21894520e2b24d8c276a8,true,1143,assets/images/24_매산고_1학기_기말_고1_기출/q14-solution.svg,EXISTS,93f08ec027b5156d8cdb97d6742ffac18b58f9947bb2b593c64f59eda823ecaf,VISUAL_REQUIRED,INITIAL_TRIAGE_ONLY,,INVENTORIED,NOT_STARTED,NOT_TESTED,NOT_TESTED,NOT_TESTED,NOT_TESTED,NOT_TESTED,NOT_TESTED,,
h1:original/high/h1/1final/24_매산고_1학기_기말_고1_기출.js_15,original/high/h1/1final/24_매산고_1학기_기말_고1_기출.js_15,original/high/h1/1final/24_매산고_1학기_기말_고1_기출.js,original/high/h1/1final/24_매산고_1학기_기말_고1_기출.js,15,15,15,2024,1,final,매산고,2015,수학(상),H15-SA-11,원의 방정식,H22-C2-03,원의 방정식,H15-SA-11-INTERSECTION,원과 직선·원의 교점,forward_standard_key,archive/question-index.js + archive/exams/original/high/h1/**/*.js,INCLUDED,b5d866530c6d40bedd61606633ac25526d94859a20d6ea85717ac170214eecfa,ac13f0497a4cdcbef9f57c40dcfe6804280e2472a4aea8fbd81b76d854ea9b3b,,a4ef985c79f9d44097b6db288eb6878261a98ffa020ce752e81e6f874557ab52,4d74ceb8f1d508432ccdf3880bda811656512922ac6b9e26e23cac2e08989083,true,1116,assets/images/24_매산고_1학기_기말_고1_기출/q15-solution.svg,EXISTS,f839e7a9751036e7ce4f21558d1592cef784e76999fce1d92af4498057da7fe8,VISUAL_REQUIRED,INITIAL_TRIAGE_ONLY,,INVENTORIED,NOT_STARTED,NOT_TESTED,NOT_TESTED,NOT_TESTED,NOT_TESTED,NOT_TESTED,NOT_TESTED,,
h1:original/high/h1/1final/24_매산고_1학기_기말_고1_기출.js_16,original/high/h1/1final/24_매산고_1학기_기말_고1_기출.js_16,original/high/h1/1final/24_매산고_1학기_기말_고1_기출.js,original/high/h1/1final/24_매산고_1학기_기말_고1_기출.js,16,16,16,2024,1,final,매산고,2015,수학(상),H15-SA-12,도형의 이동,H22-C2-04,도형의 이동,H15-SA-12-COMPOSITE_TRANSFORMATION,합성 변환,forward_standard_key,archive/question-index.js + archive/exams/original/high/h1/**/*.js,INCLUDED,ee3482d0d1c9c11abc3ce25d6453a3649e23efb0b32d7141e89fe1755652a11e,718ca21dff43629a54a716887ea9a8a150e6fd2ac7a2783204dce610e0af95ff,,aaa85b5eb438e054176101fa3d3d71f41c5ea2a7b1c60164ae74b8f694fb1fd8,cc7df362aa30cd9595373ec6de5d5be1465d4d5620062d2b00dc164924394b6d,true,380,assets/images/24_매산고_1학기_기말_고1_기출/q16-solution.svg,EXISTS,ad5d14e68acf432470c9b2af6f4dfd503d5311ef318522f8df93fc2a9f080c7b,VISUAL_REQUIRED,INITIAL_TRIAGE_ONLY,,INVENTORIED,NOT_STARTED,NOT_TESTED,NOT_TESTED,NOT_TESTED,NOT_TESTED,NOT_TESTED,NOT_TESTED,,
h1:original/high/h1/1final/24_매산고_1학기_기말_고1_기출.js_17,original/high/h1/1final/24_매산고_1학기_기말_고1_기출.js_17,original/high/h1/1final/24_매산고_1학기_기말_고1_기출.js,original/high/h1/1final/24_매산고_1학기_기말_고1_기출.js,17,17,17,2024,1,final,매산고,2015,수학(상),H15-SA-11,원의 방정식,H22-C2-03,원의 방정식,H15-SA-11-TANGENT,원과 접선,forward_standard_key,archive/question-index.js + archive/exams/original/high/h1/**/*.js,INCLUDED,a64abc051f69b2f390ecc095c0997b2274f49165e775abf5acdb441937a88e24,1a0db0054f3239013b09753667e97a8c07367cdaab1eab78e0555a7182fb84f4,,42ab923e78a482d7037628d89c8ad0a2cae86799f96c3fd81d6f1e2825b309d5,93e16bb22cfa12be072eada297d0e6666d40efc14e1d5e8fa59922a57042ec23,true,752,assets/images/24_매산고_1학기_기말_고1_기출/q17-solution.svg,EXISTS,239d0b3a0ad9c70a5aec7c5911599046b98a568fce301adc2a84527b5148dc67,VISUAL_REQUIRED,INITIAL_TRIAGE_ONLY,,INVENTORIED,NOT_STARTED,NOT_TESTED,NOT_TESTED,NOT_TESTED,NOT_TESTED,NOT_TESTED,NOT_TESTED,,
h1:original/high/h1/1final/24_매산고_1학기_기말_고1_기출.js_18,original/high/h1/1final/24_매산고_1학기_기말_고1_기출.js_18,original/high/h1/1final/24_매산고_1학기_기말_고1_기출.js,original/high/h1/1final/24_매산고_1학기_기말_고1_기출.js,18,18,18,2024,1,final,매산고,2015,수학(상),H15-SA-12,도형의 이동,H22-C2-04,도형의 이동,H15-SA-12-COMPOSITE_TRANSFORMATION,합성 변환,forward_standard_key,archive/question-index.js + archive/exams/original/high/h1/**/*.js,INCLUDED,491cf250a875899798986447cff64bf0d60a16b697186825da2dc82a4c54aeb8,7d388e3e38bad5589b74de0007f16ba353105c797a22970b3274982ba01b2c8e,,73b8a8b5ea7518a147da8a2ecbf1c3118a45dc646531a5201d2c6b51211554b0,4ff8d0bf10cc41b050e9ce3b952edcb64c31f7b835d4a70e7499b83c116b797e,true,833,assets/images/24_매산고_1학기_기말_고1_기출/q18-solution.svg,EXISTS,5415a46f1109bf76cfc333f94a31b3bb7d0cd9d72a2d7e89820264d55a89dce2,VISUAL_REQUIRED,INITIAL_TRIAGE_ONLY,,INVENTORIED,NOT_STARTED,NOT_TESTED,NOT_TESTED,NOT_TESTED,NOT_TESTED,NOT_TESTED,NOT_TESTED,,
h1:original/high/h1/1final/24_매산고_1학기_기말_고1_기출.js_19,original/high/h1/1final/24_매산고_1학기_기말_고1_기출.js_19,original/high/h1/1final/24_매산고_1학기_기말_고1_기출.js,original/high/h1/1final/24_매산고_1학기_기말_고1_기출.js,19,19,19,2024,1,final,매산고,2015,수학(상),H15-SA-12,도형의 이동,H22-C2-04,도형의 이동,H15-SA-12-COMPOSITE_TRANSFORMATION,합성 변환,forward_standard_key,archive/question-index.js + archive/exams/original/high/h1/**/*.js,INCLUDED,d52284c1ddd7d07d3920c916ad3eac1b36e1a60be4d81047d7144cdd3075b9a1,be14018a5875f84bcccb20b3ca9f8a294d1ef352b3fe03704e562d0390fe7cbb,,73c230f4d26397b5940383e8e3746c86c84a794809ed11239639fd352d14cf06,b39fb0a4703147daa80c0d26bde1fef66314d917bf79455c0ac96706a49c721e,true,1063,assets/images/24_매산고_1학기_기말_고1_기출/q19-solution.svg,EXISTS,690bd348d64af0cd646b27ebf55243249192ca5066bc774f2e45668c429864d7,VISUAL_REQUIRED,INITIAL_TRIAGE_ONLY,,INVENTORIED,NOT_STARTED,NOT_TESTED,NOT_TESTED,NOT_TESTED,NOT_TESTED,NOT_TESTED,NOT_TESTED,,
h1:original/high/h1/1final/24_매산고_1학기_기말_고1_기출.js_20,original/high/h1/1final/24_매산고_1학기_기말_고1_기출.js_20,original/high/h1/1final/24_매산고_1학기_기말_고1_기출.js,original/high/h1/1final/24_매산고_1학기_기말_고1_기출.js,20,20,20,2024,1,final,매산고,2015,수학(상),H15-SA-09,평면좌표,H22-C2-01,평면좌표,H15-SA-09-LOCUS_RATIO,거리 조건과 자취,forward_standard_key,archive/question-index.js + archive/exams/original/high/h1/**/*.js,INCLUDED,ec234a682e118993de6fe3a9f1bc066ceebbb2d3adebc70d52b953930fb6f22a,58047a4c66f55f4154ffc80e07cdc443d52fbb2968bf2e23a4fc053dd87bd7bd,,70dc58c889b7a441fd74f73d10b628810441e31d6d0c0fae766888caeea80b50,1c971e722ae80c9fa2e74f6b8019be151ff0c0b3d70a1f2170a5564a2811ab28,true,867,assets/images/24_매산고_1학기_기말_고1_기출/q20-solution.svg,EXISTS,401541f40f45a7419da547d9ff29c4eae9c0f42cb5c77a03aca5abdd56caa3fe,VISUAL_REQUIRED,INITIAL_TRIAGE_ONLY,,INVENTORIED,NOT_STARTED,NOT_TESTED,NOT_TESTED,NOT_TESTED,NOT_TESTED,NOT_TESTED,NOT_TESTED,,
h1:original/high/h1/1final/24_제일고_1학기_기말_고1_기출.js_10,original/high/h1/1final/24_제일고_1학기_기말_고1_기출.js_10,original/high/h1/1final/24_제일고_1학기_기말_고1_기출.js,original/high/h1/1final/24_제일고_1학기_기말_고1_기출.js,10,10,10,2024,1,final,제일고,2015,수학(상),H15-SA-11,원의 방정식,H22-C2-03,원의 방정식,H15-SA-11-CIRCLE_EQUATION,원의 방정식,forward_standard_key,archive/question-index.js + archive/exams/original/high/h1/**/*.js,INCLUDED,3c767084792cefe380bbf4edcc52e6efd39d164893d83ca5f384bbf4b45915a1,8035efd53afa06d16dee90a13e90d44398bd82610ec588b1beb294c7ba463db3,,f2ef9fda3a9ea148835d155f8a55797132f2317f6d68d3f27c67a9583c3fea69,f7a5d4d08e969667fd31a1c63eead993445c0b03500fffbeedd22101e3a1d362,true,442,assets/images/24_제일고_1학기_기말_고1_기출/q10-solution.svg,EXISTS,fc9424efc3cd9137fa881b54990d87cd932e546ca0688af4e58cc161325ef949,VISUAL_REQUIRED,INITIAL_TRIAGE_ONLY,,INVENTORIED,NOT_STARTED,NOT_TESTED,NOT_TESTED,NOT_TESTED,NOT_TESTED,NOT_TESTED,NOT_TESTED,,
h1:original/high/h1/1final/24_제일고_1학기_기말_고1_기출.js_11,original/high/h1/1final/24_제일고_1학기_기말_고1_기출.js_11,original/high/h1/1final/24_제일고_1학기_기말_고1_기출.js,original/high/h1/1final/24_제일고_1학기_기말_고1_기출.js,11,11,11,2024,1,final,제일고,2015,수학(상),H15-SA-12,도형의 이동,H22-C2-04,도형의 이동,H15-SA-12-COMPOSITE_TRANSFORMATION,합성 변환,forward_standard_key,archive/question-index.js + archive/exams/original/high/h1/**/*.js,INCLUDED,14e3778913bb1644d4292232f704f5ecc878de5aea852223d8925731ebf9b130,8137e47612be2a6e79ccb464b5795a2ce8a03cc46a04c74bd07e716d733a78f9,,72a780175c302b8617d1ea2154a1b8bf5e8b0a510ab0b072f73a01dad8182747,e1236d06dd4798ddbd83941e2455b0a3e35a1dd29e1696e9d6b029e4ff01dc3f,true,311,,NONE,,VISUAL_REQUIRED,INITIAL_TRIAGE_ONLY,,INVENTORIED,NOT_STARTED,NOT_TESTED,NOT_TESTED,NOT_TESTED,NOT_TESTED,NOT_TESTED,NOT_TESTED,,
h1:original/high/h1/1final/24_제일고_1학기_기말_고1_기출.js_12,original/high/h1/1final/24_제일고_1학기_기말_고1_기출.js_12,original/high/h1/1final/24_제일고_1학기_기말_고1_기출.js,original/high/h1/1final/24_제일고_1학기_기말_고1_기출.js,12,12,12,2024,1,final,제일고,2015,수학(상),H15-SA-11,원의 방정식,H22-C2-03,원의 방정식,H15-SA-11-INTERSECTION,원과 직선·원의 교점,forward_standard_key,archive/question-index.js + archive/exams/original/high/h1/**/*.js,INCLUDED,18178e8d345998118591a0822d9e40a7078b587beb6cc57de33e06431542dd2d,b8e5bee64e1bc65e7b88c049d431edd47660d5bf77584989f367c270dafd0692,,6d74857e3c5953146a1736c386ee180207606ef7a42ce363cb32d88986fee765,1b4b84b42ec8a326323a9725638e92318d0990ebe52349700c77f63888eb6f25,true,684,assets/images/24_제일고_1학기_기말_고1_기출/q12-solution.svg,EXISTS,533764a9d53c6c159f5ff31e7eb5d30cf41fcfe14a855b75441b735d32e22de1,VISUAL_REQUIRED,INITIAL_TRIAGE_ONLY,,INVENTORIED,NOT_STARTED,NOT_TESTED,NOT_TESTED,NOT_TESTED,NOT_TESTED,NOT_TESTED,NOT_TESTED,,
h1:original/high/h1/1final/24_제일고_1학기_기말_고1_기출.js_13,original/high/h1/1final/24_제일고_1학기_기말_고1_기출.js_13,original/high/h1/1final/24_제일고_1학기_기말_고1_기출.js,original/high/h1/1final/24_제일고_1학기_기말_고1_기출.js,13,13,13,2024,1,final,제일고,2015,수학(상),H15-SA-11,원의 방정식,H22-C2-03,원의 방정식,H15-SA-11-TANGENT,원과 접선,forward_standard_key,archive/question-index.js + archive/exams/original/high/h1/**/*.js,INCLUDED,cc35730ea45f0a5ee2c1437448e259adb171e139ed957ce661b629513ee3df5f,84a1abbdd1fbc6459e45f408111ae1238de7d0f491603ad6ad20cdd4e29d8c6f,,159fb0e5464d2342b841ee04dd3d77bcc8286f4945e92836a17cae7fe9fa6ef9,0c1aa61395936f8c412bff8e565b6c211442bedc0c3ed147d490ba2f37c75cec,true,785,assets/images/24_제일고_1학기_기말_고1_기출/q13-solution.svg,EXISTS,1fedd836e517dd6b510ece7802980e18103deed74872f7f9698682b68df85523,VISUAL_REQUIRED,INITIAL_TRIAGE_ONLY,,INVENTORIED,NOT_STARTED,NOT_TESTED,NOT_TESTED,NOT_TESTED,NOT_TESTED,NOT_TESTED,NOT_TESTED,,
h1:original/high/h1/1final/24_제일고_1학기_기말_고1_기출.js_14,original/high/h1/1final/24_제일고_1학기_기말_고1_기출.js_14,original/high/h1/1final/24_제일고_1학기_기말_고1_기출.js,original/high/h1/1final/24_제일고_1학기_기말_고1_기출.js,14,14,14,2024,1,final,제일고,2015,수학(상),H15-SA-10,직선의 방정식,H22-C2-02,직선의 방정식,H15-SA-10-EQUATION_BASIC,방정식의 풀이,forward_standard_key,archive/question-index.js + archive/exams/original/high/h1/**/*.js,INCLUDED,1c973a95ba074bb83555f956a63eea5bc0b0658018c4d79008593b83a6b5d4be,74d120b95e4be334cf7688eaa6de988401e904a91900d735d106b03d92cc5a05,,35990a5b302ada3a2d2f89ab0dd6ceb820188e99ba44eeea8af6c212482178b8,cc8b796a3e4fc610c90bc1f252dd4ed1f286aca454ecd405a73826a201bab2c5,true,639,assets/images/24_제일고_1학기_기말_고1_기출/q14-solution.svg,EXISTS,bb268f208510aaf0a8ad65b1d6c72336f60aebdfa3e2b466ffceb51415a4b90b,REVIEW_REQUIRED,INITIAL_TRIAGE_ONLY,,INVENTORIED,NOT_STARTED,NOT_TESTED,NOT_TESTED,NOT_TESTED,NOT_TESTED,NOT_TESTED,NOT_TESTED,,
h1:original/high/h1/1final/24_제일고_1학기_기말_고1_기출.js_15,original/high/h1/1final/24_제일고_1학기_기말_고1_기출.js_15,original/high/h1/1final/24_제일고_1학기_기말_고1_기출.js,original/high/h1/1final/24_제일고_1학기_기말_고1_기출.js,15,15,15,2024,1,final,제일고,2015,수학(상),H15-SA-11,원의 방정식,H22-C2-03,원의 방정식,H15-SA-11-INTERSECTION,원과 직선·원의 교점,forward_standard_key,archive/question-index.js + archive/exams/original/high/h1/**/*.js,INCLUDED,fcebe9ca7e8aeb33bbd58e0ea188e5169638ee352a0d4378d9a72594ea3d50f5,776318cea88ae6c02cac5f590b851a749f64137adf0334c413df94082f8fc078,,29c23703ff32698f0e03709a7e1267a54caac9ab1c7cd43ea988950d0a6345dc,bf59f5d02b746af7198fe04a4cec19a4aa416126080833001bc9527250dbd79e,true,1038,assets/images/24_제일고_1학기_기말_고1_기출/q15-solution.svg,EXISTS,c96f470a102190da397ac3440da9a2830fe1e85d0a91a92182e5c8752a84cc44,VISUAL_REQUIRED,INITIAL_TRIAGE_ONLY,,INVENTORIED,NOT_STARTED,NOT_TESTED,NOT_TESTED,NOT_TESTED,NOT_TESTED,NOT_TESTED,NOT_TESTED,,
h1:original/high/h1/1final/24_제일고_1학기_기말_고1_기출.js_16,original/high/h1/1final/24_제일고_1학기_기말_고1_기출.js_16,original/high/h1/1final/24_제일고_1학기_기말_고1_기출.js,original/high/h1/1final/24_제일고_1학기_기말_고1_기출.js,16,16,16,2024,1,final,제일고,2015,수학(상),H15-SA-12,도형의 이동,H22-C2-04,도형의 이동,H15-SA-12-COMPOSITE_TRANSFORMATION,합성 변환,forward_standard_key,archive/question-index.js + archive/exams/original/high/h1/**/*.js,INCLUDED,99d1f99265956791e329f420f01f7437508116a7d509436d0e8e6500ee459d47,96bec159973bbf4f03ae0cf60cec5a694a6a844bcc2a69b5e5addc9b09a6133d,,40ffe5215fab96021361f6f983dd5e12a584f7bbcae191086aab64e278b0f9f4,6a2fe6cade86a194e7f16d6575c75cddf07f332fc74369b222b213d9cd2495ea,true,798,assets/images/24_제일고_1학기_기말_고1_기출/q16-solution.svg,EXISTS,4e5456fe25c35278a6f9ad67eee78a9c72b64e3f613968592f72b5687d667060,VISUAL_REQUIRED,INITIAL_TRIAGE_ONLY,,INVENTORIED,NOT_STARTED,NOT_TESTED,NOT_TESTED,NOT_TESTED,NOT_TESTED,NOT_TESTED,NOT_TESTED,,
h1:original/high/h1/1final/24_제일고_1학기_기말_고1_기출.js_17,original/high/h1/1final/24_제일고_1학기_기말_고1_기출.js_17,original/high/h1/1final/24_제일고_1학기_기말_고1_기출.js,original/high/h1/1final/24_제일고_1학기_기말_고1_기출.js,17,17,17,2024,1,final,제일고,2015,수학(상),H15-SA-11,원의 방정식,H22-C2-03,원의 방정식,H15-SA-11-INTERSECTION,원과 직선·원의 교점,forward_standard_key,archive/question-index.js + archive/exams/original/high/h1/**/*.js,INCLUDED,26c887c5bce62e0d18a22386e7d0fa7d9066b46e191666719c2afcfc6b2d57bd,88473db15d229ee5cf2e3d72f9cf8fd72d84499efa9a2ecbf5cd6aeba8846886,,72a9eb40bb093d18ca5bd92decb54cfe286b278b81cb91aa248d54e567bdf9c1,4971fd32e4308ec6769dc9e7798cb9c58151a8370699dd4e6b2f0bb3bfd02303,true,1018,assets/images/24_제일고_1학기_기말_고1_기출/q17-solution.svg,EXISTS,2243fb9c9614b4ba9d42e917e93d19e9a6fc858a416c3be6f7ad17696225b17a,VISUAL_REQUIRED,INITIAL_TRIAGE_ONLY,,INVENTORIED,NOT_STARTED,NOT_TESTED,NOT_TESTED,NOT_TESTED,NOT_TESTED,NOT_TESTED,NOT_TESTED,,
h1:original/high/h1/1final/24_제일고_1학기_기말_고1_기출.js_18,original/high/h1/1final/24_제일고_1학기_기말_고1_기출.js_18,original/high/h1/1final/24_제일고_1학기_기말_고1_기출.js,original/high/h1/1final/24_제일고_1학기_기말_고1_기출.js,18,18,18,2024,1,final,제일고,2015,수학(상),H15-SA-12,도형의 이동,H22-C2-04,도형의 이동,H15-SA-12-COMPOSITE_TRANSFORMATION,합성 변환,forward_standard_key,archive/question-index.js + archive/exams/original/high/h1/**/*.js,INCLUDED,32fad91363717b0df881222a776afd1bf2952e5cef3aef77124f69bd977577ba,73a199dcc91c3401e3060e840a704f14230e0e124e6c5e6493152eec8ce04fc0,,467f70c3b51b70924d1364090dc4b20508d16af7c36f27c8ea4f1f52c9f370dd,4cb8d373e3b87236397fb707bbc30740d20418bb5d5eadc4d1663906c2b9d207,true,964,assets/images/24_제일고_1학기_기말_고1_기출/q18-solution.svg,EXISTS,e31c8e4e11331581638eee9be0198f60a836c73f4d315a3913974111fe58468d,VISUAL_REQUIRED,INITIAL_TRIAGE_ONLY,,INVENTORIED,NOT_STARTED,NOT_TESTED,NOT_TESTED,NOT_TESTED,NOT_TESTED,NOT_TESTED,NOT_TESTED,,
h1:original/high/h1/1final/24_제일고_1학기_기말_고1_기출.js_21,original/high/h1/1final/24_제일고_1학기_기말_고1_기출.js_21,original/high/h1/1final/24_제일고_1학기_기말_고1_기출.js,original/high/h1/1final/24_제일고_1학기_기말_고1_기출.js,21,21,21,2024,1,final,제일고,2015,수학(상),H15-SA-11,원의 방정식,H22-C2-03,원의 방정식,H15-SA-11-TANGENT,원과 접선,forward_standard_key,archive/question-index.js + archive/exams/original/high/h1/**/*.js,INCLUDED,95d136d8ee348331dc07564a8a0dfaffb6a4a525de522c41192d398de70b4335,b2f052ecd7aed3efa2b02411105d38fadb3e5e920b25aa3bbd3ed85e87468bf0,,d64daec3b56818ca71c158121d40a438acfc630f19727196dcbeb21a249e5dc0,dffb3691ee534865c3d4d03c157d081dfff033b02f97c51507fec55af6079246,true,927,assets/images/24_제일고_1학기_기말_고1_기출/q21-solution.svg,EXISTS,7e6bbe1256a6b9562b95e362c0d33f724610c95465930fbadcb10798e4f25a3f,VISUAL_REQUIRED,INITIAL_TRIAGE_ONLY,,INVENTORIED,NOT_STARTED,NOT_TESTED,NOT_TESTED,NOT_TESTED,NOT_TESTED,NOT_TESTED,NOT_TESTED,,
h1:original/high/h1/1final/24_제일고_1학기_기말_고1_기출.js_22,original/high/h1/1final/24_제일고_1학기_기말_고1_기출.js_22,original/high/h1/1final/24_제일고_1학기_기말_고1_기출.js,original/high/h1/1final/24_제일고_1학기_기말_고1_기출.js,22,22,22,2024,1,final,제일고,2015,수학(상),H15-SA-11,원의 방정식,H22-C2-03,원의 방정식,H15-SA-11-INTERSECTION,원과 직선·원의 교점,forward_standard_key,archive/question-index.js + archive/exams/original/high/h1/**/*.js,INCLUDED,96cfc90095f65ce3d6b7d5dc33bafb72ad14316ed9d262e4521719744f5af20b,5318d21298901b084738f1084b9d810b8a222238ad6830a2b344edc3a6a7195c,,99af9beba2f1845aee6a45c86f7409e64f6e9e3b47c3e313de8564c912f25ee5,02397e82edb55e8d45320d961c1efd85fd6eed4d0d9c212698cccefc6723b9e0,true,1062,assets/images/24_제일고_1학기_기말_고1_기출/q22-solution.svg,EXISTS,01bdb800ef9628f2b0a5ae80bc6d0b59ef12dfe8c43b15a3ead8fee180a52f2c,VISUAL_REQUIRED,INITIAL_TRIAGE_ONLY,,INVENTORIED,NOT_STARTED,NOT_TESTED,NOT_TESTED,NOT_TESTED,NOT_TESTED,NOT_TESTED,NOT_TESTED,,
h1:original/high/h1/2mid/21_복성고_2학기_중간_고1_기출.js_1,original/high/h1/2mid/21_복성고_2학기_중간_고1_기출.js_1,original/high/h1/2mid/21_복성고_2학기_중간_고1_기출.js,original/high/h1/2mid/21_복성고_2학기_중간_고1_기출.js,1,1,1,2021,2,mid,복성고,2015,수학(상),H15-SA-11,원의 방정식,H22-C2-03,원의 방정식,H15-SA-11-CIRCLE_EQUATION,원의 방정식,forward_standard_key,archive/question-index.js + archive/exams/original/high/h1/**/*.js,INCLUDED,e81f3ac44e920cb15b0d661b74be8cfbf50029610f66164f4d0d2c8be90f51ca,2bf7c52db6d5e9585cc7e5467d317ea0c0ee9abe02862ad718dae21daf691a22,,693bd3a78faa9721b6428e8cc97f81b6af2bc7fbaa01964e6e699e75d25be93f,b3f1662f1433bbc0c80969b584684b40f3d160cc5addadcde4dee4f5ebffa643,true,395,assets/images/21_복성고_2학기_중간_고1_기출/q01-solution.svg,EXISTS,3ba9493f3f177491cc02be1224b1f4e9cb77defa824c9494947126d721e199c0,VISUAL_REQUIRED,INITIAL_TRIAGE_ONLY,,INVENTORIED,NOT_STARTED,NOT_TESTED,NOT_TESTED,NOT_TESTED,NOT_TESTED,NOT_TESTED,NOT_TESTED,,
h1:original/high/h1/2mid/21_복성고_2학기_중간_고1_기출.js_2,original/high/h1/2mid/21_복성고_2학기_중간_고1_기출.js_2,original/high/h1/2mid/21_복성고_2학기_중간_고1_기출.js,original/high/h1/2mid/21_복성고_2학기_중간_고1_기출.js,2,2,2,2021,2,mid,복성고,2015,수학(상),H15-SA-11,원의 방정식,H22-C2-03,원의 방정식,H15-SA-11-CIRCLE_EQUATION,원의 방정식,forward_standard_key,archive/question-index.js + archive/exams/original/high/h1/**/*.js,INCLUDED,57e0826a623464939dab374812e29e7021b513dbf4239475242380df79176363,e5964eee3c314273d758c5afd461720ae752b07d03d901dcc6815ecf78f5d6f0,,01cb43f209039edb030551a66ed78c9f970abe5db041fbbaf6c93e7b1b27caee,9ad0eb94ce0bdade631915b9ef3b468043364ae4bc53b980628384d42e870ba6,true,264,assets/images/21_복성고_2학기_중간_고1_기출/q02-solution.svg,EXISTS,fd5c52380f608d530b426562733fa5323a56d06adc6e9c43868dd47a11c6bf9c,VISUAL_REQUIRED,INITIAL_TRIAGE_ONLY,,INVENTORIED,NOT_STARTED,NOT_TESTED,NOT_TESTED,NOT_TESTED,NOT_TESTED,NOT_TESTED,NOT_TESTED,,
h1:original/high/h1/2mid/21_복성고_2학기_중간_고1_기출.js_3,original/high/h1/2mid/21_복성고_2학기_중간_고1_기출.js_3,original/high/h1/2mid/21_복성고_2학기_중간_고1_기출.js,original/high/h1/2mid/21_복성고_2학기_중간_고1_기출.js,3,3,3,2021,2,mid,복성고,2015,수학(상),H15-SA-12,도형의 이동,H22-C2-04,도형의 이동,H15-SA-12-COMPOSITE_TRANSFORMATION,합성 변환,forward_standard_key,archive/question-index.js + archive/exams/original/high/h1/**/*.js,INCLUDED,0607519652fa8c458517f64b6bcfa5654328727f72d3c30acba266659d9bc9e3,d26f0577ddb6daa32bba7bcf1d6bef429681207a8a69cdcb325a1578e8d1a9ca,,0fdc7927ff59c42589581f3407b09650946638ce7f278b4515ffc758318d68d6,646aa00807e241111fcf6b626c4d092a55a2f12698a8d30b5e50f98054c728e2,true,285,assets/images/21_복성고_2학기_중간_고1_기출/q03-solution.svg,EXISTS,3453d943306900e036786cefa0560e5386d0b2b4b2d3e760e33a41aee3b89b03,VISUAL_REQUIRED,INITIAL_TRIAGE_ONLY,,INVENTORIED,NOT_STARTED,NOT_TESTED,NOT_TESTED,NOT_TESTED,NOT_TESTED,NOT_TESTED,NOT_TESTED,,
h1:original/high/h1/2mid/21_복성고_2학기_중간_고1_기출.js_4,original/high/h1/2mid/21_복성고_2학기_중간_고1_기출.js_4,original/high/h1/2mid/21_복성고_2학기_중간_고1_기출.js,original/high/h1/2mid/21_복성고_2학기_중간_고1_기출.js,4,4,4,2021,2,mid,복성고,2015,수학(상),H15-SA-12,도형의 이동,H22-C2-04,도형의 이동,H15-SA-12-COMPOSITE_TRANSFORMATION,합성 변환,forward_standard_key,archive/question-index.js + archive/exams/original/high/h1/**/*.js,INCLUDED,a13c060841a267d2f36488df6c118f0ca986861ef6ecdf6c7d1485d688a041b7,1dab9138cd951259fdd0b713994d1d08e85182a0352665e5128f893021e11956,,53647314addd20025a16fc5215b8258425870146eb80699fb1aa37de16a6ad51,bd4108a6f69c6eea4d18c7f2fd1441978e42fce77d9afcd6b21c8c3d7fad8b55,true,191,,NONE,,VISUAL_REQUIRED,INITIAL_TRIAGE_ONLY,,INVENTORIED,NOT_STARTED,NOT_TESTED,NOT_TESTED,NOT_TESTED,NOT_TESTED,NOT_TESTED,NOT_TESTED,,
h1:original/high/h1/2mid/21_복성고_2학기_중간_고1_기출.js_9,original/high/h1/2mid/21_복성고_2학기_중간_고1_기출.js_9,original/high/h1/2mid/21_복성고_2학기_중간_고1_기출.js,original/high/h1/2mid/21_복성고_2학기_중간_고1_기출.js,9,9,9,2021,2,mid,복성고,2015,수학(상),H15-SA-11,원의 방정식,H22-C2-03,원의 방정식,H15-SA-11-CIRCLE_EQUATION,원의 방정식,forward_standard_key,archive/question-index.js + archive/exams/original/high/h1/**/*.js,INCLUDED,2c94db931abdc705dde76200f9d3310990727d18bd11487394533d9add06d34b,19fbf4f82c9732608f4d080d4b42772470085de6fe5d2cca39772017b0f9cdf2,,509040e33725687c5f78760d9dc2b54ad599db4d53eddc5ce74dfe509a0de0b9,69c7d4153a65352224283cb6384134492c62f8c63e5fcf8b7d36b75f85c10266,true,652,assets/images/21_복성고_2학기_중간_고1_기출/q09-solution.svg,EXISTS,73dc0fae0b4fb52c9ea325903e91ed51985801ee93300528418b9c1d15429808,VISUAL_REQUIRED,INITIAL_TRIAGE_ONLY,,INVENTORIED,NOT_STARTED,NOT_TESTED,NOT_TESTED,NOT_TESTED,NOT_TESTED,NOT_TESTED,NOT_TESTED,,
h1:original/high/h1/2mid/21_복성고_2학기_중간_고1_기출.js_10,original/high/h1/2mid/21_복성고_2학기_중간_고1_기출.js_10,original/high/h1/2mid/21_복성고_2학기_중간_고1_기출.js,original/high/h1/2mid/21_복성고_2학기_중간_고1_기출.js,10,10,10,2021,2,mid,복성고,2015,수학(상),H15-SA-12,도형의 이동,H22-C2-04,도형의 이동,H15-SA-12-COMPOSITE_TRANSFORMATION,합성 변환,forward_standard_key,archive/question-index.js + archive/exams/original/high/h1/**/*.js,INCLUDED,107932358f630b9a9db1fdadd57aa45028972ece0392ee2ccecf2f4d43c3b99b,a221cd32ab82b12431ee999cc071a202f94b465048ac8ae8857939c572095cfa,,34a7c10f80d7d61bc6596d5b38b65fbd0f8d182ddd0bd3680a5df29fe90b9d40,35f21beab6f0166efb1c18b65a61961627da5db6948200a3793636af82addfba,true,269,,NONE,,VISUAL_REQUIRED,INITIAL_TRIAGE_ONLY,,INVENTORIED,NOT_STARTED,NOT_TESTED,NOT_TESTED,NOT_TESTED,NOT_TESTED,NOT_TESTED,NOT_TESTED,,
h1:original/high/h1/2mid/21_복성고_2학기_중간_고1_기출.js_11,original/high/h1/2mid/21_복성고_2학기_중간_고1_기출.js_11,original/high/h1/2mid/21_복성고_2학기_중간_고1_기출.js,original/high/h1/2mid/21_복성고_2학기_중간_고1_기출.js,11,11,11,2021,2,mid,복성고,2015,수학(상),H15-SA-12,도형의 이동,H22-C2-04,도형의 이동,H15-SA-12-COMPOSITE_TRANSFORMATION,합성 변환,forward_standard_key,archive/question-index.js + archive/exams/original/high/h1/**/*.js,INCLUDED,901b10f0493665d45688244ce131e353630cd7b8362cc7540880897f6e6a4643,3d6750ceac35946ca882132ed331b5f427579442a6b668c78e7e8b476441e409,,4fe5daaec3622624549ad6a3fde53fb38e7eaab390530e394ea2742e614e524f,bc6e0bf66e4b22ed5eb5a6c9a9563187355f7ef42e58d40d4a49ef5c67736a51,true,374,assets/images/21_복성고_2학기_중간_고1_기출/q11-solution.svg,EXISTS,317fd715a94bd5314837d74bae279cebe5574676ba708dd757d65c8c1a3e12c0,VISUAL_REQUIRED,INITIAL_TRIAGE_ONLY,,INVENTORIED,NOT_STARTED,NOT_TESTED,NOT_TESTED,NOT_TESTED,NOT_TESTED,NOT_TESTED,NOT_TESTED,,
h1:original/high/h1/2mid/21_복성고_2학기_중간_고1_기출.js_16,original/high/h1/2mid/21_복성고_2학기_중간_고1_기출.js_16,original/high/h1/2mid/21_복성고_2학기_중간_고1_기출.js,original/high/h1/2mid/21_복성고_2학기_중간_고1_기출.js,16,16,16,2021,2,mid,복성고,2015,수학(상),H15-SA-11,원의 방정식,H22-C2-03,원의 방정식,H15-SA-11-CIRCLE_EQUATION,원의 방정식,forward_standard_key,archive/question-index.js + archive/exams/original/high/h1/**/*.js,INCLUDED,1e2d3d934885c06ce596a6eb22c9f26a3cde525906726ccf0b79320b2a17c187,1a9dfcdffecbf7e73595db23b10de2a83b665c3c11f85c508fbadd73c96c0b73,,f4fb5965f3905506e16636c8fb4b34426fb1c4968650b59d3b93d1953776c6d4,85e80060717e139a0a01e0ff9e3137e09553fdf7cb54e8f374e94514bb691387,true,1052,assets/images/21_복성고_2학기_중간_고1_기출/q16-solution.svg,EXISTS,86c5dde7fa75056c1a71108655ea6be443230ee02e7df923a42067c7a1b780f2,VISUAL_REQUIRED,INITIAL_TRIAGE_ONLY,,INVENTORIED,NOT_STARTED,NOT_TESTED,NOT_TESTED,NOT_TESTED,NOT_TESTED,NOT_TESTED,NOT_TESTED,,
h1:original/high/h1/2mid/21_복성고_2학기_중간_고1_기출.js_17,original/high/h1/2mid/21_복성고_2학기_중간_고1_기출.js_17,original/high/h1/2mid/21_복성고_2학기_중간_고1_기출.js,original/high/h1/2mid/21_복성고_2학기_중간_고1_기출.js,17,17,17,2021,2,mid,복성고,2015,수학(상),H15-SA-10,직선의 방정식,H22-C2-02,직선의 방정식,H15-SA-10-EQUATION_BASIC,방정식의 풀이,forward_standard_key,archive/question-index.js + archive/exams/original/high/h1/**/*.js,INCLUDED,fac0db39a3d955f831a00250712603122e982a455f7465c498da6e38a312e493,6decd3f7cbd42468c5285798d66a60aa6f08b9ec658c0df98a75d95226ac8ea8,,2c902e9f7617278cbe5dd2cd7d931636ae508507f3cea09bd33d111abdd6b876,f66a81718cd5985c229f6a99a8485dbe4bf6dc26ef130d35eb382d5f547f878e,true,377,assets/images/21_복성고_2학기_중간_고1_기출/q17-solution.svg,EXISTS,b02c3e03652ab1afbfc1ff961f59d3963187edfc13291536ba854f8accfcebce,VISUAL_REQUIRED,INITIAL_TRIAGE_ONLY,,INVENTORIED,NOT_STARTED,NOT_TESTED,NOT_TESTED,NOT_TESTED,NOT_TESTED,NOT_TESTED,NOT_TESTED,,
h1:original/high/h1/2mid/21_복성고_2학기_중간_고1_기출.js_18,original/high/h1/2mid/21_복성고_2학기_중간_고1_기출.js_18,original/high/h1/2mid/21_복성고_2학기_중간_고1_기출.js,original/high/h1/2mid/21_복성고_2학기_중간_고1_기출.js,18,18,18,2021,2,mid,복성고,2015,수학(상),H15-SA-12,도형의 이동,H22-C2-04,도형의 이동,H15-SA-12-COMPOSITE_TRANSFORMATION,합성 변환,forward_standard_key,archive/question-index.js + archive/exams/original/high/h1/**/*.js,INCLUDED,0c87f95d618ce1349d02dfcca4b634bf49ab726d944089ccdabfb04acbadd4a2,992315a72de71fb8b9f996a3282d1a83e3b1cc95dbd4e410d6b9f92b07f3d816,,a577ba1841ca54ee6d5cff780f9e23850ede05115da56a31e9a180abfe7c23f6,6dc78f245268d519afb482cb0fe93fe9e517d8e192e9c7a6d1a75f2e2fb381f1,true,1224,assets/images/21_복성고_2학기_중간_고1_기출/q18-solution.svg,EXISTS,01f3b2f7d2d536eae6d1b9e627e946e2140affc51cc6bda47b8ce4b549935c7e,VISUAL_REQUIRED,INITIAL_TRIAGE_ONLY,,INVENTORIED,NOT_STARTED,NOT_TESTED,NOT_TESTED,NOT_TESTED,NOT_TESTED,NOT_TESTED,NOT_TESTED,,
h1:original/high/h1/2mid/21_복성고_2학기_중간_고1_기출.js_22,original/high/h1/2mid/21_복성고_2학기_중간_고1_기출.js_22,original/high/h1/2mid/21_복성고_2학기_중간_고1_기출.js,original/high/h1/2mid/21_복성고_2학기_중간_고1_기출.js,22,22,22,2021,2,mid,복성고,2015,수학(상),H15-SA-12,도형의 이동,H22-C2-04,도형의 이동,H15-SA-12-COMPOSITE_TRANSFORMATION,합성 변환,forward_standard_key,archive/question-index.js + archive/exams/original/high/h1/**/*.js,INCLUDED,9d8816e520880d309c27e98625175a991f9165c765bd7fbca7bcfa7dca02cefa,52d0df4d96ac7db412add0396de6e2d63317cec91624e0ee3a48ec3cab451249,,4a61b88ac3fa30c8587b6cfca810f3120d2e2fc11417b0a1be8e3cf0390453ee,b3a1394c35bf99bdf616f7a7c4abd16799a09a94848614d74bc26fe458d68093,true,413,assets/images/21_복성고_2학기_중간_고1_기출/q22-solution.svg,EXISTS,df619c8eb7fbce6f3244cff816767e9750f02f588aeba1592200e54f25e40887,VISUAL_REQUIRED,INITIAL_TRIAGE_ONLY,,INVENTORIED,NOT_STARTED,NOT_TESTED,NOT_TESTED,NOT_TESTED,NOT_TESTED,NOT_TESTED,NOT_TESTED,,
h1:original/high/h1/2mid/21_순천고_2학기_중간_고1_기출.js_1,original/high/h1/2mid/21_순천고_2학기_중간_고1_기출.js_1,original/high/h1/2mid/21_순천고_2학기_중간_고1_기출.js,original/high/h1/2mid/21_순천고_2학기_중간_고1_기출.js,1,1,1,2021,2,mid,순천고,2015,수학(상),H15-SA-12,도형의 이동,H22-C2-04,도형의 이동,H15-SA-12-COMPOSITE_TRANSFORMATION,합성 변환,forward_standard_key,archive/question-index.js + archive/exams/original/high/h1/**/*.js,INCLUDED,6bf544efac4be95ecf838f67ebfda8b77e7ad51430681d70ec19a4bc249346a4,d363cca4814601a18ad701e93c4843866014a81120a93e9483e0c952fbce7df5,,fe039ba0960c2a2e5c4cefaf04b5f69391dd7a7a05b678e4b26d47d0df07b245,d16a991b335d65ff00cf594474dab07174d3c69046c1575146da57f76fea1c01,true,339,assets/images/21_순천고_2학기_중간_고1_기출/q01-solution.svg,EXISTS,ce0d934fe0a504a1ebe09c3bd6e8f24af36d3c8b686e083bf8af2f5469442e6b,VISUAL_REQUIRED,INITIAL_TRIAGE_ONLY,,INVENTORIED,NOT_STARTED,NOT_TESTED,NOT_TESTED,NOT_TESTED,NOT_TESTED,NOT_TESTED,NOT_TESTED,,
h1:original/high/h1/2mid/21_순천고_2학기_중간_고1_기출.js_2,original/high/h1/2mid/21_순천고_2학기_중간_고1_기출.js_2,original/high/h1/2mid/21_순천고_2학기_중간_고1_기출.js,original/high/h1/2mid/21_순천고_2학기_중간_고1_기출.js,2,2,2,2021,2,mid,순천고,2015,수학(상),H15-SA-12,도형의 이동,H22-C2-04,도형의 이동,H15-SA-12-COMPOSITE_TRANSFORMATION,합성 변환,forward_standard_key,archive/question-index.js + archive/exams/original/high/h1/**/*.js,INCLUDED,dcb7e1d529028a898ba4fc44a671311b6a7866656b517e4bf952c52a3d24fc6b,69e6ac507fa5c925480f3cb505521a0b47d1e26906af54a01ffac01a5626cca4,,0f937d53a3dafe17770ad7409a9fac884c62499527551f0c122b3317f0326a74,74cd5d448b0a7fc62ecb6666b1bebf622dda7f565c0ac8efb8f7a9aa4eef2c0a,true,459,assets/images/21_순천고_2학기_중간_고1_기출/q02-solution.svg,EXISTS,e6c34cc8db538ec5009eacf3321ba0bae2034a59db0ddb5e106ca215ff43dd1b,VISUAL_REQUIRED,INITIAL_TRIAGE_ONLY,,INVENTORIED,NOT_STARTED,NOT_TESTED,NOT_TESTED,NOT_TESTED,NOT_TESTED,NOT_TESTED,NOT_TESTED,,
h1:original/high/h1/2mid/21_순천고_2학기_중간_고1_기출.js_8,original/high/h1/2mid/21_순천고_2학기_중간_고1_기출.js_8,original/high/h1/2mid/21_순천고_2학기_중간_고1_기출.js,original/high/h1/2mid/21_순천고_2학기_중간_고1_기출.js,8,8,8,2021,2,mid,순천고,2015,수학(상),H15-SA-12,도형의 이동,H22-C2-04,도형의 이동,H15-SA-12-COMPOSITE_TRANSFORMATION,합성 변환,forward_standard_key,archive/question-index.js + archive/exams/original/high/h1/**/*.js,INCLUDED,020f1407720bdb7ce0c5dc4a1ea327a4f25085e10d306d4fb6ccc83dbbb25372,875d374711926a88d2b6bfe52df5d30623d39a39be878173a3d2b5834713e86c,,721c3ff987badfe2ed50670ed3ce6f2385a716bb52db29450718254f7aee6a90,1eadd9073c436bb3f3b7dbafebf72c2dd0865ed6ce22fb2cee15d081f9069eec,true,653,assets/images/21_순천고_2학기_중간_고1_기출/q08-solution.svg,EXISTS,032de7d758977786341289e3dcee0f5f7b5d3792c92e553950d3a778360ca42b,VISUAL_REQUIRED,INITIAL_TRIAGE_ONLY,,INVENTORIED,NOT_STARTED,NOT_TESTED,NOT_TESTED,NOT_TESTED,NOT_TESTED,NOT_TESTED,NOT_TESTED,,
h1:original/high/h1/2mid/21_순천고_2학기_중간_고1_기출.js_9,original/high/h1/2mid/21_순천고_2학기_중간_고1_기출.js_9,original/high/h1/2mid/21_순천고_2학기_중간_고1_기출.js,original/high/h1/2mid/21_순천고_2학기_중간_고1_기출.js,9,9,9,2021,2,mid,순천고,2015,수학(상),H15-SA-11,원의 방정식,H22-C2-03,원의 방정식,H15-SA-11-CIRCLE_EQUATION,원의 방정식,forward_standard_key,archive/question-index.js + archive/exams/original/high/h1/**/*.js,INCLUDED,660a28a05969768a30c697fe0cbfd5986a772e85709047fc35e9956cd7134a70,e420f953c88850511d03e70c4e1a1ffa79e9b9d9a1b0f397c363827ad7c8411f,,e07ccded8cef346d9d6b00a51a058b9cd62022e72c730184818461b8c8acbf9e,f0ad3bcb7683cd57fdf5241fe2491f22f4d899f5430021128ec40fee654d6ca3,true,708,assets/images/21_순천고_2학기_중간_고1_기출/q09-solution.svg,EXISTS,d50d6f3ef13c657440b64045e12cb0471f581c1369fe1e6ccf4a73ddcb9d7a1d,VISUAL_REQUIRED,INITIAL_TRIAGE_ONLY,,INVENTORIED,NOT_STARTED,NOT_TESTED,NOT_TESTED,NOT_TESTED,NOT_TESTED,NOT_TESTED,NOT_TESTED,,
h1:original/high/h1/2mid/21_순천고_2학기_중간_고1_기출.js_20,original/high/h1/2mid/21_순천고_2학기_중간_고1_기출.js_20,original/high/h1/2mid/21_순천고_2학기_중간_고1_기출.js,original/high/h1/2mid/21_순천고_2학기_중간_고1_기출.js,20,20,20,2021,2,mid,순천고,2015,수학(상),H15-SA-11,원의 방정식,H22-C2-03,원의 방정식,H15-SA-11-CIRCLE_EQUATION,원의 방정식,forward_standard_key,archive/question-index.js + archive/exams/original/high/h1/**/*.js,INCLUDED,9185b1c084c9fddee998ba700b9a1f7aa96f21fbe4cc91e09cc0224e91359bf5,3307ef287052e1ae3811ec14d698fa8f79ab96dcb333098cb9cd754cd7960e41,,30b2967581ebfc3513a0d59ff14250ee291f83d99f95f0c4fdf81e3149b40a4e,48b8517483fce271ab046a0f53bb16e1cf4f9dc9da046d0e8c1d0bab8dabdd42,true,384,assets/images/21_순천고_2학기_중간_고1_기출/q20-solution.svg,EXISTS,7e3a2b572513c978c8229d411d2413152486f527dda83cf2c25b0de0b985caec,VISUAL_REQUIRED,INITIAL_TRIAGE_ONLY,,INVENTORIED,NOT_STARTED,NOT_TESTED,NOT_TESTED,NOT_TESTED,NOT_TESTED,NOT_TESTED,NOT_TESTED,,
h1:original/high/h1/2mid/21_순천고_2학기_중간_고1_기출.js_21,original/high/h1/2mid/21_순천고_2학기_중간_고1_기출.js_21,original/high/h1/2mid/21_순천고_2학기_중간_고1_기출.js,original/high/h1/2mid/21_순천고_2학기_중간_고1_기출.js,21,21,21,2021,2,mid,순천고,2015,수학(상),H15-SA-10,직선의 방정식,H22-C2-02,직선의 방정식,H15-SA-10-LINE_EQUATION,직선의 방정식,forward_standard_key,archive/question-index.js + archive/exams/original/high/h1/**/*.js,INCLUDED,b97b86d54fb4ae399b93749be5e1b4d1e48767c8e63cdc2d2bdb1c238147bd4d,f51cc94255f033767da89b6da47c65ddf7039842f58cbf777e89390cc27cb6f4,,6efa646467817200330b56d7b0f1813aed642a40035154c9bb90a4ee361251a9,7f7adc96a36c46da7e72e0f1ed57e680712822c4dead613c21ab16a0fa74a4c2,true,498,assets/images/21_순천고_2학기_중간_고1_기출/q21-solution.svg,EXISTS,3a4a099de60e56e6801b3992ab6a2c32bda5b7adbae3aea8bf80f730da8927bb,REVIEW_REQUIRED,INITIAL_TRIAGE_ONLY,,INVENTORIED,NOT_STARTED,NOT_TESTED,NOT_TESTED,NOT_TESTED,NOT_TESTED,NOT_TESTED,NOT_TESTED,,
h1:original/high/h1/2mid/21_제일고_2학기_중간_고1_기출.js_1,original/high/h1/2mid/21_제일고_2학기_중간_고1_기출.js_1,original/high/h1/2mid/21_제일고_2학기_중간_고1_기출.js,original/high/h1/2mid/21_제일고_2학기_중간_고1_기출.js,1,1,1,2021,2,mid,제일고,2015,수학(상),H15-SA-12,도형의 이동,H22-C2-04,도형의 이동,H15-SA-12-COMPOSITE_TRANSFORMATION,합성 변환,forward_standard_key,archive/question-index.js + archive/exams/original/high/h1/**/*.js,INCLUDED,fc827b5c001241c805c814edfe31f5058764586e450f88684a9cd5ebd9a39993,ef9d92bd571b5db3ed1bd5325dec594cdd9bbd30fd1e11bba6519073990931d5,,ab09ae258be8724a6e8f6b152e1515683b46b3b61d3cfabda7fbaba7e217b34c,6a61a89372b1c22b5e904ce18a0798db06f25dc56424f63d2d64e7b1ac69225e,true,284,,NONE,,VISUAL_REQUIRED,INITIAL_TRIAGE_ONLY,,INVENTORIED,NOT_STARTED,NOT_TESTED,NOT_TESTED,NOT_TESTED,NOT_TESTED,NOT_TESTED,NOT_TESTED,,
h1:original/high/h1/2mid/21_제일고_2학기_중간_고1_기출.js_2,original/high/h1/2mid/21_제일고_2학기_중간_고1_기출.js_2,original/high/h1/2mid/21_제일고_2학기_중간_고1_기출.js,original/high/h1/2mid/21_제일고_2학기_중간_고1_기출.js,2,2,2,2021,2,mid,제일고,2015,수학(상),H15-SA-12,도형의 이동,H22-C2-04,도형의 이동,H15-SA-12-COMPOSITE_TRANSFORMATION,합성 변환,forward_standard_key,archive/question-index.js + archive/exams/original/high/h1/**/*.js,INCLUDED,0a9963508ae840921a81809a7a26e6a4e01a1acebf1c2fdd00bf777c42a167d9,d2bb28252ca23b5eb20ac65242d12b58f902f248ae082052ad214bbbaeedeaca,,cfc8feec75774fe657f7ed573129e33577887b66565168cd4829b23d4f4f9c63,e0eea99d5b5ea695c8360414d84f49b436bcd4f8be4ea0408ffc1a6310e91f19,true,409,assets/images/21_제일고_2학기_중간_고1_기출/q02-solution.svg,EXISTS,92aa46c65c6d57aaac1d988abb61a20f86736a1f06c5e9275a70d57f3a81551d,VISUAL_REQUIRED,INITIAL_TRIAGE_ONLY,,INVENTORIED,NOT_STARTED,NOT_TESTED,NOT_TESTED,NOT_TESTED,NOT_TESTED,NOT_TESTED,NOT_TESTED,,
h1:original/high/h1/2mid/21_제일고_2학기_중간_고1_기출.js_14,original/high/h1/2mid/21_제일고_2학기_중간_고1_기출.js_14,original/high/h1/2mid/21_제일고_2학기_중간_고1_기출.js,original/high/h1/2mid/21_제일고_2학기_중간_고1_기출.js,14,14,14,2021,2,mid,제일고,2015,수학(상),H15-SA-12,도형의 이동,H22-C2-04,도형의 이동,H15-SA-12-COMPOSITE_TRANSFORMATION,합성 변환,forward_standard_key,archive/question-index.js + archive/exams/original/high/h1/**/*.js,INCLUDED,5c86da2af2d36954e13d2b666963b0474513de20b959a43f90c2940ad7152a00,57e8a240380aa6b489b03c7f9a2bb98962f233320e32b47b4407123e38342ef0,,35a6d1c78f3324a1efc6abe784fabc67da95c17e3caa692531d1aaaa8652f7ac,b4cfc934596f02b6bdf5db9ad6628b4c48b54c01167e47fc552013ff22c08f06,true,444,assets/images/21_제일고_2학기_중간_고1_기출/q14-solution.svg,EXISTS,e14e45cb8b81b3e05b3e564aae73863fa5a8d3c6317e86fb518856a4d178c08b,VISUAL_REQUIRED,INITIAL_TRIAGE_ONLY,,INVENTORIED,NOT_STARTED,NOT_TESTED,NOT_TESTED,NOT_TESTED,NOT_TESTED,NOT_TESTED,NOT_TESTED,,
h1:original/high/h1/2mid/21_제일고_2학기_중간_고1_기출.js_18,original/high/h1/2mid/21_제일고_2학기_중간_고1_기출.js_18,original/high/h1/2mid/21_제일고_2학기_중간_고1_기출.js,original/high/h1/2mid/21_제일고_2학기_중간_고1_기출.js,18,18,18,2021,2,mid,제일고,2015,수학(상),H15-SA-11,원의 방정식,H22-C2-03,원의 방정식,H15-SA-11-CIRCLE_EQUATION,원의 방정식,forward_standard_key,archive/question-index.js + archive/exams/original/high/h1/**/*.js,INCLUDED,fa4c9ffbcc258b848743d52beb991167ed1bfa9f81072d1ff255f28a6872504b,543422fd963d627bfabcff2c93fb445a1b4adce5d3849fd384d1c6c07e5d2c82,,e12973cc557043e08434e07aaa36f929d7b1a9744941df69a4293ec47029b9e0,e8680d5639abafeba5d8c8ba49fb422475149b4409ea62325f81cedcaf72aa8b,true,583,assets/images/21_제일고_2학기_중간_고1_기출/q18-solution.svg,EXISTS,10c93531a55813ee0318d3164ab2272e3ad618907303087f602cc9167768c2ee,VISUAL_REQUIRED,INITIAL_TRIAGE_ONLY,,INVENTORIED,NOT_STARTED,NOT_TESTED,NOT_TESTED,NOT_TESTED,NOT_TESTED,NOT_TESTED,NOT_TESTED,,
h1:original/high/h1/2mid/21_제일고_2학기_중간_고1_기출.js_19,original/high/h1/2mid/21_제일고_2학기_중간_고1_기출.js_19,original/high/h1/2mid/21_제일고_2학기_중간_고1_기출.js,original/high/h1/2mid/21_제일고_2학기_중간_고1_기출.js,19,19,19,2021,2,mid,제일고,2015,수학(상),H15-SA-12,도형의 이동,H22-C2-04,도형의 이동,H15-SA-12-COMPOSITE_TRANSFORMATION,합성 변환,forward_standard_key,archive/question-index.js + archive/exams/original/high/h1/**/*.js,INCLUDED,174c44c6a1a9dc309c54c369182be4fc7ec35d89f2e4fc7ec92eba86c679fc87,560c2b909464c0ff7dccaa18eb97347b41bdd2438bad35eca3a388f35c997c13,,3b5d2e294fb344e5e78eae7511a5f52dec0322b29b0fc472adf8306947fd26d9,0113c9f575adaf16bfab7b9cc929d58640806ebce2601353e0cb79d44568efbe,true,529,assets/images/21_제일고_2학기_중간_고1_기출/q19-solution.svg,EXISTS,502b8b8e2d5e2bfe0da3ef31dd1dee70e7ed9e59adcfb8528187c70c30fa908c,VISUAL_REQUIRED,INITIAL_TRIAGE_ONLY,,INVENTORIED,NOT_STARTED,NOT_TESTED,NOT_TESTED,NOT_TESTED,NOT_TESTED,NOT_TESTED,NOT_TESTED,,
h1:original/high/h1/2mid/21_효천고_2학기_중간_고1_기출.js_3,original/high/h1/2mid/21_효천고_2학기_중간_고1_기출.js_3,original/high/h1/2mid/21_효천고_2학기_중간_고1_기출.js,original/high/h1/2mid/21_효천고_2학기_중간_고1_기출.js,3,3,3,2021,2,mid,효천고,2015,수학(상),H15-SA-12,도형의 이동,H22-C2-04,도형의 이동,H15-SA-12-COMPOSITE_TRANSFORMATION,합성 변환,forward_standard_key,archive/question-index.js + archive/exams/original/high/h1/**/*.js,INCLUDED,43f5b651802653d37a8171009a3675c69717991b84553a7aeb83cfb88aa391b9,31af19de3f444a5633b7d36782081ab5453a770e35f357cfa153e60eae719a6a,,bb3e973e83aadb772be7dc8b034affbdd688f63a285861c47912c9e55f082601,d05a0ef979a28918eda660429f0f7c2b73ae47577d90d66a1606ab5e5c10d1b1,true,237,,NONE,,VISUAL_REQUIRED,INITIAL_TRIAGE_ONLY,,INVENTORIED,NOT_STARTED,NOT_TESTED,NOT_TESTED,NOT_TESTED,NOT_TESTED,NOT_TESTED,NOT_TESTED,,
h1:original/high/h1/2mid/21_효천고_2학기_중간_고1_기출.js_5,original/high/h1/2mid/21_효천고_2학기_중간_고1_기출.js_5,original/high/h1/2mid/21_효천고_2학기_중간_고1_기출.js,original/high/h1/2mid/21_효천고_2학기_중간_고1_기출.js,5,5,5,2021,2,mid,효천고,2015,수학(상),H15-SA-12,도형의 이동,H22-C2-04,도형의 이동,H15-SA-12-COMPOSITE_TRANSFORMATION,합성 변환,forward_standard_key,archive/question-index.js + archive/exams/original/high/h1/**/*.js,INCLUDED,a3b490299c45ecdba1ee857d62391ca27ebe502dfa8a8086f505d4deb911fa53,84230108dacde4464bbb86379fa72253be60d628897c4bbcebe7a19725207ea1,,a9b9ee67da65cc08a89b815d688d18586c435c586864ad19bb6df435970bbc38,19ff23cf09cbb8295ac8ffa3d1f286dbc7f20c79e2a3f8c14e8008fc66a8c14f,true,259,assets/images/21_효천고_2학기_중간_고1_기출/q05-solution.svg,EXISTS,c533c04d5cc98812510a936d89cdbdfabefe2a8c8e95319e04274e1876dfa2ed,VISUAL_REQUIRED,INITIAL_TRIAGE_ONLY,,INVENTORIED,NOT_STARTED,NOT_TESTED,NOT_TESTED,NOT_TESTED,NOT_TESTED,NOT_TESTED,NOT_TESTED,,
h1:original/high/h1/2mid/21_효천고_2학기_중간_고1_기출.js_8,original/high/h1/2mid/21_효천고_2학기_중간_고1_기출.js_8,original/high/h1/2mid/21_효천고_2학기_중간_고1_기출.js,original/high/h1/2mid/21_효천고_2학기_중간_고1_기출.js,8,8,8,2021,2,mid,효천고,2015,수학(상),H15-SA-12,도형의 이동,H22-C2-04,도형의 이동,H15-SA-12-COMPOSITE_TRANSFORMATION,합성 변환,forward_standard_key,archive/question-index.js + archive/exams/original/high/h1/**/*.js,INCLUDED,f2ede1deb4c2ec1cef3cf1469641e02288ee557cc2b234e785b646645ffe3943,6ab1ad71164ad9163ffc25e5e3d35615c73336f6dc0e16ebff03d73f38b3f37f,,d6e4264a3262a7ab3c4d4f8f9009897943d2d81e9a386e27a3bb29de048f0396,03763c5c164056c78d521801ec515f70905923f4191241a375bbcc4721be960c,true,530,assets/images/21_효천고_2학기_중간_고1_기출/q08-solution.svg,EXISTS,d5eeb726cfc5706c32b483641cbea9d890b57441741385c3e755e1e0edf45291,VISUAL_REQUIRED,INITIAL_TRIAGE_ONLY,,INVENTORIED,NOT_STARTED,NOT_TESTED,NOT_TESTED,NOT_TESTED,NOT_TESTED,NOT_TESTED,NOT_TESTED,,
h1:original/high/h1/2mid/21_효천고_2학기_중간_고1_기출.js_13,original/high/h1/2mid/21_효천고_2학기_중간_고1_기출.js_13,original/high/h1/2mid/21_효천고_2학기_중간_고1_기출.js,original/high/h1/2mid/21_효천고_2학기_중간_고1_기출.js,13,13,13,2021,2,mid,효천고,2015,수학(상),H15-SA-10,직선의 방정식,H22-C2-02,직선의 방정식,H15-SA-10-LINE_EQUATION,직선의 방정식,forward_standard_key,archive/question-index.js + archive/exams/original/high/h1/**/*.js,INCLUDED,3b5be441780d1ef3244d21adb155c947f38d1ebd5fe80efae97544e17760168f,87b626676464d3380b68238c02ab33f788738664df8afb0da1794c96b6592108,,b32d1cbc0514479ecb0857623e462fd9d53f2c7078948d7979a2a574dacb3b16,94409ae611936c7c04ef850510a224f829658febbfdcabb0b6a8bb73e4a2a87c,true,444,assets/images/21_효천고_2학기_중간_고1_기출/q13-solution.svg,EXISTS,293fb0c45bfd7621668552aa61c463faa2fe3c19e4d317c610822f4aba64b0a3,REVIEW_REQUIRED,INITIAL_TRIAGE_ONLY,,INVENTORIED,NOT_STARTED,NOT_TESTED,NOT_TESTED,NOT_TESTED,NOT_TESTED,NOT_TESTED,NOT_TESTED,,
h1:original/high/h1/2mid/21_효천고_2학기_중간_고1_기출.js_19,original/high/h1/2mid/21_효천고_2학기_중간_고1_기출.js_19,original/high/h1/2mid/21_효천고_2학기_중간_고1_기출.js,original/high/h1/2mid/21_효천고_2학기_중간_고1_기출.js,19,19,19,2021,2,mid,효천고,2015,수학(상),H15-SA-12,도형의 이동,H22-C2-04,도형의 이동,H15-SA-12-COMPOSITE_TRANSFORMATION,합성 변환,forward_standard_key,archive/question-index.js + archive/exams/original/high/h1/**/*.js,INCLUDED,47a13a4aeb6e500c1edad8701dd265c2049810d6135aeb5a6e06879ebc24feab,65e4bab6948321b41d4ecd9da970e445dc9d2c1be5e9e6767f87aa0a476da256,,b4c0fea44a91d370fe6b204e2d5b04f9345e9e0e1d3602706e99d25c1c5e4b28,d7a3b6c64734328a36876cccee2d884a6a442f6e55b125ad64a4c7128ef7dd5c,true,383,assets/images/21_효천고_2학기_중간_고1_기출/q19-solution.svg,EXISTS,af258c0c3e383424bd44f47f8890e1370bf61b2051bbe4f40366f75d1d598866,VISUAL_REQUIRED,INITIAL_TRIAGE_ONLY,,INVENTORIED,NOT_STARTED,NOT_TESTED,NOT_TESTED,NOT_TESTED,NOT_TESTED,NOT_TESTED,NOT_TESTED,,
h1:original/high/h1/2mid/22_강남여고_2학기_중간_고1_기출.js_1,original/high/h1/2mid/22_강남여고_2학기_중간_고1_기출.js_1,original/high/h1/2mid/22_강남여고_2학기_중간_고1_기출.js,original/high/h1/2mid/22_강남여고_2학기_중간_고1_기출.js,1,1,1,2022,2,mid,강남여고,2015,수학(상),H15-SA-09,평면좌표,H22-C2-01,평면좌표,H15-SA-09-COORDINATE_METRIC,좌표와 거리,forward_standard_key,archive/question-index.js + archive/exams/original/high/h1/**/*.js,INCLUDED,f31f77b4d2ebac89a6645e2c1eb390fe322e49ba1a5c604643446bb478d4694e,fc1e7c5cda19fb25e91dba906bf8366b19edd082b575798087c06c42ecd425bd,,6bcf62e119212523bc045d6018b36fdd957aa5967300ce7b81d68807264ec5ea,c2bee65baf13db8ac35c080077792eee59b712ac0741fcfa64e7a2eb2898a6fa,true,310,,NONE,,REVIEW_REQUIRED,INITIAL_TRIAGE_ONLY,,INVENTORIED,NOT_STARTED,NOT_TESTED,NOT_TESTED,NOT_TESTED,NOT_TESTED,NOT_TESTED,NOT_TESTED,,
h1:original/high/h1/2mid/22_강남여고_2학기_중간_고1_기출.js_5,original/high/h1/2mid/22_강남여고_2학기_중간_고1_기출.js_5,original/high/h1/2mid/22_강남여고_2학기_중간_고1_기출.js,original/high/h1/2mid/22_강남여고_2학기_중간_고1_기출.js,5,5,5,2022,2,mid,강남여고,2015,수학(상),H15-SA-09,평면좌표,H22-C2-01,평면좌표,H15-SA-09-GEOMETRY_EQUATION,도형의 방정식,forward_standard_key,archive/question-index.js + archive/exams/original/high/h1/**/*.js,INCLUDED,48ef5c94db3ecdc4d00539494e1d6e61af4ce8c22e4280aa2c8dc70a834cf430,ca59ec45d791496d001794570502ca294166bc82c0cdc6cff7669f969d5958dc,,6059415fcd8f5e2296cbfaaccc7a3c324ddc2c415372c73bdfa348f171cde89d,c87b27edb23da25e62cf68c839278d98a79b080ca6344369d1dc57d66cc41420,true,342,assets/images/22_강남여고_2학기_중간_고1_기출/q05-solution.svg,EXISTS,87cdd3faef8bcd2e00f00c1046fc4f6ab45513e26d1598ef81730151502fa04b,VISUAL_REQUIRED,INITIAL_TRIAGE_ONLY,,INVENTORIED,NOT_STARTED,NOT_TESTED,NOT_TESTED,NOT_TESTED,NOT_TESTED,NOT_TESTED,NOT_TESTED,,
h1:original/high/h1/2mid/22_강남여고_2학기_중간_고1_기출.js_6,original/high/h1/2mid/22_강남여고_2학기_중간_고1_기출.js_6,original/high/h1/2mid/22_강남여고_2학기_중간_고1_기출.js,original/high/h1/2mid/22_강남여고_2학기_중간_고1_기출.js,6,6,6,2022,2,mid,강남여고,2015,수학(상),H15-SA-09,평면좌표,H22-C2-01,평면좌표,H15-SA-09-COORDINATE_METRIC,좌표와 거리,forward_standard_key,archive/question-index.js + archive/exams/original/high/h1/**/*.js,INCLUDED,d39729bcd354eb4057d5d9a48d5eaa2df29727cacf1fdce9f0821bcf3908a31c,ea71b68595ffd992d90d41f70c27e68ed71b23cafde6ebab9ae73771dbed4ef3,,ebb40e4ed69db2429cdc777c04782aec7d37312f453792fb065654e406a07922,f13bce7e10eb69f0dd1e98b2658a9fd562830da798c6097b7fdfa772f1dab0fb,true,395,,NONE,,VISUAL_REQUIRED,INITIAL_TRIAGE_ONLY,,INVENTORIED,NOT_STARTED,NOT_TESTED,NOT_TESTED,NOT_TESTED,NOT_TESTED,NOT_TESTED,NOT_TESTED,,
h1:original/high/h1/2mid/22_강남여고_2학기_중간_고1_기출.js_9,original/high/h1/2mid/22_강남여고_2학기_중간_고1_기출.js_9,original/high/h1/2mid/22_강남여고_2학기_중간_고1_기출.js,original/high/h1/2mid/22_강남여고_2학기_중간_고1_기출.js,9,9,9,2022,2,mid,강남여고,2015,수학(상),H15-SA-12,도형의 이동,H22-C2-04,도형의 이동,H15-SA-12-COMPOSITE_TRANSFORMATION,합성 변환,forward_standard_key,archive/question-index.js + archive/exams/original/high/h1/**/*.js,INCLUDED,9697763b36a14f0b7887f13b8405a227e8789883dd246f5019505cda20e6a541,e0e77972a409b49de3aeedc42de6c0756a43eeeb33e9ee28a2d8ded718f56f9d,,4ab2fac3237971039490910fc483e97f704d7339711e3f076c8492d143c94266,e2f8fcb04d2f49ec9b60659f6b52d0256538a4bb5584056563bcbb4fcb5fc0be,true,449,assets/images/22_강남여고_2학기_중간_고1_기출/q09-solution.svg,EXISTS,f91a6e00d7bd65ed1a56623b47f21224803ee42144012fe6986ede43e5d73b3e,VISUAL_REQUIRED,INITIAL_TRIAGE_ONLY,,INVENTORIED,NOT_STARTED,NOT_TESTED,NOT_TESTED,NOT_TESTED,NOT_TESTED,NOT_TESTED,NOT_TESTED,,
h1:original/high/h1/2mid/22_강남여고_2학기_중간_고1_기출.js_13,original/high/h1/2mid/22_강남여고_2학기_중간_고1_기출.js_13,original/high/h1/2mid/22_강남여고_2학기_중간_고1_기출.js,original/high/h1/2mid/22_강남여고_2학기_중간_고1_기출.js,13,13,13,2022,2,mid,강남여고,2015,수학(상),H15-SA-10,직선의 방정식,H22-C2-02,직선의 방정식,H15-SA-10-DISTANCE_ANGLE,직선 사이의 거리와 각,forward_standard_key,archive/question-index.js + archive/exams/original/high/h1/**/*.js,INCLUDED,dba64c26a8e0026f7d2ffdef9f2d6a622e62391a27c4b7ddcac6d79ffea06293,571d15ba881ee85ead9df02cafe4809eefff0375dd5858f0628e662b0f09ddfb,,7979106a169e56bb067d059f2626210ba4f1afc3d722d080a9c92f337263be61,fc2a1916b710b0727682891a4f2e6d44aeb79d0e02c40ae7711f939ee4583e84,true,357,assets/images/22_강남여고_2학기_중간_고1_기출/q13-solution.svg,EXISTS,876683113a74b1cc738d5b0fedaa93583806542d4c11508cfdbf624287dc134f,VISUAL_REQUIRED,INITIAL_TRIAGE_ONLY,,INVENTORIED,NOT_STARTED,NOT_TESTED,NOT_TESTED,NOT_TESTED,NOT_TESTED,NOT_TESTED,NOT_TESTED,,
h1:original/high/h1/2mid/22_강남여고_2학기_중간_고1_기출.js_16,original/high/h1/2mid/22_강남여고_2학기_중간_고1_기출.js_16,original/high/h1/2mid/22_강남여고_2학기_중간_고1_기출.js,original/high/h1/2mid/22_강남여고_2학기_중간_고1_기출.js,16,16,16,2022,2,mid,강남여고,2015,수학(상),H15-SA-11,원의 방정식,H22-C2-03,원의 방정식,H15-SA-11-CIRCLE_EQUATION,원의 방정식,forward_standard_key,archive/question-index.js + archive/exams/original/high/h1/**/*.js,INCLUDED,00cf4b9551fe17efba2f10a75282c2ad97a377c6f2c1e34ebc8033e1d588c390,4dae769359fbd970c2a339d376c6d5abd9e04e838df0b0cb9d0ad7e853a3bdb6,,a19e465957712da40b15c8548624be5c54a5e7a23d4b7436bb430b5a694620d0,a2c6ac02cc48945b308dea9d6c6815d9a623bf7091b597b4303f1b932d689bc0,true,551,assets/images/22_강남여고_2학기_중간_고1_기출/q16-solution.svg,EXISTS,9753bc898af3b9f4c39b3eab44ce92c817a605d428663400ece263b803e5ca93,VISUAL_REQUIRED,INITIAL_TRIAGE_ONLY,,INVENTORIED,NOT_STARTED,NOT_TESTED,NOT_TESTED,NOT_TESTED,NOT_TESTED,NOT_TESTED,NOT_TESTED,,
h1:original/high/h1/2mid/22_강남여고_2학기_중간_고1_기출.js_22,original/high/h1/2mid/22_강남여고_2학기_중간_고1_기출.js_22,original/high/h1/2mid/22_강남여고_2학기_중간_고1_기출.js,original/high/h1/2mid/22_강남여고_2학기_중간_고1_기출.js,22,22,22,2022,2,mid,강남여고,2015,수학(상),H15-SA-10,직선의 방정식,H22-C2-02,직선의 방정식,H15-SA-10-PARALLEL_PERPENDICULAR,두 직선의 평행과 수직,forward_standard_key,archive/question-index.js + archive/exams/original/high/h1/**/*.js,INCLUDED,7a3470a53c4f8c33505ab8780d232a7b78405ca0a9fc6aa5d5e3b501396500c7,e322482c0a07afed9d6125af451fb1850a0dac6d53871d0d474974a18ef6c4d5,,c9aae9b8c6e7db65f228ecbfed3f7e3448140265a1665b9b153d879182452f70,2d01dbd5ba3488c71634528769ef5f753a170b48ed8ca21ca300f61ecef68127,true,616,assets/images/22_강남여고_2학기_중간_고1_기출/q22-solution.svg,EXISTS,c69baaa384d3dc18fdd034a06863008a0afcb8cfef65092055cd825aa538642d,VISUAL_REQUIRED,INITIAL_TRIAGE_ONLY,,INVENTORIED,NOT_STARTED,NOT_TESTED,NOT_TESTED,NOT_TESTED,NOT_TESTED,NOT_TESTED,NOT_TESTED,,
h1:original/high/h1/2mid/22_강남여고_2학기_중간_고1_기출.js_23,original/high/h1/2mid/22_강남여고_2학기_중간_고1_기출.js_23,original/high/h1/2mid/22_강남여고_2학기_중간_고1_기출.js,original/high/h1/2mid/22_강남여고_2학기_중간_고1_기출.js,23,23,23,2022,2,mid,강남여고,2015,수학(상),H15-SA-12,도형의 이동,H22-C2-04,도형의 이동,H15-SA-12-COMPOSITE_TRANSFORMATION,합성 변환,forward_standard_key,archive/question-index.js + archive/exams/original/high/h1/**/*.js,INCLUDED,e11c97f7509f54a7c5e39ba7b994a05bb4f8f57f66bd62462836683e5938c1a3,0802d494ddb6ce4e4087e5e16684aa57583db2de02734bf48c6fde347dbe9e04,,9c9e5c559c7d0a6bd4a9722f17c576c73c085029b254924f1578d411d709070e,b9bddb5efd55c7beb49297343df00317bef730cde63616af5031df0317981728,true,351,assets/images/22_강남여고_2학기_중간_고1_기출/q23-solution.svg,EXISTS,e16d49cdc7add07b1707f59e2e05d88e8ce71d106a40c0172d87e9ac9be85e08,VISUAL_REQUIRED,INITIAL_TRIAGE_ONLY,,INVENTORIED,NOT_STARTED,NOT_TESTED,NOT_TESTED,NOT_TESTED,NOT_TESTED,NOT_TESTED,NOT_TESTED,,
h1:original/high/h1/2mid/22_제일고_2학기_중간_고1_기출.js_1,original/high/h1/2mid/22_제일고_2학기_중간_고1_기출.js_1,original/high/h1/2mid/22_제일고_2학기_중간_고1_기출.js,original/high/h1/2mid/22_제일고_2학기_중간_고1_기출.js,1,1,1,2022,2,mid,제일고,2015,수학(상),H15-SA-12,도형의 이동,H22-C2-04,도형의 이동,H15-SA-12-COMPOSITE_TRANSFORMATION,합성 변환,forward_standard_key,archive/question-index.js + archive/exams/original/high/h1/**/*.js,INCLUDED,ba6ebf5f5a16037aeee71bbd93a2ea3bc3da5e9b855dae4ae0924d80e5ebfe52,056f1990b3860ff43cfebb595337b3d5a8604b69c5bf994791b82c5a98f97d72,,6a03359e12876e7c796002941b7573a6a40ba2b48ffdf23b84da8c258c77b661,f004bdf38cadd4a214a0fc9276f3a300c05fe2a9c325c2a2d26784fa0e325e66,true,255,,NONE,,VISUAL_REQUIRED,INITIAL_TRIAGE_ONLY,,INVENTORIED,NOT_STARTED,NOT_TESTED,NOT_TESTED,NOT_TESTED,NOT_TESTED,NOT_TESTED,NOT_TESTED,,
h1:original/high/h1/2mid/22_제일고_2학기_중간_고1_기출.js_3,original/high/h1/2mid/22_제일고_2학기_중간_고1_기출.js_3,original/high/h1/2mid/22_제일고_2학기_중간_고1_기출.js,original/high/h1/2mid/22_제일고_2학기_중간_고1_기출.js,3,3,3,2022,2,mid,제일고,2015,수학(상),H15-SA-12,도형의 이동,H22-C2-04,도형의 이동,H15-SA-12-COMPOSITE_TRANSFORMATION,합성 변환,forward_standard_key,archive/question-index.js + archive/exams/original/high/h1/**/*.js,INCLUDED,b21369b8312cee3fcab1fcad445a82a633f6906df48d3dd7e7e5c73fdbd03fd3,a67cf31009845511225c04d8c5f368bb93b96e4db6ce1beb23a264681df093fa,,e3ef22711d7ddeb7594cdede2db53612aa5b52467309596c18d6d74b26a325a9,c93b253965cc0681dfc8e7eec822645253719be5613ed7a367acd568ef299a09,true,471,assets/images/22_제일고_2학기_중간_고1_기출/q03-solution.svg,EXISTS,4b1ffe6657a8f82e244befcab574dfbb9661e75744caf4ad683c1f2abb9aec07,VISUAL_REQUIRED,INITIAL_TRIAGE_ONLY,,INVENTORIED,NOT_STARTED,NOT_TESTED,NOT_TESTED,NOT_TESTED,NOT_TESTED,NOT_TESTED,NOT_TESTED,,
h1:original/high/h1/2mid/22_제일고_2학기_중간_고1_기출.js_5,original/high/h1/2mid/22_제일고_2학기_중간_고1_기출.js_5,original/high/h1/2mid/22_제일고_2학기_중간_고1_기출.js,original/high/h1/2mid/22_제일고_2학기_중간_고1_기출.js,5,5,5,2022,2,mid,제일고,2015,수학(상),H15-SA-12,도형의 이동,H22-C2-04,도형의 이동,H15-SA-12-COMPOSITE_TRANSFORMATION,합성 변환,forward_standard_key,archive/question-index.js + archive/exams/original/high/h1/**/*.js,INCLUDED,c2e28c74a209f081d864eaaab7373b5407217770a385296b9bbcb7cbc1dcb78b,b46e35847ece0b6ae0d0e17be6e93064bfe40d1a50a559d9463c29b24f665ebf,,f9bb13a11ac452d74fcfad31b3eb71ae86117a08d2a099e4363dd74cb1b94ddd,f2352979b62a89bc640c88e2db1e9ff20a69fd94d8dc2a8544280e1e5a14a716,true,398,assets/images/22_제일고_2학기_중간_고1_기출/q05-solution.svg,EXISTS,317fe98bdf704de36bdd76aa57a86b15bc6c659c9a9e7a1f69fe164919463e74,VISUAL_REQUIRED,INITIAL_TRIAGE_ONLY,,INVENTORIED,NOT_STARTED,NOT_TESTED,NOT_TESTED,NOT_TESTED,NOT_TESTED,NOT_TESTED,NOT_TESTED,,
h1:original/high/h1/2mid/22_제일고_2학기_중간_고1_기출.js_17,original/high/h1/2mid/22_제일고_2학기_중간_고1_기출.js_17,original/high/h1/2mid/22_제일고_2학기_중간_고1_기출.js,original/high/h1/2mid/22_제일고_2학기_중간_고1_기출.js,17,17,17,2022,2,mid,제일고,2015,수학(상),H15-SA-12,도형의 이동,H22-C2-04,도형의 이동,H15-SA-12-COMPOSITE_TRANSFORMATION,합성 변환,forward_standard_key,archive/question-index.js + archive/exams/original/high/h1/**/*.js,INCLUDED,8072a113f757a61d5d9588080adaee1f65381b6b80726630e707278736a2d415,eca797a089e41acd99f0c51f4faa3b803d473fc8e006a5ae730b8df1e39da41a,,5cff93025be44260e9794912f06d39c4187e99c8e2d9b3c96f3bb64dd1ebaa40,e3a8c604f8b1adb6839851d4e4bc23a53033e180269e8c7c395008e09bdd2fd7,true,336,assets/images/22_제일고_2학기_중간_고1_기출/q17-solution.svg,EXISTS,c8258e6dcde7ccfe36f8b6cac5fd99d3ae00aef932e6b28bf4aa789768f5e2fc,VISUAL_REQUIRED,INITIAL_TRIAGE_ONLY,,INVENTORIED,NOT_STARTED,NOT_TESTED,NOT_TESTED,NOT_TESTED,NOT_TESTED,NOT_TESTED,NOT_TESTED,,
h1:original/high/h1/2mid/22_효천고_2학기_중간_고1_기출.js_1,original/high/h1/2mid/22_효천고_2학기_중간_고1_기출.js_1,original/high/h1/2mid/22_효천고_2학기_중간_고1_기출.js,original/high/h1/2mid/22_효천고_2학기_중간_고1_기출.js,1,1,1,2022,2,mid,효천고,2015,수학(상),H15-SA-12,도형의 이동,H22-C2-04,도형의 이동,H15-SA-12-COMPOSITE_TRANSFORMATION,합성 변환,forward_standard_key,archive/question-index.js + archive/exams/original/high/h1/**/*.js,INCLUDED,f50799f73a8ec49929696c6c7ff2f4ad7b41ea1b70e77f36dc02aa82a161b58e,2673175f75860ec7a20a7a11f8a48b4374df52341e7febcfaedaea48485b2a08,,81641753ce75c37a3a44799c547d826ab591b7d3e2bc3caee95ef588db6e8ef5,8109f0891d38ee5306078135549f10bf1253597c0a7fbd7de4a547c92e67de5c,true,232,,NONE,,VISUAL_REQUIRED,INITIAL_TRIAGE_ONLY,,INVENTORIED,NOT_STARTED,NOT_TESTED,NOT_TESTED,NOT_TESTED,NOT_TESTED,NOT_TESTED,NOT_TESTED,,
h1:original/high/h1/2mid/22_효천고_2학기_중간_고1_기출.js_13,original/high/h1/2mid/22_효천고_2학기_중간_고1_기출.js_13,original/high/h1/2mid/22_효천고_2학기_중간_고1_기출.js,original/high/h1/2mid/22_효천고_2학기_중간_고1_기출.js,13,13,13,2022,2,mid,효천고,2015,수학(상),H15-SA-12,도형의 이동,H22-C2-04,도형의 이동,H15-SA-12-COMPOSITE_TRANSFORMATION,합성 변환,forward_standard_key,archive/question-index.js + archive/exams/original/high/h1/**/*.js,INCLUDED,2ddff7b388a710e448ef8784e7f0cb3d08a26150d13ba08dd08fe60e070576de,05e7d4b4d733dfefac7cc87407104e412fd63c7e7c7cdd0f9602643eb77d5386,,02ac4d845091e28e858cbd6e5f643a04f6621a98484a18b5e88ea58084c1a054,35b134ddb2d1878df69c65b9d07375c9942cc6e1a2f1a80bc5fa734833066e68,true,492,assets/images/22_효천고_2학기_중간_고1_기출/q13-solution.svg,EXISTS,a492d84393d4cfdc62d366054862cac2c0624db1296d5da483af72289357c96c,VISUAL_REQUIRED,INITIAL_TRIAGE_ONLY,,INVENTORIED,NOT_STARTED,NOT_TESTED,NOT_TESTED,NOT_TESTED,NOT_TESTED,NOT_TESTED,NOT_TESTED,,
h1:original/high/h1/2mid/22_효천고_2학기_중간_고1_기출.js_17,original/high/h1/2mid/22_효천고_2학기_중간_고1_기출.js_17,original/high/h1/2mid/22_효천고_2학기_중간_고1_기출.js,original/high/h1/2mid/22_효천고_2학기_중간_고1_기출.js,17,17,17,2022,2,mid,효천고,2015,수학(상),H15-SA-12,도형의 이동,H22-C2-04,도형의 이동,H15-SA-12-COMPOSITE_TRANSFORMATION,합성 변환,forward_standard_key,archive/question-index.js + archive/exams/original/high/h1/**/*.js,INCLUDED,25d37a3193c098e4bd3eb2250695acedf33a65f261faa69092b17107db1bdd5c,c9e22a89ee6150db610e888c979e6393a6a9c345d9fd5f876d83f4ce16a0a5e6,,72bde8f931903df6fecdb310be36c7fa156984a7dccddb7d1c5e42bf5937b161,2876d04e88086c2ab7c5313691d41b17a7a31bc00e326c5e700f01ee255474a0,true,375,assets/images/22_효천고_2학기_중간_고1_기출/q17-solution.svg,EXISTS,8bcd73e1f9c879265fd0130f35d469c835fce446fcc303a5ab922778b3dea983,VISUAL_REQUIRED,INITIAL_TRIAGE_ONLY,,INVENTORIED,NOT_STARTED,NOT_TESTED,NOT_TESTED,NOT_TESTED,NOT_TESTED,NOT_TESTED,NOT_TESTED,,
h1:original/high/h1/2mid/22_효천고_2학기_중간_고1_기출.js_21,original/high/h1/2mid/22_효천고_2학기_중간_고1_기출.js_21,original/high/h1/2mid/22_효천고_2학기_중간_고1_기출.js,original/high/h1/2mid/22_효천고_2학기_중간_고1_기출.js,21,21,21,2022,2,mid,효천고,2015,수학(상),H15-SA-12,도형의 이동,H22-C2-04,도형의 이동,H15-SA-12-COMPOSITE_TRANSFORMATION,합성 변환,forward_standard_key,archive/question-index.js + archive/exams/original/high/h1/**/*.js,INCLUDED,8af00e32aa99631913efe64aedd13a41562bae05b5700a126b19e622bceef4cd,7f7ac238778aec97f2a665386a13c6ee3a102b079754e279914ff6d2e6a23069,,994bec69de21b8f3bfe99b4e49a2e6db7d6653e66721efac736b6eb190eb098d,ab72a7f3af866276350c7fef3d1a441ea9225268d9775d0177b642396a84be93,true,352,assets/images/22_효천고_2학기_중간_고1_기출/q21-solution.svg,EXISTS,101bc5debbfe722dac921b3472474dd82796fc38fcb258196e619ff860387163,VISUAL_REQUIRED,INITIAL_TRIAGE_ONLY,,INVENTORIED,NOT_STARTED,NOT_TESTED,NOT_TESTED,NOT_TESTED,NOT_TESTED,NOT_TESTED,NOT_TESTED,,
h1:original/high/h1/2mid/23_금당고_2학기_중간_고1_기출.js_1,original/high/h1/2mid/23_금당고_2학기_중간_고1_기출.js_1,original/high/h1/2mid/23_금당고_2학기_중간_고1_기출.js,original/high/h1/2mid/23_금당고_2학기_중간_고1_기출.js,1,1,1,2023,2,mid,금당고,2015,수학(상),H15-SA-12,도형의 이동,H22-C2-04,도형의 이동,H15-SA-12-COMPOSITE_TRANSFORMATION,합성 변환,forward_standard_key,archive/question-index.js + archive/exams/original/high/h1/**/*.js,INCLUDED,0a2f75f029258080a7579499f70e35a7d9a5481a5437d08e3f4c6b7d13f1c396,301768ea4b76bfc6227c4159f1bafbd09431fd774d7e9588614a281e43b70516,,cc326bcf694663442bb4e58c09c0d2d9289893ff88c359d7ba2ec7f289e6fc7e,99bac194191e0c29763b148fef0214f2bc0654f0199e25070f14fdc366d47032,true,197,,NONE,,VISUAL_REQUIRED,INITIAL_TRIAGE_ONLY,,INVENTORIED,NOT_STARTED,NOT_TESTED,NOT_TESTED,NOT_TESTED,NOT_TESTED,NOT_TESTED,NOT_TESTED,,
h1:original/high/h1/2mid/23_금당고_2학기_중간_고1_기출.js_2,original/high/h1/2mid/23_금당고_2학기_중간_고1_기출.js_2,original/high/h1/2mid/23_금당고_2학기_중간_고1_기출.js,original/high/h1/2mid/23_금당고_2학기_중간_고1_기출.js,2,2,2,2023,2,mid,금당고,2015,수학(상),H15-SA-12,도형의 이동,H22-C2-04,도형의 이동,H15-SA-12-COMPOSITE_TRANSFORMATION,합성 변환,forward_standard_key,archive/question-index.js + archive/exams/original/high/h1/**/*.js,INCLUDED,a9d05920aa96a6535bb5309e992c93bbc5358579cb74c9f4c7191da9ffb1a8b8,58695e0a1a62ee503e3e99dc249fef29c707912094c838fd06174e68c45d56ac,,b1f696d2692a8cea0456fe4c108a2eb9e775df315eeb110b11e4ed69499b7b69,01b36bb16329d0c5c6df20a347b038db0006876743a0d4636532685c48a46b40,true,282,,NONE,,VISUAL_REQUIRED,INITIAL_TRIAGE_ONLY,,INVENTORIED,NOT_STARTED,NOT_TESTED,NOT_TESTED,NOT_TESTED,NOT_TESTED,NOT_TESTED,NOT_TESTED,,
h1:original/high/h1/2mid/23_금당고_2학기_중간_고1_기출.js_7,original/high/h1/2mid/23_금당고_2학기_중간_고1_기출.js_7,original/high/h1/2mid/23_금당고_2학기_중간_고1_기출.js,original/high/h1/2mid/23_금당고_2학기_중간_고1_기출.js,7,7,7,2023,2,mid,금당고,2015,수학(상),H15-SA-12,도형의 이동,H22-C2-04,도형의 이동,H15-SA-12-COMPOSITE_TRANSFORMATION,합성 변환,forward_standard_key,archive/question-index.js + archive/exams/original/high/h1/**/*.js,INCLUDED,ede31d93dde5d14312c585ac87d7102849f61b6d7f69d072235710ffdb0ea5fa,e67bd46fcc5d2e46de0d92632f406f4bc1bc63f22db2350de41d0248681ae294,,27ee23af3c4b323cadbdfee5cd05531994bfda8e6d47b6b4c3f5efe163b8926f,0c8a28b4a7f875411fe990d5d5abde9c065106688cfd2ab9b4beb2290aacf446,true,304,,NONE,,VISUAL_REQUIRED,INITIAL_TRIAGE_ONLY,,INVENTORIED,NOT_STARTED,NOT_TESTED,NOT_TESTED,NOT_TESTED,NOT_TESTED,NOT_TESTED,NOT_TESTED,,
h1:original/high/h1/2mid/23_금당고_2학기_중간_고1_기출.js_12,original/high/h1/2mid/23_금당고_2학기_중간_고1_기출.js_12,original/high/h1/2mid/23_금당고_2학기_중간_고1_기출.js,original/high/h1/2mid/23_금당고_2학기_중간_고1_기출.js,12,12,12,2023,2,mid,금당고,2015,수학(상),H15-SA-12,도형의 이동,H22-C2-04,도형의 이동,H15-SA-12-COMPOSITE_TRANSFORMATION,합성 변환,forward_standard_key,archive/question-index.js + archive/exams/original/high/h1/**/*.js,INCLUDED,2f7fe148863447e68a6d7e00e15ea25d26364641592d4ef5cf7609701d8d9201,63f4aa16eb75c8f514c03ff3f084ced6ffff8d978e1b0c0a0d37d72b9beb2e80,,0ec5532091a491d100da2b33f6e53d107696842c33f9808be10908fdbff31329,bd0cd89139504ccbe54ba70a2c0926b4ee01deff857c24f1c1cf9fb47a426f3f,true,316,assets/images/23_금당고_2학기_중간_고1_기출/q12-solution.svg,EXISTS,3b0c1b9403331d064e2da7a222748e8e440358b89ae646f8b21e6f234c22ea24,VISUAL_REQUIRED,INITIAL_TRIAGE_ONLY,,INVENTORIED,NOT_STARTED,NOT_TESTED,NOT_TESTED,NOT_TESTED,NOT_TESTED,NOT_TESTED,NOT_TESTED,,
h1:original/high/h1/2mid/23_금당고_2학기_중간_고1_기출.js_16,original/high/h1/2mid/23_금당고_2학기_중간_고1_기출.js_16,original/high/h1/2mid/23_금당고_2학기_중간_고1_기출.js,original/high/h1/2mid/23_금당고_2학기_중간_고1_기출.js,16,16,16,2023,2,mid,금당고,2015,수학(상),H15-SA-12,도형의 이동,H22-C2-04,도형의 이동,H15-SA-12-COMPOSITE_TRANSFORMATION,합성 변환,forward_standard_key,archive/question-index.js + archive/exams/original/high/h1/**/*.js,INCLUDED,d840d5741e070882997f639029295e18a38e5ac912cde6e181f859c82bdb97f4,de9ea2a946fa54d230db7ac4f91fbaa09b069e8f5a4001c180c70e8ce44321db,,1232493f4e6682be882bd4691e0efe670589c4b7ff53071579b601865dd496fb,b541422ee912d27885edba03e2d5a4b523912c460882d914bf2fd2bd6ca5c4a6,true,479,assets/images/23_금당고_2학기_중간_고1_기출/q16-solution.svg,EXISTS,cde7941cc0daa43b979ea00f97dbeea919177039bd20c3cffcd1444ad15bffeb,VISUAL_REQUIRED,INITIAL_TRIAGE_ONLY,,INVENTORIED,NOT_STARTED,NOT_TESTED,NOT_TESTED,NOT_TESTED,NOT_TESTED,NOT_TESTED,NOT_TESTED,,
h1:original/high/h1/2mid/23_금당고_2학기_중간_고1_기출.js_18,original/high/h1/2mid/23_금당고_2학기_중간_고1_기출.js_18,original/high/h1/2mid/23_금당고_2학기_중간_고1_기출.js,original/high/h1/2mid/23_금당고_2학기_중간_고1_기출.js,18,18,18,2023,2,mid,금당고,2015,수학(상),H15-SA-12,도형의 이동,H22-C2-04,도형의 이동,H15-SA-12-COMPOSITE_TRANSFORMATION,합성 변환,forward_standard_key,archive/question-index.js + archive/exams/original/high/h1/**/*.js,INCLUDED,c3f1e6071df8755544850ef0ee0cbd48051e7e00b6441b4e2f58f289fa25c96e,84d5bd0ad3937ae8bbccea72056eae0e60b3ea244b91b46e7622c0790dfdd834,,998f6e8773a3359535a924671cbf7f5d2d6168303752e8567d2d3629b49b8fce,c1790d39b96ee44f4eca0ad36c63a85e1af4cc57b8a550c9d0e50f428be62299,true,564,assets/images/23_금당고_2학기_중간_고1_기출/q18-solution.svg,EXISTS,14bd2434007777e7feea1282d62602069f40141c92c0c44beb89738ae34fa302,VISUAL_REQUIRED,INITIAL_TRIAGE_ONLY,,INVENTORIED,NOT_STARTED,NOT_TESTED,NOT_TESTED,NOT_TESTED,NOT_TESTED,NOT_TESTED,NOT_TESTED,,
h1:original/high/h1/2mid/23_금당고_2학기_중간_고1_기출.js_21,original/high/h1/2mid/23_금당고_2학기_중간_고1_기출.js_21,original/high/h1/2mid/23_금당고_2학기_중간_고1_기출.js,original/high/h1/2mid/23_금당고_2학기_중간_고1_기출.js,21,21,21,2023,2,mid,금당고,2015,수학(상),H15-SA-11,원의 방정식,H22-C2-03,원의 방정식,H15-SA-11-INTERSECTION,원과 직선·원의 교점,forward_standard_key,archive/question-index.js + archive/exams/original/high/h1/**/*.js,INCLUDED,43e25d0e31b7d85c02c7e9fd8d4bd995e356f908fd4559c006b9bda715b5dd80,a6c82e9917634d6d3e698667c646e40fc3d76adc55964b3c2867b3e11e1ffe91,,87f279186cbe3ee2d7c061c50c5b755dbff66cd90b4bc0f26039dcb039978407,970f5fdd8fef0d3c45544daaa87854bad192106a55968d0b4d4e530090d99f13,true,1201,assets/images/23_금당고_2학기_중간_고1_기출/q21-solution.svg,EXISTS,d1123657756ab05a894add68078b5026dadd90e6306e7d5b34df91d3a578898d,VISUAL_REQUIRED,INITIAL_TRIAGE_ONLY,,INVENTORIED,NOT_STARTED,NOT_TESTED,NOT_TESTED,NOT_TESTED,NOT_TESTED,NOT_TESTED,NOT_TESTED,,
h1:original/high/h1/2mid/23_매산여고_2학기_중간_고1_기출.js_11,original/high/h1/2mid/23_매산여고_2학기_중간_고1_기출.js_11,original/high/h1/2mid/23_매산여고_2학기_중간_고1_기출.js,original/high/h1/2mid/23_매산여고_2학기_중간_고1_기출.js,11,11,11,2023,2,mid,매산여고,2015,수학(상),H15-SA-12,도형의 이동,H22-C2-04,도형의 이동,,,forward_standard_key,archive/question-index.js + archive/exams/original/high/h1/**/*.js,INCLUDED,a37f4ece9951f01646a84f6091a443c163f269dbca8142de97558e0110197344,c113288da12e2b8565ae52d299eca5b8c97dd1ca8ee0ed06d570761016b3423f,,9bfe2cb427cfb3331da9395bfd7b51379266a3ede9794d88beb09244e525e5c1,e8fa5e706bb1dba4269edc95a75c4f34c6f2e2e31ba27aace3659d376878cdcf,true,183,,NONE,,VISUAL_REQUIRED,INITIAL_TRIAGE_ONLY,,INVENTORIED,NOT_STARTED,NOT_TESTED,NOT_TESTED,NOT_TESTED,NOT_TESTED,NOT_TESTED,NOT_TESTED,,
h1:original/high/h1/2mid/23_매산여고_2학기_중간_고1_기출.js_12,original/high/h1/2mid/23_매산여고_2학기_중간_고1_기출.js_12,original/high/h1/2mid/23_매산여고_2학기_중간_고1_기출.js,original/high/h1/2mid/23_매산여고_2학기_중간_고1_기출.js,12,12,12,2023,2,mid,매산여고,2015,수학(상),H15-SA-12,도형의 이동,H22-C2-04,도형의 이동,,,forward_standard_key,archive/question-index.js + archive/exams/original/high/h1/**/*.js,INCLUDED,ce6e11f14f8739c944b7c20e936702bac238fc52a6f9a3e0395cda810e3317d9,1c04061c46d0f3facb3037d3d59e0279070b0c0eb0877acbacac40714aff08a4,,124c69ab6f613b9787727fbad1c1ab5321655192f61e9bc2c92f252b321f3af5,1452b6ea76277d5036710367f5c4ba931f3012612f004c34b0d7d0e21a8482aa,true,454,assets/images/23_매산여고_2학기_중간_고1_기출/q12-solution.svg,EXISTS,d524d006b0dc0e4cd2cf99a140dd2783e66b35f44c9ae2cb6df6ae0428878553,VISUAL_REQUIRED,INITIAL_TRIAGE_ONLY,,INVENTORIED,NOT_STARTED,NOT_TESTED,NOT_TESTED,NOT_TESTED,NOT_TESTED,NOT_TESTED,NOT_TESTED,,
h1:original/high/h1/2mid/23_매산여고_2학기_중간_고1_기출.js_15,original/high/h1/2mid/23_매산여고_2학기_중간_고1_기출.js_15,original/high/h1/2mid/23_매산여고_2학기_중간_고1_기출.js,original/high/h1/2mid/23_매산여고_2학기_중간_고1_기출.js,15,15,15,2023,2,mid,매산여고,2015,수학(상),H15-SA-12,도형의 이동,H22-C2-04,도형의 이동,,,forward_standard_key,archive/question-index.js + archive/exams/original/high/h1/**/*.js,INCLUDED,610a024190b4619390932baa73e235412ea43634e1eac09fc3b1088714ae56e4,2c2bfaa240b5183b38ff98fb0b5d60e3ae5ab6c96f7817c9a2fd7805e899879b,,21802dbcb709cf25bad902499f11cbf393ad95f17bf973d044d0f7e4d1665d68,8e9d250945899db76efda9559d79861a58942b6b7aa56fae8525832f9dfa19b6,true,302,assets/images/23_매산여고_2학기_중간_고1_기출/q15-solution.svg,EXISTS,2e918d0895daa99ef8996466d007830e51a972778ea14652c04fce40440422a3,VISUAL_REQUIRED,INITIAL_TRIAGE_ONLY,,INVENTORIED,NOT_STARTED,NOT_TESTED,NOT_TESTED,NOT_TESTED,NOT_TESTED,NOT_TESTED,NOT_TESTED,,
h1:original/high/h1/2mid/23_매산여고_2학기_중간_고1_기출.js_16,original/high/h1/2mid/23_매산여고_2학기_중간_고1_기출.js_16,original/high/h1/2mid/23_매산여고_2학기_중간_고1_기출.js,original/high/h1/2mid/23_매산여고_2학기_중간_고1_기출.js,16,16,16,2023,2,mid,매산여고,2015,수학(상),H15-SA-12,도형의 이동,H22-C2-04,도형의 이동,,,forward_standard_key,archive/question-index.js + archive/exams/original/high/h1/**/*.js,INCLUDED,9b977406e9b469c4e2d85072ea171d3bbfd516f06e87f2ae91b0b0e6d00741e5,7be0fd2c59e303edeb40c1b0921b50c190a89cb5c4adee0be1857e572375e548,,4024ab1fe0c72c614d2f4358979462aded8df6a6826276c01b6ecf697d64b604,788da9e308f11ee2c6965ec90e87822e5273c75201092ef78b792a52c97bb953,true,505,assets/images/23_매산여고_2학기_중간_고1_기출/q16-solution.svg,EXISTS,d7f0cf43f9220d7d6cb8d61e56bd8e54fcf7624c7cdbc75a6bbd6718128f976d,VISUAL_REQUIRED,INITIAL_TRIAGE_ONLY,,INVENTORIED,NOT_STARTED,NOT_TESTED,NOT_TESTED,NOT_TESTED,NOT_TESTED,NOT_TESTED,NOT_TESTED,,
h1:original/high/h1/2mid/23_매산여고_2학기_중간_고1_기출.js_21,original/high/h1/2mid/23_매산여고_2학기_중간_고1_기출.js_21,original/high/h1/2mid/23_매산여고_2학기_중간_고1_기출.js,original/high/h1/2mid/23_매산여고_2학기_중간_고1_기출.js,21,21,21,2023,2,mid,매산여고,2015,수학(상),H15-SA-12,도형의 이동,H22-C2-04,도형의 이동,,,forward_standard_key,archive/question-index.js + archive/exams/original/high/h1/**/*.js,INCLUDED,6cd6d8e7023f3732a0186a4dd4d2b5f433ee8fd3b6be82f6f912f4767e19597c,268425f74024e6b0d9ea8352eaf4fd3a867c167109797a426320efe3f7d26371,,cf853fc9bfb7379687dc9347e8f870dfbd6756903899472e1b8cb53163af3a7f,3983616e2e3f26095d1c0ecf4df2083842fd668d9cdb0640cbacef1f1df880d0,true,284,assets/images/23_매산여고_2학기_중간_고1_기출/q21-solution.svg,EXISTS,246f152dc56d548251da5b3ae293a4c0049ee2de400d0f42bd70d0c8dd2f7ffd,VISUAL_REQUIRED,INITIAL_TRIAGE_ONLY,,INVENTORIED,NOT_STARTED,NOT_TESTED,NOT_TESTED,NOT_TESTED,NOT_TESTED,NOT_TESTED,NOT_TESTED,,
h1:original/high/h1/2mid/23_순천여고_2학기_중간_고1_기출.js_13,original/high/h1/2mid/23_순천여고_2학기_중간_고1_기출.js_13,original/high/h1/2mid/23_순천여고_2학기_중간_고1_기출.js,original/high/h1/2mid/23_순천여고_2학기_중간_고1_기출.js,13,13,13,2023,2,mid,순천여고,2015,수학(상),H15-SA-11,원의 방정식,H22-C2-03,원의 방정식,H15-SA-11-INTERSECTION,원과 직선·원의 교점,forward_standard_key,archive/question-index.js + archive/exams/original/high/h1/**/*.js,INCLUDED,e7ff1d4419e7e45287582d2c98ddb30cf6d8821126b047f381c84bbff9251777,10f147ece92d7bc5ba732acb059b439166e8587c429b07129691a0200a67429b,,0a90e95b6086d51c9bc8af0d3715e92aba74c59ce6d49b5c4cb6a44bbf981598,9fcf7927b1aae2be69dd241557ede1fae857985169342d714bd862bbbfc2a185,true,468,assets/images/23_순천여고_2학기_중간_고1_기출/q13-solution.svg,EXISTS,87e92e30593bf76d5590d9df6f8bc993bbaf818bac52802b06196ccd60afca7e,VISUAL_REQUIRED,INITIAL_TRIAGE_ONLY,,INVENTORIED,NOT_STARTED,NOT_TESTED,NOT_TESTED,NOT_TESTED,NOT_TESTED,NOT_TESTED,NOT_TESTED,,
h1:original/high/h1/2mid/23_순천여고_2학기_중간_고1_기출.js_16,original/high/h1/2mid/23_순천여고_2학기_중간_고1_기출.js_16,original/high/h1/2mid/23_순천여고_2학기_중간_고1_기출.js,original/high/h1/2mid/23_순천여고_2학기_중간_고1_기출.js,16,16,16,2023,2,mid,순천여고,2015,수학(상),H15-SA-09,평면좌표,H22-C2-01,평면좌표,H15-SA-09-COORDINATE_METRIC,좌표와 거리,forward_standard_key,archive/question-index.js + archive/exams/original/high/h1/**/*.js,INCLUDED,1958a22b504ab5b8c17ffd4047363d0d08a1b1262da68290c67afbce0506ccd3,de076b035649db9cb285b2479a8c0e55925d660f38a0192e577f81b7f06761bb,,ae32e875dde547533032d1967c0ad34bdd07e3e75e0adc26d72280a2c88e94a7,75940be840e0c84359def34b2c1dce6c6c2a6243f2e46defab792e7b73951a4e,true,429,,NONE,,REVIEW_REQUIRED,INITIAL_TRIAGE_ONLY,,INVENTORIED,NOT_STARTED,NOT_TESTED,NOT_TESTED,NOT_TESTED,NOT_TESTED,NOT_TESTED,NOT_TESTED,,
h1:original/high/h1/2mid/23_순천여고_2학기_중간_고1_기출.js_17,original/high/h1/2mid/23_순천여고_2학기_중간_고1_기출.js_17,original/high/h1/2mid/23_순천여고_2학기_중간_고1_기출.js,original/high/h1/2mid/23_순천여고_2학기_중간_고1_기출.js,17,17,17,2023,2,mid,순천여고,2015,수학(상),H15-SA-11,원의 방정식,H22-C2-03,원의 방정식,H15-SA-11-CIRCLE_EQUATION,원의 방정식,forward_standard_key,archive/question-index.js + archive/exams/original/high/h1/**/*.js,INCLUDED,b7e88d07dbf87cd12ab445216b63fa08215d1c05d84468a78fcadc68312c0f92,5d02862584ee57e473afc3fd9749804bf2546f25261c9c038f01d25767c5952b,,0e22511668b820f457aa73b8a743866f511cb104b13d6580c2ef51b1aa6d6c30,8546ea8841f0e7da0998a0f68180b46a77abaf95de6ce85747eab7704fd25014,true,461,assets/images/23_순천여고_2학기_중간_고1_기출/q17-solution.svg,EXISTS,959f6a976aca979df0c1070c7ab68866c895e5e9534c9b33c06d87279d368bc6,VISUAL_REQUIRED,INITIAL_TRIAGE_ONLY,,INVENTORIED,NOT_STARTED,NOT_TESTED,NOT_TESTED,NOT_TESTED,NOT_TESTED,NOT_TESTED,NOT_TESTED,,
h1:original/high/h1/2mid/23_팔마고_2학기_중간_고1_기출.js_3,original/high/h1/2mid/23_팔마고_2학기_중간_고1_기출.js_3,original/high/h1/2mid/23_팔마고_2학기_중간_고1_기출.js,original/high/h1/2mid/23_팔마고_2학기_중간_고1_기출.js,3,3,3,2023,2,mid,팔마고,2015,수학(상),H15-SA-12,도형의 이동,H22-C2-04,도형의 이동,H15-SA-12-COMPOSITE_TRANSFORMATION,합성 변환,forward_standard_key,archive/question-index.js + archive/exams/original/high/h1/**/*.js,INCLUDED,c85a7bc1c445834dfeefc37e1963e0e500c2dd35ab1dd4236974bfc085a2d092,868570e6ccdd15a5a4caea0b500656caf2cbc6e9b4442838a3e9b5621911261a,,4cc2050e697f6978273898f1285b5569ac30200eaae6695eece62b898125055a,751a1bee8c308b8b2e72bbc7102a8b589ec31e147e90a043ff961c353c31eea3,true,199,,NONE,,VISUAL_REQUIRED,INITIAL_TRIAGE_ONLY,,INVENTORIED,NOT_STARTED,NOT_TESTED,NOT_TESTED,NOT_TESTED,NOT_TESTED,NOT_TESTED,NOT_TESTED,,
h1:original/high/h1/2mid/23_팔마고_2학기_중간_고1_기출.js_7,original/high/h1/2mid/23_팔마고_2학기_중간_고1_기출.js_7,original/high/h1/2mid/23_팔마고_2학기_중간_고1_기출.js,original/high/h1/2mid/23_팔마고_2학기_중간_고1_기출.js,7,7,7,2023,2,mid,팔마고,2015,수학(상),H15-SA-12,도형의 이동,H22-C2-04,도형의 이동,H15-SA-12-COMPOSITE_TRANSFORMATION,합성 변환,forward_standard_key,archive/question-index.js + archive/exams/original/high/h1/**/*.js,INCLUDED,6301306d8ec7e9366e23974dfe18d6f96d7ea76e63faf2b6a93816d15abd98a2,50303ef41ca29ff37bb1ab07d077dfb0cd88613fb9fff50823c6b30b2c4a3d41,,a15a12ba1e5ed26c038cecc9a86b58924d219acaf1f0e7be24a37435d2458083,b97468821c7dc995bbe96382d36a1c3ee7c6e804d022396e40cbfb27539c19d7,true,273,assets/images/23_팔마고_2학기_중간_고1_기출/q07-solution.svg,EXISTS,d3f376768e2a9f61eeebbab0edd9a1a17a6b0146972b219bd26247dc41666fda,VISUAL_REQUIRED,INITIAL_TRIAGE_ONLY,,INVENTORIED,NOT_STARTED,NOT_TESTED,NOT_TESTED,NOT_TESTED,NOT_TESTED,NOT_TESTED,NOT_TESTED,,
h1:original/high/h1/2mid/23_팔마고_2학기_중간_고1_기출.js_13,original/high/h1/2mid/23_팔마고_2학기_중간_고1_기출.js_13,original/high/h1/2mid/23_팔마고_2학기_중간_고1_기출.js,original/high/h1/2mid/23_팔마고_2학기_중간_고1_기출.js,13,13,13,2023,2,mid,팔마고,2015,수학(상),H15-SA-12,도형의 이동,H22-C2-04,도형의 이동,H15-SA-12-COMPOSITE_TRANSFORMATION,합성 변환,forward_standard_key,archive/question-index.js + archive/exams/original/high/h1/**/*.js,INCLUDED,cb9349d98f9cb2f909a94bcd976244577ec178903d9eefc30e1ac71bb4f55534,de4426059ec95e2dcc729e4ced3d6c8a2e35ff1158f933bb9efe2a71b1226701,,b2c1af3a09ecccbb0ca2468ecbcc4d970b29e1c9d4a0f99a2390fb14204f1414,f808721bdff57196a8e6c27fbb9ebd2a0d8de1c2b0d5273d3ac24bf858955892,true,409,assets/images/23_팔마고_2학기_중간_고1_기출/q13-solution.svg,EXISTS,333d18b3ed407306a2356161ff375a7817e97b3176941216946967045df94b44,VISUAL_REQUIRED,INITIAL_TRIAGE_ONLY,,INVENTORIED,NOT_STARTED,NOT_TESTED,NOT_TESTED,NOT_TESTED,NOT_TESTED,NOT_TESTED,NOT_TESTED,,
h1:original/high/h1/2mid/23_팔마고_2학기_중간_고1_기출.js_15,original/high/h1/2mid/23_팔마고_2학기_중간_고1_기출.js_15,original/high/h1/2mid/23_팔마고_2학기_중간_고1_기출.js,original/high/h1/2mid/23_팔마고_2학기_중간_고1_기출.js,15,15,15,2023,2,mid,팔마고,2015,수학(상),H15-SA-11,원의 방정식,H22-C2-03,원의 방정식,H15-SA-11-INTERSECTION,원과 직선·원의 교점,forward_standard_key,archive/question-index.js + archive/exams/original/high/h1/**/*.js,INCLUDED,2db10ee26cfba6be78a5c7fa253e1606c22aab22128115fcfdc81e14e3294ef9,809fe98ae1520a994135bbc6b4ea6f762e715806e7da92c7e9302a316672887b,,b705bae1d6a3746dfbb10a9ad7c28a00a275ac7bcb1471cbeb04eb61561a1153,4af630b62a275d66b1fa2c2ce345fd0bb060f0a10ce9c0ce38aa8c121d6cc801,true,516,assets/images/23_팔마고_2학기_중간_고1_기출/q15-solution.svg,EXISTS,9b4c7bf5b2fb187b95bd0667bb1ea399ea25ef1037064c0590e53bde8832a24f,VISUAL_REQUIRED,INITIAL_TRIAGE_ONLY,,INVENTORIED,NOT_STARTED,NOT_TESTED,NOT_TESTED,NOT_TESTED,NOT_TESTED,NOT_TESTED,NOT_TESTED,,
h1:original/high/h1/2mid/23_팔마고_2학기_중간_고1_기출.js_16,original/high/h1/2mid/23_팔마고_2학기_중간_고1_기출.js_16,original/high/h1/2mid/23_팔마고_2학기_중간_고1_기출.js,original/high/h1/2mid/23_팔마고_2학기_중간_고1_기출.js,16,16,16,2023,2,mid,팔마고,2015,수학(상),H15-SA-11,원의 방정식,H22-C2-03,원의 방정식,H15-SA-11-CIRCLE_EQUATION,원의 방정식,forward_standard_key,archive/question-index.js + archive/exams/original/high/h1/**/*.js,INCLUDED,75384b07f52eec71bbcb2927e537a84ca57fda2e9e08b061020dfc3f43d9cede,334cb23e44f5bf763ca750bfbe469d802a72cd4d4609abdacd88ff26586bf27e,,16f234a8947ee70eb75f3f09e8e723e305b1fe929788e77b92dafc79a670f900,97988ef7da6f7de69a5b8ba2f3e8b09060a6e3fd7d5c0b2eae9e514683e58d2f,true,387,assets/images/23_팔마고_2학기_중간_고1_기출/q16-solution.svg,EXISTS,3070f307922ac38dc5596e2bab69b064669279cc87c99bd11ef48c1b2c2cfaca,VISUAL_REQUIRED,INITIAL_TRIAGE_ONLY,,INVENTORIED,NOT_STARTED,NOT_TESTED,NOT_TESTED,NOT_TESTED,NOT_TESTED,NOT_TESTED,NOT_TESTED,,
h1:original/high/h1/2mid/23_팔마고_2학기_중간_고1_기출.js_18,original/high/h1/2mid/23_팔마고_2학기_중간_고1_기출.js_18,original/high/h1/2mid/23_팔마고_2학기_중간_고1_기출.js,original/high/h1/2mid/23_팔마고_2학기_중간_고1_기출.js,18,18,18,2023,2,mid,팔마고,2015,수학(상),H15-SA-11,원의 방정식,H22-C2-03,원의 방정식,H15-SA-11-CIRCLE_EQUATION,원의 방정식,forward_standard_key,archive/question-index.js + archive/exams/original/high/h1/**/*.js,INCLUDED,366f1e97ebfc662666c80789545c56fa6eed2f302272780f9e50be3f19d20b39,9f7a01fef860aa828480712d69c5c9c97a59db935a464191b2fb55ef3f6d3630,,94385d5aaff9c8e6f54f99121e84aa2e779ada70e8f1076ae5ceec06fdaae793,9e45ae5ae03776bc538ba9535bdbe03557cc3b0801e0dbf43f4656e53d80e353,true,421,assets/images/23_팔마고_2학기_중간_고1_기출/q18-solution.svg,EXISTS,e9f2880d3fd91379a1363cbb3874bb823f7ba393aa792d173f2b9c41ec3da040,VISUAL_REQUIRED,INITIAL_TRIAGE_ONLY,,INVENTORIED,NOT_STARTED,NOT_TESTED,NOT_TESTED,NOT_TESTED,NOT_TESTED,NOT_TESTED,NOT_TESTED,,
h1:original/high/h1/2mid/23_팔마고_2학기_중간_고1_기출.js_20,original/high/h1/2mid/23_팔마고_2학기_중간_고1_기출.js_20,original/high/h1/2mid/23_팔마고_2학기_중간_고1_기출.js,original/high/h1/2mid/23_팔마고_2학기_중간_고1_기출.js,20,20,20,2023,2,mid,팔마고,2015,수학(상),H15-SA-12,도형의 이동,H22-C2-04,도형의 이동,H15-SA-12-COMPOSITE_TRANSFORMATION,합성 변환,forward_standard_key,archive/question-index.js + archive/exams/original/high/h1/**/*.js,INCLUDED,f6d9c69cdc4e2acf60c66fb2f7b70c5083368e39f548cedcbe397bafd8c2a83c,e6746f17d52e1b3bff9d9efccdc7404acd88b15b1318487d0084f15e0b7ccc0f,,1e1f1d9ef451ed660e1477eb8d6699b50722ae2e998444d2e9cca4dececeb426,004d74f1328b75deb970a7f9d02607370acdec5073caeb46e8c78c5e7747fa20,true,410,assets/images/23_팔마고_2학기_중간_고1_기출/q20-solution.svg,EXISTS,0e6ddf133c64c164719741ceadd880df584f6c36412e584a9152bcb16b1c6ce2,VISUAL_REQUIRED,INITIAL_TRIAGE_ONLY,,INVENTORIED,NOT_STARTED,NOT_TESTED,NOT_TESTED,NOT_TESTED,NOT_TESTED,NOT_TESTED,NOT_TESTED,,
h1:original/high/h1/2mid/24_금당고_2학기_중간_고1_기출.js_1,original/high/h1/2mid/24_금당고_2학기_중간_고1_기출.js_1,original/high/h1/2mid/24_금당고_2학기_중간_고1_기출.js,original/high/h1/2mid/24_금당고_2학기_중간_고1_기출.js,1,1,1,2024,2,mid,금당고,2015,수학(상),H15-SA-12,도형의 이동,H22-C2-04,도형의 이동,H15-SA-12-COMPOSITE_TRANSFORMATION,합성 변환,forward_standard_key,archive/question-index.js + archive/exams/original/high/h1/**/*.js,INCLUDED,f73ba7e92cc6212220b808c5920b4f5fdb5ffb819db71f9d579e22966e86f236,1b6de1d9e5211b2f1fd68708d283e4a1fec778f50301fa4e16ae820449e2c9d2,,8231807b168546349a54fd8c281cfb40a052474d6ff3d40dfa3a2b08d9618a07,72042cbc69a971645199cbc06cd1812e520eb1d91b40e23b1fc77c40aca961dd,true,192,,NONE,,VISUAL_REQUIRED,INITIAL_TRIAGE_ONLY,,INVENTORIED,NOT_STARTED,NOT_TESTED,NOT_TESTED,NOT_TESTED,NOT_TESTED,NOT_TESTED,NOT_TESTED,,
h1:original/high/h1/2mid/24_금당고_2학기_중간_고1_기출.js_9,original/high/h1/2mid/24_금당고_2학기_중간_고1_기출.js_9,original/high/h1/2mid/24_금당고_2학기_중간_고1_기출.js,original/high/h1/2mid/24_금당고_2학기_중간_고1_기출.js,9,9,9,2024,2,mid,금당고,2015,수학(상),H15-SA-12,도형의 이동,H22-C2-04,도형의 이동,H15-SA-12-COMPOSITE_TRANSFORMATION,합성 변환,forward_standard_key,archive/question-index.js + archive/exams/original/high/h1/**/*.js,INCLUDED,b78ec84a9a52c721ae036d9e5747e6ac4e72784ff98c35fee5ab00e8bde331aa,f83f7a418e6b27219273991099a6380094916845e74edbcb517462c711072aef,,0ec7f191b07c4aa0c276cae0e701792a0258aa1c75f247e8f21db84b51ba35aa,07d5f8dcc89428022c56c1d147d2675d6ffa5640f31453c81a4f706f0b7fdcfe,true,257,,NONE,,VISUAL_REQUIRED,INITIAL_TRIAGE_ONLY,,INVENTORIED,NOT_STARTED,NOT_TESTED,NOT_TESTED,NOT_TESTED,NOT_TESTED,NOT_TESTED,NOT_TESTED,,
h1:original/high/h1/2mid/24_금당고_2학기_중간_고1_기출.js_15,original/high/h1/2mid/24_금당고_2학기_중간_고1_기출.js_15,original/high/h1/2mid/24_금당고_2학기_중간_고1_기출.js,original/high/h1/2mid/24_금당고_2학기_중간_고1_기출.js,15,15,15,2024,2,mid,금당고,2015,수학(상),H15-SA-12,도형의 이동,H22-C2-04,도형의 이동,H15-SA-12-COMPOSITE_TRANSFORMATION,합성 변환,forward_standard_key,archive/question-index.js + archive/exams/original/high/h1/**/*.js,INCLUDED,0be6a86af3e130659e02b635f2bf09fe76fe246c3c2b43a6f83db6e3e64ae7bf,726dbc7312ebfb2669f2cba2259678301cc27ce5d5f13aa06f5010e264f5c56c,,ecae9fa9e3cc9e24d039f036f6b2ebd0af9fbfd2217b01a1e969512f89c33976,a19d7e3cd3e053eceb8845eafc3e4facf20ea6fc6c6779bd49339d9152047868,true,409,assets/images/24_금당고_2학기_중간_고1_기출/q15-solution.svg,EXISTS,130f388c9e699a82ad1ffc8eca30b0cc46a97fdaa276ae45dca126deb4b0b893,VISUAL_REQUIRED,INITIAL_TRIAGE_ONLY,,INVENTORIED,NOT_STARTED,NOT_TESTED,NOT_TESTED,NOT_TESTED,NOT_TESTED,NOT_TESTED,NOT_TESTED,,
h1:original/high/h1/2mid/24_금당고_2학기_중간_고1_기출.js_16,original/high/h1/2mid/24_금당고_2학기_중간_고1_기출.js_16,original/high/h1/2mid/24_금당고_2학기_중간_고1_기출.js,original/high/h1/2mid/24_금당고_2학기_중간_고1_기출.js,16,16,16,2024,2,mid,금당고,2015,수학(상),H15-SA-09,평면좌표,H22-C2-01,평면좌표,H15-SA-09-GEOMETRY_APPLICATION,도형의 방정식 활용,forward_standard_key,archive/question-index.js + archive/exams/original/high/h1/**/*.js,INCLUDED,fcc97a435458305c95a21a2e48bbc3921b671003cb8cf477c64284972bbc6c74,ed1c076d6138514734ea483b5fbf3355779938bc10f0b99d89b8cf08a999c63a,,959540516b222844d5023a188487b391b7b1dcb59b4064b506ddda7f1b1f0b13,b953c7dc92eb8bcebeef7b93f8b14b46bb697d973c770d151b931d9c45a0d259,true,533,assets/images/24_금당고_2학기_중간_고1_기출/q16-solution.svg,EXISTS,ea58de639c8a93ae83ef9be937aea2e815abe32d811f40a6944c59a8d68d9c0a,VISUAL_REQUIRED,INITIAL_TRIAGE_ONLY,,INVENTORIED,NOT_STARTED,NOT_TESTED,NOT_TESTED,NOT_TESTED,NOT_TESTED,NOT_TESTED,NOT_TESTED,,
h1:original/high/h1/2mid/24_금당고_2학기_중간_고1_기출.js_20,original/high/h1/2mid/24_금당고_2학기_중간_고1_기출.js_20,original/high/h1/2mid/24_금당고_2학기_중간_고1_기출.js,original/high/h1/2mid/24_금당고_2학기_중간_고1_기출.js,20,20,20,2024,2,mid,금당고,2015,수학(상),H15-SA-09,평면좌표,H22-C2-01,평면좌표,H15-SA-09-GEOMETRY_EQUATION,도형의 방정식,forward_standard_key,archive/question-index.js + archive/exams/original/high/h1/**/*.js,INCLUDED,03bbfed343aaa6fd337efd0c59008663206915a2147358550e6dcdde17d42bef,535b6e5b87316b1616cad42fb1579ae59256b8d6c1a5d1336a02cd6ad38e1af9,,ddba8f6c00ad4431d6edfa84b62405258f5fb96fc66e22e7352a64d290f06875,f9c3e0fbcef4cc38adc3db4434923a099e77c3a1242d6e53812d0870bf0c78a8,true,1071,assets/images/24_금당고_2학기_중간_고1_기출/q20-solution.svg,EXISTS,ea5ed227cd1057f0ec25fb43f33c430f0e53f323872d18f2fc89ac1497e16f32,VISUAL_REQUIRED,INITIAL_TRIAGE_ONLY,,INVENTORIED,NOT_STARTED,NOT_TESTED,NOT_TESTED,NOT_TESTED,NOT_TESTED,NOT_TESTED,NOT_TESTED,,
h1:original/high/h1/2mid/25_금당고_2학기_중간_고1_기출.js_1,original/high/h1/2mid/25_금당고_2학기_중간_고1_기출.js_1,original/high/h1/2mid/25_금당고_2학기_중간_고1_기출.js,original/high/h1/2mid/25_금당고_2학기_중간_고1_기출.js,1,1,1,2025,2,mid,금당고,2022,공통수학2,H22-C2-01,평면좌표,H22-C2-01,평면좌표,H22-C2-01-COORDINATE_METRIC,평면좌표와 거리,forward_standard_key,archive/question-index.js + archive/exams/original/high/h1/**/*.js,INCLUDED,ac21e0987e00297ec9e85b4a14aa73b8eccd08e7fa206388aaff7ce2815c6972,31798f261fc0e50e3640b305fbe9fb48b05e38189ba7d7e41c7fa1f5d1d0680a,,5c5cfefead7e23a3b5c2af24a74adb3cfa15441614fcbca93d1d833cb0282acd,94aed5114c33d463f8e955b7109de40f13cf40857925fbfa7af75a3ad4388a3b,true,189,,NONE,,VISUAL_REQUIRED,INITIAL_TRIAGE_ONLY,,INVENTORIED,NOT_STARTED,NOT_TESTED,NOT_TESTED,NOT_TESTED,NOT_TESTED,NOT_TESTED,NOT_TESTED,,
h1:original/high/h1/2mid/25_금당고_2학기_중간_고1_기출.js_2,original/high/h1/2mid/25_금당고_2학기_중간_고1_기출.js_2,original/high/h1/2mid/25_금당고_2학기_중간_고1_기출.js,original/high/h1/2mid/25_금당고_2학기_중간_고1_기출.js,2,2,2,2025,2,mid,금당고,2022,공통수학2,H22-C2-02,직선의 방정식,H22-C2-02,직선의 방정식,H22-C2-02-LINE_EQUATION,직선의 방정식,forward_standard_key,archive/question-index.js + archive/exams/original/high/h1/**/*.js,INCLUDED,3b416fcbc7a1b22ed45554aae7ff0d5efc293ea04389b1c178a2359a997c782e,0555c299a8e3cb887e816c97f9d64e863909fac65fa09ddda359978120b700db,,2c0c581442568aee888308a33009dd310fd881158e61549a820b060fdd6b69d3,6624df68b2dada33fe4c3efc9c3c4be977a560fb1aea77b52db4c8fde7450bfb,true,197,,NONE,,VISUAL_REQUIRED,INITIAL_TRIAGE_ONLY,,INVENTORIED,NOT_STARTED,NOT_TESTED,NOT_TESTED,NOT_TESTED,NOT_TESTED,NOT_TESTED,NOT_TESTED,,
h1:original/high/h1/2mid/25_금당고_2학기_중간_고1_기출.js_3,original/high/h1/2mid/25_금당고_2학기_중간_고1_기출.js_3,original/high/h1/2mid/25_금당고_2학기_중간_고1_기출.js,original/high/h1/2mid/25_금당고_2학기_중간_고1_기출.js,3,3,3,2025,2,mid,금당고,2022,공통수학2,H22-C2-03,원의 방정식,H22-C2-03,원의 방정식,H22-C2-03-CIRCLE_EQUATION,원의 방정식,forward_standard_key,archive/question-index.js + archive/exams/original/high/h1/**/*.js,INCLUDED,68f2cc80470621f84b65cbad3466c10726a5079e480d743530018b41486a1ca0,8287ca577549090281a2fd3577cca76daedd0a09e9a05a1cf6cafd52a6313cc5,,1872d24d436db34d70af100f622278ef0a9d6df7d4c25c5b7a6e56b4c3974726,796c000c0bf68ba4b475396d8a1b0e1dbbbc3b8ef28da7732c5a24f820c9ffc7,true,186,assets/images/25_금당고_2학기_중간_고1_기출/q03-solution.svg,EXISTS,c0750e8b9e658f5077dfa939bc0084a6120249a107dbbb19736b44dbcde00a70,VISUAL_REQUIRED,INITIAL_TRIAGE_ONLY,,INVENTORIED,NOT_STARTED,NOT_TESTED,NOT_TESTED,NOT_TESTED,NOT_TESTED,NOT_TESTED,NOT_TESTED,,
h1:original/high/h1/2mid/25_금당고_2학기_중간_고1_기출.js_4,original/high/h1/2mid/25_금당고_2학기_중간_고1_기출.js_4,original/high/h1/2mid/25_금당고_2학기_중간_고1_기출.js,original/high/h1/2mid/25_금당고_2학기_중간_고1_기출.js,4,4,4,2025,2,mid,금당고,2022,공통수학2,H22-C2-03,원의 방정식,H22-C2-03,원의 방정식,H22-C2-03-CIRCLE_EQUATION,원의 방정식,forward_standard_key,archive/question-index.js + archive/exams/original/high/h1/**/*.js,INCLUDED,f9b93e04f8be541b36817dc220d25381773e73998788daf7d37d3c77bd2d04fc,ec159198bb047eeb559d98656c9884e6125b4e7b51536503379168c1b6e34600,,3b336b4f81dbc312d922481e44f6f0282365ee49004852f41b0b50fa0931f508,29b90ebd74c6f108c2c5fce1078d38fbf0d24d940f2bc806db4290dff761af7f,true,310,assets/images/25_금당고_2학기_중간_고1_기출/q04-solution.svg,EXISTS,3f400b35f9ae40a54f863c98734c0c4e194ebe93345879a812084df5184a5115,VISUAL_REQUIRED,INITIAL_TRIAGE_ONLY,,INVENTORIED,NOT_STARTED,NOT_TESTED,NOT_TESTED,NOT_TESTED,NOT_TESTED,NOT_TESTED,NOT_TESTED,,
h1:original/high/h1/2mid/25_금당고_2학기_중간_고1_기출.js_5,original/high/h1/2mid/25_금당고_2학기_중간_고1_기출.js_5,original/high/h1/2mid/25_금당고_2학기_중간_고1_기출.js,original/high/h1/2mid/25_금당고_2학기_중간_고1_기출.js,5,5,5,2025,2,mid,금당고,2022,공통수학2,H22-C2-04,도형의 이동,H22-C2-04,도형의 이동,H22-C2-04-CORE,도형의 이동 핵심 개념,forward_standard_key,archive/question-index.js + archive/exams/original/high/h1/**/*.js,INCLUDED,3f20a78a073cdf4ad7967e495978e709dddaff5294a38c933f5c95a9ca04fe63,5e04a1d1930d0935ee27cc523e005bc7db16c778dad86ce1f71086ea7552451f,,7b85339ce128a5406f62430af7ec888308721622fbae6d2e4b2b738171de93e9,da34b80b0235062b8f25c1c44260cb6e5a2a28590e130006b25113b800babc40,true,192,assets/images/25_금당고_2학기_중간_고1_기출/q05-solution.svg,EXISTS,e2e511595506c8048c1275b7d20e96b8c599a64969edeca8444f5fc792902192,VISUAL_REQUIRED,INITIAL_TRIAGE_ONLY,,INVENTORIED,NOT_STARTED,NOT_TESTED,NOT_TESTED,NOT_TESTED,NOT_TESTED,NOT_TESTED,NOT_TESTED,,
h1:original/high/h1/2mid/25_금당고_2학기_중간_고1_기출.js_6,original/high/h1/2mid/25_금당고_2학기_중간_고1_기출.js_6,original/high/h1/2mid/25_금당고_2학기_중간_고1_기출.js,original/high/h1/2mid/25_금당고_2학기_중간_고1_기출.js,6,6,6,2025,2,mid,금당고,2022,공통수학2,H22-C2-04,도형의 이동,H22-C2-04,도형의 이동,H22-C2-04-CORE,도형의 이동 핵심 개념,forward_standard_key,archive/question-index.js + archive/exams/original/high/h1/**/*.js,INCLUDED,fc0387eddf8eb5f9f33afb8604e2ad2d26fe0764437646cc47d5f50c18c9ff8f,72f4fd56ba107ef72b44158d581a2f8afc30d6772fb91ba539fcc38bc16818e9,,a14b8ab6dcde695f5726948656b7ccfa3ee90073812b7f4b7c47f12844d1f486,efbe580288696adfd4f0270864b40d9e348783084a6eece4aa5285ca6175c62f,true,185,,NONE,,VISUAL_REQUIRED,INITIAL_TRIAGE_ONLY,,INVENTORIED,NOT_STARTED,NOT_TESTED,NOT_TESTED,NOT_TESTED,NOT_TESTED,NOT_TESTED,NOT_TESTED,,
h1:original/high/h1/2mid/25_금당고_2학기_중간_고1_기출.js_7,original/high/h1/2mid/25_금당고_2학기_중간_고1_기출.js_7,original/high/h1/2mid/25_금당고_2학기_중간_고1_기출.js,original/high/h1/2mid/25_금당고_2학기_중간_고1_기출.js,7,7,7,2025,2,mid,금당고,2022,공통수학2,H22-C2-01,평면좌표,H22-C2-01,평면좌표,H22-C2-01-COORDINATE_METRIC,평면좌표와 거리,forward_standard_key,archive/question-index.js + archive/exams/original/high/h1/**/*.js,INCLUDED,17a0acfa5ba8a26d58777db2b38adc3cc6df89a3ade6c212545bc0cc9263dd52,2449fcb88255b1da64ef18ed73dd4ff40bca5cf3eeabb2ff7be92dd24add69d4,,101da2c8050854b3e3e1cc7b11201280bd4b7dc8ea5ca51511805b7a69f6fb41,3b325eeeb33453ac3fbeaa2cf195bb2b88509fe12fbd5aef03f119a853f74dcc,true,248,,NONE,,REVIEW_REQUIRED,INITIAL_TRIAGE_ONLY,,INVENTORIED,NOT_STARTED,NOT_TESTED,NOT_TESTED,NOT_TESTED,NOT_TESTED,NOT_TESTED,NOT_TESTED,,
h1:original/high/h1/2mid/25_금당고_2학기_중간_고1_기출.js_8,original/high/h1/2mid/25_금당고_2학기_중간_고1_기출.js_8,original/high/h1/2mid/25_금당고_2학기_중간_고1_기출.js,original/high/h1/2mid/25_금당고_2학기_중간_고1_기출.js,8,8,8,2025,2,mid,금당고,2022,공통수학2,H22-C2-03,원의 방정식,H22-C2-03,원의 방정식,H22-C2-03-CIRCLE_EQUATION,원의 방정식,forward_standard_key,archive/question-index.js + archive/exams/original/high/h1/**/*.js,INCLUDED,a8fef723cd0b11ba1785b073aafc5ca191d62ad89b4338a0fe908689f200231d,7aded0883374d3ae9125ce2c2a4b7c1525cc6007c669643b8bad80cd6ed890af,,770fdd208ade77b2ed18d506427e936afa2fdc3d2c0fc023364bae0d43eedb0a,07dcf24887d5851a8bf5cf5f24a4707d61a3c6bd6eee556e03ccfc622948934a,true,280,assets/images/25_금당고_2학기_중간_고1_기출/q08-solution.svg,EXISTS,175871c74391cdb772e081c5354e9fd1118bcee44beb35df6060567f6da8517b,VISUAL_REQUIRED,INITIAL_TRIAGE_ONLY,,INVENTORIED,NOT_STARTED,NOT_TESTED,NOT_TESTED,NOT_TESTED,NOT_TESTED,NOT_TESTED,NOT_TESTED,,
h1:original/high/h1/2mid/25_금당고_2학기_중간_고1_기출.js_9,original/high/h1/2mid/25_금당고_2학기_중간_고1_기출.js_9,original/high/h1/2mid/25_금당고_2학기_중간_고1_기출.js,original/high/h1/2mid/25_금당고_2학기_중간_고1_기출.js,9,9,9,2025,2,mid,금당고,2022,공통수학2,H22-C2-01,평면좌표,H22-C2-01,평면좌표,H22-C2-01-COORDINATE_METRIC,평면좌표와 거리,forward_standard_key,archive/question-index.js + archive/exams/original/high/h1/**/*.js,INCLUDED,401435f4820c26f9e633efa1606a52b2883760c8d22f525cd95fc0479ca4bfef,b7b2443adc61a6c608d799352b95fffc44d4811f7906c25e8128791dca774c35,,b794ab60b6fcee4d0d0bb5469850119db02ea667374e19eceaca4c9b6ccf503a,ac0a3424413ee2919f0142eb233486cb14f36c4f5e875418ae41b83093366bfb,true,370,,NONE,,VISUAL_REQUIRED,INITIAL_TRIAGE_ONLY,,INVENTORIED,NOT_STARTED,NOT_TESTED,NOT_TESTED,NOT_TESTED,NOT_TESTED,NOT_TESTED,NOT_TESTED,,
h1:original/high/h1/2mid/25_금당고_2학기_중간_고1_기출.js_10,original/high/h1/2mid/25_금당고_2학기_중간_고1_기출.js_10,original/high/h1/2mid/25_금당고_2학기_중간_고1_기출.js,original/high/h1/2mid/25_금당고_2학기_중간_고1_기출.js,10,10,10,2025,2,mid,금당고,2022,공통수학2,H22-C2-01,평면좌표,H22-C2-01,평면좌표,H22-C2-01-COORDINATE_METRIC,평면좌표와 거리,forward_standard_key,archive/question-index.js + archive/exams/original/high/h1/**/*.js,INCLUDED,6c21aa828cb5f3b351e68088796ba058c4e713e9600234928e984e9e107794b0,43bb3b6867cb301cb9c10b5b81ff5f9a9b1d89eb025acc7203dd6478e20d671c,,de3ac932a75fb3809b01a292fa115364d3bc0e6eafc3e8101d9ef0fd250065b3,c7f829ba91df3cb529ca02240e92bcfdf57c2be3aca0f08df695b582b7b09079,true,315,assets/images/25_금당고_2학기_중간_고1_기출/q10-solution.svg,EXISTS,032daf3dc110c1bbfd25357f8ad94bda7533422d215d65c910aaab56def5d255,VISUAL_REQUIRED,INITIAL_TRIAGE_ONLY,,INVENTORIED,NOT_STARTED,NOT_TESTED,NOT_TESTED,NOT_TESTED,NOT_TESTED,NOT_TESTED,NOT_TESTED,,
h1:original/high/h1/2mid/25_금당고_2학기_중간_고1_기출.js_11,original/high/h1/2mid/25_금당고_2학기_중간_고1_기출.js_11,original/high/h1/2mid/25_금당고_2학기_중간_고1_기출.js,original/high/h1/2mid/25_금당고_2학기_중간_고1_기출.js,11,11,11,2025,2,mid,금당고,2022,공통수학2,H22-C2-03,원의 방정식,H22-C2-03,원의 방정식,H22-C2-03-CIRCLE_EQUATION,원의 방정식,forward_standard_key,archive/question-index.js + archive/exams/original/high/h1/**/*.js,INCLUDED,3397f401df4178cdfd9979e67b563024c3e9ac856e14d737f7eeb3eb03caad72,0847747129c9ccd8325df5b06e3ea83955fad994f7c9a5f622326ee14f711244,,6c2c93b3cfd051125be1727fbeb3164d47bde6e52e5dace1ea1001ef4d1d3684,81bf0118293e656c60ca0e6ca31d65ae6e20f21b79945c75a897d47524ddcf8f,true,373,assets/images/25_금당고_2학기_중간_고1_기출/q11-solution.svg,EXISTS,116ad07b4a94d8c24ccb22584108e3ca0f12fe22288f84bfe5ec479d888fb343,VISUAL_REQUIRED,INITIAL_TRIAGE_ONLY,,INVENTORIED,NOT_STARTED,NOT_TESTED,NOT_TESTED,NOT_TESTED,NOT_TESTED,NOT_TESTED,NOT_TESTED,,
h1:original/high/h1/2mid/25_금당고_2학기_중간_고1_기출.js_12,original/high/h1/2mid/25_금당고_2학기_중간_고1_기출.js_12,original/high/h1/2mid/25_금당고_2학기_중간_고1_기출.js,original/high/h1/2mid/25_금당고_2학기_중간_고1_기출.js,12,12,12,2025,2,mid,금당고,2022,공통수학2,H22-C2-03,원의 방정식,H22-C2-03,원의 방정식,H22-C2-03-CIRCLE_EQUATION,원의 방정식,forward_standard_key,archive/question-index.js + archive/exams/original/high/h1/**/*.js,INCLUDED,7b0204aff0817c42898abcd7e679f6fa58f327ef07f35185a27e8a1f35728598,1683044faa01f5bf436dd44969fdc504da63cf97873e3b18c7b59905fe139ac5,,67b4ab6b06c716f470b28d2e70ad09ffe50988acb3bb65846accb133e6df49c9,420a4e1960f5e16f166345d8b12e012029ee808937b69471c7309365b712d1be,true,377,assets/images/25_금당고_2학기_중간_고1_기출/q12-solution.svg,EXISTS,2bde984f2ce9e70dd19caa48a46a5b889350f205ada0286b669985265e1dbc05,VISUAL_REQUIRED,INITIAL_TRIAGE_ONLY,,INVENTORIED,NOT_STARTED,NOT_TESTED,NOT_TESTED,NOT_TESTED,NOT_TESTED,NOT_TESTED,NOT_TESTED,,
h1:original/high/h1/2mid/25_금당고_2학기_중간_고1_기출.js_13,original/high/h1/2mid/25_금당고_2학기_중간_고1_기출.js_13,original/high/h1/2mid/25_금당고_2학기_중간_고1_기출.js,original/high/h1/2mid/25_금당고_2학기_중간_고1_기출.js,13,13,13,2025,2,mid,금당고,2022,공통수학2,H22-C2-04,도형의 이동,H22-C2-04,도형의 이동,H22-C2-04-CORE,도형의 이동 핵심 개념,forward_standard_key,archive/question-index.js + archive/exams/original/high/h1/**/*.js,INCLUDED,77a09a6fd03b8d693ae997b6094ff23f37d12908192f1657d5541d5148ff277c,d4c683a7f314891fc62c27b1f2327ab238842a8a0451f4d61a3473c8d498ff94,,47ab6c65ea779dfca33f504b31dbb0419463260bc0371350cf05867e2a12ddf7,d79fe2c61c2504afcfed22959c855919dac892a7aba8043384d55a605d20ddbd,true,407,assets/images/25_금당고_2학기_중간_고1_기출/q13-solution.svg,EXISTS,919bbd64531453fa741214284f6f5257ec91496c95e36f50f94c9a7542446959,VISUAL_REQUIRED,INITIAL_TRIAGE_ONLY,,INVENTORIED,NOT_STARTED,NOT_TESTED,NOT_TESTED,NOT_TESTED,NOT_TESTED,NOT_TESTED,NOT_TESTED,,
h1:original/high/h1/2mid/25_금당고_2학기_중간_고1_기출.js_14,original/high/h1/2mid/25_금당고_2학기_중간_고1_기출.js_14,original/high/h1/2mid/25_금당고_2학기_중간_고1_기출.js,original/high/h1/2mid/25_금당고_2학기_중간_고1_기출.js,14,14,14,2025,2,mid,금당고,2022,공통수학2,H22-C2-02,직선의 방정식,H22-C2-02,직선의 방정식,H22-C2-02-LINE_EQUATION,직선의 방정식,forward_standard_key,archive/question-index.js + archive/exams/original/high/h1/**/*.js,INCLUDED,a2b8535c912ae1c8fbb072ac2b7b286baa8ed3dd286baf95a608231d8ea3c65f,e0c3dba27f1f2ffc54624cfc09a39213abd52dc5312746dea3965b1528988b46,,1c3a8a2094a9cdb4cbce4bea778fc8dac375db269367097f28e69d15ca85a8bc,917b26c10a4058e14ba7ff47b469b31231877f4be3092d51d25bf9cd491aee44,true,255,assets/images/25_금당고_2학기_중간_고1_기출/q14-solution.svg,EXISTS,af4b1545c45ecdb6311205301347894b106f84b7b230f99ee07f836deb7e1df5,VISUAL_REQUIRED,INITIAL_TRIAGE_ONLY,,INVENTORIED,NOT_STARTED,NOT_TESTED,NOT_TESTED,NOT_TESTED,NOT_TESTED,NOT_TESTED,NOT_TESTED,,
h1:original/high/h1/2mid/25_금당고_2학기_중간_고1_기출.js_15,original/high/h1/2mid/25_금당고_2학기_중간_고1_기출.js_15,original/high/h1/2mid/25_금당고_2학기_중간_고1_기출.js,original/high/h1/2mid/25_금당고_2학기_중간_고1_기출.js,15,15,15,2025,2,mid,금당고,2022,공통수학2,H22-C2-04,도형의 이동,H22-C2-04,도형의 이동,H22-C2-04-CORE,도형의 이동 핵심 개념,forward_standard_key,archive/question-index.js + archive/exams/original/high/h1/**/*.js,INCLUDED,eb990b19c685a86ff5427f1434ec83f7ca4ab5fb6670ce687eda203cb021e73d,59a0c8e424eb8a2a08db6efb96ed2ddb8106b3d0a381524a34d0b8c4719f78dd,,2a999327961f1f1bb0e0d56e0b5ea5ed8aea9aa0ab13ccc55b338a7fe75ea433,64bbc47b941be0e2ed0ce84b45433840e75d247709f9b2a21755e088ddea2d4f,true,378,assets/images/25_금당고_2학기_중간_고1_기출/q15-solution.svg,EXISTS,3880f0f9d20947e168672cd13beaa47c442c1379bf1335601a11c4e6a817521e,VISUAL_REQUIRED,INITIAL_TRIAGE_ONLY,,INVENTORIED,NOT_STARTED,NOT_TESTED,NOT_TESTED,NOT_TESTED,NOT_TESTED,NOT_TESTED,NOT_TESTED,,
h1:original/high/h1/2mid/25_금당고_2학기_중간_고1_기출.js_16,original/high/h1/2mid/25_금당고_2학기_중간_고1_기출.js_16,original/high/h1/2mid/25_금당고_2학기_중간_고1_기출.js,original/high/h1/2mid/25_금당고_2학기_중간_고1_기출.js,16,16,16,2025,2,mid,금당고,2022,공통수학2,H22-C2-03,원의 방정식,H22-C2-03,원의 방정식,H22-C2-03-CIRCLE_EQUATION,원의 방정식,forward_standard_key,archive/question-index.js + archive/exams/original/high/h1/**/*.js,INCLUDED,64b52c75d7aaacca4ad4f63547cb3bdaa86331622f9a8fed2bba0e619ed2f2f6,8ef514dd89c60e323b688f930b782b7c4e36c41d67ffe12eeb31213034b626d6,,30780087c099521fd2976e2010555724b47a5d988e1baaa1c43336f71d18161c,c6d31184b2a702cfff35ecdfc13d79362ff5b11ae946f6a920c6a9c6892be060,true,577,assets/images/25_금당고_2학기_중간_고1_기출/q16-solution.svg,EXISTS,5fb2ccec4b5991db34ae14763add6f16fe094324dcfbfe07e3101f28ce8ee94a,VISUAL_REQUIRED,INITIAL_TRIAGE_ONLY,,INVENTORIED,NOT_STARTED,NOT_TESTED,NOT_TESTED,NOT_TESTED,NOT_TESTED,NOT_TESTED,NOT_TESTED,,
h1:original/high/h1/2mid/25_금당고_2학기_중간_고1_기출.js_17,original/high/h1/2mid/25_금당고_2학기_중간_고1_기출.js_17,original/high/h1/2mid/25_금당고_2학기_중간_고1_기출.js,original/high/h1/2mid/25_금당고_2학기_중간_고1_기출.js,17,17,17,2025,2,mid,금당고,2022,공통수학2,H22-C2-02,직선의 방정식,H22-C2-02,직선의 방정식,H22-C2-02-LINE_EQUATION,직선의 방정식,forward_standard_key,archive/question-index.js + archive/exams/original/high/h1/**/*.js,INCLUDED,bf246c0af0fa26904d4467fcc3cb8a4cf24a4997c54bc80003c9df8af7bcdca9,2149e1795dce3bcf263d7804a8bb04b98e2ae2947333c7bb3b56b3be07a0e7b4,,4b341c94831f060bbc0cddbc34e5a83ee03f047a4372ccbc40be6644391c7227,aa793c199e24e7365b12ded82a4f50c6dc87ed6592c7d8187f5549155998f9f4,true,372,assets/images/25_금당고_2학기_중간_고1_기출/q17-solution.svg,EXISTS,85f9fb02a320f6c1625e13d3f6563247886e56d4ee94bfc1d2d5c1554ab8c19f,VISUAL_REQUIRED,INITIAL_TRIAGE_ONLY,,INVENTORIED,NOT_STARTED,NOT_TESTED,NOT_TESTED,NOT_TESTED,NOT_TESTED,NOT_TESTED,NOT_TESTED,,
h1:original/high/h1/2mid/25_금당고_2학기_중간_고1_기출.js_18,original/high/h1/2mid/25_금당고_2학기_중간_고1_기출.js_18,original/high/h1/2mid/25_금당고_2학기_중간_고1_기출.js,original/high/h1/2mid/25_금당고_2학기_중간_고1_기출.js,18,18,18,2025,2,mid,금당고,2022,공통수학2,H22-C2-03,원의 방정식,H22-C2-03,원의 방정식,H22-C2-03-CIRCLE_EQUATION,원의 방정식,forward_standard_key,archive/question-index.js + archive/exams/original/high/h1/**/*.js,INCLUDED,951a87e5240f45f207a5ce4a5293edba13799a94cc59a7bae46a980d638e8177,1c5bd17cc713cb35f1ca7e3523dd288f90c528dfb3b9dfbb24f6ae879acd5cbd,,9b0cba34996dda09b3e1aa100c235f7861299059746f2f40f83edd85ee3367b1,0b5bc204983f26ca633d58ef31b25454d2baf616a27d11c578572e1b84b136d7,true,591,assets/images/25_금당고_2학기_중간_고1_기출/q18-solution.svg,EXISTS,ea9891d815d2f3da9b1ec6660622fea98ea2606ea7f03729b003a89ebf4df835,VISUAL_REQUIRED,INITIAL_TRIAGE_ONLY,,INVENTORIED,NOT_STARTED,NOT_TESTED,NOT_TESTED,NOT_TESTED,NOT_TESTED,NOT_TESTED,NOT_TESTED,,
h1:original/high/h1/2mid/25_금당고_2학기_중간_고1_기출.js_19,original/high/h1/2mid/25_금당고_2학기_중간_고1_기출.js_19,original/high/h1/2mid/25_금당고_2학기_중간_고1_기출.js,original/high/h1/2mid/25_금당고_2학기_중간_고1_기출.js,19,19,19,2025,2,mid,금당고,2022,공통수학2,H22-C2-03,원의 방정식,H22-C2-03,원의 방정식,H22-C2-03-CIRCLE_EQUATION,원의 방정식,forward_standard_key,archive/question-index.js + archive/exams/original/high/h1/**/*.js,INCLUDED,f5e27c0df9a7c28c812ad163a87d456e59b38bb557155e722a5ad0a69ea8442d,f2b6e6b6343630118b12286643dc160bccf79bffd0324f376ddb542058b59ff3,,46ebb0d14235641aae32cc8ca9caa8ae791aca08e3a2a0cbf5e481f5aed68a03,edee50e8a7676673ba46ac31a8c6756e12124ac59b90d09865a8b305fd5c543f,true,548,assets/images/25_금당고_2학기_중간_고1_기출/q19-solution.svg,EXISTS,c12dfbad24479cc1ba7041358feec822295a874bae78d09c83fe9021d457d42c,VISUAL_REQUIRED,INITIAL_TRIAGE_ONLY,,INVENTORIED,NOT_STARTED,NOT_TESTED,NOT_TESTED,NOT_TESTED,NOT_TESTED,NOT_TESTED,NOT_TESTED,,
h1:original/high/h1/2mid/25_금당고_2학기_중간_고1_기출.js_20,original/high/h1/2mid/25_금당고_2학기_중간_고1_기출.js_20,original/high/h1/2mid/25_금당고_2학기_중간_고1_기출.js,original/high/h1/2mid/25_금당고_2학기_중간_고1_기출.js,20,20,20,2025,2,mid,금당고,2022,공통수학2,H22-C2-04,도형의 이동,H22-C2-04,도형의 이동,H22-C2-04-CORE,도형의 이동 핵심 개념,forward_standard_key,archive/question-index.js + archive/exams/original/high/h1/**/*.js,INCLUDED,2eb36041c59ff17052ac92d47cc4707ef7ed61d338e2b9d100fa7d9ce86201e7,f4965e0672bc2386978e54ec9f15457dd1864a2ba1bc065a004f1fe13cf34ff7,,daaa2ef5ee74847133c8835e5f237124660f0abbf7beea4f5623ace0c0545623,781a9718b4a6f67a4cb3a3c74660c2dd35b755264cd4ca30e70895ef93a20294,true,374,assets/images/25_금당고_2학기_중간_고1_기출/q20-solution.svg,EXISTS,b9ff3745d3c50b678b95a7e1334735a629a8e82926b933efe3d2e86660c9e546,VISUAL_REQUIRED,INITIAL_TRIAGE_ONLY,,INVENTORIED,NOT_STARTED,NOT_TESTED,NOT_TESTED,NOT_TESTED,NOT_TESTED,NOT_TESTED,NOT_TESTED,,
h1:original/high/h1/2mid/25_금당고_2학기_중간_고1_기출.js_21,original/high/h1/2mid/25_금당고_2학기_중간_고1_기출.js_21,original/high/h1/2mid/25_금당고_2학기_중간_고1_기출.js,original/high/h1/2mid/25_금당고_2학기_중간_고1_기출.js,21,21,21,2025,2,mid,금당고,2022,공통수학2,H22-C2-03,원의 방정식,H22-C2-03,원의 방정식,H22-C2-03-CIRCLE_EQUATION,원의 방정식,forward_standard_key,archive/question-index.js + archive/exams/original/high/h1/**/*.js,INCLUDED,8d5adfb208433d2416cf98c56dc681f66737c90e7df35f454cfe0e4c75c81332,56ba79a08841a37f4ce8443388ab693cde5f1244f6929531f984896c1ccd88a2,,169a55463dbb33fbb401fc4d449601e2638dbab0f65232e8db0430e8574b5a76,d03a0b2ac908816331e51432dabb5e40eb96d5eb33138b33ef6407ccf04820ae,true,629,assets/images/25_금당고_2학기_중간_고1_기출/q21-solution.svg,EXISTS,48b0c67a1a0e90b323af3ce532c492a156e7b8756a291cd8041091da5a27055e,VISUAL_REQUIRED,INITIAL_TRIAGE_ONLY,,INVENTORIED,NOT_STARTED,NOT_TESTED,NOT_TESTED,NOT_TESTED,NOT_TESTED,NOT_TESTED,NOT_TESTED,,
h1:original/high/h1/2mid/25_금당고_2학기_중간_고1_기출.js_22,original/high/h1/2mid/25_금당고_2학기_중간_고1_기출.js_22,original/high/h1/2mid/25_금당고_2학기_중간_고1_기출.js,original/high/h1/2mid/25_금당고_2학기_중간_고1_기출.js,22,22,22,2025,2,mid,금당고,2022,공통수학2,H22-C2-04,도형의 이동,H22-C2-04,도형의 이동,H22-C2-04-CORE,도형의 이동 핵심 개념,forward_standard_key,archive/question-index.js + archive/exams/original/high/h1/**/*.js,INCLUDED,44535700c13290c851ffc1c3268c413413f7b0662296fccd7f19e234cec7edab,078d3a10ec35fbe33ef50bd3bed3f139c09c772fc7b1bd912121660fc7768841,,729314c269744606a41eab211cfa9f8bf1c33b64eb5413b2571960417940534a,9035de41818245508d2657337c4e47973acc46fbbf4ea2c6f7d18ad5a7f62ef4,true,627,assets/images/25_금당고_2학기_중간_고1_기출/q22-solution.svg,EXISTS,20bfb89a06d20928514421e5316332b85b3d44bd894b12bbee3c39916fb27f85,VISUAL_REQUIRED,INITIAL_TRIAGE_ONLY,,INVENTORIED,NOT_STARTED,NOT_TESTED,NOT_TESTED,NOT_TESTED,NOT_TESTED,NOT_TESTED,NOT_TESTED,,
h1:original/high/h1/2mid/25_매산고_2학기_중간_고1_기출.js_2,original/high/h1/2mid/25_매산고_2학기_중간_고1_기출.js_2,original/high/h1/2mid/25_매산고_2학기_중간_고1_기출.js,original/high/h1/2mid/25_매산고_2학기_중간_고1_기출.js,2,2,2,2025,2,mid,매산고,2022,공통수학2,H22-C2-02,직선의 방정식,H22-C2-02,직선의 방정식,H22-C2-02-LINE_EQUATION,직선의 방정식,forward_standard_key,archive/question-index.js + archive/exams/original/high/h1/**/*.js,INCLUDED,5d6d4e23d3e946eae6c083a611c48027f954562a8b220651b470db396a27509d,7f441f1bbae7b4d91902590c5d90bea7cb4c777cf675af09fd2f98ca83be6cf5,,97366b3e2a623d68ef54ab791c8cfbc511764249d025033b3b0421f31c49420f,4b5614c311df8739522cf970098714216d381fc558c4966d49c94fc9e4b43bec,true,212,,NONE,,VISUAL_REQUIRED,INITIAL_TRIAGE_ONLY,,INVENTORIED,NOT_STARTED,NOT_TESTED,NOT_TESTED,NOT_TESTED,NOT_TESTED,NOT_TESTED,NOT_TESTED,,
h1:original/high/h1/2mid/25_매산고_2학기_중간_고1_기출.js_4,original/high/h1/2mid/25_매산고_2학기_중간_고1_기출.js_4,original/high/h1/2mid/25_매산고_2학기_중간_고1_기출.js,original/high/h1/2mid/25_매산고_2학기_중간_고1_기출.js,4,4,4,2025,2,mid,매산고,2022,공통수학2,H22-C2-04,도형의 이동,H22-C2-04,도형의 이동,H22-C2-04-CORE,도형의 이동 핵심 개념,forward_standard_key,archive/question-index.js + archive/exams/original/high/h1/**/*.js,INCLUDED,d1690f28d9fcbfce55aa496ba984e49a55b0623a4630b5f3d3b32cf7689e9a0c,b71b0c0b23eb843c19e0564b9a6c703758fffca6ec80fb09bd4edb7f59a048f6,,6519351404425614c4986b22bc8ef82d68fe0f990fb33d2ad4aa698a68c3ef62,1e5472b05ad2f60992a309b6078026fefb35dfa20ad909b641c5cecc4c0592bf,true,244,,NONE,,VISUAL_REQUIRED,INITIAL_TRIAGE_ONLY,,INVENTORIED,NOT_STARTED,NOT_TESTED,NOT_TESTED,NOT_TESTED,NOT_TESTED,NOT_TESTED,NOT_TESTED,,
h1:original/high/h1/2mid/25_매산고_2학기_중간_고1_기출.js_6,original/high/h1/2mid/25_매산고_2학기_중간_고1_기출.js_6,original/high/h1/2mid/25_매산고_2학기_중간_고1_기출.js,original/high/h1/2mid/25_매산고_2학기_중간_고1_기출.js,6,6,6,2025,2,mid,매산고,2022,공통수학2,H22-C2-02,직선의 방정식,H22-C2-02,직선의 방정식,H22-C2-02-LINE_EQUATION,직선의 방정식,forward_standard_key,archive/question-index.js + archive/exams/original/high/h1/**/*.js,INCLUDED,ccdcf4f3167b8f0e3587e57dfba71fba067b7a7db3371b4cb4e8934bed0405ae,e1a4873e2025b66490cca73de935b69729893d66df8430d06a1c720ab723e41f,,63a136197027dcd55b9f079fefd2f0ccf5a9d0d1d8c5a7c92c69eb23aeb291e1,a5ddd76400e909195ca34756c7e6dee8f82ecc91ae00df684e5df2a6e36c9fae,true,301,,NONE,,VISUAL_REQUIRED,INITIAL_TRIAGE_ONLY,,INVENTORIED,NOT_STARTED,NOT_TESTED,NOT_TESTED,NOT_TESTED,NOT_TESTED,NOT_TESTED,NOT_TESTED,,
h1:original/high/h1/2mid/25_매산고_2학기_중간_고1_기출.js_7,original/high/h1/2mid/25_매산고_2학기_중간_고1_기출.js_7,original/high/h1/2mid/25_매산고_2학기_중간_고1_기출.js,original/high/h1/2mid/25_매산고_2학기_중간_고1_기출.js,7,7,7,2025,2,mid,매산고,2022,공통수학2,H22-C2-03,원의 방정식,H22-C2-03,원의 방정식,H22-C2-03-CIRCLE_EQUATION,원의 방정식,forward_standard_key,archive/question-index.js + archive/exams/original/high/h1/**/*.js,INCLUDED,a0c1f6e804b413254cb960f65d0f93b2bf3e9bbfe916ed98ba0c58f74d21b55c,f42e89b9ee4c346c307b55856ed4c332d8d5852902faef596c8f74c2e32d4452,,6f2b7058535ac522ac5a8bb98f6ec6bc00b74ac5c5e8dabd8a5d44a3781a258a,0a6d3a52eae726ecdc8706410c8ec899861a476ed4513547ccb13befe71ae760,true,425,assets/images/25_매산고_2학기_중간_고1_기출/q07-solution.svg,EXISTS,b4d4003e9ae1a7aa2217aa88efb6f518bda359f5b3b5b45f21ac11ed9649531d,VISUAL_REQUIRED,INITIAL_TRIAGE_ONLY,,INVENTORIED,NOT_STARTED,NOT_TESTED,NOT_TESTED,NOT_TESTED,NOT_TESTED,NOT_TESTED,NOT_TESTED,,
h1:original/high/h1/2mid/25_매산고_2학기_중간_고1_기출.js_8,original/high/h1/2mid/25_매산고_2학기_중간_고1_기출.js_8,original/high/h1/2mid/25_매산고_2학기_중간_고1_기출.js,original/high/h1/2mid/25_매산고_2학기_중간_고1_기출.js,8,8,8,2025,2,mid,매산고,2022,공통수학2,H22-C2-04,도형의 이동,H22-C2-04,도형의 이동,H22-C2-04-CORE,도형의 이동 핵심 개념,forward_standard_key,archive/question-index.js + archive/exams/original/high/h1/**/*.js,INCLUDED,078fef83449e4960f9d58eb02af592d440a5ce8f6df1ddd79a8ef53c7569a504,95767ebafff508df2aad096788917625adbad628633ca60a64402d23ed98b306,,dd52ccb869f47519a2f1dbbf3c71f23049080202362d65250af5943185e5da3d,aeacbf535ccb5807fe4d6ae3c1c963e4f3887595d6804c505be2acce4206bd92,true,368,assets/images/25_매산고_2학기_중간_고1_기출/q08-solution.svg,EXISTS,c823eba3f5abaf5c574707db80e9d3b04b4c8a85eef70dbcd29ff52c70205377,VISUAL_REQUIRED,INITIAL_TRIAGE_ONLY,,INVENTORIED,NOT_STARTED,NOT_TESTED,NOT_TESTED,NOT_TESTED,NOT_TESTED,NOT_TESTED,NOT_TESTED,,
h1:original/high/h1/2mid/25_매산고_2학기_중간_고1_기출.js_9,original/high/h1/2mid/25_매산고_2학기_중간_고1_기출.js_9,original/high/h1/2mid/25_매산고_2학기_중간_고1_기출.js,original/high/h1/2mid/25_매산고_2학기_중간_고1_기출.js,9,9,9,2025,2,mid,매산고,2022,공통수학2,H22-C2-01,평면좌표,H22-C2-01,평면좌표,H22-C2-01-COORDINATE_METRIC,평면좌표와 거리,forward_standard_key,archive/question-index.js + archive/exams/original/high/h1/**/*.js,INCLUDED,1d7aeb93b50171d664a7c05d31eb41291fa74dfad95d013a7c3ea759f73b3b2f,5937c36262140cd53a7e57fac98bad20d68f43525679f008e97a0ed0b420ef70,,c0992c2fca4f67207710c527b694fb692a09dd1829993214f7f50accda664fd3,e708e67882aaff83f4ac608aec7528d40eda0f61a362c6cbc0ce360797235e25,true,346,assets/images/25_매산고_2학기_중간_고1_기출/q09-solution.svg,EXISTS,24c6f21ae84e9202a35b03e58464da7ab2b380dd3d910f9e1de2cc6e4756ac46,VISUAL_REQUIRED,INITIAL_TRIAGE_ONLY,,INVENTORIED,NOT_STARTED,NOT_TESTED,NOT_TESTED,NOT_TESTED,NOT_TESTED,NOT_TESTED,NOT_TESTED,,
h1:original/high/h1/2mid/25_매산고_2학기_중간_고1_기출.js_10,original/high/h1/2mid/25_매산고_2학기_중간_고1_기출.js_10,original/high/h1/2mid/25_매산고_2학기_중간_고1_기출.js,original/high/h1/2mid/25_매산고_2학기_중간_고1_기출.js,10,10,10,2025,2,mid,매산고,2022,공통수학2,H22-C2-03,원의 방정식,H22-C2-03,원의 방정식,H22-C2-03-CIRCLE_EQUATION,원의 방정식,forward_standard_key,archive/question-index.js + archive/exams/original/high/h1/**/*.js,INCLUDED,377a4acb645d2a12fdac1ac92363a4ec64e3e186c37d90503d255bc7040e04dd,bd0ff59944421621faaa7d5f20ae53ffc0928d877f262b8708df3c3e49b12edd,,709e398f4aaf387435db44ca2fe00489c36bfe77a67ed1ec913a1e386bb21660,d4f4f8cb400a91c891dc185d75e8099b7000cde79421ff43c604a57d604a36d0,true,508,assets/images/25_매산고_2학기_중간_고1_기출/q10-solution.svg,EXISTS,3491ee998ad3479e200e94b19ffb9fa9b703d2125eb3dbccfee3b085b54b2d5d,VISUAL_REQUIRED,INITIAL_TRIAGE_ONLY,,INVENTORIED,NOT_STARTED,NOT_TESTED,NOT_TESTED,NOT_TESTED,NOT_TESTED,NOT_TESTED,NOT_TESTED,,
h1:original/high/h1/2mid/25_매산고_2학기_중간_고1_기출.js_12,original/high/h1/2mid/25_매산고_2학기_중간_고1_기출.js_12,original/high/h1/2mid/25_매산고_2학기_중간_고1_기출.js,original/high/h1/2mid/25_매산고_2학기_중간_고1_기출.js,12,12,12,2025,2,mid,매산고,2022,공통수학2,H22-C2-04,도형의 이동,H22-C2-04,도형의 이동,H22-C2-04-CORE,도형의 이동 핵심 개념,forward_standard_key,archive/question-index.js + archive/exams/original/high/h1/**/*.js,INCLUDED,d52bf095f3600817fa220f376a4c31b820488eb8f973033a077d608972f5ab78,e4d00a54ffbf7f1500996e7a9a353a33c2f9f0d7a8e2e5b95f2c56b0215604f0,,cd82a2a2f561b1f1dc78e0cd34eadbdfc9f0de688082b198e7877374204a6c1f,35cee12d68a4f9d55ef30afd146eb5964cdbc09b93c3b6af3c6b7d70bcd7f5a1,true,344,assets/images/25_매산고_2학기_중간_고1_기출/q12-solution.svg,EXISTS,2f1583c3605954270cdb554f3a3f3afa23382b84321380765a1656f6b374d6b9,VISUAL_REQUIRED,INITIAL_TRIAGE_ONLY,,INVENTORIED,NOT_STARTED,NOT_TESTED,NOT_TESTED,NOT_TESTED,NOT_TESTED,NOT_TESTED,NOT_TESTED,,
h1:original/high/h1/2mid/25_매산고_2학기_중간_고1_기출.js_14,original/high/h1/2mid/25_매산고_2학기_중간_고1_기출.js_14,original/high/h1/2mid/25_매산고_2학기_중간_고1_기출.js,original/high/h1/2mid/25_매산고_2학기_중간_고1_기출.js,14,14,14,2025,2,mid,매산고,2022,공통수학2,H22-C2-03,원의 방정식,H22-C2-03,원의 방정식,H22-C2-03-CIRCLE_EQUATION,원의 방정식,forward_standard_key,archive/question-index.js + archive/exams/original/high/h1/**/*.js,INCLUDED,40339305f1f5c2442bc529d6659ab3e88b19048f7bab1285d3b173e8b932fec0,aa92466bbe49fa98fcdf8465566dd7a0e69071388c91fdaf75a184ce66a8fa63,,ac89214389076d47028096654fde3c751f67cef6db72ec09fba6016f0f6557e0,6ca750a94679f1e3ab131999692e819badfb6045b0c51cf740b9fe02f8857ee9,true,440,assets/images/25_매산고_2학기_중간_고1_기출/q14-solution.svg,EXISTS,98914a1b8984d2862936f99a663a4f8e1fa31f0e742d01d5a247a7eb3aa8bf1a,VISUAL_REQUIRED,INITIAL_TRIAGE_ONLY,,INVENTORIED,NOT_STARTED,NOT_TESTED,NOT_TESTED,NOT_TESTED,NOT_TESTED,NOT_TESTED,NOT_TESTED,,
h1:original/high/h1/2mid/25_매산고_2학기_중간_고1_기출.js_15,original/high/h1/2mid/25_매산고_2학기_중간_고1_기출.js_15,original/high/h1/2mid/25_매산고_2학기_중간_고1_기출.js,original/high/h1/2mid/25_매산고_2학기_중간_고1_기출.js,15,15,15,2025,2,mid,매산고,2022,공통수학2,H22-C2-02,직선의 방정식,H22-C2-02,직선의 방정식,H22-C2-02-LINE_EQUATION,직선의 방정식,forward_standard_key,archive/question-index.js + archive/exams/original/high/h1/**/*.js,INCLUDED,d582bb216ef15ebaac9687a6dbd1912a39427d4d4b92a89215dd36b1e02a2b2a,61e2380113cbb0e475f25a130c04289ecfaf10add347e84aceb4dacd6a7ae063,,dc2e92d761144c297b7514ce61d83e21841eaa2d6acff993cfb8ef72f3a0a080,f61ecf70d9d284fdc4bdf45613310c999303d11910b97590538434ac5884e549,true,421,assets/images/25_매산고_2학기_중간_고1_기출/q15-solution.svg,EXISTS,5baf7f2e75e6f80cd83351492f3954281c92a8ffe4143050ad7a924502b516e2,VISUAL_REQUIRED,INITIAL_TRIAGE_ONLY,,INVENTORIED,NOT_STARTED,NOT_TESTED,NOT_TESTED,NOT_TESTED,NOT_TESTED,NOT_TESTED,NOT_TESTED,,
h1:original/high/h1/2mid/25_매산고_2학기_중간_고1_기출.js_16,original/high/h1/2mid/25_매산고_2학기_중간_고1_기출.js_16,original/high/h1/2mid/25_매산고_2학기_중간_고1_기출.js,original/high/h1/2mid/25_매산고_2학기_중간_고1_기출.js,16,16,16,2025,2,mid,매산고,2022,공통수학2,H22-C2-01,평면좌표,H22-C2-01,평면좌표,H22-C2-01-COORDINATE_METRIC,평면좌표와 거리,forward_standard_key,archive/question-index.js + archive/exams/original/high/h1/**/*.js,INCLUDED,4b079e77a361700df6542a90661cb1fd5ac0d28a0441103b23f505235942a958,e5949cb3bed84fb2448872ffd1c00b1d6031feed3b38d734d2aecb666c040a7a,,74f914b3b66d6171f72422bd90929498ba649df65c51e74066d4fd01e3458155,b02f64496513c4f45e6759e8f7c3d20860b7179533deaeb5d143bee76ec2177e,true,203,,NONE,,REVIEW_REQUIRED,INITIAL_TRIAGE_ONLY,,INVENTORIED,NOT_STARTED,NOT_TESTED,NOT_TESTED,NOT_TESTED,NOT_TESTED,NOT_TESTED,NOT_TESTED,,
h1:original/high/h1/2mid/25_매산고_2학기_중간_고1_기출.js_18,original/high/h1/2mid/25_매산고_2학기_중간_고1_기출.js_18,original/high/h1/2mid/25_매산고_2학기_중간_고1_기출.js,original/high/h1/2mid/25_매산고_2학기_중간_고1_기출.js,18,18,18,2025,2,mid,매산고,2022,공통수학2,H22-C2-03,원의 방정식,H22-C2-03,원의 방정식,H22-C2-03-CIRCLE_EQUATION,원의 방정식,forward_standard_key,archive/question-index.js + archive/exams/original/high/h1/**/*.js,INCLUDED,e9ea21d9d3f6159a33b40bfb8dd677d3d48043a4406465b256737e820bf56ad1,4d2b131c34581388a54222556247d29d304ac390b644b96002a35feb95a71bc9,,eafb2b18b49e082c32a23b2b1aeefd1f0a7cac49652596aedfdfa3084dee0185,321a7b8a222c02331a927c2de2ecdfc74dd1751567fc66eb7ba2876c862fab18,true,905,assets/images/25_매산고_2학기_중간_고1_기출/q18-solution.svg,EXISTS,6023f25049b07c67158dac5eaf0fdf3f7672264431f056263909ed8d8e8fc9e4,VISUAL_REQUIRED,INITIAL_TRIAGE_ONLY,,INVENTORIED,NOT_STARTED,NOT_TESTED,NOT_TESTED,NOT_TESTED,NOT_TESTED,NOT_TESTED,NOT_TESTED,,
h1:original/high/h1/2mid/25_매산고_2학기_중간_고1_기출.js_20,original/high/h1/2mid/25_매산고_2학기_중간_고1_기출.js_20,original/high/h1/2mid/25_매산고_2학기_중간_고1_기출.js,original/high/h1/2mid/25_매산고_2학기_중간_고1_기출.js,20,20,20,2025,2,mid,매산고,2022,공통수학2,H22-C2-03,원의 방정식,H22-C2-03,원의 방정식,H22-C2-03-CIRCLE_EQUATION,원의 방정식,forward_standard_key,archive/question-index.js + archive/exams/original/high/h1/**/*.js,INCLUDED,250af99cecaa1373e2e0bb78e06bcaba415be89808fe1e3d0dde751300f0c87b,6925c67ea7134b23bbe01571d8703a77247122bfba9f714a5189b19618546111,,869377c31134b450c58ccaff8cbd1c70b9dd57a7a9755555f5ab423346f4f2ab,91d7ed0b22f73976fe4addd751c7130acf356908501e1316f9885bdb7a189871,true,1183,assets/images/25_매산고_2학기_중간_고1_기출/q20-solution.svg,EXISTS,fdfed3b1860bea5860f1d79d0aea15e5c2ae33786bd913faa68e7acf2e792ee2,VISUAL_REQUIRED,INITIAL_TRIAGE_ONLY,,INVENTORIED,NOT_STARTED,NOT_TESTED,NOT_TESTED,NOT_TESTED,NOT_TESTED,NOT_TESTED,NOT_TESTED,,
h1:original/high/h1/2mid/25_순천고_2학기_중간_고1_기출.js_3,original/high/h1/2mid/25_순천고_2학기_중간_고1_기출.js_3,original/high/h1/2mid/25_순천고_2학기_중간_고1_기출.js,original/high/h1/2mid/25_순천고_2학기_중간_고1_기출.js,3,3,3,2025,2,mid,순천고,2022,공통수학2,H22-C2-01,평면좌표,H22-C2-01,평면좌표,H22-C2-01-COORDINATE_METRIC,평면좌표와 거리,forward_standard_key,archive/question-index.js + archive/exams/original/high/h1/**/*.js,INCLUDED,c84813b4f39828ea4552cc2aa1fbf2dcb27c72e420e41d9bb2cb89502678b727,26fcbf327ffb891b653b91b004cbdf57f1c8b5affee88a356b70aabc5aca8648,,6e90a0a2573db68df85e529b417fa78e3df8fc34d48f706248adf92992e94c43,f9c09bfbda2ac5338dc9bc90d42d0671b1df96e739e2ed2b4d90635b4f71e4e3,true,186,assets/images/25_순천고_2학기_중간_고1_기출/q03-solution.svg,EXISTS,7d4774bc726d528cc13dc5d6b43903377f4672406753c7880b8664eb183028f1,VISUAL_REQUIRED,INITIAL_TRIAGE_ONLY,,INVENTORIED,NOT_STARTED,NOT_TESTED,NOT_TESTED,NOT_TESTED,NOT_TESTED,NOT_TESTED,NOT_TESTED,,
h1:original/high/h1/2mid/25_순천고_2학기_중간_고1_기출.js_6,original/high/h1/2mid/25_순천고_2학기_중간_고1_기출.js_6,original/high/h1/2mid/25_순천고_2학기_중간_고1_기출.js,original/high/h1/2mid/25_순천고_2학기_중간_고1_기출.js,6,6,6,2025,2,mid,순천고,2022,공통수학2,H22-C2-02,직선의 방정식,H22-C2-02,직선의 방정식,H22-C2-02-LINE_EQUATION,직선의 방정식,forward_standard_key,archive/question-index.js + archive/exams/original/high/h1/**/*.js,INCLUDED,af739be82a77ec2ccf30982a26d03a34753698ba8dd6394b88e0e6648c4fca58,7f80b8ef38cd7d9a7aa23fcbda925be43ced25cdf2e03a78630068d973797467,,cbe6a50f14ce3d1ae5b0e64d42715c692c26f1d7bcb3d9dc18e5e471963263e3,d5244013f6ce31320fd1a057f76ba547197fab31e36b425c86d01053dd7f3548,true,243,,NONE,,VISUAL_REQUIRED,INITIAL_TRIAGE_ONLY,,INVENTORIED,NOT_STARTED,NOT_TESTED,NOT_TESTED,NOT_TESTED,NOT_TESTED,NOT_TESTED,NOT_TESTED,,
h1:original/high/h1/2mid/25_순천고_2학기_중간_고1_기출.js_7,original/high/h1/2mid/25_순천고_2학기_중간_고1_기출.js_7,original/high/h1/2mid/25_순천고_2학기_중간_고1_기출.js,original/high/h1/2mid/25_순천고_2학기_중간_고1_기출.js,7,7,7,2025,2,mid,순천고,2022,공통수학2,H22-C2-03,원의 방정식,H22-C2-03,원의 방정식,H22-C2-03-INTERSECTION,원과 직선·원의 관계,forward_standard_key,archive/question-index.js + archive/exams/original/high/h1/**/*.js,INCLUDED,d30949ddb807c9b8e95797310d7ec397c891c59285754b575c6dc1c772e79d06,6e10a037f06c01899806d78f59872b61e55f3f964ecd8d02640533b8f303fa6e,,25940d73b3e2ecde32154da8d3031c9be6b99763c085857698cf6f69598b9143,8378bf48de10d3e04ec02e77b38c8aa0fb44be2e08211188cd21bb40a0672277,true,378,assets/images/25_순천고_2학기_중간_고1_기출/q07-solution.svg,EXISTS,f675c8d018106feab77012c506cf5b9b7d16d84ca53d424bb8d360293480ced4,VISUAL_REQUIRED,INITIAL_TRIAGE_ONLY,,INVENTORIED,NOT_STARTED,NOT_TESTED,NOT_TESTED,NOT_TESTED,NOT_TESTED,NOT_TESTED,NOT_TESTED,,
h1:original/high/h1/2mid/25_순천고_2학기_중간_고1_기출.js_8,original/high/h1/2mid/25_순천고_2학기_중간_고1_기출.js_8,original/high/h1/2mid/25_순천고_2학기_중간_고1_기출.js,original/high/h1/2mid/25_순천고_2학기_중간_고1_기출.js,8,8,8,2025,2,mid,순천고,2022,공통수학2,H22-C2-04,도형의 이동,H22-C2-04,도형의 이동,H22-C2-04-CORE,도형의 이동 핵심 개념,forward_standard_key,archive/question-index.js + archive/exams/original/high/h1/**/*.js,INCLUDED,987fefc1cda846df631baa73c8828d2883f3c7f52333b0fef1ab58a47995a26d,c2f5173ba6e900e21dec8b8f1cdc614ca64d222d113016a2776ca7436f660d04,,5c9b63b09c08da3523ee83c9b447b8a8f905c8d1facc068ae46437136902a213,d96aa98930b32471135d4220297aa1df2aa035e680c1768bcc20862d4753967e,true,236,,NONE,,VISUAL_REQUIRED,INITIAL_TRIAGE_ONLY,,INVENTORIED,NOT_STARTED,NOT_TESTED,NOT_TESTED,NOT_TESTED,NOT_TESTED,NOT_TESTED,NOT_TESTED,,
h1:original/high/h1/2mid/25_순천고_2학기_중간_고1_기출.js_9,original/high/h1/2mid/25_순천고_2학기_중간_고1_기출.js_9,original/high/h1/2mid/25_순천고_2학기_중간_고1_기출.js,original/high/h1/2mid/25_순천고_2학기_중간_고1_기출.js,9,9,9,2025,2,mid,순천고,2022,공통수학2,H22-C2-03,원의 방정식,H22-C2-03,원의 방정식,H22-C2-03-TANGENT,원과 접선,forward_standard_key,archive/question-index.js + archive/exams/original/high/h1/**/*.js,INCLUDED,c09cb890ef9c523a665dfcb995be3fa64c7e9fc0193ffe1eee3788b8d8fccbee,9102d86a39ca4b4b413e3d13494721a16e456c239ff8197f977bf8f61f42c843,,0f0ebc2b9152ef825135bebcd67c401eace122c642a3b6d5fae55acae78e30bb,629c22ee0c6d53bb62449f998fcc4af6a33865542b1617d487f7a93a41ddbc88,true,565,assets/images/25_순천고_2학기_중간_고1_기출/q09-solution.svg,EXISTS,909ea37ac2b3e0c0905d5fdd315966723fe6b284b8fbf9995670532c03a7f01a,VISUAL_REQUIRED,INITIAL_TRIAGE_ONLY,,INVENTORIED,NOT_STARTED,NOT_TESTED,NOT_TESTED,NOT_TESTED,NOT_TESTED,NOT_TESTED,NOT_TESTED,,
h1:original/high/h1/2mid/25_순천고_2학기_중간_고1_기출.js_10,original/high/h1/2mid/25_순천고_2학기_중간_고1_기출.js_10,original/high/h1/2mid/25_순천고_2학기_중간_고1_기출.js,original/high/h1/2mid/25_순천고_2학기_중간_고1_기출.js,10,10,10,2025,2,mid,순천고,2022,공통수학2,H22-C2-03,원의 방정식,H22-C2-03,원의 방정식,H22-C2-03-INTERSECTION,원과 직선·원의 관계,forward_standard_key,archive/question-index.js + archive/exams/original/high/h1/**/*.js,INCLUDED,98854db060c3ee6e87891cf863e4be7f0c51e2ac605f9ebe985d9e1c3bfac910,5c7ddc229fabb144e38b3851ae8783d8017ffe2145f1854c9a416c99af711fed,,5a2f3ca68562e68b648ca4f3eeb137ab42f00cf96c80e1bff8a99e916bf2b47e,53cf5df37ebde3db3d45480e31e4d9b171e0cc22a2587715e87e303728ab15d0,true,334,assets/images/25_순천고_2학기_중간_고1_기출/q10-solution.svg,EXISTS,03e157a76121b957baa56cd009da2e88ffdf5a8fc209c44f86e203d68b42d413,VISUAL_REQUIRED,INITIAL_TRIAGE_ONLY,,INVENTORIED,NOT_STARTED,NOT_TESTED,NOT_TESTED,NOT_TESTED,NOT_TESTED,NOT_TESTED,NOT_TESTED,,
h1:original/high/h1/2mid/25_순천고_2학기_중간_고1_기출.js_12,original/high/h1/2mid/25_순천고_2학기_중간_고1_기출.js_12,original/high/h1/2mid/25_순천고_2학기_중간_고1_기출.js,original/high/h1/2mid/25_순천고_2학기_중간_고1_기출.js,12,12,12,2025,2,mid,순천고,2022,공통수학2,H22-C2-02,직선의 방정식,H22-C2-02,직선의 방정식,H22-C2-02-LINE_EQUATION,직선의 방정식,forward_standard_key,archive/question-index.js + archive/exams/original/high/h1/**/*.js,INCLUDED,b8214c6fd7646fcaf3ff1e80c00bd5fb0510458b5e1f52032721cd1e725fb3fc,79a4a2007e095eeb1a1170d355ae786d75b6c31811b719c4946ff66e1fc6d2be,,d6d709dd6f8fc08371f60e92168f81d45741097abb6d86b95569fa2b47c25196,b7a30b9043afdfd4e67ae91e24c98eb2bf6d15bf5a951e46f7be99702700cb36,true,541,assets/images/25_순천고_2학기_중간_고1_기출/q12-solution.svg,EXISTS,022ef2034e9ff7e9281385264818011e1bf3bf59b223d95d22670fef937489ee,VISUAL_REQUIRED,INITIAL_TRIAGE_ONLY,,INVENTORIED,NOT_STARTED,NOT_TESTED,NOT_TESTED,NOT_TESTED,NOT_TESTED,NOT_TESTED,NOT_TESTED,,
h1:original/high/h1/2mid/25_순천고_2학기_중간_고1_기출.js_15,original/high/h1/2mid/25_순천고_2학기_중간_고1_기출.js_15,original/high/h1/2mid/25_순천고_2학기_중간_고1_기출.js,original/high/h1/2mid/25_순천고_2학기_중간_고1_기출.js,15,15,15,2025,2,mid,순천고,2022,공통수학2,H22-C2-04,도형의 이동,H22-C2-04,도형의 이동,H22-C2-04-CORE,도형의 이동 핵심 개념,forward_standard_key,archive/question-index.js + archive/exams/original/high/h1/**/*.js,INCLUDED,402a9df661dbe85b33f6bd68353e0b595f2fec8b11a2df75d115f5bfbb979843,8724eb0bd3046c800f1d66753cf7cd05a5a9487764be784c455d8cc3264c5b30,,874b530fc2c4fc1f6f96ca9b5c58815c3afa50f1921b0f9ee72bd5a707a043a4,35b610a5c2cb8736fb863bcf48347ec4c70d1f1361c7fa03da90ba31ca7d8126,true,248,assets/images/25_순천고_2학기_중간_고1_기출/q15-solution.svg,EXISTS,6f4b7c293ce06f2f44d0ea3bc488442a5e2e6ecddf1158de0cf3b569f9bb3889,VISUAL_REQUIRED,INITIAL_TRIAGE_ONLY,,INVENTORIED,NOT_STARTED,NOT_TESTED,NOT_TESTED,NOT_TESTED,NOT_TESTED,NOT_TESTED,NOT_TESTED,,
h1:original/high/h1/2mid/25_순천고_2학기_중간_고1_기출.js_16,original/high/h1/2mid/25_순천고_2학기_중간_고1_기출.js_16,original/high/h1/2mid/25_순천고_2학기_중간_고1_기출.js,original/high/h1/2mid/25_순천고_2학기_중간_고1_기출.js,16,16,16,2025,2,mid,순천고,2022,공통수학2,H22-C2-03,원의 방정식,H22-C2-03,원의 방정식,H22-C2-03-INTERSECTION,원과 직선·원의 관계,forward_standard_key,archive/question-index.js + archive/exams/original/high/h1/**/*.js,INCLUDED,0fad9876559033e7730d9520fea8df973a94763d7f447237fffad23246424b1e,2797e47754899bf8b94094f4ef64fe0f41111397159514302202a2e2daa24bd0,,2be8b03e41616d5e98fa01011288edc8b67492cc44425114e38abda45362ebce,86cb2ba9440ca2475e979ef27567ef287bc89d02044b31d87dd58883ec638ba2,true,530,assets/images/25_순천고_2학기_중간_고1_기출/q16-solution.svg,EXISTS,2b6d4217309aac39b0166ce13c5448b669b526b67cf25c7b5634a571f84b2d7a,VISUAL_REQUIRED,INITIAL_TRIAGE_ONLY,,INVENTORIED,NOT_STARTED,NOT_TESTED,NOT_TESTED,NOT_TESTED,NOT_TESTED,NOT_TESTED,NOT_TESTED,,
h1:original/high/h1/2mid/25_순천고_2학기_중간_고1_기출.js_17,original/high/h1/2mid/25_순천고_2학기_중간_고1_기출.js_17,original/high/h1/2mid/25_순천고_2학기_중간_고1_기출.js,original/high/h1/2mid/25_순천고_2학기_중간_고1_기출.js,17,17,17,2025,2,mid,순천고,2022,공통수학2,H22-C2-03,원의 방정식,H22-C2-03,원의 방정식,H22-C2-03-TANGENT,원과 접선,forward_standard_key,archive/question-index.js + archive/exams/original/high/h1/**/*.js,INCLUDED,0603e69ed29dea4fb61f43b7c2347bcc7e2080e01606788d347d862f704b1f62,dfc80ba9d3f5f7bc5219a75ac36bb88db1a0f8ccbbeff8cf7bf10a7b9e5c27ca,,5eb1136947982f5f142da349f395b2e1d4832b7c3b2c2ccc7eb63a6d6ed310b4,078569a7648a3fd02de5559332458fea89e362cf6b89babc9d021a544ca3262f,true,555,assets/images/25_순천고_2학기_중간_고1_기출/q17-solution.svg,EXISTS,8b29919e667406e27111b2a56e05dece18ef5ce0321266a7dca4ca77b5e63aee,VISUAL_REQUIRED,INITIAL_TRIAGE_ONLY,,INVENTORIED,NOT_STARTED,NOT_TESTED,NOT_TESTED,NOT_TESTED,NOT_TESTED,NOT_TESTED,NOT_TESTED,,
h1:original/high/h1/2mid/25_순천고_2학기_중간_고1_기출.js_18,original/high/h1/2mid/25_순천고_2학기_중간_고1_기출.js_18,original/high/h1/2mid/25_순천고_2학기_중간_고1_기출.js,original/high/h1/2mid/25_순천고_2학기_중간_고1_기출.js,18,18,18,2025,2,mid,순천고,2022,공통수학2,H22-C2-02,직선의 방정식,H22-C2-02,직선의 방정식,H22-C2-02-LINE_EQUATION,직선의 방정식,forward_standard_key,archive/question-index.js + archive/exams/original/high/h1/**/*.js,INCLUDED,7a06a1fbff97ecb8e2ba3d39b4998204cf2c1850bce650b0feedcb52e4848abe,b8aa1dc88936e88b00f3395dde234e78fe4c7ab2261fdeacb1fe19bc4ac13a74,,dccb58fb728c01fc407de304ee8a149ca1e7e67e96e3b1f9f75bbc75b76481d9,b306fefc9e1778fcef5e1dc726239c532e36189657b09d32b772cd5f4ec3f060,true,363,assets/images/25_순천고_2학기_중간_고1_기출/q18-solution.svg,EXISTS,de06afe1eec4159c1eebd5e677038a1bd86fae58217b9ac3e4e97d0da57a492b,VISUAL_REQUIRED,INITIAL_TRIAGE_ONLY,,INVENTORIED,NOT_STARTED,NOT_TESTED,NOT_TESTED,NOT_TESTED,NOT_TESTED,NOT_TESTED,NOT_TESTED,,
h1:original/high/h1/2mid/25_순천고_2학기_중간_고1_기출.js_19,original/high/h1/2mid/25_순천고_2학기_중간_고1_기출.js_19,original/high/h1/2mid/25_순천고_2학기_중간_고1_기출.js,original/high/h1/2mid/25_순천고_2학기_중간_고1_기출.js,19,19,19,2025,2,mid,순천고,2022,공통수학2,H22-C2-03,원의 방정식,H22-C2-03,원의 방정식,H22-C2-03-INTERSECTION,원과 직선·원의 관계,forward_standard_key,archive/question-index.js + archive/exams/original/high/h1/**/*.js,INCLUDED,50bb93d874b7867fd068c36c3dcaba6526ebef7f166dd908db03b6d8efe66870,e20299581eaa878e0ef349f59d9e6013ada082741744b6a6d8c70a46376a22b7,,860ff64a8be16e1188c219b8c44f2dfc577345f60a62e779ca81095c8c134813,42e48214f15b3332d129d34b5023683049157d2d114738bfc013822a4af383ef,true,454,assets/images/25_순천고_2학기_중간_고1_기출/q19-solution.svg,EXISTS,02d5ea6b197d28ffac81c754285906f43699381a8490a76235e5962cb8b29130,VISUAL_REQUIRED,INITIAL_TRIAGE_ONLY,,INVENTORIED,NOT_STARTED,NOT_TESTED,NOT_TESTED,NOT_TESTED,NOT_TESTED,NOT_TESTED,NOT_TESTED,,
h1:original/high/h1/2mid/25_순천고_2학기_중간_고1_기출.js_21,original/high/h1/2mid/25_순천고_2학기_중간_고1_기출.js_21,original/high/h1/2mid/25_순천고_2학기_중간_고1_기출.js,original/high/h1/2mid/25_순천고_2학기_중간_고1_기출.js,21,21,21,2025,2,mid,순천고,2022,공통수학2,H22-C2-02,직선의 방정식,H22-C2-02,직선의 방정식,H22-C2-02-LINE_EQUATION,직선의 방정식,forward_standard_key,archive/question-index.js + archive/exams/original/high/h1/**/*.js,INCLUDED,fc98a9997d828596125f51939bb649ad3aadbe5b353ab44ab366cf80bbb3c6cf,9bd16829e28528ac7bda61b3c66e1868a68d2efe53f8995689e84087648d3af5,,64aa2abc7eab10f7105dc319584eb24c7585432167213bb6a75c1f78eb03c838,90fe1813397f58ad45ce9f58665f2d21f3e64048d50644180d77fa81b5c1ccf2,true,456,,NONE,,VISUAL_REQUIRED,INITIAL_TRIAGE_ONLY,,INVENTORIED,NOT_STARTED,NOT_TESTED,NOT_TESTED,NOT_TESTED,NOT_TESTED,NOT_TESTED,NOT_TESTED,,
h1:original/high/h1/2mid/25_순천고_2학기_중간_고1_기출.js_22,original/high/h1/2mid/25_순천고_2학기_중간_고1_기출.js_22,original/high/h1/2mid/25_순천고_2학기_중간_고1_기출.js,original/high/h1/2mid/25_순천고_2학기_중간_고1_기출.js,22,22,22,2025,2,mid,순천고,2022,공통수학2,H22-C2-03,원의 방정식,H22-C2-03,원의 방정식,H22-C2-03-TANGENT,원과 접선,forward_standard_key,archive/question-index.js + archive/exams/original/high/h1/**/*.js,INCLUDED,2b4741fc76f8b1c497046a4ee14c2d801fc4ff46927c4115f78e34f0c634e243,9488585bfa8156ca170637dbaa141ac881651c43278da196b342cadd450e5ae9,,b105194b77ccfeff1f49941e7de06668919b5997db670dade4fb8026f1b257f7,5c36df94cb539742d6df6e2ef32ad82587eed339028433aeb480bf462aab9427,true,472,assets/images/25_순천고_2학기_중간_고1_기출/q22-solution.svg,EXISTS,9ff06890da080634ab319318e959d74f020b17ec0ed44b2b47bfd71e35f52b6c,VISUAL_REQUIRED,INITIAL_TRIAGE_ONLY,,INVENTORIED,NOT_STARTED,NOT_TESTED,NOT_TESTED,NOT_TESTED,NOT_TESTED,NOT_TESTED,NOT_TESTED,,
h1:original/high/h1/2mid/25_순천여고_2학기_중간_고1_공통수학2.js_2,original/high/h1/2mid/25_순천여고_2학기_중간_고1_공통수학2.js_2,original/high/h1/2mid/25_순천여고_2학기_중간_고1_공통수학2.js,original/high/h1/2mid/25_순천여고_2학기_중간_고1_공통수학2.js,2,2,2,2025,2,mid,순천여고,2022,공통수학2,H22-C2-01,평면좌표,H22-C2-01,평면좌표,H22-C2-01-COORDINATE_METRIC,평면좌표와 거리,forward_standard_key,archive/question-index.js + archive/exams/original/high/h1/**/*.js,INCLUDED,abfa76766c068981c1d244a06e19d5cb1b6ece6c782e4a91f53dc25184901cf8,18822fb51ec70d7785bb8278c4e9b2e6bff649a0abd8eda48e25087d95a109d1,,1fd57962a84362beb0dc99b0b539957c55f33b968349c41f1f91b88e40f94fef,c3028d64774db5b28a3b3f6b9c05e93ce3abf52c492f845376e31b8c418edc2c,true,184,,NONE,,REVIEW_REQUIRED,INITIAL_TRIAGE_ONLY,,INVENTORIED,NOT_STARTED,NOT_TESTED,NOT_TESTED,NOT_TESTED,NOT_TESTED,NOT_TESTED,NOT_TESTED,,
h1:original/high/h1/2mid/25_순천여고_2학기_중간_고1_공통수학2.js_3,original/high/h1/2mid/25_순천여고_2학기_중간_고1_공통수학2.js_3,original/high/h1/2mid/25_순천여고_2학기_중간_고1_공통수학2.js,original/high/h1/2mid/25_순천여고_2학기_중간_고1_공통수학2.js,3,3,3,2025,2,mid,순천여고,2022,공통수학2,H22-C2-01,평면좌표,H22-C2-01,평면좌표,H22-C2-01-COORDINATE_METRIC,평면좌표와 거리,forward_standard_key,archive/question-index.js + archive/exams/original/high/h1/**/*.js,INCLUDED,d63fe0d8ad75ca78f258435a3b990012627e49727480402cbca892c164df4235,4451b181d15587d00dbfae5daf93307cda4cc2238d768b5f765b33fa89866225,,2c4c2846063865056439bfbd110518a9ba1fd3f7432c29fbea2cc0ef4f573d53,ece2c927ab5f29fb0fcfcb24cdedb75c5dfc9d44bb40637e7742a60614bf006a,true,195,,NONE,,REVIEW_REQUIRED,INITIAL_TRIAGE_ONLY,,INVENTORIED,NOT_STARTED,NOT_TESTED,NOT_TESTED,NOT_TESTED,NOT_TESTED,NOT_TESTED,NOT_TESTED,,
h1:original/high/h1/2mid/25_순천여고_2학기_중간_고1_공통수학2.js_6,original/high/h1/2mid/25_순천여고_2학기_중간_고1_공통수학2.js_6,original/high/h1/2mid/25_순천여고_2학기_중간_고1_공통수학2.js,original/high/h1/2mid/25_순천여고_2학기_중간_고1_공통수학2.js,6,6,6,2025,2,mid,순천여고,2022,공통수학2,H22-C2-04,도형의 이동,H22-C2-04,도형의 이동,H22-C2-04-CORE,도형의 이동 핵심 개념,forward_standard_key,archive/question-index.js + archive/exams/original/high/h1/**/*.js,INCLUDED,10fd3cc720c3440a814e3792d0b186b83382d1de46da8363767424ffc177ba96,19afe7dc98a3c9c9d38b31fb8dce9805f09bea7ecfa04657ae70a1ded13af397,,b8ce13ecdebe39ac4451b20013cbc41fa127ec9fc68798269af62ed124b0c14e,33cdcc9f96980735a95479a062b3096074f5b9cb5aac289bf54fc8e48d03e4ee,true,252,assets/images/25_순천여고_2학기_중간_고1_공통수학2/q06-solution.svg,EXISTS,5e82023dc26582ce1831374a0720373ceb3f469f336d509a8248708368ae26be,VISUAL_REQUIRED,INITIAL_TRIAGE_ONLY,,INVENTORIED,NOT_STARTED,NOT_TESTED,NOT_TESTED,NOT_TESTED,NOT_TESTED,NOT_TESTED,NOT_TESTED,,
h1:original/high/h1/2mid/25_순천여고_2학기_중간_고1_공통수학2.js_7,original/high/h1/2mid/25_순천여고_2학기_중간_고1_공통수학2.js_7,original/high/h1/2mid/25_순천여고_2학기_중간_고1_공통수학2.js,original/high/h1/2mid/25_순천여고_2학기_중간_고1_공통수학2.js,7,7,7,2025,2,mid,순천여고,2022,공통수학2,H22-C2-04,도형의 이동,H22-C2-04,도형의 이동,H22-C2-04-CORE,도형의 이동 핵심 개념,forward_standard_key,archive/question-index.js + archive/exams/original/high/h1/**/*.js,INCLUDED,769e67f6b12341055070f6bdb10069306249f525c06dc229e9f28480a71640c7,f9ff49aa0a2b94593aa58dee011ee16f659fdb3be90ce5805e93c2e35db04d43,,3182acf19afbd8ee483e06e94ec20675e5a4456d27fdf8fb3d942c4d1811b6af,7b16f1c51b3d7dbe1205c0b51223321840ca415b832ebf9a39a0756721b17d95,true,380,assets/images/25_순천여고_2학기_중간_고1_공통수학2/q07-solution.svg,EXISTS,318150db02c9f74a4d47e048f251cb35c448adf908d85bdbfa6b421be3e75186,VISUAL_REQUIRED,INITIAL_TRIAGE_ONLY,,INVENTORIED,NOT_STARTED,NOT_TESTED,NOT_TESTED,NOT_TESTED,NOT_TESTED,NOT_TESTED,NOT_TESTED,,
h1:original/high/h1/2mid/25_순천여고_2학기_중간_고1_공통수학2.js_8,original/high/h1/2mid/25_순천여고_2학기_중간_고1_공통수학2.js_8,original/high/h1/2mid/25_순천여고_2학기_중간_고1_공통수학2.js,original/high/h1/2mid/25_순천여고_2학기_중간_고1_공통수학2.js,8,8,8,2025,2,mid,순천여고,2022,공통수학2,H22-C2-01,평면좌표,H22-C2-01,평면좌표,H22-C2-01-COORDINATE_METRIC,평면좌표와 거리,forward_standard_key,archive/question-index.js + archive/exams/original/high/h1/**/*.js,INCLUDED,a9b09371861c258d03c8d5ce469be0875dbf3c4ef56fad4397cb451afcb832af,165c5b10bbc2317b82a54b4960d6bf0f926dfc699acd1bf635af5f29ff562cb2,,4bf0b2a86987ca447d7aedcb66117a1932075da1be4d686801d6716e6a73b143,c39d6fcc167e7e174d19572718eaf112a330bfc3ef22ace6a50b2e0000658f43,true,278,assets/images/25_순천여고_2학기_중간_고1_공통수학2/q08-solution.svg,EXISTS,2f28d2f6e33689fbfd1acb7749a68b659c8f864abaa9bba54a556d6333250e91,VISUAL_REQUIRED,INITIAL_TRIAGE_ONLY,,INVENTORIED,NOT_STARTED,NOT_TESTED,NOT_TESTED,NOT_TESTED,NOT_TESTED,NOT_TESTED,NOT_TESTED,,
h1:original/high/h1/2mid/25_순천여고_2학기_중간_고1_공통수학2.js_9,original/high/h1/2mid/25_순천여고_2학기_중간_고1_공통수학2.js_9,original/high/h1/2mid/25_순천여고_2학기_중간_고1_공통수학2.js,original/high/h1/2mid/25_순천여고_2학기_중간_고1_공통수학2.js,9,9,9,2025,2,mid,순천여고,2022,공통수학2,H22-C2-01,평면좌표,H22-C2-01,평면좌표,H22-C2-01-COORDINATE_METRIC,평면좌표와 거리,forward_standard_key,archive/question-index.js + archive/exams/original/high/h1/**/*.js,INCLUDED,c1dbf1f7e855fdf3b19d84152e35d88a94d11d75dc36a81990b82c8c1b2967d9,2a89cab1995e79822a11908f65401b344e71e21557a4598eed1f4a1374044ba3,,670aff0b4e9d1b40630925cb02d1d2779f6b3691b99cf35625d357cb4fd734ba,1856433793d3b6285d651e1300851f8575253b7823f39f9d2559ec68c2de5c23,true,189,,NONE,,VISUAL_REQUIRED,INITIAL_TRIAGE_ONLY,,INVENTORIED,NOT_STARTED,NOT_TESTED,NOT_TESTED,NOT_TESTED,NOT_TESTED,NOT_TESTED,NOT_TESTED,,
h1:original/high/h1/2mid/25_순천여고_2학기_중간_고1_공통수학2.js_10,original/high/h1/2mid/25_순천여고_2학기_중간_고1_공통수학2.js_10,original/high/h1/2mid/25_순천여고_2학기_중간_고1_공통수학2.js,original/high/h1/2mid/25_순천여고_2학기_중간_고1_공통수학2.js,10,10,10,2025,2,mid,순천여고,2022,공통수학2,H22-C2-02,직선의 방정식,H22-C2-02,직선의 방정식,H22-C2-02-LINE_EQUATION,직선의 방정식,forward_standard_key,archive/question-index.js + archive/exams/original/high/h1/**/*.js,INCLUDED,341a5e4fadc32598ecaee7fca89651e8d893974d1c96df1f3665e1dde9bd8b09,28f0aba66a5cb8e75c1ece519e47cd850fc1b82b2f2fddbd68969eb50a34cf7f,,9bc4cf5144ce1de090fb4b39016548e0fa2d36bc39ca66a5d0083203751da4eb,83e6092ecd6bc309821ab9a8e62b14ae36248ba226588affd06c3b8b0cc53a2a,true,236,,NONE,,VISUAL_REQUIRED,INITIAL_TRIAGE_ONLY,,INVENTORIED,NOT_STARTED,NOT_TESTED,NOT_TESTED,NOT_TESTED,NOT_TESTED,NOT_TESTED,NOT_TESTED,,
h1:original/high/h1/2mid/25_순천여고_2학기_중간_고1_공통수학2.js_12,original/high/h1/2mid/25_순천여고_2학기_중간_고1_공통수학2.js_12,original/high/h1/2mid/25_순천여고_2학기_중간_고1_공통수학2.js,original/high/h1/2mid/25_순천여고_2학기_중간_고1_공통수학2.js,12,12,12,2025,2,mid,순천여고,2022,공통수학2,H22-C2-02,직선의 방정식,H22-C2-02,직선의 방정식,H22-C2-02-LINE_EQUATION,직선의 방정식,forward_standard_key,archive/question-index.js + archive/exams/original/high/h1/**/*.js,INCLUDED,8cd98f54a9a16ee5bcbefea274c51392777d1298f6474c729c30deb5c516bcd0,166d857757a4eccda951d19fd253f1b0713a475ec2a14cba6f879a62a6364484,,f8d513d41d88f634063aaef1add71da3c7ab78cb3a32866c46941aa2f13f0268,711eed7fe79a395e8f48ffd663d52ea55d3d2864ab8e518c382b15cdcddd4b46,true,241,assets/images/25_순천여고_2학기_중간_고1_공통수학2/q12-solution.svg,EXISTS,f3e93b94e2f7bb47388b74181168bfb999b41fcc44f1be049cd82a9ff5d32cd2,REVIEW_REQUIRED,INITIAL_TRIAGE_ONLY,,INVENTORIED,NOT_STARTED,NOT_TESTED,NOT_TESTED,NOT_TESTED,NOT_TESTED,NOT_TESTED,NOT_TESTED,,
h1:original/high/h1/2mid/25_순천여고_2학기_중간_고1_공통수학2.js_13,original/high/h1/2mid/25_순천여고_2학기_중간_고1_공통수학2.js_13,original/high/h1/2mid/25_순천여고_2학기_중간_고1_공통수학2.js,original/high/h1/2mid/25_순천여고_2학기_중간_고1_공통수학2.js,13,13,13,2025,2,mid,순천여고,2022,공통수학2,H22-C2-02,직선의 방정식,H22-C2-02,직선의 방정식,H22-C2-02-LINE_EQUATION,직선의 방정식,forward_standard_key,archive/question-index.js + archive/exams/original/high/h1/**/*.js,INCLUDED,a9293aead18dc72da935a1a2c39f39356ad60f8328ce9c9d22b64b0d390c7d52,52cefa65115b2c588959783159ec5fa4d0ccaad2aea1b2967efb2f91e4cffa0d,,77460f48593dba1f1a74a2d1717575fb00a20bde6667068022e0eb41397a28b6,167c5653b8f78a0244fceced1246b852f718f797f4ad1540e66e64af58cc2aaf,true,241,,NONE,,VISUAL_REQUIRED,INITIAL_TRIAGE_ONLY,,INVENTORIED,NOT_STARTED,NOT_TESTED,NOT_TESTED,NOT_TESTED,NOT_TESTED,NOT_TESTED,NOT_TESTED,,
h1:original/high/h1/2mid/25_순천여고_2학기_중간_고1_공통수학2.js_14,original/high/h1/2mid/25_순천여고_2학기_중간_고1_공통수학2.js_14,original/high/h1/2mid/25_순천여고_2학기_중간_고1_공통수학2.js,original/high/h1/2mid/25_순천여고_2학기_중간_고1_공통수학2.js,14,14,14,2025,2,mid,순천여고,2022,공통수학2,H22-C2-03,원의 방정식,H22-C2-03,원의 방정식,H22-C2-03-CIRCLE_EQUATION,원의 방정식,forward_standard_key,archive/question-index.js + archive/exams/original/high/h1/**/*.js,INCLUDED,7e48fa341d99f688ba9ff603b3ec4e4d35e358d6b33ad1ff425de32ce9135d97,64e876abcb7524ca817a310b9a8e6a573929e4c5d3f966ee6136c1ecb935b126,,78ecc9be693812f898e7ff70ad8bb15c45fdbf4dd2eac2195e3b8f641dbb235e,15522c581a3403925644d675c225abfd18457f8cdb583f7a25ec200b582e95a4,true,472,assets/images/25_순천여고_2학기_중간_고1_공통수학2/q14-solution.svg,EXISTS,ae0492ce9b3da9f8c49e763a2709ab453ec0b4b0a9409495512fc1a9d5ddf657,VISUAL_REQUIRED,INITIAL_TRIAGE_ONLY,,INVENTORIED,NOT_STARTED,NOT_TESTED,NOT_TESTED,NOT_TESTED,NOT_TESTED,NOT_TESTED,NOT_TESTED,,
h1:original/high/h1/2mid/25_순천여고_2학기_중간_고1_공통수학2.js_15,original/high/h1/2mid/25_순천여고_2학기_중간_고1_공통수학2.js_15,original/high/h1/2mid/25_순천여고_2학기_중간_고1_공통수학2.js,original/high/h1/2mid/25_순천여고_2학기_중간_고1_공통수학2.js,15,15,15,2025,2,mid,순천여고,2022,공통수학2,H22-C2-04,도형의 이동,H22-C2-04,도형의 이동,H22-C2-04-CORE,도형의 이동 핵심 개념,forward_standard_key,archive/question-index.js + archive/exams/original/high/h1/**/*.js,INCLUDED,76b3e38b37faef50b3e8f150745fd142be410bb5b8d07dfcba99bfbc81e95dd1,c99fd4485ab70743d96d45f17670bfcf774c5557892a29d92d28282f45840004,,391b96c1ab3c08bf6afe12dcead979e60e55d2168ce7c77fdf629047f41dd0ef,47069274439377c1c7c7c6ca4bec4b28f398e27d6f7e22defcaa0bbf8680194c,true,437,assets/images/25_순천여고_2학기_중간_고1_공통수학2/q15-solution.svg,EXISTS,bef45dee58c75f5da24b3bcf02b6e66a9f98e948e693384e2bde30270e53d623,VISUAL_REQUIRED,INITIAL_TRIAGE_ONLY,,INVENTORIED,NOT_STARTED,NOT_TESTED,NOT_TESTED,NOT_TESTED,NOT_TESTED,NOT_TESTED,NOT_TESTED,,
h1:original/high/h1/2mid/25_순천여고_2학기_중간_고1_공통수학2.js_17,original/high/h1/2mid/25_순천여고_2학기_중간_고1_공통수학2.js_17,original/high/h1/2mid/25_순천여고_2학기_중간_고1_공통수학2.js,original/high/h1/2mid/25_순천여고_2학기_중간_고1_공통수학2.js,17,17,17,2025,2,mid,순천여고,2022,공통수학2,H22-C2-03,원의 방정식,H22-C2-03,원의 방정식,H22-C2-03-CIRCLE_EQUATION,원의 방정식,forward_standard_key,archive/question-index.js + archive/exams/original/high/h1/**/*.js,INCLUDED,1253a1f8ab5c63e2a32cb5a4c344fe52b540591ab87b1dd9a083b587a2213702,24eef86757d7621e8f1517fb86c9c3fa365f3b0164c2a1c9761ac7fd2310b084,,373ffab34c37a6c779330285a37cfb72dcb81d1a6378a88152114af867521d87,d7e66789159db79cc4976b6a7dd153ecc9cd0a36b2c2aa74a965c0c1eb273209,true,329,assets/images/25_순천여고_2학기_중간_고1_공통수학2/q17-solution.svg,EXISTS,911eb50dfb2505072484c4fe43cc31076d6f641432af56c8639a60e43044afe6,VISUAL_REQUIRED,INITIAL_TRIAGE_ONLY,,INVENTORIED,NOT_STARTED,NOT_TESTED,NOT_TESTED,NOT_TESTED,NOT_TESTED,NOT_TESTED,NOT_TESTED,,
h1:original/high/h1/2mid/25_순천여고_2학기_중간_고1_공통수학2.js_18,original/high/h1/2mid/25_순천여고_2학기_중간_고1_공통수학2.js_18,original/high/h1/2mid/25_순천여고_2학기_중간_고1_공통수학2.js,original/high/h1/2mid/25_순천여고_2학기_중간_고1_공통수학2.js,18,18,18,2025,2,mid,순천여고,2022,공통수학2,H22-C2-04,도형의 이동,H22-C2-04,도형의 이동,H22-C2-04-CORE,도형의 이동 핵심 개념,forward_standard_key,archive/question-index.js + archive/exams/original/high/h1/**/*.js,INCLUDED,c5b335350b201141f20699c8ff46ce976ba09be169b7c955392a3283e4eb3b8e,7b974e918494c8268e6daee20ec047b48899dfe2b45975592559e353b880eec7,,059d2517c19b19d4b3ca79cb136163dfdb845132ca11b081f7eb8553b3956122,5483f00e359eb08342392e243d0a9e87a3d359cf49da261bbbfce928facbd4b1,true,247,,NONE,,VISUAL_REQUIRED,INITIAL_TRIAGE_ONLY,,INVENTORIED,NOT_STARTED,NOT_TESTED,NOT_TESTED,NOT_TESTED,NOT_TESTED,NOT_TESTED,NOT_TESTED,,
h1:original/high/h1/2mid/25_순천여고_2학기_중간_고1_공통수학2.js_19,original/high/h1/2mid/25_순천여고_2학기_중간_고1_공통수학2.js_19,original/high/h1/2mid/25_순천여고_2학기_중간_고1_공통수학2.js,original/high/h1/2mid/25_순천여고_2학기_중간_고1_공통수학2.js,19,19,19,2025,2,mid,순천여고,2022,공통수학2,H22-C2-02,직선의 방정식,H22-C2-02,직선의 방정식,H22-C2-02-LINE_EQUATION,직선의 방정식,forward_standard_key,archive/question-index.js + archive/exams/original/high/h1/**/*.js,INCLUDED,580cb5b5aee7895c40e0a56a82c4b01d050680ceb1cf49d64b75f1162db6b185,be1f6708078585d6d694c3c2ec283c47a4c80b3415599c505457149b6d3110af,,413a410fe96dec19dc15dfc81bd0e8b4f02d34ac962ba053fe73742229301ae2,34bbf8dff55e470ad42b22617715af950ba0091281c4c6d98a42513da5fc488b,true,359,assets/images/25_순천여고_2학기_중간_고1_공통수학2/q19-solution.svg,EXISTS,ce9a74054e4f10a43b84a1a1f31b848a45e172ac39fdb779126276df88bf41dc,REVIEW_REQUIRED,INITIAL_TRIAGE_ONLY,,INVENTORIED,NOT_STARTED,NOT_TESTED,NOT_TESTED,NOT_TESTED,NOT_TESTED,NOT_TESTED,NOT_TESTED,,
h1:original/high/h1/2mid/25_순천여고_2학기_중간_고1_공통수학2.js_20,original/high/h1/2mid/25_순천여고_2학기_중간_고1_공통수학2.js_20,original/high/h1/2mid/25_순천여고_2학기_중간_고1_공통수학2.js,original/high/h1/2mid/25_순천여고_2학기_중간_고1_공통수학2.js,20,20,20,2025,2,mid,순천여고,2022,공통수학2,H22-C2-02,직선의 방정식,H22-C2-02,직선의 방정식,H22-C2-02-EQUATION_BASIC,방정식의 풀이,forward_standard_key,archive/question-index.js + archive/exams/original/high/h1/**/*.js,INCLUDED,cb17fa81fb61a8b08ceffc44b556709a48e0e89bc4e82a9ec016ff71b1f275ea,4f091a2d6fc201503bf622e4c4b686caf0c1fb3d2dcf1f3092acf33218b10041,,6bc52cf2487b88a17f6c2a5c731ca82fc8775ec59555d235f132d698cc2971b6,168e71b734e6e97e8906a257840564b0c201c4ed1d73d59c8ff9abe1f813c9b0,true,467,assets/images/25_순천여고_2학기_중간_고1_공통수학2/q20-solution.svg,EXISTS,11bd4394b024c0ca212a533d593fcc7f4c4f4d50f41ba7af71287e1ffa314eff,REVIEW_REQUIRED,INITIAL_TRIAGE_ONLY,,INVENTORIED,NOT_STARTED,NOT_TESTED,NOT_TESTED,NOT_TESTED,NOT_TESTED,NOT_TESTED,NOT_TESTED,,
h1:original/high/h1/2mid/25_순천여고_2학기_중간_고1_공통수학2.js_21,original/high/h1/2mid/25_순천여고_2학기_중간_고1_공통수학2.js_21,original/high/h1/2mid/25_순천여고_2학기_중간_고1_공통수학2.js,original/high/h1/2mid/25_순천여고_2학기_중간_고1_공통수학2.js,21,21,21,2025,2,mid,순천여고,2022,공통수학2,H22-C2-03,원의 방정식,H22-C2-03,원의 방정식,H22-C2-03-CIRCLE_EQUATION,원의 방정식,forward_standard_key,archive/question-index.js + archive/exams/original/high/h1/**/*.js,INCLUDED,160007a6f5d453b88e801c7a2d5d0a468b8c2e878a400aa668d88dd5d44aa63b,020a31dc760396e5f20f11a9e172321a5f215daeeb0faf2ff7b23f543f4610aa,,d5527fc50ec11d2ce3c50d3ac943a66df47689a948d105d4e4259e1db7665186,9b321bafaa9be01f3de5509d38c7d01db85692b58cf40699b0c0607dd2b25766,true,597,assets/images/25_순천여고_2학기_중간_고1_공통수학2/q21-solution.svg,EXISTS,9536abf5304c667088afc941f12cd8f2e21096188ec0ab26aa95528f80406031,VISUAL_REQUIRED,INITIAL_TRIAGE_ONLY,,INVENTORIED,NOT_STARTED,NOT_TESTED,NOT_TESTED,NOT_TESTED,NOT_TESTED,NOT_TESTED,NOT_TESTED,,
h1:original/high/h1/2mid/25_제일고_2학기_중간_고1_기출.js_10,original/high/h1/2mid/25_제일고_2학기_중간_고1_기출.js_10,original/high/h1/2mid/25_제일고_2학기_중간_고1_기출.js,original/high/h1/2mid/25_제일고_2학기_중간_고1_기출.js,10,10,10,2025,2,mid,제일고,2022,공통수학2,H22-C2-01,평면좌표,H22-C2-01,평면좌표,H22-C2-01-COORDINATE_METRIC,평면좌표와 거리,forward_standard_key,archive/question-index.js + archive/exams/original/high/h1/**/*.js,INCLUDED,aa289713b4b2a45cde9a38d442c4c12ebfbf57d9329b89b6d9a79f8c11d2db28,f397ea63c3efdbaf880511b8c3a3e81a0c8dc82158c9c2c113556c89ff9001fb,,abf77ca08bdd692aeb98df9c413d184b9000f9532494c4e1858c149f2f9c84ad,53ea0f022f2cc118a4df310baa985b37ef613df8bb0e6f014f77487f5979b3a2,true,231,,NONE,,REVIEW_REQUIRED,INITIAL_TRIAGE_ONLY,,INVENTORIED,NOT_STARTED,NOT_TESTED,NOT_TESTED,NOT_TESTED,NOT_TESTED,NOT_TESTED,NOT_TESTED,,
h1:original/high/h1/2mid/25_제일고_2학기_중간_고1_기출.js_11,original/high/h1/2mid/25_제일고_2학기_중간_고1_기출.js_11,original/high/h1/2mid/25_제일고_2학기_중간_고1_기출.js,original/high/h1/2mid/25_제일고_2학기_중간_고1_기출.js,11,11,11,2025,2,mid,제일고,2022,공통수학2,H22-C2-01,평면좌표,H22-C2-01,평면좌표,H22-C2-01-COORDINATE_METRIC,평면좌표와 거리,forward_standard_key,archive/question-index.js + archive/exams/original/high/h1/**/*.js,INCLUDED,fdc4fc5634c41204c9cb3b2c0b3b2e50d2407aeb5bf0cb7730fa06f587592ed7,7a9c8f45d8a52cf594d11c0356563789d23b36fb9d04e81503c54478bbd0da2d,,ecf86c8f7c5c6ed8135dee060b8e6f915aa2cc377ae496c0b7d0e7593f2a9789,df6abb8d22b72b86a7ef2ffeec8d3f5620c4a1a4372deb794ed01997419de326,true,291,,NONE,,VISUAL_REQUIRED,INITIAL_TRIAGE_ONLY,,INVENTORIED,NOT_STARTED,NOT_TESTED,NOT_TESTED,NOT_TESTED,NOT_TESTED,NOT_TESTED,NOT_TESTED,,
h1:original/high/h1/2mid/25_제일고_2학기_중간_고1_기출.js_12,original/high/h1/2mid/25_제일고_2학기_중간_고1_기출.js_12,original/high/h1/2mid/25_제일고_2학기_중간_고1_기출.js,original/high/h1/2mid/25_제일고_2학기_중간_고1_기출.js,12,12,12,2025,2,mid,제일고,2022,공통수학2,H22-C2-02,직선의 방정식,H22-C2-02,직선의 방정식,H22-C2-02-LINE_EQUATION,직선의 방정식,forward_standard_key,archive/question-index.js + archive/exams/original/high/h1/**/*.js,INCLUDED,566090a0544634424c716223a8b451259281987e44bf5f01196db2756e031834,c0d2518791aa9c0620119231f06983e80b61b4e5820e4ffd6e0a0ec5984f24a9,,827035fd1f7e09d387cbb01f3b157ee811428d4b5ed3956edf4f1cfe71bb5202,1f9cb3bd68b5ed09303e6d509409b34f0b392cd87623ea7b56d12546b1f58bcd,true,302,assets/images/25_제일고_2학기_중간_고1_기출/q12-solution.svg,EXISTS,b477a0163e6317b96524daa5f6ac5e28c8898fc6f99a0b1837ca11451f64fb3a,REVIEW_REQUIRED,INITIAL_TRIAGE_ONLY,,INVENTORIED,NOT_STARTED,NOT_TESTED,NOT_TESTED,NOT_TESTED,NOT_TESTED,NOT_TESTED,NOT_TESTED,,
h1:original/high/h1/2mid/25_제일고_2학기_중간_고1_기출.js_13,original/high/h1/2mid/25_제일고_2학기_중간_고1_기출.js_13,original/high/h1/2mid/25_제일고_2학기_중간_고1_기출.js,original/high/h1/2mid/25_제일고_2학기_중간_고1_기출.js,13,13,13,2025,2,mid,제일고,2022,공통수학2,H22-C2-03,원의 방정식,H22-C2-03,원의 방정식,H22-C2-03-CIRCLE_EQUATION,원의 방정식,forward_standard_key,archive/question-index.js + archive/exams/original/high/h1/**/*.js,INCLUDED,495b7265f96ec5ddb6829543a2f10b1b56ee257ecfb1878c5c4446a0d12011a9,5f8b4b89a071c392cc5e82c0268562a7bc6f9249ecfeb79809bd924618346d4b,,1001d3da77e4491756beb6cce246dd1d47f292888678f49932826d1ee478d774,d039e54c32851cd45251e6fe3540b521e3f0b420426637efeec6f0c9a150d725,true,565,assets/images/25_제일고_2학기_중간_고1_기출/q13-solution.svg,EXISTS,49c79da90967613f7cb4d889a0d1e15d962816f1d46bdbba6ed9cfb121c85279,VISUAL_REQUIRED,INITIAL_TRIAGE_ONLY,,INVENTORIED,NOT_STARTED,NOT_TESTED,NOT_TESTED,NOT_TESTED,NOT_TESTED,NOT_TESTED,NOT_TESTED,,
h1:original/high/h1/2mid/25_제일고_2학기_중간_고1_기출.js_14,original/high/h1/2mid/25_제일고_2학기_중간_고1_기출.js_14,original/high/h1/2mid/25_제일고_2학기_중간_고1_기출.js,original/high/h1/2mid/25_제일고_2학기_중간_고1_기출.js,14,14,14,2025,2,mid,제일고,2022,공통수학2,H22-C2-02,직선의 방정식,H22-C2-02,직선의 방정식,H22-C2-02-LINE_EQUATION,직선의 방정식,forward_standard_key,archive/question-index.js + archive/exams/original/high/h1/**/*.js,INCLUDED,325f4e3334a034207744d2851c2f8ce79dc8056707fda52046be21458a5c81c7,83aac6fc5df4d3409d11a9dfeeb4e24c069debd6232d290c2ed5cd5ffd238678,,88a2173d06a1418fde5efd3d45d7064bbc344e497705f1902a0e0623e52ab63c,a6a21b0c61751b77ed3478d35e455b2557b9e7bec224ab2d4b50c703856a8f18,true,329,,NONE,,VISUAL_REQUIRED,INITIAL_TRIAGE_ONLY,,INVENTORIED,NOT_STARTED,NOT_TESTED,NOT_TESTED,NOT_TESTED,NOT_TESTED,NOT_TESTED,NOT_TESTED,,
h1:original/high/h1/2mid/25_제일고_2학기_중간_고1_기출.js_15,original/high/h1/2mid/25_제일고_2학기_중간_고1_기출.js_15,original/high/h1/2mid/25_제일고_2학기_중간_고1_기출.js,original/high/h1/2mid/25_제일고_2학기_중간_고1_기출.js,15,15,15,2025,2,mid,제일고,2022,공통수학2,H22-C2-02,직선의 방정식,H22-C2-02,직선의 방정식,H22-C2-02-LINE_EQUATION,직선의 방정식,forward_standard_key,archive/question-index.js + archive/exams/original/high/h1/**/*.js,INCLUDED,27874b1e0128c3a05e9110fdb4472578b88b5764bd2b368351fdcbd8fe8a10fc,6ce2a07db0e90e633039f08c734711e17b1d6501bb157d259adfe0b6b512244d,,caad925cb39ab5e6f62cda97102f0d3f9535806327757e0524cfcaeb5f9be794,d89d54f7a507dc638ba7350b2a77f782c2dea33191f076bbec349284cf4d166c,true,579,assets/images/25_제일고_2학기_중간_고1_기출/q15-solution.svg,EXISTS,74f4309c2c9abdc14429bca3f737629b5d2bcd67c38c1efca4eb607f7b38a062,VISUAL_REQUIRED,INITIAL_TRIAGE_ONLY,,INVENTORIED,NOT_STARTED,NOT_TESTED,NOT_TESTED,NOT_TESTED,NOT_TESTED,NOT_TESTED,NOT_TESTED,,
h1:original/high/h1/2mid/25_제일고_2학기_중간_고1_기출.js_16,original/high/h1/2mid/25_제일고_2학기_중간_고1_기출.js_16,original/high/h1/2mid/25_제일고_2학기_중간_고1_기출.js,original/high/h1/2mid/25_제일고_2학기_중간_고1_기출.js,16,16,16,2025,2,mid,제일고,2022,공통수학2,H22-C2-03,원의 방정식,H22-C2-03,원의 방정식,H22-C2-03-CIRCLE_EQUATION,원의 방정식,forward_standard_key,archive/question-index.js + archive/exams/original/high/h1/**/*.js,INCLUDED,20ef752e9eec8874bd6caca1db4f977b1f4cd6870d34561fb259b196e48ddcc1,4f7dbb4ada1d481cc6d9b0958d377e757c108f992616e2b7b6106eab4012b595,,68a8e8577d4c9c44f0f62e10c18628179f27b81bbc3faff601638a2e123ae948,08945be658288f9ed5a8f18db2b688b3e5a05ab0d5f142b68de1290fc4e5df30,true,1007,assets/images/25_제일고_2학기_중간_고1_기출/q16-solution.svg,EXISTS,225105cf1aa0638db8308528cbe8dbc7d4c48b542d0b4a90d41e4c8282ff1e35,VISUAL_REQUIRED,INITIAL_TRIAGE_ONLY,,INVENTORIED,NOT_STARTED,NOT_TESTED,NOT_TESTED,NOT_TESTED,NOT_TESTED,NOT_TESTED,NOT_TESTED,,
h1:original/high/h1/2mid/25_제일고_2학기_중간_고1_기출.js_17,original/high/h1/2mid/25_제일고_2학기_중간_고1_기출.js_17,original/high/h1/2mid/25_제일고_2학기_중간_고1_기출.js,original/high/h1/2mid/25_제일고_2학기_중간_고1_기출.js,17,17,17,2025,2,mid,제일고,2022,공통수학2,H22-C2-03,원의 방정식,H22-C2-03,원의 방정식,H22-C2-03-CIRCLE_EQUATION,원의 방정식,forward_standard_key,archive/question-index.js + archive/exams/original/high/h1/**/*.js,INCLUDED,b42433e3fa12af6e6e02e1cc61ce9b468b72e794afd090a40e1b09f42f952965,8874c9a37c73613e3e1a0ec2afc35b3e27a4d373208349d82fa7604a5fac1106,,5c1f77f03ce6cf18491a6c42f764736764349e4d895251c1835cd597f9a9203a,e847ff669a339137483dbb7dffa6fc306e3a3880b091f14601916f5549ebea3a,true,809,assets/images/25_제일고_2학기_중간_고1_기출/q17-solution.svg,EXISTS,69cb4376f486aeb490bbfb8d837cca91621074704883c0845325c0550395c2d0,VISUAL_REQUIRED,INITIAL_TRIAGE_ONLY,,INVENTORIED,NOT_STARTED,NOT_TESTED,NOT_TESTED,NOT_TESTED,NOT_TESTED,NOT_TESTED,NOT_TESTED,,
h1:original/high/h1/2mid/25_제일고_2학기_중간_고1_기출.js_18,original/high/h1/2mid/25_제일고_2학기_중간_고1_기출.js_18,original/high/h1/2mid/25_제일고_2학기_중간_고1_기출.js,original/high/h1/2mid/25_제일고_2학기_중간_고1_기출.js,18,18,18,2025,2,mid,제일고,2022,공통수학2,H22-C2-04,도형의 이동,H22-C2-04,도형의 이동,H22-C2-04-CORE,도형의 이동 핵심 개념,forward_standard_key,archive/question-index.js + archive/exams/original/high/h1/**/*.js,INCLUDED,6122a6e56cd2f2270bcdb8d1b6ef84ec3a1d04d5266c922c2fec1af64a15596c,daa592c6fd98d990e94c81047d61780331a07032aee85fa74ccc13b33d5bb312,,6d71165b7338f33e89e4ca358ff6539fad1e58368c41b65bb6023deeb4caad5b,4537959fba8cafde6a75d569a08b3244fdb296ca5f00ff4e7e99e78574484ab3,true,694,assets/images/25_제일고_2학기_중간_고1_기출/q18-solution.svg,EXISTS,c0f763fbd19840e60a3dd81bc9cc18100dfbe748cc1a76d191fba32e18d0df47,VISUAL_REQUIRED,INITIAL_TRIAGE_ONLY,,INVENTORIED,NOT_STARTED,NOT_TESTED,NOT_TESTED,NOT_TESTED,NOT_TESTED,NOT_TESTED,NOT_TESTED,,
h1:original/high/h1/2mid/25_제일고_2학기_중간_고1_기출.js_20,original/high/h1/2mid/25_제일고_2학기_중간_고1_기출.js_20,original/high/h1/2mid/25_제일고_2학기_중간_고1_기출.js,original/high/h1/2mid/25_제일고_2학기_중간_고1_기출.js,20,20,20,2025,2,mid,제일고,2022,공통수학2,H22-C2-01,평면좌표,H22-C2-01,평면좌표,H22-C2-01-COORDINATE_METRIC,평면좌표와 거리,forward_standard_key,archive/question-index.js + archive/exams/original/high/h1/**/*.js,INCLUDED,173c5000bfbb6f9603f9cf3def31222bf60f80e670f49788c7f4a86856d5f0a1,1dc0136c5cf17ac67a89d2539ffba2b3958cf587eeef0833c8f811f5a2d70458,,aff68cefd7a2895aea0b5ee34cb63a03d1b74eea9e232a1be588f01d2722c354,b1f908a6c7f0f16de3fa60760b273139f639df4bd09cc9ca6b1dc0db0a84d81f,true,353,,NONE,,VISUAL_REQUIRED,INITIAL_TRIAGE_ONLY,,INVENTORIED,NOT_STARTED,NOT_TESTED,NOT_TESTED,NOT_TESTED,NOT_TESTED,NOT_TESTED,NOT_TESTED,,
h1:original/high/h1/2mid/25_제일고_2학기_중간_고1_기출.js_22,original/high/h1/2mid/25_제일고_2학기_중간_고1_기출.js_22,original/high/h1/2mid/25_제일고_2학기_중간_고1_기출.js,original/high/h1/2mid/25_제일고_2학기_중간_고1_기출.js,22,22,22,2025,2,mid,제일고,2022,공통수학2,H22-C2-03,원의 방정식,H22-C2-03,원의 방정식,H22-C2-03-CIRCLE_EQUATION,원의 방정식,forward_standard_key,archive/question-index.js + archive/exams/original/high/h1/**/*.js,INCLUDED,b931938c26ce556b4387978bf0515d688dd12fafc578b916c49ade32e1a2f715,5f0354c16a08b4c92461e7c63bd0097f81609ea5e2dbbda45c6c1363ce847545,,2336713dc9c1d85d3a354e03122452f91cec5f0e24ffa22fcc7d485c57296293,3a852c949587500fa9cc800fb2301065fb4d09897f13c89af10b60ef81f8de17,true,706,assets/images/25_제일고_2학기_중간_고1_기출/q22-solution.svg,EXISTS,48b7eaf6353b98c1c0433013d5acf20aef62e6480540b610ae904412af5ba988,VISUAL_REQUIRED,INITIAL_TRIAGE_ONLY,,INVENTORIED,NOT_STARTED,NOT_TESTED,NOT_TESTED,NOT_TESTED,NOT_TESTED,NOT_TESTED,NOT_TESTED,,
h1:original/high/h1/2mid/25_효천고_2학기_중간_고1_기출.js_1,original/high/h1/2mid/25_효천고_2학기_중간_고1_기출.js_1,original/high/h1/2mid/25_효천고_2학기_중간_고1_기출.js,original/high/h1/2mid/25_효천고_2학기_중간_고1_기출.js,1,1,1,2025,2,mid,효천고,2022,공통수학2,H22-C2-01,평면좌표,H22-C2-01,평면좌표,H22-C2-01-COORDINATE_METRIC,평면좌표와 거리,forward_standard_key,archive/question-index.js + archive/exams/original/high/h1/**/*.js,INCLUDED,f275733edba95c9a89a72102a23e9db2597a6e8214c4ca5cb3154ae83c9b4058,85655f219929b105f050e400d52bcca007ed504114eb0aedb9a9a535a9e16f00,,9750e64abfc30d897b51e9ab89dfeef5e2c7fbed6817b521742130e3de0f9d9a,1a4e682eacd9a20440c155a661046a05267438bf8cf14a38e9457662a67dc073,true,244,,NONE,,REVIEW_REQUIRED,INITIAL_TRIAGE_ONLY,,INVENTORIED,NOT_STARTED,NOT_TESTED,NOT_TESTED,NOT_TESTED,NOT_TESTED,NOT_TESTED,NOT_TESTED,,
h1:original/high/h1/2mid/25_효천고_2학기_중간_고1_기출.js_2,original/high/h1/2mid/25_효천고_2학기_중간_고1_기출.js_2,original/high/h1/2mid/25_효천고_2학기_중간_고1_기출.js,original/high/h1/2mid/25_효천고_2학기_중간_고1_기출.js,2,2,2,2025,2,mid,효천고,2022,공통수학2,H22-C2-02,직선의 방정식,H22-C2-02,직선의 방정식,H22-C2-02-LINE_EQUATION,직선의 방정식,forward_standard_key,archive/question-index.js + archive/exams/original/high/h1/**/*.js,INCLUDED,aae610d04299b0ee1edbef848980487cd19b28f1f0490d77cc8c51d28da92326,c55bf81123f92a9c9a5e492687f90dba19e79029603691d8e7a9ddfd9a41d4aa,,130e27914bbdc5b39b17e0576bab1962246faeced1c72fc718b4ce79eee1c57a,2886b490b058436c55fd5ab9971a60ae071dcfe4451ce13fb4bc9906cf627487,true,205,,NONE,,VISUAL_REQUIRED,INITIAL_TRIAGE_ONLY,,INVENTORIED,NOT_STARTED,NOT_TESTED,NOT_TESTED,NOT_TESTED,NOT_TESTED,NOT_TESTED,NOT_TESTED,,
h1:original/high/h1/2mid/25_효천고_2학기_중간_고1_기출.js_3,original/high/h1/2mid/25_효천고_2학기_중간_고1_기출.js_3,original/high/h1/2mid/25_효천고_2학기_중간_고1_기출.js,original/high/h1/2mid/25_효천고_2학기_중간_고1_기출.js,3,3,3,2025,2,mid,효천고,2022,공통수학2,H22-C2-03,원의 방정식,H22-C2-03,원의 방정식,H22-C2-03-CIRCLE_EQUATION,원의 방정식,forward_standard_key,archive/question-index.js + archive/exams/original/high/h1/**/*.js,INCLUDED,e1fe482771eecd9c34e64206e68d1075a873b6daec14e2961c5be6977c216ae1,e5a82d056a4db4b82b979a803c7cc83e09cbc6e76f28adc851a373c824bab259,,8c553706ce98fe6f2d44c6e56f07d2f149c358c30d9c4abde68d3c7dd295529f,2c30ecade0eedc0eee376068d3ad1b5539e367c6443f5bcca4c68693fc3ea3c1,true,375,assets/images/25_효천고_2학기_중간_고1_기출/q03-solution.svg,EXISTS,3208ec847fd87a1907669b72f0b0fb2b795407361335c0ce34bc2fa4fda9cce8,VISUAL_REQUIRED,INITIAL_TRIAGE_ONLY,,INVENTORIED,NOT_STARTED,NOT_TESTED,NOT_TESTED,NOT_TESTED,NOT_TESTED,NOT_TESTED,NOT_TESTED,,
h1:original/high/h1/2mid/25_효천고_2학기_중간_고1_기출.js_4,original/high/h1/2mid/25_효천고_2학기_중간_고1_기출.js_4,original/high/h1/2mid/25_효천고_2학기_중간_고1_기출.js,original/high/h1/2mid/25_효천고_2학기_중간_고1_기출.js,4,4,4,2025,2,mid,효천고,2022,공통수학2,H22-C2-03,원의 방정식,H22-C2-03,원의 방정식,H22-C2-03-CIRCLE_EQUATION,원의 방정식,forward_standard_key,archive/question-index.js + archive/exams/original/high/h1/**/*.js,INCLUDED,6d220709eb28a19b0e2468d972c1d4237f79ab62de452b4dbec6a1982e599b6a,e661774f2a3369f0be99903718d8e66ecc9b5d10372fe5c128d9475f079088d5,,bd62f1a9700a9e2f524cc9bde0008d7942b91ac991f4f13b1c9b609922af3d36,489a1c03ea088747b21cbaa8dffaf53930f05c72a14063246b94de1984e7927b,true,530,assets/images/25_효천고_2학기_중간_고1_기출/q04-solution.svg,EXISTS,e8cffa56d1c16824f73bafa4a4cb5828735f070b6689e033f773682a7b0c791a,VISUAL_REQUIRED,INITIAL_TRIAGE_ONLY,,INVENTORIED,NOT_STARTED,NOT_TESTED,NOT_TESTED,NOT_TESTED,NOT_TESTED,NOT_TESTED,NOT_TESTED,,
h1:original/high/h1/2mid/25_효천고_2학기_중간_고1_기출.js_6,original/high/h1/2mid/25_효천고_2학기_중간_고1_기출.js_6,original/high/h1/2mid/25_효천고_2학기_중간_고1_기출.js,original/high/h1/2mid/25_효천고_2학기_중간_고1_기출.js,6,6,6,2025,2,mid,효천고,2022,공통수학2,H22-C2-03,원의 방정식,H22-C2-03,원의 방정식,H22-C2-03-CIRCLE_EQUATION,원의 방정식,forward_standard_key,archive/question-index.js + archive/exams/original/high/h1/**/*.js,INCLUDED,e2757e913952bb0032c11b6c316bea90cb789e4996d3103adf14a702d2c44454,3c3ca25bbbfb47f6c7d1fb4e990539bb50296a2a789ad56c6196b2a4c83fe433,,1fb3ccda703c65c92399241c1e16790521e485176ae6e4d5471cf03be7a3be94,3d652e329d3c35dd3dc7cee26f4b1d9c2be1d9384fbcaca9ba9efe0714734537,true,433,assets/images/25_효천고_2학기_중간_고1_기출/q06-solution.svg,EXISTS,90b44ec322bdde5c740457ab8e3731a9a72b230c41d3b7e2d92feb3a894bed3e,VISUAL_REQUIRED,INITIAL_TRIAGE_ONLY,,INVENTORIED,NOT_STARTED,NOT_TESTED,NOT_TESTED,NOT_TESTED,NOT_TESTED,NOT_TESTED,NOT_TESTED,,
h1:original/high/h1/2mid/25_효천고_2학기_중간_고1_기출.js_7,original/high/h1/2mid/25_효천고_2학기_중간_고1_기출.js_7,original/high/h1/2mid/25_효천고_2학기_중간_고1_기출.js,original/high/h1/2mid/25_효천고_2학기_중간_고1_기출.js,7,7,7,2025,2,mid,효천고,2022,공통수학2,H22-C2-02,직선의 방정식,H22-C2-02,직선의 방정식,H22-C2-02-RELATION,두 직선의 관계,forward_standard_key,archive/question-index.js + archive/exams/original/high/h1/**/*.js,INCLUDED,2f3cb88c0aa794af865d755430ff13cd3c7c192c96f4fb709126a9cf8f28cfaa,2e1e33c09581fbed4105ae495c758ffb3f9153d472b415e411a2fa4eb72e48b4,,64e17c6f66b31b251ee2516fbdce8682048e80f9501070b23a21af4807e01e40,b166a0129a97ecf3bd78d8d43362daa0baea0eadeba5f9ae3ec6208a144130dc,true,223,,NONE,,VISUAL_REQUIRED,INITIAL_TRIAGE_ONLY,,INVENTORIED,NOT_STARTED,NOT_TESTED,NOT_TESTED,NOT_TESTED,NOT_TESTED,NOT_TESTED,NOT_TESTED,,
h1:original/high/h1/2mid/25_효천고_2학기_중간_고1_기출.js_8,original/high/h1/2mid/25_효천고_2학기_중간_고1_기출.js_8,original/high/h1/2mid/25_효천고_2학기_중간_고1_기출.js,original/high/h1/2mid/25_효천고_2학기_중간_고1_기출.js,8,8,8,2025,2,mid,효천고,2022,공통수학2,H22-C2-02,직선의 방정식,H22-C2-02,직선의 방정식,H22-C2-02-LINE_EQUATION,직선의 방정식,forward_standard_key,archive/question-index.js + archive/exams/original/high/h1/**/*.js,INCLUDED,1f35a330a6443d324d044a1b9dbe159e032d80eacdd40b41324f682978ed6774,6fb01bd042f5523fa34c5d57f62c142e9e0e16598fc0c71beef245c64514a094,,776935cf501d39cfb2324f5e89c5f198d930e3d0bd86b68ca3f508431fc81339,165cdb89549e7e3e04716f0b7cae5bbc268a8a104cf79a3009758661702766e9,true,417,,NONE,,VISUAL_REQUIRED,INITIAL_TRIAGE_ONLY,,INVENTORIED,NOT_STARTED,NOT_TESTED,NOT_TESTED,NOT_TESTED,NOT_TESTED,NOT_TESTED,NOT_TESTED,,
h1:original/high/h1/2mid/25_효천고_2학기_중간_고1_기출.js_11,original/high/h1/2mid/25_효천고_2학기_중간_고1_기출.js_11,original/high/h1/2mid/25_효천고_2학기_중간_고1_기출.js,original/high/h1/2mid/25_효천고_2학기_중간_고1_기출.js,11,11,11,2025,2,mid,효천고,2022,공통수학2,H22-C2-03,원의 방정식,H22-C2-03,원의 방정식,H22-C2-03-CIRCLE_EQUATION,원의 방정식,forward_standard_key,archive/question-index.js + archive/exams/original/high/h1/**/*.js,INCLUDED,8c041e7b0ff8009e69a79758bad52a26847e62bb6b8dd25737a32a8a0e6cd0eb,8fedd4ce3c3e5ab3cd929682405080e5603b12db85f99d739d7da53be5dc1a81,,a33326b4f81c92f44551fe8d4176741e757fb2a7cd422b29b34a0d81a5261eed,de29cb008f1a839b1122e4a49e657e035500f45bab7062b93ca0c458e06f015d,true,627,assets/images/25_효천고_2학기_중간_고1_기출/q11-solution.svg,EXISTS,d05851bb0476a3a3863bf45b3e29e7a0fe2d699be1fc6b5b66d6aaebac535ed0,VISUAL_REQUIRED,INITIAL_TRIAGE_ONLY,,INVENTORIED,NOT_STARTED,NOT_TESTED,NOT_TESTED,NOT_TESTED,NOT_TESTED,NOT_TESTED,NOT_TESTED,,
h1:original/high/h1/2mid/25_효천고_2학기_중간_고1_기출.js_12,original/high/h1/2mid/25_효천고_2학기_중간_고1_기출.js_12,original/high/h1/2mid/25_효천고_2학기_중간_고1_기출.js,original/high/h1/2mid/25_효천고_2학기_중간_고1_기출.js,12,12,12,2025,2,mid,효천고,2022,공통수학2,H22-C2-04,도형의 이동,H22-C2-04,도형의 이동,H22-C2-04-CORE,도형의 이동 핵심 개념,forward_standard_key,archive/question-index.js + archive/exams/original/high/h1/**/*.js,INCLUDED,c8b86d0c7a89769fa13cd7a0bf9400599214938e0bcfe022305d4d17bb51df6f,2f346e6c1880207e02e3cd0b35bfebec0973695e7a3d209fabca0b13913cb7d0,,20b477f79d8e3a6e9fef11cd4d9e384dea77bae17b1e1946fdb3823730143cec,ed8e34ea54cc8c597b16076fa351a84119c62c599eef4b21dd76290d8e536c7f,true,317,assets/images/25_효천고_2학기_중간_고1_기출/q12-solution.svg,EXISTS,36620e2fe22d1706ca9e67323c2915818c4c205889ce3572834374d5f6613b6b,VISUAL_REQUIRED,INITIAL_TRIAGE_ONLY,,INVENTORIED,NOT_STARTED,NOT_TESTED,NOT_TESTED,NOT_TESTED,NOT_TESTED,NOT_TESTED,NOT_TESTED,,
h1:original/high/h1/2mid/25_효천고_2학기_중간_고1_기출.js_13,original/high/h1/2mid/25_효천고_2학기_중간_고1_기출.js_13,original/high/h1/2mid/25_효천고_2학기_중간_고1_기출.js,original/high/h1/2mid/25_효천고_2학기_중간_고1_기출.js,13,13,13,2025,2,mid,효천고,2022,공통수학2,H22-C2-04,도형의 이동,H22-C2-04,도형의 이동,H22-C2-04-CORE,도형의 이동 핵심 개념,forward_standard_key,archive/question-index.js + archive/exams/original/high/h1/**/*.js,INCLUDED,0daeeea489f0de75449608e60524d020bdcc7fc23667c8ac2d7b9a196e72e506,9740a037ecd9de00152471472ecf8faed4b78bc4d3fed79fb46abf9e3365f93c,,3cee5b55befe4e217d32a668158d3dd89a74cd332b88540e6c7a19d442e66404,a30e9ada024e1601814619e44293ff49dabda7813a4b29f85fe313a62ca6296a,true,312,assets/images/25_효천고_2학기_중간_고1_기출/q13-solution.svg,EXISTS,692875fbe67e438157ddb6392da88c85bfd9b176351489b608c84981cd7b3cb1,VISUAL_REQUIRED,INITIAL_TRIAGE_ONLY,,INVENTORIED,NOT_STARTED,NOT_TESTED,NOT_TESTED,NOT_TESTED,NOT_TESTED,NOT_TESTED,NOT_TESTED,,
h1:original/high/h1/2mid/25_효천고_2학기_중간_고1_기출.js_14,original/high/h1/2mid/25_효천고_2학기_중간_고1_기출.js_14,original/high/h1/2mid/25_효천고_2학기_중간_고1_기출.js,original/high/h1/2mid/25_효천고_2학기_중간_고1_기출.js,14,14,14,2025,2,mid,효천고,2022,공통수학2,H22-C2-01,평면좌표,H22-C2-01,평면좌표,H22-C2-01-COORDINATE_METRIC,평면좌표와 거리,forward_standard_key,archive/question-index.js + archive/exams/original/high/h1/**/*.js,INCLUDED,be44fee171842f8a2829a77653f7ef201dde7d085336e9ce40c99d04d62f4ffc,d9b591a5d698a9ace898a2cea1c90bc6b8ee7e710defa1348912541331146247,,b4fce8b2ecc4f1af2748c4037b3915c92a08bf91ecf4c6ca825dd4f853ebd2d9,e0b9b7cb4072c5e48554dde486fae3ce5cf50ae040d049c65be7d94c6703455e,true,310,assets/images/25_효천고_2학기_중간_고1_기출/q14-solution.svg,EXISTS,e8a8f0c2fe84a20ec06f6cf34a50b44dbd291dae7f8496e72b6bc600407411ad,VISUAL_REQUIRED,INITIAL_TRIAGE_ONLY,,INVENTORIED,NOT_STARTED,NOT_TESTED,NOT_TESTED,NOT_TESTED,NOT_TESTED,NOT_TESTED,NOT_TESTED,,
h1:original/high/h1/2mid/25_효천고_2학기_중간_고1_기출.js_17,original/high/h1/2mid/25_효천고_2학기_중간_고1_기출.js_17,original/high/h1/2mid/25_효천고_2학기_중간_고1_기출.js,original/high/h1/2mid/25_효천고_2학기_중간_고1_기출.js,17,17,17,2025,2,mid,효천고,2022,공통수학2,H22-C2-04,도형의 이동,H22-C2-04,도형의 이동,H22-C2-04-CORE,도형의 이동 핵심 개념,forward_standard_key,archive/question-index.js + archive/exams/original/high/h1/**/*.js,INCLUDED,3313eba26b7868a13c8c819c208a0e4700f7929c58809b3cab45d51a75552d8d,27126fc142a5e77ce8bc416dc65f51d301378e5dce072660a1b57f730672874b,,32a7c25654c69cd4df0286f011ac9c3620ae4bb09b4623140a14c2c791019a64,bcd7b0e54ecf983b9cb19a54409a7d76054b57abc86aee8fee45e158f4b4d7f6,true,373,assets/images/25_효천고_2학기_중간_고1_기출/q17-solution.svg,EXISTS,740bc083ed70be6f53f78bae0a2139d79ef7dcdc28c59aa133476e0c8afc765e,VISUAL_REQUIRED,INITIAL_TRIAGE_ONLY,,INVENTORIED,NOT_STARTED,NOT_TESTED,NOT_TESTED,NOT_TESTED,NOT_TESTED,NOT_TESTED,NOT_TESTED,,
h1:original/high/h1/2mid/25_효천고_2학기_중간_고1_기출.js_18,original/high/h1/2mid/25_효천고_2학기_중간_고1_기출.js_18,original/high/h1/2mid/25_효천고_2학기_중간_고1_기출.js,original/high/h1/2mid/25_효천고_2학기_중간_고1_기출.js,18,18,18,2025,2,mid,효천고,2022,공통수학2,H22-C2-04,도형의 이동,H22-C2-04,도형의 이동,H22-C2-04-CORE,도형의 이동 핵심 개념,forward_standard_key,archive/question-index.js + archive/exams/original/high/h1/**/*.js,INCLUDED,1a9ddbe8b85f08c15eb2b673de5d0051281f7f94f6ebca0fadfd767c782db91b,c3ed623fb231edffab798c42186c3c00a95f9c59ec41acb5f96bc5f9d9391f78,,2cea809915e5a38803a384ab3ad64a42d4b0997f205a36c25a9f8b36639e4d01,6a98415325287ecda9e99806c75a76210f015289c61b575c8b552649d137244f,true,560,assets/images/25_효천고_2학기_중간_고1_기출/q18-solution.svg,EXISTS,9b41fe2078d8aaec5b252c87c31e531995aaa0c9982bd8b8bea102aafe1bcc33,VISUAL_REQUIRED,INITIAL_TRIAGE_ONLY,,INVENTORIED,NOT_STARTED,NOT_TESTED,NOT_TESTED,NOT_TESTED,NOT_TESTED,NOT_TESTED,NOT_TESTED,,
h1:original/high/h1/2mid/25_효천고_2학기_중간_고1_기출.js_19,original/high/h1/2mid/25_효천고_2학기_중간_고1_기출.js_19,original/high/h1/2mid/25_효천고_2학기_중간_고1_기출.js,original/high/h1/2mid/25_효천고_2학기_중간_고1_기출.js,19,19,19,2025,2,mid,효천고,2022,공통수학2,H22-C2-04,도형의 이동,H22-C2-04,도형의 이동,H22-C2-04-CORE,도형의 이동 핵심 개념,forward_standard_key,archive/question-index.js + archive/exams/original/high/h1/**/*.js,INCLUDED,9babf28e4441159859e8a5fd437cd83a7b1dc4f8bae7c9d058c39ebf628e175e,b09df16080e6a385bb9f4a6c27b109d66dbe03a8858ff3c004a2cc087ba0d05a,,f99815ba9af6d67b9225ef837dcfa9ce8f6a7eff6b04b10dd940147090715f8a,b1cf7b474d8f95ac31a64cf3843cb1b6263146d9a5277577198d99876925a3ef,true,316,,NONE,,VISUAL_REQUIRED,INITIAL_TRIAGE_ONLY,,INVENTORIED,NOT_STARTED,NOT_TESTED,NOT_TESTED,NOT_TESTED,NOT_TESTED,NOT_TESTED,NOT_TESTED,,
h1:original/high/h1/2mid/25_효천고_2학기_중간_고1_기출.js_21,original/high/h1/2mid/25_효천고_2학기_중간_고1_기출.js_21,original/high/h1/2mid/25_효천고_2학기_중간_고1_기출.js,original/high/h1/2mid/25_효천고_2학기_중간_고1_기출.js,21,21,21,2025,2,mid,효천고,2022,공통수학2,H22-C2-01,평면좌표,H22-C2-01,평면좌표,H22-C2-01-COORDINATE_METRIC,평면좌표와 거리,forward_standard_key,archive/question-index.js + archive/exams/original/high/h1/**/*.js,INCLUDED,a978c9d5a2f159b488ae76ac2f140b23dfdd047dee79a67280e2548eb0cc71bd,9c4bc24cffeb8f3ef2670636e70a7c307e4ab2424db955047df396375d8aec59,,95eb7b376c9c2bb5a6e304236b9b79220f21b2e1fffbc8702f28dcc0cd83fed9,b5473ef29df00c8874328cf0ae75e7aeb506d699eda71f4e06e2e719187d8f5a,true,454,assets/images/25_효천고_2학기_중간_고1_기출/q21-solution.svg,EXISTS,f32a1f39556571ebcfaa8c04404a56cb767b9bf73b319b8c3c6bdacb70057ab7,VISUAL_REQUIRED,INITIAL_TRIAGE_ONLY,,INVENTORIED,NOT_STARTED,NOT_TESTED,NOT_TESTED,NOT_TESTED,NOT_TESTED,NOT_TESTED,NOT_TESTED,,
h1:original/high/h1/2mid/25_효천고_2학기_중간_고1_기출.js_22,original/high/h1/2mid/25_효천고_2학기_중간_고1_기출.js_22,original/high/h1/2mid/25_효천고_2학기_중간_고1_기출.js,original/high/h1/2mid/25_효천고_2학기_중간_고1_기출.js,22,22,22,2025,2,mid,효천고,2022,공통수학2,H22-C2-03,원의 방정식,H22-C2-03,원의 방정식,H22-C2-03-CIRCLE_EQUATION,원의 방정식,forward_standard_key,archive/question-index.js + archive/exams/original/high/h1/**/*.js,INCLUDED,dd6bc90acb3b9491bcd5f26332c86ce4904f0d2186d6d3d1223194693be32674,f221ff3fb5227dae3d7e7e8e82e92f55a415f77a26602c3b792792b39a5e8c79,,8e9b4e2e3316a167122c84006475e5856c5bf4eef320118fcb563adc162de0ca,4371aec6343c7c06f1b6998609a4fe31c971271a3ce10fed1f3a3d63056dcce6,true,766,assets/images/25_효천고_2학기_중간_고1_기출/q22-solution.svg,EXISTS,393fb9ca8aaa69aba39d565f3ace74aa70011125e2ce9bafb194c0507e265a27,VISUAL_REQUIRED,INITIAL_TRIAGE_ONLY,,INVENTORIED,NOT_STARTED,NOT_TESTED,NOT_TESTED,NOT_TESTED,NOT_TESTED,NOT_TESTED,NOT_TESTED,,
h1:original/high/h1/2mid/25_효천고_2학기_중간_고1_기출.js_23,original/high/h1/2mid/25_효천고_2학기_중간_고1_기출.js_23,original/high/h1/2mid/25_효천고_2학기_중간_고1_기출.js,original/high/h1/2mid/25_효천고_2학기_중간_고1_기출.js,23,23,23,2025,2,mid,효천고,2022,공통수학2,H22-C2-04,도형의 이동,H22-C2-04,도형의 이동,H22-C2-04-CORE,도형의 이동 핵심 개념,forward_standard_key,archive/question-index.js + archive/exams/original/high/h1/**/*.js,INCLUDED,3b0f1c32d0def96ff1b8b927787627db0510ad2b53846a4277d46b127cd78fe5,d689e981d86003e54a1eaa0baebb02bf4c0f57e7138a19fc53692964ca1f1514,,f3b6238f4c5e8b1a75fbbe5aff5a353a25a4f11589bb2d0411d633cb252ce830,43bae68d1f0f6ab91530920daffed3dae059aa75afe5717e4fe5431fb8ec5104,true,987,assets/images/25_효천고_2학기_중간_고1_기출/q23-solution.svg,EXISTS,b137ec9584a27fd9027098fed35be3c71968ddbf74a4c5eacad7d93de7a001bb,VISUAL_REQUIRED,INITIAL_TRIAGE_ONLY,,INVENTORIED,NOT_STARTED,NOT_TESTED,NOT_TESTED,NOT_TESTED,NOT_TESTED,NOT_TESTED,NOT_TESTED,,
h1:original/high/h1/2final/21_제일고_2학기_기말_고1_기출.js_3,original/high/h1/2final/21_제일고_2학기_기말_고1_기출.js_3,original/high/h1/2final/21_제일고_2학기_기말_고1_기출.js,original/high/h1/2final/21_제일고_2학기_기말_고1_기출.js,3,3,3,2021,2,final,제일고,2015,수학(상),H15-SA-09,평면좌표,H22-C2-01,평면좌표,H15-SA-09-COORDINATE_METRIC,좌표와 거리,forward_standard_key,archive/question-index.js + archive/exams/original/high/h1/**/*.js,INCLUDED,aebb6f1124f6c48cf56067140da70909cb982746c387765458cb9dd50570d66d,53472238fb35aa5f6c5f0c96f3f4b0f7160171ea4bcd12bd6fa9ea383ee22d8c,,d661611f1ee3ecd52db761f771432fdc1821cc712d27458064045dc224cb2337,82159edb8a4cbae1cfcce13c88c57e05ede6d61679594255449da4648635504f,true,277,,NONE,,VISUAL_REQUIRED,INITIAL_TRIAGE_ONLY,,INVENTORIED,NOT_STARTED,NOT_TESTED,NOT_TESTED,NOT_TESTED,NOT_TESTED,NOT_TESTED,NOT_TESTED,,
h1:original/high/h1/2final/21_제일고_2학기_기말_고1_기출.js_19,original/high/h1/2final/21_제일고_2학기_기말_고1_기출.js_19,original/high/h1/2final/21_제일고_2학기_기말_고1_기출.js,original/high/h1/2final/21_제일고_2학기_기말_고1_기출.js,19,19,19,2021,2,final,제일고,2015,수학(상),H15-SA-12,도형의 이동,H22-C2-04,도형의 이동,H15-SA-12-COMPOSITE_TRANSFORMATION,합성 변환,forward_standard_key,archive/question-index.js + archive/exams/original/high/h1/**/*.js,INCLUDED,c5b969d867455455ecab10fbd6aab8d26475009db18e76c11890577390dd6de7,51a780fd628e5d17da30767734fe200bde031b9c9b0f2c8346bb161723ba5855,,e45fdbb06f7a0f0d9766370d2c3039d627d4d046e5fb707dc2ad176595b243d4,644d4a0562dbfcf9d4f777b4e818246ac6c12210f729bcdb1aca97ff8bae3341,true,375,assets/images/21_제일고_2학기_기말_고1_기출/q19-solution.svg,EXISTS,c0d1da5d86c413eea88cd11e2997e97c92bbdbe3f6642a8633194f3164607431,VISUAL_REQUIRED,INITIAL_TRIAGE_ONLY,,INVENTORIED,NOT_STARTED,NOT_TESTED,NOT_TESTED,NOT_TESTED,NOT_TESTED,NOT_TESTED,NOT_TESTED,,
h1:original/high/h1/2final/21_효천고_2학기_기말_고1_기출.js_1,original/high/h1/2final/21_효천고_2학기_기말_고1_기출.js_1,original/high/h1/2final/21_효천고_2학기_기말_고1_기출.js,original/high/h1/2final/21_효천고_2학기_기말_고1_기출.js,1,1,1,2021,2,final,효천고,2015,수학(상),H15-SA-12,도형의 이동,H22-C2-04,도형의 이동,H15-SA-12-COMPOSITE_TRANSFORMATION,합성 변환,forward_standard_key,archive/question-index.js + archive/exams/original/high/h1/**/*.js,INCLUDED,c28b26db5109c90e419f5062d20672872ad062aa2c327d9e1af188d63f2f03de,6a0b4da57ac9ceb14ab2a39a8eef43a5bfa15b32bd95bfbcdd82c71c3f2d4b56,,f552c97cd6ce3b27b1e4c33916b48df6e11759ce5d5a70d49371094853e76f42,41d0d83ae2c89ad2911a7adb1ca35c86713ed888d8d5f1fe37c2caf947452260,true,332,assets/images/21_효천고_2학기_기말_고1_기출/q01-solution.svg,EXISTS,9c6a62300b390e93e1689a40995f78afebdf67484f374fea1d53a005d0ae3ac8,VISUAL_REQUIRED,INITIAL_TRIAGE_ONLY,,INVENTORIED,NOT_STARTED,NOT_TESTED,NOT_TESTED,NOT_TESTED,NOT_TESTED,NOT_TESTED,NOT_TESTED,,
h1:original/high/h1/2final/22_순천여고_2학기_기말_고1_기출.js_9,original/high/h1/2final/22_순천여고_2학기_기말_고1_기출.js_9,original/high/h1/2final/22_순천여고_2학기_기말_고1_기출.js,original/high/h1/2final/22_순천여고_2학기_기말_고1_기출.js,9,9,9,2022,2,final,순천여고,2015,수학(상),H15-SA-11,원의 방정식,H22-C2-03,원의 방정식,H15-SA-11-INTERSECTION,원과 직선·원의 교점,forward_standard_key,archive/question-index.js + archive/exams/original/high/h1/**/*.js,INCLUDED,393de39e7201c783be3e30e2dd72644bee89000893f248c255eb2ee534330543,bf3803cb5acae34fb56e8f0a4f002f71c6c30d5eb602657d76c0fd99f7401e42,,a71f20526137d6786ba274527f081d5745af5003e5ce6cb59fca5c353615ff24,5c6615d4bfe63a86bfebb7efc27d8520889efac713189cb838aa829dc93b2920,true,484,assets/images/22_순천여고_2학기_기말_고1_기출/q09-solution.svg,EXISTS,3a0343be04ea02ac98b31313f26227d79a427e1e879db37ed6943be0d0e43d1c,VISUAL_REQUIRED,INITIAL_TRIAGE_ONLY,,INVENTORIED,NOT_STARTED,NOT_TESTED,NOT_TESTED,NOT_TESTED,NOT_TESTED,NOT_TESTED,NOT_TESTED,,
h1:original/high/h1/2final/25_금당고_2학기_기말_고1_기출.js_18,original/high/h1/2final/25_금당고_2학기_기말_고1_기출.js_18,original/high/h1/2final/25_금당고_2학기_기말_고1_기출.js,original/high/h1/2final/25_금당고_2학기_기말_고1_기출.js,18,18,18,2025,2,final,금당고,2022,공통수학2,H22-C2-03,원의 방정식,H22-C2-03,원의 방정식,H22-C2-03-CIRCLE_EQUATION,원의 방정식,forward_standard_key,archive/question-index.js + archive/exams/original/high/h1/**/*.js,INCLUDED,3e53782baa55ef55fd134d268ac36b4416e8ce5aeaf061114599ae9aaa8dc59b,908fcfcc1682f0b5ffb6a1f525b6f2728dac02d6e08675d0ca6d8017f7328aac,,f787c1a4eec21f1c64b745962a5687bc2ed9bf5557116c2213a49a49dbd4017d,3912b28702b1426939ec1e56659dc47ff2948834e12e53476f172e0e566cd845,true,770,assets/images/25_금당고_2학기_기말_고1_기출/q18-solution.svg,EXISTS,552c1c31d66403a3eac603acaf14960626c16a1be2c6d6d9c81e26c7b4a74fe9,VISUAL_REQUIRED,INITIAL_TRIAGE_ONLY,,INVENTORIED,NOT_STARTED,NOT_TESTED,NOT_TESTED,NOT_TESTED,NOT_TESTED,NOT_TESTED,NOT_TESTED,,
h1:original/high/h1/2final/25_제일고_2학기_기말_고1_기출.js_2,original/high/h1/2final/25_제일고_2학기_기말_고1_기출.js_2,original/high/h1/2final/25_제일고_2학기_기말_고1_기출.js,original/high/h1/2final/25_제일고_2학기_기말_고1_기출.js,2,2,2,2025,2,final,제일고,2022,공통수학2,H22-C2-04,도형의 이동,H22-C2-04,도형의 이동,H22-C2-04-CORE,도형의 이동 핵심 개념,forward_standard_key,archive/question-index.js + archive/exams/original/high/h1/**/*.js,INCLUDED,e55c339fff1891220abd925e4ad26bfad470197b6098c9a78e212a51a11e2810,f602f27325baf36763b645449caa52ed034d564d18e8a0fe3ceeb96a63d5f2af,,028f5d8216835ad2987fa549c76bb281da2ec93b04e2d5675d744de5333e266e,a6d4dde9252bea956c095d48be3d2cd33f0afbf0a9de22e077acae2ca7d9107b,true,114,,NONE,,VISUAL_REQUIRED,INITIAL_TRIAGE_ONLY,,INVENTORIED,NOT_STARTED,NOT_TESTED,NOT_TESTED,NOT_TESTED,NOT_TESTED,NOT_TESTED,NOT_TESTED,,
h1:original/high/h1/2final/25_제일고_2학기_기말_고1_기출.js_3,original/high/h1/2final/25_제일고_2학기_기말_고1_기출.js_3,original/high/h1/2final/25_제일고_2학기_기말_고1_기출.js,original/high/h1/2final/25_제일고_2학기_기말_고1_기출.js,3,3,3,2025,2,final,제일고,2022,공통수학2,H22-C2-03,원의 방정식,H22-C2-03,원의 방정식,H22-C2-03-CIRCLE_EQUATION,원의 방정식,forward_standard_key,archive/question-index.js + archive/exams/original/high/h1/**/*.js,INCLUDED,f99614437ba62651a5aec6854385e084690aab98edd2e3da92f36c62268c6e70,abc0ee2c7ba0867562770792cecd75258f32f86b42b1a3e9803537c19eae607e,,045de2f00e411b8b13a6362edb87e43e8168f9bf5b9f71c1411ed0805462ebc1,a0c1c868b9eb0055841a3ff46c7dac58f58368ef500138b16ffb597490687766,true,362,assets/images/25_제일고_2학기_기말_고1_기출/q03-solution.svg,EXISTS,5b78ba67b2a99c458512c8382f7a8789ac0b1621860e32e241d24de295bc3a18,VISUAL_REQUIRED,INITIAL_TRIAGE_ONLY,,INVENTORIED,NOT_STARTED,NOT_TESTED,NOT_TESTED,NOT_TESTED,NOT_TESTED,NOT_TESTED,NOT_TESTED,,
h1:original/high/h1/2final/25_제일고_2학기_기말_고1_기출.js_6,original/high/h1/2final/25_제일고_2학기_기말_고1_기출.js_6,original/high/h1/2final/25_제일고_2학기_기말_고1_기출.js,original/high/h1/2final/25_제일고_2학기_기말_고1_기출.js,6,6,6,2025,2,final,제일고,2022,공통수학2,H22-C2-04,도형의 이동,H22-C2-04,도형의 이동,H22-C2-04-CORE,도형의 이동 핵심 개념,forward_standard_key,archive/question-index.js + archive/exams/original/high/h1/**/*.js,INCLUDED,6e253deaa8d2508e8c9992d214536adf3dfc4c1336a07a0778220dc6d80bd9d7,d307fda80d3326a735a8ef2e48725f928f0b83c53989d3965a63396e3548335a,,3ed0b592e48f056b99b315107847b21b7274cbf10733061b50f3030fbd6af13a,9ffd28eeb73e64a982141553cc1505ed3645891dfdbf63f0760d889f21d33310,true,237,assets/images/25_제일고_2학기_기말_고1_기출/q06-solution.svg,EXISTS,4236ffb7cd3c9bf3c944d660666dea61bc62fd66e7cd2d9dbe6b53a1d75ae481,VISUAL_REQUIRED,INITIAL_TRIAGE_ONLY,,INVENTORIED,NOT_STARTED,NOT_TESTED,NOT_TESTED,NOT_TESTED,NOT_TESTED,NOT_TESTED,NOT_TESTED,,
h1:original/high/h1/2final/25_제일고_2학기_기말_고1_기출.js_7,original/high/h1/2final/25_제일고_2학기_기말_고1_기출.js_7,original/high/h1/2final/25_제일고_2학기_기말_고1_기출.js,original/high/h1/2final/25_제일고_2학기_기말_고1_기출.js,7,7,7,2025,2,final,제일고,2022,공통수학2,H22-C2-03,원의 방정식,H22-C2-03,원의 방정식,H22-C2-03-CIRCLE_EQUATION,원의 방정식,forward_standard_key,archive/question-index.js + archive/exams/original/high/h1/**/*.js,INCLUDED,7c29e8cbc15dde5d579d23271de7ef771288bdd6044ba68a80945d0d527bbbc6,39fda4797f1aa95e1a0affb2b2866d3810f9d9237eb418ee6eb6b604b646ff29,,6ef9ba6beefe0f7f6bc8aee30c80242ae04b32dd457352be5388f0a3f695b5f1,2ddcc9f52491632f15213872a22cba366cd1be14e65335f026f1441c86509a86,true,536,assets/images/25_제일고_2학기_기말_고1_기출/q07-solution.svg,EXISTS,9a937c2b00154cd1bae6b387a3b5be5b3ab2c68da80c6a450504ffcb5fdf6c1b,VISUAL_REQUIRED,INITIAL_TRIAGE_ONLY,,INVENTORIED,NOT_STARTED,NOT_TESTED,NOT_TESTED,NOT_TESTED,NOT_TESTED,NOT_TESTED,NOT_TESTED,,
h1:original/high/h1/2final/25_제일고_2학기_기말_고1_기출.js_9,original/high/h1/2final/25_제일고_2학기_기말_고1_기출.js_9,original/high/h1/2final/25_제일고_2학기_기말_고1_기출.js,original/high/h1/2final/25_제일고_2학기_기말_고1_기출.js,9,9,9,2025,2,final,제일고,2022,공통수학2,H22-C2-02,직선의 방정식,H22-C2-02,직선의 방정식,H22-C2-02-LINE_EQUATION,직선의 방정식,forward_standard_key,archive/question-index.js + archive/exams/original/high/h1/**/*.js,INCLUDED,e622eec044fa1a729a1da115553f6cffee95f543a48ce9095a5ae70595588780,334e0ba55c953828be467453913063d04cf3c08f3bac385ec0500314c05b46c9,,6d46dd8c5717a933f7984ebecda2b9c262ebd29a64b2c072fbc8c15199592673,c9608bc6794a901ce7cda8aecd4d1a05d4fd383bfd6f9491b07eafd9112a81c7,true,326,assets/images/25_제일고_2학기_기말_고1_기출/q09-solution.svg,EXISTS,bf8e41a9b1ab9938e6d789afc45cd30499e41ba613ae69b15bf7e31f8f0513ea,REVIEW_REQUIRED,INITIAL_TRIAGE_ONLY,,INVENTORIED,NOT_STARTED,NOT_TESTED,NOT_TESTED,NOT_TESTED,NOT_TESTED,NOT_TESTED,NOT_TESTED,,
