curriculum,level,scope,L1,L2,L3,L4,L1_status,L2_status,L3_status,L4_status,curriculumApplicability,defaultSelectable,source
2015,middle,M1-1,소인수분해,소인수분해,소수와 합성수,소수·합성수 판별,RPM_VERIFIED,RPM_VERIFIED,CANONICAL_DRAFT,CANONICAL_DRAFT,DEFAULT_SCOPE,True,RPM_M1_2015
2015,middle,M1-1,소인수분해,소인수분해,소수와 합성수,소수의 성질 활용,RPM_VERIFIED,RPM_VERIFIED,CANONICAL_DRAFT,CANONICAL_DRAFT,DEFAULT_SCOPE,True,RPM_M1_2015
2015,middle,M1-1,소인수분해,소인수분해,소인수분해,자연수의 소인수분해,RPM_VERIFIED,RPM_VERIFIED,CANONICAL_DRAFT,CANONICAL_DRAFT,DEFAULT_SCOPE,True,RPM_M1_2015
2015,middle,M1-1,소인수분해,소인수분해,소인수분해,소인수분해를 이용한 약수의 구조,RPM_VERIFIED,RPM_VERIFIED,CANONICAL_DRAFT,CANONICAL_DRAFT,DEFAULT_SCOPE,True,RPM_M1_2015
2015,middle,M1-1,소인수분해,소인수분해,약수의 개수,소인수분해를 이용한 약수의 개수,RPM_VERIFIED,RPM_VERIFIED,CANONICAL_DRAFT,CANONICAL_DRAFT,DEFAULT_SCOPE,True,RPM_M1_2015
2015,middle,M1-1,소인수분해,소인수분해,약수의 개수,조건을 만족하는 자연수 찾기,RPM_VERIFIED,RPM_VERIFIED,CANONICAL_DRAFT,CANONICAL_DRAFT,DEFAULT_SCOPE,True,RPM_M1_2015
2015,middle,M1-1,소인수분해,최대공약수와 최소공배수,공약수와 최대공약수,소인수분해로 최대공약수 구하기,RPM_VERIFIED,RPM_VERIFIED,CANONICAL_DRAFT,CANONICAL_DRAFT,DEFAULT_SCOPE,True,RPM_M1_2015
2015,middle,M1-1,소인수분해,최대공약수와 최소공배수,공약수와 최대공약수,공약수 조건으로 수 찾기,RPM_VERIFIED,RPM_VERIFIED,CANONICAL_DRAFT,CANONICAL_DRAFT,DEFAULT_SCOPE,True,RPM_M1_2015
2015,middle,M1-1,소인수분해,최대공약수와 최소공배수,공배수와 최소공배수,소인수분해로 최소공배수 구하기,RPM_VERIFIED,RPM_VERIFIED,CANONICAL_DRAFT,CANONICAL_DRAFT,DEFAULT_SCOPE,True,RPM_M1_2015
2015,middle,M1-1,소인수분해,최대공약수와 최소공배수,공배수와 최소공배수,공배수 조건으로 수 찾기,RPM_VERIFIED,RPM_VERIFIED,CANONICAL_DRAFT,CANONICAL_DRAFT,DEFAULT_SCOPE,True,RPM_M1_2015
2015,middle,M1-1,소인수분해,최대공약수와 최소공배수,최대공약수·최소공배수의 활용,나누어떨어짐 조건,RPM_VERIFIED,RPM_VERIFIED,CANONICAL_DRAFT,CANONICAL_DRAFT,DEFAULT_SCOPE,True,RPM_M1_2015
2015,middle,M1-1,소인수분해,최대공약수와 최소공배수,최대공약수·최소공배수의 활용,주기·배열·묶음 문제,RPM_VERIFIED,RPM_VERIFIED,CANONICAL_DRAFT,CANONICAL_DRAFT,DEFAULT_SCOPE,True,RPM_M1_2015
2015,middle,M1-1,정수와 유리수,정수와 유리수,수 체계,양수·음수 분류,RPM_VERIFIED,RPM_VERIFIED,CANONICAL_DRAFT,CANONICAL_DRAFT,DEFAULT_SCOPE,True,RPM_M1_2015
2015,middle,M1-1,정수와 유리수,정수와 유리수,수 체계,정수와 유리수의 포함 관계,RPM_VERIFIED,RPM_VERIFIED,CANONICAL_DRAFT,CANONICAL_DRAFT,DEFAULT_SCOPE,True,RPM_M1_2015
2015,middle,M1-1,정수와 유리수,정수와 유리수,수직선과 대소 관계,수직선 위의 수,RPM_VERIFIED,RPM_VERIFIED,CANONICAL_DRAFT,CANONICAL_DRAFT,DEFAULT_SCOPE,True,RPM_M1_2015
2015,middle,M1-1,정수와 유리수,정수와 유리수,수직선과 대소 관계,유리수의 대소 비교,RPM_VERIFIED,RPM_VERIFIED,CANONICAL_DRAFT,CANONICAL_DRAFT,DEFAULT_SCOPE,True,RPM_M1_2015
2015,middle,M1-1,정수와 유리수,정수와 유리수,절댓값,절댓값의 뜻,RPM_VERIFIED,RPM_VERIFIED,CANONICAL_DRAFT,CANONICAL_DRAFT,DEFAULT_SCOPE,True,RPM_M1_2015
2015,middle,M1-1,정수와 유리수,정수와 유리수,절댓값,절댓값 조건으로 수 찾기,RPM_VERIFIED,RPM_VERIFIED,CANONICAL_DRAFT,CANONICAL_DRAFT,DEFAULT_SCOPE,True,RPM_M1_2015
2015,middle,M1-1,정수와 유리수,정수와 유리수의 계산,덧셈과 뺄셈,부호가 있는 수의 덧셈,RPM_VERIFIED,RPM_VERIFIED,CANONICAL_DRAFT,CANONICAL_DRAFT,DEFAULT_SCOPE,True,RPM_M1_2015
2015,middle,M1-1,정수와 유리수,정수와 유리수의 계산,덧셈과 뺄셈,부호가 있는 수의 뺄셈,RPM_VERIFIED,RPM_VERIFIED,CANONICAL_DRAFT,CANONICAL_DRAFT,DEFAULT_SCOPE,True,RPM_M1_2015
2015,middle,M1-1,정수와 유리수,정수와 유리수의 계산,덧셈과 뺄셈,덧셈·뺄셈 혼합,RPM_VERIFIED,RPM_VERIFIED,CANONICAL_DRAFT,CANONICAL_DRAFT,DEFAULT_SCOPE,True,RPM_M1_2015
2015,middle,M1-1,정수와 유리수,정수와 유리수의 계산,곱셈과 나눗셈,부호가 있는 수의 곱셈,RPM_VERIFIED,RPM_VERIFIED,CANONICAL_DRAFT,CANONICAL_DRAFT,DEFAULT_SCOPE,True,RPM_M1_2015
2015,middle,M1-1,정수와 유리수,정수와 유리수의 계산,곱셈과 나눗셈,부호가 있는 수의 나눗셈,RPM_VERIFIED,RPM_VERIFIED,CANONICAL_DRAFT,CANONICAL_DRAFT,DEFAULT_SCOPE,True,RPM_M1_2015
2015,middle,M1-1,정수와 유리수,정수와 유리수의 계산,곱셈과 나눗셈,곱셈·나눗셈 혼합,RPM_VERIFIED,RPM_VERIFIED,CANONICAL_DRAFT,CANONICAL_DRAFT,DEFAULT_SCOPE,True,RPM_M1_2015
2015,middle,M1-1,정수와 유리수,정수와 유리수의 계산,혼합 계산,괄호가 있는 혼합 계산,RPM_VERIFIED,RPM_VERIFIED,CANONICAL_DRAFT,CANONICAL_DRAFT,DEFAULT_SCOPE,True,RPM_M1_2015
2015,middle,M1-1,정수와 유리수,정수와 유리수의 계산,혼합 계산,거듭제곱이 포함된 혼합 계산,RPM_VERIFIED,RPM_VERIFIED,CANONICAL_DRAFT,CANONICAL_DRAFT,DEFAULT_SCOPE,True,RPM_M1_2015
2015,middle,M1-1,문자와 식,문자의 사용과 식의 계산,문자의 사용,문자로 수량 나타내기,RPM_VERIFIED,RPM_VERIFIED,CANONICAL_DRAFT,CANONICAL_DRAFT,DEFAULT_SCOPE,True,RPM_M1_2015
2015,middle,M1-1,문자와 식,문자의 사용과 식의 계산,문자의 사용,곱셈·나눗셈 기호 생략,RPM_VERIFIED,RPM_VERIFIED,CANONICAL_DRAFT,CANONICAL_DRAFT,DEFAULT_SCOPE,True,RPM_M1_2015
2015,middle,M1-1,문자와 식,문자의 사용과 식의 계산,식의 값,대입하여 식의 값 구하기,RPM_VERIFIED,RPM_VERIFIED,CANONICAL_DRAFT,CANONICAL_DRAFT,DEFAULT_SCOPE,True,RPM_M1_2015
2015,middle,M1-1,문자와 식,문자의 사용과 식의 계산,식의 값,조건식으로 식의 값 구하기,RPM_VERIFIED,RPM_VERIFIED,CANONICAL_DRAFT,CANONICAL_DRAFT,DEFAULT_SCOPE,True,RPM_M1_2015
2015,middle,M1-1,문자와 식,문자의 사용과 식의 계산,일차식,일차식과 계수·상수항,RPM_VERIFIED,RPM_VERIFIED,CANONICAL_DRAFT,CANONICAL_DRAFT,DEFAULT_SCOPE,True,RPM_M1_2015
2015,middle,M1-1,문자와 식,문자의 사용과 식의 계산,일차식,동류항 정리,RPM_VERIFIED,RPM_VERIFIED,CANONICAL_DRAFT,CANONICAL_DRAFT,DEFAULT_SCOPE,True,RPM_M1_2015
2015,middle,M1-1,문자와 식,문자의 사용과 식의 계산,일차식의 계산,일차식의 덧셈·뺄셈,RPM_VERIFIED,RPM_VERIFIED,CANONICAL_DRAFT,CANONICAL_DRAFT,DEFAULT_SCOPE,True,RPM_M1_2015
2015,middle,M1-1,문자와 식,문자의 사용과 식의 계산,일차식의 계산,괄호가 있는 일차식 계산,RPM_VERIFIED,RPM_VERIFIED,CANONICAL_DRAFT,CANONICAL_DRAFT,DEFAULT_SCOPE,True,RPM_M1_2015
2015,middle,M1-1,문자와 식,일차방정식의 풀이,등식과 방정식,등식의 성질,RPM_VERIFIED,RPM_VERIFIED,CANONICAL_DRAFT,CANONICAL_DRAFT,DEFAULT_SCOPE,True,RPM_M1_2015
2015,middle,M1-1,문자와 식,일차방정식의 풀이,등식과 방정식,방정식의 해,RPM_VERIFIED,RPM_VERIFIED,CANONICAL_DRAFT,CANONICAL_DRAFT,DEFAULT_SCOPE,True,RPM_M1_2015
2015,middle,M1-1,문자와 식,일차방정식의 풀이,일차방정식의 풀이,이항을 이용한 풀이,RPM_VERIFIED,RPM_VERIFIED,CANONICAL_DRAFT,CANONICAL_DRAFT,DEFAULT_SCOPE,True,RPM_M1_2015
2015,middle,M1-1,문자와 식,일차방정식의 풀이,일차방정식의 풀이,괄호·분수·소수가 있는 방정식,RPM_VERIFIED,RPM_VERIFIED,CANONICAL_DRAFT,CANONICAL_DRAFT,DEFAULT_SCOPE,True,RPM_M1_2015
2015,middle,M1-1,문자와 식,일차방정식의 풀이,해와 조건,해가 주어진 방정식,RPM_VERIFIED,RPM_VERIFIED,CANONICAL_DRAFT,CANONICAL_DRAFT,DEFAULT_SCOPE,True,RPM_M1_2015
2015,middle,M1-1,문자와 식,일차방정식의 풀이,해와 조건,계수 조건 결정,RPM_VERIFIED,RPM_VERIFIED,CANONICAL_DRAFT,CANONICAL_DRAFT,DEFAULT_SCOPE,True,RPM_M1_2015
2015,middle,M1-1,문자와 식,일차방정식의 활용,수와 관계,수에 관한 문제,RPM_VERIFIED,RPM_VERIFIED,CANONICAL_DRAFT,CANONICAL_DRAFT,DEFAULT_SCOPE,True,RPM_M1_2015
2015,middle,M1-1,문자와 식,일차방정식의 활용,수와 관계,나이·개수 관계,RPM_VERIFIED,RPM_VERIFIED,CANONICAL_DRAFT,CANONICAL_DRAFT,DEFAULT_SCOPE,True,RPM_M1_2015
2015,middle,M1-1,문자와 식,일차방정식의 활용,속력·시간·거리,거리 관계식,RPM_VERIFIED,RPM_VERIFIED,CANONICAL_DRAFT,CANONICAL_DRAFT,DEFAULT_SCOPE,True,RPM_M1_2015
2015,middle,M1-1,문자와 식,일차방정식의 활용,속력·시간·거리,마주가기·따라가기,RPM_VERIFIED,RPM_VERIFIED,CANONICAL_DRAFT,CANONICAL_DRAFT,DEFAULT_SCOPE,True,RPM_M1_2015
2015,middle,M1-1,문자와 식,일차방정식의 활용,농도와 비율,백분율·비율,RPM_VERIFIED,RPM_VERIFIED,CANONICAL_DRAFT,CANONICAL_DRAFT,DEFAULT_SCOPE,True,RPM_M1_2015
2015,middle,M1-1,문자와 식,일차방정식의 활용,농도와 비율,농도 문제,RPM_VERIFIED,RPM_VERIFIED,CANONICAL_DRAFT,CANONICAL_DRAFT,DEFAULT_SCOPE,True,RPM_M1_2015
2015,middle,M1-1,문자와 식,일차방정식의 활용,도형 활용,도형의 길이·넓이,RPM_VERIFIED,RPM_VERIFIED,CANONICAL_DRAFT,CANONICAL_DRAFT,DEFAULT_SCOPE,True,RPM_M1_2015
2015,middle,M1-1,문자와 식,일차방정식의 활용,생활 속 관계식,요금·가격,RPM_VERIFIED,RPM_VERIFIED,CANONICAL_DRAFT,CANONICAL_DRAFT,DEFAULT_SCOPE,True,RPM_M1_2015
2015,middle,M1-1,문자와 식,일차방정식의 활용,생활 속 관계식,과부족,RPM_VERIFIED,RPM_VERIFIED,CANONICAL_DRAFT,CANONICAL_DRAFT,DEFAULT_SCOPE,True,RPM_M1_2015
2015,middle,M1-1,좌표평면과 그래프,좌표와 그래프,좌표평면,점의 좌표 읽기,RPM_VERIFIED,RPM_VERIFIED,CANONICAL_DRAFT,CANONICAL_DRAFT,DEFAULT_SCOPE,True,RPM_M1_2015
2015,middle,M1-1,좌표평면과 그래프,좌표와 그래프,좌표평면,대칭인 점의 좌표,RPM_VERIFIED,RPM_VERIFIED,CANONICAL_DRAFT,CANONICAL_DRAFT,DEFAULT_SCOPE,True,RPM_M1_2015
2015,middle,M1-1,좌표평면과 그래프,좌표와 그래프,그래프,상황을 그래프로 나타내기,RPM_VERIFIED,RPM_VERIFIED,CANONICAL_DRAFT,CANONICAL_DRAFT,DEFAULT_SCOPE,True,RPM_M1_2015
2015,middle,M1-1,좌표평면과 그래프,좌표와 그래프,그래프,그래프 해석,RPM_VERIFIED,RPM_VERIFIED,CANONICAL_DRAFT,CANONICAL_DRAFT,DEFAULT_SCOPE,True,RPM_M1_2015
2015,middle,M1-1,좌표평면과 그래프,정비례와 반비례,정비례,정비례 관계식,RPM_VERIFIED,RPM_VERIFIED,CANONICAL_DRAFT,CANONICAL_DRAFT,DEFAULT_SCOPE,True,RPM_M1_2015
2015,middle,M1-1,좌표평면과 그래프,정비례와 반비례,정비례,정비례 그래프,RPM_VERIFIED,RPM_VERIFIED,CANONICAL_DRAFT,CANONICAL_DRAFT,DEFAULT_SCOPE,True,RPM_M1_2015
2015,middle,M1-1,좌표평면과 그래프,정비례와 반비례,반비례,반비례 관계식,RPM_VERIFIED,RPM_VERIFIED,CANONICAL_DRAFT,CANONICAL_DRAFT,DEFAULT_SCOPE,True,RPM_M1_2015
2015,middle,M1-1,좌표평면과 그래프,정비례와 반비례,반비례,반비례 그래프,RPM_VERIFIED,RPM_VERIFIED,CANONICAL_DRAFT,CANONICAL_DRAFT,DEFAULT_SCOPE,True,RPM_M1_2015
2015,middle,M1-1,좌표평면과 그래프,정비례와 반비례,관계 해석,그래프에서 식 구하기,RPM_VERIFIED,RPM_VERIFIED,CANONICAL_DRAFT,CANONICAL_DRAFT,DEFAULT_SCOPE,True,RPM_M1_2015
2015,middle,M1-1,좌표평면과 그래프,정비례와 반비례,관계 해석,정비례·반비례 활용,RPM_VERIFIED,RPM_VERIFIED,CANONICAL_DRAFT,CANONICAL_DRAFT,DEFAULT_SCOPE,True,RPM_M1_2015
2015,middle,M1-2,기본 도형,기본 도형,점·선·면,직선·반직선·선분,RPM_VERIFIED,RPM_VERIFIED,CANONICAL_DRAFT,CANONICAL_DRAFT,DEFAULT_SCOPE,True,RPM_M1_2015
2015,middle,M1-2,기본 도형,기본 도형,점·선·면,두 점 사이의 거리와 중점,RPM_VERIFIED,RPM_VERIFIED,CANONICAL_DRAFT,CANONICAL_DRAFT,DEFAULT_SCOPE,True,RPM_M1_2015
2015,middle,M1-2,기본 도형,기본 도형,각,각의 크기,RPM_VERIFIED,RPM_VERIFIED,CANONICAL_DRAFT,CANONICAL_DRAFT,DEFAULT_SCOPE,True,RPM_M1_2015
2015,middle,M1-2,기본 도형,기본 도형,각,맞꼭지각,RPM_VERIFIED,RPM_VERIFIED,CANONICAL_DRAFT,CANONICAL_DRAFT,DEFAULT_SCOPE,True,RPM_M1_2015
2015,middle,M1-2,기본 도형,기본 도형,평행선과 각,동위각·엇각,RPM_VERIFIED,RPM_VERIFIED,CANONICAL_DRAFT,CANONICAL_DRAFT,DEFAULT_SCOPE,True,RPM_M1_2015
2015,middle,M1-2,기본 도형,기본 도형,평행선과 각,평행선 조건,RPM_VERIFIED,RPM_VERIFIED,CANONICAL_DRAFT,CANONICAL_DRAFT,DEFAULT_SCOPE,True,RPM_M1_2015
2015,middle,M1-2,기본 도형,위치 관계,평면에서의 위치 관계,두 직선의 위치 관계,RPM_VERIFIED,RPM_VERIFIED,CANONICAL_DRAFT,CANONICAL_DRAFT,DEFAULT_SCOPE,True,RPM_M1_2015
2015,middle,M1-2,기본 도형,위치 관계,평면에서의 위치 관계,점·직선·평면 관계,RPM_VERIFIED,RPM_VERIFIED,CANONICAL_DRAFT,CANONICAL_DRAFT,DEFAULT_SCOPE,True,RPM_M1_2015
2015,middle,M1-2,기본 도형,위치 관계,공간에서의 위치 관계,직선과 평면의 위치 관계,RPM_VERIFIED,RPM_VERIFIED,CANONICAL_DRAFT,CANONICAL_DRAFT,DEFAULT_SCOPE,True,RPM_M1_2015
2015,middle,M1-2,기본 도형,위치 관계,공간에서의 위치 관계,평면과 평면의 위치 관계,RPM_VERIFIED,RPM_VERIFIED,CANONICAL_DRAFT,CANONICAL_DRAFT,DEFAULT_SCOPE,True,RPM_M1_2015
2015,middle,M1-2,기본 도형,위치 관계,수직과 거리,수선과 수선의 발,RPM_VERIFIED,RPM_VERIFIED,CANONICAL_DRAFT,CANONICAL_DRAFT,DEFAULT_SCOPE,True,RPM_M1_2015
2015,middle,M1-2,기본 도형,위치 관계,수직과 거리,점과 직선 사이의 거리,RPM_VERIFIED,RPM_VERIFIED,CANONICAL_DRAFT,CANONICAL_DRAFT,DEFAULT_SCOPE,True,RPM_M1_2015
2015,middle,M1-2,기본 도형,작도와 합동,기본 작도,선분·각의 이동,RPM_VERIFIED,RPM_VERIFIED,CANONICAL_DRAFT,CANONICAL_DRAFT,DEFAULT_SCOPE,True,RPM_M1_2015
2015,middle,M1-2,기본 도형,작도와 합동,기본 작도,수직이등분선 작도,RPM_VERIFIED,RPM_VERIFIED,CANONICAL_DRAFT,CANONICAL_DRAFT,DEFAULT_SCOPE,True,RPM_M1_2015
2015,middle,M1-2,기본 도형,작도와 합동,기본 작도,각의 이등분선 작도,RPM_VERIFIED,RPM_VERIFIED,CANONICAL_DRAFT,CANONICAL_DRAFT,DEFAULT_SCOPE,True,RPM_M1_2015
2015,middle,M1-2,기본 도형,작도와 합동,삼각형의 작도,세 변 조건,RPM_VERIFIED,RPM_VERIFIED,CANONICAL_DRAFT,CANONICAL_DRAFT,DEFAULT_SCOPE,True,RPM_M1_2015
2015,middle,M1-2,기본 도형,작도와 합동,삼각형의 작도,두 변과 끼인각 조건,RPM_VERIFIED,RPM_VERIFIED,CANONICAL_DRAFT,CANONICAL_DRAFT,DEFAULT_SCOPE,True,RPM_M1_2015
2015,middle,M1-2,기본 도형,작도와 합동,삼각형의 작도,한 변과 양 끝각 조건,RPM_VERIFIED,RPM_VERIFIED,CANONICAL_DRAFT,CANONICAL_DRAFT,DEFAULT_SCOPE,True,RPM_M1_2015
2015,middle,M1-2,기본 도형,작도와 합동,삼각형의 합동,SSS 합동,RPM_VERIFIED,RPM_VERIFIED,CANONICAL_DRAFT,CANONICAL_DRAFT,DEFAULT_SCOPE,True,RPM_M1_2015
2015,middle,M1-2,기본 도형,작도와 합동,삼각형의 합동,SAS 합동,RPM_VERIFIED,RPM_VERIFIED,CANONICAL_DRAFT,CANONICAL_DRAFT,DEFAULT_SCOPE,True,RPM_M1_2015
2015,middle,M1-2,기본 도형,작도와 합동,삼각형의 합동,ASA 합동,RPM_VERIFIED,RPM_VERIFIED,CANONICAL_DRAFT,CANONICAL_DRAFT,DEFAULT_SCOPE,True,RPM_M1_2015
2015,middle,M1-2,평면도형,다각형,다각형의 내각과 외각,내각의 합,RPM_VERIFIED,RPM_VERIFIED,CANONICAL_DRAFT,CANONICAL_DRAFT,DEFAULT_SCOPE,True,RPM_M1_2015
2015,middle,M1-2,평면도형,다각형,다각형의 내각과 외각,외각의 합,RPM_VERIFIED,RPM_VERIFIED,CANONICAL_DRAFT,CANONICAL_DRAFT,DEFAULT_SCOPE,True,RPM_M1_2015
2015,middle,M1-2,평면도형,다각형,다각형의 내각과 외각,정다각형의 각,RPM_VERIFIED,RPM_VERIFIED,CANONICAL_DRAFT,CANONICAL_DRAFT,DEFAULT_SCOPE,True,RPM_M1_2015
2015,middle,M1-2,평면도형,다각형,삼각형·다각형의 각,각의 크기 계산,RPM_VERIFIED,RPM_VERIFIED,CANONICAL_DRAFT,CANONICAL_DRAFT,DEFAULT_SCOPE,True,RPM_M1_2015
2015,middle,M1-2,평면도형,다각형,삼각형·다각형의 각,변·대각선 개수,RPM_VERIFIED,RPM_VERIFIED,CANONICAL_DRAFT,CANONICAL_DRAFT,DEFAULT_SCOPE,True,RPM_M1_2015
2015,middle,M1-2,평면도형,다각형,정다각형,정다각형의 성질,RPM_VERIFIED,RPM_VERIFIED,CANONICAL_DRAFT,CANONICAL_DRAFT,DEFAULT_SCOPE,True,RPM_M1_2015
2015,middle,M1-2,평면도형,다각형,정다각형,조건으로 정다각형 찾기,RPM_VERIFIED,RPM_VERIFIED,CANONICAL_DRAFT,CANONICAL_DRAFT,DEFAULT_SCOPE,True,RPM_M1_2015
2015,middle,M1-2,평면도형,원과 부채꼴,원과 부채꼴의 기본,중심각·호·현,RPM_VERIFIED,RPM_VERIFIED,CANONICAL_DRAFT,CANONICAL_DRAFT,DEFAULT_SCOPE,True,RPM_M1_2015
2015,middle,M1-2,평면도형,원과 부채꼴,원과 부채꼴의 기본,부채꼴의 호의 길이,RPM_VERIFIED,RPM_VERIFIED,CANONICAL_DRAFT,CANONICAL_DRAFT,DEFAULT_SCOPE,True,RPM_M1_2015
2015,middle,M1-2,평면도형,원과 부채꼴,부채꼴의 넓이,중심각을 이용한 넓이,RPM_VERIFIED,RPM_VERIFIED,CANONICAL_DRAFT,CANONICAL_DRAFT,DEFAULT_SCOPE,True,RPM_M1_2015
2015,middle,M1-2,평면도형,원과 부채꼴,부채꼴의 넓이,호의 길이와 넓이 관계,RPM_VERIFIED,RPM_VERIFIED,CANONICAL_DRAFT,CANONICAL_DRAFT,DEFAULT_SCOPE,True,RPM_M1_2015
2015,middle,M1-2,평면도형,원과 부채꼴,복합도형,부채꼴을 포함한 둘레,RPM_VERIFIED,RPM_VERIFIED,CANONICAL_DRAFT,CANONICAL_DRAFT,DEFAULT_SCOPE,True,RPM_M1_2015
2015,middle,M1-2,평면도형,원과 부채꼴,복합도형,부채꼴을 포함한 넓이,RPM_VERIFIED,RPM_VERIFIED,CANONICAL_DRAFT,CANONICAL_DRAFT,DEFAULT_SCOPE,True,RPM_M1_2015
2015,middle,M1-2,입체도형,다면체와 회전체,다면체,면·모서리·꼭짓점,RPM_VERIFIED,RPM_VERIFIED,CANONICAL_DRAFT,CANONICAL_DRAFT,DEFAULT_SCOPE,True,RPM_M1_2015
2015,middle,M1-2,입체도형,다면체와 회전체,다면체,각기둥·각뿔,RPM_VERIFIED,RPM_VERIFIED,CANONICAL_DRAFT,CANONICAL_DRAFT,DEFAULT_SCOPE,True,RPM_M1_2015
2015,middle,M1-2,입체도형,다면체와 회전체,정다면체,정다면체의 종류,RPM_VERIFIED,RPM_VERIFIED,CANONICAL_DRAFT,CANONICAL_DRAFT,DEFAULT_SCOPE,True,RPM_M1_2015
2015,middle,M1-2,입체도형,다면체와 회전체,정다면체,면·모서리·꼭짓점 관계,RPM_VERIFIED,RPM_VERIFIED,CANONICAL_DRAFT,CANONICAL_DRAFT,DEFAULT_SCOPE,True,RPM_M1_2015
2015,middle,M1-2,입체도형,다면체와 회전체,회전체,회전체의 생성,RPM_VERIFIED,RPM_VERIFIED,CANONICAL_DRAFT,CANONICAL_DRAFT,DEFAULT_SCOPE,True,RPM_M1_2015
2015,middle,M1-2,입체도형,다면체와 회전체,회전체,회전체의 단면,RPM_VERIFIED,RPM_VERIFIED,CANONICAL_DRAFT,CANONICAL_DRAFT,DEFAULT_SCOPE,True,RPM_M1_2015
2015,middle,M1-2,입체도형,입체도형의 겉넓이와 부피,기둥의 겉넓이와 부피,각기둥,RPM_VERIFIED,RPM_VERIFIED,CANONICAL_DRAFT,CANONICAL_DRAFT,DEFAULT_SCOPE,True,RPM_M1_2015
2015,middle,M1-2,입체도형,입체도형의 겉넓이와 부피,기둥의 겉넓이와 부피,원기둥,RPM_VERIFIED,RPM_VERIFIED,CANONICAL_DRAFT,CANONICAL_DRAFT,DEFAULT_SCOPE,True,RPM_M1_2015
2015,middle,M1-2,입체도형,입체도형의 겉넓이와 부피,뿔의 겉넓이와 부피,각뿔,RPM_VERIFIED,RPM_VERIFIED,CANONICAL_DRAFT,CANONICAL_DRAFT,DEFAULT_SCOPE,True,RPM_M1_2015
2015,middle,M1-2,입체도형,입체도형의 겉넓이와 부피,뿔의 겉넓이와 부피,원뿔,RPM_VERIFIED,RPM_VERIFIED,CANONICAL_DRAFT,CANONICAL_DRAFT,DEFAULT_SCOPE,True,RPM_M1_2015
2015,middle,M1-2,입체도형,입체도형의 겉넓이와 부피,구,구의 겉넓이,RPM_VERIFIED,RPM_VERIFIED,CANONICAL_DRAFT,CANONICAL_DRAFT,DEFAULT_SCOPE,True,RPM_M1_2015
2015,middle,M1-2,입체도형,입체도형의 겉넓이와 부피,구,구의 부피,RPM_VERIFIED,RPM_VERIFIED,CANONICAL_DRAFT,CANONICAL_DRAFT,DEFAULT_SCOPE,True,RPM_M1_2015
2015,middle,M1-2,입체도형,입체도형의 겉넓이와 부피,복합입체도형,잘라낸 입체,RPM_VERIFIED,RPM_VERIFIED,CANONICAL_DRAFT,CANONICAL_DRAFT,DEFAULT_SCOPE,True,RPM_M1_2015
2015,middle,M1-2,입체도형,입체도형의 겉넓이와 부피,복합입체도형,붙인 입체,RPM_VERIFIED,RPM_VERIFIED,CANONICAL_DRAFT,CANONICAL_DRAFT,DEFAULT_SCOPE,True,RPM_M1_2015
2015,middle,M1-2,통계,자료의 정리와 해석,도수분포,도수분포표,RPM_VERIFIED,RPM_VERIFIED,CANONICAL_DRAFT,CANONICAL_DRAFT,DEFAULT_SCOPE,True,RPM_M1_2015
2015,middle,M1-2,통계,자료의 정리와 해석,도수분포,히스토그램·도수분포다각형,RPM_VERIFIED,RPM_VERIFIED,CANONICAL_DRAFT,CANONICAL_DRAFT,DEFAULT_SCOPE,True,RPM_M1_2015
2015,middle,M1-2,통계,자료의 정리와 해석,상대도수,상대도수 계산,RPM_VERIFIED,RPM_VERIFIED,CANONICAL_DRAFT,CANONICAL_DRAFT,DEFAULT_SCOPE,True,RPM_M1_2015
2015,middle,M1-2,통계,자료의 정리와 해석,상대도수,상대도수 그래프,RPM_VERIFIED,RPM_VERIFIED,CANONICAL_DRAFT,CANONICAL_DRAFT,DEFAULT_SCOPE,True,RPM_M1_2015
2015,middle,M1-2,통계,자료의 정리와 해석,자료 해석,그래프 비교,RPM_VERIFIED,RPM_VERIFIED,CANONICAL_DRAFT,CANONICAL_DRAFT,DEFAULT_SCOPE,True,RPM_M1_2015
2015,middle,M1-2,통계,자료의 정리와 해석,자료 해석,자료에서 정보 추론,RPM_VERIFIED,RPM_VERIFIED,CANONICAL_DRAFT,CANONICAL_DRAFT,DEFAULT_SCOPE,True,RPM_M1_2015
2015,middle,M2-1,유리수와 순환소수,유리수와 순환소수,유한소수와 무한소수,유한소수 판별,RPM_VERIFIED,RPM_VERIFIED,CANONICAL_DRAFT,CANONICAL_DRAFT,DEFAULT_SCOPE,True,RPM_M2_2015
2015,middle,M2-1,유리수와 순환소수,유리수와 순환소수,유한소수와 무한소수,분모의 소인수 조건,RPM_VERIFIED,RPM_VERIFIED,CANONICAL_DRAFT,CANONICAL_DRAFT,DEFAULT_SCOPE,True,RPM_M2_2015
2015,middle,M2-1,유리수와 순환소수,유리수와 순환소수,순환소수,순환마디와 표현,RPM_VERIFIED,RPM_VERIFIED,CANONICAL_DRAFT,CANONICAL_DRAFT,DEFAULT_SCOPE,True,RPM_M2_2015
2015,middle,M2-1,유리수와 순환소수,유리수와 순환소수,순환소수,순환소수를 분수로,RPM_VERIFIED,RPM_VERIFIED,CANONICAL_DRAFT,CANONICAL_DRAFT,DEFAULT_SCOPE,True,RPM_M2_2015
2015,middle,M2-1,유리수와 순환소수,유리수와 순환소수,유리수와 소수 표현,분수를 소수로,RPM_VERIFIED,RPM_VERIFIED,CANONICAL_DRAFT,CANONICAL_DRAFT,DEFAULT_SCOPE,True,RPM_M2_2015
2015,middle,M2-1,유리수와 순환소수,유리수와 순환소수,유리수와 소수 표현,조건을 만족하는 유리수,RPM_VERIFIED,RPM_VERIFIED,CANONICAL_DRAFT,CANONICAL_DRAFT,DEFAULT_SCOPE,True,RPM_M2_2015
2015,middle,M2-1,식의 계산,단항식의 계산,지수법칙,거듭제곱의 곱·몫,RPM_VERIFIED,RPM_VERIFIED,CANONICAL_DRAFT,CANONICAL_DRAFT,DEFAULT_SCOPE,True,RPM_M2_2015
2015,middle,M2-1,식의 계산,단항식의 계산,지수법칙,거듭제곱의 거듭제곱,RPM_VERIFIED,RPM_VERIFIED,CANONICAL_DRAFT,CANONICAL_DRAFT,DEFAULT_SCOPE,True,RPM_M2_2015
2015,middle,M2-1,식의 계산,단항식의 계산,단항식의 곱셈과 나눗셈,단항식의 곱셈,RPM_VERIFIED,RPM_VERIFIED,CANONICAL_DRAFT,CANONICAL_DRAFT,DEFAULT_SCOPE,True,RPM_M2_2015
2015,middle,M2-1,식의 계산,단항식의 계산,단항식의 곱셈과 나눗셈,단항식의 나눗셈,RPM_VERIFIED,RPM_VERIFIED,CANONICAL_DRAFT,CANONICAL_DRAFT,DEFAULT_SCOPE,True,RPM_M2_2015
2015,middle,M2-1,식의 계산,단항식의 계산,단항식의 곱셈과 나눗셈,혼합 계산,RPM_VERIFIED,RPM_VERIFIED,CANONICAL_DRAFT,CANONICAL_DRAFT,DEFAULT_SCOPE,True,RPM_M2_2015
2015,middle,M2-1,식의 계산,다항식의 계산,다항식의 덧셈과 뺄셈,동류항 정리,RPM_VERIFIED,RPM_VERIFIED,CANONICAL_DRAFT,CANONICAL_DRAFT,DEFAULT_SCOPE,True,RPM_M2_2015
2015,middle,M2-1,식의 계산,다항식의 계산,다항식의 덧셈과 뺄셈,괄호가 있는 계산,RPM_VERIFIED,RPM_VERIFIED,CANONICAL_DRAFT,CANONICAL_DRAFT,DEFAULT_SCOPE,True,RPM_M2_2015
2015,middle,M2-1,식의 계산,다항식의 계산,단항식과 다항식의 곱셈·나눗셈,분배법칙,RPM_VERIFIED,RPM_VERIFIED,CANONICAL_DRAFT,CANONICAL_DRAFT,DEFAULT_SCOPE,True,RPM_M2_2015
2015,middle,M2-1,식의 계산,다항식의 계산,단항식과 다항식의 곱셈·나눗셈,다항식을 단항식으로 나누기,RPM_VERIFIED,RPM_VERIFIED,CANONICAL_DRAFT,CANONICAL_DRAFT,DEFAULT_SCOPE,True,RPM_M2_2015
2015,middle,M2-1,식의 계산,다항식의 계산,식의 값과 활용,식의 값,RPM_VERIFIED,RPM_VERIFIED,CANONICAL_DRAFT,CANONICAL_DRAFT,DEFAULT_SCOPE,True,RPM_M2_2015
2015,middle,M2-1,식의 계산,다항식의 계산,식의 값과 활용,조건식 활용,RPM_VERIFIED,RPM_VERIFIED,CANONICAL_DRAFT,CANONICAL_DRAFT,DEFAULT_SCOPE,True,RPM_M2_2015
2015,middle,M2-1,일차부등식과 연립일차방정식,일차부등식,부등식의 성질,부등식의 성질,RPM_VERIFIED,RPM_VERIFIED,CANONICAL_DRAFT,CANONICAL_DRAFT,DEFAULT_SCOPE,True,RPM_M2_2015
2015,middle,M2-1,일차부등식과 연립일차방정식,일차부등식,부등식의 성질,수직선으로 해 표현,RPM_VERIFIED,RPM_VERIFIED,CANONICAL_DRAFT,CANONICAL_DRAFT,DEFAULT_SCOPE,True,RPM_M2_2015
2015,middle,M2-1,일차부등식과 연립일차방정식,일차부등식,일차부등식의 풀이,기본형,RPM_VERIFIED,RPM_VERIFIED,CANONICAL_DRAFT,CANONICAL_DRAFT,DEFAULT_SCOPE,True,RPM_M2_2015
2015,middle,M2-1,일차부등식과 연립일차방정식,일차부등식,일차부등식의 풀이,괄호·분수·소수가 있는 부등식,RPM_VERIFIED,RPM_VERIFIED,CANONICAL_DRAFT,CANONICAL_DRAFT,DEFAULT_SCOPE,True,RPM_M2_2015
2015,middle,M2-1,일차부등식과 연립일차방정식,일차부등식,해의 조건,정수해 개수,RPM_VERIFIED,RPM_VERIFIED,CANONICAL_DRAFT,CANONICAL_DRAFT,DEFAULT_SCOPE,True,RPM_M2_2015
2015,middle,M2-1,일차부등식과 연립일차방정식,일차부등식,해의 조건,계수 조건,RPM_VERIFIED,RPM_VERIFIED,CANONICAL_DRAFT,CANONICAL_DRAFT,DEFAULT_SCOPE,True,RPM_M2_2015
2015,middle,M2-1,일차부등식과 연립일차방정식,일차부등식의 활용,수량 관계,이상·이하 조건,RPM_VERIFIED,RPM_VERIFIED,CANONICAL_DRAFT,CANONICAL_DRAFT,DEFAULT_SCOPE,True,RPM_M2_2015
2015,middle,M2-1,일차부등식과 연립일차방정식,일차부등식의 활용,수량 관계,최소·최대 정수,RPM_VERIFIED,RPM_VERIFIED,CANONICAL_DRAFT,CANONICAL_DRAFT,DEFAULT_SCOPE,True,RPM_M2_2015
2015,middle,M2-1,일차부등식과 연립일차방정식,일차부등식의 활용,거리·속력·시간,시간 제한,RPM_VERIFIED,RPM_VERIFIED,CANONICAL_DRAFT,CANONICAL_DRAFT,DEFAULT_SCOPE,True,RPM_M2_2015
2015,middle,M2-1,일차부등식과 연립일차방정식,일차부등식의 활용,거리·속력·시간,거리 조건,RPM_VERIFIED,RPM_VERIFIED,CANONICAL_DRAFT,CANONICAL_DRAFT,DEFAULT_SCOPE,True,RPM_M2_2015
2015,middle,M2-1,일차부등식과 연립일차방정식,일차부등식의 활용,비율·가격·도형,할인·이익,RPM_VERIFIED,RPM_VERIFIED,CANONICAL_DRAFT,CANONICAL_DRAFT,DEFAULT_SCOPE,True,RPM_M2_2015
2015,middle,M2-1,일차부등식과 연립일차방정식,일차부등식의 활용,비율·가격·도형,도형의 길이·넓이 조건,RPM_VERIFIED,RPM_VERIFIED,CANONICAL_DRAFT,CANONICAL_DRAFT,DEFAULT_SCOPE,True,RPM_M2_2015
2015,middle,M2-1,일차부등식과 연립일차방정식,연립일차방정식,연립방정식의 풀이,가감법,RPM_VERIFIED,RPM_VERIFIED,CANONICAL_DRAFT,CANONICAL_DRAFT,DEFAULT_SCOPE,True,RPM_M2_2015
2015,middle,M2-1,일차부등식과 연립일차방정식,연립일차방정식,연립방정식의 풀이,대입법,RPM_VERIFIED,RPM_VERIFIED,CANONICAL_DRAFT,CANONICAL_DRAFT,DEFAULT_SCOPE,True,RPM_M2_2015
2015,middle,M2-1,일차부등식과 연립일차방정식,연립일차방정식,해와 계수,해가 주어진 연립방정식,RPM_VERIFIED,RPM_VERIFIED,CANONICAL_DRAFT,CANONICAL_DRAFT,DEFAULT_SCOPE,True,RPM_M2_2015
2015,middle,M2-1,일차부등식과 연립일차방정식,연립일차방정식,해와 계수,계수 결정,RPM_VERIFIED,RPM_VERIFIED,CANONICAL_DRAFT,CANONICAL_DRAFT,DEFAULT_SCOPE,True,RPM_M2_2015
2015,middle,M2-1,일차부등식과 연립일차방정식,연립일차방정식,복잡한 꼴의 연립방정식,괄호가 있는 연립방정식,RPM_VERIFIED,RPM_VERIFIED,CANONICAL_DRAFT,CANONICAL_DRAFT,DEFAULT_SCOPE,True,RPM_M2_2015
2015,middle,M2-1,일차부등식과 연립일차방정식,연립일차방정식,복잡한 꼴의 연립방정식,분수·소수가 있는 연립방정식,RPM_VERIFIED,RPM_VERIFIED,CANONICAL_DRAFT,CANONICAL_DRAFT,DEFAULT_SCOPE,True,RPM_M2_2015
2015,middle,M2-1,일차부등식과 연립일차방정식,연립일차방정식,해가 특수한 연립방정식,해가 없거나 무수히 많은 경우,RPM_VERIFIED,RPM_VERIFIED,CANONICAL_DRAFT,CANONICAL_DRAFT,DEFAULT_SCOPE,True,RPM_M2_2015
2015,middle,M2-1,일차부등식과 연립일차방정식,연립일차방정식,해가 특수한 연립방정식,계수 조건으로 해의 상태 판단,RPM_VERIFIED,RPM_VERIFIED,CANONICAL_DRAFT,CANONICAL_DRAFT,DEFAULT_SCOPE,True,RPM_M2_2015
2015,middle,M2-1,일차부등식과 연립일차방정식,연립일차방정식의 활용,수와 개수,두 수 관계,RPM_VERIFIED,RPM_VERIFIED,CANONICAL_DRAFT,CANONICAL_DRAFT,DEFAULT_SCOPE,True,RPM_M2_2015
2015,middle,M2-1,일차부등식과 연립일차방정식,연립일차방정식의 활용,수와 개수,개수·가격,RPM_VERIFIED,RPM_VERIFIED,CANONICAL_DRAFT,CANONICAL_DRAFT,DEFAULT_SCOPE,True,RPM_M2_2015
2015,middle,M2-1,일차부등식과 연립일차방정식,연립일차방정식의 활용,속력·시간·거리,마주가기·따라가기,RPM_VERIFIED,RPM_VERIFIED,CANONICAL_DRAFT,CANONICAL_DRAFT,DEFAULT_SCOPE,True,RPM_M2_2015
2015,middle,M2-1,일차부등식과 연립일차방정식,연립일차방정식의 활용,속력·시간·거리,강물·기차,RPM_VERIFIED,RPM_VERIFIED,CANONICAL_DRAFT,CANONICAL_DRAFT,DEFAULT_SCOPE,True,RPM_M2_2015
2015,middle,M2-1,일차부등식과 연립일차방정식,연립일차방정식의 활용,농도·비율,농도 혼합,RPM_VERIFIED,RPM_VERIFIED,CANONICAL_DRAFT,CANONICAL_DRAFT,DEFAULT_SCOPE,True,RPM_M2_2015
2015,middle,M2-1,일차부등식과 연립일차방정식,연립일차방정식의 활용,농도·비율,증감률,RPM_VERIFIED,RPM_VERIFIED,CANONICAL_DRAFT,CANONICAL_DRAFT,DEFAULT_SCOPE,True,RPM_M2_2015
2015,middle,M2-1,일차부등식과 연립일차방정식,연립일차방정식의 활용,도형 활용,도형 조건을 이용한 연립방정식,RPM_VERIFIED,RPM_VERIFIED,CANONICAL_DRAFT,CANONICAL_DRAFT,DEFAULT_SCOPE,True,RPM_M2_2015
2015,middle,M2-1,일차부등식과 연립일차방정식,연립일차방정식의 활용,일의 양,일의 양과 작업률,RPM_VERIFIED,RPM_VERIFIED,CANONICAL_DRAFT,CANONICAL_DRAFT,DEFAULT_SCOPE,True,RPM_M2_2015
2015,middle,M2-1,일차함수,일차함수와 그 그래프,일차함수의 뜻,함숫값,RPM_VERIFIED,RPM_VERIFIED,CANONICAL_DRAFT,CANONICAL_DRAFT,DEFAULT_SCOPE,True,RPM_M2_2015
2015,middle,M2-1,일차함수,일차함수와 그 그래프,일차함수의 뜻,일차함수 판별,RPM_VERIFIED,RPM_VERIFIED,CANONICAL_DRAFT,CANONICAL_DRAFT,DEFAULT_SCOPE,True,RPM_M2_2015
2015,middle,M2-1,일차함수,일차함수와 그 그래프,일차함수의 그래프,기울기·절편,RPM_VERIFIED,RPM_VERIFIED,CANONICAL_DRAFT,CANONICAL_DRAFT,DEFAULT_SCOPE,True,RPM_M2_2015
2015,middle,M2-1,일차함수,일차함수와 그 그래프,일차함수의 그래프,그래프 그리기,RPM_VERIFIED,RPM_VERIFIED,CANONICAL_DRAFT,CANONICAL_DRAFT,DEFAULT_SCOPE,True,RPM_M2_2015
2015,middle,M2-1,일차함수,일차함수와 그 그래프,그래프의 성질,일차함수 그래프의 평행·일치,RPM_VERIFIED,RPM_VERIFIED,CANONICAL_DRAFT,CANONICAL_DRAFT,DEFAULT_SCOPE,True,RPM_M2_2015
2015,middle,M2-1,일차함수,일차함수와 그 그래프,그래프의 성질,증가·감소,RPM_VERIFIED,RPM_VERIFIED,CANONICAL_DRAFT,CANONICAL_DRAFT,DEFAULT_SCOPE,True,RPM_M2_2015
2015,middle,M2-1,일차함수,일차함수와 그 그래프,식 구하기,두 점으로 식 구하기,RPM_VERIFIED,RPM_VERIFIED,CANONICAL_DRAFT,CANONICAL_DRAFT,DEFAULT_SCOPE,True,RPM_M2_2015
2015,middle,M2-1,일차함수,일차함수와 그 그래프,식 구하기,기울기와 한 점으로 식 구하기,RPM_VERIFIED,RPM_VERIFIED,CANONICAL_DRAFT,CANONICAL_DRAFT,DEFAULT_SCOPE,True,RPM_M2_2015
2015,middle,M2-1,일차함수,일차함수와 일차방정식의 관계,방정식과 그래프,일차방정식의 그래프,RPM_VERIFIED,RPM_VERIFIED,CANONICAL_DRAFT,CANONICAL_DRAFT,DEFAULT_SCOPE,True,RPM_M2_2015
2015,middle,M2-1,일차함수,일차함수와 일차방정식의 관계,방정식과 그래프,x축·y축에 평행한 직선,RPM_VERIFIED,RPM_VERIFIED,CANONICAL_DRAFT,CANONICAL_DRAFT,DEFAULT_SCOPE,True,RPM_M2_2015
2015,middle,M2-1,일차함수,일차함수와 일차방정식의 관계,두 직선의 관계,교점과 연립방정식,RPM_VERIFIED,RPM_VERIFIED,CANONICAL_DRAFT,CANONICAL_DRAFT,DEFAULT_SCOPE,True,RPM_M2_2015
2015,middle,M2-1,일차함수,일차함수와 일차방정식의 관계,두 직선의 관계,두 직선의 평행·일치,RPM_VERIFIED,RPM_VERIFIED,CANONICAL_DRAFT,CANONICAL_DRAFT,DEFAULT_SCOPE,True,RPM_M2_2015
2015,middle,M2-1,일차함수,일차함수와 일차방정식의 관계,그래프 활용,넓이,RPM_VERIFIED,RPM_VERIFIED,CANONICAL_DRAFT,CANONICAL_DRAFT,DEFAULT_SCOPE,True,RPM_M2_2015
2015,middle,M2-1,일차함수,일차함수와 일차방정식의 관계,그래프 활용,조건에 따른 식 결정,RPM_VERIFIED,RPM_VERIFIED,CANONICAL_DRAFT,CANONICAL_DRAFT,DEFAULT_SCOPE,True,RPM_M2_2015
2015,middle,M2-2,삼각형의 성질,이등변삼각형,이등변삼각형의 성질,밑각,RPM_VERIFIED,RPM_VERIFIED,CANONICAL_DRAFT,CANONICAL_DRAFT,DEFAULT_SCOPE,True,RPM_M2_2015
2015,middle,M2-2,삼각형의 성질,이등변삼각형,이등변삼각형의 성질,꼭짓각의 이등분선,RPM_VERIFIED,RPM_VERIFIED,CANONICAL_DRAFT,CANONICAL_DRAFT,DEFAULT_SCOPE,True,RPM_M2_2015
2015,middle,M2-2,삼각형의 성질,이등변삼각형,이등변삼각형의 판정,두 각 조건,RPM_VERIFIED,RPM_VERIFIED,CANONICAL_DRAFT,CANONICAL_DRAFT,DEFAULT_SCOPE,True,RPM_M2_2015
2015,middle,M2-2,삼각형의 성질,이등변삼각형,이등변삼각형의 판정,수직이등분선 활용,RPM_VERIFIED,RPM_VERIFIED,CANONICAL_DRAFT,CANONICAL_DRAFT,DEFAULT_SCOPE,True,RPM_M2_2015
2015,middle,M2-2,삼각형의 성질,삼각형의 외심과 내심,외심,수직이등분선과 외심,RPM_VERIFIED,RPM_VERIFIED,CANONICAL_DRAFT,CANONICAL_DRAFT,DEFAULT_SCOPE,True,RPM_M2_2015
2015,middle,M2-2,삼각형의 성질,삼각형의 외심과 내심,외심,외심의 위치·각,RPM_VERIFIED,RPM_VERIFIED,CANONICAL_DRAFT,CANONICAL_DRAFT,DEFAULT_SCOPE,True,RPM_M2_2015
2015,middle,M2-2,삼각형의 성질,삼각형의 외심과 내심,내심,각의 이등분선과 내심,RPM_VERIFIED,RPM_VERIFIED,CANONICAL_DRAFT,CANONICAL_DRAFT,DEFAULT_SCOPE,True,RPM_M2_2015
2015,middle,M2-2,삼각형의 성질,삼각형의 외심과 내심,내심,내심과 거리,RPM_VERIFIED,RPM_VERIFIED,CANONICAL_DRAFT,CANONICAL_DRAFT,DEFAULT_SCOPE,True,RPM_M2_2015
2015,middle,M2-2,삼각형의 성질,삼각형의 외심과 내심,외접원·내접원 활용,반지름·각 계산,RPM_VERIFIED,RPM_VERIFIED,CANONICAL_DRAFT,CANONICAL_DRAFT,DEFAULT_SCOPE,True,RPM_M2_2015
2015,middle,M2-2,삼각형의 성질,삼각형의 외심과 내심,외접원·내접원 활용,외심·내심을 이용한 복합도형,RPM_VERIFIED,RPM_VERIFIED,CANONICAL_DRAFT,CANONICAL_DRAFT,DEFAULT_SCOPE,True,RPM_M2_2015
2015,middle,M2-2,사각형의 성질,평행사변형,평행사변형의 성질,변·각의 성질,RPM_VERIFIED,RPM_VERIFIED,CANONICAL_DRAFT,CANONICAL_DRAFT,DEFAULT_SCOPE,True,RPM_M2_2015
2015,middle,M2-2,사각형의 성질,평행사변형,평행사변형의 성질,평행사변형의 대각선 성질,RPM_VERIFIED,RPM_VERIFIED,CANONICAL_DRAFT,CANONICAL_DRAFT,DEFAULT_SCOPE,True,RPM_M2_2015
2015,middle,M2-2,사각형의 성질,평행사변형,평행사변형의 판정,변·각 조건,RPM_VERIFIED,RPM_VERIFIED,CANONICAL_DRAFT,CANONICAL_DRAFT,DEFAULT_SCOPE,True,RPM_M2_2015
2015,middle,M2-2,사각형의 성질,평행사변형,평행사변형의 판정,대각선 조건,RPM_VERIFIED,RPM_VERIFIED,CANONICAL_DRAFT,CANONICAL_DRAFT,DEFAULT_SCOPE,True,RPM_M2_2015
2015,middle,M2-2,사각형의 성질,평행사변형,넓이와 활용,평행선과 넓이,RPM_VERIFIED,RPM_VERIFIED,CANONICAL_DRAFT,CANONICAL_DRAFT,DEFAULT_SCOPE,True,RPM_M2_2015
2015,middle,M2-2,사각형의 성질,평행사변형,넓이와 활용,분할도형,RPM_VERIFIED,RPM_VERIFIED,CANONICAL_DRAFT,CANONICAL_DRAFT,DEFAULT_SCOPE,True,RPM_M2_2015
2015,middle,M2-2,사각형의 성질,여러 가지 사각형,직사각형·마름모·정사각형,각 사각형의 성질,RPM_VERIFIED,RPM_VERIFIED,CANONICAL_DRAFT,CANONICAL_DRAFT,DEFAULT_SCOPE,True,RPM_M2_2015
2015,middle,M2-2,사각형의 성질,여러 가지 사각형,직사각형·마름모·정사각형,특수 사각형의 대각선 성질,RPM_VERIFIED,RPM_VERIFIED,CANONICAL_DRAFT,CANONICAL_DRAFT,DEFAULT_SCOPE,True,RPM_M2_2015
2015,middle,M2-2,사각형의 성질,여러 가지 사각형,사다리꼴,등변사다리꼴,RPM_VERIFIED,RPM_VERIFIED,CANONICAL_DRAFT,CANONICAL_DRAFT,DEFAULT_SCOPE,True,RPM_M2_2015
2015,middle,M2-2,사각형의 성질,여러 가지 사각형,사다리꼴,중점 연결,RPM_VERIFIED,RPM_VERIFIED,CANONICAL_DRAFT,CANONICAL_DRAFT,DEFAULT_SCOPE,True,RPM_M2_2015
2015,middle,M2-2,사각형의 성질,여러 가지 사각형,사각형의 포함 관계,조건으로 사각형 판정,RPM_VERIFIED,RPM_VERIFIED,CANONICAL_DRAFT,CANONICAL_DRAFT,DEFAULT_SCOPE,True,RPM_M2_2015
2015,middle,M2-2,사각형의 성질,여러 가지 사각형,사각형의 포함 관계,성질 비교,RPM_VERIFIED,RPM_VERIFIED,CANONICAL_DRAFT,CANONICAL_DRAFT,DEFAULT_SCOPE,True,RPM_M2_2015
2015,middle,M2-2,도형의 닮음과 피타고라스 정리,도형의 닮음,닮은 도형,닮음비,RPM_VERIFIED,RPM_VERIFIED,CANONICAL_DRAFT,CANONICAL_DRAFT,DEFAULT_SCOPE,True,RPM_M2_2015
2015,middle,M2-2,도형의 닮음과 피타고라스 정리,도형의 닮음,닮은 도형,대응변·대응각,RPM_VERIFIED,RPM_VERIFIED,CANONICAL_DRAFT,CANONICAL_DRAFT,DEFAULT_SCOPE,True,RPM_M2_2015
2015,middle,M2-2,도형의 닮음과 피타고라스 정리,도형의 닮음,삼각형의 닮음,AA,RPM_VERIFIED,RPM_VERIFIED,CANONICAL_DRAFT,CANONICAL_DRAFT,DEFAULT_SCOPE,True,RPM_M2_2015
2015,middle,M2-2,도형의 닮음과 피타고라스 정리,도형의 닮음,삼각형의 닮음,SAS,RPM_VERIFIED,RPM_VERIFIED,CANONICAL_DRAFT,CANONICAL_DRAFT,DEFAULT_SCOPE,True,RPM_M2_2015
2015,middle,M2-2,도형의 닮음과 피타고라스 정리,도형의 닮음,삼각형의 닮음,SSS,RPM_VERIFIED,RPM_VERIFIED,CANONICAL_DRAFT,CANONICAL_DRAFT,DEFAULT_SCOPE,True,RPM_M2_2015
2015,middle,M2-2,도형의 닮음과 피타고라스 정리,도형의 닮음,닮음의 활용,길이,RPM_VERIFIED,RPM_VERIFIED,CANONICAL_DRAFT,CANONICAL_DRAFT,DEFAULT_SCOPE,True,RPM_M2_2015
2015,middle,M2-2,도형의 닮음과 피타고라스 정리,도형의 닮음,닮음의 활용,넓이·부피 비,RPM_VERIFIED,RPM_VERIFIED,CANONICAL_DRAFT,CANONICAL_DRAFT,DEFAULT_SCOPE,True,RPM_M2_2015
2015,middle,M2-2,도형의 닮음과 피타고라스 정리,평행선과 선분의 길이의 비,삼각형과 평행선,기본 비례,RPM_VERIFIED,RPM_VERIFIED,CANONICAL_DRAFT,CANONICAL_DRAFT,DEFAULT_SCOPE,True,RPM_M2_2015
2015,middle,M2-2,도형의 닮음과 피타고라스 정리,평행선과 선분의 길이의 비,삼각형과 평행선,평행선 판정,RPM_VERIFIED,RPM_VERIFIED,CANONICAL_DRAFT,CANONICAL_DRAFT,DEFAULT_SCOPE,True,RPM_M2_2015
2015,middle,M2-2,도형의 닮음과 피타고라스 정리,평행선과 선분의 길이의 비,평행선 사이 선분비,여러 평행선,RPM_VERIFIED,RPM_VERIFIED,CANONICAL_DRAFT,CANONICAL_DRAFT,DEFAULT_SCOPE,True,RPM_M2_2015
2015,middle,M2-2,도형의 닮음과 피타고라스 정리,평행선과 선분의 길이의 비,평행선 사이 선분비,사다리꼴,RPM_VERIFIED,RPM_VERIFIED,CANONICAL_DRAFT,CANONICAL_DRAFT,DEFAULT_SCOPE,True,RPM_M2_2015
2015,middle,M2-2,도형의 닮음과 피타고라스 정리,평행선과 선분의 길이의 비,비례 활용,미지 길이,RPM_VERIFIED,RPM_VERIFIED,CANONICAL_DRAFT,CANONICAL_DRAFT,DEFAULT_SCOPE,True,RPM_M2_2015
2015,middle,M2-2,도형의 닮음과 피타고라스 정리,평행선과 선분의 길이의 비,비례 활용,선분비를 이용한 복합도형,RPM_VERIFIED,RPM_VERIFIED,CANONICAL_DRAFT,CANONICAL_DRAFT,DEFAULT_SCOPE,True,RPM_M2_2015
2015,middle,M2-2,도형의 닮음과 피타고라스 정리,삼각형의 무게중심,중선과 무게중심,2:1 비,RPM_VERIFIED,RPM_VERIFIED,CANONICAL_DRAFT,CANONICAL_DRAFT,DEFAULT_SCOPE,True,RPM_M2_2015
2015,middle,M2-2,도형의 닮음과 피타고라스 정리,삼각형의 무게중심,중선과 무게중심,좌표·길이,RPM_VERIFIED,RPM_VERIFIED,CANONICAL_DRAFT,CANONICAL_DRAFT,DEFAULT_SCOPE,True,RPM_M2_2015
2015,middle,M2-2,도형의 닮음과 피타고라스 정리,삼각형의 무게중심,넓이와 무게중심,넓이 분할,RPM_VERIFIED,RPM_VERIFIED,CANONICAL_DRAFT,CANONICAL_DRAFT,DEFAULT_SCOPE,True,RPM_M2_2015
2015,middle,M2-2,도형의 닮음과 피타고라스 정리,삼각형의 무게중심,넓이와 무게중심,무게중심을 이용한 복합도형,RPM_VERIFIED,RPM_VERIFIED,CANONICAL_DRAFT,CANONICAL_DRAFT,DEFAULT_SCOPE,True,RPM_M2_2015
2015,middle,M2-2,도형의 닮음과 피타고라스 정리,피타고라스 정리,피타고라스 정리,직각삼각형의 변 길이,RPM_VERIFIED,RPM_VERIFIED,CANONICAL_DRAFT,CANONICAL_DRAFT,DEFAULT_SCOPE,True,RPM_M2_2015
2015,middle,M2-2,도형의 닮음과 피타고라스 정리,피타고라스 정리,피타고라스 정리,피타고라스 수,RPM_VERIFIED,RPM_VERIFIED,CANONICAL_DRAFT,CANONICAL_DRAFT,DEFAULT_SCOPE,True,RPM_M2_2015
2015,middle,M2-2,도형의 닮음과 피타고라스 정리,피타고라스 정리,피타고라스 정리의 역,직각삼각형 판정,RPM_VERIFIED,RPM_VERIFIED,CANONICAL_DRAFT,CANONICAL_DRAFT,DEFAULT_SCOPE,True,RPM_M2_2015
2015,middle,M2-2,도형의 닮음과 피타고라스 정리,피타고라스 정리,피타고라스 정리의 역,삼각형의 각 판정,RPM_VERIFIED,RPM_VERIFIED,CANONICAL_DRAFT,CANONICAL_DRAFT,DEFAULT_SCOPE,True,RPM_M2_2015
2015,middle,M2-2,도형의 닮음과 피타고라스 정리,피타고라스 정리,도형에의 활용,평면도형 길이,RPM_VERIFIED,RPM_VERIFIED,CANONICAL_DRAFT,CANONICAL_DRAFT,DEFAULT_SCOPE,True,RPM_M2_2015
2015,middle,M2-2,도형의 닮음과 피타고라스 정리,피타고라스 정리,도형에의 활용,입체도형 거리,RPM_VERIFIED,RPM_VERIFIED,CANONICAL_DRAFT,CANONICAL_DRAFT,DEFAULT_SCOPE,True,RPM_M2_2015
2015,middle,M2-2,확률,경우의 수,합의 법칙과 곱의 법칙,단계별 선택,RPM_VERIFIED,RPM_VERIFIED,CANONICAL_DRAFT,CANONICAL_DRAFT,DEFAULT_SCOPE,True,RPM_M2_2015
2015,middle,M2-2,확률,경우의 수,합의 법칙과 곱의 법칙,중복 없이 세기,RPM_VERIFIED,RPM_VERIFIED,CANONICAL_DRAFT,CANONICAL_DRAFT,DEFAULT_SCOPE,True,RPM_M2_2015
2015,middle,M2-2,확률,경우의 수,배열과 선택,순서가 있는 경우,RPM_VERIFIED,RPM_VERIFIED,CANONICAL_DRAFT,CANONICAL_DRAFT,DEFAULT_SCOPE,True,RPM_M2_2015
2015,middle,M2-2,확률,경우의 수,배열과 선택,순서가 없는 경우,RPM_VERIFIED,RPM_VERIFIED,CANONICAL_DRAFT,CANONICAL_DRAFT,DEFAULT_SCOPE,True,RPM_M2_2015
2015,middle,M2-2,확률,경우의 수,도형·경로,최단경로,RPM_VERIFIED,RPM_VERIFIED,CANONICAL_DRAFT,CANONICAL_DRAFT,DEFAULT_SCOPE,True,RPM_M2_2015
2015,middle,M2-2,확률,경우의 수,도형·경로,도형의 개수,RPM_VERIFIED,RPM_VERIFIED,CANONICAL_DRAFT,CANONICAL_DRAFT,DEFAULT_SCOPE,True,RPM_M2_2015
2015,middle,M2-2,확률,확률,확률의 뜻,동등가능한 경우,RPM_VERIFIED,RPM_VERIFIED,CANONICAL_DRAFT,CANONICAL_DRAFT,DEFAULT_SCOPE,True,RPM_M2_2015
2015,middle,M2-2,확률,확률,확률의 뜻,확률 계산,RPM_VERIFIED,RPM_VERIFIED,CANONICAL_DRAFT,CANONICAL_DRAFT,DEFAULT_SCOPE,True,RPM_M2_2015
2015,middle,M2-2,확률,확률,확률의 성질,여사건,RPM_VERIFIED,RPM_VERIFIED,CANONICAL_DRAFT,CANONICAL_DRAFT,DEFAULT_SCOPE,True,RPM_M2_2015
2015,middle,M2-2,확률,확률,확률의 성질,사건의 합,RPM_VERIFIED,RPM_VERIFIED,CANONICAL_DRAFT,CANONICAL_DRAFT,DEFAULT_SCOPE,True,RPM_M2_2015
2015,middle,M2-2,확률,확률,확률의 활용,경우를 나누어 구하는 확률,RPM_VERIFIED,RPM_VERIFIED,CANONICAL_DRAFT,CANONICAL_DRAFT,DEFAULT_SCOPE,True,RPM_M2_2015
2015,middle,M2-2,확률,확률,확률의 활용,연속 시행,RPM_VERIFIED,RPM_VERIFIED,CANONICAL_DRAFT,CANONICAL_DRAFT,DEFAULT_SCOPE,True,RPM_M2_2015
2015,middle,M3-1,실수와 그 연산,제곱근과 실수,제곱근,제곱근의 뜻,RPM_VERIFIED,RPM_VERIFIED,CANONICAL_DRAFT,CANONICAL_DRAFT,DEFAULT_SCOPE,True,RPM_M3_2015
2015,middle,M3-1,실수와 그 연산,제곱근과 실수,제곱근,제곱근의 성질,RPM_VERIFIED,RPM_VERIFIED,CANONICAL_DRAFT,CANONICAL_DRAFT,DEFAULT_SCOPE,True,RPM_M3_2015
2015,middle,M3-1,실수와 그 연산,제곱근과 실수,무리수와 실수,무리수 판별,RPM_VERIFIED,RPM_VERIFIED,CANONICAL_DRAFT,CANONICAL_DRAFT,DEFAULT_SCOPE,True,RPM_M3_2015
2015,middle,M3-1,실수와 그 연산,제곱근과 실수,무리수와 실수,실수의 대소,RPM_VERIFIED,RPM_VERIFIED,CANONICAL_DRAFT,CANONICAL_DRAFT,DEFAULT_SCOPE,True,RPM_M3_2015
2015,middle,M3-1,실수와 그 연산,제곱근과 실수,수직선과 제곱근,무리수의 위치,RPM_VERIFIED,RPM_VERIFIED,CANONICAL_DRAFT,CANONICAL_DRAFT,DEFAULT_SCOPE,True,RPM_M3_2015
2015,middle,M3-1,실수와 그 연산,제곱근과 실수,수직선과 제곱근,근삿값,RPM_VERIFIED,RPM_VERIFIED,CANONICAL_DRAFT,CANONICAL_DRAFT,DEFAULT_SCOPE,True,RPM_M3_2015
2015,middle,M3-1,실수와 그 연산,근호를 포함한 식의 계산,근호의 곱셈과 나눗셈,근호의 곱,RPM_VERIFIED,RPM_VERIFIED,CANONICAL_DRAFT,CANONICAL_DRAFT,DEFAULT_SCOPE,True,RPM_M3_2015
2015,middle,M3-1,실수와 그 연산,근호를 포함한 식의 계산,근호의 곱셈과 나눗셈,근호의 몫,RPM_VERIFIED,RPM_VERIFIED,CANONICAL_DRAFT,CANONICAL_DRAFT,DEFAULT_SCOPE,True,RPM_M3_2015
2015,middle,M3-1,실수와 그 연산,근호를 포함한 식의 계산,근호의 덧셈과 뺄셈,동류근호,RPM_VERIFIED,RPM_VERIFIED,CANONICAL_DRAFT,CANONICAL_DRAFT,DEFAULT_SCOPE,True,RPM_M3_2015
2015,middle,M3-1,실수와 그 연산,근호를 포함한 식의 계산,근호의 덧셈과 뺄셈,분배법칙,RPM_VERIFIED,RPM_VERIFIED,CANONICAL_DRAFT,CANONICAL_DRAFT,DEFAULT_SCOPE,True,RPM_M3_2015
2015,middle,M3-1,실수와 그 연산,근호를 포함한 식의 계산,분모의 유리화,한 항의 유리화,RPM_VERIFIED,RPM_VERIFIED,CANONICAL_DRAFT,CANONICAL_DRAFT,DEFAULT_SCOPE,True,RPM_M3_2015
2015,middle,M3-1,실수와 그 연산,근호를 포함한 식의 계산,분모의 유리화,합·차 꼴의 유리화,RPM_VERIFIED,RPM_VERIFIED,CANONICAL_DRAFT,CANONICAL_DRAFT,DEFAULT_SCOPE,True,RPM_M3_2015
2015,middle,M3-1,실수와 그 연산,근호를 포함한 식의 계산,혼합 계산,곱셈공식 활용,RPM_VERIFIED,RPM_VERIFIED,CANONICAL_DRAFT,CANONICAL_DRAFT,DEFAULT_SCOPE,True,RPM_M3_2015
2015,middle,M3-1,실수와 그 연산,근호를 포함한 식의 계산,혼합 계산,식의 값,RPM_VERIFIED,RPM_VERIFIED,CANONICAL_DRAFT,CANONICAL_DRAFT,DEFAULT_SCOPE,True,RPM_M3_2015
2015,middle,M3-1,다항식의 곱셈과 인수분해,다항식의 곱셈,곱셈공식,합·차의 제곱,RPM_VERIFIED,RPM_VERIFIED,CANONICAL_DRAFT,CANONICAL_DRAFT,DEFAULT_SCOPE,True,RPM_M3_2015
2015,middle,M3-1,다항식의 곱셈과 인수분해,다항식의 곱셈,곱셈공식,합과 차의 곱,RPM_VERIFIED,RPM_VERIFIED,CANONICAL_DRAFT,CANONICAL_DRAFT,DEFAULT_SCOPE,True,RPM_M3_2015
2015,middle,M3-1,다항식의 곱셈과 인수분해,다항식의 곱셈,곱셈공식,두 일차식의 곱,RPM_VERIFIED,RPM_VERIFIED,CANONICAL_DRAFT,CANONICAL_DRAFT,DEFAULT_SCOPE,True,RPM_M3_2015
2015,middle,M3-1,다항식의 곱셈과 인수분해,다항식의 곱셈,곱셈공식의 활용,곱셈공식을 이용한 수의 계산,RPM_VERIFIED,RPM_VERIFIED,CANONICAL_DRAFT,CANONICAL_DRAFT,DEFAULT_SCOPE,True,RPM_M3_2015
2015,middle,M3-1,다항식의 곱셈과 인수분해,다항식의 곱셈,곱셈공식의 활용,곱셈공식을 이용한 식의 값,RPM_VERIFIED,RPM_VERIFIED,CANONICAL_DRAFT,CANONICAL_DRAFT,DEFAULT_SCOPE,True,RPM_M3_2015
2015,middle,M3-1,다항식의 곱셈과 인수분해,다항식의 곱셈,곱셈공식의 활용,도형 활용,RPM_VERIFIED,RPM_VERIFIED,CANONICAL_DRAFT,CANONICAL_DRAFT,DEFAULT_SCOPE,True,RPM_M3_2015
2015,middle,M3-1,다항식의 곱셈과 인수분해,인수분해,공통인수,공통인수 묶기,RPM_VERIFIED,RPM_VERIFIED,CANONICAL_DRAFT,CANONICAL_DRAFT,DEFAULT_SCOPE,True,RPM_M3_2015
2015,middle,M3-1,다항식의 곱셈과 인수분해,인수분해,공통인수,단계적 인수분해,RPM_VERIFIED,RPM_VERIFIED,CANONICAL_DRAFT,CANONICAL_DRAFT,DEFAULT_SCOPE,True,RPM_M3_2015
2015,middle,M3-1,다항식의 곱셈과 인수분해,인수분해,인수분해 공식,제곱식,RPM_VERIFIED,RPM_VERIFIED,CANONICAL_DRAFT,CANONICAL_DRAFT,DEFAULT_SCOPE,True,RPM_M3_2015
2015,middle,M3-1,다항식의 곱셈과 인수분해,인수분해,인수분해 공식,합과 차,RPM_VERIFIED,RPM_VERIFIED,CANONICAL_DRAFT,CANONICAL_DRAFT,DEFAULT_SCOPE,True,RPM_M3_2015
2015,middle,M3-1,다항식의 곱셈과 인수분해,인수분해,인수분해 공식,이차식,RPM_VERIFIED,RPM_VERIFIED,CANONICAL_DRAFT,CANONICAL_DRAFT,DEFAULT_SCOPE,True,RPM_M3_2015
2015,middle,M3-1,다항식의 곱셈과 인수분해,인수분해,인수분해의 활용,인수분해를 이용한 수의 계산,RPM_VERIFIED,RPM_VERIFIED,CANONICAL_DRAFT,CANONICAL_DRAFT,DEFAULT_SCOPE,True,RPM_M3_2015
2015,middle,M3-1,다항식의 곱셈과 인수분해,인수분해,인수분해의 활용,인수분해를 이용한 식의 값,RPM_VERIFIED,RPM_VERIFIED,CANONICAL_DRAFT,CANONICAL_DRAFT,DEFAULT_SCOPE,True,RPM_M3_2015
2015,middle,M3-1,다항식의 곱셈과 인수분해,인수분해,인수분해의 활용,조건식,RPM_VERIFIED,RPM_VERIFIED,CANONICAL_DRAFT,CANONICAL_DRAFT,DEFAULT_SCOPE,True,RPM_M3_2015
2015,middle,M3-1,이차방정식,이차방정식의 풀이,이차방정식과 해,이차방정식 판별,RPM_VERIFIED,RPM_VERIFIED,CANONICAL_DRAFT,CANONICAL_DRAFT,DEFAULT_SCOPE,True,RPM_M3_2015
2015,middle,M3-1,이차방정식,이차방정식의 풀이,이차방정식과 해,해의 확인,RPM_VERIFIED,RPM_VERIFIED,CANONICAL_DRAFT,CANONICAL_DRAFT,DEFAULT_SCOPE,True,RPM_M3_2015
2015,middle,M3-1,이차방정식,이차방정식의 풀이,이차방정식과 해,해가 주어진 이차방정식의 계수 결정,RPM_VERIFIED,RPM_VERIFIED,CANONICAL_DRAFT,CANONICAL_DRAFT,DEFAULT_SCOPE,True,RPM_M3_2015
2015,middle,M3-1,이차방정식,이차방정식의 풀이,인수분해를 이용한 풀이,기본 인수분해,RPM_VERIFIED,RPM_VERIFIED,CANONICAL_DRAFT,CANONICAL_DRAFT,DEFAULT_SCOPE,True,RPM_M3_2015
2015,middle,M3-1,이차방정식,이차방정식의 풀이,제곱근·완전제곱식을 이용한 풀이,제곱근 이용,RPM_VERIFIED,RPM_VERIFIED,CANONICAL_DRAFT,CANONICAL_DRAFT,DEFAULT_SCOPE,True,RPM_M3_2015
2015,middle,M3-1,이차방정식,이차방정식의 풀이,제곱근·완전제곱식을 이용한 풀이,완전제곱식,RPM_VERIFIED,RPM_VERIFIED,CANONICAL_DRAFT,CANONICAL_DRAFT,DEFAULT_SCOPE,True,RPM_M3_2015
2015,middle,M3-1,이차방정식,이차방정식의 풀이,근의 공식,근의 공식,RPM_VERIFIED,RPM_VERIFIED,CANONICAL_DRAFT,CANONICAL_DRAFT,DEFAULT_SCOPE,True,RPM_M3_2015
2015,middle,M3-1,이차방정식,이차방정식의 풀이,근의 공식,근의 개수·판별,RPM_VERIFIED,RPM_VERIFIED,CANONICAL_DRAFT,CANONICAL_DRAFT,DEFAULT_SCOPE,True,RPM_M3_2015
2015,middle,M3-1,이차방정식,이차방정식의 활용,수와 식,연속된 수,RPM_VERIFIED,RPM_VERIFIED,CANONICAL_DRAFT,CANONICAL_DRAFT,DEFAULT_SCOPE,True,RPM_M3_2015
2015,middle,M3-1,이차방정식,이차방정식의 활용,수와 식,자리수·식의 값,RPM_VERIFIED,RPM_VERIFIED,CANONICAL_DRAFT,CANONICAL_DRAFT,DEFAULT_SCOPE,True,RPM_M3_2015
2015,middle,M3-1,이차방정식,이차방정식의 활용,도형,길이·넓이,RPM_VERIFIED,RPM_VERIFIED,CANONICAL_DRAFT,CANONICAL_DRAFT,DEFAULT_SCOPE,True,RPM_M3_2015
2015,middle,M3-1,이차방정식,이차방정식의 활용,도형,피타고라스와 결합,RPM_VERIFIED,RPM_VERIFIED,CANONICAL_DRAFT,CANONICAL_DRAFT,DEFAULT_SCOPE,True,RPM_M3_2015
2015,middle,M3-1,이차방정식,이차방정식의 활용,거리·속력·기타,운동 문제,RPM_VERIFIED,RPM_VERIFIED,CANONICAL_DRAFT,CANONICAL_DRAFT,DEFAULT_SCOPE,True,RPM_M3_2015
2015,middle,M3-1,이차방정식,이차방정식의 활용,거리·속력·기타,증감·개수,RPM_VERIFIED,RPM_VERIFIED,CANONICAL_DRAFT,CANONICAL_DRAFT,DEFAULT_SCOPE,True,RPM_M3_2015
2015,middle,M3-1,이차함수,이차함수와 그 그래프,이차함수의 뜻,이차함수 판별,RPM_VERIFIED,RPM_VERIFIED,CANONICAL_DRAFT,CANONICAL_DRAFT,DEFAULT_SCOPE,True,RPM_M3_2015
2015,middle,M3-1,이차함수,이차함수와 그 그래프,이차함수의 뜻,함숫값,RPM_VERIFIED,RPM_VERIFIED,CANONICAL_DRAFT,CANONICAL_DRAFT,DEFAULT_SCOPE,True,RPM_M3_2015
2015,middle,M3-1,이차함수,이차함수와 그 그래프,y=ax²의 그래프,그래프의 모양,RPM_VERIFIED,RPM_VERIFIED,CANONICAL_DRAFT,CANONICAL_DRAFT,DEFAULT_SCOPE,True,RPM_M3_2015
2015,middle,M3-1,이차함수,이차함수와 그 그래프,y=ax²의 그래프,대칭축·증감,RPM_VERIFIED,RPM_VERIFIED,CANONICAL_DRAFT,CANONICAL_DRAFT,DEFAULT_SCOPE,True,RPM_M3_2015
2015,middle,M3-1,이차함수,이차함수와 그 그래프,그래프와 식,점의 좌표,RPM_VERIFIED,RPM_VERIFIED,CANONICAL_DRAFT,CANONICAL_DRAFT,DEFAULT_SCOPE,True,RPM_M3_2015
2015,middle,M3-1,이차함수,이차함수와 그 그래프,그래프와 식,계수 결정,RPM_VERIFIED,RPM_VERIFIED,CANONICAL_DRAFT,CANONICAL_DRAFT,DEFAULT_SCOPE,True,RPM_M3_2015
2015,middle,M3-1,이차함수,이차함수 y=ax²+bx+c의 그래프,꼭짓점형,평행이동,RPM_VERIFIED,RPM_VERIFIED,CANONICAL_DRAFT,CANONICAL_DRAFT,DEFAULT_SCOPE,True,RPM_M3_2015
2015,middle,M3-1,이차함수,이차함수 y=ax²+bx+c의 그래프,꼭짓점형,꼭짓점·축,RPM_VERIFIED,RPM_VERIFIED,CANONICAL_DRAFT,CANONICAL_DRAFT,DEFAULT_SCOPE,True,RPM_M3_2015
2015,middle,M3-1,이차함수,이차함수 y=ax²+bx+c의 그래프,일반형,완전제곱식 변형,RPM_VERIFIED,RPM_VERIFIED,CANONICAL_DRAFT,CANONICAL_DRAFT,DEFAULT_SCOPE,True,RPM_M3_2015
2015,middle,M3-1,이차함수,이차함수 y=ax²+bx+c의 그래프,일반형,최대·최소,RPM_VERIFIED,RPM_VERIFIED,CANONICAL_DRAFT,CANONICAL_DRAFT,DEFAULT_SCOPE,True,RPM_M3_2015
2015,middle,M3-1,이차함수,이차함수 y=ax²+bx+c의 그래프,그래프와 계수,그래프 위치,RPM_VERIFIED,RPM_VERIFIED,CANONICAL_DRAFT,CANONICAL_DRAFT,DEFAULT_SCOPE,True,RPM_M3_2015
2015,middle,M3-1,이차함수,이차함수 y=ax²+bx+c의 그래프,그래프와 계수,조건으로 식 구하기,RPM_VERIFIED,RPM_VERIFIED,CANONICAL_DRAFT,CANONICAL_DRAFT,DEFAULT_SCOPE,True,RPM_M3_2015
2015,middle,M3-2,삼각비,삼각비,삼각비의 뜻,sin·cos·tan,RPM_VERIFIED,RPM_VERIFIED,CANONICAL_DRAFT,CANONICAL_DRAFT,DEFAULT_SCOPE,True,RPM_M3_2015
2015,middle,M3-2,삼각비,삼각비,삼각비의 뜻,삼각비의 관계,RPM_VERIFIED,RPM_VERIFIED,CANONICAL_DRAFT,CANONICAL_DRAFT,DEFAULT_SCOPE,True,RPM_M3_2015
2015,middle,M3-2,삼각비,삼각비,특수각의 삼각비,30°·45°·60°,RPM_VERIFIED,RPM_VERIFIED,CANONICAL_DRAFT,CANONICAL_DRAFT,DEFAULT_SCOPE,True,RPM_M3_2015
2015,middle,M3-2,삼각비,삼각비,특수각의 삼각비,특수각 계산,RPM_VERIFIED,RPM_VERIFIED,CANONICAL_DRAFT,CANONICAL_DRAFT,DEFAULT_SCOPE,True,RPM_M3_2015
2015,middle,M3-2,삼각비,삼각비,삼각비와 길이,직각삼각형의 변,RPM_VERIFIED,RPM_VERIFIED,CANONICAL_DRAFT,CANONICAL_DRAFT,DEFAULT_SCOPE,True,RPM_M3_2015
2015,middle,M3-2,삼각비,삼각비,삼각비와 길이,각을 이용한 길이,RPM_VERIFIED,RPM_VERIFIED,CANONICAL_DRAFT,CANONICAL_DRAFT,DEFAULT_SCOPE,True,RPM_M3_2015
2015,middle,M3-2,삼각비,삼각비의 활용,평면도형,삼각형의 높이·넓이,RPM_VERIFIED,RPM_VERIFIED,CANONICAL_DRAFT,CANONICAL_DRAFT,DEFAULT_SCOPE,True,RPM_M3_2015
2015,middle,M3-2,삼각비,삼각비의 활용,평면도형,다각형의 길이·넓이,RPM_VERIFIED,RPM_VERIFIED,CANONICAL_DRAFT,CANONICAL_DRAFT,DEFAULT_SCOPE,True,RPM_M3_2015
2015,middle,M3-2,삼각비,삼각비의 활용,측정 문제,높이·거리,RPM_VERIFIED,RPM_VERIFIED,CANONICAL_DRAFT,CANONICAL_DRAFT,DEFAULT_SCOPE,True,RPM_M3_2015
2015,middle,M3-2,삼각비,삼각비의 활용,측정 문제,앙각·부각,RPM_VERIFIED,RPM_VERIFIED,CANONICAL_DRAFT,CANONICAL_DRAFT,DEFAULT_SCOPE,True,RPM_M3_2015
2015,middle,M3-2,삼각비,삼각비의 활용,복합도형,보조선 활용,RPM_VERIFIED,RPM_VERIFIED,CANONICAL_DRAFT,CANONICAL_DRAFT,DEFAULT_SCOPE,True,RPM_M3_2015
2015,middle,M3-2,삼각비,삼각비의 활용,복합도형,피타고라스 결합,RPM_VERIFIED,RPM_VERIFIED,CANONICAL_DRAFT,CANONICAL_DRAFT,DEFAULT_SCOPE,True,RPM_M3_2015
2015,middle,M3-2,원의 성질,원과 직선,원의 중심과 현,중심에서 현에 내린 수선,RPM_VERIFIED,RPM_VERIFIED,CANONICAL_DRAFT,CANONICAL_DRAFT,DEFAULT_SCOPE,True,RPM_M3_2015
2015,middle,M3-2,원의 성질,원과 직선,원의 중심과 현,현의 수직이등분선과 중심,RPM_VERIFIED,RPM_VERIFIED,CANONICAL_DRAFT,CANONICAL_DRAFT,DEFAULT_SCOPE,True,RPM_M3_2015
2015,middle,M3-2,원의 성질,원과 직선,원의 중심과 현,중심거리와 현의 길이,RPM_VERIFIED,RPM_VERIFIED,CANONICAL_DRAFT,CANONICAL_DRAFT,DEFAULT_SCOPE,True,RPM_M3_2015
2015,middle,M3-2,원의 성질,원과 직선,원의 접선,접점의 반지름과 접선,RPM_VERIFIED,RPM_VERIFIED,CANONICAL_DRAFT,CANONICAL_DRAFT,DEFAULT_SCOPE,True,RPM_M3_2015
2015,middle,M3-2,원의 성질,원과 직선,원의 접선,한 점에서 그은 두 접선,RPM_VERIFIED,RPM_VERIFIED,CANONICAL_DRAFT,CANONICAL_DRAFT,DEFAULT_SCOPE,True,RPM_M3_2015
2015,middle,M3-2,원의 성질,원과 직선,원의 접선,접선 조건으로 길이 구하기,RPM_VERIFIED,RPM_VERIFIED,CANONICAL_DRAFT,CANONICAL_DRAFT,DEFAULT_SCOPE,True,RPM_M3_2015
2015,middle,M3-2,원의 성질,원과 직선,원의 접선,접선 조건으로 각 구하기,RPM_VERIFIED,RPM_VERIFIED,CANONICAL_DRAFT,CANONICAL_DRAFT,DEFAULT_SCOPE,True,RPM_M3_2015
2015,middle,M3-2,원의 성질,원주각,원주각과 중심각,같은 호에 대한 원주각,RPM_VERIFIED,RPM_VERIFIED,CANONICAL_DRAFT,CANONICAL_DRAFT,DEFAULT_SCOPE,True,RPM_M3_2015
2015,middle,M3-2,원의 성질,원주각,원주각과 중심각,중심각과 원주각,RPM_VERIFIED,RPM_VERIFIED,CANONICAL_DRAFT,CANONICAL_DRAFT,DEFAULT_SCOPE,True,RPM_M3_2015
2015,middle,M3-2,원의 성질,원주각,원주각과 중심각,반원에 대한 원주각,RPM_VERIFIED,RPM_VERIFIED,CANONICAL_DRAFT,CANONICAL_DRAFT,DEFAULT_SCOPE,True,RPM_M3_2015
2015,middle,M3-2,원의 성질,원주각,원주각의 활용,내접사각형의 각,RPM_VERIFIED,RPM_VERIFIED,CANONICAL_DRAFT,CANONICAL_DRAFT,DEFAULT_SCOPE,True,RPM_M3_2015
2015,middle,M3-2,원의 성질,원주각,원주각의 활용,네 점이 한 원 위에 있을 조건,RPM_VERIFIED,RPM_VERIFIED,CANONICAL_DRAFT,CANONICAL_DRAFT,DEFAULT_SCOPE,True,RPM_M3_2015
2015,middle,M3-2,원의 성질,원주각,원주각의 활용,접선과 현이 이루는 각,RPM_VERIFIED,RPM_VERIFIED,CANONICAL_DRAFT,CANONICAL_DRAFT,DEFAULT_SCOPE,True,RPM_M3_2015
2015,middle,M3-2,원의 성질,원주각,원주각의 활용,복합 각 추론,RPM_VERIFIED,RPM_VERIFIED,CANONICAL_DRAFT,CANONICAL_DRAFT,DEFAULT_SCOPE,True,RPM_M3_2015
2015,middle,M3-2,통계,대푯값과 산포도,대푯값,평균·중앙값·최빈값,RPM_VERIFIED,RPM_VERIFIED,CANONICAL_DRAFT,CANONICAL_DRAFT,DEFAULT_SCOPE,True,RPM_M3_2015
2015,middle,M3-2,통계,대푯값과 산포도,대푯값,대푯값 비교,RPM_VERIFIED,RPM_VERIFIED,CANONICAL_DRAFT,CANONICAL_DRAFT,DEFAULT_SCOPE,True,RPM_M3_2015
2015,middle,M3-2,통계,대푯값과 산포도,산포도,편차,RPM_VERIFIED,RPM_VERIFIED,CANONICAL_DRAFT,CANONICAL_DRAFT,DEFAULT_SCOPE,True,RPM_M3_2015
2015,middle,M3-2,통계,대푯값과 산포도,산포도,분산,RPM_VERIFIED,RPM_VERIFIED,CANONICAL_DRAFT,CANONICAL_DRAFT,DEFAULT_SCOPE,True,RPM_M3_2015
2015,middle,M3-2,통계,대푯값과 산포도,산포도,표준편차,RPM_VERIFIED,RPM_VERIFIED,CANONICAL_DRAFT,CANONICAL_DRAFT,DEFAULT_SCOPE,True,RPM_M3_2015
2015,middle,M3-2,통계,대푯값과 산포도,자료 비교,평균과 산포도 비교,RPM_VERIFIED,RPM_VERIFIED,CANONICAL_DRAFT,CANONICAL_DRAFT,DEFAULT_SCOPE,True,RPM_M3_2015
2015,middle,M3-2,통계,대푯값과 산포도,자료 비교,조건으로 자료 추론,RPM_VERIFIED,RPM_VERIFIED,CANONICAL_DRAFT,CANONICAL_DRAFT,DEFAULT_SCOPE,True,RPM_M3_2015
2015,middle,M3-2,통계,상관관계,산점도,산점도 읽기,RPM_VERIFIED,RPM_VERIFIED,CANONICAL_DRAFT,CANONICAL_DRAFT,DEFAULT_SCOPE,True,RPM_M3_2015
2015,middle,M3-2,통계,상관관계,산점도,자료를 산점도로,RPM_VERIFIED,RPM_VERIFIED,CANONICAL_DRAFT,CANONICAL_DRAFT,DEFAULT_SCOPE,True,RPM_M3_2015
2015,middle,M3-2,통계,상관관계,상관관계,양의 상관관계,RPM_VERIFIED,RPM_VERIFIED,CANONICAL_DRAFT,CANONICAL_DRAFT,DEFAULT_SCOPE,True,RPM_M3_2015
2015,middle,M3-2,통계,상관관계,상관관계,음의 상관관계,RPM_VERIFIED,RPM_VERIFIED,CANONICAL_DRAFT,CANONICAL_DRAFT,DEFAULT_SCOPE,True,RPM_M3_2015
2015,middle,M3-2,통계,상관관계,상관관계,상관관계가 약한 경우,RPM_VERIFIED,RPM_VERIFIED,CANONICAL_DRAFT,CANONICAL_DRAFT,DEFAULT_SCOPE,True,RPM_M3_2015
2022,middle,M1-1,소인수분해,소인수분해,소수와 합성수,소수·합성수 판별,RPM_VERIFIED,RPM_VERIFIED,CANONICAL_DRAFT,CANONICAL_DRAFT,DEFAULT_SCOPE,True,RPM_M1_2022
2022,middle,M1-1,소인수분해,소인수분해,소수와 합성수,소수의 성질 활용,RPM_VERIFIED,RPM_VERIFIED,CANONICAL_DRAFT,CANONICAL_DRAFT,DEFAULT_SCOPE,True,RPM_M1_2022
2022,middle,M1-1,소인수분해,소인수분해,소인수분해,자연수의 소인수분해,RPM_VERIFIED,RPM_VERIFIED,CANONICAL_DRAFT,CANONICAL_DRAFT,DEFAULT_SCOPE,True,RPM_M1_2022
2022,middle,M1-1,소인수분해,소인수분해,소인수분해,소인수분해를 이용한 약수의 구조,RPM_VERIFIED,RPM_VERIFIED,CANONICAL_DRAFT,CANONICAL_DRAFT,DEFAULT_SCOPE,True,RPM_M1_2022
2022,middle,M1-1,소인수분해,소인수분해,약수의 개수,소인수분해를 이용한 약수의 개수,RPM_VERIFIED,RPM_VERIFIED,CANONICAL_DRAFT,CANONICAL_DRAFT,DEFAULT_SCOPE,True,RPM_M1_2022
2022,middle,M1-1,소인수분해,소인수분해,약수의 개수,조건을 만족하는 자연수 찾기,RPM_VERIFIED,RPM_VERIFIED,CANONICAL_DRAFT,CANONICAL_DRAFT,DEFAULT_SCOPE,True,RPM_M1_2022
2022,middle,M1-1,소인수분해,최대공약수와 최소공배수,공약수와 최대공약수,소인수분해로 최대공약수 구하기,RPM_VERIFIED,RPM_VERIFIED,CANONICAL_DRAFT,CANONICAL_DRAFT,DEFAULT_SCOPE,True,RPM_M1_2022
2022,middle,M1-1,소인수분해,최대공약수와 최소공배수,공약수와 최대공약수,공약수 조건으로 수 찾기,RPM_VERIFIED,RPM_VERIFIED,CANONICAL_DRAFT,CANONICAL_DRAFT,DEFAULT_SCOPE,True,RPM_M1_2022
2022,middle,M1-1,소인수분해,최대공약수와 최소공배수,공배수와 최소공배수,소인수분해로 최소공배수 구하기,RPM_VERIFIED,RPM_VERIFIED,CANONICAL_DRAFT,CANONICAL_DRAFT,DEFAULT_SCOPE,True,RPM_M1_2022
2022,middle,M1-1,소인수분해,최대공약수와 최소공배수,공배수와 최소공배수,공배수 조건으로 수 찾기,RPM_VERIFIED,RPM_VERIFIED,CANONICAL_DRAFT,CANONICAL_DRAFT,DEFAULT_SCOPE,True,RPM_M1_2022
2022,middle,M1-1,소인수분해,최대공약수와 최소공배수,최대공약수·최소공배수의 활용,나누어떨어짐 조건,RPM_VERIFIED,RPM_VERIFIED,CANONICAL_DRAFT,CANONICAL_DRAFT,RPM_EXTENDED_CANDIDATE,False,RPM_M1_2022
2022,middle,M1-1,소인수분해,최대공약수와 최소공배수,최대공약수·최소공배수의 활용,주기·배열·묶음 문제,RPM_VERIFIED,RPM_VERIFIED,CANONICAL_DRAFT,CANONICAL_DRAFT,RPM_EXTENDED_CANDIDATE,False,RPM_M1_2022
2022,middle,M1-1,정수와 유리수,정수와 유리수,수 체계,양수·음수 분류,RPM_VERIFIED,RPM_VERIFIED,CANONICAL_DRAFT,CANONICAL_DRAFT,DEFAULT_SCOPE,True,RPM_M1_2022
2022,middle,M1-1,정수와 유리수,정수와 유리수,수 체계,정수와 유리수의 포함 관계,RPM_VERIFIED,RPM_VERIFIED,CANONICAL_DRAFT,CANONICAL_DRAFT,DEFAULT_SCOPE,True,RPM_M1_2022
2022,middle,M1-1,정수와 유리수,정수와 유리수,수직선과 대소 관계,수직선 위의 수,RPM_VERIFIED,RPM_VERIFIED,CANONICAL_DRAFT,CANONICAL_DRAFT,DEFAULT_SCOPE,True,RPM_M1_2022
2022,middle,M1-1,정수와 유리수,정수와 유리수,수직선과 대소 관계,유리수의 대소 비교,RPM_VERIFIED,RPM_VERIFIED,CANONICAL_DRAFT,CANONICAL_DRAFT,DEFAULT_SCOPE,True,RPM_M1_2022
2022,middle,M1-1,정수와 유리수,정수와 유리수,절댓값,절댓값의 뜻,RPM_VERIFIED,RPM_VERIFIED,CANONICAL_DRAFT,CANONICAL_DRAFT,DEFAULT_SCOPE,True,RPM_M1_2022
2022,middle,M1-1,정수와 유리수,정수와 유리수,절댓값,절댓값 조건으로 수 찾기,RPM_VERIFIED,RPM_VERIFIED,CANONICAL_DRAFT,CANONICAL_DRAFT,DEFAULT_SCOPE,True,RPM_M1_2022
2022,middle,M1-1,정수와 유리수,정수와 유리수의 계산,덧셈과 뺄셈,부호가 있는 수의 덧셈,RPM_VERIFIED,RPM_VERIFIED,CANONICAL_DRAFT,CANONICAL_DRAFT,DEFAULT_SCOPE,True,RPM_M1_2022
2022,middle,M1-1,정수와 유리수,정수와 유리수의 계산,덧셈과 뺄셈,부호가 있는 수의 뺄셈,RPM_VERIFIED,RPM_VERIFIED,CANONICAL_DRAFT,CANONICAL_DRAFT,DEFAULT_SCOPE,True,RPM_M1_2022
2022,middle,M1-1,정수와 유리수,정수와 유리수의 계산,덧셈과 뺄셈,덧셈·뺄셈 혼합,RPM_VERIFIED,RPM_VERIFIED,CANONICAL_DRAFT,CANONICAL_DRAFT,DEFAULT_SCOPE,True,RPM_M1_2022
2022,middle,M1-1,정수와 유리수,정수와 유리수의 계산,곱셈과 나눗셈,부호가 있는 수의 곱셈,RPM_VERIFIED,RPM_VERIFIED,CANONICAL_DRAFT,CANONICAL_DRAFT,DEFAULT_SCOPE,True,RPM_M1_2022
2022,middle,M1-1,정수와 유리수,정수와 유리수의 계산,곱셈과 나눗셈,부호가 있는 수의 나눗셈,RPM_VERIFIED,RPM_VERIFIED,CANONICAL_DRAFT,CANONICAL_DRAFT,DEFAULT_SCOPE,True,RPM_M1_2022
2022,middle,M1-1,정수와 유리수,정수와 유리수의 계산,곱셈과 나눗셈,곱셈·나눗셈 혼합,RPM_VERIFIED,RPM_VERIFIED,CANONICAL_DRAFT,CANONICAL_DRAFT,DEFAULT_SCOPE,True,RPM_M1_2022
2022,middle,M1-1,정수와 유리수,정수와 유리수의 계산,혼합 계산,괄호가 있는 혼합 계산,RPM_VERIFIED,RPM_VERIFIED,CANONICAL_DRAFT,CANONICAL_DRAFT,DEFAULT_SCOPE,True,RPM_M1_2022
2022,middle,M1-1,정수와 유리수,정수와 유리수의 계산,혼합 계산,거듭제곱이 포함된 혼합 계산,RPM_VERIFIED,RPM_VERIFIED,CANONICAL_DRAFT,CANONICAL_DRAFT,DEFAULT_SCOPE,True,RPM_M1_2022
2022,middle,M1-1,문자와 식,문자의 사용과 식의 계산,문자의 사용,문자로 수량 나타내기,RPM_VERIFIED,RPM_VERIFIED,CANONICAL_DRAFT,CANONICAL_DRAFT,DEFAULT_SCOPE,True,RPM_M1_2022
2022,middle,M1-1,문자와 식,문자의 사용과 식의 계산,문자의 사용,곱셈·나눗셈 기호 생략,RPM_VERIFIED,RPM_VERIFIED,CANONICAL_DRAFT,CANONICAL_DRAFT,DEFAULT_SCOPE,True,RPM_M1_2022
2022,middle,M1-1,문자와 식,문자의 사용과 식의 계산,식의 값,대입하여 식의 값 구하기,RPM_VERIFIED,RPM_VERIFIED,CANONICAL_DRAFT,CANONICAL_DRAFT,DEFAULT_SCOPE,True,RPM_M1_2022
2022,middle,M1-1,문자와 식,문자의 사용과 식의 계산,식의 값,조건식으로 식의 값 구하기,RPM_VERIFIED,RPM_VERIFIED,CANONICAL_DRAFT,CANONICAL_DRAFT,DEFAULT_SCOPE,True,RPM_M1_2022
2022,middle,M1-1,문자와 식,문자의 사용과 식의 계산,일차식,일차식과 계수·상수항,RPM_VERIFIED,RPM_VERIFIED,CANONICAL_DRAFT,CANONICAL_DRAFT,DEFAULT_SCOPE,True,RPM_M1_2022
2022,middle,M1-1,문자와 식,문자의 사용과 식의 계산,일차식,동류항 정리,RPM_VERIFIED,RPM_VERIFIED,CANONICAL_DRAFT,CANONICAL_DRAFT,DEFAULT_SCOPE,True,RPM_M1_2022
2022,middle,M1-1,문자와 식,문자의 사용과 식의 계산,일차식의 계산,일차식의 덧셈·뺄셈,RPM_VERIFIED,RPM_VERIFIED,CANONICAL_DRAFT,CANONICAL_DRAFT,DEFAULT_SCOPE,True,RPM_M1_2022
2022,middle,M1-1,문자와 식,문자의 사용과 식의 계산,일차식의 계산,괄호가 있는 일차식 계산,RPM_VERIFIED,RPM_VERIFIED,CANONICAL_DRAFT,CANONICAL_DRAFT,DEFAULT_SCOPE,True,RPM_M1_2022
2022,middle,M1-1,문자와 식,일차방정식의 풀이,등식과 방정식,등식의 성질,RPM_VERIFIED,RPM_VERIFIED,CANONICAL_DRAFT,CANONICAL_DRAFT,DEFAULT_SCOPE,True,RPM_M1_2022
2022,middle,M1-1,문자와 식,일차방정식의 풀이,등식과 방정식,방정식의 해,RPM_VERIFIED,RPM_VERIFIED,CANONICAL_DRAFT,CANONICAL_DRAFT,DEFAULT_SCOPE,True,RPM_M1_2022
2022,middle,M1-1,문자와 식,일차방정식의 풀이,일차방정식의 풀이,이항을 이용한 풀이,RPM_VERIFIED,RPM_VERIFIED,CANONICAL_DRAFT,CANONICAL_DRAFT,DEFAULT_SCOPE,True,RPM_M1_2022
2022,middle,M1-1,문자와 식,일차방정식의 풀이,일차방정식의 풀이,괄호·분수·소수가 있는 방정식,RPM_VERIFIED,RPM_VERIFIED,CANONICAL_DRAFT,CANONICAL_DRAFT,DEFAULT_SCOPE,True,RPM_M1_2022
2022,middle,M1-1,문자와 식,일차방정식의 풀이,해와 조건,해가 주어진 방정식,RPM_VERIFIED,RPM_VERIFIED,CANONICAL_DRAFT,CANONICAL_DRAFT,DEFAULT_SCOPE,True,RPM_M1_2022
2022,middle,M1-1,문자와 식,일차방정식의 풀이,해와 조건,계수 조건 결정,RPM_VERIFIED,RPM_VERIFIED,CANONICAL_DRAFT,CANONICAL_DRAFT,DEFAULT_SCOPE,True,RPM_M1_2022
2022,middle,M1-1,문자와 식,일차방정식의 활용,수와 관계,수에 관한 문제,RPM_VERIFIED,RPM_VERIFIED,CANONICAL_DRAFT,CANONICAL_DRAFT,DEFAULT_SCOPE,True,RPM_M1_2022
2022,middle,M1-1,문자와 식,일차방정식의 활용,수와 관계,나이·개수 관계,RPM_VERIFIED,RPM_VERIFIED,CANONICAL_DRAFT,CANONICAL_DRAFT,DEFAULT_SCOPE,True,RPM_M1_2022
2022,middle,M1-1,문자와 식,일차방정식의 활용,속력·시간·거리,거리 관계식,RPM_VERIFIED,RPM_VERIFIED,CANONICAL_DRAFT,CANONICAL_DRAFT,DEFAULT_SCOPE,True,RPM_M1_2022
2022,middle,M1-1,문자와 식,일차방정식의 활용,속력·시간·거리,마주가기·따라가기,RPM_VERIFIED,RPM_VERIFIED,CANONICAL_DRAFT,CANONICAL_DRAFT,DEFAULT_SCOPE,True,RPM_M1_2022
2022,middle,M1-1,문자와 식,일차방정식의 활용,농도와 비율,백분율·비율,RPM_VERIFIED,RPM_VERIFIED,CANONICAL_DRAFT,CANONICAL_DRAFT,DEFAULT_SCOPE,True,RPM_M1_2022
2022,middle,M1-1,문자와 식,일차방정식의 활용,농도와 비율,농도 문제,RPM_VERIFIED,RPM_VERIFIED,CANONICAL_DRAFT,CANONICAL_DRAFT,DEFAULT_SCOPE,True,RPM_M1_2022
2022,middle,M1-1,문자와 식,일차방정식의 활용,도형 활용,도형의 길이·넓이,RPM_VERIFIED,RPM_VERIFIED,CANONICAL_DRAFT,CANONICAL_DRAFT,DEFAULT_SCOPE,True,RPM_M1_2022
2022,middle,M1-1,문자와 식,일차방정식의 활용,생활 속 관계식,요금·가격,RPM_VERIFIED,RPM_VERIFIED,CANONICAL_DRAFT,CANONICAL_DRAFT,DEFAULT_SCOPE,True,RPM_M1_2022
2022,middle,M1-1,문자와 식,일차방정식의 활용,생활 속 관계식,과부족,RPM_VERIFIED,RPM_VERIFIED,CANONICAL_DRAFT,CANONICAL_DRAFT,DEFAULT_SCOPE,True,RPM_M1_2022
2022,middle,M1-1,좌표평면과 그래프,좌표와 그래프,좌표평면,점의 좌표 읽기,RPM_VERIFIED,RPM_VERIFIED,CANONICAL_DRAFT,CANONICAL_DRAFT,DEFAULT_SCOPE,True,RPM_M1_2022
2022,middle,M1-1,좌표평면과 그래프,좌표와 그래프,좌표평면,대칭인 점의 좌표,RPM_VERIFIED,RPM_VERIFIED,CANONICAL_DRAFT,CANONICAL_DRAFT,DEFAULT_SCOPE,True,RPM_M1_2022
2022,middle,M1-1,좌표평면과 그래프,좌표와 그래프,그래프,상황을 그래프로 나타내기,RPM_VERIFIED,RPM_VERIFIED,CANONICAL_DRAFT,CANONICAL_DRAFT,DEFAULT_SCOPE,True,RPM_M1_2022
2022,middle,M1-1,좌표평면과 그래프,좌표와 그래프,그래프,그래프 해석,RPM_VERIFIED,RPM_VERIFIED,CANONICAL_DRAFT,CANONICAL_DRAFT,DEFAULT_SCOPE,True,RPM_M1_2022
2022,middle,M1-1,좌표평면과 그래프,정비례와 반비례,정비례,정비례 관계식,RPM_VERIFIED,RPM_VERIFIED,CANONICAL_DRAFT,CANONICAL_DRAFT,DEFAULT_SCOPE,True,RPM_M1_2022
2022,middle,M1-1,좌표평면과 그래프,정비례와 반비례,정비례,정비례 그래프,RPM_VERIFIED,RPM_VERIFIED,CANONICAL_DRAFT,CANONICAL_DRAFT,DEFAULT_SCOPE,True,RPM_M1_2022
2022,middle,M1-1,좌표평면과 그래프,정비례와 반비례,반비례,반비례 관계식,RPM_VERIFIED,RPM_VERIFIED,CANONICAL_DRAFT,CANONICAL_DRAFT,DEFAULT_SCOPE,True,RPM_M1_2022
2022,middle,M1-1,좌표평면과 그래프,정비례와 반비례,반비례,반비례 그래프,RPM_VERIFIED,RPM_VERIFIED,CANONICAL_DRAFT,CANONICAL_DRAFT,DEFAULT_SCOPE,True,RPM_M1_2022
2022,middle,M1-1,좌표평면과 그래프,정비례와 반비례,관계 해석,그래프에서 식 구하기,RPM_VERIFIED,RPM_VERIFIED,CANONICAL_DRAFT,CANONICAL_DRAFT,DEFAULT_SCOPE,True,RPM_M1_2022
2022,middle,M1-1,좌표평면과 그래프,정비례와 반비례,관계 해석,정비례·반비례 활용,RPM_VERIFIED,RPM_VERIFIED,CANONICAL_DRAFT,CANONICAL_DRAFT,DEFAULT_SCOPE,True,RPM_M1_2022
2022,middle,M1-2,기본 도형,기본 도형,점·선·면,직선·반직선·선분,RPM_VERIFIED,RPM_VERIFIED,CANONICAL_DRAFT,CANONICAL_DRAFT,DEFAULT_SCOPE,True,RPM_M1_2022
2022,middle,M1-2,기본 도형,기본 도형,점·선·면,두 점 사이의 거리와 중점,RPM_VERIFIED,RPM_VERIFIED,CANONICAL_DRAFT,CANONICAL_DRAFT,DEFAULT_SCOPE,True,RPM_M1_2022
2022,middle,M1-2,기본 도형,기본 도형,각,각의 크기,RPM_VERIFIED,RPM_VERIFIED,CANONICAL_DRAFT,CANONICAL_DRAFT,DEFAULT_SCOPE,True,RPM_M1_2022
2022,middle,M1-2,기본 도형,기본 도형,각,맞꼭지각,RPM_VERIFIED,RPM_VERIFIED,CANONICAL_DRAFT,CANONICAL_DRAFT,DEFAULT_SCOPE,True,RPM_M1_2022
2022,middle,M1-2,기본 도형,기본 도형,평행선과 각,동위각·엇각,RPM_VERIFIED,RPM_VERIFIED,CANONICAL_DRAFT,CANONICAL_DRAFT,DEFAULT_SCOPE,True,RPM_M1_2022
2022,middle,M1-2,기본 도형,기본 도형,평행선과 각,평행선 조건,RPM_VERIFIED,RPM_VERIFIED,CANONICAL_DRAFT,CANONICAL_DRAFT,DEFAULT_SCOPE,True,RPM_M1_2022
2022,middle,M1-2,기본 도형,위치 관계,평면에서의 위치 관계,두 직선의 위치 관계,RPM_VERIFIED,RPM_VERIFIED,CANONICAL_DRAFT,CANONICAL_DRAFT,DEFAULT_SCOPE,True,RPM_M1_2022
2022,middle,M1-2,기본 도형,위치 관계,평면에서의 위치 관계,점·직선·평면 관계,RPM_VERIFIED,RPM_VERIFIED,CANONICAL_DRAFT,CANONICAL_DRAFT,DEFAULT_SCOPE,True,RPM_M1_2022
2022,middle,M1-2,기본 도형,위치 관계,공간에서의 위치 관계,직선과 평면의 위치 관계,RPM_VERIFIED,RPM_VERIFIED,CANONICAL_DRAFT,CANONICAL_DRAFT,DEFAULT_SCOPE,True,RPM_M1_2022
2022,middle,M1-2,기본 도형,위치 관계,공간에서의 위치 관계,평면과 평면의 위치 관계,RPM_VERIFIED,RPM_VERIFIED,CANONICAL_DRAFT,CANONICAL_DRAFT,DEFAULT_SCOPE,True,RPM_M1_2022
2022,middle,M1-2,기본 도형,위치 관계,수직과 거리,수선과 수선의 발,RPM_VERIFIED,RPM_VERIFIED,CANONICAL_DRAFT,CANONICAL_DRAFT,DEFAULT_SCOPE,True,RPM_M1_2022
2022,middle,M1-2,기본 도형,위치 관계,수직과 거리,점과 직선 사이의 거리,RPM_VERIFIED,RPM_VERIFIED,CANONICAL_DRAFT,CANONICAL_DRAFT,DEFAULT_SCOPE,True,RPM_M1_2022
2022,middle,M1-2,기본 도형,작도와 합동,기본 작도,선분·각의 이동,RPM_VERIFIED,RPM_VERIFIED,CANONICAL_DRAFT,CANONICAL_DRAFT,DEFAULT_SCOPE,True,RPM_M1_2022
2022,middle,M1-2,기본 도형,작도와 합동,기본 작도,수직이등분선 작도,RPM_VERIFIED,RPM_VERIFIED,CANONICAL_DRAFT,CANONICAL_DRAFT,DEFAULT_SCOPE,True,RPM_M1_2022
2022,middle,M1-2,기본 도형,작도와 합동,기본 작도,각의 이등분선 작도,RPM_VERIFIED,RPM_VERIFIED,CANONICAL_DRAFT,CANONICAL_DRAFT,DEFAULT_SCOPE,True,RPM_M1_2022
2022,middle,M1-2,기본 도형,작도와 합동,삼각형의 작도,세 변 조건,RPM_VERIFIED,RPM_VERIFIED,CANONICAL_DRAFT,CANONICAL_DRAFT,DEFAULT_SCOPE,True,RPM_M1_2022
2022,middle,M1-2,기본 도형,작도와 합동,삼각형의 작도,두 변과 끼인각 조건,RPM_VERIFIED,RPM_VERIFIED,CANONICAL_DRAFT,CANONICAL_DRAFT,DEFAULT_SCOPE,True,RPM_M1_2022
2022,middle,M1-2,기본 도형,작도와 합동,삼각형의 작도,한 변과 양 끝각 조건,RPM_VERIFIED,RPM_VERIFIED,CANONICAL_DRAFT,CANONICAL_DRAFT,DEFAULT_SCOPE,True,RPM_M1_2022
2022,middle,M1-2,기본 도형,작도와 합동,삼각형의 합동,SSS 합동,RPM_VERIFIED,RPM_VERIFIED,CANONICAL_DRAFT,CANONICAL_DRAFT,DEFAULT_SCOPE,True,RPM_M1_2022
2022,middle,M1-2,기본 도형,작도와 합동,삼각형의 합동,SAS 합동,RPM_VERIFIED,RPM_VERIFIED,CANONICAL_DRAFT,CANONICAL_DRAFT,DEFAULT_SCOPE,True,RPM_M1_2022
2022,middle,M1-2,기본 도형,작도와 합동,삼각형의 합동,ASA 합동,RPM_VERIFIED,RPM_VERIFIED,CANONICAL_DRAFT,CANONICAL_DRAFT,DEFAULT_SCOPE,True,RPM_M1_2022
2022,middle,M1-2,평면도형,다각형,다각형의 내각과 외각,내각의 합,RPM_VERIFIED,RPM_VERIFIED,CANONICAL_DRAFT,CANONICAL_DRAFT,DEFAULT_SCOPE,True,RPM_M1_2022
2022,middle,M1-2,평면도형,다각형,다각형의 내각과 외각,외각의 합,RPM_VERIFIED,RPM_VERIFIED,CANONICAL_DRAFT,CANONICAL_DRAFT,DEFAULT_SCOPE,True,RPM_M1_2022
2022,middle,M1-2,평면도형,다각형,다각형의 내각과 외각,정다각형의 각,RPM_VERIFIED,RPM_VERIFIED,CANONICAL_DRAFT,CANONICAL_DRAFT,DEFAULT_SCOPE,True,RPM_M1_2022
2022,middle,M1-2,평면도형,다각형,삼각형·다각형의 각,각의 크기 계산,RPM_VERIFIED,RPM_VERIFIED,CANONICAL_DRAFT,CANONICAL_DRAFT,DEFAULT_SCOPE,True,RPM_M1_2022
2022,middle,M1-2,평면도형,다각형,삼각형·다각형의 각,변·대각선 개수,RPM_VERIFIED,RPM_VERIFIED,CANONICAL_DRAFT,CANONICAL_DRAFT,DEFAULT_SCOPE,True,RPM_M1_2022
2022,middle,M1-2,평면도형,다각형,정다각형,정다각형의 성질,RPM_VERIFIED,RPM_VERIFIED,CANONICAL_DRAFT,CANONICAL_DRAFT,DEFAULT_SCOPE,True,RPM_M1_2022
2022,middle,M1-2,평면도형,다각형,정다각형,조건으로 정다각형 찾기,RPM_VERIFIED,RPM_VERIFIED,CANONICAL_DRAFT,CANONICAL_DRAFT,DEFAULT_SCOPE,True,RPM_M1_2022
2022,middle,M1-2,평면도형,원과 부채꼴,원과 부채꼴의 기본,중심각·호·현,RPM_VERIFIED,RPM_VERIFIED,CANONICAL_DRAFT,CANONICAL_DRAFT,DEFAULT_SCOPE,True,RPM_M1_2022
2022,middle,M1-2,평면도형,원과 부채꼴,원과 부채꼴의 기본,부채꼴의 호의 길이,RPM_VERIFIED,RPM_VERIFIED,CANONICAL_DRAFT,CANONICAL_DRAFT,DEFAULT_SCOPE,True,RPM_M1_2022
2022,middle,M1-2,평면도형,원과 부채꼴,부채꼴의 넓이,중심각을 이용한 넓이,RPM_VERIFIED,RPM_VERIFIED,CANONICAL_DRAFT,CANONICAL_DRAFT,DEFAULT_SCOPE,True,RPM_M1_2022
2022,middle,M1-2,평면도형,원과 부채꼴,부채꼴의 넓이,호의 길이와 넓이 관계,RPM_VERIFIED,RPM_VERIFIED,CANONICAL_DRAFT,CANONICAL_DRAFT,DEFAULT_SCOPE,True,RPM_M1_2022
2022,middle,M1-2,평면도형,원과 부채꼴,복합도형,부채꼴을 포함한 둘레,RPM_VERIFIED,RPM_VERIFIED,CANONICAL_DRAFT,CANONICAL_DRAFT,DEFAULT_SCOPE,True,RPM_M1_2022
2022,middle,M1-2,평면도형,원과 부채꼴,복합도형,부채꼴을 포함한 넓이,RPM_VERIFIED,RPM_VERIFIED,CANONICAL_DRAFT,CANONICAL_DRAFT,DEFAULT_SCOPE,True,RPM_M1_2022
2022,middle,M1-2,입체도형,다면체와 회전체,다면체,면·모서리·꼭짓점,RPM_VERIFIED,RPM_VERIFIED,CANONICAL_DRAFT,CANONICAL_DRAFT,DEFAULT_SCOPE,True,RPM_M1_2022
2022,middle,M1-2,입체도형,다면체와 회전체,다면체,각기둥·각뿔,RPM_VERIFIED,RPM_VERIFIED,CANONICAL_DRAFT,CANONICAL_DRAFT,DEFAULT_SCOPE,True,RPM_M1_2022
2022,middle,M1-2,입체도형,다면체와 회전체,정다면체,정다면체의 종류,RPM_VERIFIED,RPM_VERIFIED,CANONICAL_DRAFT,CANONICAL_DRAFT,DEFAULT_SCOPE,True,RPM_M1_2022
2022,middle,M1-2,입체도형,다면체와 회전체,정다면체,면·모서리·꼭짓점 관계,RPM_VERIFIED,RPM_VERIFIED,CANONICAL_DRAFT,CANONICAL_DRAFT,DEFAULT_SCOPE,True,RPM_M1_2022
2022,middle,M1-2,입체도형,다면체와 회전체,회전체,회전체의 생성,RPM_VERIFIED,RPM_VERIFIED,CANONICAL_DRAFT,CANONICAL_DRAFT,DEFAULT_SCOPE,True,RPM_M1_2022
2022,middle,M1-2,입체도형,다면체와 회전체,회전체,회전체의 단면,RPM_VERIFIED,RPM_VERIFIED,CANONICAL_DRAFT,CANONICAL_DRAFT,DEFAULT_SCOPE,True,RPM_M1_2022
2022,middle,M1-2,입체도형,입체도형의 겉넓이와 부피,기둥의 겉넓이와 부피,각기둥,RPM_VERIFIED,RPM_VERIFIED,CANONICAL_DRAFT,CANONICAL_DRAFT,DEFAULT_SCOPE,True,RPM_M1_2022
2022,middle,M1-2,입체도형,입체도형의 겉넓이와 부피,기둥의 겉넓이와 부피,원기둥,RPM_VERIFIED,RPM_VERIFIED,CANONICAL_DRAFT,CANONICAL_DRAFT,DEFAULT_SCOPE,True,RPM_M1_2022
2022,middle,M1-2,입체도형,입체도형의 겉넓이와 부피,뿔의 겉넓이와 부피,각뿔,RPM_VERIFIED,RPM_VERIFIED,CANONICAL_DRAFT,CANONICAL_DRAFT,DEFAULT_SCOPE,True,RPM_M1_2022
2022,middle,M1-2,입체도형,입체도형의 겉넓이와 부피,뿔의 겉넓이와 부피,원뿔,RPM_VERIFIED,RPM_VERIFIED,CANONICAL_DRAFT,CANONICAL_DRAFT,DEFAULT_SCOPE,True,RPM_M1_2022
2022,middle,M1-2,입체도형,입체도형의 겉넓이와 부피,구,구의 겉넓이,RPM_VERIFIED,RPM_VERIFIED,CANONICAL_DRAFT,CANONICAL_DRAFT,DEFAULT_SCOPE,True,RPM_M1_2022
2022,middle,M1-2,입체도형,입체도형의 겉넓이와 부피,구,구의 부피,RPM_VERIFIED,RPM_VERIFIED,CANONICAL_DRAFT,CANONICAL_DRAFT,DEFAULT_SCOPE,True,RPM_M1_2022
2022,middle,M1-2,입체도형,입체도형의 겉넓이와 부피,복합입체도형,잘라낸 입체,RPM_VERIFIED,RPM_VERIFIED,CANONICAL_DRAFT,CANONICAL_DRAFT,DEFAULT_SCOPE,True,RPM_M1_2022
2022,middle,M1-2,입체도형,입체도형의 겉넓이와 부피,복합입체도형,붙인 입체,RPM_VERIFIED,RPM_VERIFIED,CANONICAL_DRAFT,CANONICAL_DRAFT,DEFAULT_SCOPE,True,RPM_M1_2022
2022,middle,M1-2,통계,대푯값,평균,평균 계산,RPM_VERIFIED,RPM_VERIFIED,CANONICAL_DRAFT,CANONICAL_DRAFT,DEFAULT_SCOPE,True,RPM_M1_2022
2022,middle,M1-2,통계,대푯값,평균,평균을 이용한 미지수,RPM_VERIFIED,RPM_VERIFIED,CANONICAL_DRAFT,CANONICAL_DRAFT,DEFAULT_SCOPE,True,RPM_M1_2022
2022,middle,M1-2,통계,대푯값,중앙값과 최빈값,중앙값,RPM_VERIFIED,RPM_VERIFIED,CANONICAL_DRAFT,CANONICAL_DRAFT,DEFAULT_SCOPE,True,RPM_M1_2022
2022,middle,M1-2,통계,대푯값,중앙값과 최빈값,최빈값,RPM_VERIFIED,RPM_VERIFIED,CANONICAL_DRAFT,CANONICAL_DRAFT,DEFAULT_SCOPE,True,RPM_M1_2022
2022,middle,M1-2,통계,대푯값,대푯값의 선택,자료에 적절한 대푯값,RPM_VERIFIED,RPM_VERIFIED,CANONICAL_DRAFT,CANONICAL_DRAFT,DEFAULT_SCOPE,True,RPM_M1_2022
2022,middle,M1-2,통계,대푯값,대푯값의 선택,대푯값 비교,RPM_VERIFIED,RPM_VERIFIED,CANONICAL_DRAFT,CANONICAL_DRAFT,DEFAULT_SCOPE,True,RPM_M1_2022
2022,middle,M1-2,통계,도수분포표와 상대도수,도수분포표,계급·도수,RPM_VERIFIED,RPM_VERIFIED,CANONICAL_DRAFT,CANONICAL_DRAFT,DEFAULT_SCOPE,True,RPM_M1_2022
2022,middle,M1-2,통계,도수분포표와 상대도수,도수분포표,도수분포표 완성,RPM_VERIFIED,RPM_VERIFIED,CANONICAL_DRAFT,CANONICAL_DRAFT,DEFAULT_SCOPE,True,RPM_M1_2022
2022,middle,M1-2,통계,도수분포표와 상대도수,상대도수,상대도수 계산,RPM_VERIFIED,RPM_VERIFIED,CANONICAL_DRAFT,CANONICAL_DRAFT,DEFAULT_SCOPE,True,RPM_M1_2022
2022,middle,M1-2,통계,도수분포표와 상대도수,상대도수,상대도수 비교,RPM_VERIFIED,RPM_VERIFIED,CANONICAL_DRAFT,CANONICAL_DRAFT,DEFAULT_SCOPE,True,RPM_M1_2022
2022,middle,M1-2,통계,도수분포표와 상대도수,분포 해석,히스토그램·그래프 해석,RPM_VERIFIED,RPM_VERIFIED,CANONICAL_DRAFT,CANONICAL_DRAFT,DEFAULT_SCOPE,True,RPM_M1_2022
2022,middle,M1-2,통계,도수분포표와 상대도수,분포 해석,두 집단 비교,RPM_VERIFIED,RPM_VERIFIED,CANONICAL_DRAFT,CANONICAL_DRAFT,DEFAULT_SCOPE,True,RPM_M1_2022
2022,middle,M2-1,유리수와 순환소수,유리수와 순환소수,유한소수와 무한소수,유한소수 판별,RPM_VERIFIED,RPM_VERIFIED,CANONICAL_DRAFT,CANONICAL_DRAFT,DEFAULT_SCOPE,True,RPM_M2_2022
2022,middle,M2-1,유리수와 순환소수,유리수와 순환소수,유한소수와 무한소수,분모의 소인수 조건,RPM_VERIFIED,RPM_VERIFIED,CANONICAL_DRAFT,CANONICAL_DRAFT,DEFAULT_SCOPE,True,RPM_M2_2022
2022,middle,M2-1,유리수와 순환소수,유리수와 순환소수,순환소수,순환마디와 표현,RPM_VERIFIED,RPM_VERIFIED,CANONICAL_DRAFT,CANONICAL_DRAFT,DEFAULT_SCOPE,True,RPM_M2_2022
2022,middle,M2-1,유리수와 순환소수,유리수와 순환소수,순환소수,순환소수를 분수로,RPM_VERIFIED,RPM_VERIFIED,CANONICAL_DRAFT,CANONICAL_DRAFT,DEFAULT_SCOPE,True,RPM_M2_2022
2022,middle,M2-1,유리수와 순환소수,유리수와 순환소수,유리수와 소수 표현,분수를 소수로,RPM_VERIFIED,RPM_VERIFIED,CANONICAL_DRAFT,CANONICAL_DRAFT,DEFAULT_SCOPE,True,RPM_M2_2022
2022,middle,M2-1,유리수와 순환소수,유리수와 순환소수,유리수와 소수 표현,조건을 만족하는 유리수,RPM_VERIFIED,RPM_VERIFIED,CANONICAL_DRAFT,CANONICAL_DRAFT,DEFAULT_SCOPE,True,RPM_M2_2022
2022,middle,M2-1,식의 계산,단항식의 계산,지수법칙,거듭제곱의 곱·몫,RPM_VERIFIED,RPM_VERIFIED,CANONICAL_DRAFT,CANONICAL_DRAFT,DEFAULT_SCOPE,True,RPM_M2_2022
2022,middle,M2-1,식의 계산,단항식의 계산,지수법칙,거듭제곱의 거듭제곱,RPM_VERIFIED,RPM_VERIFIED,CANONICAL_DRAFT,CANONICAL_DRAFT,DEFAULT_SCOPE,True,RPM_M2_2022
2022,middle,M2-1,식의 계산,단항식의 계산,단항식의 곱셈과 나눗셈,단항식의 곱셈,RPM_VERIFIED,RPM_VERIFIED,CANONICAL_DRAFT,CANONICAL_DRAFT,DEFAULT_SCOPE,True,RPM_M2_2022
2022,middle,M2-1,식의 계산,단항식의 계산,단항식의 곱셈과 나눗셈,단항식의 나눗셈,RPM_VERIFIED,RPM_VERIFIED,CANONICAL_DRAFT,CANONICAL_DRAFT,DEFAULT_SCOPE,True,RPM_M2_2022
2022,middle,M2-1,식의 계산,단항식의 계산,단항식의 곱셈과 나눗셈,혼합 계산,RPM_VERIFIED,RPM_VERIFIED,CANONICAL_DRAFT,CANONICAL_DRAFT,DEFAULT_SCOPE,True,RPM_M2_2022
2022,middle,M2-1,식의 계산,다항식의 계산,다항식의 덧셈과 뺄셈,동류항 정리,RPM_VERIFIED,RPM_VERIFIED,CANONICAL_DRAFT,CANONICAL_DRAFT,DEFAULT_SCOPE,True,RPM_M2_2022
2022,middle,M2-1,식의 계산,다항식의 계산,다항식의 덧셈과 뺄셈,괄호가 있는 계산,RPM_VERIFIED,RPM_VERIFIED,CANONICAL_DRAFT,CANONICAL_DRAFT,DEFAULT_SCOPE,True,RPM_M2_2022
2022,middle,M2-1,식의 계산,다항식의 계산,단항식과 다항식의 곱셈·나눗셈,분배법칙,RPM_VERIFIED,RPM_VERIFIED,CANONICAL_DRAFT,CANONICAL_DRAFT,DEFAULT_SCOPE,True,RPM_M2_2022
2022,middle,M2-1,식의 계산,다항식의 계산,단항식과 다항식의 곱셈·나눗셈,다항식을 단항식으로 나누기,RPM_VERIFIED,RPM_VERIFIED,CANONICAL_DRAFT,CANONICAL_DRAFT,DEFAULT_SCOPE,True,RPM_M2_2022
2022,middle,M2-1,식의 계산,다항식의 계산,식의 값과 활용,식의 값,RPM_VERIFIED,RPM_VERIFIED,CANONICAL_DRAFT,CANONICAL_DRAFT,DEFAULT_SCOPE,True,RPM_M2_2022
2022,middle,M2-1,식의 계산,다항식의 계산,식의 값과 활용,조건식 활용,RPM_VERIFIED,RPM_VERIFIED,CANONICAL_DRAFT,CANONICAL_DRAFT,DEFAULT_SCOPE,True,RPM_M2_2022
2022,middle,M2-1,일차부등식,일차부등식,부등식의 성질,부등식의 성질,RPM_VERIFIED,RPM_VERIFIED,CANONICAL_DRAFT,CANONICAL_DRAFT,DEFAULT_SCOPE,True,RPM_M2_2022
2022,middle,M2-1,일차부등식,일차부등식,부등식의 성질,수직선으로 해 표현,RPM_VERIFIED,RPM_VERIFIED,CANONICAL_DRAFT,CANONICAL_DRAFT,DEFAULT_SCOPE,True,RPM_M2_2022
2022,middle,M2-1,일차부등식,일차부등식,일차부등식의 풀이,기본형,RPM_VERIFIED,RPM_VERIFIED,CANONICAL_DRAFT,CANONICAL_DRAFT,DEFAULT_SCOPE,True,RPM_M2_2022
2022,middle,M2-1,일차부등식,일차부등식,일차부등식의 풀이,괄호·분수·소수가 있는 부등식,RPM_VERIFIED,RPM_VERIFIED,CANONICAL_DRAFT,CANONICAL_DRAFT,DEFAULT_SCOPE,True,RPM_M2_2022
2022,middle,M2-1,일차부등식,일차부등식,해의 조건,정수해 개수,RPM_VERIFIED,RPM_VERIFIED,CANONICAL_DRAFT,CANONICAL_DRAFT,DEFAULT_SCOPE,True,RPM_M2_2022
2022,middle,M2-1,일차부등식,일차부등식,해의 조건,계수 조건,RPM_VERIFIED,RPM_VERIFIED,CANONICAL_DRAFT,CANONICAL_DRAFT,DEFAULT_SCOPE,True,RPM_M2_2022
2022,middle,M2-1,일차부등식,일차부등식의 활용,수량 관계,이상·이하 조건,RPM_VERIFIED,RPM_VERIFIED,CANONICAL_DRAFT,CANONICAL_DRAFT,DEFAULT_SCOPE,True,RPM_M2_2022
2022,middle,M2-1,일차부등식,일차부등식의 활용,수량 관계,최소·최대 정수,RPM_VERIFIED,RPM_VERIFIED,CANONICAL_DRAFT,CANONICAL_DRAFT,DEFAULT_SCOPE,True,RPM_M2_2022
2022,middle,M2-1,일차부등식,일차부등식의 활용,거리·속력·시간,시간 제한,RPM_VERIFIED,RPM_VERIFIED,CANONICAL_DRAFT,CANONICAL_DRAFT,DEFAULT_SCOPE,True,RPM_M2_2022
2022,middle,M2-1,일차부등식,일차부등식의 활용,거리·속력·시간,거리 조건,RPM_VERIFIED,RPM_VERIFIED,CANONICAL_DRAFT,CANONICAL_DRAFT,DEFAULT_SCOPE,True,RPM_M2_2022
2022,middle,M2-1,일차부등식,일차부등식의 활용,비율·가격·도형,할인·이익,RPM_VERIFIED,RPM_VERIFIED,CANONICAL_DRAFT,CANONICAL_DRAFT,DEFAULT_SCOPE,True,RPM_M2_2022
2022,middle,M2-1,일차부등식,일차부등식의 활용,비율·가격·도형,도형의 길이·넓이 조건,RPM_VERIFIED,RPM_VERIFIED,CANONICAL_DRAFT,CANONICAL_DRAFT,DEFAULT_SCOPE,True,RPM_M2_2022
2022,middle,M2-1,연립일차방정식,연립일차방정식,연립방정식의 풀이,가감법,RPM_VERIFIED,RPM_VERIFIED,CANONICAL_DRAFT,CANONICAL_DRAFT,DEFAULT_SCOPE,True,RPM_M2_2022
2022,middle,M2-1,연립일차방정식,연립일차방정식,연립방정식의 풀이,대입법,RPM_VERIFIED,RPM_VERIFIED,CANONICAL_DRAFT,CANONICAL_DRAFT,DEFAULT_SCOPE,True,RPM_M2_2022
2022,middle,M2-1,연립일차방정식,연립일차방정식,해와 계수,해가 주어진 연립방정식,RPM_VERIFIED,RPM_VERIFIED,CANONICAL_DRAFT,CANONICAL_DRAFT,DEFAULT_SCOPE,True,RPM_M2_2022
2022,middle,M2-1,연립일차방정식,연립일차방정식,해와 계수,계수 결정,RPM_VERIFIED,RPM_VERIFIED,CANONICAL_DRAFT,CANONICAL_DRAFT,DEFAULT_SCOPE,True,RPM_M2_2022
2022,middle,M2-1,연립일차방정식,연립일차방정식,복잡한 꼴의 연립방정식,괄호가 있는 연립방정식,RPM_VERIFIED,RPM_VERIFIED,CANONICAL_DRAFT,CANONICAL_DRAFT,DEFAULT_SCOPE,True,RPM_M2_2022
2022,middle,M2-1,연립일차방정식,연립일차방정식,복잡한 꼴의 연립방정식,분수·소수가 있는 연립방정식,RPM_VERIFIED,RPM_VERIFIED,CANONICAL_DRAFT,CANONICAL_DRAFT,DEFAULT_SCOPE,True,RPM_M2_2022
2022,middle,M2-1,연립일차방정식,연립일차방정식,해가 특수한 연립방정식,해가 없거나 무수히 많은 경우,RPM_VERIFIED,RPM_VERIFIED,CANONICAL_DRAFT,CANONICAL_DRAFT,DEFAULT_SCOPE,True,RPM_M2_2022
2022,middle,M2-1,연립일차방정식,연립일차방정식,해가 특수한 연립방정식,계수 조건으로 해의 상태 판단,RPM_VERIFIED,RPM_VERIFIED,CANONICAL_DRAFT,CANONICAL_DRAFT,DEFAULT_SCOPE,True,RPM_M2_2022
2022,middle,M2-1,연립일차방정식,연립일차방정식의 활용,수와 개수,두 수 관계,RPM_VERIFIED,RPM_VERIFIED,CANONICAL_DRAFT,CANONICAL_DRAFT,DEFAULT_SCOPE,True,RPM_M2_2022
2022,middle,M2-1,연립일차방정식,연립일차방정식의 활용,수와 개수,개수·가격,RPM_VERIFIED,RPM_VERIFIED,CANONICAL_DRAFT,CANONICAL_DRAFT,DEFAULT_SCOPE,True,RPM_M2_2022
2022,middle,M2-1,연립일차방정식,연립일차방정식의 활용,속력·시간·거리,마주가기·따라가기,RPM_VERIFIED,RPM_VERIFIED,CANONICAL_DRAFT,CANONICAL_DRAFT,DEFAULT_SCOPE,True,RPM_M2_2022
2022,middle,M2-1,연립일차방정식,연립일차방정식의 활용,속력·시간·거리,강물·기차,RPM_VERIFIED,RPM_VERIFIED,CANONICAL_DRAFT,CANONICAL_DRAFT,DEFAULT_SCOPE,True,RPM_M2_2022
2022,middle,M2-1,연립일차방정식,연립일차방정식의 활용,농도·비율,농도 혼합,RPM_VERIFIED,RPM_VERIFIED,CANONICAL_DRAFT,CANONICAL_DRAFT,DEFAULT_SCOPE,True,RPM_M2_2022
2022,middle,M2-1,연립일차방정식,연립일차방정식의 활용,농도·비율,증감률,RPM_VERIFIED,RPM_VERIFIED,CANONICAL_DRAFT,CANONICAL_DRAFT,DEFAULT_SCOPE,True,RPM_M2_2022
2022,middle,M2-1,연립일차방정식,연립일차방정식의 활용,도형 활용,도형 조건을 이용한 연립방정식,RPM_VERIFIED,RPM_VERIFIED,CANONICAL_DRAFT,CANONICAL_DRAFT,DEFAULT_SCOPE,True,RPM_M2_2022
2022,middle,M2-1,연립일차방정식,연립일차방정식의 활용,일의 양,일의 양과 작업률,RPM_VERIFIED,RPM_VERIFIED,CANONICAL_DRAFT,CANONICAL_DRAFT,DEFAULT_SCOPE,True,RPM_M2_2022
2022,middle,M2-1,일차함수,일차함수와 그 그래프,일차함수의 뜻,함숫값,RPM_VERIFIED,RPM_VERIFIED,CANONICAL_DRAFT,CANONICAL_DRAFT,DEFAULT_SCOPE,True,RPM_M2_2022
2022,middle,M2-1,일차함수,일차함수와 그 그래프,일차함수의 뜻,일차함수 판별,RPM_VERIFIED,RPM_VERIFIED,CANONICAL_DRAFT,CANONICAL_DRAFT,DEFAULT_SCOPE,True,RPM_M2_2022
2022,middle,M2-1,일차함수,일차함수와 그 그래프,일차함수의 그래프,기울기·절편,RPM_VERIFIED,RPM_VERIFIED,CANONICAL_DRAFT,CANONICAL_DRAFT,DEFAULT_SCOPE,True,RPM_M2_2022
2022,middle,M2-1,일차함수,일차함수와 그 그래프,일차함수의 그래프,그래프 그리기,RPM_VERIFIED,RPM_VERIFIED,CANONICAL_DRAFT,CANONICAL_DRAFT,DEFAULT_SCOPE,True,RPM_M2_2022
2022,middle,M2-1,일차함수,일차함수와 그 그래프,그래프의 성질,일차함수 그래프의 평행·일치,RPM_VERIFIED,RPM_VERIFIED,CANONICAL_DRAFT,CANONICAL_DRAFT,DEFAULT_SCOPE,True,RPM_M2_2022
2022,middle,M2-1,일차함수,일차함수와 그 그래프,그래프의 성질,증가·감소,RPM_VERIFIED,RPM_VERIFIED,CANONICAL_DRAFT,CANONICAL_DRAFT,DEFAULT_SCOPE,True,RPM_M2_2022
2022,middle,M2-1,일차함수,일차함수와 그 그래프,식 구하기,두 점으로 식 구하기,RPM_VERIFIED,RPM_VERIFIED,CANONICAL_DRAFT,CANONICAL_DRAFT,DEFAULT_SCOPE,True,RPM_M2_2022
2022,middle,M2-1,일차함수,일차함수와 그 그래프,식 구하기,기울기와 한 점으로 식 구하기,RPM_VERIFIED,RPM_VERIFIED,CANONICAL_DRAFT,CANONICAL_DRAFT,DEFAULT_SCOPE,True,RPM_M2_2022
2022,middle,M2-1,일차함수,일차함수와 일차방정식의 관계,방정식과 그래프,일차방정식의 그래프,RPM_VERIFIED,RPM_VERIFIED,CANONICAL_DRAFT,CANONICAL_DRAFT,DEFAULT_SCOPE,True,RPM_M2_2022
2022,middle,M2-1,일차함수,일차함수와 일차방정식의 관계,방정식과 그래프,x축·y축에 평행한 직선,RPM_VERIFIED,RPM_VERIFIED,CANONICAL_DRAFT,CANONICAL_DRAFT,DEFAULT_SCOPE,True,RPM_M2_2022
2022,middle,M2-1,일차함수,일차함수와 일차방정식의 관계,두 직선의 관계,교점과 연립방정식,RPM_VERIFIED,RPM_VERIFIED,CANONICAL_DRAFT,CANONICAL_DRAFT,DEFAULT_SCOPE,True,RPM_M2_2022
2022,middle,M2-1,일차함수,일차함수와 일차방정식의 관계,두 직선의 관계,두 직선의 평행·일치,RPM_VERIFIED,RPM_VERIFIED,CANONICAL_DRAFT,CANONICAL_DRAFT,DEFAULT_SCOPE,True,RPM_M2_2022
2022,middle,M2-1,일차함수,일차함수와 일차방정식의 관계,그래프 활용,넓이,RPM_VERIFIED,RPM_VERIFIED,CANONICAL_DRAFT,CANONICAL_DRAFT,DEFAULT_SCOPE,True,RPM_M2_2022
2022,middle,M2-1,일차함수,일차함수와 일차방정식의 관계,그래프 활용,조건에 따른 식 결정,RPM_VERIFIED,RPM_VERIFIED,CANONICAL_DRAFT,CANONICAL_DRAFT,DEFAULT_SCOPE,True,RPM_M2_2022
2022,middle,M2-2,삼각형의 성질,삼각형의 성질,이등변삼각형,밑각과 꼭짓각,RPM_VERIFIED,RPM_VERIFIED,CANONICAL_DRAFT,CANONICAL_DRAFT,DEFAULT_SCOPE,True,RPM_M2_2022
2022,middle,M2-2,삼각형의 성질,삼각형의 성질,이등변삼각형,이등변삼각형 판정,RPM_VERIFIED,RPM_VERIFIED,CANONICAL_DRAFT,CANONICAL_DRAFT,DEFAULT_SCOPE,True,RPM_M2_2022
2022,middle,M2-2,삼각형의 성질,삼각형의 성질,직각삼각형의 합동,RHS,RPM_VERIFIED,RPM_VERIFIED,CANONICAL_DRAFT,CANONICAL_DRAFT,DEFAULT_SCOPE,True,RPM_M2_2022
2022,middle,M2-2,삼각형의 성질,삼각형의 성질,직각삼각형의 합동,RHA,RPM_VERIFIED,RPM_VERIFIED,CANONICAL_DRAFT,CANONICAL_DRAFT,DEFAULT_SCOPE,True,RPM_M2_2022
2022,middle,M2-2,삼각형의 성질,삼각형의 성질,각의 이등분선,각의 이등분선 성질,RPM_VERIFIED,RPM_VERIFIED,CANONICAL_DRAFT,CANONICAL_DRAFT,DEFAULT_SCOPE,True,RPM_M2_2022
2022,middle,M2-2,삼각형의 성질,삼각형의 성질,각의 이등분선,거리 관계,RPM_VERIFIED,RPM_VERIFIED,CANONICAL_DRAFT,CANONICAL_DRAFT,DEFAULT_SCOPE,True,RPM_M2_2022
2022,middle,M2-2,삼각형의 성질,삼각형의 외심과 내심,외심,수직이등분선과 외심,RPM_VERIFIED,RPM_VERIFIED,CANONICAL_DRAFT,CANONICAL_DRAFT,DEFAULT_SCOPE,True,RPM_M2_2022
2022,middle,M2-2,삼각형의 성질,삼각형의 외심과 내심,외심,외심의 위치·각,RPM_VERIFIED,RPM_VERIFIED,CANONICAL_DRAFT,CANONICAL_DRAFT,DEFAULT_SCOPE,True,RPM_M2_2022
2022,middle,M2-2,삼각형의 성질,삼각형의 외심과 내심,내심,각의 이등분선과 내심,RPM_VERIFIED,RPM_VERIFIED,CANONICAL_DRAFT,CANONICAL_DRAFT,DEFAULT_SCOPE,True,RPM_M2_2022
2022,middle,M2-2,삼각형의 성질,삼각형의 외심과 내심,내심,내심과 거리,RPM_VERIFIED,RPM_VERIFIED,CANONICAL_DRAFT,CANONICAL_DRAFT,DEFAULT_SCOPE,True,RPM_M2_2022
2022,middle,M2-2,삼각형의 성질,삼각형의 외심과 내심,외접원·내접원 활용,반지름·각 계산,RPM_VERIFIED,RPM_VERIFIED,CANONICAL_DRAFT,CANONICAL_DRAFT,DEFAULT_SCOPE,True,RPM_M2_2022
2022,middle,M2-2,삼각형의 성질,삼각형의 외심과 내심,외접원·내접원 활용,외심·내심을 이용한 복합도형,RPM_VERIFIED,RPM_VERIFIED,CANONICAL_DRAFT,CANONICAL_DRAFT,DEFAULT_SCOPE,True,RPM_M2_2022
2022,middle,M2-2,사각형의 성질,평행사변형,평행사변형의 성질,변·각의 성질,RPM_VERIFIED,RPM_VERIFIED,CANONICAL_DRAFT,CANONICAL_DRAFT,DEFAULT_SCOPE,True,RPM_M2_2022
2022,middle,M2-2,사각형의 성질,평행사변형,평행사변형의 성질,평행사변형의 대각선 성질,RPM_VERIFIED,RPM_VERIFIED,CANONICAL_DRAFT,CANONICAL_DRAFT,DEFAULT_SCOPE,True,RPM_M2_2022
2022,middle,M2-2,사각형의 성질,평행사변형,평행사변형의 판정,변·각 조건,RPM_VERIFIED,RPM_VERIFIED,CANONICAL_DRAFT,CANONICAL_DRAFT,DEFAULT_SCOPE,True,RPM_M2_2022
2022,middle,M2-2,사각형의 성질,평행사변형,평행사변형의 판정,대각선 조건,RPM_VERIFIED,RPM_VERIFIED,CANONICAL_DRAFT,CANONICAL_DRAFT,DEFAULT_SCOPE,True,RPM_M2_2022
2022,middle,M2-2,사각형의 성질,평행사변형,넓이와 활용,평행선과 넓이,RPM_VERIFIED,RPM_VERIFIED,CANONICAL_DRAFT,CANONICAL_DRAFT,DEFAULT_SCOPE,True,RPM_M2_2022
2022,middle,M2-2,사각형의 성질,평행사변형,넓이와 활용,분할도형,RPM_VERIFIED,RPM_VERIFIED,CANONICAL_DRAFT,CANONICAL_DRAFT,DEFAULT_SCOPE,True,RPM_M2_2022
2022,middle,M2-2,사각형의 성질,여러 가지 사각형,직사각형·마름모·정사각형,각 사각형의 성질,RPM_VERIFIED,RPM_VERIFIED,CANONICAL_DRAFT,CANONICAL_DRAFT,DEFAULT_SCOPE,True,RPM_M2_2022
2022,middle,M2-2,사각형의 성질,여러 가지 사각형,직사각형·마름모·정사각형,특수 사각형의 대각선 성질,RPM_VERIFIED,RPM_VERIFIED,CANONICAL_DRAFT,CANONICAL_DRAFT,DEFAULT_SCOPE,True,RPM_M2_2022
2022,middle,M2-2,사각형의 성질,여러 가지 사각형,사다리꼴,등변사다리꼴,RPM_VERIFIED,RPM_VERIFIED,CANONICAL_DRAFT,CANONICAL_DRAFT,DEFAULT_SCOPE,True,RPM_M2_2022
2022,middle,M2-2,사각형의 성질,여러 가지 사각형,사다리꼴,중점 연결,RPM_VERIFIED,RPM_VERIFIED,CANONICAL_DRAFT,CANONICAL_DRAFT,DEFAULT_SCOPE,True,RPM_M2_2022
2022,middle,M2-2,사각형의 성질,여러 가지 사각형,사각형의 포함 관계,조건으로 사각형 판정,RPM_VERIFIED,RPM_VERIFIED,CANONICAL_DRAFT,CANONICAL_DRAFT,DEFAULT_SCOPE,True,RPM_M2_2022
2022,middle,M2-2,사각형의 성질,여러 가지 사각형,사각형의 포함 관계,성질 비교,RPM_VERIFIED,RPM_VERIFIED,CANONICAL_DRAFT,CANONICAL_DRAFT,DEFAULT_SCOPE,True,RPM_M2_2022
2022,middle,M2-2,도형의 닮음과 피타고라스 정리,도형의 닮음,닮은 도형,닮음비,RPM_VERIFIED,RPM_VERIFIED,CANONICAL_DRAFT,CANONICAL_DRAFT,DEFAULT_SCOPE,True,RPM_M2_2022
2022,middle,M2-2,도형의 닮음과 피타고라스 정리,도형의 닮음,닮은 도형,대응변·대응각,RPM_VERIFIED,RPM_VERIFIED,CANONICAL_DRAFT,CANONICAL_DRAFT,DEFAULT_SCOPE,True,RPM_M2_2022
2022,middle,M2-2,도형의 닮음과 피타고라스 정리,도형의 닮음,삼각형의 닮음,AA,RPM_VERIFIED,RPM_VERIFIED,CANONICAL_DRAFT,CANONICAL_DRAFT,DEFAULT_SCOPE,True,RPM_M2_2022
2022,middle,M2-2,도형의 닮음과 피타고라스 정리,도형의 닮음,삼각형의 닮음,SAS,RPM_VERIFIED,RPM_VERIFIED,CANONICAL_DRAFT,CANONICAL_DRAFT,DEFAULT_SCOPE,True,RPM_M2_2022
2022,middle,M2-2,도형의 닮음과 피타고라스 정리,도형의 닮음,삼각형의 닮음,SSS,RPM_VERIFIED,RPM_VERIFIED,CANONICAL_DRAFT,CANONICAL_DRAFT,DEFAULT_SCOPE,True,RPM_M2_2022
2022,middle,M2-2,도형의 닮음과 피타고라스 정리,도형의 닮음,닮음의 활용,길이,RPM_VERIFIED,RPM_VERIFIED,CANONICAL_DRAFT,CANONICAL_DRAFT,DEFAULT_SCOPE,True,RPM_M2_2022
2022,middle,M2-2,도형의 닮음과 피타고라스 정리,도형의 닮음,닮음의 활용,넓이·부피 비,RPM_VERIFIED,RPM_VERIFIED,CANONICAL_DRAFT,CANONICAL_DRAFT,DEFAULT_SCOPE,True,RPM_M2_2022
2022,middle,M2-2,도형의 닮음과 피타고라스 정리,평행선 사이의 선분의 길이의 비,삼각형과 평행선,기본 비례,RPM_VERIFIED,RPM_VERIFIED,CANONICAL_DRAFT,CANONICAL_DRAFT,DEFAULT_SCOPE,True,RPM_M2_2022
2022,middle,M2-2,도형의 닮음과 피타고라스 정리,평행선 사이의 선분의 길이의 비,삼각형과 평행선,평행선 판정,RPM_VERIFIED,RPM_VERIFIED,CANONICAL_DRAFT,CANONICAL_DRAFT,DEFAULT_SCOPE,True,RPM_M2_2022
2022,middle,M2-2,도형의 닮음과 피타고라스 정리,평행선 사이의 선분의 길이의 비,평행선 사이 선분비,여러 평행선,RPM_VERIFIED,RPM_VERIFIED,CANONICAL_DRAFT,CANONICAL_DRAFT,DEFAULT_SCOPE,True,RPM_M2_2022
2022,middle,M2-2,도형의 닮음과 피타고라스 정리,평행선 사이의 선분의 길이의 비,평행선 사이 선분비,사다리꼴,RPM_VERIFIED,RPM_VERIFIED,CANONICAL_DRAFT,CANONICAL_DRAFT,DEFAULT_SCOPE,True,RPM_M2_2022
2022,middle,M2-2,도형의 닮음과 피타고라스 정리,평행선 사이의 선분의 길이의 비,비례 활용,미지 길이,RPM_VERIFIED,RPM_VERIFIED,CANONICAL_DRAFT,CANONICAL_DRAFT,DEFAULT_SCOPE,True,RPM_M2_2022
2022,middle,M2-2,도형의 닮음과 피타고라스 정리,평행선 사이의 선분의 길이의 비,비례 활용,선분비를 이용한 복합도형,RPM_VERIFIED,RPM_VERIFIED,CANONICAL_DRAFT,CANONICAL_DRAFT,DEFAULT_SCOPE,True,RPM_M2_2022
2022,middle,M2-2,도형의 닮음과 피타고라스 정리,삼각형의 무게중심,중선과 무게중심,2:1 비,RPM_VERIFIED,RPM_VERIFIED,CANONICAL_DRAFT,CANONICAL_DRAFT,DEFAULT_SCOPE,True,RPM_M2_2022
2022,middle,M2-2,도형의 닮음과 피타고라스 정리,삼각형의 무게중심,중선과 무게중심,좌표·길이,RPM_VERIFIED,RPM_VERIFIED,CANONICAL_DRAFT,CANONICAL_DRAFT,DEFAULT_SCOPE,True,RPM_M2_2022
2022,middle,M2-2,도형의 닮음과 피타고라스 정리,삼각형의 무게중심,넓이와 무게중심,넓이 분할,RPM_VERIFIED,RPM_VERIFIED,CANONICAL_DRAFT,CANONICAL_DRAFT,DEFAULT_SCOPE,True,RPM_M2_2022
2022,middle,M2-2,도형의 닮음과 피타고라스 정리,삼각형의 무게중심,넓이와 무게중심,무게중심을 이용한 복합도형,RPM_VERIFIED,RPM_VERIFIED,CANONICAL_DRAFT,CANONICAL_DRAFT,DEFAULT_SCOPE,True,RPM_M2_2022
2022,middle,M2-2,도형의 닮음과 피타고라스 정리,피타고라스 정리,피타고라스 정리,직각삼각형의 변 길이,RPM_VERIFIED,RPM_VERIFIED,CANONICAL_DRAFT,CANONICAL_DRAFT,DEFAULT_SCOPE,True,RPM_M2_2022
2022,middle,M2-2,도형의 닮음과 피타고라스 정리,피타고라스 정리,피타고라스 정리,피타고라스 수,RPM_VERIFIED,RPM_VERIFIED,CANONICAL_DRAFT,CANONICAL_DRAFT,DEFAULT_SCOPE,True,RPM_M2_2022
2022,middle,M2-2,도형의 닮음과 피타고라스 정리,피타고라스 정리,피타고라스 정리의 역,직각삼각형 판정,RPM_VERIFIED,RPM_VERIFIED,CANONICAL_DRAFT,CANONICAL_DRAFT,DEFAULT_SCOPE,True,RPM_M2_2022
2022,middle,M2-2,도형의 닮음과 피타고라스 정리,피타고라스 정리,피타고라스 정리의 역,삼각형의 각 판정,RPM_VERIFIED,RPM_VERIFIED,CANONICAL_DRAFT,CANONICAL_DRAFT,DEFAULT_SCOPE,True,RPM_M2_2022
2022,middle,M2-2,도형의 닮음과 피타고라스 정리,피타고라스 정리,도형에의 활용,평면도형 길이,RPM_VERIFIED,RPM_VERIFIED,CANONICAL_DRAFT,CANONICAL_DRAFT,DEFAULT_SCOPE,True,RPM_M2_2022
2022,middle,M2-2,도형의 닮음과 피타고라스 정리,피타고라스 정리,도형에의 활용,입체도형 거리,RPM_VERIFIED,RPM_VERIFIED,CANONICAL_DRAFT,CANONICAL_DRAFT,DEFAULT_SCOPE,True,RPM_M2_2022
2022,middle,M2-2,확률,경우의 수,합의 법칙과 곱의 법칙,단계별 선택,RPM_VERIFIED,RPM_VERIFIED,CANONICAL_DRAFT,CANONICAL_DRAFT,DEFAULT_SCOPE,True,RPM_M2_2022
2022,middle,M2-2,확률,경우의 수,합의 법칙과 곱의 법칙,중복 없이 세기,RPM_VERIFIED,RPM_VERIFIED,CANONICAL_DRAFT,CANONICAL_DRAFT,DEFAULT_SCOPE,True,RPM_M2_2022
2022,middle,M2-2,확률,경우의 수,배열과 선택,순서가 있는 경우,RPM_VERIFIED,RPM_VERIFIED,CANONICAL_DRAFT,CANONICAL_DRAFT,DEFAULT_SCOPE,True,RPM_M2_2022
2022,middle,M2-2,확률,경우의 수,배열과 선택,순서가 없는 경우,RPM_VERIFIED,RPM_VERIFIED,CANONICAL_DRAFT,CANONICAL_DRAFT,DEFAULT_SCOPE,True,RPM_M2_2022
2022,middle,M2-2,확률,경우의 수,도형·경로,최단경로,RPM_VERIFIED,RPM_VERIFIED,CANONICAL_DRAFT,CANONICAL_DRAFT,DEFAULT_SCOPE,True,RPM_M2_2022
2022,middle,M2-2,확률,경우의 수,도형·경로,도형의 개수,RPM_VERIFIED,RPM_VERIFIED,CANONICAL_DRAFT,CANONICAL_DRAFT,DEFAULT_SCOPE,True,RPM_M2_2022
2022,middle,M2-2,확률,확률,확률의 뜻,동등가능한 경우,RPM_VERIFIED,RPM_VERIFIED,CANONICAL_DRAFT,CANONICAL_DRAFT,DEFAULT_SCOPE,True,RPM_M2_2022
2022,middle,M2-2,확률,확률,확률의 뜻,확률 계산,RPM_VERIFIED,RPM_VERIFIED,CANONICAL_DRAFT,CANONICAL_DRAFT,DEFAULT_SCOPE,True,RPM_M2_2022
2022,middle,M2-2,확률,확률,확률의 성질,여사건,RPM_VERIFIED,RPM_VERIFIED,CANONICAL_DRAFT,CANONICAL_DRAFT,DEFAULT_SCOPE,True,RPM_M2_2022
2022,middle,M2-2,확률,확률,확률의 성질,사건의 합,RPM_VERIFIED,RPM_VERIFIED,CANONICAL_DRAFT,CANONICAL_DRAFT,DEFAULT_SCOPE,True,RPM_M2_2022
2022,middle,M2-2,확률,확률,확률의 활용,경우를 나누어 구하는 확률,RPM_VERIFIED,RPM_VERIFIED,CANONICAL_DRAFT,CANONICAL_DRAFT,DEFAULT_SCOPE,True,RPM_M2_2022
2022,middle,M2-2,확률,확률,확률의 활용,연속 시행,RPM_VERIFIED,RPM_VERIFIED,CANONICAL_DRAFT,CANONICAL_DRAFT,DEFAULT_SCOPE,True,RPM_M2_2022
2022,middle,M3-1,실수와 그 연산,제곱근과 그 실수,제곱근,제곱근의 뜻,RPM_VERIFIED,RPM_VERIFIED,CANONICAL_DRAFT,CANONICAL_DRAFT,DEFAULT_SCOPE,True,RPM_M3_2022
2022,middle,M3-1,실수와 그 연산,제곱근과 그 실수,제곱근,제곱근의 성질,RPM_VERIFIED,RPM_VERIFIED,CANONICAL_DRAFT,CANONICAL_DRAFT,DEFAULT_SCOPE,True,RPM_M3_2022
2022,middle,M3-1,실수와 그 연산,제곱근과 그 실수,무리수와 실수,무리수 판별,RPM_VERIFIED,RPM_VERIFIED,CANONICAL_DRAFT,CANONICAL_DRAFT,DEFAULT_SCOPE,True,RPM_M3_2022
2022,middle,M3-1,실수와 그 연산,제곱근과 그 실수,무리수와 실수,실수의 대소,RPM_VERIFIED,RPM_VERIFIED,CANONICAL_DRAFT,CANONICAL_DRAFT,DEFAULT_SCOPE,True,RPM_M3_2022
2022,middle,M3-1,실수와 그 연산,제곱근과 그 실수,수직선과 제곱근,무리수의 위치,RPM_VERIFIED,RPM_VERIFIED,CANONICAL_DRAFT,CANONICAL_DRAFT,DEFAULT_SCOPE,True,RPM_M3_2022
2022,middle,M3-1,실수와 그 연산,제곱근과 그 실수,수직선과 제곱근,근삿값,RPM_VERIFIED,RPM_VERIFIED,CANONICAL_DRAFT,CANONICAL_DRAFT,DEFAULT_SCOPE,True,RPM_M3_2022
2022,middle,M3-1,실수와 그 연산,근호를 포함한 식의 계산,근호의 곱셈과 나눗셈,근호의 곱,RPM_VERIFIED,RPM_VERIFIED,CANONICAL_DRAFT,CANONICAL_DRAFT,DEFAULT_SCOPE,True,RPM_M3_2022
2022,middle,M3-1,실수와 그 연산,근호를 포함한 식의 계산,근호의 곱셈과 나눗셈,근호의 몫,RPM_VERIFIED,RPM_VERIFIED,CANONICAL_DRAFT,CANONICAL_DRAFT,DEFAULT_SCOPE,True,RPM_M3_2022
2022,middle,M3-1,실수와 그 연산,근호를 포함한 식의 계산,근호의 덧셈과 뺄셈,동류근호,RPM_VERIFIED,RPM_VERIFIED,CANONICAL_DRAFT,CANONICAL_DRAFT,DEFAULT_SCOPE,True,RPM_M3_2022
2022,middle,M3-1,실수와 그 연산,근호를 포함한 식의 계산,근호의 덧셈과 뺄셈,분배법칙,RPM_VERIFIED,RPM_VERIFIED,CANONICAL_DRAFT,CANONICAL_DRAFT,DEFAULT_SCOPE,True,RPM_M3_2022
2022,middle,M3-1,실수와 그 연산,근호를 포함한 식의 계산,분모의 유리화,한 항의 유리화,RPM_VERIFIED,RPM_VERIFIED,CANONICAL_DRAFT,CANONICAL_DRAFT,DEFAULT_SCOPE,True,RPM_M3_2022
2022,middle,M3-1,실수와 그 연산,근호를 포함한 식의 계산,분모의 유리화,합·차 꼴의 유리화,RPM_VERIFIED,RPM_VERIFIED,CANONICAL_DRAFT,CANONICAL_DRAFT,DEFAULT_SCOPE,True,RPM_M3_2022
2022,middle,M3-1,실수와 그 연산,근호를 포함한 식의 계산,혼합 계산,곱셈공식 활용,RPM_VERIFIED,RPM_VERIFIED,CANONICAL_DRAFT,CANONICAL_DRAFT,DEFAULT_SCOPE,True,RPM_M3_2022
2022,middle,M3-1,실수와 그 연산,근호를 포함한 식의 계산,혼합 계산,식의 값,RPM_VERIFIED,RPM_VERIFIED,CANONICAL_DRAFT,CANONICAL_DRAFT,DEFAULT_SCOPE,True,RPM_M3_2022
2022,middle,M3-1,다항식의 곱셈과 인수분해,다항식의 곱셈,곱셈공식,합·차의 제곱,RPM_VERIFIED,RPM_VERIFIED,CANONICAL_DRAFT,CANONICAL_DRAFT,DEFAULT_SCOPE,True,RPM_M3_2022
2022,middle,M3-1,다항식의 곱셈과 인수분해,다항식의 곱셈,곱셈공식,합과 차의 곱,RPM_VERIFIED,RPM_VERIFIED,CANONICAL_DRAFT,CANONICAL_DRAFT,DEFAULT_SCOPE,True,RPM_M3_2022
2022,middle,M3-1,다항식의 곱셈과 인수분해,다항식의 곱셈,곱셈공식,두 일차식의 곱,RPM_VERIFIED,RPM_VERIFIED,CANONICAL_DRAFT,CANONICAL_DRAFT,DEFAULT_SCOPE,True,RPM_M3_2022
2022,middle,M3-1,다항식의 곱셈과 인수분해,다항식의 곱셈,곱셈공식의 활용,곱셈공식을 이용한 수의 계산,RPM_VERIFIED,RPM_VERIFIED,CANONICAL_DRAFT,CANONICAL_DRAFT,DEFAULT_SCOPE,True,RPM_M3_2022
2022,middle,M3-1,다항식의 곱셈과 인수분해,다항식의 곱셈,곱셈공식의 활용,곱셈공식을 이용한 식의 값,RPM_VERIFIED,RPM_VERIFIED,CANONICAL_DRAFT,CANONICAL_DRAFT,DEFAULT_SCOPE,True,RPM_M3_2022
2022,middle,M3-1,다항식의 곱셈과 인수분해,다항식의 곱셈,곱셈공식의 활용,도형 활용,RPM_VERIFIED,RPM_VERIFIED,CANONICAL_DRAFT,CANONICAL_DRAFT,DEFAULT_SCOPE,True,RPM_M3_2022
2022,middle,M3-1,다항식의 곱셈과 인수분해,다항식의 인수분해,공통인수,공통인수 묶기,RPM_VERIFIED,RPM_VERIFIED,CANONICAL_DRAFT,CANONICAL_DRAFT,DEFAULT_SCOPE,True,RPM_M3_2022
2022,middle,M3-1,다항식의 곱셈과 인수분해,다항식의 인수분해,공통인수,단계적 인수분해,RPM_VERIFIED,RPM_VERIFIED,CANONICAL_DRAFT,CANONICAL_DRAFT,DEFAULT_SCOPE,True,RPM_M3_2022
2022,middle,M3-1,다항식의 곱셈과 인수분해,다항식의 인수분해,인수분해 공식,제곱식,RPM_VERIFIED,RPM_VERIFIED,CANONICAL_DRAFT,CANONICAL_DRAFT,DEFAULT_SCOPE,True,RPM_M3_2022
2022,middle,M3-1,다항식의 곱셈과 인수분해,다항식의 인수분해,인수분해 공식,합과 차,RPM_VERIFIED,RPM_VERIFIED,CANONICAL_DRAFT,CANONICAL_DRAFT,DEFAULT_SCOPE,True,RPM_M3_2022
2022,middle,M3-1,다항식의 곱셈과 인수분해,다항식의 인수분해,인수분해 공식,이차식,RPM_VERIFIED,RPM_VERIFIED,CANONICAL_DRAFT,CANONICAL_DRAFT,DEFAULT_SCOPE,True,RPM_M3_2022
2022,middle,M3-1,다항식의 곱셈과 인수분해,다항식의 인수분해,인수분해의 활용,인수분해를 이용한 수의 계산,RPM_VERIFIED,RPM_VERIFIED,CANONICAL_DRAFT,CANONICAL_DRAFT,DEFAULT_SCOPE,True,RPM_M3_2022
2022,middle,M3-1,다항식의 곱셈과 인수분해,다항식의 인수분해,인수분해의 활용,인수분해를 이용한 식의 값,RPM_VERIFIED,RPM_VERIFIED,CANONICAL_DRAFT,CANONICAL_DRAFT,DEFAULT_SCOPE,True,RPM_M3_2022
2022,middle,M3-1,다항식의 곱셈과 인수분해,다항식의 인수분해,인수분해의 활용,조건식,RPM_VERIFIED,RPM_VERIFIED,CANONICAL_DRAFT,CANONICAL_DRAFT,DEFAULT_SCOPE,True,RPM_M3_2022
2022,middle,M3-1,이차방정식,이차방정식의 풀이,이차방정식과 해,이차방정식 판별,RPM_VERIFIED,RPM_VERIFIED,CANONICAL_DRAFT,CANONICAL_DRAFT,DEFAULT_SCOPE,True,RPM_M3_2022
2022,middle,M3-1,이차방정식,이차방정식의 풀이,이차방정식과 해,해의 확인,RPM_VERIFIED,RPM_VERIFIED,CANONICAL_DRAFT,CANONICAL_DRAFT,DEFAULT_SCOPE,True,RPM_M3_2022
2022,middle,M3-1,이차방정식,이차방정식의 풀이,이차방정식과 해,해가 주어진 이차방정식의 계수 결정,RPM_VERIFIED,RPM_VERIFIED,CANONICAL_DRAFT,CANONICAL_DRAFT,DEFAULT_SCOPE,True,RPM_M3_2022
2022,middle,M3-1,이차방정식,이차방정식의 풀이,인수분해를 이용한 풀이,기본 인수분해,RPM_VERIFIED,RPM_VERIFIED,CANONICAL_DRAFT,CANONICAL_DRAFT,DEFAULT_SCOPE,True,RPM_M3_2022
2022,middle,M3-1,이차방정식,이차방정식의 풀이,제곱근·완전제곱식을 이용한 풀이,제곱근 이용,RPM_VERIFIED,RPM_VERIFIED,CANONICAL_DRAFT,CANONICAL_DRAFT,DEFAULT_SCOPE,True,RPM_M3_2022
2022,middle,M3-1,이차방정식,이차방정식의 풀이,제곱근·완전제곱식을 이용한 풀이,완전제곱식,RPM_VERIFIED,RPM_VERIFIED,CANONICAL_DRAFT,CANONICAL_DRAFT,DEFAULT_SCOPE,True,RPM_M3_2022
2022,middle,M3-1,이차방정식,이차방정식의 풀이,근의 공식,근의 공식,RPM_VERIFIED,RPM_VERIFIED,CANONICAL_DRAFT,CANONICAL_DRAFT,DEFAULT_SCOPE,True,RPM_M3_2022
2022,middle,M3-1,이차방정식,이차방정식의 풀이,근의 공식,근의 개수·판별,RPM_VERIFIED,RPM_VERIFIED,CANONICAL_DRAFT,CANONICAL_DRAFT,DEFAULT_SCOPE,True,RPM_M3_2022
2022,middle,M3-1,이차방정식,이차방정식의 활용,수와 식,연속된 수,RPM_VERIFIED,RPM_VERIFIED,CANONICAL_DRAFT,CANONICAL_DRAFT,DEFAULT_SCOPE,True,RPM_M3_2022
2022,middle,M3-1,이차방정식,이차방정식의 활용,수와 식,자리수·식의 값,RPM_VERIFIED,RPM_VERIFIED,CANONICAL_DRAFT,CANONICAL_DRAFT,DEFAULT_SCOPE,True,RPM_M3_2022
2022,middle,M3-1,이차방정식,이차방정식의 활용,도형,길이·넓이,RPM_VERIFIED,RPM_VERIFIED,CANONICAL_DRAFT,CANONICAL_DRAFT,DEFAULT_SCOPE,True,RPM_M3_2022
2022,middle,M3-1,이차방정식,이차방정식의 활용,도형,피타고라스와 결합,RPM_VERIFIED,RPM_VERIFIED,CANONICAL_DRAFT,CANONICAL_DRAFT,DEFAULT_SCOPE,True,RPM_M3_2022
2022,middle,M3-1,이차방정식,이차방정식의 활용,거리·속력·기타,운동 문제,RPM_VERIFIED,RPM_VERIFIED,CANONICAL_DRAFT,CANONICAL_DRAFT,DEFAULT_SCOPE,True,RPM_M3_2022
2022,middle,M3-1,이차방정식,이차방정식의 활용,거리·속력·기타,증감·개수,RPM_VERIFIED,RPM_VERIFIED,CANONICAL_DRAFT,CANONICAL_DRAFT,DEFAULT_SCOPE,True,RPM_M3_2022
2022,middle,M3-1,이차함수,이차함수의 그래프(1),이차함수의 기본 그래프,y=ax²,RPM_VERIFIED,RPM_VERIFIED,CANONICAL_DRAFT,CANONICAL_DRAFT,DEFAULT_SCOPE,True,RPM_M3_2022
2022,middle,M3-1,이차함수,이차함수의 그래프(1),이차함수의 기본 그래프,평행이동,RPM_VERIFIED,RPM_VERIFIED,CANONICAL_DRAFT,CANONICAL_DRAFT,DEFAULT_SCOPE,True,RPM_M3_2022
2022,middle,M3-1,이차함수,이차함수의 그래프(1),꼭짓점과 축,꼭짓점 좌표,RPM_VERIFIED,RPM_VERIFIED,CANONICAL_DRAFT,CANONICAL_DRAFT,DEFAULT_SCOPE,True,RPM_M3_2022
2022,middle,M3-1,이차함수,이차함수의 그래프(1),꼭짓점과 축,대칭축,RPM_VERIFIED,RPM_VERIFIED,CANONICAL_DRAFT,CANONICAL_DRAFT,DEFAULT_SCOPE,True,RPM_M3_2022
2022,middle,M3-1,이차함수,이차함수의 그래프(2),일반형 그래프,완전제곱식 변형,RPM_VERIFIED,RPM_VERIFIED,CANONICAL_DRAFT,CANONICAL_DRAFT,DEFAULT_SCOPE,True,RPM_M3_2022
2022,middle,M3-1,이차함수,이차함수의 그래프(2),일반형 그래프,그래프 그리기,RPM_VERIFIED,RPM_VERIFIED,CANONICAL_DRAFT,CANONICAL_DRAFT,DEFAULT_SCOPE,True,RPM_M3_2022
2022,middle,M3-1,이차함수,이차함수의 그래프(2),최대·최소와 활용,최대·최소,RPM_VERIFIED,RPM_VERIFIED,CANONICAL_DRAFT,CANONICAL_DRAFT,DEFAULT_SCOPE,True,RPM_M3_2022
2022,middle,M3-1,이차함수,이차함수의 그래프(2),최대·최소와 활용,조건으로 식 결정,RPM_VERIFIED,RPM_VERIFIED,CANONICAL_DRAFT,CANONICAL_DRAFT,DEFAULT_SCOPE,True,RPM_M3_2022
2022,middle,M3-2,삼각비,삼각비,삼각비의 뜻,sin·cos·tan,RPM_VERIFIED,RPM_VERIFIED,CANONICAL_DRAFT,CANONICAL_DRAFT,DEFAULT_SCOPE,True,RPM_M3_2022
2022,middle,M3-2,삼각비,삼각비,삼각비의 뜻,삼각비의 관계,RPM_VERIFIED,RPM_VERIFIED,CANONICAL_DRAFT,CANONICAL_DRAFT,DEFAULT_SCOPE,True,RPM_M3_2022
2022,middle,M3-2,삼각비,삼각비,특수각의 삼각비,30°·45°·60°,RPM_VERIFIED,RPM_VERIFIED,CANONICAL_DRAFT,CANONICAL_DRAFT,DEFAULT_SCOPE,True,RPM_M3_2022
2022,middle,M3-2,삼각비,삼각비,특수각의 삼각비,특수각 계산,RPM_VERIFIED,RPM_VERIFIED,CANONICAL_DRAFT,CANONICAL_DRAFT,DEFAULT_SCOPE,True,RPM_M3_2022
2022,middle,M3-2,삼각비,삼각비,삼각비와 길이,직각삼각형의 변,RPM_VERIFIED,RPM_VERIFIED,CANONICAL_DRAFT,CANONICAL_DRAFT,DEFAULT_SCOPE,True,RPM_M3_2022
2022,middle,M3-2,삼각비,삼각비,삼각비와 길이,각을 이용한 길이,RPM_VERIFIED,RPM_VERIFIED,CANONICAL_DRAFT,CANONICAL_DRAFT,DEFAULT_SCOPE,True,RPM_M3_2022
2022,middle,M3-2,삼각비,삼각비의 활용,평면도형,삼각형의 높이·넓이,RPM_VERIFIED,RPM_VERIFIED,CANONICAL_DRAFT,CANONICAL_DRAFT,DEFAULT_SCOPE,True,RPM_M3_2022
2022,middle,M3-2,삼각비,삼각비의 활용,평면도형,다각형의 길이·넓이,RPM_VERIFIED,RPM_VERIFIED,CANONICAL_DRAFT,CANONICAL_DRAFT,DEFAULT_SCOPE,True,RPM_M3_2022
2022,middle,M3-2,삼각비,삼각비의 활용,측정 문제,높이·거리,RPM_VERIFIED,RPM_VERIFIED,CANONICAL_DRAFT,CANONICAL_DRAFT,DEFAULT_SCOPE,True,RPM_M3_2022
2022,middle,M3-2,삼각비,삼각비의 활용,측정 문제,앙각·부각,RPM_VERIFIED,RPM_VERIFIED,CANONICAL_DRAFT,CANONICAL_DRAFT,DEFAULT_SCOPE,True,RPM_M3_2022
2022,middle,M3-2,삼각비,삼각비의 활용,복합도형,보조선 활용,RPM_VERIFIED,RPM_VERIFIED,CANONICAL_DRAFT,CANONICAL_DRAFT,DEFAULT_SCOPE,True,RPM_M3_2022
2022,middle,M3-2,삼각비,삼각비의 활용,복합도형,피타고라스 결합,RPM_VERIFIED,RPM_VERIFIED,CANONICAL_DRAFT,CANONICAL_DRAFT,DEFAULT_SCOPE,True,RPM_M3_2022
2022,middle,M3-2,원의 성질,원과 직선,원의 중심과 현,중심에서 현에 내린 수선,RPM_VERIFIED,RPM_VERIFIED,CANONICAL_DRAFT,CANONICAL_DRAFT,DEFAULT_SCOPE,True,RPM_M3_2022
2022,middle,M3-2,원의 성질,원과 직선,원의 중심과 현,현의 수직이등분선과 중심,RPM_VERIFIED,RPM_VERIFIED,CANONICAL_DRAFT,CANONICAL_DRAFT,DEFAULT_SCOPE,True,RPM_M3_2022
2022,middle,M3-2,원의 성질,원과 직선,원의 중심과 현,중심거리와 현의 길이,RPM_VERIFIED,RPM_VERIFIED,CANONICAL_DRAFT,CANONICAL_DRAFT,DEFAULT_SCOPE,True,RPM_M3_2022
2022,middle,M3-2,원의 성질,원과 직선,원의 접선,접점의 반지름과 접선,RPM_VERIFIED,RPM_VERIFIED,CANONICAL_DRAFT,CANONICAL_DRAFT,DEFAULT_SCOPE,True,RPM_M3_2022
2022,middle,M3-2,원의 성질,원과 직선,원의 접선,한 점에서 그은 두 접선,RPM_VERIFIED,RPM_VERIFIED,CANONICAL_DRAFT,CANONICAL_DRAFT,DEFAULT_SCOPE,True,RPM_M3_2022
2022,middle,M3-2,원의 성질,원과 직선,원의 접선,접선 조건으로 길이 구하기,RPM_VERIFIED,RPM_VERIFIED,CANONICAL_DRAFT,CANONICAL_DRAFT,DEFAULT_SCOPE,True,RPM_M3_2022
2022,middle,M3-2,원의 성질,원과 직선,원의 접선,접선 조건으로 각 구하기,RPM_VERIFIED,RPM_VERIFIED,CANONICAL_DRAFT,CANONICAL_DRAFT,DEFAULT_SCOPE,True,RPM_M3_2022
2022,middle,M3-2,원의 성질,원주각,원주각과 중심각,같은 호에 대한 원주각,RPM_VERIFIED,RPM_VERIFIED,CANONICAL_DRAFT,CANONICAL_DRAFT,DEFAULT_SCOPE,True,RPM_M3_2022
2022,middle,M3-2,원의 성질,원주각,원주각과 중심각,중심각과 원주각,RPM_VERIFIED,RPM_VERIFIED,CANONICAL_DRAFT,CANONICAL_DRAFT,DEFAULT_SCOPE,True,RPM_M3_2022
2022,middle,M3-2,원의 성질,원주각,원주각과 중심각,반원에 대한 원주각,RPM_VERIFIED,RPM_VERIFIED,CANONICAL_DRAFT,CANONICAL_DRAFT,DEFAULT_SCOPE,True,RPM_M3_2022
2022,middle,M3-2,원의 성질,원주각,원주각의 활용,내접사각형의 각,RPM_VERIFIED,RPM_VERIFIED,CANONICAL_DRAFT,CANONICAL_DRAFT,DEFAULT_SCOPE,True,RPM_M3_2022
2022,middle,M3-2,원의 성질,원주각,원주각의 활용,네 점이 한 원 위에 있을 조건,RPM_VERIFIED,RPM_VERIFIED,CANONICAL_DRAFT,CANONICAL_DRAFT,DEFAULT_SCOPE,True,RPM_M3_2022
2022,middle,M3-2,원의 성질,원주각,원주각의 활용,접선과 현이 이루는 각,RPM_VERIFIED,RPM_VERIFIED,CANONICAL_DRAFT,CANONICAL_DRAFT,DEFAULT_SCOPE,True,RPM_M3_2022
2022,middle,M3-2,원의 성질,원주각,원주각의 활용,복합 각 추론,RPM_VERIFIED,RPM_VERIFIED,CANONICAL_DRAFT,CANONICAL_DRAFT,DEFAULT_SCOPE,True,RPM_M3_2022
2022,middle,M3-2,통계,산포도,편차,편차 계산,RPM_VERIFIED,RPM_VERIFIED,CANONICAL_DRAFT,CANONICAL_DRAFT,DEFAULT_SCOPE,True,RPM_M3_2022
2022,middle,M3-2,통계,산포도,편차,편차의 합,RPM_VERIFIED,RPM_VERIFIED,CANONICAL_DRAFT,CANONICAL_DRAFT,DEFAULT_SCOPE,True,RPM_M3_2022
2022,middle,M3-2,통계,산포도,분산과 표준편차,분산 계산,RPM_VERIFIED,RPM_VERIFIED,CANONICAL_DRAFT,CANONICAL_DRAFT,DEFAULT_SCOPE,True,RPM_M3_2022
2022,middle,M3-2,통계,산포도,분산과 표준편차,표준편차 계산,RPM_VERIFIED,RPM_VERIFIED,CANONICAL_DRAFT,CANONICAL_DRAFT,DEFAULT_SCOPE,True,RPM_M3_2022
2022,middle,M3-2,통계,산포도,자료 비교,평균과 산포도,RPM_VERIFIED,RPM_VERIFIED,CANONICAL_DRAFT,CANONICAL_DRAFT,DEFAULT_SCOPE,True,RPM_M3_2022
2022,middle,M3-2,통계,산포도,자료 비교,두 집단 비교,RPM_VERIFIED,RPM_VERIFIED,CANONICAL_DRAFT,CANONICAL_DRAFT,DEFAULT_SCOPE,True,RPM_M3_2022
2022,middle,M3-2,통계,상자그림과 산점도,상자그림,사분위수,RPM_VERIFIED,RPM_VERIFIED,CANONICAL_DRAFT,CANONICAL_DRAFT,DEFAULT_SCOPE,True,RPM_M3_2022
2022,middle,M3-2,통계,상자그림과 산점도,상자그림,상자그림 해석,RPM_VERIFIED,RPM_VERIFIED,CANONICAL_DRAFT,CANONICAL_DRAFT,DEFAULT_SCOPE,True,RPM_M3_2022
2022,middle,M3-2,통계,상자그림과 산점도,상자그림,두 분포 비교,RPM_VERIFIED,RPM_VERIFIED,CANONICAL_DRAFT,CANONICAL_DRAFT,DEFAULT_SCOPE,True,RPM_M3_2022
2022,middle,M3-2,통계,상자그림과 산점도,산점도,산점도 작성,RPM_VERIFIED,RPM_VERIFIED,CANONICAL_DRAFT,CANONICAL_DRAFT,DEFAULT_SCOPE,True,RPM_M3_2022
2022,middle,M3-2,통계,상자그림과 산점도,산점도,상관관계 해석,RPM_VERIFIED,RPM_VERIFIED,CANONICAL_DRAFT,CANONICAL_DRAFT,DEFAULT_SCOPE,True,RPM_M3_2022
2022,middle,M3-2,통계,상자그림과 산점도,자료의 분포 비교,분포와 상관관계의 종합 해석,RPM_VERIFIED,RPM_VERIFIED,CANONICAL_DRAFT,CANONICAL_DRAFT,DEFAULT_SCOPE,True,RPM_M3_2022
2022,middle,M3-2,통계,상자그림과 산점도,자료의 분포 비교,이상치를 포함한 자료 해석,RPM_VERIFIED,RPM_VERIFIED,CANONICAL_DRAFT,CANONICAL_DRAFT,RPM_EXTENDED_CANDIDATE,False,RPM_M3_2022
2015,high,수학_상,다항식,다항식의 연산,다항식의 덧셈과 뺄셈,차수·계수 정리,RPM_VERIFIED,RPM_VERIFIED,CANONICAL_DRAFT,CANONICAL_DRAFT,DEFAULT_SCOPE,True,RPM_H15_COMMON
2015,high,수학_상,다항식,다항식의 연산,다항식의 덧셈과 뺄셈,다항식의 덧셈·뺄셈,RPM_VERIFIED,RPM_VERIFIED,CANONICAL_DRAFT,CANONICAL_DRAFT,DEFAULT_SCOPE,True,RPM_H15_COMMON
2015,high,수학_상,다항식,다항식의 연산,다항식의 곱셈,곱셈공식,RPM_VERIFIED,RPM_VERIFIED,CANONICAL_DRAFT,CANONICAL_DRAFT,DEFAULT_SCOPE,True,RPM_H15_COMMON
2015,high,수학_상,다항식,다항식의 연산,다항식의 곱셈,고차식 전개,RPM_VERIFIED,RPM_VERIFIED,CANONICAL_DRAFT,CANONICAL_DRAFT,DEFAULT_SCOPE,True,RPM_H15_COMMON
2015,high,수학_상,다항식,다항식의 연산,다항식의 나눗셈,다항식을 일차식으로 나누기,RPM_VERIFIED,RPM_VERIFIED,CANONICAL_DRAFT,CANONICAL_DRAFT,DEFAULT_SCOPE,True,RPM_H15_COMMON
2015,high,수학_상,다항식,다항식의 연산,다항식의 나눗셈,몫과 나머지,RPM_VERIFIED,RPM_VERIFIED,CANONICAL_DRAFT,CANONICAL_DRAFT,DEFAULT_SCOPE,True,RPM_H15_COMMON
2015,high,수학_상,다항식,항등식과 나머지정리,항등식,미정계수법,RPM_VERIFIED,RPM_VERIFIED,CANONICAL_DRAFT,CANONICAL_DRAFT,DEFAULT_SCOPE,True,RPM_H15_COMMON
2015,high,수학_상,다항식,항등식과 나머지정리,항등식,수치대입법,RPM_VERIFIED,RPM_VERIFIED,CANONICAL_DRAFT,CANONICAL_DRAFT,DEFAULT_SCOPE,True,RPM_H15_COMMON
2015,high,수학_상,다항식,항등식과 나머지정리,나머지정리,일차식으로 나눈 나머지,RPM_VERIFIED,RPM_VERIFIED,CANONICAL_DRAFT,CANONICAL_DRAFT,DEFAULT_SCOPE,True,RPM_H15_COMMON
2015,high,수학_상,다항식,항등식과 나머지정리,나머지정리,고차식 조건,RPM_VERIFIED,RPM_VERIFIED,CANONICAL_DRAFT,CANONICAL_DRAFT,DEFAULT_SCOPE,True,RPM_H15_COMMON
2015,high,수학_상,다항식,항등식과 나머지정리,인수정리,인수 판정,RPM_VERIFIED,RPM_VERIFIED,CANONICAL_DRAFT,CANONICAL_DRAFT,DEFAULT_SCOPE,True,RPM_H15_COMMON
2015,high,수학_상,다항식,항등식과 나머지정리,인수정리,미정계수 결정,RPM_VERIFIED,RPM_VERIFIED,CANONICAL_DRAFT,CANONICAL_DRAFT,DEFAULT_SCOPE,True,RPM_H15_COMMON
2015,high,수학_상,다항식,인수분해,공통인수,공통인수 묶기,RPM_VERIFIED,RPM_VERIFIED,CANONICAL_DRAFT,CANONICAL_DRAFT,DEFAULT_SCOPE,True,RPM_H15_COMMON
2015,high,수학_상,다항식,인수분해,공통인수,단계적 인수분해,RPM_VERIFIED,RPM_VERIFIED,CANONICAL_DRAFT,CANONICAL_DRAFT,DEFAULT_SCOPE,True,RPM_H15_COMMON
2015,high,수학_상,다항식,인수분해,인수분해 공식,제곱식,RPM_VERIFIED,RPM_VERIFIED,CANONICAL_DRAFT,CANONICAL_DRAFT,DEFAULT_SCOPE,True,RPM_H15_COMMON
2015,high,수학_상,다항식,인수분해,인수분해 공식,합과 차,RPM_VERIFIED,RPM_VERIFIED,CANONICAL_DRAFT,CANONICAL_DRAFT,DEFAULT_SCOPE,True,RPM_H15_COMMON
2015,high,수학_상,다항식,인수분해,인수분해 공식,이차식,RPM_VERIFIED,RPM_VERIFIED,CANONICAL_DRAFT,CANONICAL_DRAFT,DEFAULT_SCOPE,True,RPM_H15_COMMON
2015,high,수학_상,다항식,인수분해,인수분해의 활용,수의 계산,RPM_VERIFIED,RPM_VERIFIED,CANONICAL_DRAFT,CANONICAL_DRAFT,DEFAULT_SCOPE,True,RPM_H15_COMMON
2015,high,수학_상,다항식,인수분해,인수분해의 활용,식의 값,RPM_VERIFIED,RPM_VERIFIED,CANONICAL_DRAFT,CANONICAL_DRAFT,DEFAULT_SCOPE,True,RPM_H15_COMMON
2015,high,수학_상,다항식,인수분해,인수분해의 활용,조건식,RPM_VERIFIED,RPM_VERIFIED,CANONICAL_DRAFT,CANONICAL_DRAFT,DEFAULT_SCOPE,True,RPM_H15_COMMON
2015,high,수학_상,방정식과 부등식,복소수,복소수의 뜻,실수부·허수부,RPM_VERIFIED,RPM_VERIFIED,CANONICAL_DRAFT,CANONICAL_DRAFT,DEFAULT_SCOPE,True,RPM_H15_COMMON
2015,high,수학_상,방정식과 부등식,복소수,복소수의 뜻,서로 같은 복소수,RPM_VERIFIED,RPM_VERIFIED,CANONICAL_DRAFT,CANONICAL_DRAFT,DEFAULT_SCOPE,True,RPM_H15_COMMON
2015,high,수학_상,방정식과 부등식,복소수,복소수의 연산,사칙연산,RPM_VERIFIED,RPM_VERIFIED,CANONICAL_DRAFT,CANONICAL_DRAFT,DEFAULT_SCOPE,True,RPM_H15_COMMON
2015,high,수학_상,방정식과 부등식,복소수,복소수의 연산,켤레복소수,RPM_VERIFIED,RPM_VERIFIED,CANONICAL_DRAFT,CANONICAL_DRAFT,DEFAULT_SCOPE,True,RPM_H15_COMMON
2015,high,수학_상,방정식과 부등식,복소수,i의 거듭제곱,주기성,RPM_VERIFIED,RPM_VERIFIED,CANONICAL_DRAFT,CANONICAL_DRAFT,DEFAULT_SCOPE,True,RPM_H15_COMMON
2015,high,수학_상,방정식과 부등식,복소수,i의 거듭제곱,복소수 조건,RPM_VERIFIED,RPM_VERIFIED,CANONICAL_DRAFT,CANONICAL_DRAFT,DEFAULT_SCOPE,True,RPM_H15_COMMON
2015,high,수학_상,방정식과 부등식,이차방정식,이차방정식의 근,인수분해·근의 공식,RPM_VERIFIED,RPM_VERIFIED,CANONICAL_DRAFT,CANONICAL_DRAFT,DEFAULT_SCOPE,True,RPM_H15_COMMON
2015,high,수학_상,방정식과 부등식,이차방정식,이차방정식의 근,판별식,RPM_VERIFIED,RPM_VERIFIED,CANONICAL_DRAFT,CANONICAL_DRAFT,DEFAULT_SCOPE,True,RPM_H15_COMMON
2015,high,수학_상,방정식과 부등식,이차방정식,근과 계수의 관계,근의 합·곱,RPM_VERIFIED,RPM_VERIFIED,CANONICAL_DRAFT,CANONICAL_DRAFT,DEFAULT_SCOPE,True,RPM_H15_COMMON
2015,high,수학_상,방정식과 부등식,이차방정식,근과 계수의 관계,근으로 방정식 구성,RPM_VERIFIED,RPM_VERIFIED,CANONICAL_DRAFT,CANONICAL_DRAFT,DEFAULT_SCOPE,True,RPM_H15_COMMON
2015,high,수학_상,방정식과 부등식,이차방정식,복소수 근,허근,RPM_VERIFIED,RPM_VERIFIED,CANONICAL_DRAFT,CANONICAL_DRAFT,DEFAULT_SCOPE,True,RPM_H15_COMMON
2015,high,수학_상,방정식과 부등식,이차방정식,복소수 근,계수 조건,RPM_VERIFIED,RPM_VERIFIED,CANONICAL_DRAFT,CANONICAL_DRAFT,DEFAULT_SCOPE,True,RPM_H15_COMMON
2015,high,수학_상,방정식과 부등식,이차방정식과 이차함수,그래프와 근,x축과의 교점,RPM_VERIFIED,RPM_VERIFIED,CANONICAL_DRAFT,CANONICAL_DRAFT,DEFAULT_SCOPE,True,RPM_H15_COMMON
2015,high,수학_상,방정식과 부등식,이차방정식과 이차함수,그래프와 근,판별식과 위치,RPM_VERIFIED,RPM_VERIFIED,CANONICAL_DRAFT,CANONICAL_DRAFT,DEFAULT_SCOPE,True,RPM_H15_COMMON
2015,high,수학_상,방정식과 부등식,이차방정식과 이차함수,직선과 포물선,교점 개수,RPM_VERIFIED,RPM_VERIFIED,CANONICAL_DRAFT,CANONICAL_DRAFT,DEFAULT_SCOPE,True,RPM_H15_COMMON
2015,high,수학_상,방정식과 부등식,이차방정식과 이차함수,직선과 포물선,접선 조건,RPM_VERIFIED,RPM_VERIFIED,CANONICAL_DRAFT,CANONICAL_DRAFT,DEFAULT_SCOPE,True,RPM_H15_COMMON
2015,high,수학_상,방정식과 부등식,이차방정식과 이차함수,최대·최소,구간 최대·최소,RPM_VERIFIED,RPM_VERIFIED,CANONICAL_DRAFT,CANONICAL_DRAFT,DEFAULT_SCOPE,True,RPM_H15_COMMON
2015,high,수학_상,방정식과 부등식,이차방정식과 이차함수,최대·최소,조건식 활용,RPM_VERIFIED,RPM_VERIFIED,CANONICAL_DRAFT,CANONICAL_DRAFT,DEFAULT_SCOPE,True,RPM_H15_COMMON
2015,high,수학_상,방정식과 부등식,여러 가지 방정식,삼차·사차방정식,인수분해형,RPM_VERIFIED,RPM_VERIFIED,CANONICAL_DRAFT,CANONICAL_DRAFT,DEFAULT_SCOPE,True,RPM_H15_COMMON
2015,high,수학_상,방정식과 부등식,여러 가지 방정식,삼차·사차방정식,치환형,RPM_VERIFIED,RPM_VERIFIED,CANONICAL_DRAFT,CANONICAL_DRAFT,DEFAULT_SCOPE,True,RPM_H15_COMMON
2015,high,수학_상,방정식과 부등식,여러 가지 방정식,연립방정식,이차식이 포함된 연립방정식,RPM_VERIFIED,RPM_VERIFIED,CANONICAL_DRAFT,CANONICAL_DRAFT,DEFAULT_SCOPE,True,RPM_H15_COMMON
2015,high,수학_상,방정식과 부등식,여러 가지 방정식,연립방정식,대칭식 활용,RPM_VERIFIED,RPM_VERIFIED,CANONICAL_DRAFT,CANONICAL_DRAFT,DEFAULT_SCOPE,True,RPM_H15_COMMON
2015,high,수학_상,방정식과 부등식,여러 가지 방정식,방정식의 활용,근의 조건,RPM_VERIFIED,RPM_VERIFIED,CANONICAL_DRAFT,CANONICAL_DRAFT,DEFAULT_SCOPE,True,RPM_H15_COMMON
2015,high,수학_상,방정식과 부등식,여러 가지 방정식,방정식의 활용,도형·함수 결합,RPM_VERIFIED,RPM_VERIFIED,CANONICAL_DRAFT,CANONICAL_DRAFT,DEFAULT_SCOPE,True,RPM_H15_COMMON
2015,high,수학_상,방정식과 부등식,여러 가지 부등식,연립일차부등식,해의 범위,RPM_VERIFIED,RPM_VERIFIED,CANONICAL_DRAFT,CANONICAL_DRAFT,DEFAULT_SCOPE,True,RPM_H15_COMMON
2015,high,수학_상,방정식과 부등식,여러 가지 부등식,연립일차부등식,정수해,RPM_VERIFIED,RPM_VERIFIED,CANONICAL_DRAFT,CANONICAL_DRAFT,DEFAULT_SCOPE,True,RPM_H15_COMMON
2015,high,수학_상,방정식과 부등식,여러 가지 부등식,이차부등식,그래프를 이용한 해,RPM_VERIFIED,RPM_VERIFIED,CANONICAL_DRAFT,CANONICAL_DRAFT,DEFAULT_SCOPE,True,RPM_H15_COMMON
2015,high,수학_상,방정식과 부등식,여러 가지 부등식,이차부등식,근의 위치와 해,RPM_VERIFIED,RPM_VERIFIED,CANONICAL_DRAFT,CANONICAL_DRAFT,DEFAULT_SCOPE,True,RPM_H15_COMMON
2015,high,수학_상,방정식과 부등식,여러 가지 부등식,절대부등식,산술·기하평균,RPM_VERIFIED,RPM_VERIFIED,CANONICAL_DRAFT,CANONICAL_DRAFT,DEFAULT_SCOPE,True,RPM_H15_COMMON
2015,high,수학_상,방정식과 부등식,여러 가지 부등식,절대부등식,코시형 기본,RPM_VERIFIED,RPM_VERIFIED,CANONICAL_DRAFT,CANONICAL_DRAFT,DEFAULT_SCOPE,True,RPM_H15_COMMON
2015,high,수학_상,방정식과 부등식,여러 가지 부등식,부등식의 활용,최대·최소,RPM_VERIFIED,RPM_VERIFIED,CANONICAL_DRAFT,CANONICAL_DRAFT,DEFAULT_SCOPE,True,RPM_H15_COMMON
2015,high,수학_상,방정식과 부등식,여러 가지 부등식,부등식의 활용,계수 조건,RPM_VERIFIED,RPM_VERIFIED,CANONICAL_DRAFT,CANONICAL_DRAFT,DEFAULT_SCOPE,True,RPM_H15_COMMON
2015,high,수학_상,도형의 방정식,평면좌표,두 점 사이의 거리,거리 공식,RPM_VERIFIED,RPM_VERIFIED,CANONICAL_DRAFT,CANONICAL_DRAFT,DEFAULT_SCOPE,True,RPM_H15_COMMON
2015,high,수학_상,도형의 방정식,평면좌표,두 점 사이의 거리,도형의 변 길이,RPM_VERIFIED,RPM_VERIFIED,CANONICAL_DRAFT,CANONICAL_DRAFT,DEFAULT_SCOPE,True,RPM_H15_COMMON
2015,high,수학_상,도형의 방정식,평면좌표,선분의 내분·외분,내분점,RPM_VERIFIED,RPM_VERIFIED,CANONICAL_DRAFT,CANONICAL_DRAFT,DEFAULT_SCOPE,True,RPM_H15_COMMON
2015,high,수학_상,도형의 방정식,평면좌표,선분의 내분·외분,외분점,RPM_VERIFIED,RPM_VERIFIED,CANONICAL_DRAFT,CANONICAL_DRAFT,DEFAULT_SCOPE,True,RPM_H15_COMMON
2015,high,수학_상,도형의 방정식,평면좌표,삼각형의 무게중심,좌표로 무게중심,RPM_VERIFIED,RPM_VERIFIED,CANONICAL_DRAFT,CANONICAL_DRAFT,DEFAULT_SCOPE,True,RPM_H15_COMMON
2015,high,수학_상,도형의 방정식,평면좌표,삼각형의 무게중심,좌표 도형 활용,RPM_VERIFIED,RPM_VERIFIED,CANONICAL_DRAFT,CANONICAL_DRAFT,DEFAULT_SCOPE,True,RPM_H15_COMMON
2015,high,수학_상,도형의 방정식,직선의 방정식,직선의 방정식,한 점과 기울기,RPM_VERIFIED,RPM_VERIFIED,CANONICAL_DRAFT,CANONICAL_DRAFT,DEFAULT_SCOPE,True,RPM_H15_COMMON
2015,high,수학_상,도형의 방정식,직선의 방정식,직선의 방정식,두 점을 지나는 직선,RPM_VERIFIED,RPM_VERIFIED,CANONICAL_DRAFT,CANONICAL_DRAFT,DEFAULT_SCOPE,True,RPM_H15_COMMON
2015,high,수학_상,도형의 방정식,직선의 방정식,두 직선의 위치 관계,평행,RPM_VERIFIED,RPM_VERIFIED,CANONICAL_DRAFT,CANONICAL_DRAFT,DEFAULT_SCOPE,True,RPM_H15_COMMON
2015,high,수학_상,도형의 방정식,직선의 방정식,두 직선의 위치 관계,수직,RPM_VERIFIED,RPM_VERIFIED,CANONICAL_DRAFT,CANONICAL_DRAFT,DEFAULT_SCOPE,True,RPM_H15_COMMON
2015,high,수학_상,도형의 방정식,직선의 방정식,두 직선의 위치 관계,교점,RPM_VERIFIED,RPM_VERIFIED,CANONICAL_DRAFT,CANONICAL_DRAFT,DEFAULT_SCOPE,True,RPM_H15_COMMON
2015,high,수학_상,도형의 방정식,직선의 방정식,점과 직선 사이의 거리,거리 공식,RPM_VERIFIED,RPM_VERIFIED,CANONICAL_DRAFT,CANONICAL_DRAFT,DEFAULT_SCOPE,True,RPM_H15_COMMON
2015,high,수학_상,도형의 방정식,직선의 방정식,점과 직선 사이의 거리,도형의 넓이·최소거리,RPM_VERIFIED,RPM_VERIFIED,CANONICAL_DRAFT,CANONICAL_DRAFT,DEFAULT_SCOPE,True,RPM_H15_COMMON
2015,high,수학_상,도형의 방정식,원의 방정식,원의 방정식,중심과 반지름,RPM_VERIFIED,RPM_VERIFIED,CANONICAL_DRAFT,CANONICAL_DRAFT,DEFAULT_SCOPE,True,RPM_H15_COMMON
2015,high,수학_상,도형의 방정식,원의 방정식,원의 방정식,일반형에서 원 찾기,RPM_VERIFIED,RPM_VERIFIED,CANONICAL_DRAFT,CANONICAL_DRAFT,DEFAULT_SCOPE,True,RPM_H15_COMMON
2015,high,수학_상,도형의 방정식,원의 방정식,원과 직선,교점 개수,RPM_VERIFIED,RPM_VERIFIED,CANONICAL_DRAFT,CANONICAL_DRAFT,DEFAULT_SCOPE,True,RPM_H15_COMMON
2015,high,수학_상,도형의 방정식,원의 방정식,원과 직선,현의 길이,RPM_VERIFIED,RPM_VERIFIED,CANONICAL_DRAFT,CANONICAL_DRAFT,DEFAULT_SCOPE,True,RPM_H15_COMMON
2015,high,수학_상,도형의 방정식,원의 방정식,원의 접선,접점이 주어진 접선,RPM_VERIFIED,RPM_VERIFIED,CANONICAL_DRAFT,CANONICAL_DRAFT,DEFAULT_SCOPE,True,RPM_H15_COMMON
2015,high,수학_상,도형의 방정식,원의 방정식,원의 접선,기울기가 주어진 접선,RPM_VERIFIED,RPM_VERIFIED,CANONICAL_DRAFT,CANONICAL_DRAFT,DEFAULT_SCOPE,True,RPM_H15_COMMON
2015,high,수학_상,도형의 방정식,원의 방정식,두 원,두 원의 위치 관계,RPM_VERIFIED,RPM_VERIFIED,CANONICAL_DRAFT,CANONICAL_DRAFT,DEFAULT_SCOPE,True,RPM_H15_COMMON
2015,high,수학_상,도형의 방정식,원의 방정식,두 원,공통현·공통접선 조건,RPM_VERIFIED,RPM_VERIFIED,CANONICAL_DRAFT,CANONICAL_DRAFT,DEFAULT_SCOPE,True,RPM_H15_COMMON
2015,high,수학_상,도형의 방정식,도형의 이동,평행이동,점·직선의 이동,RPM_VERIFIED,RPM_VERIFIED,CANONICAL_DRAFT,CANONICAL_DRAFT,DEFAULT_SCOPE,True,RPM_H15_COMMON
2015,high,수학_상,도형의 방정식,도형의 이동,평행이동,원의 이동,RPM_VERIFIED,RPM_VERIFIED,CANONICAL_DRAFT,CANONICAL_DRAFT,DEFAULT_SCOPE,True,RPM_H15_COMMON
2015,high,수학_상,도형의 방정식,도형의 이동,대칭이동,x축·y축·원점 대칭,RPM_VERIFIED,RPM_VERIFIED,CANONICAL_DRAFT,CANONICAL_DRAFT,DEFAULT_SCOPE,True,RPM_H15_COMMON
2015,high,수학_상,도형의 방정식,도형의 이동,대칭이동,직선에 대한 대칭,RPM_VERIFIED,RPM_VERIFIED,CANONICAL_DRAFT,CANONICAL_DRAFT,DEFAULT_SCOPE,True,RPM_H15_COMMON
2015,high,수학_상,도형의 방정식,도형의 이동,이동의 합성,연속 이동,RPM_VERIFIED,RPM_VERIFIED,CANONICAL_DRAFT,CANONICAL_DRAFT,DEFAULT_SCOPE,True,RPM_H15_COMMON
2015,high,수학_상,도형의 방정식,도형의 이동,이동의 합성,조건으로 원래 도형 찾기,RPM_VERIFIED,RPM_VERIFIED,CANONICAL_DRAFT,CANONICAL_DRAFT,DEFAULT_SCOPE,True,RPM_H15_COMMON
2015,high,수학_하,집합과 명제,집합의 뜻과 포함 관계,집합과 원소,원소나열법·조건제시법,RPM_VERIFIED,RPM_VERIFIED,CANONICAL_DRAFT,CANONICAL_DRAFT,DEFAULT_SCOPE,True,RPM_H15_COMMON
2015,high,수학_하,집합과 명제,집합의 뜻과 포함 관계,집합과 원소,유한집합 원소 개수,RPM_VERIFIED,RPM_VERIFIED,CANONICAL_DRAFT,CANONICAL_DRAFT,DEFAULT_SCOPE,True,RPM_H15_COMMON
2015,high,수학_하,집합과 명제,집합의 뜻과 포함 관계,부분집합,부분집합 판정,RPM_VERIFIED,RPM_VERIFIED,CANONICAL_DRAFT,CANONICAL_DRAFT,DEFAULT_SCOPE,True,RPM_H15_COMMON
2015,high,수학_하,집합과 명제,집합의 뜻과 포함 관계,부분집합,부분집합의 개수,RPM_VERIFIED,RPM_VERIFIED,CANONICAL_DRAFT,CANONICAL_DRAFT,DEFAULT_SCOPE,True,RPM_H15_COMMON
2015,high,수학_하,집합과 명제,집합의 뜻과 포함 관계,집합의 포함 관계,두 집합의 포함,RPM_VERIFIED,RPM_VERIFIED,CANONICAL_DRAFT,CANONICAL_DRAFT,DEFAULT_SCOPE,True,RPM_H15_COMMON
2015,high,수학_하,집합과 명제,집합의 뜻과 포함 관계,집합의 포함 관계,매개변수 조건,RPM_VERIFIED,RPM_VERIFIED,CANONICAL_DRAFT,CANONICAL_DRAFT,DEFAULT_SCOPE,True,RPM_H15_COMMON
2015,high,수학_하,집합과 명제,집합의 연산,교집합과 합집합,집합 연산,RPM_VERIFIED,RPM_VERIFIED,CANONICAL_DRAFT,CANONICAL_DRAFT,DEFAULT_SCOPE,True,RPM_H15_COMMON
2015,high,수학_하,집합과 명제,집합의 연산,교집합과 합집합,원소 개수,RPM_VERIFIED,RPM_VERIFIED,CANONICAL_DRAFT,CANONICAL_DRAFT,DEFAULT_SCOPE,True,RPM_H15_COMMON
2015,high,수학_하,집합과 명제,집합의 연산,여집합과 차집합,여집합,RPM_VERIFIED,RPM_VERIFIED,CANONICAL_DRAFT,CANONICAL_DRAFT,DEFAULT_SCOPE,True,RPM_H15_COMMON
2015,high,수학_하,집합과 명제,집합의 연산,여집합과 차집합,차집합,RPM_VERIFIED,RPM_VERIFIED,CANONICAL_DRAFT,CANONICAL_DRAFT,DEFAULT_SCOPE,True,RPM_H15_COMMON
2015,high,수학_하,집합과 명제,집합의 연산,집합의 연산법칙,드모르간 법칙,RPM_VERIFIED,RPM_VERIFIED,CANONICAL_DRAFT,CANONICAL_DRAFT,DEFAULT_SCOPE,True,RPM_H15_COMMON
2015,high,수학_하,집합과 명제,집합의 연산,집합의 연산법칙,복합 연산,RPM_VERIFIED,RPM_VERIFIED,CANONICAL_DRAFT,CANONICAL_DRAFT,DEFAULT_SCOPE,True,RPM_H15_COMMON
2015,high,수학_하,집합과 명제,명제,명제와 조건,진리집합,RPM_VERIFIED,RPM_VERIFIED,CANONICAL_DRAFT,CANONICAL_DRAFT,DEFAULT_SCOPE,True,RPM_H15_COMMON
2015,high,수학_하,집합과 명제,명제,명제와 조건,명제의 참·거짓,RPM_VERIFIED,RPM_VERIFIED,CANONICAL_DRAFT,CANONICAL_DRAFT,DEFAULT_SCOPE,True,RPM_H15_COMMON
2015,high,수학_하,집합과 명제,명제,역·이·대우,대우를 이용한 증명,RPM_VERIFIED,RPM_VERIFIED,CANONICAL_DRAFT,CANONICAL_DRAFT,DEFAULT_SCOPE,True,RPM_H15_COMMON
2015,high,수학_하,집합과 명제,명제,역·이·대우,명제 변환,RPM_VERIFIED,RPM_VERIFIED,CANONICAL_DRAFT,CANONICAL_DRAFT,DEFAULT_SCOPE,True,RPM_H15_COMMON
2015,high,수학_하,집합과 명제,명제,필요조건·충분조건,조건 관계,RPM_VERIFIED,RPM_VERIFIED,CANONICAL_DRAFT,CANONICAL_DRAFT,DEFAULT_SCOPE,True,RPM_H15_COMMON
2015,high,수학_하,집합과 명제,명제,필요조건·충분조건,매개변수,RPM_VERIFIED,RPM_VERIFIED,CANONICAL_DRAFT,CANONICAL_DRAFT,DEFAULT_SCOPE,True,RPM_H15_COMMON
2015,high,수학_하,집합과 명제,명제,증명,귀류법,RPM_VERIFIED,RPM_VERIFIED,CANONICAL_DRAFT,CANONICAL_DRAFT,DEFAULT_SCOPE,True,RPM_H15_COMMON
2015,high,수학_하,집합과 명제,명제,증명,절대부등식 증명,RPM_VERIFIED,RPM_VERIFIED,CANONICAL_DRAFT,CANONICAL_DRAFT,DEFAULT_SCOPE,True,RPM_H15_COMMON
2015,high,수학_하,함수,함수,함수의 뜻,대응과 함수,RPM_VERIFIED,RPM_VERIFIED,CANONICAL_DRAFT,CANONICAL_DRAFT,DEFAULT_SCOPE,True,RPM_H15_COMMON
2015,high,수학_하,함수,함수,함수의 뜻,정의역·공역·치역,RPM_VERIFIED,RPM_VERIFIED,CANONICAL_DRAFT,CANONICAL_DRAFT,DEFAULT_SCOPE,True,RPM_H15_COMMON
2015,high,수학_하,함수,함수,합성함수,합성함수 계산,RPM_VERIFIED,RPM_VERIFIED,CANONICAL_DRAFT,CANONICAL_DRAFT,DEFAULT_SCOPE,True,RPM_H15_COMMON
2015,high,수학_하,함수,함수,합성함수,정의역 조건,RPM_VERIFIED,RPM_VERIFIED,CANONICAL_DRAFT,CANONICAL_DRAFT,DEFAULT_SCOPE,True,RPM_H15_COMMON
2015,high,수학_하,함수,함수,역함수,역함수 구하기,RPM_VERIFIED,RPM_VERIFIED,CANONICAL_DRAFT,CANONICAL_DRAFT,DEFAULT_SCOPE,True,RPM_H15_COMMON
2015,high,수학_하,함수,함수,역함수,그래프 대칭,RPM_VERIFIED,RPM_VERIFIED,CANONICAL_DRAFT,CANONICAL_DRAFT,DEFAULT_SCOPE,True,RPM_H15_COMMON
2015,high,수학_하,함수,함수,함수의 성질,일대일함수,RPM_VERIFIED,RPM_VERIFIED,CANONICAL_DRAFT,CANONICAL_DRAFT,DEFAULT_SCOPE,True,RPM_H15_COMMON
2015,high,수학_하,함수,함수,함수의 성질,항등함수·상수함수,RPM_VERIFIED,RPM_VERIFIED,CANONICAL_DRAFT,CANONICAL_DRAFT,DEFAULT_SCOPE,True,RPM_H15_COMMON
2015,high,수학_하,함수,유리함수,유리함수의 그래프,기본 그래프,RPM_VERIFIED,RPM_VERIFIED,CANONICAL_DRAFT,CANONICAL_DRAFT,DEFAULT_SCOPE,True,RPM_H15_COMMON
2015,high,수학_하,함수,유리함수,유리함수의 그래프,평행이동,RPM_VERIFIED,RPM_VERIFIED,CANONICAL_DRAFT,CANONICAL_DRAFT,DEFAULT_SCOPE,True,RPM_H15_COMMON
2015,high,수학_하,함수,유리함수,점근선과 위치,점근선,RPM_VERIFIED,RPM_VERIFIED,CANONICAL_DRAFT,CANONICAL_DRAFT,DEFAULT_SCOPE,True,RPM_H15_COMMON
2015,high,수학_하,함수,유리함수,점근선과 위치,그래프의 사분면,RPM_VERIFIED,RPM_VERIFIED,CANONICAL_DRAFT,CANONICAL_DRAFT,DEFAULT_SCOPE,True,RPM_H15_COMMON
2015,high,수학_하,함수,유리함수,유리함수의 활용,식 결정,RPM_VERIFIED,RPM_VERIFIED,CANONICAL_DRAFT,CANONICAL_DRAFT,DEFAULT_SCOPE,True,RPM_H15_COMMON
2015,high,수학_하,함수,유리함수,유리함수의 활용,유리함수의 최대·최소,RPM_VERIFIED,RPM_VERIFIED,CANONICAL_DRAFT,CANONICAL_DRAFT,DEFAULT_SCOPE,True,RPM_H15_COMMON
2015,high,수학_하,함수,유리함수,유리함수의 활용,유리함수와 그래프의 교점,RPM_VERIFIED,RPM_VERIFIED,CANONICAL_DRAFT,CANONICAL_DRAFT,DEFAULT_SCOPE,True,RPM_H15_COMMON
2015,high,수학_하,함수,무리함수,무리함수의 그래프,기본 그래프,RPM_VERIFIED,RPM_VERIFIED,CANONICAL_DRAFT,CANONICAL_DRAFT,DEFAULT_SCOPE,True,RPM_H15_COMMON
2015,high,수학_하,함수,무리함수,무리함수의 그래프,평행이동,RPM_VERIFIED,RPM_VERIFIED,CANONICAL_DRAFT,CANONICAL_DRAFT,DEFAULT_SCOPE,True,RPM_H15_COMMON
2015,high,수학_하,함수,무리함수,정의역과 치역,정의역 조건,RPM_VERIFIED,RPM_VERIFIED,CANONICAL_DRAFT,CANONICAL_DRAFT,DEFAULT_SCOPE,True,RPM_H15_COMMON
2015,high,수학_하,함수,무리함수,정의역과 치역,그래프 위치,RPM_VERIFIED,RPM_VERIFIED,CANONICAL_DRAFT,CANONICAL_DRAFT,DEFAULT_SCOPE,True,RPM_H15_COMMON
2015,high,수학_하,함수,무리함수,무리함수의 활용,식 결정,RPM_VERIFIED,RPM_VERIFIED,CANONICAL_DRAFT,CANONICAL_DRAFT,DEFAULT_SCOPE,True,RPM_H15_COMMON
2015,high,수학_하,함수,무리함수,무리함수의 활용,무리함수의 역함수,RPM_VERIFIED,RPM_VERIFIED,CANONICAL_DRAFT,CANONICAL_DRAFT,DEFAULT_SCOPE,True,RPM_H15_COMMON
2015,high,수학_하,함수,무리함수,무리함수의 활용,무리함수의 교점,RPM_VERIFIED,RPM_VERIFIED,CANONICAL_DRAFT,CANONICAL_DRAFT,DEFAULT_SCOPE,True,RPM_H15_COMMON
2015,high,수학_하,경우의 수,경우의 수와 순열,합·곱의 법칙,경우를 나누어 세기,RPM_VERIFIED,RPM_VERIFIED,CANONICAL_DRAFT,CANONICAL_DRAFT,DEFAULT_SCOPE,True,RPM_H15_COMMON
2015,high,수학_하,경우의 수,경우의 수와 순열,합·곱의 법칙,단계별 선택,RPM_VERIFIED,RPM_VERIFIED,CANONICAL_DRAFT,CANONICAL_DRAFT,DEFAULT_SCOPE,True,RPM_H15_COMMON
2015,high,수학_하,경우의 수,경우의 수와 순열,순열,일렬 배열,RPM_VERIFIED,RPM_VERIFIED,CANONICAL_DRAFT,CANONICAL_DRAFT,DEFAULT_SCOPE,True,RPM_H15_COMMON
2015,high,수학_하,경우의 수,경우의 수와 순열,순열,특정 조건 배열,RPM_VERIFIED,RPM_VERIFIED,CANONICAL_DRAFT,CANONICAL_DRAFT,DEFAULT_SCOPE,True,RPM_H15_COMMON
2015,high,수학_하,경우의 수,경우의 수와 순열,중복·원순열 기초,같은 것이 있는 배열,RPM_VERIFIED,RPM_VERIFIED,CANONICAL_DRAFT,CANONICAL_DRAFT,DEFAULT_SCOPE,True,RPM_H15_COMMON
2015,high,수학_하,경우의 수,경우의 수와 순열,중복·원순열 기초,원형 배열,RPM_VERIFIED,RPM_VERIFIED,CANONICAL_DRAFT,CANONICAL_DRAFT,DEFAULT_SCOPE,True,RPM_H15_COMMON
2015,high,수학_하,경우의 수,조합,조합의 뜻과 계산,조합 계산,RPM_VERIFIED,RPM_VERIFIED,CANONICAL_DRAFT,CANONICAL_DRAFT,DEFAULT_SCOPE,True,RPM_H15_COMMON
2015,high,수학_하,경우의 수,조합,조합의 뜻과 계산,순열과 조합 구별,RPM_VERIFIED,RPM_VERIFIED,CANONICAL_DRAFT,CANONICAL_DRAFT,DEFAULT_SCOPE,True,RPM_H15_COMMON
2015,high,수학_하,경우의 수,조합,조합의 활용,선택 조건,RPM_VERIFIED,RPM_VERIFIED,CANONICAL_DRAFT,CANONICAL_DRAFT,DEFAULT_SCOPE,True,RPM_H15_COMMON
2015,high,수학_하,경우의 수,조합,조합의 활용,도형에서의 선택,RPM_VERIFIED,RPM_VERIFIED,CANONICAL_DRAFT,CANONICAL_DRAFT,DEFAULT_SCOPE,True,RPM_H15_COMMON
2015,high,수학_하,경우의 수,조합,분할·분배,선택 후 배치,RPM_VERIFIED,RPM_VERIFIED,CANONICAL_DRAFT,CANONICAL_DRAFT,DEFAULT_SCOPE,True,RPM_H15_COMMON
2015,high,수학_하,경우의 수,조합,분할·분배,조합을 이용한 경우의 수,RPM_VERIFIED,RPM_VERIFIED,CANONICAL_DRAFT,CANONICAL_DRAFT,DEFAULT_SCOPE,True,RPM_H15_COMMON
2015,high,수학I,지수함수와 로그함수,지수,거듭제곱근,n제곱근,RPM_VERIFIED,RPM_VERIFIED,CANONICAL_DRAFT,CANONICAL_DRAFT,DEFAULT_SCOPE,True,RPM_H15_M1
2015,high,수학I,지수함수와 로그함수,지수,거듭제곱근,실수 조건,RPM_VERIFIED,RPM_VERIFIED,CANONICAL_DRAFT,CANONICAL_DRAFT,DEFAULT_SCOPE,True,RPM_H15_M1
2015,high,수학I,지수함수와 로그함수,지수,지수의 확장,유리수 지수,RPM_VERIFIED,RPM_VERIFIED,CANONICAL_DRAFT,CANONICAL_DRAFT,DEFAULT_SCOPE,True,RPM_H15_M1
2015,high,수학I,지수함수와 로그함수,지수,지수의 확장,실수 지수,RPM_VERIFIED,RPM_VERIFIED,CANONICAL_DRAFT,CANONICAL_DRAFT,DEFAULT_SCOPE,True,RPM_H15_M1
2015,high,수학I,지수함수와 로그함수,지수,지수법칙,지수식 계산,RPM_VERIFIED,RPM_VERIFIED,CANONICAL_DRAFT,CANONICAL_DRAFT,DEFAULT_SCOPE,True,RPM_H15_M1
2015,high,수학I,지수함수와 로그함수,지수,지수법칙,조건식,RPM_VERIFIED,RPM_VERIFIED,CANONICAL_DRAFT,CANONICAL_DRAFT,DEFAULT_SCOPE,True,RPM_H15_M1
2015,high,수학I,지수함수와 로그함수,로그,로그의 뜻,로그와 지수 관계,RPM_VERIFIED,RPM_VERIFIED,CANONICAL_DRAFT,CANONICAL_DRAFT,DEFAULT_SCOPE,True,RPM_H15_M1
2015,high,수학I,지수함수와 로그함수,로그,로그의 뜻,밑과 진수 조건,RPM_VERIFIED,RPM_VERIFIED,CANONICAL_DRAFT,CANONICAL_DRAFT,DEFAULT_SCOPE,True,RPM_H15_M1
2015,high,수학I,지수함수와 로그함수,로그,로그의 성질,곱·몫·거듭제곱,RPM_VERIFIED,RPM_VERIFIED,CANONICAL_DRAFT,CANONICAL_DRAFT,DEFAULT_SCOPE,True,RPM_H15_M1
2015,high,수학I,지수함수와 로그함수,로그,로그의 성질,밑의 변환,RPM_VERIFIED,RPM_VERIFIED,CANONICAL_DRAFT,CANONICAL_DRAFT,DEFAULT_SCOPE,True,RPM_H15_M1
2015,high,수학I,지수함수와 로그함수,로그,상용로그,상용로그표·자릿수,RPM_VERIFIED,RPM_VERIFIED,CANONICAL_DRAFT,CANONICAL_DRAFT,DEFAULT_SCOPE,True,RPM_H15_M1
2015,high,수학I,지수함수와 로그함수,로그,상용로그,소수점 위치,RPM_VERIFIED,RPM_VERIFIED,CANONICAL_DRAFT,CANONICAL_DRAFT,DEFAULT_SCOPE,True,RPM_H15_M1
2015,high,수학I,지수함수와 로그함수,지수함수,지수함수의 그래프,증가·감소,RPM_VERIFIED,RPM_VERIFIED,CANONICAL_DRAFT,CANONICAL_DRAFT,DEFAULT_SCOPE,True,RPM_H15_M1
2015,high,수학I,지수함수와 로그함수,지수함수,지수함수의 그래프,평행이동,RPM_VERIFIED,RPM_VERIFIED,CANONICAL_DRAFT,CANONICAL_DRAFT,DEFAULT_SCOPE,True,RPM_H15_M1
2015,high,수학I,지수함수와 로그함수,지수함수,지수방정식,밑 통일,RPM_VERIFIED,RPM_VERIFIED,CANONICAL_DRAFT,CANONICAL_DRAFT,DEFAULT_SCOPE,True,RPM_H15_M1
2015,high,수학I,지수함수와 로그함수,지수함수,지수방정식,치환,RPM_VERIFIED,RPM_VERIFIED,CANONICAL_DRAFT,CANONICAL_DRAFT,DEFAULT_SCOPE,True,RPM_H15_M1
2015,high,수학I,지수함수와 로그함수,지수함수,지수부등식,밑의 범위에 따른 부등호,RPM_VERIFIED,RPM_VERIFIED,CANONICAL_DRAFT,CANONICAL_DRAFT,DEFAULT_SCOPE,True,RPM_H15_M1
2015,high,수학I,지수함수와 로그함수,지수함수,지수부등식,치환,RPM_VERIFIED,RPM_VERIFIED,CANONICAL_DRAFT,CANONICAL_DRAFT,DEFAULT_SCOPE,True,RPM_H15_M1
2015,high,수학I,지수함수와 로그함수,지수함수,지수함수의 활용,최대·최소,RPM_VERIFIED,RPM_VERIFIED,CANONICAL_DRAFT,CANONICAL_DRAFT,DEFAULT_SCOPE,True,RPM_H15_M1
2015,high,수학I,지수함수와 로그함수,지수함수,지수함수의 활용,그래프 교점,RPM_VERIFIED,RPM_VERIFIED,CANONICAL_DRAFT,CANONICAL_DRAFT,DEFAULT_SCOPE,True,RPM_H15_M1
2015,high,수학I,지수함수와 로그함수,로그함수,로그함수의 그래프,증가·감소,RPM_VERIFIED,RPM_VERIFIED,CANONICAL_DRAFT,CANONICAL_DRAFT,DEFAULT_SCOPE,True,RPM_H15_M1
2015,high,수학I,지수함수와 로그함수,로그함수,로그함수의 그래프,평행이동,RPM_VERIFIED,RPM_VERIFIED,CANONICAL_DRAFT,CANONICAL_DRAFT,DEFAULT_SCOPE,True,RPM_H15_M1
2015,high,수학I,지수함수와 로그함수,로그함수,로그방정식,진수 조건,RPM_VERIFIED,RPM_VERIFIED,CANONICAL_DRAFT,CANONICAL_DRAFT,DEFAULT_SCOPE,True,RPM_H15_M1
2015,high,수학I,지수함수와 로그함수,로그함수,로그방정식,치환,RPM_VERIFIED,RPM_VERIFIED,CANONICAL_DRAFT,CANONICAL_DRAFT,DEFAULT_SCOPE,True,RPM_H15_M1
2015,high,수학I,지수함수와 로그함수,로그함수,로그부등식,정의역·밑 조건,RPM_VERIFIED,RPM_VERIFIED,CANONICAL_DRAFT,CANONICAL_DRAFT,DEFAULT_SCOPE,True,RPM_H15_M1
2015,high,수학I,지수함수와 로그함수,로그함수,로그부등식,치환,RPM_VERIFIED,RPM_VERIFIED,CANONICAL_DRAFT,CANONICAL_DRAFT,DEFAULT_SCOPE,True,RPM_H15_M1
2015,high,수학I,지수함수와 로그함수,로그함수,로그함수의 활용,최대·최소,RPM_VERIFIED,RPM_VERIFIED,CANONICAL_DRAFT,CANONICAL_DRAFT,DEFAULT_SCOPE,True,RPM_H15_M1
2015,high,수학I,지수함수와 로그함수,로그함수,로그함수의 활용,그래프 교점,RPM_VERIFIED,RPM_VERIFIED,CANONICAL_DRAFT,CANONICAL_DRAFT,DEFAULT_SCOPE,True,RPM_H15_M1
2015,high,수학I,삼각함수,삼각함수,일반각과 호도법,일반각,RPM_VERIFIED,RPM_VERIFIED,CANONICAL_DRAFT,CANONICAL_DRAFT,DEFAULT_SCOPE,True,RPM_H15_M1
2015,high,수학I,삼각함수,삼각함수,일반각과 호도법,호도법,RPM_VERIFIED,RPM_VERIFIED,CANONICAL_DRAFT,CANONICAL_DRAFT,DEFAULT_SCOPE,True,RPM_H15_M1
2015,high,수학I,삼각함수,삼각함수,삼각함수의 뜻,단위원,RPM_VERIFIED,RPM_VERIFIED,CANONICAL_DRAFT,CANONICAL_DRAFT,DEFAULT_SCOPE,True,RPM_H15_M1
2015,high,수학I,삼각함수,삼각함수,삼각함수의 뜻,삼각함수 값,RPM_VERIFIED,RPM_VERIFIED,CANONICAL_DRAFT,CANONICAL_DRAFT,DEFAULT_SCOPE,True,RPM_H15_M1
2015,high,수학I,삼각함수,삼각함수,삼각함수의 성질,주기·대칭,RPM_VERIFIED,RPM_VERIFIED,CANONICAL_DRAFT,CANONICAL_DRAFT,DEFAULT_SCOPE,True,RPM_H15_M1
2015,high,수학I,삼각함수,삼각함수,삼각함수의 성질,삼각함수 관계,RPM_VERIFIED,RPM_VERIFIED,CANONICAL_DRAFT,CANONICAL_DRAFT,DEFAULT_SCOPE,True,RPM_H15_M1
2015,high,수학I,삼각함수,삼각함수,삼각방정식·부등식,그래프를 이용한 해,RPM_VERIFIED,RPM_VERIFIED,CANONICAL_DRAFT,CANONICAL_DRAFT,DEFAULT_SCOPE,True,RPM_H15_M1
2015,high,수학I,삼각함수,삼각함수,삼각방정식·부등식,주기 구간의 해,RPM_VERIFIED,RPM_VERIFIED,CANONICAL_DRAFT,CANONICAL_DRAFT,DEFAULT_SCOPE,True,RPM_H15_M1
2015,high,수학I,삼각함수,삼각함수의 그래프,기본 그래프,sin·cos,RPM_VERIFIED,RPM_VERIFIED,CANONICAL_DRAFT,CANONICAL_DRAFT,DEFAULT_SCOPE,True,RPM_H15_M1
2015,high,수학I,삼각함수,삼각함수의 그래프,기본 그래프,tan,RPM_VERIFIED,RPM_VERIFIED,CANONICAL_DRAFT,CANONICAL_DRAFT,DEFAULT_SCOPE,True,RPM_H15_M1
2015,high,수학I,삼각함수,삼각함수의 그래프,그래프 변환,주기·진폭,RPM_VERIFIED,RPM_VERIFIED,CANONICAL_DRAFT,CANONICAL_DRAFT,DEFAULT_SCOPE,True,RPM_H15_M1
2015,high,수학I,삼각함수,삼각함수의 그래프,그래프 변환,평행이동,RPM_VERIFIED,RPM_VERIFIED,CANONICAL_DRAFT,CANONICAL_DRAFT,DEFAULT_SCOPE,True,RPM_H15_M1
2015,high,수학I,삼각함수,삼각함수의 그래프,그래프 활용,교점,RPM_VERIFIED,RPM_VERIFIED,CANONICAL_DRAFT,CANONICAL_DRAFT,DEFAULT_SCOPE,True,RPM_H15_M1
2015,high,수학I,삼각함수,삼각함수의 그래프,그래프 활용,최대·최소,RPM_VERIFIED,RPM_VERIFIED,CANONICAL_DRAFT,CANONICAL_DRAFT,DEFAULT_SCOPE,True,RPM_H15_M1
2015,high,수학I,삼각함수,삼각함수의 활용,사인법칙,외접원 반지름,RPM_VERIFIED,RPM_VERIFIED,CANONICAL_DRAFT,CANONICAL_DRAFT,DEFAULT_SCOPE,True,RPM_H15_M1
2015,high,수학I,삼각함수,삼각함수의 활용,사인법칙,변·각 계산,RPM_VERIFIED,RPM_VERIFIED,CANONICAL_DRAFT,CANONICAL_DRAFT,DEFAULT_SCOPE,True,RPM_H15_M1
2015,high,수학I,삼각함수,삼각함수의 활용,코사인법칙,변·각 계산,RPM_VERIFIED,RPM_VERIFIED,CANONICAL_DRAFT,CANONICAL_DRAFT,DEFAULT_SCOPE,True,RPM_H15_M1
2015,high,수학I,삼각함수,삼각함수의 활용,코사인법칙,삼각형 판정,RPM_VERIFIED,RPM_VERIFIED,CANONICAL_DRAFT,CANONICAL_DRAFT,DEFAULT_SCOPE,True,RPM_H15_M1
2015,high,수학I,삼각함수,삼각함수의 활용,삼각형의 넓이,두 변과 끼인각,RPM_VERIFIED,RPM_VERIFIED,CANONICAL_DRAFT,CANONICAL_DRAFT,DEFAULT_SCOPE,True,RPM_H15_M1
2015,high,수학I,삼각함수,삼각함수의 활용,삼각형의 넓이,복합도형,RPM_VERIFIED,RPM_VERIFIED,CANONICAL_DRAFT,CANONICAL_DRAFT,DEFAULT_SCOPE,True,RPM_H15_M1
2015,high,수학I,수열,등차수열과 등비수열,등차수열,일반항,RPM_VERIFIED,RPM_VERIFIED,CANONICAL_DRAFT,CANONICAL_DRAFT,DEFAULT_SCOPE,True,RPM_H15_M1
2015,high,수학I,수열,등차수열과 등비수열,등차수열,중항,RPM_VERIFIED,RPM_VERIFIED,CANONICAL_DRAFT,CANONICAL_DRAFT,DEFAULT_SCOPE,True,RPM_H15_M1
2015,high,수학I,수열,등차수열과 등비수열,등차수열,합,RPM_VERIFIED,RPM_VERIFIED,CANONICAL_DRAFT,CANONICAL_DRAFT,DEFAULT_SCOPE,True,RPM_H15_M1
2015,high,수학I,수열,등차수열과 등비수열,등비수열,일반항,RPM_VERIFIED,RPM_VERIFIED,CANONICAL_DRAFT,CANONICAL_DRAFT,DEFAULT_SCOPE,True,RPM_H15_M1
2015,high,수학I,수열,등차수열과 등비수열,등비수열,중항,RPM_VERIFIED,RPM_VERIFIED,CANONICAL_DRAFT,CANONICAL_DRAFT,DEFAULT_SCOPE,True,RPM_H15_M1
2015,high,수학I,수열,등차수열과 등비수열,등비수열,합,RPM_VERIFIED,RPM_VERIFIED,CANONICAL_DRAFT,CANONICAL_DRAFT,DEFAULT_SCOPE,True,RPM_H15_M1
2015,high,수학I,수열,등차수열과 등비수열,수열의 활용,조건으로 수열 결정,RPM_VERIFIED,RPM_VERIFIED,CANONICAL_DRAFT,CANONICAL_DRAFT,DEFAULT_SCOPE,True,RPM_H15_M1
2015,high,수학I,수열,등차수열과 등비수열,수열의 활용,귀납적 패턴,RPM_VERIFIED,RPM_VERIFIED,CANONICAL_DRAFT,CANONICAL_DRAFT,DEFAULT_SCOPE,True,RPM_H15_M1
2015,high,수학I,수열,수열의 합,합의 기호 Σ,Σ 계산,RPM_VERIFIED,RPM_VERIFIED,CANONICAL_DRAFT,CANONICAL_DRAFT,DEFAULT_SCOPE,True,RPM_H15_M1
2015,high,수학I,수열,수열의 합,합의 기호 Σ,성질,RPM_VERIFIED,RPM_VERIFIED,CANONICAL_DRAFT,CANONICAL_DRAFT,DEFAULT_SCOPE,True,RPM_H15_M1
2015,high,수학I,수열,수열의 합,여러 가지 수열의 합,자연수 거듭제곱의 합,RPM_VERIFIED,RPM_VERIFIED,CANONICAL_DRAFT,CANONICAL_DRAFT,DEFAULT_SCOPE,True,RPM_H15_M1
2015,high,수학I,수열,수열의 합,여러 가지 수열의 합,부분분수·망원급수형,RPM_VERIFIED,RPM_VERIFIED,CANONICAL_DRAFT,CANONICAL_DRAFT,DEFAULT_SCOPE,True,RPM_H15_M1
2015,high,수학I,수열,수열의 합,계차수열,계차수열,RPM_VERIFIED,RPM_VERIFIED,CANONICAL_DRAFT,CANONICAL_DRAFT,DEFAULT_SCOPE,True,RPM_H15_M1
2015,high,수학I,수열,수열의 합,계차수열,일반항 구하기,RPM_VERIFIED,RPM_VERIFIED,CANONICAL_DRAFT,CANONICAL_DRAFT,DEFAULT_SCOPE,True,RPM_H15_M1
2015,high,수학I,수열,수학적 귀납법,수열의 귀납적 정의,점화식으로 항 구하기,RPM_VERIFIED,RPM_VERIFIED,CANONICAL_DRAFT,CANONICAL_DRAFT,DEFAULT_SCOPE,True,RPM_H15_M1
2015,high,수학I,수열,수학적 귀납법,수열의 귀납적 정의,관계 추론,RPM_VERIFIED,RPM_VERIFIED,CANONICAL_DRAFT,CANONICAL_DRAFT,DEFAULT_SCOPE,True,RPM_H15_M1
2015,high,수학I,수열,수학적 귀납법,수학적 귀납법,등식 증명,RPM_VERIFIED,RPM_VERIFIED,CANONICAL_DRAFT,CANONICAL_DRAFT,DEFAULT_SCOPE,True,RPM_H15_M1
2015,high,수학I,수열,수학적 귀납법,수학적 귀납법,부등식·나눗셈 증명,RPM_VERIFIED,RPM_VERIFIED,CANONICAL_DRAFT,CANONICAL_DRAFT,DEFAULT_SCOPE,True,RPM_H15_M1
2015,high,수학II,함수의 극한과 연속,함수의 극한,함수의 극한,좌극한·우극한,RPM_VERIFIED,RPM_VERIFIED,CANONICAL_DRAFT,CANONICAL_DRAFT,DEFAULT_SCOPE,True,RPM_H15_M2
2015,high,수학II,함수의 극한과 연속,함수의 극한,함수의 극한,극한값 계산,RPM_VERIFIED,RPM_VERIFIED,CANONICAL_DRAFT,CANONICAL_DRAFT,DEFAULT_SCOPE,True,RPM_H15_M2
2015,high,수학II,함수의 극한과 연속,함수의 극한,극한의 성질,대수적 계산,RPM_VERIFIED,RPM_VERIFIED,CANONICAL_DRAFT,CANONICAL_DRAFT,DEFAULT_SCOPE,True,RPM_H15_M2
2015,high,수학II,함수의 극한과 연속,함수의 극한,극한의 성질,미정계수,RPM_VERIFIED,RPM_VERIFIED,CANONICAL_DRAFT,CANONICAL_DRAFT,DEFAULT_SCOPE,True,RPM_H15_M2
2015,high,수학II,함수의 극한과 연속,함수의 극한,무한대에서의 극한,다항·유리함수,RPM_VERIFIED,RPM_VERIFIED,CANONICAL_DRAFT,CANONICAL_DRAFT,DEFAULT_SCOPE,True,RPM_H15_M2
2015,high,수학II,함수의 극한과 연속,함수의 극한,무한대에서의 극한,그래프 해석,RPM_VERIFIED,RPM_VERIFIED,CANONICAL_DRAFT,CANONICAL_DRAFT,DEFAULT_SCOPE,True,RPM_H15_M2
2015,high,수학II,함수의 극한과 연속,함수의 연속,연속의 뜻,한 점에서의 연속,RPM_VERIFIED,RPM_VERIFIED,CANONICAL_DRAFT,CANONICAL_DRAFT,DEFAULT_SCOPE,True,RPM_H15_M2
2015,high,수학II,함수의 극한과 연속,함수의 연속,연속의 뜻,구간에서의 연속,RPM_VERIFIED,RPM_VERIFIED,CANONICAL_DRAFT,CANONICAL_DRAFT,DEFAULT_SCOPE,True,RPM_H15_M2
2015,high,수학II,함수의 극한과 연속,함수의 연속,연속 조건,미정계수,RPM_VERIFIED,RPM_VERIFIED,CANONICAL_DRAFT,CANONICAL_DRAFT,DEFAULT_SCOPE,True,RPM_H15_M2
2015,high,수학II,함수의 극한과 연속,함수의 연속,연속 조건,구간별 함수,RPM_VERIFIED,RPM_VERIFIED,CANONICAL_DRAFT,CANONICAL_DRAFT,DEFAULT_SCOPE,True,RPM_H15_M2
2015,high,수학II,함수의 극한과 연속,함수의 연속,연속함수의 성질,최대·최소 정리,RPM_VERIFIED,RPM_VERIFIED,CANONICAL_DRAFT,CANONICAL_DRAFT,DEFAULT_SCOPE,True,RPM_H15_M2
2015,high,수학II,함수의 극한과 연속,함수의 연속,연속함수의 성질,사잇값 정리,RPM_VERIFIED,RPM_VERIFIED,CANONICAL_DRAFT,CANONICAL_DRAFT,DEFAULT_SCOPE,True,RPM_H15_M2
2015,high,수학II,미분,미분계수와 도함수,미분계수,평균변화율·순간변화율,RPM_VERIFIED,RPM_VERIFIED,CANONICAL_DRAFT,CANONICAL_DRAFT,DEFAULT_SCOPE,True,RPM_H15_M2
2015,high,수학II,미분,미분계수와 도함수,미분계수,정의로 미분계수,RPM_VERIFIED,RPM_VERIFIED,CANONICAL_DRAFT,CANONICAL_DRAFT,DEFAULT_SCOPE,True,RPM_H15_M2
2015,high,수학II,미분,미분계수와 도함수,도함수,미분법,RPM_VERIFIED,RPM_VERIFIED,CANONICAL_DRAFT,CANONICAL_DRAFT,DEFAULT_SCOPE,True,RPM_H15_M2
2015,high,수학II,미분,미분계수와 도함수,도함수,도함수 계산,RPM_VERIFIED,RPM_VERIFIED,CANONICAL_DRAFT,CANONICAL_DRAFT,DEFAULT_SCOPE,True,RPM_H15_M2
2015,high,수학II,미분,미분계수와 도함수,미분가능성과 연속,미분가능 조건,RPM_VERIFIED,RPM_VERIFIED,CANONICAL_DRAFT,CANONICAL_DRAFT,DEFAULT_SCOPE,True,RPM_H15_M2
2015,high,수학II,미분,미분계수와 도함수,미분가능성과 연속,그래프에서 판정,RPM_VERIFIED,RPM_VERIFIED,CANONICAL_DRAFT,CANONICAL_DRAFT,DEFAULT_SCOPE,True,RPM_H15_M2
2015,high,수학II,미분,도함수의 활용(1),접선,접선의 방정식,RPM_VERIFIED,RPM_VERIFIED,CANONICAL_DRAFT,CANONICAL_DRAFT,DEFAULT_SCOPE,True,RPM_H15_M2
2015,high,수학II,미분,도함수의 활용(1),접선,접점 조건,RPM_VERIFIED,RPM_VERIFIED,CANONICAL_DRAFT,CANONICAL_DRAFT,DEFAULT_SCOPE,True,RPM_H15_M2
2015,high,수학II,미분,도함수의 활용(1),평균값 정리 기초,변화율,RPM_VERIFIED,RPM_VERIFIED,CANONICAL_DRAFT,CANONICAL_DRAFT,DEFAULT_SCOPE,True,RPM_H15_M2
2015,high,수학II,미분,도함수의 활용(1),평균값 정리 기초,기울기 조건,RPM_VERIFIED,RPM_VERIFIED,CANONICAL_DRAFT,CANONICAL_DRAFT,DEFAULT_SCOPE,True,RPM_H15_M2
2015,high,수학II,미분,도함수의 활용(2),증가·감소와 극값,증감표,RPM_VERIFIED,RPM_VERIFIED,CANONICAL_DRAFT,CANONICAL_DRAFT,DEFAULT_SCOPE,True,RPM_H15_M2
2015,high,수학II,미분,도함수의 활용(2),증가·감소와 극값,극대·극소,RPM_VERIFIED,RPM_VERIFIED,CANONICAL_DRAFT,CANONICAL_DRAFT,DEFAULT_SCOPE,True,RPM_H15_M2
2015,high,수학II,미분,도함수의 활용(2),최대·최소,구간 최대·최소,RPM_VERIFIED,RPM_VERIFIED,CANONICAL_DRAFT,CANONICAL_DRAFT,DEFAULT_SCOPE,True,RPM_H15_M2
2015,high,수학II,미분,도함수의 활용(2),최대·최소,도형 활용,RPM_VERIFIED,RPM_VERIFIED,CANONICAL_DRAFT,CANONICAL_DRAFT,DEFAULT_SCOPE,True,RPM_H15_M2
2015,high,수학II,미분,도함수의 활용(3),방정식과 부등식,근의 개수,RPM_VERIFIED,RPM_VERIFIED,CANONICAL_DRAFT,CANONICAL_DRAFT,DEFAULT_SCOPE,True,RPM_H15_M2
2015,high,수학II,미분,도함수의 활용(3),방정식과 부등식,부등식 증명,RPM_VERIFIED,RPM_VERIFIED,CANONICAL_DRAFT,CANONICAL_DRAFT,DEFAULT_SCOPE,True,RPM_H15_M2
2015,high,수학II,미분,도함수의 활용(3),속도와 가속도,위치·속도·가속도,RPM_VERIFIED,RPM_VERIFIED,CANONICAL_DRAFT,CANONICAL_DRAFT,DEFAULT_SCOPE,True,RPM_H15_M2
2015,high,수학II,미분,도함수의 활용(3),속도와 가속도,변화율 활용,RPM_VERIFIED,RPM_VERIFIED,CANONICAL_DRAFT,CANONICAL_DRAFT,DEFAULT_SCOPE,True,RPM_H15_M2
2015,high,수학II,적분,부정적분,부정적분의 뜻,원시함수,RPM_VERIFIED,RPM_VERIFIED,CANONICAL_DRAFT,CANONICAL_DRAFT,DEFAULT_SCOPE,True,RPM_H15_M2
2015,high,수학II,적분,부정적분,부정적분의 뜻,적분상수,RPM_VERIFIED,RPM_VERIFIED,CANONICAL_DRAFT,CANONICAL_DRAFT,DEFAULT_SCOPE,True,RPM_H15_M2
2015,high,수학II,적분,부정적분,부정적분 계산,다항함수,RPM_VERIFIED,RPM_VERIFIED,CANONICAL_DRAFT,CANONICAL_DRAFT,DEFAULT_SCOPE,True,RPM_H15_M2
2015,high,수학II,적분,부정적분,부정적분 계산,상수배·합차,RPM_VERIFIED,RPM_VERIFIED,CANONICAL_DRAFT,CANONICAL_DRAFT,DEFAULT_SCOPE,True,RPM_H15_M2
2015,high,수학II,적분,부정적분,조건을 이용한 함수 결정,초기조건,RPM_VERIFIED,RPM_VERIFIED,CANONICAL_DRAFT,CANONICAL_DRAFT,DEFAULT_SCOPE,True,RPM_H15_M2
2015,high,수학II,적분,부정적분,조건을 이용한 함수 결정,도함수에서 원함수,RPM_VERIFIED,RPM_VERIFIED,CANONICAL_DRAFT,CANONICAL_DRAFT,DEFAULT_SCOPE,True,RPM_H15_M2
2015,high,수학II,적분,정적분,정적분의 뜻,정적분 계산,RPM_VERIFIED,RPM_VERIFIED,CANONICAL_DRAFT,CANONICAL_DRAFT,DEFAULT_SCOPE,True,RPM_H15_M2
2015,high,수학II,적분,정적분,정적분의 뜻,구간 분할,RPM_VERIFIED,RPM_VERIFIED,CANONICAL_DRAFT,CANONICAL_DRAFT,DEFAULT_SCOPE,True,RPM_H15_M2
2015,high,수학II,적분,정적분,정적분의 성질,상하한 교환,RPM_VERIFIED,RPM_VERIFIED,CANONICAL_DRAFT,CANONICAL_DRAFT,DEFAULT_SCOPE,True,RPM_H15_M2
2015,high,수학II,적분,정적분,정적분의 성질,대칭성,RPM_VERIFIED,RPM_VERIFIED,CANONICAL_DRAFT,CANONICAL_DRAFT,DEFAULT_SCOPE,True,RPM_H15_M2
2015,high,수학II,적분,정적분,정적분과 함수,상한이 변수인 적분,RPM_VERIFIED,RPM_VERIFIED,CANONICAL_DRAFT,CANONICAL_DRAFT,DEFAULT_SCOPE,True,RPM_H15_M2
2015,high,수학II,적분,정적분,정적분과 함수,미분과 적분 관계,RPM_VERIFIED,RPM_VERIFIED,CANONICAL_DRAFT,CANONICAL_DRAFT,DEFAULT_SCOPE,True,RPM_H15_M2
2015,high,수학II,적분,정적분의 활용,넓이,곡선과 x축,RPM_VERIFIED,RPM_VERIFIED,CANONICAL_DRAFT,CANONICAL_DRAFT,DEFAULT_SCOPE,True,RPM_H15_M2
2015,high,수학II,적분,정적분의 활용,넓이,두 곡선 사이,RPM_VERIFIED,RPM_VERIFIED,CANONICAL_DRAFT,CANONICAL_DRAFT,DEFAULT_SCOPE,True,RPM_H15_M2
2015,high,수학II,적분,정적분의 활용,속도와 거리,속도에서 이동거리,RPM_VERIFIED,RPM_VERIFIED,CANONICAL_DRAFT,CANONICAL_DRAFT,DEFAULT_SCOPE,True,RPM_H15_M2
2015,high,수학II,적분,정적분의 활용,속도와 거리,위치 변화,RPM_VERIFIED,RPM_VERIFIED,CANONICAL_DRAFT,CANONICAL_DRAFT,DEFAULT_SCOPE,True,RPM_H15_M2
2015,high,수학II,적분,정적분의 활용,도형 활용,매개변수 넓이,RPM_VERIFIED,RPM_VERIFIED,CANONICAL_DRAFT,CANONICAL_DRAFT,DEFAULT_SCOPE,True,RPM_H15_M2
2015,high,수학II,적분,정적분의 활용,도형 활용,최대·최소,RPM_VERIFIED,RPM_VERIFIED,CANONICAL_DRAFT,CANONICAL_DRAFT,DEFAULT_SCOPE,True,RPM_H15_M2
2015,high,미적분,수열의 극한,수열의 극한,수열의 수렴과 발산,극한값,RPM_VERIFIED,RPM_VERIFIED,CANONICAL_DRAFT,CANONICAL_DRAFT,DEFAULT_SCOPE,True,RPM_H15_CALC
2015,high,미적분,수열의 극한,수열의 극한,수열의 수렴과 발산,수렴 조건,RPM_VERIFIED,RPM_VERIFIED,CANONICAL_DRAFT,CANONICAL_DRAFT,DEFAULT_SCOPE,True,RPM_H15_CALC
2015,high,미적분,수열의 극한,수열의 극한,극한의 계산,대수적 계산,RPM_VERIFIED,RPM_VERIFIED,CANONICAL_DRAFT,CANONICAL_DRAFT,DEFAULT_SCOPE,True,RPM_H15_CALC
2015,high,미적분,수열의 극한,수열의 극한,극한의 계산,샌드위치,RPM_VERIFIED,RPM_VERIFIED,CANONICAL_DRAFT,CANONICAL_DRAFT,DEFAULT_SCOPE,True,RPM_H15_CALC
2015,high,미적분,수열의 극한,수열의 극한,등비수열의 극한,공비 조건,RPM_VERIFIED,RPM_VERIFIED,CANONICAL_DRAFT,CANONICAL_DRAFT,DEFAULT_SCOPE,True,RPM_H15_CALC
2015,high,미적분,수열의 극한,수열의 극한,등비수열의 극한,무한등비수열,RPM_VERIFIED,RPM_VERIFIED,CANONICAL_DRAFT,CANONICAL_DRAFT,DEFAULT_SCOPE,True,RPM_H15_CALC
2015,high,미적분,수열의 극한,급수,급수의 수렴과 발산,부분합,RPM_VERIFIED,RPM_VERIFIED,CANONICAL_DRAFT,CANONICAL_DRAFT,DEFAULT_SCOPE,True,RPM_H15_CALC
2015,high,미적분,수열의 극한,급수,급수의 수렴과 발산,수렴 조건,RPM_VERIFIED,RPM_VERIFIED,CANONICAL_DRAFT,CANONICAL_DRAFT,DEFAULT_SCOPE,True,RPM_H15_CALC
2015,high,미적분,수열의 극한,급수,등비급수,무한등비급수,RPM_VERIFIED,RPM_VERIFIED,CANONICAL_DRAFT,CANONICAL_DRAFT,DEFAULT_SCOPE,True,RPM_H15_CALC
2015,high,미적분,수열의 극한,급수,등비급수,활용,RPM_VERIFIED,RPM_VERIFIED,CANONICAL_DRAFT,CANONICAL_DRAFT,DEFAULT_SCOPE,True,RPM_H15_CALC
2015,high,미적분,수열의 극한,급수,급수의 성질,급수 계산,RPM_VERIFIED,RPM_VERIFIED,CANONICAL_DRAFT,CANONICAL_DRAFT,DEFAULT_SCOPE,True,RPM_H15_CALC
2015,high,미적분,수열의 극한,급수,급수의 성질,수렴성 판정,RPM_VERIFIED,RPM_VERIFIED,CANONICAL_DRAFT,CANONICAL_DRAFT,DEFAULT_SCOPE,True,RPM_H15_CALC
2015,high,미적분,미분법,지수함수와 로그함수의 미분,지수함수의 미분,e^x형,RPM_VERIFIED,RPM_VERIFIED,CANONICAL_DRAFT,CANONICAL_DRAFT,DEFAULT_SCOPE,True,RPM_H15_CALC
2015,high,미적분,미분법,지수함수와 로그함수의 미분,지수함수의 미분,합성함수,RPM_VERIFIED,RPM_VERIFIED,CANONICAL_DRAFT,CANONICAL_DRAFT,DEFAULT_SCOPE,True,RPM_H15_CALC
2015,high,미적분,미분법,지수함수와 로그함수의 미분,로그함수의 미분,ln x형,RPM_VERIFIED,RPM_VERIFIED,CANONICAL_DRAFT,CANONICAL_DRAFT,DEFAULT_SCOPE,True,RPM_H15_CALC
2015,high,미적분,미분법,지수함수와 로그함수의 미분,로그함수의 미분,합성함수,RPM_VERIFIED,RPM_VERIFIED,CANONICAL_DRAFT,CANONICAL_DRAFT,DEFAULT_SCOPE,True,RPM_H15_CALC
2015,high,미적분,미분법,지수함수와 로그함수의 미분,로그미분법,곱·몫·거듭제곱형,RPM_VERIFIED,RPM_VERIFIED,CANONICAL_DRAFT,CANONICAL_DRAFT,DEFAULT_SCOPE,True,RPM_H15_CALC
2015,high,미적분,미분법,지수함수와 로그함수의 미분,로그미분법,복합함수,RPM_VERIFIED,RPM_VERIFIED,CANONICAL_DRAFT,CANONICAL_DRAFT,DEFAULT_SCOPE,True,RPM_H15_CALC
2015,high,미적분,미분법,삼각함수의 미분,sin·cos의 미분,기본 미분,RPM_VERIFIED,RPM_VERIFIED,CANONICAL_DRAFT,CANONICAL_DRAFT,DEFAULT_SCOPE,True,RPM_H15_CALC
2015,high,미적분,미분법,삼각함수의 미분,sin·cos의 미분,합성함수,RPM_VERIFIED,RPM_VERIFIED,CANONICAL_DRAFT,CANONICAL_DRAFT,DEFAULT_SCOPE,True,RPM_H15_CALC
2015,high,미적분,미분법,삼각함수의 미분,tan 및 관련 함수의 미분,tan 미분,RPM_VERIFIED,RPM_VERIFIED,CANONICAL_DRAFT,CANONICAL_DRAFT,DEFAULT_SCOPE,True,RPM_H15_CALC
2015,high,미적분,미분법,삼각함수의 미분,tan 및 관련 함수의 미분,복합 삼각함수,RPM_VERIFIED,RPM_VERIFIED,CANONICAL_DRAFT,CANONICAL_DRAFT,DEFAULT_SCOPE,True,RPM_H15_CALC
2015,high,미적분,미분법,여러 가지 미분법,함수의 몫과 합성,몫의 미분,RPM_VERIFIED,RPM_VERIFIED,CANONICAL_DRAFT,CANONICAL_DRAFT,DEFAULT_SCOPE,True,RPM_H15_CALC
2015,high,미적분,미분법,여러 가지 미분법,함수의 몫과 합성,합성함수의 미분,RPM_VERIFIED,RPM_VERIFIED,CANONICAL_DRAFT,CANONICAL_DRAFT,DEFAULT_SCOPE,True,RPM_H15_CALC
2015,high,미적분,미분법,여러 가지 미분법,매개변수·음함수,매개변수 미분,RPM_VERIFIED,RPM_VERIFIED,CANONICAL_DRAFT,CANONICAL_DRAFT,DEFAULT_SCOPE,True,RPM_H15_CALC
2015,high,미적분,미분법,여러 가지 미분법,매개변수·음함수,음함수 미분,RPM_VERIFIED,RPM_VERIFIED,CANONICAL_DRAFT,CANONICAL_DRAFT,DEFAULT_SCOPE,True,RPM_H15_CALC
2015,high,미적분,미분법,여러 가지 미분법,역함수의 미분,역함수 미분,RPM_VERIFIED,RPM_VERIFIED,CANONICAL_DRAFT,CANONICAL_DRAFT,DEFAULT_SCOPE,True,RPM_H15_CALC
2015,high,미적분,미분법,도함수의 활용,접선,접선의 방정식,RPM_VERIFIED,RPM_VERIFIED,CANONICAL_DRAFT,CANONICAL_DRAFT,DEFAULT_SCOPE,True,RPM_H15_CALC
2015,high,미적분,미분법,도함수의 활용,접선,두 곡선의 접선,RPM_VERIFIED,RPM_VERIFIED,CANONICAL_DRAFT,CANONICAL_DRAFT,DEFAULT_SCOPE,True,RPM_H15_CALC
2015,high,미적분,미분법,도함수의 활용,증가·감소와 극값,증감표,RPM_VERIFIED,RPM_VERIFIED,CANONICAL_DRAFT,CANONICAL_DRAFT,DEFAULT_SCOPE,True,RPM_H15_CALC
2015,high,미적분,미분법,도함수의 활용,증가·감소와 극값,극대·극소,RPM_VERIFIED,RPM_VERIFIED,CANONICAL_DRAFT,CANONICAL_DRAFT,DEFAULT_SCOPE,True,RPM_H15_CALC
2015,high,미적분,미분법,도함수의 활용,최대·최소,구간 최대·최소,RPM_VERIFIED,RPM_VERIFIED,CANONICAL_DRAFT,CANONICAL_DRAFT,DEFAULT_SCOPE,True,RPM_H15_CALC
2015,high,미적분,미분법,도함수의 활용,최대·최소,활용,RPM_VERIFIED,RPM_VERIFIED,CANONICAL_DRAFT,CANONICAL_DRAFT,DEFAULT_SCOPE,True,RPM_H15_CALC
2015,high,미적분,미분법,도함수의 활용,방정식·부등식,근의 개수,RPM_VERIFIED,RPM_VERIFIED,CANONICAL_DRAFT,CANONICAL_DRAFT,DEFAULT_SCOPE,True,RPM_H15_CALC
2015,high,미적분,미분법,도함수의 활용,방정식·부등식,함수 비교,RPM_VERIFIED,RPM_VERIFIED,CANONICAL_DRAFT,CANONICAL_DRAFT,DEFAULT_SCOPE,True,RPM_H15_CALC
2015,high,미적분,미분법,도함수의 활용,속도와 가속도,위치·속도,RPM_VERIFIED,RPM_VERIFIED,CANONICAL_DRAFT,CANONICAL_DRAFT,DEFAULT_SCOPE,True,RPM_H15_CALC
2015,high,미적분,미분법,도함수의 활용,속도와 가속도,변화율,RPM_VERIFIED,RPM_VERIFIED,CANONICAL_DRAFT,CANONICAL_DRAFT,DEFAULT_SCOPE,True,RPM_H15_CALC
2015,high,미적분,적분법,여러 가지 적분법,여러 함수의 부정적분,지수·로그함수,RPM_VERIFIED,RPM_VERIFIED,CANONICAL_DRAFT,CANONICAL_DRAFT,DEFAULT_SCOPE,True,RPM_H15_CALC
2015,high,미적분,적분법,여러 가지 적분법,여러 함수의 부정적분,삼각함수,RPM_VERIFIED,RPM_VERIFIED,CANONICAL_DRAFT,CANONICAL_DRAFT,DEFAULT_SCOPE,True,RPM_H15_CALC
2015,high,미적분,적분법,여러 가지 적분법,치환적분,치환 설정,RPM_VERIFIED,RPM_VERIFIED,CANONICAL_DRAFT,CANONICAL_DRAFT,DEFAULT_SCOPE,True,RPM_H15_CALC
2015,high,미적분,적분법,여러 가지 적분법,치환적분,정적분 치환,RPM_VERIFIED,RPM_VERIFIED,CANONICAL_DRAFT,CANONICAL_DRAFT,DEFAULT_SCOPE,True,RPM_H15_CALC
2015,high,미적분,적분법,여러 가지 적분법,부분적분,부분적분 공식,RPM_VERIFIED,RPM_VERIFIED,CANONICAL_DRAFT,CANONICAL_DRAFT,DEFAULT_SCOPE,True,RPM_H15_CALC
2015,high,미적분,적분법,여러 가지 적분법,부분적분,반복 부분적분,RPM_VERIFIED,RPM_VERIFIED,CANONICAL_DRAFT,CANONICAL_DRAFT,DEFAULT_SCOPE,True,RPM_H15_CALC
2015,high,미적분,적분법,정적분,정적분의 뜻,정적분 계산,RPM_VERIFIED,RPM_VERIFIED,CANONICAL_DRAFT,CANONICAL_DRAFT,DEFAULT_SCOPE,True,RPM_H15_CALC
2015,high,미적분,적분법,정적분,정적분의 뜻,구간 분할,RPM_VERIFIED,RPM_VERIFIED,CANONICAL_DRAFT,CANONICAL_DRAFT,DEFAULT_SCOPE,True,RPM_H15_CALC
2015,high,미적분,적분법,정적분,정적분의 성질,상하한 교환,RPM_VERIFIED,RPM_VERIFIED,CANONICAL_DRAFT,CANONICAL_DRAFT,DEFAULT_SCOPE,True,RPM_H15_CALC
2015,high,미적분,적분법,정적분,정적분의 성질,대칭성,RPM_VERIFIED,RPM_VERIFIED,CANONICAL_DRAFT,CANONICAL_DRAFT,DEFAULT_SCOPE,True,RPM_H15_CALC
2015,high,미적분,적분법,정적분,정적분과 함수,상한이 변수인 적분,RPM_VERIFIED,RPM_VERIFIED,CANONICAL_DRAFT,CANONICAL_DRAFT,DEFAULT_SCOPE,True,RPM_H15_CALC
2015,high,미적분,적분법,정적분,정적분과 함수,미분과 적분 관계,RPM_VERIFIED,RPM_VERIFIED,CANONICAL_DRAFT,CANONICAL_DRAFT,DEFAULT_SCOPE,True,RPM_H15_CALC
2015,high,미적분,적분법,정적분의 활용,넓이,곡선과 x축,RPM_VERIFIED,RPM_VERIFIED,CANONICAL_DRAFT,CANONICAL_DRAFT,DEFAULT_SCOPE,True,RPM_H15_CALC
2015,high,미적분,적분법,정적분의 활용,넓이,두 곡선 사이,RPM_VERIFIED,RPM_VERIFIED,CANONICAL_DRAFT,CANONICAL_DRAFT,DEFAULT_SCOPE,True,RPM_H15_CALC
2015,high,미적분,적분법,정적분의 활용,속도와 거리,속도에서 이동거리,RPM_VERIFIED,RPM_VERIFIED,CANONICAL_DRAFT,CANONICAL_DRAFT,DEFAULT_SCOPE,True,RPM_H15_CALC
2015,high,미적분,적분법,정적분의 활용,속도와 거리,위치 변화,RPM_VERIFIED,RPM_VERIFIED,CANONICAL_DRAFT,CANONICAL_DRAFT,DEFAULT_SCOPE,True,RPM_H15_CALC
2015,high,미적분,적분법,정적분의 활용,도형 활용,매개변수 넓이,RPM_VERIFIED,RPM_VERIFIED,CANONICAL_DRAFT,CANONICAL_DRAFT,DEFAULT_SCOPE,True,RPM_H15_CALC
2015,high,미적분,적분법,정적분의 활용,도형 활용,최대·최소,RPM_VERIFIED,RPM_VERIFIED,CANONICAL_DRAFT,CANONICAL_DRAFT,DEFAULT_SCOPE,True,RPM_H15_CALC
2015,high,확률과통계,경우의 수,순열과 조합,순열,일렬 배열,RPM_VERIFIED,RPM_VERIFIED,CANONICAL_DRAFT,CANONICAL_DRAFT,DEFAULT_SCOPE,True,RPM_H15_PS
2015,high,확률과통계,경우의 수,순열과 조합,순열,중복·원순열,RPM_VERIFIED,RPM_VERIFIED,CANONICAL_DRAFT,CANONICAL_DRAFT,DEFAULT_SCOPE,True,RPM_H15_PS
2015,high,확률과통계,경우의 수,순열과 조합,조합,선택,RPM_VERIFIED,RPM_VERIFIED,CANONICAL_DRAFT,CANONICAL_DRAFT,DEFAULT_SCOPE,True,RPM_H15_PS
2015,high,확률과통계,경우의 수,순열과 조합,조합,분할·분배,RPM_VERIFIED,RPM_VERIFIED,CANONICAL_DRAFT,CANONICAL_DRAFT,DEFAULT_SCOPE,True,RPM_H15_PS
2015,high,확률과통계,경우의 수,순열과 조합,중복조합,중복을 허용한 선택,RPM_VERIFIED,RPM_VERIFIED,CANONICAL_DRAFT,CANONICAL_DRAFT,DEFAULT_SCOPE,True,RPM_H15_PS
2015,high,확률과통계,경우의 수,순열과 조합,중복조합,정수해 개수,RPM_VERIFIED,RPM_VERIFIED,CANONICAL_DRAFT,CANONICAL_DRAFT,DEFAULT_SCOPE,True,RPM_H15_PS
2015,high,확률과통계,경우의 수,이항정리,이항정리,전개식의 항,RPM_VERIFIED,RPM_VERIFIED,CANONICAL_DRAFT,CANONICAL_DRAFT,DEFAULT_SCOPE,True,RPM_H15_PS
2015,high,확률과통계,경우의 수,이항정리,이항정리,특정 항의 계수,RPM_VERIFIED,RPM_VERIFIED,CANONICAL_DRAFT,CANONICAL_DRAFT,DEFAULT_SCOPE,True,RPM_H15_PS
2015,high,확률과통계,경우의 수,이항정리,이항계수,이항계수의 성질,RPM_VERIFIED,RPM_VERIFIED,CANONICAL_DRAFT,CANONICAL_DRAFT,DEFAULT_SCOPE,True,RPM_H15_PS
2015,high,확률과통계,경우의 수,이항정리,이항계수,조합 항등식,RPM_VERIFIED,RPM_VERIFIED,CANONICAL_DRAFT,CANONICAL_DRAFT,DEFAULT_SCOPE,True,RPM_H15_PS
2015,high,확률과통계,확률,확률의 뜻과 활용,확률의 기본,표본공간과 사건,RPM_VERIFIED,RPM_VERIFIED,CANONICAL_DRAFT,CANONICAL_DRAFT,DEFAULT_SCOPE,True,RPM_H15_PS
2015,high,확률과통계,확률,확률의 뜻과 활용,확률의 기본,확률 계산,RPM_VERIFIED,RPM_VERIFIED,CANONICAL_DRAFT,CANONICAL_DRAFT,DEFAULT_SCOPE,True,RPM_H15_PS
2015,high,확률과통계,확률,확률의 뜻과 활용,확률의 덧셈정리,배반사건,RPM_VERIFIED,RPM_VERIFIED,CANONICAL_DRAFT,CANONICAL_DRAFT,DEFAULT_SCOPE,True,RPM_H15_PS
2015,high,확률과통계,확률,확률의 뜻과 활용,확률의 덧셈정리,여사건,RPM_VERIFIED,RPM_VERIFIED,CANONICAL_DRAFT,CANONICAL_DRAFT,DEFAULT_SCOPE,True,RPM_H15_PS
2015,high,확률과통계,확률,조건부확률,조건부확률,조건부확률 계산,RPM_VERIFIED,RPM_VERIFIED,CANONICAL_DRAFT,CANONICAL_DRAFT,DEFAULT_SCOPE,True,RPM_H15_PS
2015,high,확률과통계,확률,조건부확률,사건의 독립,독립 판정,RPM_VERIFIED,RPM_VERIFIED,CANONICAL_DRAFT,CANONICAL_DRAFT,DEFAULT_SCOPE,True,RPM_H15_PS
2015,high,확률과통계,확률,조건부확률,사건의 독립,독립사건의 확률,RPM_VERIFIED,RPM_VERIFIED,CANONICAL_DRAFT,CANONICAL_DRAFT,DEFAULT_SCOPE,True,RPM_H15_PS
2015,high,확률과통계,확률,조건부확률,독립시행,이항형 시행,RPM_VERIFIED,RPM_VERIFIED,CANONICAL_DRAFT,CANONICAL_DRAFT,DEFAULT_SCOPE,True,RPM_H15_PS
2015,high,확률과통계,확률,조건부확률,독립시행,반복 시행의 확률,RPM_VERIFIED,RPM_VERIFIED,CANONICAL_DRAFT,CANONICAL_DRAFT,DEFAULT_SCOPE,True,RPM_H15_PS
2015,high,확률과통계,통계,확률분포,확률변수와 확률분포,이산확률변수,RPM_VERIFIED,RPM_VERIFIED,CANONICAL_DRAFT,CANONICAL_DRAFT,DEFAULT_SCOPE,True,RPM_H15_PS
2015,high,확률과통계,통계,확률분포,확률변수와 확률분포,확률질량함수,RPM_VERIFIED,RPM_VERIFIED,CANONICAL_DRAFT,CANONICAL_DRAFT,DEFAULT_SCOPE,True,RPM_H15_PS
2015,high,확률과통계,통계,확률분포,기댓값과 분산,기댓값,RPM_VERIFIED,RPM_VERIFIED,CANONICAL_DRAFT,CANONICAL_DRAFT,DEFAULT_SCOPE,True,RPM_H15_PS
2015,high,확률과통계,통계,확률분포,기댓값과 분산,분산·표준편차,RPM_VERIFIED,RPM_VERIFIED,CANONICAL_DRAFT,CANONICAL_DRAFT,DEFAULT_SCOPE,True,RPM_H15_PS
2015,high,확률과통계,통계,확률분포,이항분포,이항분포의 확률,RPM_VERIFIED,RPM_VERIFIED,CANONICAL_DRAFT,CANONICAL_DRAFT,DEFAULT_SCOPE,True,RPM_H15_PS
2015,high,확률과통계,통계,확률분포,이항분포,평균·분산,RPM_VERIFIED,RPM_VERIFIED,CANONICAL_DRAFT,CANONICAL_DRAFT,DEFAULT_SCOPE,True,RPM_H15_PS
2015,high,확률과통계,통계,확률분포,정규분포,표준정규분포,RPM_VERIFIED,RPM_VERIFIED,CANONICAL_DRAFT,CANONICAL_DRAFT,DEFAULT_SCOPE,True,RPM_H15_PS
2015,high,확률과통계,통계,확률분포,정규분포,정규분포 확률,RPM_VERIFIED,RPM_VERIFIED,CANONICAL_DRAFT,CANONICAL_DRAFT,DEFAULT_SCOPE,True,RPM_H15_PS
2015,high,확률과통계,통계,통계적 추정,모집단과 표본,표본평균,RPM_VERIFIED,RPM_VERIFIED,CANONICAL_DRAFT,CANONICAL_DRAFT,DEFAULT_SCOPE,True,RPM_H15_PS
2015,high,확률과통계,통계,통계적 추정,모집단과 표본,표본분포,RPM_VERIFIED,RPM_VERIFIED,CANONICAL_DRAFT,CANONICAL_DRAFT,DEFAULT_SCOPE,True,RPM_H15_PS
2015,high,확률과통계,통계,통계적 추정,모평균 추정,신뢰구간,RPM_VERIFIED,RPM_VERIFIED,CANONICAL_DRAFT,CANONICAL_DRAFT,DEFAULT_SCOPE,True,RPM_H15_PS
2015,high,확률과통계,통계,통계적 추정,모평균 추정,표본크기,RPM_VERIFIED,RPM_VERIFIED,CANONICAL_DRAFT,CANONICAL_DRAFT,DEFAULT_SCOPE,True,RPM_H15_PS
2015,high,기하,이차곡선,이차곡선,포물선,정의와 방정식,RPM_VERIFIED,RPM_VERIFIED,CANONICAL_DRAFT,CANONICAL_DRAFT,DEFAULT_SCOPE,True,RPM_H15_GEO
2015,high,기하,이차곡선,이차곡선,포물선,초점·준선,RPM_VERIFIED,RPM_VERIFIED,CANONICAL_DRAFT,CANONICAL_DRAFT,DEFAULT_SCOPE,True,RPM_H15_GEO
2015,high,기하,이차곡선,이차곡선,타원,정의와 방정식,RPM_VERIFIED,RPM_VERIFIED,CANONICAL_DRAFT,CANONICAL_DRAFT,DEFAULT_SCOPE,True,RPM_H15_GEO
2015,high,기하,이차곡선,이차곡선,타원,초점·장축·단축,RPM_VERIFIED,RPM_VERIFIED,CANONICAL_DRAFT,CANONICAL_DRAFT,DEFAULT_SCOPE,True,RPM_H15_GEO
2015,high,기하,이차곡선,이차곡선,쌍곡선,정의와 방정식,RPM_VERIFIED,RPM_VERIFIED,CANONICAL_DRAFT,CANONICAL_DRAFT,DEFAULT_SCOPE,True,RPM_H15_GEO
2015,high,기하,이차곡선,이차곡선,쌍곡선,점근선,RPM_VERIFIED,RPM_VERIFIED,CANONICAL_DRAFT,CANONICAL_DRAFT,DEFAULT_SCOPE,True,RPM_H15_GEO
2015,high,기하,이차곡선,이차곡선,이차곡선의 이동,평행이동,RPM_VERIFIED,RPM_VERIFIED,CANONICAL_DRAFT,CANONICAL_DRAFT,DEFAULT_SCOPE,True,RPM_H15_GEO
2015,high,기하,이차곡선,이차곡선,이차곡선의 이동,조건으로 방정식,RPM_VERIFIED,RPM_VERIFIED,CANONICAL_DRAFT,CANONICAL_DRAFT,DEFAULT_SCOPE,True,RPM_H15_GEO
2015,high,기하,이차곡선,이차곡선과 직선,이차곡선과 직선의 위치 관계,교점의 개수,RPM_VERIFIED,RPM_VERIFIED,CANONICAL_DRAFT,CANONICAL_DRAFT,DEFAULT_SCOPE,True,RPM_H15_GEO
2015,high,기하,이차곡선,이차곡선과 직선,이차곡선과 직선의 위치 관계,판별식과 위치 관계,RPM_VERIFIED,RPM_VERIFIED,CANONICAL_DRAFT,CANONICAL_DRAFT,DEFAULT_SCOPE,True,RPM_H15_GEO
2015,high,기하,이차곡선,이차곡선과 직선,이차곡선의 접선,접점이 주어진 접선,RPM_VERIFIED,RPM_VERIFIED,CANONICAL_DRAFT,CANONICAL_DRAFT,DEFAULT_SCOPE,True,RPM_H15_GEO
2015,high,기하,이차곡선,이차곡선과 직선,이차곡선의 접선,기울기·조건이 주어진 접선,RPM_VERIFIED,RPM_VERIFIED,CANONICAL_DRAFT,CANONICAL_DRAFT,DEFAULT_SCOPE,True,RPM_H15_GEO
2015,high,기하,이차곡선,이차곡선과 직선,직선과 이차곡선의 활용,접선 조건으로 미지수 결정,RPM_VERIFIED,RPM_VERIFIED,CANONICAL_DRAFT,CANONICAL_DRAFT,DEFAULT_SCOPE,True,RPM_H15_GEO
2015,high,기하,이차곡선,이차곡선과 직선,직선과 이차곡선의 활용,거리·넓이 결합,RPM_VERIFIED,RPM_VERIFIED,CANONICAL_DRAFT,CANONICAL_DRAFT,DEFAULT_SCOPE,True,RPM_H15_GEO
2015,high,기하,평면벡터,벡터의 연산,벡터의 뜻,벡터와 스칼라,RPM_VERIFIED,RPM_VERIFIED,CANONICAL_DRAFT,CANONICAL_DRAFT,DEFAULT_SCOPE,True,RPM_H15_GEO
2015,high,기하,평면벡터,벡터의 연산,벡터의 뜻,같은 벡터,RPM_VERIFIED,RPM_VERIFIED,CANONICAL_DRAFT,CANONICAL_DRAFT,DEFAULT_SCOPE,True,RPM_H15_GEO
2015,high,기하,평면벡터,벡터의 연산,벡터의 덧셈과 뺄셈,삼각형법,RPM_VERIFIED,RPM_VERIFIED,CANONICAL_DRAFT,CANONICAL_DRAFT,DEFAULT_SCOPE,True,RPM_H15_GEO
2015,high,기하,평면벡터,벡터의 연산,벡터의 덧셈과 뺄셈,위치벡터,RPM_VERIFIED,RPM_VERIFIED,CANONICAL_DRAFT,CANONICAL_DRAFT,DEFAULT_SCOPE,True,RPM_H15_GEO
2015,high,기하,평면벡터,벡터의 연산,벡터의 실수배,평행 조건,RPM_VERIFIED,RPM_VERIFIED,CANONICAL_DRAFT,CANONICAL_DRAFT,DEFAULT_SCOPE,True,RPM_H15_GEO
2015,high,기하,평면벡터,벡터의 연산,벡터의 실수배,내분·외분,RPM_VERIFIED,RPM_VERIFIED,CANONICAL_DRAFT,CANONICAL_DRAFT,DEFAULT_SCOPE,True,RPM_H15_GEO
2015,high,기하,평면벡터,평면벡터의 성분과 내적,벡터의 성분,성분 계산,RPM_VERIFIED,RPM_VERIFIED,CANONICAL_DRAFT,CANONICAL_DRAFT,DEFAULT_SCOPE,True,RPM_H15_GEO
2015,high,기하,평면벡터,평면벡터의 성분과 내적,벡터의 성분,크기,RPM_VERIFIED,RPM_VERIFIED,CANONICAL_DRAFT,CANONICAL_DRAFT,DEFAULT_SCOPE,True,RPM_H15_GEO
2015,high,기하,평면벡터,평면벡터의 성분과 내적,내적,내적 계산,RPM_VERIFIED,RPM_VERIFIED,CANONICAL_DRAFT,CANONICAL_DRAFT,DEFAULT_SCOPE,True,RPM_H15_GEO
2015,high,기하,평면벡터,평면벡터의 성분과 내적,내적,두 벡터의 각,RPM_VERIFIED,RPM_VERIFIED,CANONICAL_DRAFT,CANONICAL_DRAFT,DEFAULT_SCOPE,True,RPM_H15_GEO
2015,high,기하,평면벡터,평면벡터의 성분과 내적,도형에의 활용,수직·평행,RPM_VERIFIED,RPM_VERIFIED,CANONICAL_DRAFT,CANONICAL_DRAFT,DEFAULT_SCOPE,True,RPM_H15_GEO
2015,high,기하,평면벡터,평면벡터의 성분과 내적,도형에의 활용,거리·넓이,RPM_VERIFIED,RPM_VERIFIED,CANONICAL_DRAFT,CANONICAL_DRAFT,DEFAULT_SCOPE,True,RPM_H15_GEO
2015,high,기하,공간도형과 공간좌표,공간도형,직선과 평면,평행·수직,RPM_VERIFIED,RPM_VERIFIED,CANONICAL_DRAFT,CANONICAL_DRAFT,DEFAULT_SCOPE,True,RPM_H15_GEO
2015,high,기하,공간도형과 공간좌표,공간도형,직선과 평면,정사영,RPM_VERIFIED,RPM_VERIFIED,CANONICAL_DRAFT,CANONICAL_DRAFT,DEFAULT_SCOPE,True,RPM_H15_GEO
2015,high,기하,공간도형과 공간좌표,공간도형,삼수선 정리,거리·각,RPM_VERIFIED,RPM_VERIFIED,CANONICAL_DRAFT,CANONICAL_DRAFT,DEFAULT_SCOPE,True,RPM_H15_GEO
2015,high,기하,공간도형과 공간좌표,공간도형,삼수선 정리,정사영 활용,RPM_VERIFIED,RPM_VERIFIED,CANONICAL_DRAFT,CANONICAL_DRAFT,DEFAULT_SCOPE,True,RPM_H15_GEO
2015,high,기하,공간도형과 공간좌표,공간도형,이면각,이면각,RPM_VERIFIED,RPM_VERIFIED,CANONICAL_DRAFT,CANONICAL_DRAFT,DEFAULT_SCOPE,True,RPM_H15_GEO
2015,high,기하,공간도형과 공간좌표,공간도형,이면각,공간에서의 각,RPM_VERIFIED,RPM_VERIFIED,CANONICAL_DRAFT,CANONICAL_DRAFT,DEFAULT_SCOPE,True,RPM_H15_GEO
2015,high,기하,공간도형과 공간좌표,공간좌표,공간의 좌표,점의 좌표,RPM_VERIFIED,RPM_VERIFIED,CANONICAL_DRAFT,CANONICAL_DRAFT,DEFAULT_SCOPE,True,RPM_H15_GEO
2015,high,기하,공간도형과 공간좌표,공간좌표,공간의 좌표,두 점 사이 거리,RPM_VERIFIED,RPM_VERIFIED,CANONICAL_DRAFT,CANONICAL_DRAFT,DEFAULT_SCOPE,True,RPM_H15_GEO
2015,high,기하,공간도형과 공간좌표,공간좌표,분점과 중점,내분점·외분점,RPM_VERIFIED,RPM_VERIFIED,CANONICAL_DRAFT,CANONICAL_DRAFT,DEFAULT_SCOPE,True,RPM_H15_GEO
2015,high,기하,공간도형과 공간좌표,공간좌표,분점과 중점,무게중심,RPM_VERIFIED,RPM_VERIFIED,CANONICAL_DRAFT,CANONICAL_DRAFT,DEFAULT_SCOPE,True,RPM_H15_GEO
2015,high,기하,공간도형과 공간좌표,공간좌표,구의 방정식,중심·반지름,RPM_VERIFIED,RPM_VERIFIED,CANONICAL_DRAFT,CANONICAL_DRAFT,DEFAULT_SCOPE,True,RPM_H15_GEO
2015,high,기하,공간도형과 공간좌표,공간좌표,구의 방정식,구와 좌표조건,RPM_VERIFIED,RPM_VERIFIED,CANONICAL_DRAFT,CANONICAL_DRAFT,DEFAULT_SCOPE,True,RPM_H15_GEO
2022,high,공통수학1,다항식,다항식의 연산,다항식의 덧셈과 뺄셈,차수·계수 정리,RPM_VERIFIED,RPM_VERIFIED,CANONICAL_DRAFT,CANONICAL_DRAFT,DEFAULT_SCOPE,True,RPM_H22_C1
2022,high,공통수학1,다항식,다항식의 연산,다항식의 덧셈과 뺄셈,다항식의 덧셈·뺄셈,RPM_VERIFIED,RPM_VERIFIED,CANONICAL_DRAFT,CANONICAL_DRAFT,DEFAULT_SCOPE,True,RPM_H22_C1
2022,high,공통수학1,다항식,다항식의 연산,다항식의 곱셈,곱셈공식,RPM_VERIFIED,RPM_VERIFIED,CANONICAL_DRAFT,CANONICAL_DRAFT,DEFAULT_SCOPE,True,RPM_H22_C1
2022,high,공통수학1,다항식,다항식의 연산,다항식의 곱셈,고차식 전개,RPM_VERIFIED,RPM_VERIFIED,CANONICAL_DRAFT,CANONICAL_DRAFT,DEFAULT_SCOPE,True,RPM_H22_C1
2022,high,공통수학1,다항식,다항식의 연산,다항식의 나눗셈,다항식을 일차식으로 나누기,RPM_VERIFIED,RPM_VERIFIED,CANONICAL_DRAFT,CANONICAL_DRAFT,DEFAULT_SCOPE,True,RPM_H22_C1
2022,high,공통수학1,다항식,다항식의 연산,다항식의 나눗셈,몫과 나머지,RPM_VERIFIED,RPM_VERIFIED,CANONICAL_DRAFT,CANONICAL_DRAFT,DEFAULT_SCOPE,True,RPM_H22_C1
2022,high,공통수학1,다항식,항등식과 나머지정리,항등식,미정계수법,RPM_VERIFIED,RPM_VERIFIED,CANONICAL_DRAFT,CANONICAL_DRAFT,DEFAULT_SCOPE,True,RPM_H22_C1
2022,high,공통수학1,다항식,항등식과 나머지정리,항등식,수치대입법,RPM_VERIFIED,RPM_VERIFIED,CANONICAL_DRAFT,CANONICAL_DRAFT,DEFAULT_SCOPE,True,RPM_H22_C1
2022,high,공통수학1,다항식,항등식과 나머지정리,나머지정리,일차식으로 나눈 나머지,RPM_VERIFIED,RPM_VERIFIED,CANONICAL_DRAFT,CANONICAL_DRAFT,DEFAULT_SCOPE,True,RPM_H22_C1
2022,high,공통수학1,다항식,항등식과 나머지정리,나머지정리,고차식 조건,RPM_VERIFIED,RPM_VERIFIED,CANONICAL_DRAFT,CANONICAL_DRAFT,DEFAULT_SCOPE,True,RPM_H22_C1
2022,high,공통수학1,다항식,항등식과 나머지정리,인수정리,인수 판정,RPM_VERIFIED,RPM_VERIFIED,CANONICAL_DRAFT,CANONICAL_DRAFT,DEFAULT_SCOPE,True,RPM_H22_C1
2022,high,공통수학1,다항식,항등식과 나머지정리,인수정리,미정계수 결정,RPM_VERIFIED,RPM_VERIFIED,CANONICAL_DRAFT,CANONICAL_DRAFT,DEFAULT_SCOPE,True,RPM_H22_C1
2022,high,공통수학1,다항식,인수분해,공통인수,공통인수 묶기,RPM_VERIFIED,RPM_VERIFIED,CANONICAL_DRAFT,CANONICAL_DRAFT,DEFAULT_SCOPE,True,RPM_H22_C1
2022,high,공통수학1,다항식,인수분해,공통인수,단계적 인수분해,RPM_VERIFIED,RPM_VERIFIED,CANONICAL_DRAFT,CANONICAL_DRAFT,DEFAULT_SCOPE,True,RPM_H22_C1
2022,high,공통수학1,다항식,인수분해,인수분해 공식,제곱식,RPM_VERIFIED,RPM_VERIFIED,CANONICAL_DRAFT,CANONICAL_DRAFT,DEFAULT_SCOPE,True,RPM_H22_C1
2022,high,공통수학1,다항식,인수분해,인수분해 공식,합과 차,RPM_VERIFIED,RPM_VERIFIED,CANONICAL_DRAFT,CANONICAL_DRAFT,DEFAULT_SCOPE,True,RPM_H22_C1
2022,high,공통수학1,다항식,인수분해,인수분해 공식,이차식,RPM_VERIFIED,RPM_VERIFIED,CANONICAL_DRAFT,CANONICAL_DRAFT,DEFAULT_SCOPE,True,RPM_H22_C1
2022,high,공통수학1,다항식,인수분해,인수분해의 활용,수의 계산,RPM_VERIFIED,RPM_VERIFIED,CANONICAL_DRAFT,CANONICAL_DRAFT,DEFAULT_SCOPE,True,RPM_H22_C1
2022,high,공통수학1,다항식,인수분해,인수분해의 활용,식의 값,RPM_VERIFIED,RPM_VERIFIED,CANONICAL_DRAFT,CANONICAL_DRAFT,DEFAULT_SCOPE,True,RPM_H22_C1
2022,high,공통수학1,다항식,인수분해,인수분해의 활용,조건식,RPM_VERIFIED,RPM_VERIFIED,CANONICAL_DRAFT,CANONICAL_DRAFT,DEFAULT_SCOPE,True,RPM_H22_C1
2022,high,공통수학1,방정식과 부등식,복소수,복소수의 뜻,실수부·허수부,RPM_VERIFIED,RPM_VERIFIED,CANONICAL_DRAFT,CANONICAL_DRAFT,DEFAULT_SCOPE,True,RPM_H22_C1
2022,high,공통수학1,방정식과 부등식,복소수,복소수의 뜻,서로 같은 복소수,RPM_VERIFIED,RPM_VERIFIED,CANONICAL_DRAFT,CANONICAL_DRAFT,DEFAULT_SCOPE,True,RPM_H22_C1
2022,high,공통수학1,방정식과 부등식,복소수,복소수의 연산,사칙연산,RPM_VERIFIED,RPM_VERIFIED,CANONICAL_DRAFT,CANONICAL_DRAFT,DEFAULT_SCOPE,True,RPM_H22_C1
2022,high,공통수학1,방정식과 부등식,복소수,복소수의 연산,켤레복소수,RPM_VERIFIED,RPM_VERIFIED,CANONICAL_DRAFT,CANONICAL_DRAFT,DEFAULT_SCOPE,True,RPM_H22_C1
2022,high,공통수학1,방정식과 부등식,복소수,i의 거듭제곱,주기성,RPM_VERIFIED,RPM_VERIFIED,CANONICAL_DRAFT,CANONICAL_DRAFT,DEFAULT_SCOPE,True,RPM_H22_C1
2022,high,공통수학1,방정식과 부등식,복소수,i의 거듭제곱,복소수 조건,RPM_VERIFIED,RPM_VERIFIED,CANONICAL_DRAFT,CANONICAL_DRAFT,DEFAULT_SCOPE,True,RPM_H22_C1
2022,high,공통수학1,방정식과 부등식,이차방정식,이차방정식의 근,인수분해·근의 공식,RPM_VERIFIED,RPM_VERIFIED,CANONICAL_DRAFT,CANONICAL_DRAFT,DEFAULT_SCOPE,True,RPM_H22_C1
2022,high,공통수학1,방정식과 부등식,이차방정식,이차방정식의 근,판별식,RPM_VERIFIED,RPM_VERIFIED,CANONICAL_DRAFT,CANONICAL_DRAFT,DEFAULT_SCOPE,True,RPM_H22_C1
2022,high,공통수학1,방정식과 부등식,이차방정식,근과 계수의 관계,근의 합·곱,RPM_VERIFIED,RPM_VERIFIED,CANONICAL_DRAFT,CANONICAL_DRAFT,DEFAULT_SCOPE,True,RPM_H22_C1
2022,high,공통수학1,방정식과 부등식,이차방정식,근과 계수의 관계,근으로 방정식 구성,RPM_VERIFIED,RPM_VERIFIED,CANONICAL_DRAFT,CANONICAL_DRAFT,DEFAULT_SCOPE,True,RPM_H22_C1
2022,high,공통수학1,방정식과 부등식,이차방정식,복소수 근,허근,RPM_VERIFIED,RPM_VERIFIED,CANONICAL_DRAFT,CANONICAL_DRAFT,DEFAULT_SCOPE,True,RPM_H22_C1
2022,high,공통수학1,방정식과 부등식,이차방정식,복소수 근,계수 조건,RPM_VERIFIED,RPM_VERIFIED,CANONICAL_DRAFT,CANONICAL_DRAFT,DEFAULT_SCOPE,True,RPM_H22_C1
2022,high,공통수학1,방정식과 부등식,이차방정식과 이차함수,그래프와 근,x축과의 교점,RPM_VERIFIED,RPM_VERIFIED,CANONICAL_DRAFT,CANONICAL_DRAFT,DEFAULT_SCOPE,True,RPM_H22_C1
2022,high,공통수학1,방정식과 부등식,이차방정식과 이차함수,그래프와 근,판별식과 위치,RPM_VERIFIED,RPM_VERIFIED,CANONICAL_DRAFT,CANONICAL_DRAFT,DEFAULT_SCOPE,True,RPM_H22_C1
2022,high,공통수학1,방정식과 부등식,이차방정식과 이차함수,직선과 포물선,교점 개수,RPM_VERIFIED,RPM_VERIFIED,CANONICAL_DRAFT,CANONICAL_DRAFT,DEFAULT_SCOPE,True,RPM_H22_C1
2022,high,공통수학1,방정식과 부등식,이차방정식과 이차함수,직선과 포물선,접선 조건,RPM_VERIFIED,RPM_VERIFIED,CANONICAL_DRAFT,CANONICAL_DRAFT,DEFAULT_SCOPE,True,RPM_H22_C1
2022,high,공통수학1,방정식과 부등식,이차방정식과 이차함수,최대·최소,구간 최대·최소,RPM_VERIFIED,RPM_VERIFIED,CANONICAL_DRAFT,CANONICAL_DRAFT,DEFAULT_SCOPE,True,RPM_H22_C1
2022,high,공통수학1,방정식과 부등식,이차방정식과 이차함수,최대·최소,조건식 활용,RPM_VERIFIED,RPM_VERIFIED,CANONICAL_DRAFT,CANONICAL_DRAFT,DEFAULT_SCOPE,True,RPM_H22_C1
2022,high,공통수학1,방정식과 부등식,여러 가지 방정식,삼차·사차방정식,인수분해형,RPM_VERIFIED,RPM_VERIFIED,CANONICAL_DRAFT,CANONICAL_DRAFT,DEFAULT_SCOPE,True,RPM_H22_C1
2022,high,공통수학1,방정식과 부등식,여러 가지 방정식,삼차·사차방정식,치환형,RPM_VERIFIED,RPM_VERIFIED,CANONICAL_DRAFT,CANONICAL_DRAFT,DEFAULT_SCOPE,True,RPM_H22_C1
2022,high,공통수학1,방정식과 부등식,여러 가지 방정식,연립방정식,이차식이 포함된 연립방정식,RPM_VERIFIED,RPM_VERIFIED,CANONICAL_DRAFT,CANONICAL_DRAFT,DEFAULT_SCOPE,True,RPM_H22_C1
2022,high,공통수학1,방정식과 부등식,여러 가지 방정식,연립방정식,대칭식 활용,RPM_VERIFIED,RPM_VERIFIED,CANONICAL_DRAFT,CANONICAL_DRAFT,DEFAULT_SCOPE,True,RPM_H22_C1
2022,high,공통수학1,방정식과 부등식,여러 가지 방정식,방정식의 활용,근의 조건,RPM_VERIFIED,RPM_VERIFIED,CANONICAL_DRAFT,CANONICAL_DRAFT,DEFAULT_SCOPE,True,RPM_H22_C1
2022,high,공통수학1,방정식과 부등식,여러 가지 방정식,방정식의 활용,도형·함수 결합,RPM_VERIFIED,RPM_VERIFIED,CANONICAL_DRAFT,CANONICAL_DRAFT,DEFAULT_SCOPE,True,RPM_H22_C1
2022,high,공통수학1,방정식과 부등식,여러 가지 부등식,연립일차부등식,해의 범위,RPM_VERIFIED,RPM_VERIFIED,CANONICAL_DRAFT,CANONICAL_DRAFT,DEFAULT_SCOPE,True,RPM_H22_C1
2022,high,공통수학1,방정식과 부등식,여러 가지 부등식,연립일차부등식,정수해,RPM_VERIFIED,RPM_VERIFIED,CANONICAL_DRAFT,CANONICAL_DRAFT,DEFAULT_SCOPE,True,RPM_H22_C1
2022,high,공통수학1,방정식과 부등식,여러 가지 부등식,이차부등식,그래프를 이용한 해,RPM_VERIFIED,RPM_VERIFIED,CANONICAL_DRAFT,CANONICAL_DRAFT,DEFAULT_SCOPE,True,RPM_H22_C1
2022,high,공통수학1,방정식과 부등식,여러 가지 부등식,이차부등식,근의 위치와 해,RPM_VERIFIED,RPM_VERIFIED,CANONICAL_DRAFT,CANONICAL_DRAFT,DEFAULT_SCOPE,True,RPM_H22_C1
2022,high,공통수학1,방정식과 부등식,여러 가지 부등식,절대부등식,산술·기하평균,RPM_VERIFIED,RPM_VERIFIED,CANONICAL_DRAFT,CANONICAL_DRAFT,DEFAULT_SCOPE,True,RPM_H22_C1
2022,high,공통수학1,방정식과 부등식,여러 가지 부등식,절대부등식,코시형 기본,RPM_VERIFIED,RPM_VERIFIED,CANONICAL_DRAFT,CANONICAL_DRAFT,DEFAULT_SCOPE,True,RPM_H22_C1
2022,high,공통수학1,방정식과 부등식,여러 가지 부등식,부등식의 활용,최대·최소,RPM_VERIFIED,RPM_VERIFIED,CANONICAL_DRAFT,CANONICAL_DRAFT,DEFAULT_SCOPE,True,RPM_H22_C1
2022,high,공통수학1,방정식과 부등식,여러 가지 부등식,부등식의 활용,계수 조건,RPM_VERIFIED,RPM_VERIFIED,CANONICAL_DRAFT,CANONICAL_DRAFT,DEFAULT_SCOPE,True,RPM_H22_C1
2022,high,공통수학1,경우의 수,경우의 수와 순열,합·곱의 법칙,경우를 나누어 세기,RPM_VERIFIED,RPM_VERIFIED,CANONICAL_DRAFT,CANONICAL_DRAFT,DEFAULT_SCOPE,True,RPM_H22_C1
2022,high,공통수학1,경우의 수,경우의 수와 순열,합·곱의 법칙,단계별 선택,RPM_VERIFIED,RPM_VERIFIED,CANONICAL_DRAFT,CANONICAL_DRAFT,DEFAULT_SCOPE,True,RPM_H22_C1
2022,high,공통수학1,경우의 수,경우의 수와 순열,순열,일렬 배열,RPM_VERIFIED,RPM_VERIFIED,CANONICAL_DRAFT,CANONICAL_DRAFT,DEFAULT_SCOPE,True,RPM_H22_C1
2022,high,공통수학1,경우의 수,경우의 수와 순열,순열,특정 조건 배열,RPM_VERIFIED,RPM_VERIFIED,CANONICAL_DRAFT,CANONICAL_DRAFT,DEFAULT_SCOPE,True,RPM_H22_C1
2022,high,공통수학1,경우의 수,경우의 수와 순열,중복·원순열 기초,같은 것이 있는 배열,RPM_VERIFIED,RPM_VERIFIED,CANONICAL_DRAFT,CANONICAL_DRAFT,DEFAULT_SCOPE,True,RPM_H22_C1
2022,high,공통수학1,경우의 수,경우의 수와 순열,중복·원순열 기초,원형 배열,RPM_VERIFIED,RPM_VERIFIED,CANONICAL_DRAFT,CANONICAL_DRAFT,DEFAULT_SCOPE,True,RPM_H22_C1
2022,high,공통수학1,경우의 수,조합,조합의 뜻과 계산,조합 계산,RPM_VERIFIED,RPM_VERIFIED,CANONICAL_DRAFT,CANONICAL_DRAFT,DEFAULT_SCOPE,True,RPM_H22_C1
2022,high,공통수학1,경우의 수,조합,조합의 뜻과 계산,순열과 조합 구별,RPM_VERIFIED,RPM_VERIFIED,CANONICAL_DRAFT,CANONICAL_DRAFT,DEFAULT_SCOPE,True,RPM_H22_C1
2022,high,공통수학1,경우의 수,조합,조합의 활용,선택 조건,RPM_VERIFIED,RPM_VERIFIED,CANONICAL_DRAFT,CANONICAL_DRAFT,DEFAULT_SCOPE,True,RPM_H22_C1
2022,high,공통수학1,경우의 수,조합,조합의 활용,도형에서의 선택,RPM_VERIFIED,RPM_VERIFIED,CANONICAL_DRAFT,CANONICAL_DRAFT,DEFAULT_SCOPE,True,RPM_H22_C1
2022,high,공통수학1,경우의 수,조합,분할·분배,선택 후 배치,RPM_VERIFIED,RPM_VERIFIED,CANONICAL_DRAFT,CANONICAL_DRAFT,DEFAULT_SCOPE,True,RPM_H22_C1
2022,high,공통수학1,경우의 수,조합,분할·분배,조합을 이용한 경우의 수,RPM_VERIFIED,RPM_VERIFIED,CANONICAL_DRAFT,CANONICAL_DRAFT,DEFAULT_SCOPE,True,RPM_H22_C1
2022,high,공통수학1,행렬,행렬,행렬의 뜻,행·열·성분,RPM_VERIFIED,RPM_VERIFIED,CANONICAL_DRAFT,CANONICAL_DRAFT,DEFAULT_SCOPE,True,RPM_H22_C1
2022,high,공통수학1,행렬,행렬,행렬의 뜻,같은 행렬,RPM_VERIFIED,RPM_VERIFIED,CANONICAL_DRAFT,CANONICAL_DRAFT,DEFAULT_SCOPE,True,RPM_H22_C1
2022,high,공통수학1,행렬,행렬,행렬의 연산,덧셈·뺄셈·실수배,RPM_VERIFIED,RPM_VERIFIED,CANONICAL_DRAFT,CANONICAL_DRAFT,DEFAULT_SCOPE,True,RPM_H22_C1
2022,high,공통수학1,행렬,행렬,행렬의 연산,행렬의 곱셈,RPM_VERIFIED,RPM_VERIFIED,CANONICAL_DRAFT,CANONICAL_DRAFT,DEFAULT_SCOPE,True,RPM_H22_C1
2022,high,공통수학1,행렬,행렬,행렬의 성질,곱셈의 성질,RPM_VERIFIED,RPM_VERIFIED,CANONICAL_DRAFT,CANONICAL_DRAFT,DEFAULT_SCOPE,True,RPM_H22_C1
2022,high,공통수학1,행렬,행렬,행렬의 성질,조건을 만족하는 행렬,RPM_VERIFIED,RPM_VERIFIED,CANONICAL_DRAFT,CANONICAL_DRAFT,DEFAULT_SCOPE,True,RPM_H22_C1
2022,high,공통수학2,도형의 방정식,평면좌표,두 점 사이의 거리,거리 공식,RPM_VERIFIED,RPM_VERIFIED,CANONICAL_DRAFT,CANONICAL_DRAFT,DEFAULT_SCOPE,True,RPM_H22_C2
2022,high,공통수학2,도형의 방정식,평면좌표,두 점 사이의 거리,도형의 변 길이,RPM_VERIFIED,RPM_VERIFIED,CANONICAL_DRAFT,CANONICAL_DRAFT,DEFAULT_SCOPE,True,RPM_H22_C2
2022,high,공통수학2,도형의 방정식,평면좌표,선분의 내분·외분,내분점,RPM_VERIFIED,RPM_VERIFIED,CANONICAL_DRAFT,CANONICAL_DRAFT,DEFAULT_SCOPE,True,RPM_H22_C2
2022,high,공통수학2,도형의 방정식,평면좌표,선분의 내분·외분,외분점,RPM_VERIFIED,RPM_VERIFIED,CANONICAL_DRAFT,CANONICAL_DRAFT,RPM_EXTENDED_CANDIDATE,False,RPM_H22_C2
2022,high,공통수학2,도형의 방정식,평면좌표,삼각형의 무게중심,좌표로 무게중심,RPM_VERIFIED,RPM_VERIFIED,CANONICAL_DRAFT,CANONICAL_DRAFT,DEFAULT_SCOPE,True,RPM_H22_C2
2022,high,공통수학2,도형의 방정식,평면좌표,삼각형의 무게중심,좌표 도형 활용,RPM_VERIFIED,RPM_VERIFIED,CANONICAL_DRAFT,CANONICAL_DRAFT,DEFAULT_SCOPE,True,RPM_H22_C2
2022,high,공통수학2,도형의 방정식,직선의 방정식,직선의 방정식,한 점과 기울기,RPM_VERIFIED,RPM_VERIFIED,CANONICAL_DRAFT,CANONICAL_DRAFT,DEFAULT_SCOPE,True,RPM_H22_C2
2022,high,공통수학2,도형의 방정식,직선의 방정식,직선의 방정식,두 점을 지나는 직선,RPM_VERIFIED,RPM_VERIFIED,CANONICAL_DRAFT,CANONICAL_DRAFT,DEFAULT_SCOPE,True,RPM_H22_C2
2022,high,공통수학2,도형의 방정식,직선의 방정식,두 직선의 위치 관계,평행,RPM_VERIFIED,RPM_VERIFIED,CANONICAL_DRAFT,CANONICAL_DRAFT,DEFAULT_SCOPE,True,RPM_H22_C2
2022,high,공통수학2,도형의 방정식,직선의 방정식,두 직선의 위치 관계,수직,RPM_VERIFIED,RPM_VERIFIED,CANONICAL_DRAFT,CANONICAL_DRAFT,DEFAULT_SCOPE,True,RPM_H22_C2
2022,high,공통수학2,도형의 방정식,직선의 방정식,두 직선의 위치 관계,교점,RPM_VERIFIED,RPM_VERIFIED,CANONICAL_DRAFT,CANONICAL_DRAFT,DEFAULT_SCOPE,True,RPM_H22_C2
2022,high,공통수학2,도형의 방정식,직선의 방정식,점과 직선 사이의 거리,거리 공식,RPM_VERIFIED,RPM_VERIFIED,CANONICAL_DRAFT,CANONICAL_DRAFT,DEFAULT_SCOPE,True,RPM_H22_C2
2022,high,공통수학2,도형의 방정식,직선의 방정식,점과 직선 사이의 거리,도형의 넓이·최소거리,RPM_VERIFIED,RPM_VERIFIED,CANONICAL_DRAFT,CANONICAL_DRAFT,DEFAULT_SCOPE,True,RPM_H22_C2
2022,high,공통수학2,도형의 방정식,원의 방정식,원의 방정식,중심과 반지름,RPM_VERIFIED,RPM_VERIFIED,CANONICAL_DRAFT,CANONICAL_DRAFT,DEFAULT_SCOPE,True,RPM_H22_C2
2022,high,공통수학2,도형의 방정식,원의 방정식,원의 방정식,일반형에서 원 찾기,RPM_VERIFIED,RPM_VERIFIED,CANONICAL_DRAFT,CANONICAL_DRAFT,DEFAULT_SCOPE,True,RPM_H22_C2
2022,high,공통수학2,도형의 방정식,원의 방정식,원과 직선,교점 개수,RPM_VERIFIED,RPM_VERIFIED,CANONICAL_DRAFT,CANONICAL_DRAFT,DEFAULT_SCOPE,True,RPM_H22_C2
2022,high,공통수학2,도형의 방정식,원의 방정식,원과 직선,현의 길이,RPM_VERIFIED,RPM_VERIFIED,CANONICAL_DRAFT,CANONICAL_DRAFT,DEFAULT_SCOPE,True,RPM_H22_C2
2022,high,공통수학2,도형의 방정식,원의 방정식,원의 접선,접점이 주어진 접선,RPM_VERIFIED,RPM_VERIFIED,CANONICAL_DRAFT,CANONICAL_DRAFT,DEFAULT_SCOPE,True,RPM_H22_C2
2022,high,공통수학2,도형의 방정식,원의 방정식,원의 접선,기울기가 주어진 접선,RPM_VERIFIED,RPM_VERIFIED,CANONICAL_DRAFT,CANONICAL_DRAFT,DEFAULT_SCOPE,True,RPM_H22_C2
2022,high,공통수학2,도형의 방정식,원의 방정식,두 원,두 원의 위치 관계,RPM_VERIFIED,RPM_VERIFIED,CANONICAL_DRAFT,CANONICAL_DRAFT,DEFAULT_SCOPE,True,RPM_H22_C2
2022,high,공통수학2,도형의 방정식,원의 방정식,두 원,공통현·공통접선 조건,RPM_VERIFIED,RPM_VERIFIED,CANONICAL_DRAFT,CANONICAL_DRAFT,DEFAULT_SCOPE,True,RPM_H22_C2
2022,high,공통수학2,도형의 방정식,도형의 이동,평행이동,점·직선의 이동,RPM_VERIFIED,RPM_VERIFIED,CANONICAL_DRAFT,CANONICAL_DRAFT,DEFAULT_SCOPE,True,RPM_H22_C2
2022,high,공통수학2,도형의 방정식,도형의 이동,평행이동,원의 이동,RPM_VERIFIED,RPM_VERIFIED,CANONICAL_DRAFT,CANONICAL_DRAFT,DEFAULT_SCOPE,True,RPM_H22_C2
2022,high,공통수학2,도형의 방정식,도형의 이동,대칭이동,x축·y축·원점 대칭,RPM_VERIFIED,RPM_VERIFIED,CANONICAL_DRAFT,CANONICAL_DRAFT,DEFAULT_SCOPE,True,RPM_H22_C2
2022,high,공통수학2,도형의 방정식,도형의 이동,대칭이동,직선에 대한 대칭,RPM_VERIFIED,RPM_VERIFIED,CANONICAL_DRAFT,CANONICAL_DRAFT,DEFAULT_SCOPE,True,RPM_H22_C2
2022,high,공통수학2,도형의 방정식,도형의 이동,이동의 합성,연속 이동,RPM_VERIFIED,RPM_VERIFIED,CANONICAL_DRAFT,CANONICAL_DRAFT,DEFAULT_SCOPE,True,RPM_H22_C2
2022,high,공통수학2,도형의 방정식,도형의 이동,이동의 합성,조건으로 원래 도형 찾기,RPM_VERIFIED,RPM_VERIFIED,CANONICAL_DRAFT,CANONICAL_DRAFT,DEFAULT_SCOPE,True,RPM_H22_C2
2022,high,공통수학2,집합과 명제,집합의 뜻과 포함 관계,집합과 원소,원소나열법·조건제시법,RPM_VERIFIED,RPM_VERIFIED,CANONICAL_DRAFT,CANONICAL_DRAFT,DEFAULT_SCOPE,True,RPM_H22_C2
2022,high,공통수학2,집합과 명제,집합의 뜻과 포함 관계,집합과 원소,유한집합 원소 개수,RPM_VERIFIED,RPM_VERIFIED,CANONICAL_DRAFT,CANONICAL_DRAFT,DEFAULT_SCOPE,True,RPM_H22_C2
2022,high,공통수학2,집합과 명제,집합의 뜻과 포함 관계,부분집합,부분집합 판정,RPM_VERIFIED,RPM_VERIFIED,CANONICAL_DRAFT,CANONICAL_DRAFT,DEFAULT_SCOPE,True,RPM_H22_C2
2022,high,공통수학2,집합과 명제,집합의 뜻과 포함 관계,부분집합,부분집합의 개수,RPM_VERIFIED,RPM_VERIFIED,CANONICAL_DRAFT,CANONICAL_DRAFT,DEFAULT_SCOPE,True,RPM_H22_C2
2022,high,공통수학2,집합과 명제,집합의 뜻과 포함 관계,집합의 포함 관계,두 집합의 포함,RPM_VERIFIED,RPM_VERIFIED,CANONICAL_DRAFT,CANONICAL_DRAFT,DEFAULT_SCOPE,True,RPM_H22_C2
2022,high,공통수학2,집합과 명제,집합의 뜻과 포함 관계,집합의 포함 관계,매개변수 조건,RPM_VERIFIED,RPM_VERIFIED,CANONICAL_DRAFT,CANONICAL_DRAFT,DEFAULT_SCOPE,True,RPM_H22_C2
2022,high,공통수학2,집합과 명제,집합의 연산,교집합과 합집합,집합 연산,RPM_VERIFIED,RPM_VERIFIED,CANONICAL_DRAFT,CANONICAL_DRAFT,DEFAULT_SCOPE,True,RPM_H22_C2
2022,high,공통수학2,집합과 명제,집합의 연산,교집합과 합집합,원소 개수,RPM_VERIFIED,RPM_VERIFIED,CANONICAL_DRAFT,CANONICAL_DRAFT,DEFAULT_SCOPE,True,RPM_H22_C2
2022,high,공통수학2,집합과 명제,집합의 연산,여집합과 차집합,여집합,RPM_VERIFIED,RPM_VERIFIED,CANONICAL_DRAFT,CANONICAL_DRAFT,DEFAULT_SCOPE,True,RPM_H22_C2
2022,high,공통수학2,집합과 명제,집합의 연산,여집합과 차집합,차집합,RPM_VERIFIED,RPM_VERIFIED,CANONICAL_DRAFT,CANONICAL_DRAFT,DEFAULT_SCOPE,True,RPM_H22_C2
2022,high,공통수학2,집합과 명제,집합의 연산,집합의 연산법칙,드모르간 법칙,RPM_VERIFIED,RPM_VERIFIED,CANONICAL_DRAFT,CANONICAL_DRAFT,DEFAULT_SCOPE,True,RPM_H22_C2
2022,high,공통수학2,집합과 명제,집합의 연산,집합의 연산법칙,복합 연산,RPM_VERIFIED,RPM_VERIFIED,CANONICAL_DRAFT,CANONICAL_DRAFT,DEFAULT_SCOPE,True,RPM_H22_C2
2022,high,공통수학2,집합과 명제,명제,명제와 조건,진리집합,RPM_VERIFIED,RPM_VERIFIED,CANONICAL_DRAFT,CANONICAL_DRAFT,DEFAULT_SCOPE,True,RPM_H22_C2
2022,high,공통수학2,집합과 명제,명제,명제와 조건,명제의 참·거짓,RPM_VERIFIED,RPM_VERIFIED,CANONICAL_DRAFT,CANONICAL_DRAFT,DEFAULT_SCOPE,True,RPM_H22_C2
2022,high,공통수학2,집합과 명제,명제,역·이·대우,대우를 이용한 증명,RPM_VERIFIED,RPM_VERIFIED,CANONICAL_DRAFT,CANONICAL_DRAFT,DEFAULT_SCOPE,True,RPM_H22_C2
2022,high,공통수학2,집합과 명제,명제,역·이·대우,명제 변환,RPM_VERIFIED,RPM_VERIFIED,CANONICAL_DRAFT,CANONICAL_DRAFT,DEFAULT_SCOPE,True,RPM_H22_C2
2022,high,공통수학2,집합과 명제,명제,필요조건·충분조건,조건 관계,RPM_VERIFIED,RPM_VERIFIED,CANONICAL_DRAFT,CANONICAL_DRAFT,DEFAULT_SCOPE,True,RPM_H22_C2
2022,high,공통수학2,집합과 명제,명제,필요조건·충분조건,매개변수,RPM_VERIFIED,RPM_VERIFIED,CANONICAL_DRAFT,CANONICAL_DRAFT,DEFAULT_SCOPE,True,RPM_H22_C2
2022,high,공통수학2,집합과 명제,명제,증명,귀류법,RPM_VERIFIED,RPM_VERIFIED,CANONICAL_DRAFT,CANONICAL_DRAFT,DEFAULT_SCOPE,True,RPM_H22_C2
2022,high,공통수학2,집합과 명제,명제,증명,절대부등식 증명,RPM_VERIFIED,RPM_VERIFIED,CANONICAL_DRAFT,CANONICAL_DRAFT,DEFAULT_SCOPE,True,RPM_H22_C2
2022,high,공통수학2,함수,함수,함수의 뜻,대응과 함수,RPM_VERIFIED,RPM_VERIFIED,CANONICAL_DRAFT,CANONICAL_DRAFT,DEFAULT_SCOPE,True,RPM_H22_C2
2022,high,공통수학2,함수,함수,함수의 뜻,정의역·공역·치역,RPM_VERIFIED,RPM_VERIFIED,CANONICAL_DRAFT,CANONICAL_DRAFT,DEFAULT_SCOPE,True,RPM_H22_C2
2022,high,공통수학2,함수,함수,합성함수,합성함수 계산,RPM_VERIFIED,RPM_VERIFIED,CANONICAL_DRAFT,CANONICAL_DRAFT,DEFAULT_SCOPE,True,RPM_H22_C2
2022,high,공통수학2,함수,함수,합성함수,정의역 조건,RPM_VERIFIED,RPM_VERIFIED,CANONICAL_DRAFT,CANONICAL_DRAFT,DEFAULT_SCOPE,True,RPM_H22_C2
2022,high,공통수학2,함수,함수,역함수,역함수 구하기,RPM_VERIFIED,RPM_VERIFIED,CANONICAL_DRAFT,CANONICAL_DRAFT,DEFAULT_SCOPE,True,RPM_H22_C2
2022,high,공통수학2,함수,함수,역함수,그래프 대칭,RPM_VERIFIED,RPM_VERIFIED,CANONICAL_DRAFT,CANONICAL_DRAFT,DEFAULT_SCOPE,True,RPM_H22_C2
2022,high,공통수학2,함수,함수,함수의 성질,일대일함수,RPM_VERIFIED,RPM_VERIFIED,CANONICAL_DRAFT,CANONICAL_DRAFT,DEFAULT_SCOPE,True,RPM_H22_C2
2022,high,공통수학2,함수,함수,함수의 성질,항등함수·상수함수,RPM_VERIFIED,RPM_VERIFIED,CANONICAL_DRAFT,CANONICAL_DRAFT,DEFAULT_SCOPE,True,RPM_H22_C2
2022,high,공통수학2,함수,유리함수,유리함수의 그래프,기본 그래프,RPM_VERIFIED,RPM_VERIFIED,CANONICAL_DRAFT,CANONICAL_DRAFT,DEFAULT_SCOPE,True,RPM_H22_C2
2022,high,공통수학2,함수,유리함수,유리함수의 그래프,평행이동,RPM_VERIFIED,RPM_VERIFIED,CANONICAL_DRAFT,CANONICAL_DRAFT,DEFAULT_SCOPE,True,RPM_H22_C2
2022,high,공통수학2,함수,유리함수,점근선과 위치,점근선,RPM_VERIFIED,RPM_VERIFIED,CANONICAL_DRAFT,CANONICAL_DRAFT,DEFAULT_SCOPE,True,RPM_H22_C2
2022,high,공통수학2,함수,유리함수,점근선과 위치,그래프의 사분면,RPM_VERIFIED,RPM_VERIFIED,CANONICAL_DRAFT,CANONICAL_DRAFT,DEFAULT_SCOPE,True,RPM_H22_C2
2022,high,공통수학2,함수,유리함수,유리함수의 활용,식 결정,RPM_VERIFIED,RPM_VERIFIED,CANONICAL_DRAFT,CANONICAL_DRAFT,DEFAULT_SCOPE,True,RPM_H22_C2
2022,high,공통수학2,함수,유리함수,유리함수의 활용,유리함수의 최대·최소,RPM_VERIFIED,RPM_VERIFIED,CANONICAL_DRAFT,CANONICAL_DRAFT,DEFAULT_SCOPE,True,RPM_H22_C2
2022,high,공통수학2,함수,유리함수,유리함수의 활용,유리함수와 그래프의 교점,RPM_VERIFIED,RPM_VERIFIED,CANONICAL_DRAFT,CANONICAL_DRAFT,DEFAULT_SCOPE,True,RPM_H22_C2
2022,high,공통수학2,함수,무리함수,무리함수의 그래프,기본 그래프,RPM_VERIFIED,RPM_VERIFIED,CANONICAL_DRAFT,CANONICAL_DRAFT,DEFAULT_SCOPE,True,RPM_H22_C2
2022,high,공통수학2,함수,무리함수,무리함수의 그래프,평행이동,RPM_VERIFIED,RPM_VERIFIED,CANONICAL_DRAFT,CANONICAL_DRAFT,DEFAULT_SCOPE,True,RPM_H22_C2
2022,high,공통수학2,함수,무리함수,정의역과 치역,정의역 조건,RPM_VERIFIED,RPM_VERIFIED,CANONICAL_DRAFT,CANONICAL_DRAFT,DEFAULT_SCOPE,True,RPM_H22_C2
2022,high,공통수학2,함수,무리함수,정의역과 치역,그래프 위치,RPM_VERIFIED,RPM_VERIFIED,CANONICAL_DRAFT,CANONICAL_DRAFT,DEFAULT_SCOPE,True,RPM_H22_C2
2022,high,공통수학2,함수,무리함수,무리함수의 활용,식 결정,RPM_VERIFIED,RPM_VERIFIED,CANONICAL_DRAFT,CANONICAL_DRAFT,DEFAULT_SCOPE,True,RPM_H22_C2
2022,high,공통수학2,함수,무리함수,무리함수의 활용,무리함수의 역함수,RPM_VERIFIED,RPM_VERIFIED,CANONICAL_DRAFT,CANONICAL_DRAFT,DEFAULT_SCOPE,True,RPM_H22_C2
2022,high,공통수학2,함수,무리함수,무리함수의 활용,무리함수의 교점,RPM_VERIFIED,RPM_VERIFIED,CANONICAL_DRAFT,CANONICAL_DRAFT,DEFAULT_SCOPE,True,RPM_H22_C2
2022,high,대수,지수함수와 로그함수,지수,거듭제곱근,n제곱근,RPM_VERIFIED,RPM_VERIFIED,CANONICAL_DRAFT,CANONICAL_DRAFT,DEFAULT_SCOPE,True,RPM_H22_ALG
2022,high,대수,지수함수와 로그함수,지수,거듭제곱근,실수 조건,RPM_VERIFIED,RPM_VERIFIED,CANONICAL_DRAFT,CANONICAL_DRAFT,DEFAULT_SCOPE,True,RPM_H22_ALG
2022,high,대수,지수함수와 로그함수,지수,지수의 확장,유리수 지수,RPM_VERIFIED,RPM_VERIFIED,CANONICAL_DRAFT,CANONICAL_DRAFT,DEFAULT_SCOPE,True,RPM_H22_ALG
2022,high,대수,지수함수와 로그함수,지수,지수의 확장,실수 지수,RPM_VERIFIED,RPM_VERIFIED,CANONICAL_DRAFT,CANONICAL_DRAFT,DEFAULT_SCOPE,True,RPM_H22_ALG
2022,high,대수,지수함수와 로그함수,지수,지수법칙,지수식 계산,RPM_VERIFIED,RPM_VERIFIED,CANONICAL_DRAFT,CANONICAL_DRAFT,DEFAULT_SCOPE,True,RPM_H22_ALG
2022,high,대수,지수함수와 로그함수,지수,지수법칙,조건식,RPM_VERIFIED,RPM_VERIFIED,CANONICAL_DRAFT,CANONICAL_DRAFT,DEFAULT_SCOPE,True,RPM_H22_ALG
2022,high,대수,지수함수와 로그함수,로그,로그의 뜻,로그와 지수 관계,RPM_VERIFIED,RPM_VERIFIED,CANONICAL_DRAFT,CANONICAL_DRAFT,DEFAULT_SCOPE,True,RPM_H22_ALG
2022,high,대수,지수함수와 로그함수,로그,로그의 뜻,밑과 진수 조건,RPM_VERIFIED,RPM_VERIFIED,CANONICAL_DRAFT,CANONICAL_DRAFT,DEFAULT_SCOPE,True,RPM_H22_ALG
2022,high,대수,지수함수와 로그함수,로그,로그의 성질,곱·몫·거듭제곱,RPM_VERIFIED,RPM_VERIFIED,CANONICAL_DRAFT,CANONICAL_DRAFT,DEFAULT_SCOPE,True,RPM_H22_ALG
2022,high,대수,지수함수와 로그함수,로그,로그의 성질,밑의 변환,RPM_VERIFIED,RPM_VERIFIED,CANONICAL_DRAFT,CANONICAL_DRAFT,DEFAULT_SCOPE,True,RPM_H22_ALG
2022,high,대수,지수함수와 로그함수,로그,상용로그,상용로그표·자릿수,RPM_VERIFIED,RPM_VERIFIED,CANONICAL_DRAFT,CANONICAL_DRAFT,DEFAULT_SCOPE,True,RPM_H22_ALG
2022,high,대수,지수함수와 로그함수,로그,상용로그,소수점 위치,RPM_VERIFIED,RPM_VERIFIED,CANONICAL_DRAFT,CANONICAL_DRAFT,DEFAULT_SCOPE,True,RPM_H22_ALG
2022,high,대수,지수함수와 로그함수,지수함수,지수함수의 그래프,증가·감소,RPM_VERIFIED,RPM_VERIFIED,CANONICAL_DRAFT,CANONICAL_DRAFT,DEFAULT_SCOPE,True,RPM_H22_ALG
2022,high,대수,지수함수와 로그함수,지수함수,지수함수의 그래프,평행이동,RPM_VERIFIED,RPM_VERIFIED,CANONICAL_DRAFT,CANONICAL_DRAFT,DEFAULT_SCOPE,True,RPM_H22_ALG
2022,high,대수,지수함수와 로그함수,지수함수,지수방정식,밑 통일,RPM_VERIFIED,RPM_VERIFIED,CANONICAL_DRAFT,CANONICAL_DRAFT,DEFAULT_SCOPE,True,RPM_H22_ALG
2022,high,대수,지수함수와 로그함수,지수함수,지수방정식,치환,RPM_VERIFIED,RPM_VERIFIED,CANONICAL_DRAFT,CANONICAL_DRAFT,DEFAULT_SCOPE,True,RPM_H22_ALG
2022,high,대수,지수함수와 로그함수,지수함수,지수부등식,밑의 범위에 따른 부등호,RPM_VERIFIED,RPM_VERIFIED,CANONICAL_DRAFT,CANONICAL_DRAFT,DEFAULT_SCOPE,True,RPM_H22_ALG
2022,high,대수,지수함수와 로그함수,지수함수,지수부등식,치환,RPM_VERIFIED,RPM_VERIFIED,CANONICAL_DRAFT,CANONICAL_DRAFT,DEFAULT_SCOPE,True,RPM_H22_ALG
2022,high,대수,지수함수와 로그함수,지수함수,지수함수의 활용,최대·최소,RPM_VERIFIED,RPM_VERIFIED,CANONICAL_DRAFT,CANONICAL_DRAFT,DEFAULT_SCOPE,True,RPM_H22_ALG
2022,high,대수,지수함수와 로그함수,지수함수,지수함수의 활용,그래프 교점,RPM_VERIFIED,RPM_VERIFIED,CANONICAL_DRAFT,CANONICAL_DRAFT,DEFAULT_SCOPE,True,RPM_H22_ALG
2022,high,대수,지수함수와 로그함수,로그함수,로그함수의 그래프,증가·감소,RPM_VERIFIED,RPM_VERIFIED,CANONICAL_DRAFT,CANONICAL_DRAFT,DEFAULT_SCOPE,True,RPM_H22_ALG
2022,high,대수,지수함수와 로그함수,로그함수,로그함수의 그래프,평행이동,RPM_VERIFIED,RPM_VERIFIED,CANONICAL_DRAFT,CANONICAL_DRAFT,DEFAULT_SCOPE,True,RPM_H22_ALG
2022,high,대수,지수함수와 로그함수,로그함수,로그방정식,진수 조건,RPM_VERIFIED,RPM_VERIFIED,CANONICAL_DRAFT,CANONICAL_DRAFT,DEFAULT_SCOPE,True,RPM_H22_ALG
2022,high,대수,지수함수와 로그함수,로그함수,로그방정식,치환,RPM_VERIFIED,RPM_VERIFIED,CANONICAL_DRAFT,CANONICAL_DRAFT,DEFAULT_SCOPE,True,RPM_H22_ALG
2022,high,대수,지수함수와 로그함수,로그함수,로그부등식,정의역·밑 조건,RPM_VERIFIED,RPM_VERIFIED,CANONICAL_DRAFT,CANONICAL_DRAFT,DEFAULT_SCOPE,True,RPM_H22_ALG
2022,high,대수,지수함수와 로그함수,로그함수,로그부등식,치환,RPM_VERIFIED,RPM_VERIFIED,CANONICAL_DRAFT,CANONICAL_DRAFT,DEFAULT_SCOPE,True,RPM_H22_ALG
2022,high,대수,지수함수와 로그함수,로그함수,로그함수의 활용,최대·최소,RPM_VERIFIED,RPM_VERIFIED,CANONICAL_DRAFT,CANONICAL_DRAFT,DEFAULT_SCOPE,True,RPM_H22_ALG
2022,high,대수,지수함수와 로그함수,로그함수,로그함수의 활용,그래프 교점,RPM_VERIFIED,RPM_VERIFIED,CANONICAL_DRAFT,CANONICAL_DRAFT,DEFAULT_SCOPE,True,RPM_H22_ALG
2022,high,대수,삼각함수,삼각함수,일반각과 호도법,일반각,RPM_VERIFIED,RPM_VERIFIED,CANONICAL_DRAFT,CANONICAL_DRAFT,DEFAULT_SCOPE,True,RPM_H22_ALG
2022,high,대수,삼각함수,삼각함수,일반각과 호도법,호도법,RPM_VERIFIED,RPM_VERIFIED,CANONICAL_DRAFT,CANONICAL_DRAFT,DEFAULT_SCOPE,True,RPM_H22_ALG
2022,high,대수,삼각함수,삼각함수,삼각함수의 뜻,단위원,RPM_VERIFIED,RPM_VERIFIED,CANONICAL_DRAFT,CANONICAL_DRAFT,DEFAULT_SCOPE,True,RPM_H22_ALG
2022,high,대수,삼각함수,삼각함수,삼각함수의 뜻,삼각함수 값,RPM_VERIFIED,RPM_VERIFIED,CANONICAL_DRAFT,CANONICAL_DRAFT,DEFAULT_SCOPE,True,RPM_H22_ALG
2022,high,대수,삼각함수,삼각함수,삼각함수의 성질,주기·대칭,RPM_VERIFIED,RPM_VERIFIED,CANONICAL_DRAFT,CANONICAL_DRAFT,DEFAULT_SCOPE,True,RPM_H22_ALG
2022,high,대수,삼각함수,삼각함수,삼각함수의 성질,삼각함수 관계,RPM_VERIFIED,RPM_VERIFIED,CANONICAL_DRAFT,CANONICAL_DRAFT,DEFAULT_SCOPE,True,RPM_H22_ALG
2022,high,대수,삼각함수,삼각함수,삼각방정식·부등식,그래프를 이용한 해,RPM_VERIFIED,RPM_VERIFIED,CANONICAL_DRAFT,CANONICAL_DRAFT,DEFAULT_SCOPE,True,RPM_H22_ALG
2022,high,대수,삼각함수,삼각함수,삼각방정식·부등식,주기 구간의 해,RPM_VERIFIED,RPM_VERIFIED,CANONICAL_DRAFT,CANONICAL_DRAFT,DEFAULT_SCOPE,True,RPM_H22_ALG
2022,high,대수,삼각함수,삼각함수의 그래프,기본 그래프,sin·cos,RPM_VERIFIED,RPM_VERIFIED,CANONICAL_DRAFT,CANONICAL_DRAFT,DEFAULT_SCOPE,True,RPM_H22_ALG
2022,high,대수,삼각함수,삼각함수의 그래프,기본 그래프,tan,RPM_VERIFIED,RPM_VERIFIED,CANONICAL_DRAFT,CANONICAL_DRAFT,DEFAULT_SCOPE,True,RPM_H22_ALG
2022,high,대수,삼각함수,삼각함수의 그래프,그래프 변환,주기·진폭,RPM_VERIFIED,RPM_VERIFIED,CANONICAL_DRAFT,CANONICAL_DRAFT,DEFAULT_SCOPE,True,RPM_H22_ALG
2022,high,대수,삼각함수,삼각함수의 그래프,그래프 변환,평행이동,RPM_VERIFIED,RPM_VERIFIED,CANONICAL_DRAFT,CANONICAL_DRAFT,DEFAULT_SCOPE,True,RPM_H22_ALG
2022,high,대수,삼각함수,삼각함수의 그래프,그래프 활용,교점,RPM_VERIFIED,RPM_VERIFIED,CANONICAL_DRAFT,CANONICAL_DRAFT,DEFAULT_SCOPE,True,RPM_H22_ALG
2022,high,대수,삼각함수,삼각함수의 그래프,그래프 활용,최대·최소,RPM_VERIFIED,RPM_VERIFIED,CANONICAL_DRAFT,CANONICAL_DRAFT,DEFAULT_SCOPE,True,RPM_H22_ALG
2022,high,대수,삼각함수,삼각함수의 활용,사인법칙,외접원 반지름,RPM_VERIFIED,RPM_VERIFIED,CANONICAL_DRAFT,CANONICAL_DRAFT,DEFAULT_SCOPE,True,RPM_H22_ALG
2022,high,대수,삼각함수,삼각함수의 활용,사인법칙,변·각 계산,RPM_VERIFIED,RPM_VERIFIED,CANONICAL_DRAFT,CANONICAL_DRAFT,DEFAULT_SCOPE,True,RPM_H22_ALG
2022,high,대수,삼각함수,삼각함수의 활용,코사인법칙,변·각 계산,RPM_VERIFIED,RPM_VERIFIED,CANONICAL_DRAFT,CANONICAL_DRAFT,DEFAULT_SCOPE,True,RPM_H22_ALG
2022,high,대수,삼각함수,삼각함수의 활용,코사인법칙,삼각형 판정,RPM_VERIFIED,RPM_VERIFIED,CANONICAL_DRAFT,CANONICAL_DRAFT,DEFAULT_SCOPE,True,RPM_H22_ALG
2022,high,대수,삼각함수,삼각함수의 활용,삼각형의 넓이,두 변과 끼인각,RPM_VERIFIED,RPM_VERIFIED,CANONICAL_DRAFT,CANONICAL_DRAFT,DEFAULT_SCOPE,True,RPM_H22_ALG
2022,high,대수,삼각함수,삼각함수의 활용,삼각형의 넓이,복합도형,RPM_VERIFIED,RPM_VERIFIED,CANONICAL_DRAFT,CANONICAL_DRAFT,DEFAULT_SCOPE,True,RPM_H22_ALG
2022,high,대수,수열,등차수열과 등비수열,등차수열,일반항,RPM_VERIFIED,RPM_VERIFIED,CANONICAL_DRAFT,CANONICAL_DRAFT,DEFAULT_SCOPE,True,RPM_H22_ALG
2022,high,대수,수열,등차수열과 등비수열,등차수열,중항,RPM_VERIFIED,RPM_VERIFIED,CANONICAL_DRAFT,CANONICAL_DRAFT,DEFAULT_SCOPE,True,RPM_H22_ALG
2022,high,대수,수열,등차수열과 등비수열,등차수열,합,RPM_VERIFIED,RPM_VERIFIED,CANONICAL_DRAFT,CANONICAL_DRAFT,DEFAULT_SCOPE,True,RPM_H22_ALG
2022,high,대수,수열,등차수열과 등비수열,등비수열,일반항,RPM_VERIFIED,RPM_VERIFIED,CANONICAL_DRAFT,CANONICAL_DRAFT,DEFAULT_SCOPE,True,RPM_H22_ALG
2022,high,대수,수열,등차수열과 등비수열,등비수열,중항,RPM_VERIFIED,RPM_VERIFIED,CANONICAL_DRAFT,CANONICAL_DRAFT,DEFAULT_SCOPE,True,RPM_H22_ALG
2022,high,대수,수열,등차수열과 등비수열,등비수열,합,RPM_VERIFIED,RPM_VERIFIED,CANONICAL_DRAFT,CANONICAL_DRAFT,DEFAULT_SCOPE,True,RPM_H22_ALG
2022,high,대수,수열,등차수열과 등비수열,수열의 활용,조건으로 수열 결정,RPM_VERIFIED,RPM_VERIFIED,CANONICAL_DRAFT,CANONICAL_DRAFT,DEFAULT_SCOPE,True,RPM_H22_ALG
2022,high,대수,수열,등차수열과 등비수열,수열의 활용,귀납적 패턴,RPM_VERIFIED,RPM_VERIFIED,CANONICAL_DRAFT,CANONICAL_DRAFT,DEFAULT_SCOPE,True,RPM_H22_ALG
2022,high,대수,수열,수열의 합,합의 기호 Σ,Σ 계산,RPM_VERIFIED,RPM_VERIFIED,CANONICAL_DRAFT,CANONICAL_DRAFT,DEFAULT_SCOPE,True,RPM_H22_ALG
2022,high,대수,수열,수열의 합,합의 기호 Σ,성질,RPM_VERIFIED,RPM_VERIFIED,CANONICAL_DRAFT,CANONICAL_DRAFT,DEFAULT_SCOPE,True,RPM_H22_ALG
2022,high,대수,수열,수열의 합,여러 가지 수열의 합,자연수 거듭제곱의 합,RPM_VERIFIED,RPM_VERIFIED,CANONICAL_DRAFT,CANONICAL_DRAFT,DEFAULT_SCOPE,True,RPM_H22_ALG
2022,high,대수,수열,수열의 합,여러 가지 수열의 합,부분분수·망원급수형,RPM_VERIFIED,RPM_VERIFIED,CANONICAL_DRAFT,CANONICAL_DRAFT,DEFAULT_SCOPE,True,RPM_H22_ALG
2022,high,대수,수열,수열의 합,계차수열,계차수열,RPM_VERIFIED,RPM_VERIFIED,CANONICAL_DRAFT,CANONICAL_DRAFT,DEFAULT_SCOPE,True,RPM_H22_ALG
2022,high,대수,수열,수열의 합,계차수열,일반항 구하기,RPM_VERIFIED,RPM_VERIFIED,CANONICAL_DRAFT,CANONICAL_DRAFT,DEFAULT_SCOPE,True,RPM_H22_ALG
2022,high,대수,수열,수학적 귀납법,수열의 귀납적 정의,점화식으로 항 구하기,RPM_VERIFIED,RPM_VERIFIED,CANONICAL_DRAFT,CANONICAL_DRAFT,DEFAULT_SCOPE,True,RPM_H22_ALG
2022,high,대수,수열,수학적 귀납법,수열의 귀납적 정의,관계 추론,RPM_VERIFIED,RPM_VERIFIED,CANONICAL_DRAFT,CANONICAL_DRAFT,DEFAULT_SCOPE,True,RPM_H22_ALG
2022,high,대수,수열,수학적 귀납법,수학적 귀납법,등식 증명,RPM_VERIFIED,RPM_VERIFIED,CANONICAL_DRAFT,CANONICAL_DRAFT,DEFAULT_SCOPE,True,RPM_H22_ALG
2022,high,대수,수열,수학적 귀납법,수학적 귀납법,부등식·나눗셈 증명,RPM_VERIFIED,RPM_VERIFIED,CANONICAL_DRAFT,CANONICAL_DRAFT,DEFAULT_SCOPE,True,RPM_H22_ALG
2022,high,미적분I,함수의 극한과 연속,함수의 극한,함수의 극한,좌극한·우극한,RPM_VERIFIED,RPM_VERIFIED,CANONICAL_DRAFT,CANONICAL_DRAFT,DEFAULT_SCOPE,True,RPM_H22_MI1
2022,high,미적분I,함수의 극한과 연속,함수의 극한,함수의 극한,극한값 계산,RPM_VERIFIED,RPM_VERIFIED,CANONICAL_DRAFT,CANONICAL_DRAFT,DEFAULT_SCOPE,True,RPM_H22_MI1
2022,high,미적분I,함수의 극한과 연속,함수의 극한,극한의 성질,대수적 계산,RPM_VERIFIED,RPM_VERIFIED,CANONICAL_DRAFT,CANONICAL_DRAFT,DEFAULT_SCOPE,True,RPM_H22_MI1
2022,high,미적분I,함수의 극한과 연속,함수의 극한,극한의 성질,미정계수,RPM_VERIFIED,RPM_VERIFIED,CANONICAL_DRAFT,CANONICAL_DRAFT,DEFAULT_SCOPE,True,RPM_H22_MI1
2022,high,미적분I,함수의 극한과 연속,함수의 극한,무한대에서의 극한,다항·유리함수,RPM_VERIFIED,RPM_VERIFIED,CANONICAL_DRAFT,CANONICAL_DRAFT,DEFAULT_SCOPE,True,RPM_H22_MI1
2022,high,미적분I,함수의 극한과 연속,함수의 극한,무한대에서의 극한,그래프 해석,RPM_VERIFIED,RPM_VERIFIED,CANONICAL_DRAFT,CANONICAL_DRAFT,DEFAULT_SCOPE,True,RPM_H22_MI1
2022,high,미적분I,함수의 극한과 연속,함수의 연속,연속의 뜻,한 점에서의 연속,RPM_VERIFIED,RPM_VERIFIED,CANONICAL_DRAFT,CANONICAL_DRAFT,DEFAULT_SCOPE,True,RPM_H22_MI1
2022,high,미적분I,함수의 극한과 연속,함수의 연속,연속의 뜻,구간에서의 연속,RPM_VERIFIED,RPM_VERIFIED,CANONICAL_DRAFT,CANONICAL_DRAFT,DEFAULT_SCOPE,True,RPM_H22_MI1
2022,high,미적분I,함수의 극한과 연속,함수의 연속,연속 조건,미정계수,RPM_VERIFIED,RPM_VERIFIED,CANONICAL_DRAFT,CANONICAL_DRAFT,DEFAULT_SCOPE,True,RPM_H22_MI1
2022,high,미적분I,함수의 극한과 연속,함수의 연속,연속 조건,구간별 함수,RPM_VERIFIED,RPM_VERIFIED,CANONICAL_DRAFT,CANONICAL_DRAFT,DEFAULT_SCOPE,True,RPM_H22_MI1
2022,high,미적분I,함수의 극한과 연속,함수의 연속,연속함수의 성질,최대·최소 정리,RPM_VERIFIED,RPM_VERIFIED,CANONICAL_DRAFT,CANONICAL_DRAFT,DEFAULT_SCOPE,True,RPM_H22_MI1
2022,high,미적분I,함수의 극한과 연속,함수의 연속,연속함수의 성질,사잇값 정리,RPM_VERIFIED,RPM_VERIFIED,CANONICAL_DRAFT,CANONICAL_DRAFT,DEFAULT_SCOPE,True,RPM_H22_MI1
2022,high,미적분I,미분,미분계수와 도함수,미분계수,평균변화율·순간변화율,RPM_VERIFIED,RPM_VERIFIED,CANONICAL_DRAFT,CANONICAL_DRAFT,DEFAULT_SCOPE,True,RPM_H22_MI1
2022,high,미적분I,미분,미분계수와 도함수,미분계수,정의로 미분계수,RPM_VERIFIED,RPM_VERIFIED,CANONICAL_DRAFT,CANONICAL_DRAFT,DEFAULT_SCOPE,True,RPM_H22_MI1
2022,high,미적분I,미분,미분계수와 도함수,도함수,미분법,RPM_VERIFIED,RPM_VERIFIED,CANONICAL_DRAFT,CANONICAL_DRAFT,DEFAULT_SCOPE,True,RPM_H22_MI1
2022,high,미적분I,미분,미분계수와 도함수,도함수,도함수 계산,RPM_VERIFIED,RPM_VERIFIED,CANONICAL_DRAFT,CANONICAL_DRAFT,DEFAULT_SCOPE,True,RPM_H22_MI1
2022,high,미적분I,미분,미분계수와 도함수,미분가능성과 연속,미분가능 조건,RPM_VERIFIED,RPM_VERIFIED,CANONICAL_DRAFT,CANONICAL_DRAFT,DEFAULT_SCOPE,True,RPM_H22_MI1
2022,high,미적분I,미분,미분계수와 도함수,미분가능성과 연속,그래프에서 판정,RPM_VERIFIED,RPM_VERIFIED,CANONICAL_DRAFT,CANONICAL_DRAFT,DEFAULT_SCOPE,True,RPM_H22_MI1
2022,high,미적분I,미분,도함수의 활용,접선,접선의 방정식,RPM_VERIFIED,RPM_VERIFIED,CANONICAL_DRAFT,CANONICAL_DRAFT,DEFAULT_SCOPE,True,RPM_H22_MI1
2022,high,미적분I,미분,도함수의 활용,접선,두 곡선의 접선,RPM_VERIFIED,RPM_VERIFIED,CANONICAL_DRAFT,CANONICAL_DRAFT,DEFAULT_SCOPE,True,RPM_H22_MI1
2022,high,미적분I,미분,도함수의 활용,증가·감소와 극값,증감표,RPM_VERIFIED,RPM_VERIFIED,CANONICAL_DRAFT,CANONICAL_DRAFT,DEFAULT_SCOPE,True,RPM_H22_MI1
2022,high,미적분I,미분,도함수의 활용,증가·감소와 극값,극대·극소,RPM_VERIFIED,RPM_VERIFIED,CANONICAL_DRAFT,CANONICAL_DRAFT,DEFAULT_SCOPE,True,RPM_H22_MI1
2022,high,미적분I,미분,도함수의 활용,최대·최소,구간 최대·최소,RPM_VERIFIED,RPM_VERIFIED,CANONICAL_DRAFT,CANONICAL_DRAFT,DEFAULT_SCOPE,True,RPM_H22_MI1
2022,high,미적분I,미분,도함수의 활용,최대·최소,활용,RPM_VERIFIED,RPM_VERIFIED,CANONICAL_DRAFT,CANONICAL_DRAFT,DEFAULT_SCOPE,True,RPM_H22_MI1
2022,high,미적분I,미분,도함수의 활용,방정식·부등식,근의 개수,RPM_VERIFIED,RPM_VERIFIED,CANONICAL_DRAFT,CANONICAL_DRAFT,DEFAULT_SCOPE,True,RPM_H22_MI1
2022,high,미적분I,미분,도함수의 활용,방정식·부등식,함수 비교,RPM_VERIFIED,RPM_VERIFIED,CANONICAL_DRAFT,CANONICAL_DRAFT,DEFAULT_SCOPE,True,RPM_H22_MI1
2022,high,미적분I,미분,도함수의 활용,속도와 가속도,위치·속도,RPM_VERIFIED,RPM_VERIFIED,CANONICAL_DRAFT,CANONICAL_DRAFT,DEFAULT_SCOPE,True,RPM_H22_MI1
2022,high,미적분I,미분,도함수의 활용,속도와 가속도,변화율,RPM_VERIFIED,RPM_VERIFIED,CANONICAL_DRAFT,CANONICAL_DRAFT,DEFAULT_SCOPE,True,RPM_H22_MI1
2022,high,미적분I,미분,도함수의 활용,롤의 정리와 평균값 정리,롤의 정리,RPM_VERIFIED,RPM_VERIFIED,CANONICAL_DRAFT,CANONICAL_DRAFT,DEFAULT_SCOPE,True,RPM_H22_MI1
2022,high,미적분I,미분,도함수의 활용,롤의 정리와 평균값 정리,평균값 정리의 조건과 적용,RPM_VERIFIED,RPM_VERIFIED,CANONICAL_DRAFT,CANONICAL_DRAFT,DEFAULT_SCOPE,True,RPM_H22_MI1
2022,high,미적분I,미분,도함수의 활용,롤의 정리와 평균값 정리,평균값 정리를 이용한 함수의 성질,RPM_VERIFIED,RPM_VERIFIED,CANONICAL_DRAFT,CANONICAL_DRAFT,DEFAULT_SCOPE,True,RPM_H22_MI1
2022,high,미적분I,적분,부정적분,부정적분의 뜻,원시함수,RPM_VERIFIED,RPM_VERIFIED,CANONICAL_DRAFT,CANONICAL_DRAFT,DEFAULT_SCOPE,True,RPM_H22_MI1
2022,high,미적분I,적분,부정적분,부정적분의 뜻,적분상수,RPM_VERIFIED,RPM_VERIFIED,CANONICAL_DRAFT,CANONICAL_DRAFT,DEFAULT_SCOPE,True,RPM_H22_MI1
2022,high,미적분I,적분,부정적분,부정적분 계산,다항함수,RPM_VERIFIED,RPM_VERIFIED,CANONICAL_DRAFT,CANONICAL_DRAFT,DEFAULT_SCOPE,True,RPM_H22_MI1
2022,high,미적분I,적분,부정적분,부정적분 계산,상수배·합차,RPM_VERIFIED,RPM_VERIFIED,CANONICAL_DRAFT,CANONICAL_DRAFT,DEFAULT_SCOPE,True,RPM_H22_MI1
2022,high,미적분I,적분,부정적분,조건을 이용한 함수 결정,초기조건,RPM_VERIFIED,RPM_VERIFIED,CANONICAL_DRAFT,CANONICAL_DRAFT,DEFAULT_SCOPE,True,RPM_H22_MI1
2022,high,미적분I,적분,부정적분,조건을 이용한 함수 결정,도함수에서 원함수,RPM_VERIFIED,RPM_VERIFIED,CANONICAL_DRAFT,CANONICAL_DRAFT,DEFAULT_SCOPE,True,RPM_H22_MI1
2022,high,미적분I,적분,정적분,정적분의 뜻,정적분 계산,RPM_VERIFIED,RPM_VERIFIED,CANONICAL_DRAFT,CANONICAL_DRAFT,DEFAULT_SCOPE,True,RPM_H22_MI1
2022,high,미적분I,적분,정적분,정적분의 뜻,구간 분할,RPM_VERIFIED,RPM_VERIFIED,CANONICAL_DRAFT,CANONICAL_DRAFT,DEFAULT_SCOPE,True,RPM_H22_MI1
2022,high,미적분I,적분,정적분,정적분의 성질,상하한 교환,RPM_VERIFIED,RPM_VERIFIED,CANONICAL_DRAFT,CANONICAL_DRAFT,DEFAULT_SCOPE,True,RPM_H22_MI1
2022,high,미적분I,적분,정적분,정적분의 성질,대칭성,RPM_VERIFIED,RPM_VERIFIED,CANONICAL_DRAFT,CANONICAL_DRAFT,DEFAULT_SCOPE,True,RPM_H22_MI1
2022,high,미적분I,적분,정적분,정적분과 함수,상한이 변수인 적분,RPM_VERIFIED,RPM_VERIFIED,CANONICAL_DRAFT,CANONICAL_DRAFT,DEFAULT_SCOPE,True,RPM_H22_MI1
2022,high,미적분I,적분,정적분,정적분과 함수,미분과 적분 관계,RPM_VERIFIED,RPM_VERIFIED,CANONICAL_DRAFT,CANONICAL_DRAFT,DEFAULT_SCOPE,True,RPM_H22_MI1
2022,high,미적분I,적분,정적분의 활용,넓이,곡선과 x축,RPM_VERIFIED,RPM_VERIFIED,CANONICAL_DRAFT,CANONICAL_DRAFT,DEFAULT_SCOPE,True,RPM_H22_MI1
2022,high,미적분I,적분,정적분의 활용,넓이,두 곡선 사이,RPM_VERIFIED,RPM_VERIFIED,CANONICAL_DRAFT,CANONICAL_DRAFT,DEFAULT_SCOPE,True,RPM_H22_MI1
2022,high,미적분I,적분,정적분의 활용,속도와 거리,속도에서 이동거리,RPM_VERIFIED,RPM_VERIFIED,CANONICAL_DRAFT,CANONICAL_DRAFT,DEFAULT_SCOPE,True,RPM_H22_MI1
2022,high,미적분I,적분,정적분의 활용,속도와 거리,위치 변화,RPM_VERIFIED,RPM_VERIFIED,CANONICAL_DRAFT,CANONICAL_DRAFT,DEFAULT_SCOPE,True,RPM_H22_MI1
2022,high,미적분I,적분,정적분의 활용,도형 활용,매개변수 넓이,RPM_VERIFIED,RPM_VERIFIED,CANONICAL_DRAFT,CANONICAL_DRAFT,DEFAULT_SCOPE,True,RPM_H22_MI1
2022,high,미적분I,적분,정적분의 활용,도형 활용,최대·최소,RPM_VERIFIED,RPM_VERIFIED,CANONICAL_DRAFT,CANONICAL_DRAFT,DEFAULT_SCOPE,True,RPM_H22_MI1
2022,high,미적분II,수열의 극한,수열의 극한,수열의 수렴과 발산,극한값,RPM_VERIFIED,RPM_VERIFIED,CANONICAL_DRAFT,CANONICAL_DRAFT,DEFAULT_SCOPE,True,RPM_H22_MI2
2022,high,미적분II,수열의 극한,수열의 극한,수열의 수렴과 발산,수렴 조건,RPM_VERIFIED,RPM_VERIFIED,CANONICAL_DRAFT,CANONICAL_DRAFT,DEFAULT_SCOPE,True,RPM_H22_MI2
2022,high,미적분II,수열의 극한,수열의 극한,극한의 계산,대수적 계산,RPM_VERIFIED,RPM_VERIFIED,CANONICAL_DRAFT,CANONICAL_DRAFT,DEFAULT_SCOPE,True,RPM_H22_MI2
2022,high,미적분II,수열의 극한,수열의 극한,극한의 계산,샌드위치,RPM_VERIFIED,RPM_VERIFIED,CANONICAL_DRAFT,CANONICAL_DRAFT,DEFAULT_SCOPE,True,RPM_H22_MI2
2022,high,미적분II,수열의 극한,수열의 극한,등비수열의 극한,공비 조건,RPM_VERIFIED,RPM_VERIFIED,CANONICAL_DRAFT,CANONICAL_DRAFT,DEFAULT_SCOPE,True,RPM_H22_MI2
2022,high,미적분II,수열의 극한,수열의 극한,등비수열의 극한,무한등비수열,RPM_VERIFIED,RPM_VERIFIED,CANONICAL_DRAFT,CANONICAL_DRAFT,DEFAULT_SCOPE,True,RPM_H22_MI2
2022,high,미적분II,수열의 극한,급수,급수의 수렴과 발산,부분합,RPM_VERIFIED,RPM_VERIFIED,CANONICAL_DRAFT,CANONICAL_DRAFT,DEFAULT_SCOPE,True,RPM_H22_MI2
2022,high,미적분II,수열의 극한,급수,급수의 수렴과 발산,수렴 조건,RPM_VERIFIED,RPM_VERIFIED,CANONICAL_DRAFT,CANONICAL_DRAFT,DEFAULT_SCOPE,True,RPM_H22_MI2
2022,high,미적분II,수열의 극한,급수,등비급수,무한등비급수,RPM_VERIFIED,RPM_VERIFIED,CANONICAL_DRAFT,CANONICAL_DRAFT,DEFAULT_SCOPE,True,RPM_H22_MI2
2022,high,미적분II,수열의 극한,급수,등비급수,활용,RPM_VERIFIED,RPM_VERIFIED,CANONICAL_DRAFT,CANONICAL_DRAFT,DEFAULT_SCOPE,True,RPM_H22_MI2
2022,high,미적분II,수열의 극한,급수,급수의 성질,급수 계산,RPM_VERIFIED,RPM_VERIFIED,CANONICAL_DRAFT,CANONICAL_DRAFT,DEFAULT_SCOPE,True,RPM_H22_MI2
2022,high,미적분II,수열의 극한,급수,급수의 성질,수렴성 판정,RPM_VERIFIED,RPM_VERIFIED,CANONICAL_DRAFT,CANONICAL_DRAFT,DEFAULT_SCOPE,True,RPM_H22_MI2
2022,high,미적분II,미분법,지수함수와 로그함수의 미분,지수함수의 미분,e^x형,RPM_VERIFIED,RPM_VERIFIED,CANONICAL_DRAFT,CANONICAL_DRAFT,DEFAULT_SCOPE,True,RPM_H22_MI2
2022,high,미적분II,미분법,지수함수와 로그함수의 미분,지수함수의 미분,합성함수,RPM_VERIFIED,RPM_VERIFIED,CANONICAL_DRAFT,CANONICAL_DRAFT,DEFAULT_SCOPE,True,RPM_H22_MI2
2022,high,미적분II,미분법,지수함수와 로그함수의 미분,로그함수의 미분,ln x형,RPM_VERIFIED,RPM_VERIFIED,CANONICAL_DRAFT,CANONICAL_DRAFT,DEFAULT_SCOPE,True,RPM_H22_MI2
2022,high,미적분II,미분법,지수함수와 로그함수의 미분,로그함수의 미분,합성함수,RPM_VERIFIED,RPM_VERIFIED,CANONICAL_DRAFT,CANONICAL_DRAFT,DEFAULT_SCOPE,True,RPM_H22_MI2
2022,high,미적분II,미분법,지수함수와 로그함수의 미분,로그미분법,곱·몫·거듭제곱형,RPM_VERIFIED,RPM_VERIFIED,CANONICAL_DRAFT,CANONICAL_DRAFT,DEFAULT_SCOPE,True,RPM_H22_MI2
2022,high,미적분II,미분법,지수함수와 로그함수의 미분,로그미분법,복합함수,RPM_VERIFIED,RPM_VERIFIED,CANONICAL_DRAFT,CANONICAL_DRAFT,DEFAULT_SCOPE,True,RPM_H22_MI2
2022,high,미적분II,미분법,삼각함수의 미분,sin·cos의 미분,기본 미분,RPM_VERIFIED,RPM_VERIFIED,CANONICAL_DRAFT,CANONICAL_DRAFT,DEFAULT_SCOPE,True,RPM_H22_MI2
2022,high,미적분II,미분법,삼각함수의 미분,sin·cos의 미분,합성함수,RPM_VERIFIED,RPM_VERIFIED,CANONICAL_DRAFT,CANONICAL_DRAFT,DEFAULT_SCOPE,True,RPM_H22_MI2
2022,high,미적분II,미분법,삼각함수의 미분,tan 및 관련 함수의 미분,tan 미분,RPM_VERIFIED,RPM_VERIFIED,CANONICAL_DRAFT,CANONICAL_DRAFT,DEFAULT_SCOPE,True,RPM_H22_MI2
2022,high,미적분II,미분법,삼각함수의 미분,tan 및 관련 함수의 미분,복합 삼각함수,RPM_VERIFIED,RPM_VERIFIED,CANONICAL_DRAFT,CANONICAL_DRAFT,DEFAULT_SCOPE,True,RPM_H22_MI2
2022,high,미적분II,미분법,여러 가지 미분법,함수의 몫과 합성,몫의 미분,RPM_VERIFIED,RPM_VERIFIED,CANONICAL_DRAFT,CANONICAL_DRAFT,DEFAULT_SCOPE,True,RPM_H22_MI2
2022,high,미적분II,미분법,여러 가지 미분법,함수의 몫과 합성,합성함수의 미분,RPM_VERIFIED,RPM_VERIFIED,CANONICAL_DRAFT,CANONICAL_DRAFT,DEFAULT_SCOPE,True,RPM_H22_MI2
2022,high,미적분II,미분법,여러 가지 미분법,매개변수·음함수,매개변수 미분,RPM_VERIFIED,RPM_VERIFIED,CANONICAL_DRAFT,CANONICAL_DRAFT,DEFAULT_SCOPE,True,RPM_H22_MI2
2022,high,미적분II,미분법,여러 가지 미분법,매개변수·음함수,음함수 미분,RPM_VERIFIED,RPM_VERIFIED,CANONICAL_DRAFT,CANONICAL_DRAFT,DEFAULT_SCOPE,True,RPM_H22_MI2
2022,high,미적분II,미분법,여러 가지 미분법,역함수의 미분,역함수 미분,RPM_VERIFIED,RPM_VERIFIED,CANONICAL_DRAFT,CANONICAL_DRAFT,DEFAULT_SCOPE,True,RPM_H22_MI2
2022,high,미적분II,미분법,도함수의 활용,접선,접선의 방정식,RPM_VERIFIED,RPM_VERIFIED,CANONICAL_DRAFT,CANONICAL_DRAFT,DEFAULT_SCOPE,True,RPM_H22_MI2
2022,high,미적분II,미분법,도함수의 활용,접선,두 곡선의 접선,RPM_VERIFIED,RPM_VERIFIED,CANONICAL_DRAFT,CANONICAL_DRAFT,DEFAULT_SCOPE,True,RPM_H22_MI2
2022,high,미적분II,미분법,도함수의 활용,증가·감소와 극값,증감표,RPM_VERIFIED,RPM_VERIFIED,CANONICAL_DRAFT,CANONICAL_DRAFT,DEFAULT_SCOPE,True,RPM_H22_MI2
2022,high,미적분II,미분법,도함수의 활용,증가·감소와 극값,극대·극소,RPM_VERIFIED,RPM_VERIFIED,CANONICAL_DRAFT,CANONICAL_DRAFT,DEFAULT_SCOPE,True,RPM_H22_MI2
2022,high,미적분II,미분법,도함수의 활용,최대·최소,구간 최대·최소,RPM_VERIFIED,RPM_VERIFIED,CANONICAL_DRAFT,CANONICAL_DRAFT,DEFAULT_SCOPE,True,RPM_H22_MI2
2022,high,미적분II,미분법,도함수의 활용,최대·최소,활용,RPM_VERIFIED,RPM_VERIFIED,CANONICAL_DRAFT,CANONICAL_DRAFT,DEFAULT_SCOPE,True,RPM_H22_MI2
2022,high,미적분II,미분법,도함수의 활용,방정식·부등식,근의 개수,RPM_VERIFIED,RPM_VERIFIED,CANONICAL_DRAFT,CANONICAL_DRAFT,DEFAULT_SCOPE,True,RPM_H22_MI2
2022,high,미적분II,미분법,도함수의 활용,방정식·부등식,함수 비교,RPM_VERIFIED,RPM_VERIFIED,CANONICAL_DRAFT,CANONICAL_DRAFT,DEFAULT_SCOPE,True,RPM_H22_MI2
2022,high,미적분II,미분법,도함수의 활용,속도와 가속도,위치·속도,RPM_VERIFIED,RPM_VERIFIED,CANONICAL_DRAFT,CANONICAL_DRAFT,DEFAULT_SCOPE,True,RPM_H22_MI2
2022,high,미적분II,미분법,도함수의 활용,속도와 가속도,변화율,RPM_VERIFIED,RPM_VERIFIED,CANONICAL_DRAFT,CANONICAL_DRAFT,DEFAULT_SCOPE,True,RPM_H22_MI2
2022,high,미적분II,적분법,여러 가지 함수의 적분,지수·로그함수의 적분,지수함수,RPM_VERIFIED,RPM_VERIFIED,CANONICAL_DRAFT,CANONICAL_DRAFT,DEFAULT_SCOPE,True,RPM_H22_MI2
2022,high,미적분II,적분법,여러 가지 함수의 적분,지수·로그함수의 적분,로그형,RPM_VERIFIED,RPM_VERIFIED,CANONICAL_DRAFT,CANONICAL_DRAFT,DEFAULT_SCOPE,True,RPM_H22_MI2
2022,high,미적분II,적분법,여러 가지 함수의 적분,삼각함수의 적분,기본 삼각함수,RPM_VERIFIED,RPM_VERIFIED,CANONICAL_DRAFT,CANONICAL_DRAFT,DEFAULT_SCOPE,True,RPM_H22_MI2
2022,high,미적분II,적분법,여러 가지 함수의 적분,삼각함수의 적분,합성형,RPM_VERIFIED,RPM_VERIFIED,CANONICAL_DRAFT,CANONICAL_DRAFT,DEFAULT_SCOPE,True,RPM_H22_MI2
2022,high,미적분II,적분법,치환적분법과 부분적분법,치환적분,부정적분,RPM_VERIFIED,RPM_VERIFIED,CANONICAL_DRAFT,CANONICAL_DRAFT,DEFAULT_SCOPE,True,RPM_H22_MI2
2022,high,미적분II,적분법,치환적분법과 부분적분법,치환적분,정적분,RPM_VERIFIED,RPM_VERIFIED,CANONICAL_DRAFT,CANONICAL_DRAFT,DEFAULT_SCOPE,True,RPM_H22_MI2
2022,high,미적분II,적분법,치환적분법과 부분적분법,부분적분,기본형,RPM_VERIFIED,RPM_VERIFIED,CANONICAL_DRAFT,CANONICAL_DRAFT,DEFAULT_SCOPE,True,RPM_H22_MI2
2022,high,미적분II,적분법,치환적분법과 부분적분법,부분적분,반복형,RPM_VERIFIED,RPM_VERIFIED,CANONICAL_DRAFT,CANONICAL_DRAFT,DEFAULT_SCOPE,True,RPM_H22_MI2
2022,high,미적분II,적분법,정적분의 활용,넓이,곡선과 x축,RPM_VERIFIED,RPM_VERIFIED,CANONICAL_DRAFT,CANONICAL_DRAFT,DEFAULT_SCOPE,True,RPM_H22_MI2
2022,high,미적분II,적분법,정적분의 활용,넓이,두 곡선 사이,RPM_VERIFIED,RPM_VERIFIED,CANONICAL_DRAFT,CANONICAL_DRAFT,DEFAULT_SCOPE,True,RPM_H22_MI2
2022,high,미적분II,적분법,정적분의 활용,속도와 거리,속도에서 이동거리,RPM_VERIFIED,RPM_VERIFIED,CANONICAL_DRAFT,CANONICAL_DRAFT,DEFAULT_SCOPE,True,RPM_H22_MI2
2022,high,미적분II,적분법,정적분의 활용,속도와 거리,위치 변화,RPM_VERIFIED,RPM_VERIFIED,CANONICAL_DRAFT,CANONICAL_DRAFT,DEFAULT_SCOPE,True,RPM_H22_MI2
2022,high,미적분II,적분법,정적분의 활용,도형 활용,매개변수 넓이,RPM_VERIFIED,RPM_VERIFIED,CANONICAL_DRAFT,CANONICAL_DRAFT,DEFAULT_SCOPE,True,RPM_H22_MI2
2022,high,미적분II,적분법,정적분의 활용,도형 활용,최대·최소,RPM_VERIFIED,RPM_VERIFIED,CANONICAL_DRAFT,CANONICAL_DRAFT,DEFAULT_SCOPE,True,RPM_H22_MI2
2022,high,확률과통계,경우의 수,순열과 조합,순열,일렬 배열,RPM_VERIFIED,RPM_VERIFIED,CANONICAL_DRAFT,CANONICAL_DRAFT,DEFAULT_SCOPE,True,RPM_H22_PS
2022,high,확률과통계,경우의 수,순열과 조합,순열,중복·원순열,RPM_VERIFIED,RPM_VERIFIED,CANONICAL_DRAFT,CANONICAL_DRAFT,DEFAULT_SCOPE,True,RPM_H22_PS
2022,high,확률과통계,경우의 수,순열과 조합,조합,선택,RPM_VERIFIED,RPM_VERIFIED,CANONICAL_DRAFT,CANONICAL_DRAFT,DEFAULT_SCOPE,True,RPM_H22_PS
2022,high,확률과통계,경우의 수,순열과 조합,조합,분할·분배,RPM_VERIFIED,RPM_VERIFIED,CANONICAL_DRAFT,CANONICAL_DRAFT,DEFAULT_SCOPE,True,RPM_H22_PS
2022,high,확률과통계,경우의 수,순열과 조합,중복조합,중복을 허용한 선택,RPM_VERIFIED,RPM_VERIFIED,CANONICAL_DRAFT,CANONICAL_DRAFT,DEFAULT_SCOPE,True,RPM_H22_PS
2022,high,확률과통계,경우의 수,순열과 조합,중복조합,정수해 개수,RPM_VERIFIED,RPM_VERIFIED,CANONICAL_DRAFT,CANONICAL_DRAFT,DEFAULT_SCOPE,True,RPM_H22_PS
2022,high,확률과통계,경우의 수,이항정리,이항정리,전개식의 항,RPM_VERIFIED,RPM_VERIFIED,CANONICAL_DRAFT,CANONICAL_DRAFT,DEFAULT_SCOPE,True,RPM_H22_PS
2022,high,확률과통계,경우의 수,이항정리,이항정리,특정 항의 계수,RPM_VERIFIED,RPM_VERIFIED,CANONICAL_DRAFT,CANONICAL_DRAFT,DEFAULT_SCOPE,True,RPM_H22_PS
2022,high,확률과통계,경우의 수,이항정리,이항계수,이항계수의 성질,RPM_VERIFIED,RPM_VERIFIED,CANONICAL_DRAFT,CANONICAL_DRAFT,DEFAULT_SCOPE,True,RPM_H22_PS
2022,high,확률과통계,경우의 수,이항정리,이항계수,조합 항등식,RPM_VERIFIED,RPM_VERIFIED,CANONICAL_DRAFT,CANONICAL_DRAFT,DEFAULT_SCOPE,True,RPM_H22_PS
2022,high,확률과통계,확률,확률의 뜻과 활용,확률의 기본,표본공간과 사건,RPM_VERIFIED,RPM_VERIFIED,CANONICAL_DRAFT,CANONICAL_DRAFT,DEFAULT_SCOPE,True,RPM_H22_PS
2022,high,확률과통계,확률,확률의 뜻과 활용,확률의 기본,확률 계산,RPM_VERIFIED,RPM_VERIFIED,CANONICAL_DRAFT,CANONICAL_DRAFT,DEFAULT_SCOPE,True,RPM_H22_PS
2022,high,확률과통계,확률,확률의 뜻과 활용,확률의 덧셈정리,배반사건,RPM_VERIFIED,RPM_VERIFIED,CANONICAL_DRAFT,CANONICAL_DRAFT,DEFAULT_SCOPE,True,RPM_H22_PS
2022,high,확률과통계,확률,확률의 뜻과 활용,확률의 덧셈정리,여사건,RPM_VERIFIED,RPM_VERIFIED,CANONICAL_DRAFT,CANONICAL_DRAFT,DEFAULT_SCOPE,True,RPM_H22_PS
2022,high,확률과통계,확률,조건부확률,조건부확률,조건부확률 계산,RPM_VERIFIED,RPM_VERIFIED,CANONICAL_DRAFT,CANONICAL_DRAFT,DEFAULT_SCOPE,True,RPM_H22_PS
2022,high,확률과통계,확률,조건부확률,사건의 독립,독립 판정,RPM_VERIFIED,RPM_VERIFIED,CANONICAL_DRAFT,CANONICAL_DRAFT,DEFAULT_SCOPE,True,RPM_H22_PS
2022,high,확률과통계,확률,조건부확률,사건의 독립,독립사건의 확률,RPM_VERIFIED,RPM_VERIFIED,CANONICAL_DRAFT,CANONICAL_DRAFT,DEFAULT_SCOPE,True,RPM_H22_PS
2022,high,확률과통계,확률,조건부확률,독립시행,이항형 시행,RPM_VERIFIED,RPM_VERIFIED,CANONICAL_DRAFT,CANONICAL_DRAFT,DEFAULT_SCOPE,True,RPM_H22_PS
2022,high,확률과통계,확률,조건부확률,독립시행,반복 시행의 확률,RPM_VERIFIED,RPM_VERIFIED,CANONICAL_DRAFT,CANONICAL_DRAFT,DEFAULT_SCOPE,True,RPM_H22_PS
2022,high,확률과통계,통계,확률분포,확률변수와 확률분포,이산확률변수,RPM_VERIFIED,RPM_VERIFIED,CANONICAL_DRAFT,CANONICAL_DRAFT,DEFAULT_SCOPE,True,RPM_H22_PS
2022,high,확률과통계,통계,확률분포,확률변수와 확률분포,확률질량함수,RPM_VERIFIED,RPM_VERIFIED,CANONICAL_DRAFT,CANONICAL_DRAFT,DEFAULT_SCOPE,True,RPM_H22_PS
2022,high,확률과통계,통계,확률분포,기댓값과 분산,기댓값,RPM_VERIFIED,RPM_VERIFIED,CANONICAL_DRAFT,CANONICAL_DRAFT,DEFAULT_SCOPE,True,RPM_H22_PS
2022,high,확률과통계,통계,확률분포,기댓값과 분산,분산·표준편차,RPM_VERIFIED,RPM_VERIFIED,CANONICAL_DRAFT,CANONICAL_DRAFT,DEFAULT_SCOPE,True,RPM_H22_PS
2022,high,확률과통계,통계,확률분포,이항분포,이항분포의 확률,RPM_VERIFIED,RPM_VERIFIED,CANONICAL_DRAFT,CANONICAL_DRAFT,DEFAULT_SCOPE,True,RPM_H22_PS
2022,high,확률과통계,통계,확률분포,이항분포,평균·분산,RPM_VERIFIED,RPM_VERIFIED,CANONICAL_DRAFT,CANONICAL_DRAFT,DEFAULT_SCOPE,True,RPM_H22_PS
2022,high,확률과통계,통계,확률분포,정규분포,표준정규분포,RPM_VERIFIED,RPM_VERIFIED,CANONICAL_DRAFT,CANONICAL_DRAFT,DEFAULT_SCOPE,True,RPM_H22_PS
2022,high,확률과통계,통계,확률분포,정규분포,정규분포 확률,RPM_VERIFIED,RPM_VERIFIED,CANONICAL_DRAFT,CANONICAL_DRAFT,DEFAULT_SCOPE,True,RPM_H22_PS
2022,high,확률과통계,통계,통계적 추정,모집단과 표본,표본평균,RPM_VERIFIED,RPM_VERIFIED,CANONICAL_DRAFT,CANONICAL_DRAFT,DEFAULT_SCOPE,True,RPM_H22_PS
2022,high,확률과통계,통계,통계적 추정,모집단과 표본,표본분포,RPM_VERIFIED,RPM_VERIFIED,CANONICAL_DRAFT,CANONICAL_DRAFT,DEFAULT_SCOPE,True,RPM_H22_PS
2022,high,확률과통계,통계,통계적 추정,모평균 추정,신뢰구간,RPM_VERIFIED,RPM_VERIFIED,CANONICAL_DRAFT,CANONICAL_DRAFT,DEFAULT_SCOPE,True,RPM_H22_PS
2022,high,확률과통계,통계,통계적 추정,모평균 추정,표본크기,RPM_VERIFIED,RPM_VERIFIED,CANONICAL_DRAFT,CANONICAL_DRAFT,DEFAULT_SCOPE,True,RPM_H22_PS
2022,high,확률과통계,통계,통계적 추정,모비율 추정,표본비율,RPM_VERIFIED,RPM_VERIFIED,CANONICAL_DRAFT,CANONICAL_DRAFT,DEFAULT_SCOPE,True,RPM_H22_PS
2022,high,확률과통계,통계,통계적 추정,모비율 추정,신뢰구간,RPM_VERIFIED,RPM_VERIFIED,CANONICAL_DRAFT,CANONICAL_DRAFT,DEFAULT_SCOPE,True,RPM_H22_PS
2022,high,기하,이차곡선,이차곡선,포물선,정의와 방정식,RPM_VERIFIED,RPM_VERIFIED,CANONICAL_DRAFT,CANONICAL_DRAFT,DEFAULT_SCOPE,True,RPM_H22_GEO
2022,high,기하,이차곡선,이차곡선,포물선,초점·준선,RPM_VERIFIED,RPM_VERIFIED,CANONICAL_DRAFT,CANONICAL_DRAFT,DEFAULT_SCOPE,True,RPM_H22_GEO
2022,high,기하,이차곡선,이차곡선,타원,정의와 방정식,RPM_VERIFIED,RPM_VERIFIED,CANONICAL_DRAFT,CANONICAL_DRAFT,DEFAULT_SCOPE,True,RPM_H22_GEO
2022,high,기하,이차곡선,이차곡선,타원,초점·장축·단축,RPM_VERIFIED,RPM_VERIFIED,CANONICAL_DRAFT,CANONICAL_DRAFT,DEFAULT_SCOPE,True,RPM_H22_GEO
2022,high,기하,이차곡선,이차곡선,쌍곡선,정의와 방정식,RPM_VERIFIED,RPM_VERIFIED,CANONICAL_DRAFT,CANONICAL_DRAFT,DEFAULT_SCOPE,True,RPM_H22_GEO
2022,high,기하,이차곡선,이차곡선,쌍곡선,점근선,RPM_VERIFIED,RPM_VERIFIED,CANONICAL_DRAFT,CANONICAL_DRAFT,DEFAULT_SCOPE,True,RPM_H22_GEO
2022,high,기하,이차곡선,이차곡선,이차곡선의 이동,평행이동,RPM_VERIFIED,RPM_VERIFIED,CANONICAL_DRAFT,CANONICAL_DRAFT,DEFAULT_SCOPE,True,RPM_H22_GEO
2022,high,기하,이차곡선,이차곡선,이차곡선의 이동,조건으로 방정식,RPM_VERIFIED,RPM_VERIFIED,CANONICAL_DRAFT,CANONICAL_DRAFT,DEFAULT_SCOPE,True,RPM_H22_GEO
2022,high,기하,이차곡선,이차곡선의 접선,포물선의 접선,접점형,RPM_VERIFIED,RPM_VERIFIED,CANONICAL_DRAFT,CANONICAL_DRAFT,DEFAULT_SCOPE,True,RPM_H22_GEO
2022,high,기하,이차곡선,이차곡선의 접선,포물선의 접선,기울기형,RPM_VERIFIED,RPM_VERIFIED,CANONICAL_DRAFT,CANONICAL_DRAFT,DEFAULT_SCOPE,True,RPM_H22_GEO
2022,high,기하,이차곡선,이차곡선의 접선,타원의 접선,접점형,RPM_VERIFIED,RPM_VERIFIED,CANONICAL_DRAFT,CANONICAL_DRAFT,DEFAULT_SCOPE,True,RPM_H22_GEO
2022,high,기하,이차곡선,이차곡선의 접선,타원의 접선,기울기·조건형,RPM_VERIFIED,RPM_VERIFIED,CANONICAL_DRAFT,CANONICAL_DRAFT,DEFAULT_SCOPE,True,RPM_H22_GEO
2022,high,기하,이차곡선,이차곡선의 접선,쌍곡선의 접선,접점형,RPM_VERIFIED,RPM_VERIFIED,CANONICAL_DRAFT,CANONICAL_DRAFT,DEFAULT_SCOPE,True,RPM_H22_GEO
2022,high,기하,이차곡선,이차곡선의 접선,쌍곡선의 접선,기울기·조건형,RPM_VERIFIED,RPM_VERIFIED,CANONICAL_DRAFT,CANONICAL_DRAFT,DEFAULT_SCOPE,True,RPM_H22_GEO
2022,high,기하,공간도형과 공간좌표,공간도형,직선과 평면,평행·수직,RPM_VERIFIED,RPM_VERIFIED,CANONICAL_DRAFT,CANONICAL_DRAFT,DEFAULT_SCOPE,True,RPM_H22_GEO
2022,high,기하,공간도형과 공간좌표,공간도형,직선과 평면,정사영,RPM_VERIFIED,RPM_VERIFIED,CANONICAL_DRAFT,CANONICAL_DRAFT,DEFAULT_SCOPE,True,RPM_H22_GEO
2022,high,기하,공간도형과 공간좌표,공간도형,삼수선 정리,거리·각,RPM_VERIFIED,RPM_VERIFIED,CANONICAL_DRAFT,CANONICAL_DRAFT,DEFAULT_SCOPE,True,RPM_H22_GEO
2022,high,기하,공간도형과 공간좌표,공간도형,삼수선 정리,정사영 활용,RPM_VERIFIED,RPM_VERIFIED,CANONICAL_DRAFT,CANONICAL_DRAFT,DEFAULT_SCOPE,True,RPM_H22_GEO
2022,high,기하,공간도형과 공간좌표,공간도형,이면각,이면각,RPM_VERIFIED,RPM_VERIFIED,CANONICAL_DRAFT,CANONICAL_DRAFT,DEFAULT_SCOPE,True,RPM_H22_GEO
2022,high,기하,공간도형과 공간좌표,공간도형,이면각,공간에서의 각,RPM_VERIFIED,RPM_VERIFIED,CANONICAL_DRAFT,CANONICAL_DRAFT,DEFAULT_SCOPE,True,RPM_H22_GEO
2022,high,기하,공간도형과 공간좌표,공간좌표,공간의 좌표,점의 좌표,RPM_VERIFIED,RPM_VERIFIED,CANONICAL_DRAFT,CANONICAL_DRAFT,DEFAULT_SCOPE,True,RPM_H22_GEO
2022,high,기하,공간도형과 공간좌표,공간좌표,공간의 좌표,두 점 사이 거리,RPM_VERIFIED,RPM_VERIFIED,CANONICAL_DRAFT,CANONICAL_DRAFT,DEFAULT_SCOPE,True,RPM_H22_GEO
2022,high,기하,공간도형과 공간좌표,공간좌표,분점과 중점,내분점·외분점,RPM_VERIFIED,RPM_VERIFIED,CANONICAL_DRAFT,CANONICAL_DRAFT,DEFAULT_SCOPE,True,RPM_H22_GEO
2022,high,기하,공간도형과 공간좌표,공간좌표,분점과 중점,무게중심,RPM_VERIFIED,RPM_VERIFIED,CANONICAL_DRAFT,CANONICAL_DRAFT,DEFAULT_SCOPE,True,RPM_H22_GEO
2022,high,기하,공간도형과 공간좌표,공간좌표,구의 방정식,중심·반지름,RPM_VERIFIED,RPM_VERIFIED,CANONICAL_DRAFT,CANONICAL_DRAFT,DEFAULT_SCOPE,True,RPM_H22_GEO
2022,high,기하,공간도형과 공간좌표,공간좌표,구의 방정식,구와 좌표조건,RPM_VERIFIED,RPM_VERIFIED,CANONICAL_DRAFT,CANONICAL_DRAFT,DEFAULT_SCOPE,True,RPM_H22_GEO
2022,high,기하,벡터,벡터의 연산,벡터의 뜻,벡터와 스칼라,RPM_VERIFIED,RPM_VERIFIED,CANONICAL_DRAFT,CANONICAL_DRAFT,DEFAULT_SCOPE,True,RPM_H22_GEO
2022,high,기하,벡터,벡터의 연산,벡터의 뜻,같은 벡터,RPM_VERIFIED,RPM_VERIFIED,CANONICAL_DRAFT,CANONICAL_DRAFT,DEFAULT_SCOPE,True,RPM_H22_GEO
2022,high,기하,벡터,벡터의 연산,벡터의 덧셈과 뺄셈,삼각형법,RPM_VERIFIED,RPM_VERIFIED,CANONICAL_DRAFT,CANONICAL_DRAFT,DEFAULT_SCOPE,True,RPM_H22_GEO
2022,high,기하,벡터,벡터의 연산,벡터의 덧셈과 뺄셈,위치벡터,RPM_VERIFIED,RPM_VERIFIED,CANONICAL_DRAFT,CANONICAL_DRAFT,DEFAULT_SCOPE,True,RPM_H22_GEO
2022,high,기하,벡터,벡터의 연산,벡터의 실수배,평행 조건,RPM_VERIFIED,RPM_VERIFIED,CANONICAL_DRAFT,CANONICAL_DRAFT,DEFAULT_SCOPE,True,RPM_H22_GEO
2022,high,기하,벡터,벡터의 연산,벡터의 실수배,내분·외분,RPM_VERIFIED,RPM_VERIFIED,CANONICAL_DRAFT,CANONICAL_DRAFT,DEFAULT_SCOPE,True,RPM_H22_GEO
2022,high,기하,벡터,벡터의 성분과 내적,벡터의 성분,성분 계산,RPM_VERIFIED,RPM_VERIFIED,CANONICAL_DRAFT,CANONICAL_DRAFT,DEFAULT_SCOPE,True,RPM_H22_GEO
2022,high,기하,벡터,벡터의 성분과 내적,벡터의 성분,크기,RPM_VERIFIED,RPM_VERIFIED,CANONICAL_DRAFT,CANONICAL_DRAFT,DEFAULT_SCOPE,True,RPM_H22_GEO
2022,high,기하,벡터,벡터의 성분과 내적,내적,내적 계산,RPM_VERIFIED,RPM_VERIFIED,CANONICAL_DRAFT,CANONICAL_DRAFT,DEFAULT_SCOPE,True,RPM_H22_GEO
2022,high,기하,벡터,벡터의 성분과 내적,내적,두 벡터의 각,RPM_VERIFIED,RPM_VERIFIED,CANONICAL_DRAFT,CANONICAL_DRAFT,DEFAULT_SCOPE,True,RPM_H22_GEO
2022,high,기하,벡터,벡터의 성분과 내적,도형에의 활용,수직·평행,RPM_VERIFIED,RPM_VERIFIED,CANONICAL_DRAFT,CANONICAL_DRAFT,DEFAULT_SCOPE,True,RPM_H22_GEO
2022,high,기하,벡터,벡터의 성분과 내적,도형에의 활용,거리·각,RPM_VERIFIED,RPM_VERIFIED,CANONICAL_DRAFT,CANONICAL_DRAFT,DEFAULT_SCOPE,True,RPM_H22_GEO
2022,high,기하,벡터,도형의 방정식,벡터를 이용한 직선,방향벡터,RPM_VERIFIED,RPM_VERIFIED,CANONICAL_DRAFT,CANONICAL_DRAFT,DEFAULT_SCOPE,True,RPM_H22_GEO
2022,high,기하,벡터,도형의 방정식,벡터를 이용한 직선,두 점을 지나는 직선,RPM_VERIFIED,RPM_VERIFIED,CANONICAL_DRAFT,CANONICAL_DRAFT,DEFAULT_SCOPE,True,RPM_H22_GEO
2022,high,기하,벡터,도형의 방정식,벡터를 이용한 평면,법선벡터,RPM_VERIFIED,RPM_VERIFIED,CANONICAL_DRAFT,CANONICAL_DRAFT,DEFAULT_SCOPE,True,RPM_H22_GEO
2022,high,기하,벡터,도형의 방정식,벡터를 이용한 평면,평면의 방정식,RPM_VERIFIED,RPM_VERIFIED,CANONICAL_DRAFT,CANONICAL_DRAFT,DEFAULT_SCOPE,True,RPM_H22_GEO
2022,high,기하,벡터,도형의 방정식,거리와 위치 관계,점과 직선·평면 거리,RPM_VERIFIED,RPM_VERIFIED,CANONICAL_DRAFT,CANONICAL_DRAFT,DEFAULT_SCOPE,True,RPM_H22_GEO
2022,high,기하,벡터,도형의 방정식,거리와 위치 관계,교점·각,RPM_VERIFIED,RPM_VERIFIED,CANONICAL_DRAFT,CANONICAL_DRAFT,DEFAULT_SCOPE,True,RPM_H22_GEO
