questionUid,sourceJsPath,examId,id,displayNo,sourceOrdinal,curriculumVersion,standardCourse,standardUnitKey,standardUnit,standardUnitOrder,subUnitKey,subUnit,subUnitConfidence,subUnitClassificationDepth,questionType,layoutTag,wide,tags,contentHash,choicesHash,answerHash,solutionHash,problemImageRef,problemImageHash,solutionImageRef,solutionImageHash,inlineSvgCount,sourceValidityStatus,independentAnswer,answerParity,solutionQualityStatus,curriculumStatus,visualRequirement,visualRequirementCandidate,visualReasonCode,visualMarkers,visualType,problemVisualSufficiency,scalePolicy,existingSvgStatus,svgRepairStatus,factObligationSet,expectedFactHash,observedFactHash,numericParity,semanticParity,styleLintStatus,renderStatus,metadataStatus,metadataReason,finalVerdict,evidenceRef,assetRefs,questionIndexParity,qKey,sourceFileSha256,solutionPresent,answerValue,scopeStatus,sharedAssetUid,dependencyQuestionUids,dependencyClosureStatus
archive/exams/original/high/h1/1final/22_금당고_1학기_기말_고1_기출.js|22_금당고_1학기_기말_고1_기출|18,archive/exams/original/high/h1/1final/22_금당고_1학기_기말_고1_기출.js,22_금당고_1학기_기말_고1_기출,18,18,18,2015,수학(상),H15-SA-05,이차방정식,5,H15-SA-05-QUADRATIC_SOLVING,이차방정식의 풀이,category_or_cue_inferred,complete_category,단답형,grid,false,단답형|이차방정식|근의위치|정수조건,23e7367c40ad31c77f32a8ab8e333dbdd66d6fd7a125e59ea7acc534e949bc51,4f53cda18c2baa0c0354bb5f9a3ecbe5ed12ab4d8e11ba873c2f11161202b945,db829f716ef2a33bbc4ad39dd3da6d42e6e40cb0530c59df06dd90d25408e9aa,ac3d8675b8533221e24d28de957f22096ddd9388edcbff983ac2a173c6b9cd23,,,,,0,LOADED_VM,,NOT_STARTED,NOT_STARTED,NOT_STARTED,SVG_REQUIRED_MISSING,SVG_REQUIRED_MISSING,GRAPH_OR_FUNCTION_STRUCTURE,,GRAPH_CANDIDATE,NO_PROBLEM_VISUAL,REVIEW_REQUIRED,NONE,NOT_STARTED,,,,NOT_STARTED,NOT_STARTED,NOT_STARTED,NOT_TESTED,PASS,canonical_and_compiled_master_match,INVENTORY_PENDING,01_scope_inventory.csv#archive/exams/original/high/h1/1final/22_금당고_1학기_기말_고1_기출.js|22_금당고_1학기_기말_고1_기출|18,,INDEX_RECORD_PRESENT,original/high/h1/1final/22_금당고_1학기_기말_고1_기출.js_18,4c241cdb54466f474661d78f34d27c9dd5824b9b6c957e998e6d48f881f0d952,true,$-3$,IN_SCOPE_FORWARD,,,CLOSED_NO_SHARED_ASSET
archive/exams/original/high/h1/1final/22_복성고_1학기_기말_고1_기출.js|22_복성고_1학기_기말_고1_기출|7,archive/exams/original/high/h1/1final/22_복성고_1학기_기말_고1_기출.js,22_복성고_1학기_기말_고1_기출,7,7,7,2015,수학(상),H15-SA-05,이차방정식,5,H15-SA-05-EQUATION_BASIC,방정식의 풀이,category_or_cue_inferred,complete_category,객관식,grid,false,객관식|이차함수|최대최소,382d288bb19484e371276ae874955dfcc0546148c91c2b2ccc74b9cb4065fcef,ff782081a4cc25de5ebd8fdb3b10e93e0a2a8b181fb4cabb15c6d4c8f83c7224,d41ea6521f53fb3dfa10cf72e2932f4405d9c999fa422cdc840d25d57e90dd34,0dff89c4da48e4b64663f24027e7239c858b78932b76618f4a3933441648f90a,,,,,0,LOADED_VM,,NOT_STARTED,NOT_STARTED,NOT_STARTED,SVG_OPTIONAL,SVG_OPTIONAL,,,NONE,NO_PROBLEM_VISUAL,N/A,NONE,NOT_STARTED,,,,NOT_STARTED,NOT_STARTED,NOT_STARTED,NOT_TESTED,PASS,canonical_and_compiled_master_match,INVENTORY_PENDING,01_scope_inventory.csv#archive/exams/original/high/h1/1final/22_복성고_1학기_기말_고1_기출.js|22_복성고_1학기_기말_고1_기출|7,,INDEX_RECORD_PRESENT,original/high/h1/1final/22_복성고_1학기_기말_고1_기출.js_7,400e2aca1499c9d907123620c6251a29f161016cdaa1458ca3332a19e0f9df4d,true,④,IN_SCOPE_FORWARD,,,CLOSED_NO_SHARED_ASSET
archive/exams/original/high/h1/1final/22_복성고_1학기_기말_고1_기출.js|22_복성고_1학기_기말_고1_기출|8,archive/exams/original/high/h1/1final/22_복성고_1학기_기말_고1_기출.js,22_복성고_1학기_기말_고1_기출,8,8,8,2015,수학(상),H15-SA-05,이차방정식,5,H15-SA-05-EQUATION_FUNCTION_RELATION,이차방정식과 이차함수의 관계,category_or_cue_inferred,complete_category,객관식,grid,false,객관식|이차함수|교점|판별식,94375897b293abb9df8a3282568b86bbff08e759885320319cc66a427b4b9f1c,ff782081a4cc25de5ebd8fdb3b10e93e0a2a8b181fb4cabb15c6d4c8f83c7224,b15be6cb71072b84f7e1e198ce023fc5bb8b1e625335904ddcf3cffcd8b7312b,b1c45994371c838f311737813f5c84b757adb7267d02a26666ef56eb17f80bd6,,,,,0,LOADED_VM,,NOT_STARTED,NOT_STARTED,NOT_STARTED,SVG_REQUIRED_MISSING,SVG_REQUIRED_MISSING,GRAPH_OR_FUNCTION_STRUCTURE|COORDINATE_OR_GEOMETRY_STRUCTURE|TABLE_OR_MATRIX_STRUCTURE,,GRAPH_CANDIDATE,NO_PROBLEM_VISUAL,REVIEW_REQUIRED,NONE,NOT_STARTED,,,,NOT_STARTED,NOT_STARTED,NOT_STARTED,NOT_TESTED,PASS,canonical_and_compiled_master_match,INVENTORY_PENDING,01_scope_inventory.csv#archive/exams/original/high/h1/1final/22_복성고_1학기_기말_고1_기출.js|22_복성고_1학기_기말_고1_기출|8,,INDEX_RECORD_PRESENT,original/high/h1/1final/22_복성고_1학기_기말_고1_기출.js_8,400e2aca1499c9d907123620c6251a29f161016cdaa1458ca3332a19e0f9df4d,true,③,IN_SCOPE_FORWARD,,,CLOSED_NO_SHARED_ASSET
archive/exams/original/high/h1/1final/22_복성고_1학기_기말_고1_기출.js|22_복성고_1학기_기말_고1_기출|17,archive/exams/original/high/h1/1final/22_복성고_1학기_기말_고1_기출.js,22_복성고_1학기_기말_고1_기출,17,17,17,2015,수학(상),H15-SA-05,이차방정식,5,H15-SA-05-EQUATION_FUNCTION_RELATION,이차방정식과 이차함수의 관계,category_or_cue_inferred,complete_category,객관식,grid,false,객관식|이차함수|판별식|항등식,7f2234554650a29fb969f8a7000a572eb568ae57a97767e25b2b19d85784356a,d601fd23445f2769d635c0f649aaf6d04b385a7d56c029a78b68ab105d958e27,0bdef091c479702584f065d3a3714f8a76f851b3f0cf10912f345a5dd930b0a8,8aa61adc330f0ad00feee2bbb15b60b72c3b4c5a6994f839b052e143253697a2,,,,,0,LOADED_VM,,NOT_STARTED,NOT_STARTED,NOT_STARTED,SVG_REQUIRED_MISSING,SVG_REQUIRED_MISSING,GRAPH_OR_FUNCTION_STRUCTURE,,GRAPH_CANDIDATE,NO_PROBLEM_VISUAL,REVIEW_REQUIRED,NONE,NOT_STARTED,,,,NOT_STARTED,NOT_STARTED,NOT_STARTED,NOT_TESTED,PASS,canonical_and_compiled_master_match,INVENTORY_PENDING,01_scope_inventory.csv#archive/exams/original/high/h1/1final/22_복성고_1학기_기말_고1_기출.js|22_복성고_1학기_기말_고1_기출|17,,INDEX_RECORD_PRESENT,original/high/h1/1final/22_복성고_1학기_기말_고1_기출.js_17,400e2aca1499c9d907123620c6251a29f161016cdaa1458ca3332a19e0f9df4d,true,⑤,IN_SCOPE_FORWARD,,,CLOSED_NO_SHARED_ASSET
archive/exams/original/high/h1/1final/22_복성고_1학기_기말_고1_기출.js|22_복성고_1학기_기말_고1_기출|21,archive/exams/original/high/h1/1final/22_복성고_1학기_기말_고1_기출.js,22_복성고_1학기_기말_고1_기출,21,21,21,2015,수학(상),H15-SA-05,이차방정식,5,H15-SA-05-QUADRATIC_SOLVING,이차방정식의 풀이,category_or_cue_inferred,complete_category,서술형,grid,false,서술형|이차방정식|근과계수|자연수조건,e596037724b3d0fe192bc1dd2a8830a2704c89fc7af5e8a2cab2e821fdc45e3d,4f53cda18c2baa0c0354bb5f9a3ecbe5ed12ab4d8e11ba873c2f11161202b945,bc7a42ec1f42723d6d7386239f7f105b2a1a5b12667f19c2e71d50adcf625090,622b9fcc91a6cb3b48f7912a3dab33175070c2c6c5c50fe257661153f53451fc,,,,,0,LOADED_VM,,NOT_STARTED,NOT_STARTED,NOT_STARTED,SVG_REQUIRED_MISSING,SVG_REQUIRED_MISSING,COUNTING_STRUCTURE,,VISUAL_CANDIDATE,NO_PROBLEM_VISUAL,SCHEMATIC_OR_REVIEW,NONE,NOT_STARTED,,,,NOT_STARTED,NOT_STARTED,NOT_STARTED,NOT_TESTED,PASS,canonical_and_compiled_master_match,INVENTORY_PENDING,01_scope_inventory.csv#archive/exams/original/high/h1/1final/22_복성고_1학기_기말_고1_기출.js|22_복성고_1학기_기말_고1_기출|21,,INDEX_RECORD_PRESENT,original/high/h1/1final/22_복성고_1학기_기말_고1_기출.js_21,400e2aca1499c9d907123620c6251a29f161016cdaa1458ca3332a19e0f9df4d,true,"$a=1,\ b=6,\ c=3$",IN_SCOPE_FORWARD,,,CLOSED_NO_SHARED_ASSET
archive/exams/original/high/h1/1final/22_복성고_1학기_기말_고1_기출.js|22_복성고_1학기_기말_고1_기출|22,archive/exams/original/high/h1/1final/22_복성고_1학기_기말_고1_기출.js,22_복성고_1학기_기말_고1_기출,22,22,22,2015,수학(상),H15-SA-05,이차방정식,5,H15-SA-05-EQUATION_FUNCTION_RELATION,이차방정식과 이차함수의 관계,category_or_cue_inferred,complete_category,서술형,grid,false,서술형|이차함수|판별식|교점,072706cc374ac933bf88527282f361c4c2bf99bcdf4fa66817254b8d2fb0075c,4f53cda18c2baa0c0354bb5f9a3ecbe5ed12ab4d8e11ba873c2f11161202b945,20a4d62db51eaae8560cad2fc7ae9a334117cd2d475f4c41dd288116c9e04da5,835c607ae4fada75ef581fed705b059987b03a0b9eee7ed65a805de8945c0a0c,,,,,0,LOADED_VM,,NOT_STARTED,NOT_STARTED,NOT_STARTED,SVG_REQUIRED_MISSING,SVG_REQUIRED_MISSING,GRAPH_OR_FUNCTION_STRUCTURE|COORDINATE_OR_GEOMETRY_STRUCTURE,,GRAPH_CANDIDATE,NO_PROBLEM_VISUAL,REVIEW_REQUIRED,NONE,NOT_STARTED,,,,NOT_STARTED,NOT_STARTED,NOT_STARTED,NOT_TESTED,PASS,canonical_and_compiled_master_match,INVENTORY_PENDING,01_scope_inventory.csv#archive/exams/original/high/h1/1final/22_복성고_1학기_기말_고1_기출.js|22_복성고_1학기_기말_고1_기출|22,,INDEX_RECORD_PRESENT,original/high/h1/1final/22_복성고_1학기_기말_고1_기출.js_22,400e2aca1499c9d907123620c6251a29f161016cdaa1458ca3332a19e0f9df4d,true,(1) $2$ / (2) $h(k)=\begin{cases}2&(k<4)\\1&(k=4)\\0&(k>4)\end{cases}$ / (3) $2$,IN_SCOPE_FORWARD,,,CLOSED_NO_SHARED_ASSET
archive/exams/original/high/h1/1final/22_순천여고_1학기_기말_고1_기출.js|22_순천여고_1학기_기말_고1_기출|11,archive/exams/original/high/h1/1final/22_순천여고_1학기_기말_고1_기출.js,22_순천여고_1학기_기말_고1_기출,11,11,11,2015,수학(상),H15-SA-05,이차방정식,5,H15-SA-05-EQUATION_FUNCTION_RELATION,이차방정식과 이차함수의 관계,category_or_cue_inferred,complete_category,객관식,grid,true,객관식|이차함수|고1|1학기기말,8e04d5d8b723023e86024221b1ec7b178c8f92daafd5e448fafdd05da52143f5,6b5efcbfd58b6e0cb03350b84707e562c094361124a639b25d484295f3b2024e,973d2fd2f97e26a666f403b12da6d87e527985b36bcf4ff0a47c7e7e8c36321a,83845814fb19ba3036620511c3e1e8056a6360405bcac25e0a0a47cbe0b93d5f,assets/images/22_순천여고_1학기_기말_고1_기출/q11.png,bd487805ab118bcbed7aa0e1444277af781b78796bea3b4b6ed5debdac44260c,,,0,LOADED_VM,,NOT_STARTED,NOT_STARTED,NOT_STARTED,SVG_REQUIRED_MISSING,SVG_REQUIRED_MISSING,GRAPH_OR_FUNCTION_STRUCTURE,,GRAPH_CANDIDATE,PROBLEM_VISUAL_PRESENT,REVIEW_REQUIRED,NONE,NOT_STARTED,,,,NOT_STARTED,NOT_STARTED,NOT_STARTED,NOT_TESTED,PASS,canonical_and_compiled_master_match,INVENTORY_PENDING,01_scope_inventory.csv#archive/exams/original/high/h1/1final/22_순천여고_1학기_기말_고1_기출.js|22_순천여고_1학기_기말_고1_기출|11,[object Object],INDEX_RECORD_PRESENT,original/high/h1/1final/22_순천여고_1학기_기말_고1_기출.js_11,75ecfd5bd4c09cc853c3b0a6416d8b44883b28224ed38685665517a5e5cc7232,true,①,IN_SCOPE_FORWARD,,,CLOSED_NO_SHARED_ASSET
archive/exams/original/high/h1/1final/22_순천여고_1학기_기말_고1_기출.js|22_순천여고_1학기_기말_고1_기출|21,archive/exams/original/high/h1/1final/22_순천여고_1학기_기말_고1_기출.js,22_순천여고_1학기_기말_고1_기출,21,21,21,2015,수학(상),H15-SA-05,이차방정식,5,H15-SA-05-EQUATION_FUNCTION_RELATION,이차방정식과 이차함수의 관계,category_or_cue_inferred,complete_category,단답형,grid,false,서술형|이차함수|평행이동|꼭짓점|고1,9acabf706f318906e20aa07f0bb7c53c47b20147962666bcb97c40e7e304d579,4f53cda18c2baa0c0354bb5f9a3ecbe5ed12ab4d8e11ba873c2f11161202b945,6c4d79c36f4e618d2ea5a5bbc198e00f926921e1ff2cd1ff6752393602a51ddf,12c934ec5d5eafffd79ad54d0335630a8086acf70ae9291aaecde942376e5b93,,,,,0,LOADED_VM,,NOT_STARTED,NOT_STARTED,NOT_STARTED,SVG_REQUIRED_MISSING,SVG_REQUIRED_MISSING,GRAPH_OR_FUNCTION_STRUCTURE|COORDINATE_OR_GEOMETRY_STRUCTURE|TABLE_OR_MATRIX_STRUCTURE,,GRAPH_CANDIDATE,NO_PROBLEM_VISUAL,REVIEW_REQUIRED,NONE,NOT_STARTED,,,,NOT_STARTED,NOT_STARTED,NOT_STARTED,NOT_TESTED,PASS,canonical_and_compiled_master_match,INVENTORY_PENDING,01_scope_inventory.csv#archive/exams/original/high/h1/1final/22_순천여고_1학기_기말_고1_기출.js|22_순천여고_1학기_기말_고1_기출|21,,INDEX_RECORD_PRESENT,original/high/h1/1final/22_순천여고_1학기_기말_고1_기출.js_21,75ecfd5bd4c09cc853c3b0a6416d8b44883b28224ed38685665517a5e5cc7232,true,"$a=-3,\ b=1$",IN_SCOPE_FORWARD,,,CLOSED_NO_SHARED_ASSET
archive/exams/original/high/h1/1final/22_순천여고_1학기_기말_고1_기출.js|22_순천여고_1학기_기말_고1_기출|22,archive/exams/original/high/h1/1final/22_순천여고_1학기_기말_고1_기출.js,22_순천여고_1학기_기말_고1_기출,22,22,22,2015,수학(상),H15-SA-05,이차방정식,5,H15-SA-05-INEQUALITY_BASIC,부등식의 풀이,category_or_cue_inferred,complete_category,단답형,grid,false,서술형|이차다항식|부등식|최솟값|고1,9b98f993c43a3cd28acf3a3b1aabe90286df6ac02c7fce1a5718800ab59b1ca3,4f53cda18c2baa0c0354bb5f9a3ecbe5ed12ab4d8e11ba873c2f11161202b945,9012a65e74a72e454b3280b24f07b665b011e309b31cb5cd23733a795f59301f,40d1971084d82292990edcf26c06f23d1cc30607bcbceb8f6cb4cc6f19da706f,,,,,0,LOADED_VM,,NOT_STARTED,NOT_STARTED,NOT_STARTED,SVG_OPTIONAL,SVG_OPTIONAL,,,NONE,NO_PROBLEM_VISUAL,N/A,NONE,NOT_STARTED,,,,NOT_STARTED,NOT_STARTED,NOT_STARTED,NOT_TESTED,PASS,canonical_and_compiled_master_match,INVENTORY_PENDING,01_scope_inventory.csv#archive/exams/original/high/h1/1final/22_순천여고_1학기_기말_고1_기출.js|22_순천여고_1학기_기말_고1_기출|22,,INDEX_RECORD_PRESENT,original/high/h1/1final/22_순천여고_1학기_기말_고1_기출.js_22,75ecfd5bd4c09cc853c3b0a6416d8b44883b28224ed38685665517a5e5cc7232,true,$11$,IN_SCOPE_FORWARD,,,CLOSED_NO_SHARED_ASSET
archive/exams/original/high/h1/1final/22_효천고_1학기_기말_고1_기출.js|22_효천고_1학기_기말_고1_기출|9,archive/exams/original/high/h1/1final/22_효천고_1학기_기말_고1_기출.js,22_효천고_1학기_기말_고1_기출,9,9,9,2015,수학(상),H15-SA-05,이차방정식,5,H15-SA-05-EQUATION_FUNCTION_RELATION,이차방정식과 이차함수의 관계,category_or_cue_inferred,complete_category,객관식,grid,false,객관식|이차함수|최대최소,e08b5c60c9d77313c1e12e8c4b67bdb0ea8881053f368a9fa334256ef9b823a6,47033b69ef3e934a32371dd68d992e91d31084183390a83867b7c2877c798cbd,dfde05a3668030e99ca64d8d4ae5f6b64c7a87cee61c0ba43904b92ef210191d,52e93bca7626149ae61089962995f93f9cc4e9747727b65001c34f6b9b238110,,,,,0,LOADED_VM,,NOT_STARTED,NOT_STARTED,NOT_STARTED,SVG_REQUIRED_MISSING,SVG_REQUIRED_MISSING,GRAPH_OR_FUNCTION_STRUCTURE|COORDINATE_OR_GEOMETRY_STRUCTURE|TABLE_OR_MATRIX_STRUCTURE,,GRAPH_CANDIDATE,NO_PROBLEM_VISUAL,REVIEW_REQUIRED,NONE,NOT_STARTED,,,,NOT_STARTED,NOT_STARTED,NOT_STARTED,NOT_TESTED,PASS,canonical_and_compiled_master_match,INVENTORY_PENDING,01_scope_inventory.csv#archive/exams/original/high/h1/1final/22_효천고_1학기_기말_고1_기출.js|22_효천고_1학기_기말_고1_기출|9,,INDEX_RECORD_PRESENT,original/high/h1/1final/22_효천고_1학기_기말_고1_기출.js_9,1a5b076b33ec714ab8a8ad40427d24dd700021e9b3aa019bfb56c29e3650434a,true,②,IN_SCOPE_FORWARD,,,CLOSED_NO_SHARED_ASSET
archive/exams/original/high/h1/1final/22_효천고_1학기_기말_고1_기출.js|22_효천고_1학기_기말_고1_기출|15,archive/exams/original/high/h1/1final/22_효천고_1학기_기말_고1_기출.js,22_효천고_1학기_기말_고1_기출,15,15,15,2015,수학(상),H15-SA-05,이차방정식,5,H15-SA-05-EQUATION_FUNCTION_RELATION,이차방정식과 이차함수의 관계,category_or_cue_inferred,complete_category,객관식,grid,false,객관식|이차함수|최대최소|범위,fbee1aca8506a7e89b345f10fb46a00facdb4348e8e4489dd8f94dc3db2c30f4,ed233e6b3aa03a196b12af07c7480441d6dcd22ab1a662436cea92a9e64fb60c,dfde05a3668030e99ca64d8d4ae5f6b64c7a87cee61c0ba43904b92ef210191d,605ef9bf56a70b4487dc2781c466a64280aa23fbcccaaf3de3274901ecc9f160,,,,,0,LOADED_VM,,NOT_STARTED,NOT_STARTED,NOT_STARTED,SVG_REQUIRED_MISSING,SVG_REQUIRED_MISSING,GRAPH_OR_FUNCTION_STRUCTURE|COORDINATE_OR_GEOMETRY_STRUCTURE|TABLE_OR_MATRIX_STRUCTURE,,GRAPH_CANDIDATE,NO_PROBLEM_VISUAL,REVIEW_REQUIRED,NONE,NOT_STARTED,,,,NOT_STARTED,NOT_STARTED,NOT_STARTED,NOT_TESTED,PASS,canonical_and_compiled_master_match,INVENTORY_PENDING,01_scope_inventory.csv#archive/exams/original/high/h1/1final/22_효천고_1학기_기말_고1_기출.js|22_효천고_1학기_기말_고1_기출|15,,INDEX_RECORD_PRESENT,original/high/h1/1final/22_효천고_1학기_기말_고1_기출.js_15,1a5b076b33ec714ab8a8ad40427d24dd700021e9b3aa019bfb56c29e3650434a,true,②,IN_SCOPE_FORWARD,,,CLOSED_NO_SHARED_ASSET
archive/exams/original/high/h1/1final/23_금당고_1학기_기말_고1_기출.js|23_금당고_1학기_기말_고1_기출|16,archive/exams/original/high/h1/1final/23_금당고_1학기_기말_고1_기출.js,23_금당고_1학기_기말_고1_기출,16,16,16,2015,수학(상),H15-SA-05,이차방정식,5,H15-SA-05-QUADRATIC_SOLVING,이차방정식의 풀이,category_or_cue_inferred,complete_category,객관식,grid,false,객관식|이차방정식|고1|기말,031e938f4bca5927772bfcad542ba0e36f51ecfc9dbb5b20e4e56312bd6dd67c,893192afe1e85420cb3e972f0395e69a6db91f9b380ccd8243171ff23e1d655d,d41ea6521f53fb3dfa10cf72e2932f4405d9c999fa422cdc840d25d57e90dd34,02ac25bd9beb9bc73e610dc7e2f6a3ab00c5a92f8a48ac2ddb3d90e1178fe874,,,,,0,LOADED_VM,,NOT_STARTED,NOT_STARTED,NOT_STARTED,SVG_REQUIRED_MISSING,SVG_REQUIRED_MISSING,GRAPH_OR_FUNCTION_STRUCTURE|COORDINATE_OR_GEOMETRY_STRUCTURE|TABLE_OR_MATRIX_STRUCTURE,,GRAPH_CANDIDATE,NO_PROBLEM_VISUAL,REVIEW_REQUIRED,NONE,NOT_STARTED,,,,NOT_STARTED,NOT_STARTED,NOT_STARTED,NOT_TESTED,PASS,canonical_and_compiled_master_match,INVENTORY_PENDING,01_scope_inventory.csv#archive/exams/original/high/h1/1final/23_금당고_1학기_기말_고1_기출.js|23_금당고_1학기_기말_고1_기출|16,,INDEX_RECORD_PRESENT,original/high/h1/1final/23_금당고_1학기_기말_고1_기출.js_16,005eb72b00e3af463006c36da612ba1fc04c4fbca79d217d810b485a98837209,true,④,IN_SCOPE_FORWARD,,,CLOSED_NO_SHARED_ASSET
archive/exams/original/high/h1/1final/23_순천여고_1학기_기말_고1_기출.js|23_순천여고_1학기_기말_고1_기출|20,archive/exams/original/high/h1/1final/23_순천여고_1학기_기말_고1_기출.js,23_순천여고_1학기_기말_고1_기출,20,20,20,2015,수학(상),H15-SA-05,이차방정식,5,H15-SA-05-EQUATION_FUNCTION_RELATION,이차방정식과 이차함수의 관계,category_or_cue_inferred,complete_category,객관식,grid,false,그래프,b3db889304fd85dbd869a93db8f84e9551bf0d49dbfe6e5ab95f97578cccb35c,f2ad8d72c9f55a481d51cd03171fd30ab7d973ada739a90512ea0e76f83dd132,d41ea6521f53fb3dfa10cf72e2932f4405d9c999fa422cdc840d25d57e90dd34,d45bd17fcd41442940551b77081e290dcda6b3bcfbaa5da91951776b9b260d2e,assets/images/23_순천여고_1학기_기말_고1_기출/q20.png,e8b692011ec932ebfc50a3f47e4691431db70c156da519c77d8febe08d087e16,,,0,LOADED_VM,,NOT_STARTED,NOT_STARTED,NOT_STARTED,SVG_REQUIRED_MISSING,SVG_REQUIRED_MISSING,GRAPH_OR_FUNCTION_STRUCTURE|COORDINATE_OR_GEOMETRY_STRUCTURE|TABLE_OR_MATRIX_STRUCTURE,,GRAPH_CANDIDATE,PROBLEM_VISUAL_PRESENT,REVIEW_REQUIRED,NONE,NOT_STARTED,,,,NOT_STARTED,NOT_STARTED,NOT_STARTED,NOT_TESTED,PASS,canonical_and_compiled_master_match,INVENTORY_PENDING,01_scope_inventory.csv#archive/exams/original/high/h1/1final/23_순천여고_1학기_기말_고1_기출.js|23_순천여고_1학기_기말_고1_기출|20,[object Object],INDEX_RECORD_PRESENT,original/high/h1/1final/23_순천여고_1학기_기말_고1_기출.js_20,19e4cd9a1bbb6207b1d172298be76c4cdfcac65ca26b2ddc3e28ad06a393cd9d,true,④,IN_SCOPE_FORWARD,,,CLOSED_NO_SHARED_ASSET
archive/exams/original/high/h1/1final/23_순천여고_1학기_기말_고1_기출.js|23_순천여고_1학기_기말_고1_기출|23,archive/exams/original/high/h1/1final/23_순천여고_1학기_기말_고1_기출.js,23_순천여고_1학기_기말_고1_기출,23,23,23,2015,수학(상),H15-SA-05,이차방정식,5,H15-SA-05-EQUATION_FUNCTION_RELATION,이차방정식과 이차함수의 관계,category_or_cue_inferred,complete_category,서술형,grid,false,서술형|그래프,26bcefa2c3318669bb8a37a06af87cba6054fabfdec8743f8f1cd54e530140e5,4f53cda18c2baa0c0354bb5f9a3ecbe5ed12ab4d8e11ba873c2f11161202b945,7b9fa0b2c0d71dab10c551e0e6fd17ee1e765f34b91fb0f50b8e51cc49a51888,3033b03e52543177249e24334abf4299b9e8a3e7855a58e10873756119470c6f,assets/images/23_순천여고_1학기_기말_고1_기출/q23.png,058a0dfc149b3e61617333b678c582dc563cfe2ea218c1ed119e87176d84a0fc,,,0,LOADED_VM,,NOT_STARTED,NOT_STARTED,NOT_STARTED,SVG_REQUIRED_MISSING,SVG_REQUIRED_MISSING,GRAPH_OR_FUNCTION_STRUCTURE|COORDINATE_OR_GEOMETRY_STRUCTURE|TABLE_OR_MATRIX_STRUCTURE,,GRAPH_CANDIDATE,PROBLEM_VISUAL_PRESENT,REVIEW_REQUIRED,NONE,NOT_STARTED,,,,NOT_STARTED,NOT_STARTED,NOT_STARTED,NOT_TESTED,PASS,canonical_and_compiled_master_match,INVENTORY_PENDING,01_scope_inventory.csv#archive/exams/original/high/h1/1final/23_순천여고_1학기_기말_고1_기출.js|23_순천여고_1학기_기말_고1_기출|23,[object Object],INDEX_RECORD_PRESENT,original/high/h1/1final/23_순천여고_1학기_기말_고1_기출.js_23,19e4cd9a1bbb6207b1d172298be76c4cdfcac65ca26b2ddc3e28ad06a393cd9d,true,"$a=\dfrac32$, $b=\dfrac92$",IN_SCOPE_FORWARD,,,CLOSED_NO_SHARED_ASSET
archive/exams/original/high/h1/1final/23_제일고_1학기_기말_고1_기출.js|23_제일고_1학기_기말_고1_기출|2,archive/exams/original/high/h1/1final/23_제일고_1학기_기말_고1_기출.js,23_제일고_1학기_기말_고1_기출,2,2,2,2015,수학(상),H15-SA-05,이차방정식,5,H15-SA-05-QUADRATIC_SOLVING,이차방정식의 풀이,category_or_cue_inferred,complete_category,객관식,grid,false,객관식|이차방정식|중근|판별식,477729fd7184319e2e114b782825975dacb283b25800ae86625c303c4031111c,3cc19e370a6671b60f17396fd032ed6593aa1547f8af80d6ab8d949018911b5e,d41ea6521f53fb3dfa10cf72e2932f4405d9c999fa422cdc840d25d57e90dd34,79d8d1c5349523fa745cff1dfe95c68c014cf84654cbaf80590e6bb1f606a82e,,,,,0,LOADED_VM,,NOT_STARTED,NOT_STARTED,NOT_STARTED,SVG_OPTIONAL,SVG_OPTIONAL,,,NONE,NO_PROBLEM_VISUAL,N/A,NONE,NOT_STARTED,,,,NOT_STARTED,NOT_STARTED,NOT_STARTED,NOT_TESTED,PASS,canonical_and_compiled_master_match,INVENTORY_PENDING,01_scope_inventory.csv#archive/exams/original/high/h1/1final/23_제일고_1학기_기말_고1_기출.js|23_제일고_1학기_기말_고1_기출|2,,INDEX_RECORD_PRESENT,original/high/h1/1final/23_제일고_1학기_기말_고1_기출.js_2,40d505e56bdf2bd76df68db0f6ef5c69a00e2677a3899eec811ab109b49a9b4a,true,④,IN_SCOPE_FORWARD,,,CLOSED_NO_SHARED_ASSET
archive/exams/original/high/h1/1final/23_제일고_1학기_기말_고1_기출.js|23_제일고_1학기_기말_고1_기출|3,archive/exams/original/high/h1/1final/23_제일고_1학기_기말_고1_기출.js,23_제일고_1학기_기말_고1_기출,3,3,3,2015,수학(상),H15-SA-05,이차방정식,5,H15-SA-05-EQUATION_FUNCTION_RELATION,이차방정식과 이차함수의 관계,category_or_cue_inferred,complete_category,객관식,grid,false,객관식|이차함수|최대최소|구간,cdf95035d5e1e5a989939aa5b1593f53476cca0f0abf41b9ab7b64bee7dd6684,3cc19e370a6671b60f17396fd032ed6593aa1547f8af80d6ab8d949018911b5e,0bdef091c479702584f065d3a3714f8a76f851b3f0cf10912f345a5dd930b0a8,73162de5aa2661b11012c60757af4d6d445a98caeaa0f46f8e2342480ef3c7de,,,,,0,LOADED_VM,,NOT_STARTED,NOT_STARTED,NOT_STARTED,SVG_REQUIRED_MISSING,SVG_REQUIRED_MISSING,GRAPH_OR_FUNCTION_STRUCTURE,,GRAPH_CANDIDATE,NO_PROBLEM_VISUAL,REVIEW_REQUIRED,NONE,NOT_STARTED,,,,NOT_STARTED,NOT_STARTED,NOT_STARTED,NOT_TESTED,PASS,canonical_and_compiled_master_match,INVENTORY_PENDING,01_scope_inventory.csv#archive/exams/original/high/h1/1final/23_제일고_1학기_기말_고1_기출.js|23_제일고_1학기_기말_고1_기출|3,,INDEX_RECORD_PRESENT,original/high/h1/1final/23_제일고_1학기_기말_고1_기출.js_3,40d505e56bdf2bd76df68db0f6ef5c69a00e2677a3899eec811ab109b49a9b4a,true,⑤,IN_SCOPE_FORWARD,,,CLOSED_NO_SHARED_ASSET
archive/exams/original/high/h1/1final/23_제일고_1학기_기말_고1_기출.js|23_제일고_1학기_기말_고1_기출|9,archive/exams/original/high/h1/1final/23_제일고_1학기_기말_고1_기출.js,23_제일고_1학기_기말_고1_기출,9,9,9,2015,수학(상),H15-SA-05,이차방정식,5,H15-SA-05-EQUATION_FUNCTION_RELATION,이차방정식과 이차함수의 관계,category_or_cue_inferred,complete_category,객관식,grid,false,객관식|이차함수|접선|판별식|수직,8b2a08f23758f203ca172ec9b8a8cb47252b0c578f79aa981f52c9cab5a8df82,3cc19e370a6671b60f17396fd032ed6593aa1547f8af80d6ab8d949018911b5e,973d2fd2f97e26a666f403b12da6d87e527985b36bcf4ff0a47c7e7e8c36321a,bae9328fb56d4198feadf4111003d027728aee31ef16b795204279b3511e9b31,,,,,0,LOADED_VM,,NOT_STARTED,NOT_STARTED,NOT_STARTED,SVG_REQUIRED_MISSING,SVG_REQUIRED_MISSING,GRAPH_OR_FUNCTION_STRUCTURE|COORDINATE_OR_GEOMETRY_STRUCTURE,,GRAPH_CANDIDATE,NO_PROBLEM_VISUAL,REVIEW_REQUIRED,NONE,NOT_STARTED,,,,NOT_STARTED,NOT_STARTED,NOT_STARTED,NOT_TESTED,PASS,canonical_and_compiled_master_match,INVENTORY_PENDING,01_scope_inventory.csv#archive/exams/original/high/h1/1final/23_제일고_1학기_기말_고1_기출.js|23_제일고_1학기_기말_고1_기출|9,,INDEX_RECORD_PRESENT,original/high/h1/1final/23_제일고_1학기_기말_고1_기출.js_9,40d505e56bdf2bd76df68db0f6ef5c69a00e2677a3899eec811ab109b49a9b4a,true,①,IN_SCOPE_FORWARD,,,CLOSED_NO_SHARED_ASSET
archive/exams/original/high/h1/1final/24_제일고_1학기_기말_고1_기출.js|24_제일고_1학기_기말_고1_기출|1,archive/exams/original/high/h1/1final/24_제일고_1학기_기말_고1_기출.js,24_제일고_1학기_기말_고1_기출,1,1,1,2015,수학(상),H15-SA-05,이차방정식,5,H15-SA-05-QUADRATIC_SOLVING,이차방정식의 풀이,category_or_cue_inferred,complete_category,객관식,grid,false,객관식|이차방정식|판별식|이차함수,b645b4ee3998a360c2e442930bb31e341a80f8a6487a15d8c23350b5b4c6a42e,3cc19e370a6671b60f17396fd032ed6593aa1547f8af80d6ab8d949018911b5e,d41ea6521f53fb3dfa10cf72e2932f4405d9c999fa422cdc840d25d57e90dd34,44d546d5c2457214ead4956dbfb08763446182ef22902f64cc95ba203938c0f0,,,,,0,LOADED_VM,,NOT_STARTED,NOT_STARTED,NOT_STARTED,SVG_REQUIRED_MISSING,SVG_REQUIRED_MISSING,GRAPH_OR_FUNCTION_STRUCTURE,,GRAPH_CANDIDATE,NO_PROBLEM_VISUAL,REVIEW_REQUIRED,NONE,NOT_STARTED,,,,NOT_STARTED,NOT_STARTED,NOT_STARTED,NOT_TESTED,PASS,canonical_and_compiled_master_match,INVENTORY_PENDING,01_scope_inventory.csv#archive/exams/original/high/h1/1final/24_제일고_1학기_기말_고1_기출.js|24_제일고_1학기_기말_고1_기출|1,,INDEX_RECORD_PRESENT,original/high/h1/1final/24_제일고_1학기_기말_고1_기출.js_1,6c155378316a391038a72d44207b9af9290be51abf5473c565f7595d9d69cb0b,true,④,IN_SCOPE_FORWARD,,,CLOSED_NO_SHARED_ASSET
archive/exams/original/high/h1/1final/24_제일고_1학기_기말_고1_기출.js|24_제일고_1학기_기말_고1_기출|2,archive/exams/original/high/h1/1final/24_제일고_1학기_기말_고1_기출.js,24_제일고_1학기_기말_고1_기출,2,2,2,2015,수학(상),H15-SA-05,이차방정식,5,H15-SA-05-EQUATION_FUNCTION_RELATION,이차방정식과 이차함수의 관계,category_or_cue_inferred,complete_category,객관식,grid,false,객관식|이차방정식|판별식|이차함수,1c9b187b2755b580acc829adccd3a7b0c14141f3aea1eec8a3950935d3f93785,3cc19e370a6671b60f17396fd032ed6593aa1547f8af80d6ab8d949018911b5e,b15be6cb71072b84f7e1e198ce023fc5bb8b1e625335904ddcf3cffcd8b7312b,0c692af2ec95397043264cbad246dd1516e294caaca69c2151ae2de7008e3167,,,,,0,LOADED_VM,,NOT_STARTED,NOT_STARTED,NOT_STARTED,SVG_REQUIRED_MISSING,SVG_REQUIRED_MISSING,GRAPH_OR_FUNCTION_STRUCTURE|COORDINATE_OR_GEOMETRY_STRUCTURE,,GRAPH_CANDIDATE,NO_PROBLEM_VISUAL,REVIEW_REQUIRED,NONE,NOT_STARTED,,,,NOT_STARTED,NOT_STARTED,NOT_STARTED,NOT_TESTED,PASS,canonical_and_compiled_master_match,INVENTORY_PENDING,01_scope_inventory.csv#archive/exams/original/high/h1/1final/24_제일고_1학기_기말_고1_기출.js|24_제일고_1학기_기말_고1_기출|2,,INDEX_RECORD_PRESENT,original/high/h1/1final/24_제일고_1학기_기말_고1_기출.js_2,6c155378316a391038a72d44207b9af9290be51abf5473c565f7595d9d69cb0b,true,③,IN_SCOPE_FORWARD,,,CLOSED_NO_SHARED_ASSET
archive/exams/original/high/h1/1final/24_제일고_1학기_기말_고1_기출.js|24_제일고_1학기_기말_고1_기출|20,archive/exams/original/high/h1/1final/24_제일고_1학기_기말_고1_기출.js,24_제일고_1학기_기말_고1_기출,20,20,20,2015,수학(상),H15-SA-05,이차방정식,5,H15-SA-05-EQUATION_BASIC,방정식의 풀이,category_or_cue_inferred,complete_category,서술형,grid,false,서술형|이차함수|최대최소|완전제곱,393e2042c5cfd2f9674c6fca47281fc1091572a7b0e69bd0eda11666da44417f,4f53cda18c2baa0c0354bb5f9a3ecbe5ed12ab4d8e11ba873c2f11161202b945,92e9e7e5922d26e17e48f0869ab25cc99499fdab722c065de8e0965c96c68e86,074ca46905af3357916f67c56eaa153cd90ded58697206d9f65576b5865229be,,,,,0,LOADED_VM,,NOT_STARTED,NOT_STARTED,NOT_STARTED,SVG_OPTIONAL,SVG_OPTIONAL,,,NONE,NO_PROBLEM_VISUAL,N/A,NONE,NOT_STARTED,,,,NOT_STARTED,NOT_STARTED,NOT_STARTED,NOT_TESTED,PASS,canonical_and_compiled_master_match,INVENTORY_PENDING,01_scope_inventory.csv#archive/exams/original/high/h1/1final/24_제일고_1학기_기말_고1_기출.js|24_제일고_1학기_기말_고1_기출|20,,INDEX_RECORD_PRESENT,original/high/h1/1final/24_제일고_1학기_기말_고1_기출.js_20,6c155378316a391038a72d44207b9af9290be51abf5473c565f7595d9d69cb0b,true,6,IN_SCOPE_FORWARD,,,CLOSED_NO_SHARED_ASSET
archive/exams/original/high/h1/1final/25_강남여고_1학기_기말_고1_기출c.js|25_강남여고_1학기_기말_고1_기출|5,archive/exams/original/high/h1/1final/25_강남여고_1학기_기말_고1_기출c.js,25_강남여고_1학기_기말_고1_기출,5,5,5,2022,공통수학1,H22-C-05,이차방정식과 이차함수,5,H22-C-05-QUADRATIC_EQUATION,이차방정식,category_or_cue_inferred,complete_category,객관식,grid,false,객관식|완전제곱식|이차방정식|이차함수|최대최소|함수|조건해석|계산,5088424b48b422feafa22941cc0dafbce7d73aa90c41abb7c05a21bb33713f33,119a6d81cf8b830697ba7ba1e4042113a222c8a082c3619f03f917d8c647f06f,d41ea6521f53fb3dfa10cf72e2932f4405d9c999fa422cdc840d25d57e90dd34,bf8aaeb5a1c23d524ea24d64159d3b0bb36d502e26146e1efbae8efaf59efa97,,,,,0,LOADED_VM,,NOT_STARTED,NOT_STARTED,NOT_STARTED,SVG_REQUIRED_MISSING,SVG_REQUIRED_MISSING,GRAPH_OR_FUNCTION_STRUCTURE,,GRAPH_CANDIDATE,NO_PROBLEM_VISUAL,REVIEW_REQUIRED,NONE,NOT_STARTED,,,,NOT_STARTED,NOT_STARTED,NOT_STARTED,NOT_TESTED,PASS,canonical_and_compiled_master_match,INVENTORY_PENDING,01_scope_inventory.csv#archive/exams/original/high/h1/1final/25_강남여고_1학기_기말_고1_기출c.js|25_강남여고_1학기_기말_고1_기출|5,,INDEX_RECORD_PRESENT,original/high/h1/1final/25_강남여고_1학기_기말_고1_기출c.js_5,54669b7f56b5e816d952a323c9b43cd38c004fadcd52e8f8af387558c9aae7df,true,④,IN_SCOPE_FORWARD,,,CLOSED_NO_SHARED_ASSET
archive/exams/original/high/h1/1final/25_강남여고_1학기_기말_고1_기출c.js|25_강남여고_1학기_기말_고1_기출|9,archive/exams/original/high/h1/1final/25_강남여고_1학기_기말_고1_기출c.js,25_강남여고_1학기_기말_고1_기출,9,9,9,2022,공통수학1,H22-C-05,이차방정식과 이차함수,5,H22-C-05-QUADRATIC_FUNCTION_GRAPH,이차함수의 그래프,category_or_cue_inferred,complete_category,객관식,grid,false,객관식|절댓값|이차방정식|판별식|이차함수|함수|그래프|표해석,3d7f1790e3e8cc734cc71528ef69c0092a88d2b18013f428a2b9d50236ef98cf,d238063e92781ac8c4073b1a4967318e89a02ac970944422d1ac19392509ce57,b15be6cb71072b84f7e1e198ce023fc5bb8b1e625335904ddcf3cffcd8b7312b,5af10a048e4c03a76c5efb3fefe11ae215a02e33983deb57b744d9d9079f9496,,,,,0,LOADED_VM,,NOT_STARTED,NOT_STARTED,NOT_STARTED,SVG_REQUIRED_MISSING,SVG_REQUIRED_MISSING,GRAPH_OR_FUNCTION_STRUCTURE|COORDINATE_OR_GEOMETRY_STRUCTURE|TABLE_OR_MATRIX_STRUCTURE,,GRAPH_CANDIDATE,NO_PROBLEM_VISUAL,REVIEW_REQUIRED,NONE,NOT_STARTED,,,,NOT_STARTED,NOT_STARTED,NOT_STARTED,NOT_TESTED,PASS,canonical_and_compiled_master_match,INVENTORY_PENDING,01_scope_inventory.csv#archive/exams/original/high/h1/1final/25_강남여고_1학기_기말_고1_기출c.js|25_강남여고_1학기_기말_고1_기출|9,,INDEX_RECORD_PRESENT,original/high/h1/1final/25_강남여고_1학기_기말_고1_기출c.js_9,54669b7f56b5e816d952a323c9b43cd38c004fadcd52e8f8af387558c9aae7df,true,③,IN_SCOPE_FORWARD,,,CLOSED_NO_SHARED_ASSET
archive/exams/original/high/h1/1final/25_강남여고_1학기_기말_고1_기출c.js|25_강남여고_1학기_기말_고1_기출|13,archive/exams/original/high/h1/1final/25_강남여고_1학기_기말_고1_기출c.js,25_강남여고_1학기_기말_고1_기출,13,13,13,2022,공통수학1,H22-C-05,이차방정식과 이차함수,5,H22-C-05-QUADRATIC_FUNCTION_APPLICATION,이차함수의 활용,category_or_cue_inferred,complete_category,객관식,grid,false,객관식|이차방정식|이차함수|최대최소|함수|범위|조건해석|계산,b8280d3deeeb76ed3e8d97cebf40d759e15c71191a2364f76ecfce4532bace17,3b93ab9ea6d0bce60d3886b33dfa8a5f6105cdb500df41b40ff2b76e6417daf0,dfde05a3668030e99ca64d8d4ae5f6b64c7a87cee61c0ba43904b92ef210191d,618a4e5e91df584917d20855437da6dc354652f8eb3aff67c530d8d379d1d206,,,,,0,LOADED_VM,,NOT_STARTED,NOT_STARTED,NOT_STARTED,SVG_REQUIRED_MISSING,SVG_REQUIRED_MISSING,GRAPH_OR_FUNCTION_STRUCTURE,,GRAPH_CANDIDATE,NO_PROBLEM_VISUAL,REVIEW_REQUIRED,NONE,NOT_STARTED,,,,NOT_STARTED,NOT_STARTED,NOT_STARTED,NOT_TESTED,PASS,canonical_and_compiled_master_match,INVENTORY_PENDING,01_scope_inventory.csv#archive/exams/original/high/h1/1final/25_강남여고_1학기_기말_고1_기출c.js|25_강남여고_1학기_기말_고1_기출|13,,INDEX_RECORD_PRESENT,original/high/h1/1final/25_강남여고_1학기_기말_고1_기출c.js_13,54669b7f56b5e816d952a323c9b43cd38c004fadcd52e8f8af387558c9aae7df,true,②,IN_SCOPE_FORWARD,,,CLOSED_NO_SHARED_ASSET
archive/exams/original/high/h1/1final/25_강남여고_1학기_기말_고1_기출c.js|25_강남여고_1학기_기말_고1_기출|18,archive/exams/original/high/h1/1final/25_강남여고_1학기_기말_고1_기출c.js,25_강남여고_1학기_기말_고1_기출,18,18,18,2022,공통수학1,H22-C-05,이차방정식과 이차함수,5,H22-C-05-QUADRATIC_FUNCTION_GRAPH,이차함수의 그래프,category_or_cue_inferred,complete_category,객관식,grid,false,그래프,76119286178ba9a41cb1b544e692b03e7a658350e8fc712af806f4563c042058,2953a550bc852dabb23cd7182de8ab6fa2fb4d03b693d547b26e98bc0ba0233f,dfde05a3668030e99ca64d8d4ae5f6b64c7a87cee61c0ba43904b92ef210191d,f8b2fa375159f8e6443870eee4fe3d2c82f75539fbc933a352d6e5223604dba1,,,,,1,LOADED_VM,,NOT_STARTED,NOT_STARTED,NOT_STARTED,SOURCE_REVIEW,SOURCE_REVIEW,GRAPH_OR_FUNCTION_STRUCTURE|COORDINATE_OR_GEOMETRY_STRUCTURE|TABLE_OR_MATRIX_STRUCTURE,,SVG,PROBLEM_VISUAL_PRESENT,REVIEW_REQUIRED,INLINE_SVG,NOT_STARTED,,,,NOT_STARTED,NOT_STARTED,NOT_STARTED,NOT_TESTED,PASS,canonical_and_compiled_master_match,INVENTORY_PENDING,01_scope_inventory.csv#archive/exams/original/high/h1/1final/25_강남여고_1학기_기말_고1_기출c.js|25_강남여고_1학기_기말_고1_기출|18,,INDEX_RECORD_PRESENT,original/high/h1/1final/25_강남여고_1학기_기말_고1_기출c.js_18,54669b7f56b5e816d952a323c9b43cd38c004fadcd52e8f8af387558c9aae7df,true,②,IN_SCOPE_FORWARD,,,CLOSED_NO_SHARED_ASSET
archive/exams/original/high/h1/1final/25_강남여고_1학기_기말_고1_기출c.js|25_강남여고_1학기_기말_고1_기출|20,archive/exams/original/high/h1/1final/25_강남여고_1학기_기말_고1_기출c.js,25_강남여고_1학기_기말_고1_기출,20,20,20,2022,공통수학1,H22-C-05,이차방정식과 이차함수,5,H22-C-05-QUADRATIC_FUNCTION_GRAPH,이차함수의 그래프,category_or_cue_inferred,complete_category,객관식,grid,false,그래프,365d53de90de2cdebdd6242b11a2d3d04013787031d303a0a3fa0702b55a2c6a,bb944e98d4cfca127504acb982c2be868cd32c1db88e8c000dec154999e99655,d41ea6521f53fb3dfa10cf72e2932f4405d9c999fa422cdc840d25d57e90dd34,544c80ef0ca314ce0471bb6438717caf00d469c6b18145c209ffbafdb9c7ecff,,,,,1,LOADED_VM,,NOT_STARTED,NOT_STARTED,NOT_STARTED,SOURCE_REVIEW,SOURCE_REVIEW,GRAPH_OR_FUNCTION_STRUCTURE|COORDINATE_OR_GEOMETRY_STRUCTURE|TABLE_OR_MATRIX_STRUCTURE,,SVG,PROBLEM_VISUAL_PRESENT,REVIEW_REQUIRED,INLINE_SVG,NOT_STARTED,,,,NOT_STARTED,NOT_STARTED,NOT_STARTED,NOT_TESTED,PASS,canonical_and_compiled_master_match,INVENTORY_PENDING,01_scope_inventory.csv#archive/exams/original/high/h1/1final/25_강남여고_1학기_기말_고1_기출c.js|25_강남여고_1학기_기말_고1_기출|20,,INDEX_RECORD_PRESENT,original/high/h1/1final/25_강남여고_1학기_기말_고1_기출c.js_20,54669b7f56b5e816d952a323c9b43cd38c004fadcd52e8f8af387558c9aae7df,true,④,IN_SCOPE_FORWARD,,,CLOSED_NO_SHARED_ASSET
archive/exams/original/high/h1/1final/25_금당고_1학기_기말_고1_기출c.js|25_금당고_1학기_기말_고1_기출|11,archive/exams/original/high/h1/1final/25_금당고_1학기_기말_고1_기출c.js,25_금당고_1학기_기말_고1_기출,11,11,11,2022,공통수학1,H22-C-05,이차방정식과 이차함수,5,H22-C-05-QUADRATIC_EQUATION,이차방정식,category_or_cue_inferred,complete_category,객관식,grid,false,객관식|절댓값|계수비교|이차방정식|근과계수|이차함수|함수|정수조건,298c51eee375c3be38aca3d20f88f71dd9bc6889b396f2ed6ed9c50892bea74a,c8cb7a3252bcd8b6450899f3da09f1f91649e04584a833aa1d645ecfebd2f9ad,d41ea6521f53fb3dfa10cf72e2932f4405d9c999fa422cdc840d25d57e90dd34,cc298df6a3a44fefc05c76e5ae469379a07c5fec7629806f42d915d7fe8ef267,,,,,0,LOADED_VM,,NOT_STARTED,NOT_STARTED,NOT_STARTED,SVG_OPTIONAL,SVG_OPTIONAL,,,NONE,NO_PROBLEM_VISUAL,N/A,NONE,NOT_STARTED,,,,NOT_STARTED,NOT_STARTED,NOT_STARTED,NOT_TESTED,PASS,canonical_and_compiled_master_match,INVENTORY_PENDING,01_scope_inventory.csv#archive/exams/original/high/h1/1final/25_금당고_1학기_기말_고1_기출c.js|25_금당고_1학기_기말_고1_기출|11,,INDEX_RECORD_PRESENT,original/high/h1/1final/25_금당고_1학기_기말_고1_기출c.js_11,db43da08e8d26a0bc369b3b8ac6f5996dd956a4134f202dfd365de443ff67553,true,④,IN_SCOPE_FORWARD,,,CLOSED_NO_SHARED_ASSET
archive/exams/original/high/h1/1final/25_금당고_1학기_기말_고1_기출c.js|25_금당고_1학기_기말_고1_기출|13,archive/exams/original/high/h1/1final/25_금당고_1학기_기말_고1_기출c.js,25_금당고_1학기_기말_고1_기출,13,13,13,2022,공통수학1,H22-C-05,이차방정식과 이차함수,5,H22-C-05-QUADRATIC_EQUATION,이차방정식,category_or_cue_inferred,complete_category,객관식,grid,false,객관식|이차방정식|판별식|이차함수|함수|그래프|범위|개수세기,a932273844a989eaf4c524d685af7b7338c4d2fb1463c25e8a3bdabe6caa0032,a3df0ff132a92beb0688aa32aa24e81cf04558b945e21e98565e21772d8657e3,973d2fd2f97e26a666f403b12da6d87e527985b36bcf4ff0a47c7e7e8c36321a,85dbc95bc852bee500f79b018b0377f0f9bf69823bfd6b8fd2a75cad12ecd0c0,,,,,0,LOADED_VM,,NOT_STARTED,NOT_STARTED,NOT_STARTED,SVG_REQUIRED_MISSING,SVG_REQUIRED_MISSING,GRAPH_OR_FUNCTION_STRUCTURE|COORDINATE_OR_GEOMETRY_STRUCTURE,,GRAPH_CANDIDATE,NO_PROBLEM_VISUAL,REVIEW_REQUIRED,NONE,NOT_STARTED,,,,NOT_STARTED,NOT_STARTED,NOT_STARTED,NOT_TESTED,PASS,canonical_and_compiled_master_match,INVENTORY_PENDING,01_scope_inventory.csv#archive/exams/original/high/h1/1final/25_금당고_1학기_기말_고1_기출c.js|25_금당고_1학기_기말_고1_기출|13,,INDEX_RECORD_PRESENT,original/high/h1/1final/25_금당고_1학기_기말_고1_기출c.js_13,db43da08e8d26a0bc369b3b8ac6f5996dd956a4134f202dfd365de443ff67553,true,①,IN_SCOPE_FORWARD,,,CLOSED_NO_SHARED_ASSET
archive/exams/original/high/h1/1final/25_매산고_1학기_기말_고1_기출c.js|25_매산고_1학기_기말_고1_기출|15,archive/exams/original/high/h1/1final/25_매산고_1학기_기말_고1_기출c.js,25_매산고_1학기_기말_고1_기출,15,15,15,2022,공통수학1,H22-C-05,이차방정식과 이차함수,5,H22-C-05-QUADRATIC_EQUATION,이차방정식,category_or_cue_inferred,complete_category,객관식,grid,false,객관식|절댓값|이차방정식|판별식|이차함수|연립방정식|함수|그래프,b9869bc4213bda5a0c51016e08b259c44dc6e13f9ed72683a023f3f1010f7a35,f6b7493c8d143f56dd051d33bf7689e1d692a457f6188ad5334f37542b0f40a7,d41ea6521f53fb3dfa10cf72e2932f4405d9c999fa422cdc840d25d57e90dd34,15e705ff4c37b922930419e6990b0083942c2e86c976fbcde82a8a060ab87ade,,,,,0,LOADED_VM,,NOT_STARTED,NOT_STARTED,NOT_STARTED,SVG_REQUIRED_MISSING,SVG_REQUIRED_MISSING,GRAPH_OR_FUNCTION_STRUCTURE|COORDINATE_OR_GEOMETRY_STRUCTURE,,GRAPH_CANDIDATE,NO_PROBLEM_VISUAL,REVIEW_REQUIRED,NONE,NOT_STARTED,,,,NOT_STARTED,NOT_STARTED,NOT_STARTED,NOT_TESTED,PASS,canonical_and_compiled_master_match,INVENTORY_PENDING,01_scope_inventory.csv#archive/exams/original/high/h1/1final/25_매산고_1학기_기말_고1_기출c.js|25_매산고_1학기_기말_고1_기출|15,,INDEX_RECORD_PRESENT,original/high/h1/1final/25_매산고_1학기_기말_고1_기출c.js_15,bdfdb4241abb8638d5a083478c502f0a38c95244d4ddf3b991e9c6f8abe89d47,true,④,IN_SCOPE_FORWARD,,,CLOSED_NO_SHARED_ASSET
archive/exams/original/high/h1/1final/25_순천고_1학기_기말_고1_기출c.js|25_순천고_1학기_기말_고1_기출|12,archive/exams/original/high/h1/1final/25_순천고_1학기_기말_고1_기출c.js,25_순천고_1학기_기말_고1_기출,12,12,12,2022,공통수학1,H22-C-05,이차방정식과 이차함수,5,H22-C-05-QUADRATIC_FUNCTION_GRAPH,이차함수의 그래프,category_or_cue_inferred,complete_category,객관식,grid,false,객관식|그래프|이차함수|참거짓|조건해석,1abf672e6dcb9b5b78a8edc7e68525d8446fcf2a8b20be9f4557c1c3d630edc9,09c64bef5d7bfd86a9cb5b5e5d7a601757eb8f29d2d48151c224e7f96dff68f9,dfde05a3668030e99ca64d8d4ae5f6b64c7a87cee61c0ba43904b92ef210191d,e68643fc6404bbe17a7d83e29d2be6b306f8f905e2112061afecfada9c3344ed,,,,,1,LOADED_VM,,NOT_STARTED,NOT_STARTED,NOT_STARTED,SOURCE_REVIEW,SOURCE_REVIEW,GRAPH_OR_FUNCTION_STRUCTURE,,SVG,PROBLEM_VISUAL_PRESENT,REVIEW_REQUIRED,INLINE_SVG,NOT_STARTED,,,,NOT_STARTED,NOT_STARTED,NOT_STARTED,NOT_TESTED,PASS,canonical_and_compiled_master_match,INVENTORY_PENDING,01_scope_inventory.csv#archive/exams/original/high/h1/1final/25_순천고_1학기_기말_고1_기출c.js|25_순천고_1학기_기말_고1_기출|12,,INDEX_RECORD_PRESENT,original/high/h1/1final/25_순천고_1학기_기말_고1_기출c.js_12,762b264f7d8f272aad64551e30eb458b7497a45683c534fc56bb7b0930020607,true,②,IN_SCOPE_FORWARD,,,CLOSED_NO_SHARED_ASSET
archive/exams/original/high/h1/1final/25_순천고_1학기_기말_고1_기출c.js|25_순천고_1학기_기말_고1_기출|16,archive/exams/original/high/h1/1final/25_순천고_1학기_기말_고1_기출c.js,25_순천고_1학기_기말_고1_기출,16,16,16,2022,공통수학1,H22-C-05,이차방정식과 이차함수,5,H22-C-05-QUADRATIC_FUNCTION_GRAPH,이차함수의 그래프,category_or_cue_inferred,complete_category,객관식,grid,false,객관식|그래프|이차함수|참거짓|조건해석,1bbe640e55f2bf7d38dc4da731f9fb3f042fde5e7896841cea2c17c2a6e62b6a,e54d8db8191f26aed7363638450ff6473a2e8954c8670271aaa36beac12bc1cb,b15be6cb71072b84f7e1e198ce023fc5bb8b1e625335904ddcf3cffcd8b7312b,e718e3cb9efbfafb493bc42ffd626d9ed41bc4b33edb64f2d94800b4d9eab112,assets/images/25_순천고_1학기_기말_고1_기출/q16.png,0913832685767dcca5b78ad59ef68fbfffc4f2072f8e547634539871d4c7c53f,,,0,LOADED_VM,,NOT_STARTED,NOT_STARTED,NOT_STARTED,SVG_REQUIRED_MISSING,SVG_REQUIRED_MISSING,GRAPH_OR_FUNCTION_STRUCTURE|COORDINATE_OR_GEOMETRY_STRUCTURE|SET_OR_LOGIC_STRUCTURE|TABLE_OR_MATRIX_STRUCTURE,,GRAPH_CANDIDATE,PROBLEM_VISUAL_PRESENT,REVIEW_REQUIRED,NONE,NOT_STARTED,,,,NOT_STARTED,NOT_STARTED,NOT_STARTED,NOT_TESTED,PASS,canonical_and_compiled_master_match,INVENTORY_PENDING,01_scope_inventory.csv#archive/exams/original/high/h1/1final/25_순천고_1학기_기말_고1_기출c.js|25_순천고_1학기_기말_고1_기출|16,[object Object],INDEX_RECORD_PRESENT,original/high/h1/1final/25_순천고_1학기_기말_고1_기출c.js_16,762b264f7d8f272aad64551e30eb458b7497a45683c534fc56bb7b0930020607,true,③,IN_SCOPE_FORWARD,,,CLOSED_NO_SHARED_ASSET
archive/exams/original/high/h1/1final/25_제일고_1학기_기말_고1_기출c.js|25_제일고_1학기_기말_고1_기출|6,archive/exams/original/high/h1/1final/25_제일고_1학기_기말_고1_기출c.js,25_제일고_1학기_기말_고1_기출,6,6,6,2022,공통수학1,H22-C-05,이차방정식과 이차함수,5,H22-C-05-QUADRATIC_EQUATION,이차방정식,rule_inferred,complete_rule,객관식,grid,false,객관식|인수분해|이차방정식|판별식|이차함수|함수|그래프|범위,82c90dcc011d1353e2bef21655d66a34b7fc823061946947ac4e765ec75b06d8,2c2ea53cd9e935c4f7aadbfd581c05629f47101057e2f1bea776d592f993d9c7,b15be6cb71072b84f7e1e198ce023fc5bb8b1e625335904ddcf3cffcd8b7312b,7309ef69a09cb05806a67f283f6f436eda8b8fbdfce8412962c87b73bbf560f9,,,,,0,LOADED_VM,,NOT_STARTED,NOT_STARTED,NOT_STARTED,SVG_REQUIRED_MISSING,SVG_REQUIRED_MISSING,GRAPH_OR_FUNCTION_STRUCTURE,,GRAPH_CANDIDATE,NO_PROBLEM_VISUAL,REVIEW_REQUIRED,NONE,NOT_STARTED,,,,NOT_STARTED,NOT_STARTED,NOT_STARTED,NOT_TESTED,PASS,canonical_and_compiled_master_match,INVENTORY_PENDING,01_scope_inventory.csv#archive/exams/original/high/h1/1final/25_제일고_1학기_기말_고1_기출c.js|25_제일고_1학기_기말_고1_기출|6,,INDEX_RECORD_PRESENT,original/high/h1/1final/25_제일고_1학기_기말_고1_기출c.js_6,a9e6f864415a8d67761f4bd2e49e3518b9fc3dc83ea7d33496353d95e76c78a8,true,③,IN_SCOPE_FORWARD,,,CLOSED_NO_SHARED_ASSET
archive/exams/original/high/h1/1final/25_효천고_1학기_기말_고1_기출c.js|25_효천고_1학기_기말_고1_기출|1,archive/exams/original/high/h1/1final/25_효천고_1학기_기말_고1_기출c.js,25_효천고_1학기_기말_고1_기출,1,1,1,2022,공통수학1,H22-C-05,이차방정식과 이차함수,5,H22-C-05-QUADRATIC_EQUATION,이차방정식,category_or_cue_inferred,complete_category,객관식,grid,false,객관식|이차방정식|판별식|이차함수|함수|그래프|조건해석|계산,a70f6abc51fc97d65efe3f313f61b99fb85396d029d88dbd95fd5bc95eb68704,ce0bb021ec192fe6dc3e016119c53a24cd2e60479676ffe080849a43f981a781,b15be6cb71072b84f7e1e198ce023fc5bb8b1e625335904ddcf3cffcd8b7312b,653070d74eef484b7d0f229cb440fbec6a9708b2fd69333beb2226d73411150b,,,,,0,LOADED_VM,,NOT_STARTED,NOT_STARTED,NOT_STARTED,SVG_REQUIRED_MISSING,SVG_REQUIRED_MISSING,GRAPH_OR_FUNCTION_STRUCTURE,,GRAPH_CANDIDATE,NO_PROBLEM_VISUAL,REVIEW_REQUIRED,NONE,NOT_STARTED,,,,NOT_STARTED,NOT_STARTED,NOT_STARTED,NOT_TESTED,PASS,canonical_and_compiled_master_match,INVENTORY_PENDING,01_scope_inventory.csv#archive/exams/original/high/h1/1final/25_효천고_1학기_기말_고1_기출c.js|25_효천고_1학기_기말_고1_기출|1,,INDEX_RECORD_PRESENT,original/high/h1/1final/25_효천고_1학기_기말_고1_기출c.js_1,771ad74a438b1ee28cf6d3a5cac035fea71c591b09f4e5db66ac256c7ca5abf5,true,③,IN_SCOPE_FORWARD,,,CLOSED_NO_SHARED_ASSET
archive/exams/original/high/h1/1final/25_효천고_1학기_기말_고1_기출c.js|25_효천고_1학기_기말_고1_기출|7,archive/exams/original/high/h1/1final/25_효천고_1학기_기말_고1_기출c.js,25_효천고_1학기_기말_고1_기출,7,7,7,2022,공통수학1,H22-C-05,이차방정식과 이차함수,5,H22-C-05-EQUATION_BASIC,방정식의 풀이,category_or_cue_inferred,complete_category,객관식,grid,false,도형,929bd28fdb3fcb5aee873a5344e25589840e77321b7779de6463c1309b2314d0,e8bd12dd58a803d5955adbdf72a721b7839e6ab0ccb29f91be153f5fe1ed5796,d41ea6521f53fb3dfa10cf72e2932f4405d9c999fa422cdc840d25d57e90dd34,156cb1e947efbd065d250816739229f54d1746bfa6c5992f4aa7d5e1feb79055,,,,,1,LOADED_VM,,NOT_STARTED,NOT_STARTED,NOT_STARTED,SOURCE_REVIEW,SOURCE_REVIEW,COORDINATE_OR_GEOMETRY_STRUCTURE|TABLE_OR_MATRIX_STRUCTURE,,SVG,PROBLEM_VISUAL_PRESENT,REVIEW_REQUIRED,INLINE_SVG,NOT_STARTED,,,,NOT_STARTED,NOT_STARTED,NOT_STARTED,NOT_TESTED,PASS,canonical_and_compiled_master_match,INVENTORY_PENDING,01_scope_inventory.csv#archive/exams/original/high/h1/1final/25_효천고_1학기_기말_고1_기출c.js|25_효천고_1학기_기말_고1_기출|7,,INDEX_RECORD_PRESENT,original/high/h1/1final/25_효천고_1학기_기말_고1_기출c.js_7,771ad74a438b1ee28cf6d3a5cac035fea71c591b09f4e5db66ac256c7ca5abf5,true,④,IN_SCOPE_FORWARD,,,CLOSED_NO_SHARED_ASSET
archive/exams/original/high/h1/1final/25_효천고_1학기_기말_고1_기출c.js|25_효천고_1학기_기말_고1_기출|14,archive/exams/original/high/h1/1final/25_효천고_1학기_기말_고1_기출c.js,25_효천고_1학기_기말_고1_기출,14,14,14,2022,공통수학1,H22-C-05,이차방정식과 이차함수,5,H22-C-05-QUADRATIC_EQUATION,이차방정식,category_or_cue_inferred,complete_category,객관식,grid,false,객관식|계수비교|이차방정식|판별식|이차함수|최대최소|함수|그래프,b1d038dabef857ed762f5a4e01e405d1e711f57ce8f6d3c85b501c2ad2ba80cb,43fbcfd3c9e1f917585933f37dc4b427c5b5ec2137258ce1cebe42b65265da47,973d2fd2f97e26a666f403b12da6d87e527985b36bcf4ff0a47c7e7e8c36321a,70708a62135d3040c332aed73d10d3afd10634bad23e0f46940f97eb4691f724,,,,,0,LOADED_VM,,NOT_STARTED,NOT_STARTED,NOT_STARTED,SVG_REQUIRED_MISSING,SVG_REQUIRED_MISSING,GRAPH_OR_FUNCTION_STRUCTURE|COORDINATE_OR_GEOMETRY_STRUCTURE,,GRAPH_CANDIDATE,NO_PROBLEM_VISUAL,REVIEW_REQUIRED,NONE,NOT_STARTED,,,,NOT_STARTED,NOT_STARTED,NOT_STARTED,NOT_TESTED,PASS,canonical_and_compiled_master_match,INVENTORY_PENDING,01_scope_inventory.csv#archive/exams/original/high/h1/1final/25_효천고_1학기_기말_고1_기출c.js|25_효천고_1학기_기말_고1_기출|14,,INDEX_RECORD_PRESENT,original/high/h1/1final/25_효천고_1학기_기말_고1_기출c.js_14,771ad74a438b1ee28cf6d3a5cac035fea71c591b09f4e5db66ac256c7ca5abf5,true,①,IN_SCOPE_FORWARD,,,CLOSED_NO_SHARED_ASSET
archive/exams/original/high/h1/1final/25_효천고_1학기_기말_고1_기출c.js|25_효천고_1학기_기말_고1_기출|16,archive/exams/original/high/h1/1final/25_효천고_1학기_기말_고1_기출c.js,25_효천고_1학기_기말_고1_기출,16,16,16,2022,공통수학1,H22-C-05,이차방정식과 이차함수,5,H22-C-05-QUADRATIC_FUNCTION_GRAPH,이차함수의 그래프,rule_inferred,complete_rule,객관식,grid,false,그래프,610ac0235e2e260fdf39c70523d72f1fff8d354490acbcb35602ee74b0e1ef71,e7417ceb97d8365a574cc3879b2299dc01e29c9e2b7d04391b44e8af3d5fe67c,b15be6cb71072b84f7e1e198ce023fc5bb8b1e625335904ddcf3cffcd8b7312b,77881e838617673a3bb901c44eab92b1565064a7b2249ae847eefa900138f723,,,,,1,LOADED_VM,,NOT_STARTED,NOT_STARTED,NOT_STARTED,SOURCE_REVIEW,SOURCE_REVIEW,GRAPH_OR_FUNCTION_STRUCTURE|COORDINATE_OR_GEOMETRY_STRUCTURE|TABLE_OR_MATRIX_STRUCTURE,,SVG,PROBLEM_VISUAL_PRESENT,REVIEW_REQUIRED,INLINE_SVG,NOT_STARTED,,,,NOT_STARTED,NOT_STARTED,NOT_STARTED,NOT_TESTED,PASS,canonical_and_compiled_master_match,INVENTORY_PENDING,01_scope_inventory.csv#archive/exams/original/high/h1/1final/25_효천고_1학기_기말_고1_기출c.js|25_효천고_1학기_기말_고1_기출|16,,INDEX_RECORD_PRESENT,original/high/h1/1final/25_효천고_1학기_기말_고1_기출c.js_16,771ad74a438b1ee28cf6d3a5cac035fea71c591b09f4e5db66ac256c7ca5abf5,true,③,IN_SCOPE_FORWARD,,,CLOSED_NO_SHARED_ASSET
archive/exams/original/high/h1/1final/25_효천고_1학기_기말_고1_기출c.js|25_효천고_1학기_기말_고1_기출|20,archive/exams/original/high/h1/1final/25_효천고_1학기_기말_고1_기출c.js,25_효천고_1학기_기말_고1_기출,20,20,20,2022,공통수학1,H22-C-05,이차방정식과 이차함수,5,H22-C-05-QUADRATIC_FUNCTION_GRAPH,이차함수의 그래프,category_or_cue_inferred,complete_category,서술형,grid,false,서술형,b9daaee8d3aee06ae5433f337b7d5c3434c090efa8b318654e96554dda891cdd,4f53cda18c2baa0c0354bb5f9a3ecbe5ed12ab4d8e11ba873c2f11161202b945,a4aab3f1f08004e907d2357fafe74cab56359bcb32e23f52e7eb1d3a9c0a2ad3,7be2a27be8f4bd864c8e761180a4ca634d2b78eb510d9f7bda76a64d4f41dc7c,,,,,0,LOADED_VM,,NOT_STARTED,NOT_STARTED,NOT_STARTED,SVG_REQUIRED_MISSING,SVG_REQUIRED_MISSING,GRAPH_OR_FUNCTION_STRUCTURE|COORDINATE_OR_GEOMETRY_STRUCTURE|TABLE_OR_MATRIX_STRUCTURE,,GRAPH_CANDIDATE,NO_PROBLEM_VISUAL,REVIEW_REQUIRED,NONE,NOT_STARTED,,,,NOT_STARTED,NOT_STARTED,NOT_STARTED,NOT_TESTED,PASS,canonical_and_compiled_master_match,INVENTORY_PENDING,01_scope_inventory.csv#archive/exams/original/high/h1/1final/25_효천고_1학기_기말_고1_기출c.js|25_효천고_1학기_기말_고1_기출|20,,INDEX_RECORD_PRESENT,original/high/h1/1final/25_효천고_1학기_기말_고1_기출c.js_20,771ad74a438b1ee28cf6d3a5cac035fea71c591b09f4e5db66ac256c7ca5abf5,true,3,IN_SCOPE_FORWARD,,,CLOSED_NO_SHARED_ASSET
archive/exams/original/high/h1/1final/26_광양제철고_1학기_기말_고1_기출.js|26_광양제철고_1학기_기말_고1_기출|12,archive/exams/original/high/h1/1final/26_광양제철고_1학기_기말_고1_기출.js,26_광양제철고_1학기_기말_고1_기출,12,12,12,2022,공통수학1,H22-C-05,이차방정식과 이차함수,5,H22-C-05-FUNCTION_BASIC,함수의 뜻과 그래프,category_or_cue_inferred,complete_category,객관식,grid,false,,a172852ac9bd8e6f6259e6249acae44265e15f677d70dc3b3b76eb572af6ccd7,5bbad89c1e604706d2b0c0574d9b8f604228ca556aa78f1e3717816c2972427f,d41ea6521f53fb3dfa10cf72e2932f4405d9c999fa422cdc840d25d57e90dd34,fae8bc3babd03d6cd9b86fc3e171ad4b4bd6911a63095f58af3b60e07dccae56,,,,,0,LOADED_VM,,NOT_STARTED,NOT_STARTED,NOT_STARTED,SVG_REQUIRED_MISSING,SVG_REQUIRED_MISSING,GRAPH_OR_FUNCTION_STRUCTURE,,GRAPH_CANDIDATE,NO_PROBLEM_VISUAL,REVIEW_REQUIRED,NONE,NOT_STARTED,,,,NOT_STARTED,NOT_STARTED,NOT_STARTED,NOT_TESTED,PASS,canonical_and_compiled_master_match,INVENTORY_PENDING,01_scope_inventory.csv#archive/exams/original/high/h1/1final/26_광양제철고_1학기_기말_고1_기출.js|26_광양제철고_1학기_기말_고1_기출|12,,INDEX_RECORD_PRESENT,original/high/h1/1final/26_광양제철고_1학기_기말_고1_기출.js_12,2c68e7cd928445bbc650559173b10f532ce217258184aea77905597dcf5c45c4,true,④,IN_SCOPE_FORWARD,,,CLOSED_NO_SHARED_ASSET
archive/exams/original/high/h1/1final/26_매산고_1학기_기말_고1_기출.js|26_매산고_1학기_기말_고1_기출|19,archive/exams/original/high/h1/1final/26_매산고_1학기_기말_고1_기출.js,26_매산고_1학기_기말_고1_기출,19,19,19,2022,공통수학1,H22-C-05,이차방정식과 이차함수,5,H22-C-05-QUADRATIC_FUNCTION_GRAPH,이차함수의 그래프,rule_inferred,complete_rule,서술형,grid,false,서술형|이차함수|그래프,01635d2db0479fe5b4429f9ab952ce1a3d6d08a93eeb10c51689cd707241aa5d,4f53cda18c2baa0c0354bb5f9a3ecbe5ed12ab4d8e11ba873c2f11161202b945,27660fd9b708f6943bad8fc8615f28438501ada83a87420d66ae77bf1ee4e7a7,904a2199f7403585ea6331f81c7a36276c5e5d2d92d446e1831feffd93bd5d23,assets/images/26_매산고_1학기_기말_고1_기출/q19.png,1afdbbeacdb7da13f009ec9a9eae38e6ea1bc0ad3808c4c3ef7af51c962b5afe,,,0,LOADED_VM,,NOT_STARTED,NOT_STARTED,NOT_STARTED,SVG_REQUIRED_MISSING,SVG_REQUIRED_MISSING,GRAPH_OR_FUNCTION_STRUCTURE,,GRAPH_CANDIDATE,PROBLEM_VISUAL_PRESENT,REVIEW_REQUIRED,NONE,NOT_STARTED,,,,NOT_STARTED,NOT_STARTED,NOT_STARTED,NOT_TESTED,PASS,canonical_and_compiled_master_match,INVENTORY_PENDING,01_scope_inventory.csv#archive/exams/original/high/h1/1final/26_매산고_1학기_기말_고1_기출.js|26_매산고_1학기_기말_고1_기출|19,[object Object],INDEX_RECORD_PRESENT,original/high/h1/1final/26_매산고_1학기_기말_고1_기출.js_19,16a083f8b24faa1bd46a651d251b26e97c113b44369a475e3959dde0324981ee,true,$-\dfrac{1}{2}$,IN_SCOPE_FORWARD,,,CLOSED_NO_SHARED_ASSET
archive/exams/original/high/h1/1final/26_순천고_1학기_기말_고1_기출.js|26_순천고_1학기_기말_고1_기출|11,archive/exams/original/high/h1/1final/26_순천고_1학기_기말_고1_기출.js,26_순천고_1학기_기말_고1_기출,11,11,11,2022,공통수학1,H22-C-05,이차방정식과 이차함수,5,H22-C-05-QUADRATIC_FUNCTION_GRAPH,이차함수의 그래프,category_or_cue_inferred,complete_category,객관식,grid,false,객관식|이차함수,8e804f41fc3304fe0430089872d9fe1f42782a5ca10396dc9b0100412bd1e11f,607d4a1c3180ccb193aba805a22c09a30d892113492ee1a5e4031cf51c51c542,dfde05a3668030e99ca64d8d4ae5f6b64c7a87cee61c0ba43904b92ef210191d,9cef7d195129e7174f14723b15613af78fbe6f7fd035af907acf72992898c82a,,,,,0,LOADED_VM,,NOT_STARTED,NOT_STARTED,NOT_STARTED,SVG_REQUIRED_MISSING,SVG_REQUIRED_MISSING,GRAPH_OR_FUNCTION_STRUCTURE|COORDINATE_OR_GEOMETRY_STRUCTURE|TABLE_OR_MATRIX_STRUCTURE,,GRAPH_CANDIDATE,NO_PROBLEM_VISUAL,REVIEW_REQUIRED,NONE,NOT_STARTED,,,,NOT_STARTED,NOT_STARTED,NOT_STARTED,NOT_TESTED,PASS,canonical_and_compiled_master_match,INVENTORY_PENDING,01_scope_inventory.csv#archive/exams/original/high/h1/1final/26_순천고_1학기_기말_고1_기출.js|26_순천고_1학기_기말_고1_기출|11,,INDEX_RECORD_PRESENT,original/high/h1/1final/26_순천고_1학기_기말_고1_기출.js_11,0b801b4458088da27bd1cf00fe877b64992455bc3475617bc5a909075d2de80f,true,②,IN_SCOPE_FORWARD,,,CLOSED_NO_SHARED_ASSET
archive/exams/original/high/h1/1final/26_순천고_1학기_기말_고1_기출.js|26_순천고_1학기_기말_고1_기출|16,archive/exams/original/high/h1/1final/26_순천고_1학기_기말_고1_기출.js,26_순천고_1학기_기말_고1_기출,16,16,16,2022,공통수학1,H22-C-05,이차방정식과 이차함수,5,H22-C-05-QUADRATIC_FUNCTION_GRAPH,이차함수의 그래프,category_or_cue_inferred,complete_category,객관식,grid,false,객관식|이차함수,6897568d36525980f822436d2e2daf71d32a7ae8ac95d40375411bb0548d8d51,fd5fee6a263e552b8fb2aeb289cbdef0f280a7bb7f50c309a2fa10188b14e5a7,dfde05a3668030e99ca64d8d4ae5f6b64c7a87cee61c0ba43904b92ef210191d,fb27dccdabad0f3db14c05dbf267e2537d94ac1f42838bf9f1316f896ece7373,,,,,0,LOADED_VM,,NOT_STARTED,NOT_STARTED,NOT_STARTED,SVG_REQUIRED_MISSING,SVG_REQUIRED_MISSING,GRAPH_OR_FUNCTION_STRUCTURE,,GRAPH_CANDIDATE,NO_PROBLEM_VISUAL,REVIEW_REQUIRED,NONE,NOT_STARTED,,,,NOT_STARTED,NOT_STARTED,NOT_STARTED,NOT_TESTED,PASS,canonical_and_compiled_master_match,INVENTORY_PENDING,01_scope_inventory.csv#archive/exams/original/high/h1/1final/26_순천고_1학기_기말_고1_기출.js|26_순천고_1학기_기말_고1_기출|16,,INDEX_RECORD_PRESENT,original/high/h1/1final/26_순천고_1학기_기말_고1_기출.js_16,0b801b4458088da27bd1cf00fe877b64992455bc3475617bc5a909075d2de80f,true,②,IN_SCOPE_FORWARD,,,CLOSED_NO_SHARED_ASSET
archive/exams/original/high/h1/1final/26_순천고_1학기_기말_고1_기출.js|26_순천고_1학기_기말_고1_기출|19,archive/exams/original/high/h1/1final/26_순천고_1학기_기말_고1_기출.js,26_순천고_1학기_기말_고1_기출,19,19,19,2022,공통수학1,H22-C-05,이차방정식과 이차함수,5,H22-C-05-QUADRATIC_FUNCTION_GRAPH,이차함수의 그래프,category_or_cue_inferred,complete_category,서술형,grid,false,단답형|이차함수|그래프,dc763127ed1a177770a2e6f51aca588fd1d80cdb232a8f0d1f37cc0eaa800db9,4f53cda18c2baa0c0354bb5f9a3ecbe5ed12ab4d8e11ba873c2f11161202b945,d483f5b53012fe3f922d9bd59e49aac6ad3fde3f50801a0220a71324fdd0efda,4fdd4a3ad07756ecac3cc1a435d9e6558dcbb0954f181d11fa10bcc8999353ac,assets/images/26_순천고_1학기_기말_고1_기출/q19.png,995c016121a1bb1370ab8879b5bcb5640393c36cd6ddb3150b001512cffc1462,,,0,LOADED_VM,,NOT_STARTED,NOT_STARTED,NOT_STARTED,SVG_REQUIRED_MISSING,SVG_REQUIRED_MISSING,GRAPH_OR_FUNCTION_STRUCTURE,,GRAPH_CANDIDATE,PROBLEM_VISUAL_PRESENT,REVIEW_REQUIRED,NONE,NOT_STARTED,,,,NOT_STARTED,NOT_STARTED,NOT_STARTED,NOT_TESTED,PASS,canonical_and_compiled_master_match,INVENTORY_PENDING,01_scope_inventory.csv#archive/exams/original/high/h1/1final/26_순천고_1학기_기말_고1_기출.js|26_순천고_1학기_기말_고1_기출|19,[object Object],INDEX_RECORD_PRESENT,original/high/h1/1final/26_순천고_1학기_기말_고1_기출.js_19,0b801b4458088da27bd1cf00fe877b64992455bc3475617bc5a909075d2de80f,true,$-4$,IN_SCOPE_FORWARD,,,CLOSED_NO_SHARED_ASSET
archive/exams/original/high/h1/1final/26_순천고_1학기_기말_고1_기출.js|26_순천고_1학기_기말_고1_기출|20,archive/exams/original/high/h1/1final/26_순천고_1학기_기말_고1_기출.js,26_순천고_1학기_기말_고1_기출,20,20,20,2022,공통수학1,H22-C-05,이차방정식과 이차함수,5,H22-C-05-QUADRATIC_FUNCTION_GRAPH,이차함수의 그래프,category_or_cue_inferred,complete_category,서술형,grid,false,단답형|이차함수,9e0a825e26a8a61ef969d2599199d360b53414ba52d1b279bedcd0f5b05df82d,4f53cda18c2baa0c0354bb5f9a3ecbe5ed12ab4d8e11ba873c2f11161202b945,0c907632c266bf2243210a33b4b23690a61ed8080ab71e4ff11a6a46b819a953,62ffea0abd92e5887d9324215e3b977496d8810f8b46510873ca0bb4617b6bdb,,,,,0,LOADED_VM,,NOT_STARTED,NOT_STARTED,NOT_STARTED,SVG_REQUIRED_MISSING,SVG_REQUIRED_MISSING,GRAPH_OR_FUNCTION_STRUCTURE,,GRAPH_CANDIDATE,NO_PROBLEM_VISUAL,REVIEW_REQUIRED,NONE,NOT_STARTED,,,,NOT_STARTED,NOT_STARTED,NOT_STARTED,NOT_TESTED,PASS,canonical_and_compiled_master_match,INVENTORY_PENDING,01_scope_inventory.csv#archive/exams/original/high/h1/1final/26_순천고_1학기_기말_고1_기출.js|26_순천고_1학기_기말_고1_기출|20,,INDEX_RECORD_PRESENT,original/high/h1/1final/26_순천고_1학기_기말_고1_기출.js_20,0b801b4458088da27bd1cf00fe877b64992455bc3475617bc5a909075d2de80f,true,$400$원,IN_SCOPE_FORWARD,,,CLOSED_NO_SHARED_ASSET
archive/exams/original/high/h1/1final/26_순천여고_1학기_기말_고1_기출.js|26_순천여고_1학기_기말_고1_기출|6,archive/exams/original/high/h1/1final/26_순천여고_1학기_기말_고1_기출.js,26_순천여고_1학기_기말_고1_기출,6,6,6,2022,공통수학1,H22-C-05,이차방정식과 이차함수,5,H22-C-05-QUADRATIC_FUNCTION_GRAPH,이차함수의 그래프,category_or_cue_inferred,complete_category,객관식,grid,false,,4b838c0ee0ee8706aa889d2eaf95cc25ab0affdcfc3f51127f232b3a773cd776,ed233e6b3aa03a196b12af07c7480441d6dcd22ab1a662436cea92a9e64fb60c,b15be6cb71072b84f7e1e198ce023fc5bb8b1e625335904ddcf3cffcd8b7312b,2581b32b9ff236b8880144216e74eca45f20267b6efe672d68253499bd6c5316,,,,,0,LOADED_VM,,NOT_STARTED,NOT_STARTED,NOT_STARTED,SVG_REQUIRED_MISSING,SVG_REQUIRED_MISSING,GRAPH_OR_FUNCTION_STRUCTURE|COORDINATE_OR_GEOMETRY_STRUCTURE|TABLE_OR_MATRIX_STRUCTURE,,GRAPH_CANDIDATE,NO_PROBLEM_VISUAL,REVIEW_REQUIRED,NONE,NOT_STARTED,,,,NOT_STARTED,NOT_STARTED,NOT_STARTED,NOT_TESTED,PASS,canonical_and_compiled_master_match,INVENTORY_PENDING,01_scope_inventory.csv#archive/exams/original/high/h1/1final/26_순천여고_1학기_기말_고1_기출.js|26_순천여고_1학기_기말_고1_기출|6,,INDEX_RECORD_PRESENT,original/high/h1/1final/26_순천여고_1학기_기말_고1_기출.js_6,bd5f942a1354d79dac6a827e48179b103e002ebbe3ccb90850835786c2c8f0c6,true,③,IN_SCOPE_FORWARD,,,CLOSED_NO_SHARED_ASSET
archive/exams/original/high/h1/1final/26_순천여고_1학기_기말_고1_기출.js|26_순천여고_1학기_기말_고1_기출|10,archive/exams/original/high/h1/1final/26_순천여고_1학기_기말_고1_기출.js,26_순천여고_1학기_기말_고1_기출,10,10,10,2022,공통수학1,H22-C-05,이차방정식과 이차함수,5,H22-C-05-EQUATION_BASIC,방정식의 풀이,category_or_cue_inferred,complete_category,객관식,grid,false,,e35ec82ec0862cd8c677850208ec853625cba83b98bd4a1d134096f0e8c45b01,3cc19e370a6671b60f17396fd032ed6593aa1547f8af80d6ab8d949018911b5e,d41ea6521f53fb3dfa10cf72e2932f4405d9c999fa422cdc840d25d57e90dd34,a4b264167b91c9a20420877136e917a66560f137a3b3b2a91a62e2b7915cdeea,,,,,0,LOADED_VM,,NOT_STARTED,NOT_STARTED,NOT_STARTED,SVG_OPTIONAL,SVG_OPTIONAL,,,NONE,NO_PROBLEM_VISUAL,N/A,NONE,NOT_STARTED,,,,NOT_STARTED,NOT_STARTED,NOT_STARTED,NOT_TESTED,PASS,canonical_and_compiled_master_match,INVENTORY_PENDING,01_scope_inventory.csv#archive/exams/original/high/h1/1final/26_순천여고_1학기_기말_고1_기출.js|26_순천여고_1학기_기말_고1_기출|10,,INDEX_RECORD_PRESENT,original/high/h1/1final/26_순천여고_1학기_기말_고1_기출.js_10,bd5f942a1354d79dac6a827e48179b103e002ebbe3ccb90850835786c2c8f0c6,true,④,IN_SCOPE_FORWARD,,,CLOSED_NO_SHARED_ASSET
archive/exams/original/high/h1/1final/26_순천여고_1학기_기말_고1_기출.js|26_순천여고_1학기_기말_고1_기출|12,archive/exams/original/high/h1/1final/26_순천여고_1학기_기말_고1_기출.js,26_순천여고_1학기_기말_고1_기출,12,12,12,2022,공통수학1,H22-C-05,이차방정식과 이차함수,5,H22-C-05-QUADRATIC_FUNCTION_GRAPH,이차함수의 그래프,category_or_cue_inferred,complete_category,객관식,grid,false,,61698806388ec3983f5254ed6cfdf7926aea078ff764f3f3a9a84e44dbaf57de,2b66fc0f896de02e3f7e06eb036bb7de748931b40c54eef945d7a977d5d12884,dfde05a3668030e99ca64d8d4ae5f6b64c7a87cee61c0ba43904b92ef210191d,d9d8ef1bb48dceafc25c27c2c12357979b4583eff81f63852de46c2537af1ffa,,,,,0,LOADED_VM,,NOT_STARTED,NOT_STARTED,NOT_STARTED,SVG_REQUIRED_MISSING,SVG_REQUIRED_MISSING,GRAPH_OR_FUNCTION_STRUCTURE,,GRAPH_CANDIDATE,NO_PROBLEM_VISUAL,REVIEW_REQUIRED,NONE,NOT_STARTED,,,,NOT_STARTED,NOT_STARTED,NOT_STARTED,NOT_TESTED,PASS,canonical_and_compiled_master_match,INVENTORY_PENDING,01_scope_inventory.csv#archive/exams/original/high/h1/1final/26_순천여고_1학기_기말_고1_기출.js|26_순천여고_1학기_기말_고1_기출|12,,INDEX_RECORD_PRESENT,original/high/h1/1final/26_순천여고_1학기_기말_고1_기출.js_12,bd5f942a1354d79dac6a827e48179b103e002ebbe3ccb90850835786c2c8f0c6,true,②,IN_SCOPE_FORWARD,,,CLOSED_NO_SHARED_ASSET
archive/exams/original/high/h1/1final/26_순천여고_1학기_기말_고1_기출.js|26_순천여고_1학기_기말_고1_기출|17,archive/exams/original/high/h1/1final/26_순천여고_1학기_기말_고1_기출.js,26_순천여고_1학기_기말_고1_기출,17,17,17,2022,공통수학1,H22-C-05,이차방정식과 이차함수,5,H22-C-05-QUADRATIC_FUNCTION_GRAPH,이차함수의 그래프,category_or_cue_inferred,complete_category,객관식,grid,false,,c13c5feaf5eea8c7d9a3c555a709c79b5c8d20fbf09e06a90d41c8a2fcfabdfe,7674bbd56aaf6a4278ac998df6eedd58f7a8dbf798f13796d8546c071e864a59,b15be6cb71072b84f7e1e198ce023fc5bb8b1e625335904ddcf3cffcd8b7312b,19f4c4810bdb76fc018eb785cf9e90e7123321c777f7958e5bec9ff8bc1fa65d,,,,,0,LOADED_VM,,NOT_STARTED,NOT_STARTED,NOT_STARTED,SVG_REQUIRED_MISSING,SVG_REQUIRED_MISSING,GRAPH_OR_FUNCTION_STRUCTURE|COUNTING_STRUCTURE,,GRAPH_CANDIDATE,NO_PROBLEM_VISUAL,REVIEW_REQUIRED,NONE,NOT_STARTED,,,,NOT_STARTED,NOT_STARTED,NOT_STARTED,NOT_TESTED,PASS,canonical_and_compiled_master_match,INVENTORY_PENDING,01_scope_inventory.csv#archive/exams/original/high/h1/1final/26_순천여고_1학기_기말_고1_기출.js|26_순천여고_1학기_기말_고1_기출|17,,INDEX_RECORD_PRESENT,original/high/h1/1final/26_순천여고_1학기_기말_고1_기출.js_17,bd5f942a1354d79dac6a827e48179b103e002ebbe3ccb90850835786c2c8f0c6,true,③,IN_SCOPE_FORWARD,,,CLOSED_NO_SHARED_ASSET
archive/exams/original/high/h1/1final/26_순천여고_1학기_기말_고1_기출.js|26_순천여고_1학기_기말_고1_기출|23,archive/exams/original/high/h1/1final/26_순천여고_1학기_기말_고1_기출.js,26_순천여고_1학기_기말_고1_기출,23,23,23,2022,공통수학1,H22-C-05,이차방정식과 이차함수,5,H22-C-05-QUADRATIC_FUNCTION_GRAPH,이차함수의 그래프,rule_inferred,complete_rule,서술형,grid,false,서술형|도형|그래프,8947262f4e1f49cce8f99c96f3dd8d3f76e8295f0f371aba6d6e8fb9e7e65c4c,4f53cda18c2baa0c0354bb5f9a3ecbe5ed12ab4d8e11ba873c2f11161202b945,a2e3fa14b931baba1954230635420455c768f625a6a950c720f49ce7c89dee28,a9da0d949e8818b376cb1054fadedf0cf1ec0df2ae14bb9ed4c045db6354c1df,assets/images/26_순천여고_1학기_기말_고1_기출/q23.png,b6bb8f3cadb7a388e3bd965a0f6bc586f1e665b96523ea02304720b8c9b5e98a,,,0,LOADED_VM,,NOT_STARTED,NOT_STARTED,NOT_STARTED,SVG_REQUIRED_MISSING,SVG_REQUIRED_MISSING,GRAPH_OR_FUNCTION_STRUCTURE|COORDINATE_OR_GEOMETRY_STRUCTURE|TABLE_OR_MATRIX_STRUCTURE,,GRAPH_CANDIDATE,PROBLEM_VISUAL_PRESENT,REVIEW_REQUIRED,NONE,NOT_STARTED,,,,NOT_STARTED,NOT_STARTED,NOT_STARTED,NOT_TESTED,PASS,canonical_and_compiled_master_match,INVENTORY_PENDING,01_scope_inventory.csv#archive/exams/original/high/h1/1final/26_순천여고_1학기_기말_고1_기출.js|26_순천여고_1학기_기말_고1_기출|23,[object Object],INDEX_RECORD_PRESENT,original/high/h1/1final/26_순천여고_1학기_기말_고1_기출.js_23,bd5f942a1354d79dac6a827e48179b103e002ebbe3ccb90850835786c2c8f0c6,true,"$\dfrac{27}{16}\,\mathrm{m}^2$",IN_SCOPE_FORWARD,,,CLOSED_NO_SHARED_ASSET
archive/exams/original/high/h1/1final/26_팔마고_1학기_기말_고1_기출.js|26_팔마고_1학기_기말_고1_기출|3,archive/exams/original/high/h1/1final/26_팔마고_1학기_기말_고1_기출.js,26_팔마고_1학기_기말_고1_기출,3,3,3,2022,공통수학1,H22-C-05,이차방정식과 이차함수,5,H22-C-05-QUADRATIC_FUNCTION_GRAPH,이차함수의 그래프,category_or_cue_inferred,complete_category,객관식,grid,false,객관식|이차방정식과 이차함수,11fc9e3135e51f13822c505d196c2389c7a8d07f38bd76a66128ecdc02a896d4,ed233e6b3aa03a196b12af07c7480441d6dcd22ab1a662436cea92a9e64fb60c,d41ea6521f53fb3dfa10cf72e2932f4405d9c999fa422cdc840d25d57e90dd34,834aa3276de78009767f4083b9a401fc8246ae6420caa9c5b9259d544cc0588f,,,,,0,LOADED_VM,,NOT_STARTED,NOT_STARTED,NOT_STARTED,SVG_REQUIRED_MISSING,SVG_REQUIRED_MISSING,GRAPH_OR_FUNCTION_STRUCTURE|COORDINATE_OR_GEOMETRY_STRUCTURE|TABLE_OR_MATRIX_STRUCTURE,,GRAPH_CANDIDATE,NO_PROBLEM_VISUAL,REVIEW_REQUIRED,NONE,NOT_STARTED,,,,NOT_STARTED,NOT_STARTED,NOT_STARTED,NOT_TESTED,PASS,canonical_and_compiled_master_match,INVENTORY_PENDING,01_scope_inventory.csv#archive/exams/original/high/h1/1final/26_팔마고_1학기_기말_고1_기출.js|26_팔마고_1학기_기말_고1_기출|3,,INDEX_RECORD_PRESENT,original/high/h1/1final/26_팔마고_1학기_기말_고1_기출.js_3,bb8d68040dac365bbc76d1d920e1e62611c8441be978e79c621b3f3831be320f,true,④,IN_SCOPE_FORWARD,,,CLOSED_NO_SHARED_ASSET
archive/exams/original/high/h1/1final/26_팔마고_1학기_기말_고1_기출.js|26_팔마고_1학기_기말_고1_기출|4,archive/exams/original/high/h1/1final/26_팔마고_1학기_기말_고1_기출.js,26_팔마고_1학기_기말_고1_기출,4,4,4,2022,공통수학1,H22-C-05,이차방정식과 이차함수,5,H22-C-05-QUADRATIC_FUNCTION_GRAPH,이차함수의 그래프,category_or_cue_inferred,complete_category,객관식,grid,false,객관식|이차방정식과 이차함수,fa6862e6d61d7f6ddbb16932ee5d4e147be6933b80c95ae7aceb0ed510cacb27,3cc19e370a6671b60f17396fd032ed6593aa1547f8af80d6ab8d949018911b5e,973d2fd2f97e26a666f403b12da6d87e527985b36bcf4ff0a47c7e7e8c36321a,02b0dd8a7716be27be17773a1aa5219e4ac31bfe06c994b43db3cfe2783a062c,,,,,0,LOADED_VM,,NOT_STARTED,NOT_STARTED,NOT_STARTED,SVG_REQUIRED_MISSING,SVG_REQUIRED_MISSING,GRAPH_OR_FUNCTION_STRUCTURE|COORDINATE_OR_GEOMETRY_STRUCTURE|TABLE_OR_MATRIX_STRUCTURE,,GRAPH_CANDIDATE,NO_PROBLEM_VISUAL,REVIEW_REQUIRED,NONE,NOT_STARTED,,,,NOT_STARTED,NOT_STARTED,NOT_STARTED,NOT_TESTED,PASS,canonical_and_compiled_master_match,INVENTORY_PENDING,01_scope_inventory.csv#archive/exams/original/high/h1/1final/26_팔마고_1학기_기말_고1_기출.js|26_팔마고_1학기_기말_고1_기출|4,,INDEX_RECORD_PRESENT,original/high/h1/1final/26_팔마고_1학기_기말_고1_기출.js_4,bb8d68040dac365bbc76d1d920e1e62611c8441be978e79c621b3f3831be320f,true,①,IN_SCOPE_FORWARD,,,CLOSED_NO_SHARED_ASSET
archive/exams/original/high/h1/1final/26_팔마고_1학기_기말_고1_기출.js|26_팔마고_1학기_기말_고1_기출|13,archive/exams/original/high/h1/1final/26_팔마고_1학기_기말_고1_기출.js,26_팔마고_1학기_기말_고1_기출,13,13,13,2022,공통수학1,H22-C-05,이차방정식과 이차함수,5,H22-C-05-QUADRATIC_FUNCTION_GRAPH,이차함수의 그래프,category_or_cue_inferred,complete_category,객관식,grid,false,객관식|이차방정식과 이차함수|그래프,676ad7e8b36247f42ddd05397593c1a97732463f5c5f1a255992c8ab69fed518,d41a4d29180fc1c4cfd8276ade5178f7fc4c443b3bd7ce72c05347a52fa41040,0bdef091c479702584f065d3a3714f8a76f851b3f0cf10912f345a5dd930b0a8,e5aa5a6de9bfe79caf9544742a6449480bd4c0bd719125863af476e69105a2e4,assets/images/26_팔마고_1학기_기말_고1_기출/q13.png,2a7102da5b8a947b41f9573ece18430d8614d630758b4e97ca6be50a320d7fd3,,,0,LOADED_VM,,NOT_STARTED,NOT_STARTED,NOT_STARTED,SVG_REQUIRED_MISSING,SVG_REQUIRED_MISSING,GRAPH_OR_FUNCTION_STRUCTURE|COORDINATE_OR_GEOMETRY_STRUCTURE|TABLE_OR_MATRIX_STRUCTURE,,GRAPH_CANDIDATE,PROBLEM_VISUAL_PRESENT,REVIEW_REQUIRED,NONE,NOT_STARTED,,,,NOT_STARTED,NOT_STARTED,NOT_STARTED,NOT_TESTED,PASS,canonical_and_compiled_master_match,INVENTORY_PENDING,01_scope_inventory.csv#archive/exams/original/high/h1/1final/26_팔마고_1학기_기말_고1_기출.js|26_팔마고_1학기_기말_고1_기출|13,[object Object],INDEX_RECORD_PRESENT,original/high/h1/1final/26_팔마고_1학기_기말_고1_기출.js_13,bb8d68040dac365bbc76d1d920e1e62611c8441be978e79c621b3f3831be320f,true,⑤,IN_SCOPE_FORWARD,,,CLOSED_NO_SHARED_ASSET
archive/exams/original/high/h1/1final/26_팔마고_1학기_기말_고1_기출.js|26_팔마고_1학기_기말_고1_기출|18,archive/exams/original/high/h1/1final/26_팔마고_1학기_기말_고1_기출.js,26_팔마고_1학기_기말_고1_기출,18,18,18,2022,공통수학1,H22-C-05,이차방정식과 이차함수,5,H22-C-05-QUADRATIC_FUNCTION_GRAPH,이차함수의 그래프,category_or_cue_inferred,complete_category,객관식,grid,false,객관식|이차방정식과 이차함수,7cf961e1b8dbfac75ffcb65e9e243b710ab529c563ea9d5ba0eb67a3c545f726,cbb51efd34b277f98bee5b51e4e93e2ccd28d033c32715f81f8ef790586831ca,dfde05a3668030e99ca64d8d4ae5f6b64c7a87cee61c0ba43904b92ef210191d,31bdf4a725794e95e91f3632e5d3eda7c31e23684e8517846e243b7f546bfc8c,,,,,0,LOADED_VM,,NOT_STARTED,NOT_STARTED,NOT_STARTED,SVG_REQUIRED_MISSING,SVG_REQUIRED_MISSING,GRAPH_OR_FUNCTION_STRUCTURE|COORDINATE_OR_GEOMETRY_STRUCTURE|TABLE_OR_MATRIX_STRUCTURE,,GRAPH_CANDIDATE,NO_PROBLEM_VISUAL,REVIEW_REQUIRED,NONE,NOT_STARTED,,,,NOT_STARTED,NOT_STARTED,NOT_STARTED,NOT_TESTED,PASS,canonical_and_compiled_master_match,INVENTORY_PENDING,01_scope_inventory.csv#archive/exams/original/high/h1/1final/26_팔마고_1학기_기말_고1_기출.js|26_팔마고_1학기_기말_고1_기출|18,,INDEX_RECORD_PRESENT,original/high/h1/1final/26_팔마고_1학기_기말_고1_기출.js_18,bb8d68040dac365bbc76d1d920e1e62611c8441be978e79c621b3f3831be320f,true,②,IN_SCOPE_FORWARD,,,CLOSED_NO_SHARED_ASSET
archive/exams/original/high/h1/1final/26_팔마고_1학기_기말_고1_기출.js|26_팔마고_1학기_기말_고1_기출|20,archive/exams/original/high/h1/1final/26_팔마고_1학기_기말_고1_기출.js,26_팔마고_1학기_기말_고1_기출,20,20,20,2022,공통수학1,H22-C-05,이차방정식과 이차함수,5,H22-C-05-FUNCTION_BASIC,함수의 뜻과 그래프,category_or_cue_inferred,complete_category,단답형,grid,false,서술형|이차방정식과 이차함수,747fa591f4c6e801d5299efb3a36f315e85d8d1e22fdeb02c46b4f0e7fefa3fa,4f53cda18c2baa0c0354bb5f9a3ecbe5ed12ab4d8e11ba873c2f11161202b945,36809f1737234799878ce298ef8649f605fdde20fef657a45f968eb3f49d2598,c37c66b51068f1b1a70ed57ce56a5bc73f444249716fb2d4e09dc6a251d890ac,,,,,0,LOADED_VM,,NOT_STARTED,NOT_STARTED,NOT_STARTED,SVG_REQUIRED_MISSING,SVG_REQUIRED_MISSING,GRAPH_OR_FUNCTION_STRUCTURE|COORDINATE_OR_GEOMETRY_STRUCTURE|TABLE_OR_MATRIX_STRUCTURE,,GRAPH_CANDIDATE,NO_PROBLEM_VISUAL,REVIEW_REQUIRED,NONE,NOT_STARTED,,,,NOT_STARTED,NOT_STARTED,NOT_STARTED,NOT_TESTED,PASS,canonical_and_compiled_master_match,INVENTORY_PENDING,01_scope_inventory.csv#archive/exams/original/high/h1/1final/26_팔마고_1학기_기말_고1_기출.js|26_팔마고_1학기_기말_고1_기출|20,,INDEX_RECORD_PRESENT,original/high/h1/1final/26_팔마고_1학기_기말_고1_기출.js_20,bb8d68040dac365bbc76d1d920e1e62611c8441be978e79c621b3f3831be320f,true,$23$,IN_SCOPE_FORWARD,,,CLOSED_NO_SHARED_ASSET
archive/exams/original/high/h1/1final/26_팔마고_1학기_기말_고1_기출.js|26_팔마고_1학기_기말_고1_기출|22,archive/exams/original/high/h1/1final/26_팔마고_1학기_기말_고1_기출.js,26_팔마고_1학기_기말_고1_기출,22,22,22,2022,공통수학1,H22-C-05,이차방정식과 이차함수,5,H22-C-05-QUADRATIC_FUNCTION_GRAPH,이차함수의 그래프,category_or_cue_inferred,complete_category,단답형,grid,false,서술형|이차방정식과 이차함수|도형,ee4df5b40031bfdf07a2a0bc0bbbf50488c24df4ff6fcf8d5d00ecd04daa3c8c,4f53cda18c2baa0c0354bb5f9a3ecbe5ed12ab4d8e11ba873c2f11161202b945,f68a41de20694b3c5e45044342e826fff55d0e5beda45e247e6dffb65685e5aa,3243ae9afcbd5a86b3bdc713276f36aed2f093731ef5ccfaf1bda1de77737b2a,assets/images/26_팔마고_1학기_기말_고1_기출/q22.png,fb7b6ae9a320b64e3976419e78805f2cea9d29e7268eeaef665e4ac65dfba562,,,0,LOADED_VM,,NOT_STARTED,NOT_STARTED,NOT_STARTED,SVG_REQUIRED_MISSING,SVG_REQUIRED_MISSING,GRAPH_OR_FUNCTION_STRUCTURE|COORDINATE_OR_GEOMETRY_STRUCTURE,,GRAPH_CANDIDATE,PROBLEM_VISUAL_PRESENT,REVIEW_REQUIRED,NONE,NOT_STARTED,,,,NOT_STARTED,NOT_STARTED,NOT_STARTED,NOT_TESTED,PASS,canonical_and_compiled_master_match,INVENTORY_PENDING,01_scope_inventory.csv#archive/exams/original/high/h1/1final/26_팔마고_1학기_기말_고1_기출.js|26_팔마고_1학기_기말_고1_기출|22,[object Object],INDEX_RECORD_PRESENT,original/high/h1/1final/26_팔마고_1학기_기말_고1_기출.js_22,bb8d68040dac365bbc76d1d920e1e62611c8441be978e79c621b3f3831be320f,true,$\dfrac{3\sqrt3}{2}$,IN_SCOPE_FORWARD,,,CLOSED_NO_SHARED_ASSET
archive/exams/original/high/h1/1final/26_효천고_1학기_기말_고1_기출.js|26_효천고_1학기_기말_고1_기출|4,archive/exams/original/high/h1/1final/26_효천고_1학기_기말_고1_기출.js,26_효천고_1학기_기말_고1_기출,4,4,4,2022,공통수학1,H22-C-05,이차방정식과 이차함수,5,H22-C-05-QUADRATIC_FUNCTION_GRAPH,이차함수의 그래프,category_or_cue_inferred,complete_category,객관식,grid,false,,6266091e4d4f1c9af33cb82392116c6490a3272574ca2e2a2b025eab54076f84,52098089281f56814965f2ec2131320377df55e441f66889c07cb4354803b6c5,973d2fd2f97e26a666f403b12da6d87e527985b36bcf4ff0a47c7e7e8c36321a,83cba8606ad4893b2a38388c4bd4941e23a71e1c8f415fdd7fb23abf03dc0e65,,,,,0,LOADED_VM,,NOT_STARTED,NOT_STARTED,NOT_STARTED,SVG_REQUIRED_MISSING,SVG_REQUIRED_MISSING,GRAPH_OR_FUNCTION_STRUCTURE|COORDINATE_OR_GEOMETRY_STRUCTURE|TABLE_OR_MATRIX_STRUCTURE,,GRAPH_CANDIDATE,NO_PROBLEM_VISUAL,REVIEW_REQUIRED,NONE,NOT_STARTED,,,,NOT_STARTED,NOT_STARTED,NOT_STARTED,NOT_TESTED,PASS,canonical_and_compiled_master_match,INVENTORY_PENDING,01_scope_inventory.csv#archive/exams/original/high/h1/1final/26_효천고_1학기_기말_고1_기출.js|26_효천고_1학기_기말_고1_기출|4,,INDEX_RECORD_PRESENT,original/high/h1/1final/26_효천고_1학기_기말_고1_기출.js_4,9ded0f1af40839a0d7f308d40d08e36e033349ba98f60f185adc4d0316bc237e,true,①,IN_SCOPE_FORWARD,,,CLOSED_NO_SHARED_ASSET
archive/exams/original/high/h1/1final/26_효천고_1학기_기말_고1_기출.js|26_효천고_1학기_기말_고1_기출|5,archive/exams/original/high/h1/1final/26_효천고_1학기_기말_고1_기출.js,26_효천고_1학기_기말_고1_기출,5,5,5,2022,공통수학1,H22-C-05,이차방정식과 이차함수,5,H22-C-05-FUNCTION_BASIC,함수의 뜻과 그래프,category_or_cue_inferred,complete_category,객관식,grid,false,그래프,43d576c3294411ca06de71752b0715acbf0efc6aba1caca3774ce82c4ae1db8e,0fb25cd630959ddf826e9eb573e0db37b5beb7b51b8320ec2c8a5ed7811f28aa,b15be6cb71072b84f7e1e198ce023fc5bb8b1e625335904ddcf3cffcd8b7312b,dde0290e93a9982906818121b864fcdb79e4288ed449d0ad1ffd415984c2ad39,assets/images/26_효천고_1학기_기말_고1_기출/q05.png,2c9e1c6636b8eb29d5b16c6b5ae47336e7d4709e0366c33d12428f065598ac54,,,0,LOADED_VM,,NOT_STARTED,NOT_STARTED,NOT_STARTED,SVG_REQUIRED_MISSING,SVG_REQUIRED_MISSING,GRAPH_OR_FUNCTION_STRUCTURE,,GRAPH_CANDIDATE,PROBLEM_VISUAL_PRESENT,REVIEW_REQUIRED,NONE,NOT_STARTED,,,,NOT_STARTED,NOT_STARTED,NOT_STARTED,NOT_TESTED,PASS,canonical_and_compiled_master_match,INVENTORY_PENDING,01_scope_inventory.csv#archive/exams/original/high/h1/1final/26_효천고_1학기_기말_고1_기출.js|26_효천고_1학기_기말_고1_기출|5,[object Object],INDEX_RECORD_PRESENT,original/high/h1/1final/26_효천고_1학기_기말_고1_기출.js_5,9ded0f1af40839a0d7f308d40d08e36e033349ba98f60f185adc4d0316bc237e,true,③,IN_SCOPE_FORWARD,,,CLOSED_NO_SHARED_ASSET
archive/exams/original/high/h1/1final/26_효천고_1학기_기말_고1_기출.js|26_효천고_1학기_기말_고1_기출|8,archive/exams/original/high/h1/1final/26_효천고_1학기_기말_고1_기출.js,26_효천고_1학기_기말_고1_기출,8,8,8,2022,공통수학1,H22-C-05,이차방정식과 이차함수,5,H22-C-05-QUADRATIC_FUNCTION_GRAPH,이차함수의 그래프,category_or_cue_inferred,complete_category,객관식,grid,false,,d2277a08230f5fe5ceb70d8240dbaca955d32e441af3bf7779799ae659b93044,cdcf82131aac09c2e7d9780d42e60bb28b8d4d69163ec871b629f375042202bc,b15be6cb71072b84f7e1e198ce023fc5bb8b1e625335904ddcf3cffcd8b7312b,bddaeb1501e9b759ab8c26089194e63c14973967c471460836f75994d4c9e04d,,,,,0,LOADED_VM,,NOT_STARTED,NOT_STARTED,NOT_STARTED,SVG_REQUIRED_MISSING,SVG_REQUIRED_MISSING,GRAPH_OR_FUNCTION_STRUCTURE,,GRAPH_CANDIDATE,NO_PROBLEM_VISUAL,REVIEW_REQUIRED,NONE,NOT_STARTED,,,,NOT_STARTED,NOT_STARTED,NOT_STARTED,NOT_TESTED,PASS,canonical_and_compiled_master_match,INVENTORY_PENDING,01_scope_inventory.csv#archive/exams/original/high/h1/1final/26_효천고_1학기_기말_고1_기출.js|26_효천고_1학기_기말_고1_기출|8,,INDEX_RECORD_PRESENT,original/high/h1/1final/26_효천고_1학기_기말_고1_기출.js_8,9ded0f1af40839a0d7f308d40d08e36e033349ba98f60f185adc4d0316bc237e,true,③,IN_SCOPE_FORWARD,,,CLOSED_NO_SHARED_ASSET
archive/exams/original/high/h1/1final/26_효천고_1학기_기말_고1_기출.js|26_효천고_1학기_기말_고1_기출|13,archive/exams/original/high/h1/1final/26_효천고_1학기_기말_고1_기출.js,26_효천고_1학기_기말_고1_기출,13,13,13,2022,공통수학1,H22-C-05,이차방정식과 이차함수,5,H22-C-05-EQUATION_BASIC,방정식의 풀이,category_or_cue_inferred,complete_category,객관식,grid,false,표,683ae8b9010c05054ad422407fbdb70656b12f44d42e8749323114b007878694,950f1919b870223c96bdf33f35403e82fc95e141bf878d5d462dbfbcd0ddc3dc,d41ea6521f53fb3dfa10cf72e2932f4405d9c999fa422cdc840d25d57e90dd34,44d04c421022338bcc3c09932e1b8693ffc17d530548e37a834a5052f790f00f,,,,,0,LOADED_VM,,NOT_STARTED,NOT_STARTED,NOT_STARTED,SVG_REQUIRED_MISSING,SVG_REQUIRED_MISSING,TABLE_OR_MATRIX_STRUCTURE,,VISUAL_CANDIDATE,NO_PROBLEM_VISUAL,SCHEMATIC_OR_REVIEW,NONE,NOT_STARTED,,,,NOT_STARTED,NOT_STARTED,NOT_STARTED,NOT_TESTED,PASS,canonical_and_compiled_master_match,INVENTORY_PENDING,01_scope_inventory.csv#archive/exams/original/high/h1/1final/26_효천고_1학기_기말_고1_기출.js|26_효천고_1학기_기말_고1_기출|13,,INDEX_RECORD_PRESENT,original/high/h1/1final/26_효천고_1학기_기말_고1_기출.js_13,9ded0f1af40839a0d7f308d40d08e36e033349ba98f60f185adc4d0316bc237e,true,④,IN_SCOPE_FORWARD,,,CLOSED_NO_SHARED_ASSET
archive/exams/original/high/h1/1final/26_효천고_1학기_기말_고1_기출.js|26_효천고_1학기_기말_고1_기출|18,archive/exams/original/high/h1/1final/26_효천고_1학기_기말_고1_기출.js,26_효천고_1학기_기말_고1_기출,18,18,18,2022,공통수학1,H22-C-05,이차방정식과 이차함수,5,H22-C-05-QUADRATIC_EQUATION,이차방정식,category_or_cue_inferred,complete_category,객관식,grid,false,표,671befe5e8cd2163d9e277fa3ac1c83b9c6bdf778c0303349e458e9d6a10533c,b706007a5e89378733a0981689cd0d99ecfef4e86a98017fe02885ac35fa0b2d,973d2fd2f97e26a666f403b12da6d87e527985b36bcf4ff0a47c7e7e8c36321a,8710ea24d3bc0682fb83bb2f1f90e13d75e07eb5d8c9a86851c0bb0a193bf0af,,,,,0,LOADED_VM,,NOT_STARTED,NOT_STARTED,NOT_STARTED,SVG_REQUIRED_MISSING,SVG_REQUIRED_MISSING,COORDINATE_OR_GEOMETRY_STRUCTURE|TABLE_OR_MATRIX_STRUCTURE,,VISUAL_CANDIDATE,NO_PROBLEM_VISUAL,REVIEW_REQUIRED,NONE,NOT_STARTED,,,,NOT_STARTED,NOT_STARTED,NOT_STARTED,NOT_TESTED,PASS,canonical_and_compiled_master_match,INVENTORY_PENDING,01_scope_inventory.csv#archive/exams/original/high/h1/1final/26_효천고_1학기_기말_고1_기출.js|26_효천고_1학기_기말_고1_기출|18,,INDEX_RECORD_PRESENT,original/high/h1/1final/26_효천고_1학기_기말_고1_기출.js_18,9ded0f1af40839a0d7f308d40d08e36e033349ba98f60f185adc4d0316bc237e,true,①,IN_SCOPE_FORWARD,,,CLOSED_NO_SHARED_ASSET
archive/exams/original/high/h1/1final/26_효천고_1학기_기말_고1_기출.js|26_효천고_1학기_기말_고1_기출|24,archive/exams/original/high/h1/1final/26_효천고_1학기_기말_고1_기출.js,26_효천고_1학기_기말_고1_기출,24,24,24,2022,공통수학1,H22-C-05,이차방정식과 이차함수,5,H22-C-05-QUADRATIC_FUNCTION_GRAPH,이차함수의 그래프,category_or_cue_inferred,complete_category,서술형,grid,false,서술형|그래프,74e4ae6d4cfa340a167e089abd4d96b99dc6534eda57f57d9c2861bfc749b9e9,4f53cda18c2baa0c0354bb5f9a3ecbe5ed12ab4d8e11ba873c2f11161202b945,97954d1e9622e6a4eebb0eb3e2543d7e03810348c36d79404337eaba32f5bc65,0f6f8d63b5065c3f514102ba5d5cd43c40eb91c7e0647560b07b6dc26d0f7c1b,assets/images/26_효천고_1학기_기말_고1_기출/q24.png,1664451f8dcfbbaef7cae071ba29f6cfab87d82cb03167ca0ac38f627cc3140f,,,0,LOADED_VM,,NOT_STARTED,NOT_STARTED,NOT_STARTED,SVG_REQUIRED_MISSING,SVG_REQUIRED_MISSING,GRAPH_OR_FUNCTION_STRUCTURE|COORDINATE_OR_GEOMETRY_STRUCTURE|TABLE_OR_MATRIX_STRUCTURE,,GRAPH_CANDIDATE,PROBLEM_VISUAL_PRESENT,REVIEW_REQUIRED,NONE,NOT_STARTED,,,,NOT_STARTED,NOT_STARTED,NOT_STARTED,NOT_TESTED,PASS,canonical_and_compiled_master_match,INVENTORY_PENDING,01_scope_inventory.csv#archive/exams/original/high/h1/1final/26_효천고_1학기_기말_고1_기출.js|26_효천고_1학기_기말_고1_기출|24,[object Object],INDEX_RECORD_PRESENT,original/high/h1/1final/26_효천고_1학기_기말_고1_기출.js_24,9ded0f1af40839a0d7f308d40d08e36e033349ba98f60f185adc4d0316bc237e,true,"최댓값 $10$, $x=0$",IN_SCOPE_FORWARD,,,CLOSED_NO_SHARED_ASSET
archive/exams/original/high/h1/1mid/23_매산고_1학기_중간_고1_기출.js|23_매산고_1학기_중간_고1_기출|5,archive/exams/original/high/h1/1mid/23_매산고_1학기_중간_고1_기출.js,23_매산고_1학기_중간_고1_기출,5,5,5,2015,수학(상),H15-SA-05,이차방정식,5,H15-SA-05-QUADRATIC_SOLVING,이차방정식의 풀이,category_or_cue_inferred,complete_category,객관식,grid,false,객관식|계수비교|이차방정식|판별식|조건해석|계산,d42ce586189bec3711bb934a95e58216ba9023c8b5ed2ef13fd6cd0cb3162981,a3df0ff132a92beb0688aa32aa24e81cf04558b945e21e98565e21772d8657e3,b15be6cb71072b84f7e1e198ce023fc5bb8b1e625335904ddcf3cffcd8b7312b,bb28243793d7606f73e5f300e76d6b01362f0d7899a816cbb5d4485f2cf217c5,,,,,0,LOADED_VM,,NOT_STARTED,NOT_STARTED,NOT_STARTED,SVG_OPTIONAL,SVG_OPTIONAL,,,NONE,NO_PROBLEM_VISUAL,N/A,NONE,NOT_STARTED,,,,NOT_STARTED,NOT_STARTED,NOT_STARTED,NOT_TESTED,PASS,canonical_and_compiled_master_match,INVENTORY_PENDING,01_scope_inventory.csv#archive/exams/original/high/h1/1mid/23_매산고_1학기_중간_고1_기출.js|23_매산고_1학기_중간_고1_기출|5,,INDEX_RECORD_PRESENT,original/high/h1/1mid/23_매산고_1학기_중간_고1_기출.js_5,5df107ced37bdd1fa5c9576344a398127e4086dfc138b0b049ab1e3e78780fd5,true,③,IN_SCOPE_FORWARD,,,CLOSED_NO_SHARED_ASSET
archive/exams/original/high/h1/1mid/23_매산고_1학기_중간_고1_기출.js|23_매산고_1학기_중간_고1_기출|13,archive/exams/original/high/h1/1mid/23_매산고_1학기_중간_고1_기출.js,23_매산고_1학기_중간_고1_기출,13,13,13,2015,수학(상),H15-SA-05,이차방정식,5,H15-SA-05-EQUATION_BASIC,방정식의 풀이,category_or_cue_inferred,complete_category,객관식,grid,false,객관식|제곱근|근호|계수비교|이차방정식|근과계수|도형|원,481595da2b9927dc0fa3556ebe30f1d7efda9d7efb65a9d03613a321e8615b87,e9df9bf23f82e506393bd3e2e088638ba277ad2fb7ba7b6f234568c8bff6b27f,b15be6cb71072b84f7e1e198ce023fc5bb8b1e625335904ddcf3cffcd8b7312b,5b8704744c0787677ade4422d9f85dc6bf3afbd83236614a3ce210a8366a138e,,,,,0,LOADED_VM,,NOT_STARTED,NOT_STARTED,NOT_STARTED,SVG_REQUIRED_MISSING,SVG_REQUIRED_MISSING,COORDINATE_OR_GEOMETRY_STRUCTURE,,VISUAL_CANDIDATE,NO_PROBLEM_VISUAL,REVIEW_REQUIRED,NONE,NOT_STARTED,,,,NOT_STARTED,NOT_STARTED,NOT_STARTED,NOT_TESTED,PASS,canonical_and_compiled_master_match,INVENTORY_PENDING,01_scope_inventory.csv#archive/exams/original/high/h1/1mid/23_매산고_1학기_중간_고1_기출.js|23_매산고_1학기_중간_고1_기출|13,,INDEX_RECORD_PRESENT,original/high/h1/1mid/23_매산고_1학기_중간_고1_기출.js_13,5df107ced37bdd1fa5c9576344a398127e4086dfc138b0b049ab1e3e78780fd5,true,③,IN_SCOPE_FORWARD,,,CLOSED_NO_SHARED_ASSET
archive/exams/original/high/h1/1mid/23_부영여고_1학기_중간_고1_기출.js|23_부영여고_1학기_중간_고1_기출|6,archive/exams/original/high/h1/1mid/23_부영여고_1학기_중간_고1_기출.js,23_부영여고_1학기_중간_고1_기출,6,6,6,2015,수학(상),H15-SA-05,이차방정식,5,H15-SA-05-DISCRIMINANT,판별식과 근의 조건,category_or_cue_inferred,complete_category,객관식,grid,false,객관식|계수비교|이차방정식|판별식|최대최소|조건해석|계산|상급,2f3e4d6f0319e6b848d68307a6dc906c2ae2bcafc147ce6487f822a7227bc933,77cef69065100004f593e74670874cf53982d7cbd6654b103d8da1a1bd936fa7,d41ea6521f53fb3dfa10cf72e2932f4405d9c999fa422cdc840d25d57e90dd34,c220cd498ac2f93e668d0de7ba585d4cdd07ac20c457dca40551dda4cd50c794,,,,,0,LOADED_VM,,NOT_STARTED,NOT_STARTED,NOT_STARTED,SVG_OPTIONAL,SVG_OPTIONAL,,,NONE,NO_PROBLEM_VISUAL,N/A,NONE,NOT_STARTED,,,,NOT_STARTED,NOT_STARTED,NOT_STARTED,NOT_TESTED,PASS,canonical_and_compiled_master_match,INVENTORY_PENDING,01_scope_inventory.csv#archive/exams/original/high/h1/1mid/23_부영여고_1학기_중간_고1_기출.js|23_부영여고_1학기_중간_고1_기출|6,,INDEX_RECORD_PRESENT,original/high/h1/1mid/23_부영여고_1학기_중간_고1_기출.js_6,bd5c7ae0dfd8afc3cf3b8508fbf0e2d868fd4c1d68484f4cd0bc589c374d288d,true,④,IN_SCOPE_FORWARD,,,CLOSED_NO_SHARED_ASSET
archive/exams/original/high/h1/1mid/23_부영여고_1학기_중간_고1_기출.js|23_부영여고_1학기_중간_고1_기출|7,archive/exams/original/high/h1/1mid/23_부영여고_1학기_중간_고1_기출.js,23_부영여고_1학기_중간_고1_기출,7,7,7,2015,수학(상),H15-SA-05,이차방정식,5,H15-SA-05-EQUATION_BASIC,방정식의 풀이,category_or_cue_inferred,complete_category,객관식,grid,false,객관식|전개|계수비교|이차방정식|근과계수|대입|계산,c2b9c85fae74d6b1c581da3a2bbfb6bc1a33d2b8569dc7b559b3064d2912f463,e7de590cb5ca92d460334a8069150e525a72531a0cf5ebb696d43b4ddc39a410,b15be6cb71072b84f7e1e198ce023fc5bb8b1e625335904ddcf3cffcd8b7312b,f5a0a016ba54cc31156baa4dc8afb2170e0b5907f155d7ffa17d74a74c787753,,,,,0,LOADED_VM,,NOT_STARTED,NOT_STARTED,NOT_STARTED,SVG_OPTIONAL,SVG_OPTIONAL,,,NONE,NO_PROBLEM_VISUAL,N/A,NONE,NOT_STARTED,,,,NOT_STARTED,NOT_STARTED,NOT_STARTED,NOT_TESTED,PASS,canonical_and_compiled_master_match,INVENTORY_PENDING,01_scope_inventory.csv#archive/exams/original/high/h1/1mid/23_부영여고_1학기_중간_고1_기출.js|23_부영여고_1학기_중간_고1_기출|7,,INDEX_RECORD_PRESENT,original/high/h1/1mid/23_부영여고_1학기_중간_고1_기출.js_7,bd5c7ae0dfd8afc3cf3b8508fbf0e2d868fd4c1d68484f4cd0bc589c374d288d,true,③,IN_SCOPE_FORWARD,,,CLOSED_NO_SHARED_ASSET
archive/exams/original/high/h1/1mid/23_부영여고_1학기_중간_고1_기출.js|23_부영여고_1학기_중간_고1_기출|14,archive/exams/original/high/h1/1mid/23_부영여고_1학기_중간_고1_기출.js,23_부영여고_1학기_중간_고1_기출,14,14,14,2015,수학(상),H15-SA-05,이차방정식,5,H15-SA-05-EQUATION_BASIC,방정식의 풀이,category_or_cue_inferred,complete_category,객관식,grid,false,객관식|이차방정식|판별식|범위|조건해석|계산,6d95865568641c0976d7a52ae1486aa1b21d5a87081c574751c02f0cce990267,5d8bd65d0a7cd8a35f65a02da25d2757f666f8c19f323d82d2834ae5ad344043,dfde05a3668030e99ca64d8d4ae5f6b64c7a87cee61c0ba43904b92ef210191d,3f8e0cfb14a68cc42c55013988fb8f6b3919bfc1b0ead124bb5183c0ad31d36b,,,,,0,LOADED_VM,,NOT_STARTED,NOT_STARTED,NOT_STARTED,SVG_OPTIONAL,SVG_OPTIONAL,,,NONE,NO_PROBLEM_VISUAL,N/A,NONE,NOT_STARTED,,,,NOT_STARTED,NOT_STARTED,NOT_STARTED,NOT_TESTED,PASS,canonical_and_compiled_master_match,INVENTORY_PENDING,01_scope_inventory.csv#archive/exams/original/high/h1/1mid/23_부영여고_1학기_중간_고1_기출.js|23_부영여고_1학기_중간_고1_기출|14,,INDEX_RECORD_PRESENT,original/high/h1/1mid/23_부영여고_1학기_중간_고1_기출.js_14,bd5c7ae0dfd8afc3cf3b8508fbf0e2d868fd4c1d68484f4cd0bc589c374d288d,true,②,IN_SCOPE_FORWARD,,,CLOSED_NO_SHARED_ASSET
archive/exams/original/high/h1/1mid/23_부영여고_1학기_중간_고1_기출.js|23_부영여고_1학기_중간_고1_기출|21,archive/exams/original/high/h1/1mid/23_부영여고_1학기_중간_고1_기출.js,23_부영여고_1학기_중간_고1_기출,21,21,21,2015,수학(상),H15-SA-05,이차방정식,5,H15-SA-05-EQUATION_BASIC,방정식의 풀이,category_or_cue_inferred,complete_category,서술형,grid,false,객관식|계수비교|이차방정식|근과계수|지수|조건해석|계산,c545e1a25904ee75693c6c3f9ee2eed7820eaff62e3c98acc219fafd0cf42144,4f53cda18c2baa0c0354bb5f9a3ecbe5ed12ab4d8e11ba873c2f11161202b945,6c22d29b4c654addf75004258d8620b2de48ebcfb7885d5ea8a520e2c1604cd4,ac4407d4289ce6ec0cdf17286329e97eb5fa5495ff8ccc35a177a7479e317cec,,,,,0,LOADED_VM,,NOT_STARTED,NOT_STARTED,NOT_STARTED,SVG_OPTIONAL,SVG_OPTIONAL,,,NONE,NO_PROBLEM_VISUAL,N/A,NONE,NOT_STARTED,,,,NOT_STARTED,NOT_STARTED,NOT_STARTED,NOT_TESTED,PASS,canonical_and_compiled_master_match,INVENTORY_PENDING,01_scope_inventory.csv#archive/exams/original/high/h1/1mid/23_부영여고_1학기_중간_고1_기출.js|23_부영여고_1학기_중간_고1_기출|21,,INDEX_RECORD_PRESENT,original/high/h1/1mid/23_부영여고_1학기_중간_고1_기출.js_21,bd5c7ae0dfd8afc3cf3b8508fbf0e2d868fd4c1d68484f4cd0bc589c374d288d,true,-27,IN_SCOPE_FORWARD,,,CLOSED_NO_SHARED_ASSET
archive/exams/original/high/h1/1mid/23_여수여고_1학기_중간_고1_기출.js|23_여수여고_1학기_중간_고1_기출|13,archive/exams/original/high/h1/1mid/23_여수여고_1학기_중간_고1_기출.js,23_여수여고_1학기_중간_고1_기출,13,13,13,2015,수학(상),H15-SA-05,이차방정식,5,H15-SA-05-DISCRIMINANT,판별식과 근의 조건,candidate_evidence,complete_candidate,객관식,grid,false,객관식|전개|이차방정식|판별식|조건해석|계산,9bc9c8f8c55c3f9f2ca3035928a3cba09f3a3a33c9c01f0f8a747f3a28bccd4e,089e9ad75d1e53f0176287410930641bc497a7ce15eaf881f7096b9eb287d699,973d2fd2f97e26a666f403b12da6d87e527985b36bcf4ff0a47c7e7e8c36321a,0ff28d23653db0730015d955067a2e8ad6b2694e1ef6e7e013700802e8e54fe8,,,,,0,LOADED_VM,,NOT_STARTED,NOT_STARTED,NOT_STARTED,SVG_OPTIONAL,SVG_OPTIONAL,,,NONE,NO_PROBLEM_VISUAL,N/A,NONE,NOT_STARTED,,,,NOT_STARTED,NOT_STARTED,NOT_STARTED,NOT_TESTED,PASS,canonical_and_compiled_master_match,INVENTORY_PENDING,01_scope_inventory.csv#archive/exams/original/high/h1/1mid/23_여수여고_1학기_중간_고1_기출.js|23_여수여고_1학기_중간_고1_기출|13,,INDEX_RECORD_PRESENT,original/high/h1/1mid/23_여수여고_1학기_중간_고1_기출.js_13,a63fb917216bab5716599298813e458f01ee81c972938af3651a686e0633b3e1,true,①,IN_SCOPE_FORWARD,,,CLOSED_NO_SHARED_ASSET
archive/exams/original/high/h1/1mid/23_여수여고_1학기_중간_고1_기출.js|23_여수여고_1학기_중간_고1_기출|14,archive/exams/original/high/h1/1mid/23_여수여고_1학기_중간_고1_기출.js,23_여수여고_1학기_중간_고1_기출,14,14,14,2015,수학(상),H15-SA-05,이차방정식,5,H15-SA-05-EQUATION_BASIC,방정식의 풀이,candidate_evidence,complete_candidate,객관식,grid,false,객관식|절댓값|계수비교|이차방정식|판별식|근과계수|최대최소|자연수조건,fb13d99815326e6a03ae91e9493329654d6a96d24f33e8a25cbf05bf7486e794,eb635449c5bd5398a65e40bcfd08e35da328a42be66af12dd42963907b58cf21,b15be6cb71072b84f7e1e198ce023fc5bb8b1e625335904ddcf3cffcd8b7312b,045c6501d7ef901be90306c6f86d09a0946d6f41523112dd052e23c2e7f4b2e6,,,,,0,LOADED_VM,,NOT_STARTED,NOT_STARTED,NOT_STARTED,SVG_OPTIONAL,SVG_OPTIONAL,,,NONE,NO_PROBLEM_VISUAL,N/A,NONE,NOT_STARTED,,,,NOT_STARTED,NOT_STARTED,NOT_STARTED,NOT_TESTED,PASS,canonical_and_compiled_master_match,INVENTORY_PENDING,01_scope_inventory.csv#archive/exams/original/high/h1/1mid/23_여수여고_1학기_중간_고1_기출.js|23_여수여고_1학기_중간_고1_기출|14,,INDEX_RECORD_PRESENT,original/high/h1/1mid/23_여수여고_1학기_중간_고1_기출.js_14,a63fb917216bab5716599298813e458f01ee81c972938af3651a686e0633b3e1,true,③,IN_SCOPE_FORWARD,,,CLOSED_NO_SHARED_ASSET
archive/exams/original/high/h1/1mid/23_여수여고_1학기_중간_고1_기출.js|23_여수여고_1학기_중간_고1_기출|15,archive/exams/original/high/h1/1mid/23_여수여고_1학기_중간_고1_기출.js,23_여수여고_1학기_중간_고1_기출,15,15,15,2015,수학(상),H15-SA-05,이차방정식,5,H15-SA-05-EQUATION_FUNCTION_RELATION,이차방정식과 이차함수의 관계,candidate_evidence,complete_candidate,객관식,grid,false,객관식|항등식|전개|이차방정식|판별식|이차함수|함수|그래프,8d0f76aeca814f7c45161372168fe295bae7cfdb0cbe4794bd9b300dbb503fc3,7ed62a463a913774471e963b6f233443cb1cef7c966df32a0e42856243f82d5e,d41ea6521f53fb3dfa10cf72e2932f4405d9c999fa422cdc840d25d57e90dd34,c3824be299497e212ac15fc1d0e53ab01b8271117e944b966d8ef1b38863f0ce,,,,,0,LOADED_VM,,NOT_STARTED,NOT_STARTED,NOT_STARTED,SVG_REQUIRED_MISSING,SVG_REQUIRED_MISSING,GRAPH_OR_FUNCTION_STRUCTURE,,GRAPH_CANDIDATE,NO_PROBLEM_VISUAL,REVIEW_REQUIRED,NONE,NOT_STARTED,,,,NOT_STARTED,NOT_STARTED,NOT_STARTED,NOT_TESTED,PASS,canonical_and_compiled_master_match,INVENTORY_PENDING,01_scope_inventory.csv#archive/exams/original/high/h1/1mid/23_여수여고_1학기_중간_고1_기출.js|23_여수여고_1학기_중간_고1_기출|15,,INDEX_RECORD_PRESENT,original/high/h1/1mid/23_여수여고_1학기_중간_고1_기출.js_15,a63fb917216bab5716599298813e458f01ee81c972938af3651a686e0633b3e1,true,④,IN_SCOPE_FORWARD,,,CLOSED_NO_SHARED_ASSET
archive/exams/original/high/h1/1mid/23_여수여고_1학기_중간_고1_기출.js|23_여수여고_1학기_중간_고1_기출|16,archive/exams/original/high/h1/1mid/23_여수여고_1학기_중간_고1_기출.js,23_여수여고_1학기_중간_고1_기출,16,16,16,2015,수학(상),H15-SA-05,이차방정식,5,H15-SA-05-EQUATION_FUNCTION_RELATION,이차방정식과 이차함수의 관계,candidate_evidence,complete_candidate,객관식,grid,false,객관식|이차함수|그래프|직선과의교점|교점개수,b6819fdb8508216be9d799cfe39a65cb823ea0f07fe608f7ddf7fd3ac0d33489,3cc19e370a6671b60f17396fd032ed6593aa1547f8af80d6ab8d949018911b5e,dfde05a3668030e99ca64d8d4ae5f6b64c7a87cee61c0ba43904b92ef210191d,693c5530c91f33de3a962aa6c9488ad8a5c29369962ba1947061885c3a85d9a6,,,,,1,LOADED_VM,,NOT_STARTED,NOT_STARTED,NOT_STARTED,SOURCE_REVIEW,SOURCE_REVIEW,GRAPH_OR_FUNCTION_STRUCTURE|COORDINATE_OR_GEOMETRY_STRUCTURE,,SVG,PROBLEM_VISUAL_PRESENT,REVIEW_REQUIRED,INLINE_SVG,NOT_STARTED,,,,NOT_STARTED,NOT_STARTED,NOT_STARTED,NOT_TESTED,PASS,canonical_and_compiled_master_match,INVENTORY_PENDING,01_scope_inventory.csv#archive/exams/original/high/h1/1mid/23_여수여고_1학기_중간_고1_기출.js|23_여수여고_1학기_중간_고1_기출|16,,INDEX_RECORD_PRESENT,original/high/h1/1mid/23_여수여고_1학기_중간_고1_기출.js_16,a63fb917216bab5716599298813e458f01ee81c972938af3651a686e0633b3e1,true,②,IN_SCOPE_FORWARD,,,CLOSED_NO_SHARED_ASSET
archive/exams/original/high/h1/1mid/23_여수여고_1학기_중간_고1_기출.js|23_여수여고_1학기_중간_고1_기출|17,archive/exams/original/high/h1/1mid/23_여수여고_1학기_중간_고1_기출.js,23_여수여고_1학기_중간_고1_기출,17,17,17,2015,수학(상),H15-SA-05,이차방정식,5,H15-SA-05-QUADRATIC_SOLVING,이차방정식의 풀이,candidate_evidence,complete_candidate,객관식,grid,false,객관식|계수비교|이차방정식|판별식|근과계수|이차함수|최대최소|함수,2527f1e1dd1e4cc02c67ef17420e166fb4c6212a11e4e468b239618229058fe0,0d77d44ec596447739ffa3a791a5504ba48f077a516bf7be3115d6ae7c4b8643,b15be6cb71072b84f7e1e198ce023fc5bb8b1e625335904ddcf3cffcd8b7312b,b8f5bf4d82faa7b3055e583b25cc91d3e75a179af8c84e5006b51446f09b2263,,,,,1,LOADED_VM,,NOT_STARTED,NOT_STARTED,NOT_STARTED,SOURCE_REVIEW,SOURCE_REVIEW,GRAPH_OR_FUNCTION_STRUCTURE|COORDINATE_OR_GEOMETRY_STRUCTURE|TABLE_OR_MATRIX_STRUCTURE,,SVG,PROBLEM_VISUAL_PRESENT,REVIEW_REQUIRED,INLINE_SVG,NOT_STARTED,,,,NOT_STARTED,NOT_STARTED,NOT_STARTED,NOT_TESTED,PASS,canonical_and_compiled_master_match,INVENTORY_PENDING,01_scope_inventory.csv#archive/exams/original/high/h1/1mid/23_여수여고_1학기_중간_고1_기출.js|23_여수여고_1학기_중간_고1_기출|17,,INDEX_RECORD_PRESENT,original/high/h1/1mid/23_여수여고_1학기_중간_고1_기출.js_17,a63fb917216bab5716599298813e458f01ee81c972938af3651a686e0633b3e1,true,③,IN_SCOPE_FORWARD,,,CLOSED_NO_SHARED_ASSET
archive/exams/original/high/h1/1mid/23_여수여고_1학기_중간_고1_기출.js|23_여수여고_1학기_중간_고1_기출|18,archive/exams/original/high/h1/1mid/23_여수여고_1학기_중간_고1_기출.js,23_여수여고_1학기_중간_고1_기출,18,18,18,2015,수학(상),H15-SA-05,이차방정식,5,H15-SA-05-EQUATION_BASIC,방정식의 풀이,candidate_evidence,complete_candidate,객관식,grid,false,객관식|이차방정식|근과계수|판별식|정수조건,366ba51526c4075ac144352efeb805a9733b69e2d61db31e38b07f4fd9c2c893,6cd7f953771632bb096713e5f24c1680f4b22929f0ce6b4f8732ba84a7b5b4f4,dfde05a3668030e99ca64d8d4ae5f6b64c7a87cee61c0ba43904b92ef210191d,12010cd68b6ada173b6cdaa2538951e295a011a2caa3c2cb6915357215e212b5,,,,,0,LOADED_VM,,NOT_STARTED,NOT_STARTED,NOT_STARTED,SVG_OPTIONAL,SVG_OPTIONAL,,,NONE,NO_PROBLEM_VISUAL,N/A,NONE,NOT_STARTED,,,,NOT_STARTED,NOT_STARTED,NOT_STARTED,NOT_TESTED,PASS,canonical_and_compiled_master_match,INVENTORY_PENDING,01_scope_inventory.csv#archive/exams/original/high/h1/1mid/23_여수여고_1학기_중간_고1_기출.js|23_여수여고_1학기_중간_고1_기출|18,,INDEX_RECORD_PRESENT,original/high/h1/1mid/23_여수여고_1학기_중간_고1_기출.js_18,a63fb917216bab5716599298813e458f01ee81c972938af3651a686e0633b3e1,true,②,IN_SCOPE_FORWARD,,,CLOSED_NO_SHARED_ASSET
archive/exams/original/high/h1/1mid/23_여수여고_1학기_중간_고1_기출.js|23_여수여고_1학기_중간_고1_기출|21,archive/exams/original/high/h1/1mid/23_여수여고_1학기_중간_고1_기출.js,23_여수여고_1학기_중간_고1_기출,21,21,21,2015,수학(상),H15-SA-05,이차방정식,5,H15-SA-05-QUADRATIC_SOLVING,이차방정식의 풀이,candidate_evidence,complete_candidate,서술형,grid,false,서술형|이차방정식|근과계수|복소수|계수오류,c6cebae7f6241be038c25dcfc2da180021cdb7c3fb8cb65e8c4e3a72975da012,4f53cda18c2baa0c0354bb5f9a3ecbe5ed12ab4d8e11ba873c2f11161202b945,7b9a23e029f8450e2c1dd447d276c5da0d904f9f887c3aea0f5d3e4a3a04a7e5,a0b72f01551aa1db3c584a56ec7a2e1f05a6579cc17aa8615f911f87064d3bd5,,,,,0,LOADED_VM,,NOT_STARTED,NOT_STARTED,NOT_STARTED,SVG_OPTIONAL,SVG_OPTIONAL,,,NONE,NO_PROBLEM_VISUAL,N/A,NONE,NOT_STARTED,,,,NOT_STARTED,NOT_STARTED,NOT_STARTED,NOT_TESTED,PASS,canonical_and_compiled_master_match,INVENTORY_PENDING,01_scope_inventory.csv#archive/exams/original/high/h1/1mid/23_여수여고_1학기_중간_고1_기출.js|23_여수여고_1학기_중간_고1_기출|21,,INDEX_RECORD_PRESENT,original/high/h1/1mid/23_여수여고_1학기_중간_고1_기출.js_21,a63fb917216bab5716599298813e458f01ee81c972938af3651a686e0633b3e1,true,$2 \pm \sqrt{6}i$,IN_SCOPE_FORWARD,,,CLOSED_NO_SHARED_ASSET
archive/exams/original/high/h1/1mid/23_여천고_1학기_중간_고1_기출.js|23_여천고_1학기_중간_고1_기출|10,archive/exams/original/high/h1/1mid/23_여천고_1학기_중간_고1_기출.js,23_여천고_1학기_중간_고1_기출,10,10,10,2015,수학(상),H15-SA-05,이차방정식,5,H15-SA-05-DISCRIMINANT,판별식과 근의 조건,candidate_evidence,complete_candidate,객관식,grid,false,객관식|이차방정식|판별식|부등식|조건해석|계산,9b4145e01db11f12358f39913af1832940efda31bab78a7d1b73ef0fcadcf486,b1b3f4c67580a5c41f462793f644368874f5d04ede15b33d6132dd5586c87c74,0bdef091c479702584f065d3a3714f8a76f851b3f0cf10912f345a5dd930b0a8,6acc1a6e5e9307693c8c5ef7931b80bee360eba7757cab0028ab3c666f0dba04,,,,,0,LOADED_VM,,NOT_STARTED,NOT_STARTED,NOT_STARTED,SVG_OPTIONAL,SVG_OPTIONAL,,,NONE,NO_PROBLEM_VISUAL,N/A,NONE,NOT_STARTED,,,,NOT_STARTED,NOT_STARTED,NOT_STARTED,NOT_TESTED,PASS,canonical_and_compiled_master_match,INVENTORY_PENDING,01_scope_inventory.csv#archive/exams/original/high/h1/1mid/23_여천고_1학기_중간_고1_기출.js|23_여천고_1학기_중간_고1_기출|10,,INDEX_RECORD_PRESENT,original/high/h1/1mid/23_여천고_1학기_중간_고1_기출.js_10,c5af366d4db36ad28d61a31c2a98fc8f62ad45df2365b8ad4ed7c902ec91ad33,true,⑤,IN_SCOPE_FORWARD,,,CLOSED_NO_SHARED_ASSET
archive/exams/original/high/h1/1mid/23_여천고_1학기_중간_고1_기출.js|23_여천고_1학기_중간_고1_기출|11,archive/exams/original/high/h1/1mid/23_여천고_1학기_중간_고1_기출.js,23_여천고_1학기_중간_고1_기출,11,11,11,2015,수학(상),H15-SA-05,이차방정식,5,H15-SA-05-EQUATION_BASIC,방정식의 풀이,candidate_evidence,complete_candidate,객관식,grid,false,객관식|계수비교|이차방정식|근과계수|부등식|조건해석|계산,fd6d9523351a19db67c05e3e068f9eee7c9b44743ae60a8080e04b85b0cd7e58,77ed579dbe83895a83acc911a0cd953ddd003e5d345d80f495764a6ac42f8605,973d2fd2f97e26a666f403b12da6d87e527985b36bcf4ff0a47c7e7e8c36321a,6155335d94b3b8275d36ed7ed9961d89f5b5c75b9227da6e293ed12964b7ae86,,,,,0,LOADED_VM,,NOT_STARTED,NOT_STARTED,NOT_STARTED,SVG_OPTIONAL,SVG_OPTIONAL,,,NONE,NO_PROBLEM_VISUAL,N/A,NONE,NOT_STARTED,,,,NOT_STARTED,NOT_STARTED,NOT_STARTED,NOT_TESTED,PASS,canonical_and_compiled_master_match,INVENTORY_PENDING,01_scope_inventory.csv#archive/exams/original/high/h1/1mid/23_여천고_1학기_중간_고1_기출.js|23_여천고_1학기_중간_고1_기출|11,,INDEX_RECORD_PRESENT,original/high/h1/1mid/23_여천고_1학기_중간_고1_기출.js_11,c5af366d4db36ad28d61a31c2a98fc8f62ad45df2365b8ad4ed7c902ec91ad33,true,①,IN_SCOPE_FORWARD,,,CLOSED_NO_SHARED_ASSET
archive/exams/original/high/h1/1mid/23_충무고_1학기_중간_고1_기출.js|23_충무고_1학기_중간_고1_기출|2,archive/exams/original/high/h1/1mid/23_충무고_1학기_중간_고1_기출.js,23_충무고_1학기_중간_고1_기출,2,2,2,2015,수학(상),H15-SA-05,이차방정식,5,H15-SA-05-EQUATION_FUNCTION_RELATION,이차방정식과 이차함수의 관계,category_or_cue_inferred,complete_category,객관식,grid,false,객관식|이차방정식|이차함수|함수|그래프|표해석|좌표|조건해석,d03e30892349ebf026bb9f0d187a4dc886dfb0ad67b4af066b41f2a8895a17c7,61e2ee0bb85905c26ff209bc522061c6f29ed8d43baa5bdd1487665994650556,0bdef091c479702584f065d3a3714f8a76f851b3f0cf10912f345a5dd930b0a8,13a3d6e99293e2daa8e5337cca7fd1e32b8652281a1c4a2e1cd1f3d179443f26,,,,,0,LOADED_VM,,NOT_STARTED,NOT_STARTED,NOT_STARTED,SVG_REQUIRED_MISSING,SVG_REQUIRED_MISSING,GRAPH_OR_FUNCTION_STRUCTURE|COORDINATE_OR_GEOMETRY_STRUCTURE|TABLE_OR_MATRIX_STRUCTURE,,GRAPH_CANDIDATE,NO_PROBLEM_VISUAL,REVIEW_REQUIRED,NONE,NOT_STARTED,,,,NOT_STARTED,NOT_STARTED,NOT_STARTED,NOT_TESTED,PASS,canonical_and_compiled_master_match,INVENTORY_PENDING,01_scope_inventory.csv#archive/exams/original/high/h1/1mid/23_충무고_1학기_중간_고1_기출.js|23_충무고_1학기_중간_고1_기출|2,,INDEX_RECORD_PRESENT,original/high/h1/1mid/23_충무고_1학기_중간_고1_기출.js_2,84c6ba6012840087472cb4fb19c4ceb5c17c952dbb839781b0a36cc0ec41e4f4,true,⑤,IN_SCOPE_FORWARD,,,CLOSED_NO_SHARED_ASSET
archive/exams/original/high/h1/1mid/23_충무고_1학기_중간_고1_기출.js|23_충무고_1학기_중간_고1_기출|3,archive/exams/original/high/h1/1mid/23_충무고_1학기_중간_고1_기출.js,23_충무고_1학기_중간_고1_기출,3,3,3,2015,수학(상),H15-SA-05,이차방정식,5,H15-SA-05-DISCRIMINANT,판별식과 근의 조건,category_or_cue_inferred,complete_category,객관식,grid,false,객관식|이차방정식|판별식|자연수조건|개수세기|조건해석|계산,cd3d1885634bece8d7e95bfc96b3ddb80e91e8fddafd467c389eb85a462461b5,3cc19e370a6671b60f17396fd032ed6593aa1547f8af80d6ab8d949018911b5e,973d2fd2f97e26a666f403b12da6d87e527985b36bcf4ff0a47c7e7e8c36321a,b9a07be2e67340a5c5c631ccb703db1f7465533a7af4f54277813ff0e8faa1d6,,,,,0,LOADED_VM,,NOT_STARTED,NOT_STARTED,NOT_STARTED,SVG_OPTIONAL,SVG_OPTIONAL,,,NONE,NO_PROBLEM_VISUAL,N/A,NONE,NOT_STARTED,,,,NOT_STARTED,NOT_STARTED,NOT_STARTED,NOT_TESTED,PASS,canonical_and_compiled_master_match,INVENTORY_PENDING,01_scope_inventory.csv#archive/exams/original/high/h1/1mid/23_충무고_1학기_중간_고1_기출.js|23_충무고_1학기_중간_고1_기출|3,,INDEX_RECORD_PRESENT,original/high/h1/1mid/23_충무고_1학기_중간_고1_기출.js_3,84c6ba6012840087472cb4fb19c4ceb5c17c952dbb839781b0a36cc0ec41e4f4,true,①,IN_SCOPE_FORWARD,,,CLOSED_NO_SHARED_ASSET
archive/exams/original/high/h1/1mid/23_충무고_1학기_중간_고1_기출.js|23_충무고_1학기_중간_고1_기출|10,archive/exams/original/high/h1/1mid/23_충무고_1학기_중간_고1_기출.js,23_충무고_1학기_중간_고1_기출,10,10,10,2015,수학(상),H15-SA-05,이차방정식,5,H15-SA-05-QUADRATIC_SOLVING,이차방정식의 풀이,category_or_cue_inferred,complete_category,객관식,grid,false,객관식|항등식|이차방정식|판별식|계산,804016960bff106ec201e106f55bdf81d33ef566789aa40c61eb9f87d678a3b5,a3df0ff132a92beb0688aa32aa24e81cf04558b945e21e98565e21772d8657e3,973d2fd2f97e26a666f403b12da6d87e527985b36bcf4ff0a47c7e7e8c36321a,210eba1d0e71db0b697a7e9774198681718de07e5f98443aa75020c9217234ff,,,,,0,LOADED_VM,,NOT_STARTED,NOT_STARTED,NOT_STARTED,SVG_OPTIONAL,SVG_OPTIONAL,,,NONE,NO_PROBLEM_VISUAL,N/A,NONE,NOT_STARTED,,,,NOT_STARTED,NOT_STARTED,NOT_STARTED,NOT_TESTED,PASS,canonical_and_compiled_master_match,INVENTORY_PENDING,01_scope_inventory.csv#archive/exams/original/high/h1/1mid/23_충무고_1학기_중간_고1_기출.js|23_충무고_1학기_중간_고1_기출|10,,INDEX_RECORD_PRESENT,original/high/h1/1mid/23_충무고_1학기_중간_고1_기출.js_10,84c6ba6012840087472cb4fb19c4ceb5c17c952dbb839781b0a36cc0ec41e4f4,true,①,IN_SCOPE_FORWARD,,,CLOSED_NO_SHARED_ASSET
archive/exams/original/high/h1/1mid/23_충무고_1학기_중간_고1_기출.js|23_충무고_1학기_중간_고1_기출|12,archive/exams/original/high/h1/1mid/23_충무고_1학기_중간_고1_기출.js,23_충무고_1학기_중간_고1_기출,12,12,12,2015,수학(상),H15-SA-05,이차방정식,5,H15-SA-05-DISCRIMINANT,판별식과 근의 조건,category_or_cue_inferred,complete_category,객관식,grid,false,객관식|제곱근|근호|이차방정식|판별식|오류판별|조건해석|계산,91f19d8b0bf300e8e3cdcef8d3d1a672f25c682e9795221683cc4514ca9137b6,50b5934bbfdb0be8d8c659b31036f299872f0e399f9ff3ba0cea3ca172cb0797,b15be6cb71072b84f7e1e198ce023fc5bb8b1e625335904ddcf3cffcd8b7312b,afbe7fee0d1a124e109f9ecd879dfd1167a1b4106a279f1a1dbb2d2e144096e5,,,,,0,LOADED_VM,,NOT_STARTED,NOT_STARTED,NOT_STARTED,SVG_OPTIONAL,SVG_OPTIONAL,,,NONE,NO_PROBLEM_VISUAL,N/A,NONE,NOT_STARTED,,,,NOT_STARTED,NOT_STARTED,NOT_STARTED,NOT_TESTED,PASS,canonical_and_compiled_master_match,INVENTORY_PENDING,01_scope_inventory.csv#archive/exams/original/high/h1/1mid/23_충무고_1학기_중간_고1_기출.js|23_충무고_1학기_중간_고1_기출|12,,INDEX_RECORD_PRESENT,original/high/h1/1mid/23_충무고_1학기_중간_고1_기출.js_12,84c6ba6012840087472cb4fb19c4ceb5c17c952dbb839781b0a36cc0ec41e4f4,true,③,IN_SCOPE_FORWARD,,,CLOSED_NO_SHARED_ASSET
archive/exams/original/high/h1/1mid/23_충무고_1학기_중간_고1_기출.js|23_충무고_1학기_중간_고1_기출|20,archive/exams/original/high/h1/1mid/23_충무고_1학기_중간_고1_기출.js,23_충무고_1학기_중간_고1_기출,20,20,20,2015,수학(상),H15-SA-05,이차방정식,5,H15-SA-05-EQUATION_BASIC,방정식의 풀이,category_or_cue_inferred,complete_category,서술형,grid,false,서술형|계수비교|이차방정식|이차함수|함수|조건해석|계산,ab146f0069824bbf877b6d605490b0fcc96afc8669cf3f6b8d09ff57b6474a6b,4f53cda18c2baa0c0354bb5f9a3ecbe5ed12ab4d8e11ba873c2f11161202b945,e23f8f39182c82127c1bef3cbfd9b54e30e1df4916da81dcfc2a801c23f3bf01,bf349531ffe2ff56b6c53bb7d4f3aed344c1e6676c02f1c26fe11f596ea9aa82,,,,,0,LOADED_VM,,NOT_STARTED,NOT_STARTED,NOT_STARTED,SVG_OPTIONAL,SVG_OPTIONAL,,,NONE,NO_PROBLEM_VISUAL,N/A,NONE,NOT_STARTED,,,,NOT_STARTED,NOT_STARTED,NOT_STARTED,NOT_TESTED,PASS,canonical_and_compiled_master_match,INVENTORY_PENDING,01_scope_inventory.csv#archive/exams/original/high/h1/1mid/23_충무고_1학기_중간_고1_기출.js|23_충무고_1학기_중간_고1_기출|20,,INDEX_RECORD_PRESENT,original/high/h1/1mid/23_충무고_1학기_중간_고1_기출.js_20,84c6ba6012840087472cb4fb19c4ceb5c17c952dbb839781b0a36cc0ec41e4f4,true,13,IN_SCOPE_FORWARD,,,CLOSED_NO_SHARED_ASSET
archive/exams/original/high/h1/1mid/23_한영고_1학기_중간_고1_기출.js|2023_한영고_1학기_중간_고1_수학상|3,archive/exams/original/high/h1/1mid/23_한영고_1학기_중간_고1_기출.js,2023_한영고_1학기_중간_고1_수학상,3,3,3,2015,수학(상),H15-SA-05,이차방정식,5,H15-SA-05-QUADRATIC_SOLVING,이차방정식의 풀이,candidate_evidence,complete_candidate,객관식,grid,false,객관식|완전제곱식|계수비교|이차방정식|이차함수|최대최소|함수|표해석,66b9cfd9f48df6d521b76d4be7cda867d937ed9349f8115bfc9eda2a1636c7a3,795cfd58741e8d6653064f4b6397fd24636879021c41dda8dfaed61f6b6f63b9,0bdef091c479702584f065d3a3714f8a76f851b3f0cf10912f345a5dd930b0a8,459e0d7bfdf0e96ba336c1014651db860dc3d03ae4aa43a305f345029b57e952,,,,,0,LOADED_VM,,NOT_STARTED,NOT_STARTED,NOT_STARTED,SVG_REQUIRED_MISSING,SVG_REQUIRED_MISSING,COORDINATE_OR_GEOMETRY_STRUCTURE|TABLE_OR_MATRIX_STRUCTURE,,VISUAL_CANDIDATE,NO_PROBLEM_VISUAL,REVIEW_REQUIRED,NONE,NOT_STARTED,,,,NOT_STARTED,NOT_STARTED,NOT_STARTED,NOT_TESTED,PASS,canonical_and_compiled_master_match,INVENTORY_PENDING,01_scope_inventory.csv#archive/exams/original/high/h1/1mid/23_한영고_1학기_중간_고1_기출.js|2023_한영고_1학기_중간_고1_수학상|3,,INDEX_RECORD_PRESENT,original/high/h1/1mid/23_한영고_1학기_중간_고1_기출.js_3,483e70bb9d791873360b8c764f248dd96d89f7639ed952c2a63a4690af842e54,true,⑤,IN_SCOPE_FORWARD,,,CLOSED_NO_SHARED_ASSET
archive/exams/original/high/h1/1mid/23_한영고_1학기_중간_고1_기출.js|2023_한영고_1학기_중간_고1_수학상|5,archive/exams/original/high/h1/1mid/23_한영고_1학기_중간_고1_기출.js,2023_한영고_1학기_중간_고1_수학상,5,5,5,2015,수학(상),H15-SA-05,이차방정식,5,H15-SA-05-EQUATION_BASIC,방정식의 풀이,candidate_evidence,complete_candidate,객관식,grid,false,객관식|전개|계수비교|이차방정식|근과계수|대입|조건해석|계산,214e8d267ada77d6544c1d5bb7a2ed17cae593da017f08d3288b6328c234678f,94b22c6a9fe75263340f4957a5d2daf0bc36532e782656a026472e13ac5d49e4,dfde05a3668030e99ca64d8d4ae5f6b64c7a87cee61c0ba43904b92ef210191d,2fae4c86f6855b6cd10ecfb6bbaeac3fd8b7085ed6a66ed747e4ec4f52e0ef2a,,,,,0,LOADED_VM,,NOT_STARTED,NOT_STARTED,NOT_STARTED,SVG_OPTIONAL,SVG_OPTIONAL,,,NONE,NO_PROBLEM_VISUAL,N/A,NONE,NOT_STARTED,,,,NOT_STARTED,NOT_STARTED,NOT_STARTED,NOT_TESTED,PASS,canonical_and_compiled_master_match,INVENTORY_PENDING,01_scope_inventory.csv#archive/exams/original/high/h1/1mid/23_한영고_1학기_중간_고1_기출.js|2023_한영고_1학기_중간_고1_수학상|5,,INDEX_RECORD_PRESENT,original/high/h1/1mid/23_한영고_1학기_중간_고1_기출.js_5,483e70bb9d791873360b8c764f248dd96d89f7639ed952c2a63a4690af842e54,true,②,IN_SCOPE_FORWARD,,,CLOSED_NO_SHARED_ASSET
archive/exams/original/high/h1/1mid/23_한영고_1학기_중간_고1_기출.js|2023_한영고_1학기_중간_고1_수학상|9,archive/exams/original/high/h1/1mid/23_한영고_1학기_중간_고1_기출.js,2023_한영고_1학기_중간_고1_수학상,9,9,9,2015,수학(상),H15-SA-05,이차방정식,5,H15-SA-05-EQUATION_BASIC,방정식의 풀이,candidate_evidence,complete_candidate,객관식,grid,false,객관식|이차방정식|조건해석|계산|상난도,88c6fbe4d2f94c94eee3f86767af99c4fd2ff08c2f70df72ecab5ba273753760,7d76035b7a721ac03001aadd21d66a8664f80302fe0c2c5f35869c79f9df274e,b15be6cb71072b84f7e1e198ce023fc5bb8b1e625335904ddcf3cffcd8b7312b,53c447816d9af8e6fc7916ed70542c9b851d5921ef1996abec423a8f001f4d9c,,,,,0,LOADED_VM,,NOT_STARTED,NOT_STARTED,NOT_STARTED,SVG_OPTIONAL,SVG_OPTIONAL,,,NONE,NO_PROBLEM_VISUAL,N/A,NONE,NOT_STARTED,,,,NOT_STARTED,NOT_STARTED,NOT_STARTED,NOT_TESTED,PASS,canonical_and_compiled_master_match,INVENTORY_PENDING,01_scope_inventory.csv#archive/exams/original/high/h1/1mid/23_한영고_1학기_중간_고1_기출.js|2023_한영고_1학기_중간_고1_수학상|9,,INDEX_RECORD_PRESENT,original/high/h1/1mid/23_한영고_1학기_중간_고1_기출.js_9,483e70bb9d791873360b8c764f248dd96d89f7639ed952c2a63a4690af842e54,true,③,IN_SCOPE_FORWARD,,,CLOSED_NO_SHARED_ASSET
archive/exams/original/high/h1/1mid/23_한영고_1학기_중간_고1_기출.js|2023_한영고_1학기_중간_고1_수학상|15,archive/exams/original/high/h1/1mid/23_한영고_1학기_중간_고1_기출.js,2023_한영고_1학기_중간_고1_수학상,15,15,15,2015,수학(상),H15-SA-05,이차방정식,5,H15-SA-05-EQUATION_FUNCTION_RELATION,이차방정식과 이차함수의 관계,candidate_evidence,complete_candidate,객관식,grid,false,객관식|제곱근|근호|완전제곱식|이차방정식|이차함수|최대최소|함수,53d01af8ca1f699145dc419efd70e86274683a300f9a705ec4c486c81b7bf78a,51247bbaa5b4e54f213e8c8d62896eb320bf4bafb4c503e7c09d7302db3ceb61,d41ea6521f53fb3dfa10cf72e2932f4405d9c999fa422cdc840d25d57e90dd34,2a2d5f41b5ee6aad0c877596b323032dd5c0261abc1d66104697c8627fcedef4,,,,,0,LOADED_VM,,NOT_STARTED,NOT_STARTED,NOT_STARTED,SVG_OPTIONAL,SVG_OPTIONAL,,,NONE,NO_PROBLEM_VISUAL,N/A,NONE,NOT_STARTED,,,,NOT_STARTED,NOT_STARTED,NOT_STARTED,NOT_TESTED,PASS,canonical_and_compiled_master_match,INVENTORY_PENDING,01_scope_inventory.csv#archive/exams/original/high/h1/1mid/23_한영고_1학기_중간_고1_기출.js|2023_한영고_1학기_중간_고1_수학상|15,,INDEX_RECORD_PRESENT,original/high/h1/1mid/23_한영고_1학기_중간_고1_기출.js_15,483e70bb9d791873360b8c764f248dd96d89f7639ed952c2a63a4690af842e54,true,④,IN_SCOPE_FORWARD,,,CLOSED_NO_SHARED_ASSET
archive/exams/original/high/h1/1mid/23_한영고_1학기_중간_고1_기출.js|2023_한영고_1학기_중간_고1_수학상|17,archive/exams/original/high/h1/1mid/23_한영고_1학기_중간_고1_기출.js,2023_한영고_1학기_중간_고1_수학상,17,17,17,2015,수학(상),H15-SA-05,이차방정식,5,H15-SA-05-DISCRIMINANT,판별식과 근의 조건,candidate_evidence,complete_candidate,단답형,grid,false,서술형|이차방정식|판별식|최대최소|정수조건|조건해석|계산,8119c83d3970e73ad7d9c7dd0fdcfa996eade21a385993fe9c9850e22a1149bc,4f53cda18c2baa0c0354bb5f9a3ecbe5ed12ab4d8e11ba873c2f11161202b945,cc11310c456c3690d5a74c23aa31cc25b4e74cdae146c71e54ad9dbc1d109fde,1d2225e91b25d95dfbe2865c4455d375ff0453c065776a02b63140c41b6e8fc6,,,,,0,LOADED_VM,,NOT_STARTED,NOT_STARTED,NOT_STARTED,SVG_OPTIONAL,SVG_OPTIONAL,,,NONE,NO_PROBLEM_VISUAL,N/A,NONE,NOT_STARTED,,,,NOT_STARTED,NOT_STARTED,NOT_STARTED,NOT_TESTED,PASS,canonical_and_compiled_master_match,INVENTORY_PENDING,01_scope_inventory.csv#archive/exams/original/high/h1/1mid/23_한영고_1학기_중간_고1_기출.js|2023_한영고_1학기_중간_고1_수학상|17,,INDEX_RECORD_PRESENT,original/high/h1/1mid/23_한영고_1학기_중간_고1_기출.js_17,483e70bb9d791873360b8c764f248dd96d89f7639ed952c2a63a4690af842e54,true,2,IN_SCOPE_FORWARD,,,CLOSED_NO_SHARED_ASSET
archive/exams/original/high/h1/1mid/23_한영고_1학기_중간_고1_기출.js|2023_한영고_1학기_중간_고1_수학상|20,archive/exams/original/high/h1/1mid/23_한영고_1학기_중간_고1_기출.js,2023_한영고_1학기_중간_고1_수학상,20,20,20,2015,수학(상),H15-SA-05,이차방정식,5,H15-SA-05-EQUATION_FUNCTION_RELATION,이차방정식과 이차함수의 관계,candidate_evidence,complete_candidate,서술형,grid,false,서술형|계수비교|이차방정식|판별식|근과계수|이차함수|함수|그래프,5502e52e3d0786df4856522dca0fa02dc4a56a18b2a114d4aca0f32717bc4814,4f53cda18c2baa0c0354bb5f9a3ecbe5ed12ab4d8e11ba873c2f11161202b945,0109246d1634114c92191a7a2e09de4e07684918a45180830a616ccffe5d9568,b60ffb6afbca05404e33839f4e2705e372fe0b5e5951cbfe581731377bc022d5,,,,,0,LOADED_VM,,NOT_STARTED,NOT_STARTED,NOT_STARTED,SVG_REQUIRED_MISSING,SVG_REQUIRED_MISSING,GRAPH_OR_FUNCTION_STRUCTURE|COORDINATE_OR_GEOMETRY_STRUCTURE|TABLE_OR_MATRIX_STRUCTURE,,GRAPH_CANDIDATE,NO_PROBLEM_VISUAL,REVIEW_REQUIRED,NONE,NOT_STARTED,,,,NOT_STARTED,NOT_STARTED,NOT_STARTED,NOT_TESTED,PASS,canonical_and_compiled_master_match,INVENTORY_PENDING,01_scope_inventory.csv#archive/exams/original/high/h1/1mid/23_한영고_1학기_중간_고1_기출.js|2023_한영고_1학기_중간_고1_수학상|20,,INDEX_RECORD_PRESENT,original/high/h1/1mid/23_한영고_1학기_중간_고1_기출.js_20,483e70bb9d791873360b8c764f248dd96d89f7639ed952c2a63a4690af842e54,true,-5,IN_SCOPE_FORWARD,,,CLOSED_NO_SHARED_ASSET
archive/exams/original/high/h1/1mid/24_여수고_1학기_중간_고1_기출.js|24_여수고_1학기_중간_고1_기출|4,archive/exams/original/high/h1/1mid/24_여수고_1학기_중간_고1_기출.js,24_여수고_1학기_중간_고1_기출,4,4,4,2015,수학(상),H15-SA-05,이차방정식,5,H15-SA-05-EQUATION_BASIC,방정식의 풀이,category_or_cue_inferred,complete_category,객관식,grid,false,객관식|계수비교|이차방정식|근과계수|대입|조건해석|계산,7b0be9df27598a154a9868792bcf4bb84d279e5de8b151231e7bcef3189e3aeb,1ab6dc186d08ecd63faa7bb3607074306efe07c3df3405206beacd57465ac9e1,dfde05a3668030e99ca64d8d4ae5f6b64c7a87cee61c0ba43904b92ef210191d,f7a4882e36f020f1c81bdadec77bd94bb5748c0452033553e03106aae38b4425,,,,,0,LOADED_VM,,NOT_STARTED,NOT_STARTED,NOT_STARTED,SVG_OPTIONAL,SVG_OPTIONAL,,,NONE,NO_PROBLEM_VISUAL,N/A,NONE,NOT_STARTED,,,,NOT_STARTED,NOT_STARTED,NOT_STARTED,NOT_TESTED,PASS,canonical_and_compiled_master_match,INVENTORY_PENDING,01_scope_inventory.csv#archive/exams/original/high/h1/1mid/24_여수고_1학기_중간_고1_기출.js|24_여수고_1학기_중간_고1_기출|4,,INDEX_RECORD_PRESENT,original/high/h1/1mid/24_여수고_1학기_중간_고1_기출.js_4,660492f755e39b6181a5571487b3bba25244a0b1605f0c43e4b4c33e6ca12580,true,②,IN_SCOPE_FORWARD,,,CLOSED_NO_SHARED_ASSET
archive/exams/original/high/h1/1mid/24_한영고_1학기_중간_고1_기출.js|24_한영고_1학기_중간_고1_기출|9,archive/exams/original/high/h1/1mid/24_한영고_1학기_중간_고1_기출.js,24_한영고_1학기_중간_고1_기출,9,9,9,2015,수학(상),H15-SA-05,이차방정식,5,H15-SA-05-EQUATION_BASIC,방정식의 풀이,category_or_cue_inferred,complete_category,객관식,grid,false,객관식|계수비교|이차방정식|이차함수|함수|조건해석|계산,7be829b15e27b6c81b170442369ff8d027e3d4f77f88c7ceb1a22b34d48277c2,d601fd23445f2769d635c0f649aaf6d04b385a7d56c029a78b68ab105d958e27,0bdef091c479702584f065d3a3714f8a76f851b3f0cf10912f345a5dd930b0a8,b56c4e359877e38e339e5cf63bacf3d17b3f658cea50e312f5f52e99b39c9b9c,,,,,0,LOADED_VM,,NOT_STARTED,NOT_STARTED,NOT_STARTED,SVG_OPTIONAL,SVG_OPTIONAL,,,NONE,NO_PROBLEM_VISUAL,N/A,NONE,NOT_STARTED,,,,NOT_STARTED,NOT_STARTED,NOT_STARTED,NOT_TESTED,PASS,canonical_and_compiled_master_match,INVENTORY_PENDING,01_scope_inventory.csv#archive/exams/original/high/h1/1mid/24_한영고_1학기_중간_고1_기출.js|24_한영고_1학기_중간_고1_기출|9,,INDEX_RECORD_PRESENT,original/high/h1/1mid/24_한영고_1학기_중간_고1_기출.js_9,f4a5b636761d2fd7d765bbc5c13d442e0ab9d2aa09855dee1932257d8aa570f6,true,⑤,IN_SCOPE_FORWARD,,,CLOSED_NO_SHARED_ASSET
archive/exams/original/high/h1/1mid/24_한영고_1학기_중간_고1_기출.js|24_한영고_1학기_중간_고1_기출|17,archive/exams/original/high/h1/1mid/24_한영고_1학기_중간_고1_기출.js,24_한영고_1학기_중간_고1_기출,17,17,17,2015,수학(상),H15-SA-05,이차방정식,5,H15-SA-05-INEQUALITY_BASIC,부등식의 풀이,category_or_cue_inferred,complete_category,단답형,grid,false,객관식|전개|이차방정식|판별식|부등식|범위|조건해석|계산,30a97883a1fb057aebe3dd6a1e0d48dbe7b0e0dd7eafdd6766330f18e9358d3d,4f53cda18c2baa0c0354bb5f9a3ecbe5ed12ab4d8e11ba873c2f11161202b945,5f97178641092ca502c2a94c20c1b0bbb4ee2bf18ca6c7a4f06a3acfdd262b30,39b15486d91aa6952267d9a69ebe441277b2908e4f0ad471d0120d0abb4dd74f,,,,,0,LOADED_VM,,NOT_STARTED,NOT_STARTED,NOT_STARTED,SVG_OPTIONAL,SVG_OPTIONAL,,,NONE,NO_PROBLEM_VISUAL,N/A,NONE,NOT_STARTED,,,,NOT_STARTED,NOT_STARTED,NOT_STARTED,NOT_TESTED,PASS,canonical_and_compiled_master_match,INVENTORY_PENDING,01_scope_inventory.csv#archive/exams/original/high/h1/1mid/24_한영고_1학기_중간_고1_기출.js|24_한영고_1학기_중간_고1_기출|17,,INDEX_RECORD_PRESENT,original/high/h1/1mid/24_한영고_1학기_중간_고1_기출.js_17,f4a5b636761d2fd7d765bbc5c13d442e0ab9d2aa09855dee1932257d8aa570f6,true,k <= -1,IN_SCOPE_FORWARD,,,CLOSED_NO_SHARED_ASSET
archive/exams/original/high/h1/1mid/24_효천고_1학기_중간_고1_기출.js|24_효천고_1학기_중간_고1_기출|1,archive/exams/original/high/h1/1mid/24_효천고_1학기_중간_고1_기출.js,24_효천고_1학기_중간_고1_기출,1,1,1,2022,공통수학1,H22-C-05,이차방정식과 이차함수,5,H22-C-05-QUADRATIC_EQUATION,이차방정식,category_or_cue_inferred,complete_category,객관식,grid,false,객관식|계수비교|이차방정식|근과계수|대입|조건해석|계산,1a619c67b2a18e09e8782adae4fbceb7d2c6f6dcfe490896e88c128dc4a48e7e,9c1b6bb6b887a2072ddf5ed7cb6450b9f0baa098ec9ede9af4dbe06121bbf4c2,973d2fd2f97e26a666f403b12da6d87e527985b36bcf4ff0a47c7e7e8c36321a,65b6cb30452f0e79b4d56c1900e9737f9b3e6a051c197458b3313701cb187407,,,,,0,LOADED_VM,,NOT_STARTED,NOT_STARTED,NOT_STARTED,SVG_OPTIONAL,SVG_OPTIONAL,,,NONE,NO_PROBLEM_VISUAL,N/A,NONE,NOT_STARTED,,,,NOT_STARTED,NOT_STARTED,NOT_STARTED,NOT_TESTED,PASS,canonical_and_compiled_master_match,INVENTORY_PENDING,01_scope_inventory.csv#archive/exams/original/high/h1/1mid/24_효천고_1학기_중간_고1_기출.js|24_효천고_1학기_중간_고1_기출|1,,INDEX_RECORD_PRESENT,original/high/h1/1mid/24_효천고_1학기_중간_고1_기출.js_1,43722861f60db3d0944ff25df0e34d4cdb82e733957b618f438791fd81b86ba6,true,①,IN_SCOPE_FORWARD,,,CLOSED_NO_SHARED_ASSET
archive/exams/original/high/h1/1mid/24_효천고_1학기_중간_고1_기출.js|24_효천고_1학기_중간_고1_기출|4,archive/exams/original/high/h1/1mid/24_효천고_1학기_중간_고1_기출.js,24_효천고_1학기_중간_고1_기출,4,4,4,2022,공통수학1,H22-C-05,이차방정식과 이차함수,5,H22-C-05-QUADRATIC_EQUATION,이차방정식,category_or_cue_inferred,complete_category,객관식,grid,false,객관식|이차방정식|판별식|정수조건|조건해석|계산,8a1c022fe638dc68b44472200f4098dea7c0d1d3e3c0b778a092fe30601c129a,2f91dcfd532d481748abdbf4c43626a1b5ef07d100bbe199626341fce8e51d36,dfde05a3668030e99ca64d8d4ae5f6b64c7a87cee61c0ba43904b92ef210191d,df5bbffbace0a19578eb2a315cdb496fb641fb4f049390552b531acaee6f1c6a,,,,,0,LOADED_VM,,NOT_STARTED,NOT_STARTED,NOT_STARTED,SVG_OPTIONAL,SVG_OPTIONAL,,,NONE,NO_PROBLEM_VISUAL,N/A,NONE,NOT_STARTED,,,,NOT_STARTED,NOT_STARTED,NOT_STARTED,NOT_TESTED,PASS,canonical_and_compiled_master_match,INVENTORY_PENDING,01_scope_inventory.csv#archive/exams/original/high/h1/1mid/24_효천고_1학기_중간_고1_기출.js|24_효천고_1학기_중간_고1_기출|4,,INDEX_RECORD_PRESENT,original/high/h1/1mid/24_효천고_1학기_중간_고1_기출.js_4,43722861f60db3d0944ff25df0e34d4cdb82e733957b618f438791fd81b86ba6,true,②,IN_SCOPE_FORWARD,,,CLOSED_NO_SHARED_ASSET
archive/exams/original/high/h1/1mid/24_효천고_1학기_중간_고1_기출.js|24_효천고_1학기_중간_고1_기출|8,archive/exams/original/high/h1/1mid/24_효천고_1학기_중간_고1_기출.js,24_효천고_1학기_중간_고1_기출,8,8,8,2022,공통수학1,H22-C-05,이차방정식과 이차함수,5,H22-C-05-QUADRATIC_FUNCTION_APPLICATION,이차함수의 활용,candidate_evidence,complete_candidate,객관식,grid,false,객관식|이차함수|최대최소|함수|범위|조건해석|계산|상급,59ee1ce273422ed92052988e79cf7c980664552975936bfcc9369f40bebbad8f,e7de0f85145ee6757217f4dadb30b74b83e3ba084c9e29e1881f6a2e59d0243f,0bdef091c479702584f065d3a3714f8a76f851b3f0cf10912f345a5dd930b0a8,543d185aaf2f027a89bf700b01b6622035852086a0caff2e2b422da42ca9da28,,,,,0,LOADED_VM,,NOT_STARTED,NOT_STARTED,NOT_STARTED,SVG_OPTIONAL,SVG_OPTIONAL,,,NONE,NO_PROBLEM_VISUAL,N/A,NONE,NOT_STARTED,,,,NOT_STARTED,NOT_STARTED,NOT_STARTED,NOT_TESTED,PASS,canonical_and_compiled_master_match,INVENTORY_PENDING,01_scope_inventory.csv#archive/exams/original/high/h1/1mid/24_효천고_1학기_중간_고1_기출.js|24_효천고_1학기_중간_고1_기출|8,,INDEX_RECORD_PRESENT,original/high/h1/1mid/24_효천고_1학기_중간_고1_기출.js_8,43722861f60db3d0944ff25df0e34d4cdb82e733957b618f438791fd81b86ba6,true,⑤,IN_SCOPE_FORWARD,,,CLOSED_NO_SHARED_ASSET
archive/exams/original/high/h1/1mid/24_효천고_1학기_중간_고1_기출.js|24_효천고_1학기_중간_고1_기출|10,archive/exams/original/high/h1/1mid/24_효천고_1학기_중간_고1_기출.js,24_효천고_1학기_중간_고1_기출,10,10,10,2022,공통수학1,H22-C-05,이차방정식과 이차함수,5,H22-C-05-QUADRATIC_FUNCTION_GRAPH,이차함수의 그래프,candidate_evidence,complete_candidate,객관식,grid,false,객관식|항등식|이차함수|지수|함수|그래프|표해석|좌표,4374c7e1490c936b4e611c90f0edeee6845dc51f119ed971ee1ad77cce3d0600,75c38d3eba60f2323b7412606ea031aa31a2daa867bb0010aa1c2e6277b594c0,dfde05a3668030e99ca64d8d4ae5f6b64c7a87cee61c0ba43904b92ef210191d,f226a8efdea8f375563537d47ec28d8499b0b3a011f9080771ba00d8e7b9663d,,,,,0,LOADED_VM,,NOT_STARTED,NOT_STARTED,NOT_STARTED,SVG_REQUIRED_MISSING,SVG_REQUIRED_MISSING,GRAPH_OR_FUNCTION_STRUCTURE|COORDINATE_OR_GEOMETRY_STRUCTURE|TABLE_OR_MATRIX_STRUCTURE,,GRAPH_CANDIDATE,NO_PROBLEM_VISUAL,REVIEW_REQUIRED,NONE,NOT_STARTED,,,,NOT_STARTED,NOT_STARTED,NOT_STARTED,NOT_TESTED,PASS,canonical_and_compiled_master_match,INVENTORY_PENDING,01_scope_inventory.csv#archive/exams/original/high/h1/1mid/24_효천고_1학기_중간_고1_기출.js|24_효천고_1학기_중간_고1_기출|10,,INDEX_RECORD_PRESENT,original/high/h1/1mid/24_효천고_1학기_중간_고1_기출.js_10,43722861f60db3d0944ff25df0e34d4cdb82e733957b618f438791fd81b86ba6,true,②,IN_SCOPE_FORWARD,,,CLOSED_NO_SHARED_ASSET
archive/exams/original/high/h1/1mid/24_효천고_1학기_중간_고1_기출.js|24_효천고_1학기_중간_고1_기출|11,archive/exams/original/high/h1/1mid/24_효천고_1학기_중간_고1_기출.js,24_효천고_1학기_중간_고1_기출,11,11,11,2022,공통수학1,H22-C-05,이차방정식과 이차함수,5,H22-C-05-QUADRATIC_FUNCTION_APPLICATION,이차함수의 활용,candidate_evidence,complete_candidate,객관식,grid,false,객관식|이차함수|함수|도형|사각형|넓이|범위|오류판별,209e5dfb2f242c479deb456576bac914a0a5b426034f8d2dc1255b16d63fe102,85e1692e554acb95c5937700e708dc001aa8b58a43dea8f80b002264c1cd5223,d41ea6521f53fb3dfa10cf72e2932f4405d9c999fa422cdc840d25d57e90dd34,28a79c47cba45da07c1a03da38365eb9875784b3b20370359e045e3db1a32acf,,,,,0,LOADED_VM,,NOT_STARTED,NOT_STARTED,NOT_STARTED,SVG_REQUIRED_MISSING,SVG_REQUIRED_MISSING,COORDINATE_OR_GEOMETRY_STRUCTURE,,VISUAL_CANDIDATE,NO_PROBLEM_VISUAL,REVIEW_REQUIRED,NONE,NOT_STARTED,,,,NOT_STARTED,NOT_STARTED,NOT_STARTED,NOT_TESTED,PASS,canonical_and_compiled_master_match,INVENTORY_PENDING,01_scope_inventory.csv#archive/exams/original/high/h1/1mid/24_효천고_1학기_중간_고1_기출.js|24_효천고_1학기_중간_고1_기출|11,,INDEX_RECORD_PRESENT,original/high/h1/1mid/24_효천고_1학기_중간_고1_기출.js_11,43722861f60db3d0944ff25df0e34d4cdb82e733957b618f438791fd81b86ba6,true,④,IN_SCOPE_FORWARD,,,CLOSED_NO_SHARED_ASSET
archive/exams/original/high/h1/1mid/24_효천고_1학기_중간_고1_기출.js|24_효천고_1학기_중간_고1_기출|13,archive/exams/original/high/h1/1mid/24_효천고_1학기_중간_고1_기출.js,24_효천고_1학기_중간_고1_기출,13,13,13,2022,공통수학1,H22-C-05,이차방정식과 이차함수,5,H22-C-05-QUADRATIC_FUNCTION_APPLICATION,이차함수의 활용,candidate_evidence,complete_candidate,객관식,grid,false,객관식|이차함수|최대최소|함수|범위|조건해석|계산|상급,3013cbd51d8490c394a292bf323ee6deeed151b2fa889a308cbe53151f37911f,5caff7631b8178438cd0d9e4174f9f8533e020aeaf2227ac28c0ff0b438c4c73,dfde05a3668030e99ca64d8d4ae5f6b64c7a87cee61c0ba43904b92ef210191d,70582ae8b3db5fbf79d3c29175d5117df59d1c3f9aebc1019dc403fe49c855b3,,,,,0,LOADED_VM,,NOT_STARTED,NOT_STARTED,NOT_STARTED,SVG_OPTIONAL,SVG_OPTIONAL,,,NONE,NO_PROBLEM_VISUAL,N/A,NONE,NOT_STARTED,,,,NOT_STARTED,NOT_STARTED,NOT_STARTED,NOT_TESTED,PASS,canonical_and_compiled_master_match,INVENTORY_PENDING,01_scope_inventory.csv#archive/exams/original/high/h1/1mid/24_효천고_1학기_중간_고1_기출.js|24_효천고_1학기_중간_고1_기출|13,,INDEX_RECORD_PRESENT,original/high/h1/1mid/24_효천고_1학기_중간_고1_기출.js_13,43722861f60db3d0944ff25df0e34d4cdb82e733957b618f438791fd81b86ba6,true,②,IN_SCOPE_FORWARD,,,CLOSED_NO_SHARED_ASSET
archive/exams/original/high/h1/1mid/24_효천고_1학기_중간_고1_기출.js|24_효천고_1학기_중간_고1_기출|14,archive/exams/original/high/h1/1mid/24_효천고_1학기_중간_고1_기출.js,24_효천고_1학기_중간_고1_기출,14,14,14,2022,공통수학1,H22-C-05,이차방정식과 이차함수,5,H22-C-05-QUADRATIC_EQUATION,이차방정식,category_or_cue_inferred,complete_category,객관식,grid,false,객관식|계수비교|이차방정식|근과계수|대입|조건해석|응용|계산,e2b17ce7aa7f3e3226903b67cfcf6b58e73f586282d152c1673b19e32197df08,737b754711348990f59bc4ae0f8eb078b19733fdd215f1b47307bf21ae598c51,b15be6cb71072b84f7e1e198ce023fc5bb8b1e625335904ddcf3cffcd8b7312b,35fac096537d59102b6c374dbae0c7a2a133f9c162033b7a60eccef45966d236,,,,,0,LOADED_VM,,NOT_STARTED,NOT_STARTED,NOT_STARTED,SVG_OPTIONAL,SVG_OPTIONAL,,,NONE,NO_PROBLEM_VISUAL,N/A,NONE,NOT_STARTED,,,,NOT_STARTED,NOT_STARTED,NOT_STARTED,NOT_TESTED,PASS,canonical_and_compiled_master_match,INVENTORY_PENDING,01_scope_inventory.csv#archive/exams/original/high/h1/1mid/24_효천고_1학기_중간_고1_기출.js|24_효천고_1학기_중간_고1_기출|14,,INDEX_RECORD_PRESENT,original/high/h1/1mid/24_효천고_1학기_중간_고1_기출.js_14,43722861f60db3d0944ff25df0e34d4cdb82e733957b618f438791fd81b86ba6,true,③,IN_SCOPE_FORWARD,,,CLOSED_NO_SHARED_ASSET
archive/exams/original/high/h1/1mid/24_효천고_1학기_중간_고1_기출.js|24_효천고_1학기_중간_고1_기출|16,archive/exams/original/high/h1/1mid/24_효천고_1학기_중간_고1_기출.js,24_효천고_1학기_중간_고1_기출,16,16,16,2022,공통수학1,H22-C-05,이차방정식과 이차함수,5,H22-C-05-QUADRATIC_FUNCTION_APPLICATION,이차함수의 활용,candidate_evidence,complete_candidate,객관식,grid,false,객관식|이차함수|함수|범위|계산,7fdfcd9fd3aed335ba8b4a62fc7e4344809cacc183b745c6c07a5d98a6a5bc8d,599818e4f59b45e39d34b27bc03bc2514bf9a964ebdb1d04d9ada76d849c1a4f,973d2fd2f97e26a666f403b12da6d87e527985b36bcf4ff0a47c7e7e8c36321a,66557af564a94e9e87d010097b83c790a264ee843d3e3dbaf0f28502b1e09f8a,,,,,0,LOADED_VM,,NOT_STARTED,NOT_STARTED,NOT_STARTED,SVG_REQUIRED_MISSING,SVG_REQUIRED_MISSING,GRAPH_OR_FUNCTION_STRUCTURE|COORDINATE_OR_GEOMETRY_STRUCTURE,,GRAPH_CANDIDATE,NO_PROBLEM_VISUAL,REVIEW_REQUIRED,NONE,NOT_STARTED,,,,NOT_STARTED,NOT_STARTED,NOT_STARTED,NOT_TESTED,PASS,canonical_and_compiled_master_match,INVENTORY_PENDING,01_scope_inventory.csv#archive/exams/original/high/h1/1mid/24_효천고_1학기_중간_고1_기출.js|24_효천고_1학기_중간_고1_기출|16,,INDEX_RECORD_PRESENT,original/high/h1/1mid/24_효천고_1학기_중간_고1_기출.js_16,43722861f60db3d0944ff25df0e34d4cdb82e733957b618f438791fd81b86ba6,true,①,IN_SCOPE_FORWARD,,,CLOSED_NO_SHARED_ASSET
archive/exams/original/high/h1/1mid/24_효천고_1학기_중간_고1_기출.js|24_효천고_1학기_중간_고1_기출|19,archive/exams/original/high/h1/1mid/24_효천고_1학기_중간_고1_기출.js,24_효천고_1학기_중간_고1_기출,19,19,19,2022,공통수학1,H22-C-05,이차방정식과 이차함수,5,H22-C-05-QUADRATIC_EQUATION,이차방정식,category_or_cue_inferred,complete_category,단답형,grid,false,서술형|이차방정식|판별식|정수조건|개수세기|조건해석|계산,1527cf64f16aac77b5bea615b60e38991acf746d4ac95ad8c3c315083d027ca4,4f53cda18c2baa0c0354bb5f9a3ecbe5ed12ab4d8e11ba873c2f11161202b945,b5ae000d4bc2874e8c10cf4de9280c8fc80961b70b992e473e4172529d1d6dc3,2ca1e3cef17069172077ddcf5e9333c2e79265fe0b0a1c3002e4a5a3f95700d7,,,,,0,LOADED_VM,,NOT_STARTED,NOT_STARTED,NOT_STARTED,SVG_OPTIONAL,SVG_OPTIONAL,,,NONE,NO_PROBLEM_VISUAL,N/A,NONE,NOT_STARTED,,,,NOT_STARTED,NOT_STARTED,NOT_STARTED,NOT_TESTED,PASS,canonical_and_compiled_master_match,INVENTORY_PENDING,01_scope_inventory.csv#archive/exams/original/high/h1/1mid/24_효천고_1학기_중간_고1_기출.js|24_효천고_1학기_중간_고1_기출|19,,INDEX_RECORD_PRESENT,original/high/h1/1mid/24_효천고_1학기_중간_고1_기출.js_19,43722861f60db3d0944ff25df0e34d4cdb82e733957b618f438791fd81b86ba6,true,$8$개,IN_SCOPE_FORWARD,,,CLOSED_NO_SHARED_ASSET
archive/exams/original/high/h1/1mid/24_효천고_1학기_중간_고1_기출.js|24_효천고_1학기_중간_고1_기출|21,archive/exams/original/high/h1/1mid/24_효천고_1학기_중간_고1_기출.js,24_효천고_1학기_중간_고1_기출,21,21,21,2022,공통수학1,H22-C-05,이차방정식과 이차함수,5,H22-C-05-QUADRATIC_EQUATION,이차방정식,category_or_cue_inferred,complete_category,단답형,grid,false,서술형|이차방정식|정수조건|계산|응용,649c5b6a5c9d95023a957811f1fe6de2bd29a6f826a8cd6bb6809bfcbee9068b,4f53cda18c2baa0c0354bb5f9a3ecbe5ed12ab4d8e11ba873c2f11161202b945,20c5aaecad441665581b1679cb02a86bdd637990eef3211c9319474b13759e28,59650d81d7ac4e386ed06283b46b349716257ca15bfb6dfe97bb9e5f359377d9,,,,,0,LOADED_VM,,NOT_STARTED,NOT_STARTED,NOT_STARTED,SVG_OPTIONAL,SVG_OPTIONAL,,,NONE,NO_PROBLEM_VISUAL,N/A,NONE,NOT_STARTED,,,,NOT_STARTED,NOT_STARTED,NOT_STARTED,NOT_TESTED,PASS,canonical_and_compiled_master_match,INVENTORY_PENDING,01_scope_inventory.csv#archive/exams/original/high/h1/1mid/24_효천고_1학기_중간_고1_기출.js|24_효천고_1학기_중간_고1_기출|21,,INDEX_RECORD_PRESENT,original/high/h1/1mid/24_효천고_1학기_중간_고1_기출.js_21,43722861f60db3d0944ff25df0e34d4cdb82e733957b618f438791fd81b86ba6,true,$-8$,IN_SCOPE_FORWARD,,,CLOSED_NO_SHARED_ASSET
archive/exams/original/high/h1/1mid/24_효천고_1학기_중간_고1_기출.js|24_효천고_1학기_중간_고1_기출|22,archive/exams/original/high/h1/1mid/24_효천고_1학기_중간_고1_기출.js,24_효천고_1학기_중간_고1_기출,22,22,22,2022,공통수학1,H22-C-05,이차방정식과 이차함수,5,H22-C-05-QUADRATIC_FUNCTION_APPLICATION,이차함수의 활용,candidate_evidence,complete_candidate,단답형,grid,false,서술형|제곱근|근호|이차함수|최대최소|함수|조건해석|계산,f91932c3865c8577edf9ce03758aa98a8e51761ff2119cf02798b843dbc49f76,4f53cda18c2baa0c0354bb5f9a3ecbe5ed12ab4d8e11ba873c2f11161202b945,7f53cfb9f79a20d9de9a5ad8a94ddaec4316796b79d7663d79f31de4289fd600,f8f73601510e3953828424193648ea37ea416dea4c3ccad858a4b0f48ffff259,,,,,0,LOADED_VM,,NOT_STARTED,NOT_STARTED,NOT_STARTED,SVG_OPTIONAL,SVG_OPTIONAL,,,NONE,NO_PROBLEM_VISUAL,N/A,NONE,NOT_STARTED,,,,NOT_STARTED,NOT_STARTED,NOT_STARTED,NOT_TESTED,PASS,canonical_and_compiled_master_match,INVENTORY_PENDING,01_scope_inventory.csv#archive/exams/original/high/h1/1mid/24_효천고_1학기_중간_고1_기출.js|24_효천고_1학기_중간_고1_기출|22,,INDEX_RECORD_PRESENT,original/high/h1/1mid/24_효천고_1학기_중간_고1_기출.js_22,43722861f60db3d0944ff25df0e34d4cdb82e733957b618f438791fd81b86ba6,true,$2$,IN_SCOPE_FORWARD,,,CLOSED_NO_SHARED_ASSET
archive/exams/original/high/h1/1mid/25_강남여고_1학기_중간_고1_기출.js|25_강남여고_1학기_중간_고1_기출|4,archive/exams/original/high/h1/1mid/25_강남여고_1학기_중간_고1_기출.js,25_강남여고_1학기_중간_고1_기출,4,4,4,2015,수학(상),H15-SA-05,이차방정식,5,H15-SA-05-QUADRATIC_SOLVING,이차방정식의 풀이,category_or_cue_inferred,complete_category,객관식,grid,false,이차방정식|근과계수|두근의곱|계산|개념|객관식,ca4d2f63a122e81d1d5b693083c8f2dead077c9c46a90f3b67a7c1a139bf44de,795cfd58741e8d6653064f4b6397fd24636879021c41dda8dfaed61f6b6f63b9,973d2fd2f97e26a666f403b12da6d87e527985b36bcf4ff0a47c7e7e8c36321a,2601ba264653c3661c10768ced93156d7fa1ab06c3a7f9f937a5e997e62eb2bd,,,,,0,LOADED_VM,,NOT_STARTED,NOT_STARTED,NOT_STARTED,SVG_OPTIONAL,SVG_OPTIONAL,,,NONE,NO_PROBLEM_VISUAL,N/A,NONE,NOT_STARTED,,,,NOT_STARTED,NOT_STARTED,NOT_STARTED,NOT_TESTED,PASS,canonical_and_compiled_master_match,INVENTORY_PENDING,01_scope_inventory.csv#archive/exams/original/high/h1/1mid/25_강남여고_1학기_중간_고1_기출.js|25_강남여고_1학기_중간_고1_기출|4,,INDEX_RECORD_PRESENT,original/high/h1/1mid/25_강남여고_1학기_중간_고1_기출.js_4,f2bb572862a82daf05bda742cfe2d7f30b7f7e79e39179fdb1daf312c75d09e7,true,①,IN_SCOPE_FORWARD,,,CLOSED_NO_SHARED_ASSET
archive/exams/original/high/h1/1mid/25_강남여고_1학기_중간_고1_기출.js|25_강남여고_1학기_중간_고1_기출|7,archive/exams/original/high/h1/1mid/25_강남여고_1학기_중간_고1_기출.js,25_강남여고_1학기_중간_고1_기출,7,7,7,2015,수학(상),H15-SA-05,이차방정식,5,H15-SA-05-EQUATION_BASIC,방정식의 풀이,category_or_cue_inferred,complete_category,객관식,grid,false,이차방정식|근과계수|대칭식|복소근|식변형|계산|객관식,b684f8101e9f62d09c0ba6e9a2820c67e34ab0d5fb5879926cfffbb52600687a,c89738baed4db8dfcd2201e912cbf264e0fff457e3e606593d1e82622f6b9e89,0bdef091c479702584f065d3a3714f8a76f851b3f0cf10912f345a5dd930b0a8,df4a560f9fc1b0c632f1c2d8ca7ceef9f6ee8338ba6db76781e4642f2fca6824,,,,,0,LOADED_VM,,NOT_STARTED,NOT_STARTED,NOT_STARTED,SVG_OPTIONAL,SVG_OPTIONAL,,,NONE,NO_PROBLEM_VISUAL,N/A,NONE,NOT_STARTED,,,,NOT_STARTED,NOT_STARTED,NOT_STARTED,NOT_TESTED,PASS,canonical_and_compiled_master_match,INVENTORY_PENDING,01_scope_inventory.csv#archive/exams/original/high/h1/1mid/25_강남여고_1학기_중간_고1_기출.js|25_강남여고_1학기_중간_고1_기출|7,,INDEX_RECORD_PRESENT,original/high/h1/1mid/25_강남여고_1학기_중간_고1_기출.js_7,f2bb572862a82daf05bda742cfe2d7f30b7f7e79e39179fdb1daf312c75d09e7,true,⑤,IN_SCOPE_FORWARD,,,CLOSED_NO_SHARED_ASSET
archive/exams/original/high/h1/1mid/25_강남여고_1학기_중간_고1_기출.js|25_강남여고_1학기_중간_고1_기출|11,archive/exams/original/high/h1/1mid/25_강남여고_1학기_중간_고1_기출.js,25_강남여고_1학기_중간_고1_기출,11,11,11,2015,수학(상),H15-SA-05,이차방정식,5,H15-SA-05-DISCRIMINANT,판별식과 근의 조건,rule_inferred,complete_rule,객관식,grid,false,이차방정식|판별식|실근|허근|매개변수|조건해석|객관식,dcdf5f0e7f8121942df9b9ac18dc3dc21e6cf6027e0bd21696d6e184117c2703,b7c67aa36fb3342a047e47e7189e8d00908210c23658d38d0ed34107aa0525c5,d41ea6521f53fb3dfa10cf72e2932f4405d9c999fa422cdc840d25d57e90dd34,708308140277f2e6978f5a687c3ed2197165a086be5d3d01ab825956a58abe0e,,,,,0,LOADED_VM,,NOT_STARTED,NOT_STARTED,NOT_STARTED,SVG_OPTIONAL,SVG_OPTIONAL,,,NONE,NO_PROBLEM_VISUAL,N/A,NONE,NOT_STARTED,,,,NOT_STARTED,NOT_STARTED,NOT_STARTED,NOT_TESTED,PASS,canonical_and_compiled_master_match,INVENTORY_PENDING,01_scope_inventory.csv#archive/exams/original/high/h1/1mid/25_강남여고_1학기_중간_고1_기출.js|25_강남여고_1학기_중간_고1_기출|11,,INDEX_RECORD_PRESENT,original/high/h1/1mid/25_강남여고_1학기_중간_고1_기출.js_11,f2bb572862a82daf05bda742cfe2d7f30b7f7e79e39179fdb1daf312c75d09e7,true,④,IN_SCOPE_FORWARD,,,CLOSED_NO_SHARED_ASSET
archive/exams/original/high/h1/1mid/25_강남여고_1학기_중간_고1_기출.js|25_강남여고_1학기_중간_고1_기출|12,archive/exams/original/high/h1/1mid/25_강남여고_1학기_중간_고1_기출.js,25_강남여고_1학기_중간_고1_기출,12,12,12,2015,수학(상),H15-SA-05,이차방정식,5,H15-SA-05-EQUATION_BASIC,방정식의 풀이,category_or_cue_inferred,complete_category,객관식,grid,false,이차방정식|근과계수|대칭식|최솟값|완전제곱식|매개변수|객관식,ff4419c8d97b3ee1dea2f613973f9ec250c15b5c1d0b54d7259289d6d121ac24,72c3b4c09a773bb8c3dfe1cc6fd8ec23daba48f27d3c7b6723fcd0f0dc4e5965,0bdef091c479702584f065d3a3714f8a76f851b3f0cf10912f345a5dd930b0a8,ed6baabb960fefb5f76b055653bb34d6cd78ee9915f4896f58ab7c53a966912a,,,,,0,LOADED_VM,,NOT_STARTED,NOT_STARTED,NOT_STARTED,SVG_OPTIONAL,SVG_OPTIONAL,,,NONE,NO_PROBLEM_VISUAL,N/A,NONE,NOT_STARTED,,,,NOT_STARTED,NOT_STARTED,NOT_STARTED,NOT_TESTED,PASS,canonical_and_compiled_master_match,INVENTORY_PENDING,01_scope_inventory.csv#archive/exams/original/high/h1/1mid/25_강남여고_1학기_중간_고1_기출.js|25_강남여고_1학기_중간_고1_기출|12,,INDEX_RECORD_PRESENT,original/high/h1/1mid/25_강남여고_1학기_중간_고1_기출.js_12,f2bb572862a82daf05bda742cfe2d7f30b7f7e79e39179fdb1daf312c75d09e7,true,⑤,IN_SCOPE_FORWARD,,,CLOSED_NO_SHARED_ASSET
archive/exams/original/high/h1/1mid/25_강남여고_1학기_중간_고1_기출.js|25_강남여고_1학기_중간_고1_기출|13,archive/exams/original/high/h1/1mid/25_강남여고_1학기_중간_고1_기출.js,25_강남여고_1학기_중간_고1_기출,13,13,13,2015,수학(상),H15-SA-05,이차방정식,5,H15-SA-05-EQUATION_BASIC,방정식의 풀이,category_or_cue_inferred,complete_category,객관식,grid,false,이차방정식|근과계수|새로운방정식|분수식|대칭식|상급|객관식,d7f6450f64e86e16a1a3426d363d1553458f695f2eca9c3b7dd99a56c9c1a7c9,8f1eb5975075107e2360bc5eaa29b19674c0501c2bfc6d50eacbb791a968984e,dfde05a3668030e99ca64d8d4ae5f6b64c7a87cee61c0ba43904b92ef210191d,2dd5599bd3ccf43f08c8dd4c73952179561bdd3713e58aac748b9c7a6d534da3,,,,,0,LOADED_VM,,NOT_STARTED,NOT_STARTED,NOT_STARTED,SVG_OPTIONAL,SVG_OPTIONAL,,,NONE,NO_PROBLEM_VISUAL,N/A,NONE,NOT_STARTED,,,,NOT_STARTED,NOT_STARTED,NOT_STARTED,NOT_TESTED,PASS,canonical_and_compiled_master_match,INVENTORY_PENDING,01_scope_inventory.csv#archive/exams/original/high/h1/1mid/25_강남여고_1학기_중간_고1_기출.js|25_강남여고_1학기_중간_고1_기출|13,,INDEX_RECORD_PRESENT,original/high/h1/1mid/25_강남여고_1학기_중간_고1_기출.js_13,f2bb572862a82daf05bda742cfe2d7f30b7f7e79e39179fdb1daf312c75d09e7,true,②,IN_SCOPE_FORWARD,,,CLOSED_NO_SHARED_ASSET
archive/exams/original/high/h1/1mid/25_강남여고_1학기_중간_고1_기출.js|25_강남여고_1학기_중간_고1_기출|20,archive/exams/original/high/h1/1mid/25_강남여고_1학기_중간_고1_기출.js,25_강남여고_1학기_중간_고1_기출,20,20,20,2015,수학(상),H15-SA-05,이차방정식,5,H15-SA-05-DISCRIMINANT,판별식과 근의 조건,rule_inferred,complete_rule,객관식,grid,false,이차방정식|판별식|실근|중근|허근|명제판단|매개변수|객관식,d51ff8baaca15394df63aaaa09dfa18f0f31d497435fadea7df013391fa14cdf,cbb51efd34b277f98bee5b51e4e93e2ccd28d033c32715f81f8ef790586831ca,973d2fd2f97e26a666f403b12da6d87e527985b36bcf4ff0a47c7e7e8c36321a,9d094a0cb7fb87c97f48c693fea0b67992c30dce65b0168e27a040c6f1013181,,,,,0,LOADED_VM,,NOT_STARTED,NOT_STARTED,NOT_STARTED,SVG_OPTIONAL,SVG_OPTIONAL,,,NONE,NO_PROBLEM_VISUAL,N/A,NONE,NOT_STARTED,,,,NOT_STARTED,NOT_STARTED,NOT_STARTED,NOT_TESTED,PASS,canonical_and_compiled_master_match,INVENTORY_PENDING,01_scope_inventory.csv#archive/exams/original/high/h1/1mid/25_강남여고_1학기_중간_고1_기출.js|25_강남여고_1학기_중간_고1_기출|20,,INDEX_RECORD_PRESENT,original/high/h1/1mid/25_강남여고_1학기_중간_고1_기출.js_20,f2bb572862a82daf05bda742cfe2d7f30b7f7e79e39179fdb1daf312c75d09e7,true,①,IN_SCOPE_FORWARD,,,CLOSED_NO_SHARED_ASSET
archive/exams/original/high/h1/1mid/25_강남여고_1학기_중간_고1_기출.js|25_강남여고_1학기_중간_고1_기출|23,archive/exams/original/high/h1/1mid/25_강남여고_1학기_중간_고1_기출.js,25_강남여고_1학기_중간_고1_기출,23,23,23,2015,수학(상),H15-SA-05,이차방정식,5,H15-SA-05-DISCRIMINANT,판별식과 근의 조건,category_or_cue_inferred,complete_category,단답형,grid,false,이차방정식|판별식|허근|실수계수|범위|합집합|서술형,08a49ac4557141086d1f9c163fabffcb8dabdb599844813cf6babbc3b9535ee8,4f53cda18c2baa0c0354bb5f9a3ecbe5ed12ab4d8e11ba873c2f11161202b945,cdc5e066da6839edc056d3355febbbe4de08e1b9f91009d20124e3da78f08dcb,0dfaff122769a6edf416360236bb968227922f358e12feac959b6cfe8dff0085,,,,,0,LOADED_VM,,NOT_STARTED,NOT_STARTED,NOT_STARTED,SVG_REQUIRED_MISSING,SVG_REQUIRED_MISSING,SET_OR_LOGIC_STRUCTURE,,VISUAL_CANDIDATE,NO_PROBLEM_VISUAL,SCHEMATIC_OR_REVIEW,NONE,NOT_STARTED,,,,NOT_STARTED,NOT_STARTED,NOT_STARTED,NOT_TESTED,PASS,canonical_and_compiled_master_match,INVENTORY_PENDING,01_scope_inventory.csv#archive/exams/original/high/h1/1mid/25_강남여고_1학기_중간_고1_기출.js|25_강남여고_1학기_중간_고1_기출|23,,INDEX_RECORD_PRESENT,original/high/h1/1mid/25_강남여고_1학기_중간_고1_기출.js_23,f2bb572862a82daf05bda742cfe2d7f30b7f7e79e39179fdb1daf312c75d09e7,true,k<-9 또는 k>1/2,IN_SCOPE_FORWARD,,,CLOSED_NO_SHARED_ASSET
archive/exams/original/high/h1/1mid/25_금당고_1학기_중간_고1_기출.js|25_금당고_1학기_중간_고1_기출|14,archive/exams/original/high/h1/1mid/25_금당고_1학기_중간_고1_기출.js,25_금당고_1학기_중간_고1_기출,14,14,14,2015,수학(상),H15-SA-05,이차방정식,5,H15-SA-05-EQUATION_FUNCTION_RELATION,이차방정식과 이차함수의 관계,category_or_cue_inferred,complete_category,객관식,grid,false,객관식|전개|이차방정식|이차함수|최대최소|함수|그래프|정수조건,0e717bbd7ae49367e2389beb123f422d948b786bd76d4c97192601049c495348,812e72ba5b83426e5475a89957a45679589f88de628d4e1a2d36cfbacf14738e,b15be6cb71072b84f7e1e198ce023fc5bb8b1e625335904ddcf3cffcd8b7312b,94874f1af669df388d37d9db4dfc5752b011e83f70f9054f4e6622226762850e,,,,,0,LOADED_VM,,NOT_STARTED,NOT_STARTED,NOT_STARTED,SVG_REQUIRED_MISSING,SVG_REQUIRED_MISSING,GRAPH_OR_FUNCTION_STRUCTURE,,GRAPH_CANDIDATE,NO_PROBLEM_VISUAL,REVIEW_REQUIRED,NONE,NOT_STARTED,,,,NOT_STARTED,NOT_STARTED,NOT_STARTED,NOT_TESTED,PASS,canonical_and_compiled_master_match,INVENTORY_PENDING,01_scope_inventory.csv#archive/exams/original/high/h1/1mid/25_금당고_1학기_중간_고1_기출.js|25_금당고_1학기_중간_고1_기출|14,,INDEX_RECORD_PRESENT,original/high/h1/1mid/25_금당고_1학기_중간_고1_기출.js_14,9187f01806b1df9b1eaf48c9be6214f4add38e9a15cb88e47a9387749ea8041b,true,③,IN_SCOPE_FORWARD,,,CLOSED_NO_SHARED_ASSET
archive/exams/original/high/h1/1mid/25_금당고_1학기_중간_고1_기출.js|25_금당고_1학기_중간_고1_기출|16,archive/exams/original/high/h1/1mid/25_금당고_1학기_중간_고1_기출.js,25_금당고_1학기_중간_고1_기출,16,16,16,2015,수학(상),H15-SA-05,이차방정식,5,H15-SA-05-EQUATION_BASIC,방정식의 풀이,category_or_cue_inferred,complete_category,객관식,grid,false,객관식|전개|계수비교|이차방정식|근과계수|조건해석|계산,68295ce6935c6e331b116f3e1c81a0b8d732e5398796cf2835901793c1b54b17,24738ccd9bb59074f57dd85a020b9f5e5fad227c5a6612ff2c852adfade3cc13,dfde05a3668030e99ca64d8d4ae5f6b64c7a87cee61c0ba43904b92ef210191d,adb1d3da847539e9b9d7c8c011b4f65be560f631016ba6c4458c7d1229bbe067,,,,,0,LOADED_VM,,NOT_STARTED,NOT_STARTED,NOT_STARTED,SVG_OPTIONAL,SVG_OPTIONAL,,,NONE,NO_PROBLEM_VISUAL,N/A,NONE,NOT_STARTED,,,,NOT_STARTED,NOT_STARTED,NOT_STARTED,NOT_TESTED,PASS,canonical_and_compiled_master_match,INVENTORY_PENDING,01_scope_inventory.csv#archive/exams/original/high/h1/1mid/25_금당고_1학기_중간_고1_기출.js|25_금당고_1학기_중간_고1_기출|16,,INDEX_RECORD_PRESENT,original/high/h1/1mid/25_금당고_1학기_중간_고1_기출.js_16,9187f01806b1df9b1eaf48c9be6214f4add38e9a15cb88e47a9387749ea8041b,true,②,IN_SCOPE_FORWARD,,,CLOSED_NO_SHARED_ASSET
archive/exams/original/high/h1/1mid/25_매산고_1학기_중간_고1_기출.js|25_매산고_1학기_중간_고1_기출|2,archive/exams/original/high/h1/1mid/25_매산고_1학기_중간_고1_기출.js,25_매산고_1학기_중간_고1_기출,2,2,2,2022,공통수학1,H22-C-05,이차방정식과 이차함수,5,H22-C-05-QUADRATIC_EQUATION,이차방정식,category_or_cue_inferred,complete_category,객관식,grid,false,객관식|계수비교|이차방정식|근과계수|대입|조건해석|계산,ae908c268fb09d51232a5404cde5f1f98915fcb16ec5faef5224b4d780bd7f6d,a2abc579362b93813952feb351f6550168567813e628507a7c83e0b64230fc29,b15be6cb71072b84f7e1e198ce023fc5bb8b1e625335904ddcf3cffcd8b7312b,5cee7d4986856983761be025fd35909165f9fe3ef3da93af6844d2041e04ac28,,,,,0,LOADED_VM,,NOT_STARTED,NOT_STARTED,NOT_STARTED,SVG_OPTIONAL,SVG_OPTIONAL,,,NONE,NO_PROBLEM_VISUAL,N/A,NONE,NOT_STARTED,,,,NOT_STARTED,NOT_STARTED,NOT_STARTED,NOT_TESTED,PASS,canonical_and_compiled_master_match,INVENTORY_PENDING,01_scope_inventory.csv#archive/exams/original/high/h1/1mid/25_매산고_1학기_중간_고1_기출.js|25_매산고_1학기_중간_고1_기출|2,,INDEX_RECORD_PRESENT,original/high/h1/1mid/25_매산고_1학기_중간_고1_기출.js_2,86ff149b9ffeee4b740e8859ed991ae739b2a6a21b32d81378aa63032dcd0a62,true,③,IN_SCOPE_FORWARD,,,CLOSED_NO_SHARED_ASSET
archive/exams/original/high/h1/1mid/25_매산고_1학기_중간_고1_기출.js|25_매산고_1학기_중간_고1_기출|4,archive/exams/original/high/h1/1mid/25_매산고_1학기_중간_고1_기출.js,25_매산고_1학기_중간_고1_기출,4,4,4,2022,공통수학1,H22-C-05,이차방정식과 이차함수,5,H22-C-05-QUADRATIC_FUNCTION_GRAPH,이차함수의 그래프,candidate_evidence,complete_candidate,객관식,grid,false,객관식|계수비교|이차방정식|판별식|근과계수|이차함수|함수|그래프,55840e39311880ffbff673ff9cb2c50f3f3a3d4586a6594fa99ee861df45585d,23d7a469168fe3d1634b529d7797715b1d1b56d5d1e12dbc146598c004ac450a,973d2fd2f97e26a666f403b12da6d87e527985b36bcf4ff0a47c7e7e8c36321a,6c5af71488a0a31b59044ea281aa6f5874dee00acaa537e6549dec2e79cb275a,,,,,0,LOADED_VM,,NOT_STARTED,NOT_STARTED,NOT_STARTED,SVG_REQUIRED_MISSING,SVG_REQUIRED_MISSING,GRAPH_OR_FUNCTION_STRUCTURE,,GRAPH_CANDIDATE,NO_PROBLEM_VISUAL,REVIEW_REQUIRED,NONE,NOT_STARTED,,,,NOT_STARTED,NOT_STARTED,NOT_STARTED,NOT_TESTED,PASS,canonical_and_compiled_master_match,INVENTORY_PENDING,01_scope_inventory.csv#archive/exams/original/high/h1/1mid/25_매산고_1학기_중간_고1_기출.js|25_매산고_1학기_중간_고1_기출|4,,INDEX_RECORD_PRESENT,original/high/h1/1mid/25_매산고_1학기_중간_고1_기출.js_4,86ff149b9ffeee4b740e8859ed991ae739b2a6a21b32d81378aa63032dcd0a62,true,①,IN_SCOPE_FORWARD,,,CLOSED_NO_SHARED_ASSET
archive/exams/original/high/h1/1mid/25_매산고_1학기_중간_고1_기출.js|25_매산고_1학기_중간_고1_기출|7,archive/exams/original/high/h1/1mid/25_매산고_1학기_중간_고1_기출.js,25_매산고_1학기_중간_고1_기출,7,7,7,2022,공통수학1,H22-C-05,이차방정식과 이차함수,5,H22-C-05-EQUATION_BASIC,방정식의 풀이,category_or_cue_inferred,complete_category,객관식,grid,false,객관식|이차방정식|도형|원|대입|조건해석|계산,927a83992c68c7d0f53f26561cc99e34cc07fcee173c475bdebdfb472e372885,95f8f39e747b955e5088ae6fd84e0a6d9adbc21e2b6b5e4e0b8873715939546a,0bdef091c479702584f065d3a3714f8a76f851b3f0cf10912f345a5dd930b0a8,ff43663978a48fc86008eaccc1613ef7cc5c4cfd8a4cef298bf1b2d0d5576a51,,,,,0,LOADED_VM,,NOT_STARTED,NOT_STARTED,NOT_STARTED,SVG_REQUIRED_MISSING,SVG_REQUIRED_MISSING,COORDINATE_OR_GEOMETRY_STRUCTURE,,VISUAL_CANDIDATE,NO_PROBLEM_VISUAL,REVIEW_REQUIRED,NONE,NOT_STARTED,,,,NOT_STARTED,NOT_STARTED,NOT_STARTED,NOT_TESTED,PASS,canonical_and_compiled_master_match,INVENTORY_PENDING,01_scope_inventory.csv#archive/exams/original/high/h1/1mid/25_매산고_1학기_중간_고1_기출.js|25_매산고_1학기_중간_고1_기출|7,,INDEX_RECORD_PRESENT,original/high/h1/1mid/25_매산고_1학기_중간_고1_기출.js_7,86ff149b9ffeee4b740e8859ed991ae739b2a6a21b32d81378aa63032dcd0a62,true,⑤,IN_SCOPE_FORWARD,,,CLOSED_NO_SHARED_ASSET
archive/exams/original/high/h1/1mid/25_매산고_1학기_중간_고1_기출.js|25_매산고_1학기_중간_고1_기출|8,archive/exams/original/high/h1/1mid/25_매산고_1학기_중간_고1_기출.js,25_매산고_1학기_중간_고1_기출,8,8,8,2022,공통수학1,H22-C-05,이차방정식과 이차함수,5,H22-C-05-QUADRATIC_FUNCTION_APPLICATION,이차함수의 활용,candidate_evidence,complete_candidate,객관식,grid,false,객관식|완전제곱식|이차함수|최대최소|함수|범위|대입|조건해석,47fba84bb3fa4f7ef16bc1ab75cc4a850f6eae1ad3a1e140e205e442c67ff722,6fb47299ab13a3c216411d27ec6bb95aaae85583ab70bd9b54a035a145ded7e3,d41ea6521f53fb3dfa10cf72e2932f4405d9c999fa422cdc840d25d57e90dd34,2394ec397310bafcd8dcedf8edefc1f97b120f6ebc3f3c39e6e44e8caf8b873c,,,,,0,LOADED_VM,,NOT_STARTED,NOT_STARTED,NOT_STARTED,SVG_REQUIRED_MISSING,SVG_REQUIRED_MISSING,GRAPH_OR_FUNCTION_STRUCTURE,,GRAPH_CANDIDATE,NO_PROBLEM_VISUAL,REVIEW_REQUIRED,NONE,NOT_STARTED,,,,NOT_STARTED,NOT_STARTED,NOT_STARTED,NOT_TESTED,PASS,canonical_and_compiled_master_match,INVENTORY_PENDING,01_scope_inventory.csv#archive/exams/original/high/h1/1mid/25_매산고_1학기_중간_고1_기출.js|25_매산고_1학기_중간_고1_기출|8,,INDEX_RECORD_PRESENT,original/high/h1/1mid/25_매산고_1학기_중간_고1_기출.js_8,86ff149b9ffeee4b740e8859ed991ae739b2a6a21b32d81378aa63032dcd0a62,true,④,IN_SCOPE_FORWARD,,,CLOSED_NO_SHARED_ASSET
archive/exams/original/high/h1/1mid/25_매산고_1학기_중간_고1_기출.js|25_매산고_1학기_중간_고1_기출|10,archive/exams/original/high/h1/1mid/25_매산고_1학기_중간_고1_기출.js,25_매산고_1학기_중간_고1_기출,10,10,10,2022,공통수학1,H22-C-05,이차방정식과 이차함수,5,H22-C-05-QUADRATIC_FUNCTION_GRAPH,이차함수의 그래프,candidate_evidence,complete_candidate,객관식,grid,false,객관식|제곱근|근호|계수비교|이차방정식|판별식|근과계수|이차함수,4f58e5798b6ba3b9a926d98fc083e75875ddfb6c8ab41468d6a4caaf70dffa5c,0c0146e7705ba4367a09ad02fb769209917329a9590783db522c0647ea296f37,dfde05a3668030e99ca64d8d4ae5f6b64c7a87cee61c0ba43904b92ef210191d,e729b826759d1c5a8a50dfe49bb09854c131d881921f7cfaf3447c751bd171e8,,,,,0,LOADED_VM,,NOT_STARTED,NOT_STARTED,NOT_STARTED,SVG_REQUIRED_MISSING,SVG_REQUIRED_MISSING,GRAPH_OR_FUNCTION_STRUCTURE|COORDINATE_OR_GEOMETRY_STRUCTURE|TABLE_OR_MATRIX_STRUCTURE,,GRAPH_CANDIDATE,NO_PROBLEM_VISUAL,REVIEW_REQUIRED,NONE,NOT_STARTED,,,,NOT_STARTED,NOT_STARTED,NOT_STARTED,NOT_TESTED,PASS,canonical_and_compiled_master_match,INVENTORY_PENDING,01_scope_inventory.csv#archive/exams/original/high/h1/1mid/25_매산고_1학기_중간_고1_기출.js|25_매산고_1학기_중간_고1_기출|10,,INDEX_RECORD_PRESENT,original/high/h1/1mid/25_매산고_1학기_중간_고1_기출.js_10,86ff149b9ffeee4b740e8859ed991ae739b2a6a21b32d81378aa63032dcd0a62,true,②,IN_SCOPE_FORWARD,,,CLOSED_NO_SHARED_ASSET
archive/exams/original/high/h1/1mid/25_매산고_1학기_중간_고1_기출.js|25_매산고_1학기_중간_고1_기출|11,archive/exams/original/high/h1/1mid/25_매산고_1학기_중간_고1_기출.js,25_매산고_1학기_중간_고1_기출,11,11,11,2022,공통수학1,H22-C-05,이차방정식과 이차함수,5,H22-C-05-QUADRATIC_FUNCTION_APPLICATION,이차함수의 활용,candidate_evidence,complete_candidate,객관식,grid,false,객관식|완전제곱식|이차함수|최대최소|함수|도형|원|표해석,5cc5df6ab3cdaeee175e39a28414ac67cf9dabac57865af21a3ad080c60cafd8,6645306e3a790f071df162125fb1f58e2ac30917d160a311d3342d42e454ee9b,0bdef091c479702584f065d3a3714f8a76f851b3f0cf10912f345a5dd930b0a8,f4b9602236f45409dd1dffb73f486337017d027319574fd53584a8e03f2e0b1f,,,,,0,LOADED_VM,,NOT_STARTED,NOT_STARTED,NOT_STARTED,SVG_REQUIRED_MISSING,SVG_REQUIRED_MISSING,COORDINATE_OR_GEOMETRY_STRUCTURE|TABLE_OR_MATRIX_STRUCTURE,,VISUAL_CANDIDATE,NO_PROBLEM_VISUAL,REVIEW_REQUIRED,NONE,NOT_STARTED,,,,NOT_STARTED,NOT_STARTED,NOT_STARTED,NOT_TESTED,PASS,canonical_and_compiled_master_match,INVENTORY_PENDING,01_scope_inventory.csv#archive/exams/original/high/h1/1mid/25_매산고_1학기_중간_고1_기출.js|25_매산고_1학기_중간_고1_기출|11,,INDEX_RECORD_PRESENT,original/high/h1/1mid/25_매산고_1학기_중간_고1_기출.js_11,86ff149b9ffeee4b740e8859ed991ae739b2a6a21b32d81378aa63032dcd0a62,true,⑤,IN_SCOPE_FORWARD,,,CLOSED_NO_SHARED_ASSET
archive/exams/original/high/h1/1mid/25_매산고_1학기_중간_고1_기출.js|25_매산고_1학기_중간_고1_기출|12,archive/exams/original/high/h1/1mid/25_매산고_1학기_중간_고1_기출.js,25_매산고_1학기_중간_고1_기출,12,12,12,2022,공통수학1,H22-C-05,이차방정식과 이차함수,5,H22-C-05-QUADRATIC_FUNCTION_APPLICATION,이차함수의 활용,candidate_evidence,complete_candidate,객관식,grid,false,객관식|계수비교|이차함수|최대최소|함수|표해석|좌표|범위,55606f93b3af0cd2a81451f00ec930c7c207c2c02cdc47cfb166f8d6ccd1af89,dc578b102c4e21e510db4c0166b15e4633cfc3ac993e539f83f569bcafe33100,b15be6cb71072b84f7e1e198ce023fc5bb8b1e625335904ddcf3cffcd8b7312b,9f04a96aee046efb1327466f3760159350155d179124aa8e3b9386c7d2188b79,,,,,0,LOADED_VM,,NOT_STARTED,NOT_STARTED,NOT_STARTED,SVG_REQUIRED_MISSING,SVG_REQUIRED_MISSING,COORDINATE_OR_GEOMETRY_STRUCTURE|TABLE_OR_MATRIX_STRUCTURE,,VISUAL_CANDIDATE,NO_PROBLEM_VISUAL,REVIEW_REQUIRED,NONE,NOT_STARTED,,,,NOT_STARTED,NOT_STARTED,NOT_STARTED,NOT_TESTED,PASS,canonical_and_compiled_master_match,INVENTORY_PENDING,01_scope_inventory.csv#archive/exams/original/high/h1/1mid/25_매산고_1학기_중간_고1_기출.js|25_매산고_1학기_중간_고1_기출|12,,INDEX_RECORD_PRESENT,original/high/h1/1mid/25_매산고_1학기_중간_고1_기출.js_12,86ff149b9ffeee4b740e8859ed991ae739b2a6a21b32d81378aa63032dcd0a62,true,③,IN_SCOPE_FORWARD,,,CLOSED_NO_SHARED_ASSET
archive/exams/original/high/h1/1mid/25_매산고_1학기_중간_고1_기출.js|25_매산고_1학기_중간_고1_기출|15,archive/exams/original/high/h1/1mid/25_매산고_1학기_중간_고1_기출.js,25_매산고_1학기_중간_고1_기출,15,15,15,2022,공통수학1,H22-C-05,이차방정식과 이차함수,5,H22-C-05-QUADRATIC_FUNCTION_GRAPH,이차함수의 그래프,rule_inferred,complete_rule,객관식,grid,false,객관식|이차방정식|판별식|이차함수|최대최소|함수|그래프|표해석,8f6f8db8fce69f82d048a0b14ddc1a4886317b63d6071b0fadf2bce45c81d11f,4f2ccc950379ca72f163eaa1d0f046bbcbfe0870c34fd61affca717fbb7c2778,d41ea6521f53fb3dfa10cf72e2932f4405d9c999fa422cdc840d25d57e90dd34,508cf35a38af6e608f63a36e7746cda663b105378cba6afa50e152fcbac872d2,,,,,0,LOADED_VM,,NOT_STARTED,NOT_STARTED,NOT_STARTED,SVG_REQUIRED_MISSING,SVG_REQUIRED_MISSING,GRAPH_OR_FUNCTION_STRUCTURE|COORDINATE_OR_GEOMETRY_STRUCTURE|TABLE_OR_MATRIX_STRUCTURE,,GRAPH_CANDIDATE,NO_PROBLEM_VISUAL,REVIEW_REQUIRED,NONE,NOT_STARTED,,,,NOT_STARTED,NOT_STARTED,NOT_STARTED,NOT_TESTED,PASS,canonical_and_compiled_master_match,INVENTORY_PENDING,01_scope_inventory.csv#archive/exams/original/high/h1/1mid/25_매산고_1학기_중간_고1_기출.js|25_매산고_1학기_중간_고1_기출|15,,INDEX_RECORD_PRESENT,original/high/h1/1mid/25_매산고_1학기_중간_고1_기출.js_15,86ff149b9ffeee4b740e8859ed991ae739b2a6a21b32d81378aa63032dcd0a62,true,④,IN_SCOPE_FORWARD,,,CLOSED_NO_SHARED_ASSET
archive/exams/original/high/h1/1mid/25_매산고_1학기_중간_고1_기출.js|25_매산고_1학기_중간_고1_기출|17,archive/exams/original/high/h1/1mid/25_매산고_1학기_중간_고1_기출.js,25_매산고_1학기_중간_고1_기출,17,17,17,2022,공통수학1,H22-C-05,이차방정식과 이차함수,5,H22-C-05-QUADRATIC_EQUATION,이차방정식,category_or_cue_inferred,complete_category,단답형,grid,false,서술형|이차방정식|판별식|부등식|자연수조건|개수세기|대입|조건해석,4d3b9dd45b7e68aaec0741e6687845527a9447236ba97c3ed022ba90478c8329,4f53cda18c2baa0c0354bb5f9a3ecbe5ed12ab4d8e11ba873c2f11161202b945,e4bb04eec661be0b6c4cde1d3e6dca3fff3c9bdbb8c1244061f85bab274505e9,8b7e2bb9ca3241b876b38595981030498b2f60fee37f5f0dc32ba71757a9970e,,,,,0,LOADED_VM,,NOT_STARTED,NOT_STARTED,NOT_STARTED,SVG_OPTIONAL,SVG_OPTIONAL,,,NONE,NO_PROBLEM_VISUAL,N/A,NONE,NOT_STARTED,,,,NOT_STARTED,NOT_STARTED,NOT_STARTED,NOT_TESTED,PASS,canonical_and_compiled_master_match,INVENTORY_PENDING,01_scope_inventory.csv#archive/exams/original/high/h1/1mid/25_매산고_1학기_중간_고1_기출.js|25_매산고_1학기_중간_고1_기출|17,,INDEX_RECORD_PRESENT,original/high/h1/1mid/25_매산고_1학기_중간_고1_기출.js_17,86ff149b9ffeee4b740e8859ed991ae739b2a6a21b32d81378aa63032dcd0a62,true,17,IN_SCOPE_FORWARD,,,CLOSED_NO_SHARED_ASSET
archive/exams/original/high/h1/1mid/25_매산고_1학기_중간_고1_기출.js|25_매산고_1학기_중간_고1_기출|18,archive/exams/original/high/h1/1mid/25_매산고_1학기_중간_고1_기출.js,25_매산고_1학기_중간_고1_기출,18,18,18,2022,공통수학1,H22-C-05,이차방정식과 이차함수,5,H22-C-05-QUADRATIC_FUNCTION_APPLICATION,이차함수의 활용,candidate_evidence,complete_candidate,단답형,grid,false,서술형|절댓값|전개|계수비교|이차방정식|근과계수|이차함수|함수,63378de52b91867ce1c0f5ffb5a95295eeeb4d14462261b3f1a2d98bdff38e40,4f53cda18c2baa0c0354bb5f9a3ecbe5ed12ab4d8e11ba873c2f11161202b945,f9cacf3cb91a12e03bc4546834f95a50a4c5fe02276ac260148ea9296c442d39,cdce8abd268f11ef366e1f5778116d3d36a2c012045802ab11fba6a0fc1e3a9f,,,,,0,LOADED_VM,,NOT_STARTED,NOT_STARTED,NOT_STARTED,SVG_REQUIRED_MISSING,SVG_REQUIRED_MISSING,GRAPH_OR_FUNCTION_STRUCTURE|COORDINATE_OR_GEOMETRY_STRUCTURE|TABLE_OR_MATRIX_STRUCTURE,,GRAPH_CANDIDATE,NO_PROBLEM_VISUAL,REVIEW_REQUIRED,NONE,NOT_STARTED,,,,NOT_STARTED,NOT_STARTED,NOT_STARTED,NOT_TESTED,PASS,canonical_and_compiled_master_match,INVENTORY_PENDING,01_scope_inventory.csv#archive/exams/original/high/h1/1mid/25_매산고_1학기_중간_고1_기출.js|25_매산고_1학기_중간_고1_기출|18,,INDEX_RECORD_PRESENT,original/high/h1/1mid/25_매산고_1학기_중간_고1_기출.js_18,86ff149b9ffeee4b740e8859ed991ae739b2a6a21b32d81378aa63032dcd0a62,true,12,IN_SCOPE_FORWARD,,,CLOSED_NO_SHARED_ASSET
archive/exams/original/high/h1/1mid/25_매산고_1학기_중간_고1_기출.js|25_매산고_1학기_중간_고1_기출|20,archive/exams/original/high/h1/1mid/25_매산고_1학기_중간_고1_기출.js,25_매산고_1학기_중간_고1_기출,20,20,20,2022,공통수학1,H22-C-05,이차방정식과 이차함수,5,H22-C-05-QUADRATIC_FUNCTION_GRAPH,이차함수의 그래프,candidate_evidence,complete_candidate,서술형,grid,false,서술형|항등식|전개|계수비교|이차방정식|판별식|이차함수|함수,8b703450c9937e89ffbf4a31db875f58f59b483591414ef3a0af07fd44b8ac6d,4f53cda18c2baa0c0354bb5f9a3ecbe5ed12ab4d8e11ba873c2f11161202b945,25a52179b1c1cc286efa23d2466428f51cb7228024c2e128e6ccb8df047c7e12,1dbec000f5f4fa539cebb2650de0b161eeafa036577d9c6477ca27cb5d5d9705,,,,,0,LOADED_VM,,NOT_STARTED,NOT_STARTED,NOT_STARTED,SVG_REQUIRED_MISSING,SVG_REQUIRED_MISSING,GRAPH_OR_FUNCTION_STRUCTURE|COORDINATE_OR_GEOMETRY_STRUCTURE,,GRAPH_CANDIDATE,NO_PROBLEM_VISUAL,REVIEW_REQUIRED,NONE,NOT_STARTED,,,,NOT_STARTED,NOT_STARTED,NOT_STARTED,NOT_TESTED,PASS,canonical_and_compiled_master_match,INVENTORY_PENDING,01_scope_inventory.csv#archive/exams/original/high/h1/1mid/25_매산고_1학기_중간_고1_기출.js|25_매산고_1학기_중간_고1_기출|20,,INDEX_RECORD_PRESENT,original/high/h1/1mid/25_매산고_1학기_중간_고1_기출.js_20,86ff149b9ffeee4b740e8859ed991ae739b2a6a21b32d81378aa63032dcd0a62,true,"$ a = -2, b = -1, c = -\frac{1}{8} $",IN_SCOPE_FORWARD,,,CLOSED_NO_SHARED_ASSET
archive/exams/original/high/h1/1mid/25_순천여고_1학기_중간_고1_기출.js|25_순천여고_1학기_중간_고1_기출|5,archive/exams/original/high/h1/1mid/25_순천여고_1학기_중간_고1_기출.js,25_순천여고_1학기_중간_고1_기출,5,5,5,2022,공통수학1,H22-C-05,이차방정식과 이차함수,5,H22-C-05-QUADRATIC_FUNCTION_APPLICATION,이차함수의 활용,candidate_evidence,complete_candidate,객관식,grid,false,객관식|이차함수|최대최소|함수|표해석|범위|조건해석|계산,b8f23fcaeed7a9f2d9782989baba29234daf162c69ec341d4a7575d0806d54d4,9cc4851685ba4eda24c984f6121ae91321f3fe66d0a0cc54b473a73d6174efd5,b15be6cb71072b84f7e1e198ce023fc5bb8b1e625335904ddcf3cffcd8b7312b,ce8d1cb8ea16dc098d16cc430a02c0f7286c9ea5602a236f7006ef2d65d45db6,,,,,0,LOADED_VM,,NOT_STARTED,NOT_STARTED,NOT_STARTED,SVG_REQUIRED_MISSING,SVG_REQUIRED_MISSING,TABLE_OR_MATRIX_STRUCTURE,,VISUAL_CANDIDATE,NO_PROBLEM_VISUAL,SCHEMATIC_OR_REVIEW,NONE,NOT_STARTED,,,,NOT_STARTED,NOT_STARTED,NOT_STARTED,NOT_TESTED,PASS,canonical_and_compiled_master_match,INVENTORY_PENDING,01_scope_inventory.csv#archive/exams/original/high/h1/1mid/25_순천여고_1학기_중간_고1_기출.js|25_순천여고_1학기_중간_고1_기출|5,,INDEX_RECORD_PRESENT,original/high/h1/1mid/25_순천여고_1학기_중간_고1_기출.js_5,57d4f5a78ffcfaf97e3c4240879dfa0375ff581d3afc7c93194f125574f7ce4c,true,③,IN_SCOPE_FORWARD,,,CLOSED_NO_SHARED_ASSET
archive/exams/original/high/h1/1mid/25_순천여고_1학기_중간_고1_기출.js|25_순천여고_1학기_중간_고1_기출|10,archive/exams/original/high/h1/1mid/25_순천여고_1학기_중간_고1_기출.js,25_순천여고_1학기_중간_고1_기출,10,10,10,2022,공통수학1,H22-C-05,이차방정식과 이차함수,5,H22-C-05-QUADRATIC_EQUATION,이차방정식,category_or_cue_inferred,complete_category,객관식,grid,false,객관식|전개|계수비교|이차방정식|판별식|이차함수|부등식|함수,ddfd4ab4ce4e92f4918f643092394b3c715f837b535787ebd1da8efae6407e3d,6bff1d660075b8fe51efbba93220b49d4d165d6859c595eda5f15b9cd538eabf,973d2fd2f97e26a666f403b12da6d87e527985b36bcf4ff0a47c7e7e8c36321a,2f10f455fc7c281adaaa18dfd417e5fce23f035382b2adc1a53280384d6d8c32,,,,,0,LOADED_VM,,NOT_STARTED,NOT_STARTED,NOT_STARTED,SVG_OPTIONAL,SVG_OPTIONAL,,,NONE,NO_PROBLEM_VISUAL,N/A,NONE,NOT_STARTED,,,,NOT_STARTED,NOT_STARTED,NOT_STARTED,NOT_TESTED,PASS,canonical_and_compiled_master_match,INVENTORY_PENDING,01_scope_inventory.csv#archive/exams/original/high/h1/1mid/25_순천여고_1학기_중간_고1_기출.js|25_순천여고_1학기_중간_고1_기출|10,,INDEX_RECORD_PRESENT,original/high/h1/1mid/25_순천여고_1학기_중간_고1_기출.js_10,57d4f5a78ffcfaf97e3c4240879dfa0375ff581d3afc7c93194f125574f7ce4c,true,①,IN_SCOPE_FORWARD,,,CLOSED_NO_SHARED_ASSET
archive/exams/original/high/h1/1mid/25_순천여고_1학기_중간_고1_기출.js|25_순천여고_1학기_중간_고1_기출|14,archive/exams/original/high/h1/1mid/25_순천여고_1학기_중간_고1_기출.js,25_순천여고_1학기_중간_고1_기출,14,14,14,2022,공통수학1,H22-C-05,이차방정식과 이차함수,5,H22-C-05-QUADRATIC_EQUATION,이차방정식,category_or_cue_inferred,complete_category,객관식,grid,false,객관식|계수비교|이차방정식|근과계수|이차함수|함수|조건해석|계산,032d3fa263a6cdd663d24974104a450a828118d87b89f50c800469025f86710c,b95b534d56b8e77fe39921ea976b8144f16c21174bf3f5076820ac5ba98b99cc,dfde05a3668030e99ca64d8d4ae5f6b64c7a87cee61c0ba43904b92ef210191d,a9f32fcf7f4309fbc66aac8b984153312ca96c2c860bb76597d0f309376c943d,,,,,0,LOADED_VM,,NOT_STARTED,NOT_STARTED,NOT_STARTED,SVG_OPTIONAL,SVG_OPTIONAL,,,NONE,NO_PROBLEM_VISUAL,N/A,NONE,NOT_STARTED,,,,NOT_STARTED,NOT_STARTED,NOT_STARTED,NOT_TESTED,PASS,canonical_and_compiled_master_match,INVENTORY_PENDING,01_scope_inventory.csv#archive/exams/original/high/h1/1mid/25_순천여고_1학기_중간_고1_기출.js|25_순천여고_1학기_중간_고1_기출|14,,INDEX_RECORD_PRESENT,original/high/h1/1mid/25_순천여고_1학기_중간_고1_기출.js_14,57d4f5a78ffcfaf97e3c4240879dfa0375ff581d3afc7c93194f125574f7ce4c,true,②,IN_SCOPE_FORWARD,,,CLOSED_NO_SHARED_ASSET
archive/exams/original/high/h1/1mid/25_순천여고_1학기_중간_고1_기출.js|25_순천여고_1학기_중간_고1_기출|19,archive/exams/original/high/h1/1mid/25_순천여고_1학기_중간_고1_기출.js,25_순천여고_1학기_중간_고1_기출,19,19,19,2022,공통수학1,H22-C-05,이차방정식과 이차함수,5,H22-C-05-QUADRATIC_EQUATION,이차방정식,rule_inferred,complete_rule,서술형,grid,false,서술형|제곱근|근호|다항식|항등식|인수분해|복소수|이차방정식,f026aef0ea8ce7586292bbf37b4d72bd4a4b3c676cc553a6f35d5abae927438c,4f53cda18c2baa0c0354bb5f9a3ecbe5ed12ab4d8e11ba873c2f11161202b945,6d7943c8d1afe9284e3e1d3fdc15a17f0513f402e1fbe6cdeb204df09d5b0294,4afe1b3af59ba6269a743adf9f95c358cd56b79fbfcbb8a3ace27447b646fd3d,,,,,0,LOADED_VM,,NOT_STARTED,NOT_STARTED,NOT_STARTED,SVG_OPTIONAL,SVG_OPTIONAL,,,NONE,NO_PROBLEM_VISUAL,N/A,NONE,NOT_STARTED,,,,NOT_STARTED,NOT_STARTED,NOT_STARTED,NOT_TESTED,PASS,canonical_and_compiled_master_match,INVENTORY_PENDING,01_scope_inventory.csv#archive/exams/original/high/h1/1mid/25_순천여고_1학기_중간_고1_기출.js|25_순천여고_1학기_중간_고1_기출|19,,INDEX_RECORD_PRESENT,original/high/h1/1mid/25_순천여고_1학기_중간_고1_기출.js_19,57d4f5a78ffcfaf97e3c4240879dfa0375ff581d3afc7c93194f125574f7ce4c,true,$(x-2-\sqrt{2}i)(x-2+\sqrt{2}i)$,IN_SCOPE_FORWARD,,,CLOSED_NO_SHARED_ASSET
archive/exams/original/high/h1/1mid/25_순천여고_1학기_중간_고1_기출.js|25_순천여고_1학기_중간_고1_기출|20,archive/exams/original/high/h1/1mid/25_순천여고_1학기_중간_고1_기출.js,25_순천여고_1학기_중간_고1_기출,20,20,20,2022,공통수학1,H22-C-05,이차방정식과 이차함수,5,H22-C-05-EQUATION_BASIC,방정식의 풀이,category_or_cue_inferred,complete_category,서술형,grid,false,서술형|이차방정식|이차함수|함수|도형|원|조건해석|계산,6b86994c61978de28e3ef40bbf7f58ea6869fcc03468fc6460ee0460c0138f49,4f53cda18c2baa0c0354bb5f9a3ecbe5ed12ab4d8e11ba873c2f11161202b945,f460007631f9077b0a284a2cfda4faa690b4e8dcecd783b93d2cf4d6444a3f56,fc98b11be382783251364960828214b000adadea3cac4b8313cf5a354e53010c,,,,,0,LOADED_VM,,NOT_STARTED,NOT_STARTED,NOT_STARTED,SVG_REQUIRED_MISSING,SVG_REQUIRED_MISSING,COORDINATE_OR_GEOMETRY_STRUCTURE,,VISUAL_CANDIDATE,NO_PROBLEM_VISUAL,REVIEW_REQUIRED,NONE,NOT_STARTED,,,,NOT_STARTED,NOT_STARTED,NOT_STARTED,NOT_TESTED,PASS,canonical_and_compiled_master_match,INVENTORY_PENDING,01_scope_inventory.csv#archive/exams/original/high/h1/1mid/25_순천여고_1학기_중간_고1_기출.js|25_순천여고_1학기_중간_고1_기출|20,,INDEX_RECORD_PRESENT,original/high/h1/1mid/25_순천여고_1학기_중간_고1_기출.js_20,57d4f5a78ffcfaf97e3c4240879dfa0375ff581d3afc7c93194f125574f7ce4c,true,x^2-20x+54=0,IN_SCOPE_FORWARD,,,CLOSED_NO_SHARED_ASSET
archive/exams/original/high/h1/1mid/25_순천여고_1학기_중간_고1_기출.js|25_순천여고_1학기_중간_고1_기출|21,archive/exams/original/high/h1/1mid/25_순천여고_1학기_중간_고1_기출.js,25_순천여고_1학기_중간_고1_기출,21,21,21,2022,공통수학1,H22-C-05,이차방정식과 이차함수,5,H22-C-05-QUADRATIC_FUNCTION_APPLICATION,이차함수의 활용,candidate_evidence,complete_candidate,서술형,grid,false,서술형|이차방정식|이차함수|최대최소|함수|범위|조건해석|계산,6183676618830354f839c268fe6791a37b640750939a3f43dd0c42cf6d06d950,4f53cda18c2baa0c0354bb5f9a3ecbe5ed12ab4d8e11ba873c2f11161202b945,9251eb8ff404386e8d5de96795deaaab83d19bda21eeae4d382b8a3df8171679,1df21580c18b3e71f5019c157d1bd6c32ef71cc66bf31bcdf8f51634ad87387a,,,,,0,LOADED_VM,,NOT_STARTED,NOT_STARTED,NOT_STARTED,SVG_OPTIONAL,SVG_OPTIONAL,,,NONE,NO_PROBLEM_VISUAL,N/A,NONE,NOT_STARTED,,,,NOT_STARTED,NOT_STARTED,NOT_STARTED,NOT_TESTED,PASS,canonical_and_compiled_master_match,INVENTORY_PENDING,01_scope_inventory.csv#archive/exams/original/high/h1/1mid/25_순천여고_1학기_중간_고1_기출.js|25_순천여고_1학기_중간_고1_기출|21,,INDEX_RECORD_PRESENT,original/high/h1/1mid/25_순천여고_1학기_중간_고1_기출.js_21,57d4f5a78ffcfaf97e3c4240879dfa0375ff581d3afc7c93194f125574f7ce4c,true,"0, 8",IN_SCOPE_FORWARD,,,CLOSED_NO_SHARED_ASSET
archive/exams/original/high/h1/1mid/25_제일고_1학기_중간_고1_기출.js|25_제일고_1학기_중간_고1_기출|13,archive/exams/original/high/h1/1mid/25_제일고_1학기_중간_고1_기출.js,25_제일고_1학기_중간_고1_기출,13,13,13,2022,공통수학1,H22-C-05,이차방정식과 이차함수,5,H22-C-05-QUADRATIC_EQUATION,이차방정식,candidate_evidence,complete_candidate,객관식,grid,false,객관식|이차방정식|판별식|이차함수|함수|도형|원|그래프,77ccb51a4b164180b8a470846e890dfb2686fb080df97360fb106565168b7c75,04ea192fd454ca7ca71a735e040bce811c36e1d2f6ef716b752e878c02bd7987,973d2fd2f97e26a666f403b12da6d87e527985b36bcf4ff0a47c7e7e8c36321a,3bdded7a86d395ffd2fb2bd298fde5aebe15433dca1920d29ef9aa72fad14f68,,,,,1,LOADED_VM,,NOT_STARTED,NOT_STARTED,NOT_STARTED,SOURCE_REVIEW,SOURCE_REVIEW,GRAPH_OR_FUNCTION_STRUCTURE|COORDINATE_OR_GEOMETRY_STRUCTURE,,SVG,PROBLEM_VISUAL_PRESENT,REVIEW_REQUIRED,INLINE_SVG,NOT_STARTED,,,,NOT_STARTED,NOT_STARTED,NOT_STARTED,NOT_TESTED,PASS,canonical_and_compiled_master_match,INVENTORY_PENDING,01_scope_inventory.csv#archive/exams/original/high/h1/1mid/25_제일고_1학기_중간_고1_기출.js|25_제일고_1학기_중간_고1_기출|13,,INDEX_RECORD_PRESENT,original/high/h1/1mid/25_제일고_1학기_중간_고1_기출.js_13,6a4782d5f17276e615d55ae92b2e3d113b9f44b0589d40a936c057db2ab524d4,true,①,IN_SCOPE_FORWARD,,,CLOSED_NO_SHARED_ASSET
archive/exams/original/high/h1/1mid/25_제일고_1학기_중간_고1_기출.js|25_제일고_1학기_중간_고1_기출|14,archive/exams/original/high/h1/1mid/25_제일고_1학기_중간_고1_기출.js,25_제일고_1학기_중간_고1_기출,14,14,14,2022,공통수학1,H22-C-05,이차방정식과 이차함수,5,H22-C-05-QUADRATIC_EQUATION,이차방정식,category_or_cue_inferred,complete_category,객관식,grid,false,객관식|이차방정식|판별식|최대최소|부등식|정수조건|범위|조건해석,61438e9de4cd9beb7646f7d868f49026e40d61a939f9366c95f48b88d8f3306a,b54bd5ff738505c1d448170e2918bb039b284e1d2c5f77765b20ce879d3b74b1,dfde05a3668030e99ca64d8d4ae5f6b64c7a87cee61c0ba43904b92ef210191d,49464b9229355cc4cab6ed4ceeaac7c6908b2d12b273c3e733c5475e9a3411df,,,,,0,LOADED_VM,,NOT_STARTED,NOT_STARTED,NOT_STARTED,SVG_OPTIONAL,SVG_OPTIONAL,,,NONE,NO_PROBLEM_VISUAL,N/A,NONE,NOT_STARTED,,,,NOT_STARTED,NOT_STARTED,NOT_STARTED,NOT_TESTED,PASS,canonical_and_compiled_master_match,INVENTORY_PENDING,01_scope_inventory.csv#archive/exams/original/high/h1/1mid/25_제일고_1학기_중간_고1_기출.js|25_제일고_1학기_중간_고1_기출|14,,INDEX_RECORD_PRESENT,original/high/h1/1mid/25_제일고_1학기_중간_고1_기출.js_14,6a4782d5f17276e615d55ae92b2e3d113b9f44b0589d40a936c057db2ab524d4,true,②,IN_SCOPE_FORWARD,,,CLOSED_NO_SHARED_ASSET
archive/exams/original/high/h1/1mid/25_제일고_1학기_중간_고1_기출.js|25_제일고_1학기_중간_고1_기출|16,archive/exams/original/high/h1/1mid/25_제일고_1학기_중간_고1_기출.js,25_제일고_1학기_중간_고1_기출,16,16,16,2022,공통수학1,H22-C-05,이차방정식과 이차함수,5,H22-C-05-QUADRATIC_FUNCTION_GRAPH,이차함수의 그래프,candidate_evidence,complete_candidate,객관식,grid,false,객관식|항등식|계수비교|이차방정식|판별식|이차함수|함수|그래프,a943d8166cc27490c55af173475c253d7718bc76d707d55cad206d2493fdefbf,3a1bbab9b78499068c5918f8934a02966a6ec322a749a0718a8733ad649c65cc,d41ea6521f53fb3dfa10cf72e2932f4405d9c999fa422cdc840d25d57e90dd34,fa9e870c03714219ed63f6d5a24819a0fd0db82d1cb7d1f4acf8f80fe9c358ce,,,,,0,LOADED_VM,,NOT_STARTED,NOT_STARTED,NOT_STARTED,SVG_REQUIRED_MISSING,SVG_REQUIRED_MISSING,GRAPH_OR_FUNCTION_STRUCTURE|COORDINATE_OR_GEOMETRY_STRUCTURE,,GRAPH_CANDIDATE,NO_PROBLEM_VISUAL,REVIEW_REQUIRED,NONE,NOT_STARTED,,,,NOT_STARTED,NOT_STARTED,NOT_STARTED,NOT_TESTED,PASS,canonical_and_compiled_master_match,INVENTORY_PENDING,01_scope_inventory.csv#archive/exams/original/high/h1/1mid/25_제일고_1학기_중간_고1_기출.js|25_제일고_1학기_중간_고1_기출|16,,INDEX_RECORD_PRESENT,original/high/h1/1mid/25_제일고_1학기_중간_고1_기출.js_16,6a4782d5f17276e615d55ae92b2e3d113b9f44b0589d40a936c057db2ab524d4,true,④,IN_SCOPE_FORWARD,,,CLOSED_NO_SHARED_ASSET
archive/exams/original/high/h1/1mid/25_제일고_1학기_중간_고1_기출.js|25_제일고_1학기_중간_고1_기출|17,archive/exams/original/high/h1/1mid/25_제일고_1학기_중간_고1_기출.js,25_제일고_1학기_중간_고1_기출,17,17,17,2022,공통수학1,H22-C-05,이차방정식과 이차함수,5,H22-C-05-QUADRATIC_EQUATION,이차방정식,rule_inferred,complete_rule,객관식,grid,false,객관식|인수정리|인수분해|계수비교|이차방정식|근과계수|이차함수|함수,c032889a26bd86667dd6cac6c5dacf1fe0bbdc5acd8079848cff0be59d11394a,0fd2c19f6837f23769dd96367e4a1e7e86eecab98f0325817c7604c80c3927ed,dfde05a3668030e99ca64d8d4ae5f6b64c7a87cee61c0ba43904b92ef210191d,e8267b865b1e7bab4d4fb6bf2008da1a0e9c95dbc0b3f2a30b70d46e053f2b8e,,,,,0,LOADED_VM,,NOT_STARTED,NOT_STARTED,NOT_STARTED,SVG_OPTIONAL,SVG_OPTIONAL,,,NONE,NO_PROBLEM_VISUAL,N/A,NONE,NOT_STARTED,,,,NOT_STARTED,NOT_STARTED,NOT_STARTED,NOT_TESTED,PASS,canonical_and_compiled_master_match,INVENTORY_PENDING,01_scope_inventory.csv#archive/exams/original/high/h1/1mid/25_제일고_1학기_중간_고1_기출.js|25_제일고_1학기_중간_고1_기출|17,,INDEX_RECORD_PRESENT,original/high/h1/1mid/25_제일고_1학기_중간_고1_기출.js_17,6a4782d5f17276e615d55ae92b2e3d113b9f44b0589d40a936c057db2ab524d4,true,②,IN_SCOPE_FORWARD,,,CLOSED_NO_SHARED_ASSET
archive/exams/original/high/h1/1mid/25_제일고_1학기_중간_고1_기출.js|25_제일고_1학기_중간_고1_기출|18,archive/exams/original/high/h1/1mid/25_제일고_1학기_중간_고1_기출.js,25_제일고_1학기_중간_고1_기출,18,18,18,2022,공통수학1,H22-C-05,이차방정식과 이차함수,5,H22-C-05-QUADRATIC_FUNCTION_GRAPH,이차함수의 그래프,category_or_cue_inferred,complete_category,객관식,grid,false,객관식|이차방정식|이차함수|최대최소|함수|도형|사각형|원,95d1ca272bb59fa44efc1e8aa1176044d46f8db5426c333c4bcc6cece98befb6,68350448a5d833b3182e72bebb2246295650a9d6c4ce6f8d8e8e1da7b6935581,0bdef091c479702584f065d3a3714f8a76f851b3f0cf10912f345a5dd930b0a8,29590005ea355f71a59a72173018ee1a592436248ecae422c37fe03e7863b256,,,,,1,LOADED_VM,,NOT_STARTED,NOT_STARTED,NOT_STARTED,SOURCE_REVIEW,SOURCE_REVIEW,GRAPH_OR_FUNCTION_STRUCTURE|COORDINATE_OR_GEOMETRY_STRUCTURE|COUNTING_STRUCTURE|TABLE_OR_MATRIX_STRUCTURE,,SVG,PROBLEM_VISUAL_PRESENT,REVIEW_REQUIRED,INLINE_SVG,NOT_STARTED,,,,NOT_STARTED,NOT_STARTED,NOT_STARTED,NOT_TESTED,PASS,canonical_and_compiled_master_match,INVENTORY_PENDING,01_scope_inventory.csv#archive/exams/original/high/h1/1mid/25_제일고_1학기_중간_고1_기출.js|25_제일고_1학기_중간_고1_기출|18,,INDEX_RECORD_PRESENT,original/high/h1/1mid/25_제일고_1학기_중간_고1_기출.js_18,6a4782d5f17276e615d55ae92b2e3d113b9f44b0589d40a936c057db2ab524d4,true,⑤,IN_SCOPE_FORWARD,,,CLOSED_NO_SHARED_ASSET
archive/exams/original/high/h1/1mid/25_제일고_1학기_중간_고1_기출.js|25_제일고_1학기_중간_고1_기출|22,archive/exams/original/high/h1/1mid/25_제일고_1학기_중간_고1_기출.js,25_제일고_1학기_중간_고1_기출,22,22,22,2022,공통수학1,H22-C-05,이차방정식과 이차함수,5,H22-C-05-QUADRATIC_FUNCTION_GRAPH,이차함수의 그래프,category_or_cue_inferred,complete_category,서술형,grid,false,서술형|완전제곱식|전개|이차방정식|이차함수|최대최소|함수|범위,c32cc1d8e523a9810a5b98c655752040eb985399d3e859880534bccd3dcaf14c,4f53cda18c2baa0c0354bb5f9a3ecbe5ed12ab4d8e11ba873c2f11161202b945,2a4ce103a8d22d2363445e39bb8f4535452c503fb55168d4602ab440828966fe,8fd3508c8f72c975c032de04c6bd6c0580d38ff9b7995e2326c25733ad081d23,,,,,0,LOADED_VM,,NOT_STARTED,NOT_STARTED,NOT_STARTED,SVG_REQUIRED_MISSING,SVG_REQUIRED_MISSING,GRAPH_OR_FUNCTION_STRUCTURE,,GRAPH_CANDIDATE,NO_PROBLEM_VISUAL,REVIEW_REQUIRED,NONE,NOT_STARTED,,,,NOT_STARTED,NOT_STARTED,NOT_STARTED,NOT_TESTED,PASS,canonical_and_compiled_master_match,INVENTORY_PENDING,01_scope_inventory.csv#archive/exams/original/high/h1/1mid/25_제일고_1학기_중간_고1_기출.js|25_제일고_1학기_중간_고1_기출|22,,INDEX_RECORD_PRESENT,original/high/h1/1mid/25_제일고_1학기_중간_고1_기출.js_22,6a4782d5f17276e615d55ae92b2e3d113b9f44b0589d40a936c057db2ab524d4,true,-4,IN_SCOPE_FORWARD,,,CLOSED_NO_SHARED_ASSET
archive/exams/original/high/h1/1mid/25_팔마고_1학기_중간_고1_기출.js|25_팔마고_1학기_중간_고1_기출|3,archive/exams/original/high/h1/1mid/25_팔마고_1학기_중간_고1_기출.js,25_팔마고_1학기_중간_고1_기출,3,3,3,2022,공통수학1,H22-C-05,이차방정식과 이차함수,5,H22-C-05-QUADRATIC_EQUATION,이차방정식,category_or_cue_inferred,complete_category,객관식,grid,false,객관식|계수비교|이차방정식|판별식|최대최소|정수조건|범위|조건해석,5e35f082a13ed9231fa8bc174a3ce35c70e596e46cd783e99abc1d93fa98c8e0,d601fd23445f2769d635c0f649aaf6d04b385a7d56c029a78b68ab105d958e27,0bdef091c479702584f065d3a3714f8a76f851b3f0cf10912f345a5dd930b0a8,c62e49bb7ec73404d73d0e32aa0e27ebd77e52658d00e22f54dac0ceed0e3aab,,,,,0,LOADED_VM,,NOT_STARTED,NOT_STARTED,NOT_STARTED,SVG_OPTIONAL,SVG_OPTIONAL,,,NONE,NO_PROBLEM_VISUAL,N/A,NONE,NOT_STARTED,,,,NOT_STARTED,NOT_STARTED,NOT_STARTED,NOT_TESTED,PASS,canonical_and_compiled_master_match,INVENTORY_PENDING,01_scope_inventory.csv#archive/exams/original/high/h1/1mid/25_팔마고_1학기_중간_고1_기출.js|25_팔마고_1학기_중간_고1_기출|3,,INDEX_RECORD_PRESENT,original/high/h1/1mid/25_팔마고_1학기_중간_고1_기출.js_3,1680fdaa4cd5b3271cc05e93f129c7c4fd5c27508ac36b0db82dffde3b3897f4,true,⑤,IN_SCOPE_FORWARD,,,CLOSED_NO_SHARED_ASSET
archive/exams/original/high/h1/1mid/25_팔마고_1학기_중간_고1_기출.js|25_팔마고_1학기_중간_고1_기출|6,archive/exams/original/high/h1/1mid/25_팔마고_1학기_중간_고1_기출.js,25_팔마고_1학기_중간_고1_기출,6,6,6,2022,공통수학1,H22-C-05,이차방정식과 이차함수,5,H22-C-05-QUADRATIC_EQUATION,이차방정식,rule_inferred,complete_rule,객관식,grid,false,객관식|인수분해|공통인수|계수비교|이차방정식|근과계수|대입|조건해석,42b18aa5b4830eaada9c15f591f46c2035e7b8ab6ee44ba24c267019273a35fc,5579049f1290178ce49b42b01b98e1b48cea15f83b9302f1189b14db30f25726,0bdef091c479702584f065d3a3714f8a76f851b3f0cf10912f345a5dd930b0a8,2237a01f30b321783994b89974449fce56985a8dcddda87649479a52cd222856,,,,,0,LOADED_VM,,NOT_STARTED,NOT_STARTED,NOT_STARTED,SVG_OPTIONAL,SVG_OPTIONAL,,,NONE,NO_PROBLEM_VISUAL,N/A,NONE,NOT_STARTED,,,,NOT_STARTED,NOT_STARTED,NOT_STARTED,NOT_TESTED,PASS,canonical_and_compiled_master_match,INVENTORY_PENDING,01_scope_inventory.csv#archive/exams/original/high/h1/1mid/25_팔마고_1학기_중간_고1_기출.js|25_팔마고_1학기_중간_고1_기출|6,,INDEX_RECORD_PRESENT,original/high/h1/1mid/25_팔마고_1학기_중간_고1_기출.js_6,1680fdaa4cd5b3271cc05e93f129c7c4fd5c27508ac36b0db82dffde3b3897f4,true,⑤,IN_SCOPE_FORWARD,,,CLOSED_NO_SHARED_ASSET
archive/exams/original/high/h1/1mid/25_팔마고_1학기_중간_고1_기출.js|25_팔마고_1학기_중간_고1_기출|8,archive/exams/original/high/h1/1mid/25_팔마고_1학기_중간_고1_기출.js,25_팔마고_1학기_중간_고1_기출,8,8,8,2022,공통수학1,H22-C-05,이차방정식과 이차함수,5,H22-C-05-QUADRATIC_FUNCTION_GRAPH,이차함수의 그래프,candidate_evidence,complete_candidate,객관식,grid,false,객관식|계수비교|이차방정식|근과계수|이차함수|연립방정식|함수|그래프,5464e8ecc2d8d30ba31331cdbf689f8cea4189ae079b971618ca139678f9ef92,747cc9870d80e68bb4e8cf37c65b6c06b95e3f0be1a2e8faf23c6bf9c54085ea,d41ea6521f53fb3dfa10cf72e2932f4405d9c999fa422cdc840d25d57e90dd34,ddf5c3b2674959e2c1ad432fff34d038558e622eeaa623ab5932ac4ba6b092fb,,,,,0,LOADED_VM,,NOT_STARTED,NOT_STARTED,NOT_STARTED,SVG_REQUIRED_MISSING,SVG_REQUIRED_MISSING,GRAPH_OR_FUNCTION_STRUCTURE|COORDINATE_OR_GEOMETRY_STRUCTURE|TABLE_OR_MATRIX_STRUCTURE,,GRAPH_CANDIDATE,NO_PROBLEM_VISUAL,REVIEW_REQUIRED,NONE,NOT_STARTED,,,,NOT_STARTED,NOT_STARTED,NOT_STARTED,NOT_TESTED,PASS,canonical_and_compiled_master_match,INVENTORY_PENDING,01_scope_inventory.csv#archive/exams/original/high/h1/1mid/25_팔마고_1학기_중간_고1_기출.js|25_팔마고_1학기_중간_고1_기출|8,,INDEX_RECORD_PRESENT,original/high/h1/1mid/25_팔마고_1학기_중간_고1_기출.js_8,1680fdaa4cd5b3271cc05e93f129c7c4fd5c27508ac36b0db82dffde3b3897f4,true,④,IN_SCOPE_FORWARD,,,CLOSED_NO_SHARED_ASSET
archive/exams/original/high/h1/1mid/25_팔마고_1학기_중간_고1_기출.js|25_팔마고_1학기_중간_고1_기출|10,archive/exams/original/high/h1/1mid/25_팔마고_1학기_중간_고1_기출.js,25_팔마고_1학기_중간_고1_기출,10,10,10,2022,공통수학1,H22-C-05,이차방정식과 이차함수,5,H22-C-05-QUADRATIC_EQUATION,이차방정식,rule_inferred,complete_rule,객관식,grid,false,객관식|전개|계수비교|이차방정식|판별식|근과계수|조건해석|계산,778d4e732d7bbbb7c4f5badc01e580f8723d84c0adf1c96baa287413b819ecbb,68048f0c50e4336258136a16e415ea3b1ede918350be23f1094f9ada26ac3243,b15be6cb71072b84f7e1e198ce023fc5bb8b1e625335904ddcf3cffcd8b7312b,17574c3bd2ac26e4c09d785cceb5cdf80bb34307b03fe8f5bfe95299f9e0182e,,,,,0,LOADED_VM,,NOT_STARTED,NOT_STARTED,NOT_STARTED,SVG_OPTIONAL,SVG_OPTIONAL,,,NONE,NO_PROBLEM_VISUAL,N/A,NONE,NOT_STARTED,,,,NOT_STARTED,NOT_STARTED,NOT_STARTED,NOT_TESTED,PASS,canonical_and_compiled_master_match,INVENTORY_PENDING,01_scope_inventory.csv#archive/exams/original/high/h1/1mid/25_팔마고_1학기_중간_고1_기출.js|25_팔마고_1학기_중간_고1_기출|10,,INDEX_RECORD_PRESENT,original/high/h1/1mid/25_팔마고_1학기_중간_고1_기출.js_10,1680fdaa4cd5b3271cc05e93f129c7c4fd5c27508ac36b0db82dffde3b3897f4,true,③,IN_SCOPE_FORWARD,,,CLOSED_NO_SHARED_ASSET
archive/exams/original/high/h1/1mid/25_팔마고_1학기_중간_고1_기출.js|25_팔마고_1학기_중간_고1_기출|15,archive/exams/original/high/h1/1mid/25_팔마고_1학기_중간_고1_기출.js,25_팔마고_1학기_중간_고1_기출,15,15,15,2022,공통수학1,H22-C-05,이차방정식과 이차함수,5,H22-C-05-QUADRATIC_EQUATION,이차방정식,candidate_evidence,complete_candidate,객관식,grid,false,객관식|제곱근|근호|분모유리화|계수비교|복소수|켤레복소수|이차방정식,acfed1e367feb82410e61ec8a41531f1f8dc22257b2929f2dde77687a5d813af,be89f84d8d47e6cfe9369cadcb8064a9863e8563b7bfd8f7f276e1b1c3bc266a,d41ea6521f53fb3dfa10cf72e2932f4405d9c999fa422cdc840d25d57e90dd34,0e640449f23e8b398503656e8aaec12c6b16f3566d45289496dbea4739de0451,,,,,0,LOADED_VM,,NOT_STARTED,NOT_STARTED,NOT_STARTED,SVG_REQUIRED_MISSING,SVG_REQUIRED_MISSING,GRAPH_OR_FUNCTION_STRUCTURE|COORDINATE_OR_GEOMETRY_STRUCTURE|TABLE_OR_MATRIX_STRUCTURE,,GRAPH_CANDIDATE,NO_PROBLEM_VISUAL,REVIEW_REQUIRED,NONE,NOT_STARTED,,,,NOT_STARTED,NOT_STARTED,NOT_STARTED,NOT_TESTED,PASS,canonical_and_compiled_master_match,INVENTORY_PENDING,01_scope_inventory.csv#archive/exams/original/high/h1/1mid/25_팔마고_1학기_중간_고1_기출.js|25_팔마고_1학기_중간_고1_기출|15,,INDEX_RECORD_PRESENT,original/high/h1/1mid/25_팔마고_1학기_중간_고1_기출.js_15,1680fdaa4cd5b3271cc05e93f129c7c4fd5c27508ac36b0db82dffde3b3897f4,true,④,IN_SCOPE_FORWARD,,,CLOSED_NO_SHARED_ASSET
archive/exams/original/high/h1/1mid/25_팔마고_1학기_중간_고1_기출.js|25_팔마고_1학기_중간_고1_기출|16,archive/exams/original/high/h1/1mid/25_팔마고_1학기_중간_고1_기출.js,25_팔마고_1학기_중간_고1_기출,16,16,16,2022,공통수학1,H22-C-05,이차방정식과 이차함수,5,H22-C-05-QUADRATIC_EQUATION,이차방정식,rule_inferred,complete_rule,객관식,grid,false,객관식|인수분해|이차방정식|판별식|정수조건|범위|개수세기|대입,c6ed799f8e13c176542ab678152d0f4eea759587a416785367950ad20cbac490,a761e39bd111bbae78c8e78a218c1efe712d2b24f309cbeed84b08332704ad22,b15be6cb71072b84f7e1e198ce023fc5bb8b1e625335904ddcf3cffcd8b7312b,74bfc6e38a13ead19a44c031a399157217844ba0180ab3fc93a817d5f58a5048,,,,,0,LOADED_VM,,NOT_STARTED,NOT_STARTED,NOT_STARTED,SVG_OPTIONAL,SVG_OPTIONAL,,,NONE,NO_PROBLEM_VISUAL,N/A,NONE,NOT_STARTED,,,,NOT_STARTED,NOT_STARTED,NOT_STARTED,NOT_TESTED,PASS,canonical_and_compiled_master_match,INVENTORY_PENDING,01_scope_inventory.csv#archive/exams/original/high/h1/1mid/25_팔마고_1학기_중간_고1_기출.js|25_팔마고_1학기_중간_고1_기출|16,,INDEX_RECORD_PRESENT,original/high/h1/1mid/25_팔마고_1학기_중간_고1_기출.js_16,1680fdaa4cd5b3271cc05e93f129c7c4fd5c27508ac36b0db82dffde3b3897f4,true,③,IN_SCOPE_FORWARD,,,CLOSED_NO_SHARED_ASSET
archive/exams/original/high/h1/1mid/25_팔마고_1학기_중간_고1_기출.js|25_팔마고_1학기_중간_고1_기출|17,archive/exams/original/high/h1/1mid/25_팔마고_1학기_중간_고1_기출.js,25_팔마고_1학기_중간_고1_기출,17,17,17,2022,공통수학1,H22-C-05,이차방정식과 이차함수,5,H22-C-05-QUADRATIC_FUNCTION_APPLICATION,이차함수의 활용,candidate_evidence,complete_candidate,객관식,grid,false,객관식|이차함수|최대최소|함수|도형|삼각형|사각형|넓이,52192083a8fae4209b8893a1abbb32c57e1083324438dbcd00124355fb19ed8b,d3e9e15654e14d6539363635eb4e5a14afc80db193ef0a210b3790806a8aff99,973d2fd2f97e26a666f403b12da6d87e527985b36bcf4ff0a47c7e7e8c36321a,f078f1d7c41a678592c1ca7b71287983ca4fe9e08fe43c851e945fc31c6d350f,assets/images/25_팔마고_1학기_중간_고1_기출/q17.png,cd3cfdab5ed3b3dcae9823794c63dac396d22a788063e1a8ee8433e009d6e40e,,,0,LOADED_VM,,NOT_STARTED,NOT_STARTED,NOT_STARTED,SVG_REQUIRED_MISSING,SVG_REQUIRED_MISSING,GRAPH_OR_FUNCTION_STRUCTURE|COORDINATE_OR_GEOMETRY_STRUCTURE|TABLE_OR_MATRIX_STRUCTURE,,GRAPH_CANDIDATE,PROBLEM_VISUAL_PRESENT,REVIEW_REQUIRED,NONE,NOT_STARTED,,,,NOT_STARTED,NOT_STARTED,NOT_STARTED,NOT_TESTED,PASS,canonical_and_compiled_master_match,INVENTORY_PENDING,01_scope_inventory.csv#archive/exams/original/high/h1/1mid/25_팔마고_1학기_중간_고1_기출.js|25_팔마고_1학기_중간_고1_기출|17,[object Object],INDEX_RECORD_PRESENT,original/high/h1/1mid/25_팔마고_1학기_중간_고1_기출.js_17,1680fdaa4cd5b3271cc05e93f129c7c4fd5c27508ac36b0db82dffde3b3897f4,true,①,IN_SCOPE_FORWARD,,,CLOSED_NO_SHARED_ASSET
archive/exams/original/high/h1/1mid/25_팔마고_1학기_중간_고1_기출.js|25_팔마고_1학기_중간_고1_기출|21,archive/exams/original/high/h1/1mid/25_팔마고_1학기_중간_고1_기출.js,25_팔마고_1학기_중간_고1_기출,21,21,21,2022,공통수학1,H22-C-05,이차방정식과 이차함수,5,H22-C-05-QUADRATIC_FUNCTION_APPLICATION,이차함수의 활용,candidate_evidence,complete_candidate,서술형,grid,false,서술형|제곱근|근호|이차방정식|이차함수|최대최소|함수|표해석,5fa0491f9cedeaa9e0ef9bda0fb81cffbe88401a1416ed2ba92d83587d1d7fd7,4f53cda18c2baa0c0354bb5f9a3ecbe5ed12ab4d8e11ba873c2f11161202b945,c81744055d13d631e56fd46c16c7217b046141e20be1e96aac7128f409b0fc66,a7ed9c8bcf5ce6258ec60f7625905cea1f6662e8bd20cab119fbb7ea611f8b2d,,,,,0,LOADED_VM,,NOT_STARTED,NOT_STARTED,NOT_STARTED,SVG_REQUIRED_MISSING,SVG_REQUIRED_MISSING,TABLE_OR_MATRIX_STRUCTURE,,VISUAL_CANDIDATE,NO_PROBLEM_VISUAL,SCHEMATIC_OR_REVIEW,NONE,NOT_STARTED,,,,NOT_STARTED,NOT_STARTED,NOT_STARTED,NOT_TESTED,PASS,canonical_and_compiled_master_match,INVENTORY_PENDING,01_scope_inventory.csv#archive/exams/original/high/h1/1mid/25_팔마고_1학기_중간_고1_기출.js|25_팔마고_1학기_중간_고1_기출|21,,INDEX_RECORD_PRESENT,original/high/h1/1mid/25_팔마고_1학기_중간_고1_기출.js_21,1680fdaa4cd5b3271cc05e93f129c7c4fd5c27508ac36b0db82dffde3b3897f4,true,(1) $\frac{2+\sqrt{14}}{5}$초 (2) $\frac{14}{5}\text{m}$ (3) $1\text{m}$,IN_SCOPE_FORWARD,,,CLOSED_NO_SHARED_ASSET
archive/exams/original/high/h1/1mid/25_효천고_1학기_중간_고1_기출.js|25_효천고_1학기_중간_고1_기출|13,archive/exams/original/high/h1/1mid/25_효천고_1학기_중간_고1_기출.js,25_효천고_1학기_중간_고1_기출,13,13,13,2022,공통수학1,H22-C-05,이차방정식과 이차함수,5,H22-C-05-QUADRATIC_EQUATION,이차방정식,category_or_cue_inferred,complete_category,객관식,grid,false,객관식|계수비교|이차방정식|근과계수|조건해석|계산,793bd10590a94f73240efce2eab5b6603cf5bb4a5ebb7facc478cc2a83ac868a,f9ea4029b4c07bc63e3bdd33ee61c839ca31695b738fce65a94fe38049fbc3eb,0bdef091c479702584f065d3a3714f8a76f851b3f0cf10912f345a5dd930b0a8,b87945b440d759b1acc450b1ff555312fadb56556edada052aed58f19b3d68cc,,,,,0,LOADED_VM,,NOT_STARTED,NOT_STARTED,NOT_STARTED,SVG_OPTIONAL,SVG_OPTIONAL,,,NONE,NO_PROBLEM_VISUAL,N/A,NONE,NOT_STARTED,,,,NOT_STARTED,NOT_STARTED,NOT_STARTED,NOT_TESTED,PASS,canonical_and_compiled_master_match,INVENTORY_PENDING,01_scope_inventory.csv#archive/exams/original/high/h1/1mid/25_효천고_1학기_중간_고1_기출.js|25_효천고_1학기_중간_고1_기출|13,,INDEX_RECORD_PRESENT,original/high/h1/1mid/25_효천고_1학기_중간_고1_기출.js_13,3d4eeb8dc0cfadaa9d33739205f48d6469d4b4199116342f87e64c8a7cfc0af2,true,⑤,IN_SCOPE_FORWARD,,,CLOSED_NO_SHARED_ASSET
archive/exams/original/high/h1/1mid/25_효천고_1학기_중간_고1_기출.js|25_효천고_1학기_중간_고1_기출|14,archive/exams/original/high/h1/1mid/25_효천고_1학기_중간_고1_기출.js,25_효천고_1학기_중간_고1_기출,14,14,14,2022,공통수학1,H22-C-05,이차방정식과 이차함수,5,H22-C-05-QUADRATIC_EQUATION,이차방정식,rule_inferred,complete_rule,객관식,grid,false,객관식|인수분해|계수비교|이차방정식|근과계수|최대최소|대입|계산,2f896e754ea0073fd442bfeab5e0aea79eb44f3a08f6ea8f81942c1b38a01dc5,8a75047f0e4b6e8797bfead0cc19b0e569ff456745967a57988e0acd9f6e0855,0bdef091c479702584f065d3a3714f8a76f851b3f0cf10912f345a5dd930b0a8,2f4ae7a0de4d1b92943e49fc43dcbe0f3324e506d21b714ece28851376bedee8,,,,,0,LOADED_VM,,NOT_STARTED,NOT_STARTED,NOT_STARTED,SVG_OPTIONAL,SVG_OPTIONAL,,,NONE,NO_PROBLEM_VISUAL,N/A,NONE,NOT_STARTED,,,,NOT_STARTED,NOT_STARTED,NOT_STARTED,NOT_TESTED,PASS,canonical_and_compiled_master_match,INVENTORY_PENDING,01_scope_inventory.csv#archive/exams/original/high/h1/1mid/25_효천고_1학기_중간_고1_기출.js|25_효천고_1학기_중간_고1_기출|14,,INDEX_RECORD_PRESENT,original/high/h1/1mid/25_효천고_1학기_중간_고1_기출.js_14,3d4eeb8dc0cfadaa9d33739205f48d6469d4b4199116342f87e64c8a7cfc0af2,true,⑤,IN_SCOPE_FORWARD,,,CLOSED_NO_SHARED_ASSET
archive/exams/original/high/h1/1mid/25_효천고_1학기_중간_고1_기출.js|25_효천고_1학기_중간_고1_기출|16,archive/exams/original/high/h1/1mid/25_효천고_1학기_중간_고1_기출.js,25_효천고_1학기_중간_고1_기출,16,16,16,2022,공통수학1,H22-C-05,이차방정식과 이차함수,5,H22-C-05-QUADRATIC_EQUATION,이차방정식,rule_inferred,complete_rule,객관식,grid,false,객관식|제곱근|근호|분모유리화|계수비교|복소수|켤레복소수|이차방정식,34bf734d98161fc909abab20101c2c632fdb90e24450bb3c21700d0a595ae945,a24622bf2e92d75248cf6408ee810542bf26e307f51b751af16a0b13845fc695,dfde05a3668030e99ca64d8d4ae5f6b64c7a87cee61c0ba43904b92ef210191d,4c8936cb1bd2f174786d065510353727600a551ae7e3a41449c09f9aca261f08,,,,,0,LOADED_VM,,NOT_STARTED,NOT_STARTED,NOT_STARTED,SVG_OPTIONAL,SVG_OPTIONAL,,,NONE,NO_PROBLEM_VISUAL,N/A,NONE,NOT_STARTED,,,,NOT_STARTED,NOT_STARTED,NOT_STARTED,NOT_TESTED,PASS,canonical_and_compiled_master_match,INVENTORY_PENDING,01_scope_inventory.csv#archive/exams/original/high/h1/1mid/25_효천고_1학기_중간_고1_기출.js|25_효천고_1학기_중간_고1_기출|16,,INDEX_RECORD_PRESENT,original/high/h1/1mid/25_효천고_1학기_중간_고1_기출.js_16,3d4eeb8dc0cfadaa9d33739205f48d6469d4b4199116342f87e64c8a7cfc0af2,true,②,IN_SCOPE_FORWARD,,,CLOSED_NO_SHARED_ASSET
archive/exams/original/high/h1/1mid/25_효천고_1학기_중간_고1_기출.js|25_효천고_1학기_중간_고1_기출|20,archive/exams/original/high/h1/1mid/25_효천고_1학기_중간_고1_기출.js,25_효천고_1학기_중간_고1_기출,20,20,20,2022,공통수학1,H22-C-05,이차방정식과 이차함수,5,H22-C-05-QUADRATIC_EQUATION,이차방정식,category_or_cue_inferred,complete_category,서술형,grid,false,서술형|계수비교|이차방정식|판별식|최대최소|정수조건|범위|조건해석,e9ad406ccefbb97c136cfcf0f225c9e8eb485779924c16da2b6b5546d0d8e1b6,4f53cda18c2baa0c0354bb5f9a3ecbe5ed12ab4d8e11ba873c2f11161202b945,7f53cfb9f79a20d9de9a5ad8a94ddaec4316796b79d7663d79f31de4289fd600,d192a675891d22dac5776c4eebc02ecaeb7cd889a0e897cd62ab78a6123e3c0f,,,,,0,LOADED_VM,,NOT_STARTED,NOT_STARTED,NOT_STARTED,SVG_OPTIONAL,SVG_OPTIONAL,,,NONE,NO_PROBLEM_VISUAL,N/A,NONE,NOT_STARTED,,,,NOT_STARTED,NOT_STARTED,NOT_STARTED,NOT_TESTED,PASS,canonical_and_compiled_master_match,INVENTORY_PENDING,01_scope_inventory.csv#archive/exams/original/high/h1/1mid/25_효천고_1학기_중간_고1_기출.js|25_효천고_1학기_중간_고1_기출|20,,INDEX_RECORD_PRESENT,original/high/h1/1mid/25_효천고_1학기_중간_고1_기출.js_20,3d4eeb8dc0cfadaa9d33739205f48d6469d4b4199116342f87e64c8a7cfc0af2,true,$2$,IN_SCOPE_FORWARD,,,CLOSED_NO_SHARED_ASSET
archive/exams/original/high/h1/1mid/25_효천고_1학기_중간_고1_기출.js|25_효천고_1학기_중간_고1_기출|21,archive/exams/original/high/h1/1mid/25_효천고_1학기_중간_고1_기출.js,25_효천고_1학기_중간_고1_기출,21,21,21,2022,공통수학1,H22-C-05,이차방정식과 이차함수,5,H22-C-05-QUADRATIC_EQUATION,이차방정식,category_or_cue_inferred,complete_category,서술형,grid,false,서술형|인수정리|인수분해|계수비교|이차방정식|대입|조건해석|계산,ff9d8c9fa052176305bb4830ddc24eb90ac94efb894e12acd2c67d71027078ea,4f53cda18c2baa0c0354bb5f9a3ecbe5ed12ab4d8e11ba873c2f11161202b945,7f53cfb9f79a20d9de9a5ad8a94ddaec4316796b79d7663d79f31de4289fd600,e9400d6c345e6f3df832d1b698baec3af943966edb7187ddab6c6532533c71da,,,,,0,LOADED_VM,,NOT_STARTED,NOT_STARTED,NOT_STARTED,SVG_OPTIONAL,SVG_OPTIONAL,,,NONE,NO_PROBLEM_VISUAL,N/A,NONE,NOT_STARTED,,,,NOT_STARTED,NOT_STARTED,NOT_STARTED,NOT_TESTED,PASS,canonical_and_compiled_master_match,INVENTORY_PENDING,01_scope_inventory.csv#archive/exams/original/high/h1/1mid/25_효천고_1학기_중간_고1_기출.js|25_효천고_1학기_중간_고1_기출|21,,INDEX_RECORD_PRESENT,original/high/h1/1mid/25_효천고_1학기_중간_고1_기출.js_21,3d4eeb8dc0cfadaa9d33739205f48d6469d4b4199116342f87e64c8a7cfc0af2,true,$2$,IN_SCOPE_FORWARD,,,CLOSED_NO_SHARED_ASSET
archive/exams/original/high/h1/1mid/26_금당고_1학기_중간_고1_기출_c.js|26_금당고_1학기_중간_고1_기출_content|6,archive/exams/original/high/h1/1mid/26_금당고_1학기_중간_고1_기출_c.js,26_금당고_1학기_중간_고1_기출_content,6,6,6,2022,공통수학1,H22-C-05,이차방정식과 이차함수,5,H22-C-05-QUADRATIC_EQUATION,이차방정식,category_or_cue_inferred,complete_category,객관식,grid,false,객관식|이차방정식|이차함수|최대최소|함수|계산|상급,9ab31a161ce5c9d2eb6bcba4a8f46431305baef6523e48b555f633dbe8273552,d3b513eba093def1f570b24c40510eec0b00ca49748eda4d023fa531cfa202a7,0bdef091c479702584f065d3a3714f8a76f851b3f0cf10912f345a5dd930b0a8,36a6b8c7f2c2a645d560ec9a2f9350d100fa689a0c65012403b601b7b216c136,,,,,0,LOADED_VM,,NOT_STARTED,NOT_STARTED,NOT_STARTED,SVG_REQUIRED_MISSING,SVG_REQUIRED_MISSING,GRAPH_OR_FUNCTION_STRUCTURE|COORDINATE_OR_GEOMETRY_STRUCTURE|TABLE_OR_MATRIX_STRUCTURE,,GRAPH_CANDIDATE,NO_PROBLEM_VISUAL,REVIEW_REQUIRED,NONE,NOT_STARTED,,,,NOT_STARTED,NOT_STARTED,NOT_STARTED,NOT_TESTED,PASS,canonical_and_compiled_master_match,INVENTORY_PENDING,01_scope_inventory.csv#archive/exams/original/high/h1/1mid/26_금당고_1학기_중간_고1_기출_c.js|26_금당고_1학기_중간_고1_기출_content|6,,INDEX_RECORD_PRESENT,original/high/h1/1mid/26_금당고_1학기_중간_고1_기출_c.js_6,0973561a951b0b60537fcc0a597822d0eeb365348d6e2b5c4d11965d27daee51,true,⑤,IN_SCOPE_FORWARD,,,CLOSED_NO_SHARED_ASSET
archive/exams/original/high/h1/1mid/26_금당고_1학기_중간_고1_기출_c.js|26_금당고_1학기_중간_고1_기출_content|9,archive/exams/original/high/h1/1mid/26_금당고_1학기_중간_고1_기출_c.js,26_금당고_1학기_중간_고1_기출_content,9,9,9,2022,공통수학1,H22-C-05,이차방정식과 이차함수,5,H22-C-05-QUADRATIC_FUNCTION_GRAPH,이차함수의 그래프,category_or_cue_inferred,complete_category,객관식,grid,false,객관식|이차방정식|이차함수|함수|그래프|계산,95de90601ecba307500cf8cd6bee0fb850761a57a33b7f3330665de6523823ba,28bd3a50df6e0dd65da983994b0bd4fcd1f1e63dc40dd693c03a688593fb9fab,d41ea6521f53fb3dfa10cf72e2932f4405d9c999fa422cdc840d25d57e90dd34,fd27b806cda3b9ffcd509817abe5e8ffbc784edd8a81f13f348e6066a2778022,,,,,0,LOADED_VM,,NOT_STARTED,NOT_STARTED,NOT_STARTED,SVG_REQUIRED_MISSING,SVG_REQUIRED_MISSING,GRAPH_OR_FUNCTION_STRUCTURE|COORDINATE_OR_GEOMETRY_STRUCTURE|TABLE_OR_MATRIX_STRUCTURE,,GRAPH_CANDIDATE,NO_PROBLEM_VISUAL,REVIEW_REQUIRED,NONE,NOT_STARTED,,,,NOT_STARTED,NOT_STARTED,NOT_STARTED,NOT_TESTED,PASS,canonical_and_compiled_master_match,INVENTORY_PENDING,01_scope_inventory.csv#archive/exams/original/high/h1/1mid/26_금당고_1학기_중간_고1_기출_c.js|26_금당고_1학기_중간_고1_기출_content|9,,INDEX_RECORD_PRESENT,original/high/h1/1mid/26_금당고_1학기_중간_고1_기출_c.js_9,0973561a951b0b60537fcc0a597822d0eeb365348d6e2b5c4d11965d27daee51,true,④,IN_SCOPE_FORWARD,,,CLOSED_NO_SHARED_ASSET
archive/exams/original/high/h1/1mid/26_금당고_1학기_중간_고1_기출_c.js|26_금당고_1학기_중간_고1_기출_content|13,archive/exams/original/high/h1/1mid/26_금당고_1학기_중간_고1_기출_c.js,26_금당고_1학기_중간_고1_기출_content,13,13,13,2022,공통수학1,H22-C-05,이차방정식과 이차함수,5,H22-C-05-FUNCTION_BASIC,함수의 뜻과 그래프,category_or_cue_inferred,complete_category,객관식,grid,false,객관식|이차방정식|이차함수|함수|그래프|계산,31991d26c4dd897ce4d06f3f21ee492a3f5b39d4257cd001f5fb6233ce0bd5c0,0abcab3e5a8a9d8500b057c0870c878e31d1cdc6af70f22c0aa21b5a5a2fdcad,dfde05a3668030e99ca64d8d4ae5f6b64c7a87cee61c0ba43904b92ef210191d,f0fb03d667de69720b22ad3e0f0fd5693d9492c629c6b57a8ed94e5c374a5228,,,,,0,LOADED_VM,,NOT_STARTED,NOT_STARTED,NOT_STARTED,SVG_REQUIRED_MISSING,SVG_REQUIRED_MISSING,GRAPH_OR_FUNCTION_STRUCTURE|COORDINATE_OR_GEOMETRY_STRUCTURE|TABLE_OR_MATRIX_STRUCTURE,,GRAPH_CANDIDATE,NO_PROBLEM_VISUAL,REVIEW_REQUIRED,NONE,NOT_STARTED,,,,NOT_STARTED,NOT_STARTED,NOT_STARTED,NOT_TESTED,PASS,canonical_and_compiled_master_match,INVENTORY_PENDING,01_scope_inventory.csv#archive/exams/original/high/h1/1mid/26_금당고_1학기_중간_고1_기출_c.js|26_금당고_1학기_중간_고1_기출_content|13,,INDEX_RECORD_PRESENT,original/high/h1/1mid/26_금당고_1학기_중간_고1_기출_c.js_13,0973561a951b0b60537fcc0a597822d0eeb365348d6e2b5c4d11965d27daee51,true,②,IN_SCOPE_FORWARD,,,CLOSED_NO_SHARED_ASSET
archive/exams/original/high/h1/1mid/26_금당고_1학기_중간_고1_기출_c.js|26_금당고_1학기_중간_고1_기출_content|14,archive/exams/original/high/h1/1mid/26_금당고_1학기_중간_고1_기출_c.js,26_금당고_1학기_중간_고1_기출_content,14,14,14,2022,공통수학1,H22-C-05,이차방정식과 이차함수,5,H22-C-05-QUADRATIC_FUNCTION_GRAPH,이차함수의 그래프,category_or_cue_inferred,complete_category,객관식,grid,false,그래프|도형,c04aedfd2b0762e8d03b7ebf50562637337b673aa9d0a8120a68fcce1788da40,119a6d81cf8b830697ba7ba1e4042113a222c8a082c3619f03f917d8c647f06f,b15be6cb71072b84f7e1e198ce023fc5bb8b1e625335904ddcf3cffcd8b7312b,3e6c05638e0f50481255c51296bd8d24b3afebd9e31adfe8c5db661668dc106a,assets/images/26_금당고_1학기_중간_고1_기출/q14.png,b7d752961282206b4cc073b562b0cd963fe2189d9282a356102a5076d5702917,,,0,LOADED_VM,,NOT_STARTED,NOT_STARTED,NOT_STARTED,SVG_REQUIRED_MISSING,SVG_REQUIRED_MISSING,GRAPH_OR_FUNCTION_STRUCTURE|COORDINATE_OR_GEOMETRY_STRUCTURE,,GRAPH_CANDIDATE,PROBLEM_VISUAL_PRESENT,REVIEW_REQUIRED,NONE,NOT_STARTED,,,,NOT_STARTED,NOT_STARTED,NOT_STARTED,NOT_TESTED,PASS,canonical_and_compiled_master_match,INVENTORY_PENDING,01_scope_inventory.csv#archive/exams/original/high/h1/1mid/26_금당고_1학기_중간_고1_기출_c.js|26_금당고_1학기_중간_고1_기출_content|14,[object Object],INDEX_RECORD_PRESENT,original/high/h1/1mid/26_금당고_1학기_중간_고1_기출_c.js_14,0973561a951b0b60537fcc0a597822d0eeb365348d6e2b5c4d11965d27daee51,true,③,IN_SCOPE_FORWARD,,,CLOSED_NO_SHARED_ASSET
archive/exams/original/high/h1/1mid/26_금당고_1학기_중간_고1_기출_c.js|26_금당고_1학기_중간_고1_기출_content|16,archive/exams/original/high/h1/1mid/26_금당고_1학기_중간_고1_기출_c.js,26_금당고_1학기_중간_고1_기출_content,16,16,16,2022,공통수학1,H22-C-05,이차방정식과 이차함수,5,H22-C-05-FUNCTION_BASIC,함수의 뜻과 그래프,category_or_cue_inferred,complete_category,객관식,grid,false,객관식|계수비교|이차방정식|이차함수|최대최소|함수|그래프|표해석,037fa34e2a984cebab5ee3b5681e7fb830763baa7ab84b26a9a19430d867cee5,50c10b5b51de77f9f38e1a317fbe7e9e581b4e88e3344dea17a0eeb945faea4f,0bdef091c479702584f065d3a3714f8a76f851b3f0cf10912f345a5dd930b0a8,56cddc65a834d35abd670fc9c4a509b882d53e4c8323413918252912a7bf3d83,,,,,0,LOADED_VM,,NOT_STARTED,NOT_STARTED,NOT_STARTED,SVG_REQUIRED_MISSING,SVG_REQUIRED_MISSING,GRAPH_OR_FUNCTION_STRUCTURE|COORDINATE_OR_GEOMETRY_STRUCTURE|TABLE_OR_MATRIX_STRUCTURE,,GRAPH_CANDIDATE,NO_PROBLEM_VISUAL,REVIEW_REQUIRED,NONE,NOT_STARTED,,,,NOT_STARTED,NOT_STARTED,NOT_STARTED,NOT_TESTED,PASS,canonical_and_compiled_master_match,INVENTORY_PENDING,01_scope_inventory.csv#archive/exams/original/high/h1/1mid/26_금당고_1학기_중간_고1_기출_c.js|26_금당고_1학기_중간_고1_기출_content|16,,INDEX_RECORD_PRESENT,original/high/h1/1mid/26_금당고_1학기_중간_고1_기출_c.js_16,0973561a951b0b60537fcc0a597822d0eeb365348d6e2b5c4d11965d27daee51,true,⑤,IN_SCOPE_FORWARD,,,CLOSED_NO_SHARED_ASSET
archive/exams/original/high/h1/1mid/26_금당고_1학기_중간_고1_기출_c.js|26_금당고_1학기_중간_고1_기출_content|17,archive/exams/original/high/h1/1mid/26_금당고_1학기_중간_고1_기출_c.js,26_금당고_1학기_중간_고1_기출_content,17,17,17,2022,공통수학1,H22-C-05,이차방정식과 이차함수,5,H22-C-05-FUNCTION_BASIC,함수의 뜻과 그래프,category_or_cue_inferred,complete_category,객관식,grid,false,그래프,b33d9b3b87a6c10962769e7a0aafa3469fe89e77abb4702df3ccf50cbf96d6a7,3cc19e370a6671b60f17396fd032ed6593aa1547f8af80d6ab8d949018911b5e,d41ea6521f53fb3dfa10cf72e2932f4405d9c999fa422cdc840d25d57e90dd34,fd27b806cda3b9ffcd509817abe5e8ffbc784edd8a81f13f348e6066a2778022,,,,,0,LOADED_VM,,NOT_STARTED,NOT_STARTED,NOT_STARTED,SVG_REQUIRED_MISSING,SVG_REQUIRED_MISSING,GRAPH_OR_FUNCTION_STRUCTURE|COORDINATE_OR_GEOMETRY_STRUCTURE|TABLE_OR_MATRIX_STRUCTURE,,GRAPH_CANDIDATE,NO_PROBLEM_VISUAL,REVIEW_REQUIRED,NONE,NOT_STARTED,,,,NOT_STARTED,NOT_STARTED,NOT_STARTED,NOT_TESTED,PASS,canonical_and_compiled_master_match,INVENTORY_PENDING,01_scope_inventory.csv#archive/exams/original/high/h1/1mid/26_금당고_1학기_중간_고1_기출_c.js|26_금당고_1학기_중간_고1_기출_content|17,,INDEX_RECORD_PRESENT,original/high/h1/1mid/26_금당고_1학기_중간_고1_기출_c.js_17,0973561a951b0b60537fcc0a597822d0eeb365348d6e2b5c4d11965d27daee51,true,④,IN_SCOPE_FORWARD,,,CLOSED_NO_SHARED_ASSET
archive/exams/original/high/h1/1mid/26_금당고_1학기_중간_고1_기출_c.js|26_금당고_1학기_중간_고1_기출_content|20,archive/exams/original/high/h1/1mid/26_금당고_1학기_중간_고1_기출_c.js,26_금당고_1학기_중간_고1_기출_content,20,20,20,2022,공통수학1,H22-C-05,이차방정식과 이차함수,5,H22-C-05-EQUATION_BASIC,방정식의 풀이,category_or_cue_inferred,complete_category,서술형,grid,false,서술형,19258ee7d0c86648f71631fbf92c06973b45064f425e124349df29ec074cf139,4f53cda18c2baa0c0354bb5f9a3ecbe5ed12ab4d8e11ba873c2f11161202b945,92e9e7e5922d26e17e48f0869ab25cc99499fdab722c065de8e0965c96c68e86,c4007d0d8add950d706aa6d4563b11144cc9f1588867d7c74fef270afebefbab,,,,,0,LOADED_VM,,NOT_STARTED,NOT_STARTED,NOT_STARTED,SVG_REQUIRED_MISSING,SVG_REQUIRED_MISSING,COORDINATE_OR_GEOMETRY_STRUCTURE,,VISUAL_CANDIDATE,NO_PROBLEM_VISUAL,REVIEW_REQUIRED,NONE,NOT_STARTED,,,,NOT_STARTED,NOT_STARTED,NOT_STARTED,NOT_TESTED,PASS,canonical_and_compiled_master_match,INVENTORY_PENDING,01_scope_inventory.csv#archive/exams/original/high/h1/1mid/26_금당고_1학기_중간_고1_기출_c.js|26_금당고_1학기_중간_고1_기출_content|20,,INDEX_RECORD_PRESENT,original/high/h1/1mid/26_금당고_1학기_중간_고1_기출_c.js_20,0973561a951b0b60537fcc0a597822d0eeb365348d6e2b5c4d11965d27daee51,true,6,IN_SCOPE_FORWARD,,,CLOSED_NO_SHARED_ASSET
archive/exams/original/high/h1/1mid/26_매산고_1학기_중간_고1_기출c.js|26_매산고_1학기_중간_고1_기출|4,archive/exams/original/high/h1/1mid/26_매산고_1학기_중간_고1_기출c.js,26_매산고_1학기_중간_고1_기출,4,4,4,2022,공통수학1,H22-C-05,이차방정식과 이차함수,5,H22-C-05-FUNCTION_BASIC,함수의 뜻과 그래프,category_or_cue_inferred,complete_category,객관식,grid,false,객관식|완전제곱식|이차방정식|이차함수|최대최소|함수|그래프|표해석,28e96ee135021a937044e1271e4a22a58639fd343286b8ea325b2ccc62d05a26,33df25322b696566a74a473e6940f30d5f9cef7ece09c5631ef8d9de89413abe,b15be6cb71072b84f7e1e198ce023fc5bb8b1e625335904ddcf3cffcd8b7312b,a9a1a50e45b0b65f3ce9d0f68a4f9e9098b5cb609073e4a616509a45aa1791f1,,,,,0,LOADED_VM,,NOT_STARTED,NOT_STARTED,NOT_STARTED,SVG_REQUIRED_MISSING,SVG_REQUIRED_MISSING,GRAPH_OR_FUNCTION_STRUCTURE|COORDINATE_OR_GEOMETRY_STRUCTURE|TABLE_OR_MATRIX_STRUCTURE,,GRAPH_CANDIDATE,NO_PROBLEM_VISUAL,REVIEW_REQUIRED,NONE,NOT_STARTED,,,,NOT_STARTED,NOT_STARTED,NOT_STARTED,NOT_TESTED,PASS,canonical_and_compiled_master_match,INVENTORY_PENDING,01_scope_inventory.csv#archive/exams/original/high/h1/1mid/26_매산고_1학기_중간_고1_기출c.js|26_매산고_1학기_중간_고1_기출|4,,INDEX_RECORD_PRESENT,original/high/h1/1mid/26_매산고_1학기_중간_고1_기출c.js_4,172df92b148a2490bbe736bb011d0001c94902f2070fce5f903a0bad25bf3b1d,true,③,IN_SCOPE_FORWARD,,,CLOSED_NO_SHARED_ASSET
archive/exams/original/high/h1/1mid/26_매산고_1학기_중간_고1_기출c.js|26_매산고_1학기_중간_고1_기출|10,archive/exams/original/high/h1/1mid/26_매산고_1학기_중간_고1_기출c.js,26_매산고_1학기_중간_고1_기출,10,10,10,2022,공통수학1,H22-C-05,이차방정식과 이차함수,5,H22-C-05-QUADRATIC_EQUATION,이차방정식,category_or_cue_inferred,complete_category,객관식,grid,false,객관식|이차방정식|판별식|이차함수|최대최소|함수|그래프|범위,ca2f56f8a04a3a58dd31f9d8a419b6b218bfaed66ccaffc5a33a3b0f4a4731ed,8a7f7c5648b5d3e3997f433c9fd93a26c8ee0a2de6425400aa9b85d77f09ca8c,b15be6cb71072b84f7e1e198ce023fc5bb8b1e625335904ddcf3cffcd8b7312b,f46c8124f04644377ec8b285a8b28cbde8c2ea78c498ebc5584882bd863b1bdf,,,,,0,LOADED_VM,,NOT_STARTED,NOT_STARTED,NOT_STARTED,SVG_REQUIRED_MISSING,SVG_REQUIRED_MISSING,GRAPH_OR_FUNCTION_STRUCTURE,,GRAPH_CANDIDATE,NO_PROBLEM_VISUAL,REVIEW_REQUIRED,NONE,NOT_STARTED,,,,NOT_STARTED,NOT_STARTED,NOT_STARTED,NOT_TESTED,PASS,canonical_and_compiled_master_match,INVENTORY_PENDING,01_scope_inventory.csv#archive/exams/original/high/h1/1mid/26_매산고_1학기_중간_고1_기출c.js|26_매산고_1학기_중간_고1_기출|10,,INDEX_RECORD_PRESENT,original/high/h1/1mid/26_매산고_1학기_중간_고1_기출c.js_10,172df92b148a2490bbe736bb011d0001c94902f2070fce5f903a0bad25bf3b1d,true,③,IN_SCOPE_FORWARD,,,CLOSED_NO_SHARED_ASSET
archive/exams/original/high/h1/1mid/26_매산고_1학기_중간_고1_기출c.js|26_매산고_1학기_중간_고1_기출|11,archive/exams/original/high/h1/1mid/26_매산고_1학기_중간_고1_기출c.js,26_매산고_1학기_중간_고1_기출,11,11,11,2022,공통수학1,H22-C-05,이차방정식과 이차함수,5,H22-C-05-QUADRATIC_EQUATION,이차방정식,rule_inferred,complete_rule,객관식,grid,false,객관식|계수비교|이차방정식|판별식|근과계수|이차함수|함수|그래프,44670f06e2ecf2d9134e3a651a59346e824a3374a0d8640028df7cc1e4ee4a14,9c8cc3b08a9f4b689d46be4d79fdb817464ee7c34f8cd548976cc7e1bc193e63,d41ea6521f53fb3dfa10cf72e2932f4405d9c999fa422cdc840d25d57e90dd34,3728c038f5afd4309e2cd956cab879fc838b46a614a01d955cf3b5d3884e145a,,,,,0,LOADED_VM,,NOT_STARTED,NOT_STARTED,NOT_STARTED,SVG_REQUIRED_MISSING,SVG_REQUIRED_MISSING,GRAPH_OR_FUNCTION_STRUCTURE|COORDINATE_OR_GEOMETRY_STRUCTURE|TABLE_OR_MATRIX_STRUCTURE,,GRAPH_CANDIDATE,NO_PROBLEM_VISUAL,REVIEW_REQUIRED,NONE,NOT_STARTED,,,,NOT_STARTED,NOT_STARTED,NOT_STARTED,NOT_TESTED,PASS,canonical_and_compiled_master_match,INVENTORY_PENDING,01_scope_inventory.csv#archive/exams/original/high/h1/1mid/26_매산고_1학기_중간_고1_기출c.js|26_매산고_1학기_중간_고1_기출|11,,INDEX_RECORD_PRESENT,original/high/h1/1mid/26_매산고_1학기_중간_고1_기출c.js_11,172df92b148a2490bbe736bb011d0001c94902f2070fce5f903a0bad25bf3b1d,true,④,IN_SCOPE_FORWARD,,,CLOSED_NO_SHARED_ASSET
archive/exams/original/high/h1/1mid/26_매산고_1학기_중간_고1_기출c.js|26_매산고_1학기_중간_고1_기출|14,archive/exams/original/high/h1/1mid/26_매산고_1학기_중간_고1_기출c.js,26_매산고_1학기_중간_고1_기출,14,14,14,2022,공통수학1,H22-C-05,이차방정식과 이차함수,5,H22-C-05-QUADRATIC_EQUATION,이차방정식,rule_inferred,complete_rule,객관식,grid,false,객관식|계수비교|이차방정식|판별식|근과계수|이차함수|최대최소|함수,4fd2a2d475bcf4cf43c42ffc9849125eca1c2af0ea4e2d728373b6a725b44f34,4c963952454c142b4adf320664cce63062d25ac8498961cd641bb072033661de,dfde05a3668030e99ca64d8d4ae5f6b64c7a87cee61c0ba43904b92ef210191d,c1199eeb8e13aeef1fa90e26bac6fb658c2352d215a60da408a27ccf05a4dba8,,,,,0,LOADED_VM,,NOT_STARTED,NOT_STARTED,NOT_STARTED,SVG_REQUIRED_MISSING,SVG_REQUIRED_MISSING,GRAPH_OR_FUNCTION_STRUCTURE|COORDINATE_OR_GEOMETRY_STRUCTURE|TABLE_OR_MATRIX_STRUCTURE,,GRAPH_CANDIDATE,NO_PROBLEM_VISUAL,REVIEW_REQUIRED,NONE,NOT_STARTED,,,,NOT_STARTED,NOT_STARTED,NOT_STARTED,NOT_TESTED,PASS,canonical_and_compiled_master_match,INVENTORY_PENDING,01_scope_inventory.csv#archive/exams/original/high/h1/1mid/26_매산고_1학기_중간_고1_기출c.js|26_매산고_1학기_중간_고1_기출|14,,INDEX_RECORD_PRESENT,original/high/h1/1mid/26_매산고_1학기_중간_고1_기출c.js_14,172df92b148a2490bbe736bb011d0001c94902f2070fce5f903a0bad25bf3b1d,true,②,IN_SCOPE_FORWARD,,,CLOSED_NO_SHARED_ASSET
archive/exams/original/high/h1/1mid/26_매산고_1학기_중간_고1_기출c.js|26_매산고_1학기_중간_고1_기출|15,archive/exams/original/high/h1/1mid/26_매산고_1학기_중간_고1_기출c.js,26_매산고_1학기_중간_고1_기출,15,15,15,2022,공통수학1,H22-C-05,이차방정식과 이차함수,5,H22-C-05-FUNCTION_BASIC,함수의 뜻과 그래프,category_or_cue_inferred,complete_category,객관식,grid,false,그래프,66a1e42957a3060943493c715fdf9630c699456d39ed93172e98c3679047cbf6,6edc325f9caff5d3440c8dbec132f589506cdc748d181145ce2e0e6e5584790e,d41ea6521f53fb3dfa10cf72e2932f4405d9c999fa422cdc840d25d57e90dd34,a3b192dfe84e99c4c707000eb34bbbf2a5f669c6a397a5a3d040dbd8e2087049,assets/images/26_매산고_1학기_중간_고1_기출/q15.png,dea77b7122161bdc560cddd72373cc3e6c73f13bee0a29f586ea57e015e008a2,,,0,LOADED_VM,,NOT_STARTED,NOT_STARTED,NOT_STARTED,SVG_REQUIRED_MISSING,SVG_REQUIRED_MISSING,GRAPH_OR_FUNCTION_STRUCTURE|COORDINATE_OR_GEOMETRY_STRUCTURE|TABLE_OR_MATRIX_STRUCTURE,,GRAPH_CANDIDATE,PROBLEM_VISUAL_PRESENT,REVIEW_REQUIRED,NONE,NOT_STARTED,,,,NOT_STARTED,NOT_STARTED,NOT_STARTED,NOT_TESTED,PASS,canonical_and_compiled_master_match,INVENTORY_PENDING,01_scope_inventory.csv#archive/exams/original/high/h1/1mid/26_매산고_1학기_중간_고1_기출c.js|26_매산고_1학기_중간_고1_기출|15,[object Object],INDEX_RECORD_PRESENT,original/high/h1/1mid/26_매산고_1학기_중간_고1_기출c.js_15,172df92b148a2490bbe736bb011d0001c94902f2070fce5f903a0bad25bf3b1d,true,④,IN_SCOPE_FORWARD,,,CLOSED_NO_SHARED_ASSET
archive/exams/original/high/h1/1mid/26_매산고_1학기_중간_고1_기출c.js|26_매산고_1학기_중간_고1_기출|18,archive/exams/original/high/h1/1mid/26_매산고_1학기_중간_고1_기출c.js,26_매산고_1학기_중간_고1_기출,18,18,18,2022,공통수학1,H22-C-05,이차방정식과 이차함수,5,H22-C-05-QUADRATIC_EQUATION,이차방정식,category_or_cue_inferred,complete_category,단답형,grid,false,서술형|이차방정식|판별식|이차함수|함수|그래프|표해석|좌표,e8ab6a7fe0c5fa989e1a8c173755587a25839069a5f5e1487bf7056d757e1348,4f53cda18c2baa0c0354bb5f9a3ecbe5ed12ab4d8e11ba873c2f11161202b945,ec11f19600fe7e78ec44341eec4c4b725f4000c6138d5404e9c2545dc27c2dad,57554d8dab704b9e62cea811737330ec61bc259f3a20bf81df54e0819b847de3,,,,,0,LOADED_VM,,NOT_STARTED,NOT_STARTED,NOT_STARTED,SVG_REQUIRED_MISSING,SVG_REQUIRED_MISSING,GRAPH_OR_FUNCTION_STRUCTURE|COORDINATE_OR_GEOMETRY_STRUCTURE|TABLE_OR_MATRIX_STRUCTURE,,GRAPH_CANDIDATE,NO_PROBLEM_VISUAL,REVIEW_REQUIRED,NONE,NOT_STARTED,,,,NOT_STARTED,NOT_STARTED,NOT_STARTED,NOT_TESTED,PASS,canonical_and_compiled_master_match,INVENTORY_PENDING,01_scope_inventory.csv#archive/exams/original/high/h1/1mid/26_매산고_1학기_중간_고1_기출c.js|26_매산고_1학기_중간_고1_기출|18,,INDEX_RECORD_PRESENT,original/high/h1/1mid/26_매산고_1학기_중간_고1_기출c.js_18,172df92b148a2490bbe736bb011d0001c94902f2070fce5f903a0bad25bf3b1d,true,$3 \lt t \lt 4$ 또는 $4 \lt t \lt \dfrac{21}{4}$ 또는 $\dfrac{21}{4} \lt t \lt \dfrac{25}{4}$,IN_SCOPE_FORWARD,,,CLOSED_NO_SHARED_ASSET
archive/exams/original/high/h1/1mid/26_매산고_1학기_중간_고1_기출c.js|26_매산고_1학기_중간_고1_기출|20,archive/exams/original/high/h1/1mid/26_매산고_1학기_중간_고1_기출c.js,26_매산고_1학기_중간_고1_기출,20,20,20,2022,공통수학1,H22-C-05,이차방정식과 이차함수,5,H22-C-05-QUADRATIC_FUNCTION_GRAPH,이차함수의 그래프,category_or_cue_inferred,complete_category,서술형,grid,false,서술형,fe079d6be326be45d2db58218d8dd42a4028c67ad2c7f00ee69d2f2fac8e78bb,4f53cda18c2baa0c0354bb5f9a3ecbe5ed12ab4d8e11ba873c2f11161202b945,9d93c54b5289dfbe328c8fa6a7c7bd2282bb56ce62fdb46cd7ed6b2020de165c,700f34a25d3bdc70a37e80b02da7e61af16b94a54170e3700a76c01090b56a36,,,,,0,LOADED_VM,,NOT_STARTED,NOT_STARTED,NOT_STARTED,SVG_REQUIRED_MISSING,SVG_REQUIRED_MISSING,GRAPH_OR_FUNCTION_STRUCTURE|COORDINATE_OR_GEOMETRY_STRUCTURE|TABLE_OR_MATRIX_STRUCTURE,,GRAPH_CANDIDATE,NO_PROBLEM_VISUAL,REVIEW_REQUIRED,NONE,NOT_STARTED,,,,NOT_STARTED,NOT_STARTED,NOT_STARTED,NOT_TESTED,PASS,canonical_and_compiled_master_match,INVENTORY_PENDING,01_scope_inventory.csv#archive/exams/original/high/h1/1mid/26_매산고_1학기_중간_고1_기출c.js|26_매산고_1학기_중간_고1_기출|20,,INDEX_RECORD_PRESENT,original/high/h1/1mid/26_매산고_1학기_중간_고1_기출c.js_20,172df92b148a2490bbe736bb011d0001c94902f2070fce5f903a0bad25bf3b1d,true,$\dfrac{26}{3}$,IN_SCOPE_FORWARD,,,CLOSED_NO_SHARED_ASSET
archive/exams/original/high/h1/1mid/26_매산여고_1학기_중간_고1_기출_c.js|26_매산여고_1학기_중간_고1_기출|6,archive/exams/original/high/h1/1mid/26_매산여고_1학기_중간_고1_기출_c.js,26_매산여고_1학기_중간_고1_기출,6,6,6,2022,공통수학1,H22-C-05,이차방정식과 이차함수,5,H22-C-05-QUADRATIC_FUNCTION_GRAPH,이차함수의 그래프,category_or_cue_inferred,complete_category,객관식,grid,false,객관식|이차방정식|이차함수|함수|그래프|조건해석|계산,05a7de089263c17763c240401efc7dd8c2648b3a758946f8d11a8929c96a96fb,cf0421cd33b17fd8786149c62dafdde62ac453eb5c14b5a7c2e356f1fc686d67,0bdef091c479702584f065d3a3714f8a76f851b3f0cf10912f345a5dd930b0a8,56cddc65a834d35abd670fc9c4a509b882d53e4c8323413918252912a7bf3d83,,,,,0,LOADED_VM,,NOT_STARTED,NOT_STARTED,NOT_STARTED,SVG_REQUIRED_MISSING,SVG_REQUIRED_MISSING,GRAPH_OR_FUNCTION_STRUCTURE|COORDINATE_OR_GEOMETRY_STRUCTURE|TABLE_OR_MATRIX_STRUCTURE,,GRAPH_CANDIDATE,NO_PROBLEM_VISUAL,REVIEW_REQUIRED,NONE,NOT_STARTED,,,,NOT_STARTED,NOT_STARTED,NOT_STARTED,NOT_TESTED,PASS,canonical_and_compiled_master_match,INVENTORY_PENDING,01_scope_inventory.csv#archive/exams/original/high/h1/1mid/26_매산여고_1학기_중간_고1_기출_c.js|26_매산여고_1학기_중간_고1_기출|6,,INDEX_RECORD_PRESENT,original/high/h1/1mid/26_매산여고_1학기_중간_고1_기출_c.js_6,a9a318f47c3942d7aca4b3e2e35182a434ed851b12ed63cfdc89984f0b585c36,true,⑤,IN_SCOPE_FORWARD,,,CLOSED_NO_SHARED_ASSET
archive/exams/original/high/h1/1mid/26_매산여고_1학기_중간_고1_기출_c.js|26_매산여고_1학기_중간_고1_기출|7,archive/exams/original/high/h1/1mid/26_매산여고_1학기_중간_고1_기출_c.js,26_매산여고_1학기_중간_고1_기출,7,7,7,2022,공통수학1,H22-C-05,이차방정식과 이차함수,5,H22-C-05-FUNCTION_BASIC,함수의 뜻과 그래프,category_or_cue_inferred,complete_category,객관식,grid,false,그래프,823e8b0c34c47dea0d667fb5f5aa7547d56fcba24104a8d7116d361b5da77579,3cc19e370a6671b60f17396fd032ed6593aa1547f8af80d6ab8d949018911b5e,dfde05a3668030e99ca64d8d4ae5f6b64c7a87cee61c0ba43904b92ef210191d,6900047db61ade5a6daf73e3c9e716f1240444ad8a8ec407b2af2835c722fd37,,,,,0,LOADED_VM,,NOT_STARTED,NOT_STARTED,NOT_STARTED,SVG_REQUIRED_MISSING,SVG_REQUIRED_MISSING,GRAPH_OR_FUNCTION_STRUCTURE|COORDINATE_OR_GEOMETRY_STRUCTURE|TABLE_OR_MATRIX_STRUCTURE,,GRAPH_CANDIDATE,NO_PROBLEM_VISUAL,REVIEW_REQUIRED,NONE,NOT_STARTED,,,,NOT_STARTED,NOT_STARTED,NOT_STARTED,NOT_TESTED,PASS,canonical_and_compiled_master_match,INVENTORY_PENDING,01_scope_inventory.csv#archive/exams/original/high/h1/1mid/26_매산여고_1학기_중간_고1_기출_c.js|26_매산여고_1학기_중간_고1_기출|7,,INDEX_RECORD_PRESENT,original/high/h1/1mid/26_매산여고_1학기_중간_고1_기출_c.js_7,a9a318f47c3942d7aca4b3e2e35182a434ed851b12ed63cfdc89984f0b585c36,true,②,IN_SCOPE_FORWARD,,,CLOSED_NO_SHARED_ASSET
archive/exams/original/high/h1/1mid/26_매산여고_1학기_중간_고1_기출_c.js|26_매산여고_1학기_중간_고1_기출|13,archive/exams/original/high/h1/1mid/26_매산여고_1학기_중간_고1_기출_c.js,26_매산여고_1학기_중간_고1_기출,13,13,13,2022,공통수학1,H22-C-05,이차방정식과 이차함수,5,H22-C-05-FUNCTION_BASIC,함수의 뜻과 그래프,category_or_cue_inferred,complete_category,객관식,grid,false,객관식|이차방정식|이차함수|최대최소|함수|그래프|자연수조건|조건해석,c6a72d32343e6ee3ed2a7df5de30b0eef7b25e8a6414414c378edb3de5ee47d0,2438ff46d4d2426e0fd79d8140c880dac6fbc0449d20e49d29242f54644241e7,d41ea6521f53fb3dfa10cf72e2932f4405d9c999fa422cdc840d25d57e90dd34,fd27b806cda3b9ffcd509817abe5e8ffbc784edd8a81f13f348e6066a2778022,,,,,0,LOADED_VM,,NOT_STARTED,NOT_STARTED,NOT_STARTED,SVG_REQUIRED_MISSING,SVG_REQUIRED_MISSING,GRAPH_OR_FUNCTION_STRUCTURE|COORDINATE_OR_GEOMETRY_STRUCTURE|TABLE_OR_MATRIX_STRUCTURE,,GRAPH_CANDIDATE,NO_PROBLEM_VISUAL,REVIEW_REQUIRED,NONE,NOT_STARTED,,,,NOT_STARTED,NOT_STARTED,NOT_STARTED,NOT_TESTED,PASS,canonical_and_compiled_master_match,INVENTORY_PENDING,01_scope_inventory.csv#archive/exams/original/high/h1/1mid/26_매산여고_1학기_중간_고1_기출_c.js|26_매산여고_1학기_중간_고1_기출|13,,INDEX_RECORD_PRESENT,original/high/h1/1mid/26_매산여고_1학기_중간_고1_기출_c.js_13,a9a318f47c3942d7aca4b3e2e35182a434ed851b12ed63cfdc89984f0b585c36,true,④,IN_SCOPE_FORWARD,,,CLOSED_NO_SHARED_ASSET
archive/exams/original/high/h1/1mid/26_매산여고_1학기_중간_고1_기출_c.js|26_매산여고_1학기_중간_고1_기출|14,archive/exams/original/high/h1/1mid/26_매산여고_1학기_중간_고1_기출_c.js,26_매산여고_1학기_중간_고1_기출,14,14,14,2022,공통수학1,H22-C-05,이차방정식과 이차함수,5,H22-C-05-FUNCTION_BASIC,함수의 뜻과 그래프,category_or_cue_inferred,complete_category,객관식,grid,false,그래프,5d8d5b88eb98aae9afa24f1d1580db8e81f5dfa41c2c935243fe0345013f2fec,c966b6df55c5a32362cb8407f0aadfb3e022d184cbe15a9afab84404994b9a63,973d2fd2f97e26a666f403b12da6d87e527985b36bcf4ff0a47c7e7e8c36321a,4ff48c4ffae0995f4f3f8cb50562a60c8b92a4a44d55400d66b812be2e2f114e,,,,,0,LOADED_VM,,NOT_STARTED,NOT_STARTED,NOT_STARTED,SVG_REQUIRED_MISSING,SVG_REQUIRED_MISSING,GRAPH_OR_FUNCTION_STRUCTURE|COORDINATE_OR_GEOMETRY_STRUCTURE|TABLE_OR_MATRIX_STRUCTURE,,GRAPH_CANDIDATE,NO_PROBLEM_VISUAL,REVIEW_REQUIRED,NONE,NOT_STARTED,,,,NOT_STARTED,NOT_STARTED,NOT_STARTED,NOT_TESTED,PASS,canonical_and_compiled_master_match,INVENTORY_PENDING,01_scope_inventory.csv#archive/exams/original/high/h1/1mid/26_매산여고_1학기_중간_고1_기출_c.js|26_매산여고_1학기_중간_고1_기출|14,,INDEX_RECORD_PRESENT,original/high/h1/1mid/26_매산여고_1학기_중간_고1_기출_c.js_14,a9a318f47c3942d7aca4b3e2e35182a434ed851b12ed63cfdc89984f0b585c36,true,①,IN_SCOPE_FORWARD,,,CLOSED_NO_SHARED_ASSET
archive/exams/original/high/h1/1mid/26_매산여고_1학기_중간_고1_기출_c.js|26_매산여고_1학기_중간_고1_기출|19,archive/exams/original/high/h1/1mid/26_매산여고_1학기_중간_고1_기출_c.js,26_매산여고_1학기_중간_고1_기출,19,19,19,2022,공통수학1,H22-C-05,이차방정식과 이차함수,5,H22-C-05-FUNCTION_BASIC,함수의 뜻과 그래프,category_or_cue_inferred,complete_category,객관식,grid,false,그래프|도형,dbab2229cf11745b2ad8c11c70368de5312adaceca2514865d33f9d4a96ef936,62a990926d9ee095fed2e483128b99475b0a94c02b5a3c38791f6cb7328595c1,973d2fd2f97e26a666f403b12da6d87e527985b36bcf4ff0a47c7e7e8c36321a,a5f7d463c9d462355c472302f08c19127e57af4d2ecf4781fa600a4f24c2eb3a,,,,,0,LOADED_VM,,NOT_STARTED,NOT_STARTED,NOT_STARTED,SVG_REQUIRED_MISSING,SVG_REQUIRED_MISSING,GRAPH_OR_FUNCTION_STRUCTURE|COORDINATE_OR_GEOMETRY_STRUCTURE|TABLE_OR_MATRIX_STRUCTURE,,GRAPH_CANDIDATE,NO_PROBLEM_VISUAL,REVIEW_REQUIRED,NONE,NOT_STARTED,,,,NOT_STARTED,NOT_STARTED,NOT_STARTED,NOT_TESTED,PASS,canonical_and_compiled_master_match,INVENTORY_PENDING,01_scope_inventory.csv#archive/exams/original/high/h1/1mid/26_매산여고_1학기_중간_고1_기출_c.js|26_매산여고_1학기_중간_고1_기출|19,,INDEX_RECORD_PRESENT,original/high/h1/1mid/26_매산여고_1학기_중간_고1_기출_c.js_19,a9a318f47c3942d7aca4b3e2e35182a434ed851b12ed63cfdc89984f0b585c36,true,①,IN_SCOPE_FORWARD,,,CLOSED_NO_SHARED_ASSET
archive/exams/original/high/h1/1mid/26_매산여고_1학기_중간_고1_기출_c.js|26_매산여고_1학기_중간_고1_기출|20,archive/exams/original/high/h1/1mid/26_매산여고_1학기_중간_고1_기출_c.js,26_매산여고_1학기_중간_고1_기출,20,20,20,2022,공통수학1,H22-C-05,이차방정식과 이차함수,5,H22-C-05-EQUATION_BASIC,방정식의 풀이,category_or_cue_inferred,complete_category,객관식,grid,false,표,cf3640971757c629a357fda872e4eb2b6d280ca1443111ecd5e72f11ef7dea84,89d30c64f68553ff21c9f33ef84961e49b86b7eb0ec99208341106adef0aa365,b15be6cb71072b84f7e1e198ce023fc5bb8b1e625335904ddcf3cffcd8b7312b,d16d5d9884d57a5ec5c633b755476b3066f3038343214af1f318d95b2e6a7c28,,,,,0,LOADED_VM,,NOT_STARTED,NOT_STARTED,NOT_STARTED,SVG_REQUIRED_MISSING,SVG_REQUIRED_MISSING,TABLE_OR_MATRIX_STRUCTURE,,VISUAL_CANDIDATE,NO_PROBLEM_VISUAL,SCHEMATIC_OR_REVIEW,NONE,NOT_STARTED,,,,NOT_STARTED,NOT_STARTED,NOT_STARTED,NOT_TESTED,PASS,canonical_and_compiled_master_match,INVENTORY_PENDING,01_scope_inventory.csv#archive/exams/original/high/h1/1mid/26_매산여고_1학기_중간_고1_기출_c.js|26_매산여고_1학기_중간_고1_기출|20,,INDEX_RECORD_PRESENT,original/high/h1/1mid/26_매산여고_1학기_중간_고1_기출_c.js_20,a9a318f47c3942d7aca4b3e2e35182a434ed851b12ed63cfdc89984f0b585c36,true,③,IN_SCOPE_FORWARD,,,CLOSED_NO_SHARED_ASSET
archive/exams/original/high/h1/1mid/26_매산여고_1학기_중간_고1_기출_c.js|26_매산여고_1학기_중간_고1_기출|22,archive/exams/original/high/h1/1mid/26_매산여고_1학기_중간_고1_기출_c.js,26_매산여고_1학기_중간_고1_기출,22,22,22,2022,공통수학1,H22-C-05,이차방정식과 이차함수,5,H22-C-05-QUADRATIC_FUNCTION_GRAPH,이차함수의 그래프,category_or_cue_inferred,complete_category,서술형,grid,false,서술형|도형,55ff4c2512f15bd06b7a924a397d6fb7b60aae3f51501ccffd729fecc1913317,4f53cda18c2baa0c0354bb5f9a3ecbe5ed12ab4d8e11ba873c2f11161202b945,986b79d4b69dffb1d19836f47b27073d95bf55201b3385aceb7e0687a21d8667,74f545012fb0b7e68ca9314a9086d4af03193ba60996a00d5906e4d30871681f,assets/images/26_매산여고_1학기_중간_고1_기출/q22.png,13d5601aade7be9f26a9f6055e45eb5500bf677a0504aebb48eabbfa1af4c503,,,0,LOADED_VM,,NOT_STARTED,NOT_STARTED,NOT_STARTED,SVG_REQUIRED_MISSING,SVG_REQUIRED_MISSING,GRAPH_OR_FUNCTION_STRUCTURE|COORDINATE_OR_GEOMETRY_STRUCTURE,,GRAPH_CANDIDATE,PROBLEM_VISUAL_PRESENT,REVIEW_REQUIRED,NONE,NOT_STARTED,,,,NOT_STARTED,NOT_STARTED,NOT_STARTED,NOT_TESTED,PASS,canonical_and_compiled_master_match,INVENTORY_PENDING,01_scope_inventory.csv#archive/exams/original/high/h1/1mid/26_매산여고_1학기_중간_고1_기출_c.js|26_매산여고_1학기_중간_고1_기출|22,[object Object],INDEX_RECORD_PRESENT,original/high/h1/1mid/26_매산여고_1학기_중간_고1_기출_c.js_22,a9a318f47c3942d7aca4b3e2e35182a434ed851b12ed63cfdc89984f0b585c36,true,9,IN_SCOPE_FORWARD,,,CLOSED_NO_SHARED_ASSET
archive/exams/original/high/h1/1mid/26_팔마고_1학기_중간_고1_기출_c.js|26_팔마고_1학기_중간_고1_기출|4,archive/exams/original/high/h1/1mid/26_팔마고_1학기_중간_고1_기출_c.js,26_팔마고_1학기_중간_고1_기출,4,4,4,2022,공통수학1,H22-C-05,이차방정식과 이차함수,5,H22-C-05-QUADRATIC_FUNCTION_GRAPH,이차함수의 그래프,category_or_cue_inferred,complete_category,객관식,grid,false,객관식|이차방정식|이차함수|최대최소|함수|그래프|정수조건|계산,6d607d511368fd94e6c30e728834636d6e98a78bcff8c219c9f907f5e0654fc5,119a6d81cf8b830697ba7ba1e4042113a222c8a082c3619f03f917d8c647f06f,b15be6cb71072b84f7e1e198ce023fc5bb8b1e625335904ddcf3cffcd8b7312b,c6960f56a13a852052e2a837eed0f24ef22432c197eaeb6247a5e78e728edaba,,,,,0,LOADED_VM,,NOT_STARTED,NOT_STARTED,NOT_STARTED,SVG_REQUIRED_MISSING,SVG_REQUIRED_MISSING,GRAPH_OR_FUNCTION_STRUCTURE|COORDINATE_OR_GEOMETRY_STRUCTURE|TABLE_OR_MATRIX_STRUCTURE,,GRAPH_CANDIDATE,NO_PROBLEM_VISUAL,REVIEW_REQUIRED,NONE,NOT_STARTED,,,,NOT_STARTED,NOT_STARTED,NOT_STARTED,NOT_TESTED,PASS,canonical_and_compiled_master_match,INVENTORY_PENDING,01_scope_inventory.csv#archive/exams/original/high/h1/1mid/26_팔마고_1학기_중간_고1_기출_c.js|26_팔마고_1학기_중간_고1_기출|4,,INDEX_RECORD_PRESENT,original/high/h1/1mid/26_팔마고_1학기_중간_고1_기출_c.js_4,82ad8e7b7275f3870fadc87455beebce75219f1fe8c040a61d6e4aeccfa3ee0e,true,③,IN_SCOPE_FORWARD,,,CLOSED_NO_SHARED_ASSET
archive/exams/original/high/h1/1mid/26_팔마고_1학기_중간_고1_기출_c.js|26_팔마고_1학기_중간_고1_기출|5,archive/exams/original/high/h1/1mid/26_팔마고_1학기_중간_고1_기출_c.js,26_팔마고_1학기_중간_고1_기출,5,5,5,2022,공통수학1,H22-C-05,이차방정식과 이차함수,5,H22-C-05-FUNCTION_BASIC,함수의 뜻과 그래프,category_or_cue_inferred,complete_category,객관식,grid,false,객관식|절댓값|이차방정식|이차함수|함수|그래프|계산,aa108556b3de1489623724434d19d4f93bc95c1cf29847df6406a922be84d484,74bf0203921d923df37a75d01761062a5fc451c0cba7ad74bbadd890a7ed7e72,0bdef091c479702584f065d3a3714f8a76f851b3f0cf10912f345a5dd930b0a8,56cddc65a834d35abd670fc9c4a509b882d53e4c8323413918252912a7bf3d83,,,,,0,LOADED_VM,,NOT_STARTED,NOT_STARTED,NOT_STARTED,SVG_REQUIRED_MISSING,SVG_REQUIRED_MISSING,GRAPH_OR_FUNCTION_STRUCTURE|COORDINATE_OR_GEOMETRY_STRUCTURE|TABLE_OR_MATRIX_STRUCTURE,,GRAPH_CANDIDATE,NO_PROBLEM_VISUAL,REVIEW_REQUIRED,NONE,NOT_STARTED,,,,NOT_STARTED,NOT_STARTED,NOT_STARTED,NOT_TESTED,PASS,canonical_and_compiled_master_match,INVENTORY_PENDING,01_scope_inventory.csv#archive/exams/original/high/h1/1mid/26_팔마고_1학기_중간_고1_기출_c.js|26_팔마고_1학기_중간_고1_기출|5,,INDEX_RECORD_PRESENT,original/high/h1/1mid/26_팔마고_1학기_중간_고1_기출_c.js_5,82ad8e7b7275f3870fadc87455beebce75219f1fe8c040a61d6e4aeccfa3ee0e,true,⑤,IN_SCOPE_FORWARD,,,CLOSED_NO_SHARED_ASSET
archive/exams/original/high/h1/1mid/26_팔마고_1학기_중간_고1_기출_c.js|26_팔마고_1학기_중간_고1_기출|9,archive/exams/original/high/h1/1mid/26_팔마고_1학기_중간_고1_기출_c.js,26_팔마고_1학기_중간_고1_기출,9,9,9,2022,공통수학1,H22-C-05,이차방정식과 이차함수,5,H22-C-05-QUADRATIC_FUNCTION_GRAPH,이차함수의 그래프,category_or_cue_inferred,complete_category,객관식,grid,false,그래프|도형,25850478556df199ed99f292fd5676adcd53fc46c25eee68235b0a2cec0d6e93,72dc7bd72299b1b5f530e8cbc7ff6d4a20bcce2b38269d7a5a8a208a72ee855e,0bdef091c479702584f065d3a3714f8a76f851b3f0cf10912f345a5dd930b0a8,56cddc65a834d35abd670fc9c4a509b882d53e4c8323413918252912a7bf3d83,assets/images/26_팔마고_1학기_중간_고1_기출/q9.png,419838e2abd3e850932aeee27598429a5448b5a0693392a42f30f90c21413961,,,0,LOADED_VM,,NOT_STARTED,NOT_STARTED,NOT_STARTED,SVG_REQUIRED_MISSING,SVG_REQUIRED_MISSING,GRAPH_OR_FUNCTION_STRUCTURE|COORDINATE_OR_GEOMETRY_STRUCTURE|TABLE_OR_MATRIX_STRUCTURE,,GRAPH_CANDIDATE,PROBLEM_VISUAL_PRESENT,REVIEW_REQUIRED,NONE,NOT_STARTED,,,,NOT_STARTED,NOT_STARTED,NOT_STARTED,NOT_TESTED,PASS,canonical_and_compiled_master_match,INVENTORY_PENDING,01_scope_inventory.csv#archive/exams/original/high/h1/1mid/26_팔마고_1학기_중간_고1_기출_c.js|26_팔마고_1학기_중간_고1_기출|9,[object Object],INDEX_RECORD_PRESENT,original/high/h1/1mid/26_팔마고_1학기_중간_고1_기출_c.js_9,82ad8e7b7275f3870fadc87455beebce75219f1fe8c040a61d6e4aeccfa3ee0e,true,⑤,IN_SCOPE_FORWARD,,,CLOSED_NO_SHARED_ASSET
archive/exams/original/high/h1/1mid/26_팔마고_1학기_중간_고1_기출_c.js|26_팔마고_1학기_중간_고1_기출|15,archive/exams/original/high/h1/1mid/26_팔마고_1학기_중간_고1_기출_c.js,26_팔마고_1학기_중간_고1_기출,15,15,15,2022,공통수학1,H22-C-05,이차방정식과 이차함수,5,H22-C-05-FUNCTION_BASIC,함수의 뜻과 그래프,category_or_cue_inferred,complete_category,객관식,grid,false,표,9c2545e3a76a787ed0ba54d792643562de424855adf9bf73aa2ef85b6954849c,25032933ac009eb1855af9344f4bf669afc6c630c741604820427dbfc03ee156,0bdef091c479702584f065d3a3714f8a76f851b3f0cf10912f345a5dd930b0a8,56cddc65a834d35abd670fc9c4a509b882d53e4c8323413918252912a7bf3d83,,,,,0,LOADED_VM,,NOT_STARTED,NOT_STARTED,NOT_STARTED,SVG_REQUIRED_MISSING,SVG_REQUIRED_MISSING,GRAPH_OR_FUNCTION_STRUCTURE|COORDINATE_OR_GEOMETRY_STRUCTURE|TABLE_OR_MATRIX_STRUCTURE,,GRAPH_CANDIDATE,NO_PROBLEM_VISUAL,REVIEW_REQUIRED,NONE,NOT_STARTED,,,,NOT_STARTED,NOT_STARTED,NOT_STARTED,NOT_TESTED,PASS,canonical_and_compiled_master_match,INVENTORY_PENDING,01_scope_inventory.csv#archive/exams/original/high/h1/1mid/26_팔마고_1학기_중간_고1_기출_c.js|26_팔마고_1학기_중간_고1_기출|15,,INDEX_RECORD_PRESENT,original/high/h1/1mid/26_팔마고_1학기_중간_고1_기출_c.js_15,82ad8e7b7275f3870fadc87455beebce75219f1fe8c040a61d6e4aeccfa3ee0e,true,⑤,IN_SCOPE_FORWARD,,,CLOSED_NO_SHARED_ASSET
archive/exams/original/high/h1/1mid/26_팔마고_1학기_중간_고1_기출_c.js|26_팔마고_1학기_중간_고1_기출|22,archive/exams/original/high/h1/1mid/26_팔마고_1학기_중간_고1_기출_c.js,26_팔마고_1학기_중간_고1_기출,22,22,22,2022,공통수학1,H22-C-05,이차방정식과 이차함수,5,H22-C-05-FUNCTION_BASIC,함수의 뜻과 그래프,category_or_cue_inferred,complete_category,서술형,grid,false,서술형|그래프,c312ae27eb84e8a331d0e1bf2a31cbac570aade203718d0f358867c7b95689a4,4f53cda18c2baa0c0354bb5f9a3ecbe5ed12ab4d8e11ba873c2f11161202b945,21cee27a52b79f89fa2ccbfe8436f7fd5285a4f88027d07fc9a591f7a3178e80,7255a7b9e35f52edef5cd3055400dcd172d57ea16c080c1773d8617ddcec1d6b,,,,,0,LOADED_VM,,NOT_STARTED,NOT_STARTED,NOT_STARTED,SVG_REQUIRED_MISSING,SVG_REQUIRED_MISSING,GRAPH_OR_FUNCTION_STRUCTURE|COORDINATE_OR_GEOMETRY_STRUCTURE|TABLE_OR_MATRIX_STRUCTURE,,GRAPH_CANDIDATE,NO_PROBLEM_VISUAL,REVIEW_REQUIRED,NONE,NOT_STARTED,,,,NOT_STARTED,NOT_STARTED,NOT_STARTED,NOT_TESTED,PASS,canonical_and_compiled_master_match,INVENTORY_PENDING,01_scope_inventory.csv#archive/exams/original/high/h1/1mid/26_팔마고_1학기_중간_고1_기출_c.js|26_팔마고_1학기_중간_고1_기출|22,,INDEX_RECORD_PRESENT,original/high/h1/1mid/26_팔마고_1학기_중간_고1_기출_c.js_22,82ad8e7b7275f3870fadc87455beebce75219f1fe8c040a61d6e4aeccfa3ee0e,true,25,IN_SCOPE_FORWARD,,,CLOSED_NO_SHARED_ASSET
archive/exams/original/high/h1/1mid/26_효천고_1학기_중간_고1_기출c.js|26_효천고_1학기_중간_고1_기출|9,archive/exams/original/high/h1/1mid/26_효천고_1학기_중간_고1_기출c.js,26_효천고_1학기_중간_고1_기출,9,9,9,2022,공통수학1,H22-C-05,이차방정식과 이차함수,5,H22-C-05-FUNCTION_BASIC,함수의 뜻과 그래프,category_or_cue_inferred,complete_category,객관식,grid,false,그래프,7824db81bf083e8f988214562269c3b34c37ae24b89df8133bfed0f9d42dada2,a6f2fbcaf1dc1a8c9f0b4169c4b26af3e90a7d1a664fd438e4c820269facbb8b,dfde05a3668030e99ca64d8d4ae5f6b64c7a87cee61c0ba43904b92ef210191d,e8d7565e52d478c595a50155706c98b8b0f7deb7b08d36ea2ff47f1a9d5957cc,,,,,0,LOADED_VM,,NOT_STARTED,NOT_STARTED,NOT_STARTED,SVG_REQUIRED_MISSING,SVG_REQUIRED_MISSING,GRAPH_OR_FUNCTION_STRUCTURE|COORDINATE_OR_GEOMETRY_STRUCTURE,,GRAPH_CANDIDATE,NO_PROBLEM_VISUAL,REVIEW_REQUIRED,NONE,NOT_STARTED,,,,NOT_STARTED,NOT_STARTED,NOT_STARTED,NOT_TESTED,PASS,canonical_and_compiled_master_match,INVENTORY_PENDING,01_scope_inventory.csv#archive/exams/original/high/h1/1mid/26_효천고_1학기_중간_고1_기출c.js|26_효천고_1학기_중간_고1_기출|9,,INDEX_RECORD_PRESENT,original/high/h1/1mid/26_효천고_1학기_중간_고1_기출c.js_9,db242d2a18658e80729453eddca0c3643dc5235cd920a784afcd70d993cc7501,true,②,IN_SCOPE_FORWARD,,,CLOSED_NO_SHARED_ASSET
archive/exams/original/high/h1/1mid/26_효천고_1학기_중간_고1_기출c.js|26_효천고_1학기_중간_고1_기출|15,archive/exams/original/high/h1/1mid/26_효천고_1학기_중간_고1_기출c.js,26_효천고_1학기_중간_고1_기출,15,15,15,2022,공통수학1,H22-C-05,이차방정식과 이차함수,5,H22-C-05-FUNCTION_BASIC,함수의 뜻과 그래프,category_or_cue_inferred,complete_category,객관식,grid,false,그래프,459eaf0b7171353cec416991aef15367ad7fc16fce16501670f8436fdd155b2e,c89738baed4db8dfcd2201e912cbf264e0fff457e3e606593d1e82622f6b9e89,0bdef091c479702584f065d3a3714f8a76f851b3f0cf10912f345a5dd930b0a8,e9197bf8cec2e40839818745d61c318b90dad3ee3d166d4598e7490c5e28d2ae,assets/images/26_효천고_1학기_중간_고1_기출/q15.png,c4fcf2612cf68e886f8402fec38e5d9db75923e8a8ef3d4fdad9568712c5a403,,,0,LOADED_VM,,NOT_STARTED,NOT_STARTED,NOT_STARTED,SVG_REQUIRED_MISSING,SVG_REQUIRED_MISSING,GRAPH_OR_FUNCTION_STRUCTURE|COORDINATE_OR_GEOMETRY_STRUCTURE,,GRAPH_CANDIDATE,PROBLEM_VISUAL_PRESENT,REVIEW_REQUIRED,NONE,NOT_STARTED,,,,NOT_STARTED,NOT_STARTED,NOT_STARTED,NOT_TESTED,PASS,canonical_and_compiled_master_match,INVENTORY_PENDING,01_scope_inventory.csv#archive/exams/original/high/h1/1mid/26_효천고_1학기_중간_고1_기출c.js|26_효천고_1학기_중간_고1_기출|15,[object Object],INDEX_RECORD_PRESENT,original/high/h1/1mid/26_효천고_1학기_중간_고1_기출c.js_15,db242d2a18658e80729453eddca0c3643dc5235cd920a784afcd70d993cc7501,true,⑤,IN_SCOPE_FORWARD,,,CLOSED_NO_SHARED_ASSET
archive/exams/original/high/h1/1mid/26_효천고_1학기_중간_고1_기출c.js|26_효천고_1학기_중간_고1_기출|17,archive/exams/original/high/h1/1mid/26_효천고_1학기_중간_고1_기출c.js,26_효천고_1학기_중간_고1_기출,17,17,17,2022,공통수학1,H22-C-05,이차방정식과 이차함수,5,H22-C-05-QUADRATIC_FUNCTION_GRAPH,이차함수의 그래프,category_or_cue_inferred,complete_category,객관식,grid,false,객관식|이차방정식|이차함수|최대최소|함수|범위|조건해석|계산,0ab01e1270ba0829b9dbd42ef6ba93df758ed67a78436262dd1e5f48a82af8ac,795cfd58741e8d6653064f4b6397fd24636879021c41dda8dfaed61f6b6f63b9,b15be6cb71072b84f7e1e198ce023fc5bb8b1e625335904ddcf3cffcd8b7312b,88ce9e68979087c5293d4bf2b1f110d1fdf962789476204c021a675a48fb7c16,,,,,0,LOADED_VM,,NOT_STARTED,NOT_STARTED,NOT_STARTED,SVG_REQUIRED_MISSING,SVG_REQUIRED_MISSING,GRAPH_OR_FUNCTION_STRUCTURE,,GRAPH_CANDIDATE,NO_PROBLEM_VISUAL,REVIEW_REQUIRED,NONE,NOT_STARTED,,,,NOT_STARTED,NOT_STARTED,NOT_STARTED,NOT_TESTED,PASS,canonical_and_compiled_master_match,INVENTORY_PENDING,01_scope_inventory.csv#archive/exams/original/high/h1/1mid/26_효천고_1학기_중간_고1_기출c.js|26_효천고_1학기_중간_고1_기출|17,,INDEX_RECORD_PRESENT,original/high/h1/1mid/26_효천고_1학기_중간_고1_기출c.js_17,db242d2a18658e80729453eddca0c3643dc5235cd920a784afcd70d993cc7501,true,③,IN_SCOPE_FORWARD,,,CLOSED_NO_SHARED_ASSET
archive/exams/original/high/h1/1mid/26_효천고_1학기_중간_고1_기출c.js|26_효천고_1학기_중간_고1_기출|18,archive/exams/original/high/h1/1mid/26_효천고_1학기_중간_고1_기출c.js,26_효천고_1학기_중간_고1_기출,18,18,18,2022,공통수학1,H22-C-05,이차방정식과 이차함수,5,H22-C-05-QUADRATIC_FUNCTION_GRAPH,이차함수의 그래프,category_or_cue_inferred,complete_category,객관식,grid,false,도형|그래프,5aa16a0342d7878b9040d1fd0b78ceca0b1db9d2fa1f6c941d7dcf113439b3b9,b7163f86b6fc43e1af5e6c4972b9a79df404a223b972324dc19061a05ff3a752,dfde05a3668030e99ca64d8d4ae5f6b64c7a87cee61c0ba43904b92ef210191d,3fa17912a68c7e19b6976afcecf074948330f8a2eb38d695c1d8c4275ed0af29,assets/images/26_효천고_1학기_중간_고1_기출/q18.png,5589ca145bffecdc650c6fa26292b1f1f52855206d38082d502024ea635b3f72,,,0,LOADED_VM,,NOT_STARTED,NOT_STARTED,NOT_STARTED,SVG_REQUIRED_MISSING,SVG_REQUIRED_MISSING,GRAPH_OR_FUNCTION_STRUCTURE|COORDINATE_OR_GEOMETRY_STRUCTURE|TABLE_OR_MATRIX_STRUCTURE,,GRAPH_CANDIDATE,PROBLEM_VISUAL_PRESENT,REVIEW_REQUIRED,NONE,NOT_STARTED,,,,NOT_STARTED,NOT_STARTED,NOT_STARTED,NOT_TESTED,PASS,canonical_and_compiled_master_match,INVENTORY_PENDING,01_scope_inventory.csv#archive/exams/original/high/h1/1mid/26_효천고_1학기_중간_고1_기출c.js|26_효천고_1학기_중간_고1_기출|18,[object Object],INDEX_RECORD_PRESENT,original/high/h1/1mid/26_효천고_1학기_중간_고1_기출c.js_18,db242d2a18658e80729453eddca0c3643dc5235cd920a784afcd70d993cc7501,true,②,IN_SCOPE_FORWARD,,,CLOSED_NO_SHARED_ASSET
archive/exams/original/high/h1/1mid/26_효천고_1학기_중간_고1_기출c.js|26_효천고_1학기_중간_고1_기출|25,archive/exams/original/high/h1/1mid/26_효천고_1학기_중간_고1_기출c.js,26_효천고_1학기_중간_고1_기출,25,25,25,2022,공통수학1,H22-C-05,이차방정식과 이차함수,5,H22-C-05-FUNCTION_BASIC,함수의 뜻과 그래프,category_or_cue_inferred,complete_category,서술형,grid,false,서술형,c2778a325b43a7b456da5b2ff28eea651629d02341040992c93d4387a23b9707,4f53cda18c2baa0c0354bb5f9a3ecbe5ed12ab4d8e11ba873c2f11161202b945,92e9e7e5922d26e17e48f0869ab25cc99499fdab722c065de8e0965c96c68e86,88caec0f4e6d47dfb33a58a2b3bc4714c97aa093f42411bf2643e5c4e62f65aa,,,,,0,LOADED_VM,,NOT_STARTED,NOT_STARTED,NOT_STARTED,SVG_REQUIRED_MISSING,SVG_REQUIRED_MISSING,GRAPH_OR_FUNCTION_STRUCTURE|COORDINATE_OR_GEOMETRY_STRUCTURE,,GRAPH_CANDIDATE,NO_PROBLEM_VISUAL,REVIEW_REQUIRED,NONE,NOT_STARTED,,,,NOT_STARTED,NOT_STARTED,NOT_STARTED,NOT_TESTED,PASS,canonical_and_compiled_master_match,INVENTORY_PENDING,01_scope_inventory.csv#archive/exams/original/high/h1/1mid/26_효천고_1학기_중간_고1_기출c.js|26_효천고_1학기_중간_고1_기출|25,,INDEX_RECORD_PRESENT,original/high/h1/1mid/26_효천고_1학기_중간_고1_기출c.js_25,db242d2a18658e80729453eddca0c3643dc5235cd920a784afcd70d993cc7501,true,6,IN_SCOPE_FORWARD,,,CLOSED_NO_SHARED_ASSET
archive/exams/original/high/h1/1mid/26_효천고_1학기_중간_고1_기출c.js|26_효천고_1학기_중간_고1_기출|26,archive/exams/original/high/h1/1mid/26_효천고_1학기_중간_고1_기출c.js,26_효천고_1학기_중간_고1_기출,26,26,26,2022,공통수학1,H22-C-05,이차방정식과 이차함수,5,H22-C-05-FUNCTION_BASIC,함수의 뜻과 그래프,category_or_cue_inferred,complete_category,서술형,grid,false,서술형,0785e590ca95358329d5514d54e772f6726f4460e1db0be3158e9bf7913397b1,4f53cda18c2baa0c0354bb5f9a3ecbe5ed12ab4d8e11ba873c2f11161202b945,cb611158206a984d901a13373eea9671f8bf22934ce9af097da8effe5b0c156f,eb4f7e95b571a21f91f5570e089b958cb3708bb38be0f5f21fc58893de98f7f2,,,,,0,LOADED_VM,,NOT_STARTED,NOT_STARTED,NOT_STARTED,SVG_REQUIRED_MISSING,SVG_REQUIRED_MISSING,GRAPH_OR_FUNCTION_STRUCTURE|COORDINATE_OR_GEOMETRY_STRUCTURE,,GRAPH_CANDIDATE,NO_PROBLEM_VISUAL,REVIEW_REQUIRED,NONE,NOT_STARTED,,,,NOT_STARTED,NOT_STARTED,NOT_STARTED,NOT_TESTED,PASS,canonical_and_compiled_master_match,INVENTORY_PENDING,01_scope_inventory.csv#archive/exams/original/high/h1/1mid/26_효천고_1학기_중간_고1_기출c.js|26_효천고_1학기_중간_고1_기출|26,,INDEX_RECORD_PRESENT,original/high/h1/1mid/26_효천고_1학기_중간_고1_기출c.js_26,db242d2a18658e80729453eddca0c3643dc5235cd920a784afcd70d993cc7501,true,-4.5,IN_SCOPE_FORWARD,,,CLOSED_NO_SHARED_ASSET
archive/exams/original/high/h1/2mid/23_금당고_2학기_중간_고1_기출.js|23_금당고_2학기_중간_고1_기출|17,archive/exams/original/high/h1/2mid/23_금당고_2학기_중간_고1_기출.js,23_금당고_2학기_중간_고1_기출,17,17,17,2015,수학(상),H15-SA-05,이차방정식,5,H15-SA-05-EQUATION_FUNCTION_RELATION,이차방정식과 이차함수의 관계,category_or_cue_inferred,complete_category,객관식,grid,false,객관식|이차함수|원|평행이동|접선|연립방정식,38ea7ab97ac1884375885a60f126419d88550a584af6481eddc2502741714888,54d027212073378508129ec33b882ca6657b4368197a241f2ee913c74cecde3b,d41ea6521f53fb3dfa10cf72e2932f4405d9c999fa422cdc840d25d57e90dd34,7548e43d4022ae15eeb71132db4610efc3e9ec9e2c7c045a750e0f3b15e3ac69,,,,,0,LOADED_VM,,NOT_STARTED,NOT_STARTED,NOT_STARTED,SVG_REQUIRED_MISSING,SVG_REQUIRED_MISSING,GRAPH_OR_FUNCTION_STRUCTURE|COORDINATE_OR_GEOMETRY_STRUCTURE|TABLE_OR_MATRIX_STRUCTURE,,GRAPH_CANDIDATE,NO_PROBLEM_VISUAL,REVIEW_REQUIRED,NONE,NOT_STARTED,,,,NOT_STARTED,NOT_STARTED,NOT_STARTED,NOT_TESTED,PASS,canonical_and_compiled_master_match,INVENTORY_PENDING,01_scope_inventory.csv#archive/exams/original/high/h1/2mid/23_금당고_2학기_중간_고1_기출.js|23_금당고_2학기_중간_고1_기출|17,,INDEX_RECORD_PRESENT,original/high/h1/2mid/23_금당고_2학기_중간_고1_기출.js_17,8de05340599c3d87ebc6de4ef888111e37ecce5d4408214222204a75c51cf2f7,true,④,IN_SCOPE_FORWARD,,,CLOSED_NO_SHARED_ASSET
archive/exams/original/high/h1/2mid/23_순천여고_2학기_중간_고1_기출.js|23_순천여고_2학기_중간_고1_기출|11,archive/exams/original/high/h1/2mid/23_순천여고_2학기_중간_고1_기출.js,23_순천여고_2학기_중간_고1_기출,11,11,11,2015,수학(상),H15-SA-05,이차방정식,5,H15-SA-05-DISCRIMINANT,판별식과 근의 조건,category_or_cue_inferred,complete_category,객관식,grid,false,객관식|이차방정식|판별식|정수|최솟값,5b75c41eddc1ddb8a6bfad0866e3b0131d9cf421ed8a1d6ded558b6db80dfaf0,e0a2d515b9432b7ce272fe4d09d2234810d327b803650316fda86b74a012a5e6,973d2fd2f97e26a666f403b12da6d87e527985b36bcf4ff0a47c7e7e8c36321a,065c37096bc69b36bd97fa81f9356aefe3e2ceaff52d186f1134ded8a92e17c2,,,,,0,LOADED_VM,,NOT_STARTED,NOT_STARTED,NOT_STARTED,SVG_OPTIONAL,SVG_OPTIONAL,,,NONE,NO_PROBLEM_VISUAL,N/A,NONE,NOT_STARTED,,,,NOT_STARTED,NOT_STARTED,NOT_STARTED,NOT_TESTED,PASS,canonical_and_compiled_master_match,INVENTORY_PENDING,01_scope_inventory.csv#archive/exams/original/high/h1/2mid/23_순천여고_2학기_중간_고1_기출.js|23_순천여고_2학기_중간_고1_기출|11,,INDEX_RECORD_PRESENT,original/high/h1/2mid/23_순천여고_2학기_중간_고1_기출.js_11,9bcfa3983ea6a07d3b7527152076e5d33ba525545554681074dd8f02d5101db5,true,①,IN_SCOPE_FORWARD,,,CLOSED_NO_SHARED_ASSET
