questionUid,sourceJsPath,examId,id,displayNo,sourceOrdinal,curriculumVersion,standardCourse,standardUnitKey,standardUnit,standardUnitOrder,subUnitKey,subUnit,subUnitConfidence,subUnitClassificationDepth,questionType,layoutTag,wide,tags,contentHash,choicesHash,answerHash,solutionHash,problemImageRef,problemImageHash,solutionImageRef,solutionImageHash,inlineSvgCount,sourceValidityStatus,independentAnswer,answerParity,solutionQualityStatus,curriculumStatus,visualRequirement,visualRequirementCandidate,visualReasonCode,visualMarkers,visualType,problemVisualSufficiency,scalePolicy,existingSvgStatus,svgRepairStatus,factObligationSet,expectedFactHash,observedFactHash,numericParity,semanticParity,styleLintStatus,renderStatus,metadataStatus,metadataReason,finalVerdict,evidenceRef,assetRefs,questionIndexParity,qKey,sourceFileSha256,solutionPresent,answerValue,scopeStatus,sharedAssetUid,dependencyQuestionUids,dependencyClosureStatus
archive/exams/original/high/h1/1final/22_금당고_1학기_기말_고1_기출.js|22_금당고_1학기_기말_고1_기출|4,archive/exams/original/high/h1/1final/22_금당고_1학기_기말_고1_기출.js,22_금당고_1학기_기말_고1_기출,4,4,4,2015,수학(상),H15-SA-10,직선의 방정식,10,H15-SA-10-DISTANCE_ANGLE,직선 사이의 거리와 각,rule_inferred,complete_rule,객관식,grid,false,객관식|점과직선사이거리|직선|도형|거리,591d51b88448faf89c305328163377f3ed80ed60b718e852f9864555cd3a14ea,5f9871eff1c73125d4a9af8d569887400adcc5dbcbb5a6acca7c1ae54a20dd38,b15be6cb71072b84f7e1e198ce023fc5bb8b1e625335904ddcf3cffcd8b7312b,dd8084db89233bd09795d4666d6870ca8ca64aa15edc02bf732f74258b4c1c22,,,assets/images/22_금당고_1학기_기말_고1_기출/q04-solution.svg,866f500bb80dcfa2a92f5e5b9d9fe6cf4c4d8e5280f10f4037cb6b86af574627,0,LOADED_VM,,NOT_STARTED,NOT_STARTED,NOT_STARTED,SOURCE_REVIEW,SOURCE_REVIEW,COORDINATE_OR_GEOMETRY_STRUCTURE,,SVG,NO_PROBLEM_VISUAL,REVIEW_REQUIRED,SOLUTION_SVG,NOT_STARTED,,,7a179b44be26db387bdf4306e629c0a5b76fe57984aeda791f4991b3ebe5fd55,NOT_STARTED,NOT_STARTED,NOT_STARTED,NOT_TESTED,PASS,canonical_and_compiled_master_match,INVENTORY_PENDING,01_scope_inventory.csv#archive/exams/original/high/h1/1final/22_금당고_1학기_기말_고1_기출.js|22_금당고_1학기_기말_고1_기출|4,[object Object],INDEX_RECORD_PRESENT,original/high/h1/1final/22_금당고_1학기_기말_고1_기출.js_4,4c241cdb54466f474661d78f34d27c9dd5824b9b6c957e998e6d48f881f0d952,true,③,IN_SCOPE_FORWARD,,,CLOSED_NO_SHARED_ASSET
archive/exams/original/high/h1/1final/22_금당고_1학기_기말_고1_기출.js|22_금당고_1학기_기말_고1_기출|13,archive/exams/original/high/h1/1final/22_금당고_1학기_기말_고1_기출.js,22_금당고_1학기_기말_고1_기출,13,13,13,2015,수학(상),H15-SA-10,직선의 방정식,10,H15-SA-10-DISTANCE_ANGLE,직선 사이의 거리와 각,category_or_cue_inferred,complete_category,객관식,grid,false,객관식|수선의발|거리|직선|도형|수직,8b258006ceb9fff65909948a1d35d69bd2c50a5cea27def99a3e8b192320833b,dbc23ceea58e6ee80cf3a208a3046972a0c824824f8116e69d191a2486f5a9fd,d41ea6521f53fb3dfa10cf72e2932f4405d9c999fa422cdc840d25d57e90dd34,dbf620515465e9cc2375ba3db02e09199013b1abfc23d3753c4b4c5a19e75dd5,,,assets/images/22_금당고_1학기_기말_고1_기출/q13-solution.svg,0fa0ddcfd4e59200cf0b9ac165c3dae6b870e1bb502f99177a79442fdea9c543,0,LOADED_VM,,NOT_STARTED,NOT_STARTED,NOT_STARTED,SOURCE_REVIEW,SOURCE_REVIEW,COORDINATE_OR_GEOMETRY_STRUCTURE|TABLE_OR_MATRIX_STRUCTURE,,SVG,NO_PROBLEM_VISUAL,REVIEW_REQUIRED,SOLUTION_SVG,NOT_STARTED,,,e728b13aa0ff0d49dfd47a6a9a2a2a70f119f0158981fab4a2ae044d60c619b1,NOT_STARTED,NOT_STARTED,NOT_STARTED,NOT_TESTED,PASS,canonical_and_compiled_master_match,INVENTORY_PENDING,01_scope_inventory.csv#archive/exams/original/high/h1/1final/22_금당고_1학기_기말_고1_기출.js|22_금당고_1학기_기말_고1_기출|13,[object Object],INDEX_RECORD_PRESENT,original/high/h1/1final/22_금당고_1학기_기말_고1_기출.js_13,4c241cdb54466f474661d78f34d27c9dd5824b9b6c957e998e6d48f881f0d952,true,④,IN_SCOPE_FORWARD,,,CLOSED_NO_SHARED_ASSET
archive/exams/original/high/h1/1final/22_금당고_1학기_기말_고1_기출.js|22_금당고_1학기_기말_고1_기출|19,archive/exams/original/high/h1/1final/22_금당고_1학기_기말_고1_기출.js,22_금당고_1학기_기말_고1_기출,19,19,19,2015,수학(상),H15-SA-10,직선의 방정식,10,H15-SA-10-DISTANCE_ANGLE,직선 사이의 거리와 각,category_or_cue_inferred,complete_category,단답형,grid,false,단답형|삼각형|내심|직선|도형,d8576de1836d40c8f15888b1e71c16799b4b67c77b14143e735580bd5639ca1e,4f53cda18c2baa0c0354bb5f9a3ecbe5ed12ab4d8e11ba873c2f11161202b945,89d17b0952a36b59255a68fd4ce55e4e10769929107ca6dbf80e413cfc167e08,a6a5009599ae775415f5789ac6b0756657995ac36371e20917cbb1ce70673bde,,,assets/images/22_금당고_1학기_기말_고1_기출/q19-solution.svg,f687713dee471d218568713c271521de4e59186ed11d822d3dd45b2d3d641313,0,LOADED_VM,,NOT_STARTED,NOT_STARTED,NOT_STARTED,SOURCE_REVIEW,SOURCE_REVIEW,COORDINATE_OR_GEOMETRY_STRUCTURE|TABLE_OR_MATRIX_STRUCTURE,,SVG,NO_PROBLEM_VISUAL,REVIEW_REQUIRED,SOLUTION_SVG,NOT_STARTED,,,6860cf086f44b49abd19b2d91a7c158ff671440a12e7261b01757275cb2ec50e,NOT_STARTED,NOT_STARTED,NOT_STARTED,NOT_TESTED,PASS,canonical_and_compiled_master_match,INVENTORY_PENDING,01_scope_inventory.csv#archive/exams/original/high/h1/1final/22_금당고_1학기_기말_고1_기출.js|22_금당고_1학기_기말_고1_기출|19,[object Object],INDEX_RECORD_PRESENT,original/high/h1/1final/22_금당고_1학기_기말_고1_기출.js_19,4c241cdb54466f474661d78f34d27c9dd5824b9b6c957e998e6d48f881f0d952,true,"$\left(\dfrac{23}{15},\dfrac{34}{15}\right)$",IN_SCOPE_FORWARD,,,CLOSED_NO_SHARED_ASSET
archive/exams/original/high/h1/1final/22_금당고_1학기_기말_고1_기출.js|22_금당고_1학기_기말_고1_기출|20,archive/exams/original/high/h1/1final/22_금당고_1학기_기말_고1_기출.js,22_금당고_1학기_기말_고1_기출,20,20,20,2015,수학(상),H15-SA-10,직선의 방정식,10,H15-SA-10-DISTANCE_ANGLE,직선 사이의 거리와 각,category_or_cue_inferred,complete_category,서술형,grid,true,서술형|각의이등분선|직선|원|접선|도형|그래프|거리|절편,6234a74e141c9f6e0fda6944bbf3ac7fc0956aa62e9d91037b9989cd2a1efc29,4f53cda18c2baa0c0354bb5f9a3ecbe5ed12ab4d8e11ba873c2f11161202b945,edede6dfa201743f33b87b4f1da6fe34d85d771c6eb5a7410181a2cfdba7c410,fa45e9d762cc7b2529fc641504e5191d9765d8af3f61f99753c3001657c8c4ce,,,assets/images/22_금당고_1학기_기말_고1_기출/q20-solution.svg,996abaa8af9c70c9c64c688a3bd9f2e49b51798d682b26b9b1e7cc99357ab6ef,0,LOADED_VM,,NOT_STARTED,NOT_STARTED,NOT_STARTED,SOURCE_REVIEW,SOURCE_REVIEW,GRAPH_OR_FUNCTION_STRUCTURE|COORDINATE_OR_GEOMETRY_STRUCTURE|TABLE_OR_MATRIX_STRUCTURE,,SVG,NO_PROBLEM_VISUAL,REVIEW_REQUIRED,SOLUTION_SVG,NOT_STARTED,,,33b3ce68befc40a7c94c396d6a9a6be108dc0998b27c92912d92cda9d6e7abac,NOT_STARTED,NOT_STARTED,NOT_STARTED,NOT_TESTED,PASS,canonical_and_compiled_master_match,INVENTORY_PENDING,01_scope_inventory.csv#archive/exams/original/high/h1/1final/22_금당고_1학기_기말_고1_기출.js|22_금당고_1학기_기말_고1_기출|20,[object Object],INDEX_RECORD_PRESENT,original/high/h1/1final/22_금당고_1학기_기말_고1_기출.js_20,4c241cdb54466f474661d78f34d27c9dd5824b9b6c957e998e6d48f881f0d952,true,(1) $x-y-7=0$ 또는 $y=x-7$ / (2) $\left(x+\dfrac{11}{7}\right)^2+\left(y+\dfrac{60}{7}\right)^2=49$,IN_SCOPE_FORWARD,,,CLOSED_NO_SHARED_ASSET
archive/exams/original/high/h1/1final/22_매산고_1학기_기말_고1_기출.js|22_매산고_1학기_기말_고1_기출|6,archive/exams/original/high/h1/1final/22_매산고_1학기_기말_고1_기출.js,22_매산고_1학기_기말_고1_기출,6,6,6,2015,수학(상),H15-SA-10,직선의 방정식,10,H15-SA-10-PARALLEL_PERPENDICULAR,두 직선의 평행과 수직,category_or_cue_inferred,complete_category,객관식,grid,false,객관식|직선의 방정식|고1|기말|도형|직선|수직,bbbed326ebcc03a00b849e4a3179392a1b63639428aaa8279579169bf7953374,7d9be3362269168a7d50952dd3fd73cd3d98676260e1d76876bef6755d10d5c5,973d2fd2f97e26a666f403b12da6d87e527985b36bcf4ff0a47c7e7e8c36321a,c60043390b666b996ef35f05b7c0ca901942bc37acf184daa1a6932057baeb69,,,assets/images/22_매산고_1학기_기말_고1_기출/q06-solution.svg,8b42909e9004bc4a590a441bb6aaeef09b6c716117387d81b66f7d218d47391c,0,LOADED_VM,,NOT_STARTED,NOT_STARTED,NOT_STARTED,SOURCE_REVIEW,SOURCE_REVIEW,COORDINATE_OR_GEOMETRY_STRUCTURE,,SVG,NO_PROBLEM_VISUAL,REVIEW_REQUIRED,SOLUTION_SVG,NOT_STARTED,,,86dcbdad0a8c7b95904bf241a0c6b3034e9c236285ed8f225641b91c23de4c2a,NOT_STARTED,NOT_STARTED,NOT_STARTED,NOT_TESTED,PASS,canonical_and_compiled_master_match,INVENTORY_PENDING,01_scope_inventory.csv#archive/exams/original/high/h1/1final/22_매산고_1학기_기말_고1_기출.js|22_매산고_1학기_기말_고1_기출|6,[object Object],INDEX_RECORD_PRESENT,original/high/h1/1final/22_매산고_1학기_기말_고1_기출.js_6,6eba0c1b691ff6db8d09e9e130a3fda9e2258f973dfb960765e7d86dcc47c0ca,true,①,IN_SCOPE_FORWARD,,,CLOSED_NO_SHARED_ASSET
archive/exams/original/high/h1/1final/22_매산고_1학기_기말_고1_기출.js|22_매산고_1학기_기말_고1_기출|9,archive/exams/original/high/h1/1final/22_매산고_1학기_기말_고1_기출.js,22_매산고_1학기_기말_고1_기출,9,9,9,2015,수학(상),H15-SA-10,직선의 방정식,10,H15-SA-10-EQUATION_BASIC,방정식의 풀이,category_or_cue_inferred,complete_category,객관식,grid,false,객관식|직선의 방정식|고1|기말|도형|직선|그래프|평행,8c368298ccc3f05d6610667455d7f98476b8151a7db715d9ba6629137340f889,98a3e61e3c0e8deddccc993a3c1f0698d7b76579cc948dfc554fbd33f80e3a09,dfde05a3668030e99ca64d8d4ae5f6b64c7a87cee61c0ba43904b92ef210191d,8937b77ffb7e0ae88a8e4fe0e624d093ef168d34c53446e2823c08b0a79170c6,,,assets/images/22_매산고_1학기_기말_고1_기출/q09-solution.svg,aa1c19379e083ce899b1da00b49a53ea69e7665c223f1f1865b9d5b61cc63a9b,0,LOADED_VM,,NOT_STARTED,NOT_STARTED,NOT_STARTED,SOURCE_REVIEW,SOURCE_REVIEW,GRAPH_OR_FUNCTION_STRUCTURE|COORDINATE_OR_GEOMETRY_STRUCTURE,,SVG,NO_PROBLEM_VISUAL,REVIEW_REQUIRED,SOLUTION_SVG,NOT_STARTED,,,e0d414a9f330caf31b42fd1de3a63a69b476cff5e22f76babbfb35ec752574a5,NOT_STARTED,NOT_STARTED,NOT_STARTED,NOT_TESTED,PASS,canonical_and_compiled_master_match,INVENTORY_PENDING,01_scope_inventory.csv#archive/exams/original/high/h1/1final/22_매산고_1학기_기말_고1_기출.js|22_매산고_1학기_기말_고1_기출|9,[object Object],INDEX_RECORD_PRESENT,original/high/h1/1final/22_매산고_1학기_기말_고1_기출.js_9,6eba0c1b691ff6db8d09e9e130a3fda9e2258f973dfb960765e7d86dcc47c0ca,true,②,IN_SCOPE_FORWARD,,,CLOSED_NO_SHARED_ASSET
archive/exams/original/high/h1/1final/22_매산고_1학기_기말_고1_기출.js|22_매산고_1학기_기말_고1_기출|15,archive/exams/original/high/h1/1final/22_매산고_1학기_기말_고1_기출.js,22_매산고_1학기_기말_고1_기출,15,15,15,2015,수학(상),H15-SA-10,직선의 방정식,10,H15-SA-10-PARALLEL_PERPENDICULAR,두 직선의 평행과 수직,category_or_cue_inferred,complete_category,객관식,grid,false,객관식|직선의 방정식|고1|기말|도형|직선|수직,a802aa457cea9bb962075eede2dcba5e97c312e81fa526719da757ea4e0d2146,835a323f20234c5799105ac359e98aa3ec57d9a491605b47e2bdaa08b1c59b6d,dfde05a3668030e99ca64d8d4ae5f6b64c7a87cee61c0ba43904b92ef210191d,30e8d9162d245891dcceece2fc788251b218330bf6ab771d654402e713dc013e,assets/images/22_매산고_1학기_기말_고1_기출/q15.png,1f0ec399ba56ee2c9010b3838f4727d232986f5246bd66853ac9354031a4ec68,assets/images/22_매산고_1학기_기말_고1_기출/q15-solution.svg,f104a1ee138507a979ae6f4ab188a009a7108524b931fb56aba48d76ef371d28,0,LOADED_VM,,NOT_STARTED,NOT_STARTED,NOT_STARTED,SOURCE_REVIEW,SOURCE_REVIEW,COORDINATE_OR_GEOMETRY_STRUCTURE|TABLE_OR_MATRIX_STRUCTURE,,SVG,PROBLEM_VISUAL_PRESENT,REVIEW_REQUIRED,SOLUTION_SVG,NOT_STARTED,,,a7e20c617ab8606b4d09400a70f02c53e7c2b3eadcae5c97dcd6e3a93613d5db,NOT_STARTED,NOT_STARTED,NOT_STARTED,NOT_TESTED,PASS,canonical_and_compiled_master_match,INVENTORY_PENDING,01_scope_inventory.csv#archive/exams/original/high/h1/1final/22_매산고_1학기_기말_고1_기출.js|22_매산고_1학기_기말_고1_기출|15,[object Object]|[object Object],INDEX_RECORD_PRESENT,original/high/h1/1final/22_매산고_1학기_기말_고1_기출.js_15,6eba0c1b691ff6db8d09e9e130a3fda9e2258f973dfb960765e7d86dcc47c0ca,true,②,IN_SCOPE_FORWARD,,,CLOSED_NO_SHARED_ASSET
archive/exams/original/high/h1/1final/22_순천여고_1학기_기말_고1_기출.js|22_순천여고_1학기_기말_고1_기출|3,archive/exams/original/high/h1/1final/22_순천여고_1학기_기말_고1_기출.js,22_순천여고_1학기_기말_고1_기출,3,3,3,2015,수학(상),H15-SA-10,직선의 방정식,10,H15-SA-10-PARALLEL_PERPENDICULAR,두 직선의 평행과 수직,category_or_cue_inferred,complete_category,객관식,grid,false,객관식|직선의 방정식|고1|1학기기말|도형|직선|평행,1c5f46bfe6966ee262bd4f61a7cc30c8ed63cd8cbe67f05b03ef1ada07ede15b,7e62c1941dcae510f66e790e3317dc47db08756f62b66476d8e6a24d02020c72,b15be6cb71072b84f7e1e198ce023fc5bb8b1e625335904ddcf3cffcd8b7312b,51310366e267b7618048077dcec1a5bcf52d46292c26d6717cf340adcb70f61d,,,assets/images/22_순천여고_1학기_기말_고1_기출/q03-solution.svg,e58233a10b7288123ce51db841d3d2197593c4946936e5771e9331b5efd976a6,0,LOADED_VM,,NOT_STARTED,NOT_STARTED,NOT_STARTED,SOURCE_REVIEW,SOURCE_REVIEW,COORDINATE_OR_GEOMETRY_STRUCTURE,,SVG,NO_PROBLEM_VISUAL,REVIEW_REQUIRED,SOLUTION_SVG,NOT_STARTED,,,9e33a0ebaa97404d2a57e7504de87ce7a26130958c6981c83d6e9aa0120e197d,NOT_STARTED,NOT_STARTED,NOT_STARTED,NOT_TESTED,PASS,canonical_and_compiled_master_match,INVENTORY_PENDING,01_scope_inventory.csv#archive/exams/original/high/h1/1final/22_순천여고_1학기_기말_고1_기출.js|22_순천여고_1학기_기말_고1_기출|3,[object Object],INDEX_RECORD_PRESENT,original/high/h1/1final/22_순천여고_1학기_기말_고1_기출.js_3,75ecfd5bd4c09cc853c3b0a6416d8b44883b28224ed38685665517a5e5cc7232,true,③,IN_SCOPE_FORWARD,,,CLOSED_NO_SHARED_ASSET
archive/exams/original/high/h1/1final/22_순천여고_1학기_기말_고1_기출.js|22_순천여고_1학기_기말_고1_기출|6,archive/exams/original/high/h1/1final/22_순천여고_1학기_기말_고1_기출.js,22_순천여고_1학기_기말_고1_기출,6,6,6,2015,수학(상),H15-SA-10,직선의 방정식,10,H15-SA-10-DISTANCE_ANGLE,직선 사이의 거리와 각,category_or_cue_inferred,complete_category,객관식,grid,false,객관식|직선의 방정식|고1|1학기기말|도형|직선|거리,6689c95258d2dff463b493507739efb056f6699b6ce0cba8fe51530ad30741f1,7e62c1941dcae510f66e790e3317dc47db08756f62b66476d8e6a24d02020c72,d41ea6521f53fb3dfa10cf72e2932f4405d9c999fa422cdc840d25d57e90dd34,de513da1b5efb144ecdf46a765ecb15ac709347eb40595afd8c15ae994e4e94e,,,assets/images/22_순천여고_1학기_기말_고1_기출/q06-solution.svg,4f6216d2fadb67b0bee8bd1fd96e4c1468e379e6ea6ea0dead96d9be63afcb79,0,LOADED_VM,,NOT_STARTED,NOT_STARTED,NOT_STARTED,SOURCE_REVIEW,SOURCE_REVIEW,COORDINATE_OR_GEOMETRY_STRUCTURE,,SVG,NO_PROBLEM_VISUAL,REVIEW_REQUIRED,SOLUTION_SVG,NOT_STARTED,,,d52f8e9c48b5d27e120b1cc856343a7b7ec35e2183dd94725e28d7c9523880ae,NOT_STARTED,NOT_STARTED,NOT_STARTED,NOT_TESTED,PASS,canonical_and_compiled_master_match,INVENTORY_PENDING,01_scope_inventory.csv#archive/exams/original/high/h1/1final/22_순천여고_1학기_기말_고1_기출.js|22_순천여고_1학기_기말_고1_기출|6,[object Object],INDEX_RECORD_PRESENT,original/high/h1/1final/22_순천여고_1학기_기말_고1_기출.js_6,75ecfd5bd4c09cc853c3b0a6416d8b44883b28224ed38685665517a5e5cc7232,true,④,IN_SCOPE_FORWARD,,,CLOSED_NO_SHARED_ASSET
archive/exams/original/high/h1/1final/22_순천여고_1학기_기말_고1_기출.js|22_순천여고_1학기_기말_고1_기출|18,archive/exams/original/high/h1/1final/22_순천여고_1학기_기말_고1_기출.js,22_순천여고_1학기_기말_고1_기출,18,18,18,2015,수학(상),H15-SA-10,직선의 방정식,10,H15-SA-10-DISTANCE_ANGLE,직선 사이의 거리와 각,category_or_cue_inferred,complete_category,객관식,grid,true,객관식|직선의 방정식|고1|1학기기말|도형|직선|수직|거리,07a61eee6bda7a256eb823e325d52768ed1532bbfecc53d108915d5675bedfb2,e0a2d515b9432b7ce272fe4d09d2234810d327b803650316fda86b74a012a5e6,0bdef091c479702584f065d3a3714f8a76f851b3f0cf10912f345a5dd930b0a8,c58791708f51b8a7141b57b4423fc7cbc438e9e32253903feb696fd92c07edf6,assets/images/22_순천여고_1학기_기말_고1_기출/q18.png,21b0e651528ae6ba9fe6ce9b97ee469133d6286f0b1e9286c270470b45ed13e3,assets/images/22_순천여고_1학기_기말_고1_기출/q18-solution.svg,aa7c22b4109234d20bae2f7a0f2c3bd4038f4ca0a6a31356c1b4d0a4ddc09e79,0,LOADED_VM,,NOT_STARTED,NOT_STARTED,NOT_STARTED,SOURCE_REVIEW,SOURCE_REVIEW,COORDINATE_OR_GEOMETRY_STRUCTURE|TABLE_OR_MATRIX_STRUCTURE,,SVG,PROBLEM_VISUAL_PRESENT,REVIEW_REQUIRED,SOLUTION_SVG,NOT_STARTED,,,0519d0245e8e90adab2c7607aca74eb786f0b1d4bfdfff2f71496f5e85f96548,NOT_STARTED,NOT_STARTED,NOT_STARTED,NOT_TESTED,PASS,canonical_and_compiled_master_match,INVENTORY_PENDING,01_scope_inventory.csv#archive/exams/original/high/h1/1final/22_순천여고_1학기_기말_고1_기출.js|22_순천여고_1학기_기말_고1_기출|18,[object Object]|[object Object],INDEX_RECORD_PRESENT,original/high/h1/1final/22_순천여고_1학기_기말_고1_기출.js_18,75ecfd5bd4c09cc853c3b0a6416d8b44883b28224ed38685665517a5e5cc7232,true,⑤,IN_SCOPE_FORWARD,,,CLOSED_NO_SHARED_ASSET
archive/exams/original/high/h1/1final/22_순천여고_1학기_기말_고1_기출.js|22_순천여고_1학기_기말_고1_기출|19,archive/exams/original/high/h1/1final/22_순천여고_1학기_기말_고1_기출.js,22_순천여고_1학기_기말_고1_기출,19,19,19,2015,수학(상),H15-SA-10,직선의 방정식,10,H15-SA-10-DISTANCE_ANGLE,직선 사이의 거리와 각,category_or_cue_inferred,complete_category,객관식,grid,false,객관식|직선의 방정식|고1|1학기기말|도형|직선|거리,3ce9fcef95f58317749243ab80da90f9438bd45e8c480869d1b9ff40060ea7e6,230863130d3358a2eb2c8f03f21288c9d3bfe69e1532fe662e2a9a7fa713b48f,973d2fd2f97e26a666f403b12da6d87e527985b36bcf4ff0a47c7e7e8c36321a,d044a3cd20548464f95379efa1ca202de3066cc656597beafa4f6694afedff2b,,,assets/images/22_순천여고_1학기_기말_고1_기출/q19-solution.svg,218212ce02e0afc2b9b3a62af18412e9312745d7d2c5e9cc5d9d211a2d95d64f,0,LOADED_VM,,NOT_STARTED,NOT_STARTED,NOT_STARTED,SOURCE_REVIEW,SOURCE_REVIEW,COORDINATE_OR_GEOMETRY_STRUCTURE,,SVG,NO_PROBLEM_VISUAL,REVIEW_REQUIRED,SOLUTION_SVG,NOT_STARTED,,,1860c02a7e6e0e571144d1d530a1d9704451ac0f046824e699fe3651f74a0fca,NOT_STARTED,NOT_STARTED,NOT_STARTED,NOT_TESTED,PASS,canonical_and_compiled_master_match,INVENTORY_PENDING,01_scope_inventory.csv#archive/exams/original/high/h1/1final/22_순천여고_1학기_기말_고1_기출.js|22_순천여고_1학기_기말_고1_기출|19,[object Object],INDEX_RECORD_PRESENT,original/high/h1/1final/22_순천여고_1학기_기말_고1_기출.js_19,75ecfd5bd4c09cc853c3b0a6416d8b44883b28224ed38685665517a5e5cc7232,true,①,IN_SCOPE_FORWARD,,,CLOSED_NO_SHARED_ASSET
archive/exams/original/high/h1/1final/22_제일고_1학기_기말_고1_기출.js|22_제일고_1학기_기말_고1_기출|10,archive/exams/original/high/h1/1final/22_제일고_1학기_기말_고1_기출.js,22_제일고_1학기_기말_고1_기출,10,10,10,2022,공통수학2,H22-C2-02,직선의 방정식,2,H22-C2-02-LINE_EQUATION,직선의 방정식,category_or_cue_inferred,complete_category,객관식,grid,false,객관식|직선의 방정식|고1|기말|도형|직선|절편,d55af1d40c91987e48d463900e47f016b1d6fa42e9df4faf08860937e32c093c,ff782081a4cc25de5ebd8fdb3b10e93e0a2a8b181fb4cabb15c6d4c8f83c7224,973d2fd2f97e26a666f403b12da6d87e527985b36bcf4ff0a47c7e7e8c36321a,8b6213b4d4630ef3ece5d66a9fb29e19316193c645ce18eea939ebbd37e7193f,,,assets/images/22_제일고_1학기_기말_고1_기출/q10-solution.svg,96506370bfc3e4d56be6285de47e9db07385d898e1cafc7f4cbd3f1d87a2e702,0,LOADED_VM,,NOT_STARTED,NOT_STARTED,NOT_STARTED,SOURCE_REVIEW,SOURCE_REVIEW,COORDINATE_OR_GEOMETRY_STRUCTURE,,SVG,NO_PROBLEM_VISUAL,REVIEW_REQUIRED,SOLUTION_SVG,NOT_STARTED,,,56c0afd661837df151b0db400840dff57302ee2ceb476741a5170d4d69ce11e8,NOT_STARTED,NOT_STARTED,NOT_STARTED,NOT_TESTED,PASS,canonical_and_compiled_master_match,INVENTORY_PENDING,01_scope_inventory.csv#archive/exams/original/high/h1/1final/22_제일고_1학기_기말_고1_기출.js|22_제일고_1학기_기말_고1_기출|10,[object Object],INDEX_RECORD_PRESENT,original/high/h1/1final/22_제일고_1학기_기말_고1_기출.js_10,81a102a44f1b2ee8f922ec6cb537e858573cb5f4e9c2435f8252f26ac212cca4,true,①,IN_SCOPE_FORWARD,,,CLOSED_NO_SHARED_ASSET
archive/exams/original/high/h1/1final/22_제일고_1학기_기말_고1_기출.js|22_제일고_1학기_기말_고1_기출|11,archive/exams/original/high/h1/1final/22_제일고_1학기_기말_고1_기출.js,22_제일고_1학기_기말_고1_기출,11,11,11,2022,공통수학2,H22-C2-02,직선의 방정식,2,H22-C2-02-RELATION,두 직선의 관계,category_or_cue_inferred,complete_category,객관식,grid,false,객관식|직선의 방정식|고1|기말|도형|직선|수직|거리|절편|교점,34570fb9ad470ae8ca2b581c7077ed91082e0c3c7de7657d250d66a10b977d39,3aabb4f139cd6486d1437f0ce9ee7f1d809ef4df7e82ca3f955541d010e0846f,0bdef091c479702584f065d3a3714f8a76f851b3f0cf10912f345a5dd930b0a8,6099ed170494ad40eb478e84688162b4748e6b60d5e3a2b106369b3f7732a73d,,,assets/images/22_제일고_1학기_기말_고1_기출/q11-solution.svg,eb811d7a870003e33f656a7448463bb1ddca8693dfb41cabfa0f64f995c164e7,0,LOADED_VM,,NOT_STARTED,NOT_STARTED,NOT_STARTED,SOURCE_REVIEW,SOURCE_REVIEW,COORDINATE_OR_GEOMETRY_STRUCTURE,,SVG,NO_PROBLEM_VISUAL,REVIEW_REQUIRED,SOLUTION_SVG,NOT_STARTED,,,7758cd796c7a14550c8eda62c28c88b7d5f580b0d4d63e76f531a97779fc23d9,NOT_STARTED,NOT_STARTED,NOT_STARTED,NOT_TESTED,PASS,canonical_and_compiled_master_match,INVENTORY_PENDING,01_scope_inventory.csv#archive/exams/original/high/h1/1final/22_제일고_1학기_기말_고1_기출.js|22_제일고_1학기_기말_고1_기출|11,[object Object],INDEX_RECORD_PRESENT,original/high/h1/1final/22_제일고_1학기_기말_고1_기출.js_11,81a102a44f1b2ee8f922ec6cb537e858573cb5f4e9c2435f8252f26ac212cca4,true,⑤,IN_SCOPE_FORWARD,,,CLOSED_NO_SHARED_ASSET
archive/exams/original/high/h1/1final/22_제일고_1학기_기말_고1_기출.js|22_제일고_1학기_기말_고1_기출|12,archive/exams/original/high/h1/1final/22_제일고_1학기_기말_고1_기출.js,22_제일고_1학기_기말_고1_기출,12,12,12,2022,공통수학2,H22-C2-02,직선의 방정식,2,H22-C2-02-RELATION,두 직선의 관계,category_or_cue_inferred,complete_category,객관식,grid,false,객관식|직선의 방정식|고1|기말|도형|직선|거리,442f53efc38db37d46bb533787cb91761137093ed7365748686fef33f1db39b7,6ffddbe27bcf52541cb10a784410fe704fa655ab57fd97f0558457fc4f111673,0bdef091c479702584f065d3a3714f8a76f851b3f0cf10912f345a5dd930b0a8,0470eeebbda91bd220e94940ae2d4bc72877697357de5c98de08278d8db98a20,,,assets/images/22_제일고_1학기_기말_고1_기출/q12-solution.svg,8229d4162c34a27edea0415391abe3feccd7e2cab29ca2162f9cb317714a9e07,0,LOADED_VM,,NOT_STARTED,NOT_STARTED,NOT_STARTED,SOURCE_REVIEW,SOURCE_REVIEW,COORDINATE_OR_GEOMETRY_STRUCTURE,,SVG,NO_PROBLEM_VISUAL,REVIEW_REQUIRED,SOLUTION_SVG,NOT_STARTED,,,9f2416c60cd63eb2a214e0e1c79c3938b4a1e40c78fcd6b6a6c9a5e6a93909bd,NOT_STARTED,NOT_STARTED,NOT_STARTED,NOT_TESTED,PASS,canonical_and_compiled_master_match,INVENTORY_PENDING,01_scope_inventory.csv#archive/exams/original/high/h1/1final/22_제일고_1학기_기말_고1_기출.js|22_제일고_1학기_기말_고1_기출|12,[object Object],INDEX_RECORD_PRESENT,original/high/h1/1final/22_제일고_1학기_기말_고1_기출.js_12,81a102a44f1b2ee8f922ec6cb537e858573cb5f4e9c2435f8252f26ac212cca4,true,⑤,IN_SCOPE_FORWARD,,,CLOSED_NO_SHARED_ASSET
archive/exams/original/high/h1/1final/22_팔마고_1학기_기말_고1_기출.js|22_팔마고_1학기_기말_고1_기출|4,archive/exams/original/high/h1/1final/22_팔마고_1학기_기말_고1_기출.js,22_팔마고_1학기_기말_고1_기출,4,4,4,2015,수학(상),H15-SA-10,직선의 방정식,10,H15-SA-10-PARALLEL_PERPENDICULAR,두 직선의 평행과 수직,category_or_cue_inferred,complete_category,객관식,grid,false,객관식|직선의 방정식|고1|기말|도형|직선|수직,6f3a724e8fc29b1668e6e44b033fc3b769feae5dac3e685ebab4fd9c7cadda33,76b6ef934c14aded2fc19d26cedee4e475d2a2b40b27e0a1727301f86f641cdd,dfde05a3668030e99ca64d8d4ae5f6b64c7a87cee61c0ba43904b92ef210191d,73ec52a8999211c259a919eb340ebd37a1dba765962cc170b581e683652fbb87,,,assets/images/22_팔마고_1학기_기말_고1_기출/q04-solution.svg,e5c24e0a155a697de92f76d6fe0bbfb78aafa5f72659426201357fce024efe0b,0,LOADED_VM,,NOT_STARTED,NOT_STARTED,NOT_STARTED,SOURCE_REVIEW,SOURCE_REVIEW,COORDINATE_OR_GEOMETRY_STRUCTURE|SET_OR_LOGIC_STRUCTURE,,SVG,NO_PROBLEM_VISUAL,REVIEW_REQUIRED,SOLUTION_SVG,NOT_STARTED,,,43e9ed7b7bca83c17a9ffc20aa069f339b7280a16ba916e31e166edd7dc2ce56,NOT_STARTED,NOT_STARTED,NOT_STARTED,NOT_TESTED,PASS,canonical_and_compiled_master_match,INVENTORY_PENDING,01_scope_inventory.csv#archive/exams/original/high/h1/1final/22_팔마고_1학기_기말_고1_기출.js|22_팔마고_1학기_기말_고1_기출|4,[object Object],INDEX_RECORD_PRESENT,original/high/h1/1final/22_팔마고_1학기_기말_고1_기출.js_4,29b947a1d1422b4def7f5d0d708d62418af8d0ad94656355c0625137a588620b,true,②,IN_SCOPE_FORWARD,,,CLOSED_NO_SHARED_ASSET
archive/exams/original/high/h1/1final/22_팔마고_1학기_기말_고1_기출.js|22_팔마고_1학기_기말_고1_기출|5,archive/exams/original/high/h1/1final/22_팔마고_1학기_기말_고1_기출.js,22_팔마고_1학기_기말_고1_기출,5,5,5,2015,수학(상),H15-SA-10,직선의 방정식,10,H15-SA-10-PARALLEL_PERPENDICULAR,두 직선의 평행과 수직,category_or_cue_inferred,complete_category,객관식,grid,false,객관식|직선의 방정식|고1|기말|도형|직선|평행|수직,f7914f749e2a32d502f6b8d172d6fb42cf5c3fc5ba710caee67f0b7beb4b53f0,7e62c1941dcae510f66e790e3317dc47db08756f62b66476d8e6a24d02020c72,973d2fd2f97e26a666f403b12da6d87e527985b36bcf4ff0a47c7e7e8c36321a,6c58e478a3fcbe361f77051327b42afe06eb7cf08fd65ad753f96478b2a9a8e8,,,assets/images/22_팔마고_1학기_기말_고1_기출/q05-solution.svg,829638e52c321fcb391b81332dea0760aa0ff4d32c7180eb7fe1b374e10ea882,0,LOADED_VM,,NOT_STARTED,NOT_STARTED,NOT_STARTED,SOURCE_REVIEW,SOURCE_REVIEW,COORDINATE_OR_GEOMETRY_STRUCTURE|SET_OR_LOGIC_STRUCTURE,,SVG,NO_PROBLEM_VISUAL,REVIEW_REQUIRED,SOLUTION_SVG,NOT_STARTED,,,fbf9cd54f37be5c3f708b6cea311d433ba78525070a87db9ac1a38029dff3347,NOT_STARTED,NOT_STARTED,NOT_STARTED,NOT_TESTED,PASS,canonical_and_compiled_master_match,INVENTORY_PENDING,01_scope_inventory.csv#archive/exams/original/high/h1/1final/22_팔마고_1학기_기말_고1_기출.js|22_팔마고_1학기_기말_고1_기출|5,[object Object],INDEX_RECORD_PRESENT,original/high/h1/1final/22_팔마고_1학기_기말_고1_기출.js_5,29b947a1d1422b4def7f5d0d708d62418af8d0ad94656355c0625137a588620b,true,①,IN_SCOPE_FORWARD,,,CLOSED_NO_SHARED_ASSET
archive/exams/original/high/h1/1final/22_팔마고_1학기_기말_고1_기출.js|22_팔마고_1학기_기말_고1_기출|13,archive/exams/original/high/h1/1final/22_팔마고_1학기_기말_고1_기출.js,22_팔마고_1학기_기말_고1_기출,13,13,13,2015,수학(상),H15-SA-10,직선의 방정식,10,H15-SA-10-PARALLEL_PERPENDICULAR,두 직선의 평행과 수직,category_or_cue_inferred,complete_category,객관식,grid,false,객관식|직선의 방정식|고1|기말|도형|직선|수직,1308c77e517558d2dba1ae682b7b3d65c2bcf91d0ba10ff47c483e3a217fa4bd,42e764415145207ca5c528e84102dfccbee8cd694db98febf38a43ad93b44252,dfde05a3668030e99ca64d8d4ae5f6b64c7a87cee61c0ba43904b92ef210191d,d1b82d74e67cbf9cb158bb706cc251d013f674a38dc44ba1557aeed17835447b,,,assets/images/22_팔마고_1학기_기말_고1_기출/q13-solution.svg,ed857999193b0ca6c690f08e64a09ac2b2d9e300946e0262e9102663877e2d8a,0,LOADED_VM,,NOT_STARTED,NOT_STARTED,NOT_STARTED,SOURCE_REVIEW,SOURCE_REVIEW,COORDINATE_OR_GEOMETRY_STRUCTURE,,SVG,NO_PROBLEM_VISUAL,REVIEW_REQUIRED,SOLUTION_SVG,NOT_STARTED,,,ff1e0c4171b42ccd363dddebb0611363f4af554c3d07058b033880bc9c8817ce,NOT_STARTED,NOT_STARTED,NOT_STARTED,NOT_TESTED,PASS,canonical_and_compiled_master_match,INVENTORY_PENDING,01_scope_inventory.csv#archive/exams/original/high/h1/1final/22_팔마고_1학기_기말_고1_기출.js|22_팔마고_1학기_기말_고1_기출|13,[object Object],INDEX_RECORD_PRESENT,original/high/h1/1final/22_팔마고_1학기_기말_고1_기출.js_13,29b947a1d1422b4def7f5d0d708d62418af8d0ad94656355c0625137a588620b,true,②,IN_SCOPE_FORWARD,,,CLOSED_NO_SHARED_ASSET
archive/exams/original/high/h1/1final/22_팔마고_1학기_기말_고1_기출.js|22_팔마고_1학기_기말_고1_기출|14,archive/exams/original/high/h1/1final/22_팔마고_1학기_기말_고1_기출.js,22_팔마고_1학기_기말_고1_기출,14,14,14,2015,수학(상),H15-SA-10,직선의 방정식,10,H15-SA-10-DISTANCE_ANGLE,직선 사이의 거리와 각,category_or_cue_inferred,complete_category,객관식,grid,false,객관식|직선의 방정식|고1|기말|도형|직선|거리,e071b3dee4e09ab2a4cc8a359d4709c8d4816d1a6118d47d121dfd4ef2f1113c,722451a071ce9be9c431ac564a3cc1fabd8f5a8b3acf0318bbedadfa2a4b4b34,0bdef091c479702584f065d3a3714f8a76f851b3f0cf10912f345a5dd930b0a8,e7d12e275e371d422cc2604d38998bd54bcd95361f16a4454f006e83eb892fc9,,,assets/images/22_팔마고_1학기_기말_고1_기출/q14-solution.svg,1f5a63013cdf97f4dea51756a05c58c9a6bd53d1e27d04d97dc14f9aa7771e9f,0,LOADED_VM,,NOT_STARTED,NOT_STARTED,NOT_STARTED,SOURCE_REVIEW,SOURCE_REVIEW,COORDINATE_OR_GEOMETRY_STRUCTURE,,SVG,NO_PROBLEM_VISUAL,REVIEW_REQUIRED,SOLUTION_SVG,NOT_STARTED,,,5e1eb9069d7569322888fc7ed06072d58a3ad2c18f28367c79bc568f5c58fb87,NOT_STARTED,NOT_STARTED,NOT_STARTED,NOT_TESTED,PASS,canonical_and_compiled_master_match,INVENTORY_PENDING,01_scope_inventory.csv#archive/exams/original/high/h1/1final/22_팔마고_1학기_기말_고1_기출.js|22_팔마고_1학기_기말_고1_기출|14,[object Object],INDEX_RECORD_PRESENT,original/high/h1/1final/22_팔마고_1학기_기말_고1_기출.js_14,29b947a1d1422b4def7f5d0d708d62418af8d0ad94656355c0625137a588620b,true,⑤,IN_SCOPE_FORWARD,,,CLOSED_NO_SHARED_ASSET
archive/exams/original/high/h1/1final/22_팔마고_1학기_기말_고1_기출.js|22_팔마고_1학기_기말_고1_기출|17,archive/exams/original/high/h1/1final/22_팔마고_1학기_기말_고1_기출.js,22_팔마고_1학기_기말_고1_기출,17,17,17,2015,수학(상),H15-SA-10,직선의 방정식,10,H15-SA-10-DISTANCE_ANGLE,직선 사이의 거리와 각,category_or_cue_inferred,complete_category,객관식,grid,true,객관식|직선의 방정식|고1|기말|도형|직선|그래프|거리|넓이,3580facd92960a9f55c2b3ce051b886012b83e2c2bb42670da3631027960df7a,1c2d5369fa8a83c6064c8b3be01968c77fd296631006aca5d8ac356d8b2c943a,973d2fd2f97e26a666f403b12da6d87e527985b36bcf4ff0a47c7e7e8c36321a,606e7981e2edbfaa87fc05f919d21abd72e70f3e7844b74635b6cb793046bb66,,,assets/images/22_팔마고_1학기_기말_고1_기출/q17-solution.svg,7e5a378e0f10a01dfc7acd656ca91f9d0b1a1af9b07b5913146c4b3b1f6d4237,0,LOADED_VM,,NOT_STARTED,NOT_STARTED,NOT_STARTED,SOURCE_REVIEW,SOURCE_REVIEW,GRAPH_OR_FUNCTION_STRUCTURE|COORDINATE_OR_GEOMETRY_STRUCTURE,,SVG,NO_PROBLEM_VISUAL,REVIEW_REQUIRED,SOLUTION_SVG,NOT_STARTED,,,f5b95b889dc19496e106a268843e2f6d0aa2a55f1a7f21b74635601ec1546012,NOT_STARTED,NOT_STARTED,NOT_STARTED,NOT_TESTED,PASS,canonical_and_compiled_master_match,INVENTORY_PENDING,01_scope_inventory.csv#archive/exams/original/high/h1/1final/22_팔마고_1학기_기말_고1_기출.js|22_팔마고_1학기_기말_고1_기출|17,[object Object],INDEX_RECORD_PRESENT,original/high/h1/1final/22_팔마고_1학기_기말_고1_기출.js_17,29b947a1d1422b4def7f5d0d708d62418af8d0ad94656355c0625137a588620b,true,①,IN_SCOPE_FORWARD,,,CLOSED_NO_SHARED_ASSET
archive/exams/original/high/h1/1final/22_팔마고_1학기_기말_고1_기출.js|22_팔마고_1학기_기말_고1_기출|22,archive/exams/original/high/h1/1final/22_팔마고_1학기_기말_고1_기출.js,22_팔마고_1학기_기말_고1_기출,22,22,22,2015,수학(상),H15-SA-10,직선의 방정식,10,H15-SA-10-DISTANCE_ANGLE,직선 사이의 거리와 각,category_or_cue_inferred,complete_category,단답형,grid,true,서술형|직선의 방정식|고1|기말|도형|직선|거리|교점,63bc583441c65e3e4adb77cbc20fce9a2acf717760b32d737bbc8d5fdb68b4b2,4f53cda18c2baa0c0354bb5f9a3ecbe5ed12ab4d8e11ba873c2f11161202b945,598d78b54c69e81b42857899543c946b02b4189c46e05eab6c792f5cde5ca625,b319c9826336fdd4a5d09fd67da99a63bd2240c255c74e2e45abe63b6d109e99,,,assets/images/22_팔마고_1학기_기말_고1_기출/q22-solution.svg,77f1ec335d02ff3b1f705d27d90df552adbef990eef85410649314a1d6117a78,0,LOADED_VM,,NOT_STARTED,NOT_STARTED,NOT_STARTED,SOURCE_REVIEW,SOURCE_REVIEW,GRAPH_OR_FUNCTION_STRUCTURE|COORDINATE_OR_GEOMETRY_STRUCTURE,,SVG,NO_PROBLEM_VISUAL,REVIEW_REQUIRED,SOLUTION_SVG,NOT_STARTED,,,2eb6f6c72a8d2c8a578a4e51f0b6090ea29e0f144b5f642e3f7674947b11ce94,NOT_STARTED,NOT_STARTED,NOT_STARTED,NOT_TESTED,PASS,canonical_and_compiled_master_match,INVENTORY_PENDING,01_scope_inventory.csv#archive/exams/original/high/h1/1final/22_팔마고_1학기_기말_고1_기출.js|22_팔마고_1학기_기말_고1_기출|22,[object Object],INDEX_RECORD_PRESENT,original/high/h1/1final/22_팔마고_1학기_기말_고1_기출.js_22,29b947a1d1422b4def7f5d0d708d62418af8d0ad94656355c0625137a588620b,true,(1) $y=-x+1$  (2) $\dfrac{\sqrt{10}}{2}$,IN_SCOPE_FORWARD,,,CLOSED_NO_SHARED_ASSET
archive/exams/original/high/h1/1final/22_효천고_1학기_기말_고1_기출.js|22_효천고_1학기_기말_고1_기출|2,archive/exams/original/high/h1/1final/22_효천고_1학기_기말_고1_기출.js,22_효천고_1학기_기말_고1_기출,2,2,2,2015,수학(상),H15-SA-10,직선의 방정식,10,H15-SA-10-DISTANCE_ANGLE,직선 사이의 거리와 각,category_or_cue_inferred,complete_category,객관식,grid,false,객관식|직선|거리공식|계산|도형|그래프|거리,04ac523e09498b75077f53c7c65bdb8dba0745af137b946dad5bb1febcffd8dd,08d71de5445a24876f277259258a5055705d1c6d1d31824fb513e51f90d63696,d41ea6521f53fb3dfa10cf72e2932f4405d9c999fa422cdc840d25d57e90dd34,1a3cd41c328885b102f7825abe0fe81ab438a3a415da44b486de6f7f492dd1d1,,,assets/images/22_효천고_1학기_기말_고1_기출/q02-solution.svg,bbd58f35e92ffcd20485e3c1a9121697379b2b25b17158009c7f9e3d2a3b1b10,0,LOADED_VM,,NOT_STARTED,NOT_STARTED,NOT_STARTED,SOURCE_REVIEW,SOURCE_REVIEW,GRAPH_OR_FUNCTION_STRUCTURE|COORDINATE_OR_GEOMETRY_STRUCTURE|TABLE_OR_MATRIX_STRUCTURE,,SVG,NO_PROBLEM_VISUAL,REVIEW_REQUIRED,SOLUTION_SVG,NOT_STARTED,,,ea5210d9024ab861a9456dd85ada3c1a8d9f21b69e36bc3b3d77f77659df5a7b,NOT_STARTED,NOT_STARTED,NOT_STARTED,NOT_TESTED,PASS,canonical_and_compiled_master_match,INVENTORY_PENDING,01_scope_inventory.csv#archive/exams/original/high/h1/1final/22_효천고_1학기_기말_고1_기출.js|22_효천고_1학기_기말_고1_기출|2,[object Object],INDEX_RECORD_PRESENT,original/high/h1/1final/22_효천고_1학기_기말_고1_기출.js_2,1a5b076b33ec714ab8a8ad40427d24dd700021e9b3aa019bfb56c29e3650434a,true,④,IN_SCOPE_FORWARD,,,CLOSED_NO_SHARED_ASSET
archive/exams/original/high/h1/1final/22_효천고_1학기_기말_고1_기출.js|22_효천고_1학기_기말_고1_기출|16,archive/exams/original/high/h1/1final/22_효천고_1학기_기말_고1_기출.js,22_효천고_1학기_기말_고1_기출,16,16,16,2015,수학(상),H15-SA-10,직선의 방정식,10,H15-SA-10-DISTANCE_ANGLE,직선 사이의 거리와 각,category_or_cue_inferred,complete_category,객관식,grid,false,객관식|직선|보기|거리공식|도형|거리|교점,969d23695106d7cf2c5ec9fe3a657fdb4107cdd8ce16ef51cdbd7a0174be40c6,5b1203d291b7e6b99354b91f9531f8f24290eb67cde422850e260c8ccc8df056,973d2fd2f97e26a666f403b12da6d87e527985b36bcf4ff0a47c7e7e8c36321a,ae69b4a118ca80956618b90ad5d4dba79f095f3269475408c3f9c7d28aa0a157,,,assets/images/22_효천고_1학기_기말_고1_기출/q16-solution.svg,2a62171f1b81819ab092259a2e723569f6b7a139cdeb6cfb570af95cf2507289,0,LOADED_VM,,NOT_STARTED,NOT_STARTED,NOT_STARTED,SOURCE_REVIEW,SOURCE_REVIEW,COORDINATE_OR_GEOMETRY_STRUCTURE,,SVG,NO_PROBLEM_VISUAL,REVIEW_REQUIRED,SOLUTION_SVG,NOT_STARTED,,,17ddea600d5a362b26b06f6c2359b956dd5ee3eb1f4fa38b10436abdb0da353d,NOT_STARTED,NOT_STARTED,NOT_STARTED,NOT_TESTED,PASS,canonical_and_compiled_master_match,INVENTORY_PENDING,01_scope_inventory.csv#archive/exams/original/high/h1/1final/22_효천고_1학기_기말_고1_기출.js|22_효천고_1학기_기말_고1_기출|16,[object Object],INDEX_RECORD_PRESENT,original/high/h1/1final/22_효천고_1학기_기말_고1_기출.js_16,1a5b076b33ec714ab8a8ad40427d24dd700021e9b3aa019bfb56c29e3650434a,true,①,IN_SCOPE_FORWARD,,,CLOSED_NO_SHARED_ASSET
archive/exams/original/high/h1/1final/23_강남여고_1학기_기말_고1_기출.js|23_강남여고_1학기_기말_고1_기출|5,archive/exams/original/high/h1/1final/23_강남여고_1학기_기말_고1_기출.js,23_강남여고_1학기_기말_고1_기출,5,5,5,2015,수학(상),H15-SA-10,직선의 방정식,10,H15-SA-10-PARALLEL_PERPENDICULAR,두 직선의 평행과 수직,category_or_cue_inferred,complete_category,객관식,grid,false,도형|직선|평행,0fe87bb809808622017653d3353d68095d26a66c67586c3ae42aec043d7312b5,68c43784a09d37c2b0d94a06410aa514f19f43854d36baa49673092aac3faaa1,973d2fd2f97e26a666f403b12da6d87e527985b36bcf4ff0a47c7e7e8c36321a,2e8f03b1d1c97fe45e7eca7a6cd6d72071b073c23cd55768d2dbfd7ba83a94ff,,,assets/images/23_강남여고_1학기_기말_고1_기출/q05-solution.svg,d392b1d66eb2e84ab83d5c33b58d5d39ac62e105cd5d17d41cb4026cc82d4852,0,LOADED_VM,,NOT_STARTED,NOT_STARTED,NOT_STARTED,SOURCE_REVIEW,SOURCE_REVIEW,COORDINATE_OR_GEOMETRY_STRUCTURE,,SVG,NO_PROBLEM_VISUAL,REVIEW_REQUIRED,SOLUTION_SVG,NOT_STARTED,,,a8172da6f33d776cd6345e61278763fe2116f58fce6412a653a017932ae33f73,NOT_STARTED,NOT_STARTED,NOT_STARTED,NOT_TESTED,PASS,canonical_and_compiled_master_match,INVENTORY_PENDING,01_scope_inventory.csv#archive/exams/original/high/h1/1final/23_강남여고_1학기_기말_고1_기출.js|23_강남여고_1학기_기말_고1_기출|5,[object Object],INDEX_RECORD_PRESENT,original/high/h1/1final/23_강남여고_1학기_기말_고1_기출.js_5,93afd5bebb6848c6a3009f34813dff32ecaed26c2ad66f79bd8a86334dbed943,true,①,IN_SCOPE_FORWARD,,,CLOSED_NO_SHARED_ASSET
archive/exams/original/high/h1/1final/23_강남여고_1학기_기말_고1_기출.js|23_강남여고_1학기_기말_고1_기출|12,archive/exams/original/high/h1/1final/23_강남여고_1학기_기말_고1_기출.js,23_강남여고_1학기_기말_고1_기출,12,12,12,2015,수학(상),H15-SA-10,직선의 방정식,10,H15-SA-10-PARALLEL_PERPENDICULAR,두 직선의 평행과 수직,category_or_cue_inferred,complete_category,객관식,grid,false,도형|직선|수직,d252c667acba4125067c077c9bb1eaa4c1d1ef4a2d2103541d37516cfe41abbd,f505b5009a9ab0eaa93c89a911b991ef3f359876cd3ea989004955463a032697,973d2fd2f97e26a666f403b12da6d87e527985b36bcf4ff0a47c7e7e8c36321a,fca4ce1c21f84d05a89a52abfc85e75832f00eddbab92413cd97d3b3d3588589,,,assets/images/23_강남여고_1학기_기말_고1_기출/q12-solution.svg,7301b04df34a4f14c1d4c8b21bdd3b86eb17a1f49ded5bb2801541e668a2c20b,0,LOADED_VM,,NOT_STARTED,NOT_STARTED,NOT_STARTED,SOURCE_REVIEW,SOURCE_REVIEW,COORDINATE_OR_GEOMETRY_STRUCTURE,,SVG,NO_PROBLEM_VISUAL,REVIEW_REQUIRED,SOLUTION_SVG,NOT_STARTED,,,a5c63d09deb922459c8d57a58a9c3071cf6878529295236bd1a5782de7cc92f0,NOT_STARTED,NOT_STARTED,NOT_STARTED,NOT_TESTED,PASS,canonical_and_compiled_master_match,INVENTORY_PENDING,01_scope_inventory.csv#archive/exams/original/high/h1/1final/23_강남여고_1학기_기말_고1_기출.js|23_강남여고_1학기_기말_고1_기출|12,[object Object],INDEX_RECORD_PRESENT,original/high/h1/1final/23_강남여고_1학기_기말_고1_기출.js_12,93afd5bebb6848c6a3009f34813dff32ecaed26c2ad66f79bd8a86334dbed943,true,①,IN_SCOPE_FORWARD,,,CLOSED_NO_SHARED_ASSET
archive/exams/original/high/h1/1final/23_강남여고_1학기_기말_고1_기출.js|23_강남여고_1학기_기말_고1_기출|13,archive/exams/original/high/h1/1final/23_강남여고_1학기_기말_고1_기출.js,23_강남여고_1학기_기말_고1_기출,13,13,13,2015,수학(상),H15-SA-10,직선의 방정식,10,H15-SA-10-DISTANCE_ANGLE,직선 사이의 거리와 각,category_or_cue_inferred,complete_category,객관식,grid,false,도형|직선|거리,24a7d14f168b3eef160c7b1e968005d0345fc25b606eda67f959c4afcb9aeeea,a1a7e9b41c9adf18cff32d369c1bdb0778fd40c1e51d98ee55eac16f2f122351,b15be6cb71072b84f7e1e198ce023fc5bb8b1e625335904ddcf3cffcd8b7312b,5d2f170c97bb2ba2ca0e1ebf078f0067672381133052d339d76892955f772cb7,,,assets/images/23_강남여고_1학기_기말_고1_기출/q13-solution.svg,2c9b94bfc9dd115e65ad4faf5f80cd5f204c5fcc85dbdd44f026085274dbf9f6,0,LOADED_VM,,NOT_STARTED,NOT_STARTED,NOT_STARTED,SOURCE_REVIEW,SOURCE_REVIEW,COORDINATE_OR_GEOMETRY_STRUCTURE,,SVG,NO_PROBLEM_VISUAL,REVIEW_REQUIRED,SOLUTION_SVG,NOT_STARTED,,,764b4a493c17ba9dfb50101676dbfb58ba0338393b9dbc99d4100cbb587fa2e2,NOT_STARTED,NOT_STARTED,NOT_STARTED,NOT_TESTED,PASS,canonical_and_compiled_master_match,INVENTORY_PENDING,01_scope_inventory.csv#archive/exams/original/high/h1/1final/23_강남여고_1학기_기말_고1_기출.js|23_강남여고_1학기_기말_고1_기출|13,[object Object],INDEX_RECORD_PRESENT,original/high/h1/1final/23_강남여고_1학기_기말_고1_기출.js_13,93afd5bebb6848c6a3009f34813dff32ecaed26c2ad66f79bd8a86334dbed943,true,③,IN_SCOPE_FORWARD,,,CLOSED_NO_SHARED_ASSET
archive/exams/original/high/h1/1final/23_강남여고_1학기_기말_고1_기출.js|23_강남여고_1학기_기말_고1_기출|22,archive/exams/original/high/h1/1final/23_강남여고_1학기_기말_고1_기출.js,23_강남여고_1학기_기말_고1_기출,22,22,22,2015,수학(상),H15-SA-10,직선의 방정식,10,H15-SA-10-PARALLEL_PERPENDICULAR,두 직선의 평행과 수직,category_or_cue_inferred,complete_category,단답형,grid,false,도형|직선|수직,10ba5bb4f5edb0e3107f786ed7e7d41b79b3abc44f7e6a4327bc542e178e4441,4f53cda18c2baa0c0354bb5f9a3ecbe5ed12ab4d8e11ba873c2f11161202b945,5505ad823a0edced80803d33aa17cc7e735fa3facff640324b2387e82b2b4d02,d60e74e8e1b6b86c2ca26fa996773df6980cb5c3ae0cb239d51b0a632d52b081,,,assets/images/23_강남여고_1학기_기말_고1_기출/q22-solution.svg,74fb10671444fef46769fb77da912e3ee2a49e3f3aae800ba71201113e5f1868,0,LOADED_VM,,NOT_STARTED,NOT_STARTED,NOT_STARTED,SOURCE_REVIEW,SOURCE_REVIEW,COORDINATE_OR_GEOMETRY_STRUCTURE,,SVG,NO_PROBLEM_VISUAL,REVIEW_REQUIRED,SOLUTION_SVG,NOT_STARTED,,,a89e7db6668ca07d4fa6be55bffc84b815ea879057a9e2b80c0a15ee24e8dbaa,NOT_STARTED,NOT_STARTED,NOT_STARTED,NOT_TESTED,PASS,canonical_and_compiled_master_match,INVENTORY_PENDING,01_scope_inventory.csv#archive/exams/original/high/h1/1final/23_강남여고_1학기_기말_고1_기출.js|23_강남여고_1학기_기말_고1_기출|22,[object Object],INDEX_RECORD_PRESENT,original/high/h1/1final/23_강남여고_1학기_기말_고1_기출.js_22,93afd5bebb6848c6a3009f34813dff32ecaed26c2ad66f79bd8a86334dbed943,true,$y=-3x-9$,IN_SCOPE_FORWARD,,,CLOSED_NO_SHARED_ASSET
archive/exams/original/high/h1/1final/23_강남여고_1학기_기말_고1_기출.js|23_강남여고_1학기_기말_고1_기출|24,archive/exams/original/high/h1/1final/23_강남여고_1학기_기말_고1_기출.js,23_강남여고_1학기_기말_고1_기출,24,24,24,2015,수학(상),H15-SA-10,직선의 방정식,10,H15-SA-10-PARALLEL_PERPENDICULAR,두 직선의 평행과 수직,category_or_cue_inferred,complete_category,단답형,grid,false,도형|직선|평행|수직,65a6f986f40eeb10412295bfe96a8883a9c24c092560e318c1faf8a765ecad86,4f53cda18c2baa0c0354bb5f9a3ecbe5ed12ab4d8e11ba873c2f11161202b945,ec16cc0cf9a1d9229bef6aa7bea3bbc4d6bba2977b94182fa46e545e51d35c72,f09ced5b7e1b7964b654b6dc91bfea102b1557ba50e1f14e3f1547ee3fc2940c,,,assets/images/23_강남여고_1학기_기말_고1_기출/q24-solution.svg,abbf41fc506c70a44491b8924fb796c06bc3dd1d98df5ad979cfad60cc2a912e,0,LOADED_VM,,NOT_STARTED,NOT_STARTED,NOT_STARTED,SOURCE_REVIEW,SOURCE_REVIEW,COORDINATE_OR_GEOMETRY_STRUCTURE,,SVG,NO_PROBLEM_VISUAL,REVIEW_REQUIRED,SOLUTION_SVG,NOT_STARTED,,,692caa43eb332129cf27c1e36e100c03f72814d4de2c967a91978392449433d5,NOT_STARTED,NOT_STARTED,NOT_STARTED,NOT_TESTED,PASS,canonical_and_compiled_master_match,INVENTORY_PENDING,01_scope_inventory.csv#archive/exams/original/high/h1/1final/23_강남여고_1학기_기말_고1_기출.js|23_강남여고_1학기_기말_고1_기출|24,[object Object],INDEX_RECORD_PRESENT,original/high/h1/1final/23_강남여고_1학기_기말_고1_기출.js_24,93afd5bebb6848c6a3009f34813dff32ecaed26c2ad66f79bd8a86334dbed943,true,$17$,IN_SCOPE_FORWARD,,,CLOSED_NO_SHARED_ASSET
archive/exams/original/high/h1/1final/23_금당고_1학기_기말_고1_기출.js|23_금당고_1학기_기말_고1_기출|3,archive/exams/original/high/h1/1final/23_금당고_1학기_기말_고1_기출.js,23_금당고_1학기_기말_고1_기출,3,3,3,2015,수학(상),H15-SA-10,직선의 방정식,10,H15-SA-10-LINE_EQUATION,직선의 방정식,category_or_cue_inferred,complete_category,객관식,grid,false,객관식|직선의 방정식|고1|기말|도형|직선,a383730ba53dad839e0cc2babc48620b0039464e25d6f28e6ef0ca924c1cc6f7,3cc19e370a6671b60f17396fd032ed6593aa1547f8af80d6ab8d949018911b5e,b15be6cb71072b84f7e1e198ce023fc5bb8b1e625335904ddcf3cffcd8b7312b,990cb7470d4b81ec65bb6f44cc74259ae039b106abdb7ea309777b172308aea7,,,assets/images/23_금당고_1학기_기말_고1_기출/q03-solution.svg,ad663f6334ca51c08e48f2f653bc11abf6a9c53b055ed198cc070d358eabc66f,0,LOADED_VM,,NOT_STARTED,NOT_STARTED,NOT_STARTED,SOURCE_REVIEW,SOURCE_REVIEW,GRAPH_OR_FUNCTION_STRUCTURE|COORDINATE_OR_GEOMETRY_STRUCTURE,,SVG,NO_PROBLEM_VISUAL,REVIEW_REQUIRED,SOLUTION_SVG,NOT_STARTED,,,ff36c68a5a0a336779a257e07c58ab613ca801210a0d8fd42a9bd008b1dd43b1,NOT_STARTED,NOT_STARTED,NOT_STARTED,NOT_TESTED,PASS,canonical_and_compiled_master_match,INVENTORY_PENDING,01_scope_inventory.csv#archive/exams/original/high/h1/1final/23_금당고_1학기_기말_고1_기출.js|23_금당고_1학기_기말_고1_기출|3,[object Object],INDEX_RECORD_PRESENT,original/high/h1/1final/23_금당고_1학기_기말_고1_기출.js_3,005eb72b00e3af463006c36da612ba1fc04c4fbca79d217d810b485a98837209,true,③,IN_SCOPE_FORWARD,,,CLOSED_NO_SHARED_ASSET
archive/exams/original/high/h1/1final/23_금당고_1학기_기말_고1_기출.js|23_금당고_1학기_기말_고1_기출|5,archive/exams/original/high/h1/1final/23_금당고_1학기_기말_고1_기출.js,23_금당고_1학기_기말_고1_기출,5,5,5,2015,수학(상),H15-SA-10,직선의 방정식,10,H15-SA-10-PARALLEL_PERPENDICULAR,두 직선의 평행과 수직,category_or_cue_inferred,complete_category,객관식,grid,false,객관식|직선의 방정식|고1|기말|도형|직선|평행,298abceca5f4b45f02dc89c0afb89a947789434bcc12881becd89fc49ad3978a,e67d4862e32f4b3e590740e6734e79cfe8dcc691d929f490202af9937e2cc36d,d41ea6521f53fb3dfa10cf72e2932f4405d9c999fa422cdc840d25d57e90dd34,80a14b55c7ef8a759ba515adef94fd913cf04211d44911862afb62b81dfa5b4c,,,assets/images/23_금당고_1학기_기말_고1_기출/q05-solution.svg,1e80afbab310f8d220552474f12efff501d08a910d2d07ed1910526588fc8277,0,LOADED_VM,,NOT_STARTED,NOT_STARTED,NOT_STARTED,SOURCE_REVIEW,SOURCE_REVIEW,COORDINATE_OR_GEOMETRY_STRUCTURE,,SVG,NO_PROBLEM_VISUAL,REVIEW_REQUIRED,SOLUTION_SVG,NOT_STARTED,,,b3d99e3f09411c39aad325a5f2eae24512ad8c250774c626f9d369f24ae30e80,NOT_STARTED,NOT_STARTED,NOT_STARTED,NOT_TESTED,PASS,canonical_and_compiled_master_match,INVENTORY_PENDING,01_scope_inventory.csv#archive/exams/original/high/h1/1final/23_금당고_1학기_기말_고1_기출.js|23_금당고_1학기_기말_고1_기출|5,[object Object],INDEX_RECORD_PRESENT,original/high/h1/1final/23_금당고_1학기_기말_고1_기출.js_5,005eb72b00e3af463006c36da612ba1fc04c4fbca79d217d810b485a98837209,true,④,IN_SCOPE_FORWARD,,,CLOSED_NO_SHARED_ASSET
archive/exams/original/high/h1/1final/23_금당고_1학기_기말_고1_기출.js|23_금당고_1학기_기말_고1_기출|7,archive/exams/original/high/h1/1final/23_금당고_1학기_기말_고1_기출.js,23_금당고_1학기_기말_고1_기출,7,7,7,2015,수학(상),H15-SA-10,직선의 방정식,10,H15-SA-10-PARALLEL_PERPENDICULAR,두 직선의 평행과 수직,category_or_cue_inferred,complete_category,객관식,grid,false,객관식|직선의 방정식|고1|기말|도형|직선|수직|절편,c9458e768381e023909d962489b26df75fc61b0bcc98fa4368ba41b3a4624236,d238063e92781ac8c4073b1a4967318e89a02ac970944422d1ac19392509ce57,973d2fd2f97e26a666f403b12da6d87e527985b36bcf4ff0a47c7e7e8c36321a,4d5fb02da2b37ad1ac73f5804a524c51915196285c30be1ded0b5368f6a00419,,,assets/images/23_금당고_1학기_기말_고1_기출/q07-solution.svg,d064d508cfbda4159276fef08016f7040acd840a2fd18cf3c3e68ab99cf91834,0,LOADED_VM,,NOT_STARTED,NOT_STARTED,NOT_STARTED,SOURCE_REVIEW,SOURCE_REVIEW,COORDINATE_OR_GEOMETRY_STRUCTURE,,SVG,NO_PROBLEM_VISUAL,REVIEW_REQUIRED,SOLUTION_SVG,NOT_STARTED,,,acbfb39af13c9c54f663877b8e3b023b3a2bdce91915d8f396f272906aabc432,NOT_STARTED,NOT_STARTED,NOT_STARTED,NOT_TESTED,PASS,canonical_and_compiled_master_match,INVENTORY_PENDING,01_scope_inventory.csv#archive/exams/original/high/h1/1final/23_금당고_1학기_기말_고1_기출.js|23_금당고_1학기_기말_고1_기출|7,[object Object],INDEX_RECORD_PRESENT,original/high/h1/1final/23_금당고_1학기_기말_고1_기출.js_7,005eb72b00e3af463006c36da612ba1fc04c4fbca79d217d810b485a98837209,true,①,IN_SCOPE_FORWARD,,,CLOSED_NO_SHARED_ASSET
archive/exams/original/high/h1/1final/23_금당고_1학기_기말_고1_기출.js|23_금당고_1학기_기말_고1_기출|12,archive/exams/original/high/h1/1final/23_금당고_1학기_기말_고1_기출.js,23_금당고_1학기_기말_고1_기출,12,12,12,2015,수학(상),H15-SA-10,직선의 방정식,10,H15-SA-10-DISTANCE_ANGLE,직선 사이의 거리와 각,category_or_cue_inferred,complete_category,객관식,grid,false,객관식|직선의 방정식|고1|기말|도형|직선|평행|거리|넓이,479ea990c43f896d0d3c68958698425d7e1dff0f8aa1033afb81b7dc05deadbc,cd7c6654c6463012c6c7ade87b83cc40ddda724c4a694d68e7a4fcab321ceed7,973d2fd2f97e26a666f403b12da6d87e527985b36bcf4ff0a47c7e7e8c36321a,a9f960445255a9d34ea001f40e5f89127b8b2764c8fc68648e13f913c269d46a,assets/images/23_금당고_1학기_기말_고1_기출/q12.png,8c71316c04b93352c492148f6e0a53c353d408b6c06bb47dac0220940d7a3279,assets/images/23_금당고_1학기_기말_고1_기출/q12-solution.svg,290126f8b9d157bc9d7669811e83526a8f8e697bad7d626e09eea3598ba9e566,0,LOADED_VM,,NOT_STARTED,NOT_STARTED,NOT_STARTED,SOURCE_REVIEW,SOURCE_REVIEW,COORDINATE_OR_GEOMETRY_STRUCTURE,,SVG,PROBLEM_VISUAL_PRESENT,REVIEW_REQUIRED,SOLUTION_SVG,NOT_STARTED,,,b613651dd2f0541e874e235baf0fef2fec21e8c9f7d914e1e34a028222c03496,NOT_STARTED,NOT_STARTED,NOT_STARTED,NOT_TESTED,PASS,canonical_and_compiled_master_match,INVENTORY_PENDING,01_scope_inventory.csv#archive/exams/original/high/h1/1final/23_금당고_1학기_기말_고1_기출.js|23_금당고_1학기_기말_고1_기출|12,[object Object]|[object Object],INDEX_RECORD_PRESENT,original/high/h1/1final/23_금당고_1학기_기말_고1_기출.js_12,005eb72b00e3af463006c36da612ba1fc04c4fbca79d217d810b485a98837209,true,①,IN_SCOPE_FORWARD,,,CLOSED_NO_SHARED_ASSET
archive/exams/original/high/h1/1final/23_금당고_1학기_기말_고1_기출.js|23_금당고_1학기_기말_고1_기출|17,archive/exams/original/high/h1/1final/23_금당고_1학기_기말_고1_기출.js,23_금당고_1학기_기말_고1_기출,17,17,17,2015,수학(상),H15-SA-10,직선의 방정식,10,H15-SA-10-DISTANCE_ANGLE,직선 사이의 거리와 각,category_or_cue_inferred,complete_category,객관식,grid,false,객관식|직선의 방정식|고1|기말|도형|직선|거리,db45424c9fd8fbefd36d8063dc8908b81daf07efd0f8b2ea8393e4c5e86e1c3b,c8cb7a3252bcd8b6450899f3da09f1f91649e04584a833aa1d645ecfebd2f9ad,b15be6cb71072b84f7e1e198ce023fc5bb8b1e625335904ddcf3cffcd8b7312b,b6b7a7f4025de71979deb3e6faf5c2cef4a308542723136c4b03d02a3d4e1dbc,,,assets/images/23_금당고_1학기_기말_고1_기출/q17-solution.svg,21089d51cbcb68256e5e36d629ac45712cbb1907812fbcc1c68497a1349a032c,0,LOADED_VM,,NOT_STARTED,NOT_STARTED,NOT_STARTED,SOURCE_REVIEW,SOURCE_REVIEW,COORDINATE_OR_GEOMETRY_STRUCTURE,,SVG,NO_PROBLEM_VISUAL,REVIEW_REQUIRED,SOLUTION_SVG,NOT_STARTED,,,3a4b300ba64c65b4ceb658bad05a07683e3b6e7c313d0a1992a93131c74be7ef,NOT_STARTED,NOT_STARTED,NOT_STARTED,NOT_TESTED,PASS,canonical_and_compiled_master_match,INVENTORY_PENDING,01_scope_inventory.csv#archive/exams/original/high/h1/1final/23_금당고_1학기_기말_고1_기출.js|23_금당고_1학기_기말_고1_기출|17,[object Object],INDEX_RECORD_PRESENT,original/high/h1/1final/23_금당고_1학기_기말_고1_기출.js_17,005eb72b00e3af463006c36da612ba1fc04c4fbca79d217d810b485a98837209,true,③,IN_SCOPE_FORWARD,,,CLOSED_NO_SHARED_ASSET
archive/exams/original/high/h1/1final/23_매산고_1학기_기말_고1_기출.js|23_매산고_1학기_기말_고1_기출|2,archive/exams/original/high/h1/1final/23_매산고_1학기_기말_고1_기출.js,23_매산고_1학기_기말_고1_기출,2,2,2,2015,수학(상),H15-SA-10,직선의 방정식,10,H15-SA-10-LINE_EQUATION,직선의 방정식,category_or_cue_inferred,complete_category,객관식,grid,false,객관식|직선|기울기|방정식|도형,9a538fb8dee7819e6f35ea72d877b57f038e621aa17f0492034760deded5afbe,7dd630f845f9c6665f2b18478330c4588832161e07a56f47b2ba6035502dde8b,d41ea6521f53fb3dfa10cf72e2932f4405d9c999fa422cdc840d25d57e90dd34,5d1951c8e26aa375277a10527dc57634e76611d531ac64da144bed62926a6f48,,,assets/images/23_매산고_1학기_기말_고1_기출/q02-solution.svg,53ce38c699e0ee0ba247c8269d28e25d835d36e479b3b4b84aa90c24139e2b9a,0,LOADED_VM,,NOT_STARTED,NOT_STARTED,NOT_STARTED,SOURCE_REVIEW,SOURCE_REVIEW,COORDINATE_OR_GEOMETRY_STRUCTURE,,SVG,NO_PROBLEM_VISUAL,REVIEW_REQUIRED,SOLUTION_SVG,NOT_STARTED,,,ab579fc5e5eada41f919751cea18a31999b7d5e7876bd7b4436fc09018f220a9,NOT_STARTED,NOT_STARTED,NOT_STARTED,NOT_TESTED,PASS,canonical_and_compiled_master_match,INVENTORY_PENDING,01_scope_inventory.csv#archive/exams/original/high/h1/1final/23_매산고_1학기_기말_고1_기출.js|23_매산고_1학기_기말_고1_기출|2,[object Object],INDEX_RECORD_PRESENT,original/high/h1/1final/23_매산고_1학기_기말_고1_기출.js_2,3812df820fd0822ff1a25293c00416ec21e85deac39bda7b40d9b8cfbfec0d75,true,④,IN_SCOPE_FORWARD,,,CLOSED_NO_SHARED_ASSET
archive/exams/original/high/h1/1final/23_매산고_1학기_기말_고1_기출.js|23_매산고_1학기_기말_고1_기출|7,archive/exams/original/high/h1/1final/23_매산고_1학기_기말_고1_기출.js,23_매산고_1학기_기말_고1_기출,7,7,7,2015,수학(상),H15-SA-10,직선의 방정식,10,H15-SA-10-PARALLEL_PERPENDICULAR,두 직선의 평행과 수직,category_or_cue_inferred,complete_category,객관식,grid,false,객관식|수직이등분선|기울기|평행|도형|직선|수직,774706823303485f552ebd800bdf95eb27156305fd999e1abb8fdd509b286f24,6fb47299ab13a3c216411d27ec6bb95aaae85583ab70bd9b54a035a145ded7e3,973d2fd2f97e26a666f403b12da6d87e527985b36bcf4ff0a47c7e7e8c36321a,219be80950808c527a6a5338fa7b7b48a5f09f780b5246b705ff3da8c1b9e7cf,,,assets/images/23_매산고_1학기_기말_고1_기출/q07-solution.svg,a0dd754cf6a5812b5f462af877fd45f873c9c8d563fab08ae625f7bbab34582e,0,LOADED_VM,,NOT_STARTED,NOT_STARTED,NOT_STARTED,SOURCE_REVIEW,SOURCE_REVIEW,COORDINATE_OR_GEOMETRY_STRUCTURE,,SVG,NO_PROBLEM_VISUAL,REVIEW_REQUIRED,SOLUTION_SVG,NOT_STARTED,,,90c4166d1e893c7b4b5f94faa12af97d462a19d62cb6cff2a29a7b77d816ac9b,NOT_STARTED,NOT_STARTED,NOT_STARTED,NOT_TESTED,PASS,canonical_and_compiled_master_match,INVENTORY_PENDING,01_scope_inventory.csv#archive/exams/original/high/h1/1final/23_매산고_1학기_기말_고1_기출.js|23_매산고_1학기_기말_고1_기출|7,[object Object],INDEX_RECORD_PRESENT,original/high/h1/1final/23_매산고_1학기_기말_고1_기출.js_7,3812df820fd0822ff1a25293c00416ec21e85deac39bda7b40d9b8cfbfec0d75,true,①,IN_SCOPE_FORWARD,,,CLOSED_NO_SHARED_ASSET
archive/exams/original/high/h1/1final/23_복성고_1학기_기말_고1_기출.js|23_복성고_1학기_기말_고1_기출|4,archive/exams/original/high/h1/1final/23_복성고_1학기_기말_고1_기출.js,23_복성고_1학기_기말_고1_기출,4,4,4,2015,수학(상),H15-SA-10,직선의 방정식,10,H15-SA-10-LINE_EQUATION,직선의 방정식,category_or_cue_inferred,complete_category,객관식,grid,false,객관식|기울기|직선|계산|도형,d9b7cbcd124974b45cc17355322e316e583792d424109525cfb323ec359c2d81,3cc19e370a6671b60f17396fd032ed6593aa1547f8af80d6ab8d949018911b5e,d41ea6521f53fb3dfa10cf72e2932f4405d9c999fa422cdc840d25d57e90dd34,034f25f8d1ed468c603b71e57dc8804ebcc00c970d476175faed349270745901,,,assets/images/23_복성고_1학기_기말_고1_기출/q04-solution.svg,fbe28b7ddbf816912042e04db2b0a3aa5fc7a8c41826ca2d0707130a3ab5cd6b,0,LOADED_VM,,NOT_STARTED,NOT_STARTED,NOT_STARTED,SOURCE_REVIEW,SOURCE_REVIEW,COORDINATE_OR_GEOMETRY_STRUCTURE,,SVG,NO_PROBLEM_VISUAL,REVIEW_REQUIRED,SOLUTION_SVG,NOT_STARTED,,,a4e48e3e99820429454b61dcd5947d968f4aea9366af14523045c4607758567d,NOT_STARTED,NOT_STARTED,NOT_STARTED,NOT_TESTED,PASS,canonical_and_compiled_master_match,INVENTORY_PENDING,01_scope_inventory.csv#archive/exams/original/high/h1/1final/23_복성고_1학기_기말_고1_기출.js|23_복성고_1학기_기말_고1_기출|4,[object Object],INDEX_RECORD_PRESENT,original/high/h1/1final/23_복성고_1학기_기말_고1_기출.js_4,97025c9ab5909585fae7a3e1a0b6c3f091416fbc49d6125d7a69a64581c55589,true,④,IN_SCOPE_FORWARD,,,CLOSED_NO_SHARED_ASSET
archive/exams/original/high/h1/1final/23_복성고_1학기_기말_고1_기출.js|23_복성고_1학기_기말_고1_기출|5,archive/exams/original/high/h1/1final/23_복성고_1학기_기말_고1_기출.js,23_복성고_1학기_기말_고1_기출,5,5,5,2015,수학(상),H15-SA-10,직선의 방정식,10,H15-SA-10-PARALLEL_PERPENDICULAR,두 직선의 평행과 수직,category_or_cue_inferred,complete_category,객관식,grid,false,객관식|수직|기울기|직선|도형|절편,6302a8faa92f0e9f024301351e48d8cc21937c395915d79738dc9d1337ffdc40,b65aab968934f955e872fa1b2762ba760336e57d29a03be424777d1ce42c48a6,0bdef091c479702584f065d3a3714f8a76f851b3f0cf10912f345a5dd930b0a8,caeb83493fbe45ec7e216c7d67c6e1138c96f5db07f3560bef4e8cc53daf71b9,,,assets/images/23_복성고_1학기_기말_고1_기출/q05-solution.svg,e2293bbc0c020ba7d9467c2c377a3ac519819105eee5b2695647f7fbfa674664,0,LOADED_VM,,NOT_STARTED,NOT_STARTED,NOT_STARTED,SOURCE_REVIEW,SOURCE_REVIEW,COORDINATE_OR_GEOMETRY_STRUCTURE,,SVG,NO_PROBLEM_VISUAL,REVIEW_REQUIRED,SOLUTION_SVG,NOT_STARTED,,,04802ba733504e6deb0650cf6ed421ab6046c24e8c2f8c2f89ac4469e70c85de,NOT_STARTED,NOT_STARTED,NOT_STARTED,NOT_TESTED,PASS,canonical_and_compiled_master_match,INVENTORY_PENDING,01_scope_inventory.csv#archive/exams/original/high/h1/1final/23_복성고_1학기_기말_고1_기출.js|23_복성고_1학기_기말_고1_기출|5,[object Object],INDEX_RECORD_PRESENT,original/high/h1/1final/23_복성고_1학기_기말_고1_기출.js_5,97025c9ab5909585fae7a3e1a0b6c3f091416fbc49d6125d7a69a64581c55589,true,⑤,IN_SCOPE_FORWARD,,,CLOSED_NO_SHARED_ASSET
archive/exams/original/high/h1/1final/23_복성고_1학기_기말_고1_기출.js|23_복성고_1학기_기말_고1_기출|11,archive/exams/original/high/h1/1final/23_복성고_1학기_기말_고1_기출.js,23_복성고_1학기_기말_고1_기출,11,11,11,2015,수학(상),H15-SA-10,직선의 방정식,10,H15-SA-10-PARALLEL_PERPENDICULAR,두 직선의 평행과 수직,category_or_cue_inferred,complete_category,객관식,grid,false,객관식|직선|삼각형|평행|공점|조건해석|도형,38b22025a8c7d1bb87ec754209c280e270e040c1c9f550dd42802cf9dd0aeaf9,c81ad8359d84d84c5ef55b697715356283d3e4c27dc9f5c800f1c0555141071f,973d2fd2f97e26a666f403b12da6d87e527985b36bcf4ff0a47c7e7e8c36321a,d74b83d1c34993281c18a4b1416be67cf1f81544243d01deaed0d8faf26691ac,,,assets/images/23_복성고_1학기_기말_고1_기출/q11-solution.svg,9aee627a11f21b5d7184462a129a8a9e5ea56d203902b490ebf207e44497a3ba,0,LOADED_VM,,NOT_STARTED,NOT_STARTED,NOT_STARTED,SOURCE_REVIEW,SOURCE_REVIEW,GRAPH_OR_FUNCTION_STRUCTURE|COORDINATE_OR_GEOMETRY_STRUCTURE,,SVG,NO_PROBLEM_VISUAL,REVIEW_REQUIRED,SOLUTION_SVG,NOT_STARTED,,,38f7a4d06af018850b271f22ebd404496f38a637e2cc6c1eea9acf8725cc80a8,NOT_STARTED,NOT_STARTED,NOT_STARTED,NOT_TESTED,PASS,canonical_and_compiled_master_match,INVENTORY_PENDING,01_scope_inventory.csv#archive/exams/original/high/h1/1final/23_복성고_1학기_기말_고1_기출.js|23_복성고_1학기_기말_고1_기출|11,[object Object],INDEX_RECORD_PRESENT,original/high/h1/1final/23_복성고_1학기_기말_고1_기출.js_11,97025c9ab5909585fae7a3e1a0b6c3f091416fbc49d6125d7a69a64581c55589,true,①,IN_SCOPE_FORWARD,,,CLOSED_NO_SHARED_ASSET
archive/exams/original/high/h1/1final/23_순천여고_1학기_기말_고1_기출.js|23_순천여고_1학기_기말_고1_기출|2,archive/exams/original/high/h1/1final/23_순천여고_1학기_기말_고1_기출.js,23_순천여고_1학기_기말_고1_기출,2,2,2,2015,수학(상),H15-SA-10,직선의 방정식,10,H15-SA-10-LINE_EQUATION,직선의 방정식,category_or_cue_inferred,complete_category,객관식,grid,false,도형|직선,79af97201e6161a22eb682bc41fecab18e41417fbd2a50d7e08222dd0170dc29,089e9ad75d1e53f0176287410930641bc497a7ce15eaf881f7096b9eb287d699,d41ea6521f53fb3dfa10cf72e2932f4405d9c999fa422cdc840d25d57e90dd34,02ba27a2c93ada4e530ea76222a9d835b353ce1bb21b7aa1a6c650162f09b520,,,assets/images/23_순천여고_1학기_기말_고1_기출/q02-solution.svg,0ce6ee58dc9f7d691efdf685f0595e0c5d247553f068d0c1d026cae9f2abe824,0,LOADED_VM,,NOT_STARTED,NOT_STARTED,NOT_STARTED,SOURCE_REVIEW,SOURCE_REVIEW,COORDINATE_OR_GEOMETRY_STRUCTURE,,SVG,NO_PROBLEM_VISUAL,REVIEW_REQUIRED,SOLUTION_SVG,NOT_STARTED,,,2a8063d604186f736ff5628026ca0c7ab084d80bc0f15b679b54971c397f1544,NOT_STARTED,NOT_STARTED,NOT_STARTED,NOT_TESTED,PASS,canonical_and_compiled_master_match,INVENTORY_PENDING,01_scope_inventory.csv#archive/exams/original/high/h1/1final/23_순천여고_1학기_기말_고1_기출.js|23_순천여고_1학기_기말_고1_기출|2,[object Object],INDEX_RECORD_PRESENT,original/high/h1/1final/23_순천여고_1학기_기말_고1_기출.js_2,19e4cd9a1bbb6207b1d172298be76c4cdfcac65ca26b2ddc3e28ad06a393cd9d,true,④,IN_SCOPE_FORWARD,,,CLOSED_NO_SHARED_ASSET
archive/exams/original/high/h1/1final/23_순천여고_1학기_기말_고1_기출.js|23_순천여고_1학기_기말_고1_기출|4,archive/exams/original/high/h1/1final/23_순천여고_1학기_기말_고1_기출.js,23_순천여고_1학기_기말_고1_기출,4,4,4,2015,수학(상),H15-SA-10,직선의 방정식,10,H15-SA-10-PARALLEL_PERPENDICULAR,두 직선의 평행과 수직,category_or_cue_inferred,complete_category,객관식,grid,false,도형|직선|절편,3dea2623d5c16b6627b1264eed69a49375aa9ada8063931d7abe691b05f33593,d601fd23445f2769d635c0f649aaf6d04b385a7d56c029a78b68ab105d958e27,d41ea6521f53fb3dfa10cf72e2932f4405d9c999fa422cdc840d25d57e90dd34,9dcd33f302a0538547e1130af15e50ef0420a9216509819de5a848c647603025,,,assets/images/23_순천여고_1학기_기말_고1_기출/q04-solution.svg,bb6e52eb5b5abe21924b7423c5ad0a0240e5a74bc0317d66d7f0d1b3373903d0,0,LOADED_VM,,NOT_STARTED,NOT_STARTED,NOT_STARTED,SOURCE_REVIEW,SOURCE_REVIEW,GRAPH_OR_FUNCTION_STRUCTURE|COORDINATE_OR_GEOMETRY_STRUCTURE,,SVG,NO_PROBLEM_VISUAL,REVIEW_REQUIRED,SOLUTION_SVG,NOT_STARTED,,,9162350bad5b28581a15eea9385d7c4f8a8e814bdfeeac6c9b49ba27488a62fb,NOT_STARTED,NOT_STARTED,NOT_STARTED,NOT_TESTED,PASS,canonical_and_compiled_master_match,INVENTORY_PENDING,01_scope_inventory.csv#archive/exams/original/high/h1/1final/23_순천여고_1학기_기말_고1_기출.js|23_순천여고_1학기_기말_고1_기출|4,[object Object],INDEX_RECORD_PRESENT,original/high/h1/1final/23_순천여고_1학기_기말_고1_기출.js_4,19e4cd9a1bbb6207b1d172298be76c4cdfcac65ca26b2ddc3e28ad06a393cd9d,true,④,IN_SCOPE_FORWARD,,,CLOSED_NO_SHARED_ASSET
archive/exams/original/high/h1/1final/23_순천여고_1학기_기말_고1_기출.js|23_순천여고_1학기_기말_고1_기출|11,archive/exams/original/high/h1/1final/23_순천여고_1학기_기말_고1_기출.js,23_순천여고_1학기_기말_고1_기출,11,11,11,2015,수학(상),H15-SA-10,직선의 방정식,10,H15-SA-10-PARALLEL_PERPENDICULAR,두 직선의 평행과 수직,category_or_cue_inferred,complete_category,객관식,grid,false,도형|직선|수직,694c8468c8904715e074c24ca14bc52b712b2c1b18c233b7aa1c82f736739f19,089e9ad75d1e53f0176287410930641bc497a7ce15eaf881f7096b9eb287d699,973d2fd2f97e26a666f403b12da6d87e527985b36bcf4ff0a47c7e7e8c36321a,d18cd31b620997f39629668b5301a0f3b412b3b45d7d10d3f5bc17d496512d0c,,,assets/images/23_순천여고_1학기_기말_고1_기출/q11-solution.svg,93dfc30b5851166872e1cc45e009591694cd01d2a743638f2a553da0547f45b9,0,LOADED_VM,,NOT_STARTED,NOT_STARTED,NOT_STARTED,SOURCE_REVIEW,SOURCE_REVIEW,COORDINATE_OR_GEOMETRY_STRUCTURE|TABLE_OR_MATRIX_STRUCTURE,,SVG,NO_PROBLEM_VISUAL,REVIEW_REQUIRED,SOLUTION_SVG,NOT_STARTED,,,a3ea0bb51b7542e34c139b0e46dfb3cbd2667f4e650db5d858efe1572e2901a3,NOT_STARTED,NOT_STARTED,NOT_STARTED,NOT_TESTED,PASS,canonical_and_compiled_master_match,INVENTORY_PENDING,01_scope_inventory.csv#archive/exams/original/high/h1/1final/23_순천여고_1학기_기말_고1_기출.js|23_순천여고_1학기_기말_고1_기출|11,[object Object],INDEX_RECORD_PRESENT,original/high/h1/1final/23_순천여고_1학기_기말_고1_기출.js_11,19e4cd9a1bbb6207b1d172298be76c4cdfcac65ca26b2ddc3e28ad06a393cd9d,true,①,IN_SCOPE_FORWARD,,,CLOSED_NO_SHARED_ASSET
archive/exams/original/high/h1/1final/23_순천여고_1학기_기말_고1_기출.js|23_순천여고_1학기_기말_고1_기출|13,archive/exams/original/high/h1/1final/23_순천여고_1학기_기말_고1_기출.js,23_순천여고_1학기_기말_고1_기출,13,13,13,2015,수학(상),H15-SA-10,직선의 방정식,10,H15-SA-10-DISTANCE_ANGLE,직선 사이의 거리와 각,category_or_cue_inferred,complete_category,객관식,grid,false,도형|직선|거리,077a3adf34389f84e93f70c9edadf6156b8f3125c838b6a20d2d271dd1e7a1d6,5975b3baf6883fe3b1f88d2984ea4743e20654959823830138629ac090d88759,b15be6cb71072b84f7e1e198ce023fc5bb8b1e625335904ddcf3cffcd8b7312b,f23ec6800175e3e6edac77e7e149360b8514ed6d27d822aaee9f4de78b6255b2,,,assets/images/23_순천여고_1학기_기말_고1_기출/q13-solution.svg,affbdc1d650bbd884b1b0df47097b73acc55853b825135f34a2b9132f4ba7451,0,LOADED_VM,,NOT_STARTED,NOT_STARTED,NOT_STARTED,SOURCE_REVIEW,SOURCE_REVIEW,COORDINATE_OR_GEOMETRY_STRUCTURE,,SVG,NO_PROBLEM_VISUAL,REVIEW_REQUIRED,SOLUTION_SVG,NOT_STARTED,,,6254981087757c9026ed2b0b6287a8a62b01b88d9ee2aa950d00001024d3015a,NOT_STARTED,NOT_STARTED,NOT_STARTED,NOT_TESTED,PASS,canonical_and_compiled_master_match,INVENTORY_PENDING,01_scope_inventory.csv#archive/exams/original/high/h1/1final/23_순천여고_1학기_기말_고1_기출.js|23_순천여고_1학기_기말_고1_기출|13,[object Object],INDEX_RECORD_PRESENT,original/high/h1/1final/23_순천여고_1학기_기말_고1_기출.js_13,19e4cd9a1bbb6207b1d172298be76c4cdfcac65ca26b2ddc3e28ad06a393cd9d,true,③,IN_SCOPE_FORWARD,,,CLOSED_NO_SHARED_ASSET
archive/exams/original/high/h1/1final/23_순천여고_1학기_기말_고1_기출.js|23_순천여고_1학기_기말_고1_기출|21,archive/exams/original/high/h1/1final/23_순천여고_1학기_기말_고1_기출.js,23_순천여고_1학기_기말_고1_기출,21,21,21,2015,수학(상),H15-SA-10,직선의 방정식,10,H15-SA-10-DISTANCE_ANGLE,직선 사이의 거리와 각,category_or_cue_inferred,complete_category,서술형,grid,false,서술형|도형|직선|거리,a90b9e6ea6aa3ce41529bc8220f8638d713df0e82acdc1c3308132662acf4997,4f53cda18c2baa0c0354bb5f9a3ecbe5ed12ab4d8e11ba873c2f11161202b945,aa460b0e7a3ccb78e195ca09a4bd5eff0c706b49d15997d0ba19592063ef5591,cfaa823d704fa0178617d9bf973dbf65e3c7c57cee1b530228e50dac5bbc92ad,,,assets/images/23_순천여고_1학기_기말_고1_기출/q21-solution.svg,90eb84a06c04cfbc4e193631297c826349134ee9549ccf7d75e6fb4d1f677eec,0,LOADED_VM,,NOT_STARTED,NOT_STARTED,NOT_STARTED,SOURCE_REVIEW,SOURCE_REVIEW,COORDINATE_OR_GEOMETRY_STRUCTURE,,SVG,NO_PROBLEM_VISUAL,REVIEW_REQUIRED,SOLUTION_SVG,NOT_STARTED,,,72d325c3fd6006057eb8cb6bda1cb32fd61178333ce65b6ecfab5b78cb9b6a71,NOT_STARTED,NOT_STARTED,NOT_STARTED,NOT_TESTED,PASS,canonical_and_compiled_master_match,INVENTORY_PENDING,01_scope_inventory.csv#archive/exams/original/high/h1/1final/23_순천여고_1학기_기말_고1_기출.js|23_순천여고_1학기_기말_고1_기출|21,[object Object],INDEX_RECORD_PRESENT,original/high/h1/1final/23_순천여고_1학기_기말_고1_기출.js_21,19e4cd9a1bbb6207b1d172298be76c4cdfcac65ca26b2ddc3e28ad06a393cd9d,true,"$y=0$, $y=\dfrac{24}{7}x$",IN_SCOPE_FORWARD,,,CLOSED_NO_SHARED_ASSET
archive/exams/original/high/h1/1final/23_제일고_1학기_기말_고1_기출.js|23_제일고_1학기_기말_고1_기출|13,archive/exams/original/high/h1/1final/23_제일고_1학기_기말_고1_기출.js,23_제일고_1학기_기말_고1_기출,13,13,13,2015,수학(상),H15-SA-10,직선의 방정식,10,H15-SA-10-PARALLEL_PERPENDICULAR,두 직선의 평행과 수직,category_or_cue_inferred,complete_category,객관식,grid,false,객관식|직선|교점|수직|도형,5ecabc334fe16f3373fd3add9db72933e89c53a13d3c5ac3e8ea850480d16a63,e0cfd6ab12b34bafede7c7a9c2706e5aeee75f2426f4404152cf39e15b6fe2fb,0bdef091c479702584f065d3a3714f8a76f851b3f0cf10912f345a5dd930b0a8,cac63866948aa8e1f663764105cf5cbeb378bd36f0a4c3cc5d276685c43bc528,,,assets/images/23_제일고_1학기_기말_고1_기출/q13-solution.svg,f4fb563c48fe308f7439dd498fc3af4d34d2025e2ee7db0f9805bf9bf5ab3c24,0,LOADED_VM,,NOT_STARTED,NOT_STARTED,NOT_STARTED,SOURCE_REVIEW,SOURCE_REVIEW,COORDINATE_OR_GEOMETRY_STRUCTURE,,SVG,NO_PROBLEM_VISUAL,REVIEW_REQUIRED,SOLUTION_SVG,NOT_STARTED,,,bead5c8d6e05d07987f2ca48e809edbd9269e8972aec6b722993b5b1d5cbc01e,NOT_STARTED,NOT_STARTED,NOT_STARTED,NOT_TESTED,PASS,canonical_and_compiled_master_match,INVENTORY_PENDING,01_scope_inventory.csv#archive/exams/original/high/h1/1final/23_제일고_1학기_기말_고1_기출.js|23_제일고_1학기_기말_고1_기출|13,[object Object],INDEX_RECORD_PRESENT,original/high/h1/1final/23_제일고_1학기_기말_고1_기출.js_13,40d505e56bdf2bd76df68db0f6ef5c69a00e2677a3899eec811ab109b49a9b4a,true,⑤,IN_SCOPE_FORWARD,,,CLOSED_NO_SHARED_ASSET
archive/exams/original/high/h1/1final/23_팔마고_1학기_기말_고1_기출.js|23_팔마고_1학기_기말_고1_기출|2,archive/exams/original/high/h1/1final/23_팔마고_1학기_기말_고1_기출.js,23_팔마고_1학기_기말_고1_기출,2,2,2,2015,수학(상),H15-SA-10,직선의 방정식,10,H15-SA-10-LINE_EQUATION,직선의 방정식,category_or_cue_inferred,complete_category,객관식,grid,false,객관식|직선|기울기|y절편|도형|절편,ca28e7b747b850a920ef5543a375961ca738020b65e78378494ecaa7933749f7,3cc19e370a6671b60f17396fd032ed6593aa1547f8af80d6ab8d949018911b5e,0bdef091c479702584f065d3a3714f8a76f851b3f0cf10912f345a5dd930b0a8,7371641e883e7d103ad23a2c23c15473b348a5cc815c8a59975e0ae09ee770fa,,,assets/images/23_팔마고_1학기_기말_고1_기출/q02-solution.svg,c5888359f3edfc6ac89058c2b7527a261d316847af640f3a62536a84178b3874,0,LOADED_VM,,NOT_STARTED,NOT_STARTED,NOT_STARTED,SOURCE_REVIEW,SOURCE_REVIEW,COORDINATE_OR_GEOMETRY_STRUCTURE|TABLE_OR_MATRIX_STRUCTURE,,SVG,NO_PROBLEM_VISUAL,REVIEW_REQUIRED,SOLUTION_SVG,NOT_STARTED,,,7297e4e5c34ecd0c5b2690cf0f5f99d277ab841d397018d917df45afca574ce2,NOT_STARTED,NOT_STARTED,NOT_STARTED,NOT_TESTED,PASS,canonical_and_compiled_master_match,INVENTORY_PENDING,01_scope_inventory.csv#archive/exams/original/high/h1/1final/23_팔마고_1학기_기말_고1_기출.js|23_팔마고_1학기_기말_고1_기출|2,[object Object],INDEX_RECORD_PRESENT,original/high/h1/1final/23_팔마고_1학기_기말_고1_기출.js_2,0536598d92911264aa13ff7ba0b7c3e90ec2c26edd45137b78bcac71faab4c07,true,⑤,IN_SCOPE_FORWARD,,,CLOSED_NO_SHARED_ASSET
archive/exams/original/high/h1/1final/23_팔마고_1학기_기말_고1_기출.js|23_팔마고_1학기_기말_고1_기출|3,archive/exams/original/high/h1/1final/23_팔마고_1학기_기말_고1_기출.js,23_팔마고_1학기_기말_고1_기출,3,3,3,2015,수학(상),H15-SA-10,직선의 방정식,10,H15-SA-10-DISTANCE_ANGLE,직선 사이의 거리와 각,rule_inferred,complete_rule,객관식,grid,false,객관식|직선|점과직선사이거리|도형|거리,a351a60f19d6324fe70683d97d8fb900a12b21bc257d814c60236b82226394de,3cc19e370a6671b60f17396fd032ed6593aa1547f8af80d6ab8d949018911b5e,b15be6cb71072b84f7e1e198ce023fc5bb8b1e625335904ddcf3cffcd8b7312b,4d75521b3f3ee9451e5b6a2f8160d3c6a37e20ce9d60b2fc3c64133553a1aeda,,,assets/images/23_팔마고_1학기_기말_고1_기출/q03-solution.svg,5c23f79f9414d6fd038d9938afc31beb128c3b8a45676d2622655e4a642296ec,0,LOADED_VM,,NOT_STARTED,NOT_STARTED,NOT_STARTED,SOURCE_REVIEW,SOURCE_REVIEW,COORDINATE_OR_GEOMETRY_STRUCTURE,,SVG,NO_PROBLEM_VISUAL,REVIEW_REQUIRED,SOLUTION_SVG,NOT_STARTED,,,7133adc2c63fbbb1f8170ecdeea2f59620c2767187b07b2ca68d2e61d55c4cd6,NOT_STARTED,NOT_STARTED,NOT_STARTED,NOT_TESTED,PASS,canonical_and_compiled_master_match,INVENTORY_PENDING,01_scope_inventory.csv#archive/exams/original/high/h1/1final/23_팔마고_1학기_기말_고1_기출.js|23_팔마고_1학기_기말_고1_기출|3,[object Object],INDEX_RECORD_PRESENT,original/high/h1/1final/23_팔마고_1학기_기말_고1_기출.js_3,0536598d92911264aa13ff7ba0b7c3e90ec2c26edd45137b78bcac71faab4c07,true,③,IN_SCOPE_FORWARD,,,CLOSED_NO_SHARED_ASSET
archive/exams/original/high/h1/1final/23_팔마고_1학기_기말_고1_기출.js|23_팔마고_1학기_기말_고1_기출|4,archive/exams/original/high/h1/1final/23_팔마고_1학기_기말_고1_기출.js,23_팔마고_1학기_기말_고1_기출,4,4,4,2015,수학(상),H15-SA-10,직선의 방정식,10,H15-SA-10-EQUATION_BASIC,방정식의 풀이,category_or_cue_inferred,complete_category,객관식,grid,false,객관식|직선|연립방정식|평행|도형,833584a8e5400959a5744f3bc521f2619bacfe8be70ec8198a147e21d14c1c77,844cdd3677dc0fdca25cc42afc7f1f719924e2495f9197a62a8771b928be20c4,0bdef091c479702584f065d3a3714f8a76f851b3f0cf10912f345a5dd930b0a8,18bcef4a32a4b85d0b9433d7c5079f46fb0170adbaf22662760a858b6c917245,,,assets/images/23_팔마고_1학기_기말_고1_기출/q04-solution.svg,5882b766c6f399cba948412fd8b980e4ff0ad86202619096af5d25e823858563,0,LOADED_VM,,NOT_STARTED,NOT_STARTED,NOT_STARTED,SOURCE_REVIEW,SOURCE_REVIEW,COORDINATE_OR_GEOMETRY_STRUCTURE,,SVG,NO_PROBLEM_VISUAL,REVIEW_REQUIRED,SOLUTION_SVG,NOT_STARTED,,,4c3c302d7a940caeddef17f3e23d480f6c406f4e8a98f86e471e24efb885f3a7,NOT_STARTED,NOT_STARTED,NOT_STARTED,NOT_TESTED,PASS,canonical_and_compiled_master_match,INVENTORY_PENDING,01_scope_inventory.csv#archive/exams/original/high/h1/1final/23_팔마고_1학기_기말_고1_기출.js|23_팔마고_1학기_기말_고1_기출|4,[object Object],INDEX_RECORD_PRESENT,original/high/h1/1final/23_팔마고_1학기_기말_고1_기출.js_4,0536598d92911264aa13ff7ba0b7c3e90ec2c26edd45137b78bcac71faab4c07,true,⑤,IN_SCOPE_FORWARD,,,CLOSED_NO_SHARED_ASSET
archive/exams/original/high/h1/1final/23_팔마고_1학기_기말_고1_기출.js|23_팔마고_1학기_기말_고1_기출|5,archive/exams/original/high/h1/1final/23_팔마고_1학기_기말_고1_기출.js,23_팔마고_1학기_기말_고1_기출,5,5,5,2015,수학(상),H15-SA-10,직선의 방정식,10,H15-SA-10-PARALLEL_PERPENDICULAR,두 직선의 평행과 수직,category_or_cue_inferred,complete_category,객관식,grid,false,객관식|직선|평행|수직|도형,1ef2f602811780602bf40e7a399ca4bed0c75dae6272d3041d229b0b07ce6d7f,d02f9dca9a49f2d178f8fa8f5a891bb53879998fca0fc7888e584b39ebc40f52,973d2fd2f97e26a666f403b12da6d87e527985b36bcf4ff0a47c7e7e8c36321a,3c0805aaa159329c01dfe43ad792862acff4e1cd4a28938f57d113227dca1a5a,,,assets/images/23_팔마고_1학기_기말_고1_기출/q05-solution.svg,e6da03b0971a50e635426e78b51452e13f233bf0640455a4da6c1e912f8b0690,0,LOADED_VM,,NOT_STARTED,NOT_STARTED,NOT_STARTED,SOURCE_REVIEW,SOURCE_REVIEW,COORDINATE_OR_GEOMETRY_STRUCTURE,,SVG,NO_PROBLEM_VISUAL,REVIEW_REQUIRED,SOLUTION_SVG,NOT_STARTED,,,68bf342dab63626744158ead19f58740b18d9c20e80b2d45f6704a500e22f1b3,NOT_STARTED,NOT_STARTED,NOT_STARTED,NOT_TESTED,PASS,canonical_and_compiled_master_match,INVENTORY_PENDING,01_scope_inventory.csv#archive/exams/original/high/h1/1final/23_팔마고_1학기_기말_고1_기출.js|23_팔마고_1학기_기말_고1_기출|5,[object Object],INDEX_RECORD_PRESENT,original/high/h1/1final/23_팔마고_1학기_기말_고1_기출.js_5,0536598d92911264aa13ff7ba0b7c3e90ec2c26edd45137b78bcac71faab4c07,true,①,IN_SCOPE_FORWARD,,,CLOSED_NO_SHARED_ASSET
archive/exams/original/high/h1/1final/23_팔마고_1학기_기말_고1_기출.js|23_팔마고_1학기_기말_고1_기출|8,archive/exams/original/high/h1/1final/23_팔마고_1학기_기말_고1_기출.js,23_팔마고_1학기_기말_고1_기출,8,8,8,2015,수학(상),H15-SA-10,직선의 방정식,10,H15-SA-10-DISTANCE_ANGLE,직선 사이의 거리와 각,category_or_cue_inferred,complete_category,객관식,grid,false,객관식|평행선사이거리|직선|도형|평행|거리,d8688075e9c93f15f94c4cc9ad093ca1ac003aee9840a45b29cbfb4f1a5385a0,f4ef5e64a6f59e65fcfceb6a40efc7eca05fe802c42bf8430881d75cc21072fe,d41ea6521f53fb3dfa10cf72e2932f4405d9c999fa422cdc840d25d57e90dd34,40ce7460d06743c301c808642acaef0f1f76904ca37ed41630471cf39d445781,,,assets/images/23_팔마고_1학기_기말_고1_기출/q08-solution.svg,9f729e4f114b652580503005b2ee26d6de41c33edd4ce9a16749d14ed81d0b88,0,LOADED_VM,,NOT_STARTED,NOT_STARTED,NOT_STARTED,SOURCE_REVIEW,SOURCE_REVIEW,COORDINATE_OR_GEOMETRY_STRUCTURE,,SVG,NO_PROBLEM_VISUAL,REVIEW_REQUIRED,SOLUTION_SVG,NOT_STARTED,,,575515aaac83b92845fac4a6f5b7b02ce11eecdf02180d5c8bdc6dfdedbd1788,NOT_STARTED,NOT_STARTED,NOT_STARTED,NOT_TESTED,PASS,canonical_and_compiled_master_match,INVENTORY_PENDING,01_scope_inventory.csv#archive/exams/original/high/h1/1final/23_팔마고_1학기_기말_고1_기출.js|23_팔마고_1학기_기말_고1_기출|8,[object Object],INDEX_RECORD_PRESENT,original/high/h1/1final/23_팔마고_1학기_기말_고1_기출.js_8,0536598d92911264aa13ff7ba0b7c3e90ec2c26edd45137b78bcac71faab4c07,true,④,IN_SCOPE_FORWARD,,,CLOSED_NO_SHARED_ASSET
archive/exams/original/high/h1/1final/23_팔마고_1학기_기말_고1_기출.js|23_팔마고_1학기_기말_고1_기출|17,archive/exams/original/high/h1/1final/23_팔마고_1학기_기말_고1_기출.js,23_팔마고_1학기_기말_고1_기출,17,17,17,2015,수학(상),H15-SA-10,직선의 방정식,10,H15-SA-10-PARALLEL_PERPENDICULAR,두 직선의 평행과 수직,category_or_cue_inferred,complete_category,객관식,grid,false,객관식|조건박스|외분점|평행|직선|도형|절편|교점,19ba0f93969ce3d691967c22740a641923fd6621ed080ce28effc7296329ec22,569aee9fcd3375bb431ca7e0ae5ed6c8f8c38240988261492a7e3b109daf72e2,0bdef091c479702584f065d3a3714f8a76f851b3f0cf10912f345a5dd930b0a8,37affe3a3af72f92206b0f86008797dbb9f721105919eb7b2979386be5bdf8f8,,,assets/images/23_팔마고_1학기_기말_고1_기출/q17-solution.svg,152bbb14d24aa30d223a371d516e1f54a24616bb4e1a9fbf5f3096be7a97ec98,0,LOADED_VM,,NOT_STARTED,NOT_STARTED,NOT_STARTED,SOURCE_REVIEW,SOURCE_REVIEW,COORDINATE_OR_GEOMETRY_STRUCTURE|TABLE_OR_MATRIX_STRUCTURE,,SVG,NO_PROBLEM_VISUAL,REVIEW_REQUIRED,SOLUTION_SVG,NOT_STARTED,,,80b27fa6a9825fbfad50aae9af254bffcb60657c91d00a34fa274ae06a25feca,NOT_STARTED,NOT_STARTED,NOT_STARTED,NOT_TESTED,PASS,canonical_and_compiled_master_match,INVENTORY_PENDING,01_scope_inventory.csv#archive/exams/original/high/h1/1final/23_팔마고_1학기_기말_고1_기출.js|23_팔마고_1학기_기말_고1_기출|17,[object Object],INDEX_RECORD_PRESENT,original/high/h1/1final/23_팔마고_1학기_기말_고1_기출.js_17,0536598d92911264aa13ff7ba0b7c3e90ec2c26edd45137b78bcac71faab4c07,true,⑤,IN_SCOPE_FORWARD,,,CLOSED_NO_SHARED_ASSET
archive/exams/original/high/h1/1final/23_팔마고_1학기_기말_고1_기출.js|23_팔마고_1학기_기말_고1_기출|18,archive/exams/original/high/h1/1final/23_팔마고_1학기_기말_고1_기출.js,23_팔마고_1학기_기말_고1_기출,18,18,18,2015,수학(상),H15-SA-10,직선의 방정식,10,H15-SA-10-DISTANCE_ANGLE,직선 사이의 거리와 각,category_or_cue_inferred,complete_category,객관식,grid,false,객관식|거리|각의이등분선|넓이|도형|직선|그래프,af88f18a2d0c16b6f7e2c6a74dd12c02a1b19ee0ea438b3bf5df9d020c967e26,24051f62a0d10594cc07195bd4e0f09b19ed41c1a1a74a8103b621d24a1de47f,b15be6cb71072b84f7e1e198ce023fc5bb8b1e625335904ddcf3cffcd8b7312b,b9321f06b9b39bee2e7cacc9ed66da56481ca22e644d56ab6bbebce5abbcf4e4,,,assets/images/23_팔마고_1학기_기말_고1_기출/q18-solution.svg,631060629251fa05457170b328e6ecc90d5dbb70f8fd8e0f8f425d15ddb4df28,0,LOADED_VM,,NOT_STARTED,NOT_STARTED,NOT_STARTED,SOURCE_REVIEW,SOURCE_REVIEW,GRAPH_OR_FUNCTION_STRUCTURE|COORDINATE_OR_GEOMETRY_STRUCTURE,,SVG,NO_PROBLEM_VISUAL,REVIEW_REQUIRED,SOLUTION_SVG,NOT_STARTED,,,0522d78b78a0deeb077b0a5a0549a15065c027d8d93ad1f4eb81f5894dd4418e,NOT_STARTED,NOT_STARTED,NOT_STARTED,NOT_TESTED,PASS,canonical_and_compiled_master_match,INVENTORY_PENDING,01_scope_inventory.csv#archive/exams/original/high/h1/1final/23_팔마고_1학기_기말_고1_기출.js|23_팔마고_1학기_기말_고1_기출|18,[object Object],INDEX_RECORD_PRESENT,original/high/h1/1final/23_팔마고_1학기_기말_고1_기출.js_18,0536598d92911264aa13ff7ba0b7c3e90ec2c26edd45137b78bcac71faab4c07,true,③,IN_SCOPE_FORWARD,,,CLOSED_NO_SHARED_ASSET
archive/exams/original/high/h1/1final/23_팔마고_1학기_기말_고1_기출.js|23_팔마고_1학기_기말_고1_기출|22,archive/exams/original/high/h1/1final/23_팔마고_1학기_기말_고1_기출.js,23_팔마고_1학기_기말_고1_기출,22,22,22,2015,수학(상),H15-SA-10,직선의 방정식,10,H15-SA-10-DISTANCE_ANGLE,직선 사이의 거리와 각,category_or_cue_inferred,complete_category,서술형,grid,false,서술형|직선|거리|넓이|도형|수직|절편|교점,4b1914d2e2e989ea554d5ab1b149dd30864170ccc86e76a09a1a616c62499e07,4f53cda18c2baa0c0354bb5f9a3ecbe5ed12ab4d8e11ba873c2f11161202b945,38b99955a432d1a3a6f712c51c9fd3e99dcca24a15c00809dd7453e3ac8cfcc3,f459066f54e2bd458c09b115e48ab3375592dcb5b94d2dbf3ff39d53c5ee3cfc,,,assets/images/23_팔마고_1학기_기말_고1_기출/q22-solution.svg,2b2fbe3e0ffae41221a27841d21ced1fcefcdb4c09df8e4382ba01337602e295,0,LOADED_VM,,NOT_STARTED,NOT_STARTED,NOT_STARTED,SOURCE_REVIEW,SOURCE_REVIEW,COORDINATE_OR_GEOMETRY_STRUCTURE|SET_OR_LOGIC_STRUCTURE,,SVG,NO_PROBLEM_VISUAL,REVIEW_REQUIRED,SOLUTION_SVG,NOT_STARTED,,,6307e2e5169d7dc80bdd5042eb53a8b35c70173c404953d90ae45961b32b9bda,NOT_STARTED,NOT_STARTED,NOT_STARTED,NOT_TESTED,PASS,canonical_and_compiled_master_match,INVENTORY_PENDING,01_scope_inventory.csv#archive/exams/original/high/h1/1final/23_팔마고_1학기_기말_고1_기출.js|23_팔마고_1학기_기말_고1_기출|22,[object Object],INDEX_RECORD_PRESENT,original/high/h1/1final/23_팔마고_1학기_기말_고1_기출.js_22,0536598d92911264aa13ff7ba0b7c3e90ec2c26edd45137b78bcac71faab4c07,true,$\dfrac{54}{5}$,IN_SCOPE_FORWARD,,,CLOSED_NO_SHARED_ASSET
archive/exams/original/high/h1/1final/24_금당고_1학기_기말_고1_기출.js|24_금당고_1학기_기말_고1_기출|4,archive/exams/original/high/h1/1final/24_금당고_1학기_기말_고1_기출.js,24_금당고_1학기_기말_고1_기출,4,4,4,2015,수학(상),H15-SA-10,직선의 방정식,10,H15-SA-10-LINE_EQUATION,직선의 방정식,category_or_cue_inferred,complete_category,객관식,grid,false,도형|직선,396422e6569ed8e72cbde62c7710260c222ebd3961c4687ea3fb823481f1c132,7d75755ad6a0d65c3bdb0a94e3ba25a0ec3d50ff469566ac4baf5de9d345c681,d41ea6521f53fb3dfa10cf72e2932f4405d9c999fa422cdc840d25d57e90dd34,57aaea102815504f7361b896491a2c652719df40b2bff63bc81b1d3ec04b94c2,,,assets/images/24_금당고_1학기_기말_고1_기출/q04-solution.svg,504675ec16bf2f99a36389aaf800512bb87ac3ccdd96fef51a6e5c01393f4243,0,LOADED_VM,,NOT_STARTED,NOT_STARTED,NOT_STARTED,SOURCE_REVIEW,SOURCE_REVIEW,COORDINATE_OR_GEOMETRY_STRUCTURE|TABLE_OR_MATRIX_STRUCTURE,,SVG,NO_PROBLEM_VISUAL,REVIEW_REQUIRED,SOLUTION_SVG,NOT_STARTED,,,d60bb7548c909a04bcd8db7f5ba21ed7aa7b89dca3b7fceb3dc4f8395c8282a0,NOT_STARTED,NOT_STARTED,NOT_STARTED,NOT_TESTED,PASS,canonical_and_compiled_master_match,INVENTORY_PENDING,01_scope_inventory.csv#archive/exams/original/high/h1/1final/24_금당고_1학기_기말_고1_기출.js|24_금당고_1학기_기말_고1_기출|4,[object Object],INDEX_RECORD_PRESENT,original/high/h1/1final/24_금당고_1학기_기말_고1_기출.js_4,7240952c798ac9650218ce775dee041b4040d9b5db0e3e072906b84d4c281580,true,④,IN_SCOPE_FORWARD,,,CLOSED_NO_SHARED_ASSET
archive/exams/original/high/h1/1final/24_금당고_1학기_기말_고1_기출.js|24_금당고_1학기_기말_고1_기출|5,archive/exams/original/high/h1/1final/24_금당고_1학기_기말_고1_기출.js,24_금당고_1학기_기말_고1_기출,5,5,5,2015,수학(상),H15-SA-10,직선의 방정식,10,H15-SA-10-DISTANCE_ANGLE,직선 사이의 거리와 각,category_or_cue_inferred,complete_category,객관식,grid,false,도형|직선|거리,b70053817a56521d73440edeeb76f4de423e0ea8c89807da02c9ee0382d5aa64,783dbd4d1a2480680f87532a0f161eeb06482da57523484f20d59308e978428f,973d2fd2f97e26a666f403b12da6d87e527985b36bcf4ff0a47c7e7e8c36321a,19a2bce1c9c0d288a103aaaca1fbfd30111bdc52bd2bfd40ac17c47dffb2ff30,,,assets/images/24_금당고_1학기_기말_고1_기출/q05-solution.svg,a9be62c4936f39dddbf3a6711dbe6d7e0bc6af4c6d9999053adb9f8926f4dc47,0,LOADED_VM,,NOT_STARTED,NOT_STARTED,NOT_STARTED,SOURCE_REVIEW,SOURCE_REVIEW,COORDINATE_OR_GEOMETRY_STRUCTURE,,SVG,NO_PROBLEM_VISUAL,REVIEW_REQUIRED,SOLUTION_SVG,NOT_STARTED,,,992b005c26ff4ee2524b07af5e0945751acb2142b2c7d5c1c36ac301cd5c8e1f,NOT_STARTED,NOT_STARTED,NOT_STARTED,NOT_TESTED,PASS,canonical_and_compiled_master_match,INVENTORY_PENDING,01_scope_inventory.csv#archive/exams/original/high/h1/1final/24_금당고_1학기_기말_고1_기출.js|24_금당고_1학기_기말_고1_기출|5,[object Object],INDEX_RECORD_PRESENT,original/high/h1/1final/24_금당고_1학기_기말_고1_기출.js_5,7240952c798ac9650218ce775dee041b4040d9b5db0e3e072906b84d4c281580,true,①,IN_SCOPE_FORWARD,,,CLOSED_NO_SHARED_ASSET
archive/exams/original/high/h1/1final/24_금당고_1학기_기말_고1_기출.js|24_금당고_1학기_기말_고1_기출|6,archive/exams/original/high/h1/1final/24_금당고_1학기_기말_고1_기출.js,24_금당고_1학기_기말_고1_기출,6,6,6,2015,수학(상),H15-SA-10,직선의 방정식,10,H15-SA-10-PARALLEL_PERPENDICULAR,두 직선의 평행과 수직,category_or_cue_inferred,complete_category,객관식,grid,false,도형|직선|수직,0118c2c6c26a22379b15c9363fb068a2cf3576d676bc0d17b82ebd31d0583287,96cae1974acf7f8a7dd6d1387620173b1bbb7a33b94326f1eeda3e668a912e03,b15be6cb71072b84f7e1e198ce023fc5bb8b1e625335904ddcf3cffcd8b7312b,2c5dd463f6836dc807858ac309f1e24474ce81ba608952a43d9d9d9941785505,,,assets/images/24_금당고_1학기_기말_고1_기출/q06-solution.svg,271fe80a6a84872abbb59c3b57d08739b8cbbfcb2e673a6d9f1edc7ebf0e08ba,0,LOADED_VM,,NOT_STARTED,NOT_STARTED,NOT_STARTED,SOURCE_REVIEW,SOURCE_REVIEW,COORDINATE_OR_GEOMETRY_STRUCTURE,,SVG,NO_PROBLEM_VISUAL,REVIEW_REQUIRED,SOLUTION_SVG,NOT_STARTED,,,198636e60007ca26ef93659e4d0061f52b1d271604d9bbc5603815779f1b7152,NOT_STARTED,NOT_STARTED,NOT_STARTED,NOT_TESTED,PASS,canonical_and_compiled_master_match,INVENTORY_PENDING,01_scope_inventory.csv#archive/exams/original/high/h1/1final/24_금당고_1학기_기말_고1_기출.js|24_금당고_1학기_기말_고1_기출|6,[object Object],INDEX_RECORD_PRESENT,original/high/h1/1final/24_금당고_1학기_기말_고1_기출.js_6,7240952c798ac9650218ce775dee041b4040d9b5db0e3e072906b84d4c281580,true,③,IN_SCOPE_FORWARD,,,CLOSED_NO_SHARED_ASSET
archive/exams/original/high/h1/1final/24_금당고_1학기_기말_고1_기출.js|24_금당고_1학기_기말_고1_기출|11,archive/exams/original/high/h1/1final/24_금당고_1학기_기말_고1_기출.js,24_금당고_1학기_기말_고1_기출,11,11,11,2015,수학(상),H15-SA-10,직선의 방정식,10,H15-SA-10-LINE_EQUATION,직선의 방정식,category_or_cue_inferred,complete_category,객관식,grid,false,도형|직선|절편|넓이,806e92b70b8eca96300e2ed83904b0e84ce30b615fd906a3ab16bccd4c9dbb32,af311a970cfbdab5e56bdf319a59d05df690ef6291412a9d613c921fa29b387c,b15be6cb71072b84f7e1e198ce023fc5bb8b1e625335904ddcf3cffcd8b7312b,7120e88f97aff674122644ac8cd54909e481a3bb9850f659f622ab93e42ac0c4,,,assets/images/24_금당고_1학기_기말_고1_기출/q11-solution.svg,95b9a101ac6e65a23a680598222368410db4b1705477313e43f7d208f35086d7,0,LOADED_VM,,NOT_STARTED,NOT_STARTED,NOT_STARTED,SOURCE_REVIEW,SOURCE_REVIEW,COORDINATE_OR_GEOMETRY_STRUCTURE|TABLE_OR_MATRIX_STRUCTURE,,SVG,NO_PROBLEM_VISUAL,REVIEW_REQUIRED,SOLUTION_SVG,NOT_STARTED,,,94a92ed1a87bb15e88672092988c4c6ffd6b875cd8736b3a505ba1408e731cf1,NOT_STARTED,NOT_STARTED,NOT_STARTED,NOT_TESTED,PASS,canonical_and_compiled_master_match,INVENTORY_PENDING,01_scope_inventory.csv#archive/exams/original/high/h1/1final/24_금당고_1학기_기말_고1_기출.js|24_금당고_1학기_기말_고1_기출|11,[object Object],INDEX_RECORD_PRESENT,original/high/h1/1final/24_금당고_1학기_기말_고1_기출.js_11,7240952c798ac9650218ce775dee041b4040d9b5db0e3e072906b84d4c281580,true,③,IN_SCOPE_FORWARD,,,CLOSED_NO_SHARED_ASSET
archive/exams/original/high/h1/1final/24_금당고_1학기_기말_고1_기출.js|24_금당고_1학기_기말_고1_기출|14,archive/exams/original/high/h1/1final/24_금당고_1학기_기말_고1_기출.js,24_금당고_1학기_기말_고1_기출,14,14,14,2015,수학(상),H15-SA-10,직선의 방정식,10,H15-SA-10-DISTANCE_ANGLE,직선 사이의 거리와 각,category_or_cue_inferred,complete_category,객관식,grid,false,그래프|도형|직선|거리,c9a38ab5520a61ed6e4446feb21eeb02d1f2f6cc3912e4bad3091322c2f63aa4,9319d05e38bef854b37459b2d58173bc002134593fba30b9bd60b21beb35157e,dfde05a3668030e99ca64d8d4ae5f6b64c7a87cee61c0ba43904b92ef210191d,272ae0bb65d774d6b06afde9f6781ef0424c419f6b6234c25017425cbf23a649,assets/images/24_금당고_1학기_기말_고1_기출/q14.png,765b8340b3d18721a081a62fb5a1e102bd07bf747e11febd1ad0e1080471dc72,assets/images/24_금당고_1학기_기말_고1_기출/q14-solution.svg,a9f09f74b7292ee4d643518b7c2a88756826f34d6d5251bae886ffff7257e3f1,0,LOADED_VM,,NOT_STARTED,NOT_STARTED,NOT_STARTED,SOURCE_REVIEW,SOURCE_REVIEW,GRAPH_OR_FUNCTION_STRUCTURE|COORDINATE_OR_GEOMETRY_STRUCTURE|SET_OR_LOGIC_STRUCTURE|TABLE_OR_MATRIX_STRUCTURE,,SVG,PROBLEM_VISUAL_PRESENT,REVIEW_REQUIRED,SOLUTION_SVG,NOT_STARTED,,,f78d737476b19188b03a5c1b1a42d68a38dc056e885b2b979ec13e0a709d484a,NOT_STARTED,NOT_STARTED,NOT_STARTED,NOT_TESTED,PASS,canonical_and_compiled_master_match,INVENTORY_PENDING,01_scope_inventory.csv#archive/exams/original/high/h1/1final/24_금당고_1학기_기말_고1_기출.js|24_금당고_1학기_기말_고1_기출|14,[object Object]|[object Object],INDEX_RECORD_PRESENT,original/high/h1/1final/24_금당고_1학기_기말_고1_기출.js_14,7240952c798ac9650218ce775dee041b4040d9b5db0e3e072906b84d4c281580,true,②,IN_SCOPE_FORWARD,,,CLOSED_NO_SHARED_ASSET
archive/exams/original/high/h1/1final/24_매산고_1학기_기말_고1_기출.js|24_매산고_1학기_기말_고1_기출|5,archive/exams/original/high/h1/1final/24_매산고_1학기_기말_고1_기출.js,24_매산고_1학기_기말_고1_기출,5,5,5,2015,수학(상),H15-SA-10,직선의 방정식,10,H15-SA-10-LINE_EQUATION,직선의 방정식,rule_inferred,complete_rule,객관식,grid,false,객관식|직선|기울기|절편|도형,0cf8a0b36e7bd07c9420a4ce60fff77df8f128a802a9d2418590650e18f07973,f7574f26064a71c1fdb8c66e4a6565ebc8118279f830fa1dc68f9d4e3ca834ab,973d2fd2f97e26a666f403b12da6d87e527985b36bcf4ff0a47c7e7e8c36321a,5a067ff6e3c6ed3d4353c9a957a89d35783b28fda4907e7dc200c6901da5ee69,,,assets/images/24_매산고_1학기_기말_고1_기출/q05-solution.svg,a3035ab4e40e8cc6c7cdd46ba1b215ed41243521ae6896e16b6c033fbd78e159,0,LOADED_VM,,NOT_STARTED,NOT_STARTED,NOT_STARTED,SOURCE_REVIEW,SOURCE_REVIEW,COORDINATE_OR_GEOMETRY_STRUCTURE|TABLE_OR_MATRIX_STRUCTURE,,SVG,NO_PROBLEM_VISUAL,REVIEW_REQUIRED,SOLUTION_SVG,NOT_STARTED,,,1110702ac847e43aeab5e7177f6c2ae2da55b0f71755e8c7a45c08ee808bef99,NOT_STARTED,NOT_STARTED,NOT_STARTED,NOT_TESTED,PASS,canonical_and_compiled_master_match,INVENTORY_PENDING,01_scope_inventory.csv#archive/exams/original/high/h1/1final/24_매산고_1학기_기말_고1_기출.js|24_매산고_1학기_기말_고1_기출|5,[object Object],INDEX_RECORD_PRESENT,original/high/h1/1final/24_매산고_1학기_기말_고1_기출.js_5,2eadfbee7666dece7241c576d98571d62221da570c665cf63364fb8e3105d7f3,true,①,IN_SCOPE_FORWARD,,,CLOSED_NO_SHARED_ASSET
archive/exams/original/high/h1/1final/24_매산고_1학기_기말_고1_기출.js|24_매산고_1학기_기말_고1_기출|6,archive/exams/original/high/h1/1final/24_매산고_1학기_기말_고1_기출.js,24_매산고_1학기_기말_고1_기출,6,6,6,2015,수학(상),H15-SA-10,직선의 방정식,10,H15-SA-10-PARALLEL_PERPENDICULAR,두 직선의 평행과 수직,category_or_cue_inferred,complete_category,객관식,grid,false,객관식|직선|평행|수직|도형,7b3bcbb32adf7760bfb262ae1f2a213c8ce150e3621bf737384ed0fb696647f6,7aa491295282d2f1aaf44eeb76f04e1e9a0590eb16c5f61b5068955e716f7018,0bdef091c479702584f065d3a3714f8a76f851b3f0cf10912f345a5dd930b0a8,d1afdbe67f51c16c29148cd1060b2447ff18856559edb0f8f1391e900fc90cb3,,,assets/images/24_매산고_1학기_기말_고1_기출/q06-solution.svg,6413c78e671593bbe9b353b7dc861d9a41f62eb3ecfa472bcac7fcc8d9d1da10,0,LOADED_VM,,NOT_STARTED,NOT_STARTED,NOT_STARTED,SOURCE_REVIEW,SOURCE_REVIEW,COORDINATE_OR_GEOMETRY_STRUCTURE,,SVG,NO_PROBLEM_VISUAL,REVIEW_REQUIRED,SOLUTION_SVG,NOT_STARTED,,,7520bb2e55126a8fa5ed72e1de087444e9abcde594023592ce75178eed0a073c,NOT_STARTED,NOT_STARTED,NOT_STARTED,NOT_TESTED,PASS,canonical_and_compiled_master_match,INVENTORY_PENDING,01_scope_inventory.csv#archive/exams/original/high/h1/1final/24_매산고_1학기_기말_고1_기출.js|24_매산고_1학기_기말_고1_기출|6,[object Object],INDEX_RECORD_PRESENT,original/high/h1/1final/24_매산고_1학기_기말_고1_기출.js_6,2eadfbee7666dece7241c576d98571d62221da570c665cf63364fb8e3105d7f3,true,⑤,IN_SCOPE_FORWARD,,,CLOSED_NO_SHARED_ASSET
archive/exams/original/high/h1/1final/24_매산고_1학기_기말_고1_기출.js|24_매산고_1학기_기말_고1_기출|11,archive/exams/original/high/h1/1final/24_매산고_1학기_기말_고1_기출.js,24_매산고_1학기_기말_고1_기출,11,11,11,2015,수학(상),H15-SA-10,직선의 방정식,10,H15-SA-10-EQUATION_BASIC,방정식의 풀이,category_or_cue_inferred,complete_category,객관식,grid,false,객관식|직선|이차함수|내분점|도형|그래프|교점,e447c3eb9b53fb1a5b727b2f2e6c755514b73b36667a488c26b114adc7f9b118,ff782081a4cc25de5ebd8fdb3b10e93e0a2a8b181fb4cabb15c6d4c8f83c7224,0bdef091c479702584f065d3a3714f8a76f851b3f0cf10912f345a5dd930b0a8,06983f4c3952ada9b313ce7416d3fd70b0528379c8cd9bafef29815275be18d8,,,assets/images/24_매산고_1학기_기말_고1_기출/q11-solution.svg,45cdfb08d6a26073c0bd1b1ba54b512916dd1293a78ab17db0960bf9e6699cad,0,LOADED_VM,,NOT_STARTED,NOT_STARTED,NOT_STARTED,SOURCE_REVIEW,SOURCE_REVIEW,GRAPH_OR_FUNCTION_STRUCTURE|COORDINATE_OR_GEOMETRY_STRUCTURE|TABLE_OR_MATRIX_STRUCTURE,,SVG,NO_PROBLEM_VISUAL,REVIEW_REQUIRED,SOLUTION_SVG,NOT_STARTED,,,fc555a4aa8aa0a9d3cddc66c87fa4438aae245388565118d1c6818987aaf353e,NOT_STARTED,NOT_STARTED,NOT_STARTED,NOT_TESTED,PASS,canonical_and_compiled_master_match,INVENTORY_PENDING,01_scope_inventory.csv#archive/exams/original/high/h1/1final/24_매산고_1학기_기말_고1_기출.js|24_매산고_1학기_기말_고1_기출|11,[object Object],INDEX_RECORD_PRESENT,original/high/h1/1final/24_매산고_1학기_기말_고1_기출.js_11,2eadfbee7666dece7241c576d98571d62221da570c665cf63364fb8e3105d7f3,true,⑤,IN_SCOPE_FORWARD,,,CLOSED_NO_SHARED_ASSET
archive/exams/original/high/h1/1final/24_매산고_1학기_기말_고1_기출.js|24_매산고_1학기_기말_고1_기출|14,archive/exams/original/high/h1/1final/24_매산고_1학기_기말_고1_기출.js,24_매산고_1학기_기말_고1_기출,14,14,14,2015,수학(상),H15-SA-10,직선의 방정식,10,H15-SA-10-DISTANCE_ANGLE,직선 사이의 거리와 각,category_or_cue_inferred,complete_category,객관식,grid,false,객관식|직선|삼각형넓이|이등분|도형|평행|절편|넓이|교점,18160af5c7cff16e7698e4091927f31c714a983a63bf981bc557ad006ec913e1,25b4444f7742c72ca44a31727d4e44e7123403911129feec226c61ac6b6fb489,973d2fd2f97e26a666f403b12da6d87e527985b36bcf4ff0a47c7e7e8c36321a,36620f71f2666ad76385cb465b4fe2583d2003c5d2b21894520e2b24d8c276a8,,,assets/images/24_매산고_1학기_기말_고1_기출/q14-solution.svg,c076fc52eaf1c5b2e6b30f8e4518c6747dcc92866e62b824d09f2bb0734c01dd,0,LOADED_VM,,NOT_STARTED,NOT_STARTED,NOT_STARTED,SOURCE_REVIEW,SOURCE_REVIEW,GRAPH_OR_FUNCTION_STRUCTURE|COORDINATE_OR_GEOMETRY_STRUCTURE|TABLE_OR_MATRIX_STRUCTURE,,SVG,NO_PROBLEM_VISUAL,REVIEW_REQUIRED,SOLUTION_SVG,NOT_STARTED,,,5265b5af87075dbfbbb9cfa8690b0c3b8edf4d0aa191f4e208aff32198c75e60,NOT_STARTED,NOT_STARTED,NOT_STARTED,NOT_TESTED,PASS,canonical_and_compiled_master_match,INVENTORY_PENDING,01_scope_inventory.csv#archive/exams/original/high/h1/1final/24_매산고_1학기_기말_고1_기출.js|24_매산고_1학기_기말_고1_기출|14,[object Object],INDEX_RECORD_PRESENT,original/high/h1/1final/24_매산고_1학기_기말_고1_기출.js_14,2eadfbee7666dece7241c576d98571d62221da570c665cf63364fb8e3105d7f3,true,①,IN_SCOPE_FORWARD,,,CLOSED_NO_SHARED_ASSET
archive/exams/original/high/h1/1final/24_제일고_1학기_기말_고1_기출.js|24_제일고_1학기_기말_고1_기출|14,archive/exams/original/high/h1/1final/24_제일고_1학기_기말_고1_기출.js,24_제일고_1학기_기말_고1_기출,14,14,14,2015,수학(상),H15-SA-10,직선의 방정식,10,H15-SA-10-EQUATION_BASIC,방정식의 풀이,category_or_cue_inferred,complete_category,객관식,grid,false,객관식|직선|대칭이동|넓이|도형|평행,b6cdab089d143b35520209aedf497bce45c99a3c9cb269538e2faf91b4e2a524,8a15a3e1d814e403167704a7f67c02fc593fee3524bd65a494c6cd17bd4d6e64,973d2fd2f97e26a666f403b12da6d87e527985b36bcf4ff0a47c7e7e8c36321a,242f222f90065fd93f12d0ef0c74652f99e8c8df5fec15574f5ea7eabc6529e3,,,assets/images/24_제일고_1학기_기말_고1_기출/q14-solution.svg,4c2e9a9135f38774da6e260af6d84f6d76bd176859564d5375ea7536c18ba7d0,0,LOADED_VM,,NOT_STARTED,NOT_STARTED,NOT_STARTED,SOURCE_REVIEW,SOURCE_REVIEW,COORDINATE_OR_GEOMETRY_STRUCTURE,,SVG,NO_PROBLEM_VISUAL,REVIEW_REQUIRED,SOLUTION_SVG,NOT_STARTED,,,3f7598958e6aace9fbae851163b19b86b271cc6d3a7c0ea4a48818dccdd31675,NOT_STARTED,NOT_STARTED,NOT_STARTED,NOT_TESTED,PASS,canonical_and_compiled_master_match,INVENTORY_PENDING,01_scope_inventory.csv#archive/exams/original/high/h1/1final/24_제일고_1학기_기말_고1_기출.js|24_제일고_1학기_기말_고1_기출|14,[object Object],INDEX_RECORD_PRESENT,original/high/h1/1final/24_제일고_1학기_기말_고1_기출.js_14,6c155378316a391038a72d44207b9af9290be51abf5473c565f7595d9d69cb0b,true,①,IN_SCOPE_FORWARD,,,CLOSED_NO_SHARED_ASSET
archive/exams/original/high/h1/1mid/24_제일고_1학기_중간_고1_기출.js|24_제일고_1학기_중간_고1_수학|14,archive/exams/original/high/h1/1mid/24_제일고_1학기_중간_고1_기출.js,24_제일고_1학기_중간_고1_수학,14,14,14,2022,공통수학2,H22-C2-02,직선의 방정식,2,H22-C2-02-RELATION,두 직선의 관계,rule_inferred,complete_rule,객관식,grid,false,객관식|항등식|도형|참거짓|대입|조건해석|계산|개념|직선|평행|수직,050e5409db8a8492fc2c1b0368d9cfc07abe98f29c5ccad663dd522ede2b118b,df139e72cd276a6eaa77e03e080568fe5a789bac5ea9516ec90ecd92973f1cf4,d41ea6521f53fb3dfa10cf72e2932f4405d9c999fa422cdc840d25d57e90dd34,ef76407f97d0735d101571db25cc1d26d12ba98b5476ff92bfa70125b451bdd7,,,assets/images/24_제일고_1학기_중간_고1_기출/q14-solution.svg,0ae7fefdecbdebc2da94a9ade745c1879fd61fa93d9c28f6ec1e3cd0acb90a9a,0,LOADED_VM,,NOT_STARTED,NOT_STARTED,NOT_STARTED,SOURCE_REVIEW,SOURCE_REVIEW,COORDINATE_OR_GEOMETRY_STRUCTURE,,SVG,NO_PROBLEM_VISUAL,REVIEW_REQUIRED,SOLUTION_SVG,NOT_STARTED,,,259fdbe08b45d528913c686c5f24235ef2f6f67493f9e98cf9ee0ebdeb91c647,NOT_STARTED,NOT_STARTED,NOT_STARTED,NOT_TESTED,PASS,canonical_and_compiled_master_match,INVENTORY_PENDING,01_scope_inventory.csv#archive/exams/original/high/h1/1mid/24_제일고_1학기_중간_고1_기출.js|24_제일고_1학기_중간_고1_수학|14,[object Object],INDEX_RECORD_PRESENT,original/high/h1/1mid/24_제일고_1학기_중간_고1_기출.js_14,a4fd9346dac6975e395fd6ebea29773b013f5cd40783ede93b895b2817993fe0,true,④,IN_SCOPE_FORWARD,,,CLOSED_NO_SHARED_ASSET
archive/exams/original/high/h1/1mid/24_제일고_1학기_중간_고1_기출.js|24_제일고_1학기_중간_고1_수학|15,archive/exams/original/high/h1/1mid/24_제일고_1학기_중간_고1_기출.js,24_제일고_1학기_중간_고1_수학,15,15,15,2022,공통수학2,H22-C2-02,직선의 방정식,2,H22-C2-02-RELATION,두 직선의 관계,rule_inferred,complete_rule,객관식,grid,false,객관식|도형|조건해석|계산|응용|직선|평행|수직,631f716b307359656bffe052eee6bd7ef8a680645af25a617c4b3d2b060d21b7,043fc453ec888fa604b449692ebaeb4691f52fbb7fd3c6224bc86ea5bac72b7a,d41ea6521f53fb3dfa10cf72e2932f4405d9c999fa422cdc840d25d57e90dd34,569a22f30596952d90ab745cb2c4c6f0574e9babeafbacc95ae78276da67fed4,,,assets/images/24_제일고_1학기_중간_고1_기출/q15-solution.svg,4d036b673681a38e6644a13febc2a6535b93b5b15a71815a486a4982b95aa369,0,LOADED_VM,,NOT_STARTED,NOT_STARTED,NOT_STARTED,SOURCE_REVIEW,SOURCE_REVIEW,COORDINATE_OR_GEOMETRY_STRUCTURE,,SVG,NO_PROBLEM_VISUAL,REVIEW_REQUIRED,SOLUTION_SVG,NOT_STARTED,,,1d5558c643722e334d86012fbf51d15e277a799cbae655d6fdaa87eb70d82d5f,NOT_STARTED,NOT_STARTED,NOT_STARTED,NOT_TESTED,PASS,canonical_and_compiled_master_match,INVENTORY_PENDING,01_scope_inventory.csv#archive/exams/original/high/h1/1mid/24_제일고_1학기_중간_고1_기출.js|24_제일고_1학기_중간_고1_수학|15,[object Object],INDEX_RECORD_PRESENT,original/high/h1/1mid/24_제일고_1학기_중간_고1_기출.js_15,a4fd9346dac6975e395fd6ebea29773b013f5cd40783ede93b895b2817993fe0,true,④,IN_SCOPE_FORWARD,,,CLOSED_NO_SHARED_ASSET
archive/exams/original/high/h1/1mid/24_제일고_1학기_중간_고1_기출.js|24_제일고_1학기_중간_고1_수학|16,archive/exams/original/high/h1/1mid/24_제일고_1학기_중간_고1_기출.js,24_제일고_1학기_중간_고1_수학,16,16,16,2022,공통수학2,H22-C2-02,직선의 방정식,2,H22-C2-02-RELATION,두 직선의 관계,rule_inferred,complete_rule,객관식,grid,false,객관식|최대최소|도형|실생활|조건해석|계산|직선|수직|거리|교점,1ae036c7ad27d667512df871a570216ef78d1210e94f8270793e8ff83b95bded,c90ae7f79628cc25945e52748bd1fd0dee0a3f9ce7038fad7954ab62fff7f531,973d2fd2f97e26a666f403b12da6d87e527985b36bcf4ff0a47c7e7e8c36321a,6714f8090ce46c1aff7353e045b076c0494982b446c620acc037012cf8c46a96,,,assets/images/24_제일고_1학기_중간_고1_기출/q16-solution.svg,6ea075201f20da57a5f7a6a67006654166b9c3f1b1286767911a0dd21655ed71,0,LOADED_VM,,NOT_STARTED,NOT_STARTED,NOT_STARTED,SOURCE_REVIEW,SOURCE_REVIEW,COORDINATE_OR_GEOMETRY_STRUCTURE,,SVG,NO_PROBLEM_VISUAL,REVIEW_REQUIRED,SOLUTION_SVG,NOT_STARTED,,,67876cee6f2b9043a40e5bfcd04899f29618e90713fca962ba5c3e4691f9f58c,NOT_STARTED,NOT_STARTED,NOT_STARTED,NOT_TESTED,PASS,canonical_and_compiled_master_match,INVENTORY_PENDING,01_scope_inventory.csv#archive/exams/original/high/h1/1mid/24_제일고_1학기_중간_고1_기출.js|24_제일고_1학기_중간_고1_수학|16,[object Object],INDEX_RECORD_PRESENT,original/high/h1/1mid/24_제일고_1학기_중간_고1_기출.js_16,a4fd9346dac6975e395fd6ebea29773b013f5cd40783ede93b895b2817993fe0,true,①,IN_SCOPE_FORWARD,,,CLOSED_NO_SHARED_ASSET
archive/exams/original/high/h1/1mid/24_제일고_1학기_중간_고1_기출.js|24_제일고_1학기_중간_고1_수학|17,archive/exams/original/high/h1/1mid/24_제일고_1학기_중간_고1_기출.js,24_제일고_1학기_중간_고1_수학,17,17,17,2022,공통수학2,H22-C2-02,직선의 방정식,2,H22-C2-02-LINE_EQUATION,직선의 방정식,rule_inferred,complete_rule,객관식,grid,false,객관식|도형|범위|조건해석|계산|직선,8da41036bf5300542884cbc248ead80edc8cde9db89b2aeecc5d7f4771a1f3bc,851f1eb8cfdca0ab2b409d53824f02b26c0ca499cb776883f06b9149ccd03a1c,dfde05a3668030e99ca64d8d4ae5f6b64c7a87cee61c0ba43904b92ef210191d,ab1c539b2b9e944e82ee7425ad609c95024297bf9cd745342b96b2fe44bce5ab,,,assets/images/24_제일고_1학기_중간_고1_기출/q17-solution.svg,e6c185dea1fb534af877c26bb0593fc89ddbe8cd004f1d78195c50c9d25a8f84,0,LOADED_VM,,NOT_STARTED,NOT_STARTED,NOT_STARTED,SOURCE_REVIEW,SOURCE_REVIEW,COORDINATE_OR_GEOMETRY_STRUCTURE,,SVG,NO_PROBLEM_VISUAL,REVIEW_REQUIRED,SOLUTION_SVG,NOT_STARTED,,,7dc0a656071d6dc3ae657389435654a260f8fc1177e66bdfacd7789ed251864d,NOT_STARTED,NOT_STARTED,NOT_STARTED,NOT_TESTED,PASS,canonical_and_compiled_master_match,INVENTORY_PENDING,01_scope_inventory.csv#archive/exams/original/high/h1/1mid/24_제일고_1학기_중간_고1_기출.js|24_제일고_1학기_중간_고1_수학|17,[object Object],INDEX_RECORD_PRESENT,original/high/h1/1mid/24_제일고_1학기_중간_고1_기출.js_17,a4fd9346dac6975e395fd6ebea29773b013f5cd40783ede93b895b2817993fe0,true,②,IN_SCOPE_FORWARD,,,CLOSED_NO_SHARED_ASSET
archive/exams/original/high/h1/1mid/24_제일고_1학기_중간_고1_기출.js|24_제일고_1학기_중간_고1_수학|20,archive/exams/original/high/h1/1mid/24_제일고_1학기_중간_고1_기출.js,24_제일고_1학기_중간_고1_수학,20,20,20,2022,공통수학2,H22-C2-02,직선의 방정식,2,H22-C2-02-LINE_EQUATION,직선의 방정식,rule_inferred,complete_rule,서술형,grid,false,서술형|제곱근|근호|도형|삼각형|넓이|참거짓|조건해석|직선|교점,1990f9c202720fb2d37fa01dad2d3bdf8499628d63c5bc4d02ca13d7c3576d10,4f53cda18c2baa0c0354bb5f9a3ecbe5ed12ab4d8e11ba873c2f11161202b945,d85d27fbef103f5387d9cdb4ea4c411f4bd95db67a5d98475ffd3940ed602392,ddfa51905ea6e389a5aa088a7fee192fcb0868a6cbbdfc10fd412ff36b639f70,,,assets/images/24_제일고_1학기_중간_고1_기출/q20-solution.svg,b7b14c3923a2de1b988c3e9eee7f3b9d0a25df2086b7ee66376f8ac4627f527e,0,LOADED_VM,,NOT_STARTED,NOT_STARTED,NOT_STARTED,SOURCE_REVIEW,SOURCE_REVIEW,COORDINATE_OR_GEOMETRY_STRUCTURE,,SVG,NO_PROBLEM_VISUAL,REVIEW_REQUIRED,SOLUTION_SVG,NOT_STARTED,,,8e2582b0443d28ca1c7bb76a06acd49e15613bc8cdf0ab38045861de30e75d5f,NOT_STARTED,NOT_STARTED,NOT_STARTED,NOT_TESTED,PASS,canonical_and_compiled_master_match,INVENTORY_PENDING,01_scope_inventory.csv#archive/exams/original/high/h1/1mid/24_제일고_1학기_중간_고1_기출.js|24_제일고_1학기_중간_고1_수학|20,[object Object],INDEX_RECORD_PRESENT,original/high/h1/1mid/24_제일고_1학기_중간_고1_기출.js_20,a4fd9346dac6975e395fd6ebea29773b013f5cd40783ede93b895b2817993fe0,true,$2\sqrt{21}$,IN_SCOPE_FORWARD,,,CLOSED_NO_SHARED_ASSET
archive/exams/original/high/h1/1mid/24_제일고_1학기_중간_고1_기출.js|24_제일고_1학기_중간_고1_수학|21,archive/exams/original/high/h1/1mid/24_제일고_1학기_중간_고1_기출.js,24_제일고_1학기_중간_고1_수학,21,21,21,2022,공통수학2,H22-C2-02,직선의 방정식,2,H22-C2-02-RELATION,두 직선의 관계,rule_inferred,complete_rule,서술형,grid,false,서술형|제곱근|근호|절댓값|도형|실생활|조건해석|계산|직선|거리,f444d45c16f3c24d8fa3422e6b905d62b22d5cbd127f9035c21fc2ccd03cc236,4f53cda18c2baa0c0354bb5f9a3ecbe5ed12ab4d8e11ba873c2f11161202b945,fb314a9c194614f81e68311f60a99fa02f89fa60f02547d15e364b6c0db86843,e7dfc00ba59f50d6f4176ff96fd8ab90e64165e7fa80ecaaa7df383bd93ff7d8,,,assets/images/24_제일고_1학기_중간_고1_기출/q21-solution.svg,8689342773a8c1e1f4b82cf9c0c057433a3ca90671cca4cc51a0b33647768fa1,0,LOADED_VM,,NOT_STARTED,NOT_STARTED,NOT_STARTED,SOURCE_REVIEW,SOURCE_REVIEW,COORDINATE_OR_GEOMETRY_STRUCTURE,,SVG,NO_PROBLEM_VISUAL,REVIEW_REQUIRED,SOLUTION_SVG,NOT_STARTED,,,fa1af0b9845bfc0fafd809beccae0c6931df2db85d02a3d97a0bbfc73eec70c0,NOT_STARTED,NOT_STARTED,NOT_STARTED,NOT_TESTED,PASS,canonical_and_compiled_master_match,INVENTORY_PENDING,01_scope_inventory.csv#archive/exams/original/high/h1/1mid/24_제일고_1학기_중간_고1_기출.js|24_제일고_1학기_중간_고1_수학|21,[object Object],INDEX_RECORD_PRESENT,original/high/h1/1mid/24_제일고_1학기_중간_고1_기출.js_21,a4fd9346dac6975e395fd6ebea29773b013f5cd40783ede93b895b2817993fe0,true,"$2 \pm \sqrt{3}, -3 \pm 2\sqrt{2}$",IN_SCOPE_FORWARD,,,CLOSED_NO_SHARED_ASSET
archive/exams/original/high/h1/2final/25_제일고_2학기_기말_고1_기출.js|25_제일고_2학기_기말_고1_기출|9,archive/exams/original/high/h1/2final/25_제일고_2학기_기말_고1_기출.js,25_제일고_2학기_기말_고1_기출,9,9,9,2022,공통수학2,H22-C2-02,직선의 방정식,2,H22-C2-02-EQUATION_APPLICATION,방정식과 부등식의 활용,category_or_cue_inferred,complete_category,객관식,grid,false,도형|직선|절편,02e85afbcc1776f7f47fa7f45a77c03b2264eabe3a6f92902430090d95161e6d,f09a9e2812f16e4bb0694a4f560545d0bbeeb0faaa7c64d6002d9e1cfa5c780a,d41ea6521f53fb3dfa10cf72e2932f4405d9c999fa422cdc840d25d57e90dd34,c9608bc6794a901ce7cda8aecd4d1a05d4fd383bfd6f9491b07eafd9112a81c7,,,assets/images/25_제일고_2학기_기말_고1_기출/q09-solution.svg,f115f23f719ce41c0eed9ca3f6c8c8455c6e0acc390376dcd89d180d0063058a,0,LOADED_VM,,NOT_STARTED,NOT_STARTED,NOT_STARTED,SOURCE_REVIEW,SOURCE_REVIEW,COORDINATE_OR_GEOMETRY_STRUCTURE,,SVG,NO_PROBLEM_VISUAL,REVIEW_REQUIRED,SOLUTION_SVG,NOT_STARTED,,,42e4b91257583a60df0b5c0ee2bf1bec2bf7bdcdddf75199cd51544cebaba35c,NOT_STARTED,NOT_STARTED,NOT_STARTED,NOT_TESTED,PASS,canonical_and_compiled_master_match,INVENTORY_PENDING,01_scope_inventory.csv#archive/exams/original/high/h1/2final/25_제일고_2학기_기말_고1_기출.js|25_제일고_2학기_기말_고1_기출|9,[object Object],INDEX_RECORD_PRESENT,original/high/h1/2final/25_제일고_2학기_기말_고1_기출.js_9,9e21f760e41cd5a96e0bcb51894cffed2a16b1275dd8e5d26f1e0070521598c2,true,④,IN_SCOPE_FORWARD,,,CLOSED_NO_SHARED_ASSET
archive/exams/original/high/h1/2mid/21_복성고_2학기_중간_고1_기출.js|21_복성고_2학기_중간_고1_기출|17,archive/exams/original/high/h1/2mid/21_복성고_2학기_중간_고1_기출.js,21_복성고_2학기_중간_고1_기출,17,17,17,2015,수학(상),H15-SA-10,직선의 방정식,10,H15-SA-10-EQUATION_BASIC,방정식의 풀이,category_or_cue_inferred,complete_category,객관식,grid,false,객관식|평면좌표|점과직선거리|최솟값|분수|도형|직선|거리,399ec0c061fe3729e483987c59f40ceae253dc65c58b8e7f4f408065f994d012,d3b513eba093def1f570b24c40510eec0b00ca49748eda4d023fa531cfa202a7,0bdef091c479702584f065d3a3714f8a76f851b3f0cf10912f345a5dd930b0a8,f66a81718cd5985c229f6a99a8485dbe4bf6dc26ef130d35eb382d5f547f878e,,,assets/images/21_복성고_2학기_중간_고1_기출/q17-solution.svg,320989d8378ccde27356ec7f4419acaa81dd931592d326c2dedd934da28b08bb,0,LOADED_VM,,NOT_STARTED,NOT_STARTED,NOT_STARTED,SOURCE_REVIEW,SOURCE_REVIEW,COORDINATE_OR_GEOMETRY_STRUCTURE|TABLE_OR_MATRIX_STRUCTURE,,SVG,NO_PROBLEM_VISUAL,REVIEW_REQUIRED,SOLUTION_SVG,NOT_STARTED,,,67483c143b4aa7f8cde6033b2e0d2dcb901a5d43d316475e710d5413379c251c,NOT_STARTED,NOT_STARTED,NOT_STARTED,NOT_TESTED,PASS,canonical_and_compiled_master_match,INVENTORY_PENDING,01_scope_inventory.csv#archive/exams/original/high/h1/2mid/21_복성고_2학기_중간_고1_기출.js|21_복성고_2학기_중간_고1_기출|17,[object Object],INDEX_RECORD_PRESENT,original/high/h1/2mid/21_복성고_2학기_중간_고1_기출.js_17,e401793856d97e8908f926aed3465ed6a1b7aeb63e060c06aea27a6442187532,true,⑤,IN_SCOPE_FORWARD,,,CLOSED_NO_SHARED_ASSET
archive/exams/original/high/h1/2mid/21_순천고_2학기_중간_고1_기출.js|21_순천고_2학기_중간_고1_기출|21,archive/exams/original/high/h1/2mid/21_순천고_2학기_중간_고1_기출.js,21_순천고_2학기_중간_고1_기출,21,21,21,2015,수학(상),H15-SA-10,직선의 방정식,10,H15-SA-10-DISTANCE_ANGLE,직선 사이의 거리와 각,category_or_cue_inferred,complete_category,서술형,grid,false,서술형|도형|직선의방정식|직각삼각형|직사각형|최대넓이|직선|수직|절편|넓이,d70a784d3d8261045fe56aee6fc4ff1d722540f4f8cb111bcd1b85e5485417af,4f53cda18c2baa0c0354bb5f9a3ecbe5ed12ab4d8e11ba873c2f11161202b945,83bba2d7279f70c9bff40d3a38b04acbdfc92a18f096adb365d61cc90144fae1,7f7adc96a36c46da7e72e0f1ed57e680712822c4dead613c21ab16a0fa74a4c2,assets/images/21_순천고_2학기_중간_고1_기출/q21.png,2698c56c44939b05964e0968d1b8c9cfea3f3a5a568c7ef7946c0d24940fd2ee,assets/images/21_순천고_2학기_중간_고1_기출/q21-solution.svg,1db29d2283ebacb2e9bd2beb5c5754d3278cb125fa3c8ebe495a6461ca186273,0,LOADED_VM,,NOT_STARTED,NOT_STARTED,NOT_STARTED,SOURCE_REVIEW,SOURCE_REVIEW,GRAPH_OR_FUNCTION_STRUCTURE|COORDINATE_OR_GEOMETRY_STRUCTURE|TABLE_OR_MATRIX_STRUCTURE,,SVG,PROBLEM_VISUAL_PRESENT,REVIEW_REQUIRED,SOLUTION_SVG,NOT_STARTED,,,cbd055019632b077c83cf32f5085a0b2ce22d8632de89225f739f28ffb48d0b4,NOT_STARTED,NOT_STARTED,NOT_STARTED,NOT_TESTED,PASS,canonical_and_compiled_master_match,INVENTORY_PENDING,01_scope_inventory.csv#archive/exams/original/high/h1/2mid/21_순천고_2학기_중간_고1_기출.js|21_순천고_2학기_중간_고1_기출|21,[object Object]|[object Object],INDEX_RECORD_PRESENT,original/high/h1/2mid/21_순천고_2학기_중간_고1_기출.js_21,a26d4fd47fc1aaab402aee17b942ec9bc9a4cdc4add04303618d906b47a00ea7,true,$14$,IN_SCOPE_FORWARD,,,CLOSED_NO_SHARED_ASSET
archive/exams/original/high/h1/2mid/21_효천고_2학기_중간_고1_기출.js|21_효천고_2학기_중간_고1_기출|13,archive/exams/original/high/h1/2mid/21_효천고_2학기_중간_고1_기출.js,21_효천고_2학기_중간_고1_기출,13,13,13,2015,수학(상),H15-SA-10,직선의 방정식,10,H15-SA-10-DISTANCE_ANGLE,직선 사이의 거리와 각,category_or_cue_inferred,complete_category,객관식,grid,false,객관식|직선의방정식|도형|그래프|삼각형넓이|최솟값|직선|수직|절편|넓이,e91940e7543e4ed64a93bd09bad8a35efea6cad87ae5a97313cfbf92901516b8,d238063e92781ac8c4073b1a4967318e89a02ac970944422d1ac19392509ce57,b15be6cb71072b84f7e1e198ce023fc5bb8b1e625335904ddcf3cffcd8b7312b,94409ae611936c7c04ef850510a224f829658febbfdcabb0b6a8bb73e4a2a87c,assets/images/21_효천고_2학기_중간_고1_기출/q13.png,583e1d5f36f7bf98250123a93d290a49d0694275fb852d91848b425357dfac51,assets/images/21_효천고_2학기_중간_고1_기출/q13-solution.svg,c00654586178a256b20feda25a38fa2b487462ee634929c78f3bb88d4a563877,0,LOADED_VM,,NOT_STARTED,NOT_STARTED,NOT_STARTED,SOURCE_REVIEW,SOURCE_REVIEW,GRAPH_OR_FUNCTION_STRUCTURE|COORDINATE_OR_GEOMETRY_STRUCTURE,,SVG,PROBLEM_VISUAL_PRESENT,REVIEW_REQUIRED,SOLUTION_SVG,NOT_STARTED,,,d965833b7549db82c9c53fe3d6d8a560af6b340167e1414518856dd7067a1bdf,NOT_STARTED,NOT_STARTED,NOT_STARTED,NOT_TESTED,PASS,canonical_and_compiled_master_match,INVENTORY_PENDING,01_scope_inventory.csv#archive/exams/original/high/h1/2mid/21_효천고_2학기_중간_고1_기출.js|21_효천고_2학기_중간_고1_기출|13,[object Object]|[object Object],INDEX_RECORD_PRESENT,original/high/h1/2mid/21_효천고_2학기_중간_고1_기출.js_13,84f8a40a0b516e625e0c7046c7a6cd00a2b6c9a1521ae9a19a89d1f958384564,true,③,IN_SCOPE_FORWARD,,,CLOSED_NO_SHARED_ASSET
archive/exams/original/high/h1/2mid/22_강남여고_2학기_중간_고1_기출.js|22_강남여고_2학기_중간_고1_기출|13,archive/exams/original/high/h1/2mid/22_강남여고_2학기_중간_고1_기출.js,22_강남여고_2학기_중간_고1_기출,13,13,13,2015,수학(상),H15-SA-10,직선의 방정식,10,H15-SA-10-DISTANCE_ANGLE,직선 사이의 거리와 각,category_or_cue_inferred,complete_category,객관식,grid,false,객관식|직선의방정식|점과직선사이거리|최댓값|도형|직선|수직|거리,dd5869636745086be8a2540dff071778024d3138fd77198a7e4fc224c349242e,34ad8a22748498f6b67baa4849a6923e291c1a2d73eca46567e79b7da5dd7613,973d2fd2f97e26a666f403b12da6d87e527985b36bcf4ff0a47c7e7e8c36321a,fc2a1916b710b0727682891a4f2e6d44aeb79d0e02c40ae7711f939ee4583e84,,,assets/images/22_강남여고_2학기_중간_고1_기출/q13-solution.svg,1bd3491a748c49ad6cd208e43f125d3726828fbae8720c63ba9474f05aa08410,0,LOADED_VM,,NOT_STARTED,NOT_STARTED,NOT_STARTED,SOURCE_REVIEW,SOURCE_REVIEW,COORDINATE_OR_GEOMETRY_STRUCTURE,,SVG,NO_PROBLEM_VISUAL,REVIEW_REQUIRED,SOLUTION_SVG,NOT_STARTED,,,d0eb910e29ee65438095e54f7f660d6b445f553fe7decb446b62c8988a5af672,NOT_STARTED,NOT_STARTED,NOT_STARTED,NOT_TESTED,PASS,canonical_and_compiled_master_match,INVENTORY_PENDING,01_scope_inventory.csv#archive/exams/original/high/h1/2mid/22_강남여고_2학기_중간_고1_기출.js|22_강남여고_2학기_중간_고1_기출|13,[object Object],INDEX_RECORD_PRESENT,original/high/h1/2mid/22_강남여고_2학기_중간_고1_기출.js_13,c33a906b5582c5caa49f7a6b75c5cca91b1d7e8ea53b1ebc598e2223d13e86b5,true,①,IN_SCOPE_FORWARD,,,CLOSED_NO_SHARED_ASSET
archive/exams/original/high/h1/2mid/22_강남여고_2학기_중간_고1_기출.js|22_강남여고_2학기_중간_고1_기출|22,archive/exams/original/high/h1/2mid/22_강남여고_2학기_중간_고1_기출.js,22_강남여고_2학기_중간_고1_기출,22,22,22,2015,수학(상),H15-SA-10,직선의 방정식,10,H15-SA-10-PARALLEL_PERPENDICULAR,두 직선의 평행과 수직,category_or_cue_inferred,complete_category,서술형,grid,false,서술형|직선의방정식|평행|일치|수직|도형|직선,cb0284746ecd44dbbd016a41aa02ed162a0bf7fe32121657579ca048641b3003,4f53cda18c2baa0c0354bb5f9a3ecbe5ed12ab4d8e11ba873c2f11161202b945,6ba3fbbddf2497e874992e24df7ff061d13165fead45f43f056b1af5dface737,2d01dbd5ba3488c71634528769ef5f753a170b48ed8ca21ca300f61ecef68127,,,assets/images/22_강남여고_2학기_중간_고1_기출/q22-solution.svg,75cdb395e7b17e4f3c2a5c534e227b01280330a95e3258df59f93973265f75d1,0,LOADED_VM,,NOT_STARTED,NOT_STARTED,NOT_STARTED,SOURCE_REVIEW,SOURCE_REVIEW,COORDINATE_OR_GEOMETRY_STRUCTURE|SET_OR_LOGIC_STRUCTURE,,SVG,NO_PROBLEM_VISUAL,REVIEW_REQUIRED,SOLUTION_SVG,NOT_STARTED,,,4923195c53ebefcffdd4739de9fd8b914c68b0c7c244639d978e1ddf5c32bad0,NOT_STARTED,NOT_STARTED,NOT_STARTED,NOT_TESTED,PASS,canonical_and_compiled_master_match,INVENTORY_PENDING,01_scope_inventory.csv#archive/exams/original/high/h1/2mid/22_강남여고_2학기_중간_고1_기출.js|22_강남여고_2학기_중간_고1_기출|22,[object Object],INDEX_RECORD_PRESENT,original/high/h1/2mid/22_강남여고_2학기_중간_고1_기출.js_22,c33a906b5582c5caa49f7a6b75c5cca91b1d7e8ea53b1ebc598e2223d13e86b5,true,$\dfrac32$,IN_SCOPE_FORWARD,,,CLOSED_NO_SHARED_ASSET
archive/exams/original/high/h1/2mid/25_금당고_2학기_중간_고1_기출.js|25_금당고_2학기_중간_고1_기출|2,archive/exams/original/high/h1/2mid/25_금당고_2학기_중간_고1_기출.js,25_금당고_2학기_중간_고1_기출,2,2,2,2022,공통수학2,H22-C2-02,직선의 방정식,2,H22-C2-02-RELATION,두 직선의 관계,category_or_cue_inferred,complete_category,객관식,grid,false,객관식|직선의 방정식|평행|도형|직선|절편,cc43bda1260ddd2998897b5eb83fd47d89d09d709225c5eab95871d673f1f200,294c11a0a7454c6d2c54292c6946639c9ff0b1e40517ba5c7f875666c6620266,b15be6cb71072b84f7e1e198ce023fc5bb8b1e625335904ddcf3cffcd8b7312b,6624df68b2dada33fe4c3efc9c3c4be977a560fb1aea77b52db4c8fde7450bfb,,,assets/images/25_금당고_2학기_중간_고1_기출/q02-solution.svg,1368d9b2f4a508ac8627fff1cefc3b20520a924573f6d317301c21de180ce14d,0,LOADED_VM,,NOT_STARTED,NOT_STARTED,NOT_STARTED,SOURCE_REVIEW,SOURCE_REVIEW,COORDINATE_OR_GEOMETRY_STRUCTURE,,SVG,NO_PROBLEM_VISUAL,REVIEW_REQUIRED,SOLUTION_SVG,NOT_STARTED,,,176a564a33c71bd5b92adade12d956e97d3150f9a065a122b22277d5bf8b8b92,NOT_STARTED,NOT_STARTED,NOT_STARTED,NOT_TESTED,PASS,canonical_and_compiled_master_match,INVENTORY_PENDING,01_scope_inventory.csv#archive/exams/original/high/h1/2mid/25_금당고_2학기_중간_고1_기출.js|25_금당고_2학기_중간_고1_기출|2,[object Object],INDEX_RECORD_PRESENT,original/high/h1/2mid/25_금당고_2학기_중간_고1_기출.js_2,e0159164ccdd95c2b3f007051433ed8a5636f22089ca827120703d4485fd8f21,true,③,IN_SCOPE_FORWARD,,,CLOSED_NO_SHARED_ASSET
archive/exams/original/high/h1/2mid/25_금당고_2학기_중간_고1_기출.js|25_금당고_2학기_중간_고1_기출|14,archive/exams/original/high/h1/2mid/25_금당고_2학기_중간_고1_기출.js,25_금당고_2학기_중간_고1_기출,14,14,14,2022,공통수학2,H22-C2-02,직선의 방정식,2,H22-C2-02-RELATION,두 직선의 관계,category_or_cue_inferred,complete_category,객관식,grid,false,객관식|직선의 방정식|수선|넓이|도형|직선|수직|교점,db8d6b55626c304fa6ba8d03e13722c0882b2d04f3d6da2ea6df036133d3788b,65aff80467ddb179c9d6f93eb00fe54e91d103be76fe5e4f8a31f697929029d6,dfde05a3668030e99ca64d8d4ae5f6b64c7a87cee61c0ba43904b92ef210191d,917b26c10a4058e14ba7ff47b469b31231877f4be3092d51d25bf9cd491aee44,assets/images/25_금당고_2학기_중간_고1_기출/q14.png,ad2db5fbaa57568a36ca0d16b8e3996b03aefb9902c214fa66b9737dbaa63d6f,assets/images/25_금당고_2학기_중간_고1_기출/q14-solution.svg,3bd9828a5120509ea68780b1d9a38a8842ebef78693311915d3144ec042d3eee,0,LOADED_VM,,NOT_STARTED,NOT_STARTED,NOT_STARTED,SOURCE_REVIEW,SOURCE_REVIEW,GRAPH_OR_FUNCTION_STRUCTURE|COORDINATE_OR_GEOMETRY_STRUCTURE|TABLE_OR_MATRIX_STRUCTURE,,SVG,PROBLEM_VISUAL_PRESENT,REVIEW_REQUIRED,SOLUTION_SVG,NOT_STARTED,,,65fe978f4af993e3fbeec5083ea920b344c0ff99943e8a82002dc4c0f9b35541,NOT_STARTED,NOT_STARTED,NOT_STARTED,NOT_TESTED,PASS,canonical_and_compiled_master_match,INVENTORY_PENDING,01_scope_inventory.csv#archive/exams/original/high/h1/2mid/25_금당고_2학기_중간_고1_기출.js|25_금당고_2학기_중간_고1_기출|14,[object Object]|[object Object],INDEX_RECORD_PRESENT,original/high/h1/2mid/25_금당고_2학기_중간_고1_기출.js_14,e0159164ccdd95c2b3f007051433ed8a5636f22089ca827120703d4485fd8f21,true,②,IN_SCOPE_FORWARD,,,CLOSED_NO_SHARED_ASSET
archive/exams/original/high/h1/2mid/25_금당고_2학기_중간_고1_기출.js|25_금당고_2학기_중간_고1_기출|17,archive/exams/original/high/h1/2mid/25_금당고_2학기_중간_고1_기출.js,25_금당고_2학기_중간_고1_기출,17,17,17,2022,공통수학2,H22-C2-02,직선의 방정식,2,H22-C2-02-RELATION,두 직선의 관계,category_or_cue_inferred,complete_category,객관식,grid,false,객관식|직선의 방정식|평행|도형|직선,54c43768a71393bc7815b6256af538a46300fc59cc327e926ce146812d43ad16,d3b513eba093def1f570b24c40510eec0b00ca49748eda4d023fa531cfa202a7,d41ea6521f53fb3dfa10cf72e2932f4405d9c999fa422cdc840d25d57e90dd34,aa793c199e24e7365b12ded82a4f50c6dc87ed6592c7d8187f5549155998f9f4,,,assets/images/25_금당고_2학기_중간_고1_기출/q17-solution.svg,2cb6b3a6d91cbc8fc0d3d253434f4c85bc20d775cc1f6a382b3e9edaaaaf1204,0,LOADED_VM,,NOT_STARTED,NOT_STARTED,NOT_STARTED,SOURCE_REVIEW,SOURCE_REVIEW,COORDINATE_OR_GEOMETRY_STRUCTURE|TABLE_OR_MATRIX_STRUCTURE,,SVG,NO_PROBLEM_VISUAL,REVIEW_REQUIRED,SOLUTION_SVG,NOT_STARTED,,,dca83522fe6a1bef8d861311edb69793994c0d94e187773eaf17ab7970b52896,NOT_STARTED,NOT_STARTED,NOT_STARTED,NOT_TESTED,PASS,canonical_and_compiled_master_match,INVENTORY_PENDING,01_scope_inventory.csv#archive/exams/original/high/h1/2mid/25_금당고_2학기_중간_고1_기출.js|25_금당고_2학기_중간_고1_기출|17,[object Object],INDEX_RECORD_PRESENT,original/high/h1/2mid/25_금당고_2학기_중간_고1_기출.js_17,e0159164ccdd95c2b3f007051433ed8a5636f22089ca827120703d4485fd8f21,true,④,IN_SCOPE_FORWARD,,,CLOSED_NO_SHARED_ASSET
archive/exams/original/high/h1/2mid/25_매산고_2학기_중간_고1_기출.js|25_매산고_2학기_중간_고1_기출|2,archive/exams/original/high/h1/2mid/25_매산고_2학기_중간_고1_기출.js,25_매산고_2학기_중간_고1_기출,2,2,2,2022,공통수학2,H22-C2-02,직선의 방정식,2,H22-C2-02-RELATION,두 직선의 관계,category_or_cue_inferred,complete_category,객관식,grid,false,객관식|직선의 방정식|평행선|도형|직선|평행,00fec33e483565fb52fc3c31723adddfcec410d6ed8655cb2be7789ba1fc51fb,d5b2e16cc37c427c55629da459075429948169907c7a34996745b502c9dda891,973d2fd2f97e26a666f403b12da6d87e527985b36bcf4ff0a47c7e7e8c36321a,4b5614c311df8739522cf970098714216d381fc558c4966d49c94fc9e4b43bec,,,assets/images/25_매산고_2학기_중간_고1_기출/q02-solution.svg,c4e195e26429b6bf6660c07efc9ce75e3a7326c897442ed5c9ef6bb824dae13f,0,LOADED_VM,,NOT_STARTED,NOT_STARTED,NOT_STARTED,SOURCE_REVIEW,SOURCE_REVIEW,COORDINATE_OR_GEOMETRY_STRUCTURE|TABLE_OR_MATRIX_STRUCTURE,,SVG,NO_PROBLEM_VISUAL,REVIEW_REQUIRED,SOLUTION_SVG,NOT_STARTED,,,d812ceaf279b06bdfce0f177252dc83a4f137fba283b949b4b3203b0f235c1e1,NOT_STARTED,NOT_STARTED,NOT_STARTED,NOT_TESTED,PASS,canonical_and_compiled_master_match,INVENTORY_PENDING,01_scope_inventory.csv#archive/exams/original/high/h1/2mid/25_매산고_2학기_중간_고1_기출.js|25_매산고_2학기_중간_고1_기출|2,[object Object],INDEX_RECORD_PRESENT,original/high/h1/2mid/25_매산고_2학기_중간_고1_기출.js_2,44ae64cfff4180dd9768c51f05e2939ed037ef0031d1baaf3184a03a3d2d4984,true,①,IN_SCOPE_FORWARD,,,CLOSED_NO_SHARED_ASSET
archive/exams/original/high/h1/2mid/25_매산고_2학기_중간_고1_기출.js|25_매산고_2학기_중간_고1_기출|6,archive/exams/original/high/h1/2mid/25_매산고_2학기_중간_고1_기출.js,25_매산고_2학기_중간_고1_기출,6,6,6,2022,공통수학2,H22-C2-02,직선의 방정식,2,H22-C2-02-RELATION,두 직선의 관계,category_or_cue_inferred,complete_category,객관식,grid,false,객관식|직선의 방정식|점과 직선 사이의 거리|도형|직선|거리,e2482698948255c29b39f3295ea047d4cc0144c542b89c8af8890506baabaa74,ec87d61e3b4639d30e2b5eccc7cdb593496bc35b596ecb4f1035eb5c2b8e7e00,d41ea6521f53fb3dfa10cf72e2932f4405d9c999fa422cdc840d25d57e90dd34,a5ddd76400e909195ca34756c7e6dee8f82ecc91ae00df684e5df2a6e36c9fae,,,assets/images/25_매산고_2학기_중간_고1_기출/q06-solution.svg,7c124ff48f8aa3e27921ad1c3230603a1e12872db8b8385df68bebb9521184b7,0,LOADED_VM,,NOT_STARTED,NOT_STARTED,NOT_STARTED,SOURCE_REVIEW,SOURCE_REVIEW,GRAPH_OR_FUNCTION_STRUCTURE|COORDINATE_OR_GEOMETRY_STRUCTURE,,SVG,NO_PROBLEM_VISUAL,REVIEW_REQUIRED,SOLUTION_SVG,NOT_STARTED,,,20be906a618011e0c3436e60f4e1787c239d1ba3b8f36a3849a45f08eb925953,NOT_STARTED,NOT_STARTED,NOT_STARTED,NOT_TESTED,PASS,canonical_and_compiled_master_match,INVENTORY_PENDING,01_scope_inventory.csv#archive/exams/original/high/h1/2mid/25_매산고_2학기_중간_고1_기출.js|25_매산고_2학기_중간_고1_기출|6,[object Object],INDEX_RECORD_PRESENT,original/high/h1/2mid/25_매산고_2학기_중간_고1_기출.js_6,44ae64cfff4180dd9768c51f05e2939ed037ef0031d1baaf3184a03a3d2d4984,true,④,IN_SCOPE_FORWARD,,,CLOSED_NO_SHARED_ASSET
archive/exams/original/high/h1/2mid/25_매산고_2학기_중간_고1_기출.js|25_매산고_2학기_중간_고1_기출|15,archive/exams/original/high/h1/2mid/25_매산고_2학기_중간_고1_기출.js,25_매산고_2학기_중간_고1_기출,15,15,15,2022,공통수학2,H22-C2-02,직선의 방정식,2,H22-C2-02-RELATION,두 직선의 관계,category_or_cue_inferred,complete_category,객관식,grid,false,객관식|직선의 방정식|삼각형의 내심|점과 직선 사이의 거리|도형|직선|거리,e4e610f3e687e8aac6971fa6195511ded1400309eba7a78f4abc1bb027691238,4a5273afa46c18f15ff60e1245ff46626e59fc8f3859673ea86c7df9d4186cac,973d2fd2f97e26a666f403b12da6d87e527985b36bcf4ff0a47c7e7e8c36321a,f61ecf70d9d284fdc4bdf45613310c999303d11910b97590538434ac5884e549,,,assets/images/25_매산고_2학기_중간_고1_기출/q15-solution.svg,3e23fb9595704966a34b67d81717e4258afa3de64191a8705b4298cb64e40888,0,LOADED_VM,,NOT_STARTED,NOT_STARTED,NOT_STARTED,SOURCE_REVIEW,SOURCE_REVIEW,COORDINATE_OR_GEOMETRY_STRUCTURE|TABLE_OR_MATRIX_STRUCTURE,,SVG,NO_PROBLEM_VISUAL,REVIEW_REQUIRED,SOLUTION_SVG,NOT_STARTED,,,2af7bd08cff9e3721cfa83526e4a71474836ecfac815847ad9746f13aa7d5f36,NOT_STARTED,NOT_STARTED,NOT_STARTED,NOT_TESTED,PASS,canonical_and_compiled_master_match,INVENTORY_PENDING,01_scope_inventory.csv#archive/exams/original/high/h1/2mid/25_매산고_2학기_중간_고1_기출.js|25_매산고_2학기_중간_고1_기출|15,[object Object],INDEX_RECORD_PRESENT,original/high/h1/2mid/25_매산고_2학기_중간_고1_기출.js_15,44ae64cfff4180dd9768c51f05e2939ed037ef0031d1baaf3184a03a3d2d4984,true,①,IN_SCOPE_FORWARD,,,CLOSED_NO_SHARED_ASSET
archive/exams/original/high/h1/2mid/25_순천고_2학기_중간_고1_기출.js|25_순천고_2학기_중간_고1_기출|6,archive/exams/original/high/h1/2mid/25_순천고_2학기_중간_고1_기출.js,25_순천고_2학기_중간_고1_기출,6,6,6,2022,공통수학2,H22-C2-02,직선의 방정식,2,H22-C2-02-RELATION,두 직선의 관계,category_or_cue_inferred,complete_category,객관식,grid,false,객관식|직선의 방정식|평행선|거리|도형|직선|평행,96ed3bc5454e05f5a384ad8c116527670cb0c5a1171b731ba2d38719274cbeba,fc3dba98889cccd1a96f32fb71f7812a2d3b9dde603c59a1f87b932df48e085f,973d2fd2f97e26a666f403b12da6d87e527985b36bcf4ff0a47c7e7e8c36321a,d5244013f6ce31320fd1a057f76ba547197fab31e36b425c86d01053dd7f3548,,,assets/images/25_순천고_2학기_중간_고1_기출/q06-solution.svg,2251ef4bd63c1d570c98c47c478c112c24eef26f7ed2b677b06ea6255307b4c8,0,LOADED_VM,,NOT_STARTED,NOT_STARTED,NOT_STARTED,SOURCE_REVIEW,SOURCE_REVIEW,COORDINATE_OR_GEOMETRY_STRUCTURE,,SVG,NO_PROBLEM_VISUAL,REVIEW_REQUIRED,SOLUTION_SVG,NOT_STARTED,,,68da060fbc3ef4fcf8485097a566a03ae4d688e57cf1e7f913dcd185a113456f,NOT_STARTED,NOT_STARTED,NOT_STARTED,NOT_TESTED,PASS,canonical_and_compiled_master_match,INVENTORY_PENDING,01_scope_inventory.csv#archive/exams/original/high/h1/2mid/25_순천고_2학기_중간_고1_기출.js|25_순천고_2학기_중간_고1_기출|6,[object Object],INDEX_RECORD_PRESENT,original/high/h1/2mid/25_순천고_2학기_중간_고1_기출.js_6,5c07f41210824eec17a7faa25d7922670eff32238bbc38b1de15340e828f0242,true,①,IN_SCOPE_FORWARD,,,CLOSED_NO_SHARED_ASSET
archive/exams/original/high/h1/2mid/25_순천고_2학기_중간_고1_기출.js|25_순천고_2학기_중간_고1_기출|12,archive/exams/original/high/h1/2mid/25_순천고_2학기_중간_고1_기출.js,25_순천고_2학기_중간_고1_기출,12,12,12,2022,공통수학2,H22-C2-02,직선의 방정식,2,H22-C2-02-RELATION,두 직선의 관계,category_or_cue_inferred,complete_category,객관식,grid,false,객관식|직선의 방정식|점과 직선 사이의 거리|최댓값|넓이|도형|직선|거리|절편,670a92ff76b538a81ea941421445c29cc988aa0658dfdafdb9330b86c0ac1573,8c1e8930f0dfb06ea07760b9ed5f7aef091236f9de8e8c501b7438484eb1a7bf,dfde05a3668030e99ca64d8d4ae5f6b64c7a87cee61c0ba43904b92ef210191d,b7a30b9043afdfd4e67ae91e24c98eb2bf6d15bf5a951e46f7be99702700cb36,,,assets/images/25_순천고_2학기_중간_고1_기출/q12-solution.svg,29987f7d569905b2b66308316343f6cbcfa4729b90ada6e13aae1e34d9174f31,0,LOADED_VM,,NOT_STARTED,NOT_STARTED,NOT_STARTED,SOURCE_REVIEW,SOURCE_REVIEW,COORDINATE_OR_GEOMETRY_STRUCTURE,,SVG,NO_PROBLEM_VISUAL,REVIEW_REQUIRED,SOLUTION_SVG,NOT_STARTED,,,8db46527bc589ccbfec30ec640c44dd5ad713e6d628682042791298a174623d1,NOT_STARTED,NOT_STARTED,NOT_STARTED,NOT_TESTED,PASS,canonical_and_compiled_master_match,INVENTORY_PENDING,01_scope_inventory.csv#archive/exams/original/high/h1/2mid/25_순천고_2학기_중간_고1_기출.js|25_순천고_2학기_중간_고1_기출|12,[object Object],INDEX_RECORD_PRESENT,original/high/h1/2mid/25_순천고_2학기_중간_고1_기출.js_12,5c07f41210824eec17a7faa25d7922670eff32238bbc38b1de15340e828f0242,true,②,IN_SCOPE_FORWARD,,,CLOSED_NO_SHARED_ASSET
archive/exams/original/high/h1/2mid/25_순천고_2학기_중간_고1_기출.js|25_순천고_2학기_중간_고1_기출|18,archive/exams/original/high/h1/2mid/25_순천고_2학기_중간_고1_기출.js,25_순천고_2학기_중간_고1_기출,18,18,18,2022,공통수학2,H22-C2-02,직선의 방정식,2,H22-C2-02-RELATION,두 직선의 관계,category_or_cue_inferred,complete_category,단답형,grid,false,단답형|직선의 방정식|무게중심|점과 직선 사이의 거리|도형|직선|수직|거리,7a1a7b0b7190329066b926ca3b65d4d980e4d565c0bcd8bafe474e74234e3ca4,4f53cda18c2baa0c0354bb5f9a3ecbe5ed12ab4d8e11ba873c2f11161202b945,f7c1b465d9d4d59ae6d9f7b9f3a9d952bc0b7f08063e42e3f15ad042c2210e67,b306fefc9e1778fcef5e1dc726239c532e36189657b09d32b772cd5f4ec3f060,assets/images/25_순천고_2학기_중간_고1_기출/q18.png,e8a7ae4fd2593d65b72020ca2baafd25b170a50ec0c71965c586c952ec164e63,assets/images/25_순천고_2학기_중간_고1_기출/q18-solution.svg,cac9f8bf9e9b69c1a5eab426f56cd8ba53808ca3605aab791587bb6af4ee66ff,0,LOADED_VM,,NOT_STARTED,NOT_STARTED,NOT_STARTED,SOURCE_REVIEW,SOURCE_REVIEW,COORDINATE_OR_GEOMETRY_STRUCTURE|TABLE_OR_MATRIX_STRUCTURE,,SVG,PROBLEM_VISUAL_PRESENT,REVIEW_REQUIRED,SOLUTION_SVG,NOT_STARTED,,,2f3b456624f3c2785ac73de3a0d7f8947ffb7de1d920590bfc600addcb5796ca,NOT_STARTED,NOT_STARTED,NOT_STARTED,NOT_TESTED,PASS,canonical_and_compiled_master_match,INVENTORY_PENDING,01_scope_inventory.csv#archive/exams/original/high/h1/2mid/25_순천고_2학기_중간_고1_기출.js|25_순천고_2학기_중간_고1_기출|18,[object Object]|[object Object],INDEX_RECORD_PRESENT,original/high/h1/2mid/25_순천고_2학기_중간_고1_기출.js_18,5c07f41210824eec17a7faa25d7922670eff32238bbc38b1de15340e828f0242,true,$21$,IN_SCOPE_FORWARD,,,CLOSED_NO_SHARED_ASSET
archive/exams/original/high/h1/2mid/25_순천고_2학기_중간_고1_기출.js|25_순천고_2학기_중간_고1_기출|21,archive/exams/original/high/h1/2mid/25_순천고_2학기_중간_고1_기출.js,25_순천고_2학기_중간_고1_기출,21,21,21,2022,공통수학2,H22-C2-02,직선의 방정식,2,H22-C2-02-RELATION,두 직선의 관계,category_or_cue_inferred,complete_category,서술형,grid,false,서술형|직선의 방정식|수선의 발|점과 직선 사이의 거리|도형|직선|수직|거리,0782acac4aaea6bdbf1a10eec059c67c6d8835d45e2e9b0c82ebbb4e283f106a,4f53cda18c2baa0c0354bb5f9a3ecbe5ed12ab4d8e11ba873c2f11161202b945,b6a67704580e8392b380fa6db70633e90501b929a024a6cefae7aa9fb13e5c5e,90fe1813397f58ad45ce9f58665f2d21f3e64048d50644180d77fa81b5c1ccf2,,,assets/images/25_순천고_2학기_중간_고1_기출/q21-solution.svg,3e2f416f3cddc55f0c81c411c85bce2ad91c0437dddc6c14913fd7f9fcaac57b,0,LOADED_VM,,NOT_STARTED,NOT_STARTED,NOT_STARTED,SOURCE_REVIEW,SOURCE_REVIEW,GRAPH_OR_FUNCTION_STRUCTURE|COORDINATE_OR_GEOMETRY_STRUCTURE,,SVG,NO_PROBLEM_VISUAL,REVIEW_REQUIRED,SOLUTION_SVG,NOT_STARTED,,,d6cd9f0cf5b8162f0b17fbd49c5fcd3c3fafeef0bac815380b59cbabf5e047bf,NOT_STARTED,NOT_STARTED,NOT_STARTED,NOT_TESTED,PASS,canonical_and_compiled_master_match,INVENTORY_PENDING,01_scope_inventory.csv#archive/exams/original/high/h1/2mid/25_순천고_2학기_중간_고1_기출.js|25_순천고_2학기_중간_고1_기출|21,[object Object],INDEX_RECORD_PRESENT,original/high/h1/2mid/25_순천고_2학기_중간_고1_기출.js_21,5c07f41210824eec17a7faa25d7922670eff32238bbc38b1de15340e828f0242,true,$-1+\dfrac{7\sqrt2}{2}$,IN_SCOPE_FORWARD,,,CLOSED_NO_SHARED_ASSET
archive/exams/original/high/h1/2mid/25_순천여고_2학기_중간_고1_공통수학2.js|25_순천여고_2학기_중간_고1_공통수학2|10,archive/exams/original/high/h1/2mid/25_순천여고_2학기_중간_고1_공통수학2.js,25_순천여고_2학기_중간_고1_공통수학2,10,10,10,2022,공통수학2,H22-C2-02,직선의 방정식,2,H22-C2-02-RELATION,두 직선의 관계,category_or_cue_inferred,complete_category,객관식,grid,false,도형|직선|평행|수직,cb85fa7168c46f64be4a92cea3dcf3fc8778aa558b9ca3bbbe444541a26e054a,05102572ed4d77eee6884cfe63722b04bd0136f8210015d28b98dd8edbc475c1,973d2fd2f97e26a666f403b12da6d87e527985b36bcf4ff0a47c7e7e8c36321a,83e6092ecd6bc309821ab9a8e62b14ae36248ba226588affd06c3b8b0cc53a2a,,,assets/images/25_순천여고_2학기_중간_고1_공통수학2/q10-solution.svg,a53529d991f6e53a7db2d8ef38352304cc3959a30805d1c87568882290b751fc,0,LOADED_VM,,NOT_STARTED,NOT_STARTED,NOT_STARTED,SOURCE_REVIEW,SOURCE_REVIEW,COORDINATE_OR_GEOMETRY_STRUCTURE,,SVG,NO_PROBLEM_VISUAL,REVIEW_REQUIRED,SOLUTION_SVG,NOT_STARTED,,,7eed7056d795985c2faf3d8d1630c6973234c5a1f1f1b5a890ff00698359edce,NOT_STARTED,NOT_STARTED,NOT_STARTED,NOT_TESTED,PASS,canonical_and_compiled_master_match,INVENTORY_PENDING,01_scope_inventory.csv#archive/exams/original/high/h1/2mid/25_순천여고_2학기_중간_고1_공통수학2.js|25_순천여고_2학기_중간_고1_공통수학2|10,[object Object],INDEX_RECORD_PRESENT,original/high/h1/2mid/25_순천여고_2학기_중간_고1_공통수학2.js_10,4dd7d35fd70b2ae0d758eb909565c2cd0f9c54d2893da96a20d18bc4d63e6e26,true,①,IN_SCOPE_FORWARD,,,CLOSED_NO_SHARED_ASSET
archive/exams/original/high/h1/2mid/25_순천여고_2학기_중간_고1_공통수학2.js|25_순천여고_2학기_중간_고1_공통수학2|12,archive/exams/original/high/h1/2mid/25_순천여고_2학기_중간_고1_공통수학2.js,25_순천여고_2학기_중간_고1_공통수학2,12,12,12,2022,공통수학2,H22-C2-02,직선의 방정식,2,H22-C2-02-RELATION,두 직선의 관계,category_or_cue_inferred,complete_category,객관식,grid,false,도형|직선|수직|교점,6f73f20babafb169045b74d2f83e1ecb2c6ada6efe75a1d28e611087eff7a746,5cab114addd6cb24c668a3a9a77f0c60f50c5f362f9c436dcc66dd8f657c7b55,dfde05a3668030e99ca64d8d4ae5f6b64c7a87cee61c0ba43904b92ef210191d,711eed7fe79a395e8f48ffd663d52ea55d3d2864ab8e518c382b15cdcddd4b46,,,assets/images/25_순천여고_2학기_중간_고1_공통수학2/q12-solution.svg,434e4e7dca7ae4b0275dabe3f6fc2adacf6eb6d10282f96b8be43791ef7e2b46,0,LOADED_VM,,NOT_STARTED,NOT_STARTED,NOT_STARTED,SOURCE_REVIEW,SOURCE_REVIEW,GRAPH_OR_FUNCTION_STRUCTURE|COORDINATE_OR_GEOMETRY_STRUCTURE,,SVG,NO_PROBLEM_VISUAL,REVIEW_REQUIRED,SOLUTION_SVG,NOT_STARTED,,,a9745de80385753f32b619cbbefd23179a805687cea7808bd09279fa02acd8cf,NOT_STARTED,NOT_STARTED,NOT_STARTED,NOT_TESTED,PASS,canonical_and_compiled_master_match,INVENTORY_PENDING,01_scope_inventory.csv#archive/exams/original/high/h1/2mid/25_순천여고_2학기_중간_고1_공통수학2.js|25_순천여고_2학기_중간_고1_공통수학2|12,[object Object],INDEX_RECORD_PRESENT,original/high/h1/2mid/25_순천여고_2학기_중간_고1_공통수학2.js_12,4dd7d35fd70b2ae0d758eb909565c2cd0f9c54d2893da96a20d18bc4d63e6e26,true,②,IN_SCOPE_FORWARD,,,CLOSED_NO_SHARED_ASSET
archive/exams/original/high/h1/2mid/25_순천여고_2학기_중간_고1_공통수학2.js|25_순천여고_2학기_중간_고1_공통수학2|13,archive/exams/original/high/h1/2mid/25_순천여고_2학기_중간_고1_공통수학2.js,25_순천여고_2학기_중간_고1_공통수학2,13,13,13,2022,공통수학2,H22-C2-02,직선의 방정식,2,H22-C2-02-RELATION,두 직선의 관계,category_or_cue_inferred,complete_category,객관식,fullwidth,false,도형|직선|평행|수직|거리,0a0ee4864465f51bd80911316d646d07a91eb24ae9e2b7938837732e61a3e150,a116e0535eb0d31336531b12a8a890dc6ace41a28b39ce3e9af4e6e88d497402,d41ea6521f53fb3dfa10cf72e2932f4405d9c999fa422cdc840d25d57e90dd34,167c5653b8f78a0244fceced1246b852f718f797f4ad1540e66e64af58cc2aaf,assets/images/25_순천여고_2학기_중간_고1_공통수학2/q13.png,12e1e7ce1dbb34114c0e93d1c9706a50aeae400570eaadaea8ee921cc00a4fbe,assets/images/25_순천여고_2학기_중간_고1_공통수학2/q13-solution.svg,0256a6beb587c0cf23842818c92de6db0a7afda62e91d999f467fefea5bc1231,0,LOADED_VM,,NOT_STARTED,NOT_STARTED,NOT_STARTED,SOURCE_REVIEW,SOURCE_REVIEW,COORDINATE_OR_GEOMETRY_STRUCTURE|TABLE_OR_MATRIX_STRUCTURE,,SVG,PROBLEM_VISUAL_PRESENT,REVIEW_REQUIRED,SOLUTION_SVG,NOT_STARTED,,,52152759153769d031446f2ded3ddeb6c98d6f33aedae90e3a6a845e230d4b13,NOT_STARTED,NOT_STARTED,NOT_STARTED,NOT_TESTED,PASS,canonical_and_compiled_master_match,INVENTORY_PENDING,01_scope_inventory.csv#archive/exams/original/high/h1/2mid/25_순천여고_2학기_중간_고1_공통수학2.js|25_순천여고_2학기_중간_고1_공통수학2|13,[object Object]|[object Object],INDEX_RECORD_PRESENT,original/high/h1/2mid/25_순천여고_2학기_중간_고1_공통수학2.js_13,4dd7d35fd70b2ae0d758eb909565c2cd0f9c54d2893da96a20d18bc4d63e6e26,true,④,IN_SCOPE_FORWARD,,,CLOSED_NO_SHARED_ASSET
archive/exams/original/high/h1/2mid/25_순천여고_2학기_중간_고1_공통수학2.js|25_순천여고_2학기_중간_고1_공통수학2|19,archive/exams/original/high/h1/2mid/25_순천여고_2학기_중간_고1_공통수학2.js,25_순천여고_2학기_중간_고1_공통수학2,19,19,19,2022,공통수학2,H22-C2-02,직선의 방정식,2,H22-C2-02-INEQUALITY_BASIC,부등식의 풀이,category_or_cue_inferred,complete_category,서술형,grid,false,서술형|도형|직선,06125c35627c9cf805ca41a00ef4931896c0badcc019637988cc08a52fc70b05,4f53cda18c2baa0c0354bb5f9a3ecbe5ed12ab4d8e11ba873c2f11161202b945,2130cd79ea4ad3cb2a5cf391c4a155c04a170766a27f13693ff03a04a96edb88,34bbf8dff55e470ad42b22617715af950ba0091281c4c6d98a42513da5fc488b,,,assets/images/25_순천여고_2학기_중간_고1_공통수학2/q19-solution.svg,eac095b35ece9352315d5bfb77efa826e199dde69c876151663111e4d6bbe641,0,LOADED_VM,,NOT_STARTED,NOT_STARTED,NOT_STARTED,SOURCE_REVIEW,SOURCE_REVIEW,COORDINATE_OR_GEOMETRY_STRUCTURE,,SVG,NO_PROBLEM_VISUAL,REVIEW_REQUIRED,SOLUTION_SVG,NOT_STARTED,,,9a0ab926ab143eeb879c927746d5e37e0752b42bf36a6846ace5d8709b5144f6,NOT_STARTED,NOT_STARTED,NOT_STARTED,NOT_TESTED,PASS,canonical_and_compiled_master_match,INVENTORY_PENDING,01_scope_inventory.csv#archive/exams/original/high/h1/2mid/25_순천여고_2학기_중간_고1_공통수학2.js|25_순천여고_2학기_중간_고1_공통수학2|19,[object Object],INDEX_RECORD_PRESENT,original/high/h1/2mid/25_순천여고_2학기_중간_고1_공통수학2.js_19,4dd7d35fd70b2ae0d758eb909565c2cd0f9c54d2893da96a20d18bc4d63e6e26,true,$0\le m\le \dfrac23$,IN_SCOPE_FORWARD,,,CLOSED_NO_SHARED_ASSET
archive/exams/original/high/h1/2mid/25_순천여고_2학기_중간_고1_공통수학2.js|25_순천여고_2학기_중간_고1_공통수학2|20,archive/exams/original/high/h1/2mid/25_순천여고_2학기_중간_고1_공통수학2.js,25_순천여고_2학기_중간_고1_공통수학2,20,20,20,2022,공통수학2,H22-C2-02,직선의 방정식,2,H22-C2-02-EQUATION_APPLICATION,방정식과 부등식의 활용,category_or_cue_inferred,complete_category,서술형,grid,false,서술형|도형|직선|넓이,e9490e268ebb9a257ce3c3efb20c2d7a7ab302f01b295d878e9476be61e2e9ea,4f53cda18c2baa0c0354bb5f9a3ecbe5ed12ab4d8e11ba873c2f11161202b945,0d35d9479fd40913ce7d3e8c46f15b5439ec4a4adf0ec2ef85d6910bbfbd1f19,168e71b734e6e97e8906a257840564b0c201c4ed1d73d59c8ff9abe1f813c9b0,assets/images/25_순천여고_2학기_중간_고1_공통수학2/q20.png,f54cc4bc3b3bcc4630ef4241169e1c55730a76312c7ca25906b043d5d1df4bba,assets/images/25_순천여고_2학기_중간_고1_공통수학2/q20-solution.svg,8fbde923c248ff460b6a79ab09f26db408fb69d0a79f2f829274c476b33109bd,0,LOADED_VM,,NOT_STARTED,NOT_STARTED,NOT_STARTED,SOURCE_REVIEW,SOURCE_REVIEW,COORDINATE_OR_GEOMETRY_STRUCTURE,,SVG,PROBLEM_VISUAL_PRESENT,REVIEW_REQUIRED,SOLUTION_SVG,NOT_STARTED,,,0b97e5174661a92355caf297149daf2bafb1f9aa7024e10209d15abae7729b7b,NOT_STARTED,NOT_STARTED,NOT_STARTED,NOT_TESTED,PASS,canonical_and_compiled_master_match,INVENTORY_PENDING,01_scope_inventory.csv#archive/exams/original/high/h1/2mid/25_순천여고_2학기_중간_고1_공통수학2.js|25_순천여고_2학기_중간_고1_공통수학2|20,[object Object]|[object Object],INDEX_RECORD_PRESENT,original/high/h1/2mid/25_순천여고_2학기_중간_고1_공통수학2.js_20,4dd7d35fd70b2ae0d758eb909565c2cd0f9c54d2893da96a20d18bc4d63e6e26,true,$3x+5y-15=0$,IN_SCOPE_FORWARD,,,CLOSED_NO_SHARED_ASSET
archive/exams/original/high/h1/2mid/25_제일고_2학기_중간_고1_기출.js|25_제일고_2학기_중간_고1_기출|12,archive/exams/original/high/h1/2mid/25_제일고_2학기_중간_고1_기출.js,25_제일고_2학기_중간_고1_기출,12,12,12,2022,공통수학2,H22-C2-02,직선의 방정식,2,H22-C2-02-LINE_EQUATION,직선의 방정식,category_or_cue_inferred,complete_category,객관식,grid,false,객관식|직선의방정식|그래프|도형|직선|절편,410b3b9b2ae40c9440d471b02d5daa126db4970534f59cacb2f68cd13906ea9f,4f53cda18c2baa0c0354bb5f9a3ecbe5ed12ab4d8e11ba873c2f11161202b945,d41ea6521f53fb3dfa10cf72e2932f4405d9c999fa422cdc840d25d57e90dd34,1f9cb3bd68b5ed09303e6d509409b34f0b392cd87623ea7b56d12546b1f58bcd,assets/images/25_제일고_2학기_중간_고1_기출/q12.png,26c74f7d3a066633b3a5dd87cfaec64837d34c288c7c70eddfd384a4af2a135d,assets/images/25_제일고_2학기_중간_고1_기출/q12-solution.svg,ded882a9c95a495f0afa0bf2f0128b9cd438da77921981196ecfe602a35b106a,0,LOADED_VM,,NOT_STARTED,NOT_STARTED,NOT_STARTED,SOURCE_REVIEW,SOURCE_REVIEW,GRAPH_OR_FUNCTION_STRUCTURE|COORDINATE_OR_GEOMETRY_STRUCTURE,,SVG,PROBLEM_VISUAL_PRESENT,REVIEW_REQUIRED,SOLUTION_SVG,NOT_STARTED,,,67f248561a415fe3a97bb313f027e15cd15c5db40582f13725015d29adef4209,NOT_STARTED,NOT_STARTED,NOT_STARTED,NOT_TESTED,PASS,canonical_and_compiled_master_match,INVENTORY_PENDING,01_scope_inventory.csv#archive/exams/original/high/h1/2mid/25_제일고_2학기_중간_고1_기출.js|25_제일고_2학기_중간_고1_기출|12,[object Object]|[object Object],INDEX_RECORD_PRESENT,original/high/h1/2mid/25_제일고_2학기_중간_고1_기출.js_12,c93080c2c343013b5c4ede64b2fb4a5a028f24be09ac6a97d772a73f4e7cd8b4,true,④,IN_SCOPE_FORWARD,,,CLOSED_NO_SHARED_ASSET
archive/exams/original/high/h1/2mid/25_제일고_2학기_중간_고1_기출.js|25_제일고_2학기_중간_고1_기출|14,archive/exams/original/high/h1/2mid/25_제일고_2학기_중간_고1_기출.js,25_제일고_2학기_중간_고1_기출,14,14,14,2022,공통수학2,H22-C2-02,직선의 방정식,2,H22-C2-02-RELATION,두 직선의 관계,category_or_cue_inferred,complete_category,객관식,grid,false,객관식|직선의방정식|수직|도형|직선,da66773220d3239e29ab7c560e7961490fc6494dc36c116a54d1d90caba20fc5,3cc19e370a6671b60f17396fd032ed6593aa1547f8af80d6ab8d949018911b5e,b15be6cb71072b84f7e1e198ce023fc5bb8b1e625335904ddcf3cffcd8b7312b,a6a21b0c61751b77ed3478d35e455b2557b9e7bec224ab2d4b50c703856a8f18,,,assets/images/25_제일고_2학기_중간_고1_기출/q14-solution.svg,fe9faf94df01c0cdfa9ca072fea2d9a9853b5b2af353bff39a1fd6018741eea0,0,LOADED_VM,,NOT_STARTED,NOT_STARTED,NOT_STARTED,SOURCE_REVIEW,SOURCE_REVIEW,COORDINATE_OR_GEOMETRY_STRUCTURE,,SVG,NO_PROBLEM_VISUAL,REVIEW_REQUIRED,SOLUTION_SVG,NOT_STARTED,,,27c9c3ac48d983fe40a3ea2ffe606ca115e985bee759def776635b5d6bcf53e0,NOT_STARTED,NOT_STARTED,NOT_STARTED,NOT_TESTED,PASS,canonical_and_compiled_master_match,INVENTORY_PENDING,01_scope_inventory.csv#archive/exams/original/high/h1/2mid/25_제일고_2학기_중간_고1_기출.js|25_제일고_2학기_중간_고1_기출|14,[object Object],INDEX_RECORD_PRESENT,original/high/h1/2mid/25_제일고_2학기_중간_고1_기출.js_14,c93080c2c343013b5c4ede64b2fb4a5a028f24be09ac6a97d772a73f4e7cd8b4,true,③,IN_SCOPE_FORWARD,,,CLOSED_NO_SHARED_ASSET
archive/exams/original/high/h1/2mid/25_제일고_2학기_중간_고1_기출.js|25_제일고_2학기_중간_고1_기출|15,archive/exams/original/high/h1/2mid/25_제일고_2학기_중간_고1_기출.js,25_제일고_2학기_중간_고1_기출,15,15,15,2022,공통수학2,H22-C2-02,직선의 방정식,2,H22-C2-02-RELATION,두 직선의 관계,category_or_cue_inferred,complete_category,객관식,grid,false,객관식|직선의방정식|닮음|도형|직선|평행|넓이,79ea46035b4f18ad9f0e41b6e29466e76c0b0cdf28bca638500e76eb5cd524c2,b142fed6d755074188ebb5438d0c053a79e8b5b430ddaf0958fab119b073144d,dfde05a3668030e99ca64d8d4ae5f6b64c7a87cee61c0ba43904b92ef210191d,d89d54f7a507dc638ba7350b2a77f782c2dea33191f076bbec349284cf4d166c,assets/images/25_제일고_2학기_중간_고1_기출/q15.png,4525e42e63f42e64da3e3279ff67bb794cc7668596b9bd540be2fff62856262a,assets/images/25_제일고_2학기_중간_고1_기출/q15-solution.svg,55c0f7c36ea9ebe83036b38065a147418b6ffa019517da82cc315044c6c17a72,0,LOADED_VM,,NOT_STARTED,NOT_STARTED,NOT_STARTED,SOURCE_REVIEW,SOURCE_REVIEW,COORDINATE_OR_GEOMETRY_STRUCTURE|TABLE_OR_MATRIX_STRUCTURE,,SVG,PROBLEM_VISUAL_PRESENT,REVIEW_REQUIRED,SOLUTION_SVG,NOT_STARTED,,,de24f366baf70759fff66cdddc13fd68115e2413bf5053018d9b47932d4fbf00,NOT_STARTED,NOT_STARTED,NOT_STARTED,NOT_TESTED,PASS,canonical_and_compiled_master_match,INVENTORY_PENDING,01_scope_inventory.csv#archive/exams/original/high/h1/2mid/25_제일고_2학기_중간_고1_기출.js|25_제일고_2학기_중간_고1_기출|15,[object Object]|[object Object],INDEX_RECORD_PRESENT,original/high/h1/2mid/25_제일고_2학기_중간_고1_기출.js_15,c93080c2c343013b5c4ede64b2fb4a5a028f24be09ac6a97d772a73f4e7cd8b4,true,②,IN_SCOPE_FORWARD,,,CLOSED_NO_SHARED_ASSET
archive/exams/original/high/h1/2mid/25_효천고_2학기_중간_고1_기출.js|25_효천고_2학기_중간_고1_기출|2,archive/exams/original/high/h1/2mid/25_효천고_2학기_중간_고1_기출.js,25_효천고_2학기_중간_고1_기출,2,2,2,2022,공통수학2,H22-C2-02,직선의 방정식,2,H22-C2-02-RELATION,두 직선의 관계,category_or_cue_inferred,complete_category,객관식,grid,false,객관식|직선|기울기|수직|도형,6d403b47e2f1aaec346cacde55fc819c54824ec2443f5246b51e60ae793a346b,f2ddf1182e08a0ec4259bc49cb5000613816366b9692ebbc43387f9707fe1329,973d2fd2f97e26a666f403b12da6d87e527985b36bcf4ff0a47c7e7e8c36321a,2886b490b058436c55fd5ab9971a60ae071dcfe4451ce13fb4bc9906cf627487,,,assets/images/25_효천고_2학기_중간_고1_기출/q02-solution.svg,8914784b537211d08cfb237a460ce7067211b6ea9f87486906da4831d94fac30,0,LOADED_VM,,NOT_STARTED,NOT_STARTED,NOT_STARTED,SOURCE_REVIEW,SOURCE_REVIEW,COORDINATE_OR_GEOMETRY_STRUCTURE,,SVG,NO_PROBLEM_VISUAL,REVIEW_REQUIRED,SOLUTION_SVG,NOT_STARTED,,,6a0fc53c384e303004b2e132ef0822b364b37ce423267d241661acb969379d17,NOT_STARTED,NOT_STARTED,NOT_STARTED,NOT_TESTED,PASS,canonical_and_compiled_master_match,INVENTORY_PENDING,01_scope_inventory.csv#archive/exams/original/high/h1/2mid/25_효천고_2학기_중간_고1_기출.js|25_효천고_2학기_중간_고1_기출|2,[object Object],INDEX_RECORD_PRESENT,original/high/h1/2mid/25_효천고_2학기_중간_고1_기출.js_2,1e08c7f97fe6ae138904efeb63a60094f995208381c12799293dc37018e511da,true,①,IN_SCOPE_FORWARD,,,CLOSED_NO_SHARED_ASSET
archive/exams/original/high/h1/2mid/25_효천고_2학기_중간_고1_기출.js|25_효천고_2학기_중간_고1_기출|7,archive/exams/original/high/h1/2mid/25_효천고_2학기_중간_고1_기출.js,25_효천고_2학기_중간_고1_기출,7,7,7,2022,공통수학2,H22-C2-02,직선의 방정식,2,H22-C2-02-RELATION,두 직선의 관계,category_or_cue_inferred,complete_category,객관식,grid,false,객관식|평행선|두직선사이거리|매개변수|도형|직선|평행|거리,448c3b946814b789bc7a5aaf0b12282d4fcfdbc4888125f4bab57a6a436542dc,25682858869967e3fe41ef1f5ba136cbff48c851809a46fca66b08a9783e506c,d41ea6521f53fb3dfa10cf72e2932f4405d9c999fa422cdc840d25d57e90dd34,b166a0129a97ecf3bd78d8d43362daa0baea0eadeba5f9ae3ec6208a144130dc,,,assets/images/25_효천고_2학기_중간_고1_기출/q07-solution.svg,8bdbfeb698ef7053283ac105407d5d88ea96d4134bc636774e42627f271df169,0,LOADED_VM,,NOT_STARTED,NOT_STARTED,NOT_STARTED,SOURCE_REVIEW,SOURCE_REVIEW,COORDINATE_OR_GEOMETRY_STRUCTURE,,SVG,NO_PROBLEM_VISUAL,REVIEW_REQUIRED,SOLUTION_SVG,NOT_STARTED,,,5d3e116c775de9d20ab1119c1997c81f031003291af38d7736fd4f19cca6a73b,NOT_STARTED,NOT_STARTED,NOT_STARTED,NOT_TESTED,PASS,canonical_and_compiled_master_match,INVENTORY_PENDING,01_scope_inventory.csv#archive/exams/original/high/h1/2mid/25_효천고_2학기_중간_고1_기출.js|25_효천고_2학기_중간_고1_기출|7,[object Object],INDEX_RECORD_PRESENT,original/high/h1/2mid/25_효천고_2학기_중간_고1_기출.js_7,1e08c7f97fe6ae138904efeb63a60094f995208381c12799293dc37018e511da,true,④,IN_SCOPE_FORWARD,,,CLOSED_NO_SHARED_ASSET
archive/exams/original/high/h1/2mid/25_효천고_2학기_중간_고1_기출.js|25_효천고_2학기_중간_고1_기출|8,archive/exams/original/high/h1/2mid/25_효천고_2학기_중간_고1_기출.js,25_효천고_2학기_중간_고1_기출,8,8,8,2022,공통수학2,H22-C2-02,직선의 방정식,2,H22-C2-02-RELATION,두 직선의 관계,category_or_cue_inferred,complete_category,객관식,fullwidth,false,객관식|직선|점과직선사이거리|수선의발|빈칸추론|도형|수직|거리,316a64804ade9d0cf61afa05ed7959b8b69bc4d2251ee36a245e2ff8255110ca,714028eec51b720a772c1493b0bcfa2e91b493419f1e48f20770839d8693997f,dfde05a3668030e99ca64d8d4ae5f6b64c7a87cee61c0ba43904b92ef210191d,165cdb89549e7e3e04716f0b7cae5bbc268a8a104cf79a3009758661702766e9,assets/images/25_효천고_2학기_중간_고1_기출/q08.png,def5d818fce0cd9c13d48a8bb50a137da3e9b842ef52c632d3fc56fea6b18147,assets/images/25_효천고_2학기_중간_고1_기출/q08-solution.svg,9a2f9c361725e4bde9f3207cb0d82815f1e9a2fd31dc25aea848cf0f3790b0e3,0,LOADED_VM,,NOT_STARTED,NOT_STARTED,NOT_STARTED,SOURCE_REVIEW,SOURCE_REVIEW,COORDINATE_OR_GEOMETRY_STRUCTURE|TABLE_OR_MATRIX_STRUCTURE,,SVG,PROBLEM_VISUAL_PRESENT,REVIEW_REQUIRED,SOLUTION_SVG,NOT_STARTED,,,28df0b8afbce64104caec66835227ff1406c024dd1bca053e9e30d4adec3f571,NOT_STARTED,NOT_STARTED,NOT_STARTED,NOT_TESTED,PASS,canonical_and_compiled_master_match,INVENTORY_PENDING,01_scope_inventory.csv#archive/exams/original/high/h1/2mid/25_효천고_2학기_중간_고1_기출.js|25_효천고_2학기_중간_고1_기출|8,[object Object]|[object Object],INDEX_RECORD_PRESENT,original/high/h1/2mid/25_효천고_2학기_중간_고1_기출.js_8,1e08c7f97fe6ae138904efeb63a60094f995208381c12799293dc37018e511da,true,②,IN_SCOPE_FORWARD,,,CLOSED_NO_SHARED_ASSET
