questionUid,examId,standardUnitKey,subUnitKey,graphRequirement,graphRole,graphGapDisposition,problemImageRef,solutionImageRef,problemImageStatus,problemVisualType,problemVisualStatus,solutionImageStatus,baselineProblemImageHash,baselineSolutionImageHash
h1:original/high/h1/1final/24_금당고_1학기_기말_고1_기출.js_12,original/high/h1/1final/24_금당고_1학기_기말_고1_기출.js,H15-SB-03,H15-SB-03-FUNCTION_RELATION,UNADJUDICATED,PROBLEM_PRESENT_REVIEW,PRIORITY_1_GRAPH_GAP_CANDIDATE,assets/images/24_금당고_1학기_기말_고1_기출/q12.png,,PRESENT,,PRESENT,ABSENT,511a441e4edeec88875a494ec793b42813afc4829809e285f56a8678e9ee956e,
h1:original/high/h1/2final/21_강남여고_2학기_기말_고1_기출.js_11,original/high/h1/2final/21_강남여고_2학기_기말_고1_기출.js,H15-SB-03,H15-SB-03-COMPOSITE_FUNCTION,UNADJUDICATED,PROBLEM_PRESENT_REVIEW,PRIORITY_1_GRAPH_GAP_CANDIDATE,assets/images/21_강남여고_2학기_기말_고1_기출/q11.png,,PRESENT,,PRESENT,ABSENT,f1a1de270e99ba7f81316c1034b450b3842a3ee2dc88cd0e052379b43466de6b,
h1:original/high/h1/2final/21_강남여고_2학기_기말_고1_기출.js_12,original/high/h1/2final/21_강남여고_2학기_기말_고1_기출.js,H15-SB-04,H15-SB-04-RATIONAL_GRAPH,UNADJUDICATED,PROBLEM_PRESENT_REVIEW,SOLUTION_VISUAL_PRESENT,assets/images/21_강남여고_2학기_기말_고1_기출/q12.png,assets/images/21_강남여고_2학기_기말_고1_기출/q12-solution.svg,PRESENT,,PRESENT,PRESENT,b4692838d108825c90a103f090e335c0052817984c86660fc7240746c5dc018d,6488265104fcca7607e509e9503142bea501cde2419d26a671b9cfd0998e85d3
h1:original/high/h1/2final/21_강남여고_2학기_기말_고1_기출.js_13,original/high/h1/2final/21_강남여고_2학기_기말_고1_기출.js,H15-SB-05,H15-SB-05-IRRATIONAL_GRAPH,UNADJUDICATED,PROBLEM_PRESENT_REVIEW,SOLUTION_VISUAL_PRESENT,assets/images/21_강남여고_2학기_기말_고1_기출/q13.png,assets/images/21_강남여고_2학기_기말_고1_기출/q13-solution.svg,PRESENT,,PRESENT,PRESENT,cf68f7a964f39b9481034d6c2a76680797d1d9458b8b0047de9e2e990b812a1c,cf7d4a353a10eb1fb5556d1aa6d3b30c4783bb4f90263c1c340692644afae2e4
h1:original/high/h1/2final/21_강남여고_2학기_기말_고1_기출.js_14,original/high/h1/2final/21_강남여고_2학기_기말_고1_기출.js,H15-SB-03,H15-SB-03-FUNCTION_RELATION,UNADJUDICATED,SOLUTION_CANDIDATE,SOLUTION_VISUAL_PRESENT,,assets/images/21_강남여고_2학기_기말_고1_기출/q14-solution.svg,ABSENT,,ABSENT,PRESENT,,bd017230b31cce748bf193156877754a47cc34a33f0648933204b62e043446fb
h1:original/high/h1/2final/21_강남여고_2학기_기말_고1_기출.js_16,original/high/h1/2final/21_강남여고_2학기_기말_고1_기출.js,H15-SB-04,H15-SB-04-RATIONAL_APPLICATION,UNADJUDICATED,PROBLEM_PRESENT_REVIEW,SOLUTION_VISUAL_PRESENT,assets/images/21_강남여고_2학기_기말_고1_기출/q16.png,assets/images/21_강남여고_2학기_기말_고1_기출/q16-solution.svg,PRESENT,,PRESENT,PRESENT,a61ad280a7311e4ad42c66d1c5868cc98206d36aa2283dbf2f80327036d09722,5b81641b397d9bc77c4eeab8cde1011d547d67aad7abac68595123837988c00f
h1:original/high/h1/2final/21_강남여고_2학기_기말_고1_기출.js_17,original/high/h1/2final/21_강남여고_2학기_기말_고1_기출.js,H15-SB-04,H15-SB-04-RATIONAL_APPLICATION,UNADJUDICATED,SOLUTION_CANDIDATE,SOLUTION_VISUAL_PRESENT,,assets/images/21_강남여고_2학기_기말_고1_기출/q17-solution.svg,ABSENT,,ABSENT,PRESENT,,cf53636e3c7915f2aafe2c9c9e42584851856f5e503285fcd3a2179204b1e94d
h1:original/high/h1/2final/21_강남여고_2학기_기말_고1_기출.js_22,original/high/h1/2final/21_강남여고_2학기_기말_고1_기출.js,H15-SB-04,H15-SB-04-RATIONAL_GRAPH,UNADJUDICATED,PROBLEM_PRESENT_REVIEW,SOLUTION_VISUAL_PRESENT,assets/images/21_강남여고_2학기_기말_고1_기출/q22.png,assets/images/21_강남여고_2학기_기말_고1_기출/q22-solution.svg,PRESENT,,PRESENT,PRESENT,9837e558f128fbaba059d8942bebb221969e84609dab63422e745b18c6b5820a,d52847945df6d5019b01ce4bff6c6be394caa5a90f98f40d71b8799a230fae3a
h1:original/high/h1/2final/21_강남여고_2학기_기말_고1_기출.js_23,original/high/h1/2final/21_강남여고_2학기_기말_고1_기출.js,H15-SB-03,H15-SB-03-INVERSE_FUNCTION,UNADJUDICATED,PROBLEM_PRESENT_REVIEW,SOLUTION_VISUAL_PRESENT,assets/images/21_강남여고_2학기_기말_고1_기출/q23.png,assets/images/21_강남여고_2학기_기말_고1_기출/q23-solution.svg,PRESENT,,PRESENT,PRESENT,ad20d0f5e73b133f91f7c22bbbafa9e40fcb3bf84ac1b8440c9f0177a87f07c3,769de7b0f9d21e37a4c23a095fa206941b47275a7730b636be638516c2719036
h1:original/high/h1/2final/21_강남여고_2학기_기말_고1_기출.js_25,original/high/h1/2final/21_강남여고_2학기_기말_고1_기출.js,H15-SB-03,H15-SB-03-FUNCTION_RELATION,UNADJUDICATED,SOLUTION_CANDIDATE,TRIAGE_NO_GRAPH_SIGNAL,,,ABSENT,,ABSENT,ABSENT,,
h1:original/high/h1/2final/21_강남여고_2학기_기말_고1_기출.js_27,original/high/h1/2final/21_강남여고_2학기_기말_고1_기출.js,H15-SB-05,H15-SB-05-IRRATIONAL_GRAPH,UNADJUDICATED,PROBLEM_PRESENT_REVIEW,SOLUTION_VISUAL_PRESENT,assets/images/21_강남여고_2학기_기말_고1_기출/q27.png,assets/images/21_강남여고_2학기_기말_고1_기출/q27-solution.svg,PRESENT,,PRESENT,PRESENT,e26635fdcc549920de3eef8e0c4d542627da6d5343748c40c842b8f3a5aa2781,2feea57661c5dd0bfe28729e8159a99a418059b09d75e6471755ffeb85cb160e
h1:original/high/h1/2final/21_강남여고_2학기_기말_고1_기출.js_28,original/high/h1/2final/21_강남여고_2학기_기말_고1_기출.js,H15-SB-04,H15-SB-04-RATIONAL_APPLICATION,UNADJUDICATED,SOLUTION_CANDIDATE,SOLUTION_VISUAL_PRESENT,,assets/images/21_강남여고_2학기_기말_고1_기출/q28-solution.svg,ABSENT,,ABSENT,PRESENT,,736e19eaf0595425c136933b456ae18f5b36e6a8a07b491cf997882a9476c45c
h1:original/high/h1/2final/21_강남여고_2학기_기말_고1_기출.js_29,original/high/h1/2final/21_강남여고_2학기_기말_고1_기출.js,H15-SB-05,H15-SB-05-IRRATIONAL_GRAPH,UNADJUDICATED,SOLUTION_CANDIDATE,SOLUTION_VISUAL_PRESENT,,assets/images/21_강남여고_2학기_기말_고1_기출/q29-solution.svg,ABSENT,,ABSENT,PRESENT,,3ca33169a9c6f6ad1de223397b1d9fa96b40d272fd618812cde76e1236bae114
h1:original/high/h1/2final/21_강남여고_2학기_기말_고1_기출.js_3,original/high/h1/2final/21_강남여고_2학기_기말_고1_기출.js,H15-SB-04,H15-SB-04-RATIONAL_GRAPH,UNADJUDICATED,SOLUTION_CANDIDATE,SOLUTION_VISUAL_PRESENT,,assets/images/21_강남여고_2학기_기말_고1_기출/q03-solution.svg,ABSENT,,ABSENT,PRESENT,,f83cdd0e8d0fa75698a47e8a6b7b497c3080fc855d881ec6b09f5589ee5d03a0
h1:original/high/h1/2final/21_강남여고_2학기_기말_고1_기출.js_4,original/high/h1/2final/21_강남여고_2학기_기말_고1_기출.js,H15-SB-05,H15-SB-05-IRRATIONAL_GRAPH,UNADJUDICATED,SOLUTION_CANDIDATE,PRIORITY_1_EXPLICIT_GRAPH_CANDIDATE,,,ABSENT,,ABSENT,ABSENT,,
h1:original/high/h1/2final/21_금당고_2학기_기말_고1_기출.js_11,original/high/h1/2final/21_금당고_2학기_기말_고1_기출.js,H15-SB-03,H15-SB-03-COMPOSITE_FUNCTION,UNADJUDICATED,SOLUTION_CANDIDATE,PRIORITY_2_GRAPH_RELATION_CANDIDATE,,,ABSENT,,ABSENT,ABSENT,,
h1:original/high/h1/2final/21_금당고_2학기_기말_고1_기출.js_12,original/high/h1/2final/21_금당고_2학기_기말_고1_기출.js,H15-SB-05,H15-SB-05-IRRATIONAL_BASIC,UNADJUDICATED,SOLUTION_CANDIDATE,TRIAGE_NO_GRAPH_SIGNAL,,,ABSENT,,ABSENT,ABSENT,,
h1:original/high/h1/2final/21_금당고_2학기_기말_고1_기출.js_18,original/high/h1/2final/21_금당고_2학기_기말_고1_기출.js,H15-SB-05,H15-SB-05-IRRATIONAL_GRAPH,UNADJUDICATED,PROBLEM_PRESENT_REVIEW,PRIORITY_1_GRAPH_GAP_CANDIDATE,assets/images/21_금당고_2학기_기말_고1_기출/q18.png,,PRESENT,,PRESENT,ABSENT,b47156d5956550e57bc6050bcea3a7d5182babcf128e1ae83c48a58b8b6b8c62,
h1:original/high/h1/2final/21_금당고_2학기_기말_고1_기출.js_19,original/high/h1/2final/21_금당고_2학기_기말_고1_기출.js,H15-SB-03,H15-SB-03-INVERSE_FUNCTION,UNADJUDICATED,SOLUTION_CANDIDATE,TRIAGE_NO_GRAPH_SIGNAL,,,ABSENT,,ABSENT,ABSENT,,
h1:original/high/h1/2final/21_금당고_2학기_기말_고1_기출.js_2,original/high/h1/2final/21_금당고_2학기_기말_고1_기출.js,H15-SB-04,H15-SB-04-RATIONAL_BASIC,UNADJUDICATED,SOLUTION_CANDIDATE,TRIAGE_NO_GRAPH_SIGNAL,,,ABSENT,,ABSENT,ABSENT,,
h1:original/high/h1/2final/21_금당고_2학기_기말_고1_기출.js_22,original/high/h1/2final/21_금당고_2학기_기말_고1_기출.js,H15-SB-04,H15-SB-04-RATIONAL_BASIC,UNADJUDICATED,SOLUTION_CANDIDATE,SOLUTION_VISUAL_PRESENT,,assets/images/21_금당고_2학기_기말_고1_기출/q22-solution.svg,ABSENT,,ABSENT,PRESENT,,94e3c7f108bed9ce9d9cebe3d68cd803121801a10187460e141cf107d605e4f7
h1:original/high/h1/2final/21_금당고_2학기_기말_고1_기출.js_3,original/high/h1/2final/21_금당고_2학기_기말_고1_기출.js,H15-SB-03,H15-SB-03-FUNCTION_RELATION,UNADJUDICATED,SOLUTION_CANDIDATE,TRIAGE_NO_GRAPH_SIGNAL,,,ABSENT,,ABSENT,ABSENT,,
h1:original/high/h1/2final/21_금당고_2학기_기말_고1_기출.js_4,original/high/h1/2final/21_금당고_2학기_기말_고1_기출.js,H15-SB-05,H15-SB-05-IRRATIONAL_BASIC,UNADJUDICATED,SOLUTION_CANDIDATE,SOLUTION_VISUAL_PRESENT,,assets/images/21_금당고_2학기_기말_고1_기출/q04-solution.svg,ABSENT,,ABSENT,PRESENT,,5d09248f5aa79b921efebe904714110918eafa08366d1e7996bbd580830dafc9
h1:original/high/h1/2final/21_금당고_2학기_기말_고1_기출.js_8,original/high/h1/2final/21_금당고_2학기_기말_고1_기출.js,H15-SB-03,H15-SB-03-INVERSE_FUNCTION,UNADJUDICATED,SOLUTION_CANDIDATE,SOLUTION_VISUAL_PRESENT,,assets/images/21_금당고_2학기_기말_고1_기출/q08-solution.svg,ABSENT,,ABSENT,PRESENT,,aa098268d92d5b64174b1f03fc60e1cb89dfe81ef6e07fd40c61085ad5615f07
h1:original/high/h1/2final/21_금당고_2학기_기말_고1_기출.js_9,original/high/h1/2final/21_금당고_2학기_기말_고1_기출.js,H15-SB-04,H15-SB-04-RATIONAL_BASIC,UNADJUDICATED,SOLUTION_CANDIDATE,TRIAGE_NO_GRAPH_SIGNAL,,,ABSENT,,ABSENT,ABSENT,,
h1:original/high/h1/2final/21_복성고_2학기_기말_고1_기출.js_1,original/high/h1/2final/21_복성고_2학기_기말_고1_기출.js,H15-SB-03,H15-SB-03-INVERSE_FUNCTION,UNADJUDICATED,PROBLEM_PRESENT_REVIEW,PRIORITY_1_GRAPH_GAP_CANDIDATE,assets/images/21_복성고_2학기_기말_고1_기출/q1.png,,PRESENT,,PRESENT,ABSENT,628639fb9b7d479e4c1c0e269eed5467e2a8da341ba706f58370359c488be37c,
h1:original/high/h1/2final/21_복성고_2학기_기말_고1_기출.js_10,original/high/h1/2final/21_복성고_2학기_기말_고1_기출.js,H15-SB-04,H15-SB-04-RATIONAL_GRAPH,UNADJUDICATED,PROBLEM_PRESENT_REVIEW,SOLUTION_VISUAL_PRESENT,assets/images/21_복성고_2학기_기말_고1_기출/q10.png,assets/images/21_복성고_2학기_기말_고1_기출/q10-solution.svg,PRESENT,,PRESENT,PRESENT,4164f22bb48a5f66aa11dbbe3d743c85a1b1f2bbb86ac3c5cafd7411ce46f3be,71a8e88bba3a8f0c1cd96841b4a9672aa8db362c2e5ad5bf3de2661a58b103f6
h1:original/high/h1/2final/21_복성고_2학기_기말_고1_기출.js_11,original/high/h1/2final/21_복성고_2학기_기말_고1_기출.js,H15-SB-05,H15-SB-05-IRRATIONAL_BASIC,UNADJUDICATED,SOLUTION_CANDIDATE,SOLUTION_VISUAL_PRESENT,,assets/images/21_복성고_2학기_기말_고1_기출/q11-solution.svg,ABSENT,,ABSENT,PRESENT,,2f6b4fdb75547775cd8e04326c85bf49a042c65f2a9869d2a88674a112bd2b44
h1:original/high/h1/2final/21_복성고_2학기_기말_고1_기출.js_12,original/high/h1/2final/21_복성고_2학기_기말_고1_기출.js,H15-SB-05,H15-SB-05-IRRATIONAL_INVERSE,UNADJUDICATED,SOLUTION_CANDIDATE,SOLUTION_VISUAL_PRESENT,,assets/images/21_복성고_2학기_기말_고1_기출/q12-solution.svg,ABSENT,,ABSENT,PRESENT,,721fd185b7d8507748197a2c364bfe7713458ed4e10946bbdd31e0116f095cd3
h1:original/high/h1/2final/21_복성고_2학기_기말_고1_기출.js_13,original/high/h1/2final/21_복성고_2학기_기말_고1_기출.js,H15-SB-04,H15-SB-04-RATIONAL_BASIC,UNADJUDICATED,SOLUTION_CANDIDATE,TRIAGE_NO_GRAPH_SIGNAL,,,ABSENT,,ABSENT,ABSENT,,
h1:original/high/h1/2final/21_복성고_2학기_기말_고1_기출.js_16,original/high/h1/2final/21_복성고_2학기_기말_고1_기출.js,H15-SB-03,H15-SB-03-FUNCTION_RELATION,UNADJUDICATED,SOLUTION_CANDIDATE,TRIAGE_NO_GRAPH_SIGNAL,,,ABSENT,,ABSENT,ABSENT,,
h1:original/high/h1/2final/21_복성고_2학기_기말_고1_기출.js_17,original/high/h1/2final/21_복성고_2학기_기말_고1_기출.js,H15-SB-03,H15-SB-03-FUNCTION_RELATION,UNADJUDICATED,SOLUTION_CANDIDATE,TRIAGE_NO_GRAPH_SIGNAL,,,ABSENT,,ABSENT,ABSENT,,
h1:original/high/h1/2final/21_복성고_2학기_기말_고1_기출.js_18,original/high/h1/2final/21_복성고_2학기_기말_고1_기출.js,H15-SB-03,H15-SB-03-FUNCTION_RELATION,UNADJUDICATED,SOLUTION_CANDIDATE,TRIAGE_NO_GRAPH_SIGNAL,,,ABSENT,,ABSENT,ABSENT,,
h1:original/high/h1/2final/21_복성고_2학기_기말_고1_기출.js_2,original/high/h1/2final/21_복성고_2학기_기말_고1_기출.js,H15-SB-03,H15-SB-03-COMPOSITE_FUNCTION,UNADJUDICATED,SOLUTION_CANDIDATE,PRIORITY_2_GRAPH_SUBUNIT_CANDIDATE,,,ABSENT,,ABSENT,ABSENT,,
h1:original/high/h1/2final/21_복성고_2학기_기말_고1_기출.js_22,original/high/h1/2final/21_복성고_2학기_기말_고1_기출.js,H15-SB-05,H15-SB-05-IRRATIONAL_BASIC,UNADJUDICATED,SOLUTION_CANDIDATE,SOLUTION_VISUAL_PRESENT,,assets/images/21_복성고_2학기_기말_고1_기출/q22-solution.svg,ABSENT,,ABSENT,PRESENT,,4ffd9948a460cec54beb4468afb28a7e6f299914a5bf2d56f401d59beea1dddb
h1:original/high/h1/2final/21_복성고_2학기_기말_고1_기출.js_23,original/high/h1/2final/21_복성고_2학기_기말_고1_기출.js,H15-SB-03,H15-SB-03-FUNCTION_RELATION,UNADJUDICATED,SOLUTION_CANDIDATE,TRIAGE_NO_GRAPH_SIGNAL,,,ABSENT,,ABSENT,ABSENT,,
h1:original/high/h1/2final/21_복성고_2학기_기말_고1_기출.js_3,original/high/h1/2final/21_복성고_2학기_기말_고1_기출.js,H15-SB-04,H15-SB-04-RATIONAL_BASIC,UNADJUDICATED,SOLUTION_CANDIDATE,SOLUTION_VISUAL_PRESENT,,assets/images/21_복성고_2학기_기말_고1_기출/q03-solution.svg,ABSENT,,ABSENT,PRESENT,,188ec47378831627e403351f2d4877c4a24e87a9a4f4c7221763d0af7f77dc7c
h1:original/high/h1/2final/21_복성고_2학기_기말_고1_기출.js_4,original/high/h1/2final/21_복성고_2학기_기말_고1_기출.js,H15-SB-05,H15-SB-05-IRRATIONAL_BASIC,UNADJUDICATED,SOLUTION_CANDIDATE,SOLUTION_VISUAL_PRESENT,,assets/images/21_복성고_2학기_기말_고1_기출/q04-solution.svg,ABSENT,,ABSENT,PRESENT,,771e9bdc13f3215b7b8f984762a12f0270d36dd7b994870cee24201ddf41214d
h1:original/high/h1/2final/21_복성고_2학기_기말_고1_기출.js_7,original/high/h1/2final/21_복성고_2학기_기말_고1_기출.js,H15-SB-03,H15-SB-03-COMPOSITE_FUNCTION,UNADJUDICATED,PROBLEM_PRESENT_REVIEW,PRIORITY_1_GRAPH_GAP_CANDIDATE,assets/images/21_복성고_2학기_기말_고1_기출/q7.png,,PRESENT,,PRESENT,ABSENT,1339a6b9d607dbfadea342c0d6dd4d253fc51d8f24d8863f2135446e0b43e409,
h1:original/high/h1/2final/21_복성고_2학기_기말_고1_기출.js_8,original/high/h1/2final/21_복성고_2학기_기말_고1_기출.js,H15-SB-03,H15-SB-03-FUNCTION_RELATION,UNADJUDICATED,SOLUTION_CANDIDATE,TRIAGE_NO_GRAPH_SIGNAL,,,ABSENT,,ABSENT,ABSENT,,
h1:original/high/h1/2final/21_복성고_2학기_기말_고1_기출.js_9,original/high/h1/2final/21_복성고_2학기_기말_고1_기출.js,H15-SB-03,H15-SB-03-FUNCTION_RELATION,UNADJUDICATED,SOLUTION_CANDIDATE,TRIAGE_NO_GRAPH_SIGNAL,,,ABSENT,,ABSENT,ABSENT,,
h1:original/high/h1/2final/21_순천고_2학기_기말_고1_기출.js_1,original/high/h1/2final/21_순천고_2학기_기말_고1_기출.js,H15-SB-04,H15-SB-04-RATIONAL_BASIC,UNADJUDICATED,SOLUTION_CANDIDATE,TRIAGE_NO_GRAPH_SIGNAL,,,ABSENT,,ABSENT,ABSENT,,
h1:original/high/h1/2final/21_순천고_2학기_기말_고1_기출.js_10,original/high/h1/2final/21_순천고_2학기_기말_고1_기출.js,H15-SB-05,H15-SB-05-IRRATIONAL_GRAPH,UNADJUDICATED,PROBLEM_PRESENT_REVIEW,SOLUTION_VISUAL_PRESENT,assets/images/21_순천고_2학기_기말_고1_기출/q10.png,assets/images/21_순천고_2학기_기말_고1_기출/q10-solution.svg,PRESENT,,PRESENT,PRESENT,1f771c251657a3beb9d213413a45cdb71318f4a9981e22ffc15aeea392a90134,4cd31d990b6b7bf5f3a7a4bbe7e280e5c30ea712d2410dda94a9ea9b476a41cb
h1:original/high/h1/2final/21_순천고_2학기_기말_고1_기출.js_11,original/high/h1/2final/21_순천고_2학기_기말_고1_기출.js,H15-SB-05,H15-SB-05-IRRATIONAL_BASIC,UNADJUDICATED,SOLUTION_CANDIDATE,SOLUTION_VISUAL_PRESENT,,assets/images/21_순천고_2학기_기말_고1_기출/q11-solution.svg,ABSENT,,ABSENT,PRESENT,,0fa3da7fc42d2725ad00ec432f46633784de7b1550a49be4cfed8ff1954b854b
h1:original/high/h1/2final/21_순천고_2학기_기말_고1_기출.js_15,original/high/h1/2final/21_순천고_2학기_기말_고1_기출.js,H15-SB-03,H15-SB-03-FUNCTION_RELATION,UNADJUDICATED,SOLUTION_CANDIDATE,TRIAGE_NO_GRAPH_SIGNAL,,,ABSENT,,ABSENT,ABSENT,,
h1:original/high/h1/2final/21_순천고_2학기_기말_고1_기출.js_18,original/high/h1/2final/21_순천고_2학기_기말_고1_기출.js,H15-SB-04,H15-SB-04-RATIONAL_BASIC,UNADJUDICATED,SOLUTION_CANDIDATE,SOLUTION_VISUAL_PRESENT,,assets/images/21_순천고_2학기_기말_고1_기출/q18-solution.svg,ABSENT,,ABSENT,PRESENT,,38f3516c59c20ac1f3d326ffb573fba59c4ed77fe2667d8019e424f3225a4bc3
h1:original/high/h1/2final/21_순천고_2학기_기말_고1_기출.js_2,original/high/h1/2final/21_순천고_2학기_기말_고1_기출.js,H15-SB-04,H15-SB-04-RATIONAL_BASIC,UNADJUDICATED,SOLUTION_CANDIDATE,SOLUTION_VISUAL_PRESENT,,assets/images/21_순천고_2학기_기말_고1_기출/q02-solution.svg,ABSENT,,ABSENT,PRESENT,,beb4dba9bcee6efebfe3766f87ac0db0594bb2931e23e8beed3310d6973063c4
h1:original/high/h1/2final/21_순천고_2학기_기말_고1_기출.js_22,original/high/h1/2final/21_순천고_2학기_기말_고1_기출.js,H15-SB-03,H15-SB-03-COMPOSITE_FUNCTION,UNADJUDICATED,SOLUTION_CANDIDATE,PRIORITY_2_GRAPH_SUBUNIT_CANDIDATE,,,ABSENT,,ABSENT,ABSENT,,
h1:original/high/h1/2final/21_순천고_2학기_기말_고1_기출.js_8,original/high/h1/2final/21_순천고_2학기_기말_고1_기출.js,H15-SB-05,H15-SB-05-IRRATIONAL_BASIC,UNADJUDICATED,SOLUTION_CANDIDATE,SOLUTION_VISUAL_PRESENT,,assets/images/21_순천고_2학기_기말_고1_기출/q08-solution.svg,ABSENT,,ABSENT,PRESENT,,3603e35f8f2ddfcf6fbd6683eaa85d0a3a985bd703bfde1aba1044b4f5f16ee6
h1:original/high/h1/2final/21_순천고_2학기_기말_고1_기출.js_9,original/high/h1/2final/21_순천고_2학기_기말_고1_기출.js,H15-SB-05,H15-SB-05-IRRATIONAL_BASIC,UNADJUDICATED,SOLUTION_CANDIDATE,SOLUTION_VISUAL_PRESENT,,assets/images/21_순천고_2학기_기말_고1_기출/q09-solution.svg,ABSENT,,ABSENT,PRESENT,,ad89d733acb07530bb0912100e1781254b9e19d93d78c4ca0d87a4b755d18ac4
h1:original/high/h1/2final/21_제일고_2학기_기말_고1_기출.js_1,original/high/h1/2final/21_제일고_2학기_기말_고1_기출.js,H15-SB-03,H15-SB-03-COMPOSITE_FUNCTION,UNADJUDICATED,SOLUTION_CANDIDATE,PRIORITY_2_GRAPH_SUBUNIT_CANDIDATE,,,ABSENT,,ABSENT,ABSENT,,
h1:original/high/h1/2final/21_제일고_2학기_기말_고1_기출.js_18,original/high/h1/2final/21_제일고_2학기_기말_고1_기출.js,H15-SB-03,H15-SB-03-FUNCTION_RELATION,UNADJUDICATED,SOLUTION_CANDIDATE,TRIAGE_NO_GRAPH_SIGNAL,,,ABSENT,,ABSENT,ABSENT,,
h1:original/high/h1/2final/21_제일고_2학기_기말_고1_기출.js_2,original/high/h1/2final/21_제일고_2학기_기말_고1_기출.js,H15-SB-03,H15-SB-03-INVERSE_FUNCTION,UNADJUDICATED,SOLUTION_CANDIDATE,TRIAGE_NO_GRAPH_SIGNAL,,,ABSENT,,ABSENT,ABSENT,,
h1:original/high/h1/2final/21_제일고_2학기_기말_고1_기출.js_20,original/high/h1/2final/21_제일고_2학기_기말_고1_기출.js,H15-SB-03,H15-SB-03-COMPOSITE_FUNCTION,UNADJUDICATED,SOLUTION_CANDIDATE,PRIORITY_2_GRAPH_RELATION_CANDIDATE,,,ABSENT,,ABSENT,ABSENT,,
h1:original/high/h1/2final/21_제일고_2학기_기말_고1_기출.js_22,original/high/h1/2final/21_제일고_2학기_기말_고1_기출.js,H15-SB-03,H15-SB-03-COMPOSITE_FUNCTION,UNADJUDICATED,SOLUTION_CANDIDATE,PRIORITY_2_GRAPH_SUBUNIT_CANDIDATE,,,ABSENT,,ABSENT,ABSENT,,
h1:original/high/h1/2final/21_제일고_2학기_기말_고1_기출.js_4,original/high/h1/2final/21_제일고_2학기_기말_고1_기출.js,H15-SB-04,H15-SB-04-RATIONAL_GRAPH,UNADJUDICATED,SOLUTION_CANDIDATE,SOLUTION_VISUAL_PRESENT,,assets/images/21_제일고_2학기_기말_고1_기출/q04-solution.svg,ABSENT,,ABSENT,PRESENT,,dc55e79f073df059d0ba1b0fd582d3e74dc2be6fb474f1b7b014a7a68c02849f
h1:original/high/h1/2final/21_제일고_2학기_기말_고1_기출.js_5,original/high/h1/2final/21_제일고_2학기_기말_고1_기출.js,H15-SB-05,H15-SB-05-IRRATIONAL_BASIC,UNADJUDICATED,SOLUTION_CANDIDATE,SOLUTION_VISUAL_PRESENT,,assets/images/21_제일고_2학기_기말_고1_기출/q05-solution.svg,ABSENT,,ABSENT,PRESENT,,c2f8ab491d8d5cd39539568755bb74797ea4aeefa8590b937a9daba88771eb63
h1:original/high/h1/2final/21_제일고_2학기_기말_고1_기출.js_6,original/high/h1/2final/21_제일고_2학기_기말_고1_기출.js,H15-SB-04,H15-SB-04-RATIONAL_BASIC,UNADJUDICATED,SOLUTION_CANDIDATE,TRIAGE_NO_GRAPH_SIGNAL,,,ABSENT,,ABSENT,ABSENT,,
h1:original/high/h1/2final/21_제일고_2학기_기말_고1_기출.js_7,original/high/h1/2final/21_제일고_2학기_기말_고1_기출.js,H15-SB-05,H15-SB-05-IRRATIONAL_BASIC,UNADJUDICATED,PROBLEM_PRESENT_REVIEW,PRIORITY_1_GRAPH_GAP_CANDIDATE,assets/images/21_제일고_2학기_기말_고1_기출/q7.png,,PRESENT,,PRESENT,ABSENT,475f8c1c512623edd065a37f53260f4e15f363442d72b933d93685944304bd58,
h1:original/high/h1/2final/21_제일고_2학기_기말_고1_기출.js_8,original/high/h1/2final/21_제일고_2학기_기말_고1_기출.js,H15-SB-03,H15-SB-03-INVERSE_FUNCTION,UNADJUDICATED,SOLUTION_CANDIDATE,TRIAGE_NO_GRAPH_SIGNAL,,,ABSENT,,ABSENT,ABSENT,,
h1:original/high/h1/2final/21_제일고_2학기_기말_고1_기출.js_9,original/high/h1/2final/21_제일고_2학기_기말_고1_기출.js,H15-SB-04,H15-SB-04-RATIONAL_APPLICATION,UNADJUDICATED,SOLUTION_CANDIDATE,TRIAGE_NO_GRAPH_SIGNAL,,,ABSENT,,ABSENT,ABSENT,,
h1:original/high/h1/2final/21_팔마고_2학기_기말_고1_기출.js_1,original/high/h1/2final/21_팔마고_2학기_기말_고1_기출.js,H15-SB-04,H15-SB-04-RATIONAL_BASIC,UNADJUDICATED,SOLUTION_CANDIDATE,TRIAGE_NO_GRAPH_SIGNAL,,,ABSENT,,ABSENT,ABSENT,,
h1:original/high/h1/2final/21_팔마고_2학기_기말_고1_기출.js_13,original/high/h1/2final/21_팔마고_2학기_기말_고1_기출.js,H15-SB-03,H15-SB-03-FUNCTION_RELATION,UNADJUDICATED,SOLUTION_CANDIDATE,TRIAGE_NO_GRAPH_SIGNAL,,,ABSENT,,ABSENT,ABSENT,,
h1:original/high/h1/2final/21_팔마고_2학기_기말_고1_기출.js_14,original/high/h1/2final/21_팔마고_2학기_기말_고1_기출.js,H15-SB-05,H15-SB-05-IRRATIONAL_GRAPH,UNADJUDICATED,PROBLEM_PRESENT_REVIEW,PRIORITY_1_GRAPH_GAP_CANDIDATE,assets/images/21_팔마고_2학기_기말_고1_기출/q14.png,,PRESENT,,PRESENT,ABSENT,927e6e64386801d6f20f6b905b1fe0511cdb9c9f31a94ea2be1b4895edd00ed6,
h1:original/high/h1/2final/21_팔마고_2학기_기말_고1_기출.js_15,original/high/h1/2final/21_팔마고_2학기_기말_고1_기출.js,H15-SB-05,H15-SB-05-IRRATIONAL_BASIC,UNADJUDICATED,SOLUTION_CANDIDATE,TRIAGE_NO_GRAPH_SIGNAL,,,ABSENT,,ABSENT,ABSENT,,
h1:original/high/h1/2final/21_팔마고_2학기_기말_고1_기출.js_2,original/high/h1/2final/21_팔마고_2학기_기말_고1_기출.js,H15-SB-05,H15-SB-05-IRRATIONAL_BASIC,UNADJUDICATED,SOLUTION_CANDIDATE,TRIAGE_NO_GRAPH_SIGNAL,,,ABSENT,,ABSENT,ABSENT,,
h1:original/high/h1/2final/21_팔마고_2학기_기말_고1_기출.js_20,original/high/h1/2final/21_팔마고_2학기_기말_고1_기출.js,H15-SB-05,H15-SB-05-IRRATIONAL_INVERSE,UNADJUDICATED,SOLUTION_CANDIDATE,SOLUTION_VISUAL_PRESENT,,assets/images/21_팔마고_2학기_기말_고1_기출/q20-solution.svg,ABSENT,TABLE,PRESENT,PRESENT,,17e1c80292e7040d4e603a54215bfeda720f0e26ce2da0b374b8cc59cf976066
h1:original/high/h1/2final/21_팔마고_2학기_기말_고1_기출.js_21,original/high/h1/2final/21_팔마고_2학기_기말_고1_기출.js,H15-SB-04,H15-SB-04-RATIONAL_APPLICATION,UNADJUDICATED,SOLUTION_CANDIDATE,TRIAGE_NO_GRAPH_SIGNAL,,,ABSENT,TABLE,PRESENT,ABSENT,,
h1:original/high/h1/2final/21_팔마고_2학기_기말_고1_기출.js_3,original/high/h1/2final/21_팔마고_2학기_기말_고1_기출.js,H15-SB-04,H15-SB-04-RATIONAL_GRAPH,UNADJUDICATED,SOLUTION_CANDIDATE,SOLUTION_VISUAL_PRESENT,,assets/images/21_팔마고_2학기_기말_고1_기출/q03-solution.svg,ABSENT,,ABSENT,PRESENT,,d89784af43e07e78999bde5d4855695513da70dc28253043800de4316dbceb66
h1:original/high/h1/2final/21_팔마고_2학기_기말_고1_기출.js_4,original/high/h1/2final/21_팔마고_2학기_기말_고1_기출.js,H15-SB-05,H15-SB-05-IRRATIONAL_BASIC,UNADJUDICATED,SOLUTION_CANDIDATE,SOLUTION_VISUAL_PRESENT,,assets/images/21_팔마고_2학기_기말_고1_기출/q04-solution.svg,ABSENT,,ABSENT,PRESENT,,75bf46c920e55fc46926abc892b1f4b293190e7157e90554511668eeb3fc34af
h1:original/high/h1/2final/21_팔마고_2학기_기말_고1_기출.js_5,original/high/h1/2final/21_팔마고_2학기_기말_고1_기출.js,H15-SB-04,H15-SB-04-RATIONAL_BASIC,UNADJUDICATED,SOLUTION_CANDIDATE,SOLUTION_VISUAL_PRESENT,,assets/images/21_팔마고_2학기_기말_고1_기출/q05-solution.svg,ABSENT,,ABSENT,PRESENT,,82d45c7b98158ee03c6a124aa46c42361784368828341bf0b5e0099b92fdcdea
h1:original/high/h1/2final/21_팔마고_2학기_기말_고1_기출.js_6,original/high/h1/2final/21_팔마고_2학기_기말_고1_기출.js,H15-SB-05,H15-SB-05-IRRATIONAL_INVERSE,UNADJUDICATED,SOLUTION_CANDIDATE,PRIORITY_1_EXPLICIT_GRAPH_CANDIDATE,,,ABSENT,,ABSENT,ABSENT,,
h1:original/high/h1/2final/21_효천고_2학기_기말_고1_기출.js_11,original/high/h1/2final/21_효천고_2학기_기말_고1_기출.js,H15-SB-04,H15-SB-04-RATIONAL_GRAPH,UNADJUDICATED,SOLUTION_CANDIDATE,SOLUTION_VISUAL_PRESENT,,assets/images/21_효천고_2학기_기말_고1_기출/q11-solution.svg,ABSENT,,ABSENT,PRESENT,,9a9a3dfa9c1e25fd99d13c8969d563df5cdc30ed163ba1bf6ea9de01b00f1b28
h1:original/high/h1/2final/21_효천고_2학기_기말_고1_기출.js_12,original/high/h1/2final/21_효천고_2학기_기말_고1_기출.js,H15-SB-05,H15-SB-05-IRRATIONAL_INVERSE,UNADJUDICATED,SOLUTION_CANDIDATE,SOLUTION_VISUAL_PRESENT,,assets/images/21_효천고_2학기_기말_고1_기출/q12-solution.svg,ABSENT,,ABSENT,PRESENT,,258575a9523ba10455d3d72edb4e7c74241c40a2aea17bec7c644c1c30b509d5
h1:original/high/h1/2final/21_효천고_2학기_기말_고1_기출.js_13,original/high/h1/2final/21_효천고_2학기_기말_고1_기출.js,H15-SB-03,H15-SB-03-FUNCTION_RELATION,UNADJUDICATED,SOLUTION_CANDIDATE,SOLUTION_VISUAL_PRESENT,,assets/images/21_효천고_2학기_기말_고1_기출/q13-solution.svg,ABSENT,,ABSENT,PRESENT,,222076332a5b9c4ea357d2c8fcd814bf129ec5c514196139e9794e18109afada
h1:original/high/h1/2final/21_효천고_2학기_기말_고1_기출.js_20,original/high/h1/2final/21_효천고_2학기_기말_고1_기출.js,H15-SB-05,H15-SB-05-IRRATIONAL_BASIC,UNADJUDICATED,SOLUTION_CANDIDATE,TRIAGE_NO_GRAPH_SIGNAL,,,ABSENT,,ABSENT,ABSENT,,
h1:original/high/h1/2final/21_효천고_2학기_기말_고1_기출.js_21,original/high/h1/2final/21_효천고_2학기_기말_고1_기출.js,H15-SB-03,H15-SB-03-COMPOSITE_FUNCTION,UNADJUDICATED,SOLUTION_CANDIDATE,PRIORITY_2_GRAPH_RELATION_CANDIDATE,,,ABSENT,,ABSENT,ABSENT,,
h1:original/high/h1/2final/21_효천고_2학기_기말_고1_기출.js_5,original/high/h1/2final/21_효천고_2학기_기말_고1_기출.js,H15-SB-03,H15-SB-03-FUNCTION_RELATION,UNADJUDICATED,SOLUTION_CANDIDATE,TRIAGE_NO_GRAPH_SIGNAL,,,ABSENT,,ABSENT,ABSENT,,
h1:original/high/h1/2final/21_효천고_2학기_기말_고1_기출.js_6,original/high/h1/2final/21_효천고_2학기_기말_고1_기출.js,H15-SB-04,H15-SB-04-RATIONAL_BASIC,UNADJUDICATED,SOLUTION_CANDIDATE,TRIAGE_NO_GRAPH_SIGNAL,,,ABSENT,,ABSENT,ABSENT,,
h1:original/high/h1/2final/21_효천고_2학기_기말_고1_기출.js_7,original/high/h1/2final/21_효천고_2학기_기말_고1_기출.js,H15-SB-05,H15-SB-05-IRRATIONAL_BASIC,UNADJUDICATED,SOLUTION_CANDIDATE,TRIAGE_NO_GRAPH_SIGNAL,,,ABSENT,,ABSENT,ABSENT,,
h1:original/high/h1/2final/22_강남여고_2학기_기말_고1_기출.js_10,original/high/h1/2final/22_강남여고_2학기_기말_고1_기출.js,H15-SB-03,H15-SB-03-FUNCTION_RELATION,UNADJUDICATED,SOLUTION_CANDIDATE,TRIAGE_NO_GRAPH_SIGNAL,,,ABSENT,,ABSENT,ABSENT,,
h1:original/high/h1/2final/22_강남여고_2학기_기말_고1_기출.js_11,original/high/h1/2final/22_강남여고_2학기_기말_고1_기출.js,H15-SB-05,H15-SB-05-IRRATIONAL_INVERSE,UNADJUDICATED,SOLUTION_CANDIDATE,SOLUTION_VISUAL_PRESENT,,assets/images/22_강남여고_2학기_기말_고1_기출/q11-solution.svg,ABSENT,,ABSENT,PRESENT,,1845aa689ddbe86dfda1b462936faa0555c5541696d09f2c05d779847d7a6bed
h1:original/high/h1/2final/22_강남여고_2학기_기말_고1_기출.js_14,original/high/h1/2final/22_강남여고_2학기_기말_고1_기출.js,H15-SB-03,H15-SB-03-COMPOSITE_FUNCTION,UNADJUDICATED,SOLUTION_CANDIDATE,PRIORITY_2_GRAPH_RELATION_CANDIDATE,,,ABSENT,,ABSENT,ABSENT,,
h1:original/high/h1/2final/22_강남여고_2학기_기말_고1_기출.js_15,original/high/h1/2final/22_강남여고_2학기_기말_고1_기출.js,H15-SB-04,H15-SB-04-RATIONAL_GRAPH,UNADJUDICATED,SOLUTION_CANDIDATE,SOLUTION_VISUAL_PRESENT,,assets/images/22_강남여고_2학기_기말_고1_기출/q15-solution.svg,ABSENT,,ABSENT,PRESENT,,c95e5792ecf430ffd27e672749dc6eb748ee8a865f47ab708d1d2185e1ec36a5
h1:original/high/h1/2final/22_강남여고_2학기_기말_고1_기출.js_18,original/high/h1/2final/22_강남여고_2학기_기말_고1_기출.js,H15-SB-05,H15-SB-05-IRRATIONAL_BASIC,UNADJUDICATED,PROBLEM_PRESENT_REVIEW,SOLUTION_VISUAL_PRESENT,assets/images/22_강남여고_2학기_기말_고1_기출/q18.png,assets/images/22_강남여고_2학기_기말_고1_기출/q18-solution.svg,PRESENT,,PRESENT,PRESENT,0f9e253a6c8cb32862e0e0f9a171eda138c0f15977bf54b69512e7d3a70441f2,377c1e54da9de337d185081925ef37f8f472d11fee838598f2b14d986ba07860
h1:original/high/h1/2final/22_강남여고_2학기_기말_고1_기출.js_20,original/high/h1/2final/22_강남여고_2학기_기말_고1_기출.js,H15-SB-03,H15-SB-03-COMPOSITE_FUNCTION,UNADJUDICATED,SOLUTION_CANDIDATE,PRIORITY_2_GRAPH_SUBUNIT_CANDIDATE,,,ABSENT,,ABSENT,ABSENT,,
h1:original/high/h1/2final/22_강남여고_2학기_기말_고1_기출.js_22,original/high/h1/2final/22_강남여고_2학기_기말_고1_기출.js,H15-SB-05,H15-SB-05-IRRATIONAL_BASIC,UNADJUDICATED,SOLUTION_CANDIDATE,SOLUTION_VISUAL_PRESENT,,assets/images/22_강남여고_2학기_기말_고1_기출/q22-solution.svg,ABSENT,,ABSENT,PRESENT,,5dc385414d2435b60959c47ca4ee32d0e68a50011ede479a031f070b5d7f00b4
h1:original/high/h1/2final/22_강남여고_2학기_기말_고1_기출.js_3,original/high/h1/2final/22_강남여고_2학기_기말_고1_기출.js,H15-SB-04,H15-SB-04-RATIONAL_GRAPH,UNADJUDICATED,PROBLEM_PRESENT_REVIEW,PRIORITY_1_GRAPH_GAP_CANDIDATE,assets/images/22_강남여고_2학기_기말_고1_기출/q3.png,,PRESENT,,PRESENT,ABSENT,b98410fe6f95a1641c7e714ed2f5ef6ae34a71743a8a9cf51565f458e95f26b9,
h1:original/high/h1/2final/22_금당고_2학기_기말_고1_기출.js_1,original/high/h1/2final/22_금당고_2학기_기말_고1_기출.js,H15-SB-04,H15-SB-04-RATIONAL_GRAPH,UNADJUDICATED,SOLUTION_CANDIDATE,SOLUTION_VISUAL_PRESENT,,assets/images/22_금당고_2학기_기말_고1_기출/q01-solution.svg,ABSENT,,ABSENT,PRESENT,,987a85b83d3ba7e78c5d0a70fb0115e2fe2b38d3960a70e1e455dab097663c6d
h1:original/high/h1/2final/22_금당고_2학기_기말_고1_기출.js_17,original/high/h1/2final/22_금당고_2학기_기말_고1_기출.js,H15-SB-05,H15-SB-05-IRRATIONAL_BASIC,UNADJUDICATED,SOLUTION_CANDIDATE,SOLUTION_VISUAL_PRESENT,,assets/images/22_금당고_2학기_기말_고1_기출/q17-solution.svg,ABSENT,,ABSENT,PRESENT,,ccd321967a8471a320a4d850cdf1a059522c15f48b90944355c0c5cedb5bab24
h1:original/high/h1/2final/22_금당고_2학기_기말_고1_기출.js_2,original/high/h1/2final/22_금당고_2학기_기말_고1_기출.js,H15-SB-05,H15-SB-05-IRRATIONAL_BASIC,UNADJUDICATED,SOLUTION_CANDIDATE,TRIAGE_NO_GRAPH_SIGNAL,,,ABSENT,,ABSENT,ABSENT,,
h1:original/high/h1/2final/22_금당고_2학기_기말_고1_기출.js_21,original/high/h1/2final/22_금당고_2학기_기말_고1_기출.js,H15-SB-04,H15-SB-04-RATIONAL_GRAPH,UNADJUDICATED,SOLUTION_CANDIDATE,PRIORITY_1_EXPLICIT_GRAPH_CANDIDATE,,,ABSENT,,ABSENT,ABSENT,,
h1:original/high/h1/2final/22_금당고_2학기_기말_고1_기출.js_6,original/high/h1/2final/22_금당고_2학기_기말_고1_기출.js,H15-SB-04,H15-SB-04-RATIONAL_BASIC,UNADJUDICATED,SOLUTION_CANDIDATE,TRIAGE_NO_GRAPH_SIGNAL,,,ABSENT,,ABSENT,ABSENT,,
h1:original/high/h1/2final/22_금당고_2학기_기말_고1_기출.js_7,original/high/h1/2final/22_금당고_2학기_기말_고1_기출.js,H15-SB-04,H15-SB-04-RATIONAL_BASIC,UNADJUDICATED,SOLUTION_CANDIDATE,TRIAGE_NO_GRAPH_SIGNAL,,,ABSENT,,ABSENT,ABSENT,,
h1:original/high/h1/2final/22_금당고_2학기_기말_고1_기출.js_8,original/high/h1/2final/22_금당고_2학기_기말_고1_기출.js,H15-SB-05,H15-SB-05-IRRATIONAL_INVERSE,UNADJUDICATED,SOLUTION_CANDIDATE,SOLUTION_VISUAL_PRESENT,,assets/images/22_금당고_2학기_기말_고1_기출/q08-solution.svg,ABSENT,,ABSENT,PRESENT,,be3dbdc88088c09ef2b88173ed5988b3551e75ba7f1263c416c54aac47b87c5e
h1:original/high/h1/2final/22_금당고_2학기_기말_고1_기출.js_9,original/high/h1/2final/22_금당고_2학기_기말_고1_기출.js,H15-SB-04,H15-SB-04-RATIONAL_BASIC,UNADJUDICATED,SOLUTION_CANDIDATE,SOLUTION_VISUAL_PRESENT,,assets/images/22_금당고_2학기_기말_고1_기출/q09-solution.svg,ABSENT,,ABSENT,PRESENT,,7bf7be5c6d461cf5c1d18fc865de0ce609973ec9a94f885f31444ef57b376469
h1:original/high/h1/2final/22_매산고_2학기_기말_고1_기출.js_11,original/high/h1/2final/22_매산고_2학기_기말_고1_기출.js,H15-SB-03,H15-SB-03-COMPOSITE_FUNCTION,UNADJUDICATED,SOLUTION_CANDIDATE,PRIORITY_2_GRAPH_SUBUNIT_CANDIDATE,,,ABSENT,,ABSENT,ABSENT,,
h1:original/high/h1/2final/22_매산고_2학기_기말_고1_기출.js_12,original/high/h1/2final/22_매산고_2학기_기말_고1_기출.js,H15-SB-03,H15-SB-03-INVERSE_FUNCTION,UNADJUDICATED,PROBLEM_PRESENT_REVIEW,SOLUTION_VISUAL_PRESENT,assets/images/22_매산고_2학기_기말_고1_기출/q12.png,assets/images/22_매산고_2학기_기말_고1_기출/q12-solution.svg,PRESENT,,PRESENT,PRESENT,f230593370b7fe11b5b9aab7267fd1102a5931e45c40c87a1630d8b9f8f4ff28,1448c6f93932f02e766d6befc7a6cba2a99f02516697433450a137197a324eb3
h1:original/high/h1/2final/22_매산고_2학기_기말_고1_기출.js_13,original/high/h1/2final/22_매산고_2학기_기말_고1_기출.js,H15-SB-03,H15-SB-03-INVERSE_FUNCTION,UNADJUDICATED,SOLUTION_CANDIDATE,TRIAGE_NO_GRAPH_SIGNAL,,,ABSENT,,ABSENT,ABSENT,,
h1:original/high/h1/2final/22_매산고_2학기_기말_고1_기출.js_14,original/high/h1/2final/22_매산고_2학기_기말_고1_기출.js,H15-SB-05,H15-SB-05-IRRATIONAL_BASIC,UNADJUDICATED,SOLUTION_CANDIDATE,TRIAGE_NO_GRAPH_SIGNAL,,,ABSENT,,ABSENT,ABSENT,,
h1:original/high/h1/2final/22_매산고_2학기_기말_고1_기출.js_16,original/high/h1/2final/22_매산고_2학기_기말_고1_기출.js,H15-SB-05,H15-SB-05-IRRATIONAL_BASIC,UNADJUDICATED,SOLUTION_CANDIDATE,TRIAGE_NO_GRAPH_SIGNAL,,,ABSENT,,ABSENT,ABSENT,,
h1:original/high/h1/2final/22_매산고_2학기_기말_고1_기출.js_17,original/high/h1/2final/22_매산고_2학기_기말_고1_기출.js,H15-SB-03,H15-SB-03-FUNCTION_RELATION,UNADJUDICATED,SOLUTION_CANDIDATE,PRIORITY_1_EXPLICIT_GRAPH_CANDIDATE,,,ABSENT,,ABSENT,ABSENT,,
h1:original/high/h1/2final/22_매산고_2학기_기말_고1_기출.js_18,original/high/h1/2final/22_매산고_2학기_기말_고1_기출.js,H15-SB-04,H15-SB-04-RATIONAL_BASIC,UNADJUDICATED,SOLUTION_CANDIDATE,TRIAGE_NO_GRAPH_SIGNAL,,,ABSENT,,ABSENT,ABSENT,,
h1:original/high/h1/2final/22_매산고_2학기_기말_고1_기출.js_19,original/high/h1/2final/22_매산고_2학기_기말_고1_기출.js,H15-SB-04,H15-SB-04-RATIONAL_BASIC,UNADJUDICATED,PROBLEM_PRESENT_REVIEW,SOLUTION_VISUAL_PRESENT,assets/images/22_매산고_2학기_기말_고1_기출/q19.png,assets/images/22_매산고_2학기_기말_고1_기출/q19-solution.svg,PRESENT,,PRESENT,PRESENT,cdf5be16bb8b19ff8fb223c630fcaa6d1a332fa0649febf8699a0722a5070927,1fe98214e8afe92f5d9c821238f61b0922bf127913d9c76f77c5dbbbbf59bdec
h1:original/high/h1/2final/22_매산고_2학기_기말_고1_기출.js_2,original/high/h1/2final/22_매산고_2학기_기말_고1_기출.js,H15-SB-04,H15-SB-04-RATIONAL_GRAPH,UNADJUDICATED,PROBLEM_PRESENT_REVIEW,PRIORITY_1_GRAPH_GAP_CANDIDATE,assets/images/22_매산고_2학기_기말_고1_기출/q2.png,,PRESENT,,PRESENT,ABSENT,2241dddf24ea972ed49933c833b82c6c0feb6a568794c58e7efeeecd08d53163,
h1:original/high/h1/2final/22_매산고_2학기_기말_고1_기출.js_20,original/high/h1/2final/22_매산고_2학기_기말_고1_기출.js,H15-SB-03,H15-SB-03-COMPOSITE_FUNCTION,UNADJUDICATED,SOLUTION_CANDIDATE,PRIORITY_2_GRAPH_SUBUNIT_CANDIDATE,,,ABSENT,,ABSENT,ABSENT,,
h1:original/high/h1/2final/22_매산고_2학기_기말_고1_기출.js_3,original/high/h1/2final/22_매산고_2학기_기말_고1_기출.js,H15-SB-05,H15-SB-05-IRRATIONAL_BASIC,UNADJUDICATED,SOLUTION_CANDIDATE,SOLUTION_VISUAL_PRESENT,,assets/images/22_매산고_2학기_기말_고1_기출/q03-solution.svg,ABSENT,,ABSENT,PRESENT,,c0be533ad14e4524e815122506b765e51b870af93412543dc8d6ab20c84f26b8
h1:original/high/h1/2final/22_매산고_2학기_기말_고1_기출.js_4,original/high/h1/2final/22_매산고_2학기_기말_고1_기출.js,H15-SB-03,H15-SB-03-COMPOSITE_FUNCTION,UNADJUDICATED,PROBLEM_PRESENT_REVIEW,PRIORITY_1_GRAPH_GAP_CANDIDATE,assets/images/22_매산고_2학기_기말_고1_기출/q4.png,,PRESENT,,PRESENT,ABSENT,c902347868b37a9b1eb59aaf713bda96bd179d982f9291f28d9b1677d1a73d75,
h1:original/high/h1/2final/22_매산고_2학기_기말_고1_기출.js_7,original/high/h1/2final/22_매산고_2학기_기말_고1_기출.js,H15-SB-05,H15-SB-05-IRRATIONAL_INVERSE,UNADJUDICATED,SOLUTION_CANDIDATE,SOLUTION_VISUAL_PRESENT,,assets/images/22_매산고_2학기_기말_고1_기출/q07-solution.svg,ABSENT,,ABSENT,PRESENT,,94dcf54f5b012d1eb6555bc3b16a46aa03f80dec1946f9614f980a3b7b7155c5
h1:original/high/h1/2final/22_매산고_2학기_기말_고1_기출.js_8,original/high/h1/2final/22_매산고_2학기_기말_고1_기출.js,H15-SB-04,H15-SB-04-RATIONAL_BASIC,UNADJUDICATED,SOLUTION_CANDIDATE,SOLUTION_VISUAL_PRESENT,,assets/images/22_매산고_2학기_기말_고1_기출/q08-solution.svg,ABSENT,,ABSENT,PRESENT,,020595a6de9d3f0cc5d411564bb955ba71f3858acad941533cb8d878f20e7827
h1:original/high/h1/2final/22_복성고_2학기_기말_고1_기출.js_12,original/high/h1/2final/22_복성고_2학기_기말_고1_기출.js,H15-SB-04,H15-SB-04-RATIONAL_BASIC,UNADJUDICATED,SOLUTION_CANDIDATE,SOLUTION_VISUAL_PRESENT,,assets/images/22_복성고_2학기_기말_고1_기출/q12-solution.svg,ABSENT,,ABSENT,PRESENT,,9608b9839619592cec85d1ead93f3e08c2708f3ebb226a05392b4598c4fa8383
h1:original/high/h1/2final/22_복성고_2학기_기말_고1_기출.js_13,original/high/h1/2final/22_복성고_2학기_기말_고1_기출.js,H15-SB-05,H15-SB-05-IRRATIONAL_BASIC,UNADJUDICATED,PROBLEM_PRESENT_REVIEW,PRIORITY_1_GRAPH_GAP_CANDIDATE,assets/images/22_복성고_2학기_기말_고1_기출/q13.png,,PRESENT,,PRESENT,ABSENT,c2191be35f2dbfc29ca8a31a9fa9d8ea8622210df75586f1e2176bef6cf27219,
h1:original/high/h1/2final/22_복성고_2학기_기말_고1_기출.js_14,original/high/h1/2final/22_복성고_2학기_기말_고1_기출.js,H15-SB-03,H15-SB-03-FUNCTION_RELATION,UNADJUDICATED,PROBLEM_PRESENT_REVIEW,PRIORITY_1_GRAPH_GAP_CANDIDATE,assets/images/22_복성고_2학기_기말_고1_기출/q14.png,,PRESENT,,PRESENT,ABSENT,f7b06bd3803d89bad8058d8a00f75cf5af2fcae886f0c98a2db3e5c37ba43285,
h1:original/high/h1/2final/22_복성고_2학기_기말_고1_기출.js_15,original/high/h1/2final/22_복성고_2학기_기말_고1_기출.js,H15-SB-04,H15-SB-04-RATIONAL_BASIC,UNADJUDICATED,SOLUTION_CANDIDATE,SOLUTION_VISUAL_PRESENT,,assets/images/22_복성고_2학기_기말_고1_기출/q15-solution.svg,ABSENT,,ABSENT,PRESENT,,5c042210800f5704bf1d42017ae24cd20c5f10d7627f9202af778250cecfb624
h1:original/high/h1/2final/22_복성고_2학기_기말_고1_기출.js_18,original/high/h1/2final/22_복성고_2학기_기말_고1_기출.js,H15-SB-03,H15-SB-03-FUNCTION_RELATION,UNADJUDICATED,SOLUTION_CANDIDATE,TRIAGE_NO_GRAPH_SIGNAL,,,ABSENT,,ABSENT,ABSENT,,
h1:original/high/h1/2final/22_복성고_2학기_기말_고1_기출.js_19,original/high/h1/2final/22_복성고_2학기_기말_고1_기출.js,H15-SB-03,H15-SB-03-FUNCTION_RELATION,UNADJUDICATED,PROBLEM_PRESENT_REVIEW,PRIORITY_1_GRAPH_GAP_CANDIDATE,assets/images/22_복성고_2학기_기말_고1_기출/q19.png,,PRESENT,,PRESENT,ABSENT,eb0b1b86815f16f209805128e0051ae21acc35366e7133785a094e3f0c5cc7d8,
h1:original/high/h1/2final/22_복성고_2학기_기말_고1_기출.js_20,original/high/h1/2final/22_복성고_2학기_기말_고1_기출.js,H15-SB-05,H15-SB-05-IRRATIONAL_BASIC,UNADJUDICATED,SOLUTION_CANDIDATE,PRIORITY_1_EXPLICIT_GRAPH_CANDIDATE,,,ABSENT,,ABSENT,ABSENT,,
h1:original/high/h1/2final/22_복성고_2학기_기말_고1_기출.js_21,original/high/h1/2final/22_복성고_2학기_기말_고1_기출.js,H15-SB-04,H15-SB-04-RATIONAL_BASIC,UNADJUDICATED,SOLUTION_CANDIDATE,SOLUTION_VISUAL_PRESENT,,assets/images/22_복성고_2학기_기말_고1_기출/q21-solution.svg,ABSENT,,ABSENT,PRESENT,,26ee9d05faacf92b93ce55ec085ee28084c632a62b4b0b7ccd023d3661aeb7f4
h1:original/high/h1/2final/22_복성고_2학기_기말_고1_기출.js_22,original/high/h1/2final/22_복성고_2학기_기말_고1_기출.js,H15-SB-03,H15-SB-03-FUNCTION_RELATION,UNADJUDICATED,PROBLEM_PRESENT_REVIEW,PRIORITY_1_GRAPH_GAP_CANDIDATE,assets/images/22_복성고_2학기_기말_고1_기출/q22.png,,PRESENT,,PRESENT,ABSENT,a0a87a70624d05e5ad082bab12f12b6615893dad780265afddbda1aa4a57572a,
h1:original/high/h1/2final/22_복성고_2학기_기말_고1_기출.js_3,original/high/h1/2final/22_복성고_2학기_기말_고1_기출.js,H15-SB-05,H15-SB-05-IRRATIONAL_BASIC,UNADJUDICATED,SOLUTION_CANDIDATE,TRIAGE_NO_GRAPH_SIGNAL,,,ABSENT,,ABSENT,ABSENT,,
h1:original/high/h1/2final/22_복성고_2학기_기말_고1_기출.js_5,original/high/h1/2final/22_복성고_2학기_기말_고1_기출.js,H15-SB-05,H15-SB-05-IRRATIONAL_BASIC,UNADJUDICATED,SOLUTION_CANDIDATE,TRIAGE_NO_GRAPH_SIGNAL,,,ABSENT,,ABSENT,ABSENT,,
h1:original/high/h1/2final/22_복성고_2학기_기말_고1_기출.js_7,original/high/h1/2final/22_복성고_2학기_기말_고1_기출.js,H15-SB-05,H15-SB-05-IRRATIONAL_BASIC,UNADJUDICATED,SOLUTION_CANDIDATE,SOLUTION_VISUAL_PRESENT,,assets/images/22_복성고_2학기_기말_고1_기출/q07-solution.svg,ABSENT,,ABSENT,PRESENT,,b9f8b75c5215e287db026e4627ee5e1d28ea70b919681f30f633457bfdebfda9
h1:original/high/h1/2final/22_순천여고_2학기_기말_고1_기출.js_10,original/high/h1/2final/22_순천여고_2학기_기말_고1_기출.js,H15-SB-05,H15-SB-05-IRRATIONAL_BASIC,UNADJUDICATED,SOLUTION_CANDIDATE,TRIAGE_NO_GRAPH_SIGNAL,,,ABSENT,,ABSENT,ABSENT,,
h1:original/high/h1/2final/22_순천여고_2학기_기말_고1_기출.js_11,original/high/h1/2final/22_순천여고_2학기_기말_고1_기출.js,H15-SB-04,H15-SB-04-RATIONAL_BASIC,UNADJUDICATED,SOLUTION_CANDIDATE,TRIAGE_NO_GRAPH_SIGNAL,,,ABSENT,,ABSENT,ABSENT,,
h1:original/high/h1/2final/22_순천여고_2학기_기말_고1_기출.js_12,original/high/h1/2final/22_순천여고_2학기_기말_고1_기출.js,H15-SB-05,H15-SB-05-IRRATIONAL_BASIC,UNADJUDICATED,PROBLEM_PRESENT_REVIEW,PRIORITY_1_GRAPH_GAP_CANDIDATE,assets/images/22_순천여고_2학기_기말_고1_기출/q12.png,,PRESENT,,PRESENT,ABSENT,71a275276d1c7169485d60e6124867713e5b78508689c14748723fa3e44c0f19,
h1:original/high/h1/2final/22_순천여고_2학기_기말_고1_기출.js_13,original/high/h1/2final/22_순천여고_2학기_기말_고1_기출.js,H15-SB-03,H15-SB-03-FUNCTION_RELATION,UNADJUDICATED,SOLUTION_CANDIDATE,TRIAGE_NO_GRAPH_SIGNAL,,,ABSENT,,ABSENT,ABSENT,,
h1:original/high/h1/2final/22_순천여고_2학기_기말_고1_기출.js_14,original/high/h1/2final/22_순천여고_2학기_기말_고1_기출.js,H15-SB-05,H15-SB-05-IRRATIONAL_BASIC,UNADJUDICATED,SOLUTION_CANDIDATE,SOLUTION_VISUAL_PRESENT,,assets/images/22_순천여고_2학기_기말_고1_기출/q14-solution.svg,ABSENT,,ABSENT,PRESENT,,2beaada64a69b07df9dd7a4c1bbddc645afc72f734b40f5f7b4841dbf3ae912f
h1:original/high/h1/2final/22_순천여고_2학기_기말_고1_기출.js_16,original/high/h1/2final/22_순천여고_2학기_기말_고1_기출.js,H15-SB-05,H15-SB-05-IRRATIONAL_BASIC,UNADJUDICATED,SOLUTION_CANDIDATE,TRIAGE_NO_GRAPH_SIGNAL,,,ABSENT,,ABSENT,ABSENT,,
h1:original/high/h1/2final/22_순천여고_2학기_기말_고1_기출.js_17,original/high/h1/2final/22_순천여고_2학기_기말_고1_기출.js,H15-SB-05,H15-SB-05-IRRATIONAL_BASIC,UNADJUDICATED,PROBLEM_PRESENT_REVIEW,SOLUTION_VISUAL_PRESENT,assets/images/22_순천여고_2학기_기말_고1_기출/q17.png,assets/images/22_순천여고_2학기_기말_고1_기출/q17-solution.svg,PRESENT,,PRESENT,PRESENT,ac06bf5194d610a97b58a5f3d8805037ccc14fa910526ee3b7f2436bbcb39cab,ab25646c11110c527c74ea692c19b7a95b5d0ac09fd39f2da6e83b2c1987e543
h1:original/high/h1/2final/22_순천여고_2학기_기말_고1_기출.js_18,original/high/h1/2final/22_순천여고_2학기_기말_고1_기출.js,H15-SB-03,H15-SB-03-FUNCTION_RELATION,UNADJUDICATED,SOLUTION_CANDIDATE,TRIAGE_NO_GRAPH_SIGNAL,,,ABSENT,,ABSENT,ABSENT,,
h1:original/high/h1/2final/22_순천여고_2학기_기말_고1_기출.js_19,original/high/h1/2final/22_순천여고_2학기_기말_고1_기출.js,H15-SB-03,H15-SB-03-COMPOSITE_FUNCTION,UNADJUDICATED,SOLUTION_CANDIDATE,PRIORITY_2_GRAPH_SUBUNIT_CANDIDATE,,,ABSENT,,ABSENT,ABSENT,,
h1:original/high/h1/2final/22_순천여고_2학기_기말_고1_기출.js_2,original/high/h1/2final/22_순천여고_2학기_기말_고1_기출.js,H15-SB-04,H15-SB-04-RATIONAL_BASIC,UNADJUDICATED,SOLUTION_CANDIDATE,TRIAGE_NO_GRAPH_SIGNAL,,,ABSENT,,ABSENT,ABSENT,,
h1:original/high/h1/2final/22_순천여고_2학기_기말_고1_기출.js_20,original/high/h1/2final/22_순천여고_2학기_기말_고1_기출.js,H15-SB-04,H15-SB-04-RATIONAL_BASIC,UNADJUDICATED,SOLUTION_CANDIDATE,SOLUTION_VISUAL_PRESENT,,assets/images/22_순천여고_2학기_기말_고1_기출/q20-solution.svg,ABSENT,,ABSENT,PRESENT,,12bb3e984aa80a78598dbdc2ede11fcbe0a19c9cd54540b3c75a52c3eb94f31a
h1:original/high/h1/2final/22_순천여고_2학기_기말_고1_기출.js_21,original/high/h1/2final/22_순천여고_2학기_기말_고1_기출.js,H15-SB-05,H15-SB-05-IRRATIONAL_BASIC,UNADJUDICATED,SOLUTION_CANDIDATE,SOLUTION_VISUAL_PRESENT,,assets/images/22_순천여고_2학기_기말_고1_기출/q21-solution.svg,ABSENT,,ABSENT,PRESENT,,c2e752e3c7985d0b484e1bd5f84015b25f312e47139017c4d0ce358d0dcf48ce
h1:original/high/h1/2final/22_순천여고_2학기_기말_고1_기출.js_22,original/high/h1/2final/22_순천여고_2학기_기말_고1_기출.js,H15-SB-04,H15-SB-04-RATIONAL_BASIC,UNADJUDICATED,SOLUTION_CANDIDATE,TRIAGE_NO_GRAPH_SIGNAL,,,ABSENT,,ABSENT,ABSENT,,
h1:original/high/h1/2final/22_순천여고_2학기_기말_고1_기출.js_23,original/high/h1/2final/22_순천여고_2학기_기말_고1_기출.js,H15-SB-03,H15-SB-03-INVERSE_FUNCTION,UNADJUDICATED,SOLUTION_CANDIDATE,TRIAGE_NO_GRAPH_SIGNAL,,,ABSENT,,ABSENT,ABSENT,,
h1:original/high/h1/2final/22_순천여고_2학기_기말_고1_기출.js_4,original/high/h1/2final/22_순천여고_2학기_기말_고1_기출.js,H15-SB-05,H15-SB-05-IRRATIONAL_BASIC,UNADJUDICATED,SOLUTION_CANDIDATE,TRIAGE_NO_GRAPH_SIGNAL,,,ABSENT,,ABSENT,ABSENT,,
h1:original/high/h1/2final/22_순천여고_2학기_기말_고1_기출.js_5,original/high/h1/2final/22_순천여고_2학기_기말_고1_기출.js,H15-SB-04,H15-SB-04-RATIONAL_GRAPH,UNADJUDICATED,PROBLEM_PRESENT_REVIEW,PRIORITY_1_GRAPH_GAP_CANDIDATE,assets/images/22_순천여고_2학기_기말_고1_기출/q5.png,,PRESENT,,PRESENT,ABSENT,e8efdf5b1a9406ed018e2db831fe8a9fce6b6a65f2f2ce644cc687af684273f9,
h1:original/high/h1/2final/22_순천여고_2학기_기말_고1_기출.js_7,original/high/h1/2final/22_순천여고_2학기_기말_고1_기출.js,H15-SB-04,H15-SB-04-RATIONAL_BASIC,UNADJUDICATED,SOLUTION_CANDIDATE,SOLUTION_VISUAL_PRESENT,,assets/images/22_순천여고_2학기_기말_고1_기출/q07-solution.svg,ABSENT,,ABSENT,PRESENT,,12f99a40b3b1e1800033fcc9e4e9c3aca9b37c4642feb5c05c0eb5aca2b3f880
h1:original/high/h1/2final/22_순천여고_2학기_기말_고1_기출.js_8,original/high/h1/2final/22_순천여고_2학기_기말_고1_기출.js,H15-SB-04,H15-SB-04-RATIONAL_BASIC,UNADJUDICATED,SOLUTION_CANDIDATE,SOLUTION_VISUAL_PRESENT,,assets/images/22_순천여고_2학기_기말_고1_기출/q08-solution.svg,ABSENT,,ABSENT,PRESENT,,7ce7f35db6aa99215b3247d03f178e451fd1ed951b309f45f19cb20659e9cba1
h1:original/high/h1/2final/22_제일고_2학기_기말_고1_기출.js_1,original/high/h1/2final/22_제일고_2학기_기말_고1_기출.js,H15-SB-03,H15-SB-03-COMPOSITE_FUNCTION,UNADJUDICATED,PROBLEM_PRESENT_REVIEW,PRIORITY_1_GRAPH_GAP_CANDIDATE,assets/images/22_제일고_2학기_기말_고1_기출/q1.png,,PRESENT,,PRESENT,ABSENT,7f1065135e8b8d6474e0dce995a3d9cb9ccaafc54f106b0b4de1aa7749f366ef,
h1:original/high/h1/2final/22_제일고_2학기_기말_고1_기출.js_10,original/high/h1/2final/22_제일고_2학기_기말_고1_기출.js,H15-SB-03,H15-SB-03-COMPOSITE_FUNCTION,UNADJUDICATED,SOLUTION_CANDIDATE,PRIORITY_2_GRAPH_RELATION_CANDIDATE,,,ABSENT,,ABSENT,ABSENT,,
h1:original/high/h1/2final/22_제일고_2학기_기말_고1_기출.js_15,original/high/h1/2final/22_제일고_2학기_기말_고1_기출.js,H15-SB-04,H15-SB-04-RATIONAL_BASIC,UNADJUDICATED,SOLUTION_CANDIDATE,TRIAGE_NO_GRAPH_SIGNAL,,,ABSENT,,ABSENT,ABSENT,,
h1:original/high/h1/2final/22_제일고_2학기_기말_고1_기출.js_16,original/high/h1/2final/22_제일고_2학기_기말_고1_기출.js,H15-SB-03,H15-SB-03-INVERSE_FUNCTION,UNADJUDICATED,SOLUTION_CANDIDATE,TRIAGE_NO_GRAPH_SIGNAL,,,ABSENT,,ABSENT,ABSENT,,
h1:original/high/h1/2final/22_제일고_2학기_기말_고1_기출.js_17,original/high/h1/2final/22_제일고_2학기_기말_고1_기출.js,H15-SB-03,H15-SB-03-FUNCTION_RELATION,UNADJUDICATED,SOLUTION_CANDIDATE,TRIAGE_NO_GRAPH_SIGNAL,,,ABSENT,,ABSENT,ABSENT,,
h1:original/high/h1/2final/22_제일고_2학기_기말_고1_기출.js_19,original/high/h1/2final/22_제일고_2학기_기말_고1_기출.js,H15-SB-03,H15-SB-03-FUNCTION_RELATION,UNADJUDICATED,SOLUTION_CANDIDATE,TRIAGE_NO_GRAPH_SIGNAL,,,ABSENT,,ABSENT,ABSENT,,
h1:original/high/h1/2final/22_제일고_2학기_기말_고1_기출.js_2,original/high/h1/2final/22_제일고_2학기_기말_고1_기출.js,H15-SB-04,H15-SB-04-RATIONAL_BASIC,UNADJUDICATED,SOLUTION_CANDIDATE,SOLUTION_VISUAL_PRESENT,,assets/images/22_제일고_2학기_기말_고1_기출/q02-solution.svg,ABSENT,,ABSENT,PRESENT,,23c4bd273cc79fda9fbd00d4026654d3f0802f01cb99ccf53d96fddd9ba8fdc8
h1:original/high/h1/2final/22_제일고_2학기_기말_고1_기출.js_20,original/high/h1/2final/22_제일고_2학기_기말_고1_기출.js,H15-SB-03,H15-SB-03-COMPOSITE_FUNCTION,UNADJUDICATED,SOLUTION_CANDIDATE,PRIORITY_2_GRAPH_RELATION_CANDIDATE,,,ABSENT,,ABSENT,ABSENT,,
h1:original/high/h1/2final/22_제일고_2학기_기말_고1_기출.js_22,original/high/h1/2final/22_제일고_2학기_기말_고1_기출.js,H15-SB-05,H15-SB-05-IRRATIONAL_BASIC,UNADJUDICATED,SOLUTION_CANDIDATE,SOLUTION_VISUAL_PRESENT,,assets/images/22_제일고_2학기_기말_고1_기출/q22-solution.svg,ABSENT,,ABSENT,PRESENT,,1568f5f712dfb7b2198382b0bd2b0f697b829fda59d71e46ef55444ebc275186
h1:original/high/h1/2final/22_제일고_2학기_기말_고1_기출.js_3,original/high/h1/2final/22_제일고_2학기_기말_고1_기출.js,H15-SB-03,H15-SB-03-INVERSE_FUNCTION,UNADJUDICATED,PROBLEM_PRESENT_REVIEW,PRIORITY_1_GRAPH_GAP_CANDIDATE,assets/images/22_제일고_2학기_기말_고1_기출/q3.png,,PRESENT,,PRESENT,ABSENT,6adc6445cdc11f2078408667596959850d41918620cf5b4260b5759c659428a7,
h1:original/high/h1/2final/22_제일고_2학기_기말_고1_기출.js_7,original/high/h1/2final/22_제일고_2학기_기말_고1_기출.js,H15-SB-03,H15-SB-03-FUNCTION_RELATION,UNADJUDICATED,SOLUTION_CANDIDATE,TRIAGE_NO_GRAPH_SIGNAL,,,ABSENT,,ABSENT,ABSENT,,
h1:original/high/h1/2final/22_제일고_2학기_기말_고1_기출.js_8,original/high/h1/2final/22_제일고_2학기_기말_고1_기출.js,H15-SB-04,H15-SB-04-RATIONAL_BASIC,UNADJUDICATED,SOLUTION_CANDIDATE,TRIAGE_NO_GRAPH_SIGNAL,,,ABSENT,,ABSENT,ABSENT,,
h1:original/high/h1/2final/22_제일고_2학기_기말_고1_기출.js_9,original/high/h1/2final/22_제일고_2학기_기말_고1_기출.js,H15-SB-05,H15-SB-05-IRRATIONAL_BASIC,UNADJUDICATED,SOLUTION_CANDIDATE,SOLUTION_VISUAL_PRESENT,,assets/images/22_제일고_2학기_기말_고1_기출/q09-solution.svg,ABSENT,,ABSENT,PRESENT,,236b18f417d79fa88ba3f95f5b64f79ec9e8fe0c312194e020fd9700e6275bf2
h1:original/high/h1/2final/22_팔마고_2학기_기말_고1_기출.js_1,original/high/h1/2final/22_팔마고_2학기_기말_고1_기출.js,H15-SB-04,H15-SB-04-RATIONAL_BASIC,UNADJUDICATED,SOLUTION_CANDIDATE,TRIAGE_NO_GRAPH_SIGNAL,,,ABSENT,,ABSENT,ABSENT,,
h1:original/high/h1/2final/22_팔마고_2학기_기말_고1_기출.js_11,original/high/h1/2final/22_팔마고_2학기_기말_고1_기출.js,H15-SB-03,H15-SB-03-FUNCTION_RELATION,UNADJUDICATED,SOLUTION_CANDIDATE,TRIAGE_NO_GRAPH_SIGNAL,,,ABSENT,,ABSENT,ABSENT,,
h1:original/high/h1/2final/22_팔마고_2학기_기말_고1_기출.js_12,original/high/h1/2final/22_팔마고_2학기_기말_고1_기출.js,H15-SB-05,H15-SB-05-IRRATIONAL_BASIC,UNADJUDICATED,SOLUTION_CANDIDATE,SOLUTION_VISUAL_PRESENT,,assets/images/22_팔마고_2학기_기말_고1_기출/q12-solution.svg,ABSENT,,ABSENT,PRESENT,,a937f4e26255b57a50e3a9c36bb598bd088f97e00accdfe8ca994ccf33aa3c19
h1:original/high/h1/2final/22_팔마고_2학기_기말_고1_기출.js_16,original/high/h1/2final/22_팔마고_2학기_기말_고1_기출.js,H15-SB-05,H15-SB-05-IRRATIONAL_BASIC,UNADJUDICATED,SOLUTION_CANDIDATE,SOLUTION_VISUAL_PRESENT,,assets/images/22_팔마고_2학기_기말_고1_기출/q16-solution.svg,ABSENT,,ABSENT,PRESENT,,d925944c4462cefa1c19dc672358a9d64aacee9083ba014456b12d035af2e52a
h1:original/high/h1/2final/22_팔마고_2학기_기말_고1_기출.js_18,original/high/h1/2final/22_팔마고_2학기_기말_고1_기출.js,H15-SB-04,H15-SB-04-RATIONAL_BASIC,UNADJUDICATED,SOLUTION_CANDIDATE,TRIAGE_NO_GRAPH_SIGNAL,,,ABSENT,,ABSENT,ABSENT,,
h1:original/high/h1/2final/22_팔마고_2학기_기말_고1_기출.js_2,original/high/h1/2final/22_팔마고_2학기_기말_고1_기출.js,H15-SB-05,H15-SB-05-IRRATIONAL_BASIC,UNADJUDICATED,SOLUTION_CANDIDATE,TRIAGE_NO_GRAPH_SIGNAL,,,ABSENT,,ABSENT,ABSENT,,
h1:original/high/h1/2final/22_팔마고_2학기_기말_고1_기출.js_20,original/high/h1/2final/22_팔마고_2학기_기말_고1_기출.js,H15-SB-05,H15-SB-05-IRRATIONAL_BASIC,UNADJUDICATED,SOLUTION_CANDIDATE,TRIAGE_NO_GRAPH_SIGNAL,,,ABSENT,,ABSENT,ABSENT,,
h1:original/high/h1/2final/22_팔마고_2학기_기말_고1_기출.js_21,original/high/h1/2final/22_팔마고_2학기_기말_고1_기출.js,H15-SB-04,H15-SB-04-RATIONAL_BASIC,UNADJUDICATED,PROBLEM_PRESENT_REVIEW,PRIORITY_1_GRAPH_GAP_CANDIDATE,assets/images/22_팔마고_2학기_기말_고1_기출/q21.svg,,PRESENT,,PRESENT,ABSENT,607222fa82ea05c52ce5801b0d484aac78b209cfca0b5d9e817ae735437a2515,
h1:original/high/h1/2final/22_팔마고_2학기_기말_고1_기출.js_4,original/high/h1/2final/22_팔마고_2학기_기말_고1_기출.js,H15-SB-04,H15-SB-04-RATIONAL_BASIC,UNADJUDICATED,SOLUTION_CANDIDATE,PRIORITY_1_EXPLICIT_GRAPH_CANDIDATE,,,ABSENT,,ABSENT,ABSENT,,
h1:original/high/h1/2final/22_팔마고_2학기_기말_고1_기출.js_6,original/high/h1/2final/22_팔마고_2학기_기말_고1_기출.js,H15-SB-04,H15-SB-04-RATIONAL_BASIC,UNADJUDICATED,SOLUTION_CANDIDATE,SOLUTION_VISUAL_PRESENT,,assets/images/22_팔마고_2학기_기말_고1_기출/q06-solution.svg,ABSENT,,ABSENT,PRESENT,,68b4470bb4c299ef31999276f4e82a062588b408149c3a71936655e1b715ed01
h1:original/high/h1/2final/22_팔마고_2학기_기말_고1_기출.js_8,original/high/h1/2final/22_팔마고_2학기_기말_고1_기출.js,H15-SB-04,H15-SB-04-RATIONAL_BASIC,UNADJUDICATED,SOLUTION_CANDIDATE,SOLUTION_VISUAL_PRESENT,,assets/images/22_팔마고_2학기_기말_고1_기출/q08-solution.svg,ABSENT,,ABSENT,PRESENT,,c6af2d8bee882fe3974f2cb6766366e9ddd5ec9abe245e1c141e7a3fabf7a130
h1:original/high/h1/2final/22_팔마고_2학기_기말_고1_기출.js_9,original/high/h1/2final/22_팔마고_2학기_기말_고1_기출.js,H15-SB-03,H15-SB-03-COMPOSITE_FUNCTION,UNADJUDICATED,SOLUTION_CANDIDATE,PRIORITY_2_GRAPH_SUBUNIT_CANDIDATE,,,ABSENT,,ABSENT,ABSENT,,
h1:original/high/h1/2final/22_효천고_2학기_기말_고1_기출.js_1,original/high/h1/2final/22_효천고_2학기_기말_고1_기출.js,H15-SB-03,H15-SB-03-INVERSE_FUNCTION,UNADJUDICATED,SOLUTION_CANDIDATE,TRIAGE_NO_GRAPH_SIGNAL,,,ABSENT,,ABSENT,ABSENT,,
h1:original/high/h1/2final/22_효천고_2학기_기말_고1_기출.js_11,original/high/h1/2final/22_효천고_2학기_기말_고1_기출.js,H15-SB-03,H15-SB-03-INVERSE_FUNCTION,UNADJUDICATED,SOLUTION_CANDIDATE,TRIAGE_NO_GRAPH_SIGNAL,,,ABSENT,,ABSENT,ABSENT,,
h1:original/high/h1/2final/22_효천고_2학기_기말_고1_기출.js_13,original/high/h1/2final/22_효천고_2학기_기말_고1_기출.js,H15-SB-03,H15-SB-03-INVERSE_FUNCTION,UNADJUDICATED,SOLUTION_CANDIDATE,PRIORITY_1_EXPLICIT_GRAPH_CANDIDATE,,,ABSENT,,ABSENT,ABSENT,,
h1:original/high/h1/2final/22_효천고_2학기_기말_고1_기출.js_15,original/high/h1/2final/22_효천고_2학기_기말_고1_기출.js,H15-SB-04,H15-SB-04-RATIONAL_BASIC,UNADJUDICATED,SOLUTION_CANDIDATE,SOLUTION_VISUAL_PRESENT,,assets/images/22_효천고_2학기_기말_고1_기출/q15-solution.svg,ABSENT,,ABSENT,PRESENT,,b4eaa3b314a1dc66456c1d6fdcaefe9d18f91e527c1223ea8ba653aa7e28cb1e
h1:original/high/h1/2final/22_효천고_2학기_기말_고1_기출.js_16,original/high/h1/2final/22_효천고_2학기_기말_고1_기출.js,H15-SB-05,H15-SB-05-IRRATIONAL_BASIC,UNADJUDICATED,SOLUTION_CANDIDATE,SOLUTION_VISUAL_PRESENT,,assets/images/22_효천고_2학기_기말_고1_기출/q16-solution.svg,ABSENT,,ABSENT,PRESENT,,af45d561f2d651e69a9e73af64ccc7c08a5bd415d4c9145dc482a1748f5b24b6
h1:original/high/h1/2final/22_효천고_2학기_기말_고1_기출.js_18,original/high/h1/2final/22_효천고_2학기_기말_고1_기출.js,H15-SB-05,H15-SB-05-IRRATIONAL_BASIC,UNADJUDICATED,SOLUTION_CANDIDATE,SOLUTION_VISUAL_PRESENT,,assets/images/22_효천고_2학기_기말_고1_기출/q18-solution.svg,ABSENT,,ABSENT,PRESENT,,56e2cba1b63d9c62391cd85ab28960fac2f796080791d08c507ca554944c67d9
h1:original/high/h1/2final/22_효천고_2학기_기말_고1_기출.js_19,original/high/h1/2final/22_효천고_2학기_기말_고1_기출.js,H15-SB-03,H15-SB-03-FUNCTION_RELATION,UNADJUDICATED,SOLUTION_CANDIDATE,TRIAGE_NO_GRAPH_SIGNAL,,,ABSENT,,ABSENT,ABSENT,,
h1:original/high/h1/2final/22_효천고_2학기_기말_고1_기출.js_2,original/high/h1/2final/22_효천고_2학기_기말_고1_기출.js,H15-SB-04,H15-SB-04-RATIONAL_BASIC,UNADJUDICATED,SOLUTION_CANDIDATE,TRIAGE_NO_GRAPH_SIGNAL,,,ABSENT,,ABSENT,ABSENT,,
h1:original/high/h1/2final/22_효천고_2학기_기말_고1_기출.js_20,original/high/h1/2final/22_효천고_2학기_기말_고1_기출.js,H15-SB-04,H15-SB-04-RATIONAL_BASIC,UNADJUDICATED,SOLUTION_CANDIDATE,TRIAGE_NO_GRAPH_SIGNAL,,,ABSENT,,ABSENT,ABSENT,,
h1:original/high/h1/2final/22_효천고_2학기_기말_고1_기출.js_22,original/high/h1/2final/22_효천고_2학기_기말_고1_기출.js,H15-SB-04,H15-SB-04-RATIONAL_BASIC,UNADJUDICATED,SOLUTION_CANDIDATE,SOLUTION_VISUAL_PRESENT,,assets/images/22_효천고_2학기_기말_고1_기출/q22-solution.svg,ABSENT,,ABSENT,PRESENT,,bba66d88bb1712553b27275512ab0e54716c259f5b327486d9d5cc9f4efdcb8a
h1:original/high/h1/2final/22_효천고_2학기_기말_고1_기출.js_4,original/high/h1/2final/22_효천고_2학기_기말_고1_기출.js,H15-SB-04,H15-SB-04-RATIONAL_BASIC,UNADJUDICATED,SOLUTION_CANDIDATE,SOLUTION_VISUAL_PRESENT,,assets/images/22_효천고_2학기_기말_고1_기출/q04-solution.svg,ABSENT,,ABSENT,PRESENT,,f8f990040e1f459eec8c1e47f9e6887ddaa81d12c2652cd64f7f292047136d95
h1:original/high/h1/2final/22_효천고_2학기_기말_고1_기출.js_5,original/high/h1/2final/22_효천고_2학기_기말_고1_기출.js,H15-SB-05,H15-SB-05-IRRATIONAL_BASIC,UNADJUDICATED,SOLUTION_CANDIDATE,SOLUTION_VISUAL_PRESENT,,assets/images/22_효천고_2학기_기말_고1_기출/q05-solution.svg,ABSENT,,ABSENT,PRESENT,,d68487dca4bc532a49c0b13e3d424ee24247b367da2fa7db5922fe103225610f
h1:original/high/h1/2final/23_강남여고_2학기_기말_고1_기출.js_11,original/high/h1/2final/23_강남여고_2학기_기말_고1_기출.js,H15-SB-03,H15-SB-03-FUNCTION_RELATION,UNADJUDICATED,SOLUTION_CANDIDATE,TRIAGE_NO_GRAPH_SIGNAL,,,ABSENT,,ABSENT,ABSENT,,
h1:original/high/h1/2final/23_강남여고_2학기_기말_고1_기출.js_12,original/high/h1/2final/23_강남여고_2학기_기말_고1_기출.js,H15-SB-03,H15-SB-03-COMPOSITE_FUNCTION,UNADJUDICATED,PROBLEM_PRESENT_REVIEW,PRIORITY_1_GRAPH_GAP_CANDIDATE,assets/images/23_강남여고_2학기_기말_고1_기출/q12.png,,PRESENT,,PRESENT,ABSENT,ed72d00ccc58c7e6abab0efaf90bf422b174d488f5d222d409245e48b8e9d884,
h1:original/high/h1/2final/23_강남여고_2학기_기말_고1_기출.js_15,original/high/h1/2final/23_강남여고_2학기_기말_고1_기출.js,H15-SB-03,H15-SB-03-INVERSE_FUNCTION,UNADJUDICATED,SOLUTION_CANDIDATE,TRIAGE_NO_GRAPH_SIGNAL,,,ABSENT,,ABSENT,ABSENT,,
h1:original/high/h1/2final/23_강남여고_2학기_기말_고1_기출.js_16,original/high/h1/2final/23_강남여고_2학기_기말_고1_기출.js,H15-SB-03,H15-SB-03-FUNCTION_RELATION,UNADJUDICATED,SOLUTION_CANDIDATE,TRIAGE_NO_GRAPH_SIGNAL,,,ABSENT,,ABSENT,ABSENT,,
h1:original/high/h1/2final/23_강남여고_2학기_기말_고1_기출.js_17,original/high/h1/2final/23_강남여고_2학기_기말_고1_기출.js,H15-SB-03,H15-SB-03-INVERSE_FUNCTION,UNADJUDICATED,SOLUTION_CANDIDATE,TRIAGE_NO_GRAPH_SIGNAL,,,ABSENT,,ABSENT,ABSENT,,
h1:original/high/h1/2final/23_강남여고_2학기_기말_고1_기출.js_18,original/high/h1/2final/23_강남여고_2학기_기말_고1_기출.js,H15-SB-03,H15-SB-03-COMPOSITE_FUNCTION,UNADJUDICATED,PROBLEM_PRESENT_REVIEW,PRIORITY_1_GRAPH_GAP_CANDIDATE,assets/images/23_강남여고_2학기_기말_고1_기출/q18.png,,PRESENT,,PRESENT,ABSENT,180758d06e8a4c5e0fa97c8ae537956a73b8155512b11ee496e43dad8413f970,
h1:original/high/h1/2final/23_강남여고_2학기_기말_고1_기출.js_19,original/high/h1/2final/23_강남여고_2학기_기말_고1_기출.js,H15-SB-05,H15-SB-05-IRRATIONAL_BASIC,UNADJUDICATED,SOLUTION_CANDIDATE,SOLUTION_VISUAL_PRESENT,,assets/images/23_강남여고_2학기_기말_고1_기출/q19-solution.svg,ABSENT,,ABSENT,PRESENT,,0710f69b5e0ae940b7ad2ef4c98ac24ddec4d3171987d082c400f92e0c969b82
h1:original/high/h1/2final/23_강남여고_2학기_기말_고1_기출.js_2,original/high/h1/2final/23_강남여고_2학기_기말_고1_기출.js,H15-SB-03,H15-SB-03-COMPOSITE_FUNCTION,UNADJUDICATED,SOLUTION_CANDIDATE,PRIORITY_2_GRAPH_SUBUNIT_CANDIDATE,,,ABSENT,,ABSENT,ABSENT,,
h1:original/high/h1/2final/23_강남여고_2학기_기말_고1_기출.js_20,original/high/h1/2final/23_강남여고_2학기_기말_고1_기출.js,H15-SB-04,H15-SB-04-RATIONAL_GRAPH,UNADJUDICATED,PROBLEM_PRESENT_REVIEW,SOLUTION_VISUAL_PRESENT,assets/images/23_강남여고_2학기_기말_고1_기출/q20.png,assets/images/23_강남여고_2학기_기말_고1_기출/q20-solution.svg,PRESENT,,PRESENT,PRESENT,c25d3191c98931cf974b2cfe7a7c00bd4710805e683ed48ff16892561edc0802,7f237aa0c8274896b176f7c04193332ab4c88651b9638b237e3e95edb906bb83
h1:original/high/h1/2final/23_강남여고_2학기_기말_고1_기출.js_21,original/high/h1/2final/23_강남여고_2학기_기말_고1_기출.js,H15-SB-03,H15-SB-03-INVERSE_FUNCTION,UNADJUDICATED,SOLUTION_CANDIDATE,TRIAGE_NO_GRAPH_SIGNAL,,,ABSENT,,ABSENT,ABSENT,,
h1:original/high/h1/2final/23_강남여고_2학기_기말_고1_기출.js_22,original/high/h1/2final/23_강남여고_2학기_기말_고1_기출.js,H15-SB-05,H15-SB-05-IRRATIONAL_GRAPH,UNADJUDICATED,PROBLEM_PRESENT_REVIEW,SOLUTION_VISUAL_PRESENT,assets/images/23_강남여고_2학기_기말_고1_기출/q22.png,assets/images/23_강남여고_2학기_기말_고1_기출/q22-solution.svg,PRESENT,,PRESENT,PRESENT,56e90d19e4f0f1ad69cd259027a91dc56aeaa057fba412872b3bcec252bf4ae5,df151c1eb8ab1b12cc02e254286d683876aa7fcac419d079175384fd131db3ec
h1:original/high/h1/2final/23_강남여고_2학기_기말_고1_기출.js_24,original/high/h1/2final/23_강남여고_2학기_기말_고1_기출.js,H15-SB-05,H15-SB-05-IRRATIONAL_INVERSE,UNADJUDICATED,SOLUTION_CANDIDATE,SOLUTION_VISUAL_PRESENT,,assets/images/23_강남여고_2학기_기말_고1_기출/q24-solution.svg,ABSENT,,ABSENT,PRESENT,,6e1d585a20fea29d9979915bb803a4fd60b02b6decc49e999a1fa617fde37166
h1:original/high/h1/2final/23_강남여고_2학기_기말_고1_기출.js_3,original/high/h1/2final/23_강남여고_2학기_기말_고1_기출.js,H15-SB-03,H15-SB-03-INVERSE_FUNCTION,UNADJUDICATED,SOLUTION_CANDIDATE,TRIAGE_NO_GRAPH_SIGNAL,,,ABSENT,,ABSENT,ABSENT,,
h1:original/high/h1/2final/23_강남여고_2학기_기말_고1_기출.js_5,original/high/h1/2final/23_강남여고_2학기_기말_고1_기출.js,H15-SB-04,H15-SB-04-RATIONAL_GRAPH,UNADJUDICATED,SOLUTION_CANDIDATE,SOLUTION_VISUAL_PRESENT,,assets/images/23_강남여고_2학기_기말_고1_기출/q05-solution.svg,ABSENT,,ABSENT,PRESENT,,09877aad64b50dc0eba0b384bc25e9c890d416208c47649dadb5fc85d57eec46
h1:original/high/h1/2final/23_강남여고_2학기_기말_고1_기출.js_6,original/high/h1/2final/23_강남여고_2학기_기말_고1_기출.js,H15-SB-05,H15-SB-05-IRRATIONAL_BASIC,UNADJUDICATED,SOLUTION_CANDIDATE,SOLUTION_VISUAL_PRESENT,,assets/images/23_강남여고_2학기_기말_고1_기출/q06-solution.svg,ABSENT,,ABSENT,PRESENT,,c0b97337071a066f3f36f32404bd7f2becc6055b144bee1d9e1eee2cf76c314c
h1:original/high/h1/2final/23_강남여고_2학기_기말_고1_기출.js_8,original/high/h1/2final/23_강남여고_2학기_기말_고1_기출.js,H15-SB-04,H15-SB-04-RATIONAL_BASIC,UNADJUDICATED,SOLUTION_CANDIDATE,TRIAGE_NO_GRAPH_SIGNAL,,,ABSENT,,ABSENT,ABSENT,,
h1:original/high/h1/2final/23_강남여고_2학기_기말_고1_기출.js_9,original/high/h1/2final/23_강남여고_2학기_기말_고1_기출.js,H15-SB-03,H15-SB-03-COMPOSITE_FUNCTION,UNADJUDICATED,SOLUTION_CANDIDATE,PRIORITY_2_GRAPH_SUBUNIT_CANDIDATE,,,ABSENT,,ABSENT,ABSENT,,
h1:original/high/h1/2final/23_금당고_2학기_기말_고1_기출.js_10,original/high/h1/2final/23_금당고_2학기_기말_고1_기출.js,H15-SB-03,H15-SB-03-INVERSE_FUNCTION,UNADJUDICATED,SOLUTION_CANDIDATE,TRIAGE_NO_GRAPH_SIGNAL,,,ABSENT,,ABSENT,ABSENT,,
h1:original/high/h1/2final/23_금당고_2학기_기말_고1_기출.js_11,original/high/h1/2final/23_금당고_2학기_기말_고1_기출.js,H15-SB-04,H15-SB-04-RATIONAL_GRAPH,UNADJUDICATED,SOLUTION_CANDIDATE,SOLUTION_VISUAL_PRESENT,,assets/images/23_금당고_2학기_기말_고1_기출/q11-solution.svg,ABSENT,,ABSENT,PRESENT,,c6394f57ba8f61f81b3f4015df195df8ba23211163f4bad3e882f681333b33aa
h1:original/high/h1/2final/23_금당고_2학기_기말_고1_기출.js_13,original/high/h1/2final/23_금당고_2학기_기말_고1_기출.js,H15-SB-03,H15-SB-03-INVERSE_FUNCTION,UNADJUDICATED,SOLUTION_CANDIDATE,SOLUTION_VISUAL_PRESENT,,assets/images/23_금당고_2학기_기말_고1_기출/q13-solution.svg,ABSENT,,ABSENT,PRESENT,,cda993be06a07144ccff413a2df8bfa520e6a40235d97266f8c0a0e11a04a17a
h1:original/high/h1/2final/23_금당고_2학기_기말_고1_기출.js_14,original/high/h1/2final/23_금당고_2학기_기말_고1_기출.js,H15-SB-04,H15-SB-04-RATIONAL_BASIC,UNADJUDICATED,SOLUTION_CANDIDATE,TRIAGE_NO_GRAPH_SIGNAL,,,ABSENT,,ABSENT,ABSENT,,
h1:original/high/h1/2final/23_금당고_2학기_기말_고1_기출.js_16,original/high/h1/2final/23_금당고_2학기_기말_고1_기출.js,H15-SB-03,H15-SB-03-FUNCTION_RELATION,UNADJUDICATED,SOLUTION_CANDIDATE,PRIORITY_1_EXPLICIT_GRAPH_CANDIDATE,,,ABSENT,,ABSENT,ABSENT,,
h1:original/high/h1/2final/23_금당고_2학기_기말_고1_기출.js_18,original/high/h1/2final/23_금당고_2학기_기말_고1_기출.js,H15-SB-03,H15-SB-03-COMPOSITE_FUNCTION,UNADJUDICATED,PROBLEM_PRESENT_REVIEW,PRIORITY_1_GRAPH_GAP_CANDIDATE,assets/images/23_금당고_2학기_기말_고1_기출/q18.png,,PRESENT,,PRESENT,ABSENT,89e9d9436fb7f883fb3f1ea7104e377e8c8affb5799e80f32f79bc4a152d77b7,
h1:original/high/h1/2final/23_금당고_2학기_기말_고1_기출.js_20,original/high/h1/2final/23_금당고_2학기_기말_고1_기출.js,H15-SB-05,H15-SB-05-IRRATIONAL_INVERSE,UNADJUDICATED,SOLUTION_CANDIDATE,SOLUTION_VISUAL_PRESENT,,assets/images/23_금당고_2학기_기말_고1_기출/q20-solution.svg,ABSENT,,ABSENT,PRESENT,,a7652209433096d65015774cc47f47d47547a8f1262e371169e2b53c31ea4ee8
h1:original/high/h1/2final/23_금당고_2학기_기말_고1_기출.js_21,original/high/h1/2final/23_금당고_2학기_기말_고1_기출.js,H15-SB-03,H15-SB-03-FUNCTION_RELATION,UNADJUDICATED,SOLUTION_CANDIDATE,TRIAGE_NO_GRAPH_SIGNAL,,,ABSENT,,ABSENT,ABSENT,,
h1:original/high/h1/2final/23_금당고_2학기_기말_고1_기출.js_3,original/high/h1/2final/23_금당고_2학기_기말_고1_기출.js,H15-SB-03,H15-SB-03-COMPOSITE_FUNCTION,UNADJUDICATED,SOLUTION_CANDIDATE,PRIORITY_2_GRAPH_SUBUNIT_CANDIDATE,,,ABSENT,,ABSENT,ABSENT,,
h1:original/high/h1/2final/23_금당고_2학기_기말_고1_기출.js_4,original/high/h1/2final/23_금당고_2학기_기말_고1_기출.js,H15-SB-03,H15-SB-03-FUNCTION_RELATION,UNADJUDICATED,PROBLEM_PRESENT_REVIEW,PRIORITY_1_GRAPH_GAP_CANDIDATE,assets/images/23_금당고_2학기_기말_고1_기출/q4.png,,PRESENT,,PRESENT,ABSENT,4b2cb43e7c6fd4fb545266e1b18a932b60b839496460c76f2b4e30f071634707,
h1:original/high/h1/2final/23_금당고_2학기_기말_고1_기출.js_5,original/high/h1/2final/23_금당고_2학기_기말_고1_기출.js,H15-SB-05,H15-SB-05-IRRATIONAL_BASIC,UNADJUDICATED,SOLUTION_CANDIDATE,TRIAGE_NO_GRAPH_SIGNAL,,,ABSENT,,ABSENT,ABSENT,,
h1:original/high/h1/2final/23_금당고_2학기_기말_고1_기출.js_6,original/high/h1/2final/23_금당고_2학기_기말_고1_기출.js,H15-SB-04,H15-SB-04-RATIONAL_BASIC,UNADJUDICATED,SOLUTION_CANDIDATE,TRIAGE_NO_GRAPH_SIGNAL,,,ABSENT,,ABSENT,ABSENT,,
h1:original/high/h1/2final/23_금당고_2학기_기말_고1_기출.js_7,original/high/h1/2final/23_금당고_2학기_기말_고1_기출.js,H15-SB-04,H15-SB-04-RATIONAL_GRAPH,UNADJUDICATED,SOLUTION_CANDIDATE,SOLUTION_VISUAL_PRESENT,,assets/images/23_금당고_2학기_기말_고1_기출/q07-solution.svg,ABSENT,,ABSENT,PRESENT,,605ed2fa36c243940200955ee550f7655bc4a0674a13436011794930ab0b5bb0
h1:original/high/h1/2final/23_금당고_2학기_기말_고1_기출.js_8,original/high/h1/2final/23_금당고_2학기_기말_고1_기출.js,H15-SB-03,H15-SB-03-INVERSE_FUNCTION,UNADJUDICATED,SOLUTION_CANDIDATE,SOLUTION_VISUAL_PRESENT,,assets/images/23_금당고_2학기_기말_고1_기출/q08-solution.svg,ABSENT,,ABSENT,PRESENT,,b54514acafa5138610a7ec029777d39fb462963e455248b212d38508447792e4
h1:original/high/h1/2final/23_매산여고_2학기_기말_고1_기출.js_1,original/high/h1/2final/23_매산여고_2학기_기말_고1_기출.js,H15-SB-03,H15-SB-03-COMPOSITE_FUNCTION,UNADJUDICATED,SOLUTION_CANDIDATE,PRIORITY_2_GRAPH_SUBUNIT_CANDIDATE,,,ABSENT,,ABSENT,ABSENT,,
h1:original/high/h1/2final/23_매산여고_2학기_기말_고1_기출.js_16,original/high/h1/2final/23_매산여고_2학기_기말_고1_기출.js,H15-SB-05,H15-SB-05-IRRATIONAL_BASIC,UNADJUDICATED,SOLUTION_CANDIDATE,TRIAGE_NO_GRAPH_SIGNAL,,,ABSENT,,ABSENT,ABSENT,,
h1:original/high/h1/2final/23_매산여고_2학기_기말_고1_기출.js_18,original/high/h1/2final/23_매산여고_2학기_기말_고1_기출.js,H15-SB-03,H15-SB-03-FUNCTION_RELATION,UNADJUDICATED,SOLUTION_CANDIDATE,TRIAGE_NO_GRAPH_SIGNAL,,,ABSENT,,ABSENT,ABSENT,,
h1:original/high/h1/2final/23_매산여고_2학기_기말_고1_기출.js_19,original/high/h1/2final/23_매산여고_2학기_기말_고1_기출.js,H15-SB-03,H15-SB-03-FUNCTION_RELATION,UNADJUDICATED,SOLUTION_CANDIDATE,TRIAGE_NO_GRAPH_SIGNAL,,,ABSENT,,ABSENT,ABSENT,,
h1:original/high/h1/2final/23_매산여고_2학기_기말_고1_기출.js_2,original/high/h1/2final/23_매산여고_2학기_기말_고1_기출.js,H15-SB-03,H15-SB-03-COMPOSITE_FUNCTION,UNADJUDICATED,SOLUTION_CANDIDATE,PRIORITY_2_GRAPH_SUBUNIT_CANDIDATE,,,ABSENT,,ABSENT,ABSENT,,
h1:original/high/h1/2final/23_매산여고_2학기_기말_고1_기출.js_20,original/high/h1/2final/23_매산여고_2학기_기말_고1_기출.js,H15-SB-03,H15-SB-03-FUNCTION_RELATION,UNADJUDICATED,SOLUTION_CANDIDATE,TRIAGE_NO_GRAPH_SIGNAL,,,ABSENT,,ABSENT,ABSENT,,
h1:original/high/h1/2final/23_매산여고_2학기_기말_고1_기출.js_21,original/high/h1/2final/23_매산여고_2학기_기말_고1_기출.js,H15-SB-03,H15-SB-03-INVERSE_FUNCTION,UNADJUDICATED,SOLUTION_CANDIDATE,TRIAGE_NO_GRAPH_SIGNAL,,,ABSENT,,ABSENT,ABSENT,,
h1:original/high/h1/2final/23_매산여고_2학기_기말_고1_기출.js_22,original/high/h1/2final/23_매산여고_2학기_기말_고1_기출.js,H15-SB-05,H15-SB-05-IRRATIONAL_BASIC,UNADJUDICATED,SOLUTION_CANDIDATE,SOLUTION_VISUAL_PRESENT,,assets/images/23_매산여고_2학기_기말_고1_기출/q22-solution.svg,ABSENT,,ABSENT,PRESENT,,5569f35387cd6bc9058de33c079ff69ab41bc7a26b528b38d5a5689354dc760d
h1:original/high/h1/2final/23_매산여고_2학기_기말_고1_기출.js_3,original/high/h1/2final/23_매산여고_2학기_기말_고1_기출.js,H15-SB-03,H15-SB-03-COMPOSITE_FUNCTION,UNADJUDICATED,PROBLEM_PRESENT_REVIEW,PRIORITY_1_GRAPH_GAP_CANDIDATE,assets/images/23_매산여고_2학기_기말_고1_기출/q3.png,,PRESENT,,PRESENT,ABSENT,5792e9bcd78919c9e360c78f2011e5268c10917bfe12f7dc1246680bfa9e4324,
h1:original/high/h1/2final/23_매산여고_2학기_기말_고1_기출.js_4,original/high/h1/2final/23_매산여고_2학기_기말_고1_기출.js,H15-SB-03,H15-SB-03-FUNCTION_RELATION,UNADJUDICATED,SOLUTION_CANDIDATE,TRIAGE_NO_GRAPH_SIGNAL,,,ABSENT,,ABSENT,ABSENT,,
h1:original/high/h1/2final/23_매산여고_2학기_기말_고1_기출.js_5,original/high/h1/2final/23_매산여고_2학기_기말_고1_기출.js,H15-SB-04,H15-SB-04-RATIONAL_BASIC,UNADJUDICATED,SOLUTION_CANDIDATE,TRIAGE_NO_GRAPH_SIGNAL,,,ABSENT,,ABSENT,ABSENT,,
h1:original/high/h1/2final/23_매산여고_2학기_기말_고1_기출.js_6,original/high/h1/2final/23_매산여고_2학기_기말_고1_기출.js,H15-SB-04,H15-SB-04-RATIONAL_GRAPH,UNADJUDICATED,SOLUTION_CANDIDATE,PRIORITY_1_EXPLICIT_GRAPH_CANDIDATE,,,ABSENT,,ABSENT,ABSENT,,
h1:original/high/h1/2final/23_매산여고_2학기_기말_고1_기출.js_7,original/high/h1/2final/23_매산여고_2학기_기말_고1_기출.js,H15-SB-04,H15-SB-04-RATIONAL_BASIC,UNADJUDICATED,SOLUTION_CANDIDATE,PRIORITY_1_EXPLICIT_GRAPH_CANDIDATE,,,ABSENT,,ABSENT,ABSENT,,
h1:original/high/h1/2final/23_매산여고_2학기_기말_고1_기출.js_8,original/high/h1/2final/23_매산여고_2학기_기말_고1_기출.js,H15-SB-05,H15-SB-05-IRRATIONAL_BASIC,UNADJUDICATED,SOLUTION_CANDIDATE,PRIORITY_1_EXPLICIT_GRAPH_CANDIDATE,,,ABSENT,,ABSENT,ABSENT,,
h1:original/high/h1/2final/23_매산여고_2학기_기말_고1_기출.js_9,original/high/h1/2final/23_매산여고_2학기_기말_고1_기출.js,H15-SB-05,H15-SB-05-IRRATIONAL_BASIC,UNADJUDICATED,SOLUTION_CANDIDATE,SOLUTION_VISUAL_PRESENT,,assets/images/23_매산여고_2학기_기말_고1_기출/q09-solution.svg,ABSENT,,ABSENT,PRESENT,,6accd39a43031a442228bc62b375e70a0633d62493b2443f7cda248a78372550
h1:original/high/h1/2final/24_강남여고_2학기_기말_고1_기출.js_1,original/high/h1/2final/24_강남여고_2학기_기말_고1_기출.js,H15-SB-04,H15-SB-04-RATIONAL_BASIC,UNADJUDICATED,SOLUTION_CANDIDATE,TRIAGE_NO_GRAPH_SIGNAL,,,ABSENT,,ABSENT,ABSENT,,
h1:original/high/h1/2final/24_강남여고_2학기_기말_고1_기출.js_10,original/high/h1/2final/24_강남여고_2학기_기말_고1_기출.js,H15-SB-05,H15-SB-05-IRRATIONAL_BASIC,UNADJUDICATED,SOLUTION_CANDIDATE,TRIAGE_NO_GRAPH_SIGNAL,,,ABSENT,,ABSENT,ABSENT,,
h1:original/high/h1/2final/24_강남여고_2학기_기말_고1_기출.js_13,original/high/h1/2final/24_강남여고_2학기_기말_고1_기출.js,H15-SB-03,H15-SB-03-COMPOSITE_FUNCTION,UNADJUDICATED,SOLUTION_CANDIDATE,PRIORITY_2_GRAPH_SUBUNIT_CANDIDATE,,,ABSENT,,ABSENT,ABSENT,,
h1:original/high/h1/2final/24_강남여고_2학기_기말_고1_기출.js_14,original/high/h1/2final/24_강남여고_2학기_기말_고1_기출.js,H15-SB-05,H15-SB-05-IRRATIONAL_BASIC,UNADJUDICATED,SOLUTION_CANDIDATE,TRIAGE_NO_GRAPH_SIGNAL,,,ABSENT,,ABSENT,ABSENT,,
h1:original/high/h1/2final/24_강남여고_2학기_기말_고1_기출.js_16,original/high/h1/2final/24_강남여고_2학기_기말_고1_기출.js,H15-SB-05,H15-SB-05-IRRATIONAL_GRAPH,UNADJUDICATED,PROBLEM_PRESENT_REVIEW,PRIORITY_1_GRAPH_GAP_CANDIDATE,assets/images/24_강남여고_2학기_기말_고1_기출/q16.png,,PRESENT,,PRESENT,ABSENT,b2823947db1f54a4ac6b7a06087754fbe6942ab3e51c7fc19bfe4fdd6d819b7b,
h1:original/high/h1/2final/24_강남여고_2학기_기말_고1_기출.js_17,original/high/h1/2final/24_강남여고_2학기_기말_고1_기출.js,H15-SB-03,H15-SB-03-COMPOSITE_FUNCTION,UNADJUDICATED,SOLUTION_CANDIDATE,PRIORITY_2_GRAPH_SUBUNIT_CANDIDATE,,,ABSENT,,ABSENT,ABSENT,,
h1:original/high/h1/2final/24_강남여고_2학기_기말_고1_기출.js_2,original/high/h1/2final/24_강남여고_2학기_기말_고1_기출.js,H15-SB-05,H15-SB-05-IRRATIONAL_BASIC,UNADJUDICATED,SOLUTION_CANDIDATE,TRIAGE_NO_GRAPH_SIGNAL,,,ABSENT,,ABSENT,ABSENT,,
h1:original/high/h1/2final/24_강남여고_2학기_기말_고1_기출.js_21,original/high/h1/2final/24_강남여고_2학기_기말_고1_기출.js,H15-SB-04,H15-SB-04-RATIONAL_BASIC,UNADJUDICATED,SOLUTION_CANDIDATE,TRIAGE_NO_GRAPH_SIGNAL,,,ABSENT,,ABSENT,ABSENT,,
h1:original/high/h1/2final/24_강남여고_2학기_기말_고1_기출.js_24,original/high/h1/2final/24_강남여고_2학기_기말_고1_기출.js,H15-SB-05,H15-SB-05-IRRATIONAL_GRAPH,UNADJUDICATED,PROBLEM_PRESENT_REVIEW,PRIORITY_1_GRAPH_GAP_CANDIDATE,assets/images/24_강남여고_2학기_기말_고1_기출/q24.png,,PRESENT,,PRESENT,ABSENT,5b681a1c1eec07c7f25e91c535c5a71429aa6e62be50e44f336ac8e2a45e1a5a,
h1:original/high/h1/2final/24_강남여고_2학기_기말_고1_기출.js_5,original/high/h1/2final/24_강남여고_2학기_기말_고1_기출.js,H15-SB-04,H15-SB-04-RATIONAL_BASIC,UNADJUDICATED,SOLUTION_CANDIDATE,TRIAGE_NO_GRAPH_SIGNAL,,,ABSENT,,ABSENT,ABSENT,,
h1:original/high/h1/2final/24_강남여고_2학기_기말_고1_기출.js_6,original/high/h1/2final/24_강남여고_2학기_기말_고1_기출.js,H15-SB-05,H15-SB-05-IRRATIONAL_BASIC,UNADJUDICATED,SOLUTION_CANDIDATE,SOLUTION_VISUAL_PRESENT,,assets/images/24_강남여고_2학기_기말_고1_기출/q06-solution.svg,ABSENT,,ABSENT,PRESENT,,e67dd64a79d3e14bef29dfe908a463f89e9eded77a0ee76f5aa70e9dfc06dda4
h1:original/high/h1/2final/24_강남여고_2학기_기말_고1_기출.js_9,original/high/h1/2final/24_강남여고_2학기_기말_고1_기출.js,H15-SB-04,H15-SB-04-RATIONAL_GRAPH,UNADJUDICATED,PROBLEM_PRESENT_REVIEW,PRIORITY_1_GRAPH_GAP_CANDIDATE,assets/images/24_강남여고_2학기_기말_고1_기출/q9.png,,PRESENT,,PRESENT,ABSENT,fe3f511a3428007f8b8fe618b702c477a6055a90e7530d59b599777cef553950,
h1:original/high/h1/2final/24_금당고_2학기_기말_고1_기출.js_10,original/high/h1/2final/24_금당고_2학기_기말_고1_기출.js,H15-SB-05,H15-SB-05-IRRATIONAL_INVERSE,UNADJUDICATED,SOLUTION_CANDIDATE,SOLUTION_VISUAL_PRESENT,,assets/images/24_금당고_2학기_기말_고1_기출/q10-solution.svg,ABSENT,,ABSENT,PRESENT,,89bd9cee504c04b9e5c576cfbfd2b93873acd571d81c5132204aa6137d4de2b8
h1:original/high/h1/2final/24_금당고_2학기_기말_고1_기출.js_11,original/high/h1/2final/24_금당고_2학기_기말_고1_기출.js,H15-SB-05,H15-SB-05-IRRATIONAL_GRAPH,UNADJUDICATED,SOLUTION_CANDIDATE,SOLUTION_VISUAL_PRESENT,,assets/images/24_금당고_2학기_기말_고1_기출/q11-solution.svg,ABSENT,,ABSENT,PRESENT,,d25937eb1d34b51d205d55b4ad40cc33e5633efe35011adf46c79bbe5e7c4dc8
h1:original/high/h1/2final/24_금당고_2학기_기말_고1_기출.js_13,original/high/h1/2final/24_금당고_2학기_기말_고1_기출.js,H15-SB-03,H15-SB-03-COMPOSITE_FUNCTION,UNADJUDICATED,SOLUTION_CANDIDATE,PRIORITY_2_GRAPH_SUBUNIT_CANDIDATE,,,ABSENT,,ABSENT,ABSENT,,
h1:original/high/h1/2final/24_금당고_2학기_기말_고1_기출.js_14,original/high/h1/2final/24_금당고_2학기_기말_고1_기출.js,H15-SB-03,H15-SB-03-FUNCTION_RELATION,UNADJUDICATED,SOLUTION_CANDIDATE,SOLUTION_VISUAL_PRESENT,,assets/images/24_금당고_2학기_기말_고1_기출/q14-solution.svg,ABSENT,,ABSENT,PRESENT,,5ee33fdc11fe5300ee96ecd3d3d9cdf146598ad1242ce64aa4b7915da56ddb35
h1:original/high/h1/2final/24_금당고_2학기_기말_고1_기출.js_15,original/high/h1/2final/24_금당고_2학기_기말_고1_기출.js,H15-SB-04,H15-SB-04-RATIONAL_GRAPH,UNADJUDICATED,PROBLEM_PRESENT_REVIEW,PRIORITY_1_GRAPH_GAP_CANDIDATE,assets/images/24_금당고_2학기_기말_고1_기출/q15.png,,PRESENT,,PRESENT,ABSENT,0faaed97573ba34d68c8a5f6028c88356d6e8e709e49d0a1400c8bd686f880cb,
h1:original/high/h1/2final/24_금당고_2학기_기말_고1_기출.js_16,original/high/h1/2final/24_금당고_2학기_기말_고1_기출.js,H15-SB-04,H15-SB-04-RATIONAL_GRAPH,UNADJUDICATED,SOLUTION_CANDIDATE,SOLUTION_VISUAL_PRESENT,,assets/images/24_금당고_2학기_기말_고1_기출/q16-solution.svg,ABSENT,,ABSENT,PRESENT,,86c0ceba192269165023de71721a0c574c991541e496c61ce7e8305c0f7eaa70
h1:original/high/h1/2final/24_금당고_2학기_기말_고1_기출.js_17,original/high/h1/2final/24_금당고_2학기_기말_고1_기출.js,H15-SB-03,H15-SB-03-INVERSE_FUNCTION,UNADJUDICATED,PROBLEM_PRESENT_REVIEW,PRIORITY_1_GRAPH_GAP_CANDIDATE,assets/images/24_금당고_2학기_기말_고1_기출/q17.png,,PRESENT,,PRESENT,ABSENT,2ab1abf6bb129a2bf2d3162652922c7c68bf5918232d777ccfc72440080fddf5,
h1:original/high/h1/2final/24_금당고_2학기_기말_고1_기출.js_18,original/high/h1/2final/24_금당고_2학기_기말_고1_기출.js,H15-SB-05,H15-SB-05-IRRATIONAL_GRAPH,UNADJUDICATED,SOLUTION_CANDIDATE,SOLUTION_VISUAL_PRESENT,,assets/images/24_금당고_2학기_기말_고1_기출/q18-solution.svg,ABSENT,,ABSENT,PRESENT,,207ff14df0112bf380b3069b4c8fce29613392774555a6e9182596e6d39701b7
h1:original/high/h1/2final/24_금당고_2학기_기말_고1_기출.js_2,original/high/h1/2final/24_금당고_2학기_기말_고1_기출.js,H15-SB-04,H15-SB-04-RATIONAL_BASIC,UNADJUDICATED,SOLUTION_CANDIDATE,TRIAGE_NO_GRAPH_SIGNAL,,,ABSENT,,ABSENT,ABSENT,,
h1:original/high/h1/2final/24_금당고_2학기_기말_고1_기출.js_20,original/high/h1/2final/24_금당고_2학기_기말_고1_기출.js,H15-SB-05,H15-SB-05-IRRATIONAL_GRAPH,UNADJUDICATED,SOLUTION_CANDIDATE,PRIORITY_1_EXPLICIT_GRAPH_CANDIDATE,,,ABSENT,,ABSENT,ABSENT,,
h1:original/high/h1/2final/24_금당고_2학기_기말_고1_기출.js_21,original/high/h1/2final/24_금당고_2학기_기말_고1_기출.js,H15-SB-04,H15-SB-04-RATIONAL_GRAPH,UNADJUDICATED,SOLUTION_CANDIDATE,PRIORITY_1_EXPLICIT_GRAPH_CANDIDATE,,,ABSENT,,ABSENT,ABSENT,,
h1:original/high/h1/2final/24_금당고_2학기_기말_고1_기출.js_3,original/high/h1/2final/24_금당고_2학기_기말_고1_기출.js,H15-SB-04,H15-SB-04-RATIONAL_GRAPH,UNADJUDICATED,SOLUTION_CANDIDATE,SOLUTION_VISUAL_PRESENT,,assets/images/24_금당고_2학기_기말_고1_기출/q03-solution.svg,ABSENT,,ABSENT,PRESENT,,5e0b5acca8a80904877d49043664e4b4ef73581ba2f3b1ab90ecbdf8db89ea8f
h1:original/high/h1/2final/24_금당고_2학기_기말_고1_기출.js_5,original/high/h1/2final/24_금당고_2학기_기말_고1_기출.js,H15-SB-05,H15-SB-05-IRRATIONAL_BASIC,UNADJUDICATED,SOLUTION_CANDIDATE,SOLUTION_VISUAL_PRESENT,,assets/images/24_금당고_2학기_기말_고1_기출/q05-solution.svg,ABSENT,,ABSENT,PRESENT,,750f0d027376a7c4ee3266726ea6b1412b5bf09035dfe9021a3c50881d83bed6
h1:original/high/h1/2final/24_금당고_2학기_기말_고1_기출.js_6,original/high/h1/2final/24_금당고_2학기_기말_고1_기출.js,H15-SB-03,H15-SB-03-INVERSE_FUNCTION,UNADJUDICATED,SOLUTION_CANDIDATE,TRIAGE_NO_GRAPH_SIGNAL,,,ABSENT,,ABSENT,ABSENT,,
h1:original/high/h1/2final/24_금당고_2학기_기말_고1_기출.js_8,original/high/h1/2final/24_금당고_2학기_기말_고1_기출.js,H15-SB-04,H15-SB-04-RATIONAL_APPLICATION,UNADJUDICATED,SOLUTION_CANDIDATE,PRIORITY_1_EXPLICIT_GRAPH_CANDIDATE,,,ABSENT,,ABSENT,ABSENT,,
h1:original/high/h1/2final/24_금당고_2학기_기말_고1_기출.js_9,original/high/h1/2final/24_금당고_2학기_기말_고1_기출.js,H15-SB-03,H15-SB-03-INVERSE_FUNCTION,UNADJUDICATED,SOLUTION_CANDIDATE,TRIAGE_NO_GRAPH_SIGNAL,,,ABSENT,,ABSENT,ABSENT,,
h1:original/high/h1/2final/24_매산여고_2학기_기말_고1_기출.js_1,original/high/h1/2final/24_매산여고_2학기_기말_고1_기출.js,H15-SB-03,H15-SB-03-FUNCTION_RELATION,UNADJUDICATED,SOLUTION_CANDIDATE,TRIAGE_NO_GRAPH_SIGNAL,,,ABSENT,,ABSENT,ABSENT,,
h1:original/high/h1/2final/24_매산여고_2학기_기말_고1_기출.js_15,original/high/h1/2final/24_매산여고_2학기_기말_고1_기출.js,H15-SB-04,H15-SB-04-RATIONAL_GRAPH,UNADJUDICATED,PROBLEM_PRESENT_REVIEW,PRIORITY_1_GRAPH_GAP_CANDIDATE,assets/images/24_매산여고_2학기_기말_고1_기출/q15.png,,PRESENT,,PRESENT,ABSENT,1501f7c273fb65b6350393bb684b077e36229b0019f77d194db43a0d1c8d1ff4,
h1:original/high/h1/2final/24_매산여고_2학기_기말_고1_기출.js_16,original/high/h1/2final/24_매산여고_2학기_기말_고1_기출.js,H15-SB-05,H15-SB-05-IRRATIONAL_BASIC,UNADJUDICATED,SOLUTION_CANDIDATE,TRIAGE_NO_GRAPH_SIGNAL,,,ABSENT,,ABSENT,ABSENT,,
h1:original/high/h1/2final/24_매산여고_2학기_기말_고1_기출.js_17,original/high/h1/2final/24_매산여고_2학기_기말_고1_기출.js,H15-SB-05,H15-SB-05-IRRATIONAL_BASIC,UNADJUDICATED,SOLUTION_CANDIDATE,TRIAGE_NO_GRAPH_SIGNAL,,,ABSENT,,ABSENT,ABSENT,,
h1:original/high/h1/2final/24_매산여고_2학기_기말_고1_기출.js_18,original/high/h1/2final/24_매산여고_2학기_기말_고1_기출.js,H15-SB-05,H15-SB-05-IRRATIONAL_BASIC,UNADJUDICATED,SOLUTION_CANDIDATE,PRIORITY_1_EXPLICIT_GRAPH_CANDIDATE,,,ABSENT,,ABSENT,ABSENT,,
h1:original/high/h1/2final/24_매산여고_2학기_기말_고1_기출.js_2,original/high/h1/2final/24_매산여고_2학기_기말_고1_기출.js,H15-SB-03,H15-SB-03-COMPOSITE_FUNCTION,UNADJUDICATED,SOLUTION_CANDIDATE,PRIORITY_2_GRAPH_SUBUNIT_CANDIDATE,,,ABSENT,,ABSENT,ABSENT,,
h1:original/high/h1/2final/24_매산여고_2학기_기말_고1_기출.js_21,original/high/h1/2final/24_매산여고_2학기_기말_고1_기출.js,H15-SB-03,H15-SB-03-FUNCTION_RELATION,UNADJUDICATED,SOLUTION_CANDIDATE,TRIAGE_NO_GRAPH_SIGNAL,,,ABSENT,,ABSENT,ABSENT,,
h1:original/high/h1/2final/24_매산여고_2학기_기말_고1_기출.js_22,original/high/h1/2final/24_매산여고_2학기_기말_고1_기출.js,H15-SB-04,H15-SB-04-RATIONAL_GRAPH,UNADJUDICATED,SOLUTION_CANDIDATE,SOLUTION_VISUAL_PRESENT,,assets/images/24_매산여고_2학기_기말_고1_기출/q22-solution.svg,ABSENT,,ABSENT,PRESENT,,0483f02dd6d8ebbd697d7fcf4e446d2c4455056aee9c2b369207260065f60cd2
h1:original/high/h1/2final/24_매산여고_2학기_기말_고1_기출.js_23,original/high/h1/2final/24_매산여고_2학기_기말_고1_기출.js,H15-SB-05,H15-SB-05-IRRATIONAL_INVERSE,UNADJUDICATED,SOLUTION_CANDIDATE,SOLUTION_VISUAL_PRESENT,,assets/images/24_매산여고_2학기_기말_고1_기출/q23-solution.svg,ABSENT,,ABSENT,PRESENT,,509fd9f84bae09bf277a723470aa73d62fee060deee5c512cc4158641d81597a
h1:original/high/h1/2final/24_매산여고_2학기_기말_고1_기출.js_3,original/high/h1/2final/24_매산여고_2학기_기말_고1_기출.js,H15-SB-04,H15-SB-04-RATIONAL_GRAPH,UNADJUDICATED,SOLUTION_CANDIDATE,SOLUTION_VISUAL_PRESENT,,assets/images/24_매산여고_2학기_기말_고1_기출/q03-solution.svg,ABSENT,,ABSENT,PRESENT,,2e389a34b0e0edc5fff6232a85206d2aa0b79bd6c5d1df22640a0d764d607f16
h1:original/high/h1/2final/24_매산여고_2학기_기말_고1_기출.js_4,original/high/h1/2final/24_매산여고_2학기_기말_고1_기출.js,H15-SB-05,H15-SB-05-IRRATIONAL_BASIC,UNADJUDICATED,PROBLEM_PRESENT_REVIEW,PRIORITY_1_GRAPH_GAP_CANDIDATE,assets/images/24_매산여고_2학기_기말_고1_기출/q4.png,,PRESENT,,PRESENT,ABSENT,9efae2ab49574d643e3461c5dd34e30b9dcd00f457c2cd9f626175c5b54102fc,
h1:original/high/h1/2final/24_매산여고_2학기_기말_고1_기출.js_5,original/high/h1/2final/24_매산여고_2학기_기말_고1_기출.js,H15-SB-04,H15-SB-04-RATIONAL_GRAPH,UNADJUDICATED,SOLUTION_CANDIDATE,SOLUTION_VISUAL_PRESENT,,assets/images/24_매산여고_2학기_기말_고1_기출/q05-solution.svg,ABSENT,,ABSENT,PRESENT,,7e1f13542cb7deea250c3611793ac4c8a00eab5b62670ecd159a5fa87e7eef4a
h1:original/high/h1/2final/24_매산여고_2학기_기말_고1_기출.js_6,original/high/h1/2final/24_매산여고_2학기_기말_고1_기출.js,H15-SB-05,H15-SB-05-IRRATIONAL_BASIC,UNADJUDICATED,SOLUTION_CANDIDATE,SOLUTION_VISUAL_PRESENT,,assets/images/24_매산여고_2학기_기말_고1_기출/q06-solution.svg,ABSENT,,ABSENT,PRESENT,,1fbeecb518f4966d0368e1944ff36a86f01dbc642c1472cdf23cc26a41284115
h1:original/high/h1/2final/24_매산여고_2학기_기말_고1_기출.js_7,original/high/h1/2final/24_매산여고_2학기_기말_고1_기출.js,H15-SB-04,H15-SB-04-RATIONAL_GRAPH,UNADJUDICATED,SOLUTION_CANDIDATE,SOLUTION_VISUAL_PRESENT,,assets/images/24_매산여고_2학기_기말_고1_기출/q07-solution.svg,ABSENT,,ABSENT,PRESENT,,4b163268593a98897c4ff5fb893129d139db8eb6827469dd9bc2538d4cd576f1
h1:original/high/h1/2final/24_제일고_2학기_기말_고1_기출.js_10,original/high/h1/2final/24_제일고_2학기_기말_고1_기출.js,H15-SB-04,H15-SB-04-RATIONAL_BASIC,UNADJUDICATED,SOLUTION_CANDIDATE,TRIAGE_NO_GRAPH_SIGNAL,,,ABSENT,,ABSENT,ABSENT,,
h1:original/high/h1/2final/24_제일고_2학기_기말_고1_기출.js_11,original/high/h1/2final/24_제일고_2학기_기말_고1_기출.js,H15-SB-04,H15-SB-04-RATIONAL_GRAPH,UNADJUDICATED,SOLUTION_CANDIDATE,SOLUTION_VISUAL_PRESENT,,assets/images/24_제일고_2학기_기말_고1_기출/q11-solution.svg,ABSENT,,ABSENT,PRESENT,,7caef505c0d0448d440b219654ccae08ca4fc1b584d21b9df1bdeee79013e327
h1:original/high/h1/2final/24_제일고_2학기_기말_고1_기출.js_12,original/high/h1/2final/24_제일고_2학기_기말_고1_기출.js,H15-SB-05,H15-SB-05-IRRATIONAL_BASIC,UNADJUDICATED,SOLUTION_CANDIDATE,SOLUTION_VISUAL_PRESENT,,assets/images/24_제일고_2학기_기말_고1_기출/q12-solution.svg,ABSENT,,ABSENT,PRESENT,,c006f007559d4935a6a87098802c3d42d0802512e645b1b103f9d318bbef4093
h1:original/high/h1/2final/24_제일고_2학기_기말_고1_기출.js_13,original/high/h1/2final/24_제일고_2학기_기말_고1_기출.js,H15-SB-04,H15-SB-04-RATIONAL_BASIC,UNADJUDICATED,SOLUTION_CANDIDATE,SOLUTION_VISUAL_PRESENT,,assets/images/24_제일고_2학기_기말_고1_기출/q13-solution.svg,ABSENT,,ABSENT,PRESENT,,e74842149fd8f4bb403f97330b9138e4c325a44f95d6b827d06217f4053104a2
h1:original/high/h1/2final/24_제일고_2학기_기말_고1_기출.js_14,original/high/h1/2final/24_제일고_2학기_기말_고1_기출.js,H15-SB-05,H15-SB-05-IRRATIONAL_BASIC,UNADJUDICATED,SOLUTION_CANDIDATE,TRIAGE_NO_GRAPH_SIGNAL,,,ABSENT,,ABSENT,ABSENT,,
h1:original/high/h1/2final/24_제일고_2학기_기말_고1_기출.js_15,original/high/h1/2final/24_제일고_2학기_기말_고1_기출.js,H15-SB-05,H15-SB-05-IRRATIONAL_BASIC,UNADJUDICATED,SOLUTION_CANDIDATE,PRIORITY_1_EXPLICIT_GRAPH_CANDIDATE,,,ABSENT,,ABSENT,ABSENT,,
h1:original/high/h1/2final/24_제일고_2학기_기말_고1_기출.js_16,original/high/h1/2final/24_제일고_2학기_기말_고1_기출.js,H15-SB-04,H15-SB-04-RATIONAL_BASIC,UNADJUDICATED,SOLUTION_CANDIDATE,PRIORITY_1_EXPLICIT_GRAPH_CANDIDATE,,,ABSENT,,ABSENT,ABSENT,,
h1:original/high/h1/2final/24_제일고_2학기_기말_고1_기출.js_17,original/high/h1/2final/24_제일고_2학기_기말_고1_기출.js,H15-SB-04,H15-SB-04-RATIONAL_GRAPH,UNADJUDICATED,SOLUTION_CANDIDATE,PRIORITY_1_EXPLICIT_GRAPH_CANDIDATE,,,ABSENT,,ABSENT,ABSENT,,
h1:original/high/h1/2final/24_제일고_2학기_기말_고1_기출.js_18,original/high/h1/2final/24_제일고_2학기_기말_고1_기출.js,H15-SB-05,H15-SB-05-IRRATIONAL_GRAPH,UNADJUDICATED,PROBLEM_PRESENT_REVIEW,PRIORITY_1_GRAPH_GAP_CANDIDATE,assets/images/24_제일고_2학기_기말_고1_기출/q18.png,,PRESENT,,PRESENT,ABSENT,9df153cbf0ddc874b651dc069cd634d46b3b48c415fdc834ff10efe64ec16e01,
h1:original/high/h1/2final/24_제일고_2학기_기말_고1_기출.js_21,original/high/h1/2final/24_제일고_2학기_기말_고1_기출.js,H15-SB-04,H15-SB-04-RATIONAL_BASIC,UNADJUDICATED,SOLUTION_CANDIDATE,TRIAGE_NO_GRAPH_SIGNAL,,,ABSENT,,ABSENT,ABSENT,,
h1:original/high/h1/2final/24_제일고_2학기_기말_고1_기출.js_22,original/high/h1/2final/24_제일고_2학기_기말_고1_기출.js,H15-SB-05,H15-SB-05-IRRATIONAL_GRAPH,UNADJUDICATED,SOLUTION_CANDIDATE,SOLUTION_VISUAL_PRESENT,,assets/images/24_제일고_2학기_기말_고1_기출/q22-solution.svg,ABSENT,,ABSENT,PRESENT,,87ab19fc0702e3e2ec4e12b9e8718a101bff90e22519d7ce605eeb1bca9ed76d
h1:original/high/h1/2final/25_금당고_2학기_기말_고1_기출.js_10,original/high/h1/2final/25_금당고_2학기_기말_고1_기출.js,H22-C2-09,H22-C2-09-FUNCTION_BASIC,UNADJUDICATED,SOLUTION_CANDIDATE,TRIAGE_NO_GRAPH_SIGNAL,,,ABSENT,,ABSENT,ABSENT,,
h1:original/high/h1/2final/25_금당고_2학기_기말_고1_기출.js_14,original/high/h1/2final/25_금당고_2학기_기말_고1_기출.js,H22-C2-07,H22-C2-07-FUNCTION_COMPOSITION,UNADJUDICATED,SOLUTION_CANDIDATE,TRIAGE_NO_GRAPH_SIGNAL,,,ABSENT,,ABSENT,ABSENT,,
h1:original/high/h1/2final/25_금당고_2학기_기말_고1_기출.js_15,original/high/h1/2final/25_금당고_2학기_기말_고1_기출.js,H22-C2-07,H22-C2-07-FUNCTION_BASIC,UNADJUDICATED,SOLUTION_CANDIDATE,SOLUTION_VISUAL_PRESENT,,assets/images/25_금당고_2학기_기말_고1_기출/q15-solution.svg,ABSENT,,ABSENT,PRESENT,,3a881f4f0bf3887602b8cc21a095bbc0adfd08c6228e88af73429a9dfb7cf4da
h1:original/high/h1/2final/25_금당고_2학기_기말_고1_기출.js_16,original/high/h1/2final/25_금당고_2학기_기말_고1_기출.js,H22-C2-09,H22-C2-09-FUNCTION_BASIC,UNADJUDICATED,PROBLEM_PRESENT_REVIEW,PRIORITY_1_GRAPH_GAP_CANDIDATE,assets/images/25_금당고_2학기_기말_고1_기출/q16.png,,PRESENT,,PRESENT,ABSENT,67139371d8dc2faed6a958072bca393a5de3f070a595b5bac1bb1b316cbed88f,
h1:original/high/h1/2final/25_금당고_2학기_기말_고1_기출.js_19,original/high/h1/2final/25_금당고_2학기_기말_고1_기출.js,H22-C2-07,H22-C2-07-FUNCTION_BASIC,UNADJUDICATED,SOLUTION_CANDIDATE,TRIAGE_NO_GRAPH_SIGNAL,,,ABSENT,,ABSENT,ABSENT,,
h1:original/high/h1/2final/25_금당고_2학기_기말_고1_기출.js_20,original/high/h1/2final/25_금당고_2학기_기말_고1_기출.js,H22-C2-07,H22-C2-07-FUNCTION_BASIC,UNADJUDICATED,SOLUTION_CANDIDATE,TRIAGE_NO_GRAPH_SIGNAL,,,ABSENT,,ABSENT,ABSENT,,
h1:original/high/h1/2final/25_금당고_2학기_기말_고1_기출.js_22,original/high/h1/2final/25_금당고_2학기_기말_고1_기출.js,H22-C2-09,H22-C2-09-FUNCTION_BASIC,UNADJUDICATED,SOLUTION_CANDIDATE,SOLUTION_VISUAL_PRESENT,,assets/images/25_금당고_2학기_기말_고1_기출/q22-solution.svg,ABSENT,,ABSENT,PRESENT,,5713a3cba53ba07a739341a783ccf45fccb3a2ab933bbc875589d9fea04a71f2
h1:original/high/h1/2final/25_금당고_2학기_기말_고1_기출.js_6,original/high/h1/2final/25_금당고_2학기_기말_고1_기출.js,H22-C2-07,H22-C2-07-FUNCTION_BASIC,UNADJUDICATED,PROBLEM_PRESENT_REVIEW,PRIORITY_1_GRAPH_GAP_CANDIDATE,assets/images/25_금당고_2학기_기말_고1_기출/q06.png,,PRESENT,,PRESENT,ABSENT,d39a7dd01f2c5b3fbd5d0445f98c0a0a228425f6d9cd00b0362b6b75b609a657,
h1:original/high/h1/2final/25_금당고_2학기_기말_고1_기출.js_7,original/high/h1/2final/25_금당고_2학기_기말_고1_기출.js,H22-C2-07,H22-C2-07-FUNCTION_COMPOSITION,UNADJUDICATED,SOLUTION_CANDIDATE,TRIAGE_NO_GRAPH_SIGNAL,,,ABSENT,,ABSENT,ABSENT,,
h1:original/high/h1/2final/25_금당고_2학기_기말_고1_기출.js_8,original/high/h1/2final/25_금당고_2학기_기말_고1_기출.js,H22-C2-07,H22-C2-07-FUNCTION_BASIC,UNADJUDICATED,SOLUTION_CANDIDATE,TRIAGE_NO_GRAPH_SIGNAL,,,ABSENT,,ABSENT,ABSENT,,
h1:original/high/h1/2final/25_금당고_2학기_기말_고1_기출.js_9,original/high/h1/2final/25_금당고_2학기_기말_고1_기출.js,H22-C2-08,H22-C2-08-FUNCTION_BASIC,UNADJUDICATED,SOLUTION_CANDIDATE,SOLUTION_VISUAL_PRESENT,,assets/images/25_금당고_2학기_기말_고1_기출/q09-solution.svg,ABSENT,,ABSENT,PRESENT,,9403c69663e410f68b31b5c2c2317833868104dc1307b7ef5a004b1af6dfcb11
h1:original/high/h1/2final/25_순천고_2학기_기말_고1_기출.js_10,original/high/h1/2final/25_순천고_2학기_기말_고1_기출.js,H22-C2-07,H22-C2-07-FUNCTION_BASIC,UNADJUDICATED,PROBLEM_PRESENT_REVIEW,PRIORITY_1_GRAPH_GAP_CANDIDATE,assets/images/25_순천고_2학기_기말_고1_기출/q10.png,,PRESENT,,PRESENT,ABSENT,9ff29a8b53fc84cfbec62273f6060cf490b3f6422eed8ccf66130bf90b62a22c,
h1:original/high/h1/2final/25_순천고_2학기_기말_고1_기출.js_12,original/high/h1/2final/25_순천고_2학기_기말_고1_기출.js,H22-C2-07,H22-C2-07-FUNCTION_BASIC,UNADJUDICATED,SOLUTION_CANDIDATE,TRIAGE_NO_GRAPH_SIGNAL,,,ABSENT,,ABSENT,ABSENT,,
h1:original/high/h1/2final/25_순천고_2학기_기말_고1_기출.js_13,original/high/h1/2final/25_순천고_2학기_기말_고1_기출.js,H22-C2-08,H22-C2-08-FUNCTION_BASIC,UNADJUDICATED,PROBLEM_PRESENT_REVIEW,SOLUTION_VISUAL_PRESENT,assets/images/25_순천고_2학기_기말_고1_기출/q13.png,assets/images/25_순천고_2학기_기말_고1_기출/q13-solution.svg,PRESENT,,PRESENT,PRESENT,5e81f9c184e74e0a5e04598fa10f8fcae21e10ca4be3f58b199ab232d23aff7a,126901a9d1709feec3a290f252fbb9587de5a55e57224f27b0c94dbf3199ab27
h1:original/high/h1/2final/25_순천고_2학기_기말_고1_기출.js_14,original/high/h1/2final/25_순천고_2학기_기말_고1_기출.js,H22-C2-08,H22-C2-08-FUNCTION_BASIC,UNADJUDICATED,SOLUTION_CANDIDATE,SOLUTION_VISUAL_PRESENT,,assets/images/25_순천고_2학기_기말_고1_기출/q14-solution.svg,ABSENT,,ABSENT,PRESENT,,280d1467b685aa3b8270e316fdd78119df64c273cc26e2937dbef8ffd4924011
h1:original/high/h1/2final/25_순천고_2학기_기말_고1_기출.js_15,original/high/h1/2final/25_순천고_2학기_기말_고1_기출.js,H22-C2-07,H22-C2-07-FUNCTION_BASIC,UNADJUDICATED,SOLUTION_CANDIDATE,SOLUTION_VISUAL_PRESENT,,assets/images/25_순천고_2학기_기말_고1_기출/q15-solution.svg,ABSENT,,ABSENT,PRESENT,,031ca0f8e35252a290c719744a479d8c43c2c4d7df3752146c295c156af58945
h1:original/high/h1/2final/25_순천고_2학기_기말_고1_기출.js_17,original/high/h1/2final/25_순천고_2학기_기말_고1_기출.js,H22-C2-09,H22-C2-09-FUNCTION_BASIC,UNADJUDICATED,SOLUTION_CANDIDATE,SOLUTION_VISUAL_PRESENT,,assets/images/25_순천고_2학기_기말_고1_기출/q17-solution.svg,ABSENT,,ABSENT,PRESENT,,1373b9f7554b5014edcf7f59464bec30a12f7d55343b7bd573f5d723c014098d
h1:original/high/h1/2final/25_순천고_2학기_기말_고1_기출.js_18,original/high/h1/2final/25_순천고_2학기_기말_고1_기출.js,H22-C2-08,H22-C2-08-FUNCTION_BASIC,UNADJUDICATED,SOLUTION_CANDIDATE,SOLUTION_VISUAL_PRESENT,,assets/images/25_순천고_2학기_기말_고1_기출/q18-solution.svg,ABSENT,,ABSENT,PRESENT,,10f4bc681bffd3f4a40ab25c64b41fdc03ad8e7ba23a74538860f2276c8156d1
h1:original/high/h1/2final/25_순천고_2학기_기말_고1_기출.js_19,original/high/h1/2final/25_순천고_2학기_기말_고1_기출.js,H22-C2-08,H22-C2-08-FUNCTION_BASIC,UNADJUDICATED,SOLUTION_CANDIDATE,TRIAGE_NO_GRAPH_SIGNAL,,,ABSENT,,ABSENT,ABSENT,,
h1:original/high/h1/2final/25_순천고_2학기_기말_고1_기출.js_21,original/high/h1/2final/25_순천고_2학기_기말_고1_기출.js,H22-C2-07,H22-C2-07-FUNCTION_BASIC,UNADJUDICATED,SOLUTION_CANDIDATE,TRIAGE_NO_GRAPH_SIGNAL,,,ABSENT,,ABSENT,ABSENT,,
h1:original/high/h1/2final/25_순천고_2학기_기말_고1_기출.js_22,original/high/h1/2final/25_순천고_2학기_기말_고1_기출.js,H22-C2-07,H22-C2-07-FUNCTION_COMPOSITION,UNADJUDICATED,SOLUTION_CANDIDATE,TRIAGE_NO_GRAPH_SIGNAL,,,ABSENT,,ABSENT,ABSENT,,
h1:original/high/h1/2final/25_순천고_2학기_기말_고1_기출.js_23,original/high/h1/2final/25_순천고_2학기_기말_고1_기출.js,H22-C2-09,H22-C2-09-FUNCTION_BASIC,UNADJUDICATED,SOLUTION_CANDIDATE,SOLUTION_VISUAL_PRESENT,,assets/images/25_순천고_2학기_기말_고1_기출/q23-solution.svg,ABSENT,,ABSENT,PRESENT,,b85e6f39b32ec848acbf00a36de0a305254bfccafc1286fe8e58fa2718b63f14
h1:original/high/h1/2final/25_순천고_2학기_기말_고1_기출.js_3,original/high/h1/2final/25_순천고_2학기_기말_고1_기출.js,H22-C2-09,H22-C2-09-FUNCTION_BASIC,UNADJUDICATED,SOLUTION_CANDIDATE,TRIAGE_NO_GRAPH_SIGNAL,,,ABSENT,,ABSENT,ABSENT,,
h1:original/high/h1/2final/25_순천고_2학기_기말_고1_기출.js_4,original/high/h1/2final/25_순천고_2학기_기말_고1_기출.js,H22-C2-07,H22-C2-07-FUNCTION_COMPOSITION,UNADJUDICATED,PROBLEM_PRESENT_REVIEW,PRIORITY_1_GRAPH_GAP_CANDIDATE,assets/images/25_순천고_2학기_기말_고1_기출/q4.png,,PRESENT,,PRESENT,ABSENT,30a3cd4d6c2d4a03ee7559425e32fda7b9ae4f6f2e24942fbd7d912cfb4ca7e1,
h1:original/high/h1/2final/25_순천고_2학기_기말_고1_기출.js_7,original/high/h1/2final/25_순천고_2학기_기말_고1_기출.js,H22-C2-09,H22-C2-09-FUNCTION_BASIC,UNADJUDICATED,SOLUTION_CANDIDATE,TRIAGE_NO_GRAPH_SIGNAL,,,ABSENT,,ABSENT,ABSENT,,
h1:original/high/h1/2final/25_순천고_2학기_기말_고1_기출.js_8,original/high/h1/2final/25_순천고_2학기_기말_고1_기출.js,H22-C2-07,H22-C2-07-FUNCTION_BASIC,UNADJUDICATED,SOLUTION_CANDIDATE,TRIAGE_NO_GRAPH_SIGNAL,,,ABSENT,,ABSENT,ABSENT,,
h1:original/high/h1/2final/25_순천고_2학기_기말_고1_기출.js_9,original/high/h1/2final/25_순천고_2학기_기말_고1_기출.js,H22-C2-07,H22-C2-07-FUNCTION_BASIC,UNADJUDICATED,SOLUTION_CANDIDATE,TRIAGE_NO_GRAPH_SIGNAL,,,ABSENT,,ABSENT,ABSENT,,
h1:original/high/h1/2final/25_제일고_2학기_기말_고1_기출.js_10,original/high/h1/2final/25_제일고_2학기_기말_고1_기출.js,H22-C2-07,H22-C2-07-FUNCTION_BASIC,UNADJUDICATED,PROBLEM_PRESENT_REVIEW,PRIORITY_1_GRAPH_GAP_CANDIDATE,assets/images/25_제일고_2학기_기말_고1_기출/q10.png,,PRESENT,,PRESENT,ABSENT,9ab459f7e6d20f9dfa0fdc210eeed5ea4f11c439d8eaf5fae8875c3a6b928e64,
h1:original/high/h1/2final/25_제일고_2학기_기말_고1_기출.js_11,original/high/h1/2final/25_제일고_2학기_기말_고1_기출.js,H22-C2-09,H22-C2-09-FUNCTION_BASIC,UNADJUDICATED,SOLUTION_CANDIDATE,SOLUTION_VISUAL_PRESENT,,assets/images/25_제일고_2학기_기말_고1_기출/q11-solution.svg,ABSENT,,ABSENT,PRESENT,,c3b870bde68349b8d9bb847a481603e746978c75d086022fd639551550b24ec4
h1:original/high/h1/2final/25_제일고_2학기_기말_고1_기출.js_12,original/high/h1/2final/25_제일고_2학기_기말_고1_기출.js,H22-C2-07,H22-C2-07-FUNCTION_BASIC,UNADJUDICATED,PROBLEM_PRESENT_REVIEW,PRIORITY_1_GRAPH_GAP_CANDIDATE,assets/images/25_제일고_2학기_기말_고1_기출/q12.png,,PRESENT,,PRESENT,ABSENT,0e37b5ca16abf325e8529469db976101fd3b2b966bbcb8443bce7c38d6923ff4,
h1:original/high/h1/2final/25_제일고_2학기_기말_고1_기출.js_13,original/high/h1/2final/25_제일고_2학기_기말_고1_기출.js,H22-C2-08,H22-C2-08-FUNCTION_BASIC,UNADJUDICATED,SOLUTION_CANDIDATE,SOLUTION_VISUAL_PRESENT,,assets/images/25_제일고_2학기_기말_고1_기출/q13-solution.svg,ABSENT,,ABSENT,PRESENT,,74a79bf5662d3c4423186be00a6bc1aa9615ce3696b27a2f2b20bef9bdb97360
h1:original/high/h1/2final/25_제일고_2학기_기말_고1_기출.js_14,original/high/h1/2final/25_제일고_2학기_기말_고1_기출.js,H22-C2-08,H22-C2-08-FUNCTION_BASIC,UNADJUDICATED,SOLUTION_CANDIDATE,SOLUTION_VISUAL_PRESENT,,assets/images/25_제일고_2학기_기말_고1_기출/q14-solution.svg,ABSENT,,ABSENT,PRESENT,,06b8c5b40f326a431887bcadb30b950fdf7acf60e7c4ffdfd5362f57bb6b7e6c
h1:original/high/h1/2final/25_제일고_2학기_기말_고1_기출.js_15,original/high/h1/2final/25_제일고_2학기_기말_고1_기출.js,H22-C2-07,H22-C2-07-FUNCTION_BASIC,UNADJUDICATED,SOLUTION_CANDIDATE,TRIAGE_NO_GRAPH_SIGNAL,,,ABSENT,,ABSENT,ABSENT,,
h1:original/high/h1/2final/25_제일고_2학기_기말_고1_기출.js_16,original/high/h1/2final/25_제일고_2학기_기말_고1_기출.js,H22-C2-08,H22-C2-08-FUNCTION_BASIC,UNADJUDICATED,SOLUTION_CANDIDATE,TRIAGE_NO_GRAPH_SIGNAL,,,ABSENT,,ABSENT,ABSENT,,
h1:original/high/h1/2final/25_제일고_2학기_기말_고1_기출.js_17,original/high/h1/2final/25_제일고_2학기_기말_고1_기출.js,H22-C2-09,H22-C2-09-FUNCTION_BASIC,UNADJUDICATED,PROBLEM_PRESENT_REVIEW,PRIORITY_1_GRAPH_GAP_CANDIDATE,assets/images/25_제일고_2학기_기말_고1_기출/q17.png,,PRESENT,,PRESENT,ABSENT,569b51b660358d391fb64d3318c56212a8dc21b961690d75072a42543468c28c,
h1:original/high/h1/2final/25_제일고_2학기_기말_고1_기출.js_18,original/high/h1/2final/25_제일고_2학기_기말_고1_기출.js,H22-C2-07,H22-C2-07-FUNCTION_BASIC,UNADJUDICATED,SOLUTION_CANDIDATE,SOLUTION_VISUAL_PRESENT,,assets/images/25_제일고_2학기_기말_고1_기출/q18-solution.svg,ABSENT,,ABSENT,PRESENT,,83dfc93c9d63c97c998c1b6451c4a8bddffa17c663eacfc07e26f5f7c7594819
h1:original/high/h1/2final/25_제일고_2학기_기말_고1_기출.js_20,original/high/h1/2final/25_제일고_2학기_기말_고1_기출.js,H22-C2-07,H22-C2-07-FUNCTION_BASIC,UNADJUDICATED,SOLUTION_CANDIDATE,SOLUTION_VISUAL_PRESENT,,assets/images/25_제일고_2학기_기말_고1_기출/q20-solution.svg,ABSENT,,ABSENT,PRESENT,,d1a1414cd3454eef1d44296f5a22319924b14c73a3619c3c0957405f68d0c6b1
h1:original/high/h1/2final/25_제일고_2학기_기말_고1_기출.js_21,original/high/h1/2final/25_제일고_2학기_기말_고1_기출.js,H22-C2-08,H22-C2-08-FUNCTION_BASIC,UNADJUDICATED,SOLUTION_CANDIDATE,TRIAGE_NO_GRAPH_SIGNAL,,,ABSENT,,ABSENT,ABSENT,,
h1:original/high/h1/2final/25_팔마고_2학기_기말_고1_기출.js_1,original/high/h1/2final/25_팔마고_2학기_기말_고1_기출.js,H22-C2-07,H22-C2-07-FUNCTION_BASIC,UNADJUDICATED,PROBLEM_PRESENT_REVIEW,PRIORITY_1_GRAPH_GAP_CANDIDATE,assets/images/25_팔마고_2학기_기말_고1_기출/q01.png,,PRESENT,,PRESENT,ABSENT,aab69ec0ef2acfb9aef68d353f20e81e92add01e4bf68cc70dc4179243b4c1e5,
h1:original/high/h1/2final/25_팔마고_2학기_기말_고1_기출.js_10,original/high/h1/2final/25_팔마고_2학기_기말_고1_기출.js,H22-C2-07,H22-C2-07-FUNCTION_COMPOSITION,UNADJUDICATED,SOLUTION_CANDIDATE,TRIAGE_NO_GRAPH_SIGNAL,,,ABSENT,,ABSENT,ABSENT,,
h1:original/high/h1/2final/25_팔마고_2학기_기말_고1_기출.js_11,original/high/h1/2final/25_팔마고_2학기_기말_고1_기출.js,H22-C2-07,H22-C2-07-FUNCTION_BASIC,UNADJUDICATED,SOLUTION_CANDIDATE,SOLUTION_VISUAL_PRESENT,,assets/images/25_팔마고_2학기_기말_고1_기출/q11-solution.svg,ABSENT,,ABSENT,PRESENT,,1b7b0d95a0d474b322b8b6fd33cb8bef288b24755029dfd4dc71896f16266b5f
h1:original/high/h1/2final/25_팔마고_2학기_기말_고1_기출.js_14,original/high/h1/2final/25_팔마고_2학기_기말_고1_기출.js,H22-C2-07,H22-C2-07-FUNCTION_BASIC,UNADJUDICATED,SOLUTION_CANDIDATE,SOLUTION_VISUAL_PRESENT,,assets/images/25_팔마고_2학기_기말_고1_기출/q14-solution.svg,ABSENT,,ABSENT,PRESENT,,765840a0ba4fbd8af6f4501e3eb17ba684eb2e87f98ae488510699e839270f58
h1:original/high/h1/2final/25_팔마고_2학기_기말_고1_기출.js_15,original/high/h1/2final/25_팔마고_2학기_기말_고1_기출.js,H22-C2-07,H22-C2-07-FUNCTION_COMPOSITION,UNADJUDICATED,SOLUTION_CANDIDATE,TRIAGE_NO_GRAPH_SIGNAL,,,ABSENT,,ABSENT,ABSENT,,
h1:original/high/h1/2final/25_팔마고_2학기_기말_고1_기출.js_16,original/high/h1/2final/25_팔마고_2학기_기말_고1_기출.js,H22-C2-07,H22-C2-07-FUNCTION_BASIC,UNADJUDICATED,SOLUTION_CANDIDATE,TRIAGE_NO_GRAPH_SIGNAL,,,ABSENT,,ABSENT,ABSENT,,
h1:original/high/h1/2final/25_팔마고_2학기_기말_고1_기출.js_17,original/high/h1/2final/25_팔마고_2학기_기말_고1_기출.js,H22-C2-07,H22-C2-07-FUNCTION_BASIC,UNADJUDICATED,SOLUTION_CANDIDATE,TRIAGE_NO_GRAPH_SIGNAL,,,ABSENT,,ABSENT,ABSENT,,
h1:original/high/h1/2final/25_팔마고_2학기_기말_고1_기출.js_18,original/high/h1/2final/25_팔마고_2학기_기말_고1_기출.js,H22-C2-09,H22-C2-09-FUNCTION_BASIC,UNADJUDICATED,PROBLEM_PRESENT_REVIEW,PRIORITY_1_GRAPH_GAP_CANDIDATE,assets/images/25_팔마고_2학기_기말_고1_기출/q18.png,,PRESENT,,PRESENT,ABSENT,8491fec960056130eba5f8b6b913e6a3f9bb13d2194de586f1f1a02962201e9f,
h1:original/high/h1/2final/25_팔마고_2학기_기말_고1_기출.js_19,original/high/h1/2final/25_팔마고_2학기_기말_고1_기출.js,H22-C2-07,H22-C2-07-FUNCTION_BASIC,UNADJUDICATED,PROBLEM_PRESENT_REVIEW,PRIORITY_1_GRAPH_GAP_CANDIDATE,assets/images/25_팔마고_2학기_기말_고1_기출/q19.png,,PRESENT,,PRESENT,ABSENT,017873ddd1360e2c9e40ab6d5b5bbf8ab8b000efbe5ed4c81bcbfd6d5df740a4,
h1:original/high/h1/2final/25_팔마고_2학기_기말_고1_기출.js_2,original/high/h1/2final/25_팔마고_2학기_기말_고1_기출.js,H22-C2-07,H22-C2-07-FUNCTION_COMPOSITION,UNADJUDICATED,PROBLEM_PRESENT_REVIEW,PRIORITY_1_GRAPH_GAP_CANDIDATE,assets/images/25_팔마고_2학기_기말_고1_기출/q02.png,,PRESENT,,PRESENT,ABSENT,776aa74a7f9ef5615644e0a1190a2f88bcff2d29195bdb3f4d6e5b69eda415ea,
h1:original/high/h1/2final/25_팔마고_2학기_기말_고1_기출.js_20,original/high/h1/2final/25_팔마고_2학기_기말_고1_기출.js,H22-C2-07,H22-C2-07-FUNCTION_BASIC,UNADJUDICATED,SOLUTION_CANDIDATE,SOLUTION_VISUAL_PRESENT,,assets/images/25_팔마고_2학기_기말_고1_기출/q20-solution.svg,ABSENT,,ABSENT,PRESENT,,c38d51db37d5fee353f0a46cbe076590d6dd753b2d9fa36df776d3508a688ead
h1:original/high/h1/2final/25_팔마고_2학기_기말_고1_기출.js_21,original/high/h1/2final/25_팔마고_2학기_기말_고1_기출.js,H22-C2-08,H22-C2-08-FUNCTION_BASIC,UNADJUDICATED,SOLUTION_CANDIDATE,TRIAGE_NO_GRAPH_SIGNAL,,,ABSENT,,ABSENT,ABSENT,,
h1:original/high/h1/2final/25_팔마고_2학기_기말_고1_기출.js_22,original/high/h1/2final/25_팔마고_2학기_기말_고1_기출.js,H22-C2-07,H22-C2-07-FUNCTION_COMPOSITION,UNADJUDICATED,SOLUTION_CANDIDATE,TRIAGE_NO_GRAPH_SIGNAL,,,ABSENT,,ABSENT,ABSENT,,
h1:original/high/h1/2final/25_팔마고_2학기_기말_고1_기출.js_23,original/high/h1/2final/25_팔마고_2학기_기말_고1_기출.js,H22-C2-09,H22-C2-09-FUNCTION_BASIC,UNADJUDICATED,SOLUTION_CANDIDATE,SOLUTION_VISUAL_PRESENT,,assets/images/25_팔마고_2학기_기말_고1_기출/q23-solution.svg,ABSENT,,ABSENT,PRESENT,,bbb8519811b5b4494787e557401dd86cd57f469ecd96cd8a39fefd12d3cc3b63
h1:original/high/h1/2final/25_팔마고_2학기_기말_고1_기출.js_3,original/high/h1/2final/25_팔마고_2학기_기말_고1_기출.js,H22-C2-07,H22-C2-07-FUNCTION_INVERSE,UNADJUDICATED,PROBLEM_PRESENT_REVIEW,PRIORITY_1_GRAPH_GAP_CANDIDATE,assets/images/25_팔마고_2학기_기말_고1_기출/q03.png,,PRESENT,,PRESENT,ABSENT,776aa74a7f9ef5615644e0a1190a2f88bcff2d29195bdb3f4d6e5b69eda415ea,
h1:original/high/h1/2final/25_팔마고_2학기_기말_고1_기출.js_4,original/high/h1/2final/25_팔마고_2학기_기말_고1_기출.js,H22-C2-08,H22-C2-08-FUNCTION_BASIC,UNADJUDICATED,SOLUTION_CANDIDATE,SOLUTION_VISUAL_PRESENT,,assets/images/25_팔마고_2학기_기말_고1_기출/q04-solution.svg,ABSENT,,ABSENT,PRESENT,,55dca7ed94d8aed66817c980c60b20f62992852b64f0d054ee5a80c637db64c7
h1:original/high/h1/2final/25_팔마고_2학기_기말_고1_기출.js_5,original/high/h1/2final/25_팔마고_2학기_기말_고1_기출.js,H22-C2-09,H22-C2-09-FUNCTION_BASIC,UNADJUDICATED,PROBLEM_PRESENT_REVIEW,PRIORITY_1_GRAPH_GAP_CANDIDATE,assets/images/25_팔마고_2학기_기말_고1_기출/q05.png,,PRESENT,,PRESENT,ABSENT,ada8eeaf649f604be115d0414dcad3064e6e6c9a2f5404ea9591f503c7b067a3,
h1:original/high/h1/2final/25_팔마고_2학기_기말_고1_기출.js_6,original/high/h1/2final/25_팔마고_2학기_기말_고1_기출.js,H22-C2-08,H22-C2-08-FUNCTION_BASIC,UNADJUDICATED,SOLUTION_CANDIDATE,SOLUTION_VISUAL_PRESENT,,assets/images/25_팔마고_2학기_기말_고1_기출/q06-solution.svg,ABSENT,,ABSENT,PRESENT,,c590c943db892a2792c3eb647a756dfa0a047043428cb7b9d5114858f8175454
h1:original/high/h1/2final/25_팔마고_2학기_기말_고1_기출.js_7,original/high/h1/2final/25_팔마고_2학기_기말_고1_기출.js,H22-C2-08,H22-C2-08-FUNCTION_BASIC,UNADJUDICATED,SOLUTION_CANDIDATE,TRIAGE_NO_GRAPH_SIGNAL,,,ABSENT,,ABSENT,ABSENT,,
h1:original/high/h1/2final/25_팔마고_2학기_기말_고1_기출.js_8,original/high/h1/2final/25_팔마고_2학기_기말_고1_기출.js,H22-C2-07,H22-C2-07-FUNCTION_COMPOSITION,UNADJUDICATED,SOLUTION_CANDIDATE,TRIAGE_NO_GRAPH_SIGNAL,,,ABSENT,,ABSENT,ABSENT,,
h1:original/high/h1/2final/25_팔마고_2학기_기말_고1_기출.js_9,original/high/h1/2final/25_팔마고_2학기_기말_고1_기출.js,H22-C2-07,H22-C2-07-FUNCTION_BASIC,UNADJUDICATED,SOLUTION_CANDIDATE,TRIAGE_NO_GRAPH_SIGNAL,,,ABSENT,,ABSENT,ABSENT,,
h1:original/high/h1/2final/25_효천고_2학기_기말_고1_기출.js_10,original/high/h1/2final/25_효천고_2학기_기말_고1_기출.js,H22-C2-07,H22-C2-07-FUNCTION_COMPOSITION,UNADJUDICATED,SOLUTION_CANDIDATE,TRIAGE_NO_GRAPH_SIGNAL,,,ABSENT,,ABSENT,ABSENT,,
h1:original/high/h1/2final/25_효천고_2학기_기말_고1_기출.js_11,original/high/h1/2final/25_효천고_2학기_기말_고1_기출.js,H22-C2-09,H22-C2-09-FUNCTION_BASIC,UNADJUDICATED,SOLUTION_CANDIDATE,SOLUTION_VISUAL_PRESENT,,assets/images/25_효천고_2학기_기말_고1_기출/q11-solution.svg,ABSENT,,ABSENT,PRESENT,,f6c2c0c919cac52bb03462cb868a1802e1a76419416b3cd0df1a406f2dd03c59
h1:original/high/h1/2final/25_효천고_2학기_기말_고1_기출.js_12,original/high/h1/2final/25_효천고_2학기_기말_고1_기출.js,H22-C2-08,H22-C2-08-FUNCTION_BASIC,UNADJUDICATED,SOLUTION_CANDIDATE,SOLUTION_VISUAL_PRESENT,,assets/images/25_효천고_2학기_기말_고1_기출/q12-solution.svg,ABSENT,,ABSENT,PRESENT,,8cc2a60f650afd3f66c7c10f4f343dab0b117a9de4aa2938ba09e8372bdf3578
h1:original/high/h1/2final/25_효천고_2학기_기말_고1_기출.js_13,original/high/h1/2final/25_효천고_2학기_기말_고1_기출.js,H22-C2-09,H22-C2-09-FUNCTION_BASIC,UNADJUDICATED,PROBLEM_PRESENT_REVIEW,PRIORITY_1_GRAPH_GAP_CANDIDATE,assets/images/25_효천고_2학기_기말_고1_기출/q13.png,,PRESENT,,PRESENT,ABSENT,e5be55fa4a0090305be349f68232215951f449962cf6a86475bf84adfee9d67c,
h1:original/high/h1/2final/25_효천고_2학기_기말_고1_기출.js_15,original/high/h1/2final/25_효천고_2학기_기말_고1_기출.js,H22-C2-07,H22-C2-07-FUNCTION_BASIC,UNADJUDICATED,SOLUTION_CANDIDATE,TRIAGE_NO_GRAPH_SIGNAL,,,ABSENT,,ABSENT,ABSENT,,
h1:original/high/h1/2final/25_효천고_2학기_기말_고1_기출.js_16,original/high/h1/2final/25_효천고_2학기_기말_고1_기출.js,H22-C2-07,H22-C2-07-FUNCTION_BASIC,UNADJUDICATED,SOLUTION_CANDIDATE,TRIAGE_NO_GRAPH_SIGNAL,,,ABSENT,,ABSENT,ABSENT,,
h1:original/high/h1/2final/25_효천고_2학기_기말_고1_기출.js_17,original/high/h1/2final/25_효천고_2학기_기말_고1_기출.js,H22-C2-07,H22-C2-07-FUNCTION_BASIC,UNADJUDICATED,PROBLEM_PRESENT_REVIEW,PRIORITY_1_GRAPH_GAP_CANDIDATE,assets/images/25_효천고_2학기_기말_고1_기출/q17.png,,PRESENT,,PRESENT,ABSENT,45b0b1e6290949160d9de670ab039ae786348c02d9c06b0f5f1a7807a556c0e3,
h1:original/high/h1/2final/25_효천고_2학기_기말_고1_기출.js_18,original/high/h1/2final/25_효천고_2학기_기말_고1_기출.js,H22-C2-08,H22-C2-08-FUNCTION_BASIC,UNADJUDICATED,SOLUTION_CANDIDATE,SOLUTION_VISUAL_PRESENT,,assets/images/25_효천고_2학기_기말_고1_기출/q18-solution.svg,ABSENT,,ABSENT,PRESENT,,606372445b5f7e13469cb7c535bc99e22c2f760a832517bdc7acb1a4be6d99ff
h1:original/high/h1/2final/25_효천고_2학기_기말_고1_기출.js_19,original/high/h1/2final/25_효천고_2학기_기말_고1_기출.js,H22-C2-07,H22-C2-07-FUNCTION_COMPOSITION,UNADJUDICATED,SOLUTION_CANDIDATE,TRIAGE_NO_GRAPH_SIGNAL,,,ABSENT,,ABSENT,ABSENT,,
h1:original/high/h1/2final/25_효천고_2학기_기말_고1_기출.js_2,original/high/h1/2final/25_효천고_2학기_기말_고1_기출.js,H22-C2-07,H22-C2-07-FUNCTION_BASIC,UNADJUDICATED,SOLUTION_CANDIDATE,TRIAGE_NO_GRAPH_SIGNAL,,,ABSENT,,ABSENT,ABSENT,,
h1:original/high/h1/2final/25_효천고_2학기_기말_고1_기출.js_20,original/high/h1/2final/25_효천고_2학기_기말_고1_기출.js,H22-C2-07,H22-C2-07-FUNCTION_COMPOSITION,UNADJUDICATED,SOLUTION_CANDIDATE,TRIAGE_NO_GRAPH_SIGNAL,,,ABSENT,,ABSENT,ABSENT,,
h1:original/high/h1/2final/25_효천고_2학기_기말_고1_기출.js_22,original/high/h1/2final/25_효천고_2학기_기말_고1_기출.js,H22-C2-08,H22-C2-08-FUNCTION_BASIC,UNADJUDICATED,SOLUTION_CANDIDATE,SOLUTION_VISUAL_PRESENT,,assets/images/25_효천고_2학기_기말_고1_기출/q22-solution.svg,ABSENT,,ABSENT,PRESENT,,b61738931f9b341888c82bae5cecf71cf8273f4646ccbfc029b653ee6fbad4cb
h1:original/high/h1/2final/25_효천고_2학기_기말_고1_기출.js_23,original/high/h1/2final/25_효천고_2학기_기말_고1_기출.js,H22-C2-07,H22-C2-07-FUNCTION_BASIC,UNADJUDICATED,SOLUTION_CANDIDATE,TRIAGE_NO_GRAPH_SIGNAL,,,ABSENT,,ABSENT,ABSENT,,
h1:original/high/h1/2final/25_효천고_2학기_기말_고1_기출.js_3,original/high/h1/2final/25_효천고_2학기_기말_고1_기출.js,H22-C2-07,H22-C2-07-FUNCTION_COMPOSITION,UNADJUDICATED,SOLUTION_CANDIDATE,TRIAGE_NO_GRAPH_SIGNAL,,,ABSENT,,ABSENT,ABSENT,,
h1:original/high/h1/2final/25_효천고_2학기_기말_고1_기출.js_4,original/high/h1/2final/25_효천고_2학기_기말_고1_기출.js,H22-C2-07,H22-C2-07-FUNCTION_INVERSE,UNADJUDICATED,SOLUTION_CANDIDATE,PRIORITY_2_GRAPH_SUBUNIT_CANDIDATE,,,ABSENT,,ABSENT,ABSENT,,
h1:original/high/h1/2final/25_효천고_2학기_기말_고1_기출.js_5,original/high/h1/2final/25_효천고_2학기_기말_고1_기출.js,H22-C2-08,H22-C2-08-FUNCTION_BASIC,UNADJUDICATED,SOLUTION_CANDIDATE,TRIAGE_NO_GRAPH_SIGNAL,,,ABSENT,,ABSENT,ABSENT,,
h1:original/high/h1/2final/25_효천고_2학기_기말_고1_기출.js_8,original/high/h1/2final/25_효천고_2학기_기말_고1_기출.js,H22-C2-09,H22-C2-09-FUNCTION_BASIC,UNADJUDICATED,SOLUTION_CANDIDATE,SOLUTION_VISUAL_PRESENT,,assets/images/25_효천고_2학기_기말_고1_기출/q08-solution.svg,ABSENT,,ABSENT,PRESENT,,d4aa7e5eb3dadcf2adcfa375fef62ffd094a8b58f874e547aa825218d36a330d
h1:original/high/h1/2final/25_효천고_2학기_기말_고1_기출.js_9,original/high/h1/2final/25_효천고_2학기_기말_고1_기출.js,H22-C2-07,H22-C2-07-FUNCTION_BASIC,UNADJUDICATED,SOLUTION_CANDIDATE,TRIAGE_NO_GRAPH_SIGNAL,,,ABSENT,,ABSENT,ABSENT,,
h1:original/high/h1/2mid/21_강남여고_2학기_중간_고1_기출.js_12,original/high/h1/2mid/21_강남여고_2학기_중간_고1_기출.js,H15-SB-03,H15-SB-03-FUNCTION_RELATION,UNADJUDICATED,SOLUTION_CANDIDATE,TRIAGE_NO_GRAPH_SIGNAL,,,ABSENT,,ABSENT,ABSENT,,
h1:original/high/h1/2mid/21_강남여고_2학기_중간_고1_기출.js_16,original/high/h1/2mid/21_강남여고_2학기_중간_고1_기출.js,H15-SB-03,H15-SB-03-COMPOSITE_FUNCTION,UNADJUDICATED,SOLUTION_CANDIDATE,PRIORITY_2_GRAPH_SUBUNIT_CANDIDATE,,,ABSENT,,ABSENT,ABSENT,,
h1:original/high/h1/2mid/21_강남여고_2학기_중간_고1_기출.js_19,original/high/h1/2mid/21_강남여고_2학기_중간_고1_기출.js,H15-SB-03,H15-SB-03-COMPOSITE_FUNCTION,UNADJUDICATED,PROBLEM_PRESENT_REVIEW,PRIORITY_1_GRAPH_GAP_CANDIDATE,assets/images/21_강남여고_2학기_중간_고1_기출/q19.png,,PRESENT,,PRESENT,ABSENT,ef1086a55d17e955ea150f8941a7f318b9b5acba2ca332a40bb4207dc1304859,
h1:original/high/h1/2mid/21_강남여고_2학기_중간_고1_기출.js_20,original/high/h1/2mid/21_강남여고_2학기_중간_고1_기출.js,H15-SB-03,H15-SB-03-INVERSE_FUNCTION,UNADJUDICATED,SOLUTION_CANDIDATE,TRIAGE_NO_GRAPH_SIGNAL,,,ABSENT,,ABSENT,ABSENT,,
h1:original/high/h1/2mid/21_강남여고_2학기_중간_고1_기출.js_21,original/high/h1/2mid/21_강남여고_2학기_중간_고1_기출.js,H15-SB-03,H15-SB-03-FUNCTION_RELATION,UNADJUDICATED,PROBLEM_PRESENT_REVIEW,PRIORITY_1_GRAPH_GAP_CANDIDATE,assets/images/21_강남여고_2학기_중간_고1_기출/q21.png,,PRESENT,,PRESENT,ABSENT,933de07cae5bf7c0c1568267c4b7760fa0b88532791e8888119b9271ee6d480c,
h1:original/high/h1/2mid/21_강남여고_2학기_중간_고1_기출.js_22,original/high/h1/2mid/21_강남여고_2학기_중간_고1_기출.js,H15-SB-03,H15-SB-03-COMPOSITE_FUNCTION,UNADJUDICATED,PROBLEM_PRESENT_REVIEW,PRIORITY_1_GRAPH_GAP_CANDIDATE,assets/images/21_강남여고_2학기_중간_고1_기출/q22.png,,PRESENT,,PRESENT,ABSENT,066cf49fb987e9eb8a3659632f250c7bf8f5282f1ec2556dbdd420ad4126c047,
h1:original/high/h1/2mid/21_강남여고_2학기_중간_고1_기출.js_25,original/high/h1/2mid/21_강남여고_2학기_중간_고1_기출.js,H15-SB-03,H15-SB-03-COMPOSITE_FUNCTION,UNADJUDICATED,SOLUTION_CANDIDATE,PRIORITY_2_GRAPH_SUBUNIT_CANDIDATE,,,ABSENT,,ABSENT,ABSENT,,
h1:original/high/h1/2mid/21_강남여고_2학기_중간_고1_기출.js_26,original/high/h1/2mid/21_강남여고_2학기_중간_고1_기출.js,H15-SB-03,H15-SB-03-COMPOSITE_FUNCTION,UNADJUDICATED,SOLUTION_CANDIDATE,PRIORITY_2_GRAPH_SUBUNIT_CANDIDATE,,,ABSENT,,ABSENT,ABSENT,,
h1:original/high/h1/2mid/21_강남여고_2학기_중간_고1_기출.js_3,original/high/h1/2mid/21_강남여고_2학기_중간_고1_기출.js,H15-SB-03,H15-SB-03-FUNCTION_RELATION,UNADJUDICATED,SOLUTION_CANDIDATE,TRIAGE_NO_GRAPH_SIGNAL,,,ABSENT,,ABSENT,ABSENT,,
h1:original/high/h1/2mid/21_강남여고_2학기_중간_고1_기출.js_4,original/high/h1/2mid/21_강남여고_2학기_중간_고1_기출.js,H15-SB-03,H15-SB-03-INVERSE_FUNCTION,UNADJUDICATED,SOLUTION_CANDIDATE,TRIAGE_NO_GRAPH_SIGNAL,,,ABSENT,,ABSENT,ABSENT,,
h1:original/high/h1/2mid/21_강남여고_2학기_중간_고1_기출.js_8,original/high/h1/2mid/21_강남여고_2학기_중간_고1_기출.js,H15-SB-03,H15-SB-03-COMPOSITE_FUNCTION,UNADJUDICATED,SOLUTION_CANDIDATE,PRIORITY_2_GRAPH_SUBUNIT_CANDIDATE,,,ABSENT,,ABSENT,ABSENT,,
h1:original/high/h1/2mid/21_금당고_2학기_중간_고1_기출.js_13,original/high/h1/2mid/21_금당고_2학기_중간_고1_기출.js,H15-SB-03,H15-SB-03-FUNCTION_RELATION,UNADJUDICATED,SOLUTION_CANDIDATE,TRIAGE_NO_GRAPH_SIGNAL,,,ABSENT,,ABSENT,ABSENT,,
h1:original/high/h1/2mid/21_금당고_2학기_중간_고1_기출.js_14,original/high/h1/2mid/21_금당고_2학기_중간_고1_기출.js,H15-SB-03,H15-SB-03-COMPOSITE_FUNCTION,UNADJUDICATED,PROBLEM_PRESENT_REVIEW,PRIORITY_1_GRAPH_GAP_CANDIDATE,assets/images/21_금당고_2학기_중간_고1_기출/q14.png,,PRESENT,,PRESENT,ABSENT,3e2e8fd6bab7d72148c090c2707f93733a3d343c19492ebaee2e904d18bb3faf,
h1:original/high/h1/2mid/21_금당고_2학기_중간_고1_기출.js_16,original/high/h1/2mid/21_금당고_2학기_중간_고1_기출.js,H15-SB-03,H15-SB-03-FUNCTION_RELATION,UNADJUDICATED,SOLUTION_CANDIDATE,TRIAGE_NO_GRAPH_SIGNAL,,,ABSENT,,ABSENT,ABSENT,,
h1:original/high/h1/2mid/21_금당고_2학기_중간_고1_기출.js_17,original/high/h1/2mid/21_금당고_2학기_중간_고1_기출.js,H15-SB-03,H15-SB-03-COMPOSITE_FUNCTION,UNADJUDICATED,PROBLEM_PRESENT_REVIEW,PRIORITY_2_GRAPH_SUBUNIT_CANDIDATE,assets/images/21_금당고_2학기_중간_고1_기출/q17.png,,PRESENT,,PRESENT,ABSENT,3f2ef6e56a7a1ab715a5d51a5fbe5fcd5540337c63d2bbd566f698f52a217f88,
h1:original/high/h1/2mid/21_금당고_2학기_중간_고1_기출.js_20,original/high/h1/2mid/21_금당고_2학기_중간_고1_기출.js,H15-SB-03,H15-SB-03-FUNCTION_RELATION,UNADJUDICATED,SOLUTION_CANDIDATE,TRIAGE_NO_GRAPH_SIGNAL,,,ABSENT,,ABSENT,ABSENT,,
h1:original/high/h1/2mid/21_금당고_2학기_중간_고1_기출.js_22,original/high/h1/2mid/21_금당고_2학기_중간_고1_기출.js,H15-SB-03,H15-SB-03-COMPOSITE_FUNCTION,UNADJUDICATED,SOLUTION_CANDIDATE,PRIORITY_1_EXPLICIT_GRAPH_CANDIDATE,,,ABSENT,,ABSENT,ABSENT,,
h1:original/high/h1/2mid/21_금당고_2학기_중간_고1_기출.js_6,original/high/h1/2mid/21_금당고_2학기_중간_고1_기출.js,H15-SB-03,H15-SB-03-FUNCTION_RELATION,UNADJUDICATED,SOLUTION_CANDIDATE,TRIAGE_NO_GRAPH_SIGNAL,,,ABSENT,,ABSENT,ABSENT,,
h1:original/high/h1/2mid/21_금당고_2학기_중간_고1_기출.js_7,original/high/h1/2mid/21_금당고_2학기_중간_고1_기출.js,H15-SB-03,H15-SB-03-COMPOSITE_FUNCTION,UNADJUDICATED,SOLUTION_CANDIDATE,PRIORITY_2_GRAPH_SUBUNIT_CANDIDATE,,,ABSENT,,ABSENT,ABSENT,,
h1:original/high/h1/2mid/21_매산고_2학기_중간_고1_기출.js_10,original/high/h1/2mid/21_매산고_2학기_중간_고1_기출.js,H15-SB-03,H15-SB-03-FUNCTION_RELATION,UNADJUDICATED,SOLUTION_CANDIDATE,TRIAGE_NO_GRAPH_SIGNAL,,,ABSENT,,ABSENT,ABSENT,,
h1:original/high/h1/2mid/21_매산고_2학기_중간_고1_기출.js_11,original/high/h1/2mid/21_매산고_2학기_중간_고1_기출.js,H15-SB-03,H15-SB-03-COMPOSITE_FUNCTION,UNADJUDICATED,SOLUTION_CANDIDATE,PRIORITY_2_GRAPH_SUBUNIT_CANDIDATE,,,ABSENT,,ABSENT,ABSENT,,
h1:original/high/h1/2mid/21_매산고_2학기_중간_고1_기출.js_12,original/high/h1/2mid/21_매산고_2학기_중간_고1_기출.js,H15-SB-03,H15-SB-03-COMPOSITE_FUNCTION,UNADJUDICATED,PROBLEM_PRESENT_REVIEW,PRIORITY_1_GRAPH_GAP_CANDIDATE,assets/images/21_매산고_2학기_중간_고1_기출/q12.png,,PRESENT,,PRESENT,ABSENT,1a6b6e30d0c99d5c7f551a11b011ac4cb2a4021d3f678b357d3bb0d92fbf3366,
h1:original/high/h1/2mid/21_매산고_2학기_중간_고1_기출.js_13,original/high/h1/2mid/21_매산고_2학기_중간_고1_기출.js,H15-SB-03,H15-SB-03-COMPOSITE_FUNCTION,UNADJUDICATED,SOLUTION_CANDIDATE,PRIORITY_2_GRAPH_RELATION_CANDIDATE,,,ABSENT,,ABSENT,ABSENT,,
h1:original/high/h1/2mid/21_매산고_2학기_중간_고1_기출.js_15,original/high/h1/2mid/21_매산고_2학기_중간_고1_기출.js,H15-SB-03,H15-SB-03-COMPOSITE_FUNCTION,UNADJUDICATED,SOLUTION_CANDIDATE,PRIORITY_2_GRAPH_SUBUNIT_CANDIDATE,,,ABSENT,,ABSENT,ABSENT,,
h1:original/high/h1/2mid/21_매산고_2학기_중간_고1_기출.js_17,original/high/h1/2mid/21_매산고_2학기_중간_고1_기출.js,H15-SB-03,H15-SB-03-COMPOSITE_FUNCTION,UNADJUDICATED,SOLUTION_CANDIDATE,PRIORITY_1_EXPLICIT_GRAPH_CANDIDATE,,,ABSENT,,ABSENT,ABSENT,,
h1:original/high/h1/2mid/21_매산고_2학기_중간_고1_기출.js_18,original/high/h1/2mid/21_매산고_2학기_중간_고1_기출.js,H15-SB-03,H15-SB-03-COMPOSITE_FUNCTION,UNADJUDICATED,SOLUTION_CANDIDATE,PRIORITY_2_GRAPH_SUBUNIT_CANDIDATE,,,ABSENT,,ABSENT,ABSENT,,
h1:original/high/h1/2mid/21_매산고_2학기_중간_고1_기출.js_20,original/high/h1/2mid/21_매산고_2학기_중간_고1_기출.js,H15-SB-03,H15-SB-03-FUNCTION_RELATION,UNADJUDICATED,SOLUTION_CANDIDATE,TRIAGE_NO_GRAPH_SIGNAL,,,ABSENT,,ABSENT,ABSENT,,
h1:original/high/h1/2mid/21_매산고_2학기_중간_고1_기출.js_5,original/high/h1/2mid/21_매산고_2학기_중간_고1_기출.js,H15-SB-03,H15-SB-03-INVERSE_FUNCTION,UNADJUDICATED,SOLUTION_CANDIDATE,TRIAGE_NO_GRAPH_SIGNAL,,,ABSENT,,ABSENT,ABSENT,,
h1:original/high/h1/2mid/21_순천고_2학기_중간_고1_기출.js_15,original/high/h1/2mid/21_순천고_2학기_중간_고1_기출.js,H15-SB-03,H15-SB-03-FUNCTION_RELATION,UNADJUDICATED,SOLUTION_CANDIDATE,TRIAGE_NO_GRAPH_SIGNAL,,,ABSENT,,ABSENT,ABSENT,,
h1:original/high/h1/2mid/21_순천고_2학기_중간_고1_기출.js_16,original/high/h1/2mid/21_순천고_2학기_중간_고1_기출.js,H15-SB-03,H15-SB-03-INVERSE_FUNCTION,UNADJUDICATED,SOLUTION_CANDIDATE,PRIORITY_1_EXPLICIT_GRAPH_CANDIDATE,,,ABSENT,,ABSENT,ABSENT,,
h1:original/high/h1/2mid/21_순천고_2학기_중간_고1_기출.js_17,original/high/h1/2mid/21_순천고_2학기_중간_고1_기출.js,H15-SB-03,H15-SB-03-COMPOSITE_FUNCTION,UNADJUDICATED,SOLUTION_CANDIDATE,PRIORITY_2_GRAPH_SUBUNIT_CANDIDATE,,,ABSENT,,ABSENT,ABSENT,,
h1:original/high/h1/2mid/21_순천고_2학기_중간_고1_기출.js_18,original/high/h1/2mid/21_순천고_2학기_중간_고1_기출.js,H15-SB-03,H15-SB-03-COMPOSITE_FUNCTION,UNADJUDICATED,SOLUTION_CANDIDATE,PRIORITY_2_GRAPH_SUBUNIT_CANDIDATE,,,ABSENT,,ABSENT,ABSENT,,
h1:original/high/h1/2mid/21_순천고_2학기_중간_고1_기출.js_22,original/high/h1/2mid/21_순천고_2학기_중간_고1_기출.js,H15-SB-03,H15-SB-03-FUNCTION_RELATION,UNADJUDICATED,SOLUTION_CANDIDATE,TRIAGE_NO_GRAPH_SIGNAL,,,ABSENT,,ABSENT,ABSENT,,
h1:original/high/h1/2mid/21_순천고_2학기_중간_고1_기출.js_6,original/high/h1/2mid/21_순천고_2학기_중간_고1_기출.js,H15-SB-03,H15-SB-03-FUNCTION_RELATION,UNADJUDICATED,SOLUTION_CANDIDATE,TRIAGE_NO_GRAPH_SIGNAL,,,ABSENT,,ABSENT,ABSENT,,
h1:original/high/h1/2mid/21_순천고_2학기_중간_고1_기출.js_7,original/high/h1/2mid/21_순천고_2학기_중간_고1_기출.js,H15-SB-03,H15-SB-03-COMPOSITE_FUNCTION,UNADJUDICATED,SOLUTION_CANDIDATE,PRIORITY_2_GRAPH_SUBUNIT_CANDIDATE,,,ABSENT,,ABSENT,ABSENT,,
h1:original/high/h1/2mid/21_제일고_2학기_중간_고1_기출.js_13,original/high/h1/2mid/21_제일고_2학기_중간_고1_기출.js,H15-SB-03,H15-SB-03-INVERSE_FUNCTION,UNADJUDICATED,SOLUTION_CANDIDATE,TRIAGE_NO_GRAPH_SIGNAL,,,ABSENT,,ABSENT,ABSENT,,
h1:original/high/h1/2mid/21_제일고_2학기_중간_고1_기출.js_15,original/high/h1/2mid/21_제일고_2학기_중간_고1_기출.js,H15-SB-03,H15-SB-03-FUNCTION_RELATION,UNADJUDICATED,SOLUTION_CANDIDATE,TRIAGE_NO_GRAPH_SIGNAL,,,ABSENT,,ABSENT,ABSENT,,
h1:original/high/h1/2mid/21_제일고_2학기_중간_고1_기출.js_16,original/high/h1/2mid/21_제일고_2학기_중간_고1_기출.js,H15-SB-03,H15-SB-03-FUNCTION_RELATION,UNADJUDICATED,SOLUTION_CANDIDATE,TRIAGE_NO_GRAPH_SIGNAL,,,ABSENT,,ABSENT,ABSENT,,
h1:original/high/h1/2mid/21_제일고_2학기_중간_고1_기출.js_17,original/high/h1/2mid/21_제일고_2학기_중간_고1_기출.js,H15-SB-03,H15-SB-03-COMPOSITE_FUNCTION,UNADJUDICATED,PROBLEM_PRESENT_REVIEW,PRIORITY_1_GRAPH_GAP_CANDIDATE,assets/images/21_제일고_2학기_중간_고1_기출/q17.png,,PRESENT,,PRESENT,ABSENT,0438bb215ad192078b491646cd4ba8b77b26c3e181204ba63e3e9da5d98c8971,
h1:original/high/h1/2mid/21_제일고_2학기_중간_고1_기출.js_22,original/high/h1/2mid/21_제일고_2학기_중간_고1_기출.js,H15-SB-03,H15-SB-03-COMPOSITE_FUNCTION,UNADJUDICATED,SOLUTION_CANDIDATE,PRIORITY_2_GRAPH_SUBUNIT_CANDIDATE,,,ABSENT,,ABSENT,ABSENT,,
h1:original/high/h1/2mid/21_제일고_2학기_중간_고1_기출.js_3,original/high/h1/2mid/21_제일고_2학기_중간_고1_기출.js,H15-SB-03,H15-SB-03-FUNCTION_RELATION,UNADJUDICATED,SOLUTION_CANDIDATE,TRIAGE_NO_GRAPH_SIGNAL,,,ABSENT,,ABSENT,ABSENT,,
h1:original/high/h1/2mid/21_팔마고_2학기_중간_고1_기출.js_13,original/high/h1/2mid/21_팔마고_2학기_중간_고1_기출.js,H15-SB-03,H15-SB-03-COMPOSITE_FUNCTION,UNADJUDICATED,PROBLEM_PRESENT_REVIEW,PRIORITY_1_GRAPH_GAP_CANDIDATE,assets/images/21_팔마고_2학기_중간_고1_기출/q13.png,,PRESENT,,PRESENT,ABSENT,0ec7303dcf81a0a281af3b9017d92348055865c4bf495d4d01222f7d671c8821,
h1:original/high/h1/2mid/21_팔마고_2학기_중간_고1_기출.js_17,original/high/h1/2mid/21_팔마고_2학기_중간_고1_기출.js,H15-SB-03,H15-SB-03-FUNCTION_RELATION,UNADJUDICATED,SOLUTION_CANDIDATE,TRIAGE_NO_GRAPH_SIGNAL,,,ABSENT,,ABSENT,ABSENT,,
h1:original/high/h1/2mid/21_팔마고_2학기_중간_고1_기출.js_18,original/high/h1/2mid/21_팔마고_2학기_중간_고1_기출.js,H15-SB-03,H15-SB-03-INVERSE_FUNCTION,UNADJUDICATED,SOLUTION_CANDIDATE,PRIORITY_1_EXPLICIT_GRAPH_CANDIDATE,,,ABSENT,,ABSENT,ABSENT,,
h1:original/high/h1/2mid/21_팔마고_2학기_중간_고1_기출.js_21,original/high/h1/2mid/21_팔마고_2학기_중간_고1_기출.js,H15-SB-03,H15-SB-03-COMPOSITE_FUNCTION,UNADJUDICATED,PROBLEM_PRESENT_REVIEW,PRIORITY_1_GRAPH_GAP_CANDIDATE,assets/images/21_팔마고_2학기_중간_고1_기출/q21.png,,PRESENT,,PRESENT,ABSENT,ce85a8bcb23c74be3a3533cb343d9fd290883a4ecaf4340bd0a68eff52420a25,
h1:original/high/h1/2mid/21_팔마고_2학기_중간_고1_기출.js_7,original/high/h1/2mid/21_팔마고_2학기_중간_고1_기출.js,H15-SB-03,H15-SB-03-FUNCTION_RELATION,UNADJUDICATED,PROBLEM_PRESENT_REVIEW,PRIORITY_1_GRAPH_GAP_CANDIDATE,assets/images/21_팔마고_2학기_중간_고1_기출/q07.png,,PRESENT,,PRESENT,ABSENT,8c6a18d9911d7d824b8468a3d41e045e208e76a7ba3f50bce95d6783e13af550,
h1:original/high/h1/2mid/21_팔마고_2학기_중간_고1_기출.js_8,original/high/h1/2mid/21_팔마고_2학기_중간_고1_기출.js,H15-SB-03,H15-SB-03-COMPOSITE_FUNCTION,UNADJUDICATED,SOLUTION_CANDIDATE,PRIORITY_2_GRAPH_SUBUNIT_CANDIDATE,,,ABSENT,,ABSENT,ABSENT,,
h1:original/high/h1/2mid/21_팔마고_2학기_중간_고1_기출.js_9,original/high/h1/2mid/21_팔마고_2학기_중간_고1_기출.js,H15-SB-03,H15-SB-03-FUNCTION_RELATION,UNADJUDICATED,SOLUTION_CANDIDATE,TRIAGE_NO_GRAPH_SIGNAL,,,ABSENT,,ABSENT,ABSENT,,
h1:original/high/h1/2mid/21_효천고_2학기_중간_고1_기출.js_1,original/high/h1/2mid/21_효천고_2학기_중간_고1_기출.js,H15-SB-03,H15-SB-03-FUNCTION_RELATION,UNADJUDICATED,PROBLEM_PRESENT_REVIEW,PRIORITY_1_GRAPH_GAP_CANDIDATE,assets/images/21_효천고_2학기_중간_고1_기출/q01.png,,PRESENT,,PRESENT,ABSENT,0b1da6ff0fc7724a92bb890ae3aed2f24305b9e0be58ccbdb78ed4fbeb9187b9,
h1:original/high/h1/2mid/21_효천고_2학기_중간_고1_기출.js_10,original/high/h1/2mid/21_효천고_2학기_중간_고1_기출.js,H15-SB-03,H15-SB-03-FUNCTION_RELATION,UNADJUDICATED,SOLUTION_CANDIDATE,TRIAGE_NO_GRAPH_SIGNAL,,,ABSENT,,ABSENT,ABSENT,,
h1:original/high/h1/2mid/21_효천고_2학기_중간_고1_기출.js_15,original/high/h1/2mid/21_효천고_2학기_중간_고1_기출.js,H15-SB-03,H15-SB-03-INVERSE_FUNCTION,UNADJUDICATED,SOLUTION_CANDIDATE,TRIAGE_NO_GRAPH_SIGNAL,,,ABSENT,,ABSENT,ABSENT,,
h1:original/high/h1/2mid/21_효천고_2학기_중간_고1_기출.js_18,original/high/h1/2mid/21_효천고_2학기_중간_고1_기출.js,H15-SB-03,H15-SB-03-COMPOSITE_FUNCTION,UNADJUDICATED,SOLUTION_CANDIDATE,PRIORITY_2_GRAPH_SUBUNIT_CANDIDATE,,,ABSENT,,ABSENT,ABSENT,,
h1:original/high/h1/2mid/21_효천고_2학기_중간_고1_기출.js_21,original/high/h1/2mid/21_효천고_2학기_중간_고1_기출.js,H15-SB-03,H15-SB-03-INVERSE_FUNCTION,UNADJUDICATED,SOLUTION_CANDIDATE,TRIAGE_NO_GRAPH_SIGNAL,,,ABSENT,,ABSENT,ABSENT,,
h1:original/high/h1/2mid/21_효천고_2학기_중간_고1_기출.js_7,original/high/h1/2mid/21_효천고_2학기_중간_고1_기출.js,H15-SB-03,H15-SB-03-COMPOSITE_FUNCTION,UNADJUDICATED,SOLUTION_CANDIDATE,PRIORITY_2_GRAPH_SUBUNIT_CANDIDATE,,,ABSENT,,ABSENT,ABSENT,,
h1:original/high/h1/2mid/21_효천고_2학기_중간_고1_기출.js_9,original/high/h1/2mid/21_효천고_2학기_중간_고1_기출.js,H15-SB-03,H15-SB-03-FUNCTION_RELATION,UNADJUDICATED,SOLUTION_CANDIDATE,TRIAGE_NO_GRAPH_SIGNAL,,,ABSENT,,ABSENT,ABSENT,,
h1:original/high/h1/2mid/22_강남여고_2학기_중간_고1_기출.js_12,original/high/h1/2mid/22_강남여고_2학기_중간_고1_기출.js,H15-SB-03,H15-SB-03-COMPOSITE_FUNCTION,UNADJUDICATED,SOLUTION_CANDIDATE,PRIORITY_2_GRAPH_RELATION_CANDIDATE,,,ABSENT,,ABSENT,ABSENT,,
h1:original/high/h1/2mid/22_강남여고_2학기_중간_고1_기출.js_17,original/high/h1/2mid/22_강남여고_2학기_중간_고1_기출.js,H15-SB-03,H15-SB-03-INVERSE_FUNCTION,UNADJUDICATED,SOLUTION_CANDIDATE,TRIAGE_NO_GRAPH_SIGNAL,,,ABSENT,,ABSENT,ABSENT,,
h1:original/high/h1/2mid/22_강남여고_2학기_중간_고1_기출.js_19,original/high/h1/2mid/22_강남여고_2학기_중간_고1_기출.js,H15-SB-03,H15-SB-03-COMPOSITE_FUNCTION,UNADJUDICATED,PROBLEM_PRESENT_REVIEW,PRIORITY_1_GRAPH_GAP_CANDIDATE,assets/images/22_강남여고_2학기_중간_고1_기출/q19.png,,PRESENT,,PRESENT,ABSENT,6469c8e01899d7c8a8cb02a3464bf592f9a588f096a9ca4a6bfdba6f3f850b79,
h1:original/high/h1/2mid/22_강남여고_2학기_중간_고1_기출.js_20,original/high/h1/2mid/22_강남여고_2학기_중간_고1_기출.js,H15-SB-03,H15-SB-03-FUNCTION_RELATION,UNADJUDICATED,PROBLEM_PRESENT_REVIEW,PRIORITY_1_GRAPH_GAP_CANDIDATE,assets/images/22_강남여고_2학기_중간_고1_기출/q20.png,,PRESENT,,PRESENT,ABSENT,8c410f58e17c7d14160eaceba17c015b20a04562c23078df0dc4fcf47ccbb42c,
h1:original/high/h1/2mid/22_강남여고_2학기_중간_고1_기출.js_21,original/high/h1/2mid/22_강남여고_2학기_중간_고1_기출.js,H15-SB-03,H15-SB-03-COMPOSITE_FUNCTION,UNADJUDICATED,SOLUTION_CANDIDATE,PRIORITY_2_GRAPH_SUBUNIT_CANDIDATE,,,ABSENT,,ABSENT,ABSENT,,
h1:original/high/h1/2mid/22_강남여고_2학기_중간_고1_기출.js_24,original/high/h1/2mid/22_강남여고_2학기_중간_고1_기출.js,H15-SB-03,H15-SB-03-COMPOSITE_FUNCTION,UNADJUDICATED,SOLUTION_CANDIDATE,PRIORITY_2_GRAPH_SUBUNIT_CANDIDATE,,,ABSENT,,ABSENT,ABSENT,,
h1:original/high/h1/2mid/22_강남여고_2학기_중간_고1_기출.js_3,original/high/h1/2mid/22_강남여고_2학기_중간_고1_기출.js,H15-SB-03,H15-SB-03-FUNCTION_RELATION,UNADJUDICATED,SOLUTION_CANDIDATE,TRIAGE_NO_GRAPH_SIGNAL,,,ABSENT,,ABSENT,ABSENT,,
h1:original/high/h1/2mid/22_강남여고_2학기_중간_고1_기출.js_4,original/high/h1/2mid/22_강남여고_2학기_중간_고1_기출.js,H15-SB-03,H15-SB-03-INVERSE_FUNCTION,UNADJUDICATED,SOLUTION_CANDIDATE,TRIAGE_NO_GRAPH_SIGNAL,,,ABSENT,,ABSENT,ABSENT,,
h1:original/high/h1/2mid/22_금당고_2학기_중간_고1_기출.js_1,original/high/h1/2mid/22_금당고_2학기_중간_고1_기출.js,H15-SB-03,H15-SB-03-FUNCTION_RELATION,UNADJUDICATED,PROBLEM_PRESENT_REVIEW,TRIAGE_NO_GRAPH_SIGNAL,assets/images/22_금당고_2학기_중간_고1_기출/q01.png,,PRESENT,,PRESENT,ABSENT,b4bdb1ce4f4ec9f2afdf5176095fc60ce7e66d8769cbee5fe7b5ff57126431be,
h1:original/high/h1/2mid/22_금당고_2학기_중간_고1_기출.js_11,original/high/h1/2mid/22_금당고_2학기_중간_고1_기출.js,H15-SB-03,H15-SB-03-COMPOSITE_FUNCTION,UNADJUDICATED,SOLUTION_CANDIDATE,SOLUTION_VISUAL_PRESENT,,assets/images/22_금당고_2학기_중간_고1_기출/q11-solution.svg,ABSENT,,ABSENT,PRESENT,,86ccf0d99e5b9bd96c984a7a3d6b6086260d80cb4aaa5af9096551d70613fdfa
h1:original/high/h1/2mid/22_금당고_2학기_중간_고1_기출.js_12,original/high/h1/2mid/22_금당고_2학기_중간_고1_기출.js,H15-SB-03,H15-SB-03-FUNCTION_RELATION,UNADJUDICATED,SOLUTION_CANDIDATE,TRIAGE_NO_GRAPH_SIGNAL,,,ABSENT,,ABSENT,ABSENT,,
h1:original/high/h1/2mid/22_금당고_2학기_중간_고1_기출.js_17,original/high/h1/2mid/22_금당고_2학기_중간_고1_기출.js,H15-SB-03,H15-SB-03-FUNCTION_RELATION,UNADJUDICATED,SOLUTION_CANDIDATE,TRIAGE_NO_GRAPH_SIGNAL,,,ABSENT,,ABSENT,ABSENT,,
h1:original/high/h1/2mid/22_금당고_2학기_중간_고1_기출.js_20,original/high/h1/2mid/22_금당고_2학기_중간_고1_기출.js,H15-SB-03,H15-SB-03-INVERSE_FUNCTION,UNADJUDICATED,SOLUTION_CANDIDATE,PRIORITY_1_EXPLICIT_GRAPH_CANDIDATE,,,ABSENT,,ABSENT,ABSENT,,
h1:original/high/h1/2mid/22_금당고_2학기_중간_고1_기출.js_21,original/high/h1/2mid/22_금당고_2학기_중간_고1_기출.js,H15-SB-03,H15-SB-03-FUNCTION_RELATION,UNADJUDICATED,SOLUTION_CANDIDATE,TRIAGE_NO_GRAPH_SIGNAL,,,ABSENT,,ABSENT,ABSENT,,
h1:original/high/h1/2mid/22_금당고_2학기_중간_고1_기출.js_6,original/high/h1/2mid/22_금당고_2학기_중간_고1_기출.js,H15-SB-03,H15-SB-03-INVERSE_FUNCTION,UNADJUDICATED,SOLUTION_CANDIDATE,TRIAGE_NO_GRAPH_SIGNAL,,,ABSENT,,ABSENT,ABSENT,,
h1:original/high/h1/2mid/22_금당고_2학기_중간_고1_기출.js_9,original/high/h1/2mid/22_금당고_2학기_중간_고1_기출.js,H15-SB-03,H15-SB-03-COMPOSITE_FUNCTION,UNADJUDICATED,SOLUTION_CANDIDATE,PRIORITY_2_GRAPH_SUBUNIT_CANDIDATE,,,ABSENT,,ABSENT,ABSENT,,
h1:original/high/h1/2mid/22_매산고_2학기_중간_고1_기출.js_10,original/high/h1/2mid/22_매산고_2학기_중간_고1_기출.js,H15-SB-03,H15-SB-03-INVERSE_FUNCTION,UNADJUDICATED,SOLUTION_CANDIDATE,TRIAGE_NO_GRAPH_SIGNAL,,,ABSENT,,ABSENT,ABSENT,,
h1:original/high/h1/2mid/22_매산고_2학기_중간_고1_기출.js_11,original/high/h1/2mid/22_매산고_2학기_중간_고1_기출.js,H15-SB-03,H15-SB-03-FUNCTION_RELATION,UNADJUDICATED,SOLUTION_CANDIDATE,TRIAGE_NO_GRAPH_SIGNAL,,,ABSENT,,ABSENT,ABSENT,,
h1:original/high/h1/2mid/22_매산고_2학기_중간_고1_기출.js_14,original/high/h1/2mid/22_매산고_2학기_중간_고1_기출.js,H15-SB-03,H15-SB-03-FUNCTION_RELATION,UNADJUDICATED,SOLUTION_CANDIDATE,PRIORITY_1_EXPLICIT_GRAPH_CANDIDATE,,,ABSENT,,ABSENT,ABSENT,,
h1:original/high/h1/2mid/22_매산고_2학기_중간_고1_기출.js_15,original/high/h1/2mid/22_매산고_2학기_중간_고1_기출.js,H15-SB-03,H15-SB-03-COMPOSITE_FUNCTION,UNADJUDICATED,SOLUTION_CANDIDATE,PRIORITY_1_EXPLICIT_GRAPH_CANDIDATE,,,ABSENT,,ABSENT,ABSENT,,
h1:original/high/h1/2mid/22_매산고_2학기_중간_고1_기출.js_16,original/high/h1/2mid/22_매산고_2학기_중간_고1_기출.js,H15-SB-03,H15-SB-03-INVERSE_FUNCTION,UNADJUDICATED,SOLUTION_CANDIDATE,PRIORITY_1_EXPLICIT_GRAPH_CANDIDATE,,,ABSENT,,ABSENT,ABSENT,,
h1:original/high/h1/2mid/22_매산고_2학기_중간_고1_기출.js_18,original/high/h1/2mid/22_매산고_2학기_중간_고1_기출.js,H15-SB-03,H15-SB-03-INVERSE_FUNCTION,UNADJUDICATED,SOLUTION_CANDIDATE,TRIAGE_NO_GRAPH_SIGNAL,,,ABSENT,,ABSENT,ABSENT,,
h1:original/high/h1/2mid/22_매산고_2학기_중간_고1_기출.js_2,original/high/h1/2mid/22_매산고_2학기_중간_고1_기출.js,H15-SB-03,H15-SB-03-FUNCTION_RELATION,UNADJUDICATED,SOLUTION_CANDIDATE,TRIAGE_NO_GRAPH_SIGNAL,,,ABSENT,,ABSENT,ABSENT,,
h1:original/high/h1/2mid/22_매산고_2학기_중간_고1_기출.js_20,original/high/h1/2mid/22_매산고_2학기_중간_고1_기출.js,H15-SB-03,H15-SB-03-COMPOSITE_FUNCTION,UNADJUDICATED,PROBLEM_PRESENT_REVIEW,PRIORITY_1_GRAPH_GAP_CANDIDATE,assets/images/22_매산고_2학기_중간_고1_기출/q20.png,,PRESENT,,PRESENT,ABSENT,c9bd366ed48e1ca10c1e774f06f32ebbdbe50e5713a343ec4622bf04454f0bf7,
h1:original/high/h1/2mid/22_매산고_2학기_중간_고1_기출.js_5,original/high/h1/2mid/22_매산고_2학기_중간_고1_기출.js,H15-SB-03,H15-SB-03-COMPOSITE_FUNCTION,UNADJUDICATED,SOLUTION_CANDIDATE,PRIORITY_2_GRAPH_SUBUNIT_CANDIDATE,,,ABSENT,,ABSENT,ABSENT,,
h1:original/high/h1/2mid/22_매산고_2학기_중간_고1_기출.js_8,original/high/h1/2mid/22_매산고_2학기_중간_고1_기출.js,H15-SB-03,H15-SB-03-FUNCTION_RELATION,UNADJUDICATED,SOLUTION_CANDIDATE,TRIAGE_NO_GRAPH_SIGNAL,,,ABSENT,,ABSENT,ABSENT,,
h1:original/high/h1/2mid/22_매산고_2학기_중간_고1_기출.js_9,original/high/h1/2mid/22_매산고_2학기_중간_고1_기출.js,H15-SB-03,H15-SB-03-FUNCTION_RELATION,UNADJUDICATED,PROBLEM_PRESENT_REVIEW,PRIORITY_1_GRAPH_GAP_CANDIDATE,assets/images/22_매산고_2학기_중간_고1_기출/q09.png,,PRESENT,,PRESENT,ABSENT,20ca8e1a02bb5b726c035be2ef7513f3061e5f44f81ec2cac36448bfa1d1c1b5,
h1:original/high/h1/2mid/22_복성고_2학기_중간_고1_기출.js_10,original/high/h1/2mid/22_복성고_2학기_중간_고1_기출.js,H15-SB-03,H15-SB-03-COMPOSITE_FUNCTION,UNADJUDICATED,SOLUTION_CANDIDATE,PRIORITY_2_GRAPH_SUBUNIT_CANDIDATE,,,ABSENT,,ABSENT,ABSENT,,
h1:original/high/h1/2mid/22_복성고_2학기_중간_고1_기출.js_12,original/high/h1/2mid/22_복성고_2학기_중간_고1_기출.js,H15-SB-03,H15-SB-03-COMPOSITE_FUNCTION,UNADJUDICATED,PROBLEM_PRESENT_REVIEW,PRIORITY_1_GRAPH_GAP_CANDIDATE,assets/images/22_복성고_2학기_중간_고1_기출/q12.png,,PRESENT,,PRESENT,ABSENT,83d1081b6f5b0e4a8c17783caaa73910dba05a93ed801e2a50da02acc42d1740,
h1:original/high/h1/2mid/22_복성고_2학기_중간_고1_기출.js_13,original/high/h1/2mid/22_복성고_2학기_중간_고1_기출.js,H15-SB-03,H15-SB-03-INVERSE_FUNCTION,UNADJUDICATED,SOLUTION_CANDIDATE,PRIORITY_1_EXPLICIT_GRAPH_CANDIDATE,,,ABSENT,,ABSENT,ABSENT,,
h1:original/high/h1/2mid/22_복성고_2학기_중간_고1_기출.js_16,original/high/h1/2mid/22_복성고_2학기_중간_고1_기출.js,H15-SB-03,H15-SB-03-INVERSE_FUNCTION,UNADJUDICATED,SOLUTION_CANDIDATE,PRIORITY_1_EXPLICIT_GRAPH_CANDIDATE,,,ABSENT,,ABSENT,ABSENT,,
h1:original/high/h1/2mid/22_복성고_2학기_중간_고1_기출.js_19,original/high/h1/2mid/22_복성고_2학기_중간_고1_기출.js,H15-SB-03,H15-SB-03-FUNCTION_RELATION,UNADJUDICATED,PROBLEM_PRESENT_REVIEW,PRIORITY_1_GRAPH_GAP_CANDIDATE,assets/images/22_복성고_2학기_중간_고1_기출/q19.png,,PRESENT,,PRESENT,ABSENT,5662c0b0e6d0d92bd0c4a99c8b0b7b02cc6a2049c4698131de62dea009da6764,
h1:original/high/h1/2mid/22_복성고_2학기_중간_고1_기출.js_20,original/high/h1/2mid/22_복성고_2학기_중간_고1_기출.js,H15-SB-03,H15-SB-03-FUNCTION_RELATION,UNADJUDICATED,SOLUTION_CANDIDATE,TRIAGE_NO_GRAPH_SIGNAL,,,ABSENT,,ABSENT,ABSENT,,
h1:original/high/h1/2mid/22_복성고_2학기_중간_고1_기출.js_22,original/high/h1/2mid/22_복성고_2학기_중간_고1_기출.js,H15-SB-04,H15-SB-04-RATIONAL_BASIC,UNADJUDICATED,PROBLEM_PRESENT_REVIEW,PRIORITY_1_GRAPH_GAP_CANDIDATE,assets/images/22_복성고_2학기_중간_고1_기출/q22.png,,PRESENT,,PRESENT,ABSENT,549df927c16e67005523f0082a70fb01b2ef39a33ab47d2330afff4405639f12,
h1:original/high/h1/2mid/22_복성고_2학기_중간_고1_기출.js_3,original/high/h1/2mid/22_복성고_2학기_중간_고1_기출.js,H15-SB-03,H15-SB-03-INVERSE_FUNCTION,UNADJUDICATED,SOLUTION_CANDIDATE,TRIAGE_NO_GRAPH_SIGNAL,,,ABSENT,,ABSENT,ABSENT,,
h1:original/high/h1/2mid/22_복성고_2학기_중간_고1_기출.js_4,original/high/h1/2mid/22_복성고_2학기_중간_고1_기출.js,H15-SB-03,H15-SB-03-FUNCTION_RELATION,UNADJUDICATED,PROBLEM_PRESENT_REVIEW,PRIORITY_1_GRAPH_GAP_CANDIDATE,assets/images/22_복성고_2학기_중간_고1_기출/q04.png,,PRESENT,,PRESENT,ABSENT,3a5054eff1ba91fc44e0ee9fdcf523891abf76e72892f2418561131097a98666,
h1:original/high/h1/2mid/22_복성고_2학기_중간_고1_기출.js_6,original/high/h1/2mid/22_복성고_2학기_중간_고1_기출.js,H15-SB-04,H15-SB-04-RATIONAL_BASIC,UNADJUDICATED,SOLUTION_CANDIDATE,TRIAGE_NO_GRAPH_SIGNAL,,,ABSENT,,ABSENT,ABSENT,,
h1:original/high/h1/2mid/22_복성고_2학기_중간_고1_기출.js_7,original/high/h1/2mid/22_복성고_2학기_중간_고1_기출.js,H15-SB-04,H15-SB-04-RATIONAL_GRAPH,UNADJUDICATED,SOLUTION_CANDIDATE,PRIORITY_1_EXPLICIT_GRAPH_CANDIDATE,,,ABSENT,,ABSENT,ABSENT,,
h1:original/high/h1/2mid/22_순천여고_2학기_중간_고1_기출.js_11,original/high/h1/2mid/22_순천여고_2학기_중간_고1_기출.js,H15-SB-03,H15-SB-03-FUNCTION_RELATION,UNADJUDICATED,SOLUTION_CANDIDATE,TRIAGE_NO_GRAPH_SIGNAL,,,ABSENT,,ABSENT,ABSENT,,
h1:original/high/h1/2mid/22_순천여고_2학기_중간_고1_기출.js_14,original/high/h1/2mid/22_순천여고_2학기_중간_고1_기출.js,H15-SB-03,H15-SB-03-FUNCTION_RELATION,UNADJUDICATED,SOLUTION_CANDIDATE,TRIAGE_NO_GRAPH_SIGNAL,,,ABSENT,,ABSENT,ABSENT,,
h1:original/high/h1/2mid/22_순천여고_2학기_중간_고1_기출.js_16,original/high/h1/2mid/22_순천여고_2학기_중간_고1_기출.js,H15-SB-03,H15-SB-03-COMPOSITE_FUNCTION,UNADJUDICATED,SOLUTION_CANDIDATE,SOLUTION_VISUAL_PRESENT,,assets/images/22_순천여고_2학기_중간_고1_기출/q16-solution.svg,ABSENT,,ABSENT,PRESENT,,c0c554d7f68fc5c124f613e203e2e9baca20ea02bdfe0771a1ee8845e3421825
h1:original/high/h1/2mid/22_순천여고_2학기_중간_고1_기출.js_17,original/high/h1/2mid/22_순천여고_2학기_중간_고1_기출.js,H15-SB-03,H15-SB-03-COMPOSITE_FUNCTION,UNADJUDICATED,SOLUTION_CANDIDATE,SOLUTION_VISUAL_PRESENT,,assets/images/22_순천여고_2학기_중간_고1_기출/q17-solution.svg,ABSENT,,ABSENT,PRESENT,,58bcf60748ff0ff47873789f35b953b05e2fe38329dc6235c95034efed8ec4ee
h1:original/high/h1/2mid/22_순천여고_2학기_중간_고1_기출.js_18,original/high/h1/2mid/22_순천여고_2학기_중간_고1_기출.js,H15-SB-03,H15-SB-03-COMPOSITE_FUNCTION,UNADJUDICATED,SOLUTION_CANDIDATE,PRIORITY_2_GRAPH_RELATION_CANDIDATE,,,ABSENT,,ABSENT,ABSENT,,
h1:original/high/h1/2mid/22_순천여고_2학기_중간_고1_기출.js_19,original/high/h1/2mid/22_순천여고_2학기_중간_고1_기출.js,H15-SB-03,H15-SB-03-FUNCTION_RELATION,UNADJUDICATED,PROBLEM_PRESENT_REVIEW,PRIORITY_1_GRAPH_GAP_CANDIDATE,assets/images/22_순천여고_2학기_중간_고1_기출/q19.png,,PRESENT,,PRESENT,ABSENT,60b6dd956397ad2145658c3508fdfc947c5ef29754d98755866520f730d2fd2e,
h1:original/high/h1/2mid/22_순천여고_2학기_중간_고1_기출.js_2,original/high/h1/2mid/22_순천여고_2학기_중간_고1_기출.js,H15-SB-03,H15-SB-03-FUNCTION_RELATION,UNADJUDICATED,PROBLEM_PRESENT_REVIEW,PRIORITY_1_GRAPH_GAP_CANDIDATE,assets/images/22_순천여고_2학기_중간_고1_기출/q02.png,,PRESENT,,PRESENT,ABSENT,09f339b225891e639cb74e38e11ca32ef0fbd800756ee0ca3b38e9d062b124d5,
h1:original/high/h1/2mid/22_순천여고_2학기_중간_고1_기출.js_20,original/high/h1/2mid/22_순천여고_2학기_중간_고1_기출.js,H15-SB-03,H15-SB-03-FUNCTION_RELATION,UNADJUDICATED,SOLUTION_CANDIDATE,PRIORITY_1_EXPLICIT_GRAPH_CANDIDATE,,,ABSENT,,ABSENT,ABSENT,,
h1:original/high/h1/2mid/22_순천여고_2학기_중간_고1_기출.js_23,original/high/h1/2mid/22_순천여고_2학기_중간_고1_기출.js,H15-SB-03,H15-SB-03-INVERSE_FUNCTION,UNADJUDICATED,SOLUTION_CANDIDATE,TRIAGE_NO_GRAPH_SIGNAL,,,ABSENT,,ABSENT,ABSENT,,
h1:original/high/h1/2mid/22_순천여고_2학기_중간_고1_기출.js_5,original/high/h1/2mid/22_순천여고_2학기_중간_고1_기출.js,H15-SB-03,H15-SB-03-INVERSE_FUNCTION,UNADJUDICATED,SOLUTION_CANDIDATE,TRIAGE_NO_GRAPH_SIGNAL,,,ABSENT,,ABSENT,ABSENT,,
h1:original/high/h1/2mid/22_순천여고_2학기_중간_고1_기출.js_7,original/high/h1/2mid/22_순천여고_2학기_중간_고1_기출.js,H15-SB-03,H15-SB-03-COMPOSITE_FUNCTION,UNADJUDICATED,PROBLEM_PRESENT_REVIEW,PRIORITY_1_GRAPH_GAP_CANDIDATE,assets/images/22_순천여고_2학기_중간_고1_기출/q07.png,,PRESENT,,PRESENT,ABSENT,8da6221030380da08ad1b24bd20e3f4d2261e48fed0a51bb5e690eae74daaff9,
h1:original/high/h1/2mid/22_순천여고_2학기_중간_고1_기출.js_9,original/high/h1/2mid/22_순천여고_2학기_중간_고1_기출.js,H15-SB-03,H15-SB-03-INVERSE_FUNCTION,UNADJUDICATED,PROBLEM_PRESENT_REVIEW,PRIORITY_1_GRAPH_GAP_CANDIDATE,assets/images/22_순천여고_2학기_중간_고1_기출/q09.png,,PRESENT,,PRESENT,ABSENT,1126538476e3623eaab73118fde8396aea8177751995c0acb101220b67327eec,
h1:original/high/h1/2mid/22_제일고_2학기_중간_고1_기출.js_12,original/high/h1/2mid/22_제일고_2학기_중간_고1_기출.js,H15-SB-03,H15-SB-03-FUNCTION_RELATION,UNADJUDICATED,SOLUTION_CANDIDATE,TRIAGE_NO_GRAPH_SIGNAL,,,ABSENT,,ABSENT,ABSENT,,
h1:original/high/h1/2mid/22_제일고_2학기_중간_고1_기출.js_16,original/high/h1/2mid/22_제일고_2학기_중간_고1_기출.js,H15-SB-03,H15-SB-03-FUNCTION_RELATION,UNADJUDICATED,SOLUTION_CANDIDATE,TRIAGE_NO_GRAPH_SIGNAL,,,ABSENT,,ABSENT,ABSENT,,
h1:original/high/h1/2mid/22_제일고_2학기_중간_고1_기출.js_18,original/high/h1/2mid/22_제일고_2학기_중간_고1_기출.js,H15-SB-03,H15-SB-03-COMPOSITE_FUNCTION,UNADJUDICATED,SOLUTION_CANDIDATE,PRIORITY_2_GRAPH_SUBUNIT_CANDIDATE,,,ABSENT,,ABSENT,ABSENT,,
h1:original/high/h1/2mid/22_제일고_2학기_중간_고1_기출.js_6,original/high/h1/2mid/22_제일고_2학기_중간_고1_기출.js,H15-SB-03,H15-SB-03-INVERSE_FUNCTION,UNADJUDICATED,SOLUTION_CANDIDATE,TRIAGE_NO_GRAPH_SIGNAL,,,ABSENT,,ABSENT,ABSENT,,
h1:original/high/h1/2mid/22_제일고_2학기_중간_고1_기출.js_8,original/high/h1/2mid/22_제일고_2학기_중간_고1_기출.js,H15-SB-03,H15-SB-03-FUNCTION_RELATION,UNADJUDICATED,SOLUTION_CANDIDATE,TRIAGE_NO_GRAPH_SIGNAL,,,ABSENT,,ABSENT,ABSENT,,
h1:original/high/h1/2mid/22_팔마고_2학기_중간_고1_기출.js_10,original/high/h1/2mid/22_팔마고_2학기_중간_고1_기출.js,H15-SB-03,H15-SB-03-FUNCTION_RELATION,UNADJUDICATED,SOLUTION_CANDIDATE,TRIAGE_NO_GRAPH_SIGNAL,,,ABSENT,,ABSENT,ABSENT,,
h1:original/high/h1/2mid/22_팔마고_2학기_중간_고1_기출.js_11,original/high/h1/2mid/22_팔마고_2학기_중간_고1_기출.js,H15-SB-03,H15-SB-03-COMPOSITE_FUNCTION,UNADJUDICATED,PROBLEM_PRESENT_REVIEW,PRIORITY_1_GRAPH_GAP_CANDIDATE,assets/images/22_팔마고_2학기_중간_고1_기출/q11.png,,PRESENT,,PRESENT,ABSENT,9b4729ebd2c43745c0dcc2e5cca67503e272972b9d72a5809dc31157ead754fb,
h1:original/high/h1/2mid/22_팔마고_2학기_중간_고1_기출.js_12,original/high/h1/2mid/22_팔마고_2학기_중간_고1_기출.js,H15-SB-03,H15-SB-03-INVERSE_FUNCTION,UNADJUDICATED,SOLUTION_CANDIDATE,SOLUTION_VISUAL_PRESENT,,assets/images/22_팔마고_2학기_중간_고1_기출/q12-solution.svg,ABSENT,,ABSENT,PRESENT,,8dfa267798c2f47f9b1ca07c87e70a607dd2e4e2b8470479eb5f0cd68fc8da7d
h1:original/high/h1/2mid/22_팔마고_2학기_중간_고1_기출.js_13,original/high/h1/2mid/22_팔마고_2학기_중간_고1_기출.js,H15-SB-03,H15-SB-03-COMPOSITE_FUNCTION,UNADJUDICATED,SOLUTION_CANDIDATE,PRIORITY_2_GRAPH_SUBUNIT_CANDIDATE,,,ABSENT,,ABSENT,ABSENT,,
h1:original/high/h1/2mid/22_팔마고_2학기_중간_고1_기출.js_16,original/high/h1/2mid/22_팔마고_2학기_중간_고1_기출.js,H15-SB-03,H15-SB-03-FUNCTION_RELATION,UNADJUDICATED,PROBLEM_PRESENT_REVIEW,PRIORITY_1_GRAPH_GAP_CANDIDATE,assets/images/22_팔마고_2학기_중간_고1_기출/q16.png,,PRESENT,,PRESENT,ABSENT,28c8b9804d54297f0559dc1516ff65e2456255f58c53b4b20de15c0ba9085aa4,
h1:original/high/h1/2mid/22_팔마고_2학기_중간_고1_기출.js_17,original/high/h1/2mid/22_팔마고_2학기_중간_고1_기출.js,H15-SB-03,H15-SB-03-INVERSE_FUNCTION,UNADJUDICATED,SOLUTION_CANDIDATE,TRIAGE_NO_GRAPH_SIGNAL,,,ABSENT,,ABSENT,ABSENT,,
h1:original/high/h1/2mid/22_팔마고_2학기_중간_고1_기출.js_19,original/high/h1/2mid/22_팔마고_2학기_중간_고1_기출.js,H15-SB-03,H15-SB-03-INVERSE_FUNCTION,UNADJUDICATED,SOLUTION_CANDIDATE,TRIAGE_NO_GRAPH_SIGNAL,,,ABSENT,,ABSENT,ABSENT,,
h1:original/high/h1/2mid/22_팔마고_2학기_중간_고1_기출.js_22,original/high/h1/2mid/22_팔마고_2학기_중간_고1_기출.js,H15-SB-03,H15-SB-03-INVERSE_FUNCTION,UNADJUDICATED,SOLUTION_CANDIDATE,SOLUTION_VISUAL_PRESENT,,assets/images/22_팔마고_2학기_중간_고1_기출/q22-solution.svg,ABSENT,,ABSENT,PRESENT,,aab32952e415d9c666f00e8996917885fee718534c271b4f4f1b64c9ab2f2f66
h1:original/high/h1/2mid/22_팔마고_2학기_중간_고1_기출.js_4,original/high/h1/2mid/22_팔마고_2학기_중간_고1_기출.js,H15-SB-03,H15-SB-03-FUNCTION_RELATION,UNADJUDICATED,SOLUTION_CANDIDATE,TRIAGE_NO_GRAPH_SIGNAL,,,ABSENT,,ABSENT,ABSENT,,
h1:original/high/h1/2mid/22_팔마고_2학기_중간_고1_기출.js_5,original/high/h1/2mid/22_팔마고_2학기_중간_고1_기출.js,H15-SB-03,H15-SB-03-FUNCTION_RELATION,UNADJUDICATED,SOLUTION_CANDIDATE,TRIAGE_NO_GRAPH_SIGNAL,,,ABSENT,,ABSENT,ABSENT,,
h1:original/high/h1/2mid/22_팔마고_2학기_중간_고1_기출.js_6,original/high/h1/2mid/22_팔마고_2학기_중간_고1_기출.js,H15-SB-03,H15-SB-03-INVERSE_FUNCTION,UNADJUDICATED,SOLUTION_CANDIDATE,TRIAGE_NO_GRAPH_SIGNAL,,,ABSENT,,ABSENT,ABSENT,,
h1:original/high/h1/2mid/22_효천고_2학기_중간_고1_기출.js_16,original/high/h1/2mid/22_효천고_2학기_중간_고1_기출.js,H15-SB-03,H15-SB-03-COMPOSITE_FUNCTION,UNADJUDICATED,SOLUTION_CANDIDATE,PRIORITY_2_GRAPH_SUBUNIT_CANDIDATE,,,ABSENT,,ABSENT,ABSENT,,
h1:original/high/h1/2mid/22_효천고_2학기_중간_고1_기출.js_19,original/high/h1/2mid/22_효천고_2학기_중간_고1_기출.js,H15-SB-03,H15-SB-03-FUNCTION_RELATION,UNADJUDICATED,SOLUTION_CANDIDATE,TRIAGE_NO_GRAPH_SIGNAL,,,ABSENT,,ABSENT,ABSENT,,
h1:original/high/h1/2mid/22_효천고_2학기_중간_고1_기출.js_22,original/high/h1/2mid/22_효천고_2학기_중간_고1_기출.js,H15-SB-03,H15-SB-03-FUNCTION_RELATION,UNADJUDICATED,SOLUTION_CANDIDATE,SOLUTION_VISUAL_PRESENT,,assets/images/22_효천고_2학기_중간_고1_기출/q22-solution.svg,ABSENT,,ABSENT,PRESENT,,e507a826654095ba64d6d80d5279b6f20cf01f4bb725242667760e0bceb4b384
h1:original/high/h1/2mid/22_효천고_2학기_중간_고1_기출.js_3,original/high/h1/2mid/22_효천고_2학기_중간_고1_기출.js,H15-SB-03,H15-SB-03-FUNCTION_RELATION,UNADJUDICATED,PROBLEM_PRESENT_REVIEW,PRIORITY_1_GRAPH_GAP_CANDIDATE,assets/images/22_효천고_2학기_중간_고1_기출/q03.png,,PRESENT,,PRESENT,ABSENT,8cd0815f68e4c3aca313eff36d14a1fd88f8d8c37195a7fcc3d6ae7fd4a93e31,
h1:original/high/h1/2mid/22_효천고_2학기_중간_고1_기출.js_4,original/high/h1/2mid/22_효천고_2학기_중간_고1_기출.js,H15-SB-03,H15-SB-03-FUNCTION_RELATION,UNADJUDICATED,SOLUTION_CANDIDATE,TRIAGE_NO_GRAPH_SIGNAL,,,ABSENT,,ABSENT,ABSENT,,
h1:original/high/h1/2mid/22_효천고_2학기_중간_고1_기출.js_6,original/high/h1/2mid/22_효천고_2학기_중간_고1_기출.js,H15-SB-03,H15-SB-03-COMPOSITE_FUNCTION,UNADJUDICATED,SOLUTION_CANDIDATE,PRIORITY_2_GRAPH_SUBUNIT_CANDIDATE,,,ABSENT,,ABSENT,ABSENT,,
h1:original/high/h1/2mid/22_효천고_2학기_중간_고1_기출.js_7,original/high/h1/2mid/22_효천고_2학기_중간_고1_기출.js,H15-SB-03,H15-SB-03-FUNCTION_RELATION,UNADJUDICATED,SOLUTION_CANDIDATE,TRIAGE_NO_GRAPH_SIGNAL,,,ABSENT,,ABSENT,ABSENT,,
h1:original/high/h1/2mid/22_효천고_2학기_중간_고1_기출.js_8,original/high/h1/2mid/22_효천고_2학기_중간_고1_기출.js,H15-SB-03,H15-SB-03-COMPOSITE_FUNCTION,UNADJUDICATED,SOLUTION_CANDIDATE,PRIORITY_2_GRAPH_SUBUNIT_CANDIDATE,,,ABSENT,,ABSENT,ABSENT,,
h1:original/high/h1/2mid/23_강남여고_2학기_중간_고1_기출.js_10,original/high/h1/2mid/23_강남여고_2학기_중간_고1_기출.js,H15-SB-03,H15-SB-03-INVERSE_FUNCTION,UNADJUDICATED,SOLUTION_CANDIDATE,TRIAGE_NO_GRAPH_SIGNAL,,,ABSENT,,ABSENT,ABSENT,,
h1:original/high/h1/2mid/23_강남여고_2학기_중간_고1_기출.js_14,original/high/h1/2mid/23_강남여고_2학기_중간_고1_기출.js,H15-SB-03,H15-SB-03-COMPOSITE_FUNCTION,UNADJUDICATED,PROBLEM_PRESENT_REVIEW,PRIORITY_1_GRAPH_GAP_CANDIDATE,assets/images/23_강남여고_2학기_중간_고1_기출/q14.png,,PRESENT,,PRESENT,ABSENT,80cbd5bd5fc05b224235875c99cb0ead555cfc9a4441b37494f41a144c9e2bcd,
h1:original/high/h1/2mid/23_강남여고_2학기_중간_고1_기출.js_18,original/high/h1/2mid/23_강남여고_2학기_중간_고1_기출.js,H15-SB-03,H15-SB-03-COMPOSITE_FUNCTION,UNADJUDICATED,SOLUTION_CANDIDATE,PRIORITY_2_GRAPH_SUBUNIT_CANDIDATE,,,ABSENT,,ABSENT,ABSENT,,
h1:original/high/h1/2mid/23_강남여고_2학기_중간_고1_기출.js_19,original/high/h1/2mid/23_강남여고_2학기_중간_고1_기출.js,H15-SB-03,H15-SB-03-COMPOSITE_FUNCTION,UNADJUDICATED,SOLUTION_CANDIDATE,PRIORITY_2_GRAPH_SUBUNIT_CANDIDATE,,,ABSENT,,ABSENT,ABSENT,,
h1:original/high/h1/2mid/23_강남여고_2학기_중간_고1_기출.js_20,original/high/h1/2mid/23_강남여고_2학기_중간_고1_기출.js,H15-SB-03,H15-SB-03-INVERSE_FUNCTION,UNADJUDICATED,PROBLEM_PRESENT_REVIEW,PRIORITY_1_GRAPH_GAP_CANDIDATE,assets/images/23_강남여고_2학기_중간_고1_기출/q20.png,,PRESENT,,PRESENT,ABSENT,a1ea539dbb87a9781f1fb26aa1459e817a21153558ca6e505d86fcedc5bc00c0,
h1:original/high/h1/2mid/23_강남여고_2학기_중간_고1_기출.js_23,original/high/h1/2mid/23_강남여고_2학기_중간_고1_기출.js,H15-SB-03,H15-SB-03-COMPOSITE_FUNCTION,UNADJUDICATED,SOLUTION_CANDIDATE,PRIORITY_2_GRAPH_SUBUNIT_CANDIDATE,,,ABSENT,,ABSENT,ABSENT,,
h1:original/high/h1/2mid/23_강남여고_2학기_중간_고1_기출.js_7,original/high/h1/2mid/23_강남여고_2학기_중간_고1_기출.js,H15-SB-03,H15-SB-03-FUNCTION_RELATION,UNADJUDICATED,PROBLEM_PRESENT_REVIEW,PRIORITY_1_GRAPH_GAP_CANDIDATE,assets/images/23_강남여고_2학기_중간_고1_기출/q07.png,,PRESENT,,PRESENT,ABSENT,d6336b96fb0aa7b6ee680851449ca0b13fdc3e2c5569c1b12ee8aa2dfedf92eb,
h1:original/high/h1/2mid/23_강남여고_2학기_중간_고1_기출.js_8,original/high/h1/2mid/23_강남여고_2학기_중간_고1_기출.js,H15-SB-03,H15-SB-03-FUNCTION_RELATION,UNADJUDICATED,SOLUTION_CANDIDATE,TRIAGE_NO_GRAPH_SIGNAL,,,ABSENT,,ABSENT,ABSENT,,
h1:original/high/h1/2mid/23_강남여고_2학기_중간_고1_기출.js_9,original/high/h1/2mid/23_강남여고_2학기_중간_고1_기출.js,H15-SB-03,H15-SB-03-COMPOSITE_FUNCTION,UNADJUDICATED,PROBLEM_PRESENT_REVIEW,PRIORITY_1_GRAPH_GAP_CANDIDATE,assets/images/23_강남여고_2학기_중간_고1_기출/q09.png,,PRESENT,,PRESENT,ABSENT,ddc326034ac8562c4b645c0091f1982d4fa76a89bc930b7a15517afa0fe110cf,
h1:original/high/h1/2mid/23_매산여고_2학기_중간_고1_기출.js_13,original/high/h1/2mid/23_매산여고_2학기_중간_고1_기출.js,H15-SB-03,,UNADJUDICATED,SOLUTION_CANDIDATE,TRIAGE_NO_GRAPH_SIGNAL,,,ABSENT,,ABSENT,ABSENT,,
h1:original/high/h1/2mid/23_매산여고_2학기_중간_고1_기출.js_14,original/high/h1/2mid/23_매산여고_2학기_중간_고1_기출.js,H15-SB-03,,UNADJUDICATED,SOLUTION_CANDIDATE,TRIAGE_NO_GRAPH_SIGNAL,,,ABSENT,,ABSENT,ABSENT,,
h1:original/high/h1/2mid/23_매산여고_2학기_중간_고1_기출.js_18,original/high/h1/2mid/23_매산여고_2학기_중간_고1_기출.js,H15-SB-03,,UNADJUDICATED,SOLUTION_CANDIDATE,TRIAGE_NO_GRAPH_SIGNAL,,,ABSENT,,ABSENT,ABSENT,,
h1:original/high/h1/2mid/23_순천여고_2학기_중간_고1_기출.js_12,original/high/h1/2mid/23_순천여고_2학기_중간_고1_기출.js,H15-SB-03,H15-SB-03-INVERSE_FUNCTION,UNADJUDICATED,SOLUTION_CANDIDATE,TRIAGE_NO_GRAPH_SIGNAL,,,ABSENT,,ABSENT,ABSENT,,
h1:original/high/h1/2mid/23_순천여고_2학기_중간_고1_기출.js_18,original/high/h1/2mid/23_순천여고_2학기_중간_고1_기출.js,H15-SB-03,H15-SB-03-COMPOSITE_FUNCTION,UNADJUDICATED,SOLUTION_CANDIDATE,PRIORITY_2_GRAPH_SUBUNIT_CANDIDATE,,,ABSENT,,ABSENT,ABSENT,,
h1:original/high/h1/2mid/23_순천여고_2학기_중간_고1_기출.js_19,original/high/h1/2mid/23_순천여고_2학기_중간_고1_기출.js,H15-SB-03,H15-SB-03-COMPOSITE_FUNCTION,UNADJUDICATED,SOLUTION_CANDIDATE,PRIORITY_2_GRAPH_SUBUNIT_CANDIDATE,,,ABSENT,,ABSENT,ABSENT,,
h1:original/high/h1/2mid/23_순천여고_2학기_중간_고1_기출.js_23,original/high/h1/2mid/23_순천여고_2학기_중간_고1_기출.js,H15-SB-03,H15-SB-03-INVERSE_FUNCTION,UNADJUDICATED,SOLUTION_CANDIDATE,PRIORITY_1_EXPLICIT_GRAPH_CANDIDATE,,,ABSENT,,ABSENT,ABSENT,,
h1:original/high/h1/2mid/23_순천여고_2학기_중간_고1_기출.js_3,original/high/h1/2mid/23_순천여고_2학기_중간_고1_기출.js,H15-SB-03,H15-SB-03-FUNCTION_RELATION,UNADJUDICATED,SOLUTION_CANDIDATE,TRIAGE_NO_GRAPH_SIGNAL,,,ABSENT,,ABSENT,ABSENT,,
h1:original/high/h1/2mid/23_순천여고_2학기_중간_고1_기출.js_4,original/high/h1/2mid/23_순천여고_2학기_중간_고1_기출.js,H15-SB-03,H15-SB-03-COMPOSITE_FUNCTION,UNADJUDICATED,PROBLEM_PRESENT_REVIEW,PRIORITY_1_GRAPH_GAP_CANDIDATE,assets/images/23_순천여고_2학기_중간_고1_기출/q04.png,,PRESENT,,PRESENT,ABSENT,d7a865d988c06205740bdb9adc83f5d122a5e2f5aeae34b8aeb36d74e70297cc,
h1:original/high/h1/2mid/23_순천여고_2학기_중간_고1_기출.js_6,original/high/h1/2mid/23_순천여고_2학기_중간_고1_기출.js,H15-SB-03,H15-SB-03-INVERSE_FUNCTION,UNADJUDICATED,SOLUTION_CANDIDATE,TRIAGE_NO_GRAPH_SIGNAL,,,ABSENT,,ABSENT,ABSENT,,
h1:original/high/h1/2mid/23_팔마고_2학기_중간_고1_기출.js_10,original/high/h1/2mid/23_팔마고_2학기_중간_고1_기출.js,H15-SB-03,H15-SB-03-COMPOSITE_FUNCTION,UNADJUDICATED,SOLUTION_CANDIDATE,PRIORITY_2_GRAPH_RELATION_CANDIDATE,,,ABSENT,,ABSENT,ABSENT,,
h1:original/high/h1/2mid/23_팔마고_2학기_중간_고1_기출.js_2,original/high/h1/2mid/23_팔마고_2학기_중간_고1_기출.js,H15-SB-03,H15-SB-03-FUNCTION_RELATION,UNADJUDICATED,SOLUTION_CANDIDATE,TRIAGE_NO_GRAPH_SIGNAL,,,ABSENT,,ABSENT,ABSENT,,
h1:original/high/h1/2mid/23_팔마고_2학기_중간_고1_기출.js_4,original/high/h1/2mid/23_팔마고_2학기_중간_고1_기출.js,H15-SB-03,H15-SB-03-FUNCTION_RELATION,UNADJUDICATED,SOLUTION_CANDIDATE,TRIAGE_NO_GRAPH_SIGNAL,,,ABSENT,,ABSENT,ABSENT,,
h1:original/high/h1/2mid/24_금당고_2학기_중간_고1_기출.js_12,original/high/h1/2mid/24_금당고_2학기_중간_고1_기출.js,H15-SB-03,H15-SB-03-COMPOSITE_FUNCTION,UNADJUDICATED,SOLUTION_CANDIDATE,PRIORITY_2_GRAPH_SUBUNIT_CANDIDATE,,,ABSENT,,ABSENT,ABSENT,,
h1:original/high/h1/2mid/24_금당고_2학기_중간_고1_기출.js_21,original/high/h1/2mid/24_금당고_2학기_중간_고1_기출.js,H15-SB-03,H15-SB-03-FUNCTION_RELATION,UNADJUDICATED,SOLUTION_CANDIDATE,TRIAGE_NO_GRAPH_SIGNAL,,,ABSENT,,ABSENT,ABSENT,,
h1:original/high/h1/2mid/24_금당고_2학기_중간_고1_기출.js_4,original/high/h1/2mid/24_금당고_2학기_중간_고1_기출.js,H15-SB-03,H15-SB-03-FUNCTION_RELATION,UNADJUDICATED,SOLUTION_CANDIDATE,TRIAGE_NO_GRAPH_SIGNAL,,,ABSENT,,ABSENT,ABSENT,,
h1:original/high/h1/2mid/24_금당고_2학기_중간_고1_기출.js_6,original/high/h1/2mid/24_금당고_2학기_중간_고1_기출.js,H15-SB-03,H15-SB-03-FUNCTION_RELATION,UNADJUDICATED,SOLUTION_CANDIDATE,TRIAGE_NO_GRAPH_SIGNAL,,,ABSENT,,ABSENT,ABSENT,,
h1:original/high/h1/2mid/24_제일고_2학기_중간_고1_기출.js_10,original/high/h1/2mid/24_제일고_2학기_중간_고1_기출.js,H15-SB-03,H15-SB-03-FUNCTION_RELATION,UNADJUDICATED,SOLUTION_CANDIDATE,TRIAGE_NO_GRAPH_SIGNAL,,,ABSENT,,ABSENT,ABSENT,,
h1:original/high/h1/2mid/24_제일고_2학기_중간_고1_기출.js_11,original/high/h1/2mid/24_제일고_2학기_중간_고1_기출.js,H15-SB-03,H15-SB-03-FUNCTION_RELATION,UNADJUDICATED,SOLUTION_CANDIDATE,TRIAGE_NO_GRAPH_SIGNAL,,,ABSENT,,ABSENT,ABSENT,,
h1:original/high/h1/2mid/24_제일고_2학기_중간_고1_기출.js_12,original/high/h1/2mid/24_제일고_2학기_중간_고1_기출.js,H15-SB-03,H15-SB-03-COMPOSITE_FUNCTION,UNADJUDICATED,SOLUTION_CANDIDATE,PRIORITY_2_GRAPH_SUBUNIT_CANDIDATE,,,ABSENT,,ABSENT,ABSENT,,
h1:original/high/h1/2mid/24_제일고_2학기_중간_고1_기출.js_13,original/high/h1/2mid/24_제일고_2학기_중간_고1_기출.js,H15-SB-03,H15-SB-03-COMPOSITE_FUNCTION,UNADJUDICATED,PROBLEM_PRESENT_REVIEW,PRIORITY_1_GRAPH_GAP_CANDIDATE,assets/images/24_제일고_2학기_중간_고1_기출/q13.png,,PRESENT,,PRESENT,ABSENT,fb33515de5d4f23f9254e7f0619b1d0378a26b5737d7f2eccf1dc6fc95ea9338,
h1:original/high/h1/2mid/24_제일고_2학기_중간_고1_기출.js_14,original/high/h1/2mid/24_제일고_2학기_중간_고1_기출.js,H15-SB-03,H15-SB-03-FUNCTION_RELATION,UNADJUDICATED,SOLUTION_CANDIDATE,TRIAGE_NO_GRAPH_SIGNAL,,,ABSENT,,ABSENT,ABSENT,,
h1:original/high/h1/2mid/24_제일고_2학기_중간_고1_기출.js_15,original/high/h1/2mid/24_제일고_2학기_중간_고1_기출.js,H15-SB-03,H15-SB-03-COMPOSITE_FUNCTION,UNADJUDICATED,SOLUTION_CANDIDATE,SOLUTION_VISUAL_PRESENT,,assets/images/24_제일고_2학기_중간_고1_기출/q15-solution.svg,ABSENT,,ABSENT,PRESENT,,0bbf0cec648ee8a2da4a58cc7980f2d6874ec64d77d556fff9fcd36f45eac6d2
h1:original/high/h1/2mid/24_제일고_2학기_중간_고1_기출.js_16,original/high/h1/2mid/24_제일고_2학기_중간_고1_기출.js,H15-SB-03,H15-SB-03-COMPOSITE_FUNCTION,UNADJUDICATED,SOLUTION_CANDIDATE,SOLUTION_VISUAL_PRESENT,,assets/images/24_제일고_2학기_중간_고1_기출/q16-solution.svg,ABSENT,,ABSENT,PRESENT,,557b91efd47a9f241e846dca89879ef5e074172acce601ad5f9b5f7b3b93cf38
h1:original/high/h1/2mid/24_제일고_2학기_중간_고1_기출.js_17,original/high/h1/2mid/24_제일고_2학기_중간_고1_기출.js,H15-SB-03,H15-SB-03-COMPOSITE_FUNCTION,UNADJUDICATED,SOLUTION_CANDIDATE,SOLUTION_VISUAL_PRESENT,,assets/images/24_제일고_2학기_중간_고1_기출/q17-solution.svg,ABSENT,,ABSENT,PRESENT,,2c59d2420ee5ffeea315a8511d5308e396712b75c66124a5117025e7fb77b21c
h1:original/high/h1/2mid/24_제일고_2학기_중간_고1_기출.js_18,original/high/h1/2mid/24_제일고_2학기_중간_고1_기출.js,H15-SB-03,H15-SB-03-FUNCTION_RELATION,UNADJUDICATED,SOLUTION_CANDIDATE,TRIAGE_NO_GRAPH_SIGNAL,,,ABSENT,,ABSENT,ABSENT,,
h1:original/high/h1/2mid/24_제일고_2학기_중간_고1_기출.js_21,original/high/h1/2mid/24_제일고_2학기_중간_고1_기출.js,H15-SB-03,H15-SB-03-COMPOSITE_FUNCTION,UNADJUDICATED,SOLUTION_CANDIDATE,PRIORITY_2_GRAPH_SUBUNIT_CANDIDATE,,,ABSENT,,ABSENT,ABSENT,,
h1:original/high/h1/2mid/24_제일고_2학기_중간_고1_기출.js_22,original/high/h1/2mid/24_제일고_2학기_중간_고1_기출.js,H15-SB-03,H15-SB-03-FUNCTION_RELATION,UNADJUDICATED,SOLUTION_CANDIDATE,PRIORITY_1_EXPLICIT_GRAPH_CANDIDATE,,,ABSENT,,ABSENT,ABSENT,,
h1:original/high/h1/2mid/25_제일고_2학기_중간_고1_기출.js_19,original/high/h1/2mid/25_제일고_2학기_중간_고1_기출.js,H22-C2-07,H22-C2-07-FUNCTION_BASIC,UNADJUDICATED,SOLUTION_CANDIDATE,TRIAGE_NO_GRAPH_SIGNAL,,,ABSENT,,ABSENT,ABSENT,,
h1:original/high/h1/2mid/25_제일고_2학기_중간_고1_기출.js_2,original/high/h1/2mid/25_제일고_2학기_중간_고1_기출.js,H22-C2-07,H22-C2-07-FUNCTION_BASIC,UNADJUDICATED,PROBLEM_PRESENT_REVIEW,PRIORITY_1_GRAPH_GAP_CANDIDATE,assets/images/25_제일고_2학기_중간_고1_기출/q02.png,,PRESENT,,PRESENT,ABSENT,7b18959c67b0a7e5b8678bf9ebcdb574790791219dbe56c04763660f360122c8,
h1:original/high/h1/2mid/25_제일고_2학기_중간_고1_기출.js_9,original/high/h1/2mid/25_제일고_2학기_중간_고1_기출.js,H22-C2-07,H22-C2-07-FUNCTION_BASIC,UNADJUDICATED,SOLUTION_CANDIDATE,TRIAGE_NO_GRAPH_SIGNAL,,,ABSENT,,ABSENT,ABSENT,,
