questionUid,sourceJsPath,examId,id,displayNo,sourceOrdinal,curriculumVersion,standardCourse,standardUnitKey,standardUnit,standardUnitOrder,subUnitKey,subUnit,subUnitConfidence,subUnitClassificationDepth,questionType,layoutTag,wide,tags,contentHash,choicesHash,answerHash,solutionHash,problemImageRef,problemImageHash,solutionImageRef,solutionImageHash,inlineSvgCount,sourceValidityStatus,independentAnswer,answerParity,solutionQualityStatus,curriculumStatus,visualRequirement,visualRequirementCandidate,visualReasonCode,visualMarkers,visualType,problemVisualSufficiency,scalePolicy,existingSvgStatus,svgRepairStatus,factObligationSet,expectedFactHash,observedFactHash,numericParity,semanticParity,styleLintStatus,renderStatus,metadataStatus,metadataReason,finalVerdict,evidenceRef,assetRefs,questionIndexParity,qKey,sourceFileSha256,solutionPresent,answerValue,scopeStatus,sharedAssetUid,dependencyQuestionUids,dependencyClosureStatus
archive/exams/original/high/h1/1final/22_금당고_1학기_기말_고1_기출.js|22_금당고_1학기_기말_고1_기출|2,archive/exams/original/high/h1/1final/22_금당고_1학기_기말_고1_기출.js,22_금당고_1학기_기말_고1_기출,2,2,2,2015,수학(상),H15-SA-08,여러 가지 부등식,8,H15-SA-08-INEQUALITY_APPLICATION,부등식의 활용,category_or_cue_inferred,complete_category,객관식,grid,false,객관식|절댓값|부등식|자연수조건,a55c827efcd0f9219c3ad0f525dbdc8ce2170febc8919d8eea22d6bb1dc4beb1,51247bbaa5b4e54f213e8c8d62896eb320bf4bafb4c503e7c09d7302db3ceb61,d41ea6521f53fb3dfa10cf72e2932f4405d9c999fa422cdc840d25d57e90dd34,d8003fc49329ea2104636e43b60adcf28b97b47bccfd466e8fb06f7d49a59c33,,,,,0,LOADED_VM,,NOT_STARTED,NOT_STARTED,NOT_STARTED,SVG_OPTIONAL,SVG_OPTIONAL,,,NONE,NO_PROBLEM_VISUAL,N/A,NONE,NOT_STARTED,,,,NOT_STARTED,NOT_STARTED,NOT_STARTED,NOT_TESTED,PASS,canonical_and_compiled_master_match,INVENTORY_PENDING,01_scope_inventory.csv#archive/exams/original/high/h1/1final/22_금당고_1학기_기말_고1_기출.js|22_금당고_1학기_기말_고1_기출|2,,INDEX_RECORD_PRESENT,original/high/h1/1final/22_금당고_1학기_기말_고1_기출.js_2,4c241cdb54466f474661d78f34d27c9dd5824b9b6c957e998e6d48f881f0d952,true,④,IN_SCOPE_FORWARD,,,CLOSED_NO_SHARED_ASSET
archive/exams/original/high/h1/1final/22_금당고_1학기_기말_고1_기출.js|22_금당고_1학기_기말_고1_기출|15,archive/exams/original/high/h1/1final/22_금당고_1학기_기말_고1_기출.js,22_금당고_1학기_기말_고1_기출,15,15,15,2015,수학(상),H15-SA-08,여러 가지 부등식,8,H15-SA-08-INEQUALITY_BASIC,부등식의 풀이,category_or_cue_inferred,complete_category,객관식,grid,false,객관식|연립부등식|자연수조건|범위,6f7c1861254322b090c2d0c0f8525b68b34f3dadeaf4136b784a4ed07afd1771,c8cb7a3252bcd8b6450899f3da09f1f91649e04584a833aa1d645ecfebd2f9ad,973d2fd2f97e26a666f403b12da6d87e527985b36bcf4ff0a47c7e7e8c36321a,0325182395d0243ee82a75e94a4ee4a199aa170d5af935cfcaad68ab6d3074b6,,,,,0,LOADED_VM,,NOT_STARTED,NOT_STARTED,NOT_STARTED,SVG_OPTIONAL,SVG_OPTIONAL,,,NONE,NO_PROBLEM_VISUAL,N/A,NONE,NOT_STARTED,,,,NOT_STARTED,NOT_STARTED,NOT_STARTED,NOT_TESTED,PASS,canonical_and_compiled_master_match,INVENTORY_PENDING,01_scope_inventory.csv#archive/exams/original/high/h1/1final/22_금당고_1학기_기말_고1_기출.js|22_금당고_1학기_기말_고1_기출|15,,INDEX_RECORD_PRESENT,original/high/h1/1final/22_금당고_1학기_기말_고1_기출.js_15,4c241cdb54466f474661d78f34d27c9dd5824b9b6c957e998e6d48f881f0d952,true,①,IN_SCOPE_FORWARD,,,CLOSED_NO_SHARED_ASSET
archive/exams/original/high/h1/1final/22_금당고_1학기_기말_고1_기출.js|22_금당고_1학기_기말_고1_기출|17,archive/exams/original/high/h1/1final/22_금당고_1학기_기말_고1_기출.js,22_금당고_1학기_기말_고1_기출,17,17,17,2015,수학(상),H15-SA-08,여러 가지 부등식,8,H15-SA-08-ABSOLUTE_INEQUALITY,절댓값 부등식,category_or_cue_inferred,complete_category,객관식,grid,true,객관식|절댓값|부등식|정수조건|개수세기,5e2c6b8fe47101a36a2fe1076df6d8302a7d824408fa9123892b4259127dcf94,bdca6276b51f5177b3ba7e774b4f76270b4016f321c06e7f364ee7925e53b2d2,dfde05a3668030e99ca64d8d4ae5f6b64c7a87cee61c0ba43904b92ef210191d,a34babcd7cb6fdb3a284350384edcc18752753a6e372a1b1942eeeb49f7261aa,,,,,0,LOADED_VM,,NOT_STARTED,NOT_STARTED,NOT_STARTED,SVG_OPTIONAL,SVG_OPTIONAL,,,NONE,NO_PROBLEM_VISUAL,N/A,NONE,NOT_STARTED,,,,NOT_STARTED,NOT_STARTED,NOT_STARTED,NOT_TESTED,PASS,canonical_and_compiled_master_match,INVENTORY_PENDING,01_scope_inventory.csv#archive/exams/original/high/h1/1final/22_금당고_1학기_기말_고1_기출.js|22_금당고_1학기_기말_고1_기출|17,,INDEX_RECORD_PRESENT,original/high/h1/1final/22_금당고_1학기_기말_고1_기출.js_17,4c241cdb54466f474661d78f34d27c9dd5824b9b6c957e998e6d48f881f0d952,true,②,IN_SCOPE_FORWARD,,,CLOSED_NO_SHARED_ASSET
archive/exams/original/high/h1/1final/22_매산고_1학기_기말_고1_기출.js|22_매산고_1학기_기말_고1_기출|1,archive/exams/original/high/h1/1final/22_매산고_1학기_기말_고1_기출.js,22_매산고_1학기_기말_고1_기출,1,1,1,2015,수학(상),H15-SA-08,여러 가지 부등식,8,H15-SA-08-EQUATION_BASIC,방정식의 풀이,category_or_cue_inferred,complete_category,객관식,grid,false,객관식|여러 가지 부등식|고1|기말,a1c4a4122943ffec4ca4781b3cc08d422377d8131b597b66fb730af1659d29a6,7100b0128f9285f62b07c859398d1038df0c97a65d5d67fb007a51bed191e779,973d2fd2f97e26a666f403b12da6d87e527985b36bcf4ff0a47c7e7e8c36321a,f252b73620ebe839139ad432d2b9bdac17438b404857b3ec9462087797529b14,,,,,0,LOADED_VM,,NOT_STARTED,NOT_STARTED,NOT_STARTED,SVG_OPTIONAL,SVG_OPTIONAL,,,NONE,NO_PROBLEM_VISUAL,N/A,NONE,NOT_STARTED,,,,NOT_STARTED,NOT_STARTED,NOT_STARTED,NOT_TESTED,PASS,canonical_and_compiled_master_match,INVENTORY_PENDING,01_scope_inventory.csv#archive/exams/original/high/h1/1final/22_매산고_1학기_기말_고1_기출.js|22_매산고_1학기_기말_고1_기출|1,,INDEX_RECORD_PRESENT,original/high/h1/1final/22_매산고_1학기_기말_고1_기출.js_1,6eba0c1b691ff6db8d09e9e130a3fda9e2258f973dfb960765e7d86dcc47c0ca,true,①,IN_SCOPE_FORWARD,,,CLOSED_NO_SHARED_ASSET
archive/exams/original/high/h1/1final/22_매산고_1학기_기말_고1_기출.js|22_매산고_1학기_기말_고1_기출|3,archive/exams/original/high/h1/1final/22_매산고_1학기_기말_고1_기출.js,22_매산고_1학기_기말_고1_기출,3,3,3,2015,수학(상),H15-SA-08,여러 가지 부등식,8,H15-SA-08-INEQUALITY_BASIC,부등식의 풀이,category_or_cue_inferred,complete_category,객관식,grid,false,객관식|여러 가지 부등식|고1|기말,a029da2bbb564ed3ce7ad28474051b365bb8b95d861a3146339424ee1c080218,3961abe78561d830a41c6ee022a053704c60d5a54e23cafb677603e296e44429,0bdef091c479702584f065d3a3714f8a76f851b3f0cf10912f345a5dd930b0a8,5b6e059643021c7fc3a77a0116b025a554abfe2080c1eeac54fdb9e2b10e64f5,,,,,0,LOADED_VM,,NOT_STARTED,NOT_STARTED,NOT_STARTED,SVG_REQUIRED_MISSING,SVG_REQUIRED_MISSING,SET_OR_LOGIC_STRUCTURE,,VISUAL_CANDIDATE,NO_PROBLEM_VISUAL,SCHEMATIC_OR_REVIEW,NONE,NOT_STARTED,,,,NOT_STARTED,NOT_STARTED,NOT_STARTED,NOT_TESTED,PASS,canonical_and_compiled_master_match,INVENTORY_PENDING,01_scope_inventory.csv#archive/exams/original/high/h1/1final/22_매산고_1학기_기말_고1_기출.js|22_매산고_1학기_기말_고1_기출|3,,INDEX_RECORD_PRESENT,original/high/h1/1final/22_매산고_1학기_기말_고1_기출.js_3,6eba0c1b691ff6db8d09e9e130a3fda9e2258f973dfb960765e7d86dcc47c0ca,true,⑤,IN_SCOPE_FORWARD,,,CLOSED_NO_SHARED_ASSET
archive/exams/original/high/h1/1final/22_매산고_1학기_기말_고1_기출.js|22_매산고_1학기_기말_고1_기출|11,archive/exams/original/high/h1/1final/22_매산고_1학기_기말_고1_기출.js,22_매산고_1학기_기말_고1_기출,11,11,11,2015,수학(상),H15-SA-08,여러 가지 부등식,8,H15-SA-08-QUADRATIC_INEQUALITY,이차부등식,category_or_cue_inferred,complete_category,객관식,grid,false,객관식|여러 가지 부등식|고1|기말,823c80202722238b4b5dcb87d004406c7fa398c4f20553ee67b22082c1334986,ff782081a4cc25de5ebd8fdb3b10e93e0a2a8b181fb4cabb15c6d4c8f83c7224,d41ea6521f53fb3dfa10cf72e2932f4405d9c999fa422cdc840d25d57e90dd34,4fd0c0f40d2610d3813ea370d88fce2c9079a18e3890afdbb66279f82e8315cb,,,,,0,LOADED_VM,,NOT_STARTED,NOT_STARTED,NOT_STARTED,SVG_REQUIRED_MISSING,SVG_REQUIRED_MISSING,GRAPH_OR_FUNCTION_STRUCTURE,,GRAPH_CANDIDATE,NO_PROBLEM_VISUAL,REVIEW_REQUIRED,NONE,NOT_STARTED,,,,NOT_STARTED,NOT_STARTED,NOT_STARTED,NOT_TESTED,PASS,canonical_and_compiled_master_match,INVENTORY_PENDING,01_scope_inventory.csv#archive/exams/original/high/h1/1final/22_매산고_1학기_기말_고1_기출.js|22_매산고_1학기_기말_고1_기출|11,,INDEX_RECORD_PRESENT,original/high/h1/1final/22_매산고_1학기_기말_고1_기출.js_11,6eba0c1b691ff6db8d09e9e130a3fda9e2258f973dfb960765e7d86dcc47c0ca,true,④,IN_SCOPE_FORWARD,,,CLOSED_NO_SHARED_ASSET
archive/exams/original/high/h1/1final/22_매산고_1학기_기말_고1_기출.js|22_매산고_1학기_기말_고1_기출|16,archive/exams/original/high/h1/1final/22_매산고_1학기_기말_고1_기출.js,22_매산고_1학기_기말_고1_기출,16,16,16,2015,수학(상),H15-SA-08,여러 가지 부등식,8,H15-SA-08-SYSTEM_INEQUALITY,연립부등식,category_or_cue_inferred,complete_category,단답형,grid,false,단답형|여러 가지 부등식|고1|기말,686e36f3c44164d86280d04f19eb6b7cb3cb3784f28907a6e73ddf98644bd525,4f53cda18c2baa0c0354bb5f9a3ecbe5ed12ab4d8e11ba873c2f11161202b945,f38335e4882261a2a47ac48365bb0f0b2fd5210cb1867dab0c2f0deaeda672ea,8f6ff2c7d12f832b2e51c373ba597dd09eed19e8922692653d7d0a51b8692243,,,,,0,LOADED_VM,,NOT_STARTED,NOT_STARTED,NOT_STARTED,SVG_OPTIONAL,SVG_OPTIONAL,,,NONE,NO_PROBLEM_VISUAL,N/A,NONE,NOT_STARTED,,,,NOT_STARTED,NOT_STARTED,NOT_STARTED,NOT_TESTED,PASS,canonical_and_compiled_master_match,INVENTORY_PENDING,01_scope_inventory.csv#archive/exams/original/high/h1/1final/22_매산고_1학기_기말_고1_기출.js|22_매산고_1학기_기말_고1_기출|16,,INDEX_RECORD_PRESENT,original/high/h1/1final/22_매산고_1학기_기말_고1_기출.js_16,6eba0c1b691ff6db8d09e9e130a3fda9e2258f973dfb960765e7d86dcc47c0ca,true,$8\le a<9$,IN_SCOPE_FORWARD,,,CLOSED_NO_SHARED_ASSET
archive/exams/original/high/h1/1final/22_복성고_1학기_기말_고1_기출.js|22_복성고_1학기_기말_고1_기출|4,archive/exams/original/high/h1/1final/22_복성고_1학기_기말_고1_기출.js,22_복성고_1학기_기말_고1_기출,4,4,4,2015,수학(상),H15-SA-08,여러 가지 부등식,8,H15-SA-08-QUADRATIC_INEQUALITY,이차부등식,category_or_cue_inferred,complete_category,객관식,grid,false,객관식|이차부등식|인수분해,5160076a424be1933d7f06677e5873a776939ec68c84558ef58d5a9d340421bd,223754a6e06e2bbdb054eb19c7fc2dbe8ed15dd6143053a827f81646fa89da6e,973d2fd2f97e26a666f403b12da6d87e527985b36bcf4ff0a47c7e7e8c36321a,c4e680b3adbf8096aeb23696ce263a02aac6d62528d0ebee784c05aa0313bf14,,,,,0,LOADED_VM,,NOT_STARTED,NOT_STARTED,NOT_STARTED,SVG_OPTIONAL,SVG_OPTIONAL,,,NONE,NO_PROBLEM_VISUAL,N/A,NONE,NOT_STARTED,,,,NOT_STARTED,NOT_STARTED,NOT_STARTED,NOT_TESTED,PASS,canonical_and_compiled_master_match,INVENTORY_PENDING,01_scope_inventory.csv#archive/exams/original/high/h1/1final/22_복성고_1학기_기말_고1_기출.js|22_복성고_1학기_기말_고1_기출|4,,INDEX_RECORD_PRESENT,original/high/h1/1final/22_복성고_1학기_기말_고1_기출.js_4,400e2aca1499c9d907123620c6251a29f161016cdaa1458ca3332a19e0f9df4d,true,①,IN_SCOPE_FORWARD,,,CLOSED_NO_SHARED_ASSET
archive/exams/original/high/h1/1final/22_복성고_1학기_기말_고1_기출.js|22_복성고_1학기_기말_고1_기출|5,archive/exams/original/high/h1/1final/22_복성고_1학기_기말_고1_기출.js,22_복성고_1학기_기말_고1_기출,5,5,5,2015,수학(상),H15-SA-08,여러 가지 부등식,8,H15-SA-08-ABSOLUTE_INEQUALITY,절댓값 부등식,category_or_cue_inferred,complete_category,객관식,grid,false,객관식|절댓값|부등식,90d100032ba26ced327ce0afd0cefc03e4561cbf359473cdadc79f694ce22838,89a4d6407d9099f1e893bc7a7ff3ab218e8f9119f101bbddf8b98f3619c9cb4a,d41ea6521f53fb3dfa10cf72e2932f4405d9c999fa422cdc840d25d57e90dd34,4e179c9c499d5e2e8490b6104c15f38e69c24476954716a5a44e519fdc7f0fec,,,,,0,LOADED_VM,,NOT_STARTED,NOT_STARTED,NOT_STARTED,SVG_OPTIONAL,SVG_OPTIONAL,,,NONE,NO_PROBLEM_VISUAL,N/A,NONE,NOT_STARTED,,,,NOT_STARTED,NOT_STARTED,NOT_STARTED,NOT_TESTED,PASS,canonical_and_compiled_master_match,INVENTORY_PENDING,01_scope_inventory.csv#archive/exams/original/high/h1/1final/22_복성고_1학기_기말_고1_기출.js|22_복성고_1학기_기말_고1_기출|5,,INDEX_RECORD_PRESENT,original/high/h1/1final/22_복성고_1학기_기말_고1_기출.js_5,400e2aca1499c9d907123620c6251a29f161016cdaa1458ca3332a19e0f9df4d,true,④,IN_SCOPE_FORWARD,,,CLOSED_NO_SHARED_ASSET
archive/exams/original/high/h1/1final/22_복성고_1학기_기말_고1_기출.js|22_복성고_1학기_기말_고1_기출|6,archive/exams/original/high/h1/1final/22_복성고_1학기_기말_고1_기출.js,22_복성고_1학기_기말_고1_기출,6,6,6,2015,수학(상),H15-SA-08,여러 가지 부등식,8,H15-SA-08-INEQUALITY_BASIC,부등식의 풀이,category_or_cue_inferred,complete_category,객관식,grid,false,객관식|일차부등식|조건해석,572799ad01ffd99ae98f073ea423884947b13bfe5ac4b1d25dcd8f2c7d24c699,ff782081a4cc25de5ebd8fdb3b10e93e0a2a8b181fb4cabb15c6d4c8f83c7224,0bdef091c479702584f065d3a3714f8a76f851b3f0cf10912f345a5dd930b0a8,051c3d05427cdc5396e463d37a288d58e4631bcabb97a2638c820f17a85026ad,,,,,0,LOADED_VM,,NOT_STARTED,NOT_STARTED,NOT_STARTED,SVG_OPTIONAL,SVG_OPTIONAL,,,NONE,NO_PROBLEM_VISUAL,N/A,NONE,NOT_STARTED,,,,NOT_STARTED,NOT_STARTED,NOT_STARTED,NOT_TESTED,PASS,canonical_and_compiled_master_match,INVENTORY_PENDING,01_scope_inventory.csv#archive/exams/original/high/h1/1final/22_복성고_1학기_기말_고1_기출.js|22_복성고_1학기_기말_고1_기출|6,,INDEX_RECORD_PRESENT,original/high/h1/1final/22_복성고_1학기_기말_고1_기출.js_6,400e2aca1499c9d907123620c6251a29f161016cdaa1458ca3332a19e0f9df4d,true,⑤,IN_SCOPE_FORWARD,,,CLOSED_NO_SHARED_ASSET
archive/exams/original/high/h1/1final/22_복성고_1학기_기말_고1_기출.js|22_복성고_1학기_기말_고1_기출|10,archive/exams/original/high/h1/1final/22_복성고_1학기_기말_고1_기출.js,22_복성고_1학기_기말_고1_기출,10,10,10,2015,수학(상),H15-SA-08,여러 가지 부등식,8,H15-SA-08-ABSOLUTE_INEQUALITY,절댓값 부등식,category_or_cue_inferred,complete_category,객관식,grid,false,객관식|절댓값|부등식|구간분할,b78171d11f1b362f9b513c4431770a4cfb397548f708c903da5f70d8fb6891a9,5975b3baf6883fe3b1f88d2984ea4743e20654959823830138629ac090d88759,b15be6cb71072b84f7e1e198ce023fc5bb8b1e625335904ddcf3cffcd8b7312b,9dfa32ba8cbe36f60785ad7af075f36ec7017b48acd7280fd4f4fe25a2287ab0,,,,,0,LOADED_VM,,NOT_STARTED,NOT_STARTED,NOT_STARTED,SVG_OPTIONAL,SVG_OPTIONAL,,,NONE,NO_PROBLEM_VISUAL,N/A,NONE,NOT_STARTED,,,,NOT_STARTED,NOT_STARTED,NOT_STARTED,NOT_TESTED,PASS,canonical_and_compiled_master_match,INVENTORY_PENDING,01_scope_inventory.csv#archive/exams/original/high/h1/1final/22_복성고_1학기_기말_고1_기출.js|22_복성고_1학기_기말_고1_기출|10,,INDEX_RECORD_PRESENT,original/high/h1/1final/22_복성고_1학기_기말_고1_기출.js_10,400e2aca1499c9d907123620c6251a29f161016cdaa1458ca3332a19e0f9df4d,true,③,IN_SCOPE_FORWARD,,,CLOSED_NO_SHARED_ASSET
archive/exams/original/high/h1/1final/22_복성고_1학기_기말_고1_기출.js|22_복성고_1학기_기말_고1_기출|13,archive/exams/original/high/h1/1final/22_복성고_1학기_기말_고1_기출.js,22_복성고_1학기_기말_고1_기출,13,13,13,2015,수학(상),H15-SA-08,여러 가지 부등식,8,H15-SA-08-ABSOLUTE_INEQUALITY,절댓값 부등식,category_or_cue_inferred,complete_category,객관식,grid,false,객관식|절댓값|원과직선|평행이동,4587c6e7f8e0076e97b38e4a6ca30a4780c8be0921107385ee4c342f76e7d254,5b1203d291b7e6b99354b91f9531f8f24290eb67cde422850e260c8ccc8df056,973d2fd2f97e26a666f403b12da6d87e527985b36bcf4ff0a47c7e7e8c36321a,44fda1ce5e4c92e6540ff22ca132e80e65b5ed1dcbbceb4133df0dfb7fdfa554,,,,,0,LOADED_VM,,NOT_STARTED,NOT_STARTED,NOT_STARTED,SVG_REQUIRED_MISSING,SVG_REQUIRED_MISSING,GRAPH_OR_FUNCTION_STRUCTURE|COORDINATE_OR_GEOMETRY_STRUCTURE,,GRAPH_CANDIDATE,NO_PROBLEM_VISUAL,REVIEW_REQUIRED,NONE,NOT_STARTED,,,,NOT_STARTED,NOT_STARTED,NOT_STARTED,NOT_TESTED,PASS,canonical_and_compiled_master_match,INVENTORY_PENDING,01_scope_inventory.csv#archive/exams/original/high/h1/1final/22_복성고_1학기_기말_고1_기출.js|22_복성고_1학기_기말_고1_기출|13,,INDEX_RECORD_PRESENT,original/high/h1/1final/22_복성고_1학기_기말_고1_기출.js_13,400e2aca1499c9d907123620c6251a29f161016cdaa1458ca3332a19e0f9df4d,true,①,IN_SCOPE_FORWARD,,,CLOSED_NO_SHARED_ASSET
archive/exams/original/high/h1/1final/22_복성고_1학기_기말_고1_기출.js|22_복성고_1학기_기말_고1_기출|18,archive/exams/original/high/h1/1final/22_복성고_1학기_기말_고1_기출.js,22_복성고_1학기_기말_고1_기출,18,18,18,2015,수학(상),H15-SA-08,여러 가지 부등식,8,H15-SA-08-INEQUALITY_BASIC,부등식의 풀이,category_or_cue_inferred,complete_category,객관식,grid,false,객관식|연립부등식|정수조건|범위,21dbf014280d78f8e678830c8a5f4e493d8c10925b4b85f6a247417463d354a4,dc519708f791a3e45fcebe1200ca853a9c876a4a8dbe1e8a02149d8d5a9cdfa4,dfde05a3668030e99ca64d8d4ae5f6b64c7a87cee61c0ba43904b92ef210191d,59e86402df88193a7a74463bbf9789b4f209b5d6c9dfee8be0e3b0161be7fac4,,,,,0,LOADED_VM,,NOT_STARTED,NOT_STARTED,NOT_STARTED,SVG_OPTIONAL,SVG_OPTIONAL,,,NONE,NO_PROBLEM_VISUAL,N/A,NONE,NOT_STARTED,,,,NOT_STARTED,NOT_STARTED,NOT_STARTED,NOT_TESTED,PASS,canonical_and_compiled_master_match,INVENTORY_PENDING,01_scope_inventory.csv#archive/exams/original/high/h1/1final/22_복성고_1학기_기말_고1_기출.js|22_복성고_1학기_기말_고1_기출|18,,INDEX_RECORD_PRESENT,original/high/h1/1final/22_복성고_1학기_기말_고1_기출.js_18,400e2aca1499c9d907123620c6251a29f161016cdaa1458ca3332a19e0f9df4d,true,②,IN_SCOPE_FORWARD,,,CLOSED_NO_SHARED_ASSET
archive/exams/original/high/h1/1final/22_복성고_1학기_기말_고1_기출.js|22_복성고_1학기_기말_고1_기출|19,archive/exams/original/high/h1/1final/22_복성고_1학기_기말_고1_기출.js,22_복성고_1학기_기말_고1_기출,19,19,19,2015,수학(상),H15-SA-08,여러 가지 부등식,8,H15-SA-08-QUADRATIC_INEQUALITY,이차부등식,category_or_cue_inferred,complete_category,객관식,grid,false,객관식|이차방정식|판별식|이차부등식,4311a01cd10fa6fc506baca592935cd4755be9decaec03d03cbcd61928419d83,ff782081a4cc25de5ebd8fdb3b10e93e0a2a8b181fb4cabb15c6d4c8f83c7224,973d2fd2f97e26a666f403b12da6d87e527985b36bcf4ff0a47c7e7e8c36321a,4bbfe474f6b2fa449215a8589620ddee0e11bb8531c7b3b2b24141f93d3fa92f,,,,,0,LOADED_VM,,NOT_STARTED,NOT_STARTED,NOT_STARTED,SVG_OPTIONAL,SVG_OPTIONAL,,,NONE,NO_PROBLEM_VISUAL,N/A,NONE,NOT_STARTED,,,,NOT_STARTED,NOT_STARTED,NOT_STARTED,NOT_TESTED,PASS,canonical_and_compiled_master_match,INVENTORY_PENDING,01_scope_inventory.csv#archive/exams/original/high/h1/1final/22_복성고_1학기_기말_고1_기출.js|22_복성고_1학기_기말_고1_기출|19,,INDEX_RECORD_PRESENT,original/high/h1/1final/22_복성고_1학기_기말_고1_기출.js_19,400e2aca1499c9d907123620c6251a29f161016cdaa1458ca3332a19e0f9df4d,true,①,IN_SCOPE_FORWARD,,,CLOSED_NO_SHARED_ASSET
archive/exams/original/high/h1/1final/22_순천여고_1학기_기말_고1_기출.js|22_순천여고_1학기_기말_고1_기출|2,archive/exams/original/high/h1/1final/22_순천여고_1학기_기말_고1_기출.js,22_순천여고_1학기_기말_고1_기출,2,2,2,2015,수학(상),H15-SA-08,여러 가지 부등식,8,H15-SA-08-ABSOLUTE_INEQUALITY,절댓값 부등식,category_or_cue_inferred,complete_category,객관식,grid,false,객관식|여러 가지 부등식|고1|1학기기말,97ccb79dbd5bedf7d3798ecad303eb7858ff07b6a3a914ac820c5bf4521ca6c7,089e9ad75d1e53f0176287410930641bc497a7ce15eaf881f7096b9eb287d699,0bdef091c479702584f065d3a3714f8a76f851b3f0cf10912f345a5dd930b0a8,d1bab3f83f6ec7e32ca63138299f1b28e5d2b0a4a3989e21abc2d862753b38c4,,,,,0,LOADED_VM,,NOT_STARTED,NOT_STARTED,NOT_STARTED,SVG_OPTIONAL,SVG_OPTIONAL,,,NONE,NO_PROBLEM_VISUAL,N/A,NONE,NOT_STARTED,,,,NOT_STARTED,NOT_STARTED,NOT_STARTED,NOT_TESTED,PASS,canonical_and_compiled_master_match,INVENTORY_PENDING,01_scope_inventory.csv#archive/exams/original/high/h1/1final/22_순천여고_1학기_기말_고1_기출.js|22_순천여고_1학기_기말_고1_기출|2,,INDEX_RECORD_PRESENT,original/high/h1/1final/22_순천여고_1학기_기말_고1_기출.js_2,75ecfd5bd4c09cc853c3b0a6416d8b44883b28224ed38685665517a5e5cc7232,true,⑤,IN_SCOPE_FORWARD,,,CLOSED_NO_SHARED_ASSET
archive/exams/original/high/h1/1final/22_순천여고_1학기_기말_고1_기출.js|22_순천여고_1학기_기말_고1_기출|13,archive/exams/original/high/h1/1final/22_순천여고_1학기_기말_고1_기출.js,22_순천여고_1학기_기말_고1_기출,13,13,13,2015,수학(상),H15-SA-08,여러 가지 부등식,8,H15-SA-08-SYSTEM_INEQUALITY,연립부등식,category_or_cue_inferred,complete_category,객관식,grid,false,객관식|여러 가지 부등식|고1|1학기기말,09da53e3931fab22061765bfee6bb328fed4cec142f3004427ff3d25c98f2ed6,7e62c1941dcae510f66e790e3317dc47db08756f62b66476d8e6a24d02020c72,0bdef091c479702584f065d3a3714f8a76f851b3f0cf10912f345a5dd930b0a8,2ed472ad18d340541cdc0b672d8f6cdf1208cf7ec8108981ff439897aff87f62,,,,,0,LOADED_VM,,NOT_STARTED,NOT_STARTED,NOT_STARTED,SVG_OPTIONAL,SVG_OPTIONAL,,,NONE,NO_PROBLEM_VISUAL,N/A,NONE,NOT_STARTED,,,,NOT_STARTED,NOT_STARTED,NOT_STARTED,NOT_TESTED,PASS,canonical_and_compiled_master_match,INVENTORY_PENDING,01_scope_inventory.csv#archive/exams/original/high/h1/1final/22_순천여고_1학기_기말_고1_기출.js|22_순천여고_1학기_기말_고1_기출|13,,INDEX_RECORD_PRESENT,original/high/h1/1final/22_순천여고_1학기_기말_고1_기출.js_13,75ecfd5bd4c09cc853c3b0a6416d8b44883b28224ed38685665517a5e5cc7232,true,⑤,IN_SCOPE_FORWARD,,,CLOSED_NO_SHARED_ASSET
archive/exams/original/high/h1/1final/22_순천여고_1학기_기말_고1_기출.js|22_순천여고_1학기_기말_고1_기출|14,archive/exams/original/high/h1/1final/22_순천여고_1학기_기말_고1_기출.js,22_순천여고_1학기_기말_고1_기출,14,14,14,2015,수학(상),H15-SA-08,여러 가지 부등식,8,H15-SA-08-QUADRATIC_INEQUALITY,이차부등식,category_or_cue_inferred,complete_category,객관식,grid,false,객관식|여러 가지 부등식|고1|1학기기말,04a848c04d9c070dddd2559ad17b1d51b7147b92abc4a4b46e80d7353372fe47,7100b0128f9285f62b07c859398d1038df0c97a65d5d67fb007a51bed191e779,dfde05a3668030e99ca64d8d4ae5f6b64c7a87cee61c0ba43904b92ef210191d,f2d512d21b3c86065ed28313799f599d72497629089d16ad0e0028f0198d466a,,,,,0,LOADED_VM,,NOT_STARTED,NOT_STARTED,NOT_STARTED,SVG_REQUIRED_MISSING,SVG_REQUIRED_MISSING,GRAPH_OR_FUNCTION_STRUCTURE,,GRAPH_CANDIDATE,NO_PROBLEM_VISUAL,REVIEW_REQUIRED,NONE,NOT_STARTED,,,,NOT_STARTED,NOT_STARTED,NOT_STARTED,NOT_TESTED,PASS,canonical_and_compiled_master_match,INVENTORY_PENDING,01_scope_inventory.csv#archive/exams/original/high/h1/1final/22_순천여고_1학기_기말_고1_기출.js|22_순천여고_1학기_기말_고1_기출|14,,INDEX_RECORD_PRESENT,original/high/h1/1final/22_순천여고_1학기_기말_고1_기출.js_14,75ecfd5bd4c09cc853c3b0a6416d8b44883b28224ed38685665517a5e5cc7232,true,②,IN_SCOPE_FORWARD,,,CLOSED_NO_SHARED_ASSET
archive/exams/original/high/h1/1final/22_순천여고_1학기_기말_고1_기출.js|22_순천여고_1학기_기말_고1_기출|15,archive/exams/original/high/h1/1final/22_순천여고_1학기_기말_고1_기출.js,22_순천여고_1학기_기말_고1_기출,15,15,15,2015,수학(상),H15-SA-08,여러 가지 부등식,8,H15-SA-08-SYSTEM_INEQUALITY,연립부등식,category_or_cue_inferred,complete_category,객관식,grid,false,객관식|여러 가지 부등식|고1|1학기기말,4411790e75b817653f72522bc2ca4611cd00fb39ed2a888a5ce9456f912cbfe0,183d5e10e31b3f1a96ee125e8e5e1f3477b54c338e875cf1b12f86ab9162fade,0bdef091c479702584f065d3a3714f8a76f851b3f0cf10912f345a5dd930b0a8,4f8a10bb56803117b3c9be18dda30d201b38911d9668a2e774cd7e14a3d20d26,,,,,0,LOADED_VM,,NOT_STARTED,NOT_STARTED,NOT_STARTED,SVG_OPTIONAL,SVG_OPTIONAL,,,NONE,NO_PROBLEM_VISUAL,N/A,NONE,NOT_STARTED,,,,NOT_STARTED,NOT_STARTED,NOT_STARTED,NOT_TESTED,PASS,canonical_and_compiled_master_match,INVENTORY_PENDING,01_scope_inventory.csv#archive/exams/original/high/h1/1final/22_순천여고_1학기_기말_고1_기출.js|22_순천여고_1학기_기말_고1_기출|15,,INDEX_RECORD_PRESENT,original/high/h1/1final/22_순천여고_1학기_기말_고1_기출.js_15,75ecfd5bd4c09cc853c3b0a6416d8b44883b28224ed38685665517a5e5cc7232,true,⑤,IN_SCOPE_FORWARD,,,CLOSED_NO_SHARED_ASSET
archive/exams/original/high/h1/1final/22_팔마고_1학기_기말_고1_기출.js|22_팔마고_1학기_기말_고1_기출|1,archive/exams/original/high/h1/1final/22_팔마고_1학기_기말_고1_기출.js,22_팔마고_1학기_기말_고1_기출,1,1,1,2015,수학(상),H15-SA-08,여러 가지 부등식,8,H15-SA-08-SYSTEM_INEQUALITY,연립부등식,category_or_cue_inferred,complete_category,객관식,grid,false,객관식|여러 가지 부등식|고1|기말,2e473d0b41b6ea9a5e1d4dc4ba1326805df17dff970b67ef1be32d56a12a2214,ff782081a4cc25de5ebd8fdb3b10e93e0a2a8b181fb4cabb15c6d4c8f83c7224,d41ea6521f53fb3dfa10cf72e2932f4405d9c999fa422cdc840d25d57e90dd34,1fbe9b28b1f9a1f500814023a3c62810e4e9a59f9d857c26daa2dd3d53c7ce25,,,,,0,LOADED_VM,,NOT_STARTED,NOT_STARTED,NOT_STARTED,SVG_OPTIONAL,SVG_OPTIONAL,,,NONE,NO_PROBLEM_VISUAL,N/A,NONE,NOT_STARTED,,,,NOT_STARTED,NOT_STARTED,NOT_STARTED,NOT_TESTED,PASS,canonical_and_compiled_master_match,INVENTORY_PENDING,01_scope_inventory.csv#archive/exams/original/high/h1/1final/22_팔마고_1학기_기말_고1_기출.js|22_팔마고_1학기_기말_고1_기출|1,,INDEX_RECORD_PRESENT,original/high/h1/1final/22_팔마고_1학기_기말_고1_기출.js_1,29b947a1d1422b4def7f5d0d708d62418af8d0ad94656355c0625137a588620b,true,④,IN_SCOPE_FORWARD,,,CLOSED_NO_SHARED_ASSET
archive/exams/original/high/h1/1final/22_팔마고_1학기_기말_고1_기출.js|22_팔마고_1학기_기말_고1_기출|10,archive/exams/original/high/h1/1final/22_팔마고_1학기_기말_고1_기출.js,22_팔마고_1학기_기말_고1_기출,10,10,10,2015,수학(상),H15-SA-08,여러 가지 부등식,8,H15-SA-08-ABSOLUTE_INEQUALITY,절댓값 부등식,category_or_cue_inferred,complete_category,객관식,grid,false,객관식|여러 가지 부등식|고1|기말,7ba2178b4f9f48e28c139d5733fa298d74aa7cdceb791563542f147730197192,15c63c602bb9d8e26609b835a6586a2f38a7b2dbe98ff5f8c4b9a5112f50c069,dfde05a3668030e99ca64d8d4ae5f6b64c7a87cee61c0ba43904b92ef210191d,5cbad4b671437754f3e7f7818eb209e2c600154b83f0dd05bc2aebbb351d842e,,,,,0,LOADED_VM,,NOT_STARTED,NOT_STARTED,NOT_STARTED,SVG_OPTIONAL,SVG_OPTIONAL,,,NONE,NO_PROBLEM_VISUAL,N/A,NONE,NOT_STARTED,,,,NOT_STARTED,NOT_STARTED,NOT_STARTED,NOT_TESTED,PASS,canonical_and_compiled_master_match,INVENTORY_PENDING,01_scope_inventory.csv#archive/exams/original/high/h1/1final/22_팔마고_1학기_기말_고1_기출.js|22_팔마고_1학기_기말_고1_기출|10,,INDEX_RECORD_PRESENT,original/high/h1/1final/22_팔마고_1학기_기말_고1_기출.js_10,29b947a1d1422b4def7f5d0d708d62418af8d0ad94656355c0625137a588620b,true,②,IN_SCOPE_FORWARD,,,CLOSED_NO_SHARED_ASSET
archive/exams/original/high/h1/1final/22_팔마고_1학기_기말_고1_기출.js|22_팔마고_1학기_기말_고1_기출|11,archive/exams/original/high/h1/1final/22_팔마고_1학기_기말_고1_기출.js,22_팔마고_1학기_기말_고1_기출,11,11,11,2015,수학(상),H15-SA-08,여러 가지 부등식,8,H15-SA-08-INEQUALITY_BASIC,부등식의 풀이,category_or_cue_inferred,complete_category,객관식,grid,false,객관식|여러 가지 부등식|고1|기말,40c09e5dfb895d04c623ed3dd9a5f5f8864a5a49ab1103c669b980d89852c8c3,7932f462058290196af5d327baf9070e5f4c5279177249a5ecc87b76905624e4,b15be6cb71072b84f7e1e198ce023fc5bb8b1e625335904ddcf3cffcd8b7312b,ec124be5c44297603d79e6d823e4412648979f815dfe83057365a1d9ddcbc8f9,,,,,0,LOADED_VM,,NOT_STARTED,NOT_STARTED,NOT_STARTED,SVG_OPTIONAL,SVG_OPTIONAL,,,NONE,NO_PROBLEM_VISUAL,N/A,NONE,NOT_STARTED,,,,NOT_STARTED,NOT_STARTED,NOT_STARTED,NOT_TESTED,PASS,canonical_and_compiled_master_match,INVENTORY_PENDING,01_scope_inventory.csv#archive/exams/original/high/h1/1final/22_팔마고_1학기_기말_고1_기출.js|22_팔마고_1학기_기말_고1_기출|11,,INDEX_RECORD_PRESENT,original/high/h1/1final/22_팔마고_1학기_기말_고1_기출.js_11,29b947a1d1422b4def7f5d0d708d62418af8d0ad94656355c0625137a588620b,true,③,IN_SCOPE_FORWARD,,,CLOSED_NO_SHARED_ASSET
archive/exams/original/high/h1/1final/22_팔마고_1학기_기말_고1_기출.js|22_팔마고_1학기_기말_고1_기출|12,archive/exams/original/high/h1/1final/22_팔마고_1학기_기말_고1_기출.js,22_팔마고_1학기_기말_고1_기출,12,12,12,2015,수학(상),H15-SA-08,여러 가지 부등식,8,H15-SA-08-SYSTEM_INEQUALITY,연립부등식,category_or_cue_inferred,complete_category,객관식,grid,false,객관식|여러 가지 부등식|고1|기말,6df3aa49136f2cb14ffdf5af80585d7cfcb0ae29189347617531a7523915e220,a542e66ad81f031f8f5d3e15cfe9e984acaa339ba072265d7d3ec072665042a9,b15be6cb71072b84f7e1e198ce023fc5bb8b1e625335904ddcf3cffcd8b7312b,6ac76d0cce8836096c574a7f2826cd035fe5dea797ea1e84bdf96e53a3657750,,,,,0,LOADED_VM,,NOT_STARTED,NOT_STARTED,NOT_STARTED,SVG_OPTIONAL,SVG_OPTIONAL,,,NONE,NO_PROBLEM_VISUAL,N/A,NONE,NOT_STARTED,,,,NOT_STARTED,NOT_STARTED,NOT_STARTED,NOT_TESTED,PASS,canonical_and_compiled_master_match,INVENTORY_PENDING,01_scope_inventory.csv#archive/exams/original/high/h1/1final/22_팔마고_1학기_기말_고1_기출.js|22_팔마고_1학기_기말_고1_기출|12,,INDEX_RECORD_PRESENT,original/high/h1/1final/22_팔마고_1학기_기말_고1_기출.js_12,29b947a1d1422b4def7f5d0d708d62418af8d0ad94656355c0625137a588620b,true,③,IN_SCOPE_FORWARD,,,CLOSED_NO_SHARED_ASSET
archive/exams/original/high/h1/1final/22_팔마고_1학기_기말_고1_기출.js|22_팔마고_1학기_기말_고1_기출|21,archive/exams/original/high/h1/1final/22_팔마고_1학기_기말_고1_기출.js,22_팔마고_1학기_기말_고1_기출,21,21,21,2015,수학(상),H15-SA-08,여러 가지 부등식,8,H15-SA-08-EQUATION_BASIC,방정식의 풀이,category_or_cue_inferred,complete_category,단답형,grid,true,단답형|여러 가지 부등식|고1|기말,7983d7efbc3e14636031b4d329498d226e76882cf72e0205fc937befe681c660,4f53cda18c2baa0c0354bb5f9a3ecbe5ed12ab4d8e11ba873c2f11161202b945,4cb6031f7c25660a27605d2e684bf871a18a0a9fb9a73c8c293bf810d7508e84,145e16f75674b84520a1e899e951f6017b9780cde46074f160314a07f7fc6a67,,,,,0,LOADED_VM,,NOT_STARTED,NOT_STARTED,NOT_STARTED,SVG_OPTIONAL,SVG_OPTIONAL,,,NONE,NO_PROBLEM_VISUAL,N/A,NONE,NOT_STARTED,,,,NOT_STARTED,NOT_STARTED,NOT_STARTED,NOT_TESTED,PASS,canonical_and_compiled_master_match,INVENTORY_PENDING,01_scope_inventory.csv#archive/exams/original/high/h1/1final/22_팔마고_1학기_기말_고1_기출.js|22_팔마고_1학기_기말_고1_기출|21,,INDEX_RECORD_PRESENT,original/high/h1/1final/22_팔마고_1학기_기말_고1_기출.js_21,29b947a1d1422b4def7f5d0d708d62418af8d0ad94656355c0625137a588620b,true,2개,IN_SCOPE_FORWARD,,,CLOSED_NO_SHARED_ASSET
archive/exams/original/high/h1/1final/22_효천고_1학기_기말_고1_기출.js|22_효천고_1학기_기말_고1_기출|6,archive/exams/original/high/h1/1final/22_효천고_1학기_기말_고1_기출.js,22_효천고_1학기_기말_고1_기출,6,6,6,2015,수학(상),H15-SA-08,여러 가지 부등식,8,H15-SA-08-QUADRATIC_INEQUALITY,이차부등식,category_or_cue_inferred,complete_category,객관식,grid,false,객관식|이차부등식|판별식|정수조건,804655edd8cccb10abe95c1ac2356b3f82b389d0dcb4882cca6ae2770e8416cb,33df25322b696566a74a473e6940f30d5f9cef7ece09c5631ef8d9de89413abe,dfde05a3668030e99ca64d8d4ae5f6b64c7a87cee61c0ba43904b92ef210191d,610bc21e9742778f0c3e6df2465d9fae8ecfdcf92dc7869e5d510c5fa69ab649,,,,,0,LOADED_VM,,NOT_STARTED,NOT_STARTED,NOT_STARTED,SVG_REQUIRED_MISSING,SVG_REQUIRED_MISSING,GRAPH_OR_FUNCTION_STRUCTURE,,GRAPH_CANDIDATE,NO_PROBLEM_VISUAL,REVIEW_REQUIRED,NONE,NOT_STARTED,,,,NOT_STARTED,NOT_STARTED,NOT_STARTED,NOT_TESTED,PASS,canonical_and_compiled_master_match,INVENTORY_PENDING,01_scope_inventory.csv#archive/exams/original/high/h1/1final/22_효천고_1학기_기말_고1_기출.js|22_효천고_1학기_기말_고1_기출|6,,INDEX_RECORD_PRESENT,original/high/h1/1final/22_효천고_1학기_기말_고1_기출.js_6,1a5b076b33ec714ab8a8ad40427d24dd700021e9b3aa019bfb56c29e3650434a,true,②,IN_SCOPE_FORWARD,,,CLOSED_NO_SHARED_ASSET
archive/exams/original/high/h1/1final/22_효천고_1학기_기말_고1_기출.js|22_효천고_1학기_기말_고1_기출|10,archive/exams/original/high/h1/1final/22_효천고_1학기_기말_고1_기출.js,22_효천고_1학기_기말_고1_기출,10,10,10,2015,수학(상),H15-SA-08,여러 가지 부등식,8,H15-SA-08-ABSOLUTE_INEQUALITY,절댓값 부등식,category_or_cue_inferred,complete_category,객관식,grid,false,객관식|절댓값|부등식|구간분할,0198d5a85286edef0c3c6ac503c2df0443c28edc08c646ced181e09af808fa2d,d399879445625c2e8151326fa4a6b2c0a9937dc6198d7e88404fa9d3d0b47ef7,0bdef091c479702584f065d3a3714f8a76f851b3f0cf10912f345a5dd930b0a8,e5224672995ff1022e544ecda2d3b73bedabc95395ead97f344b2e9356515f3e,,,,,0,LOADED_VM,,NOT_STARTED,NOT_STARTED,NOT_STARTED,SVG_OPTIONAL,SVG_OPTIONAL,,,NONE,NO_PROBLEM_VISUAL,N/A,NONE,NOT_STARTED,,,,NOT_STARTED,NOT_STARTED,NOT_STARTED,NOT_TESTED,PASS,canonical_and_compiled_master_match,INVENTORY_PENDING,01_scope_inventory.csv#archive/exams/original/high/h1/1final/22_효천고_1학기_기말_고1_기출.js|22_효천고_1학기_기말_고1_기출|10,,INDEX_RECORD_PRESENT,original/high/h1/1final/22_효천고_1학기_기말_고1_기출.js_10,1a5b076b33ec714ab8a8ad40427d24dd700021e9b3aa019bfb56c29e3650434a,true,⑤,IN_SCOPE_FORWARD,,,CLOSED_NO_SHARED_ASSET
archive/exams/original/high/h1/1final/22_효천고_1학기_기말_고1_기출.js|22_효천고_1학기_기말_고1_기출|11,archive/exams/original/high/h1/1final/22_효천고_1학기_기말_고1_기출.js,22_효천고_1학기_기말_고1_기출,11,11,11,2015,수학(상),H15-SA-08,여러 가지 부등식,8,H15-SA-08-INEQUALITY_BASIC,부등식의 풀이,category_or_cue_inferred,complete_category,객관식,grid,false,객관식|연립부등식|인수분해|범위,244beb5a20b14f4995059aad257776644839c63dac523efcde3397280e510e8d,1b3680f1a5630bea2acbdd31cf1e1052ec37514ea0d08ebfa0317f8f3b0abd12,d41ea6521f53fb3dfa10cf72e2932f4405d9c999fa422cdc840d25d57e90dd34,2fb7e7933ff5f5f7f599e712236d8f8a75e326ab35006926ccd176b888c4475a,,,,,0,LOADED_VM,,NOT_STARTED,NOT_STARTED,NOT_STARTED,SVG_OPTIONAL,SVG_OPTIONAL,,,NONE,NO_PROBLEM_VISUAL,N/A,NONE,NOT_STARTED,,,,NOT_STARTED,NOT_STARTED,NOT_STARTED,NOT_TESTED,PASS,canonical_and_compiled_master_match,INVENTORY_PENDING,01_scope_inventory.csv#archive/exams/original/high/h1/1final/22_효천고_1학기_기말_고1_기출.js|22_효천고_1학기_기말_고1_기출|11,,INDEX_RECORD_PRESENT,original/high/h1/1final/22_효천고_1학기_기말_고1_기출.js_11,1a5b076b33ec714ab8a8ad40427d24dd700021e9b3aa019bfb56c29e3650434a,true,④,IN_SCOPE_FORWARD,,,CLOSED_NO_SHARED_ASSET
archive/exams/original/high/h1/1final/22_효천고_1학기_기말_고1_기출.js|22_효천고_1학기_기말_고1_기출|21,archive/exams/original/high/h1/1final/22_효천고_1학기_기말_고1_기출.js,22_효천고_1학기_기말_고1_기출,21,21,21,2015,수학(상),H15-SA-08,여러 가지 부등식,8,H15-SA-08-SYSTEM_INEQUALITY,연립부등식,category_or_cue_inferred,complete_category,서술형,grid,false,서술형|연립부등식|자연수|개수세기,17d8bcf7aea684c352ef0849564f0a159739d6e9a6d75839d7f66cec44105eaa,4f53cda18c2baa0c0354bb5f9a3ecbe5ed12ab4d8e11ba873c2f11161202b945,72f581e68413c613b1dd3f4b2e93efe571f837209668f34fd2b92cf0d94b922e,3f9602e465138e3668b0d26eba3dcdf849f102cd6e32ff74249062c1bf9e0a90,,,,,0,LOADED_VM,,NOT_STARTED,NOT_STARTED,NOT_STARTED,SVG_OPTIONAL,SVG_OPTIONAL,,,NONE,NO_PROBLEM_VISUAL,N/A,NONE,NOT_STARTED,,,,NOT_STARTED,NOT_STARTED,NOT_STARTED,NOT_TESTED,PASS,canonical_and_compiled_master_match,INVENTORY_PENDING,01_scope_inventory.csv#archive/exams/original/high/h1/1final/22_효천고_1학기_기말_고1_기출.js|22_효천고_1학기_기말_고1_기출|21,,INDEX_RECORD_PRESENT,original/high/h1/1final/22_효천고_1학기_기말_고1_기출.js_21,1a5b076b33ec714ab8a8ad40427d24dd700021e9b3aa019bfb56c29e3650434a,true,$65$,IN_SCOPE_FORWARD,,,CLOSED_NO_SHARED_ASSET
archive/exams/original/high/h1/1final/23_강남여고_1학기_기말_고1_기출.js|23_강남여고_1학기_기말_고1_기출|1,archive/exams/original/high/h1/1final/23_강남여고_1학기_기말_고1_기출.js,23_강남여고_1학기_기말_고1_기출,1,1,1,2015,수학(상),H15-SA-08,여러 가지 부등식,8,H15-SA-08-SYSTEM_INEQUALITY,연립부등식,category_or_cue_inferred,complete_category,객관식,grid,false,,72d6caa452726e1af4872d8943649ed8b0b4e87fc9260fa70c6d124e88da597a,ff782081a4cc25de5ebd8fdb3b10e93e0a2a8b181fb4cabb15c6d4c8f83c7224,dfde05a3668030e99ca64d8d4ae5f6b64c7a87cee61c0ba43904b92ef210191d,e6a0be80f0ab74c1f5d5eaf897bb476252f2d80b7790811c68da68c09588fc16,,,,,0,LOADED_VM,,NOT_STARTED,NOT_STARTED,NOT_STARTED,SVG_OPTIONAL,SVG_OPTIONAL,,,NONE,NO_PROBLEM_VISUAL,N/A,NONE,NOT_STARTED,,,,NOT_STARTED,NOT_STARTED,NOT_STARTED,NOT_TESTED,PASS,canonical_and_compiled_master_match,INVENTORY_PENDING,01_scope_inventory.csv#archive/exams/original/high/h1/1final/23_강남여고_1학기_기말_고1_기출.js|23_강남여고_1학기_기말_고1_기출|1,,INDEX_RECORD_PRESENT,original/high/h1/1final/23_강남여고_1학기_기말_고1_기출.js_1,93afd5bebb6848c6a3009f34813dff32ecaed26c2ad66f79bd8a86334dbed943,true,②,IN_SCOPE_FORWARD,,,CLOSED_NO_SHARED_ASSET
archive/exams/original/high/h1/1final/23_강남여고_1학기_기말_고1_기출.js|23_강남여고_1학기_기말_고1_기출|10,archive/exams/original/high/h1/1final/23_강남여고_1학기_기말_고1_기출.js,23_강남여고_1학기_기말_고1_기출,10,10,10,2015,수학(상),H15-SA-08,여러 가지 부등식,8,H15-SA-08-INEQUALITY_BASIC,부등식의 풀이,category_or_cue_inferred,complete_category,객관식,grid,false,,62602e93c60fde385f66ecae82408480bd305f4a5727bb951e11bde6bc9f1c8e,5975b3baf6883fe3b1f88d2984ea4743e20654959823830138629ac090d88759,0bdef091c479702584f065d3a3714f8a76f851b3f0cf10912f345a5dd930b0a8,0cb55d6925b5a3aefec94f8304198b859091357d1398c924dab1b57fc85ab8b1,,,,,0,LOADED_VM,,NOT_STARTED,NOT_STARTED,NOT_STARTED,SVG_OPTIONAL,SVG_OPTIONAL,,,NONE,NO_PROBLEM_VISUAL,N/A,NONE,NOT_STARTED,,,,NOT_STARTED,NOT_STARTED,NOT_STARTED,NOT_TESTED,PASS,canonical_and_compiled_master_match,INVENTORY_PENDING,01_scope_inventory.csv#archive/exams/original/high/h1/1final/23_강남여고_1학기_기말_고1_기출.js|23_강남여고_1학기_기말_고1_기출|10,,INDEX_RECORD_PRESENT,original/high/h1/1final/23_강남여고_1학기_기말_고1_기출.js_10,93afd5bebb6848c6a3009f34813dff32ecaed26c2ad66f79bd8a86334dbed943,true,⑤,IN_SCOPE_FORWARD,,,CLOSED_NO_SHARED_ASSET
archive/exams/original/high/h1/1final/23_강남여고_1학기_기말_고1_기출.js|23_강남여고_1학기_기말_고1_기출|11,archive/exams/original/high/h1/1final/23_강남여고_1학기_기말_고1_기출.js,23_강남여고_1학기_기말_고1_기출,11,11,11,2015,수학(상),H15-SA-08,여러 가지 부등식,8,H15-SA-08-QUADRATIC_INEQUALITY,이차부등식,category_or_cue_inferred,complete_category,객관식,grid,false,,5dd46c9fdb286c97dc13e4935d2c694a41bd1527a216899643959a8b53035b21,4b0248d2af87fdf820bdcdc8aab0607dce1d09f687ebaf2b46a3a0e59a064f1c,973d2fd2f97e26a666f403b12da6d87e527985b36bcf4ff0a47c7e7e8c36321a,13b3467cacc1145d522082a965d10d854d50c9ff84369dca8279cf7a97c14414,,,,,0,LOADED_VM,,NOT_STARTED,NOT_STARTED,NOT_STARTED,SVG_OPTIONAL,SVG_OPTIONAL,,,NONE,NO_PROBLEM_VISUAL,N/A,NONE,NOT_STARTED,,,,NOT_STARTED,NOT_STARTED,NOT_STARTED,NOT_TESTED,PASS,canonical_and_compiled_master_match,INVENTORY_PENDING,01_scope_inventory.csv#archive/exams/original/high/h1/1final/23_강남여고_1학기_기말_고1_기출.js|23_강남여고_1학기_기말_고1_기출|11,,INDEX_RECORD_PRESENT,original/high/h1/1final/23_강남여고_1학기_기말_고1_기출.js_11,93afd5bebb6848c6a3009f34813dff32ecaed26c2ad66f79bd8a86334dbed943,true,①,IN_SCOPE_FORWARD,,,CLOSED_NO_SHARED_ASSET
archive/exams/original/high/h1/1final/23_강남여고_1학기_기말_고1_기출.js|23_강남여고_1학기_기말_고1_기출|18,archive/exams/original/high/h1/1final/23_강남여고_1학기_기말_고1_기출.js,23_강남여고_1학기_기말_고1_기출,18,18,18,2015,수학(상),H15-SA-08,여러 가지 부등식,8,H15-SA-08-INEQUALITY_BASIC,부등식의 풀이,category_or_cue_inferred,complete_category,객관식,grid,false,,f35a9922230150dc1fe1ef409a65417ed60af5845444722e8336dac1e90c6364,2468fc1e9df1164630aacb7db65d7c98286f560e2fa00f8f7bc91d0279e60333,b15be6cb71072b84f7e1e198ce023fc5bb8b1e625335904ddcf3cffcd8b7312b,322b9598d5904660399ef0057e894e34d0cc64bc36ee6974e42e780e6564130e,,,,,0,LOADED_VM,,NOT_STARTED,NOT_STARTED,NOT_STARTED,SVG_OPTIONAL,SVG_OPTIONAL,,,NONE,NO_PROBLEM_VISUAL,N/A,NONE,NOT_STARTED,,,,NOT_STARTED,NOT_STARTED,NOT_STARTED,NOT_TESTED,PASS,canonical_and_compiled_master_match,INVENTORY_PENDING,01_scope_inventory.csv#archive/exams/original/high/h1/1final/23_강남여고_1학기_기말_고1_기출.js|23_강남여고_1학기_기말_고1_기출|18,,INDEX_RECORD_PRESENT,original/high/h1/1final/23_강남여고_1학기_기말_고1_기출.js_18,93afd5bebb6848c6a3009f34813dff32ecaed26c2ad66f79bd8a86334dbed943,true,③,IN_SCOPE_FORWARD,,,CLOSED_NO_SHARED_ASSET
archive/exams/original/high/h1/1final/23_금당고_1학기_기말_고1_기출.js|23_금당고_1학기_기말_고1_기출|4,archive/exams/original/high/h1/1final/23_금당고_1학기_기말_고1_기출.js,23_금당고_1학기_기말_고1_기출,4,4,4,2015,수학(상),H15-SA-08,여러 가지 부등식,8,H15-SA-08-INEQUALITY_BASIC,부등식의 풀이,category_or_cue_inferred,complete_category,객관식,grid,false,객관식|여러 가지 부등식|고1|기말,2cdac86d85c44d5fbbed44b4b3e22a63e7ce02a3a38a5c0c30dc9f75b14f8e8d,3cc19e370a6671b60f17396fd032ed6593aa1547f8af80d6ab8d949018911b5e,b15be6cb71072b84f7e1e198ce023fc5bb8b1e625335904ddcf3cffcd8b7312b,fc85623367fb6eac59639254aa3fd991b040389364201748300862f43be8f4c0,,,,,0,LOADED_VM,,NOT_STARTED,NOT_STARTED,NOT_STARTED,SVG_OPTIONAL,SVG_OPTIONAL,,,NONE,NO_PROBLEM_VISUAL,N/A,NONE,NOT_STARTED,,,,NOT_STARTED,NOT_STARTED,NOT_STARTED,NOT_TESTED,PASS,canonical_and_compiled_master_match,INVENTORY_PENDING,01_scope_inventory.csv#archive/exams/original/high/h1/1final/23_금당고_1학기_기말_고1_기출.js|23_금당고_1학기_기말_고1_기출|4,,INDEX_RECORD_PRESENT,original/high/h1/1final/23_금당고_1학기_기말_고1_기출.js_4,005eb72b00e3af463006c36da612ba1fc04c4fbca79d217d810b485a98837209,true,③,IN_SCOPE_FORWARD,,,CLOSED_NO_SHARED_ASSET
archive/exams/original/high/h1/1final/23_금당고_1학기_기말_고1_기출.js|23_금당고_1학기_기말_고1_기출|11,archive/exams/original/high/h1/1final/23_금당고_1학기_기말_고1_기출.js,23_금당고_1학기_기말_고1_기출,11,11,11,2015,수학(상),H15-SA-08,여러 가지 부등식,8,H15-SA-08-INEQUALITY_BASIC,부등식의 풀이,category_or_cue_inferred,complete_category,객관식,grid,false,객관식|여러 가지 부등식|고1|기말,f0f3b36ad1e7fee60d487e7e0c814ce27a9d7af63d075e86eb9180d71667c3cd,91ac55e97376078af002186101a9b4fabd181898738c683a994c38fae41d5646,d41ea6521f53fb3dfa10cf72e2932f4405d9c999fa422cdc840d25d57e90dd34,c0c2213158bf822847a26b08a239cb232f356fbe3ab3aecde316428bf210f63c,,,,,0,LOADED_VM,,NOT_STARTED,NOT_STARTED,NOT_STARTED,SVG_OPTIONAL,SVG_OPTIONAL,,,NONE,NO_PROBLEM_VISUAL,N/A,NONE,NOT_STARTED,,,,NOT_STARTED,NOT_STARTED,NOT_STARTED,NOT_TESTED,PASS,canonical_and_compiled_master_match,INVENTORY_PENDING,01_scope_inventory.csv#archive/exams/original/high/h1/1final/23_금당고_1학기_기말_고1_기출.js|23_금당고_1학기_기말_고1_기출|11,,INDEX_RECORD_PRESENT,original/high/h1/1final/23_금당고_1학기_기말_고1_기출.js_11,005eb72b00e3af463006c36da612ba1fc04c4fbca79d217d810b485a98837209,true,④,IN_SCOPE_FORWARD,,,CLOSED_NO_SHARED_ASSET
archive/exams/original/high/h1/1final/23_금당고_1학기_기말_고1_기출.js|23_금당고_1학기_기말_고1_기출|14,archive/exams/original/high/h1/1final/23_금당고_1학기_기말_고1_기출.js,23_금당고_1학기_기말_고1_기출,14,14,14,2015,수학(상),H15-SA-08,여러 가지 부등식,8,H15-SA-08-INEQUALITY_BASIC,부등식의 풀이,category_or_cue_inferred,complete_category,객관식,grid,false,객관식|여러 가지 부등식|고1|기말,63e3569524cdabf5b7499cbf3b41bf82b455ec436c270ea0ba4a9bc7167cdf5a,8cf32f3f78feb56982a5720660df821503dfe28f59a6484dbc5c7d529b021e6a,0bdef091c479702584f065d3a3714f8a76f851b3f0cf10912f345a5dd930b0a8,f497a52aad82a1ed66f0f5fbd2b5d20cd05af2c7cc4a9c45375a5a95fb27cbec,,,,,0,LOADED_VM,,NOT_STARTED,NOT_STARTED,NOT_STARTED,SVG_OPTIONAL,SVG_OPTIONAL,,,NONE,NO_PROBLEM_VISUAL,N/A,NONE,NOT_STARTED,,,,NOT_STARTED,NOT_STARTED,NOT_STARTED,NOT_TESTED,PASS,canonical_and_compiled_master_match,INVENTORY_PENDING,01_scope_inventory.csv#archive/exams/original/high/h1/1final/23_금당고_1학기_기말_고1_기출.js|23_금당고_1학기_기말_고1_기출|14,,INDEX_RECORD_PRESENT,original/high/h1/1final/23_금당고_1학기_기말_고1_기출.js_14,005eb72b00e3af463006c36da612ba1fc04c4fbca79d217d810b485a98837209,true,⑤,IN_SCOPE_FORWARD,,,CLOSED_NO_SHARED_ASSET
archive/exams/original/high/h1/1final/23_매산고_1학기_기말_고1_기출.js|23_매산고_1학기_기말_고1_기출|3,archive/exams/original/high/h1/1final/23_매산고_1학기_기말_고1_기출.js,23_매산고_1학기_기말_고1_기출,3,3,3,2015,수학(상),H15-SA-08,여러 가지 부등식,8,H15-SA-08-INEQUALITY_BASIC,부등식의 풀이,category_or_cue_inferred,complete_category,객관식,grid,false,객관식|이차부등식|인수분해|범위,21ba282c45fea5b088deaf72a20d22fd0b41d90afb22de75dcfd34b5a472c501,b142fed6d755074188ebb5438d0c053a79e8b5b430ddaf0958fab119b073144d,d41ea6521f53fb3dfa10cf72e2932f4405d9c999fa422cdc840d25d57e90dd34,99b89ae6dc3555f806fab0323492c8530605b6f42429dc33d32941f6b1975c4d,,,,,0,LOADED_VM,,NOT_STARTED,NOT_STARTED,NOT_STARTED,SVG_OPTIONAL,SVG_OPTIONAL,,,NONE,NO_PROBLEM_VISUAL,N/A,NONE,NOT_STARTED,,,,NOT_STARTED,NOT_STARTED,NOT_STARTED,NOT_TESTED,PASS,canonical_and_compiled_master_match,INVENTORY_PENDING,01_scope_inventory.csv#archive/exams/original/high/h1/1final/23_매산고_1학기_기말_고1_기출.js|23_매산고_1학기_기말_고1_기출|3,,INDEX_RECORD_PRESENT,original/high/h1/1final/23_매산고_1학기_기말_고1_기출.js_3,3812df820fd0822ff1a25293c00416ec21e85deac39bda7b40d9b8cfbfec0d75,true,④,IN_SCOPE_FORWARD,,,CLOSED_NO_SHARED_ASSET
archive/exams/original/high/h1/1final/23_매산고_1학기_기말_고1_기출.js|23_매산고_1학기_기말_고1_기출|8,archive/exams/original/high/h1/1final/23_매산고_1학기_기말_고1_기출.js,23_매산고_1학기_기말_고1_기출,8,8,8,2015,수학(상),H15-SA-08,여러 가지 부등식,8,H15-SA-08-INEQUALITY_BASIC,부등식의 풀이,category_or_cue_inferred,complete_category,객관식,grid,false,객관식|부등식활용|범위|최소최대,41369aa211738fd4be6dc21c9a7ad6b19940ae65b6916cb949f1311ab2688431,4394f46fc6c8f75ca0405c93d40617c98d3327d6d4781902bd34d94f46744334,b15be6cb71072b84f7e1e198ce023fc5bb8b1e625335904ddcf3cffcd8b7312b,9da6b3898be5892a303e31133c6570b284ee79c3ca0fdf589c2bc3e63c7c9291,,,,,0,LOADED_VM,,NOT_STARTED,NOT_STARTED,NOT_STARTED,SVG_OPTIONAL,SVG_OPTIONAL,,,NONE,NO_PROBLEM_VISUAL,N/A,NONE,NOT_STARTED,,,,NOT_STARTED,NOT_STARTED,NOT_STARTED,NOT_TESTED,PASS,canonical_and_compiled_master_match,INVENTORY_PENDING,01_scope_inventory.csv#archive/exams/original/high/h1/1final/23_매산고_1학기_기말_고1_기출.js|23_매산고_1학기_기말_고1_기출|8,,INDEX_RECORD_PRESENT,original/high/h1/1final/23_매산고_1학기_기말_고1_기출.js_8,3812df820fd0822ff1a25293c00416ec21e85deac39bda7b40d9b8cfbfec0d75,true,③,IN_SCOPE_FORWARD,,,CLOSED_NO_SHARED_ASSET
archive/exams/original/high/h1/1final/23_매산고_1학기_기말_고1_기출.js|23_매산고_1학기_기말_고1_기출|11,archive/exams/original/high/h1/1final/23_매산고_1학기_기말_고1_기출.js,23_매산고_1학기_기말_고1_기출,11,11,11,2015,수학(상),H15-SA-08,여러 가지 부등식,8,H15-SA-08-ABSOLUTE_INEQUALITY,절댓값 부등식,category_or_cue_inferred,complete_category,객관식,grid,false,객관식|절댓값|무리식|부등식|구간분할,a5058564427bd94e4ac14d7fdbf091dec26211c2aa55eefab792c7a57558160f,f831d234cadcd9e773c04e21d86d7ea31b7da5015371b89852fac9a4bde011c6,973d2fd2f97e26a666f403b12da6d87e527985b36bcf4ff0a47c7e7e8c36321a,fc59ee4eeaae5efa50d69e00316dc881ece139bcd44f9537f6a752d6288564d9,,,,,0,LOADED_VM,,NOT_STARTED,NOT_STARTED,NOT_STARTED,SVG_OPTIONAL,SVG_OPTIONAL,,,NONE,NO_PROBLEM_VISUAL,N/A,NONE,NOT_STARTED,,,,NOT_STARTED,NOT_STARTED,NOT_STARTED,NOT_TESTED,PASS,canonical_and_compiled_master_match,INVENTORY_PENDING,01_scope_inventory.csv#archive/exams/original/high/h1/1final/23_매산고_1학기_기말_고1_기출.js|23_매산고_1학기_기말_고1_기출|11,,INDEX_RECORD_PRESENT,original/high/h1/1final/23_매산고_1학기_기말_고1_기출.js_11,3812df820fd0822ff1a25293c00416ec21e85deac39bda7b40d9b8cfbfec0d75,true,①,IN_SCOPE_FORWARD,,,CLOSED_NO_SHARED_ASSET
archive/exams/original/high/h1/1final/23_매산고_1학기_기말_고1_기출.js|23_매산고_1학기_기말_고1_기출|13,archive/exams/original/high/h1/1final/23_매산고_1학기_기말_고1_기출.js,23_매산고_1학기_기말_고1_기출,13,13,13,2015,수학(상),H15-SA-08,여러 가지 부등식,8,H15-SA-08-QUADRATIC_INEQUALITY,이차부등식,category_or_cue_inferred,complete_category,객관식,grid,false,객관식|이차부등식|판별식|정수조건,09188cd5951a44dcef99717be50841c97b2ab4621df14051f7b09ed516d08e64,2b76d99804bf2eab2212ed5f87e768390ab0ea1f357371720028603051bf0a28,973d2fd2f97e26a666f403b12da6d87e527985b36bcf4ff0a47c7e7e8c36321a,31a919235a61ac868413efdc4758ef1b649e83478afc81aea9006401016a3f79,,,,,0,LOADED_VM,,NOT_STARTED,NOT_STARTED,NOT_STARTED,SVG_REQUIRED_MISSING,SVG_REQUIRED_MISSING,GRAPH_OR_FUNCTION_STRUCTURE,,GRAPH_CANDIDATE,NO_PROBLEM_VISUAL,REVIEW_REQUIRED,NONE,NOT_STARTED,,,,NOT_STARTED,NOT_STARTED,NOT_STARTED,NOT_TESTED,PASS,canonical_and_compiled_master_match,INVENTORY_PENDING,01_scope_inventory.csv#archive/exams/original/high/h1/1final/23_매산고_1학기_기말_고1_기출.js|23_매산고_1학기_기말_고1_기출|13,,INDEX_RECORD_PRESENT,original/high/h1/1final/23_매산고_1학기_기말_고1_기출.js_13,3812df820fd0822ff1a25293c00416ec21e85deac39bda7b40d9b8cfbfec0d75,true,①,IN_SCOPE_FORWARD,,,CLOSED_NO_SHARED_ASSET
archive/exams/original/high/h1/1final/23_매산고_1학기_기말_고1_기출.js|23_매산고_1학기_기말_고1_기출|17,archive/exams/original/high/h1/1final/23_매산고_1학기_기말_고1_기출.js,23_매산고_1학기_기말_고1_기출,17,17,17,2015,수학(상),H15-SA-08,여러 가지 부등식,8,H15-SA-08-SYSTEM_INEQUALITY,연립부등식,category_or_cue_inferred,complete_category,단답형,grid,false,단답형|연립부등식|절댓값|이차부등식,9716fa639822c074af19649e79205f995e23d50d7305533f4f7c2876a2254054,4f53cda18c2baa0c0354bb5f9a3ecbe5ed12ab4d8e11ba873c2f11161202b945,42597e7cab3e3f1814d1192bc9e331fd01c8d5f1287358eca51beb95c6158a50,a655125d5eb3d6ba4c2e9bc6eef203eac732eb0ea8b649fa4eee5059ea50b82a,,,,,0,LOADED_VM,,NOT_STARTED,NOT_STARTED,NOT_STARTED,SVG_OPTIONAL,SVG_OPTIONAL,,,NONE,NO_PROBLEM_VISUAL,N/A,NONE,NOT_STARTED,,,,NOT_STARTED,NOT_STARTED,NOT_STARTED,NOT_TESTED,PASS,canonical_and_compiled_master_match,INVENTORY_PENDING,01_scope_inventory.csv#archive/exams/original/high/h1/1final/23_매산고_1학기_기말_고1_기출.js|23_매산고_1학기_기말_고1_기출|17,,INDEX_RECORD_PRESENT,original/high/h1/1final/23_매산고_1학기_기말_고1_기출.js_17,3812df820fd0822ff1a25293c00416ec21e85deac39bda7b40d9b8cfbfec0d75,true,$\dfrac{12}{5}$,IN_SCOPE_FORWARD,,,CLOSED_NO_SHARED_ASSET
archive/exams/original/high/h1/1final/23_매산고_1학기_기말_고1_기출.js|23_매산고_1학기_기말_고1_기출|19,archive/exams/original/high/h1/1final/23_매산고_1학기_기말_고1_기출.js,23_매산고_1학기_기말_고1_기출,19,19,19,2015,수학(상),H15-SA-08,여러 가지 부등식,8,H15-SA-08-QUADRATIC_INEQUALITY,이차부등식,category_or_cue_inferred,complete_category,서술형,grid,false,서술형|이차함수|이차부등식|범위비교,412edd48c19b10e28c6dcdb3072fa58188f3b1302c85f535158313d61ded323d,4f53cda18c2baa0c0354bb5f9a3ecbe5ed12ab4d8e11ba873c2f11161202b945,b16781f85251cf7a5bab973eb0927776b89a75f8def28c649ae65e01b3db5e28,6656e822aa561e2dd303695df1a05e9458c96e210df1abfd99cdbcc2112adc70,,,,,0,LOADED_VM,,NOT_STARTED,NOT_STARTED,NOT_STARTED,SVG_OPTIONAL,SVG_OPTIONAL,,,NONE,NO_PROBLEM_VISUAL,N/A,NONE,NOT_STARTED,,,,NOT_STARTED,NOT_STARTED,NOT_STARTED,NOT_TESTED,PASS,canonical_and_compiled_master_match,INVENTORY_PENDING,01_scope_inventory.csv#archive/exams/original/high/h1/1final/23_매산고_1학기_기말_고1_기출.js|23_매산고_1학기_기말_고1_기출|19,,INDEX_RECORD_PRESENT,original/high/h1/1final/23_매산고_1학기_기말_고1_기출.js_19,3812df820fd0822ff1a25293c00416ec21e85deac39bda7b40d9b8cfbfec0d75,true,22,IN_SCOPE_FORWARD,,,CLOSED_NO_SHARED_ASSET
archive/exams/original/high/h1/1final/23_복성고_1학기_기말_고1_기출.js|23_복성고_1학기_기말_고1_기출|2,archive/exams/original/high/h1/1final/23_복성고_1학기_기말_고1_기출.js,23_복성고_1학기_기말_고1_기출,2,2,2,2015,수학(상),H15-SA-08,여러 가지 부등식,8,H15-SA-08-INEQUALITY_BASIC,부등식의 풀이,category_or_cue_inferred,complete_category,객관식,grid,false,객관식|절댓값|부등식|정수조건|개수세기,985d851a3d67dfa06d688a368f1c61e268f566c7e4fcb1df602ff53c2141779f,c8cb7a3252bcd8b6450899f3da09f1f91649e04584a833aa1d645ecfebd2f9ad,0bdef091c479702584f065d3a3714f8a76f851b3f0cf10912f345a5dd930b0a8,d6eb113b1138f3b500741261c98bb640646691c0de99dade282c0e882fe3c368,,,,,0,LOADED_VM,,NOT_STARTED,NOT_STARTED,NOT_STARTED,SVG_OPTIONAL,SVG_OPTIONAL,,,NONE,NO_PROBLEM_VISUAL,N/A,NONE,NOT_STARTED,,,,NOT_STARTED,NOT_STARTED,NOT_STARTED,NOT_TESTED,PASS,canonical_and_compiled_master_match,INVENTORY_PENDING,01_scope_inventory.csv#archive/exams/original/high/h1/1final/23_복성고_1학기_기말_고1_기출.js|23_복성고_1학기_기말_고1_기출|2,,INDEX_RECORD_PRESENT,original/high/h1/1final/23_복성고_1학기_기말_고1_기출.js_2,97025c9ab5909585fae7a3e1a0b6c3f091416fbc49d6125d7a69a64581c55589,true,⑤,IN_SCOPE_FORWARD,,,CLOSED_NO_SHARED_ASSET
archive/exams/original/high/h1/1final/23_복성고_1학기_기말_고1_기출.js|23_복성고_1학기_기말_고1_기출|7,archive/exams/original/high/h1/1final/23_복성고_1학기_기말_고1_기출.js,23_복성고_1학기_기말_고1_기출,7,7,7,2015,수학(상),H15-SA-08,여러 가지 부등식,8,H15-SA-08-SYSTEM_INEQUALITY,연립부등식,category_or_cue_inferred,complete_category,객관식,grid,false,객관식|연립부등식|실수조건|최댓값,bbcf5621758b66efdb78564f22857179d2d3fddae4f3edc556eda6e5a824d539,a36f78224679041e0fe569d8e632c541817184c6bee7571722856a7c6719ebce,973d2fd2f97e26a666f403b12da6d87e527985b36bcf4ff0a47c7e7e8c36321a,ca6dedefe72fc9f1d9ef87b6ec3a149b8236ba6890dc00f9b3346d05e17aaa21,,,,,0,LOADED_VM,,NOT_STARTED,NOT_STARTED,NOT_STARTED,SVG_OPTIONAL,SVG_OPTIONAL,,,NONE,NO_PROBLEM_VISUAL,N/A,NONE,NOT_STARTED,,,,NOT_STARTED,NOT_STARTED,NOT_STARTED,NOT_TESTED,PASS,canonical_and_compiled_master_match,INVENTORY_PENDING,01_scope_inventory.csv#archive/exams/original/high/h1/1final/23_복성고_1학기_기말_고1_기출.js|23_복성고_1학기_기말_고1_기출|7,,INDEX_RECORD_PRESENT,original/high/h1/1final/23_복성고_1학기_기말_고1_기출.js_7,97025c9ab5909585fae7a3e1a0b6c3f091416fbc49d6125d7a69a64581c55589,true,①,IN_SCOPE_FORWARD,,,CLOSED_NO_SHARED_ASSET
archive/exams/original/high/h1/1final/23_복성고_1학기_기말_고1_기출.js|23_복성고_1학기_기말_고1_기출|9,archive/exams/original/high/h1/1final/23_복성고_1학기_기말_고1_기출.js,23_복성고_1학기_기말_고1_기출,9,9,9,2015,수학(상),H15-SA-08,여러 가지 부등식,8,H15-SA-08-INEQUALITY_BASIC,부등식의 풀이,category_or_cue_inferred,complete_category,객관식,grid,false,객관식|이차부등식|항상성립|범위,acbb8f95404103c4e95c3e7c965d6e84a98bbc114872222e8e6442a0f46a1bea,98cda60df6a69aaaa2168aff6f43d7556742bf0fda7becae10f7c91bffb6cc89,dfde05a3668030e99ca64d8d4ae5f6b64c7a87cee61c0ba43904b92ef210191d,1bf0a11439a25fb27fbc151060a7eb2fa294d7fafdf0e64c95462df755dbf2a2,,,,,0,LOADED_VM,,NOT_STARTED,NOT_STARTED,NOT_STARTED,SVG_OPTIONAL,SVG_OPTIONAL,,,NONE,NO_PROBLEM_VISUAL,N/A,NONE,NOT_STARTED,,,,NOT_STARTED,NOT_STARTED,NOT_STARTED,NOT_TESTED,PASS,canonical_and_compiled_master_match,INVENTORY_PENDING,01_scope_inventory.csv#archive/exams/original/high/h1/1final/23_복성고_1학기_기말_고1_기출.js|23_복성고_1학기_기말_고1_기출|9,,INDEX_RECORD_PRESENT,original/high/h1/1final/23_복성고_1학기_기말_고1_기출.js_9,97025c9ab5909585fae7a3e1a0b6c3f091416fbc49d6125d7a69a64581c55589,true,②,IN_SCOPE_FORWARD,,,CLOSED_NO_SHARED_ASSET
archive/exams/original/high/h1/1final/23_복성고_1학기_기말_고1_기출.js|23_복성고_1학기_기말_고1_기출|16,archive/exams/original/high/h1/1final/23_복성고_1학기_기말_고1_기출.js,23_복성고_1학기_기말_고1_기출,16,16,16,2015,수학(상),H15-SA-08,여러 가지 부등식,8,H15-SA-08-INEQUALITY_APPLICATION,부등식의 활용,category_or_cue_inferred,complete_category,객관식,grid,false,객관식|연립이차부등식|정수조건|자연수조건|개수세기,7c17295ffa8868449755d541b93ee789a48095f7d46947d16c563c49367b1916,d4fecaa554f9eb32d535bea341fc49f80f51644d94bf2bed6d3ea4e911f152fc,b15be6cb71072b84f7e1e198ce023fc5bb8b1e625335904ddcf3cffcd8b7312b,826cb01862303188e1f62bb65a64343da2dc38e478cab9093e2cbaad47cfde80,,,,,0,LOADED_VM,,NOT_STARTED,NOT_STARTED,NOT_STARTED,SVG_OPTIONAL,SVG_OPTIONAL,,,NONE,NO_PROBLEM_VISUAL,N/A,NONE,NOT_STARTED,,,,NOT_STARTED,NOT_STARTED,NOT_STARTED,NOT_TESTED,PASS,canonical_and_compiled_master_match,INVENTORY_PENDING,01_scope_inventory.csv#archive/exams/original/high/h1/1final/23_복성고_1학기_기말_고1_기출.js|23_복성고_1학기_기말_고1_기출|16,,INDEX_RECORD_PRESENT,original/high/h1/1final/23_복성고_1학기_기말_고1_기출.js_16,97025c9ab5909585fae7a3e1a0b6c3f091416fbc49d6125d7a69a64581c55589,true,③,IN_SCOPE_FORWARD,,,CLOSED_NO_SHARED_ASSET
archive/exams/original/high/h1/1final/23_순천여고_1학기_기말_고1_기출.js|23_순천여고_1학기_기말_고1_기출|7,archive/exams/original/high/h1/1final/23_순천여고_1학기_기말_고1_기출.js,23_순천여고_1학기_기말_고1_기출,7,7,7,2015,수학(상),H15-SA-08,여러 가지 부등식,8,H15-SA-08-INEQUALITY_BASIC,부등식의 풀이,category_or_cue_inferred,complete_category,객관식,grid,false,,e324051c3417493f536e362d2df9612a18ad6c61bd4b4b352225be14426c10f0,7e62c1941dcae510f66e790e3317dc47db08756f62b66476d8e6a24d02020c72,d41ea6521f53fb3dfa10cf72e2932f4405d9c999fa422cdc840d25d57e90dd34,580cbf96c9dcc4ccdd3f85266618828fd6f2cf65ee6b9309f8dc13d206cc3bd5,,,,,0,LOADED_VM,,NOT_STARTED,NOT_STARTED,NOT_STARTED,SVG_REQUIRED_MISSING,SVG_REQUIRED_MISSING,GRAPH_OR_FUNCTION_STRUCTURE,,GRAPH_CANDIDATE,NO_PROBLEM_VISUAL,REVIEW_REQUIRED,NONE,NOT_STARTED,,,,NOT_STARTED,NOT_STARTED,NOT_STARTED,NOT_TESTED,PASS,canonical_and_compiled_master_match,INVENTORY_PENDING,01_scope_inventory.csv#archive/exams/original/high/h1/1final/23_순천여고_1학기_기말_고1_기출.js|23_순천여고_1학기_기말_고1_기출|7,,INDEX_RECORD_PRESENT,original/high/h1/1final/23_순천여고_1학기_기말_고1_기출.js_7,19e4cd9a1bbb6207b1d172298be76c4cdfcac65ca26b2ddc3e28ad06a393cd9d,true,④,IN_SCOPE_FORWARD,,,CLOSED_NO_SHARED_ASSET
archive/exams/original/high/h1/1final/23_제일고_1학기_기말_고1_기출.js|23_제일고_1학기_기말_고1_기출|4,archive/exams/original/high/h1/1final/23_제일고_1학기_기말_고1_기출.js,23_제일고_1학기_기말_고1_기출,4,4,4,2015,수학(상),H15-SA-08,여러 가지 부등식,8,H15-SA-08-INEQUALITY_BASIC,부등식의 풀이,category_or_cue_inferred,complete_category,객관식,grid,false,객관식|연립부등식|범위,b9d2dbe1133c44ee5746a7725a2f87d785e2b9c205e74750c93f6b49eb4e4e71,3cc19e370a6671b60f17396fd032ed6593aa1547f8af80d6ab8d949018911b5e,0bdef091c479702584f065d3a3714f8a76f851b3f0cf10912f345a5dd930b0a8,260d8c80556b32485e3c224aae86b63428ec65ec464457140cdeb068348b4527,,,,,0,LOADED_VM,,NOT_STARTED,NOT_STARTED,NOT_STARTED,SVG_OPTIONAL,SVG_OPTIONAL,,,NONE,NO_PROBLEM_VISUAL,N/A,NONE,NOT_STARTED,,,,NOT_STARTED,NOT_STARTED,NOT_STARTED,NOT_TESTED,PASS,canonical_and_compiled_master_match,INVENTORY_PENDING,01_scope_inventory.csv#archive/exams/original/high/h1/1final/23_제일고_1학기_기말_고1_기출.js|23_제일고_1학기_기말_고1_기출|4,,INDEX_RECORD_PRESENT,original/high/h1/1final/23_제일고_1학기_기말_고1_기출.js_4,40d505e56bdf2bd76df68db0f6ef5c69a00e2677a3899eec811ab109b49a9b4a,true,⑤,IN_SCOPE_FORWARD,,,CLOSED_NO_SHARED_ASSET
archive/exams/original/high/h1/1final/23_제일고_1학기_기말_고1_기출.js|23_제일고_1학기_기말_고1_기출|6,archive/exams/original/high/h1/1final/23_제일고_1학기_기말_고1_기출.js,23_제일고_1학기_기말_고1_기출,6,6,6,2015,수학(상),H15-SA-08,여러 가지 부등식,8,H15-SA-08-ABSOLUTE_INEQUALITY,절댓값 부등식,category_or_cue_inferred,complete_category,객관식,grid,false,객관식|절댓값|부등식|정수조건|경우분류,7f19d9fd62a0c9aa578e519cc843d7269f7f2562b58aed42d5bb248d78ea09b2,3cc19e370a6671b60f17396fd032ed6593aa1547f8af80d6ab8d949018911b5e,b15be6cb71072b84f7e1e198ce023fc5bb8b1e625335904ddcf3cffcd8b7312b,3ac08e3c1d97dfb9295f4cfe88cd95ecf984fc6cf6a3be3e7d66e31ac5755350,,,,,0,LOADED_VM,,NOT_STARTED,NOT_STARTED,NOT_STARTED,SVG_OPTIONAL,SVG_OPTIONAL,,,NONE,NO_PROBLEM_VISUAL,N/A,NONE,NOT_STARTED,,,,NOT_STARTED,NOT_STARTED,NOT_STARTED,NOT_TESTED,PASS,canonical_and_compiled_master_match,INVENTORY_PENDING,01_scope_inventory.csv#archive/exams/original/high/h1/1final/23_제일고_1학기_기말_고1_기출.js|23_제일고_1학기_기말_고1_기출|6,,INDEX_RECORD_PRESENT,original/high/h1/1final/23_제일고_1학기_기말_고1_기출.js_6,40d505e56bdf2bd76df68db0f6ef5c69a00e2677a3899eec811ab109b49a9b4a,true,③,IN_SCOPE_FORWARD,,,CLOSED_NO_SHARED_ASSET
archive/exams/original/high/h1/1final/23_팔마고_1학기_기말_고1_기출.js|23_팔마고_1학기_기말_고1_기출|7,archive/exams/original/high/h1/1final/23_팔마고_1학기_기말_고1_기출.js,23_팔마고_1학기_기말_고1_기출,7,7,7,2015,수학(상),H15-SA-08,여러 가지 부등식,8,H15-SA-08-QUADRATIC_INEQUALITY,이차부등식,category_or_cue_inferred,complete_category,객관식,grid,false,객관식|이차부등식|판별식|정수조건,810b085e623947720122b744413b7796badaa09c1d14ad38fe7f3b0422757669,a3df0ff132a92beb0688aa32aa24e81cf04558b945e21e98565e21772d8657e3,b15be6cb71072b84f7e1e198ce023fc5bb8b1e625335904ddcf3cffcd8b7312b,1398aa934a8d620b0452a9db86ea97d7533dc4d74f73c2caae693589b5f32f09,,,,,0,LOADED_VM,,NOT_STARTED,NOT_STARTED,NOT_STARTED,SVG_REQUIRED_MISSING,SVG_REQUIRED_MISSING,GRAPH_OR_FUNCTION_STRUCTURE,,GRAPH_CANDIDATE,NO_PROBLEM_VISUAL,REVIEW_REQUIRED,NONE,NOT_STARTED,,,,NOT_STARTED,NOT_STARTED,NOT_STARTED,NOT_TESTED,PASS,canonical_and_compiled_master_match,INVENTORY_PENDING,01_scope_inventory.csv#archive/exams/original/high/h1/1final/23_팔마고_1학기_기말_고1_기출.js|23_팔마고_1학기_기말_고1_기출|7,,INDEX_RECORD_PRESENT,original/high/h1/1final/23_팔마고_1학기_기말_고1_기출.js_7,0536598d92911264aa13ff7ba0b7c3e90ec2c26edd45137b78bcac71faab4c07,true,③,IN_SCOPE_FORWARD,,,CLOSED_NO_SHARED_ASSET
archive/exams/original/high/h1/1final/23_팔마고_1학기_기말_고1_기출.js|23_팔마고_1학기_기말_고1_기출|9,archive/exams/original/high/h1/1final/23_팔마고_1학기_기말_고1_기출.js,23_팔마고_1학기_기말_고1_기출,9,9,9,2015,수학(상),H15-SA-08,여러 가지 부등식,8,H15-SA-08-INEQUALITY_APPLICATION,부등식의 활용,rule_inferred,complete_rule,객관식,grid,false,객관식|부등식활용|자연수조건,281ebf24bce6ab33c717f750fafb71590cfcd4f1573a9e4a99baf69c85b97b7c,ebb443eccdb14874856e0eb5c7b00fa4c968eb3566927473c4dc87d7b7b4719a,0bdef091c479702584f065d3a3714f8a76f851b3f0cf10912f345a5dd930b0a8,f06743d55ec70d38ce28c5b6452962040c8d1257b369fc5e3515b2f754966e08,,,,,0,LOADED_VM,,NOT_STARTED,NOT_STARTED,NOT_STARTED,SVG_REQUIRED_MISSING,SVG_REQUIRED_MISSING,TABLE_OR_MATRIX_STRUCTURE,,VISUAL_CANDIDATE,NO_PROBLEM_VISUAL,SCHEMATIC_OR_REVIEW,NONE,NOT_STARTED,,,,NOT_STARTED,NOT_STARTED,NOT_STARTED,NOT_TESTED,PASS,canonical_and_compiled_master_match,INVENTORY_PENDING,01_scope_inventory.csv#archive/exams/original/high/h1/1final/23_팔마고_1학기_기말_고1_기출.js|23_팔마고_1학기_기말_고1_기출|9,,INDEX_RECORD_PRESENT,original/high/h1/1final/23_팔마고_1학기_기말_고1_기출.js_9,0536598d92911264aa13ff7ba0b7c3e90ec2c26edd45137b78bcac71faab4c07,true,⑤,IN_SCOPE_FORWARD,,,CLOSED_NO_SHARED_ASSET
archive/exams/original/high/h1/1final/23_팔마고_1학기_기말_고1_기출.js|23_팔마고_1학기_기말_고1_기출|10,archive/exams/original/high/h1/1final/23_팔마고_1학기_기말_고1_기출.js,23_팔마고_1학기_기말_고1_기출,10,10,10,2015,수학(상),H15-SA-08,여러 가지 부등식,8,H15-SA-08-SYSTEM_INEQUALITY,연립부등식,category_or_cue_inferred,complete_category,객관식,grid,false,객관식|연립부등식|가우스기호,6a10d17b1c93575587fb6d9f1c9b8096b4016c61564384f023b2fdb4db2b044a,86557bb232bf25d73f22ba9b1068663091792f874c54a94860fe08a558986211,dfde05a3668030e99ca64d8d4ae5f6b64c7a87cee61c0ba43904b92ef210191d,ab360f417becfe0ad9fee8e18b110b2eed87bd6839ecafa0798d9b1434745c0b,,,,,0,LOADED_VM,,NOT_STARTED,NOT_STARTED,NOT_STARTED,SVG_OPTIONAL,SVG_OPTIONAL,,,NONE,NO_PROBLEM_VISUAL,N/A,NONE,NOT_STARTED,,,,NOT_STARTED,NOT_STARTED,NOT_STARTED,NOT_TESTED,PASS,canonical_and_compiled_master_match,INVENTORY_PENDING,01_scope_inventory.csv#archive/exams/original/high/h1/1final/23_팔마고_1학기_기말_고1_기출.js|23_팔마고_1학기_기말_고1_기출|10,,INDEX_RECORD_PRESENT,original/high/h1/1final/23_팔마고_1학기_기말_고1_기출.js_10,0536598d92911264aa13ff7ba0b7c3e90ec2c26edd45137b78bcac71faab4c07,true,②,IN_SCOPE_FORWARD,,,CLOSED_NO_SHARED_ASSET
archive/exams/original/high/h1/1final/23_팔마고_1학기_기말_고1_기출.js|23_팔마고_1학기_기말_고1_기출|13,archive/exams/original/high/h1/1final/23_팔마고_1학기_기말_고1_기출.js,23_팔마고_1학기_기말_고1_기출,13,13,13,2015,수학(상),H15-SA-08,여러 가지 부등식,8,H15-SA-08-INEQUALITY_BASIC,부등식의 풀이,category_or_cue_inferred,complete_category,객관식,grid,false,객관식|절댓값부등식|정수조건,6806a80c061057e88d37983caa0b6eecba9a4416ccf25e540c69b30748189205,e0d97c9019866472897be616b4b44634dd3f90c486dd75fb0aa9593501c65aef,d41ea6521f53fb3dfa10cf72e2932f4405d9c999fa422cdc840d25d57e90dd34,165d3e805960129923798b5483735310b038ae26cef81d3ddc48342bdd2c36e4,,,,,0,LOADED_VM,,NOT_STARTED,NOT_STARTED,NOT_STARTED,SVG_OPTIONAL,SVG_OPTIONAL,,,NONE,NO_PROBLEM_VISUAL,N/A,NONE,NOT_STARTED,,,,NOT_STARTED,NOT_STARTED,NOT_STARTED,NOT_TESTED,PASS,canonical_and_compiled_master_match,INVENTORY_PENDING,01_scope_inventory.csv#archive/exams/original/high/h1/1final/23_팔마고_1학기_기말_고1_기출.js|23_팔마고_1학기_기말_고1_기출|13,,INDEX_RECORD_PRESENT,original/high/h1/1final/23_팔마고_1학기_기말_고1_기출.js_13,0536598d92911264aa13ff7ba0b7c3e90ec2c26edd45137b78bcac71faab4c07,true,④,IN_SCOPE_FORWARD,,,CLOSED_NO_SHARED_ASSET
archive/exams/original/high/h1/1final/23_팔마고_1학기_기말_고1_기출.js|23_팔마고_1학기_기말_고1_기출|15,archive/exams/original/high/h1/1final/23_팔마고_1학기_기말_고1_기출.js,23_팔마고_1학기_기말_고1_기출,15,15,15,2015,수학(상),H15-SA-08,여러 가지 부등식,8,H15-SA-08-INEQUALITY_APPLICATION,부등식의 활용,category_or_cue_inferred,complete_category,객관식,grid,false,객관식|부등식활용|소금물,9b53cf5a22ceba1cad331ed687ffb10955bad4a1db6dea9716cf802208790ac7,13c20a1eb96fa8f59e0ff8b86175860e3d61a3c835ae6a2269d5062d40da2b18,973d2fd2f97e26a666f403b12da6d87e527985b36bcf4ff0a47c7e7e8c36321a,d75193e45a2ba4d9157bb4af5b42cbc906d2307b7f80a84e78188706678ad3d2,,,,,0,LOADED_VM,,NOT_STARTED,NOT_STARTED,NOT_STARTED,SVG_OPTIONAL,SVG_OPTIONAL,,,NONE,NO_PROBLEM_VISUAL,N/A,NONE,NOT_STARTED,,,,NOT_STARTED,NOT_STARTED,NOT_STARTED,NOT_TESTED,PASS,canonical_and_compiled_master_match,INVENTORY_PENDING,01_scope_inventory.csv#archive/exams/original/high/h1/1final/23_팔마고_1학기_기말_고1_기출.js|23_팔마고_1학기_기말_고1_기출|15,,INDEX_RECORD_PRESENT,original/high/h1/1final/23_팔마고_1학기_기말_고1_기출.js_15,0536598d92911264aa13ff7ba0b7c3e90ec2c26edd45137b78bcac71faab4c07,true,①,IN_SCOPE_FORWARD,,,CLOSED_NO_SHARED_ASSET
archive/exams/original/high/h1/1final/23_팔마고_1학기_기말_고1_기출.js|23_팔마고_1학기_기말_고1_기출|20,archive/exams/original/high/h1/1final/23_팔마고_1학기_기말_고1_기출.js,23_팔마고_1학기_기말_고1_기출,20,20,20,2015,수학(상),H15-SA-08,여러 가지 부등식,8,H15-SA-08-INEQUALITY_BASIC,부등식의 풀이,category_or_cue_inferred,complete_category,서술형,grid,false,서술형|절댓값부등식|구간분류,678ff626a84f7c6a76d7afa76226bb8b74c24a86931d9bb1cb2a216336d8a1d4,4f53cda18c2baa0c0354bb5f9a3ecbe5ed12ab4d8e11ba873c2f11161202b945,5d4880c1ef92365abbc76b0d2f00a7fc097d4a4aede963622f9f882e2cd15c8f,7a99f4dcc1b03fe78bfb473f07ce5e79b634994e168c2b9e71784d6f5c514052,,,,,0,LOADED_VM,,NOT_STARTED,NOT_STARTED,NOT_STARTED,SVG_OPTIONAL,SVG_OPTIONAL,,,NONE,NO_PROBLEM_VISUAL,N/A,NONE,NOT_STARTED,,,,NOT_STARTED,NOT_STARTED,NOT_STARTED,NOT_TESTED,PASS,canonical_and_compiled_master_match,INVENTORY_PENDING,01_scope_inventory.csv#archive/exams/original/high/h1/1final/23_팔마고_1학기_기말_고1_기출.js|23_팔마고_1학기_기말_고1_기출|20,,INDEX_RECORD_PRESENT,original/high/h1/1final/23_팔마고_1학기_기말_고1_기출.js_20,0536598d92911264aa13ff7ba0b7c3e90ec2c26edd45137b78bcac71faab4c07,true,$x\lt-\dfrac{5}{2}$ 또는 $x\gt\dfrac{5}{2}$,IN_SCOPE_FORWARD,,,CLOSED_NO_SHARED_ASSET
archive/exams/original/high/h1/1final/24_금당고_1학기_기말_고1_기출.js|24_금당고_1학기_기말_고1_기출|1,archive/exams/original/high/h1/1final/24_금당고_1학기_기말_고1_기출.js,24_금당고_1학기_기말_고1_기출,1,1,1,2015,수학(상),H15-SA-08,여러 가지 부등식,8,H15-SA-08-EQUATION_BASIC,방정식의 풀이,category_or_cue_inferred,complete_category,객관식,grid,false,,d4740b69fa830a8aeacd432774087b94d90c1fddadc70df789790c2317492ec8,ff782081a4cc25de5ebd8fdb3b10e93e0a2a8b181fb4cabb15c6d4c8f83c7224,b15be6cb71072b84f7e1e198ce023fc5bb8b1e625335904ddcf3cffcd8b7312b,15b7ad288a170a1b20314550d8773ada023527cc257e54dd7d69cc37dbaa1337,,,,,0,LOADED_VM,,NOT_STARTED,NOT_STARTED,NOT_STARTED,SVG_REQUIRED_MISSING,SVG_REQUIRED_MISSING,GRAPH_OR_FUNCTION_STRUCTURE,,GRAPH_CANDIDATE,NO_PROBLEM_VISUAL,REVIEW_REQUIRED,NONE,NOT_STARTED,,,,NOT_STARTED,NOT_STARTED,NOT_STARTED,NOT_TESTED,PASS,canonical_and_compiled_master_match,INVENTORY_PENDING,01_scope_inventory.csv#archive/exams/original/high/h1/1final/24_금당고_1학기_기말_고1_기출.js|24_금당고_1학기_기말_고1_기출|1,,INDEX_RECORD_PRESENT,original/high/h1/1final/24_금당고_1학기_기말_고1_기출.js_1,7240952c798ac9650218ce775dee041b4040d9b5db0e3e072906b84d4c281580,true,③,IN_SCOPE_FORWARD,,,CLOSED_NO_SHARED_ASSET
archive/exams/original/high/h1/1final/24_금당고_1학기_기말_고1_기출.js|24_금당고_1학기_기말_고1_기출|18,archive/exams/original/high/h1/1final/24_금당고_1학기_기말_고1_기출.js,24_금당고_1학기_기말_고1_기출,18,18,18,2015,수학(상),H15-SA-08,여러 가지 부등식,8,H15-SA-08-SYSTEM_INEQUALITY,연립부등식,category_or_cue_inferred,complete_category,서술형,grid,false,,0401d89230f91f67328223e658723447157c87a102f0dc8e5ef3d74ef0fd0560,4f53cda18c2baa0c0354bb5f9a3ecbe5ed12ab4d8e11ba873c2f11161202b945,db829f716ef2a33bbc4ad39dd3da6d42e6e40cb0530c59df06dd90d25408e9aa,20773da6e9538d5d4a14c768896cea1797276e46dd84bccb344dfe28c01cc900,,,,,0,LOADED_VM,,NOT_STARTED,NOT_STARTED,NOT_STARTED,SVG_OPTIONAL,SVG_OPTIONAL,,,NONE,NO_PROBLEM_VISUAL,N/A,NONE,NOT_STARTED,,,,NOT_STARTED,NOT_STARTED,NOT_STARTED,NOT_TESTED,PASS,canonical_and_compiled_master_match,INVENTORY_PENDING,01_scope_inventory.csv#archive/exams/original/high/h1/1final/24_금당고_1학기_기말_고1_기출.js|24_금당고_1학기_기말_고1_기출|18,,INDEX_RECORD_PRESENT,original/high/h1/1final/24_금당고_1학기_기말_고1_기출.js_18,7240952c798ac9650218ce775dee041b4040d9b5db0e3e072906b84d4c281580,true,$-3$,IN_SCOPE_FORWARD,,,CLOSED_NO_SHARED_ASSET
archive/exams/original/high/h1/1final/24_매산고_1학기_기말_고1_기출.js|24_매산고_1학기_기말_고1_기출|1,archive/exams/original/high/h1/1final/24_매산고_1학기_기말_고1_기출.js,24_매산고_1학기_기말_고1_기출,1,1,1,2015,수학(상),H15-SA-08,여러 가지 부등식,8,H15-SA-08-INEQUALITY_BASIC,부등식의 풀이,category_or_cue_inferred,complete_category,객관식,grid,false,객관식|부등식|정수조건|개수세기,f535ab6c863bbd446c5f3d7d57ac5c7765a5b36a5172e8154955796013841861,3cc19e370a6671b60f17396fd032ed6593aa1547f8af80d6ab8d949018911b5e,dfde05a3668030e99ca64d8d4ae5f6b64c7a87cee61c0ba43904b92ef210191d,90ee973c002180315a586567a82a523fa49c24502da6f79b1e5dfdc65c51b31d,,,,,0,LOADED_VM,,NOT_STARTED,NOT_STARTED,NOT_STARTED,SVG_OPTIONAL,SVG_OPTIONAL,,,NONE,NO_PROBLEM_VISUAL,N/A,NONE,NOT_STARTED,,,,NOT_STARTED,NOT_STARTED,NOT_STARTED,NOT_TESTED,PASS,canonical_and_compiled_master_match,INVENTORY_PENDING,01_scope_inventory.csv#archive/exams/original/high/h1/1final/24_매산고_1학기_기말_고1_기출.js|24_매산고_1학기_기말_고1_기출|1,,INDEX_RECORD_PRESENT,original/high/h1/1final/24_매산고_1학기_기말_고1_기출.js_1,2eadfbee7666dece7241c576d98571d62221da570c665cf63364fb8e3105d7f3,true,②,IN_SCOPE_FORWARD,,,CLOSED_NO_SHARED_ASSET
archive/exams/original/high/h1/1final/24_매산고_1학기_기말_고1_기출.js|24_매산고_1학기_기말_고1_기출|2,archive/exams/original/high/h1/1final/24_매산고_1학기_기말_고1_기출.js,24_매산고_1학기_기말_고1_기출,2,2,2,2015,수학(상),H15-SA-08,여러 가지 부등식,8,H15-SA-08-QUADRATIC_INEQUALITY,이차부등식,category_or_cue_inferred,complete_category,객관식,grid,false,객관식|이차부등식|계수비교,7813a56af5f271ffaaede585b4faca425fefe4ed554bc16fa80b3860bae0ca9d,1b0ece4589b53a6b4e467a7c1bbd0a26f92596985aaa44a583300495dc37bb72,d41ea6521f53fb3dfa10cf72e2932f4405d9c999fa422cdc840d25d57e90dd34,38b5278c843ae59a6af73d852adbf58d8517a853354f48a928fce840ed4a0ea9,,,,,0,LOADED_VM,,NOT_STARTED,NOT_STARTED,NOT_STARTED,SVG_OPTIONAL,SVG_OPTIONAL,,,NONE,NO_PROBLEM_VISUAL,N/A,NONE,NOT_STARTED,,,,NOT_STARTED,NOT_STARTED,NOT_STARTED,NOT_TESTED,PASS,canonical_and_compiled_master_match,INVENTORY_PENDING,01_scope_inventory.csv#archive/exams/original/high/h1/1final/24_매산고_1학기_기말_고1_기출.js|24_매산고_1학기_기말_고1_기출|2,,INDEX_RECORD_PRESENT,original/high/h1/1final/24_매산고_1학기_기말_고1_기출.js_2,2eadfbee7666dece7241c576d98571d62221da570c665cf63364fb8e3105d7f3,true,④,IN_SCOPE_FORWARD,,,CLOSED_NO_SHARED_ASSET
archive/exams/original/high/h1/1final/24_매산고_1학기_기말_고1_기출.js|24_매산고_1학기_기말_고1_기출|13,archive/exams/original/high/h1/1final/24_매산고_1학기_기말_고1_기출.js,24_매산고_1학기_기말_고1_기출,13,13,13,2015,수학(상),H15-SA-08,여러 가지 부등식,8,H15-SA-08-ABSOLUTE_INEQUALITY,절댓값 부등식,category_or_cue_inferred,complete_category,객관식,grid,false,객관식|절댓값|부등식,0a25dbca63b41a0dab7642ad28c1e4f29ee4af4f31d506a5d35778b3b65bae39,f2ddf1182e08a0ec4259bc49cb5000613816366b9692ebbc43387f9707fe1329,d41ea6521f53fb3dfa10cf72e2932f4405d9c999fa422cdc840d25d57e90dd34,01f4d06dc262dd59a9fb55d8ddde6e3667290dc6cc4e4c0d784e9d1280d03246,,,,,0,LOADED_VM,,NOT_STARTED,NOT_STARTED,NOT_STARTED,SVG_REQUIRED_MISSING,SVG_REQUIRED_MISSING,COORDINATE_OR_GEOMETRY_STRUCTURE|SET_OR_LOGIC_STRUCTURE,,VISUAL_CANDIDATE,NO_PROBLEM_VISUAL,REVIEW_REQUIRED,NONE,NOT_STARTED,,,,NOT_STARTED,NOT_STARTED,NOT_STARTED,NOT_TESTED,PASS,canonical_and_compiled_master_match,INVENTORY_PENDING,01_scope_inventory.csv#archive/exams/original/high/h1/1final/24_매산고_1학기_기말_고1_기출.js|24_매산고_1학기_기말_고1_기출|13,,INDEX_RECORD_PRESENT,original/high/h1/1final/24_매산고_1학기_기말_고1_기출.js_13,2eadfbee7666dece7241c576d98571d62221da570c665cf63364fb8e3105d7f3,true,④,IN_SCOPE_FORWARD,,,CLOSED_NO_SHARED_ASSET
archive/exams/original/high/h1/1final/24_제일고_1학기_기말_고1_기출.js|24_제일고_1학기_기말_고1_기출|19,archive/exams/original/high/h1/1final/24_제일고_1학기_기말_고1_기출.js,24_제일고_1학기_기말_고1_기출,19,19,19,2015,수학(상),H15-SA-08,여러 가지 부등식,8,H15-SA-08-SYSTEM_INEQUALITY,연립부등식,category_or_cue_inferred,complete_category,서술형,grid,false,서술형|부등식|연립부등식,8370af112ce8d3c3edc4a5ebf070d0a5ef6091d15aab0dd537130451f93bc108,4f53cda18c2baa0c0354bb5f9a3ecbe5ed12ab4d8e11ba873c2f11161202b945,38b2c96a811c4204c0ef6f42cd5841ec048595ae139cc9c40738961154532488,352545f02730aea6f060378e9e8fde8f0af00e484a74174854f1f8dec8b45a5a,,,,,0,LOADED_VM,,NOT_STARTED,NOT_STARTED,NOT_STARTED,SVG_OPTIONAL,SVG_OPTIONAL,,,NONE,NO_PROBLEM_VISUAL,N/A,NONE,NOT_STARTED,,,,NOT_STARTED,NOT_STARTED,NOT_STARTED,NOT_TESTED,PASS,canonical_and_compiled_master_match,INVENTORY_PENDING,01_scope_inventory.csv#archive/exams/original/high/h1/1final/24_제일고_1학기_기말_고1_기출.js|24_제일고_1학기_기말_고1_기출|19,,INDEX_RECORD_PRESENT,original/high/h1/1final/24_제일고_1학기_기말_고1_기출.js_19,6c155378316a391038a72d44207b9af9290be51abf5473c565f7595d9d69cb0b,true,$1\lt x\lt 2$,IN_SCOPE_FORWARD,,,CLOSED_NO_SHARED_ASSET
archive/exams/original/high/h1/1final/25_강남여고_1학기_기말_고1_기출c.js|25_강남여고_1학기_기말_고1_기출|2,archive/exams/original/high/h1/1final/25_강남여고_1학기_기말_고1_기출c.js,25_강남여고_1학기_기말_고1_기출,2,2,2,2022,공통수학1,H22-C-08,순열과 조합,8,H22-C-08-COMBINATION,조합,category_or_cue_inferred,complete_category,객관식,grid,false,객관식|경우의수|순열|조합|조건해석|계산,e70fe53b940bde971adc5b467e160fd8042871d3b7d8ff77114cf8b829860f0a,8b2b61e489d95c271307b6e91222dbb1658313c0a76e3e87f87b22cb8b8bd6f5,b15be6cb71072b84f7e1e198ce023fc5bb8b1e625335904ddcf3cffcd8b7312b,771517af1a095e6dcc9764494da22d248e46b5616173f0569ce1e8efb44ec38f,,,,,0,LOADED_VM,,NOT_STARTED,NOT_STARTED,NOT_STARTED,SVG_REQUIRED_MISSING,SVG_REQUIRED_MISSING,COUNTING_STRUCTURE,,VISUAL_CANDIDATE,NO_PROBLEM_VISUAL,SCHEMATIC_OR_REVIEW,NONE,NOT_STARTED,,,,NOT_STARTED,NOT_STARTED,NOT_STARTED,NOT_TESTED,PASS,canonical_and_compiled_master_match,INVENTORY_PENDING,01_scope_inventory.csv#archive/exams/original/high/h1/1final/25_강남여고_1학기_기말_고1_기출c.js|25_강남여고_1학기_기말_고1_기출|2,,INDEX_RECORD_PRESENT,original/high/h1/1final/25_강남여고_1학기_기말_고1_기출c.js_2,54669b7f56b5e816d952a323c9b43cd38c004fadcd52e8f8af387558c9aae7df,true,③,IN_SCOPE_FORWARD,,,CLOSED_NO_SHARED_ASSET
archive/exams/original/high/h1/1final/25_강남여고_1학기_기말_고1_기출c.js|25_강남여고_1학기_기말_고1_기출|3,archive/exams/original/high/h1/1final/25_강남여고_1학기_기말_고1_기출c.js,25_강남여고_1학기_기말_고1_기출,3,3,3,2022,공통수학1,H22-C-08,순열과 조합,8,H22-C-08-COMBINATION,조합,category_or_cue_inferred,complete_category,객관식,grid,false,객관식|순열|조합|조건해석|계산,0be0f804601b73a0bd0df86d73f5292f00c4189c744691e3d5a3b47f5e52a4ce,63129d62b6a0eaffe4debf3bf19381cf2132694bbd68160ff604b9137e92e554,dfde05a3668030e99ca64d8d4ae5f6b64c7a87cee61c0ba43904b92ef210191d,d40e4d2f212978b5c410d56a1533f2b73b0ff74b8268f2c9f026dc39fda27a88,,,,,0,LOADED_VM,,NOT_STARTED,NOT_STARTED,NOT_STARTED,SVG_OPTIONAL,SVG_OPTIONAL,,,NONE,NO_PROBLEM_VISUAL,N/A,NONE,NOT_STARTED,,,,NOT_STARTED,NOT_STARTED,NOT_STARTED,NOT_TESTED,PASS,canonical_and_compiled_master_match,INVENTORY_PENDING,01_scope_inventory.csv#archive/exams/original/high/h1/1final/25_강남여고_1학기_기말_고1_기출c.js|25_강남여고_1학기_기말_고1_기출|3,,INDEX_RECORD_PRESENT,original/high/h1/1final/25_강남여고_1학기_기말_고1_기출c.js_3,54669b7f56b5e816d952a323c9b43cd38c004fadcd52e8f8af387558c9aae7df,true,②,IN_SCOPE_FORWARD,,,CLOSED_NO_SHARED_ASSET
archive/exams/original/high/h1/1final/25_강남여고_1학기_기말_고1_기출c.js|25_강남여고_1학기_기말_고1_기출|15,archive/exams/original/high/h1/1final/25_강남여고_1학기_기말_고1_기출c.js,25_강남여고_1학기_기말_고1_기출,15,15,15,2022,공통수학1,H22-C-08,순열과 조합,8,H22-C-08-PERMUTATION,순열,category_or_cue_inferred,complete_category,객관식,grid,false,객관식|경우의수|순열|조합|자연수조건|개수세기|조건해석|계산,ac7bdc492c27d36669347f101a31b38e79c94f2bd3fc347599db25b7e4c44a18,a958e40eb052038e9e48a4fa5fd6d03c033baa062d8568875dcf142c45ef628b,d41ea6521f53fb3dfa10cf72e2932f4405d9c999fa422cdc840d25d57e90dd34,d882ca956e3084ef062792a505b79c556404014035744642acdeeacaa46dd1b4,,,,,0,LOADED_VM,,NOT_STARTED,NOT_STARTED,NOT_STARTED,SVG_REQUIRED_MISSING,SVG_REQUIRED_MISSING,COUNTING_STRUCTURE,,VISUAL_CANDIDATE,NO_PROBLEM_VISUAL,SCHEMATIC_OR_REVIEW,NONE,NOT_STARTED,,,,NOT_STARTED,NOT_STARTED,NOT_STARTED,NOT_TESTED,PASS,canonical_and_compiled_master_match,INVENTORY_PENDING,01_scope_inventory.csv#archive/exams/original/high/h1/1final/25_강남여고_1학기_기말_고1_기출c.js|25_강남여고_1학기_기말_고1_기출|15,,INDEX_RECORD_PRESENT,original/high/h1/1final/25_강남여고_1학기_기말_고1_기출c.js_15,54669b7f56b5e816d952a323c9b43cd38c004fadcd52e8f8af387558c9aae7df,true,④,IN_SCOPE_FORWARD,,,CLOSED_NO_SHARED_ASSET
archive/exams/original/high/h1/1final/25_강남여고_1학기_기말_고1_기출c.js|25_강남여고_1학기_기말_고1_기출|23,archive/exams/original/high/h1/1final/25_강남여고_1학기_기말_고1_기출c.js,25_강남여고_1학기_기말_고1_기출,23,23,23,2022,공통수학1,H22-C-08,순열과 조합,8,H22-C-08-COMBINATION,조합,category_or_cue_inferred,complete_category,단답형,grid,false,서술형|분모유리화|나머지정리|경우의수|순열|조합|조건해석|계산,de1ef5d4a09455509c57e4814cdc3944587f78e89a5e5dd80141b1aa93389974,4f53cda18c2baa0c0354bb5f9a3ecbe5ed12ab4d8e11ba873c2f11161202b945,17eed2c0e7c9788d0b46fafdf328b3e955aa0a22132c16cde72aa4f32dcd5282,390aa3b0a62d98b82e2bc3f70ed591689336a7dc05695fbea136a7a4ae62c327,,,,,0,LOADED_VM,,NOT_STARTED,NOT_STARTED,NOT_STARTED,SVG_REQUIRED_MISSING,SVG_REQUIRED_MISSING,COUNTING_STRUCTURE,,VISUAL_CANDIDATE,NO_PROBLEM_VISUAL,SCHEMATIC_OR_REVIEW,NONE,NOT_STARTED,,,,NOT_STARTED,NOT_STARTED,NOT_STARTED,NOT_TESTED,PASS,canonical_and_compiled_master_match,INVENTORY_PENDING,01_scope_inventory.csv#archive/exams/original/high/h1/1final/25_강남여고_1학기_기말_고1_기출c.js|25_강남여고_1학기_기말_고1_기출|23,,INDEX_RECORD_PRESENT,original/high/h1/1final/25_강남여고_1학기_기말_고1_기출c.js_23,54669b7f56b5e816d952a323c9b43cd38c004fadcd52e8f8af387558c9aae7df,true,16,IN_SCOPE_FORWARD,,,CLOSED_NO_SHARED_ASSET
archive/exams/original/high/h1/1final/25_금당고_1학기_기말_고1_기출c.js|25_금당고_1학기_기말_고1_기출|5,archive/exams/original/high/h1/1final/25_금당고_1학기_기말_고1_기출c.js,25_금당고_1학기_기말_고1_기출,5,5,5,2022,공통수학1,H22-C-08,순열과 조합,8,H22-C-08-COMBINATION,조합,category_or_cue_inferred,complete_category,객관식,grid,false,객관식|경우의수|순열|조합|조건해석|계산,55dbf8657b87bcf0df0491a4c4e4f4a8142e5f1d2400edf114f77a4758d17e10,a40838710e4845781cc4f782c0b96dd881a6451fa81b565b0d1309f7b795b31d,d41ea6521f53fb3dfa10cf72e2932f4405d9c999fa422cdc840d25d57e90dd34,da4b863d8f6dd11ea31492bedd5d2aacf57fd8f0215ea420083fc2936138608b,,,,,0,LOADED_VM,,NOT_STARTED,NOT_STARTED,NOT_STARTED,SVG_OPTIONAL,SVG_OPTIONAL,,,NONE,NO_PROBLEM_VISUAL,N/A,NONE,NOT_STARTED,,,,NOT_STARTED,NOT_STARTED,NOT_STARTED,NOT_TESTED,PASS,canonical_and_compiled_master_match,INVENTORY_PENDING,01_scope_inventory.csv#archive/exams/original/high/h1/1final/25_금당고_1학기_기말_고1_기출c.js|25_금당고_1학기_기말_고1_기출|5,,INDEX_RECORD_PRESENT,original/high/h1/1final/25_금당고_1학기_기말_고1_기출c.js_5,db43da08e8d26a0bc369b3b8ac6f5996dd956a4134f202dfd365de443ff67553,true,④,IN_SCOPE_FORWARD,,,CLOSED_NO_SHARED_ASSET
archive/exams/original/high/h1/1final/25_금당고_1학기_기말_고1_기출c.js|25_금당고_1학기_기말_고1_기출|8,archive/exams/original/high/h1/1final/25_금당고_1학기_기말_고1_기출c.js,25_금당고_1학기_기말_고1_기출,8,8,8,2022,공통수학1,H22-C-08,순열과 조합,8,H22-C-08-COMBINATION,조합,category_or_cue_inferred,complete_category,객관식,grid,false,객관식|경우의수|순열|조합|자연수조건|참거짓|조건해석|계산,5927a795fe4455605f3781890716d3e9e70729a64339e56ac61d26d7efc6b1ed,a3df0ff132a92beb0688aa32aa24e81cf04558b945e21e98565e21772d8657e3,b15be6cb71072b84f7e1e198ce023fc5bb8b1e625335904ddcf3cffcd8b7312b,0ba467f5316bfdb6559d96ea54313768b5b74a583b90f758eec3967b4fac4f26,,,,,0,LOADED_VM,,NOT_STARTED,NOT_STARTED,NOT_STARTED,SVG_OPTIONAL,SVG_OPTIONAL,,,NONE,NO_PROBLEM_VISUAL,N/A,NONE,NOT_STARTED,,,,NOT_STARTED,NOT_STARTED,NOT_STARTED,NOT_TESTED,PASS,canonical_and_compiled_master_match,INVENTORY_PENDING,01_scope_inventory.csv#archive/exams/original/high/h1/1final/25_금당고_1학기_기말_고1_기출c.js|25_금당고_1학기_기말_고1_기출|8,,INDEX_RECORD_PRESENT,original/high/h1/1final/25_금당고_1학기_기말_고1_기출c.js_8,db43da08e8d26a0bc369b3b8ac6f5996dd956a4134f202dfd365de443ff67553,true,③,IN_SCOPE_FORWARD,,,CLOSED_NO_SHARED_ASSET
archive/exams/original/high/h1/1final/25_금당고_1학기_기말_고1_기출c.js|25_금당고_1학기_기말_고1_기출|14,archive/exams/original/high/h1/1final/25_금당고_1학기_기말_고1_기출c.js,25_금당고_1학기_기말_고1_기출,14,14,14,2022,공통수학1,H22-C-08,순열과 조합,8,H22-C-08-COMBINATION,조합,category_or_cue_inferred,complete_category,객관식,grid,false,객관식|나머지정리|경우의수|순열|조합|도형|원|조건해석,55b0570c10566b87cce7fec7e10253316b12d37497212466a2db3f7ce88e7c9d,10d4fae7f2c2bba6d7331f2e774c6236b63fc112be8b59921fe8888392dba58f,b15be6cb71072b84f7e1e198ce023fc5bb8b1e625335904ddcf3cffcd8b7312b,6ea2e6ad8b09e05eb7cc2de36a2d44227fbbd24a514f427339469840ea52b521,,,,,0,LOADED_VM,,NOT_STARTED,NOT_STARTED,NOT_STARTED,SVG_REQUIRED_MISSING,SVG_REQUIRED_MISSING,COORDINATE_OR_GEOMETRY_STRUCTURE|COUNTING_STRUCTURE,,VISUAL_CANDIDATE,NO_PROBLEM_VISUAL,REVIEW_REQUIRED,NONE,NOT_STARTED,,,,NOT_STARTED,NOT_STARTED,NOT_STARTED,NOT_TESTED,PASS,canonical_and_compiled_master_match,INVENTORY_PENDING,01_scope_inventory.csv#archive/exams/original/high/h1/1final/25_금당고_1학기_기말_고1_기출c.js|25_금당고_1학기_기말_고1_기출|14,,INDEX_RECORD_PRESENT,original/high/h1/1final/25_금당고_1학기_기말_고1_기출c.js_14,db43da08e8d26a0bc369b3b8ac6f5996dd956a4134f202dfd365de443ff67553,true,③,IN_SCOPE_FORWARD,,,CLOSED_NO_SHARED_ASSET
archive/exams/original/high/h1/1final/25_금당고_1학기_기말_고1_기출c.js|25_금당고_1학기_기말_고1_기출|17,archive/exams/original/high/h1/1final/25_금당고_1학기_기말_고1_기출c.js,25_금당고_1학기_기말_고1_기출,17,17,17,2022,공통수학1,H22-C-08,순열과 조합,8,H22-C-08-COUNTING_PRINCIPLE,경우의 수,category_or_cue_inferred,complete_category,객관식,grid,false,도형,b62d60e31e596b14ae944dda3c6ab62b97308a1b2db149e1cc9aa46d52ef6456,93cf3a378b297ac2dfdd771e1d1b7bf569daa65b016c4ab5e3fe57dc58b28efa,d41ea6521f53fb3dfa10cf72e2932f4405d9c999fa422cdc840d25d57e90dd34,00160eca4189ab9268157fb5a53ae925fbe2a5f7c8e24ebdca225848c067e3f9,assets/images/25_금당고_1학기_기말_고1_기출/q17.png,eeb22bc9fecfc33079de16af25e9b425e21830cd93888133f472e1880da8240b,,,0,LOADED_VM,,NOT_STARTED,NOT_STARTED,NOT_STARTED,SVG_REQUIRED_MISSING,SVG_REQUIRED_MISSING,COORDINATE_OR_GEOMETRY_STRUCTURE|COUNTING_STRUCTURE,,VISUAL_CANDIDATE,PROBLEM_VISUAL_PRESENT,REVIEW_REQUIRED,NONE,NOT_STARTED,,,,NOT_STARTED,NOT_STARTED,NOT_STARTED,NOT_TESTED,PASS,canonical_and_compiled_master_match,INVENTORY_PENDING,01_scope_inventory.csv#archive/exams/original/high/h1/1final/25_금당고_1학기_기말_고1_기출c.js|25_금당고_1학기_기말_고1_기출|17,[object Object],INDEX_RECORD_PRESENT,original/high/h1/1final/25_금당고_1학기_기말_고1_기출c.js_17,db43da08e8d26a0bc369b3b8ac6f5996dd956a4134f202dfd365de443ff67553,true,④,IN_SCOPE_FORWARD,,,CLOSED_NO_SHARED_ASSET
archive/exams/original/high/h1/1final/25_금당고_1학기_기말_고1_기출c.js|25_금당고_1학기_기말_고1_기출|18,archive/exams/original/high/h1/1final/25_금당고_1학기_기말_고1_기출c.js,25_금당고_1학기_기말_고1_기출,18,18,18,2022,공통수학1,H22-C-08,순열과 조합,8,H22-C-08-COMBINATION,조합,category_or_cue_inferred,complete_category,객관식,grid,false,객관식|복소수|경우의수|순열|조합|자연수조건|조건해석|계산,57f225f9e3634f261409d962586737689d814e2580c8fe2fe9fbfd431069356a,2b25b4e8ac9e46cfbad29d42c27c9e4dbeeb5f3ae71be82e1cbc47f2c686bff7,b15be6cb71072b84f7e1e198ce023fc5bb8b1e625335904ddcf3cffcd8b7312b,0f4fededa393381e7a6f3aaaf86383c7d6b2bf54267e65fb5a7d34f245ddaa3e,,,,,0,LOADED_VM,,NOT_STARTED,NOT_STARTED,NOT_STARTED,SVG_REQUIRED_MISSING,SVG_REQUIRED_MISSING,COUNTING_STRUCTURE,,VISUAL_CANDIDATE,NO_PROBLEM_VISUAL,SCHEMATIC_OR_REVIEW,NONE,NOT_STARTED,,,,NOT_STARTED,NOT_STARTED,NOT_STARTED,NOT_TESTED,PASS,canonical_and_compiled_master_match,INVENTORY_PENDING,01_scope_inventory.csv#archive/exams/original/high/h1/1final/25_금당고_1학기_기말_고1_기출c.js|25_금당고_1학기_기말_고1_기출|18,,INDEX_RECORD_PRESENT,original/high/h1/1final/25_금당고_1학기_기말_고1_기출c.js_18,db43da08e8d26a0bc369b3b8ac6f5996dd956a4134f202dfd365de443ff67553,true,③,IN_SCOPE_FORWARD,,,CLOSED_NO_SHARED_ASSET
archive/exams/original/high/h1/1final/25_금당고_1학기_기말_고1_기출c.js|25_금당고_1학기_기말_고1_기출|21,archive/exams/original/high/h1/1final/25_금당고_1학기_기말_고1_기출c.js,25_금당고_1학기_기말_고1_기출,21,21,21,2022,공통수학1,H22-C-08,순열과 조합,8,H22-C-08-PERMUTATION,순열,category_or_cue_inferred,complete_category,서술형,grid,false,서술형|나머지정리|경우의수|순열|조합|자연수조건|개수세기|조건해석,a73bd82d1caf27177d92a1a3a74bcb39b9fa7d0caad4eea2c0dd85fd7a703d47,4f53cda18c2baa0c0354bb5f9a3ecbe5ed12ab4d8e11ba873c2f11161202b945,0234a350f4d56ae45c5ece57b08c54496f372bc570bd83a465fb6d2d85531479,2503b10be52d9e044782479fa14bfb2cd26cc4c714e2501e4cb38d4fe9a44943,,,,,0,LOADED_VM,,NOT_STARTED,NOT_STARTED,NOT_STARTED,SVG_REQUIRED_MISSING,SVG_REQUIRED_MISSING,COUNTING_STRUCTURE,,VISUAL_CANDIDATE,NO_PROBLEM_VISUAL,SCHEMATIC_OR_REVIEW,NONE,NOT_STARTED,,,,NOT_STARTED,NOT_STARTED,NOT_STARTED,NOT_TESTED,PASS,canonical_and_compiled_master_match,INVENTORY_PENDING,01_scope_inventory.csv#archive/exams/original/high/h1/1final/25_금당고_1학기_기말_고1_기출c.js|25_금당고_1학기_기말_고1_기출|21,,INDEX_RECORD_PRESENT,original/high/h1/1final/25_금당고_1학기_기말_고1_기출c.js_21,db43da08e8d26a0bc369b3b8ac6f5996dd956a4134f202dfd365de443ff67553,true,18,IN_SCOPE_FORWARD,,,CLOSED_NO_SHARED_ASSET
archive/exams/original/high/h1/1final/25_매산고_1학기_기말_고1_기출c.js|25_매산고_1학기_기말_고1_기출|1,archive/exams/original/high/h1/1final/25_매산고_1학기_기말_고1_기출c.js,25_매산고_1학기_기말_고1_기출,1,1,1,2022,공통수학1,H22-C-08,순열과 조합,8,H22-C-08-PERMUTATION,순열,category_or_cue_inferred,complete_category,객관식,grid,false,객관식|순열|조합|조건해석|계산,d2ad52901364646ec52f637bd1d3a4c75859e8bc571c80561c5564d61aca6b07,c41a3e475856a33e8d34195fc89361a35e3ea298a02ba3c7f6f8e10fdaf1575e,dfde05a3668030e99ca64d8d4ae5f6b64c7a87cee61c0ba43904b92ef210191d,b19654498c28da9099fdd862745ed15283381eb339674b21a10dae99ccf3c1ac,,,,,0,LOADED_VM,,NOT_STARTED,NOT_STARTED,NOT_STARTED,SVG_OPTIONAL,SVG_OPTIONAL,,,NONE,NO_PROBLEM_VISUAL,N/A,NONE,NOT_STARTED,,,,NOT_STARTED,NOT_STARTED,NOT_STARTED,NOT_TESTED,PASS,canonical_and_compiled_master_match,INVENTORY_PENDING,01_scope_inventory.csv#archive/exams/original/high/h1/1final/25_매산고_1학기_기말_고1_기출c.js|25_매산고_1학기_기말_고1_기출|1,,INDEX_RECORD_PRESENT,original/high/h1/1final/25_매산고_1학기_기말_고1_기출c.js_1,bdfdb4241abb8638d5a083478c502f0a38c95244d4ddf3b991e9c6f8abe89d47,true,②,IN_SCOPE_FORWARD,,,CLOSED_NO_SHARED_ASSET
archive/exams/original/high/h1/1final/25_매산고_1학기_기말_고1_기출c.js|25_매산고_1학기_기말_고1_기출|4,archive/exams/original/high/h1/1final/25_매산고_1학기_기말_고1_기출c.js,25_매산고_1학기_기말_고1_기출,4,4,4,2022,공통수학1,H22-C-08,순열과 조합,8,H22-C-08-COMBINATION,조합,category_or_cue_inferred,complete_category,객관식,grid,false,객관식|경우의수|순열|조합|도형|원|조건해석|계산,df121e94fc9fbfd548944e25bb1e36346c9839aab0b178e94cbc0d493d00d7ef,5ea7146165fa49269795e70a04877ff53afedcd0d8b6f15d39c3791c377fb6b3,973d2fd2f97e26a666f403b12da6d87e527985b36bcf4ff0a47c7e7e8c36321a,11218004f636a2e038d7cb66296585d9ccfcd4c93b80b1a654ff96fcd42c85e2,,,,,0,LOADED_VM,,NOT_STARTED,NOT_STARTED,NOT_STARTED,SVG_REQUIRED_MISSING,SVG_REQUIRED_MISSING,COORDINATE_OR_GEOMETRY_STRUCTURE|COUNTING_STRUCTURE,,VISUAL_CANDIDATE,NO_PROBLEM_VISUAL,REVIEW_REQUIRED,NONE,NOT_STARTED,,,,NOT_STARTED,NOT_STARTED,NOT_STARTED,NOT_TESTED,PASS,canonical_and_compiled_master_match,INVENTORY_PENDING,01_scope_inventory.csv#archive/exams/original/high/h1/1final/25_매산고_1학기_기말_고1_기출c.js|25_매산고_1학기_기말_고1_기출|4,,INDEX_RECORD_PRESENT,original/high/h1/1final/25_매산고_1학기_기말_고1_기출c.js_4,bdfdb4241abb8638d5a083478c502f0a38c95244d4ddf3b991e9c6f8abe89d47,true,①,IN_SCOPE_FORWARD,,,CLOSED_NO_SHARED_ASSET
archive/exams/original/high/h1/1final/25_매산고_1학기_기말_고1_기출c.js|25_매산고_1학기_기말_고1_기출|16,archive/exams/original/high/h1/1final/25_매산고_1학기_기말_고1_기출c.js,25_매산고_1학기_기말_고1_기출,16,16,16,2022,공통수학1,H22-C-08,순열과 조합,8,H22-C-08-COMBINATION,조합,category_or_cue_inferred,complete_category,단답형,grid,false,서술형|로그|경우의수|순열|조합|참거짓|조건해석|계산,affce426944593c5397354be60c4874ed9857fed17c2e30b8c0564c57ac8bc99,4f53cda18c2baa0c0354bb5f9a3ecbe5ed12ab4d8e11ba873c2f11161202b945,5defc92d11f38e34facc727521e1d9b596052c3a5e3ba1375fab31609f1edc3a,8ea802f60bdd7865436c6da4e95c0e9c0e38c4445e41b5eb8723b3e64320e0b6,,,,,0,LOADED_VM,,NOT_STARTED,NOT_STARTED,NOT_STARTED,SVG_REQUIRED_MISSING,SVG_REQUIRED_MISSING,COUNTING_STRUCTURE,,VISUAL_CANDIDATE,NO_PROBLEM_VISUAL,SCHEMATIC_OR_REVIEW,NONE,NOT_STARTED,,,,NOT_STARTED,NOT_STARTED,NOT_STARTED,NOT_TESTED,PASS,canonical_and_compiled_master_match,INVENTORY_PENDING,01_scope_inventory.csv#archive/exams/original/high/h1/1final/25_매산고_1학기_기말_고1_기출c.js|25_매산고_1학기_기말_고1_기출|16,,INDEX_RECORD_PRESENT,original/high/h1/1final/25_매산고_1학기_기말_고1_기출c.js_16,bdfdb4241abb8638d5a083478c502f0a38c95244d4ddf3b991e9c6f8abe89d47,true,28,IN_SCOPE_FORWARD,,,CLOSED_NO_SHARED_ASSET
archive/exams/original/high/h1/1final/25_매산고_1학기_기말_고1_기출c.js|25_매산고_1학기_기말_고1_기출|20,archive/exams/original/high/h1/1final/25_매산고_1학기_기말_고1_기출c.js,25_매산고_1학기_기말_고1_기출,20,20,20,2022,공통수학1,H22-C-08,순열과 조합,8,H22-C-08-COMBINATION,조합,category_or_cue_inferred,complete_category,서술형,subjective-2up,false,서술형|인수분해|경우의수|순열|조합|도형|원|자연수조건,a47571a974a46b21b5941735c1e99e6628a3d0db0e177b6cdfdb8bb89870668e,4f53cda18c2baa0c0354bb5f9a3ecbe5ed12ab4d8e11ba873c2f11161202b945,a735cd1c28a064b82d84c6b604948e86a516d085e98d433fc3ad4227f158549f,54160c5b06dd783207af423b8603ad666dd286ad7be171f4fc6ba2d7d18d1932,,,,,0,LOADED_VM,,NOT_STARTED,NOT_STARTED,NOT_STARTED,SVG_REQUIRED_MISSING,SVG_REQUIRED_MISSING,COORDINATE_OR_GEOMETRY_STRUCTURE|COUNTING_STRUCTURE,,VISUAL_CANDIDATE,NO_PROBLEM_VISUAL,REVIEW_REQUIRED,NONE,NOT_STARTED,,,,NOT_STARTED,NOT_STARTED,NOT_STARTED,NOT_TESTED,PASS,canonical_and_compiled_master_match,INVENTORY_PENDING,01_scope_inventory.csv#archive/exams/original/high/h1/1final/25_매산고_1학기_기말_고1_기출c.js|25_매산고_1학기_기말_고1_기출|20,,INDEX_RECORD_PRESENT,original/high/h1/1final/25_매산고_1학기_기말_고1_기출c.js_20,bdfdb4241abb8638d5a083478c502f0a38c95244d4ddf3b991e9c6f8abe89d47,true,317,IN_SCOPE_FORWARD,,,CLOSED_NO_SHARED_ASSET
archive/exams/original/high/h1/1final/25_매산여고_1학기_기말_고1_기출c.js|25_매산여고_1학기_기말_고1_기출|4,archive/exams/original/high/h1/1final/25_매산여고_1학기_기말_고1_기출c.js,25_매산여고_1학기_기말_고1_기출,4,4,4,2022,공통수학1,H22-C-08,순열과 조합,8,H22-C-08-COMBINATION,조합,category_or_cue_inferred,complete_category,객관식,grid,false,객관식|순열|조합|참거짓|조건해석|계산,e368a6b4c1a70c4a7d89fb2c87c9e96248d69df12277f717406f2317d28ce42a,c5717edd0bd877a783341ce0ee38768752d410a0128948f4995f0c7a765fb5e9,0bdef091c479702584f065d3a3714f8a76f851b3f0cf10912f345a5dd930b0a8,54f56a4bf8560a61bc8b5ff0ede4af38c5818f7cb4d2bb479d8789f4cf9c0a99,,,,,0,LOADED_VM,,NOT_STARTED,NOT_STARTED,NOT_STARTED,SVG_OPTIONAL,SVG_OPTIONAL,,,NONE,NO_PROBLEM_VISUAL,N/A,NONE,NOT_STARTED,,,,NOT_STARTED,NOT_STARTED,NOT_STARTED,NOT_TESTED,PASS,canonical_and_compiled_master_match,INVENTORY_PENDING,01_scope_inventory.csv#archive/exams/original/high/h1/1final/25_매산여고_1학기_기말_고1_기출c.js|25_매산여고_1학기_기말_고1_기출|4,,INDEX_RECORD_PRESENT,original/high/h1/1final/25_매산여고_1학기_기말_고1_기출c.js_4,0ef04d08e506a216b71e86e5f89b0ae8e8790f8d367682721564ca87ab3415cd,true,⑤,IN_SCOPE_FORWARD,,,CLOSED_NO_SHARED_ASSET
archive/exams/original/high/h1/1final/25_매산여고_1학기_기말_고1_기출c.js|25_매산여고_1학기_기말_고1_기출|11,archive/exams/original/high/h1/1final/25_매산여고_1학기_기말_고1_기출c.js,25_매산여고_1학기_기말_고1_기출,11,11,11,2022,공통수학1,H22-C-08,순열과 조합,8,H22-C-08-PERMUTATION,순열,category_or_cue_inferred,complete_category,객관식,grid,false,객관식|나머지정리|경우의수|순열|조합|조건해석|계산,133404f97fb25dbaaeea47f0fcb0ee36a2198a1dd50332144648368997075903,f9002995cefb3c5fb113ed2da70e41ea756767cabe29da0a9df013d8cff86d7a,d41ea6521f53fb3dfa10cf72e2932f4405d9c999fa422cdc840d25d57e90dd34,560b43aa7f1165b0cb8de07b6bda7d37f36964df49c40fb6972bdb67d52e0f70,,,,,0,LOADED_VM,,NOT_STARTED,NOT_STARTED,NOT_STARTED,SVG_REQUIRED_MISSING,SVG_REQUIRED_MISSING,COUNTING_STRUCTURE,,VISUAL_CANDIDATE,NO_PROBLEM_VISUAL,SCHEMATIC_OR_REVIEW,NONE,NOT_STARTED,,,,NOT_STARTED,NOT_STARTED,NOT_STARTED,NOT_TESTED,PASS,canonical_and_compiled_master_match,INVENTORY_PENDING,01_scope_inventory.csv#archive/exams/original/high/h1/1final/25_매산여고_1학기_기말_고1_기출c.js|25_매산여고_1학기_기말_고1_기출|11,,INDEX_RECORD_PRESENT,original/high/h1/1final/25_매산여고_1학기_기말_고1_기출c.js_11,0ef04d08e506a216b71e86e5f89b0ae8e8790f8d367682721564ca87ab3415cd,true,④,IN_SCOPE_FORWARD,,,CLOSED_NO_SHARED_ASSET
archive/exams/original/high/h1/1final/25_매산여고_1학기_기말_고1_기출c.js|25_매산여고_1학기_기말_고1_기출|12,archive/exams/original/high/h1/1final/25_매산여고_1학기_기말_고1_기출c.js,25_매산여고_1학기_기말_고1_기출,12,12,12,2022,공통수학1,H22-C-08,순열과 조합,8,H22-C-08-PERMUTATION,순열,category_or_cue_inferred,complete_category,객관식,grid,false,객관식|경우의수|순열|조합|표해석|자연수조건|개수세기|조건해석,4757f05d959e922c50cc188199832090f87686ad7c29c772de374c9a3d6e9358,0c53575c9c71a3eb3537cdaf3757f0cd716248dde89df93012294d22bd5c8990,b15be6cb71072b84f7e1e198ce023fc5bb8b1e625335904ddcf3cffcd8b7312b,ef37fe16dd657e38f3a7da3c3c3191e0948cb2e80bf96983a50a455af03c56fc,,,,,0,LOADED_VM,,NOT_STARTED,NOT_STARTED,NOT_STARTED,SVG_REQUIRED_MISSING,SVG_REQUIRED_MISSING,COUNTING_STRUCTURE|TABLE_OR_MATRIX_STRUCTURE,,VISUAL_CANDIDATE,NO_PROBLEM_VISUAL,SCHEMATIC_OR_REVIEW,NONE,NOT_STARTED,,,,NOT_STARTED,NOT_STARTED,NOT_STARTED,NOT_TESTED,PASS,canonical_and_compiled_master_match,INVENTORY_PENDING,01_scope_inventory.csv#archive/exams/original/high/h1/1final/25_매산여고_1학기_기말_고1_기출c.js|25_매산여고_1학기_기말_고1_기출|12,,INDEX_RECORD_PRESENT,original/high/h1/1final/25_매산여고_1학기_기말_고1_기출c.js_12,0ef04d08e506a216b71e86e5f89b0ae8e8790f8d367682721564ca87ab3415cd,true,③,IN_SCOPE_FORWARD,,,CLOSED_NO_SHARED_ASSET
archive/exams/original/high/h1/1final/25_매산여고_1학기_기말_고1_기출c.js|25_매산여고_1학기_기말_고1_기출|13,archive/exams/original/high/h1/1final/25_매산여고_1학기_기말_고1_기출c.js,25_매산여고_1학기_기말_고1_기출,13,13,13,2022,공통수학1,H22-C-08,순열과 조합,8,H22-C-08-COMBINATION,조합,category_or_cue_inferred,complete_category,객관식,grid,false,객관식|경우의수|순열|조합|여사건|조건해석|계산,ab449f7cb66b8692808c28f0e14eb3f2488bbfff311866ec90a02e154119eea1,84ad60a72a9b9f662c2395209d864f36cedc218c8c29d55d127be2bf288a048e,0bdef091c479702584f065d3a3714f8a76f851b3f0cf10912f345a5dd930b0a8,f8210f4faa8f11fc6e615b7cd8d4b47d11889766c23b686d1d68b2ea059f8da6,,,,,0,LOADED_VM,,NOT_STARTED,NOT_STARTED,NOT_STARTED,SVG_REQUIRED_MISSING,SVG_REQUIRED_MISSING,COUNTING_STRUCTURE,,VISUAL_CANDIDATE,NO_PROBLEM_VISUAL,SCHEMATIC_OR_REVIEW,NONE,NOT_STARTED,,,,NOT_STARTED,NOT_STARTED,NOT_STARTED,NOT_TESTED,PASS,canonical_and_compiled_master_match,INVENTORY_PENDING,01_scope_inventory.csv#archive/exams/original/high/h1/1final/25_매산여고_1학기_기말_고1_기출c.js|25_매산여고_1학기_기말_고1_기출|13,,INDEX_RECORD_PRESENT,original/high/h1/1final/25_매산여고_1학기_기말_고1_기출c.js_13,0ef04d08e506a216b71e86e5f89b0ae8e8790f8d367682721564ca87ab3415cd,true,⑤,IN_SCOPE_FORWARD,,,CLOSED_NO_SHARED_ASSET
archive/exams/original/high/h1/1final/25_매산여고_1학기_기말_고1_기출c.js|25_매산여고_1학기_기말_고1_기출|17,archive/exams/original/high/h1/1final/25_매산여고_1학기_기말_고1_기출c.js,25_매산여고_1학기_기말_고1_기출,17,17,17,2022,공통수학1,H22-C-08,순열과 조합,8,H22-C-08-PERMUTATION,순열,category_or_cue_inferred,complete_category,객관식,grid,false,객관식|나머지정리|경우의수|순열|조합|조건해석|계산,ba12808f2df98e7a936776c621774768b1386b2811568b484470f7d8be619891,cb739f913b3dfa9022c348706da18d77a29556aeb38f0da354e7a6fbc23110fb,b15be6cb71072b84f7e1e198ce023fc5bb8b1e625335904ddcf3cffcd8b7312b,87829cc61555d3bf396b41eea26ddd2c237c3bb63d4b1f3f46b4cbe27c2bfe66,,,,,0,LOADED_VM,,NOT_STARTED,NOT_STARTED,NOT_STARTED,SVG_REQUIRED_MISSING,SVG_REQUIRED_MISSING,COUNTING_STRUCTURE,,VISUAL_CANDIDATE,NO_PROBLEM_VISUAL,SCHEMATIC_OR_REVIEW,NONE,NOT_STARTED,,,,NOT_STARTED,NOT_STARTED,NOT_STARTED,NOT_TESTED,PASS,canonical_and_compiled_master_match,INVENTORY_PENDING,01_scope_inventory.csv#archive/exams/original/high/h1/1final/25_매산여고_1학기_기말_고1_기출c.js|25_매산여고_1학기_기말_고1_기출|17,,INDEX_RECORD_PRESENT,original/high/h1/1final/25_매산여고_1학기_기말_고1_기출c.js_17,0ef04d08e506a216b71e86e5f89b0ae8e8790f8d367682721564ca87ab3415cd,true,③,IN_SCOPE_FORWARD,,,CLOSED_NO_SHARED_ASSET
archive/exams/original/high/h1/1final/25_매산여고_1학기_기말_고1_기출c.js|25_매산여고_1학기_기말_고1_기출|18,archive/exams/original/high/h1/1final/25_매산여고_1학기_기말_고1_기출c.js,25_매산여고_1학기_기말_고1_기출,18,18,18,2022,공통수학1,H22-C-08,순열과 조합,8,H22-C-08-COMBINATION,조합,category_or_cue_inferred,complete_category,객관식,grid,false,객관식|경우의수|순열|조합|여사건|범위|개수세기|조건해석,4bcfe2bdeb73340d000c07086f40c07993232ed2ac51dc102f544f169ae927a8,4b6908b0170ee54c9d1ef5f60f0aeba996229010990e8991aeeda6fd75e1d9dd,b15be6cb71072b84f7e1e198ce023fc5bb8b1e625335904ddcf3cffcd8b7312b,6cdab18c8ff617d00c3bd97870dc0104cd6d565c823c6373eb8bbd118f5fe163,,,,,0,LOADED_VM,,NOT_STARTED,NOT_STARTED,NOT_STARTED,SVG_REQUIRED_MISSING,SVG_REQUIRED_MISSING,SET_OR_LOGIC_STRUCTURE|COUNTING_STRUCTURE,,VISUAL_CANDIDATE,NO_PROBLEM_VISUAL,SCHEMATIC_OR_REVIEW,NONE,NOT_STARTED,,,,NOT_STARTED,NOT_STARTED,NOT_STARTED,NOT_TESTED,PASS,canonical_and_compiled_master_match,INVENTORY_PENDING,01_scope_inventory.csv#archive/exams/original/high/h1/1final/25_매산여고_1학기_기말_고1_기출c.js|25_매산여고_1학기_기말_고1_기출|18,,INDEX_RECORD_PRESENT,original/high/h1/1final/25_매산여고_1학기_기말_고1_기출c.js_18,0ef04d08e506a216b71e86e5f89b0ae8e8790f8d367682721564ca87ab3415cd,true,③,IN_SCOPE_FORWARD,,,CLOSED_NO_SHARED_ASSET
archive/exams/original/high/h1/1final/25_매산여고_1학기_기말_고1_기출c.js|25_매산여고_1학기_기말_고1_기출|23,archive/exams/original/high/h1/1final/25_매산여고_1학기_기말_고1_기출c.js,25_매산여고_1학기_기말_고1_기출,23,23,23,2022,공통수학1,H22-C-08,순열과 조합,8,H22-C-08-COUNTING_PRINCIPLE,경우의 수,category_or_cue_inferred,complete_category,단답형,grid,false,서술형|도형,857597d4e49302737d1b05b18056cf9334fe0974b021dde5e724672012756974,4f53cda18c2baa0c0354bb5f9a3ecbe5ed12ab4d8e11ba873c2f11161202b945,083a11b972a85dd2c9fb0b3497545a6aa15e9be86c62a13c84f9a67c97e4695f,0696ec0ac8fdba0a7e4387ebb303be7a91dc6cb83f08ad49ea3d009f372c0664,assets/images/25_매산여고_1학기_기말_고1_기출/q23.png,dfd6fd98b9cd0687024eb053d326e9a9594d6564e898f129c5faf19687c1365f,,,0,LOADED_VM,,NOT_STARTED,NOT_STARTED,NOT_STARTED,SVG_REQUIRED_MISSING,SVG_REQUIRED_MISSING,COORDINATE_OR_GEOMETRY_STRUCTURE|COUNTING_STRUCTURE,,VISUAL_CANDIDATE,PROBLEM_VISUAL_PRESENT,REVIEW_REQUIRED,NONE,NOT_STARTED,,,,NOT_STARTED,NOT_STARTED,NOT_STARTED,NOT_TESTED,PASS,canonical_and_compiled_master_match,INVENTORY_PENDING,01_scope_inventory.csv#archive/exams/original/high/h1/1final/25_매산여고_1학기_기말_고1_기출c.js|25_매산여고_1학기_기말_고1_기출|23,[object Object],INDEX_RECORD_PRESENT,original/high/h1/1final/25_매산여고_1학기_기말_고1_기출c.js_23,0ef04d08e506a216b71e86e5f89b0ae8e8790f8d367682721564ca87ab3415cd,true,$184$,IN_SCOPE_FORWARD,,,CLOSED_NO_SHARED_ASSET
archive/exams/original/high/h1/1final/25_순천고_1학기_기말_고1_기출c.js|25_순천고_1학기_기말_고1_기출|3,archive/exams/original/high/h1/1final/25_순천고_1학기_기말_고1_기출c.js,25_순천고_1학기_기말_고1_기출,3,3,3,2022,공통수학1,H22-C-08,순열과 조합,8,H22-C-08-COMBINATION,조합,category_or_cue_inferred,complete_category,객관식,grid,false,객관식|경우의수|조합|조건해석|계산,01ba05ecb1b10aa0040dd9cbd859f788f551a1a83487d62ef32fa5f2b12902be,de77b2e88b679507519982ceea8c25081f7999305d7dc3395d76fef8f1025a63,d41ea6521f53fb3dfa10cf72e2932f4405d9c999fa422cdc840d25d57e90dd34,e262f2ef7e7d6edd288ad95db740cf4844b1b3b1f92f59813f2159d567671893,,,,,0,LOADED_VM,,NOT_STARTED,NOT_STARTED,NOT_STARTED,SVG_REQUIRED_MISSING,SVG_REQUIRED_MISSING,COUNTING_STRUCTURE,,VISUAL_CANDIDATE,NO_PROBLEM_VISUAL,SCHEMATIC_OR_REVIEW,NONE,NOT_STARTED,,,,NOT_STARTED,NOT_STARTED,NOT_STARTED,NOT_TESTED,PASS,canonical_and_compiled_master_match,INVENTORY_PENDING,01_scope_inventory.csv#archive/exams/original/high/h1/1final/25_순천고_1학기_기말_고1_기출c.js|25_순천고_1학기_기말_고1_기출|3,,INDEX_RECORD_PRESENT,original/high/h1/1final/25_순천고_1학기_기말_고1_기출c.js_3,762b264f7d8f272aad64551e30eb458b7497a45683c534fc56bb7b0930020607,true,④,IN_SCOPE_FORWARD,,,CLOSED_NO_SHARED_ASSET
archive/exams/original/high/h1/1final/25_순천고_1학기_기말_고1_기출c.js|25_순천고_1학기_기말_고1_기출|7,archive/exams/original/high/h1/1final/25_순천고_1학기_기말_고1_기출c.js,25_순천고_1학기_기말_고1_기출,7,7,7,2022,공통수학1,H22-C-08,순열과 조합,8,H22-C-08-COMBINATION,조합,category_or_cue_inferred,complete_category,객관식,grid,false,객관식|경우의수|순열|조합|조건해석|계산|개념,baead1e4cc9a9469920c98770869ba1cde63cbafc5b7f1231e9d90d7a602d8d7,33df25322b696566a74a473e6940f30d5f9cef7ece09c5631ef8d9de89413abe,0bdef091c479702584f065d3a3714f8a76f851b3f0cf10912f345a5dd930b0a8,9aa0d15420839f8201a5ceb2c0de6003206046c26a672cb8e6ac23f1161e2f47,,,,,0,LOADED_VM,,NOT_STARTED,NOT_STARTED,NOT_STARTED,SVG_OPTIONAL,SVG_OPTIONAL,,,NONE,NO_PROBLEM_VISUAL,N/A,NONE,NOT_STARTED,,,,NOT_STARTED,NOT_STARTED,NOT_STARTED,NOT_TESTED,PASS,canonical_and_compiled_master_match,INVENTORY_PENDING,01_scope_inventory.csv#archive/exams/original/high/h1/1final/25_순천고_1학기_기말_고1_기출c.js|25_순천고_1학기_기말_고1_기출|7,,INDEX_RECORD_PRESENT,original/high/h1/1final/25_순천고_1학기_기말_고1_기출c.js_7,762b264f7d8f272aad64551e30eb458b7497a45683c534fc56bb7b0930020607,true,⑤,IN_SCOPE_FORWARD,,,CLOSED_NO_SHARED_ASSET
archive/exams/original/high/h1/1final/25_순천고_1학기_기말_고1_기출c.js|25_순천고_1학기_기말_고1_기출|19,archive/exams/original/high/h1/1final/25_순천고_1학기_기말_고1_기출c.js,25_순천고_1학기_기말_고1_기출,19,19,19,2022,공통수학1,H22-C-08,순열과 조합,8,H22-C-08-COMBINATION,조합,category_or_cue_inferred,complete_category,단답형,grid,false,단답형|경우의수|조합|자연수조건|개수세기|조건해석|계산,2e0e1392b6c8e4d33f6d225e1db5fc9b4c63e7a2785de4804835931d98f9e1bc,4f53cda18c2baa0c0354bb5f9a3ecbe5ed12ab4d8e11ba873c2f11161202b945,92107624db62a7c868799908fb67d40434db90673bd2a62320b59d0cc3adbfeb,699cdd6ba0f01c1477f12a0a1379c58ad8c5b15f8a78c45a9adc51e898a7ee71,,,,,0,LOADED_VM,,NOT_STARTED,NOT_STARTED,NOT_STARTED,SVG_REQUIRED_MISSING,SVG_REQUIRED_MISSING,COUNTING_STRUCTURE,,VISUAL_CANDIDATE,NO_PROBLEM_VISUAL,SCHEMATIC_OR_REVIEW,NONE,NOT_STARTED,,,,NOT_STARTED,NOT_STARTED,NOT_STARTED,NOT_TESTED,PASS,canonical_and_compiled_master_match,INVENTORY_PENDING,01_scope_inventory.csv#archive/exams/original/high/h1/1final/25_순천고_1학기_기말_고1_기출c.js|25_순천고_1학기_기말_고1_기출|19,,INDEX_RECORD_PRESENT,original/high/h1/1final/25_순천고_1학기_기말_고1_기출c.js_19,762b264f7d8f272aad64551e30eb458b7497a45683c534fc56bb7b0930020607,true,$76$,IN_SCOPE_FORWARD,,,CLOSED_NO_SHARED_ASSET
archive/exams/original/high/h1/1final/25_순천여고_1학기_기말_고1_기출c.js|25_순천여고_1학기_기말_고1_기출|11,archive/exams/original/high/h1/1final/25_순천여고_1학기_기말_고1_기출c.js,25_순천여고_1학기_기말_고1_기출,11,11,11,2022,공통수학1,H22-C-08,순열과 조합,8,H22-C-08-COMBINATION,조합,category_or_cue_inferred,complete_category,객관식,grid,false,객관식|나머지정리|경우의수|순열|조합|조건해석|계산,2f4be168ee8021a2738de3c7b6224877c01a3c2358fa066d1a0a511ba8754f72,7d6d13a6950198b2cdd479583f0b94ad25fbb710cef481b5d592004f4114416d,973d2fd2f97e26a666f403b12da6d87e527985b36bcf4ff0a47c7e7e8c36321a,a82cbbb1e9d73299b176daa5074ee0eec16e5ee1c4068079d3dce7225b2959a5,,,,,0,LOADED_VM,,NOT_STARTED,NOT_STARTED,NOT_STARTED,SVG_REQUIRED_MISSING,SVG_REQUIRED_MISSING,COUNTING_STRUCTURE,,VISUAL_CANDIDATE,NO_PROBLEM_VISUAL,SCHEMATIC_OR_REVIEW,NONE,NOT_STARTED,,,,NOT_STARTED,NOT_STARTED,NOT_STARTED,NOT_TESTED,PASS,canonical_and_compiled_master_match,INVENTORY_PENDING,01_scope_inventory.csv#archive/exams/original/high/h1/1final/25_순천여고_1학기_기말_고1_기출c.js|25_순천여고_1학기_기말_고1_기출|11,,INDEX_RECORD_PRESENT,original/high/h1/1final/25_순천여고_1학기_기말_고1_기출c.js_11,a5b159a5a27143eb7b10e4349e4e2b5d9d6c32340460b7eaaa9d9199dccc1968,true,①,IN_SCOPE_FORWARD,,,CLOSED_NO_SHARED_ASSET
archive/exams/original/high/h1/1final/25_순천여고_1학기_기말_고1_기출c.js|25_순천여고_1학기_기말_고1_기출|12,archive/exams/original/high/h1/1final/25_순천여고_1학기_기말_고1_기출c.js,25_순천여고_1학기_기말_고1_기출,12,12,12,2022,공통수학1,H22-C-08,순열과 조합,8,H22-C-08-COMBINATION,조합,category_or_cue_inferred,complete_category,객관식,grid,false,객관식|경우의수|순열|조합|자연수조건|계산,3d18404f51a7ccb9e6d5f2f7ca40d275121d8e2a8d3ba6eeaa173428150d89db,cc26c1a307bab7c92444ff784d3feb99a6d19053d70a2cf942deb2815f25b896,0bdef091c479702584f065d3a3714f8a76f851b3f0cf10912f345a5dd930b0a8,eb5659b67584e22b2eaf4a8992097995c05f20abf70bd337b9e44b78d6b6a4cc,,,,,0,LOADED_VM,,NOT_STARTED,NOT_STARTED,NOT_STARTED,SVG_REQUIRED_MISSING,SVG_REQUIRED_MISSING,COUNTING_STRUCTURE,,VISUAL_CANDIDATE,NO_PROBLEM_VISUAL,SCHEMATIC_OR_REVIEW,NONE,NOT_STARTED,,,,NOT_STARTED,NOT_STARTED,NOT_STARTED,NOT_TESTED,PASS,canonical_and_compiled_master_match,INVENTORY_PENDING,01_scope_inventory.csv#archive/exams/original/high/h1/1final/25_순천여고_1학기_기말_고1_기출c.js|25_순천여고_1학기_기말_고1_기출|12,,INDEX_RECORD_PRESENT,original/high/h1/1final/25_순천여고_1학기_기말_고1_기출c.js_12,a5b159a5a27143eb7b10e4349e4e2b5d9d6c32340460b7eaaa9d9199dccc1968,true,⑤,IN_SCOPE_FORWARD,,,CLOSED_NO_SHARED_ASSET
archive/exams/original/high/h1/1final/25_순천여고_1학기_기말_고1_기출c.js|25_순천여고_1학기_기말_고1_기출|13,archive/exams/original/high/h1/1final/25_순천여고_1학기_기말_고1_기출c.js,25_순천여고_1학기_기말_고1_기출,13,13,13,2022,공통수학1,H22-C-08,순열과 조합,8,H22-C-08-PERMUTATION,순열,category_or_cue_inferred,complete_category,객관식,grid,false,객관식|경우의수|순열|조합|여사건|조건해석|응용|계산,b8fa8ae54841d2eed6064ae10e4f72cdecf9c8415877c8a5387582d67528b998,0d914d110babeba3fbdb66513d021301435c55764c1fb9a174d24087d80bbf8f,dfde05a3668030e99ca64d8d4ae5f6b64c7a87cee61c0ba43904b92ef210191d,31bdd826566ac2dfb9ec8eb6a8dab17c01d2edb6b923a952188dd0c3677fac09,,,,,0,LOADED_VM,,NOT_STARTED,NOT_STARTED,NOT_STARTED,SVG_REQUIRED_MISSING,SVG_REQUIRED_MISSING,COUNTING_STRUCTURE,,VISUAL_CANDIDATE,NO_PROBLEM_VISUAL,SCHEMATIC_OR_REVIEW,NONE,NOT_STARTED,,,,NOT_STARTED,NOT_STARTED,NOT_STARTED,NOT_TESTED,PASS,canonical_and_compiled_master_match,INVENTORY_PENDING,01_scope_inventory.csv#archive/exams/original/high/h1/1final/25_순천여고_1학기_기말_고1_기출c.js|25_순천여고_1학기_기말_고1_기출|13,,INDEX_RECORD_PRESENT,original/high/h1/1final/25_순천여고_1학기_기말_고1_기출c.js_13,a5b159a5a27143eb7b10e4349e4e2b5d9d6c32340460b7eaaa9d9199dccc1968,true,②,IN_SCOPE_FORWARD,,,CLOSED_NO_SHARED_ASSET
archive/exams/original/high/h1/1final/25_순천여고_1학기_기말_고1_기출c.js|25_순천여고_1학기_기말_고1_기출|14,archive/exams/original/high/h1/1final/25_순천여고_1학기_기말_고1_기출c.js,25_순천여고_1학기_기말_고1_기출,14,14,14,2022,공통수학1,H22-C-08,순열과 조합,8,H22-C-08-COMBINATION,조합,category_or_cue_inferred,complete_category,객관식,grid,false,표,e66c011140db64f02c4673534fff4bdb95944739933790c88d1ee7840cc3a5cd,7e8d3abb6b06299a8d88935c87a8074b097b836a8c77f1daa228c14658e9ba30,b15be6cb71072b84f7e1e198ce023fc5bb8b1e625335904ddcf3cffcd8b7312b,9cb97b85d6ef1caff6f2714db5cc8122244ccfdf95a79b2efa56c3630610ffef,,,,,0,LOADED_VM,,NOT_STARTED,NOT_STARTED,NOT_STARTED,SVG_REQUIRED_MISSING,SVG_REQUIRED_MISSING,COORDINATE_OR_GEOMETRY_STRUCTURE|COUNTING_STRUCTURE|TABLE_OR_MATRIX_STRUCTURE,,VISUAL_CANDIDATE,NO_PROBLEM_VISUAL,REVIEW_REQUIRED,NONE,NOT_STARTED,,,,NOT_STARTED,NOT_STARTED,NOT_STARTED,NOT_TESTED,PASS,canonical_and_compiled_master_match,INVENTORY_PENDING,01_scope_inventory.csv#archive/exams/original/high/h1/1final/25_순천여고_1학기_기말_고1_기출c.js|25_순천여고_1학기_기말_고1_기출|14,,INDEX_RECORD_PRESENT,original/high/h1/1final/25_순천여고_1학기_기말_고1_기출c.js_14,a5b159a5a27143eb7b10e4349e4e2b5d9d6c32340460b7eaaa9d9199dccc1968,true,③,IN_SCOPE_FORWARD,,,CLOSED_NO_SHARED_ASSET
archive/exams/original/high/h1/1final/25_순천여고_1학기_기말_고1_기출c.js|25_순천여고_1학기_기말_고1_기출|19,archive/exams/original/high/h1/1final/25_순천여고_1학기_기말_고1_기출c.js,25_순천여고_1학기_기말_고1_기출,19,19,19,2022,공통수학1,H22-C-08,순열과 조합,8,H22-C-08-COMBINATION,조합,category_or_cue_inferred,complete_category,서술형,grid,false,서술형,81148c8a63dd0fc6338b5506a8c2d826269fac09f8b5bbdcc8d3db268d666ec2,4f53cda18c2baa0c0354bb5f9a3ecbe5ed12ab4d8e11ba873c2f11161202b945,b9e3d9789f4ae6a36b8facc4a31b8e744978864d9acac9593ab9c09b2de52e83,9b1600b19a323f097962a1e67448fa5fb645af8169692a142d4df17a71e96129,,,,,0,LOADED_VM,,NOT_STARTED,NOT_STARTED,NOT_STARTED,SVG_REQUIRED_MISSING,SVG_REQUIRED_MISSING,COUNTING_STRUCTURE|TABLE_OR_MATRIX_STRUCTURE,,VISUAL_CANDIDATE,NO_PROBLEM_VISUAL,SCHEMATIC_OR_REVIEW,NONE,NOT_STARTED,,,,NOT_STARTED,NOT_STARTED,NOT_STARTED,NOT_TESTED,PASS,canonical_and_compiled_master_match,INVENTORY_PENDING,01_scope_inventory.csv#archive/exams/original/high/h1/1final/25_순천여고_1학기_기말_고1_기출c.js|25_순천여고_1학기_기말_고1_기출|19,,INDEX_RECORD_PRESENT,original/high/h1/1final/25_순천여고_1학기_기말_고1_기출c.js_19,a5b159a5a27143eb7b10e4349e4e2b5d9d6c32340460b7eaaa9d9199dccc1968,true,$81$,IN_SCOPE_FORWARD,,,CLOSED_NO_SHARED_ASSET
archive/exams/original/high/h1/1final/25_제일고_1학기_기말_고1_기출c.js|25_제일고_1학기_기말_고1_기출|15,archive/exams/original/high/h1/1final/25_제일고_1학기_기말_고1_기출c.js,25_제일고_1학기_기말_고1_기출,15,15,15,2022,공통수학1,H22-C-08,순열과 조합,8,H22-C-08-COMBINATION,조합,category_or_cue_inferred,complete_category,객관식,grid,false,도형,81a2310d02ec01f8015ff174a162a3eea7db0009969e0f6240903bd397a7b5ea,eae236afb5978974ab877914f833d7cebf31e9e35fe95fe86cb05e39ff502c2a,d41ea6521f53fb3dfa10cf72e2932f4405d9c999fa422cdc840d25d57e90dd34,0347df1640fa77bcfb482492eff43f19b2777df852d745a5b97a474cd2a425c9,assets/images/25_제일고_1학기_기말_고1_기출/q15.png,efbb6c67e193b2e8323da2f58286dde68d68e704a88d793b003b0ded88397d02,,,0,LOADED_VM,,NOT_STARTED,NOT_STARTED,NOT_STARTED,SVG_REQUIRED_MISSING,SVG_REQUIRED_MISSING,COORDINATE_OR_GEOMETRY_STRUCTURE|COUNTING_STRUCTURE,,VISUAL_CANDIDATE,PROBLEM_VISUAL_PRESENT,REVIEW_REQUIRED,NONE,NOT_STARTED,,,,NOT_STARTED,NOT_STARTED,NOT_STARTED,NOT_TESTED,PASS,canonical_and_compiled_master_match,INVENTORY_PENDING,01_scope_inventory.csv#archive/exams/original/high/h1/1final/25_제일고_1학기_기말_고1_기출c.js|25_제일고_1학기_기말_고1_기출|15,[object Object],INDEX_RECORD_PRESENT,original/high/h1/1final/25_제일고_1학기_기말_고1_기출c.js_15,a9e6f864415a8d67761f4bd2e49e3518b9fc3dc83ea7d33496353d95e76c78a8,true,④,IN_SCOPE_FORWARD,,,CLOSED_NO_SHARED_ASSET
archive/exams/original/high/h1/1final/25_제일고_1학기_기말_고1_기출c.js|25_제일고_1학기_기말_고1_기출|16,archive/exams/original/high/h1/1final/25_제일고_1학기_기말_고1_기출c.js,25_제일고_1학기_기말_고1_기출,16,16,16,2022,공통수학1,H22-C-08,순열과 조합,8,H22-C-08-COMBINATION,조합,category_or_cue_inferred,complete_category,객관식,grid,false,객관식|나머지정리|경우의수|순열|조합|여사건|조건해석|계산,e4e2839ad122b945248bb05ed0c70681037eaafcdf092d413a12ab9b6089d0cb,2eb5cbf5f8caad09bd89240a69559c208a1bff6bc7b2729222d239f553762ede,dfde05a3668030e99ca64d8d4ae5f6b64c7a87cee61c0ba43904b92ef210191d,d00d1fdcf36bfa48bd953911d468f595a88f7bc1f9294db256f1be92bab0e357,,,,,0,LOADED_VM,,NOT_STARTED,NOT_STARTED,NOT_STARTED,SVG_REQUIRED_MISSING,SVG_REQUIRED_MISSING,COUNTING_STRUCTURE,,VISUAL_CANDIDATE,NO_PROBLEM_VISUAL,SCHEMATIC_OR_REVIEW,NONE,NOT_STARTED,,,,NOT_STARTED,NOT_STARTED,NOT_STARTED,NOT_TESTED,PASS,canonical_and_compiled_master_match,INVENTORY_PENDING,01_scope_inventory.csv#archive/exams/original/high/h1/1final/25_제일고_1학기_기말_고1_기출c.js|25_제일고_1학기_기말_고1_기출|16,,INDEX_RECORD_PRESENT,original/high/h1/1final/25_제일고_1학기_기말_고1_기출c.js_16,a9e6f864415a8d67761f4bd2e49e3518b9fc3dc83ea7d33496353d95e76c78a8,true,②,IN_SCOPE_FORWARD,,,CLOSED_NO_SHARED_ASSET
archive/exams/original/high/h1/1final/25_제일고_1학기_기말_고1_기출c.js|25_제일고_1학기_기말_고1_기출|17,archive/exams/original/high/h1/1final/25_제일고_1학기_기말_고1_기출c.js,25_제일고_1학기_기말_고1_기출,17,17,17,2022,공통수학1,H22-C-08,순열과 조합,8,H22-C-08-COUNTING_PRINCIPLE,경우의 수,category_or_cue_inferred,complete_category,객관식,grid,false,도형,d39248e8c950f52270af7d9796a24a2e8d4e62ffdcfbad577879eba75ad76dfe,bb4439869011e5e0cb85408ce0c03b566e38880ac4d0f9aa9b0536bd829dc588,973d2fd2f97e26a666f403b12da6d87e527985b36bcf4ff0a47c7e7e8c36321a,65b15cc8ca543a71a7664950fd0ac7cc8e03fdc1801680c0b21e4bc7868314db,assets/images/25_제일고_1학기_기말_고1_기출/q17.png,64d2fcac25e13c9a8e72ff611548cbd48366a4ba79b8d224811f5d8c0eb4d02b,,,0,LOADED_VM,,NOT_STARTED,NOT_STARTED,NOT_STARTED,SVG_REQUIRED_MISSING,SVG_REQUIRED_MISSING,COORDINATE_OR_GEOMETRY_STRUCTURE|COUNTING_STRUCTURE,,VISUAL_CANDIDATE,PROBLEM_VISUAL_PRESENT,REVIEW_REQUIRED,NONE,NOT_STARTED,,,,NOT_STARTED,NOT_STARTED,NOT_STARTED,NOT_TESTED,PASS,canonical_and_compiled_master_match,INVENTORY_PENDING,01_scope_inventory.csv#archive/exams/original/high/h1/1final/25_제일고_1학기_기말_고1_기출c.js|25_제일고_1학기_기말_고1_기출|17,[object Object],INDEX_RECORD_PRESENT,original/high/h1/1final/25_제일고_1학기_기말_고1_기출c.js_17,a9e6f864415a8d67761f4bd2e49e3518b9fc3dc83ea7d33496353d95e76c78a8,true,①,IN_SCOPE_FORWARD,,,CLOSED_NO_SHARED_ASSET
archive/exams/original/high/h1/1final/25_제일고_1학기_기말_고1_기출c.js|25_제일고_1학기_기말_고1_기출|18,archive/exams/original/high/h1/1final/25_제일고_1학기_기말_고1_기출c.js,25_제일고_1학기_기말_고1_기출,18,18,18,2022,공통수학1,H22-C-08,순열과 조합,8,H22-C-08-COMBINATION,조합,category_or_cue_inferred,complete_category,객관식,grid,false,객관식|분모유리화|나머지정리|경우의수|순열|조합|조건해석|계산,6261c36fb1c0416bba3dafa1fc7e1db10f1d49a71f33e89c7d67def45bed17aa,ee96a199f2dd7416fde2c0e978d07b26e7708c8f8391dc9cdceef3b362ac28a2,973d2fd2f97e26a666f403b12da6d87e527985b36bcf4ff0a47c7e7e8c36321a,8c307370adc41a38b8e7c7194ab007b5146147e0dc47913fab53d312b52ff229,,,,,0,LOADED_VM,,NOT_STARTED,NOT_STARTED,NOT_STARTED,SVG_REQUIRED_MISSING,SVG_REQUIRED_MISSING,COUNTING_STRUCTURE,,VISUAL_CANDIDATE,NO_PROBLEM_VISUAL,SCHEMATIC_OR_REVIEW,NONE,NOT_STARTED,,,,NOT_STARTED,NOT_STARTED,NOT_STARTED,NOT_TESTED,PASS,canonical_and_compiled_master_match,INVENTORY_PENDING,01_scope_inventory.csv#archive/exams/original/high/h1/1final/25_제일고_1학기_기말_고1_기출c.js|25_제일고_1학기_기말_고1_기출|18,,INDEX_RECORD_PRESENT,original/high/h1/1final/25_제일고_1학기_기말_고1_기출c.js_18,a9e6f864415a8d67761f4bd2e49e3518b9fc3dc83ea7d33496353d95e76c78a8,true,①,IN_SCOPE_FORWARD,,,CLOSED_NO_SHARED_ASSET
archive/exams/original/high/h1/1final/25_제일고_1학기_기말_고1_기출c.js|25_제일고_1학기_기말_고1_기출|19,archive/exams/original/high/h1/1final/25_제일고_1학기_기말_고1_기출c.js,25_제일고_1학기_기말_고1_기출,19,19,19,2022,공통수학1,H22-C-08,순열과 조합,8,H22-C-08-COMBINATION,조합,category_or_cue_inferred,complete_category,단답형,grid,false,서술형,3f8c23e69a89fcf27bbbf92099d0d76ef3c0965f0941d1f4dc266398cfb7b9ca,4f53cda18c2baa0c0354bb5f9a3ecbe5ed12ab4d8e11ba873c2f11161202b945,5be76a9376ef78a7606058f439609e91b7b5a3c027ddc0a19c77a6807756d14c,d4b5d7aac21da55250a0c7beb37e4166cb07c2763783c0b4cbd804008fb5dd19,,,,,0,LOADED_VM,,NOT_STARTED,NOT_STARTED,NOT_STARTED,SVG_OPTIONAL,SVG_OPTIONAL,,,NONE,NO_PROBLEM_VISUAL,N/A,NONE,NOT_STARTED,,,,NOT_STARTED,NOT_STARTED,NOT_STARTED,NOT_TESTED,PASS,canonical_and_compiled_master_match,INVENTORY_PENDING,01_scope_inventory.csv#archive/exams/original/high/h1/1final/25_제일고_1학기_기말_고1_기출c.js|25_제일고_1학기_기말_고1_기출|19,,INDEX_RECORD_PRESENT,original/high/h1/1final/25_제일고_1학기_기말_고1_기출c.js_19,a9e6f864415a8d67761f4bd2e49e3518b9fc3dc83ea7d33496353d95e76c78a8,true,"3, 4",IN_SCOPE_FORWARD,,,CLOSED_NO_SHARED_ASSET
archive/exams/original/high/h1/1final/25_팔마고_1학기_기말_고1_기출c.js|25_팔마고_1학기_기말_고1_기출|4,archive/exams/original/high/h1/1final/25_팔마고_1학기_기말_고1_기출c.js,25_팔마고_1학기_기말_고1_기출,4,4,4,2022,공통수학1,H22-C-08,순열과 조합,8,H22-C-08-PERMUTATION,순열,category_or_cue_inferred,complete_category,객관식,grid,false,객관식|순열|조합|자연수조건|조건해석|계산|개념,d9f9b978d78305a5b057e925333d1ad667cc3a16aa13381521996c7a61475c37,fc3dba98889cccd1a96f32fb71f7812a2d3b9dde603c59a1f87b932df48e085f,973d2fd2f97e26a666f403b12da6d87e527985b36bcf4ff0a47c7e7e8c36321a,e7c8e4b23ebbfc56e8f172a4c82a117724b492948054880717adc7c1c792033b,,,,,0,LOADED_VM,,NOT_STARTED,NOT_STARTED,NOT_STARTED,SVG_OPTIONAL,SVG_OPTIONAL,,,NONE,NO_PROBLEM_VISUAL,N/A,NONE,NOT_STARTED,,,,NOT_STARTED,NOT_STARTED,NOT_STARTED,NOT_TESTED,PASS,canonical_and_compiled_master_match,INVENTORY_PENDING,01_scope_inventory.csv#archive/exams/original/high/h1/1final/25_팔마고_1학기_기말_고1_기출c.js|25_팔마고_1학기_기말_고1_기출|4,,INDEX_RECORD_PRESENT,original/high/h1/1final/25_팔마고_1학기_기말_고1_기출c.js_4,388ab5f3fa9588445802e2858e5370458c7616fa78093059e16a2154e17b7fe0,true,①,IN_SCOPE_FORWARD,,,CLOSED_NO_SHARED_ASSET
archive/exams/original/high/h1/1final/25_팔마고_1학기_기말_고1_기출c.js|25_팔마고_1학기_기말_고1_기출|11,archive/exams/original/high/h1/1final/25_팔마고_1학기_기말_고1_기출c.js,25_팔마고_1학기_기말_고1_기출,11,11,11,2022,공통수학1,H22-C-08,순열과 조합,8,H22-C-08-COMBINATION,조합,category_or_cue_inferred,complete_category,객관식,grid,false,객관식|나머지정리|경우의수|순열|조합|도형|원|조건해석,23fe7a194d203cf37f8b4504294d360304a9e652bf1b8ba23eb6b3bb4dcdb9ce,33df25322b696566a74a473e6940f30d5f9cef7ece09c5631ef8d9de89413abe,973d2fd2f97e26a666f403b12da6d87e527985b36bcf4ff0a47c7e7e8c36321a,feecd0f7dfabadf183b4c4df38064946863ae01ac11b9001cd2faade3194436e,,,,,0,LOADED_VM,,NOT_STARTED,NOT_STARTED,NOT_STARTED,SVG_REQUIRED_MISSING,SVG_REQUIRED_MISSING,COORDINATE_OR_GEOMETRY_STRUCTURE|COUNTING_STRUCTURE,,VISUAL_CANDIDATE,NO_PROBLEM_VISUAL,REVIEW_REQUIRED,NONE,NOT_STARTED,,,,NOT_STARTED,NOT_STARTED,NOT_STARTED,NOT_TESTED,PASS,canonical_and_compiled_master_match,INVENTORY_PENDING,01_scope_inventory.csv#archive/exams/original/high/h1/1final/25_팔마고_1학기_기말_고1_기출c.js|25_팔마고_1학기_기말_고1_기출|11,,INDEX_RECORD_PRESENT,original/high/h1/1final/25_팔마고_1학기_기말_고1_기출c.js_11,388ab5f3fa9588445802e2858e5370458c7616fa78093059e16a2154e17b7fe0,true,①,IN_SCOPE_FORWARD,,,CLOSED_NO_SHARED_ASSET
archive/exams/original/high/h1/1final/25_팔마고_1학기_기말_고1_기출c.js|25_팔마고_1학기_기말_고1_기출|12,archive/exams/original/high/h1/1final/25_팔마고_1학기_기말_고1_기출c.js,25_팔마고_1학기_기말_고1_기출,12,12,12,2022,공통수학1,H22-C-08,순열과 조합,8,H22-C-08-PERMUTATION,순열,category_or_cue_inferred,complete_category,객관식,grid,false,객관식|경우의수|순열|조합|개수세기|조건해석|계산,1186182e02f6dd8640538a16f72de34879b1aa71710bb4e0136a692a9b6ff123,e92a8b8657cab8d2d0a0f67744c70eaf7b1362b1174ecbdc3bb64880dd992a1e,0bdef091c479702584f065d3a3714f8a76f851b3f0cf10912f345a5dd930b0a8,7f08031ceea5fe3b42a515da6e0f3648160e512d29ee4c151815bd191f6966c0,,,,,0,LOADED_VM,,NOT_STARTED,NOT_STARTED,NOT_STARTED,SVG_REQUIRED_MISSING,SVG_REQUIRED_MISSING,COUNTING_STRUCTURE,,VISUAL_CANDIDATE,NO_PROBLEM_VISUAL,SCHEMATIC_OR_REVIEW,NONE,NOT_STARTED,,,,NOT_STARTED,NOT_STARTED,NOT_STARTED,NOT_TESTED,PASS,canonical_and_compiled_master_match,INVENTORY_PENDING,01_scope_inventory.csv#archive/exams/original/high/h1/1final/25_팔마고_1학기_기말_고1_기출c.js|25_팔마고_1학기_기말_고1_기출|12,,INDEX_RECORD_PRESENT,original/high/h1/1final/25_팔마고_1학기_기말_고1_기출c.js_12,388ab5f3fa9588445802e2858e5370458c7616fa78093059e16a2154e17b7fe0,true,⑤,IN_SCOPE_FORWARD,,,CLOSED_NO_SHARED_ASSET
archive/exams/original/high/h1/1final/25_팔마고_1학기_기말_고1_기출c.js|25_팔마고_1학기_기말_고1_기출|13,archive/exams/original/high/h1/1final/25_팔마고_1학기_기말_고1_기출c.js,25_팔마고_1학기_기말_고1_기출,13,13,13,2022,공통수학1,H22-C-08,순열과 조합,8,H22-C-08-COMBINATION,조합,category_or_cue_inferred,complete_category,객관식,grid,false,객관식|경우의수|순열|조합|자연수조건|개수세기|조건해석|계산,fbd84e2634f6d54639e1451212a541f25b83e0d601fb8115598fcac2191cb23c,46fac77bdfb78befe36f8fc7c70308b6a8069d66e4c2b9ac1ace5f3429473725,dfde05a3668030e99ca64d8d4ae5f6b64c7a87cee61c0ba43904b92ef210191d,4238d01e94cdc32396d42609dee868da97e83786ca8cd23d7e81ab010268be70,,,,,0,LOADED_VM,,NOT_STARTED,NOT_STARTED,NOT_STARTED,SVG_REQUIRED_MISSING,SVG_REQUIRED_MISSING,COUNTING_STRUCTURE,,VISUAL_CANDIDATE,NO_PROBLEM_VISUAL,SCHEMATIC_OR_REVIEW,NONE,NOT_STARTED,,,,NOT_STARTED,NOT_STARTED,NOT_STARTED,NOT_TESTED,PASS,canonical_and_compiled_master_match,INVENTORY_PENDING,01_scope_inventory.csv#archive/exams/original/high/h1/1final/25_팔마고_1학기_기말_고1_기출c.js|25_팔마고_1학기_기말_고1_기출|13,,INDEX_RECORD_PRESENT,original/high/h1/1final/25_팔마고_1학기_기말_고1_기출c.js_13,388ab5f3fa9588445802e2858e5370458c7616fa78093059e16a2154e17b7fe0,true,②,IN_SCOPE_FORWARD,,,CLOSED_NO_SHARED_ASSET
archive/exams/original/high/h1/1final/25_팔마고_1학기_기말_고1_기출c.js|25_팔마고_1학기_기말_고1_기출|17,archive/exams/original/high/h1/1final/25_팔마고_1학기_기말_고1_기출c.js,25_팔마고_1학기_기말_고1_기출,17,17,17,2022,공통수학1,H22-C-08,순열과 조합,8,H22-C-08-COMBINATION,조합,category_or_cue_inferred,complete_category,객관식,grid,false,객관식|나머지정리|경우의수|순열|조합|도형|원|참거짓,fdacd25f79712a58fa94a3107b122a462ff225d0775a93ccb4fca16cfe97cecf,2e0d2ac14ba30b7a65574003aa3d35f2a219fbfad71a8a16374e0c3b918b38b1,b15be6cb71072b84f7e1e198ce023fc5bb8b1e625335904ddcf3cffcd8b7312b,71168269000113c3f3aa55fef56621245c08731d6018c2fa3f20c5c1db84a0ab,,,,,0,LOADED_VM,,NOT_STARTED,NOT_STARTED,NOT_STARTED,SVG_REQUIRED_MISSING,SVG_REQUIRED_MISSING,COORDINATE_OR_GEOMETRY_STRUCTURE|COUNTING_STRUCTURE,,VISUAL_CANDIDATE,NO_PROBLEM_VISUAL,REVIEW_REQUIRED,NONE,NOT_STARTED,,,,NOT_STARTED,NOT_STARTED,NOT_STARTED,NOT_TESTED,PASS,canonical_and_compiled_master_match,INVENTORY_PENDING,01_scope_inventory.csv#archive/exams/original/high/h1/1final/25_팔마고_1학기_기말_고1_기출c.js|25_팔마고_1학기_기말_고1_기출|17,,INDEX_RECORD_PRESENT,original/high/h1/1final/25_팔마고_1학기_기말_고1_기출c.js_17,388ab5f3fa9588445802e2858e5370458c7616fa78093059e16a2154e17b7fe0,true,③,IN_SCOPE_FORWARD,,,CLOSED_NO_SHARED_ASSET
archive/exams/original/high/h1/1final/25_팔마고_1학기_기말_고1_기출c.js|25_팔마고_1학기_기말_고1_기출|18,archive/exams/original/high/h1/1final/25_팔마고_1학기_기말_고1_기출c.js,25_팔마고_1학기_기말_고1_기출,18,18,18,2022,공통수학1,H22-C-08,순열과 조합,8,H22-C-08-COMBINATION,조합,category_or_cue_inferred,complete_category,객관식,grid,false,도형,af429e068f271b22a471649a284c35d7b190e23e26f5123589bd0a9e97346fa9,e04ee10333d6bbbdbb51f863501c18e83977f32c64388b468519ecd80ea09089,d41ea6521f53fb3dfa10cf72e2932f4405d9c999fa422cdc840d25d57e90dd34,7e20b3dfb01070f19b553b2d1310abdbfd8ab6eabc4a95c4fa1497c2816ccee6,assets/images/25_팔마고_1학기_기말_고1_기출/q18.png,e53b0a475fe1978d6a74e0f0c4706def02ca4228876a1dce41ab0bc549ae364e,,,0,LOADED_VM,,NOT_STARTED,NOT_STARTED,NOT_STARTED,SVG_REQUIRED_MISSING,SVG_REQUIRED_MISSING,COORDINATE_OR_GEOMETRY_STRUCTURE,,VISUAL_CANDIDATE,PROBLEM_VISUAL_PRESENT,REVIEW_REQUIRED,NONE,NOT_STARTED,,,,NOT_STARTED,NOT_STARTED,NOT_STARTED,NOT_TESTED,PASS,canonical_and_compiled_master_match,INVENTORY_PENDING,01_scope_inventory.csv#archive/exams/original/high/h1/1final/25_팔마고_1학기_기말_고1_기출c.js|25_팔마고_1학기_기말_고1_기출|18,[object Object],INDEX_RECORD_PRESENT,original/high/h1/1final/25_팔마고_1학기_기말_고1_기출c.js_18,388ab5f3fa9588445802e2858e5370458c7616fa78093059e16a2154e17b7fe0,true,④,IN_SCOPE_FORWARD,,,CLOSED_NO_SHARED_ASSET
archive/exams/original/high/h1/1final/25_팔마고_1학기_기말_고1_기출c.js|25_팔마고_1학기_기말_고1_기출|22,archive/exams/original/high/h1/1final/25_팔마고_1학기_기말_고1_기출c.js,25_팔마고_1학기_기말_고1_기출,22,22,22,2022,공통수학1,H22-C-08,순열과 조합,8,H22-C-08-COMBINATION,조합,category_or_cue_inferred,complete_category,단답형,grid,false,서술형,1d6ad6855f0d9c3a8fbed8eea07f0d4453b7731feb0872a0c540846f746b2ab7,4f53cda18c2baa0c0354bb5f9a3ecbe5ed12ab4d8e11ba873c2f11161202b945,04b6336e18635dabfb3b49ca773bf57f9b1db61d1235a0eb6ca3fa6dd68ef80b,53d13870b87d5bc1c680179182bf44dfd907eaed3a98abe7e9bc0fbbea3a10f2,,,,,0,LOADED_VM,,NOT_STARTED,NOT_STARTED,NOT_STARTED,SVG_REQUIRED_MISSING,SVG_REQUIRED_MISSING,COUNTING_STRUCTURE,,VISUAL_CANDIDATE,NO_PROBLEM_VISUAL,SCHEMATIC_OR_REVIEW,NONE,NOT_STARTED,,,,NOT_STARTED,NOT_STARTED,NOT_STARTED,NOT_TESTED,PASS,canonical_and_compiled_master_match,INVENTORY_PENDING,01_scope_inventory.csv#archive/exams/original/high/h1/1final/25_팔마고_1학기_기말_고1_기출c.js|25_팔마고_1학기_기말_고1_기출|22,,INDEX_RECORD_PRESENT,original/high/h1/1final/25_팔마고_1학기_기말_고1_기출c.js_22,388ab5f3fa9588445802e2858e5370458c7616fa78093059e16a2154e17b7fe0,true,(1) $120$ (2) $20$ (3) 해설 참조,IN_SCOPE_FORWARD,,,CLOSED_NO_SHARED_ASSET
archive/exams/original/high/h1/1final/25_효천고_1학기_기말_고1_기출c.js|25_효천고_1학기_기말_고1_기출|11,archive/exams/original/high/h1/1final/25_효천고_1학기_기말_고1_기출c.js,25_효천고_1학기_기말_고1_기출,11,11,11,2022,공통수학1,H22-C-08,순열과 조합,8,H22-C-08-COUNTING_PRINCIPLE,경우의 수,category_or_cue_inferred,complete_category,객관식,grid,false,객관식|나머지정리|경우의수|순열|조합|자연수조건|개수세기|조건해석,a7a19fee0474b73fccc94a6b8ce7d07a6942ee0a0fcd202a86984efe9587f7e3,1fa447f3d6bdc27e99c58645a810760cc8b88329adc602c4758b2feeeb85a9c3,b15be6cb71072b84f7e1e198ce023fc5bb8b1e625335904ddcf3cffcd8b7312b,ee0562db76327611dfa65d438744406e2d503c8f3a5755b2b4ccff88d45e6a81,,,,,0,LOADED_VM,,NOT_STARTED,NOT_STARTED,NOT_STARTED,SVG_REQUIRED_MISSING,SVG_REQUIRED_MISSING,COUNTING_STRUCTURE,,VISUAL_CANDIDATE,NO_PROBLEM_VISUAL,SCHEMATIC_OR_REVIEW,NONE,NOT_STARTED,,,,NOT_STARTED,NOT_STARTED,NOT_STARTED,NOT_TESTED,PASS,canonical_and_compiled_master_match,INVENTORY_PENDING,01_scope_inventory.csv#archive/exams/original/high/h1/1final/25_효천고_1학기_기말_고1_기출c.js|25_효천고_1학기_기말_고1_기출|11,,INDEX_RECORD_PRESENT,original/high/h1/1final/25_효천고_1학기_기말_고1_기출c.js_11,771ad74a438b1ee28cf6d3a5cac035fea71c591b09f4e5db66ac256c7ca5abf5,true,③,IN_SCOPE_FORWARD,,,CLOSED_NO_SHARED_ASSET
archive/exams/original/high/h1/1final/25_효천고_1학기_기말_고1_기출c.js|25_효천고_1학기_기말_고1_기출|12,archive/exams/original/high/h1/1final/25_효천고_1학기_기말_고1_기출c.js,25_효천고_1학기_기말_고1_기출,12,12,12,2022,공통수학1,H22-C-08,순열과 조합,8,H22-C-08-COUNTING_PRINCIPLE,경우의 수,category_or_cue_inferred,complete_category,객관식,grid,false,객관식|나머지정리|경우의수|순열|조합|배반사건|표해석|참거짓,2bce4fe1d25a727fe652ce047f49530f3ed35e0a665deff475fcb68657cdd45e,0f694dd8c812dae30856d3da2a8658ad6075855556b02c37b499a479d9523d76,dfde05a3668030e99ca64d8d4ae5f6b64c7a87cee61c0ba43904b92ef210191d,47328a87b94d3033e32a4db66f294f5e1a6fe52ac1f44ccffd11fe68cd53aa5b,,,,,0,LOADED_VM,,NOT_STARTED,NOT_STARTED,NOT_STARTED,SVG_REQUIRED_MISSING,SVG_REQUIRED_MISSING,COUNTING_STRUCTURE|TABLE_OR_MATRIX_STRUCTURE,,VISUAL_CANDIDATE,NO_PROBLEM_VISUAL,SCHEMATIC_OR_REVIEW,NONE,NOT_STARTED,,,,NOT_STARTED,NOT_STARTED,NOT_STARTED,NOT_TESTED,PASS,canonical_and_compiled_master_match,INVENTORY_PENDING,01_scope_inventory.csv#archive/exams/original/high/h1/1final/25_효천고_1학기_기말_고1_기출c.js|25_효천고_1학기_기말_고1_기출|12,,INDEX_RECORD_PRESENT,original/high/h1/1final/25_효천고_1학기_기말_고1_기출c.js_12,771ad74a438b1ee28cf6d3a5cac035fea71c591b09f4e5db66ac256c7ca5abf5,true,②,IN_SCOPE_FORWARD,,,CLOSED_NO_SHARED_ASSET
archive/exams/original/high/h1/1final/25_효천고_1학기_기말_고1_기출c.js|25_효천고_1학기_기말_고1_기출|19,archive/exams/original/high/h1/1final/25_효천고_1학기_기말_고1_기출c.js,25_효천고_1학기_기말_고1_기출,19,19,19,2022,공통수학1,H22-C-08,순열과 조합,8,H22-C-08-COMBINATION,조합,category_or_cue_inferred,complete_category,객관식,grid,false,객관식|복소수|경우의수|순열|조합|중복조합|부등식|자연수조건,cda5fa3ee5036c0c1bccbb32e44057a50145cdd00fe0481c66339cf6dc9f0db6,3ed7e640809a7cfcd3fe430097aa05274ce9e4e000a4b68bca6d1140fa40a1ef,d41ea6521f53fb3dfa10cf72e2932f4405d9c999fa422cdc840d25d57e90dd34,857c609da6436098d94e0457db2e135a7d95540ee3ce91087f0fa86f8642fa5a,,,,,0,LOADED_VM,,NOT_STARTED,NOT_STARTED,NOT_STARTED,SVG_REQUIRED_MISSING,SVG_REQUIRED_MISSING,COUNTING_STRUCTURE,,VISUAL_CANDIDATE,NO_PROBLEM_VISUAL,SCHEMATIC_OR_REVIEW,NONE,NOT_STARTED,,,,NOT_STARTED,NOT_STARTED,NOT_STARTED,NOT_TESTED,PASS,canonical_and_compiled_master_match,INVENTORY_PENDING,01_scope_inventory.csv#archive/exams/original/high/h1/1final/25_효천고_1학기_기말_고1_기출c.js|25_효천고_1학기_기말_고1_기출|19,,INDEX_RECORD_PRESENT,original/high/h1/1final/25_효천고_1학기_기말_고1_기출c.js_19,771ad74a438b1ee28cf6d3a5cac035fea71c591b09f4e5db66ac256c7ca5abf5,true,④,IN_SCOPE_FORWARD,,,CLOSED_NO_SHARED_ASSET
archive/exams/original/high/h1/1final/26_광양제철고_1학기_기말_고1_기출.js|26_광양제철고_1학기_기말_고1_기출|4,archive/exams/original/high/h1/1final/26_광양제철고_1학기_기말_고1_기출.js,26_광양제철고_1학기_기말_고1_기출,4,4,4,2022,공통수학1,H22-C-08,순열과 조합,8,H22-C-08-COUNTING_PRINCIPLE,경우의 수,category_or_cue_inferred,complete_category,객관식,grid,false,,a6d74d06c29dc1b1076e1afc5cfc0f38ed4e3e8b692416e88aa27051847649a2,1d477263b8c2fdeb32ac29fde481dde1bd5d404bf2413134591874b093630a2f,b15be6cb71072b84f7e1e198ce023fc5bb8b1e625335904ddcf3cffcd8b7312b,b4a9cdd7cc67c86ad390c1a9e3a3459b5939492b1116d640d965645d3198e675,,,,,0,LOADED_VM,,NOT_STARTED,NOT_STARTED,NOT_STARTED,SVG_REQUIRED_MISSING,SVG_REQUIRED_MISSING,SET_OR_LOGIC_STRUCTURE|COUNTING_STRUCTURE,,VISUAL_CANDIDATE,NO_PROBLEM_VISUAL,SCHEMATIC_OR_REVIEW,NONE,NOT_STARTED,,,,NOT_STARTED,NOT_STARTED,NOT_STARTED,NOT_TESTED,PASS,canonical_and_compiled_master_match,INVENTORY_PENDING,01_scope_inventory.csv#archive/exams/original/high/h1/1final/26_광양제철고_1학기_기말_고1_기출.js|26_광양제철고_1학기_기말_고1_기출|4,,INDEX_RECORD_PRESENT,original/high/h1/1final/26_광양제철고_1학기_기말_고1_기출.js_4,2c68e7cd928445bbc650559173b10f532ce217258184aea77905597dcf5c45c4,true,③,IN_SCOPE_FORWARD,,,CLOSED_NO_SHARED_ASSET
archive/exams/original/high/h1/1final/26_광양제철고_1학기_기말_고1_기출.js|26_광양제철고_1학기_기말_고1_기출|5,archive/exams/original/high/h1/1final/26_광양제철고_1학기_기말_고1_기출.js,26_광양제철고_1학기_기말_고1_기출,5,5,5,2022,공통수학1,H22-C-08,순열과 조합,8,H22-C-08-COUNTING_PRINCIPLE,경우의 수,category_or_cue_inferred,complete_category,객관식,grid,false,,605573f5a983d62126062b648163e04e6f3340d8d7a3f1cfc53173ba86853b7d,a0aad2f7acb1dc029bff6e2b50968a8a3f35268c6205a4822ead3eb6aa7c64ca,dfde05a3668030e99ca64d8d4ae5f6b64c7a87cee61c0ba43904b92ef210191d,5ac2d3c8386bc8dd9a6e4721585406d04a4f50a28de4d2d73c2ff3742786c5a3,,,,,0,LOADED_VM,,NOT_STARTED,NOT_STARTED,NOT_STARTED,SVG_REQUIRED_MISSING,SVG_REQUIRED_MISSING,COUNTING_STRUCTURE,,VISUAL_CANDIDATE,NO_PROBLEM_VISUAL,SCHEMATIC_OR_REVIEW,NONE,NOT_STARTED,,,,NOT_STARTED,NOT_STARTED,NOT_STARTED,NOT_TESTED,PASS,canonical_and_compiled_master_match,INVENTORY_PENDING,01_scope_inventory.csv#archive/exams/original/high/h1/1final/26_광양제철고_1학기_기말_고1_기출.js|26_광양제철고_1학기_기말_고1_기출|5,,INDEX_RECORD_PRESENT,original/high/h1/1final/26_광양제철고_1학기_기말_고1_기출.js_5,2c68e7cd928445bbc650559173b10f532ce217258184aea77905597dcf5c45c4,true,②,IN_SCOPE_FORWARD,,,CLOSED_NO_SHARED_ASSET
archive/exams/original/high/h1/1final/26_광양제철고_1학기_기말_고1_기출.js|26_광양제철고_1학기_기말_고1_기출|10,archive/exams/original/high/h1/1final/26_광양제철고_1학기_기말_고1_기출.js,26_광양제철고_1학기_기말_고1_기출,10,10,10,2022,공통수학1,H22-C-08,순열과 조합,8,H22-C-08-COMBINATION,조합,category_or_cue_inferred,complete_category,객관식,grid,false,,9ae07bc7ff856747c7af492c16eeefb363a3f1488d31daf60375ca541c962f86,119a6d81cf8b830697ba7ba1e4042113a222c8a082c3619f03f917d8c647f06f,dfde05a3668030e99ca64d8d4ae5f6b64c7a87cee61c0ba43904b92ef210191d,d2d20a645438c7ebb578bce1c7226b847ae4915fb7f4a824fb1c35c41f763ae9,,,,,0,LOADED_VM,,NOT_STARTED,NOT_STARTED,NOT_STARTED,SVG_OPTIONAL,SVG_OPTIONAL,,,NONE,NO_PROBLEM_VISUAL,N/A,NONE,NOT_STARTED,,,,NOT_STARTED,NOT_STARTED,NOT_STARTED,NOT_TESTED,PASS,canonical_and_compiled_master_match,INVENTORY_PENDING,01_scope_inventory.csv#archive/exams/original/high/h1/1final/26_광양제철고_1학기_기말_고1_기출.js|26_광양제철고_1학기_기말_고1_기출|10,,INDEX_RECORD_PRESENT,original/high/h1/1final/26_광양제철고_1학기_기말_고1_기출.js_10,2c68e7cd928445bbc650559173b10f532ce217258184aea77905597dcf5c45c4,true,②,IN_SCOPE_FORWARD,,,CLOSED_NO_SHARED_ASSET
archive/exams/original/high/h1/1final/26_광양제철고_1학기_기말_고1_기출.js|26_광양제철고_1학기_기말_고1_기출|13,archive/exams/original/high/h1/1final/26_광양제철고_1학기_기말_고1_기출.js,26_광양제철고_1학기_기말_고1_기출,13,13,13,2022,공통수학1,H22-C-08,순열과 조합,8,H22-C-08-EQUATION_APPLICATION,방정식과 부등식의 활용,category_or_cue_inferred,complete_category,객관식,grid,false,도형,ca9faa9ac090aadb498c2a8b580c622b00968f9bf10d37c18c9865e381ecbe48,5038f28a532d2f54322f36b5fa4f5f8a1a0bcdd4da91428a276e886e1d347f4f,d41ea6521f53fb3dfa10cf72e2932f4405d9c999fa422cdc840d25d57e90dd34,2a3ffae12706574603af211906d96f7fd890fceccb836d73ab14c5548faf2a3d,,,,,0,LOADED_VM,,NOT_STARTED,NOT_STARTED,NOT_STARTED,SVG_REQUIRED_MISSING,SVG_REQUIRED_MISSING,COORDINATE_OR_GEOMETRY_STRUCTURE,,VISUAL_CANDIDATE,NO_PROBLEM_VISUAL,REVIEW_REQUIRED,NONE,NOT_STARTED,,,,NOT_STARTED,NOT_STARTED,NOT_STARTED,NOT_TESTED,PASS,canonical_and_compiled_master_match,INVENTORY_PENDING,01_scope_inventory.csv#archive/exams/original/high/h1/1final/26_광양제철고_1학기_기말_고1_기출.js|26_광양제철고_1학기_기말_고1_기출|13,,INDEX_RECORD_PRESENT,original/high/h1/1final/26_광양제철고_1학기_기말_고1_기출.js_13,2c68e7cd928445bbc650559173b10f532ce217258184aea77905597dcf5c45c4,true,④,IN_SCOPE_FORWARD,,,CLOSED_NO_SHARED_ASSET
archive/exams/original/high/h1/1final/26_광양제철고_1학기_기말_고1_기출.js|26_광양제철고_1학기_기말_고1_기출|15,archive/exams/original/high/h1/1final/26_광양제철고_1학기_기말_고1_기출.js,26_광양제철고_1학기_기말_고1_기출,15,15,15,2022,공통수학1,H22-C-08,순열과 조합,8,H22-C-08-PERMUTATION,순열,category_or_cue_inferred,complete_category,객관식,grid,false,,21fccdc824ecd6a33b7fe0b41514196b1b0bf0dadcc51665aa859ae4a221d154,a4d4254c9ebdd4fced29fd54e38573999defaedef956fc4ec87decdb8a63ef3f,b15be6cb71072b84f7e1e198ce023fc5bb8b1e625335904ddcf3cffcd8b7312b,7ac64634add70d4cbb31b202de6996d8cd977065fb38044f3c3c0f957e5920aa,,,,,0,LOADED_VM,,NOT_STARTED,NOT_STARTED,NOT_STARTED,SVG_REQUIRED_MISSING,SVG_REQUIRED_MISSING,COUNTING_STRUCTURE,,VISUAL_CANDIDATE,NO_PROBLEM_VISUAL,SCHEMATIC_OR_REVIEW,NONE,NOT_STARTED,,,,NOT_STARTED,NOT_STARTED,NOT_STARTED,NOT_TESTED,PASS,canonical_and_compiled_master_match,INVENTORY_PENDING,01_scope_inventory.csv#archive/exams/original/high/h1/1final/26_광양제철고_1학기_기말_고1_기출.js|26_광양제철고_1학기_기말_고1_기출|15,,INDEX_RECORD_PRESENT,original/high/h1/1final/26_광양제철고_1학기_기말_고1_기출.js_15,2c68e7cd928445bbc650559173b10f532ce217258184aea77905597dcf5c45c4,true,③,IN_SCOPE_FORWARD,,,CLOSED_NO_SHARED_ASSET
archive/exams/original/high/h1/1final/26_광양제철고_1학기_기말_고1_기출.js|26_광양제철고_1학기_기말_고1_기출|16,archive/exams/original/high/h1/1final/26_광양제철고_1학기_기말_고1_기출.js,26_광양제철고_1학기_기말_고1_기출,16,16,16,2022,공통수학1,H22-C-08,순열과 조합,8,H22-C-08-COUNTING_PRINCIPLE,경우의 수,category_or_cue_inferred,complete_category,객관식,grid,false,,4b17fa17f7d8ddc6f5cfd90c6c5daa0d6cb2ba2919069013aa38b5037e90b8a3,2631d268f1d2310fe46f1b2e9592f05397bc9599cff7872e8bec37ec02358cdf,d41ea6521f53fb3dfa10cf72e2932f4405d9c999fa422cdc840d25d57e90dd34,902e21b4b558d6a3999e2e494945b7bdd124feaca90c32c8931ba7185a9a06f5,,,,,0,LOADED_VM,,NOT_STARTED,NOT_STARTED,NOT_STARTED,SVG_REQUIRED_MISSING,SVG_REQUIRED_MISSING,COUNTING_STRUCTURE,,VISUAL_CANDIDATE,NO_PROBLEM_VISUAL,SCHEMATIC_OR_REVIEW,NONE,NOT_STARTED,,,,NOT_STARTED,NOT_STARTED,NOT_STARTED,NOT_TESTED,PASS,canonical_and_compiled_master_match,INVENTORY_PENDING,01_scope_inventory.csv#archive/exams/original/high/h1/1final/26_광양제철고_1학기_기말_고1_기출.js|26_광양제철고_1학기_기말_고1_기출|16,,INDEX_RECORD_PRESENT,original/high/h1/1final/26_광양제철고_1학기_기말_고1_기출.js_16,2c68e7cd928445bbc650559173b10f532ce217258184aea77905597dcf5c45c4,true,④,IN_SCOPE_FORWARD,,,CLOSED_NO_SHARED_ASSET
archive/exams/original/high/h1/1final/26_금당고_1학기_기말_고1_기출.js|26_금당고_1학기_기말_고1_기출|5,archive/exams/original/high/h1/1final/26_금당고_1학기_기말_고1_기출.js,26_금당고_1학기_기말_고1_기출,5,5,5,2022,공통수학1,H22-C-08,순열과 조합,8,H22-C-08-PERMUTATION,순열,category_or_cue_inferred,complete_category,객관식,grid,false,객관식|순열|조합|팩토리얼,a6d83d374ad0c0e9ef87f53e11d9bda5e427f36f586b947c2bfb27b472233d57,f0f0ad1f9df327493372783eebf52c331247adff075e9f5e51332451f16d1db7,d41ea6521f53fb3dfa10cf72e2932f4405d9c999fa422cdc840d25d57e90dd34,86535529d9cb0799c930602770050b9b8d72fef424bbe027fd4d5bb391767410,,,,,0,LOADED_VM,,NOT_STARTED,NOT_STARTED,NOT_STARTED,SVG_OPTIONAL,SVG_OPTIONAL,,,NONE,NO_PROBLEM_VISUAL,N/A,NONE,NOT_STARTED,,,,NOT_STARTED,NOT_STARTED,NOT_STARTED,NOT_TESTED,PASS,canonical_and_compiled_master_match,INVENTORY_PENDING,01_scope_inventory.csv#archive/exams/original/high/h1/1final/26_금당고_1학기_기말_고1_기출.js|26_금당고_1학기_기말_고1_기출|5,,INDEX_RECORD_PRESENT,original/high/h1/1final/26_금당고_1학기_기말_고1_기출.js_5,614f4fffefcfd228ba0b1d79c0fe46c3a11a82832e9caae514f1ed21a56810b9,true,④,IN_SCOPE_FORWARD,,,CLOSED_NO_SHARED_ASSET
archive/exams/original/high/h1/1final/26_금당고_1학기_기말_고1_기출.js|26_금당고_1학기_기말_고1_기출|11,archive/exams/original/high/h1/1final/26_금당고_1학기_기말_고1_기출.js,26_금당고_1학기_기말_고1_기출,11,11,11,2022,공통수학1,H22-C-08,순열과 조합,8,H22-C-08-COMBINATION,조합,category_or_cue_inferred,complete_category,객관식,grid,false,객관식|순열|조합|경우의수,a3e6b1a4c72a2f2e6d16785b742794d97fca01a95873ab4cd6f5d9f5726c92ba,66edab0d1e730f0f587e2e8ef96d91f3372baf64380c8bf67ce3e90dc66c98cc,b15be6cb71072b84f7e1e198ce023fc5bb8b1e625335904ddcf3cffcd8b7312b,d2e7b6679037a4f6fda18581645b38a19975516b2c6ad58d2af19936d7eeb734,,,,,0,LOADED_VM,,NOT_STARTED,NOT_STARTED,NOT_STARTED,SVG_REQUIRED_MISSING,SVG_REQUIRED_MISSING,COUNTING_STRUCTURE,,VISUAL_CANDIDATE,NO_PROBLEM_VISUAL,SCHEMATIC_OR_REVIEW,NONE,NOT_STARTED,,,,NOT_STARTED,NOT_STARTED,NOT_STARTED,NOT_TESTED,PASS,canonical_and_compiled_master_match,INVENTORY_PENDING,01_scope_inventory.csv#archive/exams/original/high/h1/1final/26_금당고_1학기_기말_고1_기출.js|26_금당고_1학기_기말_고1_기출|11,,INDEX_RECORD_PRESENT,original/high/h1/1final/26_금당고_1학기_기말_고1_기출.js_11,614f4fffefcfd228ba0b1d79c0fe46c3a11a82832e9caae514f1ed21a56810b9,true,③,IN_SCOPE_FORWARD,,,CLOSED_NO_SHARED_ASSET
archive/exams/original/high/h1/1final/26_금당고_1학기_기말_고1_기출.js|26_금당고_1학기_기말_고1_기출|13,archive/exams/original/high/h1/1final/26_금당고_1학기_기말_고1_기출.js,26_금당고_1학기_기말_고1_기출,13,13,13,2022,공통수학1,H22-C-08,순열과 조합,8,H22-C-08-COMBINATION,조합,category_or_cue_inferred,complete_category,객관식,grid,false,객관식|조합|포함배제,057d4e94bf53c95dc0bdc4864a4a376bed0d5c26de676a46acd1013087f569a4,d2a8e8a3225acdbc08d2aa5c1896958afba2f537bc19e0d6b342e99d8a518e86,d41ea6521f53fb3dfa10cf72e2932f4405d9c999fa422cdc840d25d57e90dd34,e1fe3b124ee866bdff80345525748aff37faf4a08c28a43ebd56d5de2741a757,,,,,0,LOADED_VM,,NOT_STARTED,NOT_STARTED,NOT_STARTED,SVG_REQUIRED_MISSING,SVG_REQUIRED_MISSING,COUNTING_STRUCTURE,,VISUAL_CANDIDATE,NO_PROBLEM_VISUAL,SCHEMATIC_OR_REVIEW,NONE,NOT_STARTED,,,,NOT_STARTED,NOT_STARTED,NOT_STARTED,NOT_TESTED,PASS,canonical_and_compiled_master_match,INVENTORY_PENDING,01_scope_inventory.csv#archive/exams/original/high/h1/1final/26_금당고_1학기_기말_고1_기출.js|26_금당고_1학기_기말_고1_기출|13,,INDEX_RECORD_PRESENT,original/high/h1/1final/26_금당고_1학기_기말_고1_기출.js_13,614f4fffefcfd228ba0b1d79c0fe46c3a11a82832e9caae514f1ed21a56810b9,true,④,IN_SCOPE_FORWARD,,,CLOSED_NO_SHARED_ASSET
archive/exams/original/high/h1/1final/26_금당고_1학기_기말_고1_기출.js|26_금당고_1학기_기말_고1_기출|19,archive/exams/original/high/h1/1final/26_금당고_1학기_기말_고1_기출.js,26_금당고_1학기_기말_고1_기출,19,19,19,2022,공통수학1,H22-C-08,순열과 조합,8,H22-C-08-COUNTING_PRINCIPLE,경우의 수,category_or_cue_inferred,complete_category,서술형,grid,false,서술형|경우의수|수용인원|포함배제,2c1dc9cd9d338763fc17338e19600ebc2fe65882b018646c72a9c3c951bb3653,4f53cda18c2baa0c0354bb5f9a3ecbe5ed12ab4d8e11ba873c2f11161202b945,bc838a94c517f3985cf9f24205eab05196d122203f674a8b6ca4b763c6d61d81,494796c699951eb7439b6076d589754b90763d8d49e43590ff5b2f5c4a887665,,,,,0,LOADED_VM,,NOT_STARTED,NOT_STARTED,NOT_STARTED,SVG_REQUIRED_MISSING,SVG_REQUIRED_MISSING,COUNTING_STRUCTURE,,VISUAL_CANDIDATE,NO_PROBLEM_VISUAL,SCHEMATIC_OR_REVIEW,NONE,NOT_STARTED,,,,NOT_STARTED,NOT_STARTED,NOT_STARTED,NOT_TESTED,PASS,canonical_and_compiled_master_match,INVENTORY_PENDING,01_scope_inventory.csv#archive/exams/original/high/h1/1final/26_금당고_1학기_기말_고1_기출.js|26_금당고_1학기_기말_고1_기출|19,,INDEX_RECORD_PRESENT,original/high/h1/1final/26_금당고_1학기_기말_고1_기출.js_19,614f4fffefcfd228ba0b1d79c0fe46c3a11a82832e9caae514f1ed21a56810b9,true,$60$,IN_SCOPE_FORWARD,,,CLOSED_NO_SHARED_ASSET
archive/exams/original/high/h1/1final/26_매산고_1학기_기말_고1_기출.js|26_매산고_1학기_기말_고1_기출|2,archive/exams/original/high/h1/1final/26_매산고_1학기_기말_고1_기출.js,26_매산고_1학기_기말_고1_기출,2,2,2,2022,공통수학1,H22-C-08,순열과 조합,8,H22-C-08-CORE,순열과 조합 핵심 개념,category_or_cue_inferred,complete_category,객관식,grid,false,객관식|순열과 조합,22730606595490dffd3a7cebd2d7117e33f8eef7e1575ecb257b78c41ffe7585,cd4bcc7bd2223a0255ef65cb72811eb4e755952fccfb988ee7df58f5c3e19fc7,d41ea6521f53fb3dfa10cf72e2932f4405d9c999fa422cdc840d25d57e90dd34,7d9c102792ceef13613b272718ae44015ec12da0b7449f66d8c4af84e6d62770,,,,,0,LOADED_VM,,NOT_STARTED,NOT_STARTED,NOT_STARTED,SVG_OPTIONAL,SVG_OPTIONAL,,,NONE,NO_PROBLEM_VISUAL,N/A,NONE,NOT_STARTED,,,,NOT_STARTED,NOT_STARTED,NOT_STARTED,NOT_TESTED,PASS,canonical_and_compiled_master_match,INVENTORY_PENDING,01_scope_inventory.csv#archive/exams/original/high/h1/1final/26_매산고_1학기_기말_고1_기출.js|26_매산고_1학기_기말_고1_기출|2,,INDEX_RECORD_PRESENT,original/high/h1/1final/26_매산고_1학기_기말_고1_기출.js_2,16a083f8b24faa1bd46a651d251b26e97c113b44369a475e3959dde0324981ee,true,④,IN_SCOPE_FORWARD,,,CLOSED_NO_SHARED_ASSET
archive/exams/original/high/h1/1final/26_매산고_1학기_기말_고1_기출.js|26_매산고_1학기_기말_고1_기출|5,archive/exams/original/high/h1/1final/26_매산고_1학기_기말_고1_기출.js,26_매산고_1학기_기말_고1_기출,5,5,5,2022,공통수학1,H22-C-08,순열과 조합,8,H22-C-08-COMBINATION,조합,category_or_cue_inferred,complete_category,객관식,grid,false,객관식|조합,bd487f902e5e3db33da342a39aea38fd839fdf2d20dc0b15c6744a79f4499f9b,aef9fae397b6c56322aae496bbf3826aabeedf99fdda1216021270052421cec1,973d2fd2f97e26a666f403b12da6d87e527985b36bcf4ff0a47c7e7e8c36321a,b0844b960b29729478e67bf4552b83d8ebb36a41ae40ebfc5889ad91740fac29,,,,,0,LOADED_VM,,NOT_STARTED,NOT_STARTED,NOT_STARTED,SVG_REQUIRED_MISSING,SVG_REQUIRED_MISSING,COUNTING_STRUCTURE,,VISUAL_CANDIDATE,NO_PROBLEM_VISUAL,SCHEMATIC_OR_REVIEW,NONE,NOT_STARTED,,,,NOT_STARTED,NOT_STARTED,NOT_STARTED,NOT_TESTED,PASS,canonical_and_compiled_master_match,INVENTORY_PENDING,01_scope_inventory.csv#archive/exams/original/high/h1/1final/26_매산고_1학기_기말_고1_기출.js|26_매산고_1학기_기말_고1_기출|5,,INDEX_RECORD_PRESENT,original/high/h1/1final/26_매산고_1학기_기말_고1_기출.js_5,16a083f8b24faa1bd46a651d251b26e97c113b44369a475e3959dde0324981ee,true,①,IN_SCOPE_FORWARD,,,CLOSED_NO_SHARED_ASSET
archive/exams/original/high/h1/1final/26_매산고_1학기_기말_고1_기출.js|26_매산고_1학기_기말_고1_기출|7,archive/exams/original/high/h1/1final/26_매산고_1학기_기말_고1_기출.js,26_매산고_1학기_기말_고1_기출,7,7,7,2022,공통수학1,H22-C-08,순열과 조합,8,H22-C-08-PERMUTATION,순열,category_or_cue_inferred,complete_category,객관식,grid,false,객관식|순열,98ee958c1474d8392aa5e28338cc9891eef1e97a50e57b6d46020a5aea58803a,e65110a268751363bac43d17805d7d3ffa1d7141c6590c5271d3960d4658d674,973d2fd2f97e26a666f403b12da6d87e527985b36bcf4ff0a47c7e7e8c36321a,24246f6aaad8fdfe766ccbaf5ba0bc80135717ba3a309df1a4f04777f82e859c,,,,,0,LOADED_VM,,NOT_STARTED,NOT_STARTED,NOT_STARTED,SVG_REQUIRED_MISSING,SVG_REQUIRED_MISSING,COUNTING_STRUCTURE,,VISUAL_CANDIDATE,NO_PROBLEM_VISUAL,SCHEMATIC_OR_REVIEW,NONE,NOT_STARTED,,,,NOT_STARTED,NOT_STARTED,NOT_STARTED,NOT_TESTED,PASS,canonical_and_compiled_master_match,INVENTORY_PENDING,01_scope_inventory.csv#archive/exams/original/high/h1/1final/26_매산고_1학기_기말_고1_기출.js|26_매산고_1학기_기말_고1_기출|7,,INDEX_RECORD_PRESENT,original/high/h1/1final/26_매산고_1학기_기말_고1_기출.js_7,16a083f8b24faa1bd46a651d251b26e97c113b44369a475e3959dde0324981ee,true,①,IN_SCOPE_FORWARD,,,CLOSED_NO_SHARED_ASSET
archive/exams/original/high/h1/1final/26_매산고_1학기_기말_고1_기출.js|26_매산고_1학기_기말_고1_기출|11,archive/exams/original/high/h1/1final/26_매산고_1학기_기말_고1_기출.js,26_매산고_1학기_기말_고1_기출,11,11,11,2022,공통수학1,H22-C-08,순열과 조합,8,H22-C-08-COUNTING_PRINCIPLE,경우의 수,category_or_cue_inferred,complete_category,객관식,grid,false,객관식|경우의 수,433b3f322c424fb84a062ed1be6cf5f8335e5650d99e9d95dbf4f66b89451d9c,c9db32090c5553275548a151b5206a11eb7976421bbf3529466da260635e54ae,0bdef091c479702584f065d3a3714f8a76f851b3f0cf10912f345a5dd930b0a8,a98e0693ee82d0212e23e475c012b36f3dafbf8e0e916658b1546a648e422b17,,,,,0,LOADED_VM,,NOT_STARTED,NOT_STARTED,NOT_STARTED,SVG_REQUIRED_MISSING,SVG_REQUIRED_MISSING,COUNTING_STRUCTURE,,VISUAL_CANDIDATE,NO_PROBLEM_VISUAL,SCHEMATIC_OR_REVIEW,NONE,NOT_STARTED,,,,NOT_STARTED,NOT_STARTED,NOT_STARTED,NOT_TESTED,PASS,canonical_and_compiled_master_match,INVENTORY_PENDING,01_scope_inventory.csv#archive/exams/original/high/h1/1final/26_매산고_1학기_기말_고1_기출.js|26_매산고_1학기_기말_고1_기출|11,,INDEX_RECORD_PRESENT,original/high/h1/1final/26_매산고_1학기_기말_고1_기출.js_11,16a083f8b24faa1bd46a651d251b26e97c113b44369a475e3959dde0324981ee,true,⑤,IN_SCOPE_FORWARD,,,CLOSED_NO_SHARED_ASSET
archive/exams/original/high/h1/1final/26_매산고_1학기_기말_고1_기출.js|26_매산고_1학기_기말_고1_기출|18,archive/exams/original/high/h1/1final/26_매산고_1학기_기말_고1_기출.js,26_매산고_1학기_기말_고1_기출,18,18,18,2022,공통수학1,H22-C-08,순열과 조합,8,H22-C-08-COUNTING_PRINCIPLE,경우의 수,category_or_cue_inferred,complete_category,단답형,grid,false,단답형|경우의 수|도형,91af3e26f5aec9df47033475e7206226cfe36f4251817fd33d19b22666d34686,4f53cda18c2baa0c0354bb5f9a3ecbe5ed12ab4d8e11ba873c2f11161202b945,ca56ca4fb133b3bc3e6962cce320f70586af395d279785433693ec3c47d3b530,33f40ab629eb04d19cbcd08a48aa8c2af080cbc9f5302aba283fa6c608b030ef,assets/images/26_매산고_1학기_기말_고1_기출/q18.png,8746854d65f980ac3b46515539ff2a89128bbb5bd2b1757800a9d1cd96b7a3c0,,,0,LOADED_VM,,NOT_STARTED,NOT_STARTED,NOT_STARTED,SVG_REQUIRED_MISSING,SVG_REQUIRED_MISSING,COORDINATE_OR_GEOMETRY_STRUCTURE|COUNTING_STRUCTURE,,VISUAL_CANDIDATE,PROBLEM_VISUAL_PRESENT,REVIEW_REQUIRED,NONE,NOT_STARTED,,,,NOT_STARTED,NOT_STARTED,NOT_STARTED,NOT_TESTED,PASS,canonical_and_compiled_master_match,INVENTORY_PENDING,01_scope_inventory.csv#archive/exams/original/high/h1/1final/26_매산고_1학기_기말_고1_기출.js|26_매산고_1학기_기말_고1_기출|18,[object Object],INDEX_RECORD_PRESENT,original/high/h1/1final/26_매산고_1학기_기말_고1_기출.js_18,16a083f8b24faa1bd46a651d251b26e97c113b44369a475e3959dde0324981ee,true,$2880$,IN_SCOPE_FORWARD,,,CLOSED_NO_SHARED_ASSET
archive/exams/original/high/h1/1final/26_복성고_1학기_기말_고1_기출.js|26_복성고_1학기_기말_고1_기출|1,archive/exams/original/high/h1/1final/26_복성고_1학기_기말_고1_기출.js,26_복성고_1학기_기말_고1_기출,1,1,1,2022,공통수학1,H22-C-08,순열과 조합,8,H22-C-08-CORE,순열과 조합 핵심 개념,category_or_cue_inferred,complete_category,객관식,grid,false,객관식|순열과 조합,4fd7d0a26463772d4e7f233268ba9359350a7e9c59821aae20c085f2cf25302a,f1d01bbddfffa09e15faf64db59ef366e3049e718e613055fec131eb29835517,973d2fd2f97e26a666f403b12da6d87e527985b36bcf4ff0a47c7e7e8c36321a,63ca5b296e86389b893b5d608c5c7d9a741c128080dd17d6df67ba53f23ac0cb,,,,,0,LOADED_VM,,NOT_STARTED,NOT_STARTED,NOT_STARTED,SVG_OPTIONAL,SVG_OPTIONAL,,,NONE,NO_PROBLEM_VISUAL,N/A,NONE,NOT_STARTED,,,,NOT_STARTED,NOT_STARTED,NOT_STARTED,NOT_TESTED,PASS,canonical_and_compiled_master_match,INVENTORY_PENDING,01_scope_inventory.csv#archive/exams/original/high/h1/1final/26_복성고_1학기_기말_고1_기출.js|26_복성고_1학기_기말_고1_기출|1,,INDEX_RECORD_PRESENT,original/high/h1/1final/26_복성고_1학기_기말_고1_기출.js_1,6a7324708d6fc8b5ce17530aa8a8bd73bb557289a04c616f6a6c336eba7d1ef7,true,①,IN_SCOPE_FORWARD,,,CLOSED_NO_SHARED_ASSET
archive/exams/original/high/h1/1final/26_복성고_1학기_기말_고1_기출.js|26_복성고_1학기_기말_고1_기출|2,archive/exams/original/high/h1/1final/26_복성고_1학기_기말_고1_기출.js,26_복성고_1학기_기말_고1_기출,2,2,2,2022,공통수학1,H22-C-08,순열과 조합,8,H22-C-08-PERMUTATION,순열,category_or_cue_inferred,complete_category,객관식,grid,false,객관식|순열,711fd2a50551530158d7bc4fe1d4761bcc5bcb60876c9fc63ccb88828514088d,2b25b4e8ac9e46cfbad29d42c27c9e4dbeeb5f3ae71be82e1cbc47f2c686bff7,b15be6cb71072b84f7e1e198ce023fc5bb8b1e625335904ddcf3cffcd8b7312b,aafe2b99cb7bbbadccb7ecbf28b0dfbb5709769bedb712fe94f270becba51721,,,,,0,LOADED_VM,,NOT_STARTED,NOT_STARTED,NOT_STARTED,SVG_REQUIRED_MISSING,SVG_REQUIRED_MISSING,COUNTING_STRUCTURE,,VISUAL_CANDIDATE,NO_PROBLEM_VISUAL,SCHEMATIC_OR_REVIEW,NONE,NOT_STARTED,,,,NOT_STARTED,NOT_STARTED,NOT_STARTED,NOT_TESTED,PASS,canonical_and_compiled_master_match,INVENTORY_PENDING,01_scope_inventory.csv#archive/exams/original/high/h1/1final/26_복성고_1학기_기말_고1_기출.js|26_복성고_1학기_기말_고1_기출|2,,INDEX_RECORD_PRESENT,original/high/h1/1final/26_복성고_1학기_기말_고1_기출.js_2,6a7324708d6fc8b5ce17530aa8a8bd73bb557289a04c616f6a6c336eba7d1ef7,true,③,IN_SCOPE_FORWARD,,,CLOSED_NO_SHARED_ASSET
archive/exams/original/high/h1/1final/26_복성고_1학기_기말_고1_기출.js|26_복성고_1학기_기말_고1_기출|9,archive/exams/original/high/h1/1final/26_복성고_1학기_기말_고1_기출.js,26_복성고_1학기_기말_고1_기출,9,9,9,2022,공통수학1,H22-C-08,순열과 조합,8,H22-C-08-COMBINATION,조합,category_or_cue_inferred,complete_category,객관식,grid,false,객관식|조합,b31e40a70ab9f6a8cff5b7dceb65d3f848e024be4c5ee256a3e616080af8eb55,7dc571456a0217e1858a03d48d981709dc29eab77065f7f592d728fc114020dd,0bdef091c479702584f065d3a3714f8a76f851b3f0cf10912f345a5dd930b0a8,870a517a4213c65d1f7404b49938b89aaa036d1e7c59a8c696e37eaf1cb4d150,,,,,0,LOADED_VM,,NOT_STARTED,NOT_STARTED,NOT_STARTED,SVG_REQUIRED_MISSING,SVG_REQUIRED_MISSING,COUNTING_STRUCTURE,,VISUAL_CANDIDATE,NO_PROBLEM_VISUAL,SCHEMATIC_OR_REVIEW,NONE,NOT_STARTED,,,,NOT_STARTED,NOT_STARTED,NOT_STARTED,NOT_TESTED,PASS,canonical_and_compiled_master_match,INVENTORY_PENDING,01_scope_inventory.csv#archive/exams/original/high/h1/1final/26_복성고_1학기_기말_고1_기출.js|26_복성고_1학기_기말_고1_기출|9,,INDEX_RECORD_PRESENT,original/high/h1/1final/26_복성고_1학기_기말_고1_기출.js_9,6a7324708d6fc8b5ce17530aa8a8bd73bb557289a04c616f6a6c336eba7d1ef7,true,⑤,IN_SCOPE_FORWARD,,,CLOSED_NO_SHARED_ASSET
archive/exams/original/high/h1/1final/26_복성고_1학기_기말_고1_기출.js|26_복성고_1학기_기말_고1_기출|12,archive/exams/original/high/h1/1final/26_복성고_1학기_기말_고1_기출.js,26_복성고_1학기_기말_고1_기출,12,12,12,2022,공통수학1,H22-C-08,순열과 조합,8,H22-C-08-CORE,순열과 조합 핵심 개념,category_or_cue_inferred,complete_category,객관식,grid,false,객관식|순열과 조합,0bb5b0587613ccc40e1b9d4b823d8881b7e15ce5785990ee8d5fb71f60c9969d,a56a4bbc09497147178d1f129af1c400e4f13827b18006d9788debf018f9de05,b15be6cb71072b84f7e1e198ce023fc5bb8b1e625335904ddcf3cffcd8b7312b,0e8f947809eb8b84e3a680bc018a081ce2017cc1dfbb03254039486fe13f2d52,,,,,0,LOADED_VM,,NOT_STARTED,NOT_STARTED,NOT_STARTED,SVG_REQUIRED_MISSING,SVG_REQUIRED_MISSING,COUNTING_STRUCTURE,,VISUAL_CANDIDATE,NO_PROBLEM_VISUAL,SCHEMATIC_OR_REVIEW,NONE,NOT_STARTED,,,,NOT_STARTED,NOT_STARTED,NOT_STARTED,NOT_TESTED,PASS,canonical_and_compiled_master_match,INVENTORY_PENDING,01_scope_inventory.csv#archive/exams/original/high/h1/1final/26_복성고_1학기_기말_고1_기출.js|26_복성고_1학기_기말_고1_기출|12,,INDEX_RECORD_PRESENT,original/high/h1/1final/26_복성고_1학기_기말_고1_기출.js_12,6a7324708d6fc8b5ce17530aa8a8bd73bb557289a04c616f6a6c336eba7d1ef7,true,③,IN_SCOPE_FORWARD,,,CLOSED_NO_SHARED_ASSET
archive/exams/original/high/h1/1final/26_복성고_1학기_기말_고1_기출.js|26_복성고_1학기_기말_고1_기출|15,archive/exams/original/high/h1/1final/26_복성고_1학기_기말_고1_기출.js,26_복성고_1학기_기말_고1_기출,15,15,15,2022,공통수학1,H22-C-08,순열과 조합,8,H22-C-08-COUNTING_PRINCIPLE,경우의 수,category_or_cue_inferred,complete_category,객관식,grid,false,객관식|경우의 수,ec349e093a15bf835d35d01c4b7a2e263aba9ddda0df0e5494f764f61836e6e6,55a090d1a560af15c0cc0d38327d5d9c0c1f79ef8f434fac5a5e81befc14d87e,0bdef091c479702584f065d3a3714f8a76f851b3f0cf10912f345a5dd930b0a8,48ee8f9e0b8ba336c7e4d61c2686cdbee43b9f84993ae294a47bc63fa9466eee,,,,,0,LOADED_VM,,NOT_STARTED,NOT_STARTED,NOT_STARTED,SVG_REQUIRED_MISSING,SVG_REQUIRED_MISSING,COUNTING_STRUCTURE,,VISUAL_CANDIDATE,NO_PROBLEM_VISUAL,SCHEMATIC_OR_REVIEW,NONE,NOT_STARTED,,,,NOT_STARTED,NOT_STARTED,NOT_STARTED,NOT_TESTED,PASS,canonical_and_compiled_master_match,INVENTORY_PENDING,01_scope_inventory.csv#archive/exams/original/high/h1/1final/26_복성고_1학기_기말_고1_기출.js|26_복성고_1학기_기말_고1_기출|15,,INDEX_RECORD_PRESENT,original/high/h1/1final/26_복성고_1학기_기말_고1_기출.js_15,6a7324708d6fc8b5ce17530aa8a8bd73bb557289a04c616f6a6c336eba7d1ef7,true,⑤,IN_SCOPE_FORWARD,,,CLOSED_NO_SHARED_ASSET
archive/exams/original/high/h1/1final/26_복성고_1학기_기말_고1_기출.js|26_복성고_1학기_기말_고1_기출|19,archive/exams/original/high/h1/1final/26_복성고_1학기_기말_고1_기출.js,26_복성고_1학기_기말_고1_기출,19,19,19,2022,공통수학1,H22-C-08,순열과 조합,8,H22-C-08-COUNTING_PRINCIPLE,경우의 수,category_or_cue_inferred,complete_category,객관식,grid,false,객관식|경우의 수|도형,b39684d5ca92653480a9a8b44f21610b533ed52bc905ac01287b6d4046de779d,ebb443eccdb14874856e0eb5c7b00fa4c968eb3566927473c4dc87d7b7b4719a,dfde05a3668030e99ca64d8d4ae5f6b64c7a87cee61c0ba43904b92ef210191d,4f6887bb344d97499ac75a68c9e7fd22e80e43d0bc2dc002033be1837b732fcd,assets/images/26_복성고_1학기_기말_고1_기출/q19.png,f285e87a71042abf90f8f11409dc217a8467939d63b1bed065ecf238df2f1bca,,,0,LOADED_VM,,NOT_STARTED,NOT_STARTED,NOT_STARTED,SVG_REQUIRED_MISSING,SVG_REQUIRED_MISSING,COORDINATE_OR_GEOMETRY_STRUCTURE|COUNTING_STRUCTURE,,VISUAL_CANDIDATE,PROBLEM_VISUAL_PRESENT,REVIEW_REQUIRED,NONE,NOT_STARTED,,,,NOT_STARTED,NOT_STARTED,NOT_STARTED,NOT_TESTED,PASS,canonical_and_compiled_master_match,INVENTORY_PENDING,01_scope_inventory.csv#archive/exams/original/high/h1/1final/26_복성고_1학기_기말_고1_기출.js|26_복성고_1학기_기말_고1_기출|19,[object Object],INDEX_RECORD_PRESENT,original/high/h1/1final/26_복성고_1학기_기말_고1_기출.js_19,6a7324708d6fc8b5ce17530aa8a8bd73bb557289a04c616f6a6c336eba7d1ef7,true,②,IN_SCOPE_FORWARD,,,CLOSED_NO_SHARED_ASSET
archive/exams/original/high/h1/1final/26_복성고_1학기_기말_고1_기출.js|26_복성고_1학기_기말_고1_기출|21,archive/exams/original/high/h1/1final/26_복성고_1학기_기말_고1_기출.js,26_복성고_1학기_기말_고1_기출,21,21,21,2022,공통수학1,H22-C-08,순열과 조합,8,H22-C-08-COUNTING_PRINCIPLE,경우의 수,category_or_cue_inferred,complete_category,단답형,grid,false,서술형|경우의 수,540d62bd186d0fce764eb80d4f1962f73a19f9e72b037f85d40ccd92b29ab6a6,4f53cda18c2baa0c0354bb5f9a3ecbe5ed12ab4d8e11ba873c2f11161202b945,359838ee74d589aa9efec912358de190b6e3f67a5a109996a9c66f37ad845e55,a93394a6575ec2458f13b0554d9c52cbe880468bdaa12d8319c0c456aa59ea60,,,,,0,LOADED_VM,,NOT_STARTED,NOT_STARTED,NOT_STARTED,SVG_REQUIRED_MISSING,SVG_REQUIRED_MISSING,COUNTING_STRUCTURE,,VISUAL_CANDIDATE,NO_PROBLEM_VISUAL,SCHEMATIC_OR_REVIEW,NONE,NOT_STARTED,,,,NOT_STARTED,NOT_STARTED,NOT_STARTED,NOT_TESTED,PASS,canonical_and_compiled_master_match,INVENTORY_PENDING,01_scope_inventory.csv#archive/exams/original/high/h1/1final/26_복성고_1학기_기말_고1_기출.js|26_복성고_1학기_기말_고1_기출|21,,INDEX_RECORD_PRESENT,original/high/h1/1final/26_복성고_1학기_기말_고1_기출.js_21,6a7324708d6fc8b5ce17530aa8a8bd73bb557289a04c616f6a6c336eba7d1ef7,true,$13$,IN_SCOPE_FORWARD,,,CLOSED_NO_SHARED_ASSET
archive/exams/original/high/h1/1final/26_순천고_1학기_기말_고1_기출.js|26_순천고_1학기_기말_고1_기출|3,archive/exams/original/high/h1/1final/26_순천고_1학기_기말_고1_기출.js,26_순천고_1학기_기말_고1_기출,3,3,3,2022,공통수학1,H22-C-08,순열과 조합,8,H22-C-08-COUNTING_PRINCIPLE,경우의 수,category_or_cue_inferred,complete_category,객관식,grid,false,객관식|경우의 수,c86bd135860d131659c5358caf4aa59cb2b8b5fc3f82b4d4399e060911ca9bf0,85f7f4db70b6f97899c3410b11a3edf2e7ce15a7c49068f8aec246f04ef456b7,0bdef091c479702584f065d3a3714f8a76f851b3f0cf10912f345a5dd930b0a8,451fd521d449399acf26971d40beee432d3ff16c1d9c1b80b4ae9e49de58b171,,,,,0,LOADED_VM,,NOT_STARTED,NOT_STARTED,NOT_STARTED,SVG_REQUIRED_MISSING,SVG_REQUIRED_MISSING,COUNTING_STRUCTURE,,VISUAL_CANDIDATE,NO_PROBLEM_VISUAL,SCHEMATIC_OR_REVIEW,NONE,NOT_STARTED,,,,NOT_STARTED,NOT_STARTED,NOT_STARTED,NOT_TESTED,PASS,canonical_and_compiled_master_match,INVENTORY_PENDING,01_scope_inventory.csv#archive/exams/original/high/h1/1final/26_순천고_1학기_기말_고1_기출.js|26_순천고_1학기_기말_고1_기출|3,,INDEX_RECORD_PRESENT,original/high/h1/1final/26_순천고_1학기_기말_고1_기출.js_3,0b801b4458088da27bd1cf00fe877b64992455bc3475617bc5a909075d2de80f,true,⑤,IN_SCOPE_FORWARD,,,CLOSED_NO_SHARED_ASSET
archive/exams/original/high/h1/1final/26_순천고_1학기_기말_고1_기출.js|26_순천고_1학기_기말_고1_기출|5,archive/exams/original/high/h1/1final/26_순천고_1학기_기말_고1_기출.js,26_순천고_1학기_기말_고1_기출,5,5,5,2022,공통수학1,H22-C-08,순열과 조합,8,H22-C-08-PERMUTATION,순열,category_or_cue_inferred,complete_category,객관식,grid,false,객관식|순열,e793289b7d03a239dd00ece2267584a669c097a3d8e04e46b30622fec1609c15,1da35ca8bb317762d9de79d2ab23a6c86b8d3fb800041fdd1c5dea18984e699c,d41ea6521f53fb3dfa10cf72e2932f4405d9c999fa422cdc840d25d57e90dd34,bf6e36d2674de494bfc13c702dd3457adfd3df1f8851061d14da69a5d6f79344,,,,,0,LOADED_VM,,NOT_STARTED,NOT_STARTED,NOT_STARTED,SVG_OPTIONAL,SVG_OPTIONAL,,,NONE,NO_PROBLEM_VISUAL,N/A,NONE,NOT_STARTED,,,,NOT_STARTED,NOT_STARTED,NOT_STARTED,NOT_TESTED,PASS,canonical_and_compiled_master_match,INVENTORY_PENDING,01_scope_inventory.csv#archive/exams/original/high/h1/1final/26_순천고_1학기_기말_고1_기출.js|26_순천고_1학기_기말_고1_기출|5,,INDEX_RECORD_PRESENT,original/high/h1/1final/26_순천고_1학기_기말_고1_기출.js_5,0b801b4458088da27bd1cf00fe877b64992455bc3475617bc5a909075d2de80f,true,④,IN_SCOPE_FORWARD,,,CLOSED_NO_SHARED_ASSET
archive/exams/original/high/h1/1final/26_순천고_1학기_기말_고1_기출.js|26_순천고_1학기_기말_고1_기출|12,archive/exams/original/high/h1/1final/26_순천고_1학기_기말_고1_기출.js,26_순천고_1학기_기말_고1_기출,12,12,12,2022,공통수학1,H22-C-08,순열과 조합,8,H22-C-08-COMBINATION,조합,category_or_cue_inferred,complete_category,객관식,grid,false,객관식|조합,84b0efa53afc79c0d5394d9371607f3cae8611d453a40a50a4b73e3fdcdb98ce,407f8dcff2d6bd6135bffe42e13e41510a0a063062f090420426ffe9ee15bd93,973d2fd2f97e26a666f403b12da6d87e527985b36bcf4ff0a47c7e7e8c36321a,cc231c6686926f7e63b41524cb92480f40adb3bc4dd82fb32a45f6b0f74258af,,,,,0,LOADED_VM,,NOT_STARTED,NOT_STARTED,NOT_STARTED,SVG_REQUIRED_MISSING,SVG_REQUIRED_MISSING,COUNTING_STRUCTURE,,VISUAL_CANDIDATE,NO_PROBLEM_VISUAL,SCHEMATIC_OR_REVIEW,NONE,NOT_STARTED,,,,NOT_STARTED,NOT_STARTED,NOT_STARTED,NOT_TESTED,PASS,canonical_and_compiled_master_match,INVENTORY_PENDING,01_scope_inventory.csv#archive/exams/original/high/h1/1final/26_순천고_1학기_기말_고1_기출.js|26_순천고_1학기_기말_고1_기출|12,,INDEX_RECORD_PRESENT,original/high/h1/1final/26_순천고_1학기_기말_고1_기출.js_12,0b801b4458088da27bd1cf00fe877b64992455bc3475617bc5a909075d2de80f,true,①,IN_SCOPE_FORWARD,,,CLOSED_NO_SHARED_ASSET
archive/exams/original/high/h1/1final/26_순천고_1학기_기말_고1_기출.js|26_순천고_1학기_기말_고1_기출|14,archive/exams/original/high/h1/1final/26_순천고_1학기_기말_고1_기출.js,26_순천고_1학기_기말_고1_기출,14,14,14,2022,공통수학1,H22-C-08,순열과 조합,8,H22-C-08-PERMUTATION,순열,category_or_cue_inferred,complete_category,객관식,grid,false,객관식|순열,bcea81513ef6eab96884c0252fe2b2ff5656f9d949f659a68373d37951c798da,224de4205fe45427fe1fe78b1c5ea1d4a0ada9e1f3e1d90a46e9a49b6ef6b63c,973d2fd2f97e26a666f403b12da6d87e527985b36bcf4ff0a47c7e7e8c36321a,54f87e515a679b043ac9347e2b2a51927f464eeb1e25a7b2e18e135891ee9ccd,,,,,0,LOADED_VM,,NOT_STARTED,NOT_STARTED,NOT_STARTED,SVG_REQUIRED_MISSING,SVG_REQUIRED_MISSING,COUNTING_STRUCTURE,,VISUAL_CANDIDATE,NO_PROBLEM_VISUAL,SCHEMATIC_OR_REVIEW,NONE,NOT_STARTED,,,,NOT_STARTED,NOT_STARTED,NOT_STARTED,NOT_TESTED,PASS,canonical_and_compiled_master_match,INVENTORY_PENDING,01_scope_inventory.csv#archive/exams/original/high/h1/1final/26_순천고_1학기_기말_고1_기출.js|26_순천고_1학기_기말_고1_기출|14,,INDEX_RECORD_PRESENT,original/high/h1/1final/26_순천고_1학기_기말_고1_기출.js_14,0b801b4458088da27bd1cf00fe877b64992455bc3475617bc5a909075d2de80f,true,①,IN_SCOPE_FORWARD,,,CLOSED_NO_SHARED_ASSET
archive/exams/original/high/h1/1final/26_순천고_1학기_기말_고1_기출.js|26_순천고_1학기_기말_고1_기출|23,archive/exams/original/high/h1/1final/26_순천고_1학기_기말_고1_기출.js,26_순천고_1학기_기말_고1_기출,23,23,23,2022,공통수학1,H22-C-08,순열과 조합,8,H22-C-08-COUNTING_PRINCIPLE,경우의 수,category_or_cue_inferred,complete_category,서술형,grid,false,서술형|경우의 수,f8eaac4f31036e508200200aef121d59b26f223c22fbbf73c52ec452e70def52,4f53cda18c2baa0c0354bb5f9a3ecbe5ed12ab4d8e11ba873c2f11161202b945,cca5e8781e247c408fac4e4e8bc7e7829db46405c9f270a79f6a5bc1e23d574e,105831ec25e840df79b979d121b5021051b9dd25c71ea2f8d13f319da15fe375,,,,,0,LOADED_VM,,NOT_STARTED,NOT_STARTED,NOT_STARTED,SVG_REQUIRED_MISSING,SVG_REQUIRED_MISSING,COUNTING_STRUCTURE,,VISUAL_CANDIDATE,NO_PROBLEM_VISUAL,SCHEMATIC_OR_REVIEW,NONE,NOT_STARTED,,,,NOT_STARTED,NOT_STARTED,NOT_STARTED,NOT_TESTED,PASS,canonical_and_compiled_master_match,INVENTORY_PENDING,01_scope_inventory.csv#archive/exams/original/high/h1/1final/26_순천고_1학기_기말_고1_기출.js|26_순천고_1학기_기말_고1_기출|23,,INDEX_RECORD_PRESENT,original/high/h1/1final/26_순천고_1학기_기말_고1_기출.js_23,0b801b4458088da27bd1cf00fe877b64992455bc3475617bc5a909075d2de80f,true,"$24,\ 72,\ 36$",IN_SCOPE_FORWARD,,,CLOSED_NO_SHARED_ASSET
archive/exams/original/high/h1/1final/26_순천여고_1학기_기말_고1_기출.js|26_순천여고_1학기_기말_고1_기출|2,archive/exams/original/high/h1/1final/26_순천여고_1학기_기말_고1_기출.js,26_순천여고_1학기_기말_고1_기출,2,2,2,2022,공통수학1,H22-C-08,순열과 조합,8,H22-C-08-COMBINATION,조합,category_or_cue_inferred,complete_category,객관식,grid,false,,660e25d99fa6d746382ebdf32c91846350351fcdd29d7baa6aa54ed7662ec0d1,5d33a87f32383132dadd9149561c301a94a8acb1094c62e922765168fc5b0a71,973d2fd2f97e26a666f403b12da6d87e527985b36bcf4ff0a47c7e7e8c36321a,d43609b889f925414588d71881fa2b574d93d6457e7d591c0c3bfab752001a78,,,,,0,LOADED_VM,,NOT_STARTED,NOT_STARTED,NOT_STARTED,SVG_OPTIONAL,SVG_OPTIONAL,,,NONE,NO_PROBLEM_VISUAL,N/A,NONE,NOT_STARTED,,,,NOT_STARTED,NOT_STARTED,NOT_STARTED,NOT_TESTED,PASS,canonical_and_compiled_master_match,INVENTORY_PENDING,01_scope_inventory.csv#archive/exams/original/high/h1/1final/26_순천여고_1학기_기말_고1_기출.js|26_순천여고_1학기_기말_고1_기출|2,,INDEX_RECORD_PRESENT,original/high/h1/1final/26_순천여고_1학기_기말_고1_기출.js_2,bd5f942a1354d79dac6a827e48179b103e002ebbe3ccb90850835786c2c8f0c6,true,①,IN_SCOPE_FORWARD,,,CLOSED_NO_SHARED_ASSET
archive/exams/original/high/h1/1final/26_순천여고_1학기_기말_고1_기출.js|26_순천여고_1학기_기말_고1_기출|13,archive/exams/original/high/h1/1final/26_순천여고_1학기_기말_고1_기출.js,26_순천여고_1학기_기말_고1_기출,13,13,13,2022,공통수학1,H22-C-08,순열과 조합,8,H22-C-08-COMBINATION,조합,category_or_cue_inferred,complete_category,객관식,grid,false,,fba94a1abb9f05570ca76dc8595233c8a71c00e9539ac8fd621894906b514826,059cf36b23acf5065f6a5e9630b1b423326321a3ae9a5038ee1a5bbc3cc419a7,0bdef091c479702584f065d3a3714f8a76f851b3f0cf10912f345a5dd930b0a8,8a204a347b22224a619768d60a64467b2507f6a8ba050a86f58fe783ccce20d9,,,,,0,LOADED_VM,,NOT_STARTED,NOT_STARTED,NOT_STARTED,SVG_REQUIRED_MISSING,SVG_REQUIRED_MISSING,COUNTING_STRUCTURE,,VISUAL_CANDIDATE,NO_PROBLEM_VISUAL,SCHEMATIC_OR_REVIEW,NONE,NOT_STARTED,,,,NOT_STARTED,NOT_STARTED,NOT_STARTED,NOT_TESTED,PASS,canonical_and_compiled_master_match,INVENTORY_PENDING,01_scope_inventory.csv#archive/exams/original/high/h1/1final/26_순천여고_1학기_기말_고1_기출.js|26_순천여고_1학기_기말_고1_기출|13,,INDEX_RECORD_PRESENT,original/high/h1/1final/26_순천여고_1학기_기말_고1_기출.js_13,bd5f942a1354d79dac6a827e48179b103e002ebbe3ccb90850835786c2c8f0c6,true,⑤,IN_SCOPE_FORWARD,,,CLOSED_NO_SHARED_ASSET
archive/exams/original/high/h1/1final/26_순천여고_1학기_기말_고1_기출.js|26_순천여고_1학기_기말_고1_기출|16,archive/exams/original/high/h1/1final/26_순천여고_1학기_기말_고1_기출.js,26_순천여고_1학기_기말_고1_기출,16,16,16,2022,공통수학1,H22-C-08,순열과 조합,8,H22-C-08-PERMUTATION,순열,category_or_cue_inferred,complete_category,객관식,grid,false,,decb7418e4590e037d7e600116c134ff876ea4c3e9c000444e3a1657445805cf,d5c3f113cd2a622febca62b42bbf9131fe5d79d5cfbb2d721105eb48c484a124,d41ea6521f53fb3dfa10cf72e2932f4405d9c999fa422cdc840d25d57e90dd34,c6e351536123641e98fa03112af24f454a5a762a16441c4f1230ecd424a4dc11,,,,,0,LOADED_VM,,NOT_STARTED,NOT_STARTED,NOT_STARTED,SVG_REQUIRED_MISSING,SVG_REQUIRED_MISSING,COUNTING_STRUCTURE,,VISUAL_CANDIDATE,NO_PROBLEM_VISUAL,SCHEMATIC_OR_REVIEW,NONE,NOT_STARTED,,,,NOT_STARTED,NOT_STARTED,NOT_STARTED,NOT_TESTED,PASS,canonical_and_compiled_master_match,INVENTORY_PENDING,01_scope_inventory.csv#archive/exams/original/high/h1/1final/26_순천여고_1학기_기말_고1_기출.js|26_순천여고_1학기_기말_고1_기출|16,,INDEX_RECORD_PRESENT,original/high/h1/1final/26_순천여고_1학기_기말_고1_기출.js_16,bd5f942a1354d79dac6a827e48179b103e002ebbe3ccb90850835786c2c8f0c6,true,④,IN_SCOPE_FORWARD,,,CLOSED_NO_SHARED_ASSET
archive/exams/original/high/h1/1final/26_팔마고_1학기_기말_고1_기출.js|26_팔마고_1학기_기말_고1_기출|1,archive/exams/original/high/h1/1final/26_팔마고_1학기_기말_고1_기출.js,26_팔마고_1학기_기말_고1_기출,1,1,1,2022,공통수학1,H22-C-08,순열과 조합,8,H22-C-08-CORE,순열과 조합 핵심 개념,category_or_cue_inferred,complete_category,객관식,grid,false,객관식|순열과 조합,e6bb30a1f610db268859f825e2553ef748e4d1d63d792f15afd1319afe8d1bd7,6fb47299ab13a3c216411d27ec6bb95aaae85583ab70bd9b54a035a145ded7e3,b15be6cb71072b84f7e1e198ce023fc5bb8b1e625335904ddcf3cffcd8b7312b,014ff5d22963e1016d6e462bc46c0dd48f483f0ad44c9f51f3e69b573dfffa7f,,,,,0,LOADED_VM,,NOT_STARTED,NOT_STARTED,NOT_STARTED,SVG_OPTIONAL,SVG_OPTIONAL,,,NONE,NO_PROBLEM_VISUAL,N/A,NONE,NOT_STARTED,,,,NOT_STARTED,NOT_STARTED,NOT_STARTED,NOT_TESTED,PASS,canonical_and_compiled_master_match,INVENTORY_PENDING,01_scope_inventory.csv#archive/exams/original/high/h1/1final/26_팔마고_1학기_기말_고1_기출.js|26_팔마고_1학기_기말_고1_기출|1,,INDEX_RECORD_PRESENT,original/high/h1/1final/26_팔마고_1학기_기말_고1_기출.js_1,bb8d68040dac365bbc76d1d920e1e62611c8441be978e79c621b3f3831be320f,true,③,IN_SCOPE_FORWARD,,,CLOSED_NO_SHARED_ASSET
archive/exams/original/high/h1/1final/26_팔마고_1학기_기말_고1_기출.js|26_팔마고_1학기_기말_고1_기출|10,archive/exams/original/high/h1/1final/26_팔마고_1학기_기말_고1_기출.js,26_팔마고_1학기_기말_고1_기출,10,10,10,2022,공통수학1,H22-C-08,순열과 조합,8,H22-C-08-CORE,순열과 조합 핵심 개념,category_or_cue_inferred,complete_category,객관식,grid,false,객관식|순열과 조합,c8b5039c90be575bfef7bdf8a16c2abf139789a64288ae122b46b0060c98cad6,47e7685e3701e6d094a451505cea2d3cdc97094330f12752e084b39b0e1de581,d41ea6521f53fb3dfa10cf72e2932f4405d9c999fa422cdc840d25d57e90dd34,63a37a88052d1dc7eeaa07e15235b367d8154d3ffe68421e3c64058f9506ab38,,,,,0,LOADED_VM,,NOT_STARTED,NOT_STARTED,NOT_STARTED,SVG_REQUIRED_MISSING,SVG_REQUIRED_MISSING,COUNTING_STRUCTURE,,VISUAL_CANDIDATE,NO_PROBLEM_VISUAL,SCHEMATIC_OR_REVIEW,NONE,NOT_STARTED,,,,NOT_STARTED,NOT_STARTED,NOT_STARTED,NOT_TESTED,PASS,canonical_and_compiled_master_match,INVENTORY_PENDING,01_scope_inventory.csv#archive/exams/original/high/h1/1final/26_팔마고_1학기_기말_고1_기출.js|26_팔마고_1학기_기말_고1_기출|10,,INDEX_RECORD_PRESENT,original/high/h1/1final/26_팔마고_1학기_기말_고1_기출.js_10,bb8d68040dac365bbc76d1d920e1e62611c8441be978e79c621b3f3831be320f,true,④,IN_SCOPE_FORWARD,,,CLOSED_NO_SHARED_ASSET
archive/exams/original/high/h1/1final/26_팔마고_1학기_기말_고1_기출.js|26_팔마고_1학기_기말_고1_기출|11,archive/exams/original/high/h1/1final/26_팔마고_1학기_기말_고1_기출.js,26_팔마고_1학기_기말_고1_기출,11,11,11,2022,공통수학1,H22-C-08,순열과 조합,8,H22-C-08-CORE,순열과 조합 핵심 개념,category_or_cue_inferred,complete_category,객관식,grid,false,객관식|순열과 조합,2a301e896802d2de03a4a438171419a109db1006c2b7f429671d5030225718fc,1bd90f9325a3d96ae20e271398d222e2e49f929ce0e8fd183dcd463ccfc8ba99,973d2fd2f97e26a666f403b12da6d87e527985b36bcf4ff0a47c7e7e8c36321a,572c705e50dd7de5c2b37d25a6ce2742d6332c516b5351c6d97a3c6ee7af65b8,,,,,0,LOADED_VM,,NOT_STARTED,NOT_STARTED,NOT_STARTED,SVG_OPTIONAL,SVG_OPTIONAL,,,NONE,NO_PROBLEM_VISUAL,N/A,NONE,NOT_STARTED,,,,NOT_STARTED,NOT_STARTED,NOT_STARTED,NOT_TESTED,PASS,canonical_and_compiled_master_match,INVENTORY_PENDING,01_scope_inventory.csv#archive/exams/original/high/h1/1final/26_팔마고_1학기_기말_고1_기출.js|26_팔마고_1학기_기말_고1_기출|11,,INDEX_RECORD_PRESENT,original/high/h1/1final/26_팔마고_1학기_기말_고1_기출.js_11,bb8d68040dac365bbc76d1d920e1e62611c8441be978e79c621b3f3831be320f,true,①,IN_SCOPE_FORWARD,,,CLOSED_NO_SHARED_ASSET
archive/exams/original/high/h1/1final/26_팔마고_1학기_기말_고1_기출.js|26_팔마고_1학기_기말_고1_기출|15,archive/exams/original/high/h1/1final/26_팔마고_1학기_기말_고1_기출.js,26_팔마고_1학기_기말_고1_기출,15,15,15,2022,공통수학1,H22-C-08,순열과 조합,8,H22-C-08-CORE,순열과 조합 핵심 개념,category_or_cue_inferred,complete_category,객관식,grid,false,객관식|순열과 조합|도형,35b7b5e8c2b08e565675f202ae25b51220242d791bf56cb38f01ef33a3dfa706,a819ec3b7fdbbd8a727b6cd4f33288fa36921ee399d2a5852de1330a5d699d2e,dfde05a3668030e99ca64d8d4ae5f6b64c7a87cee61c0ba43904b92ef210191d,c5f5bfb78fbd692494a9519f392fea8e1384387746adc968956f67125215556d,assets/images/26_팔마고_1학기_기말_고1_기출/q15.png,6364792e831bbc9a6eeb636e4324398c402f3804391a0c264eee2cc9bbf735cd,,,0,LOADED_VM,,NOT_STARTED,NOT_STARTED,NOT_STARTED,SVG_REQUIRED_MISSING,SVG_REQUIRED_MISSING,COORDINATE_OR_GEOMETRY_STRUCTURE|COUNTING_STRUCTURE,,VISUAL_CANDIDATE,PROBLEM_VISUAL_PRESENT,REVIEW_REQUIRED,NONE,NOT_STARTED,,,,NOT_STARTED,NOT_STARTED,NOT_STARTED,NOT_TESTED,PASS,canonical_and_compiled_master_match,INVENTORY_PENDING,01_scope_inventory.csv#archive/exams/original/high/h1/1final/26_팔마고_1학기_기말_고1_기출.js|26_팔마고_1학기_기말_고1_기출|15,[object Object],INDEX_RECORD_PRESENT,original/high/h1/1final/26_팔마고_1학기_기말_고1_기출.js_15,bb8d68040dac365bbc76d1d920e1e62611c8441be978e79c621b3f3831be320f,true,②,IN_SCOPE_FORWARD,,,CLOSED_NO_SHARED_ASSET
archive/exams/original/high/h1/1final/26_팔마고_1학기_기말_고1_기출.js|26_팔마고_1학기_기말_고1_기출|19,archive/exams/original/high/h1/1final/26_팔마고_1학기_기말_고1_기출.js,26_팔마고_1학기_기말_고1_기출,19,19,19,2022,공통수학1,H22-C-08,순열과 조합,8,H22-C-08-CORE,순열과 조합 핵심 개념,category_or_cue_inferred,complete_category,단답형,grid,false,서술형|순열과 조합,b79197fa308be38c837600742e50e9ecba7418f0d2e9ac5975302a46eb61be42,4f53cda18c2baa0c0354bb5f9a3ecbe5ed12ab4d8e11ba873c2f11161202b945,c8c519fa896ec256a22212a0e2c975bdbf9615c66eb550235a456d365c37501f,5b59f12f31a630c4b04ea7a10acb2ab9edfee0cdce40915416c0df695297591b,,,,,0,LOADED_VM,,NOT_STARTED,NOT_STARTED,NOT_STARTED,SVG_REQUIRED_MISSING,SVG_REQUIRED_MISSING,COUNTING_STRUCTURE,,VISUAL_CANDIDATE,NO_PROBLEM_VISUAL,SCHEMATIC_OR_REVIEW,NONE,NOT_STARTED,,,,NOT_STARTED,NOT_STARTED,NOT_STARTED,NOT_TESTED,PASS,canonical_and_compiled_master_match,INVENTORY_PENDING,01_scope_inventory.csv#archive/exams/original/high/h1/1final/26_팔마고_1학기_기말_고1_기출.js|26_팔마고_1학기_기말_고1_기출|19,,INDEX_RECORD_PRESENT,original/high/h1/1final/26_팔마고_1학기_기말_고1_기출.js_19,bb8d68040dac365bbc76d1d920e1e62611c8441be978e79c621b3f3831be320f,true,$91$,IN_SCOPE_FORWARD,,,CLOSED_NO_SHARED_ASSET
archive/exams/original/high/h1/1final/26_효천고_1학기_기말_고1_기출.js|26_효천고_1학기_기말_고1_기출|2,archive/exams/original/high/h1/1final/26_효천고_1학기_기말_고1_기출.js,26_효천고_1학기_기말_고1_기출,2,2,2,2022,공통수학1,H22-C-08,순열과 조합,8,H22-C-08-COMBINATION,조합,category_or_cue_inferred,complete_category,객관식,grid,false,,4c378529cd5270204269e20d7e4ae8cc80b82d53d69a3cfec205907b63d1211a,cdd553be57fca9b36b6dfa71de368d372aa44b033eac4fdeb26e08a355a7bb91,b15be6cb71072b84f7e1e198ce023fc5bb8b1e625335904ddcf3cffcd8b7312b,ac552932144ef0dddcb25a0563aaeb5ad59c25caddaf7f02edffb8c86fb7f3be,,,,,0,LOADED_VM,,NOT_STARTED,NOT_STARTED,NOT_STARTED,SVG_OPTIONAL,SVG_OPTIONAL,,,NONE,NO_PROBLEM_VISUAL,N/A,NONE,NOT_STARTED,,,,NOT_STARTED,NOT_STARTED,NOT_STARTED,NOT_TESTED,PASS,canonical_and_compiled_master_match,INVENTORY_PENDING,01_scope_inventory.csv#archive/exams/original/high/h1/1final/26_효천고_1학기_기말_고1_기출.js|26_효천고_1학기_기말_고1_기출|2,,INDEX_RECORD_PRESENT,original/high/h1/1final/26_효천고_1학기_기말_고1_기출.js_2,9ded0f1af40839a0d7f308d40d08e36e033349ba98f60f185adc4d0316bc237e,true,③,IN_SCOPE_FORWARD,,,CLOSED_NO_SHARED_ASSET
archive/exams/original/high/h1/1final/26_효천고_1학기_기말_고1_기출.js|26_효천고_1학기_기말_고1_기출|12,archive/exams/original/high/h1/1final/26_효천고_1학기_기말_고1_기출.js,26_효천고_1학기_기말_고1_기출,12,12,12,2022,공통수학1,H22-C-08,순열과 조합,8,H22-C-08-PERMUTATION,순열,category_or_cue_inferred,complete_category,객관식,grid,false,,0933917748daf9a02a96fa1a69b73386fa312c9bb7d27479068293d63f7126d0,c60ede95a6dd9132f88a3792b4742a02a13111db57c15e0c911edecc378ab2ca,dfde05a3668030e99ca64d8d4ae5f6b64c7a87cee61c0ba43904b92ef210191d,a061dcf2ca24698895d0379a9f2473e6c36095dd13d9ae92dfcd9a77204d4ff2,,,,,0,LOADED_VM,,NOT_STARTED,NOT_STARTED,NOT_STARTED,SVG_REQUIRED_MISSING,SVG_REQUIRED_MISSING,COUNTING_STRUCTURE,,VISUAL_CANDIDATE,NO_PROBLEM_VISUAL,SCHEMATIC_OR_REVIEW,NONE,NOT_STARTED,,,,NOT_STARTED,NOT_STARTED,NOT_STARTED,NOT_TESTED,PASS,canonical_and_compiled_master_match,INVENTORY_PENDING,01_scope_inventory.csv#archive/exams/original/high/h1/1final/26_효천고_1학기_기말_고1_기출.js|26_효천고_1학기_기말_고1_기출|12,,INDEX_RECORD_PRESENT,original/high/h1/1final/26_효천고_1학기_기말_고1_기출.js_12,9ded0f1af40839a0d7f308d40d08e36e033349ba98f60f185adc4d0316bc237e,true,②,IN_SCOPE_FORWARD,,,CLOSED_NO_SHARED_ASSET
archive/exams/original/high/h1/1final/26_효천고_1학기_기말_고1_기출.js|26_효천고_1학기_기말_고1_기출|26,archive/exams/original/high/h1/1final/26_효천고_1학기_기말_고1_기출.js,26_효천고_1학기_기말_고1_기출,26,26,26,2022,공통수학1,H22-C-08,순열과 조합,8,H22-C-08-COMBINATION,조합,category_or_cue_inferred,complete_category,서술형,grid,false,서술형,274fe840cf519b977679fc0d6ae6e904c5341a8766d7e7890ee80c01da7f1135,4f53cda18c2baa0c0354bb5f9a3ecbe5ed12ab4d8e11ba873c2f11161202b945,b3cf0e456a465cb9b7c02b85925325c89cb80035ad0083577cfc65be9d92a150,9ab41a4bbf3b8d691452d1ed9d3589dd5a95cddcc647a60740c0ca9da54461bb,,,,,0,LOADED_VM,,NOT_STARTED,NOT_STARTED,NOT_STARTED,SVG_REQUIRED_MISSING,SVG_REQUIRED_MISSING,COUNTING_STRUCTURE,,VISUAL_CANDIDATE,NO_PROBLEM_VISUAL,SCHEMATIC_OR_REVIEW,NONE,NOT_STARTED,,,,NOT_STARTED,NOT_STARTED,NOT_STARTED,NOT_TESTED,PASS,canonical_and_compiled_master_match,INVENTORY_PENDING,01_scope_inventory.csv#archive/exams/original/high/h1/1final/26_효천고_1학기_기말_고1_기출.js|26_효천고_1학기_기말_고1_기출|26,,INDEX_RECORD_PRESENT,original/high/h1/1final/26_효천고_1학기_기말_고1_기출.js_26,9ded0f1af40839a0d7f308d40d08e36e033349ba98f60f185adc4d0316bc237e,true,$490$,IN_SCOPE_FORWARD,,,CLOSED_NO_SHARED_ASSET
archive/exams/original/high/h1/1mid/23_한영고_1학기_중간_고1_기출.js|2023_한영고_1학기_중간_고1_수학상|11,archive/exams/original/high/h1/1mid/23_한영고_1학기_중간_고1_기출.js,2023_한영고_1학기_중간_고1_수학상,11,11,11,2015,수학(상),H15-SA-08,여러 가지 부등식,8,H15-SA-08-ABSOLUTE_INEQUALITY,절댓값 부등식,candidate_evidence,complete_candidate,객관식,grid,false,객관식|절댓값|부등식|일차부등식|정수조건|범위|조건해석|계산,87dbd8ddd988e4fe7bf83d9420449fc61f6ebd7678f2ab656e2b3989bb8c07f6,ba0ba70dcb8e9105d9ed833dcb015e16ca5b3e69752b106b9eb38ed9006180c4,b15be6cb71072b84f7e1e198ce023fc5bb8b1e625335904ddcf3cffcd8b7312b,d48720918c918e1ca33ee162e3c8da1f6a8d556f92c37409179f457c47b3e9c7,,,,,0,LOADED_VM,,NOT_STARTED,NOT_STARTED,NOT_STARTED,SVG_OPTIONAL,SVG_OPTIONAL,,,NONE,NO_PROBLEM_VISUAL,N/A,NONE,NOT_STARTED,,,,NOT_STARTED,NOT_STARTED,NOT_STARTED,NOT_TESTED,PASS,canonical_and_compiled_master_match,INVENTORY_PENDING,01_scope_inventory.csv#archive/exams/original/high/h1/1mid/23_한영고_1학기_중간_고1_기출.js|2023_한영고_1학기_중간_고1_수학상|11,,INDEX_RECORD_PRESENT,original/high/h1/1mid/23_한영고_1학기_중간_고1_기출.js_11,483e70bb9d791873360b8c764f248dd96d89f7639ed952c2a63a4690af842e54,true,③,IN_SCOPE_FORWARD,,,CLOSED_NO_SHARED_ASSET
archive/exams/original/high/h1/1mid/23_한영고_1학기_중간_고1_기출.js|2023_한영고_1학기_중간_고1_수학상|21,archive/exams/original/high/h1/1mid/23_한영고_1학기_중간_고1_기출.js,2023_한영고_1학기_중간_고1_수학상,21,21,21,2015,수학(상),H15-SA-08,여러 가지 부등식,8,H15-SA-08-SYSTEM_INEQUALITY,연립부등식,candidate_evidence,complete_candidate,서술형,grid,false,서술형|계수비교|부등식|일차부등식|범위|대입|조건해석|계산,c6aa986b631c28b7b7e5e27f90250a526d31d8f8cc75ae843d4fa1bfbb2f1d1c,4f53cda18c2baa0c0354bb5f9a3ecbe5ed12ab4d8e11ba873c2f11161202b945,4d5e6a8bba8f86b7f882b5e11a31fd8fd7bb3edb339a08ec2479264ad3a39901,4282c045f4df2ee9a00002b6177c42b1b783571cfd069f8324938d0597ec34b9,,,,,0,LOADED_VM,,NOT_STARTED,NOT_STARTED,NOT_STARTED,SVG_OPTIONAL,SVG_OPTIONAL,,,NONE,NO_PROBLEM_VISUAL,N/A,NONE,NOT_STARTED,,,,NOT_STARTED,NOT_STARTED,NOT_STARTED,NOT_TESTED,PASS,canonical_and_compiled_master_match,INVENTORY_PENDING,01_scope_inventory.csv#archive/exams/original/high/h1/1mid/23_한영고_1학기_중간_고1_기출.js|2023_한영고_1학기_중간_고1_수학상|21,,INDEX_RECORD_PRESENT,original/high/h1/1mid/23_한영고_1학기_중간_고1_기출.js_21,483e70bb9d791873360b8c764f248dd96d89f7639ed952c2a63a4690af842e54,true,-18,IN_SCOPE_FORWARD,,,CLOSED_NO_SHARED_ASSET
archive/exams/original/high/h1/1mid/24_한영고_1학기_중간_고1_기출.js|24_한영고_1학기_중간_고1_기출|16,archive/exams/original/high/h1/1mid/24_한영고_1학기_중간_고1_기출.js,24_한영고_1학기_중간_고1_기출,16,16,16,2015,수학(상),H15-SA-08,여러 가지 부등식,8,H15-SA-08-INEQUALITY_BASIC,부등식의 풀이,category_or_cue_inferred,complete_category,단답형,grid,false,객관식|부등식|정수조건|범위|개수세기|조건해석|계산,3361d2ee8c2881ad81db63b6ded0c7e7e2a6e26010050d5f28eff4afe890351d,4f53cda18c2baa0c0354bb5f9a3ecbe5ed12ab4d8e11ba873c2f11161202b945,97a9ee2f0014bbd838530f1a20181705723ec45fd256ffeef663ad1c39bb59cd,1cce8fb49e087c9fdc0732368b84c92ce059a1f1de36dde65657effd68d8bd2b,,,,,0,LOADED_VM,,NOT_STARTED,NOT_STARTED,NOT_STARTED,SVG_OPTIONAL,SVG_OPTIONAL,,,NONE,NO_PROBLEM_VISUAL,N/A,NONE,NOT_STARTED,,,,NOT_STARTED,NOT_STARTED,NOT_STARTED,NOT_TESTED,PASS,canonical_and_compiled_master_match,INVENTORY_PENDING,01_scope_inventory.csv#archive/exams/original/high/h1/1mid/24_한영고_1학기_중간_고1_기출.js|24_한영고_1학기_중간_고1_기출|16,,INDEX_RECORD_PRESENT,original/high/h1/1mid/24_한영고_1학기_중간_고1_기출.js_16,f4a5b636761d2fd7d765bbc5c13d442e0ab9d2aa09855dee1932257d8aa570f6,true,-11,IN_SCOPE_FORWARD,,,CLOSED_NO_SHARED_ASSET
archive/exams/original/high/h1/2mid/24_금당고_2학기_중간_고1_기출.js|24_금당고_2학기_중간_고1_기출|8,archive/exams/original/high/h1/2mid/24_금당고_2학기_중간_고1_기출.js,24_금당고_2학기_중간_고1_기출,8,8,8,2015,수학(상),H15-SA-08,여러 가지 부등식,8,H15-SA-08-INEQUALITY_BASIC,부등식의 풀이,category_or_cue_inferred,complete_category,객관식,grid,false,객관식|산술기하평균|최솟값,5a807d2b5f8861ad84de6f38f187ba27e24c2e687ed4c94131c0f2e8b9e49566,48a6a42247cc221568b17352f8cec2c68c50aa0d46a3d19717a8f46e44cdcf17,d41ea6521f53fb3dfa10cf72e2932f4405d9c999fa422cdc840d25d57e90dd34,f0aeaf7abd34a48bc1d3b5fb6a20bb68270eb5ee3262cdd80bf3d34d04027d16,,,,,0,LOADED_VM,,NOT_STARTED,NOT_STARTED,NOT_STARTED,SVG_OPTIONAL,SVG_OPTIONAL,,,NONE,NO_PROBLEM_VISUAL,N/A,NONE,NOT_STARTED,,,,NOT_STARTED,NOT_STARTED,NOT_STARTED,NOT_TESTED,PASS,canonical_and_compiled_master_match,INVENTORY_PENDING,01_scope_inventory.csv#archive/exams/original/high/h1/2mid/24_금당고_2학기_중간_고1_기출.js|24_금당고_2학기_중간_고1_기출|8,,INDEX_RECORD_PRESENT,original/high/h1/2mid/24_금당고_2학기_중간_고1_기출.js_8,d180b2755ba1dcaef165b5c350b9a0c4b027669f6d56f0a2c7746b03b185d1e1,true,④,IN_SCOPE_FORWARD,,,CLOSED_NO_SHARED_ASSET
archive/exams/original/high/h1/2mid/24_금당고_2학기_중간_고1_기출.js|24_금당고_2학기_중간_고1_기출|19,archive/exams/original/high/h1/2mid/24_금당고_2학기_중간_고1_기출.js,24_금당고_2학기_중간_고1_기출,19,19,19,2015,수학(상),H15-SA-08,여러 가지 부등식,8,H15-SA-08-INEQUALITY_BASIC,부등식의 풀이,category_or_cue_inferred,complete_category,단답형,grid,false,단답형|여러 가지 부등식|절대부등식|최댓값|제곱근,ada81821f187d47a00279b87bcb1e38c0982429e8f2435250697ae760956e7d0,4f53cda18c2baa0c0354bb5f9a3ecbe5ed12ab4d8e11ba873c2f11161202b945,bf92e9a12cffcfb9421a5fbb1836efc2fec3e8ec1ac2ddfd0fc596644e827c0b,66c3576a842c3ae8b5f774c7a7454aab3e7d3ef50dff62a348b59ad29a64821e,,,,,0,LOADED_VM,,NOT_STARTED,NOT_STARTED,NOT_STARTED,SVG_OPTIONAL,SVG_OPTIONAL,,,NONE,NO_PROBLEM_VISUAL,N/A,NONE,NOT_STARTED,,,,NOT_STARTED,NOT_STARTED,NOT_STARTED,NOT_TESTED,PASS,canonical_and_compiled_master_match,INVENTORY_PENDING,01_scope_inventory.csv#archive/exams/original/high/h1/2mid/24_금당고_2학기_중간_고1_기출.js|24_금당고_2학기_중간_고1_기출|19,,INDEX_RECORD_PRESENT,original/high/h1/2mid/24_금당고_2학기_중간_고1_기출.js_19,d180b2755ba1dcaef165b5c350b9a0c4b027669f6d56f0a2c7746b03b185d1e1,true,$4$,IN_SCOPE_FORWARD,,,CLOSED_NO_SHARED_ASSET
archive/exams/original/high/h1/2mid/24_제일고_2학기_중간_고1_기출.js|24_제일고_2학기_중간_고1_기출|5,archive/exams/original/high/h1/2mid/24_제일고_2학기_중간_고1_기출.js,24_제일고_2학기_중간_고1_기출,5,5,5,2015,수학(상),H15-SA-08,여러 가지 부등식,8,H15-SA-08-INEQUALITY_BASIC,부등식의 풀이,category_or_cue_inferred,complete_category,객관식,grid,false,객관식|연립이차부등식|정수해의 합,716352ae1c1430dffa78f1622c3e51af08b5399562acbeab96ab591cb062fae1,ff782081a4cc25de5ebd8fdb3b10e93e0a2a8b181fb4cabb15c6d4c8f83c7224,dfde05a3668030e99ca64d8d4ae5f6b64c7a87cee61c0ba43904b92ef210191d,4f70d360886c3e0334eafd716c799acb3baf6a0ec590174884a0a9143a4951fa,,,,,0,LOADED_VM,,NOT_STARTED,NOT_STARTED,NOT_STARTED,SVG_OPTIONAL,SVG_OPTIONAL,,,NONE,NO_PROBLEM_VISUAL,N/A,NONE,NOT_STARTED,,,,NOT_STARTED,NOT_STARTED,NOT_STARTED,NOT_TESTED,PASS,canonical_and_compiled_master_match,INVENTORY_PENDING,01_scope_inventory.csv#archive/exams/original/high/h1/2mid/24_제일고_2학기_중간_고1_기출.js|24_제일고_2학기_중간_고1_기출|5,,INDEX_RECORD_PRESENT,original/high/h1/2mid/24_제일고_2학기_중간_고1_기출.js_5,3d46c115477da4949e97facf2ca658779d3fd5a4dcdbd0fa9faa0d4a1e64344e,true,②,IN_SCOPE_FORWARD,,,CLOSED_NO_SHARED_ASSET
archive/exams/original/high/h1/2mid/24_제일고_2학기_중간_고1_기출.js|24_제일고_2학기_중간_고1_기출|6,archive/exams/original/high/h1/2mid/24_제일고_2학기_중간_고1_기출.js,24_제일고_2학기_중간_고1_기출,6,6,6,2015,수학(상),H15-SA-08,여러 가지 부등식,8,H15-SA-08-INEQUALITY_BASIC,부등식의 풀이,category_or_cue_inferred,complete_category,객관식,grid,false,객관식|절댓값부등식|정수해,750a1d6a236af7b60c06dd0cac65717b8f44955d4deb1c573e5a9004682fef9c,ff782081a4cc25de5ebd8fdb3b10e93e0a2a8b181fb4cabb15c6d4c8f83c7224,0bdef091c479702584f065d3a3714f8a76f851b3f0cf10912f345a5dd930b0a8,1b2642d782807a653e645cacc2909b16dda9866be0022fcb7117d159c00fb579,,,,,0,LOADED_VM,,NOT_STARTED,NOT_STARTED,NOT_STARTED,SVG_OPTIONAL,SVG_OPTIONAL,,,NONE,NO_PROBLEM_VISUAL,N/A,NONE,NOT_STARTED,,,,NOT_STARTED,NOT_STARTED,NOT_STARTED,NOT_TESTED,PASS,canonical_and_compiled_master_match,INVENTORY_PENDING,01_scope_inventory.csv#archive/exams/original/high/h1/2mid/24_제일고_2학기_중간_고1_기출.js|24_제일고_2학기_중간_고1_기출|6,,INDEX_RECORD_PRESENT,original/high/h1/2mid/24_제일고_2학기_중간_고1_기출.js_6,3d46c115477da4949e97facf2ca658779d3fd5a4dcdbd0fa9faa0d4a1e64344e,true,⑤,IN_SCOPE_FORWARD,,,CLOSED_NO_SHARED_ASSET
archive/exams/original/high/h1/2mid/24_제일고_2학기_중간_고1_기출.js|24_제일고_2학기_중간_고1_기출|8,archive/exams/original/high/h1/2mid/24_제일고_2학기_중간_고1_기출.js,24_제일고_2학기_중간_고1_기출,8,8,8,2015,수학(상),H15-SA-08,여러 가지 부등식,8,H15-SA-08-QUADRATIC_INEQUALITY,이차부등식,category_or_cue_inferred,complete_category,객관식,grid,false,객관식|이차부등식|해집합의 포함관계|매개변수,119bc8c2999611a6b960f04c3468ea2789aed0c21b11633d20169be00cf29967,ff782081a4cc25de5ebd8fdb3b10e93e0a2a8b181fb4cabb15c6d4c8f83c7224,b15be6cb71072b84f7e1e198ce023fc5bb8b1e625335904ddcf3cffcd8b7312b,b13aa0d028d082a555f2e6ebcb04c72de8c50aa9784513d0b5af500e467f5239,,,,,0,LOADED_VM,,NOT_STARTED,NOT_STARTED,NOT_STARTED,SVG_REQUIRED_MISSING,SVG_REQUIRED_MISSING,SET_OR_LOGIC_STRUCTURE,,VISUAL_CANDIDATE,NO_PROBLEM_VISUAL,SCHEMATIC_OR_REVIEW,NONE,NOT_STARTED,,,,NOT_STARTED,NOT_STARTED,NOT_STARTED,NOT_TESTED,PASS,canonical_and_compiled_master_match,INVENTORY_PENDING,01_scope_inventory.csv#archive/exams/original/high/h1/2mid/24_제일고_2학기_중간_고1_기출.js|24_제일고_2학기_중간_고1_기출|8,,INDEX_RECORD_PRESENT,original/high/h1/2mid/24_제일고_2학기_중간_고1_기출.js_8,3d46c115477da4949e97facf2ca658779d3fd5a4dcdbd0fa9faa0d4a1e64344e,true,③,IN_SCOPE_FORWARD,,,CLOSED_NO_SHARED_ASSET
archive/exams/original/high/h1/2mid/24_제일고_2학기_중간_고1_기출.js|24_제일고_2학기_중간_고1_기출|20,archive/exams/original/high/h1/2mid/24_제일고_2학기_중간_고1_기출.js,24_제일고_2학기_중간_고1_기출,20,20,20,2015,수학(상),H15-SA-08,여러 가지 부등식,8,H15-SA-08-QUADRATIC_INEQUALITY,이차부등식,category_or_cue_inferred,complete_category,서술형,grid,false,서술형|이차부등식|가우스기호|구간 분할,e7be044ec460368721e4e41552809a74804f11795d6e45733ad4c91c2cdcece7,4f53cda18c2baa0c0354bb5f9a3ecbe5ed12ab4d8e11ba873c2f11161202b945,5bcfc9298fd76e94e0523acb7e8d309283926122d8cf426406713e6e5bdee664,ffca719db3eebdd3bd7230ea2e44f307caeb651a31c78489c6dc38d9d4dfa240,,,,,0,LOADED_VM,,NOT_STARTED,NOT_STARTED,NOT_STARTED,SVG_OPTIONAL,SVG_OPTIONAL,,,NONE,NO_PROBLEM_VISUAL,N/A,NONE,NOT_STARTED,,,,NOT_STARTED,NOT_STARTED,NOT_STARTED,NOT_TESTED,PASS,canonical_and_compiled_master_match,INVENTORY_PENDING,01_scope_inventory.csv#archive/exams/original/high/h1/2mid/24_제일고_2학기_중간_고1_기출.js|24_제일고_2학기_중간_고1_기출|20,,INDEX_RECORD_PRESENT,original/high/h1/2mid/24_제일고_2학기_중간_고1_기출.js_20,3d46c115477da4949e97facf2ca658779d3fd5a4dcdbd0fa9faa0d4a1e64344e,true,$-1\le x\le\sqrt3$ 또는 $x=2$,IN_SCOPE_FORWARD,,,CLOSED_NO_SHARED_ASSET
