assetPath,assetSha256,byteCount,staticXmlStatus,viewBox,preserveAspectRatio,primitiveCounts,forbiddenNodes,externalRefs,labelCount,observedFactHash
archive/assets/images/21_강남여고_2학기_기말_고1_기출/q01-solution.svg,2fc9b11e718042fd07f5f239cef523ce66ad7d9030a5059a3ab72bd4ad0ae1cf,2267,STATIC_ROOT_SHAPE_PASS,0 0 760 360,,"{""svg"":1,""circle"":0,""ellipse"":2,""line"":0,""polyline"":0,""polygon"":0,""path"":2,""rect"":4,""text"":11,""g"":0,""defs"":0,""use"":0,""image"":0,""foreignObject"":0,""script"":0}",,,11,8723667592281831c2b678e17d7fe556035efea5eed0a6f4e6a2d910ded1b41f
archive/assets/images/21_강남여고_2학기_기말_고1_기출/q03-solution.svg,f83cdd0e8d0fa75698a47e8a6b7b497c3080fc855d881ec6b09f5589ee5d03a0,14321,STATIC_ROOT_SHAPE_PASS,0 0 540 540,,"{""svg"":1,""circle"":1,""ellipse"":0,""line"":4,""polyline"":2,""polygon"":0,""path"":0,""rect"":0,""text"":3,""g"":0,""defs"":0,""use"":0,""image"":0,""foreignObject"":0,""script"":0}",,,3,7bd55c0f71922d66246afbc1f12880f2385d537723b56cb0ff733d821e215c14
archive/assets/images/21_강남여고_2학기_기말_고1_기출/q12-solution.svg,6488265104fcca7607e509e9503142bea501cde2419d26a671b9cfd0998e85d3,28196,STATIC_ROOT_SHAPE_PASS,0 0 620 520,,"{""svg"":1,""circle"":2,""ellipse"":0,""line"":10,""polyline"":4,""polygon"":0,""path"":0,""rect"":0,""text"":9,""g"":0,""defs"":0,""use"":0,""image"":0,""foreignObject"":0,""script"":0}",,,9,e295a97e4c5e38630858a4f774072034888f0e025752913f01451aca1d7dd25a
archive/assets/images/21_강남여고_2학기_기말_고1_기출/q13-solution.svg,cf7d4a353a10eb1fb5556d1aa6d3b30c4783bb4f90263c1c340692644afae2e4,5832,STATIC_ROOT_SHAPE_PASS,0 0 620 500,,"{""svg"":1,""circle"":2,""ellipse"":0,""line"":2,""polyline"":1,""polygon"":0,""path"":0,""rect"":0,""text"":4,""g"":0,""defs"":0,""use"":0,""image"":0,""foreignObject"":0,""script"":0}",,,4,e78bc20d36acd98b85a1c444dd73b2439e3bf9c8e1102c1dd80fac4486fd398c
archive/assets/images/21_강남여고_2학기_기말_고1_기출/q14-solution.svg,bd017230b31cce748bf193156877754a47cc34a33f0648933204b62e043446fb,14541,STATIC_ROOT_SHAPE_PASS,0 0 620 520,,"{""svg"":1,""circle"":1,""ellipse"":0,""line"":4,""polyline"":2,""polygon"":0,""path"":0,""rect"":0,""text"":3,""g"":0,""defs"":0,""use"":0,""image"":0,""foreignObject"":0,""script"":0}",,,3,e5dac42b9ad05f30db845b172634622b9c5e9e3db3333e096795c39c8341d076
archive/assets/images/21_강남여고_2학기_기말_고1_기출/q16-solution.svg,5b81641b397d9bc77c4eeab8cde1011d547d67aad7abac68595123837988c00f,14506,STATIC_ROOT_SHAPE_PASS,0 0 620 520,,"{""svg"":1,""circle"":1,""ellipse"":0,""line"":4,""polyline"":2,""polygon"":0,""path"":0,""rect"":0,""text"":3,""g"":0,""defs"":0,""use"":0,""image"":0,""foreignObject"":0,""script"":0}",,,3,d7ef9e9085cf628cace2254d43402cecebc1fdaf21dcdfcd8f5c02cc282f8e3d
archive/assets/images/21_강남여고_2학기_기말_고1_기출/q17-solution.svg,cf53636e3c7915f2aafe2c9c9e42584851856f5e503285fcd3a2179204b1e94d,14661,STATIC_ROOT_SHAPE_PASS,0 0 620 460,,"{""svg"":1,""circle"":2,""ellipse"":0,""line"":4,""polyline"":2,""polygon"":0,""path"":0,""rect"":0,""text"":5,""g"":0,""defs"":0,""use"":0,""image"":0,""foreignObject"":0,""script"":0}",,,5,d6dfe16eff3542a317aee6c6f54931483f44ba3bdf36bd2390da308659af33d9
archive/assets/images/21_강남여고_2학기_기말_고1_기출/q22-solution.svg,d52847945df6d5019b01ce4bff6c6be394caa5a90f98f40d71b8799a230fae3a,10389,STATIC_ROOT_SHAPE_PASS,0 0 620 500,,"{""svg"":1,""circle"":2,""ellipse"":0,""line"":4,""polyline"":2,""polygon"":0,""path"":0,""rect"":0,""text"":4,""g"":0,""defs"":0,""use"":0,""image"":0,""foreignObject"":0,""script"":0}",,,4,187fdfa1ac1f5a55af7873054a62a360fcf3dd615e2575c3e94b0d2e0e4d7e2a
archive/assets/images/21_강남여고_2학기_기말_고1_기출/q23-solution.svg,769de7b0f9d21e37a4c23a095fa206941b47275a7730b636be638516c2719036,10942,STATIC_ROOT_SHAPE_PASS,0 0 540 540,,"{""svg"":1,""circle"":3,""ellipse"":0,""line"":6,""polyline"":2,""polygon"":0,""path"":0,""rect"":0,""text"":10,""g"":0,""defs"":0,""use"":0,""image"":0,""foreignObject"":0,""script"":0}",,,10,b54166a0ebc815fd5bc947667652ef9a9f7c2de45d6350753d9633dbab96aad4
archive/assets/images/21_강남여고_2학기_기말_고1_기출/q27-solution.svg,2feea57661c5dd0bfe28729e8159a99a418059b09d75e6471755ffeb85cb160e,5872,STATIC_ROOT_SHAPE_PASS,0 0 620 500,,"{""svg"":1,""circle"":2,""ellipse"":0,""line"":2,""polyline"":1,""polygon"":0,""path"":0,""rect"":0,""text"":4,""g"":0,""defs"":0,""use"":0,""image"":0,""foreignObject"":0,""script"":0}",,,4,af37c9de37067ed6db4a4f4a59d3bf00fa1bc11966cf1963899cb13229424eef
archive/assets/images/21_강남여고_2학기_기말_고1_기출/q28-solution.svg,736e19eaf0595425c136933b456ae18f5b36e6a8a07b491cf997882a9476c45c,8361,STATIC_ROOT_SHAPE_PASS,0 0 620 500,,"{""svg"":1,""circle"":3,""ellipse"":0,""line"":4,""polyline"":1,""polygon"":0,""path"":0,""rect"":0,""text"":5,""g"":0,""defs"":0,""use"":0,""image"":0,""foreignObject"":0,""script"":0}",,,5,2c128ed2e561ee3bc29f90b8a1806871a4f066ff5ce0cd31c14084e74374abf7
archive/assets/images/21_강남여고_2학기_기말_고1_기출/q29-solution.svg,3ca33169a9c6f6ad1de223397b1d9fa96b40d272fd618812cde76e1236bae114,14710,STATIC_ROOT_SHAPE_PASS,0 0 620 460,,"{""svg"":1,""circle"":3,""ellipse"":0,""line"":2,""polyline"":3,""polygon"":0,""path"":0,""rect"":0,""text"":6,""g"":0,""defs"":0,""use"":0,""image"":0,""foreignObject"":0,""script"":0}",,,6,dc4465456681e1ef0ef34f0dcdf7c8867976e95a66bd88bf153d62653d722a7d
archive/assets/images/21_강남여고_2학기_중간_고1_기출/q01-solution.svg,82cf0a9d627ca99605d188b26788b0046a5f835213d02897928e51579c110eee,1469,STATIC_ROOT_SHAPE_PASS,0 0 720 300,,"{""svg"":1,""circle"":0,""ellipse"":0,""line"":0,""polyline"":0,""polygon"":0,""path"":0,""rect"":4,""text"":7,""g"":0,""defs"":0,""use"":0,""image"":0,""foreignObject"":0,""script"":0}",,,7,43746c86c0aaa66c71eb72a38f5662671d55382b8177c900948f66fba707887a
archive/assets/images/21_강남여고_2학기_중간_고1_기출/q02-solution.svg,b97e099c29e0f1c943d89e6596b954d257f39ad97fcdaab912b1cb73715a2693,1438,STATIC_ROOT_SHAPE_PASS,0 0 720 300,,"{""svg"":1,""circle"":2,""ellipse"":0,""line"":0,""polyline"":0,""polygon"":0,""path"":0,""rect"":2,""text"":7,""g"":0,""defs"":0,""use"":0,""image"":0,""foreignObject"":0,""script"":0}",,,7,54c489da8336dc62f6524dd4f7a51caf7009258f70f2938177f742868ebf1687
archive/assets/images/21_강남여고_2학기_중간_고1_기출/q05-solution.svg,5e84023c46694693cc7fde4a5fac2ba9458af511643771740cc1c2d99752e2f7,1469,STATIC_ROOT_SHAPE_PASS,0 0 720 300,,"{""svg"":1,""circle"":0,""ellipse"":0,""line"":0,""polyline"":0,""polygon"":0,""path"":0,""rect"":4,""text"":7,""g"":0,""defs"":0,""use"":0,""image"":0,""foreignObject"":0,""script"":0}",,,7,9daf58c1b449a50d398162792339fa3e963e1be9f08235b74b2b09271c356b65
archive/assets/images/21_강남여고_2학기_중간_고1_기출/q09-solution.svg,fe1f97beb22677616e4e574ac1174328fb326bcbc31aa0a8f2bb4ac563e6c043,1933,STATIC_ROOT_SHAPE_PASS,0 0 720 300,,"{""svg"":1,""circle"":4,""ellipse"":0,""line"":4,""polyline"":0,""polygon"":0,""path"":0,""rect"":2,""text"":8,""g"":0,""defs"":0,""use"":0,""image"":0,""foreignObject"":0,""script"":0}",,,8,5c77268fba758d37caac57cf15fb066a978d5fe73c1da3939f9cd97c4dd458be
archive/assets/images/21_강남여고_2학기_중간_고1_기출/q10-solution.svg,4219936fe20fa014ec8cfe554ee38dc9ce4beb2de30b92bc4102e202aba7b8f4,1578,STATIC_ROOT_SHAPE_PASS,0 0 720 300,,"{""svg"":1,""circle"":2,""ellipse"":0,""line"":0,""polyline"":0,""polygon"":0,""path"":0,""rect"":2,""text"":8,""g"":0,""defs"":0,""use"":0,""image"":0,""foreignObject"":0,""script"":0}",,,8,1a249fbef4781aec35f0f846f0b9ec594a316777cd761ea9fd2696980356e651
archive/assets/images/21_강남여고_2학기_중간_고1_기출/q13-solution.svg,afb98d1fde5473c1df7c8e362aaa3c8080762e8cc3a39e8be271d088f6ad8cae,1640,STATIC_ROOT_SHAPE_PASS,0 0 720 300,,"{""svg"":1,""circle"":0,""ellipse"":0,""line"":0,""polyline"":0,""polygon"":0,""path"":2,""rect"":5,""text"":6,""g"":0,""defs"":0,""use"":0,""image"":0,""foreignObject"":0,""script"":0}",,,6,e02d24d3729ebbfe93c1445446a7a6741650eac101d5600bb895911b9440cd90
archive/assets/images/21_강남여고_2학기_중간_고1_기출/q14-solution.svg,1f6aae3c8c0a86ab377758366380b23f73efaf1512d268bc8cd3578167c69321,1361,STATIC_ROOT_SHAPE_PASS,0 0 720 300,,"{""svg"":1,""circle"":0,""ellipse"":2,""line"":0,""polyline"":0,""polygon"":0,""path"":0,""rect"":2,""text"":6,""g"":0,""defs"":0,""use"":0,""image"":0,""foreignObject"":0,""script"":0}",,,6,bfb7b88619206647c07323898849b84fca7994ad5cf1dfdeef1acdeb788bbfee
archive/assets/images/21_강남여고_2학기_중간_고1_기출/q17-solution.svg,51683953c0c71c580c1f20fe87136887941b741992977a34f527c4ef4306e504,2125,STATIC_ROOT_SHAPE_PASS,0 0 720 300,,"{""svg"":1,""circle"":6,""ellipse"":0,""line"":0,""polyline"":0,""polygon"":0,""path"":0,""rect"":6,""text"":8,""g"":0,""defs"":1,""use"":0,""image"":0,""foreignObject"":0,""script"":0}",,,8,2c17cafc2fc939e2c26eb1e2dbfb420341e1c5abc7499b67878c4b4835727b15
archive/assets/images/21_강남여고_2학기_중간_고1_기출/q23-solution.svg,79664ae35a0f34563ef1860bee8d5498a21218e81280eaf7614ca7f8a8c191f2,1438,STATIC_ROOT_SHAPE_PASS,0 0 720 300,,"{""svg"":1,""circle"":0,""ellipse"":0,""line"":0,""polyline"":0,""polygon"":0,""path"":0,""rect"":5,""text"":6,""g"":0,""defs"":0,""use"":0,""image"":0,""foreignObject"":0,""script"":0}",,,6,aac26766f7b86e4c1c6a8625922184f39a9b9d694a16ff6a2533b7f46c74c6a2
archive/assets/images/21_금당고_2학기_기말_고1_기출/q04-solution.svg,5d09248f5aa79b921efebe904714110918eafa08366d1e7996bbd580830dafc9,5612,STATIC_ROOT_SHAPE_PASS,0 0 540 540,,"{""svg"":1,""circle"":1,""ellipse"":0,""line"":2,""polyline"":1,""polygon"":0,""path"":0,""rect"":0,""text"":3,""g"":0,""defs"":0,""use"":0,""image"":0,""foreignObject"":0,""script"":0}",,,3,7f89d85a2823563aa3777b2ba22987c7ef75023fdad96c203f49459085096faf
archive/assets/images/21_금당고_2학기_기말_고1_기출/q08-solution.svg,aa098268d92d5b64174b1f03fc60e1cb89dfe81ef6e07fd40c61085ad5615f07,10080,STATIC_ROOT_SHAPE_PASS,0 0 540 540,,"{""svg"":1,""circle"":1,""ellipse"":0,""line"":2,""polyline"":2,""polygon"":0,""path"":0,""rect"":0,""text"":3,""g"":0,""defs"":0,""use"":0,""image"":0,""foreignObject"":0,""script"":0}",,,3,6d2b574e3c6e0df4946a8e7321c0215202ebf4852d72ceda90c19c4212807e46
archive/assets/images/21_금당고_2학기_기말_고1_기출/q22-solution.svg,94e3c7f108bed9ce9d9cebe3d68cd803121801a10187460e141cf107d605e4f7,14945,STATIC_ROOT_SHAPE_PASS,0 0 620 520,,"{""svg"":1,""circle"":3,""ellipse"":0,""line"":6,""polyline"":2,""polygon"":0,""path"":0,""rect"":0,""text"":7,""g"":0,""defs"":0,""use"":0,""image"":0,""foreignObject"":0,""script"":0}",,,7,d7fbbc6aa36fa00f3b4fa9f086cd37f7291f7c90a423aa3a2a4658b2a5b73ce5
archive/assets/images/21_금당고_2학기_중간_고1_기출/q01-solution.svg,82cf0a9d627ca99605d188b26788b0046a5f835213d02897928e51579c110eee,1469,STATIC_ROOT_SHAPE_PASS,0 0 720 300,,"{""svg"":1,""circle"":0,""ellipse"":0,""line"":0,""polyline"":0,""polygon"":0,""path"":0,""rect"":4,""text"":7,""g"":0,""defs"":0,""use"":0,""image"":0,""foreignObject"":0,""script"":0}",,,7,43746c86c0aaa66c71eb72a38f5662671d55382b8177c900948f66fba707887a
archive/assets/images/21_금당고_2학기_중간_고1_기출/q02-solution.svg,3ca3bdcb5bc5699eb35b42cc873f52850ec97d85b49d186a4886384d69d9814f,1576,STATIC_ROOT_SHAPE_PASS,0 0 720 300,,"{""svg"":1,""circle"":2,""ellipse"":0,""line"":0,""polyline"":0,""polygon"":0,""path"":0,""rect"":2,""text"":8,""g"":0,""defs"":0,""use"":0,""image"":0,""foreignObject"":0,""script"":0}",,,8,5e7a5c32cc0f17b734c696abebb64168e68422f6bce11504311785301f278c9f
archive/assets/images/21_금당고_2학기_중간_고1_기출/q03-solution.svg,207fa64d0f271f859e56d45aeea9b5be76762f9a354d0b2a212335e5dec975ce,1488,STATIC_ROOT_SHAPE_PASS,0 0 720 300,,"{""svg"":1,""circle"":0,""ellipse"":3,""line"":0,""polyline"":0,""polygon"":0,""path"":0,""rect"":2,""text"":6,""g"":0,""defs"":0,""use"":0,""image"":0,""foreignObject"":0,""script"":0}",,,6,724aa42694b2ad222ea4ecd948a868398971a1575f813acadf75ac890d1df787
archive/assets/images/21_금당고_2학기_중간_고1_기출/q10-solution.svg,cf2051ac6eb63155a8040b1a0faf5f6ed0318f917b3dfec6ad1b6a13867e9133,2072,STATIC_ROOT_SHAPE_PASS,0 0 720 300,,"{""svg"":1,""circle"":0,""ellipse"":0,""line"":1,""polyline"":0,""polygon"":0,""path"":0,""rect"":2,""text"":14,""g"":0,""defs"":0,""use"":0,""image"":0,""foreignObject"":0,""script"":0}",,,14,4ec3f53f28ea9e8779d1d5fcb2f1415d616b1bd96abe4c882bfaa8a34d07e8fa
archive/assets/images/21_금당고_2학기_중간_고1_기출/q11-solution.svg,423bc79fc2d6b5483f7df759b82d8400d910496ecd86e77a50b15d63438e3fa0,1578,STATIC_ROOT_SHAPE_PASS,0 0 720 300,,"{""svg"":1,""circle"":2,""ellipse"":0,""line"":0,""polyline"":0,""polygon"":0,""path"":0,""rect"":2,""text"":8,""g"":0,""defs"":0,""use"":0,""image"":0,""foreignObject"":0,""script"":0}",,,8,57923381e4aeb0469fee38da14fa93c8ca74a0b1373782e44c2ff028711f4921
archive/assets/images/21_금당고_2학기_중간_고1_기출/q15-solution.svg,233b3ed3e41f3c1a921791966398eb926b64673b1fc41f059bf32c35d8250086,2071,STATIC_ROOT_SHAPE_PASS,0 0 720 300,,"{""svg"":1,""circle"":6,""ellipse"":0,""line"":6,""polyline"":0,""polygon"":0,""path"":0,""rect"":2,""text"":6,""g"":0,""defs"":0,""use"":0,""image"":0,""foreignObject"":0,""script"":0}",,,6,c2aff2a1060f8151ed735dbedc942485f895b15eb0161e64c3381b8f703bbd9e
archive/assets/images/21_매산고_2학기_중간_고1_기출/q01-solution.svg,82cf0a9d627ca99605d188b26788b0046a5f835213d02897928e51579c110eee,1469,STATIC_ROOT_SHAPE_PASS,0 0 720 300,,"{""svg"":1,""circle"":0,""ellipse"":0,""line"":0,""polyline"":0,""polygon"":0,""path"":0,""rect"":4,""text"":7,""g"":0,""defs"":0,""use"":0,""image"":0,""foreignObject"":0,""script"":0}",,,7,43746c86c0aaa66c71eb72a38f5662671d55382b8177c900948f66fba707887a
archive/assets/images/21_매산고_2학기_중간_고1_기출/q02-solution.svg,53f85ab8d6ac2c6198b6a0f3c4a811eb082959df697c406092ccdefc0da4f929,1420,STATIC_ROOT_SHAPE_PASS,0 0 720 300,,"{""svg"":1,""circle"":2,""ellipse"":0,""line"":0,""polyline"":0,""polygon"":0,""path"":0,""rect"":2,""text"":7,""g"":0,""defs"":0,""use"":0,""image"":0,""foreignObject"":0,""script"":0}",,,7,7c33fcb518463d079491449ec2896767f60c29e5f0a4d2d1f33a7f4a0db5a4f4
archive/assets/images/21_매산고_2학기_중간_고1_기출/q08-solution.svg,50461acd9b1d367bae599ba209f9215654642bda7a7dd926f77e1cfdafeb5cd5,1576,STATIC_ROOT_SHAPE_PASS,0 0 720 300,,"{""svg"":1,""circle"":2,""ellipse"":0,""line"":0,""polyline"":0,""polygon"":0,""path"":0,""rect"":2,""text"":8,""g"":0,""defs"":0,""use"":0,""image"":0,""foreignObject"":0,""script"":0}",,,8,757ddbe912ccea1b10ac5ee40c0048f216987ad551d1590b8de3596e10cc27c2
archive/assets/images/21_매산고_2학기_중간_고1_기출/q14-solution.svg,1babc486b7ca40b9f91ecac4affeec21ec6eceaae99a815014d64336fea115ff,2387,STATIC_ROOT_SHAPE_PASS,0 0 720 300,,"{""svg"":1,""circle"":0,""ellipse"":0,""line"":0,""polyline"":0,""polygon"":0,""path"":0,""rect"":4,""text"":14,""g"":0,""defs"":0,""use"":0,""image"":0,""foreignObject"":0,""script"":0}",,,14,401a466c2e71f82a6ae357f7232064795d3aea989e605606b90b5a73648ac5d6
archive/assets/images/21_매산고_2학기_중간_고1_기출/q16-solution.svg,7c93307c280b7816b88d79fa54154c46fd5d9c370737f2e8afc09fd1af878b03,1438,STATIC_ROOT_SHAPE_PASS,0 0 720 300,,"{""svg"":1,""circle"":0,""ellipse"":0,""line"":0,""polyline"":0,""polygon"":0,""path"":0,""rect"":5,""text"":6,""g"":0,""defs"":0,""use"":0,""image"":0,""foreignObject"":0,""script"":0}",,,6,72dd70a5d1ac2c2f27b9f7d5835681db7ca3ce24a7d7d1e592347c1e29b61b93
archive/assets/images/21_복성고_2학기_기말_고1_기출/q03-solution.svg,188ec47378831627e403351f2d4877c4a24e87a9a4f4c7221763d0af7f77dc7c,14498,STATIC_ROOT_SHAPE_PASS,0 0 540 540,,"{""svg"":1,""circle"":1,""ellipse"":0,""line"":4,""polyline"":2,""polygon"":0,""path"":0,""rect"":0,""text"":2,""g"":0,""defs"":0,""use"":0,""image"":0,""foreignObject"":0,""script"":0}",,,2,6ffd4f6587122fa2a624a308ee7d0b124aedc918b531f95982752768485445c6
archive/assets/images/21_복성고_2학기_기말_고1_기출/q04-solution.svg,771e9bdc13f3215b7b8f984762a12f0270d36dd7b994870cee24201ddf41214d,5859,STATIC_ROOT_SHAPE_PASS,0 0 540 540,,"{""svg"":1,""circle"":2,""ellipse"":0,""line"":2,""polyline"":1,""polygon"":0,""path"":0,""rect"":0,""text"":4,""g"":0,""defs"":0,""use"":0,""image"":0,""foreignObject"":0,""script"":0}",,,4,523c1d2daa4a7afa15157c1d895cb1f345281acd62856809cb1dc3d337b77b0d
archive/assets/images/21_복성고_2학기_기말_고1_기출/q10-solution.svg,71a8e88bba3a8f0c1cd96841b4a9672aa8db362c2e5ad5bf3de2661a58b103f6,14761,STATIC_ROOT_SHAPE_PASS,0 0 620 500,,"{""svg"":1,""circle"":2,""ellipse"":0,""line"":4,""polyline"":2,""polygon"":0,""path"":0,""rect"":0,""text"":4,""g"":0,""defs"":0,""use"":0,""image"":0,""foreignObject"":0,""script"":0}",,,4,e93065b97418ff23dda850cff8d155d6ece09a2b5e34ca8a81ee1a52e3973810
archive/assets/images/21_복성고_2학기_기말_고1_기출/q11-solution.svg,2f6b4fdb75547775cd8e04326c85bf49a042c65f2a9869d2a88674a112bd2b44,6060,STATIC_ROOT_SHAPE_PASS,0 0 620 500,,"{""svg"":1,""circle"":2,""ellipse"":0,""line"":3,""polyline"":1,""polygon"":0,""path"":0,""rect"":0,""text"":5,""g"":0,""defs"":0,""use"":0,""image"":0,""foreignObject"":0,""script"":0}",,,5,51110b8302ad9aa2504e02255f68033526700b8b009b89a5ff1b7ce742f8dd58
archive/assets/images/21_복성고_2학기_기말_고1_기출/q12-solution.svg,721fd185b7d8507748197a2c364bfe7713458ed4e10946bbdd31e0116f095cd3,10024,STATIC_ROOT_SHAPE_PASS,0 0 540 540,,"{""svg"":1,""circle"":1,""ellipse"":0,""line"":1,""polyline"":2,""polygon"":0,""path"":0,""rect"":0,""text"":3,""g"":0,""defs"":0,""use"":0,""image"":0,""foreignObject"":0,""script"":0}",,,3,0e86e82333bb46fd6b2ca20623baa8b6378991728c39dde45fae62fb2a522e98
archive/assets/images/21_복성고_2학기_기말_고1_기출/q22-solution.svg,4ffd9948a460cec54beb4468afb28a7e6f299914a5bf2d56f401d59beea1dddb,10695,STATIC_ROOT_SHAPE_PASS,0 0 620 520,,"{""svg"":1,""circle"":3,""ellipse"":0,""line"":4,""polyline"":2,""polygon"":0,""path"":0,""rect"":0,""text"":7,""g"":0,""defs"":0,""use"":0,""image"":0,""foreignObject"":0,""script"":0}",,,7,1ae8efb0e11e6febe6ef6437fc05026e24d5d33b7ab2e2c5561d59866a4deeba
archive/assets/images/21_복성고_2학기_중간_고1_기출/q01-solution.svg,3ba9493f3f177491cc02be1224b1f4e9cb77defa824c9494947126d721e199c0,4454,STATIC_ROOT_SHAPE_PASS,0 0 720 360,xMidYMid meet,"{""svg"":1,""circle"":3,""ellipse"":0,""line"":15,""polyline"":0,""polygon"":0,""path"":0,""rect"":3,""text"":20,""g"":0,""defs"":0,""use"":0,""image"":0,""foreignObject"":0,""script"":0}",,,20,1c5823e4bd052b8dbe60bf159f083d35bf894bbd8e6bf79131a7bc5f8ccbe87b
archive/assets/images/21_복성고_2학기_중간_고1_기출/q02-solution.svg,fd5c52380f608d530b426562733fa5323a56d06adc6e9c43868dd47a11c6bf9c,1818,STATIC_ROOT_SHAPE_PASS,0 0 640 280,,"{""svg"":1,""circle"":3,""ellipse"":0,""line"":6,""polyline"":0,""polygon"":0,""path"":0,""rect"":3,""text"":11,""g"":3,""defs"":0,""use"":0,""image"":0,""foreignObject"":0,""script"":0}",,,11,c57c5d84dbec9722335258b6f3cee94c6bd87ab5802d6902051f589de52cd107
archive/assets/images/21_복성고_2학기_중간_고1_기출/q03-solution.svg,2e0be2b719b9b490837c2fb643c1df5caee5e5d661adb2b42650d5209f8dd9b8,5356,STATIC_ROOT_SHAPE_PASS,0 0 940 480,xMidYMid meet,"{""svg"":1,""circle"":4,""ellipse"":0,""line"":29,""polyline"":0,""polygon"":0,""path"":1,""rect"":3,""text"":12,""g"":2,""defs"":1,""use"":0,""image"":0,""foreignObject"":0,""script"":0}",,,12,406cfb51d7ad9c1665ce14f553c7ce9064f0b60af6ec2b163e0f9699061e3005
archive/assets/images/21_복성고_2학기_중간_고1_기출/q04-solution.svg,18260f774be129efaa51e009b6deeb3225a019b84ac1d81a3718fcff9595c23a,4417,STATIC_ROOT_SHAPE_PASS,0 0 940 480,xMidYMid meet,"{""svg"":1,""circle"":2,""ellipse"":0,""line"":23,""polyline"":0,""polygon"":0,""path"":1,""rect"":3,""text"":11,""g"":2,""defs"":1,""use"":0,""image"":0,""foreignObject"":0,""script"":0}",,,11,9745387472e4ed4a3fa3dc29dde9acf21c30da158955e9ea82a109dd2ed558f9
archive/assets/images/21_복성고_2학기_중간_고1_기출/q05-solution.svg,5e84023c46694693cc7fde4a5fac2ba9458af511643771740cc1c2d99752e2f7,1469,STATIC_ROOT_SHAPE_PASS,0 0 720 300,,"{""svg"":1,""circle"":0,""ellipse"":0,""line"":0,""polyline"":0,""polygon"":0,""path"":0,""rect"":4,""text"":7,""g"":0,""defs"":0,""use"":0,""image"":0,""foreignObject"":0,""script"":0}",,,7,9daf58c1b449a50d398162792339fa3e963e1be9f08235b74b2b09271c356b65
archive/assets/images/21_복성고_2학기_중간_고1_기출/q06-solution.svg,d96fc40b124c0d810253578173eb89ba547900221493c453646df9d426d91fa5,1576,STATIC_ROOT_SHAPE_PASS,0 0 720 300,,"{""svg"":1,""circle"":2,""ellipse"":0,""line"":0,""polyline"":0,""polygon"":0,""path"":0,""rect"":2,""text"":8,""g"":0,""defs"":0,""use"":0,""image"":0,""foreignObject"":0,""script"":0}",,,8,af79ec8c576a48dcd98f1acab257a7e5cb027eab84aa60a1426b20efab26daf5
archive/assets/images/21_복성고_2학기_중간_고1_기출/q09-solution.svg,73dc0fae0b4fb52c9ea325903e91ed51985801ee93300528418b9c1d15429808,1552,STATIC_ROOT_SHAPE_PASS,0 0 640 280,,"{""svg"":1,""circle"":2,""ellipse"":0,""line"":4,""polyline"":0,""polygon"":0,""path"":0,""rect"":3,""text"":11,""g"":3,""defs"":0,""use"":0,""image"":0,""foreignObject"":0,""script"":0}",,,11,6c3884cf9d76748f6a3c9afe4bc725362443b50a6dd375f38d6901a9eb91369e
archive/assets/images/21_복성고_2학기_중간_고1_기출/q10-solution.svg,ce20c821dc70b2d8a0910f0d78178d4bfd2c87beed0e86421abdda130dbcaf4b,4694,STATIC_ROOT_SHAPE_PASS,0 0 940 480,xMidYMid meet,"{""svg"":1,""circle"":1,""ellipse"":0,""line"":28,""polyline"":0,""polygon"":0,""path"":1,""rect"":3,""text"":10,""g"":1,""defs"":1,""use"":0,""image"":0,""foreignObject"":0,""script"":0}",,,10,581bb65ce506c2e470d5037caba6569d9efc8bd1a794b5c840ecf8d764f86d2f
archive/assets/images/21_복성고_2학기_중간_고1_기출/q11-solution.svg,5848443b395e549c764878e5277e1759c5f62f4f0241e4b87dbeadc0572ad4cd,6785,STATIC_ROOT_SHAPE_PASS,0 0 940 480,xMidYMid meet,"{""svg"":1,""circle"":6,""ellipse"":0,""line"":30,""polyline"":0,""polygon"":2,""path"":1,""rect"":3,""text"":15,""g"":6,""defs"":1,""use"":0,""image"":0,""foreignObject"":0,""script"":0}",,,15,62de7d96ce9e1801fc035cd150638d7f5d1f14dc6348b50e178c4dc48a857e66
archive/assets/images/21_복성고_2학기_중간_고1_기출/q12-solution.svg,7b5c6c3f40b98438ea2b01b255c586afde0c35a80ee8528885311ad82f3c7253,1728,STATIC_ROOT_SHAPE_PASS,0 0 720 300,,"{""svg"":1,""circle"":4,""ellipse"":0,""line"":4,""polyline"":0,""polygon"":0,""path"":0,""rect"":2,""text"":6,""g"":0,""defs"":0,""use"":0,""image"":0,""foreignObject"":0,""script"":0}",,,6,12e8995ec24c176083bd2bdc32b6d8011a5afd7c99b0d6ccd378e3bb2cb56576
archive/assets/images/21_복성고_2학기_중간_고1_기출/q13-solution.svg,181ec4e9b9792adc91d6516530e7162ba93130fdb752ff7d42a99526e3067faa,1464,STATIC_ROOT_SHAPE_PASS,0 0 720 300,,"{""svg"":1,""circle"":2,""ellipse"":0,""line"":0,""polyline"":0,""polygon"":0,""path"":0,""rect"":2,""text"":7,""g"":0,""defs"":0,""use"":0,""image"":0,""foreignObject"":0,""script"":0}",,,7,b552f75f01bb36d2da2bb8d7e30ab0e595186d3126acfb0c03615b5d4281b31e
archive/assets/images/21_복성고_2학기_중간_고1_기출/q16-solution.svg,86c5dde7fa75056c1a71108655ea6be443230ee02e7df923a42067c7a1b780f2,7149,STATIC_ROOT_SHAPE_PASS,0 0 720 360,xMidYMid meet,"{""svg"":1,""circle"":5,""ellipse"":0,""line"":28,""polyline"":0,""polygon"":1,""path"":0,""rect"":3,""text"":32,""g"":0,""defs"":0,""use"":0,""image"":0,""foreignObject"":0,""script"":0}",,,32,9936ee999cd3c96aa0d3e71f675c05d0cd8430666a39d00f524b9ada940ecf61
archive/assets/images/21_복성고_2학기_중간_고1_기출/q17-solution.svg,92682ec811164d44b406b7164e1f35ddfe34a7ef4bacc32b1b42dd4cef5a9958,6132,STATIC_ROOT_SHAPE_PASS,0 0 840 480,xMidYMid meet,"{""svg"":1,""circle"":2,""ellipse"":0,""line"":43,""polyline"":0,""polygon"":0,""path"":0,""rect"":3,""text"":9,""g"":2,""defs"":0,""use"":0,""image"":0,""foreignObject"":0,""script"":0}",,,9,c3e9cfe8c67b367f9d47d69731baec086eabaee7913a0123186e77a7a4a99794
archive/assets/images/21_복성고_2학기_중간_고1_기출/q18-solution.svg,fd582c81efe4097a7aa021b9c7020addfbfa8c5e36c0ca09a7885f94424d45cf,5174,STATIC_ROOT_SHAPE_PASS,0 0 940 480,xMidYMid meet,"{""svg"":1,""circle"":6,""ellipse"":0,""line"":18,""polyline"":0,""polygon"":2,""path"":1,""rect"":3,""text"":12,""g"":6,""defs"":1,""use"":0,""image"":0,""foreignObject"":0,""script"":0}",,,12,162153095577baa1d47b3d27cf43c7bec09355cdac384ad0613d1add0e15ed03
archive/assets/images/21_복성고_2학기_중간_고1_기출/q19-solution.svg,9bdbc4bd15a6598500c9bcdf4dbbba34ed5673ab211e101769b7fad2f78589eb,1542,STATIC_ROOT_SHAPE_PASS,0 0 720 300,,"{""svg"":1,""circle"":3,""ellipse"":0,""line"":0,""polyline"":0,""polygon"":0,""path"":0,""rect"":2,""text"":6,""g"":0,""defs"":0,""use"":0,""image"":0,""foreignObject"":0,""script"":0}",,,6,5f48c4c43da503b3696a243c7f198fbdf5bf79305c7488f62ece5b38ebba5342
archive/assets/images/21_복성고_2학기_중간_고1_기출/q22-solution.svg,2dea69c5057651c92bb2712b0820e85fef2e6fe1581be2ae0935ff9b7b21cdee,6172,STATIC_ROOT_SHAPE_PASS,0 0 940 480,xMidYMid meet,"{""svg"":1,""circle"":5,""ellipse"":0,""line"":33,""polyline"":0,""polygon"":0,""path"":1,""rect"":3,""text"":13,""g"":3,""defs"":1,""use"":0,""image"":0,""foreignObject"":0,""script"":0}",,,13,8060a3cc982b1bc08bc535d941b9db7a91dd6722e339dd2daf6cd5c885612f47
archive/assets/images/21_순천고_2학기_기말_고1_기출/q02-solution.svg,beb4dba9bcee6efebfe3766f87ac0db0594bb2931e23e8beed3310d6973063c4,14647,STATIC_ROOT_SHAPE_PASS,0 0 620 520,,"{""svg"":1,""circle"":2,""ellipse"":0,""line"":4,""polyline"":2,""polygon"":0,""path"":0,""rect"":0,""text"":4,""g"":0,""defs"":0,""use"":0,""image"":0,""foreignObject"":0,""script"":0}",,,4,9d15e695559b3c4bce1bb714de86db51e430f78d328c0ea5d5b361e0540565f6
archive/assets/images/21_순천고_2학기_기말_고1_기출/q08-solution.svg,3603e35f8f2ddfcf6fbd6683eaa85d0a3a985bd703bfde1aba1044b4f5f16ee6,10192,STATIC_ROOT_SHAPE_PASS,0 0 620 460,,"{""svg"":1,""circle"":2,""ellipse"":0,""line"":2,""polyline"":2,""polygon"":0,""path"":0,""rect"":0,""text"":4,""g"":0,""defs"":0,""use"":0,""image"":0,""foreignObject"":0,""script"":0}",,,4,ae827fa0035deba40ded63b85b74d26427cd69354036ec7104ba4aaed619f7d1
archive/assets/images/21_순천고_2학기_기말_고1_기출/q09-solution.svg,ad89d733acb07530bb0912100e1781254b9e19d93d78c4ca0d87a4b755d18ac4,10273,STATIC_ROOT_SHAPE_PASS,0 0 620 500,,"{""svg"":1,""circle"":3,""ellipse"":0,""line"":2,""polyline"":2,""polygon"":0,""path"":0,""rect"":0,""text"":5,""g"":0,""defs"":0,""use"":0,""image"":0,""foreignObject"":0,""script"":0}",,,5,ca476a5845ce39a169d630c4a97223b11a29b2b88b3aee07597bd125d72bfd6a
archive/assets/images/21_순천고_2학기_기말_고1_기출/q10-solution.svg,4cd31d990b6b7bf5f3a7a4bbe7e280e5c30ea712d2410dda94a9ea9b476a41cb,6032,STATIC_ROOT_SHAPE_PASS,0 0 620 500,,"{""svg"":1,""circle"":3,""ellipse"":0,""line"":2,""polyline"":1,""polygon"":0,""path"":0,""rect"":0,""text"":5,""g"":0,""defs"":0,""use"":0,""image"":0,""foreignObject"":0,""script"":0}",,,5,9ad7b2756809ed680d62ecaa371a474fb5ec80a2d26a2a24f9d3aa80d6a65e31
archive/assets/images/21_순천고_2학기_기말_고1_기출/q11-solution.svg,0fa3da7fc42d2725ad00ec432f46633784de7b1550a49be4cfed8ff1954b854b,10115,STATIC_ROOT_SHAPE_PASS,0 0 540 540,,"{""svg"":1,""circle"":2,""ellipse"":0,""line"":1,""polyline"":2,""polygon"":0,""path"":0,""rect"":0,""text"":4,""g"":0,""defs"":0,""use"":0,""image"":0,""foreignObject"":0,""script"":0}",,,4,744e07b0c8a1a15977f3027cac6b04faf542c619ad3f88ac5b0f8f2a08d34d7c
archive/assets/images/21_순천고_2학기_기말_고1_기출/q18-solution.svg,38f3516c59c20ac1f3d326ffb573fba59c4ed77fe2667d8019e424f3225a4bc3,8219,STATIC_ROOT_SHAPE_PASS,0 0 540 540,,"{""svg"":1,""circle"":3,""ellipse"":0,""line"":4,""polyline"":1,""polygon"":0,""path"":0,""rect"":0,""text"":5,""g"":0,""defs"":0,""use"":0,""image"":0,""foreignObject"":0,""script"":0}",,,5,4af173cf188660712ccb1899bb6d4a403e0c760b8a74966bb8a6c5877e250339
archive/assets/images/21_순천고_2학기_중간_고1_기출/q01-solution.svg,e79f338957e07b91276027c2f18e1197e1fbd63ded9dc778b833a756b025d308,4442,STATIC_ROOT_SHAPE_PASS,0 0 940 480,xMidYMid meet,"{""svg"":1,""circle"":4,""ellipse"":0,""line"":21,""polyline"":0,""polygon"":0,""path"":1,""rect"":3,""text"":10,""g"":2,""defs"":1,""use"":0,""image"":0,""foreignObject"":0,""script"":0}",,,10,f58cedd1350c30451cc453277093416f4fe3462e72b83358d2d3c5765a08a5a1
archive/assets/images/21_순천고_2학기_중간_고1_기출/q02-solution.svg,e6c34cc8db538ec5009eacf3321ba0bae2034a59db0ddb5e106ca215ff43dd1b,2924,STATIC_ROOT_SHAPE_PASS,0 0 720 360,,"{""svg"":1,""circle"":1,""ellipse"":0,""line"":15,""polyline"":0,""polygon"":0,""path"":1,""rect"":2,""text"":6,""g"":1,""defs"":1,""use"":0,""image"":0,""foreignObject"":0,""script"":0}",,,6,661976214e240358ec7aee45ee4a5d3b4fa4f10e0085c8cb91b436f0b00df5a8
archive/assets/images/21_순천고_2학기_중간_고1_기출/q03-solution.svg,847a0792010564714012233bffa98cd25f3b54f723c1a6b6ce2d697b12c5398c,1469,STATIC_ROOT_SHAPE_PASS,0 0 720 300,,"{""svg"":1,""circle"":0,""ellipse"":0,""line"":0,""polyline"":0,""polygon"":0,""path"":0,""rect"":4,""text"":7,""g"":0,""defs"":0,""use"":0,""image"":0,""foreignObject"":0,""script"":0}",,,7,10b4c475a363e6ed5aa66289af8264136983e9a709e471b3cc9989ed747711d3
archive/assets/images/21_순천고_2학기_중간_고1_기출/q04-solution.svg,0fed0568f836ce35a1cd56ba40d684c175ccff3da2ed8844b205bc5b5d418d53,1436,STATIC_ROOT_SHAPE_PASS,0 0 720 300,,"{""svg"":1,""circle"":0,""ellipse"":0,""line"":0,""polyline"":0,""polygon"":0,""path"":0,""rect"":5,""text"":6,""g"":0,""defs"":0,""use"":0,""image"":0,""foreignObject"":0,""script"":0}",,,6,8268955781f2b9d2c4151f3d79c27f4c6011b8d55b26272be8f5d0205e2bb898
archive/assets/images/21_순천고_2학기_중간_고1_기출/q08-solution.svg,032de7d758977786341289e3dcee0f5f7b5d3792c92e553950d3a778360ca42b,4400,STATIC_ROOT_SHAPE_PASS,0 0 720 360,,"{""svg"":1,""circle"":0,""ellipse"":0,""line"":26,""polyline"":0,""polygon"":0,""path"":3,""rect"":4,""text"":9,""g"":0,""defs"":1,""use"":0,""image"":0,""foreignObject"":0,""script"":0}",,,9,e8dd4a342acbbcffd135194ea1d8b0f01a676b4122af82a2fe45d5165656f9f9
archive/assets/images/21_순천고_2학기_중간_고1_기출/q09-solution.svg,d50d6f3ef13c657440b64045e12cb0471f581c1369fe1e6ccf4a73ddcb9d7a1d,6490,STATIC_ROOT_SHAPE_PASS,0 0 720 380,xMidYMid meet,"{""svg"":1,""circle"":10,""ellipse"":0,""line"":19,""polyline"":0,""polygon"":0,""path"":0,""rect"":3,""text"":29,""g"":0,""defs"":0,""use"":0,""image"":0,""foreignObject"":0,""script"":0}",,,29,a63b3de26c4273be0dbe61f444105bf0c9fbf7d434175b18b71c5f56d0eaf66c
archive/assets/images/21_순천고_2학기_중간_고1_기출/q10-solution.svg,6360f62f8f1357290e27a982707cfe24123046a9353b90df76dd783425f063d6,1422,STATIC_ROOT_SHAPE_PASS,0 0 720 300,,"{""svg"":1,""circle"":2,""ellipse"":0,""line"":0,""polyline"":0,""polygon"":0,""path"":0,""rect"":2,""text"":7,""g"":0,""defs"":0,""use"":0,""image"":0,""foreignObject"":0,""script"":0}",,,7,271c7b0cab18d4cc6df8f15c752fa128becb2a0d5976df54b6a6c0ef4bbe22a0
archive/assets/images/21_순천고_2학기_중간_고1_기출/q11-solution.svg,e7f50174f20be37e18ffe6d5354644f121155cbc5ff61acf667122bac862f8b9,1316,STATIC_ROOT_SHAPE_PASS,0 0 720 300,,"{""svg"":1,""circle"":0,""ellipse"":0,""line"":0,""polyline"":0,""polygon"":0,""path"":0,""rect"":2,""text"":7,""g"":0,""defs"":0,""use"":0,""image"":0,""foreignObject"":0,""script"":0}",,,7,7ff5c0515268fe9b6d155f5bbc68ae70ddd2ffe801a22d28757d099731a6c34b
archive/assets/images/21_순천고_2학기_중간_고1_기출/q19-solution.svg,d1f82a589d5d1848037fc648c2c494234c4d1665d554bb06a41f524b2662a8bd,1986,STATIC_ROOT_SHAPE_PASS,0 0 720 300,,"{""svg"":1,""circle"":0,""ellipse"":0,""line"":0,""polyline"":0,""polygon"":0,""path"":0,""rect"":6,""text"":9,""g"":0,""defs"":0,""use"":0,""image"":0,""foreignObject"":0,""script"":0}",,,9,39a4a84e4b4947ee5031c6130227fc41575db2c5faa65e64b54d1446d98a6a82
archive/assets/images/21_순천고_2학기_중간_고1_기출/q20-solution.svg,7e3a2b572513c978c8229d411d2413152486f527dda83cf2c25b0de0b985caec,4331,STATIC_ROOT_SHAPE_PASS,0 0 720 360,xMidYMid meet,"{""svg"":1,""circle"":2,""ellipse"":0,""line"":15,""polyline"":0,""polygon"":0,""path"":0,""rect"":3,""text"":18,""g"":0,""defs"":0,""use"":0,""image"":0,""foreignObject"":0,""script"":0}",,,18,1619df6b98da417d8e05c3f9947aebc6a4935c054488df301feab956013d8541
archive/assets/images/21_순천고_2학기_중간_고1_기출/q21-solution.svg,1db29d2283ebacb2e9bd2beb5c5754d3278cb125fa3c8ebe495a6461ca186273,6693,STATIC_ROOT_SHAPE_PASS,0 0 840 480,xMidYMid meet,"{""svg"":1,""circle"":6,""ellipse"":0,""line"":29,""polyline"":0,""polygon"":1,""path"":0,""rect"":3,""text"":22,""g"":6,""defs"":0,""use"":0,""image"":0,""foreignObject"":0,""script"":0}",,,22,940afd6cefd0f517e938eabdd8b306f1d2f6fee54a3e40400d140f8fcc6fe77a
archive/assets/images/21_제일고_2학기_기말_고1_기출/q03-solution.svg,8a90cf625553e73a8571afde805b6116a9bb6d138564bf4715a5b45a4cf1460d,1861,STATIC_ROOT_SHAPE_PASS,0 0 720 360,xMidYMid meet,"{""svg"":1,""circle"":3,""ellipse"":0,""line"":3,""polyline"":0,""polygon"":0,""path"":0,""rect"":2,""text"":9,""g"":0,""defs"":0,""use"":0,""image"":0,""foreignObject"":0,""script"":0}",,,9,81ec818335f6d480354ec13e76bcd03a02ae7c7db0b44cdb5505d2c2c3011fea
archive/assets/images/21_제일고_2학기_기말_고1_기출/q04-solution.svg,dc55e79f073df059d0ba1b0fd582d3e74dc2be6fb474f1b7b014a7a68c02849f,14473,STATIC_ROOT_SHAPE_PASS,0 0 540 540,,"{""svg"":1,""circle"":1,""ellipse"":0,""line"":4,""polyline"":2,""polygon"":0,""path"":0,""rect"":0,""text"":3,""g"":0,""defs"":0,""use"":0,""image"":0,""foreignObject"":0,""script"":0}",,,3,d1e895d4096cb1b08d49088ab3b4762bd258e0c1357c14ce078e9a96536e176e
archive/assets/images/21_제일고_2학기_기말_고1_기출/q05-solution.svg,c2f8ab491d8d5cd39539568755bb74797ea4aeefa8590b937a9daba88771eb63,5843,STATIC_ROOT_SHAPE_PASS,0 0 540 540,,"{""svg"":1,""circle"":2,""ellipse"":0,""line"":2,""polyline"":1,""polygon"":0,""path"":0,""rect"":0,""text"":4,""g"":0,""defs"":0,""use"":0,""image"":0,""foreignObject"":0,""script"":0}",,,4,f0b46ef158e6dc96a8094f68e9c04ef2a0f2a4159a2fd84551725f503fda2231
archive/assets/images/21_제일고_2학기_기말_고1_기출/q19-solution.svg,9c840f614a0d6428ac50e63fa15e7ad00ef9af4e6d7a7366797f862610028b6b,5437,STATIC_ROOT_SHAPE_PASS,0 0 940 480,xMidYMid meet,"{""svg"":1,""circle"":6,""ellipse"":0,""line"":21,""polyline"":0,""polygon"":0,""path"":1,""rect"":3,""text"":14,""g"":4,""defs"":1,""use"":0,""image"":0,""foreignObject"":0,""script"":0}",,,14,f0c28154d1ce4b4260f2325e7451cd1633ffc393d1c2c2d9637a4f3c8d9b6ed9
archive/assets/images/21_제일고_2학기_중간_고1_기출/q02-solution.svg,92aa46c65c6d57aaac1d988abb61a20f86736a1f06c5e9275a70d57f3a81551d,4389,STATIC_ROOT_SHAPE_PASS,0 0 720 360,,"{""svg"":1,""circle"":0,""ellipse"":0,""line"":26,""polyline"":0,""polygon"":0,""path"":3,""rect"":4,""text"":9,""g"":0,""defs"":1,""use"":0,""image"":0,""foreignObject"":0,""script"":0}",,,9,1cf5b8c035169da6f5ff5ef8a2ba696dfa8e9d157dbe75bb1269dd2b4fad7ad9
archive/assets/images/21_제일고_2학기_중간_고1_기출/q04-solution.svg,73f83a366b80f88803ed940c07ba54dcdc73847ac420e8ca37e3165247bb0125,1469,STATIC_ROOT_SHAPE_PASS,0 0 720 300,,"{""svg"":1,""circle"":0,""ellipse"":0,""line"":0,""polyline"":0,""polygon"":0,""path"":0,""rect"":4,""text"":7,""g"":0,""defs"":0,""use"":0,""image"":0,""foreignObject"":0,""script"":0}",,,7,7fc85cae3779dce5d74407692d9ee9269d61850c6b6d8c5535fb276cc49a33e4
archive/assets/images/21_제일고_2학기_중간_고1_기출/q05-solution.svg,00b5aacd1a045de79786f764c5a89aa8137935746d8bbc525527a381a9b2f189,1788,STATIC_ROOT_SHAPE_PASS,0 0 720 300,,"{""svg"":1,""circle"":0,""ellipse"":0,""line"":0,""polyline"":0,""polygon"":0,""path"":0,""rect"":5,""text"":8,""g"":0,""defs"":0,""use"":0,""image"":0,""foreignObject"":0,""script"":0}",,,8,a76851a47176326eb4cc4086e9a0486991401516ecb5fd773d1ee22555ccf86e
archive/assets/images/21_제일고_2학기_중간_고1_기출/q06-solution.svg,4350d6e07bef745642264ca58c351ba300a473e391a6f93325c52ae212e3ca63,1254,STATIC_ROOT_SHAPE_PASS,0 0 720 300,,"{""svg"":1,""circle"":0,""ellipse"":0,""line"":0,""polyline"":0,""polygon"":0,""path"":0,""rect"":2,""text"":6,""g"":0,""defs"":0,""use"":0,""image"":0,""foreignObject"":0,""script"":0}",,,6,4c853ef6c5dc0d1b04b51ce276d6952d32927380139e838384e14b8c1567fab6
archive/assets/images/21_제일고_2학기_중간_고1_기출/q07-solution.svg,9ef439bd6498b5bbd68c0614a932269ce69697e3493a9e1581b913e4f44963dd,1576,STATIC_ROOT_SHAPE_PASS,0 0 720 300,,"{""svg"":1,""circle"":2,""ellipse"":0,""line"":0,""polyline"":0,""polygon"":0,""path"":0,""rect"":2,""text"":8,""g"":0,""defs"":0,""use"":0,""image"":0,""foreignObject"":0,""script"":0}",,,8,ecbdbb3239f38a167a3fa36db02a9be3ad82cbb6b117da1e5811067c11f50cdb
archive/assets/images/21_제일고_2학기_중간_고1_기출/q08-solution.svg,50461acd9b1d367bae599ba209f9215654642bda7a7dd926f77e1cfdafeb5cd5,1576,STATIC_ROOT_SHAPE_PASS,0 0 720 300,,"{""svg"":1,""circle"":2,""ellipse"":0,""line"":0,""polyline"":0,""polygon"":0,""path"":0,""rect"":2,""text"":8,""g"":0,""defs"":0,""use"":0,""image"":0,""foreignObject"":0,""script"":0}",,,8,757ddbe912ccea1b10ac5ee40c0048f216987ad551d1590b8de3596e10cc27c2
archive/assets/images/21_제일고_2학기_중간_고1_기출/q14-solution.svg,e14e45cb8b81b3e05b3e564aae73863fa5a8d3c6317e86fb518856a4d178c08b,4356,STATIC_ROOT_SHAPE_PASS,0 0 720 360,,"{""svg"":1,""circle"":0,""ellipse"":0,""line"":26,""polyline"":0,""polygon"":0,""path"":3,""rect"":4,""text"":9,""g"":0,""defs"":1,""use"":0,""image"":0,""foreignObject"":0,""script"":0}",,,9,9032444c7633882d2801e7967d71aae8d3c4ad3f0cf959b46c4969028bcc1d2c
archive/assets/images/21_제일고_2학기_중간_고1_기출/q18-solution.svg,10c93531a55813ee0318d3164ab2272e3ad618907303087f602cc9167768c2ee,5714,STATIC_ROOT_SHAPE_PASS,0 0 720 360,xMidYMid meet,"{""svg"":1,""circle"":3,""ellipse"":0,""line"":23,""polyline"":0,""polygon"":0,""path"":0,""rect"":3,""text"":27,""g"":0,""defs"":0,""use"":0,""image"":0,""foreignObject"":0,""script"":0}",,,27,0974ad66b35c52922df5d8bb697f5691c90b852d730b770f396d2f5a920bda85
archive/assets/images/21_제일고_2학기_중간_고1_기출/q19-solution.svg,502b8b8e2d5e2bfe0da3ef31dd1dee70e7ed9e59adcfb8528187c70c30fa908c,3731,STATIC_ROOT_SHAPE_PASS,0 0 720 360,,"{""svg"":1,""circle"":2,""ellipse"":0,""line"":19,""polyline"":0,""polygon"":0,""path"":1,""rect"":2,""text"":9,""g"":2,""defs"":1,""use"":0,""image"":0,""foreignObject"":0,""script"":0}",,,9,6171efc1695ada6b77a58113ac1133a8d43590867d50cc9e93d51bdcd8217f81
archive/assets/images/21_제일고_2학기_중간_고1_기출/q20-solution.svg,392686ea493bea6af637027685a2d7837776c268d71f810940f0d9bcdeb6f881,1578,STATIC_ROOT_SHAPE_PASS,0 0 720 300,,"{""svg"":1,""circle"":2,""ellipse"":0,""line"":0,""polyline"":0,""polygon"":0,""path"":0,""rect"":2,""text"":8,""g"":0,""defs"":0,""use"":0,""image"":0,""foreignObject"":0,""script"":0}",,,8,18ca6e0415987f46274874cefa712e31943b6c2bc0d902bba10be2541e9c4a96
archive/assets/images/21_팔마고_2학기_기말_고1_기출/q03-solution.svg,d89784af43e07e78999bde5d4855695513da70dc28253043800de4316dbceb66,14431,STATIC_ROOT_SHAPE_PASS,0 0 540 540,,"{""svg"":1,""circle"":1,""ellipse"":0,""line"":4,""polyline"":2,""polygon"":0,""path"":0,""rect"":0,""text"":3,""g"":0,""defs"":0,""use"":0,""image"":0,""foreignObject"":0,""script"":0}",,,3,57949f9fc7a935e0d17b561889c421a7cb24b14deb0fbb9dc5fe78bde61c3193
archive/assets/images/21_팔마고_2학기_기말_고1_기출/q04-solution.svg,75bf46c920e55fc46926abc892b1f4b293190e7157e90554511668eeb3fc34af,5813,STATIC_ROOT_SHAPE_PASS,0 0 540 540,,"{""svg"":1,""circle"":2,""ellipse"":0,""line"":2,""polyline"":1,""polygon"":0,""path"":0,""rect"":0,""text"":4,""g"":0,""defs"":0,""use"":0,""image"":0,""foreignObject"":0,""script"":0}",,,4,0f8893b943cfcf90e6d812a5d68dd4e3db1c26dcd6182f953b131d917aa473d2
archive/assets/images/21_팔마고_2학기_기말_고1_기출/q05-solution.svg,82d45c7b98158ee03c6a124aa46c42361784368828341bf0b5e0099b92fdcdea,27725,STATIC_ROOT_SHAPE_PASS,0 0 540 540,,"{""svg"":1,""circle"":1,""ellipse"":0,""line"":6,""polyline"":4,""polygon"":0,""path"":0,""rect"":0,""text"":3,""g"":0,""defs"":0,""use"":0,""image"":0,""foreignObject"":0,""script"":0}",,,3,5f6b1be23648a94c796ef2035634da4ef831cbbfd7e9083f75f0c04a939b4733
archive/assets/images/21_팔마고_2학기_기말_고1_기출/q19-solution.svg,f34076cd0aa9aeec5400364856c566fd811d3cafb45e06a9f85fe4949bd08f7e,1778,STATIC_ROOT_SHAPE_PASS,0 0 760 300,,"{""svg"":1,""circle"":0,""ellipse"":0,""line"":0,""polyline"":0,""polygon"":0,""path"":2,""rect"":7,""text"":12,""g"":3,""defs"":0,""use"":0,""image"":0,""foreignObject"":0,""script"":0}",,,12,52315ebb2b8c238a70c2ba26ad6806cd7c531ad21a451ced893a1515cc763317
archive/assets/images/21_팔마고_2학기_기말_고1_기출/q20-solution.svg,17e1c80292e7040d4e603a54215bfeda720f0e26ce2da0b374b8cc59cf976066,6056,STATIC_ROOT_SHAPE_PASS,0 0 620 500,,"{""svg"":1,""circle"":2,""ellipse"":0,""line"":3,""polyline"":1,""polygon"":0,""path"":0,""rect"":0,""text"":5,""g"":0,""defs"":0,""use"":0,""image"":0,""foreignObject"":0,""script"":0}",,,5,666ce819095f62c117c2894a98371dee9cd81e1bddba871d12800cc43717ef63
archive/assets/images/21_팔마고_2학기_중간_고1_기출/q01-solution.svg,f2d7fa2c3f66e22845eb8868df374379cdbfef36418ddf51d862785bc354785f,1425,STATIC_ROOT_SHAPE_PASS,0 0 720 300,,"{""svg"":1,""circle"":2,""ellipse"":0,""line"":0,""polyline"":0,""polygon"":0,""path"":0,""rect"":2,""text"":7,""g"":0,""defs"":0,""use"":0,""image"":0,""foreignObject"":0,""script"":0}",,,7,a683c1c5feb612359ebe14aa3b735a88745eeaf8f95b0ceeef8422cd786422c1
archive/assets/images/21_팔마고_2학기_중간_고1_기출/q02-solution.svg,228a65b947f9e999bfc76fdca20c741ea3c8f9d2366eb49663380c09ecf727ca,1469,STATIC_ROOT_SHAPE_PASS,0 0 720 300,,"{""svg"":1,""circle"":0,""ellipse"":0,""line"":0,""polyline"":0,""polygon"":0,""path"":0,""rect"":4,""text"":7,""g"":0,""defs"":0,""use"":0,""image"":0,""foreignObject"":0,""script"":0}",,,7,1e51dba26798d242c98cef61c5880e28679e743c4adceace864836c39bb6996d
archive/assets/images/21_팔마고_2학기_중간_고1_기출/q03-solution.svg,a53df4c911fe50e8129fac6d48b8f8e11e2cfcd2097dbb21bf4fc58d0fae82a5,1649,STATIC_ROOT_SHAPE_PASS,0 0 720 300,,"{""svg"":1,""circle"":0,""ellipse"":0,""line"":0,""polyline"":0,""polygon"":0,""path"":2,""rect"":5,""text"":6,""g"":0,""defs"":0,""use"":0,""image"":0,""foreignObject"":0,""script"":0}",,,6,5527ff876ea19eba6a0b92d2872556db15d4af065a3db5ae4b7f2b2408c84dcb
archive/assets/images/21_팔마고_2학기_중간_고1_기출/q10-solution.svg,e20008d088966bf71576f6467f82a429657ffbf847ac51c05de0559444809312,1437,STATIC_ROOT_SHAPE_PASS,0 0 720 300,,"{""svg"":1,""circle"":0,""ellipse"":0,""line"":1,""polyline"":0,""polygon"":0,""path"":0,""rect"":2,""text"":8,""g"":0,""defs"":0,""use"":0,""image"":0,""foreignObject"":0,""script"":0}",,,8,174a6a89e686e66e3811c5d380262954e6315c33e29ef90421464359a8f12487
archive/assets/images/21_팔마고_2학기_중간_고1_기출/q15-solution.svg,81e2eb460d185beaca935f620a4791e1b1f9085db10cf456c4a85bbd3cba1921,1444,STATIC_ROOT_SHAPE_PASS,0 0 720 300,,"{""svg"":1,""circle"":3,""ellipse"":0,""line"":0,""polyline"":0,""polygon"":0,""path"":0,""rect"":2,""text"":6,""g"":0,""defs"":0,""use"":0,""image"":0,""foreignObject"":0,""script"":0}",,,6,4790f8d16a223e77d9594621c65295458c472d820fa32e198220c1f469f235ea
archive/assets/images/21_팔마고_2학기_중간_고1_기출/q16-solution.svg,ffa55dd9df75ae5f3ecc96e56c2575626e2348b3f5f15c4212f33c9e8eea4c7e,1471,STATIC_ROOT_SHAPE_PASS,0 0 720 300,,"{""svg"":1,""circle"":0,""ellipse"":0,""line"":0,""polyline"":0,""polygon"":0,""path"":0,""rect"":4,""text"":7,""g"":0,""defs"":0,""use"":0,""image"":0,""foreignObject"":0,""script"":0}",,,7,1348562d8eb6c976b8227900befb56856f26697e20a3c2a91e25fa06234aa6df
archive/assets/images/21_팔마고_2학기_중간_고1_기출/q19-solution.svg,489d7ca5cfb11933df742a3ae16d2586819239841cb04d64841eb9f3de14636d,1644,STATIC_ROOT_SHAPE_PASS,0 0 720 300,,"{""svg"":1,""circle"":0,""ellipse"":0,""line"":0,""polyline"":0,""polygon"":0,""path"":0,""rect"":2,""text"":10,""g"":0,""defs"":0,""use"":0,""image"":0,""foreignObject"":0,""script"":0}",,,10,d78628945408b52b5631579f297a06d5bc8ee5827803d79c00d5413a7cc08478
archive/assets/images/21_효천고_2학기_기말_고1_기출/q01-solution.svg,1397e952893ebe40c6f564c29a7feb1a2dc3f815b327c0fcee1b8c27041f1897,4722,STATIC_ROOT_SHAPE_PASS,0 0 940 480,xMidYMid meet,"{""svg"":1,""circle"":0,""ellipse"":0,""line"":29,""polyline"":0,""polygon"":0,""path"":1,""rect"":3,""text"":11,""g"":0,""defs"":1,""use"":0,""image"":0,""foreignObject"":0,""script"":0}",,,11,23c2002c36e09166c9be65cbb552af053ad2983574164625b7991996a5052439
archive/assets/images/21_효천고_2학기_기말_고1_기출/q11-solution.svg,9a9a3dfa9c1e25fd99d13c8969d563df5cdc30ed163ba1bf6ea9de01b00f1b28,14333,STATIC_ROOT_SHAPE_PASS,0 0 540 540,,"{""svg"":1,""circle"":1,""ellipse"":0,""line"":4,""polyline"":2,""polygon"":0,""path"":0,""rect"":0,""text"":3,""g"":0,""defs"":0,""use"":0,""image"":0,""foreignObject"":0,""script"":0}",,,3,266247a50626dae54ccd84dc04bfb065ddb9f0112bf8c639eda8454b797a3bd6
archive/assets/images/21_효천고_2학기_기말_고1_기출/q12-solution.svg,258575a9523ba10455d3d72edb4e7c74241c40a2aea17bec7c644c1c30b509d5,6016,STATIC_ROOT_SHAPE_PASS,0 0 620 500,,"{""svg"":1,""circle"":3,""ellipse"":0,""line"":3,""polyline"":1,""polygon"":0,""path"":0,""rect"":0,""text"":6,""g"":0,""defs"":0,""use"":0,""image"":0,""foreignObject"":0,""script"":0}",,,6,6f30501a724e8c94b5e7991fb1f655ef0d84e32b583267204cb7bf23f6167c19
archive/assets/images/21_효천고_2학기_기말_고1_기출/q13-solution.svg,222076332a5b9c4ea357d2c8fcd814bf129ec5c514196139e9794e18109afada,10439,STATIC_ROOT_SHAPE_PASS,0 0 620 520,,"{""svg"":1,""circle"":3,""ellipse"":0,""line"":3,""polyline"":2,""polygon"":0,""path"":0,""rect"":0,""text"":6,""g"":0,""defs"":0,""use"":0,""image"":0,""foreignObject"":0,""script"":0}",,,6,d61b9b18b415e910688649734b7ea289b2d6cec85b7ab52e5e29e42655789c42
archive/assets/images/21_효천고_2학기_중간_고1_기출/q02-solution.svg,a61aa2bb01e16dfabf9b24205221a43bb41b542241343f2d6ca6d45d6e3d1481,1436,STATIC_ROOT_SHAPE_PASS,0 0 720 300,,"{""svg"":1,""circle"":0,""ellipse"":0,""line"":0,""polyline"":0,""polygon"":0,""path"":0,""rect"":5,""text"":6,""g"":0,""defs"":0,""use"":0,""image"":0,""foreignObject"":0,""script"":0}",,,6,7b314f18c1eda5f21a136828d157216671ef5f3895f7abd60f34f33b31d775f3
archive/assets/images/21_효천고_2학기_중간_고1_기출/q05-solution.svg,bb3d21124d94cc298ce000f3a3d37a7f831dc3566e8c222822e037a3334cdfc7,4476,STATIC_ROOT_SHAPE_PASS,0 0 940 480,xMidYMid meet,"{""svg"":1,""circle"":3,""ellipse"":0,""line"":22,""polyline"":0,""polygon"":0,""path"":1,""rect"":3,""text"":11,""g"":2,""defs"":1,""use"":0,""image"":0,""foreignObject"":0,""script"":0}",,,11,ec73883ecf2729bb96e260bac66c3ff48516ba7d6b23a1d1d355e3824a1c9e71
archive/assets/images/21_효천고_2학기_중간_고1_기출/q06-solution.svg,9bd59107820d5ac5a48e69f4ce245109f8cfddd609952f985088b5b97743ed50,2156,STATIC_ROOT_SHAPE_PASS,0 0 720 300,,"{""svg"":1,""circle"":6,""ellipse"":0,""line"":0,""polyline"":0,""polygon"":0,""path"":0,""rect"":6,""text"":8,""g"":0,""defs"":1,""use"":0,""image"":0,""foreignObject"":0,""script"":0}",,,8,6c001c459ee9ccab2549678ac118d128848876123cd931d7664bcf28712c9f86
archive/assets/images/21_효천고_2학기_중간_고1_기출/q08-solution.svg,d5eeb726cfc5706c32b483641cbea9d890b57441741385c3e755e1e0edf45291,6302,STATIC_ROOT_SHAPE_PASS,0 0 720 360,,"{""svg"":1,""circle"":6,""ellipse"":0,""line"":32,""polyline"":0,""polygon"":0,""path"":5,""rect"":2,""text"":10,""g"":0,""defs"":1,""use"":0,""image"":0,""foreignObject"":0,""script"":0}",,,10,c30e85330a953cc5ff2faddb8910338e14de9723993cb0c773db4713c33906e6
archive/assets/images/21_효천고_2학기_중간_고1_기출/q11-solution.svg,175ff3f0828b56c5ad779b6352bfd6d268b2cfe7e2114410d00833cb91a1ddf6,1398,STATIC_ROOT_SHAPE_PASS,0 0 720 300,,"{""svg"":1,""circle"":0,""ellipse"":0,""line"":0,""polyline"":0,""polygon"":0,""path"":0,""rect"":3,""text"":6,""g"":0,""defs"":0,""use"":0,""image"":0,""foreignObject"":0,""script"":0}",,,6,80b8abeb37dc228bf889864fc02142467fb6a59ee9d5a77db891da1de237c14e
archive/assets/images/21_효천고_2학기_중간_고1_기출/q13-solution.svg,c00654586178a256b20feda25a38fa2b487462ee634929c78f3bb88d4a563877,6538,STATIC_ROOT_SHAPE_PASS,0 0 840 480,xMidYMid meet,"{""svg"":1,""circle"":5,""ellipse"":0,""line"":28,""polyline"":0,""polygon"":2,""path"":0,""rect"":3,""text"":20,""g"":5,""defs"":0,""use"":0,""image"":0,""foreignObject"":0,""script"":0}",,,20,8ddb5a6297121c0f893984b7e7b39d2205f25735d3ef8fb244b5a62484c37cd1
archive/assets/images/21_효천고_2학기_중간_고1_기출/q16-solution.svg,7c93307c280b7816b88d79fa54154c46fd5d9c370737f2e8afc09fd1af878b03,1438,STATIC_ROOT_SHAPE_PASS,0 0 720 300,,"{""svg"":1,""circle"":0,""ellipse"":0,""line"":0,""polyline"":0,""polygon"":0,""path"":0,""rect"":5,""text"":6,""g"":0,""defs"":0,""use"":0,""image"":0,""foreignObject"":0,""script"":0}",,,6,72dd70a5d1ac2c2f27b9f7d5835681db7ca3ce24a7d7d1e592347c1e29b61b93
archive/assets/images/21_효천고_2학기_중간_고1_기출/q17-solution.svg,6c1e928c02e92191dd0c673a21ffe329fb0285676b97141b93ccf678a67f9887,1299,STATIC_ROOT_SHAPE_PASS,0 0 720 300,,"{""svg"":1,""circle"":0,""ellipse"":0,""line"":0,""polyline"":0,""polygon"":0,""path"":0,""rect"":4,""text"":5,""g"":0,""defs"":0,""use"":0,""image"":0,""foreignObject"":0,""script"":0}",,,5,7838ee2930cd75701e390098f560ff9bacb7f57b55e16428af3a427dd8c40ed6
archive/assets/images/21_효천고_2학기_중간_고1_기출/q19-solution.svg,05f4fa8afc75f1caa4d14df0d053f110fe110ba68e7c4ff426c85a8b4cf0ec82,4551,STATIC_ROOT_SHAPE_PASS,0 0 940 480,xMidYMid meet,"{""svg"":1,""circle"":1,""ellipse"":0,""line"":23,""polyline"":0,""polygon"":0,""path"":1,""rect"":3,""text"":13,""g"":1,""defs"":1,""use"":0,""image"":0,""foreignObject"":0,""script"":0}",,,13,f24f57ae864d52e16774a66d69f1d9f79db2aa010b4097606ab584aafcdd4927
archive/assets/images/21_효천고_2학기_중간_고1_기출/q20-solution.svg,392686ea493bea6af637027685a2d7837776c268d71f810940f0d9bcdeb6f881,1578,STATIC_ROOT_SHAPE_PASS,0 0 720 300,,"{""svg"":1,""circle"":2,""ellipse"":0,""line"":0,""polyline"":0,""polygon"":0,""path"":0,""rect"":2,""text"":8,""g"":0,""defs"":0,""use"":0,""image"":0,""foreignObject"":0,""script"":0}",,,8,18ca6e0415987f46274874cefa712e31943b6c2bc0d902bba10be2541e9c4a96
archive/assets/images/22_강남여고_2학기_기말_고1_기출/q05-solution.svg,738eecac57aa65929d08a77931ab50ac33d0a1a5f6f98cd804afaabb5f1778ee,2826,STATIC_ROOT_SHAPE_PASS,0 0 760 430,xMidYMid meet,"{""svg"":1,""circle"":0,""ellipse"":0,""line"":1,""polyline"":0,""polygon"":0,""path"":0,""rect"":3,""text"":9,""g"":0,""defs"":0,""use"":0,""image"":0,""foreignObject"":0,""script"":0}",,,9,5a85b6013dbd9053568ffda31129b155d43eb87923d4e67b2dd1db5cb3dc2a94
archive/assets/images/22_강남여고_2학기_기말_고1_기출/q11-solution.svg,1845aa689ddbe86dfda1b462936faa0555c5541696d09f2c05d779847d7a6bed,10382,STATIC_ROOT_SHAPE_PASS,0 0 600 500,,"{""svg"":1,""circle"":2,""ellipse"":0,""line"":3,""polyline"":2,""polygon"":0,""path"":0,""rect"":0,""text"":5,""g"":0,""defs"":0,""use"":0,""image"":0,""foreignObject"":0,""script"":0}",,,5,07639706d0ef9a91c283ec1f66f2e5d9460de5fe519877b46747c919f1250a9d
archive/assets/images/22_강남여고_2학기_기말_고1_기출/q15-solution.svg,c95e5792ecf430ffd27e672749dc6eb748ee8a865f47ab708d1d2185e1ec36a5,15008,STATIC_ROOT_SHAPE_PASS,0 0 620 520,,"{""svg"":1,""circle"":2,""ellipse"":0,""line"":6,""polyline"":2,""polygon"":0,""path"":0,""rect"":0,""text"":6,""g"":0,""defs"":0,""use"":0,""image"":0,""foreignObject"":0,""script"":0}",,,6,de1a1dad19861ce8a142d5083827cfd1d52a6fedd77a116cd0711a011e2df115
archive/assets/images/22_강남여고_2학기_기말_고1_기출/q18-solution.svg,377c1e54da9de337d185081925ef37f8f472d11fee838598f2b14d986ba07860,10765,STATIC_ROOT_SHAPE_PASS,0 0 620 500,,"{""svg"":1,""circle"":4,""ellipse"":0,""line"":4,""polyline"":2,""polygon"":0,""path"":0,""rect"":0,""text"":8,""g"":0,""defs"":0,""use"":0,""image"":0,""foreignObject"":0,""script"":0}",,,8,bce44f1793cd918a0a64c8cbd38b646f3d0955c584ba6bb271b195ebcb7862f3
archive/assets/images/22_강남여고_2학기_기말_고1_기출/q22-solution.svg,5dc385414d2435b60959c47ca4ee32d0e68a50011ede479a031f070b5d7f00b4,10466,STATIC_ROOT_SHAPE_PASS,0 0 620 520,,"{""svg"":1,""circle"":2,""ellipse"":0,""line"":3,""polyline"":2,""polygon"":0,""path"":0,""rect"":0,""text"":5,""g"":0,""defs"":0,""use"":0,""image"":0,""foreignObject"":0,""script"":0}",,,5,fdccbe272087105a582ec40eff692861e29307b03ca7a0f95aa594224ca5008f
archive/assets/images/22_강남여고_2학기_중간_고1_기출/q05-solution.svg,87cdd3faef8bcd2e00f00c1046fc4f6ab45513e26d1598ef81730151502fa04b,4310,STATIC_ROOT_SHAPE_PASS,0 0 720 360,,"{""svg"":1,""circle"":0,""ellipse"":0,""line"":26,""polyline"":0,""polygon"":0,""path"":3,""rect"":4,""text"":9,""g"":0,""defs"":1,""use"":0,""image"":0,""foreignObject"":0,""script"":0}",,,9,bd73a5ca57e9525cd86eb9cdd75e1d588c4ee7310ef17bb1e277f548d5ea2229
archive/assets/images/22_강남여고_2학기_중간_고1_기출/q06-solution.svg,054ad703d0b36d8c95c81e54dfc7c77614ca056aeea2336ce15b6ec4e35d54a8,5997,STATIC_ROOT_SHAPE_PASS,0 0 720 360,xMidYMid meet,"{""svg"":1,""circle"":4,""ellipse"":0,""line"":23,""polyline"":0,""polygon"":0,""path"":1,""rect"":2,""text"":32,""g"":0,""defs"":1,""use"":0,""image"":0,""foreignObject"":0,""script"":0}",,,32,77cd30914f797adc37f9182c6cbf41544b8843a7c032f486c0b0d5c1fd6500db
archive/assets/images/22_강남여고_2학기_중간_고1_기출/q09-solution.svg,6bb1837b380eabb049997cb08b4f14934699ce828ab76c39e9a9b417fd0eed92,4688,STATIC_ROOT_SHAPE_PASS,0 0 940 480,xMidYMid meet,"{""svg"":1,""circle"":3,""ellipse"":0,""line"":25,""polyline"":0,""polygon"":1,""path"":1,""rect"":3,""text"":10,""g"":3,""defs"":1,""use"":0,""image"":0,""foreignObject"":0,""script"":0}",,,10,984192ac2d33846d10831b5eb21c7671fa1808d4e3bc1880fead47c1a49f8436
archive/assets/images/22_강남여고_2학기_중간_고1_기출/q10-solution.svg,740fb8508ec2653d78b63416064dd87c5657d869a3a3ea3362470d92d86b031f,3683,STATIC_ROOT_SHAPE_PASS,0 0 760 430,xMidYMid meet,"{""svg"":1,""circle"":0,""ellipse"":0,""line"":3,""polyline"":0,""polygon"":0,""path"":0,""rect"":7,""text"":12,""g"":0,""defs"":0,""use"":0,""image"":0,""foreignObject"":0,""script"":0}",,,12,36c52b0a1c2ca3b8bba70c2c61f4bb9f370ef5d797c9476a5fe4ccce9c44bdb6
archive/assets/images/22_강남여고_2학기_중간_고1_기출/q13-solution.svg,2a12d3c289dd8ba195e6ada6eea5a87435b72408327ad3b8116574fc9a7d2970,6162,STATIC_ROOT_SHAPE_PASS,0 0 840 480,xMidYMid meet,"{""svg"":1,""circle"":2,""ellipse"":0,""line"":43,""polyline"":0,""polygon"":0,""path"":0,""rect"":3,""text"":9,""g"":2,""defs"":0,""use"":0,""image"":0,""foreignObject"":0,""script"":0}",,,9,93b6e13626d0c8d64755a6ef4397c26e01ea3bbb4896d79081e3ac73e424d4ec
archive/assets/images/22_강남여고_2학기_중간_고1_기출/q14-solution.svg,a48571d49e6ae9e9a4f49d5641b8a2583a019f895eb631e1d672aefb2942783e,3430,STATIC_ROOT_SHAPE_PASS,0 0 760 380,,"{""svg"":1,""circle"":4,""ellipse"":0,""line"":23,""polyline"":0,""polygon"":0,""path"":4,""rect"":3,""text"":14,""g"":2,""defs"":0,""use"":0,""image"":0,""foreignObject"":0,""script"":0}",,,14,22e18a57b02cddb7a36da1ba5a5af34556573ae54866febe21be0c09695b447b
archive/assets/images/22_강남여고_2학기_중간_고1_기출/q16-solution.svg,17d30d5c10522a42b468449d54c644e88a42b7dd8baa6d68b304e275e2e7d5d6,3717,STATIC_ROOT_SHAPE_PASS,0 0 640 300,xMidYMid meet,"{""svg"":1,""circle"":4,""ellipse"":0,""line"":16,""polyline"":0,""polygon"":0,""path"":0,""rect"":3,""text"":15,""g"":1,""defs"":0,""use"":0,""image"":0,""foreignObject"":0,""script"":0}",,,15,21971b44dd17283f365e76acd16e6b7bd1783d2fe20bff4e32e85bad5b5c3ad5
archive/assets/images/22_강남여고_2학기_중간_고1_기출/q22-solution.svg,907ea05f70cc1c76f52a929b1ee20a6cdb25cb190e93ce6785547f74da8e62f2,6490,STATIC_ROOT_SHAPE_PASS,0 0 840 480,xMidYMid meet,"{""svg"":1,""circle"":0,""ellipse"":0,""line"":38,""polyline"":0,""polygon"":0,""path"":0,""rect"":3,""text"":10,""g"":0,""defs"":0,""use"":0,""image"":0,""foreignObject"":0,""script"":0}",,,10,6f05aad09394a31b2e4e4bef1dfe32d99344b4df9341d075e51543be211eb68c
archive/assets/images/22_강남여고_2학기_중간_고1_기출/q23-solution.svg,ec1aae3b55ba32238669e3c1f42ca9a845b6a0990764fce4643fb60e78103c86,4865,STATIC_ROOT_SHAPE_PASS,0 0 940 480,xMidYMid meet,"{""svg"":1,""circle"":3,""ellipse"":0,""line"":25,""polyline"":0,""polygon"":0,""path"":1,""rect"":3,""text"":10,""g"":2,""defs"":1,""use"":0,""image"":0,""foreignObject"":0,""script"":0}",,,10,568d5784a3dbb959068dceca77326425d2b2b6051c82abadf4fedc4945b8019f
archive/assets/images/22_금당고_1학기_기말_고1_기출/q01-solution.svg,f6e10abf5563ecc36cd26465ab7f915e8834b1757caf71ddfe7cf898271a62b0,4869,STATIC_ROOT_SHAPE_PASS,0 0 940 480,xMidYMid meet,"{""svg"":1,""circle"":2,""ellipse"":0,""line"":28,""polyline"":0,""polygon"":0,""path"":1,""rect"":3,""text"":10,""g"":2,""defs"":1,""use"":0,""image"":0,""foreignObject"":0,""script"":0}",,,10,14981f7699d6bc4bae4209b2d6cc9258094d59fad940f41bd3101e4bf693c240
archive/assets/images/22_금당고_1학기_기말_고1_기출/q03-solution.svg,3beb7d41487b06a4d729d922010cffbb00425d7909cae5285c2cdde48de09b1e,5429,STATIC_ROOT_SHAPE_PASS,0 0 720 360,xMidYMid meet,"{""svg"":1,""circle"":4,""ellipse"":0,""line"":19,""polyline"":0,""polygon"":1,""path"":1,""rect"":2,""text"":28,""g"":0,""defs"":1,""use"":0,""image"":0,""foreignObject"":0,""script"":0}",,,28,b2e0e8b46254e8d501ef3b84f193e504c591fe591fa2cf661f1cd7be5fa8e665
archive/assets/images/22_금당고_1학기_기말_고1_기출/q04-solution.svg,5d7902e5ea04ea1a09be92425f3d50337736728691992c68c058efbd423fda93,3945,STATIC_ROOT_SHAPE_PASS,0 0 840 480,xMidYMid meet,"{""svg"":1,""circle"":2,""ellipse"":0,""line"":16,""polyline"":0,""polygon"":0,""path"":0,""rect"":3,""text"":11,""g"":2,""defs"":0,""use"":0,""image"":0,""foreignObject"":0,""script"":0}",,,11,760cb901bdf3ccaea6bfe23dfedad8256014a2069fc43b8b02b586ad6635dd05
archive/assets/images/22_금당고_1학기_기말_고1_기출/q06-solution.svg,73b41b3e3595262029c5f7f29941dd294fa460ea5125dbc1b3dd63d5e550f2f8,3597,STATIC_ROOT_SHAPE_PASS,0 0 640 280,xMidYMid meet,"{""svg"":1,""circle"":4,""ellipse"":0,""line"":19,""polyline"":0,""polygon"":0,""path"":0,""rect"":3,""text"":14,""g"":1,""defs"":0,""use"":0,""image"":0,""foreignObject"":0,""script"":0}",,,14,d2bfbd4ea8ae68343a746763ab6f94ed28205df5d91355d789574fdb9c86f4e4
archive/assets/images/22_금당고_1학기_기말_고1_기출/q07-solution.svg,d2788a3f63e34d133db1461b53c710e2a848db661333b3e18bb16d82e31ab1fc,4347,STATIC_ROOT_SHAPE_PASS,0 0 940 480,xMidYMid meet,"{""svg"":1,""circle"":4,""ellipse"":0,""line"":21,""polyline"":0,""polygon"":0,""path"":1,""rect"":3,""text"":9,""g"":2,""defs"":1,""use"":0,""image"":0,""foreignObject"":0,""script"":0}",,,9,0c7336e37f1e3f45be2d252b85dd5202da23b648655f557823c2f5a7a717546d
archive/assets/images/22_금당고_1학기_기말_고1_기출/q09-solution.svg,5596ada73bbcc5b88dd5c4d01faa23766552118d3868e246caed4a271e57861b,3674,STATIC_ROOT_SHAPE_PASS,0 0 720 360,,"{""svg"":1,""circle"":2,""ellipse"":0,""line"":19,""polyline"":0,""polygon"":0,""path"":1,""rect"":2,""text"":9,""g"":2,""defs"":1,""use"":0,""image"":0,""foreignObject"":0,""script"":0}",,,9,0da6963a666696edd84112aa98229da2cf407af9c381c7f02bd441268cd9ce5b
archive/assets/images/22_금당고_1학기_기말_고1_기출/q11-solution.svg,66e884eb2fa75fea5f248244984cce6ff5fad703fa24e92c7e7647f15ccc436f,7054,STATIC_ROOT_SHAPE_PASS,0 0 720 360,xMidYMid meet,"{""svg"":1,""circle"":5,""ellipse"":0,""line"":29,""polyline"":0,""polygon"":0,""path"":0,""rect"":3,""text"":36,""g"":0,""defs"":0,""use"":0,""image"":0,""foreignObject"":0,""script"":0}",,,36,fedb2d0f9a204ffd86c51bf422216f8b7401244be934d106125219492f4c7233
archive/assets/images/22_금당고_1학기_기말_고1_기출/q12-solution.svg,cacc20278a936d75bb2f80f837aa2c2395a8674291a6786fb13f5806c3ea59b9,3672,STATIC_ROOT_SHAPE_PASS,0 0 640 280,xMidYMid meet,"{""svg"":1,""circle"":6,""ellipse"":0,""line"":20,""polyline"":0,""polygon"":0,""path"":0,""rect"":3,""text"":13,""g"":1,""defs"":0,""use"":0,""image"":0,""foreignObject"":0,""script"":0}",,,13,a0eaee0b57628eb60badb25b09410355d56135679309e54ddd94a35532a424b3
archive/assets/images/22_금당고_1학기_기말_고1_기출/q13-solution.svg,fa49d289c07161bfca76386d94d08388d7a263d02ef1db3e256eadbaafe17f8e,6616,STATIC_ROOT_SHAPE_PASS,0 0 840 480,xMidYMid meet,"{""svg"":1,""circle"":5,""ellipse"":0,""line"":30,""polyline"":0,""polygon"":0,""path"":0,""rect"":3,""text"":18,""g"":5,""defs"":0,""use"":0,""image"":0,""foreignObject"":0,""script"":0}",,,18,94d77bfbfa045934143282c78188668ae4be3d1e08b249735c2a1502c8777612
archive/assets/images/22_금당고_1학기_기말_고1_기출/q14-solution.svg,8e895fe989cd41b9c214236ac579ac52b54d737a2db7b303f0b4d4d688ccec3f,4953,STATIC_ROOT_SHAPE_PASS,0 0 940 480,xMidYMid meet,"{""svg"":1,""circle"":5,""ellipse"":0,""line"":25,""polyline"":0,""polygon"":0,""path"":1,""rect"":3,""text"":11,""g"":3,""defs"":1,""use"":0,""image"":0,""foreignObject"":0,""script"":0}",,,11,46b94a4cfd108f27b56d2cbaf28af0bddb6f136a9c67df2e8150020bd0d72e98
archive/assets/images/22_금당고_1학기_기말_고1_기출/q16-solution.svg,82a79bf67eac8e680a56b1c9c9c1016d4dc48f3d628a25d505f32633d977c953,6408,STATIC_ROOT_SHAPE_PASS,0 0 940 480,xMidYMid meet,"{""svg"":1,""circle"":6,""ellipse"":0,""line"":32,""polyline"":0,""polygon"":0,""path"":1,""rect"":3,""text"":13,""g"":3,""defs"":1,""use"":0,""image"":0,""foreignObject"":0,""script"":0}",,,13,cac46bfa523ea7f714be655ad06644d0f933dcc7208428130be7f6d394e4fa85
archive/assets/images/22_금당고_1학기_기말_고1_기출/q19-solution.svg,cba1099a1785d608a3e090f0196291cc3a4b89aa49b6b2e14d3999bda5746e2f,4730,STATIC_ROOT_SHAPE_PASS,0 0 840 480,xMidYMid meet,"{""svg"":1,""circle"":4,""ellipse"":0,""line"":13,""polyline"":0,""polygon"":1,""path"":0,""rect"":3,""text"":13,""g"":4,""defs"":0,""use"":0,""image"":0,""foreignObject"":0,""script"":0}",,,13,5e2f6cff7945b37fa914cb65e3435dacd8ae702a396ff487e2dc01cf37928652
archive/assets/images/22_금당고_1학기_기말_고1_기출/q20-solution.svg,5cf28c6d386daf767934416b9a0493e6fca4ce529c2c0c00ff137f23a69086cf,8947,STATIC_ROOT_SHAPE_PASS,0 0 840 480,xMidYMid meet,"{""svg"":1,""circle"":2,""ellipse"":0,""line"":65,""polyline"":0,""polygon"":0,""path"":0,""rect"":3,""text"":10,""g"":1,""defs"":0,""use"":0,""image"":0,""foreignObject"":0,""script"":0}",,,10,9fe5fcc1ac696084c556956e6501682ad5ce703885526d5df32e14b7851483c1
archive/assets/images/22_금당고_1학기_기말_고1_기출/q21-solution.svg,5364a60ee1e708a5c046aa36da27164eee0142c4d6b283f5cb6bce791cfebc22,4089,STATIC_ROOT_SHAPE_PASS,0 0 640 340,xMidYMid meet,"{""svg"":1,""circle"":6,""ellipse"":0,""line"":26,""polyline"":0,""polygon"":0,""path"":0,""rect"":3,""text"":13,""g"":1,""defs"":0,""use"":0,""image"":0,""foreignObject"":0,""script"":0}",,,13,55887dcf91d9f555fabe2739be5356c0cad11a3f4ca68cc0b331904ce2767962
archive/assets/images/22_금당고_2학기_기말_고1_기출/q01-solution.svg,987a85b83d3ba7e78c5d0a70fb0115e2fe2b38d3960a70e1e455dab097663c6d,14585,STATIC_ROOT_SHAPE_PASS,0 0 600 500,,"{""svg"":1,""circle"":1,""ellipse"":0,""line"":4,""polyline"":2,""polygon"":0,""path"":0,""rect"":0,""text"":3,""g"":0,""defs"":0,""use"":0,""image"":0,""foreignObject"":0,""script"":0}",,,3,67f25cf40ac94d613d792966d015919a54ac7391f9a803b2649b5dc7dff5fae8
archive/assets/images/22_금당고_2학기_기말_고1_기출/q08-solution.svg,be3dbdc88088c09ef2b88173ed5988b3551e75ba7f1263c416c54aac47b87c5e,10385,STATIC_ROOT_SHAPE_PASS,0 0 620 500,,"{""svg"":1,""circle"":2,""ellipse"":0,""line"":3,""polyline"":2,""polygon"":0,""path"":0,""rect"":0,""text"":5,""g"":0,""defs"":0,""use"":0,""image"":0,""foreignObject"":0,""script"":0}",,,5,4bcd72ef44e9f414f0f9167384fa657a44a27d8355e3b7e3e3cfa298888e755d
archive/assets/images/22_금당고_2학기_기말_고1_기출/q09-solution.svg,7bf7be5c6d461cf5c1d18fc865de0ce609973ec9a94f885f31444ef57b376469,14699,STATIC_ROOT_SHAPE_PASS,0 0 620 500,,"{""svg"":1,""circle"":2,""ellipse"":0,""line"":4,""polyline"":2,""polygon"":0,""path"":0,""rect"":0,""text"":4,""g"":0,""defs"":0,""use"":0,""image"":0,""foreignObject"":0,""script"":0}",,,4,9bd7ebb5a83f90049f0d55a153f12c72d6ba533f58f1f048692ae0069469536f
archive/assets/images/22_금당고_2학기_기말_고1_기출/q13-solution.svg,647779400cbcf1b77135c31d7e48046b56c24afa558fdfcaf7f214f340a18305,3931,STATIC_ROOT_SHAPE_PASS,0 0 760 400,,"{""svg"":1,""circle"":4,""ellipse"":0,""line"":14,""polyline"":0,""polygon"":0,""path"":4,""rect"":3,""text"":22,""g"":2,""defs"":0,""use"":0,""image"":0,""foreignObject"":0,""script"":0}",,,22,3d4dfd7b35ca8344ae586afc43ac2b6dbb6e32ed34b840b17ea9d4b05dd5a009
archive/assets/images/22_금당고_2학기_기말_고1_기출/q17-solution.svg,ccd321967a8471a320a4d850cdf1a059522c15f48b90944355c0c5cedb5bab24,14765,STATIC_ROOT_SHAPE_PASS,0 0 620 500,,"{""svg"":1,""circle"":2,""ellipse"":0,""line"":4,""polyline"":3,""polygon"":0,""path"":0,""rect"":0,""text"":4,""g"":0,""defs"":0,""use"":0,""image"":0,""foreignObject"":0,""script"":0}",,,4,dfb397d42cea86cf38420cdf22a3d1bc2edf78a3f732d75e305b95f8aa845663
archive/assets/images/22_금당고_2학기_기말_고1_기출/q18-solution.svg,215950ec15fa8805539af3d2d0d3e36a8c2a35fbb394c49fbceca120be628274,3942,STATIC_ROOT_SHAPE_PASS,0 0 760 400,,"{""svg"":1,""circle"":1,""ellipse"":0,""line"":17,""polyline"":0,""polygon"":0,""path"":2,""rect"":3,""text"":21,""g"":1,""defs"":0,""use"":0,""image"":0,""foreignObject"":0,""script"":0}",,,21,0e54433edc40b66d56a091165317e861ffdf2b921464c13dbcea749c288e8096
archive/assets/images/22_금당고_2학기_기말_고1_기출/q20-solution.svg,80f08f72c5a1e099b0705baf8a0fa49373e0b766f80aabe32d005a5f921ecc04,4452,STATIC_ROOT_SHAPE_PASS,0 0 760 430,xMidYMid meet,"{""svg"":1,""circle"":0,""ellipse"":0,""line"":2,""polyline"":0,""polygon"":0,""path"":0,""rect"":5,""text"":24,""g"":0,""defs"":0,""use"":0,""image"":0,""foreignObject"":0,""script"":0}",,,24,59ad9362df37227af818f66bc53bd63de8ad0cf5e464c94dda9851e7c43dd228
archive/assets/images/22_금당고_2학기_중간_고1_기출/q11-solution.svg,86ccf0d99e5b9bd96c984a7a3d6b6086260d80cb4aaa5af9096551d70613fdfa,10386,STATIC_ROOT_SHAPE_PASS,0 0 620 500,,"{""svg"":1,""circle"":3,""ellipse"":0,""line"":2,""polyline"":2,""polygon"":0,""path"":0,""rect"":0,""text"":5,""g"":0,""defs"":0,""use"":0,""image"":0,""foreignObject"":0,""script"":0}",,,5,e92a8c6cacfcb7a6169a428e108cd77f842563ff083b344385742da05fe7f38f
archive/assets/images/22_금당고_2학기_중간_고1_기출/q13-solution.svg,398b8f2716e62fd37227bade9e72fdfd1b08f08afe89146b6062fd20645e2f96,3778,STATIC_ROOT_SHAPE_PASS,0 0 760 430,xMidYMid meet,"{""svg"":1,""circle"":0,""ellipse"":0,""line"":1,""polyline"":0,""polygon"":0,""path"":0,""rect"":6,""text"":13,""g"":0,""defs"":0,""use"":0,""image"":0,""foreignObject"":0,""script"":0}",,,13,e149e62e492e955e7e20bd9f38b91caf5da2343f2454c5f8fc8dfef754d0b6fd
archive/assets/images/22_금당고_2학기_중간_고1_기출/q16-solution.svg,e426c4a29ce85ec13d8a383d3dc9e545c1e1f726ccb9cb8d2839f6b7219fb783,3305,STATIC_ROOT_SHAPE_PASS,0 0 760 430,xMidYMid meet,"{""svg"":1,""circle"":0,""ellipse"":0,""line"":0,""polyline"":0,""polygon"":0,""path"":0,""rect"":5,""text"":11,""g"":0,""defs"":0,""use"":0,""image"":0,""foreignObject"":0,""script"":0}",,,11,4697160989ba3de3ecfc0d8313dc57ceede63427dbb955a2087c776d36fb4010
archive/assets/images/22_매산고_1학기_기말_고1_기출/q02-solution.svg,193c985e1934477ef23501f1fd9b098ca90f07f456222a4ee1bb2c9a9e781c85,5538,STATIC_ROOT_SHAPE_PASS,0 0 940 480,xMidYMid meet,"{""svg"":1,""circle"":3,""ellipse"":0,""line"":31,""polyline"":0,""polygon"":0,""path"":1,""rect"":3,""text"":14,""g"":3,""defs"":1,""use"":0,""image"":0,""foreignObject"":0,""script"":0}",,,14,b6372f4a1efa6f09a334db698ac6b1ca514ea7c5de9101df65a2e85b2d242025
archive/assets/images/22_매산고_1학기_기말_고1_기출/q04-solution.svg,38ea6ccca1f2aabaf8d2f5d609152bb07e5a8d0065d65e4192505b364be33abc,6974,STATIC_ROOT_SHAPE_PASS,0 0 720 360,xMidYMid meet,"{""svg"":1,""circle"":4,""ellipse"":0,""line"":28,""polyline"":0,""polygon"":1,""path"":1,""rect"":2,""text"":37,""g"":0,""defs"":1,""use"":0,""image"":0,""foreignObject"":0,""script"":0}",,,37,6ea7987676044cfffc45913848e2a6774b628232268a4217739a16c85105a507
archive/assets/images/22_매산고_1학기_기말_고1_기출/q05-solution.svg,dc6f6b549887d1b3249540b16aa620a1b5c796c338b4389f83473a810306f45c,3296,STATIC_ROOT_SHAPE_PASS,0 0 640 300,xMidYMid meet,"{""svg"":1,""circle"":2,""ellipse"":0,""line"":16,""polyline"":0,""polygon"":0,""path"":0,""rect"":3,""text"":13,""g"":1,""defs"":0,""use"":0,""image"":0,""foreignObject"":0,""script"":0}",,,13,79d3f43674026836134f5926f0970683176bb18be91c653fc1650713f93df280
archive/assets/images/22_매산고_1학기_기말_고1_기출/q06-solution.svg,8b42909e9004bc4a590a441bb6aaeef09b6c716117387d81b66f7d218d47391c,4399,STATIC_ROOT_SHAPE_PASS,0 0 840 480,xMidYMid meet,"{""svg"":1,""circle"":0,""ellipse"":0,""line"":20,""polyline"":0,""polygon"":0,""path"":0,""rect"":3,""text"":9,""g"":0,""defs"":0,""use"":0,""image"":0,""foreignObject"":0,""script"":0}",,,9,bc3192e0984bf9e96f86f34006940a84804833449e25061374ffa959709fd046
archive/assets/images/22_매산고_1학기_기말_고1_기출/q07-solution.svg,b941369f009981252bf54f5714a662bccda9bb696a6a1a1995d9102c4ce8c68d,8772,STATIC_ROOT_SHAPE_PASS,0 0 720 360,,"{""svg"":1,""circle"":3,""ellipse"":0,""line"":28,""polyline"":0,""polygon"":0,""path"":5,""rect"":2,""text"":12,""g"":0,""defs"":1,""use"":0,""image"":0,""foreignObject"":0,""script"":0}",,,12,67d43e93cd7864c5e0cdfa814373cd35dae2b6dcbdf15f05df1fa0131f8604b9
archive/assets/images/22_매산고_1학기_기말_고1_기출/q08-solution.svg,3257d0cbe7fbc2298e1ae4fd3158c95f0962abf593a2e56fb9657817c15b8dde,3031,STATIC_ROOT_SHAPE_PASS,0 0 720 360,,"{""svg"":1,""circle"":1,""ellipse"":0,""line"":17,""polyline"":0,""polygon"":0,""path"":1,""rect"":2,""text"":6,""g"":1,""defs"":1,""use"":0,""image"":0,""foreignObject"":0,""script"":0}",,,6,b11987b9cdbf01a80eb4ae6d6e16d7695091008d5cd04ac35b2a8c66f57a7676
archive/assets/images/22_매산고_1학기_기말_고1_기출/q09-solution.svg,aa1c19379e083ce899b1da00b49a53ea69e7665c223f1f1865b9d5b61cc63a9b,6470,STATIC_ROOT_SHAPE_PASS,0 0 840 480,xMidYMid meet,"{""svg"":1,""circle"":2,""ellipse"":0,""line"":37,""polyline"":0,""polygon"":0,""path"":0,""rect"":3,""text"":13,""g"":2,""defs"":0,""use"":0,""image"":0,""foreignObject"":0,""script"":0}",,,13,07e65aaf3f7f37dd9bfec55bb22635d383b94cfed1fcc42dd96a8f685be59817
archive/assets/images/22_매산고_1학기_기말_고1_기출/q10-solution.svg,afcd2104a13cb764593da2aae90abb4f90478c89685165ccc2f2512c97e517c7,7922,STATIC_ROOT_SHAPE_PASS,0 0 720 360,xMidYMid meet,"{""svg"":1,""circle"":6,""ellipse"":0,""line"":33,""polyline"":0,""polygon"":0,""path"":0,""rect"":3,""text"":39,""g"":0,""defs"":0,""use"":0,""image"":0,""foreignObject"":0,""script"":0}",,,39,062602b40418ee0bc74bf1d6d69dbbfa069e379a02ccdc4b4221f0705ec7e59d
archive/assets/images/22_매산고_1학기_기말_고1_기출/q12-solution.svg,1a8e5d7901182adcc399db44324f8ca5edabb1f04e38cf6a3ed597042cf047a8,14117,STATIC_ROOT_SHAPE_PASS,0 0 720 360,,"{""svg"":1,""circle"":2,""ellipse"":0,""line"":31,""polyline"":0,""polygon"":0,""path"":8,""rect"":2,""text"":11,""g"":0,""defs"":1,""use"":0,""image"":0,""foreignObject"":0,""script"":0}",,,11,eb3931858f5393b3439b4b7cade62052769de8c660f51f9558597151a1a5b856
archive/assets/images/22_매산고_1학기_기말_고1_기출/q13-solution.svg,2c351c68746fcc3743ebd3a15b974bbba32994091cec4afc67386a3687540291,5059,STATIC_ROOT_SHAPE_PASS,0 0 940 480,xMidYMid meet,"{""svg"":1,""circle"":4,""ellipse"":0,""line"":24,""polyline"":0,""polygon"":0,""path"":1,""rect"":3,""text"":12,""g"":3,""defs"":1,""use"":0,""image"":0,""foreignObject"":0,""script"":0}",,,12,ea479e6912bc5d2de39b143dd5132a29ec2d5751bb578110ae3619081da8dc3d
archive/assets/images/22_매산고_1학기_기말_고1_기출/q14-solution.svg,8b9424964f349cb2fa2f3d71bae09201e5ee5ef04cda61f8162e0d937df8d868,3937,STATIC_ROOT_SHAPE_PASS,0 0 640 300,xMidYMid meet,"{""svg"":1,""circle"":5,""ellipse"":0,""line"":19,""polyline"":0,""polygon"":0,""path"":0,""rect"":3,""text"":15,""g"":1,""defs"":0,""use"":0,""image"":0,""foreignObject"":0,""script"":0}",,,15,349464899fdff34621f65f388f12761676706874e04870cab70548e4a3d73172
archive/assets/images/22_매산고_1학기_기말_고1_기출/q15-solution.svg,a461af15d063cc13dbd9c0cd949e38dc20f6c0f3f5a71c0bf88dd3d7beaa859d,5565,STATIC_ROOT_SHAPE_PASS,0 0 840 480,xMidYMid meet,"{""svg"":1,""circle"":4,""ellipse"":0,""line"":24,""polyline"":0,""polygon"":0,""path"":0,""rect"":3,""text"":15,""g"":4,""defs"":0,""use"":0,""image"":0,""foreignObject"":0,""script"":0}",,,15,65c864721fac854471ff5c102d11b998b13c42b3817090f653c4e037ae7f8548
archive/assets/images/22_매산고_1학기_기말_고1_기출/q17-solution.svg,c2af82e214898a2a6101af7ef754097ef3376256a7ff197cf7060ee6904e8f7e,4257,STATIC_ROOT_SHAPE_PASS,0 0 720 360,,"{""svg"":1,""circle"":4,""ellipse"":0,""line"":18,""polyline"":0,""polygon"":0,""path"":1,""rect"":2,""text"":13,""g"":4,""defs"":1,""use"":0,""image"":0,""foreignObject"":0,""script"":0}",,,13,390ea5f1479cbd23eec0f908e89ba83795ac0000b2c2dd0dbde9d8acbe8c9fb9
archive/assets/images/22_매산고_1학기_기말_고1_기출/q18-solution.svg,cde2d5f1abe0ef00db22b1c2380a148bd8fbe56f9de8db50b122155b026d9f05,3893,STATIC_ROOT_SHAPE_PASS,0 0 640 300,xMidYMid meet,"{""svg"":1,""circle"":4,""ellipse"":0,""line"":20,""polyline"":0,""polygon"":0,""path"":0,""rect"":3,""text"":15,""g"":1,""defs"":0,""use"":0,""image"":0,""foreignObject"":0,""script"":0}",,,15,eda0171236159d9695b3e336ae2015b976c4b4a92069d0750df9116ab69be6f3
archive/assets/images/22_매산고_1학기_기말_고1_기출/q19-solution.svg,0e46f539d98ba56ccc567cac172f21fc9c0948699ead30722949e9976d0a9be5,4423,STATIC_ROOT_SHAPE_PASS,0 0 640 320,xMidYMid meet,"{""svg"":1,""circle"":8,""ellipse"":0,""line"":18,""polyline"":0,""polygon"":0,""path"":0,""rect"":3,""text"":16,""g"":1,""defs"":0,""use"":0,""image"":0,""foreignObject"":0,""script"":0}",,,16,c1063c681ac1d808b23280aa7a812bd949e196843ce3bb37508701003643c2ce
archive/assets/images/22_매산고_1학기_기말_고1_기출/q20-solution.svg,dd244d12cb8f626d4904e31ba926bf6f423c45ebd7d74877372f69ac2b4a9ed5,4285,STATIC_ROOT_SHAPE_PASS,0 0 720 360,,"{""svg"":1,""circle"":0,""ellipse"":0,""line"":26,""polyline"":0,""polygon"":0,""path"":3,""rect"":4,""text"":9,""g"":0,""defs"":1,""use"":0,""image"":0,""foreignObject"":0,""script"":0}",,,9,80d2fe87fb9e4ecdbfbbbc77dc603f33544bfd35cea36869ed42f53bcc11cfcd
archive/assets/images/22_매산고_2학기_기말_고1_기출/q03-solution.svg,c0be533ad14e4524e815122506b765e51b870af93412543dc8d6ab20c84f26b8,5826,STATIC_ROOT_SHAPE_PASS,0 0 620 500,,"{""svg"":1,""circle"":2,""ellipse"":0,""line"":1,""polyline"":1,""polygon"":0,""path"":0,""rect"":0,""text"":4,""g"":0,""defs"":0,""use"":0,""image"":0,""foreignObject"":0,""script"":0}",,,4,bdee0b3833c75a4da1149650761620f90861257132da1ab705cce914b6bb73d3
archive/assets/images/22_매산고_2학기_기말_고1_기출/q07-solution.svg,94dcf54f5b012d1eb6555bc3b16a46aa03f80dec1946f9614f980a3b7b7155c5,5856,STATIC_ROOT_SHAPE_PASS,0 0 620 500,,"{""svg"":1,""circle"":1,""ellipse"":0,""line"":3,""polyline"":1,""polygon"":0,""path"":0,""rect"":0,""text"":4,""g"":0,""defs"":0,""use"":0,""image"":0,""foreignObject"":0,""script"":0}",,,4,4343443add784dddb13280248e8a16a05e74e09d1203c8860a2da3bbabd3d1ee
archive/assets/images/22_매산고_2학기_기말_고1_기출/q08-solution.svg,020595a6de9d3f0cc5d411564bb955ba71f3858acad941533cb8d878f20e7827,14972,STATIC_ROOT_SHAPE_PASS,0 0 620 500,,"{""svg"":1,""circle"":3,""ellipse"":0,""line"":4,""polyline"":2,""polygon"":0,""path"":0,""rect"":0,""text"":7,""g"":0,""defs"":0,""use"":0,""image"":0,""foreignObject"":0,""script"":0}",,,7,9fba18ea557534aeb9320907d4449ee235a5a57d16c44251ce273e767b1aa424
archive/assets/images/22_매산고_2학기_기말_고1_기출/q12-solution.svg,245952bf1c12feb19f2ef123f45579b2fb9102082f7fb538de1db4044dbcdf40,2155,STATIC_ROOT_SHAPE_PASS,0 0 620 500,,"{""svg"":1,""circle"":4,""ellipse"":0,""line"":5,""polyline"":0,""polygon"":0,""path"":0,""rect"":0,""text"":9,""g"":0,""defs"":0,""use"":0,""image"":0,""foreignObject"":0,""script"":0}",,,9,86956e3b3b986f0aba017700bb3d14dd7be1d1255c74b03b2c24dd00fe47ed50
archive/assets/images/22_매산고_2학기_기말_고1_기출/q19-solution.svg,1fe98214e8afe92f5d9c821238f61b0922bf127913d9c76f77c5dbbbbf59bdec,15265,STATIC_ROOT_SHAPE_PASS,0 0 620 520,,"{""svg"":1,""circle"":3,""ellipse"":0,""line"":7,""polyline"":2,""polygon"":0,""path"":0,""rect"":0,""text"":8,""g"":0,""defs"":0,""use"":0,""image"":0,""foreignObject"":0,""script"":0}",,,8,d15ce25cd4d27cdf1e5bd766a3f07a3302caf5110b91dc7d5c984bffe3dcd622
archive/assets/images/22_매산고_2학기_중간_고1_기출/q06-solution.svg,090ec017518dcf1642f9b58982ff65cacfa65dd32d53f2c16a9585d020760dc7,3633,STATIC_ROOT_SHAPE_PASS,0 0 760 430,xMidYMid meet,"{""svg"":1,""circle"":0,""ellipse"":0,""line"":3,""polyline"":0,""polygon"":0,""path"":0,""rect"":7,""text"":12,""g"":0,""defs"":0,""use"":0,""image"":0,""foreignObject"":0,""script"":0}",,,12,0be67b9a33a82cfb47f8d2ff94acf055128342fe74ca2a3d72c8b02b4e0f9390
archive/assets/images/22_매산고_2학기_중간_고1_기출/q16-solution.svg,a5e79dc39911268828628367af6033ccb611ba4628c9f643ca9fb7fe0daeb01b,4869,STATIC_ROOT_SHAPE_PASS,0 0 760 380,xMidYMid meet,"{""svg"":1,""circle"":0,""ellipse"":0,""line"":4,""polyline"":0,""polygon"":0,""path"":2,""rect"":11,""text"":19,""g"":0,""defs"":1,""use"":0,""image"":0,""foreignObject"":0,""script"":0}",,,19,91406372914fd0ee1f22c3faaac8781c398e28c6a67c8a62601a76266cd49f4b
archive/assets/images/22_매산고_2학기_중간_고1_기출/q17-solution.svg,b52569e739549bbf845a5a48900e2b092c61cfe1710791a2e9a88f6cb5e714db,5665,STATIC_ROOT_SHAPE_PASS,0 0 760 430,xMidYMid meet,"{""svg"":1,""circle"":0,""ellipse"":0,""line"":0,""polyline"":0,""polygon"":0,""path"":0,""rect"":5,""text"":37,""g"":0,""defs"":0,""use"":0,""image"":0,""foreignObject"":0,""script"":0}",,,37,4f02993cf7dd5a1753919e8a52bfb8599704d1586262c73d3062f5211a12b2c8
archive/assets/images/22_매산고_2학기_중간_고1_기출/q19-solution.svg,0fe1ed55ab6426f35a51eef0f80753d4095cdfed12b0d6de53c258e23d98536c,3745,STATIC_ROOT_SHAPE_PASS,0 0 760 430,xMidYMid meet,"{""svg"":1,""circle"":2,""ellipse"":0,""line"":1,""polyline"":0,""polygon"":0,""path"":0,""rect"":3,""text"":14,""g"":0,""defs"":0,""use"":0,""image"":0,""foreignObject"":0,""script"":0}",,,14,f332610e7abafeb4e71a358b2eaeb58a771ad0f208f4b231f69e85481ba4a045
archive/assets/images/22_복성고_1학기_기말_고1_기출/q01-solution.svg,6b8e79aaf578e658ae8e5b346c515def5c7aacbe75e4e95e1e7a5520766b2a1c,4371,STATIC_ROOT_SHAPE_PASS,0 0 940 480,xMidYMid meet,"{""svg"":1,""circle"":2,""ellipse"":0,""line"":24,""polyline"":0,""polygon"":0,""path"":1,""rect"":3,""text"":9,""g"":2,""defs"":1,""use"":0,""image"":0,""foreignObject"":0,""script"":0}",,,9,0a7997efee4d18ce8daffbb2b7d149132521a7c768513db617abe19e1c21b0c1
archive/assets/images/22_복성고_1학기_기말_고1_기출/q03-solution.svg,8f63bf4e89956f27e257490103fb9a9af1bca79c884fbd1688df06cdcd475531,7374,STATIC_ROOT_SHAPE_PASS,0 0 720 360,xMidYMid meet,"{""svg"":1,""circle"":4,""ellipse"":0,""line"":32,""polyline"":0,""polygon"":0,""path"":0,""rect"":3,""text"":38,""g"":0,""defs"":0,""use"":0,""image"":0,""foreignObject"":0,""script"":0}",,,38,92283ea769be25bf36563164d21a0189dd2e36cfc6d5bc177c18360dc592f7eb
archive/assets/images/22_복성고_1학기_기말_고1_기출/q09-solution.svg,a9bc3ab3d7c1d28b4df92854571228bf5561da62a2b69869fde248e31eba8b54,5376,STATIC_ROOT_SHAPE_PASS,0 0 940 480,xMidYMid meet,"{""svg"":1,""circle"":5,""ellipse"":0,""line"":27,""polyline"":0,""polygon"":0,""path"":1,""rect"":3,""text"":12,""g"":3,""defs"":1,""use"":0,""image"":0,""foreignObject"":0,""script"":0}",,,12,dae0e635e603189366433c7cdb828b8c7050ca6af456caf1273369cb7caa15d4
archive/assets/images/22_복성고_1학기_기말_고1_기출/q11-solution.svg,3fea83fe0dc22d2781b222076cec09fba9897da0b8037dc73209d67d3f03a41d,4299,STATIC_ROOT_SHAPE_PASS,0 0 720 360,,"{""svg"":1,""circle"":0,""ellipse"":0,""line"":26,""polyline"":0,""polygon"":0,""path"":3,""rect"":4,""text"":9,""g"":0,""defs"":1,""use"":0,""image"":0,""foreignObject"":0,""script"":0}",,,9,76b5b879343b0accd35a25e2503ce10b0fc1db9059f904819210b92b63dd6228
archive/assets/images/22_복성고_1학기_기말_고1_기출/q12-solution.svg,a59f5d203293fd804e4f18cdce58c9321d5bc763d1755cf3022725d130188fca,3324,STATIC_ROOT_SHAPE_PASS,0 0 640 280,xMidYMid meet,"{""svg"":1,""circle"":4,""ellipse"":0,""line"":15,""polyline"":0,""polygon"":0,""path"":0,""rect"":3,""text"":13,""g"":1,""defs"":0,""use"":0,""image"":0,""foreignObject"":0,""script"":0}",,,13,52317b9351ccfb47c4dacbc592d76fcb02ae3c041b6b9aee217e783c4a328e6d
archive/assets/images/22_복성고_1학기_기말_고1_기출/q15-solution.svg,cf073d3f5942ddcca18e1c94969aaabb261d62a8e18488b4cd95a636484ad7bf,3700,STATIC_ROOT_SHAPE_PASS,0 0 640 280,xMidYMid meet,"{""svg"":1,""circle"":6,""ellipse"":0,""line"":18,""polyline"":0,""polygon"":0,""path"":0,""rect"":3,""text"":13,""g"":1,""defs"":0,""use"":0,""image"":0,""foreignObject"":0,""script"":0}",,,13,bc9268f90bff1c84cb3783d80f481380fd12e3197b2e49793d614b75387b228a
archive/assets/images/22_복성고_1학기_기말_고1_기출/q16-solution.svg,8445cc60280c1b9ad06ce9dd3f60caa095128070bc8f8567eb4c0d99f5ff4175,1936,STATIC_ROOT_SHAPE_PASS,0 0 720 360,xMidYMid meet,"{""svg"":1,""circle"":4,""ellipse"":0,""line"":2,""polyline"":0,""polygon"":0,""path"":0,""rect"":2,""text"":11,""g"":0,""defs"":0,""use"":0,""image"":0,""foreignObject"":0,""script"":0}",,,11,e0802958a110504e7867c4f97805900253095488353bc11f865c87ea71382eec
archive/assets/images/22_복성고_2학기_기말_고1_기출/q07-solution.svg,b9f8b75c5215e287db026e4627ee5e1d28ea70b919681f30f633457bfdebfda9,5918,STATIC_ROOT_SHAPE_PASS,0 0 600 500,,"{""svg"":1,""circle"":2,""ellipse"":0,""line"":2,""polyline"":1,""polygon"":0,""path"":0,""rect"":0,""text"":4,""g"":0,""defs"":0,""use"":0,""image"":0,""foreignObject"":0,""script"":0}",,,4,f1652d7d058a77f4ac91cfba6211cd32f8dc4b0ad5215ec2e9512a53ceb255bd
archive/assets/images/22_복성고_2학기_기말_고1_기출/q12-solution.svg,9608b9839619592cec85d1ead93f3e08c2708f3ebb226a05392b4598c4fa8383,27497,STATIC_ROOT_SHAPE_PASS,0 0 620 520,,"{""svg"":1,""circle"":1,""ellipse"":0,""line"":6,""polyline"":4,""polygon"":0,""path"":0,""rect"":0,""text"":3,""g"":0,""defs"":0,""use"":0,""image"":0,""foreignObject"":0,""script"":0}",,,3,50394ff40c9d94be48cdc1f9f9edfe3ddb08c6f2ab8e92286f20365f9edac7a9
archive/assets/images/22_복성고_2학기_기말_고1_기출/q15-solution.svg,5c042210800f5704bf1d42017ae24cd20c5f10d7627f9202af778250cecfb624,14711,STATIC_ROOT_SHAPE_PASS,0 0 620 500,,"{""svg"":1,""circle"":2,""ellipse"":0,""line"":4,""polyline"":2,""polygon"":0,""path"":0,""rect"":0,""text"":4,""g"":0,""defs"":0,""use"":0,""image"":0,""foreignObject"":0,""script"":0}",,,4,794836ffcce41f83f6e66fd6bcf0038df28afd1c5ec4d2c4d484fdcb0c77a9e6
archive/assets/images/22_복성고_2학기_기말_고1_기출/q21-solution.svg,26ee9d05faacf92b93ce55ec085ee28084c632a62b4b0b7ccd023d3661aeb7f4,15220,STATIC_ROOT_SHAPE_PASS,0 0 620 520,,"{""svg"":1,""circle"":3,""ellipse"":0,""line"":7,""polyline"":2,""polygon"":0,""path"":0,""rect"":0,""text"":8,""g"":0,""defs"":0,""use"":0,""image"":0,""foreignObject"":0,""script"":0}",,,8,0f6cd7d30b50a212e93d3a46df09a1d5da7fe995a0a7918985cb179eadb195a9
archive/assets/images/22_복성고_2학기_중간_고1_기출/q09-solution.svg,60387ad1858f7216efbea5853080680d40ad8c092c74ef83b7979668930b66cd,2643,STATIC_ROOT_SHAPE_PASS,0 0 760 390,,"{""svg"":1,""circle"":6,""ellipse"":0,""line"":0,""polyline"":0,""polygon"":0,""path"":0,""rect"":6,""text"":10,""g"":2,""defs"":1,""use"":0,""image"":0,""foreignObject"":0,""script"":0}",,,10,024105ca2538668e23a8e1c6a635ff814dc662d39046921ecb10b68b8472c402
archive/assets/images/22_복성고_2학기_중간_고1_기출/q15-solution.svg,b3626f0db47f8e242828baaca36d9ea2cc16ec9c9eb98855515d3c12afa860a8,3816,STATIC_ROOT_SHAPE_PASS,0 0 760 430,xMidYMid meet,"{""svg"":1,""circle"":0,""ellipse"":0,""line"":3,""polyline"":0,""polygon"":0,""path"":0,""rect"":3,""text"":20,""g"":0,""defs"":0,""use"":0,""image"":0,""foreignObject"":0,""script"":0}",,,20,034911335392604bf29922bdcc17ae0a7724f1b840eaf8995a68b59395ec7ea2
archive/assets/images/22_복성고_2학기_중간_고1_기출/q17-solution.svg,cb67f23808a4197d3cce4bb39cfca9fad4636f398d4a8d17aad77dbcbbd47b19,2780,STATIC_ROOT_SHAPE_PASS,0 0 760 380,,"{""svg"":1,""circle"":4,""ellipse"":0,""line"":16,""polyline"":0,""polygon"":0,""path"":2,""rect"":3,""text"":11,""g"":2,""defs"":0,""use"":0,""image"":0,""foreignObject"":0,""script"":0}",,,11,eb0e0799a042c5edb0d1781e9e304b5eed29ef724a259e40708abc553a39c1bf
archive/assets/images/22_복성고_2학기_중간_고1_기출/q21-solution.svg,e772558b1cb800d1f62f75ce3b765de9902443f03b34a9fde09f60b3a5b272d2,4845,STATIC_ROOT_SHAPE_PASS,0 0 760 430,xMidYMid meet,"{""svg"":1,""circle"":0,""ellipse"":0,""line"":5,""polyline"":0,""polygon"":0,""path"":0,""rect"":3,""text"":28,""g"":0,""defs"":0,""use"":0,""image"":0,""foreignObject"":0,""script"":0}",,,28,f97b65ed273bf1b2549660a0403a672418459a4d509124793aebdbc291bb3d3a
archive/assets/images/22_순천여고_1학기_기말_고1_기출/q03-solution.svg,e58233a10b7288123ce51db841d3d2197593c4946936e5771e9331b5efd976a6,5213,STATIC_ROOT_SHAPE_PASS,0 0 840 480,xMidYMid meet,"{""svg"":1,""circle"":2,""ellipse"":0,""line"":27,""polyline"":0,""polygon"":0,""path"":0,""rect"":3,""text"":13,""g"":2,""defs"":0,""use"":0,""image"":0,""foreignObject"":0,""script"":0}",,,13,9ba0fa920cf72dec24ca88632fbbad7d2575d4b1ed199fe731315c7d79cdf74d
archive/assets/images/22_순천여고_1학기_기말_고1_기출/q04-solution.svg,fb5833156235f56f5ea4945bfd180c657f8f340c4b5f7bdda7dc9c8184a38f15,4225,STATIC_ROOT_SHAPE_PASS,0 0 640 300,xMidYMid meet,"{""svg"":1,""circle"":4,""ellipse"":0,""line"":24,""polyline"":0,""polygon"":0,""path"":0,""rect"":3,""text"":16,""g"":1,""defs"":0,""use"":0,""image"":0,""foreignObject"":0,""script"":0}",,,16,00b7501127698731c551e637d0343b6c12c299c7ce6c51d9119c577cf5d2ceac
archive/assets/images/22_순천여고_1학기_기말_고1_기출/q05-solution.svg,75150763c547ef32218514328bd8695702c1e28eae5d380c9d9ecf33cc446c21,3532,STATIC_ROOT_SHAPE_PASS,0 0 640 300,xMidYMid meet,"{""svg"":1,""circle"":2,""ellipse"":0,""line"":20,""polyline"":0,""polygon"":0,""path"":0,""rect"":3,""text"":13,""g"":1,""defs"":0,""use"":0,""image"":0,""foreignObject"":0,""script"":0}",,,13,4efd7ce5a386f3f11d49ce033b321d6885d0b568663c3339e022a84f960a2675
archive/assets/images/22_순천여고_1학기_기말_고1_기출/q06-solution.svg,4f6216d2fadb67b0bee8bd1fd96e4c1468e379e6ea6ea0dead96d9be63afcb79,4282,STATIC_ROOT_SHAPE_PASS,0 0 840 480,xMidYMid meet,"{""svg"":1,""circle"":2,""ellipse"":0,""line"":18,""polyline"":0,""polygon"":0,""path"":0,""rect"":3,""text"":12,""g"":2,""defs"":0,""use"":0,""image"":0,""foreignObject"":0,""script"":0}",,,12,4e3038dcff0dfdb15440a65ba31c2b8ec7bd22cbac7bb0a07a3bff5d465db014
archive/assets/images/22_순천여고_1학기_기말_고1_기출/q07-solution.svg,2f4cf30ce1591382a8ceb67758ab24ffb4ac30ef9505b24975d06b073913e2fc,4238,STATIC_ROOT_SHAPE_PASS,0 0 640 300,xMidYMid meet,"{""svg"":1,""circle"":5,""ellipse"":0,""line"":27,""polyline"":0,""polygon"":0,""path"":0,""rect"":3,""text"":14,""g"":1,""defs"":0,""use"":0,""image"":0,""foreignObject"":0,""script"":0}",,,14,989c8e30a3e8167d964ad0875d02259d61cee68b26e17aca99e4a73177070494
archive/assets/images/22_순천여고_1학기_기말_고1_기출/q08-solution.svg,f629a0adc3f156376153de9a7fbb7c76771351c5d9bbe74cc272ed41e91db6bc,4207,STATIC_ROOT_SHAPE_PASS,0 0 640 300,xMidYMid meet,"{""svg"":1,""circle"":4,""ellipse"":0,""line"":30,""polyline"":0,""polygon"":0,""path"":0,""rect"":3,""text"":13,""g"":1,""defs"":0,""use"":0,""image"":0,""foreignObject"":0,""script"":0}",,,13,196d1e6a2ce2b38121276fe14316c8cd5184a5a0a27d4d6d4f8e5a6d7ee343b4
archive/assets/images/22_순천여고_1학기_기말_고1_기출/q09-solution.svg,39ee7ff0871e7be8560355d57974c9ad09c1c20c252862b55f17f2ef822b2dda,5196,STATIC_ROOT_SHAPE_PASS,0 0 720 360,xMidYMid meet,"{""svg"":1,""circle"":3,""ellipse"":0,""line"":19,""polyline"":0,""polygon"":1,""path"":1,""rect"":2,""text"":26,""g"":0,""defs"":1,""use"":0,""image"":0,""foreignObject"":0,""script"":0}",,,26,dfaf8e8fe53072b01a0ad5c768b7a32c35d9529d4caf2c0a8775c4c28b24c510
archive/assets/images/22_순천여고_1학기_기말_고1_기출/q10-solution.svg,3fd1393be21024595935c3e7784c3d961bbed00633d5adc61827121e9fa11b8b,3399,STATIC_ROOT_SHAPE_PASS,0 0 720 360,xMidYMid meet,"{""svg"":1,""circle"":4,""ellipse"":0,""line"":11,""polyline"":0,""polygon"":2,""path"":0,""rect"":3,""text"":14,""g"":0,""defs"":0,""use"":0,""image"":0,""foreignObject"":0,""script"":0}",,,14,4c21b3af15ff8d9f12673eb16db63be83b60b60905ba24ec1ae62c0ea94b5149
archive/assets/images/22_순천여고_1학기_기말_고1_기출/q12-solution.svg,1fa193007f3524f5cc00cfbe7f83e377d86fbc81a36dec4ffb0f7a1e573335ec,6720,STATIC_ROOT_SHAPE_PASS,0 0 720 360,xMidYMid meet,"{""svg"":1,""circle"":3,""ellipse"":0,""line"":29,""polyline"":0,""polygon"":0,""path"":0,""rect"":3,""text"":34,""g"":0,""defs"":0,""use"":0,""image"":0,""foreignObject"":0,""script"":0}",,,34,e0e3b6b970ea51590d52653dc3066117d339cf30f1f71d2aeaca985e1bbcfb37
archive/assets/images/22_순천여고_1학기_기말_고1_기출/q16-solution.svg,ff704b42f55d0c75c91e8607f24756af2e60d3a006f25d9015312feda0348cbb,4184,STATIC_ROOT_SHAPE_PASS,0 0 720 360,,"{""svg"":1,""circle"":2,""ellipse"":0,""line"":25,""polyline"":0,""polygon"":0,""path"":1,""rect"":2,""text"":9,""g"":2,""defs"":1,""use"":0,""image"":0,""foreignObject"":0,""script"":0}",,,9,432363c47ee58cdabb91bcf5194d05385f6b5671d109b72086b731de1f734814
archive/assets/images/22_순천여고_1학기_기말_고1_기출/q17-solution.svg,603e08d22273ec858801dc55a21c7c6b0466d1d421b7f6782d15e4227bddc50b,4347,STATIC_ROOT_SHAPE_PASS,0 0 640 320,xMidYMid meet,"{""svg"":1,""circle"":5,""ellipse"":0,""line"":25,""polyline"":0,""polygon"":0,""path"":0,""rect"":3,""text"":16,""g"":1,""defs"":0,""use"":0,""image"":0,""foreignObject"":0,""script"":0}",,,16,2dde0ed3d39f2823b1cf41b6cdb9508bb5c9d84b5050bb77be4457e6de6c6374
archive/assets/images/22_순천여고_1학기_기말_고1_기출/q18-solution.svg,aa7c22b4109234d20bae2f7a0f2c3bd4038f4ca0a6a31356c1b4d0a4ddc09e79,5641,STATIC_ROOT_SHAPE_PASS,0 0 840 480,xMidYMid meet,"{""svg"":1,""circle"":4,""ellipse"":0,""line"":23,""polyline"":0,""polygon"":0,""path"":0,""rect"":3,""text"":18,""g"":4,""defs"":0,""use"":0,""image"":0,""foreignObject"":0,""script"":0}",,,18,31f8f2f9623ad81ca6a43d95a9b4160acd9a7c5b531bf0538176a3797e6b1f43
archive/assets/images/22_순천여고_1학기_기말_고1_기출/q19-solution.svg,218212ce02e0afc2b9b3a62af18412e9312745d7d2c5e9cc5d9d211a2d95d64f,4116,STATIC_ROOT_SHAPE_PASS,0 0 840 480,xMidYMid meet,"{""svg"":1,""circle"":2,""ellipse"":0,""line"":17,""polyline"":0,""polygon"":0,""path"":0,""rect"":3,""text"":13,""g"":2,""defs"":0,""use"":0,""image"":0,""foreignObject"":0,""script"":0}",,,13,388518a4ce16a686ca67dd868489c23eb55d409b2126a8c174559e4f279e1fa3
archive/assets/images/22_순천여고_1학기_기말_고1_기출/q20-solution.svg,dfdbbc45b15bfe348e3d55af1cd69dcdefc22bba864761b4abe807c7463dc3c8,4281,STATIC_ROOT_SHAPE_PASS,0 0 720 360,,"{""svg"":1,""circle"":0,""ellipse"":0,""line"":26,""polyline"":0,""polygon"":0,""path"":3,""rect"":4,""text"":9,""g"":0,""defs"":1,""use"":0,""image"":0,""foreignObject"":0,""script"":0}",,,9,6bd11a16f97e6d8c926f1b08521f796d91531a048358a4d9a8d75dcdff278589
archive/assets/images/22_순천여고_1학기_기말_고1_기출/q23-solution.svg,f3894dc8daaa249bdce97e195ce83946106d7160041d7366e912c9e610d4df48,6288,STATIC_ROOT_SHAPE_PASS,0 0 720 360,xMidYMid meet,"{""svg"":1,""circle"":5,""ellipse"":0,""line"":24,""polyline"":0,""polygon"":0,""path"":0,""rect"":3,""text"":31,""g"":0,""defs"":0,""use"":0,""image"":0,""foreignObject"":0,""script"":0}",,,31,9c021207ef7fcf7b2ad1d771c2d3e814bb1e7a7bbcd5649032e4a3b66354bf6d
archive/assets/images/22_순천여고_2학기_기말_고1_기출/q07-solution.svg,12f99a40b3b1e1800033fcc9e4e9c3aca9b37c4642feb5c05c0eb5aca2b3f880,14717,STATIC_ROOT_SHAPE_PASS,0 0 600 500,,"{""svg"":1,""circle"":4,""ellipse"":0,""line"":4,""polyline"":2,""polygon"":0,""path"":0,""rect"":0,""text"":6,""g"":0,""defs"":0,""use"":0,""image"":0,""foreignObject"":0,""script"":0}",,,6,19a77d823e192ed583ef38d3812464591e3c1a1a71352bd9d329bdea844fea08
archive/assets/images/22_순천여고_2학기_기말_고1_기출/q08-solution.svg,7ce7f35db6aa99215b3247d03f178e451fd1ed951b309f45f19cb20659e9cba1,14615,STATIC_ROOT_SHAPE_PASS,0 0 600 500,,"{""svg"":1,""circle"":0,""ellipse"":0,""line"":5,""polyline"":2,""polygon"":0,""path"":0,""rect"":0,""text"":3,""g"":0,""defs"":0,""use"":0,""image"":0,""foreignObject"":0,""script"":0}",,,3,4031a6b10f0d02e07ec60557f0ca3d3fae1056e3aef8fc3aa8bc4e266f7853a8
archive/assets/images/22_순천여고_2학기_기말_고1_기출/q09-solution.svg,67f494a9c23b95351b51e2ed1cb96942f071be32cee87a11c499c6eaeee22920,4192,STATIC_ROOT_SHAPE_PASS,0 0 640 280,xMidYMid meet,"{""svg"":1,""circle"":4,""ellipse"":0,""line"":21,""polyline"":0,""polygon"":0,""path"":0,""rect"":3,""text"":16,""g"":1,""defs"":0,""use"":0,""image"":0,""foreignObject"":0,""script"":0}",,,16,69cb14ca96a54c852eda4c5f0359e6db877bc0c9c43385bac9d1b97fd4f7d8c1
archive/assets/images/22_순천여고_2학기_기말_고1_기출/q14-solution.svg,2beaada64a69b07df9dd7a4c1bbddc645afc72f734b40f5f7b4841dbf3ae912f,10317,STATIC_ROOT_SHAPE_PASS,0 0 620 500,,"{""svg"":1,""circle"":3,""ellipse"":0,""line"":2,""polyline"":2,""polygon"":0,""path"":0,""rect"":0,""text"":5,""g"":0,""defs"":0,""use"":0,""image"":0,""foreignObject"":0,""script"":0}",,,5,957b849b91965707345d9a8c2a9f12aca8ae8efcbfc601d04e7594796b2fe3ed
archive/assets/images/22_순천여고_2학기_기말_고1_기출/q17-solution.svg,ab25646c11110c527c74ea692c19b7a95b5d0ac09fd39f2da6e83b2c1987e543,5874,STATIC_ROOT_SHAPE_PASS,0 0 620 500,,"{""svg"":1,""circle"":2,""ellipse"":0,""line"":2,""polyline"":1,""polygon"":0,""path"":0,""rect"":0,""text"":4,""g"":0,""defs"":0,""use"":0,""image"":0,""foreignObject"":0,""script"":0}",,,4,cfd82d3461bb29716422dcc544a54acbe8f51e31e2fbe4b396c1267faeeccd1b
archive/assets/images/22_순천여고_2학기_기말_고1_기출/q20-solution.svg,12bb3e984aa80a78598dbdc2ede11fcbe0a19c9cd54540b3c75a52c3eb94f31a,14993,STATIC_ROOT_SHAPE_PASS,0 0 620 520,,"{""svg"":1,""circle"":3,""ellipse"":0,""line"":7,""polyline"":2,""polygon"":0,""path"":0,""rect"":0,""text"":8,""g"":0,""defs"":0,""use"":0,""image"":0,""foreignObject"":0,""script"":0}",,,8,1a8e06af926c225e9422a5952fdc7ce6db6cd988f4c3918706f12ebd17ffb2d2
archive/assets/images/22_순천여고_2학기_기말_고1_기출/q21-solution.svg,cd04e88068f13023536e4b883193e63e429065758544e799f268d8dbc619383d,5910,STATIC_ROOT_SHAPE_PASS,0 0 620 500,,"{""svg"":1,""circle"":2,""ellipse"":0,""line"":2,""polyline"":1,""polygon"":0,""path"":0,""rect"":0,""text"":4,""g"":0,""defs"":0,""use"":0,""image"":0,""foreignObject"":0,""script"":0}",,,4,9382754cd3f82f262c9ea449d0e570f3ff6197c50ce1b3e949cf07ff747ee72e
archive/assets/images/22_순천여고_2학기_중간_고1_기출/q04-solution.svg,0de54262710060030b34f11bddf6a507fb4fc15830a8007fe79b3f453821e414,3458,STATIC_ROOT_SHAPE_PASS,0 0 760 430,xMidYMid meet,"{""svg"":1,""circle"":2,""ellipse"":0,""line"":0,""polyline"":0,""polygon"":0,""path"":0,""rect"":3,""text"":13,""g"":0,""defs"":0,""use"":0,""image"":0,""foreignObject"":0,""script"":0}",,,13,1555f747d911024fd88a262f38a449c9619bb8b61a8ae2dee727227b7f1a688a
archive/assets/images/22_순천여고_2학기_중간_고1_기출/q08-solution.svg,37c98ca59deafc9297082052ff53f74ec3138b650cbf8ff3fe94d0029739c854,3604,STATIC_ROOT_SHAPE_PASS,0 0 760 430,xMidYMid meet,"{""svg"":1,""circle"":0,""ellipse"":0,""line"":3,""polyline"":0,""polygon"":0,""path"":0,""rect"":7,""text"":12,""g"":0,""defs"":0,""use"":0,""image"":0,""foreignObject"":0,""script"":0}",,,12,5dee39f00b5132cf1c108cabd9a5f2c2026c26110a0b6d05ac4204a1a9d0fb86
archive/assets/images/22_순천여고_2학기_중간_고1_기출/q16-solution.svg,c0c554d7f68fc5c124f613e203e2e9baca20ea02bdfe0771a1ee8845e3421825,19090,STATIC_ROOT_SHAPE_PASS,0 0 620 520,,"{""svg"":1,""circle"":3,""ellipse"":0,""line"":2,""polyline"":4,""polygon"":0,""path"":0,""rect"":0,""text"":5,""g"":0,""defs"":0,""use"":0,""image"":0,""foreignObject"":0,""script"":0}",,,5,e714eee86011dae56939d47d1f4442f78089c02fa8ffb1555f7e045a7467cf40
archive/assets/images/22_순천여고_2학기_중간_고1_기출/q17-solution.svg,58bcf60748ff0ff47873789f35b953b05e2fe38329dc6235c95034efed8ec4ee,5734,STATIC_ROOT_SHAPE_PASS,0 0 620 500,,"{""svg"":1,""circle"":1,""ellipse"":0,""line"":2,""polyline"":1,""polygon"":0,""path"":0,""rect"":0,""text"":3,""g"":0,""defs"":0,""use"":0,""image"":0,""foreignObject"":0,""script"":0}",,,3,b9f5acd0663c4172b2f0699e82a758df6bb28769ad06efd63c146f1fab5faa71
archive/assets/images/22_제일고_1학기_기말_고1_기출/q05-solution.svg,543a4f2ff940afde55da7f788e59705d6fd1ef9ae82a715de9a0352ed7220d44,4258,STATIC_ROOT_SHAPE_PASS,0 0 720 360,,"{""svg"":1,""circle"":0,""ellipse"":0,""line"":26,""polyline"":0,""polygon"":0,""path"":3,""rect"":4,""text"":9,""g"":0,""defs"":1,""use"":0,""image"":0,""foreignObject"":0,""script"":0}",,,9,838d6252088d2b4745824c6f1648c87daa926f57a1580deeb9def4a6bf676ad3
archive/assets/images/22_제일고_1학기_기말_고1_기출/q06-solution.svg,6be466938734ab8818c8a33c1e6089d942b88f31b1efad51e966c80b8d6d9f17,3615,STATIC_ROOT_SHAPE_PASS,0 0 720 360,xMidYMid meet,"{""svg"":1,""circle"":4,""ellipse"":0,""line"":12,""polyline"":0,""polygon"":2,""path"":0,""rect"":3,""text"":15,""g"":0,""defs"":0,""use"":0,""image"":0,""foreignObject"":0,""script"":0}",,,15,dc961a0400082f01efa4209552a01cfe358385815847b66cf5c5ca5d5761b2a0
archive/assets/images/22_제일고_1학기_기말_고1_기출/q07-solution.svg,573c731f8e537008c489a860be1d5b5dac89fec8dda9eaf5af42eec5dd179341,2053,STATIC_ROOT_SHAPE_PASS,0 0 720 360,xMidYMid meet,"{""svg"":1,""circle"":3,""ellipse"":0,""line"":6,""polyline"":0,""polygon"":0,""path"":0,""rect"":2,""text"":10,""g"":0,""defs"":0,""use"":0,""image"":0,""foreignObject"":0,""script"":0}",,,10,42080af967d5a8a9a31a546e5b058ba86a2a14d7f34242070080cf6b60a5b9c5
archive/assets/images/22_제일고_1학기_기말_고1_기출/q08-solution.svg,75473b54a6b2f1d891ffd2f789bcaf5de7c810aa0767c13d15bf1d33ac3c4128,4313,STATIC_ROOT_SHAPE_PASS,0 0 720 360,xMidYMid meet,"{""svg"":1,""circle"":2,""ellipse"":0,""line"":16,""polyline"":0,""polygon"":0,""path"":1,""rect"":2,""text"":21,""g"":0,""defs"":1,""use"":0,""image"":0,""foreignObject"":0,""script"":0}",,,21,943120a8cdb8864edb105b29f007265549baf7a7976f0814862cf2c7011173dd
archive/assets/images/22_제일고_1학기_기말_고1_기출/q09-solution.svg,ba62e05e7a7d5fc3fe915114852cf97f0ef6ec3cdabcf41e80b3526530d4433c,3105,STATIC_ROOT_SHAPE_PASS,0 0 720 360,,"{""svg"":1,""circle"":1,""ellipse"":0,""line"":18,""polyline"":0,""polygon"":0,""path"":1,""rect"":2,""text"":6,""g"":1,""defs"":1,""use"":0,""image"":0,""foreignObject"":0,""script"":0}",,,6,1dde372ea18e750ad107b2ca89db3d39c3f93f476e007270d72d1d64ef43c314
archive/assets/images/22_제일고_1학기_기말_고1_기출/q10-solution.svg,96506370bfc3e4d56be6285de47e9db07385d898e1cafc7f4cbd3f1d87a2e702,4603,STATIC_ROOT_SHAPE_PASS,0 0 840 480,xMidYMid meet,"{""svg"":1,""circle"":2,""ellipse"":0,""line"":23,""polyline"":0,""polygon"":0,""path"":0,""rect"":3,""text"":12,""g"":2,""defs"":0,""use"":0,""image"":0,""foreignObject"":0,""script"":0}",,,12,f1302c013b00a3c4cd175a5571ce736587c7901dd34edb50298fb0bc13ea29c3
archive/assets/images/22_제일고_1학기_기말_고1_기출/q11-solution.svg,eb811d7a870003e33f656a7448463bb1ddca8693dfb41cabfa0f64f995c164e7,5508,STATIC_ROOT_SHAPE_PASS,0 0 840 480,xMidYMid meet,"{""svg"":1,""circle"":3,""ellipse"":0,""line"":25,""polyline"":0,""polygon"":0,""path"":0,""rect"":3,""text"":15,""g"":3,""defs"":0,""use"":0,""image"":0,""foreignObject"":0,""script"":0}",,,15,347a83ec6754b0344e7ae5ddced705ad07d27aadfb55cee1d52f589b261b6b6c
archive/assets/images/22_제일고_1학기_기말_고1_기출/q12-solution.svg,879a8c6cbb8dc88d8a77a4a25528958988e80d3086be6dbdd1399a5e64bcce04,4222,STATIC_ROOT_SHAPE_PASS,0 0 840 480,xMidYMid meet,"{""svg"":1,""circle"":2,""ellipse"":0,""line"":17,""polyline"":0,""polygon"":0,""path"":0,""rect"":3,""text"":12,""g"":2,""defs"":0,""use"":0,""image"":0,""foreignObject"":0,""script"":0}",,,12,27389d775b08e78a55ed2d6b95b262cbfdef2c30abb4e7197188cc2d76642102
archive/assets/images/22_제일고_1학기_기말_고1_기출/q13-solution.svg,f54e248a3d48e9606b7069080259368a1024561425a33000aeb3f6abfe58d013,5544,STATIC_ROOT_SHAPE_PASS,0 0 720 360,xMidYMid meet,"{""svg"":1,""circle"":3,""ellipse"":0,""line"":22,""polyline"":0,""polygon"":0,""path"":0,""rect"":3,""text"":27,""g"":0,""defs"":0,""use"":0,""image"":0,""foreignObject"":0,""script"":0}",,,27,61fbc3a7e9a79bab3018ec85985191eda13ae655e4659ac4c9ae0e658ace4a2c
archive/assets/images/22_제일고_1학기_기말_고1_기출/q14-solution.svg,ead25b028c3bdd7c6cfc75031a3d0e187cffc3c218d439c7f73685d14f0c8212,5036,STATIC_ROOT_SHAPE_PASS,0 0 720 360,xMidYMid meet,"{""svg"":1,""circle"":5,""ellipse"":0,""line"":16,""polyline"":0,""polygon"":0,""path"":0,""rect"":3,""text"":22,""g"":0,""defs"":0,""use"":0,""image"":0,""foreignObject"":0,""script"":0}",,,22,9a1ccb74dd4acac297bbfa6b8d36dfe1a5997c208c1bbdc20ff85763de5819d2
archive/assets/images/22_제일고_1학기_기말_고1_기출/q15-solution.svg,1382dc644ed35472c444cba9283d5dcff1a08c91bb1582c61048e5c368b3dc2c,4320,STATIC_ROOT_SHAPE_PASS,0 0 640 300,xMidYMid meet,"{""svg"":1,""circle"":4,""ellipse"":0,""line"":28,""polyline"":0,""polygon"":0,""path"":0,""rect"":3,""text"":15,""g"":1,""defs"":0,""use"":0,""image"":0,""foreignObject"":0,""script"":0}",,,15,ec58238e2994f36697d6a534001dbc0c9146be9569f41ae9778af87a2ee3edb8
archive/assets/images/22_제일고_1학기_기말_고1_기출/q16-solution.svg,49d9e2e0c89a83a60ce0a5af9fc479ef079ec7dbe14e4644d2cf0119707bf7eb,4037,STATIC_ROOT_SHAPE_PASS,0 0 640 300,xMidYMid meet,"{""svg"":1,""circle"":9,""ellipse"":0,""line"":15,""polyline"":0,""polygon"":0,""path"":0,""rect"":3,""text"":20,""g"":3,""defs"":0,""use"":0,""image"":0,""foreignObject"":0,""script"":0}",,,20,e5ae2f7b502f85de63702fc88742746587a37d076f74f3206238e07a9df85d37
archive/assets/images/22_제일고_1학기_기말_고1_기출/q17-solution.svg,31362127125cbb6d8de5ee5a765af38b291d6b900c674eab3d7946a3d69c389e,7525,STATIC_ROOT_SHAPE_PASS,0 0 720 360,xMidYMid meet,"{""svg"":1,""circle"":4,""ellipse"":0,""line"":33,""polyline"":0,""polygon"":0,""path"":0,""rect"":3,""text"":37,""g"":0,""defs"":0,""use"":0,""image"":0,""foreignObject"":0,""script"":0}",,,37,49bd6d5905cb0ad8be1a91ad58b5ea1e99eba9074e1df7696f8a3aff54563e7c
archive/assets/images/22_제일고_1학기_기말_고1_기출/q18-solution.svg,1b5875e12e64aa0bf2a03e3383e5790f769f825c8834fbe81621f054172902f0,3788,STATIC_ROOT_SHAPE_PASS,0 0 640 300,xMidYMid meet,"{""svg"":1,""circle"":3,""ellipse"":0,""line"":26,""polyline"":0,""polygon"":0,""path"":0,""rect"":3,""text"":13,""g"":1,""defs"":0,""use"":0,""image"":0,""foreignObject"":0,""script"":0}",,,13,5ca8ad91c5addaa026496e9a473ea98b26788d243b27e0bb2490c67215b76b49
archive/assets/images/22_제일고_1학기_기말_고1_기출/q20-solution.svg,10cc5a3d35899ce046930fd99307cd8aece63fd7b1343e618e88945dd4496715,3936,STATIC_ROOT_SHAPE_PASS,0 0 640 300,xMidYMid meet,"{""svg"":1,""circle"":3,""ellipse"":0,""line"":27,""polyline"":0,""polygon"":0,""path"":0,""rect"":3,""text"":13,""g"":1,""defs"":0,""use"":0,""image"":0,""foreignObject"":0,""script"":0}",,,13,ee058d9e063c850189b3688909729e349d6c98a0c34f7b306e3df0b7dfccdd3f
archive/assets/images/22_제일고_1학기_기말_고1_기출/q21-solution.svg,7546a6cb68e146fffa787e23bd7a5e19f6958a553183710e5edb755a76fa1678,4281,STATIC_ROOT_SHAPE_PASS,0 0 640 300,xMidYMid meet,"{""svg"":1,""circle"":6,""ellipse"":0,""line"":29,""polyline"":0,""polygon"":0,""path"":0,""rect"":3,""text"":14,""g"":1,""defs"":0,""use"":0,""image"":0,""foreignObject"":0,""script"":0}",,,14,53095edfaa26123a760cec900c68f66b8cc8a58de27d65b8834e47390d9de037
archive/assets/images/22_제일고_1학기_기말_고1_기출/q22-solution.svg,b216b8d0b9147be5fcbea0404f912eb90f690cd1434165c739e3d2c6f42a92f1,4355,STATIC_ROOT_SHAPE_PASS,0 0 640 320,xMidYMid meet,"{""svg"":1,""circle"":2,""ellipse"":0,""line"":32,""polyline"":0,""polygon"":1,""path"":0,""rect"":3,""text"":15,""g"":1,""defs"":0,""use"":0,""image"":0,""foreignObject"":0,""script"":0}",,,15,0d724a25a6319668642e0b269231f6b33da0367c5c2810b958f1823647f9587e
archive/assets/images/22_제일고_2학기_기말_고1_기출/q02-solution.svg,23c4bd273cc79fda9fbd00d4026654d3f0802f01cb99ccf53d96fddd9ba8fdc8,14739,STATIC_ROOT_SHAPE_PASS,0 0 620 500,,"{""svg"":1,""circle"":2,""ellipse"":0,""line"":4,""polyline"":2,""polygon"":0,""path"":0,""rect"":0,""text"":4,""g"":0,""defs"":0,""use"":0,""image"":0,""foreignObject"":0,""script"":0}",,,4,de87a1b5e97346e2c7bf0781f6c060b899ac15b82c36ef39e6873d45b3cc5ba5
archive/assets/images/22_제일고_2학기_기말_고1_기출/q09-solution.svg,236b18f417d79fa88ba3f95f5b64f79ec9e8fe0c312194e020fd9700e6275bf2,6058,STATIC_ROOT_SHAPE_PASS,0 0 600 500,,"{""svg"":1,""circle"":2,""ellipse"":0,""line"":3,""polyline"":1,""polygon"":0,""path"":0,""rect"":0,""text"":5,""g"":0,""defs"":0,""use"":0,""image"":0,""foreignObject"":0,""script"":0}",,,5,80a3425bc8a4479b580158973949bf0ac3b869e752fb19a97d9711ce4d8da460
archive/assets/images/22_제일고_2학기_기말_고1_기출/q22-solution.svg,1568f5f712dfb7b2198382b0bd2b0f697b829fda59d71e46ef55444ebc275186,10714,STATIC_ROOT_SHAPE_PASS,0 0 620 500,,"{""svg"":1,""circle"":4,""ellipse"":0,""line"":4,""polyline"":2,""polygon"":0,""path"":0,""rect"":0,""text"":8,""g"":0,""defs"":0,""use"":0,""image"":0,""foreignObject"":0,""script"":0}",,,8,02566cb90223fbfc2236cf1b5e8de1ed0c3ff111d1f9558220225936af7b7303
archive/assets/images/22_제일고_2학기_중간_고1_기출/q01-solution.svg,27de77f724ed82d9899317816d0719918425eb43575c16669e23a9657c45e912,4465,STATIC_ROOT_SHAPE_PASS,0 0 940 480,xMidYMid meet,"{""svg"":1,""circle"":1,""ellipse"":0,""line"":28,""polyline"":0,""polygon"":0,""path"":1,""rect"":3,""text"":9,""g"":1,""defs"":1,""use"":0,""image"":0,""foreignObject"":0,""script"":0}",,,9,bb51d846f32ef096a6bf54d8a49cd59feb940645a5649ecf7dfa242a9c0562a8
archive/assets/images/22_제일고_2학기_중간_고1_기출/q03-solution.svg,2490e75d17facd8fd19a2ea5325a15d47d265ca43506988bca4d0d60840222bd,4747,STATIC_ROOT_SHAPE_PASS,0 0 940 480,xMidYMid meet,"{""svg"":1,""circle"":3,""ellipse"":0,""line"":23,""polyline"":0,""polygon"":0,""path"":1,""rect"":3,""text"":11,""g"":3,""defs"":1,""use"":0,""image"":0,""foreignObject"":0,""script"":0}",,,11,7cccbe762836df4b58ba29f3a49640e082b9cfb55476bf291a57ab871d230f4c
archive/assets/images/22_제일고_2학기_중간_고1_기출/q05-solution.svg,91eee8bd2582a098ac1431ccfc23af3187a592d8594ec271928f72bce88dd6d5,4237,STATIC_ROOT_SHAPE_PASS,0 0 940 480,xMidYMid meet,"{""svg"":1,""circle"":4,""ellipse"":0,""line"":17,""polyline"":0,""polygon"":0,""path"":1,""rect"":3,""text"":12,""g"":4,""defs"":1,""use"":0,""image"":0,""foreignObject"":0,""script"":0}",,,12,694d3dd315f1b0de89a012134b2b7d8f18ca8de12d70d2cd4cd2e849877af8e4
archive/assets/images/22_제일고_2학기_중간_고1_기출/q11-solution.svg,8ecc2b6f3bc4bd02d783160bfdf51a79ca4f44c9cf069bd6527dcb0d8e7e18c6,3032,STATIC_ROOT_SHAPE_PASS,0 0 760 430,xMidYMid meet,"{""svg"":1,""circle"":0,""ellipse"":0,""line"":1,""polyline"":0,""polygon"":0,""path"":0,""rect"":3,""text"":8,""g"":0,""defs"":0,""use"":0,""image"":0,""foreignObject"":0,""script"":0}",,,8,36c9c01c7746f595358a96a9ce242e99c7f6de2c28ec6389b6648e528a6543e7
archive/assets/images/22_제일고_2학기_중간_고1_기출/q13-solution.svg,a8a933c5298009b57d74e36d286ee9dc3cc3c5bf8be31c77791bde1398dfd875,2793,STATIC_ROOT_SHAPE_PASS,0 0 760 430,xMidYMid meet,"{""svg"":1,""circle"":0,""ellipse"":0,""line"":1,""polyline"":0,""polygon"":0,""path"":0,""rect"":3,""text"":9,""g"":0,""defs"":0,""use"":0,""image"":0,""foreignObject"":0,""script"":0}",,,9,2a673d470ebf1143577cfbafa334a1507597add4d7fd6706e971ccc32c6470ce
archive/assets/images/22_제일고_2학기_중간_고1_기출/q17-solution.svg,c1df9d6d4b54897c33e8e8833de5aa52dbe1f11a14c8be65bf426d3955daa961,7203,STATIC_ROOT_SHAPE_PASS,0 0 940 480,xMidYMid meet,"{""svg"":1,""circle"":2,""ellipse"":0,""line"":21,""polyline"":1,""polygon"":0,""path"":1,""rect"":3,""text"":11,""g"":2,""defs"":1,""use"":0,""image"":0,""foreignObject"":0,""script"":0}",,,11,ab0da2e10bfdacf5d36ac889fa7987b0ab967626dd6e6de6616ba1e46ea8b3be
archive/assets/images/22_제일고_2학기_중간_고1_기출/q19-solution.svg,9d2cd7b61cdc4c563b7b17bf19d9b4d1df334b21d74acc8b59d85866120f0913,4545,STATIC_ROOT_SHAPE_PASS,0 0 760 430,xMidYMid meet,"{""svg"":1,""circle"":4,""ellipse"":0,""line"":0,""polyline"":0,""polygon"":0,""path"":0,""rect"":5,""text"":21,""g"":0,""defs"":0,""use"":0,""image"":0,""foreignObject"":0,""script"":0}",,,21,e7240f0d8befb945ad9685c474b8f4c893b5b90cde15fd256c3657116709d9fb
archive/assets/images/22_제일고_2학기_중간_고1_기출/q20-solution.svg,652df3df60b12612d3a901d8c16db723004f0d4adc3cbb6c25304fbe981e0457,3010,STATIC_ROOT_SHAPE_PASS,0 0 760 430,xMidYMid meet,"{""svg"":1,""circle"":0,""ellipse"":0,""line"":0,""polyline"":0,""polygon"":0,""path"":0,""rect"":4,""text"":8,""g"":0,""defs"":0,""use"":0,""image"":0,""foreignObject"":0,""script"":0}",,,8,f14abfe4e9f74d1726d4a9e1f7dcf14fd1d65e0ac0b5aedec60c8a6d78caa8cf
archive/assets/images/22_팔마고_1학기_기말_고1_기출/q03-solution.svg,aeadef90cad2cdb892719bc50ebaec3df6acf1ae6e94908be57e743a9bfee082,7317,STATIC_ROOT_SHAPE_PASS,0 0 720 360,xMidYMid meet,"{""svg"":1,""circle"":4,""ellipse"":0,""line"":30,""polyline"":0,""polygon"":1,""path"":1,""rect"":2,""text"":39,""g"":0,""defs"":1,""use"":0,""image"":0,""foreignObject"":0,""script"":0}",,,39,c47e20badd623333642e5d5977e36b6f769960f23b74b09756c68c030f210c96
archive/assets/images/22_팔마고_1학기_기말_고1_기출/q04-solution.svg,7164df5a7c54a06bbe18ba9d575f71afde3baffa0a30446d54980eac3918bac6,5514,STATIC_ROOT_SHAPE_PASS,0 0 840 480,xMidYMid meet,"{""svg"":1,""circle"":2,""ellipse"":0,""line"":30,""polyline"":0,""polygon"":0,""path"":0,""rect"":3,""text"":12,""g"":2,""defs"":0,""use"":0,""image"":0,""foreignObject"":0,""script"":0}",,,12,460621d1f62587a47b501751b54e8cbfc459244c81aa81c95a7e260af16ca844
archive/assets/images/22_팔마고_1학기_기말_고1_기출/q05-solution.svg,829638e52c321fcb391b81332dea0760aa0ff4d32c7180eb7fe1b374e10ea882,3569,STATIC_ROOT_SHAPE_PASS,0 0 840 480,xMidYMid meet,"{""svg"":1,""circle"":0,""ellipse"":0,""line"":16,""polyline"":0,""polygon"":0,""path"":0,""rect"":3,""text"":8,""g"":0,""defs"":0,""use"":0,""image"":0,""foreignObject"":0,""script"":0}",,,8,30bd164412b1b9b405a3954215340551626eb7f31ae2cd88207aac9b89820a23
archive/assets/images/22_팔마고_1학기_기말_고1_기출/q06-solution.svg,ee7e45e9f8949ce21f8c7bdaa44706614a74611ae7a5b80684ba9dd34ddceb23,5081,STATIC_ROOT_SHAPE_PASS,0 0 720 360,xMidYMid meet,"{""svg"":1,""circle"":3,""ellipse"":0,""line"":19,""polyline"":0,""polygon"":0,""path"":0,""rect"":3,""text"":24,""g"":0,""defs"":0,""use"":0,""image"":0,""foreignObject"":0,""script"":0}",,,24,9297f26aa51dedb8b11c213fdb8b6ad2e1c95aaddd7aa4b41dfc8aa2fc95e4be
archive/assets/images/22_팔마고_1학기_기말_고1_기출/q07-solution.svg,d681a522a5a5d9e63bec4ea508df752e271c8a1c1e605a7fbc45cffeb17a0ed9,3396,STATIC_ROOT_SHAPE_PASS,0 0 640 280,xMidYMid meet,"{""svg"":1,""circle"":4,""ellipse"":0,""line"":20,""polyline"":0,""polygon"":0,""path"":0,""rect"":3,""text"":12,""g"":1,""defs"":0,""use"":0,""image"":0,""foreignObject"":0,""script"":0}",,,12,bcde65eb8f610b01aa5b5f162bb3706b4c26ecd5f2dcc0e32c22cd3647d33578
archive/assets/images/22_팔마고_1학기_기말_고1_기출/q13-solution.svg,ed857999193b0ca6c690f08e64a09ac2b2d9e300946e0262e9102663877e2d8a,4347,STATIC_ROOT_SHAPE_PASS,0 0 840 480,xMidYMid meet,"{""svg"":1,""circle"":0,""ellipse"":0,""line"":20,""polyline"":0,""polygon"":0,""path"":0,""rect"":3,""text"":9,""g"":0,""defs"":0,""use"":0,""image"":0,""foreignObject"":0,""script"":0}",,,9,95ea10dfa5e404c251a6145410b9a88f439b97d0971c631a5cf5d914fb0f244d
archive/assets/images/22_팔마고_1학기_기말_고1_기출/q14-solution.svg,1f5a63013cdf97f4dea51756a05c58c9a6bd53d1e27d04d97dc14f9aa7771e9f,4649,STATIC_ROOT_SHAPE_PASS,0 0 840 480,xMidYMid meet,"{""svg"":1,""circle"":2,""ellipse"":0,""line"":22,""polyline"":0,""polygon"":0,""path"":0,""rect"":3,""text"":14,""g"":2,""defs"":0,""use"":0,""image"":0,""foreignObject"":0,""script"":0}",,,14,4a8e611849db2414e9dc06968bda49b631fc5067f5ffa5ea676df0b4c417f4e1
archive/assets/images/22_팔마고_1학기_기말_고1_기출/q15-solution.svg,cc8a7abb8b64cb4b9758a9a1d327688711515f38edd0c5b87fae942e80bb249a,3534,STATIC_ROOT_SHAPE_PASS,0 0 640 300,xMidYMid meet,"{""svg"":1,""circle"":2,""ellipse"":0,""line"":20,""polyline"":0,""polygon"":0,""path"":0,""rect"":3,""text"":13,""g"":1,""defs"":0,""use"":0,""image"":0,""foreignObject"":0,""script"":0}",,,13,746f0f9c3eae99f8b7f5e0dd5f61ab9a752ac919fee1233f55b30f14e502a423
archive/assets/images/22_팔마고_1학기_기말_고1_기출/q17-solution.svg,6e3c31d1971dc25e85396c0b06cca4411b29e1a464c84e9753bbb1d3a60266a6,13224,STATIC_ROOT_SHAPE_PASS,0 0 840 480,xMidYMid meet,"{""svg"":1,""circle"":4,""ellipse"":0,""line"":74,""polyline"":1,""polygon"":0,""path"":0,""rect"":3,""text"":16,""g"":4,""defs"":0,""use"":0,""image"":0,""foreignObject"":0,""script"":0}",,,16,c42177c4cb3738ad7f957356c0d495d4bf72e7ca3c1fab19d46a06c03629d421
archive/assets/images/22_팔마고_1학기_기말_고1_기출/q19-solution.svg,d3c38319df6bf71d9c7a009f86c0873f2a9d34116da506711293e6cfa04b0c8c,5346,STATIC_ROOT_SHAPE_PASS,0 0 720 360,xMidYMid meet,"{""svg"":1,""circle"":3,""ellipse"":0,""line"":20,""polyline"":0,""polygon"":0,""path"":0,""rect"":3,""text"":25,""g"":0,""defs"":0,""use"":0,""image"":0,""foreignObject"":0,""script"":0}",,,25,182227c09ea2be5d412e448291fd39ed2369ded0f1c655d5546bf820dd86ac22
archive/assets/images/22_팔마고_1학기_기말_고1_기출/q22-solution.svg,cd00f5f4b042cf5b22023c54ba5b3d7a0fb65854ffe21c9463a95caa7a30bb23,6680,STATIC_ROOT_SHAPE_PASS,0 0 840 480,xMidYMid meet,"{""svg"":1,""circle"":4,""ellipse"":0,""line"":30,""polyline"":0,""polygon"":0,""path"":0,""rect"":3,""text"":17,""g"":4,""defs"":0,""use"":0,""image"":0,""foreignObject"":0,""script"":0}",,,17,8a6728f923df07c6887559dc0885815ec6e89552f98e8df64a2627b10c586830
archive/assets/images/22_팔마고_2학기_기말_고1_기출/q06-solution.svg,68b4470bb4c299ef31999276f4e82a062588b408149c3a71936655e1b715ed01,14685,STATIC_ROOT_SHAPE_PASS,0 0 620 500,,"{""svg"":1,""circle"":2,""ellipse"":0,""line"":4,""polyline"":2,""polygon"":0,""path"":0,""rect"":0,""text"":4,""g"":0,""defs"":0,""use"":0,""image"":0,""foreignObject"":0,""script"":0}",,,4,602dd3b3bfb4533304395ac612f107c59bd78fac6d4aa735b5cf7efc0a7f7d57
archive/assets/images/22_팔마고_2학기_기말_고1_기출/q08-solution.svg,c6af2d8bee882fe3974f2cb6766366e9ddd5ec9abe245e1c141e7a3fabf7a130,14854,STATIC_ROOT_SHAPE_PASS,0 0 620 520,,"{""svg"":1,""circle"":2,""ellipse"":0,""line"":5,""polyline"":2,""polygon"":0,""path"":0,""rect"":0,""text"":5,""g"":0,""defs"":0,""use"":0,""image"":0,""foreignObject"":0,""script"":0}",,,5,159b2bd215907de7c7b61cb1b7bb7ce55e734048160a301a3f5ad28fb2a82cc6
archive/assets/images/22_팔마고_2학기_기말_고1_기출/q12-solution.svg,a937f4e26255b57a50e3a9c36bb598bd088f97e00accdfe8ca994ccf33aa3c19,5954,STATIC_ROOT_SHAPE_PASS,0 0 600 500,,"{""svg"":1,""circle"":2,""ellipse"":0,""line"":2,""polyline"":1,""polygon"":0,""path"":0,""rect"":0,""text"":5,""g"":0,""defs"":0,""use"":0,""image"":0,""foreignObject"":0,""script"":0}",,,5,9fd328d942b46dce548532bc3ee3ecf4c8d2cd23253617a481a07353f3ebb0e8
archive/assets/images/22_팔마고_2학기_기말_고1_기출/q14.svg,cbe155ed99411a623aba88aa717bc255c636c71fcd57f15d93a71fa61588fee6,837,STATIC_ROOT_SHAPE_PASS,0 0 360 260,,"{""svg"":1,""circle"":11,""ellipse"":0,""line"":0,""polyline"":0,""polygon"":0,""path"":0,""rect"":1,""text"":0,""g"":1,""defs"":0,""use"":0,""image"":0,""foreignObject"":0,""script"":0}",,,0,04e2bac57735afbb3aaa2ca47ca2e60f08a6600547ecf12ccd74dc0618595b6b
archive/assets/images/22_팔마고_2학기_기말_고1_기출/q16-solution.svg,d925944c4462cefa1c19dc672358a9d64aacee9083ba014456b12d035af2e52a,10463,STATIC_ROOT_SHAPE_PASS,0 0 620 500,,"{""svg"":1,""circle"":2,""ellipse"":0,""line"":4,""polyline"":2,""polygon"":0,""path"":0,""rect"":0,""text"":6,""g"":0,""defs"":0,""use"":0,""image"":0,""foreignObject"":0,""script"":0}",,,6,b3073f62b81600cba2802a5d3ed8df26dfc1c9708314fec677ee0199695a43e5
archive/assets/images/22_팔마고_2학기_기말_고1_기출/q21.svg,c1750dbae58e575ba62365929a9cb49c3523ad8ccdb09781a45982b991ffba27,1086,STATIC_ROOT_SHAPE_PASS,0 0 520 300,,"{""svg"":1,""circle"":1,""ellipse"":0,""line"":0,""polyline"":0,""polygon"":0,""path"":5,""rect"":1,""text"":3,""g"":2,""defs"":1,""use"":0,""image"":0,""foreignObject"":0,""script"":0}",,,3,f3a0bf20891b219e0750c035fc24e1daef11a79ce73f556e799574ad11a87b64
archive/assets/images/22_팔마고_2학기_중간_고1_기출/q03-solution.svg,9f54500520bc2aaa8580c5a35c6b5b28fde44d69bd23abbfebe4e4a605e1ff68,2278,STATIC_ROOT_SHAPE_PASS,0 0 960 260,,"{""svg"":1,""circle"":3,""ellipse"":0,""line"":5,""polyline"":0,""polygon"":1,""path"":0,""rect"":1,""text"":8,""g"":0,""defs"":0,""use"":0,""image"":0,""foreignObject"":0,""script"":0}",,,8,ca72c794374ec239d738cf93d1f0058f196d433e13abe2686b732c4add298475
archive/assets/images/22_팔마고_2학기_중간_고1_기출/q07-solution.svg,71f18f4434b5f22c28553fd60ee7dbd99e12d0e34c9402438b039d60cb25a9e8,4568,STATIC_ROOT_SHAPE_PASS,0 0 760 430,xMidYMid meet,"{""svg"":1,""circle"":4,""ellipse"":0,""line"":0,""polyline"":0,""polygon"":0,""path"":0,""rect"":5,""text"":21,""g"":0,""defs"":0,""use"":0,""image"":0,""foreignObject"":0,""script"":0}",,,21,656f06334f20ae4f0714cb7b14b0d1a817b5cb3ffd0e449b738ede7e3f12764b
archive/assets/images/22_팔마고_2학기_중간_고1_기출/q12-solution.svg,8dfa267798c2f47f9b1ca07c87e70a607dd2e4e2b8470479eb5f0cd68fc8da7d,10428,STATIC_ROOT_SHAPE_PASS,0 0 620 500,,"{""svg"":1,""circle"":3,""ellipse"":0,""line"":3,""polyline"":2,""polygon"":0,""path"":0,""rect"":0,""text"":6,""g"":0,""defs"":0,""use"":0,""image"":0,""foreignObject"":0,""script"":0}",,,6,f09f94a96f6ef3f9448a423980ba81dca8d9bbab5e17a2c606ae3aaeac45738d
archive/assets/images/22_팔마고_2학기_중간_고1_기출/q14-solution.svg,0467ee1f99f958a53f1c800682eeaac3f6d087801f1a4c19418ea5ad2b05310e,3611,STATIC_ROOT_SHAPE_PASS,0 0 760 430,xMidYMid meet,"{""svg"":1,""circle"":2,""ellipse"":0,""line"":1,""polyline"":0,""polygon"":0,""path"":0,""rect"":4,""text"":12,""g"":0,""defs"":0,""use"":0,""image"":0,""foreignObject"":0,""script"":0}",,,12,84065530d3ac1860a701e7e88cf31d7638259af94c2c4e59bdb4a8d1fe914e33
archive/assets/images/22_팔마고_2학기_중간_고1_기출/q18-solution.svg,389b62ae413d1cc0380682abbd46dd0aafaffbf1805b4b57130417af4d59ffb0,3193,STATIC_ROOT_SHAPE_PASS,0 0 640 280,,"{""svg"":1,""circle"":9,""ellipse"":0,""line"":15,""polyline"":0,""polygon"":0,""path"":0,""rect"":3,""text"":11,""g"":2,""defs"":0,""use"":0,""image"":0,""foreignObject"":0,""script"":0}",,,11,e573780b71318da64a1a0d58014fbaed2f3547445994d5ca5b787e80c8d080ee
archive/assets/images/22_팔마고_2학기_중간_고1_기출/q20-solution.svg,42abf33dd5effa3a97c04cd3ce5f86ee203a5fd16653b32522fdb770f5eee69c,3838,STATIC_ROOT_SHAPE_PASS,0 0 760 430,xMidYMid meet,"{""svg"":1,""circle"":0,""ellipse"":0,""line"":3,""polyline"":0,""polygon"":0,""path"":0,""rect"":7,""text"":13,""g"":0,""defs"":0,""use"":0,""image"":0,""foreignObject"":0,""script"":0}",,,13,c9b7625c92870db2cf5369358173d555d83424c19faa21055995eb2170d6fc76
archive/assets/images/22_팔마고_2학기_중간_고1_기출/q22-solution.svg,aab32952e415d9c666f00e8996917885fee718534c271b4f4f1b64c9ab2f2f66,10365,STATIC_ROOT_SHAPE_PASS,0 0 620 520,,"{""svg"":1,""circle"":2,""ellipse"":0,""line"":3,""polyline"":2,""polygon"":0,""path"":0,""rect"":0,""text"":5,""g"":0,""defs"":0,""use"":0,""image"":0,""foreignObject"":0,""script"":0}",,,5,7dcee366ca172a3f4f407270fa3c09e56eba6987919d43404066743a9215657b
archive/assets/images/22_효천고_1학기_기말_고1_기출/q01-solution.svg,77567a8df33f9970cba70006c39500afea9ea4b460b164a130ebb69aa7a6d33e,6470,STATIC_ROOT_SHAPE_PASS,0 0 720 360,xMidYMid meet,"{""svg"":1,""circle"":4,""ellipse"":0,""line"":25,""polyline"":0,""polygon"":1,""path"":1,""rect"":2,""text"":34,""g"":0,""defs"":1,""use"":0,""image"":0,""foreignObject"":0,""script"":0}",,,34,3440119ea4ac3aa8435b9d314ca0a5c806595567c1ef4d8637b11fa525d3a4a7
archive/assets/images/22_효천고_1학기_기말_고1_기출/q02-solution.svg,bbd58f35e92ffcd20485e3c1a9121697379b2b25b17158009c7f9e3d2a3b1b10,4246,STATIC_ROOT_SHAPE_PASS,0 0 840 480,xMidYMid meet,"{""svg"":1,""circle"":2,""ellipse"":0,""line"":19,""polyline"":0,""polygon"":0,""path"":0,""rect"":3,""text"":12,""g"":2,""defs"":0,""use"":0,""image"":0,""foreignObject"":0,""script"":0}",,,12,949386364f34d7d1096b0bae500680395b765780e4f7700fedea99a8ff40a71e
archive/assets/images/22_효천고_1학기_기말_고1_기출/q03-solution.svg,7098e52d5bd685160f9ad0372eabb9046f01c60f189857ad9e07a7e39a83c42b,5532,STATIC_ROOT_SHAPE_PASS,0 0 720 360,xMidYMid meet,"{""svg"":1,""circle"":3,""ellipse"":0,""line"":21,""polyline"":0,""polygon"":1,""path"":1,""rect"":2,""text"":28,""g"":0,""defs"":1,""use"":0,""image"":0,""foreignObject"":0,""script"":0}",,,28,8983125e7bcbc878b9542a9b4053ab706115502efab100cde3801345ed03d638
archive/assets/images/22_효천고_1학기_기말_고1_기출/q07-solution.svg,68d33fd1e88e2b47967622c631d919cd7fb205df594a95539f33d199ead840fb,2024,STATIC_ROOT_SHAPE_PASS,0 0 720 360,xMidYMid meet,"{""svg"":1,""circle"":4,""ellipse"":0,""line"":3,""polyline"":0,""polygon"":0,""path"":0,""rect"":2,""text"":11,""g"":0,""defs"":0,""use"":0,""image"":0,""foreignObject"":0,""script"":0}",,,11,7c7530bff9d478769299c230b9e4d3c6a6bf5954737fbc821634be569227ece5
archive/assets/images/22_효천고_1학기_기말_고1_기출/q08-solution.svg,1dc3b2cc98fd33e5877f2e432171af83b4460184518a98b98e4ca795735bd4c3,4284,STATIC_ROOT_SHAPE_PASS,0 0 720 360,,"{""svg"":1,""circle"":0,""ellipse"":0,""line"":26,""polyline"":0,""polygon"":0,""path"":3,""rect"":4,""text"":9,""g"":0,""defs"":1,""use"":0,""image"":0,""foreignObject"":0,""script"":0}",,,9,850d4f306bb7a0ed817abb8bffac8e8a265f2507fdf9dca468d9e6aa4c8f6098
archive/assets/images/22_효천고_1학기_기말_고1_기출/q14-solution.svg,a14fe40fbf3c8d40918512f18cdf159f053460774fb543a4e673212e4df1953e,6689,STATIC_ROOT_SHAPE_PASS,0 0 720 360,xMidYMid meet,"{""svg"":1,""circle"":4,""ellipse"":0,""line"":27,""polyline"":0,""polygon"":0,""path"":0,""rect"":3,""text"":33,""g"":0,""defs"":0,""use"":0,""image"":0,""foreignObject"":0,""script"":0}",,,33,96cf44db9c44fd5a97ce39a0cbd191f8048865431d37c7785debf026bff52012
archive/assets/images/22_효천고_1학기_기말_고1_기출/q16-solution.svg,2a62171f1b81819ab092259a2e723569f6b7a139cdeb6cfb570af95cf2507289,5280,STATIC_ROOT_SHAPE_PASS,0 0 840 480,xMidYMid meet,"{""svg"":1,""circle"":1,""ellipse"":0,""line"":28,""polyline"":0,""polygon"":0,""path"":0,""rect"":3,""text"":11,""g"":1,""defs"":0,""use"":0,""image"":0,""foreignObject"":0,""script"":0}",,,11,bc751651c91950220d71f91eac053e7ac2b217e75e8234c7c20e59d2c827852e
archive/assets/images/22_효천고_1학기_기말_고1_기출/q17-solution.svg,c081a40eb62a727254d6c1edcd234a41f188b1030591572e462f8befe2167b05,3737,STATIC_ROOT_SHAPE_PASS,0 0 640 320,,"{""svg"":1,""circle"":3,""ellipse"":0,""line"":19,""polyline"":0,""polygon"":0,""path"":0,""rect"":3,""text"":15,""g"":1,""defs"":0,""use"":0,""image"":0,""foreignObject"":0,""script"":0}",,,15,1a1348681caf29104951608e8c7a37b55c309d55482c1bf1418a4a804efb266a
archive/assets/images/22_효천고_1학기_기말_고1_기출/q18-solution.svg,8d9f6502cbf7a93415b4163a87a9674753b7da1773b7deb6db42900eb5b1124b,8012,STATIC_ROOT_SHAPE_PASS,0 0 720 360,xMidYMid meet,"{""svg"":1,""circle"":4,""ellipse"":0,""line"":35,""polyline"":0,""polygon"":0,""path"":1,""rect"":2,""text"":43,""g"":0,""defs"":1,""use"":0,""image"":0,""foreignObject"":0,""script"":0}",,,43,5ee67dba2f5a8c2c02a7e8a5809b42bce81054b57bb29d8e2e9ad2d26463226a
archive/assets/images/22_효천고_1학기_기말_고1_기출/q19-solution.svg,b4bc3d4b27b2830594d3b15bb7ae36bba68305d60d7093e7a9c4a7033a51d369,4160,STATIC_ROOT_SHAPE_PASS,0 0 640 300,,"{""svg"":1,""circle"":5,""ellipse"":0,""line"":23,""polyline"":0,""polygon"":0,""path"":0,""rect"":3,""text"":16,""g"":1,""defs"":0,""use"":0,""image"":0,""foreignObject"":0,""script"":0}",,,16,6a1fbee77c63ec98011e13d67e6b88eeaa4c779f961378fd87dd10f5e9ac6381
archive/assets/images/22_효천고_1학기_기말_고1_기출/q22-solution.svg,1a20098266fb220f4d61f99c2fe4778464c375e443f7e824b9b66872db6b8356,2870,STATIC_ROOT_SHAPE_PASS,0 0 720 360,,"{""svg"":1,""circle"":1,""ellipse"":0,""line"":15,""polyline"":0,""polygon"":0,""path"":1,""rect"":2,""text"":6,""g"":1,""defs"":1,""use"":0,""image"":0,""foreignObject"":0,""script"":0}",,,6,9f513d5d4f13dd82f3463ce013658ecfa0e5ba07c1c0b88380ee3775d9a855dd
archive/assets/images/22_효천고_2학기_기말_고1_기출/q04-solution.svg,f8f990040e1f459eec8c1e47f9e6887ddaa81d12c2652cd64f7f292047136d95,14469,STATIC_ROOT_SHAPE_PASS,0 0 620 520,,"{""svg"":1,""circle"":1,""ellipse"":0,""line"":6,""polyline"":2,""polygon"":0,""path"":0,""rect"":0,""text"":5,""g"":0,""defs"":0,""use"":0,""image"":0,""foreignObject"":0,""script"":0}",,,5,b4cebc37f7940543548e6b8d04b8d35b5738f8447895ba8162bfe69597c8d060
archive/assets/images/22_효천고_2학기_기말_고1_기출/q05-solution.svg,d68487dca4bc532a49c0b13e3d424ee24247b367da2fa7db5922fe103225610f,10451,STATIC_ROOT_SHAPE_PASS,0 0 620 520,,"{""svg"":1,""circle"":3,""ellipse"":0,""line"":3,""polyline"":2,""polygon"":0,""path"":0,""rect"":0,""text"":6,""g"":0,""defs"":0,""use"":0,""image"":0,""foreignObject"":0,""script"":0}",,,6,b1b3d584825417eeac49bd1ac470cc3a2c41cb07de797115b910afdeb6bc1493
archive/assets/images/22_효천고_2학기_기말_고1_기출/q15-solution.svg,b4eaa3b314a1dc66456c1d6fdcaefe9d18f91e527c1223ea8ba653aa7e28cb1e,27595,STATIC_ROOT_SHAPE_PASS,0 0 620 520,,"{""svg"":1,""circle"":3,""ellipse"":0,""line"":6,""polyline"":4,""polygon"":0,""path"":0,""rect"":0,""text"":5,""g"":0,""defs"":0,""use"":0,""image"":0,""foreignObject"":0,""script"":0}",,,5,52e88d887fdedaf98456bc637aa11a5bacdcbdb89647e3344d13221091a0e5a9
archive/assets/images/22_효천고_2학기_기말_고1_기출/q16-solution.svg,af45d561f2d651e69a9e73af64ccc7c08a5bd415d4c9145dc482a1748f5b24b6,10840,STATIC_ROOT_SHAPE_PASS,0 0 620 520,,"{""svg"":1,""circle"":3,""ellipse"":0,""line"":5,""polyline"":2,""polygon"":0,""path"":0,""rect"":0,""text"":8,""g"":0,""defs"":0,""use"":0,""image"":0,""foreignObject"":0,""script"":0}",,,8,b54676849f079e8ee4ad766a8cac62449a0ee29e1f4e6cfdffbbadd86a1c9ea0
archive/assets/images/22_효천고_2학기_기말_고1_기출/q18-solution.svg,56e2cba1b63d9c62391cd85ab28960fac2f796080791d08c507ca554944c67d9,5759,STATIC_ROOT_SHAPE_PASS,0 0 620 500,,"{""svg"":1,""circle"":1,""ellipse"":0,""line"":2,""polyline"":1,""polygon"":0,""path"":0,""rect"":0,""text"":3,""g"":0,""defs"":0,""use"":0,""image"":0,""foreignObject"":0,""script"":0}",,,3,9b82ddc472e2e602499191c7ae30fa2f309c8d15f3deffc886c6eb6a3025ac5f
archive/assets/images/22_효천고_2학기_기말_고1_기출/q22-solution.svg,bba66d88bb1712553b27275512ab0e54716c259f5b327486d9d5cc9f4efdcb8a,15071,STATIC_ROOT_SHAPE_PASS,0 0 620 520,,"{""svg"":1,""circle"":3,""ellipse"":0,""line"":6,""polyline"":2,""polygon"":0,""path"":0,""rect"":0,""text"":7,""g"":0,""defs"":0,""use"":0,""image"":0,""foreignObject"":0,""script"":0}",,,7,4fe0faa50d857df353c0397b150356ea0f431f9e74497a07e7b8f90e99699416
archive/assets/images/22_효천고_2학기_중간_고1_기출/q01-solution.svg,1dbaaec5bf0761e646010ca0c31ee2b75cee72a5f898b0ef4361b7fc68d77f44,4041,STATIC_ROOT_SHAPE_PASS,0 0 940 480,xMidYMid meet,"{""svg"":1,""circle"":2,""ellipse"":0,""line"":21,""polyline"":0,""polygon"":0,""path"":1,""rect"":3,""text"":9,""g"":2,""defs"":1,""use"":0,""image"":0,""foreignObject"":0,""script"":0}",,,9,41466e1b878cc42a22dfa4ac864cde2edd220a48f4e3a914dadd672dcebd4a97
archive/assets/images/22_효천고_2학기_중간_고1_기출/q10-solution.svg,611b4ac7848575ce319d1ab48ba2ebf67571f187b11f52e84b1277367e3f73dd,4564,STATIC_ROOT_SHAPE_PASS,0 0 760 430,xMidYMid meet,"{""svg"":1,""circle"":4,""ellipse"":0,""line"":0,""polyline"":0,""polygon"":0,""path"":0,""rect"":5,""text"":21,""g"":0,""defs"":0,""use"":0,""image"":0,""foreignObject"":0,""script"":0}",,,21,e26522a2a544e5d8f2b7371593cee6c18849dd358ae1d2cc0d8bb1c03bd1a4d0
archive/assets/images/22_효천고_2학기_중간_고1_기출/q11-solution.svg,93eaaf55320c44acd012af0836479e73a89ce20e881344aed4f0dd46ce7cb236,1506,STATIC_ROOT_SHAPE_PASS,0 0 760 300,,"{""svg"":1,""circle"":0,""ellipse"":2,""line"":0,""polyline"":0,""polygon"":0,""path"":0,""rect"":3,""text"":8,""g"":0,""defs"":0,""use"":0,""image"":0,""foreignObject"":0,""script"":0}",,,8,2b882221566139aad3e91426f4c2071a8b03688c6e110f50e124113be5d28876
archive/assets/images/22_효천고_2학기_중간_고1_기출/q12-solution.svg,d9d81e80faf0016894eba9430b2d55e1aa26b39b9cac06230463e441ec1ec1c5,3804,STATIC_ROOT_SHAPE_PASS,0 0 760 430,xMidYMid meet,"{""svg"":1,""circle"":0,""ellipse"":0,""line"":3,""polyline"":0,""polygon"":0,""path"":0,""rect"":3,""text"":20,""g"":0,""defs"":0,""use"":0,""image"":0,""foreignObject"":0,""script"":0}",,,20,4eee4b26921296890639f55c9b0113917b14e52b26ed25a3e2a410b6df5c745c
archive/assets/images/22_효천고_2학기_중간_고1_기출/q13-solution.svg,4364430c54474d41e9c51e1be6e636f442487d492602cb30a930b125a4dd3403,6319,STATIC_ROOT_SHAPE_PASS,0 0 940 480,xMidYMid meet,"{""svg"":1,""circle"":6,""ellipse"":0,""line"":30,""polyline"":0,""polygon"":0,""path"":1,""rect"":3,""text"":15,""g"":6,""defs"":1,""use"":0,""image"":0,""foreignObject"":0,""script"":0}",,,15,740e74d0c60cc79cb7f7fc389e98a5428250d8745dc50b9a93a1dd968269df8f
archive/assets/images/22_효천고_2학기_중간_고1_기출/q17-solution.svg,8644cbd7fcb5f91ce7d4f6d93a84b2db2e78aea9a7d754d399c10b3f871134e7,6275,STATIC_ROOT_SHAPE_PASS,0 0 940 480,xMidYMid meet,"{""svg"":1,""circle"":4,""ellipse"":0,""line"":30,""polyline"":0,""polygon"":0,""path"":1,""rect"":3,""text"":20,""g"":4,""defs"":1,""use"":0,""image"":0,""foreignObject"":0,""script"":0}",,,20,f51776c6cfcd4991566e44b737b5ef8054561d2609b1a7ff3a590633a349e835
archive/assets/images/22_효천고_2학기_중간_고1_기출/q21-solution.svg,101bc5debbfe722dac921b3472474dd82796fc38fcb258196e619ff860387163,3731,STATIC_ROOT_SHAPE_PASS,0 0 720 360,,"{""svg"":1,""circle"":2,""ellipse"":0,""line"":17,""polyline"":0,""polygon"":0,""path"":2,""rect"":2,""text"":10,""g"":0,""defs"":1,""use"":0,""image"":0,""foreignObject"":0,""script"":0}",,,10,873761a6e99419a7451e0af6d57cc5d1b95e3484229bb1452a8f00a784c253a2
archive/assets/images/22_효천고_2학기_중간_고1_기출/q22-solution.svg,058437c2485f72068789497248afab30c68b01f7bc2d38af939016548d3b4489,2178,STATIC_ROOT_SHAPE_PASS,0 0 620 500,,"{""svg"":1,""circle"":3,""ellipse"":0,""line"":7,""polyline"":0,""polygon"":0,""path"":0,""rect"":0,""text"":10,""g"":0,""defs"":0,""use"":0,""image"":0,""foreignObject"":0,""script"":0}",,,10,bb83643a779a4195715c3780dc243f24f1b0f932f05cd4526f7ead5e32363a32
archive/assets/images/23_강남여고_1학기_기말_고1_기출/q03-solution.svg,5ae2bec8938d77fbf67e625187101f7c64ceb69adf12cc1a849de519ba79c5b9,7996,STATIC_ROOT_SHAPE_PASS,0 0 720 360,xMidYMid meet,"{""svg"":1,""circle"":4,""ellipse"":0,""line"":35,""polyline"":0,""polygon"":0,""path"":1,""rect"":2,""text"":43,""g"":0,""defs"":1,""use"":0,""image"":0,""foreignObject"":0,""script"":0}",,,43,1866f81c42331fb45103cdc1ccfa75e195d4c9b02a3f2e248cdec9d37eca24f4
archive/assets/images/23_강남여고_1학기_기말_고1_기출/q04-solution.svg,9d0645d0a75cdd3327288bea86de4b6a81882c09decea19e83091dacb43a1e24,6470,STATIC_ROOT_SHAPE_PASS,0 0 720 360,xMidYMid meet,"{""svg"":1,""circle"":4,""ellipse"":0,""line"":25,""polyline"":0,""polygon"":1,""path"":1,""rect"":2,""text"":34,""g"":0,""defs"":1,""use"":0,""image"":0,""foreignObject"":0,""script"":0}",,,34,3198a953c6afd829536220c320e385cd13dc9d1fa66fc27c2e4a2f01e1d0ad37
archive/assets/images/23_강남여고_1학기_기말_고1_기출/q05-solution.svg,d392b1d66eb2e84ab83d5c33b58d5d39ac62e105cd5d17d41cb4026cc82d4852,4968,STATIC_ROOT_SHAPE_PASS,0 0 840 480,xMidYMid meet,"{""svg"":1,""circle"":1,""ellipse"":0,""line"":29,""polyline"":0,""polygon"":0,""path"":0,""rect"":3,""text"":10,""g"":1,""defs"":0,""use"":0,""image"":0,""foreignObject"":0,""script"":0}",,,10,dee7bc37a8e7675cd1a2b97212c5a6eda105b7c37fc2ee722b304b60716f6f5e
archive/assets/images/23_강남여고_1학기_기말_고1_기출/q06-solution.svg,1ddd8a6a4b014df68e9b7024de29f48115bc2e5cbbc50eb0e2bb623b2f511516,3508,STATIC_ROOT_SHAPE_PASS,0 0 640 280,,"{""svg"":1,""circle"":3,""ellipse"":0,""line"":16,""polyline"":0,""polygon"":0,""path"":0,""rect"":3,""text"":13,""g"":1,""defs"":0,""use"":0,""image"":0,""foreignObject"":0,""script"":0}",,,13,f7fc1853e055716bda2a507a8285525113e3cd5b774440de25bf8a55338df5f9
archive/assets/images/23_강남여고_1학기_기말_고1_기출/q07-solution.svg,2b09cf93949724b558a74fdfd6f923e1fb8490b2f2886f272b8a5e19cc965449,5310,STATIC_ROOT_SHAPE_PASS,0 0 940 480,xMidYMid meet,"{""svg"":1,""circle"":3,""ellipse"":0,""line"":28,""polyline"":0,""polygon"":0,""path"":1,""rect"":3,""text"":13,""g"":3,""defs"":1,""use"":0,""image"":0,""foreignObject"":0,""script"":0}",,,13,4a6b9c431b1342d0b08d881fa577ecc8f23f846d1ee3578b0f0c282a9075950e
archive/assets/images/23_강남여고_1학기_기말_고1_기출/q12-solution.svg,7301b04df34a4f14c1d4c8b21bdd3b86eb17a1f49ded5bb2801541e668a2c20b,4710,STATIC_ROOT_SHAPE_PASS,0 0 840 480,xMidYMid meet,"{""svg"":1,""circle"":0,""ellipse"":0,""line"":24,""polyline"":0,""polygon"":0,""path"":0,""rect"":3,""text"":9,""g"":0,""defs"":0,""use"":0,""image"":0,""foreignObject"":0,""script"":0}",,,9,a2c1c72195ca3c918a00861f2b54f99a76e64f3da22071a97dc2c421e3ba84be
archive/assets/images/23_강남여고_1학기_기말_고1_기출/q13-solution.svg,2c9b94bfc9dd115e65ad4faf5f80cd5f204c5fcc85dbdd44f026085274dbf9f6,5579,STATIC_ROOT_SHAPE_PASS,0 0 840 480,xMidYMid meet,"{""svg"":1,""circle"":2,""ellipse"":0,""line"":31,""polyline"":0,""polygon"":0,""path"":0,""rect"":3,""text"":13,""g"":2,""defs"":0,""use"":0,""image"":0,""foreignObject"":0,""script"":0}",,,13,2f8a65d9309dd76829caa61bc610cc1f5045263df79f08d68687e04963120e12
archive/assets/images/23_강남여고_1학기_기말_고1_기출/q14-solution.svg,822cec9692da012e44009bf2dd70b6f18f3d4ab2d96e180eed860f9d34e751c3,3831,STATIC_ROOT_SHAPE_PASS,0 0 640 280,xMidYMid meet,"{""svg"":1,""circle"":4,""ellipse"":0,""line"":19,""polyline"":0,""polygon"":0,""path"":0,""rect"":3,""text"":15,""g"":1,""defs"":0,""use"":0,""image"":0,""foreignObject"":0,""script"":0}",,,15,7fbd8ae6760934d20848ffdb00433a7df8342483305baf7b30a0feaa0ebfbeef
archive/assets/images/23_강남여고_1학기_기말_고1_기출/q15-solution.svg,9f307087fde5adaa728cd91020ffdff96b4334fca8b97431f371ae7a6e2f9700,4186,STATIC_ROOT_SHAPE_PASS,0 0 640 280,xMidYMid meet,"{""svg"":1,""circle"":4,""ellipse"":0,""line"":24,""polyline"":1,""polygon"":0,""path"":0,""rect"":3,""text"":15,""g"":1,""defs"":0,""use"":0,""image"":0,""foreignObject"":0,""script"":0}",,,15,1cb56b3c09819f5259d3490155767dc19d068e1d3e6bb9f4cb0f32f45c984d56
archive/assets/images/23_강남여고_1학기_기말_고1_기출/q16-solution.svg,b06dbcc4b71cf30bb2877650033d27cb6630f14bd03c883fa868b5cbbcc4be7c,3665,STATIC_ROOT_SHAPE_PASS,0 0 720 360,,"{""svg"":1,""circle"":2,""ellipse"":0,""line"":19,""polyline"":0,""polygon"":0,""path"":1,""rect"":2,""text"":9,""g"":2,""defs"":1,""use"":0,""image"":0,""foreignObject"":0,""script"":0}",,,9,ca103aec1f98033d6e492b548286dd280b982bee402aedc8c0fa2265cf82752f
archive/assets/images/23_강남여고_1학기_기말_고1_기출/q17-solution.svg,4cd56f64dc12f9dd22e0768cdb774feea851c746316b17a69e31768cfd1de441,5896,STATIC_ROOT_SHAPE_PASS,0 0 720 360,,"{""svg"":1,""circle"":3,""ellipse"":0,""line"":41,""polyline"":0,""polygon"":0,""path"":1,""rect"":2,""text"":11,""g"":3,""defs"":1,""use"":0,""image"":0,""foreignObject"":0,""script"":0}",,,11,af92a11d976de22d4d75a7075ade450a0fedf6b9580721b750803d5f01118f83
archive/assets/images/23_강남여고_1학기_기말_고1_기출/q20-solution.svg,cb8c9e80713f8a7e8c3d74571d5c0e5357d61b319396973d231a80086df01420,4249,STATIC_ROOT_SHAPE_PASS,0 0 720 360,,"{""svg"":1,""circle"":0,""ellipse"":0,""line"":26,""polyline"":0,""polygon"":0,""path"":3,""rect"":4,""text"":9,""g"":0,""defs"":1,""use"":0,""image"":0,""foreignObject"":0,""script"":0}",,,9,23f828b226b2e542bcc3d3d3104f3551eeaacc34a1e58210e4ce3a66e4810787
archive/assets/images/23_강남여고_1학기_기말_고1_기출/q21-solution.svg,6dc316f603801422670e92187a93b3c13040c4b1d742cf881fab5bbadd6b6fba,5607,STATIC_ROOT_SHAPE_PASS,0 0 640 300,,"{""svg"":1,""circle"":8,""ellipse"":0,""line"":32,""polyline"":0,""polygon"":0,""path"":0,""rect"":3,""text"":19,""g"":1,""defs"":0,""use"":0,""image"":0,""foreignObject"":0,""script"":0}",,,19,f723defbd6acb5df34eeb261e39e4d1d2e0e5c45294f8002c4e710df055b6e9e
archive/assets/images/23_강남여고_1학기_기말_고1_기출/q22-solution.svg,74fb10671444fef46769fb77da912e3ee2a49e3f3aae800ba71201113e5f1868,4656,STATIC_ROOT_SHAPE_PASS,0 0 840 480,xMidYMid meet,"{""svg"":1,""circle"":1,""ellipse"":0,""line"":25,""polyline"":0,""polygon"":0,""path"":0,""rect"":3,""text"":10,""g"":1,""defs"":0,""use"":0,""image"":0,""foreignObject"":0,""script"":0}",,,10,f81dea7f9964d9c031c8d127af3309e0b11091d1a35962ce4b9723f5655723cc
archive/assets/images/23_강남여고_1학기_기말_고1_기출/q24-solution.svg,0e74e3dd087235eb052fe82933983f69300bdd98f099a99bdeaf604663f3c8aa,6788,STATIC_ROOT_SHAPE_PASS,0 0 840 480,xMidYMid meet,"{""svg"":1,""circle"":2,""ellipse"":0,""line"":36,""polyline"":0,""polygon"":0,""path"":0,""rect"":3,""text"":13,""g"":2,""defs"":0,""use"":0,""image"":0,""foreignObject"":0,""script"":0}",,,13,cdf3868556129561403f1ba8343d97165e803a9c2334bfb7f11c2bad30c4a587
archive/assets/images/23_강남여고_1학기_기말_고1_기출/q25-solution.svg,dee19a65e6544dbca0f1050b1092e8d195d4ddba4d49f435145671666911da34,4168,STATIC_ROOT_SHAPE_PASS,0 0 720 360,,"{""svg"":1,""circle"":4,""ellipse"":0,""line"":18,""polyline"":0,""polygon"":0,""path"":1,""rect"":2,""text"":12,""g"":4,""defs"":1,""use"":0,""image"":0,""foreignObject"":0,""script"":0}",,,12,40a3a4a052044b79a723803e805d7ea393954a6ab9516ba3604ca1daa0eca7a4
archive/assets/images/23_강남여고_2학기_기말_고1_기출/q05-solution.svg,09877aad64b50dc0eba0b384bc25e9c890d416208c47649dadb5fc85d57eec46,14561,STATIC_ROOT_SHAPE_PASS,0 0 540 540,,"{""svg"":1,""circle"":2,""ellipse"":0,""line"":4,""polyline"":2,""polygon"":0,""path"":0,""rect"":0,""text"":4,""g"":0,""defs"":0,""use"":0,""image"":0,""foreignObject"":0,""script"":0}",,,4,14ccaef64e63c8b66d842812cc0d658d271b0bb0662f53e716250ef461870f63
archive/assets/images/23_강남여고_2학기_기말_고1_기출/q06-solution.svg,c0b97337071a066f3f36f32404bd7f2becc6055b144bee1d9e1eee2cf76c314c,5850,STATIC_ROOT_SHAPE_PASS,0 0 620 460,,"{""svg"":1,""circle"":2,""ellipse"":0,""line"":2,""polyline"":1,""polygon"":0,""path"":0,""rect"":0,""text"":4,""g"":0,""defs"":0,""use"":0,""image"":0,""foreignObject"":0,""script"":0}",,,4,8e7ee932d6c110987aab1d78c6f344699b19f69addb4a472ef76e147658bb996
archive/assets/images/23_강남여고_2학기_기말_고1_기출/q19-solution.svg,0710f69b5e0ae940b7ad2ef4c98ac24ddec4d3171987d082c400f92e0c969b82,6135,STATIC_ROOT_SHAPE_PASS,0 0 620 500,,"{""svg"":1,""circle"":3,""ellipse"":0,""line"":3,""polyline"":1,""polygon"":0,""path"":0,""rect"":0,""text"":6,""g"":0,""defs"":0,""use"":0,""image"":0,""foreignObject"":0,""script"":0}",,,6,136547647a8c89553f9b9e79e7918fb80866e18b94c5d561998ca97df6a4119a
archive/assets/images/23_강남여고_2학기_기말_고1_기출/q20-solution.svg,7f237aa0c8274896b176f7c04193332ab4c88651b9638b237e3e95edb906bb83,15369,STATIC_ROOT_SHAPE_PASS,0 0 620 520,,"{""svg"":1,""circle"":4,""ellipse"":0,""line"":7,""polyline"":2,""polygon"":0,""path"":0,""rect"":0,""text"":8,""g"":0,""defs"":0,""use"":0,""image"":0,""foreignObject"":0,""script"":0}",,,8,3b4ccf62469e26b9bb8bfcac80ebc3ac98bc39a1e78df1894bf7a2268bf637dd
archive/assets/images/23_강남여고_2학기_기말_고1_기출/q22-solution.svg,df151c1eb8ab1b12cc02e254286d683876aa7fcac419d079175384fd131db3ec,14761,STATIC_ROOT_SHAPE_PASS,0 0 620 500,,"{""svg"":1,""circle"":2,""ellipse"":0,""line"":4,""polyline"":3,""polygon"":0,""path"":0,""rect"":0,""text"":4,""g"":0,""defs"":0,""use"":0,""image"":0,""foreignObject"":0,""script"":0}",,,4,7f9bb308d16b5f64597f710c7c7f3999c6d94c0b1bcdccba23a4de8e6013f843
archive/assets/images/23_강남여고_2학기_기말_고1_기출/q24-solution.svg,6e1d585a20fea29d9979915bb803a4fd60b02b6decc49e999a1fa617fde37166,6052,STATIC_ROOT_SHAPE_PASS,0 0 620 460,,"{""svg"":1,""circle"":2,""ellipse"":0,""line"":4,""polyline"":1,""polygon"":0,""path"":0,""rect"":0,""text"":6,""g"":0,""defs"":0,""use"":0,""image"":0,""foreignObject"":0,""script"":0}",,,6,36e5fe6df4839e210a0d68f3a8ee08a877ca35848920134581f57a1206a1097e
archive/assets/images/23_강남여고_2학기_중간_고1_기출/q02-solution.svg,795b345389063f264e43308aaa700fa202ffe7b993287cea174306f1e7ebf29b,1570,STATIC_ROOT_SHAPE_PASS,0 0 760 320,,"{""svg"":1,""circle"":2,""ellipse"":0,""line"":0,""polyline"":0,""polygon"":0,""path"":0,""rect"":3,""text"":11,""g"":0,""defs"":0,""use"":0,""image"":0,""foreignObject"":0,""script"":0}",,,11,bab0e8dcda47f2fde045b79e13437d7009d9a6876a6f7c4d0b4135e810d07d7d
archive/assets/images/23_강남여고_2학기_중간_고1_기출/q04-solution.svg,e4b404e659bf6c7d4f23c16b18636527f136f7b739c26158b36d0b123a023ccc,2702,STATIC_ROOT_SHAPE_PASS,0 0 760 360,,"{""svg"":1,""circle"":6,""ellipse"":0,""line"":0,""polyline"":0,""polygon"":0,""path"":0,""rect"":6,""text"":12,""g"":2,""defs"":1,""use"":0,""image"":0,""foreignObject"":0,""script"":0}",,,12,3c33a6772b5ef5f72e8a7c5a7ec6bfd5d2e0a5f572f90e00aa0f5646c50a6516
archive/assets/images/23_강남여고_2학기_중간_고1_기출/q20-solution.svg,2369d9aa9cd265785481a2d7b1ebd17a8ff3754dbf34a065994279699eae98c4,3122,STATIC_ROOT_SHAPE_PASS,0 0 760 430,xMidYMid meet,"{""svg"":1,""circle"":5,""ellipse"":0,""line"":1,""polyline"":0,""polygon"":0,""path"":3,""rect"":5,""text"":11,""g"":0,""defs"":0,""use"":0,""image"":0,""foreignObject"":0,""script"":0}",,,11,e624189b95a6d1154a475b25c9cc1556c2499d5f2b4db6a46e504d886ac56729
archive/assets/images/23_금당고_1학기_기말_고1_기출/q03-solution.svg,ad663f6334ca51c08e48f2f653bc11abf6a9c53b055ed198cc070d358eabc66f,3510,STATIC_ROOT_SHAPE_PASS,0 0 840 480,xMidYMid meet,"{""svg"":1,""circle"":1,""ellipse"":0,""line"":15,""polyline"":0,""polygon"":0,""path"":0,""rect"":3,""text"":10,""g"":1,""defs"":0,""use"":0,""image"":0,""foreignObject"":0,""script"":0}",,,10,b69e3908887d762daf7cbb7954c9d0753e0221cb04dd4414745658f4f9b54ed0
archive/assets/images/23_금당고_1학기_기말_고1_기출/q05-solution.svg,1e80afbab310f8d220552474f12efff501d08a910d2d07ed1910526588fc8277,4338,STATIC_ROOT_SHAPE_PASS,0 0 840 480,xMidYMid meet,"{""svg"":1,""circle"":1,""ellipse"":0,""line"":22,""polyline"":0,""polygon"":0,""path"":0,""rect"":3,""text"":10,""g"":1,""defs"":0,""use"":0,""image"":0,""foreignObject"":0,""script"":0}",,,10,9aa0e292651ac76231976aebd4c79dadea59c50317164e0e4f4620bf4d86338d
archive/assets/images/23_금당고_1학기_기말_고1_기출/q06-solution.svg,2be50843be9d79c34b1045e78b7c741c042793b48527b4518537d466ee3c871c,5210,STATIC_ROOT_SHAPE_PASS,0 0 640 280,xMidYMid meet,"{""svg"":1,""circle"":2,""ellipse"":0,""line"":38,""polyline"":0,""polygon"":0,""path"":0,""rect"":3,""text"":10,""g"":0,""defs"":0,""use"":0,""image"":0,""foreignObject"":0,""script"":0}",,,10,b29a0e8259544c8f79589f0287a3cbad993a2ad6436e84a8f5e1d27ca387345d
archive/assets/images/23_금당고_1학기_기말_고1_기출/q07-solution.svg,d064d508cfbda4159276fef08016f7040acd840a2fd18cf3c3e68ab99cf91834,5280,STATIC_ROOT_SHAPE_PASS,0 0 840 480,xMidYMid meet,"{""svg"":1,""circle"":4,""ellipse"":0,""line"":21,""polyline"":0,""polygon"":0,""path"":0,""rect"":3,""text"":18,""g"":4,""defs"":0,""use"":0,""image"":0,""foreignObject"":0,""script"":0}",,,18,14efa9d4cad3bc1e7406722105fc44344bc041691069f31d562967d03669e8d6
archive/assets/images/23_금당고_1학기_기말_고1_기출/q08-solution.svg,e6fd60f20439c7123c6dc95662b23467634c4245baaa2f49897e40b68e8844cf,3012,STATIC_ROOT_SHAPE_PASS,0 0 720 360,,"{""svg"":1,""circle"":1,""ellipse"":0,""line"":17,""polyline"":0,""polygon"":0,""path"":1,""rect"":2,""text"":6,""g"":1,""defs"":1,""use"":0,""image"":0,""foreignObject"":0,""script"":0}",,,6,36a5ec6b3f02965018ea461c4811aa5f4f4d4862629e92e105ee0f169999f45a
archive/assets/images/23_금당고_1학기_기말_고1_기출/q09-solution.svg,3563fb871410070f4764bccc8764948b0b69bbc0210494031a320e79a36cad17,5679,STATIC_ROOT_SHAPE_PASS,0 0 640 280,xMidYMid meet,"{""svg"":1,""circle"":4,""ellipse"":0,""line"":39,""polyline"":0,""polygon"":0,""path"":0,""rect"":3,""text"":12,""g"":0,""defs"":0,""use"":0,""image"":0,""foreignObject"":0,""script"":0}",,,12,c1109a56167bf4e6c4fc2c37095795f6c04639b8d4bfbdfb046b31ef178c48a8
archive/assets/images/23_금당고_1학기_기말_고1_기출/q12-solution.svg,fff3c5fb7dde36e921c4d6cb4627c899f4a0e94a0a4406b66dfe35f592f24ca4,7283,STATIC_ROOT_SHAPE_PASS,0 0 840 480,xMidYMid meet,"{""svg"":1,""circle"":4,""ellipse"":0,""line"":46,""polyline"":0,""polygon"":1,""path"":0,""rect"":3,""text"":10,""g"":4,""defs"":0,""use"":0,""image"":0,""foreignObject"":0,""script"":0}",,,10,0cd7d1d62ff57e9bbb3aa9eb48bc0523ffae8ec78b1ce3776d9dbecb5a1c8c1d
archive/assets/images/23_금당고_1학기_기말_고1_기출/q13-solution.svg,f18e24b55f3327964ba058939b380d844f95904da96b7bad0665c012bb29487d,4215,STATIC_ROOT_SHAPE_PASS,0 0 720 360,,"{""svg"":1,""circle"":0,""ellipse"":0,""line"":26,""polyline"":0,""polygon"":0,""path"":3,""rect"":4,""text"":9,""g"":0,""defs"":1,""use"":0,""image"":0,""foreignObject"":0,""script"":0}",,,9,7cccfaf5f0b01443082214acac531811d3f7f07c80f68f55457b4e0ac3a04cd7
archive/assets/images/23_금당고_1학기_기말_고1_기출/q15-solution.svg,a642352f4856a726526f89805f7cc5fc6f5332e58ab1b9e2c98ea9381961db91,5991,STATIC_ROOT_SHAPE_PASS,0 0 640 280,xMidYMid meet,"{""svg"":1,""circle"":4,""ellipse"":0,""line"":40,""polyline"":0,""polygon"":0,""path"":0,""rect"":3,""text"":12,""g"":0,""defs"":0,""use"":0,""image"":0,""foreignObject"":0,""script"":0}",,,12,587e17b717e2921d0fd4ca803d1cf4451e04a9f09bc9fdb4c070eca6b5b3f3ca
archive/assets/images/23_금당고_1학기_기말_고1_기출/q17-solution.svg,8ffcf4defa82ab1d92cf2b0635380c962964880e4d555487bbea0b392167fb22,5023,STATIC_ROOT_SHAPE_PASS,0 0 840 480,xMidYMid meet,"{""svg"":1,""circle"":3,""ellipse"":0,""line"":23,""polyline"":0,""polygon"":0,""path"":0,""rect"":3,""text"":14,""g"":3,""defs"":0,""use"":0,""image"":0,""foreignObject"":0,""script"":0}",,,14,0b57149472ceb8526413b80356679bcfe5dafc368a898182bddf81d8289f7f33
archive/assets/images/23_금당고_1학기_기말_고1_기출/q19-solution.svg,f130322619cabc6cc2ce2e0bb368f4047f4c1414be0222563730186722d0b005,2977,STATIC_ROOT_SHAPE_PASS,0 0 640 280,,"{""svg"":1,""circle"":5,""ellipse"":0,""line"":2,""polyline"":0,""polygon"":0,""path"":0,""rect"":3,""text"":16,""g"":0,""defs"":0,""use"":0,""image"":0,""foreignObject"":0,""script"":0}",,,16,1607312bd53f46a619cba539b02a1aff5c6393c20df59ca5f4d1803c9db11fa3
archive/assets/images/23_금당고_1학기_기말_고1_기출/q21-solution.svg,fae2e2121ab3cdc04829dfbe86c46093dea86cf77169ce8c87652d543a1c8328,5424,STATIC_ROOT_SHAPE_PASS,0 0 640 280,xMidYMid meet,"{""svg"":1,""circle"":2,""ellipse"":0,""line"":40,""polyline"":0,""polygon"":0,""path"":0,""rect"":3,""text"":10,""g"":0,""defs"":0,""use"":0,""image"":0,""foreignObject"":0,""script"":0}",,,10,44c49ac34959df601934ee0043052ef2ec4db9bd37871ade893f01a35b8cae71
archive/assets/images/23_금당고_2학기_기말_고1_기출/q07-solution.svg,605ed2fa36c243940200955ee550f7655bc4a0674a13436011794930ab0b5bb0,14618,STATIC_ROOT_SHAPE_PASS,0 0 540 540,,"{""svg"":1,""circle"":1,""ellipse"":0,""line"":5,""polyline"":2,""polygon"":0,""path"":0,""rect"":0,""text"":4,""g"":0,""defs"":0,""use"":0,""image"":0,""foreignObject"":0,""script"":0}",,,4,abaecca92c31b0ccfb4e2697ffcb3430bdcc35b6c31289c4bb7aaf4edfcee5b6
archive/assets/images/23_금당고_2학기_기말_고1_기출/q08-solution.svg,b54514acafa5138610a7ec029777d39fb462963e455248b212d38508447792e4,10372,STATIC_ROOT_SHAPE_PASS,0 0 620 500,,"{""svg"":1,""circle"":2,""ellipse"":0,""line"":3,""polyline"":2,""polygon"":0,""path"":0,""rect"":0,""text"":5,""g"":0,""defs"":0,""use"":0,""image"":0,""foreignObject"":0,""script"":0}",,,5,8fd388eba905cc34d872a715ce1435c7d6e96c5988a05665ea9b81cd32784b05
archive/assets/images/23_금당고_2학기_기말_고1_기출/q11-solution.svg,c6394f57ba8f61f81b3f4015df195df8ba23211163f4bad3e882f681333b33aa,14773,STATIC_ROOT_SHAPE_PASS,0 0 620 500,,"{""svg"":1,""circle"":3,""ellipse"":0,""line"":4,""polyline"":2,""polygon"":0,""path"":0,""rect"":0,""text"":5,""g"":0,""defs"":0,""use"":0,""image"":0,""foreignObject"":0,""script"":0}",,,5,50a820a7c82097d7724e2e21e3da05b2daf1e0982f12d1acbdbc37a2f21ead77
archive/assets/images/23_금당고_2학기_기말_고1_기출/q13-solution.svg,cda993be06a07144ccff413a2df8bfa520e6a40235d97266f8c0a0e11a04a17a,10182,STATIC_ROOT_SHAPE_PASS,0 0 620 500,,"{""svg"":1,""circle"":2,""ellipse"":0,""line"":2,""polyline"":2,""polygon"":0,""path"":0,""rect"":0,""text"":4,""g"":0,""defs"":0,""use"":0,""image"":0,""foreignObject"":0,""script"":0}",,,4,e14fd2924909167f5f5384c6fc8234df070b410ffa2d19edb97f140099b0c2df
archive/assets/images/23_금당고_2학기_기말_고1_기출/q20-solution.svg,a7652209433096d65015774cc47f47d47547a8f1262e371169e2b53c31ea4ee8,6113,STATIC_ROOT_SHAPE_PASS,0 0 620 460,,"{""svg"":1,""circle"":1,""ellipse"":0,""line"":5,""polyline"":1,""polygon"":0,""path"":0,""rect"":0,""text"":6,""g"":0,""defs"":0,""use"":0,""image"":0,""foreignObject"":0,""script"":0}",,,6,2ae9fbc465f5b88cd771891fcb3e2af70c5544eae7bacf616b584f08a6adf66c
archive/assets/images/23_금당고_2학기_중간_고1_기출/q01-solution.svg,5616c8b04cd5879b74afe9d9af16ff80bf3e58aca18bb90f489286f6213f3a9b,4488,STATIC_ROOT_SHAPE_PASS,0 0 940 480,xMidYMid meet,"{""svg"":1,""circle"":2,""ellipse"":0,""line"":26,""polyline"":0,""polygon"":0,""path"":1,""rect"":3,""text"":9,""g"":2,""defs"":1,""use"":0,""image"":0,""foreignObject"":0,""script"":0}",,,9,ab90e2bbd3e12bf1af82af747b604337e48e5f7acf15a562dd48f1432410a6af
archive/assets/images/23_금당고_2학기_중간_고1_기출/q02-solution.svg,40f45488b99ed0f067d6902e8579c00ca5024ff2238e9a54e6ef8a2dc0c6532b,3959,STATIC_ROOT_SHAPE_PASS,0 0 940 480,xMidYMid meet,"{""svg"":1,""circle"":2,""ellipse"":0,""line"":18,""polyline"":0,""polygon"":0,""path"":1,""rect"":3,""text"":11,""g"":2,""defs"":1,""use"":0,""image"":0,""foreignObject"":0,""script"":0}",,,11,9041c242a6ec1b277e2c19c678391c429ca104a68e9dca45d12d29fcec58be5a
archive/assets/images/23_금당고_2학기_중간_고1_기출/q07-solution.svg,cca786689870ad6cbda7a1fc5b9ba9808b6617cde5845f0e8c80971e24bd6b9e,11978,STATIC_ROOT_SHAPE_PASS,0 0 940 480,xMidYMid meet,"{""svg"":1,""circle"":2,""ellipse"":0,""line"":28,""polyline"":2,""polygon"":0,""path"":1,""rect"":3,""text"":10,""g"":2,""defs"":1,""use"":0,""image"":0,""foreignObject"":0,""script"":0}",,,10,f4ff9be63ed4793f250674530f998861970f1669d22627471e8c8c182b32d2ae
archive/assets/images/23_금당고_2학기_중간_고1_기출/q12-solution.svg,1f9faaee8c3e3a545fc3dc09b4b14f96b70e4d1f2878bcb8220055987378d777,4635,STATIC_ROOT_SHAPE_PASS,0 0 940 480,xMidYMid meet,"{""svg"":1,""circle"":1,""ellipse"":0,""line"":29,""polyline"":0,""polygon"":0,""path"":1,""rect"":3,""text"":9,""g"":1,""defs"":1,""use"":0,""image"":0,""foreignObject"":0,""script"":0}",,,9,3ec34ae89a6bae812d3d4f4d3feee1aa0436b6ca9186eacccacd57e42e6790ed
archive/assets/images/23_금당고_2학기_중간_고1_기출/q13-solution.svg,ad0631b4e5801565b89bd7d0f9ea674bcd78305b4f27ced7fbf88a2bccbc202e,1745,STATIC_ROOT_SHAPE_PASS,0 0 760 320,,"{""svg"":1,""circle"":2,""ellipse"":0,""line"":0,""polyline"":0,""polygon"":0,""path"":0,""rect"":3,""text"":13,""g"":0,""defs"":0,""use"":0,""image"":0,""foreignObject"":0,""script"":0}",,,13,71cdbbbc4689918674d53ef16b19779fbd7fcd1de91c1c30a0cd355749fc4770
archive/assets/images/23_금당고_2학기_중간_고1_기출/q16-solution.svg,9a3cd7caa34d5728c901bd5e434c4521b04d64ea237c56688f513ff893d643cd,8069,STATIC_ROOT_SHAPE_PASS,0 0 940 480,xMidYMid meet,"{""svg"":1,""circle"":3,""ellipse"":0,""line"":21,""polyline"":1,""polygon"":0,""path"":1,""rect"":3,""text"":13,""g"":3,""defs"":1,""use"":0,""image"":0,""foreignObject"":0,""script"":0}",,,13,c45ae447b1748ea1fbc15e7e92870c3599efc9e8864c592c98bf9235d6f528e3
archive/assets/images/23_금당고_2학기_중간_고1_기출/q18-solution.svg,5a2df980b3aa0536673c2c1a774c6304f5b807fec0c9752e72e530e1a90a1a47,5802,STATIC_ROOT_SHAPE_PASS,0 0 940 480,xMidYMid meet,"{""svg"":1,""circle"":7,""ellipse"":0,""line"":27,""polyline"":0,""polygon"":0,""path"":1,""rect"":3,""text"":17,""g"":7,""defs"":1,""use"":0,""image"":0,""foreignObject"":0,""script"":0}",,,17,8de287a87bba23518d4846c96c2e9705071be4339c40c341ac121183f043bb55
archive/assets/images/23_금당고_2학기_중간_고1_기출/q21-solution.svg,d1123657756ab05a894add68078b5026dadd90e6306e7d5b34df91d3a578898d,4418,STATIC_ROOT_SHAPE_PASS,0 0 640 300,,"{""svg"":1,""circle"":3,""ellipse"":0,""line"":13,""polyline"":0,""polygon"":0,""path"":2,""rect"":3,""text"":21,""g"":1,""defs"":0,""use"":0,""image"":0,""foreignObject"":0,""script"":0}",,,21,8b1490d611e317e129635aed57f6a5d5e5c841b54507fe7358c3653c1d43ab25
archive/assets/images/23_매산고_1학기_기말_고1_기출/q02-solution.svg,53ce38c699e0ee0ba247c8269d28e25d835d36e479b3b4b84aa90c24139e2b9a,4091,STATIC_ROOT_SHAPE_PASS,0 0 840 480,xMidYMid meet,"{""svg"":1,""circle"":1,""ellipse"":0,""line"":21,""polyline"":0,""polygon"":0,""path"":0,""rect"":3,""text"":10,""g"":1,""defs"":0,""use"":0,""image"":0,""foreignObject"":0,""script"":0}",,,10,93a2b84cbd20a17107c3f4f7e5ebef074f59348c08090b830e9677a8ee37b8d8
archive/assets/images/23_매산고_1학기_기말_고1_기출/q04-solution.svg,944b8b1135de808f0d12a41b9b012572a107d3c7de85105b97c3972e41dad6d8,6572,STATIC_ROOT_SHAPE_PASS,0 0 720 360,xMidYMid meet,"{""svg"":1,""circle"":3,""ellipse"":0,""line"":27,""polyline"":0,""polygon"":1,""path"":1,""rect"":2,""text"":34,""g"":0,""defs"":1,""use"":0,""image"":0,""foreignObject"":0,""script"":0}",,,34,9653ca572c905aba400ced94ea5e01affe50caa41beea90b17190c00c02e4090
archive/assets/images/23_매산고_1학기_기말_고1_기출/q06-solution.svg,8abd9033a97694b30efc5e422ec70469f83e6d8648dbdc2b6e78508e9f85048d,3074,STATIC_ROOT_SHAPE_PASS,0 0 640 280,,"{""svg"":1,""circle"":7,""ellipse"":0,""line"":3,""polyline"":0,""polygon"":0,""path"":0,""rect"":3,""text"":15,""g"":0,""defs"":0,""use"":0,""image"":0,""foreignObject"":0,""script"":0}",,,15,20d802871db0d8cbf4dcfe03c694875328a36e56049098b80aad9286276ec7ce
archive/assets/images/23_매산고_1학기_기말_고1_기출/q07-solution.svg,a0dd754cf6a5812b5f462af877fd45f873c9c8d563fab08ae625f7bbab34582e,5500,STATIC_ROOT_SHAPE_PASS,0 0 840 480,xMidYMid meet,"{""svg"":1,""circle"":3,""ellipse"":0,""line"":25,""polyline"":0,""polygon"":0,""path"":0,""rect"":3,""text"":15,""g"":3,""defs"":0,""use"":0,""image"":0,""foreignObject"":0,""script"":0}",,,15,5002c124bbf919c8698efe9743422e5e7f2eac3470781334616f984213058090
archive/assets/images/23_매산고_1학기_기말_고1_기출/q12-solution.svg,e2ea3fd5f64ae791776e19a7d64b66a831735a12a3a7126d20e16afbfa6d5fbc,5644,STATIC_ROOT_SHAPE_PASS,0 0 640 280,xMidYMid meet,"{""svg"":1,""circle"":4,""ellipse"":0,""line"":40,""polyline"":0,""polygon"":0,""path"":0,""rect"":3,""text"":11,""g"":0,""defs"":0,""use"":0,""image"":0,""foreignObject"":0,""script"":0}",,,11,9d87e664131873894a7a012f10393ef002375ca2eb22cd56c821c0750f477fc5
archive/assets/images/23_매산고_1학기_기말_고1_기출/q14-solution.svg,ca9febeb4e089dbb4caaf74e30377844ef6d700986edbd5ab0b119e70e3e9c11,6704,STATIC_ROOT_SHAPE_PASS,0 0 720 360,xMidYMid meet,"{""svg"":1,""circle"":5,""ellipse"":0,""line"":25,""polyline"":0,""polygon"":1,""path"":0,""rect"":3,""text"":31,""g"":0,""defs"":0,""use"":0,""image"":0,""foreignObject"":0,""script"":0}",,,31,e9e660d9f2754443491ff0ddfbf4f58a623b8c9ff88d7474e1fa7b5676505096
archive/assets/images/23_매산고_1학기_기말_고1_기출/q15-solution.svg,557020860c78a17b62948c375f5a277271291a8b413dae9efc6b0b0e37c61a7e,1799,STATIC_ROOT_SHAPE_PASS,0 0 720 360,xMidYMid meet,"{""svg"":1,""circle"":3,""ellipse"":0,""line"":2,""polyline"":0,""polygon"":0,""path"":0,""rect"":2,""text"":9,""g"":0,""defs"":0,""use"":0,""image"":0,""foreignObject"":0,""script"":0}",,,9,e8a1be8edb9761a68b47c62c06b8ad4c45895af3d2805946b03d8f8eec1abe45
archive/assets/images/23_매산고_1학기_기말_고1_기출/q16-solution.svg,3c336f399c5299be1a83a05b6d4cd45027fe7b2f214d51ac901321dcc216c077,2996,STATIC_ROOT_SHAPE_PASS,0 0 720 360,,"{""svg"":1,""circle"":1,""ellipse"":0,""line"":16,""polyline"":0,""polygon"":0,""path"":1,""rect"":2,""text"":7,""g"":1,""defs"":1,""use"":0,""image"":0,""foreignObject"":0,""script"":0}",,,7,6c09eb4e046b96eab6689bc2495419f5fe08c828ebc92705bac4ab1c16f0318c
archive/assets/images/23_매산고_1학기_기말_고1_기출/q18-solution.svg,94bb1d7f25f2d3d848a872352f328d0c48cf7f6e8fb58fb2637bab42ab06a242,4229,STATIC_ROOT_SHAPE_PASS,0 0 720 360,,"{""svg"":1,""circle"":0,""ellipse"":0,""line"":26,""polyline"":0,""polygon"":0,""path"":3,""rect"":4,""text"":9,""g"":0,""defs"":1,""use"":0,""image"":0,""foreignObject"":0,""script"":0}",,,9,34fb24ab79b3cd00e452524c1341c02454bcbf76687673e23fadf8e87a792fa7
archive/assets/images/23_매산고_1학기_기말_고1_기출/q20-solution.svg,e1bc5edc809e1e0d7822b89f78edae0fbb016659b917f7827bbedaeb6e1db864,4241,STATIC_ROOT_SHAPE_PASS,0 0 720 360,,"{""svg"":1,""circle"":0,""ellipse"":0,""line"":26,""polyline"":0,""polygon"":0,""path"":3,""rect"":4,""text"":9,""g"":0,""defs"":1,""use"":0,""image"":0,""foreignObject"":0,""script"":0}",,,9,b0f31adff75bff4ba4dc2879de313484a3097bf5a79e9042ba4d16b25c6fc3da
archive/assets/images/23_매산여고_2학기_기말_고1_기출/q09-solution.svg,6accd39a43031a442228bc62b375e70a0633d62493b2443f7cda248a78372550,10563,STATIC_ROOT_SHAPE_PASS,0 0 620 500,,"{""svg"":1,""circle"":2,""ellipse"":0,""line"":4,""polyline"":2,""polygon"":0,""path"":0,""rect"":0,""text"":6,""g"":0,""defs"":0,""use"":0,""image"":0,""foreignObject"":0,""script"":0}",,,6,2b5aad4f0c66fba08e83cab43c5716c1a193979cc2a364c1e27813e74661359b
archive/assets/images/23_매산여고_2학기_기말_고1_기출/q22-solution.svg,5569f35387cd6bc9058de33c079ff69ab41bc7a26b528b38d5a5689354dc760d,10407,STATIC_ROOT_SHAPE_PASS,0 0 620 500,,"{""svg"":1,""circle"":2,""ellipse"":0,""line"":3,""polyline"":2,""polygon"":0,""path"":0,""rect"":0,""text"":5,""g"":0,""defs"":0,""use"":0,""image"":0,""foreignObject"":0,""script"":0}",,,5,587efed2929472ac1f2b4d37a6d80dd971335c0eb4031ea95e8bd54dce0f3975
archive/assets/images/23_매산여고_2학기_중간_고1_기출/q04-solution.svg,a9322025eff1c507c1e7c8640fe1ab62e2f8739541716ebe49318edb9c0fb21e,2869,STATIC_ROOT_SHAPE_PASS,0 0 760 390,,"{""svg"":1,""circle"":7,""ellipse"":0,""line"":0,""polyline"":0,""polygon"":0,""path"":0,""rect"":8,""text"":11,""g"":5,""defs"":1,""use"":0,""image"":0,""foreignObject"":0,""script"":0}",,,11,bea6ef5125a2b25d32c6b8cad662cf2ef254cb8f57f14f8d91b385c408814d1b
archive/assets/images/23_매산여고_2학기_중간_고1_기출/q04.svg,d55ca9d81fb0cc4629f14057e6f4f93e622248072c679a0afaba6e7e9f7a3dca,13871,STATIC_ROOT_SHAPE_PASS,0 0 620 710,,"{""svg"":1,""circle"":75,""ellipse"":0,""line"":0,""polyline"":0,""polygon"":0,""path"":0,""rect"":52,""text"":20,""g"":48,""defs"":0,""use"":0,""image"":0,""foreignObject"":0,""script"":0}",,,20,f427acd03a9f65e6ae59013aa2ca2406c161d8370a1f26efe94f704a6e0e6f65
archive/assets/images/23_매산여고_2학기_중간_고1_기출/q05-solution.svg,fa4fde687a1580ad61382263438e7f6f28874396c34cb23b69179c58e824ddb0,1594,STATIC_ROOT_SHAPE_PASS,0 0 760 320,,"{""svg"":1,""circle"":2,""ellipse"":0,""line"":0,""polyline"":0,""polygon"":0,""path"":0,""rect"":3,""text"":11,""g"":0,""defs"":0,""use"":0,""image"":0,""foreignObject"":0,""script"":0}",,,11,57f59546a7245e8b04465bb69bd827e94474b1417a89842e066ca2a18be1f1c2
archive/assets/images/23_매산여고_2학기_중간_고1_기출/q11-solution.svg,ad71d8794f00b67ff27d70870e03023bf3f74949f760eba355ae63968ac36b3b,4554,STATIC_ROOT_SHAPE_PASS,0 0 940 480,xMidYMid meet,"{""svg"":1,""circle"":2,""ellipse"":0,""line"":26,""polyline"":0,""polygon"":0,""path"":1,""rect"":3,""text"":9,""g"":2,""defs"":1,""use"":0,""image"":0,""foreignObject"":0,""script"":0}",,,9,526059ac068665b377fed4d03436cf96c03dcbe40d9631b8b96f27d95d7d6ebc
archive/assets/images/23_매산여고_2학기_중간_고1_기출/q12-solution.svg,8b7be273c43d9a71cafd1cd37489983e23fa5c6640873c98a4cac21bf82b8a64,7073,STATIC_ROOT_SHAPE_PASS,0 0 940 480,xMidYMid meet,"{""svg"":1,""circle"":1,""ellipse"":0,""line"":17,""polyline"":1,""polygon"":0,""path"":1,""rect"":3,""text"":8,""g"":1,""defs"":1,""use"":0,""image"":0,""foreignObject"":0,""script"":0}",,,8,b3d95618388115d1e949f0f8fd21c53f31babb64649ea93e201f5a2d0d2728ef
archive/assets/images/23_매산여고_2학기_중간_고1_기출/q13-solution.svg,260d6fbd5980341165ccc655ae5aafc3a6804f8e2f1f04b5cb36721b9bc5d7ed,3005,STATIC_ROOT_SHAPE_PASS,0 0 760 360,xMidYMid meet,"{""svg"":1,""circle"":4,""ellipse"":0,""line"":3,""polyline"":0,""polygon"":0,""path"":0,""rect"":5,""text"":13,""g"":0,""defs"":0,""use"":0,""image"":0,""foreignObject"":0,""script"":0}",,,13,f3bae684e9988b4478e2dd0591690dd00c33f590445970968a9def9ecfdb6653
archive/assets/images/23_매산여고_2학기_중간_고1_기출/q14-solution.svg,6c45518412ba509a791969c71604c8e95efa260da201c669fcc174f47b31acaa,3126,STATIC_ROOT_SHAPE_PASS,0 0 760 400,xMidYMid meet,"{""svg"":1,""circle"":0,""ellipse"":0,""line"":4,""polyline"":0,""polygon"":0,""path"":0,""rect"":4,""text"":18,""g"":0,""defs"":0,""use"":0,""image"":0,""foreignObject"":0,""script"":0}",,,18,4225ef5af17e656813b0dda0fb7f81d32bb6effae177a5a7222572acbbfbe940
archive/assets/images/23_매산여고_2학기_중간_고1_기출/q15-solution.svg,33780c04b11405cdd3d9169f22e1359f9e062c627445751331c86d9819a23ec9,5491,STATIC_ROOT_SHAPE_PASS,0 0 940 480,xMidYMid meet,"{""svg"":1,""circle"":6,""ellipse"":0,""line"":22,""polyline"":0,""polygon"":2,""path"":1,""rect"":3,""text"":14,""g"":6,""defs"":1,""use"":0,""image"":0,""foreignObject"":0,""script"":0}",,,14,707974e4a69b495237feeea866c795c4fb6e9ed6a4d7ea40deb050f9aa9fd92c
archive/assets/images/23_매산여고_2학기_중간_고1_기출/q16-solution.svg,23f6e29cf13d762a787dd641f779cccdcdd8f2f7c4feb0bd245a905d99779c38,6540,STATIC_ROOT_SHAPE_PASS,0 0 940 480,xMidYMid meet,"{""svg"":1,""circle"":7,""ellipse"":0,""line"":32,""polyline"":0,""polygon"":0,""path"":1,""rect"":3,""text"":16,""g"":7,""defs"":1,""use"":0,""image"":0,""foreignObject"":0,""script"":0}",,,16,f9e23796c862649247ac3e01a7e7f660420472b7788aa77ee998c4142d0dbe4a
archive/assets/images/23_매산여고_2학기_중간_고1_기출/q18-solution.svg,44b4a8ec55d61371884ef2953e845940ef7d6e53916fece255f11c335f5ab1e9,3141,STATIC_ROOT_SHAPE_PASS,0 0 760 390,xMidYMid meet,"{""svg"":1,""circle"":0,""ellipse"":0,""line"":2,""polyline"":0,""polygon"":0,""path"":0,""rect"":4,""text"":19,""g"":0,""defs"":0,""use"":0,""image"":0,""foreignObject"":0,""script"":0}",,,19,987cc765bd3b716e79f1b2608e069fe165aea54bbb32ebc9eab56f54332e3749
archive/assets/images/23_매산여고_2학기_중간_고1_기출/q21-solution.svg,1b44895684007298d5c644e96ebe50b25b2faf5aeafc5a62d56662187d1916f2,6082,STATIC_ROOT_SHAPE_PASS,0 0 940 480,xMidYMid meet,"{""svg"":1,""circle"":6,""ellipse"":0,""line"":27,""polyline"":0,""polygon"":0,""path"":1,""rect"":3,""text"":14,""g"":3,""defs"":1,""use"":0,""image"":0,""foreignObject"":0,""script"":0}",,,14,49ff340529f9f56d62e5bba5507a685c58de636eeba6f5ec89a81d8e51bdead9
archive/assets/images/23_복성고_1학기_기말_고1_기출/q04-solution.svg,fbe28b7ddbf816912042e04db2b0a3aa5fc7a8c41826ca2d0707130a3ab5cd6b,4741,STATIC_ROOT_SHAPE_PASS,0 0 840 480,xMidYMid meet,"{""svg"":1,""circle"":2,""ellipse"":0,""line"":24,""polyline"":0,""polygon"":0,""path"":0,""rect"":3,""text"":13,""g"":2,""defs"":0,""use"":0,""image"":0,""foreignObject"":0,""script"":0}",,,13,1cbe71f09de634e5bb5653c7699d858449778e057dbdb311f87feeb6a12ecb9b
archive/assets/images/23_복성고_1학기_기말_고1_기출/q05-solution.svg,e2293bbc0c020ba7d9467c2c377a3ac519819105eee5b2695647f7fbfa674664,4206,STATIC_ROOT_SHAPE_PASS,0 0 840 480,xMidYMid meet,"{""svg"":1,""circle"":1,""ellipse"":0,""line"":20,""polyline"":0,""polygon"":0,""path"":0,""rect"":3,""text"":11,""g"":1,""defs"":0,""use"":0,""image"":0,""foreignObject"":0,""script"":0}",,,11,399c017f4c278c6b3f45614cb75e18c0d492fa28f2d3c4517dfcf65f4f3b22e5
archive/assets/images/23_복성고_1학기_기말_고1_기출/q06-solution.svg,798c8cda86a51595d7f7b9a10e80eaaa79535292238a7463540d17f36b9eaaf3,6440,STATIC_ROOT_SHAPE_PASS,0 0 720 360,,"{""svg"":1,""circle"":3,""ellipse"":0,""line"":47,""polyline"":0,""polygon"":0,""path"":1,""rect"":2,""text"":11,""g"":3,""defs"":1,""use"":0,""image"":0,""foreignObject"":0,""script"":0}",,,11,7430e43c82768152e9105d226652071ccece2c405702bc372ada8d47ee416559
archive/assets/images/23_복성고_1학기_기말_고1_기출/q10-solution.svg,eaaf809650fc4b819ef10e913fd35f4eb7dfc592957e6c3ae47da8f170292f80,5535,STATIC_ROOT_SHAPE_PASS,0 0 720 360,,"{""svg"":1,""circle"":2,""ellipse"":0,""line"":41,""polyline"":0,""polygon"":0,""path"":1,""rect"":2,""text"":9,""g"":2,""defs"":1,""use"":0,""image"":0,""foreignObject"":0,""script"":0}",,,9,c8de16b5ed3df7b1b97daf169b1a804edaf37ed629c5b8e97be63dc17819019e
archive/assets/images/23_복성고_1학기_기말_고1_기출/q11-solution.svg,9aee627a11f21b5d7184462a129a8a9e5ea56d203902b490ebf207e44497a3ba,6561,STATIC_ROOT_SHAPE_PASS,0 0 840 480,xMidYMid meet,"{""svg"":1,""circle"":1,""ellipse"":0,""line"":39,""polyline"":0,""polygon"":0,""path"":0,""rect"":3,""text"":11,""g"":1,""defs"":0,""use"":0,""image"":0,""foreignObject"":0,""script"":0}",,,11,a872d3fe7f11870ad52137e307e5777bebf29b5ee4f6934844ecd17339f7193e
archive/assets/images/23_복성고_1학기_기말_고1_기출/q12-solution.svg,4da4108e15dd4f764b01f27c343b5be44f83766e7137398467451e8d027d972e,5274,STATIC_ROOT_SHAPE_PASS,0 0 640 280,xMidYMid meet,"{""svg"":1,""circle"":3,""ellipse"":0,""line"":38,""polyline"":0,""polygon"":0,""path"":0,""rect"":3,""text"":10,""g"":0,""defs"":0,""use"":0,""image"":0,""foreignObject"":0,""script"":0}",,,10,61cf2ddeafb90bb52c4e46806d0db57d03cec5da7e17a90be25686ce73ad348d
archive/assets/images/23_복성고_1학기_기말_고1_기출/q13-solution.svg,027654be64fd991907f41e6397187a16fc9c2b5eee0369553ccc636a1598404d,5517,STATIC_ROOT_SHAPE_PASS,0 0 640 280,xMidYMid meet,"{""svg"":1,""circle"":2,""ellipse"":0,""line"":40,""polyline"":0,""polygon"":0,""path"":0,""rect"":3,""text"":11,""g"":0,""defs"":0,""use"":0,""image"":0,""foreignObject"":0,""script"":0}",,,11,57091e56edb5ac5f2ed091f82f9c7e949c02a20f844fa3f5e1d04365817eba8b
archive/assets/images/23_복성고_1학기_기말_고1_기출/q14-solution.svg,04c584a0dbb39fcb2be6e3cae603f7120abfa251e28c8e722c06f5f9e33efadd,5530,STATIC_ROOT_SHAPE_PASS,0 0 940 480,xMidYMid meet,"{""svg"":1,""circle"":3,""ellipse"":0,""line"":27,""polyline"":0,""polygon"":0,""path"":1,""rect"":3,""text"":16,""g"":3,""defs"":1,""use"":0,""image"":0,""foreignObject"":0,""script"":0}",,,16,8e31a1dfc7cddc5a414da9e229a944d8822b0ccc19b92dd2b34e2be416cf56c1
archive/assets/images/23_복성고_1학기_기말_고1_기출/q15-solution.svg,9fca219b146fa882920996b6b87bbdddc060cdabcf3bee68332ecaa5a7f2d9fd,4862,STATIC_ROOT_SHAPE_PASS,0 0 940 480,xMidYMid meet,"{""svg"":1,""circle"":4,""ellipse"":0,""line"":20,""polyline"":0,""polygon"":1,""path"":1,""rect"":3,""text"":15,""g"":4,""defs"":1,""use"":0,""image"":0,""foreignObject"":0,""script"":0}",,,15,d156619340fc2a96236d28f616d111fb62144c42b2295844d6de2aa99ec0ed91
archive/assets/images/23_복성고_1학기_기말_고1_기출/q17-solution.svg,bf98fb9c1a4ba53b05c7809eb6dfe2781b7477ec6594532e8fd4c733aa346b17,4229,STATIC_ROOT_SHAPE_PASS,0 0 720 360,,"{""svg"":1,""circle"":0,""ellipse"":0,""line"":26,""polyline"":0,""polygon"":0,""path"":3,""rect"":4,""text"":9,""g"":0,""defs"":1,""use"":0,""image"":0,""foreignObject"":0,""script"":0}",,,9,6ce6fb901718bf8c8bf7e5c9806ba5e05068df47e8d2dd834e2810f4ee08e8b4
archive/assets/images/23_복성고_1학기_기말_고1_기출/q18-solution.svg,7a1f216e1841b408dbe9db1917da1782c7691f1847df81bd1d16f57e0300003c,5506,STATIC_ROOT_SHAPE_PASS,0 0 940 480,xMidYMid meet,"{""svg"":1,""circle"":6,""ellipse"":0,""line"":23,""polyline"":0,""polygon"":1,""path"":1,""rect"":3,""text"":14,""g"":6,""defs"":1,""use"":0,""image"":0,""foreignObject"":0,""script"":0}",,,14,edb329dabee191435da313671ecdedecb20b448a43cd72b51289621f65a91c2f
archive/assets/images/23_복성고_1학기_기말_고1_기출/q19-solution.svg,56975044bf294ca141207c291fb7a53386b2cb4001d47768dabb5ce047f6285c,5733,STATIC_ROOT_SHAPE_PASS,0 0 720 380,xMidYMid meet,"{""svg"":1,""circle"":5,""ellipse"":0,""line"":20,""polyline"":0,""polygon"":0,""path"":0,""rect"":3,""text"":25,""g"":0,""defs"":0,""use"":0,""image"":0,""foreignObject"":0,""script"":0}",,,25,032c29c237be50881e19c29a6b5690356d2ea418955fc6f17049ab5af494bc70
archive/assets/images/23_복성고_1학기_기말_고1_기출/q20-solution.svg,77f3b782079f2cda049224ce2eda2b97006ad7a1ab0a82744d6a23a50783cd9e,5264,STATIC_ROOT_SHAPE_PASS,0 0 720 380,xMidYMid meet,"{""svg"":1,""circle"":6,""ellipse"":0,""line"":16,""polyline"":0,""polygon"":0,""path"":0,""rect"":3,""text"":24,""g"":0,""defs"":0,""use"":0,""image"":0,""foreignObject"":0,""script"":0}",,,24,8cf475f6963a9b8b93a3f8cc2e5e557ca6f96346f2bbd22eccfd95fe5fbedff6
archive/assets/images/23_복성고_1학기_기말_고1_기출/q22-solution.svg,490e2fc3b29c3f2bb93eaa855643bc1cf5c0df790bc55c1db2dcb61fdd183ac2,5865,STATIC_ROOT_SHAPE_PASS,0 0 640 280,xMidYMid meet,"{""svg"":1,""circle"":4,""ellipse"":0,""line"":44,""polyline"":0,""polygon"":0,""path"":0,""rect"":3,""text"":10,""g"":0,""defs"":0,""use"":0,""image"":0,""foreignObject"":0,""script"":0}",,,10,c66b1122c67f543a030cd7944b59baf91762c6f76c6da4d9b3b316a358fbdeda
archive/assets/images/23_순천여고_1학기_기말_고1_기출/q02-solution.svg,0ce6ee58dc9f7d691efdf685f0595e0c5d247553f068d0c1d026cae9f2abe824,5399,STATIC_ROOT_SHAPE_PASS,0 0 840 480,xMidYMid meet,"{""svg"":1,""circle"":3,""ellipse"":0,""line"":29,""polyline"":0,""polygon"":0,""path"":0,""rect"":3,""text"":14,""g"":3,""defs"":0,""use"":0,""image"":0,""foreignObject"":0,""script"":0}",,,14,8d9997731c611910823400a37d71865d60012ee9a0a0db9485831acfd56f3118
archive/assets/images/23_순천여고_1학기_기말_고1_기출/q03-solution.svg,9416ce603b86b045f67dcbc9d9151cbc57af46a7b321815a3930e7424c1c0dec,5087,STATIC_ROOT_SHAPE_PASS,0 0 940 480,xMidYMid meet,"{""svg"":1,""circle"":4,""ellipse"":0,""line"":24,""polyline"":0,""polygon"":1,""path"":1,""rect"":3,""text"":13,""g"":4,""defs"":1,""use"":0,""image"":0,""foreignObject"":0,""script"":0}",,,13,0dcd965213552233f38efc51632e464a5d784bc6c4fd7f19b3e5f860abbbcfea
archive/assets/images/23_순천여고_1학기_기말_고1_기출/q04-solution.svg,bb6e52eb5b5abe21924b7423c5ad0a0240e5a74bc0317d66d7f0d1b3373903d0,6165,STATIC_ROOT_SHAPE_PASS,0 0 840 480,xMidYMid meet,"{""svg"":1,""circle"":0,""ellipse"":0,""line"":42,""polyline"":0,""polygon"":0,""path"":0,""rect"":3,""text"":9,""g"":0,""defs"":0,""use"":0,""image"":0,""foreignObject"":0,""script"":0}",,,9,5ca5a539df00e8eba1e2947858f54af631b3252a392c101c282919e70ee1cc6c
archive/assets/images/23_순천여고_1학기_기말_고1_기출/q05-solution.svg,1cf1c4b7297433d2daf260a0c052d2c9952b28a4f8163b7da9b0f97a70af9da9,5170,STATIC_ROOT_SHAPE_PASS,0 0 640 280,xMidYMid meet,"{""svg"":1,""circle"":2,""ellipse"":0,""line"":38,""polyline"":0,""polygon"":0,""path"":0,""rect"":3,""text"":10,""g"":0,""defs"":0,""use"":0,""image"":0,""foreignObject"":0,""script"":0}",,,10,7f8fe7f56956c8529a2f8da555a1e975d348ace1f62252a5eb1b1d0fa9a52bdc
archive/assets/images/23_순천여고_1학기_기말_고1_기출/q06-solution.svg,222e783e383be2cfa756651fcff62653ba3548029dc3c8ba906199b065c038dc,2543,STATIC_ROOT_SHAPE_PASS,0 0 640 280,,"{""svg"":1,""circle"":3,""ellipse"":0,""line"":3,""polyline"":0,""polygon"":0,""path"":1,""rect"":4,""text"":11,""g"":0,""defs"":1,""use"":0,""image"":0,""foreignObject"":0,""script"":0}",,,11,16933dea72c8bcf47e7e0f40a5dde15a03769567651cf41594c14321c9945297
archive/assets/images/23_순천여고_1학기_기말_고1_기출/q09-solution.svg,19fdc36c933f9932c83d3cc8dc813d2cb1338267bda2b41a30fe38055e223567,5910,STATIC_ROOT_SHAPE_PASS,0 0 720 360,xMidYMid meet,"{""svg"":1,""circle"":2,""ellipse"":0,""line"":25,""polyline"":0,""polygon"":0,""path"":0,""rect"":3,""text"":30,""g"":0,""defs"":0,""use"":0,""image"":0,""foreignObject"":0,""script"":0}",,,30,23a1615de25bea7c1ca521c5e70b4eedc8f01294fdcc28993204cc7ee4aa377d
archive/assets/images/23_순천여고_1학기_기말_고1_기출/q11-solution.svg,93dfc30b5851166872e1cc45e009591694cd01d2a743638f2a553da0547f45b9,5674,STATIC_ROOT_SHAPE_PASS,0 0 840 480,xMidYMid meet,"{""svg"":1,""circle"":3,""ellipse"":0,""line"":26,""polyline"":0,""polygon"":0,""path"":0,""rect"":3,""text"":16,""g"":3,""defs"":0,""use"":0,""image"":0,""foreignObject"":0,""script"":0}",,,16,c8fed2d2091d5c3009612efd7e082156a08d7fd910398a91614431e476d328b0
archive/assets/images/23_순천여고_1학기_기말_고1_기출/q12-solution.svg,b5e2d4e3b3d9c3f24ac2db47e7a9d6727da22ab915753ced13c9b8c6b32b7e56,5225,STATIC_ROOT_SHAPE_PASS,0 0 640 280,xMidYMid meet,"{""svg"":1,""circle"":2,""ellipse"":0,""line"":38,""polyline"":0,""polygon"":0,""path"":0,""rect"":3,""text"":10,""g"":0,""defs"":0,""use"":0,""image"":0,""foreignObject"":0,""script"":0}",,,10,316af255917b4d18ff6f1ed16a60c837d636272721da357e280ffe281086e120
archive/assets/images/23_순천여고_1학기_기말_고1_기출/q13-solution.svg,090103b601ccd1dc25520ab30d385edad37c0dcfc072c74628adb8bae4cc684d,5895,STATIC_ROOT_SHAPE_PASS,0 0 840 480,xMidYMid meet,"{""svg"":1,""circle"":2,""ellipse"":0,""line"":42,""polyline"":0,""polygon"":0,""path"":0,""rect"":3,""text"":9,""g"":2,""defs"":0,""use"":0,""image"":0,""foreignObject"":0,""script"":0}",,,9,4870a7517ec4d509695218a3bfeaf488b4618ca3bae72789253192e2542914b9
archive/assets/images/23_순천여고_1학기_기말_고1_기출/q14-solution.svg,9781f07f1f243888f4ae2400d2449f44ac1dd95a199b8b40a60b587db3818412,4235,STATIC_ROOT_SHAPE_PASS,0 0 720 360,,"{""svg"":1,""circle"":0,""ellipse"":0,""line"":26,""polyline"":0,""polygon"":0,""path"":3,""rect"":4,""text"":9,""g"":0,""defs"":1,""use"":0,""image"":0,""foreignObject"":0,""script"":0}",,,9,2527fb2945999596b96dd5d27b9a80b65fc8ea7710889a512c19502e246e7af7
archive/assets/images/23_순천여고_1학기_기말_고1_기출/q15-solution.svg,03f1eb53fdda1f20c2077a5545574be731d08781b904ba9e43befc10f5ef876a,5673,STATIC_ROOT_SHAPE_PASS,0 0 720 360,xMidYMid meet,"{""svg"":1,""circle"":4,""ellipse"":0,""line"":21,""polyline"":0,""polygon"":0,""path"":0,""rect"":3,""text"":27,""g"":0,""defs"":0,""use"":0,""image"":0,""foreignObject"":0,""script"":0}",,,27,0d9eb6910e1af42da63b039435a9c17ebbbedcb7b2ed7f10e6f4de3db8254a72
archive/assets/images/23_순천여고_1학기_기말_고1_기출/q16-solution.svg,0135d8618d5ace015b14df55da995be35af0fd53813d0e6987cad82e1e10ec2c,7436,STATIC_ROOT_SHAPE_PASS,0 0 720 360,xMidYMid meet,"{""svg"":1,""circle"":3,""ellipse"":0,""line"":33,""polyline"":0,""polygon"":0,""path"":0,""rect"":3,""text"":37,""g"":0,""defs"":0,""use"":0,""image"":0,""foreignObject"":0,""script"":0}",,,37,59f61441bbcd9be9f99642811cb00d4330fe93b5733d6532139af34f7df79fe5
archive/assets/images/23_순천여고_1학기_기말_고1_기출/q17-solution.svg,36acac035b747a9ebcc421186abf257fd0c15bda7fc1ac46e9026cbec235bd3b,3825,STATIC_ROOT_SHAPE_PASS,0 0 720 360,,"{""svg"":1,""circle"":3,""ellipse"":0,""line"":17,""polyline"":0,""polygon"":0,""path"":1,""rect"":2,""text"":11,""g"":3,""defs"":1,""use"":0,""image"":0,""foreignObject"":0,""script"":0}",,,11,0f7f38674772fc98845e76743a7b7688ba944c654677a8ea07e6f002bc37f0c1
archive/assets/images/23_순천여고_1학기_기말_고1_기출/q18-solution.svg,ee1a9418bf58e5090110c2409ae3cc49b6e129eaecea9f591362b2ead60e9f8b,5131,STATIC_ROOT_SHAPE_PASS,0 0 640 280,xMidYMid meet,"{""svg"":1,""circle"":2,""ellipse"":0,""line"":39,""polyline"":0,""polygon"":0,""path"":0,""rect"":3,""text"":9,""g"":0,""defs"":0,""use"":0,""image"":0,""foreignObject"":0,""script"":0}",,,9,2d94cf02891b36d7e8822c3c64dba9bcbb0fe72468798d0f0ea25a87a6db2242
archive/assets/images/23_순천여고_1학기_기말_고1_기출/q19-solution.svg,750f671ea1d3cf723a5e0e75f2763a600666d6df747063516f95fada8e400ea7,4874,STATIC_ROOT_SHAPE_PASS,0 0 940 480,xMidYMid meet,"{""svg"":1,""circle"":2,""ellipse"":0,""line"":28,""polyline"":0,""polygon"":0,""path"":1,""rect"":3,""text"":12,""g"":2,""defs"":1,""use"":0,""image"":0,""foreignObject"":0,""script"":0}",,,12,0b4135da88d3c05155fa80b1ea05af7c28efe7367a84cca43b35c090c907a720
archive/assets/images/23_순천여고_1학기_기말_고1_기출/q21-solution.svg,90eb84a06c04cfbc4e193631297c826349134ee9549ccf7d75e6fb4d1f677eec,4269,STATIC_ROOT_SHAPE_PASS,0 0 840 480,xMidYMid meet,"{""svg"":1,""circle"":1,""ellipse"":0,""line"":21,""polyline"":0,""polygon"":0,""path"":0,""rect"":3,""text"":10,""g"":1,""defs"":0,""use"":0,""image"":0,""foreignObject"":0,""script"":0}",,,10,1f8c03dcb83ecc47d112e45e875df45b732df36c94f2ce5e130537b1afde971d
archive/assets/images/23_순천여고_1학기_기말_고1_기출/q22-solution.svg,77f40affe9e7cffd65265a016404b6f89db1be307f8e51671df8e1e79312f644,4571,STATIC_ROOT_SHAPE_PASS,0 0 720 360,,"{""svg"":1,""circle"":5,""ellipse"":0,""line"":19,""polyline"":0,""polygon"":0,""path"":1,""rect"":2,""text"":13,""g"":5,""defs"":1,""use"":0,""image"":0,""foreignObject"":0,""script"":0}",,,13,d98d88a84251658d3eb65c161d1245c9df605c9f13cf3a3085da7af9202ea34d
archive/assets/images/23_순천여고_2학기_중간_고1_기출/q03-solution.svg,b5d4b5c10e983347112f3d11638270f63fb275c8b75bfae8126eb57b837e8388,2089,STATIC_ROOT_SHAPE_PASS,0 0 760 280,xMidYMid meet,"{""svg"":1,""circle"":0,""ellipse"":0,""line"":0,""polyline"":0,""polygon"":0,""path"":0,""rect"":6,""text"":9,""g"":0,""defs"":0,""use"":0,""image"":0,""foreignObject"":0,""script"":0}",,,9,a190bbdb125c6aa11d8a0ae0eb1cfdf577c7978314942a4f7dd4bef6a7605307
archive/assets/images/23_순천여고_2학기_중간_고1_기출/q06-solution.svg,48859fb6502e6d7849e77a9021ba9f4f60516503b82f3d3eb3cb3c5f2b7d4677,2814,STATIC_ROOT_SHAPE_PASS,0 0 760 300,xMidYMid meet,"{""svg"":1,""circle"":4,""ellipse"":0,""line"":3,""polyline"":0,""polygon"":0,""path"":0,""rect"":5,""text"":11,""g"":0,""defs"":0,""use"":0,""image"":0,""foreignObject"":0,""script"":0}",,,11,3e59794831c69c62c0796d9df761cf7352d4da8906addceb08a1147a7444bf18
archive/assets/images/23_순천여고_2학기_중간_고1_기출/q10-solution.svg,f7e9db5593a3fc47d81c69623dc88c338f4c33d4c69b16a4ef59d8221ee52327,2960,STATIC_ROOT_SHAPE_PASS,0 0 760 380,,"{""svg"":1,""circle"":4,""ellipse"":0,""line"":17,""polyline"":0,""polygon"":0,""path"":2,""rect"":3,""text"":11,""g"":2,""defs"":0,""use"":0,""image"":0,""foreignObject"":0,""script"":0}",,,11,7dd5f2c6263d10ad66749ddd6a0fec00a1c2a1d971ce3dc8464f2e5cb4ea0e8b
archive/assets/images/23_순천여고_2학기_중간_고1_기출/q13-solution.svg,87e92e30593bf76d5590d9df6f8bc993bbaf818bac52802b06196ccd60afca7e,2970,STATIC_ROOT_SHAPE_PASS,0 0 640 280,,"{""svg"":1,""circle"":2,""ellipse"":0,""line"":6,""polyline"":0,""polygon"":0,""path"":0,""rect"":3,""text"":15,""g"":0,""defs"":0,""use"":0,""image"":0,""foreignObject"":0,""script"":0}",,,15,327a7a6ef8ff9a02fd15f954e3ead8e8133e76f92e5e427a179093eab9116c8e
archive/assets/images/23_순천여고_2학기_중간_고1_기출/q17-solution.svg,959f6a976aca979df0c1070c7ab68866c895e5e9534c9b33c06d87279d368bc6,3323,STATIC_ROOT_SHAPE_PASS,0 0 640 280,,"{""svg"":1,""circle"":5,""ellipse"":0,""line"":3,""polyline"":1,""polygon"":1,""path"":1,""rect"":3,""text"":17,""g"":0,""defs"":0,""use"":0,""image"":0,""foreignObject"":0,""script"":0}",,,17,be6c22cd0fc50ad4f2b922a4b51250843f76340bfbffe5a841b203bae3aa2fa5
archive/assets/images/23_순천여고_2학기_중간_고1_기출/q18-solution.svg,7a3719b3eac7d6c013406a66b6446aaed504043ce401a803fe15454ef104ede5,3105,STATIC_ROOT_SHAPE_PASS,0 0 760 360,xMidYMid meet,"{""svg"":1,""circle"":5,""ellipse"":0,""line"":0,""polyline"":0,""polygon"":0,""path"":5,""rect"":4,""text"":12,""g"":0,""defs"":0,""use"":0,""image"":0,""foreignObject"":0,""script"":0}",,,12,0e86924f0f8eabf6ae1a38a86c90c7dd477238ddb61adf235b6cae128a9380d4
archive/assets/images/23_순천여고_2학기_중간_고1_기출/q21-solution.svg,a7121ff8a408a03bf15df69056f5be885b9806dca67c598d47123cb1b934a5ef,2954,STATIC_ROOT_SHAPE_PASS,0 0 760 420,,"{""svg"":1,""circle"":2,""ellipse"":2,""line"":0,""polyline"":0,""polygon"":0,""path"":0,""rect"":6,""text"":16,""g"":0,""defs"":0,""use"":0,""image"":0,""foreignObject"":0,""script"":0}",,,16,a5468a86c0c7cf62222d588bb8e00ce6a6bed5397dbbbc55f743f72699e8a42d
archive/assets/images/23_순천여고_2학기_중간_고1_기출/q23-solution.svg,52ad5a4f794e04ff12efaaab6afc0621e0b2c4bf8d9a901be51432d0ac7d5bc9,2019,STATIC_ROOT_SHAPE_PASS,0 0 760 340,xMidYMid meet,"{""svg"":1,""circle"":0,""ellipse"":0,""line"":0,""polyline"":0,""polygon"":0,""path"":0,""rect"":4,""text"":9,""g"":0,""defs"":0,""use"":0,""image"":0,""foreignObject"":0,""script"":0}",,,9,20c0b606b48e2ad47e9497a42a2765bf2a1f113b14ca5aaac60bd8b74c85739a
archive/assets/images/23_제일고_1학기_기말_고1_기출/q10-solution.svg,a7f5ab9279a8e26d968f8ea6cd8e565a58edcde48560286671ee92ddf13a04b3,5465,STATIC_ROOT_SHAPE_PASS,0 0 640 280,xMidYMid meet,"{""svg"":1,""circle"":4,""ellipse"":0,""line"":39,""polyline"":0,""polygon"":0,""path"":0,""rect"":3,""text"":10,""g"":0,""defs"":0,""use"":0,""image"":0,""foreignObject"":0,""script"":0}",,,10,1f6a57fee635f8da81ced191b5c99d4046e9f8428711a116bd8218a1536d5606
archive/assets/images/23_제일고_1학기_기말_고1_기출/q11-solution.svg,3fcea957d039eb56f1579fcc07a6a91d0b7e447619397fc919ae2c0e747b7cb5,5151,STATIC_ROOT_SHAPE_PASS,0 0 640 280,xMidYMid meet,"{""svg"":1,""circle"":2,""ellipse"":0,""line"":37,""polyline"":0,""polygon"":0,""path"":0,""rect"":3,""text"":10,""g"":0,""defs"":0,""use"":0,""image"":0,""foreignObject"":0,""script"":0}",,,10,a3d58ebdb0e8a6fea63a2249c57179e0b159f978cb351fede36f87951161ecf8
archive/assets/images/23_제일고_1학기_기말_고1_기출/q12-solution.svg,f8551b58a134e33401941ab898b44eb3ca7a61b2b2a3cdfe55764386ba14135f,5321,STATIC_ROOT_SHAPE_PASS,0 0 640 280,xMidYMid meet,"{""svg"":1,""circle"":2,""ellipse"":0,""line"":39,""polyline"":0,""polygon"":0,""path"":0,""rect"":3,""text"":10,""g"":0,""defs"":0,""use"":0,""image"":0,""foreignObject"":0,""script"":0}",,,10,d4aab0eddb27401325b55c99459b035387f621725091befa280a73ea579a65bf
archive/assets/images/23_제일고_1학기_기말_고1_기출/q13-solution.svg,01d676be78346f4ebe19dcde90f38ac7f19c6d4f57fabfb6b355dc8ea5b41bcd,5417,STATIC_ROOT_SHAPE_PASS,0 0 840 480,xMidYMid meet,"{""svg"":1,""circle"":1,""ellipse"":0,""line"":28,""polyline"":0,""polygon"":0,""path"":0,""rect"":3,""text"":12,""g"":1,""defs"":0,""use"":0,""image"":0,""foreignObject"":0,""script"":0}",,,12,902793299f6b289f9d177b373d422be2ae0219416d11b4fbcba8f83d1e14dfc7
archive/assets/images/23_제일고_1학기_기말_고1_기출/q14-solution.svg,8173c08a061fb40a3338e57eb4cfc8ee309903389c72b96dacb2d2788294fac4,5569,STATIC_ROOT_SHAPE_PASS,0 0 720 360,xMidYMid meet,"{""svg"":1,""circle"":4,""ellipse"":0,""line"":20,""polyline"":0,""polygon"":0,""path"":0,""rect"":3,""text"":25,""g"":0,""defs"":0,""use"":0,""image"":0,""foreignObject"":0,""script"":0}",,,25,dee5e6871e70f6088616819413bf06d9e665c5dfc51057b6af8de181ca8c67e5
archive/assets/images/23_제일고_1학기_기말_고1_기출/q15-solution.svg,f53164332b5315672c07fd7213e1a0959792089160b13ef6e99efb6baa437378,6283,STATIC_ROOT_SHAPE_PASS,0 0 640 280,xMidYMid meet,"{""svg"":1,""circle"":2,""ellipse"":0,""line"":51,""polyline"":0,""polygon"":0,""path"":0,""rect"":3,""text"":10,""g"":0,""defs"":0,""use"":0,""image"":0,""foreignObject"":0,""script"":0}",,,10,4126fdff2e9495d95c5bde82495c78a9c926025b1e905a417cb0a7c67f6ba91c
archive/assets/images/23_제일고_1학기_기말_고1_기출/q16-solution.svg,ca4dfaa2dccae5706f87565f14f5084564718933cbbe5955176106a558dc1ec3,5605,STATIC_ROOT_SHAPE_PASS,0 0 640 280,xMidYMid meet,"{""svg"":1,""circle"":4,""ellipse"":0,""line"":40,""polyline"":0,""polygon"":0,""path"":0,""rect"":3,""text"":11,""g"":0,""defs"":0,""use"":0,""image"":0,""foreignObject"":0,""script"":0}",,,11,5e6f45a519ae1b878920bbd4952600de6521a45d7d8a7e1a8e1f21fc69081b6d
archive/assets/images/23_제일고_1학기_기말_고1_기출/q17-solution.svg,ea07200c32e5030e078e265906f4d868384f4e261ade08a1a56ef35e89db736a,5280,STATIC_ROOT_SHAPE_PASS,0 0 640 280,xMidYMid meet,"{""svg"":1,""circle"":2,""ellipse"":0,""line"":39,""polyline"":0,""polygon"":0,""path"":0,""rect"":3,""text"":10,""g"":0,""defs"":0,""use"":0,""image"":0,""foreignObject"":0,""script"":0}",,,10,8a95aab068b7c820d77d381b1b9561bc0ae528801f863e85d683151e0f5dddcc
archive/assets/images/23_제일고_1학기_기말_고1_기출/q18-solution.svg,964ce6e2c60c6c0b7ad382d0313f4536c35b207de2c7def86caa936b2a739836,11382,STATIC_ROOT_SHAPE_PASS,0 0 720 360,xMidYMid meet,"{""svg"":1,""circle"":8,""ellipse"":0,""line"":33,""polyline"":1,""polygon"":0,""path"":0,""rect"":3,""text"":41,""g"":0,""defs"":0,""use"":0,""image"":0,""foreignObject"":0,""script"":0}",,,41,01145b16799fe142e4149d873daac6633a10a4ba1c41b6fc3cbf8ba506c076c2
archive/assets/images/23_제일고_1학기_기말_고1_기출/q21-solution.svg,e9a7617982f1b8234f28b2f14a9d7ec914d5dc347d67f67bf1a96992c36cb92d,2515,STATIC_ROOT_SHAPE_PASS,0 0 640 280,,"{""svg"":1,""circle"":4,""ellipse"":0,""line"":3,""polyline"":0,""polygon"":0,""path"":1,""rect"":4,""text"":10,""g"":0,""defs"":1,""use"":0,""image"":0,""foreignObject"":0,""script"":0}",,,10,b0bcefe4d659858d23ec8c2ab18afcf39f27ca4467059d2d7da2348f868394e4
archive/assets/images/23_제일고_1학기_기말_고1_기출/q22-solution.svg,1aaa6bcbf0a3806d010ad054f9dc86132427a30e45ec4c43e015259fca21edd7,6335,STATIC_ROOT_SHAPE_PASS,0 0 720 360,xMidYMid meet,"{""svg"":1,""circle"":6,""ellipse"":0,""line"":23,""polyline"":0,""polygon"":0,""path"":0,""rect"":3,""text"":31,""g"":0,""defs"":0,""use"":0,""image"":0,""foreignObject"":0,""script"":0}",,,31,39267be6b9c6464808353c808253718d4c1b441a4b651e2ca08158654845a9d7
archive/assets/images/23_충무고_1학기_중간_고1_기출/q17-solution.svg,8cfe350a968193a27a5dce4bbc3382bcc29d4c52c7cc4836267ed06912b9453c,2057,STATIC_ROOT_SHAPE_PASS,0 0 720 360,xMidYMid meet,"{""svg"":1,""circle"":4,""ellipse"":0,""line"":2,""polyline"":0,""polygon"":1,""path"":0,""rect"":2,""text"":12,""g"":0,""defs"":0,""use"":0,""image"":0,""foreignObject"":0,""script"":0}",,,12,ccefeee7cd48a2c495fe9fdbaf7abddb50a140275828abd803b79bf3c4945cdd
archive/assets/images/23_팔마고_1학기_기말_고1_기출/q01-solution.svg,9b0724cb385802f89bc4cbb78c4e6770495abc0d4e6d7a1241cacc1dd8c67774,6862,STATIC_ROOT_SHAPE_PASS,0 0 720 360,xMidYMid meet,"{""svg"":1,""circle"":3,""ellipse"":0,""line"":30,""polyline"":0,""polygon"":0,""path"":1,""rect"":2,""text"":36,""g"":0,""defs"":1,""use"":0,""image"":0,""foreignObject"":0,""script"":0}",,,36,ed6cb0b359fd0ea553e5f21aa868cb0a2440ea9559391b3558dd186f73511e22
archive/assets/images/23_팔마고_1학기_기말_고1_기출/q02-solution.svg,c5888359f3edfc6ac89058c2b7527a261d316847af640f3a62536a84178b3874,4146,STATIC_ROOT_SHAPE_PASS,0 0 840 480,xMidYMid meet,"{""svg"":1,""circle"":1,""ellipse"":0,""line"":22,""polyline"":0,""polygon"":0,""path"":0,""rect"":3,""text"":10,""g"":1,""defs"":0,""use"":0,""image"":0,""foreignObject"":0,""script"":0}",,,10,ef4229bcc7b7b5151df1c38610f39609ef8e89843556352880952facbd0888c0
archive/assets/images/23_팔마고_1학기_기말_고1_기출/q03-solution.svg,fa03d7662a58d3c2d07d1899f3c293340c1ffac688caeda30270e6e44a94997f,4195,STATIC_ROOT_SHAPE_PASS,0 0 840 480,xMidYMid meet,"{""svg"":1,""circle"":2,""ellipse"":0,""line"":19,""polyline"":0,""polygon"":0,""path"":0,""rect"":3,""text"":11,""g"":2,""defs"":0,""use"":0,""image"":0,""foreignObject"":0,""script"":0}",,,11,5d30ff1edd396b05c6f50ea4200caf3935459a722deef5f87ae8ffc27884090e
archive/assets/images/23_팔마고_1학기_기말_고1_기출/q04-solution.svg,5882b766c6f399cba948412fd8b980e4ff0ad86202619096af5d25e823858563,3638,STATIC_ROOT_SHAPE_PASS,0 0 840 480,xMidYMid meet,"{""svg"":1,""circle"":0,""ellipse"":0,""line"":17,""polyline"":0,""polygon"":0,""path"":0,""rect"":3,""text"":8,""g"":0,""defs"":0,""use"":0,""image"":0,""foreignObject"":0,""script"":0}",,,8,cc7946639d12d5957607fc5beef9795b6ee5fdee382cca8eceb63af60563ccea
archive/assets/images/23_팔마고_1학기_기말_고1_기출/q05-solution.svg,e6da03b0971a50e635426e78b51452e13f233bf0640455a4da6c1e912f8b0690,4652,STATIC_ROOT_SHAPE_PASS,0 0 840 480,xMidYMid meet,"{""svg"":1,""circle"":0,""ellipse"":0,""line"":23,""polyline"":0,""polygon"":0,""path"":0,""rect"":3,""text"":9,""g"":0,""defs"":0,""use"":0,""image"":0,""foreignObject"":0,""script"":0}",,,9,3776d71c7eb2a71939a9557df893ea13b506e0f23d7fd09f8bcd7498c822a622
archive/assets/images/23_팔마고_1학기_기말_고1_기출/q06-solution.svg,2c773734f9aed07cafd1ac7f7758441b8c2dd0b0ad14c1c041690d2e0b60e430,5156,STATIC_ROOT_SHAPE_PASS,0 0 640 280,xMidYMid meet,"{""svg"":1,""circle"":2,""ellipse"":0,""line"":38,""polyline"":0,""polygon"":0,""path"":0,""rect"":3,""text"":10,""g"":0,""defs"":0,""use"":0,""image"":0,""foreignObject"":0,""script"":0}",,,10,f3255c464d94f983076d4789e8f6d79d9109baa808c6556c0a34c30f299da95a
archive/assets/images/23_팔마고_1학기_기말_고1_기출/q08-solution.svg,9f729e4f114b652580503005b2ee26d6de41c33edd4ce9a16749d14ed81d0b88,6884,STATIC_ROOT_SHAPE_PASS,0 0 840 480,xMidYMid meet,"{""svg"":1,""circle"":0,""ellipse"":0,""line"":51,""polyline"":0,""polygon"":0,""path"":0,""rect"":3,""text"":8,""g"":0,""defs"":0,""use"":0,""image"":0,""foreignObject"":0,""script"":0}",,,8,41cda796b1e9d1b7d93ec98aa5ae4a80b3ff0afee9a10b930180aadfb2e92fbe
archive/assets/images/23_팔마고_1학기_기말_고1_기출/q11-solution.svg,31c79f38afa487625ab13de262d014fc9f46c1889c157846758dde25e579605d,5230,STATIC_ROOT_SHAPE_PASS,0 0 640 280,xMidYMid meet,"{""svg"":1,""circle"":1,""ellipse"":0,""line"":39,""polyline"":0,""polygon"":0,""path"":0,""rect"":3,""text"":10,""g"":0,""defs"":0,""use"":0,""image"":0,""foreignObject"":0,""script"":0}",,,10,ddfc3df244ff2fbb3fd4e4db8e6db2857a3408bd1dd8c3ba186bac23a79072ca
archive/assets/images/23_팔마고_1학기_기말_고1_기출/q14-solution.svg,7bd2737691a7f833b4d12e3165bd7695292181c8979bfb7ea48c4fb415e2e69a,7229,STATIC_ROOT_SHAPE_PASS,0 0 720 360,xMidYMid meet,"{""svg"":1,""circle"":6,""ellipse"":0,""line"":29,""polyline"":0,""polygon"":0,""path"":0,""rect"":3,""text"":34,""g"":0,""defs"":0,""use"":0,""image"":0,""foreignObject"":0,""script"":0}",,,34,b5b78f23b1616831c42ed4088e3d182276fbb7dc6a15e8e39ad38472eb18ae5b
archive/assets/images/23_팔마고_1학기_기말_고1_기출/q16-solution.svg,5b172013442da30ab0a0db1e49b8850081ddb408dc2893348a2b638021715569,5422,STATIC_ROOT_SHAPE_PASS,0 0 640 280,xMidYMid meet,"{""svg"":1,""circle"":3,""ellipse"":0,""line"":40,""polyline"":0,""polygon"":0,""path"":0,""rect"":3,""text"":10,""g"":0,""defs"":0,""use"":0,""image"":0,""foreignObject"":0,""script"":0}",,,10,0dd777099a6d5a50300ff63449ebe97970095d07376c79dc998ee53bdb4b227b
archive/assets/images/23_팔마고_1학기_기말_고1_기출/q17-solution.svg,152bbb14d24aa30d223a371d516e1f54a24616bb4e1a9fbf5f3096be7a97ec98,9155,STATIC_ROOT_SHAPE_PASS,0 0 840 480,xMidYMid meet,"{""svg"":1,""circle"":5,""ellipse"":0,""line"":56,""polyline"":0,""polygon"":0,""path"":0,""rect"":3,""text"":22,""g"":5,""defs"":0,""use"":0,""image"":0,""foreignObject"":0,""script"":0}",,,22,4f446e8f82798bfaeb5a0448e6a9164846b1dfd5a70f14cc751b84aa0db6d64e
archive/assets/images/23_팔마고_1학기_기말_고1_기출/q18-solution.svg,631060629251fa05457170b328e6ecc90d5dbb70f8fd8e0f8f425d15ddb4df28,6525,STATIC_ROOT_SHAPE_PASS,0 0 840 480,xMidYMid meet,"{""svg"":1,""circle"":3,""ellipse"":0,""line"":31,""polyline"":0,""polygon"":0,""path"":0,""rect"":3,""text"":16,""g"":3,""defs"":0,""use"":0,""image"":0,""foreignObject"":0,""script"":0}",,,16,75acac6ce8eabea46d38a7d19cbfb5efa78a035b56f8a0b7d7d8dba64eecc6fb
archive/assets/images/23_팔마고_1학기_기말_고1_기출/q19-solution.svg,adfbdebfa4eb3abf86c87a49b3ef0e4bb6ff35e378cf5e9e222e528f25771a6e,5447,STATIC_ROOT_SHAPE_PASS,0 0 640 280,xMidYMid meet,"{""svg"":1,""circle"":4,""ellipse"":0,""line"":38,""polyline"":0,""polygon"":0,""path"":0,""rect"":3,""text"":11,""g"":0,""defs"":0,""use"":0,""image"":0,""foreignObject"":0,""script"":0}",,,11,f4882e7fad55e8313fac74228654da99d31c0663d8a57cef1bf5dd506b0003c3
archive/assets/images/23_팔마고_1학기_기말_고1_기출/q21-solution.svg,87de491598b3ff301fd082c15e01308c1c517e84420b44ebae42e7557e182c73,2994,STATIC_ROOT_SHAPE_PASS,0 0 720 360,,"{""svg"":1,""circle"":1,""ellipse"":0,""line"":16,""polyline"":0,""polygon"":0,""path"":1,""rect"":2,""text"":7,""g"":1,""defs"":1,""use"":0,""image"":0,""foreignObject"":0,""script"":0}",,,7,ab039da26ba805de6a5578a76d3550951cbd46ba1bfcdfc0e6bc906153104f9a
archive/assets/images/23_팔마고_1학기_기말_고1_기출/q22-solution.svg,c821a9ea5e498be673b01e011bbaa872f78cc6ab6143b4849a9ce9bf9cdaed11,6418,STATIC_ROOT_SHAPE_PASS,0 0 840 480,xMidYMid meet,"{""svg"":1,""circle"":3,""ellipse"":0,""line"":28,""polyline"":0,""polygon"":1,""path"":0,""rect"":3,""text"":15,""g"":3,""defs"":0,""use"":0,""image"":0,""foreignObject"":0,""script"":0}",,,15,78f27c1d1772f87ec5af848a059bf2bcd0643fb27c20a7ded309d3d67d09a76e
archive/assets/images/23_팔마고_2학기_중간_고1_기출/q02-solution.svg,8701b175a407848839611f0af4eaa3b4c8f768a07e51fd34d895cd101d69a4cf,1915,STATIC_ROOT_SHAPE_PASS,0 0 760 280,xMidYMid meet,"{""svg"":1,""circle"":0,""ellipse"":0,""line"":1,""polyline"":0,""polygon"":0,""path"":0,""rect"":3,""text"":9,""g"":0,""defs"":0,""use"":0,""image"":0,""foreignObject"":0,""script"":0}",,,9,b18f34188c0c42c79bb3d8e8988cd622024acd6faf18e2c550b231233bb9ab70
archive/assets/images/23_팔마고_2학기_중간_고1_기출/q03-solution.svg,ba8ac857dede06960c00dc4ab3c72ace2ea4f45d0426f0d7a429fcec18ea1cb6,4203,STATIC_ROOT_SHAPE_PASS,0 0 940 480,xMidYMid meet,"{""svg"":1,""circle"":2,""ellipse"":0,""line"":24,""polyline"":0,""polygon"":0,""path"":1,""rect"":3,""text"":9,""g"":2,""defs"":1,""use"":0,""image"":0,""foreignObject"":0,""script"":0}",,,9,34665c6257a421242eed157a03b6bb93dfbcb68749ba5040bbd8b449e90f252c
archive/assets/images/23_팔마고_2학기_중간_고1_기출/q04-solution.svg,9e4434e678e69679c6bf8e5e4c7de1286ebb0e640d45b0af9a5893eeea4d8007,2196,STATIC_ROOT_SHAPE_PASS,0 0 760 320,xMidYMid meet,"{""svg"":1,""circle"":0,""ellipse"":0,""line"":0,""polyline"":0,""polygon"":0,""path"":0,""rect"":5,""text"":9,""g"":0,""defs"":0,""use"":0,""image"":0,""foreignObject"":0,""script"":0}",,,9,11eb5b881ec013ee5201d2ae4c8c14e6bae766e4704739586a9307546f8df9a8
archive/assets/images/23_팔마고_2학기_중간_고1_기출/q07-solution.svg,99b44ef13cc49205716e9cdb5781c153398d1dc26431024fafdd50abb3d2f4e9,8093,STATIC_ROOT_SHAPE_PASS,0 0 940 480,xMidYMid meet,"{""svg"":1,""circle"":3,""ellipse"":0,""line"":18,""polyline"":1,""polygon"":0,""path"":1,""rect"":3,""text"":13,""g"":3,""defs"":1,""use"":0,""image"":0,""foreignObject"":0,""script"":0}",,,13,08103889c37f64bde1411a4475805e6bc13bfb806ff740726e992f6fa4dd786b
archive/assets/images/23_팔마고_2학기_중간_고1_기출/q09-solution.svg,93aae6b42a1186b3eaaa717b085137d7b26e8bdbb7a8af6f390bcfe184953da4,1968,STATIC_ROOT_SHAPE_PASS,0 0 760 340,,"{""svg"":1,""circle"":4,""ellipse"":0,""line"":2,""polyline"":0,""polygon"":0,""path"":0,""rect"":4,""text"":10,""g"":0,""defs"":0,""use"":0,""image"":0,""foreignObject"":0,""script"":0}",,,10,60b57ad7429503c323b73fa7b9a4bb6fdf9493051874a3dbbc568a9fc8d5661d
archive/assets/images/23_팔마고_2학기_중간_고1_기출/q10-solution.svg,52c81669d5499bff73743db6030b7a211d64f89d335f850ffcea34620ee7c047,2264,STATIC_ROOT_SHAPE_PASS,0 0 760 300,xMidYMid meet,"{""svg"":1,""circle"":4,""ellipse"":0,""line"":0,""polyline"":0,""polygon"":0,""path"":4,""rect"":2,""text"":8,""g"":0,""defs"":0,""use"":0,""image"":0,""foreignObject"":0,""script"":0}",,,8,e3de477cd8846650b02df682d4f359287d86bc963d6a0d9953ceaf51e40f69a8
archive/assets/images/23_팔마고_2학기_중간_고1_기출/q11-solution.svg,eabe91410d37bbb024cebabe8a7945ae30e23e969a49a804d8bdbf225117ffde,1509,STATIC_ROOT_SHAPE_PASS,0 0 760 320,,"{""svg"":1,""circle"":2,""ellipse"":0,""line"":0,""polyline"":0,""polygon"":0,""path"":0,""rect"":3,""text"":9,""g"":0,""defs"":0,""use"":0,""image"":0,""foreignObject"":0,""script"":0}",,,9,ab55cb4bd68839787c38854f334ba5b3faa7fcd823a79a5ee4869d305f55e393
archive/assets/images/23_팔마고_2학기_중간_고1_기출/q13-solution.svg,2b824f4888fd0db240ad5298aef3f6f508c86ee5751a76c93a73f3a4d7e6df2e,5087,STATIC_ROOT_SHAPE_PASS,0 0 940 480,xMidYMid meet,"{""svg"":1,""circle"":4,""ellipse"":0,""line"":24,""polyline"":0,""polygon"":0,""path"":1,""rect"":3,""text"":13,""g"":4,""defs"":1,""use"":0,""image"":0,""foreignObject"":0,""script"":0}",,,13,832e2a8642b6f18c320017642e05938a2b6a6eb750a7a75ae6c921c12113e727
archive/assets/images/23_팔마고_2학기_중간_고1_기출/q15-solution.svg,9b4c7bf5b2fb187b95bd0667bb1ea399ea25ef1037064c0590e53bde8832a24f,3357,STATIC_ROOT_SHAPE_PASS,0 0 640 280,,"{""svg"":1,""circle"":6,""ellipse"":0,""line"":7,""polyline"":0,""polygon"":0,""path"":0,""rect"":3,""text"":16,""g"":0,""defs"":0,""use"":0,""image"":0,""foreignObject"":0,""script"":0}",,,16,51fbb97ef756ee6f3c91f81f962dff9bb27ff52d702ce216743facfcd18dabf9
archive/assets/images/23_팔마고_2학기_중간_고1_기출/q16-solution.svg,3070f307922ac38dc5596e2bab69b064669279cc87c99bd11ef48c1b2c2cfaca,3189,STATIC_ROOT_SHAPE_PASS,0 0 640 280,,"{""svg"":1,""circle"":6,""ellipse"":0,""line"":5,""polyline"":0,""polygon"":0,""path"":0,""rect"":3,""text"":14,""g"":0,""defs"":0,""use"":0,""image"":0,""foreignObject"":0,""script"":0}",,,14,14c3952b31ea38683f308526600701657905c14d8ecbe6542bbce059fe8d0032
archive/assets/images/23_팔마고_2학기_중간_고1_기출/q18-solution.svg,e9f2880d3fd91379a1363cbb3874bb823f7ba393aa792d173f2b9c41ec3da040,3485,STATIC_ROOT_SHAPE_PASS,0 0 640 280,,"{""svg"":1,""circle"":5,""ellipse"":0,""line"":6,""polyline"":0,""polygon"":0,""path"":0,""rect"":4,""text"":17,""g"":1,""defs"":1,""use"":0,""image"":0,""foreignObject"":0,""script"":0}",,,17,0dc6944fde76184bdc49faeacc43e28e1da404d8872d19db72f07675a0c6cef5
archive/assets/images/23_팔마고_2학기_중간_고1_기출/q20-solution.svg,a179f82c9d071e383f971770d9d8c103fae3a66f1f81aa05e3954169ba948f13,5331,STATIC_ROOT_SHAPE_PASS,0 0 940 480,xMidYMid meet,"{""svg"":1,""circle"":5,""ellipse"":0,""line"":28,""polyline"":0,""polygon"":0,""path"":1,""rect"":3,""text"":12,""g"":3,""defs"":1,""use"":0,""image"":0,""foreignObject"":0,""script"":0}",,,12,80a90aad42144d0a721ede2c15a5daaae41c4e36a90b68479467fe8462eb87fe
archive/assets/images/24_강남여고_2학기_기말_고1_기출/q06-solution.svg,e67dd64a79d3e14bef29dfe908a463f89e9eded77a0ee76f5aa70e9dfc06dda4,5638,STATIC_ROOT_SHAPE_PASS,0 0 540 540,,"{""svg"":1,""circle"":1,""ellipse"":0,""line"":2,""polyline"":1,""polygon"":0,""path"":0,""rect"":0,""text"":3,""g"":0,""defs"":0,""use"":0,""image"":0,""foreignObject"":0,""script"":0}",,,3,09cdc026b5ed04ea6aab298fd6139200416c92c711cd7b8150e109bb404c77c5
archive/assets/images/24_금당고_1학기_기말_고1_기출/q03-solution.svg,e45aceed9fa9a97ce19f09b0148e273d65b97599180b6d024eb87c76bce0811f,4323,STATIC_ROOT_SHAPE_PASS,0 0 720 360,xMidYMid meet,"{""svg"":1,""circle"":2,""ellipse"":0,""line"":16,""polyline"":0,""polygon"":0,""path"":1,""rect"":2,""text"":21,""g"":0,""defs"":1,""use"":0,""image"":0,""foreignObject"":0,""script"":0}",,,21,ff007b8867c4babe1a708933b0a83dcbdca3cce12394823bf10bae24114e935c
archive/assets/images/24_금당고_1학기_기말_고1_기출/q04-solution.svg,504675ec16bf2f99a36389aaf800512bb87ac3ccdd96fef51a6e5c01393f4243,5047,STATIC_ROOT_SHAPE_PASS,0 0 840 480,xMidYMid meet,"{""svg"":1,""circle"":1,""ellipse"":0,""line"":32,""polyline"":0,""polygon"":0,""path"":0,""rect"":3,""text"":10,""g"":1,""defs"":0,""use"":0,""image"":0,""foreignObject"":0,""script"":0}",,,10,98b7edbde1d4e8190179b26a008ca5fef00ddf7809123ab277a82d8d8e8f6968
archive/assets/images/24_금당고_1학기_기말_고1_기출/q05-solution.svg,e27f6ba2269b9dbdf635d370647179a38e5be10130d1b1560b1789ad02677e45,4342,STATIC_ROOT_SHAPE_PASS,0 0 840 480,xMidYMid meet,"{""svg"":1,""circle"":2,""ellipse"":0,""line"":20,""polyline"":0,""polygon"":0,""path"":0,""rect"":3,""text"":12,""g"":2,""defs"":0,""use"":0,""image"":0,""foreignObject"":0,""script"":0}",,,12,0b791264f63000b7c5c0e43412cd0e92f7e21a7db4348dd0cb34843c2e6ad5ea
archive/assets/images/24_금당고_1학기_기말_고1_기출/q06-solution.svg,271fe80a6a84872abbb59c3b57d08739b8cbbfcb2e673a6d9f1edc7ebf0e08ba,4190,STATIC_ROOT_SHAPE_PASS,0 0 840 480,xMidYMid meet,"{""svg"":1,""circle"":0,""ellipse"":0,""line"":23,""polyline"":0,""polygon"":0,""path"":0,""rect"":3,""text"":8,""g"":0,""defs"":0,""use"":0,""image"":0,""foreignObject"":0,""script"":0}",,,8,76ea652fc1204eca131b830e7eb5ac0ad128dc628d8566371d99781e9bf02e98
archive/assets/images/24_금당고_1학기_기말_고1_기출/q07-solution.svg,21220c50aee76b29204eaf98fe3f136a021b3fb34e6b4527973d02be2e62549f,5755,STATIC_ROOT_SHAPE_PASS,0 0 720 360,xMidYMid meet,"{""svg"":1,""circle"":3,""ellipse"":0,""line"":23,""polyline"":0,""polygon"":0,""path"":0,""rect"":3,""text"":29,""g"":0,""defs"":0,""use"":0,""image"":0,""foreignObject"":0,""script"":0}",,,29,2d5ce0add32f30749dc6d1948a632d3dfd61b1dbb3120b6815765b12de61e01d
archive/assets/images/24_금당고_1학기_기말_고1_기출/q09-solution.svg,4623908382913f4a9b633ba22c39a9b1601d195f7007643b8869cee41d77d131,7336,STATIC_ROOT_SHAPE_PASS,0 0 720 360,xMidYMid meet,"{""svg"":1,""circle"":5,""ellipse"":0,""line"":31,""polyline"":0,""polygon"":0,""path"":0,""rect"":3,""text"":35,""g"":0,""defs"":0,""use"":0,""image"":0,""foreignObject"":0,""script"":0}",,,35,5b91010705d8d8edc6dd4b5325991460ec5839ed38c59946ad19a2b42472ca08
archive/assets/images/24_금당고_1학기_기말_고1_기출/q11-solution.svg,95b9a101ac6e65a23a680598222368410db4b1705477313e43f7d208f35086d7,7327,STATIC_ROOT_SHAPE_PASS,0 0 840 480,xMidYMid meet,"{""svg"":1,""circle"":4,""ellipse"":0,""line"":41,""polyline"":0,""polygon"":0,""path"":0,""rect"":3,""text"":19,""g"":4,""defs"":0,""use"":0,""image"":0,""foreignObject"":0,""script"":0}",,,19,df07935304f749e2fdfe6bb968dc96030f0b3a84b21f3714e759740e221b1040
archive/assets/images/24_금당고_1학기_기말_고1_기출/q14-solution.svg,a9f09f74b7292ee4d643518b7c2a88756826f34d6d5251bae886ffff7257e3f1,5414,STATIC_ROOT_SHAPE_PASS,0 0 840 480,xMidYMid meet,"{""svg"":1,""circle"":0,""ellipse"":0,""line"":34,""polyline"":0,""polygon"":0,""path"":0,""rect"":3,""text"":9,""g"":0,""defs"":0,""use"":0,""image"":0,""foreignObject"":0,""script"":0}",,,9,bbfbe15be9f5378d67196c0ddff5911b6584e7cca06b582f6a0dda67c639dc1f
archive/assets/images/24_금당고_1학기_기말_고1_기출/q15-solution.svg,5b8817c68b1303808478a7252079f903c2310356b55284b34eb491b5d27ac432,4249,STATIC_ROOT_SHAPE_PASS,0 0 720 360,,"{""svg"":1,""circle"":0,""ellipse"":0,""line"":26,""polyline"":0,""polygon"":0,""path"":3,""rect"":4,""text"":9,""g"":0,""defs"":1,""use"":0,""image"":0,""foreignObject"":0,""script"":0}",,,9,c49dec2655d1e41aa28e3e3d57acabf9cb86d86c62a87c9614281aa23237188f
archive/assets/images/24_금당고_1학기_기말_고1_기출/q16-solution.svg,81149750e42494792f55f031a29499efd3b4ad40e4f706dedb0d083a8b9b1dfa,4713,STATIC_ROOT_SHAPE_PASS,0 0 720 360,xMidYMid meet,"{""svg"":1,""circle"":6,""ellipse"":0,""line"":12,""polyline"":0,""polygon"":0,""path"":0,""rect"":3,""text"":19,""g"":0,""defs"":0,""use"":0,""image"":0,""foreignObject"":0,""script"":0}",,,19,79d7f898469918c3164ae80035f0805e5ddf7aa1484ea7c0e892fde34f428c73
archive/assets/images/24_금당고_1학기_기말_고1_기출/q17-solution.svg,2afdfc6ef31dc261c64a6aba5b672ad2bef1ffb53566215d810fb51e23fac27d,3664,STATIC_ROOT_SHAPE_PASS,0 0 720 360,,"{""svg"":1,""circle"":2,""ellipse"":0,""line"":18,""polyline"":0,""polygon"":0,""path"":1,""rect"":2,""text"":9,""g"":2,""defs"":1,""use"":0,""image"":0,""foreignObject"":0,""script"":0}",,,9,addec545b3aaf93073b3405471b02500733736e1c0ca3423f0f2ea3d81a0608d
archive/assets/images/24_금당고_1학기_기말_고1_기출/q19-solution.svg,d12409f4cfd71f237afc89a36d6030752f0a86c7481e82fd11b46e0aa481a5a4,1959,STATIC_ROOT_SHAPE_PASS,0 0 720 360,xMidYMid meet,"{""svg"":1,""circle"":4,""ellipse"":0,""line"":2,""polyline"":0,""polygon"":0,""path"":0,""rect"":2,""text"":11,""g"":0,""defs"":0,""use"":0,""image"":0,""foreignObject"":0,""script"":0}",,,11,c1de1745e98717efe0c3895c73e8df5cdba9ceb7f7a295aeed6fe180e6f2a5df
archive/assets/images/24_금당고_1학기_기말_고1_기출/q20-solution.svg,4c6d8599881335480f341ebf062da7c3842d3acff70550067e8bf48eb4e01ba7,8351,STATIC_ROOT_SHAPE_PASS,0 0 720 360,xMidYMid meet,"{""svg"":1,""circle"":4,""ellipse"":0,""line"":15,""polyline"":1,""polygon"":0,""path"":0,""rect"":3,""text"":22,""g"":0,""defs"":0,""use"":0,""image"":0,""foreignObject"":0,""script"":0}",,,22,c58d98029128449b11fb41c2707a6631214272ebfcbda28f9fda4f9593a152b8
archive/assets/images/24_금당고_2학기_기말_고1_기출/q03-solution.svg,5e0b5acca8a80904877d49043664e4b4ef73581ba2f3b1ab90ecbdf8db89ea8f,14424,STATIC_ROOT_SHAPE_PASS,0 0 540 540,,"{""svg"":1,""circle"":1,""ellipse"":0,""line"":4,""polyline"":2,""polygon"":0,""path"":0,""rect"":0,""text"":3,""g"":0,""defs"":0,""use"":0,""image"":0,""foreignObject"":0,""script"":0}",,,3,4729995735775faa158af624f590345d13977c573517a47274ba09c4e85da43b
archive/assets/images/24_금당고_2학기_기말_고1_기출/q05-solution.svg,750f0d027376a7c4ee3266726ea6b1412b5bf09035dfe9021a3c50881d83bed6,5656,STATIC_ROOT_SHAPE_PASS,0 0 540 540,,"{""svg"":1,""circle"":1,""ellipse"":0,""line"":2,""polyline"":1,""polygon"":0,""path"":0,""rect"":0,""text"":3,""g"":0,""defs"":0,""use"":0,""image"":0,""foreignObject"":0,""script"":0}",,,3,6168ad14854e31f9ce95cc90b213e44bcf7b4901b8d6a0a1051b1d0084f354a8
archive/assets/images/24_금당고_2학기_기말_고1_기출/q10-solution.svg,89bd9cee504c04b9e5c576cfbfd2b93873acd571d81c5132204aa6137d4de2b8,10314,STATIC_ROOT_SHAPE_PASS,0 0 620 460,,"{""svg"":1,""circle"":2,""ellipse"":0,""line"":2,""polyline"":2,""polygon"":0,""path"":0,""rect"":0,""text"":5,""g"":0,""defs"":0,""use"":0,""image"":0,""foreignObject"":0,""script"":0}",,,5,e04896043332ffb0c1f031cf4a1676e876d468a6def7dd583a84d622784d0779
archive/assets/images/24_금당고_2학기_기말_고1_기출/q11-solution.svg,d25937eb1d34b51d205d55b4ad40cc33e5633efe35011adf46c79bbe5e7c4dc8,5984,STATIC_ROOT_SHAPE_PASS,0 0 540 460,,"{""svg"":1,""circle"":2,""ellipse"":0,""line"":3,""polyline"":1,""polygon"":0,""path"":0,""rect"":0,""text"":5,""g"":0,""defs"":0,""use"":0,""image"":0,""foreignObject"":0,""script"":0}",,,5,4a3042b7fa5ee975688b0a5ee8ea83c8b030a35fd72d5a13b2b6547e88037d09
archive/assets/images/24_금당고_2학기_기말_고1_기출/q14-solution.svg,5ee33fdc11fe5300ee96ecd3d3d9cdf146598ad1242ce64aa4b7915da56ddb35,10570,STATIC_ROOT_SHAPE_PASS,0 0 620 500,,"{""svg"":1,""circle"":3,""ellipse"":0,""line"":3,""polyline"":2,""polygon"":0,""path"":0,""rect"":0,""text"":6,""g"":0,""defs"":0,""use"":0,""image"":0,""foreignObject"":0,""script"":0}",,,6,208ffb18595c0232d5f3ab27db4e0b0bb8d8ca068539e9ebdabbaccc9195a066
archive/assets/images/24_금당고_2학기_기말_고1_기출/q16-solution.svg,86c0ceba192269165023de71721a0c574c991541e496c61ce7e8305c0f7eaa70,15018,STATIC_ROOT_SHAPE_PASS,0 0 620 460,,"{""svg"":1,""circle"":3,""ellipse"":0,""line"":5,""polyline"":2,""polygon"":0,""path"":0,""rect"":0,""text"":8,""g"":0,""defs"":0,""use"":0,""image"":0,""foreignObject"":0,""script"":0}",,,8,05aef286ecd6e58e89f2852c4d52730bacd8727de8fd6e40221546154d3d4c61
archive/assets/images/24_금당고_2학기_기말_고1_기출/q18-solution.svg,207ff14df0112bf380b3069b4c8fce29613392774555a6e9182596e6d39701b7,20741,STATIC_ROOT_SHAPE_PASS,0 0 620 460,,"{""svg"":1,""circle"":0,""ellipse"":0,""line"":4,""polyline"":3,""polygon"":0,""path"":0,""rect"":0,""text"":2,""g"":0,""defs"":0,""use"":0,""image"":0,""foreignObject"":0,""script"":0}",,,2,1de0e3b624f7174c60b372b4760ec34ccdd7523740ce4ee3dda8084eeff42b82
archive/assets/images/24_금당고_2학기_중간_고1_기출/q01-solution.svg,06410628ce3a85e805efa96afd7e5ec9d631193c1adb346bae74489b660cd8ae,4097,STATIC_ROOT_SHAPE_PASS,0 0 940 480,xMidYMid meet,"{""svg"":1,""circle"":2,""ellipse"":0,""line"":21,""polyline"":0,""polygon"":0,""path"":1,""rect"":3,""text"":9,""g"":2,""defs"":1,""use"":0,""image"":0,""foreignObject"":0,""script"":0}",,,9,402bbe8d257e826bab11532b33b6ea3781405faed45dd1b6e18d091cbc61deae
archive/assets/images/24_금당고_2학기_중간_고1_기출/q03-solution.svg,384a089595a55813683235e833420cb40f8199ad075beb11adce8976552083d0,1955,STATIC_ROOT_SHAPE_PASS,0 0 760 360,,"{""svg"":1,""circle"":0,""ellipse"":2,""line"":0,""polyline"":0,""polygon"":0,""path"":0,""rect"":4,""text"":9,""g"":0,""defs"":0,""use"":0,""image"":0,""foreignObject"":0,""script"":0}",,,9,8bf6ab63a89ef13a354885a089b344efea587f02fcf905cdddb99f863262e6e5
archive/assets/images/24_금당고_2학기_중간_고1_기출/q06-solution.svg,5ca327732c1278af49e7dd57ffe9af028a7aeb647ec0bf2bbbc13f32b1507aa2,1918,STATIC_ROOT_SHAPE_PASS,0 0 760 300,xMidYMid meet,"{""svg"":1,""circle"":0,""ellipse"":0,""line"":0,""polyline"":0,""polygon"":0,""path"":0,""rect"":3,""text"":9,""g"":0,""defs"":0,""use"":0,""image"":0,""foreignObject"":0,""script"":0}",,,9,abb988e31d06d1e41b31c440235185a82da435a91b417b11580e0a4840f2d27a
archive/assets/images/24_금당고_2학기_중간_고1_기출/q09-solution.svg,07810df41a2f709d0ce2fc9ed85da5eeb515a7b05fb29bb961eb43f34b621bfe,5125,STATIC_ROOT_SHAPE_PASS,0 0 940 480,xMidYMid meet,"{""svg"":1,""circle"":3,""ellipse"":0,""line"":26,""polyline"":0,""polygon"":0,""path"":1,""rect"":3,""text"":12,""g"":3,""defs"":1,""use"":0,""image"":0,""foreignObject"":0,""script"":0}",,,12,b5e40d82f99e6aa24503ed47ebca83d981ea01dcb877bbbeee8db89007ea1398
archive/assets/images/24_금당고_2학기_중간_고1_기출/q11-solution.svg,7b79c3e641e88cbd3fca85871f42367d30a82f49b1f71c9c65c39f4dc09578c4,1534,STATIC_ROOT_SHAPE_PASS,0 0 760 300,,"{""svg"":1,""circle"":0,""ellipse"":2,""line"":0,""polyline"":0,""polygon"":0,""path"":0,""rect"":3,""text"":9,""g"":0,""defs"":0,""use"":0,""image"":0,""foreignObject"":0,""script"":0}",,,9,26b8d4144c85ce9c19d1a951c01522ddc875db41284ee14708a08017ac0c3068
archive/assets/images/24_금당고_2학기_중간_고1_기출/q15-solution.svg,0d7fe6eea70b575ef0cd0d4a720701e3ba4375186c467f48c97d95213917ef79,6084,STATIC_ROOT_SHAPE_PASS,0 0 940 480,xMidYMid meet,"{""svg"":1,""circle"":6,""ellipse"":0,""line"":24,""polyline"":0,""polygon"":2,""path"":1,""rect"":3,""text"":14,""g"":6,""defs"":1,""use"":0,""image"":0,""foreignObject"":0,""script"":0}",,,14,efced968407dc6422303bc94f5bad158e00852a6108c39cd7a293c5be6bc4f3c
archive/assets/images/24_금당고_2학기_중간_고1_기출/q16-solution.svg,ea58de639c8a93ae83ef9be937aea2e815abe32d811f40a6944c59a8d68d9c0a,4362,STATIC_ROOT_SHAPE_PASS,0 0 720 360,,"{""svg"":1,""circle"":0,""ellipse"":0,""line"":26,""polyline"":0,""polygon"":0,""path"":3,""rect"":4,""text"":9,""g"":0,""defs"":1,""use"":0,""image"":0,""foreignObject"":0,""script"":0}",,,9,56707af20d07e4c4eaf46032b905863961753a76a6780a4b749362b6bc850fbc
archive/assets/images/24_금당고_2학기_중간_고1_기출/q20-solution.svg,79912ab53209c451598658073c1419b8209821f25fe507732b03b56b86fb20db,6646,STATIC_ROOT_SHAPE_PASS,0 0 720 360,,"{""svg"":1,""circle"":5,""ellipse"":0,""line"":41,""polyline"":0,""polygon"":0,""path"":1,""rect"":2,""text"":14,""g"":5,""defs"":1,""use"":0,""image"":0,""foreignObject"":0,""script"":0}",,,14,71161bfa76e047988f4a8c5a9f99b1a788d08dba1e380474e584a80b0978e641
archive/assets/images/24_금당고_2학기_중간_고1_기출/q21-solution.svg,544cbd94c00c0275f23008c8fe4e5b2a43df70e960d20a5ed17183207c46d494,2409,STATIC_ROOT_SHAPE_PASS,0 0 760 360,xMidYMid meet,"{""svg"":1,""circle"":3,""ellipse"":0,""line"":0,""polyline"":0,""polygon"":0,""path"":3,""rect"":3,""text"":9,""g"":0,""defs"":0,""use"":0,""image"":0,""foreignObject"":0,""script"":0}",,,9,b786e9212f5e4a55b9425b9f2554c893941d44c8ac3228694dd4dcbdc13f8428
archive/assets/images/24_매산고_1학기_기말_고1_기출/q04-solution.svg,929c5ae9793355c1c58fd28053e9d8bfaa07a3be79e00f8443d50c953bb3b6a1,4366,STATIC_ROOT_SHAPE_PASS,0 0 720 360,,"{""svg"":1,""circle"":0,""ellipse"":0,""line"":26,""polyline"":0,""polygon"":0,""path"":3,""rect"":4,""text"":9,""g"":0,""defs"":1,""use"":0,""image"":0,""foreignObject"":0,""script"":0}",,,9,19963b7bc10ada64526181c1226afcab308303b466ee4d81c1b8e10b35b0efbd
archive/assets/images/24_매산고_1학기_기말_고1_기출/q05-solution.svg,51233f1d5bde55aab1e6d2d255e8483aba0f14bae1a7873e7e25fe6907b56e1b,4514,STATIC_ROOT_SHAPE_PASS,0 0 840 480,xMidYMid meet,"{""svg"":1,""circle"":3,""ellipse"":0,""line"":19,""polyline"":0,""polygon"":0,""path"":0,""rect"":3,""text"":13,""g"":3,""defs"":0,""use"":0,""image"":0,""foreignObject"":0,""script"":0}",,,13,fc584a3ceacf925f2d6b841f0508d1accf811230849877d3177a1c9690aef704
archive/assets/images/24_매산고_1학기_기말_고1_기출/q06-solution.svg,5bb1141820c9b5f5053368429a78f9110a28f85a20c9a49f36e14847c15f183e,5783,STATIC_ROOT_SHAPE_PASS,0 0 840 480,xMidYMid meet,"{""svg"":1,""circle"":0,""ellipse"":0,""line"":43,""polyline"":0,""polygon"":0,""path"":0,""rect"":3,""text"":7,""g"":0,""defs"":0,""use"":0,""image"":0,""foreignObject"":0,""script"":0}",,,7,16e86d077754c318dea7f69aa8118e0deb292160a626e8a445990eae1b9a3d05
archive/assets/images/24_매산고_1학기_기말_고1_기출/q07-solution.svg,1a201f6564034d507485edb08dda154f1e7f470bcdd33de91463f31df14acd56,6895,STATIC_ROOT_SHAPE_PASS,0 0 720 360,xMidYMid meet,"{""svg"":1,""circle"":4,""ellipse"":0,""line"":29,""polyline"":0,""polygon"":0,""path"":0,""rect"":3,""text"":35,""g"":0,""defs"":0,""use"":0,""image"":0,""foreignObject"":0,""script"":0}",,,35,cc091ff3bbc466fdfc876e137b2711d7442065ddfbae1e27de9934983bf7464f
archive/assets/images/24_매산고_1학기_기말_고1_기출/q09-solution.svg,3873c3728320d1bfb71eeaf3d3bbfacd64bd885629fcb4542312cdc946023ad5,5324,STATIC_ROOT_SHAPE_PASS,0 0 720 360,xMidYMid meet,"{""svg"":1,""circle"":4,""ellipse"":0,""line"":19,""polyline"":0,""polygon"":0,""path"":0,""rect"":3,""text"":23,""g"":0,""defs"":0,""use"":0,""image"":0,""foreignObject"":0,""script"":0}",,,23,a1b233b1dc55375196b0e697fcdf9ad8163a7cd00a8a7a7d2b533107ed38212a
archive/assets/images/24_매산고_1학기_기말_고1_기출/q10-solution.svg,48e74a841877c7d13098a0330befa71b614f00a9378eefc4051b3ea40466f375,10422,STATIC_ROOT_SHAPE_PASS,0 0 940 480,xMidYMid meet,"{""svg"":1,""circle"":1,""ellipse"":0,""line"":15,""polyline"":2,""polygon"":0,""path"":1,""rect"":3,""text"":9,""g"":1,""defs"":1,""use"":0,""image"":0,""foreignObject"":0,""script"":0}",,,9,42b8b9270082d7847b2b985cf5697691e8e5cf122774f3abf134229294a9d007
archive/assets/images/24_매산고_1학기_기말_고1_기출/q11-solution.svg,38c0228d2faf06d36a5080b10dee91d611b8e0affd1a13c1bc4c477064625dcd,8255,STATIC_ROOT_SHAPE_PASS,0 0 840 480,xMidYMid meet,"{""svg"":1,""circle"":3,""ellipse"":0,""line"":49,""polyline"":1,""polygon"":0,""path"":0,""rect"":3,""text"":10,""g"":3,""defs"":0,""use"":0,""image"":0,""foreignObject"":0,""script"":0}",,,10,c58013d99e501433d043d71afa4e2d6b21a635566fc60df6bfffdb762ba2df4e
archive/assets/images/24_매산고_1학기_기말_고1_기출/q12-solution.svg,48913de76c09bbac727c8d980154e13ccca415ed2de9ff6c7189b76585a74d3b,4327,STATIC_ROOT_SHAPE_PASS,0 0 720 360,,"{""svg"":1,""circle"":0,""ellipse"":0,""line"":26,""polyline"":0,""polygon"":0,""path"":3,""rect"":4,""text"":9,""g"":0,""defs"":1,""use"":0,""image"":0,""foreignObject"":0,""script"":0}",,,9,9099321dac6cdc1e004c736dccf73cf8670b246cd53756124cd5f45466715131
archive/assets/images/24_매산고_1학기_기말_고1_기출/q14-solution.svg,6840cb3fa0cee570d41f8ce50e0f3395e97dfc03d3fa5035d255f75a7884b8a7,6038,STATIC_ROOT_SHAPE_PASS,0 0 840 480,xMidYMid meet,"{""svg"":1,""circle"":5,""ellipse"":0,""line"":23,""polyline"":0,""polygon"":1,""path"":0,""rect"":3,""text"":18,""g"":5,""defs"":0,""use"":0,""image"":0,""foreignObject"":0,""script"":0}",,,18,009f808cee661412b56db9a7a57a14b2b452c09d0a6b1e45ab5a16d3a722cf4b
archive/assets/images/24_매산고_1학기_기말_고1_기출/q15-solution.svg,f839e7a9751036e7ce4f21558d1592cef784e76999fce1d92af4498057da7fe8,4733,STATIC_ROOT_SHAPE_PASS,0 0 720 360,xMidYMid meet,"{""svg"":1,""circle"":3,""ellipse"":0,""line"":16,""polyline"":0,""polygon"":0,""path"":0,""rect"":3,""text"":22,""g"":0,""defs"":0,""use"":0,""image"":0,""foreignObject"":0,""script"":0}",,,22,9f5d5510fb5ae1642a545919b75797ebd6fe71483c19cc9c4f9c00e0e06c36d3
archive/assets/images/24_매산고_1학기_기말_고1_기출/q16-solution.svg,eb6a9989b28b8e953f77f99c93c7b58131f2f69ebcccaa73c5d6d13426b91333,5157,STATIC_ROOT_SHAPE_PASS,0 0 940 480,xMidYMid meet,"{""svg"":1,""circle"":2,""ellipse"":0,""line"":30,""polyline"":0,""polygon"":0,""path"":1,""rect"":3,""text"":11,""g"":2,""defs"":1,""use"":0,""image"":0,""foreignObject"":0,""script"":0}",,,11,8796ecbd2a65548e0d3280a82b6266bff9eb8a76f0d6dbca61f2f3b3a4ab70be
archive/assets/images/24_매산고_1학기_기말_고1_기출/q17-solution.svg,239d0b3a0ad9c70a5aec7c5911599046b98a568fce301adc2a84527b5148dc67,5770,STATIC_ROOT_SHAPE_PASS,0 0 720 360,xMidYMid meet,"{""svg"":1,""circle"":4,""ellipse"":0,""line"":21,""polyline"":0,""polygon"":0,""path"":0,""rect"":3,""text"":25,""g"":0,""defs"":0,""use"":0,""image"":0,""foreignObject"":0,""script"":0}",,,25,7a81af13da889258771e0f7a84785171f169e7b63d7694c714857e57734cc4d5
archive/assets/images/24_매산고_1학기_기말_고1_기출/q18-solution.svg,46963df948f1579fd7357ef32d63ec7d216067e97dd3d38eabb8b5aeeb058ef7,6022,STATIC_ROOT_SHAPE_PASS,0 0 940 480,xMidYMid meet,"{""svg"":1,""circle"":6,""ellipse"":0,""line"":30,""polyline"":0,""polygon"":0,""path"":1,""rect"":3,""text"":12,""g"":3,""defs"":1,""use"":0,""image"":0,""foreignObject"":0,""script"":0}",,,12,16a99014a9521909d9ec09df0d0467bcb67f681c3d37305031c677bfbea72441
archive/assets/images/24_매산고_1학기_기말_고1_기출/q19-solution.svg,dc7f7a76e84a88b8cd82b6e7bad98fb39d3cead31b23f650542a0e31a8108747,5120,STATIC_ROOT_SHAPE_PASS,0 0 940 480,xMidYMid meet,"{""svg"":1,""circle"":6,""ellipse"":0,""line"":24,""polyline"":0,""polygon"":0,""path"":1,""rect"":3,""text"":12,""g"":4,""defs"":1,""use"":0,""image"":0,""foreignObject"":0,""script"":0}",,,12,4821ea762197356d78d388427061645b461c327c51b0254dd4003889384f8379
archive/assets/images/24_매산고_1학기_기말_고1_기출/q20-solution.svg,401541f40f45a7419da547d9ff29c4eae9c0f42cb5c77a03aca5abdd56caa3fe,4363,STATIC_ROOT_SHAPE_PASS,0 0 720 360,,"{""svg"":1,""circle"":0,""ellipse"":0,""line"":26,""polyline"":0,""polygon"":0,""path"":3,""rect"":4,""text"":9,""g"":0,""defs"":1,""use"":0,""image"":0,""foreignObject"":0,""script"":0}",,,9,a7d6f30acfd80b0b0d541d9828386a5bf6df6b6ce0ad1553671518bbbbfd681d
archive/assets/images/24_매산여고_2학기_기말_고1_기출/q03-solution.svg,2e389a34b0e0edc5fff6232a85206d2aa0b79bd6c5d1df22640a0d764d607f16,14472,STATIC_ROOT_SHAPE_PASS,0 0 540 540,,"{""svg"":1,""circle"":1,""ellipse"":0,""line"":4,""polyline"":2,""polygon"":0,""path"":0,""rect"":0,""text"":3,""g"":0,""defs"":0,""use"":0,""image"":0,""foreignObject"":0,""script"":0}",,,3,14016bbbca4a1378e6f99eabcc1f34af0b561f9ddf52b841826ee8ba392beb38
archive/assets/images/24_매산여고_2학기_기말_고1_기출/q05-solution.svg,7e1f13542cb7deea250c3611793ac4c8a00eab5b62670ecd159a5fa87e7eef4a,14431,STATIC_ROOT_SHAPE_PASS,0 0 540 540,,"{""svg"":1,""circle"":1,""ellipse"":0,""line"":4,""polyline"":2,""polygon"":0,""path"":0,""rect"":0,""text"":3,""g"":0,""defs"":0,""use"":0,""image"":0,""foreignObject"":0,""script"":0}",,,3,57949f9fc7a935e0d17b561889c421a7cb24b14deb0fbb9dc5fe78bde61c3193
archive/assets/images/24_매산여고_2학기_기말_고1_기출/q06-solution.svg,1fbeecb518f4966d0368e1944ff36a86f01dbc642c1472cdf23cc26a41284115,10078,STATIC_ROOT_SHAPE_PASS,0 0 620 500,,"{""svg"":1,""circle"":1,""ellipse"":0,""line"":1,""polyline"":2,""polygon"":0,""path"":0,""rect"":0,""text"":3,""g"":0,""defs"":0,""use"":0,""image"":0,""foreignObject"":0,""script"":0}",,,3,9919dd10f5a4121a4bea452f9349f156ecf1636d2321189236e4f65807c793e7
archive/assets/images/24_매산여고_2학기_기말_고1_기출/q07-solution.svg,4b163268593a98897c4ff5fb893129d139db8eb6827469dd9bc2538d4cd576f1,14676,STATIC_ROOT_SHAPE_PASS,0 0 620 460,,"{""svg"":1,""circle"":1,""ellipse"":0,""line"":6,""polyline"":2,""polygon"":0,""path"":0,""rect"":0,""text"":5,""g"":0,""defs"":0,""use"":0,""image"":0,""foreignObject"":0,""script"":0}",,,5,62445a67d5750f01cba8a5cfa14a48cb7c88f991d312fe65b30a516a838571f9
archive/assets/images/24_매산여고_2학기_기말_고1_기출/q22-solution.svg,0483f02dd6d8ebbd697d7fcf4e446d2c4455056aee9c2b369207260065f60cd2,27644,STATIC_ROOT_SHAPE_PASS,0 0 620 520,,"{""svg"":1,""circle"":2,""ellipse"":0,""line"":6,""polyline"":4,""polygon"":0,""path"":0,""rect"":0,""text"":4,""g"":0,""defs"":0,""use"":0,""image"":0,""foreignObject"":0,""script"":0}",,,4,abb40e99b5127a3762f9603482518aa31aa7dd5500ea21e5b8c4b4fedd3fff08
archive/assets/images/24_매산여고_2학기_기말_고1_기출/q23-solution.svg,509fd9f84bae09bf277a723470aa73d62fee060deee5c512cc4158641d81597a,11046,STATIC_ROOT_SHAPE_PASS,0 0 620 460,,"{""svg"":1,""circle"":3,""ellipse"":0,""line"":7,""polyline"":2,""polygon"":0,""path"":0,""rect"":0,""text"":10,""g"":0,""defs"":0,""use"":0,""image"":0,""foreignObject"":0,""script"":0}",,,10,eec2b19d06f08474f7b20c4e63bff05163fdda52a488101dd12305aaa3188133
archive/assets/images/24_제일고_1학기_기말_고1_기출/q10-solution.svg,fc9424efc3cd9137fa881b54990d87cd932e546ca0688af4e58cc161325ef949,6084,STATIC_ROOT_SHAPE_PASS,0 0 720 360,xMidYMid meet,"{""svg"":1,""circle"":3,""ellipse"":0,""line"":25,""polyline"":0,""polygon"":0,""path"":0,""rect"":3,""text"":31,""g"":0,""defs"":0,""use"":0,""image"":0,""foreignObject"":0,""script"":0}",,,31,f48c788000b889d2df9ca05714e113fb6e38da655d9dde92db86918a4d3339a8
archive/assets/images/24_제일고_1학기_기말_고1_기출/q11-solution.svg,6ec4c3a34f58733a2438c554a67357c722ebc7278d2847f8bd26b3cdff3143d5,4300,STATIC_ROOT_SHAPE_PASS,0 0 940 480,xMidYMid meet,"{""svg"":1,""circle"":2,""ellipse"":0,""line"":25,""polyline"":0,""polygon"":0,""path"":1,""rect"":3,""text"":9,""g"":2,""defs"":1,""use"":0,""image"":0,""foreignObject"":0,""script"":0}",,,9,8b3f6aee7ee8907970849e993e48abb3e48d63a8a25e24896b161a432cf94cce
archive/assets/images/24_제일고_1학기_기말_고1_기출/q12-solution.svg,533764a9d53c6c159f5ff31e7eb5d30cf41fcfe14a855b75441b735d32e22de1,4995,STATIC_ROOT_SHAPE_PASS,0 0 720 360,xMidYMid meet,"{""svg"":1,""circle"":7,""ellipse"":0,""line"":13,""polyline"":0,""polygon"":0,""path"":0,""rect"":3,""text"":20,""g"":0,""defs"":0,""use"":0,""image"":0,""foreignObject"":0,""script"":0}",,,20,a1354f0c5a213b25214129da3a29a993535001087d151df1cf5f2e5a5fd53111
archive/assets/images/24_제일고_1학기_기말_고1_기출/q13-solution.svg,1fedd836e517dd6b510ece7802980e18103deed74872f7f9698682b68df85523,5213,STATIC_ROOT_SHAPE_PASS,0 0 720 360,xMidYMid meet,"{""svg"":1,""circle"":3,""ellipse"":0,""line"":19,""polyline"":0,""polygon"":0,""path"":0,""rect"":3,""text"":24,""g"":0,""defs"":0,""use"":0,""image"":0,""foreignObject"":0,""script"":0}",,,24,0840c89cae27482f04696e1a9dc1dce5c40b9f93887ed3b5ce658a0a24992d7f
archive/assets/images/24_제일고_1학기_기말_고1_기출/q14-solution.svg,4c2e9a9135f38774da6e260af6d84f6d76bd176859564d5375ea7536c18ba7d0,6974,STATIC_ROOT_SHAPE_PASS,0 0 840 480,xMidYMid meet,"{""svg"":1,""circle"":4,""ellipse"":0,""line"":32,""polyline"":0,""polygon"":1,""path"":0,""rect"":3,""text"":17,""g"":4,""defs"":0,""use"":0,""image"":0,""foreignObject"":0,""script"":0}",,,17,f7d474b823147f5493b188960fd3ca04bf031657cfea5deab5f8204f2e4b8346
archive/assets/images/24_제일고_1학기_기말_고1_기출/q15-solution.svg,c96f470a102190da397ac3440da9a2830fe1e85d0a91a92182e5c8752a84cc44,6858,STATIC_ROOT_SHAPE_PASS,0 0 720 360,xMidYMid meet,"{""svg"":1,""circle"":2,""ellipse"":0,""line"":30,""polyline"":0,""polygon"":0,""path"":0,""rect"":3,""text"":34,""g"":0,""defs"":0,""use"":0,""image"":0,""foreignObject"":0,""script"":0}",,,34,b057f93fb1b6c37c792423e19f0722c1dda342ae5377ed033217e411b0b36df1
archive/assets/images/24_제일고_1학기_기말_고1_기출/q16-solution.svg,9496f67001ce2c657dcf866c7fcad74525c26732375f1c17cf37651e6fb163d7,5124,STATIC_ROOT_SHAPE_PASS,0 0 940 480,xMidYMid meet,"{""svg"":1,""circle"":6,""ellipse"":0,""line"":21,""polyline"":0,""polygon"":0,""path"":1,""rect"":3,""text"":13,""g"":3,""defs"":1,""use"":0,""image"":0,""foreignObject"":0,""script"":0}",,,13,17cdbfd776feb33c85cc39f74d719a32252cd5615f234207e7847afdf776b808
archive/assets/images/24_제일고_1학기_기말_고1_기출/q17-solution.svg,2243fb9c9614b4ba9d42e917e93d19e9a6fc858a416c3be6f7ad17696225b17a,5739,STATIC_ROOT_SHAPE_PASS,0 0 720 360,xMidYMid meet,"{""svg"":1,""circle"":4,""ellipse"":0,""line"":21,""polyline"":0,""polygon"":0,""path"":0,""rect"":3,""text"":27,""g"":0,""defs"":0,""use"":0,""image"":0,""foreignObject"":0,""script"":0}",,,27,dca7be1b26b412fb43c2fd18cd41290e41357347cd0c622693a1584f91e73120
archive/assets/images/24_제일고_1학기_기말_고1_기출/q18-solution.svg,186632bd838ff91705521b1884bef4ccbed298ac19dbd75a1403df8ac8d6a41d,5648,STATIC_ROOT_SHAPE_PASS,0 0 940 480,xMidYMid meet,"{""svg"":1,""circle"":6,""ellipse"":0,""line"":24,""polyline"":0,""polygon"":0,""path"":1,""rect"":3,""text"":17,""g"":6,""defs"":1,""use"":0,""image"":0,""foreignObject"":0,""script"":0}",,,17,480052e4e25ca3df43d6be060c7f1ed36fd34940d1d97207fbffdf78a27dbec7
archive/assets/images/24_제일고_1학기_기말_고1_기출/q21-solution.svg,8fec7dc1cb38312249bc122a4784851fd21d911aad0e47520792b22ade3a064e,4003,STATIC_ROOT_SHAPE_PASS,0 0 720 360,xMidYMid meet,"{""svg"":1,""circle"":3,""ellipse"":0,""line"":26,""polyline"":0,""polygon"":0,""path"":0,""rect"":3,""text"":11,""g"":1,""defs"":0,""use"":0,""image"":0,""foreignObject"":0,""script"":0}",,,11,0147b9dea8063fe5b58dfc71f869bcb86295b5e858df8ef93f3b69b40d0031e6
archive/assets/images/24_제일고_1학기_기말_고1_기출/q22-solution.svg,01bdb800ef9628f2b0a5ae80bc6d0b59ef12dfe8c43b15a3ead8fee180a52f2c,6893,STATIC_ROOT_SHAPE_PASS,0 0 720 360,xMidYMid meet,"{""svg"":1,""circle"":6,""ellipse"":0,""line"":27,""polyline"":0,""polygon"":0,""path"":0,""rect"":3,""text"":32,""g"":0,""defs"":0,""use"":0,""image"":0,""foreignObject"":0,""script"":0}",,,32,8d6d902fa4cac996ae4ff1c34f747165dbc5bb310f8756426e9543a0cf884eba
archive/assets/images/24_제일고_1학기_중간_고1_기출/q10-solution.svg,e2bacca11262f2d50aff046ba525590a7f7f0a6338eb6f9d418df13553a69868,5426,STATIC_ROOT_SHAPE_PASS,0 0 720 360,xMidYMid meet,"{""svg"":1,""circle"":2,""ellipse"":0,""line"":23,""polyline"":0,""polygon"":0,""path"":1,""rect"":2,""text"":27,""g"":0,""defs"":1,""use"":0,""image"":0,""foreignObject"":0,""script"":0}",,,27,80b7f3b3f29a781bb2ffccf290b83230e742bb76872ab51f470e940b4a07a59c
archive/assets/images/24_제일고_1학기_중간_고1_기출/q11-solution.svg,2f411e43c1d0d9b6b2f9490be9d3d79ba3bed698408a19fa6e529e208bbc9c1d,6639,STATIC_ROOT_SHAPE_PASS,0 0 720 360,xMidYMid meet,"{""svg"":1,""circle"":3,""ellipse"":0,""line"":29,""polyline"":0,""polygon"":0,""path"":1,""rect"":2,""text"":34,""g"":0,""defs"":1,""use"":0,""image"":0,""foreignObject"":0,""script"":0}",,,34,9ee55ba0c3f0b8a941fbfe7299557d2b29ab8c9820cfbadb43c51f2fc537cc03
archive/assets/images/24_제일고_1학기_중간_고1_기출/q12-solution.svg,f041bf529b22576d32d7b3d702ec118809ce563e42a488e3c6c0eda6a0cc6eba,4309,STATIC_ROOT_SHAPE_PASS,0 0 720 360,,"{""svg"":1,""circle"":0,""ellipse"":0,""line"":26,""polyline"":0,""polygon"":0,""path"":3,""rect"":4,""text"":9,""g"":0,""defs"":1,""use"":0,""image"":0,""foreignObject"":0,""script"":0}",,,9,8be90f93a862a6700b6fd565795ad098e032dde5bba14a665c90d1b14f54f7de
archive/assets/images/24_제일고_1학기_중간_고1_기출/q13-solution.svg,07229b7975706bb7cc34540cb0f98ee1ee704147934f8be15aae983b45a1486a,5772,STATIC_ROOT_SHAPE_PASS,0 0 720 360,xMidYMid meet,"{""svg"":1,""circle"":2,""ellipse"":0,""line"":25,""polyline"":0,""polygon"":0,""path"":1,""rect"":2,""text"":29,""g"":0,""defs"":1,""use"":0,""image"":0,""foreignObject"":0,""script"":0}",,,29,e99fd5e6dfa9d8c99f9e5c3757dabb71b4e471898d440b6a237da77a3090d663
archive/assets/images/24_제일고_1학기_중간_고1_기출/q14-solution.svg,0ae7fefdecbdebc2da94a9ade745c1879fd61fa93d9c28f6ec1e3cd0acb90a9a,5108,STATIC_ROOT_SHAPE_PASS,0 0 840 480,xMidYMid meet,"{""svg"":1,""circle"":0,""ellipse"":0,""line"":26,""polyline"":0,""polygon"":0,""path"":0,""rect"":3,""text"":9,""g"":0,""defs"":0,""use"":0,""image"":0,""foreignObject"":0,""script"":0}",,,9,9cb12f435bfe51785c7ad77a1d8642b5c454585017d0194ce7e21cdc3559f891
archive/assets/images/24_제일고_1학기_중간_고1_기출/q15-solution.svg,c71b4bdb3e5badc0d861150406ba931b9b999b789d3c9d0c38da8dd299a5b238,6711,STATIC_ROOT_SHAPE_PASS,0 0 840 480,xMidYMid meet,"{""svg"":1,""circle"":0,""ellipse"":0,""line"":40,""polyline"":0,""polygon"":0,""path"":0,""rect"":3,""text"":11,""g"":0,""defs"":0,""use"":0,""image"":0,""foreignObject"":0,""script"":0}",,,11,d35ca8be741b5cb7fb0f3ba4b7fd17f9adc8bba06529e1a9f549f15916a9e746
archive/assets/images/24_제일고_1학기_중간_고1_기출/q16-solution.svg,6ea075201f20da57a5f7a6a67006654166b9c3f1b1286767911a0dd21655ed71,5960,STATIC_ROOT_SHAPE_PASS,0 0 840 480,xMidYMid meet,"{""svg"":1,""circle"":2,""ellipse"":0,""line"":33,""polyline"":0,""polygon"":0,""path"":0,""rect"":3,""text"":13,""g"":2,""defs"":0,""use"":0,""image"":0,""foreignObject"":0,""script"":0}",,,13,670cf42fd18053397e2accfb8df597f32b6ada251c03caf7b90b3da035e99dda
archive/assets/images/24_제일고_1학기_중간_고1_기출/q17-solution.svg,e6c185dea1fb534af877c26bb0593fc89ddbe8cd004f1d78195c50c9d25a8f84,5643,STATIC_ROOT_SHAPE_PASS,0 0 840 480,xMidYMid meet,"{""svg"":1,""circle"":3,""ellipse"":0,""line"":27,""polyline"":0,""polygon"":0,""path"":0,""rect"":3,""text"":16,""g"":3,""defs"":0,""use"":0,""image"":0,""foreignObject"":0,""script"":0}",,,16,4bc5a77e531e7f37467927b8cdbeaf8c72f93c183f233361617ae46861c0e1eb
archive/assets/images/24_제일고_1학기_중간_고1_기출/q18-solution.svg,d69eba08c6f5c1b603977b4654e6301dddfdab828d01f92f4590df9d3454dd6e,5132,STATIC_ROOT_SHAPE_PASS,0 0 720 360,,"{""svg"":1,""circle"":3,""ellipse"":0,""line"":32,""polyline"":0,""polygon"":0,""path"":1,""rect"":2,""text"":11,""g"":3,""defs"":1,""use"":0,""image"":0,""foreignObject"":0,""script"":0}",,,11,1b222e12f4b28b84dfc1c04f0cc17a413ef95fccbf2f59c2560792afa11becab
archive/assets/images/24_제일고_1학기_중간_고1_기출/q20-solution.svg,25f507b2761e16e1d41cdb3dbf16d4cc231e20f1056db9d5224af7ed0d680109,6887,STATIC_ROOT_SHAPE_PASS,0 0 840 480,xMidYMid meet,"{""svg"":1,""circle"":5,""ellipse"":0,""line"":27,""polyline"":0,""polygon"":1,""path"":0,""rect"":3,""text"":19,""g"":5,""defs"":0,""use"":0,""image"":0,""foreignObject"":0,""script"":0}",,,19,0b99f0abf7e1502de6919da3d4f0934d78e2d50f330e86ad1e4fdccced74b34f
archive/assets/images/24_제일고_1학기_중간_고1_기출/q21-solution.svg,a3f3c8b58abcb06964a6c2faa8426801d86bfd79a2e294e115561c7c13af49b8,6485,STATIC_ROOT_SHAPE_PASS,0 0 840 480,xMidYMid meet,"{""svg"":1,""circle"":1,""ellipse"":0,""line"":44,""polyline"":0,""polygon"":0,""path"":0,""rect"":3,""text"":8,""g"":1,""defs"":0,""use"":0,""image"":0,""foreignObject"":0,""script"":0}",,,8,9bbfdd694e1f2c995ed732bebcbcaa8eecfae5a07790b97f407ce85148906a9d
archive/assets/images/24_제일고_2학기_기말_고1_기출/q11-solution.svg,7caef505c0d0448d440b219654ccae08ca4fc1b584d21b9df1bdeee79013e327,14889,STATIC_ROOT_SHAPE_PASS,0 0 620 520,,"{""svg"":1,""circle"":2,""ellipse"":0,""line"":6,""polyline"":2,""polygon"":0,""path"":0,""rect"":0,""text"":6,""g"":0,""defs"":0,""use"":0,""image"":0,""foreignObject"":0,""script"":0}",,,6,becda113c2e3c8986dcf23aa5e83a80bf882d78ac2961f3065d92db71628c8a6
archive/assets/images/24_제일고_2학기_기말_고1_기출/q12-solution.svg,c006f007559d4935a6a87098802c3d42d0802512e645b1b103f9d318bbef4093,5876,STATIC_ROOT_SHAPE_PASS,0 0 620 500,,"{""svg"":1,""circle"":2,""ellipse"":0,""line"":2,""polyline"":1,""polygon"":0,""path"":0,""rect"":0,""text"":4,""g"":0,""defs"":0,""use"":0,""image"":0,""foreignObject"":0,""script"":0}",,,4,057e8af559328486ae5486a5197d55883eb33b6b20f527b8789e8d1ce91c5e8c
archive/assets/images/24_제일고_2학기_기말_고1_기출/q13-solution.svg,e74842149fd8f4bb403f97330b9138e4c325a44f95d6b827d06217f4053104a2,14497,STATIC_ROOT_SHAPE_PASS,0 0 620 500,,"{""svg"":1,""circle"":1,""ellipse"":0,""line"":4,""polyline"":2,""polygon"":0,""path"":0,""rect"":0,""text"":3,""g"":0,""defs"":0,""use"":0,""image"":0,""foreignObject"":0,""script"":0}",,,3,9806c456366f1777fb1e3aa2e48092131ab4b33aa91ab4a413461a359b323a51
archive/assets/images/24_제일고_2학기_기말_고1_기출/q22-solution.svg,4bd597fcfbcc63c2b7ffedd8601d6f3bc6a76028c92dfa864bc83728f33ed834,12308,STATIC_ROOT_SHAPE_PASS,0 0 720 430,,"{""svg"":1,""circle"":4,""ellipse"":0,""line"":5,""polyline"":2,""polygon"":1,""path"":0,""rect"":1,""text"":11,""g"":0,""defs"":1,""use"":0,""image"":0,""foreignObject"":0,""script"":0}",,,11,8c5f6504839bc13693217332e415086ed6bb743aa9f965b3a4f004c97fbe41a9
archive/assets/images/24_제일고_2학기_중간_고1_기출/q04-solution.svg,cd309d6a2fbdd48f28558a52a35de7c460a44abff1a6af36ecb5f9e43db00d20,1655,STATIC_ROOT_SHAPE_PASS,0 0 760 320,,"{""svg"":1,""circle"":2,""ellipse"":1,""line"":0,""polyline"":0,""polygon"":0,""path"":0,""rect"":3,""text"":10,""g"":0,""defs"":0,""use"":0,""image"":0,""foreignObject"":0,""script"":0}",,,10,b3216e192eead7bc4a88428b3eae3e75909b445006fc433328710c6ca04247f1
archive/assets/images/24_제일고_2학기_중간_고1_기출/q10-solution.svg,95784ac040d9de860cf67f2ac0fa06899ae1bfa7fe88782135fa636225ad3e8a,2490,STATIC_ROOT_SHAPE_PASS,0 0 760 300,xMidYMid meet,"{""svg"":1,""circle"":0,""ellipse"":0,""line"":1,""polyline"":0,""polygon"":0,""path"":0,""rect"":3,""text"":15,""g"":0,""defs"":0,""use"":0,""image"":0,""foreignObject"":0,""script"":0}",,,15,1827e10a2be19daa0c947b6729790a3772eaa7d2aa1fb2c241c1659ea7c232b1
archive/assets/images/24_제일고_2학기_중간_고1_기출/q11-solution.svg,749adba6b26a64bb2f92011db6777eef51fb5c257f4ad3b1f489a47322cb5528,2200,STATIC_ROOT_SHAPE_PASS,0 0 760 300,xMidYMid meet,"{""svg"":1,""circle"":0,""ellipse"":0,""line"":0,""polyline"":0,""polygon"":0,""path"":0,""rect"":4,""text"":9,""g"":0,""defs"":0,""use"":0,""image"":0,""foreignObject"":0,""script"":0}",,,9,6bab83cbbcd566965e0ead136f146a6ec3d11e9adc869af01865a3d158df0f8f
archive/assets/images/24_제일고_2학기_중간_고1_기출/q14-solution.svg,b687eb3d5d14e014b365829b366f24192e4b604398ba4fd103a5db793540091b,1994,STATIC_ROOT_SHAPE_PASS,0 0 760 300,xMidYMid meet,"{""svg"":1,""circle"":0,""ellipse"":0,""line"":0,""polyline"":0,""polygon"":0,""path"":0,""rect"":4,""text"":9,""g"":0,""defs"":0,""use"":0,""image"":0,""foreignObject"":0,""script"":0}",,,9,5985851fa5444b36b35b329a4aeb207f944caca3aaac1f65a48abdbf40f834ae
archive/assets/images/24_제일고_2학기_중간_고1_기출/q15-solution.svg,0bbf0cec648ee8a2da4a58cc7980f2d6874ec64d77d556fff9fcd36f45eac6d2,10270,STATIC_ROOT_SHAPE_PASS,0 0 620 420,,"{""svg"":1,""circle"":2,""ellipse"":0,""line"":2,""polyline"":2,""polygon"":0,""path"":0,""rect"":0,""text"":5,""g"":0,""defs"":0,""use"":0,""image"":0,""foreignObject"":0,""script"":0}",,,5,2daa99c76a5220846f424dcbf89d670d143d459dbc236fcc1943cc0ac32de9e4
archive/assets/images/24_제일고_2학기_중간_고1_기출/q16-solution.svg,557b91efd47a9f241e846dca89879ef5e074172acce601ad5f9b5f7b3b93cf38,19275,STATIC_ROOT_SHAPE_PASS,0 0 620 420,,"{""svg"":1,""circle"":4,""ellipse"":0,""line"":3,""polyline"":4,""polygon"":0,""path"":0,""rect"":0,""text"":7,""g"":0,""defs"":0,""use"":0,""image"":0,""foreignObject"":0,""script"":0}",,,7,68442dbdb331301a0600b552087a23296ee069b2d0236165410c30839248d243
archive/assets/images/24_제일고_2학기_중간_고1_기출/q17-solution.svg,2c59d2420ee5ffeea315a8511d5308e396712b75c66124a5117025e7fb77b21c,19032,STATIC_ROOT_SHAPE_PASS,0 0 620 500,,"{""svg"":1,""circle"":2,""ellipse"":0,""line"":3,""polyline"":4,""polygon"":0,""path"":0,""rect"":0,""text"":5,""g"":0,""defs"":0,""use"":0,""image"":0,""foreignObject"":0,""script"":0}",,,5,d610a43123a1dd1e84b479e5120cab22e7d3f14e878e4e4179ca4bb59b722a54
archive/assets/images/24_제일고_2학기_중간_고1_기출/q18-solution.svg,e713337f6ceb691ca0164762f22dd70a24c0e676d21a7bb37017364549fb37fb,2287,STATIC_ROOT_SHAPE_PASS,0 0 760 300,xMidYMid meet,"{""svg"":1,""circle"":0,""ellipse"":0,""line"":1,""polyline"":0,""polygon"":0,""path"":0,""rect"":3,""text"":13,""g"":0,""defs"":0,""use"":0,""image"":0,""foreignObject"":0,""script"":0}",,,13,542a64f3bd250f7cc88097fee5d2c925fcb6f894c472390890baf0f456bb532a
archive/assets/images/24_제일고_2학기_중간_고1_기출/q19-solution.svg,8aa918d047fc1900b62be8f09c5152135cc652dba08363f2ea2f690f8096c4dc,1697,STATIC_ROOT_SHAPE_PASS,0 0 760 320,,"{""svg"":1,""circle"":2,""ellipse"":0,""line"":0,""polyline"":0,""polygon"":0,""path"":0,""rect"":3,""text"":12,""g"":0,""defs"":0,""use"":0,""image"":0,""foreignObject"":0,""script"":0}",,,12,069a2b5f44b95d3eb02623dc7728cf5cae547c85671e86b648e575b5ccd472f6
archive/assets/images/24_제일고_2학기_중간_고1_기출/q22-solution.svg,309cd4b512e7405b3a536c52c748f4c4bd75ba350ec011ba21cc3a811e1637df,2281,STATIC_ROOT_SHAPE_PASS,0 0 760 360,xMidYMid meet,"{""svg"":1,""circle"":0,""ellipse"":0,""line"":0,""polyline"":0,""polygon"":0,""path"":0,""rect"":5,""text"":10,""g"":0,""defs"":0,""use"":0,""image"":0,""foreignObject"":0,""script"":0}",,,10,d1f796ac29e15c72244e2fdd74a29806277ae64fc4b6d2f5456a29aa8eafa472
archive/assets/images/24_한영고_1학기_중간_고1_기출/q11.svg,f0cf8b529bca3ddb2f31b1678bd7ce0ec45fe2177bc70315c8946d9b9274a91e,2298,STATIC_ROOT_SHAPE_PASS,0 0 720 480,,"{""svg"":1,""circle"":4,""ellipse"":0,""line"":0,""polyline"":0,""polygon"":0,""path"":6,""rect"":2,""text"":11,""g"":5,""defs"":0,""use"":0,""image"":0,""foreignObject"":0,""script"":0}",,,11,cc519accbafebee231ee66c740eb531e1017e83694950f31ba3f0c62dc563393
archive/assets/images/25_금당고_1학기_중간_고1_기출/q20-solution.svg,8a7bfdb99f6bb7ffc85b596f612cd7f68859e7485b280625b5eee59cd60c45f0,1033,STATIC_ROOT_SHAPE_PASS,0 0 300 200,xMidYMid meet,"{""svg"":1,""circle"":2,""ellipse"":0,""line"":3,""polyline"":0,""polygon"":0,""path"":1,""rect"":0,""text"":3,""g"":0,""defs"":0,""use"":0,""image"":0,""foreignObject"":0,""script"":0}",,,3,c8ca7484c284aae0efbf760e84e39762f304f5fd8cdd2e0343a32916f8b73b8f
archive/assets/images/25_금당고_1학기_중간_고1_기출/q22-solution.svg,0305b42461d754f53f32c96806e050aafe9185d98239840ed4edfe2b405b3c23,816,STATIC_ROOT_SHAPE_PASS,0 0 300 120,xMidYMid meet,"{""svg"":1,""circle"":1,""ellipse"":0,""line"":2,""polyline"":0,""polygon"":0,""path"":1,""rect"":1,""text"":2,""g"":0,""defs"":0,""use"":0,""image"":0,""foreignObject"":0,""script"":0}",,,2,6dee70b94fb99353022d2861c6995f0d99d13a5a93039127fea7347660adfdf4
archive/assets/images/25_금당고_2학기_기말_고1_기출/q09-solution.svg,9403c69663e410f68b31b5c2c2317833868104dc1307b7ef5a004b1af6dfcb11,14456,STATIC_ROOT_SHAPE_PASS,0 0 540 540,,"{""svg"":1,""circle"":1,""ellipse"":0,""line"":4,""polyline"":2,""polygon"":0,""path"":0,""rect"":0,""text"":3,""g"":0,""defs"":0,""use"":0,""image"":0,""foreignObject"":0,""script"":0}",,,3,872c00a9c79595c7efa8e8ad6ab46749be3d071c65045bbe69458e62aa253d42
archive/assets/images/25_금당고_2학기_기말_고1_기출/q15-solution.svg,3a881f4f0bf3887602b8cc21a095bbc0adfd08c6228e88af73429a9dfb7cf4da,10278,STATIC_ROOT_SHAPE_PASS,0 0 620 460,,"{""svg"":1,""circle"":2,""ellipse"":0,""line"":1,""polyline"":2,""polygon"":0,""path"":0,""rect"":0,""text"":5,""g"":0,""defs"":0,""use"":0,""image"":0,""foreignObject"":0,""script"":0}",,,5,2085fb4fe4a0cf9f1a782c692a29054219c804941d5783db1d1da9fde6c91472
archive/assets/images/25_금당고_2학기_기말_고1_기출/q18-solution.svg,552c1c31d66403a3eac603acaf14960626c16a1be2c6d6d9c81e26c7b4a74fe9,6648,STATIC_ROOT_SHAPE_PASS,0 0 720 360,xMidYMid meet,"{""svg"":1,""circle"":4,""ellipse"":0,""line"":27,""polyline"":0,""polygon"":0,""path"":0,""rect"":3,""text"":32,""g"":0,""defs"":0,""use"":0,""image"":0,""foreignObject"":0,""script"":0}",,,32,deca1c54cca2c098c0ca8b839e377bb6a981a3ece60090d6a0ad4b50c618a4c4
archive/assets/images/25_금당고_2학기_기말_고1_기출/q22-solution.svg,5713a3cba53ba07a739341a783ccf45fccb3a2ab933bbc875589d9fea04a71f2,10332,STATIC_ROOT_SHAPE_PASS,0 0 620 460,,"{""svg"":1,""circle"":2,""ellipse"":0,""line"":2,""polyline"":2,""polygon"":0,""path"":0,""rect"":0,""text"":5,""g"":0,""defs"":0,""use"":0,""image"":0,""foreignObject"":0,""script"":0}",,,5,57b5eb767d1b9b1977490056ef2202ad6532fadf8c14d98d91174e1080aa2bd7
archive/assets/images/25_금당고_2학기_중간_고1_기출/q01-solution.svg,99c8d0d8e5f7d5dbd1817b93df9436c3de51cbfda36ea1bf06afdd10378e0aca,5414,STATIC_ROOT_SHAPE_PASS,0 0 720 360,xMidYMid meet,"{""svg"":1,""circle"":3,""ellipse"":0,""line"":21,""polyline"":0,""polygon"":0,""path"":1,""rect"":2,""text"":28,""g"":0,""defs"":1,""use"":0,""image"":0,""foreignObject"":0,""script"":0}",,,28,85f6fcc7c2d3d3c3bb1873fc339e4e3c1d45330e4ead0f89f6d986182a0ccaee
archive/assets/images/25_금당고_2학기_중간_고1_기출/q02-solution.svg,1368d9b2f4a508ac8627fff1cefc3b20520a924573f6d317301c21de180ce14d,5198,STATIC_ROOT_SHAPE_PASS,0 0 840 480,xMidYMid meet,"{""svg"":1,""circle"":1,""ellipse"":0,""line"":31,""polyline"":0,""polygon"":0,""path"":0,""rect"":3,""text"":11,""g"":1,""defs"":0,""use"":0,""image"":0,""foreignObject"":0,""script"":0}",,,11,51d477e4fc57bc857622a516989f11feb139eceafab9cc67f29817736c51f9af
archive/assets/images/25_금당고_2학기_중간_고1_기출/q03-solution.svg,c0750e8b9e658f5077dfa939bc0084a6120249a107dbbb19736b44dbcde00a70,5641,STATIC_ROOT_SHAPE_PASS,0 0 720 360,xMidYMid meet,"{""svg"":1,""circle"":3,""ellipse"":0,""line"":22,""polyline"":0,""polygon"":0,""path"":0,""rect"":3,""text"":28,""g"":0,""defs"":0,""use"":0,""image"":0,""foreignObject"":0,""script"":0}",,,28,90e5734f4529d6277f08c4390a1f4f4e49c604db30352823329ad28dfd9b9c13
archive/assets/images/25_금당고_2학기_중간_고1_기출/q04-solution.svg,3f400b35f9ae40a54f863c98734c0c4e194ebe93345879a812084df5184a5115,3699,STATIC_ROOT_SHAPE_PASS,0 0 720 360,xMidYMid meet,"{""svg"":1,""circle"":1,""ellipse"":0,""line"":12,""polyline"":0,""polygon"":0,""path"":0,""rect"":3,""text"":15,""g"":0,""defs"":0,""use"":0,""image"":0,""foreignObject"":0,""script"":0}",,,15,2e9c9f2f21eeb66ec1423b6832240e54d008f19a30f545f6b580ac7406c61695
archive/assets/images/25_금당고_2학기_중간_고1_기출/q05-solution.svg,4b340dc5e17bb2584b29b932a21378121a08777744046ce6b64ed6a277e50c09,5149,STATIC_ROOT_SHAPE_PASS,0 0 940 480,xMidYMid meet,"{""svg"":1,""circle"":4,""ellipse"":0,""line"":27,""polyline"":0,""polygon"":0,""path"":1,""rect"":3,""text"":10,""g"":2,""defs"":1,""use"":0,""image"":0,""foreignObject"":0,""script"":0}",,,10,91c2847fda8422f068370182593b03a4291b545d25d26a5ca4e9cae749ad1786
archive/assets/images/25_금당고_2학기_중간_고1_기출/q06-solution.svg,32da26e6eaf4edbcb1527cdddb155453cc1e62b573de834561553dc6d1b9a0a9,5839,STATIC_ROOT_SHAPE_PASS,0 0 940 480,xMidYMid meet,"{""svg"":1,""circle"":3,""ellipse"":0,""line"":32,""polyline"":0,""polygon"":0,""path"":1,""rect"":3,""text"":13,""g"":3,""defs"":1,""use"":0,""image"":0,""foreignObject"":0,""script"":0}",,,13,7225c96315fa6f84ff9d6ad0950bcc8bdb8e532cec0a2ece5e9bc9c41dfaba37
archive/assets/images/25_금당고_2학기_중간_고1_기출/q08-solution.svg,175871c74391cdb772e081c5354e9fd1118bcee44beb35df6060567f6da8517b,5205,STATIC_ROOT_SHAPE_PASS,0 0 720 360,xMidYMid meet,"{""svg"":1,""circle"":4,""ellipse"":0,""line"":18,""polyline"":0,""polygon"":0,""path"":0,""rect"":3,""text"":25,""g"":0,""defs"":0,""use"":0,""image"":0,""foreignObject"":0,""script"":0}",,,25,bd807b3cda0707436908cab026ebb90dd0df3fed8868d88a15b22525f615b62f
archive/assets/images/25_금당고_2학기_중간_고1_기출/q09-solution.svg,47701cb8e0abadab14098d9dbdea9ff16a189a0e0df7037a06f74118df2ec61f,5194,STATIC_ROOT_SHAPE_PASS,0 0 720 360,xMidYMid meet,"{""svg"":1,""circle"":3,""ellipse"":0,""line"":19,""polyline"":0,""polygon"":1,""path"":1,""rect"":2,""text"":26,""g"":0,""defs"":1,""use"":0,""image"":0,""foreignObject"":0,""script"":0}",,,26,7ac7baaba6736acae771f69b040929acc4e46c7fec3a07b1b2325d8bdcd1ff06
archive/assets/images/25_금당고_2학기_중간_고1_기출/q10-solution.svg,032daf3dc110c1bbfd25357f8ad94bda7533422d215d65c910aaab56def5d255,3530,STATIC_ROOT_SHAPE_PASS,0 0 720 360,xMidYMid meet,"{""svg"":1,""circle"":5,""ellipse"":0,""line"":10,""polyline"":0,""polygon"":1,""path"":0,""rect"":3,""text"":16,""g"":0,""defs"":0,""use"":0,""image"":0,""foreignObject"":0,""script"":0}",,,16,a2a13971281b3fecff59d54796507e999e4ddd9d5b1df0fec9d5c9286cc3fe08
archive/assets/images/25_금당고_2학기_중간_고1_기출/q11-solution.svg,9fc18456f845d3bb26474d37df9df524c346d51af2e3040febf4d248592ccb44,3512,STATIC_ROOT_SHAPE_PASS,0 0 720 360,xMidYMid meet,"{""svg"":1,""circle"":2,""ellipse"":0,""line"":20,""polyline"":0,""polygon"":0,""path"":0,""rect"":3,""text"":11,""g"":1,""defs"":0,""use"":0,""image"":0,""foreignObject"":0,""script"":0}",,,11,58eee98470a86e8a986cd88759c14601d594f5f74bb1845ad722f52a436c9d2a
archive/assets/images/25_금당고_2학기_중간_고1_기출/q12-solution.svg,2bde984f2ce9e70dd19caa48a46a5b889350f205ada0286b669985265e1dbc05,7800,STATIC_ROOT_SHAPE_PASS,0 0 720 360,xMidYMid meet,"{""svg"":1,""circle"":5,""ellipse"":0,""line"":33,""polyline"":0,""polygon"":0,""path"":0,""rect"":3,""text"":37,""g"":0,""defs"":0,""use"":0,""image"":0,""foreignObject"":0,""script"":0}",,,37,dd92fe90dc440c8d8d1a8ffc923ece1a56fc46884e273cacce4034373d24ec5b
archive/assets/images/25_금당고_2학기_중간_고1_기출/q13-solution.svg,99f8681999a6ccb00713b052f2ed4666a81f8022c2332378b8bac5a821c3df5d,4903,STATIC_ROOT_SHAPE_PASS,0 0 940 480,xMidYMid meet,"{""svg"":1,""circle"":3,""ellipse"":0,""line"":23,""polyline"":0,""polygon"":1,""path"":1,""rect"":3,""text"":13,""g"":3,""defs"":1,""use"":0,""image"":0,""foreignObject"":0,""script"":0}",,,13,0ecfcab88ea612a037dfa7114740fba71a49ca81f4b4f8cdeca12ee91937cc7b
archive/assets/images/25_금당고_2학기_중간_고1_기출/q14-solution.svg,3bd9828a5120509ea68780b1d9a38a8842ebef78693311915d3144ec042d3eee,8352,STATIC_ROOT_SHAPE_PASS,0 0 840 480,xMidYMid meet,"{""svg"":1,""circle"":4,""ellipse"":0,""line"":50,""polyline"":0,""polygon"":0,""path"":0,""rect"":3,""text"":18,""g"":4,""defs"":0,""use"":0,""image"":0,""foreignObject"":0,""script"":0}",,,18,38b3f95a8280542879a82bd17ca0528dbe8d0747cd6f0af36b7cd4d92a2d96f8
archive/assets/images/25_금당고_2학기_중간_고1_기출/q15-solution.svg,bc48abe1d56b856f449931a5394eb0a11d73e14028e5e9e69fb5b64084cfae7c,6730,STATIC_ROOT_SHAPE_PASS,0 0 940 480,xMidYMid meet,"{""svg"":1,""circle"":5,""ellipse"":0,""line"":33,""polyline"":0,""polygon"":0,""path"":1,""rect"":3,""text"":16,""g"":4,""defs"":1,""use"":0,""image"":0,""foreignObject"":0,""script"":0}",,,16,0944e26dea5c84967cc12afac86c3d962b19f2d9a5c91e0f28d2e02a127dc7aa
archive/assets/images/25_금당고_2학기_중간_고1_기출/q16-solution.svg,5fb2ccec4b5991db34ae14763add6f16fe094324dcfbfe07e3101f28ce8ee94a,5787,STATIC_ROOT_SHAPE_PASS,0 0 720 360,xMidYMid meet,"{""svg"":1,""circle"":5,""ellipse"":0,""line"":21,""polyline"":0,""polygon"":0,""path"":0,""rect"":3,""text"":26,""g"":0,""defs"":0,""use"":0,""image"":0,""foreignObject"":0,""script"":0}",,,26,7977d48c22e67efe9b1d473aab1e81d59c8ebe5c6a14b44d5840c055df40726a
archive/assets/images/25_금당고_2학기_중간_고1_기출/q17-solution.svg,2cb6b3a6d91cbc8fc0d3d253434f4c85bc20d775cc1f6a382b3e9edaaaaf1204,7360,STATIC_ROOT_SHAPE_PASS,0 0 840 480,xMidYMid meet,"{""svg"":1,""circle"":2,""ellipse"":0,""line"":46,""polyline"":0,""polygon"":0,""path"":0,""rect"":3,""text"":14,""g"":2,""defs"":0,""use"":0,""image"":0,""foreignObject"":0,""script"":0}",,,14,9ec480bb040fbad6706eb0a7e3f5bf1149b3ead103a9a5196dfa31a094b35e97
archive/assets/images/25_금당고_2학기_중간_고1_기출/q18-solution.svg,ea9891d815d2f3da9b1ec6660622fea98ea2606ea7f03729b003a89ebf4df835,8132,STATIC_ROOT_SHAPE_PASS,0 0 720 360,xMidYMid meet,"{""svg"":1,""circle"":15,""ellipse"":0,""line"":22,""polyline"":0,""polygon"":0,""path"":0,""rect"":3,""text"":33,""g"":0,""defs"":0,""use"":0,""image"":0,""foreignObject"":0,""script"":0}",,,33,cb971cda35ff7086faaa51d0062d3bdfc16f3f1b94837c9fca60ac5c497d7d24
archive/assets/images/25_금당고_2학기_중간_고1_기출/q19-solution.svg,c12dfbad24479cc1ba7041358feec822295a874bae78d09c83fe9021d457d42c,7016,STATIC_ROOT_SHAPE_PASS,0 0 720 360,xMidYMid meet,"{""svg"":1,""circle"":8,""ellipse"":0,""line"":24,""polyline"":0,""polygon"":0,""path"":0,""rect"":3,""text"":34,""g"":0,""defs"":0,""use"":0,""image"":0,""foreignObject"":0,""script"":0}",,,34,ac4b94e0e38cd6e652e1970b4044fd0c6f756b9f913914bf1caa6aa2eb8f86ee
archive/assets/images/25_금당고_2학기_중간_고1_기출/q20-solution.svg,2407b6abd950365f0685ce202534b6021ce7899725703df6bd8dbc713e364d3e,4994,STATIC_ROOT_SHAPE_PASS,0 0 940 480,xMidYMid meet,"{""svg"":1,""circle"":4,""ellipse"":0,""line"":26,""polyline"":0,""polygon"":0,""path"":1,""rect"":3,""text"":11,""g"":2,""defs"":1,""use"":0,""image"":0,""foreignObject"":0,""script"":0}",,,11,dd893dd94efd30e47b21094d0b0fd67231848da6c896b62c4ff0bf55003296bb
archive/assets/images/25_금당고_2학기_중간_고1_기출/q21-solution.svg,48b0c67a1a0e90b323af3ce532c492a156e7b8756a291cd8041091da5a27055e,7870,STATIC_ROOT_SHAPE_PASS,0 0 720 360,xMidYMid meet,"{""svg"":1,""circle"":5,""ellipse"":0,""line"":34,""polyline"":0,""polygon"":0,""path"":0,""rect"":3,""text"":39,""g"":0,""defs"":0,""use"":0,""image"":0,""foreignObject"":0,""script"":0}",,,39,f11e4043f310984ec4344005dcc3aadbdafe5151b54f6877c5eedd86475f6063
archive/assets/images/25_금당고_2학기_중간_고1_기출/q22-solution.svg,fb41989f2735ff87561925c8517de07836764f3dbcf4e955f06daa0352862f1a,12727,STATIC_ROOT_SHAPE_PASS,0 0 940 480,xMidYMid meet,"{""svg"":1,""circle"":3,""ellipse"":0,""line"":31,""polyline"":2,""polygon"":0,""path"":1,""rect"":3,""text"":13,""g"":3,""defs"":1,""use"":0,""image"":0,""foreignObject"":0,""script"":0}",,,13,9c1361988a2760b19577278e86bfdaca357d6d34728e336da3cbe59e1060d555
archive/assets/images/25_매산고_2학기_중간_고1_기출/q02-solution.svg,c4e195e26429b6bf6660c07efc9ce75e3a7326c897442ed5c9ef6bb824dae13f,6393,STATIC_ROOT_SHAPE_PASS,0 0 840 480,xMidYMid meet,"{""svg"":1,""circle"":2,""ellipse"":0,""line"":39,""polyline"":0,""polygon"":0,""path"":0,""rect"":3,""text"":13,""g"":2,""defs"":0,""use"":0,""image"":0,""foreignObject"":0,""script"":0}",,,13,ff5f91ed2e93c4b96fe349f0fc047c9e8e2436d248bc8035e634a7043747754d
archive/assets/images/25_매산고_2학기_중간_고1_기출/q04-solution.svg,37ddf8e0c32d470afd0b244256b730dbc4c02d8df6a97e8bb8aac3dbbb4489ca,4468,STATIC_ROOT_SHAPE_PASS,0 0 940 480,xMidYMid meet,"{""svg"":1,""circle"":2,""ellipse"":0,""line"":25,""polyline"":0,""polygon"":0,""path"":1,""rect"":3,""text"":10,""g"":2,""defs"":1,""use"":0,""image"":0,""foreignObject"":0,""script"":0}",,,10,7dc76393766c6490d96c4085b94e24542a5e7053163f473f463705e6f70cee9f
archive/assets/images/25_매산고_2학기_중간_고1_기출/q06-solution.svg,159d679260fea938dcea6a018bb43f91797ebcdb5d60f01818c0658efd6d8efa,4294,STATIC_ROOT_SHAPE_PASS,0 0 840 480,xMidYMid meet,"{""svg"":1,""circle"":2,""ellipse"":0,""line"":17,""polyline"":0,""polygon"":0,""path"":0,""rect"":3,""text"":11,""g"":2,""defs"":0,""use"":0,""image"":0,""foreignObject"":0,""script"":0}",,,11,0948112e57a5e99c533e9b5107343a5b924987544d133ae1324300cfec2ac40a
archive/assets/images/25_매산고_2학기_중간_고1_기출/q07-solution.svg,b4d4003e9ae1a7aa2217aa88efb6f518bda359f5b3b5b45f21ac11ed9649531d,6896,STATIC_ROOT_SHAPE_PASS,0 0 720 360,xMidYMid meet,"{""svg"":1,""circle"":4,""ellipse"":0,""line"":29,""polyline"":0,""polygon"":0,""path"":0,""rect"":3,""text"":36,""g"":0,""defs"":0,""use"":0,""image"":0,""foreignObject"":0,""script"":0}",,,36,03534d32b794241295398d2fc397e93ad86c78d194342099b42b2d4e6b2202af
archive/assets/images/25_매산고_2학기_중간_고1_기출/q08-solution.svg,4dbd868dd50ecd893975978f702ab59fdbf3f829e134f9532cf9e142e3a4d10a,4554,STATIC_ROOT_SHAPE_PASS,0 0 940 480,xMidYMid meet,"{""svg"":1,""circle"":2,""ellipse"":0,""line"":25,""polyline"":0,""polygon"":0,""path"":1,""rect"":3,""text"":10,""g"":1,""defs"":1,""use"":0,""image"":0,""foreignObject"":0,""script"":0}",,,10,1c6d6444d8ec2522cc0204a48fbc8642d17317b14a9e6015b28152e15a20a488
archive/assets/images/25_매산고_2학기_중간_고1_기출/q09-solution.svg,24c6f21ae84e9202a35b03e58464da7ab2b380dd3d910f9e1de2cc6e4756ac46,3029,STATIC_ROOT_SHAPE_PASS,0 0 720 360,,"{""svg"":1,""circle"":1,""ellipse"":0,""line"":16,""polyline"":0,""polygon"":0,""path"":1,""rect"":2,""text"":7,""g"":1,""defs"":1,""use"":0,""image"":0,""foreignObject"":0,""script"":0}",,,7,3b18fc9f7f5258e58852055859d992c5eed55cb2ec023072a49048e4bdfbe20c
archive/assets/images/25_매산고_2학기_중간_고1_기출/q10-solution.svg,14435bb455b2f3c779a4c8a1ada16624e9e43c313888b59d9ea7b81f9371874d,5042,STATIC_ROOT_SHAPE_PASS,0 0 720 360,xMidYMid meet,"{""svg"":1,""circle"":5,""ellipse"":0,""line"":23,""polyline"":0,""polygon"":0,""path"":0,""rect"":3,""text"":16,""g"":1,""defs"":0,""use"":0,""image"":0,""foreignObject"":0,""script"":0}",,,16,34fd8256a320177ba8e8fc903796508096ca36e741f0f82282603609247ebe7b
archive/assets/images/25_매산고_2학기_중간_고1_기출/q12-solution.svg,a8b87ad391791e069b9b9392043be767d49f9fbeaad930addc1ba5d4cbbad2a2,5103,STATIC_ROOT_SHAPE_PASS,0 0 940 480,xMidYMid meet,"{""svg"":1,""circle"":3,""ellipse"":0,""line"":30,""polyline"":0,""polygon"":0,""path"":1,""rect"":3,""text"":12,""g"":3,""defs"":1,""use"":0,""image"":0,""foreignObject"":0,""script"":0}",,,12,bc47f0089127037140153047d54ccba72deb5528ce8e5fe27be52617e5c0db49
archive/assets/images/25_매산고_2학기_중간_고1_기출/q14-solution.svg,98914a1b8984d2862936f99a663a4f8e1fa31f0e742d01d5a247a7eb3aa8bf1a,6294,STATIC_ROOT_SHAPE_PASS,0 0 720 360,xMidYMid meet,"{""svg"":1,""circle"":6,""ellipse"":0,""line"":22,""polyline"":0,""polygon"":0,""path"":0,""rect"":3,""text"":28,""g"":0,""defs"":0,""use"":0,""image"":0,""foreignObject"":0,""script"":0}",,,28,c1c6bbc79f4e23cba39b7db6b30741d526f2b33f62f3e2272853bf47afa6913f
archive/assets/images/25_매산고_2학기_중간_고1_기출/q15-solution.svg,ea70f0fa9d4c063fcbaf1726942c69f18e853a62d152851221864889c4c6d60a,6426,STATIC_ROOT_SHAPE_PASS,0 0 840 480,xMidYMid meet,"{""svg"":1,""circle"":2,""ellipse"":0,""line"":38,""polyline"":0,""polygon"":0,""path"":0,""rect"":3,""text"":12,""g"":2,""defs"":0,""use"":0,""image"":0,""foreignObject"":0,""script"":0}",,,12,f12d37d8b485eb3f95893505b86ae583c8935648ce176517c2ff9e7a6883f31c
archive/assets/images/25_매산고_2학기_중간_고1_기출/q18-solution.svg,6023f25049b07c67158dac5eaf0fdf3f7672264431f056263909ed8d8e8fc9e4,7244,STATIC_ROOT_SHAPE_PASS,0 0 720 360,xMidYMid meet,"{""svg"":1,""circle"":7,""ellipse"":0,""line"":27,""polyline"":0,""polygon"":0,""path"":0,""rect"":3,""text"":33,""g"":0,""defs"":0,""use"":0,""image"":0,""foreignObject"":0,""script"":0}",,,33,8ff824580d71539df7498d6725f29759597d38bff8c48ef31ba526544382e8e9
archive/assets/images/25_매산고_2학기_중간_고1_기출/q20-solution.svg,fdfed3b1860bea5860f1d79d0aea15e5c2ae33786bd913faa68e7acf2e792ee2,5714,STATIC_ROOT_SHAPE_PASS,0 0 720 360,xMidYMid meet,"{""svg"":1,""circle"":6,""ellipse"":0,""line"":19,""polyline"":0,""polygon"":0,""path"":0,""rect"":3,""text"":23,""g"":0,""defs"":0,""use"":0,""image"":0,""foreignObject"":0,""script"":0}",,,23,cd0232355bedf025bfdae7006a7ffc87238aee23a66326027db436d285feaca0
archive/assets/images/25_순천고_2학기_기말_고1_기출/q13-solution.svg,126901a9d1709feec3a290f252fbb9587de5a55e57224f27b0c94dbf3199ab27,14650,STATIC_ROOT_SHAPE_PASS,0 0 600 500,,"{""svg"":1,""circle"":2,""ellipse"":0,""line"":4,""polyline"":2,""polygon"":0,""path"":0,""rect"":0,""text"":4,""g"":0,""defs"":0,""use"":0,""image"":0,""foreignObject"":0,""script"":0}",,,4,4048a6fc7ab137fdd97f6ab0427fc673a2dd31001ea6e7dd9fb59a7f1f2da423
archive/assets/images/25_순천고_2학기_기말_고1_기출/q14-solution.svg,280d1467b685aa3b8270e316fdd78119df64c273cc26e2937dbef8ffd4924011,14897,STATIC_ROOT_SHAPE_PASS,0 0 600 500,,"{""svg"":1,""circle"":4,""ellipse"":0,""line"":4,""polyline"":2,""polygon"":0,""path"":0,""rect"":0,""text"":6,""g"":0,""defs"":0,""use"":0,""image"":0,""foreignObject"":0,""script"":0}",,,6,de608491e6ce65a0f097d9dc5811d5560d27fd64a6317b4de5349e91347066e9
archive/assets/images/25_순천고_2학기_기말_고1_기출/q15-solution.svg,031ca0f8e35252a290c719744a479d8c43c2c4d7df3752146c295c156af58945,10295,STATIC_ROOT_SHAPE_PASS,0 0 620 520,,"{""svg"":1,""circle"":2,""ellipse"":0,""line"":2,""polyline"":2,""polygon"":0,""path"":0,""rect"":0,""text"":5,""g"":0,""defs"":0,""use"":0,""image"":0,""foreignObject"":0,""script"":0}",,,5,6bec7261f3977163eb995976d6c417a3fbac571ee0f694069732eebcaad2e079
archive/assets/images/25_순천고_2학기_기말_고1_기출/q17-solution.svg,1373b9f7554b5014edcf7f59464bec30a12f7d55343b7bd573f5d723c014098d,14599,STATIC_ROOT_SHAPE_PASS,0 0 620 460,,"{""svg"":1,""circle"":2,""ellipse"":0,""line"":2,""polyline"":3,""polygon"":0,""path"":0,""rect"":0,""text"":5,""g"":0,""defs"":0,""use"":0,""image"":0,""foreignObject"":0,""script"":0}",,,5,2f33190b2f9336cdb3679e685a208ee7a91b7d08e6dc785895c1da2074703a11
archive/assets/images/25_순천고_2학기_기말_고1_기출/q18-solution.svg,10f4bc681bffd3f4a40ab25c64b41fdc03ad8e7ba23a74538860f2276c8156d1,8262,STATIC_ROOT_SHAPE_PASS,0 0 540 540,,"{""svg"":1,""circle"":3,""ellipse"":0,""line"":4,""polyline"":1,""polygon"":0,""path"":0,""rect"":0,""text"":5,""g"":0,""defs"":0,""use"":0,""image"":0,""foreignObject"":0,""script"":0}",,,5,5a5f0ccd81c9bba1f68ff44b2f778361b9daa7e175553986656fd11b67789cab
archive/assets/images/25_순천고_2학기_기말_고1_기출/q23-solution.svg,b85e6f39b32ec848acbf00a36de0a305254bfccafc1286fe8e58fa2718b63f14,14863,STATIC_ROOT_SHAPE_PASS,0 0 620 460,,"{""svg"":1,""circle"":4,""ellipse"":0,""line"":2,""polyline"":3,""polygon"":0,""path"":0,""rect"":0,""text"":9,""g"":0,""defs"":0,""use"":0,""image"":0,""foreignObject"":0,""script"":0}",,,9,f4e8e3cbc40781b2547e062aad0411cdc5fd3b15e06777dfda4bbb891ddf252d
archive/assets/images/25_순천고_2학기_중간_고1_기출/q03-solution.svg,7d4774bc726d528cc13dc5d6b43903377f4672406753c7880b8664eb183028f1,3107,STATIC_ROOT_SHAPE_PASS,0 0 720 360,xMidYMid meet,"{""svg"":1,""circle"":4,""ellipse"":0,""line"":8,""polyline"":0,""polygon"":1,""path"":0,""rect"":3,""text"":13,""g"":0,""defs"":0,""use"":0,""image"":0,""foreignObject"":0,""script"":0}",,,13,b1ac349b4615a00b3d6202d8d5897b793dcd6901784c209244606b3443527e1a
archive/assets/images/25_순천고_2학기_중간_고1_기출/q06-solution.svg,2251ef4bd63c1d570c98c47c478c112c24eef26f7ed2b677b06ea6255307b4c8,5960,STATIC_ROOT_SHAPE_PASS,0 0 840 480,xMidYMid meet,"{""svg"":1,""circle"":0,""ellipse"":0,""line"":41,""polyline"":0,""polygon"":0,""path"":0,""rect"":3,""text"":8,""g"":0,""defs"":0,""use"":0,""image"":0,""foreignObject"":0,""script"":0}",,,8,44d96b2dc1ec065c7f484e713a402af536c22faa44ff978dd59891e3417641af
archive/assets/images/25_순천고_2학기_중간_고1_기출/q07-solution.svg,f675c8d018106feab77012c506cf5b9b7d16d84ca53d424bb8d360293480ced4,6566,STATIC_ROOT_SHAPE_PASS,0 0 720 360,xMidYMid meet,"{""svg"":1,""circle"":2,""ellipse"":0,""line"":29,""polyline"":0,""polygon"":0,""path"":0,""rect"":3,""text"":33,""g"":0,""defs"":0,""use"":0,""image"":0,""foreignObject"":0,""script"":0}",,,33,f66be81f44f7bbbf857a4a66d6eac4331fa96acadb367ab2c82c4a5645c28cfd
archive/assets/images/25_순천고_2학기_중간_고1_기출/q08-solution.svg,8f2aac5ee95169152c73c54a17df911ea07398d315e7de007e162bf5eee3d570,5480,STATIC_ROOT_SHAPE_PASS,0 0 940 480,xMidYMid meet,"{""svg"":1,""circle"":3,""ellipse"":0,""line"":27,""polyline"":0,""polygon"":0,""path"":1,""rect"":3,""text"":14,""g"":3,""defs"":1,""use"":0,""image"":0,""foreignObject"":0,""script"":0}",,,14,9046ac1e94c370db62b23a0acecd1e51e8738a0b3e29e9dbf1edfb485faadd3a
archive/assets/images/25_순천고_2학기_중간_고1_기출/q09-solution.svg,909ea37ac2b3e0c0905d5fdd315966723fe6b284b8fbf9995670532c03a7f01a,7419,STATIC_ROOT_SHAPE_PASS,0 0 720 360,xMidYMid meet,"{""svg"":1,""circle"":5,""ellipse"":0,""line"":31,""polyline"":0,""polygon"":0,""path"":0,""rect"":3,""text"":37,""g"":0,""defs"":0,""use"":0,""image"":0,""foreignObject"":0,""script"":0}",,,37,c05b74a971c2e96a2785b31f312d3fa74e28f4d119e0db638c72c70f56f58927
archive/assets/images/25_순천고_2학기_중간_고1_기출/q10-solution.svg,03e157a76121b957baa56cd009da2e88ffdf5a8fc209c44f86e203d68b42d413,6245,STATIC_ROOT_SHAPE_PASS,0 0 720 360,xMidYMid meet,"{""svg"":1,""circle"":4,""ellipse"":0,""line"":25,""polyline"":0,""polygon"":0,""path"":0,""rect"":3,""text"":30,""g"":0,""defs"":0,""use"":0,""image"":0,""foreignObject"":0,""script"":0}",,,30,9219b7b16d1656f450a8e2971caf270c8ebae125f097cd0b22e9d497e49ea589
archive/assets/images/25_순천고_2학기_중간_고1_기출/q11-solution.svg,a7de2dc36c2247e0c565edb135110706af42e3f9f1dd24b74f2ec87c299285ba,2454,STATIC_ROOT_SHAPE_PASS,0 0 760 390,,"{""svg"":1,""circle"":7,""ellipse"":0,""line"":0,""polyline"":0,""polygon"":0,""path"":0,""rect"":4,""text"":11,""g"":3,""defs"":1,""use"":0,""image"":0,""foreignObject"":0,""script"":0}",,,11,a433f8d72ec9a0c4de861408b4c5b9e32def9e9e46dbb3e4d8dc6e7420f255d2
archive/assets/images/25_순천고_2학기_중간_고1_기출/q12-solution.svg,669e561ee7c54ff51c05e90c91c89f79b65a8adf77581c7ade107bf9e8dca3b2,4714,STATIC_ROOT_SHAPE_PASS,0 0 840 480,xMidYMid meet,"{""svg"":1,""circle"":3,""ellipse"":0,""line"":21,""polyline"":0,""polygon"":0,""path"":0,""rect"":3,""text"":14,""g"":3,""defs"":0,""use"":0,""image"":0,""foreignObject"":0,""script"":0}",,,14,07215bb19e6558bf54dea9b5c51e22ee8940baeb88d846a4ae8b2a0d46dc9ce1
archive/assets/images/25_순천고_2학기_중간_고1_기출/q13-solution.svg,4f754c7d49517411503161917fe8646f300e1b22015b08cf47202c0711ebb2cf,1640,STATIC_ROOT_SHAPE_PASS,0 0 760 340,,"{""svg"":1,""circle"":3,""ellipse"":0,""line"":0,""polyline"":0,""polygon"":0,""path"":0,""rect"":3,""text"":9,""g"":0,""defs"":0,""use"":0,""image"":0,""foreignObject"":0,""script"":0}",,,9,4e700f87f7c84a506636debaa0a80a0aaa7014c54044ba8be51a85e8043fa5c8
archive/assets/images/25_순천고_2학기_중간_고1_기출/q15-solution.svg,358df57955ec8ce4e7ee9ba46f46559528d3dd2e232799cd4a8230a841a29347,4961,STATIC_ROOT_SHAPE_PASS,0 0 940 480,xMidYMid meet,"{""svg"":1,""circle"":3,""ellipse"":0,""line"":25,""polyline"":0,""polygon"":0,""path"":1,""rect"":3,""text"":12,""g"":2,""defs"":1,""use"":0,""image"":0,""foreignObject"":0,""script"":0}",,,12,c5626efd8915b200139383b4e9f65c44ec10c7b597151dca64243f84bfa4b50f
archive/assets/images/25_순천고_2학기_중간_고1_기출/q16-solution.svg,cfd4d6f32545b60f54d02c993d6b19f88c3a512eb2323b9b91616deb1c7af292,3210,STATIC_ROOT_SHAPE_PASS,0 0 640 260,xMidYMid meet,"{""svg"":1,""circle"":6,""ellipse"":0,""line"":4,""polyline"":0,""polygon"":0,""path"":0,""rect"":3,""text"":11,""g"":0,""defs"":0,""use"":0,""image"":0,""foreignObject"":0,""script"":0}",,,11,cc22b2a03751e51f540f4343c733c701fd44b7a5e865a086d83cc5e566af82c9
archive/assets/images/25_순천고_2학기_중간_고1_기출/q17-solution.svg,0eba9b9039194e27e531dc70357ea1ae5e17ddf65907f3cbcece01b60f535d15,3490,STATIC_ROOT_SHAPE_PASS,0 0 640 260,xMidYMid meet,"{""svg"":1,""circle"":5,""ellipse"":0,""line"":8,""polyline"":0,""polygon"":0,""path"":0,""rect"":3,""text"":11,""g"":0,""defs"":0,""use"":0,""image"":0,""foreignObject"":0,""script"":0}",,,11,a74325c9b87a042ee38c9c0cca1002483bb399d0e294ad21ffae98b8594946eb
archive/assets/images/25_순천고_2학기_중간_고1_기출/q18-solution.svg,b804d01fc8246cb65e36834d32cdc531b1e3e32f41c43ff6631ba9b07d55491b,6333,STATIC_ROOT_SHAPE_PASS,0 0 840 480,xMidYMid meet,"{""svg"":1,""circle"":4,""ellipse"":0,""line"":32,""polyline"":0,""polygon"":0,""path"":0,""rect"":3,""text"":17,""g"":4,""defs"":0,""use"":0,""image"":0,""foreignObject"":0,""script"":0}",,,17,cbea4c54dfb6e63d4c5f6f3f0b16c0be7a7512bf38c96643d38f46ffc3c9b962
archive/assets/images/25_순천고_2학기_중간_고1_기출/q19-solution.svg,a8aab25ab4a8a6d60df13296111539c4a2be9e98c9c2f25d49ee3a60838f55a5,3241,STATIC_ROOT_SHAPE_PASS,0 0 640 260,xMidYMid meet,"{""svg"":1,""circle"":5,""ellipse"":0,""line"":5,""polyline"":0,""polygon"":0,""path"":0,""rect"":3,""text"":10,""g"":0,""defs"":0,""use"":0,""image"":0,""foreignObject"":0,""script"":0}",,,10,e91790f6bf4d1d053f12711c95d5d46da2e82c5c4598d7c945d856bee3073968
archive/assets/images/25_순천고_2학기_중간_고1_기출/q21-solution.svg,1a0192fa40175e3d66128560fdcb94d597634e9fdfc5c3d3b857b21544182597,4836,STATIC_ROOT_SHAPE_PASS,0 0 840 480,xMidYMid meet,"{""svg"":1,""circle"":2,""ellipse"":0,""line"":24,""polyline"":0,""polygon"":0,""path"":0,""rect"":3,""text"":11,""g"":2,""defs"":0,""use"":0,""image"":0,""foreignObject"":0,""script"":0}",,,11,a2390aa78bfabfa0c343a5f5f9b924b3ccbdb38af23a819f51316b187e05c127
archive/assets/images/25_순천고_2학기_중간_고1_기출/q22-solution.svg,fbb39a0fe749423841e0229c222c03faa6cda7bd530693f233a0942006f55098,3329,STATIC_ROOT_SHAPE_PASS,0 0 640 280,xMidYMid meet,"{""svg"":1,""circle"":5,""ellipse"":0,""line"":6,""polyline"":0,""polygon"":0,""path"":0,""rect"":3,""text"":12,""g"":0,""defs"":0,""use"":0,""image"":0,""foreignObject"":0,""script"":0}",,,12,77545511ec1b25642a01948a9cdc4368c8a5aae1bba9178a95be75be8157b42b
archive/assets/images/25_순천여고_2학기_중간_고1_공통수학2/q06-solution.svg,99fb86a0c919a3753f7dead6c89ae50a4d9de95e3299526433db230a699487f7,4947,STATIC_ROOT_SHAPE_PASS,0 0 940 480,xMidYMid meet,"{""svg"":1,""circle"":4,""ellipse"":0,""line"":26,""polyline"":0,""polygon"":0,""path"":1,""rect"":3,""text"":13,""g"":4,""defs"":1,""use"":0,""image"":0,""foreignObject"":0,""script"":0}",,,13,7f954bef32da9fe1548b62d6cf47a1b629935b4cd900c125ee90a6132584ae52
archive/assets/images/25_순천여고_2학기_중간_고1_공통수학2/q07-solution.svg,318150db02c9f74a4d47e048f251cb35c448adf908d85bdbfa6b421be3e75186,6507,STATIC_ROOT_SHAPE_PASS,0 0 720 360,,"{""svg"":1,""circle"":3,""ellipse"":0,""line"":48,""polyline"":0,""polygon"":0,""path"":2,""rect"":2,""text"":9,""g"":0,""defs"":1,""use"":0,""image"":0,""foreignObject"":0,""script"":0}",,,9,1d2876722c73cb28e5b8930fb62ec9014446c135e4ca1986baa593aa70805f91
archive/assets/images/25_순천여고_2학기_중간_고1_공통수학2/q08-solution.svg,2f28d2f6e33689fbfd1acb7749a68b659c8f864abaa9bba54a556d6333250e91,4917,STATIC_ROOT_SHAPE_PASS,0 0 720 360,,"{""svg"":1,""circle"":3,""ellipse"":0,""line"":29,""polyline"":0,""polygon"":0,""path"":1,""rect"":2,""text"":11,""g"":3,""defs"":1,""use"":0,""image"":0,""foreignObject"":0,""script"":0}",,,11,6785432d04a541e9901392741226ab68769ecc60e0bdb1d2afd9d573c1fec103
archive/assets/images/25_순천여고_2학기_중간_고1_공통수학2/q09-solution.svg,a0661438d4708a8fe1732b49fc7e88f4c7ac104295a6453f8d039696f1d7604c,11876,STATIC_ROOT_SHAPE_PASS,0 0 720 360,xMidYMid meet,"{""svg"":1,""circle"":5,""ellipse"":0,""line"":55,""polyline"":0,""polygon"":1,""path"":1,""rect"":2,""text"":66,""g"":0,""defs"":1,""use"":0,""image"":0,""foreignObject"":0,""script"":0}",,,66,932faf680dcd5e504770dc6ae37beab56ed58674b67ea02ab10cebe3bfc2d954
archive/assets/images/25_순천여고_2학기_중간_고1_공통수학2/q10-solution.svg,a53529d991f6e53a7db2d8ef38352304cc3959a30805d1c87568882290b751fc,4065,STATIC_ROOT_SHAPE_PASS,0 0 840 480,xMidYMid meet,"{""svg"":1,""circle"":0,""ellipse"":0,""line"":19,""polyline"":0,""polygon"":0,""path"":0,""rect"":3,""text"":8,""g"":0,""defs"":0,""use"":0,""image"":0,""foreignObject"":0,""script"":0}",,,8,90265f920a4ebee70283de9b768d3fc411a607e514e91a08210721154a50e07d
archive/assets/images/25_순천여고_2학기_중간_고1_공통수학2/q12-solution.svg,bedbff41d031f42d1c923ee14edb2902542b94674cb19c367043ed857575fc90,5388,STATIC_ROOT_SHAPE_PASS,0 0 840 480,xMidYMid meet,"{""svg"":1,""circle"":4,""ellipse"":0,""line"":23,""polyline"":0,""polygon"":0,""path"":0,""rect"":3,""text"":16,""g"":4,""defs"":0,""use"":0,""image"":0,""foreignObject"":0,""script"":0}",,,16,6a8f3b6815dabf8355881e3666274611221ba0d3dc19280f0232d38d3b8d4436
archive/assets/images/25_순천여고_2학기_중간_고1_공통수학2/q13-solution.svg,32a36b9390dcfc712bb7805167f07a5ed8485972ebc61ea9a8565d659b547785,4341,STATIC_ROOT_SHAPE_PASS,0 0 840 480,xMidYMid meet,"{""svg"":1,""circle"":2,""ellipse"":0,""line"":19,""polyline"":0,""polygon"":0,""path"":0,""rect"":3,""text"":12,""g"":2,""defs"":0,""use"":0,""image"":0,""foreignObject"":0,""script"":0}",,,12,9cca2c4c53be610eb687d113082318757d3f3eaf8094b21cff384287edbc0281
archive/assets/images/25_순천여고_2학기_중간_고1_공통수학2/q14-solution.svg,e8cfd66a5b7aa8c68285ef66a7fc107b63b5bd2c7fdf776aa8fd33fcebc5826a,3397,STATIC_ROOT_SHAPE_PASS,0 0 720 360,xMidYMid meet,"{""svg"":1,""circle"":2,""ellipse"":0,""line"":12,""polyline"":0,""polygon"":0,""path"":0,""rect"":3,""text"":12,""g"":1,""defs"":0,""use"":0,""image"":0,""foreignObject"":0,""script"":0}",,,12,85e678f8b98fad0e9149641380999c8170de4602f194f7352658d3e2740edf40
archive/assets/images/25_순천여고_2학기_중간_고1_공통수학2/q15-solution.svg,bef45dee58c75f5da24b3bcf02b6e66a9f98e948e693384e2bde30270e53d623,5890,STATIC_ROOT_SHAPE_PASS,0 0 720 360,,"{""svg"":1,""circle"":4,""ellipse"":0,""line"":26,""polyline"":0,""polygon"":0,""path"":1,""rect"":2,""text"":15,""g"":2,""defs"":1,""use"":0,""image"":0,""foreignObject"":0,""script"":0}",,,15,4b58ba153afd2882631b062b699aa5119a75d5b44cedddc7cbe369cb78360ab2
archive/assets/images/25_순천여고_2학기_중간_고1_공통수학2/q17-solution.svg,911eb50dfb2505072484c4fe43cc31076d6f641432af56c8639a60e43044afe6,6721,STATIC_ROOT_SHAPE_PASS,0 0 720 360,xMidYMid meet,"{""svg"":1,""circle"":6,""ellipse"":0,""line"":25,""polyline"":0,""polygon"":0,""path"":0,""rect"":3,""text"":33,""g"":0,""defs"":0,""use"":0,""image"":0,""foreignObject"":0,""script"":0}",,,33,e59e99c5174b45c7367ebc8a340dd5094f943f231f59e5621a492e0007d81d0d
archive/assets/images/25_순천여고_2학기_중간_고1_공통수학2/q18-solution.svg,f081e46a10b8e39d6b676eb8c4c74d3d9cc3f039db64a7f2cf915c94081905c2,4738,STATIC_ROOT_SHAPE_PASS,0 0 940 480,xMidYMid meet,"{""svg"":1,""circle"":3,""ellipse"":0,""line"":26,""polyline"":0,""polygon"":0,""path"":1,""rect"":3,""text"":12,""g"":3,""defs"":1,""use"":0,""image"":0,""foreignObject"":0,""script"":0}",,,12,aba02e0b842f9aaca30c0308f3fd1b781940c2699de213362759dd71c67f6715
archive/assets/images/25_순천여고_2학기_중간_고1_공통수학2/q19-solution.svg,eac095b35ece9352315d5bfb77efa826e199dde69c876151663111e4d6bbe641,3943,STATIC_ROOT_SHAPE_PASS,0 0 840 480,xMidYMid meet,"{""svg"":1,""circle"":0,""ellipse"":0,""line"":19,""polyline"":0,""polygon"":0,""path"":0,""rect"":3,""text"":9,""g"":0,""defs"":0,""use"":0,""image"":0,""foreignObject"":0,""script"":0}",,,9,c619ba1d6c795242352861d01c46c4191bfa9002f3abe031197e6d82e75067f0
archive/assets/images/25_순천여고_2학기_중간_고1_공통수학2/q20-solution.svg,8fbde923c248ff460b6a79ab09f26db408fb69d0a79f2f829274c476b33109bd,5189,STATIC_ROOT_SHAPE_PASS,0 0 840 480,xMidYMid meet,"{""svg"":1,""circle"":2,""ellipse"":0,""line"":27,""polyline"":0,""polygon"":1,""path"":0,""rect"":3,""text"":13,""g"":2,""defs"":0,""use"":0,""image"":0,""foreignObject"":0,""script"":0}",,,13,dd510208434da813118d12b985d6331922c2241da0d7651a4b55142883f16cbc
archive/assets/images/25_순천여고_2학기_중간_고1_공통수학2/q21-solution.svg,9536abf5304c667088afc941f12cd8f2e21096188ec0ab26aa95528f80406031,6837,STATIC_ROOT_SHAPE_PASS,0 0 720 360,xMidYMid meet,"{""svg"":1,""circle"":5,""ellipse"":0,""line"":28,""polyline"":0,""polygon"":0,""path"":0,""rect"":3,""text"":32,""g"":0,""defs"":0,""use"":0,""image"":0,""foreignObject"":0,""script"":0}",,,32,3af15b0a2c38ae25a8b96c8ab4397d1f4a0ac001f83c22fbd70775c4e90889e0
archive/assets/images/25_제일고_2학기_기말_고1_기출/q02-solution.svg,2ca8c3a3ed30716418df5b98a05d137dd3a7cb9fce915fdd4275c58365669562,5739,STATIC_ROOT_SHAPE_PASS,0 0 940 480,xMidYMid meet,"{""svg"":1,""circle"":4,""ellipse"":0,""line"":30,""polyline"":0,""polygon"":0,""path"":1,""rect"":3,""text"":12,""g"":4,""defs"":1,""use"":0,""image"":0,""foreignObject"":0,""script"":0}",,,12,33875f6325adccceb4b9d97b76751edf89a96ef8907bedc578dcd7b6bfee4452
archive/assets/images/25_제일고_2학기_기말_고1_기출/q03-solution.svg,5b78ba67b2a99c458512c8382f7a8789ac0b1621860e32e241d24de295bc3a18,6392,STATIC_ROOT_SHAPE_PASS,0 0 720 360,xMidYMid meet,"{""svg"":1,""circle"":3,""ellipse"":0,""line"":27,""polyline"":0,""polygon"":0,""path"":0,""rect"":3,""text"":32,""g"":0,""defs"":0,""use"":0,""image"":0,""foreignObject"":0,""script"":0}",,,32,3fa1d60aebaca02196f2b3d202ed4c2dffc30881b236ddf9cd84ff3fe5a4375a
archive/assets/images/25_제일고_2학기_기말_고1_기출/q06-solution.svg,2614301a60272caabbac43adae961f5e6dcdd83ab3819a8e01c6866b3779a731,4924,STATIC_ROOT_SHAPE_PASS,0 0 940 480,xMidYMid meet,"{""svg"":1,""circle"":4,""ellipse"":0,""line"":23,""polyline"":0,""polygon"":0,""path"":1,""rect"":3,""text"":13,""g"":4,""defs"":1,""use"":0,""image"":0,""foreignObject"":0,""script"":0}",,,13,6ad59ff1e21fc712ed53df7402e7ac328a2f32b1ae217198d3a701e80965715b
archive/assets/images/25_제일고_2학기_기말_고1_기출/q07-solution.svg,9a937c2b00154cd1bae6b387a3b5be5b3ab2c68da80c6a450504ffcb5fdf6c1b,7423,STATIC_ROOT_SHAPE_PASS,0 0 720 360,xMidYMid meet,"{""svg"":1,""circle"":5,""ellipse"":0,""line"":31,""polyline"":0,""polygon"":0,""path"":0,""rect"":3,""text"":36,""g"":0,""defs"":0,""use"":0,""image"":0,""foreignObject"":0,""script"":0}",,,36,6fc155d11764bd55a46d18a6700861f48ea2c66851250d44c64353cc38369a1c
archive/assets/images/25_제일고_2학기_기말_고1_기출/q09-solution.svg,f115f23f719ce41c0eed9ca3f6c8c8455c6e0acc390376dcd89d180d0063058a,6829,STATIC_ROOT_SHAPE_PASS,0 0 840 480,xMidYMid meet,"{""svg"":1,""circle"":4,""ellipse"":0,""line"":41,""polyline"":0,""polygon"":0,""path"":0,""rect"":3,""text"":17,""g"":4,""defs"":0,""use"":0,""image"":0,""foreignObject"":0,""script"":0}",,,17,12d410022519663c961d1822eec5c89bc6251282e835899d724d9ba2cae62e04
archive/assets/images/25_제일고_2학기_기말_고1_기출/q11-solution.svg,c3b870bde68349b8d9bb847a481603e746978c75d086022fd639551550b24ec4,5883,STATIC_ROOT_SHAPE_PASS,0 0 540 540,,"{""svg"":1,""circle"":2,""ellipse"":0,""line"":2,""polyline"":1,""polygon"":0,""path"":0,""rect"":0,""text"":4,""g"":0,""defs"":0,""use"":0,""image"":0,""foreignObject"":0,""script"":0}",,,4,53e16c80844349dc4678b262960e838b32611ce82d474a2a893f61979e17ef48
archive/assets/images/25_제일고_2학기_기말_고1_기출/q13-solution.svg,74a79bf5662d3c4423186be00a6bc1aa9615ce3696b27a2f2b20bef9bdb97360,14336,STATIC_ROOT_SHAPE_PASS,0 0 540 540,,"{""svg"":1,""circle"":1,""ellipse"":0,""line"":4,""polyline"":2,""polygon"":0,""path"":0,""rect"":0,""text"":3,""g"":0,""defs"":0,""use"":0,""image"":0,""foreignObject"":0,""script"":0}",,,3,a6e582b13f9171f5bbd250cc70269a344d68074aea8e5e1c2f5f5ba977b02ccf
archive/assets/images/25_제일고_2학기_기말_고1_기출/q14-solution.svg,06b8c5b40f326a431887bcadb30b950fdf7acf60e7c4ffdfd5362f57bb6b7e6c,27784,STATIC_ROOT_SHAPE_PASS,0 0 620 460,,"{""svg"":1,""circle"":0,""ellipse"":0,""line"":8,""polyline"":4,""polygon"":0,""path"":0,""rect"":0,""text"":3,""g"":0,""defs"":0,""use"":0,""image"":0,""foreignObject"":0,""script"":0}",,,3,e3c01d736503e602206d71281bdeb78e7fad33f73774333f1e9358b022ba2088
archive/assets/images/25_제일고_2학기_기말_고1_기출/q18-solution.svg,9c5a1b7dc3625c5f3bb0afb2600732be001b181a0a54f2db50fb1bcdfee519e1,2037,STATIC_ROOT_SHAPE_PASS,0 0 620 500,,"{""svg"":1,""circle"":4,""ellipse"":0,""line"":5,""polyline"":0,""polygon"":0,""path"":0,""rect"":0,""text"":9,""g"":0,""defs"":0,""use"":0,""image"":0,""foreignObject"":0,""script"":0}",,,9,48f723f4048906aeb05e1e6286dd37dc9926eee60d70c4c41669afe1b8b16c2f
archive/assets/images/25_제일고_2학기_기말_고1_기출/q20-solution.svg,d1a1414cd3454eef1d44296f5a22319924b14c73a3619c3c0957405f68d0c6b1,10231,STATIC_ROOT_SHAPE_PASS,0 0 540 540,,"{""svg"":1,""circle"":1,""ellipse"":0,""line"":3,""polyline"":2,""polygon"":0,""path"":0,""rect"":0,""text"":5,""g"":0,""defs"":0,""use"":0,""image"":0,""foreignObject"":0,""script"":0}",,,5,2eb170807e1c9ec8c7fc94d41b3ebbbdd1bb756326f6053d57d876ccdf7b0f5d
archive/assets/images/25_제일고_2학기_중간_고1_기출/q06-solution.svg,b561aec78467dac0c4783f00fef9eae8eab15ff38f77b0a0fa0e0a0096d09b88,1606,STATIC_ROOT_SHAPE_PASS,0 0 760 320,,"{""svg"":1,""circle"":2,""ellipse"":0,""line"":0,""polyline"":0,""polygon"":0,""path"":0,""rect"":3,""text"":11,""g"":0,""defs"":0,""use"":0,""image"":0,""foreignObject"":0,""script"":0}",,,11,e5c630980c6d1d87680201c3292064b2c5e19de7b1d24b0ff6ce3192f08d716d
archive/assets/images/25_제일고_2학기_중간_고1_기출/q11-solution.svg,cbbce9f100b5488283a28bef6c16f55b75a5aadd4d7ccfc9b712ef28e8536a43,6391,STATIC_ROOT_SHAPE_PASS,0 0 720 360,xMidYMid meet,"{""svg"":1,""circle"":3,""ellipse"":0,""line"":26,""polyline"":0,""polygon"":1,""path"":1,""rect"":2,""text"":33,""g"":0,""defs"":1,""use"":0,""image"":0,""foreignObject"":0,""script"":0}",,,33,3984ebafa142f33a1989d96432c793015ad910a191c2d64e2ba7264d85d81185
archive/assets/images/25_제일고_2학기_중간_고1_기출/q12-solution.svg,f2ae39059deca500b10f2777a3319353a3717bbeeea79da9f130292a1bdbef8d,4648,STATIC_ROOT_SHAPE_PASS,0 0 840 480,xMidYMid meet,"{""svg"":1,""circle"":0,""ellipse"":0,""line"":26,""polyline"":0,""polygon"":0,""path"":0,""rect"":3,""text"":10,""g"":0,""defs"":0,""use"":0,""image"":0,""foreignObject"":0,""script"":0}",,,10,8a5d0cb4a7cda6eb87811e125f7036a4942adb662603b2fadaebe9cb577cc8cc
archive/assets/images/25_제일고_2학기_중간_고1_기출/q13-solution.svg,49c79da90967613f7cb4d889a0d1e15d962816f1d46bdbba6ed9cfb121c85279,6871,STATIC_ROOT_SHAPE_PASS,0 0 720 360,xMidYMid meet,"{""svg"":1,""circle"":2,""ellipse"":0,""line"":31,""polyline"":0,""polygon"":0,""path"":0,""rect"":3,""text"":35,""g"":0,""defs"":0,""use"":0,""image"":0,""foreignObject"":0,""script"":0}",,,35,f1559e067ac4fcc09b834fddd9883a1700e8a5a31bb395211d5df4bb1db16703
archive/assets/images/25_제일고_2학기_중간_고1_기출/q14-solution.svg,fe9faf94df01c0cdfa9ca072fea2d9a9853b5b2af353bff39a1fd6018741eea0,5483,STATIC_ROOT_SHAPE_PASS,0 0 840 480,xMidYMid meet,"{""svg"":1,""circle"":0,""ellipse"":0,""line"":33,""polyline"":0,""polygon"":0,""path"":0,""rect"":3,""text"":9,""g"":0,""defs"":0,""use"":0,""image"":0,""foreignObject"":0,""script"":0}",,,9,156a9f5b608edc468eb98bf7317e7eb93c68513138544cbcff47e1ed5c801716
archive/assets/images/25_제일고_2학기_중간_고1_기출/q15-solution.svg,9cd9dbc195eaf50969c022e74cb13f7953bf0c360b36faf2ebcc782a11666212,7590,STATIC_ROOT_SHAPE_PASS,0 0 840 480,xMidYMid meet,"{""svg"":1,""circle"":5,""ellipse"":0,""line"":45,""polyline"":0,""polygon"":2,""path"":0,""rect"":3,""text"":12,""g"":5,""defs"":0,""use"":0,""image"":0,""foreignObject"":0,""script"":0}",,,12,e3aa340cc1af7f7db1fd340524b6b700b35a1c51a2a2eeb9e8f6ed63869eb17c
archive/assets/images/25_제일고_2학기_중간_고1_기출/q16-solution.svg,225105cf1aa0638db8308528cbe8dbc7d4c48b542d0b4a90d41e4c8282ff1e35,3194,STATIC_ROOT_SHAPE_PASS,0 0 640 300,,"{""svg"":1,""circle"":6,""ellipse"":0,""line"":7,""polyline"":0,""polygon"":0,""path"":0,""rect"":3,""text"":15,""g"":0,""defs"":0,""use"":0,""image"":0,""foreignObject"":0,""script"":0}",,,15,cd3b1c5c92f7031d6b5f36589d35934229c055fe94b7f55ce2b7e1406581d263
archive/assets/images/25_제일고_2학기_중간_고1_기출/q17-solution.svg,69cb4376f486aeb490bbfb8d837cca91621074704883c0845325c0550395c2d0,2864,STATIC_ROOT_SHAPE_PASS,0 0 640 300,,"{""svg"":1,""circle"":6,""ellipse"":0,""line"":3,""polyline"":0,""polygon"":1,""path"":0,""rect"":3,""text"":14,""g"":0,""defs"":0,""use"":0,""image"":0,""foreignObject"":0,""script"":0}",,,14,f739e071161c2ee2cc60784b7955dbba85106f394ec8d3831b37c9d8cafdad87
archive/assets/images/25_제일고_2학기_중간_고1_기출/q18-solution.svg,ec142aa26f5c333c284553b22f0ae66b63ca5064aac5364196e860ab8482c1cf,7345,STATIC_ROOT_SHAPE_PASS,0 0 940 480,xMidYMid meet,"{""svg"":1,""circle"":9,""ellipse"":0,""line"":27,""polyline"":0,""polygon"":2,""path"":1,""rect"":3,""text"":19,""g"":9,""defs"":1,""use"":0,""image"":0,""foreignObject"":0,""script"":0}",,,19,fd792d7a253901fa81fb24b2905f7fb37f08328316e376b004e1bb39387c67e8
archive/assets/images/25_제일고_2학기_중간_고1_기출/q20-solution.svg,2e75d4e0b998b036b0ca702d3092fed4908608c950194c59a964e967c124f59e,4472,STATIC_ROOT_SHAPE_PASS,0 0 720 360,xMidYMid meet,"{""svg"":1,""circle"":2,""ellipse"":0,""line"":17,""polyline"":0,""polygon"":0,""path"":1,""rect"":2,""text"":22,""g"":0,""defs"":1,""use"":0,""image"":0,""foreignObject"":0,""script"":0}",,,22,9a1d8cdc006c22631cbeb9e5a2e51c01e078ef44a17419560d18609999dbb66f
archive/assets/images/25_제일고_2학기_중간_고1_기출/q22-solution.svg,48b7eaf6353b98c1c0433013d5acf20aef62e6480540b610ae904412af5ba988,2961,STATIC_ROOT_SHAPE_PASS,0 0 640 300,,"{""svg"":1,""circle"":6,""ellipse"":0,""line"":3,""polyline"":0,""polygon"":0,""path"":0,""rect"":3,""text"":15,""g"":0,""defs"":0,""use"":0,""image"":0,""foreignObject"":0,""script"":0}",,,15,b3ca3983263f1f18451904c48f75c43230cbb05958b838138a99b3f21f1cf0a9
archive/assets/images/25_팔마고_2학기_기말_고1_기출/q04-solution.svg,55dca7ed94d8aed66817c980c60b20f62992852b64f0d054ee5a80c637db64c7,14529,STATIC_ROOT_SHAPE_PASS,0 0 540 540,,"{""svg"":1,""circle"":1,""ellipse"":0,""line"":4,""polyline"":2,""polygon"":0,""path"":0,""rect"":0,""text"":3,""g"":0,""defs"":0,""use"":0,""image"":0,""foreignObject"":0,""script"":0}",,,3,32e30143a2edc52d1fe1c1263caacb8c0161b81e30420d529fabb11d3dfaad4e
archive/assets/images/25_팔마고_2학기_기말_고1_기출/q06-solution.svg,c590c943db892a2792c3eb647a756dfa0a047043428cb7b9d5114858f8175454,14592,STATIC_ROOT_SHAPE_PASS,0 0 540 540,,"{""svg"":1,""circle"":1,""ellipse"":0,""line"":4,""polyline"":2,""polygon"":0,""path"":0,""rect"":0,""text"":3,""g"":0,""defs"":0,""use"":0,""image"":0,""foreignObject"":0,""script"":0}",,,3,7250a4594bbdb2d96aec9de16d8078218d3f256aec7689032158f97fc01610d8
archive/assets/images/25_팔마고_2학기_기말_고1_기출/q11-solution.svg,1b7b0d95a0d474b322b8b6fd33cb8bef288b24755029dfd4dc71896f16266b5f,10077,STATIC_ROOT_SHAPE_PASS,0 0 540 540,,"{""svg"":1,""circle"":1,""ellipse"":0,""line"":1,""polyline"":2,""polygon"":0,""path"":0,""rect"":0,""text"":3,""g"":0,""defs"":0,""use"":0,""image"":0,""foreignObject"":0,""script"":0}",,,3,003debb15c97fa68d40314aae0af73351cde67af0d8106fa9dec7392785cd958
archive/assets/images/25_팔마고_2학기_기말_고1_기출/q14-solution.svg,765840a0ba4fbd8af6f4501e3eb17ba684eb2e87f98ae488510699e839270f58,14635,STATIC_ROOT_SHAPE_PASS,0 0 540 540,,"{""svg"":1,""circle"":2,""ellipse"":0,""line"":4,""polyline"":2,""polygon"":0,""path"":0,""rect"":0,""text"":4,""g"":0,""defs"":0,""use"":0,""image"":0,""foreignObject"":0,""script"":0}",,,4,e9747929479406611cd9e11531aa1c2fa30d19d9e69069ec04a59ceafa906316
archive/assets/images/25_팔마고_2학기_기말_고1_기출/q20-solution.svg,c38d51db37d5fee353f0a46cbe076590d6dd753b2d9fa36df776d3508a688ead,5774,STATIC_ROOT_SHAPE_PASS,0 0 620 500,,"{""svg"":1,""circle"":1,""ellipse"":0,""line"":2,""polyline"":1,""polygon"":0,""path"":0,""rect"":0,""text"":3,""g"":0,""defs"":0,""use"":0,""image"":0,""foreignObject"":0,""script"":0}",,,3,042341371645dae5437174df9b0d13ae9317e04d6feafe026c72b8934eea0ea5
archive/assets/images/25_팔마고_2학기_기말_고1_기출/q23-solution.svg,bbb8519811b5b4494787e557401dd86cd57f469ecd96cd8a39fefd12d3cc3b63,10328,STATIC_ROOT_SHAPE_PASS,0 0 620 460,,"{""svg"":1,""circle"":2,""ellipse"":0,""line"":2,""polyline"":2,""polygon"":0,""path"":0,""rect"":0,""text"":5,""g"":0,""defs"":0,""use"":0,""image"":0,""foreignObject"":0,""script"":0}",,,5,87fe6d27e7717a803ae55691bc3554c8fbc6a158963bcad937bd0449b3ac9d28
archive/assets/images/25_효천고_2학기_기말_고1_기출/q08-solution.svg,d4aa7e5eb3dadcf2adcfa375fef62ffd094a8b58f874e547aa825218d36a330d,5807,STATIC_ROOT_SHAPE_PASS,0 0 620 460,,"{""svg"":1,""circle"":2,""ellipse"":0,""line"":2,""polyline"":1,""polygon"":0,""path"":0,""rect"":0,""text"":4,""g"":0,""defs"":0,""use"":0,""image"":0,""foreignObject"":0,""script"":0}",,,4,0b3a9716ccc9a13a6047086ae6fc85fbab68ceca9cf9458906d07242c44d42ca
archive/assets/images/25_효천고_2학기_기말_고1_기출/q11-solution.svg,f6c2c0c919cac52bb03462cb868a1802e1a76419416b3cd0df1a406f2dd03c59,10150,STATIC_ROOT_SHAPE_PASS,0 0 540 540,,"{""svg"":1,""circle"":2,""ellipse"":0,""line"":1,""polyline"":2,""polygon"":0,""path"":0,""rect"":0,""text"":5,""g"":0,""defs"":0,""use"":0,""image"":0,""foreignObject"":0,""script"":0}",,,5,88ce8c81ab33154fa690cc9dc4deb4ce37613228b0b7373fc79c3397e820af36
archive/assets/images/25_효천고_2학기_기말_고1_기출/q12-solution.svg,8cc2a60f650afd3f66c7c10f4f343dab0b117a9de4aa2938ba09e8372bdf3578,14790,STATIC_ROOT_SHAPE_PASS,0 0 620 520,,"{""svg"":1,""circle"":1,""ellipse"":0,""line"":6,""polyline"":2,""polygon"":0,""path"":0,""rect"":0,""text"":5,""g"":0,""defs"":0,""use"":0,""image"":0,""foreignObject"":0,""script"":0}",,,5,3acd3bab58011410901ad7e4a29c8cb3e00f548dde1e04a4115109c4bcea43c8
archive/assets/images/25_효천고_2학기_기말_고1_기출/q18-solution.svg,606372445b5f7e13469cb7c535bc99e22c2f760a832517bdc7acb1a4be6d99ff,14806,STATIC_ROOT_SHAPE_PASS,0 0 540 540,,"{""svg"":1,""circle"":4,""ellipse"":0,""line"":4,""polyline"":2,""polygon"":0,""path"":0,""rect"":0,""text"":6,""g"":0,""defs"":0,""use"":0,""image"":0,""foreignObject"":0,""script"":0}",,,6,70fd38d82249c6924fb5858cd98ae2f9b9b5005255704dcc0b7b19fec6db1944
archive/assets/images/25_효천고_2학기_기말_고1_기출/q22-solution.svg,b61738931f9b341888c82bae5cecf71cf8273f4646ccbfc029b653ee6fbad4cb,8336,STATIC_ROOT_SHAPE_PASS,0 0 620 500,,"{""svg"":1,""circle"":1,""ellipse"":0,""line"":6,""polyline"":1,""polygon"":0,""path"":0,""rect"":0,""text"":5,""g"":0,""defs"":0,""use"":0,""image"":0,""foreignObject"":0,""script"":0}",,,5,59ba9e788faa892c31f3d14383172b577740a4bf525eefd40dc395e80e34c72d
archive/assets/images/25_효천고_2학기_중간_고1_기출/q02-solution.svg,8914784b537211d08cfb237a460ce7067211b6ea9f87486906da4831d94fac30,3761,STATIC_ROOT_SHAPE_PASS,0 0 840 480,xMidYMid meet,"{""svg"":1,""circle"":0,""ellipse"":0,""line"":18,""polyline"":0,""polygon"":0,""path"":0,""rect"":3,""text"":8,""g"":0,""defs"":0,""use"":0,""image"":0,""foreignObject"":0,""script"":0}",,,8,1a4e719decf5adc8790719372f7f2b0278d83049e5fc809ab7531edb437d00dd
archive/assets/images/25_효천고_2학기_중간_고1_기출/q03-solution.svg,3208ec847fd87a1907669b72f0b0fb2b795407361335c0ce34bc2fa4fda9cce8,2122,STATIC_ROOT_SHAPE_PASS,0 0 520 260,,"{""svg"":1,""circle"":3,""ellipse"":0,""line"":9,""polyline"":0,""polygon"":0,""path"":1,""rect"":1,""text"":9,""g"":2,""defs"":0,""use"":0,""image"":0,""foreignObject"":0,""script"":0}",,,9,5187c65c0e7511c912173da3c1594c535e6c1b1bcde3ed947bc0f314b7258ed7
archive/assets/images/25_효천고_2학기_중간_고1_기출/q04-solution.svg,e8cffa56d1c16824f73bafa4a4cb5828735f070b6689e033f773682a7b0c791a,2742,STATIC_ROOT_SHAPE_PASS,0 0 520 280,,"{""svg"":1,""circle"":6,""ellipse"":0,""line"":13,""polyline"":0,""polygon"":0,""path"":1,""rect"":1,""text"":8,""g"":1,""defs"":0,""use"":0,""image"":0,""foreignObject"":0,""script"":0}",,,8,f2809163bbe37b3c89a9aa32f11a1dcd4b995bd78c325348338139230cc63bfd
archive/assets/images/25_효천고_2학기_중간_고1_기출/q06-solution.svg,90b44ec322bdde5c740457ab8e3731a9a72b230c41d3b7e2d92feb3a894bed3e,4130,STATIC_ROOT_SHAPE_PASS,0 0 640 300,,"{""svg"":1,""circle"":6,""ellipse"":0,""line"":19,""polyline"":0,""polygon"":0,""path"":1,""rect"":3,""text"":15,""g"":2,""defs"":0,""use"":0,""image"":0,""foreignObject"":0,""script"":0}",,,15,9230a0db07a185496b88a1591d9ccb283df4b0ffb1eafd803969e73f5d0cabaa
archive/assets/images/25_효천고_2학기_중간_고1_기출/q07-solution.svg,8bdbfeb698ef7053283ac105407d5d88ea96d4134bc636774e42627f271df169,4077,STATIC_ROOT_SHAPE_PASS,0 0 840 480,xMidYMid meet,"{""svg"":1,""circle"":0,""ellipse"":0,""line"":22,""polyline"":0,""polygon"":0,""path"":0,""rect"":3,""text"":8,""g"":0,""defs"":0,""use"":0,""image"":0,""foreignObject"":0,""script"":0}",,,8,b9de7e9bd96c075dacd70e20105f39cce0a7d3de49f32d364c36394e95ccef34
archive/assets/images/25_효천고_2학기_중간_고1_기출/q08-solution.svg,c889b6886323f26820ea7f9d9e650b9ad15d1fee97bcefc7c6f56bb9b90d3817,4257,STATIC_ROOT_SHAPE_PASS,0 0 840 480,xMidYMid meet,"{""svg"":1,""circle"":2,""ellipse"":0,""line"":19,""polyline"":0,""polygon"":0,""path"":0,""rect"":3,""text"":11,""g"":2,""defs"":0,""use"":0,""image"":0,""foreignObject"":0,""script"":0}",,,11,73a46a4f7c6800a832d5d375a205bb46154d51db3c593efe0c9826b9685122b4
archive/assets/images/25_효천고_2학기_중간_고1_기출/q10-solution.svg,aaf0a79f61ef32e568ae299605519096a5a92674aa6f13ef1c03d15e75e6c78c,1549,STATIC_ROOT_SHAPE_PASS,0 0 760 320,,"{""svg"":1,""circle"":0,""ellipse"":2,""line"":0,""polyline"":0,""polygon"":0,""path"":0,""rect"":3,""text"":9,""g"":0,""defs"":0,""use"":0,""image"":0,""foreignObject"":0,""script"":0}",,,9,ca826629c530450301fc7050c7e1af07e70966ade9b6013727fce151b0d49726
archive/assets/images/25_효천고_2학기_중간_고1_기출/q11-solution.svg,7b379c36f5838d191948f27a196c893415ce3a2726b710ef5b0d92351e57efde,3271,STATIC_ROOT_SHAPE_PASS,0 0 620 300,xMidYMid meet,"{""svg"":1,""circle"":5,""ellipse"":0,""line"":17,""polyline"":0,""polygon"":0,""path"":1,""rect"":1,""text"":10,""g"":1,""defs"":0,""use"":0,""image"":0,""foreignObject"":0,""script"":0}",,,10,42bcb38b4c877d6e9bc7f255957b75d992695e8b2f820e94afc2dd9baa3dd8ca
archive/assets/images/25_효천고_2학기_중간_고1_기출/q12-solution.svg,97f50d5f79ba9fbefa5988bff8da49a98b9a037da137b8a0100172e971a95d61,11578,STATIC_ROOT_SHAPE_PASS,0 0 940 480,xMidYMid meet,"{""svg"":1,""circle"":2,""ellipse"":0,""line"":27,""polyline"":2,""polygon"":0,""path"":1,""rect"":3,""text"":10,""g"":2,""defs"":1,""use"":0,""image"":0,""foreignObject"":0,""script"":0}",,,10,9fe40c20e7f41cc1064ef5d9abd0d60cdd7ea48d23e41ef6e1bc33ce811c19ad
archive/assets/images/25_효천고_2학기_중간_고1_기출/q13-solution.svg,7da40fdcb471109a91dec56341bb207c96c87a23b31b53e6ac1b704e989d7a30,8911,STATIC_ROOT_SHAPE_PASS,0 0 940 480,xMidYMid meet,"{""svg"":1,""circle"":9,""ellipse"":0,""line"":39,""polyline"":0,""polygon"":2,""path"":1,""rect"":3,""text"":22,""g"":9,""defs"":1,""use"":0,""image"":0,""foreignObject"":0,""script"":0}",,,22,4f5f48bd22e6815d1ddae7c7b4e6ae1ac6b4dec67f07bd0ec2fe7361590ca244
archive/assets/images/25_효천고_2학기_중간_고1_기출/q14-solution.svg,e8a8f0c2fe84a20ec06f6cf34a50b44dbd291dae7f8496e72b6bc600407411ad,3253,STATIC_ROOT_SHAPE_PASS,0 0 720 360,xMidYMid meet,"{""svg"":1,""circle"":4,""ellipse"":0,""line"":10,""polyline"":0,""polygon"":1,""path"":0,""rect"":3,""text"":14,""g"":0,""defs"":0,""use"":0,""image"":0,""foreignObject"":0,""script"":0}",,,14,646960e0a1056b3fcd3a195adb669a249be81e9ce9ca9588ddfe510435d029e9
archive/assets/images/25_효천고_2학기_중간_고1_기출/q17-solution.svg,b0c7e00130a0213f97cf9865cff041ecc9439eab8a3a344b94eaf5f8592d0269,5097,STATIC_ROOT_SHAPE_PASS,0 0 940 480,xMidYMid meet,"{""svg"":1,""circle"":2,""ellipse"":0,""line"":31,""polyline"":0,""polygon"":0,""path"":1,""rect"":3,""text"":11,""g"":1,""defs"":1,""use"":0,""image"":0,""foreignObject"":0,""script"":0}",,,11,4700fe669411456da594a94034d76c5d47177c674bdea7c8fca358cf789f0e3d
archive/assets/images/25_효천고_2학기_중간_고1_기출/q18-solution.svg,246de1cb1700c3cc6a4728d1c02411bef19c7b6b3f9f64d2c900d08e501d9523,7591,STATIC_ROOT_SHAPE_PASS,0 0 940 480,xMidYMid meet,"{""svg"":1,""circle"":10,""ellipse"":0,""line"":28,""polyline"":0,""polygon"":1,""path"":1,""rect"":3,""text"":20,""g"":10,""defs"":1,""use"":0,""image"":0,""foreignObject"":0,""script"":0}",,,20,b5211c1a0a05373c6935f17a8a5709425319eb66fe678e2ce905a877ad4fac8e
archive/assets/images/25_효천고_2학기_중간_고1_기출/q19-solution.svg,dd44dd1bde3f2f44a78f6d683024f9230b06413e1a09b10dfaed54ca61aba1ad,5781,STATIC_ROOT_SHAPE_PASS,0 0 940 480,xMidYMid meet,"{""svg"":1,""circle"":4,""ellipse"":0,""line"":28,""polyline"":0,""polygon"":0,""path"":1,""rect"":3,""text"":17,""g"":4,""defs"":1,""use"":0,""image"":0,""foreignObject"":0,""script"":0}",,,17,6467a5d404440a95d49cd83513a05c4c33ac1c4fe7cfe0106cc01ee9cd00a065
archive/assets/images/25_효천고_2학기_중간_고1_기출/q20-solution.svg,2cc8aa65641bd3d25d299cf3cbb9327cfc9312f9ac740714847836edc4e528d8,1711,STATIC_ROOT_SHAPE_PASS,0 0 760 320,,"{""svg"":1,""circle"":2,""ellipse"":0,""line"":0,""polyline"":0,""polygon"":0,""path"":0,""rect"":3,""text"":12,""g"":0,""defs"":0,""use"":0,""image"":0,""foreignObject"":0,""script"":0}",,,12,1fa8ea12b971698390d6380ab791a289dbacf011ca7b126b2ccd33d5d1caf240
archive/assets/images/25_효천고_2학기_중간_고1_기출/q21-solution.svg,f32a1f39556571ebcfaa8c04404a56cb767b9bf73b319b8c3c6bdacb70057ab7,2905,STATIC_ROOT_SHAPE_PASS,0 0 720 360,xMidYMid meet,"{""svg"":1,""circle"":4,""ellipse"":0,""line"":5,""polyline"":0,""polygon"":0,""path"":0,""rect"":3,""text"":14,""g"":0,""defs"":0,""use"":0,""image"":0,""foreignObject"":0,""script"":0}",,,14,67ac8b8536a37a22f8ddaaf7a417db5d1911fc5d766aeddd0290cdfc71be3895
archive/assets/images/25_효천고_2학기_중간_고1_기출/q22-solution.svg,5c5cd436769f5b4c822d3cc85223b324039dbf0b202e2a6437ff321ccc83d248,2552,STATIC_ROOT_SHAPE_PASS,0 0 560 300,xMidYMid meet,"{""svg"":1,""circle"":5,""ellipse"":0,""line"":13,""polyline"":0,""polygon"":0,""path"":1,""rect"":1,""text"":8,""g"":1,""defs"":0,""use"":0,""image"":0,""foreignObject"":0,""script"":0}",,,8,c52ac95a4b59d7e4be8fa35cbf8efaeba27e5a8a6e0e8c2c06840281b970efaf
archive/assets/images/25_효천고_2학기_중간_고1_기출/q23-solution.svg,bf6c980a9bfd49b697052494511844dd5eaf57b20f37e32097a563a4241aa7ea,5896,STATIC_ROOT_SHAPE_PASS,0 0 940 480,xMidYMid meet,"{""svg"":1,""circle"":4,""ellipse"":0,""line"":29,""polyline"":0,""polygon"":0,""path"":1,""rect"":3,""text"":16,""g"":3,""defs"":1,""use"":0,""image"":0,""foreignObject"":0,""script"":0}",,,16,34e037d994d5be4c779c2a8a07c66f5e2b540ce166b84ee253c240f82239d4f7
