questionUid,sourceJsPath,id,assetRefs,expectedFactHash,observedFactHash,numericParity,semanticParity,styleLintStatus,renderStatus,finalVerdict
archive/exams/original/high/h1/1final/22_금당고_1학기_기말_고1_기출.js|22_금당고_1학기_기말_고1_기출|1,archive/exams/original/high/h1/1final/22_금당고_1학기_기말_고1_기출.js,1,[object Object],,dc71340e8d852cd55f6e6e545a07d3f8c27753a862dc230564098aaecbd49509,NOT_STARTED,NOT_STARTED,STATIC_OBSERVATION_PENDING,NOT_TESTED,NOT_REVIEWED
archive/exams/original/high/h1/1final/22_금당고_1학기_기말_고1_기출.js|22_금당고_1학기_기말_고1_기출|3,archive/exams/original/high/h1/1final/22_금당고_1학기_기말_고1_기출.js,3,[object Object],,8e56d3d3bb434e079bb93f013e3b14f6bcf7e9ae7105f81dc8d15601163b9374,NOT_STARTED,NOT_STARTED,STATIC_OBSERVATION_PENDING,NOT_TESTED,NOT_REVIEWED
archive/exams/original/high/h1/1final/22_금당고_1학기_기말_고1_기출.js|22_금당고_1학기_기말_고1_기출|4,archive/exams/original/high/h1/1final/22_금당고_1학기_기말_고1_기출.js,4,[object Object],,f49a064372389751339293ac900cd84ca41c74782d2028db94f6aa7bd87a9100,NOT_STARTED,NOT_STARTED,STATIC_OBSERVATION_PENDING,NOT_TESTED,NOT_REVIEWED
archive/exams/original/high/h1/1final/22_금당고_1학기_기말_고1_기출.js|22_금당고_1학기_기말_고1_기출|6,archive/exams/original/high/h1/1final/22_금당고_1학기_기말_고1_기출.js,6,[object Object],,554db3d15962f6c404fa894c7d608417ccbacc16a768cbe3c2b712cc6e577536,NOT_STARTED,NOT_STARTED,STATIC_OBSERVATION_PENDING,NOT_TESTED,NOT_REVIEWED
archive/exams/original/high/h1/1final/22_금당고_1학기_기말_고1_기출.js|22_금당고_1학기_기말_고1_기출|7,archive/exams/original/high/h1/1final/22_금당고_1학기_기말_고1_기출.js,7,[object Object],,87c01ed5c5980343db0bd7e2966fc84df961bf8f8c1ebdf0fda3c866a18bc1de,NOT_STARTED,NOT_STARTED,STATIC_OBSERVATION_PENDING,NOT_TESTED,NOT_REVIEWED
archive/exams/original/high/h1/1final/22_금당고_1학기_기말_고1_기출.js|22_금당고_1학기_기말_고1_기출|9,archive/exams/original/high/h1/1final/22_금당고_1학기_기말_고1_기출.js,9,[object Object],,4ed3ccfd56c9096eeae48e6ff0bb573d6498e416a5e67f9410c5db06af129236,NOT_STARTED,NOT_STARTED,STATIC_OBSERVATION_PENDING,NOT_TESTED,NOT_REVIEWED
archive/exams/original/high/h1/1final/22_금당고_1학기_기말_고1_기출.js|22_금당고_1학기_기말_고1_기출|11,archive/exams/original/high/h1/1final/22_금당고_1학기_기말_고1_기출.js,11,[object Object],,fa1c7679cf72473ec1082c6e85789da570f4438af19521a4fd8e4bceb9d33696,NOT_STARTED,NOT_STARTED,STATIC_OBSERVATION_PENDING,NOT_TESTED,NOT_REVIEWED
archive/exams/original/high/h1/1final/22_금당고_1학기_기말_고1_기출.js|22_금당고_1학기_기말_고1_기출|12,archive/exams/original/high/h1/1final/22_금당고_1학기_기말_고1_기출.js,12,[object Object],,151d219251379e9a54d1c36337e3ec308f4155e3c8adebdd8b056acb8d2246b6,NOT_STARTED,NOT_STARTED,STATIC_OBSERVATION_PENDING,NOT_TESTED,NOT_REVIEWED
archive/exams/original/high/h1/1final/22_금당고_1학기_기말_고1_기출.js|22_금당고_1학기_기말_고1_기출|13,archive/exams/original/high/h1/1final/22_금당고_1학기_기말_고1_기출.js,13,[object Object],,5ce8242a2397e1dfdc0323233199e35ea4bbed8a025fd9670bd65287f19b3d86,NOT_STARTED,NOT_STARTED,STATIC_OBSERVATION_PENDING,NOT_TESTED,NOT_REVIEWED
archive/exams/original/high/h1/1final/22_금당고_1학기_기말_고1_기출.js|22_금당고_1학기_기말_고1_기출|14,archive/exams/original/high/h1/1final/22_금당고_1학기_기말_고1_기출.js,14,[object Object],,eac664a4b01f00eae046a3eede363728d4c707d6a7d399dc0dfac8eaacfe5a50,NOT_STARTED,NOT_STARTED,STATIC_OBSERVATION_PENDING,NOT_TESTED,NOT_REVIEWED
archive/exams/original/high/h1/1final/22_금당고_1학기_기말_고1_기출.js|22_금당고_1학기_기말_고1_기출|16,archive/exams/original/high/h1/1final/22_금당고_1학기_기말_고1_기출.js,16,[object Object]|[object Object],,b2f00b2c17256e261d9da9b6caeea4a4965ba188adf11b250be010ea3fc687d4,NOT_STARTED,NOT_STARTED,STATIC_OBSERVATION_PENDING,NOT_TESTED,NOT_REVIEWED
archive/exams/original/high/h1/1final/22_금당고_1학기_기말_고1_기출.js|22_금당고_1학기_기말_고1_기출|19,archive/exams/original/high/h1/1final/22_금당고_1학기_기말_고1_기출.js,19,[object Object],,0e89a03c46e198d91d4854873e2684eb113ccea242fddc0973ad3050119cd687,NOT_STARTED,NOT_STARTED,STATIC_OBSERVATION_PENDING,NOT_TESTED,NOT_REVIEWED
archive/exams/original/high/h1/1final/22_금당고_1학기_기말_고1_기출.js|22_금당고_1학기_기말_고1_기출|20,archive/exams/original/high/h1/1final/22_금당고_1학기_기말_고1_기출.js,20,[object Object],,6c98d676e50b90b2bec413aec86503504e3b3b024f6f463c3c6589366949b7d7,NOT_STARTED,NOT_STARTED,STATIC_OBSERVATION_PENDING,NOT_TESTED,NOT_REVIEWED
archive/exams/original/high/h1/1final/22_금당고_1학기_기말_고1_기출.js|22_금당고_1학기_기말_고1_기출|21,archive/exams/original/high/h1/1final/22_금당고_1학기_기말_고1_기출.js,21,[object Object],,76364cee551a8e0b145de9682081ba28b29cb5f486894fe06c362aff717cf8ea,NOT_STARTED,NOT_STARTED,STATIC_OBSERVATION_PENDING,NOT_TESTED,NOT_REVIEWED
archive/exams/original/high/h1/1final/22_매산고_1학기_기말_고1_기출.js|22_매산고_1학기_기말_고1_기출|2,archive/exams/original/high/h1/1final/22_매산고_1학기_기말_고1_기출.js,2,[object Object],,49c7d77ffdaa6e50b8ee3be4394a2709787fb0e29a269f09863a66bb030ecc6a,NOT_STARTED,NOT_STARTED,STATIC_OBSERVATION_PENDING,NOT_TESTED,NOT_REVIEWED
archive/exams/original/high/h1/1final/22_매산고_1학기_기말_고1_기출.js|22_매산고_1학기_기말_고1_기출|4,archive/exams/original/high/h1/1final/22_매산고_1학기_기말_고1_기출.js,4,[object Object],,50f9475adefd26594a6a1abfe3d3bfbae0b688ce09d321b93fab71c13903ee8f,NOT_STARTED,NOT_STARTED,STATIC_OBSERVATION_PENDING,NOT_TESTED,NOT_REVIEWED
archive/exams/original/high/h1/1final/22_매산고_1학기_기말_고1_기출.js|22_매산고_1학기_기말_고1_기출|5,archive/exams/original/high/h1/1final/22_매산고_1학기_기말_고1_기출.js,5,[object Object],,4909fb88b10023d54438afe88cfb358b37ce311ec32d41fe52008b53aa452323,NOT_STARTED,NOT_STARTED,STATIC_OBSERVATION_PENDING,NOT_TESTED,NOT_REVIEWED
archive/exams/original/high/h1/1final/22_매산고_1학기_기말_고1_기출.js|22_매산고_1학기_기말_고1_기출|6,archive/exams/original/high/h1/1final/22_매산고_1학기_기말_고1_기출.js,6,[object Object],,86dcbdad0a8c7b95904bf241a0c6b3034e9c236285ed8f225641b91c23de4c2a,NOT_STARTED,NOT_STARTED,STATIC_OBSERVATION_PENDING,NOT_TESTED,NOT_REVIEWED
archive/exams/original/high/h1/1final/22_매산고_1학기_기말_고1_기출.js|22_매산고_1학기_기말_고1_기출|7,archive/exams/original/high/h1/1final/22_매산고_1학기_기말_고1_기출.js,7,[object Object],,6b10bd5ca3dc0577e566b6cb3e8031a3f09272d042d0e13b11db4cabdc7714fb,NOT_STARTED,NOT_STARTED,STATIC_OBSERVATION_PENDING,NOT_TESTED,NOT_REVIEWED
archive/exams/original/high/h1/1final/22_매산고_1학기_기말_고1_기출.js|22_매산고_1학기_기말_고1_기출|8,archive/exams/original/high/h1/1final/22_매산고_1학기_기말_고1_기출.js,8,[object Object],,c268b247c6df98327744e8d8823c5ea393e86b47b699c080b34f3fdcedbccd68,NOT_STARTED,NOT_STARTED,STATIC_OBSERVATION_PENDING,NOT_TESTED,NOT_REVIEWED
archive/exams/original/high/h1/1final/22_매산고_1학기_기말_고1_기출.js|22_매산고_1학기_기말_고1_기출|9,archive/exams/original/high/h1/1final/22_매산고_1학기_기말_고1_기출.js,9,[object Object],,e0d414a9f330caf31b42fd1de3a63a69b476cff5e22f76babbfb35ec752574a5,NOT_STARTED,NOT_STARTED,STATIC_OBSERVATION_PENDING,NOT_TESTED,NOT_REVIEWED
archive/exams/original/high/h1/1final/22_매산고_1학기_기말_고1_기출.js|22_매산고_1학기_기말_고1_기출|10,archive/exams/original/high/h1/1final/22_매산고_1학기_기말_고1_기출.js,10,[object Object],,15fdaa23df5a1b3e9067de4b8a6dc21cd40b377aef4fb844563644c9144c7705,NOT_STARTED,NOT_STARTED,STATIC_OBSERVATION_PENDING,NOT_TESTED,NOT_REVIEWED
archive/exams/original/high/h1/1final/22_매산고_1학기_기말_고1_기출.js|22_매산고_1학기_기말_고1_기출|12,archive/exams/original/high/h1/1final/22_매산고_1학기_기말_고1_기출.js,12,[object Object]|[object Object],,9998a415f964b5a8b0eb17c57b93207d7fd630e2c3ca1c30b9d98ad65f5835bd,NOT_STARTED,NOT_STARTED,STATIC_OBSERVATION_PENDING,NOT_TESTED,NOT_REVIEWED
archive/exams/original/high/h1/1final/22_매산고_1학기_기말_고1_기출.js|22_매산고_1학기_기말_고1_기출|13,archive/exams/original/high/h1/1final/22_매산고_1학기_기말_고1_기출.js,13,[object Object],,85c23ee9e5bbcc1afe68e86bf751d2ec6d944c6aa9b3381fe6654864a62fc71e,NOT_STARTED,NOT_STARTED,STATIC_OBSERVATION_PENDING,NOT_TESTED,NOT_REVIEWED
archive/exams/original/high/h1/1final/22_매산고_1학기_기말_고1_기출.js|22_매산고_1학기_기말_고1_기출|14,archive/exams/original/high/h1/1final/22_매산고_1학기_기말_고1_기출.js,14,[object Object],,af4b21abe898fa6cebbf0c0570a55247443862123cd4c50389708ec0dc529a3c,NOT_STARTED,NOT_STARTED,STATIC_OBSERVATION_PENDING,NOT_TESTED,NOT_REVIEWED
archive/exams/original/high/h1/1final/22_매산고_1학기_기말_고1_기출.js|22_매산고_1학기_기말_고1_기출|15,archive/exams/original/high/h1/1final/22_매산고_1학기_기말_고1_기출.js,15,[object Object]|[object Object],,cd359462f504edea3d90a354f4d5367c61e48e499a27b3ce032749b2cd283ac2,NOT_STARTED,NOT_STARTED,STATIC_OBSERVATION_PENDING,NOT_TESTED,NOT_REVIEWED
archive/exams/original/high/h1/1final/22_매산고_1학기_기말_고1_기출.js|22_매산고_1학기_기말_고1_기출|17,archive/exams/original/high/h1/1final/22_매산고_1학기_기말_고1_기출.js,17,[object Object]|[object Object],,b5aa4878a612ec0a1ac0c6252f95cfe2cae7d48556cb7e08ea9940d0bc529179,NOT_STARTED,NOT_STARTED,STATIC_OBSERVATION_PENDING,NOT_TESTED,NOT_REVIEWED
archive/exams/original/high/h1/1final/22_매산고_1학기_기말_고1_기출.js|22_매산고_1학기_기말_고1_기출|18,archive/exams/original/high/h1/1final/22_매산고_1학기_기말_고1_기출.js,18,[object Object],,90d378878e8dffa4a8eda78b9015869d88c9eaa74cce3981f5f4ca92e9722379,NOT_STARTED,NOT_STARTED,STATIC_OBSERVATION_PENDING,NOT_TESTED,NOT_REVIEWED
archive/exams/original/high/h1/1final/22_매산고_1학기_기말_고1_기출.js|22_매산고_1학기_기말_고1_기출|19,archive/exams/original/high/h1/1final/22_매산고_1학기_기말_고1_기출.js,19,[object Object],,0b8ee9a31a7db3edcfeb4abaed73dd2393f4ad3ddc45bbbaf5325ca6094b09a1,NOT_STARTED,NOT_STARTED,STATIC_OBSERVATION_PENDING,NOT_TESTED,NOT_REVIEWED
archive/exams/original/high/h1/1final/22_매산고_1학기_기말_고1_기출.js|22_매산고_1학기_기말_고1_기출|20,archive/exams/original/high/h1/1final/22_매산고_1학기_기말_고1_기출.js,20,[object Object],,6ea8c5d000e9b5ec9058372bc8b9b53e2140912126ff4475f683e8cc53d12d35,NOT_STARTED,NOT_STARTED,STATIC_OBSERVATION_PENDING,NOT_TESTED,NOT_REVIEWED
archive/exams/original/high/h1/1final/22_복성고_1학기_기말_고1_기출.js|22_복성고_1학기_기말_고1_기출|1,archive/exams/original/high/h1/1final/22_복성고_1학기_기말_고1_기출.js,1,[object Object],,a3698cf409cf4d7f8c4eadc3bea3e5222da9913d9cf52cde1d08b2f42647ace3,NOT_STARTED,NOT_STARTED,STATIC_OBSERVATION_PENDING,NOT_TESTED,NOT_REVIEWED
archive/exams/original/high/h1/1final/22_복성고_1학기_기말_고1_기출.js|22_복성고_1학기_기말_고1_기출|3,archive/exams/original/high/h1/1final/22_복성고_1학기_기말_고1_기출.js,3,[object Object],,4d0b07f9021df83356c78f107b38ba45b3e12ee43c55bcb25d22f07aec12791b,NOT_STARTED,NOT_STARTED,STATIC_OBSERVATION_PENDING,NOT_TESTED,NOT_REVIEWED
archive/exams/original/high/h1/1final/22_복성고_1학기_기말_고1_기출.js|22_복성고_1학기_기말_고1_기출|9,archive/exams/original/high/h1/1final/22_복성고_1학기_기말_고1_기출.js,9,[object Object],,aa50bb8db176693687cab008c360145b6fd65c8a551b1898cb23315887300657,NOT_STARTED,NOT_STARTED,STATIC_OBSERVATION_PENDING,NOT_TESTED,NOT_REVIEWED
archive/exams/original/high/h1/1final/22_복성고_1학기_기말_고1_기출.js|22_복성고_1학기_기말_고1_기출|11,archive/exams/original/high/h1/1final/22_복성고_1학기_기말_고1_기출.js,11,[object Object]|[object Object],,287d083708a819928ce982070ef315ee75e7cbcdb9f68461518187ceb916bbde,NOT_STARTED,NOT_STARTED,STATIC_OBSERVATION_PENDING,NOT_TESTED,NOT_REVIEWED
archive/exams/original/high/h1/1final/22_복성고_1학기_기말_고1_기출.js|22_복성고_1학기_기말_고1_기출|12,archive/exams/original/high/h1/1final/22_복성고_1학기_기말_고1_기출.js,12,[object Object],,48f9f40afc79442c6dcc9b72b32adbdd932c35384bf68117a5a9f14020b3b681,NOT_STARTED,NOT_STARTED,STATIC_OBSERVATION_PENDING,NOT_TESTED,NOT_REVIEWED
archive/exams/original/high/h1/1final/22_복성고_1학기_기말_고1_기출.js|22_복성고_1학기_기말_고1_기출|15,archive/exams/original/high/h1/1final/22_복성고_1학기_기말_고1_기출.js,15,[object Object],,4792cd4f037bb63e0ff6b3b99f4a53aa029a2a392c3d09d93b974a785f104dfd,NOT_STARTED,NOT_STARTED,STATIC_OBSERVATION_PENDING,NOT_TESTED,NOT_REVIEWED
archive/exams/original/high/h1/1final/22_복성고_1학기_기말_고1_기출.js|22_복성고_1학기_기말_고1_기출|16,archive/exams/original/high/h1/1final/22_복성고_1학기_기말_고1_기출.js,16,[object Object],,689525c8cc6ce67573d6a42acf92a587733a69dffd05ccfbe3ee0a0490afe869,NOT_STARTED,NOT_STARTED,STATIC_OBSERVATION_PENDING,NOT_TESTED,NOT_REVIEWED
archive/exams/original/high/h1/1final/22_순천여고_1학기_기말_고1_기출.js|22_순천여고_1학기_기말_고1_기출|3,archive/exams/original/high/h1/1final/22_순천여고_1학기_기말_고1_기출.js,3,[object Object],,9e33a0ebaa97404d2a57e7504de87ce7a26130958c6981c83d6e9aa0120e197d,NOT_STARTED,NOT_STARTED,STATIC_OBSERVATION_PENDING,NOT_TESTED,NOT_REVIEWED
archive/exams/original/high/h1/1final/22_순천여고_1학기_기말_고1_기출.js|22_순천여고_1학기_기말_고1_기출|4,archive/exams/original/high/h1/1final/22_순천여고_1학기_기말_고1_기출.js,4,[object Object],,ce6442e2282a20a1edf88ece7bb5779e8ef853f5a193c95667aa0401bc083709,NOT_STARTED,NOT_STARTED,STATIC_OBSERVATION_PENDING,NOT_TESTED,NOT_REVIEWED
archive/exams/original/high/h1/1final/22_순천여고_1학기_기말_고1_기출.js|22_순천여고_1학기_기말_고1_기출|5,archive/exams/original/high/h1/1final/22_순천여고_1학기_기말_고1_기출.js,5,[object Object],,9cced87fc10d5bf32ae70c7cc003323e8c184f89453ff9cfee79879ca05dfb9a,NOT_STARTED,NOT_STARTED,STATIC_OBSERVATION_PENDING,NOT_TESTED,NOT_REVIEWED
archive/exams/original/high/h1/1final/22_순천여고_1학기_기말_고1_기출.js|22_순천여고_1학기_기말_고1_기출|6,archive/exams/original/high/h1/1final/22_순천여고_1학기_기말_고1_기출.js,6,[object Object],,d52f8e9c48b5d27e120b1cc856343a7b7ec35e2183dd94725e28d7c9523880ae,NOT_STARTED,NOT_STARTED,STATIC_OBSERVATION_PENDING,NOT_TESTED,NOT_REVIEWED
archive/exams/original/high/h1/1final/22_순천여고_1학기_기말_고1_기출.js|22_순천여고_1학기_기말_고1_기출|7,archive/exams/original/high/h1/1final/22_순천여고_1학기_기말_고1_기출.js,7,[object Object],,ca38578d43c9489882158669ba5e7fdfaaaa03145e66e1d6a4b6bb168b47965b,NOT_STARTED,NOT_STARTED,STATIC_OBSERVATION_PENDING,NOT_TESTED,NOT_REVIEWED
archive/exams/original/high/h1/1final/22_순천여고_1학기_기말_고1_기출.js|22_순천여고_1학기_기말_고1_기출|8,archive/exams/original/high/h1/1final/22_순천여고_1학기_기말_고1_기출.js,8,[object Object],,78ec9e04754e5b69c3e51d550003a71639f8b2517d39284b0fe1176bab7cfc5e,NOT_STARTED,NOT_STARTED,STATIC_OBSERVATION_PENDING,NOT_TESTED,NOT_REVIEWED
archive/exams/original/high/h1/1final/22_순천여고_1학기_기말_고1_기출.js|22_순천여고_1학기_기말_고1_기출|9,archive/exams/original/high/h1/1final/22_순천여고_1학기_기말_고1_기출.js,9,[object Object],,524dade9e43e0d7bc2ede709e4cab62ae6765c6010804f86621839858b44c63f,NOT_STARTED,NOT_STARTED,STATIC_OBSERVATION_PENDING,NOT_TESTED,NOT_REVIEWED
archive/exams/original/high/h1/1final/22_순천여고_1학기_기말_고1_기출.js|22_순천여고_1학기_기말_고1_기출|10,archive/exams/original/high/h1/1final/22_순천여고_1학기_기말_고1_기출.js,10,[object Object],,689e74cde19bc205d3074cc1013e323444e1f8f321400f44db9d062aa30e3ee4,NOT_STARTED,NOT_STARTED,STATIC_OBSERVATION_PENDING,NOT_TESTED,NOT_REVIEWED
archive/exams/original/high/h1/1final/22_순천여고_1학기_기말_고1_기출.js|22_순천여고_1학기_기말_고1_기출|12,archive/exams/original/high/h1/1final/22_순천여고_1학기_기말_고1_기출.js,12,[object Object],,9743054d0c488f0e89fee8e0c21b9d2200055ad8309c8258a85d31277e6c7e27,NOT_STARTED,NOT_STARTED,STATIC_OBSERVATION_PENDING,NOT_TESTED,NOT_REVIEWED
archive/exams/original/high/h1/1final/22_순천여고_1학기_기말_고1_기출.js|22_순천여고_1학기_기말_고1_기출|16,archive/exams/original/high/h1/1final/22_순천여고_1학기_기말_고1_기출.js,16,[object Object]|[object Object],,889ef0a9c0dcc5cdd6549ffdba2bfd385c321fac61453470a5eba3e0be083213,NOT_STARTED,NOT_STARTED,STATIC_OBSERVATION_PENDING,NOT_TESTED,NOT_REVIEWED
archive/exams/original/high/h1/1final/22_순천여고_1학기_기말_고1_기출.js|22_순천여고_1학기_기말_고1_기출|17,archive/exams/original/high/h1/1final/22_순천여고_1학기_기말_고1_기출.js,17,[object Object],,c09deed8b44b5d157b8d67dc93e2a4e13da8e7f2ce77588609937d0a22bb104a,NOT_STARTED,NOT_STARTED,STATIC_OBSERVATION_PENDING,NOT_TESTED,NOT_REVIEWED
archive/exams/original/high/h1/1final/22_순천여고_1학기_기말_고1_기출.js|22_순천여고_1학기_기말_고1_기출|18,archive/exams/original/high/h1/1final/22_순천여고_1학기_기말_고1_기출.js,18,[object Object]|[object Object],,0519d0245e8e90adab2c7607aca74eb786f0b1d4bfdfff2f71496f5e85f96548,NOT_STARTED,NOT_STARTED,STATIC_OBSERVATION_PENDING,NOT_TESTED,NOT_REVIEWED
archive/exams/original/high/h1/1final/22_순천여고_1학기_기말_고1_기출.js|22_순천여고_1학기_기말_고1_기출|19,archive/exams/original/high/h1/1final/22_순천여고_1학기_기말_고1_기출.js,19,[object Object],,1860c02a7e6e0e571144d1d530a1d9704451ac0f046824e699fe3651f74a0fca,NOT_STARTED,NOT_STARTED,STATIC_OBSERVATION_PENDING,NOT_TESTED,NOT_REVIEWED
archive/exams/original/high/h1/1final/22_순천여고_1학기_기말_고1_기출.js|22_순천여고_1학기_기말_고1_기출|20,archive/exams/original/high/h1/1final/22_순천여고_1학기_기말_고1_기출.js,20,[object Object]|[object Object],,98d26e317a5b02b11bc3d24b59b377ea027d8d30da77fbabc152b078989850f0,NOT_STARTED,NOT_STARTED,STATIC_OBSERVATION_PENDING,NOT_TESTED,NOT_REVIEWED
archive/exams/original/high/h1/1final/22_순천여고_1학기_기말_고1_기출.js|22_순천여고_1학기_기말_고1_기출|23,archive/exams/original/high/h1/1final/22_순천여고_1학기_기말_고1_기출.js,23,[object Object],,5cd8c2e94769ce4337ef8f49ce0999da28ca9f841b6cd2942e966d5576b49c4c,NOT_STARTED,NOT_STARTED,STATIC_OBSERVATION_PENDING,NOT_TESTED,NOT_REVIEWED
archive/exams/original/high/h1/1final/22_제일고_1학기_기말_고1_기출.js|22_제일고_1학기_기말_고1_기출|5,archive/exams/original/high/h1/1final/22_제일고_1학기_기말_고1_기출.js,5,[object Object],,7bee541dcc4d3d08998c2de3920cbb3e5f44212a3466d8ceb3d59d08be903497,NOT_STARTED,NOT_STARTED,STATIC_OBSERVATION_PENDING,NOT_TESTED,NOT_REVIEWED
archive/exams/original/high/h1/1final/22_제일고_1학기_기말_고1_기출.js|22_제일고_1학기_기말_고1_기출|6,archive/exams/original/high/h1/1final/22_제일고_1학기_기말_고1_기출.js,6,[object Object],,c40faa6b92ec2eefc983d10aac417c3f8f65a253e83a641e29e3bbec78d34e36,NOT_STARTED,NOT_STARTED,STATIC_OBSERVATION_PENDING,NOT_TESTED,NOT_REVIEWED
archive/exams/original/high/h1/1final/22_제일고_1학기_기말_고1_기출.js|22_제일고_1학기_기말_고1_기출|7,archive/exams/original/high/h1/1final/22_제일고_1학기_기말_고1_기출.js,7,[object Object],,ccf488882e17620114b63ea39d140d4d883895f84413f3df855d348f9438a2a2,NOT_STARTED,NOT_STARTED,STATIC_OBSERVATION_PENDING,NOT_TESTED,NOT_REVIEWED
archive/exams/original/high/h1/1final/22_제일고_1학기_기말_고1_기출.js|22_제일고_1학기_기말_고1_기출|8,archive/exams/original/high/h1/1final/22_제일고_1학기_기말_고1_기출.js,8,[object Object],,8872f5acb0e34dc57256822369e5e1af564263b0cf92b7702d66da3c92183617,NOT_STARTED,NOT_STARTED,STATIC_OBSERVATION_PENDING,NOT_TESTED,NOT_REVIEWED
archive/exams/original/high/h1/1final/22_제일고_1학기_기말_고1_기출.js|22_제일고_1학기_기말_고1_기출|9,archive/exams/original/high/h1/1final/22_제일고_1학기_기말_고1_기출.js,9,[object Object]|[object Object],,15591a5ced2a606f44436db360cbe7e019aa9d95574aaa928f3f5699745166df,NOT_STARTED,NOT_STARTED,STATIC_OBSERVATION_PENDING,NOT_TESTED,NOT_REVIEWED
archive/exams/original/high/h1/1final/22_제일고_1학기_기말_고1_기출.js|22_제일고_1학기_기말_고1_기출|10,archive/exams/original/high/h1/1final/22_제일고_1학기_기말_고1_기출.js,10,[object Object],,56c0afd661837df151b0db400840dff57302ee2ceb476741a5170d4d69ce11e8,NOT_STARTED,NOT_STARTED,STATIC_OBSERVATION_PENDING,NOT_TESTED,NOT_REVIEWED
archive/exams/original/high/h1/1final/22_제일고_1학기_기말_고1_기출.js|22_제일고_1학기_기말_고1_기출|11,archive/exams/original/high/h1/1final/22_제일고_1학기_기말_고1_기출.js,11,[object Object],,7758cd796c7a14550c8eda62c28c88b7d5f580b0d4d63e76f531a97779fc23d9,NOT_STARTED,NOT_STARTED,STATIC_OBSERVATION_PENDING,NOT_TESTED,NOT_REVIEWED
archive/exams/original/high/h1/1final/22_제일고_1학기_기말_고1_기출.js|22_제일고_1학기_기말_고1_기출|12,archive/exams/original/high/h1/1final/22_제일고_1학기_기말_고1_기출.js,12,[object Object],,6774b53c316ff5e89ba7017e7cd69cee8cd168c53431d1b8a8039e9478562317,NOT_STARTED,NOT_STARTED,STATIC_OBSERVATION_PENDING,NOT_TESTED,NOT_REVIEWED
archive/exams/original/high/h1/1final/22_제일고_1학기_기말_고1_기출.js|22_제일고_1학기_기말_고1_기출|13,archive/exams/original/high/h1/1final/22_제일고_1학기_기말_고1_기출.js,13,[object Object],,0455a486f155b6d9b1376fce3bef69f22e9cf21ebb21f0b400086635fe83f44d,NOT_STARTED,NOT_STARTED,STATIC_OBSERVATION_PENDING,NOT_TESTED,NOT_REVIEWED
archive/exams/original/high/h1/1final/22_제일고_1학기_기말_고1_기출.js|22_제일고_1학기_기말_고1_기출|14,archive/exams/original/high/h1/1final/22_제일고_1학기_기말_고1_기출.js,14,[object Object],,b85fb965676ffa60146461761a1705f49128bff5f69cd952e7be6eea8016c770,NOT_STARTED,NOT_STARTED,STATIC_OBSERVATION_PENDING,NOT_TESTED,NOT_REVIEWED
archive/exams/original/high/h1/1final/22_제일고_1학기_기말_고1_기출.js|22_제일고_1학기_기말_고1_기출|15,archive/exams/original/high/h1/1final/22_제일고_1학기_기말_고1_기출.js,15,[object Object],,5bc768439942a370543277938a372bb01bd2ea9988ed9828ffd4b3c941240b49,NOT_STARTED,NOT_STARTED,STATIC_OBSERVATION_PENDING,NOT_TESTED,NOT_REVIEWED
archive/exams/original/high/h1/1final/22_제일고_1학기_기말_고1_기출.js|22_제일고_1학기_기말_고1_기출|16,archive/exams/original/high/h1/1final/22_제일고_1학기_기말_고1_기출.js,16,[object Object],,beda87330b8a9fb479be2f01fe45e25905919118d22482a30e0dc5cf3cfcdd5c,NOT_STARTED,NOT_STARTED,STATIC_OBSERVATION_PENDING,NOT_TESTED,NOT_REVIEWED
archive/exams/original/high/h1/1final/22_제일고_1학기_기말_고1_기출.js|22_제일고_1학기_기말_고1_기출|17,archive/exams/original/high/h1/1final/22_제일고_1학기_기말_고1_기출.js,17,[object Object],,3e85b01254c7c43e139762a825efc5904b079804d19b69b2bd9a32b03f63eec4,NOT_STARTED,NOT_STARTED,STATIC_OBSERVATION_PENDING,NOT_TESTED,NOT_REVIEWED
archive/exams/original/high/h1/1final/22_제일고_1학기_기말_고1_기출.js|22_제일고_1학기_기말_고1_기출|18,archive/exams/original/high/h1/1final/22_제일고_1학기_기말_고1_기출.js,18,[object Object]|[object Object],,600aba9d97d51d24d9921c38cbd072b3574b96980c62fc9d77db0f9eb7e0967a,NOT_STARTED,NOT_STARTED,STATIC_OBSERVATION_PENDING,NOT_TESTED,NOT_REVIEWED
archive/exams/original/high/h1/1final/22_제일고_1학기_기말_고1_기출.js|22_제일고_1학기_기말_고1_기출|20,archive/exams/original/high/h1/1final/22_제일고_1학기_기말_고1_기출.js,20,[object Object],,418b455472b128a06519e21fcb9cd6b9eb3b97a5f940733b660140816999b269,NOT_STARTED,NOT_STARTED,STATIC_OBSERVATION_PENDING,NOT_TESTED,NOT_REVIEWED
archive/exams/original/high/h1/1final/22_제일고_1학기_기말_고1_기출.js|22_제일고_1학기_기말_고1_기출|21,archive/exams/original/high/h1/1final/22_제일고_1학기_기말_고1_기출.js,21,[object Object],,4be49f54888c63ea2295ba8ba3b672255f6304b866cccaf07723aebe92b984b4,NOT_STARTED,NOT_STARTED,STATIC_OBSERVATION_PENDING,NOT_TESTED,NOT_REVIEWED
archive/exams/original/high/h1/1final/22_제일고_1학기_기말_고1_기출.js|22_제일고_1학기_기말_고1_기출|22,archive/exams/original/high/h1/1final/22_제일고_1학기_기말_고1_기출.js,22,[object Object],,222f0ff7a22dd9c754f3529f5715264f1306b9894da25e7ef72794a3cdcc4299,NOT_STARTED,NOT_STARTED,STATIC_OBSERVATION_PENDING,NOT_TESTED,NOT_REVIEWED
archive/exams/original/high/h1/1final/22_팔마고_1학기_기말_고1_기출.js|22_팔마고_1학기_기말_고1_기출|3,archive/exams/original/high/h1/1final/22_팔마고_1학기_기말_고1_기출.js,3,[object Object],,9194ed4fb2bdec3f86f09ce2cfabf07e3a3653ad16cc189b0f0a84bd6034440a,NOT_STARTED,NOT_STARTED,STATIC_OBSERVATION_PENDING,NOT_TESTED,NOT_REVIEWED
archive/exams/original/high/h1/1final/22_팔마고_1학기_기말_고1_기출.js|22_팔마고_1학기_기말_고1_기출|4,archive/exams/original/high/h1/1final/22_팔마고_1학기_기말_고1_기출.js,4,[object Object],,28ddc0e957b626c88f53f2fb00aa0e3a26fdfe381a342c242af74fbf3f1bb1e5,NOT_STARTED,NOT_STARTED,STATIC_OBSERVATION_PENDING,NOT_TESTED,NOT_REVIEWED
archive/exams/original/high/h1/1final/22_팔마고_1학기_기말_고1_기출.js|22_팔마고_1학기_기말_고1_기출|5,archive/exams/original/high/h1/1final/22_팔마고_1학기_기말_고1_기출.js,5,[object Object],,fbf9cd54f37be5c3f708b6cea311d433ba78525070a87db9ac1a38029dff3347,NOT_STARTED,NOT_STARTED,STATIC_OBSERVATION_PENDING,NOT_TESTED,NOT_REVIEWED
archive/exams/original/high/h1/1final/22_팔마고_1학기_기말_고1_기출.js|22_팔마고_1학기_기말_고1_기출|6,archive/exams/original/high/h1/1final/22_팔마고_1학기_기말_고1_기출.js,6,[object Object],,14c6cfef3fa515d3ebceeab2f86221a5af6a6866635b7393c4abf5f01673c234,NOT_STARTED,NOT_STARTED,STATIC_OBSERVATION_PENDING,NOT_TESTED,NOT_REVIEWED
archive/exams/original/high/h1/1final/22_팔마고_1학기_기말_고1_기출.js|22_팔마고_1학기_기말_고1_기출|7,archive/exams/original/high/h1/1final/22_팔마고_1학기_기말_고1_기출.js,7,[object Object],,1c814b94cc55554988165519ddbb8032b5f8949408ec935feb553b2ffe70e02c,NOT_STARTED,NOT_STARTED,STATIC_OBSERVATION_PENDING,NOT_TESTED,NOT_REVIEWED
archive/exams/original/high/h1/1final/22_팔마고_1학기_기말_고1_기출.js|22_팔마고_1학기_기말_고1_기출|13,archive/exams/original/high/h1/1final/22_팔마고_1학기_기말_고1_기출.js,13,[object Object],,ff1e0c4171b42ccd363dddebb0611363f4af554c3d07058b033880bc9c8817ce,NOT_STARTED,NOT_STARTED,STATIC_OBSERVATION_PENDING,NOT_TESTED,NOT_REVIEWED
archive/exams/original/high/h1/1final/22_팔마고_1학기_기말_고1_기출.js|22_팔마고_1학기_기말_고1_기출|14,archive/exams/original/high/h1/1final/22_팔마고_1학기_기말_고1_기출.js,14,[object Object],,5e1eb9069d7569322888fc7ed06072d58a3ad2c18f28367c79bc568f5c58fb87,NOT_STARTED,NOT_STARTED,STATIC_OBSERVATION_PENDING,NOT_TESTED,NOT_REVIEWED
archive/exams/original/high/h1/1final/22_팔마고_1학기_기말_고1_기출.js|22_팔마고_1학기_기말_고1_기출|15,archive/exams/original/high/h1/1final/22_팔마고_1학기_기말_고1_기출.js,15,[object Object],,2458cf8c656bbe17ba9dece64e7dcfe0e293a42750dbabb62bf415c32c2ee629,NOT_STARTED,NOT_STARTED,STATIC_OBSERVATION_PENDING,NOT_TESTED,NOT_REVIEWED
archive/exams/original/high/h1/1final/22_팔마고_1학기_기말_고1_기출.js|22_팔마고_1학기_기말_고1_기출|17,archive/exams/original/high/h1/1final/22_팔마고_1학기_기말_고1_기출.js,17,[object Object],,0b253773cfbe733b01de8a547a89dd1ef30a89a47f865f38f729d7008af3edf5,NOT_STARTED,NOT_STARTED,STATIC_OBSERVATION_PENDING,NOT_TESTED,NOT_REVIEWED
archive/exams/original/high/h1/1final/22_팔마고_1학기_기말_고1_기출.js|22_팔마고_1학기_기말_고1_기출|19,archive/exams/original/high/h1/1final/22_팔마고_1학기_기말_고1_기출.js,19,[object Object],,3c21b4e3d078e3f9e83bdcbd9ff773238ec6f4e22b67ffd133941df74e7c148e,NOT_STARTED,NOT_STARTED,STATIC_OBSERVATION_PENDING,NOT_TESTED,NOT_REVIEWED
archive/exams/original/high/h1/1final/22_팔마고_1학기_기말_고1_기출.js|22_팔마고_1학기_기말_고1_기출|22,archive/exams/original/high/h1/1final/22_팔마고_1학기_기말_고1_기출.js,22,[object Object],,7afe51d3058c1f25b959db295d3330de80c7f41ad44d0ed66bae07bdc6912444,NOT_STARTED,NOT_STARTED,STATIC_OBSERVATION_PENDING,NOT_TESTED,NOT_REVIEWED
archive/exams/original/high/h1/1final/22_효천고_1학기_기말_고1_기출.js|22_효천고_1학기_기말_고1_기출|1,archive/exams/original/high/h1/1final/22_효천고_1학기_기말_고1_기출.js,1,[object Object],,776a16ec3680d90e02cb752c660bf88eae25f10f3fff98154f4c6781ed9f2f6f,NOT_STARTED,NOT_STARTED,STATIC_OBSERVATION_PENDING,NOT_TESTED,NOT_REVIEWED
archive/exams/original/high/h1/1final/22_효천고_1학기_기말_고1_기출.js|22_효천고_1학기_기말_고1_기출|2,archive/exams/original/high/h1/1final/22_효천고_1학기_기말_고1_기출.js,2,[object Object],,ea5210d9024ab861a9456dd85ada3c1a8d9f21b69e36bc3b3d77f77659df5a7b,NOT_STARTED,NOT_STARTED,STATIC_OBSERVATION_PENDING,NOT_TESTED,NOT_REVIEWED
archive/exams/original/high/h1/1final/22_효천고_1학기_기말_고1_기출.js|22_효천고_1학기_기말_고1_기출|3,archive/exams/original/high/h1/1final/22_효천고_1학기_기말_고1_기출.js,3,[object Object],,7e6de2aa899303cead74e1f3716c608d8ab6e04d72df440521d24ec25d3e4bfc,NOT_STARTED,NOT_STARTED,STATIC_OBSERVATION_PENDING,NOT_TESTED,NOT_REVIEWED
archive/exams/original/high/h1/1final/22_효천고_1학기_기말_고1_기출.js|22_효천고_1학기_기말_고1_기출|7,archive/exams/original/high/h1/1final/22_효천고_1학기_기말_고1_기출.js,7,[object Object],,32dfd8285c1a2fcd6133589f5696d09b393727e5d5fe1e44f58431038a82a044,NOT_STARTED,NOT_STARTED,STATIC_OBSERVATION_PENDING,NOT_TESTED,NOT_REVIEWED
archive/exams/original/high/h1/1final/22_효천고_1학기_기말_고1_기출.js|22_효천고_1학기_기말_고1_기출|8,archive/exams/original/high/h1/1final/22_효천고_1학기_기말_고1_기출.js,8,[object Object],,9c062d4f348ab4c22d8e1e36c7dc6c3ddd989aa67de9b7b7a6b86b8491054956,NOT_STARTED,NOT_STARTED,STATIC_OBSERVATION_PENDING,NOT_TESTED,NOT_REVIEWED
archive/exams/original/high/h1/1final/22_효천고_1학기_기말_고1_기출.js|22_효천고_1학기_기말_고1_기출|14,archive/exams/original/high/h1/1final/22_효천고_1학기_기말_고1_기출.js,14,[object Object],,a9fb577fed0d58d6577d2502fa710b193f9a2547dc1899c6f73e8337e30c998f,NOT_STARTED,NOT_STARTED,STATIC_OBSERVATION_PENDING,NOT_TESTED,NOT_REVIEWED
archive/exams/original/high/h1/1final/22_효천고_1학기_기말_고1_기출.js|22_효천고_1학기_기말_고1_기출|16,archive/exams/original/high/h1/1final/22_효천고_1학기_기말_고1_기출.js,16,[object Object],,17ddea600d5a362b26b06f6c2359b956dd5ee3eb1f4fa38b10436abdb0da353d,NOT_STARTED,NOT_STARTED,STATIC_OBSERVATION_PENDING,NOT_TESTED,NOT_REVIEWED
archive/exams/original/high/h1/1final/22_효천고_1학기_기말_고1_기출.js|22_효천고_1학기_기말_고1_기출|17,archive/exams/original/high/h1/1final/22_효천고_1학기_기말_고1_기출.js,17,[object Object],,e2a2a958a444e9b1a7eddf3e4c0755a7a834bcee184731b707ff692c75cee478,NOT_STARTED,NOT_STARTED,STATIC_OBSERVATION_PENDING,NOT_TESTED,NOT_REVIEWED
archive/exams/original/high/h1/1final/22_효천고_1학기_기말_고1_기출.js|22_효천고_1학기_기말_고1_기출|18,archive/exams/original/high/h1/1final/22_효천고_1학기_기말_고1_기출.js,18,[object Object],,70d0544ce3a09978779cd610517c44db7f328c5596d1ba9f36b1ab58098b2f6b,NOT_STARTED,NOT_STARTED,STATIC_OBSERVATION_PENDING,NOT_TESTED,NOT_REVIEWED
archive/exams/original/high/h1/1final/22_효천고_1학기_기말_고1_기출.js|22_효천고_1학기_기말_고1_기출|19,archive/exams/original/high/h1/1final/22_효천고_1학기_기말_고1_기출.js,19,[object Object],,b53d942e8506eb5ac1d0425cbaf461e7ec66788c7da8f8e7bb531bbdd026f66b,NOT_STARTED,NOT_STARTED,STATIC_OBSERVATION_PENDING,NOT_TESTED,NOT_REVIEWED
archive/exams/original/high/h1/1final/22_효천고_1학기_기말_고1_기출.js|22_효천고_1학기_기말_고1_기출|22,archive/exams/original/high/h1/1final/22_효천고_1학기_기말_고1_기출.js,22,[object Object],,1eaa0cb6f46c1607c359f06cfe698d24b613f360ff4dfeee76c7b81d046d9fd0,NOT_STARTED,NOT_STARTED,STATIC_OBSERVATION_PENDING,NOT_TESTED,NOT_REVIEWED
archive/exams/original/high/h1/1final/23_강남여고_1학기_기말_고1_기출.js|23_강남여고_1학기_기말_고1_기출|3,archive/exams/original/high/h1/1final/23_강남여고_1학기_기말_고1_기출.js,3,[object Object],,13a1a85cfd369d10fa39a8bc13f5d1133e7464aeee3176ae6b71cf24b71ced99,NOT_STARTED,NOT_STARTED,STATIC_OBSERVATION_PENDING,NOT_TESTED,NOT_REVIEWED
archive/exams/original/high/h1/1final/23_강남여고_1학기_기말_고1_기출.js|23_강남여고_1학기_기말_고1_기출|4,archive/exams/original/high/h1/1final/23_강남여고_1학기_기말_고1_기출.js,4,[object Object],,898b8dcda4e352793235de10ea9350bc7952539b9b15d12e4421d73578836b8a,NOT_STARTED,NOT_STARTED,STATIC_OBSERVATION_PENDING,NOT_TESTED,NOT_REVIEWED
archive/exams/original/high/h1/1final/23_강남여고_1학기_기말_고1_기출.js|23_강남여고_1학기_기말_고1_기출|5,archive/exams/original/high/h1/1final/23_강남여고_1학기_기말_고1_기출.js,5,[object Object],,a8172da6f33d776cd6345e61278763fe2116f58fce6412a653a017932ae33f73,NOT_STARTED,NOT_STARTED,STATIC_OBSERVATION_PENDING,NOT_TESTED,NOT_REVIEWED
archive/exams/original/high/h1/1final/23_강남여고_1학기_기말_고1_기출.js|23_강남여고_1학기_기말_고1_기출|6,archive/exams/original/high/h1/1final/23_강남여고_1학기_기말_고1_기출.js,6,[object Object],,a95e8c9c04df7bd5c55478a50aff1c7e586463ff0cd9449c2c43291afc74f796,NOT_STARTED,NOT_STARTED,STATIC_OBSERVATION_PENDING,NOT_TESTED,NOT_REVIEWED
archive/exams/original/high/h1/1final/23_강남여고_1학기_기말_고1_기출.js|23_강남여고_1학기_기말_고1_기출|7,archive/exams/original/high/h1/1final/23_강남여고_1학기_기말_고1_기출.js,7,[object Object],,667f6d29bfb67276ca32e0811e7377cb5424b43728753a54cd3c086c828ec3c2,NOT_STARTED,NOT_STARTED,STATIC_OBSERVATION_PENDING,NOT_TESTED,NOT_REVIEWED
archive/exams/original/high/h1/1final/23_강남여고_1학기_기말_고1_기출.js|23_강남여고_1학기_기말_고1_기출|12,archive/exams/original/high/h1/1final/23_강남여고_1학기_기말_고1_기출.js,12,[object Object],,a5c63d09deb922459c8d57a58a9c3071cf6878529295236bd1a5782de7cc92f0,NOT_STARTED,NOT_STARTED,STATIC_OBSERVATION_PENDING,NOT_TESTED,NOT_REVIEWED
archive/exams/original/high/h1/1final/23_강남여고_1학기_기말_고1_기출.js|23_강남여고_1학기_기말_고1_기출|13,archive/exams/original/high/h1/1final/23_강남여고_1학기_기말_고1_기출.js,13,[object Object],,764b4a493c17ba9dfb50101676dbfb58ba0338393b9dbc99d4100cbb587fa2e2,NOT_STARTED,NOT_STARTED,STATIC_OBSERVATION_PENDING,NOT_TESTED,NOT_REVIEWED
archive/exams/original/high/h1/1final/23_강남여고_1학기_기말_고1_기출.js|23_강남여고_1학기_기말_고1_기출|14,archive/exams/original/high/h1/1final/23_강남여고_1학기_기말_고1_기출.js,14,[object Object],,96b7ae7374b8cae764d43287c8370c9a4a4bb42ea1f988920747ddc584f60926,NOT_STARTED,NOT_STARTED,STATIC_OBSERVATION_PENDING,NOT_TESTED,NOT_REVIEWED
archive/exams/original/high/h1/1final/23_강남여고_1학기_기말_고1_기출.js|23_강남여고_1학기_기말_고1_기출|15,archive/exams/original/high/h1/1final/23_강남여고_1학기_기말_고1_기출.js,15,[object Object],,0186929a17c9afb8e08cc71fa9751b1df86c9b80dcf12f8b5d8f6f21b0a08327,NOT_STARTED,NOT_STARTED,STATIC_OBSERVATION_PENDING,NOT_TESTED,NOT_REVIEWED
archive/exams/original/high/h1/1final/23_강남여고_1학기_기말_고1_기출.js|23_강남여고_1학기_기말_고1_기출|16,archive/exams/original/high/h1/1final/23_강남여고_1학기_기말_고1_기출.js,16,[object Object],,c858024c3ab11fdf17f6f17a69dedfcde971e25a4d8509b359c9d204ad84461a,NOT_STARTED,NOT_STARTED,STATIC_OBSERVATION_PENDING,NOT_TESTED,NOT_REVIEWED
archive/exams/original/high/h1/1final/23_강남여고_1학기_기말_고1_기출.js|23_강남여고_1학기_기말_고1_기출|17,archive/exams/original/high/h1/1final/23_강남여고_1학기_기말_고1_기출.js,17,[object Object]|[object Object],,c3c05f8e0a43d3beafb753e3cd36d5c7d66da0ec9c3954c86e892b04ad91e099,NOT_STARTED,NOT_STARTED,STATIC_OBSERVATION_PENDING,NOT_TESTED,NOT_REVIEWED
archive/exams/original/high/h1/1final/23_강남여고_1학기_기말_고1_기출.js|23_강남여고_1학기_기말_고1_기출|20,archive/exams/original/high/h1/1final/23_강남여고_1학기_기말_고1_기출.js,20,[object Object]|[object Object],,719b70b9b19e318cf4ccde0a7267448f376fc0b9511300bf98c51ae5a5ad8755,NOT_STARTED,NOT_STARTED,STATIC_OBSERVATION_PENDING,NOT_TESTED,NOT_REVIEWED
archive/exams/original/high/h1/1final/23_강남여고_1학기_기말_고1_기출.js|23_강남여고_1학기_기말_고1_기출|21,archive/exams/original/high/h1/1final/23_강남여고_1학기_기말_고1_기출.js,21,[object Object],,dc5ac34f977d9e5bbf00d48d62539b0dc86875f13d762878e9e97706a14c9fb6,NOT_STARTED,NOT_STARTED,STATIC_OBSERVATION_PENDING,NOT_TESTED,NOT_REVIEWED
archive/exams/original/high/h1/1final/23_강남여고_1학기_기말_고1_기출.js|23_강남여고_1학기_기말_고1_기출|22,archive/exams/original/high/h1/1final/23_강남여고_1학기_기말_고1_기출.js,22,[object Object],,a89e7db6668ca07d4fa6be55bffc84b815ea879057a9e2b80c0a15ee24e8dbaa,NOT_STARTED,NOT_STARTED,STATIC_OBSERVATION_PENDING,NOT_TESTED,NOT_REVIEWED
archive/exams/original/high/h1/1final/23_강남여고_1학기_기말_고1_기출.js|23_강남여고_1학기_기말_고1_기출|24,archive/exams/original/high/h1/1final/23_강남여고_1학기_기말_고1_기출.js,24,[object Object],,cc17a4a882d748059e3154a73ef0954bd2fdb2177b11eab5bd2a13d4fe3d979e,NOT_STARTED,NOT_STARTED,STATIC_OBSERVATION_PENDING,NOT_TESTED,NOT_REVIEWED
archive/exams/original/high/h1/1final/23_강남여고_1학기_기말_고1_기출.js|23_강남여고_1학기_기말_고1_기출|25,archive/exams/original/high/h1/1final/23_강남여고_1학기_기말_고1_기출.js,25,[object Object]|[object Object],,7ecd9784665d500cf73cf0b698ef9321adbe4b3607290a404b470e861e01dcf2,NOT_STARTED,NOT_STARTED,STATIC_OBSERVATION_PENDING,NOT_TESTED,NOT_REVIEWED
archive/exams/original/high/h1/1final/23_금당고_1학기_기말_고1_기출.js|23_금당고_1학기_기말_고1_기출|3,archive/exams/original/high/h1/1final/23_금당고_1학기_기말_고1_기출.js,3,[object Object],,ff36c68a5a0a336779a257e07c58ab613ca801210a0d8fd42a9bd008b1dd43b1,NOT_STARTED,NOT_STARTED,STATIC_OBSERVATION_PENDING,NOT_TESTED,NOT_REVIEWED
archive/exams/original/high/h1/1final/23_금당고_1학기_기말_고1_기출.js|23_금당고_1학기_기말_고1_기출|5,archive/exams/original/high/h1/1final/23_금당고_1학기_기말_고1_기출.js,5,[object Object],,b3d99e3f09411c39aad325a5f2eae24512ad8c250774c626f9d369f24ae30e80,NOT_STARTED,NOT_STARTED,STATIC_OBSERVATION_PENDING,NOT_TESTED,NOT_REVIEWED
archive/exams/original/high/h1/1final/23_금당고_1학기_기말_고1_기출.js|23_금당고_1학기_기말_고1_기출|6,archive/exams/original/high/h1/1final/23_금당고_1학기_기말_고1_기출.js,6,[object Object],,fab3155e47e4300f9ce553b10ad43dee04063be25c1e716e1280c366bda0faed,NOT_STARTED,NOT_STARTED,STATIC_OBSERVATION_PENDING,NOT_TESTED,NOT_REVIEWED
archive/exams/original/high/h1/1final/23_금당고_1학기_기말_고1_기출.js|23_금당고_1학기_기말_고1_기출|7,archive/exams/original/high/h1/1final/23_금당고_1학기_기말_고1_기출.js,7,[object Object],,acbfb39af13c9c54f663877b8e3b023b3a2bdce91915d8f396f272906aabc432,NOT_STARTED,NOT_STARTED,STATIC_OBSERVATION_PENDING,NOT_TESTED,NOT_REVIEWED
archive/exams/original/high/h1/1final/23_금당고_1학기_기말_고1_기출.js|23_금당고_1학기_기말_고1_기출|8,archive/exams/original/high/h1/1final/23_금당고_1학기_기말_고1_기출.js,8,[object Object]|[object Object],,b6cf53c082bdb7225b39c45917bb365be216c4a98fa4a0d35af0042d98a9ec3e,NOT_STARTED,NOT_STARTED,STATIC_OBSERVATION_PENDING,NOT_TESTED,NOT_REVIEWED
archive/exams/original/high/h1/1final/23_금당고_1학기_기말_고1_기출.js|23_금당고_1학기_기말_고1_기출|9,archive/exams/original/high/h1/1final/23_금당고_1학기_기말_고1_기출.js,9,[object Object],,2e42ac65e83b7357dda6d5dfc8e61a47b80c43d5a5abaa49ccc3c8d3b5aa7201,NOT_STARTED,NOT_STARTED,STATIC_OBSERVATION_PENDING,NOT_TESTED,NOT_REVIEWED
archive/exams/original/high/h1/1final/23_금당고_1학기_기말_고1_기출.js|23_금당고_1학기_기말_고1_기출|12,archive/exams/original/high/h1/1final/23_금당고_1학기_기말_고1_기출.js,12,[object Object]|[object Object],,846a5101007dfca350f4e1e2033dbd0b57d0e9443fea4dcd2aa6311c84e77928,NOT_STARTED,NOT_STARTED,STATIC_OBSERVATION_PENDING,NOT_TESTED,NOT_REVIEWED
archive/exams/original/high/h1/1final/23_금당고_1학기_기말_고1_기출.js|23_금당고_1학기_기말_고1_기출|13,archive/exams/original/high/h1/1final/23_금당고_1학기_기말_고1_기출.js,13,[object Object],,27ccf694593c342faf98af05ea8ad7b526c31f4f73a19398992588442581deee,NOT_STARTED,NOT_STARTED,STATIC_OBSERVATION_PENDING,NOT_TESTED,NOT_REVIEWED
archive/exams/original/high/h1/1final/23_금당고_1학기_기말_고1_기출.js|23_금당고_1학기_기말_고1_기출|15,archive/exams/original/high/h1/1final/23_금당고_1학기_기말_고1_기출.js,15,[object Object]|[object Object],,4593b8677dc1ab3b118baa5044880d864d30e8bd1933815f24474e97e38c716a,NOT_STARTED,NOT_STARTED,STATIC_OBSERVATION_PENDING,NOT_TESTED,NOT_REVIEWED
archive/exams/original/high/h1/1final/23_금당고_1학기_기말_고1_기출.js|23_금당고_1학기_기말_고1_기출|17,archive/exams/original/high/h1/1final/23_금당고_1학기_기말_고1_기출.js,17,[object Object],,085146af8ea11346560c7c64241fe3f60044dec92333402a43b7cfa4fb2b70d6,NOT_STARTED,NOT_STARTED,STATIC_OBSERVATION_PENDING,NOT_TESTED,NOT_REVIEWED
archive/exams/original/high/h1/1final/23_금당고_1학기_기말_고1_기출.js|23_금당고_1학기_기말_고1_기출|19,archive/exams/original/high/h1/1final/23_금당고_1학기_기말_고1_기출.js,19,[object Object],,21d704ef294d61676a869f33da97a1b315cf81a34d5d7f499152470694df3ab5,NOT_STARTED,NOT_STARTED,STATIC_OBSERVATION_PENDING,NOT_TESTED,NOT_REVIEWED
archive/exams/original/high/h1/1final/23_금당고_1학기_기말_고1_기출.js|23_금당고_1학기_기말_고1_기출|21,archive/exams/original/high/h1/1final/23_금당고_1학기_기말_고1_기출.js,21,[object Object],,ab6efe49c59e3e287992d194672efd2e4638f4f4367427495b9c23b479970818,NOT_STARTED,NOT_STARTED,STATIC_OBSERVATION_PENDING,NOT_TESTED,NOT_REVIEWED
archive/exams/original/high/h1/1final/23_매산고_1학기_기말_고1_기출.js|23_매산고_1학기_기말_고1_기출|2,archive/exams/original/high/h1/1final/23_매산고_1학기_기말_고1_기출.js,2,[object Object],,ab579fc5e5eada41f919751cea18a31999b7d5e7876bd7b4436fc09018f220a9,NOT_STARTED,NOT_STARTED,STATIC_OBSERVATION_PENDING,NOT_TESTED,NOT_REVIEWED
archive/exams/original/high/h1/1final/23_매산고_1학기_기말_고1_기출.js|23_매산고_1학기_기말_고1_기출|4,archive/exams/original/high/h1/1final/23_매산고_1학기_기말_고1_기출.js,4,[object Object],,c2523a2ad8a94f32d95bd6b2d089c262902e338e07cb089a047b6645a36e50a6,NOT_STARTED,NOT_STARTED,STATIC_OBSERVATION_PENDING,NOT_TESTED,NOT_REVIEWED
archive/exams/original/high/h1/1final/23_매산고_1학기_기말_고1_기출.js|23_매산고_1학기_기말_고1_기출|6,archive/exams/original/high/h1/1final/23_매산고_1학기_기말_고1_기출.js,6,[object Object],,6d89d43e22e4b1bbaf533867df220b0f1aa0d91887579bfb72299e807cd13462,NOT_STARTED,NOT_STARTED,STATIC_OBSERVATION_PENDING,NOT_TESTED,NOT_REVIEWED
archive/exams/original/high/h1/1final/23_매산고_1학기_기말_고1_기출.js|23_매산고_1학기_기말_고1_기출|7,archive/exams/original/high/h1/1final/23_매산고_1학기_기말_고1_기출.js,7,[object Object],,90c4166d1e893c7b4b5f94faa12af97d462a19d62cb6cff2a29a7b77d816ac9b,NOT_STARTED,NOT_STARTED,STATIC_OBSERVATION_PENDING,NOT_TESTED,NOT_REVIEWED
archive/exams/original/high/h1/1final/23_매산고_1학기_기말_고1_기출.js|23_매산고_1학기_기말_고1_기출|12,archive/exams/original/high/h1/1final/23_매산고_1학기_기말_고1_기출.js,12,[object Object],,2abde7cd97f2057e72ae034fe9802e448d8caef0d32778d22950160d0ea40fbf,NOT_STARTED,NOT_STARTED,STATIC_OBSERVATION_PENDING,NOT_TESTED,NOT_REVIEWED
archive/exams/original/high/h1/1final/23_매산고_1학기_기말_고1_기출.js|23_매산고_1학기_기말_고1_기출|14,archive/exams/original/high/h1/1final/23_매산고_1학기_기말_고1_기출.js,14,[object Object],,a238bcc26caa85e0cee83cba6463526235118c1fa609039ae7efd884a8f3e513,NOT_STARTED,NOT_STARTED,STATIC_OBSERVATION_PENDING,NOT_TESTED,NOT_REVIEWED
archive/exams/original/high/h1/1final/23_매산고_1학기_기말_고1_기출.js|23_매산고_1학기_기말_고1_기출|15,archive/exams/original/high/h1/1final/23_매산고_1학기_기말_고1_기출.js,15,[object Object],,5cf766fb0fdf1a6a7ecb73fe65a0e73808940c75fbea1f9c6ca032400b6fb24f,NOT_STARTED,NOT_STARTED,STATIC_OBSERVATION_PENDING,NOT_TESTED,NOT_REVIEWED
archive/exams/original/high/h1/1final/23_매산고_1학기_기말_고1_기출.js|23_매산고_1학기_기말_고1_기출|16,archive/exams/original/high/h1/1final/23_매산고_1학기_기말_고1_기출.js,16,[object Object],,25099720dc1d5505a960195f15eab908a6e43fd57307930af7b1d74680baa3f0,NOT_STARTED,NOT_STARTED,STATIC_OBSERVATION_PENDING,NOT_TESTED,NOT_REVIEWED
archive/exams/original/high/h1/1final/23_매산고_1학기_기말_고1_기출.js|23_매산고_1학기_기말_고1_기출|18,archive/exams/original/high/h1/1final/23_매산고_1학기_기말_고1_기출.js,18,[object Object],,e5bce6291f3c4cadb14431bf29abb97df4aae00c5de3fcd233de4085b96caec0,NOT_STARTED,NOT_STARTED,STATIC_OBSERVATION_PENDING,NOT_TESTED,NOT_REVIEWED
archive/exams/original/high/h1/1final/23_매산고_1학기_기말_고1_기출.js|23_매산고_1학기_기말_고1_기출|20,archive/exams/original/high/h1/1final/23_매산고_1학기_기말_고1_기출.js,20,[object Object],,faf014a12b73269b15db9a44fef7bb5882d1e706cea004985320cb4631c021df,NOT_STARTED,NOT_STARTED,STATIC_OBSERVATION_PENDING,NOT_TESTED,NOT_REVIEWED
archive/exams/original/high/h1/1final/23_복성고_1학기_기말_고1_기출.js|23_복성고_1학기_기말_고1_기출|4,archive/exams/original/high/h1/1final/23_복성고_1학기_기말_고1_기출.js,4,[object Object],,a4e48e3e99820429454b61dcd5947d968f4aea9366af14523045c4607758567d,NOT_STARTED,NOT_STARTED,STATIC_OBSERVATION_PENDING,NOT_TESTED,NOT_REVIEWED
archive/exams/original/high/h1/1final/23_복성고_1학기_기말_고1_기출.js|23_복성고_1학기_기말_고1_기출|5,archive/exams/original/high/h1/1final/23_복성고_1학기_기말_고1_기출.js,5,[object Object],,04802ba733504e6deb0650cf6ed421ab6046c24e8c2f8c2f89ac4469e70c85de,NOT_STARTED,NOT_STARTED,STATIC_OBSERVATION_PENDING,NOT_TESTED,NOT_REVIEWED
archive/exams/original/high/h1/1final/23_복성고_1학기_기말_고1_기출.js|23_복성고_1학기_기말_고1_기출|6,archive/exams/original/high/h1/1final/23_복성고_1학기_기말_고1_기출.js,6,[object Object],,29ad08dde255a0e957753b3a917a536452f2e26db3fdb485dd49747b75bd669c,NOT_STARTED,NOT_STARTED,STATIC_OBSERVATION_PENDING,NOT_TESTED,NOT_REVIEWED
archive/exams/original/high/h1/1final/23_복성고_1학기_기말_고1_기출.js|23_복성고_1학기_기말_고1_기출|10,archive/exams/original/high/h1/1final/23_복성고_1학기_기말_고1_기출.js,10,[object Object],,7a4f18556bda6da722bc66e1f3c0fe378c7a224dedab34463758089319d05939,NOT_STARTED,NOT_STARTED,STATIC_OBSERVATION_PENDING,NOT_TESTED,NOT_REVIEWED
archive/exams/original/high/h1/1final/23_복성고_1학기_기말_고1_기출.js|23_복성고_1학기_기말_고1_기출|11,archive/exams/original/high/h1/1final/23_복성고_1학기_기말_고1_기출.js,11,[object Object],,38f7a4d06af018850b271f22ebd404496f38a637e2cc6c1eea9acf8725cc80a8,NOT_STARTED,NOT_STARTED,STATIC_OBSERVATION_PENDING,NOT_TESTED,NOT_REVIEWED
archive/exams/original/high/h1/1final/23_복성고_1학기_기말_고1_기출.js|23_복성고_1학기_기말_고1_기출|12,archive/exams/original/high/h1/1final/23_복성고_1학기_기말_고1_기출.js,12,[object Object],,fc6b684b00c46f10df87bc35d1fcb861f20490e0a86087b819a88ad3b35e3990,NOT_STARTED,NOT_STARTED,STATIC_OBSERVATION_PENDING,NOT_TESTED,NOT_REVIEWED
archive/exams/original/high/h1/1final/23_복성고_1학기_기말_고1_기출.js|23_복성고_1학기_기말_고1_기출|13,archive/exams/original/high/h1/1final/23_복성고_1학기_기말_고1_기출.js,13,[object Object],,a8661c491a6c7f6232e9cf349c6919188fcb8753561d1ee1e928d718d5883a99,NOT_STARTED,NOT_STARTED,STATIC_OBSERVATION_PENDING,NOT_TESTED,NOT_REVIEWED
archive/exams/original/high/h1/1final/23_복성고_1학기_기말_고1_기출.js|23_복성고_1학기_기말_고1_기출|14,archive/exams/original/high/h1/1final/23_복성고_1학기_기말_고1_기출.js,14,[object Object],,6641a8c3e71ffbd597d124f6ba79ee4389f240532382c5d1a134dd059ae87300,NOT_STARTED,NOT_STARTED,STATIC_OBSERVATION_PENDING,NOT_TESTED,NOT_REVIEWED
archive/exams/original/high/h1/1final/23_복성고_1학기_기말_고1_기출.js|23_복성고_1학기_기말_고1_기출|15,archive/exams/original/high/h1/1final/23_복성고_1학기_기말_고1_기출.js,15,[object Object]|[object Object],,5fd11aa38fecc24522f1357a5734090f719d3a459651289ba4bd1e576d864f4f,NOT_STARTED,NOT_STARTED,STATIC_OBSERVATION_PENDING,NOT_TESTED,NOT_REVIEWED
archive/exams/original/high/h1/1final/23_복성고_1학기_기말_고1_기출.js|23_복성고_1학기_기말_고1_기출|17,archive/exams/original/high/h1/1final/23_복성고_1학기_기말_고1_기출.js,17,[object Object],,ad927ab0745e9e4dac351cbc393345a4fc4f4bd5d4f0419d4546940d03c7b8f7,NOT_STARTED,NOT_STARTED,STATIC_OBSERVATION_PENDING,NOT_TESTED,NOT_REVIEWED
archive/exams/original/high/h1/1final/23_복성고_1학기_기말_고1_기출.js|23_복성고_1학기_기말_고1_기출|18,archive/exams/original/high/h1/1final/23_복성고_1학기_기말_고1_기출.js,18,[object Object],,ae08f985a886675c74d540b5dc68de3e8608b40d93cea9bda180acbde9e33bb2,NOT_STARTED,NOT_STARTED,STATIC_OBSERVATION_PENDING,NOT_TESTED,NOT_REVIEWED
archive/exams/original/high/h1/1final/23_복성고_1학기_기말_고1_기출.js|23_복성고_1학기_기말_고1_기출|19,archive/exams/original/high/h1/1final/23_복성고_1학기_기말_고1_기출.js,19,[object Object],,d08dba593afd52483e2dda9b063b982db6692b664d098a2ab828d627741039ba,NOT_STARTED,NOT_STARTED,STATIC_OBSERVATION_PENDING,NOT_TESTED,NOT_REVIEWED
archive/exams/original/high/h1/1final/23_복성고_1학기_기말_고1_기출.js|23_복성고_1학기_기말_고1_기출|20,archive/exams/original/high/h1/1final/23_복성고_1학기_기말_고1_기출.js,20,[object Object],,93f7cf465aee152a4488492bbf6a1a0fd82154d041f3e7a0e8d89ddb8b5365f2,NOT_STARTED,NOT_STARTED,STATIC_OBSERVATION_PENDING,NOT_TESTED,NOT_REVIEWED
archive/exams/original/high/h1/1final/23_복성고_1학기_기말_고1_기출.js|23_복성고_1학기_기말_고1_기출|22,archive/exams/original/high/h1/1final/23_복성고_1학기_기말_고1_기출.js,22,[object Object],,977882bbd25a3c82fdabcbad9076849bfb427df0725e9866b4cf7250ee6b1e2b,NOT_STARTED,NOT_STARTED,STATIC_OBSERVATION_PENDING,NOT_TESTED,NOT_REVIEWED
archive/exams/original/high/h1/1final/23_순천여고_1학기_기말_고1_기출.js|23_순천여고_1학기_기말_고1_기출|2,archive/exams/original/high/h1/1final/23_순천여고_1학기_기말_고1_기출.js,2,[object Object],,2a8063d604186f736ff5628026ca0c7ab084d80bc0f15b679b54971c397f1544,NOT_STARTED,NOT_STARTED,STATIC_OBSERVATION_PENDING,NOT_TESTED,NOT_REVIEWED
archive/exams/original/high/h1/1final/23_순천여고_1학기_기말_고1_기출.js|23_순천여고_1학기_기말_고1_기출|3,archive/exams/original/high/h1/1final/23_순천여고_1학기_기말_고1_기출.js,3,[object Object],,6fd9492844ec4ddea6c61edf46088f70de3fb6d8bacaf54ad0b5c9ce2aec976d,NOT_STARTED,NOT_STARTED,STATIC_OBSERVATION_PENDING,NOT_TESTED,NOT_REVIEWED
archive/exams/original/high/h1/1final/23_순천여고_1학기_기말_고1_기출.js|23_순천여고_1학기_기말_고1_기출|4,archive/exams/original/high/h1/1final/23_순천여고_1학기_기말_고1_기출.js,4,[object Object],,9162350bad5b28581a15eea9385d7c4f8a8e814bdfeeac6c9b49ba27488a62fb,NOT_STARTED,NOT_STARTED,STATIC_OBSERVATION_PENDING,NOT_TESTED,NOT_REVIEWED
archive/exams/original/high/h1/1final/23_순천여고_1학기_기말_고1_기출.js|23_순천여고_1학기_기말_고1_기출|5,archive/exams/original/high/h1/1final/23_순천여고_1학기_기말_고1_기출.js,5,[object Object],,52ec644e1c8b4ff77fff9399252180fd43a9a627e38532cebc84e7bb3922823e,NOT_STARTED,NOT_STARTED,STATIC_OBSERVATION_PENDING,NOT_TESTED,NOT_REVIEWED
archive/exams/original/high/h1/1final/23_순천여고_1학기_기말_고1_기출.js|23_순천여고_1학기_기말_고1_기출|6,archive/exams/original/high/h1/1final/23_순천여고_1학기_기말_고1_기출.js,6,[object Object],,ba8ff01abf10fe6389373025129cbce5f5bda6461329dd86b047de2fc4b43995,NOT_STARTED,NOT_STARTED,STATIC_OBSERVATION_PENDING,NOT_TESTED,NOT_REVIEWED
archive/exams/original/high/h1/1final/23_순천여고_1학기_기말_고1_기출.js|23_순천여고_1학기_기말_고1_기출|9,archive/exams/original/high/h1/1final/23_순천여고_1학기_기말_고1_기출.js,9,[object Object],,91465b7555a89687e2c6656d6fac82dda7eb0e3678958b6fe14c29c973bd2b9e,NOT_STARTED,NOT_STARTED,STATIC_OBSERVATION_PENDING,NOT_TESTED,NOT_REVIEWED
archive/exams/original/high/h1/1final/23_순천여고_1학기_기말_고1_기출.js|23_순천여고_1학기_기말_고1_기출|11,archive/exams/original/high/h1/1final/23_순천여고_1학기_기말_고1_기출.js,11,[object Object],,a3ea0bb51b7542e34c139b0e46dfb3cbd2667f4e650db5d858efe1572e2901a3,NOT_STARTED,NOT_STARTED,STATIC_OBSERVATION_PENDING,NOT_TESTED,NOT_REVIEWED
archive/exams/original/high/h1/1final/23_순천여고_1학기_기말_고1_기출.js|23_순천여고_1학기_기말_고1_기출|12,archive/exams/original/high/h1/1final/23_순천여고_1학기_기말_고1_기출.js,12,[object Object],,16d5db9d041eedda302e0eb50bfbe1172a978820df539109f34c85b45cb45201,NOT_STARTED,NOT_STARTED,STATIC_OBSERVATION_PENDING,NOT_TESTED,NOT_REVIEWED
archive/exams/original/high/h1/1final/23_순천여고_1학기_기말_고1_기출.js|23_순천여고_1학기_기말_고1_기출|13,archive/exams/original/high/h1/1final/23_순천여고_1학기_기말_고1_기출.js,13,[object Object],,7e827d360a18965f7c39b0cf24bba2f21e9f632f980c0a3f42b5bdbb0d1254bd,NOT_STARTED,NOT_STARTED,STATIC_OBSERVATION_PENDING,NOT_TESTED,NOT_REVIEWED
archive/exams/original/high/h1/1final/23_순천여고_1학기_기말_고1_기출.js|23_순천여고_1학기_기말_고1_기출|14,archive/exams/original/high/h1/1final/23_순천여고_1학기_기말_고1_기출.js,14,[object Object],,1f5f7424b03127aa2cb8f6b462c79ff7495ccbab87c397ac7865935256663475,NOT_STARTED,NOT_STARTED,STATIC_OBSERVATION_PENDING,NOT_TESTED,NOT_REVIEWED
archive/exams/original/high/h1/1final/23_순천여고_1학기_기말_고1_기출.js|23_순천여고_1학기_기말_고1_기출|15,archive/exams/original/high/h1/1final/23_순천여고_1학기_기말_고1_기출.js,15,[object Object],,9102ad9ec61768dcfeb35fe58732fbc61ac9ae521c058185a9b0d0815cd583ff,NOT_STARTED,NOT_STARTED,STATIC_OBSERVATION_PENDING,NOT_TESTED,NOT_REVIEWED
archive/exams/original/high/h1/1final/23_순천여고_1학기_기말_고1_기출.js|23_순천여고_1학기_기말_고1_기출|16,archive/exams/original/high/h1/1final/23_순천여고_1학기_기말_고1_기출.js,16,[object Object],,30f1572baba573f6ffe3d07acd76d99042f6eeb364fc776dfc80a80d8d3a917f,NOT_STARTED,NOT_STARTED,STATIC_OBSERVATION_PENDING,NOT_TESTED,NOT_REVIEWED
archive/exams/original/high/h1/1final/23_순천여고_1학기_기말_고1_기출.js|23_순천여고_1학기_기말_고1_기출|17,archive/exams/original/high/h1/1final/23_순천여고_1학기_기말_고1_기출.js,17,[object Object],,822808881d29b4db1c8de190bd2a048da10ef8b7025900afbb0fb9b009a07737,NOT_STARTED,NOT_STARTED,STATIC_OBSERVATION_PENDING,NOT_TESTED,NOT_REVIEWED
archive/exams/original/high/h1/1final/23_순천여고_1학기_기말_고1_기출.js|23_순천여고_1학기_기말_고1_기출|18,archive/exams/original/high/h1/1final/23_순천여고_1학기_기말_고1_기출.js,18,[object Object],,1f0013b6032024977691ad54b37e07d96caa5b20b14707020914323f45fd9c50,NOT_STARTED,NOT_STARTED,STATIC_OBSERVATION_PENDING,NOT_TESTED,NOT_REVIEWED
archive/exams/original/high/h1/1final/23_순천여고_1학기_기말_고1_기출.js|23_순천여고_1학기_기말_고1_기출|19,archive/exams/original/high/h1/1final/23_순천여고_1학기_기말_고1_기출.js,19,[object Object],,0de9465a3b23143c3b6026f3d420e022f41e34c629fe4874a7510314c0c90f28,NOT_STARTED,NOT_STARTED,STATIC_OBSERVATION_PENDING,NOT_TESTED,NOT_REVIEWED
archive/exams/original/high/h1/1final/23_순천여고_1학기_기말_고1_기출.js|23_순천여고_1학기_기말_고1_기출|21,archive/exams/original/high/h1/1final/23_순천여고_1학기_기말_고1_기출.js,21,[object Object],,72d325c3fd6006057eb8cb6bda1cb32fd61178333ce65b6ecfab5b78cb9b6a71,NOT_STARTED,NOT_STARTED,STATIC_OBSERVATION_PENDING,NOT_TESTED,NOT_REVIEWED
archive/exams/original/high/h1/1final/23_순천여고_1학기_기말_고1_기출.js|23_순천여고_1학기_기말_고1_기출|22,archive/exams/original/high/h1/1final/23_순천여고_1학기_기말_고1_기출.js,22,[object Object]|[object Object],,67fb924bcd0d2e31ca1b63e9ef8bc40156565b14400a1088eb10bc7d24ae8ed5,NOT_STARTED,NOT_STARTED,STATIC_OBSERVATION_PENDING,NOT_TESTED,NOT_REVIEWED
archive/exams/original/high/h1/1final/23_제일고_1학기_기말_고1_기출.js|23_제일고_1학기_기말_고1_기출|10,archive/exams/original/high/h1/1final/23_제일고_1학기_기말_고1_기출.js,10,[object Object],,ebfe61e2099e020984731d758138e473d4c01519703f2c45cc63fcd8e0169ac3,NOT_STARTED,NOT_STARTED,STATIC_OBSERVATION_PENDING,NOT_TESTED,NOT_REVIEWED
archive/exams/original/high/h1/1final/23_제일고_1학기_기말_고1_기출.js|23_제일고_1학기_기말_고1_기출|11,archive/exams/original/high/h1/1final/23_제일고_1학기_기말_고1_기출.js,11,[object Object],,7ed500c246acfc502021c80b03f50aaffde3f53de1194889052759b34de31d50,NOT_STARTED,NOT_STARTED,STATIC_OBSERVATION_PENDING,NOT_TESTED,NOT_REVIEWED
archive/exams/original/high/h1/1final/23_제일고_1학기_기말_고1_기출.js|23_제일고_1학기_기말_고1_기출|12,archive/exams/original/high/h1/1final/23_제일고_1학기_기말_고1_기출.js,12,[object Object],,c9024a77962da48cf74cb1ce1d7dfbe269027e8bccda2bb92b39a535aeba282c,NOT_STARTED,NOT_STARTED,STATIC_OBSERVATION_PENDING,NOT_TESTED,NOT_REVIEWED
archive/exams/original/high/h1/1final/23_제일고_1학기_기말_고1_기출.js|23_제일고_1학기_기말_고1_기출|13,archive/exams/original/high/h1/1final/23_제일고_1학기_기말_고1_기출.js,13,[object Object],,696806e69aa30ab22c73bf10935499dcb2abbec42ac99e46ac3bdc80d6734b90,NOT_STARTED,NOT_STARTED,STATIC_OBSERVATION_PENDING,NOT_TESTED,NOT_REVIEWED
archive/exams/original/high/h1/1final/23_제일고_1학기_기말_고1_기출.js|23_제일고_1학기_기말_고1_기출|14,archive/exams/original/high/h1/1final/23_제일고_1학기_기말_고1_기출.js,14,[object Object],,ea343afd63e5b5bec0d2045d9db06607d4cd964d26e4308b36347b570cb89e1e,NOT_STARTED,NOT_STARTED,STATIC_OBSERVATION_PENDING,NOT_TESTED,NOT_REVIEWED
archive/exams/original/high/h1/1final/23_제일고_1학기_기말_고1_기출.js|23_제일고_1학기_기말_고1_기출|15,archive/exams/original/high/h1/1final/23_제일고_1학기_기말_고1_기출.js,15,[object Object],,2375fb45f18a918f23c7f81bf784f9e20b5bb2c774869288c7ac834a7da84da3,NOT_STARTED,NOT_STARTED,STATIC_OBSERVATION_PENDING,NOT_TESTED,NOT_REVIEWED
archive/exams/original/high/h1/1final/23_제일고_1학기_기말_고1_기출.js|23_제일고_1학기_기말_고1_기출|16,archive/exams/original/high/h1/1final/23_제일고_1학기_기말_고1_기출.js,16,[object Object],,2b4c7b807ff721e014be66a9b173da8524e4eb898898b2781072a12775181f1d,NOT_STARTED,NOT_STARTED,STATIC_OBSERVATION_PENDING,NOT_TESTED,NOT_REVIEWED
archive/exams/original/high/h1/1final/23_제일고_1학기_기말_고1_기출.js|23_제일고_1학기_기말_고1_기출|17,archive/exams/original/high/h1/1final/23_제일고_1학기_기말_고1_기출.js,17,[object Object],,3c9c96f163fdbd7399c991ce106a430133268d65ae480addb09a9be84b8ac301,NOT_STARTED,NOT_STARTED,STATIC_OBSERVATION_PENDING,NOT_TESTED,NOT_REVIEWED
archive/exams/original/high/h1/1final/23_제일고_1학기_기말_고1_기출.js|23_제일고_1학기_기말_고1_기출|18,archive/exams/original/high/h1/1final/23_제일고_1학기_기말_고1_기출.js,18,[object Object],,a71b17b7c79c461c2787c115476038af473d4e143d7e219490f15e8609c32c7c,NOT_STARTED,NOT_STARTED,STATIC_OBSERVATION_PENDING,NOT_TESTED,NOT_REVIEWED
archive/exams/original/high/h1/1final/23_제일고_1학기_기말_고1_기출.js|23_제일고_1학기_기말_고1_기출|21,archive/exams/original/high/h1/1final/23_제일고_1학기_기말_고1_기출.js,21,[object Object],,c74aabce5fe983b982070a2c4ef6d11c42329bec08b1006d313fad9e68abce08,NOT_STARTED,NOT_STARTED,STATIC_OBSERVATION_PENDING,NOT_TESTED,NOT_REVIEWED
archive/exams/original/high/h1/1final/23_제일고_1학기_기말_고1_기출.js|23_제일고_1학기_기말_고1_기출|22,archive/exams/original/high/h1/1final/23_제일고_1학기_기말_고1_기출.js,22,[object Object],,693bba8bcdcbbb0b3963e570d61947e73f7b08274e91322e7eed5dd1b955824e,NOT_STARTED,NOT_STARTED,STATIC_OBSERVATION_PENDING,NOT_TESTED,NOT_REVIEWED
archive/exams/original/high/h1/1final/23_팔마고_1학기_기말_고1_기출.js|23_팔마고_1학기_기말_고1_기출|1,archive/exams/original/high/h1/1final/23_팔마고_1학기_기말_고1_기출.js,1,[object Object],,9b7b864318497fe992093ac2542371e7bbf423dc91d99afb056602db49302c91,NOT_STARTED,NOT_STARTED,STATIC_OBSERVATION_PENDING,NOT_TESTED,NOT_REVIEWED
archive/exams/original/high/h1/1final/23_팔마고_1학기_기말_고1_기출.js|23_팔마고_1학기_기말_고1_기출|2,archive/exams/original/high/h1/1final/23_팔마고_1학기_기말_고1_기출.js,2,[object Object],,7297e4e5c34ecd0c5b2690cf0f5f99d277ab841d397018d917df45afca574ce2,NOT_STARTED,NOT_STARTED,STATIC_OBSERVATION_PENDING,NOT_TESTED,NOT_REVIEWED
archive/exams/original/high/h1/1final/23_팔마고_1학기_기말_고1_기출.js|23_팔마고_1학기_기말_고1_기출|3,archive/exams/original/high/h1/1final/23_팔마고_1학기_기말_고1_기출.js,3,[object Object],,9066c986dfbf89c1f62ff8f4d9f88e13bbe1db1181129f5f37530e8d146054ad,NOT_STARTED,NOT_STARTED,STATIC_OBSERVATION_PENDING,NOT_TESTED,NOT_REVIEWED
archive/exams/original/high/h1/1final/23_팔마고_1학기_기말_고1_기출.js|23_팔마고_1학기_기말_고1_기출|4,archive/exams/original/high/h1/1final/23_팔마고_1학기_기말_고1_기출.js,4,[object Object],,4c3c302d7a940caeddef17f3e23d480f6c406f4e8a98f86e471e24efb885f3a7,NOT_STARTED,NOT_STARTED,STATIC_OBSERVATION_PENDING,NOT_TESTED,NOT_REVIEWED
archive/exams/original/high/h1/1final/23_팔마고_1학기_기말_고1_기출.js|23_팔마고_1학기_기말_고1_기출|5,archive/exams/original/high/h1/1final/23_팔마고_1학기_기말_고1_기출.js,5,[object Object],,68bf342dab63626744158ead19f58740b18d9c20e80b2d45f6704a500e22f1b3,NOT_STARTED,NOT_STARTED,STATIC_OBSERVATION_PENDING,NOT_TESTED,NOT_REVIEWED
archive/exams/original/high/h1/1final/23_팔마고_1학기_기말_고1_기출.js|23_팔마고_1학기_기말_고1_기출|6,archive/exams/original/high/h1/1final/23_팔마고_1학기_기말_고1_기출.js,6,[object Object],,d40955635def98b84f85eff1c44f6ac3dacfb2eaca125d3a30ea95a821741881,NOT_STARTED,NOT_STARTED,STATIC_OBSERVATION_PENDING,NOT_TESTED,NOT_REVIEWED
archive/exams/original/high/h1/1final/23_팔마고_1학기_기말_고1_기출.js|23_팔마고_1학기_기말_고1_기출|8,archive/exams/original/high/h1/1final/23_팔마고_1학기_기말_고1_기출.js,8,[object Object],,575515aaac83b92845fac4a6f5b7b02ce11eecdf02180d5c8bdc6dfdedbd1788,NOT_STARTED,NOT_STARTED,STATIC_OBSERVATION_PENDING,NOT_TESTED,NOT_REVIEWED
archive/exams/original/high/h1/1final/23_팔마고_1학기_기말_고1_기출.js|23_팔마고_1학기_기말_고1_기출|11,archive/exams/original/high/h1/1final/23_팔마고_1학기_기말_고1_기출.js,11,[object Object],,78d3742b56681919ace1d95dd3a350209dac62d63b536cc79768ee6f80647a14,NOT_STARTED,NOT_STARTED,STATIC_OBSERVATION_PENDING,NOT_TESTED,NOT_REVIEWED
archive/exams/original/high/h1/1final/23_팔마고_1학기_기말_고1_기출.js|23_팔마고_1학기_기말_고1_기출|14,archive/exams/original/high/h1/1final/23_팔마고_1학기_기말_고1_기출.js,14,[object Object],,e50453abcc18b2a008408ff3e43c00d73c59cbc679b3d46d93048d1bd9d14500,NOT_STARTED,NOT_STARTED,STATIC_OBSERVATION_PENDING,NOT_TESTED,NOT_REVIEWED
archive/exams/original/high/h1/1final/23_팔마고_1학기_기말_고1_기출.js|23_팔마고_1학기_기말_고1_기출|16,archive/exams/original/high/h1/1final/23_팔마고_1학기_기말_고1_기출.js,16,[object Object],,02c81f017b67ded15b3e0485a4c774ca4c703fa8159046d7673096c4dfa1942e,NOT_STARTED,NOT_STARTED,STATIC_OBSERVATION_PENDING,NOT_TESTED,NOT_REVIEWED
archive/exams/original/high/h1/1final/23_팔마고_1학기_기말_고1_기출.js|23_팔마고_1학기_기말_고1_기출|17,archive/exams/original/high/h1/1final/23_팔마고_1학기_기말_고1_기출.js,17,[object Object],,80b27fa6a9825fbfad50aae9af254bffcb60657c91d00a34fa274ae06a25feca,NOT_STARTED,NOT_STARTED,STATIC_OBSERVATION_PENDING,NOT_TESTED,NOT_REVIEWED
archive/exams/original/high/h1/1final/23_팔마고_1학기_기말_고1_기출.js|23_팔마고_1학기_기말_고1_기출|18,archive/exams/original/high/h1/1final/23_팔마고_1학기_기말_고1_기출.js,18,[object Object],,0522d78b78a0deeb077b0a5a0549a15065c027d8d93ad1f4eb81f5894dd4418e,NOT_STARTED,NOT_STARTED,STATIC_OBSERVATION_PENDING,NOT_TESTED,NOT_REVIEWED
archive/exams/original/high/h1/1final/23_팔마고_1학기_기말_고1_기출.js|23_팔마고_1학기_기말_고1_기출|19,archive/exams/original/high/h1/1final/23_팔마고_1학기_기말_고1_기출.js,19,[object Object],,2bf3983c787de677ee08c6f5fc1290cca50cdd02c9c15afa9ffed51e077507dd,NOT_STARTED,NOT_STARTED,STATIC_OBSERVATION_PENDING,NOT_TESTED,NOT_REVIEWED
archive/exams/original/high/h1/1final/23_팔마고_1학기_기말_고1_기출.js|23_팔마고_1학기_기말_고1_기출|21,archive/exams/original/high/h1/1final/23_팔마고_1학기_기말_고1_기출.js,21,[object Object],,c1ef032474ab6fa39a7497725d68801a3d154378aa3acc4fae206453e3104580,NOT_STARTED,NOT_STARTED,STATIC_OBSERVATION_PENDING,NOT_TESTED,NOT_REVIEWED
archive/exams/original/high/h1/1final/23_팔마고_1학기_기말_고1_기출.js|23_팔마고_1학기_기말_고1_기출|22,archive/exams/original/high/h1/1final/23_팔마고_1학기_기말_고1_기출.js,22,[object Object],,55a7b8fe90e5b200f963d7f700a667a7dc0f7f48c5666885ff146f4caa1f1a40,NOT_STARTED,NOT_STARTED,STATIC_OBSERVATION_PENDING,NOT_TESTED,NOT_REVIEWED
archive/exams/original/high/h1/1final/24_금당고_1학기_기말_고1_기출.js|24_금당고_1학기_기말_고1_기출|3,archive/exams/original/high/h1/1final/24_금당고_1학기_기말_고1_기출.js,3,[object Object],,0e060a17a43ab871cf54be4c76f2ba561842daf4cb2cc5986a6bc11283c9730e,NOT_STARTED,NOT_STARTED,STATIC_OBSERVATION_PENDING,NOT_TESTED,NOT_REVIEWED
archive/exams/original/high/h1/1final/24_금당고_1학기_기말_고1_기출.js|24_금당고_1학기_기말_고1_기출|4,archive/exams/original/high/h1/1final/24_금당고_1학기_기말_고1_기출.js,4,[object Object],,d60bb7548c909a04bcd8db7f5ba21ed7aa7b89dca3b7fceb3dc4f8395c8282a0,NOT_STARTED,NOT_STARTED,STATIC_OBSERVATION_PENDING,NOT_TESTED,NOT_REVIEWED
archive/exams/original/high/h1/1final/24_금당고_1학기_기말_고1_기출.js|24_금당고_1학기_기말_고1_기출|5,archive/exams/original/high/h1/1final/24_금당고_1학기_기말_고1_기출.js,5,[object Object],,760ade9d4a7d5e756980ed2d3c088d6d66be64f8a15bed502fb8bcb512926727,NOT_STARTED,NOT_STARTED,STATIC_OBSERVATION_PENDING,NOT_TESTED,NOT_REVIEWED
archive/exams/original/high/h1/1final/24_금당고_1학기_기말_고1_기출.js|24_금당고_1학기_기말_고1_기출|6,archive/exams/original/high/h1/1final/24_금당고_1학기_기말_고1_기출.js,6,[object Object],,198636e60007ca26ef93659e4d0061f52b1d271604d9bbc5603815779f1b7152,NOT_STARTED,NOT_STARTED,STATIC_OBSERVATION_PENDING,NOT_TESTED,NOT_REVIEWED
archive/exams/original/high/h1/1final/24_금당고_1학기_기말_고1_기출.js|24_금당고_1학기_기말_고1_기출|7,archive/exams/original/high/h1/1final/24_금당고_1학기_기말_고1_기출.js,7,[object Object],,93f6fa71fc2a7f670dc3a5da000623e2f5ecc71ab5d782a6d3da10fb0713b337,NOT_STARTED,NOT_STARTED,STATIC_OBSERVATION_PENDING,NOT_TESTED,NOT_REVIEWED
archive/exams/original/high/h1/1final/24_금당고_1학기_기말_고1_기출.js|24_금당고_1학기_기말_고1_기출|9,archive/exams/original/high/h1/1final/24_금당고_1학기_기말_고1_기출.js,9,[object Object],,672645289013aa74a421be5f8f858cc7bcb0a5ddaa05cfed47dac1e83d68f41e,NOT_STARTED,NOT_STARTED,STATIC_OBSERVATION_PENDING,NOT_TESTED,NOT_REVIEWED
archive/exams/original/high/h1/1final/24_금당고_1학기_기말_고1_기출.js|24_금당고_1학기_기말_고1_기출|11,archive/exams/original/high/h1/1final/24_금당고_1학기_기말_고1_기출.js,11,[object Object],,94a92ed1a87bb15e88672092988c4c6ffd6b875cd8736b3a505ba1408e731cf1,NOT_STARTED,NOT_STARTED,STATIC_OBSERVATION_PENDING,NOT_TESTED,NOT_REVIEWED
archive/exams/original/high/h1/1final/24_금당고_1학기_기말_고1_기출.js|24_금당고_1학기_기말_고1_기출|14,archive/exams/original/high/h1/1final/24_금당고_1학기_기말_고1_기출.js,14,[object Object]|[object Object],,f78d737476b19188b03a5c1b1a42d68a38dc056e885b2b979ec13e0a709d484a,NOT_STARTED,NOT_STARTED,STATIC_OBSERVATION_PENDING,NOT_TESTED,NOT_REVIEWED
archive/exams/original/high/h1/1final/24_금당고_1학기_기말_고1_기출.js|24_금당고_1학기_기말_고1_기출|15,archive/exams/original/high/h1/1final/24_금당고_1학기_기말_고1_기출.js,15,[object Object],,e7095c31117f0d08bad122b6855b127146b354c7773e2e920f746bfaac75fbe2,NOT_STARTED,NOT_STARTED,STATIC_OBSERVATION_PENDING,NOT_TESTED,NOT_REVIEWED
archive/exams/original/high/h1/1final/24_금당고_1학기_기말_고1_기출.js|24_금당고_1학기_기말_고1_기출|16,archive/exams/original/high/h1/1final/24_금당고_1학기_기말_고1_기출.js,16,[object Object],,baaa32a5fcd363dd3badffb2274fbba98a9d32a0ba12f8daa5ad6b1cc94797d2,NOT_STARTED,NOT_STARTED,STATIC_OBSERVATION_PENDING,NOT_TESTED,NOT_REVIEWED
archive/exams/original/high/h1/1final/24_금당고_1학기_기말_고1_기출.js|24_금당고_1학기_기말_고1_기출|17,archive/exams/original/high/h1/1final/24_금당고_1학기_기말_고1_기출.js,17,[object Object],,3ef70c851689cbef5a8d095c73fae4da9dccec661b885a1bd2cf31d95a2a403f,NOT_STARTED,NOT_STARTED,STATIC_OBSERVATION_PENDING,NOT_TESTED,NOT_REVIEWED
archive/exams/original/high/h1/1final/24_금당고_1학기_기말_고1_기출.js|24_금당고_1학기_기말_고1_기출|19,archive/exams/original/high/h1/1final/24_금당고_1학기_기말_고1_기출.js,19,[object Object],,64733f8321c06bd8c7cf7e3be4b6f9ea3019819ee2c8603f26cf5a5660c7f8be,NOT_STARTED,NOT_STARTED,STATIC_OBSERVATION_PENDING,NOT_TESTED,NOT_REVIEWED
archive/exams/original/high/h1/1final/24_금당고_1학기_기말_고1_기출.js|24_금당고_1학기_기말_고1_기출|20,archive/exams/original/high/h1/1final/24_금당고_1학기_기말_고1_기출.js,20,[object Object],,f5d30579e8c2e519b952795ee1acb0d0f8dfed2a3b02a37608403aef65f0abb8,NOT_STARTED,NOT_STARTED,STATIC_OBSERVATION_PENDING,NOT_TESTED,NOT_REVIEWED
archive/exams/original/high/h1/1final/24_매산고_1학기_기말_고1_기출.js|24_매산고_1학기_기말_고1_기출|4,archive/exams/original/high/h1/1final/24_매산고_1학기_기말_고1_기출.js,4,[object Object],,cdc08c3f4e5b7dd767c0d10ffe84c045d237a3342cac748d8d41004f8d3d9a2f,NOT_STARTED,NOT_STARTED,STATIC_OBSERVATION_PENDING,NOT_TESTED,NOT_REVIEWED
archive/exams/original/high/h1/1final/24_매산고_1학기_기말_고1_기출.js|24_매산고_1학기_기말_고1_기출|5,archive/exams/original/high/h1/1final/24_매산고_1학기_기말_고1_기출.js,5,[object Object],,b9574ce308b5a002b4f1504a1c96e92f77eb0f01077e08da78c8e4df98b04e03,NOT_STARTED,NOT_STARTED,STATIC_OBSERVATION_PENDING,NOT_TESTED,NOT_REVIEWED
archive/exams/original/high/h1/1final/24_매산고_1학기_기말_고1_기출.js|24_매산고_1학기_기말_고1_기출|6,archive/exams/original/high/h1/1final/24_매산고_1학기_기말_고1_기출.js,6,[object Object],,90667ed70840c05ecf02f1b2dc0b86f65b3569bfad671bcc1ac86f76bd79bc42,NOT_STARTED,NOT_STARTED,STATIC_OBSERVATION_PENDING,NOT_TESTED,NOT_REVIEWED
archive/exams/original/high/h1/1final/24_매산고_1학기_기말_고1_기출.js|24_매산고_1학기_기말_고1_기출|7,archive/exams/original/high/h1/1final/24_매산고_1학기_기말_고1_기출.js,7,[object Object],,8c4e5de4b3ba0d70d3b78af184dd06bf41373a52f2bcd241258dfa19d46de2c2,NOT_STARTED,NOT_STARTED,STATIC_OBSERVATION_PENDING,NOT_TESTED,NOT_REVIEWED
archive/exams/original/high/h1/1final/24_매산고_1학기_기말_고1_기출.js|24_매산고_1학기_기말_고1_기출|9,archive/exams/original/high/h1/1final/24_매산고_1학기_기말_고1_기출.js,9,[object Object]|[object Object],,490da63c82eecf841a12dc22c89802d6f38c49918d9ab4b2808b3cf82620f27a,NOT_STARTED,NOT_STARTED,STATIC_OBSERVATION_PENDING,NOT_TESTED,NOT_REVIEWED
archive/exams/original/high/h1/1final/24_매산고_1학기_기말_고1_기출.js|24_매산고_1학기_기말_고1_기출|10,archive/exams/original/high/h1/1final/24_매산고_1학기_기말_고1_기출.js,10,[object Object],,a1ebb0deb3eb2ceaa3daa6809de1066d33126910a2b04faa86d90eca67431b5c,NOT_STARTED,NOT_STARTED,STATIC_OBSERVATION_PENDING,NOT_TESTED,NOT_REVIEWED
archive/exams/original/high/h1/1final/24_매산고_1학기_기말_고1_기출.js|24_매산고_1학기_기말_고1_기출|11,archive/exams/original/high/h1/1final/24_매산고_1학기_기말_고1_기출.js,11,[object Object],,ba51ddbc7b04d1ac7fc6f99ddfcd048fa5d6482ca4b079ae3af721bc0ed76b1f,NOT_STARTED,NOT_STARTED,STATIC_OBSERVATION_PENDING,NOT_TESTED,NOT_REVIEWED
archive/exams/original/high/h1/1final/24_매산고_1학기_기말_고1_기출.js|24_매산고_1학기_기말_고1_기출|12,archive/exams/original/high/h1/1final/24_매산고_1학기_기말_고1_기출.js,12,[object Object],,76efc4e14502c4b52309316dbae6109b04a600faba003f9ba2864b8167b39ac7,NOT_STARTED,NOT_STARTED,STATIC_OBSERVATION_PENDING,NOT_TESTED,NOT_REVIEWED
archive/exams/original/high/h1/1final/24_매산고_1학기_기말_고1_기출.js|24_매산고_1학기_기말_고1_기출|14,archive/exams/original/high/h1/1final/24_매산고_1학기_기말_고1_기출.js,14,[object Object],,d9089d4404fbf738136ff10c5e6069f56448995575fc7954a5552c23373f482d,NOT_STARTED,NOT_STARTED,STATIC_OBSERVATION_PENDING,NOT_TESTED,NOT_REVIEWED
archive/exams/original/high/h1/1final/24_매산고_1학기_기말_고1_기출.js|24_매산고_1학기_기말_고1_기출|15,archive/exams/original/high/h1/1final/24_매산고_1학기_기말_고1_기출.js,15,[object Object],,b41d531379135d0caef114815e5e297bbd08b1b0841ae1ba595e799d6c091f66,NOT_STARTED,NOT_STARTED,STATIC_OBSERVATION_PENDING,NOT_TESTED,NOT_REVIEWED
archive/exams/original/high/h1/1final/24_매산고_1학기_기말_고1_기출.js|24_매산고_1학기_기말_고1_기출|16,archive/exams/original/high/h1/1final/24_매산고_1학기_기말_고1_기출.js,16,[object Object],,690d6295b7348a18faae86ec5d6c44f30330ba205fc165ea93dc2b2a19718264,NOT_STARTED,NOT_STARTED,STATIC_OBSERVATION_PENDING,NOT_TESTED,NOT_REVIEWED
archive/exams/original/high/h1/1final/24_매산고_1학기_기말_고1_기출.js|24_매산고_1학기_기말_고1_기출|17,archive/exams/original/high/h1/1final/24_매산고_1학기_기말_고1_기출.js,17,[object Object],,992c65de3bb0c019d7f723bc56c9a81b97ccd765d2d1c8f61e07c1c41228dabf,NOT_STARTED,NOT_STARTED,STATIC_OBSERVATION_PENDING,NOT_TESTED,NOT_REVIEWED
archive/exams/original/high/h1/1final/24_매산고_1학기_기말_고1_기출.js|24_매산고_1학기_기말_고1_기출|18,archive/exams/original/high/h1/1final/24_매산고_1학기_기말_고1_기출.js,18,[object Object],,0dadcbb17ef579e322e736e2fd94ca071c90d5c026b1d1edda5d729f25c75e2e,NOT_STARTED,NOT_STARTED,STATIC_OBSERVATION_PENDING,NOT_TESTED,NOT_REVIEWED
archive/exams/original/high/h1/1final/24_매산고_1학기_기말_고1_기출.js|24_매산고_1학기_기말_고1_기출|19,archive/exams/original/high/h1/1final/24_매산고_1학기_기말_고1_기출.js,19,[object Object],,ce58f39b4274988a1c6517bd18cbdb89fc2119112e115082eda986af7fe689aa,NOT_STARTED,NOT_STARTED,STATIC_OBSERVATION_PENDING,NOT_TESTED,NOT_REVIEWED
archive/exams/original/high/h1/1final/24_매산고_1학기_기말_고1_기출.js|24_매산고_1학기_기말_고1_기출|20,archive/exams/original/high/h1/1final/24_매산고_1학기_기말_고1_기출.js,20,[object Object],,0264776a631dc9904e48e8a60472387e4257c4c9d6c8e9f913ea8798f29b6cc4,NOT_STARTED,NOT_STARTED,STATIC_OBSERVATION_PENDING,NOT_TESTED,NOT_REVIEWED
archive/exams/original/high/h1/1final/24_제일고_1학기_기말_고1_기출.js|24_제일고_1학기_기말_고1_기출|10,archive/exams/original/high/h1/1final/24_제일고_1학기_기말_고1_기출.js,10,[object Object],,47bdc698124beeea6b583de6d5e45b106a3b73f29525d41b0941d7ff4db30d72,NOT_STARTED,NOT_STARTED,STATIC_OBSERVATION_PENDING,NOT_TESTED,NOT_REVIEWED
archive/exams/original/high/h1/1final/24_제일고_1학기_기말_고1_기출.js|24_제일고_1학기_기말_고1_기출|11,archive/exams/original/high/h1/1final/24_제일고_1학기_기말_고1_기출.js,11,[object Object],,360e1e04927430590be4a5fe77e784237e5a1c8b1b1942853f159d5033f63e2a,NOT_STARTED,NOT_STARTED,STATIC_OBSERVATION_PENDING,NOT_TESTED,NOT_REVIEWED
archive/exams/original/high/h1/1final/24_제일고_1학기_기말_고1_기출.js|24_제일고_1학기_기말_고1_기출|12,archive/exams/original/high/h1/1final/24_제일고_1학기_기말_고1_기출.js,12,[object Object],,4396b7e5da1475c177bb9f67fa366e0a85ceb23c5d585a7c1a6b4864ca0aac72,NOT_STARTED,NOT_STARTED,STATIC_OBSERVATION_PENDING,NOT_TESTED,NOT_REVIEWED
archive/exams/original/high/h1/1final/24_제일고_1학기_기말_고1_기출.js|24_제일고_1학기_기말_고1_기출|13,archive/exams/original/high/h1/1final/24_제일고_1학기_기말_고1_기출.js,13,[object Object],,51e29f5d96dccd2c7b46f5413266a5a3bc46d72c422f907d8a2f6cf4e3256abc,NOT_STARTED,NOT_STARTED,STATIC_OBSERVATION_PENDING,NOT_TESTED,NOT_REVIEWED
archive/exams/original/high/h1/1final/24_제일고_1학기_기말_고1_기출.js|24_제일고_1학기_기말_고1_기출|14,archive/exams/original/high/h1/1final/24_제일고_1학기_기말_고1_기출.js,14,[object Object],,3f7598958e6aace9fbae851163b19b86b271cc6d3a7c0ea4a48818dccdd31675,NOT_STARTED,NOT_STARTED,STATIC_OBSERVATION_PENDING,NOT_TESTED,NOT_REVIEWED
archive/exams/original/high/h1/1final/24_제일고_1학기_기말_고1_기출.js|24_제일고_1학기_기말_고1_기출|15,archive/exams/original/high/h1/1final/24_제일고_1학기_기말_고1_기출.js,15,[object Object],,7a37b48049eb3bf92658704bdad02f59792855536d45aed94e3afebb7ebc96d5,NOT_STARTED,NOT_STARTED,STATIC_OBSERVATION_PENDING,NOT_TESTED,NOT_REVIEWED
archive/exams/original/high/h1/1final/24_제일고_1학기_기말_고1_기출.js|24_제일고_1학기_기말_고1_기출|16,archive/exams/original/high/h1/1final/24_제일고_1학기_기말_고1_기출.js,16,[object Object],,78491b67bbdcbd147d6b9398eeb96b03bca899edbb506e4a59e1ace566479b8d,NOT_STARTED,NOT_STARTED,STATIC_OBSERVATION_PENDING,NOT_TESTED,NOT_REVIEWED
archive/exams/original/high/h1/1final/24_제일고_1학기_기말_고1_기출.js|24_제일고_1학기_기말_고1_기출|17,archive/exams/original/high/h1/1final/24_제일고_1학기_기말_고1_기출.js,17,[object Object],,97d3a28f442a93993df32f277c08de83f30e802ce0c8b80f161d9fabbf90a035,NOT_STARTED,NOT_STARTED,STATIC_OBSERVATION_PENDING,NOT_TESTED,NOT_REVIEWED
archive/exams/original/high/h1/1final/24_제일고_1학기_기말_고1_기출.js|24_제일고_1학기_기말_고1_기출|18,archive/exams/original/high/h1/1final/24_제일고_1학기_기말_고1_기출.js,18,[object Object]|[object Object],,7d063af28cc9ef428a1bf390ef3f261683d2687dbd70f8e1aa5685ff820b74b9,NOT_STARTED,NOT_STARTED,STATIC_OBSERVATION_PENDING,NOT_TESTED,NOT_REVIEWED
archive/exams/original/high/h1/1final/24_제일고_1학기_기말_고1_기출.js|24_제일고_1학기_기말_고1_기출|21,archive/exams/original/high/h1/1final/24_제일고_1학기_기말_고1_기출.js,21,[object Object],,39511b67f9155fc03b35267a2d7f46601507347812073d1896c0e655edf42d07,NOT_STARTED,NOT_STARTED,STATIC_OBSERVATION_PENDING,NOT_TESTED,NOT_REVIEWED
archive/exams/original/high/h1/1final/24_제일고_1학기_기말_고1_기출.js|24_제일고_1학기_기말_고1_기출|22,archive/exams/original/high/h1/1final/24_제일고_1학기_기말_고1_기출.js,22,[object Object],,31a332d894ab303b7ba04a4ffc7ea6fff5c251a5e436dfcfa0094ffaa74928bf,NOT_STARTED,NOT_STARTED,STATIC_OBSERVATION_PENDING,NOT_TESTED,NOT_REVIEWED
archive/exams/original/high/h1/1final/25_강남여고_1학기_기말_고1_기출c.js|25_강남여고_1학기_기말_고1_기출|11,archive/exams/original/high/h1/1final/25_강남여고_1학기_기말_고1_기출c.js,11,,,,NOT_STARTED,NOT_STARTED,STATIC_OBSERVATION_PENDING,NOT_TESTED,NOT_REVIEWED
archive/exams/original/high/h1/1final/25_강남여고_1학기_기말_고1_기출c.js|25_강남여고_1학기_기말_고1_기출|18,archive/exams/original/high/h1/1final/25_강남여고_1학기_기말_고1_기출c.js,18,,,,NOT_STARTED,NOT_STARTED,STATIC_OBSERVATION_PENDING,NOT_TESTED,NOT_REVIEWED
archive/exams/original/high/h1/1final/25_강남여고_1학기_기말_고1_기출c.js|25_강남여고_1학기_기말_고1_기출|20,archive/exams/original/high/h1/1final/25_강남여고_1학기_기말_고1_기출c.js,20,,,,NOT_STARTED,NOT_STARTED,STATIC_OBSERVATION_PENDING,NOT_TESTED,NOT_REVIEWED
archive/exams/original/high/h1/1final/25_매산고_1학기_기말_고1_기출c.js|25_매산고_1학기_기말_고1_기출|13,archive/exams/original/high/h1/1final/25_매산고_1학기_기말_고1_기출c.js,13,,,,NOT_STARTED,NOT_STARTED,STATIC_OBSERVATION_PENDING,NOT_TESTED,NOT_REVIEWED
archive/exams/original/high/h1/1final/25_순천고_1학기_기말_고1_기출c.js|25_순천고_1학기_기말_고1_기출|12,archive/exams/original/high/h1/1final/25_순천고_1학기_기말_고1_기출c.js,12,,,,NOT_STARTED,NOT_STARTED,STATIC_OBSERVATION_PENDING,NOT_TESTED,NOT_REVIEWED
archive/exams/original/high/h1/1final/25_효천고_1학기_기말_고1_기출c.js|25_효천고_1학기_기말_고1_기출|7,archive/exams/original/high/h1/1final/25_효천고_1학기_기말_고1_기출c.js,7,,,,NOT_STARTED,NOT_STARTED,STATIC_OBSERVATION_PENDING,NOT_TESTED,NOT_REVIEWED
archive/exams/original/high/h1/1final/25_효천고_1학기_기말_고1_기출c.js|25_효천고_1학기_기말_고1_기출|16,archive/exams/original/high/h1/1final/25_효천고_1학기_기말_고1_기출c.js,16,,,,NOT_STARTED,NOT_STARTED,STATIC_OBSERVATION_PENDING,NOT_TESTED,NOT_REVIEWED
archive/exams/original/high/h1/1mid/23_여수여고_1학기_중간_고1_기출.js|23_여수여고_1학기_중간_고1_기출|16,archive/exams/original/high/h1/1mid/23_여수여고_1학기_중간_고1_기출.js,16,,,,NOT_STARTED,NOT_STARTED,STATIC_OBSERVATION_PENDING,NOT_TESTED,NOT_REVIEWED
archive/exams/original/high/h1/1mid/23_여수여고_1학기_중간_고1_기출.js|23_여수여고_1학기_중간_고1_기출|17,archive/exams/original/high/h1/1mid/23_여수여고_1학기_중간_고1_기출.js,17,,,,NOT_STARTED,NOT_STARTED,STATIC_OBSERVATION_PENDING,NOT_TESTED,NOT_REVIEWED
archive/exams/original/high/h1/1mid/23_충무고_1학기_중간_고1_기출.js|23_충무고_1학기_중간_고1_기출|17,archive/exams/original/high/h1/1mid/23_충무고_1학기_중간_고1_기출.js,17,[object Object],,22985a7d799154e561bc17f02eb908091c35d8045c248662caf00153f376672e,NOT_STARTED,NOT_STARTED,STATIC_OBSERVATION_PENDING,NOT_TESTED,NOT_REVIEWED
archive/exams/original/high/h1/1mid/24_제일고_1학기_중간_고1_기출.js|24_제일고_1학기_중간_고1_수학|10,archive/exams/original/high/h1/1mid/24_제일고_1학기_중간_고1_기출.js,10,[object Object],,c29d90cc5a0ac228fb457d3049a06d474ed386614dad219afa62c16f1ee2fce2,NOT_STARTED,NOT_STARTED,STATIC_OBSERVATION_PENDING,NOT_TESTED,NOT_REVIEWED
archive/exams/original/high/h1/1mid/24_제일고_1학기_중간_고1_기출.js|24_제일고_1학기_중간_고1_수학|11,archive/exams/original/high/h1/1mid/24_제일고_1학기_중간_고1_기출.js,11,[object Object],,cf98db540db44714fe52798f2e5066c526c309fec9fd56d032afc53547936736,NOT_STARTED,NOT_STARTED,STATIC_OBSERVATION_PENDING,NOT_TESTED,NOT_REVIEWED
archive/exams/original/high/h1/1mid/24_제일고_1학기_중간_고1_기출.js|24_제일고_1학기_중간_고1_수학|12,archive/exams/original/high/h1/1mid/24_제일고_1학기_중간_고1_기출.js,12,[object Object]|[object Object],,a6c3bbeb726a7620ff2eec993c5f5d2e3348570710b2f05c3928e6c978f817a8,NOT_STARTED,NOT_STARTED,STATIC_OBSERVATION_PENDING,NOT_TESTED,NOT_REVIEWED
archive/exams/original/high/h1/1mid/24_제일고_1학기_중간_고1_기출.js|24_제일고_1학기_중간_고1_수학|13,archive/exams/original/high/h1/1mid/24_제일고_1학기_중간_고1_기출.js,13,[object Object],,af88d0741ca1671b86f46b46cf6bf14fec791719da0e7346eca836c39409f564,NOT_STARTED,NOT_STARTED,STATIC_OBSERVATION_PENDING,NOT_TESTED,NOT_REVIEWED
archive/exams/original/high/h1/1mid/24_제일고_1학기_중간_고1_기출.js|24_제일고_1학기_중간_고1_수학|14,archive/exams/original/high/h1/1mid/24_제일고_1학기_중간_고1_기출.js,14,[object Object],,259fdbe08b45d528913c686c5f24235ef2f6f67493f9e98cf9ee0ebdeb91c647,NOT_STARTED,NOT_STARTED,STATIC_OBSERVATION_PENDING,NOT_TESTED,NOT_REVIEWED
archive/exams/original/high/h1/1mid/24_제일고_1학기_중간_고1_기출.js|24_제일고_1학기_중간_고1_수학|15,archive/exams/original/high/h1/1mid/24_제일고_1학기_중간_고1_기출.js,15,[object Object],,1873feed155c2740dcdbd370ab20fc5ffcf93057ab244ca849a2f2ea9f4cd94f,NOT_STARTED,NOT_STARTED,STATIC_OBSERVATION_PENDING,NOT_TESTED,NOT_REVIEWED
archive/exams/original/high/h1/1mid/24_제일고_1학기_중간_고1_기출.js|24_제일고_1학기_중간_고1_수학|16,archive/exams/original/high/h1/1mid/24_제일고_1학기_중간_고1_기출.js,16,[object Object],,67876cee6f2b9043a40e5bfcd04899f29618e90713fca962ba5c3e4691f9f58c,NOT_STARTED,NOT_STARTED,STATIC_OBSERVATION_PENDING,NOT_TESTED,NOT_REVIEWED
archive/exams/original/high/h1/1mid/24_제일고_1학기_중간_고1_기출.js|24_제일고_1학기_중간_고1_수학|17,archive/exams/original/high/h1/1mid/24_제일고_1학기_중간_고1_기출.js,17,[object Object],,7dc0a656071d6dc3ae657389435654a260f8fc1177e66bdfacd7789ed251864d,NOT_STARTED,NOT_STARTED,STATIC_OBSERVATION_PENDING,NOT_TESTED,NOT_REVIEWED
archive/exams/original/high/h1/1mid/24_제일고_1학기_중간_고1_기출.js|24_제일고_1학기_중간_고1_수학|18,archive/exams/original/high/h1/1mid/24_제일고_1학기_중간_고1_기출.js,18,[object Object]|[object Object],,7b96785ba02b3acd5d193954943f7d3e4cfd90debdec0f2b3b8455306d37cfdf,NOT_STARTED,NOT_STARTED,STATIC_OBSERVATION_PENDING,NOT_TESTED,NOT_REVIEWED
archive/exams/original/high/h1/1mid/24_제일고_1학기_중간_고1_기출.js|24_제일고_1학기_중간_고1_수학|20,archive/exams/original/high/h1/1mid/24_제일고_1학기_중간_고1_기출.js,20,[object Object],,dacf2b604fd07d6e59c297483867feadb10b0ffe6b076a140b4b4c64fb2e94c5,NOT_STARTED,NOT_STARTED,STATIC_OBSERVATION_PENDING,NOT_TESTED,NOT_REVIEWED
archive/exams/original/high/h1/1mid/24_제일고_1학기_중간_고1_기출.js|24_제일고_1학기_중간_고1_수학|21,archive/exams/original/high/h1/1mid/24_제일고_1학기_중간_고1_기출.js,21,[object Object],,0e7ea3d24bbc441496f32136b04c195f587e05481ede82386da5232259c4627f,NOT_STARTED,NOT_STARTED,STATIC_OBSERVATION_PENDING,NOT_TESTED,NOT_REVIEWED
archive/exams/original/high/h1/1mid/24_한영고_1학기_중간_고1_기출.js|24_한영고_1학기_중간_고1_기출|11,archive/exams/original/high/h1/1mid/24_한영고_1학기_중간_고1_기출.js,11,[object Object]|[object Object],,c72cca73f8657481db4b7ac60310fd730214430ef95669cdb63986b743b8faf2,NOT_STARTED,NOT_STARTED,STATIC_OBSERVATION_PENDING,NOT_TESTED,NOT_REVIEWED
archive/exams/original/high/h1/1mid/25_강남여고_1학기_중간_고1_기출.js|25_강남여고_1학기_중간_고1_기출|16,archive/exams/original/high/h1/1mid/25_강남여고_1학기_중간_고1_기출.js,16,,,,NOT_STARTED,NOT_STARTED,STATIC_OBSERVATION_PENDING,NOT_TESTED,NOT_REVIEWED
archive/exams/original/high/h1/1mid/25_강남여고_1학기_중간_고1_기출.js|25_강남여고_1학기_중간_고1_기출|19,archive/exams/original/high/h1/1mid/25_강남여고_1학기_중간_고1_기출.js,19,,,,NOT_STARTED,NOT_STARTED,STATIC_OBSERVATION_PENDING,NOT_TESTED,NOT_REVIEWED
archive/exams/original/high/h1/1mid/25_금당고_1학기_중간_고1_기출.js|25_금당고_1학기_중간_고1_기출|9,archive/exams/original/high/h1/1mid/25_금당고_1학기_중간_고1_기출.js,9,,,,NOT_STARTED,NOT_STARTED,STATIC_OBSERVATION_PENDING,NOT_TESTED,NOT_REVIEWED
archive/exams/original/high/h1/1mid/25_금당고_1학기_중간_고1_기출.js|25_금당고_1학기_중간_고1_기출|10,archive/exams/original/high/h1/1mid/25_금당고_1학기_중간_고1_기출.js,10,,,,NOT_STARTED,NOT_STARTED,STATIC_OBSERVATION_PENDING,NOT_TESTED,NOT_REVIEWED
archive/exams/original/high/h1/1mid/25_금당고_1학기_중간_고1_기출.js|25_금당고_1학기_중간_고1_기출|19,archive/exams/original/high/h1/1mid/25_금당고_1학기_중간_고1_기출.js,19,,,,NOT_STARTED,NOT_STARTED,STATIC_OBSERVATION_PENDING,NOT_TESTED,NOT_REVIEWED
archive/exams/original/high/h1/1mid/25_금당고_1학기_중간_고1_기출.js|25_금당고_1학기_중간_고1_기출|20,archive/exams/original/high/h1/1mid/25_금당고_1학기_중간_고1_기출.js,20,[object Object],,b5350284ddbc4d50822d23ec89f0cbef5b47bc0c4795090119922d772712d12a,NOT_STARTED,NOT_STARTED,STATIC_OBSERVATION_PENDING,NOT_TESTED,NOT_REVIEWED
archive/exams/original/high/h1/1mid/25_금당고_1학기_중간_고1_기출.js|25_금당고_1학기_중간_고1_기출|22,archive/exams/original/high/h1/1mid/25_금당고_1학기_중간_고1_기출.js,22,[object Object],,9df07218f95fba20fd46666932ee68897f7872a5aacc901dc3a28e7827760d83,NOT_STARTED,NOT_STARTED,STATIC_OBSERVATION_PENDING,NOT_TESTED,NOT_REVIEWED
archive/exams/original/high/h1/1mid/25_제일고_1학기_중간_고1_기출.js|25_제일고_1학기_중간_고1_기출|3,archive/exams/original/high/h1/1mid/25_제일고_1학기_중간_고1_기출.js,3,,,,NOT_STARTED,NOT_STARTED,STATIC_OBSERVATION_PENDING,NOT_TESTED,NOT_REVIEWED
archive/exams/original/high/h1/1mid/25_제일고_1학기_중간_고1_기출.js|25_제일고_1학기_중간_고1_기출|13,archive/exams/original/high/h1/1mid/25_제일고_1학기_중간_고1_기출.js,13,,,,NOT_STARTED,NOT_STARTED,STATIC_OBSERVATION_PENDING,NOT_TESTED,NOT_REVIEWED
archive/exams/original/high/h1/1mid/25_제일고_1학기_중간_고1_기출.js|25_제일고_1학기_중간_고1_기출|18,archive/exams/original/high/h1/1mid/25_제일고_1학기_중간_고1_기출.js,18,,,,NOT_STARTED,NOT_STARTED,STATIC_OBSERVATION_PENDING,NOT_TESTED,NOT_REVIEWED
archive/exams/original/high/h1/2final/21_강남여고_2학기_기말_고1_기출.js|21_강남여고_2학기_기말_고1_기출|1,archive/exams/original/high/h1/2final/21_강남여고_2학기_기말_고1_기출.js,1,[object Object]|[object Object],,5b4bd2c30c503fa09fb5bf47974a937dc92807fbfbfb5e8ee4efe36b0d154c5f,NOT_STARTED,NOT_STARTED,STATIC_OBSERVATION_PENDING,NOT_TESTED,NOT_REVIEWED
archive/exams/original/high/h1/2final/21_강남여고_2학기_기말_고1_기출.js|21_강남여고_2학기_기말_고1_기출|3,archive/exams/original/high/h1/2final/21_강남여고_2학기_기말_고1_기출.js,3,[object Object],,5524ab423f8449560888d6736d4502291d86ab8af6c31ec00642b8a30771a25c,NOT_STARTED,NOT_STARTED,STATIC_OBSERVATION_PENDING,NOT_TESTED,NOT_REVIEWED
archive/exams/original/high/h1/2final/21_강남여고_2학기_기말_고1_기출.js|21_강남여고_2학기_기말_고1_기출|12,archive/exams/original/high/h1/2final/21_강남여고_2학기_기말_고1_기출.js,12,[object Object]|[object Object],,832247ee71be3febcea7906ad967773446659caa552d912ac9abc44130ba3526,NOT_STARTED,NOT_STARTED,STATIC_OBSERVATION_PENDING,NOT_TESTED,NOT_REVIEWED
archive/exams/original/high/h1/2final/21_강남여고_2학기_기말_고1_기출.js|21_강남여고_2학기_기말_고1_기출|13,archive/exams/original/high/h1/2final/21_강남여고_2학기_기말_고1_기출.js,13,[object Object]|[object Object],,0aa7f67679357e3403339888e6b0e226cbeaced2e81762b24ff2c821f7d14be8,NOT_STARTED,NOT_STARTED,STATIC_OBSERVATION_PENDING,NOT_TESTED,NOT_REVIEWED
archive/exams/original/high/h1/2final/21_강남여고_2학기_기말_고1_기출.js|21_강남여고_2학기_기말_고1_기출|14,archive/exams/original/high/h1/2final/21_강남여고_2학기_기말_고1_기출.js,14,[object Object],,cedd15cd4e7a350fd367a348122633742484db6b2d4ceea6f8e3f50bfec54ce0,NOT_STARTED,NOT_STARTED,STATIC_OBSERVATION_PENDING,NOT_TESTED,NOT_REVIEWED
archive/exams/original/high/h1/2final/21_강남여고_2학기_기말_고1_기출.js|21_강남여고_2학기_기말_고1_기출|16,archive/exams/original/high/h1/2final/21_강남여고_2학기_기말_고1_기출.js,16,[object Object]|[object Object],,5e038ab678361933a38ba6fc81fe3b8dc87edb10f415d172569828bdd6723263,NOT_STARTED,NOT_STARTED,STATIC_OBSERVATION_PENDING,NOT_TESTED,NOT_REVIEWED
archive/exams/original/high/h1/2final/21_강남여고_2학기_기말_고1_기출.js|21_강남여고_2학기_기말_고1_기출|17,archive/exams/original/high/h1/2final/21_강남여고_2학기_기말_고1_기출.js,17,[object Object],,6ec9f24aa22d1405e9cca7510e4ea213ea9c447cc1628e8d0163d9a015acc74d,NOT_STARTED,NOT_STARTED,STATIC_OBSERVATION_PENDING,NOT_TESTED,NOT_REVIEWED
archive/exams/original/high/h1/2final/21_강남여고_2학기_기말_고1_기출.js|21_강남여고_2학기_기말_고1_기출|22,archive/exams/original/high/h1/2final/21_강남여고_2학기_기말_고1_기출.js,22,[object Object]|[object Object],,7ee98ac119bbe4058e2f56264d0da6e71f06f33fe973f8973e527d75d17d39e7,NOT_STARTED,NOT_STARTED,STATIC_OBSERVATION_PENDING,NOT_TESTED,NOT_REVIEWED
archive/exams/original/high/h1/2final/21_강남여고_2학기_기말_고1_기출.js|21_강남여고_2학기_기말_고1_기출|23,archive/exams/original/high/h1/2final/21_강남여고_2학기_기말_고1_기출.js,23,[object Object]|[object Object],,e15df23600d8f51fef1211c63438826e8e99faa4891a20a9a9517abd4ecc6285,NOT_STARTED,NOT_STARTED,STATIC_OBSERVATION_PENDING,NOT_TESTED,NOT_REVIEWED
archive/exams/original/high/h1/2final/21_강남여고_2학기_기말_고1_기출.js|21_강남여고_2학기_기말_고1_기출|27,archive/exams/original/high/h1/2final/21_강남여고_2학기_기말_고1_기출.js,27,[object Object]|[object Object],,adad3df81507e4a3ac7e72c2ae97deedb4e17148c5f295f50520bbde391950d2,NOT_STARTED,NOT_STARTED,STATIC_OBSERVATION_PENDING,NOT_TESTED,NOT_REVIEWED
archive/exams/original/high/h1/2final/21_강남여고_2학기_기말_고1_기출.js|21_강남여고_2학기_기말_고1_기출|28,archive/exams/original/high/h1/2final/21_강남여고_2학기_기말_고1_기출.js,28,[object Object],,e492dc0f8e0309a0a683187acdaeb729a29de198d81c5336829f204d9eb7e986,NOT_STARTED,NOT_STARTED,STATIC_OBSERVATION_PENDING,NOT_TESTED,NOT_REVIEWED
archive/exams/original/high/h1/2final/21_강남여고_2학기_기말_고1_기출.js|21_강남여고_2학기_기말_고1_기출|29,archive/exams/original/high/h1/2final/21_강남여고_2학기_기말_고1_기출.js,29,[object Object],,26a20b0cacced91fd1ee220e8ff0518bdf6a9f9f3329332a1c12418177392409,NOT_STARTED,NOT_STARTED,STATIC_OBSERVATION_PENDING,NOT_TESTED,NOT_REVIEWED
archive/exams/original/high/h1/2final/21_금당고_2학기_기말_고1_기출.js|21_금당고_2학기_기말_고1_기출|4,archive/exams/original/high/h1/2final/21_금당고_2학기_기말_고1_기출.js,4,[object Object],,21ff9d5604244786187d82526603d2c9aa69f72d7d35c37a9c4761513c94b2bb,NOT_STARTED,NOT_STARTED,STATIC_OBSERVATION_PENDING,NOT_TESTED,NOT_REVIEWED
archive/exams/original/high/h1/2final/21_금당고_2학기_기말_고1_기출.js|21_금당고_2학기_기말_고1_기출|8,archive/exams/original/high/h1/2final/21_금당고_2학기_기말_고1_기출.js,8,[object Object],,f943179e9fb758d4920a2ce187aaf5182ecedfb8d154979b73c2e150a58d015d,NOT_STARTED,NOT_STARTED,STATIC_OBSERVATION_PENDING,NOT_TESTED,NOT_REVIEWED
archive/exams/original/high/h1/2final/21_금당고_2학기_기말_고1_기출.js|21_금당고_2학기_기말_고1_기출|22,archive/exams/original/high/h1/2final/21_금당고_2학기_기말_고1_기출.js,22,[object Object],,6bb6c76fc1b7924bf2e7b2bd3b87ccd6a394222d209c03779b04d3d51e396053,NOT_STARTED,NOT_STARTED,STATIC_OBSERVATION_PENDING,NOT_TESTED,NOT_REVIEWED
archive/exams/original/high/h1/2final/21_복성고_2학기_기말_고1_기출.js|21_복성고_2학기_기말_고1_기출|3,archive/exams/original/high/h1/2final/21_복성고_2학기_기말_고1_기출.js,3,[object Object],,4771095ddaa993b60c3b1897379261a6d4fcea76bd8c3f28c87eaac3a5943e3e,NOT_STARTED,NOT_STARTED,STATIC_OBSERVATION_PENDING,NOT_TESTED,NOT_REVIEWED
archive/exams/original/high/h1/2final/21_복성고_2학기_기말_고1_기출.js|21_복성고_2학기_기말_고1_기출|4,archive/exams/original/high/h1/2final/21_복성고_2학기_기말_고1_기출.js,4,[object Object],,bed6bf7b40c0f55f1d03d36d895a0591e53164f3e7429876e3970b22fd7ccb32,NOT_STARTED,NOT_STARTED,STATIC_OBSERVATION_PENDING,NOT_TESTED,NOT_REVIEWED
archive/exams/original/high/h1/2final/21_복성고_2학기_기말_고1_기출.js|21_복성고_2학기_기말_고1_기출|10,archive/exams/original/high/h1/2final/21_복성고_2학기_기말_고1_기출.js,10,[object Object]|[object Object],,8c6265602e778a9320df3b81d0ef7dd8d84d3ecaf172bcc67dec5daaed591bdb,NOT_STARTED,NOT_STARTED,STATIC_OBSERVATION_PENDING,NOT_TESTED,NOT_REVIEWED
archive/exams/original/high/h1/2final/21_복성고_2학기_기말_고1_기출.js|21_복성고_2학기_기말_고1_기출|11,archive/exams/original/high/h1/2final/21_복성고_2학기_기말_고1_기출.js,11,[object Object],,37a193e7a994d2bb63a3469883516e3f27922ca9afae7bcf578284b78a5b5cb3,NOT_STARTED,NOT_STARTED,STATIC_OBSERVATION_PENDING,NOT_TESTED,NOT_REVIEWED
archive/exams/original/high/h1/2final/21_복성고_2학기_기말_고1_기출.js|21_복성고_2학기_기말_고1_기출|12,archive/exams/original/high/h1/2final/21_복성고_2학기_기말_고1_기출.js,12,[object Object],,e599801b9c4a7ac6a6405a7b8f0f844f3703a51bb7392ee9d61c246df388ba3a,NOT_STARTED,NOT_STARTED,STATIC_OBSERVATION_PENDING,NOT_TESTED,NOT_REVIEWED
archive/exams/original/high/h1/2final/21_복성고_2학기_기말_고1_기출.js|21_복성고_2학기_기말_고1_기출|22,archive/exams/original/high/h1/2final/21_복성고_2학기_기말_고1_기출.js,22,[object Object],,2147b287f598e39e4e5f4e99d395254f598eea26898f1321f7ede27664f0b582,NOT_STARTED,NOT_STARTED,STATIC_OBSERVATION_PENDING,NOT_TESTED,NOT_REVIEWED
archive/exams/original/high/h1/2final/21_순천고_2학기_기말_고1_기출.js|21_순천고_2학기_기말_고1_기출|2,archive/exams/original/high/h1/2final/21_순천고_2학기_기말_고1_기출.js,2,[object Object],,879d37727df528e8ee1b1438d3bcc4c8e81988d56b0a97f5418aa93ddcc4be13,NOT_STARTED,NOT_STARTED,STATIC_OBSERVATION_PENDING,NOT_TESTED,NOT_REVIEWED
archive/exams/original/high/h1/2final/21_순천고_2학기_기말_고1_기출.js|21_순천고_2학기_기말_고1_기출|8,archive/exams/original/high/h1/2final/21_순천고_2학기_기말_고1_기출.js,8,[object Object],,169fda5e40e05b2a29143c2cb55fa19d1c302f4e0fafce1662ec6628de3af573,NOT_STARTED,NOT_STARTED,STATIC_OBSERVATION_PENDING,NOT_TESTED,NOT_REVIEWED
archive/exams/original/high/h1/2final/21_순천고_2학기_기말_고1_기출.js|21_순천고_2학기_기말_고1_기출|9,archive/exams/original/high/h1/2final/21_순천고_2학기_기말_고1_기출.js,9,[object Object],,d44a73f480a3cc561aa7752a5b0067441f2fcd2e523ce064155939e45fe3aee5,NOT_STARTED,NOT_STARTED,STATIC_OBSERVATION_PENDING,NOT_TESTED,NOT_REVIEWED
archive/exams/original/high/h1/2final/21_순천고_2학기_기말_고1_기출.js|21_순천고_2학기_기말_고1_기출|10,archive/exams/original/high/h1/2final/21_순천고_2학기_기말_고1_기출.js,10,[object Object]|[object Object],,6d8748d74a35165d18a2c29996ecddc6ca61849f1fdc1f8b659c7d6beb8689f7,NOT_STARTED,NOT_STARTED,STATIC_OBSERVATION_PENDING,NOT_TESTED,NOT_REVIEWED
archive/exams/original/high/h1/2final/21_순천고_2학기_기말_고1_기출.js|21_순천고_2학기_기말_고1_기출|11,archive/exams/original/high/h1/2final/21_순천고_2학기_기말_고1_기출.js,11,[object Object],,5cd543c55019987ce39814a24af3084fda48e10fdfcf99bcbc30fb2a05940585,NOT_STARTED,NOT_STARTED,STATIC_OBSERVATION_PENDING,NOT_TESTED,NOT_REVIEWED
archive/exams/original/high/h1/2final/21_순천고_2학기_기말_고1_기출.js|21_순천고_2학기_기말_고1_기출|18,archive/exams/original/high/h1/2final/21_순천고_2학기_기말_고1_기출.js,18,[object Object],,27c859e74a8bb7b4c997c6e242e73b22514427e985e930710e7e28af6db96dcd,NOT_STARTED,NOT_STARTED,STATIC_OBSERVATION_PENDING,NOT_TESTED,NOT_REVIEWED
archive/exams/original/high/h1/2final/21_제일고_2학기_기말_고1_기출.js|21_제일고_2학기_기말_고1_기출|3,archive/exams/original/high/h1/2final/21_제일고_2학기_기말_고1_기출.js,3,[object Object],,0ae26f16d691ae1cf0a66658ea18ec675b88fdadd8b7ecd53e73b1ef87add238,NOT_STARTED,NOT_STARTED,STATIC_OBSERVATION_PENDING,NOT_TESTED,NOT_REVIEWED
archive/exams/original/high/h1/2final/21_제일고_2학기_기말_고1_기출.js|21_제일고_2학기_기말_고1_기출|4,archive/exams/original/high/h1/2final/21_제일고_2학기_기말_고1_기출.js,4,[object Object],,4bad9a60765f68a5c5d3eba724e98da9b6a435e464d1a6abe1dc65e0fa3daab1,NOT_STARTED,NOT_STARTED,STATIC_OBSERVATION_PENDING,NOT_TESTED,NOT_REVIEWED
archive/exams/original/high/h1/2final/21_제일고_2학기_기말_고1_기출.js|21_제일고_2학기_기말_고1_기출|5,archive/exams/original/high/h1/2final/21_제일고_2학기_기말_고1_기출.js,5,[object Object],,24334be91116391ce29f34e7667c092076de8650f2e107c129b38e820912ab34,NOT_STARTED,NOT_STARTED,STATIC_OBSERVATION_PENDING,NOT_TESTED,NOT_REVIEWED
archive/exams/original/high/h1/2final/21_제일고_2학기_기말_고1_기출.js|21_제일고_2학기_기말_고1_기출|19,archive/exams/original/high/h1/2final/21_제일고_2학기_기말_고1_기출.js,19,[object Object],,18efad93df419a3aa6b4c76ee6a85538781825857938f8d12e63eb00beac0523,NOT_STARTED,NOT_STARTED,STATIC_OBSERVATION_PENDING,NOT_TESTED,NOT_REVIEWED
archive/exams/original/high/h1/2final/21_팔마고_2학기_기말_고1_기출.js|21_팔마고_2학기_기말_고1_기출|3,archive/exams/original/high/h1/2final/21_팔마고_2학기_기말_고1_기출.js,3,[object Object],,4be2f205730a6c51f9c891ce18a31ae3421228aa96b4b9b3841c5f28d98b37e7,NOT_STARTED,NOT_STARTED,STATIC_OBSERVATION_PENDING,NOT_TESTED,NOT_REVIEWED
archive/exams/original/high/h1/2final/21_팔마고_2학기_기말_고1_기출.js|21_팔마고_2학기_기말_고1_기출|4,archive/exams/original/high/h1/2final/21_팔마고_2학기_기말_고1_기출.js,4,[object Object],,f3ec0065e9ba59deb9115a31ec66f493e186f1e4c51884e1e5e384519598cf8e,NOT_STARTED,NOT_STARTED,STATIC_OBSERVATION_PENDING,NOT_TESTED,NOT_REVIEWED
archive/exams/original/high/h1/2final/21_팔마고_2학기_기말_고1_기출.js|21_팔마고_2학기_기말_고1_기출|5,archive/exams/original/high/h1/2final/21_팔마고_2학기_기말_고1_기출.js,5,[object Object],,8548c253979df71db874ce0d8345982b9f3e64162376cc648371fc403a26f9a1,NOT_STARTED,NOT_STARTED,STATIC_OBSERVATION_PENDING,NOT_TESTED,NOT_REVIEWED
archive/exams/original/high/h1/2final/21_팔마고_2학기_기말_고1_기출.js|21_팔마고_2학기_기말_고1_기출|19,archive/exams/original/high/h1/2final/21_팔마고_2학기_기말_고1_기출.js,19,[object Object],,171b883d1e6426e48b98748d6549c66f54a6010f151029328446741dff9144a9,NOT_STARTED,NOT_STARTED,STATIC_OBSERVATION_PENDING,NOT_TESTED,NOT_REVIEWED
archive/exams/original/high/h1/2final/21_팔마고_2학기_기말_고1_기출.js|21_팔마고_2학기_기말_고1_기출|20,archive/exams/original/high/h1/2final/21_팔마고_2학기_기말_고1_기출.js,20,[object Object],,89b6a5f5625eb63a0026a4c2d0cc3b3b1e242cf1f9fe60ca9f7c07a6ad73239f,NOT_STARTED,NOT_STARTED,STATIC_OBSERVATION_PENDING,NOT_TESTED,NOT_REVIEWED
archive/exams/original/high/h1/2final/21_효천고_2학기_기말_고1_기출.js|21_효천고_2학기_기말_고1_기출|1,archive/exams/original/high/h1/2final/21_효천고_2학기_기말_고1_기출.js,1,[object Object],,f4b9f9ca0ea8033b5a1db5eae626d26806c5fa1eee61359b8568de3630c302b3,NOT_STARTED,NOT_STARTED,STATIC_OBSERVATION_PENDING,NOT_TESTED,NOT_REVIEWED
archive/exams/original/high/h1/2final/21_효천고_2학기_기말_고1_기출.js|21_효천고_2학기_기말_고1_기출|11,archive/exams/original/high/h1/2final/21_효천고_2학기_기말_고1_기출.js,11,[object Object],,cc340f6fd7062402cea9d1e1988894012221c8b9a15ebfc67983e920770b64d8,NOT_STARTED,NOT_STARTED,STATIC_OBSERVATION_PENDING,NOT_TESTED,NOT_REVIEWED
archive/exams/original/high/h1/2final/21_효천고_2학기_기말_고1_기출.js|21_효천고_2학기_기말_고1_기출|12,archive/exams/original/high/h1/2final/21_효천고_2학기_기말_고1_기출.js,12,[object Object],,f2dc2fdb2dfe3eacabf759d466b9314f43e85eee9fbdf1cabb17d48232ab90bd,NOT_STARTED,NOT_STARTED,STATIC_OBSERVATION_PENDING,NOT_TESTED,NOT_REVIEWED
archive/exams/original/high/h1/2final/21_효천고_2학기_기말_고1_기출.js|21_효천고_2학기_기말_고1_기출|13,archive/exams/original/high/h1/2final/21_효천고_2학기_기말_고1_기출.js,13,[object Object],,7c7fe4e85deb0fe6db66b4b24a91e259b977b3f92c7f0ab3af077134c350af71,NOT_STARTED,NOT_STARTED,STATIC_OBSERVATION_PENDING,NOT_TESTED,NOT_REVIEWED
archive/exams/original/high/h1/2final/22_강남여고_2학기_기말_고1_기출.js|22_강남여고_2학기_기말_고1_기출|5,archive/exams/original/high/h1/2final/22_강남여고_2학기_기말_고1_기출.js,5,[object Object],,02507f04ca02e6f4e2f54baca8f54a90efba488ff0aa813180185f5acf913e34,NOT_STARTED,NOT_STARTED,STATIC_OBSERVATION_PENDING,NOT_TESTED,NOT_REVIEWED
archive/exams/original/high/h1/2final/22_강남여고_2학기_기말_고1_기출.js|22_강남여고_2학기_기말_고1_기출|11,archive/exams/original/high/h1/2final/22_강남여고_2학기_기말_고1_기출.js,11,[object Object],,9488d0dc014c48e7183c3a0e8a13d15c5e21293991b709ec9446ab6c97587067,NOT_STARTED,NOT_STARTED,STATIC_OBSERVATION_PENDING,NOT_TESTED,NOT_REVIEWED
archive/exams/original/high/h1/2final/22_강남여고_2학기_기말_고1_기출.js|22_강남여고_2학기_기말_고1_기출|15,archive/exams/original/high/h1/2final/22_강남여고_2학기_기말_고1_기출.js,15,[object Object],,c63a91cf083198416ba3fa306f8012388640e4447ea10678bc20864deb7a935f,NOT_STARTED,NOT_STARTED,STATIC_OBSERVATION_PENDING,NOT_TESTED,NOT_REVIEWED
archive/exams/original/high/h1/2final/22_강남여고_2학기_기말_고1_기출.js|22_강남여고_2학기_기말_고1_기출|18,archive/exams/original/high/h1/2final/22_강남여고_2학기_기말_고1_기출.js,18,[object Object]|[object Object],,339157e5b31e499e852b3e639deadb0bfbacaa95b920abba05281c064a44c934,NOT_STARTED,NOT_STARTED,STATIC_OBSERVATION_PENDING,NOT_TESTED,NOT_REVIEWED
archive/exams/original/high/h1/2final/22_강남여고_2학기_기말_고1_기출.js|22_강남여고_2학기_기말_고1_기출|22,archive/exams/original/high/h1/2final/22_강남여고_2학기_기말_고1_기출.js,22,[object Object],,5181004d8b7137270ba3de1db4dda0a94e4c4f52724f644b242a997765a240ca,NOT_STARTED,NOT_STARTED,STATIC_OBSERVATION_PENDING,NOT_TESTED,NOT_REVIEWED
archive/exams/original/high/h1/2final/22_금당고_2학기_기말_고1_기출.js|22_금당고_2학기_기말_고1_기출|1,archive/exams/original/high/h1/2final/22_금당고_2학기_기말_고1_기출.js,1,[object Object],,795572142658153dbf07fbba920bbd3783bc1380c7bb964c4f2f7e5aa85b5b8b,NOT_STARTED,NOT_STARTED,STATIC_OBSERVATION_PENDING,NOT_TESTED,NOT_REVIEWED
archive/exams/original/high/h1/2final/22_금당고_2학기_기말_고1_기출.js|22_금당고_2학기_기말_고1_기출|8,archive/exams/original/high/h1/2final/22_금당고_2학기_기말_고1_기출.js,8,[object Object],,70e1dbcfa010f550d4b81428f4d6b384c9a587ac27c6ab5bb75d5710eaea49ce,NOT_STARTED,NOT_STARTED,STATIC_OBSERVATION_PENDING,NOT_TESTED,NOT_REVIEWED
archive/exams/original/high/h1/2final/22_금당고_2학기_기말_고1_기출.js|22_금당고_2학기_기말_고1_기출|9,archive/exams/original/high/h1/2final/22_금당고_2학기_기말_고1_기출.js,9,[object Object],,d5e161751752045d0b62c6d8fffe8cebc9195b047812fa221e89b5196f7315c0,NOT_STARTED,NOT_STARTED,STATIC_OBSERVATION_PENDING,NOT_TESTED,NOT_REVIEWED
archive/exams/original/high/h1/2final/22_금당고_2학기_기말_고1_기출.js|22_금당고_2학기_기말_고1_기출|13,archive/exams/original/high/h1/2final/22_금당고_2학기_기말_고1_기출.js,13,[object Object],,af415f8e3425d57d37f05e6888c6602bf8bdf3174ab40e943a2d50610edf44fa,NOT_STARTED,NOT_STARTED,STATIC_OBSERVATION_PENDING,NOT_TESTED,NOT_REVIEWED
archive/exams/original/high/h1/2final/22_금당고_2학기_기말_고1_기출.js|22_금당고_2학기_기말_고1_기출|17,archive/exams/original/high/h1/2final/22_금당고_2학기_기말_고1_기출.js,17,[object Object],,1fe7eda52f2f9ea5d65361131677a3e54aea80dfdf2897cb83fbe9da4826ee2c,NOT_STARTED,NOT_STARTED,STATIC_OBSERVATION_PENDING,NOT_TESTED,NOT_REVIEWED
archive/exams/original/high/h1/2final/22_금당고_2학기_기말_고1_기출.js|22_금당고_2학기_기말_고1_기출|18,archive/exams/original/high/h1/2final/22_금당고_2학기_기말_고1_기출.js,18,[object Object],,712bf1c8bff8800de7dda50e58f8903f20e21e97ef64dee3716b644450a3b2ab,NOT_STARTED,NOT_STARTED,STATIC_OBSERVATION_PENDING,NOT_TESTED,NOT_REVIEWED
archive/exams/original/high/h1/2final/22_금당고_2학기_기말_고1_기출.js|22_금당고_2학기_기말_고1_기출|20,archive/exams/original/high/h1/2final/22_금당고_2학기_기말_고1_기출.js,20,[object Object],,816f4317fcc531b0d62b73787776f5fe1d1b2287b96aec7442cc9efc5d732d16,NOT_STARTED,NOT_STARTED,STATIC_OBSERVATION_PENDING,NOT_TESTED,NOT_REVIEWED
archive/exams/original/high/h1/2final/22_매산고_2학기_기말_고1_기출.js|22_매산고_2학기_기말_고1_기출|3,archive/exams/original/high/h1/2final/22_매산고_2학기_기말_고1_기출.js,3,[object Object],,6a31b2880bd5525a2efaaaee4e5d2b226b5d81eef15dfbeb338dc3b7e19fa2dc,NOT_STARTED,NOT_STARTED,STATIC_OBSERVATION_PENDING,NOT_TESTED,NOT_REVIEWED
archive/exams/original/high/h1/2final/22_매산고_2학기_기말_고1_기출.js|22_매산고_2학기_기말_고1_기출|7,archive/exams/original/high/h1/2final/22_매산고_2학기_기말_고1_기출.js,7,[object Object],,547e72ea4b2c89e0ff0825a856253ba5000d9808c41c864b923b8dd560ffac23,NOT_STARTED,NOT_STARTED,STATIC_OBSERVATION_PENDING,NOT_TESTED,NOT_REVIEWED
archive/exams/original/high/h1/2final/22_매산고_2학기_기말_고1_기출.js|22_매산고_2학기_기말_고1_기출|8,archive/exams/original/high/h1/2final/22_매산고_2학기_기말_고1_기출.js,8,[object Object],,c5cb73859d916404ec5422f01f48043516de7d8065f2708506321fd99cf3766d,NOT_STARTED,NOT_STARTED,STATIC_OBSERVATION_PENDING,NOT_TESTED,NOT_REVIEWED
archive/exams/original/high/h1/2final/22_매산고_2학기_기말_고1_기출.js|22_매산고_2학기_기말_고1_기출|12,archive/exams/original/high/h1/2final/22_매산고_2학기_기말_고1_기출.js,12,[object Object]|[object Object],,f7cd86f2c888256fecfc9fca4a8f9c70225db3470a388b143b730b958500b95a,NOT_STARTED,NOT_STARTED,STATIC_OBSERVATION_PENDING,NOT_TESTED,NOT_REVIEWED
archive/exams/original/high/h1/2final/22_매산고_2학기_기말_고1_기출.js|22_매산고_2학기_기말_고1_기출|19,archive/exams/original/high/h1/2final/22_매산고_2학기_기말_고1_기출.js,19,[object Object]|[object Object],,a6f01ba219597ff6aed4a566f0f1e0b4d91ea17d883f5e0cd9ec7bf0f934d9a6,NOT_STARTED,NOT_STARTED,STATIC_OBSERVATION_PENDING,NOT_TESTED,NOT_REVIEWED
archive/exams/original/high/h1/2final/22_복성고_2학기_기말_고1_기출.js|22_복성고_2학기_기말_고1_기출|7,archive/exams/original/high/h1/2final/22_복성고_2학기_기말_고1_기출.js,7,[object Object],,f239e560b4d436f630aac114d7d8899bc4d7432591ec348915e29aef227e566f,NOT_STARTED,NOT_STARTED,STATIC_OBSERVATION_PENDING,NOT_TESTED,NOT_REVIEWED
archive/exams/original/high/h1/2final/22_복성고_2학기_기말_고1_기출.js|22_복성고_2학기_기말_고1_기출|12,archive/exams/original/high/h1/2final/22_복성고_2학기_기말_고1_기출.js,12,[object Object],,628fcff086376ec71bae25135f33f9adca824d34d763aabe01a4216ba2eb736c,NOT_STARTED,NOT_STARTED,STATIC_OBSERVATION_PENDING,NOT_TESTED,NOT_REVIEWED
archive/exams/original/high/h1/2final/22_복성고_2학기_기말_고1_기출.js|22_복성고_2학기_기말_고1_기출|15,archive/exams/original/high/h1/2final/22_복성고_2학기_기말_고1_기출.js,15,[object Object],,ba59cb4e2f988f399c405feea5eaae695989bbc752a68b26448fdf53347c9c2e,NOT_STARTED,NOT_STARTED,STATIC_OBSERVATION_PENDING,NOT_TESTED,NOT_REVIEWED
archive/exams/original/high/h1/2final/22_복성고_2학기_기말_고1_기출.js|22_복성고_2학기_기말_고1_기출|21,archive/exams/original/high/h1/2final/22_복성고_2학기_기말_고1_기출.js,21,[object Object],,8538931319041b9425cf0c37e706ca338a509d70d4b31c880cda1fa4697470e0,NOT_STARTED,NOT_STARTED,STATIC_OBSERVATION_PENDING,NOT_TESTED,NOT_REVIEWED
archive/exams/original/high/h1/2final/22_순천여고_2학기_기말_고1_기출.js|22_순천여고_2학기_기말_고1_기출|7,archive/exams/original/high/h1/2final/22_순천여고_2학기_기말_고1_기출.js,7,[object Object],,0c67114b3f5d48e914aa4df10214ec359ddb7a385ee8a0e08359e0dcc6bd1cba,NOT_STARTED,NOT_STARTED,STATIC_OBSERVATION_PENDING,NOT_TESTED,NOT_REVIEWED
archive/exams/original/high/h1/2final/22_순천여고_2학기_기말_고1_기출.js|22_순천여고_2학기_기말_고1_기출|8,archive/exams/original/high/h1/2final/22_순천여고_2학기_기말_고1_기출.js,8,[object Object],,e70cd95e81de8237cde3dcb62c49e6e9901a461ce3a080ec50ea5e490e8bef30,NOT_STARTED,NOT_STARTED,STATIC_OBSERVATION_PENDING,NOT_TESTED,NOT_REVIEWED
archive/exams/original/high/h1/2final/22_순천여고_2학기_기말_고1_기출.js|22_순천여고_2학기_기말_고1_기출|9,archive/exams/original/high/h1/2final/22_순천여고_2학기_기말_고1_기출.js,9,[object Object],,149d59c23c9883f10232c2fd07cc9485cacef4e0ee7116bac0f87992da948e85,NOT_STARTED,NOT_STARTED,STATIC_OBSERVATION_PENDING,NOT_TESTED,NOT_REVIEWED
archive/exams/original/high/h1/2final/22_순천여고_2학기_기말_고1_기출.js|22_순천여고_2학기_기말_고1_기출|14,archive/exams/original/high/h1/2final/22_순천여고_2학기_기말_고1_기출.js,14,[object Object],,8425f9d330b967e2f03ac4d8cfbe0ef28683576f8f7d48828affc2cce695eff8,NOT_STARTED,NOT_STARTED,STATIC_OBSERVATION_PENDING,NOT_TESTED,NOT_REVIEWED
archive/exams/original/high/h1/2final/22_순천여고_2학기_기말_고1_기출.js|22_순천여고_2학기_기말_고1_기출|17,archive/exams/original/high/h1/2final/22_순천여고_2학기_기말_고1_기출.js,17,[object Object]|[object Object],,6fd8b29e57730db6e24c304158be3ce36e562094656e5b2f96806334e7da9adf,NOT_STARTED,NOT_STARTED,STATIC_OBSERVATION_PENDING,NOT_TESTED,NOT_REVIEWED
archive/exams/original/high/h1/2final/22_순천여고_2학기_기말_고1_기출.js|22_순천여고_2학기_기말_고1_기출|20,archive/exams/original/high/h1/2final/22_순천여고_2학기_기말_고1_기출.js,20,[object Object],,e24e6d9d1b541085e3298ea09b4c361210757da0dc080c29566543c74aa364ea,NOT_STARTED,NOT_STARTED,STATIC_OBSERVATION_PENDING,NOT_TESTED,NOT_REVIEWED
archive/exams/original/high/h1/2final/22_순천여고_2학기_기말_고1_기출.js|22_순천여고_2학기_기말_고1_기출|21,archive/exams/original/high/h1/2final/22_순천여고_2학기_기말_고1_기출.js,21,[object Object],,e069e6e4abfd3333f5375e5ba0e705f4b1e97794d44463c6d480b3259e8f6eaf,NOT_STARTED,NOT_STARTED,STATIC_OBSERVATION_PENDING,NOT_TESTED,NOT_REVIEWED
archive/exams/original/high/h1/2final/22_제일고_2학기_기말_고1_기출.js|22_제일고_2학기_기말_고1_기출|2,archive/exams/original/high/h1/2final/22_제일고_2학기_기말_고1_기출.js,2,[object Object],,517107fde899aed19146d34ce56fcf292c0a3b709950fc00445c87fc10ed1c82,NOT_STARTED,NOT_STARTED,STATIC_OBSERVATION_PENDING,NOT_TESTED,NOT_REVIEWED
archive/exams/original/high/h1/2final/22_제일고_2학기_기말_고1_기출.js|22_제일고_2학기_기말_고1_기출|9,archive/exams/original/high/h1/2final/22_제일고_2학기_기말_고1_기출.js,9,[object Object],,100682d3b7b2e8e4c69fef06caae2580c9f8fe76aa94928eeab31f499eb6be41,NOT_STARTED,NOT_STARTED,STATIC_OBSERVATION_PENDING,NOT_TESTED,NOT_REVIEWED
archive/exams/original/high/h1/2final/22_제일고_2학기_기말_고1_기출.js|22_제일고_2학기_기말_고1_기출|22,archive/exams/original/high/h1/2final/22_제일고_2학기_기말_고1_기출.js,22,[object Object],,1f499cc3dc2d95df3a87ae058b30fdb625407d4c095ce087d2fce7e55bdb165e,NOT_STARTED,NOT_STARTED,STATIC_OBSERVATION_PENDING,NOT_TESTED,NOT_REVIEWED
archive/exams/original/high/h1/2final/22_팔마고_2학기_기말_고1_기출.js|22_팔마고_2학기_기말_고1_기출|6,archive/exams/original/high/h1/2final/22_팔마고_2학기_기말_고1_기출.js,6,[object Object],,f10e3c3b672fb8bb73dea06c07e12d30c6538c0b0a151be4c6de7b7491dfef4e,NOT_STARTED,NOT_STARTED,STATIC_OBSERVATION_PENDING,NOT_TESTED,NOT_REVIEWED
archive/exams/original/high/h1/2final/22_팔마고_2학기_기말_고1_기출.js|22_팔마고_2학기_기말_고1_기출|8,archive/exams/original/high/h1/2final/22_팔마고_2학기_기말_고1_기출.js,8,[object Object],,56c3bbe2174dc554a61d3a23f325ab47f3f33bc5c0501fa38f7897f2e5c83230,NOT_STARTED,NOT_STARTED,STATIC_OBSERVATION_PENDING,NOT_TESTED,NOT_REVIEWED
archive/exams/original/high/h1/2final/22_팔마고_2학기_기말_고1_기출.js|22_팔마고_2학기_기말_고1_기출|12,archive/exams/original/high/h1/2final/22_팔마고_2학기_기말_고1_기출.js,12,[object Object],,8ff25196704ff5b40b8014e03cfd121a93e6843f01c0f3e29194f307f09f5571,NOT_STARTED,NOT_STARTED,STATIC_OBSERVATION_PENDING,NOT_TESTED,NOT_REVIEWED
archive/exams/original/high/h1/2final/22_팔마고_2학기_기말_고1_기출.js|22_팔마고_2학기_기말_고1_기출|14,archive/exams/original/high/h1/2final/22_팔마고_2학기_기말_고1_기출.js,14,[object Object],,ecb6768ed81aeca4c8e38944d2b3e407a75ad342e1a08c5b9aebe64d8445f551,NOT_STARTED,NOT_STARTED,STATIC_OBSERVATION_PENDING,NOT_TESTED,NOT_REVIEWED
archive/exams/original/high/h1/2final/22_팔마고_2학기_기말_고1_기출.js|22_팔마고_2학기_기말_고1_기출|16,archive/exams/original/high/h1/2final/22_팔마고_2학기_기말_고1_기출.js,16,[object Object],,c8dc5f07c4a91cc8ab58786fd89f9d9164c2dfe1e90d12286e3e01f214fb28f6,NOT_STARTED,NOT_STARTED,STATIC_OBSERVATION_PENDING,NOT_TESTED,NOT_REVIEWED
archive/exams/original/high/h1/2final/22_팔마고_2학기_기말_고1_기출.js|22_팔마고_2학기_기말_고1_기출|21,archive/exams/original/high/h1/2final/22_팔마고_2학기_기말_고1_기출.js,21,[object Object],,3491a71e94e594bdb1c759b8654d6b422df9cb970c096176d00d09ce5526696e,NOT_STARTED,NOT_STARTED,STATIC_OBSERVATION_PENDING,NOT_TESTED,NOT_REVIEWED
archive/exams/original/high/h1/2final/22_효천고_2학기_기말_고1_기출.js|22_효천고_2학기_기말_고1_기출|4,archive/exams/original/high/h1/2final/22_효천고_2학기_기말_고1_기출.js,4,[object Object],,ce9599e4ea30018b03f643ac0bbba1eebaaee72c08b353a79abaa1aeab001745,NOT_STARTED,NOT_STARTED,STATIC_OBSERVATION_PENDING,NOT_TESTED,NOT_REVIEWED
archive/exams/original/high/h1/2final/22_효천고_2학기_기말_고1_기출.js|22_효천고_2학기_기말_고1_기출|5,archive/exams/original/high/h1/2final/22_효천고_2학기_기말_고1_기출.js,5,[object Object],,d43018c3818435773a1f2f377c51e61a0027c0838648013a911c59b946230200,NOT_STARTED,NOT_STARTED,STATIC_OBSERVATION_PENDING,NOT_TESTED,NOT_REVIEWED
archive/exams/original/high/h1/2final/22_효천고_2학기_기말_고1_기출.js|22_효천고_2학기_기말_고1_기출|15,archive/exams/original/high/h1/2final/22_효천고_2학기_기말_고1_기출.js,15,[object Object],,1132178434b79c57bc7c7de5e3ac1ff914a1e9f36409607f5f2c01882997cda9,NOT_STARTED,NOT_STARTED,STATIC_OBSERVATION_PENDING,NOT_TESTED,NOT_REVIEWED
archive/exams/original/high/h1/2final/22_효천고_2학기_기말_고1_기출.js|22_효천고_2학기_기말_고1_기출|16,archive/exams/original/high/h1/2final/22_효천고_2학기_기말_고1_기출.js,16,[object Object],,981c450a63e201f899d06d3bdc93757b6f1281713eef623ad258cd72e80c48ad,NOT_STARTED,NOT_STARTED,STATIC_OBSERVATION_PENDING,NOT_TESTED,NOT_REVIEWED
archive/exams/original/high/h1/2final/22_효천고_2학기_기말_고1_기출.js|22_효천고_2학기_기말_고1_기출|18,archive/exams/original/high/h1/2final/22_효천고_2학기_기말_고1_기출.js,18,[object Object],,7f385052467e83e4fb6be4616da4f3576d0b7b5e06e28866ee660fcff04fbeda,NOT_STARTED,NOT_STARTED,STATIC_OBSERVATION_PENDING,NOT_TESTED,NOT_REVIEWED
archive/exams/original/high/h1/2final/22_효천고_2학기_기말_고1_기출.js|22_효천고_2학기_기말_고1_기출|22,archive/exams/original/high/h1/2final/22_효천고_2학기_기말_고1_기출.js,22,[object Object],,7f68c5e20884db0640b80613ee5f65fb1130ef28d213252fe42fcd00f3f360db,NOT_STARTED,NOT_STARTED,STATIC_OBSERVATION_PENDING,NOT_TESTED,NOT_REVIEWED
archive/exams/original/high/h1/2final/23_강남여고_2학기_기말_고1_기출.js|23_강남여고_2학기_기말_고1_기출|5,archive/exams/original/high/h1/2final/23_강남여고_2학기_기말_고1_기출.js,5,[object Object],,2f93111a0ba565dee45399dec9d7077ca5f9bb3d9e46e45aa9f9d54837716efa,NOT_STARTED,NOT_STARTED,STATIC_OBSERVATION_PENDING,NOT_TESTED,NOT_REVIEWED
archive/exams/original/high/h1/2final/23_강남여고_2학기_기말_고1_기출.js|23_강남여고_2학기_기말_고1_기출|6,archive/exams/original/high/h1/2final/23_강남여고_2학기_기말_고1_기출.js,6,[object Object],,72baabe93ae5e782681c8c8dada340448cd694aadd8bdf2f37d03f744f2818f8,NOT_STARTED,NOT_STARTED,STATIC_OBSERVATION_PENDING,NOT_TESTED,NOT_REVIEWED
archive/exams/original/high/h1/2final/23_강남여고_2학기_기말_고1_기출.js|23_강남여고_2학기_기말_고1_기출|19,archive/exams/original/high/h1/2final/23_강남여고_2학기_기말_고1_기출.js,19,[object Object],,70f6db7a80ee9d9442b87f70f3bc695f6cbc50b4a9d6322eb4184acd1bc86d55,NOT_STARTED,NOT_STARTED,STATIC_OBSERVATION_PENDING,NOT_TESTED,NOT_REVIEWED
archive/exams/original/high/h1/2final/23_강남여고_2학기_기말_고1_기출.js|23_강남여고_2학기_기말_고1_기출|20,archive/exams/original/high/h1/2final/23_강남여고_2학기_기말_고1_기출.js,20,[object Object]|[object Object],,721fbffcf40641618ff300c735a78b4e4def8ff6e6b095f83e75982209ce9746,NOT_STARTED,NOT_STARTED,STATIC_OBSERVATION_PENDING,NOT_TESTED,NOT_REVIEWED
archive/exams/original/high/h1/2final/23_강남여고_2학기_기말_고1_기출.js|23_강남여고_2학기_기말_고1_기출|22,archive/exams/original/high/h1/2final/23_강남여고_2학기_기말_고1_기출.js,22,[object Object]|[object Object],,aac49a9ead0b197cc7f8605fe06ca43788cde2d8e4979060f0d2fcc868fc56a1,NOT_STARTED,NOT_STARTED,STATIC_OBSERVATION_PENDING,NOT_TESTED,NOT_REVIEWED
archive/exams/original/high/h1/2final/23_강남여고_2학기_기말_고1_기출.js|23_강남여고_2학기_기말_고1_기출|24,archive/exams/original/high/h1/2final/23_강남여고_2학기_기말_고1_기출.js,24,[object Object],,adbab19d7f31ab8d0edb02c6d0772f6cde158f2abcb1560493bde23e25c1be4f,NOT_STARTED,NOT_STARTED,STATIC_OBSERVATION_PENDING,NOT_TESTED,NOT_REVIEWED
archive/exams/original/high/h1/2final/23_금당고_2학기_기말_고1_기출.js|23_금당고_2학기_기말_고1_기출|7,archive/exams/original/high/h1/2final/23_금당고_2학기_기말_고1_기출.js,7,[object Object],,47389c4d245768577d713bda047d176accb2c766dd4b14ae959c71a75401f2ad,NOT_STARTED,NOT_STARTED,STATIC_OBSERVATION_PENDING,NOT_TESTED,NOT_REVIEWED
archive/exams/original/high/h1/2final/23_금당고_2학기_기말_고1_기출.js|23_금당고_2학기_기말_고1_기출|8,archive/exams/original/high/h1/2final/23_금당고_2학기_기말_고1_기출.js,8,[object Object],,790e4a908ab39905bac01163b4df9c9c9968bc3da346dd23a10fd261e999daa9,NOT_STARTED,NOT_STARTED,STATIC_OBSERVATION_PENDING,NOT_TESTED,NOT_REVIEWED
archive/exams/original/high/h1/2final/23_금당고_2학기_기말_고1_기출.js|23_금당고_2학기_기말_고1_기출|11,archive/exams/original/high/h1/2final/23_금당고_2학기_기말_고1_기출.js,11,[object Object],,f8fd704cbe80727ca8df4f80cced4273de9c77c45b2fca19bc57b563bdbf85ce,NOT_STARTED,NOT_STARTED,STATIC_OBSERVATION_PENDING,NOT_TESTED,NOT_REVIEWED
archive/exams/original/high/h1/2final/23_금당고_2학기_기말_고1_기출.js|23_금당고_2학기_기말_고1_기출|13,archive/exams/original/high/h1/2final/23_금당고_2학기_기말_고1_기출.js,13,[object Object],,55a92e4dcc42f453e3a46f96972418a1affbc76f06da76104b716e19004ea4f2,NOT_STARTED,NOT_STARTED,STATIC_OBSERVATION_PENDING,NOT_TESTED,NOT_REVIEWED
archive/exams/original/high/h1/2final/23_금당고_2학기_기말_고1_기출.js|23_금당고_2학기_기말_고1_기출|20,archive/exams/original/high/h1/2final/23_금당고_2학기_기말_고1_기출.js,20,[object Object],,5e89d313ead9214e9dcb0c08dae2fcbf7078e8e14227f9378c0aa9592fbb17e1,NOT_STARTED,NOT_STARTED,STATIC_OBSERVATION_PENDING,NOT_TESTED,NOT_REVIEWED
archive/exams/original/high/h1/2final/23_매산여고_2학기_기말_고1_기출.js|23_매산여고_2학기_기말_고1_기출|9,archive/exams/original/high/h1/2final/23_매산여고_2학기_기말_고1_기출.js,9,[object Object],,11f705fd43776e7bb3c4e3641870fa6207294686b221709dedae26a5568d8e12,NOT_STARTED,NOT_STARTED,STATIC_OBSERVATION_PENDING,NOT_TESTED,NOT_REVIEWED
archive/exams/original/high/h1/2final/23_매산여고_2학기_기말_고1_기출.js|23_매산여고_2학기_기말_고1_기출|22,archive/exams/original/high/h1/2final/23_매산여고_2학기_기말_고1_기출.js,22,[object Object],,3d8a965f667346ec9b9b1c6c4e09d484db9ec23f8c1921734ae6c56d6d412890,NOT_STARTED,NOT_STARTED,STATIC_OBSERVATION_PENDING,NOT_TESTED,NOT_REVIEWED
archive/exams/original/high/h1/2final/24_강남여고_2학기_기말_고1_기출.js|24_강남여고_2학기_기말_고1_기출|6,archive/exams/original/high/h1/2final/24_강남여고_2학기_기말_고1_기출.js,6,[object Object],,05451270615c413d7497a0941cc19937bbe2c7f044368a054777cf6062e0dde0,NOT_STARTED,NOT_STARTED,STATIC_OBSERVATION_PENDING,NOT_TESTED,NOT_REVIEWED
archive/exams/original/high/h1/2final/24_금당고_2학기_기말_고1_기출.js|24_금당고_2학기_기말_고1_기출|3,archive/exams/original/high/h1/2final/24_금당고_2학기_기말_고1_기출.js,3,[object Object],,56a10f7f3ba6b014fbfe39819142736e4a9fe24ab3115dcdb8bc2dc93a4dbffb,NOT_STARTED,NOT_STARTED,STATIC_OBSERVATION_PENDING,NOT_TESTED,NOT_REVIEWED
archive/exams/original/high/h1/2final/24_금당고_2학기_기말_고1_기출.js|24_금당고_2학기_기말_고1_기출|5,archive/exams/original/high/h1/2final/24_금당고_2학기_기말_고1_기출.js,5,[object Object],,28c4aaeb73dfa6f2b7e67b11fd6b305aaebf767c7f3f0c5337c7fe3ec4c06f73,NOT_STARTED,NOT_STARTED,STATIC_OBSERVATION_PENDING,NOT_TESTED,NOT_REVIEWED
archive/exams/original/high/h1/2final/24_금당고_2학기_기말_고1_기출.js|24_금당고_2학기_기말_고1_기출|10,archive/exams/original/high/h1/2final/24_금당고_2학기_기말_고1_기출.js,10,[object Object],,b9139c3864a5c55bc78ad4ad3a2cd1787c945e2066f9435637ab4b7a05f29542,NOT_STARTED,NOT_STARTED,STATIC_OBSERVATION_PENDING,NOT_TESTED,NOT_REVIEWED
archive/exams/original/high/h1/2final/24_금당고_2학기_기말_고1_기출.js|24_금당고_2학기_기말_고1_기출|11,archive/exams/original/high/h1/2final/24_금당고_2학기_기말_고1_기출.js,11,[object Object],,0864a1fb34e75e76ab38d161395ac45382e3b551722cc340b57ac74a9d34d849,NOT_STARTED,NOT_STARTED,STATIC_OBSERVATION_PENDING,NOT_TESTED,NOT_REVIEWED
archive/exams/original/high/h1/2final/24_금당고_2학기_기말_고1_기출.js|24_금당고_2학기_기말_고1_기출|14,archive/exams/original/high/h1/2final/24_금당고_2학기_기말_고1_기출.js,14,[object Object],,a2a58cfe4542c827f5be1785160356a166a7abd2c659e4ade74131c479fff20d,NOT_STARTED,NOT_STARTED,STATIC_OBSERVATION_PENDING,NOT_TESTED,NOT_REVIEWED
archive/exams/original/high/h1/2final/24_금당고_2학기_기말_고1_기출.js|24_금당고_2학기_기말_고1_기출|16,archive/exams/original/high/h1/2final/24_금당고_2학기_기말_고1_기출.js,16,[object Object],,3c631190c70d8ad52267d1897da7c26f3079849c6f19b596fcdea7e571e7b6d4,NOT_STARTED,NOT_STARTED,STATIC_OBSERVATION_PENDING,NOT_TESTED,NOT_REVIEWED
archive/exams/original/high/h1/2final/24_금당고_2학기_기말_고1_기출.js|24_금당고_2학기_기말_고1_기출|18,archive/exams/original/high/h1/2final/24_금당고_2학기_기말_고1_기출.js,18,[object Object],,89bc5c7d2e7ca5d5f0f60bf2031eb89ce75c6236863fc243f0947d6c68a3f261,NOT_STARTED,NOT_STARTED,STATIC_OBSERVATION_PENDING,NOT_TESTED,NOT_REVIEWED
archive/exams/original/high/h1/2final/24_매산여고_2학기_기말_고1_기출.js|24_매산여고_2학기_기말_고1_기출|3,archive/exams/original/high/h1/2final/24_매산여고_2학기_기말_고1_기출.js,3,[object Object],,3ffefde5a0ab2e007b8586b271c43d4b9b999a64d9e6814f3c96bba3c80c0789,NOT_STARTED,NOT_STARTED,STATIC_OBSERVATION_PENDING,NOT_TESTED,NOT_REVIEWED
archive/exams/original/high/h1/2final/24_매산여고_2학기_기말_고1_기출.js|24_매산여고_2학기_기말_고1_기출|5,archive/exams/original/high/h1/2final/24_매산여고_2학기_기말_고1_기출.js,5,[object Object],,8edafddae309043b8e1863d563f591d12d3e9b46bec0babe9cd5f471d9bf630e,NOT_STARTED,NOT_STARTED,STATIC_OBSERVATION_PENDING,NOT_TESTED,NOT_REVIEWED
archive/exams/original/high/h1/2final/24_매산여고_2학기_기말_고1_기출.js|24_매산여고_2학기_기말_고1_기출|6,archive/exams/original/high/h1/2final/24_매산여고_2학기_기말_고1_기출.js,6,[object Object],,d1c750e87ae6247424086148e76b89396cadaa09c756b62080a98962ae7d306d,NOT_STARTED,NOT_STARTED,STATIC_OBSERVATION_PENDING,NOT_TESTED,NOT_REVIEWED
archive/exams/original/high/h1/2final/24_매산여고_2학기_기말_고1_기출.js|24_매산여고_2학기_기말_고1_기출|7,archive/exams/original/high/h1/2final/24_매산여고_2학기_기말_고1_기출.js,7,[object Object],,c5e43e482478a2d1bb6ac6e25f9200cd9c327092caef207e60fc18c335635415,NOT_STARTED,NOT_STARTED,STATIC_OBSERVATION_PENDING,NOT_TESTED,NOT_REVIEWED
archive/exams/original/high/h1/2final/24_매산여고_2학기_기말_고1_기출.js|24_매산여고_2학기_기말_고1_기출|22,archive/exams/original/high/h1/2final/24_매산여고_2학기_기말_고1_기출.js,22,[object Object],,53f271ed59b33c0ae2c96dcb5bab8008be677813a2d66f187c7497c5396f1760,NOT_STARTED,NOT_STARTED,STATIC_OBSERVATION_PENDING,NOT_TESTED,NOT_REVIEWED
archive/exams/original/high/h1/2final/24_매산여고_2학기_기말_고1_기출.js|24_매산여고_2학기_기말_고1_기출|23,archive/exams/original/high/h1/2final/24_매산여고_2학기_기말_고1_기출.js,23,[object Object],,eb37a2163e28117b758bc6e6ea7c7a69989a1f679240a3e957d3aeccd603257e,NOT_STARTED,NOT_STARTED,STATIC_OBSERVATION_PENDING,NOT_TESTED,NOT_REVIEWED
archive/exams/original/high/h1/2final/24_제일고_2학기_기말_고1_기출.js|24_제일고_2학기_기말_고1_기출|11,archive/exams/original/high/h1/2final/24_제일고_2학기_기말_고1_기출.js,11,[object Object],,b25473564971b6ec89a983183cd18b667607fc947c5bc53f8c69bfc0b9039058,NOT_STARTED,NOT_STARTED,STATIC_OBSERVATION_PENDING,NOT_TESTED,NOT_REVIEWED
archive/exams/original/high/h1/2final/24_제일고_2학기_기말_고1_기출.js|24_제일고_2학기_기말_고1_기출|12,archive/exams/original/high/h1/2final/24_제일고_2학기_기말_고1_기출.js,12,[object Object],,e5eb01f417282d88ccbbc0bbbc8ef73ff2c66aa115164ebd99fb4c664aa6f62d,NOT_STARTED,NOT_STARTED,STATIC_OBSERVATION_PENDING,NOT_TESTED,NOT_REVIEWED
archive/exams/original/high/h1/2final/24_제일고_2학기_기말_고1_기출.js|24_제일고_2학기_기말_고1_기출|13,archive/exams/original/high/h1/2final/24_제일고_2학기_기말_고1_기출.js,13,[object Object],,e3602003d7c34ba6fe9603616f95545b504943675835f658c5200996217f7db7,NOT_STARTED,NOT_STARTED,STATIC_OBSERVATION_PENDING,NOT_TESTED,NOT_REVIEWED
archive/exams/original/high/h1/2final/24_제일고_2학기_기말_고1_기출.js|24_제일고_2학기_기말_고1_기출|22,archive/exams/original/high/h1/2final/24_제일고_2학기_기말_고1_기출.js,22,[object Object],,fea7d406ab253a8204886f7e0730bfb467a89d97ebe63d24696223a783344e9f,NOT_STARTED,NOT_STARTED,STATIC_OBSERVATION_PENDING,NOT_TESTED,NOT_REVIEWED
archive/exams/original/high/h1/2final/25_금당고_2학기_기말_고1_기출.js|25_금당고_2학기_기말_고1_기출|9,archive/exams/original/high/h1/2final/25_금당고_2학기_기말_고1_기출.js,9,[object Object],,8cc398359fffc03ada952bb87f809ebd38d2d37f3a9bc346523a35a91055e78a,NOT_STARTED,NOT_STARTED,STATIC_OBSERVATION_PENDING,NOT_TESTED,NOT_REVIEWED
archive/exams/original/high/h1/2final/25_금당고_2학기_기말_고1_기출.js|25_금당고_2학기_기말_고1_기출|15,archive/exams/original/high/h1/2final/25_금당고_2학기_기말_고1_기출.js,15,[object Object],,6765a1047584fae0cccb470a35ab8c947bf9e767e081394bd48a465da3df8035,NOT_STARTED,NOT_STARTED,STATIC_OBSERVATION_PENDING,NOT_TESTED,NOT_REVIEWED
archive/exams/original/high/h1/2final/25_금당고_2학기_기말_고1_기출.js|25_금당고_2학기_기말_고1_기출|18,archive/exams/original/high/h1/2final/25_금당고_2학기_기말_고1_기출.js,18,[object Object],,4dc34bd9ddbb9a43f5ab49a0e6cb03f6a5123aa5b1f29d8c9a9a62f0d37ec72b,NOT_STARTED,NOT_STARTED,STATIC_OBSERVATION_PENDING,NOT_TESTED,NOT_REVIEWED
archive/exams/original/high/h1/2final/25_금당고_2학기_기말_고1_기출.js|25_금당고_2학기_기말_고1_기출|22,archive/exams/original/high/h1/2final/25_금당고_2학기_기말_고1_기출.js,22,[object Object],,0b889ea5df6288b5fcbd0fa62bb184b65ea158417fd0ec17fc54442a71ab4529,NOT_STARTED,NOT_STARTED,STATIC_OBSERVATION_PENDING,NOT_TESTED,NOT_REVIEWED
archive/exams/original/high/h1/2final/25_순천고_2학기_기말_고1_기출.js|25_순천고_2학기_기말_고1_기출|13,archive/exams/original/high/h1/2final/25_순천고_2학기_기말_고1_기출.js,13,[object Object]|[object Object],,9d0034090d43f078907e26ffb8bbf1b1275ba28f01d9fdd60f367f5a590bb23c,NOT_STARTED,NOT_STARTED,STATIC_OBSERVATION_PENDING,NOT_TESTED,NOT_REVIEWED
archive/exams/original/high/h1/2final/25_순천고_2학기_기말_고1_기출.js|25_순천고_2학기_기말_고1_기출|14,archive/exams/original/high/h1/2final/25_순천고_2학기_기말_고1_기출.js,14,[object Object],,fbdb90f3d91f1285c7c3921309d7697ed541c8af8baa9ed78ee6013704f611cb,NOT_STARTED,NOT_STARTED,STATIC_OBSERVATION_PENDING,NOT_TESTED,NOT_REVIEWED
archive/exams/original/high/h1/2final/25_순천고_2학기_기말_고1_기출.js|25_순천고_2학기_기말_고1_기출|15,archive/exams/original/high/h1/2final/25_순천고_2학기_기말_고1_기출.js,15,[object Object],,3d0497cb6fcf4efdf37ccc2d0f46ab444eaca8197fd3d1a00033d9647a45d732,NOT_STARTED,NOT_STARTED,STATIC_OBSERVATION_PENDING,NOT_TESTED,NOT_REVIEWED
archive/exams/original/high/h1/2final/25_순천고_2학기_기말_고1_기출.js|25_순천고_2학기_기말_고1_기출|17,archive/exams/original/high/h1/2final/25_순천고_2학기_기말_고1_기출.js,17,[object Object],,0d43b4fb5c69df429d9b493b6010dcc4c5cbabf89f7be81a4c71ba8d6a3cafd6,NOT_STARTED,NOT_STARTED,STATIC_OBSERVATION_PENDING,NOT_TESTED,NOT_REVIEWED
archive/exams/original/high/h1/2final/25_순천고_2학기_기말_고1_기출.js|25_순천고_2학기_기말_고1_기출|18,archive/exams/original/high/h1/2final/25_순천고_2학기_기말_고1_기출.js,18,[object Object],,452fc5145b23711958cfb71de9f2735fe68ad22d2ab91f46f520e425ee98bb15,NOT_STARTED,NOT_STARTED,STATIC_OBSERVATION_PENDING,NOT_TESTED,NOT_REVIEWED
archive/exams/original/high/h1/2final/25_순천고_2학기_기말_고1_기출.js|25_순천고_2학기_기말_고1_기출|23,archive/exams/original/high/h1/2final/25_순천고_2학기_기말_고1_기출.js,23,[object Object],,8364609499fde7c630ea776b284a09c0bc4c471417d77d43aba9018cfc26a17e,NOT_STARTED,NOT_STARTED,STATIC_OBSERVATION_PENDING,NOT_TESTED,NOT_REVIEWED
archive/exams/original/high/h1/2final/25_제일고_2학기_기말_고1_기출.js|25_제일고_2학기_기말_고1_기출|2,archive/exams/original/high/h1/2final/25_제일고_2학기_기말_고1_기출.js,2,[object Object],,3c7968f1778e49af9bd1a285ebaf4c4623a8cd8e4c97f99ea024b80fac3b6e9c,NOT_STARTED,NOT_STARTED,STATIC_OBSERVATION_PENDING,NOT_TESTED,NOT_REVIEWED
archive/exams/original/high/h1/2final/25_제일고_2학기_기말_고1_기출.js|25_제일고_2학기_기말_고1_기출|3,archive/exams/original/high/h1/2final/25_제일고_2학기_기말_고1_기출.js,3,[object Object],,09745f25a0e2308416adeb174f2945417264aa6bfe57bc1cd73849e93e9d3290,NOT_STARTED,NOT_STARTED,STATIC_OBSERVATION_PENDING,NOT_TESTED,NOT_REVIEWED
archive/exams/original/high/h1/2final/25_제일고_2학기_기말_고1_기출.js|25_제일고_2학기_기말_고1_기출|6,archive/exams/original/high/h1/2final/25_제일고_2학기_기말_고1_기출.js,6,[object Object],,4d72938b9cc451b23053047f60e63bd85a01a339291e749df4943fd414fd8ad5,NOT_STARTED,NOT_STARTED,STATIC_OBSERVATION_PENDING,NOT_TESTED,NOT_REVIEWED
archive/exams/original/high/h1/2final/25_제일고_2학기_기말_고1_기출.js|25_제일고_2학기_기말_고1_기출|7,archive/exams/original/high/h1/2final/25_제일고_2학기_기말_고1_기출.js,7,[object Object],,ec72a1fd42edb0c999d41d27173b775a6397cf08ddd1c93ecd2f7d290f9d42fb,NOT_STARTED,NOT_STARTED,STATIC_OBSERVATION_PENDING,NOT_TESTED,NOT_REVIEWED
archive/exams/original/high/h1/2final/25_제일고_2학기_기말_고1_기출.js|25_제일고_2학기_기말_고1_기출|9,archive/exams/original/high/h1/2final/25_제일고_2학기_기말_고1_기출.js,9,[object Object],,42e4b91257583a60df0b5c0ee2bf1bec2bf7bdcdddf75199cd51544cebaba35c,NOT_STARTED,NOT_STARTED,STATIC_OBSERVATION_PENDING,NOT_TESTED,NOT_REVIEWED
archive/exams/original/high/h1/2final/25_제일고_2학기_기말_고1_기출.js|25_제일고_2학기_기말_고1_기출|11,archive/exams/original/high/h1/2final/25_제일고_2학기_기말_고1_기출.js,11,[object Object],,ed3840c8627e8610a5a4686d785444ba4ce8ea319c4486c02b444a1b11ef62a1,NOT_STARTED,NOT_STARTED,STATIC_OBSERVATION_PENDING,NOT_TESTED,NOT_REVIEWED
archive/exams/original/high/h1/2final/25_제일고_2학기_기말_고1_기출.js|25_제일고_2학기_기말_고1_기출|13,archive/exams/original/high/h1/2final/25_제일고_2학기_기말_고1_기출.js,13,[object Object],,ea14c412f345273d39b3101a0a31a14eb4a3eea7a7b241b2229ea36e70324e3c,NOT_STARTED,NOT_STARTED,STATIC_OBSERVATION_PENDING,NOT_TESTED,NOT_REVIEWED
archive/exams/original/high/h1/2final/25_제일고_2학기_기말_고1_기출.js|25_제일고_2학기_기말_고1_기출|14,archive/exams/original/high/h1/2final/25_제일고_2학기_기말_고1_기출.js,14,[object Object],,3daa6587e6fc0ae2477ad208ba2bbfb5052ec8a695f6c2180a6c2a5609aa82cf,NOT_STARTED,NOT_STARTED,STATIC_OBSERVATION_PENDING,NOT_TESTED,NOT_REVIEWED
archive/exams/original/high/h1/2final/25_제일고_2학기_기말_고1_기출.js|25_제일고_2학기_기말_고1_기출|18,archive/exams/original/high/h1/2final/25_제일고_2학기_기말_고1_기출.js,18,[object Object],,f46b128e6e4490725901b399c55154b1b95c94edcba5f216424b585b85e6f1b3,NOT_STARTED,NOT_STARTED,STATIC_OBSERVATION_PENDING,NOT_TESTED,NOT_REVIEWED
archive/exams/original/high/h1/2final/25_제일고_2학기_기말_고1_기출.js|25_제일고_2학기_기말_고1_기출|20,archive/exams/original/high/h1/2final/25_제일고_2학기_기말_고1_기출.js,20,[object Object],,6b1866f3518a06e8ded989a0e281304ac349d16627875941b9ed1411cf05a238,NOT_STARTED,NOT_STARTED,STATIC_OBSERVATION_PENDING,NOT_TESTED,NOT_REVIEWED
archive/exams/original/high/h1/2final/25_팔마고_2학기_기말_고1_기출.js|25_팔마고_2학기_기말_고1_기출|4,archive/exams/original/high/h1/2final/25_팔마고_2학기_기말_고1_기출.js,4,[object Object],,b110ccf0fd557b2b09205d1abcb9a1c0861a84387d713f9780436613beb338b0,NOT_STARTED,NOT_STARTED,STATIC_OBSERVATION_PENDING,NOT_TESTED,NOT_REVIEWED
archive/exams/original/high/h1/2final/25_팔마고_2학기_기말_고1_기출.js|25_팔마고_2학기_기말_고1_기출|6,archive/exams/original/high/h1/2final/25_팔마고_2학기_기말_고1_기출.js,6,[object Object],,a9d21e18be13a68958a08b26743a3c7ed824576c65eff076e97156c6d2ef3faf,NOT_STARTED,NOT_STARTED,STATIC_OBSERVATION_PENDING,NOT_TESTED,NOT_REVIEWED
archive/exams/original/high/h1/2final/25_팔마고_2학기_기말_고1_기출.js|25_팔마고_2학기_기말_고1_기출|11,archive/exams/original/high/h1/2final/25_팔마고_2학기_기말_고1_기출.js,11,[object Object],,30ea3b675f46ba2a208a967582cacfd8b7477607ff7d74d475fd508d60e72d04,NOT_STARTED,NOT_STARTED,STATIC_OBSERVATION_PENDING,NOT_TESTED,NOT_REVIEWED
archive/exams/original/high/h1/2final/25_팔마고_2학기_기말_고1_기출.js|25_팔마고_2학기_기말_고1_기출|14,archive/exams/original/high/h1/2final/25_팔마고_2학기_기말_고1_기출.js,14,[object Object],,e08dd04f9d058051069095e4f2729875f0572db5e9cae9e264278d290033fb63,NOT_STARTED,NOT_STARTED,STATIC_OBSERVATION_PENDING,NOT_TESTED,NOT_REVIEWED
archive/exams/original/high/h1/2final/25_팔마고_2학기_기말_고1_기출.js|25_팔마고_2학기_기말_고1_기출|20,archive/exams/original/high/h1/2final/25_팔마고_2학기_기말_고1_기출.js,20,[object Object],,09e15f64c8532fa1d912c03494648d5c7272cad51a53ffc024c3e2e7d9c36f3b,NOT_STARTED,NOT_STARTED,STATIC_OBSERVATION_PENDING,NOT_TESTED,NOT_REVIEWED
archive/exams/original/high/h1/2final/25_팔마고_2학기_기말_고1_기출.js|25_팔마고_2학기_기말_고1_기출|23,archive/exams/original/high/h1/2final/25_팔마고_2학기_기말_고1_기출.js,23,[object Object],,f0a6852bb08ae46cdf8bdbc8a0db17adea8015b85c6ce0e9d818b97d05e2e696,NOT_STARTED,NOT_STARTED,STATIC_OBSERVATION_PENDING,NOT_TESTED,NOT_REVIEWED
archive/exams/original/high/h1/2final/25_효천고_2학기_기말_고1_기출.js|25_효천고_2학기_기말_고1_기출|8,archive/exams/original/high/h1/2final/25_효천고_2학기_기말_고1_기출.js,8,[object Object],,da255c8fe18bea7f6c1717daaab10fd3901bcdbed69199fa17c12eaadca49142,NOT_STARTED,NOT_STARTED,STATIC_OBSERVATION_PENDING,NOT_TESTED,NOT_REVIEWED
archive/exams/original/high/h1/2final/25_효천고_2학기_기말_고1_기출.js|25_효천고_2학기_기말_고1_기출|11,archive/exams/original/high/h1/2final/25_효천고_2학기_기말_고1_기출.js,11,[object Object],,69264f1bc66338d157d2f7ca30f1b407f104be0d4ed7fd39899622e23574a410,NOT_STARTED,NOT_STARTED,STATIC_OBSERVATION_PENDING,NOT_TESTED,NOT_REVIEWED
archive/exams/original/high/h1/2final/25_효천고_2학기_기말_고1_기출.js|25_효천고_2학기_기말_고1_기출|12,archive/exams/original/high/h1/2final/25_효천고_2학기_기말_고1_기출.js,12,[object Object],,ed29718797cba7a6ac1612bbbf807a9c7014f99ef4bad530411e36a263d1fe91,NOT_STARTED,NOT_STARTED,STATIC_OBSERVATION_PENDING,NOT_TESTED,NOT_REVIEWED
archive/exams/original/high/h1/2final/25_효천고_2학기_기말_고1_기출.js|25_효천고_2학기_기말_고1_기출|18,archive/exams/original/high/h1/2final/25_효천고_2학기_기말_고1_기출.js,18,[object Object],,5a9f928e6b9b53cdef3a89befba668266aa240ff86a295a7d6c5c0d379ab4051,NOT_STARTED,NOT_STARTED,STATIC_OBSERVATION_PENDING,NOT_TESTED,NOT_REVIEWED
archive/exams/original/high/h1/2final/25_효천고_2학기_기말_고1_기출.js|25_효천고_2학기_기말_고1_기출|22,archive/exams/original/high/h1/2final/25_효천고_2학기_기말_고1_기출.js,22,[object Object],,530b24205dfb69b2a5ada24c151cb45dfa119a2184778a6e027c3f8bd1f1ed7a,NOT_STARTED,NOT_STARTED,STATIC_OBSERVATION_PENDING,NOT_TESTED,NOT_REVIEWED
archive/exams/original/high/h1/2mid/21_강남여고_2학기_중간_고1_기출.js|21_강남여고_2학기_중간_고1_기출|1,archive/exams/original/high/h1/2mid/21_강남여고_2학기_중간_고1_기출.js,1,[object Object],,9f46c9ed7f83f65db2df17b2de1770f8369b0ffc76f69d56fe5ba9e292621d06,NOT_STARTED,NOT_STARTED,STATIC_OBSERVATION_PENDING,NOT_TESTED,NOT_REVIEWED
archive/exams/original/high/h1/2mid/21_강남여고_2학기_중간_고1_기출.js|21_강남여고_2학기_중간_고1_기출|2,archive/exams/original/high/h1/2mid/21_강남여고_2학기_중간_고1_기출.js,2,[object Object],,6a31b233fce7a3a3a7ad1708e69382dc4813613d6d3032df92a2540499e310ea,NOT_STARTED,NOT_STARTED,STATIC_OBSERVATION_PENDING,NOT_TESTED,NOT_REVIEWED
archive/exams/original/high/h1/2mid/21_강남여고_2학기_중간_고1_기출.js|21_강남여고_2학기_중간_고1_기출|5,archive/exams/original/high/h1/2mid/21_강남여고_2학기_중간_고1_기출.js,5,[object Object],,3d16233c86ee001822714d57891ace40398920d161a56338c670e0d0aaf2770f,NOT_STARTED,NOT_STARTED,STATIC_OBSERVATION_PENDING,NOT_TESTED,NOT_REVIEWED
archive/exams/original/high/h1/2mid/21_강남여고_2학기_중간_고1_기출.js|21_강남여고_2학기_중간_고1_기출|9,archive/exams/original/high/h1/2mid/21_강남여고_2학기_중간_고1_기출.js,9,[object Object],,df78047eab643954f6e5f072602e501dfad74d5aace6c35abec250071036cec0,NOT_STARTED,NOT_STARTED,STATIC_OBSERVATION_PENDING,NOT_TESTED,NOT_REVIEWED
archive/exams/original/high/h1/2mid/21_강남여고_2학기_중간_고1_기출.js|21_강남여고_2학기_중간_고1_기출|10,archive/exams/original/high/h1/2mid/21_강남여고_2학기_중간_고1_기출.js,10,[object Object],,e190b3d40424b3d394ad803b118d007e3c7e4148a5386aa93915d6268b3d0221,NOT_STARTED,NOT_STARTED,STATIC_OBSERVATION_PENDING,NOT_TESTED,NOT_REVIEWED
archive/exams/original/high/h1/2mid/21_강남여고_2학기_중간_고1_기출.js|21_강남여고_2학기_중간_고1_기출|13,archive/exams/original/high/h1/2mid/21_강남여고_2학기_중간_고1_기출.js,13,[object Object],,28b69db8d65ed16bea78762eaae41c9f8090aef393c2d25b0a4ba5a14e8e0d6d,NOT_STARTED,NOT_STARTED,STATIC_OBSERVATION_PENDING,NOT_TESTED,NOT_REVIEWED
archive/exams/original/high/h1/2mid/21_강남여고_2학기_중간_고1_기출.js|21_강남여고_2학기_중간_고1_기출|14,archive/exams/original/high/h1/2mid/21_강남여고_2학기_중간_고1_기출.js,14,[object Object],,659e1794bf6052b2bde27a2f7d1c3666cfa27b73b6faf069502a5322e05f9945,NOT_STARTED,NOT_STARTED,STATIC_OBSERVATION_PENDING,NOT_TESTED,NOT_REVIEWED
archive/exams/original/high/h1/2mid/21_강남여고_2학기_중간_고1_기출.js|21_강남여고_2학기_중간_고1_기출|17,archive/exams/original/high/h1/2mid/21_강남여고_2학기_중간_고1_기출.js,17,[object Object],,dbb46c9fcdc4669bba0ecfb496afcc798e17ccdb37f24943f93b31e5a569b3c6,NOT_STARTED,NOT_STARTED,STATIC_OBSERVATION_PENDING,NOT_TESTED,NOT_REVIEWED
archive/exams/original/high/h1/2mid/21_강남여고_2학기_중간_고1_기출.js|21_강남여고_2학기_중간_고1_기출|23,archive/exams/original/high/h1/2mid/21_강남여고_2학기_중간_고1_기출.js,23,[object Object],,e4355912600b906b9d2761d3c3465a3e947467fc1f31e4e5a2c69b6fb15f9193,NOT_STARTED,NOT_STARTED,STATIC_OBSERVATION_PENDING,NOT_TESTED,NOT_REVIEWED
archive/exams/original/high/h1/2mid/21_금당고_2학기_중간_고1_기출.js|21_금당고_2학기_중간_고1_기출|1,archive/exams/original/high/h1/2mid/21_금당고_2학기_중간_고1_기출.js,1,[object Object],,9f46c9ed7f83f65db2df17b2de1770f8369b0ffc76f69d56fe5ba9e292621d06,NOT_STARTED,NOT_STARTED,STATIC_OBSERVATION_PENDING,NOT_TESTED,NOT_REVIEWED
archive/exams/original/high/h1/2mid/21_금당고_2학기_중간_고1_기출.js|21_금당고_2학기_중간_고1_기출|2,archive/exams/original/high/h1/2mid/21_금당고_2학기_중간_고1_기출.js,2,[object Object],,a7145a92f727c648b565ee3bba26b179923a94707eb36806f1c247a85691f200,NOT_STARTED,NOT_STARTED,STATIC_OBSERVATION_PENDING,NOT_TESTED,NOT_REVIEWED
archive/exams/original/high/h1/2mid/21_금당고_2학기_중간_고1_기출.js|21_금당고_2학기_중간_고1_기출|3,archive/exams/original/high/h1/2mid/21_금당고_2학기_중간_고1_기출.js,3,[object Object],,22c3e88fcc342f19d9f38233f38b608938251cb55e89757f2140b92873f24235,NOT_STARTED,NOT_STARTED,STATIC_OBSERVATION_PENDING,NOT_TESTED,NOT_REVIEWED
archive/exams/original/high/h1/2mid/21_금당고_2학기_중간_고1_기출.js|21_금당고_2학기_중간_고1_기출|10,archive/exams/original/high/h1/2mid/21_금당고_2학기_중간_고1_기출.js,10,[object Object],,58de204625a93691b947664484f8d5feca63bf87064bc95c78a95b8a1cce3823,NOT_STARTED,NOT_STARTED,STATIC_OBSERVATION_PENDING,NOT_TESTED,NOT_REVIEWED
archive/exams/original/high/h1/2mid/21_금당고_2학기_중간_고1_기출.js|21_금당고_2학기_중간_고1_기출|11,archive/exams/original/high/h1/2mid/21_금당고_2학기_중간_고1_기출.js,11,[object Object],,db7ed51cf9b4bd5747786f87a2be6d1ce0c29ce37103ef574fb7d2720029afbc,NOT_STARTED,NOT_STARTED,STATIC_OBSERVATION_PENDING,NOT_TESTED,NOT_REVIEWED
archive/exams/original/high/h1/2mid/21_금당고_2학기_중간_고1_기출.js|21_금당고_2학기_중간_고1_기출|15,archive/exams/original/high/h1/2mid/21_금당고_2학기_중간_고1_기출.js,15,[object Object],,49278f09ca4ce00ab1ac2863576c523e59ffeafbfb0dbe402a7a77be199b851e,NOT_STARTED,NOT_STARTED,STATIC_OBSERVATION_PENDING,NOT_TESTED,NOT_REVIEWED
archive/exams/original/high/h1/2mid/21_매산고_2학기_중간_고1_기출.js|21_매산고_2학기_중간_고1_기출|1,archive/exams/original/high/h1/2mid/21_매산고_2학기_중간_고1_기출.js,1,[object Object],,9f46c9ed7f83f65db2df17b2de1770f8369b0ffc76f69d56fe5ba9e292621d06,NOT_STARTED,NOT_STARTED,STATIC_OBSERVATION_PENDING,NOT_TESTED,NOT_REVIEWED
archive/exams/original/high/h1/2mid/21_매산고_2학기_중간_고1_기출.js|21_매산고_2학기_중간_고1_기출|2,archive/exams/original/high/h1/2mid/21_매산고_2학기_중간_고1_기출.js,2,[object Object],,f99c15e123a7a0b9bd299d8e03abd30037273a3ed988a6a14066af391f5feb5e,NOT_STARTED,NOT_STARTED,STATIC_OBSERVATION_PENDING,NOT_TESTED,NOT_REVIEWED
archive/exams/original/high/h1/2mid/21_매산고_2학기_중간_고1_기출.js|21_매산고_2학기_중간_고1_기출|8,archive/exams/original/high/h1/2mid/21_매산고_2학기_중간_고1_기출.js,8,[object Object],,389301105f51963e70f6f2d881e26f7f295b877eac97db51e234f9d62b979f06,NOT_STARTED,NOT_STARTED,STATIC_OBSERVATION_PENDING,NOT_TESTED,NOT_REVIEWED
archive/exams/original/high/h1/2mid/21_매산고_2학기_중간_고1_기출.js|21_매산고_2학기_중간_고1_기출|14,archive/exams/original/high/h1/2mid/21_매산고_2학기_중간_고1_기출.js,14,[object Object],,fac4260d12272de2b0a0bf6a2ed8e9326a22e50960b511885db231438dd4a84e,NOT_STARTED,NOT_STARTED,STATIC_OBSERVATION_PENDING,NOT_TESTED,NOT_REVIEWED
archive/exams/original/high/h1/2mid/21_매산고_2학기_중간_고1_기출.js|21_매산고_2학기_중간_고1_기출|16,archive/exams/original/high/h1/2mid/21_매산고_2학기_중간_고1_기출.js,16,[object Object],,62a7ba0a6acbab3bb2a1a6b4110caeccd45bafd7543666ed19e9e8e2a1d5e3b1,NOT_STARTED,NOT_STARTED,STATIC_OBSERVATION_PENDING,NOT_TESTED,NOT_REVIEWED
archive/exams/original/high/h1/2mid/21_복성고_2학기_중간_고1_기출.js|21_복성고_2학기_중간_고1_기출|1,archive/exams/original/high/h1/2mid/21_복성고_2학기_중간_고1_기출.js,1,[object Object]|[object Object],,450bc781a2ce4d5d53e1300c8c7f4a707393160ac2897663cba41232708fb7e2,NOT_STARTED,NOT_STARTED,STATIC_OBSERVATION_PENDING,NOT_TESTED,NOT_REVIEWED
archive/exams/original/high/h1/2mid/21_복성고_2학기_중간_고1_기출.js|21_복성고_2학기_중간_고1_기출|2,archive/exams/original/high/h1/2mid/21_복성고_2학기_중간_고1_기출.js,2,[object Object],,20ba1ce3b46d1f353b9d8deb9d5ad64da4997f03effa6e8f9de2e7f52a032f12,NOT_STARTED,NOT_STARTED,STATIC_OBSERVATION_PENDING,NOT_TESTED,NOT_REVIEWED
archive/exams/original/high/h1/2mid/21_복성고_2학기_중간_고1_기출.js|21_복성고_2학기_중간_고1_기출|3,archive/exams/original/high/h1/2mid/21_복성고_2학기_중간_고1_기출.js,3,[object Object],,d5fe573509861242abf85877d582e8a8e9ceae7ae307d1c01e6b69a9200e9479,NOT_STARTED,NOT_STARTED,STATIC_OBSERVATION_PENDING,NOT_TESTED,NOT_REVIEWED
archive/exams/original/high/h1/2mid/21_복성고_2학기_중간_고1_기출.js|21_복성고_2학기_중간_고1_기출|4,archive/exams/original/high/h1/2mid/21_복성고_2학기_중간_고1_기출.js,4,[object Object],,9eea808693dda31d3a69c4614f460c4fa06ccbf97b90ad4a212fcf74f2e28a4c,NOT_STARTED,NOT_STARTED,STATIC_OBSERVATION_PENDING,NOT_TESTED,NOT_REVIEWED
archive/exams/original/high/h1/2mid/21_복성고_2학기_중간_고1_기출.js|21_복성고_2학기_중간_고1_기출|5,archive/exams/original/high/h1/2mid/21_복성고_2학기_중간_고1_기출.js,5,[object Object],,3d16233c86ee001822714d57891ace40398920d161a56338c670e0d0aaf2770f,NOT_STARTED,NOT_STARTED,STATIC_OBSERVATION_PENDING,NOT_TESTED,NOT_REVIEWED
archive/exams/original/high/h1/2mid/21_복성고_2학기_중간_고1_기출.js|21_복성고_2학기_중간_고1_기출|6,archive/exams/original/high/h1/2mid/21_복성고_2학기_중간_고1_기출.js,6,[object Object],,d8c6a383e177047958bb5ab06c3f62ec1384518b7b21878e5dd169844def02d2,NOT_STARTED,NOT_STARTED,STATIC_OBSERVATION_PENDING,NOT_TESTED,NOT_REVIEWED
archive/exams/original/high/h1/2mid/21_복성고_2학기_중간_고1_기출.js|21_복성고_2학기_중간_고1_기출|9,archive/exams/original/high/h1/2mid/21_복성고_2학기_중간_고1_기출.js,9,[object Object]|[object Object],,feb6fd76e6ec6ab62912ebe4747e6bebe8d4a4ddf4e3e18b39888d73a1112480,NOT_STARTED,NOT_STARTED,STATIC_OBSERVATION_PENDING,NOT_TESTED,NOT_REVIEWED
archive/exams/original/high/h1/2mid/21_복성고_2학기_중간_고1_기출.js|21_복성고_2학기_중간_고1_기출|10,archive/exams/original/high/h1/2mid/21_복성고_2학기_중간_고1_기출.js,10,[object Object],,f448c804d1f7cbc3fa56402be46fb3143594233c4d7211aae8739d0eee73d1db,NOT_STARTED,NOT_STARTED,STATIC_OBSERVATION_PENDING,NOT_TESTED,NOT_REVIEWED
archive/exams/original/high/h1/2mid/21_복성고_2학기_중간_고1_기출.js|21_복성고_2학기_중간_고1_기출|11,archive/exams/original/high/h1/2mid/21_복성고_2학기_중간_고1_기출.js,11,[object Object]|[object Object],,9438b4044b3400ae9705df73aadad3ee83f2af3b1acdd98b2f058b90b8642efd,NOT_STARTED,NOT_STARTED,STATIC_OBSERVATION_PENDING,NOT_TESTED,NOT_REVIEWED
archive/exams/original/high/h1/2mid/21_복성고_2학기_중간_고1_기출.js|21_복성고_2학기_중간_고1_기출|12,archive/exams/original/high/h1/2mid/21_복성고_2학기_중간_고1_기출.js,12,[object Object],,3cb405f9447f344070a4749bb6c24dc631ecbc196bbdb90d8c6a7b6a92b3a577,NOT_STARTED,NOT_STARTED,STATIC_OBSERVATION_PENDING,NOT_TESTED,NOT_REVIEWED
archive/exams/original/high/h1/2mid/21_복성고_2학기_중간_고1_기출.js|21_복성고_2학기_중간_고1_기출|13,archive/exams/original/high/h1/2mid/21_복성고_2학기_중간_고1_기출.js,13,[object Object],,9707ddf2a1c4e0f968de8d2da18a08292dabc4dd4b4a9bb068bbe16c414b325b,NOT_STARTED,NOT_STARTED,STATIC_OBSERVATION_PENDING,NOT_TESTED,NOT_REVIEWED
archive/exams/original/high/h1/2mid/21_복성고_2학기_중간_고1_기출.js|21_복성고_2학기_중간_고1_기출|16,archive/exams/original/high/h1/2mid/21_복성고_2학기_중간_고1_기출.js,16,[object Object],,fdb9b538f7ba6a364409438c6572a576637c19bcb9dc2dd742726d3196572209,NOT_STARTED,NOT_STARTED,STATIC_OBSERVATION_PENDING,NOT_TESTED,NOT_REVIEWED
archive/exams/original/high/h1/2mid/21_복성고_2학기_중간_고1_기출.js|21_복성고_2학기_중간_고1_기출|17,archive/exams/original/high/h1/2mid/21_복성고_2학기_중간_고1_기출.js,17,[object Object],,36e7793c474a4f63c52ad0fb8f912d16a2b2d28392911f55053cda3465657e20,NOT_STARTED,NOT_STARTED,STATIC_OBSERVATION_PENDING,NOT_TESTED,NOT_REVIEWED
archive/exams/original/high/h1/2mid/21_복성고_2학기_중간_고1_기출.js|21_복성고_2학기_중간_고1_기출|18,archive/exams/original/high/h1/2mid/21_복성고_2학기_중간_고1_기출.js,18,[object Object],,c9f919b4779975ca20cc021cd549bf4b57976e25544b80b4057507541edf5a3c,NOT_STARTED,NOT_STARTED,STATIC_OBSERVATION_PENDING,NOT_TESTED,NOT_REVIEWED
archive/exams/original/high/h1/2mid/21_복성고_2학기_중간_고1_기출.js|21_복성고_2학기_중간_고1_기출|19,archive/exams/original/high/h1/2mid/21_복성고_2학기_중간_고1_기출.js,19,[object Object],,553ceeefd55ccb6cf8fb65749fc9a03a931ddb179ee9e8d47bdadf3ef13819e2,NOT_STARTED,NOT_STARTED,STATIC_OBSERVATION_PENDING,NOT_TESTED,NOT_REVIEWED
archive/exams/original/high/h1/2mid/21_복성고_2학기_중간_고1_기출.js|21_복성고_2학기_중간_고1_기출|22,archive/exams/original/high/h1/2mid/21_복성고_2학기_중간_고1_기출.js,22,[object Object],,e9d5902485e0ac7f535efe0468e4973d958872b9287d36291fceba5bd42f8cf8,NOT_STARTED,NOT_STARTED,STATIC_OBSERVATION_PENDING,NOT_TESTED,NOT_REVIEWED
archive/exams/original/high/h1/2mid/21_순천고_2학기_중간_고1_기출.js|21_순천고_2학기_중간_고1_기출|1,archive/exams/original/high/h1/2mid/21_순천고_2학기_중간_고1_기출.js,1,[object Object],,9c44e6ca442ecadc0f34fbc61ab9ad97bbf345bce307a320aa4515745e9d8613,NOT_STARTED,NOT_STARTED,STATIC_OBSERVATION_PENDING,NOT_TESTED,NOT_REVIEWED
archive/exams/original/high/h1/2mid/21_순천고_2학기_중간_고1_기출.js|21_순천고_2학기_중간_고1_기출|2,archive/exams/original/high/h1/2mid/21_순천고_2학기_중간_고1_기출.js,2,[object Object],,1a757bc14fc881c9d1df7ea17d36b0bb236431ebb2e2b6d4fee045109e345c0c,NOT_STARTED,NOT_STARTED,STATIC_OBSERVATION_PENDING,NOT_TESTED,NOT_REVIEWED
archive/exams/original/high/h1/2mid/21_순천고_2학기_중간_고1_기출.js|21_순천고_2학기_중간_고1_기출|3,archive/exams/original/high/h1/2mid/21_순천고_2학기_중간_고1_기출.js,3,[object Object],,c59187641c26a1e685254ce077913fe80d4715617afc41e4453cf5a65646adb0,NOT_STARTED,NOT_STARTED,STATIC_OBSERVATION_PENDING,NOT_TESTED,NOT_REVIEWED
archive/exams/original/high/h1/2mid/21_순천고_2학기_중간_고1_기출.js|21_순천고_2학기_중간_고1_기출|4,archive/exams/original/high/h1/2mid/21_순천고_2학기_중간_고1_기출.js,4,[object Object],,02aac599ba0efbdb04cb30c04c061be0ec546ec6a029d956fa3e698752eb6be7,NOT_STARTED,NOT_STARTED,STATIC_OBSERVATION_PENDING,NOT_TESTED,NOT_REVIEWED
archive/exams/original/high/h1/2mid/21_순천고_2학기_중간_고1_기출.js|21_순천고_2학기_중간_고1_기출|8,archive/exams/original/high/h1/2mid/21_순천고_2학기_중간_고1_기출.js,8,[object Object],,722fa839022b62e6b807f788483015ba183d5dd3b2f93fdfc59ec88017ec42ff,NOT_STARTED,NOT_STARTED,STATIC_OBSERVATION_PENDING,NOT_TESTED,NOT_REVIEWED
archive/exams/original/high/h1/2mid/21_순천고_2학기_중간_고1_기출.js|21_순천고_2학기_중간_고1_기출|9,archive/exams/original/high/h1/2mid/21_순천고_2학기_중간_고1_기출.js,9,[object Object],,b3f9a6ae8257c5195ca56c10f3c49965f783d0b4dd035dfc8c344bbea1bbba7e,NOT_STARTED,NOT_STARTED,STATIC_OBSERVATION_PENDING,NOT_TESTED,NOT_REVIEWED
archive/exams/original/high/h1/2mid/21_순천고_2학기_중간_고1_기출.js|21_순천고_2학기_중간_고1_기출|10,archive/exams/original/high/h1/2mid/21_순천고_2학기_중간_고1_기출.js,10,[object Object],,01bdd2ffe147244e21526c4d8e159e7e176ecdbaa98c847241bf5f10079b7dd0,NOT_STARTED,NOT_STARTED,STATIC_OBSERVATION_PENDING,NOT_TESTED,NOT_REVIEWED
archive/exams/original/high/h1/2mid/21_순천고_2학기_중간_고1_기출.js|21_순천고_2학기_중간_고1_기출|11,archive/exams/original/high/h1/2mid/21_순천고_2학기_중간_고1_기출.js,11,[object Object],,dc172ccae8c91dc083c3d0c53d35ddc6c1c2efb773ae0dad5dcd509f8ff5c6ad,NOT_STARTED,NOT_STARTED,STATIC_OBSERVATION_PENDING,NOT_TESTED,NOT_REVIEWED
archive/exams/original/high/h1/2mid/21_순천고_2학기_중간_고1_기출.js|21_순천고_2학기_중간_고1_기출|19,archive/exams/original/high/h1/2mid/21_순천고_2학기_중간_고1_기출.js,19,[object Object],,33f896b6359d892c13b029f9f4199b5b99a9f4de6cf14f8f5400bcc2078ff0b4,NOT_STARTED,NOT_STARTED,STATIC_OBSERVATION_PENDING,NOT_TESTED,NOT_REVIEWED
archive/exams/original/high/h1/2mid/21_순천고_2학기_중간_고1_기출.js|21_순천고_2학기_중간_고1_기출|20,archive/exams/original/high/h1/2mid/21_순천고_2학기_중간_고1_기출.js,20,[object Object],,ea36146ec2df13cb324104ffb5f14a09599327fd578b53881f9bf95fe16ada3c,NOT_STARTED,NOT_STARTED,STATIC_OBSERVATION_PENDING,NOT_TESTED,NOT_REVIEWED
archive/exams/original/high/h1/2mid/21_순천고_2학기_중간_고1_기출.js|21_순천고_2학기_중간_고1_기출|21,archive/exams/original/high/h1/2mid/21_순천고_2학기_중간_고1_기출.js,21,[object Object]|[object Object],,cbd055019632b077c83cf32f5085a0b2ce22d8632de89225f739f28ffb48d0b4,NOT_STARTED,NOT_STARTED,STATIC_OBSERVATION_PENDING,NOT_TESTED,NOT_REVIEWED
archive/exams/original/high/h1/2mid/21_제일고_2학기_중간_고1_기출.js|21_제일고_2학기_중간_고1_기출|2,archive/exams/original/high/h1/2mid/21_제일고_2학기_중간_고1_기출.js,2,[object Object],,fe8da1ad76e40a972caeb80aa98647eb47987a5345d17f84449c53b1617060f8,NOT_STARTED,NOT_STARTED,STATIC_OBSERVATION_PENDING,NOT_TESTED,NOT_REVIEWED
archive/exams/original/high/h1/2mid/21_제일고_2학기_중간_고1_기출.js|21_제일고_2학기_중간_고1_기출|4,archive/exams/original/high/h1/2mid/21_제일고_2학기_중간_고1_기출.js,4,[object Object],,8d9a70656e80a1f5979a8168c6b1521488701195a2107c5f5a8b31502f9b976e,NOT_STARTED,NOT_STARTED,STATIC_OBSERVATION_PENDING,NOT_TESTED,NOT_REVIEWED
archive/exams/original/high/h1/2mid/21_제일고_2학기_중간_고1_기출.js|21_제일고_2학기_중간_고1_기출|5,archive/exams/original/high/h1/2mid/21_제일고_2학기_중간_고1_기출.js,5,[object Object],,3b0ac0ae5cdd34dd28f7ede84385c50f9add3f8f6c4212aa80b1d3aee4e2cc4e,NOT_STARTED,NOT_STARTED,STATIC_OBSERVATION_PENDING,NOT_TESTED,NOT_REVIEWED
archive/exams/original/high/h1/2mid/21_제일고_2학기_중간_고1_기출.js|21_제일고_2학기_중간_고1_기출|6,archive/exams/original/high/h1/2mid/21_제일고_2학기_중간_고1_기출.js,6,[object Object]|[object Object],,2d89fefd026027d3202f99727faf4b953723fd611b8b58c33436a449daef5ed3,NOT_STARTED,NOT_STARTED,STATIC_OBSERVATION_PENDING,NOT_TESTED,NOT_REVIEWED
archive/exams/original/high/h1/2mid/21_제일고_2학기_중간_고1_기출.js|21_제일고_2학기_중간_고1_기출|7,archive/exams/original/high/h1/2mid/21_제일고_2학기_중간_고1_기출.js,7,[object Object],,eb772f532fecd2101662679121bb03c6d580e4d7fb3f9c6c686a992b56e0381c,NOT_STARTED,NOT_STARTED,STATIC_OBSERVATION_PENDING,NOT_TESTED,NOT_REVIEWED
archive/exams/original/high/h1/2mid/21_제일고_2학기_중간_고1_기출.js|21_제일고_2학기_중간_고1_기출|8,archive/exams/original/high/h1/2mid/21_제일고_2학기_중간_고1_기출.js,8,[object Object],,389301105f51963e70f6f2d881e26f7f295b877eac97db51e234f9d62b979f06,NOT_STARTED,NOT_STARTED,STATIC_OBSERVATION_PENDING,NOT_TESTED,NOT_REVIEWED
archive/exams/original/high/h1/2mid/21_제일고_2학기_중간_고1_기출.js|21_제일고_2학기_중간_고1_기출|14,archive/exams/original/high/h1/2mid/21_제일고_2학기_중간_고1_기출.js,14,[object Object],,bff4c3c75940c2d3e99f8469e3071105cb52923b817c9b9d4e49337dc2a332ab,NOT_STARTED,NOT_STARTED,STATIC_OBSERVATION_PENDING,NOT_TESTED,NOT_REVIEWED
archive/exams/original/high/h1/2mid/21_제일고_2학기_중간_고1_기출.js|21_제일고_2학기_중간_고1_기출|18,archive/exams/original/high/h1/2mid/21_제일고_2학기_중간_고1_기출.js,18,[object Object],,9e1b9d7448d17fa303fc4d4156999938594e9b00c5e317aae304af7d80434bb4,NOT_STARTED,NOT_STARTED,STATIC_OBSERVATION_PENDING,NOT_TESTED,NOT_REVIEWED
archive/exams/original/high/h1/2mid/21_제일고_2학기_중간_고1_기출.js|21_제일고_2학기_중간_고1_기출|19,archive/exams/original/high/h1/2mid/21_제일고_2학기_중간_고1_기출.js,19,[object Object],,776d1d10dcf9e20d19c421a3b8e1a444914f7b74eb8c9371e88e02ac4d4cb139,NOT_STARTED,NOT_STARTED,STATIC_OBSERVATION_PENDING,NOT_TESTED,NOT_REVIEWED
archive/exams/original/high/h1/2mid/21_제일고_2학기_중간_고1_기출.js|21_제일고_2학기_중간_고1_기출|20,archive/exams/original/high/h1/2mid/21_제일고_2학기_중간_고1_기출.js,20,[object Object],,829976582c0723a8729b4924ec96e4b217741ec1125540a4a39f26013de54ab8,NOT_STARTED,NOT_STARTED,STATIC_OBSERVATION_PENDING,NOT_TESTED,NOT_REVIEWED
archive/exams/original/high/h1/2mid/21_팔마고_2학기_중간_고1_기출.js|21_팔마고_2학기_중간_고1_기출|1,archive/exams/original/high/h1/2mid/21_팔마고_2학기_중간_고1_기출.js,1,[object Object],,aed4dd8b63efb79303aa3d84e7bc0631123e96e9952f5c22b94ced2e30400ec6,NOT_STARTED,NOT_STARTED,STATIC_OBSERVATION_PENDING,NOT_TESTED,NOT_REVIEWED
archive/exams/original/high/h1/2mid/21_팔마고_2학기_중간_고1_기출.js|21_팔마고_2학기_중간_고1_기출|2,archive/exams/original/high/h1/2mid/21_팔마고_2학기_중간_고1_기출.js,2,[object Object],,e496db996e86a5151015491035ea21a9250fd1dd67945f8df467f8413c5da682,NOT_STARTED,NOT_STARTED,STATIC_OBSERVATION_PENDING,NOT_TESTED,NOT_REVIEWED
archive/exams/original/high/h1/2mid/21_팔마고_2학기_중간_고1_기출.js|21_팔마고_2학기_중간_고1_기출|3,archive/exams/original/high/h1/2mid/21_팔마고_2학기_중간_고1_기출.js,3,[object Object],,5a0ebe1a761d415e301d618a9b51dba961956a1b9c768aff8667462dbb984593,NOT_STARTED,NOT_STARTED,STATIC_OBSERVATION_PENDING,NOT_TESTED,NOT_REVIEWED
archive/exams/original/high/h1/2mid/21_팔마고_2학기_중간_고1_기출.js|21_팔마고_2학기_중간_고1_기출|10,archive/exams/original/high/h1/2mid/21_팔마고_2학기_중간_고1_기출.js,10,[object Object],,36cb15d9a4be42834c719e007d58232939010cd580ff926d67d67634b9a73846,NOT_STARTED,NOT_STARTED,STATIC_OBSERVATION_PENDING,NOT_TESTED,NOT_REVIEWED
archive/exams/original/high/h1/2mid/21_팔마고_2학기_중간_고1_기출.js|21_팔마고_2학기_중간_고1_기출|15,archive/exams/original/high/h1/2mid/21_팔마고_2학기_중간_고1_기출.js,15,[object Object],,c61bb0be139bba128e7e5949605375eda329563017658b1435c79948ef574625,NOT_STARTED,NOT_STARTED,STATIC_OBSERVATION_PENDING,NOT_TESTED,NOT_REVIEWED
archive/exams/original/high/h1/2mid/21_팔마고_2학기_중간_고1_기출.js|21_팔마고_2학기_중간_고1_기출|16,archive/exams/original/high/h1/2mid/21_팔마고_2학기_중간_고1_기출.js,16,[object Object],,d3f0de206908592129af2d6c8e698892c068c1d274744b8f5ead2498369dd7b7,NOT_STARTED,NOT_STARTED,STATIC_OBSERVATION_PENDING,NOT_TESTED,NOT_REVIEWED
archive/exams/original/high/h1/2mid/21_팔마고_2학기_중간_고1_기출.js|21_팔마고_2학기_중간_고1_기출|19,archive/exams/original/high/h1/2mid/21_팔마고_2학기_중간_고1_기출.js,19,[object Object],,e2c1e76dba64b2f63c0ba51c3f819a1c1b8e96df14298de219c3e56c1262a1bc,NOT_STARTED,NOT_STARTED,STATIC_OBSERVATION_PENDING,NOT_TESTED,NOT_REVIEWED
archive/exams/original/high/h1/2mid/21_효천고_2학기_중간_고1_기출.js|21_효천고_2학기_중간_고1_기출|2,archive/exams/original/high/h1/2mid/21_효천고_2학기_중간_고1_기출.js,2,[object Object],,80481d3f06aa828505c2e0fed2ed6dc10dce4d2d5dc9cb7929b32160e4f83d57,NOT_STARTED,NOT_STARTED,STATIC_OBSERVATION_PENDING,NOT_TESTED,NOT_REVIEWED
archive/exams/original/high/h1/2mid/21_효천고_2학기_중간_고1_기출.js|21_효천고_2학기_중간_고1_기출|5,archive/exams/original/high/h1/2mid/21_효천고_2학기_중간_고1_기출.js,5,[object Object],,e7ba2b144aff070eee9de41e24b167145c0986dfbde31cc0d733382b64e88f46,NOT_STARTED,NOT_STARTED,STATIC_OBSERVATION_PENDING,NOT_TESTED,NOT_REVIEWED
archive/exams/original/high/h1/2mid/21_효천고_2학기_중간_고1_기출.js|21_효천고_2학기_중간_고1_기출|6,archive/exams/original/high/h1/2mid/21_효천고_2학기_중간_고1_기출.js,6,[object Object],,8cd01536627d6714f49a4ea1e4755297a948e0e1c2b4fbc128f79e3d3a13a055,NOT_STARTED,NOT_STARTED,STATIC_OBSERVATION_PENDING,NOT_TESTED,NOT_REVIEWED
archive/exams/original/high/h1/2mid/21_효천고_2학기_중간_고1_기출.js|21_효천고_2학기_중간_고1_기출|8,archive/exams/original/high/h1/2mid/21_효천고_2학기_중간_고1_기출.js,8,[object Object]|[object Object],,a14fb5162ee53d94e6e17036e7215a3de4204cb9c19bf221a563250b056ba44b,NOT_STARTED,NOT_STARTED,STATIC_OBSERVATION_PENDING,NOT_TESTED,NOT_REVIEWED
archive/exams/original/high/h1/2mid/21_효천고_2학기_중간_고1_기출.js|21_효천고_2학기_중간_고1_기출|11,archive/exams/original/high/h1/2mid/21_효천고_2학기_중간_고1_기출.js,11,[object Object],,b813ab4132e4bd3289f53645c4c55a7783aa5a959317581ad3896a45d24ed1da,NOT_STARTED,NOT_STARTED,STATIC_OBSERVATION_PENDING,NOT_TESTED,NOT_REVIEWED
archive/exams/original/high/h1/2mid/21_효천고_2학기_중간_고1_기출.js|21_효천고_2학기_중간_고1_기출|13,archive/exams/original/high/h1/2mid/21_효천고_2학기_중간_고1_기출.js,13,[object Object]|[object Object],,d965833b7549db82c9c53fe3d6d8a560af6b340167e1414518856dd7067a1bdf,NOT_STARTED,NOT_STARTED,STATIC_OBSERVATION_PENDING,NOT_TESTED,NOT_REVIEWED
archive/exams/original/high/h1/2mid/21_효천고_2학기_중간_고1_기출.js|21_효천고_2학기_중간_고1_기출|16,archive/exams/original/high/h1/2mid/21_효천고_2학기_중간_고1_기출.js,16,[object Object],,62a7ba0a6acbab3bb2a1a6b4110caeccd45bafd7543666ed19e9e8e2a1d5e3b1,NOT_STARTED,NOT_STARTED,STATIC_OBSERVATION_PENDING,NOT_TESTED,NOT_REVIEWED
archive/exams/original/high/h1/2mid/21_효천고_2학기_중간_고1_기출.js|21_효천고_2학기_중간_고1_기출|17,archive/exams/original/high/h1/2mid/21_효천고_2학기_중간_고1_기출.js,17,[object Object],,064a11acc8ca9817e9ab1d347ad10f2ee6384fc3150fb0f1ea682d179310bdb0,NOT_STARTED,NOT_STARTED,STATIC_OBSERVATION_PENDING,NOT_TESTED,NOT_REVIEWED
archive/exams/original/high/h1/2mid/21_효천고_2학기_중간_고1_기출.js|21_효천고_2학기_중간_고1_기출|19,archive/exams/original/high/h1/2mid/21_효천고_2학기_중간_고1_기출.js,19,[object Object],,299b095a939e47d4e6d53e9c3809d92eca92b8bca31493b2cc0c0e5d93f2a4b3,NOT_STARTED,NOT_STARTED,STATIC_OBSERVATION_PENDING,NOT_TESTED,NOT_REVIEWED
archive/exams/original/high/h1/2mid/21_효천고_2학기_중간_고1_기출.js|21_효천고_2학기_중간_고1_기출|20,archive/exams/original/high/h1/2mid/21_효천고_2학기_중간_고1_기출.js,20,[object Object],,829976582c0723a8729b4924ec96e4b217741ec1125540a4a39f26013de54ab8,NOT_STARTED,NOT_STARTED,STATIC_OBSERVATION_PENDING,NOT_TESTED,NOT_REVIEWED
archive/exams/original/high/h1/2mid/22_강남여고_2학기_중간_고1_기출.js|22_강남여고_2학기_중간_고1_기출|5,archive/exams/original/high/h1/2mid/22_강남여고_2학기_중간_고1_기출.js,5,[object Object],,538e3433802c95c6feff271c44e80ad2563443d2ae7213b9a435f41a46a6e7bd,NOT_STARTED,NOT_STARTED,STATIC_OBSERVATION_PENDING,NOT_TESTED,NOT_REVIEWED
archive/exams/original/high/h1/2mid/22_강남여고_2학기_중간_고1_기출.js|22_강남여고_2학기_중간_고1_기출|6,archive/exams/original/high/h1/2mid/22_강남여고_2학기_중간_고1_기출.js,6,[object Object],,cd54bdcb17930f0213a2816e7b1913e17dcce05d18f9f191cabcd671168cc5f3,NOT_STARTED,NOT_STARTED,STATIC_OBSERVATION_PENDING,NOT_TESTED,NOT_REVIEWED
archive/exams/original/high/h1/2mid/22_강남여고_2학기_중간_고1_기출.js|22_강남여고_2학기_중간_고1_기출|9,archive/exams/original/high/h1/2mid/22_강남여고_2학기_중간_고1_기출.js,9,[object Object],,b6717236e19b0b054f784515693e52112eaa8a92d9bd198c5a72d6e407463baa,NOT_STARTED,NOT_STARTED,STATIC_OBSERVATION_PENDING,NOT_TESTED,NOT_REVIEWED
archive/exams/original/high/h1/2mid/22_강남여고_2학기_중간_고1_기출.js|22_강남여고_2학기_중간_고1_기출|10,archive/exams/original/high/h1/2mid/22_강남여고_2학기_중간_고1_기출.js,10,[object Object],,11054d070d186bf3731d3b029f17e6230e42fb0c9e0b33f45d6fc68ae64081ad,NOT_STARTED,NOT_STARTED,STATIC_OBSERVATION_PENDING,NOT_TESTED,NOT_REVIEWED
archive/exams/original/high/h1/2mid/22_강남여고_2학기_중간_고1_기출.js|22_강남여고_2학기_중간_고1_기출|13,archive/exams/original/high/h1/2mid/22_강남여고_2학기_중간_고1_기출.js,13,[object Object],,fe3239c1f7363ba8b101889c81c54d3bc56485c22e6f3b7f2380a55fecc7f1ed,NOT_STARTED,NOT_STARTED,STATIC_OBSERVATION_PENDING,NOT_TESTED,NOT_REVIEWED
archive/exams/original/high/h1/2mid/22_강남여고_2학기_중간_고1_기출.js|22_강남여고_2학기_중간_고1_기출|14,archive/exams/original/high/h1/2mid/22_강남여고_2학기_중간_고1_기출.js,14,[object Object],,6d27b9bc104191a2b3fdf73a4a7c55cda9134069ec68b363ffd6822d3dc43459,NOT_STARTED,NOT_STARTED,STATIC_OBSERVATION_PENDING,NOT_TESTED,NOT_REVIEWED
archive/exams/original/high/h1/2mid/22_강남여고_2학기_중간_고1_기출.js|22_강남여고_2학기_중간_고1_기출|16,archive/exams/original/high/h1/2mid/22_강남여고_2학기_중간_고1_기출.js,16,[object Object],,223352fd3d118595b86c5564e91e28d89e674fb74c90e56fb9a0bb24b4d49bb2,NOT_STARTED,NOT_STARTED,STATIC_OBSERVATION_PENDING,NOT_TESTED,NOT_REVIEWED
archive/exams/original/high/h1/2mid/22_강남여고_2학기_중간_고1_기출.js|22_강남여고_2학기_중간_고1_기출|22,archive/exams/original/high/h1/2mid/22_강남여고_2학기_중간_고1_기출.js,22,[object Object],,ea5afe56663445a0f3290195a13a3de5295bd489acbb13335b5ab7312029bf55,NOT_STARTED,NOT_STARTED,STATIC_OBSERVATION_PENDING,NOT_TESTED,NOT_REVIEWED
archive/exams/original/high/h1/2mid/22_강남여고_2학기_중간_고1_기출.js|22_강남여고_2학기_중간_고1_기출|23,archive/exams/original/high/h1/2mid/22_강남여고_2학기_중간_고1_기출.js,23,[object Object],,2bf2d99a8ecc2cc63100dd21632f2dc057e6e5665f8e97b66e0fe4fd4e2adc84,NOT_STARTED,NOT_STARTED,STATIC_OBSERVATION_PENDING,NOT_TESTED,NOT_REVIEWED
archive/exams/original/high/h1/2mid/22_금당고_2학기_중간_고1_기출.js|22_금당고_2학기_중간_고1_기출|11,archive/exams/original/high/h1/2mid/22_금당고_2학기_중간_고1_기출.js,11,[object Object],,9cca64667ec9e22ce6239e31e0127527d9691bf76ab6e4438f4a07e62dc170d8,NOT_STARTED,NOT_STARTED,STATIC_OBSERVATION_PENDING,NOT_TESTED,NOT_REVIEWED
archive/exams/original/high/h1/2mid/22_금당고_2학기_중간_고1_기출.js|22_금당고_2학기_중간_고1_기출|13,archive/exams/original/high/h1/2mid/22_금당고_2학기_중간_고1_기출.js,13,[object Object],,1ebf9c4ae7a1a773c36133665caa2c5a60dc0027a1623b1dbcad3818153d1425,NOT_STARTED,NOT_STARTED,STATIC_OBSERVATION_PENDING,NOT_TESTED,NOT_REVIEWED
archive/exams/original/high/h1/2mid/22_금당고_2학기_중간_고1_기출.js|22_금당고_2학기_중간_고1_기출|16,archive/exams/original/high/h1/2mid/22_금당고_2학기_중간_고1_기출.js,16,[object Object],,1895a59fd24dbb29adb3e5cda13454fefa5adb221b6aa9080470345dc3786d5a,NOT_STARTED,NOT_STARTED,STATIC_OBSERVATION_PENDING,NOT_TESTED,NOT_REVIEWED
archive/exams/original/high/h1/2mid/22_매산고_2학기_중간_고1_기출.js|22_매산고_2학기_중간_고1_기출|6,archive/exams/original/high/h1/2mid/22_매산고_2학기_중간_고1_기출.js,6,[object Object],,08cfbc49b2baa6a990503c8a73f48ebb48c67d699abf7bdd6160c047369365ff,NOT_STARTED,NOT_STARTED,STATIC_OBSERVATION_PENDING,NOT_TESTED,NOT_REVIEWED
archive/exams/original/high/h1/2mid/22_매산고_2학기_중간_고1_기출.js|22_매산고_2학기_중간_고1_기출|16,archive/exams/original/high/h1/2mid/22_매산고_2학기_중간_고1_기출.js,16,[object Object],,3de4c0d7ba1477f22bad845770d7eba5140908b13c3759cc71c73241baa126b4,NOT_STARTED,NOT_STARTED,STATIC_OBSERVATION_PENDING,NOT_TESTED,NOT_REVIEWED
archive/exams/original/high/h1/2mid/22_매산고_2학기_중간_고1_기출.js|22_매산고_2학기_중간_고1_기출|17,archive/exams/original/high/h1/2mid/22_매산고_2학기_중간_고1_기출.js,17,[object Object],,51589798569e8d2d9395cc8e3de1119abc0fd74845d43d776a719069b7cee99e,NOT_STARTED,NOT_STARTED,STATIC_OBSERVATION_PENDING,NOT_TESTED,NOT_REVIEWED
archive/exams/original/high/h1/2mid/22_매산고_2학기_중간_고1_기출.js|22_매산고_2학기_중간_고1_기출|19,archive/exams/original/high/h1/2mid/22_매산고_2학기_중간_고1_기출.js,19,[object Object],,368e7176c2b5350def6e806db8cdd0874f3c1c4fa552ea3855f885ac4d21bde7,NOT_STARTED,NOT_STARTED,STATIC_OBSERVATION_PENDING,NOT_TESTED,NOT_REVIEWED
archive/exams/original/high/h1/2mid/22_복성고_2학기_중간_고1_기출.js|22_복성고_2학기_중간_고1_기출|9,archive/exams/original/high/h1/2mid/22_복성고_2학기_중간_고1_기출.js,9,[object Object]|[object Object],,42168538c26a47b41c6de447eb3cb31b0fd0995c35bbe4dd8e67e4d137802bbc,NOT_STARTED,NOT_STARTED,STATIC_OBSERVATION_PENDING,NOT_TESTED,NOT_REVIEWED
archive/exams/original/high/h1/2mid/22_복성고_2학기_중간_고1_기출.js|22_복성고_2학기_중간_고1_기출|15,archive/exams/original/high/h1/2mid/22_복성고_2학기_중간_고1_기출.js,15,[object Object],,c49f2174fc0d06a81b6ee2ec1d8e73557b0dd4e18ceb8e8aa368535c682a10e7,NOT_STARTED,NOT_STARTED,STATIC_OBSERVATION_PENDING,NOT_TESTED,NOT_REVIEWED
archive/exams/original/high/h1/2mid/22_복성고_2학기_중간_고1_기출.js|22_복성고_2학기_중간_고1_기출|17,archive/exams/original/high/h1/2mid/22_복성고_2학기_중간_고1_기출.js,17,[object Object],,8158be634700dea3113306e52dffd748114a48474f2169147b2063b49fb82a79,NOT_STARTED,NOT_STARTED,STATIC_OBSERVATION_PENDING,NOT_TESTED,NOT_REVIEWED
archive/exams/original/high/h1/2mid/22_복성고_2학기_중간_고1_기출.js|22_복성고_2학기_중간_고1_기출|21,archive/exams/original/high/h1/2mid/22_복성고_2학기_중간_고1_기출.js,21,[object Object],,9a618a413567868875a5964f044d3ca745f2bde7e4c33ce1cbbbbb1c76a9d66b,NOT_STARTED,NOT_STARTED,STATIC_OBSERVATION_PENDING,NOT_TESTED,NOT_REVIEWED
archive/exams/original/high/h1/2mid/22_순천여고_2학기_중간_고1_기출.js|22_순천여고_2학기_중간_고1_기출|4,archive/exams/original/high/h1/2mid/22_순천여고_2학기_중간_고1_기출.js,4,[object Object],,1dd0e11dd003f105af0a10d4caee02256317ebca81f6040a92a8dde22ff4357f,NOT_STARTED,NOT_STARTED,STATIC_OBSERVATION_PENDING,NOT_TESTED,NOT_REVIEWED
archive/exams/original/high/h1/2mid/22_순천여고_2학기_중간_고1_기출.js|22_순천여고_2학기_중간_고1_기출|8,archive/exams/original/high/h1/2mid/22_순천여고_2학기_중간_고1_기출.js,8,[object Object],,de4b0518cbe6359a9c82822fa016a90e92e198af7c0f3bd6cd31b135a27b8c76,NOT_STARTED,NOT_STARTED,STATIC_OBSERVATION_PENDING,NOT_TESTED,NOT_REVIEWED
archive/exams/original/high/h1/2mid/22_순천여고_2학기_중간_고1_기출.js|22_순천여고_2학기_중간_고1_기출|16,archive/exams/original/high/h1/2mid/22_순천여고_2학기_중간_고1_기출.js,16,[object Object],,c7a476784e0dd9e72c8d4a3af4769e67f20adefb2e735bb3e94ffa88f673bd9b,NOT_STARTED,NOT_STARTED,STATIC_OBSERVATION_PENDING,NOT_TESTED,NOT_REVIEWED
archive/exams/original/high/h1/2mid/22_순천여고_2학기_중간_고1_기출.js|22_순천여고_2학기_중간_고1_기출|17,archive/exams/original/high/h1/2mid/22_순천여고_2학기_중간_고1_기출.js,17,[object Object],,70afdb00525fc291237f30b8068f1eae6eead3afb1eb8d8ccff544cef79ab6a5,NOT_STARTED,NOT_STARTED,STATIC_OBSERVATION_PENDING,NOT_TESTED,NOT_REVIEWED
archive/exams/original/high/h1/2mid/22_제일고_2학기_중간_고1_기출.js|22_제일고_2학기_중간_고1_기출|1,archive/exams/original/high/h1/2mid/22_제일고_2학기_중간_고1_기출.js,1,[object Object],,3ae42246b81d8701621fc9500f75c47d4511ab8b786bcf19a087299b2f4e516d,NOT_STARTED,NOT_STARTED,STATIC_OBSERVATION_PENDING,NOT_TESTED,NOT_REVIEWED
archive/exams/original/high/h1/2mid/22_제일고_2학기_중간_고1_기출.js|22_제일고_2학기_중간_고1_기출|3,archive/exams/original/high/h1/2mid/22_제일고_2학기_중간_고1_기출.js,3,[object Object],,40f59425e340cfb3914425ddfe1c42a206c09c246568250ea344f20dd5499104,NOT_STARTED,NOT_STARTED,STATIC_OBSERVATION_PENDING,NOT_TESTED,NOT_REVIEWED
archive/exams/original/high/h1/2mid/22_제일고_2학기_중간_고1_기출.js|22_제일고_2학기_중간_고1_기출|5,archive/exams/original/high/h1/2mid/22_제일고_2학기_중간_고1_기출.js,5,[object Object],,7da7fd092c29531ec7d48a4965f1b7bcd1b17e50e893a90d8622dff46785e2d8,NOT_STARTED,NOT_STARTED,STATIC_OBSERVATION_PENDING,NOT_TESTED,NOT_REVIEWED
archive/exams/original/high/h1/2mid/22_제일고_2학기_중간_고1_기출.js|22_제일고_2학기_중간_고1_기출|11,archive/exams/original/high/h1/2mid/22_제일고_2학기_중간_고1_기출.js,11,[object Object],,7eaf23534d981a5970afdd62f8cede1fdc71ee19b8f626d99933d20cb485fa8a,NOT_STARTED,NOT_STARTED,STATIC_OBSERVATION_PENDING,NOT_TESTED,NOT_REVIEWED
archive/exams/original/high/h1/2mid/22_제일고_2학기_중간_고1_기출.js|22_제일고_2학기_중간_고1_기출|13,archive/exams/original/high/h1/2mid/22_제일고_2학기_중간_고1_기출.js,13,[object Object],,49cf68e37035c861b6ce897067808c599247340f9db40a76a11fa9bbd088152f,NOT_STARTED,NOT_STARTED,STATIC_OBSERVATION_PENDING,NOT_TESTED,NOT_REVIEWED
archive/exams/original/high/h1/2mid/22_제일고_2학기_중간_고1_기출.js|22_제일고_2학기_중간_고1_기출|17,archive/exams/original/high/h1/2mid/22_제일고_2학기_중간_고1_기출.js,17,[object Object]|[object Object],,63ed9e04c066f4a4e1f29d9437ab687b36889ef3ceec29c41b7f422d03e17f7a,NOT_STARTED,NOT_STARTED,STATIC_OBSERVATION_PENDING,NOT_TESTED,NOT_REVIEWED
archive/exams/original/high/h1/2mid/22_제일고_2학기_중간_고1_기출.js|22_제일고_2학기_중간_고1_기출|19,archive/exams/original/high/h1/2mid/22_제일고_2학기_중간_고1_기출.js,19,[object Object],,6bd39959a045acaa7b8c1f2c74a01e8998848d6a0b8a78d8cbf6259a8b1524de,NOT_STARTED,NOT_STARTED,STATIC_OBSERVATION_PENDING,NOT_TESTED,NOT_REVIEWED
archive/exams/original/high/h1/2mid/22_제일고_2학기_중간_고1_기출.js|22_제일고_2학기_중간_고1_기출|20,archive/exams/original/high/h1/2mid/22_제일고_2학기_중간_고1_기출.js,20,[object Object],,aab2abe4dd51df346104a631a0553399ca23839c5e2d3e48cb01cb6614f094ea,NOT_STARTED,NOT_STARTED,STATIC_OBSERVATION_PENDING,NOT_TESTED,NOT_REVIEWED
archive/exams/original/high/h1/2mid/22_팔마고_2학기_중간_고1_기출.js|22_팔마고_2학기_중간_고1_기출|3,archive/exams/original/high/h1/2mid/22_팔마고_2학기_중간_고1_기출.js,3,[object Object],,4f6fde7571776bc818ef5e267c50f600299a9ad776aa2b90a14894277569d431,NOT_STARTED,NOT_STARTED,STATIC_OBSERVATION_PENDING,NOT_TESTED,NOT_REVIEWED
archive/exams/original/high/h1/2mid/22_팔마고_2학기_중간_고1_기출.js|22_팔마고_2학기_중간_고1_기출|7,archive/exams/original/high/h1/2mid/22_팔마고_2학기_중간_고1_기출.js,7,[object Object],,d551d01e6b419eff8a3e97d4c4240321878e9ad03f4554d7428dfb477e625222,NOT_STARTED,NOT_STARTED,STATIC_OBSERVATION_PENDING,NOT_TESTED,NOT_REVIEWED
archive/exams/original/high/h1/2mid/22_팔마고_2학기_중간_고1_기출.js|22_팔마고_2학기_중간_고1_기출|12,archive/exams/original/high/h1/2mid/22_팔마고_2학기_중간_고1_기출.js,12,[object Object],,a05d971127e7b252f76aa7c2b188e324d13894c032ae1e6abe438c6262f293e2,NOT_STARTED,NOT_STARTED,STATIC_OBSERVATION_PENDING,NOT_TESTED,NOT_REVIEWED
archive/exams/original/high/h1/2mid/22_팔마고_2학기_중간_고1_기출.js|22_팔마고_2학기_중간_고1_기출|14,archive/exams/original/high/h1/2mid/22_팔마고_2학기_중간_고1_기출.js,14,[object Object],,011fb4f45b7a4ff55b9a0382588f348dbbb6d4f60bd400f063d430b50cc96b8d,NOT_STARTED,NOT_STARTED,STATIC_OBSERVATION_PENDING,NOT_TESTED,NOT_REVIEWED
archive/exams/original/high/h1/2mid/22_팔마고_2학기_중간_고1_기출.js|22_팔마고_2학기_중간_고1_기출|18,archive/exams/original/high/h1/2mid/22_팔마고_2학기_중간_고1_기출.js,18,[object Object],,8940678e23cc36d8925996fbf13087caf5f044f579d243fc6ed94aaf4435594b,NOT_STARTED,NOT_STARTED,STATIC_OBSERVATION_PENDING,NOT_TESTED,NOT_REVIEWED
archive/exams/original/high/h1/2mid/22_팔마고_2학기_중간_고1_기출.js|22_팔마고_2학기_중간_고1_기출|20,archive/exams/original/high/h1/2mid/22_팔마고_2학기_중간_고1_기출.js,20,[object Object],,d4de615b57cf4a2f4de1f5028309642240470569153ba1fa167c318ea4d0fb88,NOT_STARTED,NOT_STARTED,STATIC_OBSERVATION_PENDING,NOT_TESTED,NOT_REVIEWED
archive/exams/original/high/h1/2mid/22_팔마고_2학기_중간_고1_기출.js|22_팔마고_2학기_중간_고1_기출|22,archive/exams/original/high/h1/2mid/22_팔마고_2학기_중간_고1_기출.js,22,[object Object],,0bf32734ef910fbdd8586e2e38fcb63299a20db0db54da98055e218f7b20c704,NOT_STARTED,NOT_STARTED,STATIC_OBSERVATION_PENDING,NOT_TESTED,NOT_REVIEWED
archive/exams/original/high/h1/2mid/22_효천고_2학기_중간_고1_기출.js|22_효천고_2학기_중간_고1_기출|1,archive/exams/original/high/h1/2mid/22_효천고_2학기_중간_고1_기출.js,1,[object Object],,f273e87894d54c59443362f3841ff10f90b18b7bf1484cad4efcc2f694145de6,NOT_STARTED,NOT_STARTED,STATIC_OBSERVATION_PENDING,NOT_TESTED,NOT_REVIEWED
archive/exams/original/high/h1/2mid/22_효천고_2학기_중간_고1_기출.js|22_효천고_2학기_중간_고1_기출|10,archive/exams/original/high/h1/2mid/22_효천고_2학기_중간_고1_기출.js,10,[object Object],,11f222a3551b5f89e77311c2ffc6bdd0de6f5f1239aa9d2ca83a2c717fdfaf7d,NOT_STARTED,NOT_STARTED,STATIC_OBSERVATION_PENDING,NOT_TESTED,NOT_REVIEWED
archive/exams/original/high/h1/2mid/22_효천고_2학기_중간_고1_기출.js|22_효천고_2학기_중간_고1_기출|11,archive/exams/original/high/h1/2mid/22_효천고_2학기_중간_고1_기출.js,11,[object Object],,8258c677c1f2313d74cd0a57eb1c4b441cdaabc066cad539abd9da16fdc667db,NOT_STARTED,NOT_STARTED,STATIC_OBSERVATION_PENDING,NOT_TESTED,NOT_REVIEWED
archive/exams/original/high/h1/2mid/22_효천고_2학기_중간_고1_기출.js|22_효천고_2학기_중간_고1_기출|12,archive/exams/original/high/h1/2mid/22_효천고_2학기_중간_고1_기출.js,12,[object Object],,df01ece196159c229ccfbf3973bafc943ad15c0184bbca8e6a5738bed3a927b6,NOT_STARTED,NOT_STARTED,STATIC_OBSERVATION_PENDING,NOT_TESTED,NOT_REVIEWED
archive/exams/original/high/h1/2mid/22_효천고_2학기_중간_고1_기출.js|22_효천고_2학기_중간_고1_기출|13,archive/exams/original/high/h1/2mid/22_효천고_2학기_중간_고1_기출.js,13,[object Object],,24e49b54653df6b89e2ea37cae8a15a7c92592ffff7e4b5c65c6f669e613e560,NOT_STARTED,NOT_STARTED,STATIC_OBSERVATION_PENDING,NOT_TESTED,NOT_REVIEWED
archive/exams/original/high/h1/2mid/22_효천고_2학기_중간_고1_기출.js|22_효천고_2학기_중간_고1_기출|17,archive/exams/original/high/h1/2mid/22_효천고_2학기_중간_고1_기출.js,17,[object Object],,fcece49cd68fcd2593d7bf61a3d75811696893e835b7a97086c9d0b97240549d,NOT_STARTED,NOT_STARTED,STATIC_OBSERVATION_PENDING,NOT_TESTED,NOT_REVIEWED
archive/exams/original/high/h1/2mid/22_효천고_2학기_중간_고1_기출.js|22_효천고_2학기_중간_고1_기출|21,archive/exams/original/high/h1/2mid/22_효천고_2학기_중간_고1_기출.js,21,[object Object],,096c8e4d0a0a1118098a10fe1ee4be3696e9252b309d281920438b79d3314781,NOT_STARTED,NOT_STARTED,STATIC_OBSERVATION_PENDING,NOT_TESTED,NOT_REVIEWED
archive/exams/original/high/h1/2mid/22_효천고_2학기_중간_고1_기출.js|22_효천고_2학기_중간_고1_기출|22,archive/exams/original/high/h1/2mid/22_효천고_2학기_중간_고1_기출.js,22,[object Object],,aabe9dd65fcb9d309531150751bb0546aa5e28465d0f8d53b4b196f75f555e1d,NOT_STARTED,NOT_STARTED,STATIC_OBSERVATION_PENDING,NOT_TESTED,NOT_REVIEWED
archive/exams/original/high/h1/2mid/23_강남여고_2학기_중간_고1_기출.js|23_강남여고_2학기_중간_고1_기출|2,archive/exams/original/high/h1/2mid/23_강남여고_2학기_중간_고1_기출.js,2,[object Object],,cb82f45cae650a8a9f93e0b6de25ae19046ea55c37f6b8f41a1aae71bc3852b1,NOT_STARTED,NOT_STARTED,STATIC_OBSERVATION_PENDING,NOT_TESTED,NOT_REVIEWED
archive/exams/original/high/h1/2mid/23_강남여고_2학기_중간_고1_기출.js|23_강남여고_2학기_중간_고1_기출|4,archive/exams/original/high/h1/2mid/23_강남여고_2학기_중간_고1_기출.js,4,[object Object]|[object Object],,34574d6dcf8b76a81d05da20cb88722c57dbf04d084cd526e6838c452fa6d152,NOT_STARTED,NOT_STARTED,STATIC_OBSERVATION_PENDING,NOT_TESTED,NOT_REVIEWED
archive/exams/original/high/h1/2mid/23_강남여고_2학기_중간_고1_기출.js|23_강남여고_2학기_중간_고1_기출|20,archive/exams/original/high/h1/2mid/23_강남여고_2학기_중간_고1_기출.js,20,[object Object]|[object Object],,11a1b19dd02653abadd2c281c194c5957377f8d71eee256dcd0af8f0aec39e90,NOT_STARTED,NOT_STARTED,STATIC_OBSERVATION_PENDING,NOT_TESTED,NOT_REVIEWED
archive/exams/original/high/h1/2mid/23_금당고_2학기_중간_고1_기출.js|23_금당고_2학기_중간_고1_기출|1,archive/exams/original/high/h1/2mid/23_금당고_2학기_중간_고1_기출.js,1,[object Object],,e50b7368990a7f464bf94d62b9a5354ea229d7dc069ade69c644cfaad677be6e,NOT_STARTED,NOT_STARTED,STATIC_OBSERVATION_PENDING,NOT_TESTED,NOT_REVIEWED
archive/exams/original/high/h1/2mid/23_금당고_2학기_중간_고1_기출.js|23_금당고_2학기_중간_고1_기출|2,archive/exams/original/high/h1/2mid/23_금당고_2학기_중간_고1_기출.js,2,[object Object],,2f2892c6d7bcb14c0eacbb9742f64e3c189d53ec42debdad2bd189641f0ac8a6,NOT_STARTED,NOT_STARTED,STATIC_OBSERVATION_PENDING,NOT_TESTED,NOT_REVIEWED
archive/exams/original/high/h1/2mid/23_금당고_2학기_중간_고1_기출.js|23_금당고_2학기_중간_고1_기출|7,archive/exams/original/high/h1/2mid/23_금당고_2학기_중간_고1_기출.js,7,[object Object],,74c4655a65fdb1f37e197a80d89067167bc73985a4e8a345550d8b6a76c0a35b,NOT_STARTED,NOT_STARTED,STATIC_OBSERVATION_PENDING,NOT_TESTED,NOT_REVIEWED
archive/exams/original/high/h1/2mid/23_금당고_2학기_중간_고1_기출.js|23_금당고_2학기_중간_고1_기출|12,archive/exams/original/high/h1/2mid/23_금당고_2학기_중간_고1_기출.js,12,[object Object],,3d061cc9df722ce8bf120f8e8372201f90ef0638f9b02ed53ee80a7d87f24f80,NOT_STARTED,NOT_STARTED,STATIC_OBSERVATION_PENDING,NOT_TESTED,NOT_REVIEWED
archive/exams/original/high/h1/2mid/23_금당고_2학기_중간_고1_기출.js|23_금당고_2학기_중간_고1_기출|13,archive/exams/original/high/h1/2mid/23_금당고_2학기_중간_고1_기출.js,13,[object Object],,927149bfcd4fe42dc0495b61d90e8c7929c186e5783e3f46714033223bc4a1c5,NOT_STARTED,NOT_STARTED,STATIC_OBSERVATION_PENDING,NOT_TESTED,NOT_REVIEWED
archive/exams/original/high/h1/2mid/23_금당고_2학기_중간_고1_기출.js|23_금당고_2학기_중간_고1_기출|16,archive/exams/original/high/h1/2mid/23_금당고_2학기_중간_고1_기출.js,16,[object Object],,9e6c313af92f5d3a1d0b6515ad5e46929dd4b2f40cc4427b9b9b3837e54e245f,NOT_STARTED,NOT_STARTED,STATIC_OBSERVATION_PENDING,NOT_TESTED,NOT_REVIEWED
archive/exams/original/high/h1/2mid/23_금당고_2학기_중간_고1_기출.js|23_금당고_2학기_중간_고1_기출|18,archive/exams/original/high/h1/2mid/23_금당고_2학기_중간_고1_기출.js,18,[object Object]|[object Object],,9938b01e6c850a4bab998dfd43d2c8791d369a83acdf1fdb7210a6a748b396e6,NOT_STARTED,NOT_STARTED,STATIC_OBSERVATION_PENDING,NOT_TESTED,NOT_REVIEWED
archive/exams/original/high/h1/2mid/23_금당고_2학기_중간_고1_기출.js|23_금당고_2학기_중간_고1_기출|21,archive/exams/original/high/h1/2mid/23_금당고_2학기_중간_고1_기출.js,21,[object Object]|[object Object],,5cec8437956c38081f2d47150e98205d51e701b8581f3a353a96a4448ffcd82a,NOT_STARTED,NOT_STARTED,STATIC_OBSERVATION_PENDING,NOT_TESTED,NOT_REVIEWED
archive/exams/original/high/h1/2mid/23_매산여고_2학기_중간_고1_기출.js|23_매산여고_2학기_중간_고1_기출|4,archive/exams/original/high/h1/2mid/23_매산여고_2학기_중간_고1_기출.js,4,[object Object]|[object Object],,b137ca23c4304678f7d45c72032d3c3bbf7b3e17fff858a5e0360097fcaa3ec2,NOT_STARTED,NOT_STARTED,STATIC_OBSERVATION_PENDING,NOT_TESTED,NOT_REVIEWED
archive/exams/original/high/h1/2mid/23_매산여고_2학기_중간_고1_기출.js|23_매산여고_2학기_중간_고1_기출|5,archive/exams/original/high/h1/2mid/23_매산여고_2학기_중간_고1_기출.js,5,[object Object],,03170a6619ff0bdeacb490196794792c80a1c81af101be35ae75dd7392236ebd,NOT_STARTED,NOT_STARTED,STATIC_OBSERVATION_PENDING,NOT_TESTED,NOT_REVIEWED
archive/exams/original/high/h1/2mid/23_매산여고_2학기_중간_고1_기출.js|23_매산여고_2학기_중간_고1_기출|11,archive/exams/original/high/h1/2mid/23_매산여고_2학기_중간_고1_기출.js,11,[object Object],,04757339601827098227bd52dceb55780e0d0584257b73bf4229a69ecfcaf136,NOT_STARTED,NOT_STARTED,STATIC_OBSERVATION_PENDING,NOT_TESTED,NOT_REVIEWED
archive/exams/original/high/h1/2mid/23_매산여고_2학기_중간_고1_기출.js|23_매산여고_2학기_중간_고1_기출|12,archive/exams/original/high/h1/2mid/23_매산여고_2학기_중간_고1_기출.js,12,[object Object],,d273d7a36c218911d98de8707eb07338d5577f3a98e5a01c163482f3a4e7cba6,NOT_STARTED,NOT_STARTED,STATIC_OBSERVATION_PENDING,NOT_TESTED,NOT_REVIEWED
archive/exams/original/high/h1/2mid/23_매산여고_2학기_중간_고1_기출.js|23_매산여고_2학기_중간_고1_기출|13,archive/exams/original/high/h1/2mid/23_매산여고_2학기_중간_고1_기출.js,13,[object Object],,76035a858a6ab283807841db769ffa503e0541e271c2005ec54c29c94161c50b,NOT_STARTED,NOT_STARTED,STATIC_OBSERVATION_PENDING,NOT_TESTED,NOT_REVIEWED
archive/exams/original/high/h1/2mid/23_매산여고_2학기_중간_고1_기출.js|23_매산여고_2학기_중간_고1_기출|14,archive/exams/original/high/h1/2mid/23_매산여고_2학기_중간_고1_기출.js,14,[object Object],,cf57900a2fa36fc85defc453cc565811dc3f1ed606ae5eca2b6066f62de3fb55,NOT_STARTED,NOT_STARTED,STATIC_OBSERVATION_PENDING,NOT_TESTED,NOT_REVIEWED
archive/exams/original/high/h1/2mid/23_매산여고_2학기_중간_고1_기출.js|23_매산여고_2학기_중간_고1_기출|15,archive/exams/original/high/h1/2mid/23_매산여고_2학기_중간_고1_기출.js,15,[object Object]|[object Object],,2bef63c7d7cece5df7d0b1aabce0ab5a1763ce5340bba80f2abaed3522f4236c,NOT_STARTED,NOT_STARTED,STATIC_OBSERVATION_PENDING,NOT_TESTED,NOT_REVIEWED
archive/exams/original/high/h1/2mid/23_매산여고_2학기_중간_고1_기출.js|23_매산여고_2학기_중간_고1_기출|16,archive/exams/original/high/h1/2mid/23_매산여고_2학기_중간_고1_기출.js,16,[object Object]|[object Object],,771e23de0075ea9e0fb03560de87d099dded6ad393dd4999658919fd169dc200,NOT_STARTED,NOT_STARTED,STATIC_OBSERVATION_PENDING,NOT_TESTED,NOT_REVIEWED
archive/exams/original/high/h1/2mid/23_매산여고_2학기_중간_고1_기출.js|23_매산여고_2학기_중간_고1_기출|18,archive/exams/original/high/h1/2mid/23_매산여고_2학기_중간_고1_기출.js,18,[object Object],,f9c5c924ab52415e61073f318904519bb69e339cafaedafe323b743110060bc8,NOT_STARTED,NOT_STARTED,STATIC_OBSERVATION_PENDING,NOT_TESTED,NOT_REVIEWED
archive/exams/original/high/h1/2mid/23_매산여고_2학기_중간_고1_기출.js|23_매산여고_2학기_중간_고1_기출|21,archive/exams/original/high/h1/2mid/23_매산여고_2학기_중간_고1_기출.js,21,[object Object],,5907161b5564f17b0b83ed5ce1b37943569a81ef4bd78e70fa742395ff6f0681,NOT_STARTED,NOT_STARTED,STATIC_OBSERVATION_PENDING,NOT_TESTED,NOT_REVIEWED
archive/exams/original/high/h1/2mid/23_순천여고_2학기_중간_고1_기출.js|23_순천여고_2학기_중간_고1_기출|3,archive/exams/original/high/h1/2mid/23_순천여고_2학기_중간_고1_기출.js,3,[object Object],,762501a99240d5535e1d21c4f61f50bc6c014cedad851b7ea1d9e9e23574196e,NOT_STARTED,NOT_STARTED,STATIC_OBSERVATION_PENDING,NOT_TESTED,NOT_REVIEWED
archive/exams/original/high/h1/2mid/23_순천여고_2학기_중간_고1_기출.js|23_순천여고_2학기_중간_고1_기출|6,archive/exams/original/high/h1/2mid/23_순천여고_2학기_중간_고1_기출.js,6,[object Object],,7b525fe51b26ed162e3ebf902fcbec7c43d90affa97ad68d273691c30623589b,NOT_STARTED,NOT_STARTED,STATIC_OBSERVATION_PENDING,NOT_TESTED,NOT_REVIEWED
archive/exams/original/high/h1/2mid/23_순천여고_2학기_중간_고1_기출.js|23_순천여고_2학기_중간_고1_기출|10,archive/exams/original/high/h1/2mid/23_순천여고_2학기_중간_고1_기출.js,10,[object Object],,b9f58c1239cc0e38fc8fc532958929fd12c60fa01e1ef111711640cf6fd137ba,NOT_STARTED,NOT_STARTED,STATIC_OBSERVATION_PENDING,NOT_TESTED,NOT_REVIEWED
archive/exams/original/high/h1/2mid/23_순천여고_2학기_중간_고1_기출.js|23_순천여고_2학기_중간_고1_기출|13,archive/exams/original/high/h1/2mid/23_순천여고_2학기_중간_고1_기출.js,13,[object Object],,05a89502562fe038191d25863fd1f0b2e35d321571343e40e3bad5af29db0ccf,NOT_STARTED,NOT_STARTED,STATIC_OBSERVATION_PENDING,NOT_TESTED,NOT_REVIEWED
archive/exams/original/high/h1/2mid/23_순천여고_2학기_중간_고1_기출.js|23_순천여고_2학기_중간_고1_기출|17,archive/exams/original/high/h1/2mid/23_순천여고_2학기_중간_고1_기출.js,17,[object Object],,835593efcc826e71832ff6313c85fe9f22ae4163a4b27c1fb646409390794168,NOT_STARTED,NOT_STARTED,STATIC_OBSERVATION_PENDING,NOT_TESTED,NOT_REVIEWED
archive/exams/original/high/h1/2mid/23_순천여고_2학기_중간_고1_기출.js|23_순천여고_2학기_중간_고1_기출|18,archive/exams/original/high/h1/2mid/23_순천여고_2학기_중간_고1_기출.js,18,[object Object],,00ec7124627f6a09332e41403f2a46a6a2a534cab4160372b20fc0a372c54b08,NOT_STARTED,NOT_STARTED,STATIC_OBSERVATION_PENDING,NOT_TESTED,NOT_REVIEWED
archive/exams/original/high/h1/2mid/23_순천여고_2학기_중간_고1_기출.js|23_순천여고_2학기_중간_고1_기출|21,archive/exams/original/high/h1/2mid/23_순천여고_2학기_중간_고1_기출.js,21,[object Object],,1afed9b57153d62153a4433659f64e7a56ffebbd0144f4942d5b4f3c2d059e77,NOT_STARTED,NOT_STARTED,STATIC_OBSERVATION_PENDING,NOT_TESTED,NOT_REVIEWED
archive/exams/original/high/h1/2mid/23_순천여고_2학기_중간_고1_기출.js|23_순천여고_2학기_중간_고1_기출|23,archive/exams/original/high/h1/2mid/23_순천여고_2학기_중간_고1_기출.js,23,[object Object],,f007a973eeade88c341be905a5c3070d968818f2709f6c5fa271c58dcc3d9d90,NOT_STARTED,NOT_STARTED,STATIC_OBSERVATION_PENDING,NOT_TESTED,NOT_REVIEWED
archive/exams/original/high/h1/2mid/23_팔마고_2학기_중간_고1_기출.js|23_팔마고_2학기_중간_고1_기출|2,archive/exams/original/high/h1/2mid/23_팔마고_2학기_중간_고1_기출.js,2,[object Object],,d9db248b28fffa5b883b9d83fb93aac6510540a4f5a0d77392eb662678443492,NOT_STARTED,NOT_STARTED,STATIC_OBSERVATION_PENDING,NOT_TESTED,NOT_REVIEWED
archive/exams/original/high/h1/2mid/23_팔마고_2학기_중간_고1_기출.js|23_팔마고_2학기_중간_고1_기출|3,archive/exams/original/high/h1/2mid/23_팔마고_2학기_중간_고1_기출.js,3,[object Object],,96984ca913da193326f5a700ce0c10b428f7b19e337b5d9022225149b861d106,NOT_STARTED,NOT_STARTED,STATIC_OBSERVATION_PENDING,NOT_TESTED,NOT_REVIEWED
archive/exams/original/high/h1/2mid/23_팔마고_2학기_중간_고1_기출.js|23_팔마고_2학기_중간_고1_기출|4,archive/exams/original/high/h1/2mid/23_팔마고_2학기_중간_고1_기출.js,4,[object Object],,d2a4f5d82225f9ff632ee9f529b48a9e4ed06b6dda8cce19ae2740f3fcd735a4,NOT_STARTED,NOT_STARTED,STATIC_OBSERVATION_PENDING,NOT_TESTED,NOT_REVIEWED
archive/exams/original/high/h1/2mid/23_팔마고_2학기_중간_고1_기출.js|23_팔마고_2학기_중간_고1_기출|7,archive/exams/original/high/h1/2mid/23_팔마고_2학기_중간_고1_기출.js,7,[object Object],,2aff0ea370159969d97b28426f3e5e0c3e0949b30c62518ef60b0a21d111f8a7,NOT_STARTED,NOT_STARTED,STATIC_OBSERVATION_PENDING,NOT_TESTED,NOT_REVIEWED
archive/exams/original/high/h1/2mid/23_팔마고_2학기_중간_고1_기출.js|23_팔마고_2학기_중간_고1_기출|9,archive/exams/original/high/h1/2mid/23_팔마고_2학기_중간_고1_기출.js,9,[object Object],,7c9cd1d4e1428213d8f77cbfb2f5f5374fe1064753ba65a267de138279e4246d,NOT_STARTED,NOT_STARTED,STATIC_OBSERVATION_PENDING,NOT_TESTED,NOT_REVIEWED
archive/exams/original/high/h1/2mid/23_팔마고_2학기_중간_고1_기출.js|23_팔마고_2학기_중간_고1_기출|10,archive/exams/original/high/h1/2mid/23_팔마고_2학기_중간_고1_기출.js,10,[object Object],,f4cd227628de2c09eaadd436fc2bea223cfe9708b1729c525168298431b69c4d,NOT_STARTED,NOT_STARTED,STATIC_OBSERVATION_PENDING,NOT_TESTED,NOT_REVIEWED
archive/exams/original/high/h1/2mid/23_팔마고_2학기_중간_고1_기출.js|23_팔마고_2학기_중간_고1_기출|11,archive/exams/original/high/h1/2mid/23_팔마고_2학기_중간_고1_기출.js,11,[object Object],,c578a9c22f8cdcffe736d9895b4a9b6c59e56efa911cf9a76db2d42c933d984a,NOT_STARTED,NOT_STARTED,STATIC_OBSERVATION_PENDING,NOT_TESTED,NOT_REVIEWED
archive/exams/original/high/h1/2mid/23_팔마고_2학기_중간_고1_기출.js|23_팔마고_2학기_중간_고1_기출|13,archive/exams/original/high/h1/2mid/23_팔마고_2학기_중간_고1_기출.js,13,[object Object],,74377f9493967bc97d94642fdc274904f3015c965b03c4320f6ac5b545f81b49,NOT_STARTED,NOT_STARTED,STATIC_OBSERVATION_PENDING,NOT_TESTED,NOT_REVIEWED
archive/exams/original/high/h1/2mid/23_팔마고_2학기_중간_고1_기출.js|23_팔마고_2학기_중간_고1_기출|15,archive/exams/original/high/h1/2mid/23_팔마고_2학기_중간_고1_기출.js,15,[object Object]|[object Object],,0c2c89beef9f4cce001732e3105cb8db40aca9b1226f62acf9de2a312860ba9c,NOT_STARTED,NOT_STARTED,STATIC_OBSERVATION_PENDING,NOT_TESTED,NOT_REVIEWED
archive/exams/original/high/h1/2mid/23_팔마고_2학기_중간_고1_기출.js|23_팔마고_2학기_중간_고1_기출|16,archive/exams/original/high/h1/2mid/23_팔마고_2학기_중간_고1_기출.js,16,[object Object],,652fae0fa7d8a964e3b701f4e90d9f409256965cf829fc9fc2629c5cac90f3f7,NOT_STARTED,NOT_STARTED,STATIC_OBSERVATION_PENDING,NOT_TESTED,NOT_REVIEWED
archive/exams/original/high/h1/2mid/23_팔마고_2학기_중간_고1_기출.js|23_팔마고_2학기_중간_고1_기출|18,archive/exams/original/high/h1/2mid/23_팔마고_2학기_중간_고1_기출.js,18,[object Object],,846153b7414f67787f47b00672496289672025f12592a7ef5c378dea47565ee9,NOT_STARTED,NOT_STARTED,STATIC_OBSERVATION_PENDING,NOT_TESTED,NOT_REVIEWED
archive/exams/original/high/h1/2mid/23_팔마고_2학기_중간_고1_기출.js|23_팔마고_2학기_중간_고1_기출|20,archive/exams/original/high/h1/2mid/23_팔마고_2학기_중간_고1_기출.js,20,[object Object],,4b646a9521b2cdc049c809beaee60faf656153ac719381254c71def16c82fc97,NOT_STARTED,NOT_STARTED,STATIC_OBSERVATION_PENDING,NOT_TESTED,NOT_REVIEWED
archive/exams/original/high/h1/2mid/24_금당고_2학기_중간_고1_기출.js|24_금당고_2학기_중간_고1_기출|1,archive/exams/original/high/h1/2mid/24_금당고_2학기_중간_고1_기출.js,1,[object Object],,873d49fbe4fc8665e7fcfcd687bb551c4624aa0d09416d7002f04fd43bb69c59,NOT_STARTED,NOT_STARTED,STATIC_OBSERVATION_PENDING,NOT_TESTED,NOT_REVIEWED
archive/exams/original/high/h1/2mid/24_금당고_2학기_중간_고1_기출.js|24_금당고_2학기_중간_고1_기출|3,archive/exams/original/high/h1/2mid/24_금당고_2학기_중간_고1_기출.js,3,[object Object]|[object Object],,a3eea55a40ab29e7ccb44da2b98133f9da90d2ead07c49857fd11a801807e609,NOT_STARTED,NOT_STARTED,STATIC_OBSERVATION_PENDING,NOT_TESTED,NOT_REVIEWED
archive/exams/original/high/h1/2mid/24_금당고_2학기_중간_고1_기출.js|24_금당고_2학기_중간_고1_기출|6,archive/exams/original/high/h1/2mid/24_금당고_2학기_중간_고1_기출.js,6,[object Object],,dea1dc462fedb5db0d953d042da74bfc8c0c9ee277ada017a1d66aa7af25e44d,NOT_STARTED,NOT_STARTED,STATIC_OBSERVATION_PENDING,NOT_TESTED,NOT_REVIEWED
archive/exams/original/high/h1/2mid/24_금당고_2학기_중간_고1_기출.js|24_금당고_2학기_중간_고1_기출|9,archive/exams/original/high/h1/2mid/24_금당고_2학기_중간_고1_기출.js,9,[object Object],,edfda24fedfa9ca2bd217cbd469806e7bcf2aa71cbfc35d057861e154cc38762,NOT_STARTED,NOT_STARTED,STATIC_OBSERVATION_PENDING,NOT_TESTED,NOT_REVIEWED
archive/exams/original/high/h1/2mid/24_금당고_2학기_중간_고1_기출.js|24_금당고_2학기_중간_고1_기출|11,archive/exams/original/high/h1/2mid/24_금당고_2학기_중간_고1_기출.js,11,[object Object],,5a311f00aab39d4ec827a704d900f661139f066d52402b38f51e5a604f1d0167,NOT_STARTED,NOT_STARTED,STATIC_OBSERVATION_PENDING,NOT_TESTED,NOT_REVIEWED
archive/exams/original/high/h1/2mid/24_금당고_2학기_중간_고1_기출.js|24_금당고_2학기_중간_고1_기출|15,archive/exams/original/high/h1/2mid/24_금당고_2학기_중간_고1_기출.js,15,[object Object]|[object Object],,7e8999cfb4b84e52b4560ec82d3bf80419651068a0ff88955b6b72b92886e9cb,NOT_STARTED,NOT_STARTED,STATIC_OBSERVATION_PENDING,NOT_TESTED,NOT_REVIEWED
archive/exams/original/high/h1/2mid/24_금당고_2학기_중간_고1_기출.js|24_금당고_2학기_중간_고1_기출|16,archive/exams/original/high/h1/2mid/24_금당고_2학기_중간_고1_기출.js,16,[object Object]|[object Object],,d489bcd3e860300c7277f1d987cef17f7b889be3ddc77b16a4bcd9100d45a082,NOT_STARTED,NOT_STARTED,STATIC_OBSERVATION_PENDING,NOT_TESTED,NOT_REVIEWED
archive/exams/original/high/h1/2mid/24_금당고_2학기_중간_고1_기출.js|24_금당고_2학기_중간_고1_기출|20,archive/exams/original/high/h1/2mid/24_금당고_2학기_중간_고1_기출.js,20,[object Object]|[object Object],,ad039a6b5f868c005808e1ad2ffb4c5982b82599645d8ba7165898a4e7261f40,NOT_STARTED,NOT_STARTED,STATIC_OBSERVATION_PENDING,NOT_TESTED,NOT_REVIEWED
archive/exams/original/high/h1/2mid/24_금당고_2학기_중간_고1_기출.js|24_금당고_2학기_중간_고1_기출|21,archive/exams/original/high/h1/2mid/24_금당고_2학기_중간_고1_기출.js,21,[object Object],,040000d04f60e9908f402d764f30e96533572c6d6417af7d5b484099551d85c7,NOT_STARTED,NOT_STARTED,STATIC_OBSERVATION_PENDING,NOT_TESTED,NOT_REVIEWED
archive/exams/original/high/h1/2mid/24_제일고_2학기_중간_고1_기출.js|24_제일고_2학기_중간_고1_기출|4,archive/exams/original/high/h1/2mid/24_제일고_2학기_중간_고1_기출.js,4,[object Object],,c1421fb4069450421f587504324f4b65b5cc68467d5448dbd57d214f980a8982,NOT_STARTED,NOT_STARTED,STATIC_OBSERVATION_PENDING,NOT_TESTED,NOT_REVIEWED
archive/exams/original/high/h1/2mid/24_제일고_2학기_중간_고1_기출.js|24_제일고_2학기_중간_고1_기출|10,archive/exams/original/high/h1/2mid/24_제일고_2학기_중간_고1_기출.js,10,[object Object],,4b629123469b4f9307652b9b1b6b4f9e0a7400c38be0bf69fb387912615e5662,NOT_STARTED,NOT_STARTED,STATIC_OBSERVATION_PENDING,NOT_TESTED,NOT_REVIEWED
archive/exams/original/high/h1/2mid/24_제일고_2학기_중간_고1_기출.js|24_제일고_2학기_중간_고1_기출|11,archive/exams/original/high/h1/2mid/24_제일고_2학기_중간_고1_기출.js,11,[object Object],,111c7a02a94d0f467f7ea875d6571aa83116c3dffb5d7f3de7cbf7bd922a1344,NOT_STARTED,NOT_STARTED,STATIC_OBSERVATION_PENDING,NOT_TESTED,NOT_REVIEWED
archive/exams/original/high/h1/2mid/24_제일고_2학기_중간_고1_기출.js|24_제일고_2학기_중간_고1_기출|14,archive/exams/original/high/h1/2mid/24_제일고_2학기_중간_고1_기출.js,14,[object Object],,962549420825955beac064135d119158ed616a6e526d0a074cfff1a1285167b0,NOT_STARTED,NOT_STARTED,STATIC_OBSERVATION_PENDING,NOT_TESTED,NOT_REVIEWED
archive/exams/original/high/h1/2mid/24_제일고_2학기_중간_고1_기출.js|24_제일고_2학기_중간_고1_기출|15,archive/exams/original/high/h1/2mid/24_제일고_2학기_중간_고1_기출.js,15,[object Object],,a621686e9eaacc07bc01cb1e41a7059a69a9474c5171f79de82edc62af030145,NOT_STARTED,NOT_STARTED,STATIC_OBSERVATION_PENDING,NOT_TESTED,NOT_REVIEWED
archive/exams/original/high/h1/2mid/24_제일고_2학기_중간_고1_기출.js|24_제일고_2학기_중간_고1_기출|16,archive/exams/original/high/h1/2mid/24_제일고_2학기_중간_고1_기출.js,16,[object Object],,abfd846e7b438a9fa3beff48abfdf708f3dec8ecb3490ace88e3cf9cdd2d1e00,NOT_STARTED,NOT_STARTED,STATIC_OBSERVATION_PENDING,NOT_TESTED,NOT_REVIEWED
archive/exams/original/high/h1/2mid/24_제일고_2학기_중간_고1_기출.js|24_제일고_2학기_중간_고1_기출|17,archive/exams/original/high/h1/2mid/24_제일고_2학기_중간_고1_기출.js,17,[object Object],,82ff3956e34431237120b3f3cc9cd3a8bc570e074b04b0114f35c16b5cd7fa73,NOT_STARTED,NOT_STARTED,STATIC_OBSERVATION_PENDING,NOT_TESTED,NOT_REVIEWED
archive/exams/original/high/h1/2mid/24_제일고_2학기_중간_고1_기출.js|24_제일고_2학기_중간_고1_기출|18,archive/exams/original/high/h1/2mid/24_제일고_2학기_중간_고1_기출.js,18,[object Object],,4c3ad4cdc6203ac96e165d562bdc51576c4457ff14e8554f6d7f15572c3e3914,NOT_STARTED,NOT_STARTED,STATIC_OBSERVATION_PENDING,NOT_TESTED,NOT_REVIEWED
archive/exams/original/high/h1/2mid/24_제일고_2학기_중간_고1_기출.js|24_제일고_2학기_중간_고1_기출|19,archive/exams/original/high/h1/2mid/24_제일고_2학기_중간_고1_기출.js,19,[object Object],,10872500c1ea00d7eeca234ac92c32132012ba8cdb6dae13efb63000dbefb54b,NOT_STARTED,NOT_STARTED,STATIC_OBSERVATION_PENDING,NOT_TESTED,NOT_REVIEWED
archive/exams/original/high/h1/2mid/24_제일고_2학기_중간_고1_기출.js|24_제일고_2학기_중간_고1_기출|22,archive/exams/original/high/h1/2mid/24_제일고_2학기_중간_고1_기출.js,22,[object Object],,3a780e33b949384eb97568399f43fe95fee7986031e1d46d378685ca2293035b,NOT_STARTED,NOT_STARTED,STATIC_OBSERVATION_PENDING,NOT_TESTED,NOT_REVIEWED
archive/exams/original/high/h1/2mid/25_금당고_2학기_중간_고1_기출.js|25_금당고_2학기_중간_고1_기출|1,archive/exams/original/high/h1/2mid/25_금당고_2학기_중간_고1_기출.js,1,[object Object],,408cdb050ad1d031d881e2438ed119abafa4d87039b7afdb03bfe239bbdafb9b,NOT_STARTED,NOT_STARTED,STATIC_OBSERVATION_PENDING,NOT_TESTED,NOT_REVIEWED
archive/exams/original/high/h1/2mid/25_금당고_2학기_중간_고1_기출.js|25_금당고_2학기_중간_고1_기출|2,archive/exams/original/high/h1/2mid/25_금당고_2학기_중간_고1_기출.js,2,[object Object],,176a564a33c71bd5b92adade12d956e97d3150f9a065a122b22277d5bf8b8b92,NOT_STARTED,NOT_STARTED,STATIC_OBSERVATION_PENDING,NOT_TESTED,NOT_REVIEWED
archive/exams/original/high/h1/2mid/25_금당고_2학기_중간_고1_기출.js|25_금당고_2학기_중간_고1_기출|3,archive/exams/original/high/h1/2mid/25_금당고_2학기_중간_고1_기출.js,3,[object Object],,d170b4a23707dc1ce7942ebb0e9284ecef0df7a6f6a03dad13196afd77e7c104,NOT_STARTED,NOT_STARTED,STATIC_OBSERVATION_PENDING,NOT_TESTED,NOT_REVIEWED
archive/exams/original/high/h1/2mid/25_금당고_2학기_중간_고1_기출.js|25_금당고_2학기_중간_고1_기출|4,archive/exams/original/high/h1/2mid/25_금당고_2학기_중간_고1_기출.js,4,[object Object],,02205f5dcfb74c605dc07abd1e57054fcb24d25d105b9344750434ea4436de1b,NOT_STARTED,NOT_STARTED,STATIC_OBSERVATION_PENDING,NOT_TESTED,NOT_REVIEWED
archive/exams/original/high/h1/2mid/25_금당고_2학기_중간_고1_기출.js|25_금당고_2학기_중간_고1_기출|5,archive/exams/original/high/h1/2mid/25_금당고_2학기_중간_고1_기출.js,5,[object Object],,10ad1fd91031f45323447e06d8b69efa1becf6bfaa80d4586e9975e7c89dd927,NOT_STARTED,NOT_STARTED,STATIC_OBSERVATION_PENDING,NOT_TESTED,NOT_REVIEWED
archive/exams/original/high/h1/2mid/25_금당고_2학기_중간_고1_기출.js|25_금당고_2학기_중간_고1_기출|6,archive/exams/original/high/h1/2mid/25_금당고_2학기_중간_고1_기출.js,6,[object Object],,6762b434dc9074b46b25a53be2d4c6f01ecd52b0dd3f70bb4208e4895b7fbffe,NOT_STARTED,NOT_STARTED,STATIC_OBSERVATION_PENDING,NOT_TESTED,NOT_REVIEWED
archive/exams/original/high/h1/2mid/25_금당고_2학기_중간_고1_기출.js|25_금당고_2학기_중간_고1_기출|8,archive/exams/original/high/h1/2mid/25_금당고_2학기_중간_고1_기출.js,8,[object Object],,fe94a42ce1a608e5f2db5be12d4e5c2adeffb6dd32c981abf4b054af6d11f6a2,NOT_STARTED,NOT_STARTED,STATIC_OBSERVATION_PENDING,NOT_TESTED,NOT_REVIEWED
archive/exams/original/high/h1/2mid/25_금당고_2학기_중간_고1_기출.js|25_금당고_2학기_중간_고1_기출|9,archive/exams/original/high/h1/2mid/25_금당고_2학기_중간_고1_기출.js,9,[object Object],,0b0c336bc5ff262dd2c21599677af72f9a97b09ed32c21c1263eac11b50733a6,NOT_STARTED,NOT_STARTED,STATIC_OBSERVATION_PENDING,NOT_TESTED,NOT_REVIEWED
archive/exams/original/high/h1/2mid/25_금당고_2학기_중간_고1_기출.js|25_금당고_2학기_중간_고1_기출|10,archive/exams/original/high/h1/2mid/25_금당고_2학기_중간_고1_기출.js,10,[object Object],,ca34125c90a6981ffdfe187b02e2f8c5fa5264742f482fe473c6f38770139bd9,NOT_STARTED,NOT_STARTED,STATIC_OBSERVATION_PENDING,NOT_TESTED,NOT_REVIEWED
archive/exams/original/high/h1/2mid/25_금당고_2학기_중간_고1_기출.js|25_금당고_2학기_중간_고1_기출|11,archive/exams/original/high/h1/2mid/25_금당고_2학기_중간_고1_기출.js,11,[object Object],,f992779a14a0fd599fadfaf8b8a7d61074da810755d094f48894a804f5c00e7f,NOT_STARTED,NOT_STARTED,STATIC_OBSERVATION_PENDING,NOT_TESTED,NOT_REVIEWED
archive/exams/original/high/h1/2mid/25_금당고_2학기_중간_고1_기출.js|25_금당고_2학기_중간_고1_기출|12,archive/exams/original/high/h1/2mid/25_금당고_2학기_중간_고1_기출.js,12,[object Object],,af8a9e976e7cc731185ca886d2e4b09bbd69567bf5b95a7541f46c8ad20db979,NOT_STARTED,NOT_STARTED,STATIC_OBSERVATION_PENDING,NOT_TESTED,NOT_REVIEWED
archive/exams/original/high/h1/2mid/25_금당고_2학기_중간_고1_기출.js|25_금당고_2학기_중간_고1_기출|13,archive/exams/original/high/h1/2mid/25_금당고_2학기_중간_고1_기출.js,13,[object Object],,5fdf53500b7065cffffc81f339cbb7418464c648f80f044845a304f0f5a23d9c,NOT_STARTED,NOT_STARTED,STATIC_OBSERVATION_PENDING,NOT_TESTED,NOT_REVIEWED
archive/exams/original/high/h1/2mid/25_금당고_2학기_중간_고1_기출.js|25_금당고_2학기_중간_고1_기출|14,archive/exams/original/high/h1/2mid/25_금당고_2학기_중간_고1_기출.js,14,[object Object]|[object Object],,65fe978f4af993e3fbeec5083ea920b344c0ff99943e8a82002dc4c0f9b35541,NOT_STARTED,NOT_STARTED,STATIC_OBSERVATION_PENDING,NOT_TESTED,NOT_REVIEWED
archive/exams/original/high/h1/2mid/25_금당고_2학기_중간_고1_기출.js|25_금당고_2학기_중간_고1_기출|15,archive/exams/original/high/h1/2mid/25_금당고_2학기_중간_고1_기출.js,15,[object Object],,107557afbf6e21408616c932d6c97dd19ace454118061d6497af2f6e906db05a,NOT_STARTED,NOT_STARTED,STATIC_OBSERVATION_PENDING,NOT_TESTED,NOT_REVIEWED
archive/exams/original/high/h1/2mid/25_금당고_2학기_중간_고1_기출.js|25_금당고_2학기_중간_고1_기출|16,archive/exams/original/high/h1/2mid/25_금당고_2학기_중간_고1_기출.js,16,[object Object],,be47fc29775080424a154d2d7caefaf2f46566e96bc2c49a17f2a10cbd362e7f,NOT_STARTED,NOT_STARTED,STATIC_OBSERVATION_PENDING,NOT_TESTED,NOT_REVIEWED
archive/exams/original/high/h1/2mid/25_금당고_2학기_중간_고1_기출.js|25_금당고_2학기_중간_고1_기출|17,archive/exams/original/high/h1/2mid/25_금당고_2학기_중간_고1_기출.js,17,[object Object],,dca83522fe6a1bef8d861311edb69793994c0d94e187773eaf17ab7970b52896,NOT_STARTED,NOT_STARTED,STATIC_OBSERVATION_PENDING,NOT_TESTED,NOT_REVIEWED
archive/exams/original/high/h1/2mid/25_금당고_2학기_중간_고1_기출.js|25_금당고_2학기_중간_고1_기출|18,archive/exams/original/high/h1/2mid/25_금당고_2학기_중간_고1_기출.js,18,[object Object],,530d69bc457e15cb2d25697cf2838856e0a097eb079e94537c6ec46bdb1491a5,NOT_STARTED,NOT_STARTED,STATIC_OBSERVATION_PENDING,NOT_TESTED,NOT_REVIEWED
archive/exams/original/high/h1/2mid/25_금당고_2학기_중간_고1_기출.js|25_금당고_2학기_중간_고1_기출|19,archive/exams/original/high/h1/2mid/25_금당고_2학기_중간_고1_기출.js,19,[object Object],,328d5ea65392708632c6ee0fd813e09e64ac0ad63fc6c3ab4ac8eaf1d3069508,NOT_STARTED,NOT_STARTED,STATIC_OBSERVATION_PENDING,NOT_TESTED,NOT_REVIEWED
archive/exams/original/high/h1/2mid/25_금당고_2학기_중간_고1_기출.js|25_금당고_2학기_중간_고1_기출|20,archive/exams/original/high/h1/2mid/25_금당고_2학기_중간_고1_기출.js,20,[object Object],,b772fc53a9dbfc4a4eaade9cf0bc1c3009a92f225d133b402e1c1dba85e56b1f,NOT_STARTED,NOT_STARTED,STATIC_OBSERVATION_PENDING,NOT_TESTED,NOT_REVIEWED
archive/exams/original/high/h1/2mid/25_금당고_2학기_중간_고1_기출.js|25_금당고_2학기_중간_고1_기출|21,archive/exams/original/high/h1/2mid/25_금당고_2학기_중간_고1_기출.js,21,[object Object],,c2e670d70830a9fbf3869fc79b442855944679e8c715143f19893c80b2babb71,NOT_STARTED,NOT_STARTED,STATIC_OBSERVATION_PENDING,NOT_TESTED,NOT_REVIEWED
archive/exams/original/high/h1/2mid/25_금당고_2학기_중간_고1_기출.js|25_금당고_2학기_중간_고1_기출|22,archive/exams/original/high/h1/2mid/25_금당고_2학기_중간_고1_기출.js,22,[object Object],,adffa08348663ab79ed0fc1de084edbee34bd034eb98053d3e36c899dcd62b40,NOT_STARTED,NOT_STARTED,STATIC_OBSERVATION_PENDING,NOT_TESTED,NOT_REVIEWED
archive/exams/original/high/h1/2mid/25_매산고_2학기_중간_고1_기출.js|25_매산고_2학기_중간_고1_기출|2,archive/exams/original/high/h1/2mid/25_매산고_2학기_중간_고1_기출.js,2,[object Object],,d812ceaf279b06bdfce0f177252dc83a4f137fba283b949b4b3203b0f235c1e1,NOT_STARTED,NOT_STARTED,STATIC_OBSERVATION_PENDING,NOT_TESTED,NOT_REVIEWED
archive/exams/original/high/h1/2mid/25_매산고_2학기_중간_고1_기출.js|25_매산고_2학기_중간_고1_기출|4,archive/exams/original/high/h1/2mid/25_매산고_2학기_중간_고1_기출.js,4,[object Object],,973e79b1ec547357c9397f8d32c13324d4ecdbb5d073152eacd278e67d287c2e,NOT_STARTED,NOT_STARTED,STATIC_OBSERVATION_PENDING,NOT_TESTED,NOT_REVIEWED
archive/exams/original/high/h1/2mid/25_매산고_2학기_중간_고1_기출.js|25_매산고_2학기_중간_고1_기출|6,archive/exams/original/high/h1/2mid/25_매산고_2학기_중간_고1_기출.js,6,[object Object],,48298672bd27a7d3b4283bca47052cdb9d96b085b514dd5c5b908ce13f604f50,NOT_STARTED,NOT_STARTED,STATIC_OBSERVATION_PENDING,NOT_TESTED,NOT_REVIEWED
archive/exams/original/high/h1/2mid/25_매산고_2학기_중간_고1_기출.js|25_매산고_2학기_중간_고1_기출|7,archive/exams/original/high/h1/2mid/25_매산고_2학기_중간_고1_기출.js,7,[object Object],,c987dfb829dfa7cda1b36899c864502a233aad79586df724cc7d251c5db71acb,NOT_STARTED,NOT_STARTED,STATIC_OBSERVATION_PENDING,NOT_TESTED,NOT_REVIEWED
archive/exams/original/high/h1/2mid/25_매산고_2학기_중간_고1_기출.js|25_매산고_2학기_중간_고1_기출|8,archive/exams/original/high/h1/2mid/25_매산고_2학기_중간_고1_기출.js,8,[object Object],,fd152411db2d5beb8eb0afc6e17b333884fcf91c76c4d6acf5a545540ae7cfa8,NOT_STARTED,NOT_STARTED,STATIC_OBSERVATION_PENDING,NOT_TESTED,NOT_REVIEWED
archive/exams/original/high/h1/2mid/25_매산고_2학기_중간_고1_기출.js|25_매산고_2학기_중간_고1_기출|9,archive/exams/original/high/h1/2mid/25_매산고_2학기_중간_고1_기출.js,9,[object Object],,d306289389f3b9bb9c904ba14686aa11f72b0f28ef1ec0db831653a44c862615,NOT_STARTED,NOT_STARTED,STATIC_OBSERVATION_PENDING,NOT_TESTED,NOT_REVIEWED
archive/exams/original/high/h1/2mid/25_매산고_2학기_중간_고1_기출.js|25_매산고_2학기_중간_고1_기출|10,archive/exams/original/high/h1/2mid/25_매산고_2학기_중간_고1_기출.js,10,[object Object]|[object Object],,bebd2d57c0b1957c0cf7f388d327bde8409c663e4ce1e473b87facfb29732397,NOT_STARTED,NOT_STARTED,STATIC_OBSERVATION_PENDING,NOT_TESTED,NOT_REVIEWED
archive/exams/original/high/h1/2mid/25_매산고_2학기_중간_고1_기출.js|25_매산고_2학기_중간_고1_기출|12,archive/exams/original/high/h1/2mid/25_매산고_2학기_중간_고1_기출.js,12,[object Object],,2edaf67d3069c2c02199db874ae452f4b6d0d26004a025db34b58486ec3a09d6,NOT_STARTED,NOT_STARTED,STATIC_OBSERVATION_PENDING,NOT_TESTED,NOT_REVIEWED
archive/exams/original/high/h1/2mid/25_매산고_2학기_중간_고1_기출.js|25_매산고_2학기_중간_고1_기출|14,archive/exams/original/high/h1/2mid/25_매산고_2학기_중간_고1_기출.js,14,[object Object],,60b7eb2f76f4e10db3cd6a4ef53bdfd7d1e8eb6ecb93dfae34b71d04313571bf,NOT_STARTED,NOT_STARTED,STATIC_OBSERVATION_PENDING,NOT_TESTED,NOT_REVIEWED
archive/exams/original/high/h1/2mid/25_매산고_2학기_중간_고1_기출.js|25_매산고_2학기_중간_고1_기출|15,archive/exams/original/high/h1/2mid/25_매산고_2학기_중간_고1_기출.js,15,[object Object],,642fb745f2939cacc1abe539151d2087832040f0fd3d5744d8b9610fd11e7006,NOT_STARTED,NOT_STARTED,STATIC_OBSERVATION_PENDING,NOT_TESTED,NOT_REVIEWED
archive/exams/original/high/h1/2mid/25_매산고_2학기_중간_고1_기출.js|25_매산고_2학기_중간_고1_기출|18,archive/exams/original/high/h1/2mid/25_매산고_2학기_중간_고1_기출.js,18,[object Object],,71396e0bef8d67c55df4ea9d4870faea0dca014d879730dedf71b81103a52123,NOT_STARTED,NOT_STARTED,STATIC_OBSERVATION_PENDING,NOT_TESTED,NOT_REVIEWED
archive/exams/original/high/h1/2mid/25_매산고_2학기_중간_고1_기출.js|25_매산고_2학기_중간_고1_기출|20,archive/exams/original/high/h1/2mid/25_매산고_2학기_중간_고1_기출.js,20,[object Object],,e306259a25880189397a1498e07609d02f605e24807956a8b38bb9a5f42e6614,NOT_STARTED,NOT_STARTED,STATIC_OBSERVATION_PENDING,NOT_TESTED,NOT_REVIEWED
archive/exams/original/high/h1/2mid/25_순천고_2학기_중간_고1_기출.js|25_순천고_2학기_중간_고1_기출|3,archive/exams/original/high/h1/2mid/25_순천고_2학기_중간_고1_기출.js,3,[object Object],,9b994241d06511af8cb079051185b1d592a64de93e666acb47db516a94bb3dd6,NOT_STARTED,NOT_STARTED,STATIC_OBSERVATION_PENDING,NOT_TESTED,NOT_REVIEWED
archive/exams/original/high/h1/2mid/25_순천고_2학기_중간_고1_기출.js|25_순천고_2학기_중간_고1_기출|6,archive/exams/original/high/h1/2mid/25_순천고_2학기_중간_고1_기출.js,6,[object Object],,68da060fbc3ef4fcf8485097a566a03ae4d688e57cf1e7f913dcd185a113456f,NOT_STARTED,NOT_STARTED,STATIC_OBSERVATION_PENDING,NOT_TESTED,NOT_REVIEWED
archive/exams/original/high/h1/2mid/25_순천고_2학기_중간_고1_기출.js|25_순천고_2학기_중간_고1_기출|7,archive/exams/original/high/h1/2mid/25_순천고_2학기_중간_고1_기출.js,7,[object Object],,abbbe7ccc7bd248dc76a872c7fde4a25bbba961924869419dd9f948020a7e31e,NOT_STARTED,NOT_STARTED,STATIC_OBSERVATION_PENDING,NOT_TESTED,NOT_REVIEWED
archive/exams/original/high/h1/2mid/25_순천고_2학기_중간_고1_기출.js|25_순천고_2학기_중간_고1_기출|8,archive/exams/original/high/h1/2mid/25_순천고_2학기_중간_고1_기출.js,8,[object Object],,8c66169d85bb0b10b7a7f6bddae2e173c5392d324eea900c9cc10ec097de083e,NOT_STARTED,NOT_STARTED,STATIC_OBSERVATION_PENDING,NOT_TESTED,NOT_REVIEWED
archive/exams/original/high/h1/2mid/25_순천고_2학기_중간_고1_기출.js|25_순천고_2학기_중간_고1_기출|9,archive/exams/original/high/h1/2mid/25_순천고_2학기_중간_고1_기출.js,9,[object Object],,8ccf3f8f8714e5a412915d063ef90ea038c7b9dce7794019d9dae96e13346532,NOT_STARTED,NOT_STARTED,STATIC_OBSERVATION_PENDING,NOT_TESTED,NOT_REVIEWED
archive/exams/original/high/h1/2mid/25_순천고_2학기_중간_고1_기출.js|25_순천고_2학기_중간_고1_기출|10,archive/exams/original/high/h1/2mid/25_순천고_2학기_중간_고1_기출.js,10,[object Object],,ccf3802619e2cec232725d6294448862db72603e2489e294504eb3ad73478763,NOT_STARTED,NOT_STARTED,STATIC_OBSERVATION_PENDING,NOT_TESTED,NOT_REVIEWED
archive/exams/original/high/h1/2mid/25_순천고_2학기_중간_고1_기출.js|25_순천고_2학기_중간_고1_기출|11,archive/exams/original/high/h1/2mid/25_순천고_2학기_중간_고1_기출.js,11,[object Object]|[object Object],,3a7b651f72441bbe2e40eb0055a9f36e66929b5dc62c8338acd05c43e1933283,NOT_STARTED,NOT_STARTED,STATIC_OBSERVATION_PENDING,NOT_TESTED,NOT_REVIEWED
archive/exams/original/high/h1/2mid/25_순천고_2학기_중간_고1_기출.js|25_순천고_2학기_중간_고1_기출|12,archive/exams/original/high/h1/2mid/25_순천고_2학기_중간_고1_기출.js,12,[object Object],,4b9fdbcd79fa34069a974dbc400fff907d9f90c7e2b5744ae6749901904be529,NOT_STARTED,NOT_STARTED,STATIC_OBSERVATION_PENDING,NOT_TESTED,NOT_REVIEWED
archive/exams/original/high/h1/2mid/25_순천고_2학기_중간_고1_기출.js|25_순천고_2학기_중간_고1_기출|13,archive/exams/original/high/h1/2mid/25_순천고_2학기_중간_고1_기출.js,13,[object Object],,459cf2e31823f11547f284151d217d3d129ba6c0c4fa1421210a4569c5d7079b,NOT_STARTED,NOT_STARTED,STATIC_OBSERVATION_PENDING,NOT_TESTED,NOT_REVIEWED
archive/exams/original/high/h1/2mid/25_순천고_2학기_중간_고1_기출.js|25_순천고_2학기_중간_고1_기출|15,archive/exams/original/high/h1/2mid/25_순천고_2학기_중간_고1_기출.js,15,[object Object],,804a30735d0c86ec59cfcde0eaa2fdbfb0299496c157145a3b162c0b74ed537e,NOT_STARTED,NOT_STARTED,STATIC_OBSERVATION_PENDING,NOT_TESTED,NOT_REVIEWED
archive/exams/original/high/h1/2mid/25_순천고_2학기_중간_고1_기출.js|25_순천고_2학기_중간_고1_기출|16,archive/exams/original/high/h1/2mid/25_순천고_2학기_중간_고1_기출.js,16,[object Object],,17086a7184add6b291ebf84f370664e7f4dc52788144d4565543ac285ca363d2,NOT_STARTED,NOT_STARTED,STATIC_OBSERVATION_PENDING,NOT_TESTED,NOT_REVIEWED
archive/exams/original/high/h1/2mid/25_순천고_2학기_중간_고1_기출.js|25_순천고_2학기_중간_고1_기출|17,archive/exams/original/high/h1/2mid/25_순천고_2학기_중간_고1_기출.js,17,[object Object],,e5b246489b548a23f031ca44293322db5d2eb8ffa4e93b9ca10ef5bd0966620e,NOT_STARTED,NOT_STARTED,STATIC_OBSERVATION_PENDING,NOT_TESTED,NOT_REVIEWED
archive/exams/original/high/h1/2mid/25_순천고_2학기_중간_고1_기출.js|25_순천고_2학기_중간_고1_기출|18,archive/exams/original/high/h1/2mid/25_순천고_2학기_중간_고1_기출.js,18,[object Object]|[object Object],,6ae4e3a4d0bcf3110412c286646a86d7bf731f65d5096d4c8ab891c4df9a3557,NOT_STARTED,NOT_STARTED,STATIC_OBSERVATION_PENDING,NOT_TESTED,NOT_REVIEWED
archive/exams/original/high/h1/2mid/25_순천고_2학기_중간_고1_기출.js|25_순천고_2학기_중간_고1_기출|19,archive/exams/original/high/h1/2mid/25_순천고_2학기_중간_고1_기출.js,19,[object Object],,7dacb29df7415fffa8e75aefd3c4e6f5b98bef8887cba0a137ce6c9c20302f76,NOT_STARTED,NOT_STARTED,STATIC_OBSERVATION_PENDING,NOT_TESTED,NOT_REVIEWED
archive/exams/original/high/h1/2mid/25_순천고_2학기_중간_고1_기출.js|25_순천고_2학기_중간_고1_기출|21,archive/exams/original/high/h1/2mid/25_순천고_2학기_중간_고1_기출.js,21,[object Object],,12e7bffc181114dba880b6b1470c11efd74aa5363d9435dff7d315a8897483f6,NOT_STARTED,NOT_STARTED,STATIC_OBSERVATION_PENDING,NOT_TESTED,NOT_REVIEWED
archive/exams/original/high/h1/2mid/25_순천고_2학기_중간_고1_기출.js|25_순천고_2학기_중간_고1_기출|22,archive/exams/original/high/h1/2mid/25_순천고_2학기_중간_고1_기출.js,22,[object Object],,cb8e176bc4cc450c38927a2467b4df1bb2e07e0a23ead5ce55283256a675d07b,NOT_STARTED,NOT_STARTED,STATIC_OBSERVATION_PENDING,NOT_TESTED,NOT_REVIEWED
archive/exams/original/high/h1/2mid/25_순천여고_2학기_중간_고1_공통수학2.js|25_순천여고_2학기_중간_고1_공통수학2|6,archive/exams/original/high/h1/2mid/25_순천여고_2학기_중간_고1_공통수학2.js,6,[object Object],,bac3adf3997b64cf02ac9ee4138180e2c85b4f4b26dca6bf5139dd5478092453,NOT_STARTED,NOT_STARTED,STATIC_OBSERVATION_PENDING,NOT_TESTED,NOT_REVIEWED
archive/exams/original/high/h1/2mid/25_순천여고_2학기_중간_고1_공통수학2.js|25_순천여고_2학기_중간_고1_공통수학2|7,archive/exams/original/high/h1/2mid/25_순천여고_2학기_중간_고1_공통수학2.js,7,[object Object],,4c95ece1f5342383650a0ee520dbaf335bd2d2a13cacabb27b68f18e1499c50f,NOT_STARTED,NOT_STARTED,STATIC_OBSERVATION_PENDING,NOT_TESTED,NOT_REVIEWED
archive/exams/original/high/h1/2mid/25_순천여고_2학기_중간_고1_공통수학2.js|25_순천여고_2학기_중간_고1_공통수학2|8,archive/exams/original/high/h1/2mid/25_순천여고_2학기_중간_고1_공통수학2.js,8,[object Object]|[object Object],,45992ada2f61c0346b43232cf11613b14da6e50e5e30581e6d7aefeb60e78177,NOT_STARTED,NOT_STARTED,STATIC_OBSERVATION_PENDING,NOT_TESTED,NOT_REVIEWED
archive/exams/original/high/h1/2mid/25_순천여고_2학기_중간_고1_공통수학2.js|25_순천여고_2학기_중간_고1_공통수학2|9,archive/exams/original/high/h1/2mid/25_순천여고_2학기_중간_고1_공통수학2.js,9,[object Object],,bd990f1e08b67f9dff9efc8941dc3b2f2bafa9b5de4f3b931acc07e41dfbdc38,NOT_STARTED,NOT_STARTED,STATIC_OBSERVATION_PENDING,NOT_TESTED,NOT_REVIEWED
archive/exams/original/high/h1/2mid/25_순천여고_2학기_중간_고1_공통수학2.js|25_순천여고_2학기_중간_고1_공통수학2|10,archive/exams/original/high/h1/2mid/25_순천여고_2학기_중간_고1_공통수학2.js,10,[object Object],,7eed7056d795985c2faf3d8d1630c6973234c5a1f1f1b5a890ff00698359edce,NOT_STARTED,NOT_STARTED,STATIC_OBSERVATION_PENDING,NOT_TESTED,NOT_REVIEWED
archive/exams/original/high/h1/2mid/25_순천여고_2학기_중간_고1_공통수학2.js|25_순천여고_2학기_중간_고1_공통수학2|12,archive/exams/original/high/h1/2mid/25_순천여고_2학기_중간_고1_공통수학2.js,12,[object Object],,84a39d5de7cf6fea77e851b39b121943065c9709ce26bb1c699195bea40622fa,NOT_STARTED,NOT_STARTED,STATIC_OBSERVATION_PENDING,NOT_TESTED,NOT_REVIEWED
archive/exams/original/high/h1/2mid/25_순천여고_2학기_중간_고1_공통수학2.js|25_순천여고_2학기_중간_고1_공통수학2|13,archive/exams/original/high/h1/2mid/25_순천여고_2학기_중간_고1_공통수학2.js,13,[object Object]|[object Object],,ba6351073535cfea6e1a59a2f454f0e54bf2c76382181fba248369bbb4b88800,NOT_STARTED,NOT_STARTED,STATIC_OBSERVATION_PENDING,NOT_TESTED,NOT_REVIEWED
archive/exams/original/high/h1/2mid/25_순천여고_2학기_중간_고1_공통수학2.js|25_순천여고_2학기_중간_고1_공통수학2|14,archive/exams/original/high/h1/2mid/25_순천여고_2학기_중간_고1_공통수학2.js,14,[object Object],,634ca72957d707ee72ccf58aa66db8045cd04c1ad95be6d32fec4a1615878da4,NOT_STARTED,NOT_STARTED,STATIC_OBSERVATION_PENDING,NOT_TESTED,NOT_REVIEWED
archive/exams/original/high/h1/2mid/25_순천여고_2학기_중간_고1_공통수학2.js|25_순천여고_2학기_중간_고1_공통수학2|15,archive/exams/original/high/h1/2mid/25_순천여고_2학기_중간_고1_공통수학2.js,15,[object Object],,af14c081c2f7f580bb172fc80b58e1d050ac8e33479d0c3780df713a25f798e4,NOT_STARTED,NOT_STARTED,STATIC_OBSERVATION_PENDING,NOT_TESTED,NOT_REVIEWED
archive/exams/original/high/h1/2mid/25_순천여고_2학기_중간_고1_공통수학2.js|25_순천여고_2학기_중간_고1_공통수학2|17,archive/exams/original/high/h1/2mid/25_순천여고_2학기_중간_고1_공통수학2.js,17,[object Object],,5f969eeaf9f558fa498585620a6d8f3b17134713a04fa38efecd812638c4acdb,NOT_STARTED,NOT_STARTED,STATIC_OBSERVATION_PENDING,NOT_TESTED,NOT_REVIEWED
archive/exams/original/high/h1/2mid/25_순천여고_2학기_중간_고1_공통수학2.js|25_순천여고_2학기_중간_고1_공통수학2|18,archive/exams/original/high/h1/2mid/25_순천여고_2학기_중간_고1_공통수학2.js,18,[object Object],,3b0027aa1962e8c84b4da15dba9ea45dd3022d48f0c134ab73d62919311e6928,NOT_STARTED,NOT_STARTED,STATIC_OBSERVATION_PENDING,NOT_TESTED,NOT_REVIEWED
archive/exams/original/high/h1/2mid/25_순천여고_2학기_중간_고1_공통수학2.js|25_순천여고_2학기_중간_고1_공통수학2|19,archive/exams/original/high/h1/2mid/25_순천여고_2학기_중간_고1_공통수학2.js,19,[object Object],,9a0ab926ab143eeb879c927746d5e37e0752b42bf36a6846ace5d8709b5144f6,NOT_STARTED,NOT_STARTED,STATIC_OBSERVATION_PENDING,NOT_TESTED,NOT_REVIEWED
archive/exams/original/high/h1/2mid/25_순천여고_2학기_중간_고1_공통수학2.js|25_순천여고_2학기_중간_고1_공통수학2|20,archive/exams/original/high/h1/2mid/25_순천여고_2학기_중간_고1_공통수학2.js,20,[object Object]|[object Object],,0b97e5174661a92355caf297149daf2bafb1f9aa7024e10209d15abae7729b7b,NOT_STARTED,NOT_STARTED,STATIC_OBSERVATION_PENDING,NOT_TESTED,NOT_REVIEWED
archive/exams/original/high/h1/2mid/25_순천여고_2학기_중간_고1_공통수학2.js|25_순천여고_2학기_중간_고1_공통수학2|21,archive/exams/original/high/h1/2mid/25_순천여고_2학기_중간_고1_공통수학2.js,21,[object Object],,01724375cafa419eba8ca9686bbe9b538a76bf91d622556167edb78ef92aa761,NOT_STARTED,NOT_STARTED,STATIC_OBSERVATION_PENDING,NOT_TESTED,NOT_REVIEWED
archive/exams/original/high/h1/2mid/25_제일고_2학기_중간_고1_기출.js|25_제일고_2학기_중간_고1_기출|6,archive/exams/original/high/h1/2mid/25_제일고_2학기_중간_고1_기출.js,6,[object Object],,9865a68a3f1f451c588b2c859e4514eddd5cf809e915ad4242da49ac2828a822,NOT_STARTED,NOT_STARTED,STATIC_OBSERVATION_PENDING,NOT_TESTED,NOT_REVIEWED
archive/exams/original/high/h1/2mid/25_제일고_2학기_중간_고1_기출.js|25_제일고_2학기_중간_고1_기출|11,archive/exams/original/high/h1/2mid/25_제일고_2학기_중간_고1_기출.js,11,[object Object],,35d15945036201b21833ac926a9f70d3a83e81f0fe26428acbbf2bcb3baaa29e,NOT_STARTED,NOT_STARTED,STATIC_OBSERVATION_PENDING,NOT_TESTED,NOT_REVIEWED
archive/exams/original/high/h1/2mid/25_제일고_2학기_중간_고1_기출.js|25_제일고_2학기_중간_고1_기출|12,archive/exams/original/high/h1/2mid/25_제일고_2학기_중간_고1_기출.js,12,[object Object]|[object Object],,f5b341d74f891e3ad4cc4a10865478cc94258ee54e8f98aa684f6436a3fd1afc,NOT_STARTED,NOT_STARTED,STATIC_OBSERVATION_PENDING,NOT_TESTED,NOT_REVIEWED
archive/exams/original/high/h1/2mid/25_제일고_2학기_중간_고1_기출.js|25_제일고_2학기_중간_고1_기출|13,archive/exams/original/high/h1/2mid/25_제일고_2학기_중간_고1_기출.js,13,[object Object],,aee8f0766ffc147aa2de949e8dec657c0d2ab83d4f0ee93b5b2059e430b9e38a,NOT_STARTED,NOT_STARTED,STATIC_OBSERVATION_PENDING,NOT_TESTED,NOT_REVIEWED
archive/exams/original/high/h1/2mid/25_제일고_2학기_중간_고1_기출.js|25_제일고_2학기_중간_고1_기출|14,archive/exams/original/high/h1/2mid/25_제일고_2학기_중간_고1_기출.js,14,[object Object],,27c9c3ac48d983fe40a3ea2ffe606ca115e985bee759def776635b5d6bcf53e0,NOT_STARTED,NOT_STARTED,STATIC_OBSERVATION_PENDING,NOT_TESTED,NOT_REVIEWED
archive/exams/original/high/h1/2mid/25_제일고_2학기_중간_고1_기출.js|25_제일고_2학기_중간_고1_기출|15,archive/exams/original/high/h1/2mid/25_제일고_2학기_중간_고1_기출.js,15,[object Object]|[object Object],,9e340e6585c0c21de680b5809bf8ff2639774f6535c603f9d36ce1a3bef95be1,NOT_STARTED,NOT_STARTED,STATIC_OBSERVATION_PENDING,NOT_TESTED,NOT_REVIEWED
archive/exams/original/high/h1/2mid/25_제일고_2학기_중간_고1_기출.js|25_제일고_2학기_중간_고1_기출|16,archive/exams/original/high/h1/2mid/25_제일고_2학기_중간_고1_기출.js,16,[object Object],,5e96205e599e121186808708161fc935061cb7da2072ed129fccfb574ccf5d22,NOT_STARTED,NOT_STARTED,STATIC_OBSERVATION_PENDING,NOT_TESTED,NOT_REVIEWED
archive/exams/original/high/h1/2mid/25_제일고_2학기_중간_고1_기출.js|25_제일고_2학기_중간_고1_기출|17,archive/exams/original/high/h1/2mid/25_제일고_2학기_중간_고1_기출.js,17,[object Object]|[object Object],,1e6e67e416c0484cf080c14d66ef85c31aed490ce42b719b902a3b53eea1eef2,NOT_STARTED,NOT_STARTED,STATIC_OBSERVATION_PENDING,NOT_TESTED,NOT_REVIEWED
archive/exams/original/high/h1/2mid/25_제일고_2학기_중간_고1_기출.js|25_제일고_2학기_중간_고1_기출|18,archive/exams/original/high/h1/2mid/25_제일고_2학기_중간_고1_기출.js,18,[object Object]|[object Object],,8a4c601551cdff9a9f7e4cc698f7bbce3b7bcfa786f9238d100a48937e5d6f43,NOT_STARTED,NOT_STARTED,STATIC_OBSERVATION_PENDING,NOT_TESTED,NOT_REVIEWED
archive/exams/original/high/h1/2mid/25_제일고_2학기_중간_고1_기출.js|25_제일고_2학기_중간_고1_기출|20,archive/exams/original/high/h1/2mid/25_제일고_2학기_중간_고1_기출.js,20,[object Object],,a407bbe662d39347c3bfdc5dc3ed606c10ca4d9143da5aabb1f4b187436c119a,NOT_STARTED,NOT_STARTED,STATIC_OBSERVATION_PENDING,NOT_TESTED,NOT_REVIEWED
archive/exams/original/high/h1/2mid/25_제일고_2학기_중간_고1_기출.js|25_제일고_2학기_중간_고1_기출|22,archive/exams/original/high/h1/2mid/25_제일고_2학기_중간_고1_기출.js,22,[object Object],,5be155141aea3972d09e9a7bb5f45ed425ae25876cc942844de7e693567cd1cc,NOT_STARTED,NOT_STARTED,STATIC_OBSERVATION_PENDING,NOT_TESTED,NOT_REVIEWED
archive/exams/original/high/h1/2mid/25_효천고_2학기_중간_고1_기출.js|25_효천고_2학기_중간_고1_기출|2,archive/exams/original/high/h1/2mid/25_효천고_2학기_중간_고1_기출.js,2,[object Object],,6a0fc53c384e303004b2e132ef0822b364b37ce423267d241661acb969379d17,NOT_STARTED,NOT_STARTED,STATIC_OBSERVATION_PENDING,NOT_TESTED,NOT_REVIEWED
archive/exams/original/high/h1/2mid/25_효천고_2학기_중간_고1_기출.js|25_효천고_2학기_중간_고1_기출|3,archive/exams/original/high/h1/2mid/25_효천고_2학기_중간_고1_기출.js,3,[object Object],,e77470da2a625a2d7d89bfc770d611f82c061670e0e215d1ea6a4a6ebb364156,NOT_STARTED,NOT_STARTED,STATIC_OBSERVATION_PENDING,NOT_TESTED,NOT_REVIEWED
archive/exams/original/high/h1/2mid/25_효천고_2학기_중간_고1_기출.js|25_효천고_2학기_중간_고1_기출|4,archive/exams/original/high/h1/2mid/25_효천고_2학기_중간_고1_기출.js,4,[object Object],,b66db0d4736af6d0084b1fb41658712d90d1207edc1952c4637468cf6a2568ac,NOT_STARTED,NOT_STARTED,STATIC_OBSERVATION_PENDING,NOT_TESTED,NOT_REVIEWED
archive/exams/original/high/h1/2mid/25_효천고_2학기_중간_고1_기출.js|25_효천고_2학기_중간_고1_기출|6,archive/exams/original/high/h1/2mid/25_효천고_2학기_중간_고1_기출.js,6,[object Object],,469f38ca68501c4621056f5299b95eed96eaf89fce52e7d53dbac61097358b95,NOT_STARTED,NOT_STARTED,STATIC_OBSERVATION_PENDING,NOT_TESTED,NOT_REVIEWED
archive/exams/original/high/h1/2mid/25_효천고_2학기_중간_고1_기출.js|25_효천고_2학기_중간_고1_기출|7,archive/exams/original/high/h1/2mid/25_효천고_2학기_중간_고1_기출.js,7,[object Object],,5d3e116c775de9d20ab1119c1997c81f031003291af38d7736fd4f19cca6a73b,NOT_STARTED,NOT_STARTED,STATIC_OBSERVATION_PENDING,NOT_TESTED,NOT_REVIEWED
archive/exams/original/high/h1/2mid/25_효천고_2학기_중간_고1_기출.js|25_효천고_2학기_중간_고1_기출|8,archive/exams/original/high/h1/2mid/25_효천고_2학기_중간_고1_기출.js,8,[object Object]|[object Object],,580336d0c988cd7b17dc2d70a1985851c3c720824e5aef29ce3248938efd9daa,NOT_STARTED,NOT_STARTED,STATIC_OBSERVATION_PENDING,NOT_TESTED,NOT_REVIEWED
archive/exams/original/high/h1/2mid/25_효천고_2학기_중간_고1_기출.js|25_효천고_2학기_중간_고1_기출|10,archive/exams/original/high/h1/2mid/25_효천고_2학기_중간_고1_기출.js,10,[object Object],,dd611472493a8b7291c30cee69ce421173d39c9569c89170012ec84051211c7d,NOT_STARTED,NOT_STARTED,STATIC_OBSERVATION_PENDING,NOT_TESTED,NOT_REVIEWED
archive/exams/original/high/h1/2mid/25_효천고_2학기_중간_고1_기출.js|25_효천고_2학기_중간_고1_기출|11,archive/exams/original/high/h1/2mid/25_효천고_2학기_중간_고1_기출.js,11,[object Object],,8065b9ef3cb6b1c8045d48800b2282784697f4b878af6919b6f36bbe66ca3ccd,NOT_STARTED,NOT_STARTED,STATIC_OBSERVATION_PENDING,NOT_TESTED,NOT_REVIEWED
archive/exams/original/high/h1/2mid/25_효천고_2학기_중간_고1_기출.js|25_효천고_2학기_중간_고1_기출|12,archive/exams/original/high/h1/2mid/25_효천고_2학기_중간_고1_기출.js,12,[object Object],,de8846c407648a85237e2a861580c46e8de1b65e5036e60a278b8a4f728ec879,NOT_STARTED,NOT_STARTED,STATIC_OBSERVATION_PENDING,NOT_TESTED,NOT_REVIEWED
archive/exams/original/high/h1/2mid/25_효천고_2학기_중간_고1_기출.js|25_효천고_2학기_중간_고1_기출|13,archive/exams/original/high/h1/2mid/25_효천고_2학기_중간_고1_기출.js,13,[object Object]|[object Object],,4e2a7285b65547638e76398bbe967dba027973ed9013537f0453cbde4bedffc2,NOT_STARTED,NOT_STARTED,STATIC_OBSERVATION_PENDING,NOT_TESTED,NOT_REVIEWED
archive/exams/original/high/h1/2mid/25_효천고_2학기_중간_고1_기출.js|25_효천고_2학기_중간_고1_기출|14,archive/exams/original/high/h1/2mid/25_효천고_2학기_중간_고1_기출.js,14,[object Object]|[object Object],,bfed7c3528c2b8783c911de187ead8103c76985d7ffbacf734eb6939dd792b36,NOT_STARTED,NOT_STARTED,STATIC_OBSERVATION_PENDING,NOT_TESTED,NOT_REVIEWED
archive/exams/original/high/h1/2mid/25_효천고_2학기_중간_고1_기출.js|25_효천고_2학기_중간_고1_기출|17,archive/exams/original/high/h1/2mid/25_효천고_2학기_중간_고1_기출.js,17,[object Object],,07170aa363d7f23ecccfda583e660878818057c87f0bc351b392423684ca24bf,NOT_STARTED,NOT_STARTED,STATIC_OBSERVATION_PENDING,NOT_TESTED,NOT_REVIEWED
archive/exams/original/high/h1/2mid/25_효천고_2학기_중간_고1_기출.js|25_효천고_2학기_중간_고1_기출|18,archive/exams/original/high/h1/2mid/25_효천고_2학기_중간_고1_기출.js,18,[object Object]|[object Object],,40af49782e9e628444ccda14dabbe41e3dcc6efd7eadf069d07338914f1aa65e,NOT_STARTED,NOT_STARTED,STATIC_OBSERVATION_PENDING,NOT_TESTED,NOT_REVIEWED
archive/exams/original/high/h1/2mid/25_효천고_2학기_중간_고1_기출.js|25_효천고_2학기_중간_고1_기출|19,archive/exams/original/high/h1/2mid/25_효천고_2학기_중간_고1_기출.js,19,[object Object],,4c59ebb041bb03aa4184b8155b372180a4fc281fddcf59f7d1386b755ecb10b4,NOT_STARTED,NOT_STARTED,STATIC_OBSERVATION_PENDING,NOT_TESTED,NOT_REVIEWED
archive/exams/original/high/h1/2mid/25_효천고_2학기_중간_고1_기출.js|25_효천고_2학기_중간_고1_기출|20,archive/exams/original/high/h1/2mid/25_효천고_2학기_중간_고1_기출.js,20,[object Object],,84ba639db4d358bd2d66c0595cbf6cd8fb7741d5c23145631849d06ca0f5c2bc,NOT_STARTED,NOT_STARTED,STATIC_OBSERVATION_PENDING,NOT_TESTED,NOT_REVIEWED
archive/exams/original/high/h1/2mid/25_효천고_2학기_중간_고1_기출.js|25_효천고_2학기_중간_고1_기출|21,archive/exams/original/high/h1/2mid/25_효천고_2학기_중간_고1_기출.js,21,[object Object],,c2a415000027f57213758097fcbc1ae1c6308d36078c2d4b096c1a61944c454f,NOT_STARTED,NOT_STARTED,STATIC_OBSERVATION_PENDING,NOT_TESTED,NOT_REVIEWED
archive/exams/original/high/h1/2mid/25_효천고_2학기_중간_고1_기출.js|25_효천고_2학기_중간_고1_기출|22,archive/exams/original/high/h1/2mid/25_효천고_2학기_중간_고1_기출.js,22,[object Object],,63c1ce409a1bef1e41b2d8c6418112c72c5436ee35431d99b45b4fb7fc0d1a33,NOT_STARTED,NOT_STARTED,STATIC_OBSERVATION_PENDING,NOT_TESTED,NOT_REVIEWED
archive/exams/original/high/h1/2mid/25_효천고_2학기_중간_고1_기출.js|25_효천고_2학기_중간_고1_기출|23,archive/exams/original/high/h1/2mid/25_효천고_2학기_중간_고1_기출.js,23,[object Object],,f52ffdd022bb099f796cb33315a43484091e0e0fb3c8140fd84ebfcd970c3b52,NOT_STARTED,NOT_STARTED,STATIC_OBSERVATION_PENDING,NOT_TESTED,NOT_REVIEWED
