questionUid,sourceJsPath,examId,id,displayNo,sourceOrdinal,curriculumVersion,standardCourse,standardUnitKey,standardUnit,standardUnitOrder,subUnitKey,subUnit,subUnitConfidence,subUnitClassificationDepth,questionType,layoutTag,wide,tags,contentHash,choicesHash,answerHash,solutionHash,problemImageRef,problemImageHash,solutionImageRef,solutionImageHash,inlineSvgCount,sourceValidityStatus,independentAnswer,answerParity,solutionQualityStatus,curriculumStatus,visualRequirement,visualRequirementCandidate,visualReasonCode,visualMarkers,visualType,problemVisualSufficiency,scalePolicy,existingSvgStatus,svgRepairStatus,factObligationSet,expectedFactHash,observedFactHash,numericParity,semanticParity,styleLintStatus,renderStatus,metadataStatus,metadataReason,finalVerdict,evidenceRef,assetRefs,questionIndexParity,qKey,sourceFileSha256,solutionPresent,answerValue,scopeStatus,sharedAssetUid,dependencyQuestionUids,dependencyClosureStatus
archive/exams/original/high/h1/1final/22_금당고_1학기_기말_고1_기출.js|22_금당고_1학기_기말_고1_기출|3,archive/exams/original/high/h1/1final/22_금당고_1학기_기말_고1_기출.js,22_금당고_1학기_기말_고1_기출,3,3,3,2015,수학(상),H15-SA-09,평면좌표,9,H15-SA-09-TRIANGLE_CENTROID_AREA,삼각형의 좌표와 무게중심,category_or_cue_inferred,complete_category,객관식,grid,false,객관식|무게중심|좌표,5bb0d3e84d8c8e4cd32e71f62a1c3977cc6d7d00d44ec34c34ffa8046f3111ed,119a6d81cf8b830697ba7ba1e4042113a222c8a082c3619f03f917d8c647f06f,dfde05a3668030e99ca64d8d4ae5f6b64c7a87cee61c0ba43904b92ef210191d,f523a1416c03966f54656a367e8c6adb4a6f927272c990145bff4ec3783b679d,,,,,0,LOADED_VM,,NOT_STARTED,NOT_STARTED,NOT_STARTED,SVG_REQUIRED_MISSING,SVG_REQUIRED_MISSING,COORDINATE_OR_GEOMETRY_STRUCTURE|TABLE_OR_MATRIX_STRUCTURE,,VISUAL_CANDIDATE,NO_PROBLEM_VISUAL,REVIEW_REQUIRED,NONE,NOT_STARTED,,,,NOT_STARTED,NOT_STARTED,NOT_STARTED,NOT_TESTED,PASS,canonical_and_compiled_master_match,INVENTORY_PENDING,01_scope_inventory.csv#archive/exams/original/high/h1/1final/22_금당고_1학기_기말_고1_기출.js|22_금당고_1학기_기말_고1_기출|3,,INDEX_RECORD_PRESENT,original/high/h1/1final/22_금당고_1학기_기말_고1_기출.js_3,4c241cdb54466f474661d78f34d27c9dd5824b9b6c957e998e6d48f881f0d952,true,②,IN_SCOPE_FORWARD,,,CLOSED_NO_SHARED_ASSET
archive/exams/original/high/h1/1final/22_금당고_1학기_기말_고1_기출.js|22_금당고_1학기_기말_고1_기출|8,archive/exams/original/high/h1/1final/22_금당고_1학기_기말_고1_기출.js,22_금당고_1학기_기말_고1_기출,8,8,8,2015,수학(상),H15-SA-09,평면좌표,9,H15-SA-09-COORDINATE_METRIC,좌표와 거리,category_or_cue_inferred,complete_category,객관식,grid,false,객관식|거리|좌표|x축,ab607e1c08b5a5169836aff883367878f7f2be9289d801f670f1cc0a5f88725f,aa14343b32146b188f3cc5b24e1c496fc4a60a4e049e6fca7a1cf206e428e364,0bdef091c479702584f065d3a3714f8a76f851b3f0cf10912f345a5dd930b0a8,084e473487d36953294d61510c99b44654084a5b3da85095b68bb86bbb0aaf28,,,,,0,LOADED_VM,,NOT_STARTED,NOT_STARTED,NOT_STARTED,SVG_REQUIRED_MISSING,SVG_REQUIRED_MISSING,COORDINATE_OR_GEOMETRY_STRUCTURE|TABLE_OR_MATRIX_STRUCTURE,,VISUAL_CANDIDATE,NO_PROBLEM_VISUAL,REVIEW_REQUIRED,NONE,NOT_STARTED,,,,NOT_STARTED,NOT_STARTED,NOT_STARTED,NOT_TESTED,PASS,canonical_and_compiled_master_match,INVENTORY_PENDING,01_scope_inventory.csv#archive/exams/original/high/h1/1final/22_금당고_1학기_기말_고1_기출.js|22_금당고_1학기_기말_고1_기출|8,,INDEX_RECORD_PRESENT,original/high/h1/1final/22_금당고_1학기_기말_고1_기출.js_8,4c241cdb54466f474661d78f34d27c9dd5824b9b6c957e998e6d48f881f0d952,true,⑤,IN_SCOPE_FORWARD,,,CLOSED_NO_SHARED_ASSET
archive/exams/original/high/h1/1final/22_금당고_1학기_기말_고1_기출.js|22_금당고_1학기_기말_고1_기출|9,archive/exams/original/high/h1/1final/22_금당고_1학기_기말_고1_기출.js,22_금당고_1학기_기말_고1_기출,9,9,9,2015,수학(상),H15-SA-09,평면좌표,9,H15-SA-09-TRIANGLE_CENTROID_AREA,삼각형의 좌표와 무게중심,category_or_cue_inferred,complete_category,객관식,grid,false,객관식|삼각형|넓이|중점|기울기|도형,45ecaeee86535370048347c4939c29137d372bac6ae73742937669374cdefbda,3cc19e370a6671b60f17396fd032ed6593aa1547f8af80d6ab8d949018911b5e,973d2fd2f97e26a666f403b12da6d87e527985b36bcf4ff0a47c7e7e8c36321a,27b5b0dc96cedfa6fdc6113384c2a5680980bbc652cb00a768d520ef98c92ee8,,,assets/images/22_금당고_1학기_기말_고1_기출/q09-solution.svg,5596ada73bbcc5b88dd5c4d01faa23766552118d3868e246caed4a271e57861b,0,LOADED_VM,,NOT_STARTED,NOT_STARTED,NOT_STARTED,SOURCE_REVIEW,SOURCE_REVIEW,COORDINATE_OR_GEOMETRY_STRUCTURE|TABLE_OR_MATRIX_STRUCTURE,,SVG,NO_PROBLEM_VISUAL,REVIEW_REQUIRED,SOLUTION_SVG,NOT_STARTED,,,4ed3ccfd56c9096eeae48e6ff0bb573d6498e416a5e67f9410c5db06af129236,NOT_STARTED,NOT_STARTED,NOT_STARTED,NOT_TESTED,PASS,canonical_and_compiled_master_match,INVENTORY_PENDING,01_scope_inventory.csv#archive/exams/original/high/h1/1final/22_금당고_1학기_기말_고1_기출.js|22_금당고_1학기_기말_고1_기출|9,[object Object],INDEX_RECORD_PRESENT,original/high/h1/1final/22_금당고_1학기_기말_고1_기출.js_9,4c241cdb54466f474661d78f34d27c9dd5824b9b6c957e998e6d48f881f0d952,true,①,IN_SCOPE_FORWARD,,,CLOSED_NO_SHARED_ASSET
archive/exams/original/high/h1/1final/22_금당고_1학기_기말_고1_기출.js|22_금당고_1학기_기말_고1_기출|10,archive/exams/original/high/h1/1final/22_금당고_1학기_기말_고1_기출.js,22_금당고_1학기_기말_고1_기출,10,10,10,2015,수학(상),H15-SA-09,평면좌표,9,H15-SA-09-COORDINATE_METRIC,좌표와 거리,category_or_cue_inferred,complete_category,객관식,grid,false,객관식|거리|최솟값|좌표,93f6cf3cb30303fab1bf56b0f17c2657dd05b2ef287a1a5bfc2cdb9a106c507e,a3df0ff132a92beb0688aa32aa24e81cf04558b945e21e98565e21772d8657e3,d41ea6521f53fb3dfa10cf72e2932f4405d9c999fa422cdc840d25d57e90dd34,ce94a653943f42191925d6c0d63ed771ef81d344d48dba309c417e108136d4e1,,,,,0,LOADED_VM,,NOT_STARTED,NOT_STARTED,NOT_STARTED,SVG_REQUIRED_MISSING,SVG_REQUIRED_MISSING,COORDINATE_OR_GEOMETRY_STRUCTURE|TABLE_OR_MATRIX_STRUCTURE,,VISUAL_CANDIDATE,NO_PROBLEM_VISUAL,REVIEW_REQUIRED,NONE,NOT_STARTED,,,,NOT_STARTED,NOT_STARTED,NOT_STARTED,NOT_TESTED,PASS,canonical_and_compiled_master_match,INVENTORY_PENDING,01_scope_inventory.csv#archive/exams/original/high/h1/1final/22_금당고_1학기_기말_고1_기출.js|22_금당고_1학기_기말_고1_기출|10,,INDEX_RECORD_PRESENT,original/high/h1/1final/22_금당고_1학기_기말_고1_기출.js_10,4c241cdb54466f474661d78f34d27c9dd5824b9b6c957e998e6d48f881f0d952,true,④,IN_SCOPE_FORWARD,,,CLOSED_NO_SHARED_ASSET
archive/exams/original/high/h1/1final/22_매산고_1학기_기말_고1_기출.js|22_매산고_1학기_기말_고1_기출|4,archive/exams/original/high/h1/1final/22_매산고_1학기_기말_고1_기출.js,22_매산고_1학기_기말_고1_기출,4,4,4,2015,수학(상),H15-SA-09,평면좌표,9,H15-SA-09-TRIANGLE_CENTROID_AREA,삼각형의 좌표와 무게중심,category_or_cue_inferred,complete_category,객관식,grid,false,객관식|평면좌표|고1|기말,50556d6af9ffb1afcf7a2e3ea79b7fd73dd038f45eac26f379d4829af10ad03f,3409af149b849436c0c493ef6459080137486a1ca5d1a2df8278f29a751fa97a,0bdef091c479702584f065d3a3714f8a76f851b3f0cf10912f345a5dd930b0a8,6aafdc5535fbaed1af6c0be12966ee75d438d451f1c470e33036098547e29f96,,,,,0,LOADED_VM,,NOT_STARTED,NOT_STARTED,NOT_STARTED,SVG_REQUIRED_MISSING,SVG_REQUIRED_MISSING,COORDINATE_OR_GEOMETRY_STRUCTURE|TABLE_OR_MATRIX_STRUCTURE,,VISUAL_CANDIDATE,NO_PROBLEM_VISUAL,REVIEW_REQUIRED,NONE,NOT_STARTED,,,,NOT_STARTED,NOT_STARTED,NOT_STARTED,NOT_TESTED,PASS,canonical_and_compiled_master_match,INVENTORY_PENDING,01_scope_inventory.csv#archive/exams/original/high/h1/1final/22_매산고_1학기_기말_고1_기출.js|22_매산고_1학기_기말_고1_기출|4,,INDEX_RECORD_PRESENT,original/high/h1/1final/22_매산고_1학기_기말_고1_기출.js_4,6eba0c1b691ff6db8d09e9e130a3fda9e2258f973dfb960765e7d86dcc47c0ca,true,⑤,IN_SCOPE_FORWARD,,,CLOSED_NO_SHARED_ASSET
archive/exams/original/high/h1/1final/22_매산고_1학기_기말_고1_기출.js|22_매산고_1학기_기말_고1_기출|8,archive/exams/original/high/h1/1final/22_매산고_1학기_기말_고1_기출.js,22_매산고_1학기_기말_고1_기출,8,8,8,2015,수학(상),H15-SA-09,평면좌표,9,H15-SA-09-GEOMETRY_EQUATION,도형의 방정식,category_or_cue_inferred,complete_category,객관식,grid,false,객관식|평면좌표|고1|기말|도형,04710da3399a823635884268096c4e559fc502302f7c8a602d7a145f61c863c4,119f5740e93c27d790b7e3ab5f259fe2109f38360c852701fabe7966000d2642,dfde05a3668030e99ca64d8d4ae5f6b64c7a87cee61c0ba43904b92ef210191d,618d34d7ebe3c826a9520d0adf1e09b7017cb087f6315f728fb5e508f6614d2e,,,assets/images/22_매산고_1학기_기말_고1_기출/q08-solution.svg,5d369d2888b68a57c4d2db6ae747d34624f11370a0579491547dab459a3dec04,0,LOADED_VM,,NOT_STARTED,NOT_STARTED,NOT_STARTED,SOURCE_REVIEW,SOURCE_REVIEW,COORDINATE_OR_GEOMETRY_STRUCTURE|TABLE_OR_MATRIX_STRUCTURE,,SVG,NO_PROBLEM_VISUAL,REVIEW_REQUIRED,SOLUTION_SVG,NOT_STARTED,,,0d6fa734e1e77737a13856debab7385eea50233a8d5b682d3f22e608819ee179,NOT_STARTED,NOT_STARTED,NOT_STARTED,NOT_TESTED,PASS,canonical_and_compiled_master_match,INVENTORY_PENDING,01_scope_inventory.csv#archive/exams/original/high/h1/1final/22_매산고_1학기_기말_고1_기출.js|22_매산고_1학기_기말_고1_기출|8,[object Object],INDEX_RECORD_PRESENT,original/high/h1/1final/22_매산고_1학기_기말_고1_기출.js_8,6eba0c1b691ff6db8d09e9e130a3fda9e2258f973dfb960765e7d86dcc47c0ca,true,②,IN_SCOPE_FORWARD,,,CLOSED_NO_SHARED_ASSET
archive/exams/original/high/h1/1final/22_매산고_1학기_기말_고1_기출.js|22_매산고_1학기_기말_고1_기출|17,archive/exams/original/high/h1/1final/22_매산고_1학기_기말_고1_기출.js,22_매산고_1학기_기말_고1_기출,17,17,17,2015,수학(상),H15-SA-09,평면좌표,9,H15-SA-09-COORDINATE_METRIC,좌표와 거리,category_or_cue_inferred,complete_category,단답형,grid,false,단답형|평면좌표|고1|기말|도형,277b49ca4d17a566593f2df3e9be9fd3a12fb1b47ab0c3a7a2b774e3cad575bf,4f53cda18c2baa0c0354bb5f9a3ecbe5ed12ab4d8e11ba873c2f11161202b945,47d1f15d9ff067f863d12c2fddd865045709b30ceef9e1523ec280d738e5cc14,58b7bb43478c8f6d807d1128ae7eeef2139a3157dcd37c12e637dd26529122ba,assets/images/22_매산고_1학기_기말_고1_기출/q17.png,3d8b91d89afb2014376ca0bc1f74734d9f0d1a573d1ea63e9079d597ab8d0e56,assets/images/22_매산고_1학기_기말_고1_기출/q17-solution.svg,c2af82e214898a2a6101af7ef754097ef3376256a7ff197cf7060ee6904e8f7e,0,LOADED_VM,,NOT_STARTED,NOT_STARTED,NOT_STARTED,SOURCE_REVIEW,SOURCE_REVIEW,COORDINATE_OR_GEOMETRY_STRUCTURE|TABLE_OR_MATRIX_STRUCTURE,,SVG,PROBLEM_VISUAL_PRESENT,REVIEW_REQUIRED,SOLUTION_SVG,NOT_STARTED,,,b5aa4878a612ec0a1ac0c6252f95cfe2cae7d48556cb7e08ea9940d0bc529179,NOT_STARTED,NOT_STARTED,NOT_STARTED,NOT_TESTED,PASS,canonical_and_compiled_master_match,INVENTORY_PENDING,01_scope_inventory.csv#archive/exams/original/high/h1/1final/22_매산고_1학기_기말_고1_기출.js|22_매산고_1학기_기말_고1_기출|17,[object Object]|[object Object],INDEX_RECORD_PRESENT,original/high/h1/1final/22_매산고_1학기_기말_고1_기출.js_17,6eba0c1b691ff6db8d09e9e130a3fda9e2258f973dfb960765e7d86dcc47c0ca,true,$\dfrac47$,IN_SCOPE_FORWARD,,,CLOSED_NO_SHARED_ASSET
archive/exams/original/high/h1/1final/22_매산고_1학기_기말_고1_기출.js|22_매산고_1학기_기말_고1_기출|20,archive/exams/original/high/h1/1final/22_매산고_1학기_기말_고1_기출.js,22_매산고_1학기_기말_고1_기출,20,20,20,2015,수학(상),H15-SA-09,평면좌표,9,H15-SA-09-COORDINATE_METRIC,좌표와 거리,category_or_cue_inferred,complete_category,서술형,grid,false,서술형|평면좌표|고1|기말|도형,fce38619a3a7757da87d1668b953e5e5f0e4a584e33ede2810e01e5c8b846208,4f53cda18c2baa0c0354bb5f9a3ecbe5ed12ab4d8e11ba873c2f11161202b945,9242c560109dc6060fd3a23ed19c44e325e593f63c266435c5bf45bd71979e2d,65052681ba9090cd5b26db47bbafe47a5decebef54a58b229e7cddd92a2d6a11,,,assets/images/22_매산고_1학기_기말_고1_기출/q20-solution.svg,dd244d12cb8f626d4904e31ba926bf6f423c45ebd7d74877372f69ac2b4a9ed5,0,LOADED_VM,,NOT_STARTED,NOT_STARTED,NOT_STARTED,SOURCE_REVIEW,SOURCE_REVIEW,COORDINATE_OR_GEOMETRY_STRUCTURE|TABLE_OR_MATRIX_STRUCTURE,,SVG,NO_PROBLEM_VISUAL,REVIEW_REQUIRED,SOLUTION_SVG,NOT_STARTED,,,6ea8c5d000e9b5ec9058372bc8b9b53e2140912126ff4475f683e8cc53d12d35,NOT_STARTED,NOT_STARTED,NOT_STARTED,NOT_TESTED,PASS,canonical_and_compiled_master_match,INVENTORY_PENDING,01_scope_inventory.csv#archive/exams/original/high/h1/1final/22_매산고_1학기_기말_고1_기출.js|22_매산고_1학기_기말_고1_기출|20,[object Object],INDEX_RECORD_PRESENT,original/high/h1/1final/22_매산고_1학기_기말_고1_기출.js_20,6eba0c1b691ff6db8d09e9e130a3fda9e2258f973dfb960765e7d86dcc47c0ca,true,$\dfrac{9+2\sqrt{14}}{5}$,IN_SCOPE_FORWARD,,,CLOSED_NO_SHARED_ASSET
archive/exams/original/high/h1/1final/22_복성고_1학기_기말_고1_기출.js|22_복성고_1학기_기말_고1_기출|11,archive/exams/original/high/h1/1final/22_복성고_1학기_기말_고1_기출.js,22_복성고_1학기_기말_고1_기출,11,11,11,2015,수학(상),H15-SA-09,평면좌표,9,H15-SA-09-GEOMETRY_APPLICATION,도형의 방정식 활용,category_or_cue_inferred,complete_category,객관식,grid,false,객관식|도형|닮음|최대최소,c05fbf7cb6ad4f7784e9223238a4e289ef0e542fa18290fd89ae0d51bbb2d677,73a68c1e61d6d0fc777d4775140d9bf286839172feca74f1de5674f460407a41,0bdef091c479702584f065d3a3714f8a76f851b3f0cf10912f345a5dd930b0a8,c9a554fd8c2143e8e980bdc0db18aeb15ec08a0943f81f6cd1008c5c89494ff7,assets/images/22_복성고_1학기_기말_고1_기출/q11.png,301d8cb6a6d9af0734342e54ad02ac6cdc57530b17f6035677779ed728950058,assets/images/22_복성고_1학기_기말_고1_기출/q11-solution.svg,3fea83fe0dc22d2781b222076cec09fba9897da0b8037dc73209d67d3f03a41d,0,LOADED_VM,,NOT_STARTED,NOT_STARTED,NOT_STARTED,SOURCE_REVIEW,SOURCE_REVIEW,GRAPH_OR_FUNCTION_STRUCTURE|COORDINATE_OR_GEOMETRY_STRUCTURE|TABLE_OR_MATRIX_STRUCTURE,,SVG,PROBLEM_VISUAL_PRESENT,REVIEW_REQUIRED,SOLUTION_SVG,NOT_STARTED,,,287d083708a819928ce982070ef315ee75e7cbcdb9f68461518187ceb916bbde,NOT_STARTED,NOT_STARTED,NOT_STARTED,NOT_TESTED,PASS,canonical_and_compiled_master_match,INVENTORY_PENDING,01_scope_inventory.csv#archive/exams/original/high/h1/1final/22_복성고_1학기_기말_고1_기출.js|22_복성고_1학기_기말_고1_기출|11,[object Object]|[object Object],INDEX_RECORD_PRESENT,original/high/h1/1final/22_복성고_1학기_기말_고1_기출.js_11,400e2aca1499c9d907123620c6251a29f161016cdaa1458ca3332a19e0f9df4d,true,⑤,IN_SCOPE_FORWARD,,,CLOSED_NO_SHARED_ASSET
archive/exams/original/high/h1/1final/22_복성고_1학기_기말_고1_기출.js|22_복성고_1학기_기말_고1_기출|16,archive/exams/original/high/h1/1final/22_복성고_1학기_기말_고1_기출.js,22_복성고_1학기_기말_고1_기출,16,16,16,2015,수학(상),H15-SA-09,평면좌표,9,H15-SA-09-COORDINATE_METRIC,좌표와 거리,category_or_cue_inferred,complete_category,객관식,grid,false,객관식|내분점|외분점|대칭이동,ed10d85e185b42fd53cdaac970c1dc7e24d63b6ededdda4637a8ccb8c7fccfac,6ba4d68053d43d42b695cb12c43a1fb5b4504937cad43d390ddcb8e4b322747e,dfde05a3668030e99ca64d8d4ae5f6b64c7a87cee61c0ba43904b92ef210191d,4a07442e52602d92b900fa0511d376e51633302b9a7cc221212bc7eb60289106,,,,,0,LOADED_VM,,NOT_STARTED,NOT_STARTED,NOT_STARTED,SVG_REQUIRED_MISSING,SVG_REQUIRED_MISSING,COORDINATE_OR_GEOMETRY_STRUCTURE|TABLE_OR_MATRIX_STRUCTURE,,VISUAL_CANDIDATE,NO_PROBLEM_VISUAL,REVIEW_REQUIRED,NONE,NOT_STARTED,,,,NOT_STARTED,NOT_STARTED,NOT_STARTED,NOT_TESTED,PASS,canonical_and_compiled_master_match,INVENTORY_PENDING,01_scope_inventory.csv#archive/exams/original/high/h1/1final/22_복성고_1학기_기말_고1_기출.js|22_복성고_1학기_기말_고1_기출|16,,INDEX_RECORD_PRESENT,original/high/h1/1final/22_복성고_1학기_기말_고1_기출.js_16,400e2aca1499c9d907123620c6251a29f161016cdaa1458ca3332a19e0f9df4d,true,②,IN_SCOPE_FORWARD,,,CLOSED_NO_SHARED_ASSET
archive/exams/original/high/h1/1final/22_순천여고_1학기_기말_고1_기출.js|22_순천여고_1학기_기말_고1_기출|1,archive/exams/original/high/h1/1final/22_순천여고_1학기_기말_고1_기출.js,22_순천여고_1학기_기말_고1_기출,1,1,1,2015,수학(상),H15-SA-09,평면좌표,9,H15-SA-09-COORDINATE_METRIC,좌표와 거리,category_or_cue_inferred,complete_category,객관식,grid,false,객관식|평면좌표|고1|1학기기말,ebe7cc4567cbab9166d5b1754895f922c1922c0a475e2cc1e6a37a6078e2b1eb,ff782081a4cc25de5ebd8fdb3b10e93e0a2a8b181fb4cabb15c6d4c8f83c7224,dfde05a3668030e99ca64d8d4ae5f6b64c7a87cee61c0ba43904b92ef210191d,b7a1d3b7d1000e546db4284fc563465402eedb24f3707ac726f9811990306d3b,,,,,0,LOADED_VM,,NOT_STARTED,NOT_STARTED,NOT_STARTED,SVG_REQUIRED_MISSING,SVG_REQUIRED_MISSING,COORDINATE_OR_GEOMETRY_STRUCTURE|TABLE_OR_MATRIX_STRUCTURE,,VISUAL_CANDIDATE,NO_PROBLEM_VISUAL,REVIEW_REQUIRED,NONE,NOT_STARTED,,,,NOT_STARTED,NOT_STARTED,NOT_STARTED,NOT_TESTED,PASS,canonical_and_compiled_master_match,INVENTORY_PENDING,01_scope_inventory.csv#archive/exams/original/high/h1/1final/22_순천여고_1학기_기말_고1_기출.js|22_순천여고_1학기_기말_고1_기출|1,,INDEX_RECORD_PRESENT,original/high/h1/1final/22_순천여고_1학기_기말_고1_기출.js_1,75ecfd5bd4c09cc853c3b0a6416d8b44883b28224ed38685665517a5e5cc7232,true,②,IN_SCOPE_FORWARD,,,CLOSED_NO_SHARED_ASSET
archive/exams/original/high/h1/1final/22_순천여고_1학기_기말_고1_기출.js|22_순천여고_1학기_기말_고1_기출|9,archive/exams/original/high/h1/1final/22_순천여고_1학기_기말_고1_기출.js,22_순천여고_1학기_기말_고1_기출,9,9,9,2015,수학(상),H15-SA-09,평면좌표,9,H15-SA-09-TRIANGLE_CENTROID_AREA,삼각형의 좌표와 무게중심,category_or_cue_inferred,complete_category,객관식,grid,false,객관식|평면좌표|고1|1학기기말,c06393cede8cb9b099a55f0856f5dde5f24b0127519b8397bfc984bf61f560bb,68bb1747ded63a1fc7bf63fb109f3414fe0559ee222ec64cddbf67582bf5dca7,b15be6cb71072b84f7e1e198ce023fc5bb8b1e625335904ddcf3cffcd8b7312b,04318a1ae1dc94f25d9569af10261946f8c97fb1ebd168ad033e0e31bedb63f3,,,,,0,LOADED_VM,,NOT_STARTED,NOT_STARTED,NOT_STARTED,SVG_REQUIRED_MISSING,SVG_REQUIRED_MISSING,COORDINATE_OR_GEOMETRY_STRUCTURE|TABLE_OR_MATRIX_STRUCTURE,,VISUAL_CANDIDATE,NO_PROBLEM_VISUAL,REVIEW_REQUIRED,NONE,NOT_STARTED,,,,NOT_STARTED,NOT_STARTED,NOT_STARTED,NOT_TESTED,PASS,canonical_and_compiled_master_match,INVENTORY_PENDING,01_scope_inventory.csv#archive/exams/original/high/h1/1final/22_순천여고_1학기_기말_고1_기출.js|22_순천여고_1학기_기말_고1_기출|9,,INDEX_RECORD_PRESENT,original/high/h1/1final/22_순천여고_1학기_기말_고1_기출.js_9,75ecfd5bd4c09cc853c3b0a6416d8b44883b28224ed38685665517a5e5cc7232,true,③,IN_SCOPE_FORWARD,,,CLOSED_NO_SHARED_ASSET
archive/exams/original/high/h1/1final/22_순천여고_1학기_기말_고1_기출.js|22_순천여고_1학기_기말_고1_기출|10,archive/exams/original/high/h1/1final/22_순천여고_1학기_기말_고1_기출.js,22_순천여고_1학기_기말_고1_기출,10,10,10,2015,수학(상),H15-SA-09,평면좌표,9,H15-SA-09-COORDINATE_METRIC,좌표와 거리,category_or_cue_inferred,complete_category,객관식,grid,false,객관식|평면좌표|고1|1학기기말|도형,2285c66153ef523690874d71ec1e25ced2dd3810d0fd31b4e3b1b3ee68a6ac71,7e62c1941dcae510f66e790e3317dc47db08756f62b66476d8e6a24d02020c72,dfde05a3668030e99ca64d8d4ae5f6b64c7a87cee61c0ba43904b92ef210191d,45bab335b47c8c504e4bba6d1f5566f907ff2997f5af2e36795d8e17ea2b0e04,,,assets/images/22_순천여고_1학기_기말_고1_기출/q10-solution.svg,3fd1393be21024595935c3e7784c3d961bbed00633d5adc61827121e9fa11b8b,0,LOADED_VM,,NOT_STARTED,NOT_STARTED,NOT_STARTED,SOURCE_REVIEW,SOURCE_REVIEW,COORDINATE_OR_GEOMETRY_STRUCTURE|TABLE_OR_MATRIX_STRUCTURE,,SVG,NO_PROBLEM_VISUAL,REVIEW_REQUIRED,SOLUTION_SVG,NOT_STARTED,,,689e74cde19bc205d3074cc1013e323444e1f8f321400f44db9d062aa30e3ee4,NOT_STARTED,NOT_STARTED,NOT_STARTED,NOT_TESTED,PASS,canonical_and_compiled_master_match,INVENTORY_PENDING,01_scope_inventory.csv#archive/exams/original/high/h1/1final/22_순천여고_1학기_기말_고1_기출.js|22_순천여고_1학기_기말_고1_기출|10,[object Object],INDEX_RECORD_PRESENT,original/high/h1/1final/22_순천여고_1학기_기말_고1_기출.js_10,75ecfd5bd4c09cc853c3b0a6416d8b44883b28224ed38685665517a5e5cc7232,true,②,IN_SCOPE_FORWARD,,,CLOSED_NO_SHARED_ASSET
archive/exams/original/high/h1/1final/22_순천여고_1학기_기말_고1_기출.js|22_순천여고_1학기_기말_고1_기출|16,archive/exams/original/high/h1/1final/22_순천여고_1학기_기말_고1_기출.js,22_순천여고_1학기_기말_고1_기출,16,16,16,2015,수학(상),H15-SA-09,평면좌표,9,H15-SA-09-GEOMETRY_EQUATION,도형의 방정식,category_or_cue_inferred,complete_category,객관식,grid,true,객관식|평면좌표|고1|1학기기말|도형,01bd83c126f84fbb9320e2411808240024a7a9ce3a96329a5740c24bf59da761,cdad6cc74af4bff6b0160fc9df343f6d2ace465180e4e574249b0ff72b05b732,dfde05a3668030e99ca64d8d4ae5f6b64c7a87cee61c0ba43904b92ef210191d,61a0dd2ff7a75217543abbc853ddcfcf627dce91b97e5065273c52c59d71deaa,assets/images/22_순천여고_1학기_기말_고1_기출/q16.png,1eee9e355d81e3b75fe32c732453d6b33a4250044394259a6e6f0a2cd0647294,assets/images/22_순천여고_1학기_기말_고1_기출/q16-solution.svg,ff704b42f55d0c75c91e8607f24756af2e60d3a006f25d9015312feda0348cbb,0,LOADED_VM,,NOT_STARTED,NOT_STARTED,NOT_STARTED,SOURCE_REVIEW,SOURCE_REVIEW,COORDINATE_OR_GEOMETRY_STRUCTURE|SET_OR_LOGIC_STRUCTURE|TABLE_OR_MATRIX_STRUCTURE,,SVG,PROBLEM_VISUAL_PRESENT,REVIEW_REQUIRED,SOLUTION_SVG,NOT_STARTED,,,889ef0a9c0dcc5cdd6549ffdba2bfd385c321fac61453470a5eba3e0be083213,NOT_STARTED,NOT_STARTED,NOT_STARTED,NOT_TESTED,PASS,canonical_and_compiled_master_match,INVENTORY_PENDING,01_scope_inventory.csv#archive/exams/original/high/h1/1final/22_순천여고_1학기_기말_고1_기출.js|22_순천여고_1학기_기말_고1_기출|16,[object Object]|[object Object],INDEX_RECORD_PRESENT,original/high/h1/1final/22_순천여고_1학기_기말_고1_기출.js_16,75ecfd5bd4c09cc853c3b0a6416d8b44883b28224ed38685665517a5e5cc7232,true,②,IN_SCOPE_FORWARD,,,CLOSED_NO_SHARED_ASSET
archive/exams/original/high/h1/1final/22_순천여고_1학기_기말_고1_기출.js|22_순천여고_1학기_기말_고1_기출|20,archive/exams/original/high/h1/1final/22_순천여고_1학기_기말_고1_기출.js,22_순천여고_1학기_기말_고1_기출,20,20,20,2015,수학(상),H15-SA-09,평면좌표,9,H15-SA-09-GEOMETRY_EQUATION,도형의 방정식,category_or_cue_inferred,complete_category,객관식,grid,true,객관식|평면좌표|고1|1학기기말|도형,1d7da5adc022465160635fb11307de458a4e1c43d7b99c1b269a405b77173259,6414df14fdc63133a9e59c03cbfa85e141b4c97020bbc48b2d20ffc7ff806bce,b15be6cb71072b84f7e1e198ce023fc5bb8b1e625335904ddcf3cffcd8b7312b,30035994afc607e75b34eb4a0928afb10700a9d0cbc41efc744517546bbb047b,assets/images/22_순천여고_1학기_기말_고1_기출/q20.png,85a59847e28585647f646cb0aeaf39c2964271556bfb2cd9ba40583473705303,assets/images/22_순천여고_1학기_기말_고1_기출/q20-solution.svg,dfdbbc45b15bfe348e3d55af1cd69dcdefc22bba864761b4abe807c7463dc3c8,0,LOADED_VM,,NOT_STARTED,NOT_STARTED,NOT_STARTED,SOURCE_REVIEW,SOURCE_REVIEW,COORDINATE_OR_GEOMETRY_STRUCTURE|TABLE_OR_MATRIX_STRUCTURE,,SVG,PROBLEM_VISUAL_PRESENT,REVIEW_REQUIRED,SOLUTION_SVG,NOT_STARTED,,,98d26e317a5b02b11bc3d24b59b377ea027d8d30da77fbabc152b078989850f0,NOT_STARTED,NOT_STARTED,NOT_STARTED,NOT_TESTED,PASS,canonical_and_compiled_master_match,INVENTORY_PENDING,01_scope_inventory.csv#archive/exams/original/high/h1/1final/22_순천여고_1학기_기말_고1_기출.js|22_순천여고_1학기_기말_고1_기출|20,[object Object]|[object Object],INDEX_RECORD_PRESENT,original/high/h1/1final/22_순천여고_1학기_기말_고1_기출.js_20,75ecfd5bd4c09cc853c3b0a6416d8b44883b28224ed38685665517a5e5cc7232,true,③,IN_SCOPE_FORWARD,,,CLOSED_NO_SHARED_ASSET
archive/exams/original/high/h1/1final/22_제일고_1학기_기말_고1_기출.js|22_제일고_1학기_기말_고1_기출|5,archive/exams/original/high/h1/1final/22_제일고_1학기_기말_고1_기출.js,22_제일고_1학기_기말_고1_기출,5,5,5,2022,공통수학2,H22-C2-01,평면좌표,1,H22-C2-01-COORDINATE_METRIC,평면좌표와 거리,category_or_cue_inferred,complete_category,객관식,grid,false,객관식|평면좌표|고1|기말|도형,6a851cc568ee0ec3930d6853002ba9b356b668102c445bc6f71171ae2f414707,0c9d02efc6f03e234936557baee08a9a6015a093cf6b422351f61b5c74b6747c,0bdef091c479702584f065d3a3714f8a76f851b3f0cf10912f345a5dd930b0a8,467a7d4739c5e98863843f5a2345a7426f5548e526479cbb21fdb74f1293103d,,,assets/images/22_제일고_1학기_기말_고1_기출/q05-solution.svg,543a4f2ff940afde55da7f788e59705d6fd1ef9ae82a715de9a0352ed7220d44,0,LOADED_VM,,NOT_STARTED,NOT_STARTED,NOT_STARTED,SOURCE_REVIEW,SOURCE_REVIEW,COORDINATE_OR_GEOMETRY_STRUCTURE|TABLE_OR_MATRIX_STRUCTURE,,SVG,NO_PROBLEM_VISUAL,REVIEW_REQUIRED,SOLUTION_SVG,NOT_STARTED,,,7bee541dcc4d3d08998c2de3920cbb3e5f44212a3466d8ceb3d59d08be903497,NOT_STARTED,NOT_STARTED,NOT_STARTED,NOT_TESTED,PASS,canonical_and_compiled_master_match,INVENTORY_PENDING,01_scope_inventory.csv#archive/exams/original/high/h1/1final/22_제일고_1학기_기말_고1_기출.js|22_제일고_1학기_기말_고1_기출|5,[object Object],INDEX_RECORD_PRESENT,original/high/h1/1final/22_제일고_1학기_기말_고1_기출.js_5,81a102a44f1b2ee8f922ec6cb537e858573cb5f4e9c2435f8252f26ac212cca4,true,⑤,IN_SCOPE_FORWARD,,,CLOSED_NO_SHARED_ASSET
archive/exams/original/high/h1/1final/22_제일고_1학기_기말_고1_기출.js|22_제일고_1학기_기말_고1_기출|6,archive/exams/original/high/h1/1final/22_제일고_1학기_기말_고1_기출.js,22_제일고_1학기_기말_고1_기출,6,6,6,2022,공통수학2,H22-C2-01,평면좌표,1,H22-C2-01-GEOMETRY_EQUATION,도형의 방정식,category_or_cue_inferred,complete_category,객관식,grid,false,객관식|평면좌표|고1|기말|도형,d999137c4e4500fc0519191a3526690069cb01c3b9d1b8ef376d5f4e1b3c9028,7ba1adc61dc43fb1d5e99024e9b4c6878a609d141b36dac734d28a358cfc66cf,d41ea6521f53fb3dfa10cf72e2932f4405d9c999fa422cdc840d25d57e90dd34,af35c6f03ff665d54397e85cd6572c7f76c7e94d1622aceca1fc3ad55e2657ec,,,assets/images/22_제일고_1학기_기말_고1_기출/q06-solution.svg,6be466938734ab8818c8a33c1e6089d942b88f31b1efad51e966c80b8d6d9f17,0,LOADED_VM,,NOT_STARTED,NOT_STARTED,NOT_STARTED,SOURCE_REVIEW,SOURCE_REVIEW,COORDINATE_OR_GEOMETRY_STRUCTURE|TABLE_OR_MATRIX_STRUCTURE,,SVG,NO_PROBLEM_VISUAL,REVIEW_REQUIRED,SOLUTION_SVG,NOT_STARTED,,,c40faa6b92ec2eefc983d10aac417c3f8f65a253e83a641e29e3bbec78d34e36,NOT_STARTED,NOT_STARTED,NOT_STARTED,NOT_TESTED,PASS,canonical_and_compiled_master_match,INVENTORY_PENDING,01_scope_inventory.csv#archive/exams/original/high/h1/1final/22_제일고_1학기_기말_고1_기출.js|22_제일고_1학기_기말_고1_기출|6,[object Object],INDEX_RECORD_PRESENT,original/high/h1/1final/22_제일고_1학기_기말_고1_기출.js_6,81a102a44f1b2ee8f922ec6cb537e858573cb5f4e9c2435f8252f26ac212cca4,true,④,IN_SCOPE_FORWARD,,,CLOSED_NO_SHARED_ASSET
archive/exams/original/high/h1/1final/22_제일고_1학기_기말_고1_기출.js|22_제일고_1학기_기말_고1_기출|7,archive/exams/original/high/h1/1final/22_제일고_1학기_기말_고1_기출.js,22_제일고_1학기_기말_고1_기출,7,7,7,2022,공통수학2,H22-C2-01,평면좌표,1,H22-C2-01-COORDINATE_METRIC,평면좌표와 거리,category_or_cue_inferred,complete_category,객관식,grid,false,객관식|평면좌표|고1|기말,c846237f5749e4265c97056a0f73573956e7a91b8f6437be4d7a34500e1e3b78,946ec6ec980a3d6babf32de532cf64e7c2574b4af3cd2242e14bf3459e19f7df,b15be6cb71072b84f7e1e198ce023fc5bb8b1e625335904ddcf3cffcd8b7312b,647f901d6eb98da4047133f69a7b8085f3d6bed1858c934cb4ed3d3213a7b0b7,,,,,0,LOADED_VM,,NOT_STARTED,NOT_STARTED,NOT_STARTED,SVG_REQUIRED_MISSING,SVG_REQUIRED_MISSING,COORDINATE_OR_GEOMETRY_STRUCTURE|SET_OR_LOGIC_STRUCTURE|TABLE_OR_MATRIX_STRUCTURE,,VISUAL_CANDIDATE,NO_PROBLEM_VISUAL,REVIEW_REQUIRED,NONE,NOT_STARTED,,,,NOT_STARTED,NOT_STARTED,NOT_STARTED,NOT_TESTED,PASS,canonical_and_compiled_master_match,INVENTORY_PENDING,01_scope_inventory.csv#archive/exams/original/high/h1/1final/22_제일고_1학기_기말_고1_기출.js|22_제일고_1학기_기말_고1_기출|7,,INDEX_RECORD_PRESENT,original/high/h1/1final/22_제일고_1학기_기말_고1_기출.js_7,81a102a44f1b2ee8f922ec6cb537e858573cb5f4e9c2435f8252f26ac212cca4,true,③,IN_SCOPE_FORWARD,,,CLOSED_NO_SHARED_ASSET
archive/exams/original/high/h1/1final/22_제일고_1학기_기말_고1_기출.js|22_제일고_1학기_기말_고1_기출|8,archive/exams/original/high/h1/1final/22_제일고_1학기_기말_고1_기출.js,22_제일고_1학기_기말_고1_기출,8,8,8,2022,공통수학2,H22-C2-01,평면좌표,1,H22-C2-01-COORDINATE_METRIC,평면좌표와 거리,category_or_cue_inferred,complete_category,객관식,grid,false,객관식|평면좌표|고1|기말,d4916515d85353d5c48bcb90b9b8981ddbc33d3af836a73c5b079a9f0a65833f,386aaeaee5646d1127817ba7f67cfe5d63ab1a63cdbf476e06e3e8947ba0a407,973d2fd2f97e26a666f403b12da6d87e527985b36bcf4ff0a47c7e7e8c36321a,beb4cf3361979749e1463e40c012be87a96f43e2da5f980c6850faf530396def,,,,,0,LOADED_VM,,NOT_STARTED,NOT_STARTED,NOT_STARTED,SVG_REQUIRED_MISSING,SVG_REQUIRED_MISSING,COORDINATE_OR_GEOMETRY_STRUCTURE|TABLE_OR_MATRIX_STRUCTURE,,VISUAL_CANDIDATE,NO_PROBLEM_VISUAL,REVIEW_REQUIRED,NONE,NOT_STARTED,,,,NOT_STARTED,NOT_STARTED,NOT_STARTED,NOT_TESTED,PASS,canonical_and_compiled_master_match,INVENTORY_PENDING,01_scope_inventory.csv#archive/exams/original/high/h1/1final/22_제일고_1학기_기말_고1_기출.js|22_제일고_1학기_기말_고1_기출|8,,INDEX_RECORD_PRESENT,original/high/h1/1final/22_제일고_1학기_기말_고1_기출.js_8,81a102a44f1b2ee8f922ec6cb537e858573cb5f4e9c2435f8252f26ac212cca4,true,①,IN_SCOPE_FORWARD,,,CLOSED_NO_SHARED_ASSET
archive/exams/original/high/h1/1final/22_제일고_1학기_기말_고1_기출.js|22_제일고_1학기_기말_고1_기출|9,archive/exams/original/high/h1/1final/22_제일고_1학기_기말_고1_기출.js,22_제일고_1학기_기말_고1_기출,9,9,9,2022,공통수학2,H22-C2-01,평면좌표,1,H22-C2-01-COORDINATE_METRIC,평면좌표와 거리,category_or_cue_inferred,complete_category,객관식,grid,false,객관식|평면좌표|고1|기말|도형,543b4336ba0bc3a25bcc80bfb086e58d2730217f927c2b20e4eff297bb195c4d,b0da8ddaa529c7be334dcc5e351f69f0281e73cd79c4c52d95671d58babb5a92,973d2fd2f97e26a666f403b12da6d87e527985b36bcf4ff0a47c7e7e8c36321a,78d74b8d0e84f8886fc63543f92aece1c920f3260192dcca4bbbcad67609685f,assets/images/22_제일고_1학기_기말_고1_기출/q9.png,d87e8185a02ea7393deed38fbd8132672abd8b4ed2f12b86280316ef912d7dcd,assets/images/22_제일고_1학기_기말_고1_기출/q09-solution.svg,0130fbd22b918dd0d841a207d9479142a2df63817ff963bbedb4031d41bcefa2,0,LOADED_VM,,NOT_STARTED,NOT_STARTED,NOT_STARTED,SOURCE_REVIEW,SOURCE_REVIEW,COORDINATE_OR_GEOMETRY_STRUCTURE|TABLE_OR_MATRIX_STRUCTURE,,SVG,PROBLEM_VISUAL_PRESENT,REVIEW_REQUIRED,SOLUTION_SVG,NOT_STARTED,,,3a8faf5442f18094415e1061f23607209b3fa251899aa410dcd2e4c21641b4b5,NOT_STARTED,NOT_STARTED,NOT_STARTED,NOT_TESTED,PASS,canonical_and_compiled_master_match,INVENTORY_PENDING,01_scope_inventory.csv#archive/exams/original/high/h1/1final/22_제일고_1학기_기말_고1_기출.js|22_제일고_1학기_기말_고1_기출|9,[object Object]|[object Object],INDEX_RECORD_PRESENT,original/high/h1/1final/22_제일고_1학기_기말_고1_기출.js_9,81a102a44f1b2ee8f922ec6cb537e858573cb5f4e9c2435f8252f26ac212cca4,true,①,IN_SCOPE_FORWARD,,,CLOSED_NO_SHARED_ASSET
archive/exams/original/high/h1/1final/22_팔마고_1학기_기말_고1_기출.js|22_팔마고_1학기_기말_고1_기출|2,archive/exams/original/high/h1/1final/22_팔마고_1학기_기말_고1_기출.js,22_팔마고_1학기_기말_고1_기출,2,2,2,2015,수학(상),H15-SA-09,평면좌표,9,H15-SA-09-COORDINATE_METRIC,좌표와 거리,category_or_cue_inferred,complete_category,객관식,grid,false,객관식|평면좌표|고1|기말,eba24c5f1a592d57a2967975518809a80b0c5b98b2991c1c8a800e1c87649c3b,730da7ca1edb0983c3c280d921a317eb1abdd73731492b21176dfe561046d6ff,b15be6cb71072b84f7e1e198ce023fc5bb8b1e625335904ddcf3cffcd8b7312b,633958e9fedd04b41f463b590191b415ee3eb5c8b3f812fbe2aff7e2b42e18b3,,,,,0,LOADED_VM,,NOT_STARTED,NOT_STARTED,NOT_STARTED,SVG_REQUIRED_MISSING,SVG_REQUIRED_MISSING,COORDINATE_OR_GEOMETRY_STRUCTURE|TABLE_OR_MATRIX_STRUCTURE,,VISUAL_CANDIDATE,NO_PROBLEM_VISUAL,REVIEW_REQUIRED,NONE,NOT_STARTED,,,,NOT_STARTED,NOT_STARTED,NOT_STARTED,NOT_TESTED,PASS,canonical_and_compiled_master_match,INVENTORY_PENDING,01_scope_inventory.csv#archive/exams/original/high/h1/1final/22_팔마고_1학기_기말_고1_기출.js|22_팔마고_1학기_기말_고1_기출|2,,INDEX_RECORD_PRESENT,original/high/h1/1final/22_팔마고_1학기_기말_고1_기출.js_2,29b947a1d1422b4def7f5d0d708d62418af8d0ad94656355c0625137a588620b,true,③,IN_SCOPE_FORWARD,,,CLOSED_NO_SHARED_ASSET
archive/exams/original/high/h1/1final/22_팔마고_1학기_기말_고1_기출.js|22_팔마고_1학기_기말_고1_기출|3,archive/exams/original/high/h1/1final/22_팔마고_1학기_기말_고1_기출.js,22_팔마고_1학기_기말_고1_기출,3,3,3,2015,수학(상),H15-SA-09,평면좌표,9,H15-SA-09-COORDINATE_METRIC,좌표와 거리,category_or_cue_inferred,complete_category,객관식,grid,false,객관식|평면좌표|고1|기말,6772826b00f5013f085473e28dcf948ef9eb671ac700dc96a1df892546bc6060,af806b85a430f88ad5a43ddc83aab3380e8068ff183033ad56df0b7715ae6208,0bdef091c479702584f065d3a3714f8a76f851b3f0cf10912f345a5dd930b0a8,9e7c3db5a6b0404d1241f2bda763dc64d89850b2d91ddb10dc50a058137caef2,,,,,0,LOADED_VM,,NOT_STARTED,NOT_STARTED,NOT_STARTED,SVG_REQUIRED_MISSING,SVG_REQUIRED_MISSING,COORDINATE_OR_GEOMETRY_STRUCTURE|TABLE_OR_MATRIX_STRUCTURE,,VISUAL_CANDIDATE,NO_PROBLEM_VISUAL,REVIEW_REQUIRED,NONE,NOT_STARTED,,,,NOT_STARTED,NOT_STARTED,NOT_STARTED,NOT_TESTED,PASS,canonical_and_compiled_master_match,INVENTORY_PENDING,01_scope_inventory.csv#archive/exams/original/high/h1/1final/22_팔마고_1학기_기말_고1_기출.js|22_팔마고_1학기_기말_고1_기출|3,,INDEX_RECORD_PRESENT,original/high/h1/1final/22_팔마고_1학기_기말_고1_기출.js_3,29b947a1d1422b4def7f5d0d708d62418af8d0ad94656355c0625137a588620b,true,⑤,IN_SCOPE_FORWARD,,,CLOSED_NO_SHARED_ASSET
archive/exams/original/high/h1/1final/22_팔마고_1학기_기말_고1_기출.js|22_팔마고_1학기_기말_고1_기출|18,archive/exams/original/high/h1/1final/22_팔마고_1학기_기말_고1_기출.js,22_팔마고_1학기_기말_고1_기출,18,18,18,2015,수학(상),H15-SA-09,평면좌표,9,H15-SA-09-COORDINATE_METRIC,좌표와 거리,category_or_cue_inferred,complete_category,단답형,grid,false,단답형|평면좌표|고1|기말,14229f59afa4a973db1632068a250229b031e5901316c9ba77e50a39819bdc03,4f53cda18c2baa0c0354bb5f9a3ecbe5ed12ab4d8e11ba873c2f11161202b945,7de78be88b20a4432fc6e2a5fa6b67ab01f20e1cf257a28ad72cc4764613cd8a,47f53c961b44e1e2da7f3c3acccfb393d79ebf58f2a7248f24dcd385ad4c0f20,,,,,0,LOADED_VM,,NOT_STARTED,NOT_STARTED,NOT_STARTED,SVG_REQUIRED_MISSING,SVG_REQUIRED_MISSING,COORDINATE_OR_GEOMETRY_STRUCTURE|TABLE_OR_MATRIX_STRUCTURE,,VISUAL_CANDIDATE,NO_PROBLEM_VISUAL,REVIEW_REQUIRED,NONE,NOT_STARTED,,,,NOT_STARTED,NOT_STARTED,NOT_STARTED,NOT_TESTED,PASS,canonical_and_compiled_master_match,INVENTORY_PENDING,01_scope_inventory.csv#archive/exams/original/high/h1/1final/22_팔마고_1학기_기말_고1_기출.js|22_팔마고_1학기_기말_고1_기출|18,,INDEX_RECORD_PRESENT,original/high/h1/1final/22_팔마고_1학기_기말_고1_기출.js_18,29b947a1d1422b4def7f5d0d708d62418af8d0ad94656355c0625137a588620b,true,$\sqrt{17}$,IN_SCOPE_FORWARD,,,CLOSED_NO_SHARED_ASSET
archive/exams/original/high/h1/1final/22_효천고_1학기_기말_고1_기출.js|22_효천고_1학기_기말_고1_기출|1,archive/exams/original/high/h1/1final/22_효천고_1학기_기말_고1_기출.js,22_효천고_1학기_기말_고1_기출,1,1,1,2015,수학(상),H15-SA-09,평면좌표,9,H15-SA-09-TRIANGLE_CENTROID_AREA,삼각형의 좌표와 무게중심,category_or_cue_inferred,complete_category,객관식,grid,false,객관식|평면좌표|무게중심|계산,434758c94e935302f653b3d7434bcf6d29919868b9375d2ab08b00fee14f7d1c,88efbb95e3f6ab3b6eed27c357c922bc3890ccdf232850a28484a8f89fe77045,973d2fd2f97e26a666f403b12da6d87e527985b36bcf4ff0a47c7e7e8c36321a,af98fc58dc88f04e7f8e683133c89d17c70117736a25324c272eefb339f3216d,,,,,0,LOADED_VM,,NOT_STARTED,NOT_STARTED,NOT_STARTED,SVG_REQUIRED_MISSING,SVG_REQUIRED_MISSING,COORDINATE_OR_GEOMETRY_STRUCTURE|TABLE_OR_MATRIX_STRUCTURE,,VISUAL_CANDIDATE,NO_PROBLEM_VISUAL,REVIEW_REQUIRED,NONE,NOT_STARTED,,,,NOT_STARTED,NOT_STARTED,NOT_STARTED,NOT_TESTED,PASS,canonical_and_compiled_master_match,INVENTORY_PENDING,01_scope_inventory.csv#archive/exams/original/high/h1/1final/22_효천고_1학기_기말_고1_기출.js|22_효천고_1학기_기말_고1_기출|1,,INDEX_RECORD_PRESENT,original/high/h1/1final/22_효천고_1학기_기말_고1_기출.js_1,1a5b076b33ec714ab8a8ad40427d24dd700021e9b3aa019bfb56c29e3650434a,true,①,IN_SCOPE_FORWARD,,,CLOSED_NO_SHARED_ASSET
archive/exams/original/high/h1/1final/22_효천고_1학기_기말_고1_기출.js|22_효천고_1학기_기말_고1_기출|3,archive/exams/original/high/h1/1final/22_효천고_1학기_기말_고1_기출.js,22_효천고_1학기_기말_고1_기출,3,3,3,2015,수학(상),H15-SA-09,평면좌표,9,H15-SA-09-GEOMETRY_EQUATION,도형의 방정식,category_or_cue_inferred,complete_category,객관식,grid,false,객관식|평면좌표|삼각형넓이,a02bd48023a5d2e4f979c7f1e6c966f4e2b7478d9b1731c96eb12e2a3e0ed518,48a6a42247cc221568b17352f8cec2c68c50aa0d46a3d19717a8f46e44cdcf17,b15be6cb71072b84f7e1e198ce023fc5bb8b1e625335904ddcf3cffcd8b7312b,a29425f2535ad86064c8fadb81024dbbcd8e856feb2668dcb1408b178bc84641,,,,,0,LOADED_VM,,NOT_STARTED,NOT_STARTED,NOT_STARTED,SVG_REQUIRED_MISSING,SVG_REQUIRED_MISSING,COORDINATE_OR_GEOMETRY_STRUCTURE|TABLE_OR_MATRIX_STRUCTURE,,VISUAL_CANDIDATE,NO_PROBLEM_VISUAL,REVIEW_REQUIRED,NONE,NOT_STARTED,,,,NOT_STARTED,NOT_STARTED,NOT_STARTED,NOT_TESTED,PASS,canonical_and_compiled_master_match,INVENTORY_PENDING,01_scope_inventory.csv#archive/exams/original/high/h1/1final/22_효천고_1학기_기말_고1_기출.js|22_효천고_1학기_기말_고1_기출|3,,INDEX_RECORD_PRESENT,original/high/h1/1final/22_효천고_1학기_기말_고1_기출.js_3,1a5b076b33ec714ab8a8ad40427d24dd700021e9b3aa019bfb56c29e3650434a,true,③,IN_SCOPE_FORWARD,,,CLOSED_NO_SHARED_ASSET
archive/exams/original/high/h1/1final/22_효천고_1학기_기말_고1_기출.js|22_효천고_1학기_기말_고1_기출|7,archive/exams/original/high/h1/1final/22_효천고_1학기_기말_고1_기출.js,22_효천고_1학기_기말_고1_기출,7,7,7,2015,수학(상),H15-SA-09,평면좌표,9,H15-SA-09-COORDINATE_METRIC,좌표와 거리,category_or_cue_inferred,complete_category,객관식,grid,false,객관식|평면좌표|증명|표,278e7afd3ed39da3add1799dbb3c785447b85a45538dc9c462195a51b2d8779a,ad7a19054a3049f23e9a39c9bbb26e55160610e1758c8589ff8b73de3666a4c5,d41ea6521f53fb3dfa10cf72e2932f4405d9c999fa422cdc840d25d57e90dd34,03cc73949e2b6691609a51b0db757237bc6f8be64ca08e850918625604ce84b7,,,,,0,LOADED_VM,,NOT_STARTED,NOT_STARTED,NOT_STARTED,SVG_REQUIRED_MISSING,SVG_REQUIRED_MISSING,COORDINATE_OR_GEOMETRY_STRUCTURE|TABLE_OR_MATRIX_STRUCTURE,,VISUAL_CANDIDATE,NO_PROBLEM_VISUAL,REVIEW_REQUIRED,NONE,NOT_STARTED,,,,NOT_STARTED,NOT_STARTED,NOT_STARTED,NOT_TESTED,PASS,canonical_and_compiled_master_match,INVENTORY_PENDING,01_scope_inventory.csv#archive/exams/original/high/h1/1final/22_효천고_1학기_기말_고1_기출.js|22_효천고_1학기_기말_고1_기출|7,,INDEX_RECORD_PRESENT,original/high/h1/1final/22_효천고_1학기_기말_고1_기출.js_7,1a5b076b33ec714ab8a8ad40427d24dd700021e9b3aa019bfb56c29e3650434a,true,④,IN_SCOPE_FORWARD,,,CLOSED_NO_SHARED_ASSET
archive/exams/original/high/h1/1final/22_효천고_1학기_기말_고1_기출.js|22_효천고_1학기_기말_고1_기출|8,archive/exams/original/high/h1/1final/22_효천고_1학기_기말_고1_기출.js,22_효천고_1학기_기말_고1_기출,8,8,8,2015,수학(상),H15-SA-09,평면좌표,9,H15-SA-09-COORDINATE_METRIC,좌표와 거리,rule_inferred,complete_rule,객관식,grid,false,객관식|평면좌표|마름모|중점|거리|도형,fdaca5b240bd00d9159b00824363c1a79629c32ba94817ce93f6d41740a90e28,10991726f84b8501776ce5c602b0880a9dc3c0cc8d75fcfa9d2f0a8eb5e2b744,b15be6cb71072b84f7e1e198ce023fc5bb8b1e625335904ddcf3cffcd8b7312b,52156e01817343635481f20bd04b3e7e7abc4d7c1e88667f129430b52d8b8224,,,assets/images/22_효천고_1학기_기말_고1_기출/q08-solution.svg,1dc3b2cc98fd33e5877f2e432171af83b4460184518a98b98e4ca795735bd4c3,0,LOADED_VM,,NOT_STARTED,NOT_STARTED,NOT_STARTED,SOURCE_REVIEW,SOURCE_REVIEW,COORDINATE_OR_GEOMETRY_STRUCTURE|COUNTING_STRUCTURE|TABLE_OR_MATRIX_STRUCTURE,,SVG,NO_PROBLEM_VISUAL,REVIEW_REQUIRED,SOLUTION_SVG,NOT_STARTED,,,9c062d4f348ab4c22d8e1e36c7dc6c3ddd989aa67de9b7b7a6b86b8491054956,NOT_STARTED,NOT_STARTED,NOT_STARTED,NOT_TESTED,PASS,canonical_and_compiled_master_match,INVENTORY_PENDING,01_scope_inventory.csv#archive/exams/original/high/h1/1final/22_효천고_1학기_기말_고1_기출.js|22_효천고_1학기_기말_고1_기출|8,[object Object],INDEX_RECORD_PRESENT,original/high/h1/1final/22_효천고_1학기_기말_고1_기출.js_8,1a5b076b33ec714ab8a8ad40427d24dd700021e9b3aa019bfb56c29e3650434a,true,③,IN_SCOPE_FORWARD,,,CLOSED_NO_SHARED_ASSET
archive/exams/original/high/h1/1final/22_효천고_1학기_기말_고1_기출.js|22_효천고_1학기_기말_고1_기출|18,archive/exams/original/high/h1/1final/22_효천고_1학기_기말_고1_기출.js,22_효천고_1학기_기말_고1_기출,18,18,18,2015,수학(상),H15-SA-09,평면좌표,9,H15-SA-09-COORDINATE_METRIC,좌표와 거리,rule_inferred,complete_rule,서술형,grid,false,서술형|내분점|외분점|거리,5c583aaf25f3f656fde7de5a776cb1dabb6c4288d698a71adf968a13b7aca3dd,4f53cda18c2baa0c0354bb5f9a3ecbe5ed12ab4d8e11ba873c2f11161202b945,397b49a76288da3fde0d4e8ddb739bc89a0362fd9de9ad34bb7651e9a27241f9,08ba645a4b027b6a9ae0ad42a34d1584ae8d23a8d64056725c11c8737c2f3b18,,,,,0,LOADED_VM,,NOT_STARTED,NOT_STARTED,NOT_STARTED,SVG_REQUIRED_MISSING,SVG_REQUIRED_MISSING,COORDINATE_OR_GEOMETRY_STRUCTURE|TABLE_OR_MATRIX_STRUCTURE,,VISUAL_CANDIDATE,NO_PROBLEM_VISUAL,REVIEW_REQUIRED,NONE,NOT_STARTED,,,,NOT_STARTED,NOT_STARTED,NOT_STARTED,NOT_TESTED,PASS,canonical_and_compiled_master_match,INVENTORY_PENDING,01_scope_inventory.csv#archive/exams/original/high/h1/1final/22_효천고_1학기_기말_고1_기출.js|22_효천고_1학기_기말_고1_기출|18,,INDEX_RECORD_PRESENT,original/high/h1/1final/22_효천고_1학기_기말_고1_기출.js_18,1a5b076b33ec714ab8a8ad40427d24dd700021e9b3aa019bfb56c29e3650434a,true,$4\sqrt5$,IN_SCOPE_FORWARD,,,CLOSED_NO_SHARED_ASSET
archive/exams/original/high/h1/1final/22_효천고_1학기_기말_고1_기출.js|22_효천고_1학기_기말_고1_기출|22,archive/exams/original/high/h1/1final/22_효천고_1학기_기말_고1_기출.js,22_효천고_1학기_기말_고1_기출,22,22,22,2015,수학(상),H15-SA-09,평면좌표,9,H15-SA-09-COORDINATE_METRIC,좌표와 거리,category_or_cue_inferred,complete_category,단답형,grid,false,서술형|평면좌표|거리|최소값|도형,69700215c5851d12276cd9097eb61bbfd31ab4a32e13af983f2ef5ce6217883e,4f53cda18c2baa0c0354bb5f9a3ecbe5ed12ab4d8e11ba873c2f11161202b945,d0a5626e85c00540b2ea66c9ced4ed6d7452c72a1cd273d02f0150f0ca83cd93,ae7fe88fd5072fe707a40fe586cf032f170e087b3edfb3dbf2584d19d0d60c09,,,assets/images/22_효천고_1학기_기말_고1_기출/q22-solution.svg,1a20098266fb220f4d61f99c2fe4778464c375e443f7e824b9b66872db6b8356,0,LOADED_VM,,NOT_STARTED,NOT_STARTED,NOT_STARTED,SOURCE_REVIEW,SOURCE_REVIEW,COORDINATE_OR_GEOMETRY_STRUCTURE|TABLE_OR_MATRIX_STRUCTURE,,SVG,NO_PROBLEM_VISUAL,REVIEW_REQUIRED,SOLUTION_SVG,NOT_STARTED,,,1eaa0cb6f46c1607c359f06cfe698d24b613f360ff4dfeee76c7b81d046d9fd0,NOT_STARTED,NOT_STARTED,NOT_STARTED,NOT_TESTED,PASS,canonical_and_compiled_master_match,INVENTORY_PENDING,01_scope_inventory.csv#archive/exams/original/high/h1/1final/22_효천고_1학기_기말_고1_기출.js|22_효천고_1학기_기말_고1_기출|22,[object Object],INDEX_RECORD_PRESENT,original/high/h1/1final/22_효천고_1학기_기말_고1_기출.js_22,1a5b076b33ec714ab8a8ad40427d24dd700021e9b3aa019bfb56c29e3650434a,true,"$3$초, $2\sqrt{13}$",IN_SCOPE_FORWARD,,,CLOSED_NO_SHARED_ASSET
archive/exams/original/high/h1/1final/23_강남여고_1학기_기말_고1_기출.js|23_강남여고_1학기_기말_고1_기출|2,archive/exams/original/high/h1/1final/23_강남여고_1학기_기말_고1_기출.js,23_강남여고_1학기_기말_고1_기출,2,2,2,2015,수학(상),H15-SA-09,평면좌표,9,H15-SA-09-COORDINATE_METRIC,좌표와 거리,category_or_cue_inferred,complete_category,객관식,grid,false,,b5fffd1bbfe7382db0bf100de9a1f59b2adb3851a6f0d30171b467aa879340a5,ff782081a4cc25de5ebd8fdb3b10e93e0a2a8b181fb4cabb15c6d4c8f83c7224,0bdef091c479702584f065d3a3714f8a76f851b3f0cf10912f345a5dd930b0a8,c04395d65448e3f5f60a0a118cae1a185a5daceeb38be7c77d606b6c4aa5ac91,,,,,0,LOADED_VM,,NOT_STARTED,NOT_STARTED,NOT_STARTED,SVG_REQUIRED_MISSING,SVG_REQUIRED_MISSING,COORDINATE_OR_GEOMETRY_STRUCTURE|TABLE_OR_MATRIX_STRUCTURE,,VISUAL_CANDIDATE,NO_PROBLEM_VISUAL,REVIEW_REQUIRED,NONE,NOT_STARTED,,,,NOT_STARTED,NOT_STARTED,NOT_STARTED,NOT_TESTED,PASS,canonical_and_compiled_master_match,INVENTORY_PENDING,01_scope_inventory.csv#archive/exams/original/high/h1/1final/23_강남여고_1학기_기말_고1_기출.js|23_강남여고_1학기_기말_고1_기출|2,,INDEX_RECORD_PRESENT,original/high/h1/1final/23_강남여고_1학기_기말_고1_기출.js_2,93afd5bebb6848c6a3009f34813dff32ecaed26c2ad66f79bd8a86334dbed943,true,⑤,IN_SCOPE_FORWARD,,,CLOSED_NO_SHARED_ASSET
archive/exams/original/high/h1/1final/23_강남여고_1학기_기말_고1_기출.js|23_강남여고_1학기_기말_고1_기출|3,archive/exams/original/high/h1/1final/23_강남여고_1학기_기말_고1_기출.js,23_강남여고_1학기_기말_고1_기출,3,3,3,2015,수학(상),H15-SA-09,평면좌표,9,H15-SA-09-COORDINATE_METRIC,좌표와 거리,category_or_cue_inferred,complete_category,객관식,grid,false,,80e688098f8a54dc3e410812f95f124be9d22d8f41a847210e5a0c3b532f0de5,17890a980586dcf432fb60638a67e6333f0feb30ab57652f5a2491bd72fcf312,d41ea6521f53fb3dfa10cf72e2932f4405d9c999fa422cdc840d25d57e90dd34,91f65a057a58d61b66fe2cfdb04a4664e0fd9385810f2810790c686708c31ae0,,,,,0,LOADED_VM,,NOT_STARTED,NOT_STARTED,NOT_STARTED,SVG_REQUIRED_MISSING,SVG_REQUIRED_MISSING,COORDINATE_OR_GEOMETRY_STRUCTURE|TABLE_OR_MATRIX_STRUCTURE,,VISUAL_CANDIDATE,NO_PROBLEM_VISUAL,REVIEW_REQUIRED,NONE,NOT_STARTED,,,,NOT_STARTED,NOT_STARTED,NOT_STARTED,NOT_TESTED,PASS,canonical_and_compiled_master_match,INVENTORY_PENDING,01_scope_inventory.csv#archive/exams/original/high/h1/1final/23_강남여고_1학기_기말_고1_기출.js|23_강남여고_1학기_기말_고1_기출|3,,INDEX_RECORD_PRESENT,original/high/h1/1final/23_강남여고_1학기_기말_고1_기출.js_3,93afd5bebb6848c6a3009f34813dff32ecaed26c2ad66f79bd8a86334dbed943,true,④,IN_SCOPE_FORWARD,,,CLOSED_NO_SHARED_ASSET
archive/exams/original/high/h1/1final/23_강남여고_1학기_기말_고1_기출.js|23_강남여고_1학기_기말_고1_기출|4,archive/exams/original/high/h1/1final/23_강남여고_1학기_기말_고1_기출.js,23_강남여고_1학기_기말_고1_기출,4,4,4,2015,수학(상),H15-SA-09,평면좌표,9,H15-SA-09-TRIANGLE_CENTROID_AREA,삼각형의 좌표와 무게중심,category_or_cue_inferred,complete_category,객관식,grid,false,,08d5411f65cdfb9e4bb2c834f1384d7ad446c6982c1b0aace0101b11aee27081,ff782081a4cc25de5ebd8fdb3b10e93e0a2a8b181fb4cabb15c6d4c8f83c7224,b15be6cb71072b84f7e1e198ce023fc5bb8b1e625335904ddcf3cffcd8b7312b,fdccbfa1397d70f7c6979a46900173efebffa457fd44e710dcc3b47132e4e057,,,,,0,LOADED_VM,,NOT_STARTED,NOT_STARTED,NOT_STARTED,SVG_REQUIRED_MISSING,SVG_REQUIRED_MISSING,COORDINATE_OR_GEOMETRY_STRUCTURE|TABLE_OR_MATRIX_STRUCTURE,,VISUAL_CANDIDATE,NO_PROBLEM_VISUAL,REVIEW_REQUIRED,NONE,NOT_STARTED,,,,NOT_STARTED,NOT_STARTED,NOT_STARTED,NOT_TESTED,PASS,canonical_and_compiled_master_match,INVENTORY_PENDING,01_scope_inventory.csv#archive/exams/original/high/h1/1final/23_강남여고_1학기_기말_고1_기출.js|23_강남여고_1학기_기말_고1_기출|4,,INDEX_RECORD_PRESENT,original/high/h1/1final/23_강남여고_1학기_기말_고1_기출.js_4,93afd5bebb6848c6a3009f34813dff32ecaed26c2ad66f79bd8a86334dbed943,true,③,IN_SCOPE_FORWARD,,,CLOSED_NO_SHARED_ASSET
archive/exams/original/high/h1/1final/23_강남여고_1학기_기말_고1_기출.js|23_강남여고_1학기_기말_고1_기출|17,archive/exams/original/high/h1/1final/23_강남여고_1학기_기말_고1_기출.js,23_강남여고_1학기_기말_고1_기출,17,17,17,2015,수학(상),H15-SA-09,평면좌표,9,H15-SA-09-COORDINATE_METRIC,좌표와 거리,category_or_cue_inferred,complete_category,객관식,grid,false,도형,742a994b15da804e641448369a32e821b0c30ef8d03f92c56d57d9991134c762,e0c6c2f248efde8ce38d9168e429c5d7b84c99aa5e754fb25ba9c662de0e12c7,0bdef091c479702584f065d3a3714f8a76f851b3f0cf10912f345a5dd930b0a8,c294529181422e6192b1dd93fd17d5f8e31d73494803be489d7fdfca538d5ea8,assets/images/23_강남여고_1학기_기말_고1_기출/q17.png,c6da49167985e824ac3d947d7e4d2c6e8ea8ac79f39fe24d42b745892e1d337f,assets/images/23_강남여고_1학기_기말_고1_기출/q17-solution.svg,4cd56f64dc12f9dd22e0768cdb774feea851c746316b17a69e31768cfd1de441,0,LOADED_VM,,NOT_STARTED,NOT_STARTED,NOT_STARTED,SOURCE_REVIEW,SOURCE_REVIEW,COORDINATE_OR_GEOMETRY_STRUCTURE|COUNTING_STRUCTURE|TABLE_OR_MATRIX_STRUCTURE,,SVG,PROBLEM_VISUAL_PRESENT,REVIEW_REQUIRED,SOLUTION_SVG,NOT_STARTED,,,c3c05f8e0a43d3beafb753e3cd36d5c7d66da0ec9c3954c86e892b04ad91e099,NOT_STARTED,NOT_STARTED,NOT_STARTED,NOT_TESTED,PASS,canonical_and_compiled_master_match,INVENTORY_PENDING,01_scope_inventory.csv#archive/exams/original/high/h1/1final/23_강남여고_1학기_기말_고1_기출.js|23_강남여고_1학기_기말_고1_기출|17,[object Object]|[object Object],INDEX_RECORD_PRESENT,original/high/h1/1final/23_강남여고_1학기_기말_고1_기출.js_17,93afd5bebb6848c6a3009f34813dff32ecaed26c2ad66f79bd8a86334dbed943,true,⑤,IN_SCOPE_FORWARD,,,CLOSED_NO_SHARED_ASSET
archive/exams/original/high/h1/1final/23_강남여고_1학기_기말_고1_기출.js|23_강남여고_1학기_기말_고1_기출|20,archive/exams/original/high/h1/1final/23_강남여고_1학기_기말_고1_기출.js,23_강남여고_1학기_기말_고1_기출,20,20,20,2015,수학(상),H15-SA-09,평면좌표,9,H15-SA-09-COORDINATE_METRIC,좌표와 거리,category_or_cue_inferred,complete_category,객관식,grid,false,도형,685d9e5e420643622bd5f67c3cc70d60cac9bd512362d4a681974b6396b97734,1c2cdbf0cede6a98b92eed9f24136280d5439b5c574c2fdb27c0bc18214e0dda,dfde05a3668030e99ca64d8d4ae5f6b64c7a87cee61c0ba43904b92ef210191d,35fa65f5718f4e8d932c0b06a550b497f6577ce59b0fbb7ea1fe287bf42bae24,assets/images/23_강남여고_1학기_기말_고1_기출/q20.png,ecc7c12791c6085fa0d08a05148436ed23994980e9eb2d0e00ebbbad73466d93,assets/images/23_강남여고_1학기_기말_고1_기출/q20-solution.svg,cb8c9e80713f8a7e8c3d74571d5c0e5357d61b319396973d231a80086df01420,0,LOADED_VM,,NOT_STARTED,NOT_STARTED,NOT_STARTED,SOURCE_REVIEW,SOURCE_REVIEW,COORDINATE_OR_GEOMETRY_STRUCTURE|TABLE_OR_MATRIX_STRUCTURE,,SVG,PROBLEM_VISUAL_PRESENT,REVIEW_REQUIRED,SOLUTION_SVG,NOT_STARTED,,,719b70b9b19e318cf4ccde0a7267448f376fc0b9511300bf98c51ae5a5ad8755,NOT_STARTED,NOT_STARTED,NOT_STARTED,NOT_TESTED,PASS,canonical_and_compiled_master_match,INVENTORY_PENDING,01_scope_inventory.csv#archive/exams/original/high/h1/1final/23_강남여고_1학기_기말_고1_기출.js|23_강남여고_1학기_기말_고1_기출|20,[object Object]|[object Object],INDEX_RECORD_PRESENT,original/high/h1/1final/23_강남여고_1학기_기말_고1_기출.js_20,93afd5bebb6848c6a3009f34813dff32ecaed26c2ad66f79bd8a86334dbed943,true,②,IN_SCOPE_FORWARD,,,CLOSED_NO_SHARED_ASSET
archive/exams/original/high/h1/1final/23_강남여고_1학기_기말_고1_기출.js|23_강남여고_1학기_기말_고1_기출|25,archive/exams/original/high/h1/1final/23_강남여고_1학기_기말_고1_기출.js,23_강남여고_1학기_기말_고1_기출,25,25,25,2015,수학(상),H15-SA-09,평면좌표,9,H15-SA-09-TRIANGLE_CENTROID_AREA,삼각형의 좌표와 무게중심,category_or_cue_inferred,complete_category,서술형,grid,false,서술형|도형,930ed280b6cd21d7e6247aa553bc0dc062ab0944ef082b97870e7402ed1228bf,4f53cda18c2baa0c0354bb5f9a3ecbe5ed12ab4d8e11ba873c2f11161202b945,801d43eb3421a14e209be6945fe689687e04b9623969e371b77b4000495616ba,e4eb50e0cbdd980e651f7a361e853235be2f73ee1585b04748bb7f3a5ef25ff9,assets/images/23_강남여고_1학기_기말_고1_기출/q25.png,cd57916a625cb3548a60491485812bb5fa752f46a580aaa013d77f1250b8337f,assets/images/23_강남여고_1학기_기말_고1_기출/q25-solution.svg,dee19a65e6544dbca0f1050b1092e8d195d4ddba4d49f435145671666911da34,0,LOADED_VM,,NOT_STARTED,NOT_STARTED,NOT_STARTED,SOURCE_REVIEW,SOURCE_REVIEW,COORDINATE_OR_GEOMETRY_STRUCTURE|TABLE_OR_MATRIX_STRUCTURE,,SVG,PROBLEM_VISUAL_PRESENT,REVIEW_REQUIRED,SOLUTION_SVG,NOT_STARTED,,,7ecd9784665d500cf73cf0b698ef9321adbe4b3607290a404b470e861e01dcf2,NOT_STARTED,NOT_STARTED,NOT_STARTED,NOT_TESTED,PASS,canonical_and_compiled_master_match,INVENTORY_PENDING,01_scope_inventory.csv#archive/exams/original/high/h1/1final/23_강남여고_1학기_기말_고1_기출.js|23_강남여고_1학기_기말_고1_기출|25,[object Object]|[object Object],INDEX_RECORD_PRESENT,original/high/h1/1final/23_강남여고_1학기_기말_고1_기출.js_25,93afd5bebb6848c6a3009f34813dff32ecaed26c2ad66f79bd8a86334dbed943,true,$\dfrac{1}{2}$,IN_SCOPE_FORWARD,,,CLOSED_NO_SHARED_ASSET
archive/exams/original/high/h1/1final/23_금당고_1학기_기말_고1_기출.js|23_금당고_1학기_기말_고1_기출|1,archive/exams/original/high/h1/1final/23_금당고_1학기_기말_고1_기출.js,23_금당고_1학기_기말_고1_기출,1,1,1,2015,수학(상),H15-SA-09,평면좌표,9,H15-SA-09-COORDINATE_METRIC,좌표와 거리,category_or_cue_inferred,complete_category,객관식,grid,false,객관식|평면좌표|고1|기말,a0590c6c8fd0bda873fa83d9f6f424b81d8f6b24f5b1c9ed11a279f225134aec,3cc19e370a6671b60f17396fd032ed6593aa1547f8af80d6ab8d949018911b5e,0bdef091c479702584f065d3a3714f8a76f851b3f0cf10912f345a5dd930b0a8,d4a2a19b23f201eeb02ab73e132f6b9cb297bad977d0e68f8f3f334bf9df9972,,,,,0,LOADED_VM,,NOT_STARTED,NOT_STARTED,NOT_STARTED,SVG_REQUIRED_MISSING,SVG_REQUIRED_MISSING,COORDINATE_OR_GEOMETRY_STRUCTURE|TABLE_OR_MATRIX_STRUCTURE,,VISUAL_CANDIDATE,NO_PROBLEM_VISUAL,REVIEW_REQUIRED,NONE,NOT_STARTED,,,,NOT_STARTED,NOT_STARTED,NOT_STARTED,NOT_TESTED,PASS,canonical_and_compiled_master_match,INVENTORY_PENDING,01_scope_inventory.csv#archive/exams/original/high/h1/1final/23_금당고_1학기_기말_고1_기출.js|23_금당고_1학기_기말_고1_기출|1,,INDEX_RECORD_PRESENT,original/high/h1/1final/23_금당고_1학기_기말_고1_기출.js_1,005eb72b00e3af463006c36da612ba1fc04c4fbca79d217d810b485a98837209,true,⑤,IN_SCOPE_FORWARD,,,CLOSED_NO_SHARED_ASSET
archive/exams/original/high/h1/1final/23_금당고_1학기_기말_고1_기출.js|23_금당고_1학기_기말_고1_기출|8,archive/exams/original/high/h1/1final/23_금당고_1학기_기말_고1_기출.js,23_금당고_1학기_기말_고1_기출,8,8,8,2015,수학(상),H15-SA-09,평면좌표,9,H15-SA-09-COORDINATE_METRIC,좌표와 거리,category_or_cue_inferred,complete_category,객관식,grid,false,객관식|평면좌표|고1|기말|도형,bc13fe69d98dd57c791694602051ff5caa4726bff4c6012cca1dbc1312afbc8e,b58b5f2c04646453e48f51d39c4e13a8c96e1b490e6fd51dc3880b8b6da139b5,dfde05a3668030e99ca64d8d4ae5f6b64c7a87cee61c0ba43904b92ef210191d,3f17457c53386ac85462ad203c8b8ab2160dfc8e56c7ed936da99ae3f80ef248,assets/images/23_금당고_1학기_기말_고1_기출/q8.png,1e3709405c140af5708a4d93d830c315c539532fdb36c69d1ef4edb44d90638a,assets/images/23_금당고_1학기_기말_고1_기출/q08-solution.svg,78523879bf8d90bbef0992da9c9d3e9809d2105f06ee0bfe91a1bd40b5341e08,0,LOADED_VM,,NOT_STARTED,NOT_STARTED,NOT_STARTED,SOURCE_REVIEW,SOURCE_REVIEW,COORDINATE_OR_GEOMETRY_STRUCTURE|TABLE_OR_MATRIX_STRUCTURE,,SVG,PROBLEM_VISUAL_PRESENT,REVIEW_REQUIRED,SOLUTION_SVG,NOT_STARTED,,,6eb951ccfa199a095d924f7016167142ab114724f7d195832ddcb698ab4581c8,NOT_STARTED,NOT_STARTED,NOT_STARTED,NOT_TESTED,PASS,canonical_and_compiled_master_match,INVENTORY_PENDING,01_scope_inventory.csv#archive/exams/original/high/h1/1final/23_금당고_1학기_기말_고1_기출.js|23_금당고_1학기_기말_고1_기출|8,[object Object]|[object Object],INDEX_RECORD_PRESENT,original/high/h1/1final/23_금당고_1학기_기말_고1_기출.js_8,005eb72b00e3af463006c36da612ba1fc04c4fbca79d217d810b485a98837209,true,②,IN_SCOPE_FORWARD,,,CLOSED_NO_SHARED_ASSET
archive/exams/original/high/h1/1final/23_금당고_1학기_기말_고1_기출.js|23_금당고_1학기_기말_고1_기출|13,archive/exams/original/high/h1/1final/23_금당고_1학기_기말_고1_기출.js,23_금당고_1학기_기말_고1_기출,13,13,13,2015,수학(상),H15-SA-09,평면좌표,9,H15-SA-09-COORDINATE_METRIC,좌표와 거리,category_or_cue_inferred,complete_category,객관식,grid,false,객관식|평면좌표|고1|기말|도형,1a5c61f3b24c1890364764fe1ba7647afa98ad22293f477e41e1a2dc1dc7db7d,3cc19e370a6671b60f17396fd032ed6593aa1547f8af80d6ab8d949018911b5e,dfde05a3668030e99ca64d8d4ae5f6b64c7a87cee61c0ba43904b92ef210191d,2d0b06dd1292ecc9ece95c37eef163b08da3f64f3fdf4a9df988b06abab987d4,,,assets/images/23_금당고_1학기_기말_고1_기출/q13-solution.svg,f18e24b55f3327964ba058939b380d844f95904da96b7bad0665c012bb29487d,0,LOADED_VM,,NOT_STARTED,NOT_STARTED,NOT_STARTED,SOURCE_REVIEW,SOURCE_REVIEW,COORDINATE_OR_GEOMETRY_STRUCTURE|TABLE_OR_MATRIX_STRUCTURE,,SVG,NO_PROBLEM_VISUAL,REVIEW_REQUIRED,SOLUTION_SVG,NOT_STARTED,,,27ccf694593c342faf98af05ea8ad7b526c31f4f73a19398992588442581deee,NOT_STARTED,NOT_STARTED,NOT_STARTED,NOT_TESTED,PASS,canonical_and_compiled_master_match,INVENTORY_PENDING,01_scope_inventory.csv#archive/exams/original/high/h1/1final/23_금당고_1학기_기말_고1_기출.js|23_금당고_1학기_기말_고1_기출|13,[object Object],INDEX_RECORD_PRESENT,original/high/h1/1final/23_금당고_1학기_기말_고1_기출.js_13,005eb72b00e3af463006c36da612ba1fc04c4fbca79d217d810b485a98837209,true,②,IN_SCOPE_FORWARD,,,CLOSED_NO_SHARED_ASSET
archive/exams/original/high/h1/1final/23_매산고_1학기_기말_고1_기출.js|23_매산고_1학기_기말_고1_기출|1,archive/exams/original/high/h1/1final/23_매산고_1학기_기말_고1_기출.js,23_매산고_1학기_기말_고1_기출,1,1,1,2015,수학(상),H15-SA-09,평면좌표,9,H15-SA-09-COORDINATE_METRIC,좌표와 거리,rule_inferred,complete_rule,객관식,grid,false,객관식|두점사이거리|좌표|계산,21710d9e77453cc0047216c1a05d8a46d8d9aab34d7ae9be6ef1ac7c6435d145,399a30eeee765e8c18e70d7b14755fee0d384c4aad988f0c09ecf9bb0de2cdfb,b15be6cb71072b84f7e1e198ce023fc5bb8b1e625335904ddcf3cffcd8b7312b,2daf9a9f64f865baf6528a732320f7ea2896ef7f6e2408da3a9aeaaee757771b,,,,,0,LOADED_VM,,NOT_STARTED,NOT_STARTED,NOT_STARTED,SVG_REQUIRED_MISSING,SVG_REQUIRED_MISSING,COORDINATE_OR_GEOMETRY_STRUCTURE|TABLE_OR_MATRIX_STRUCTURE,,VISUAL_CANDIDATE,NO_PROBLEM_VISUAL,REVIEW_REQUIRED,NONE,NOT_STARTED,,,,NOT_STARTED,NOT_STARTED,NOT_STARTED,NOT_TESTED,PASS,canonical_and_compiled_master_match,INVENTORY_PENDING,01_scope_inventory.csv#archive/exams/original/high/h1/1final/23_매산고_1학기_기말_고1_기출.js|23_매산고_1학기_기말_고1_기출|1,,INDEX_RECORD_PRESENT,original/high/h1/1final/23_매산고_1학기_기말_고1_기출.js_1,3812df820fd0822ff1a25293c00416ec21e85deac39bda7b40d9b8cfbfec0d75,true,③,IN_SCOPE_FORWARD,,,CLOSED_NO_SHARED_ASSET
archive/exams/original/high/h1/1final/23_매산고_1학기_기말_고1_기출.js|23_매산고_1학기_기말_고1_기출|4,archive/exams/original/high/h1/1final/23_매산고_1학기_기말_고1_기출.js,23_매산고_1학기_기말_고1_기출,4,4,4,2015,수학(상),H15-SA-09,평면좌표,9,H15-SA-09-TRIANGLE_CENTROID_AREA,삼각형의 좌표와 무게중심,category_or_cue_inferred,complete_category,객관식,grid,false,객관식|무게중심|좌표|계산,8c524c1749b983e94dec823a3b970b288d46d6e76a2d10a46677e961d1d1fd7d,54928b34f07d6730324e2722fd1f71b4879eb7ff6380cc3b95ad4d8371551a71,0bdef091c479702584f065d3a3714f8a76f851b3f0cf10912f345a5dd930b0a8,d28cad2b7818e442694d8edfe6323ed8fd272e5b35215aa40d58bd8f76051513,,,,,0,LOADED_VM,,NOT_STARTED,NOT_STARTED,NOT_STARTED,SVG_REQUIRED_MISSING,SVG_REQUIRED_MISSING,COORDINATE_OR_GEOMETRY_STRUCTURE|TABLE_OR_MATRIX_STRUCTURE,,VISUAL_CANDIDATE,NO_PROBLEM_VISUAL,REVIEW_REQUIRED,NONE,NOT_STARTED,,,,NOT_STARTED,NOT_STARTED,NOT_STARTED,NOT_TESTED,PASS,canonical_and_compiled_master_match,INVENTORY_PENDING,01_scope_inventory.csv#archive/exams/original/high/h1/1final/23_매산고_1학기_기말_고1_기출.js|23_매산고_1학기_기말_고1_기출|4,,INDEX_RECORD_PRESENT,original/high/h1/1final/23_매산고_1학기_기말_고1_기출.js_4,3812df820fd0822ff1a25293c00416ec21e85deac39bda7b40d9b8cfbfec0d75,true,⑤,IN_SCOPE_FORWARD,,,CLOSED_NO_SHARED_ASSET
archive/exams/original/high/h1/1final/23_매산고_1학기_기말_고1_기출.js|23_매산고_1학기_기말_고1_기출|5,archive/exams/original/high/h1/1final/23_매산고_1학기_기말_고1_기출.js,23_매산고_1학기_기말_고1_기출,5,5,5,2015,수학(상),H15-SA-09,평면좌표,9,H15-SA-09-COORDINATE_METRIC,좌표와 거리,category_or_cue_inferred,complete_category,객관식,grid,false,객관식|거리제곱|최솟값|완전제곱식,bc26ab9bee3801ab13991ce90c587f1031289b0a2f53ef53288d67df725354b7,2822eea0f181fb8370c90ffa40b3f1ca3b5ddfa71e0da09fc3872a7dde9082bf,973d2fd2f97e26a666f403b12da6d87e527985b36bcf4ff0a47c7e7e8c36321a,2c9be0b79d49e498592392963a47be0d543c46b549424c6cabf03bceb8d0a00b,,,,,0,LOADED_VM,,NOT_STARTED,NOT_STARTED,NOT_STARTED,SVG_REQUIRED_MISSING,SVG_REQUIRED_MISSING,COORDINATE_OR_GEOMETRY_STRUCTURE|TABLE_OR_MATRIX_STRUCTURE,,VISUAL_CANDIDATE,NO_PROBLEM_VISUAL,REVIEW_REQUIRED,NONE,NOT_STARTED,,,,NOT_STARTED,NOT_STARTED,NOT_STARTED,NOT_TESTED,PASS,canonical_and_compiled_master_match,INVENTORY_PENDING,01_scope_inventory.csv#archive/exams/original/high/h1/1final/23_매산고_1학기_기말_고1_기출.js|23_매산고_1학기_기말_고1_기출|5,,INDEX_RECORD_PRESENT,original/high/h1/1final/23_매산고_1학기_기말_고1_기출.js_5,3812df820fd0822ff1a25293c00416ec21e85deac39bda7b40d9b8cfbfec0d75,true,①,IN_SCOPE_FORWARD,,,CLOSED_NO_SHARED_ASSET
archive/exams/original/high/h1/1final/23_매산고_1학기_기말_고1_기출.js|23_매산고_1학기_기말_고1_기출|15,archive/exams/original/high/h1/1final/23_매산고_1학기_기말_고1_기출.js,23_매산고_1학기_기말_고1_기출,15,15,15,2015,수학(상),H15-SA-09,평면좌표,9,H15-SA-09-COORDINATE_METRIC,좌표와 거리,category_or_cue_inferred,complete_category,단답형,grid,false,단답형|내분점|좌표,817ad5522abc97d4e36f8b97e4d4b8ad0d294e761c1c5c059b0260d261b3fe57,4f53cda18c2baa0c0354bb5f9a3ecbe5ed12ab4d8e11ba873c2f11161202b945,f326bd84707ed76597becb832280595d1a5aaceb0905dc40e3553ebb861bde80,dc2ab5c22a004b74cde349ec6468b812a7b71a2199ecc972e6149d52b50b7076,,,,,0,LOADED_VM,,NOT_STARTED,NOT_STARTED,NOT_STARTED,SVG_REQUIRED_MISSING,SVG_REQUIRED_MISSING,COORDINATE_OR_GEOMETRY_STRUCTURE|TABLE_OR_MATRIX_STRUCTURE,,VISUAL_CANDIDATE,NO_PROBLEM_VISUAL,REVIEW_REQUIRED,NONE,NOT_STARTED,,,,NOT_STARTED,NOT_STARTED,NOT_STARTED,NOT_TESTED,PASS,canonical_and_compiled_master_match,INVENTORY_PENDING,01_scope_inventory.csv#archive/exams/original/high/h1/1final/23_매산고_1학기_기말_고1_기출.js|23_매산고_1학기_기말_고1_기출|15,,INDEX_RECORD_PRESENT,original/high/h1/1final/23_매산고_1학기_기말_고1_기출.js_15,3812df820fd0822ff1a25293c00416ec21e85deac39bda7b40d9b8cfbfec0d75,true,11,IN_SCOPE_FORWARD,,,CLOSED_NO_SHARED_ASSET
archive/exams/original/high/h1/1final/23_매산고_1학기_기말_고1_기출.js|23_매산고_1학기_기말_고1_기출|16,archive/exams/original/high/h1/1final/23_매산고_1학기_기말_고1_기출.js,23_매산고_1학기_기말_고1_기출,16,16,16,2015,수학(상),H15-SA-09,평면좌표,9,H15-SA-09-GEOMETRY_EQUATION,도형의 방정식,category_or_cue_inferred,complete_category,단답형,grid,false,단답형|점과직선거리|선분거리|도형,77217959b4a40d078df2a81efec832dfb734ef26923cf79dfb615238c78ec8e0,4f53cda18c2baa0c0354bb5f9a3ecbe5ed12ab4d8e11ba873c2f11161202b945,ca30de1c42bd3e0fdbeb7fb612cbf42e8e757b6948b7a51a67827df28b65107b,428e3cf73b57aba5ec67c59a488efbbef3be6eae9c1226da76c1294ae19f1a51,,,assets/images/23_매산고_1학기_기말_고1_기출/q16-solution.svg,3c336f399c5299be1a83a05b6d4cd45027fe7b2f214d51ac901321dcc216c077,0,LOADED_VM,,NOT_STARTED,NOT_STARTED,NOT_STARTED,SOURCE_REVIEW,SOURCE_REVIEW,GRAPH_OR_FUNCTION_STRUCTURE|COORDINATE_OR_GEOMETRY_STRUCTURE|TABLE_OR_MATRIX_STRUCTURE,,SVG,NO_PROBLEM_VISUAL,REVIEW_REQUIRED,SOLUTION_SVG,NOT_STARTED,,,25099720dc1d5505a960195f15eab908a6e43fd57307930af7b1d74680baa3f0,NOT_STARTED,NOT_STARTED,NOT_STARTED,NOT_TESTED,PASS,canonical_and_compiled_master_match,INVENTORY_PENDING,01_scope_inventory.csv#archive/exams/original/high/h1/1final/23_매산고_1학기_기말_고1_기출.js|23_매산고_1학기_기말_고1_기출|16,[object Object],INDEX_RECORD_PRESENT,original/high/h1/1final/23_매산고_1학기_기말_고1_기출.js_16,3812df820fd0822ff1a25293c00416ec21e85deac39bda7b40d9b8cfbfec0d75,true,32,IN_SCOPE_FORWARD,,,CLOSED_NO_SHARED_ASSET
archive/exams/original/high/h1/1final/23_매산고_1학기_기말_고1_기출.js|23_매산고_1학기_기말_고1_기출|18,archive/exams/original/high/h1/1final/23_매산고_1학기_기말_고1_기출.js,23_매산고_1학기_기말_고1_기출,18,18,18,2015,수학(상),H15-SA-09,평면좌표,9,H15-SA-09-GEOMETRY_EQUATION,도형의 방정식,category_or_cue_inferred,complete_category,단답형,grid,false,단답형|도형|좌표|거리공식|대칭,0c75201cadb6e9eb5e072591973377f324b1d71e2cf3a6cab668d88db208366b,4f53cda18c2baa0c0354bb5f9a3ecbe5ed12ab4d8e11ba873c2f11161202b945,9107e0550d27f35a46c65aed883900f11f18cee03f73c9b0edc81c054d96bf7d,c37fd8af8bc1e9133d9c7701cf9063c209f18509cd63feda633bc966e91f4538,,,assets/images/23_매산고_1학기_기말_고1_기출/q18-solution.svg,94bb1d7f25f2d3d848a872352f328d0c48cf7f6e8fb58fb2637bab42ab06a242,0,LOADED_VM,,NOT_STARTED,NOT_STARTED,NOT_STARTED,SOURCE_REVIEW,SOURCE_REVIEW,COORDINATE_OR_GEOMETRY_STRUCTURE|TABLE_OR_MATRIX_STRUCTURE,,SVG,NO_PROBLEM_VISUAL,REVIEW_REQUIRED,SOLUTION_SVG,NOT_STARTED,,,e5bce6291f3c4cadb14431bf29abb97df4aae00c5de3fcd233de4085b96caec0,NOT_STARTED,NOT_STARTED,NOT_STARTED,NOT_TESTED,PASS,canonical_and_compiled_master_match,INVENTORY_PENDING,01_scope_inventory.csv#archive/exams/original/high/h1/1final/23_매산고_1학기_기말_고1_기출.js|23_매산고_1학기_기말_고1_기출|18,[object Object],INDEX_RECORD_PRESENT,original/high/h1/1final/23_매산고_1학기_기말_고1_기출.js_18,3812df820fd0822ff1a25293c00416ec21e85deac39bda7b40d9b8cfbfec0d75,true,$\dfrac{3\sqrt{3}}{4}$,IN_SCOPE_FORWARD,,,CLOSED_NO_SHARED_ASSET
archive/exams/original/high/h1/1final/23_매산고_1학기_기말_고1_기출.js|23_매산고_1학기_기말_고1_기출|20,archive/exams/original/high/h1/1final/23_매산고_1학기_기말_고1_기출.js,23_매산고_1학기_기말_고1_기출,20,20,20,2015,수학(상),H15-SA-09,평면좌표,9,H15-SA-09-COORDINATE_METRIC,좌표와 거리,category_or_cue_inferred,complete_category,서술형,grid,false,서술형|도형|각의이등분선|내분점|원의방정식,e9fd3acd70247c66c7c6b6b1ffd20bd76acc64a7a66405ae4ae3b8f32a81c3bb,4f53cda18c2baa0c0354bb5f9a3ecbe5ed12ab4d8e11ba873c2f11161202b945,db575aa0a598f80381010831381fb5c904e44c9df088b4409be8f4c1810359de,fdaac35858bd2cd0ee3ecc479f7ff89e2d5dc8c8e17e0d77c891d0860e2ad819,,,assets/images/23_매산고_1학기_기말_고1_기출/q20-solution.svg,e1bc5edc809e1e0d7822b89f78edae0fbb016659b917f7827bbedaeb6e1db864,0,LOADED_VM,,NOT_STARTED,NOT_STARTED,NOT_STARTED,SOURCE_REVIEW,SOURCE_REVIEW,COORDINATE_OR_GEOMETRY_STRUCTURE|TABLE_OR_MATRIX_STRUCTURE,,SVG,NO_PROBLEM_VISUAL,REVIEW_REQUIRED,SOLUTION_SVG,NOT_STARTED,,,faf014a12b73269b15db9a44fef7bb5882d1e706cea004985320cb4631c021df,NOT_STARTED,NOT_STARTED,NOT_STARTED,NOT_TESTED,PASS,canonical_and_compiled_master_match,INVENTORY_PENDING,01_scope_inventory.csv#archive/exams/original/high/h1/1final/23_매산고_1학기_기말_고1_기출.js|23_매산고_1학기_기말_고1_기출|20,[object Object],INDEX_RECORD_PRESENT,original/high/h1/1final/23_매산고_1학기_기말_고1_기출.js_20,3812df820fd0822ff1a25293c00416ec21e85deac39bda7b40d9b8cfbfec0d75,true,$\left(x-\dfrac{5\sqrt5-17}{4}\right)^2+\left(y-\dfrac{5\sqrt5-9}{4}\right)^2=\dfrac{75-25\sqrt5}{4}$,IN_SCOPE_FORWARD,,,CLOSED_NO_SHARED_ASSET
archive/exams/original/high/h1/1final/23_복성고_1학기_기말_고1_기출.js|23_복성고_1학기_기말_고1_기출|3,archive/exams/original/high/h1/1final/23_복성고_1학기_기말_고1_기출.js,23_복성고_1학기_기말_고1_기출,3,3,3,2015,수학(상),H15-SA-09,평면좌표,9,H15-SA-09-COORDINATE_METRIC,좌표와 거리,rule_inferred,complete_rule,객관식,grid,false,객관식|두점사이거리|평면좌표|계산,4d5ffa703557157ce67e8e876902cdfd27badd7d7049153b830756456a46fef5,6ddf3bb1d4baddb95800bd4968ed11fe2812a2fcbc6aac7c6540e3ed578575df,d41ea6521f53fb3dfa10cf72e2932f4405d9c999fa422cdc840d25d57e90dd34,c5812db7e90b5dc37aa12a063b0fb6819656bf502cde4c388740bc9acc6af2fb,,,,,0,LOADED_VM,,NOT_STARTED,NOT_STARTED,NOT_STARTED,SVG_REQUIRED_MISSING,SVG_REQUIRED_MISSING,COORDINATE_OR_GEOMETRY_STRUCTURE|TABLE_OR_MATRIX_STRUCTURE,,VISUAL_CANDIDATE,NO_PROBLEM_VISUAL,REVIEW_REQUIRED,NONE,NOT_STARTED,,,,NOT_STARTED,NOT_STARTED,NOT_STARTED,NOT_TESTED,PASS,canonical_and_compiled_master_match,INVENTORY_PENDING,01_scope_inventory.csv#archive/exams/original/high/h1/1final/23_복성고_1학기_기말_고1_기출.js|23_복성고_1학기_기말_고1_기출|3,,INDEX_RECORD_PRESENT,original/high/h1/1final/23_복성고_1학기_기말_고1_기출.js_3,97025c9ab5909585fae7a3e1a0b6c3f091416fbc49d6125d7a69a64581c55589,true,④,IN_SCOPE_FORWARD,,,CLOSED_NO_SHARED_ASSET
archive/exams/original/high/h1/1final/23_복성고_1학기_기말_고1_기출.js|23_복성고_1학기_기말_고1_기출|10,archive/exams/original/high/h1/1final/23_복성고_1학기_기말_고1_기출.js,23_복성고_1학기_기말_고1_기출,10,10,10,2015,수학(상),H15-SA-09,평면좌표,9,H15-SA-09-COORDINATE_METRIC,좌표와 거리,rule_inferred,complete_rule,객관식,grid,false,객관식|중점|내분점|두점사이거리|도형,6278a33101c50c182245ffc309a05c9d49517c7e82e882a54d1d9c7fff3aeee9,b8fe75f1259dcbbe354a6c776b6557f7cde586d0bdd78d5e5aa38cfe49528e09,0bdef091c479702584f065d3a3714f8a76f851b3f0cf10912f345a5dd930b0a8,b1c1466a11d748324bd26657356fbb803cbfe0870cb6759e7a68528ffe8e83b6,,,assets/images/23_복성고_1학기_기말_고1_기출/q10-solution.svg,eaaf809650fc4b819ef10e913fd35f4eb7dfc592957e6c3ae47da8f170292f80,0,LOADED_VM,,NOT_STARTED,NOT_STARTED,NOT_STARTED,SOURCE_REVIEW,SOURCE_REVIEW,COORDINATE_OR_GEOMETRY_STRUCTURE|TABLE_OR_MATRIX_STRUCTURE,,SVG,NO_PROBLEM_VISUAL,REVIEW_REQUIRED,SOLUTION_SVG,NOT_STARTED,,,7a4f18556bda6da722bc66e1f3c0fe378c7a224dedab34463758089319d05939,NOT_STARTED,NOT_STARTED,NOT_STARTED,NOT_TESTED,PASS,canonical_and_compiled_master_match,INVENTORY_PENDING,01_scope_inventory.csv#archive/exams/original/high/h1/1final/23_복성고_1학기_기말_고1_기출.js|23_복성고_1학기_기말_고1_기출|10,[object Object],INDEX_RECORD_PRESENT,original/high/h1/1final/23_복성고_1학기_기말_고1_기출.js_10,97025c9ab5909585fae7a3e1a0b6c3f091416fbc49d6125d7a69a64581c55589,true,⑤,IN_SCOPE_FORWARD,,,CLOSED_NO_SHARED_ASSET
archive/exams/original/high/h1/1final/23_복성고_1학기_기말_고1_기출.js|23_복성고_1학기_기말_고1_기출|17,archive/exams/original/high/h1/1final/23_복성고_1학기_기말_고1_기출.js,23_복성고_1학기_기말_고1_기출,17,17,17,2015,수학(상),H15-SA-09,평면좌표,9,H15-SA-09-COORDINATE_METRIC,좌표와 거리,rule_inferred,complete_rule,객관식,grid,false,객관식|삼각형|각의이등분선|중점|거리|도형,a44cb4855bc3f649f5088b7354c63d3f16cbced1f46be45e600112b514633375,533b7ae788034a4807f3339bc22055e9daa72c7310ffb57cd4c54874b82e0b06,d41ea6521f53fb3dfa10cf72e2932f4405d9c999fa422cdc840d25d57e90dd34,b958cc83f38021ac0cc0aee6409cc4699c7837dfcc164a12baa1bb060998166c,,,assets/images/23_복성고_1학기_기말_고1_기출/q17-solution.svg,bf98fb9c1a4ba53b05c7809eb6dfe2781b7477ec6594532e8fd4c733aa346b17,0,LOADED_VM,,NOT_STARTED,NOT_STARTED,NOT_STARTED,SOURCE_REVIEW,SOURCE_REVIEW,COORDINATE_OR_GEOMETRY_STRUCTURE|TABLE_OR_MATRIX_STRUCTURE,,SVG,NO_PROBLEM_VISUAL,REVIEW_REQUIRED,SOLUTION_SVG,NOT_STARTED,,,ad927ab0745e9e4dac351cbc393345a4fc4f4bd5d4f0419d4546940d03c7b8f7,NOT_STARTED,NOT_STARTED,NOT_STARTED,NOT_TESTED,PASS,canonical_and_compiled_master_match,INVENTORY_PENDING,01_scope_inventory.csv#archive/exams/original/high/h1/1final/23_복성고_1학기_기말_고1_기출.js|23_복성고_1학기_기말_고1_기출|17,[object Object],INDEX_RECORD_PRESENT,original/high/h1/1final/23_복성고_1학기_기말_고1_기출.js_17,97025c9ab5909585fae7a3e1a0b6c3f091416fbc49d6125d7a69a64581c55589,true,④,IN_SCOPE_FORWARD,,,CLOSED_NO_SHARED_ASSET
archive/exams/original/high/h1/1final/23_순천여고_1학기_기말_고1_기출.js|23_순천여고_1학기_기말_고1_기출|1,archive/exams/original/high/h1/1final/23_순천여고_1학기_기말_고1_기출.js,23_순천여고_1학기_기말_고1_기출,1,1,1,2015,수학(상),H15-SA-09,평면좌표,9,H15-SA-09-COORDINATE_METRIC,좌표와 거리,category_or_cue_inferred,complete_category,객관식,grid,false,,e24fa128946a5794a4c7e42e480d9fc06a19ade855a8cf3d798707c9be08be28,e0a2d515b9432b7ce272fe4d09d2234810d327b803650316fda86b74a012a5e6,0bdef091c479702584f065d3a3714f8a76f851b3f0cf10912f345a5dd930b0a8,71775384cca7e4f65d1da34e61c95ab236c5fb0a17b08ebd251839b07a0aed5a,,,,,0,LOADED_VM,,NOT_STARTED,NOT_STARTED,NOT_STARTED,SVG_REQUIRED_MISSING,SVG_REQUIRED_MISSING,COORDINATE_OR_GEOMETRY_STRUCTURE|SET_OR_LOGIC_STRUCTURE|TABLE_OR_MATRIX_STRUCTURE,,VISUAL_CANDIDATE,NO_PROBLEM_VISUAL,REVIEW_REQUIRED,NONE,NOT_STARTED,,,,NOT_STARTED,NOT_STARTED,NOT_STARTED,NOT_TESTED,PASS,canonical_and_compiled_master_match,INVENTORY_PENDING,01_scope_inventory.csv#archive/exams/original/high/h1/1final/23_순천여고_1학기_기말_고1_기출.js|23_순천여고_1학기_기말_고1_기출|1,,INDEX_RECORD_PRESENT,original/high/h1/1final/23_순천여고_1학기_기말_고1_기출.js_1,19e4cd9a1bbb6207b1d172298be76c4cdfcac65ca26b2ddc3e28ad06a393cd9d,true,⑤,IN_SCOPE_FORWARD,,,CLOSED_NO_SHARED_ASSET
archive/exams/original/high/h1/1final/23_순천여고_1학기_기말_고1_기출.js|23_순천여고_1학기_기말_고1_기출|8,archive/exams/original/high/h1/1final/23_순천여고_1학기_기말_고1_기출.js,23_순천여고_1학기_기말_고1_기출,8,8,8,2015,수학(상),H15-SA-09,평면좌표,9,H15-SA-09-COORDINATE_METRIC,좌표와 거리,category_or_cue_inferred,complete_category,객관식,grid,false,,6c0ede3ee68e2525812085f59b0c3daf7e644f49082bda61b70e09083988d1b9,e0a2d515b9432b7ce272fe4d09d2234810d327b803650316fda86b74a012a5e6,b15be6cb71072b84f7e1e198ce023fc5bb8b1e625335904ddcf3cffcd8b7312b,9f9b7c6e31501a8e511f6a79f4fb754247ed147dcf57dc1c64e019d14ff56233,,,,,0,LOADED_VM,,NOT_STARTED,NOT_STARTED,NOT_STARTED,SVG_REQUIRED_MISSING,SVG_REQUIRED_MISSING,GRAPH_OR_FUNCTION_STRUCTURE|COORDINATE_OR_GEOMETRY_STRUCTURE|TABLE_OR_MATRIX_STRUCTURE,,GRAPH_CANDIDATE,NO_PROBLEM_VISUAL,REVIEW_REQUIRED,NONE,NOT_STARTED,,,,NOT_STARTED,NOT_STARTED,NOT_STARTED,NOT_TESTED,PASS,canonical_and_compiled_master_match,INVENTORY_PENDING,01_scope_inventory.csv#archive/exams/original/high/h1/1final/23_순천여고_1학기_기말_고1_기출.js|23_순천여고_1학기_기말_고1_기출|8,,INDEX_RECORD_PRESENT,original/high/h1/1final/23_순천여고_1학기_기말_고1_기출.js_8,19e4cd9a1bbb6207b1d172298be76c4cdfcac65ca26b2ddc3e28ad06a393cd9d,true,③,IN_SCOPE_FORWARD,,,CLOSED_NO_SHARED_ASSET
archive/exams/original/high/h1/1final/23_순천여고_1학기_기말_고1_기출.js|23_순천여고_1학기_기말_고1_기출|14,archive/exams/original/high/h1/1final/23_순천여고_1학기_기말_고1_기출.js,23_순천여고_1학기_기말_고1_기출,14,14,14,2015,수학(상),H15-SA-09,평면좌표,9,H15-SA-09-GEOMETRY_EQUATION,도형의 방정식,category_or_cue_inferred,complete_category,객관식,grid,false,도형,ef1d06ca44caeabaf5cdef974ca2d08edebaa6361c8f8b251fcff6d79dd60b68,cdad6cc74af4bff6b0160fc9df343f6d2ace465180e4e574249b0ff72b05b732,973d2fd2f97e26a666f403b12da6d87e527985b36bcf4ff0a47c7e7e8c36321a,a73d239d9896b83a22fdb8cebc3b249cd4e19ef72e012c85306a48f0fc11ae01,,,assets/images/23_순천여고_1학기_기말_고1_기출/q14-solution.svg,9781f07f1f243888f4ae2400d2449f44ac1dd95a199b8b40a60b587db3818412,0,LOADED_VM,,NOT_STARTED,NOT_STARTED,NOT_STARTED,SOURCE_REVIEW,SOURCE_REVIEW,COORDINATE_OR_GEOMETRY_STRUCTURE|TABLE_OR_MATRIX_STRUCTURE,,SVG,NO_PROBLEM_VISUAL,REVIEW_REQUIRED,SOLUTION_SVG,NOT_STARTED,,,1f5f7424b03127aa2cb8f6b462c79ff7495ccbab87c397ac7865935256663475,NOT_STARTED,NOT_STARTED,NOT_STARTED,NOT_TESTED,PASS,canonical_and_compiled_master_match,INVENTORY_PENDING,01_scope_inventory.csv#archive/exams/original/high/h1/1final/23_순천여고_1학기_기말_고1_기출.js|23_순천여고_1학기_기말_고1_기출|14,[object Object],INDEX_RECORD_PRESENT,original/high/h1/1final/23_순천여고_1학기_기말_고1_기출.js_14,19e4cd9a1bbb6207b1d172298be76c4cdfcac65ca26b2ddc3e28ad06a393cd9d,true,①,IN_SCOPE_FORWARD,,,CLOSED_NO_SHARED_ASSET
archive/exams/original/high/h1/1final/23_순천여고_1학기_기말_고1_기출.js|23_순천여고_1학기_기말_고1_기출|17,archive/exams/original/high/h1/1final/23_순천여고_1학기_기말_고1_기출.js,23_순천여고_1학기_기말_고1_기출,17,17,17,2015,수학(상),H15-SA-09,평면좌표,9,H15-SA-09-COORDINATE_METRIC,좌표와 거리,category_or_cue_inferred,complete_category,객관식,grid,false,도형,bfb619b6198a9dea98a5d3350ddb5bf3f464a4e3e91ed7704518f2fe9ec5fce7,e377e7bf2d7416fb701f15e0487fe2f445d5fe0d5697217ce078a0a166abbeb7,dfde05a3668030e99ca64d8d4ae5f6b64c7a87cee61c0ba43904b92ef210191d,85a8a2a1f622fe80c64b7851271125ba7a426c873b3531c4f36829fb5cab9b67,,,assets/images/23_순천여고_1학기_기말_고1_기출/q17-solution.svg,36acac035b747a9ebcc421186abf257fd0c15bda7fc1ac46e9026cbec235bd3b,0,LOADED_VM,,NOT_STARTED,NOT_STARTED,NOT_STARTED,SOURCE_REVIEW,SOURCE_REVIEW,COORDINATE_OR_GEOMETRY_STRUCTURE|TABLE_OR_MATRIX_STRUCTURE,,SVG,NO_PROBLEM_VISUAL,REVIEW_REQUIRED,SOLUTION_SVG,NOT_STARTED,,,822808881d29b4db1c8de190bd2a048da10ef8b7025900afbb0fb9b009a07737,NOT_STARTED,NOT_STARTED,NOT_STARTED,NOT_TESTED,PASS,canonical_and_compiled_master_match,INVENTORY_PENDING,01_scope_inventory.csv#archive/exams/original/high/h1/1final/23_순천여고_1학기_기말_고1_기출.js|23_순천여고_1학기_기말_고1_기출|17,[object Object],INDEX_RECORD_PRESENT,original/high/h1/1final/23_순천여고_1학기_기말_고1_기출.js_17,19e4cd9a1bbb6207b1d172298be76c4cdfcac65ca26b2ddc3e28ad06a393cd9d,true,②,IN_SCOPE_FORWARD,,,CLOSED_NO_SHARED_ASSET
archive/exams/original/high/h1/1final/23_순천여고_1학기_기말_고1_기출.js|23_순천여고_1학기_기말_고1_기출|22,archive/exams/original/high/h1/1final/23_순천여고_1학기_기말_고1_기출.js,23_순천여고_1학기_기말_고1_기출,22,22,22,2015,수학(상),H15-SA-09,평면좌표,9,H15-SA-09-GEOMETRY_EQUATION,도형의 방정식,category_or_cue_inferred,complete_category,서술형,grid,false,서술형|도형,04c5ba47e7c6223c10b89733643599851d0141119b1e8c0cf2c19ddaeb3691e2,4f53cda18c2baa0c0354bb5f9a3ecbe5ed12ab4d8e11ba873c2f11161202b945,8dcd1054cb76046da2bf3b2578377177745cfb252c11e7ec3f8e3dff598f9c81,137fc1cedd694cc4bcb75909614d008fb965fe1702bbbacb83f45ad85b8a2b6a,assets/images/23_순천여고_1학기_기말_고1_기출/q22.png,1e7c9779855f2951e3a12337a2e675da365e29ae71928ae834e73c475c85260c,assets/images/23_순천여고_1학기_기말_고1_기출/q22-solution.svg,98288502b77ad7b4d970b58d9a3533b7ca8e73750da7134607d92ed8be73ac01,0,LOADED_VM,,NOT_STARTED,NOT_STARTED,NOT_STARTED,SOURCE_REVIEW,SOURCE_REVIEW,COORDINATE_OR_GEOMETRY_STRUCTURE|TABLE_OR_MATRIX_STRUCTURE,,SVG,PROBLEM_VISUAL_PRESENT,REVIEW_REQUIRED,SOLUTION_SVG,NOT_STARTED,,,f19768a113e40dd5ea73e36c82ab34c4a24b3fa758c2139d06d09b8cb8e6cbc2,NOT_STARTED,NOT_STARTED,NOT_STARTED,NOT_TESTED,PASS,canonical_and_compiled_master_match,INVENTORY_PENDING,01_scope_inventory.csv#archive/exams/original/high/h1/1final/23_순천여고_1학기_기말_고1_기출.js|23_순천여고_1학기_기말_고1_기출|22,[object Object]|[object Object],INDEX_RECORD_PRESENT,original/high/h1/1final/23_순천여고_1학기_기말_고1_기출.js_22,19e4cd9a1bbb6207b1d172298be76c4cdfcac65ca26b2ddc3e28ad06a393cd9d,true,"(1) $G(1,1)$, (2) $\sqrt{10}$",IN_SCOPE_FORWARD,,,CLOSED_NO_SHARED_ASSET
archive/exams/original/high/h1/1final/23_팔마고_1학기_기말_고1_기출.js|23_팔마고_1학기_기말_고1_기출|1,archive/exams/original/high/h1/1final/23_팔마고_1학기_기말_고1_기출.js,23_팔마고_1학기_기말_고1_기출,1,1,1,2015,수학(상),H15-SA-09,평면좌표,9,H15-SA-09-COORDINATE_METRIC,좌표와 거리,category_or_cue_inferred,complete_category,객관식,grid,false,객관식|평면좌표|내분점,4af4d41821a2895d228929f68518d8078b724a89df786e5f98e81802b9e6dc23,226ad1d80de7a2d2773e690af0d29a328e5b5e955faac247158917c147dd1d50,dfde05a3668030e99ca64d8d4ae5f6b64c7a87cee61c0ba43904b92ef210191d,6269a80b47cfe9278f944cd70b2b9b19d4c5df00d3cd9aed7d2a01ee4a4b31b3,,,,,0,LOADED_VM,,NOT_STARTED,NOT_STARTED,NOT_STARTED,SVG_REQUIRED_MISSING,SVG_REQUIRED_MISSING,COORDINATE_OR_GEOMETRY_STRUCTURE|TABLE_OR_MATRIX_STRUCTURE,,VISUAL_CANDIDATE,NO_PROBLEM_VISUAL,REVIEW_REQUIRED,NONE,NOT_STARTED,,,,NOT_STARTED,NOT_STARTED,NOT_STARTED,NOT_TESTED,PASS,canonical_and_compiled_master_match,INVENTORY_PENDING,01_scope_inventory.csv#archive/exams/original/high/h1/1final/23_팔마고_1학기_기말_고1_기출.js|23_팔마고_1학기_기말_고1_기출|1,,INDEX_RECORD_PRESENT,original/high/h1/1final/23_팔마고_1학기_기말_고1_기출.js_1,0536598d92911264aa13ff7ba0b7c3e90ec2c26edd45137b78bcac71faab4c07,true,②,IN_SCOPE_FORWARD,,,CLOSED_NO_SHARED_ASSET
archive/exams/original/high/h1/1final/23_팔마고_1학기_기말_고1_기출.js|23_팔마고_1학기_기말_고1_기출|21,archive/exams/original/high/h1/1final/23_팔마고_1학기_기말_고1_기출.js,23_팔마고_1학기_기말_고1_기출,21,21,21,2015,수학(상),H15-SA-09,평면좌표,9,H15-SA-09-COORDINATE_METRIC,좌표와 거리,category_or_cue_inferred,complete_category,서술형,grid,false,서술형|도형|평면좌표|증명,88b18d21ba0e1c53dea167a0022acc1207bd6ef29f284c3769cc6cbbde58931b,4f53cda18c2baa0c0354bb5f9a3ecbe5ed12ab4d8e11ba873c2f11161202b945,a606dab6bdf4a4382bcb6370bfbbb0ed52d5b3b4e1401501c147f05a4fce1df3,6170757d847efc5ec04144705ba217274f0e72a1035cc78268f103bdd2ab8575,,,assets/images/23_팔마고_1학기_기말_고1_기출/q21-solution.svg,87de491598b3ff301fd082c15e01308c1c517e84420b44ebae42e7557e182c73,0,LOADED_VM,,NOT_STARTED,NOT_STARTED,NOT_STARTED,SOURCE_REVIEW,SOURCE_REVIEW,COORDINATE_OR_GEOMETRY_STRUCTURE|TABLE_OR_MATRIX_STRUCTURE,,SVG,NO_PROBLEM_VISUAL,REVIEW_REQUIRED,SOLUTION_SVG,NOT_STARTED,,,c1ef032474ab6fa39a7497725d68801a3d154378aa3acc4fae206453e3104580,NOT_STARTED,NOT_STARTED,NOT_STARTED,NOT_TESTED,PASS,canonical_and_compiled_master_match,INVENTORY_PENDING,01_scope_inventory.csv#archive/exams/original/high/h1/1final/23_팔마고_1학기_기말_고1_기출.js|23_팔마고_1학기_기말_고1_기출|21,[object Object],INDEX_RECORD_PRESENT,original/high/h1/1final/23_팔마고_1학기_기말_고1_기출.js_21,0536598d92911264aa13ff7ba0b7c3e90ec2c26edd45137b78bcac71faab4c07,true,증명,IN_SCOPE_FORWARD,,,CLOSED_NO_SHARED_ASSET
archive/exams/original/high/h1/1final/24_금당고_1학기_기말_고1_기출.js|24_금당고_1학기_기말_고1_기출|2,archive/exams/original/high/h1/1final/24_금당고_1학기_기말_고1_기출.js,24_금당고_1학기_기말_고1_기출,2,2,2,2015,수학(상),H15-SA-09,평면좌표,9,H15-SA-09-COORDINATE_METRIC,좌표와 거리,category_or_cue_inferred,complete_category,객관식,grid,false,,d4b2b6fb88fbdf21a35b2382cf968ec943c3661a39e214ffac20a1a2d4eb92f7,ff782081a4cc25de5ebd8fdb3b10e93e0a2a8b181fb4cabb15c6d4c8f83c7224,0bdef091c479702584f065d3a3714f8a76f851b3f0cf10912f345a5dd930b0a8,0a0398ddd7a4cf461576d5dd06fd5f9b1d0632522a7de10a48ecd1a1df70ef3b,,,,,0,LOADED_VM,,NOT_STARTED,NOT_STARTED,NOT_STARTED,SVG_REQUIRED_MISSING,SVG_REQUIRED_MISSING,COORDINATE_OR_GEOMETRY_STRUCTURE|TABLE_OR_MATRIX_STRUCTURE,,VISUAL_CANDIDATE,NO_PROBLEM_VISUAL,REVIEW_REQUIRED,NONE,NOT_STARTED,,,,NOT_STARTED,NOT_STARTED,NOT_STARTED,NOT_TESTED,PASS,canonical_and_compiled_master_match,INVENTORY_PENDING,01_scope_inventory.csv#archive/exams/original/high/h1/1final/24_금당고_1학기_기말_고1_기출.js|24_금당고_1학기_기말_고1_기출|2,,INDEX_RECORD_PRESENT,original/high/h1/1final/24_금당고_1학기_기말_고1_기출.js_2,7240952c798ac9650218ce775dee041b4040d9b5db0e3e072906b84d4c281580,true,⑤,IN_SCOPE_FORWARD,,,CLOSED_NO_SHARED_ASSET
archive/exams/original/high/h1/1final/24_금당고_1학기_기말_고1_기출.js|24_금당고_1학기_기말_고1_기출|3,archive/exams/original/high/h1/1final/24_금당고_1학기_기말_고1_기출.js,24_금당고_1학기_기말_고1_기출,3,3,3,2015,수학(상),H15-SA-09,평면좌표,9,H15-SA-09-COORDINATE_METRIC,좌표와 거리,category_or_cue_inferred,complete_category,객관식,grid,false,,e2fe54274e4699a77566faee13193efcd629b2ea6d5b98ab275581eb83e0c7bd,a542e66ad81f031f8f5d3e15cfe9e984acaa339ba072265d7d3ec072665042a9,dfde05a3668030e99ca64d8d4ae5f6b64c7a87cee61c0ba43904b92ef210191d,99a0342e91e1627bd7b9f8bcdc910491d8544359daedf15edf01ad345a56d0c6,,,,,0,LOADED_VM,,NOT_STARTED,NOT_STARTED,NOT_STARTED,SVG_REQUIRED_MISSING,SVG_REQUIRED_MISSING,COORDINATE_OR_GEOMETRY_STRUCTURE|TABLE_OR_MATRIX_STRUCTURE,,VISUAL_CANDIDATE,NO_PROBLEM_VISUAL,REVIEW_REQUIRED,NONE,NOT_STARTED,,,,NOT_STARTED,NOT_STARTED,NOT_STARTED,NOT_TESTED,PASS,canonical_and_compiled_master_match,INVENTORY_PENDING,01_scope_inventory.csv#archive/exams/original/high/h1/1final/24_금당고_1학기_기말_고1_기출.js|24_금당고_1학기_기말_고1_기출|3,,INDEX_RECORD_PRESENT,original/high/h1/1final/24_금당고_1학기_기말_고1_기출.js_3,7240952c798ac9650218ce775dee041b4040d9b5db0e3e072906b84d4c281580,true,②,IN_SCOPE_FORWARD,,,CLOSED_NO_SHARED_ASSET
archive/exams/original/high/h1/1final/24_금당고_1학기_기말_고1_기출.js|24_금당고_1학기_기말_고1_기출|15,archive/exams/original/high/h1/1final/24_금당고_1학기_기말_고1_기출.js,24_금당고_1학기_기말_고1_기출,15,15,15,2015,수학(상),H15-SA-09,평면좌표,9,H15-SA-09-COORDINATE_METRIC,좌표와 거리,category_or_cue_inferred,complete_category,객관식,grid,false,도형,a9cef013908721160cec10c970b44935036a1bb50efaffe09ff3b8dbe519372b,16a37789718039dedcaab6802f45a23213496f5fc7ca9b8c1bfcfe518aca8f9b,0bdef091c479702584f065d3a3714f8a76f851b3f0cf10912f345a5dd930b0a8,9b6af6beb38eaab304b29abdb8384df4b32a6626691b01d2565ea4e8575808eb,,,assets/images/24_금당고_1학기_기말_고1_기출/q15-solution.svg,5b8817c68b1303808478a7252079f903c2310356b55284b34eb491b5d27ac432,0,LOADED_VM,,NOT_STARTED,NOT_STARTED,NOT_STARTED,SOURCE_REVIEW,SOURCE_REVIEW,COORDINATE_OR_GEOMETRY_STRUCTURE|TABLE_OR_MATRIX_STRUCTURE,,SVG,NO_PROBLEM_VISUAL,REVIEW_REQUIRED,SOLUTION_SVG,NOT_STARTED,,,e7095c31117f0d08bad122b6855b127146b354c7773e2e920f746bfaac75fbe2,NOT_STARTED,NOT_STARTED,NOT_STARTED,NOT_TESTED,PASS,canonical_and_compiled_master_match,INVENTORY_PENDING,01_scope_inventory.csv#archive/exams/original/high/h1/1final/24_금당고_1학기_기말_고1_기출.js|24_금당고_1학기_기말_고1_기출|15,[object Object],INDEX_RECORD_PRESENT,original/high/h1/1final/24_금당고_1학기_기말_고1_기출.js_15,7240952c798ac9650218ce775dee041b4040d9b5db0e3e072906b84d4c281580,true,⑤,IN_SCOPE_FORWARD,,,CLOSED_NO_SHARED_ASSET
archive/exams/original/high/h1/1final/24_금당고_1학기_기말_고1_기출.js|24_금당고_1학기_기말_고1_기출|17,archive/exams/original/high/h1/1final/24_금당고_1학기_기말_고1_기출.js,24_금당고_1학기_기말_고1_기출,17,17,17,2015,수학(상),H15-SA-09,평면좌표,9,H15-SA-09-TRIANGLE_CENTROID_AREA,삼각형의 좌표와 무게중심,category_or_cue_inferred,complete_category,객관식,grid,false,도형,90cf30781153cf9cefd44db950ff5f06779d6e4b2d241ff4d9ac9c5ca0e95cf9,15c63c602bb9d8e26609b835a6586a2f38a7b2dbe98ff5f8c4b9a5112f50c069,973d2fd2f97e26a666f403b12da6d87e527985b36bcf4ff0a47c7e7e8c36321a,21e65df6c862bcf226c410355c5074a67a34a636b317576c044d970363cddb75,,,assets/images/24_금당고_1학기_기말_고1_기출/q17-solution.svg,2afdfc6ef31dc261c64a6aba5b672ad2bef1ffb53566215d810fb51e23fac27d,0,LOADED_VM,,NOT_STARTED,NOT_STARTED,NOT_STARTED,SOURCE_REVIEW,SOURCE_REVIEW,COORDINATE_OR_GEOMETRY_STRUCTURE|TABLE_OR_MATRIX_STRUCTURE,,SVG,NO_PROBLEM_VISUAL,REVIEW_REQUIRED,SOLUTION_SVG,NOT_STARTED,,,3ef70c851689cbef5a8d095c73fae4da9dccec661b885a1bd2cf31d95a2a403f,NOT_STARTED,NOT_STARTED,NOT_STARTED,NOT_TESTED,PASS,canonical_and_compiled_master_match,INVENTORY_PENDING,01_scope_inventory.csv#archive/exams/original/high/h1/1final/24_금당고_1학기_기말_고1_기출.js|24_금당고_1학기_기말_고1_기출|17,[object Object],INDEX_RECORD_PRESENT,original/high/h1/1final/24_금당고_1학기_기말_고1_기출.js_17,7240952c798ac9650218ce775dee041b4040d9b5db0e3e072906b84d4c281580,true,①,IN_SCOPE_FORWARD,,,CLOSED_NO_SHARED_ASSET
archive/exams/original/high/h1/1final/24_금당고_1학기_기말_고1_기출.js|24_금당고_1학기_기말_고1_기출|19,archive/exams/original/high/h1/1final/24_금당고_1학기_기말_고1_기출.js,24_금당고_1학기_기말_고1_기출,19,19,19,2015,수학(상),H15-SA-09,평면좌표,9,H15-SA-09-TRIANGLE_CENTROID_AREA,삼각형의 좌표와 무게중심,category_or_cue_inferred,complete_category,서술형,grid,false,서술형,246f74a71cb7b3047006364f37db53eebe487b3427f55287ac7327284a973272,4f53cda18c2baa0c0354bb5f9a3ecbe5ed12ab4d8e11ba873c2f11161202b945,359838ee74d589aa9efec912358de190b6e3f67a5a109996a9c66f37ad845e55,c08ad811ff1ee4e443dee9e654cd6d9ad7ed4392f805cc82b9aed03334e8083c,,,,,0,LOADED_VM,,NOT_STARTED,NOT_STARTED,NOT_STARTED,SVG_REQUIRED_MISSING,SVG_REQUIRED_MISSING,COORDINATE_OR_GEOMETRY_STRUCTURE|TABLE_OR_MATRIX_STRUCTURE,,VISUAL_CANDIDATE,NO_PROBLEM_VISUAL,REVIEW_REQUIRED,NONE,NOT_STARTED,,,,NOT_STARTED,NOT_STARTED,NOT_STARTED,NOT_TESTED,PASS,canonical_and_compiled_master_match,INVENTORY_PENDING,01_scope_inventory.csv#archive/exams/original/high/h1/1final/24_금당고_1학기_기말_고1_기출.js|24_금당고_1학기_기말_고1_기출|19,,INDEX_RECORD_PRESENT,original/high/h1/1final/24_금당고_1학기_기말_고1_기출.js_19,7240952c798ac9650218ce775dee041b4040d9b5db0e3e072906b84d4c281580,true,$13$,IN_SCOPE_FORWARD,,,CLOSED_NO_SHARED_ASSET
archive/exams/original/high/h1/1final/24_매산고_1학기_기말_고1_기출.js|24_매산고_1학기_기말_고1_기출|3,archive/exams/original/high/h1/1final/24_매산고_1학기_기말_고1_기출.js,24_매산고_1학기_기말_고1_기출,3,3,3,2015,수학(상),H15-SA-09,평면좌표,9,H15-SA-09-COORDINATE_METRIC,좌표와 거리,category_or_cue_inferred,complete_category,객관식,grid,false,객관식|평면좌표|거리,7837b02bb43cdca11247e858841d2c6b8a8a7375a1588d7b9a3037853360e16c,8d2dc1f4e21a32192734f2d74ec3d632db7000b19dc03d77c0e1c71ead215ce3,b15be6cb71072b84f7e1e198ce023fc5bb8b1e625335904ddcf3cffcd8b7312b,b560b2684b267aff14371ae76c9e5aa62cf7a895802a2f3e7383c52c638f1ab7,,,,,0,LOADED_VM,,NOT_STARTED,NOT_STARTED,NOT_STARTED,SVG_REQUIRED_MISSING,SVG_REQUIRED_MISSING,COORDINATE_OR_GEOMETRY_STRUCTURE|TABLE_OR_MATRIX_STRUCTURE,,VISUAL_CANDIDATE,NO_PROBLEM_VISUAL,REVIEW_REQUIRED,NONE,NOT_STARTED,,,,NOT_STARTED,NOT_STARTED,NOT_STARTED,NOT_TESTED,PASS,canonical_and_compiled_master_match,INVENTORY_PENDING,01_scope_inventory.csv#archive/exams/original/high/h1/1final/24_매산고_1학기_기말_고1_기출.js|24_매산고_1학기_기말_고1_기출|3,,INDEX_RECORD_PRESENT,original/high/h1/1final/24_매산고_1학기_기말_고1_기출.js_3,2eadfbee7666dece7241c576d98571d62221da570c665cf63364fb8e3105d7f3,true,③,IN_SCOPE_FORWARD,,,CLOSED_NO_SHARED_ASSET
archive/exams/original/high/h1/1final/24_매산고_1학기_기말_고1_기출.js|24_매산고_1학기_기말_고1_기출|4,archive/exams/original/high/h1/1final/24_매산고_1학기_기말_고1_기출.js,24_매산고_1학기_기말_고1_기출,4,4,4,2015,수학(상),H15-SA-09,평면좌표,9,H15-SA-09-COORDINATE_METRIC,좌표와 거리,category_or_cue_inferred,complete_category,객관식,grid,false,객관식|내분점|외분점|도형,e605f92ba1f4262fda9d467bcc71ba09752f08c53be2fc861f71a8fd2360dfe3,e04ee10333d6bbbdbb51f863501c18e83977f32c64388b468519ecd80ea09089,973d2fd2f97e26a666f403b12da6d87e527985b36bcf4ff0a47c7e7e8c36321a,897d0afe8ace1f7c9334829da2cc91bb2bcc5aa5783ae1937800b4a5be1ddf91,,,assets/images/24_매산고_1학기_기말_고1_기출/q04-solution.svg,929c5ae9793355c1c58fd28053e9d8bfaa07a3be79e00f8443d50c953bb3b6a1,0,LOADED_VM,,NOT_STARTED,NOT_STARTED,NOT_STARTED,SOURCE_REVIEW,SOURCE_REVIEW,COORDINATE_OR_GEOMETRY_STRUCTURE|SET_OR_LOGIC_STRUCTURE|TABLE_OR_MATRIX_STRUCTURE,,SVG,NO_PROBLEM_VISUAL,REVIEW_REQUIRED,SOLUTION_SVG,NOT_STARTED,,,cdc08c3f4e5b7dd767c0d10ffe84c045d237a3342cac748d8d41004f8d3d9a2f,NOT_STARTED,NOT_STARTED,NOT_STARTED,NOT_TESTED,PASS,canonical_and_compiled_master_match,INVENTORY_PENDING,01_scope_inventory.csv#archive/exams/original/high/h1/1final/24_매산고_1학기_기말_고1_기출.js|24_매산고_1학기_기말_고1_기출|4,[object Object],INDEX_RECORD_PRESENT,original/high/h1/1final/24_매산고_1학기_기말_고1_기출.js_4,2eadfbee7666dece7241c576d98571d62221da570c665cf63364fb8e3105d7f3,true,①,IN_SCOPE_FORWARD,,,CLOSED_NO_SHARED_ASSET
archive/exams/original/high/h1/1final/24_매산고_1학기_기말_고1_기출.js|24_매산고_1학기_기말_고1_기출|8,archive/exams/original/high/h1/1final/24_매산고_1학기_기말_고1_기출.js,24_매산고_1학기_기말_고1_기출,8,8,8,2015,수학(상),H15-SA-09,평면좌표,9,H15-SA-09-COORDINATE_METRIC,좌표와 거리,category_or_cue_inferred,complete_category,객관식,grid,false,객관식|평면좌표|최솟값,665928333dd68e84253214236bfe2ec5290431783c5f5d4eed0fcc4f6b333c99,5e68939a07eaedcea5172e849fc91e201ce748ed7ae2fcfac568c211b2a0dc89,0bdef091c479702584f065d3a3714f8a76f851b3f0cf10912f345a5dd930b0a8,ac58ef64a68b8e3106db327ec19442048257e0ba5271ba80e7564b1f56acb2b4,,,,,0,LOADED_VM,,NOT_STARTED,NOT_STARTED,NOT_STARTED,SVG_REQUIRED_MISSING,SVG_REQUIRED_MISSING,COORDINATE_OR_GEOMETRY_STRUCTURE|TABLE_OR_MATRIX_STRUCTURE,,VISUAL_CANDIDATE,NO_PROBLEM_VISUAL,REVIEW_REQUIRED,NONE,NOT_STARTED,,,,NOT_STARTED,NOT_STARTED,NOT_STARTED,NOT_TESTED,PASS,canonical_and_compiled_master_match,INVENTORY_PENDING,01_scope_inventory.csv#archive/exams/original/high/h1/1final/24_매산고_1학기_기말_고1_기출.js|24_매산고_1학기_기말_고1_기출|8,,INDEX_RECORD_PRESENT,original/high/h1/1final/24_매산고_1학기_기말_고1_기출.js_8,2eadfbee7666dece7241c576d98571d62221da570c665cf63364fb8e3105d7f3,true,⑤,IN_SCOPE_FORWARD,,,CLOSED_NO_SHARED_ASSET
archive/exams/original/high/h1/1final/24_매산고_1학기_기말_고1_기출.js|24_매산고_1학기_기말_고1_기출|12,archive/exams/original/high/h1/1final/24_매산고_1학기_기말_고1_기출.js,24_매산고_1학기_기말_고1_기출,12,12,12,2015,수학(상),H15-SA-09,평면좌표,9,H15-SA-09-COORDINATE_METRIC,좌표와 거리,category_or_cue_inferred,complete_category,객관식,grid,false,객관식|평면좌표|삼각형넓이|도형,a9d73acd6345ec3e47b725f6ce7b875d3c658109ad1fd3a2ee4f8f4eba147218,f36d5b99631836fa8f02c4849519f04204969a1115add3ca6cb981d0a09cc6b0,d41ea6521f53fb3dfa10cf72e2932f4405d9c999fa422cdc840d25d57e90dd34,0e94ea38d479ef1bbdba880837c2eb2f350ea55aece4c5dd4f885773acf3ee04,,,assets/images/24_매산고_1학기_기말_고1_기출/q12-solution.svg,48913de76c09bbac727c8d980154e13ccca415ed2de9ff6c7189b76585a74d3b,0,LOADED_VM,,NOT_STARTED,NOT_STARTED,NOT_STARTED,SOURCE_REVIEW,SOURCE_REVIEW,COORDINATE_OR_GEOMETRY_STRUCTURE|TABLE_OR_MATRIX_STRUCTURE,,SVG,NO_PROBLEM_VISUAL,REVIEW_REQUIRED,SOLUTION_SVG,NOT_STARTED,,,76efc4e14502c4b52309316dbae6109b04a600faba003f9ba2864b8167b39ac7,NOT_STARTED,NOT_STARTED,NOT_STARTED,NOT_TESTED,PASS,canonical_and_compiled_master_match,INVENTORY_PENDING,01_scope_inventory.csv#archive/exams/original/high/h1/1final/24_매산고_1학기_기말_고1_기출.js|24_매산고_1학기_기말_고1_기출|12,[object Object],INDEX_RECORD_PRESENT,original/high/h1/1final/24_매산고_1학기_기말_고1_기출.js_12,2eadfbee7666dece7241c576d98571d62221da570c665cf63364fb8e3105d7f3,true,④,IN_SCOPE_FORWARD,,,CLOSED_NO_SHARED_ASSET
archive/exams/original/high/h1/1final/24_매산고_1학기_기말_고1_기출.js|24_매산고_1학기_기말_고1_기출|20,archive/exams/original/high/h1/1final/24_매산고_1학기_기말_고1_기출.js,24_매산고_1학기_기말_고1_기출,20,20,20,2015,수학(상),H15-SA-09,평면좌표,9,H15-SA-09-LOCUS_RATIO,거리 조건과 자취,category_or_cue_inferred,complete_category,서술형,grid,false,서술형|평면좌표|거리|자취|도형,4bef537ddf82d8ee203dbfc3134e6fc6eed2c37fb3fd6f5bed445f66292e74b3,4f53cda18c2baa0c0354bb5f9a3ecbe5ed12ab4d8e11ba873c2f11161202b945,eeff2984f885ae6e0abfcdeeed2a00f37ad63da062d9a9f4a65ea440a1fce9f1,1c971e722ae80c9fa2e74f6b8019be151ff0c0b3d70a1f2170a5564a2811ab28,,,assets/images/24_매산고_1학기_기말_고1_기출/q20-solution.svg,401541f40f45a7419da547d9ff29c4eae9c0f42cb5c77a03aca5abdd56caa3fe,0,LOADED_VM,,NOT_STARTED,NOT_STARTED,NOT_STARTED,SOURCE_REVIEW,SOURCE_REVIEW,COORDINATE_OR_GEOMETRY_STRUCTURE|TABLE_OR_MATRIX_STRUCTURE,,SVG,NO_PROBLEM_VISUAL,REVIEW_REQUIRED,SOLUTION_SVG,NOT_STARTED,,,0264776a631dc9904e48e8a60472387e4257c4c9d6c8e9f913ea8798f29b6cc4,NOT_STARTED,NOT_STARTED,NOT_STARTED,NOT_TESTED,PASS,canonical_and_compiled_master_match,INVENTORY_PENDING,01_scope_inventory.csv#archive/exams/original/high/h1/1final/24_매산고_1학기_기말_고1_기출.js|24_매산고_1학기_기말_고1_기출|20,[object Object],INDEX_RECORD_PRESENT,original/high/h1/1final/24_매산고_1학기_기말_고1_기출.js_20,2eadfbee7666dece7241c576d98571d62221da570c665cf63364fb8e3105d7f3,true,"(1) 증명, (2) $25\pi$",IN_SCOPE_FORWARD,,,CLOSED_NO_SHARED_ASSET
archive/exams/original/high/h1/1mid/23_충무고_1학기_중간_고1_기출.js|23_충무고_1학기_중간_고1_기출|17,archive/exams/original/high/h1/1mid/23_충무고_1학기_중간_고1_기출.js,23_충무고_1학기_중간_고1_기출,17,17,17,2015,수학(상),H15-SA-09,평면좌표,9,H15-SA-09-GEOMETRY_RELATION,도형의 관계,candidate_evidence,complete_candidate,객관식,grid,false,객관식|제곱근|근호|도형|삼각형|원|넓이,9a2b7638464755cd1b28241a9e11de889da529302faa4aeb87e1f0d212fa09ac,3a2bd943c5c5de0c0db920d05bfba291711b3fb5820c197d68e3580d4bf7ec79,dfde05a3668030e99ca64d8d4ae5f6b64c7a87cee61c0ba43904b92ef210191d,1d7e2d2c37411c8ae2aafba6e4821295f819c76522872bc8df94ccbb680682ab,,,,,0,LOADED_VM,,NOT_STARTED,NOT_STARTED,NOT_STARTED,SVG_REQUIRED_MISSING,SVG_REQUIRED_MISSING,COORDINATE_OR_GEOMETRY_STRUCTURE|TABLE_OR_MATRIX_STRUCTURE,,VISUAL_CANDIDATE,NO_PROBLEM_VISUAL,REVIEW_REQUIRED,NONE,NOT_STARTED,,,,NOT_STARTED,NOT_STARTED,NOT_STARTED,NOT_TESTED,PASS,canonical_and_compiled_master_match,INVENTORY_PENDING,01_scope_inventory.csv#archive/exams/original/high/h1/1mid/23_충무고_1학기_중간_고1_기출.js|23_충무고_1학기_중간_고1_기출|17,,INDEX_RECORD_PRESENT,original/high/h1/1mid/23_충무고_1학기_중간_고1_기출.js_17,84c6ba6012840087472cb4fb19c4ceb5c17c952dbb839781b0a36cc0ec41e4f4,true,②,IN_SCOPE_FORWARD,,,CLOSED_NO_SHARED_ASSET
archive/exams/original/high/h1/1mid/24_제일고_1학기_중간_고1_기출.js|24_제일고_1학기_중간_고1_수학|10,archive/exams/original/high/h1/1mid/24_제일고_1학기_중간_고1_기출.js,24_제일고_1학기_중간_고1_수학,10,10,10,2022,공통수학2,H22-C2-01,평면좌표,1,H22-C2-01-COORDINATE_METRIC,평면좌표와 거리,category_or_cue_inferred,complete_category,객관식,grid,false,객관식|제곱근|근호|도형|표해석|좌표|실생활|조건해석,400aea1a0a7a513c4afb5a594c59c94d5b77fc5460ebf60d6f55012c80b07617,fa30d1174ba3a630b6b95559926dd21fb36c233ecbbaaa991ee3734deb76add4,dfde05a3668030e99ca64d8d4ae5f6b64c7a87cee61c0ba43904b92ef210191d,dc62c35a4b7607abbb2eb54fc27d50f1f204f6253e29f252e56cf6d8f202aa22,,,,,0,LOADED_VM,,NOT_STARTED,NOT_STARTED,NOT_STARTED,SVG_REQUIRED_MISSING,SVG_REQUIRED_MISSING,COORDINATE_OR_GEOMETRY_STRUCTURE|TABLE_OR_MATRIX_STRUCTURE,,VISUAL_CANDIDATE,NO_PROBLEM_VISUAL,REVIEW_REQUIRED,NONE,NOT_STARTED,,,,NOT_STARTED,NOT_STARTED,NOT_STARTED,NOT_TESTED,PASS,canonical_and_compiled_master_match,INVENTORY_PENDING,01_scope_inventory.csv#archive/exams/original/high/h1/1mid/24_제일고_1학기_중간_고1_기출.js|24_제일고_1학기_중간_고1_수학|10,,INDEX_RECORD_PRESENT,original/high/h1/1mid/24_제일고_1학기_중간_고1_기출.js_10,a4fd9346dac6975e395fd6ebea29773b013f5cd40783ede93b895b2817993fe0,true,②,IN_SCOPE_FORWARD,,,CLOSED_NO_SHARED_ASSET
archive/exams/original/high/h1/1mid/24_제일고_1학기_중간_고1_기출.js|24_제일고_1학기_중간_고1_수학|11,archive/exams/original/high/h1/1mid/24_제일고_1학기_중간_고1_기출.js,24_제일고_1학기_중간_고1_수학,11,11,11,2022,공통수학2,H22-C2-01,평면좌표,1,H22-C2-01-COORDINATE_METRIC,평면좌표와 거리,category_or_cue_inferred,complete_category,객관식,grid,false,객관식|도형|표해석|좌표|조건해석|계산,d1ff01facc2700f8a2d3fa62f04d7e0fadb33b4b8197da42ec64e5056e388065,583d4f8b36222c8b427e80cac545a13bdb41be1368bbfe25055202abbb9b4e9f,b15be6cb71072b84f7e1e198ce023fc5bb8b1e625335904ddcf3cffcd8b7312b,ff4965bf9554868cff16a1df130ccd1e19c9146cc8a0c62a7fe1a676b79c0e19,,,,,0,LOADED_VM,,NOT_STARTED,NOT_STARTED,NOT_STARTED,SVG_REQUIRED_MISSING,SVG_REQUIRED_MISSING,COORDINATE_OR_GEOMETRY_STRUCTURE|TABLE_OR_MATRIX_STRUCTURE,,VISUAL_CANDIDATE,NO_PROBLEM_VISUAL,REVIEW_REQUIRED,NONE,NOT_STARTED,,,,NOT_STARTED,NOT_STARTED,NOT_STARTED,NOT_TESTED,PASS,canonical_and_compiled_master_match,INVENTORY_PENDING,01_scope_inventory.csv#archive/exams/original/high/h1/1mid/24_제일고_1학기_중간_고1_기출.js|24_제일고_1학기_중간_고1_수학|11,,INDEX_RECORD_PRESENT,original/high/h1/1mid/24_제일고_1학기_중간_고1_기출.js_11,a4fd9346dac6975e395fd6ebea29773b013f5cd40783ede93b895b2817993fe0,true,③,IN_SCOPE_FORWARD,,,CLOSED_NO_SHARED_ASSET
archive/exams/original/high/h1/1mid/24_제일고_1학기_중간_고1_기출.js|24_제일고_1학기_중간_고1_수학|12,archive/exams/original/high/h1/1mid/24_제일고_1학기_중간_고1_기출.js,24_제일고_1학기_중간_고1_수학,12,12,12,2022,공통수학2,H22-C2-01,평면좌표,1,H22-C2-01-COORDINATE_METRIC,평면좌표와 거리,category_or_cue_inferred,complete_category,객관식,grid,false,객관식|도형|표해석|좌표|실생활|참거짓|조건해석|개념,fcf2ed36f0c62c105840ad0f5dc5166d2922d2da2c84251afe7e57f36b7b3abd,28237566b8070eeeaa6d5540a9855db69b190124fb35555d909c1cb4014b4db6,d41ea6521f53fb3dfa10cf72e2932f4405d9c999fa422cdc840d25d57e90dd34,3fda6e4f5b0f215a78417909ebfa115501a78af3f83d786f1bd936e6c4a6e202,assets/images/24_제일고_1학기_중간_고1_기출/q12.png,a59138d2bb521fcbcf857edbc62f39fef21f0ba77cb8e00a6452ce02fb0ecd38,assets/images/24_제일고_1학기_중간_고1_기출/q12-solution.svg,f041bf529b22576d32d7b3d702ec118809ce563e42a488e3c6c0eda6a0cc6eba,0,LOADED_VM,,NOT_STARTED,NOT_STARTED,NOT_STARTED,SOURCE_REVIEW,SOURCE_REVIEW,COORDINATE_OR_GEOMETRY_STRUCTURE|TABLE_OR_MATRIX_STRUCTURE,,SVG,PROBLEM_VISUAL_PRESENT,REVIEW_REQUIRED,SOLUTION_SVG,NOT_STARTED,,,a6c3bbeb726a7620ff2eec993c5f5d2e3348570710b2f05c3928e6c978f817a8,NOT_STARTED,NOT_STARTED,NOT_STARTED,NOT_TESTED,PASS,canonical_and_compiled_master_match,INVENTORY_PENDING,01_scope_inventory.csv#archive/exams/original/high/h1/1mid/24_제일고_1학기_중간_고1_기출.js|24_제일고_1학기_중간_고1_수학|12,[object Object]|[object Object],INDEX_RECORD_PRESENT,original/high/h1/1mid/24_제일고_1학기_중간_고1_기출.js_12,a4fd9346dac6975e395fd6ebea29773b013f5cd40783ede93b895b2817993fe0,true,④,IN_SCOPE_FORWARD,,,CLOSED_NO_SHARED_ASSET
archive/exams/original/high/h1/1mid/24_제일고_1학기_중간_고1_기출.js|24_제일고_1학기_중간_고1_수학|13,archive/exams/original/high/h1/1mid/24_제일고_1학기_중간_고1_기출.js,24_제일고_1학기_중간_고1_수학,13,13,13,2022,공통수학2,H22-C2-01,평면좌표,1,H22-C2-01-COORDINATE_METRIC,평면좌표와 거리,category_or_cue_inferred,complete_category,객관식,grid,false,객관식|제곱근|근호|최대최소|도형|표해석|좌표|실생활,9f47fe6f01ebc416599b560aaff483cbad796169af0cc2cfe516f54601fdf12a,af1edcc39c2686f7268a9415bfde000cdb2b92cb450346a4628240c80ea9e9e0,dfde05a3668030e99ca64d8d4ae5f6b64c7a87cee61c0ba43904b92ef210191d,9ed9e1a8954de46c401abcee660cf0a7d7d17af6c1e5e04d546c3cbc08a496a2,,,,,0,LOADED_VM,,NOT_STARTED,NOT_STARTED,NOT_STARTED,SVG_REQUIRED_MISSING,SVG_REQUIRED_MISSING,COORDINATE_OR_GEOMETRY_STRUCTURE|TABLE_OR_MATRIX_STRUCTURE,,VISUAL_CANDIDATE,NO_PROBLEM_VISUAL,REVIEW_REQUIRED,NONE,NOT_STARTED,,,,NOT_STARTED,NOT_STARTED,NOT_STARTED,NOT_TESTED,PASS,canonical_and_compiled_master_match,INVENTORY_PENDING,01_scope_inventory.csv#archive/exams/original/high/h1/1mid/24_제일고_1학기_중간_고1_기출.js|24_제일고_1학기_중간_고1_수학|13,,INDEX_RECORD_PRESENT,original/high/h1/1mid/24_제일고_1학기_중간_고1_기출.js_13,a4fd9346dac6975e395fd6ebea29773b013f5cd40783ede93b895b2817993fe0,true,②,IN_SCOPE_FORWARD,,,CLOSED_NO_SHARED_ASSET
archive/exams/original/high/h1/1mid/24_제일고_1학기_중간_고1_기출.js|24_제일고_1학기_중간_고1_수학|18,archive/exams/original/high/h1/1mid/24_제일고_1학기_중간_고1_기출.js,24_제일고_1학기_중간_고1_수학,18,18,18,2022,공통수학2,H22-C2-01,평면좌표,1,H22-C2-01-COORDINATE_METRIC,평면좌표와 거리,category_or_cue_inferred,complete_category,객관식,grid,false,객관식|최대최소|도형|삼각형|표해석|좌표|실생활|조건해석,048b7cc24dd19950b5db2cd55a5fd1c7aabb6d0258d3d33174e4937b58081574,80ec8497e90ebf627e294a598eee2963b96fd69aae59683ba04f2258220db616,d41ea6521f53fb3dfa10cf72e2932f4405d9c999fa422cdc840d25d57e90dd34,0f0869880029848ac0399ada2cd4ac1767dea7e6bd1af5a920ff0aade6c5f6e3,assets/images/24_제일고_1학기_중간_고1_기출/q18.png,b4d8f9747905f0a451cbf19ba5b23244666e318f449446d9f4e33037a1d05737,assets/images/24_제일고_1학기_중간_고1_기출/q18-solution.svg,d69eba08c6f5c1b603977b4654e6301dddfdab828d01f92f4590df9d3454dd6e,0,LOADED_VM,,NOT_STARTED,NOT_STARTED,NOT_STARTED,SOURCE_REVIEW,SOURCE_REVIEW,COORDINATE_OR_GEOMETRY_STRUCTURE|TABLE_OR_MATRIX_STRUCTURE,,SVG,PROBLEM_VISUAL_PRESENT,REVIEW_REQUIRED,SOLUTION_SVG,NOT_STARTED,,,7b96785ba02b3acd5d193954943f7d3e4cfd90debdec0f2b3b8455306d37cfdf,NOT_STARTED,NOT_STARTED,NOT_STARTED,NOT_TESTED,PASS,canonical_and_compiled_master_match,INVENTORY_PENDING,01_scope_inventory.csv#archive/exams/original/high/h1/1mid/24_제일고_1학기_중간_고1_기출.js|24_제일고_1학기_중간_고1_수학|18,[object Object]|[object Object],INDEX_RECORD_PRESENT,original/high/h1/1mid/24_제일고_1학기_중간_고1_기출.js_18,a4fd9346dac6975e395fd6ebea29773b013f5cd40783ede93b895b2817993fe0,true,④,IN_SCOPE_FORWARD,,,CLOSED_NO_SHARED_ASSET
archive/exams/original/high/h1/2final/21_제일고_2학기_기말_고1_기출.js|21_제일고_2학기_기말_고1_기출|3,archive/exams/original/high/h1/2final/21_제일고_2학기_기말_고1_기출.js,21_제일고_2학기_기말_고1_기출,3,3,3,2015,수학(상),H15-SA-09,평면좌표,9,H15-SA-09-COORDINATE_METRIC,좌표와 거리,category_or_cue_inferred,complete_category,객관식,grid,false,평면좌표|내분점,a91335101f2579d5e6dfc1bf912ef803d727075e23d62fc936e2c65a8c84c07b,33df25322b696566a74a473e6940f30d5f9cef7ece09c5631ef8d9de89413abe,d41ea6521f53fb3dfa10cf72e2932f4405d9c999fa422cdc840d25d57e90dd34,82159edb8a4cbae1cfcce13c88c57e05ede6d61679594255449da4648635504f,,,,,0,LOADED_VM,,NOT_STARTED,NOT_STARTED,NOT_STARTED,SVG_REQUIRED_MISSING,SVG_REQUIRED_MISSING,COORDINATE_OR_GEOMETRY_STRUCTURE|TABLE_OR_MATRIX_STRUCTURE,,VISUAL_CANDIDATE,NO_PROBLEM_VISUAL,REVIEW_REQUIRED,NONE,NOT_STARTED,,,,NOT_STARTED,NOT_STARTED,NOT_STARTED,NOT_TESTED,PASS,canonical_and_compiled_master_match,INVENTORY_PENDING,01_scope_inventory.csv#archive/exams/original/high/h1/2final/21_제일고_2학기_기말_고1_기출.js|21_제일고_2학기_기말_고1_기출|3,,INDEX_RECORD_PRESENT,original/high/h1/2final/21_제일고_2학기_기말_고1_기출.js_3,426b55ce2065cb61891d63d4f7300f3b640734b606b882d696e014c0ce9343ac,true,④,IN_SCOPE_FORWARD,,,CLOSED_NO_SHARED_ASSET
archive/exams/original/high/h1/2mid/22_강남여고_2학기_중간_고1_기출.js|22_강남여고_2학기_중간_고1_기출|1,archive/exams/original/high/h1/2mid/22_강남여고_2학기_중간_고1_기출.js,22_강남여고_2학기_중간_고1_기출,1,1,1,2015,수학(상),H15-SA-09,평면좌표,9,H15-SA-09-COORDINATE_METRIC,좌표와 거리,category_or_cue_inferred,complete_category,객관식,grid,false,객관식|평면좌표|두점사이거리|미지수,352ce79fda5acf6dd262953e311966c171e28ab8cdf815a38be46461f529bdae,ff782081a4cc25de5ebd8fdb3b10e93e0a2a8b181fb4cabb15c6d4c8f83c7224,0bdef091c479702584f065d3a3714f8a76f851b3f0cf10912f345a5dd930b0a8,c2bee65baf13db8ac35c080077792eee59b712ac0741fcfa64e7a2eb2898a6fa,,,,,0,LOADED_VM,,NOT_STARTED,NOT_STARTED,NOT_STARTED,SVG_REQUIRED_MISSING,SVG_REQUIRED_MISSING,COORDINATE_OR_GEOMETRY_STRUCTURE|TABLE_OR_MATRIX_STRUCTURE,,VISUAL_CANDIDATE,NO_PROBLEM_VISUAL,REVIEW_REQUIRED,NONE,NOT_STARTED,,,,NOT_STARTED,NOT_STARTED,NOT_STARTED,NOT_TESTED,PASS,canonical_and_compiled_master_match,INVENTORY_PENDING,01_scope_inventory.csv#archive/exams/original/high/h1/2mid/22_강남여고_2학기_중간_고1_기출.js|22_강남여고_2학기_중간_고1_기출|1,,INDEX_RECORD_PRESENT,original/high/h1/2mid/22_강남여고_2학기_중간_고1_기출.js_1,c33a906b5582c5caa49f7a6b75c5cca91b1d7e8ea53b1ebc598e2223d13e86b5,true,⑤,IN_SCOPE_FORWARD,,,CLOSED_NO_SHARED_ASSET
archive/exams/original/high/h1/2mid/22_강남여고_2학기_중간_고1_기출.js|22_강남여고_2학기_중간_고1_기출|5,archive/exams/original/high/h1/2mid/22_강남여고_2학기_중간_고1_기출.js,22_강남여고_2학기_중간_고1_기출,5,5,5,2015,수학(상),H15-SA-09,평면좌표,9,H15-SA-09-GEOMETRY_EQUATION,도형의 방정식,category_or_cue_inferred,complete_category,객관식,grid,false,객관식|평면좌표|외분점|직선|도형,1827c3116b4263dde8ef098b954b578d21c8a7aa577b1a9603ed09d949eb30cf,d601fd23445f2769d635c0f649aaf6d04b385a7d56c029a78b68ab105d958e27,973d2fd2f97e26a666f403b12da6d87e527985b36bcf4ff0a47c7e7e8c36321a,c87b27edb23da25e62cf68c839278d98a79b080ca6344369d1dc57d66cc41420,,,assets/images/22_강남여고_2학기_중간_고1_기출/q05-solution.svg,87cdd3faef8bcd2e00f00c1046fc4f6ab45513e26d1598ef81730151502fa04b,0,LOADED_VM,,NOT_STARTED,NOT_STARTED,NOT_STARTED,SOURCE_REVIEW,SOURCE_REVIEW,COORDINATE_OR_GEOMETRY_STRUCTURE|TABLE_OR_MATRIX_STRUCTURE,,SVG,NO_PROBLEM_VISUAL,REVIEW_REQUIRED,SOLUTION_SVG,NOT_STARTED,,,538e3433802c95c6feff271c44e80ad2563443d2ae7213b9a435f41a46a6e7bd,NOT_STARTED,NOT_STARTED,NOT_STARTED,NOT_TESTED,PASS,canonical_and_compiled_master_match,INVENTORY_PENDING,01_scope_inventory.csv#archive/exams/original/high/h1/2mid/22_강남여고_2학기_중간_고1_기출.js|22_강남여고_2학기_중간_고1_기출|5,[object Object],INDEX_RECORD_PRESENT,original/high/h1/2mid/22_강남여고_2학기_중간_고1_기출.js_5,c33a906b5582c5caa49f7a6b75c5cca91b1d7e8ea53b1ebc598e2223d13e86b5,true,①,IN_SCOPE_FORWARD,,,CLOSED_NO_SHARED_ASSET
archive/exams/original/high/h1/2mid/22_강남여고_2학기_중간_고1_기출.js|22_강남여고_2학기_중간_고1_기출|6,archive/exams/original/high/h1/2mid/22_강남여고_2학기_중간_고1_기출.js,22_강남여고_2학기_중간_고1_기출,6,6,6,2015,수학(상),H15-SA-09,평면좌표,9,H15-SA-09-COORDINATE_METRIC,좌표와 거리,category_or_cue_inferred,complete_category,객관식,grid,false,객관식|평면좌표|마름모|중점|수직|원문오류|검토필요,1d0a5b3711c98b8833729c976f7e32daaa21b67f4e50a748409d502956850606,f92ae3bcbd05dd2dc2bc092575506965ac20937bcf6ab9bb06dbd7d693f7482e,2896c9997828dadaf898d158898802911337d468d3aa902246c1ae7e34b485ef,f13bce7e10eb69f0dd1e98b2658a9fd562830da798c6097b7fdfa772f1dab0fb,,,,,0,LOADED_VM,,NOT_STARTED,NOT_STARTED,NOT_STARTED,SVG_REQUIRED_MISSING,SVG_REQUIRED_MISSING,COORDINATE_OR_GEOMETRY_STRUCTURE|COUNTING_STRUCTURE|TABLE_OR_MATRIX_STRUCTURE,,VISUAL_CANDIDATE,NO_PROBLEM_VISUAL,REVIEW_REQUIRED,NONE,NOT_STARTED,,,,NOT_STARTED,NOT_STARTED,NOT_STARTED,NOT_TESTED,PASS,canonical_and_compiled_master_match,INVENTORY_PENDING,01_scope_inventory.csv#archive/exams/original/high/h1/2mid/22_강남여고_2학기_중간_고1_기출.js|22_강남여고_2학기_중간_고1_기출|6,,INDEX_RECORD_PRESENT,original/high/h1/2mid/22_강남여고_2학기_중간_고1_기출.js_6,c33a906b5582c5caa49f7a6b75c5cca91b1d7e8ea53b1ebc598e2223d13e86b5,true,"③, ⑤",IN_SCOPE_FORWARD,,,CLOSED_NO_SHARED_ASSET
archive/exams/original/high/h1/2mid/23_순천여고_2학기_중간_고1_기출.js|23_순천여고_2학기_중간_고1_기출|16,archive/exams/original/high/h1/2mid/23_순천여고_2학기_중간_고1_기출.js,23_순천여고_2학기_중간_고1_기출,16,16,16,2015,수학(상),H15-SA-09,평면좌표,9,H15-SA-09-COORDINATE_METRIC,좌표와 거리,category_or_cue_inferred,complete_category,객관식,grid,false,객관식|평면좌표|선분|산술기하평균|최댓값,d7b3ba082882c7352731af62621b2fd1aa9012c38a776a4e349a425bfc139be1,6f84e1f0192c6eb4cef7d1f62a2da6ee0b89fafd824fc3a8320eecb9ac343d30,d41ea6521f53fb3dfa10cf72e2932f4405d9c999fa422cdc840d25d57e90dd34,75940be840e0c84359def34b2c1dce6c6c2a6243f2e46defab792e7b73951a4e,,,,,0,LOADED_VM,,NOT_STARTED,NOT_STARTED,NOT_STARTED,SVG_REQUIRED_MISSING,SVG_REQUIRED_MISSING,COORDINATE_OR_GEOMETRY_STRUCTURE|TABLE_OR_MATRIX_STRUCTURE,,VISUAL_CANDIDATE,NO_PROBLEM_VISUAL,REVIEW_REQUIRED,NONE,NOT_STARTED,,,,NOT_STARTED,NOT_STARTED,NOT_STARTED,NOT_TESTED,PASS,canonical_and_compiled_master_match,INVENTORY_PENDING,01_scope_inventory.csv#archive/exams/original/high/h1/2mid/23_순천여고_2학기_중간_고1_기출.js|23_순천여고_2학기_중간_고1_기출|16,,INDEX_RECORD_PRESENT,original/high/h1/2mid/23_순천여고_2학기_중간_고1_기출.js_16,9bcfa3983ea6a07d3b7527152076e5d33ba525545554681074dd8f02d5101db5,true,④,IN_SCOPE_FORWARD,,,CLOSED_NO_SHARED_ASSET
archive/exams/original/high/h1/2mid/24_금당고_2학기_중간_고1_기출.js|24_금당고_2학기_중간_고1_기출|16,archive/exams/original/high/h1/2mid/24_금당고_2학기_중간_고1_기출.js,24_금당고_2학기_중간_고1_기출,16,16,16,2015,수학(상),H15-SA-09,평면좌표,9,H15-SA-09-GEOMETRY_APPLICATION,도형의 방정식 활용,category_or_cue_inferred,complete_category,객관식,grid,false,객관식|삼각형의 넓이|사각형|최솟값|도형,b361cf2d8540d0ad651fe63d891c0bda920a14fc2ab9ad42c3a87e8aac9c3b54,26fc651c9a3392a0028993aaabeb0a1575373c80db781af98d90fd54119dc10e,d41ea6521f53fb3dfa10cf72e2932f4405d9c999fa422cdc840d25d57e90dd34,b953c7dc92eb8bcebeef7b93f8b14b46bb697d973c770d151b931d9c45a0d259,assets/images/24_금당고_2학기_중간_고1_기출/q16.png,18375da43f6e72ba1ac9aa045ca5f2d65c774141df990862e56e46b2aadaf358,assets/images/24_금당고_2학기_중간_고1_기출/q16-solution.svg,ea58de639c8a93ae83ef9be937aea2e815abe32d811f40a6944c59a8d68d9c0a,0,LOADED_VM,,NOT_STARTED,NOT_STARTED,NOT_STARTED,SOURCE_REVIEW,SOURCE_REVIEW,COORDINATE_OR_GEOMETRY_STRUCTURE|TABLE_OR_MATRIX_STRUCTURE,,SVG,PROBLEM_VISUAL_PRESENT,REVIEW_REQUIRED,SOLUTION_SVG,NOT_STARTED,,,d489bcd3e860300c7277f1d987cef17f7b889be3ddc77b16a4bcd9100d45a082,NOT_STARTED,NOT_STARTED,NOT_STARTED,NOT_TESTED,PASS,canonical_and_compiled_master_match,INVENTORY_PENDING,01_scope_inventory.csv#archive/exams/original/high/h1/2mid/24_금당고_2학기_중간_고1_기출.js|24_금당고_2학기_중간_고1_기출|16,[object Object]|[object Object],INDEX_RECORD_PRESENT,original/high/h1/2mid/24_금당고_2학기_중간_고1_기출.js_16,d180b2755ba1dcaef165b5c350b9a0c4b027669f6d56f0a2c7746b03b185d1e1,true,④,IN_SCOPE_FORWARD,,,CLOSED_NO_SHARED_ASSET
archive/exams/original/high/h1/2mid/24_금당고_2학기_중간_고1_기출.js|24_금당고_2학기_중간_고1_기출|20,archive/exams/original/high/h1/2mid/24_금당고_2학기_중간_고1_기출.js,24_금당고_2학기_중간_고1_기출,20,20,20,2015,수학(상),H15-SA-09,평면좌표,9,H15-SA-09-GEOMETRY_EQUATION,도형의 방정식,category_or_cue_inferred,complete_category,서술형,grid,false,서술형|대칭이동|최단거리|점과 직선 사이의 거리|도형,03362660b7ccb2bd8ab82d787196402e1cc0f555142a5d9e5afbb1d56cb13f61,4f53cda18c2baa0c0354bb5f9a3ecbe5ed12ab4d8e11ba873c2f11161202b945,129502071edb7786617c527000b36935af8226d6254ca1bfa75514345e4225c4,f9c3e0fbcef4cc38adc3db4434923a099e77c3a1242d6e53812d0870bf0c78a8,assets/images/24_금당고_2학기_중간_고1_기출/q20.png,8e2751c5eaebe4ff5978fe8ffc05782121732ddc6731474b4159cdb81819f723,assets/images/24_금당고_2학기_중간_고1_기출/q20-solution.svg,ea5ed227cd1057f0ec25fb43f33c430f0e53f323872d18f2fc89ac1497e16f32,0,LOADED_VM,,NOT_STARTED,NOT_STARTED,NOT_STARTED,SOURCE_REVIEW,SOURCE_REVIEW,COORDINATE_OR_GEOMETRY_STRUCTURE|TABLE_OR_MATRIX_STRUCTURE,,SVG,PROBLEM_VISUAL_PRESENT,REVIEW_REQUIRED,SOLUTION_SVG,NOT_STARTED,,,341ba89d856b6ae06dbdca3dea50d2beff9092b0a36eada09e7248aca37e099d,NOT_STARTED,NOT_STARTED,NOT_STARTED,NOT_TESTED,PASS,canonical_and_compiled_master_match,INVENTORY_PENDING,01_scope_inventory.csv#archive/exams/original/high/h1/2mid/24_금당고_2학기_중간_고1_기출.js|24_금당고_2학기_중간_고1_기출|20,[object Object]|[object Object],INDEX_RECORD_PRESENT,original/high/h1/2mid/24_금당고_2학기_중간_고1_기출.js_20,d180b2755ba1dcaef165b5c350b9a0c4b027669f6d56f0a2c7746b03b185d1e1,true,$15$,IN_SCOPE_FORWARD,,,CLOSED_NO_SHARED_ASSET
archive/exams/original/high/h1/2mid/25_금당고_2학기_중간_고1_기출.js|25_금당고_2학기_중간_고1_기출|1,archive/exams/original/high/h1/2mid/25_금당고_2학기_중간_고1_기출.js,25_금당고_2학기_중간_고1_기출,1,1,1,2022,공통수학2,H22-C2-01,평면좌표,1,H22-C2-01-COORDINATE_METRIC,평면좌표와 거리,category_or_cue_inferred,complete_category,객관식,grid,false,객관식|평면좌표|내분점,ff7d6715920a5c3fee4b061b8fe945c31595895072909d0884ded40513ea04b5,ebb443eccdb14874856e0eb5c7b00fa4c968eb3566927473c4dc87d7b7b4719a,0bdef091c479702584f065d3a3714f8a76f851b3f0cf10912f345a5dd930b0a8,94aed5114c33d463f8e955b7109de40f13cf40857925fbfa7af75a3ad4388a3b,,,,,0,LOADED_VM,,NOT_STARTED,NOT_STARTED,NOT_STARTED,SVG_REQUIRED_MISSING,SVG_REQUIRED_MISSING,COORDINATE_OR_GEOMETRY_STRUCTURE|TABLE_OR_MATRIX_STRUCTURE,,VISUAL_CANDIDATE,NO_PROBLEM_VISUAL,REVIEW_REQUIRED,NONE,NOT_STARTED,,,,NOT_STARTED,NOT_STARTED,NOT_STARTED,NOT_TESTED,PASS,canonical_and_compiled_master_match,INVENTORY_PENDING,01_scope_inventory.csv#archive/exams/original/high/h1/2mid/25_금당고_2학기_중간_고1_기출.js|25_금당고_2학기_중간_고1_기출|1,,INDEX_RECORD_PRESENT,original/high/h1/2mid/25_금당고_2학기_중간_고1_기출.js_1,e0159164ccdd95c2b3f007051433ed8a5636f22089ca827120703d4485fd8f21,true,⑤,IN_SCOPE_FORWARD,,,CLOSED_NO_SHARED_ASSET
archive/exams/original/high/h1/2mid/25_금당고_2학기_중간_고1_기출.js|25_금당고_2학기_중간_고1_기출|7,archive/exams/original/high/h1/2mid/25_금당고_2학기_중간_고1_기출.js,25_금당고_2학기_중간_고1_기출,7,7,7,2022,공통수학2,H22-C2-01,평면좌표,1,H22-C2-01-COORDINATE_METRIC,평면좌표와 거리,category_or_cue_inferred,complete_category,객관식,grid,false,객관식|평면좌표|두 점 사이의 거리,d6e8bdc35b988667560981fcc0324b491fc2e9778296de11a6293c7ad47a2f52,73035d28516db06882d46bbf4566cbb71762d31877d4008b35621f269581c120,973d2fd2f97e26a666f403b12da6d87e527985b36bcf4ff0a47c7e7e8c36321a,3b325eeeb33453ac3fbeaa2cf195bb2b88509fe12fbd5aef03f119a853f74dcc,,,,,0,LOADED_VM,,NOT_STARTED,NOT_STARTED,NOT_STARTED,SVG_REQUIRED_MISSING,SVG_REQUIRED_MISSING,COORDINATE_OR_GEOMETRY_STRUCTURE|TABLE_OR_MATRIX_STRUCTURE,,VISUAL_CANDIDATE,NO_PROBLEM_VISUAL,REVIEW_REQUIRED,NONE,NOT_STARTED,,,,NOT_STARTED,NOT_STARTED,NOT_STARTED,NOT_TESTED,PASS,canonical_and_compiled_master_match,INVENTORY_PENDING,01_scope_inventory.csv#archive/exams/original/high/h1/2mid/25_금당고_2학기_중간_고1_기출.js|25_금당고_2학기_중간_고1_기출|7,,INDEX_RECORD_PRESENT,original/high/h1/2mid/25_금당고_2학기_중간_고1_기출.js_7,e0159164ccdd95c2b3f007051433ed8a5636f22089ca827120703d4485fd8f21,true,①,IN_SCOPE_FORWARD,,,CLOSED_NO_SHARED_ASSET
archive/exams/original/high/h1/2mid/25_금당고_2학기_중간_고1_기출.js|25_금당고_2학기_중간_고1_기출|9,archive/exams/original/high/h1/2mid/25_금당고_2학기_중간_고1_기출.js,25_금당고_2학기_중간_고1_기출,9,9,9,2022,공통수학2,H22-C2-01,평면좌표,1,H22-C2-01-COORDINATE_METRIC,평면좌표와 거리,category_or_cue_inferred,complete_category,객관식,grid,false,객관식|평면좌표|무게중심|각의 이등분선,85b6f801251235c9f83fe83f829dacd8e8ae5030e53b2e80e94bc58ab891fb02,3cc19e370a6671b60f17396fd032ed6593aa1547f8af80d6ab8d949018911b5e,d41ea6521f53fb3dfa10cf72e2932f4405d9c999fa422cdc840d25d57e90dd34,ac0a3424413ee2919f0142eb233486cb14f36c4f5e875418ae41b83093366bfb,,,,,0,LOADED_VM,,NOT_STARTED,NOT_STARTED,NOT_STARTED,SVG_REQUIRED_MISSING,SVG_REQUIRED_MISSING,COORDINATE_OR_GEOMETRY_STRUCTURE|TABLE_OR_MATRIX_STRUCTURE,,VISUAL_CANDIDATE,NO_PROBLEM_VISUAL,REVIEW_REQUIRED,NONE,NOT_STARTED,,,,NOT_STARTED,NOT_STARTED,NOT_STARTED,NOT_TESTED,PASS,canonical_and_compiled_master_match,INVENTORY_PENDING,01_scope_inventory.csv#archive/exams/original/high/h1/2mid/25_금당고_2학기_중간_고1_기출.js|25_금당고_2학기_중간_고1_기출|9,,INDEX_RECORD_PRESENT,original/high/h1/2mid/25_금당고_2학기_중간_고1_기출.js_9,e0159164ccdd95c2b3f007051433ed8a5636f22089ca827120703d4485fd8f21,true,④,IN_SCOPE_FORWARD,,,CLOSED_NO_SHARED_ASSET
archive/exams/original/high/h1/2mid/25_금당고_2학기_중간_고1_기출.js|25_금당고_2학기_중간_고1_기출|10,archive/exams/original/high/h1/2mid/25_금당고_2학기_중간_고1_기출.js,25_금당고_2학기_중간_고1_기출,10,10,10,2022,공통수학2,H22-C2-01,평면좌표,1,H22-C2-01-COORDINATE_METRIC,평면좌표와 거리,category_or_cue_inferred,complete_category,객관식,grid,false,객관식|평면좌표|정사각형|도형,c62d9e847b6aca5dc60e54e1d455691349680bf39635eafe46ae69e29cb9de03,bccd4c4c299545859026496c37f51396caccdb7236b10d6700daa7fd1bcc7d18,0bdef091c479702584f065d3a3714f8a76f851b3f0cf10912f345a5dd930b0a8,c7f829ba91df3cb529ca02240e92bcfdf57c2be3aca0f08df695b582b7b09079,,,assets/images/25_금당고_2학기_중간_고1_기출/q10-solution.svg,032daf3dc110c1bbfd25357f8ad94bda7533422d215d65c910aaab56def5d255,0,LOADED_VM,,NOT_STARTED,NOT_STARTED,NOT_STARTED,SOURCE_REVIEW,SOURCE_REVIEW,COORDINATE_OR_GEOMETRY_STRUCTURE|TABLE_OR_MATRIX_STRUCTURE,,SVG,NO_PROBLEM_VISUAL,REVIEW_REQUIRED,SOLUTION_SVG,NOT_STARTED,,,ca34125c90a6981ffdfe187b02e2f8c5fa5264742f482fe473c6f38770139bd9,NOT_STARTED,NOT_STARTED,NOT_STARTED,NOT_TESTED,PASS,canonical_and_compiled_master_match,INVENTORY_PENDING,01_scope_inventory.csv#archive/exams/original/high/h1/2mid/25_금당고_2학기_중간_고1_기출.js|25_금당고_2학기_중간_고1_기출|10,[object Object],INDEX_RECORD_PRESENT,original/high/h1/2mid/25_금당고_2학기_중간_고1_기출.js_10,e0159164ccdd95c2b3f007051433ed8a5636f22089ca827120703d4485fd8f21,true,⑤,IN_SCOPE_FORWARD,,,CLOSED_NO_SHARED_ASSET
archive/exams/original/high/h1/2mid/25_매산고_2학기_중간_고1_기출.js|25_매산고_2학기_중간_고1_기출|9,archive/exams/original/high/h1/2mid/25_매산고_2학기_중간_고1_기출.js,25_매산고_2학기_중간_고1_기출,9,9,9,2022,공통수학2,H22-C2-01,평면좌표,1,H22-C2-01-COORDINATE_METRIC,평면좌표와 거리,category_or_cue_inferred,complete_category,객관식,grid,false,객관식|평면좌표|내분점|수직인 직선|도형,12da3d0315f67d442ac83f4682ce5ded6feea18a1a70f722e1c096d7d6e5a16e,92d0408e83242f628b902ed389c58e1d4be3ab9fe4fde9986def2821dcf31539,b15be6cb71072b84f7e1e198ce023fc5bb8b1e625335904ddcf3cffcd8b7312b,e708e67882aaff83f4ac608aec7528d40eda0f61a362c6cbc0ce360797235e25,,,assets/images/25_매산고_2학기_중간_고1_기출/q09-solution.svg,24c6f21ae84e9202a35b03e58464da7ab2b380dd3d910f9e1de2cc6e4756ac46,0,LOADED_VM,,NOT_STARTED,NOT_STARTED,NOT_STARTED,SOURCE_REVIEW,SOURCE_REVIEW,COORDINATE_OR_GEOMETRY_STRUCTURE|TABLE_OR_MATRIX_STRUCTURE,,SVG,NO_PROBLEM_VISUAL,REVIEW_REQUIRED,SOLUTION_SVG,NOT_STARTED,,,d306289389f3b9bb9c904ba14686aa11f72b0f28ef1ec0db831653a44c862615,NOT_STARTED,NOT_STARTED,NOT_STARTED,NOT_TESTED,PASS,canonical_and_compiled_master_match,INVENTORY_PENDING,01_scope_inventory.csv#archive/exams/original/high/h1/2mid/25_매산고_2학기_중간_고1_기출.js|25_매산고_2학기_중간_고1_기출|9,[object Object],INDEX_RECORD_PRESENT,original/high/h1/2mid/25_매산고_2학기_중간_고1_기출.js_9,44ae64cfff4180dd9768c51f05e2939ed037ef0031d1baaf3184a03a3d2d4984,true,③,IN_SCOPE_FORWARD,,,CLOSED_NO_SHARED_ASSET
archive/exams/original/high/h1/2mid/25_매산고_2학기_중간_고1_기출.js|25_매산고_2학기_중간_고1_기출|16,archive/exams/original/high/h1/2mid/25_매산고_2학기_중간_고1_기출.js,25_매산고_2학기_중간_고1_기출,16,16,16,2022,공통수학2,H22-C2-01,평면좌표,1,H22-C2-01-COORDINATE_METRIC,평면좌표와 거리,category_or_cue_inferred,complete_category,단답형,grid,false,단답형|평면좌표|두 점 사이의 거리,9f99f0a7823a043c742425bde14c6c136a59e221bc7e5aaed49af5ba5e642751,4f53cda18c2baa0c0354bb5f9a3ecbe5ed12ab4d8e11ba873c2f11161202b945,b3782ed1fb6fb2604e9d19dbb3a8740f50e987e9987ed3bfec5718527122fdea,b02f64496513c4f45e6759e8f7c3d20860b7179533deaeb5d143bee76ec2177e,,,,,0,LOADED_VM,,NOT_STARTED,NOT_STARTED,NOT_STARTED,SVG_REQUIRED_MISSING,SVG_REQUIRED_MISSING,COORDINATE_OR_GEOMETRY_STRUCTURE|TABLE_OR_MATRIX_STRUCTURE,,VISUAL_CANDIDATE,NO_PROBLEM_VISUAL,REVIEW_REQUIRED,NONE,NOT_STARTED,,,,NOT_STARTED,NOT_STARTED,NOT_STARTED,NOT_TESTED,PASS,canonical_and_compiled_master_match,INVENTORY_PENDING,01_scope_inventory.csv#archive/exams/original/high/h1/2mid/25_매산고_2학기_중간_고1_기출.js|25_매산고_2학기_중간_고1_기출|16,,INDEX_RECORD_PRESENT,original/high/h1/2mid/25_매산고_2학기_중간_고1_기출.js_16,44ae64cfff4180dd9768c51f05e2939ed037ef0031d1baaf3184a03a3d2d4984,true,$7$,IN_SCOPE_FORWARD,,,CLOSED_NO_SHARED_ASSET
archive/exams/original/high/h1/2mid/25_순천고_2학기_중간_고1_기출.js|25_순천고_2학기_중간_고1_기출|3,archive/exams/original/high/h1/2mid/25_순천고_2학기_중간_고1_기출.js,25_순천고_2학기_중간_고1_기출,3,3,3,2022,공통수학2,H22-C2-01,평면좌표,1,H22-C2-01-COORDINATE_METRIC,평면좌표와 거리,category_or_cue_inferred,complete_category,객관식,grid,false,객관식|평면좌표|평행사변형|좌표|도형,6406c9d3dfcdc5c508864f6ab7b81a74746507a0b35e9bdcd897e4e054653b81,d02f9dca9a49f2d178f8fa8f5a891bb53879998fca0fc7888e584b39ebc40f52,973d2fd2f97e26a666f403b12da6d87e527985b36bcf4ff0a47c7e7e8c36321a,f9c09bfbda2ac5338dc9bc90d42d0671b1df96e739e2ed2b4d90635b4f71e4e3,,,assets/images/25_순천고_2학기_중간_고1_기출/q03-solution.svg,7d4774bc726d528cc13dc5d6b43903377f4672406753c7880b8664eb183028f1,0,LOADED_VM,,NOT_STARTED,NOT_STARTED,NOT_STARTED,SOURCE_REVIEW,SOURCE_REVIEW,COORDINATE_OR_GEOMETRY_STRUCTURE|TABLE_OR_MATRIX_STRUCTURE,,SVG,NO_PROBLEM_VISUAL,REVIEW_REQUIRED,SOLUTION_SVG,NOT_STARTED,,,9b994241d06511af8cb079051185b1d592a64de93e666acb47db516a94bb3dd6,NOT_STARTED,NOT_STARTED,NOT_STARTED,NOT_TESTED,PASS,canonical_and_compiled_master_match,INVENTORY_PENDING,01_scope_inventory.csv#archive/exams/original/high/h1/2mid/25_순천고_2학기_중간_고1_기출.js|25_순천고_2학기_중간_고1_기출|3,[object Object],INDEX_RECORD_PRESENT,original/high/h1/2mid/25_순천고_2학기_중간_고1_기출.js_3,5c07f41210824eec17a7faa25d7922670eff32238bbc38b1de15340e828f0242,true,①,IN_SCOPE_FORWARD,,,CLOSED_NO_SHARED_ASSET
archive/exams/original/high/h1/2mid/25_순천여고_2학기_중간_고1_공통수학2.js|25_순천여고_2학기_중간_고1_공통수학2|2,archive/exams/original/high/h1/2mid/25_순천여고_2학기_중간_고1_공통수학2.js,25_순천여고_2학기_중간_고1_공통수학2,2,2,2,2022,공통수학2,H22-C2-01,평면좌표,1,H22-C2-01-COORDINATE_METRIC,평면좌표와 거리,category_or_cue_inferred,complete_category,객관식,grid,false,,df9e5f88581280a555ff5684abb316e59d9d1e2cee6ca14b75b8c648a80fde3f,cdad6cc74af4bff6b0160fc9df343f6d2ace465180e4e574249b0ff72b05b732,dfde05a3668030e99ca64d8d4ae5f6b64c7a87cee61c0ba43904b92ef210191d,c3028d64774db5b28a3b3f6b9c05e93ce3abf52c492f845376e31b8c418edc2c,,,,,0,LOADED_VM,,NOT_STARTED,NOT_STARTED,NOT_STARTED,SVG_REQUIRED_MISSING,SVG_REQUIRED_MISSING,COORDINATE_OR_GEOMETRY_STRUCTURE|TABLE_OR_MATRIX_STRUCTURE,,VISUAL_CANDIDATE,NO_PROBLEM_VISUAL,REVIEW_REQUIRED,NONE,NOT_STARTED,,,,NOT_STARTED,NOT_STARTED,NOT_STARTED,NOT_TESTED,PASS,canonical_and_compiled_master_match,INVENTORY_PENDING,01_scope_inventory.csv#archive/exams/original/high/h1/2mid/25_순천여고_2학기_중간_고1_공통수학2.js|25_순천여고_2학기_중간_고1_공통수학2|2,,INDEX_RECORD_PRESENT,original/high/h1/2mid/25_순천여고_2학기_중간_고1_공통수학2.js_2,4dd7d35fd70b2ae0d758eb909565c2cd0f9c54d2893da96a20d18bc4d63e6e26,true,②,IN_SCOPE_FORWARD,,,CLOSED_NO_SHARED_ASSET
archive/exams/original/high/h1/2mid/25_순천여고_2학기_중간_고1_공통수학2.js|25_순천여고_2학기_중간_고1_공통수학2|3,archive/exams/original/high/h1/2mid/25_순천여고_2학기_중간_고1_공통수학2.js,25_순천여고_2학기_중간_고1_공통수학2,3,3,3,2022,공통수학2,H22-C2-01,평면좌표,1,H22-C2-01-COORDINATE_METRIC,평면좌표와 거리,category_or_cue_inferred,complete_category,객관식,grid,false,,59406ac9d5569f19302f5e60ccffbd9ee1dd3fd9e8eaa562b76b0e0f89c92785,fd86bf0c313011569fd155d77e0934f40c9c23affc8d8b1356dee3e1ea8708af,d41ea6521f53fb3dfa10cf72e2932f4405d9c999fa422cdc840d25d57e90dd34,ece2c927ab5f29fb0fcfcb24cdedb75c5dfc9d44bb40637e7742a60614bf006a,,,,,0,LOADED_VM,,NOT_STARTED,NOT_STARTED,NOT_STARTED,SVG_REQUIRED_MISSING,SVG_REQUIRED_MISSING,COORDINATE_OR_GEOMETRY_STRUCTURE|TABLE_OR_MATRIX_STRUCTURE,,VISUAL_CANDIDATE,NO_PROBLEM_VISUAL,REVIEW_REQUIRED,NONE,NOT_STARTED,,,,NOT_STARTED,NOT_STARTED,NOT_STARTED,NOT_TESTED,PASS,canonical_and_compiled_master_match,INVENTORY_PENDING,01_scope_inventory.csv#archive/exams/original/high/h1/2mid/25_순천여고_2학기_중간_고1_공통수학2.js|25_순천여고_2학기_중간_고1_공통수학2|3,,INDEX_RECORD_PRESENT,original/high/h1/2mid/25_순천여고_2학기_중간_고1_공통수학2.js_3,4dd7d35fd70b2ae0d758eb909565c2cd0f9c54d2893da96a20d18bc4d63e6e26,true,④,IN_SCOPE_FORWARD,,,CLOSED_NO_SHARED_ASSET
archive/exams/original/high/h1/2mid/25_순천여고_2학기_중간_고1_공통수학2.js|25_순천여고_2학기_중간_고1_공통수학2|8,archive/exams/original/high/h1/2mid/25_순천여고_2학기_중간_고1_공통수학2.js,25_순천여고_2학기_중간_고1_공통수학2,8,8,8,2022,공통수학2,H22-C2-01,평면좌표,1,H22-C2-01-COORDINATE_METRIC,평면좌표와 거리,category_or_cue_inferred,complete_category,객관식,grid,false,도형,32ca153aa5056446bbc7f1fac3a61bef71f29e11f3e31f06bafeaafd458ef80b,56366fe6fc2cc029f8f2a7c4b7617feeec3087a53a28bce3fa846985a9ef0a0d,d41ea6521f53fb3dfa10cf72e2932f4405d9c999fa422cdc840d25d57e90dd34,c39d6fcc167e7e174d19572718eaf112a330bfc3ef22ace6a50b2e0000658f43,assets/images/25_순천여고_2학기_중간_고1_공통수학2/q8.png,8cab81a884f5a8a457ed732dedf03350d8bade19274233c658e1bf1012dfdc72,assets/images/25_순천여고_2학기_중간_고1_공통수학2/q08-solution.svg,2f28d2f6e33689fbfd1acb7749a68b659c8f864abaa9bba54a556d6333250e91,0,LOADED_VM,,NOT_STARTED,NOT_STARTED,NOT_STARTED,SOURCE_REVIEW,SOURCE_REVIEW,COORDINATE_OR_GEOMETRY_STRUCTURE|TABLE_OR_MATRIX_STRUCTURE,,SVG,PROBLEM_VISUAL_PRESENT,REVIEW_REQUIRED,SOLUTION_SVG,NOT_STARTED,,,45992ada2f61c0346b43232cf11613b14da6e50e5e30581e6d7aefeb60e78177,NOT_STARTED,NOT_STARTED,NOT_STARTED,NOT_TESTED,PASS,canonical_and_compiled_master_match,INVENTORY_PENDING,01_scope_inventory.csv#archive/exams/original/high/h1/2mid/25_순천여고_2학기_중간_고1_공통수학2.js|25_순천여고_2학기_중간_고1_공통수학2|8,[object Object]|[object Object],INDEX_RECORD_PRESENT,original/high/h1/2mid/25_순천여고_2학기_중간_고1_공통수학2.js_8,4dd7d35fd70b2ae0d758eb909565c2cd0f9c54d2893da96a20d18bc4d63e6e26,true,④,IN_SCOPE_FORWARD,,,CLOSED_NO_SHARED_ASSET
archive/exams/original/high/h1/2mid/25_순천여고_2학기_중간_고1_공통수학2.js|25_순천여고_2학기_중간_고1_공통수학2|9,archive/exams/original/high/h1/2mid/25_순천여고_2학기_중간_고1_공통수학2.js,25_순천여고_2학기_중간_고1_공통수학2,9,9,9,2022,공통수학2,H22-C2-01,평면좌표,1,H22-C2-01-COORDINATE_METRIC,평면좌표와 거리,category_or_cue_inferred,complete_category,객관식,grid,false,,69d103f52aa7a408e19ddf51f5f4dcd977214846706c5a4b6ada3bbd8c4f6339,a6902d64535e64091abaf2b5b5f20685d30a6993a5fa9c728f7896c77f3f19c7,973d2fd2f97e26a666f403b12da6d87e527985b36bcf4ff0a47c7e7e8c36321a,1856433793d3b6285d651e1300851f8575253b7823f39f9d2559ec68c2de5c23,,,,,0,LOADED_VM,,NOT_STARTED,NOT_STARTED,NOT_STARTED,SVG_REQUIRED_MISSING,SVG_REQUIRED_MISSING,COORDINATE_OR_GEOMETRY_STRUCTURE|TABLE_OR_MATRIX_STRUCTURE,,VISUAL_CANDIDATE,NO_PROBLEM_VISUAL,REVIEW_REQUIRED,NONE,NOT_STARTED,,,,NOT_STARTED,NOT_STARTED,NOT_STARTED,NOT_TESTED,PASS,canonical_and_compiled_master_match,INVENTORY_PENDING,01_scope_inventory.csv#archive/exams/original/high/h1/2mid/25_순천여고_2학기_중간_고1_공통수학2.js|25_순천여고_2학기_중간_고1_공통수학2|9,,INDEX_RECORD_PRESENT,original/high/h1/2mid/25_순천여고_2학기_중간_고1_공통수학2.js_9,4dd7d35fd70b2ae0d758eb909565c2cd0f9c54d2893da96a20d18bc4d63e6e26,true,①,IN_SCOPE_FORWARD,,,CLOSED_NO_SHARED_ASSET
archive/exams/original/high/h1/2mid/25_제일고_2학기_중간_고1_기출.js|25_제일고_2학기_중간_고1_기출|10,archive/exams/original/high/h1/2mid/25_제일고_2학기_중간_고1_기출.js,25_제일고_2학기_중간_고1_기출,10,10,10,2022,공통수학2,H22-C2-01,평면좌표,1,H22-C2-01-COORDINATE_METRIC,평면좌표와 거리,category_or_cue_inferred,complete_category,객관식,grid,false,객관식|평면좌표|삼각형,09395993d6ab43b7837e1102c0bcf57ddba6748754a5eea3093c86ef1fb95e6a,667dd381aa78264c4889adea46a9425b469428b334523eec110dc6d9b3e28907,d41ea6521f53fb3dfa10cf72e2932f4405d9c999fa422cdc840d25d57e90dd34,53ea0f022f2cc118a4df310baa985b37ef613df8bb0e6f014f77487f5979b3a2,,,,,0,LOADED_VM,,NOT_STARTED,NOT_STARTED,NOT_STARTED,SVG_REQUIRED_MISSING,SVG_REQUIRED_MISSING,COORDINATE_OR_GEOMETRY_STRUCTURE|TABLE_OR_MATRIX_STRUCTURE,,VISUAL_CANDIDATE,NO_PROBLEM_VISUAL,REVIEW_REQUIRED,NONE,NOT_STARTED,,,,NOT_STARTED,NOT_STARTED,NOT_STARTED,NOT_TESTED,PASS,canonical_and_compiled_master_match,INVENTORY_PENDING,01_scope_inventory.csv#archive/exams/original/high/h1/2mid/25_제일고_2학기_중간_고1_기출.js|25_제일고_2학기_중간_고1_기출|10,,INDEX_RECORD_PRESENT,original/high/h1/2mid/25_제일고_2학기_중간_고1_기출.js_10,c93080c2c343013b5c4ede64b2fb4a5a028f24be09ac6a97d772a73f4e7cd8b4,true,④,IN_SCOPE_FORWARD,,,CLOSED_NO_SHARED_ASSET
archive/exams/original/high/h1/2mid/25_제일고_2학기_중간_고1_기출.js|25_제일고_2학기_중간_고1_기출|11,archive/exams/original/high/h1/2mid/25_제일고_2학기_중간_고1_기출.js,25_제일고_2학기_중간_고1_기출,11,11,11,2022,공통수학2,H22-C2-01,평면좌표,1,H22-C2-01-COORDINATE_METRIC,평면좌표와 거리,category_or_cue_inferred,complete_category,객관식,grid,false,객관식|평면좌표|무게중심,89e4b8dbfe5629c88851ce79748892dd3bb81f636be096e2317a2371784efee0,6ae82629187cec94799064ce9949d4656acf358026f2d9a113be53c41a69ab19,dfde05a3668030e99ca64d8d4ae5f6b64c7a87cee61c0ba43904b92ef210191d,df6abb8d22b72b86a7ef2ffeec8d3f5620c4a1a4372deb794ed01997419de326,,,,,0,LOADED_VM,,NOT_STARTED,NOT_STARTED,NOT_STARTED,SVG_REQUIRED_MISSING,SVG_REQUIRED_MISSING,COORDINATE_OR_GEOMETRY_STRUCTURE|TABLE_OR_MATRIX_STRUCTURE,,VISUAL_CANDIDATE,NO_PROBLEM_VISUAL,REVIEW_REQUIRED,NONE,NOT_STARTED,,,,NOT_STARTED,NOT_STARTED,NOT_STARTED,NOT_TESTED,PASS,canonical_and_compiled_master_match,INVENTORY_PENDING,01_scope_inventory.csv#archive/exams/original/high/h1/2mid/25_제일고_2학기_중간_고1_기출.js|25_제일고_2학기_중간_고1_기출|11,,INDEX_RECORD_PRESENT,original/high/h1/2mid/25_제일고_2학기_중간_고1_기출.js_11,c93080c2c343013b5c4ede64b2fb4a5a028f24be09ac6a97d772a73f4e7cd8b4,true,②,IN_SCOPE_FORWARD,,,CLOSED_NO_SHARED_ASSET
archive/exams/original/high/h1/2mid/25_제일고_2학기_중간_고1_기출.js|25_제일고_2학기_중간_고1_기출|20,archive/exams/original/high/h1/2mid/25_제일고_2학기_중간_고1_기출.js,25_제일고_2학기_중간_고1_기출,20,20,20,2022,공통수학2,H22-C2-01,평면좌표,1,H22-C2-01-COORDINATE_METRIC,평면좌표와 거리,rule_inferred,complete_rule,서술형,grid,false,서술형|평면좌표|거리|내분점,ccf5b5cde76f73b6e94a87b89e043aa508ce410b14434b63de376eb560ec3a79,4f53cda18c2baa0c0354bb5f9a3ecbe5ed12ab4d8e11ba873c2f11161202b945,ab98d844c5319bef44f48bcd65b174e34b8ec792523a7bba5e89d96461767276,b1f908a6c7f0f16de3fa60760b273139f639df4bd09cc9ca6b1dc0db0a84d81f,,,,,0,LOADED_VM,,NOT_STARTED,NOT_STARTED,NOT_STARTED,SVG_REQUIRED_MISSING,SVG_REQUIRED_MISSING,COORDINATE_OR_GEOMETRY_STRUCTURE|TABLE_OR_MATRIX_STRUCTURE,,VISUAL_CANDIDATE,NO_PROBLEM_VISUAL,REVIEW_REQUIRED,NONE,NOT_STARTED,,,,NOT_STARTED,NOT_STARTED,NOT_STARTED,NOT_TESTED,PASS,canonical_and_compiled_master_match,INVENTORY_PENDING,01_scope_inventory.csv#archive/exams/original/high/h1/2mid/25_제일고_2학기_중간_고1_기출.js|25_제일고_2학기_중간_고1_기출|20,,INDEX_RECORD_PRESENT,original/high/h1/2mid/25_제일고_2학기_중간_고1_기출.js_20,c93080c2c343013b5c4ede64b2fb4a5a028f24be09ac6a97d772a73f4e7cd8b4,true,"두 점 사이의 거리: $\sqrt{13}$, $P\left(\dfrac73,5\right)$",IN_SCOPE_FORWARD,,,CLOSED_NO_SHARED_ASSET
archive/exams/original/high/h1/2mid/25_효천고_2학기_중간_고1_기출.js|25_효천고_2학기_중간_고1_기출|1,archive/exams/original/high/h1/2mid/25_효천고_2학기_중간_고1_기출.js,25_효천고_2학기_중간_고1_기출,1,1,1,2022,공통수학2,H22-C2-01,평면좌표,1,H22-C2-01-COORDINATE_METRIC,평면좌표와 거리,category_or_cue_inferred,complete_category,객관식,grid,false,객관식|평면좌표|두점사이거리,79a5c5588222074893d240b7c7f96daee3403178968420722459721e49331c5f,70b67949da4bc0a98530c93679e8addb404e574e39e541d2c2e3e75005f9190b,b15be6cb71072b84f7e1e198ce023fc5bb8b1e625335904ddcf3cffcd8b7312b,1a4e682eacd9a20440c155a661046a05267438bf8cf14a38e9457662a67dc073,,,,,0,LOADED_VM,,NOT_STARTED,NOT_STARTED,NOT_STARTED,SVG_REQUIRED_MISSING,SVG_REQUIRED_MISSING,COORDINATE_OR_GEOMETRY_STRUCTURE|TABLE_OR_MATRIX_STRUCTURE,,VISUAL_CANDIDATE,NO_PROBLEM_VISUAL,REVIEW_REQUIRED,NONE,NOT_STARTED,,,,NOT_STARTED,NOT_STARTED,NOT_STARTED,NOT_TESTED,PASS,canonical_and_compiled_master_match,INVENTORY_PENDING,01_scope_inventory.csv#archive/exams/original/high/h1/2mid/25_효천고_2학기_중간_고1_기출.js|25_효천고_2학기_중간_고1_기출|1,,INDEX_RECORD_PRESENT,original/high/h1/2mid/25_효천고_2학기_중간_고1_기출.js_1,1e08c7f97fe6ae138904efeb63a60094f995208381c12799293dc37018e511da,true,③,IN_SCOPE_FORWARD,,,CLOSED_NO_SHARED_ASSET
archive/exams/original/high/h1/2mid/25_효천고_2학기_중간_고1_기출.js|25_효천고_2학기_중간_고1_기출|14,archive/exams/original/high/h1/2mid/25_효천고_2학기_중간_고1_기출.js,25_효천고_2학기_중간_고1_기출,14,14,14,2022,공통수학2,H22-C2-01,평면좌표,1,H22-C2-01-COORDINATE_METRIC,평면좌표와 거리,category_or_cue_inferred,complete_category,객관식,grid,false,객관식|삼각형|내심|각의이등분선|내분점|도형,34dafa75a6af7b4916f114c8ff89b449bd9a4473c4aabf4f2be0b9128ce726b2,fd6f0df02f97db899b0be6e89f51871649ca286865e5faa7e938df4427089a7d,d41ea6521f53fb3dfa10cf72e2932f4405d9c999fa422cdc840d25d57e90dd34,e0b9b7cb4072c5e48554dde486fae3ce5cf50ae040d049c65be7d94c6703455e,assets/images/25_효천고_2학기_중간_고1_기출/q14.png,1d7bd3386c79c7dbfd828a97c00f8366f32d58124cc52676ff4ffa574eb3c7fe,assets/images/25_효천고_2학기_중간_고1_기출/q14-solution.svg,e8a8f0c2fe84a20ec06f6cf34a50b44dbd291dae7f8496e72b6bc600407411ad,0,LOADED_VM,,NOT_STARTED,NOT_STARTED,NOT_STARTED,SOURCE_REVIEW,SOURCE_REVIEW,COORDINATE_OR_GEOMETRY_STRUCTURE|TABLE_OR_MATRIX_STRUCTURE,,SVG,PROBLEM_VISUAL_PRESENT,REVIEW_REQUIRED,SOLUTION_SVG,NOT_STARTED,,,bfed7c3528c2b8783c911de187ead8103c76985d7ffbacf734eb6939dd792b36,NOT_STARTED,NOT_STARTED,NOT_STARTED,NOT_TESTED,PASS,canonical_and_compiled_master_match,INVENTORY_PENDING,01_scope_inventory.csv#archive/exams/original/high/h1/2mid/25_효천고_2학기_중간_고1_기출.js|25_효천고_2학기_중간_고1_기출|14,[object Object]|[object Object],INDEX_RECORD_PRESENT,original/high/h1/2mid/25_효천고_2학기_중간_고1_기출.js_14,1e08c7f97fe6ae138904efeb63a60094f995208381c12799293dc37018e511da,true,④,IN_SCOPE_FORWARD,,,CLOSED_NO_SHARED_ASSET
archive/exams/original/high/h1/2mid/25_효천고_2학기_중간_고1_기출.js|25_효천고_2학기_중간_고1_기출|21,archive/exams/original/high/h1/2mid/25_효천고_2학기_중간_고1_기출.js,25_효천고_2학기_중간_고1_기출,21,21,21,2022,공통수학2,H22-C2-01,평면좌표,1,H22-C2-01-COORDINATE_METRIC,평면좌표와 거리,category_or_cue_inferred,complete_category,서술형,grid,false,서술형|평면좌표|내분점|외분점|거리의비|도형,77acda31b70677cfe8d207596d3b187c7e3dc2255a1e378ef0ab95d4052110a3,4f53cda18c2baa0c0354bb5f9a3ecbe5ed12ab4d8e11ba873c2f11161202b945,551297e2d6f19006eff802def4e0f8e7399aab6812271efca69e0adc7da6242d,b5473ef29df00c8874328cf0ae75e7aeb506d699eda71f4e06e2e719187d8f5a,,,assets/images/25_효천고_2학기_중간_고1_기출/q21-solution.svg,f32a1f39556571ebcfaa8c04404a56cb767b9bf73b319b8c3c6bdacb70057ab7,0,LOADED_VM,,NOT_STARTED,NOT_STARTED,NOT_STARTED,SOURCE_REVIEW,SOURCE_REVIEW,COORDINATE_OR_GEOMETRY_STRUCTURE|TABLE_OR_MATRIX_STRUCTURE,,SVG,NO_PROBLEM_VISUAL,REVIEW_REQUIRED,SOLUTION_SVG,NOT_STARTED,,,c2a415000027f57213758097fcbc1ae1c6308d36078c2d4b096c1a61944c454f,NOT_STARTED,NOT_STARTED,NOT_STARTED,NOT_TESTED,PASS,canonical_and_compiled_master_match,INVENTORY_PENDING,01_scope_inventory.csv#archive/exams/original/high/h1/2mid/25_효천고_2학기_중간_고1_기출.js|25_효천고_2학기_중간_고1_기출|21,[object Object],INDEX_RECORD_PRESENT,original/high/h1/2mid/25_효천고_2학기_중간_고1_기출.js_21,1e08c7f97fe6ae138904efeb63a60094f995208381c12799293dc37018e511da,true,"$(-4,0)$, $(-28,-36)$",IN_SCOPE_FORWARD,,,CLOSED_NO_SHARED_ASSET
